t,label,measured_distance_cm,sequence,vision_timestamp_ms,received_age_ms,vision_valid,vision_status,vision_error,frame_width,frame_height,action,fps,inference_ms,detection_count,detection_index,selected_target,class_id,target_type,confidence,bbox_x1,bbox_y1,bbox_x2,bbox_y2,bbox_width,bbox_height,bbox_area,bbox_area_ratio,center_x,center_y,offset_x,offset_y,model_distance_cm,sensor_valid,sensor_error,io_mask,avoid_state,avoid_reason,bad_offset_x,bad_bbox_area_ratio,left_cmd,right_cmd,motor_enabled,adc0,adc1,adc2,adc3,adc4,adc5,adc6,adc7,adc8,adc9,io0,io1,io2,io3,io4,io5,io6,io7
0.013466,bad_left_far,,,,,0,no_data_or_stale,,,,search,,,0,,,,,,,,,,,,,,,,,,,1,,238,VISION_STOP,no_data_or_stale,,,0,0,1,1155,1301,1011,1262,23,939,729,939,8,9,0,1,1,1,0,1,1,1
1.520942,bad_left_far,,1,1786864109133,7.730369000000792,1,target,,640,480,push,3.619309,170.721968,2,0,0,0,good,0.94558,556,292,640,411,84.0,119.0,9996.0,0.0325390625,598,352,0.86875,0.466667,,1,,254,AVOID_TURN_RIGHT,bad 接近画面中心，原地大转避开,-0.028125,0.1599609375,400,-400,1,1140,1284,996,1248,22,938,777,921,8,10,0,1,1,1,1,1,1,1
1.520942,bad_left_far,,1,1786864109133,7.730369000000792,1,target,,640,480,push,3.619309,170.721968,2,1,1,1,bad,0.951999,181,291,441,480,260.0,189.0,49140.0,0.1599609375,311,386,-0.028125,0.608333,,1,,254,AVOID_TURN_RIGHT,bad 接近画面中心，原地大转避开,-0.028125,0.1599609375,400,-400,1,1140,1284,996,1248,22,938,777,921,8,10,0,1,1,1,1,1,1,1
1.702356,bad_left_far,,2,1786864109306,15.901766000069983,1,target,,640,480,push,4.444993,170.897983,2,0,0,0,good,0.945683,557,291,640,411,83.0,120.0,9960.0,0.032421875,599,351,0.871875,0.4625,,1,,254,AVOID_TURN_RIGHT,bad 接近画面中心，原地大转避开,-0.028125,0.15911458333333334,400,-400,1,1125,1268,984,1231,23,940,777,937,8,10,0,1,1,1,1,1,1,1
1.702356,bad_left_far,,2,1786864109306,15.901766000069983,1,target,,640,480,push,4.444993,170.897983,2,1,1,1,bad,0.951334,181,291,441,479,260.0,188.0,48880.0,0.15911458333333334,311,385,-0.028125,0.604167,,1,,254,AVOID_TURN_RIGHT,bad 接近画面中心，原地大转避开,-0.028125,0.15911458333333334,400,-400,1,1125,1268,984,1231,23,940,777,937,8,10,0,1,1,1,1,1,1,1
1.864085,bad_left_far,,3,1786864109481,3.2103940000069997,1,target,,640,480,push,4.806902,171.743557,2,0,0,0,good,0.946688,556,291,640,411,84.0,120.0,10080.0,0.0328125,598,351,0.86875,0.4625,,1,,254,AVOID_TURN_RIGHT,bad 接近画面中心，原地大转避开,-0.028125,0.1599609375,400,-400,1,1116,1287,990,1235,220,957,665,1004,8,10,0,1,1,1,1,1,1,1
1.864085,bad_left_far,,3,1786864109481,3.2103940000069997,1,target,,640,480,push,4.806902,171.743557,2,1,1,1,bad,0.952437,181,291,441,480,260.0,189.0,49140.0,0.1599609375,311,386,-0.028125,0.608333,,1,,254,AVOID_TURN_RIGHT,bad 接近画面中心，原地大转避开,-0.028125,0.1599609375,400,-400,1,1116,1287,990,1235,220,957,665,1004,8,10,0,1,1,1,1,1,1,1
2.045306,bad_left_far,,4,1786864109656,9.026951999885569,1,target,,640,480,push,5.001983,173.045936,2,0,0,0,good,0.926077,541,291,640,415,99.0,124.0,12276.0,0.0399609375,591,353,0.846875,0.470833,,1,,254,AVOID_TURN_RIGHT,bad 接近画面中心，原地大转避开,-0.0625,0.16266276041666666,400,-400,1,1104,1309,1002,1258,23,955,142,1206,9,10,0,1,1,1,1,1,1,1
2.045306,bad_left_far,,4,1786864109656,9.026951999885569,1,target,,640,480,push,5.001983,173.045936,2,1,1,1,bad,0.939584,168,290,431,480,263.0,190.0,49970.0,0.16266276041666666,300,385,-0.0625,0.604167,,1,,254,AVOID_TURN_RIGHT,bad 接近画面中心，原地大转避开,-0.0625,0.16266276041666666,400,-400,1,1104,1309,1002,1258,23,955,142,1206,9,10,0,1,1,1,1,1,1,1
2.226607,bad_left_far,,5,1786864109834,12.77050099997723,1,target,,640,480,push,5.116456,175.037893,2,0,0,0,good,0.960863,487,290,638,399,151.0,109.0,16459.0,0.05357747395833334,563,345,0.759375,0.4375,,1,,255,AVOID_ARC_RIGHT,bad 位于侧方，差速前进绕开,-0.2,0.1525,500,400,1,1104,1333,1002,1257,23,942,26,1386,10,10,1,1,1,1,1,1,1,1
2.226607,bad_left_far,,5,1786864109834,12.77050099997723,1,target,,640,480,push,5.116456,175.037893,2,1,1,1,bad,0.931552,134,288,378,480,244.0,192.0,46848.0,0.1525,256,384,-0.2,0.6,,1,,255,AVOID_ARC_RIGHT,bad 位于侧方，差速前进绕开,-0.2,0.1525,500,400,1,1104,1333,1002,1257,23,942,26,1386,10,10,1,1,1,1,1,1,1,1
2.387686,bad_left_far,,6,1786864110002,5.544157000031191,1,target,,640,480,push,5.237673,165.971719,3,0,0,0,good,0.948936,410,283,549,385,139.0,102.0,14178.0,0.04615234375,480,334,0.5,0.391667,,1,,255,AVOID_ARC_RIGHT,bad 位于侧方，差速前进绕开,-0.43125,0.16416666666666666,500,400,1,1098,1353,999,1263,23,940,157,1031,9,10,1,1,1,1,1,1,1,1
2.387686,bad_left_far,,6,1786864110002,5.544157000031191,1,target,,640,480,push,5.237673,165.971719,3,1,0,0,good,0.939201,572,293,639,426,67.0,133.0,8911.0,0.029007161458333333,606,360,0.89375,0.5,,1,,255,AVOID_ARC_RIGHT,bad 位于侧方，差速前进绕开,-0.43125,0.16416666666666666,500,400,1,1098,1353,999,1263,23,940,157,1031,9,10,1,1,1,1,1,1,1,1
2.387686,bad_left_far,,6,1786864110002,5.544157000031191,1,target,,640,480,push,5.237673,165.971719,3,2,1,1,bad,0.480819,54,283,310,480,256.0,197.0,50432.0,0.16416666666666666,182,382,-0.43125,0.591667,,1,,255,AVOID_ARC_RIGHT,bad 位于侧方，差速前进绕开,-0.43125,0.16416666666666666,500,400,1,1098,1353,999,1263,23,940,157,1031,9,10,1,1,1,1,1,1,1,1
2.591849,bad_left_far,,7,1786864110194,17.851094999969064,1,target,,640,480,push,5.233958,186.656731,2,0,0,0,good,0.962745,479,289,630,412,151.0,123.0,18573.0,0.060458984375,555,351,0.734375,0.4625,,1,,254,CLEAR,没有检测到 bad 能量块,,,0,0,1,1115,1392,1013,1330,23,939,306,173,2,10,0,1,1,1,1,1,1,1
2.591849,bad_left_far,,7,1786864110194,17.851094999969064,1,target,,640,480,push,5.233958,186.656731,2,1,0,0,good,0.956632,327,278,454,379,127.0,101.0,12827.0,0.04175455729166667,391,329,0.221875,0.370833,,1,,254,CLEAR,没有检测到 bad 能量块,,,0,0,1,1115,1392,1013,1330,23,939,306,173,2,10,0,1,1,1,1,1,1,1
2.773858,bad_left_far,,8,1786864110377,16.28861000017423,1,target,,640,480,push,5.260089,176.726872,2,0,0,0,good,0.962716,403,286,543,404,140.0,118.0,16520.0,0.05377604166666667,473,345,0.478125,0.4375,,1,,246,CLEAR,没有检测到 bad 能量块,,,0,0,1,1115,1415,1022,1360,33,924,21,222,3,10,0,1,1,0,1,1,1,1
2.773858,bad_left_far,,8,1786864110377,16.28861000017423,1,target,,640,480,push,5.260089,176.726872,2,1,0,0,good,0.954724,258,277,377,380,119.0,103.0,12257.0,0.03989908854166667,318,329,-0.00625,0.370833,,1,,246,CLEAR,没有检测到 bad 能量块,,,0,0,1,1115,1415,1022,1360,33,924,21,222,3,10,0,1,1,0,1,1,1,1
2.954958,bad_left_far,,9,1786864110558,16.40218200009258,1,target,,640,480,push,5.288007,175.260126,2,0,0,0,good,0.964314,174,276,313,386,139.0,110.0,15290.0,0.04977213541666667,244,331,-0.2375,0.379167,,1,,246,CLEAR,没有检测到 bad 能量块,,,0,0,1,1119,1423,1029,1369,23,924,208,255,4,10,0,1,1,0,1,1,1,1
2.954958,bad_left_far,,9,1786864110558,16.40218200009258,1,target,,640,480,push,5.288007,175.260126,2,1,0,0,good,0.96162,338,284,474,407,136.0,123.0,16728.0,0.054453125,406,346,0.26875,0.441667,,1,,246,CLEAR,没有检测到 bad 能量块,,,0,0,1,1119,1423,1029,1369,23,924,208,255,4,10,0,1,1,0,1,1,1,1
3.136766,bad_left_far,,10,1786864110740,16.857431000062206,1,target,,640,480,push,5.309744,175.753635,2,0,0,0,good,0.964327,335,285,474,410,139.0,125.0,17375.0,0.056559244791666664,405,348,0.265625,0.45,,1,,246,CLEAR,没有检测到 bad 能量块,,,0,0,1,1114,1417,1025,1362,40,929,21,198,4,10,0,1,1,0,1,1,1,1
3.136766,bad_left_far,,10,1786864110740,16.857431000062206,1,target,,640,480,push,5.309744,175.753635,2,1,0,0,good,0.939144,174,277,310,389,136.0,112.0,15232.0,0.04958333333333333,242,333,-0.24375,0.3875,,1,,246,CLEAR,没有检测到 bad 能量块,,,0,0,1,1114,1417,1025,1362,40,929,21,198,4,10,0,1,1,0,1,1,1,1
3.579744,bad_left_far,,,,,0,no_data_or_stale,,,,search,,,0,,,,,,,,,,,,,,,,,,,1,,246,VISION_STOP,no_data_or_stale,,,0,0,1,1110,1414,1021,1357,23,923,21,285,3,9,0,1,1,0,1,1,1,1
3.716197,bad_left_far,,11,1786864111330,5.8765759999914735,1,target,,640,480,push,4.446873,585.018203,2,0,0,0,good,0.933884,335,285,474,412,139.0,127.0,17653.0,0.057464192708333334,405,349,0.265625,0.454167,,1,,246,CLEAR,没有检测到 bad 能量块,,,0,0,1,1119,1423,1029,1368,23,924,322,239,3,9,0,1,1,0,1,1,1,1
3.716197,bad_left_far,,11,1786864111330,5.8765759999914735,1,target,,640,480,push,4.446873,585.018203,2,1,0,0,good,0.878074,174,277,310,388,136.0,111.0,15096.0,0.049140625,242,333,-0.24375,0.3875,,1,,246,CLEAR,没有检测到 bad 能量块,,,0,0,1,1119,1423,1029,1368,23,924,322,239,3,9,0,1,1,0,1,1,1,1
3.897685,bad_left_far,,12,1786864111510,7.682814999952825,1,target,,640,480,push,4.522396,177.212712,2,0,0,0,good,0.927363,336,284,474,411,138.0,127.0,17526.0,0.05705078125,405,348,0.265625,0.45,,1,,246,CLEAR,没有检测到 bad 能量块,,,0,0,1,1112,1416,1024,1360,111,924,21,271,4,10,0,1,1,0,1,1,1,1
3.897685,bad_left_far,,12,1786864111510,7.682814999952825,1,target,,640,480,push,4.522396,177.212712,2,1,0,0,good,0.892741,174,277,310,388,136.0,111.0,15096.0,0.049140625,242,333,-0.24375,0.3875,,1,,246,CLEAR,没有检测到 bad 能量块,,,0,0,1,1112,1416,1024,1360,111,924,21,271,4,10,0,1,1,0,1,1,1,1
4.079063,bad_left_far,,13,1786864111690,8.991304999881322,1,target,,640,480,push,4.587907,177.639518,2,0,0,0,good,0.900302,338,283,474,412,136.0,129.0,17544.0,0.057109375,406,348,0.26875,0.45,,1,,246,CLEAR,没有检测到 bad 能量块,,,0,0,1,1115,1417,1024,1362,23,924,191,222,4,10,0,1,1,0,1,1,1,1
4.079063,bad_left_far,,13,1786864111690,8.991304999881322,1,target,,640,480,push,4.587907,177.639518,2,1,0,0,good,0.842834,174,277,310,388,136.0,111.0,15096.0,0.049140625,242,333,-0.24375,0.3875,,1,,246,CLEAR,没有检测到 bad 能量块,,,0,0,1,1115,1417,1024,1362,23,924,191,222,4,10,0,1,1,0,1,1,1,1
4.240057,bad_left_far,,14,1786864111856,4.434960000025967,1,target,,640,480,push,4.668203,162.970632,2,0,0,0,good,0.900015,338,282,474,412,136.0,130.0,17680.0,0.05755208333333333,406,347,0.26875,0.445833,,1,,246,CLEAR,没有检测到 bad 能量块,,,0,0,1,1118,1420,1026,1366,23,924,21,313,4,10,0,1,1,0,1,1,1,1
4.240057,bad_left_far,,14,1786864111856,4.434960000025967,1,target,,640,480,push,4.668203,162.970632,2,1,0,0,good,0.818767,174,277,310,389,136.0,112.0,15232.0,0.04958333333333333,242,333,-0.24375,0.3875,,1,,246,CLEAR,没有检测到 bad 能量块,,,0,0,1,1118,1420,1026,1366,23,924,21,313,4,10,0,1,1,0,1,1,1,1
4.40235,bad_left_far,,15,1786864112019,2.871845000072426,1,target,,640,480,push,4.742652,161.24578,2,0,0,0,good,0.897126,338,283,473,412,135.0,129.0,17415.0,0.056689453125,406,348,0.26875,0.45,,1,,246,CLEAR,没有检测到 bad 能量块,,,0,0,1,1114,1416,1022,1358,292,924,355,283,4,10,0,1,1,0,1,1,1,1
4.40235,bad_left_far,,15,1786864112019,2.871845000072426,1,target,,640,480,push,4.742652,161.24578,2,1,0,0,good,0.857818,174,276,310,388,136.0,112.0,15232.0,0.04958333333333333,242,332,-0.24375,0.383333,,1,,246,CLEAR,没有检测到 bad 能量块,,,0,0,1,1114,1416,1022,1358,292,924,355,283,4,10,0,1,1,0,1,1,1,1
4.603582,bad_left_far,,16,1786864112207,16.562140999894837,1,target,,640,480,push,4.77554,185.013485,2,0,0,0,good,0.905064,338,283,474,412,136.0,129.0,17544.0,0.057109375,406,348,0.26875,0.45,,1,,246,CLEAR,没有检测到 bad 能量块,,,0,0,1,1111,1413,1024,1356,410,922,197,224,4,10,0,1,1,0,1,1,1,1
4.603582,bad_left_far,,16,1786864112207,16.562140999894837,1,target,,640,480,push,4.77554,185.013485,2,1,0,0,good,0.813684,174,277,310,388,136.0,111.0,15096.0,0.049140625,242,333,-0.24375,0.3875,,1,,246,CLEAR,没有检测到 bad 能量块,,,0,0,1,1111,1413,1024,1356,410,922,197,224,4,10,0,1,1,0,1,1,1,1
4.76475,bad_left_far,,17,1786864112366,19.030826999824058,1,target,,640,480,push,4.844431,156.190443,2,0,0,0,good,0.907903,338,282,473,412,135.0,130.0,17550.0,0.05712890625,406,347,0.26875,0.445833,,1,,246,CLEAR,没有检测到 bad 能量块,,,0,0,1,1112,1419,1026,1363,23,922,223,256,4,10,0,1,1,0,1,1,1,1
4.76475,bad_left_far,,17,1786864112366,19.030826999824058,1,target,,640,480,push,4.844431,156.190443,2,1,0,0,good,0.793661,175,275,307,388,132.0,113.0,14916.0,0.0485546875,241,332,-0.246875,0.383333,,1,,246,CLEAR,没有检测到 bad 能量块,,,0,0,1,1112,1419,1026,1363,23,922,223,256,4,10,0,1,1,0,1,1,1,1
4.906126,bad_left_far,,18,1786864112521,4.654492000099708,1,target,,640,480,push,4.911739,153.312469,2,0,0,0,good,0.911393,338,282,474,413,136.0,131.0,17816.0,0.05799479166666666,406,348,0.26875,0.45,,1,,246,CLEAR,没有检测到 bad 能量块,,,0,0,1,1109,1404,1010,1337,274,940,92,385,4,10,0,1,1,0,1,1,1,1
4.906126,bad_left_far,,18,1786864112521,4.654492000099708,1,target,,640,480,push,4.911739,153.312469,2,1,0,0,good,0.658622,175,275,306,390,131.0,115.0,15065.0,0.04903971354166667,241,333,-0.246875,0.3875,,1,,246,CLEAR,没有检测到 bad 能量块,,,0,0,1,1109,1404,1010,1337,274,940,92,385,4,10,0,1,1,0,1,1,1,1
5.087652,bad_left_far,,19,1786864112691,17.154665000134628,1,target,,640,480,push,4.955627,163.554765,2,0,0,0,good,0.919105,337,282,477,413,140.0,131.0,18340.0,0.05970052083333333,407,348,0.271875,0.45,,1,,254,CLEAR,没有检测到 bad 能量块,,,0,0,1,1073,1343,967,1258,210,938,158,18,2,10,0,1,1,1,1,1,1,1
5.087652,bad_left_far,,19,1786864112691,17.154665000134628,1,target,,640,480,push,4.955627,163.554765,2,1,0,0,good,0.653945,174,275,312,388,138.0,113.0,15594.0,0.05076171875,243,332,-0.240625,0.383333,,1,,254,CLEAR,没有检测到 bad 能量块,,,0,0,1,1073,1343,967,1258,210,938,158,18,2,10,0,1,1,1,1,1,1,1
5.248767,bad_left_far,,20,1786864112849,19.806163000112065,1,no_target,,640,480,search,5.00935,152.928533,0,,,,,,,,,,,,,,,,,,,1,,252,CLEAR,没有检测到 bad 能量块,,,0,0,1,995,1242,904,1158,226,957,21,486,5,10,0,0,1,1,1,1,1,1
5.391307,bad_left_far,,21,1786864113009,2.428280000003724,1,no_target,,640,480,search,5.057405,153.082104,0,,,,,,,,,,,,,,,,,,,1,,252,CLEAR,没有检测到 bad 能量块,,,0,0,1,944,1202,900,1146,589,969,404,519,6,9,0,0,1,1,1,1,1,1
5.552654,bad_left_far,,22,1786864113164,8.841270999937478,1,target,,640,480,push,5.107786,152.676852,2,0,0,0,good,0.931047,486,287,626,394,140.0,107.0,14980.0,0.04876302083333333,556,341,0.7375,0.420833,,1,,252,CLEAR,没有检测到 bad 能量块,,,0,0,1,967,1206,906,1153,22,938,130,518,5,10,0,0,1,1,1,1,1,1
5.552654,bad_left_far,,22,1786864113164,8.841270999937478,1,target,,640,480,push,5.107786,152.676852,2,1,0,0,good,0.910844,200,280,378,480,178.0,200.0,35600.0,0.11588541666666667,289,380,-0.096875,0.583333,,1,,252,CLEAR,没有检测到 bad 能量块,,,0,0,1,967,1206,906,1153,22,938,130,518,5,10,0,0,1,1,1,1,1,1
5.713652,bad_left_far,,23,1786864113325,8.509019000030094,1,target,,640,480,push,5.147035,159.306614,2,0,0,0,good,0.957142,480,288,625,391,145.0,103.0,14935.0,0.04861653645833333,553,340,0.728125,0.416667,,1,,188,AVOID_TURN_RIGHT,bad 接近画面中心，原地大转避开,-0.109375,0.10901692708333334,400,-400,1,973,1215,912,1163,22,955,388,535,5,10,0,0,1,1,1,1,0,1
5.713652,bad_left_far,,23,1786864113325,8.509019000030094,1,target,,640,480,push,5.147035,159.306614,2,1,1,1,bad,0.930516,200,283,370,480,170.0,197.0,33490.0,0.10901692708333334,285,382,-0.109375,0.591667,,1,,188,AVOID_TURN_RIGHT,bad 接近画面中心，原地大转避开,-0.109375,0.10901692708333334,400,-400,1,973,1215,912,1163,22,955,388,535,5,10,0,0,1,1,1,1,0,1
5.874835,bad_left_far,,24,1786864113479,15.526662999945984,1,target,,640,480,push,5.191677,152.18051,2,0,0,0,good,0.952835,481,289,624,391,143.0,102.0,14586.0,0.04748046875,553,340,0.728125,0.416667,,1,,188,AVOID_TURN_RIGHT,bad 接近画面中心，原地大转避开,-0.109375,0.10901692708333334,400,-400,1,965,1208,907,1154,22,956,387,535,5,10,0,0,1,1,1,1,0,1
5.874835,bad_left_far,,24,1786864113479,15.526662999945984,1,target,,640,480,push,5.191677,152.18051,2,1,1,1,bad,0.928513,200,283,370,480,170.0,197.0,33490.0,0.10901692708333334,285,382,-0.109375,0.591667,,1,,188,AVOID_TURN_RIGHT,bad 接近画面中心，原地大转避开,-0.109375,0.10901692708333334,400,-400,1,965,1208,907,1154,22,956,387,535,5,10,0,0,1,1,1,1,0,1
6.036193,bad_left_far,,25,1786864113641,14.83380800004852,1,target,,640,480,push,5.225073,159.782956,2,0,0,0,good,0.953032,481,289,624,391,143.0,102.0,14586.0,0.04748046875,553,340,0.728125,0.416667,,1,,188,AVOID_TURN_RIGHT,bad 接近画面中心，原地大转避开,-0.109375,0.10901692708333334,400,-400,1,980,1239,919,1177,23,956,21,614,6,10,0,0,1,1,1,1,0,1
6.036193,bad_left_far,,25,1786864113641,14.83380800004852,1,target,,640,480,push,5.225073,159.782956,2,1,1,1,bad,0.931951,200,283,370,480,170.0,197.0,33490.0,0.10901692708333334,285,382,-0.109375,0.591667,,1,,188,AVOID_TURN_RIGHT,bad 接近画面中心，原地大转避开,-0.109375,0.10901692708333334,400,-400,1,980,1239,919,1177,23,956,21,614,6,10,0,0,1,1,1,1,0,1
6.177939,bad_left_far,,26,1786864113795,2.6697569999214465,1,target,,640,480,push,5.264624,151.880239,2,0,0,0,good,0.953458,458,284,600,389,142.0,105.0,14910.0,0.04853515625,529,337,0.653125,0.404167,,1,,188,AVOID_ARC_RIGHT,bad 位于侧方，差速前进绕开,-0.15625,0.11094075520833334,500,400,1,1043,1253,919,1193,23,940,21,550,5,10,0,0,1,1,1,1,0,1
6.177939,bad_left_far,,26,1786864113795,2.6697569999214465,1,target,,640,480,push,5.264624,151.880239,2,1,1,1,bad,0.925696,183,282,356,479,173.0,197.0,34081.0,0.11094075520833334,270,381,-0.15625,0.5875,,1,,188,AVOID_ARC_RIGHT,bad 位于侧方，差速前进绕开,-0.15625,0.11094075520833334,500,400,1,1043,1253,919,1193,23,940,21,550,5,10,0,0,1,1,1,1,0,1
6.339025,bad_left_far,,27,1786864113957,1.5320780000820378,1,target,,640,480,push,5.293385,160.085579,3,0,0,0,good,0.955764,426,282,562,384,136.0,102.0,13872.0,0.04515625,494,333,0.54375,0.3875,,1,,191,AVOID_ARC_RIGHT,bad 位于侧方，差速前进绕开,-0.2625,0.119140625,500,400,1,1076,1298,943,1225,654,958,142,18,3,10,1,1,1,1,1,1,0,1
6.339025,bad_left_far,,27,1786864113957,1.5320780000820378,1,target,,640,480,push,5.293385,160.085579,3,1,0,0,good,0.874858,578,293,640,424,62.0,131.0,8122.0,0.026438802083333334,609,359,0.903125,0.495833,,1,,191,AVOID_ARC_RIGHT,bad 位于侧方，差速前进绕开,-0.2625,0.119140625,500,400,1,1076,1298,943,1225,654,958,142,18,3,10,1,1,1,1,1,1,0,1
6.339025,bad_left_far,,27,1786864113957,1.5320780000820378,1,target,,640,480,push,5.293385,160.085579,3,2,1,1,bad,0.882289,144,280,327,480,183.0,200.0,36600.0,0.119140625,236,380,-0.2625,0.583333,,1,,191,AVOID_ARC_RIGHT,bad 位于侧方，差速前进绕开,-0.2625,0.119140625,500,400,1,1076,1298,943,1225,654,958,142,18,3,10,1,1,1,1,1,1,0,1
6.50037,bad_left_far,,28,1786864114112,7.97808599986638,1,target,,640,480,push,5.327475,147.638664,2,0,0,0,good,0.945826,488,293,640,416,152.0,123.0,18696.0,0.060859375,564,355,0.7625,0.479167,,1,,254,CLEAR,没有检测到 bad 能量块,,,0,0,1,1070,1313,954,1234,23,955,322,139,3,10,0,1,1,1,1,1,1,1
6.50037,bad_left_far,,28,1786864114112,7.97808599986638,1,target,,640,480,push,5.327475,147.638664,2,1,0,0,good,0.945251,343,281,472,379,129.0,98.0,12642.0,0.04115234375,408,330,0.275,0.375,,1,,254,CLEAR,没有检测到 bad 能量块,,,0,0,1,1070,1313,954,1234,23,955,322,139,3,10,0,1,1,1,1,1,1,1
6.661529,bad_left_far,,29,1786864114274,7.585150000068097,1,target,,640,480,push,5.352694,155.244313,2,0,0,0,good,0.960524,419,287,567,409,148.0,122.0,18056.0,0.05877604166666667,493,348,0.540625,0.45,,1,,246,CLEAR,没有检测到 bad 能量块,,,0,0,1,1073,1347,968,1275,230,941,355,156,3,10,0,1,1,0,1,1,1,1
6.661529,bad_left_far,,29,1786864114274,7.585150000068097,1,target,,640,480,push,5.352694,155.244313,2,1,0,0,good,0.960213,280,277,396,377,116.0,100.0,11600.0,0.037760416666666664,338,327,0.05625,0.3625,,1,,246,CLEAR,没有检测到 bad 能量块,,,0,0,1,1073,1347,968,1275,230,941,355,156,3,10,0,1,1,0,1,1,1,1
6.823274,bad_left_far,,30,1786864114434,9.524627000018882,1,target,,640,480,push,5.379142,157.248528,2,0,0,0,good,0.958121,349,285,492,406,143.0,121.0,17303.0,0.05632486979166667,421,346,0.315625,0.441667,,1,,246,CLEAR,没有检测到 bad 能量块,,,0,0,1,1088,1363,979,1289,23,937,224,223,3,9,0,1,1,0,1,1,1,1
6.823274,bad_left_far,,30,1786864114434,9.524627000018882,1,target,,640,480,push,5.379142,157.248528,2,1,0,0,good,0.954248,208,275,330,380,122.0,105.0,12810.0,0.04169921875,269,328,-0.159375,0.366667,,1,,246,CLEAR,没有检测到 bad 能量块,,,0,0,1,1088,1363,979,1289,23,937,224,223,3,9,0,1,1,0,1,1,1,1
7.004822,bad_left_far,,31,1786864114614,11.010539000153585,1,target,,640,480,push,5.384534,173.356733,2,0,0,0,good,0.960418,331,287,475,409,144.0,122.0,17568.0,0.0571875,403,348,0.259375,0.45,,1,,246,CLEAR,没有检测到 bad 能量块,,,0,0,1,1078,1352,970,1280,160,955,20,222,3,10,0,1,1,0,1,1,1,1
7.004822,bad_left_far,,31,1786864114614,11.010539000153585,1,target,,640,480,push,5.384534,173.356733,2,1,0,0,good,0.958827,176,275,317,382,141.0,107.0,15087.0,0.049111328125,247,329,-0.228125,0.370833,,1,,246,CLEAR,没有检测到 bad 能量块,,,0,0,1,1078,1352,970,1280,160,955,20,222,3,10,0,1,1,0,1,1,1,1
7.166013,bad_left_far,,32,1786864114768,17.78335399990283,1,target,,640,480,push,5.413036,152.351005,2,0,0,0,good,0.940329,329,289,472,409,143.0,120.0,17160.0,0.055859375,401,349,0.253125,0.454167,,1,,246,CLEAR,没有检测到 bad 能量块,,,0,0,1,1064,1346,958,1265,23,1003,158,37,2,10,0,1,1,0,1,1,1,1
7.166013,bad_left_far,,32,1786864114768,17.78335399990283,1,target,,640,480,push,5.413036,152.351005,2,1,0,0,good,0.818471,178,272,312,385,134.0,113.0,15142.0,0.049290364583333336,245,329,-0.234375,0.370833,,1,,246,CLEAR,没有检测到 bad 能量块,,,0,0,1,1064,1346,958,1265,23,1003,158,37,2,10,0,1,1,0,1,1,1,1
7.327058,bad_left_far,,33,1786864114931,15.791582000019844,1,target,,640,480,push,5.432394,160.920782,2,0,0,0,good,0.832369,324,284,464,408,140.0,124.0,17360.0,0.05651041666666667,394,346,0.23125,0.441667,,1,,254,CLEAR,没有检测到 bad 能量块,,,0,0,1,1039,1308,933,1221,23,956,452,271,4,10,0,1,1,1,1,1,1,1
7.327058,bad_left_far,,33,1786864114931,15.791582000019844,1,target,,640,480,push,5.432394,160.920782,2,1,0,0,good,0.622053,171,272,312,383,141.0,111.0,15651.0,0.050947265625,242,328,-0.24375,0.366667,,1,,254,CLEAR,没有检测到 bad 能量块,,,0,0,1,1039,1308,933,1221,23,956,452,271,4,10,0,1,1,1,1,1,1,1
7.488066,bad_left_far,,34,1786864115098,10.293368000020564,1,no_target,,640,480,search,5.447634,164.521388,0,,,,,,,,,,,,,,,,,,,1,,255,CLEAR,没有检测到 bad 能量块,,,0,0,1,1004,1241,886,1152,22,971,27,17,1,9,1,1,1,1,1,1,1,1
7.669229,bad_left_far,,35,1786864115288,1.6747970000778878,1,no_target,,640,480,search,5.442365,182.761046,0,,,,,,,,,,,,,,,,,,,1,,188,CLEAR,没有检测到 bad 能量块,,,0,0,1,993,1158,865,1105,22,972,404,1034,8,10,0,0,1,1,1,1,0,1
7.85016,bad_left_far,,36,1786864115464,5.752282000003106,1,no_target,,640,480,search,5.448064,169.862475,0,,,,,,,,,,,,,,,,,,,1,,188,CLEAR,没有检测到 bad 能量块,,,0,0,1,1105,1177,917,1167,22,919,553,1377,10,9,0,0,1,1,1,1,0,1
8.03141,bad_left_far,,37,1786864115638,13.414133999958722,1,target,,640,480,scan_with_ir,5.456052,170.890007,1,0,1,1,bad,0.871558,346,286,538,479,192.0,193.0,37056.0,0.120625,442,383,0.38125,0.595833,,1,,189,AVOID_ARC_LEFT,bad 位于侧方，差速前进绕开,0.38125,0.120625,400,500,1,1106,1179,951,1203,40,939,1653,24,2,10,1,0,1,1,1,1,0,1
8.192301,bad_left_far,,38,1786864115808,3.837342999986504,1,no_target,,640,480,search,5.466104,167.867851,0,,,,,,,,,,,,,,,,,,,1,,191,CLEAR,没有检测到 bad 能量块,,,0,0,1,1164,1192,966,1211,23,940,793,32,2,9,1,1,1,1,1,1,0,1
8.651765,bad_left_far,,,,,0,no_data_or_stale,,,,search,,,0,,,,,,,,,,,,,,,,,,,1,,191,VISION_STOP,no_data_or_stale,,,0,0,1,1169,1198,969,1217,22,940,1131,22,2,9,1,1,1,1,1,1,0,1
8.819492,bad_left_far,,39,1786864116424,15.65164199996616,1,no_target,,640,480,search,5.153711,612.657363,0,,,,,,,,,,,,,,,,,,,1,,191,CLEAR,没有检测到 bad 能量块,,,0,0,1,1165,1193,966,1212,23,945,20,22,2,10,1,1,1,1,1,1,0,1
8.981206,bad_left_far,,40,1786864116596,4.87943100006305,1,target,,640,480,scan_with_ir,5.168129,169.598608,1,0,1,1,bad,0.648989,441,299,640,472,199.0,173.0,34427.0,0.11206705729166666,541,386,0.690625,0.608333,,1,,191,AVOID_ARC_LEFT,bad 位于侧方，差速前进绕开,0.690625,0.11206705729166666,400,500,1,1166,1197,968,1215,22,938,1163,22,3,10,1,1,1,1,1,1,0,1
9.16254,bad_left_far,,41,1786864116767,15.443127000025925,1,target,,640,480,scan_with_ir,5.183022,168.130047,1,0,1,1,bad,0.906576,441,298,640,471,199.0,173.0,34427.0,0.11206705729166666,541,385,0.690625,0.604167,,1,,191,AVOID_ARC_LEFT,bad 位于侧方，差速前进绕开,0.690625,0.11206705729166666,400,500,1,1172,1200,970,1220,110,940,1347,23,2,9,1,1,1,1,1,1,0,1
9.323394,bad_left_far,,42,1786864116941,2.2801170000548154,1,target,,640,480,scan_with_ir,5.195112,165.950631,1,0,1,1,bad,0.900255,442,299,640,470,198.0,171.0,33858.0,0.11021484375,541,385,0.690625,0.604167,,1,,189,AVOID_ARC_LEFT,bad 位于侧方，差速前进绕开,0.690625,0.11021484375,400,500,1,1170,1231,985,1242,23,988,713,21,2,10,1,0,1,1,1,1,0,1
9.484745,bad_left_far,,43,1786864117101,3.525572000171451,1,target,,640,480,scan_with_ir,5.215522,153.059948,1,0,1,1,bad,0.858839,450,301,640,473,190.0,172.0,32680.0,0.10638020833333334,545,387,0.703125,0.6125,,1,,189,AVOID_ARC_LEFT,bad 位于侧方，差速前进绕开,0.703125,0.10638020833333334,400,500,1,1252,1278,1042,1325,23,972,436,46,3,10,1,0,1,1,1,1,0,1
9.64569,bad_left_far,,44,1786864117255,10.179593000202658,1,target,,640,480,scan_with_ir,5.238744,151.889417,1,0,1,1,bad,0.718436,473,306,640,472,167.0,166.0,27722.0,0.09024088541666667,557,389,0.740625,0.620833,,1,,189,AVOID_ARC_LEFT,bad 位于侧方，差速前进绕开,0.740625,0.09024088541666667,400,500,1,1339,1359,1132,1435,392,909,22,17,2,10,1,0,1,1,1,1,0,1
9.827695,bad_left_far,,45,1786864117428,19.563278000077844,1,target,,640,480,scan_with_ir,5.249858,170.319516,1,0,1,1,bad,0.682206,501,310,640,473,139.0,163.0,22657.0,0.07375325520833333,571,392,0.784375,0.633333,,1,,169,AVOID_ARC_LEFT,bad 位于侧方，差速前进绕开,0.784375,0.07375325520833333,400,500,1,1420,1450,1223,1558,27,952,21,17,2,9,1,0,0,1,0,1,0,1
9.989419,bad_left_far,,46,1786864117590,19.513964999987365,1,no_target,,640,480,search,5.267176,155.457339,0,,,,,,,,,,,,,,,,,,,1,,171,CLEAR,没有检测到 bad 能量块,,,0,0,1,1069,1488,1268,1645,63,939,21,17,2,9,1,1,0,1,0,1,0,1
10.150308,bad_left_far,,47,1786864117767,3.225207000014052,1,no_target,,640,480,search,5.274621,170.489735,0,,,,,,,,,,,,,,,,,,,1,,239,CLEAR,没有检测到 bad 能量块,,,0,0,1,1038,1520,917,1651,24,940,21,71,3,9,1,1,1,1,0,1,1,1
10.311228,bad_left_far,,48,1786864117929,2.006104999964009,1,no_target,,640,480,search,5.290603,153.609565,0,,,,,,,,,,,,,,,,,,,1,,239,CLEAR,没有检测到 bad 能量块,,,0,0,1,1047,1529,914,1711,25,940,21,106,3,10,1,1,1,1,0,1,1,1
10.472236,bad_left_far,,49,1786864118088,3.9146189999428316,1,no_target,,640,480,search,5.307744,150.0884,0,,,,,,,,,,,,,,,,,,,1,,239,CLEAR,没有检测到 bad 能量块,,,0,0,1,1038,1520,907,1697,25,940,21,18,2,10,1,1,1,1,0,1,1,1
10.653837,bad_left_far,,50,1786864118258,15.39038700002493,1,no_target,,640,480,search,5.318038,161.501928,0,,,,,,,,,,,,,,,,,,,1,,239,CLEAR,没有检测到 bad 能量块,,,0,0,1,1036,1516,905,1693,25,938,21,28,2,10,1,1,1,1,0,1,1,1
10.815131,bad_left_far,,51,1786864118421,13.665812999988702,1,no_target,,640,480,search,5.331982,160.553264,0,,,,,,,,,,,,,,,,,,,1,,239,CLEAR,没有检测到 bad 能量块,,,0,0,1,1045,1530,913,1708,24,939,257,18,2,10,1,1,1,1,0,1,1,1
10.976313,bad_left_far,,52,1786864118584,11.976257000014812,1,no_target,,640,480,search,5.345489,156.907213,0,,,,,,,,,,,,,,,,,,,1,,239,CLEAR,没有检测到 bad 能量块,,,0,0,1,1038,1520,905,1697,25,938,20,17,3,9,1,1,1,1,0,1,1,1
11.182855,bad_left_far,,53,1786864118784,19.0245670000877,1,no_target,,640,480,search,5.338783,196.942064,0,,,,,,,,,,,,,,,,,,,1,,239,CLEAR,没有检测到 bad 能量块,,,0,0,1,1041,1522,908,1698,25,939,21,17,2,9,1,1,1,1,0,1,1,1
11.343876,bad_left_far,,54,1786864118952,11.813391000032425,1,no_target,,640,480,search,5.348886,159.820428,0,,,,,,,,,,,,,,,,,,,1,,239,CLEAR,没有检测到 bad 能量块,,,0,0,1,1040,1520,905,1694,25,938,21,18,2,10,1,1,1,1,0,1,1,1
11.504806,bad_left_far,,55,1786864119121,3.2240780001302483,1,no_target,,640,480,search,5.358038,166.885032,0,,,,,,,,,,,,,,,,,,,1,,239,CLEAR,没有检测到 bad 能量块,,,0,0,1,1033,1516,906,1655,329,985,222,18,3,9,1,1,1,1,0,1,1,1
11.726503,bad_left_far,,56,1786864119327,19.4310949998453,1,no_target,,640,480,search,5.348305,203.169148,0,,,,,,,,,,,,,,,,,,,1,,249,CLEAR,没有检测到 bad 能量块,,,0,0,1,1426,1449,1241,1482,24,969,21,17,2,9,1,0,0,1,1,1,1,1
11.907765,bad_left_far,,57,1786864119518,10.080484000127399,1,no_target,,640,480,search,5.346518,188.125032,0,,,,,,,,,,,,,,,,,,,1,,253,CLEAR,没有检测到 bad 能量块,,,0,0,1,1275,1345,1129,1401,24,845,21,18,2,10,1,0,1,1,1,1,1,1
12.068789,bad_left_far,,58,1786864119683,6.0261839998929645,1,no_target,,640,480,search,5.357357,162.624384,0,,,,,,,,,,,,,,,,,,,1,,253,CLEAR,没有检测到 bad 能量块,,,0,0,1,1146,1254,1003,1219,23,939,1007,21,3,10,1,0,1,1,1,1,1,1
12.229869,bad_left_far,,59,1786864119833,16.673710999839386,1,no_target,,640,480,search,5.375052,147.897278,0,,,,,,,,,,,,,,,,,,,1,,190,CLEAR,没有检测到 bad 能量块,,,0,0,1,1058,1228,879,1219,23,972,338,189,3,10,0,1,1,1,1,1,0,1
12.371234,bad_left_far,,60,1786864119991,0.42186099994978576,1,target,,640,480,push,5.388806,154.959994,2,0,0,0,good,0.888567,506,291,640,384,134.0,93.0,12462.0,0.04056640625,573,338,0.790625,0.408333,,1,,190,AVOID_ARC_LEFT,bad 位于侧方，差速前进绕开,0.20625,0.0787109375,400,500,1,1059,1220,876,1226,159,958,262,1109,9,9,0,1,1,1,1,1,0,1
12.371234,bad_left_far,,60,1786864119991,0.42186099994978576,1,target,,640,480,push,5.388806,154.959994,2,1,1,1,bad,0.936505,308,287,464,442,156.0,155.0,24180.0,0.0787109375,386,365,0.20625,0.520833,,1,,190,AVOID_ARC_LEFT,bad 位于侧方，差速前进绕开,0.20625,0.0787109375,400,500,1,1059,1220,876,1226,159,958,262,1109,9,9,0,1,1,1,1,1,0,1
12.532493,bad_left_far,,61,1786864120137,15.618029999814098,1,target,,640,480,push,5.407678,143.398875,2,0,0,0,good,0.946132,487,287,605,378,118.0,91.0,10738.0,0.034954427083333336,546,333,0.70625,0.3875,,1,,190,AVOID_TURN_LEFT,bad 接近画面中心，原地大转避开,0.15,0.07359375,-400,400,1,1070,1244,909,1236,23,955,291,731,6,10,0,1,1,1,1,1,0,1
12.532493,bad_left_far,,61,1786864120137,15.618029999814098,1,target,,640,480,push,5.407678,143.398875,2,1,1,1,bad,0.951528,296,286,440,443,144.0,157.0,22608.0,0.07359375,368,365,0.15,0.520833,,1,,190,AVOID_TURN_LEFT,bad 接近画面中心，原地大转避开,0.15,0.07359375,-400,400,1,1070,1244,909,1236,23,955,291,731,6,10,0,1,1,1,1,1,0,1
12.674109,bad_left_far,,62,1786864120286,7.560835000049337,1,target,,640,480,push,5.424322,147.553358,2,0,0,0,good,0.946304,479,287,596,378,117.0,91.0,10647.0,0.034658203125,538,333,0.68125,0.3875,,1,,190,AVOID_TURN_LEFT,bad 接近画面中心，原地大转避开,0.13125,0.0740625,-400,400,1,1075,1246,914,1209,49,971,372,584,6,10,0,1,1,1,1,1,0,1
12.674109,bad_left_far,,62,1786864120286,7.560835000049337,1,target,,640,480,push,5.424322,147.553358,2,1,1,1,bad,0.952333,290,286,434,444,144.0,158.0,22752.0,0.0740625,362,365,0.13125,0.520833,,1,,190,AVOID_TURN_LEFT,bad 接近画面中心，原地大转避开,0.13125,0.0740625,-400,400,1,1075,1246,914,1209,49,971,372,584,6,10,0,1,1,1,1,1,0,1
12.835166,bad_left_far,,63,1786864120439,15.888708999909795,1,target,,640,480,push,5.439134,150.723956,3,0,0,0,good,0.94243,457,284,575,376,118.0,92.0,10856.0,0.03533854166666667,516,330,0.6125,0.375,,1,,190,AVOID_TURN_LEFT,bad 接近画面中心，原地大转避开,0.08125,0.07604166666666666,-400,400,1,1105,1274,941,1226,22,1006,389,969,8,10,0,1,1,1,1,1,0,1
12.835166,bad_left_far,,63,1786864120439,15.888708999909795,1,target,,640,480,push,5.439134,150.723956,3,1,0,0,good,0.873828,605,291,640,391,35.0,100.0,3500.0,0.011393229166666666,623,341,0.946875,0.420833,,1,,190,AVOID_TURN_LEFT,bad 接近画面中心，原地大转避开,0.08125,0.07604166666666666,-400,400,1,1105,1274,941,1226,22,1006,389,969,8,10,0,1,1,1,1,1,0,1
12.835166,bad_left_far,,63,1786864120439,15.888708999909795,1,target,,640,480,push,5.439134,150.723956,3,2,1,1,bad,0.940715,273,286,419,446,146.0,160.0,23360.0,0.07604166666666666,346,366,0.08125,0.525,,1,,190,AVOID_TURN_LEFT,bad 接近画面中心，原地大转避开,0.08125,0.07604166666666666,-400,400,1,1105,1274,941,1226,22,1006,389,969,8,10,0,1,1,1,1,1,0,1
12.996348,bad_left_far,,64,1786864120599,17.640485999891098,1,target,,640,480,push,5.450456,157.294016,3,0,0,0,good,0.940206,464,287,582,380,118.0,93.0,10974.0,0.03572265625,523,334,0.634375,0.391667,,1,,190,AVOID_TURN_LEFT,bad 接近画面中心，原地大转避开,0.090625,0.08740234375,-400,400,1,1133,1282,959,1235,23,978,290,1004,8,10,0,1,1,1,1,1,0,1
12.996348,bad_left_far,,64,1786864120599,17.640485999891098,1,target,,640,480,push,5.450456,157.294016,3,1,0,0,good,0.769058,618,296,640,393,22.0,97.0,2134.0,0.006946614583333333,629,345,0.965625,0.4375,,1,,190,AVOID_TURN_LEFT,bad 接近画面中心，原地大转避开,0.090625,0.08740234375,-400,400,1,1133,1282,959,1235,23,978,290,1004,8,10,0,1,1,1,1,1,0,1
12.996348,bad_left_far,,64,1786864120599,17.640485999891098,1,target,,640,480,push,5.450456,157.294016,3,2,1,1,bad,0.9529,274,284,424,463,150.0,179.0,26850.0,0.08740234375,349,374,0.090625,0.558333,,1,,190,AVOID_TURN_LEFT,bad 接近画面中心，原地大转避开,0.090625,0.08740234375,-400,400,1,1133,1282,959,1235,23,978,290,1004,8,10,0,1,1,1,1,1,0,1
13.157366,bad_left_far,,65,1786864120758,18.885717999864937,1,target,,640,480,push,5.461292,154.262526,2,0,0,0,good,0.95329,484,290,607,387,123.0,97.0,11931.0,0.038837890625,546,339,0.70625,0.4125,,1,,191,AVOID_TURN_LEFT,bad 接近画面中心，原地大转避开,0.140625,0.09546875,-400,400,1,1172,1265,1005,1227,23,955,1246,23,3,9,1,1,1,1,1,1,0,1
13.157366,bad_left_far,,65,1786864120758,18.885717999864937,1,target,,640,480,push,5.461292,154.262526,2,1,1,1,bad,0.945143,287,287,443,475,156.0,188.0,29328.0,0.09546875,365,381,0.140625,0.5875,,1,,191,AVOID_TURN_LEFT,bad 接近画面中心，原地大转避开,0.140625,0.09546875,-400,400,1,1172,1265,1005,1227,23,955,1246,23,3,9,1,1,1,1,1,1,0,1
13.605184,bad_left_far,,,,,0,no_data_or_stale,,,,search,,,0,,,,,,,,,,,,,,,,,,,1,,249,VISION_STOP,no_data_or_stale,,,0,0,1,1201,1216,985,1242,23,969,21,17,2,10,1,0,0,1,1,1,1,1
13.726101,bad_left_far,,66,1786864121336,9.87204400007613,1,target,,640,480,push,5.288605,570.6623,2,0,0,0,good,0.770048,579,292,639,412,60.0,120.0,7200.0,0.0234375,609,352,0.903125,0.466667,,1,,249,AVOID_ARC_LEFT,bad 位于侧方，差速前进绕开,0.421875,0.09294270833333333,400,500,1,1209,1203,964,1244,880,944,21,17,2,10,1,0,0,1,1,1,1,1
13.726101,bad_left_far,,66,1786864121336,9.87204400007613,1,target,,640,480,push,5.288605,570.6623,2,1,1,1,bad,0.858814,369,290,541,456,172.0,166.0,28552.0,0.09294270833333333,455,373,0.421875,0.554167,,1,,249,AVOID_ARC_LEFT,bad 位于侧方，差速前进绕开,0.421875,0.09294270833333333,400,500,1,1209,1203,964,1244,880,944,21,17,2,10,1,0,0,1,1,1,1,1
13.887719,bad_left_far,,67,1786864121496,11.58539500011102,1,no_target,,640,480,search,5.300785,157.921371,0,,,,,,,,,,,,,,,,,,,1,,249,CLEAR,没有检测到 bad 能量块,,,0,0,1,1216,1203,966,1248,68,937,21,17,3,10,1,0,0,1,1,1,1,1
14.048705,bad_left_far,,68,1786864121664,4.87345000010464,1,no_target,,640,480,search,5.309481,160.892825,0,,,,,,,,,,,,,,,,,,,1,,185,CLEAR,没有检测到 bad 能量块,,,0,0,1,1240,1203,969,1266,26,938,21,55,2,10,1,0,0,1,1,1,0,1
14.210053,bad_left_far,,69,1786864121814,15.707065000015064,1,no_target,,640,480,search,5.325037,147.972977,0,,,,,,,,,,,,,,,,,,,1,,185,CLEAR,没有检测到 bad 能量块,,,0,0,1,1229,1193,962,1256,27,938,633,21,3,9,1,0,0,1,1,1,0,1
14.352506,bad_left_far,,70,1786864121972,0.2818829998432193,1,no_target,,640,480,search,5.337131,154.744404,0,,,,,,,,,,,,,,,,,,,1,,185,CLEAR,没有检测到 bad 能量块,,,0,0,1,1229,1195,962,1256,22,939,21,58,2,10,1,0,0,1,1,1,0,1
14.5338,bad_left_far,,71,1786864122137,17.35808399985217,1,no_target,,640,480,search,5.34638,161.623918,0,,,,,,,,,,,,,,,,,,,1,,249,CLEAR,没有检测到 bad 能量块,,,0,0,1,1235,1199,966,1260,23,923,21,17,2,10,1,0,0,1,1,1,1,1
14.695765,bad_left_far,,72,1786864122300,15.809063000006063,1,no_target,,640,480,search,5.355766,160.912194,0,,,,,,,,,,,,,,,,,,,1,,249,CLEAR,没有检测到 bad 能量块,,,0,0,1,1204,1200,953,1230,40,956,21,17,3,10,1,0,0,1,1,1,1,1
14.836707,bad_left_far,,73,1786864122454,2.2403030000077706,1,no_target,,640,480,search,5.368536,151.92776,0,,,,,,,,,,,,,,,,,,,1,,253,CLEAR,没有检测到 bad 能量块,,,0,0,1,1141,1171,928,1190,49,937,21,21,2,10,1,0,1,1,1,1,1,1
14.997741,bad_left_far,,74,1786864122610,7.9861780000101135,1,no_target,,640,480,search,5.380563,149.774029,0,,,,,,,,,,,,,,,,,,,1,,189,CLEAR,没有检测到 bad 能量块,,,0,0,1,1042,1169,887,1115,670,958,21,29,2,9,1,0,1,1,1,1,0,1
15.15878,bad_left_far,,75,1786864122776,2.810161000070366,1,no_target,,640,480,search,5.388178,160.96971,0,,,,,,,,,,,,,,,,,,,1,,190,CLEAR,没有检测到 bad 能量块,,,0,0,1,1040,1158,873,1072,261,956,517,19,2,10,0,1,1,1,1,1,0,1
15.32,bad_left_far,,76,1786864122936,4.027226999824052,1,target,,640,480,push,5.397971,152.089626,2,0,0,0,good,0.914949,492,287,601,371,109.0,84.0,9156.0,0.0298046875,547,329,0.709375,0.370833,,1,,190,AVOID_ARC_LEFT,bad 位于侧方，差速前进绕开,0.2625,0.056666666666666664,400,500,1,1047,1182,877,1080,191,956,291,138,3,10,0,1,1,1,1,1,0,1
15.32,bad_left_far,,76,1786864122936,4.027226999824052,1,target,,640,480,push,5.397971,152.089626,2,1,1,1,bad,0.940364,336,289,472,417,136.0,128.0,17408.0,0.056666666666666664,404,353,0.2625,0.470833,,1,,190,AVOID_ARC_LEFT,bad 位于侧方，差速前进绕开,0.2625,0.056666666666666664,400,500,1,1047,1182,877,1080,191,956,291,138,3,10,0,1,1,1,1,1,0,1
15.50113,bad_left_far,,77,1786864123107,13.814421000006405,1,target,,640,480,push,5.403241,169.301638,3,0,0,0,good,0.925995,464,283,569,365,105.0,82.0,8610.0,0.02802734375,517,324,0.615625,0.35,,1,,190,AVOID_ARC_LEFT,bad 位于侧方，差速前进绕开,0.2,0.05586263020833333,400,500,1,1031,1223,912,1161,22,971,306,190,3,10,0,1,1,1,1,1,0,1
15.50113,bad_left_far,,77,1786864123107,13.814421000006405,1,target,,640,480,push,5.403241,169.301638,3,1,0,0,good,0.869185,596,291,640,382,44.0,91.0,4004.0,0.013033854166666666,618,337,0.93125,0.404167,,1,,190,AVOID_ARC_LEFT,bad 位于侧方，差速前进绕开,0.2,0.05586263020833333,400,500,1,1031,1223,912,1161,22,971,306,190,3,10,0,1,1,1,1,1,0,1
15.50113,bad_left_far,,77,1786864123107,13.814421000006405,1,target,,640,480,push,5.403241,169.301638,3,2,1,1,bad,0.94829,318,286,449,417,131.0,131.0,17161.0,0.05586263020833333,384,352,0.2,0.466667,,1,,190,AVOID_ARC_LEFT,bad 位于侧方，差速前进绕开,0.2,0.05586263020833333,400,500,1,1031,1223,912,1161,22,971,306,190,3,10,0,1,1,1,1,1,0,1
15.662116,bad_left_far,,78,1786864123272,9.943986000052973,1,target,,640,480,scan_with_ir,5.410806,158.168714,1,0,1,1,bad,0.872911,259,286,385,416,126.0,130.0,16380.0,0.0533203125,322,351,0.00625,0.4625,,1,,190,AVOID_TURN_LEFT,bad 接近画面中心，原地大转避开,0.00625,0.0533203125,-400,400,1,1066,1306,961,1225,23,1019,21,303,4,9,0,1,1,1,1,1,0,1
15.824655,bad_left_far,,79,1786864123435,9.832321999965643,1,target,,640,480,push,5.419091,160.081506,2,0,0,0,good,0.939394,396,282,482,361,86.0,79.0,6794.0,0.022115885416666668,439,322,0.371875,0.341667,,1,,190,AVOID_ARC_RIGHT,bad 位于侧方，差速前进绕开,-0.303125,0.08932291666666667,500,400,1,1194,1384,1078,1360,23,986,174,512,4,10,0,1,1,1,1,1,0,1
15.824655,bad_left_far,,79,1786864123435,9.832321999965643,1,target,,640,480,push,5.419091,160.081506,2,1,1,1,bad,0.685466,153,284,293,480,140.0,196.0,27440.0,0.08932291666666667,223,382,-0.303125,0.591667,,1,,190,AVOID_ARC_RIGHT,bad 位于侧方，差速前进绕开,-0.303125,0.08932291666666667,500,400,1,1194,1384,1078,1360,23,986,174,512,4,10,0,1,1,1,1,1,0,1
15.986227,bad_left_far,,80,1786864123590,15.739193999934287,1,target,,640,480,push,5.429651,153.281191,2,0,0,0,good,0.950973,383,281,473,366,90.0,85.0,7650.0,0.02490234375,428,324,0.3375,0.35,,1,,190,AVOID_ARC_RIGHT,bad 位于侧方，差速前进绕开,-0.396875,0.109814453125,500,400,1,1168,1424,1032,1376,23,1085,31,659,6,9,0,1,1,1,1,1,0,1
15.986227,bad_left_far,,80,1786864123590,15.739193999934287,1,target,,640,480,push,5.429651,153.281191,2,1,1,1,bad,0.785357,106,284,279,479,173.0,195.0,33735.0,0.109814453125,193,382,-0.396875,0.591667,,1,,190,AVOID_ARC_RIGHT,bad 位于侧方，差速前进绕开,-0.396875,0.109814453125,500,400,1,1168,1424,1032,1376,23,1085,31,659,6,9,0,1,1,1,1,1,0,1
16.147731,bad_left_far,,81,1786864123750,18.012735999946017,1,target,,640,480,push,5.438747,156.429956,3,0,0,0,good,0.960304,407,285,506,376,99.0,91.0,9009.0,0.029326171875,457,331,0.428125,0.379167,,1,,190,AVOID_ARC_RIGHT,bad 位于侧方，差速前进绕开,-0.353125,0.11622721354166667,500,400,1,1182,1480,1108,1436,378,1171,78,986,8,10,0,1,1,1,1,1,0,1
16.147731,bad_left_far,,81,1786864123750,18.012735999946017,1,target,,640,480,push,5.438747,156.429956,3,1,0,0,good,0.858667,302,282,379,368,77.0,86.0,6622.0,0.021555989583333334,341,325,0.065625,0.354167,,1,,190,AVOID_ARC_RIGHT,bad 位于侧方，差速前进绕开,-0.353125,0.11622721354166667,500,400,1,1182,1480,1108,1436,378,1171,78,986,8,10,0,1,1,1,1,1,0,1
16.147731,bad_left_far,,81,1786864123750,18.012735999946017,1,target,,640,480,push,5.438747,156.429956,3,2,1,1,bad,0.93084,114,287,299,480,185.0,193.0,35705.0,0.11622721354166667,207,384,-0.353125,0.6,,1,,190,AVOID_ARC_RIGHT,bad 位于侧方，差速前进绕开,-0.353125,0.11622721354166667,500,400,1,1182,1480,1108,1436,378,1171,78,986,8,10,0,1,1,1,1,1,0,1
16.309171,bad_left_far,,82,1786864123928,0.9916450001128396,1,target,,640,480,push,5.440694,176.38139,3,0,0,0,good,0.968362,406,288,509,383,103.0,95.0,9785.0,0.03185221354166667,458,336,0.43125,0.4,,1,,254,AVOID_ARC_RIGHT,bad 位于侧方，差速前进绕开,-0.403125,0.13421223958333334,500,400,1,1267,1555,1178,1529,264,1003,125,1313,10,10,0,1,1,1,1,1,1,1
16.309171,bad_left_far,,82,1786864123928,0.9916450001128396,1,target,,640,480,push,5.440694,176.38139,3,1,0,0,good,0.833147,300,284,375,372,75.0,88.0,6600.0,0.021484375,338,328,0.05625,0.366667,,1,,254,AVOID_ARC_RIGHT,bad 位于侧方，差速前进绕开,-0.403125,0.13421223958333334,500,400,1,1267,1555,1178,1529,264,1003,125,1313,10,10,0,1,1,1,1,1,1,1
16.309171,bad_left_far,,82,1786864123928,0.9916450001128396,1,target,,640,480,push,5.440694,176.38139,3,2,1,1,bad,0.780301,82,289,299,479,217.0,190.0,41230.0,0.13421223958333334,191,384,-0.403125,0.6,,1,,254,AVOID_ARC_RIGHT,bad 位于侧方，差速前进绕开,-0.403125,0.13421223958333334,500,400,1,1267,1555,1178,1529,264,1003,125,1313,10,10,0,1,1,1,1,1,1,1
16.470307,bad_left_far,,83,1786864124078,11.789464000003136,1,target,,640,480,push,5.452634,148.135748,3,0,0,0,good,0.959999,414,287,531,395,117.0,108.0,12636.0,0.0411328125,473,341,0.478125,0.420833,,1,,254,AVOID_ARC_RIGHT,bad 位于侧方，差速前进绕开,-0.4875,0.16351888020833333,500,400,1,1310,1562,1216,1603,329,956,190,1373,10,10,0,1,1,1,1,1,1,1
16.470307,bad_left_far,,83,1786864124078,11.789464000003136,1,target,,640,480,push,5.452634,148.135748,3,1,0,0,good,0.834445,291,286,377,385,86.0,99.0,8514.0,0.02771484375,334,336,0.04375,0.4,,1,,254,AVOID_ARC_RIGHT,bad 位于侧方，差速前进绕开,-0.4875,0.16351888020833333,500,400,1,1310,1562,1216,1603,329,956,190,1373,10,10,0,1,1,1,1,1,1,1
16.470307,bad_left_far,,83,1786864124078,11.789464000003136,1,target,,640,480,push,5.452634,148.135748,3,2,1,1,bad,0.581854,32,286,295,477,263.0,191.0,50233.0,0.16351888020833333,164,382,-0.4875,0.591667,,1,,254,AVOID_ARC_RIGHT,bad 位于侧方，差速前进绕开,-0.4875,0.16351888020833333,500,400,1,1310,1562,1216,1603,329,956,190,1373,10,10,0,1,1,1,1,1,1,1
16.611622,bad_left_far,,84,1786864124229,2.8483640001013555,1,target,,640,480,push,5.464426,148.030249,3,0,0,0,good,0.950186,424,288,551,411,127.0,123.0,15621.0,0.050849609375,488,350,0.525,0.458333,,1,,254,AVOID_ARC_RIGHT,bad 位于侧方，差速前进绕开,-0.525,0.1684375,500,400,1,1347,1185,891,1640,227,924,224,1360,10,9,0,1,1,1,1,1,1,1
16.611622,bad_left_far,,84,1786864124229,2.8483640001013555,1,target,,640,480,push,5.464426,148.030249,3,1,0,0,good,0.907603,280,288,376,397,96.0,109.0,10464.0,0.0340625,328,343,0.025,0.429167,,1,,254,AVOID_ARC_RIGHT,bad 位于侧方，差速前进绕开,-0.525,0.1684375,500,400,1,1347,1185,891,1640,227,924,224,1360,10,9,0,1,1,1,1,1,1,1
16.611622,bad_left_far,,84,1786864124229,2.8483640001013555,1,target,,640,480,push,5.464426,148.030249,3,2,1,1,bad,0.357477,20,282,284,478,264.0,196.0,51744.0,0.1684375,152,380,-0.525,0.583333,,1,,254,AVOID_ARC_RIGHT,bad 位于侧方，差速前进绕开,-0.525,0.1684375,500,400,1,1347,1185,891,1640,227,924,224,1360,10,9,0,1,1,1,1,1,1,1
16.772783,bad_left_far,,85,1786864124393,0.0626280000233237,1,target,,640,480,push,5.471133,161.853466,3,0,0,0,good,0.942409,433,286,572,428,139.0,142.0,19738.0,0.06425130208333334,503,357,0.571875,0.4875,,1,,254,AVOID_ARC_RIGHT,bad 位于侧方，差速前进绕开,-0.5125,0.1629296875,500,400,1,1345,1783,871,1403,24,929,324,1374,11,10,0,1,1,1,1,1,1,1
16.772783,bad_left_far,,85,1786864124393,0.0626280000233237,1,target,,640,480,push,5.471133,161.853466,3,1,0,0,good,0.922378,278,289,378,413,100.0,124.0,12400.0,0.040364583333333336,328,351,0.025,0.4625,,1,,254,AVOID_ARC_RIGHT,bad 位于侧方，差速前进绕开,-0.5125,0.1629296875,500,400,1,1345,1783,871,1403,24,929,324,1374,11,10,0,1,1,1,1,1,1,1
16.772783,bad_left_far,,85,1786864124393,0.0626280000233237,1,target,,640,480,push,5.471133,161.853466,3,2,1,1,bad,0.413718,27,284,285,478,258.0,194.0,50052.0,0.1629296875,156,381,-0.5125,0.5875,,1,,254,AVOID_ARC_RIGHT,bad 位于侧方，差速前进绕开,-0.5125,0.1629296875,500,400,1,1345,1783,871,1403,24,929,324,1374,11,10,0,1,1,1,1,1,1,1
16.953961,bad_left_far,,86,1786864124559,14.780344000200785,1,target,,640,480,push,5.476781,164.260801,1,0,0,0,good,0.692888,431,281,618,468,187.0,187.0,34969.0,0.11383138020833333,525,375,0.640625,0.5625,,1,,246,CLEAR,没有检测到 bad 能量块,,,0,0,1,1369,1440,948,1134,210,941,246,1406,10,9,0,1,1,0,1,1,1,1
17.115474,bad_left_far,,87,1786864124727,8.609514999989187,1,no_target,,640,480,search,5.481927,165.57381,0,,,,,,,,,,,,,,,,,,,1,,246,CLEAR,没有检测到 bad 能量块,,,0,0,1,1365,1798,1233,1157,78,908,306,1330,10,10,0,1,1,0,1,1,1,1
17.276703,bad_left_far,,88,1786864124894,2.8459929999371525,1,target,,640,480,push,5.487245,164.771698,1,0,0,0,good,0.674745,269,295,385,480,116.0,185.0,21460.0,0.06985677083333333,327,388,0.021875,0.616667,,1,,246,CLEAR,没有检测到 bad 能量块,,,0,0,1,1369,1782,1231,1173,23,923,93,1345,11,10,0,1,1,0,1,1,1,1
17.457845,bad_left_far,,89,1786864125059,18.28226700013147,1,target,,640,480,push,5.492808,163.646796,1,0,0,0,good,0.73795,270,293,388,480,118.0,187.0,22066.0,0.07182942708333333,329,387,0.028125,0.6125,,1,,246,CLEAR,没有检测到 bad 能量块,,,0,0,1,1366,1780,1232,1172,23,920,296,1346,10,10,0,1,1,0,1,1,1,1
17.598896,bad_left_far,,90,1786864125219,0.16788499988251715,1,target,,640,480,push,5.500514,154.158335,1,0,0,0,good,0.746569,270,292,386,480,116.0,188.0,21808.0,0.07098958333333333,328,386,0.025,0.608333,,1,,246,CLEAR,没有检测到 bad 能量块,,,0,0,1,1361,1776,1227,1166,294,923,272,1345,9,10,0,1,1,0,1,1,1,1
17.780368,bad_left_far,,91,1786864125381,19.579517000011037,1,target,,640,480,push,5.507048,159.179559,1,0,0,0,good,0.750248,270,293,387,480,117.0,187.0,21879.0,0.071220703125,329,387,0.028125,0.6125,,1,,246,CLEAR,没有检测到 bad 能量块,,,0,0,1,1367,1782,1232,1171,22,922,306,1346,10,9,0,1,1,0,1,1,1,1
17.922006,bad_left_far,,92,1786864125536,6.208327999956964,1,target,,640,480,push,5.515835,152.8774,1,0,0,0,good,0.732908,270,292,386,480,116.0,188.0,21808.0,0.07098958333333333,328,386,0.025,0.608333,,1,,246,CLEAR,没有检测到 bad 能量块,,,0,0,1,1361,1773,1226,1165,391,924,240,1346,10,9,0,1,1,0,1,1,1,1
18.103322,bad_left_far,,93,1786864125704,19.4730560001517,1,target,,640,480,push,5.520156,166.085242,1,0,0,0,good,0.787989,270,291,385,480,115.0,189.0,21735.0,0.070751953125,328,386,0.025,0.608333,,1,,246,CLEAR,没有检测到 bad 能量块,,,0,0,1,1372,1779,1231,1173,22,923,322,1346,11,9,0,1,1,0,1,1,1,1
18.545915,bad_left_far,,,,,0,no_data_or_stale,,,,search,,,0,,,,,,,,,,,,,,,,,,,1,,246,VISION_STOP,no_data_or_stale,,,0,0,1,1368,1783,1227,1145,376,954,288,858,8,9,0,1,1,0,1,1,1,1
18.687482,bad_left_far,,94,1786864126297,10.417419999839694,1,target,,640,480,push,5.389752,586.238299,1,0,0,0,good,0.717253,270,293,385,480,115.0,187.0,21505.0,0.07000325520833334,328,387,0.025,0.6125,,1,,246,CLEAR,没有检测到 bad 能量块,,,0,0,1,1364,1665,1201,1147,92,942,49,613,5,9,0,1,1,0,1,1,1,1
18.868995,bad_left_far,,95,1786864126472,17.196698000134347,1,target,,640,480,push,5.393066,167.621595,1,0,0,0,good,0.76657,271,293,387,480,116.0,187.0,21692.0,0.07061197916666667,329,387,0.028125,0.6125,,1,,246,CLEAR,没有检测到 bad 能量块,,,0,0,1,1366,1654,1211,1144,210,925,255,647,6,9,0,1,1,0,1,1,1,1
19.030786,bad_left_far,,96,1786864126648,2.9009180000230117,1,no_target,,640,480,search,5.395879,169.411056,0,,,,,,,,,,,,,,,,,,,1,,246,CLEAR,没有检测到 bad 能量块,,,0,0,1,1363,1651,1209,1140,77,924,125,647,6,10,0,1,1,0,1,1,1,1
19.212036,bad_left_far,,97,1786864126812,19.63197800000671,1,no_target,,640,480,search,5.402111,154.048725,0,,,,,,,,,,,,,,,,,,,1,,246,CLEAR,没有检测到 bad 能量块,,,0,0,1,1363,1650,1208,1140,210,939,207,658,6,10,0,1,1,0,1,1,1,1
19.353128,bad_left_far,,98,1786864126968,5.171017000066058,1,no_target,,640,480,search,5.410969,153.40972,0,,,,,,,,,,,,,,,,,,,1,,246,CLEAR,没有检测到 bad 能量块,,,0,0,1,1357,1643,1204,1136,192,924,208,647,6,10,0,1,1,0,1,1,1,1
19.534468,bad_left_far,,99,1786864127136,18.379043000095407,1,no_target,,640,480,search,5.415878,166.221384,0,,,,,,,,,,,,,,,,,,,1,,246,CLEAR,没有检测到 bad 能量块,,,0,0,1,1358,1646,1205,1138,606,941,307,644,6,10,0,1,1,0,1,1,1,1
19.675585,bad_left_far,,100,1786864127291,4.118113000004087,1,no_target,,640,480,search,5.424485,153.273148,0,,,,,,,,,,,,,,,,,,,1,,246,CLEAR,没有检测到 bad 能量块,,,0,0,1,1351,1729,1166,1139,621,940,77,597,6,9,0,1,1,0,1,1,1,1
19.857443,bad_left_far,,101,1786864127462,15.205574999981764,1,no_target,,640,480,search,5.428432,168.731903,0,,,,,,,,,,,,,,,,,,,1,,246,CLEAR,没有检测到 bad 能量块,,,0,0,1,1362,1629,1129,1138,176,940,191,710,6,10,0,1,1,0,1,1,1,1
20.018777,bad_left_far,,102,1786864127637,1.7080000000078144,1,no_target,,640,480,search,5.431154,172.753592,0,,,,,,,,,,,,,,,,,,,1,,246,CLEAR,没有检测到 bad 能量块,,,0,0,1,1365,1641,1112,1144,60,940,164,661,6,10,0,1,1,0,1,1,1,1
20.200213,bad_left_far,,103,1786864127806,14.330945999972755,1,no_target,,640,480,search,5.435545,162.843679,0,,,,,,,,,,,,,,,,,,,1,,246,CLEAR,没有检测到 bad 能量块,,,0,0,1,1384,1649,1135,1158,176,938,190,712,6,10,0,1,1,0,1,1,1,1
20.361627,bad_left_far,,104,1786864127966,15.655286999844975,1,no_target,,640,480,search,5.442314,153.458514,0,,,,,,,,,,,,,,,,,,,1,,246,CLEAR,没有检测到 bad 能量块,,,0,0,1,1355,1759,991,1127,473,940,190,615,6,10,0,1,1,0,1,1,1,1
20.502552,bad_left_far,,105,1786864128122,0.06536900013998093,1,no_target,,640,480,search,5.45004,153.876855,0,,,,,,,,,,,,,,,,,,,1,,246,CLEAR,没有检测到 bad 能量块,,,0,0,1,1361,1794,893,1133,59,940,157,544,5,10,0,1,1,0,1,1,1,1
20.665045,bad_left_far,,106,1786864128278,7.161362000033478,1,no_target,,640,480,search,5.457916,153.119483,0,,,,,,,,,,,,,,,,,,,1,,246,CLEAR,没有检测到 bad 能量块,,,0,0,1,1369,1802,898,1139,176,952,158,550,5,10,0,1,1,0,1,1,1,1
20.826253,bad_left_far,,107,1786864128440,6.46348800000851,1,no_target,,640,480,search,5.463875,156.243137,0,,,,,,,,,,,,,,,,,,,1,,246,CLEAR,没有检测到 bad 能量块,,,0,0,1,1363,1796,896,1136,277,939,158,550,6,9,0,1,1,0,1,1,1,1
20.987532,bad_left_far,,108,1786864128603,4.059465999944223,1,no_target,,640,480,search,5.469206,161.689499,0,,,,,,,,,,,,,,,,,,,1,,246,CLEAR,没有检测到 bad 能量块,,,0,0,1,1358,1790,891,1130,289,939,181,583,6,10,0,1,1,0,1,1,1,1
21.148487,bad_left_far,,109,1786864128753,15.43316200013578,1,no_target,,640,480,search,5.478344,147.447051,0,,,,,,,,,,,,,,,,,,,1,,246,CLEAR,没有检测到 bad 能量块,,,0,0,1,1348,1787,886,1129,294,924,124,550,5,9,0,1,1,0,1,1,1,1
21.289567,bad_left_far,,110,1786864128908,1.5802810000877798,1,target,,640,480,push,5.485904,152.722917,1,0,0,0,good,0.600791,296,288,408,427,112.0,139.0,15568.0,0.05067708333333333,352,358,0.1,0.491667,,1,,254,CLEAR,没有检测到 bad 能量块,,,0,0,1,1260,1761,877,1143,49,939,191,502,6,10,0,1,1,1,1,1,1,1
21.450852,bad_left_far,,111,1786864129062,8.622126000091157,1,no_target,,640,480,search,5.493508,147.158687,0,,,,,,,,,,,,,,,,,,,1,,246,CLEAR,没有检测到 bad 能量块,,,0,0,1,1244,1753,878,1145,638,940,256,467,5,10,0,1,1,0,1,1,1,1
21.593643,bad_left_far,,112,1786864129212,1.6368530000363535,1,target,,640,480,push,5.502237,147.31696,1,0,0,0,good,0.623365,409,298,616,479,207.0,181.0,37467.0,0.121962890625,513,389,0.603125,0.620833,,1,,246,CLEAR,没有检测到 bad 能量块,,,0,0,1,1244,1752,877,1145,391,922,208,466,5,9,0,1,1,0,1,1,1,1
21.754997,bad_left_far,,113,1786864129362,13.024010999970415,1,target,,640,480,push,5.510767,147.865893,1,0,0,0,good,0.633975,408,298,616,479,208.0,181.0,37648.0,0.12255208333333334,512,389,0.6,0.620833,,1,,254,CLEAR,没有检测到 bad 能量块,,,0,0,1,1344,1720,883,1147,408,941,240,517,5,10,0,1,1,1,1,1,1,1
21.896117,bad_left_far,,114,1786864129514,2.2751909998532938,1,no_target,,640,480,search,5.518643,149.744518,0,,,,,,,,,,,,,,,,,,,1,,246,CLEAR,没有检测到 bad 能量块,,,0,0,1,1380,1565,878,1147,246,937,191,582,6,10,0,1,1,0,1,1,1,1
22.05758,bad_left_far,,115,1786864129666,11.306251999940287,1,no_target,,640,480,search,5.526245,148.8615,0,,,,,,,,,,,,,,,,,,,1,,254,CLEAR,没有检测到 bad 能量块,,,0,0,1,1388,1537,880,1155,541,940,164,579,6,9,0,1,1,1,1,1,1,1
22.218659,bad_left_far,,116,1786864129819,19.581700999879104,1,no_target,,640,480,search,5.533662,147.504826,0,,,,,,,,,,,,,,,,,,,1,,254,CLEAR,没有检测到 bad 能量块,,,0,0,1,1396,1593,886,1158,158,941,175,565,5,9,0,1,1,1,1,1,1,1
22.420623,bad_left_far,,117,1786864130026,14.343963999863263,1,no_target,,640,480,search,5.526739,201.6644,0,,,,,,,,,,,,,,,,,,,1,,254,CLEAR,没有检测到 bad 能量块,,,0,0,1,1365,1738,879,1134,494,942,60,534,6,9,0,1,1,1,1,1,1,1
22.581925,bad_left_far,,118,1786864130189,12.691352000047118,1,no_target,,640,480,search,5.531417,156.174394,0,,,,,,,,,,,,,,,,,,,1,,254,CLEAR,没有检测到 bad 能量块,,,0,0,1,1354,1716,881,1152,22,939,356,519,5,9,0,1,1,1,1,1,1,1
22.723037,bad_left_far,,119,1786864130340,3.355370999997831,1,no_target,,640,480,search,5.539228,148.443601,0,,,,,,,,,,,,,,,,,,,1,,254,CLEAR,没有检测到 bad 能量块,,,0,0,1,1321,1216,855,1605,24,938,257,386,4,9,0,1,1,1,1,1,1,1
22.884229,bad_left_far,,120,1786864130499,5.003464999845164,1,no_target,,640,480,search,5.544598,157.484717,0,,,,,,,,,,,,,,,,,,,1,,254,CLEAR,没有检测到 bad 能量块,,,0,0,1,1260,1308,981,1554,35,922,240,272,4,9,0,1,1,1,1,1,1,1
23.06553,bad_left_far,,121,1786864130666,19.609144000014567,1,no_target,,640,480,search,5.548045,164.672134,0,,,,,,,,,,,,,,,,,,,1,,190,CLEAR,没有检测到 bad 能量块,,,0,0,1,1207,1508,1139,1468,232,941,191,183,3,10,0,1,1,1,1,1,0,1
23.347726,bad_left_far,,122,1786864130963,4.51803100008874,1,no_target,,640,480,search,5.518694,295.062056,0,,,,,,,,,,,,,,,,,,,1,,190,CLEAR,没有检测到 bad 能量块,,,0,0,1,1194,1473,1110,1446,23,935,189,156,3,10,0,1,1,1,1,1,0,1
23.754126,bad_left_far,,123,1786864131358,15.799745999856896,1,no_target,,640,480,search,5.466238,392.497233,0,,,,,,,,,,,,,,,,,,,1,,190,CLEAR,没有检测到 bad 能量块,,,0,0,1,1202,1486,1120,1457,23,940,92,139,3,9,0,1,1,1,1,1,0,1
23.915201,bad_left_far,,124,1786864131515,19.80739900000117,1,no_target,,640,480,search,5.472474,155.018844,0,,,,,,,,,,,,,,,,,,,1,,190,CLEAR,没有检测到 bad 能量块,,,0,0,1,1206,1485,1121,1460,77,940,92,172,3,9,0,1,1,1,1,1,0,1
24.077075,bad_left_far,,125,1786864131694,2.498722999916936,1,no_target,,640,480,search,5.473345,171.938658,0,,,,,,,,,,,,,,,,,,,1,,190,CLEAR,没有检测到 bad 能量块,,,0,0,1,1200,1474,1115,1450,23,940,109,156,3,10,0,1,1,1,1,1,0,1
24.238295,bad_left_far,,126,1786864131849,8.953303999987838,1,target,,640,480,push,5.479992,147.21483,2,0,0,0,good,0.954387,392,285,525,411,133.0,126.0,16758.0,0.05455078125,459,348,0.434375,0.45,,1,,190,AVOID_ARC_RIGHT,bad 位于侧方，差速前进绕开,-0.25625,0.04638671875,500,400,1,1214,1481,1122,1463,230,941,21,139,3,9,0,1,1,1,1,1,0,1
24.238295,bad_left_far,,126,1786864131849,8.953303999987838,1,target,,640,480,push,5.479992,147.21483,2,1,1,1,bad,0.918259,175,276,300,390,125.0,114.0,14250.0,0.04638671875,238,333,-0.25625,0.3875,,1,,190,AVOID_ARC_RIGHT,bad 位于侧方，差速前进绕开,-0.25625,0.04638671875,500,400,1,1214,1481,1122,1463,230,941,21,139,3,9,0,1,1,1,1,1,0,1
24.399315,bad_left_far,,127,1786864132005,14.007804000129909,1,target,,640,480,push,5.486259,148.467913,2,0,0,0,good,0.964135,396,287,528,412,132.0,125.0,16500.0,0.0537109375,462,350,0.44375,0.458333,,1,,190,AVOID_ARC_RIGHT,bad 位于侧方，差速前进绕开,-0.253125,0.04293294270833333,500,400,1,1212,1493,1132,1468,24,925,27,188,3,9,0,1,1,1,1,1,0,1
24.399315,bad_left_far,,127,1786864132005,14.007804000129909,1,target,,640,480,push,5.486259,148.467913,2,1,1,1,bad,0.953022,178,278,299,387,121.0,109.0,13189.0,0.04293294270833333,239,333,-0.253125,0.3875,,1,,190,AVOID_ARC_RIGHT,bad 位于侧方，差速前进绕开,-0.253125,0.04293294270833333,500,400,1,1212,1493,1132,1468,24,925,27,188,3,9,0,1,1,1,1,1,0,1
24.560715,bad_left_far,,128,1786864132165,15.60404700012441,1,target,,640,480,push,5.491553,157.363253,2,0,0,0,good,0.960788,400,287,535,415,135.0,128.0,17280.0,0.05625,468,351,0.4625,0.4625,,1,,254,AVOID_ARC_RIGHT,bad 位于侧方，差速前进绕开,-0.259375,0.043020833333333335,500,400,1,1254,1540,1162,1534,23,938,110,205,4,9,0,1,1,1,1,1,1,1
24.560715,bad_left_far,,128,1786864132165,15.60404700012441,1,target,,640,480,push,5.491553,157.363253,2,1,1,1,bad,0.946633,178,278,296,390,118.0,112.0,13216.0,0.043020833333333335,237,334,-0.259375,0.391667,,1,,254,AVOID_ARC_RIGHT,bad 位于侧方，差速前进绕开,-0.259375,0.043020833333333335,500,400,1,1254,1540,1162,1534,23,938,110,205,4,9,0,1,1,1,1,1,1,1
24.701706,bad_left_far,,129,1786864132315,6.390600000031554,1,target,,640,480,push,5.499021,147.735928,3,0,0,0,good,0.961258,401,285,542,424,141.0,139.0,19599.0,0.063798828125,472,355,0.475,0.479167,,1,,254,AVOID_ARC_RIGHT,bad 位于侧方，差速前进绕开,-0.26875,0.04924479166666667,500,400,1,1277,1190,896,1579,178,956,273,272,4,10,0,1,1,1,1,1,1,1
24.701706,bad_left_far,,129,1786864132315,6.390600000031554,1,target,,640,480,push,5.499021,147.735928,3,1,0,0,good,0.683175,187,279,376,394,189.0,115.0,21735.0,0.070751953125,282,337,-0.11875,0.404167,,1,,254,AVOID_ARC_RIGHT,bad 位于侧方，差速前进绕开,-0.26875,0.04924479166666667,500,400,1,1277,1190,896,1579,178,956,273,272,4,10,0,1,1,1,1,1,1,1
24.701706,bad_left_far,,129,1786864132315,6.390600000031554,1,target,,640,480,push,5.499021,147.735928,3,2,1,1,bad,0.87556,172,276,296,398,124.0,122.0,15128.0,0.04924479166666667,234,337,-0.26875,0.404167,,1,,254,AVOID_ARC_RIGHT,bad 位于侧方，差速前进绕开,-0.26875,0.04924479166666667,500,400,1,1277,1190,896,1579,178,956,273,272,4,10,0,1,1,1,1,1,1,1
24.842858,bad_left_far,,130,1786864132462,0.7058179999148706,1,target,,640,480,push,5.507186,144.032805,3,0,0,0,good,0.963157,397,290,555,435,158.0,145.0,22910.0,0.07457682291666666,476,363,0.4875,0.5125,,1,,254,AVOID_ARC_RIGHT,bad 位于侧方，差速前进绕开,-0.39375,0.06243489583333333,500,400,1,1282,1198,1183,1593,41,956,21,287,3,10,0,1,1,1,1,1,1,1
24.842858,bad_left_far,,130,1786864132462,0.7058179999148706,1,target,,640,480,push,5.507186,144.032805,3,1,0,0,good,0.922463,266,280,362,395,96.0,115.0,11040.0,0.0359375,314,338,-0.01875,0.408333,,1,,254,AVOID_ARC_RIGHT,bad 位于侧方，差速前进绕开,-0.39375,0.06243489583333333,500,400,1,1282,1198,1183,1593,41,956,21,287,3,10,0,1,1,1,1,1,1,1
24.842858,bad_left_far,,130,1786864132462,0.7058179999148706,1,target,,640,480,push,5.507186,144.032805,3,2,1,1,bad,0.8153,124,282,264,419,140.0,137.0,19180.0,0.06243489583333333,194,351,-0.39375,0.4625,,1,,254,AVOID_ARC_RIGHT,bad 位于侧方，差速前进绕开,-0.39375,0.06243489583333333,500,400,1,1282,1198,1183,1593,41,956,21,287,3,10,0,1,1,1,1,1,1,1
25.003971,bad_left_far,,131,1786864132617,6.639520999897286,1,target,,640,480,push,5.513301,152.268273,3,0,0,0,good,0.957784,399,293,594,451,195.0,158.0,30810.0,0.10029296875,497,372,0.553125,0.55,,1,,246,AVOID_ARC_RIGHT,bad 位于侧方，差速前进绕开,-0.275,0.15266927083333334,500,400,1,1292,1180,1182,1274,279,957,224,368,4,9,0,1,1,0,1,1,1,1
25.003971,bad_left_far,,131,1786864132617,6.639520999897286,1,target,,640,480,push,5.513301,152.268273,3,1,0,0,good,0.728356,193,280,359,409,166.0,129.0,21414.0,0.06970703125,276,345,-0.1375,0.4375,,1,,246,AVOID_ARC_RIGHT,bad 位于侧方，差速前进绕开,-0.275,0.15266927083333334,500,400,1,1292,1180,1182,1274,279,957,224,368,4,9,0,1,1,0,1,1,1,1
25.003971,bad_left_far,,131,1786864132617,6.639520999897286,1,target,,640,480,push,5.513301,152.268273,3,2,1,1,bad,0.477996,98,279,366,454,268.0,175.0,46900.0,0.15266927083333334,232,367,-0.275,0.529167,,1,,246,AVOID_ARC_RIGHT,bad 位于侧方，差速前进绕开,-0.275,0.15266927083333334,500,400,1,1292,1180,1182,1274,279,957,224,368,4,9,0,1,1,0,1,1,1,1
25.165214,bad_left_far,,132,1786864132768,17.217326000036337,1,target,,640,480,push,5.520384,148.153882,2,0,0,0,good,0.95374,413,297,640,455,227.0,158.0,35866.0,0.11675130208333333,527,376,0.646875,0.566667,,1,,254,CLEAR,没有检测到 bad 能量块,,,0,0,1,1276,1277,1133,1626,232,1005,1085,373,4,10,0,1,1,1,1,1,1,1
25.165214,bad_left_far,,132,1786864132768,17.217326000036337,1,target,,640,480,push,5.520384,148.153882,2,1,0,0,good,0.89544,217,285,351,428,134.0,143.0,19162.0,0.062376302083333335,284,357,-0.1125,0.4875,,1,,254,CLEAR,没有检测到 bad 能量块,,,0,0,1,1276,1277,1133,1626,232,1005,1085,373,4,10,0,1,1,1,1,1,1,1
25.306271,bad_left_far,,133,1786864132923,3.4248330000536953,1,target,,640,480,push,5.526413,152.315605,2,0,0,0,good,0.944231,409,300,640,471,231.0,171.0,39501.0,0.128583984375,525,386,0.640625,0.608333,,1,,254,CLEAR,没有检测到 bad 能量块,,,0,0,1,1283,1569,1145,1641,24,955,877,371,5,9,0,1,1,1,1,1,1,1
25.306271,bad_left_far,,133,1786864132923,3.4248330000536953,1,target,,640,480,push,5.526413,152.315605,2,1,0,0,good,0.850163,160,283,335,480,175.0,197.0,34475.0,0.11222330729166667,248,382,-0.225,0.591667,,1,,254,CLEAR,没有检测到 bad 能量块,,,0,0,1,1283,1569,1145,1641,24,955,877,371,5,9,0,1,1,1,1,1,1,1
25.468308,bad_left_far,,134,1786864133074,14.191947999961485,1,target,,640,480,push,5.533177,148.606834,2,0,0,0,good,0.950186,160,279,322,480,162.0,201.0,32562.0,0.10599609375,241,380,-0.246875,0.583333,,1,,254,CLEAR,没有检测到 bad 能量块,,,0,0,1,1267,1556,1128,1622,369,957,1053,469,5,8,0,1,1,1,1,1,1,1
25.468308,bad_left_far,,134,1786864133074,14.191947999961485,1,target,,640,480,push,5.533177,148.606834,2,1,0,0,good,0.931405,411,300,640,472,229.0,172.0,39388.0,0.12821614583333332,526,386,0.64375,0.608333,,1,,254,CLEAR,没有检测到 bad 能量块,,,0,0,1,1267,1556,1128,1622,369,957,1053,469,5,8,0,1,1,1,1,1,1,1
25.629376,bad_left_far,,135,1786864133245,4.247887999781597,1,target,,640,480,push,5.535389,168.346974,2,0,0,0,good,0.941701,408,300,640,475,232.0,175.0,40600.0,0.13216145833333334,524,388,0.6375,0.616667,,1,,254,CLEAR,没有检测到 bad 能量块,,,0,0,1,1262,1552,1128,1624,24,954,910,340,4,9,0,1,1,1,1,1,1,1
25.629376,bad_left_far,,135,1786864133245,4.247887999781597,1,target,,640,480,push,5.535389,168.346974,2,1,0,0,good,0.918001,167,281,318,480,151.0,199.0,30049.0,0.09781575520833333,243,381,-0.240625,0.5875,,1,,254,CLEAR,没有检测到 bad 能量块,,,0,0,1,1262,1552,1128,1624,24,954,910,340,4,9,0,1,1,1,1,1,1,1
25.790569,bad_left_far,,136,1786864133407,3.1276719998913904,1,target,,640,480,push,5.539545,159.813587,2,0,0,0,good,0.94799,400,300,640,473,240.0,173.0,41520.0,0.13515625,520,387,0.625,0.6125,,1,,254,CLEAR,没有检测到 bad 能量块,,,0,0,1,1271,1278,1128,1614,262,985,794,274,3,9,0,1,1,1,1,1,1,1
25.790569,bad_left_far,,136,1786864133407,3.1276719998913904,1,target,,640,480,push,5.539545,159.813587,2,1,0,0,good,0.925047,166,282,311,480,145.0,198.0,28710.0,0.09345703125,239,381,-0.253125,0.5875,,1,,254,CLEAR,没有检测到 bad 能量块,,,0,0,1,1271,1278,1128,1614,262,985,794,274,3,9,0,1,1,1,1,1,1,1
25.952053,bad_left_far,,137,1786864133563,8.933285000011892,1,target,,640,480,push,5.545093,150.517661,2,0,0,0,good,0.953352,385,299,638,471,253.0,172.0,43516.0,0.14165364583333334,512,385,0.6,0.604167,,1,,254,CLEAR,没有检测到 bad 能量块,,,0,0,1,1254,1180,1146,1562,24,953,273,223,3,10,0,1,1,1,1,1,1,1
25.952053,bad_left_far,,137,1786864133563,8.933285000011892,1,target,,640,480,push,5.545093,150.517661,2,1,0,0,good,0.889941,178,282,314,480,136.0,198.0,26928.0,0.08765625,246,381,-0.23125,0.5875,,1,,254,CLEAR,没有检测到 bad 能量块,,,0,0,1,1254,1180,1146,1562,24,953,273,223,3,10,0,1,1,1,1,1,1,1
26.092967,bad_left_far,,138,1786864133712,0.370381000038833,1,target,,640,480,push,5.551982,144.156709,2,0,0,0,good,0.952312,392,293,601,456,209.0,163.0,34067.0,0.11089518229166667,497,375,0.553125,0.5625,,1,,190,CLEAR,没有检测到 bad 能量块,,,0,0,1,1234,1493,1120,1494,24,969,190,237,4,10,0,1,1,1,1,1,0,1
26.092967,bad_left_far,,138,1786864133712,0.370381000038833,1,target,,640,480,push,5.551982,144.156709,2,1,0,0,good,0.89989,220,284,354,415,134.0,131.0,17554.0,0.057141927083333335,287,350,-0.103125,0.458333,,1,,190,CLEAR,没有检测到 bad 能量块,,,0,0,1,1234,1493,1120,1494,24,969,190,237,4,10,0,1,1,1,1,1,0,1
26.254323,bad_left_far,,139,1786864133861,12.872457999947073,1,target,,640,480,push,5.558919,146.394271,3,0,0,0,good,0.960083,410,291,616,436,206.0,145.0,29870.0,0.09723307291666666,513,364,0.603125,0.516667,,1,,190,AVOID_ARC_RIGHT,bad 位于侧方，差速前进绕开,-0.334375,0.05671549479166667,500,400,1,1210,1494,1116,1465,23,969,158,238,4,10,0,1,1,1,1,1,0,1
26.254323,bad_left_far,,139,1786864133861,12.872457999947073,1,target,,640,480,push,5.558919,146.394271,3,1,0,0,good,0.818797,270,281,386,395,116.0,114.0,13224.0,0.043046875,328,338,0.025,0.408333,,1,,190,AVOID_ARC_RIGHT,bad 位于侧方，差速前进绕开,-0.334375,0.05671549479166667,500,400,1,1210,1494,1116,1465,23,969,158,238,4,10,0,1,1,1,1,1,0,1
26.254323,bad_left_far,,139,1786864133861,12.872457999947073,1,target,,640,480,push,5.558919,146.394271,3,2,1,1,bad,0.698456,147,283,278,416,131.0,133.0,17423.0,0.05671549479166667,213,350,-0.334375,0.458333,,1,,190,AVOID_ARC_RIGHT,bad 位于侧方，差速前进绕开,-0.334375,0.05671549479166667,500,400,1,1210,1494,1116,1465,23,969,158,238,4,10,0,1,1,1,1,1,0,1
26.395218,bad_left_far,,140,1786864134012,2.8824920000261045,1,target,,640,480,push,5.565342,148.748126,3,0,0,0,good,0.960547,451,291,640,438,189.0,147.0,27783.0,0.090439453125,546,365,0.70625,0.520833,,1,,190,AVOID_ARC_RIGHT,bad 位于侧方，差速前进绕开,-0.16875,0.04725911458333333,500,400,1,1216,1496,1120,1470,24,954,61,219,3,9,0,1,1,1,1,1,0,1
26.395218,bad_left_far,,140,1786864134012,2.8824920000261045,1,target,,640,480,push,5.565342,148.748126,3,1,0,0,good,0.865306,322,282,428,389,106.0,107.0,11342.0,0.036920572916666665,375,336,0.171875,0.4,,1,,190,AVOID_ARC_RIGHT,bad 位于侧方，差速前进绕开,-0.16875,0.04725911458333333,500,400,1,1216,1496,1120,1470,24,954,61,219,3,9,0,1,1,1,1,1,0,1
26.395218,bad_left_far,,140,1786864134012,2.8824920000261045,1,target,,640,480,push,5.565342,148.748126,3,2,1,1,bad,0.9215,206,283,325,405,119.0,122.0,14518.0,0.04725911458333333,266,344,-0.16875,0.433333,,1,,190,AVOID_ARC_RIGHT,bad 位于侧方，差速前进绕开,-0.16875,0.04725911458333333,500,400,1,1216,1496,1120,1470,24,954,61,219,3,9,0,1,1,1,1,1,0,1
26.556846,bad_left_far,,141,1786864134160,16.819353000073534,1,target,,640,480,push,5.572372,145.600917,3,0,0,0,good,0.962378,460,292,640,436,180.0,144.0,25920.0,0.084375,550,364,0.71875,0.516667,,1,,254,AVOID_TURN_RIGHT,bad 接近画面中心，原地大转避开,-0.15,0.046484375,400,-400,1,1209,1492,1117,1469,24,940,126,239,3,10,0,1,1,1,1,1,1,1
26.556846,bad_left_far,,141,1786864134160,16.819353000073534,1,target,,640,480,push,5.572372,145.600917,3,1,0,0,good,0.90332,334,283,433,390,99.0,107.0,10593.0,0.034482421875,384,337,0.2,0.404167,,1,,254,AVOID_TURN_RIGHT,bad 接近画面中心，原地大转避开,-0.15,0.046484375,400,-400,1,1209,1492,1117,1469,24,940,126,239,3,10,0,1,1,1,1,1,1,1
26.556846,bad_left_far,,141,1786864134160,16.819353000073534,1,target,,640,480,push,5.572372,145.600917,3,2,1,1,bad,0.918275,212,286,332,405,120.0,119.0,14280.0,0.046484375,272,346,-0.15,0.441667,,1,,254,AVOID_TURN_RIGHT,bad 接近画面中心，原地大转避开,-0.15,0.046484375,400,-400,1,1209,1492,1117,1469,24,940,126,239,3,10,0,1,1,1,1,1,1,1
26.697848,bad_left_far,,142,1786864134317,0.7284650000656256,1,target,,640,480,push,5.577265,154.903787,3,0,0,0,good,0.961767,461,292,640,436,179.0,144.0,25776.0,0.08390625,551,364,0.721875,0.516667,,1,,254,AVOID_TURN_RIGHT,bad 接近画面中心，原地大转避开,-0.15,0.049248046875,400,-400,1,1179,1472,1096,1428,23,971,212,303,4,10,0,1,1,1,1,1,1,1
26.697848,bad_left_far,,142,1786864134317,0.7284650000656256,1,target,,640,480,push,5.577265,154.903787,3,1,0,0,good,0.903945,332,283,433,392,101.0,109.0,11009.0,0.035836588541666665,383,338,0.196875,0.408333,,1,,254,AVOID_TURN_RIGHT,bad 接近画面中心，原地大转避开,-0.15,0.049248046875,400,-400,1,1179,1472,1096,1428,23,971,212,303,4,10,0,1,1,1,1,1,1,1
26.697848,bad_left_far,,142,1786864134317,0.7284650000656256,1,target,,640,480,push,5.577265,154.903787,3,2,1,1,bad,0.921424,210,284,333,407,123.0,123.0,15129.0,0.049248046875,272,346,-0.15,0.441667,,1,,254,AVOID_TURN_RIGHT,bad 接近画面中心，原地大转避开,-0.15,0.049248046875,400,-400,1,1179,1472,1096,1428,23,971,212,303,4,10,0,1,1,1,1,1,1,1
26.85936,bad_left_far,,143,1786864134466,12.808866999876045,1,target,,640,480,push,5.583771,147.110735,3,0,0,0,good,0.957646,474,294,640,435,166.0,141.0,23406.0,0.07619140625,557,365,0.740625,0.520833,,1,,254,AVOID_TURN_RIGHT,bad 接近画面中心，原地大转避开,-0.09375,0.04569010416666667,400,-400,1,1147,1437,1061,1368,24,972,174,189,3,10,0,1,1,1,1,1,1,1
26.85936,bad_left_far,,143,1786864134466,12.808866999876045,1,target,,640,480,push,5.583771,147.110735,3,1,0,0,good,0.899818,348,282,456,391,108.0,109.0,11772.0,0.0383203125,402,337,0.25625,0.404167,,1,,254,AVOID_TURN_RIGHT,bad 接近画面中心，原地大转避开,-0.09375,0.04569010416666667,400,-400,1,1147,1437,1061,1368,24,972,174,189,3,10,0,1,1,1,1,1,1,1
26.85936,bad_left_far,,143,1786864134466,12.808866999876045,1,target,,640,480,push,5.583771,147.110735,3,2,1,1,bad,0.942749,232,283,348,404,116.0,121.0,14036.0,0.04569010416666667,290,344,-0.09375,0.433333,,1,,254,AVOID_TURN_RIGHT,bad 接近画面中心，原地大转避开,-0.09375,0.04569010416666667,400,-400,1,1147,1437,1061,1368,24,972,174,189,3,10,0,1,1,1,1,1,1,1
27.000378,bad_left_far,,144,1786864134617,2.8963059999114193,1,target,,640,480,push,5.589876,148.752773,3,0,0,0,good,0.962673,463,292,640,437,177.0,145.0,25665.0,0.083544921875,552,365,0.725,0.520833,,1,,254,AVOID_TURN_RIGHT,bad 接近画面中心，原地大转避开,-0.09375,0.042669270833333335,400,-400,1,1122,1363,997,1288,26,988,208,156,3,10,0,1,1,1,1,1,1,1
27.000378,bad_left_far,,144,1786864134617,2.8963059999114193,1,target,,640,480,push,5.589876,148.752773,3,1,0,0,good,0.905407,346,282,455,382,109.0,100.0,10900.0,0.035481770833333336,401,332,0.253125,0.383333,,1,,254,AVOID_TURN_RIGHT,bad 接近画面中心，原地大转避开,-0.09375,0.042669270833333335,400,-400,1,1122,1363,997,1288,26,988,208,156,3,10,0,1,1,1,1,1,1,1
27.000378,bad_left_far,,144,1786864134617,2.8963059999114193,1,target,,640,480,push,5.589876,148.752773,3,2,1,1,bad,0.924331,233,281,346,397,113.0,116.0,13108.0,0.042669270833333335,290,339,-0.09375,0.4125,,1,,254,AVOID_TURN_RIGHT,bad 接近画面中心，原地大转避开,-0.09375,0.042669270833333335,400,-400,1,1122,1363,997,1288,26,988,208,156,3,10,0,1,1,1,1,1,1,1
27.161617,bad_left_far,,145,1786864134769,12.303600999985065,1,target,,640,480,push,5.595694,149.908673,3,0,0,0,good,0.958527,432,290,614,426,182.0,136.0,24752.0,0.08057291666666666,523,358,0.634375,0.491667,,1,,254,AVOID_TURN_RIGHT,bad 接近画面中心，原地大转避开,-0.121875,0.03588541666666667,400,-400,1,1056,1303,948,1232,392,989,191,154,3,10,0,1,1,1,1,1,1,1
27.161617,bad_left_far,,145,1786864134769,12.303600999985065,1,target,,640,480,push,5.595694,149.908673,3,1,0,0,good,0.902165,337,280,432,373,95.0,93.0,8835.0,0.028759765625,385,327,0.203125,0.3625,,1,,254,AVOID_TURN_RIGHT,bad 接近画面中心，原地大转避开,-0.121875,0.03588541666666667,400,-400,1,1056,1303,948,1232,392,989,191,154,3,10,0,1,1,1,1,1,1,1
27.161617,bad_left_far,,145,1786864134769,12.303600999985065,1,target,,640,480,push,5.595694,149.908673,3,2,1,1,bad,0.954006,228,279,334,383,106.0,104.0,11024.0,0.03588541666666667,281,331,-0.121875,0.379167,,1,,254,AVOID_TURN_RIGHT,bad 接近画面中心，原地大转避开,-0.121875,0.03588541666666667,400,-400,1,1056,1303,948,1232,392,989,191,154,3,10,0,1,1,1,1,1,1,1
27.30255,bad_left_far,,146,1786864134919,3.3554080000612885,1,target,,640,480,push,5.601902,147.815886,2,0,0,0,good,0.956058,410,288,575,417,165.0,129.0,21285.0,0.069287109375,493,353,0.540625,0.470833,,1,,254,AVOID_ARC_RIGHT,bad 位于侧方，差速前进绕开,-0.153125,0.030625,500,400,1,1017,1300,932,1231,22,986,94,121,3,9,0,1,1,1,1,1,1,1
27.30255,bad_left_far,,146,1786864134919,3.3554080000612885,1,target,,640,480,push,5.601902,147.815886,2,1,1,1,bad,0.900612,223,276,319,374,96.0,98.0,9408.0,0.030625,271,325,-0.153125,0.354167,,1,,254,AVOID_ARC_RIGHT,bad 位于侧方，差速前进绕开,-0.153125,0.030625,500,400,1,1017,1300,932,1231,22,986,94,121,3,9,0,1,1,1,1,1,1,1
27.463625,bad_left_far,,147,1786864135076,7.592463000037242,1,target,,640,480,push,5.606525,154.643847,2,0,0,0,good,0.963481,354,283,495,401,141.0,118.0,16638.0,0.05416015625,425,342,0.328125,0.425,,1,,254,AVOID_ARC_RIGHT,bad 位于侧方，差速前进绕开,-0.315625,0.029680989583333334,500,400,1,1033,1319,932,1243,144,972,143,88,3,9,0,1,1,1,1,1,1,1
27.463625,bad_left_far,,147,1786864135076,7.592463000037242,1,target,,640,480,push,5.606525,154.643847,2,1,1,1,bad,0.847022,170,274,267,368,97.0,94.0,9118.0,0.029680989583333334,219,321,-0.315625,0.3375,,1,,254,AVOID_ARC_RIGHT,bad 位于侧方，差速前进绕开,-0.315625,0.029680989583333334,500,400,1,1033,1319,932,1243,144,972,143,88,3,9,0,1,1,1,1,1,1,1
27.624984,bad_left_far,,148,1786864135227,18.051678000119864,1,target,,640,480,push,5.612356,148.729179,2,0,0,0,good,0.955434,309,282,444,395,135.0,113.0,15255.0,0.049658203125,377,339,0.178125,0.4125,,1,,254,AVOID_ARC_RIGHT,bad 位于侧方，差速前进绕开,-0.4625,0.030305989583333335,500,400,1,1032,1339,922,1248,23,971,142,187,4,10,0,1,1,1,1,1,1,1
27.624984,bad_left_far,,148,1786864135227,18.051678000119864,1,target,,640,480,push,5.612356,148.729179,2,1,1,1,bad,0.585264,123,273,221,368,98.0,95.0,9310.0,0.030305989583333335,172,321,-0.4625,0.3375,,1,,254,AVOID_ARC_RIGHT,bad 位于侧方，差速前进绕开,-0.4625,0.030305989583333335,500,400,1,1032,1339,922,1248,23,971,142,187,4,10,0,1,1,1,1,1,1,1
27.765963,bad_left_far,,149,1786864135371,14.633585999945353,1,target,,640,480,push,5.619507,140.627265,1,0,0,0,good,0.954784,231,277,378,395,147.0,118.0,17346.0,0.05646484375,305,336,-0.046875,0.4,,1,,255,CLEAR,没有检测到 bad 能量块,,,0,0,1,1019,1339,898,1268,22,1004,21,139,3,10,1,1,1,1,1,1,1,1
27.926994,bad_left_far,,150,1786864135540,6.43730299998424,1,target,,640,480,push,5.621367,163.943901,1,0,0,0,good,0.947537,167,276,312,401,145.0,125.0,18125.0,0.059000651041666664,240,339,-0.25,0.4125,,1,,255,CLEAR,没有检测到 bad 能量块,,,0,0,1,1032,1360,904,1298,23,955,21,154,3,10,1,1,1,1,1,1,1,1
28.087958,bad_left_far,,151,1786864135703,5.073185000128433,1,target,,640,480,push,5.624582,156.877093,1,0,0,0,good,0.955426,112,276,280,405,168.0,129.0,21672.0,0.070546875,196,341,-0.3875,0.420833,,1,,255,CLEAR,没有检测到 bad 能量块,,,0,0,1,1031,1373,912,1296,22,971,22,172,3,9,1,1,1,1,1,1,1,1
28.551167,bad_left_far,,,,,0,no_data_or_stale,,,,search,,,0,,,,,,,,,,,,,,,,,,,1,,255,VISION_STOP,no_data_or_stale,,,0,0,1,1028,1369,908,1296,23,1005,21,189,3,9,1,1,1,1,1,1,1,1
28.733162,bad_left_far,,152,1786864136335,17.822774999785906,1,target,,640,480,push,5.531529,625.318621,1,0,0,0,good,0.954456,108,278,278,405,170.0,127.0,21590.0,0.07027994791666667,193,342,-0.396875,0.425,,1,,254,CLEAR,没有检测到 bad 能量块,,,0,0,1,1031,1362,915,1291,23,972,21,204,3,9,0,1,1,1,1,1,1,1
28.91469,bad_left_far,,153,1786864136517,17.428303000087908,1,target,,640,480,push,5.531313,172.872184,1,0,0,0,good,0.954257,108,277,278,405,170.0,128.0,21760.0,0.07083333333333333,193,341,-0.396875,0.420833,,1,,254,CLEAR,没有检测到 bad 能量块,,,0,0,1,1046,1316,939,1235,376,984,388,139,2,9,0,1,1,1,1,1,1,1
29.075717,bad_left_far,,154,1786864136686,9.859245999905397,1,no_target,,640,480,search,5.533742,165.908393,0,,,,,,,,,,,,,,,,,,,1,,252,CLEAR,没有检测到 bad 能量块,,,0,0,1,1073,1289,952,1229,327,956,125,450,5,10,0,0,1,1,1,1,1,1
29.257111,bad_left_far,,155,1786864136870,6.881848999910289,1,target,,640,480,push,5.533006,181.750378,2,0,0,0,good,0.96072,459,290,634,420,175.0,130.0,22750.0,0.07405598958333333,547,355,0.709375,0.479167,,1,,252,AVOID_TURN_RIGHT,bad 接近画面中心，原地大转避开,-0.003125,0.0296875,400,-400,1,1074,1290,953,1228,279,957,223,256,3,10,0,0,1,1,1,1,1,1
29.257111,bad_left_far,,155,1786864136870,6.881848999910289,1,target,,640,480,push,5.533006,181.750378,2,1,1,1,bad,0.916288,271,279,367,374,96.0,95.0,9120.0,0.0296875,319,327,-0.003125,0.3625,,1,,252,AVOID_TURN_RIGHT,bad 接近画面中心，原地大转避开,-0.003125,0.0296875,400,-400,1,1074,1290,953,1228,279,957,223,256,3,10,0,0,1,1,1,1,1,1
29.418315,bad_left_far,,156,1786864137025,13.14024800012703,1,target,,640,480,push,5.538078,152.171973,3,0,0,0,good,0.960083,461,290,631,421,170.0,131.0,22270.0,0.07249348958333333,546,356,0.70625,0.483333,,1,,252,AVOID_TURN_LEFT,bad 接近画面中心，原地大转避开,0.00625,0.028763020833333333,-400,400,1,1080,1297,960,1238,22,956,157,255,3,9,0,0,1,1,1,1,1,1
29.418315,bad_left_far,,156,1786864137025,13.14024800012703,1,target,,640,480,push,5.538078,152.171973,3,1,0,0,good,0.60232,380,282,462,365,82.0,83.0,6806.0,0.022154947916666667,421,324,0.315625,0.35,,1,,252,AVOID_TURN_LEFT,bad 接近画面中心，原地大转避开,0.00625,0.028763020833333333,-400,400,1,1080,1297,960,1238,22,956,157,255,3,9,0,0,1,1,1,1,1,1
29.418315,bad_left_far,,156,1786864137025,13.14024800012703,1,target,,640,480,push,5.538078,152.171973,3,2,1,1,bad,0.915303,275,278,369,372,94.0,94.0,8836.0,0.028763020833333333,322,325,0.00625,0.354167,,1,,252,AVOID_TURN_LEFT,bad 接近画面中心，原地大转避开,0.00625,0.028763020833333333,-400,400,1,1080,1297,960,1238,22,956,157,255,3,9,0,0,1,1,1,1,1,1
29.579465,bad_left_far,,157,1786864137188,11.014036000005945,1,target,,640,480,push,5.54148,160.484215,2,0,0,0,good,0.96081,462,290,631,422,169.0,132.0,22308.0,0.0726171875,547,356,0.709375,0.483333,,1,,252,AVOID_TURN_LEFT,bad 接近画面中心，原地大转避开,0.003125,0.029365234375,-400,400,1,1072,1288,951,1225,23,956,158,222,3,9,0,0,1,1,1,1,1,1
29.579465,bad_left_far,,157,1786864137188,11.014036000005945,1,target,,640,480,push,5.54148,160.484215,2,1,1,1,bad,0.917881,272,279,369,372,97.0,93.0,9021.0,0.029365234375,321,326,0.003125,0.358333,,1,,252,AVOID_TURN_LEFT,bad 接近画面中心，原地大转避开,0.003125,0.029365234375,-400,400,1,1072,1288,951,1225,23,956,158,222,3,9,0,0,1,1,1,1,1,1
29.740606,bad_left_far,,158,1786864137357,3.5292000000026746,1,target,,640,480,push,5.543761,160.017391,2,0,0,0,good,0.962081,458,291,624,420,166.0,129.0,21414.0,0.06970703125,541,356,0.690625,0.483333,,1,,252,AVOID_TURN_RIGHT,bad 接近画面中心，原地大转避开,-0.00625,0.03029296875,400,-400,1,1072,1289,953,1226,295,955,158,223,4,10,0,0,1,1,1,1,1,1
29.740606,bad_left_far,,158,1786864137357,3.5292000000026746,1,target,,640,480,push,5.543761,160.017391,2,1,1,1,bad,0.923165,268,278,367,372,99.0,94.0,9306.0,0.03029296875,318,325,-0.00625,0.354167,,1,,252,AVOID_TURN_RIGHT,bad 接近画面中心，原地大转避开,-0.00625,0.03029296875,400,-400,1,1072,1289,953,1226,295,955,158,223,4,10,0,0,1,1,1,1,1,1
29.902512,bad_left_far,,159,1786864137514,8.174671999995553,1,target,,640,480,push,5.548241,154.513808,2,0,0,0,good,0.96332,458,288,624,420,166.0,132.0,21912.0,0.071328125,541,354,0.690625,0.475,,1,,252,AVOID_TURN_RIGHT,bad 接近画面中心，原地大转避开,-0.003125,0.029680989583333334,400,-400,1,1075,1289,952,1228,23,968,116,466,5,8,0,0,1,1,1,1,1,1
29.902512,bad_left_far,,159,1786864137514,8.174671999995553,1,target,,640,480,push,5.548241,154.513808,2,1,1,1,bad,0.920602,270,278,367,372,97.0,94.0,9118.0,0.029680989583333334,319,325,-0.003125,0.354167,,1,,252,AVOID_TURN_RIGHT,bad 接近画面中心，原地大转避开,-0.003125,0.029680989583333334,400,-400,1,1075,1289,952,1228,23,968,116,466,5,8,0,0,1,1,1,1,1,1
30.063809,bad_left_far,,160,1786864137673,10.949481999887212,1,target,,640,480,push,5.55242,155.725541,2,0,0,0,good,0.963621,462,292,631,422,169.0,130.0,21970.0,0.07151692708333333,547,357,0.709375,0.4875,,1,,252,AVOID_TURN_LEFT,bad 接近画面中心，原地大转避开,0.003125,0.02966796875,-400,400,1,1067,1282,948,1221,23,955,125,254,3,10,0,0,1,1,1,1,1,1
30.063809,bad_left_far,,160,1786864137673,10.949481999887212,1,target,,640,480,push,5.55242,155.725541,2,1,1,1,bad,0.911578,272,279,370,372,98.0,93.0,9114.0,0.02966796875,321,326,0.003125,0.358333,,1,,252,AVOID_TURN_LEFT,bad 接近画面中心，原地大转避开,0.003125,0.02966796875,-400,400,1,1067,1282,948,1221,23,955,125,254,3,10,0,0,1,1,1,1,1,1
30.24522,bad_left_far,,161,1786864137857,7.897177999893756,1,target,,640,480,push,5.55157,181.911984,2,0,0,0,good,0.964293,461,290,631,421,170.0,131.0,22270.0,0.07249348958333333,546,356,0.70625,0.483333,,1,,252,AVOID_TURN_RIGHT,bad 接近画面中心，原地大转避开,0.0,0.0290625,400,-400,1,1074,1290,953,1227,22,955,126,222,3,8,0,0,1,1,1,1,1,1
30.24522,bad_left_far,,161,1786864137857,7.897177999893756,1,target,,640,480,push,5.55157,181.911984,2,1,1,1,bad,0.914061,272,279,368,372,96.0,93.0,8928.0,0.0290625,320,326,0.0,0.358333,,1,,252,AVOID_TURN_RIGHT,bad 接近画面中心，原地大转避开,0.0,0.0290625,400,-400,1,1074,1290,953,1227,22,955,126,222,3,8,0,0,1,1,1,1,1,1
30.40687,bad_left_far,,162,1786864138027,0.05235100002209947,1,target,,640,480,push,5.553609,164.951746,2,0,0,0,good,0.964218,457,290,632,419,175.0,129.0,22575.0,0.073486328125,545,355,0.703125,0.479167,,1,,252,AVOID_TURN_RIGHT,bad 接近画面中心，原地大转避开,-0.003125,0.028450520833333333,400,-400,1,1073,1289,952,1227,23,962,354,239,3,9,0,0,1,1,1,1,1,1
30.40687,bad_left_far,,162,1786864138027,0.05235100002209947,1,target,,640,480,push,5.553609,164.951746,2,1,1,1,bad,0.925278,273,277,365,372,92.0,95.0,8740.0,0.028450520833333333,319,325,-0.003125,0.354167,,1,,252,AVOID_TURN_RIGHT,bad 接近画面中心，原地大转避开,-0.003125,0.028450520833333333,400,-400,1,1073,1289,952,1227,23,962,354,239,3,9,0,0,1,1,1,1,1,1
30.568293,bad_left_far,,163,1786864138180,8.63251400005538,1,target,,640,480,push,5.558763,150.339713,2,0,0,0,good,0.96263,459,290,628,421,169.0,131.0,22139.0,0.07206705729166667,544,356,0.7,0.483333,,1,,252,AVOID_TURN_RIGHT,bad 接近画面中心，原地大转避开,0.0,0.029069010416666666,400,-400,1,1061,1291,950,1220,193,970,21,285,4,9,0,0,1,1,1,1,1,1
30.568293,bad_left_far,,163,1786864138180,8.63251400005538,1,target,,640,480,push,5.558763,150.339713,2,1,1,1,bad,0.927294,272,278,367,372,95.0,94.0,8930.0,0.029069010416666666,320,325,0.0,0.354167,,1,,252,AVOID_TURN_RIGHT,bad 接近画面中心，原地大转避开,0.0,0.029069010416666666,400,-400,1,1061,1291,950,1220,193,970,21,285,4,9,0,0,1,1,1,1,1,1
30.729643,bad_left_far,,164,1786864138335,14.994244000035906,1,target,,640,480,push,5.563467,152.571831,2,0,0,0,good,0.960083,445,289,619,418,174.0,129.0,22446.0,0.07306640625,532,354,0.6625,0.475,,1,,254,AVOID_TURN_RIGHT,bad 接近画面中心，原地大转避开,-0.034375,0.0296875,400,-400,1,1072,1308,955,1233,22,967,21,270,4,10,0,1,1,1,1,1,1,1
30.729643,bad_left_far,,164,1786864138335,14.994244000035906,1,target,,640,480,push,5.563467,152.571831,2,1,1,1,bad,0.898473,261,276,357,371,96.0,95.0,9120.0,0.0296875,309,324,-0.034375,0.35,,1,,254,AVOID_TURN_RIGHT,bad 接近画面中心，原地大转避开,-0.034375,0.0296875,400,-400,1,1072,1308,955,1233,22,967,21,270,4,10,0,1,1,1,1,1,1,1
30.890662,bad_left_far,,165,1786864138498,12.946364000072208,1,target,,640,480,push,5.566591,160.717578,2,0,0,0,good,0.96195,399,286,551,410,152.0,124.0,18848.0,0.06135416666666667,475,348,0.484375,0.45,,1,,254,AVOID_ARC_RIGHT,bad 位于侧方，差速前进绕开,-0.1875,0.029378255208333332,500,400,1,1047,1323,939,1230,22,953,174,74,3,10,0,1,1,1,1,1,1,1
30.890662,bad_left_far,,165,1786864138498,12.946364000072208,1,target,,640,480,push,5.566591,160.717578,2,1,1,1,bad,0.905828,212,274,307,369,95.0,95.0,9025.0,0.029378255208333332,260,322,-0.1875,0.341667,,1,,254,AVOID_ARC_RIGHT,bad 位于侧方，差速前进绕开,-0.1875,0.029378255208333332,500,400,1,1047,1323,939,1230,22,953,174,74,3,10,0,1,1,1,1,1,1,1
31.031558,bad_left_far,,166,1786864138649,2.6701080000748334,1,target,,640,480,push,5.571912,148.886246,2,0,0,0,good,0.962299,328,283,474,403,146.0,120.0,17520.0,0.05703125,401,343,0.253125,0.429167,,1,,254,AVOID_ARC_RIGHT,bad 位于侧方，差速前进绕开,-0.409375,0.03125,500,400,1,1032,1337,933,1249,510,972,207,206,4,10,0,1,1,1,1,1,1,1
31.031558,bad_left_far,,166,1786864138649,2.6701080000748334,1,target,,640,480,push,5.571912,148.886246,2,1,1,1,bad,0.809813,139,272,239,368,100.0,96.0,9600.0,0.03125,189,320,-0.409375,0.333333,,1,,254,AVOID_ARC_RIGHT,bad 位于侧方，差速前进绕开,-0.409375,0.03125,500,400,1,1032,1337,933,1249,510,972,207,206,4,10,0,1,1,1,1,1,1,1
31.212761,bad_left_far,,167,1786864138816,16.691391999984262,1,target,,640,480,push,5.574208,164.819876,2,0,0,0,good,0.961782,284,280,428,401,144.0,121.0,17424.0,0.05671875,356,341,0.1125,0.420833,,1,,255,AVOID_ARC_RIGHT,bad 位于侧方，差速前进绕开,-0.559375,0.036223958333333334,500,400,1,1027,1348,909,1273,263,954,21,223,4,9,1,1,1,1,1,1,1,1
31.212761,bad_left_far,,167,1786864138816,16.691391999984262,1,target,,640,480,push,5.574208,164.819876,2,1,1,1,bad,0.485787,87,269,194,373,107.0,104.0,11128.0,0.036223958333333334,141,321,-0.559375,0.3375,,1,,255,AVOID_ARC_RIGHT,bad 位于侧方，差速前进绕开,-0.559375,0.036223958333333334,500,400,1,1027,1348,909,1273,263,954,21,223,4,9,1,1,1,1,1,1,1,1
31.353618,bad_left_far,,168,1786864138968,5.3791410000485484,1,target,,640,480,push,5.579243,145.071977,1,0,0,0,good,0.960091,218,279,365,403,147.0,124.0,18228.0,0.0593359375,292,341,-0.0875,0.420833,,1,,191,CLEAR,没有检测到 bad 能量块,,,0,0,1,1027,1350,892,1287,23,954,21,19,2,10,1,1,1,1,1,1,0,1
31.514634,bad_left_far,,169,1786864139130,4.380126000114615,1,target,,640,480,push,5.582425,155.162421,1,0,0,0,good,0.920648,108,277,264,400,156.0,123.0,19188.0,0.0624609375,186,339,-0.41875,0.4125,,1,,255,CLEAR,没有检测到 bad 能量块,,,0,0,1,1036,1367,897,1296,23,940,21,17,2,9,1,1,1,1,1,1,1,1
31.676655,bad_left_far,,170,1786864139290,6.448505999969711,1,target,,640,480,push,5.585943,157.92186,1,0,0,0,good,0.90908,48,275,235,401,187.0,126.0,23562.0,0.07669921875,142,338,-0.55625,0.408333,,1,,255,CLEAR,没有检测到 bad 能量块,,,0,0,1,1026,1362,890,1287,23,938,21,17,2,10,1,1,1,1,1,1,1,1
31.859561,bad_left_far,,171,1786864139472,7.881936999865502,1,target,,640,480,push,5.585471,173.536295,1,0,0,0,good,0.814227,43,278,232,402,189.0,124.0,23436.0,0.0762890625,138,340,-0.56875,0.416667,,1,,255,CLEAR,没有检测到 bad 能量块,,,0,0,1,1030,1367,894,1292,278,956,410,19,2,10,1,1,1,1,1,1,1,1
32.021753,bad_left_far,,172,1786864139630,11.375712000017302,1,target,,640,480,push,5.589171,151.350357,1,0,0,0,good,0.841934,43,278,231,402,188.0,124.0,23312.0,0.07588541666666666,137,340,-0.571875,0.416667,,1,,239,CLEAR,没有检测到 bad 能量块,,,0,0,1,1034,1371,897,1298,23,956,21,18,2,9,1,1,1,1,0,1,1,1
32.183029,bad_left_far,,173,1786864139788,14.713046999986545,1,target,,640,480,push,5.592962,150.510708,1,0,0,0,good,0.816538,43,278,231,403,188.0,125.0,23500.0,0.07649739583333333,137,341,-0.571875,0.420833,,1,,255,CLEAR,没有检测到 bad 能量块,,,0,0,1,1031,1367,894,1292,31,956,22,17,2,9,1,1,1,1,1,1,1,1
32.325648,bad_left_far,,174,1786864139944,1.5118179999262793,1,target,,640,480,push,5.597111,152.914878,1,0,0,0,good,0.850772,43,278,232,400,189.0,122.0,23058.0,0.07505859375,138,339,-0.56875,0.4125,,1,,255,CLEAR,没有检测到 bad 能量块,,,0,0,1,1026,1363,890,1288,23,955,21,18,3,9,1,1,1,1,1,1,1,1
32.487147,bad_left_far,,175,1786864140099,7.84842000007302,1,target,,640,480,push,5.601302,152.81225,1,0,0,0,good,0.837669,43,278,232,402,189.0,124.0,23436.0,0.0762890625,138,340,-0.56875,0.416667,,1,,255,CLEAR,没有检测到 bad 能量块,,,0,0,1,1019,1353,885,1280,376,1007,27,25,3,10,1,1,1,1,1,1,1,1
32.649164,bad_left_far,,176,1786864140250,18.856641000184027,1,target,,640,480,push,5.606207,148.92576,1,0,0,0,good,0.876486,66,279,247,403,181.0,124.0,22444.0,0.07305989583333333,157,341,-0.509375,0.420833,,1,,254,CLEAR,没有检测到 bad 能量块,,,0,0,1,1022,1352,911,1280,23,972,164,286,4,9,0,1,1,1,1,1,1,1
32.790254,bad_left_far,,177,1786864140403,7.6576839999233925,1,target,,640,480,push,5.610843,150.322655,1,0,0,0,good,0.890019,153,280,320,410,167.0,130.0,21710.0,0.07067057291666666,237,345,-0.259375,0.4375,,1,,254,CLEAR,没有检测到 bad 能量块,,,0,0,1,1036,1330,938,1250,541,974,21,104,3,9,0,1,1,1,1,1,1,1
32.951428,bad_left_far,,178,1786864140553,18.772753000121156,1,target,,640,480,push,5.615829,147.97941,1,0,0,0,good,0.942333,286,283,441,415,155.0,132.0,20460.0,0.0666015625,364,349,0.1375,0.454167,,1,,252,CLEAR,没有检测到 bad 能量块,,,0,0,1,1058,1304,946,1236,143,956,60,169,3,10,0,0,1,1,1,1,1,1
33.09254,bad_left_far,,179,1786864140701,11.16949500010378,1,target,,640,480,push,5.621015,146.422537,2,0,0,0,good,0.960144,389,284,553,414,164.0,130.0,21320.0,0.06940104166666666,471,349,0.471875,0.454167,,1,,252,AVOID_ARC_RIGHT,bad 位于侧方，差速前进绕开,-0.20625,0.031575520833333336,500,400,1,1057,1282,946,1232,22,956,93,104,3,9,0,0,1,1,1,1,1,1
33.09254,bad_left_far,,179,1786864140701,11.16949500010378,1,target,,640,480,push,5.621015,146.422537,2,1,1,1,bad,0.909617,204,275,304,372,100.0,97.0,9700.0,0.031575520833333336,254,324,-0.20625,0.35,,1,,252,AVOID_ARC_RIGHT,bad 位于侧方，差速前进绕开,-0.20625,0.031575520833333336,500,400,1,1057,1282,946,1232,22,956,93,104,3,9,0,0,1,1,1,1,1,1
33.475233,bad_left_far,,180,1786864141089,5.745485000034023,1,target,,640,480,push,5.584354,386.043135,2,0,0,0,good,0.958582,403,285,564,413,161.0,128.0,20608.0,0.06708333333333333,484,349,0.5125,0.454167,,1,,252,AVOID_ARC_RIGHT,bad 位于侧方，差速前进绕开,-0.159375,0.029069010416666666,500,400,1,1056,1315,943,1262,23,984,21,139,3,10,0,0,1,1,1,1,1,1
33.475233,bad_left_far,,180,1786864141089,5.745485000034023,1,target,,640,480,push,5.584354,386.043135,2,1,1,1,bad,0.918479,222,275,316,370,94.0,95.0,8930.0,0.029069010416666666,269,323,-0.159375,0.345833,,1,,252,AVOID_ARC_RIGHT,bad 位于侧方，差速前进绕开,-0.159375,0.029069010416666666,500,400,1,1056,1315,943,1262,23,984,21,139,3,10,0,0,1,1,1,1,1,1
33.777132,bad_left_far,,181,1786864141395,1.936180000029708,1,target,,640,480,push,5.562622,303.101754,2,0,0,0,good,0.958392,404,285,565,413,161.0,128.0,20608.0,0.06708333333333333,485,349,0.515625,0.454167,,1,,254,AVOID_ARC_RIGHT,bad 位于侧方，差速前进绕开,-0.159375,0.029069010416666666,500,400,1,1152,1441,1051,1402,24,939,92,238,2,9,0,1,1,1,1,1,1,1
33.777132,bad_left_far,,181,1786864141395,1.936180000029708,1,target,,640,480,push,5.562622,303.101754,2,1,1,1,bad,0.918227,222,275,316,370,94.0,95.0,8930.0,0.029069010416666666,269,323,-0.159375,0.345833,,1,,254,AVOID_ARC_RIGHT,bad 位于侧方，差速前进绕开,-0.159375,0.029069010416666666,500,400,1,1152,1441,1051,1402,24,939,92,238,2,9,0,1,1,1,1,1,1,1
33.938305,bad_left_far,,182,1786864141548,10.045130999969842,1,target,,640,480,push,5.567176,147.26148,3,0,0,0,good,0.956075,398,291,588,434,190.0,143.0,27170.0,0.08844401041666666,493,363,0.540625,0.5125,,1,,254,AVOID_ARC_RIGHT,bad 位于侧方，差速前进绕开,-0.246875,0.04193359375,500,400,1,1161,1482,1063,1458,23,986,290,288,4,9,0,1,1,1,1,1,1,1
33.938305,bad_left_far,,182,1786864141548,10.045130999969842,1,target,,640,480,push,5.567176,147.26148,3,1,0,0,good,0.861212,303,279,398,377,95.0,98.0,9310.0,0.030305989583333335,351,328,0.096875,0.366667,,1,,254,AVOID_ARC_RIGHT,bad 位于侧方，差速前进绕开,-0.246875,0.04193359375,500,400,1,1161,1482,1063,1458,23,986,290,288,4,9,0,1,1,1,1,1,1,1
33.938305,bad_left_far,,182,1786864141548,10.045130999969842,1,target,,640,480,push,5.567176,147.26148,3,2,1,1,bad,0.943714,184,277,298,390,114.0,113.0,12882.0,0.04193359375,241,334,-0.246875,0.391667,,1,,254,AVOID_ARC_RIGHT,bad 位于侧方，差速前进绕开,-0.246875,0.04193359375,500,400,1,1161,1482,1063,1458,23,986,290,288,4,9,0,1,1,1,1,1,1,1
34.119506,bad_left_far,,183,1786864141724,15.730042000086542,1,target,,640,480,push,5.567864,168.795507,3,0,0,0,good,0.960637,415,296,640,449,225.0,153.0,34425.0,0.112060546875,528,373,0.65,0.554167,,1,,254,AVOID_ARC_RIGHT,bad 位于侧方，差速前进绕开,-0.396875,0.0941015625,500,400,1,1209,1530,1093,1515,426,926,532,617,6,9,0,1,1,1,1,1,1,1
34.119506,bad_left_far,,183,1786864141724,15.730042000086542,1,target,,640,480,push,5.567864,168.795507,3,1,0,0,good,0.947447,269,283,411,411,142.0,128.0,18176.0,0.059166666666666666,340,347,0.0625,0.445833,,1,,254,AVOID_ARC_RIGHT,bad 位于侧方，差速前进绕开,-0.396875,0.0941015625,500,400,1,1209,1530,1093,1515,426,926,532,617,6,9,0,1,1,1,1,1,1,1
34.119506,bad_left_far,,183,1786864141724,15.730042000086542,1,target,,640,480,push,5.567864,168.795507,3,2,1,1,bad,0.876741,120,282,266,480,146.0,198.0,28908.0,0.0941015625,193,381,-0.396875,0.5875,,1,,254,AVOID_ARC_RIGHT,bad 位于侧方，差速前进绕开,-0.396875,0.0941015625,500,400,1,1209,1530,1093,1515,426,926,532,617,6,9,0,1,1,1,1,1,1,1
34.260589,bad_left_far,,184,1786864141877,3.5337560000243684,1,target,,640,480,push,5.572304,146.024286,2,0,0,0,good,0.937809,243,285,410,428,167.0,143.0,23881.0,0.07773763020833334,327,357,0.021875,0.4875,,1,,254,CLEAR,没有检测到 bad 能量块,,,0,0,1,1187,1512,1070,1520,27,1053,421,600,6,9,0,1,1,1,1,1,1,1
34.260589,bad_left_far,,184,1786864141877,3.5337560000243684,1,target,,640,480,push,5.572304,146.024286,2,1,0,0,good,0.937552,428,302,640,472,212.0,170.0,36040.0,0.11731770833333334,534,387,0.66875,0.6125,,1,,254,CLEAR,没有检测到 bad 能量块,,,0,0,1,1187,1512,1070,1520,27,1053,421,600,6,9,0,1,1,1,1,1,1,1
34.42211,bad_left_far,,185,1786864142034,7.9570650000277965,1,target,,640,480,push,5.576058,150.712293,2,0,0,0,good,0.957952,221,284,417,480,196.0,196.0,38416.0,0.12505208333333334,319,382,-0.003125,0.591667,,1,,250,CLEAR,没有检测到 bad 能量块,,,0,0,1,1164,1509,1000,1498,264,957,570,797,7,9,0,1,0,1,1,1,1,1
34.42211,bad_left_far,,185,1786864142034,7.9570650000277965,1,target,,640,480,push,5.576058,150.712293,2,1,0,0,good,0.926104,467,306,640,467,173.0,161.0,27853.0,0.09066731770833333,554,387,0.73125,0.6125,,1,,250,CLEAR,没有检测到 bad 能量块,,,0,0,1,1164,1509,1000,1498,264,957,570,797,7,9,0,1,0,1,1,1,1,1
34.583265,bad_left_far,,186,1786864142193,9.861450000016703,1,target,,640,480,push,5.579418,153.817261,2,0,0,0,good,0.961994,202,286,422,480,220.0,194.0,42680.0,0.13893229166666668,312,383,-0.025,0.595833,,1,,250,CLEAR,没有检测到 bad 能量块,,,0,0,1,1175,1429,1019,1515,24,940,584,665,6,9,0,1,0,1,1,1,1,1
34.583265,bad_left_far,,186,1786864142193,9.861450000016703,1,target,,640,480,push,5.579418,153.817261,2,1,0,0,good,0.908369,501,310,640,470,139.0,160.0,22240.0,0.07239583333333334,571,390,0.784375,0.625,,1,,250,CLEAR,没有检测到 bad 能量块,,,0,0,1,1175,1429,1019,1515,24,940,584,665,6,9,0,1,0,1,1,1,1,1
34.74445,bad_left_far,,187,1786864142349,15.418975000102364,1,target,,640,480,push,5.583351,150.177656,2,0,0,0,good,0.894559,214,286,424,480,210.0,194.0,40740.0,0.1326171875,319,383,-0.003125,0.595833,,1,,250,CLEAR,没有检测到 bad 能量块,,,0,0,1,1170,1421,1014,1506,24,955,585,633,6,9,0,1,0,1,1,1,1,1
34.74445,bad_left_far,,187,1786864142349,15.418975000102364,1,target,,640,480,push,5.583351,150.177656,2,1,0,0,good,0.864888,516,315,640,467,124.0,152.0,18848.0,0.06135416666666667,578,391,0.80625,0.629167,,1,,250,CLEAR,没有检测到 bad 能量块,,,0,0,1,1170,1421,1014,1506,24,955,585,633,6,9,0,1,0,1,1,1,1,1
34.905755,bad_left_far,,188,1786864142514,11.650983999970776,1,target,,640,480,push,5.58567,158.115648,2,0,0,0,good,0.941163,226,286,420,480,194.0,194.0,37636.0,0.12251302083333333,323,383,0.009375,0.595833,,1,,186,CLEAR,没有检测到 bad 能量块,,,0,0,1,1160,1413,1009,1498,32,938,585,632,6,9,0,1,0,1,1,1,0,1
34.905755,bad_left_far,,188,1786864142514,11.650983999970776,1,target,,640,480,push,5.58567,158.115648,2,1,0,0,good,0.864678,515,314,640,465,125.0,151.0,18875.0,0.061442057291666664,578,390,0.80625,0.625,,1,,186,CLEAR,没有检测到 bad 能量块,,,0,0,1,1160,1413,1009,1498,32,938,585,632,6,9,0,1,0,1,1,1,0,1
35.049388,bad_left_far,,189,1786864142667,2.1193420000145125,1,target,,640,480,push,5.589949,150.412336,2,0,0,0,good,0.957085,221,287,424,480,203.0,193.0,39179.0,0.12753580729166666,323,384,0.009375,0.6,,1,,250,CLEAR,没有检测到 bad 能量块,,,0,0,1,1161,1410,1007,1496,24,955,590,633,6,9,0,1,0,1,1,1,1,1
35.049388,bad_left_far,,189,1786864142667,2.1193420000145125,1,target,,640,480,push,5.589949,150.412336,2,1,0,0,good,0.859415,515,314,640,467,125.0,153.0,19125.0,0.062255859375,578,391,0.80625,0.629167,,1,,250,CLEAR,没有检测到 bad 能量块,,,0,0,1,1161,1410,1007,1496,24,955,590,633,6,9,0,1,0,1,1,1,1,1
35.212695,bad_left_far,,190,1786864142815,17.729999000039243,1,target,,640,480,push,5.595085,144.715517,2,0,0,0,good,0.959094,221,288,424,479,203.0,191.0,38773.0,0.12621419270833334,323,384,0.009375,0.6,,1,,242,CLEAR,没有检测到 bad 能量块,,,0,0,1,1178,1427,1018,1517,24,954,584,633,6,8,0,1,0,0,1,1,1,1
35.212695,bad_left_far,,190,1786864142815,17.729999000039243,1,target,,640,480,push,5.595085,144.715517,2,1,0,0,good,0.883186,514,313,640,463,126.0,150.0,18900.0,0.0615234375,577,388,0.803125,0.616667,,1,,242,CLEAR,没有检测到 bad 能量块,,,0,0,1,1178,1427,1018,1517,24,954,584,633,6,8,0,1,0,0,1,1,1,1
35.353778,bad_left_far,,191,1786864142971,2.3051899997881264,1,target,,640,480,push,5.598736,147.731654,2,0,0,0,good,0.952511,221,287,425,480,204.0,193.0,39372.0,0.1281640625,323,384,0.009375,0.6,,1,,250,CLEAR,没有检测到 bad 能量块,,,0,0,1,1175,1425,1016,1517,24,952,585,616,6,9,0,1,0,1,1,1,1,1
35.353778,bad_left_far,,191,1786864142971,2.3051899997881264,1,target,,640,480,push,5.598736,147.731654,2,1,0,0,good,0.859415,515,313,640,467,125.0,154.0,19250.0,0.06266276041666667,578,390,0.80625,0.625,,1,,250,CLEAR,没有检测到 bad 能量块,,,0,0,1,1175,1425,1016,1517,24,952,585,616,6,9,0,1,0,1,1,1,1,1
35.514959,bad_left_far,,192,1786864143125,9.42892199987,1,target,,640,480,push,5.602737,145.898397,2,0,0,0,good,0.953387,221,286,424,480,203.0,194.0,39382.0,0.12819661458333334,323,383,0.009375,0.595833,,1,,250,CLEAR,没有检测到 bad 能量块,,,0,0,1,1161,1417,1020,1516,24,969,633,487,5,9,0,1,0,1,1,1,1,1
35.514959,bad_left_far,,192,1786864143125,9.42892199987,1,target,,640,480,push,5.602737,145.898397,2,1,0,0,good,0.870292,515,314,640,463,125.0,149.0,18625.0,0.060628255208333336,578,389,0.80625,0.620833,,1,,250,CLEAR,没有检测到 bad 能量块,,,0,0,1,1161,1417,1020,1516,24,969,633,487,5,9,0,1,0,1,1,1,1,1
35.67614,bad_left_far,,193,1786864143282,13.556127000128981,1,target,,640,480,push,5.606227,154.585187,2,0,0,0,good,0.943119,229,287,429,480,200.0,193.0,38600.0,0.12565104166666666,329,384,0.028125,0.6,,1,,242,CLEAR,没有检测到 bad 能量块,,,0,0,1,1157,1453,1044,1522,42,955,745,908,8,9,0,1,0,0,1,1,1,1
35.67614,bad_left_far,,193,1786864143282,13.556127000128981,1,target,,640,480,push,5.606227,154.585187,2,1,0,0,good,0.851126,523,315,639,453,116.0,138.0,16008.0,0.052109375,581,384,0.815625,0.6,,1,,242,CLEAR,没有检测到 bad 能量块,,,0,0,1,1157,1453,1044,1522,42,955,745,908,8,9,0,1,0,0,1,1,1,1
35.817326,bad_left_far,,194,1786864143434,3.497459999834973,1,target,,640,480,push,5.610634,148.634115,1,0,0,0,good,0.935418,266,289,483,479,217.0,190.0,41230.0,0.13421223958333334,375,384,0.171875,0.6,,1,,242,CLEAR,没有检测到 bad 能量块,,,0,0,1,1172,1526,1038,1509,41,985,568,764,7,9,0,1,0,0,1,1,1,1
35.978426,bad_left_far,,195,1786864143592,6.329046000018934,1,target,,640,480,push,5.61385,150.183728,1,0,0,0,good,0.909195,250,286,467,480,217.0,194.0,42098.0,0.13703776041666665,359,383,0.121875,0.595833,,1,,254,CLEAR,没有检测到 bad 能量块,,,0,0,1,1160,1513,1075,1489,231,968,354,519,5,9,0,1,1,1,1,1,1,1
36.139884,bad_left_far,,196,1786864143742,17.68544300011854,1,target,,640,480,push,5.618358,147.282719,2,0,0,0,good,0.920019,261,284,444,480,183.0,196.0,35868.0,0.1167578125,353,382,0.103125,0.591667,,1,,254,CLEAR,没有检测到 bad 能量块,,,0,0,1,1188,1514,1087,1478,33,985,93,352,3,9,0,1,1,1,1,1,1,1
36.139884,bad_left_far,,196,1786864143742,17.68544300011854,1,target,,640,480,push,5.618358,147.282719,2,1,0,0,good,0.909852,511,304,640,452,129.0,148.0,19092.0,0.0621484375,576,378,0.8,0.575,,1,,254,CLEAR,没有检测到 bad 能量块,,,0,0,1,1188,1514,1087,1478,33,985,93,352,3,9,0,1,1,1,1,1,1,1
36.280855,bad_left_far,,197,1786864143894,6.743536999920252,1,target,,640,480,push,5.622547,149.571835,3,0,0,0,good,0.942818,320,289,458,433,138.0,144.0,19872.0,0.0646875,389,361,0.215625,0.504167,,1,,252,AVOID_ARC_RIGHT,bad 位于侧方，差速前进绕开,-0.284375,0.08263020833333333,500,400,1,1142,1436,1054,1379,295,972,223,221,4,10,0,0,1,1,1,1,1,1
36.280855,bad_left_far,,197,1786864143894,6.743536999920252,1,target,,640,480,push,5.622547,149.571835,3,1,0,0,good,0.892492,508,302,640,444,132.0,142.0,18744.0,0.061015625,574,373,0.79375,0.554167,,1,,252,AVOID_ARC_RIGHT,bad 位于侧方，差速前进绕开,-0.284375,0.08263020833333333,500,400,1,1142,1436,1054,1379,295,972,223,221,4,10,0,0,1,1,1,1,1,1
36.280855,bad_left_far,,197,1786864143894,6.743536999920252,1,target,,640,480,push,5.622547,149.571835,3,2,1,1,bad,0.872423,145,282,312,434,167.0,152.0,25384.0,0.08263020833333333,229,358,-0.284375,0.491667,,1,,252,AVOID_ARC_RIGHT,bad 位于侧方，差速前进绕开,-0.284375,0.08263020833333333,500,400,1,1142,1436,1054,1379,295,972,223,221,4,10,0,0,1,1,1,1,1,1
36.42289,bad_left_far,,198,1786864144041,1.9501790000049368,1,target,,640,480,push,5.627505,144.238211,3,0,0,0,good,0.948752,361,286,475,409,114.0,123.0,14022.0,0.04564453125,418,348,0.30625,0.45,,1,,252,AVOID_TURN_RIGHT,bad 接近画面中心，原地大转避开,-0.125,0.05852864583333333,400,-400,1,1126,1401,1022,1322,23,972,191,367,4,10,0,0,1,1,1,1,1,1
36.42289,bad_left_far,,198,1786864144041,1.9501790000049368,1,target,,640,480,push,5.627505,144.238211,3,1,0,0,good,0.914701,516,299,640,456,124.0,157.0,19468.0,0.06337239583333333,578,378,0.80625,0.575,,1,,252,AVOID_TURN_RIGHT,bad 接近画面中心，原地大转避开,-0.125,0.05852864583333333,400,-400,1,1126,1401,1022,1322,23,972,191,367,4,10,0,0,1,1,1,1,1,1
36.42289,bad_left_far,,198,1786864144041,1.9501790000049368,1,target,,640,480,push,5.627505,144.238211,3,2,1,1,bad,0.909669,207,282,352,406,145.0,124.0,17980.0,0.05852864583333333,280,344,-0.125,0.433333,,1,,252,AVOID_TURN_RIGHT,bad 接近画面中心，原地大转避开,-0.125,0.05852864583333333,400,-400,1,1126,1401,1022,1322,23,972,191,367,4,10,0,0,1,1,1,1,1,1
36.584108,bad_left_far,,199,1786864144193,11.490783999988707,1,target,,640,480,push,5.631644,148.595521,3,0,0,0,good,0.928151,549,298,639,459,90.0,161.0,14490.0,0.04716796875,594,379,0.85625,0.579167,,1,,255,AVOID_TURN_LEFT,bad 接近画面中心，原地大转避开,0.05,0.046549479166666664,-400,400,1,1109,1366,1017,1296,426,972,77,18,2,9,1,1,1,1,1,1,1,1
36.584108,bad_left_far,,199,1786864144193,11.490783999988707,1,target,,640,480,push,5.631644,148.595521,3,1,0,0,good,0.92361,393,286,510,393,117.0,107.0,12519.0,0.040751953125,452,340,0.4125,0.416667,,1,,255,AVOID_TURN_LEFT,bad 接近画面中心，原地大转避开,0.05,0.046549479166666664,-400,400,1,1109,1366,1017,1296,426,972,77,18,2,9,1,1,1,1,1,1,1,1
36.584108,bad_left_far,,199,1786864144193,11.490783999988707,1,target,,640,480,push,5.631644,148.595521,3,2,1,1,bad,0.694693,271,278,401,388,130.0,110.0,14300.0,0.046549479166666664,336,333,0.05,0.3875,,1,,255,AVOID_TURN_LEFT,bad 接近画面中心，原地大转避开,0.05,0.046549479166666664,-400,400,1,1109,1366,1017,1296,426,972,77,18,2,9,1,1,1,1,1,1,1,1
36.725033,bad_left_far,,200,1786864144343,2.1536189999551425,1,target,,640,480,push,5.635981,147.703874,3,0,0,0,good,0.947467,431,288,542,392,111.0,104.0,11544.0,0.037578125,487,340,0.521875,0.416667,,1,,252,AVOID_TURN_LEFT,bad 接近画面中心，原地大转避开,0.14375,0.04216796875,-400,400,1,1115,1368,1021,1318,23,955,110,17,3,10,0,0,1,1,1,1,1,1
36.725033,bad_left_far,,200,1786864144343,2.1536189999551425,1,target,,640,480,push,5.635981,147.703874,3,1,0,0,good,0.937037,575,297,639,440,64.0,143.0,9152.0,0.029791666666666668,607,369,0.896875,0.5375,,1,,252,AVOID_TURN_LEFT,bad 接近画面中心，原地大转避开,0.14375,0.04216796875,-400,400,1,1115,1368,1021,1318,23,955,110,17,3,10,0,0,1,1,1,1,1,1
36.725033,bad_left_far,,200,1786864144343,2.1536189999551425,1,target,,640,480,push,5.635981,147.703874,3,2,1,1,bad,0.916593,302,280,429,382,127.0,102.0,12954.0,0.04216796875,366,331,0.14375,0.379167,,1,,252,AVOID_TURN_LEFT,bad 接近画面中心，原地大转避开,0.14375,0.04216796875,-400,400,1,1115,1368,1021,1318,23,955,110,17,3,10,0,0,1,1,1,1,1,1
36.886103,bad_left_far,,201,1786864144493,13.173950000009427,1,target,,640,480,push,5.640308,147.667894,3,0,0,0,good,0.943566,429,287,535,392,106.0,105.0,11130.0,0.03623046875,482,340,0.50625,0.416667,,1,,253,AVOID_TURN_LEFT,bad 接近画面中心，原地大转避开,0.125,0.041640625,-400,400,1,1117,1366,1016,1316,23,937,21,17,2,9,1,0,1,1,1,1,1,1
36.886103,bad_left_far,,201,1786864144493,13.173950000009427,1,target,,640,480,push,5.640308,147.667894,3,1,0,0,good,0.933711,569,297,639,442,70.0,145.0,10150.0,0.033040364583333336,604,370,0.8875,0.541667,,1,,253,AVOID_TURN_LEFT,bad 接近画面中心，原地大转避开,0.125,0.041640625,-400,400,1,1117,1366,1016,1316,23,937,21,17,2,9,1,0,1,1,1,1,1,1
36.886103,bad_left_far,,201,1786864144493,13.173950000009427,1,target,,640,480,push,5.640308,147.667894,3,2,1,1,bad,0.913168,298,278,421,382,123.0,104.0,12792.0,0.041640625,360,330,0.125,0.375,,1,,253,AVOID_TURN_LEFT,bad 接近画面中心，原地大转避开,0.125,0.041640625,-400,400,1,1117,1366,1016,1316,23,937,21,17,2,9,1,0,1,1,1,1,1,1
37.0472,bad_left_far,,202,1786864144649,18.331632999888825,1,target,,640,480,push,5.643672,153.578764,3,0,0,0,good,0.958408,429,287,538,393,109.0,106.0,11554.0,0.037610677083333335,484,340,0.5125,0.416667,,1,,253,AVOID_TURN_LEFT,bad 接近画面中心，原地大转避开,0.13125,0.041910807291666664,-400,400,1,1132,1371,1032,1312,23,939,22,336,4,9,1,0,1,1,1,1,1,1
37.0472,bad_left_far,,202,1786864144649,18.331632999888825,1,target,,640,480,push,5.643672,153.578764,3,1,0,0,good,0.939087,573,298,639,439,66.0,141.0,9306.0,0.03029296875,606,369,0.89375,0.5375,,1,,253,AVOID_TURN_LEFT,bad 接近画面中心，原地大转避开,0.13125,0.041910807291666664,-400,400,1,1132,1371,1032,1312,23,939,22,336,4,9,1,0,1,1,1,1,1,1
37.0472,bad_left_far,,202,1786864144649,18.331632999888825,1,target,,640,480,push,5.643672,153.578764,3,2,1,1,bad,0.911544,299,280,424,383,125.0,103.0,12875.0,0.041910807291666664,362,332,0.13125,0.383333,,1,,253,AVOID_TURN_LEFT,bad 接近画面中心，原地大转避开,0.13125,0.041910807291666664,-400,400,1,1132,1371,1032,1312,23,939,22,336,4,9,1,0,1,1,1,1,1,1
37.228364,bad_left_far,,203,1786864144830,18.289578999883815,1,target,,640,480,push,5.643033,178.861484,2,0,0,0,good,0.947288,461,288,573,397,112.0,109.0,12208.0,0.039739583333333335,517,343,0.615625,0.429167,,1,,181,AVOID_ARC_LEFT,bad 位于侧方，差速前进绕开,0.21875,0.0451171875,400,500,1,1154,1351,1045,1301,23,956,21,37,2,9,1,0,1,0,1,1,0,1
37.228364,bad_left_far,,203,1786864144830,18.289578999883815,1,target,,640,480,push,5.643033,178.861484,2,1,1,1,bad,0.789772,324,282,456,387,132.0,105.0,13860.0,0.0451171875,390,335,0.21875,0.395833,,1,,181,AVOID_ARC_LEFT,bad 位于侧方，差速前进绕开,0.21875,0.0451171875,400,500,1,1154,1351,1045,1301,23,956,21,37,2,9,1,0,1,0,1,1,0,1
37.369239,bad_left_far,,204,1786864144983,6.563854999967589,1,target,,640,480,push,5.646895,150.212634,1,0,0,0,good,0.936232,525,292,640,410,115.0,118.0,13570.0,0.044173177083333334,583,351,0.821875,0.4625,,1,,177,CLEAR,没有检测到 bad 能量块,,,0,0,1,1146,1338,1032,1292,23,971,21,138,3,10,1,0,0,0,1,1,0,1
37.570389,bad_left_far,,205,1786864145187,3.396536000082051,1,target,,640,480,scan_with_ir,5.642663,201.919808,1,0,1,1,bad,0.900743,474,296,640,412,166.0,116.0,19256.0,0.06268229166666667,557,354,0.740625,0.475,,1,,177,AVOID_ARC_LEFT,bad 位于侧方，差速前进绕开,0.740625,0.06268229166666667,400,500,1,1168,1346,1054,1321,23,939,20,353,4,9,1,0,0,0,1,1,0,1
37.771811,bad_left_far,,206,1786864145376,15.431140999908166,1,target,,640,480,scan_with_ir,5.640783,187.035802,1,0,1,1,bad,0.93057,506,296,640,421,134.0,125.0,16750.0,0.054524739583333336,573,359,0.790625,0.495833,,1,,177,AVOID_ARC_LEFT,bad 位于侧方，差速前进绕开,0.790625,0.054524739583333336,400,500,1,1168,1353,1057,1326,23,955,339,299,4,10,1,0,0,0,1,1,0,1
37.932742,bad_left_far,,207,1786864145550,2.4210760000187292,1,target,,640,480,scan_with_ir,5.641297,171.500459,1,0,1,1,bad,0.906965,523,296,640,448,117.0,152.0,17784.0,0.057890625,582,372,0.81875,0.55,,1,,185,AVOID_ARC_LEFT,bad 位于侧方，差速前进绕开,0.81875,0.057890625,400,500,1,1205,1398,1097,1384,50,972,110,18,2,9,1,0,0,1,1,1,0,1
38.113978,bad_left_far,,208,1786864145719,14.878060999990339,1,target,,640,480,scan_with_ir,5.642586,166.462589,1,0,1,1,bad,0.857591,535,300,640,445,105.0,145.0,15225.0,0.049560546875,588,373,0.8375,0.554167,,1,,190,AVOID_ARC_LEFT,bad 位于侧方，差速前进绕开,0.8375,0.049560546875,400,500,1,1288,1476,1126,1489,24,1018,25,17,3,9,0,1,1,1,1,1,0,1
38.556827,bad_left_far,,,,,0,no_data_or_stale,,,,search,,,0,,,,,,,,,,,,,,,,,,,1,,234,VISION_STOP,no_data_or_stale,,,0,0,1,1385,1421,1420,1162,436,1086,110,190,4,10,0,1,0,1,0,1,1,1
38.704487,bad_left_far,,209,1786864146303,21.79127900012645,1,no_target,,640,480,search,5.581337,576.701412,0,,,,,,,,,,,,,,,,,,,1,,170,CLEAR,没有检测到 bad 能量块,,,0,0,1,1388,1704,1448,1149,229,1148,324,239,4,9,0,1,0,1,0,1,0,1
38.896707,bad_left_far,,210,1786864146514,2.5516849998439284,1,no_target,,640,480,search,5.576571,209.233903,0,,,,,,,,,,,,,,,,,,,1,,186,CLEAR,没有检测到 bad 能量块,,,0,0,1,1379,1479,1425,1168,22,1162,175,551,6,9,0,1,0,1,1,1,0,1
39.078352,bad_left_far,,211,1786864146688,10.60078499995143,1,no_target,,640,480,search,5.577406,171.594307,0,,,,,,,,,,,,,,,,,,,1,,187,CLEAR,没有检测到 bad 能量块,,,0,0,1,1372,1186,949,1296,77,1101,224,368,4,9,1,1,0,1,1,1,0,1
39.239481,bad_left_far,,212,1786864146849,10.565711000026567,1,no_target,,640,480,search,5.580064,158.856404,0,,,,,,,,,,,,,,,,,,,1,,252,CLEAR,没有检测到 bad 能量块,,,0,0,1,1350,1163,871,1515,459,990,20,271,4,9,0,0,1,1,1,1,1,1
39.42085,bad_left_far,,213,1786864147023,17.876772000136043,1,no_target,,640,480,search,5.580813,166.789098,0,,,,,,,,,,,,,,,,,,,1,,253,CLEAR,没有检测到 bad 能量块,,,0,0,1,1285,1475,953,1489,33,1003,175,73,3,9,1,0,1,1,1,1,1,1
39.561896,bad_left_far,,214,1786864147182,0.0615720000496367,1,no_target,,640,480,search,5.58378,156.434937,0,,,,,,,,,,,,,,,,,,,1,,240,CLEAR,没有检测到 bad 能量块,,,0,0,1,1225,1380,1091,1364,344,987,729,664,6,9,0,0,0,0,1,1,1,1
39.723724,bad_left_far,,215,1786864147336,7.300542999928439,1,no_target,,640,480,search,5.587323,152.3896,0,,,,,,,,,,,,,,,,,,,1,,180,CLEAR,没有检测到 bad 能量块,,,0,0,1,1181,1295,1040,1300,177,987,517,29,2,9,0,0,1,0,1,1,0,1
39.88508,bad_left_far,,216,1786864147492,13.21709700005158,1,target,,640,480,scan_with_ir,5.590744,153.088566,1,0,1,1,bad,0.956381,343,292,571,474,228.0,182.0,41496.0,0.135078125,457,383,0.428125,0.595833,,1,,252,AVOID_ARC_LEFT,bad 位于侧方，差速前进绕开,0.428125,0.135078125,400,500,1,1202,1291,1053,1306,23,971,649,741,7,9,0,0,1,1,1,1,1,1
40.046389,bad_left_far,,217,1786864147651,15.559101000008013,1,no_target,,640,480,search,5.593605,151.603266,0,,,,,,,,,,,,,,,,,,,1,,189,CLEAR,没有检测到 bad 能量块,,,0,0,1,1198,1288,1049,1306,23,987,20,334,4,8,1,0,1,1,1,1,0,1
40.207731,bad_left_far,,218,1786864147815,12.373577999824192,1,target,,640,480,scan_with_ir,5.595645,157.633447,1,0,1,1,bad,0.869955,133,271,331,480,198.0,209.0,41382.0,0.13470703125,232,376,-0.275,0.566667,,1,,181,AVOID_ARC_RIGHT,bad 位于侧方，差速前进绕开,-0.275,0.13470703125,500,400,1,1196,1286,1045,1304,23,971,109,101,2,10,1,0,1,0,1,1,0,1
40.369041,bad_left_far,,219,1786864147973,16.417971000009857,1,no_target,,640,480,search,5.598712,154.613903,0,,,,,,,,,,,,,,,,,,,1,,181,CLEAR,没有检测到 bad 能量块,,,0,0,1,1204,1293,1052,1315,361,973,21,334,4,10,1,0,1,0,1,1,0,1
40.55033,bad_left_far,,220,1786864148154,16.692186999989644,1,no_target,,640,480,search,5.598387,178.214714,0,,,,,,,,,,,,,,,,,,,1,,189,CLEAR,没有检测到 bad 能量块,,,0,0,1,1231,1299,1068,1342,23,968,164,204,3,9,1,0,1,1,1,1,0,1
40.711493,bad_left_far,,221,1786864148311,19.830320999972173,1,no_target,,640,480,search,5.601317,155.555233,0,,,,,,,,,,,,,,,,,,,1,,189,CLEAR,没有检测到 bad 能量块,,,0,0,1,1263,1310,1086,1356,143,956,21,1996,14,10,1,0,1,1,1,1,0,1
40.872379,bad_left_far,,222,1786864148485,7.359355999824402,1,no_target,,640,480,search,5.602029,169.844028,0,,,,,,,,,,,,,,,,,,,1,,165,CLEAR,没有检测到 bad 能量块,,,0,0,1,1332,1324,1117,1414,23,972,23,17,2,10,1,0,1,0,0,1,0,1
41.033432,bad_left_far,,223,1786864148648,5.660782999939329,1,no_target,,640,480,search,5.604249,156.40088,0,,,,,,,,,,,,,,,,,,,1,,167,CLEAR,没有检测到 bad 能量块,,,0,0,1,1358,1292,1094,1432,23,1022,25,17,2,9,1,1,1,0,0,1,0,1
41.194836,bad_left_far,,224,1786864148811,3.990430999920136,1,no_target,,640,480,search,5.6064,155.941261,0,,,,,,,,,,,,,,,,,,,1,,167,CLEAR,没有检测到 bad 能量块,,,0,0,1,1348,1291,1073,1426,23,956,21,138,3,9,1,1,1,0,0,1,0,1
41.355828,bad_left_far,,225,1786864148973,2.961452999898029,1,target,,640,480,scan_with_ir,5.608691,159.384926,1,0,1,1,bad,0.900687,124,282,262,480,138.0,198.0,27324.0,0.0889453125,193,381,-0.396875,0.5875,,1,,174,AVOID_ARC_RIGHT,bad 位于侧方，差速前进绕开,-0.396875,0.0889453125,500,400,1,1325,1256,1049,1371,23,904,21,531,5,10,0,1,1,1,0,1,0,1
41.53713,bad_left_far,,226,1786864149143,14.235295999924347,1,target,,640,480,scan_with_ir,5.60984,167.497524,1,0,1,1,bad,0.960507,111,282,271,480,160.0,198.0,31680.0,0.103125,191,381,-0.403125,0.5875,,1,,238,AVOID_ARC_RIGHT,bad 位于侧方，差速前进绕开,-0.403125,0.103125,500,400,1,1320,1242,1030,1376,23,906,21,826,7,10,0,1,1,1,0,1,1,1
41.698356,bad_left_far,,227,1786864149304,14.460588000019925,1,target,,640,480,scan_with_ir,5.612248,158.076657,1,0,1,1,bad,0.939179,119,289,303,479,184.0,190.0,34960.0,0.11380208333333333,211,384,-0.340625,0.6,,1,,166,AVOID_ARC_RIGHT,bad 位于侧方，差速前进绕开,-0.340625,0.11380208333333333,500,400,1,1312,1235,1013,1374,23,987,830,892,7,10,0,1,1,0,0,1,0,1
41.860056,bad_left_far,,228,1786864149477,2.441742999963026,1,target,,640,480,scan_with_ir,5.612865,167.648334,1,0,1,1,bad,0.955951,206,299,417,480,211.0,181.0,38191.0,0.12431966145833333,312,390,-0.025,0.625,,1,,246,AVOID_TURN_RIGHT,bad 接近画面中心，原地大转避开,-0.025,0.12431966145833333,400,-400,1,1308,1212,1013,1385,24,924,1256,1411,11,9,0,1,1,0,1,1,1,1
42.041322,bad_left_far,,229,1786864149643,17.7430710000408,1,target,,640,480,scan_with_ir,5.614533,159.843655,1,0,1,1,bad,0.965846,218,300,451,480,233.0,180.0,41940.0,0.1365234375,335,390,0.046875,0.625,,1,,254,AVOID_TURN_LEFT,bad 接近画面中心，原地大转避开,0.046875,0.1365234375,-400,400,1,1339,1244,1018,1408,426,990,1224,1395,11,9,0,1,1,1,1,1,1,1
42.202742,bad_left_far,,230,1786864149804,18.81206600000951,1,target,,640,480,scan_with_ir,5.616952,153.494369,1,0,1,1,bad,0.961813,176,303,436,480,260.0,177.0,46020.0,0.1498046875,306,392,-0.04375,0.633333,,1,,252,AVOID_TURN_RIGHT,bad 接近画面中心，原地大转避开,-0.04375,0.1498046875,400,-400,1,1345,1247,1015,1417,231,1021,1240,1270,9,9,0,0,1,1,1,1,1,1
42.343789,bad_left_far,,231,1786864149961,2.6225350000004255,1,target,,640,480,scan_with_ir,5.61981,154.383109,1,0,1,1,bad,0.957741,175,303,417,480,242.0,177.0,42834.0,0.13943359375,296,392,-0.075,0.633333,,1,,252,AVOID_TURN_RIGHT,bad 接近画面中心，原地大转避开,-0.075,0.13943359375,400,-400,1,1342,1245,1015,1418,526,1040,1304,1288,10,9,0,0,1,1,1,1,1,1
42.506326,bad_left_far,,232,1786864150115,10.803964999922755,1,target,,640,480,scan_with_ir,5.623019,151.604058,1,0,1,1,bad,0.962096,176,306,434,480,258.0,174.0,44892.0,0.1461328125,305,393,-0.046875,0.6375,,1,,188,AVOID_TURN_RIGHT,bad 接近画面中心，原地大转避开,-0.046875,0.1461328125,400,-400,1,1337,1252,1010,1412,247,1055,1036,1379,11,9,0,0,1,1,1,1,0,1
42.670337,bad_left_far,,233,1786864150288,2.373669999997219,1,target,,640,480,scan_with_ir,5.623756,169.608956,1,0,1,1,bad,0.953776,163,298,420,478,257.0,180.0,46260.0,0.1505859375,292,388,-0.0875,0.616667,,1,,172,AVOID_TURN_RIGHT,bad 接近画面中心，原地大转避开,-0.0875,0.1505859375,400,-400,1,1336,1254,956,1412,227,1019,23,1376,10,9,0,0,1,1,0,1,0,1
42.831583,bad_left_far,,234,1786864150438,13.34153800007698,1,target,,640,480,scan_with_ir,5.627501,147.31419,1,0,1,1,bad,0.939298,146,303,388,480,242.0,177.0,42834.0,0.13943359375,267,392,-0.165625,0.633333,,1,,172,AVOID_ARC_RIGHT,bad 位于侧方，差速前进绕开,-0.165625,0.13943359375,500,400,1,1337,1266,973,1397,475,1006,23,1312,10,9,0,0,1,1,0,1,0,1
42.97344,bad_left_far,,235,1786864150589,4.412587999922835,1,target,,640,480,scan_with_ir,5.631111,148.350333,1,0,1,1,bad,0.934136,128,293,335,480,207.0,187.0,38709.0,0.126005859375,232,387,-0.275,0.6125,,1,,172,AVOID_ARC_RIGHT,bad 位于侧方，差速前进绕开,-0.275,0.126005859375,500,400,1,1339,1280,1006,1386,359,994,21,1284,10,8,0,0,1,1,0,1,0,1
43.134865,bad_left_far,,236,1786864150745,9.534123000094041,1,target,,640,480,scan_with_ir,5.633966,154.026374,1,0,1,1,bad,0.927773,47,289,292,479,245.0,190.0,46550.0,0.15152994791666666,170,384,-0.46875,0.6,,1,,172,AVOID_ARC_RIGHT,bad 位于侧方，差速前进绕开,-0.46875,0.15152994791666666,500,400,1,1329,1188,1090,1403,110,987,22,1158,9,9,0,0,1,1,0,1,0,1
43.582568,bad_left_far,,,,,0,no_data_or_stale,,,,search,,,0,,,,,,,,,,,,,,,,,,,1,,239,VISION_STOP,no_data_or_stale,,,0,0,1,1419,1325,1108,1505,496,941,21,18,2,10,1,1,1,1,0,1,1,1
43.783629,bad_left_far,,237,1786864151395,8.971097999847188,1,target,,640,480,scan_with_ir,5.57148,646.950646,1,0,1,1,bad,0.912986,53,288,286,478,233.0,190.0,44270.0,0.14410807291666666,170,383,-0.46875,0.595833,,1,,239,AVOID_ARC_RIGHT,bad 位于侧方，差速前进绕开,-0.46875,0.14410807291666666,500,400,1,1413,1325,1103,1515,29,940,862,29,3,9,1,1,1,1,0,1,1,1
43.944535,bad_left_far,,238,1786864151561,3.294538000091052,1,target,,640,480,scan_with_ir,5.573162,160.779817,1,0,1,1,bad,0.945683,45,285,281,478,236.0,193.0,45548.0,0.14826822916666665,163,382,-0.490625,0.591667,,1,,239,AVOID_ARC_RIGHT,bad 位于侧方，差速前进绕开,-0.490625,0.14826822916666665,500,400,1,1422,1340,1104,1527,24,940,83,18,3,9,1,1,1,1,0,1,1,1
44.105538,bad_left_far,,239,1786864151719,6.111846000067089,1,target,,640,480,scan_with_ir,5.575922,150.735891,1,0,1,1,bad,0.299737,3,283,150,480,147.0,197.0,28959.0,0.094267578125,77,382,-0.759375,0.591667,,1,,239,AVOID_ARC_RIGHT,bad 位于侧方，差速前进绕开,-0.759375,0.094267578125,500,400,1,1427,1323,1106,1520,128,940,158,18,3,10,1,1,1,1,0,1,1,1
44.266578,bad_left_far,,240,1786864151873,13.31761300002654,1,no_target,,640,480,search,5.579225,146.439096,0,,,,,,,,,,,,,,,,,,,1,,231,CLEAR,没有检测到 bad 能量块,,,0,0,1,1436,1336,1107,1556,24,940,21,17,2,9,1,1,1,0,0,1,1,1
44.428082,bad_left_far,,241,1786864152034,14.258648000122776,1,no_target,,640,480,search,5.581637,157.867344,0,,,,,,,,,,,,,,,,,,,1,,229,CLEAR,没有检测到 bad 能量块,,,0,0,1,1079,1321,1089,1526,24,938,469,30,3,10,1,0,1,0,0,1,1,1
44.609502,bad_left_far,,242,1786864152227,2.5323699999262317,1,no_target,,640,480,search,5.579834,190.84704,0,,,,,,,,,,,,,,,,,,,1,,229,CLEAR,没有检测到 bad 能量块,,,0,0,1,1044,1318,1088,1521,23,951,21,18,2,10,1,0,1,0,0,1,1,1
44.791736,bad_left_far,,243,1786864152397,14.599454999824957,1,no_target,,640,480,search,5.580996,167.922213,0,,,,,,,,,,,,,,,,,,,1,,229,CLEAR,没有检测到 bad 能量块,,,0,0,1,1045,1321,1089,1529,312,957,21,17,2,9,1,0,1,0,0,1,1,1
44.954447,bad_left_far,,244,1786864152565,9.527325999897585,1,no_target,,640,480,search,5.582449,160.885257,0,,,,,,,,,,,,,,,,,,,1,,229,CLEAR,没有检测到 bad 能量块,,,0,0,1,1046,1323,1091,1530,296,957,517,19,2,9,1,0,1,0,0,1,1,1
45.115433,bad_left_far,,245,1786864152729,6.4091369999914605,1,no_target,,640,480,search,5.584372,156.641796,0,,,,,,,,,,,,,,,,,,,1,,229,CLEAR,没有检测到 bad 能量块,,,0,0,1,1050,1327,1094,1534,24,968,22,17,2,9,1,0,1,0,0,1,1,1
45.297044,bad_left_far,,246,1786864152897,19.88382000013189,1,no_target,,640,480,search,5.585763,160.759334,0,,,,,,,,,,,,,,,,,,,1,,229,CLEAR,没有检测到 bad 能量块,,,0,0,1,1050,1328,1096,1536,24,952,20,18,2,8,1,0,1,0,0,1,1,1
45.478264,bad_left_far,,247,1786864153088,10.563063000063266,1,no_target,,640,480,search,5.584297,188.463795,0,,,,,,,,,,,,,,,,,,,1,,229,CLEAR,没有检测到 bad 能量块,,,0,0,1,1043,1320,1088,1524,27,956,21,17,2,9,1,0,1,0,0,1,1,1
45.659543,bad_left_far,,248,1786864153266,13.839452999945934,1,no_target,,640,480,search,5.584427,171.014458,0,,,,,,,,,,,,,,,,,,,1,,245,CLEAR,没有检测到 bad 能量块,,,0,0,1,1043,1329,1083,1524,24,971,21,18,2,9,1,0,1,0,1,1,1,1
45.820536,bad_left_far,,249,1786864153426,14.379440999846338,1,no_target,,640,480,search,5.586761,158.170927,0,,,,,,,,,,,,,,,,,,,1,,229,CLEAR,没有检测到 bad 能量块,,,0,0,1,1234,1340,1098,1552,227,1004,21,17,2,9,1,0,1,0,0,1,1,1
45.981593,bad_left_far,,250,1786864153588,13.43614699999307,1,no_target,,640,480,search,5.588887,159.798058,0,,,,,,,,,,,,,,,,,,,1,,231,CLEAR,没有检测到 bad 能量块,,,0,0,1,1418,1342,1113,1541,126,939,404,18,2,10,1,1,1,0,0,1,1,1
46.142674,bad_left_far,,251,1786864153744,18.925766000165822,1,no_target,,640,480,search,5.591786,153.394329,0,,,,,,,,,,,,,,,,,,,1,,239,CLEAR,没有检测到 bad 能量块,,,0,0,1,1453,1357,1132,1528,24,922,21,17,2,9,1,1,1,1,0,1,1,1
46.283589,bad_left_far,,252,1786864153899,4.782080000040878,1,no_target,,640,480,search,5.594745,152.597273,0,,,,,,,,,,,,,,,,,,,1,,237,CLEAR,没有检测到 bad 能量块,,,0,0,1,1359,1319,1101,1440,496,955,21,17,2,10,1,0,1,1,0,1,1,1
46.444561,bad_left_far,,253,1786864154052,12.247118000004775,1,no_target,,640,480,search,5.597874,151.19697,0,,,,,,,,,,,,,,,,,,,1,,236,CLEAR,没有检测到 bad 能量块,,,0,0,1,1280,1208,977,1325,227,1005,21,550,6,8,0,0,1,1,0,1,1,1
46.605467,bad_left_far,,254,1786864154216,8.994190000066737,1,target,,640,480,scan_with_ir,5.599667,156.743531,1,0,1,1,bad,0.73462,123,287,295,480,172.0,193.0,33196.0,0.10805989583333334,209,384,-0.346875,0.6,,1,,236,AVOID_ARC_RIGHT,bad 位于侧方，差速前进绕开,-0.346875,0.10805989583333334,500,400,1,1260,1170,961,1296,22,922,606,1285,10,9,0,0,1,1,0,1,1,1
46.766851,bad_left_far,,255,1786864154384,2.302578999888283,1,target,,640,480,scan_with_ir,5.600958,162.178059,1,0,1,1,bad,0.963741,258,297,447,480,189.0,183.0,34587.0,0.112587890625,353,389,0.103125,0.620833,,1,,236,AVOID_TURN_LEFT,bad 接近画面中心，原地大转避开,0.103125,0.112587890625,-400,400,1,1250,1160,955,1287,23,923,830,955,8,8,0,0,1,1,0,1,1,1
46.929891,bad_left_far,,256,1786864154550,0.05957299981673714,1,target,,640,480,scan_with_ir,5.602581,159.311585,1,0,1,1,bad,0.964394,248,298,456,480,208.0,182.0,37856.0,0.12322916666666667,352,389,0.1,0.620833,,1,,236,AVOID_TURN_LEFT,bad 接近画面中心，原地大转避开,0.1,0.12322916666666667,-400,400,1,1253,1164,955,1297,23,938,1304,1194,9,10,0,0,1,1,0,1,1,1
47.131391,bad_left_far,,257,1786864154739,12.421558999903937,1,target,,640,480,scan_with_ir,5.601272,182.099934,1,0,1,1,bad,0.959955,219,301,464,479,245.0,178.0,43610.0,0.14195963541666667,342,390,0.06875,0.625,,1,,252,AVOID_TURN_LEFT,bad 接近画面中心，原地大转避开,0.06875,0.14195963541666667,-400,400,1,1254,1166,944,1302,23,954,1303,1316,11,9,0,0,1,1,1,1,1,1
47.332694,bad_left_far,,258,1786864154948,5.0212959999953455,1,target,,640,480,scan_with_ir,5.597609,206.404951,1,0,1,1,bad,0.960436,218,301,471,479,253.0,178.0,45034.0,0.14659505208333334,345,390,0.078125,0.625,,1,,182,AVOID_TURN_LEFT,bad 接近画面中心，原地大转避开,0.078125,0.14659505208333334,-400,400,1,1252,1158,943,1293,23,955,1262,2000,15,9,0,1,1,0,1,1,0,1
47.493816,bad_left_far,,259,1786864155100,13.582680999888908,1,target,,640,480,scan_with_ir,5.600778,150.148177,1,0,1,1,bad,0.960816,237,305,488,480,251.0,175.0,43925.0,0.14298502604166666,363,393,0.134375,0.6375,,1,,182,AVOID_TURN_LEFT,bad 接近画面中心，原地大转避开,0.134375,0.14298502604166666,-400,400,1,1254,1177,931,1304,23,955,1003,908,8,9,0,1,1,0,1,1,0,1
47.635019,bad_left_far,,260,1786864155253,2.3949839999204414,1,target,,640,480,scan_with_ir,5.603913,145.856178,1,0,1,1,bad,0.948301,291,302,541,479,250.0,177.0,44250.0,0.14404296875,416,391,0.3,0.629167,,1,,182,AVOID_ARC_LEFT,bad 位于侧方，差速前进绕开,0.3,0.14404296875,400,500,1,1241,1172,934,1328,23,971,910,108,2,9,0,1,1,0,1,1,0,1
47.796743,bad_left_far,,261,1786864155400,16.790349999837417,1,target,,640,480,scan_with_ir,5.607673,144.570096,1,0,1,1,bad,0.959987,328,308,572,479,244.0,171.0,41724.0,0.1358203125,450,394,0.40625,0.641667,,1,,183,AVOID_ARC_LEFT,bad 位于侧方，差速前进绕开,0.40625,0.1358203125,400,500,1,1260,1179,941,1339,27,973,848,21,3,9,1,1,1,0,1,1,0,1
47.937945,bad_left_far,,262,1786864155549,8.964708999883442,1,target,,640,480,scan_with_ir,5.611192,142.338701,1,0,1,1,bad,0.957859,360,309,608,478,248.0,169.0,41912.0,0.13643229166666668,484,394,0.5125,0.641667,,1,,167,AVOID_ARC_LEFT,bad 位于侧方，差速前进绕开,0.5125,0.13643229166666668,400,500,1,1264,1168,929,1349,32,966,1004,21,3,9,1,1,1,0,0,1,0,1
48.099117,bad_left_far,,263,1786864155702,16.977384000028906,1,target,,640,480,scan_with_ir,5.61419,151.063138,1,0,1,1,bad,0.933254,385,308,640,475,255.0,167.0,42585.0,0.138623046875,513,392,0.603125,0.633333,,1,,231,AVOID_ARC_LEFT,bad 位于侧方，差速前进绕开,0.603125,0.138623046875,400,500,1,1256,1185,909,1361,24,988,1579,323,3,10,1,1,1,0,0,1,1,1
48.240331,bad_left_far,,264,1786864155858,2.6483860001462745,1,no_target,,640,480,search,5.616886,153.393048,0,,,,,,,,,,,,,,,,,,,1,,183,CLEAR,没有检测到 bad 能量块,,,0,0,1,1221,1156,892,1339,126,972,22,120,3,9,1,1,1,0,1,1,0,1
48.702802,bad_left_far,,,,,0,no_data_or_stale,,,,search,,,0,,,,,,,,,,,,,,,,,,,1,,179,VISION_STOP,no_data_or_stale,,,0,0,1,1176,1153,832,1313,23,1003,257,18,2,9,1,1,0,0,1,1,0,1
48.823665,bad_left_far,,265,1786864156427,16.674576000013985,1,no_target,,640,480,search,5.570683,566.699784,0,,,,,,,,,,,,,,,,,,,1,,179,CLEAR,没有检测到 bad 能量块,,,0,0,1,1173,1149,828,1308,32,1005,21,22,2,9,1,1,0,0,1,1,0,1
48.985845,bad_left_far,,266,1786864156590,16.122086999985186,1,no_target,,640,480,search,5.572637,160.332394,0,,,,,,,,,,,,,,,,,,,1,,243,CLEAR,没有检测到 bad 能量块,,,0,0,1,1187,1160,835,1321,23,1006,21,28,3,9,1,1,0,0,1,1,1,1
49.147612,bad_left_far,,267,1786864156748,19.76306200003819,1,no_target,,640,480,search,5.575124,155.531499,0,,,,,,,,,,,,,,,,,,,1,,179,CLEAR,没有检测到 bad 能量块,,,0,0,1,1173,1151,829,1312,23,1001,21,17,2,10,1,1,0,0,1,1,0,1
49.288832,bad_left_far,,268,1786864156903,5.798037999966255,1,no_target,,640,480,search,5.577938,152.686119,0,,,,,,,,,,,,,,,,,,,1,,179,CLEAR,没有检测到 bad 能量块,,,0,0,1,1180,1159,835,1321,23,1002,174,18,3,10,1,1,0,0,1,1,0,1
49.450062,bad_left_far,,269,1786864157065,5.368659000168918,1,no_target,,640,480,search,5.57997,159.180308,0,,,,,,,,,,,,,,,,,,,1,,179,CLEAR,没有检测到 bad 能量块,,,0,0,1,1174,1156,833,1317,246,1006,21,17,2,9,1,1,0,0,1,1,0,1
49.61161,bad_left_far,,270,1786864157223,8.679919000087466,1,no_target,,640,480,search,5.58239,155.698402,0,,,,,,,,,,,,,,,,,,,1,,179,CLEAR,没有检测到 bad 能量块,,,0,0,1,1160,1150,828,1307,226,1003,21,28,3,10,1,1,0,0,1,1,0,1
49.792817,bad_left_far,,271,1786864157397,15.96649799989791,1,no_target,,640,480,search,5.582982,171.603032,0,,,,,,,,,,,,,,,,,,,1,,179,CLEAR,没有检测到 bad 能量块,,,0,0,1,1117,1149,836,1305,23,1005,21,17,2,9,1,1,0,0,1,1,0,1
49.95436,bad_left_far,,272,1786864157560,13.983301999815012,1,no_target,,640,480,search,5.584769,156.584476,0,,,,,,,,,,,,,,,,,,,1,,183,CLEAR,没有检测到 bad 能量块,,,0,0,1,1205,1139,853,1293,41,1038,22,19,2,9,1,1,1,0,1,1,0,1
50.12028,bad_left_far,,273,1786864157735,4.855671000086659,1,no_target,,640,480,search,5.585231,172.753357,0,,,,,,,,,,,,,,,,,,,1,,183,CLEAR,没有检测到 bad 能量块,,,0,0,1,1196,1121,851,1240,23,1022,22,16,2,9,1,1,1,0,1,1,0,1
50.30498,bad_left_far,,274,1786864157925,0.04099900002074719,1,no_target,,640,480,search,5.584039,183.967554,0,,,,,,,,,,,,,,,,,,,1,,181,CLEAR,没有检测到 bad 能量块,,,0,0,1,1184,1118,835,1209,22,986,1881,26,2,9,1,0,1,0,1,1,0,1
50.466249,bad_left_far,,275,1786864158086,0.05979499997010862,1,no_target,,640,480,search,5.586066,158.236753,0,,,,,,,,,,,,,,,,,,,1,,181,CLEAR,没有检测到 bad 能量块,,,0,0,1,1191,1117,835,1213,22,974,850,21,2,10,1,0,1,0,1,1,0,1
50.627356,bad_left_far,,276,1786864158246,1.4505050000934716,1,no_target,,640,480,search,5.588246,157.34905,0,,,,,,,,,,,,,,,,,,,1,,188,CLEAR,没有检测到 bad 能量块,,,0,0,1,1168,1107,821,1195,61,972,940,1286,10,9,0,0,1,1,1,1,0,1
50.788353,bad_left_far,,277,1786864158402,5.876851000039096,1,no_target,,640,480,search,5.590772,149.859827,0,,,,,,,,,,,,,,,,,,,1,,172,CLEAR,没有检测到 bad 能量块,,,0,0,1,1143,1090,820,1159,22,940,893,1129,9,8,0,0,1,1,0,1,0,1
50.989636,bad_left_far,,278,1786864158606,3.5123290001592977,1,target,,640,480,scan_with_ir,5.58799,201.133931,1,0,1,1,bad,0.928915,245,305,474,480,229.0,175.0,40075.0,0.13045247395833334,360,393,0.125,0.6375,,1,,164,AVOID_TURN_LEFT,bad 接近画面中心，原地大转避开,0.125,0.13045247395833334,-400,400,1,1129,1066,835,1145,360,1003,794,940,7,10,0,0,1,0,0,1,0,1
51.150791,bad_left_far,,279,1786864158769,1.8615330000102404,1,target,,640,480,scan_with_ir,5.5898,160.71179,1,0,1,1,bad,0.951422,232,301,445,480,213.0,179.0,38127.0,0.124111328125,339,391,0.059375,0.629167,,1,,164,AVOID_TURN_LEFT,bad 接近画面中心，原地大转避开,0.059375,0.124111328125,-400,400,1,1138,1073,842,1153,22,987,501,665,6,9,0,0,1,0,0,1,0,1
51.311988,bad_left_far,,280,1786864158921,11.362359000031574,1,target,,640,480,scan_with_ir,5.592833,149.68559,1,0,1,1,bad,0.922299,248,298,431,480,183.0,182.0,33306.0,0.10841796875,340,389,0.0625,0.620833,,1,,164,AVOID_TURN_LEFT,bad 接近画面中心，原地大转避开,0.0625,0.10841796875,-400,400,1,1136,1068,823,1149,22,940,323,1096,9,10,0,0,1,0,0,1,0,1
51.473044,bad_left_far,,281,1786864159087,6.395913999995173,1,target,,640,480,scan_with_ir,5.594259,163.973846,1,0,1,1,bad,0.666758,263,291,419,479,156.0,188.0,29328.0,0.09546875,341,385,0.065625,0.604167,,1,,181,AVOID_TURN_LEFT,bad 接近画面中心，原地大转避开,0.065625,0.09546875,-400,400,1,1116,1065,816,1157,22,956,533,125,3,8,1,0,1,0,1,1,0,1
51.694612,bad_left_far,,282,1786864159309,5.981607999956395,1,target,,640,480,scan_with_ir,5.589454,219.988864,1,0,1,1,bad,0.87622,327,292,457,426,130.0,134.0,17420.0,0.05670572916666667,392,359,0.225,0.495833,,1,,189,AVOID_ARC_LEFT,bad 位于侧方，差速前进绕开,0.225,0.05670572916666667,400,500,1,1127,1053,792,1157,22,1021,20,17,2,9,1,0,1,1,1,1,0,1
51.855507,bad_left_far,,283,1786864159470,4.990519000102722,1,target,,640,480,scan_with_ir,5.591348,159.815771,1,0,1,1,bad,0.845797,425,291,528,399,103.0,108.0,11124.0,0.0362109375,477,345,0.490625,0.4375,,1,,189,AVOID_ARC_LEFT,bad 位于侧方，差速前进绕开,0.490625,0.0362109375,400,500,1,1123,1052,787,1168,22,1053,21,17,2,10,1,0,1,1,1,1,0,1
52.016652,bad_left_far,,284,1786864159621,15.183736999915709,1,target,,640,480,scan_with_ir,5.594413,148.878736,1,0,1,1,bad,0.423658,433,290,536,378,103.0,88.0,9064.0,0.029505208333333335,485,334,0.515625,0.391667,,1,,189,AVOID_ARC_LEFT,bad 位于侧方，差速前进绕开,0.515625,0.029505208333333335,400,500,1,1110,1027,776,1162,22,1052,28,18,3,9,1,0,1,1,1,1,0,1
52.177879,bad_left_far,,285,1786864159786,11.573428000019703,1,no_target,,640,480,search,5.595938,162.47262,0,,,,,,,,,,,,,,,,,,,1,,181,CLEAR,没有检测到 bad 能量块,,,0,0,1,1111,1042,760,1162,208,1085,21,17,2,9,1,0,1,0,1,1,0,1
52.359032,bad_left_far,,286,1786864159977,1.8110900000465335,1,no_target,,640,480,search,5.594602,188.846035,0,,,,,,,,,,,,,,,,,,,1,,181,CLEAR,没有检测到 bad 能量块,,,0,0,1,1121,1046,785,1155,193,1061,22,17,2,9,1,0,1,0,1,1,0,1
52.520998,bad_left_far,,287,1786864160135,6.070458000067447,1,no_target,,640,480,search,5.5969,148.71111,0,,,,,,,,,,,,,,,,,,,1,,181,CLEAR,没有检测到 bad 能量块,,,0,0,1,1107,1030,772,1144,220,1019,22,16,2,9,1,0,1,0,1,1,0,1
52.682457,bad_left_far,,288,1786864160290,12.077861000079793,1,no_target,,640,480,search,5.599423,148.354283,0,,,,,,,,,,,,,,,,,,,1,,181,CLEAR,没有检测到 bad 能量块,,,0,0,1,1115,1032,780,1147,93,1003,21,17,2,10,1,0,1,0,1,1,0,1
52.843594,bad_left_far,,289,1786864160458,5.67630000000463,1,no_target,,640,480,search,5.600635,164.901472,0,,,,,,,,,,,,,,,,,,,1,,181,CLEAR,没有检测到 bad 能量块,,,0,0,1,1123,1050,831,1153,25,972,21,17,2,9,1,0,1,0,1,1,0,1
53.025231,bad_left_far,,290,1786864160627,17.896251000138363,1,no_target,,640,480,search,5.601621,161.183443,0,,,,,,,,,,,,,,,,,,,1,,188,CLEAR,没有检测到 bad 能量块,,,0,0,1,1078,1070,796,1165,175,957,31,269,4,10,0,0,1,1,1,1,0,1
53.206419,bad_left_far,,291,1786864160808,18.031285000006392,1,no_target,,640,480,search,5.601331,172.888961,0,,,,,,,,,,,,,,,,,,,1,,164,CLEAR,没有检测到 bad 能量块,,,0,0,1,960,1044,808,1155,343,955,92,223,3,9,0,0,1,0,0,1,0,1
53.652762,bad_left_far,,,,,0,no_data_or_stale,,,,search,,,0,,,,,,,,,,,,,,,,,,,1,,172,VISION_STOP,no_data_or_stale,,,0,0,1,956,1037,802,1138,33,955,126,18,2,10,0,0,1,1,0,1,0,1
53.793838,bad_left_far,,292,1786864161400,14.271404999817605,1,no_target,,640,480,search,5.55735,582.446319,0,,,,,,,,,,,,,,,,,,,1,,172,CLEAR,没有检测到 bad 能量块,,,0,0,1,963,1044,809,1148,22,956,92,336,4,9,0,0,1,1,0,1,0,1
53.974937,bad_left_far,,293,1786864161581,13.924820999818621,1,target,,640,480,scan_with_ir,5.557192,172.847109,1,0,1,1,bad,0.945023,270,275,364,366,94.0,91.0,8554.0,0.027845052083333332,317,321,-0.009375,0.3375,,1,,172,AVOID_TURN_RIGHT,bad 接近画面中心，原地大转避开,-0.009375,0.027845052083333332,400,-400,1,968,1038,804,1115,32,939,25,303,5,9,0,0,1,1,0,1,0,1
54.156371,bad_left_far,,294,1786864161766,10.198884999908842,1,target,,640,480,scan_with_ir,5.556655,176.585767,1,0,1,1,bad,0.944422,269,274,362,367,93.0,93.0,8649.0,0.028154296875,316,321,-0.0125,0.3375,,1,,172,AVOID_TURN_RIGHT,bad 接近画面中心，原地大转避开,-0.0125,0.028154296875,400,-400,1,1093,1044,794,1122,122,939,93,156,3,10,0,0,1,1,0,1,0,1
54.337528,bad_left_far,,295,1786864161957,0.4715820000456006,1,target,,640,480,scan_with_ir,5.555507,188.407578,1,0,1,1,bad,0.942602,260,275,355,366,95.0,91.0,8645.0,0.028141276041666666,308,321,-0.0375,0.3375,,1,,173,AVOID_TURN_RIGHT,bad 接近画面中心，原地大转避开,-0.0375,0.028141276041666666,400,-400,1,1105,1046,789,1037,390,974,21,118,3,9,1,0,1,1,0,1,0,1
54.498737,bad_left_far,,296,1786864162116,2.983674000006431,1,target,,640,480,scan_with_ir,5.55773,152.791757,1,0,1,1,bad,0.928679,216,273,315,372,99.0,99.0,9801.0,0.031904296875,266,323,-0.16875,0.345833,,1,,175,AVOID_ARC_RIGHT,bad 位于侧方，差速前进绕开,-0.16875,0.031904296875,500,400,1,1101,1056,793,1122,22,954,27,24,3,9,1,1,1,1,0,1,0,1
54.68003,bad_left_far,,297,1786864162299,0.9996260000662005,1,target,,640,480,scan_with_ir,5.55738,176.516341,1,0,1,1,bad,0.943625,159,272,273,385,114.0,113.0,12882.0,0.04193359375,216,329,-0.325,0.370833,,1,,175,AVOID_ARC_RIGHT,bad 位于侧方，差速前进绕开,-0.325,0.04193359375,500,400,1,1085,1038,787,1113,22,971,21,17,2,10,1,1,1,1,0,1,0,1
54.841442,bad_left_far,,298,1786864162461,0.04475800005820929,1,target,,640,480,scan_with_ir,5.559202,159.334352,1,0,1,1,bad,0.933241,90,272,225,394,135.0,122.0,16470.0,0.05361328125,158,333,-0.50625,0.3875,,1,,191,AVOID_ARC_RIGHT,bad 位于侧方，差速前进绕开,-0.50625,0.05361328125,500,400,1,1099,1063,791,1097,31,970,21,44,3,9,1,1,1,1,1,1,0,1
55.022641,bad_left_far,,299,1786864162631,11.958216000039101,1,target,,640,480,scan_with_ir,5.560299,165.702026,1,0,1,1,bad,0.273042,1,268,141,480,140.0,212.0,29680.0,0.09661458333333334,71,374,-0.778125,0.558333,,1,,191,AVOID_ARC_RIGHT,bad 位于侧方，差速前进绕开,-0.778125,0.09661458333333334,500,400,1,1155,1098,832,1169,22,955,21,18,2,9,1,1,1,1,1,1,0,1
55.184791,bad_left_far,,300,1786864162789,15.233809999926962,1,no_target,,640,480,search,5.562457,153.958731,0,,,,,,,,,,,,,,,,,,,1,,191,CLEAR,没有检测到 bad 能量块,,,0,0,1,1149,1103,833,1166,76,956,21,58,2,10,1,1,1,1,1,1,0,1
55.347892,bad_left_far,,301,1786864162966,2.0208439998441463,1,no_target,,640,480,search,5.562812,170.942428,0,,,,,,,,,,,,,,,,,,,1,,247,CLEAR,没有检测到 bad 能量块,,,0,0,1,1149,1091,853,1198,343,941,21,18,3,10,1,1,1,0,1,1,1,1
55.509047,bad_left_far,,302,1786864163128,1.2759170001572784,1,no_target,,640,480,search,5.564635,157.000347,0,,,,,,,,,,,,,,,,,,,1,,247,CLEAR,没有检测到 bad 能量块,,,0,0,1,1170,1071,844,1208,237,970,21,17,3,10,1,1,1,0,1,1,1,1
55.670492,bad_left_far,,303,1786864163288,2.615645999867411,1,no_target,,640,480,search,5.56665,152.977511,0,,,,,,,,,,,,,,,,,,,1,,247,CLEAR,没有检测到 bad 能量块,,,0,0,1,1168,1069,844,1208,23,966,371,107,3,9,1,1,1,0,1,1,1,1
55.85188,bad_left_far,,304,1786864163456,15.451582999958191,1,no_target,,640,480,search,5.567774,161.710373,0,,,,,,,,,,,,,,,,,,,1,,183,CLEAR,没有检测到 bad 能量块,,,0,0,1,1182,1080,853,1221,23,938,20,17,2,9,1,1,1,0,1,1,0,1
56.01292,bad_left_far,,305,1786864163627,6.266897999921639,1,no_target,,640,480,search,5.56873,167.766719,0,,,,,,,,,,,,,,,,,,,1,,183,CLEAR,没有检测到 bad 能量块,,,0,0,1,1176,1075,850,1216,22,956,21,17,3,9,1,1,1,0,1,1,0,1
56.174073,bad_left_far,,306,1786864163788,6.095050000112678,1,no_target,,640,480,search,5.570585,158.76779,0,,,,,,,,,,,,,,,,,,,1,,247,CLEAR,没有检测到 bad 能量块,,,0,0,1,1171,1073,847,1211,23,956,21,18,3,9,1,1,1,0,1,1,1,1
56.395678,bad_left_far,,307,1786864163997,18.998689000000013,1,no_target,,640,480,search,5.567624,206.324178,0,,,,,,,,,,,,,,,,,,,1,,247,CLEAR,没有检测到 bad 能量块,,,0,0,1,1174,1074,849,1214,23,939,21,17,2,9,1,1,1,0,1,1,1,1
56.556789,bad_left_far,,308,1786864164165,11.27838000002157,1,no_target,,640,480,search,5.568714,166.251992,0,,,,,,,,,,,,,,,,,,,1,,243,CLEAR,没有检测到 bad 能量块,,,0,0,1,1172,1072,847,1211,23,956,21,17,2,10,1,1,0,0,1,1,1,1
56.718085,bad_left_far,,309,1786864164324,14.154742000073384,1,no_target,,640,480,search,5.570853,155.701967,0,,,,,,,,,,,,,,,,,,,1,,247,CLEAR,没有检测到 bad 能量块,,,0,0,1,1173,1072,847,1209,330,957,21,17,3,10,1,1,1,0,1,1,1,1
56.859313,bad_left_far,,310,1786864164477,1.8932539999241271,1,no_target,,640,480,search,5.573447,151.363786,0,,,,,,,,,,,,,,,,,,,1,,247,CLEAR,没有检测到 bad 能量块,,,0,0,1,1174,1088,855,1222,278,956,21,105,3,10,1,1,1,0,1,1,1,1
57.02045,bad_left_far,,311,1786864164631,9.076595000124144,1,no_target,,640,480,search,5.575992,151.907311,0,,,,,,,,,,,,,,,,,,,1,,255,CLEAR,没有检测到 bad 能量块,,,0,0,1,1202,1118,859,1242,22,940,21,17,2,10,1,1,1,1,1,1,1,1
57.182805,bad_left_far,,312,1786864164787,15.931850000015402,1,no_target,,640,480,search,5.578367,149.903208,0,,,,,,,,,,,,,,,,,,,1,,255,CLEAR,没有检测到 bad 能量块,,,0,0,1,1253,1176,907,1321,32,955,21,17,2,9,1,1,1,1,1,1,1,1
57.343807,bad_left_far,,313,1786864164959,4.709543000217309,1,target,,640,480,scan_with_ir,5.579074,167.204101,1,0,1,1,bad,0.693492,3,268,142,480,139.0,212.0,29468.0,0.09592447916666667,73,374,-0.771875,0.558333,,1,,255,AVOID_ARC_RIGHT,bad 位于侧方，差速前进绕开,-0.771875,0.09592447916666667,500,400,1,1304,1204,968,1374,23,971,20,17,2,9,1,1,1,1,1,1,1,1
57.504877,bad_left_far,,314,1786864165107,17.549701999996614,1,target,,640,480,scan_with_ir,5.582147,143.229207,1,0,1,1,bad,0.519493,41,270,168,391,127.0,121.0,15367.0,0.050022786458333336,105,331,-0.671875,0.379167,,1,,245,AVOID_ARC_RIGHT,bad 位于侧方，差速前进绕开,-0.671875,0.050022786458333336,500,400,1,1284,1258,1037,1425,194,973,27,17,2,9,1,0,1,0,1,1,1,1
57.665863,bad_left_far,,315,1786864165271,14.785746000143263,1,target,,640,480,scan_with_ir,5.583673,158.062229,1,0,1,1,bad,0.921984,114,269,214,366,100.0,97.0,9700.0,0.031575520833333336,164,318,-0.4875,0.325,,1,,229,AVOID_ARC_RIGHT,bad 位于侧方，差速前进绕开,-0.4875,0.031575520833333336,500,400,1,1322,1250,1041,1403,542,1008,22,17,2,10,1,0,1,0,0,1,1,1
57.806884,bad_left_far,,316,1786864165424,3.254760999880091,1,target,,640,480,scan_with_ir,5.586293,145.753724,1,0,1,1,bad,0.915271,135,274,228,361,93.0,87.0,8091.0,0.026337890625,182,318,-0.43125,0.325,,1,,237,AVOID_ARC_RIGHT,bad 位于侧方，差速前进绕开,-0.43125,0.026337890625,500,400,1,1326,1240,1037,1391,61,972,27,18,2,10,1,0,1,1,0,1,1,1
57.968405,bad_left_far,,317,1786864165576,11.961900999949648,1,no_target,,640,480,search,5.588862,150.571969,0,,,,,,,,,,,,,,,,,,,1,,239,CLEAR,没有检测到 bad 能量块,,,0,0,1,1252,1243,1046,1379,423,942,21,17,3,10,1,1,1,1,0,1,1,1
58.129753,bad_left_far,,318,1786864165739,11.057383999968806,1,no_target,,640,480,search,5.590501,156.647612,0,,,,,,,,,,,,,,,,,,,1,,253,CLEAR,没有检测到 bad 能量块,,,0,0,1,1241,1249,1046,1276,493,926,143,29,2,9,1,0,1,1,1,1,1,1
58.572277,bad_left_far,,,,,0,no_data_or_stale,,,,search,,,0,,,,,,,,,,,,,,,,,,,1,,255,VISION_STOP,no_data_or_stale,,,0,0,1,1074,1075,839,1091,125,1005,388,19,2,10,1,1,1,1,1,1,1,1
58.733259,bad_left_far,,319,1786864166341,12.498000000050524,1,no_target,,640,480,search,5.549349,596.499021,0,,,,,,,,,,,,,,,,,,,1,,247,CLEAR,没有检测到 bad 能量块,,,0,0,1,1029,1047,799,1052,21,954,21,90,3,9,1,1,1,0,1,1,1,1
58.894798,bad_left_far,,320,1786864166498,16.842773000007583,1,no_target,,640,480,search,5.551563,152.360761,0,,,,,,,,,,,,,,,,,,,1,,247,CLEAR,没有检测到 bad 能量块,,,0,0,1,1004,1040,759,1024,22,957,21,17,2,10,1,1,1,0,1,1,1,1
59.05593,bad_left_far,,321,1786864166664,11.745961000087846,1,no_target,,640,480,search,5.552887,158.565716,0,,,,,,,,,,,,,,,,,,,1,,247,CLEAR,没有检测到 bad 能量块,,,0,0,1,983,993,737,990,358,956,21,17,2,9,1,1,1,0,1,1,1,1
59.21695,bad_left_far,,322,1786864166820,17.204617000061262,1,no_target,,640,480,search,5.555248,148.666696,0,,,,,,,,,,,,,,,,,,,1,,255,CLEAR,没有检测到 bad 能量块,,,0,0,1,983,987,719,973,22,956,21,24,3,10,1,1,1,1,1,1,1,1
59.357818,bad_left_far,,323,1786864166972,5.980978000025061,1,target,,640,480,scan_with_ir,5.557923,149.565101,1,0,1,1,bad,0.582261,136,267,204,331,68.0,64.0,4352.0,0.014166666666666666,170,299,-0.46875,0.245833,,1,,251,AVOID_ARC_RIGHT,bad 位于侧方，差速前进绕开,-0.46875,0.014166666666666666,500,400,1,984,981,723,969,230,940,21,26,2,9,1,1,0,1,1,1,1,1
59.519089,bad_left_far,,324,1786864167124,14.643619000025865,1,target,,640,480,scan_with_ir,5.560522,150.108459,1,0,1,1,bad,0.832517,163,268,230,330,67.0,62.0,4154.0,0.013522135416666666,197,299,-0.384375,0.245833,,1,,255,AVOID_ARC_RIGHT,bad 位于侧方，差速前进绕开,-0.384375,0.013522135416666666,500,400,1,986,985,726,977,21,940,21,17,2,10,1,1,1,1,1,1,1,1
59.660029,bad_left_far,,325,1786864167278,1.7827389999638399,1,target,,640,480,scan_with_ir,5.563002,151.63748,1,0,1,1,bad,0.870711,163,268,229,330,66.0,62.0,4092.0,0.0133203125,196,299,-0.3875,0.245833,,1,,255,AVOID_ARC_RIGHT,bad 位于侧方，差速前进绕开,-0.3875,0.0133203125,500,400,1,981,989,716,977,22,956,21,17,2,10,1,1,1,1,1,1,1,1
59.821176,bad_left_far,,326,1786864167429,11.62613099995724,1,target,,640,480,scan_with_ir,5.565705,149.2677,1,0,1,1,bad,0.781877,162,267,222,327,60.0,60.0,3600.0,0.01171875,192,297,-0.4,0.2375,,1,,255,AVOID_ARC_RIGHT,bad 位于侧方，差速前进绕开,-0.4,0.01171875,500,400,1,1017,1007,748,1002,21,956,681,20,2,10,1,1,1,1,1,1,1,1
59.96312,bad_left_far,,327,1786864167583,0.3033820000837295,1,target,,640,480,scan_with_ir,5.568212,150.802943,1,0,1,1,bad,0.764096,150,267,207,324,57.0,57.0,3249.0,0.010576171875,179,296,-0.440625,0.233333,,1,,247,AVOID_ARC_RIGHT,bad 位于侧方，差速前进绕开,-0.440625,0.010576171875,500,400,1,1057,1026,787,1051,245,957,712,21,2,9,1,1,1,0,1,1,1,1
