source,source_row,label,distance,phase,t,left,right,diff,left_filtered,right_filtered,diff_filtered,both_active,valid
右偏20度且离墙居中位置.csv,2,right_bias,middle,steady,0.003,627.0,20.0,607.0,627.0,20.0,607.0,0,1
右偏20度且离墙居中位置.csv,3,right_bias,middle,steady,0.023,644.0,19.0,625.0,635.5,19.5,616.0,0,1
右偏20度且离墙居中位置.csv,4,right_bias,middle,steady,0.043,629.0,22.0,607.0,629.0,20.0,609.0,0,1
右偏20度且离墙居中位置.csv,5,right_bias,middle,steady,0.063,585.0,22.0,563.0,628.0,21.0,607.0,0,1
右偏20度且离墙居中位置.csv,6,right_bias,middle,steady,0.083,564.0,20.0,544.0,627.0,20.0,607.0,0,1
右偏20度且离墙居中位置.csv,7,right_bias,middle,steady,0.103,581.0,22.0,559.0,606.0,21.0,585.0,0,1
右偏20度且离墙居中位置.csv,8,right_bias,middle,steady,0.123,628.0,20.0,608.0,627.0,20.0,607.0,0,1
右偏20度且离墙居中位置.csv,9,right_bias,middle,steady,0.143,724.0,21.0,703.0,627.5,20.5,607.0,0,1
右偏20度且离墙居中位置.csv,10,right_bias,middle,steady,0.164,636.0,20.0,616.0,628.0,20.0,608.0,0,1
右偏20度且离墙居中位置.csv,11,right_bias,middle,steady,0.184,643.0,19.0,624.0,629.0,20.0,609.0,0,1
右偏20度且离墙居中位置.csv,12,right_bias,middle,steady,0.204,580.0,21.0,559.0,628.0,21.0,607.0,0,1
右偏20度且离墙居中位置.csv,13,right_bias,middle,steady,0.224,564.0,20.0,544.0,585.0,20.0,565.0,0,1
右偏20度且离墙居中位置.csv,14,right_bias,middle,steady,0.244,580.0,20.0,560.0,581.0,20.0,561.0,0,1
右偏20度且离墙居中位置.csv,15,right_bias,middle,steady,0.264,727.0,19.0,708.0,628.0,20.0,608.0,0,1
右偏20度且离墙居中位置.csv,16,right_bias,middle,steady,0.284,642.0,20.0,622.0,636.0,20.0,616.0,0,1
右偏20度且离墙居中位置.csv,17,right_bias,middle,steady,0.304,580.0,20.0,560.0,636.0,20.0,616.0,0,1
右偏20度且离墙居中位置.csv,18,right_bias,middle,steady,0.324,580.0,20.0,560.0,580.0,20.0,560.0,0,1
右偏20度且离墙居中位置.csv,19,right_bias,middle,steady,0.344,562.0,20.0,542.0,580.0,20.0,560.0,0,1
右偏20度且离墙居中位置.csv,20,right_bias,middle,steady,0.364,580.0,99.0,481.0,580.0,20.0,560.0,0,1
右偏20度且离墙居中位置.csv,21,right_bias,middle,steady,0.384,630.0,208.0,422.0,580.0,20.0,560.0,0,1
右偏20度且离墙居中位置.csv,22,right_bias,middle,steady,0.405,709.0,20.0,689.0,580.0,20.0,560.0,0,1
右偏20度且离墙居中位置.csv,23,right_bias,middle,steady,0.425,629.0,21.0,608.0,629.0,20.0,609.0,0,1
右偏20度且离墙居中位置.csv,24,right_bias,middle,steady,0.445,579.0,20.0,559.0,580.0,20.0,560.0,0,1
右偏20度且离墙居中位置.csv,25,right_bias,middle,steady,0.465,581.0,20.0,561.0,580.0,20.0,560.0,0,1
右偏20度且离墙居中位置.csv,26,right_bias,middle,steady,0.485,580.0,20.0,560.0,580.0,20.0,560.0,0,1
右偏20度且离墙居中位置.csv,27,right_bias,middle,steady,0.505,661.0,20.0,641.0,581.0,20.0,561.0,0,1
右偏20度且离墙居中位置.csv,28,right_bias,middle,steady,0.525,643.0,20.0,623.0,629.0,20.0,609.0,0,1
右偏20度且离墙居中位置.csv,29,right_bias,middle,steady,0.545,628.0,20.0,608.0,629.0,20.0,609.0,0,1
右偏20度且离墙居中位置.csv,30,right_bias,middle,steady,0.565,580.0,20.0,560.0,628.0,20.0,608.0,0,1
右偏20度且离墙居中位置.csv,31,right_bias,middle,steady,0.585,548.0,31.0,517.0,581.0,20.0,561.0,0,1
右偏20度且离墙居中位置.csv,32,right_bias,middle,steady,0.605,580.0,22.0,558.0,580.0,20.0,560.0,0,1
右偏20度且离墙居中位置.csv,33,right_bias,middle,steady,0.625,659.0,32.0,627.0,581.0,20.0,561.0,0,1
右偏20度且离墙居中位置.csv,34,right_bias,middle,steady,0.646,642.0,20.0,622.0,628.0,20.0,608.0,0,1
右偏20度且离墙居中位置.csv,35,right_bias,middle,steady,0.666,626.0,20.0,606.0,628.0,20.0,608.0,0,1
右偏20度且离墙居中位置.csv,36,right_bias,middle,steady,0.686,595.0,20.0,575.0,626.0,20.0,606.0,0,1
右偏20度且离墙居中位置.csv,37,right_bias,middle,steady,0.706,532.0,20.0,512.0,595.0,20.0,575.0,0,1
右偏20度且离墙居中位置.csv,38,right_bias,middle,steady,0.726,578.0,21.0,557.0,580.0,20.0,560.0,0,1
右偏20度且离墙居中位置.csv,39,right_bias,middle,steady,0.746,627.0,20.0,607.0,595.0,20.0,575.0,0,1
右偏20度且离墙居中位置.csv,40,right_bias,middle,steady,0.766,739.0,20.0,719.0,626.0,20.0,606.0,0,1
右偏20度且离墙居中位置.csv,41,right_bias,middle,steady,0.786,626.0,20.0,606.0,626.0,20.0,606.0,0,1
右偏20度且离墙居中位置.csv,42,right_bias,middle,steady,0.806,674.0,19.0,655.0,626.0,20.0,606.0,0,1
右偏20度且离墙居中位置.csv,43,right_bias,middle,steady,0.826,562.0,20.0,542.0,626.0,20.0,606.0,0,1
右偏20度且离墙居中位置.csv,44,right_bias,middle,steady,0.847,562.0,19.0,543.0,595.0,20.0,575.0,0,1
右偏20度且离墙居中位置.csv,45,right_bias,middle,steady,0.867,579.0,20.0,559.0,579.0,20.0,559.0,0,1
右偏20度且离墙居中位置.csv,46,right_bias,middle,steady,0.887,625.0,20.0,605.0,625.0,20.0,605.0,0,1
右偏20度且离墙居中位置.csv,47,right_bias,middle,steady,0.907,626.0,21.0,605.0,626.0,20.0,606.0,0,1
右偏20度且离墙居中位置.csv,48,right_bias,middle,steady,0.927,580.0,27.0,553.0,625.0,20.0,605.0,0,1
右偏20度且离墙居中位置.csv,49,right_bias,middle,steady,0.947,581.0,32.0,549.0,581.0,20.0,561.0,0,1
右偏20度且离墙居中位置.csv,50,right_bias,middle,steady,0.967,585.0,20.0,565.0,581.0,20.0,561.0,0,1
右偏20度且离墙居中位置.csv,51,right_bias,middle,steady,0.987,596.0,21.0,575.0,581.0,20.0,561.0,0,1
右偏20度且离墙居中位置.csv,52,right_bias,middle,steady,1.007,658.0,20.0,638.0,585.0,20.0,565.0,0,1
右偏20度且离墙居中位置.csv,53,right_bias,middle,steady,1.028,626.0,19.0,607.0,596.0,20.0,576.0,0,1
右偏20度且离墙居中位置.csv,54,right_bias,middle,steady,1.048,595.0,21.0,574.0,596.0,21.0,575.0,0,1
右偏20度且离墙居中位置.csv,55,right_bias,middle,steady,1.068,570.0,20.0,550.0,595.0,21.0,574.0,0,1
右偏20度且离墙居中位置.csv,56,right_bias,middle,steady,1.088,578.0,19.0,559.0,585.0,20.0,565.0,0,1
右偏20度且离墙居中位置.csv,57,right_bias,middle,steady,1.108,578.0,20.0,558.0,585.0,20.0,565.0,0,1
右偏20度且离墙居中位置.csv,58,right_bias,middle,steady,1.128,738.0,20.0,718.0,595.0,20.0,575.0,0,1
右偏20度且离墙居中位置.csv,59,right_bias,middle,steady,1.148,628.0,20.0,608.0,596.0,20.0,576.0,0,1
右偏20度且离墙居中位置.csv,60,right_bias,middle,steady,1.168,706.0,20.0,686.0,626.0,20.0,606.0,0,1
右偏20度且离墙居中位置.csv,61,right_bias,middle,steady,1.188,577.0,20.0,557.0,595.0,20.0,575.0,0,1
右偏20度且离墙居中位置.csv,62,right_bias,middle,steady,1.208,547.0,207.0,340.0,578.0,20.0,558.0,0,1
右偏20度且离墙居中位置.csv,63,right_bias,middle,steady,1.229,586.0,20.0,566.0,578.0,20.0,558.0,0,1
右偏20度且离墙居中位置.csv,64,right_bias,middle,steady,1.249,660.0,22.0,638.0,586.0,20.0,566.0,0,1
右偏20度且离墙居中位置.csv,65,right_bias,middle,steady,1.269,627.0,32.0,595.0,627.0,20.0,607.0,0,1
右偏20度且离墙居中位置.csv,66,right_bias,middle,steady,1.289,577.0,20.0,557.0,627.0,20.0,607.0,0,1
右偏20度且离墙居中位置.csv,67,right_bias,middle,steady,1.309,593.0,20.0,573.0,593.0,20.0,573.0,0,1
右偏20度且离墙居中位置.csv,68,right_bias,middle,steady,1.329,580.0,20.0,560.0,586.0,20.0,566.0,0,1
右偏20度且离墙居中位置.csv,69,right_bias,middle,steady,1.349,578.0,21.0,557.0,580.0,20.0,560.0,0,1
右偏20度且离墙居中位置.csv,70,right_bias,middle,steady,1.369,644.0,21.0,623.0,586.0,21.0,565.0,0,1
右偏20度且离墙居中位置.csv,71,right_bias,middle,steady,1.389,644.0,20.0,624.0,593.0,20.0,573.0,0,1
右偏20度且离墙居中位置.csv,72,right_bias,middle,steady,1.41,626.0,20.0,606.0,626.0,20.0,606.0,0,1
右偏20度且离墙居中位置.csv,73,right_bias,middle,steady,1.43,577.0,20.0,557.0,593.0,20.0,573.0,0,1
右偏20度且离墙居中位置.csv,74,right_bias,middle,steady,1.45,577.0,20.0,557.0,580.0,20.0,560.0,0,1
右偏20度且离墙居中位置.csv,75,right_bias,middle,steady,1.47,578.0,20.0,558.0,580.0,20.0,560.0,0,1
右偏20度且离墙居中位置.csv,76,right_bias,middle,steady,1.49,674.0,20.0,654.0,580.0,20.0,560.0,0,1
右偏20度且离墙居中位置.csv,77,right_bias,middle,steady,1.51,625.0,20.0,605.0,625.0,20.0,605.0,0,1
右偏20度且离墙居中位置.csv,78,right_bias,middle,steady,1.53,656.0,20.0,636.0,626.0,20.0,606.0,0,1
右偏20度且离墙居中位置.csv,79,right_bias,middle,steady,1.55,578.0,20.0,558.0,625.0,20.0,605.0,0,1
右偏20度且离墙居中位置.csv,80,right_bias,middle,steady,1.57,546.0,20.0,526.0,578.0,20.0,558.0,0,1
右偏20度且离墙居中位置.csv,81,right_bias,middle,steady,1.59,587.0,30.0,557.0,578.0,20.0,558.0,0,1
右偏20度且离墙居中位置.csv,82,right_bias,middle,steady,1.611,626.0,22.0,604.0,587.0,20.0,567.0,0,1
右偏20度且离墙居中位置.csv,83,right_bias,middle,steady,1.631,740.0,20.0,720.0,625.0,20.0,605.0,0,1
右偏20度且离墙居中位置.csv,84,right_bias,middle,steady,1.651,627.0,20.0,607.0,626.0,20.0,606.0,0,1
右偏20度且离墙居中位置.csv,85,right_bias,middle,steady,1.671,661.0,33.0,628.0,626.0,20.0,606.0,0,1
右偏20度且离墙居中位置.csv,86,right_bias,middle,steady,1.691,561.0,20.0,541.0,626.0,20.0,606.0,0,1
右偏20度且离墙居中位置.csv,87,right_bias,middle,steady,1.711,578.0,20.0,558.0,587.0,20.0,567.0,0,1
右偏20度且离墙居中位置.csv,88,right_bias,middle,steady,1.731,645.0,59.0,586.0,626.0,20.0,606.0,0,1
右偏20度且离墙居中位置.csv,89,right_bias,middle,steady,1.751,661.0,20.0,641.0,627.0,20.0,607.0,0,1
右偏20度且离墙居中位置.csv,90,right_bias,middle,steady,1.772,628.0,20.0,608.0,628.0,20.0,608.0,0,1
右偏20度且离墙居中位置.csv,91,right_bias,middle,steady,1.792,708.0,21.0,687.0,645.0,20.0,625.0,0,1
右偏20度且离墙居中位置.csv,92,right_bias,middle,steady,1.812,582.0,20.0,562.0,628.0,20.0,608.0,0,1
右偏20度且离墙居中位置.csv,93,right_bias,middle,steady,1.832,580.0,20.0,560.0,628.0,20.0,608.0,0,1
右偏20度且离墙居中位置.csv,94,right_bias,middle,steady,1.852,590.0,21.0,569.0,590.0,20.0,570.0,0,1
右偏20度且离墙居中位置.csv,95,right_bias,middle,steady,1.872,629.0,21.0,608.0,628.0,20.0,608.0,0,1
右偏20度且离墙居中位置.csv,96,right_bias,middle,steady,1.892,645.0,21.0,624.0,629.0,21.0,608.0,0,1
右偏20度且离墙居中位置.csv,97,right_bias,middle,steady,1.912,581.0,20.0,561.0,628.0,20.0,608.0,0,1
右偏20度且离墙居中位置.csv,98,right_bias,middle,steady,1.932,582.0,21.0,561.0,590.0,21.0,569.0,0,1
右偏20度且离墙居中位置.csv,99,right_bias,middle,steady,1.953,579.0,20.0,559.0,582.0,21.0,561.0,0,1
右偏20度且离墙居中位置.csv,100,right_bias,middle,steady,1.973,563.0,208.0,355.0,582.0,21.0,561.0,0,1
右偏20度且离墙居中位置.csv,101,right_bias,middle,steady,1.993,709.0,21.0,688.0,582.0,21.0,561.0,0,1
右偏20度且离墙居中位置.csv,102,right_bias,middle,steady,2.013,629.0,29.0,600.0,590.0,21.0,569.0,0,1
右偏20度且离墙居中位置.csv,103,right_bias,middle,steady,2.033,658.0,20.0,638.0,629.0,21.0,608.0,0,1
右偏20度且离墙居中位置.csv,104,right_bias,middle,steady,2.053,579.0,21.0,558.0,582.0,21.0,561.0,0,1
右偏20度且离墙居中位置.csv,105,right_bias,middle,steady,2.073,580.0,20.0,560.0,581.0,21.0,560.0,0,1
右偏20度且离墙居中位置.csv,106,right_bias,middle,steady,2.093,581.0,21.0,560.0,581.0,21.0,560.0,0,1
右偏20度且离墙居中位置.csv,107,right_bias,middle,steady,2.113,676.0,20.0,656.0,581.0,21.0,560.0,0,1
右偏20度且离墙居中位置.csv,108,right_bias,middle,steady,2.133,644.0,19.0,625.0,629.0,21.0,608.0,0,1
右偏20度且离墙居中位置.csv,109,right_bias,middle,steady,2.154,725.0,274.0,451.0,644.0,21.0,623.0,0,1
右偏20度且离墙居中位置.csv,110,right_bias,middle,steady,2.174,645.0,20.0,625.0,644.0,20.0,624.0,0,1
右偏20度且离墙居中位置.csv,111,right_bias,middle,steady,2.194,578.0,20.0,558.0,644.0,20.0,624.0,0,1
右偏20度且离墙居中位置.csv,112,right_bias,middle,steady,2.214,587.0,20.0,567.0,587.0,20.0,567.0,0,1
右偏20度且离墙居中位置.csv,113,right_bias,middle,steady,2.234,547.0,21.0,526.0,587.0,20.0,567.0,0,1
右偏20度且离墙居中位置.csv,114,right_bias,middle,steady,2.254,677.0,208.0,469.0,644.0,20.0,624.0,0,1
右偏20度且离墙居中位置.csv,115,right_bias,middle,steady,2.275,627.0,20.0,607.0,644.0,20.0,624.0,0,1
右偏20度且离墙居中位置.csv,116,right_bias,middle,steady,2.295,649.0,20.0,629.0,644.0,20.0,624.0,0,1
右偏20度且离墙居中位置.csv,117,right_bias,middle,steady,2.315,577.0,20.0,557.0,627.0,20.0,607.0,0,1
右偏20度且离墙居中位置.csv,118,right_bias,middle,steady,2.335,578.0,20.0,558.0,587.0,20.0,567.0,0,1
右偏20度且离墙居中位置.csv,119,right_bias,middle,steady,2.355,626.0,20.0,606.0,587.0,20.0,567.0,0,1
右偏20度且离墙居中位置.csv,120,right_bias,middle,steady,2.376,627.0,19.0,608.0,626.0,20.0,606.0,0,1
右偏20度且离墙居中位置.csv,121,right_bias,middle,steady,2.396,643.0,21.0,622.0,627.0,20.0,607.0,0,1
右偏20度且离墙居中位置.csv,122,right_bias,middle,steady,2.416,626.0,19.0,607.0,627.0,20.0,607.0,0,1
右偏20度且离墙居中位置.csv,123,right_bias,middle,steady,2.436,563.0,20.0,543.0,626.0,20.0,606.0,0,1
右偏20度且离墙居中位置.csv,124,right_bias,middle,steady,2.457,580.0,32.0,548.0,626.0,20.0,606.0,0,1
右偏20度且离墙居中位置.csv,125,right_bias,middle,steady,2.477,580.0,204.0,376.0,580.0,20.0,560.0,0,1
右偏20度且离墙居中位置.csv,126,right_bias,middle,steady,2.497,642.0,29.0,613.0,626.0,20.0,606.0,0,1
右偏20度且离墙居中位置.csv,127,right_bias,middle,steady,2.517,627.0,20.0,607.0,626.0,20.0,606.0,0,1
右偏20度且离墙居中位置.csv,128,right_bias,middle,steady,2.537,594.0,20.0,574.0,626.0,20.0,606.0,0,1
右偏20度且离墙居中位置.csv,129,right_bias,middle,steady,2.557,565.0,20.0,545.0,594.0,20.0,574.0,0,1
右偏20度且离墙居中位置.csv,130,right_bias,middle,steady,2.577,576.0,20.0,556.0,580.0,20.0,560.0,0,1
右偏20度且离墙居中位置.csv,131,right_bias,middle,steady,2.597,546.0,21.0,525.0,580.0,20.0,560.0,0,1
右偏20度且离墙居中位置.csv,132,right_bias,middle,steady,2.617,708.0,20.0,688.0,580.0,20.0,560.0,0,1
右偏20度且离墙居中位置.csv,133,right_bias,middle,steady,2.638,628.0,20.0,608.0,594.0,20.0,574.0,0,1
右偏20度且离墙居中位置.csv,134,right_bias,middle,steady,2.658,737.0,21.0,716.0,627.0,20.0,607.0,0,1
右偏20度且离墙居中位置.csv,135,right_bias,middle,steady,2.678,579.0,21.0,558.0,594.0,20.0,574.0,0,1
右偏20度且离墙居中位置.csv,136,right_bias,middle,steady,2.698,578.0,21.0,557.0,579.0,20.0,559.0,0,1
右偏20度且离墙居中位置.csv,137,right_bias,middle,steady,2.718,578.0,21.0,557.0,578.0,21.0,557.0,0,1
右偏20度且离墙居中位置.csv,138,right_bias,middle,steady,2.738,596.0,20.0,576.0,579.0,21.0,558.0,0,1
右偏20度且离墙居中位置.csv,139,right_bias,middle,steady,2.758,643.0,20.0,623.0,596.0,21.0,575.0,0,1
右偏20度且离墙居中位置.csv,140,right_bias,middle,steady,2.779,674.0,21.0,653.0,628.0,21.0,607.0,0,1
右偏20度且离墙居中位置.csv,141,right_bias,middle,steady,2.799,626.0,21.0,605.0,626.0,21.0,605.0,0,1
右偏20度且离墙居中位置.csv,142,right_bias,middle,steady,2.819,586.0,20.0,566.0,596.0,21.0,575.0,0,1
右偏20度且离墙居中位置.csv,143,right_bias,middle,steady,2.839,577.0,20.0,557.0,586.0,21.0,565.0,0,1
右偏20度且离墙居中位置.csv,144,right_bias,middle,steady,2.859,625.0,21.0,604.0,596.0,21.0,575.0,0,1
右偏20度且离墙居中位置.csv,145,right_bias,middle,steady,2.879,627.0,19.0,608.0,625.0,20.0,605.0,0,1
右偏20度且离墙居中位置.csv,146,right_bias,middle,steady,2.899,627.0,19.0,608.0,626.0,20.0,606.0,0,1
右偏20度且离墙居中位置.csv,147,right_bias,middle,steady,2.919,577.0,19.0,558.0,626.0,20.0,606.0,0,1
右偏20度且离墙居中位置.csv,148,right_bias,middle,steady,2.939,577.0,20.0,557.0,625.0,20.0,605.0,0,1
右偏20度且离墙居中位置.csv,149,right_bias,middle,steady,2.959,578.0,20.0,558.0,586.0,20.0,566.0,0,1
右偏20度且离墙居中位置.csv,150,right_bias,middle,steady,2.979,643.0,55.0,588.0,586.0,20.0,566.0,0,1
右偏20度且离墙居中位置.csv,151,right_bias,middle,steady,2.999,640.0,20.0,620.0,625.0,20.0,605.0,0,1
右偏20度且离墙居中位置.csv,152,right_bias,middle,steady,3.019,763.0,21.0,742.0,627.0,20.0,607.0,0,1
右偏20度且离墙居中位置.csv,153,right_bias,middle,steady,3.04,577.0,20.0,557.0,627.0,20.0,607.0,0,1
右偏20度且离墙居中位置.csv,154,right_bias,middle,steady,3.06,578.0,20.0,558.0,578.0,20.0,558.0,0,1
右偏20度且离墙居中位置.csv,155,right_bias,middle,steady,3.08,577.0,44.0,533.0,578.0,20.0,558.0,0,1
右偏20度且离墙居中位置.csv,156,right_bias,middle,steady,3.1,608.0,19.0,589.0,578.0,20.0,558.0,0,1
右偏20度且离墙居中位置.csv,157,right_bias,middle,steady,3.12,626.0,20.0,606.0,608.0,20.0,588.0,0,1
右偏20度且离墙居中位置.csv,158,right_bias,middle,steady,3.14,579.0,20.0,559.0,608.0,20.0,588.0,0,1
右偏20度且离墙居中位置.csv,159,right_bias,middle,steady,3.16,691.0,20.0,671.0,608.0,20.0,588.0,0,1
右偏20度且离墙居中位置.csv,160,right_bias,middle,steady,3.18,578.0,21.0,557.0,579.0,20.0,559.0,0,1
右偏20度且离墙居中位置.csv,161,right_bias,middle,steady,3.2,594.0,20.0,574.0,579.0,20.0,559.0,0,1
右偏20度且离墙居中位置.csv,162,right_bias,middle,steady,3.22,627.0,20.0,607.0,594.0,20.0,574.0,0,1
右偏20度且离墙居中位置.csv,163,right_bias,middle,steady,3.24,609.0,20.0,589.0,608.0,20.0,588.0,0,1
右偏20度且离墙居中位置.csv,164,right_bias,middle,steady,3.26,625.0,19.0,606.0,609.0,20.0,589.0,0,1
右偏20度且离墙居中位置.csv,165,right_bias,middle,steady,3.28,610.0,160.0,450.0,610.0,20.0,590.0,0,1
右偏20度且离墙居中位置.csv,166,right_bias,middle,steady,3.301,586.0,20.0,566.0,609.0,20.0,589.0,0,1
右偏20度且离墙居中位置.csv,167,right_bias,middle,steady,3.321,580.0,32.0,548.0,609.0,20.0,589.0,0,1
右偏20度且离墙居中位置.csv,168,right_bias,middle,steady,3.341,660.0,22.0,638.0,609.0,20.0,589.0,0,1
右偏20度且离墙居中位置.csv,169,right_bias,middle,steady,3.361,626.0,20.0,606.0,610.0,20.0,590.0,0,1
右偏20度且离墙居中位置.csv,170,right_bias,middle,steady,3.381,673.0,20.0,653.0,625.0,20.0,605.0,0,1
右偏20度且离墙居中位置.csv,171,right_bias,middle,steady,3.401,578.0,19.0,559.0,610.0,20.0,590.0,0,1
右偏20度且离墙居中位置.csv,172,right_bias,middle,steady,3.421,579.0,19.0,560.0,610.0,20.0,590.0,0,1
右偏20度且离墙居中位置.csv,173,right_bias,middle,steady,3.441,577.0,20.0,557.0,586.0,20.0,566.0,0,1
右偏20度且离墙居中位置.csv,174,right_bias,middle,steady,3.461,634.0,20.0,614.0,586.0,20.0,566.0,0,1
右偏20度且离墙居中位置.csv,175,right_bias,middle,steady,3.481,626.0,21.0,605.0,626.0,20.0,606.0,0,1
右偏20度且离墙居中位置.csv,176,right_bias,middle,steady,3.501,580.0,21.0,559.0,626.0,20.0,606.0,0,1
右偏20度且离墙居中位置.csv,177,right_bias,middle,steady,3.522,690.0,20.0,670.0,626.0,20.0,606.0,0,1
右偏20度且离墙居中位置.csv,178,right_bias,middle,steady,3.542,577.0,17.0,560.0,580.0,20.0,560.0,0,1
右偏20度且离墙居中位置.csv,179,right_bias,middle,steady,3.562,613.0,21.0,592.0,580.0,20.0,560.0,0,1
右偏20度且离墙居中位置.csv,180,right_bias,middle,steady,3.582,578.0,20.0,558.0,580.0,20.0,560.0,0,1
右偏20度且离墙居中位置.csv,181,right_bias,middle,steady,3.602,607.0,20.0,587.0,607.0,20.0,587.0,0,1
右偏20度且离墙居中位置.csv,182,right_bias,middle,steady,3.622,634.0,20.0,614.0,613.0,20.0,593.0,0,1
右偏20度且离墙居中位置.csv,183,right_bias,middle,steady,3.642,658.0,33.0,625.0,613.0,20.0,593.0,0,1
右偏20度且离墙居中位置.csv,184,right_bias,middle,steady,3.662,577.0,30.0,547.0,607.0,20.0,587.0,0,1
右偏20度且离墙居中位置.csv,185,right_bias,middle,steady,3.683,581.0,33.0,548.0,607.0,20.0,587.0,0,1
右偏20度且离墙居中位置.csv,186,right_bias,middle,steady,3.703,641.0,20.0,621.0,607.0,20.0,587.0,0,1
右偏20度且离墙居中位置.csv,187,right_bias,middle,steady,3.723,633.0,192.0,441.0,613.0,21.0,592.0,0,1
右偏20度且离墙居中位置.csv,188,right_bias,middle,steady,3.743,626.0,22.0,604.0,626.0,22.0,604.0,0,1
右偏20度且离墙居中位置.csv,189,right_bias,middle,steady,3.763,578.0,20.0,558.0,626.0,22.0,604.0,0,1
右偏20度且离墙居中位置.csv,190,right_bias,middle,steady,3.783,610.0,20.0,590.0,626.0,22.0,604.0,0,1
右偏20度且离墙居中位置.csv,191,right_bias,middle,steady,3.803,577.0,20.0,557.0,610.0,22.0,588.0,0,1
右偏20度且离墙居中位置.csv,192,right_bias,middle,steady,3.823,625.0,20.0,605.0,610.0,20.0,590.0,0,1
右偏20度且离墙居中位置.csv,193,right_bias,middle,steady,3.843,641.0,21.0,620.0,625.0,20.0,605.0,0,1
右偏20度且离墙居中位置.csv,194,right_bias,middle,steady,3.863,610.0,20.0,590.0,625.0,20.0,605.0,0,1
右偏20度且离墙居中位置.csv,195,right_bias,middle,steady,3.884,627.0,20.0,607.0,625.0,20.0,605.0,0,1
右偏20度且离墙居中位置.csv,196,right_bias,middle,steady,3.904,577.0,21.0,556.0,610.0,20.0,590.0,0,1
右偏20度且离墙居中位置.csv,197,right_bias,middle,steady,3.924,576.0,20.0,556.0,610.0,20.0,590.0,0,1
右偏20度且离墙居中位置.csv,198,right_bias,middle,steady,3.944,641.0,19.0,622.0,610.0,20.0,590.0,0,1
右偏20度且离墙居中位置.csv,199,right_bias,middle,steady,3.964,609.0,22.0,587.0,610.0,20.0,590.0,0,1
右偏20度且离墙居中位置.csv,200,right_bias,middle,steady,3.984,651.0,33.0,618.0,625.0,20.0,605.0,0,1
右偏20度且离墙居中位置.csv,201,right_bias,middle,steady,4.004,674.0,24.0,650.0,627.0,21.0,606.0,0,1
右偏20度且离墙居中位置.csv,202,right_bias,middle,steady,4.024,576.0,19.0,557.0,610.0,20.0,590.0,0,1
右偏20度且离墙居中位置.csv,203,right_bias,middle,steady,4.044,577.0,20.0,557.0,609.0,20.0,589.0,0,1
右偏20度且离墙居中位置.csv,204,right_bias,middle,steady,4.065,641.0,20.0,621.0,609.0,20.0,589.0,0,1
右偏20度且离墙居中位置.csv,205,right_bias,middle,steady,4.085,616.0,20.0,596.0,616.0,20.0,596.0,0,1
右偏20度且离墙居中位置.csv,206,right_bias,middle,steady,4.105,626.0,20.0,606.0,626.0,20.0,606.0,0,1
右偏20度且离墙居中位置.csv,207,right_bias,middle,steady,4.125,579.0,20.0,559.0,616.0,20.0,596.0,0,1
右偏20度且离墙居中位置.csv,208,right_bias,middle,steady,4.145,691.0,20.0,671.0,626.0,20.0,606.0,0,1
右偏20度且离墙居中位置.csv,209,right_bias,middle,steady,4.165,577.0,191.0,386.0,616.0,20.0,596.0,0,1
右偏20度且离墙居中位置.csv,210,right_bias,middle,steady,4.185,641.0,20.0,621.0,616.0,20.0,596.0,0,1
右偏20度且离墙居中位置.csv,211,right_bias,middle,steady,4.205,627.0,20.0,607.0,626.0,20.0,606.0,0,1
右偏20度且离墙居中位置.csv,212,right_bias,middle,steady,4.225,626.0,19.0,607.0,626.0,20.0,606.0,0,1
右偏20度且离墙居中位置.csv,213,right_bias,middle,steady,4.245,577.0,20.0,557.0,626.0,20.0,606.0,0,1
右偏20度且离墙居中位置.csv,214,right_bias,middle,steady,4.266,594.0,21.0,573.0,626.0,20.0,606.0,0,1
右偏20度且离墙居中位置.csv,215,right_bias,middle,steady,4.286,576.0,21.0,555.0,594.0,20.0,574.0,0,1
右偏20度且离墙居中位置.csv,216,right_bias,middle,steady,4.306,643.0,30.0,613.0,626.0,20.0,606.0,0,1
右偏20度且离墙居中位置.csv,217,right_bias,middle,steady,4.326,644.0,31.0,613.0,626.0,21.0,605.0,0,1
右偏20度且离墙居中位置.csv,218,right_bias,middle,steady,4.346,633.0,20.0,613.0,627.0,20.0,607.0,0,1
右偏20度且离墙居中位置.csv,219,right_bias,middle,steady,4.366,642.0,45.0,597.0,627.0,21.0,606.0,0,1
右偏20度且离墙居中位置.csv,220,right_bias,middle,steady,4.386,594.0,19.0,575.0,626.0,21.0,605.0,0,1
右偏20度且离墙居中位置.csv,221,right_bias,middle,steady,4.406,577.0,20.0,557.0,594.0,21.0,573.0,0,1
右偏20度且离墙居中位置.csv,222,right_bias,middle,steady,4.426,626.0,207.0,419.0,626.0,21.0,605.0,0,1
右偏20度且离墙居中位置.csv,223,right_bias,middle,steady,4.446,614.0,20.0,594.0,626.0,21.0,605.0,0,1
右偏20度且离墙居中位置.csv,224,right_bias,middle,steady,4.467,626.0,20.0,606.0,626.0,20.0,606.0,0,1
右偏20度且离墙居中位置.csv,225,right_bias,middle,steady,4.487,577.0,20.0,557.0,626.0,20.0,606.0,0,1
右偏20度且离墙居中位置.csv,226,right_bias,middle,steady,4.507,691.0,208.0,483.0,626.0,20.0,606.0,0,1
右偏20度且离墙居中位置.csv,227,right_bias,middle,steady,4.527,577.0,19.0,558.0,614.0,20.0,594.0,0,1
右偏20度且离墙居中位置.csv,228,right_bias,middle,steady,4.547,641.0,20.0,621.0,614.0,20.0,594.0,0,1
右偏20度且离墙居中位置.csv,229,right_bias,middle,steady,4.567,626.0,19.0,607.0,626.0,20.0,606.0,0,1
右偏20度且离墙居中位置.csv,230,right_bias,middle,steady,4.587,593.0,21.0,572.0,626.0,20.0,606.0,0,1
右偏20度且离墙居中位置.csv,231,right_bias,middle,steady,4.607,578.0,19.0,559.0,614.0,20.0,594.0,0,1
右偏20度且离墙居中位置.csv,232,right_bias,middle,steady,4.627,608.0,21.0,587.0,608.0,20.0,588.0,0,1
右偏20度且离墙居中位置.csv,233,right_bias,middle,steady,4.648,580.0,30.0,550.0,593.0,20.0,573.0,0,1
右偏20度且离墙居中位置.csv,234,right_bias,middle,steady,4.668,643.0,31.0,612.0,608.0,21.0,587.0,0,1
右偏20度且离墙居中位置.csv,235,right_bias,middle,steady,4.688,643.0,21.0,622.0,608.0,21.0,587.0,0,1
右偏20度且离墙居中位置.csv,236,right_bias,middle,steady,4.708,634.0,21.0,613.0,626.0,21.0,605.0,0,1
右偏20度且离墙居中位置.csv,237,right_bias,middle,steady,4.728,577.0,20.0,557.0,608.0,21.0,587.0,0,1
右偏20度且离墙居中位置.csv,238,right_bias,middle,steady,4.748,576.0,19.0,557.0,593.0,21.0,572.0,0,1
右偏20度且离墙居中位置.csv,239,right_bias,middle,steady,4.768,578.0,20.0,558.0,580.0,21.0,559.0,0,1
右偏20度且离墙居中位置.csv,240,right_bias,middle,steady,4.788,642.0,21.0,621.0,608.0,21.0,587.0,0,1
右偏20度且离墙居中位置.csv,241,right_bias,middle,steady,4.808,625.0,20.0,605.0,625.0,21.0,604.0,0,1
右偏20度且离墙居中位置.csv,242,right_bias,middle,steady,4.828,642.0,20.0,622.0,634.0,20.0,614.0,0,1
右偏20度且离墙居中位置.csv,243,right_bias,middle,steady,4.849,578.0,20.0,558.0,625.0,20.0,605.0,0,1
右偏20度且离墙居中位置.csv,244,right_bias,middle,steady,4.869,680.0,20.0,660.0,625.0,20.0,605.0,0,1
右偏20度且离墙居中位置.csv,245,right_bias,middle,steady,4.889,577.0,20.0,557.0,578.0,20.0,558.0,0,1
右偏20度且离墙居中位置.csv,246,right_bias,middle,steady,4.909,608.0,21.0,587.0,608.0,20.0,588.0,0,1
右偏20度且离墙居中位置.csv,247,right_bias,middle,steady,4.929,642.0,20.0,622.0,625.0,20.0,605.0,0,1
右偏20度且离墙居中位置.csv,248,right_bias,middle,steady,4.949,596.0,32.0,564.0,625.0,20.0,605.0,0,1
右偏20度且离墙居中位置.csv,249,right_bias,middle,steady,4.969,586.0,21.0,565.0,608.0,20.0,588.0,0,1
右偏20度且离墙居中位置.csv,250,right_bias,middle,steady,4.989,627.0,33.0,594.0,608.0,20.0,588.0,0,1
右偏20度且离墙居中位置.csv,251,right_bias,middle,steady,5.009,691.0,20.0,671.0,608.0,20.0,588.0,0,1
右偏20度且离墙居中位置.csv,252,right_bias,middle,steady,5.03,642.0,19.0,623.0,627.0,20.0,607.0,0,1
右偏20度且离墙居中位置.csv,253,right_bias,middle,steady,5.05,689.0,19.0,670.0,627.0,20.0,607.0,0,1
右偏20度且离墙居中位置.csv,254,right_bias,middle,steady,5.07,633.0,20.0,613.0,633.0,20.0,613.0,0,1
右偏20度且离墙居中位置.csv,255,right_bias,middle,steady,5.09,577.0,20.0,557.0,633.0,20.0,613.0,0,1
右偏20度且离墙居中位置.csv,256,right_bias,middle,steady,5.11,578.0,20.0,558.0,627.0,20.0,607.0,0,1
右偏20度且离墙居中位置.csv,257,right_bias,middle,steady,5.13,610.0,21.0,589.0,627.0,20.0,607.0,0,1
右偏20度且离墙居中位置.csv,258,right_bias,middle,steady,5.15,625.0,20.0,605.0,627.0,20.0,607.0,0,1
右偏20度且离墙居中位置.csv,259,right_bias,middle,steady,5.17,730.0,20.0,710.0,633.0,20.0,613.0,0,1
右偏20度且离墙居中位置.csv,260,right_bias,middle,steady,5.19,625.0,21.0,604.0,625.0,20.0,605.0,0,1
右偏20度且离墙居中位置.csv,261,right_bias,middle,steady,5.21,577.0,19.0,558.0,625.0,20.0,605.0,0,1
右偏20度且离墙居中位置.csv,262,right_bias,middle,steady,5.231,586.0,20.0,566.0,610.0,20.0,590.0,0,1
右偏20度且离墙居中位置.csv,263,right_bias,middle,steady,5.251,577.0,20.0,557.0,586.0,20.0,566.0,0,1
右偏20度且离墙居中位置.csv,264,right_bias,middle,steady,5.271,577.0,20.0,557.0,586.0,20.0,566.0,0,1
右偏20度且离墙居中位置.csv,265,right_bias,middle,steady,5.291,626.0,27.0,599.0,610.0,20.0,590.0,0,1
右偏20度且离墙居中位置.csv,266,right_bias,middle,steady,5.311,628.0,21.0,607.0,625.0,20.0,605.0,0,1
右偏20度且离墙居中位置.csv,267,right_bias,middle,steady,5.331,585.0,20.0,565.0,586.0,20.0,566.0,0,1
右偏20度且离墙居中位置.csv,268,right_bias,middle,steady,5.351,561.0,20.0,541.0,585.0,20.0,565.0,0,1
右偏20度且离墙居中位置.csv,269,right_bias,middle,steady,5.371,674.0,20.0,654.0,585.0,20.0,565.0,0,1
右偏20度且离墙居中位置.csv,270,right_bias,middle,steady,5.391,643.0,19.0,624.0,586.0,20.0,566.0,0,1
右偏20度且离墙居中位置.csv,271,right_bias,middle,steady,5.412,673.0,20.0,653.0,626.0,20.0,606.0,0,1
右偏20度且离墙居中位置.csv,272,right_bias,middle,steady,5.432,624.0,20.0,604.0,626.0,20.0,606.0,0,1
右偏20度且离墙居中位置.csv,273,right_bias,middle,steady,5.452,594.0,19.0,575.0,626.0,20.0,606.0,0,1
右偏20度且离墙居中位置.csv,274,right_bias,middle,steady,5.472,577.0,19.0,558.0,624.0,20.0,604.0,0,1
右偏20度且离墙居中位置.csv,275,right_bias,middle,steady,5.492,634.0,20.0,614.0,624.0,20.0,604.0,0,1
右偏20度且离墙居中位置.csv,276,right_bias,middle,steady,5.512,577.0,20.0,557.0,624.0,20.0,604.0,0,1
右偏20度且离墙居中位置.csv,277,right_bias,middle,steady,5.532,737.0,20.0,717.0,634.0,20.0,614.0,0,1
右偏20度且离墙居中位置.csv,278,right_bias,middle,steady,5.552,675.0,19.0,656.0,634.0,20.0,614.0,0,1
右偏20度且离墙居中位置.csv,279,right_bias,middle,steady,5.572,563.0,20.0,543.0,624.0,20.0,604.0,0,1
右偏20度且离墙居中位置.csv,280,right_bias,middle,steady,5.593,586.0,20.0,566.0,594.0,20.0,574.0,0,1
右偏20度且离墙居中位置.csv,281,right_bias,middle,steady,5.613,545.0,20.0,525.0,586.0,20.0,566.0,0,1
右偏20度且离墙居中位置.csv,282,right_bias,middle,steady,5.633,642.0,20.0,622.0,586.0,20.0,566.0,0,1
右偏20度且离墙居中位置.csv,283,right_bias,middle,steady,5.653,642.0,54.0,588.0,634.0,20.0,614.0,0,1
右偏20度且离墙居中位置.csv,284,right_bias,middle,steady,5.673,673.0,21.0,652.0,642.0,20.0,622.0,0,1
右偏20度且离墙居中位置.csv,285,right_bias,middle,steady,5.693,586.0,20.0,566.0,642.0,20.0,622.0,0,1
右偏20度且离墙居中位置.csv,286,right_bias,middle,steady,5.713,577.0,20.0,557.0,586.0,20.0,566.0,0,1
右偏20度且离墙居中位置.csv,287,right_bias,middle,steady,5.733,580.0,48.0,532.0,586.0,20.0,566.0,0,1
右偏20度且离墙居中位置.csv,288,right_bias,middle,steady,5.753,627.0,20.0,607.0,586.0,20.0,566.0,0,1
右偏20度且离墙居中位置.csv,289,right_bias,middle,steady,5.773,642.0,35.0,607.0,627.0,20.0,607.0,0,1
右偏20度且离墙居中位置.csv,290,right_bias,middle,steady,5.794,625.0,19.0,606.0,627.0,20.0,607.0,0,1
右偏20度且离墙居中位置.csv,291,right_bias,middle,steady,5.814,565.0,21.0,544.0,625.0,21.0,604.0,0,1
右偏20度且离墙居中位置.csv,292,right_bias,middle,steady,5.834,579.0,20.0,559.0,586.0,20.0,566.0,0,1
右偏20度且离墙居中位置.csv,293,right_bias,middle,steady,5.854,545.0,20.0,525.0,580.0,20.0,560.0,0,1
右偏20度且离墙居中位置.csv,294,right_bias,middle,steady,5.874,577.0,20.0,557.0,579.0,20.0,559.0,0,1
右偏20度且离墙居中位置.csv,295,right_bias,middle,steady,5.894,722.0,20.0,702.0,580.0,20.0,560.0,0,1
右偏20度且离墙居中位置.csv,296,right_bias,middle,steady,5.914,706.0,20.0,686.0,625.0,20.0,605.0,0,1
右偏20度且离墙居中位置.csv,297,right_bias,middle,steady,5.934,579.0,21.0,558.0,579.0,20.0,559.0,0,1
右偏20度且离墙居中位置.csv,298,right_bias,middle,steady,5.954,577.0,20.0,557.0,579.0,20.0,559.0,0,1
右偏20度且离墙居中位置.csv,299,right_bias,middle,steady,5.974,546.0,23.0,523.0,577.0,20.0,557.0,0,1
右偏20度且离墙居中位置.csv,300,right_bias,middle,steady,5.995,659.0,20.0,639.0,579.0,20.0,559.0,0,1
右偏20度且离墙居中位置.csv,301,right_bias,middle,steady,6.015,642.0,20.0,622.0,579.0,20.0,559.0,0,1
右偏20度且离墙居中位置.csv,302,right_bias,middle,steady,6.035,722.0,20.0,702.0,642.0,20.0,622.0,0,1
右偏20度且离墙居中位置.csv,303,right_bias,middle,steady,6.055,583.0,21.0,562.0,642.0,20.0,622.0,0,1
右偏20度且离墙居中位置.csv,304,right_bias,middle,steady,6.075,610.0,207.0,403.0,610.0,20.0,590.0,0,1
右偏20度且离墙居中位置.csv,305,right_bias,middle,steady,6.095,578.0,20.0,558.0,583.0,20.0,563.0,0,1
右偏20度且离墙居中位置.csv,306,right_bias,middle,steady,6.115,618.0,20.0,598.0,610.0,20.0,590.0,0,1
右偏20度且离墙居中位置.csv,307,right_bias,middle,steady,6.135,642.0,19.0,623.0,618.0,20.0,598.0,0,1
右偏20度且离墙居中位置.csv,308,right_bias,middle,steady,6.155,641.0,20.0,621.0,641.0,20.0,621.0,0,1
右偏20度且离墙居中位置.csv,309,right_bias,middle,steady,6.176,610.0,20.0,590.0,618.0,20.0,598.0,0,1
右偏20度且离墙居中位置.csv,310,right_bias,middle,steady,6.196,578.0,20.0,558.0,610.0,20.0,590.0,0,1
右偏20度且离墙居中位置.csv,311,right_bias,middle,steady,6.216,578.0,21.0,557.0,610.0,20.0,590.0,0,1
右偏20度且离墙居中位置.csv,312,right_bias,middle,steady,6.236,577.0,20.0,557.0,610.0,20.0,590.0,0,1
右偏20度且离墙居中位置.csv,313,right_bias,middle,steady,6.256,625.0,19.0,606.0,610.0,20.0,590.0,0,1
右偏20度且离墙居中位置.csv,314,right_bias,middle,steady,6.276,658.0,21.0,637.0,618.0,20.0,598.0,0,1
右偏20度且离墙居中位置.csv,315,right_bias,middle,steady,6.296,578.0,20.0,558.0,610.0,20.0,590.0,0,1
右偏20度且离墙居中位置.csv,316,right_bias,middle,steady,6.316,587.0,20.0,567.0,587.0,20.0,567.0,0,1
右偏20度且离墙居中位置.csv,317,right_bias,middle,steady,6.336,562.0,20.0,542.0,578.0,20.0,558.0,0,1
右偏20度且离墙居中位置.csv,318,right_bias,middle,steady,6.356,644.0,208.0,436.0,578.0,20.0,558.0,0,1
右偏20度且离墙居中位置.csv,319,right_bias,middle,steady,6.377,627.0,32.0,595.0,587.0,20.0,567.0,0,1
右偏20度且离墙居中位置.csv,320,right_bias,middle,steady,6.397,737.0,20.0,717.0,625.0,20.0,605.0,0,1
右偏20度且离墙居中位置.csv,321,right_bias,middle,steady,6.417,577.0,32.0,545.0,625.0,20.0,605.0,0,1
右偏20度且离墙居中位置.csv,322,right_bias,middle,steady,6.437,562.0,20.0,542.0,587.0,20.0,567.0,0,1
右偏20度且离墙居中位置.csv,323,right_bias,middle,steady,6.457,578.0,20.0,558.0,578.0,20.0,558.0,0,1
右偏20度且离墙居中位置.csv,324,right_bias,middle,steady,6.477,586.0,20.0,566.0,586.0,20.0,566.0,0,1
右偏20度且离墙居中位置.csv,325,right_bias,middle,steady,6.497,642.0,20.0,622.0,586.0,20.0,566.0,0,1
右偏20度且离墙居中位置.csv,326,right_bias,middle,steady,6.517,658.0,20.0,638.0,627.0,20.0,607.0,0,1
右偏20度且离墙居中位置.csv,327,right_bias,middle,steady,6.537,674.0,20.0,654.0,627.0,20.0,607.0,0,1
右偏20度且离墙居中位置.csv,328,right_bias,middle,steady,6.558,578.0,191.0,387.0,586.0,20.0,566.0,0,1
右偏20度且离墙居中位置.csv,329,right_bias,middle,steady,6.578,594.0,21.0,573.0,586.0,20.0,566.0,0,1
右偏20度且离墙居中位置.csv,330,right_bias,middle,steady,6.598,579.0,583.0,-4.0,586.0,20.0,566.0,0,1
右偏20度且离墙居中位置.csv,331,right_bias,middle,steady,6.618,628.0,20.0,608.0,594.0,20.0,574.0,0,1
右偏20度且离墙居中位置.csv,332,right_bias,middle,steady,6.639,626.0,20.0,606.0,626.0,20.0,606.0,0,1
右偏20度且离墙居中位置.csv,333,right_bias,middle,steady,6.659,588.0,20.0,568.0,626.0,20.0,606.0,0,1
右偏20度且离墙居中位置.csv,334,right_bias,middle,steady,6.679,580.0,20.0,560.0,594.0,20.0,574.0,0,1
右偏20度且离墙居中位置.csv,335,right_bias,middle,steady,6.699,579.0,20.0,559.0,588.0,20.0,568.0,0,1
右偏20度且离墙居中位置.csv,336,right_bias,middle,steady,6.719,625.0,27.0,598.0,588.0,20.0,568.0,0,1
右偏20度且离墙居中位置.csv,337,right_bias,middle,steady,6.739,628.0,21.0,607.0,594.0,20.0,574.0,0,1
右偏20度且离墙居中位置.csv,338,right_bias,middle,steady,6.759,708.0,20.0,688.0,625.0,20.0,605.0,0,1
右偏20度且离墙居中位置.csv,339,right_bias,middle,steady,6.779,628.0,20.0,608.0,626.0,20.0,606.0,0,1
右偏20度且离墙居中位置.csv,340,right_bias,middle,steady,6.799,579.0,20.0,559.0,625.0,20.0,605.0,0,1
右偏20度且离墙居中位置.csv,341,right_bias,middle,steady,6.819,581.0,20.0,561.0,588.0,20.0,568.0,0,1
右偏20度且离墙居中位置.csv,342,right_bias,middle,steady,6.84,564.0,35.0,529.0,581.0,20.0,561.0,0,1
右偏20度且离墙居中位置.csv,343,right_bias,middle,steady,6.86,653.0,20.0,633.0,625.0,20.0,605.0,0,1
右偏20度且离墙居中位置.csv,344,right_bias,middle,steady,6.88,646.0,21.0,625.0,628.0,20.0,608.0,0,1
右偏20度且离墙居中位置.csv,345,right_bias,middle,steady,6.9,692.0,20.0,672.0,628.0,20.0,608.0,0,1
右偏20度且离墙居中位置.csv,346,right_bias,middle,steady,6.92,565.0,37.0,528.0,628.0,20.0,608.0,0,1
右偏20度且离墙居中位置.csv,347,right_bias,middle,steady,6.94,645.0,21.0,624.0,628.0,20.0,608.0,0,1
右偏20度且离墙居中位置.csv,348,right_bias,middle,steady,6.96,577.0,20.0,557.0,581.0,20.0,561.0,0,1
右偏20度且离墙居中位置.csv,349,right_bias,middle,steady,6.98,612.0,20.0,592.0,612.0,20.0,592.0,0,1
右偏20度且离墙居中位置.csv,350,right_bias,middle,steady,7.0,629.0,22.0,607.0,629.0,21.0,608.0,0,1
右偏20度且离墙居中位置.csv,351,right_bias,middle,steady,7.02,693.0,21.0,672.0,645.0,21.0,624.0,0,1
右偏20度且离墙居中位置.csv,352,right_bias,middle,steady,7.04,579.0,20.0,559.0,629.0,21.0,608.0,0,1
右偏20度且离墙居中位置.csv,353,right_bias,middle,steady,7.061,582.0,21.0,561.0,612.0,21.0,591.0,0,1
右偏20度且离墙居中位置.csv,354,right_bias,middle,steady,7.081,581.0,20.0,561.0,582.0,21.0,561.0,0,1
右偏20度且离墙居中位置.csv,355,right_bias,middle,steady,7.101,627.0,21.0,606.0,612.0,21.0,591.0,0,1
右偏20度且离墙居中位置.csv,356,right_bias,middle,steady,7.121,643.0,20.0,623.0,612.0,20.0,592.0,0,1
右偏20度且离墙居中位置.csv,357,right_bias,middle,steady,7.141,629.0,34.0,595.0,627.0,21.0,606.0,0,1
右偏20度且离墙居中位置.csv,358,right_bias,middle,steady,7.161,580.0,62.0,518.0,627.0,21.0,606.0,0,1
右偏20度且离墙居中位置.csv,359,right_bias,middle,steady,7.181,578.0,20.0,558.0,582.0,21.0,561.0,0,1
右偏20度且离墙居中位置.csv,360,right_bias,middle,steady,7.201,578.0,20.0,558.0,581.0,20.0,561.0,0,1
右偏20度且离墙居中位置.csv,361,right_bias,middle,steady,7.221,578.0,20.0,558.0,581.0,20.0,561.0,0,1
右偏20度且离墙居中位置.csv,362,right_bias,middle,steady,7.241,627.0,20.0,607.0,581.0,20.0,561.0,0,1
右偏20度且离墙居中位置.csv,363,right_bias,middle,steady,7.261,707.0,20.0,687.0,627.0,20.0,607.0,0,1
右偏20度且离墙居中位置.csv,364,right_bias,middle,steady,7.282,577.0,20.0,557.0,580.0,20.0,560.0,0,1
右偏20度且离墙居中位置.csv,365,right_bias,middle,steady,7.302,577.0,20.0,557.0,578.0,20.0,558.0,0,1
右偏20度且离墙居中位置.csv,366,right_bias,middle,steady,7.322,579.0,19.0,560.0,578.0,20.0,558.0,0,1
右偏20度且离墙居中位置.csv,367,right_bias,middle,steady,7.342,611.0,20.0,591.0,578.0,20.0,558.0,0,1
右偏20度且离墙居中位置.csv,368,right_bias,middle,steady,7.362,631.0,33.0,598.0,579.0,20.0,559.0,0,1
右偏20度且离墙居中位置.csv,369,right_bias,middle,steady,7.382,708.0,30.0,678.0,611.0,20.0,591.0,0,1
右偏20度且离墙居中位置.csv,370,right_bias,middle,steady,7.402,577.0,21.0,556.0,611.0,20.0,591.0,0,1
右偏20度且离墙居中位置.csv,371,right_bias,middle,steady,7.422,578.0,20.0,558.0,579.0,20.0,559.0,0,1
右偏20度且离墙居中位置.csv,372,right_bias,middle,steady,7.442,594.0,20.0,574.0,579.0,20.0,559.0,0,1
右偏20度且离墙居中位置.csv,373,right_bias,middle,steady,7.462,604.0,21.0,583.0,594.0,20.0,574.0,0,1
右偏20度且离墙居中位置.csv,374,right_bias,middle,steady,7.482,626.0,19.0,607.0,604.0,20.0,584.0,0,1
右偏20度且离墙居中位置.csv,375,right_bias,middle,steady,7.503,627.0,21.0,606.0,611.0,21.0,590.0,0,1
右偏20度且离墙居中位置.csv,376,right_bias,middle,steady,7.523,674.0,19.0,655.0,626.0,21.0,605.0,0,1
右偏20度且离墙居中位置.csv,377,right_bias,middle,steady,7.543,578.0,20.0,558.0,604.0,20.0,584.0,0,1
右偏20度且离墙居中位置.csv,378,right_bias,middle,steady,7.563,598.0,21.0,577.0,598.0,20.0,578.0,0,1
右偏20度且离墙居中位置.csv,379,right_bias,middle,steady,7.583,579.0,190.0,389.0,598.0,20.0,578.0,0,1
右偏20度且离墙居中位置.csv,380,right_bias,middle,steady,7.603,643.0,20.0,623.0,604.0,20.0,584.0,0,1
右偏20度且离墙居中位置.csv,381,right_bias,middle,steady,7.623,629.0,190.0,439.0,626.0,21.0,605.0,0,1
右偏20度且离墙居中位置.csv,382,right_bias,middle,steady,7.643,577.0,21.0,556.0,626.0,21.0,605.0,0,1
右偏20度且离墙居中位置.csv,383,right_bias,middle,steady,7.663,577.0,20.0,557.0,598.0,21.0,577.0,0,1
右偏20度且离墙居中位置.csv,384,right_bias,middle,steady,7.683,579.0,23.0,556.0,579.0,21.0,558.0,0,1
右偏20度且离墙居中位置.csv,385,right_bias,middle,steady,7.704,611.0,32.0,579.0,579.0,21.0,558.0,0,1
右偏20度且离墙居中位置.csv,386,right_bias,middle,steady,7.724,643.0,22.0,621.0,598.0,22.0,576.0,0,1
右偏20度且离墙居中位置.csv,387,right_bias,middle,steady,7.744,704.0,44.0,660.0,611.0,23.0,588.0,0,1
右偏20度且离墙居中位置.csv,388,right_bias,middle,steady,7.764,626.0,20.0,606.0,626.0,22.0,604.0,0,1
右偏20度且离墙居中位置.csv,389,right_bias,middle,steady,7.784,578.0,20.0,558.0,611.0,22.0,589.0,0,1
右偏20度且离墙居中位置.csv,390,right_bias,middle,steady,7.804,578.0,19.0,559.0,579.0,21.0,558.0,0,1
右偏20度且离墙居中位置.csv,391,right_bias,middle,steady,7.824,570.0,20.0,550.0,579.0,20.0,559.0,0,1
右偏20度且离墙居中位置.csv,392,right_bias,middle,steady,7.844,625.0,20.0,605.0,611.0,20.0,591.0,0,1
右偏20度且离墙居中位置.csv,393,right_bias,middle,steady,7.864,626.0,20.0,606.0,625.0,20.0,605.0,0,1
右偏20度且离墙居中位置.csv,394,right_bias,middle,steady,7.884,673.0,20.0,653.0,626.0,20.0,606.0,0,1
右偏20度且离墙居中位置.csv,395,right_bias,middle,steady,7.905,576.0,20.0,556.0,625.0,20.0,605.0,0,1
右偏20度且离墙居中位置.csv,396,right_bias,middle,steady,7.925,658.0,20.0,638.0,625.0,20.0,605.0,0,1
右偏20度且离墙居中位置.csv,397,right_bias,middle,steady,7.945,578.0,20.0,558.0,578.0,20.0,558.0,0,1
右偏20度且离墙居中位置.csv,398,right_bias,middle,steady,7.965,609.0,20.0,589.0,609.0,20.0,589.0,0,1
右偏20度且离墙居中位置.csv,399,right_bias,middle,steady,7.985,635.0,20.0,615.0,625.0,20.0,605.0,0,1
右偏20度且离墙居中位置.csv,400,right_bias,middle,steady,8.005,577.0,21.0,556.0,625.0,20.0,605.0,0,1
右偏20度且离墙居中位置.csv,401,right_bias,middle,steady,8.025,577.0,21.0,556.0,609.0,20.0,589.0,0,1
右偏20度且离墙居中位置.csv,402,right_bias,middle,steady,8.045,579.0,33.0,546.0,579.0,20.0,559.0,0,1
右偏20度且离墙居中位置.csv,403,right_bias,middle,steady,8.065,611.0,20.0,591.0,579.0,20.0,559.0,0,1
右偏20度且离墙居中位置.csv,404,right_bias,middle,steady,8.086,649.0,21.0,628.0,609.0,20.0,589.0,0,1
右偏20度且离墙居中位置.csv,405,right_bias,middle,steady,8.106,641.0,20.0,621.0,609.0,20.0,589.0,0,1
右偏20度且离墙居中位置.csv,406,right_bias,middle,steady,8.126,580.0,46.0,534.0,609.0,21.0,588.0,0,1
右偏20度且离墙居中位置.csv,407,right_bias,middle,steady,8.146,577.0,19.0,558.0,580.0,21.0,559.0,0,1
右偏20度且离墙居中位置.csv,408,right_bias,middle,steady,8.166,577.0,20.0,557.0,579.0,21.0,558.0,0,1
右偏20度且离墙居中位置.csv,409,right_bias,middle,steady,8.186,586.0,21.0,565.0,580.0,21.0,559.0,0,1
右偏20度且离墙居中位置.csv,410,right_bias,middle,steady,8.206,642.0,19.0,623.0,586.0,20.0,566.0,0,1
右偏20度且离墙居中位置.csv,411,right_bias,middle,steady,8.226,627.0,20.0,607.0,611.0,20.0,591.0,0,1
右偏20度且离墙居中位置.csv,412,right_bias,middle,steady,8.246,674.0,20.0,654.0,627.0,20.0,607.0,0,1
右偏20度且离墙居中位置.csv,413,right_bias,middle,steady,8.266,577.0,20.0,557.0,586.0,20.0,566.0,0,1
右偏20度且离墙居中位置.csv,414,right_bias,middle,steady,8.287,624.0,20.0,604.0,586.0,20.0,566.0,0,1
右偏20度且离墙居中位置.csv,415,right_bias,middle,steady,8.307,627.0,20.0,607.0,624.0,20.0,604.0,0,1
右偏20度且离墙居中位置.csv,416,right_bias,middle,steady,8.327,610.0,20.0,590.0,624.0,20.0,604.0,0,1
右偏20度且离墙居中位置.csv,417,right_bias,middle,steady,8.347,630.0,20.0,610.0,627.0,20.0,607.0,0,1
右偏20度且离墙居中位置.csv,418,right_bias,middle,steady,8.367,626.0,21.0,605.0,627.0,20.0,607.0,0,1
右偏20度且离墙居中位置.csv,419,right_bias,middle,steady,8.387,578.0,33.0,545.0,626.0,20.0,606.0,0,1
右偏20度且离墙居中位置.csv,420,right_bias,middle,steady,8.407,577.0,20.0,557.0,624.0,20.0,604.0,0,1
右偏20度且离墙居中位置.csv,421,right_bias,middle,steady,8.427,627.0,207.0,420.0,624.0,20.0,604.0,0,1
右偏20度且离墙居中位置.csv,422,right_bias,middle,steady,8.447,650.0,20.0,630.0,626.0,20.0,606.0,0,1
右偏20度且离墙居中位置.csv,423,right_bias,middle,steady,8.468,643.0,567.0,76.0,627.0,20.0,607.0,0,1
右偏20度且离墙居中位置.csv,424,right_bias,middle,steady,8.488,578.0,20.0,558.0,626.0,20.0,606.0,0,1
右偏20度且离墙居中位置.csv,425,right_bias,middle,steady,8.508,593.0,20.0,573.0,626.0,20.0,606.0,0,1
右偏20度且离墙居中位置.csv,426,right_bias,middle,steady,8.528,578.0,388.0,190.0,593.0,21.0,572.0,0,1
右偏20度且离墙居中位置.csv,427,right_bias,middle,steady,8.548,643.0,21.0,622.0,593.0,21.0,572.0,0,1
右偏20度且离墙居中位置.csv,428,right_bias,middle,steady,8.568,642.0,20.0,622.0,627.0,20.0,607.0,0,1
右偏20度且离墙居中位置.csv,429,right_bias,middle,steady,8.588,642.0,19.0,623.0,642.0,20.0,622.0,0,1
右偏20度且离墙居中位置.csv,430,right_bias,middle,steady,8.608,586.0,21.0,565.0,642.0,20.0,622.0,0,1
右偏20度且离墙居中位置.csv,431,right_bias,middle,steady,8.628,576.0,20.0,556.0,593.0,20.0,573.0,0,1
右偏20度且离墙居中位置.csv,432,right_bias,middle,steady,8.649,577.0,20.0,557.0,586.0,20.0,566.0,0,1
右偏20度且离墙居中位置.csv,433,right_bias,middle,steady,8.669,610.0,21.0,589.0,593.0,20.0,573.0,0,1
右偏20度且离墙居中位置.csv,434,right_bias,middle,steady,8.689,612.0,20.0,592.0,610.0,20.0,590.0,0,1
右偏20度且离墙居中位置.csv,435,right_bias,middle,steady,8.709,649.0,206.0,443.0,612.0,20.0,592.0,0,1
右偏20度且离墙居中位置.csv,436,right_bias,middle,steady,8.729,609.0,20.0,589.0,610.0,20.0,590.0,0,1
右偏20度且离墙居中位置.csv,437,right_bias,middle,steady,8.749,692.0,21.0,671.0,610.0,20.0,590.0,0,1
右偏20度且离墙居中位置.csv,438,right_bias,middle,steady,8.769,578.0,20.0,558.0,609.0,20.0,589.0,0,1
右偏20度且离墙居中位置.csv,439,right_bias,middle,steady,8.789,642.0,161.0,481.0,610.0,20.0,590.0,0,1
右偏20度且离墙居中位置.csv,440,right_bias,middle,steady,8.809,634.0,20.0,614.0,612.0,20.0,592.0,0,1
右偏20度且离墙居中位置.csv,441,right_bias,middle,steady,8.829,641.0,20.0,621.0,634.0,20.0,614.0,0,1
右偏20度且离墙居中位置.csv,442,right_bias,middle,steady,8.85,577.0,22.0,555.0,634.0,20.0,614.0,0,1
右偏20度且离墙居中位置.csv,443,right_bias,middle,steady,8.87,627.0,20.0,607.0,634.0,20.0,614.0,0,1
右偏20度且离墙居中位置.csv,444,right_bias,middle,steady,8.89,579.0,455.0,124.0,627.0,20.0,607.0,0,1
右偏20度且离墙居中位置.csv,445,right_bias,middle,steady,8.91,688.0,20.0,668.0,634.0,20.0,614.0,0,1
右偏20度且离墙居中位置.csv,446,right_bias,middle,steady,8.93,642.0,20.0,622.0,634.0,20.0,614.0,0,1
右偏20度且离墙居中位置.csv,447,right_bias,middle,steady,8.95,642.0,20.0,622.0,641.0,20.0,621.0,0,1
右偏20度且离墙居中位置.csv,448,right_bias,middle,steady,8.97,586.0,20.0,566.0,634.0,20.0,614.0,0,1
右偏20度且离墙居中位置.csv,449,right_bias,middle,steady,8.99,545.0,20.0,525.0,627.0,20.0,607.0,0,1
右偏20度且离墙居中位置.csv,450,right_bias,middle,steady,9.01,577.0,21.0,556.0,586.0,20.0,566.0,0,1
右偏20度且离墙居中位置.csv,451,right_bias,middle,steady,9.031,595.0,33.0,562.0,595.0,20.0,575.0,0,1
右偏20度且离墙居中位置.csv,452,right_bias,middle,steady,9.051,657.0,20.0,637.0,595.0,20.0,575.0,0,1
右偏20度且离墙居中位置.csv,453,right_bias,middle,steady,9.071,650.0,20.0,630.0,642.0,20.0,622.0,0,1
右偏20度且离墙居中位置.csv,454,right_bias,middle,steady,9.091,626.0,20.0,606.0,626.0,20.0,606.0,0,1
右偏20度且离墙居中位置.csv,455,right_bias,middle,steady,9.111,610.0,20.0,590.0,610.0,20.0,590.0,0,1
右偏20度且离墙居中位置.csv,456,right_bias,middle,steady,9.131,578.0,20.0,558.0,595.0,20.0,575.0,0,1
右偏20度且离墙居中位置.csv,457,right_bias,middle,steady,9.151,594.0,20.0,574.0,595.0,20.0,575.0,0,1
右偏20度且离墙居中位置.csv,458,right_bias,middle,steady,9.171,641.0,20.0,621.0,610.0,20.0,590.0,0,1
右偏20度且离墙居中位置.csv,459,right_bias,middle,steady,9.191,641.0,19.0,622.0,626.0,20.0,606.0,0,1
右偏20度且离墙居中位置.csv,460,right_bias,middle,steady,9.211,578.0,104.0,474.0,626.0,20.0,606.0,0,1
右偏20度且离墙居中位置.csv,461,right_bias,middle,steady,9.232,577.0,19.0,558.0,610.0,20.0,590.0,0,1
右偏20度且离墙居中位置.csv,462,right_bias,middle,steady,9.252,578.0,20.0,558.0,594.0,20.0,574.0,0,1
右偏20度且离墙居中位置.csv,463,right_bias,middle,steady,9.272,689.0,20.0,669.0,594.0,20.0,574.0,0,1
右偏20度且离墙居中位置.csv,464,right_bias,middle,steady,9.292,707.0,45.0,662.0,594.0,20.0,574.0,0,1
右偏20度且离墙居中位置.csv,465,right_bias,middle,steady,9.312,625.0,20.0,605.0,625.0,20.0,605.0,0,1
右偏20度且离墙居中位置.csv,466,right_bias,middle,steady,9.332,631.0,20.0,611.0,631.0,20.0,611.0,0,1
右偏20度且离墙居中位置.csv,467,right_bias,middle,steady,9.352,532.0,20.0,512.0,625.0,20.0,605.0,0,1
右偏20度且离墙居中位置.csv,468,right_bias,middle,steady,9.372,609.0,19.0,590.0,609.0,20.0,589.0,0,1
右偏20度且离墙居中位置.csv,469,right_bias,middle,steady,9.392,579.0,20.0,559.0,609.0,20.0,589.0,0,1
右偏20度且离墙居中位置.csv,470,right_bias,middle,steady,9.413,755.0,20.0,735.0,625.0,20.0,605.0,0,1
右偏20度且离墙居中位置.csv,471,right_bias,middle,steady,9.433,635.0,33.0,602.0,631.0,20.0,611.0,0,1
右偏20度且离墙居中位置.csv,472,right_bias,middle,steady,9.453,642.0,30.0,612.0,631.0,20.0,611.0,0,1
右偏20度且离墙居中位置.csv,473,right_bias,middle,steady,9.473,578.0,206.0,372.0,625.0,20.0,605.0,0,1
右偏20度且离墙居中位置.csv,474,right_bias,middle,steady,9.493,562.0,20.0,542.0,609.0,20.0,589.0,0,1
右偏20度且离墙居中位置.csv,475,right_bias,middle,steady,9.513,577.0,20.0,557.0,579.0,20.0,559.0,0,1
右偏20度且离墙居中位置.csv,476,right_bias,middle,steady,9.533,643.0,19.0,624.0,609.0,20.0,589.0,0,1
右偏20度且离墙居中位置.csv,477,right_bias,middle,steady,9.553,642.0,20.0,622.0,635.0,20.0,615.0,0,1
右偏20度且离墙居中位置.csv,478,right_bias,middle,steady,9.573,593.0,20.0,573.0,635.0,20.0,615.0,0,1
右偏20度且离墙居中位置.csv,479,right_bias,middle,steady,9.593,586.0,20.0,566.0,593.0,20.0,573.0,0,1
右偏20度且离墙居中位置.csv,480,right_bias,middle,steady,9.614,577.0,21.0,556.0,586.0,20.0,566.0,0,1
右偏20度且离墙居中位置.csv,481,right_bias,middle,steady,9.634,641.0,20.0,621.0,586.0,20.0,566.0,0,1
右偏20度且离墙居中位置.csv,482,right_bias,middle,steady,9.654,642.0,20.0,622.0,593.0,20.0,573.0,0,1
右偏20度且离墙居中位置.csv,483,right_bias,middle,steady,9.674,625.0,20.0,605.0,625.0,20.0,605.0,0,1
右偏20度且离墙居中位置.csv,484,right_bias,middle,steady,9.694,646.0,206.0,440.0,641.0,20.0,621.0,0,1
右偏20度且离墙居中位置.csv,485,right_bias,middle,steady,9.714,530.0,20.0,510.0,625.0,20.0,605.0,0,1
右偏20度且离墙居中位置.csv,486,right_bias,middle,steady,9.734,610.0,20.0,590.0,610.0,20.0,590.0,0,1
右偏20度且离墙居中位置.csv,487,right_bias,middle,steady,9.754,577.0,20.0,557.0,610.0,20.0,590.0,0,1
右偏20度且离墙居中位置.csv,488,right_bias,middle,steady,9.774,755.0,34.0,721.0,625.0,20.0,605.0,0,1
右偏20度且离墙居中位置.csv,489,right_bias,middle,steady,9.795,625.0,20.0,605.0,625.0,20.0,605.0,0,1
右偏20度且离墙居中位置.csv,490,right_bias,middle,steady,9.815,578.0,20.0,558.0,625.0,20.0,605.0,0,1
右偏20度且离墙居中位置.csv,491,right_bias,middle,steady,9.835,577.0,21.0,556.0,610.0,20.0,590.0,0,1
右偏20度且离墙居中位置.csv,492,right_bias,middle,steady,9.855,546.0,21.0,525.0,578.0,20.0,558.0,0,1
右偏20度且离墙居中位置.csv,493,right_bias,middle,steady,9.875,577.0,20.0,557.0,577.0,20.0,557.0,0,1
右偏20度且离墙居中位置.csv,494,right_bias,middle,steady,9.895,644.0,25.0,619.0,578.0,20.0,558.0,0,1
右偏20度且离墙居中位置.csv,495,right_bias,middle,steady,9.915,723.0,20.0,703.0,578.0,20.0,558.0,0,1
右偏20度且离墙居中位置.csv,496,right_bias,middle,steady,9.935,610.0,19.0,591.0,610.0,20.0,590.0,0,1
右偏20度且离墙居中位置.csv,497,right_bias,middle,steady,9.956,577.0,20.0,557.0,578.0,20.0,558.0,0,1
右偏20度且离墙居中位置.csv,498,right_bias,middle,steady,9.976,577.0,72.0,505.0,577.0,20.0,557.0,0,1
右偏20度且离墙居中位置.csv,499,right_bias,middle,steady,9.996,579.0,19.0,560.0,577.0,20.0,557.0,0,1
左偏20度且离墙居中位置.csv,2,left_bias,middle,steady,0.005,513.0,511.0,2.0,513.0,511.0,2.0,1,1
左偏20度且离墙居中位置.csv,3,left_bias,middle,steady,0.025,513.0,308.0,205.0,513.0,409.5,103.5,1,1
左偏20度且离墙居中位置.csv,4,left_bias,middle,steady,0.045,534.0,242.0,292.0,513.0,308.0,205.0,1,1
左偏20度且离墙居中位置.csv,5,left_bias,middle,steady,0.065,566.0,307.0,259.0,523.5,307.5,216.0,1,1
左偏20度且离墙居中位置.csv,6,left_bias,middle,steady,0.085,598.0,316.0,282.0,534.0,308.0,226.0,1,1
左偏20度且离墙居中位置.csv,7,left_bias,middle,steady,0.105,598.0,286.0,312.0,550.0,307.5,242.5,1,1
左偏20度且离墙居中位置.csv,8,left_bias,middle,steady,0.125,548.0,322.0,226.0,548.0,308.0,240.0,1,1
左偏20度且离墙居中位置.csv,9,left_bias,middle,steady,0.145,541.0,275.0,266.0,544.5,307.5,237.0,1,1
左偏20度且离墙居中位置.csv,10,left_bias,middle,steady,0.165,532.0,306.0,226.0,541.0,307.0,234.0,1,1
左偏20度且离墙居中位置.csv,11,left_bias,middle,steady,0.186,513.0,306.0,207.0,541.0,306.0,235.0,1,1
左偏20度且离墙居中位置.csv,12,left_bias,middle,steady,0.206,596.0,256.0,340.0,548.0,306.0,242.0,1,1
左偏20度且离墙居中位置.csv,13,left_bias,middle,steady,0.226,595.0,304.0,291.0,566.0,306.0,260.0,1,1
左偏20度且离墙居中位置.csv,14,left_bias,middle,steady,0.246,596.0,242.0,354.0,595.0,304.0,291.0,1,1
左偏20度且离墙居中位置.csv,15,left_bias,middle,steady,0.266,512.0,306.0,206.0,548.0,304.0,244.0,1,1
左偏20度且离墙居中位置.csv,16,left_bias,middle,steady,0.286,533.0,305.0,228.0,541.0,305.0,236.0,1,1
左偏20度且离墙居中位置.csv,17,left_bias,middle,steady,0.306,564.0,256.0,308.0,541.0,304.0,237.0,1,1
左偏20度且离墙居中位置.csv,18,left_bias,middle,steady,0.326,596.0,307.0,289.0,564.0,305.0,259.0,1,1
左偏20度且离墙居中位置.csv,19,left_bias,middle,steady,0.346,613.0,257.0,356.0,595.0,304.0,291.0,1,1
左偏20度且离墙居中位置.csv,20,left_bias,middle,steady,0.366,581.0,306.0,275.0,595.0,304.0,291.0,1,1
左偏20度且离墙居中位置.csv,21,left_bias,middle,steady,0.386,497.0,306.0,191.0,581.0,305.0,276.0,1,1
左偏20度且离墙居中位置.csv,22,left_bias,middle,steady,0.406,533.0,256.0,277.0,564.0,305.0,259.0,1,1
左偏20度且离墙居中位置.csv,23,left_bias,middle,steady,0.426,531.0,304.0,227.0,533.0,305.0,228.0,1,1
左偏20度且离墙居中位置.csv,24,left_bias,middle,steady,0.447,596.0,305.0,291.0,564.0,305.0,259.0,1,1
左偏20度且离墙居中位置.csv,25,left_bias,middle,steady,0.467,596.0,306.0,290.0,581.0,305.0,276.0,1,1
左偏20度且离墙居中位置.csv,26,left_bias,middle,steady,0.487,644.0,289.0,355.0,596.0,305.0,291.0,1,1
左偏20度且离墙居中位置.csv,27,left_bias,middle,steady,0.507,514.0,241.0,273.0,581.0,304.0,277.0,1,1
左偏20度且离墙居中位置.csv,28,left_bias,middle,steady,0.527,533.0,323.0,210.0,533.0,305.0,228.0,1,1
左偏20度且离墙居中位置.csv,29,left_bias,middle,steady,0.547,496.0,304.0,192.0,533.0,304.0,229.0,1,1
左偏20度且离墙居中位置.csv,30,left_bias,middle,steady,0.567,598.0,308.0,290.0,533.0,304.0,229.0,1,1
左偏20度且离墙居中位置.csv,31,left_bias,middle,steady,0.587,615.0,305.0,310.0,596.0,305.0,291.0,1,1
左偏20度且离墙居中位置.csv,32,left_bias,middle,steady,0.607,643.0,240.0,403.0,596.0,305.0,291.0,1,1
左偏20度且离墙居中位置.csv,33,left_bias,middle,steady,0.627,532.0,319.0,213.0,596.0,305.0,291.0,1,1
左偏20度且离墙居中位置.csv,34,left_bias,middle,steady,0.647,534.0,316.0,218.0,534.0,305.0,229.0,1,1
左偏20度且离墙居中位置.csv,35,left_bias,middle,steady,0.668,533.0,569.0,-36.0,533.0,308.0,225.0,1,1
左偏20度且离墙居中位置.csv,36,left_bias,middle,steady,0.688,589.0,306.0,283.0,534.0,308.0,226.0,1,1
左偏20度且离墙居中位置.csv,37,left_bias,middle,steady,0.708,610.0,257.0,353.0,589.0,306.0,283.0,1,1
左偏20度且离墙居中位置.csv,38,left_bias,middle,steady,0.728,597.0,306.0,291.0,597.0,306.0,291.0,1,1
左偏20度且离墙居中位置.csv,39,left_bias,middle,steady,0.748,512.0,304.0,208.0,589.0,306.0,283.0,1,1
左偏20度且离墙居中位置.csv,40,left_bias,middle,steady,0.768,530.0,271.0,259.0,534.0,306.0,228.0,1,1
左偏20度且离墙居中位置.csv,41,left_bias,middle,steady,0.788,516.0,88.0,428.0,533.0,306.0,227.0,1,1
左偏20度且离墙居中位置.csv,42,left_bias,middle,steady,0.808,532.0,273.0,259.0,533.0,304.0,229.0,1,1
左偏20度且离墙居中位置.csv,43,left_bias,middle,steady,0.828,610.0,307.0,303.0,533.0,304.0,229.0,1,1
左偏20度且离墙居中位置.csv,44,left_bias,middle,steady,0.849,595.0,288.0,307.0,589.0,288.0,301.0,1,1
左偏20度且离墙居中位置.csv,45,left_bias,middle,steady,0.869,531.0,70.0,461.0,532.0,273.0,259.0,1,1
左偏20度且离墙居中位置.csv,46,left_bias,middle,steady,0.889,532.0,306.0,226.0,532.0,288.0,244.0,1,1
左偏20度且离墙居中位置.csv,47,left_bias,middle,steady,0.909,531.0,289.0,242.0,531.0,288.0,243.0,1,1
左偏20度且离墙居中位置.csv,48,left_bias,middle,steady,0.929,611.0,307.0,304.0,532.0,288.0,244.0,1,1
左偏20度且离墙居中位置.csv,49,left_bias,middle,steady,0.949,606.0,320.0,286.0,532.0,289.0,243.0,1,1
左偏20度且离墙居中位置.csv,50,left_bias,middle,steady,0.969,661.0,539.0,122.0,595.0,306.0,289.0,1,1
左偏20度且离墙居中位置.csv,51,left_bias,middle,steady,0.989,597.0,318.0,279.0,597.0,307.0,290.0,1,1
左偏20度且离墙居中位置.csv,52,left_bias,middle,steady,1.009,512.0,305.0,207.0,595.0,306.0,289.0,1,1
左偏20度且离墙居中位置.csv,53,left_bias,middle,steady,1.029,532.0,305.0,227.0,532.0,306.0,226.0,1,1
左偏20度且离墙居中位置.csv,54,left_bias,middle,steady,1.05,500.0,290.0,210.0,532.0,306.0,226.0,1,1
左偏20度且离墙居中位置.csv,55,left_bias,middle,steady,1.07,610.0,304.0,306.0,597.0,305.0,292.0,1,1
左偏20度且离墙居中位置.csv,56,left_bias,middle,steady,1.09,596.0,138.0,458.0,597.0,305.0,292.0,1,1
左偏20度且离墙居中位置.csv,57,left_bias,middle,steady,1.11,563.0,305.0,258.0,596.0,305.0,291.0,1,1
左偏20度且离墙居中位置.csv,58,left_bias,middle,steady,1.13,530.0,305.0,225.0,563.0,305.0,258.0,1,1
左偏20度且离墙居中位置.csv,59,left_bias,middle,steady,1.15,529.0,305.0,224.0,532.0,305.0,227.0,1,1
左偏20度且离墙居中位置.csv,60,left_bias,middle,steady,1.17,552.0,287.0,265.0,532.0,305.0,227.0,1,1
左偏20度且离墙居中位置.csv,61,left_bias,middle,steady,1.19,595.0,303.0,292.0,552.0,304.0,248.0,1,1
左偏20度且离墙居中位置.csv,62,left_bias,middle,steady,1.21,619.0,303.0,316.0,563.0,303.0,260.0,1,1
左偏20度且离墙居中位置.csv,63,left_bias,middle,steady,1.23,594.0,306.0,288.0,594.0,304.0,290.0,1,1
左偏20度且离墙居中位置.csv,64,left_bias,middle,steady,1.251,511.0,306.0,205.0,563.0,305.0,258.0,1,1
左偏20度且离墙居中位置.csv,65,left_bias,middle,steady,1.271,533.0,354.0,179.0,552.0,305.0,247.0,1,1
左偏20度且离墙居中位置.csv,66,left_bias,middle,steady,1.291,549.0,313.0,236.0,549.0,305.0,244.0,1,1
左偏20度且离墙居中位置.csv,67,left_bias,middle,steady,1.311,597.0,305.0,292.0,552.0,305.0,247.0,1,1
左偏20度且离墙居中位置.csv,68,left_bias,middle,steady,1.331,630.0,308.0,322.0,594.0,306.0,288.0,1,1
左偏20度且离墙居中位置.csv,69,left_bias,middle,steady,1.351,549.0,307.0,242.0,594.0,306.0,288.0,1,1
左偏20度且离墙居中位置.csv,70,left_bias,middle,steady,1.371,482.0,308.0,174.0,549.0,307.0,242.0,1,1
左偏20度且离墙居中位置.csv,71,left_bias,middle,steady,1.391,534.0,308.0,226.0,549.0,308.0,241.0,1,1
左偏20度且离墙居中位置.csv,72,left_bias,middle,steady,1.412,533.0,651.0,-118.0,534.0,308.0,226.0,1,1
左偏20度且离墙居中位置.csv,73,left_bias,middle,steady,1.432,532.0,305.0,227.0,534.0,308.0,226.0,1,1
左偏20度且离墙居中位置.csv,74,left_bias,middle,steady,1.452,596.0,306.0,290.0,549.0,308.0,241.0,1,1
左偏20度且离墙居中位置.csv,75,left_bias,middle,steady,1.472,646.0,307.0,339.0,549.0,307.0,242.0,1,1
左偏20度且离墙居中位置.csv,76,left_bias,middle,steady,1.492,513.0,305.0,208.0,534.0,307.0,227.0,1,1
左偏20度且离墙居中位置.csv,77,left_bias,middle,steady,1.512,535.0,305.0,230.0,534.0,307.0,227.0,1,1
左偏20度且离墙居中位置.csv,78,left_bias,middle,steady,1.532,533.0,303.0,230.0,533.0,306.0,227.0,1,1
左偏20度且离墙居中位置.csv,79,left_bias,middle,steady,1.552,563.0,305.0,258.0,534.0,305.0,229.0,1,1
左偏20度且离墙居中位置.csv,80,left_bias,middle,steady,1.572,604.0,306.0,298.0,535.0,305.0,230.0,1,1
左偏20度且离墙居中位置.csv,81,left_bias,middle,steady,1.592,660.0,289.0,371.0,563.0,305.0,258.0,1,1
左偏20度且离墙居中位置.csv,82,left_bias,middle,steady,1.612,596.0,306.0,290.0,596.0,305.0,291.0,1,1
左偏20度且离墙居中位置.csv,83,left_bias,middle,steady,1.632,531.0,305.0,226.0,563.0,305.0,258.0,1,1
左偏20度且离墙居中位置.csv,84,left_bias,middle,steady,1.653,529.0,70.0,459.0,535.0,305.0,230.0,1,1
左偏20度且离墙居中位置.csv,85,left_bias,middle,steady,1.673,532.0,306.0,226.0,535.0,305.0,230.0,1,1
左偏20度且离墙居中位置.csv,86,left_bias,middle,steady,1.693,612.0,671.0,-59.0,563.0,305.0,258.0,1,1
左偏20度且离墙居中位置.csv,87,left_bias,middle,steady,1.713,598.0,569.0,29.0,596.0,306.0,290.0,1,1
左偏20度且离墙居中位置.csv,88,left_bias,middle,steady,1.733,513.0,305.0,208.0,596.0,306.0,290.0,1,1
左偏20度且离墙居中位置.csv,89,left_bias,middle,steady,1.753,530.0,254.0,276.0,532.0,305.0,227.0,1,1
左偏20度且离墙居中位置.csv,90,left_bias,middle,steady,1.773,497.0,290.0,207.0,531.0,305.0,226.0,1,1
左偏20度且离墙居中位置.csv,91,left_bias,middle,steady,1.793,531.0,257.0,274.0,531.0,305.0,226.0,1,1
左偏20度且离墙居中位置.csv,92,left_bias,middle,steady,1.813,595.0,305.0,290.0,531.0,305.0,226.0,1,1
左偏20度且离墙居中位置.csv,93,left_bias,middle,steady,1.833,628.0,305.0,323.0,532.0,305.0,227.0,1,1
左偏20度且离墙居中位置.csv,94,left_bias,middle,steady,1.853,579.0,256.0,323.0,579.0,305.0,274.0,1,1
左偏20度且离墙居中位置.csv,95,left_bias,middle,steady,1.873,512.0,305.0,207.0,531.0,305.0,226.0,1,1
左偏20度且离墙居中位置.csv,96,left_bias,middle,steady,1.894,530.0,256.0,274.0,530.0,290.0,240.0,1,1
左偏20度且离墙居中位置.csv,97,left_bias,middle,steady,1.914,546.0,306.0,240.0,531.0,290.0,241.0,1,1
左偏20度且离墙居中位置.csv,98,left_bias,middle,steady,1.934,612.0,505.0,107.0,546.0,305.0,241.0,1,1
左偏20度且离墙居中位置.csv,99,left_bias,middle,steady,1.954,642.0,256.0,386.0,579.0,305.0,274.0,1,1
左偏20度且离墙居中位置.csv,100,left_bias,middle,steady,1.974,597.0,305.0,292.0,595.0,305.0,290.0,1,1
左偏20度且离墙居中位置.csv,101,left_bias,middle,steady,1.994,513.0,257.0,256.0,579.0,305.0,274.0,1,1
左偏20度且离墙居中位置.csv,102,left_bias,middle,steady,2.014,532.0,306.0,226.0,546.0,305.0,241.0,1,1
左偏20度且离墙居中位置.csv,103,left_bias,middle,steady,2.034,496.0,306.0,190.0,532.0,305.0,227.0,1,1
左偏20度且离墙居中位置.csv,104,left_bias,middle,steady,2.054,573.0,270.0,303.0,546.0,305.0,241.0,1,1
左偏20度且离墙居中位置.csv,105,left_bias,middle,steady,2.074,614.0,307.0,307.0,573.0,306.0,267.0,1,1
左偏20度且离墙居中位置.csv,106,left_bias,middle,steady,2.094,611.0,321.0,290.0,597.0,306.0,291.0,1,1
左偏20度且离墙居中位置.csv,107,left_bias,middle,steady,2.115,532.0,305.0,227.0,573.0,305.0,268.0,1,1
左偏20度且离墙居中位置.csv,108,left_bias,middle,steady,2.135,531.0,306.0,225.0,532.0,306.0,226.0,1,1
左偏20度且离墙居中位置.csv,109,left_bias,middle,steady,2.155,531.0,256.0,275.0,532.0,306.0,226.0,1,1
左偏20度且离墙居中位置.csv,110,left_bias,middle,steady,2.175,595.0,304.0,291.0,532.0,306.0,226.0,1,1
左偏20度且离墙居中位置.csv,111,left_bias,middle,steady,2.195,595.0,305.0,290.0,573.0,305.0,268.0,1,1
左偏20度且离墙居中位置.csv,112,left_bias,middle,steady,2.215,595.0,306.0,289.0,595.0,305.0,290.0,1,1
左偏20度且离墙居中位置.csv,113,left_bias,middle,steady,2.235,531.0,306.0,225.0,595.0,306.0,289.0,1,1
左偏20度且离墙居中位置.csv,114,left_bias,middle,steady,2.255,531.0,305.0,226.0,532.0,305.0,227.0,1,1
左偏20度且离墙居中位置.csv,115,left_bias,middle,steady,2.275,532.0,305.0,227.0,532.0,305.0,227.0,1,1
左偏20度且离墙居中位置.csv,116,left_bias,middle,steady,2.296,579.0,304.0,275.0,532.0,305.0,227.0,1,1
左偏20度且离墙居中位置.csv,117,left_bias,middle,steady,2.316,641.0,273.0,368.0,579.0,305.0,274.0,1,1
左偏20度且离墙居中位置.csv,118,left_bias,middle,steady,2.336,611.0,306.0,305.0,595.0,305.0,290.0,1,1
左偏20度且离墙居中位置.csv,119,left_bias,middle,steady,2.356,512.0,273.0,239.0,579.0,305.0,274.0,1,1
左偏20度且离墙居中位置.csv,120,left_bias,middle,steady,2.376,529.0,86.0,443.0,532.0,305.0,227.0,1,1
左偏20度且离墙居中位置.csv,121,left_bias,middle,steady,2.396,495.0,304.0,191.0,531.0,304.0,227.0,1,1
左偏20度且离墙居中位置.csv,122,left_bias,middle,steady,2.416,531.0,287.0,244.0,531.0,304.0,227.0,1,1
左偏20度且离墙居中位置.csv,123,left_bias,middle,steady,2.436,612.0,306.0,306.0,532.0,304.0,228.0,1,1
左偏20度且离墙居中位置.csv,124,left_bias,middle,steady,2.457,659.0,89.0,570.0,579.0,287.0,292.0,1,1
左偏20度且离墙居中位置.csv,125,left_bias,middle,steady,2.477,531.0,304.0,227.0,531.0,287.0,244.0,1,1
左偏20度且离墙居中位置.csv,126,left_bias,middle,steady,2.497,532.0,310.0,222.0,531.0,304.0,227.0,1,1
左偏20度且离墙居中位置.csv,127,left_bias,middle,steady,2.517,533.0,289.0,244.0,531.0,289.0,242.0,1,1
左偏20度且离墙居中位置.csv,128,left_bias,middle,steady,2.537,564.0,305.0,259.0,532.0,304.0,228.0,1,1
左偏20度且离墙居中位置.csv,129,left_bias,middle,steady,2.557,595.0,290.0,305.0,533.0,304.0,229.0,1,1
左偏20度且离墙居中位置.csv,130,left_bias,middle,steady,2.577,613.0,307.0,306.0,564.0,304.0,260.0,1,1
左偏20度且离墙居中位置.csv,131,left_bias,middle,steady,2.597,547.0,305.0,242.0,564.0,305.0,259.0,1,1
左偏20度且离墙居中位置.csv,132,left_bias,middle,steady,2.618,531.0,288.0,243.0,547.0,304.0,243.0,1,1
左偏20度且离墙居中位置.csv,133,left_bias,middle,steady,2.638,530.0,305.0,225.0,533.0,305.0,228.0,1,1
左偏20度且离墙居中位置.csv,134,left_bias,middle,steady,2.658,538.0,290.0,248.0,538.0,305.0,233.0,1,1
左偏20度且离墙居中位置.csv,135,left_bias,middle,steady,2.678,612.0,308.0,304.0,547.0,305.0,242.0,1,1
左偏20度且离墙居中位置.csv,136,left_bias,middle,steady,2.698,611.0,305.0,306.0,564.0,305.0,259.0,1,1
左偏20度且离墙居中位置.csv,137,left_bias,middle,steady,2.718,532.0,304.0,228.0,547.0,305.0,242.0,1,1
左偏20度且离墙居中位置.csv,138,left_bias,middle,steady,2.738,530.0,87.0,443.0,538.0,305.0,233.0,1,1
左偏20度且离墙居中位置.csv,139,left_bias,middle,steady,2.758,496.0,322.0,174.0,532.0,305.0,227.0,1,1
左偏20度且离墙居中位置.csv,140,left_bias,middle,steady,2.778,549.0,324.0,225.0,532.0,305.0,227.0,1,1
左偏20度且离墙居中位置.csv,141,left_bias,middle,steady,2.798,595.0,306.0,289.0,538.0,305.0,233.0,1,1
左偏20度且离墙居中位置.csv,142,left_bias,middle,steady,2.819,661.0,631.0,30.0,549.0,306.0,243.0,1,1
左偏20度且离墙居中位置.csv,143,left_bias,middle,steady,2.839,610.0,320.0,290.0,595.0,308.0,287.0,1,1
左偏20度且离墙居中位置.csv,144,left_bias,middle,steady,2.859,546.0,304.0,242.0,549.0,306.0,243.0,1,1
左偏20度且离墙居中位置.csv,145,left_bias,middle,steady,2.879,530.0,305.0,225.0,546.0,306.0,240.0,1,1
左偏20度且离墙居中位置.csv,146,left_bias,middle,steady,2.899,497.0,307.0,190.0,546.0,307.0,239.0,1,1
左偏20度且离墙居中位置.csv,147,left_bias,middle,steady,2.919,610.0,289.0,321.0,549.0,307.0,242.0,1,1
左偏20度且离墙居中位置.csv,148,left_bias,middle,steady,2.939,626.0,321.0,305.0,595.0,307.0,288.0,1,1
左偏20度且离墙居中位置.csv,149,left_bias,middle,steady,2.959,598.0,320.0,278.0,598.0,307.0,291.0,1,1
左偏20度且离墙居中位置.csv,150,left_bias,middle,steady,2.979,512.0,305.0,207.0,598.0,307.0,291.0,1,1
左偏20度且离墙居中位置.csv,151,left_bias,middle,steady,2.999,530.0,305.0,225.0,546.0,305.0,241.0,1,1
左偏20度且离墙居中位置.csv,152,left_bias,middle,steady,3.02,530.0,305.0,225.0,530.0,305.0,225.0,1,1
左偏20度且离墙居中位置.csv,153,left_bias,middle,steady,3.04,530.0,286.0,244.0,530.0,305.0,225.0,1,1
左偏20度且离墙居中位置.csv,154,left_bias,middle,steady,3.06,611.0,304.0,307.0,530.0,305.0,225.0,1,1
左偏20度且离墙居中位置.csv,155,left_bias,middle,steady,3.08,610.0,304.0,306.0,598.0,305.0,293.0,1,1
左偏20度且离墙居中位置.csv,156,left_bias,middle,steady,3.1,531.0,306.0,225.0,531.0,305.0,226.0,1,1
左偏20度且离墙居中位置.csv,157,left_bias,middle,steady,3.12,535.0,305.0,230.0,531.0,305.0,226.0,1,1
左偏20度且离墙居中位置.csv,158,left_bias,middle,steady,3.14,546.0,54.0,492.0,531.0,305.0,226.0,1,1
左偏20度且离墙居中位置.csv,159,left_bias,middle,steady,3.16,610.0,302.0,308.0,535.0,304.0,231.0,1,1
左偏20度且离墙居中位置.csv,160,left_bias,middle,steady,3.18,610.0,301.0,309.0,546.0,304.0,242.0,1,1
左偏20度且离墙居中位置.csv,161,left_bias,middle,steady,3.201,594.0,305.0,289.0,594.0,304.0,290.0,1,1
左偏20度且离墙居中位置.csv,162,left_bias,middle,steady,3.221,512.0,305.0,207.0,594.0,304.0,290.0,1,1
左偏20度且离墙居中位置.csv,163,left_bias,middle,steady,3.241,531.0,322.0,209.0,546.0,305.0,241.0,1,1
左偏20度且离墙居中位置.csv,164,left_bias,middle,steady,3.261,493.0,304.0,189.0,535.0,305.0,230.0,1,1
左偏20度且离墙居中位置.csv,165,left_bias,middle,steady,3.281,595.0,305.0,290.0,546.0,305.0,241.0,1,1
左偏20度且离墙居中位置.csv,166,left_bias,middle,steady,3.301,659.0,289.0,370.0,594.0,304.0,290.0,1,1
左偏20度且离墙居中位置.csv,167,left_bias,middle,steady,3.321,643.0,305.0,338.0,595.0,305.0,290.0,1,1
左偏20度且离墙居中位置.csv,168,left_bias,middle,steady,3.341,512.0,240.0,272.0,594.0,305.0,289.0,1,1
左偏20度且离墙居中位置.csv,169,left_bias,middle,steady,3.361,529.0,304.0,225.0,531.0,305.0,226.0,1,1
左偏20度且离墙居中位置.csv,170,left_bias,middle,steady,3.382,502.0,303.0,199.0,529.0,304.0,225.0,1,1
左偏20度且离墙居中位置.csv,171,left_bias,middle,steady,3.402,611.0,254.0,357.0,531.0,304.0,227.0,1,1
左偏20度且离墙居中位置.csv,172,left_bias,middle,steady,3.422,595.0,305.0,290.0,595.0,304.0,291.0,1,1
左偏20度且离墙居中位置.csv,173,left_bias,middle,steady,3.442,659.0,273.0,386.0,595.0,303.0,292.0,1,1
左偏20度且离墙居中位置.csv,174,left_bias,middle,steady,3.462,511.0,304.0,207.0,595.0,303.0,292.0,1,1
左偏20度且离墙居中位置.csv,175,left_bias,middle,steady,3.482,532.0,305.0,227.0,532.0,304.0,228.0,1,1
左偏20度且离墙居中位置.csv,176,left_bias,middle,steady,3.502,531.0,369.0,162.0,531.0,304.0,227.0,1,1
左偏20度且离墙居中位置.csv,177,left_bias,middle,steady,3.522,595.0,304.0,291.0,532.0,304.0,228.0,1,1
左偏20度且离墙居中位置.csv,178,left_bias,middle,steady,3.542,594.0,87.0,507.0,594.0,304.0,290.0,1,1
左偏20度且离墙居中位置.csv,179,left_bias,middle,steady,3.562,610.0,305.0,305.0,595.0,304.0,291.0,1,1
左偏20度且离墙居中位置.csv,180,left_bias,middle,steady,3.583,531.0,304.0,227.0,594.0,304.0,290.0,1,1
左偏20度且离墙居中位置.csv,181,left_bias,middle,steady,3.603,531.0,288.0,243.0,532.0,304.0,228.0,1,1
左偏20度且离墙居中位置.csv,182,left_bias,middle,steady,3.623,511.0,321.0,190.0,531.0,304.0,227.0,1,1
左偏20度且离墙居中位置.csv,183,left_bias,middle,steady,3.643,579.0,289.0,290.0,532.0,304.0,228.0,1,1
左偏20度且离墙居中位置.csv,184,left_bias,middle,steady,3.663,627.0,304.0,323.0,579.0,304.0,275.0,1,1
左偏20度且离墙居中位置.csv,185,left_bias,middle,steady,3.683,595.0,304.0,291.0,594.0,304.0,290.0,1,1
左偏20度且离墙居中位置.csv,186,left_bias,middle,steady,3.703,512.0,304.0,208.0,579.0,304.0,275.0,1,1
左偏20度且离墙居中位置.csv,187,left_bias,middle,steady,3.723,529.0,255.0,274.0,531.0,304.0,227.0,1,1
左偏20度且离墙居中位置.csv,188,left_bias,middle,steady,3.743,502.0,289.0,213.0,531.0,304.0,227.0,1,1
左偏20度且离墙居中位置.csv,189,left_bias,middle,steady,3.763,611.0,306.0,305.0,531.0,304.0,227.0,1,1
左偏20度且离墙居中位置.csv,190,left_bias,middle,steady,3.784,594.0,304.0,290.0,579.0,304.0,275.0,1,1
左偏20度且离墙居中位置.csv,191,left_bias,middle,steady,3.804,662.0,617.0,45.0,594.0,304.0,290.0,1,1
左偏20度且离墙居中位置.csv,192,left_bias,middle,steady,3.824,530.0,302.0,228.0,594.0,304.0,290.0,1,1
左偏20度且离墙居中位置.csv,193,left_bias,middle,steady,3.844,512.0,287.0,225.0,530.0,304.0,226.0,1,1
左偏20度且离墙居中位置.csv,194,left_bias,middle,steady,3.864,531.0,305.0,226.0,530.0,304.0,226.0,1,1
左偏20度且离墙居中位置.csv,195,left_bias,middle,steady,3.884,577.0,306.0,271.0,531.0,304.0,227.0,1,1
左偏20度且离墙居中位置.csv,196,left_bias,middle,steady,3.904,595.0,316.0,279.0,577.0,305.0,272.0,1,1
左偏20度且离墙居中位置.csv,197,left_bias,middle,steady,3.924,612.0,633.0,-21.0,594.0,306.0,288.0,1,1
左偏20度且离墙居中位置.csv,198,left_bias,middle,steady,3.944,578.0,304.0,274.0,578.0,305.0,273.0,1,1
左偏20度且离墙居中位置.csv,199,left_bias,middle,steady,3.965,530.0,272.0,258.0,577.0,305.0,272.0,1,1
左偏20度且离墙居中位置.csv,200,left_bias,middle,steady,3.985,530.0,305.0,225.0,531.0,305.0,226.0,1,1
左偏20度且离墙居中位置.csv,201,left_bias,middle,steady,4.005,547.0,304.0,243.0,547.0,305.0,242.0,1,1
左偏20度且离墙居中位置.csv,202,left_bias,middle,steady,4.025,595.0,256.0,339.0,577.0,305.0,272.0,1,1
左偏20度且离墙居中位置.csv,203,left_bias,middle,steady,4.045,595.0,304.0,291.0,578.0,304.0,274.0,1,1
左偏20度且离墙居中位置.csv,204,left_bias,middle,steady,4.065,531.0,304.0,227.0,578.0,304.0,274.0,1,1
左偏20度且离墙居中位置.csv,205,left_bias,middle,steady,4.085,530.0,306.0,224.0,547.0,304.0,243.0,1,1
左偏20度且离墙居中位置.csv,206,left_bias,middle,steady,4.105,532.0,306.0,226.0,532.0,304.0,228.0,1,1
左偏20度且离墙居中位置.csv,207,left_bias,middle,steady,4.125,594.0,239.0,355.0,532.0,304.0,228.0,1,1
左偏20度且离墙居中位置.csv,208,left_bias,middle,steady,4.145,611.0,304.0,307.0,547.0,304.0,243.0,1,1
左偏20度且离墙居中位置.csv,209,left_bias,middle,steady,4.166,642.0,319.0,323.0,594.0,304.0,290.0,1,1
左偏20度且离墙居中位置.csv,210,left_bias,middle,steady,4.186,529.0,304.0,225.0,594.0,304.0,290.0,1,1
左偏20度且离墙居中位置.csv,211,left_bias,middle,steady,4.206,532.0,633.0,-101.0,532.0,304.0,228.0,1,1
左偏20度且离墙居中位置.csv,212,left_bias,middle,steady,4.226,531.0,257.0,274.0,532.0,304.0,228.0,1,1
左偏20度且离墙居中位置.csv,213,left_bias,middle,steady,4.246,564.0,336.0,228.0,532.0,306.0,226.0,1,1
左偏20度且离墙居中位置.csv,214,left_bias,middle,steady,4.266,611.0,303.0,308.0,564.0,304.0,260.0,1,1
左偏20度且离墙居中位置.csv,215,left_bias,middle,steady,4.286,595.0,306.0,289.0,594.0,304.0,290.0,1,1
左偏20度且离墙居中位置.csv,216,left_bias,middle,steady,4.306,565.0,324.0,241.0,565.0,306.0,259.0,1,1
左偏20度且离墙居中位置.csv,217,left_bias,middle,steady,4.326,532.0,242.0,290.0,564.0,306.0,258.0,1,1
左偏20度且离墙居中位置.csv,218,left_bias,middle,steady,4.347,595.0,305.0,290.0,564.0,305.0,259.0,1,1
左偏20度且离墙居中位置.csv,219,left_bias,middle,steady,4.367,537.0,305.0,232.0,564.0,305.0,259.0,1,1
左偏20度且离墙居中位置.csv,220,left_bias,middle,steady,4.387,597.0,257.0,340.0,565.0,305.0,260.0,1,1
左偏20度且离墙居中位置.csv,221,left_bias,middle,steady,4.407,597.0,307.0,290.0,595.0,305.0,290.0,1,1
左偏20度且离墙居中位置.csv,222,left_bias,middle,steady,4.427,496.0,241.0,255.0,595.0,305.0,290.0,1,1
左偏20度且离墙居中位置.csv,223,left_bias,middle,steady,4.447,534.0,307.0,227.0,565.0,305.0,260.0,1,1
左偏20度且离墙居中位置.csv,224,left_bias,middle,steady,4.467,533.0,305.0,228.0,537.0,305.0,232.0,1,1
左偏20度且离墙居中位置.csv,225,left_bias,middle,steady,4.487,597.0,273.0,324.0,537.0,305.0,232.0,1,1
左偏20度且离墙居中位置.csv,226,left_bias,middle,steady,4.507,597.0,308.0,289.0,595.0,305.0,290.0,1,1
左偏20度且离墙居中位置.csv,227,left_bias,middle,steady,4.527,613.0,242.0,371.0,597.0,305.0,292.0,1,1
左偏20度且离墙居中位置.csv,228,left_bias,middle,steady,4.548,596.0,307.0,289.0,597.0,305.0,292.0,1,1
左偏20度且离墙居中位置.csv,229,left_bias,middle,steady,4.568,534.0,323.0,211.0,596.0,307.0,289.0,1,1
左偏20度且离墙居中位置.csv,230,left_bias,middle,steady,4.588,533.0,260.0,273.0,534.0,305.0,229.0,1,1
左偏20度且离墙居中位置.csv,231,left_bias,middle,steady,4.608,533.0,305.0,228.0,534.0,305.0,229.0,1,1
左偏20度且离墙居中位置.csv,232,left_bias,middle,steady,4.628,611.0,258.0,353.0,596.0,305.0,291.0,1,1
左偏20度且离墙居中位置.csv,233,left_bias,middle,steady,4.648,613.0,307.0,306.0,597.0,305.0,292.0,1,1
左偏20度且离墙居中位置.csv,234,left_bias,middle,steady,4.668,596.0,306.0,290.0,596.0,306.0,290.0,1,1
左偏20度且离墙居中位置.csv,235,left_bias,middle,steady,4.688,532.0,257.0,275.0,596.0,305.0,291.0,1,1
左偏20度且离墙居中位置.csv,236,left_bias,middle,steady,4.708,565.0,306.0,259.0,565.0,306.0,259.0,1,1
左偏20度且离墙居中位置.csv,237,left_bias,middle,steady,4.728,534.0,243.0,291.0,534.0,305.0,229.0,1,1
左偏20度且离墙居中位置.csv,238,left_bias,middle,steady,4.748,579.0,306.0,273.0,565.0,305.0,260.0,1,1
左偏20度且离墙居中位置.csv,239,left_bias,middle,steady,4.769,596.0,304.0,292.0,579.0,305.0,274.0,1,1
左偏20度且离墙居中位置.csv,240,left_bias,middle,steady,4.789,598.0,239.0,359.0,596.0,304.0,292.0,1,1
左偏20度且离墙居中位置.csv,241,left_bias,middle,steady,4.809,514.0,305.0,209.0,579.0,305.0,274.0,1,1
左偏20度且离墙居中位置.csv,242,left_bias,middle,steady,4.829,532.0,305.0,227.0,565.0,305.0,260.0,1,1
左偏20度且离墙居中位置.csv,243,left_bias,middle,steady,4.849,564.0,291.0,273.0,564.0,304.0,260.0,1,1
左偏20度且离墙居中位置.csv,244,left_bias,middle,steady,4.869,614.0,305.0,309.0,565.0,305.0,260.0,1,1
左偏20度且离墙居中位置.csv,245,left_bias,middle,steady,4.889,595.0,272.0,323.0,579.0,304.0,275.0,1,1
左偏20度且离墙居中位置.csv,246,left_bias,middle,steady,4.909,595.0,304.0,291.0,595.0,304.0,291.0,1,1
左偏20度且离墙居中位置.csv,247,left_bias,middle,steady,4.929,496.0,304.0,192.0,595.0,304.0,291.0,1,1
左偏20度且离墙居中位置.csv,248,left_bias,middle,steady,4.949,532.0,305.0,227.0,564.0,304.0,260.0,1,1
左偏20度且离墙居中位置.csv,249,left_bias,middle,steady,4.969,563.0,305.0,258.0,563.0,305.0,258.0,1,1
左偏20度且离墙居中位置.csv,250,left_bias,middle,steady,4.99,563.0,305.0,258.0,563.0,305.0,258.0,1,1
左偏20度且离墙居中位置.csv,251,left_bias,middle,steady,5.01,611.0,303.0,308.0,564.0,304.0,260.0,1,1
左偏20度且离墙居中位置.csv,252,left_bias,middle,steady,5.03,596.0,303.0,293.0,595.0,304.0,291.0,1,1
左偏20度且离墙居中位置.csv,253,left_bias,middle,steady,5.05,511.0,88.0,423.0,563.0,304.0,259.0,1,1
左偏20度且离墙居中位置.csv,254,left_bias,middle,steady,5.07,531.0,306.0,225.0,563.0,304.0,259.0,1,1
左偏20度且离墙居中位置.csv,255,left_bias,middle,steady,5.09,529.0,305.0,224.0,532.0,305.0,227.0,1,1
左偏20度且离墙居中位置.csv,256,left_bias,middle,steady,5.11,596.0,306.0,290.0,563.0,305.0,258.0,1,1
左偏20度且离墙居中位置.csv,257,left_bias,middle,steady,5.13,615.0,306.0,309.0,563.0,305.0,258.0,1,1
左偏20度且离墙居中位置.csv,258,left_bias,middle,steady,5.15,562.0,289.0,273.0,563.0,305.0,258.0,1,1
左偏20度且离墙居中位置.csv,259,left_bias,middle,steady,5.17,532.0,305.0,227.0,562.0,305.0,257.0,1,1
左偏20度且离墙居中位置.csv,260,left_bias,middle,steady,5.19,534.0,308.0,226.0,534.0,305.0,229.0,1,1
左偏20度且离墙居中位置.csv,261,left_bias,middle,steady,5.21,547.0,305.0,242.0,534.0,305.0,229.0,1,1
左偏20度且离墙居中位置.csv,262,left_bias,middle,steady,5.231,578.0,304.0,274.0,547.0,305.0,242.0,1,1
左偏20度且离墙居中位置.csv,263,left_bias,middle,steady,5.251,594.0,288.0,306.0,562.0,305.0,257.0,1,1
左偏20度且离墙居中位置.csv,264,left_bias,middle,steady,5.271,594.0,304.0,290.0,578.0,305.0,273.0,1,1
左偏20度且离墙居中位置.csv,265,left_bias,middle,steady,5.291,531.0,304.0,227.0,562.0,304.0,258.0,1,1
左偏20度且离墙居中位置.csv,266,left_bias,middle,steady,5.311,530.0,305.0,225.0,547.0,304.0,243.0,1,1
左偏20度且离墙居中位置.csv,267,left_bias,middle,steady,5.331,594.0,304.0,290.0,547.0,304.0,243.0,1,1
左偏20度且离墙居中位置.csv,268,left_bias,middle,steady,5.351,530.0,303.0,227.0,547.0,304.0,243.0,1,1
左偏20度且离墙居中位置.csv,269,left_bias,middle,steady,5.371,610.0,321.0,289.0,578.0,304.0,274.0,1,1
左偏20度且离墙居中位置.csv,270,left_bias,middle,steady,5.391,595.0,305.0,290.0,594.0,304.0,290.0,1,1
左偏20度且离墙居中位置.csv,271,left_bias,middle,steady,5.412,494.0,257.0,237.0,594.0,304.0,290.0,1,1
左偏20度且离墙居中位置.csv,272,left_bias,middle,steady,5.432,531.0,317.0,214.0,531.0,304.0,227.0,1,1
左偏20度且离墙居中位置.csv,273,left_bias,middle,steady,5.452,530.0,305.0,225.0,531.0,305.0,226.0,1,1
左偏20度且离墙居中位置.csv,274,left_bias,middle,steady,5.472,611.0,260.0,351.0,531.0,305.0,226.0,1,1
左偏20度且离墙居中位置.csv,275,left_bias,middle,steady,5.492,611.0,304.0,307.0,594.0,304.0,290.0,1,1
左偏20度且离墙居中位置.csv,276,left_bias,middle,steady,5.512,595.0,240.0,355.0,595.0,304.0,291.0,1,1
左偏20度且离墙居中位置.csv,277,left_bias,middle,steady,5.532,547.0,322.0,225.0,595.0,305.0,290.0,1,1
左偏20度且离墙居中位置.csv,278,left_bias,middle,steady,5.552,530.0,304.0,226.0,547.0,304.0,243.0,1,1
左偏20度且离墙居中位置.csv,279,left_bias,middle,steady,5.573,533.0,585.0,-52.0,533.0,304.0,229.0,1,1
左偏20度且离墙居中位置.csv,280,left_bias,middle,steady,5.593,530.0,304.0,226.0,533.0,304.0,229.0,1,1
左偏20度且离墙居中位置.csv,281,left_bias,middle,steady,5.613,610.0,368.0,242.0,547.0,304.0,243.0,1,1
左偏20度且离墙居中位置.csv,282,left_bias,middle,steady,5.633,595.0,306.0,289.0,595.0,304.0,291.0,1,1
左偏20度且离墙居中位置.csv,283,left_bias,middle,steady,5.653,546.0,304.0,242.0,547.0,304.0,243.0,1,1
左偏20度且离墙居中位置.csv,284,left_bias,middle,steady,5.673,530.0,255.0,275.0,546.0,304.0,242.0,1,1
左偏20度且离墙居中位置.csv,285,left_bias,middle,steady,5.693,578.0,303.0,275.0,546.0,304.0,242.0,1,1
左偏20度且离墙居中位置.csv,286,left_bias,middle,steady,5.713,531.0,305.0,226.0,533.0,304.0,229.0,1,1
左偏20度且离墙居中位置.csv,287,left_bias,middle,steady,5.733,579.0,306.0,273.0,546.0,305.0,241.0,1,1
左偏20度且离墙居中位置.csv,288,left_bias,middle,steady,5.754,596.0,306.0,290.0,578.0,305.0,273.0,1,1
左偏20度且离墙居中位置.csv,289,left_bias,middle,steady,5.774,479.0,270.0,209.0,578.0,305.0,273.0,1,1
左偏20度且离墙居中位置.csv,290,left_bias,middle,steady,5.794,530.0,314.0,216.0,546.0,305.0,241.0,1,1
左偏20度且离墙居中位置.csv,291,left_bias,middle,steady,5.814,532.0,321.0,211.0,532.0,305.0,227.0,1,1
左偏20度且离墙居中位置.csv,292,left_bias,middle,steady,5.834,643.0,306.0,337.0,532.0,306.0,226.0,1,1
左偏20度且离墙居中位置.csv,293,left_bias,middle,steady,5.854,618.0,306.0,312.0,578.0,306.0,272.0,1,1
左偏20度且离墙居中位置.csv,294,left_bias,middle,steady,5.874,594.0,87.0,507.0,579.0,306.0,273.0,1,1
左偏20度且离墙居中位置.csv,295,left_bias,middle,steady,5.894,531.0,304.0,227.0,579.0,306.0,273.0,1,1
左偏20度且离墙居中位置.csv,296,left_bias,middle,steady,5.914,511.0,304.0,207.0,532.0,306.0,226.0,1,1
左偏20度且离墙居中位置.csv,297,left_bias,middle,steady,5.935,530.0,305.0,225.0,531.0,305.0,226.0,1,1
左偏20度且离墙居中位置.csv,298,left_bias,middle,steady,5.955,548.0,306.0,242.0,532.0,306.0,226.0,1,1
左偏20度且离墙居中位置.csv,299,left_bias,middle,steady,5.975,610.0,322.0,288.0,548.0,306.0,242.0,1,1
左偏20度且离墙居中位置.csv,300,left_bias,middle,steady,5.995,611.0,304.0,307.0,594.0,305.0,289.0,1,1
左偏20度且离墙居中位置.csv,301,left_bias,middle,steady,6.015,531.0,304.0,227.0,548.0,304.0,244.0,1,1
左偏20度且离墙居中位置.csv,302,left_bias,middle,steady,6.035,531.0,288.0,243.0,531.0,304.0,227.0,1,1
左偏20度且离墙居中位置.csv,303,left_bias,middle,steady,6.055,545.0,305.0,240.0,531.0,304.0,227.0,1,1
左偏20度且离墙居中位置.csv,304,left_bias,middle,steady,6.075,610.0,306.0,304.0,545.0,305.0,240.0,1,1
左偏20度且离墙居中位置.csv,305,left_bias,middle,steady,6.095,579.0,303.0,276.0,548.0,305.0,243.0,1,1
左偏20度且离墙居中位置.csv,306,left_bias,middle,steady,6.116,604.0,303.0,301.0,579.0,304.0,275.0,1,1
左偏20度且离墙居中位置.csv,307,left_bias,middle,steady,6.136,480.0,304.0,176.0,579.0,304.0,275.0,1,1
左偏20度且离墙居中位置.csv,308,left_bias,middle,steady,6.156,532.0,634.0,-102.0,545.0,304.0,241.0,1,1
左偏20度且离墙居中位置.csv,309,left_bias,middle,steady,6.176,531.0,305.0,226.0,532.0,304.0,228.0,1,1
左偏20度且离墙居中位置.csv,310,left_bias,middle,steady,6.196,644.0,269.0,375.0,545.0,304.0,241.0,1,1
左偏20度且离墙居中位置.csv,311,left_bias,middle,steady,6.216,611.0,318.0,293.0,579.0,305.0,274.0,1,1
左偏20度且离墙居中位置.csv,312,left_bias,middle,steady,6.236,595.0,315.0,280.0,595.0,305.0,290.0,1,1
左偏20度且离墙居中位置.csv,313,left_bias,middle,steady,6.256,532.0,306.0,226.0,579.0,305.0,274.0,1,1
左偏20度且离墙居中位置.csv,314,left_bias,middle,steady,6.277,511.0,306.0,205.0,532.0,306.0,226.0,1,1
左偏20度且离墙居中位置.csv,315,left_bias,middle,steady,6.297,530.0,272.0,258.0,532.0,306.0,226.0,1,1
左偏20度且离墙居中位置.csv,316,left_bias,middle,steady,6.317,579.0,305.0,274.0,532.0,306.0,226.0,1,1
左偏20度且离墙居中位置.csv,317,left_bias,middle,steady,6.337,610.0,304.0,306.0,579.0,305.0,274.0,1,1
左偏20度且离墙居中位置.csv,318,left_bias,middle,steady,6.357,594.0,239.0,355.0,594.0,305.0,289.0,1,1
左偏20度且离墙居中位置.csv,319,left_bias,middle,steady,6.377,530.0,305.0,225.0,579.0,305.0,274.0,1,1
左偏20度且离墙居中位置.csv,320,left_bias,middle,steady,6.397,515.0,45.0,470.0,532.0,305.0,227.0,1,1
左偏20度且离墙居中位置.csv,321,left_bias,middle,steady,6.417,531.0,305.0,226.0,531.0,305.0,226.0,1,1
左偏20度且离墙居中位置.csv,322,left_bias,middle,steady,6.438,595.0,304.0,291.0,531.0,304.0,227.0,1,1
左偏20度且离墙居中位置.csv,323,left_bias,middle,steady,6.458,609.0,54.0,555.0,579.0,304.0,275.0,1,1
左偏20度且离墙居中位置.csv,324,left_bias,middle,steady,6.478,594.0,305.0,289.0,594.0,304.0,290.0,1,1
左偏20度且离墙居中位置.csv,325,left_bias,middle,steady,6.498,519.0,273.0,246.0,594.0,304.0,290.0,1,1
左偏20度且离墙居中位置.csv,326,left_bias,middle,steady,6.518,563.0,305.0,258.0,563.0,304.0,259.0,1,1
左偏20度且离墙居中位置.csv,327,left_bias,middle,steady,6.538,531.0,303.0,228.0,531.0,304.0,227.0,1,1
左偏20度且离墙居中位置.csv,328,left_bias,middle,steady,6.558,596.0,287.0,309.0,563.0,303.0,260.0,1,1
左偏20度且离墙居中位置.csv,329,left_bias,middle,steady,6.578,610.0,305.0,305.0,594.0,304.0,290.0,1,1
左偏20度且离墙居中位置.csv,330,left_bias,middle,steady,6.598,594.0,288.0,306.0,594.0,303.0,291.0,1,1
左偏20度且离墙居中位置.csv,331,left_bias,middle,steady,6.619,512.0,306.0,206.0,594.0,303.0,291.0,1,1
左偏20度且离墙居中位置.csv,332,left_bias,middle,steady,6.639,514.0,648.0,-134.0,563.0,305.0,258.0,1,1
左偏20度且离墙居中位置.csv,333,left_bias,middle,steady,6.659,538.0,91.0,447.0,538.0,303.0,235.0,1,1
左偏20度且离墙居中位置.csv,334,left_bias,middle,steady,6.679,580.0,319.0,261.0,563.0,305.0,258.0,1,1
左偏20度且离墙居中位置.csv,335,left_bias,middle,steady,6.699,660.0,305.0,355.0,580.0,305.0,275.0,1,1
左偏20度且离墙居中位置.csv,336,left_bias,middle,steady,6.719,594.0,305.0,289.0,594.0,305.0,289.0,1,1
左偏20度且离墙居中位置.csv,337,left_bias,middle,steady,6.739,530.0,305.0,225.0,580.0,305.0,275.0,1,1
左偏20度且离墙居中位置.csv,338,left_bias,middle,steady,6.759,478.0,304.0,174.0,538.0,305.0,233.0,1,1
左偏20度且离墙居中位置.csv,339,left_bias,middle,steady,6.78,531.0,305.0,226.0,531.0,305.0,226.0,1,1
左偏20度且离墙居中位置.csv,340,left_bias,middle,steady,6.8,596.0,306.0,290.0,538.0,305.0,233.0,1,1
左偏20度且离墙居中位置.csv,341,left_bias,middle,steady,6.82,681.0,306.0,375.0,580.0,305.0,275.0,1,1
左偏20度且离墙居中位置.csv,342,left_bias,middle,steady,6.84,595.0,306.0,289.0,594.0,305.0,289.0,1,1
左偏20度且离墙居中位置.csv,343,left_bias,middle,steady,6.86,594.0,288.0,306.0,594.0,305.0,289.0,1,1
左偏20度且离墙居中位置.csv,344,left_bias,middle,steady,6.88,533.0,304.0,229.0,594.0,305.0,289.0,1,1
左偏20度且离墙居中位置.csv,345,left_bias,middle,steady,6.9,512.0,302.0,210.0,533.0,305.0,228.0,1,1
左偏20度且离墙居中位置.csv,346,left_bias,middle,steady,6.92,530.0,305.0,225.0,533.0,305.0,228.0,1,1
左偏20度且离墙居中位置.csv,347,left_bias,middle,steady,6.94,594.0,305.0,289.0,594.0,305.0,289.0,1,1
左偏20度且离墙居中位置.csv,348,left_bias,middle,steady,6.961,595.0,303.0,292.0,594.0,305.0,289.0,1,1
左偏20度且离墙居中位置.csv,349,left_bias,middle,steady,6.981,532.0,302.0,230.0,594.0,304.0,290.0,1,1
左偏20度且离墙居中位置.csv,350,left_bias,middle,steady,7.001,512.0,303.0,209.0,533.0,303.0,230.0,1,1
左偏20度且离墙居中位置.csv,351,left_bias,middle,steady,7.021,529.0,289.0,240.0,532.0,303.0,229.0,1,1
左偏20度且离墙居中位置.csv,352,left_bias,middle,steady,7.041,578.0,304.0,274.0,532.0,303.0,229.0,1,1
左偏20度且离墙居中位置.csv,353,left_bias,middle,steady,7.061,611.0,289.0,322.0,532.0,303.0,229.0,1,1
左偏20度且离墙居中位置.csv,354,left_bias,middle,steady,7.081,595.0,272.0,323.0,578.0,303.0,275.0,1,1
左偏20度且离墙居中位置.csv,355,left_bias,middle,steady,7.101,578.0,321.0,257.0,578.0,303.0,275.0,1,1
左偏20度且离墙居中位置.csv,356,left_bias,middle,steady,7.121,479.0,304.0,175.0,578.0,303.0,275.0,1,1
左偏20度且离墙居中位置.csv,357,left_bias,middle,steady,7.142,563.0,306.0,257.0,563.0,303.0,260.0,1,1
左偏20度且离墙居中位置.csv,358,left_bias,middle,steady,7.162,530.0,305.0,225.0,563.0,304.0,259.0,1,1
左偏20度且离墙居中位置.csv,359,left_bias,middle,steady,7.182,659.0,240.0,419.0,578.0,304.0,274.0,1,1
左偏20度且离墙居中位置.csv,360,left_bias,middle,steady,7.202,595.0,303.0,292.0,578.0,304.0,274.0,1,1
左偏20度且离墙居中位置.csv,361,left_bias,middle,steady,7.222,610.0,303.0,307.0,595.0,303.0,292.0,1,1
左偏20度且离墙居中位置.csv,362,left_bias,middle,steady,7.242,532.0,305.0,227.0,578.0,304.0,274.0,1,1
左偏20度且离墙居中位置.csv,363,left_bias,middle,steady,7.262,496.0,305.0,191.0,563.0,305.0,258.0,1,1
左偏20度且离墙居中位置.csv,364,left_bias,middle,steady,7.282,529.0,257.0,272.0,532.0,304.0,228.0,1,1
左偏20度且离墙居中位置.csv,365,left_bias,middle,steady,7.302,645.0,631.0,14.0,563.0,305.0,258.0,1,1
左偏20度且离墙居中位置.csv,366,left_bias,middle,steady,7.323,612.0,304.0,308.0,595.0,304.0,291.0,1,1
左偏20度且离墙居中位置.csv,367,left_bias,middle,steady,7.343,530.0,43.0,487.0,595.0,303.0,292.0,1,1
左偏20度且离墙居中位置.csv,368,left_bias,middle,steady,7.363,530.0,306.0,224.0,532.0,304.0,228.0,1,1
左偏20度且离墙居中位置.csv,369,left_bias,middle,steady,7.383,510.0,56.0,454.0,530.0,304.0,226.0,1,1
左偏20度且离墙居中位置.csv,370,left_bias,middle,steady,7.403,611.0,317.0,294.0,530.0,305.0,225.0,1,1
左偏20度且离墙居中位置.csv,371,left_bias,middle,steady,7.423,595.0,316.0,279.0,530.0,305.0,225.0,1,1
左偏20度且离墙居中位置.csv,372,left_bias,middle,steady,7.443,611.0,488.0,123.0,595.0,306.0,289.0,1,1
左偏20度且离墙居中位置.csv,373,left_bias,middle,steady,7.463,531.0,633.0,-102.0,595.0,316.0,279.0,1,1
左偏20度且离墙居中位置.csv,374,left_bias,middle,steady,7.483,494.0,305.0,189.0,531.0,306.0,225.0,1,1
左偏20度且离墙居中位置.csv,375,left_bias,middle,steady,7.504,563.0,305.0,258.0,531.0,306.0,225.0,1,1
左偏20度且离墙居中位置.csv,376,left_bias,middle,steady,7.524,547.0,305.0,242.0,547.0,306.0,241.0,1,1
左偏20度且离墙居中位置.csv,377,left_bias,middle,steady,7.544,626.0,385.0,241.0,563.0,316.0,247.0,1,1
左偏20度且离墙居中位置.csv,378,left_bias,middle,steady,7.564,618.0,305.0,313.0,595.0,316.0,279.0,1,1
左偏20度且离墙居中位置.csv,379,left_bias,middle,steady,7.584,480.0,305.0,175.0,563.0,305.0,258.0,1,1
左偏20度且离墙居中位置.csv,380,left_bias,middle,steady,7.604,531.0,305.0,226.0,547.0,305.0,242.0,1,1
左偏20度且离墙居中位置.csv,381,left_bias,middle,steady,7.624,511.0,304.0,207.0,531.0,305.0,226.0,1,1
左偏20度且离墙居中位置.csv,382,left_bias,middle,steady,7.644,529.0,286.0,243.0,531.0,305.0,226.0,1,1
左偏20度且离墙居中位置.csv,383,left_bias,middle,steady,7.665,658.0,303.0,355.0,547.0,305.0,242.0,1,1
左偏20度且离墙居中位置.csv,384,left_bias,middle,steady,7.685,659.0,289.0,370.0,547.0,305.0,242.0,1,1
左偏20度且离墙居中位置.csv,385,left_bias,middle,steady,7.705,531.0,306.0,225.0,531.0,305.0,226.0,1,1
左偏20度且离墙居中位置.csv,386,left_bias,middle,steady,7.725,536.0,304.0,232.0,531.0,304.0,227.0,1,1
左偏20度且离墙居中位置.csv,387,left_bias,middle,steady,7.745,495.0,286.0,209.0,531.0,304.0,227.0,1,1
左偏20度且离墙居中位置.csv,388,left_bias,middle,steady,7.765,564.0,318.0,246.0,531.0,304.0,227.0,1,1
左偏20度且离墙居中位置.csv,389,left_bias,middle,steady,7.785,595.0,305.0,290.0,536.0,304.0,232.0,1,1
左偏20度且离墙居中位置.csv,390,left_bias,middle,steady,7.805,659.0,634.0,25.0,564.0,304.0,260.0,1,1
左偏20度且离墙居中位置.csv,391,left_bias,middle,steady,7.825,604.0,306.0,298.0,595.0,305.0,290.0,1,1
左偏20度且离墙居中位置.csv,392,left_bias,middle,steady,7.846,531.0,304.0,227.0,564.0,305.0,259.0,1,1
左偏20度且离墙居中位置.csv,393,left_bias,middle,steady,7.866,530.0,288.0,242.0,536.0,305.0,231.0,1,1
左偏20度且离墙居中位置.csv,394,left_bias,middle,steady,7.886,531.0,304.0,227.0,536.0,304.0,232.0,1,1
左偏20度且离墙居中位置.csv,395,left_bias,middle,steady,7.906,594.0,256.0,338.0,564.0,304.0,260.0,1,1
左偏20度且离墙居中位置.csv,396,left_bias,middle,steady,7.926,614.0,619.0,-5.0,594.0,305.0,289.0,1,1
左偏20度且离墙居中位置.csv,397,left_bias,middle,steady,7.946,512.0,304.0,208.0,594.0,304.0,290.0,1,1
左偏20度且离墙居中位置.csv,398,left_bias,middle,steady,7.966,530.0,255.0,275.0,531.0,304.0,227.0,1,1
左偏20度且离墙居中位置.csv,399,left_bias,middle,steady,7.986,505.0,305.0,200.0,531.0,304.0,227.0,1,1
左偏20度且离墙居中位置.csv,400,left_bias,middle,steady,8.006,530.0,256.0,274.0,530.0,304.0,226.0,1,1
左偏20度且离墙居中位置.csv,401,left_bias,middle,steady,8.027,595.0,305.0,290.0,530.0,304.0,226.0,1,1
左偏20度且离墙居中位置.csv,402,left_bias,middle,steady,8.047,642.0,305.0,337.0,531.0,304.0,227.0,1,1
左偏20度且离墙居中位置.csv,403,left_bias,middle,steady,8.067,530.0,239.0,291.0,530.0,304.0,226.0,1,1
左偏20度且离墙居中位置.csv,404,left_bias,middle,steady,8.087,528.0,304.0,224.0,530.0,304.0,226.0,1,1
左偏20度且离墙居中位置.csv,405,left_bias,middle,steady,8.107,495.0,304.0,191.0,530.0,304.0,226.0,1,1
左偏20度且离墙居中位置.csv,406,left_bias,middle,steady,8.127,532.0,306.0,226.0,530.0,304.0,226.0,1,1
左偏20度且离墙居中位置.csv,407,left_bias,middle,steady,8.147,596.0,305.0,291.0,530.0,305.0,225.0,1,1
左偏20度且离墙居中位置.csv,408,left_bias,middle,steady,8.167,642.0,246.0,396.0,532.0,304.0,228.0,1,1
左偏20度且离墙居中位置.csv,409,left_bias,middle,steady,8.187,594.0,304.0,290.0,594.0,304.0,290.0,1,1
左偏20度且离墙居中位置.csv,410,left_bias,middle,steady,8.208,533.0,318.0,215.0,533.0,304.0,229.0,1,1
左偏20度且离墙居中位置.csv,411,left_bias,middle,steady,8.228,531.0,306.0,225.0,532.0,304.0,228.0,1,1
左偏20度且离墙居中位置.csv,412,left_bias,middle,steady,8.248,520.0,305.0,215.0,532.0,305.0,227.0,1,1
左偏20度且离墙居中位置.csv,413,left_bias,middle,steady,8.268,593.0,44.0,549.0,533.0,305.0,228.0,1,1
左偏20度且离墙居中位置.csv,414,left_bias,middle,steady,8.288,578.0,305.0,273.0,578.0,305.0,273.0,1,1
左偏20度且离墙居中位置.csv,415,left_bias,middle,steady,8.308,562.0,304.0,258.0,578.0,305.0,273.0,1,1
左偏20度且离墙居中位置.csv,416,left_bias,middle,steady,8.328,531.0,302.0,229.0,562.0,304.0,258.0,1,1
左偏20度且离墙居中位置.csv,417,left_bias,middle,steady,8.348,530.0,306.0,224.0,533.0,305.0,228.0,1,1
左偏20度且离墙居中位置.csv,418,left_bias,middle,steady,8.369,530.0,272.0,258.0,531.0,305.0,226.0,1,1
左偏20度且离墙居中位置.csv,419,left_bias,middle,steady,8.389,595.0,303.0,292.0,531.0,304.0,227.0,1,1
左偏20度且离墙居中位置.csv,420,left_bias,middle,steady,8.409,610.0,304.0,306.0,562.0,304.0,258.0,1,1
左偏20度且离墙居中位置.csv,421,left_bias,middle,steady,8.429,547.0,304.0,243.0,562.0,304.0,258.0,1,1
左偏20度且离墙居中位置.csv,422,left_bias,middle,steady,8.449,530.0,306.0,224.0,547.0,304.0,243.0,1,1
左偏20度且离墙居中位置.csv,423,left_bias,middle,steady,8.469,529.0,87.0,442.0,531.0,304.0,227.0,1,1
左偏20度且离墙居中位置.csv,424,left_bias,middle,steady,8.489,496.0,288.0,208.0,530.0,303.0,227.0,1,1
左偏20度且离墙居中位置.csv,425,left_bias,middle,steady,8.509,610.0,303.0,307.0,530.0,303.0,227.0,1,1
左偏20度且离墙居中位置.csv,426,left_bias,middle,steady,8.529,628.0,613.0,15.0,547.0,303.0,244.0,1,1
左偏20度且离墙居中位置.csv,427,left_bias,middle,steady,8.55,595.0,598.0,-3.0,595.0,304.0,291.0,1,1
左偏20度且离墙居中位置.csv,428,left_bias,middle,steady,8.57,530.0,289.0,241.0,547.0,304.0,243.0,1,1
左偏20度且离墙居中位置.csv,429,left_bias,middle,steady,8.59,531.0,305.0,226.0,531.0,304.0,227.0,1,1
左偏20度且离墙居中位置.csv,430,left_bias,middle,steady,8.61,496.0,318.0,178.0,530.0,305.0,225.0,1,1
左偏20度且离墙居中位置.csv,431,left_bias,middle,steady,8.63,605.0,316.0,289.0,531.0,305.0,226.0,1,1
左偏20度且离墙居中位置.csv,432,left_bias,middle,steady,8.65,594.0,303.0,291.0,594.0,305.0,289.0,1,1
左偏20度且离墙居中位置.csv,433,left_bias,middle,steady,8.67,578.0,305.0,273.0,594.0,305.0,289.0,1,1
左偏20度且离墙居中位置.csv,434,left_bias,middle,steady,8.69,531.0,306.0,225.0,578.0,306.0,272.0,1,1
左偏20度且离墙居中位置.csv,435,left_bias,middle,steady,8.711,545.0,304.0,241.0,545.0,305.0,240.0,1,1
左偏20度且离墙居中位置.csv,436,left_bias,middle,steady,8.731,529.0,304.0,225.0,531.0,305.0,226.0,1,1
左偏20度且离墙居中位置.csv,437,left_bias,middle,steady,8.751,579.0,272.0,307.0,545.0,305.0,240.0,1,1
左偏20度且离墙居中位置.csv,438,left_bias,middle,steady,8.771,596.0,305.0,291.0,578.0,305.0,273.0,1,1
左偏20度且离墙居中位置.csv,439,left_bias,middle,steady,8.791,587.0,257.0,330.0,579.0,304.0,275.0,1,1
左偏20度且离墙居中位置.csv,440,left_bias,middle,steady,8.811,530.0,305.0,225.0,578.0,304.0,274.0,1,1
左偏20度且离墙居中位置.csv,441,left_bias,middle,steady,8.831,532.0,304.0,228.0,545.0,304.0,241.0,1,1
左偏20度且离墙居中位置.csv,442,left_bias,middle,steady,8.851,531.0,238.0,293.0,532.0,304.0,228.0,1,1
左偏20度且离墙居中位置.csv,443,left_bias,middle,steady,8.871,610.0,304.0,306.0,545.0,304.0,241.0,1,1
左偏20度且离墙居中位置.csv,444,left_bias,middle,steady,8.892,612.0,240.0,372.0,579.0,304.0,275.0,1,1
左偏20度且离墙居中位置.csv,445,left_bias,middle,steady,8.912,610.0,322.0,288.0,587.0,304.0,283.0,1,1
左偏20度且离墙居中位置.csv,446,left_bias,middle,steady,8.932,532.0,303.0,229.0,587.0,304.0,283.0,1,1
左偏20度且离墙居中位置.csv,447,left_bias,middle,steady,8.952,531.0,268.0,263.0,532.0,303.0,229.0,1,1
左偏20度且离墙居中位置.csv,448,left_bias,middle,steady,8.972,496.0,316.0,180.0,532.0,304.0,228.0,1,1
左偏20度且离墙居中位置.csv,449,left_bias,middle,steady,8.992,609.0,305.0,304.0,532.0,304.0,228.0,1,1
左偏20度且离墙居中位置.csv,450,left_bias,middle,steady,9.012,596.0,306.0,290.0,596.0,304.0,292.0,1,1
左偏20度且离墙居中位置.csv,451,left_bias,middle,steady,9.032,595.0,305.0,290.0,596.0,305.0,291.0,1,1
左偏20度且离墙居中位置.csv,452,left_bias,middle,steady,9.052,538.0,256.0,282.0,595.0,305.0,290.0,1,1
左偏20度且离墙居中位置.csv,453,left_bias,middle,steady,9.073,561.0,304.0,257.0,561.0,305.0,256.0,1,1
左偏20度且离墙居中位置.csv,454,left_bias,middle,steady,9.093,579.0,258.0,321.0,561.0,304.0,257.0,1,1
左偏20度且离墙居中位置.csv,455,left_bias,middle,steady,9.113,579.0,305.0,274.0,579.0,305.0,274.0,1,1
左偏20度且离墙居中位置.csv,456,left_bias,middle,steady,9.133,595.0,568.0,27.0,579.0,305.0,274.0,1,1
左偏20度且离墙居中位置.csv,457,left_bias,middle,steady,9.153,577.0,256.0,321.0,579.0,305.0,274.0,1,1
左偏20度且离墙居中位置.csv,458,left_bias,middle,steady,9.173,512.0,304.0,208.0,579.0,304.0,275.0,1,1
左偏20度且离墙居中位置.csv,459,left_bias,middle,steady,9.193,531.0,304.0,227.0,577.0,304.0,273.0,1,1
左偏20度且离墙居中位置.csv,460,left_bias,middle,steady,9.213,531.0,423.0,108.0,561.0,304.0,257.0,1,1
左偏20度且离墙居中位置.csv,461,left_bias,middle,steady,9.233,610.0,306.0,304.0,577.0,304.0,273.0,1,1
左偏20度且离墙居中位置.csv,462,left_bias,middle,steady,9.254,593.0,288.0,305.0,579.0,304.0,275.0,1,1
左偏20度且离墙居中位置.csv,463,left_bias,middle,steady,9.274,512.0,304.0,208.0,577.0,304.0,273.0,1,1
左偏20度且离墙居中位置.csv,464,left_bias,middle,steady,9.294,531.0,304.0,227.0,531.0,304.0,227.0,1,1
左偏20度且离墙居中位置.csv,465,left_bias,middle,steady,9.314,530.0,306.0,224.0,531.0,304.0,227.0,1,1
左偏20度且离墙居中位置.csv,466,left_bias,middle,steady,9.334,531.0,306.0,225.0,531.0,304.0,227.0,1,1
左偏20度且离墙居中位置.csv,467,left_bias,middle,steady,9.354,596.0,289.0,307.0,531.0,304.0,227.0,1,1
左偏20度且离墙居中位置.csv,468,left_bias,middle,steady,9.374,595.0,304.0,291.0,531.0,304.0,227.0,1,1
左偏20度且离墙居中位置.csv,469,left_bias,middle,steady,9.395,628.0,302.0,326.0,593.0,304.0,289.0,1,1
左偏20度且离墙居中位置.csv,470,left_bias,middle,steady,9.415,513.0,290.0,223.0,531.0,304.0,227.0,1,1
左偏20度且离墙居中位置.csv,471,left_bias,middle,steady,9.435,534.0,308.0,226.0,531.0,304.0,227.0,1,1
左偏20度且离墙居中位置.csv,472,left_bias,middle,steady,9.455,533.0,307.0,226.0,533.0,304.0,229.0,1,1
左偏20度且离墙居中位置.csv,473,left_bias,middle,steady,9.475,581.0,318.0,263.0,534.0,306.0,228.0,1,1
左偏20度且离墙居中位置.csv,474,left_bias,middle,steady,9.495,613.0,306.0,307.0,581.0,306.0,275.0,1,1
左偏20度且离墙居中位置.csv,475,left_bias,middle,steady,9.515,596.0,306.0,290.0,595.0,306.0,289.0,1,1
左偏20度且离墙居中位置.csv,476,left_bias,middle,steady,9.535,596.0,307.0,289.0,595.0,306.0,289.0,1,1
左偏20度且离墙居中位置.csv,477,left_bias,middle,steady,9.555,531.0,88.0,443.0,581.0,306.0,275.0,1,1
左偏20度且离墙居中位置.csv,478,left_bias,middle,steady,9.576,549.0,636.0,-87.0,549.0,307.0,242.0,1,1
左偏20度且离墙居中位置.csv,479,left_bias,middle,steady,9.596,547.0,305.0,242.0,549.0,307.0,242.0,1,1
左偏20度且离墙居中位置.csv,480,left_bias,middle,steady,9.616,612.0,289.0,323.0,581.0,306.0,275.0,1,1
左偏20度且离墙居中位置.csv,481,left_bias,middle,steady,9.636,599.0,307.0,292.0,596.0,306.0,290.0,1,1
左偏20度且离墙居中位置.csv,482,left_bias,middle,steady,9.656,550.0,308.0,242.0,596.0,306.0,290.0,1,1
左偏20度且离墙居中位置.csv,483,left_bias,middle,steady,9.676,533.0,308.0,225.0,550.0,307.0,243.0,1,1
左偏20度且离墙居中位置.csv,484,left_bias,middle,steady,9.696,571.0,304.0,267.0,550.0,307.0,243.0,1,1
左偏20度且离墙居中位置.csv,485,left_bias,middle,steady,9.716,595.0,87.0,508.0,550.0,305.0,245.0,1,1
左偏20度且离墙居中位置.csv,486,left_bias,middle,steady,9.736,616.0,634.0,-18.0,571.0,307.0,264.0,1,1
左偏20度且离墙居中位置.csv,487,left_bias,middle,steady,9.756,595.0,123.0,472.0,595.0,305.0,290.0,1,1
左偏20度且离墙居中位置.csv,488,left_bias,middle,steady,9.777,593.0,90.0,503.0,595.0,304.0,291.0,1,1
左偏20度且离墙居中位置.csv,489,left_bias,middle,steady,9.797,533.0,308.0,225.0,593.0,307.0,286.0,1,1
左偏20度且离墙居中位置.csv,490,left_bias,middle,steady,9.817,534.0,306.0,228.0,571.0,306.0,265.0,1,1
左偏20度且离墙居中位置.csv,491,left_bias,middle,steady,9.837,514.0,306.0,208.0,571.0,306.0,265.0,1,1
左偏20度且离墙居中位置.csv,492,left_bias,middle,steady,9.857,595.0,307.0,288.0,593.0,306.0,287.0,1,1
左偏20度且离墙居中位置.csv,493,left_bias,middle,steady,9.877,626.0,422.0,204.0,595.0,306.0,289.0,1,1
左偏20度且离墙居中位置.csv,494,left_bias,middle,steady,9.897,546.0,305.0,241.0,593.0,306.0,287.0,1,1
左偏20度且离墙居中位置.csv,495,left_bias,middle,steady,9.917,531.0,304.0,227.0,546.0,306.0,240.0,1,1
左偏20度且离墙居中位置.csv,496,left_bias,middle,steady,9.937,530.0,304.0,226.0,534.0,306.0,228.0,1,1
左偏20度且离墙居中位置.csv,497,left_bias,middle,steady,9.957,512.0,304.0,208.0,533.0,306.0,227.0,1,1
左偏20度且离墙居中位置.csv,498,left_bias,middle,steady,9.977,595.0,288.0,307.0,534.0,305.0,229.0,1,1
左偏20度且离墙居中位置.csv,499,left_bias,middle,steady,9.998,595.0,306.0,289.0,546.0,305.0,241.0,1,1
左偏且从90度往正中间转且离墙最远转.csv,2,left_bias,far,start,0.003,17.0,21.0,-4.0,17.0,21.0,-4.0,0,1
左偏且从90度往正中间转且离墙最远转.csv,3,left_bias,far,start,0.023,16.0,20.0,-4.0,16.5,20.5,-4.0,0,1
左偏且从90度往正中间转且离墙最远转.csv,4,left_bias,far,start,0.043,18.0,21.0,-3.0,17.0,21.0,-4.0,0,1
左偏且从90度往正中间转且离墙最远转.csv,5,left_bias,far,start,0.063,17.0,21.0,-4.0,17.0,21.0,-4.0,0,1
左偏且从90度往正中间转且离墙最远转.csv,6,left_bias,far,start,0.083,20.0,19.0,1.0,17.0,21.0,-4.0,0,1
左偏且从90度往正中间转且离墙最远转.csv,7,left_bias,far,start,0.103,17.0,20.0,-3.0,17.0,20.5,-3.5,0,1
左偏且从90度往正中间转且离墙最远转.csv,8,left_bias,far,start,0.123,33.0,21.0,12.0,17.0,21.0,-4.0,0,1
左偏且从90度往正中间转且离墙最远转.csv,9,left_bias,far,start,0.143,17.0,34.0,-17.0,17.0,21.0,-4.0,0,1
左偏且从90度往正中间转且离墙最远转.csv,10,left_bias,far,start,0.163,25.0,20.0,5.0,17.0,21.0,-4.0,0,1
左偏且从90度往正中间转且离墙最远转.csv,11,left_bias,far,start,0.184,17.0,20.0,-3.0,17.0,20.0,-3.0,0,1
左偏且从90度往正中间转且离墙最远转.csv,12,left_bias,far,start,0.204,17.0,20.0,-3.0,17.0,20.0,-3.0,0,1
左偏且从90度往正中间转且离墙最远转.csv,13,left_bias,far,start,0.224,16.0,20.0,-4.0,17.0,20.0,-3.0,0,1
左偏且从90度往正中间转且离墙最远转.csv,14,left_bias,far,start,0.244,25.0,19.0,6.0,17.0,20.0,-3.0,0,1
左偏且从90度往正中间转且离墙最远转.csv,15,left_bias,far,start,0.264,17.0,19.0,-2.0,17.0,20.0,-3.0,0,1
左偏且从90度往正中间转且离墙最远转.csv,16,left_bias,far,start,0.284,16.0,21.0,-5.0,17.0,20.0,-3.0,0,1
左偏且从90度往正中间转且离墙最远转.csv,17,left_bias,far,start,0.304,16.0,20.0,-4.0,17.0,20.0,-3.0,0,1
左偏且从90度往正中间转且离墙最远转.csv,18,left_bias,far,start,0.324,16.0,20.0,-4.0,17.0,20.0,-3.0,0,1
左偏且从90度往正中间转且离墙最远转.csv,19,left_bias,far,start,0.344,17.0,20.0,-3.0,17.0,20.0,-3.0,0,1
左偏且从90度往正中间转且离墙最远转.csv,20,left_bias,far,start,0.364,17.0,21.0,-4.0,17.0,20.0,-3.0,0,1
左偏且从90度往正中间转且离墙最远转.csv,21,left_bias,far,start,0.384,16.0,20.0,-4.0,16.0,20.0,-4.0,0,1
左偏且从90度往正中间转且离墙最远转.csv,22,left_bias,far,start,0.404,22.0,20.0,2.0,17.0,20.0,-3.0,0,1
左偏且从90度往正中间转且离墙最远转.csv,23,left_bias,far,start,0.425,17.0,21.0,-4.0,17.0,20.0,-3.0,0,1
左偏且从90度往正中间转且离墙最远转.csv,24,left_bias,far,start,0.445,17.0,20.0,-3.0,17.0,20.0,-3.0,0,1
左偏且从90度往正中间转且离墙最远转.csv,25,left_bias,far,start,0.465,17.0,20.0,-3.0,17.0,20.0,-3.0,0,1
左偏且从90度往正中间转且离墙最远转.csv,26,left_bias,far,start,0.485,16.0,20.0,-4.0,17.0,20.0,-3.0,0,1
左偏且从90度往正中间转且离墙最远转.csv,27,left_bias,far,start,0.505,20.0,20.0,0.0,17.0,20.0,-3.0,0,1
左偏且从90度往正中间转且离墙最远转.csv,28,left_bias,far,start,0.525,16.0,20.0,-4.0,17.0,20.0,-3.0,0,1
左偏且从90度往正中间转且离墙最远转.csv,29,left_bias,far,start,0.545,17.0,21.0,-4.0,17.0,20.0,-3.0,0,1
左偏且从90度往正中间转且离墙最远转.csv,30,left_bias,far,start,0.565,16.0,20.0,-4.0,17.0,20.0,-3.0,0,1
左偏且从90度往正中间转且离墙最远转.csv,31,left_bias,far,start,0.585,16.0,20.0,-4.0,17.0,20.0,-3.0,0,1
左偏且从90度往正中间转且离墙最远转.csv,32,left_bias,far,start,0.605,40.0,20.0,20.0,17.0,20.0,-3.0,0,1
左偏且从90度往正中间转且离墙最远转.csv,33,left_bias,far,start,0.625,17.0,21.0,-4.0,17.0,20.0,-3.0,0,1
左偏且从90度往正中间转且离墙最远转.csv,34,left_bias,far,start,0.645,16.0,20.0,-4.0,16.0,20.0,-4.0,0,1
左偏且从90度往正中间转且离墙最远转.csv,35,left_bias,far,start,0.666,17.0,32.0,-15.0,17.0,20.0,-3.0,0,1
左偏且从90度往正中间转且离墙最远转.csv,36,left_bias,far,start,0.686,17.0,24.0,-7.0,17.0,20.0,-3.0,0,1
左偏且从90度往正中间转且离墙最远转.csv,37,left_bias,far,start,0.706,16.0,20.0,-4.0,17.0,20.0,-3.0,0,1
左偏且从90度往正中间转且离墙最远转.csv,38,left_bias,far,start,0.726,17.0,20.0,-3.0,17.0,20.0,-3.0,0,1
左偏且从90度往正中间转且离墙最远转.csv,39,left_bias,far,start,0.746,18.0,19.0,-1.0,17.0,20.0,-3.0,0,1
左偏且从90度往正中间转且离墙最远转.csv,40,left_bias,far,start,0.766,17.0,20.0,-3.0,17.0,20.0,-3.0,0,1
左偏且从90度往正中间转且离墙最远转.csv,41,left_bias,far,start,0.786,17.0,20.0,-3.0,17.0,20.0,-3.0,0,1
左偏且从90度往正中间转且离墙最远转.csv,42,left_bias,far,start,0.806,18.0,20.0,-2.0,17.0,20.0,-3.0,0,1
左偏且从90度往正中间转且离墙最远转.csv,43,left_bias,far,start,0.826,16.0,20.0,-4.0,17.0,20.0,-3.0,0,1
左偏且从90度往正中间转且离墙最远转.csv,44,left_bias,far,start,0.846,16.0,20.0,-4.0,17.0,20.0,-3.0,0,1
左偏且从90度往正中间转且离墙最远转.csv,45,left_bias,far,start,0.867,19.0,20.0,-1.0,17.0,20.0,-3.0,0,1
左偏且从90度往正中间转且离墙最远转.csv,46,left_bias,far,start,0.887,16.0,20.0,-4.0,17.0,20.0,-3.0,0,1
左偏且从90度往正中间转且离墙最远转.csv,47,left_bias,far,start,0.907,17.0,20.0,-3.0,17.0,20.0,-3.0,0,1
左偏且从90度往正中间转且离墙最远转.csv,48,left_bias,far,start,0.927,17.0,20.0,-3.0,17.0,20.0,-3.0,0,1
左偏且从90度往正中间转且离墙最远转.csv,49,left_bias,far,start,0.947,17.0,21.0,-4.0,17.0,20.0,-3.0,0,1
左偏且从90度往正中间转且离墙最远转.csv,50,left_bias,far,start,0.967,21.0,20.0,1.0,17.0,20.0,-3.0,0,1
左偏且从90度往正中间转且离墙最远转.csv,51,left_bias,far,start,0.987,16.0,21.0,-5.0,17.0,20.0,-3.0,0,1
左偏且从90度往正中间转且离墙最远转.csv,52,left_bias,far,start,1.007,17.0,33.0,-16.0,17.0,20.0,-3.0,0,1
左偏且从90度往正中间转且离墙最远转.csv,53,left_bias,far,start,1.027,18.0,21.0,-3.0,17.0,20.0,-3.0,0,1
左偏且从90度往正中间转且离墙最远转.csv,54,left_bias,far,start,1.047,16.0,20.0,-4.0,17.0,20.0,-3.0,0,1
左偏且从90度往正中间转且离墙最远转.csv,55,left_bias,far,start,1.068,16.0,20.0,-4.0,17.0,20.0,-3.0,0,1
左偏且从90度往正中间转且离墙最远转.csv,56,left_bias,far,start,1.088,16.0,19.0,-3.0,17.0,20.0,-3.0,0,1
左偏且从90度往正中间转且离墙最远转.csv,57,left_bias,far,start,1.108,16.0,21.0,-5.0,16.0,21.0,-5.0,0,1
左偏且从90度往正中间转且离墙最远转.csv,58,left_bias,far,start,1.128,17.0,20.0,-3.0,16.0,20.0,-4.0,0,1
左偏且从90度往正中间转且离墙最远转.csv,59,left_bias,far,start,1.148,17.0,20.0,-3.0,16.0,20.0,-4.0,0,1
左偏且从90度往正中间转且离墙最远转.csv,60,left_bias,far,start,1.168,16.0,20.0,-4.0,16.0,20.0,-4.0,0,1
左偏且从90度往正中间转且离墙最远转.csv,61,left_bias,far,start,1.188,16.0,19.0,-3.0,16.0,20.0,-4.0,0,1
左偏且从90度往正中间转且离墙最远转.csv,62,left_bias,far,start,1.208,17.0,20.0,-3.0,16.0,20.0,-4.0,0,1
左偏且从90度往正中间转且离墙最远转.csv,63,left_bias,far,start,1.228,16.0,20.0,-4.0,16.0,20.0,-4.0,0,1
左偏且从90度往正中间转且离墙最远转.csv,64,left_bias,far,start,1.249,17.0,20.0,-3.0,16.0,20.0,-4.0,0,1
左偏且从90度往正中间转且离墙最远转.csv,65,left_bias,far,start,1.269,16.0,20.0,-4.0,16.0,20.0,-4.0,0,1
左偏且从90度往正中间转且离墙最远转.csv,66,left_bias,far,start,1.289,17.0,20.0,-3.0,17.0,20.0,-3.0,0,1
左偏且从90度往正中间转且离墙最远转.csv,67,left_bias,far,start,1.309,19.0,21.0,-2.0,17.0,20.0,-3.0,0,1
左偏且从90度往正中间转且离墙最远转.csv,68,left_bias,far,start,1.329,17.0,30.0,-13.0,17.0,20.0,-3.0,0,1
左偏且从90度往正中间转且离墙最远转.csv,69,left_bias,far,start,1.349,16.0,33.0,-17.0,17.0,20.0,-3.0,0,1
左偏且从90度往正中间转且离墙最远转.csv,70,left_bias,far,start,1.369,16.0,21.0,-5.0,17.0,20.0,-3.0,0,1
左偏且从90度往正中间转且离墙最远转.csv,71,left_bias,far,start,1.389,84.0,21.0,63.0,17.0,21.0,-4.0,0,1
左偏且从90度往正中间转且离墙最远转.csv,72,left_bias,far,start,1.409,25.0,20.0,5.0,17.0,21.0,-4.0,0,1
左偏且从90度往正中间转且离墙最远转.csv,73,left_bias,far,start,1.429,17.0,20.0,-3.0,17.0,21.0,-4.0,0,1
左偏且从90度往正中间转且离墙最远转.csv,74,left_bias,far,start,1.45,17.0,20.0,-3.0,17.0,21.0,-4.0,0,1
左偏且从90度往正中间转且离墙最远转.csv,75,left_bias,far,start,1.47,16.0,20.0,-4.0,17.0,21.0,-4.0,0,1
左偏且从90度往正中间转且离墙最远转.csv,76,left_bias,far,start,1.49,17.0,20.0,-3.0,17.0,20.0,-3.0,0,1
左偏且从90度往正中间转且离墙最远转.csv,77,left_bias,far,start,1.51,16.0,19.0,-3.0,17.0,20.0,-3.0,0,1
左偏且从90度往正中间转且离墙最远转.csv,78,left_bias,far,start,1.53,17.0,20.0,-3.0,17.0,20.0,-3.0,0,1
左偏且从90度往正中间转且离墙最远转.csv,79,left_bias,far,start,1.55,16.0,19.0,-3.0,17.0,20.0,-3.0,0,1
左偏且从90度往正中间转且离墙最远转.csv,80,left_bias,far,start,1.57,16.0,20.0,-4.0,17.0,20.0,-3.0,0,1
左偏且从90度往正中间转且离墙最远转.csv,81,left_bias,far,start,1.59,17.0,20.0,-3.0,17.0,20.0,-3.0,0,1
左偏且从90度往正中间转且离墙最远转.csv,82,left_bias,far,start,1.61,41.0,20.0,21.0,17.0,20.0,-3.0,0,1
左偏且从90度往正中间转且离墙最远转.csv,83,left_bias,far,start,1.631,17.0,20.0,-3.0,17.0,20.0,-3.0,0,1
左偏且从90度往正中间转且离墙最远转.csv,84,left_bias,far,start,1.651,16.0,29.0,-13.0,17.0,20.0,-3.0,0,1
左偏且从90度往正中间转且离墙最远转.csv,85,left_bias,far,start,1.671,17.0,21.0,-4.0,17.0,20.0,-3.0,0,1
左偏且从90度往正中间转且离墙最远转.csv,86,left_bias,far,start,1.691,18.0,33.0,-15.0,17.0,20.0,-3.0,0,1
左偏且从90度往正中间转且离墙最远转.csv,87,left_bias,far,start,1.711,17.0,21.0,-4.0,17.0,20.0,-3.0,0,1
左偏且从90度往正中间转且离墙最远转.csv,88,left_bias,far,start,1.731,17.0,20.0,-3.0,17.0,20.0,-3.0,0,1
左偏且从90度往正中间转且离墙最远转.csv,89,left_bias,far,start,1.751,22.0,20.0,2.0,17.0,20.0,-3.0,0,1
左偏且从90度往正中间转且离墙最远转.csv,90,left_bias,far,start,1.771,16.0,21.0,-5.0,17.0,21.0,-4.0,0,1
左偏且从90度往正中间转且离墙最远转.csv,91,left_bias,far,start,1.791,16.0,20.0,-4.0,17.0,21.0,-4.0,0,1
左偏且从90度往正中间转且离墙最远转.csv,92,left_bias,far,start,1.812,17.0,20.0,-3.0,17.0,21.0,-4.0,0,1
左偏且从90度往正中间转且离墙最远转.csv,93,left_bias,far,start,1.832,17.0,20.0,-3.0,17.0,20.0,-3.0,0,1
左偏且从90度往正中间转且离墙最远转.csv,94,left_bias,far,start,1.852,24.0,20.0,4.0,17.0,20.0,-3.0,0,1
左偏且从90度往正中间转且离墙最远转.csv,95,left_bias,far,start,1.872,19.0,19.0,0.0,17.0,20.0,-3.0,0,1
左偏且从90度往正中间转且离墙最远转.csv,96,left_bias,far,start,1.892,17.0,19.0,-2.0,17.0,20.0,-3.0,0,1
左偏且从90度往正中间转且离墙最远转.csv,97,left_bias,far,start,1.912,17.0,20.0,-3.0,17.0,20.0,-3.0,0,1
左偏且从90度往正中间转且离墙最远转.csv,98,left_bias,far,start,1.932,17.0,21.0,-4.0,17.0,20.0,-3.0,0,1
左偏且从90度往正中间转且离墙最远转.csv,99,left_bias,far,start,1.952,17.0,20.0,-3.0,17.0,20.0,-3.0,0,1
左偏且从90度往正中间转且离墙最远转.csv,100,left_bias,far,start,1.972,19.0,20.0,-1.0,17.0,20.0,-3.0,0,1
左偏且从90度往正中间转且离墙最远转.csv,101,left_bias,far,start,1.992,16.0,30.0,-14.0,17.0,20.0,-3.0,0,1
左偏且从90度往正中间转且离墙最远转.csv,102,left_bias,far,start,2.013,16.0,22.0,-6.0,17.0,20.0,-3.0,0,1
左偏且从90度往正中间转且离墙最远转.csv,103,left_bias,far,start,2.033,17.0,21.0,-4.0,17.0,20.0,-3.0,0,1
左偏且从90度往正中间转且离墙最远转.csv,104,left_bias,far,start,2.053,17.0,20.0,-3.0,17.0,20.0,-3.0,0,1
左偏且从90度往正中间转且离墙最远转.csv,105,left_bias,far,start,2.073,17.0,20.0,-3.0,17.0,20.0,-3.0,0,1
左偏且从90度往正中间转且离墙最远转.csv,106,left_bias,far,start,2.093,16.0,20.0,-4.0,17.0,20.0,-3.0,0,1
左偏且从90度往正中间转且离墙最远转.csv,107,left_bias,far,start,2.113,19.0,20.0,-1.0,17.0,20.0,-3.0,0,1
左偏且从90度往正中间转且离墙最远转.csv,108,left_bias,far,start,2.133,16.0,21.0,-5.0,17.0,20.0,-3.0,0,1
左偏且从90度往正中间转且离墙最远转.csv,109,left_bias,far,start,2.153,17.0,20.0,-3.0,17.0,20.0,-3.0,0,1
左偏且从90度往正中间转且离墙最远转.csv,110,left_bias,far,start,2.173,17.0,20.0,-3.0,17.0,20.0,-3.0,0,1
左偏且从90度往正中间转且离墙最远转.csv,111,left_bias,far,start,2.194,17.0,21.0,-4.0,17.0,20.0,-3.0,0,1
左偏且从90度往正中间转且离墙最远转.csv,112,left_bias,far,start,2.214,24.0,20.0,4.0,17.0,20.0,-3.0,0,1
左偏且从90度往正中间转且离墙最远转.csv,113,left_bias,far,start,2.234,17.0,20.0,-3.0,17.0,20.0,-3.0,0,1
左偏且从90度往正中间转且离墙最远转.csv,114,left_bias,far,start,2.254,16.0,20.0,-4.0,17.0,20.0,-3.0,0,1
左偏且从90度往正中间转且离墙最远转.csv,115,left_bias,far,start,2.274,17.0,20.0,-3.0,17.0,20.0,-3.0,0,1
左偏且从90度往正中间转且离墙最远转.csv,116,left_bias,far,start,2.294,17.0,20.0,-3.0,17.0,20.0,-3.0,0,1
左偏且从90度往正中间转且离墙最远转.csv,117,left_bias,far,start,2.314,18.0,20.0,-2.0,17.0,20.0,-3.0,0,1
左偏且从90度往正中间转且离墙最远转.csv,118,left_bias,far,start,2.334,17.0,20.0,-3.0,17.0,20.0,-3.0,0,1
左偏且从90度往正中间转且离墙最远转.csv,119,left_bias,far,start,2.355,17.0,20.0,-3.0,17.0,20.0,-3.0,0,1
左偏且从90度往正中间转且离墙最远转.csv,120,left_bias,far,start,2.375,16.0,20.0,-4.0,17.0,20.0,-3.0,0,1
左偏且从90度往正中间转且离墙最远转.csv,121,left_bias,far,start,2.395,17.0,19.0,-2.0,17.0,20.0,-3.0,0,1
左偏且从90度往正中间转且离墙最远转.csv,122,left_bias,far,start,2.415,16.0,20.0,-4.0,17.0,20.0,-3.0,0,1
左偏且从90度往正中间转且离墙最远转.csv,123,left_bias,far,start,2.435,16.0,20.0,-4.0,17.0,20.0,-3.0,0,1
左偏且从90度往正中间转且离墙最远转.csv,124,left_bias,far,start,2.456,16.0,20.0,-4.0,17.0,20.0,-3.0,0,1
左偏且从90度往正中间转且离墙最远转.csv,125,left_bias,far,start,2.476,16.0,21.0,-5.0,16.0,20.0,-4.0,0,1
左偏且从90度往正中间转且离墙最远转.csv,126,left_bias,far,start,2.496,16.0,20.0,-4.0,16.0,20.0,-4.0,0,1
左偏且从90度往正中间转且离墙最远转.csv,127,left_bias,far,start,2.516,16.0,20.0,-4.0,16.0,20.0,-4.0,0,1
左偏且从90度往正中间转且离墙最远转.csv,128,left_bias,far,start,2.536,16.0,20.0,-4.0,16.0,20.0,-4.0,0,1
左偏且从90度往正中间转且离墙最远转.csv,129,left_bias,far,start,2.557,17.0,21.0,-4.0,16.0,20.0,-4.0,0,1
左偏且从90度往正中间转且离墙最远转.csv,130,left_bias,far,start,2.577,17.0,20.0,-3.0,16.0,20.0,-4.0,0,1
左偏且从90度往正中间转且离墙最远转.csv,131,left_bias,far,start,2.597,17.0,20.0,-3.0,16.0,20.0,-4.0,0,1
左偏且从90度往正中间转且离墙最远转.csv,132,left_bias,far,start,2.617,17.0,20.0,-3.0,16.0,20.0,-4.0,0,1
左偏且从90度往正中间转且离墙最远转.csv,133,left_bias,far,start,2.637,17.0,21.0,-4.0,17.0,20.0,-3.0,0,1
左偏且从90度往正中间转且离墙最远转.csv,134,left_bias,far,start,2.658,17.0,28.0,-11.0,17.0,20.0,-3.0,0,1
左偏且从90度往正中间转且离墙最远转.csv,135,left_bias,far,start,2.678,16.0,20.0,-4.0,17.0,20.0,-3.0,0,1
左偏且从90度往正中间转且离墙最远转.csv,136,left_bias,far,start,2.698,17.0,21.0,-4.0,17.0,20.0,-3.0,0,1
左偏且从90度往正中间转且离墙最远转.csv,137,left_bias,far,start,2.718,17.0,19.0,-2.0,17.0,20.0,-3.0,0,1
左偏且从90度往正中间转且离墙最远转.csv,138,left_bias,far,start,2.738,17.0,21.0,-4.0,17.0,20.0,-3.0,0,1
左偏且从90度往正中间转且离墙最远转.csv,139,left_bias,far,start,2.759,17.0,19.0,-2.0,17.0,20.0,-3.0,0,1
左偏且从90度往正中间转且离墙最远转.csv,140,left_bias,far,start,2.779,17.0,20.0,-3.0,17.0,20.0,-3.0,0,1
左偏且从90度往正中间转且离墙最远转.csv,141,left_bias,far,start,2.799,16.0,20.0,-4.0,17.0,20.0,-3.0,0,1
左偏且从90度往正中间转且离墙最远转.csv,142,left_bias,far,start,2.819,18.0,20.0,-2.0,17.0,20.0,-3.0,0,1
左偏且从90度往正中间转且离墙最远转.csv,143,left_bias,far,start,2.839,17.0,20.0,-3.0,17.0,20.0,-3.0,0,1
左偏且从90度往正中间转且离墙最远转.csv,144,left_bias,far,start,2.859,16.0,20.0,-4.0,17.0,20.0,-3.0,0,1
左偏且从90度往正中间转且离墙最远转.csv,145,left_bias,far,start,2.879,17.0,20.0,-3.0,17.0,20.0,-3.0,0,1
左偏且从90度往正中间转且离墙最远转.csv,146,left_bias,far,start,2.899,21.0,20.0,1.0,17.0,20.0,-3.0,0,1
左偏且从90度往正中间转且离墙最远转.csv,147,left_bias,far,start,2.92,16.0,20.0,-4.0,17.0,20.0,-3.0,0,1
左偏且从90度往正中间转且离墙最远转.csv,148,left_bias,far,start,2.94,18.0,21.0,-3.0,17.0,20.0,-3.0,0,1
左偏且从90度往正中间转且离墙最远转.csv,149,left_bias,far,start,2.96,17.0,32.0,-15.0,17.0,20.0,-3.0,0,1
左偏且从90度往正中间转且离墙最远转.csv,150,left_bias,far,start,2.98,17.0,20.0,-3.0,17.0,20.0,-3.0,0,1
左偏且从90度往正中间转且离墙最远转.csv,151,left_bias,far,start,3.0,33.0,20.0,13.0,17.0,20.0,-3.0,0,1
左偏且从90度往正中间转且离墙最远转.csv,152,left_bias,far,start,3.02,17.0,20.0,-3.0,17.0,20.0,-3.0,0,1
左偏且从90度往正中间转且离墙最远转.csv,153,left_bias,far,start,3.04,17.0,21.0,-4.0,17.0,20.0,-3.0,0,1
左偏且从90度往正中间转且离墙最远转.csv,154,left_bias,far,start,3.06,25.0,20.0,5.0,17.0,20.0,-3.0,0,1
左偏且从90度往正中间转且离墙最远转.csv,155,left_bias,far,start,3.081,17.0,27.0,-10.0,17.0,20.0,-3.0,0,1
左偏且从90度往正中间转且离墙最远转.csv,156,left_bias,far,start,3.102,17.0,21.0,-4.0,17.0,21.0,-4.0,0,1
左偏且从90度往正中间转且离墙最远转.csv,157,left_bias,far,start,3.122,17.0,20.0,-3.0,17.0,20.0,-3.0,0,1
左偏且从90度往正中间转且离墙最远转.csv,158,left_bias,far,start,3.142,25.0,21.0,4.0,17.0,20.0,-3.0,0,1
左偏且从90度往正中间转且离墙最远转.csv,159,left_bias,far,start,3.162,16.0,21.0,-5.0,17.0,21.0,-4.0,0,1
左偏且从90度往正中间转且离墙最远转.csv,160,left_bias,far,start,3.182,33.0,34.0,-1.0,17.0,21.0,-4.0,0,1
左偏且从90度往正中间转且离墙最远转.csv,161,left_bias,far,start,3.202,16.0,24.0,-8.0,17.0,21.0,-4.0,0,1
左偏且从90度往正中间转且离墙最远转.csv,162,left_bias,far,start,3.223,17.0,20.0,-3.0,17.0,21.0,-4.0,0,1
左偏且从90度往正中间转且离墙最远转.csv,163,left_bias,far,start,3.243,16.0,20.0,-4.0,17.0,21.0,-4.0,0,1
左偏且从90度往正中间转且离墙最远转.csv,164,left_bias,far,start,3.263,16.0,20.0,-4.0,17.0,21.0,-4.0,0,1
左偏且从90度往正中间转且离墙最远转.csv,165,left_bias,far,start,3.283,26.0,20.0,6.0,17.0,20.0,-3.0,0,1
左偏且从90度往正中间转且离墙最远转.csv,166,left_bias,far,start,3.303,17.0,21.0,-4.0,17.0,21.0,-4.0,0,1
左偏且从90度往正中间转且离墙最远转.csv,167,left_bias,far,start,3.323,25.0,20.0,5.0,17.0,20.0,-3.0,0,1
左偏且从90度往正中间转且离墙最远转.csv,168,left_bias,far,start,3.343,17.0,21.0,-4.0,17.0,20.0,-3.0,0,1
左偏且从90度往正中间转且离墙最远转.csv,169,left_bias,far,start,3.363,17.0,20.0,-3.0,17.0,20.0,-3.0,0,1
左偏且从90度往正中间转且离墙最远转.csv,170,left_bias,far,start,3.383,16.0,20.0,-4.0,17.0,20.0,-3.0,0,1
左偏且从90度往正中间转且离墙最远转.csv,171,left_bias,far,start,3.403,17.0,20.0,-3.0,17.0,20.0,-3.0,0,1
左偏且从90度往正中间转且离墙最远转.csv,172,left_bias,far,start,3.423,25.0,21.0,4.0,17.0,20.0,-3.0,0,1
左偏且从90度往正中间转且离墙最远转.csv,173,left_bias,far,start,3.444,18.0,20.0,-2.0,17.0,20.0,-3.0,0,1
左偏且从90度往正中间转且离墙最远转.csv,174,left_bias,far,start,3.464,18.0,20.0,-2.0,17.0,20.0,-3.0,0,1
左偏且从90度往正中间转且离墙最远转.csv,175,left_bias,far,start,3.484,17.0,31.0,-14.0,17.0,20.0,-3.0,0,1
左偏且从90度往正中间转且离墙最远转.csv,176,left_bias,far,start,3.504,17.0,30.0,-13.0,17.0,20.0,-3.0,0,1
左偏且从90度往正中间转且离墙最远转.csv,177,left_bias,far,start,3.524,18.0,34.0,-16.0,17.0,20.0,-3.0,0,1
左偏且从90度往正中间转且离墙最远转.csv,178,left_bias,far,start,3.544,17.0,21.0,-4.0,17.0,21.0,-4.0,0,1
左偏且从90度往正中间转且离墙最远转.csv,179,left_bias,far,start,3.564,16.0,20.0,-4.0,17.0,21.0,-4.0,0,1
左偏且从90度往正中间转且离墙最远转.csv,180,left_bias,far,start,3.584,19.0,21.0,-2.0,18.0,21.0,-3.0,0,1
左偏且从90度往正中间转且离墙最远转.csv,181,left_bias,far,start,3.604,17.0,20.0,-3.0,17.0,21.0,-4.0,0,1
左偏且从90度往正中间转且离墙最远转.csv,182,left_bias,far,start,3.625,17.0,20.0,-3.0,17.0,21.0,-4.0,0,1
左偏且从90度往正中间转且离墙最远转.csv,183,left_bias,far,start,3.645,17.0,20.0,-3.0,17.0,21.0,-4.0,0,1
左偏且从90度往正中间转且离墙最远转.csv,184,left_bias,far,start,3.665,16.0,20.0,-4.0,17.0,20.0,-3.0,0,1
左偏且从90度往正中间转且离墙最远转.csv,185,left_bias,far,start,3.685,24.0,20.0,4.0,17.0,20.0,-3.0,0,1
左偏且从90度往正中间转且离墙最远转.csv,186,left_bias,far,start,3.705,17.0,20.0,-3.0,17.0,20.0,-3.0,0,1
左偏且从90度往正中间转且离墙最远转.csv,187,left_bias,far,start,3.725,17.0,21.0,-4.0,17.0,20.0,-3.0,0,1
左偏且从90度往正中间转且离墙最远转.csv,188,left_bias,far,start,3.745,16.0,21.0,-5.0,17.0,20.0,-3.0,0,1
左偏且从90度往正中间转且离墙最远转.csv,189,left_bias,far,start,3.765,16.0,20.0,-4.0,17.0,20.0,-3.0,0,1
左偏且从90度往正中间转且离墙最远转.csv,190,left_bias,far,start,3.785,32.0,20.0,12.0,17.0,20.0,-3.0,0,1
左偏且从90度往正中间转且离墙最远转.csv,191,left_bias,far,start,3.805,17.0,20.0,-3.0,17.0,20.0,-3.0,0,1
左偏且从90度往正中间转且离墙最远转.csv,192,left_bias,far,start,3.825,17.0,20.0,-3.0,17.0,20.0,-3.0,0,1
左偏且从90度往正中间转且离墙最远转.csv,193,left_bias,far,start,3.845,16.0,20.0,-4.0,17.0,20.0,-3.0,0,1
左偏且从90度往正中间转且离墙最远转.csv,194,left_bias,far,start,3.865,18.0,21.0,-3.0,17.0,20.0,-3.0,0,1
左偏且从90度往正中间转且离墙最远转.csv,195,left_bias,far,start,3.886,16.0,20.0,-4.0,17.0,20.0,-3.0,0,1
左偏且从90度往正中间转且离墙最远转.csv,196,left_bias,far,start,3.906,17.0,20.0,-3.0,17.0,20.0,-3.0,0,1
左偏且从90度往正中间转且离墙最远转.csv,197,left_bias,far,start,3.926,16.0,20.0,-4.0,17.0,20.0,-3.0,0,1
左偏且从90度往正中间转且离墙最远转.csv,198,left_bias,far,start,3.946,17.0,21.0,-4.0,17.0,20.0,-3.0,0,1
左偏且从90度往正中间转且离墙最远转.csv,199,left_bias,far,start,3.966,17.0,20.0,-3.0,17.0,20.0,-3.0,0,1
左偏且从90度往正中间转且离墙最远转.csv,200,left_bias,far,start,3.986,17.0,20.0,-3.0,17.0,20.0,-3.0,0,1
左偏且从90度往正中间转且离墙最远转.csv,201,left_bias,far,start,4.006,17.0,20.0,-3.0,17.0,20.0,-3.0,0,1
左偏且从90度往正中间转且离墙最远转.csv,202,left_bias,far,start,4.026,17.0,21.0,-4.0,17.0,20.0,-3.0,0,1
左偏且从90度往正中间转且离墙最远转.csv,203,left_bias,far,start,4.046,52.0,20.0,32.0,17.0,20.0,-3.0,0,1
左偏且从90度往正中间转且离墙最远转.csv,204,left_bias,far,start,4.066,23.0,19.0,4.0,17.0,20.0,-3.0,0,1
左偏且从90度往正中间转且离墙最远转.csv,205,left_bias,far,start,4.086,17.0,21.0,-4.0,17.0,20.0,-3.0,0,1
左偏且从90度往正中间转且离墙最远转.csv,206,left_bias,far,start,4.106,16.0,20.0,-4.0,17.0,20.0,-3.0,0,1
左偏且从90度往正中间转且离墙最远转.csv,207,left_bias,far,start,4.127,17.0,20.0,-3.0,17.0,20.0,-3.0,0,1
左偏且从90度往正中间转且离墙最远转.csv,208,left_bias,far,start,4.147,17.0,21.0,-4.0,17.0,20.0,-3.0,0,1
左偏且从90度往正中间转且离墙最远转.csv,209,left_bias,far,start,4.167,17.0,20.0,-3.0,17.0,20.0,-3.0,0,1
左偏且从90度往正中间转且离墙最远转.csv,210,left_bias,far,start,4.187,18.0,20.0,-2.0,17.0,20.0,-3.0,0,1
左偏且从90度往正中间转且离墙最远转.csv,211,left_bias,far,start,4.207,16.0,21.0,-5.0,17.0,20.0,-3.0,0,1
左偏且从90度往正中间转且离墙最远转.csv,212,left_bias,far,start,4.227,16.0,20.0,-4.0,17.0,20.0,-3.0,0,1
左偏且从90度往正中间转且离墙最远转.csv,213,left_bias,far,start,4.247,17.0,21.0,-4.0,17.0,20.0,-3.0,0,1
左偏且从90度往正中间转且离墙最远转.csv,214,left_bias,far,start,4.267,17.0,20.0,-3.0,17.0,20.0,-3.0,0,1
左偏且从90度往正中间转且离墙最远转.csv,215,left_bias,far,start,4.287,16.0,20.0,-4.0,17.0,20.0,-3.0,0,1
左偏且从90度往正中间转且离墙最远转.csv,216,left_bias,far,start,4.307,25.0,20.0,5.0,17.0,20.0,-3.0,0,1
左偏且从90度往正中间转且离墙最远转.csv,217,left_bias,far,start,4.327,17.0,21.0,-4.0,17.0,20.0,-3.0,0,1
左偏且从90度往正中间转且离墙最远转.csv,218,left_bias,far,start,4.347,17.0,21.0,-4.0,17.0,20.0,-3.0,0,1
左偏且从90度往正中间转且离墙最远转.csv,219,left_bias,far,start,4.367,17.0,20.0,-3.0,17.0,20.0,-3.0,0,1
左偏且从90度往正中间转且离墙最远转.csv,220,left_bias,far,start,4.388,16.0,20.0,-4.0,17.0,20.0,-3.0,0,1
左偏且从90度往正中间转且离墙最远转.csv,221,left_bias,far,start,4.408,41.0,20.0,21.0,17.0,20.0,-3.0,0,1
左偏且从90度往正中间转且离墙最远转.csv,222,left_bias,far,start,4.428,16.0,20.0,-4.0,17.0,20.0,-3.0,0,1
左偏且从90度往正中间转且离墙最远转.csv,223,left_bias,far,start,4.448,17.0,20.0,-3.0,17.0,20.0,-3.0,0,1
左偏且从90度往正中间转且离墙最远转.csv,224,left_bias,far,start,4.468,16.0,20.0,-4.0,17.0,20.0,-3.0,0,1
左偏且从90度往正中间转且离墙最远转.csv,225,left_bias,far,start,4.488,18.0,32.0,-14.0,17.0,20.0,-3.0,0,1
左偏且从90度往正中间转且离墙最远转.csv,226,left_bias,far,start,4.508,17.0,22.0,-5.0,17.0,20.0,-3.0,0,1
左偏且从90度往正中间转且离墙最远转.csv,227,left_bias,far,start,4.528,16.0,20.0,-4.0,17.0,20.0,-3.0,0,1
左偏且从90度往正中间转且离墙最远转.csv,228,left_bias,far,start,4.548,16.0,20.0,-4.0,16.0,20.0,-4.0,0,1
左偏且从90度往正中间转且离墙最远转.csv,229,left_bias,far,start,4.568,17.0,21.0,-4.0,17.0,20.0,-3.0,0,1
左偏且从90度往正中间转且离墙最远转.csv,230,left_bias,far,start,4.588,17.0,20.0,-3.0,17.0,20.0,-3.0,0,1
左偏且从90度往正中间转且离墙最远转.csv,231,left_bias,far,start,4.608,23.0,20.0,3.0,17.0,20.0,-3.0,0,1
左偏且从90度往正中间转且离墙最远转.csv,232,left_bias,far,start,4.629,17.0,19.0,-2.0,17.0,20.0,-3.0,0,1
左偏且从90度往正中间转且离墙最远转.csv,233,left_bias,far,start,4.649,25.0,20.0,5.0,17.0,20.0,-3.0,0,1
左偏且从90度往正中间转且离墙最远转.csv,234,left_bias,far,start,4.669,17.0,20.0,-3.0,17.0,20.0,-3.0,0,1
左偏且从90度往正中间转且离墙最远转.csv,235,left_bias,far,start,4.689,17.0,20.0,-3.0,17.0,20.0,-3.0,0,1
左偏且从90度往正中间转且离墙最远转.csv,236,left_bias,far,start,4.709,18.0,20.0,-2.0,17.0,20.0,-3.0,0,1
左偏且从90度往正中间转且离墙最远转.csv,237,left_bias,far,start,4.729,17.0,20.0,-3.0,17.0,20.0,-3.0,0,1
左偏且从90度往正中间转且离墙最远转.csv,238,left_bias,far,start,4.749,16.0,20.0,-4.0,17.0,20.0,-3.0,0,1
左偏且从90度往正中间转且离墙最远转.csv,239,left_bias,far,start,4.769,19.0,20.0,-1.0,17.0,20.0,-3.0,0,1
左偏且从90度往正中间转且离墙最远转.csv,240,left_bias,far,start,4.789,17.0,20.0,-3.0,17.0,20.0,-3.0,0,1
左偏且从90度往正中间转且离墙最远转.csv,241,left_bias,far,start,4.81,17.0,33.0,-16.0,17.0,20.0,-3.0,0,1
左偏且从90度往正中间转且离墙最远转.csv,242,left_bias,far,transition,4.83,16.0,27.0,-11.0,17.0,20.0,-3.0,0,1
左偏且从90度往正中间转且离墙最远转.csv,243,left_bias,far,transition,4.85,27.0,32.0,-5.0,17.0,20.0,-3.0,0,1
左偏且从90度往正中间转且离墙最远转.csv,244,left_bias,far,transition,4.87,19.0,21.0,-2.0,17.0,20.0,-3.0,0,1
左偏且从90度往正中间转且离墙最远转.csv,245,left_bias,far,transition,4.89,16.0,20.0,-4.0,17.0,20.0,-3.0,0,1
左偏且从90度往正中间转且离墙最远转.csv,246,left_bias,far,transition,4.91,100.0,20.0,80.0,17.0,20.0,-3.0,0,1
左偏且从90度往正中间转且离墙最远转.csv,247,left_bias,far,transition,4.93,17.0,20.0,-3.0,17.0,20.0,-3.0,0,1
左偏且从90度往正中间转且离墙最远转.csv,248,left_bias,far,transition,4.95,17.0,21.0,-4.0,17.0,21.0,-4.0,0,1
左偏且从90度往正中间转且离墙最远转.csv,249,left_bias,far,transition,4.97,16.0,20.0,-4.0,17.0,21.0,-4.0,0,1
左偏且从90度往正中间转且离墙最远转.csv,250,left_bias,far,transition,4.99,16.0,20.0,-4.0,17.0,20.0,-3.0,0,1
左偏且从90度往正中间转且离墙最远转.csv,251,left_bias,far,transition,5.011,17.0,20.0,-3.0,17.0,20.0,-3.0,0,1
左偏且从90度往正中间转且离墙最远转.csv,252,left_bias,far,transition,5.031,17.0,20.0,-3.0,17.0,20.0,-3.0,0,1
左偏且从90度往正中间转且离墙最远转.csv,253,left_bias,far,transition,5.051,17.0,20.0,-3.0,17.0,20.0,-3.0,0,1
左偏且从90度往正中间转且离墙最远转.csv,254,left_bias,far,transition,5.071,17.0,20.0,-3.0,17.0,20.0,-3.0,0,1
左偏且从90度往正中间转且离墙最远转.csv,255,left_bias,far,transition,5.091,17.0,20.0,-3.0,17.0,20.0,-3.0,0,1
左偏且从90度往正中间转且离墙最远转.csv,256,left_bias,far,transition,5.111,16.0,20.0,-4.0,17.0,20.0,-3.0,0,1
左偏且从90度往正中间转且离墙最远转.csv,257,left_bias,far,transition,5.131,20.0,20.0,0.0,17.0,20.0,-3.0,0,1
左偏且从90度往正中间转且离墙最远转.csv,258,left_bias,far,transition,5.151,17.0,31.0,-14.0,17.0,20.0,-3.0,0,1
左偏且从90度往正中间转且离墙最远转.csv,259,left_bias,far,transition,5.171,17.0,22.0,-5.0,17.0,20.0,-3.0,0,1
左偏且从90度往正中间转且离墙最远转.csv,260,left_bias,far,transition,5.192,16.0,20.0,-4.0,17.0,20.0,-3.0,0,1
左偏且从90度往正中间转且离墙最远转.csv,261,left_bias,far,transition,5.212,17.0,21.0,-4.0,17.0,20.0,-3.0,0,1
左偏且从90度往正中间转且离墙最远转.csv,262,left_bias,far,transition,5.232,25.0,20.0,5.0,17.0,20.0,-3.0,0,1
左偏且从90度往正中间转且离墙最远转.csv,263,left_bias,far,transition,5.252,17.0,21.0,-4.0,17.0,20.0,-3.0,0,1
左偏且从90度往正中间转且离墙最远转.csv,264,left_bias,far,transition,5.272,17.0,19.0,-2.0,17.0,20.0,-3.0,0,1
左偏且从90度往正中间转且离墙最远转.csv,265,left_bias,far,transition,5.292,17.0,20.0,-3.0,17.0,20.0,-3.0,0,1
左偏且从90度往正中间转且离墙最远转.csv,266,left_bias,far,transition,5.312,26.0,20.0,6.0,17.0,20.0,-3.0,0,1
左偏且从90度往正中间转且离墙最远转.csv,267,left_bias,far,transition,5.332,17.0,20.0,-3.0,17.0,20.0,-3.0,0,1
左偏且从90度往正中间转且离墙最远转.csv,268,left_bias,far,transition,5.352,16.0,21.0,-5.0,17.0,20.0,-3.0,0,1
左偏且从90度往正中间转且离墙最远转.csv,269,left_bias,far,transition,5.373,17.0,19.0,-2.0,17.0,20.0,-3.0,0,1
左偏且从90度往正中间转且离墙最远转.csv,270,left_bias,far,transition,5.393,19.0,20.0,-1.0,17.0,20.0,-3.0,0,1
左偏且从90度往正中间转且离墙最远转.csv,271,left_bias,far,transition,5.413,17.0,20.0,-3.0,17.0,20.0,-3.0,0,1
左偏且从90度往正中间转且离墙最远转.csv,272,left_bias,far,transition,5.433,17.0,20.0,-3.0,17.0,20.0,-3.0,0,1
左偏且从90度往正中间转且离墙最远转.csv,273,left_bias,far,transition,5.453,27.0,20.0,7.0,17.0,20.0,-3.0,0,1
左偏且从90度往正中间转且离墙最远转.csv,274,left_bias,far,transition,5.473,17.0,20.0,-3.0,17.0,20.0,-3.0,0,1
左偏且从90度往正中间转且离墙最远转.csv,275,left_bias,far,transition,5.493,24.0,22.0,2.0,17.0,20.0,-3.0,0,1
左偏且从90度往正中间转且离墙最远转.csv,276,left_bias,far,transition,5.513,17.0,20.0,-3.0,17.0,20.0,-3.0,0,1
左偏且从90度往正中间转且离墙最远转.csv,277,left_bias,far,transition,5.533,17.0,20.0,-3.0,17.0,20.0,-3.0,0,1
左偏且从90度往正中间转且离墙最远转.csv,278,left_bias,far,transition,5.553,16.0,19.0,-3.0,17.0,20.0,-3.0,0,1
左偏且从90度往正中间转且离墙最远转.csv,279,left_bias,far,transition,5.574,17.0,20.0,-3.0,17.0,20.0,-3.0,0,1
左偏且从90度往正中间转且离墙最远转.csv,280,left_bias,far,transition,5.594,25.0,28.0,-3.0,17.0,20.0,-3.0,0,1
左偏且从90度往正中间转且离墙最远转.csv,281,left_bias,far,transition,5.614,16.0,19.0,-3.0,17.0,20.0,-3.0,0,1
左偏且从90度往正中间转且离墙最远转.csv,282,left_bias,far,transition,5.634,17.0,20.0,-3.0,17.0,20.0,-3.0,0,1
左偏且从90度往正中间转且离墙最远转.csv,283,left_bias,far,transition,5.654,23.0,20.0,3.0,17.0,20.0,-3.0,0,1
左偏且从90度往正中间转且离墙最远转.csv,284,left_bias,far,transition,5.674,17.0,20.0,-3.0,17.0,20.0,-3.0,0,1
左偏且从90度往正中间转且离墙最远转.csv,285,left_bias,far,transition,5.694,17.0,20.0,-3.0,17.0,20.0,-3.0,0,1
左偏且从90度往正中间转且离墙最远转.csv,286,left_bias,far,transition,5.714,16.0,20.0,-4.0,17.0,20.0,-3.0,0,1
左偏且从90度往正中间转且离墙最远转.csv,287,left_bias,far,transition,5.734,16.0,21.0,-5.0,17.0,20.0,-3.0,0,1
左偏且从90度往正中间转且离墙最远转.csv,288,left_bias,far,transition,5.754,21.0,20.0,1.0,17.0,20.0,-3.0,0,1
左偏且从90度往正中间转且离墙最远转.csv,289,left_bias,far,transition,5.775,26.0,20.0,6.0,17.0,20.0,-3.0,0,1
左偏且从90度往正中间转且离墙最远转.csv,290,left_bias,far,transition,5.795,16.0,20.0,-4.0,17.0,20.0,-3.0,0,1
左偏且从90度往正中间转且离墙最远转.csv,291,left_bias,far,transition,5.815,33.0,20.0,13.0,17.0,20.0,-3.0,0,1
左偏且从90度往正中间转且离墙最远转.csv,292,left_bias,far,transition,5.835,17.0,21.0,-4.0,17.0,20.0,-3.0,0,1
左偏且从90度往正中间转且离墙最远转.csv,293,left_bias,far,transition,5.855,24.0,20.0,4.0,17.0,20.0,-3.0,0,1
左偏且从90度往正中间转且离墙最远转.csv,294,left_bias,far,transition,5.875,18.0,21.0,-3.0,18.0,20.0,-2.0,0,1
左偏且从90度往正中间转且离墙最远转.csv,295,left_bias,far,transition,5.895,17.0,32.0,-15.0,18.0,20.0,-2.0,0,1
左偏且从90度往正中间转且离墙最远转.csv,296,left_bias,far,transition,5.915,19.0,20.0,-1.0,19.0,20.0,-1.0,0,1
左偏且从90度往正中间转且离墙最远转.csv,297,left_bias,far,transition,5.935,16.0,20.0,-4.0,18.0,20.0,-2.0,0,1
左偏且从90度往正中间转且离墙最远转.csv,298,left_bias,far,transition,5.956,52.0,20.0,32.0,18.0,20.0,-2.0,0,1
左偏且从90度往正中间转且离墙最远转.csv,299,left_bias,far,transition,5.976,17.0,20.0,-3.0,18.0,20.0,-2.0,0,1
左偏且从90度往正中间转且离墙最远转.csv,300,left_bias,far,transition,5.996,17.0,21.0,-4.0,17.0,20.0,-3.0,0,1
左偏且从90度往正中间转且离墙最远转.csv,301,left_bias,far,transition,6.016,17.0,20.0,-3.0,17.0,20.0,-3.0,0,1
左偏且从90度往正中间转且离墙最远转.csv,302,left_bias,far,transition,6.036,17.0,20.0,-3.0,17.0,20.0,-3.0,0,1
左偏且从90度往正中间转且离墙最远转.csv,303,left_bias,far,transition,6.056,16.0,20.0,-4.0,17.0,20.0,-3.0,0,1
左偏且从90度往正中间转且离墙最远转.csv,304,left_bias,far,transition,6.076,16.0,20.0,-4.0,17.0,20.0,-3.0,0,1
左偏且从90度往正中间转且离墙最远转.csv,305,left_bias,far,transition,6.096,16.0,20.0,-4.0,17.0,20.0,-3.0,0,1
左偏且从90度往正中间转且离墙最远转.csv,306,left_bias,far,transition,6.116,23.0,20.0,3.0,17.0,20.0,-3.0,0,1
左偏且从90度往正中间转且离墙最远转.csv,307,left_bias,far,transition,6.136,17.0,20.0,-3.0,17.0,20.0,-3.0,0,1
左偏且从90度往正中间转且离墙最远转.csv,308,left_bias,far,transition,6.157,16.0,23.0,-7.0,17.0,20.0,-3.0,0,1
左偏且从90度往正中间转且离墙最远转.csv,309,left_bias,far,transition,6.177,17.0,20.0,-3.0,17.0,20.0,-3.0,0,1
左偏且从90度往正中间转且离墙最远转.csv,310,left_bias,far,transition,6.197,16.0,20.0,-4.0,16.0,20.0,-4.0,0,1
左偏且从90度往正中间转且离墙最远转.csv,311,left_bias,far,transition,6.217,17.0,20.0,-3.0,16.0,20.0,-4.0,0,1
左偏且从90度往正中间转且离墙最远转.csv,312,left_bias,far,transition,6.237,16.0,20.0,-4.0,16.0,20.0,-4.0,0,1
左偏且从90度往正中间转且离墙最远转.csv,313,left_bias,far,transition,6.257,17.0,24.0,-7.0,17.0,20.0,-3.0,0,1
左偏且从90度往正中间转且离墙最远转.csv,314,left_bias,far,transition,6.277,16.0,20.0,-4.0,17.0,20.0,-3.0,0,1
左偏且从90度往正中间转且离墙最远转.csv,315,left_bias,far,transition,6.297,17.0,20.0,-3.0,17.0,20.0,-3.0,0,1
左偏且从90度往正中间转且离墙最远转.csv,316,left_bias,far,transition,6.317,18.0,20.0,-2.0,17.0,20.0,-3.0,0,1
左偏且从90度往正中间转且离墙最远转.csv,317,left_bias,far,transition,6.338,17.0,20.0,-3.0,17.0,20.0,-3.0,0,1
左偏且从90度往正中间转且离墙最远转.csv,318,left_bias,far,transition,6.358,17.0,20.0,-3.0,17.0,20.0,-3.0,0,1
左偏且从90度往正中间转且离墙最远转.csv,319,left_bias,far,transition,6.378,22.0,21.0,1.0,17.0,20.0,-3.0,0,1
左偏且从90度往正中间转且离墙最远转.csv,320,left_bias,far,transition,6.398,16.0,20.0,-4.0,17.0,20.0,-3.0,0,1
左偏且从90度往正中间转且离墙最远转.csv,321,left_bias,far,transition,6.418,17.0,20.0,-3.0,17.0,20.0,-3.0,0,1
左偏且从90度往正中间转且离墙最远转.csv,322,left_bias,far,transition,6.438,17.0,20.0,-3.0,17.0,20.0,-3.0,0,1
左偏且从90度往正中间转且离墙最远转.csv,323,left_bias,far,transition,6.458,16.0,21.0,-5.0,17.0,20.0,-3.0,0,1
左偏且从90度往正中间转且离墙最远转.csv,324,left_bias,far,transition,6.478,25.0,20.0,5.0,17.0,20.0,-3.0,0,1
左偏且从90度往正中间转且离墙最远转.csv,325,left_bias,far,transition,6.499,16.0,21.0,-5.0,17.0,20.0,-3.0,0,1
左偏且从90度往正中间转且离墙最远转.csv,326,left_bias,far,transition,6.519,17.0,20.0,-3.0,17.0,20.0,-3.0,0,1
左偏且从90度往正中间转且离墙最远转.csv,327,left_bias,far,transition,6.539,16.0,20.0,-4.0,17.0,20.0,-3.0,0,1
左偏且从90度往正中间转且离墙最远转.csv,328,left_bias,far,transition,6.559,16.0,21.0,-5.0,16.0,20.0,-4.0,0,1
左偏且从90度往正中间转且离墙最远转.csv,329,left_bias,far,transition,6.579,25.0,32.0,-7.0,17.0,20.0,-3.0,0,1
左偏且从90度往正中间转且离墙最远转.csv,330,left_bias,far,transition,6.599,16.0,29.0,-13.0,16.0,21.0,-5.0,0,1
左偏且从90度往正中间转且离墙最远转.csv,331,left_bias,far,transition,6.619,17.0,20.0,-3.0,16.0,21.0,-5.0,0,1
左偏且从90度往正中间转且离墙最远转.csv,332,left_bias,far,transition,6.639,20.0,20.0,0.0,17.0,20.0,-3.0,0,1
左偏且从90度往正中间转且离墙最远转.csv,333,left_bias,far,transition,6.659,16.0,20.0,-4.0,16.0,20.0,-4.0,0,1
左偏且从90度往正中间转且离墙最远转.csv,334,left_bias,far,transition,6.68,17.0,21.0,-4.0,17.0,20.0,-3.0,0,1
左偏且从90度往正中间转且离墙最远转.csv,335,left_bias,far,transition,6.7,17.0,19.0,-2.0,17.0,20.0,-3.0,0,1
左偏且从90度往正中间转且离墙最远转.csv,336,left_bias,far,transition,6.72,17.0,20.0,-3.0,17.0,20.0,-3.0,0,1
左偏且从90度往正中间转且离墙最远转.csv,337,left_bias,far,transition,6.74,17.0,20.0,-3.0,17.0,20.0,-3.0,0,1
左偏且从90度往正中间转且离墙最远转.csv,338,left_bias,far,transition,6.76,16.0,20.0,-4.0,17.0,20.0,-3.0,0,1
左偏且从90度往正中间转且离墙最远转.csv,339,left_bias,far,transition,6.78,25.0,20.0,5.0,17.0,20.0,-3.0,0,1
左偏且从90度往正中间转且离墙最远转.csv,340,left_bias,far,transition,6.8,25.0,21.0,4.0,17.0,20.0,-3.0,0,1
左偏且从90度往正中间转且离墙最远转.csv,341,left_bias,far,transition,6.82,16.0,20.0,-4.0,17.0,20.0,-3.0,0,1
左偏且从90度往正中间转且离墙最远转.csv,342,left_bias,far,transition,6.841,19.0,20.0,-1.0,17.0,20.0,-3.0,0,1
左偏且从90度往正中间转且离墙最远转.csv,343,left_bias,far,transition,6.861,17.0,20.0,-3.0,17.0,20.0,-3.0,0,1
左偏且从90度往正中间转且离墙最远转.csv,344,left_bias,far,transition,6.881,16.0,20.0,-4.0,17.0,20.0,-3.0,0,1
左偏且从90度往正中间转且离墙最远转.csv,345,left_bias,far,transition,6.901,16.0,21.0,-5.0,17.0,20.0,-3.0,0,1
左偏且从90度往正中间转且离墙最远转.csv,346,left_bias,far,transition,6.921,17.0,20.0,-3.0,17.0,20.0,-3.0,0,1
左偏且从90度往正中间转且离墙最远转.csv,347,left_bias,far,transition,6.941,16.0,21.0,-5.0,17.0,20.0,-3.0,0,1
左偏且从90度往正中间转且离墙最远转.csv,348,left_bias,far,transition,6.961,16.0,20.0,-4.0,16.0,20.0,-4.0,0,1
左偏且从90度往正中间转且离墙最远转.csv,349,left_bias,far,transition,6.981,84.0,21.0,63.0,16.0,20.0,-4.0,0,1
左偏且从90度往正中间转且离墙最远转.csv,350,left_bias,far,transition,7.001,16.0,26.0,-10.0,16.0,20.0,-4.0,0,1
左偏且从90度往正中间转且离墙最远转.csv,351,left_bias,far,transition,7.022,17.0,32.0,-15.0,16.0,21.0,-5.0,0,1
左偏且从90度往正中间转且离墙最远转.csv,352,left_bias,far,transition,7.042,17.0,20.0,-3.0,16.0,21.0,-5.0,0,1
左偏且从90度往正中间转且离墙最远转.csv,353,left_bias,far,transition,7.062,16.0,20.0,-4.0,16.0,21.0,-5.0,0,1
左偏且从90度往正中间转且离墙最远转.csv,354,left_bias,far,transition,7.082,33.0,21.0,12.0,17.0,21.0,-4.0,0,1
左偏且从90度往正中间转且离墙最远转.csv,355,left_bias,far,transition,7.102,17.0,20.0,-3.0,17.0,21.0,-4.0,0,1
左偏且从90度往正中间转且离墙最远转.csv,356,left_bias,far,transition,7.122,18.0,20.0,-2.0,17.0,20.0,-3.0,0,1
左偏且从90度往正中间转且离墙最远转.csv,357,left_bias,far,transition,7.142,16.0,21.0,-5.0,17.0,21.0,-4.0,0,1
左偏且从90度往正中间转且离墙最远转.csv,358,left_bias,far,transition,7.162,17.0,20.0,-3.0,17.0,20.0,-3.0,0,1
左偏且从90度往正中间转且离墙最远转.csv,359,left_bias,far,transition,7.182,16.0,20.0,-4.0,17.0,20.0,-3.0,0,1
左偏且从90度往正中间转且离墙最远转.csv,360,left_bias,far,transition,7.203,17.0,20.0,-3.0,17.0,20.0,-3.0,0,1
左偏且从90度往正中间转且离墙最远转.csv,361,left_bias,far,transition,7.223,16.0,21.0,-5.0,17.0,20.0,-3.0,0,1
左偏且从90度往正中间转且离墙最远转.csv,362,left_bias,far,transition,7.243,17.0,20.0,-3.0,17.0,20.0,-3.0,0,1
左偏且从90度往正中间转且离墙最远转.csv,363,left_bias,far,transition,7.263,16.0,20.0,-4.0,17.0,20.0,-3.0,0,1
左偏且从90度往正中间转且离墙最远转.csv,364,left_bias,far,transition,7.283,17.0,20.0,-3.0,17.0,20.0,-3.0,0,1
左偏且从90度往正中间转且离墙最远转.csv,365,left_bias,far,transition,7.303,17.0,20.0,-3.0,17.0,20.0,-3.0,0,1
左偏且从90度往正中间转且离墙最远转.csv,366,left_bias,far,transition,7.323,34.0,20.0,14.0,17.0,20.0,-3.0,0,1
左偏且从90度往正中间转且离墙最远转.csv,367,left_bias,far,transition,7.343,100.0,21.0,79.0,17.0,20.0,-3.0,0,1
左偏且从90度往正中间转且离墙最远转.csv,368,left_bias,far,transition,7.364,17.0,21.0,-4.0,17.0,20.0,-3.0,0,1
左偏且从90度往正中间转且离墙最远转.csv,369,left_bias,far,transition,7.384,17.0,20.0,-3.0,17.0,20.0,-3.0,0,1
左偏且从90度往正中间转且离墙最远转.csv,370,left_bias,far,transition,7.404,17.0,20.0,-3.0,17.0,20.0,-3.0,0,1
左偏且从90度往正中间转且离墙最远转.csv,371,left_bias,far,transition,7.424,16.0,25.0,-9.0,17.0,20.0,-3.0,0,1
左偏且从90度往正中间转且离墙最远转.csv,372,left_bias,far,transition,7.444,23.0,32.0,-9.0,17.0,20.0,-3.0,0,1
左偏且从90度往正中间转且离墙最远转.csv,373,left_bias,far,transition,7.464,20.0,20.0,0.0,17.0,20.0,-3.0,0,1
左偏且从90度往正中间转且离墙最远转.csv,374,left_bias,far,transition,7.484,182.0,20.0,162.0,20.0,20.0,0.0,0,1
左偏且从90度往正中间转且离墙最远转.csv,375,left_bias,far,transition,7.504,16.0,20.0,-4.0,17.0,20.0,-3.0,0,1
左偏且从90度往正中间转且离墙最远转.csv,376,left_bias,far,transition,7.524,17.0,19.0,-2.0,17.0,20.0,-3.0,0,1
左偏且从90度往正中间转且离墙最远转.csv,377,left_bias,far,transition,7.545,25.0,20.0,5.0,17.0,20.0,-3.0,0,1
左偏且从90度往正中间转且离墙最远转.csv,378,left_bias,far,transition,7.565,17.0,20.0,-3.0,17.0,20.0,-3.0,0,1
左偏且从90度往正中间转且离墙最远转.csv,379,left_bias,far,transition,7.585,19.0,20.0,-1.0,19.0,20.0,-1.0,0,1
左偏且从90度往正中间转且离墙最远转.csv,380,left_bias,far,transition,7.605,17.0,20.0,-3.0,19.0,20.0,-1.0,0,1
左偏且从90度往正中间转且离墙最远转.csv,381,left_bias,far,transition,7.625,17.0,20.0,-3.0,17.0,20.0,-3.0,0,1
左偏且从90度往正中间转且离墙最远转.csv,382,left_bias,far,transition,7.645,17.0,20.0,-3.0,17.0,20.0,-3.0,0,1
左偏且从90度往正中间转且离墙最远转.csv,383,left_bias,far,transition,7.665,17.0,19.0,-2.0,17.0,20.0,-3.0,0,1
左偏且从90度往正中间转且离墙最远转.csv,384,left_bias,far,transition,7.685,41.0,20.0,21.0,17.0,20.0,-3.0,0,1
左偏且从90度往正中间转且离墙最远转.csv,385,left_bias,far,transition,7.705,75.0,20.0,55.0,17.0,20.0,-3.0,0,1
左偏且从90度往正中间转且离墙最远转.csv,386,left_bias,far,transition,7.726,27.0,20.0,7.0,17.0,20.0,-3.0,0,1
左偏且从90度往正中间转且离墙最远转.csv,387,left_bias,far,transition,7.746,17.0,20.0,-3.0,17.0,20.0,-3.0,0,1
左偏且从90度往正中间转且离墙最远转.csv,388,left_bias,far,transition,7.766,17.0,20.0,-3.0,17.0,20.0,-3.0,0,1
左偏且从90度往正中间转且离墙最远转.csv,389,left_bias,far,transition,7.786,17.0,33.0,-16.0,17.0,20.0,-3.0,0,1
左偏且从90度往正中间转且离墙最远转.csv,390,left_bias,far,transition,7.806,51.0,20.0,31.0,17.0,20.0,-3.0,0,1
左偏且从90度往正中间转且离墙最远转.csv,391,left_bias,far,transition,7.826,101.0,21.0,80.0,27.0,20.0,7.0,0,1
左偏且从90度往正中间转且离墙最远转.csv,392,left_bias,far,transition,7.846,167.0,19.0,148.0,41.0,20.0,21.0,0,1
左偏且从90度往正中间转且离墙最远转.csv,393,left_bias,far,transition,7.866,24.0,28.0,-4.0,27.0,20.0,7.0,0,1
左偏且从90度往正中间转且离墙最远转.csv,394,left_bias,far,transition,7.886,19.0,20.0,-1.0,24.0,20.0,4.0,0,1
左偏且从90度往正中间转且离墙最远转.csv,395,left_bias,far,transition,7.907,16.0,20.0,-4.0,19.0,20.0,-1.0,0,1
左偏且从90度往正中间转且离墙最远转.csv,396,left_bias,far,transition,7.927,17.0,20.0,-3.0,19.0,20.0,-1.0,0,1
左偏且从90度往正中间转且离墙最远转.csv,397,left_bias,far,transition,7.947,67.0,20.0,47.0,24.0,20.0,4.0,0,1
左偏且从90度往正中间转且离墙最远转.csv,398,left_bias,far,transition,7.967,19.0,20.0,-1.0,24.0,20.0,4.0,0,1
左偏且从90度往正中间转且离墙最远转.csv,399,left_bias,far,transition,7.987,17.0,20.0,-3.0,19.0,20.0,-1.0,0,1
左偏且从90度往正中间转且离墙最远转.csv,400,left_bias,far,transition,8.007,17.0,20.0,-3.0,19.0,20.0,-1.0,0,1
左偏且从90度往正中间转且离墙最远转.csv,401,left_bias,far,transition,8.027,100.0,20.0,80.0,19.0,20.0,-1.0,0,1
左偏且从90度往正中间转且离墙最远转.csv,402,left_bias,far,transition,8.047,41.0,20.0,21.0,19.0,20.0,-1.0,0,1
左偏且从90度往正中间转且离墙最远转.csv,403,left_bias,far,transition,8.068,82.0,20.0,62.0,19.0,20.0,-1.0,0,1
左偏且从90度往正中间转且离墙最远转.csv,404,left_bias,far,transition,8.088,18.0,21.0,-3.0,19.0,20.0,-1.0,0,1
左偏且从90度往正中间转且离墙最远转.csv,405,left_bias,far,transition,8.108,16.0,20.0,-4.0,19.0,20.0,-1.0,0,1
左偏且从90度往正中间转且离墙最远转.csv,406,left_bias,far,transition,8.128,17.0,19.0,-2.0,18.0,20.0,-2.0,0,1
左偏且从90度往正中间转且离墙最远转.csv,407,left_bias,far,transition,8.148,133.0,21.0,112.0,18.0,20.0,-2.0,0,1
左偏且从90度往正中间转且离墙最远转.csv,408,left_bias,far,transition,8.168,19.0,20.0,-1.0,19.0,20.0,-1.0,0,1
左偏且从90度往正中间转且离墙最远转.csv,409,left_bias,far,transition,8.188,53.0,23.0,30.0,41.0,20.0,21.0,0,1
左偏且从90度往正中间转且离墙最远转.csv,410,left_bias,far,transition,8.208,168.0,32.0,136.0,41.0,20.0,21.0,0,1
左偏且从90度往正中间转且离墙最远转.csv,411,left_bias,far,transition,8.228,19.0,20.0,-1.0,19.0,20.0,-1.0,0,1
左偏且从90度往正中间转且离墙最远转.csv,412,left_bias,far,transition,8.249,16.0,19.0,-3.0,19.0,20.0,-1.0,0,1
左偏且从90度往正中间转且离墙最远转.csv,413,left_bias,far,transition,8.269,26.0,19.0,7.0,19.0,20.0,-1.0,0,1
左偏且从90度往正中间转且离墙最远转.csv,414,left_bias,far,transition,8.289,17.0,20.0,-3.0,19.0,20.0,-1.0,0,1
左偏且从90度往正中间转且离墙最远转.csv,415,left_bias,far,transition,8.309,17.0,21.0,-4.0,19.0,20.0,-1.0,0,1
左偏且从90度往正中间转且离墙最远转.csv,416,left_bias,far,transition,8.329,17.0,20.0,-3.0,19.0,20.0,-1.0,0,1
左偏且从90度往正中间转且离墙最远转.csv,417,left_bias,far,transition,8.349,17.0,20.0,-3.0,17.0,20.0,-3.0,0,1
左偏且从90度往正中间转且离墙最远转.csv,418,left_bias,far,transition,8.369,17.0,20.0,-3.0,17.0,20.0,-3.0,0,1
左偏且从90度往正中间转且离墙最远转.csv,419,left_bias,far,transition,8.389,150.0,20.0,130.0,17.0,20.0,-3.0,0,1
左偏且从90度往正中间转且离墙最远转.csv,420,left_bias,far,transition,8.409,100.0,20.0,80.0,17.0,20.0,-3.0,0,1
左偏且从90度往正中间转且离墙最远转.csv,421,left_bias,far,transition,8.43,132.0,20.0,112.0,17.0,20.0,-3.0,0,1
左偏且从90度往正中间转且离墙最远转.csv,422,left_bias,far,transition,8.45,16.0,19.0,-3.0,17.0,20.0,-3.0,0,1
左偏且从90度往正中间转且离墙最远转.csv,423,left_bias,far,transition,8.47,17.0,20.0,-3.0,17.0,20.0,-3.0,0,1
左偏且从90度往正中间转且离墙最远转.csv,424,left_bias,far,transition,8.49,21.0,21.0,0.0,17.0,20.0,-3.0,0,1
左偏且从90度往正中间转且离墙最远转.csv,425,left_bias,far,transition,8.51,83.0,20.0,63.0,21.0,20.0,1.0,0,1
左偏且从90度往正中间转且离墙最远转.csv,426,left_bias,far,transition,8.53,101.0,21.0,80.0,83.0,20.0,63.0,0,1
左偏且从90度往正中间转且离墙最远转.csv,427,left_bias,far,transition,8.55,68.0,32.0,36.0,83.0,20.0,63.0,0,1
左偏且从90度往正中间转且离墙最远转.csv,428,left_bias,far,transition,8.57,32.0,19.0,13.0,68.0,20.0,48.0,0,1
左偏且从90度往正中间转且离墙最远转.csv,429,left_bias,far,transition,8.59,19.0,20.0,-1.0,32.0,20.0,12.0,0,1
左偏且从90度往正中间转且离墙最远转.csv,430,left_bias,far,transition,8.61,16.0,21.0,-5.0,21.0,20.0,1.0,0,1
左偏且从90度往正中间转且离墙最远转.csv,431,left_bias,far,transition,8.631,118.0,21.0,97.0,32.0,21.0,11.0,0,1
左偏且从90度往正中间转且离墙最远转.csv,432,left_bias,far,transition,8.651,84.0,19.0,65.0,68.0,21.0,47.0,0,1
左偏且从90度往正中间转且离墙最远转.csv,433,left_bias,far,transition,8.671,116.0,20.0,96.0,83.0,20.0,63.0,0,1
左偏且从90度往正中间转且离墙最远转.csv,434,left_bias,far,transition,8.691,18.0,20.0,-2.0,68.0,20.0,48.0,0,1
左偏且从90度往正中间转且离墙最远转.csv,435,left_bias,far,transition,8.711,84.0,20.0,64.0,68.0,20.0,48.0,0,1
左偏且从90度往正中间转且离墙最远转.csv,436,left_bias,far,transition,8.731,16.0,19.0,-3.0,32.0,20.0,12.0,0,1
左偏且从90度往正中间转且离墙最远转.csv,437,left_bias,far,transition,8.751,150.0,20.0,130.0,84.0,20.0,64.0,0,1
左偏且从90度往正中间转且离墙最远转.csv,438,left_bias,far,transition,8.771,51.0,20.0,31.0,84.0,20.0,64.0,0,1
左偏且从90度往正中间转且离墙最远转.csv,439,left_bias,far,transition,8.791,32.0,20.0,12.0,84.0,20.0,64.0,0,1
左偏且从90度往正中间转且离墙最远转.csv,440,left_bias,far,transition,8.811,16.0,21.0,-5.0,51.0,20.0,31.0,0,1
左偏且从90度往正中间转且离墙最远转.csv,441,left_bias,far,transition,8.831,16.0,19.0,-3.0,32.0,20.0,12.0,0,1
左偏且从90度往正中间转且离墙最远转.csv,442,left_bias,far,transition,8.852,16.0,19.0,-3.0,18.0,20.0,-2.0,0,1
左偏且从90度往正中间转且离墙最远转.csv,443,left_bias,far,transition,8.872,16.0,20.0,-4.0,16.0,20.0,-4.0,0,1
左偏且从90度往正中间转且离墙最远转.csv,444,left_bias,far,transition,8.892,17.0,21.0,-4.0,16.0,20.0,-4.0,0,1
左偏且从90度往正中间转且离墙最远转.csv,445,left_bias,far,transition,8.912,17.0,20.0,-3.0,17.0,20.0,-3.0,0,1
左偏且从90度往正中间转且离墙最远转.csv,446,left_bias,far,transition,8.932,17.0,20.0,-3.0,17.0,20.0,-3.0,0,1
左偏且从90度往正中间转且离墙最远转.csv,447,left_bias,far,transition,8.952,17.0,20.0,-3.0,17.0,20.0,-3.0,0,1
左偏且从90度往正中间转且离墙最远转.csv,448,left_bias,far,transition,8.972,17.0,20.0,-3.0,17.0,20.0,-3.0,0,1
左偏且从90度往正中间转且离墙最远转.csv,449,left_bias,far,transition,8.992,16.0,20.0,-4.0,17.0,20.0,-3.0,0,1
左偏且从90度往正中间转且离墙最远转.csv,450,left_bias,far,transition,9.012,25.0,20.0,5.0,17.0,20.0,-3.0,0,1
左偏且从90度往正中间转且离墙最远转.csv,451,left_bias,far,transition,9.032,17.0,19.0,-2.0,17.0,20.0,-3.0,0,1
左偏且从90度往正中间转且离墙最远转.csv,452,left_bias,far,transition,9.052,84.0,19.0,65.0,17.0,20.0,-3.0,0,1
左偏且从90度往正中间转且离墙最远转.csv,453,left_bias,far,transition,9.072,17.0,30.0,-13.0,17.0,20.0,-3.0,0,1
左偏且从90度往正中间转且离墙最远转.csv,454,left_bias,far,transition,9.093,17.0,21.0,-4.0,17.0,20.0,-3.0,0,1
左偏且从90度往正中间转且离墙最远转.csv,455,left_bias,far,transition,9.113,149.0,20.0,129.0,17.0,20.0,-3.0,0,1
左偏且从90度往正中间转且离墙最远转.csv,456,left_bias,far,transition,9.133,51.0,21.0,30.0,17.0,20.0,-3.0,0,1
左偏且从90度往正中间转且离墙最远转.csv,457,left_bias,far,transition,9.153,68.0,20.0,48.0,25.0,20.0,5.0,0,1
左偏且从90度往正中间转且离墙最远转.csv,458,left_bias,far,transition,9.173,17.0,21.0,-4.0,25.0,20.0,5.0,0,1
左偏且从90度往正中间转且离墙最远转.csv,459,left_bias,far,transition,9.193,17.0,20.0,-3.0,17.0,20.0,-3.0,0,1
左偏且从90度往正中间转且离墙最远转.csv,460,left_bias,far,transition,9.213,16.0,20.0,-4.0,17.0,20.0,-3.0,0,1
左偏且从90度往正中间转且离墙最远转.csv,461,left_bias,far,transition,9.233,344.0,21.0,323.0,17.0,21.0,-4.0,0,1
左偏且从90度往正中间转且离墙最远转.csv,462,left_bias,far,transition,9.253,26.0,20.0,6.0,26.0,20.0,6.0,0,1
左偏且从90度往正中间转且离墙最远转.csv,463,left_bias,far,transition,9.273,17.0,20.0,-3.0,26.0,20.0,6.0,0,1
左偏且从90度往正中间转且离墙最远转.csv,464,left_bias,far,transition,9.293,17.0,30.0,-13.0,17.0,20.0,-3.0,0,1
左偏且从90度往正中间转且离墙最远转.csv,465,left_bias,far,transition,9.313,17.0,30.0,-13.0,17.0,20.0,-3.0,0,1
左偏且从90度往正中间转且离墙最远转.csv,466,left_bias,far,transition,9.334,17.0,21.0,-4.0,17.0,21.0,-4.0,0,1
左偏且从90度往正中间转且离墙最远转.csv,467,left_bias,far,transition,9.354,41.0,20.0,21.0,17.0,20.0,-3.0,0,1
左偏且从90度往正中间转且离墙最远转.csv,468,left_bias,far,transition,9.374,280.0,19.0,261.0,17.0,20.0,-3.0,0,1
左偏且从90度往正中间转且离墙最远转.csv,469,left_bias,far,transition,9.394,149.0,20.0,129.0,26.0,20.0,6.0,0,1
左偏且从90度往正中间转且离墙最远转.csv,470,left_bias,far,transition,9.414,16.0,21.0,-5.0,17.0,20.0,-3.0,0,1
左偏且从90度往正中间转且离墙最远转.csv,471,left_bias,far,transition,9.434,17.0,20.0,-3.0,17.0,20.0,-3.0,0,1
左偏且从90度往正中间转且离墙最远转.csv,472,left_bias,far,transition,9.454,16.0,20.0,-4.0,17.0,20.0,-3.0,0,1
左偏且从90度往正中间转且离墙最远转.csv,473,left_bias,far,transition,9.474,133.0,20.0,113.0,17.0,20.0,-3.0,0,1
左偏且从90度往正中间转且离墙最远转.csv,474,left_bias,far,transition,9.494,264.0,20.0,244.0,41.0,20.0,21.0,0,1
左偏且从90度往正中间转且离墙最远转.csv,475,left_bias,far,transition,9.514,20.0,20.0,0.0,41.0,20.0,21.0,0,1
左偏且从90度往正中间转且离墙最远转.csv,476,left_bias,far,transition,9.534,16.0,28.0,-12.0,20.0,20.0,0.0,0,1
左偏且从90度往正中间转且离墙最远转.csv,477,left_bias,far,transition,9.555,15.0,31.0,-16.0,17.0,20.0,-3.0,0,1
左偏且从90度往正中间转且离墙最远转.csv,478,left_bias,far,transition,9.575,133.0,21.0,112.0,17.0,20.0,-3.0,0,1
左偏且从90度往正中间转且离墙最远转.csv,479,left_bias,far,transition,9.595,133.0,20.0,113.0,20.0,20.0,0.0,0,1
左偏且从90度往正中间转且离墙最远转.csv,480,left_bias,far,transition,9.615,68.0,30.0,38.0,68.0,20.0,48.0,0,1
左偏且从90度往正中间转且离墙最远转.csv,481,left_bias,far,transition,9.635,41.0,20.0,21.0,68.0,20.0,48.0,0,1
左偏且从90度往正中间转且离墙最远转.csv,482,left_bias,far,transition,9.655,32.0,19.0,13.0,41.0,20.0,21.0,0,1
左偏且从90度往正中间转且离墙最远转.csv,483,left_bias,far,transition,9.675,16.0,20.0,-4.0,32.0,20.0,12.0,0,1
左偏且从90度往正中间转且离墙最远转.csv,484,left_bias,far,transition,9.695,330.0,20.0,310.0,41.0,20.0,21.0,0,1
左偏且从90度往正中间转且离墙最远转.csv,485,left_bias,far,transition,9.715,134.0,20.0,114.0,68.0,20.0,48.0,0,1
左偏且从90度往正中间转且离墙最远转.csv,486,left_bias,far,transition,9.736,296.0,20.0,276.0,133.0,20.0,113.0,0,1
左偏且从90度往正中间转且离墙最远转.csv,487,left_bias,far,transition,9.756,68.0,20.0,48.0,68.0,20.0,48.0,0,1
左偏且从90度往正中间转且离墙最远转.csv,488,left_bias,far,transition,9.776,19.0,20.0,-1.0,68.0,20.0,48.0,0,1
左偏且从90度往正中间转且离墙最远转.csv,489,left_bias,far,transition,9.796,17.0,20.0,-3.0,41.0,20.0,21.0,0,1
左偏且从90度往正中间转且离墙最远转.csv,490,left_bias,far,transition,9.816,17.0,20.0,-3.0,32.0,20.0,12.0,0,1
左偏且从90度往正中间转且离墙最远转.csv,491,left_bias,far,transition,9.836,99.0,20.0,79.0,68.0,20.0,48.0,0,1
左偏且从90度往正中间转且离墙最远转.csv,492,left_bias,far,transition,9.856,443.0,20.0,423.0,99.0,20.0,79.0,0,1
左偏且从90度往正中间转且离墙最远转.csv,493,left_bias,far,transition,9.876,26.0,20.0,6.0,68.0,20.0,48.0,0,1
左偏且从90度往正中间转且离墙最远转.csv,494,left_bias,far,transition,9.896,68.0,19.0,49.0,68.0,20.0,48.0,0,1
左偏且从90度往正中间转且离墙最远转.csv,495,left_bias,far,transition,9.917,18.0,20.0,-2.0,26.0,20.0,6.0,0,1
左偏且从90度往正中间转且离墙最远转.csv,496,left_bias,far,transition,9.937,17.0,20.0,-3.0,19.0,20.0,-1.0,0,1
左偏且从90度往正中间转且离墙最远转.csv,497,left_bias,far,transition,9.957,84.0,32.0,52.0,26.0,20.0,6.0,0,1
左偏且从90度往正中间转且离墙最远转.csv,498,left_bias,far,transition,9.977,133.0,30.0,103.0,68.0,20.0,48.0,0,1
左偏且从90度往正中间转且离墙最远转.csv,499,left_bias,far,transition,9.997,68.0,20.0,48.0,68.0,20.0,48.0,0,1
左偏且从90度往正中间转且离墙最远转.csv,500,left_bias,far,transition,10.017,25.0,20.0,5.0,68.0,20.0,48.0,0,1
左偏且从90度往正中间转且离墙最远转.csv,501,left_bias,far,transition,10.037,17.0,21.0,-4.0,26.0,20.0,6.0,0,1
左偏且从90度往正中间转且离墙最远转.csv,502,left_bias,far,transition,10.057,181.0,20.0,161.0,68.0,20.0,48.0,0,1
左偏且从90度往正中间转且离墙最远转.csv,503,left_bias,far,transition,10.077,84.0,20.0,64.0,68.0,20.0,48.0,0,1
左偏且从90度往正中间转且离墙最远转.csv,504,left_bias,far,transition,10.098,248.0,20.0,228.0,84.0,20.0,64.0,0,1
左偏且从90度往正中间转且离墙最远转.csv,505,left_bias,far,transition,10.118,26.0,20.0,6.0,84.0,20.0,64.0,0,1
左偏且从90度往正中间转且离墙最远转.csv,506,left_bias,far,transition,10.138,17.0,20.0,-3.0,68.0,20.0,48.0,0,1
左偏且从90度往正中间转且离墙最远转.csv,507,left_bias,far,transition,10.158,83.0,20.0,63.0,68.0,20.0,48.0,0,1
左偏且从90度往正中间转且离墙最远转.csv,508,left_bias,far,transition,10.178,17.0,20.0,-3.0,26.0,20.0,6.0,0,1
左偏且从90度往正中间转且离墙最远转.csv,509,left_bias,far,transition,10.198,83.0,20.0,63.0,83.0,20.0,63.0,0,1
左偏且从90度往正中间转且离墙最远转.csv,510,left_bias,far,transition,10.218,441.0,21.0,420.0,83.0,20.0,63.0,0,1
左偏且从90度往正中间转且离墙最远转.csv,511,left_bias,far,transition,10.238,133.0,20.0,113.0,83.0,20.0,63.0,0,1
左偏且从90度往正中间转且离墙最远转.csv,512,left_bias,far,transition,10.258,17.0,21.0,-4.0,83.0,20.0,63.0,0,1
左偏且从90度往正中间转且离墙最远转.csv,513,left_bias,far,transition,10.279,133.0,19.0,114.0,83.0,20.0,63.0,0,1
左偏且从90度往正中间转且离墙最远转.csv,514,left_bias,far,transition,10.299,18.0,20.0,-2.0,83.0,20.0,63.0,0,1
左偏且从90度往正中间转且离墙最远转.csv,515,left_bias,far,transition,10.319,16.0,25.0,-9.0,83.0,20.0,63.0,0,1
左偏且从90度往正中间转且离墙最远转.csv,516,left_bias,far,transition,10.339,25.0,20.0,5.0,25.0,20.0,5.0,0,1
左偏且从90度往正中间转且离墙最远转.csv,517,left_bias,far,transition,10.359,442.0,20.0,422.0,83.0,20.0,63.0,0,1
左偏且从90度往正中间转且离墙最远转.csv,518,left_bias,far,transition,10.379,20.0,26.0,-6.0,25.0,20.0,5.0,0,1
左偏且从90度往正中间转且离墙最远转.csv,519,left_bias,far,transition,10.399,67.0,19.0,48.0,25.0,20.0,5.0,0,1
左偏且从90度往正中间转且离墙最远转.csv,520,left_bias,far,transition,10.419,68.0,21.0,47.0,25.0,20.0,5.0,0,1
左偏且从90度往正中间转且离墙最远转.csv,521,left_bias,far,transition,10.439,17.0,21.0,-4.0,25.0,20.0,5.0,0,1
左偏且从90度往正中间转且离墙最远转.csv,522,left_bias,far,transition,10.46,25.0,20.0,5.0,25.0,20.0,5.0,0,1
左偏且从90度往正中间转且离墙最远转.csv,523,left_bias,far,transition,10.48,41.0,20.0,21.0,25.0,20.0,5.0,0,1
左偏且从90度往正中间转且离墙最远转.csv,524,left_bias,far,transition,10.5,100.0,20.0,80.0,41.0,20.0,21.0,0,1
左偏且从90度往正中间转且离墙最远转.csv,525,left_bias,far,transition,10.52,133.0,20.0,113.0,67.0,20.0,47.0,0,1
左偏且从90度往正中间转且离墙最远转.csv,526,left_bias,far,transition,10.54,25.0,20.0,5.0,41.0,20.0,21.0,0,1
左偏且从90度往正中间转且离墙最远转.csv,527,left_bias,far,transition,10.56,116.0,20.0,96.0,67.0,20.0,47.0,0,1
左偏且从90度往正中间转且离墙最远转.csv,528,left_bias,far,transition,10.58,313.0,21.0,292.0,68.0,20.0,48.0,0,1
左偏且从90度往正中间转且离墙最远转.csv,529,left_bias,far,transition,10.6,17.0,20.0,-3.0,41.0,20.0,21.0,0,1
左偏且从90度往正中间转且离墙最远转.csv,530,left_bias,far,transition,10.62,100.0,19.0,81.0,100.0,20.0,80.0,0,1
左偏且从90度往正中间转且离墙最远转.csv,531,left_bias,far,transition,10.641,92.0,20.0,72.0,100.0,20.0,80.0,0,1
左偏且从90度往正中间转且离墙最远转.csv,532,left_bias,far,transition,10.661,16.0,20.0,-4.0,100.0,20.0,80.0,0,1
左偏且从90度往正中间转且离墙最远转.csv,533,left_bias,far,transition,10.681,26.0,20.0,6.0,92.0,20.0,72.0,0,1
左偏且从90度往正中间转且离墙最远转.csv,534,left_bias,far,transition,10.701,25.0,19.0,6.0,26.0,20.0,6.0,0,1
左偏且从90度往正中间转且离墙最远转.csv,535,left_bias,far,transition,10.721,345.0,20.0,325.0,92.0,20.0,72.0,0,1
左偏且从90度往正中间转且离墙最远转.csv,536,left_bias,far,transition,10.741,21.0,21.0,0.0,26.0,20.0,6.0,0,1
左偏且从90度往正中间转且离墙最远转.csv,537,left_bias,far,transition,10.761,17.0,20.0,-3.0,25.0,20.0,5.0,0,1
左偏且从90度往正中间转且离墙最远转.csv,538,left_bias,far,transition,10.781,117.0,20.0,97.0,26.0,20.0,6.0,0,1
左偏且从90度往正中间转且离墙最远转.csv,539,left_bias,far,transition,10.801,20.0,19.0,1.0,25.0,20.0,5.0,0,1
左偏且从90度往正中间转且离墙最远转.csv,540,left_bias,far,transition,10.821,16.0,20.0,-4.0,21.0,20.0,1.0,0,1
左偏且从90度往正中间转且离墙最远转.csv,541,left_bias,far,transition,10.842,26.0,21.0,5.0,25.0,20.0,5.0,0,1
左偏且从90度往正中间转且离墙最远转.csv,542,left_bias,far,transition,10.862,313.0,20.0,293.0,25.0,20.0,5.0,0,1
左偏且从90度往正中间转且离墙最远转.csv,543,left_bias,far,transition,10.882,101.0,21.0,80.0,26.0,20.0,6.0,0,1
左偏且从90度往正中间转且离墙最远转.csv,544,left_bias,far,transition,10.902,124.0,20.0,104.0,26.0,20.0,6.0,0,1
左偏且从90度往正中间转且离墙最远转.csv,545,left_bias,far,transition,10.922,100.0,21.0,79.0,100.0,20.0,80.0,0,1
左偏且从90度往正中间转且离墙最远转.csv,546,left_bias,far,transition,10.942,17.0,20.0,-3.0,100.0,20.0,80.0,0,1
左偏且从90度往正中间转且离墙最远转.csv,547,left_bias,far,transition,10.962,19.0,20.0,-1.0,26.0,20.0,6.0,0,1
左偏且从90度往正中间转且离墙最远转.csv,548,left_bias,far,transition,10.982,67.0,20.0,47.0,67.0,20.0,47.0,0,1
左偏且从90度往正中间转且离墙最远转.csv,549,left_bias,far,transition,11.002,67.0,20.0,47.0,67.0,20.0,47.0,0,1
左偏且从90度往正中间转且离墙最远转.csv,550,left_bias,far,transition,11.023,17.0,19.0,-2.0,67.0,20.0,47.0,0,1
左偏且从90度往正中间转且离墙最远转.csv,551,left_bias,far,transition,11.043,17.0,32.0,-15.0,67.0,20.0,47.0,0,1
左偏且从90度往正中间转且离墙最远转.csv,552,left_bias,far,transition,11.063,32.0,20.0,12.0,32.0,20.0,12.0,0,1
左偏且从90度往正中间转且离墙最远转.csv,553,left_bias,far,transition,11.083,249.0,28.0,221.0,32.0,20.0,12.0,0,1
左偏且从90度往正中间转且离墙最远转.csv,554,left_bias,far,transition,11.103,116.0,20.0,96.0,32.0,20.0,12.0,0,1
左偏且从90度往正中间转且离墙最远转.csv,555,left_bias,far,transition,11.123,41.0,20.0,21.0,41.0,20.0,21.0,0,1
左偏且从90度往正中间转且离墙最远转.csv,556,left_bias,far,transition,11.143,133.0,19.0,114.0,67.0,20.0,47.0,0,1
左偏且从90度往正中间转且离墙最远转.csv,557,left_bias,far,transition,11.163,22.0,20.0,2.0,41.0,20.0,21.0,0,1
左偏且从90度往正中间转且离墙最远转.csv,558,left_bias,far,transition,11.183,19.0,20.0,-1.0,32.0,20.0,12.0,0,1
左偏且从90度往正中间转且离墙最远转.csv,559,left_bias,far,transition,11.204,17.0,21.0,-4.0,32.0,20.0,12.0,0,1
左偏且从90度往正中间转且离墙最远转.csv,560,left_bias,far,transition,11.224,507.0,20.0,487.0,41.0,20.0,21.0,0,1
左偏且从90度往正中间转且离墙最远转.csv,561,left_bias,far,transition,11.244,117.0,20.0,97.0,116.0,20.0,96.0,0,1
左偏且从90度往正中间转且离墙最远转.csv,562,left_bias,far,transition,11.264,204.0,20.0,184.0,116.0,20.0,96.0,0,1
左偏且从90度往正中间转且离墙最远转.csv,563,left_bias,far,transition,11.284,17.0,20.0,-3.0,41.0,20.0,21.0,0,1
左偏且从90度往正中间转且离墙最远转.csv,564,left_bias,far,transition,11.304,16.0,21.0,-5.0,22.0,20.0,2.0,0,1
左偏且从90度往正中间转且离墙最远转.csv,565,left_bias,far,transition,11.324,133.0,20.0,113.0,22.0,20.0,2.0,0,1
左偏且从90度往正中间转且离墙最远转.csv,566,left_bias,far,transition,11.344,393.0,20.0,373.0,117.0,20.0,97.0,0,1
左偏且从90度往正中间转且离墙最远转.csv,567,left_bias,far,transition,11.364,49.0,34.0,15.0,117.0,20.0,97.0,0,1
左偏且从90度往正中间转且离墙最远转.csv,568,left_bias,far,transition,11.384,41.0,28.0,13.0,117.0,20.0,97.0,0,1
左偏且从90度往正中间转且离墙最远转.csv,569,left_bias,far,transition,11.405,26.0,19.0,7.0,49.0,20.0,29.0,0,1
左偏且从90度往正中间转且离墙最远转.csv,570,left_bias,far,transition,11.425,17.0,21.0,-4.0,41.0,20.0,21.0,0,1
左偏且从90度往正中间转且离墙最远转.csv,571,left_bias,far,transition,11.445,115.0,20.0,95.0,41.0,20.0,21.0,0,1
左偏且从90度往正中间转且离墙最远转.csv,572,left_bias,far,transition,11.465,82.0,20.0,62.0,49.0,20.0,29.0,0,1
左偏且从90度往正中间转且离墙最远转.csv,573,left_bias,far,transition,11.485,116.0,20.0,96.0,82.0,20.0,62.0,0,1
左偏且从90度往正中间转且离墙最远转.csv,574,left_bias,far,transition,11.505,33.0,20.0,13.0,49.0,20.0,29.0,0,1
左偏且从90度往正中间转且离墙最远转.csv,575,left_bias,far,transition,11.525,24.0,21.0,3.0,41.0,20.0,21.0,0,1
左偏且从90度往正中间转且离墙最远转.csv,576,left_bias,far,transition,11.545,20.0,21.0,-1.0,33.0,20.0,13.0,0,1
左偏且从90度往正中间转且离墙最远转.csv,577,left_bias,far,transition,11.565,116.0,21.0,95.0,33.0,20.0,13.0,0,1
左偏且从90度往正中间转且离墙最远转.csv,578,left_bias,far,transition,11.586,378.0,20.0,358.0,82.0,20.0,62.0,0,1
左偏且从90度往正中间转且离墙最远转.csv,579,left_bias,far,transition,11.606,149.0,19.0,130.0,115.0,20.0,95.0,0,1
左偏且从90度往正中间转且离墙最远转.csv,580,left_bias,far,transition,11.626,166.0,20.0,146.0,116.0,20.0,96.0,0,1
左偏且从90度往正中间转且离墙最远转.csv,581,left_bias,far,transition,11.646,16.0,21.0,-5.0,116.0,20.0,96.0,0,1
左偏且从90度往正中间转且离墙最远转.csv,582,left_bias,far,transition,11.666,16.0,20.0,-4.0,33.0,20.0,13.0,0,1
左偏且从90度往正中间转且离墙最远转.csv,583,left_bias,far,transition,11.686,100.0,19.0,81.0,100.0,20.0,80.0,0,1
左偏且从90度往正中间转且离墙最远转.csv,584,left_bias,far,transition,11.706,17.0,24.0,-7.0,100.0,20.0,80.0,0,1
左偏且从90度往正中间转且离墙最远转.csv,585,left_bias,far,transition,11.726,116.0,32.0,84.0,116.0,20.0,96.0,0,1
左偏且从90度往正中间转且离墙最远转.csv,586,left_bias,far,transition,11.746,83.0,20.0,63.0,100.0,20.0,80.0,0,1
左偏且从90度往正中间转且离墙最远转.csv,587,left_bias,far,transition,11.767,198.0,20.0,178.0,100.0,20.0,80.0,0,1
左偏且从90度往正中间转且离墙最远转.csv,588,left_bias,far,transition,11.787,25.0,21.0,4.0,83.0,20.0,63.0,0,1
左偏且从90度往正中间转且离墙最远转.csv,589,left_bias,far,transition,11.807,115.0,20.0,95.0,83.0,20.0,63.0,0,1
左偏且从90度往正中间转且离墙最远转.csv,590,left_bias,far,transition,11.827,17.0,20.0,-3.0,83.0,20.0,63.0,0,1
左偏且从90度往正中间转且离墙最远转.csv,591,left_bias,far,transition,11.847,16.0,20.0,-4.0,83.0,20.0,63.0,0,1
左偏且从90度往正中间转且离墙最远转.csv,592,left_bias,far,transition,11.867,83.0,21.0,62.0,83.0,20.0,63.0,0,1
左偏且从90度往正中间转且离墙最远转.csv,593,left_bias,far,transition,11.887,263.0,20.0,243.0,83.0,20.0,63.0,0,1
左偏且从90度往正中间转且离墙最远转.csv,594,left_bias,far,transition,11.907,19.0,20.0,-1.0,83.0,20.0,63.0,0,1
左偏且从90度往正中间转且离墙最远转.csv,595,left_bias,far,transition,11.928,133.0,21.0,112.0,83.0,20.0,63.0,0,1
左偏且从90度往正中间转且离墙最远转.csv,596,left_bias,far,transition,11.948,132.0,20.0,112.0,83.0,20.0,63.0,0,1
左偏且从90度往正中间转且离墙最远转.csv,597,left_bias,far,transition,11.968,165.0,21.0,144.0,115.0,20.0,95.0,0,1
左偏且从90度往正中间转且离墙最远转.csv,598,left_bias,far,transition,11.988,182.0,20.0,162.0,132.0,20.0,112.0,0,1
左偏且从90度往正中间转且离墙最远转.csv,599,left_bias,far,transition,12.008,67.0,20.0,47.0,132.0,20.0,112.0,0,1
左偏且从90度往正中间转且离墙最远转.csv,600,left_bias,far,transition,12.028,16.0,20.0,-4.0,132.0,20.0,112.0,0,1
左偏且从90度往正中间转且离墙最远转.csv,601,left_bias,far,transition,12.048,116.0,20.0,96.0,132.0,20.0,112.0,0,1
左偏且从90度往正中间转且离墙最远转.csv,602,left_bias,far,transition,12.068,17.0,20.0,-3.0,116.0,20.0,96.0,0,1
左偏且从90度往正中间转且离墙最远转.csv,603,left_bias,far,transition,12.088,148.0,20.0,128.0,132.0,20.0,112.0,0,1
左偏且从90度往正中间转且离墙最远转.csv,604,left_bias,far,transition,12.109,133.0,20.0,113.0,132.0,20.0,112.0,0,1
左偏且从90度往正中间转且离墙最远转.csv,605,left_bias,far,transition,12.129,508.0,24.0,484.0,133.0,20.0,113.0,0,1
左偏且从90度往正中间转且离墙最远转.csv,606,left_bias,far,transition,12.149,41.0,21.0,20.0,116.0,20.0,96.0,0,1
左偏且从90度往正中间转且离墙最远转.csv,607,left_bias,far,transition,12.169,165.0,27.0,138.0,116.0,20.0,96.0,0,1
左偏且从90度往正中间转且离墙最远转.csv,608,left_bias,far,transition,12.189,132.0,20.0,112.0,132.0,20.0,112.0,0,1
左偏且从90度往正中间转且离墙最远转.csv,609,left_bias,far,transition,12.209,16.0,20.0,-4.0,132.0,20.0,112.0,0,1
左偏且从90度往正中间转且离墙最远转.csv,610,left_bias,far,transition,12.229,115.0,20.0,95.0,132.0,20.0,112.0,0,1
左偏且从90度往正中间转且离墙最远转.csv,611,left_bias,far,transition,12.249,116.0,20.0,96.0,132.0,20.0,112.0,0,1
左偏且从90度往正中间转且离墙最远转.csv,612,left_bias,far,transition,12.269,51.0,20.0,31.0,116.0,20.0,96.0,0,1
左偏且从90度往正中间转且离墙最远转.csv,613,left_bias,far,transition,12.29,149.0,20.0,129.0,116.0,20.0,96.0,0,1
左偏且从90度往正中间转且离墙最远转.csv,614,left_bias,far,transition,12.31,132.0,21.0,111.0,116.0,20.0,96.0,0,1
左偏且从90度往正中间转且离墙最远转.csv,615,left_bias,far,transition,12.33,164.0,20.0,144.0,132.0,20.0,112.0,0,1
左偏且从90度往正中间转且离墙最远转.csv,616,left_bias,far,transition,12.35,149.0,20.0,129.0,132.0,20.0,112.0,0,1
左偏且从90度往正中间转且离墙最远转.csv,617,left_bias,far,transition,12.37,68.0,21.0,47.0,116.0,20.0,96.0,0,1
左偏且从90度往正中间转且离墙最远转.csv,618,left_bias,far,transition,12.39,117.0,20.0,97.0,117.0,20.0,97.0,0,1
左偏且从90度往正中间转且离墙最远转.csv,619,left_bias,far,transition,12.41,132.0,21.0,111.0,132.0,20.0,112.0,0,1
左偏且从90度往正中间转且离墙最远转.csv,620,left_bias,far,transition,12.43,149.0,21.0,128.0,132.0,20.0,112.0,0,1
左偏且从90度往正中间转且离墙最远转.csv,621,left_bias,far,transition,12.45,34.0,20.0,14.0,132.0,20.0,112.0,0,1
左偏且从90度往正中间转且离墙最远转.csv,622,left_bias,far,transition,12.47,148.0,20.0,128.0,132.0,20.0,112.0,0,1
左偏且从90度往正中间转且离墙最远转.csv,623,left_bias,far,transition,12.491,313.0,23.0,290.0,148.0,20.0,128.0,0,1
左偏且从90度往正中间转且离墙最远转.csv,624,left_bias,far,transition,12.511,148.0,21.0,127.0,148.0,21.0,127.0,0,1
左偏且从90度往正中间转且离墙最远转.csv,625,left_bias,far,transition,12.531,334.0,20.0,314.0,148.0,21.0,127.0,0,1
左偏且从90度往正中间转且离墙最远转.csv,626,left_bias,far,transition,12.551,165.0,20.0,145.0,148.0,20.0,128.0,0,1
左偏且从90度往正中间转且离墙最远转.csv,627,left_bias,far,transition,12.571,16.0,20.0,-4.0,148.0,20.0,128.0,0,1
左偏且从90度往正中间转且离墙最远转.csv,628,left_bias,far,transition,12.591,165.0,20.0,145.0,149.0,20.0,129.0,0,1
左偏且从90度往正中间转且离墙最远转.csv,629,left_bias,far,transition,12.611,16.0,20.0,-4.0,148.0,20.0,128.0,0,1
左偏且从90度往正中间转且离墙最远转.csv,630,left_bias,far,transition,12.631,182.0,21.0,161.0,165.0,20.0,145.0,0,1
左偏且从90度往正中间转且离墙最远转.csv,631,left_bias,far,transition,12.651,149.0,21.0,128.0,165.0,20.0,145.0,0,1
左偏且从90度往正中间转且离墙最远转.csv,632,left_bias,far,transition,12.672,686.0,20.0,666.0,165.0,20.0,145.0,0,1
左偏且从90度往正中间转且离墙最远转.csv,633,left_bias,far,transition,12.692,231.0,21.0,210.0,165.0,20.0,145.0,0,1
左偏且从90度往正中间转且离墙最远转.csv,634,left_bias,far,transition,12.712,442.0,20.0,422.0,165.0,20.0,145.0,0,1
左偏且从90度往正中间转且离墙最远转.csv,635,left_bias,far,transition,12.732,117.0,20.0,97.0,165.0,20.0,145.0,0,1
左偏且从90度往正中间转且离墙最远转.csv,636,left_bias,far,transition,12.752,16.0,20.0,-4.0,165.0,20.0,145.0,0,1
左偏且从90度往正中间转且离墙最远转.csv,637,left_bias,far,transition,12.772,148.0,21.0,127.0,149.0,20.0,129.0,0,1
左偏且从90度往正中间转且离墙最远转.csv,638,left_bias,far,transition,12.792,19.0,20.0,-1.0,149.0,20.0,129.0,0,1
左偏且从90度往正中间转且离墙最远转.csv,639,left_bias,far,transition,12.812,526.0,20.0,506.0,149.0,20.0,129.0,0,1
左偏且从90度往正中间转且离墙最远转.csv,640,left_bias,far,transition,12.832,182.0,21.0,161.0,182.0,20.0,162.0,0,1
左偏且从90度往正中间转且离墙最远转.csv,641,left_bias,far,transition,12.853,328.0,21.0,307.0,182.0,20.0,162.0,0,1
左偏且从90度往正中间转且离墙最远转.csv,642,left_bias,far,transition,12.873,148.0,20.0,128.0,148.0,20.0,128.0,0,1
左偏且从90度往正中间转且离墙最远转.csv,643,left_bias,far,transition,12.893,149.0,20.0,129.0,148.0,20.0,128.0,0,1
左偏且从90度往正中间转且离墙最远转.csv,644,left_bias,far,transition,12.913,214.0,22.0,192.0,149.0,20.0,129.0,0,1
左偏且从90度往正中间转且离墙最远转.csv,645,left_bias,far,transition,12.933,199.0,33.0,166.0,182.0,21.0,161.0,0,1
左偏且从90度往正中间转且离墙最远转.csv,646,left_bias,far,transition,12.953,230.0,21.0,209.0,199.0,21.0,178.0,0,1
左偏且从90度往正中间转且离墙最远转.csv,647,left_bias,far,transition,12.973,164.0,21.0,143.0,199.0,21.0,178.0,0,1
左偏且从90度往正中间转且离墙最远转.csv,648,left_bias,far,transition,12.993,133.0,20.0,113.0,182.0,21.0,161.0,0,1
左偏且从90度往正中间转且离墙最远转.csv,649,left_bias,far,transition,13.013,165.0,20.0,145.0,165.0,21.0,144.0,0,1
左偏且从90度往正中间转且离墙最远转.csv,650,left_bias,far,transition,13.033,16.0,19.0,-3.0,164.0,20.0,144.0,0,1
左偏且从90度往正中间转且离墙最远转.csv,651,left_bias,far,transition,13.054,231.0,22.0,209.0,165.0,21.0,144.0,0,1
左偏且从90度往正中间转且离墙最远转.csv,652,left_bias,far,transition,13.074,164.0,21.0,143.0,165.0,21.0,144.0,0,1
左偏且从90度往正中间转且离墙最远转.csv,653,left_bias,far,transition,13.094,639.0,20.0,619.0,165.0,21.0,144.0,0,1
左偏且从90度往正中间转且离墙最远转.csv,654,left_bias,far,transition,13.114,166.0,20.0,146.0,165.0,20.0,145.0,0,1
左偏且从90度往正中间转且离墙最远转.csv,655,left_bias,far,transition,13.134,426.0,20.0,406.0,165.0,20.0,145.0,0,1
左偏且从90度往正中间转且离墙最远转.csv,656,left_bias,far,transition,13.154,32.0,20.0,12.0,165.0,20.0,145.0,0,1
左偏且从90度往正中间转且离墙最远转.csv,657,left_bias,far,transition,13.174,17.0,20.0,-3.0,165.0,20.0,145.0,0,1
左偏且从90度往正中间转且离墙最远转.csv,658,left_bias,far,transition,13.194,198.0,20.0,178.0,166.0,20.0,146.0,0,1
左偏且从90度往正中间转且离墙最远转.csv,659,left_bias,far,transition,13.214,16.0,20.0,-4.0,166.0,20.0,146.0,0,1
左偏且从90度往正中间转且离墙最远转.csv,660,left_bias,far,transition,13.235,165.0,20.0,145.0,165.0,20.0,145.0,0,1
左偏且从90度往正中间转且离墙最远转.csv,661,left_bias,far,transition,13.255,166.0,20.0,146.0,166.0,20.0,146.0,0,1
左偏且从90度往正中间转且离墙最远转.csv,662,left_bias,far,transition,13.275,427.0,21.0,406.0,166.0,20.0,146.0,0,1
左偏且从90度往正中间转且离墙最远转.csv,663,left_bias,far,transition,13.295,208.0,21.0,187.0,166.0,20.0,146.0,0,1
左偏且从90度往正中间转且离墙最远转.csv,664,left_bias,far,transition,13.315,199.0,21.0,178.0,166.0,20.0,146.0,0,1
左偏且从90度往正中间转且离墙最远转.csv,665,left_bias,far,transition,13.335,165.0,33.0,132.0,166.0,20.0,146.0,0,1
左偏且从90度往正中间转且离墙最远转.csv,666,left_bias,far,transition,13.355,17.0,21.0,-4.0,166.0,21.0,145.0,0,1
左偏且从90度往正中间转且离墙最远转.csv,667,left_bias,far,transition,13.375,165.0,20.0,145.0,165.0,21.0,144.0,0,1
左偏且从90度往正中间转且离墙最远转.csv,668,left_bias,far,transition,13.395,174.0,21.0,153.0,166.0,21.0,145.0,0,1
左偏且从90度往正中间转且离墙最远转.csv,669,left_bias,far,transition,13.415,231.0,20.0,211.0,174.0,21.0,153.0,0,1
左偏且从90度往正中间转且离墙最远转.csv,670,left_bias,far,transition,13.435,198.0,20.0,178.0,198.0,21.0,177.0,0,1
左偏且从90度往正中间转且离墙最远转.csv,671,left_bias,far,transition,13.456,17.0,20.0,-3.0,174.0,21.0,153.0,0,1
左偏且从90度往正中间转且离墙最远转.csv,672,left_bias,far,transition,13.476,150.0,21.0,129.0,165.0,21.0,144.0,0,1
左偏且从90度往正中间转且离墙最远转.csv,673,left_bias,far,transition,13.496,134.0,20.0,114.0,165.0,20.0,145.0,0,1
左偏且从90度往正中间转且离墙最远转.csv,674,left_bias,far,transition,13.516,149.0,20.0,129.0,150.0,20.0,130.0,0,1
左偏且从90度往正中间转且离墙最远转.csv,675,left_bias,far,transition,13.536,183.0,21.0,162.0,165.0,20.0,145.0,0,1
左偏且从90度往正中间转且离墙最远转.csv,676,left_bias,far,transition,13.556,248.0,21.0,227.0,174.0,20.0,154.0,0,1
左偏且从90度往正中间转且离墙最远转.csv,677,left_bias,far,transition,13.576,16.0,20.0,-4.0,150.0,20.0,130.0,0,1
左偏且从90度往正中间转且离墙最远转.csv,678,left_bias,far,transition,13.596,164.0,21.0,143.0,150.0,20.0,130.0,0,1
左偏且从90度往正中间转且离墙最远转.csv,679,left_bias,far,transition,13.616,166.0,21.0,145.0,150.0,21.0,129.0,0,1
左偏且从90度往正中间转且离墙最远转.csv,680,left_bias,far,transition,13.637,232.0,21.0,211.0,164.0,21.0,143.0,0,1
左偏且从90度往正中间转且离墙最远转.csv,681,left_bias,far,transition,13.657,224.0,33.0,191.0,166.0,21.0,145.0,0,1
左偏且从90度往正中间转且离墙最远转.csv,682,left_bias,far,transition,13.677,638.0,30.0,608.0,183.0,21.0,162.0,0,1
左偏且从90度往正中间转且离墙最远转.csv,683,left_bias,far,transition,13.697,198.0,21.0,177.0,198.0,21.0,177.0,0,1
左偏且从90度往正中间转且离墙最远转.csv,684,left_bias,far,transition,13.717,51.0,20.0,31.0,198.0,21.0,177.0,0,1
左偏且从90度往正中间转且离墙最远转.csv,685,left_bias,far,transition,13.737,165.0,20.0,145.0,166.0,21.0,145.0,0,1
左偏且从90度往正中间转且离墙最远转.csv,686,left_bias,far,transition,13.757,16.0,21.0,-5.0,166.0,21.0,145.0,0,1
左偏且从90度往正中间转且离墙最远转.csv,687,left_bias,far,transition,13.777,231.0,20.0,211.0,198.0,21.0,177.0,0,1
左偏且从90度往正中间转且离墙最远转.csv,688,left_bias,far,transition,13.797,216.0,21.0,195.0,216.0,21.0,195.0,0,1
左偏且从90度往正中间转且离墙最远转.csv,689,left_bias,far,transition,13.817,410.0,21.0,389.0,216.0,21.0,195.0,0,1
左偏且从90度往正中间转且离墙最远转.csv,690,left_bias,far,transition,13.837,166.0,21.0,145.0,198.0,21.0,177.0,0,1
左偏且从90度往正中间转且离墙最远转.csv,691,left_bias,far,transition,13.857,183.0,20.0,163.0,183.0,21.0,162.0,0,1
左偏且从90度往正中间转且离墙最远转.csv,692,left_bias,far,transition,13.878,167.0,21.0,146.0,167.0,21.0,146.0,0,1
左偏且从90度往正中间转且离墙最远转.csv,693,left_bias,far,transition,13.898,216.0,20.0,196.0,183.0,21.0,162.0,0,1
左偏且从90度往正中间转且离墙最远转.csv,694,left_bias,far,transition,13.918,348.0,34.0,314.0,216.0,21.0,195.0,0,1
左偏且从90度往正中间转且离墙最远转.csv,695,left_bias,far,transition,13.938,149.0,20.0,129.0,216.0,21.0,195.0,0,1
左偏且从90度往正中间转且离墙最远转.csv,696,left_bias,far,transition,13.958,216.0,20.0,196.0,216.0,21.0,195.0,0,1
左偏且从90度往正中间转且离墙最远转.csv,697,left_bias,far,transition,13.978,185.0,20.0,165.0,185.0,20.0,165.0,0,1
左偏且从90度往正中间转且离墙最远转.csv,698,left_bias,far,transition,13.998,42.0,21.0,21.0,183.0,20.0,163.0,0,1
左偏且从90度往正中间转且离墙最远转.csv,699,left_bias,far,transition,14.018,216.0,20.0,196.0,185.0,20.0,165.0,0,1
左偏且从90度往正中间转且离墙最远转.csv,700,left_bias,far,transition,14.038,16.0,20.0,-4.0,185.0,20.0,165.0,0,1
左偏且从90度往正中间转且离墙最远转.csv,701,left_bias,far,transition,14.058,543.0,20.0,523.0,216.0,20.0,196.0,0,1
左偏且从90度往正中间转且离墙最远转.csv,702,left_bias,far,transition,14.078,183.0,20.0,163.0,185.0,20.0,165.0,0,1
左偏且从90度往正中间转且离墙最远转.csv,703,left_bias,far,transition,14.099,639.0,20.0,619.0,185.0,20.0,165.0,0,1
左偏且从90度往正中间转且离墙最远转.csv,704,left_bias,far,transition,14.119,166.0,21.0,145.0,185.0,20.0,165.0,0,1
左偏且从90度往正中间转且离墙最远转.csv,705,left_bias,far,transition,14.139,312.0,20.0,292.0,185.0,20.0,165.0,0,1
左偏且从90度往正中间转且离墙最远转.csv,706,left_bias,far,transition,14.159,184.0,20.0,164.0,184.0,20.0,164.0,0,1
左偏且从90度往正中间转且离墙最远转.csv,707,left_bias,far,transition,14.179,17.0,20.0,-3.0,184.0,20.0,164.0,0,1
左偏且从90度往正中间转且离墙最远转.csv,708,left_bias,far,transition,14.199,181.0,20.0,161.0,183.0,20.0,163.0,0,1
左偏且从90度往正中间转且离墙最远转.csv,709,left_bias,far,transition,14.219,574.0,20.0,554.0,184.0,20.0,164.0,0,1
左偏且从90度往正中间转且离墙最远转.csv,710,left_bias,far,transition,14.239,460.0,21.0,439.0,184.0,20.0,164.0,0,1
左偏且从90度往正中间转且离墙最远转.csv,711,left_bias,far,transition,14.259,216.0,20.0,196.0,216.0,20.0,196.0,0,1
左偏且从90度往正中间转且离墙最远转.csv,712,left_bias,far,transition,14.28,199.0,20.0,179.0,199.0,20.0,179.0,0,1
左偏且从90度往正中间转且离墙最远转.csv,713,left_bias,far,transition,14.3,41.0,20.0,21.0,199.0,20.0,179.0,0,1
左偏且从90度往正中间转且离墙最远转.csv,714,left_bias,far,transition,14.32,167.0,21.0,146.0,184.0,20.0,164.0,0,1
左偏且从90度往正中间转且离墙最远转.csv,715,left_bias,far,transition,14.34,185.0,28.0,157.0,185.0,20.0,165.0,0,1
左偏且从90度往正中间转且离墙最远转.csv,716,left_bias,far,transition,14.36,216.0,20.0,196.0,199.0,20.0,179.0,0,1
左偏且从90度往正中间转且离墙最远转.csv,717,left_bias,far,transition,14.38,216.0,21.0,195.0,216.0,20.0,196.0,0,1
左偏且从90度往正中间转且离墙最远转.csv,718,left_bias,far,transition,14.4,133.0,20.0,113.0,199.0,20.0,179.0,0,1
左偏且从90度往正中间转且离墙最远转.csv,719,left_bias,far,transition,14.42,52.0,20.0,32.0,185.0,20.0,165.0,0,1
左偏且从90度往正中间转且离墙最远转.csv,720,left_bias,far,transition,14.44,182.0,20.0,162.0,182.0,20.0,162.0,0,1
左偏且从90度往正中间转且离墙最远转.csv,721,left_bias,far,transition,14.46,558.0,20.0,538.0,182.0,20.0,162.0,0,1
左偏且从90度往正中间转且离墙最远转.csv,722,left_bias,far,transition,14.481,232.0,20.0,212.0,185.0,20.0,165.0,0,1
左偏且从90度往正中间转且离墙最远转.csv,723,left_bias,far,transition,14.501,138.0,20.0,118.0,185.0,20.0,165.0,0,1
左偏且从90度往正中间转且离墙最远转.csv,724,left_bias,far,transition,14.521,166.0,20.0,146.0,182.0,20.0,162.0,0,1
左偏且从90度往正中间转且离墙最远转.csv,725,left_bias,far,transition,14.541,18.0,20.0,-2.0,166.0,20.0,146.0,0,1
左偏且从90度往正中间转且离墙最远转.csv,726,left_bias,far,transition,14.561,182.0,19.0,163.0,166.0,20.0,146.0,0,1
左偏且从90度往正中间转且离墙最远转.csv,727,left_bias,far,transition,14.581,16.0,21.0,-5.0,166.0,20.0,146.0,0,1
左偏且从90度往正中间转且离墙最远转.csv,728,left_bias,far,transition,14.601,299.0,21.0,278.0,182.0,20.0,162.0,0,1
左偏且从90度往正中间转且离墙最远转.csv,729,left_bias,far,transition,14.621,216.0,21.0,195.0,182.0,20.0,162.0,0,1
左偏且从90度往正中间转且离墙最远转.csv,730,left_bias,far,transition,14.641,623.0,20.0,603.0,182.0,20.0,162.0,0,1
左偏且从90度往正中间转且离墙最远转.csv,731,left_bias,far,transition,14.662,182.0,20.0,162.0,182.0,20.0,162.0,0,1
左偏且从90度往正中间转且离墙最远转.csv,732,left_bias,far,transition,14.682,101.0,21.0,80.0,182.0,20.0,162.0,0,1
左偏且从90度往正中间转且离墙最远转.csv,733,left_bias,far,transition,14.702,234.0,20.0,214.0,182.0,20.0,162.0,0,1
左偏且从90度往正中间转且离墙最远转.csv,734,left_bias,far,transition,14.722,17.0,20.0,-3.0,182.0,20.0,162.0,0,1
左偏且从90度往正中间转且离墙最远转.csv,735,left_bias,far,transition,14.742,215.0,20.0,195.0,215.0,20.0,195.0,0,1
左偏且从90度往正中间转且离墙最远转.csv,736,left_bias,far,transition,14.762,182.0,20.0,162.0,215.0,20.0,195.0,0,1
左偏且从90度往正中间转且离墙最远转.csv,737,left_bias,far,transition,14.782,395.0,19.0,376.0,215.0,20.0,195.0,0,1
左偏且从90度往正中间转且离墙最远转.csv,738,left_bias,far,transition,14.802,200.0,20.0,180.0,200.0,20.0,180.0,0,1
左偏且从90度往正中间转且离墙最远转.csv,739,left_bias,far,transition,14.822,232.0,20.0,212.0,200.0,20.0,180.0,0,1
左偏且从90度往正中间转且离墙最远转.csv,740,left_bias,far,transition,14.843,216.0,20.0,196.0,215.0,20.0,195.0,0,1
左偏且从90度往正中间转且离墙最远转.csv,741,left_bias,far,transition,14.863,150.0,21.0,129.0,215.0,20.0,195.0,0,1
左偏且从90度往正中间转且离墙最远转.csv,742,left_bias,far,transition,14.883,233.0,21.0,212.0,215.0,20.0,195.0,0,1
左偏且从90度往正中间转且离墙最远转.csv,743,left_bias,far,transition,14.903,183.0,20.0,163.0,215.0,20.0,195.0,0,1
左偏且从90度往正中间转且离墙最远转.csv,744,left_bias,far,transition,14.923,182.0,20.0,162.0,200.0,20.0,180.0,0,1
左偏且从90度往正中间转且离墙最远转.csv,745,left_bias,far,transition,14.943,182.0,21.0,161.0,200.0,20.0,180.0,0,1
左偏且从90度往正中间转且离墙最远转.csv,746,left_bias,far,transition,14.963,17.0,20.0,-3.0,183.0,20.0,163.0,0,1
左偏且从90度往正中间转且离墙最远转.csv,747,left_bias,far,transition,14.983,149.0,20.0,129.0,182.0,20.0,162.0,0,1
左偏且从90度往正中间转且离墙最远转.csv,748,left_bias,far,transition,15.003,345.0,20.0,325.0,182.0,20.0,162.0,0,1
左偏且从90度往正中间转且离墙最远转.csv,749,left_bias,far,transition,15.023,181.0,20.0,161.0,182.0,20.0,162.0,0,1
左偏且从90度往正中间转且离墙最远转.csv,750,left_bias,far,transition,15.044,233.0,20.0,213.0,182.0,20.0,162.0,0,1
左偏且从90度往正中间转且离墙最远转.csv,751,left_bias,far,transition,15.064,394.0,20.0,374.0,182.0,20.0,162.0,0,1
左偏且从90度往正中间转且离墙最远转.csv,752,left_bias,far,transition,15.084,52.0,33.0,19.0,182.0,20.0,162.0,0,1
左偏且从90度往正中间转且离墙最远转.csv,753,left_bias,far,transition,15.104,134.0,24.0,110.0,181.0,20.0,161.0,0,1
左偏且从90度往正中间转且离墙最远转.csv,754,left_bias,far,transition,15.124,144.0,32.0,112.0,149.0,20.0,129.0,0,1
左偏且从90度往正中间转且离墙最远转.csv,755,left_bias,far,transition,15.144,101.0,20.0,81.0,149.0,20.0,129.0,0,1
左偏且从90度往正中间转且离墙最远转.csv,756,left_bias,far,transition,15.164,232.0,19.0,213.0,181.0,20.0,161.0,0,1
左偏且从90度往正中间转且离墙最远转.csv,757,left_bias,far,transition,15.184,574.0,20.0,554.0,181.0,20.0,161.0,0,1
左偏且从90度往正中间转且离墙最远转.csv,758,left_bias,far,transition,15.204,214.0,20.0,194.0,214.0,20.0,194.0,0,1
左偏且从90度往正中间转且离墙最远转.csv,759,left_bias,far,transition,15.225,166.0,20.0,146.0,166.0,20.0,146.0,0,1
左偏且从90度往正中间转且离墙最远转.csv,760,left_bias,far,transition,15.245,166.0,20.0,146.0,166.0,20.0,146.0,0,1
左偏且从90度往正中间转且离墙最远转.csv,761,left_bias,far,transition,15.265,117.0,20.0,97.0,166.0,20.0,146.0,0,1
左偏且从90度往正中间转且离墙最远转.csv,762,left_bias,far,transition,15.285,231.0,19.0,212.0,166.0,20.0,146.0,0,1
左偏且从90度往正中间转且离墙最远转.csv,763,left_bias,far,transition,15.305,200.0,20.0,180.0,200.0,20.0,180.0,0,1
左偏且从90度往正中间转且离墙最远转.csv,764,left_bias,far,transition,15.325,150.0,20.0,130.0,200.0,20.0,180.0,0,1
左偏且从90度往正中间转且离墙最远转.csv,765,left_bias,far,transition,15.345,183.0,20.0,163.0,183.0,20.0,163.0,0,1
左偏且从90度往正中间转且离墙最远转.csv,766,left_bias,far,transition,15.365,101.0,21.0,80.0,166.0,20.0,146.0,0,1
左偏且从90度往正中间转且离墙最远转.csv,767,left_bias,far,transition,15.385,166.0,20.0,146.0,166.0,20.0,146.0,0,1
左偏且从90度往正中间转且离墙最远转.csv,768,left_bias,far,transition,15.405,216.0,20.0,196.0,166.0,20.0,146.0,0,1
左偏且从90度往正中间转且离墙最远转.csv,769,left_bias,far,transition,15.426,544.0,32.0,512.0,183.0,20.0,163.0,0,1
左偏且从90度往正中间转且离墙最远转.csv,770,left_bias,far,transition,15.446,149.0,22.0,127.0,183.0,20.0,163.0,0,1
左偏且从90度往正中间转且离墙最远转.csv,771,left_bias,far,transition,15.466,305.0,21.0,284.0,183.0,20.0,163.0,0,1
左偏且从90度往正中间转且离墙最远转.csv,772,left_bias,far,transition,15.486,183.0,20.0,163.0,183.0,20.0,163.0,0,1
左偏且从90度往正中间转且离墙最远转.csv,773,left_bias,far,transition,15.506,17.0,21.0,-4.0,183.0,21.0,162.0,0,1
左偏且从90度往正中间转且离墙最远转.csv,774,left_bias,far,transition,15.526,215.0,20.0,195.0,183.0,21.0,162.0,0,1
左偏且从90度往正中间转且离墙最远转.csv,775,left_bias,far,transition,15.546,17.0,19.0,-2.0,183.0,20.0,163.0,0,1
左偏且从90度往正中间转且离墙最远转.csv,776,left_bias,far,transition,15.566,149.0,19.0,130.0,183.0,20.0,163.0,0,1
左偏且从90度往正中间转且离墙最远转.csv,777,left_bias,far,transition,15.586,183.0,20.0,163.0,183.0,20.0,163.0,0,1
左偏且从90度往正中间转且离墙最远转.csv,778,left_bias,far,transition,15.607,576.0,20.0,556.0,183.0,20.0,163.0,0,1
左偏且从90度往正中间转且离墙最远转.csv,779,left_bias,far,transition,15.627,232.0,20.0,212.0,183.0,20.0,163.0,0,1
左偏且从90度往正中间转且离墙最远转.csv,780,left_bias,far,transition,15.647,249.0,20.0,229.0,183.0,20.0,163.0,0,1
左偏且从90度往正中间转且离墙最远转.csv,781,left_bias,far,transition,15.667,150.0,20.0,130.0,183.0,20.0,163.0,0,1
左偏且从90度往正中间转且离墙最远转.csv,782,left_bias,far,transition,15.687,17.0,20.0,-3.0,183.0,20.0,163.0,0,1
左偏且从90度往正中间转且离墙最远转.csv,783,left_bias,far,transition,15.707,182.0,20.0,162.0,182.0,20.0,162.0,0,1
左偏且从90度往正中间转且离墙最远转.csv,784,left_bias,far,transition,15.727,345.0,20.0,325.0,183.0,20.0,163.0,0,1
左偏且从90度往正中间转且离墙最远转.csv,785,left_bias,far,transition,15.747,233.0,20.0,213.0,232.0,20.0,212.0,0,1
左偏且从90度往正中间转且离墙最远转.csv,786,left_bias,far,transition,15.767,200.0,20.0,180.0,232.0,20.0,212.0,0,1
左偏且从90度往正中间转且离墙最远转.csv,787,left_bias,far,transition,15.788,150.0,20.0,130.0,200.0,20.0,180.0,0,1
左偏且从90度往正中间转且离墙最远转.csv,788,left_bias,far,transition,15.808,165.0,20.0,145.0,182.0,20.0,162.0,0,1
左偏且从90度往正中间转且离墙最远转.csv,789,left_bias,far,transition,15.828,189.0,20.0,169.0,182.0,20.0,162.0,0,1
左偏且从90度往正中间转且离墙最远转.csv,790,left_bias,far,transition,15.848,250.0,32.0,218.0,189.0,20.0,169.0,0,1
左偏且从90度往正中间转且离墙最远转.csv,791,left_bias,far,transition,15.868,184.0,22.0,162.0,189.0,20.0,169.0,0,1
左偏且从90度往正中间转且离墙最远转.csv,792,left_bias,far,transition,15.888,216.0,20.0,196.0,200.0,20.0,180.0,0,1
左偏且从90度往正中间转且离墙最远转.csv,793,left_bias,far,transition,15.908,32.0,20.0,12.0,189.0,20.0,169.0,0,1
左偏且从90度往正中间转且离墙最远转.csv,794,left_bias,far,transition,15.928,17.0,20.0,-3.0,184.0,20.0,164.0,0,1
左偏且从90度往正中间转且离墙最远转.csv,795,left_bias,far,transition,15.948,166.0,21.0,145.0,166.0,20.0,146.0,0,1
左偏且从90度往正中间转且离墙最远转.csv,796,left_bias,far,transition,15.968,560.0,21.0,539.0,184.0,20.0,164.0,0,1
左偏且从90度往正中间转且离墙最远转.csv,797,left_bias,far,transition,15.989,199.0,19.0,180.0,189.0,20.0,169.0,0,1
左偏且从90度往正中间转且离墙最远转.csv,798,left_bias,far,transition,16.009,574.0,20.0,554.0,199.0,20.0,179.0,0,1
左偏且从90度往正中间转且离墙最远转.csv,799,left_bias,far,transition,16.029,282.0,20.0,262.0,199.0,20.0,179.0,0,1
左偏且从90度往正中间转且离墙最远转.csv,800,left_bias,far,transition,16.049,17.0,21.0,-4.0,199.0,20.0,179.0,0,1
左偏且从90度往正中间转且离墙最远转.csv,801,left_bias,far,transition,16.069,181.0,20.0,161.0,181.0,20.0,161.0,0,1
左偏且从90度往正中间转且离墙最远转.csv,802,left_bias,far,transition,16.089,17.0,21.0,-4.0,181.0,20.0,161.0,0,1
左偏且从90度往正中间转且离墙最远转.csv,803,left_bias,far,transition,16.109,41.0,20.0,21.0,181.0,20.0,161.0,0,1
左偏且从90度往正中间转且离墙最远转.csv,804,left_bias,far,transition,16.129,150.0,20.0,130.0,181.0,20.0,161.0,0,1
左偏且从90度往正中间转且离墙最远转.csv,805,left_bias,far,transition,16.149,608.0,20.0,588.0,181.0,20.0,161.0,0,1
左偏且从90度往正中间转且离墙最远转.csv,806,left_bias,far,transition,16.17,182.0,21.0,161.0,181.0,20.0,161.0,0,1
左偏且从90度往正中间转且离墙最远转.csv,807,left_bias,far,transition,16.19,330.0,24.0,306.0,181.0,20.0,161.0,0,1
左偏且从90度往正中间转且离墙最远转.csv,808,left_bias,far,transition,16.21,216.0,32.0,184.0,181.0,21.0,160.0,0,1
左偏且从90度往正中间转且离墙最远转.csv,809,left_bias,far,transition,16.23,167.0,21.0,146.0,181.0,21.0,160.0,0,1
左偏且从90度往正中间转且离墙最远转.csv,810,left_bias,far,transition,16.25,150.0,21.0,129.0,167.0,21.0,146.0,0,1
左偏且从90度往正中间转且离墙最远转.csv,811,left_bias,far,transition,16.27,25.0,19.0,6.0,167.0,21.0,146.0,0,1
左偏且从90度往正中间转且离墙最远转.csv,812,left_bias,far,transition,16.29,183.0,20.0,163.0,182.0,21.0,161.0,0,1
左偏且从90度往正中间转且离墙最远转.csv,813,left_bias,far,transition,16.31,232.0,19.0,213.0,183.0,21.0,162.0,0,1
左偏且从90度往正中间转且离墙最远转.csv,814,left_bias,far,transition,16.33,133.0,20.0,113.0,182.0,21.0,161.0,0,1
左偏且从90度往正中间转且离墙最远转.csv,815,left_bias,far,transition,16.35,216.0,20.0,196.0,183.0,20.0,163.0,0,1
左偏且从90度往正中间转且离墙最远转.csv,816,left_bias,far,transition,16.371,183.0,20.0,163.0,183.0,20.0,163.0,0,1
左偏且从90度往正中间转且离墙最远转.csv,817,left_bias,far,transition,16.391,476.0,20.0,456.0,183.0,20.0,163.0,0,1
左偏且从90度往正中间转且离墙最远转.csv,818,left_bias,far,transition,16.411,182.0,20.0,162.0,183.0,20.0,163.0,0,1
左偏且从90度往正中间转且离墙最远转.csv,819,left_bias,far,transition,16.431,248.0,20.0,228.0,183.0,20.0,163.0,0,1
左偏且从90度往正中间转且离墙最远转.csv,820,left_bias,far,transition,16.451,166.0,20.0,146.0,183.0,20.0,163.0,0,1
左偏且从90度往正中间转且离墙最远转.csv,821,left_bias,far,transition,16.471,17.0,19.0,-2.0,183.0,20.0,163.0,0,1
左偏且从90度往正中间转且离墙最远转.csv,822,left_bias,far,transition,16.491,182.0,20.0,162.0,182.0,20.0,162.0,0,1
左偏且从90度往正中间转且离墙最远转.csv,823,left_bias,far,transition,16.511,132.0,20.0,112.0,182.0,20.0,162.0,0,1
左偏且从90度往正中间转且离墙最远转.csv,824,left_bias,far,transition,16.531,166.0,20.0,146.0,182.0,20.0,162.0,0,1
左偏且从90度往正中间转且离墙最远转.csv,825,left_bias,far,transition,16.552,216.0,20.0,196.0,182.0,20.0,162.0,0,1
左偏且从90度往正中间转且离墙最远转.csv,826,left_bias,far,transition,16.572,509.0,20.0,489.0,182.0,20.0,162.0,0,1
左偏且从90度往正中间转且离墙最远转.csv,827,left_bias,far,transition,16.592,51.0,20.0,31.0,166.0,20.0,146.0,0,1
左偏且从90度往正中间转且离墙最远转.csv,828,left_bias,far,transition,16.612,183.0,32.0,151.0,166.0,20.0,146.0,0,1
左偏且从90度往正中间转且离墙最远转.csv,829,left_bias,far,transition,16.632,19.0,20.0,-1.0,166.0,20.0,146.0,0,1
左偏且从90度往正中间转且离墙最远转.csv,830,left_bias,far,transition,16.652,26.0,20.0,6.0,166.0,20.0,146.0,0,1
左偏且从90度往正中间转且离墙最远转.csv,831,left_bias,far,transition,16.672,200.0,20.0,180.0,166.0,20.0,146.0,0,1
左偏且从90度往正中间转且离墙最远转.csv,832,left_bias,far,transition,16.692,442.0,20.0,422.0,183.0,20.0,163.0,0,1
左偏且从90度往正中间转且离墙最远转.csv,833,left_bias,far,transition,16.712,150.0,20.0,130.0,183.0,20.0,163.0,0,1
左偏且从90度往正中间转且离墙最远转.csv,834,left_bias,far,transition,16.732,184.0,20.0,164.0,183.0,20.0,163.0,0,1
左偏且从90度往正中间转且离墙最远转.csv,835,left_bias,far,transition,16.753,168.0,19.0,149.0,168.0,20.0,148.0,0,1
左偏且从90度往正中间转且离墙最远转.csv,836,left_bias,far,transition,16.773,232.0,20.0,212.0,183.0,20.0,163.0,0,1
左偏且从90度往正中间转且离墙最远转.csv,837,left_bias,far,transition,16.793,198.0,20.0,178.0,184.0,20.0,164.0,0,1
左偏且从90度往正中间转且离墙最远转.csv,838,left_bias,far,transition,16.813,215.0,20.0,195.0,198.0,20.0,178.0,0,1
左偏且从90度往正中间转且离墙最远转.csv,839,left_bias,far,transition,16.833,183.0,20.0,163.0,198.0,20.0,178.0,0,1
左偏且从90度往正中间转且离墙最远转.csv,840,left_bias,far,transition,16.853,167.0,20.0,147.0,184.0,20.0,164.0,0,1
左偏且从90度往正中间转且离墙最远转.csv,841,left_bias,far,transition,16.873,51.0,20.0,31.0,183.0,20.0,163.0,0,1
左偏且从90度往正中间转且离墙最远转.csv,842,left_bias,far,transition,16.893,232.0,20.0,212.0,184.0,20.0,164.0,0,1
左偏且从90度往正中间转且离墙最远转.csv,843,left_bias,far,transition,16.913,216.0,20.0,196.0,198.0,20.0,178.0,0,1
左偏且从90度往正中间转且离墙最远转.csv,844,left_bias,far,transition,16.934,492.0,21.0,471.0,215.0,20.0,195.0,0,1
左偏且从90度往正中间转且离墙最远转.csv,845,left_bias,far,transition,16.954,169.0,33.0,136.0,198.0,20.0,178.0,0,1
左偏且从90度往正中间转且离墙最远转.csv,846,left_bias,far,transition,16.974,559.0,22.0,537.0,215.0,20.0,195.0,0,1
左偏且从90度往正中间转且离墙最远转.csv,847,left_bias,far,transition,16.994,182.0,20.0,162.0,183.0,20.0,163.0,0,1
左偏且从90度往正中间转且离墙最远转.csv,848,left_bias,far,transition,17.014,33.0,20.0,13.0,182.0,20.0,162.0,0,1
左偏且从90度往正中间转且离墙最远转.csv,849,left_bias,far,transition,17.034,200.0,20.0,180.0,200.0,20.0,180.0,0,1
左偏且从90度往正中间转且离墙最远转.csv,850,left_bias,far,transition,17.054,17.0,20.0,-3.0,200.0,20.0,180.0,0,1
左偏且从90度往正中间转且离墙最远转.csv,851,left_bias,far,transition,17.074,166.0,20.0,146.0,182.0,20.0,162.0,0,1
左偏且从90度往正中间转且离墙最远转.csv,852,left_bias,far,transition,17.094,167.0,21.0,146.0,169.0,20.0,149.0,0,1
左偏且从90度往正中间转且离墙最远转.csv,853,left_bias,far,transition,17.115,656.0,20.0,636.0,169.0,20.0,149.0,0,1
左偏且从90度往正中间转且离墙最远转.csv,854,left_bias,far,transition,17.135,215.0,20.0,195.0,182.0,20.0,162.0,0,1
左偏且从90度往正中间转且离墙最远转.csv,855,left_bias,far,transition,17.155,248.0,20.0,228.0,182.0,20.0,162.0,0,1
左偏且从90度往正中间转且离墙最远转.csv,856,left_bias,far,transition,17.175,166.0,20.0,146.0,167.0,20.0,147.0,0,1
左偏且从90度往正中间转且离墙最远转.csv,857,left_bias,far,transition,17.195,32.0,20.0,12.0,167.0,20.0,147.0,0,1
左偏且从90度往正中间转且离墙最远转.csv,858,left_bias,far,transition,17.215,183.0,20.0,163.0,167.0,20.0,147.0,0,1
左偏且从90度往正中间转且离墙最远转.csv,859,left_bias,far,transition,17.235,249.0,20.0,229.0,183.0,20.0,163.0,0,1
左偏且从90度往正中间转且离墙最远转.csv,860,left_bias,far,transition,17.255,214.0,18.0,196.0,214.0,20.0,194.0,0,1
左偏且从90度往正中间转且离墙最远转.csv,861,left_bias,far,transition,17.275,152.0,20.0,132.0,214.0,20.0,194.0,0,1
左偏且从90度往正中间转且离墙最远转.csv,862,left_bias,far,transition,17.296,83.0,20.0,63.0,183.0,20.0,163.0,0,1
左偏且从90度往正中间转且离墙最远转.csv,863,left_bias,far,transition,17.316,166.0,20.0,146.0,166.0,20.0,146.0,0,1
左偏且从90度往正中间转且离墙最远转.csv,864,left_bias,far,transition,17.336,371.0,20.0,351.0,166.0,20.0,146.0,0,1
左偏且从90度往正中间转且离墙最远转.csv,865,left_bias,far,transition,17.356,395.0,20.0,375.0,183.0,20.0,163.0,0,1
左偏且从90度往正中间转且离墙最远转.csv,866,left_bias,far,transition,17.376,183.0,23.0,160.0,183.0,20.0,163.0,0,1
左偏且从90度往正中间转且离墙最远转.csv,867,left_bias,far,transition,17.396,167.0,31.0,136.0,183.0,20.0,163.0,0,1
左偏且从90度往正中间转且离墙最远转.csv,868,left_bias,far,transition,17.416,32.0,20.0,12.0,167.0,20.0,147.0,0,1
左偏且从90度往正中间转且离墙最远转.csv,869,left_bias,far,transition,17.436,183.0,21.0,162.0,167.0,20.0,147.0,0,1
左偏且从90度往正中间转且离墙最远转.csv,870,left_bias,far,transition,17.456,216.0,20.0,196.0,183.0,20.0,163.0,0,1
左偏且从90度往正中间转且离墙最远转.csv,871,left_bias,far,transition,17.476,394.0,20.0,374.0,183.0,20.0,163.0,0,1
左偏且从90度往正中间转且离墙最远转.csv,872,left_bias,far,transition,17.497,200.0,21.0,179.0,200.0,20.0,180.0,0,1
左偏且从90度往正中间转且离墙最远转.csv,873,left_bias,far,transition,17.517,590.0,20.0,570.0,200.0,20.0,180.0,0,1
左偏且从90度往正中间转且离墙最远转.csv,874,left_bias,far,transition,17.537,331.0,21.0,310.0,200.0,21.0,179.0,0,1
左偏且从90度往正中间转且离墙最远转.csv,875,left_bias,far,transition,17.557,85.0,21.0,64.0,200.0,21.0,179.0,0,1
左偏且从90度往正中间转且离墙最远转.csv,876,left_bias,far,transition,17.577,231.0,20.0,211.0,216.0,20.0,196.0,0,1
左偏且从90度往正中间转且离墙最远转.csv,877,left_bias,far,transition,17.597,17.0,20.0,-3.0,216.0,20.0,196.0,0,1
左偏且从90度往正中间转且离墙最远转.csv,878,left_bias,far,transition,17.617,188.0,20.0,168.0,216.0,20.0,196.0,0,1
左偏且从90度往正中间转且离墙最远转.csv,879,left_bias,far,transition,17.637,167.0,19.0,148.0,200.0,20.0,180.0,0,1
左偏且从90度往正中间转且离墙最远转.csv,880,left_bias,far,transition,17.657,492.0,20.0,472.0,200.0,20.0,180.0,0,1
左偏且从90度往正中间转且离墙最远转.csv,881,left_bias,far,transition,17.678,183.0,21.0,162.0,188.0,20.0,168.0,0,1
左偏且从90度往正中间转且离墙最远转.csv,882,left_bias,far,transition,17.698,232.0,22.0,210.0,188.0,20.0,168.0,0,1
左偏且从90度往正中间转且离墙最远转.csv,883,left_bias,far,transition,17.718,200.0,32.0,168.0,188.0,20.0,168.0,0,1
左偏且从90度往正中间转且离墙最远转.csv,884,left_bias,far,transition,17.738,150.0,32.0,118.0,188.0,20.0,168.0,0,1
左偏且从90度往正中间转且离墙最远转.csv,885,left_bias,far,transition,17.758,183.0,21.0,162.0,183.0,21.0,162.0,0,1
左偏且从90度往正中间转且离墙最远转.csv,886,left_bias,far,transition,17.778,166.0,20.0,146.0,183.0,21.0,162.0,0,1
左偏且从90度往正中间转且离墙最远转.csv,887,left_bias,far,transition,17.798,199.0,19.0,180.0,183.0,21.0,162.0,0,1
左偏且从90度往正中间转且离墙最远转.csv,888,left_bias,far,transition,17.818,200.0,20.0,180.0,199.0,21.0,178.0,0,1
左偏且从90度往正中间转且离墙最远转.csv,889,left_bias,far,transition,17.838,18.0,20.0,-2.0,183.0,21.0,162.0,0,1
左偏且从90度往正中间转且离墙最远转.csv,890,left_bias,far,transition,17.858,150.0,20.0,130.0,183.0,20.0,163.0,0,1
左偏且从90度往正中间转且离墙最远转.csv,891,left_bias,far,transition,17.879,426.0,21.0,405.0,183.0,20.0,163.0,0,1
左偏且从90度往正中间转且离墙最远转.csv,892,left_bias,far,transition,17.899,560.0,20.0,540.0,183.0,20.0,163.0,0,1
左偏且从90度往正中间转且离墙最远转.csv,893,left_bias,far,transition,17.919,233.0,20.0,213.0,199.0,20.0,179.0,0,1
左偏且从90度往正中间转且离墙最远转.csv,894,left_bias,far,transition,17.939,312.0,20.0,292.0,200.0,20.0,180.0,0,1
左偏且从90度往正中间转且离墙最远转.csv,895,left_bias,far,transition,17.959,83.0,20.0,63.0,200.0,20.0,180.0,0,1
左偏且从90度往正中间转且离墙最远转.csv,896,left_bias,far,transition,17.979,17.0,20.0,-3.0,200.0,20.0,180.0,0,1
左偏且从90度往正中间转且离墙最远转.csv,897,left_bias,far,transition,17.999,182.0,20.0,162.0,182.0,20.0,162.0,0,1
左偏且从90度往正中间转且离墙最远转.csv,898,left_bias,far,transition,18.019,167.0,20.0,147.0,182.0,20.0,162.0,0,1
左偏且从90度往正中间转且离墙最远转.csv,899,left_bias,far,transition,18.039,215.0,20.0,195.0,215.0,20.0,195.0,0,1
左偏且从90度往正中间转且离墙最远转.csv,900,left_bias,far,transition,18.06,590.0,20.0,570.0,215.0,20.0,195.0,0,1
左偏且从90度往正中间转且离墙最远转.csv,901,left_bias,far,transition,18.08,314.0,20.0,294.0,215.0,20.0,195.0,0,1
左偏且从90度往正中间转且离墙最远转.csv,902,left_bias,far,transition,18.1,100.0,20.0,80.0,182.0,20.0,162.0,0,1
左偏且从90度往正中间转且离墙最远转.csv,903,left_bias,far,transition,18.12,182.0,20.0,162.0,182.0,20.0,162.0,0,1
左偏且从90度往正中间转且离墙最远转.csv,904,left_bias,far,transition,18.14,26.0,22.0,4.0,182.0,20.0,162.0,0,1
左偏且从90度往正中间转且离墙最远转.csv,905,left_bias,far,transition,18.16,135.0,21.0,114.0,182.0,20.0,162.0,0,1
左偏且从90度往正中间转且离墙最远转.csv,906,left_bias,far,transition,18.18,217.0,20.0,197.0,182.0,20.0,162.0,0,1
左偏且从90度往正中间转且离墙最远转.csv,907,left_bias,far,transition,18.2,249.0,20.0,229.0,215.0,20.0,195.0,0,1
左偏且从90度往正中间转且离墙最远转.csv,908,left_bias,far,transition,18.22,167.0,20.0,147.0,182.0,20.0,162.0,0,1
左偏且从90度往正中间转且离墙最远转.csv,909,left_bias,far,transition,18.24,167.0,20.0,147.0,167.0,20.0,147.0,0,1
左偏且从90度往正中间转且离墙最远转.csv,910,left_bias,far,transition,18.261,200.0,20.0,180.0,167.0,20.0,147.0,0,1
左偏且从90度往正中间转且离墙最远转.csv,911,left_bias,far,transition,18.281,234.0,20.0,214.0,182.0,20.0,162.0,0,1
左偏且从90度往正中间转且离墙最远转.csv,912,left_bias,far,transition,18.301,411.0,20.0,391.0,200.0,20.0,180.0,0,1
左偏且从90度往正中间转且离墙最远转.csv,913,left_bias,far,transition,18.321,216.0,21.0,195.0,216.0,20.0,196.0,0,1
左偏且从90度往正中间转且离墙最远转.csv,914,left_bias,far,transition,18.341,168.0,20.0,148.0,216.0,20.0,196.0,0,1
左偏且从90度往正中间转且离墙最远转.csv,915,left_bias,far,transition,18.361,167.0,20.0,147.0,200.0,20.0,180.0,0,1
左偏且从90度往正中间转且离墙最远转.csv,916,left_bias,far,transition,18.381,17.0,20.0,-3.0,168.0,20.0,148.0,0,1
左偏且从90度往正中间转且离墙最远转.csv,917,left_bias,far,transition,18.401,236.0,25.0,211.0,200.0,20.0,180.0,0,1
左偏且从90度往正中间转且离墙最远转.csv,918,left_bias,far,transition,18.421,215.0,20.0,195.0,215.0,20.0,195.0,0,1
左偏且从90度往正中间转且离墙最远转.csv,919,left_bias,far,transition,18.441,509.0,20.0,489.0,216.0,20.0,196.0,0,1
左偏且从90度往正中间转且离墙最远转.csv,920,left_bias,far,transition,18.462,172.0,31.0,141.0,215.0,20.0,195.0,0,1
左偏且从90度往正中间转且离墙最远转.csv,921,left_bias,far,transition,18.482,624.0,21.0,603.0,215.0,20.0,195.0,0,1
左偏且从90度往正中间转且离墙最远转.csv,922,left_bias,far,transition,18.502,184.0,20.0,164.0,184.0,20.0,164.0,0,1
左偏且从90度往正中间转且离墙最远转.csv,923,left_bias,far,transition,18.522,85.0,20.0,65.0,184.0,20.0,164.0,0,1
左偏且从90度往正中间转且离墙最远转.csv,924,left_bias,far,transition,18.542,217.0,20.0,197.0,215.0,20.0,195.0,0,1
左偏且从90度往正中间转且离墙最远转.csv,925,left_bias,far,transition,18.562,24.0,21.0,3.0,215.0,20.0,195.0,0,1
左偏且从90度往正中间转且离墙最远转.csv,926,left_bias,far,transition,18.582,168.0,20.0,148.0,184.0,20.0,164.0,0,1
左偏且从90度往正中间转且离墙最远转.csv,927,left_bias,far,transition,18.602,167.0,20.0,147.0,172.0,20.0,152.0,0,1
左偏且从90度往正中间转且离墙最远转.csv,928,left_bias,far,transition,18.622,460.0,20.0,440.0,172.0,20.0,152.0,0,1
左偏且从90度往正中间转且离墙最远转.csv,929,left_bias,far,transition,18.642,216.0,20.0,196.0,184.0,20.0,164.0,0,1
左偏且从90度往正中间转且离墙最远转.csv,930,left_bias,far,transition,18.663,223.0,19.0,204.0,184.0,20.0,164.0,0,1
左偏且从90度往正中间转且离墙最远转.csv,931,left_bias,far,transition,18.683,149.0,20.0,129.0,168.0,20.0,148.0,0,1
左偏且从90度往正中间转且离墙最远转.csv,932,left_bias,far,transition,18.703,183.0,21.0,162.0,183.0,20.0,163.0,0,1
左偏且从90度往正中间转且离墙最远转.csv,933,left_bias,far,transition,18.723,183.0,33.0,150.0,183.0,20.0,163.0,0,1
左偏且从90度往正中间转且离墙最远转.csv,934,left_bias,far,transition,18.743,215.0,20.0,195.0,183.0,20.0,163.0,0,1
左偏且从90度往正中间转且离墙最远转.csv,935,left_bias,far,transition,18.763,216.0,20.0,196.0,215.0,20.0,195.0,0,1
左偏且从90度往正中间转且离墙最远转.csv,936,left_bias,far,transition,18.783,183.0,20.0,163.0,215.0,20.0,195.0,0,1
左偏且从90度往正中间转且离墙最远转.csv,937,left_bias,far,transition,18.803,17.0,20.0,-3.0,183.0,20.0,163.0,0,1
左偏且从90度往正中间转且离墙最远转.csv,938,left_bias,far,transition,18.823,166.0,20.0,146.0,183.0,20.0,163.0,0,1
左偏且从90度往正中间转且离墙最远转.csv,939,left_bias,far,transition,18.843,475.0,20.0,455.0,183.0,20.0,163.0,0,1
左偏且从90度往正中间转且离墙最远转.csv,940,left_bias,far,transition,18.863,199.0,20.0,179.0,183.0,20.0,163.0,0,1
左偏且从90度往正中间转且离墙最远转.csv,941,left_bias,far,transition,18.883,217.0,20.0,197.0,199.0,20.0,179.0,0,1
左偏且从90度往正中间转且离墙最远转.csv,942,left_bias,far,transition,18.903,217.0,21.0,196.0,215.0,20.0,195.0,0,1
左偏且从90度往正中间转且离墙最远转.csv,943,left_bias,far,transition,18.924,17.0,19.0,-2.0,199.0,20.0,179.0,0,1
左偏且从90度往正中间转且离墙最远转.csv,944,left_bias,far,transition,18.944,167.0,20.0,147.0,183.0,20.0,163.0,0,1
左偏且从90度往正中间转且离墙最远转.csv,945,left_bias,far,transition,18.964,184.0,20.0,164.0,184.0,20.0,164.0,0,1
左偏且从90度往正中间转且离墙最远转.csv,946,left_bias,far,transition,18.984,412.0,20.0,392.0,199.0,20.0,179.0,0,1
左偏且从90度往正中间转且离墙最远转.csv,947,left_bias,far,transition,19.004,224.0,20.0,204.0,217.0,20.0,197.0,0,1
左偏且从90度往正中间转且离墙最远转.csv,948,left_bias,far,transition,19.024,672.0,30.0,642.0,217.0,20.0,197.0,0,1
左偏且从90度往正中间转且离墙最远转.csv,949,left_bias,far,transition,19.044,149.0,20.0,129.0,217.0,20.0,197.0,0,1
左偏且从90度往正中间转且离墙最远转.csv,950,left_bias,far,transition,19.064,167.0,20.0,147.0,184.0,20.0,164.0,0,1
左偏且从90度往正中间转且离墙最远转.csv,951,left_bias,far,transition,19.084,183.0,20.0,163.0,183.0,20.0,163.0,0,1
左偏且从90度往正中间转且离墙最远转.csv,952,left_bias,far,transition,19.104,67.0,20.0,47.0,183.0,20.0,163.0,0,1
左偏且从90度往正中间转且离墙最远转.csv,953,left_bias,far,transition,19.124,216.0,20.0,196.0,184.0,20.0,164.0,0,1
左偏且从90度往正中间转且离墙最远转.csv,954,left_bias,far,transition,19.144,151.0,20.0,131.0,183.0,20.0,163.0,0,1
左偏且从90度往正中间转且离墙最远转.csv,955,left_bias,far,transition,19.165,298.0,20.0,278.0,183.0,20.0,163.0,0,1
左偏且从90度往正中间转且离墙最远转.csv,956,left_bias,far,transition,19.185,182.0,20.0,162.0,182.0,20.0,162.0,0,1
左偏且从90度往正中间转且离墙最远转.csv,957,left_bias,far,transition,19.205,183.0,20.0,163.0,182.0,20.0,162.0,0,1
左偏且从90度往正中间转且离墙最远转.csv,958,left_bias,far,transition,19.225,233.0,21.0,212.0,183.0,20.0,163.0,0,1
左偏且从90度往正中间转且离墙最远转.csv,959,left_bias,far,transition,19.245,201.0,32.0,169.0,183.0,20.0,163.0,0,1
左偏且从90度往正中间转且离墙最远转.csv,960,left_bias,far,transition,19.265,281.0,28.0,253.0,201.0,20.0,181.0,0,1
左偏且从90度往正中间转且离墙最远转.csv,961,left_bias,far,transition,19.285,182.0,20.0,162.0,201.0,20.0,181.0,0,1
左偏且从90度往正中间转且离墙最远转.csv,962,left_bias,far,end,19.305,183.0,20.0,163.0,183.0,20.0,163.0,0,1
左偏且从90度往正中间转且离墙最远转.csv,963,left_bias,far,end,19.325,249.0,20.0,229.0,201.0,20.0,181.0,0,1
左偏且从90度往正中间转且离墙最远转.csv,964,left_bias,far,end,19.345,16.0,20.0,-4.0,183.0,20.0,163.0,0,1
左偏且从90度往正中间转且离墙最远转.csv,965,left_bias,far,end,19.365,214.0,20.0,194.0,201.0,20.0,181.0,0,1
左偏且从90度往正中间转且离墙最远转.csv,966,left_bias,far,end,19.385,305.0,19.0,286.0,214.0,20.0,194.0,0,1
左偏且从90度往正中间转且离墙最远转.csv,967,left_bias,far,end,19.405,183.0,21.0,162.0,201.0,20.0,181.0,0,1
左偏且从90度往正中间转且离墙最远转.csv,968,left_bias,far,end,19.426,182.0,20.0,162.0,183.0,20.0,163.0,0,1
左偏且从90度往正中间转且离墙最远转.csv,969,left_bias,far,end,19.446,411.0,20.0,391.0,183.0,20.0,163.0,0,1
左偏且从90度往正中间转且离墙最远转.csv,970,left_bias,far,end,19.466,117.0,20.0,97.0,183.0,20.0,163.0,0,1
左偏且从90度往正中间转且离墙最远转.csv,971,left_bias,far,end,19.486,223.0,21.0,202.0,214.0,20.0,194.0,0,1
左偏且从90度往正中间转且离墙最远转.csv,972,left_bias,far,end,19.506,183.0,20.0,163.0,183.0,20.0,163.0,0,1
左偏且从90度往正中间转且离墙最远转.csv,973,left_bias,far,end,19.526,25.0,20.0,5.0,183.0,20.0,163.0,0,1
左偏且从90度往正中间转且离墙最远转.csv,974,left_bias,far,end,19.546,181.0,20.0,161.0,183.0,20.0,163.0,0,1
左偏且从90度往正中间转且离墙最远转.csv,975,left_bias,far,end,19.566,605.0,20.0,585.0,183.0,20.0,163.0,0,1
左偏且从90度往正中间转且离墙最远转.csv,976,left_bias,far,end,19.586,296.0,20.0,276.0,183.0,20.0,163.0,0,1
左偏且从90度往正中间转且离墙最远转.csv,977,left_bias,far,end,19.606,148.0,20.0,128.0,183.0,20.0,163.0,0,1
左偏且从90度往正中间转且离墙最远转.csv,978,left_bias,far,end,19.626,182.0,20.0,162.0,182.0,20.0,162.0,0,1
左偏且从90度往正中间转且离墙最远转.csv,979,left_bias,far,end,19.647,118.0,20.0,98.0,182.0,20.0,162.0,0,1
左偏且从90度往正中间转且离墙最远转.csv,980,left_bias,far,end,19.667,181.0,20.0,161.0,181.0,20.0,161.0,0,1
左偏且从90度往正中间转且离墙最远转.csv,981,left_bias,far,end,19.687,198.0,20.0,178.0,181.0,20.0,161.0,0,1
左偏且从90度往正中间转且离墙最远转.csv,982,left_bias,far,end,19.707,198.0,20.0,178.0,182.0,20.0,162.0,0,1
左偏且从90度往正中间转且离墙最远转.csv,983,left_bias,far,end,19.727,148.0,21.0,127.0,182.0,20.0,162.0,0,1
左偏且从90度往正中间转且离墙最远转.csv,984,left_bias,far,end,19.747,48.0,20.0,28.0,181.0,20.0,161.0,0,1
左偏且从90度往正中间转且离墙最远转.csv,985,left_bias,far,end,19.767,215.0,20.0,195.0,181.0,20.0,161.0,0,1
左偏且从90度往正中间转且离墙最远转.csv,986,left_bias,far,end,19.787,231.0,21.0,210.0,182.0,20.0,162.0,0,1
左偏且从90度往正中间转且离墙最远转.csv,987,left_bias,far,end,19.807,606.0,20.0,586.0,198.0,20.0,178.0,0,1
左偏且从90度往正中间转且离墙最远转.csv,988,left_bias,far,end,19.828,215.0,20.0,195.0,198.0,20.0,178.0,0,1
左偏且从90度往正中间转且离墙最远转.csv,989,left_bias,far,end,19.848,295.0,20.0,275.0,215.0,20.0,195.0,0,1
左偏且从90度往正中间转且离墙最远转.csv,990,left_bias,far,end,19.868,183.0,20.0,163.0,215.0,20.0,195.0,0,1
左偏且从90度往正中间转且离墙最远转.csv,991,left_bias,far,end,19.888,17.0,24.0,-7.0,215.0,20.0,195.0,0,1
左偏且从90度往正中间转且离墙最远转.csv,992,left_bias,far,end,19.908,240.0,20.0,220.0,215.0,20.0,195.0,0,1
左偏且从90度往正中间转且离墙最远转.csv,993,left_bias,far,end,19.928,33.0,20.0,13.0,215.0,20.0,195.0,0,1
左偏且从90度往正中间转且离墙最远转.csv,994,left_bias,far,end,19.948,475.0,20.0,455.0,231.0,20.0,211.0,0,1
左偏且从90度往正中间转且离墙最远转.csv,995,left_bias,far,end,19.968,182.0,20.0,162.0,215.0,20.0,195.0,0,1
左偏且从90度往正中间转且离墙最远转.csv,996,left_bias,far,end,19.988,541.0,20.0,521.0,215.0,20.0,195.0,0,1
左偏且从90度往正中间转且离墙最远转.csv,997,left_bias,far,end,20.009,189.0,20.0,169.0,189.0,20.0,169.0,0,1
左偏且从90度往正中间转且离墙最远转.csv,998,left_bias,far,end,20.029,132.0,20.0,112.0,183.0,20.0,163.0,0,1
左偏且从90度往正中间转且离墙最远转.csv,999,left_bias,far,end,20.049,198.0,20.0,178.0,189.0,20.0,169.0,0,1
左偏且从90度往正中间转且离墙最远转.csv,1000,left_bias,far,end,20.069,17.0,20.0,-3.0,189.0,20.0,169.0,0,1
左偏且从90度往正中间转且离墙最远转.csv,1001,left_bias,far,end,20.089,166.0,21.0,145.0,182.0,20.0,162.0,0,1
左偏且从90度往正中间转且离墙最远转.csv,1002,left_bias,far,end,20.109,316.0,20.0,296.0,189.0,20.0,169.0,0,1
左偏且从90度往正中间转且离墙最远转.csv,1003,left_bias,far,end,20.129,314.0,20.0,294.0,189.0,20.0,169.0,0,1
左偏且从90度往正中间转且离墙最远转.csv,1004,left_bias,far,end,20.149,216.0,20.0,196.0,198.0,20.0,178.0,0,1
左偏且从90度往正中间转且离墙最远转.csv,1005,left_bias,far,end,20.169,221.0,20.0,201.0,198.0,20.0,178.0,0,1
左偏且从90度往正中间转且离墙最远转.csv,1006,left_bias,far,end,20.189,149.0,21.0,128.0,198.0,20.0,178.0,0,1
左偏且从90度往正中间转且离墙最远转.csv,1007,left_bias,far,end,20.21,183.0,20.0,163.0,198.0,20.0,178.0,0,1
左偏且从90度往正中间转且离墙最远转.csv,1008,left_bias,far,end,20.23,200.0,23.0,177.0,200.0,20.0,180.0,0,1
左偏且从90度往正中间转且离墙最远转.csv,1009,left_bias,far,end,20.25,250.0,20.0,230.0,216.0,20.0,196.0,0,1
左偏且从90度往正中间转且离墙最远转.csv,1010,left_bias,far,end,20.27,224.0,21.0,203.0,221.0,20.0,201.0,0,1
左偏且从90度往正中间转且离墙最远转.csv,1011,left_bias,far,end,20.29,51.0,20.0,31.0,216.0,20.0,196.0,0,1
左偏且从90度往正中间转且离墙最远转.csv,1012,left_bias,far,end,20.31,17.0,20.0,-3.0,200.0,20.0,180.0,0,1
左偏且从90度往正中间转且离墙最远转.csv,1013,left_bias,far,end,20.33,167.0,29.0,138.0,183.0,20.0,163.0,0,1
左偏且从90度往正中间转且离墙最远转.csv,1014,left_bias,far,end,20.35,508.0,20.0,488.0,183.0,20.0,163.0,0,1
左偏且从90度往正中间转且离墙最远转.csv,1015,left_bias,far,end,20.37,232.0,22.0,210.0,200.0,20.0,180.0,0,1
左偏且从90度往正中间转且离墙最远转.csv,1016,left_bias,far,end,20.391,200.0,20.0,180.0,200.0,20.0,180.0,0,1
左偏且从90度往正中间转且离墙最远转.csv,1017,left_bias,far,end,20.411,298.0,21.0,277.0,224.0,20.0,204.0,0,1
左偏且从90度往正中间转且离墙最远转.csv,1018,left_bias,far,end,20.431,22.0,21.0,1.0,200.0,21.0,179.0,0,1
左偏且从90度往正中间转且离墙最远转.csv,1019,left_bias,far,end,20.451,167.0,21.0,146.0,167.0,21.0,146.0,0,1
左偏且从90度往正中间转且离墙最远转.csv,1020,left_bias,far,end,20.471,17.0,20.0,-3.0,167.0,21.0,146.0,0,1
左偏且从90度往正中间转且离墙最远转.csv,1021,left_bias,far,end,20.491,411.0,20.0,391.0,200.0,21.0,179.0,0,1
左偏且从90度往正中间转且离墙最远转.csv,1022,left_bias,far,end,20.511,200.0,20.0,180.0,200.0,20.0,180.0,0,1
左偏且从90度往正中间转且离墙最远转.csv,1023,left_bias,far,end,20.531,517.0,20.0,497.0,200.0,20.0,180.0,0,1
左偏且从90度往正中间转且离墙最远转.csv,1024,left_bias,far,end,20.551,166.0,21.0,145.0,200.0,20.0,180.0,0,1
左偏且从90度往正中间转且离墙最远转.csv,1025,left_bias,far,end,20.572,150.0,21.0,129.0,167.0,21.0,146.0,0,1
左偏且从90度往正中间转且离墙最远转.csv,1026,left_bias,far,end,20.592,215.0,21.0,194.0,167.0,21.0,146.0,0,1
左偏且从90度往正中间转且离墙最远转.csv,1027,left_bias,far,end,20.612,117.0,21.0,96.0,167.0,21.0,146.0,0,1
左偏且从90度往正中间转且离墙最远转.csv,1028,left_bias,far,end,20.632,208.0,21.0,187.0,200.0,21.0,179.0,0,1
左偏且从90度往正中间转且离墙最远转.csv,1029,left_bias,far,end,20.652,168.0,31.0,137.0,200.0,21.0,179.0,0,1
左偏且从90度往正中间转且离墙最远转.csv,1030,left_bias,far,end,20.672,151.0,22.0,129.0,168.0,21.0,147.0,0,1
左偏且从90度往正中间转且离墙最远转.csv,1031,left_bias,far,end,20.692,183.0,33.0,150.0,168.0,21.0,147.0,0,1
左偏且从90度往正中间转且离墙最远转.csv,1032,left_bias,far,end,20.712,100.0,20.0,80.0,166.0,21.0,145.0,0,1
左偏且从90度往正中间转且离墙最远转.csv,1033,left_bias,far,end,20.732,224.0,20.0,204.0,168.0,21.0,147.0,0,1
左偏且从90度往正中间转且离墙最远转.csv,1034,left_bias,far,end,20.752,166.0,20.0,146.0,168.0,21.0,147.0,0,1
左偏且从90度往正中间转且离墙最远转.csv,1035,left_bias,far,end,20.773,443.0,20.0,423.0,168.0,21.0,147.0,0,1
左偏且从90度往正中间转且离墙最远转.csv,1036,left_bias,far,end,20.793,183.0,20.0,163.0,183.0,20.0,163.0,0,1
左偏且从90度往正中间转且离墙最远转.csv,1037,left_bias,far,end,20.813,199.0,21.0,178.0,183.0,20.0,163.0,0,1
左偏且从90度往正中间转且离墙最远转.csv,1038,left_bias,far,end,20.833,200.0,20.0,180.0,183.0,20.0,163.0,0,1
左偏且从90度往正中间转且离墙最远转.csv,1039,left_bias,far,end,20.853,17.0,20.0,-3.0,183.0,20.0,163.0,0,1
左偏且从90度往正中间转且离墙最远转.csv,1040,left_bias,far,end,20.873,167.0,20.0,147.0,183.0,20.0,163.0,0,1
左偏且从90度往正中间转且离墙最远转.csv,1041,left_bias,far,end,20.893,150.0,19.0,131.0,183.0,20.0,163.0,0,1
左偏且从90度往正中间转且离墙最远转.csv,1042,left_bias,far,end,20.913,183.0,21.0,162.0,183.0,20.0,163.0,0,1
左偏且从90度往正中间转且离墙最远转.csv,1043,left_bias,far,end,20.933,232.0,20.0,212.0,183.0,20.0,163.0,0,1
左偏且从90度往正中间转且离墙最远转.csv,1044,left_bias,far,end,20.954,396.0,21.0,375.0,183.0,20.0,163.0,0,1
左偏且从90度往正中间转且离墙最远转.csv,1045,left_bias,far,end,20.974,198.0,20.0,178.0,198.0,20.0,178.0,0,1
左偏且从90度往正中间转且离墙最远转.csv,1046,left_bias,far,end,20.994,171.0,21.0,150.0,183.0,20.0,163.0,0,1
左偏且从90度往正中间转且离墙最远转.csv,1047,left_bias,far,end,21.014,167.0,20.0,147.0,171.0,20.0,151.0,0,1
左偏且从90度往正中间转且离墙最远转.csv,1048,left_bias,far,end,21.034,41.0,20.0,21.0,171.0,20.0,151.0,0,1
左偏且从90度往正中间转且离墙最远转.csv,1049,left_bias,far,end,21.054,217.0,20.0,197.0,183.0,20.0,163.0,0,1
左偏且从90度往正中间转且离墙最远转.csv,1050,left_bias,far,end,21.074,443.0,20.0,423.0,198.0,20.0,178.0,0,1
左偏且从90度往正中间转且离墙最远转.csv,1051,left_bias,far,end,21.094,216.0,29.0,187.0,216.0,20.0,196.0,0,1
左偏且从90度往正中间转且离墙最远转.csv,1052,left_bias,far,end,21.114,183.0,20.0,163.0,198.0,20.0,178.0,0,1
左偏且从90度往正中间转且离墙最远转.csv,1053,left_bias,far,end,21.134,168.0,21.0,147.0,183.0,20.0,163.0,0,1
左偏且从90度往正中间转且离墙最远转.csv,1054,left_bias,far,end,21.155,166.0,20.0,146.0,171.0,20.0,151.0,0,1
左偏且从90度往正中间转且离墙最远转.csv,1055,left_bias,far,end,21.175,264.0,19.0,245.0,183.0,20.0,163.0,0,1
左偏且从90度往正中间转且离墙最远转.csv,1056,left_bias,far,end,21.195,200.0,20.0,180.0,200.0,20.0,180.0,0,1
左偏且从90度往正中间转且离墙最远转.csv,1057,left_bias,far,end,21.215,117.0,19.0,98.0,200.0,20.0,180.0,0,1
左偏且从90度往正中间转且离墙最远转.csv,1058,left_bias,far,end,21.235,166.0,19.0,147.0,183.0,20.0,163.0,0,1
左偏且从90度往正中间转且离墙最远转.csv,1059,left_bias,far,end,21.255,25.0,20.0,5.0,168.0,20.0,148.0,0,1
左偏且从90度往正中间转且离墙最远转.csv,1060,left_bias,far,end,21.275,184.0,20.0,164.0,168.0,20.0,148.0,0,1
左偏且从90度往正中间转且离墙最远转.csv,1061,left_bias,far,end,21.295,216.0,20.0,196.0,168.0,20.0,148.0,0,1
左偏且从90度往正中间转且离墙最远转.csv,1062,left_bias,far,end,21.315,688.0,20.0,668.0,184.0,20.0,164.0,0,1
左偏且从90度往正中间转且离墙最远转.csv,1063,left_bias,far,end,21.336,199.0,19.0,180.0,199.0,20.0,179.0,0,1
左偏且从90度往正中间转且离墙最远转.csv,1064,left_bias,far,end,21.356,403.0,20.0,383.0,199.0,20.0,179.0,0,1
左偏且从90度往正中间转且离墙最远转.csv,1065,left_bias,far,end,21.376,184.0,21.0,163.0,184.0,20.0,164.0,0,1
左偏且从90度往正中间转且离墙最远转.csv,1066,left_bias,far,end,21.396,17.0,20.0,-3.0,184.0,20.0,164.0,0,1
左偏且从90度往正中间转且离墙最远转.csv,1067,left_bias,far,end,21.416,216.0,25.0,191.0,199.0,20.0,179.0,0,1
左偏且从90度往正中间转且离墙最远转.csv,1068,left_bias,far,end,21.436,16.0,32.0,-16.0,199.0,20.0,179.0,0,1
左偏且从90度往正中间转且离墙最远转.csv,1069,left_bias,far,end,21.456,460.0,20.0,440.0,216.0,20.0,196.0,0,1
左偏且从90度往正中间转且离墙最远转.csv,1070,left_bias,far,end,21.476,167.0,19.0,148.0,199.0,20.0,179.0,0,1
左偏且从90度往正中间转且离墙最远转.csv,1071,left_bias,far,end,21.496,427.0,20.0,407.0,199.0,20.0,179.0,0,1
左偏且从90度往正中间转且离墙最远转.csv,1072,left_bias,far,end,21.516,184.0,21.0,163.0,184.0,20.0,164.0,0,1
左偏且从90度往正中间转且离墙最远转.csv,1073,left_bias,far,end,21.537,216.0,20.0,196.0,184.0,20.0,164.0,0,1
左偏且从90度往正中间转且离墙最远转.csv,1074,left_bias,far,end,21.557,200.0,20.0,180.0,200.0,20.0,180.0,0,1
左偏且从90度往正中间转且离墙最远转.csv,1075,left_bias,far,end,21.577,52.0,20.0,32.0,200.0,20.0,180.0,0,1
左偏且从90度往正中间转且离墙最远转.csv,1076,left_bias,far,end,21.597,166.0,20.0,146.0,184.0,20.0,164.0,0,1
左偏且从90度往正中间转且离墙最远转.csv,1077,left_bias,far,end,21.617,182.0,20.0,162.0,184.0,20.0,164.0,0,1
左偏且从90度往正中间转且离墙最远转.csv,1078,left_bias,far,end,21.637,117.0,20.0,97.0,182.0,20.0,162.0,0,1
左偏且从90度往正中间转且离墙最远转.csv,1079,left_bias,far,end,21.657,216.0,20.0,196.0,184.0,20.0,164.0,0,1
左偏且从90度往正中间转且离墙最远转.csv,1080,left_bias,far,end,21.677,33.0,20.0,13.0,182.0,20.0,162.0,0,1
左偏且从90度往正中间转且离墙最远转.csv,1081,left_bias,far,end,21.697,166.0,20.0,146.0,166.0,20.0,146.0,0,1
左偏且从90度往正中间转且离墙最远转.csv,1082,left_bias,far,end,21.717,459.0,20.0,439.0,166.0,20.0,146.0,0,1
左偏且从90度往正中间转且离墙最远转.csv,1083,left_bias,far,end,21.738,396.0,20.0,376.0,166.0,20.0,146.0,0,1
左偏且从90度往正中间转且离墙最远转.csv,1084,left_bias,far,end,21.758,216.0,22.0,194.0,182.0,20.0,162.0,0,1
左偏且从90度往正中间转且离墙最远转.csv,1085,left_bias,far,end,21.778,200.0,21.0,179.0,200.0,20.0,180.0,0,1
左偏且从90度往正中间转且离墙最远转.csv,1086,left_bias,far,end,21.798,32.0,20.0,12.0,200.0,20.0,180.0,0,1
左偏且从90度往正中间转且离墙最远转.csv,1087,left_bias,far,end,21.818,17.0,20.0,-3.0,200.0,20.0,180.0,0,1
左偏且从90度往正中间转且离墙最远转.csv,1088,left_bias,far,end,21.838,167.0,20.0,147.0,167.0,20.0,147.0,0,1
左偏且从90度往正中间转且离墙最远转.csv,1089,left_bias,far,end,21.858,214.0,20.0,194.0,200.0,20.0,180.0,0,1
左偏且从90度往正中间转且离墙最远转.csv,1090,left_bias,far,end,21.878,223.0,21.0,202.0,214.0,20.0,194.0,0,1
左偏且从90度往正中间转且离墙最远转.csv,1091,left_bias,far,end,21.898,249.0,21.0,228.0,214.0,20.0,194.0,0,1
左偏且从90度往正中间转且离墙最远转.csv,1092,left_bias,far,end,21.919,394.0,20.0,374.0,214.0,20.0,194.0,0,1
左偏且从90度往正中间转且离墙最远转.csv,1093,left_bias,far,end,21.939,167.0,20.0,147.0,200.0,20.0,180.0,0,1
左偏且从90度往正中间转且离墙最远转.csv,1094,left_bias,far,end,21.959,183.0,19.0,164.0,183.0,20.0,163.0,0,1
左偏且从90度往正中间转且离墙最远转.csv,1095,left_bias,far,end,21.979,33.0,20.0,13.0,183.0,20.0,163.0,0,1
左偏且从90度往正中间转且离墙最远转.csv,1096,left_bias,far,end,21.999,69.0,20.0,49.0,183.0,20.0,163.0,0,1
左偏且从90度往正中间转且离墙最远转.csv,1097,left_bias,far,end,22.019,200.0,21.0,179.0,200.0,20.0,180.0,0,1
左偏且从90度往正中间转且离墙最远转.csv,1098,left_bias,far,end,22.039,411.0,20.0,391.0,200.0,20.0,180.0,0,1
左偏且从90度往正中间转且离墙最远转.csv,1099,left_bias,far,end,22.059,183.0,20.0,163.0,183.0,20.0,163.0,0,1
左偏且从90度往正中间转且离墙最远转.csv,1100,left_bias,far,end,22.079,183.0,20.0,163.0,183.0,20.0,163.0,0,1
左偏且从90度往正中间转且离墙最远转.csv,1101,left_bias,far,end,22.099,232.0,20.0,212.0,183.0,20.0,163.0,0,1
左偏且从90度往正中间转且离墙最远转.csv,1102,left_bias,far,end,22.12,232.0,20.0,212.0,183.0,20.0,163.0,0,1
左偏且从90度往正中间转且离墙最远转.csv,1103,left_bias,far,end,22.14,314.0,20.0,294.0,200.0,20.0,180.0,0,1
左偏且从90度往正中间转且离墙最远转.csv,1104,left_bias,far,end,22.16,150.0,20.0,130.0,200.0,20.0,180.0,0,1
左偏且从90度往正中间转且离墙最远转.csv,1105,left_bias,far,end,22.18,167.0,23.0,144.0,200.0,20.0,180.0,0,1
左偏且从90度往正中间转且离墙最远转.csv,1106,left_bias,far,end,22.2,184.0,33.0,151.0,184.0,20.0,164.0,0,1
左偏且从90度往正中间转且离墙最远转.csv,1107,left_bias,far,end,22.22,19.0,20.0,-1.0,183.0,20.0,163.0,0,1
左偏且从90度往正中间转且离墙最远转.csv,1108,left_bias,far,end,22.24,220.0,20.0,200.0,184.0,20.0,164.0,0,1
左偏且从90度往正中间转且离墙最远转.csv,1109,left_bias,far,end,22.26,151.0,20.0,131.0,184.0,20.0,164.0,0,1
左偏且从90度往正中间转且离墙最远转.csv,1110,left_bias,far,end,22.281,624.0,20.0,604.0,184.0,20.0,164.0,0,1
左偏且从90度往正中间转且离墙最远转.csv,1111,left_bias,far,end,22.301,187.0,20.0,167.0,184.0,20.0,164.0,0,1
左偏且从90度往正中间转且离墙最远转.csv,1112,left_bias,far,end,22.321,492.0,20.0,472.0,184.0,20.0,164.0,0,1
左偏且从90度往正中间转且离墙最远转.csv,1113,left_bias,far,end,22.341,182.0,20.0,162.0,184.0,20.0,164.0,0,1
左偏且从90度往正中间转且离墙最远转.csv,1114,left_bias,far,end,22.361,17.0,20.0,-3.0,184.0,20.0,164.0,0,1
左偏且从90度往正中间转且离墙最远转.csv,1115,left_bias,far,end,22.381,150.0,19.0,131.0,182.0,20.0,162.0,0,1
左偏且从90度往正中间转且离墙最远转.csv,1116,left_bias,far,end,22.401,23.0,20.0,3.0,182.0,20.0,162.0,0,1
左偏且从90度往正中间转且离墙最远转.csv,1117,left_bias,far,end,22.421,166.0,20.0,146.0,166.0,20.0,146.0,0,1
左偏且从90度往正中间转且离墙最远转.csv,1118,left_bias,far,end,22.441,250.0,20.0,230.0,182.0,20.0,162.0,0,1
左偏且从90度往正中间转且离墙最远转.csv,1119,left_bias,far,end,22.462,444.0,21.0,423.0,182.0,20.0,162.0,0,1
左偏且从90度往正中间转且离墙最远转.csv,1120,left_bias,far,end,22.482,232.0,19.0,213.0,182.0,20.0,162.0,0,1
左偏且从90度往正中间转且离墙最远转.csv,1121,left_bias,far,end,22.502,150.0,21.0,129.0,166.0,20.0,146.0,0,1
左偏且从90度往正中间转且离墙最远转.csv,1122,left_bias,far,end,22.522,184.0,21.0,163.0,166.0,20.0,146.0,0,1
左偏且从90度往正中间转且离墙最远转.csv,1123,left_bias,far,end,22.542,68.0,19.0,49.0,166.0,20.0,146.0,0,1
左偏且从90度往正中间转且离墙最远转.csv,1124,left_bias,far,end,22.562,244.0,21.0,223.0,184.0,20.0,164.0,0,1
左偏且从90度往正中间转且离墙最远转.csv,1125,left_bias,far,end,22.582,215.0,20.0,195.0,215.0,20.0,195.0,0,1
左偏且从90度往正中间转且离墙最远转.csv,1126,left_bias,far,end,22.602,215.0,20.0,195.0,215.0,20.0,195.0,0,1
左偏且从90度往正中间转且离墙最远转.csv,1127,left_bias,far,end,22.622,168.0,32.0,136.0,215.0,21.0,194.0,0,1
左偏且从90度往正中间转且离墙最远转.csv,1128,left_bias,far,end,22.643,41.0,26.0,15.0,184.0,21.0,163.0,0,1
左偏且从90度往正中间转且离墙最远转.csv,1129,left_bias,far,end,22.663,176.0,31.0,145.0,176.0,21.0,155.0,0,1
左偏且从90度往正中间转且离墙最远转.csv,1130,left_bias,far,end,22.683,460.0,20.0,440.0,184.0,21.0,163.0,0,1
左偏且从90度往正中间转且离墙最远转.csv,1131,left_bias,far,end,22.703,380.0,20.0,360.0,215.0,20.0,195.0,0,1
左偏且从90度往正中间转且离墙最远转.csv,1132,left_bias,far,end,22.723,149.0,20.0,129.0,215.0,20.0,195.0,0,1
左偏且从90度往正中间转且离墙最远转.csv,1133,left_bias,far,end,22.743,166.0,20.0,146.0,176.0,20.0,156.0,0,1
左偏且从90度往正中间转且离墙最远转.csv,1134,left_bias,far,end,22.763,19.0,20.0,-1.0,168.0,20.0,148.0,0,1
左偏且从90度往正中间转且离墙最远转.csv,1135,left_bias,far,end,22.783,182.0,20.0,162.0,168.0,20.0,148.0,0,1
左偏且从90度往正中间转且离墙最远转.csv,1136,left_bias,far,end,22.804,216.0,19.0,197.0,176.0,20.0,156.0,0,1
左偏且从90度往正中间转且离墙最远转.csv,1137,left_bias,far,end,22.824,281.0,20.0,261.0,182.0,20.0,162.0,0,1
左偏且从90度往正中间转且离墙最远转.csv,1138,left_bias,far,end,22.844,150.0,20.0,130.0,182.0,20.0,162.0,0,1
左偏且从90度往正中间转且离墙最远转.csv,1139,left_bias,far,end,22.864,622.0,20.0,602.0,182.0,20.0,162.0,0,1
左偏且从90度往正中间转且离墙最远转.csv,1140,left_bias,far,end,22.884,250.0,21.0,229.0,182.0,20.0,162.0,0,1
左偏且从90度往正中间转且离墙最远转.csv,1141,left_bias,far,end,22.904,183.0,20.0,163.0,183.0,20.0,163.0,0,1
左偏且从90度往正中间转且离墙最远转.csv,1142,left_bias,far,end,22.924,219.0,20.0,199.0,216.0,20.0,196.0,0,1
左偏且从90度往正中间转且离墙最远转.csv,1143,left_bias,far,end,22.944,23.0,20.0,3.0,216.0,20.0,196.0,0,1
左偏且从90度往正中间转且离墙最远转.csv,1144,left_bias,far,end,22.965,184.0,20.0,164.0,216.0,20.0,196.0,0,1
左偏且从90度往正中间转且离墙最远转.csv,1145,left_bias,far,end,22.985,182.0,20.0,162.0,184.0,20.0,164.0,0,1
左偏且从90度往正中间转且离墙最远转.csv,1146,left_bias,far,end,23.005,411.0,21.0,390.0,184.0,20.0,164.0,0,1
左偏且从90度往正中间转且离墙最远转.csv,1147,left_bias,far,end,23.025,232.0,20.0,212.0,219.0,20.0,199.0,0,1
左偏且从90度往正中间转且离墙最远转.csv,1148,left_bias,far,end,23.045,199.0,20.0,179.0,199.0,20.0,179.0,0,1
左偏且从90度往正中间转且离墙最远转.csv,1149,left_bias,far,end,23.065,150.0,20.0,130.0,184.0,20.0,164.0,0,1
左偏且从90度往正中间转且离墙最远转.csv,1150,left_bias,far,end,23.085,167.0,20.0,147.0,184.0,20.0,164.0,0,1
左偏且从90度往正中间转且离墙最远转.csv,1151,left_bias,far,end,23.105,273.0,20.0,253.0,184.0,20.0,164.0,0,1
左偏且从90度往正中间转且离墙最远转.csv,1152,left_bias,far,end,23.126,184.0,21.0,163.0,184.0,20.0,164.0,0,1
左偏且从90度往正中间转且离墙最远转.csv,1153,left_bias,far,end,23.146,118.0,20.0,98.0,184.0,20.0,164.0,0,1
左偏且从90度往正中间转且离墙最远转.csv,1154,left_bias,far,end,23.166,200.0,19.0,181.0,199.0,20.0,179.0,0,1
左偏且从90度往正中间转且离墙最远转.csv,1155,left_bias,far,end,23.186,17.0,21.0,-4.0,184.0,20.0,164.0,0,1
左偏且从90度往正中间转且离墙最远转.csv,1156,left_bias,far,end,23.206,176.0,31.0,145.0,176.0,20.0,156.0,0,1
左偏且从90度往正中间转且离墙最远转.csv,1157,left_bias,far,end,23.226,234.0,20.0,214.0,176.0,20.0,156.0,0,1
左偏且从90度往正中间转且离墙最远转.csv,1158,left_bias,far,end,23.246,658.0,21.0,637.0,184.0,20.0,164.0,0,1
左偏且从90度往正中间转且离墙最远转.csv,1159,left_bias,far,end,23.267,217.0,20.0,197.0,200.0,20.0,180.0,0,1
左偏且从90度往正中间转且离墙最远转.csv,1160,left_bias,far,end,23.287,470.0,19.0,451.0,200.0,20.0,180.0,0,1
左偏且从90度往正中间转且离墙最远转.csv,1161,left_bias,far,end,23.307,33.0,20.0,13.0,200.0,20.0,180.0,0,1
左偏且从90度往正中间转且离墙最远转.csv,1162,left_bias,far,end,23.328,17.0,20.0,-3.0,200.0,20.0,180.0,0,1
左偏且从90度往正中间转且离墙最远转.csv,1163,left_bias,far,end,23.348,185.0,20.0,165.0,185.0,20.0,165.0,0,1
左偏且从90度往正中间转且离墙最远转.csv,1164,left_bias,far,end,23.369,25.0,20.0,5.0,185.0,20.0,165.0,0,1
左偏且从90度往正中间转且离墙最远转.csv,1165,left_bias,far,end,23.389,217.0,20.0,197.0,217.0,20.0,197.0,0,1
左偏且从90度往正中间转且离墙最远转.csv,1166,left_bias,far,end,23.409,220.0,21.0,199.0,217.0,20.0,197.0,0,1
左偏且从90度往正中间转且离墙最远转.csv,1167,left_bias,far,end,23.429,330.0,20.0,310.0,217.0,20.0,197.0,0,1
左偏且从90度往正中间转且离墙最远转.csv,1168,left_bias,far,end,23.449,185.0,20.0,165.0,185.0,20.0,165.0,0,1
左偏且从90度往正中间转且离墙最远转.csv,1169,left_bias,far,end,23.469,168.0,20.0,148.0,185.0,20.0,165.0,0,1
左偏且从90度往正中间转且离墙最远转.csv,1170,left_bias,far,end,23.489,102.0,29.0,73.0,185.0,20.0,165.0,0,1
左偏且从90度往正中间转且离墙最远转.csv,1171,left_bias,far,end,23.51,119.0,21.0,98.0,185.0,20.0,165.0,0,1
左偏且从90度往正中间转且离墙最远转.csv,1172,left_bias,far,end,23.53,201.0,20.0,181.0,185.0,20.0,165.0,0,1
左偏且从90度往正中间转且离墙最远转.csv,1173,left_bias,far,end,23.55,168.0,20.0,148.0,185.0,20.0,165.0,0,1
左偏且从90度往正中间转且离墙最远转.csv,1174,left_bias,far,end,23.57,166.0,19.0,147.0,168.0,20.0,148.0,0,1
左偏且从90度往正中间转且离墙最远转.csv,1175,left_bias,far,end,23.59,184.0,20.0,164.0,168.0,20.0,148.0,0,1
左偏且从90度往正中间转且离墙最远转.csv,1176,left_bias,far,end,23.61,234.0,19.0,215.0,168.0,20.0,148.0,0,1
左偏且从90度往正中间转且离墙最远转.csv,1177,left_bias,far,end,23.63,218.0,20.0,198.0,168.0,20.0,148.0,0,1
左偏且从90度往正中间转且离墙最远转.csv,1178,left_bias,far,end,23.65,527.0,20.0,507.0,184.0,20.0,164.0,0,1
左偏且从90度往正中间转且离墙最远转.csv,1179,left_bias,far,end,23.67,216.0,20.0,196.0,201.0,20.0,181.0,0,1
左偏且从90度往正中间转且离墙最远转.csv,1180,left_bias,far,end,23.691,149.0,20.0,129.0,201.0,20.0,181.0,0,1
左偏且从90度往正中间转且离墙最远转.csv,1181,left_bias,far,end,23.711,183.0,20.0,163.0,184.0,20.0,164.0,0,1
左偏且从90度往正中间转且离墙最远转.csv,1182,left_bias,far,end,23.731,17.0,20.0,-3.0,184.0,20.0,164.0,0,1
左偏且从90度往正中间转且离墙最远转.csv,1183,left_bias,far,end,23.751,217.0,20.0,197.0,216.0,20.0,196.0,0,1
左偏且从90度往正中间转且离墙最远转.csv,1184,left_bias,far,end,23.771,185.0,20.0,165.0,216.0,20.0,196.0,0,1
左偏且从90度往正中间转且离墙最远转.csv,1185,left_bias,far,end,23.791,443.0,20.0,423.0,216.0,20.0,196.0,0,1
左偏且从90度往正中间转且离墙最远转.csv,1186,left_bias,far,end,23.811,168.0,27.0,141.0,185.0,20.0,165.0,0,1
左偏且从90度往正中间转且离墙最远转.csv,1187,left_bias,far,end,23.831,577.0,31.0,546.0,185.0,20.0,165.0,0,1
左偏且从90度往正中间转且离墙最远转.csv,1188,left_bias,far,end,23.851,234.0,34.0,200.0,185.0,20.0,165.0,0,1
左偏且从90度往正中间转且离墙最远转.csv,1189,left_bias,far,end,23.871,118.0,21.0,97.0,185.0,20.0,165.0,0,1
左偏且从90度往正中间转且离墙最远转.csv,1190,left_bias,far,end,23.891,200.0,20.0,180.0,200.0,20.0,180.0,0,1
左偏且从90度往正中间转且离墙最远转.csv,1191,left_bias,far,end,23.911,17.0,20.0,-3.0,200.0,20.0,180.0,0,1
左偏且从90度往正中间转且离墙最远转.csv,1192,left_bias,far,end,23.932,183.0,20.0,163.0,185.0,20.0,165.0,0,1
左偏且从90度往正中间转且离墙最远转.csv,1193,left_bias,far,end,23.952,184.0,20.0,164.0,184.0,20.0,164.0,0,1
左偏且从90度往正中间转且离墙最远转.csv,1194,left_bias,far,end,23.972,445.0,20.0,425.0,184.0,20.0,164.0,0,1
左偏且从90度往正中间转且离墙最远转.csv,1195,left_bias,far,end,23.992,216.0,20.0,196.0,200.0,20.0,180.0,0,1
左偏且从90度往正中间转且离墙最远转.csv,1196,left_bias,far,end,24.012,224.0,20.0,204.0,200.0,20.0,180.0,0,1
左偏且从90度往正中间转且离墙最远转.csv,1197,left_bias,far,end,24.032,168.0,21.0,147.0,184.0,20.0,164.0,0,1
左偏且从90度往正中间转且离墙最远转.csv,1198,left_bias,far,end,24.052,168.0,23.0,145.0,184.0,20.0,164.0,0,1
左偏且从90度往正中间转且离墙最远转.csv,1199,left_bias,far,end,24.072,217.0,32.0,185.0,184.0,20.0,164.0,0,1
左偏且从90度往正中间转且离墙最远转.csv,1200,left_bias,far,end,24.092,232.0,20.0,212.0,216.0,20.0,196.0,0,1
左偏且从90度往正中间转且离墙最远转.csv,1201,left_bias,far,end,24.112,218.0,21.0,197.0,217.0,20.0,197.0,0,1
正对墙且离墙居中位置.csv,2,center_middle,middle,steady,0.003,711.0,239.0,472.0,711.0,239.0,472.0,1,1
正对墙且离墙居中位置.csv,3,center_middle,middle,steady,0.023,709.0,274.0,435.0,710.0,256.5,453.5,1,1
正对墙且离墙居中位置.csv,4,center_middle,middle,steady,0.043,660.0,225.0,435.0,709.0,239.0,470.0,1,1
正对墙且离墙居中位置.csv,5,center_middle,middle,steady,0.063,646.0,280.0,366.0,684.5,256.5,428.0,1,1
正对墙且离墙居中位置.csv,6,center_middle,middle,steady,0.083,646.0,274.0,372.0,660.0,274.0,386.0,1,1
正对墙且离墙居中位置.csv,7,center_middle,middle,steady,0.103,709.0,47.0,662.0,684.5,256.5,428.0,1,1
正对墙且离墙居中位置.csv,8,center_middle,middle,steady,0.123,724.0,273.0,451.0,709.0,273.0,436.0,1,1
正对墙且离墙居中位置.csv,9,center_middle,middle,steady,0.144,709.0,242.0,467.0,709.0,257.5,451.5,1,1
正对墙且离墙居中位置.csv,10,center_middle,middle,steady,0.164,645.0,274.0,371.0,709.0,273.0,436.0,1,1
正对墙且离墙居中位置.csv,11,center_middle,middle,steady,0.184,645.0,274.0,371.0,660.0,274.0,386.0,1,1
正对墙且离墙居中位置.csv,12,center_middle,middle,steady,0.204,646.0,472.0,174.0,646.0,274.0,372.0,1,1
正对墙且离墙居中位置.csv,13,center_middle,middle,steady,0.224,646.0,272.0,374.0,646.0,274.0,372.0,1,1
正对墙且离墙居中位置.csv,14,center_middle,middle,steady,0.244,709.0,209.0,500.0,646.0,273.0,373.0,1,1
正对墙且离墙居中位置.csv,15,center_middle,middle,steady,0.264,709.0,273.0,436.0,709.0,273.0,436.0,1,1
正对墙且离墙居中位置.csv,16,center_middle,middle,steady,0.284,678.0,274.0,404.0,678.0,273.0,405.0,1,1
正对墙且离墙居中位置.csv,17,center_middle,middle,steady,0.304,644.0,238.0,406.0,646.0,273.0,373.0,1,1
正对墙且离墙居中位置.csv,18,center_middle,middle,steady,0.324,661.0,282.0,379.0,646.0,274.0,372.0,1,1
正对墙且离墙居中位置.csv,19,center_middle,middle,steady,0.344,646.0,241.0,405.0,646.0,273.0,373.0,1,1
正对墙且离墙居中位置.csv,20,center_middle,middle,steady,0.365,710.0,275.0,435.0,661.0,273.0,388.0,1,1
正对墙且离墙居中位置.csv,21,center_middle,middle,steady,0.385,708.0,274.0,434.0,678.0,273.0,405.0,1,1
正对墙且离墙居中位置.csv,22,center_middle,middle,steady,0.405,725.0,208.0,517.0,708.0,273.0,435.0,1,1
正对墙且离墙居中位置.csv,23,center_middle,middle,steady,0.425,644.0,273.0,371.0,678.0,273.0,405.0,1,1
正对墙且离墙居中位置.csv,24,center_middle,middle,steady,0.445,644.0,272.0,372.0,661.0,273.0,388.0,1,1
正对墙且离墙居中位置.csv,25,center_middle,middle,steady,0.465,644.0,273.0,371.0,646.0,273.0,373.0,1,1
正对墙且离墙居中位置.csv,26,center_middle,middle,steady,0.485,708.0,274.0,434.0,661.0,273.0,388.0,1,1
正对墙且离墙居中位置.csv,27,center_middle,middle,steady,0.505,715.0,224.0,491.0,708.0,273.0,435.0,1,1
正对墙且离墙居中位置.csv,28,center_middle,middle,steady,0.525,709.0,287.0,422.0,708.0,273.0,435.0,1,1
正对墙且离墙居中位置.csv,29,center_middle,middle,steady,0.545,647.0,288.0,359.0,708.0,273.0,435.0,1,1
正对墙且离墙居中位置.csv,30,center_middle,middle,steady,0.565,646.0,273.0,373.0,647.0,273.0,374.0,1,1
正对墙且离墙居中位置.csv,31,center_middle,middle,steady,0.585,645.0,275.0,370.0,646.0,273.0,373.0,1,1
正对墙且离墙居中位置.csv,32,center_middle,middle,steady,0.606,710.0,28.0,682.0,647.0,273.0,374.0,1,1
正对墙且离墙居中位置.csv,33,center_middle,middle,steady,0.626,709.0,274.0,435.0,708.0,274.0,434.0,1,1
正对墙且离墙居中位置.csv,34,center_middle,middle,steady,0.646,724.0,272.0,452.0,709.0,274.0,435.0,1,1
正对墙且离墙居中位置.csv,35,center_middle,middle,steady,0.666,663.0,28.0,635.0,709.0,273.0,436.0,1,1
正对墙且离墙居中位置.csv,36,center_middle,middle,steady,0.686,643.0,273.0,370.0,663.0,273.0,390.0,1,1
正对墙且离墙居中位置.csv,37,center_middle,middle,steady,0.706,643.0,224.0,419.0,647.0,273.0,374.0,1,1
正对墙且离墙居中位置.csv,38,center_middle,middle,steady,0.726,644.0,272.0,372.0,646.0,272.0,374.0,1,1
正对墙且离墙居中位置.csv,39,center_middle,middle,steady,0.746,707.0,272.0,435.0,663.0,272.0,391.0,1,1
正对墙且离墙居中位置.csv,40,center_middle,middle,steady,0.766,707.0,240.0,467.0,707.0,272.0,435.0,1,1
正对墙且离墙居中位置.csv,41,center_middle,middle,steady,0.787,661.0,273.0,388.0,663.0,272.0,391.0,1,1
正对墙且离墙居中位置.csv,42,center_middle,middle,steady,0.807,644.0,225.0,419.0,661.0,272.0,389.0,1,1
正对墙且离墙居中位置.csv,43,center_middle,middle,steady,0.827,669.0,275.0,394.0,661.0,272.0,389.0,1,1
正对墙且离墙居中位置.csv,44,center_middle,middle,steady,0.847,643.0,277.0,366.0,644.0,272.0,372.0,1,1
正对墙且离墙居中位置.csv,45,center_middle,middle,steady,0.867,692.0,221.0,471.0,661.0,272.0,389.0,1,1
正对墙且离墙居中位置.csv,46,center_middle,middle,steady,0.887,724.0,272.0,452.0,669.0,272.0,397.0,1,1
正对墙且离墙居中位置.csv,47,center_middle,middle,steady,0.907,709.0,224.0,485.0,692.0,272.0,420.0,1,1
正对墙且离墙居中位置.csv,48,center_middle,middle,steady,0.927,650.0,275.0,375.0,669.0,272.0,397.0,1,1
正对墙且离墙居中位置.csv,49,center_middle,middle,steady,0.948,661.0,273.0,388.0,661.0,273.0,388.0,1,1
正对墙且离墙居中位置.csv,50,center_middle,middle,steady,0.968,645.0,229.0,416.0,661.0,272.0,389.0,1,1
正对墙且离墙居中位置.csv,51,center_middle,middle,steady,0.988,726.0,285.0,441.0,669.0,273.0,396.0,1,1
正对墙且离墙居中位置.csv,52,center_middle,middle,steady,1.008,708.0,224.0,484.0,692.0,272.0,420.0,1,1
正对墙且离墙居中位置.csv,53,center_middle,middle,steady,1.028,709.0,274.0,435.0,708.0,272.0,436.0,1,1
正对墙且离墙居中位置.csv,54,center_middle,middle,steady,1.048,661.0,275.0,386.0,708.0,273.0,435.0,1,1
正对墙且离墙居中位置.csv,55,center_middle,middle,steady,1.068,644.0,207.0,437.0,661.0,273.0,388.0,1,1
正对墙且离墙居中位置.csv,56,center_middle,middle,steady,1.088,652.0,271.0,381.0,661.0,273.0,388.0,1,1
正对墙且离墙居中位置.csv,57,center_middle,middle,steady,1.108,645.0,209.0,436.0,661.0,271.0,390.0,1,1
正对墙且离墙居中位置.csv,58,center_middle,middle,steady,1.129,707.0,274.0,433.0,661.0,271.0,390.0,1,1
正对墙且离墙居中位置.csv,59,center_middle,middle,steady,1.149,723.0,274.0,449.0,707.0,274.0,433.0,1,1
正对墙且离墙居中位置.csv,60,center_middle,middle,steady,1.169,645.0,223.0,422.0,661.0,271.0,390.0,1,1
正对墙且离墙居中位置.csv,61,center_middle,middle,steady,1.189,659.0,273.0,386.0,659.0,273.0,386.0,1,1
正对墙且离墙居中位置.csv,62,center_middle,middle,steady,1.209,643.0,271.0,372.0,652.0,271.0,381.0,1,1
正对墙且离墙居中位置.csv,63,center_middle,middle,steady,1.229,692.0,274.0,418.0,652.0,271.0,381.0,1,1
正对墙且离墙居中位置.csv,64,center_middle,middle,steady,1.249,708.0,273.0,435.0,659.0,273.0,386.0,1,1
正对墙且离墙居中位置.csv,65,center_middle,middle,steady,1.269,724.0,223.0,501.0,692.0,273.0,419.0,1,1
正对墙且离墙居中位置.csv,66,center_middle,middle,steady,1.289,707.0,270.0,437.0,707.0,273.0,434.0,1,1
正对墙且离墙居中位置.csv,67,center_middle,middle,steady,1.31,660.0,271.0,389.0,692.0,271.0,421.0,1,1
正对墙且离墙居中位置.csv,68,center_middle,middle,steady,1.33,660.0,275.0,385.0,660.0,271.0,389.0,1,1
正对墙且离墙居中位置.csv,69,center_middle,middle,steady,1.35,645.0,274.0,371.0,660.0,273.0,387.0,1,1
正对墙且离墙居中位置.csv,70,center_middle,middle,steady,1.37,712.0,571.0,141.0,692.0,273.0,419.0,1,1
正对墙且离墙居中位置.csv,71,center_middle,middle,steady,1.39,711.0,288.0,423.0,707.0,274.0,433.0,1,1
正对墙且离墙居中位置.csv,72,center_middle,middle,steady,1.41,677.0,273.0,404.0,707.0,273.0,434.0,1,1
正对墙且离墙居中位置.csv,73,center_middle,middle,steady,1.43,645.0,241.0,404.0,677.0,273.0,404.0,1,1
正对墙且离墙居中位置.csv,74,center_middle,middle,steady,1.45,660.0,274.0,386.0,660.0,274.0,386.0,1,1
正对墙且离墙居中位置.csv,75,center_middle,middle,steady,1.47,645.0,504.0,141.0,660.0,274.0,386.0,1,1
正对墙且离墙居中位置.csv,76,center_middle,middle,steady,1.491,645.0,123.0,522.0,660.0,274.0,386.0,1,1
正对墙且离墙居中位置.csv,77,center_middle,middle,steady,1.511,725.0,273.0,452.0,660.0,274.0,386.0,1,1
正对墙且离墙居中位置.csv,78,center_middle,middle,steady,1.531,708.0,240.0,468.0,677.0,273.0,404.0,1,1
正对墙且离墙居中位置.csv,79,center_middle,middle,steady,1.551,659.0,274.0,385.0,660.0,273.0,387.0,1,1
正对墙且离墙居中位置.csv,80,center_middle,middle,steady,1.571,643.0,224.0,419.0,659.0,273.0,386.0,1,1
正对墙且离墙居中位置.csv,81,center_middle,middle,steady,1.591,644.0,274.0,370.0,645.0,273.0,372.0,1,1
正对墙且离墙居中位置.csv,82,center_middle,middle,steady,1.611,691.0,70.0,621.0,659.0,273.0,386.0,1,1
正对墙且离墙居中位置.csv,83,center_middle,middle,steady,1.631,691.0,222.0,469.0,659.0,240.0,419.0,1,1
正对墙且离墙居中位置.csv,84,center_middle,middle,steady,1.652,707.0,272.0,435.0,691.0,240.0,451.0,1,1
正对墙且离墙居中位置.csv,85,center_middle,middle,steady,1.672,644.0,223.0,421.0,691.0,240.0,451.0,1,1
正对墙且离墙居中位置.csv,86,center_middle,middle,steady,1.692,662.0,275.0,387.0,662.0,240.0,422.0,1,1
正对墙且离墙居中位置.csv,87,center_middle,middle,steady,1.712,644.0,273.0,371.0,659.0,272.0,387.0,1,1
正对墙且离墙居中位置.csv,88,center_middle,middle,steady,1.732,647.0,222.0,425.0,647.0,224.0,423.0,1,1
正对墙且离墙居中位置.csv,89,center_middle,middle,steady,1.752,708.0,271.0,437.0,662.0,271.0,391.0,1,1
正对墙且离墙居中位置.csv,90,center_middle,middle,steady,1.772,692.0,224.0,468.0,691.0,224.0,467.0,1,1
正对墙且离墙居中位置.csv,91,center_middle,middle,steady,1.793,665.0,279.0,386.0,665.0,271.0,394.0,1,1
正对墙且离墙居中位置.csv,92,center_middle,middle,steady,1.813,662.0,285.0,377.0,662.0,272.0,390.0,1,1
正对墙且离墙居中位置.csv,93,center_middle,middle,steady,1.833,645.0,253.0,392.0,662.0,271.0,391.0,1,1
正对墙且离墙居中位置.csv,94,center_middle,middle,steady,1.853,645.0,273.0,372.0,662.0,273.0,389.0,1,1
正对墙且离墙居中位置.csv,95,center_middle,middle,steady,1.873,708.0,88.0,620.0,662.0,271.0,391.0,1,1
正对墙且离墙居中位置.csv,96,center_middle,middle,steady,1.893,716.0,274.0,442.0,665.0,271.0,394.0,1,1
正对墙且离墙居中位置.csv,97,center_middle,middle,steady,1.913,707.0,273.0,434.0,692.0,273.0,419.0,1,1
正对墙且离墙居中位置.csv,98,center_middle,middle,steady,1.933,644.0,256.0,388.0,665.0,273.0,392.0,1,1
正对墙且离墙居中位置.csv,99,center_middle,middle,steady,1.953,661.0,273.0,388.0,662.0,273.0,389.0,1,1
正对墙且离墙居中位置.csv,100,center_middle,middle,steady,1.974,645.0,272.0,373.0,661.0,273.0,388.0,1,1
正对墙且离墙居中位置.csv,101,center_middle,middle,steady,1.994,676.0,276.0,400.0,661.0,273.0,388.0,1,1
正对墙且离墙居中位置.csv,102,center_middle,middle,steady,2.014,709.0,274.0,435.0,676.0,273.0,403.0,1,1
正对墙且离墙居中位置.csv,103,center_middle,middle,steady,2.034,726.0,258.0,468.0,707.0,273.0,434.0,1,1
正对墙且离墙居中位置.csv,104,center_middle,middle,steady,2.054,662.0,274.0,388.0,676.0,273.0,403.0,1,1
正对墙且离墙居中位置.csv,105,center_middle,middle,steady,2.074,645.0,273.0,372.0,662.0,273.0,389.0,1,1
正对墙且离墙居中位置.csv,106,center_middle,middle,steady,2.094,643.0,274.0,369.0,661.0,273.0,388.0,1,1
正对墙且离墙居中位置.csv,107,center_middle,middle,steady,2.114,644.0,274.0,370.0,661.0,274.0,387.0,1,1
正对墙且离墙居中位置.csv,108,center_middle,middle,steady,2.134,694.0,274.0,420.0,662.0,274.0,388.0,1,1
正对墙且离墙居中位置.csv,109,center_middle,middle,steady,2.154,711.0,288.0,423.0,676.0,274.0,402.0,1,1
正对墙且离墙居中位置.csv,110,center_middle,middle,steady,2.175,725.0,282.0,443.0,694.0,274.0,420.0,1,1
正对墙且离墙居中位置.csv,111,center_middle,middle,steady,2.195,649.0,275.0,374.0,662.0,274.0,388.0,1,1
正对墙且离墙居中位置.csv,112,center_middle,middle,steady,2.215,646.0,275.0,371.0,649.0,274.0,375.0,1,1
正对墙且离墙居中位置.csv,113,center_middle,middle,steady,2.235,663.0,276.0,387.0,649.0,275.0,374.0,1,1
正对墙且离墙居中位置.csv,114,center_middle,middle,steady,2.255,693.0,274.0,419.0,663.0,275.0,388.0,1,1
正对墙且离墙居中位置.csv,115,center_middle,middle,steady,2.275,710.0,274.0,436.0,693.0,275.0,418.0,1,1
正对墙且离墙居中位置.csv,116,center_middle,middle,steady,2.295,711.0,276.0,435.0,694.0,275.0,419.0,1,1
正对墙且离墙居中位置.csv,117,center_middle,middle,steady,2.315,664.0,292.0,372.0,693.0,276.0,417.0,1,1
正对墙且离墙居中位置.csv,118,center_middle,middle,steady,2.335,646.0,276.0,370.0,664.0,276.0,388.0,1,1
正对墙且离墙居中位置.csv,119,center_middle,middle,steady,2.355,663.0,276.0,387.0,663.0,276.0,387.0,1,1
正对墙且离墙居中位置.csv,120,center_middle,middle,steady,2.375,645.0,273.0,372.0,663.0,276.0,387.0,1,1
正对墙且离墙居中位置.csv,121,center_middle,middle,steady,2.396,711.0,289.0,422.0,664.0,276.0,388.0,1,1
正对墙且离墙居中位置.csv,122,center_middle,middle,steady,2.416,711.0,292.0,419.0,693.0,276.0,417.0,1,1
正对墙且离墙居中位置.csv,123,center_middle,middle,steady,2.436,709.0,292.0,417.0,709.0,276.0,433.0,1,1
正对墙且离墙居中位置.csv,124,center_middle,middle,steady,2.456,646.0,277.0,369.0,664.0,277.0,387.0,1,1
正对墙且离墙居中位置.csv,125,center_middle,middle,steady,2.476,648.0,270.0,378.0,663.0,277.0,386.0,1,1
正对墙且离墙居中位置.csv,126,center_middle,middle,steady,2.496,647.0,287.0,360.0,648.0,277.0,371.0,1,1
正对墙且离墙居中位置.csv,127,center_middle,middle,steady,2.516,665.0,277.0,388.0,663.0,277.0,386.0,1,1
正对墙且离墙居中位置.csv,128,center_middle,middle,steady,2.536,728.0,277.0,451.0,665.0,277.0,388.0,1,1
正对墙且离墙居中位置.csv,129,center_middle,middle,steady,2.556,709.0,275.0,434.0,709.0,277.0,432.0,1,1
正对墙且离墙居中位置.csv,130,center_middle,middle,steady,2.577,645.0,243.0,402.0,665.0,277.0,388.0,1,1
正对墙且离墙居中位置.csv,131,center_middle,middle,steady,2.597,646.0,275.0,371.0,648.0,277.0,371.0,1,1
正对墙且离墙居中位置.csv,132,center_middle,middle,steady,2.617,646.0,274.0,372.0,647.0,275.0,372.0,1,1
正对墙且离墙居中位置.csv,133,center_middle,middle,steady,2.637,647.0,555.0,92.0,647.0,275.0,372.0,1,1
正对墙且离墙居中位置.csv,134,center_middle,middle,steady,2.657,711.0,275.0,436.0,647.0,275.0,372.0,1,1
正对墙且离墙居中位置.csv,135,center_middle,middle,steady,2.677,745.0,213.0,532.0,665.0,275.0,390.0,1,1
正对墙且离墙居中位置.csv,136,center_middle,middle,steady,2.697,711.0,274.0,437.0,709.0,275.0,434.0,1,1
正对墙且离墙居中位置.csv,137,center_middle,middle,steady,2.717,678.0,272.0,406.0,678.0,274.0,404.0,1,1
正对墙且离墙居中位置.csv,138,center_middle,middle,steady,2.737,647.0,224.0,423.0,647.0,274.0,373.0,1,1
正对墙且离墙居中位置.csv,139,center_middle,middle,steady,2.757,647.0,278.0,369.0,647.0,274.0,373.0,1,1
正对墙且离墙居中位置.csv,140,center_middle,middle,steady,2.778,645.0,226.0,419.0,647.0,274.0,373.0,1,1
正对墙且离墙居中位置.csv,141,center_middle,middle,steady,2.798,693.0,284.0,409.0,678.0,274.0,404.0,1,1
正对墙且离墙居中位置.csv,142,center_middle,middle,steady,2.818,709.0,273.0,436.0,693.0,273.0,420.0,1,1
正对墙且离墙居中位置.csv,143,center_middle,middle,steady,2.838,645.0,225.0,420.0,678.0,272.0,406.0,1,1
正对墙且离墙居中位置.csv,144,center_middle,middle,steady,2.858,663.0,273.0,390.0,663.0,273.0,390.0,1,1
正对墙且离墙居中位置.csv,145,center_middle,middle,steady,2.878,645.0,225.0,420.0,647.0,272.0,375.0,1,1
正对墙且离墙居中位置.csv,146,center_middle,middle,steady,2.898,646.0,276.0,370.0,647.0,273.0,374.0,1,1
正对墙且离墙居中位置.csv,147,center_middle,middle,steady,2.918,663.0,274.0,389.0,647.0,273.0,374.0,1,1
正对墙且离墙居中位置.csv,148,center_middle,middle,steady,2.938,709.0,222.0,487.0,663.0,273.0,390.0,1,1
正对墙且离墙居中位置.csv,149,center_middle,middle,steady,2.958,733.0,272.0,461.0,663.0,273.0,390.0,1,1
正对墙且离墙居中位置.csv,150,center_middle,middle,steady,2.978,644.0,225.0,419.0,663.0,272.0,391.0,1,1
正对墙且离墙居中位置.csv,151,center_middle,middle,steady,2.999,644.0,275.0,369.0,646.0,272.0,374.0,1,1
正对墙且离墙居中位置.csv,152,center_middle,middle,steady,3.019,644.0,288.0,356.0,646.0,273.0,373.0,1,1
正对墙且离墙居中位置.csv,153,center_middle,middle,steady,3.039,724.0,222.0,502.0,646.0,272.0,374.0,1,1
正对墙且离墙居中位置.csv,154,center_middle,middle,steady,3.059,718.0,274.0,444.0,663.0,274.0,389.0,1,1
正对墙且离墙居中位置.csv,155,center_middle,middle,steady,3.079,726.0,209.0,517.0,709.0,272.0,437.0,1,1
正对墙且离墙居中位置.csv,156,center_middle,middle,steady,3.099,646.0,274.0,372.0,709.0,272.0,437.0,1,1
正对墙且离墙居中位置.csv,157,center_middle,middle,steady,3.119,646.0,275.0,371.0,646.0,274.0,372.0,1,1
正对墙且离墙居中位置.csv,158,center_middle,middle,steady,3.139,646.0,552.0,94.0,646.0,274.0,372.0,1,1
正对墙且离墙居中位置.csv,159,center_middle,middle,steady,3.159,666.0,274.0,392.0,646.0,274.0,372.0,1,1
正对墙且离墙居中位置.csv,160,center_middle,middle,steady,3.179,710.0,274.0,436.0,666.0,274.0,392.0,1,1
正对墙且离墙居中位置.csv,161,center_middle,middle,steady,3.199,709.0,275.0,434.0,709.0,274.0,435.0,1,1
正对墙且离墙居中位置.csv,162,center_middle,middle,steady,3.22,662.0,274.0,388.0,666.0,274.0,392.0,1,1
正对墙且离墙居中位置.csv,163,center_middle,middle,steady,3.24,645.0,225.0,420.0,662.0,274.0,388.0,1,1
正对墙且离墙居中位置.csv,164,center_middle,middle,steady,3.26,654.0,274.0,380.0,654.0,274.0,380.0,1,1
正对墙且离墙居中位置.csv,165,center_middle,middle,steady,3.28,647.0,287.0,360.0,654.0,274.0,380.0,1,1
正对墙且离墙居中位置.csv,166,center_middle,middle,steady,3.3,709.0,290.0,419.0,662.0,274.0,388.0,1,1
正对墙且离墙居中位置.csv,167,center_middle,middle,steady,3.32,708.0,72.0,636.0,666.0,274.0,392.0,1,1
正对墙且离墙居中位置.csv,168,center_middle,middle,steady,3.34,725.0,209.0,516.0,708.0,274.0,434.0,1,1
正对墙且离墙居中位置.csv,169,center_middle,middle,steady,3.36,645.0,275.0,370.0,662.0,274.0,388.0,1,1
正对墙且离墙居中位置.csv,170,center_middle,middle,steady,3.38,644.0,288.0,356.0,654.0,274.0,380.0,1,1
正对墙且离墙居中位置.csv,171,center_middle,middle,steady,3.4,645.0,224.0,421.0,647.0,274.0,373.0,1,1
正对墙且离墙居中位置.csv,172,center_middle,middle,steady,3.42,663.0,276.0,387.0,654.0,275.0,379.0,1,1
正对墙且离墙居中位置.csv,173,center_middle,middle,steady,3.441,725.0,227.0,498.0,663.0,275.0,388.0,1,1
正对墙且离墙居中位置.csv,174,center_middle,middle,steady,3.461,727.0,425.0,302.0,708.0,275.0,433.0,1,1
正对墙且离墙居中位置.csv,175,center_middle,middle,steady,3.481,645.0,273.0,372.0,663.0,273.0,390.0,1,1
正对墙且离墙居中位置.csv,176,center_middle,middle,steady,3.501,644.0,223.0,421.0,645.0,273.0,372.0,1,1
正对墙且离墙居中位置.csv,177,center_middle,middle,steady,3.521,651.0,274.0,377.0,645.0,274.0,371.0,1,1
正对墙且离墙居中位置.csv,178,center_middle,middle,steady,3.541,644.0,225.0,419.0,645.0,273.0,372.0,1,1
正对墙且离墙居中位置.csv,179,center_middle,middle,steady,3.561,710.0,291.0,419.0,651.0,273.0,378.0,1,1
正对墙且离墙居中位置.csv,180,center_middle,middle,steady,3.581,727.0,272.0,455.0,663.0,273.0,390.0,1,1
正对墙且离墙居中位置.csv,181,center_middle,middle,steady,3.601,708.0,222.0,486.0,708.0,272.0,436.0,1,1
正对墙且离墙居中位置.csv,182,center_middle,middle,steady,3.622,654.0,275.0,379.0,654.0,273.0,381.0,1,1
正对墙且离墙居中位置.csv,183,center_middle,middle,steady,3.642,646.0,226.0,420.0,651.0,272.0,379.0,1,1
正对墙且离墙居中位置.csv,184,center_middle,middle,steady,3.662,645.0,274.0,371.0,651.0,272.0,379.0,1,1
正对墙且离墙居中位置.csv,185,center_middle,middle,steady,3.682,725.0,274.0,451.0,654.0,274.0,380.0,1,1
正对墙且离墙居中位置.csv,186,center_middle,middle,steady,3.702,724.0,223.0,501.0,708.0,272.0,436.0,1,1
正对墙且离墙居中位置.csv,187,center_middle,middle,steady,3.722,678.0,273.0,405.0,708.0,273.0,435.0,1,1
正对墙且离墙居中位置.csv,188,center_middle,middle,steady,3.742,645.0,241.0,404.0,678.0,272.0,406.0,1,1
正对墙且离墙居中位置.csv,189,center_middle,middle,steady,3.762,645.0,275.0,370.0,654.0,273.0,381.0,1,1
正对墙且离墙居中位置.csv,190,center_middle,middle,steady,3.783,650.0,275.0,375.0,650.0,274.0,376.0,1,1
正对墙且离墙居中位置.csv,191,center_middle,middle,steady,3.803,645.0,225.0,420.0,646.0,273.0,373.0,1,1
正对墙且离墙居中位置.csv,192,center_middle,middle,steady,3.823,708.0,55.0,653.0,650.0,273.0,377.0,1,1
正对墙且离墙居中位置.csv,193,center_middle,middle,steady,3.843,725.0,273.0,452.0,678.0,273.0,405.0,1,1
正对墙且离墙居中位置.csv,194,center_middle,middle,steady,3.863,644.0,273.0,371.0,650.0,273.0,377.0,1,1
正对墙且离墙居中位置.csv,195,center_middle,middle,steady,3.883,644.0,274.0,370.0,645.0,273.0,372.0,1,1
正对墙且离墙居中位置.csv,196,center_middle,middle,steady,3.903,644.0,239.0,405.0,645.0,273.0,372.0,1,1
正对墙且离墙居中位置.csv,197,center_middle,middle,steady,3.923,661.0,272.0,389.0,645.0,273.0,372.0,1,1
正对墙且离墙居中位置.csv,198,center_middle,middle,steady,3.943,717.0,273.0,444.0,650.0,273.0,377.0,1,1
正对墙且离墙居中位置.csv,199,center_middle,middle,steady,3.964,708.0,274.0,434.0,661.0,273.0,388.0,1,1
正对墙且离墙居中位置.csv,200,center_middle,middle,steady,3.984,708.0,273.0,435.0,708.0,273.0,435.0,1,1
正对墙且离墙居中位置.csv,201,center_middle,middle,steady,4.004,646.0,223.0,423.0,661.0,273.0,388.0,1,1
正对墙且离墙居中位置.csv,202,center_middle,middle,steady,4.024,643.0,270.0,373.0,646.0,273.0,373.0,1,1
正对墙且离墙居中位置.csv,203,center_middle,middle,steady,4.044,644.0,292.0,352.0,646.0,273.0,373.0,1,1
正对墙且离墙居中位置.csv,204,center_middle,middle,steady,4.064,726.0,291.0,435.0,661.0,273.0,388.0,1,1
正对墙且离墙居中位置.csv,205,center_middle,middle,steady,4.084,725.0,274.0,451.0,708.0,273.0,435.0,1,1
正对墙且离墙居中位置.csv,206,center_middle,middle,steady,4.104,709.0,241.0,468.0,708.0,273.0,435.0,1,1
正对墙且离墙居中位置.csv,207,center_middle,middle,steady,4.125,644.0,273.0,371.0,708.0,273.0,435.0,1,1
正对墙且离墙居中位置.csv,208,center_middle,middle,steady,4.145,629.0,279.0,350.0,646.0,273.0,373.0,1,1
正对墙且离墙居中位置.csv,209,center_middle,middle,steady,4.165,646.0,258.0,388.0,646.0,273.0,373.0,1,1
正对墙且离墙居中位置.csv,210,center_middle,middle,steady,4.185,708.0,273.0,435.0,646.0,273.0,373.0,1,1
正对墙且离墙居中位置.csv,211,center_middle,middle,steady,4.205,744.0,258.0,486.0,708.0,273.0,435.0,1,1
正对墙且离墙居中位置.csv,212,center_middle,middle,steady,4.225,709.0,273.0,436.0,709.0,273.0,436.0,1,1
正对墙且离墙居中位置.csv,213,center_middle,middle,steady,4.245,707.0,272.0,435.0,708.0,273.0,435.0,1,1
正对墙且离墙居中位置.csv,214,center_middle,middle,steady,4.265,645.0,240.0,405.0,707.0,272.0,435.0,1,1
正对墙且离墙居中位置.csv,215,center_middle,middle,steady,4.286,645.0,274.0,371.0,646.0,273.0,373.0,1,1
正对墙且离墙居中位置.csv,216,center_middle,middle,steady,4.306,644.0,241.0,403.0,646.0,272.0,374.0,1,1
正对墙且离墙居中位置.csv,217,center_middle,middle,steady,4.326,710.0,274.0,436.0,707.0,272.0,435.0,1,1
正对墙且离墙居中位置.csv,218,center_middle,middle,steady,4.346,725.0,272.0,453.0,708.0,272.0,436.0,1,1
正对墙且离墙居中位置.csv,219,center_middle,middle,steady,4.366,644.0,239.0,405.0,707.0,272.0,435.0,1,1
正对墙且离墙居中位置.csv,220,center_middle,middle,steady,4.386,646.0,274.0,372.0,646.0,272.0,374.0,1,1
正对墙且离墙居中位置.csv,221,center_middle,middle,steady,4.406,644.0,242.0,402.0,645.0,272.0,373.0,1,1
正对墙且离墙居中位置.csv,222,center_middle,middle,steady,4.426,660.0,273.0,387.0,645.0,272.0,373.0,1,1
正对墙且离墙居中位置.csv,223,center_middle,middle,steady,4.446,728.0,283.0,445.0,646.0,273.0,373.0,1,1
正对墙且离墙居中位置.csv,224,center_middle,middle,steady,4.467,711.0,581.0,130.0,660.0,273.0,387.0,1,1
正对墙且离墙居中位置.csv,225,center_middle,middle,steady,4.487,709.0,302.0,407.0,709.0,274.0,435.0,1,1
正对墙且离墙居中位置.csv,226,center_middle,middle,steady,4.507,642.0,56.0,586.0,660.0,273.0,387.0,1,1
正对墙且离墙居中位置.csv,227,center_middle,middle,steady,4.527,645.0,274.0,371.0,646.0,274.0,372.0,1,1
正对墙且离墙居中位置.csv,228,center_middle,middle,steady,4.547,646.0,603.0,43.0,646.0,274.0,372.0,1,1
正对墙且离墙居中位置.csv,229,center_middle,middle,steady,4.567,708.0,274.0,434.0,660.0,274.0,386.0,1,1
正对墙且离墙居中位置.csv,230,center_middle,middle,steady,4.587,714.0,273.0,441.0,708.0,274.0,434.0,1,1
正对墙且离墙居中位置.csv,231,center_middle,middle,steady,4.607,725.0,274.0,451.0,709.0,274.0,435.0,1,1
正对墙且离墙居中位置.csv,232,center_middle,middle,steady,4.627,644.0,74.0,570.0,708.0,274.0,434.0,1,1
正对墙且离墙居中位置.csv,233,center_middle,middle,steady,4.647,629.0,274.0,355.0,646.0,274.0,372.0,1,1
正对墙且离墙居中位置.csv,234,center_middle,middle,steady,4.668,644.0,274.0,370.0,645.0,274.0,371.0,1,1
正对墙且离墙居中位置.csv,235,center_middle,middle,steady,4.688,652.0,273.0,379.0,646.0,274.0,372.0,1,1
正对墙且离墙居中位置.csv,236,center_middle,middle,steady,4.708,727.0,273.0,454.0,652.0,274.0,378.0,1,1
正对墙且离墙居中位置.csv,237,center_middle,middle,steady,4.728,708.0,274.0,434.0,708.0,274.0,434.0,1,1
正对墙且离墙居中位置.csv,238,center_middle,middle,steady,4.748,709.0,274.0,435.0,708.0,274.0,434.0,1,1
正对墙且离墙居中位置.csv,239,center_middle,middle,steady,4.768,645.0,274.0,371.0,652.0,274.0,378.0,1,1
正对墙且离墙居中位置.csv,240,center_middle,middle,steady,4.788,645.0,271.0,374.0,645.0,274.0,371.0,1,1
正对墙且离墙居中位置.csv,241,center_middle,middle,steady,4.808,644.0,270.0,374.0,645.0,274.0,371.0,1,1
正对墙且离墙居中位置.csv,242,center_middle,middle,steady,4.828,724.0,273.0,451.0,652.0,273.0,379.0,1,1
正对墙且离墙居中位置.csv,243,center_middle,middle,steady,4.849,708.0,440.0,268.0,708.0,273.0,435.0,1,1
正对墙且离墙居中位置.csv,244,center_middle,middle,steady,4.869,707.0,273.0,434.0,708.0,273.0,435.0,1,1
正对墙且离墙居中位置.csv,245,center_middle,middle,steady,4.889,644.0,272.0,372.0,707.0,273.0,434.0,1,1
正对墙且离墙居中位置.csv,246,center_middle,middle,steady,4.909,644.0,273.0,371.0,645.0,273.0,372.0,1,1
正对墙且离墙居中位置.csv,247,center_middle,middle,steady,4.929,659.0,272.0,387.0,645.0,273.0,372.0,1,1
正对墙且离墙居中位置.csv,248,center_middle,middle,steady,4.949,644.0,274.0,370.0,645.0,273.0,372.0,1,1
正对墙且离墙居中位置.csv,249,center_middle,middle,steady,4.969,724.0,273.0,451.0,659.0,273.0,386.0,1,1
正对墙且离墙居中位置.csv,250,center_middle,middle,steady,4.989,706.0,272.0,434.0,706.0,273.0,433.0,1,1
正对墙且离墙居中位置.csv,251,center_middle,middle,steady,5.01,635.0,272.0,363.0,659.0,273.0,386.0,1,1
正对墙且离墙居中位置.csv,252,center_middle,middle,steady,5.03,643.0,272.0,371.0,644.0,272.0,372.0,1,1
正对墙且离墙居中位置.csv,253,center_middle,middle,steady,5.05,642.0,273.0,369.0,644.0,272.0,372.0,1,1
正对墙且离墙居中位置.csv,254,center_middle,middle,steady,5.07,708.0,274.0,434.0,644.0,273.0,371.0,1,1
正对墙且离墙居中位置.csv,255,center_middle,middle,steady,5.09,710.0,273.0,437.0,659.0,273.0,386.0,1,1
正对墙且离墙居中位置.csv,256,center_middle,middle,steady,5.11,733.0,272.0,461.0,706.0,273.0,433.0,1,1
正对墙且离墙居中位置.csv,257,center_middle,middle,steady,5.13,723.0,270.0,453.0,708.0,272.0,436.0,1,1
正对墙且离墙居中位置.csv,258,center_middle,middle,steady,5.15,630.0,601.0,29.0,706.0,272.0,434.0,1,1
正对墙且离墙居中位置.csv,259,center_middle,middle,steady,5.17,643.0,72.0,571.0,643.0,272.0,371.0,1,1
正对墙且离墙居中位置.csv,260,center_middle,middle,steady,5.191,643.0,273.0,370.0,643.0,273.0,370.0,1,1
正对墙且离墙居中位置.csv,261,center_middle,middle,steady,5.211,719.0,288.0,431.0,708.0,273.0,435.0,1,1
正对墙且离墙居中位置.csv,262,center_middle,middle,steady,5.231,742.0,281.0,461.0,710.0,273.0,437.0,1,1
正对墙且离墙居中位置.csv,263,center_middle,middle,steady,5.251,709.0,285.0,424.0,710.0,273.0,437.0,1,1
正对墙且离墙居中位置.csv,264,center_middle,middle,steady,5.271,644.0,273.0,371.0,709.0,273.0,436.0,1,1
正对墙且离墙居中位置.csv,265,center_middle,middle,steady,5.291,643.0,274.0,369.0,644.0,274.0,370.0,1,1
正对墙且离墙居中位置.csv,266,center_middle,middle,steady,5.311,648.0,601.0,47.0,644.0,281.0,363.0,1,1
正对墙且离墙居中位置.csv,267,center_middle,middle,steady,5.331,708.0,288.0,420.0,648.0,281.0,367.0,1,1
正对墙且离墙居中位置.csv,268,center_middle,middle,steady,5.351,709.0,272.0,437.0,708.0,281.0,427.0,1,1
正对墙且离墙居中位置.csv,269,center_middle,middle,steady,5.372,711.0,57.0,654.0,709.0,281.0,428.0,1,1
正对墙且离墙居中位置.csv,270,center_middle,middle,steady,5.392,644.0,274.0,370.0,708.0,274.0,434.0,1,1
正对墙且离墙居中位置.csv,271,center_middle,middle,steady,5.412,644.0,322.0,322.0,648.0,274.0,374.0,1,1
正对墙且离墙居中位置.csv,272,center_middle,middle,steady,5.432,662.0,274.0,388.0,648.0,274.0,374.0,1,1
正对墙且离墙居中位置.csv,273,center_middle,middle,steady,5.452,643.0,272.0,371.0,648.0,274.0,374.0,1,1
正对墙且离墙居中位置.csv,274,center_middle,middle,steady,5.472,725.0,274.0,451.0,662.0,274.0,388.0,1,1
正对墙且离墙居中位置.csv,275,center_middle,middle,steady,5.492,707.0,273.0,434.0,707.0,274.0,433.0,1,1
正对墙且离墙居中位置.csv,276,center_middle,middle,steady,5.512,644.0,257.0,387.0,662.0,273.0,389.0,1,1
正对墙且离墙居中位置.csv,277,center_middle,middle,steady,5.532,645.0,273.0,372.0,645.0,273.0,372.0,1,1
正对墙且离墙居中位置.csv,278,center_middle,middle,steady,5.553,645.0,272.0,373.0,645.0,273.0,372.0,1,1
正对墙且离墙居中位置.csv,279,center_middle,middle,steady,5.573,645.0,244.0,401.0,645.0,273.0,372.0,1,1
正对墙且离墙居中位置.csv,280,center_middle,middle,steady,5.593,709.0,274.0,435.0,645.0,273.0,372.0,1,1
正对墙且离墙居中位置.csv,281,center_middle,middle,steady,5.613,723.0,208.0,515.0,645.0,272.0,373.0,1,1
正对墙且离墙居中位置.csv,282,center_middle,middle,steady,5.633,707.0,275.0,432.0,707.0,273.0,434.0,1,1
正对墙且离墙居中位置.csv,283,center_middle,middle,steady,5.653,644.0,337.0,307.0,645.0,273.0,372.0,1,1
正对墙且离墙居中位置.csv,284,center_middle,middle,steady,5.673,645.0,246.0,399.0,645.0,272.0,373.0,1,1
正对墙且离墙居中位置.csv,285,center_middle,middle,steady,5.694,646.0,274.0,372.0,645.0,273.0,372.0,1,1
正对墙且离墙居中位置.csv,286,center_middle,middle,steady,5.714,709.0,241.0,468.0,646.0,272.0,374.0,1,1
正对墙且离墙居中位置.csv,287,center_middle,middle,steady,5.734,724.0,274.0,450.0,707.0,274.0,433.0,1,1
正对墙且离墙居中位置.csv,288,center_middle,middle,steady,5.754,714.0,273.0,441.0,709.0,274.0,435.0,1,1
正对墙且离墙居中位置.csv,289,center_middle,middle,steady,5.774,644.0,35.0,609.0,707.0,273.0,434.0,1,1
正对墙且离墙居中位置.csv,290,center_middle,middle,steady,5.794,645.0,273.0,372.0,646.0,273.0,373.0,1,1
正对墙且离墙居中位置.csv,291,center_middle,middle,steady,5.814,644.0,36.0,608.0,645.0,273.0,372.0,1,1
正对墙且离墙居中位置.csv,292,center_middle,middle,steady,5.834,643.0,273.0,370.0,645.0,273.0,372.0,1,1
正对墙且离墙居中位置.csv,293,center_middle,middle,steady,5.854,710.0,274.0,436.0,646.0,273.0,373.0,1,1
正对墙且离墙居中位置.csv,294,center_middle,middle,steady,5.875,707.0,256.0,451.0,707.0,273.0,434.0,1,1
正对墙且离墙居中位置.csv,295,center_middle,middle,steady,5.895,646.0,273.0,373.0,646.0,273.0,373.0,1,1
正对墙且离墙居中位置.csv,296,center_middle,middle,steady,5.915,643.0,272.0,371.0,645.0,273.0,372.0,1,1
正对墙且离墙居中位置.csv,297,center_middle,middle,steady,5.935,644.0,275.0,369.0,644.0,273.0,371.0,1,1
正对墙且离墙居中位置.csv,298,center_middle,middle,steady,5.955,644.0,274.0,370.0,644.0,273.0,371.0,1,1
正对墙且离墙居中位置.csv,299,center_middle,middle,steady,5.975,724.0,44.0,680.0,644.0,273.0,371.0,1,1
正对墙且离墙居中位置.csv,300,center_middle,middle,steady,5.995,707.0,270.0,437.0,646.0,273.0,373.0,1,1
正对墙且离墙居中位置.csv,301,center_middle,middle,steady,6.015,725.0,284.0,441.0,707.0,273.0,434.0,1,1
正对墙且离墙居中位置.csv,302,center_middle,middle,steady,6.035,646.0,274.0,372.0,646.0,273.0,373.0,1,1
正对墙且离墙居中位置.csv,303,center_middle,middle,steady,6.056,643.0,273.0,370.0,646.0,273.0,373.0,1,1
正对墙且离墙居中位置.csv,304,center_middle,middle,steady,6.076,643.0,36.0,607.0,644.0,273.0,371.0,1,1
正对墙且离墙居中位置.csv,305,center_middle,middle,steady,6.096,708.0,274.0,434.0,646.0,274.0,372.0,1,1
正对墙且离墙居中位置.csv,306,center_middle,middle,steady,6.116,707.0,271.0,436.0,707.0,273.0,434.0,1,1
正对墙且离墙居中位置.csv,307,center_middle,middle,steady,6.136,708.0,273.0,435.0,707.0,273.0,434.0,1,1
正对墙且离墙居中位置.csv,308,center_middle,middle,steady,6.156,644.0,273.0,371.0,707.0,273.0,434.0,1,1
正对墙且离墙居中位置.csv,309,center_middle,middle,steady,6.176,653.0,29.0,624.0,653.0,273.0,380.0,1,1
正对墙且离墙居中位置.csv,310,center_middle,middle,steady,6.196,642.0,173.0,469.0,646.0,273.0,373.0,1,1
正对墙且离墙居中位置.csv,311,center_middle,middle,steady,6.216,708.0,272.0,436.0,653.0,272.0,381.0,1,1
正对墙且离墙居中位置.csv,312,center_middle,middle,steady,6.237,724.0,35.0,689.0,707.0,271.0,436.0,1,1
正对墙且离墙居中位置.csv,313,center_middle,middle,steady,6.257,707.0,274.0,433.0,707.0,272.0,435.0,1,1
正对墙且离墙居中位置.csv,314,center_middle,middle,steady,6.277,653.0,258.0,395.0,707.0,271.0,436.0,1,1
正对墙且离墙居中位置.csv,315,center_middle,middle,steady,6.297,643.0,272.0,371.0,653.0,272.0,381.0,1,1
正对墙且离墙居中位置.csv,316,center_middle,middle,steady,6.317,645.0,272.0,373.0,653.0,272.0,381.0,1,1
正对墙且离墙居中位置.csv,317,center_middle,middle,steady,6.337,662.0,255.0,407.0,653.0,258.0,395.0,1,1
正对墙且离墙居中位置.csv,318,center_middle,middle,steady,6.357,707.0,272.0,435.0,662.0,272.0,390.0,1,1
正对墙且离墙居中位置.csv,319,center_middle,middle,steady,6.378,707.0,256.0,451.0,707.0,272.0,435.0,1,1
正对墙且离墙居中位置.csv,320,center_middle,middle,steady,6.398,646.0,275.0,371.0,662.0,272.0,390.0,1,1
正对墙且离墙居中位置.csv,321,center_middle,middle,steady,6.418,645.0,272.0,373.0,653.0,272.0,381.0,1,1
正对墙且离墙居中位置.csv,322,center_middle,middle,steady,6.438,642.0,44.0,598.0,646.0,272.0,374.0,1,1
正对墙且离墙居中位置.csv,323,center_middle,middle,steady,6.458,668.0,273.0,395.0,646.0,272.0,374.0,1,1
正对墙且离墙居中位置.csv,324,center_middle,middle,steady,6.478,743.0,242.0,501.0,662.0,272.0,390.0,1,1
正对墙且离墙居中位置.csv,325,center_middle,middle,steady,6.498,710.0,274.0,436.0,668.0,272.0,396.0,1,1
正对墙且离墙居中位置.csv,326,center_middle,middle,steady,6.519,724.0,272.0,452.0,707.0,272.0,435.0,1,1
正对墙且离墙居中位置.csv,327,center_middle,middle,steady,6.539,644.0,534.0,110.0,668.0,272.0,396.0,1,1
正对墙且离墙居中位置.csv,328,center_middle,middle,steady,6.559,647.0,584.0,63.0,647.0,273.0,374.0,1,1
正对墙且离墙居中位置.csv,329,center_middle,middle,steady,6.579,645.0,425.0,220.0,647.0,273.0,374.0,1,1
正对墙且离墙居中位置.csv,330,center_middle,middle,steady,6.599,708.0,273.0,435.0,668.0,273.0,395.0,1,1
正对墙且离墙居中位置.csv,331,center_middle,middle,steady,6.619,708.0,279.0,429.0,708.0,274.0,434.0,1,1
正对墙且离墙居中位置.csv,332,center_middle,middle,steady,6.639,741.0,41.0,700.0,708.0,274.0,434.0,1,1
正对墙且离墙居中位置.csv,333,center_middle,middle,steady,6.659,645.0,273.0,372.0,708.0,274.0,434.0,1,1
正对墙且离墙居中位置.csv,334,center_middle,middle,steady,6.68,644.0,289.0,355.0,647.0,279.0,368.0,1,1
正对墙且离墙居中位置.csv,335,center_middle,middle,steady,6.7,642.0,274.0,368.0,645.0,279.0,366.0,1,1
正对墙且离墙居中位置.csv,336,center_middle,middle,steady,6.72,645.0,275.0,370.0,645.0,275.0,370.0,1,1
正对墙且离墙居中位置.csv,337,center_middle,middle,steady,6.74,726.0,554.0,172.0,645.0,275.0,370.0,1,1
正对墙且离墙居中位置.csv,338,center_middle,middle,steady,6.76,725.0,271.0,454.0,708.0,274.0,434.0,1,1
正对墙且离墙居中位置.csv,339,center_middle,middle,steady,6.78,651.0,272.0,379.0,651.0,274.0,377.0,1,1
正对墙且离墙居中位置.csv,340,center_middle,middle,steady,6.8,644.0,289.0,355.0,645.0,274.0,371.0,1,1
正对墙且离墙居中位置.csv,341,center_middle,middle,steady,6.82,642.0,273.0,369.0,645.0,274.0,371.0,1,1
正对墙且离墙居中位置.csv,342,center_middle,middle,steady,6.84,710.0,536.0,174.0,645.0,275.0,370.0,1,1
正对墙且离墙居中位置.csv,343,center_middle,middle,steady,6.861,725.0,288.0,437.0,651.0,275.0,376.0,1,1
正对墙且离墙居中位置.csv,344,center_middle,middle,steady,6.881,717.0,271.0,446.0,710.0,275.0,435.0,1,1
正对墙且离墙居中位置.csv,345,center_middle,middle,steady,6.901,707.0,273.0,434.0,710.0,273.0,437.0,1,1
正对墙且离墙居中位置.csv,346,center_middle,middle,steady,6.921,644.0,273.0,371.0,707.0,273.0,434.0,1,1
正对墙且离墙居中位置.csv,347,center_middle,middle,steady,6.941,645.0,28.0,617.0,651.0,273.0,378.0,1,1
正对墙且离墙居中位置.csv,348,center_middle,middle,steady,6.961,643.0,272.0,371.0,645.0,273.0,372.0,1,1
正对墙且离墙居中位置.csv,349,center_middle,middle,steady,6.981,709.0,271.0,438.0,707.0,273.0,434.0,1,1
正对墙且离墙居中位置.csv,350,center_middle,middle,steady,7.001,724.0,208.0,516.0,709.0,272.0,437.0,1,1
正对墙且离墙居中位置.csv,351,center_middle,middle,steady,7.021,676.0,273.0,403.0,707.0,272.0,435.0,1,1
正对墙且离墙居中位置.csv,352,center_middle,middle,steady,7.042,643.0,207.0,436.0,676.0,271.0,405.0,1,1
正对墙且离墙居中位置.csv,353,center_middle,middle,steady,7.062,645.0,273.0,372.0,645.0,272.0,373.0,1,1
正对墙且离墙居中位置.csv,354,center_middle,middle,steady,7.082,642.0,272.0,370.0,645.0,272.0,373.0,1,1
正对墙且离墙居中位置.csv,355,center_middle,middle,steady,7.102,693.0,224.0,469.0,645.0,271.0,374.0,1,1
正对墙且离墙居中位置.csv,356,center_middle,middle,steady,7.122,708.0,273.0,435.0,676.0,272.0,404.0,1,1
正对墙且离墙居中位置.csv,357,center_middle,middle,steady,7.142,738.0,224.0,514.0,693.0,271.0,422.0,1,1
正对墙且离墙居中位置.csv,358,center_middle,middle,steady,7.162,644.0,274.0,370.0,676.0,272.0,404.0,1,1
正对墙且离墙居中位置.csv,359,center_middle,middle,steady,7.182,643.0,272.0,371.0,645.0,272.0,373.0,1,1
正对墙且离墙居中位置.csv,360,center_middle,middle,steady,7.202,642.0,223.0,419.0,644.0,272.0,372.0,1,1
正对墙且离墙居中位置.csv,361,center_middle,middle,steady,7.223,708.0,272.0,436.0,645.0,272.0,373.0,1,1
正对墙且离墙居中位置.csv,362,center_middle,middle,steady,7.243,706.0,241.0,465.0,693.0,272.0,421.0,1,1
正对墙且离墙居中位置.csv,363,center_middle,middle,steady,7.264,710.0,276.0,434.0,706.0,272.0,434.0,1,1
正对墙且离墙居中位置.csv,364,center_middle,middle,steady,7.284,645.0,278.0,367.0,706.0,272.0,434.0,1,1
正对墙且离墙居中位置.csv,365,center_middle,middle,steady,7.304,644.0,44.0,600.0,645.0,272.0,373.0,1,1
正对墙且离墙居中位置.csv,366,center_middle,middle,steady,7.324,643.0,274.0,369.0,644.0,272.0,372.0,1,1
正对墙且离墙居中位置.csv,367,center_middle,middle,steady,7.344,642.0,225.0,417.0,644.0,272.0,372.0,1,1
正对墙且离墙居中位置.csv,368,center_middle,middle,steady,7.364,710.0,274.0,436.0,645.0,272.0,373.0,1,1
正对墙且离墙居中位置.csv,369,center_middle,middle,steady,7.384,727.0,274.0,453.0,706.0,274.0,432.0,1,1
正对墙且离墙居中位置.csv,370,center_middle,middle,steady,7.404,644.0,27.0,617.0,645.0,274.0,371.0,1,1
正对墙且离墙居中位置.csv,371,center_middle,middle,steady,7.425,644.0,273.0,371.0,644.0,274.0,370.0,1,1
正对墙且离墙居中位置.csv,372,center_middle,middle,steady,7.445,646.0,225.0,421.0,644.0,273.0,371.0,1,1
正对墙且离墙居中位置.csv,373,center_middle,middle,steady,7.465,647.0,276.0,371.0,644.0,273.0,371.0,1,1
正对墙且离墙居中位置.csv,374,center_middle,middle,steady,7.485,710.0,275.0,435.0,646.0,274.0,372.0,1,1
正对墙且离墙居中位置.csv,375,center_middle,middle,steady,7.505,741.0,224.0,517.0,647.0,273.0,374.0,1,1
正对墙且离墙居中位置.csv,376,center_middle,middle,steady,7.525,710.0,275.0,435.0,710.0,274.0,436.0,1,1
正对墙且离墙居中位置.csv,377,center_middle,middle,steady,7.545,646.0,274.0,372.0,647.0,274.0,373.0,1,1
正对墙且离墙居中位置.csv,378,center_middle,middle,steady,7.565,645.0,274.0,371.0,646.0,274.0,372.0,1,1
正对墙且离墙居中位置.csv,379,center_middle,middle,steady,7.585,645.0,275.0,370.0,646.0,274.0,372.0,1,1
正对墙且离墙居中位置.csv,380,center_middle,middle,steady,7.606,654.0,237.0,417.0,647.0,274.0,373.0,1,1
正对墙且离墙居中位置.csv,381,center_middle,middle,steady,7.626,725.0,280.0,445.0,654.0,275.0,379.0,1,1
正对墙且离墙居中位置.csv,382,center_middle,middle,steady,7.646,727.0,290.0,437.0,710.0,275.0,435.0,1,1
正对墙且离墙居中位置.csv,383,center_middle,middle,steady,7.666,647.0,276.0,371.0,654.0,275.0,379.0,1,1
正对墙且离墙居中位置.csv,384,center_middle,middle,steady,7.686,646.0,276.0,370.0,647.0,275.0,372.0,1,1
正对墙且离墙居中位置.csv,385,center_middle,middle,steady,7.706,653.0,226.0,427.0,647.0,275.0,372.0,1,1
正对墙且离墙居中位置.csv,386,center_middle,middle,steady,7.726,662.0,74.0,588.0,653.0,275.0,378.0,1,1
正对墙且离墙居中位置.csv,387,center_middle,middle,steady,7.746,710.0,274.0,436.0,654.0,275.0,379.0,1,1
正对墙且离墙居中位置.csv,388,center_middle,middle,steady,7.766,720.0,264.0,456.0,662.0,274.0,388.0,1,1
正对墙且离墙居中位置.csv,389,center_middle,middle,steady,7.787,710.0,275.0,435.0,710.0,275.0,435.0,1,1
正对墙且离墙居中位置.csv,390,center_middle,middle,steady,7.807,648.0,208.0,440.0,662.0,274.0,388.0,1,1
正对墙且离墙居中位置.csv,391,center_middle,middle,steady,7.827,645.0,273.0,372.0,653.0,273.0,380.0,1,1
正对墙且离墙居中位置.csv,392,center_middle,middle,steady,7.847,643.0,273.0,370.0,653.0,273.0,380.0,1,1
正对墙且离墙居中位置.csv,393,center_middle,middle,steady,7.867,710.0,336.0,374.0,662.0,273.0,389.0,1,1
正对墙且离墙居中位置.csv,394,center_middle,middle,steady,7.887,710.0,276.0,434.0,710.0,273.0,437.0,1,1
正对墙且离墙居中位置.csv,395,center_middle,middle,steady,7.907,708.0,225.0,483.0,710.0,273.0,437.0,1,1
正对墙且离墙居中位置.csv,396,center_middle,middle,steady,7.927,645.0,273.0,372.0,708.0,273.0,435.0,1,1
正对墙且离墙居中位置.csv,397,center_middle,middle,steady,7.947,646.0,283.0,363.0,648.0,273.0,375.0,1,1
正对墙且离墙居中位置.csv,398,center_middle,middle,steady,7.967,654.0,220.0,434.0,648.0,273.0,375.0,1,1
正对墙且离墙居中位置.csv,399,center_middle,middle,steady,7.987,711.0,292.0,419.0,654.0,273.0,381.0,1,1
正对墙且离墙居中位置.csv,400,center_middle,middle,steady,8.008,740.0,241.0,499.0,708.0,273.0,435.0,1,1
正对墙且离墙居中位置.csv,401,center_middle,middle,steady,8.028,709.0,274.0,435.0,709.0,274.0,435.0,1,1
正对墙且离墙居中位置.csv,402,center_middle,middle,steady,8.048,723.0,272.0,451.0,709.0,273.0,436.0,1,1
正对墙且离墙居中位置.csv,403,center_middle,middle,steady,8.068,645.0,225.0,420.0,708.0,272.0,436.0,1,1
正对墙且离墙居中位置.csv,404,center_middle,middle,steady,8.088,644.0,72.0,572.0,654.0,272.0,382.0,1,1
正对墙且离墙居中位置.csv,405,center_middle,middle,steady,8.108,644.0,224.0,420.0,654.0,241.0,413.0,1,1
正对墙且离墙居中位置.csv,406,center_middle,middle,steady,8.128,710.0,275.0,435.0,709.0,241.0,468.0,1,1
正对墙且离墙居中位置.csv,407,center_middle,middle,steady,8.148,709.0,274.0,435.0,709.0,272.0,437.0,1,1
正对墙且离墙居中位置.csv,408,center_middle,middle,steady,8.168,644.0,223.0,421.0,709.0,241.0,468.0,1,1
正对墙且离墙居中位置.csv,409,center_middle,middle,steady,8.188,645.0,276.0,369.0,645.0,272.0,373.0,1,1
正对墙且离墙居中位置.csv,410,center_middle,middle,steady,8.208,646.0,522.0,124.0,645.0,272.0,373.0,1,1
正对墙且离墙居中位置.csv,411,center_middle,middle,steady,8.229,646.0,275.0,371.0,645.0,274.0,371.0,1,1
正对墙且离墙居中位置.csv,412,center_middle,middle,steady,8.249,664.0,276.0,388.0,646.0,275.0,371.0,1,1
正对墙且离墙居中位置.csv,413,center_middle,middle,steady,8.269,710.0,224.0,486.0,646.0,275.0,371.0,1,1
正对墙且离墙居中位置.csv,414,center_middle,middle,steady,8.289,726.0,272.0,454.0,664.0,275.0,389.0,1,1
正对墙且离墙居中位置.csv,415,center_middle,middle,steady,8.309,644.0,273.0,371.0,646.0,274.0,372.0,1,1
正对墙且离墙居中位置.csv,416,center_middle,middle,steady,8.329,661.0,275.0,386.0,646.0,275.0,371.0,1,1
正对墙且离墙居中位置.csv,417,center_middle,middle,steady,8.349,645.0,273.0,372.0,646.0,275.0,371.0,1,1
正对墙且离墙居中位置.csv,418,center_middle,middle,steady,8.369,725.0,224.0,501.0,661.0,273.0,388.0,1,1
正对墙且离墙居中位置.csv,419,center_middle,middle,steady,8.389,727.0,273.0,454.0,664.0,273.0,391.0,1,1
正对墙且离墙居中位置.csv,420,center_middle,middle,steady,8.41,710.0,274.0,436.0,710.0,273.0,437.0,1,1
正对墙且离墙居中位置.csv,421,center_middle,middle,steady,8.43,692.0,274.0,418.0,710.0,273.0,437.0,1,1
正对墙且离墙居中位置.csv,422,center_middle,middle,steady,8.45,644.0,274.0,370.0,692.0,273.0,419.0,1,1
正对墙且离墙居中位置.csv,423,center_middle,middle,steady,8.47,653.0,225.0,428.0,661.0,273.0,388.0,1,1
正对墙且离墙居中位置.csv,424,center_middle,middle,steady,8.49,662.0,275.0,387.0,662.0,274.0,388.0,1,1
正对墙且离墙居中位置.csv,425,center_middle,middle,steady,8.51,709.0,272.0,437.0,692.0,273.0,419.0,1,1
正对墙且离墙居中位置.csv,426,center_middle,middle,steady,8.53,709.0,224.0,485.0,709.0,273.0,436.0,1,1
正对墙且离墙居中位置.csv,427,center_middle,middle,steady,8.55,661.0,274.0,387.0,692.0,274.0,418.0,1,1
正对墙且离墙居中位置.csv,428,center_middle,middle,steady,8.57,650.0,226.0,424.0,662.0,274.0,388.0,1,1
正对墙且离墙居中位置.csv,429,center_middle,middle,steady,8.59,644.0,273.0,371.0,661.0,273.0,388.0,1,1
正对墙且离墙居中位置.csv,430,center_middle,middle,steady,8.61,646.0,274.0,372.0,653.0,273.0,380.0,1,1
正对墙且离墙居中位置.csv,431,center_middle,middle,steady,8.631,724.0,223.0,501.0,661.0,272.0,389.0,1,1
正对墙且离墙居中位置.csv,432,center_middle,middle,steady,8.651,707.0,274.0,433.0,662.0,273.0,389.0,1,1
正对墙且离墙居中位置.csv,433,center_middle,middle,steady,8.671,726.0,210.0,516.0,707.0,272.0,435.0,1,1
正对墙且离墙居中位置.csv,434,center_middle,middle,steady,8.691,646.0,276.0,370.0,661.0,273.0,388.0,1,1
正对墙且离墙居中位置.csv,435,center_middle,middle,steady,8.711,644.0,272.0,372.0,650.0,273.0,377.0,1,1
正对墙且离墙居中位置.csv,436,center_middle,middle,steady,8.731,661.0,224.0,437.0,650.0,272.0,378.0,1,1
正对墙且离墙居中位置.csv,437,center_middle,middle,steady,8.751,708.0,273.0,435.0,661.0,273.0,388.0,1,1
正对墙且离墙居中位置.csv,438,center_middle,middle,steady,8.771,715.0,225.0,490.0,707.0,272.0,435.0,1,1
正对墙且离墙居中位置.csv,439,center_middle,middle,steady,8.791,708.0,274.0,434.0,708.0,272.0,436.0,1,1
正对墙且离墙居中位置.csv,440,center_middle,middle,steady,8.811,645.0,287.0,358.0,707.0,273.0,434.0,1,1
正对墙且离墙居中位置.csv,441,center_middle,middle,steady,8.831,653.0,226.0,427.0,661.0,272.0,389.0,1,1
正对墙且离墙居中位置.csv,442,center_middle,middle,steady,8.852,661.0,287.0,374.0,661.0,273.0,388.0,1,1
正对墙且离墙居中位置.csv,443,center_middle,middle,steady,8.872,645.0,208.0,437.0,661.0,272.0,389.0,1,1
正对墙且离墙居中位置.csv,444,center_middle,middle,steady,8.892,710.0,356.0,354.0,661.0,273.0,388.0,1,1
正对墙且离墙居中位置.csv,445,center_middle,middle,steady,8.912,724.0,273.0,451.0,708.0,273.0,435.0,1,1
正对墙且离墙居中位置.csv,446,center_middle,middle,steady,8.932,647.0,552.0,95.0,661.0,274.0,387.0,1,1
正对墙且离墙居中位置.csv,447,center_middle,middle,steady,8.952,642.0,71.0,571.0,653.0,274.0,379.0,1,1
正对墙且离墙居中位置.csv,448,center_middle,middle,steady,8.972,645.0,273.0,372.0,647.0,273.0,374.0,1,1
正对墙且离墙居中位置.csv,449,center_middle,middle,steady,8.992,660.0,273.0,387.0,653.0,273.0,380.0,1,1
正对墙且离墙居中位置.csv,450,center_middle,middle,steady,9.012,724.0,274.0,450.0,660.0,273.0,387.0,1,1
正对墙且离墙居中位置.csv,451,center_middle,middle,steady,9.033,725.0,225.0,500.0,660.0,273.0,387.0,1,1
正对墙且离墙居中位置.csv,452,center_middle,middle,steady,9.053,708.0,321.0,387.0,708.0,273.0,435.0,1,1
正对墙且离墙居中位置.csv,453,center_middle,middle,steady,9.073,644.0,271.0,373.0,660.0,273.0,387.0,1,1
正对墙且离墙居中位置.csv,454,center_middle,middle,steady,9.093,644.0,273.0,371.0,647.0,273.0,374.0,1,1
正对墙且离墙居中位置.csv,455,center_middle,middle,steady,9.113,643.0,272.0,371.0,645.0,273.0,372.0,1,1
正对墙且离墙居中位置.csv,456,center_middle,middle,steady,9.133,708.0,224.0,484.0,660.0,273.0,387.0,1,1
正对墙且离墙居中位置.csv,457,center_middle,middle,steady,9.153,725.0,271.0,454.0,708.0,272.0,436.0,1,1
正对墙且离墙居中位置.csv,458,center_middle,middle,steady,9.173,710.0,280.0,430.0,708.0,272.0,436.0,1,1
正对墙且离墙居中位置.csv,459,center_middle,middle,steady,9.193,653.0,274.0,379.0,708.0,272.0,436.0,1,1
正对墙且离墙居中位置.csv,460,center_middle,middle,steady,9.214,660.0,275.0,385.0,660.0,273.0,387.0,1,1
正对墙且离墙居中位置.csv,461,center_middle,middle,steady,9.234,662.0,554.0,108.0,660.0,273.0,387.0,1,1
正对墙且离墙居中位置.csv,462,center_middle,middle,steady,9.254,708.0,273.0,435.0,662.0,273.0,389.0,1,1
正对墙且离墙居中位置.csv,463,center_middle,middle,steady,9.274,708.0,273.0,435.0,708.0,273.0,435.0,1,1
正对墙且离墙居中位置.csv,464,center_middle,middle,steady,9.294,714.0,552.0,162.0,708.0,274.0,434.0,1,1
正对墙且离墙居中位置.csv,465,center_middle,middle,steady,9.314,644.0,274.0,370.0,708.0,274.0,434.0,1,1
正对墙且离墙居中位置.csv,466,center_middle,middle,steady,9.334,643.0,224.0,419.0,662.0,274.0,388.0,1,1
正对墙且离墙居中位置.csv,467,center_middle,middle,steady,9.354,660.0,273.0,387.0,660.0,274.0,386.0,1,1
正对墙且离墙居中位置.csv,468,center_middle,middle,steady,9.374,661.0,274.0,387.0,661.0,274.0,387.0,1,1
正对墙且离墙居中位置.csv,469,center_middle,middle,steady,9.395,725.0,28.0,697.0,662.0,273.0,389.0,1,1
正对墙且离墙居中位置.csv,470,center_middle,middle,steady,9.415,724.0,273.0,451.0,708.0,273.0,435.0,1,1
正对墙且离墙居中位置.csv,471,center_middle,middle,steady,9.435,643.0,224.0,419.0,661.0,273.0,388.0,1,1
正对墙且离墙居中位置.csv,472,center_middle,middle,steady,9.455,658.0,273.0,385.0,660.0,273.0,387.0,1,1
正对墙且离墙居中位置.csv,473,center_middle,middle,steady,9.475,644.0,271.0,373.0,658.0,273.0,385.0,1,1
正对墙且离墙居中位置.csv,474,center_middle,middle,steady,9.495,645.0,205.0,440.0,658.0,271.0,387.0,1,1
正对墙且离墙居中位置.csv,475,center_middle,middle,steady,9.515,724.0,272.0,452.0,660.0,272.0,388.0,1,1
正对墙且离墙居中位置.csv,476,center_middle,middle,steady,9.535,708.0,27.0,681.0,661.0,271.0,390.0,1,1
正对墙且离墙居中位置.csv,477,center_middle,middle,steady,9.555,718.0,275.0,443.0,708.0,271.0,437.0,1,1
正对墙且离墙居中位置.csv,478,center_middle,middle,steady,9.576,644.0,273.0,371.0,658.0,272.0,386.0,1,1
正对墙且离墙居中位置.csv,479,center_middle,middle,steady,9.596,643.0,206.0,437.0,645.0,271.0,374.0,1,1
正对墙且离墙居中位置.csv,480,center_middle,middle,steady,9.616,644.0,273.0,371.0,645.0,272.0,373.0,1,1
正对墙且离墙居中位置.csv,481,center_middle,middle,steady,9.636,707.0,273.0,434.0,645.0,272.0,373.0,1,1
正对墙且离墙居中位置.csv,482,center_middle,middle,steady,9.656,707.0,274.0,433.0,707.0,273.0,434.0,1,1
正对墙且离墙居中位置.csv,483,center_middle,middle,steady,9.676,669.0,291.0,378.0,707.0,273.0,434.0,1,1
正对墙且离墙居中位置.csv,484,center_middle,middle,steady,9.696,644.0,224.0,420.0,669.0,273.0,396.0,1,1
正对墙且离墙居中位置.csv,485,center_middle,middle,steady,9.716,661.0,272.0,389.0,661.0,273.0,388.0,1,1
正对墙且离墙居中位置.csv,486,center_middle,middle,steady,9.737,644.0,273.0,371.0,644.0,273.0,371.0,1,1
正对墙且离墙居中位置.csv,487,center_middle,middle,steady,9.757,676.0,273.0,403.0,661.0,273.0,388.0,1,1
正对墙且离墙居中位置.csv,488,center_middle,middle,steady,9.777,707.0,273.0,434.0,669.0,273.0,396.0,1,1
正对墙且离墙居中位置.csv,489,center_middle,middle,steady,9.797,707.0,34.0,673.0,676.0,273.0,403.0,1,1
正对墙且离墙居中位置.csv,490,center_middle,middle,steady,9.817,641.0,272.0,369.0,669.0,273.0,396.0,1,1
正对墙且离墙居中位置.csv,491,center_middle,middle,steady,9.837,644.0,272.0,372.0,661.0,272.0,389.0,1,1
正对墙且离墙居中位置.csv,492,center_middle,middle,steady,9.857,660.0,273.0,387.0,660.0,272.0,388.0,1,1
正对墙且离墙居中位置.csv,493,center_middle,middle,steady,9.877,708.0,272.0,436.0,661.0,272.0,389.0,1,1
正对墙且离墙居中位置.csv,494,center_middle,middle,steady,9.897,723.0,206.0,517.0,676.0,272.0,404.0,1,1
正对墙且离墙居中位置.csv,495,center_middle,middle,steady,9.918,709.0,273.0,436.0,707.0,272.0,435.0,1,1
正对墙且离墙居中位置.csv,496,center_middle,middle,steady,9.938,675.0,270.0,405.0,707.0,272.0,435.0,1,1
正对墙且离墙居中位置.csv,497,center_middle,middle,steady,9.958,644.0,273.0,371.0,675.0,272.0,403.0,1,1
正对墙且离墙居中位置.csv,498,center_middle,middle,steady,9.978,647.0,274.0,373.0,660.0,272.0,388.0,1,1
正对墙且离墙居中位置.csv,499,center_middle,middle,steady,9.998,648.0,28.0,620.0,660.0,272.0,388.0,1,1
正对着墙.csv,2,center_near,near,steady,0.003,1312.0,1070.0,242.0,1312.0,1070.0,242.0,1,1
正对着墙.csv,3,center_near,near,steady,0.023,1314.0,1293.0,21.0,1313.0,1181.5,131.5,1,1
正对着墙.csv,4,center_near,near,steady,0.043,1315.0,1274.0,41.0,1314.0,1274.0,40.0,1,1
正对着墙.csv,5,center_near,near,steady,0.063,1316.0,1067.0,249.0,1314.5,1172.0,142.5,1,1
正对着墙.csv,6,center_near,near,steady,0.083,1312.0,1065.0,247.0,1314.0,1070.0,244.0,1,1
正对着墙.csv,7,center_near,near,steady,0.103,1313.0,1069.0,244.0,1313.5,1069.5,244.0,1,1
正对着墙.csv,8,center_near,near,steady,0.123,1313.0,1085.0,228.0,1313.0,1070.0,243.0,1,1
正对着墙.csv,9,center_near,near,steady,0.143,1313.0,1054.0,259.0,1313.0,1069.5,243.5,1,1
正对着墙.csv,10,center_near,near,steady,0.163,1314.0,1068.0,246.0,1313.0,1069.0,244.0,1,1
正对着墙.csv,11,center_near,near,steady,0.183,1313.0,1068.0,245.0,1313.0,1068.0,245.0,1,1
正对着墙.csv,12,center_near,near,steady,0.203,1314.0,1291.0,23.0,1313.0,1068.0,245.0,1,1
正对着墙.csv,13,center_near,near,steady,0.224,1313.0,1068.0,245.0,1313.0,1068.0,245.0,1,1
正对着墙.csv,14,center_near,near,steady,0.244,1312.0,1070.0,242.0,1313.0,1068.0,245.0,1,1
正对着墙.csv,15,center_near,near,steady,0.264,1318.0,1067.0,251.0,1313.0,1068.0,245.0,1,1
正对着墙.csv,16,center_near,near,steady,0.284,1313.0,1066.0,247.0,1313.0,1068.0,245.0,1,1
正对着墙.csv,17,center_near,near,steady,0.304,1314.0,1196.0,118.0,1313.0,1068.0,245.0,1,1
正对着墙.csv,18,center_near,near,steady,0.324,1313.0,1071.0,242.0,1313.0,1068.0,245.0,1,1
正对着墙.csv,19,center_near,near,steady,0.344,1312.0,1069.0,243.0,1313.0,1069.0,244.0,1,1
正对着墙.csv,20,center_near,near,steady,0.364,1321.0,1099.0,222.0,1313.0,1070.0,243.0,1,1
正对着墙.csv,21,center_near,near,steady,0.384,1313.0,1068.0,245.0,1313.0,1069.0,244.0,1,1
正对着墙.csv,22,center_near,near,steady,0.404,1313.0,1068.0,245.0,1313.0,1069.0,244.0,1,1
正对着墙.csv,23,center_near,near,steady,0.424,1313.0,1068.0,245.0,1313.0,1068.0,245.0,1,1
正对着墙.csv,24,center_near,near,steady,0.444,1312.0,1292.0,20.0,1313.0,1069.0,244.0,1,1
正对着墙.csv,25,center_near,near,steady,0.464,1313.0,1069.0,244.0,1313.0,1069.0,244.0,1,1
正对着墙.csv,26,center_near,near,steady,0.485,1313.0,1083.0,230.0,1313.0,1069.0,244.0,1,1
正对着墙.csv,27,center_near,near,steady,0.505,1320.0,1228.0,92.0,1313.0,1069.0,244.0,1,1
正对着墙.csv,28,center_near,near,steady,0.525,1312.0,1065.0,247.0,1313.0,1069.0,244.0,1,1
正对着墙.csv,29,center_near,near,steady,0.545,1311.0,1069.0,242.0,1313.0,1069.0,244.0,1,1
正对着墙.csv,30,center_near,near,steady,0.565,1313.0,1084.0,229.0,1313.0,1069.0,244.0,1,1
正对着墙.csv,31,center_near,near,steady,0.585,1313.0,1069.0,244.0,1313.0,1069.0,244.0,1,1
正对着墙.csv,32,center_near,near,steady,0.605,1320.0,1082.0,238.0,1313.0,1082.0,231.0,1,1
正对着墙.csv,33,center_near,near,steady,0.625,1312.0,1077.0,235.0,1313.0,1077.0,236.0,1,1
正对着墙.csv,34,center_near,near,steady,0.645,1313.0,1068.0,245.0,1313.0,1077.0,236.0,1,1
正对着墙.csv,35,center_near,near,steady,0.665,1313.0,1086.0,227.0,1313.0,1077.0,236.0,1,1
正对着墙.csv,36,center_near,near,steady,0.685,1314.0,1465.0,-151.0,1313.0,1077.0,236.0,1,1
正对着墙.csv,37,center_near,near,steady,0.705,1312.0,1306.0,6.0,1313.0,1082.0,231.0,1,1
正对着墙.csv,38,center_near,near,steady,0.726,1313.0,1321.0,-8.0,1313.0,1084.0,229.0,1,1
正对着墙.csv,39,center_near,near,steady,0.746,1313.0,1068.0,245.0,1313.0,1082.0,231.0,1,1
正对着墙.csv,40,center_near,near,steady,0.766,1312.0,1069.0,243.0,1313.0,1082.0,231.0,1,1
正对着墙.csv,41,center_near,near,steady,0.786,1312.0,1069.0,243.0,1313.0,1077.0,236.0,1,1
正对着墙.csv,42,center_near,near,steady,0.806,1312.0,1276.0,36.0,1313.0,1086.0,227.0,1,1
正对着墙.csv,43,center_near,near,steady,0.826,1312.0,1068.0,244.0,1312.0,1086.0,226.0,1,1
正对着墙.csv,44,center_near,near,steady,0.846,1312.0,1067.0,245.0,1312.0,1069.0,243.0,1,1
正对着墙.csv,45,center_near,near,steady,0.866,1321.0,1068.0,253.0,1312.0,1069.0,243.0,1,1
正对着墙.csv,46,center_near,near,steady,0.886,1313.0,1087.0,226.0,1312.0,1069.0,243.0,1,1
正对着墙.csv,47,center_near,near,steady,0.907,1314.0,1323.0,-9.0,1312.0,1069.0,243.0,1,1
正对着墙.csv,48,center_near,near,steady,0.927,1314.0,1288.0,26.0,1312.0,1069.0,243.0,1,1
正对着墙.csv,49,center_near,near,steady,0.947,1314.0,1065.0,249.0,1313.0,1069.0,244.0,1,1
正对着墙.csv,50,center_near,near,steady,0.967,1322.0,1183.0,139.0,1314.0,1087.0,227.0,1,1
正对着墙.csv,51,center_near,near,steady,0.987,1312.0,1307.0,5.0,1314.0,1087.0,227.0,1,1
正对着墙.csv,52,center_near,near,steady,1.007,1312.0,1069.0,243.0,1314.0,1087.0,227.0,1,1
正对着墙.csv,53,center_near,near,steady,1.027,1313.0,1068.0,245.0,1314.0,1087.0,227.0,1,1
正对着墙.csv,54,center_near,near,steady,1.048,1315.0,1235.0,80.0,1314.0,1183.0,131.0,1,1
正对着墙.csv,55,center_near,near,steady,1.068,1313.0,1096.0,217.0,1314.0,1183.0,131.0,1,1
正对着墙.csv,56,center_near,near,steady,1.088,1312.0,1069.0,243.0,1313.0,1096.0,217.0,1,1
正对着墙.csv,57,center_near,near,steady,1.108,1317.0,1725.0,-408.0,1313.0,1096.0,217.0,1,1
正对着墙.csv,58,center_near,near,steady,1.128,1312.0,1069.0,243.0,1313.0,1096.0,217.0,1,1
正对着墙.csv,59,center_near,near,steady,1.148,1314.0,1084.0,230.0,1313.0,1084.0,229.0,1,1
正对着墙.csv,60,center_near,near,steady,1.168,1312.0,1068.0,244.0,1313.0,1069.0,244.0,1,1
正对着墙.csv,61,center_near,near,steady,1.188,1313.0,1069.0,244.0,1313.0,1069.0,244.0,1,1
正对着墙.csv,62,center_near,near,steady,1.208,1313.0,1085.0,228.0,1313.0,1084.0,229.0,1,1
正对着墙.csv,63,center_near,near,steady,1.229,1313.0,1231.0,82.0,1313.0,1084.0,229.0,1,1
正对着墙.csv,64,center_near,near,steady,1.249,1315.0,1068.0,247.0,1313.0,1069.0,244.0,1,1
正对着墙.csv,65,center_near,near,steady,1.269,1314.0,1244.0,70.0,1313.0,1084.0,229.0,1,1
正对着墙.csv,66,center_near,near,steady,1.289,1312.0,1066.0,246.0,1313.0,1069.0,244.0,1,1
正对着墙.csv,67,center_near,near,steady,1.309,1312.0,1069.0,243.0,1313.0,1069.0,244.0,1,1
正对着墙.csv,68,center_near,near,steady,1.329,1312.0,1085.0,227.0,1313.0,1069.0,244.0,1,1
正对着墙.csv,69,center_near,near,steady,1.349,1312.0,1068.0,244.0,1313.0,1069.0,244.0,1,1
正对着墙.csv,70,center_near,near,steady,1.369,1314.0,1289.0,25.0,1313.0,1085.0,228.0,1,1
正对着墙.csv,71,center_near,near,steady,1.389,1312.0,1081.0,231.0,1312.0,1081.0,231.0,1,1
正对着墙.csv,72,center_near,near,steady,1.41,1312.0,1069.0,243.0,1312.0,1069.0,243.0,1,1
正对着墙.csv,73,center_near,near,steady,1.43,1312.0,1069.0,243.0,1312.0,1069.0,243.0,1,1
正对着墙.csv,74,center_near,near,steady,1.45,1313.0,1148.0,165.0,1312.0,1069.0,243.0,1,1
正对着墙.csv,75,center_near,near,steady,1.47,1313.0,1068.0,245.0,1312.0,1069.0,243.0,1,1
正对着墙.csv,76,center_near,near,steady,1.49,1309.0,1068.0,241.0,1312.0,1069.0,243.0,1,1
正对着墙.csv,77,center_near,near,steady,1.51,1316.0,1067.0,249.0,1312.0,1069.0,243.0,1,1
正对着墙.csv,78,center_near,near,steady,1.53,1313.0,1070.0,243.0,1313.0,1069.0,244.0,1,1
正对着墙.csv,79,center_near,near,steady,1.55,1317.0,1512.0,-195.0,1313.0,1069.0,244.0,1,1
正对着墙.csv,80,center_near,near,steady,1.57,1313.0,1307.0,6.0,1313.0,1069.0,244.0,1,1
正对着墙.csv,81,center_near,near,steady,1.591,1314.0,1525.0,-211.0,1313.0,1070.0,243.0,1,1
正对着墙.csv,82,center_near,near,steady,1.611,1320.0,1290.0,30.0,1313.0,1148.0,165.0,1,1
正对着墙.csv,83,center_near,near,steady,1.631,1314.0,1292.0,22.0,1314.0,1290.0,24.0,1,1
正对着墙.csv,84,center_near,near,steady,1.651,1313.0,1070.0,243.0,1314.0,1290.0,24.0,1,1
正对着墙.csv,85,center_near,near,steady,1.671,1313.0,1102.0,211.0,1314.0,1290.0,24.0,1,1
正对着墙.csv,86,center_near,near,steady,1.691,1312.0,1082.0,230.0,1313.0,1290.0,23.0,1,1
正对着墙.csv,87,center_near,near,steady,1.711,1313.0,1305.0,8.0,1313.0,1292.0,21.0,1,1
正对着墙.csv,88,center_near,near,steady,1.731,1314.0,1290.0,24.0,1313.0,1290.0,23.0,1,1
正对着墙.csv,89,center_near,near,steady,1.751,1312.0,1069.0,243.0,1313.0,1290.0,23.0,1,1
正对着墙.csv,90,center_near,near,steady,1.771,1315.0,1633.0,-318.0,1313.0,1290.0,23.0,1,1
正对着墙.csv,91,center_near,near,steady,1.792,1312.0,1069.0,243.0,1313.0,1102.0,211.0,1,1
正对着墙.csv,92,center_near,near,steady,1.812,1313.0,1079.0,234.0,1313.0,1082.0,231.0,1,1
正对着墙.csv,93,center_near,near,steady,1.832,1314.0,1321.0,-7.0,1313.0,1102.0,211.0,1,1
正对着墙.csv,94,center_near,near,steady,1.852,1312.0,1069.0,243.0,1313.0,1082.0,231.0,1,1
正对着墙.csv,95,center_near,near,steady,1.872,1313.0,1434.0,-121.0,1313.0,1290.0,23.0,1,1
正对着墙.csv,96,center_near,near,steady,1.892,1312.0,1054.0,258.0,1313.0,1079.0,234.0,1,1
正对着墙.csv,97,center_near,near,steady,1.912,1313.0,1068.0,245.0,1313.0,1069.0,244.0,1,1
正对着墙.csv,98,center_near,near,steady,1.932,1313.0,1383.0,-70.0,1313.0,1079.0,234.0,1,1
正对着墙.csv,99,center_near,near,steady,1.952,1312.0,1101.0,211.0,1313.0,1079.0,234.0,1,1
正对着墙.csv,100,center_near,near,steady,1.973,1312.0,1230.0,82.0,1313.0,1101.0,212.0,1,1
正对着墙.csv,101,center_near,near,steady,1.993,1312.0,1069.0,243.0,1312.0,1101.0,211.0,1,1
正对着墙.csv,102,center_near,near,steady,2.013,1314.0,1084.0,230.0,1312.0,1084.0,228.0,1,1
正对着墙.csv,103,center_near,near,steady,2.033,1313.0,1065.0,248.0,1313.0,1084.0,229.0,1,1
正对着墙.csv,104,center_near,near,steady,2.053,1312.0,1050.0,262.0,1312.0,1069.0,243.0,1,1
正对着墙.csv,105,center_near,near,steady,2.073,1314.0,1069.0,245.0,1313.0,1069.0,244.0,1,1
正对着墙.csv,106,center_near,near,steady,2.093,1313.0,1054.0,259.0,1313.0,1069.0,244.0,1,1
正对着墙.csv,107,center_near,near,steady,2.113,1311.0,1066.0,245.0,1312.0,1069.0,243.0,1,1
正对着墙.csv,108,center_near,near,steady,2.133,1314.0,1082.0,232.0,1313.0,1069.0,244.0,1,1
正对着墙.csv,109,center_near,near,steady,2.153,1313.0,1070.0,243.0,1313.0,1069.0,244.0,1,1
正对着墙.csv,110,center_near,near,steady,2.174,1314.0,1101.0,213.0,1313.0,1069.0,244.0,1,1
正对着墙.csv,111,center_near,near,steady,2.194,1312.0,1053.0,259.0,1313.0,1066.0,247.0,1,1
正对着墙.csv,112,center_near,near,steady,2.214,1311.0,1069.0,242.0,1313.0,1069.0,244.0,1,1
正对着墙.csv,113,center_near,near,steady,2.234,1313.0,1306.0,7.0,1313.0,1069.0,244.0,1,1
正对着墙.csv,114,center_near,near,steady,2.254,1313.0,1052.0,261.0,1313.0,1069.0,244.0,1,1
正对着墙.csv,115,center_near,near,steady,2.274,1313.0,1068.0,245.0,1313.0,1069.0,244.0,1,1
正对着墙.csv,116,center_near,near,steady,2.294,1312.0,1053.0,259.0,1313.0,1069.0,244.0,1,1
正对着墙.csv,117,center_near,near,steady,2.314,1312.0,1069.0,243.0,1313.0,1069.0,244.0,1,1
正对着墙.csv,118,center_near,near,steady,2.334,1314.0,1367.0,-53.0,1313.0,1069.0,244.0,1,1
正对着墙.csv,119,center_near,near,steady,2.354,1313.0,1051.0,262.0,1313.0,1068.0,245.0,1,1
正对着墙.csv,120,center_near,near,steady,2.375,1312.0,1066.0,246.0,1313.0,1068.0,245.0,1,1
正对着墙.csv,121,center_near,near,steady,2.395,1312.0,1068.0,244.0,1313.0,1068.0,245.0,1,1
正对着墙.csv,122,center_near,near,steady,2.415,1311.0,1069.0,242.0,1312.0,1068.0,244.0,1,1
正对着墙.csv,123,center_near,near,steady,2.435,1313.0,1069.0,244.0,1312.0,1068.0,244.0,1,1
正对着墙.csv,124,center_near,near,steady,2.455,1313.0,1097.0,216.0,1312.0,1069.0,243.0,1,1
正对着墙.csv,125,center_near,near,steady,2.475,1311.0,1068.0,243.0,1312.0,1069.0,243.0,1,1
正对着墙.csv,126,center_near,near,steady,2.495,1312.0,1068.0,244.0,1312.0,1068.0,244.0,1,1
正对着墙.csv,127,center_near,near,steady,2.515,1315.0,1479.0,-164.0,1312.0,1068.0,244.0,1,1
正对着墙.csv,128,center_near,near,steady,2.535,1313.0,1069.0,244.0,1312.0,1069.0,243.0,1,1
正对着墙.csv,129,center_near,near,steady,2.556,1313.0,1085.0,228.0,1313.0,1069.0,244.0,1,1
正对着墙.csv,130,center_near,near,steady,2.576,1312.0,1292.0,20.0,1313.0,1069.0,244.0,1,1
正对着墙.csv,131,center_near,near,steady,2.596,1313.0,1337.0,-24.0,1313.0,1085.0,228.0,1,1
正对着墙.csv,132,center_near,near,steady,2.616,1312.0,1069.0,243.0,1313.0,1085.0,228.0,1,1
正对着墙.csv,133,center_near,near,steady,2.636,1315.0,1309.0,6.0,1313.0,1085.0,228.0,1,1
正对着墙.csv,134,center_near,near,steady,2.656,1313.0,1071.0,242.0,1313.0,1085.0,228.0,1,1
正对着墙.csv,135,center_near,near,steady,2.676,1313.0,1068.0,245.0,1313.0,1085.0,228.0,1,1
正对着墙.csv,136,center_near,near,steady,2.696,1315.0,1288.0,27.0,1313.0,1085.0,228.0,1,1
正对着墙.csv,137,center_near,near,steady,2.716,1314.0,1069.0,245.0,1313.0,1085.0,228.0,1,1
正对着墙.csv,138,center_near,near,steady,2.736,1323.0,1070.0,253.0,1313.0,1071.0,242.0,1,1
正对着墙.csv,139,center_near,near,steady,2.757,1313.0,1247.0,66.0,1313.0,1071.0,242.0,1,1
正对着墙.csv,140,center_near,near,steady,2.777,1316.0,1099.0,217.0,1314.0,1071.0,243.0,1,1
正对着墙.csv,141,center_near,near,steady,2.797,1314.0,1084.0,230.0,1314.0,1084.0,230.0,1,1
正对着墙.csv,142,center_near,near,steady,2.817,1314.0,1069.0,245.0,1314.0,1071.0,243.0,1,1
正对着墙.csv,143,center_near,near,steady,2.837,1314.0,1308.0,6.0,1314.0,1084.0,230.0,1,1
正对着墙.csv,144,center_near,near,steady,2.857,1312.0,1069.0,243.0,1314.0,1084.0,230.0,1,1
正对着墙.csv,145,center_near,near,steady,2.877,1314.0,1069.0,245.0,1314.0,1070.0,244.0,1,1
正对着墙.csv,146,center_near,near,steady,2.897,1315.0,1115.0,200.0,1314.0,1084.0,230.0,1,1
正对着墙.csv,147,center_near,near,steady,2.917,1314.0,1085.0,229.0,1314.0,1085.0,229.0,1,1
正对着墙.csv,148,center_near,near,steady,2.937,1312.0,1069.0,243.0,1314.0,1084.0,230.0,1,1
正对着墙.csv,149,center_near,near,steady,2.958,1315.0,1070.0,245.0,1314.0,1070.0,244.0,1,1
正对着墙.csv,150,center_near,near,steady,2.978,1314.0,1069.0,245.0,1314.0,1069.0,245.0,1,1
正对着墙.csv,151,center_near,near,steady,2.998,1324.0,1494.0,-170.0,1314.0,1070.0,244.0,1,1
正对着墙.csv,152,center_near,near,steady,3.018,1314.0,1290.0,24.0,1314.0,1070.0,244.0,1,1
正对着墙.csv,153,center_near,near,steady,3.038,1314.0,1163.0,151.0,1314.0,1085.0,229.0,1,1
正对着墙.csv,154,center_near,near,steady,3.058,1316.0,1278.0,38.0,1314.0,1115.0,199.0,1,1
正对着墙.csv,155,center_near,near,steady,3.078,1313.0,1070.0,243.0,1314.0,1085.0,229.0,1,1
正对着墙.csv,156,center_near,near,steady,3.098,1326.0,1368.0,-42.0,1314.0,1163.0,151.0,1,1
正对着墙.csv,157,center_near,near,steady,3.118,1313.0,1053.0,260.0,1314.0,1163.0,151.0,1,1
正对着墙.csv,158,center_near,near,steady,3.138,1314.0,1068.0,246.0,1314.0,1163.0,151.0,1,1
正对着墙.csv,159,center_near,near,steady,3.159,1314.0,1116.0,198.0,1314.0,1163.0,151.0,1,1
正对着墙.csv,160,center_near,near,steady,3.179,1313.0,1308.0,5.0,1314.0,1163.0,151.0,1,1
正对着墙.csv,161,center_near,near,steady,3.199,1313.0,1086.0,227.0,1314.0,1116.0,198.0,1,1
正对着墙.csv,162,center_near,near,steady,3.219,1312.0,1067.0,245.0,1313.0,1086.0,227.0,1,1
正对着墙.csv,163,center_near,near,steady,3.239,1314.0,1067.0,247.0,1313.0,1070.0,243.0,1,1
正对着墙.csv,164,center_near,near,steady,3.259,1313.0,1066.0,247.0,1313.0,1068.0,245.0,1,1
正对着墙.csv,165,center_near,near,steady,3.279,1312.0,1070.0,242.0,1313.0,1068.0,245.0,1,1
正对着墙.csv,166,center_near,near,steady,3.299,1313.0,1069.0,244.0,1313.0,1069.0,244.0,1,1
正对着墙.csv,167,center_near,near,steady,3.319,1314.0,1067.0,247.0,1313.0,1069.0,244.0,1,1
正对着墙.csv,168,center_near,near,steady,3.339,1313.0,1078.0,235.0,1313.0,1069.0,244.0,1,1
正对着墙.csv,169,center_near,near,steady,3.359,1314.0,1307.0,7.0,1313.0,1069.0,244.0,1,1
正对着墙.csv,170,center_near,near,steady,3.379,1312.0,1164.0,148.0,1313.0,1069.0,244.0,1,1
正对着墙.csv,171,center_near,near,steady,3.4,1314.0,1308.0,6.0,1313.0,1070.0,243.0,1,1
正对着墙.csv,172,center_near,near,steady,3.42,1313.0,1069.0,244.0,1313.0,1070.0,243.0,1,1
正对着墙.csv,173,center_near,near,steady,3.44,1312.0,1069.0,243.0,1313.0,1070.0,243.0,1,1
正对着墙.csv,174,center_near,near,steady,3.46,1313.0,1305.0,8.0,1313.0,1078.0,235.0,1,1
正对着墙.csv,175,center_near,near,steady,3.48,1311.0,1067.0,244.0,1313.0,1078.0,235.0,1,1
正对着墙.csv,176,center_near,near,steady,3.5,1316.0,1647.0,-331.0,1313.0,1164.0,149.0,1,1
正对着墙.csv,177,center_near,near,steady,3.52,1315.0,1527.0,-212.0,1313.0,1305.0,8.0,1,1
正对着墙.csv,178,center_near,near,steady,3.54,1312.0,1306.0,6.0,1313.0,1305.0,8.0,1,1
正对着墙.csv,179,center_near,near,steady,3.56,1313.0,1067.0,246.0,1313.0,1305.0,8.0,1,1
正对着墙.csv,180,center_near,near,steady,3.58,1312.0,1067.0,245.0,1313.0,1069.0,244.0,1,1
正对着墙.csv,181,center_near,near,steady,3.601,1313.0,1069.0,244.0,1313.0,1069.0,244.0,1,1
正对着墙.csv,182,center_near,near,steady,3.621,1313.0,1069.0,244.0,1313.0,1069.0,244.0,1,1
正对着墙.csv,183,center_near,near,steady,3.641,1309.0,1070.0,239.0,1313.0,1069.0,244.0,1,1
正对着墙.csv,184,center_near,near,steady,3.661,1316.0,1305.0,11.0,1313.0,1070.0,243.0,1,1
正对着墙.csv,185,center_near,near,steady,3.681,1314.0,1081.0,233.0,1313.0,1070.0,243.0,1,1
正对着墙.csv,186,center_near,near,steady,3.701,1313.0,1116.0,197.0,1313.0,1070.0,243.0,1,1
正对着墙.csv,187,center_near,near,steady,3.721,1312.0,1086.0,226.0,1313.0,1070.0,243.0,1,1
正对着墙.csv,188,center_near,near,steady,3.741,1312.0,1085.0,227.0,1313.0,1081.0,232.0,1,1
正对着墙.csv,189,center_near,near,steady,3.761,1313.0,1069.0,244.0,1313.0,1081.0,232.0,1,1
正对着墙.csv,190,center_near,near,steady,3.781,1314.0,1337.0,-23.0,1313.0,1085.0,228.0,1,1
正对着墙.csv,191,center_near,near,steady,3.802,1317.0,1067.0,250.0,1313.0,1085.0,228.0,1,1
正对着墙.csv,192,center_near,near,steady,3.822,1312.0,1256.0,56.0,1313.0,1086.0,227.0,1,1
正对着墙.csv,193,center_near,near,steady,3.842,1312.0,1069.0,243.0,1313.0,1085.0,228.0,1,1
正对着墙.csv,194,center_near,near,steady,3.862,1314.0,1070.0,244.0,1313.0,1085.0,228.0,1,1
正对着墙.csv,195,center_near,near,steady,3.882,1314.0,1067.0,247.0,1313.0,1070.0,243.0,1,1
正对着墙.csv,196,center_near,near,steady,3.902,1315.0,1304.0,11.0,1314.0,1070.0,244.0,1,1
正对着墙.csv,197,center_near,near,steady,3.922,1314.0,1306.0,8.0,1314.0,1070.0,244.0,1,1
正对着墙.csv,198,center_near,near,steady,3.942,1312.0,1068.0,244.0,1314.0,1070.0,244.0,1,1
正对着墙.csv,199,center_near,near,steady,3.962,1313.0,1307.0,6.0,1314.0,1070.0,244.0,1,1
正对着墙.csv,200,center_near,near,steady,3.983,1312.0,1064.0,248.0,1313.0,1070.0,243.0,1,1
正对着墙.csv,201,center_near,near,steady,4.003,1311.0,1072.0,239.0,1313.0,1070.0,243.0,1,1
正对着墙.csv,202,center_near,near,steady,4.023,1313.0,1303.0,10.0,1313.0,1072.0,241.0,1,1
正对着墙.csv,203,center_near,near,steady,4.043,1313.0,1225.0,88.0,1313.0,1225.0,88.0,1,1
正对着墙.csv,204,center_near,near,steady,4.063,1312.0,1069.0,243.0,1313.0,1225.0,88.0,1,1
正对着墙.csv,205,center_near,near,steady,4.083,1312.0,1069.0,243.0,1312.0,1072.0,240.0,1,1
正对着墙.csv,206,center_near,near,steady,4.103,1311.0,1067.0,244.0,1312.0,1069.0,243.0,1,1
正对着墙.csv,207,center_near,near,steady,4.123,1313.0,1305.0,8.0,1312.0,1072.0,240.0,1,1
正对着墙.csv,208,center_near,near,steady,4.143,1312.0,1291.0,21.0,1312.0,1072.0,240.0,1,1
正对着墙.csv,209,center_near,near,steady,4.163,1312.0,1291.0,21.0,1312.0,1225.0,87.0,1,1
正对着墙.csv,210,center_near,near,steady,4.184,1314.0,1540.0,-226.0,1312.0,1291.0,21.0,1,1
正对着墙.csv,211,center_near,near,steady,4.204,1314.0,1291.0,23.0,1312.0,1291.0,21.0,1,1
正对着墙.csv,212,center_near,near,steady,4.224,1314.0,1244.0,70.0,1312.0,1291.0,21.0,1,1
正对着墙.csv,213,center_near,near,steady,4.244,1314.0,1100.0,214.0,1313.0,1291.0,22.0,1,1
正对着墙.csv,214,center_near,near,steady,4.264,1312.0,1101.0,211.0,1313.0,1291.0,22.0,1,1
正对着墙.csv,215,center_near,near,steady,4.284,1321.0,1069.0,252.0,1314.0,1291.0,23.0,1,1
正对着墙.csv,216,center_near,near,steady,4.304,1313.0,1068.0,245.0,1314.0,1244.0,70.0,1,1
正对着墙.csv,217,center_near,near,steady,4.324,1314.0,1066.0,248.0,1314.0,1101.0,213.0,1,1
正对着墙.csv,218,center_near,near,steady,4.345,1313.0,1317.0,-4.0,1314.0,1101.0,213.0,1,1
正对着墙.csv,219,center_near,near,steady,4.365,1312.0,1084.0,228.0,1314.0,1100.0,214.0,1,1
正对着墙.csv,220,center_near,near,steady,4.385,1312.0,1069.0,243.0,1313.0,1084.0,229.0,1,1
正对着墙.csv,221,center_near,near,steady,4.405,1313.0,1292.0,21.0,1313.0,1084.0,229.0,1,1
正对着墙.csv,222,center_near,near,steady,4.425,1312.0,1082.0,230.0,1313.0,1082.0,231.0,1,1
正对着墙.csv,223,center_near,near,steady,4.445,1322.0,1288.0,34.0,1313.0,1082.0,231.0,1,1
正对着墙.csv,224,center_near,near,steady,4.465,1312.0,1068.0,244.0,1313.0,1082.0,231.0,1,1
正对着墙.csv,225,center_near,near,steady,4.486,1313.0,1148.0,165.0,1313.0,1084.0,229.0,1,1
正对着墙.csv,226,center_near,near,steady,4.506,1313.0,1070.0,243.0,1313.0,1084.0,229.0,1,1
正对着墙.csv,227,center_near,near,steady,4.526,1315.0,1083.0,232.0,1313.0,1083.0,230.0,1,1
正对着墙.csv,228,center_near,near,steady,4.546,1313.0,1095.0,218.0,1313.0,1083.0,230.0,1,1
正对着墙.csv,229,center_near,near,steady,4.566,1314.0,1226.0,88.0,1313.0,1095.0,218.0,1,1
正对着墙.csv,230,center_near,near,steady,4.587,1314.0,1385.0,-71.0,1313.0,1095.0,218.0,1,1
正对着墙.csv,231,center_near,near,steady,4.607,1312.0,1069.0,243.0,1313.0,1095.0,218.0,1,1
正对着墙.csv,232,center_near,near,steady,4.627,1312.0,1067.0,245.0,1313.0,1083.0,230.0,1,1
正对着墙.csv,233,center_near,near,steady,4.647,1313.0,1097.0,216.0,1313.0,1095.0,218.0,1,1
正对着墙.csv,234,center_near,near,steady,4.667,1313.0,1065.0,248.0,1313.0,1083.0,230.0,1,1
正对着墙.csv,235,center_near,near,steady,4.687,1312.0,1070.0,242.0,1313.0,1083.0,230.0,1,1
正对着墙.csv,236,center_near,near,steady,4.707,1312.0,1069.0,243.0,1313.0,1070.0,243.0,1,1
正对着墙.csv,237,center_near,near,steady,4.728,1313.0,1069.0,244.0,1313.0,1069.0,244.0,1,1
正对着墙.csv,238,center_near,near,steady,4.748,1313.0,1097.0,216.0,1313.0,1069.0,244.0,1,1
正对着墙.csv,239,center_near,near,steady,4.768,1314.0,1291.0,23.0,1313.0,1069.0,244.0,1,1
正对着墙.csv,240,center_near,near,steady,4.788,1312.0,1068.0,244.0,1313.0,1069.0,244.0,1,1
正对着墙.csv,241,center_near,near,steady,4.808,1312.0,1054.0,258.0,1313.0,1069.0,244.0,1,1
正对着墙.csv,242,center_near,near,steady,4.828,1313.0,1072.0,241.0,1313.0,1069.0,244.0,1,1
正对着墙.csv,243,center_near,near,steady,4.848,1313.0,1464.0,-151.0,1313.0,1070.0,243.0,1,1
正对着墙.csv,244,center_near,near,steady,4.868,1312.0,1053.0,259.0,1313.0,1069.0,244.0,1,1
正对着墙.csv,245,center_near,near,steady,4.889,1312.0,1069.0,243.0,1313.0,1069.0,244.0,1,1
正对着墙.csv,246,center_near,near,steady,4.909,1312.0,1069.0,243.0,1312.0,1069.0,243.0,1,1
正对着墙.csv,247,center_near,near,steady,4.929,1314.0,1070.0,244.0,1312.0,1069.0,243.0,1,1
正对着墙.csv,248,center_near,near,steady,4.949,1313.0,1308.0,5.0,1312.0,1069.0,243.0,1,1
正对着墙.csv,249,center_near,near,steady,4.969,1312.0,1068.0,244.0,1312.0,1069.0,243.0,1,1
正对着墙.csv,250,center_near,near,steady,4.989,1313.0,1290.0,23.0,1313.0,1070.0,243.0,1,1
正对着墙.csv,251,center_near,near,steady,5.009,1316.0,1495.0,-179.0,1313.0,1070.0,243.0,1,1
正对着墙.csv,252,center_near,near,steady,5.029,1314.0,1069.0,245.0,1313.0,1069.0,244.0,1,1
正对着墙.csv,253,center_near,near,steady,5.049,1313.0,1526.0,-213.0,1313.0,1070.0,243.0,1,1
正对着墙.csv,254,center_near,near,steady,5.07,1312.0,1115.0,197.0,1313.0,1115.0,198.0,1,1
正对着墙.csv,255,center_near,near,steady,5.09,1313.0,1067.0,246.0,1313.0,1115.0,198.0,1,1
正对着墙.csv,256,center_near,near,steady,5.11,1315.0,1304.0,11.0,1313.0,1290.0,23.0,1,1
正对着墙.csv,257,center_near,near,steady,5.13,1313.0,1307.0,6.0,1313.0,1290.0,23.0,1,1
正对着墙.csv,258,center_near,near,steady,5.15,1312.0,1069.0,243.0,1313.0,1290.0,23.0,1,1
正对着墙.csv,259,center_near,near,steady,5.17,1314.0,1065.0,249.0,1313.0,1115.0,198.0,1,1
正对着墙.csv,260,center_near,near,steady,5.19,1314.0,1095.0,219.0,1313.0,1095.0,218.0,1,1
正对着墙.csv,261,center_near,near,steady,5.21,1313.0,1068.0,245.0,1313.0,1095.0,218.0,1,1
正对着墙.csv,262,center_near,near,steady,5.23,1312.0,1054.0,258.0,1313.0,1069.0,244.0,1,1
正对着墙.csv,263,center_near,near,steady,5.251,1312.0,1086.0,226.0,1313.0,1069.0,244.0,1,1
正对着墙.csv,264,center_near,near,steady,5.271,1312.0,1054.0,258.0,1313.0,1069.0,244.0,1,1
正对着墙.csv,265,center_near,near,steady,5.291,1312.0,1067.0,245.0,1312.0,1068.0,244.0,1,1
正对着墙.csv,266,center_near,near,steady,5.311,1312.0,1084.0,228.0,1312.0,1068.0,244.0,1,1
正对着墙.csv,267,center_near,near,steady,5.331,1322.0,1199.0,123.0,1312.0,1068.0,244.0,1,1
正对着墙.csv,268,center_near,near,steady,5.351,1314.0,1070.0,244.0,1312.0,1070.0,242.0,1,1
正对着墙.csv,269,center_near,near,steady,5.371,1315.0,1071.0,244.0,1312.0,1070.0,242.0,1,1
正对着墙.csv,270,center_near,near,steady,5.391,1312.0,1069.0,243.0,1312.0,1070.0,242.0,1,1
正对着墙.csv,271,center_near,near,steady,5.412,1312.0,1084.0,228.0,1312.0,1071.0,241.0,1,1
正对着墙.csv,272,center_near,near,steady,5.432,1317.0,1292.0,25.0,1312.0,1071.0,241.0,1,1
正对着墙.csv,273,center_near,near,steady,5.452,1315.0,1070.0,245.0,1314.0,1071.0,243.0,1,1
正对着墙.csv,274,center_near,near,steady,5.472,1315.0,1055.0,260.0,1315.0,1071.0,244.0,1,1
正对着墙.csv,275,center_near,near,steady,5.492,1315.0,1295.0,20.0,1315.0,1071.0,244.0,1,1
正对着墙.csv,276,center_near,near,steady,5.512,1316.0,1400.0,-84.0,1315.0,1071.0,244.0,1,1
正对着墙.csv,277,center_near,near,steady,5.532,1313.0,1080.0,233.0,1315.0,1080.0,235.0,1,1
正对着墙.csv,278,center_near,near,steady,5.552,1314.0,1291.0,23.0,1315.0,1084.0,231.0,1,1
正对着墙.csv,279,center_near,near,steady,5.573,1313.0,1054.0,259.0,1315.0,1084.0,231.0,1,1
正对着墙.csv,280,center_near,near,steady,5.593,1309.0,1069.0,240.0,1315.0,1080.0,235.0,1,1
正对着墙.csv,281,center_near,near,steady,5.613,1312.0,1080.0,232.0,1314.0,1080.0,234.0,1,1
正对着墙.csv,282,center_near,near,steady,5.633,1313.0,1068.0,245.0,1313.0,1080.0,233.0,1,1
正对着墙.csv,283,center_near,near,steady,5.653,1314.0,1084.0,230.0,1313.0,1080.0,233.0,1,1
正对着墙.csv,284,center_near,near,steady,5.673,1312.0,1053.0,259.0,1313.0,1080.0,233.0,1,1
正对着墙.csv,285,center_near,near,steady,5.693,1322.0,1070.0,252.0,1313.0,1070.0,243.0,1,1
正对着墙.csv,286,center_near,near,steady,5.713,1312.0,1101.0,211.0,1313.0,1070.0,243.0,1,1
正对着墙.csv,287,center_near,near,steady,5.733,1313.0,1052.0,261.0,1313.0,1069.0,244.0,1,1
正对着墙.csv,288,center_near,near,steady,5.753,1312.0,1067.0,245.0,1312.0,1069.0,243.0,1,1
正对着墙.csv,289,center_near,near,steady,5.773,1312.0,1068.0,244.0,1312.0,1068.0,244.0,1,1
正对着墙.csv,290,center_near,near,steady,5.793,1322.0,1070.0,252.0,1313.0,1068.0,245.0,1,1
正对着墙.csv,291,center_near,near,steady,5.814,1313.0,1069.0,244.0,1313.0,1069.0,244.0,1,1
正对着墙.csv,292,center_near,near,steady,5.834,1316.0,1082.0,234.0,1313.0,1069.0,244.0,1,1
正对着墙.csv,293,center_near,near,steady,5.854,1314.0,1247.0,67.0,1313.0,1070.0,243.0,1,1
正对着墙.csv,294,center_near,near,steady,5.874,1312.0,1068.0,244.0,1313.0,1069.0,244.0,1,1
正对着墙.csv,295,center_near,near,steady,5.894,1312.0,1069.0,243.0,1313.0,1069.0,244.0,1,1
正对着墙.csv,296,center_near,near,steady,5.914,1312.0,1069.0,243.0,1312.0,1069.0,243.0,1,1
正对着墙.csv,297,center_near,near,steady,5.934,1312.0,1308.0,4.0,1312.0,1069.0,243.0,1,1
正对着墙.csv,298,center_near,near,steady,5.954,1313.0,1084.0,229.0,1313.0,1070.0,243.0,1,1
正对着墙.csv,299,center_near,near,steady,5.974,1314.0,1149.0,165.0,1313.0,1082.0,231.0,1,1
正对着墙.csv,300,center_near,near,steady,5.994,1315.0,1245.0,70.0,1313.0,1084.0,229.0,1,1
正对着墙.csv,301,center_near,near,steady,6.014,1314.0,1086.0,228.0,1313.0,1086.0,227.0,1,1
正对着墙.csv,302,center_near,near,steady,6.035,1312.0,1293.0,19.0,1312.0,1086.0,226.0,1,1
正对着墙.csv,303,center_near,near,steady,6.055,1313.0,1083.0,230.0,1313.0,1086.0,227.0,1,1
正对着墙.csv,304,center_near,near,steady,6.075,1314.0,1066.0,248.0,1313.0,1086.0,227.0,1,1
正对着墙.csv,305,center_near,near,steady,6.095,1314.0,1196.0,118.0,1314.0,1149.0,165.0,1,1
正对着墙.csv,306,center_near,near,steady,6.115,1315.0,1517.0,-202.0,1314.0,1149.0,165.0,1,1
正对着墙.csv,307,center_near,near,steady,6.135,1312.0,1308.0,4.0,1314.0,1196.0,118.0,1,1
正对着墙.csv,308,center_near,near,steady,6.155,1311.0,1067.0,244.0,1314.0,1196.0,118.0,1,1
正对着墙.csv,309,center_near,near,steady,6.175,1314.0,1082.0,232.0,1314.0,1086.0,228.0,1,1
正对着墙.csv,310,center_near,near,steady,6.195,1312.0,1068.0,244.0,1313.0,1083.0,230.0,1,1
正对着墙.csv,311,center_near,near,steady,6.216,1312.0,1068.0,244.0,1313.0,1082.0,231.0,1,1
正对着墙.csv,312,center_near,near,steady,6.236,1311.0,1085.0,226.0,1312.0,1082.0,230.0,1,1
正对着墙.csv,313,center_near,near,steady,6.256,1313.0,1070.0,243.0,1312.0,1082.0,230.0,1,1
正对着墙.csv,314,center_near,near,steady,6.276,1314.0,1068.0,246.0,1312.0,1070.0,242.0,1,1
正对着墙.csv,315,center_near,near,steady,6.296,1312.0,1290.0,22.0,1312.0,1070.0,242.0,1,1
正对着墙.csv,316,center_near,near,steady,6.316,1312.0,1067.0,245.0,1312.0,1068.0,244.0,1,1
正对着墙.csv,317,center_near,near,steady,6.336,1314.0,1292.0,22.0,1312.0,1070.0,242.0,1,1
正对着墙.csv,318,center_near,near,steady,6.356,1313.0,1260.0,53.0,1312.0,1070.0,242.0,1,1
正对着墙.csv,319,center_near,near,steady,6.376,1312.0,1068.0,244.0,1312.0,1070.0,242.0,1,1
正对着墙.csv,320,center_near,near,steady,6.397,1312.0,1067.0,245.0,1312.0,1070.0,242.0,1,1
正对着墙.csv,321,center_near,near,steady,6.417,1313.0,1067.0,246.0,1313.0,1068.0,245.0,1,1
正对着墙.csv,322,center_near,near,steady,6.437,1312.0,1068.0,244.0,1312.0,1068.0,244.0,1,1
正对着墙.csv,323,center_near,near,steady,6.457,1313.0,1307.0,6.0,1312.0,1068.0,244.0,1,1
正对着墙.csv,324,center_near,near,steady,6.477,1314.0,1308.0,6.0,1313.0,1068.0,245.0,1,1
正对着墙.csv,325,center_near,near,steady,6.497,1312.0,1098.0,214.0,1313.0,1098.0,215.0,1,1
正对着墙.csv,326,center_near,near,steady,6.517,1313.0,1064.0,249.0,1313.0,1068.0,245.0,1,1
正对着墙.csv,327,center_near,near,steady,6.537,1313.0,1068.0,245.0,1313.0,1068.0,245.0,1,1
正对着墙.csv,328,center_near,near,steady,6.557,1312.0,1070.0,242.0,1313.0,1068.0,245.0,1,1
正对着墙.csv,329,center_near,near,steady,6.578,1313.0,1085.0,228.0,1313.0,1070.0,243.0,1,1
正对着墙.csv,330,center_near,near,steady,6.598,1314.0,1082.0,232.0,1313.0,1082.0,231.0,1,1
正对着墙.csv,331,center_near,near,steady,6.618,1313.0,1206.0,107.0,1313.0,1085.0,228.0,1,1
正对着墙.csv,332,center_near,near,steady,6.638,1314.0,1291.0,23.0,1313.0,1085.0,228.0,1,1
正对着墙.csv,333,center_near,near,steady,6.658,1312.0,1069.0,243.0,1313.0,1082.0,231.0,1,1
正对着墙.csv,334,center_near,near,steady,6.678,1312.0,1069.0,243.0,1313.0,1070.0,243.0,1,1
正对着墙.csv,335,center_near,near,steady,6.698,1313.0,1070.0,243.0,1313.0,1070.0,243.0,1,1
正对着墙.csv,336,center_near,near,steady,6.718,1313.0,1305.0,8.0,1313.0,1082.0,231.0,1,1
正对着墙.csv,337,center_near,near,steady,6.739,1313.0,1198.0,115.0,1313.0,1085.0,228.0,1,1
正对着墙.csv,338,center_near,near,steady,6.759,1312.0,1069.0,243.0,1313.0,1082.0,231.0,1,1
正对着墙.csv,339,center_near,near,steady,6.779,1313.0,1070.0,243.0,1313.0,1070.0,243.0,1,1
正对着墙.csv,340,center_near,near,steady,6.799,1314.0,1709.0,-395.0,1313.0,1070.0,243.0,1,1
正对着墙.csv,341,center_near,near,steady,6.819,1313.0,1068.0,245.0,1313.0,1070.0,243.0,1,1
正对着墙.csv,342,center_near,near,steady,6.839,1312.0,1068.0,244.0,1313.0,1070.0,243.0,1,1
正对着墙.csv,343,center_near,near,steady,6.86,1324.0,1133.0,191.0,1313.0,1070.0,243.0,1,1
正对着墙.csv,344,center_near,near,steady,6.88,1314.0,1088.0,226.0,1313.0,1088.0,225.0,1,1
正对着墙.csv,345,center_near,near,steady,6.9,1314.0,1307.0,7.0,1313.0,1088.0,225.0,1,1
正对着墙.csv,346,center_near,near,steady,6.92,1314.0,1068.0,246.0,1314.0,1070.0,244.0,1,1
正对着墙.csv,347,center_near,near,steady,6.94,1313.0,1305.0,8.0,1314.0,1088.0,226.0,1,1
正对着墙.csv,348,center_near,near,steady,6.96,1314.0,1289.0,25.0,1314.0,1133.0,181.0,1,1
正对着墙.csv,349,center_near,near,steady,6.98,1314.0,1070.0,244.0,1314.0,1088.0,226.0,1,1
正对着墙.csv,350,center_near,near,steady,7.0,1314.0,1526.0,-212.0,1314.0,1133.0,181.0,1,1
正对着墙.csv,351,center_near,near,steady,7.02,1314.0,1324.0,-10.0,1314.0,1289.0,25.0,1,1
正对着墙.csv,352,center_near,near,steady,7.041,1313.0,1302.0,11.0,1314.0,1302.0,12.0,1,1
正对着墙.csv,353,center_near,near,steady,7.061,1315.0,1072.0,243.0,1314.0,1302.0,12.0,1,1
正对着墙.csv,354,center_near,near,steady,7.081,1313.0,1068.0,245.0,1314.0,1289.0,25.0,1,1
正对着墙.csv,355,center_near,near,steady,7.101,1313.0,1184.0,129.0,1314.0,1289.0,25.0,1,1
正对着墙.csv,356,center_near,near,steady,7.121,1317.0,1085.0,232.0,1314.0,1184.0,130.0,1,1
正对着墙.csv,357,center_near,near,steady,7.141,1313.0,1069.0,244.0,1314.0,1085.0,229.0,1,1
正对着墙.csv,358,center_near,near,steady,7.161,1314.0,1229.0,85.0,1314.0,1184.0,130.0,1,1
正对着墙.csv,359,center_near,near,steady,7.181,1314.0,1069.0,245.0,1314.0,1085.0,229.0,1,1
正对着墙.csv,360,center_near,near,steady,7.201,1313.0,1070.0,243.0,1313.0,1072.0,241.0,1,1
正对着墙.csv,361,center_near,near,steady,7.221,1313.0,1070.0,243.0,1313.0,1070.0,243.0,1,1
正对着墙.csv,362,center_near,near,steady,7.242,1313.0,1069.0,244.0,1313.0,1070.0,243.0,1,1
正对着墙.csv,363,center_near,near,steady,7.262,1317.0,1231.0,86.0,1313.0,1070.0,243.0,1,1
正对着墙.csv,364,center_near,near,steady,7.282,1314.0,1069.0,245.0,1314.0,1070.0,244.0,1,1
正对着墙.csv,365,center_near,near,steady,7.302,1317.0,1072.0,245.0,1314.0,1070.0,244.0,1,1
正对着墙.csv,366,center_near,near,steady,7.322,1314.0,1070.0,244.0,1314.0,1070.0,244.0,1,1
正对着墙.csv,367,center_near,near,steady,7.342,1313.0,1069.0,244.0,1314.0,1070.0,244.0,1,1
正对着墙.csv,368,center_near,near,steady,7.362,1313.0,1070.0,243.0,1313.0,1070.0,243.0,1,1
正对着墙.csv,369,center_near,near,steady,7.382,1313.0,1144.0,169.0,1313.0,1070.0,243.0,1,1
正对着墙.csv,370,center_near,near,steady,7.402,1312.0,1080.0,232.0,1313.0,1070.0,243.0,1,1
正对着墙.csv,371,center_near,near,steady,7.422,1313.0,1069.0,244.0,1313.0,1070.0,243.0,1,1
正对着墙.csv,372,center_near,near,steady,7.443,1314.0,1292.0,22.0,1313.0,1070.0,243.0,1,1
正对着墙.csv,373,center_near,near,steady,7.463,1312.0,1309.0,3.0,1313.0,1072.0,241.0,1,1
正对着墙.csv,374,center_near,near,steady,7.483,1313.0,1069.0,244.0,1313.0,1070.0,243.0,1,1
正对着墙.csv,375,center_near,near,steady,7.503,1313.0,1068.0,245.0,1313.0,1070.0,243.0,1,1
正对着墙.csv,376,center_near,near,steady,7.523,1316.0,1525.0,-209.0,1313.0,1080.0,233.0,1,1
正对着墙.csv,377,center_near,near,steady,7.543,1314.0,1308.0,6.0,1313.0,1144.0,169.0,1,1
正对着墙.csv,378,center_near,near,steady,7.563,1311.0,1070.0,241.0,1313.0,1080.0,233.0,1,1
正对着墙.csv,379,center_near,near,steady,7.583,1313.0,1068.0,245.0,1313.0,1070.0,243.0,1,1
正对着墙.csv,380,center_near,near,steady,7.603,1314.0,1067.0,247.0,1313.0,1070.0,243.0,1,1
正对着墙.csv,381,center_near,near,steady,7.623,1325.0,1289.0,36.0,1313.0,1070.0,243.0,1,1
正对着墙.csv,382,center_near,near,steady,7.644,1312.0,1069.0,243.0,1313.0,1069.0,244.0,1,1
正对着墙.csv,383,center_near,near,steady,7.664,1312.0,1069.0,243.0,1313.0,1069.0,244.0,1,1
正对着墙.csv,384,center_near,near,steady,7.684,1315.0,1069.0,246.0,1314.0,1069.0,245.0,1,1
正对着墙.csv,385,center_near,near,steady,7.704,1315.0,1082.0,233.0,1314.0,1069.0,245.0,1,1
正对着墙.csv,386,center_near,near,steady,7.724,1313.0,1069.0,244.0,1313.0,1069.0,244.0,1,1
正对着墙.csv,387,center_near,near,steady,7.744,1314.0,1070.0,244.0,1314.0,1069.0,245.0,1,1
正对着墙.csv,388,center_near,near,steady,7.764,1315.0,1070.0,245.0,1314.0,1069.0,245.0,1,1
正对着墙.csv,389,center_near,near,steady,7.784,1315.0,1070.0,245.0,1315.0,1070.0,245.0,1,1
正对着墙.csv,390,center_near,near,steady,7.804,1315.0,1070.0,245.0,1315.0,1070.0,245.0,1,1
正对着墙.csv,391,center_near,near,steady,7.825,1312.0,1068.0,244.0,1315.0,1070.0,245.0,1,1
正对着墙.csv,392,center_near,near,steady,7.845,1314.0,1307.0,7.0,1315.0,1070.0,245.0,1,1
正对着墙.csv,393,center_near,near,steady,7.865,1314.0,1102.0,212.0,1314.0,1070.0,244.0,1,1
正对着墙.csv,394,center_near,near,steady,7.885,1314.0,1086.0,228.0,1314.0,1070.0,244.0,1,1
正对着墙.csv,395,center_near,near,steady,7.905,1313.0,1068.0,245.0,1314.0,1070.0,244.0,1,1
正对着墙.csv,396,center_near,near,steady,7.925,1312.0,1290.0,22.0,1314.0,1070.0,244.0,1,1
正对着墙.csv,397,center_near,near,steady,7.945,1315.0,1085.0,230.0,1314.0,1085.0,229.0,1,1
正对着墙.csv,398,center_near,near,steady,7.965,1314.0,1292.0,22.0,1314.0,1086.0,228.0,1,1
正对着墙.csv,399,center_near,near,steady,7.985,1317.0,1308.0,9.0,1314.0,1102.0,212.0,1,1
正对着墙.csv,400,center_near,near,steady,8.005,1313.0,1070.0,243.0,1314.0,1102.0,212.0,1,1
正对着墙.csv,401,center_near,near,steady,8.026,1313.0,1066.0,247.0,1314.0,1086.0,228.0,1,1
正对着墙.csv,402,center_near,near,steady,8.046,1313.0,1081.0,232.0,1313.0,1085.0,228.0,1,1
正对着墙.csv,403,center_near,near,steady,8.066,1316.0,1070.0,246.0,1313.0,1081.0,232.0,1,1
正对着墙.csv,404,center_near,near,steady,8.086,1314.0,1070.0,244.0,1314.0,1081.0,233.0,1,1
正对着墙.csv,405,center_near,near,steady,8.106,1313.0,1069.0,244.0,1314.0,1070.0,244.0,1,1
正对着墙.csv,406,center_near,near,steady,8.126,1315.0,1292.0,23.0,1314.0,1070.0,244.0,1,1
正对着墙.csv,407,center_near,near,steady,8.146,1315.0,1069.0,246.0,1314.0,1070.0,244.0,1,1
正对着墙.csv,408,center_near,near,steady,8.166,1313.0,1305.0,8.0,1313.0,1070.0,243.0,1,1
正对着墙.csv,409,center_near,near,steady,8.186,1312.0,1069.0,243.0,1313.0,1070.0,243.0,1,1
正对着墙.csv,410,center_near,near,steady,8.206,1314.0,1072.0,242.0,1314.0,1070.0,244.0,1,1
正对着墙.csv,411,center_near,near,steady,8.227,1313.0,1070.0,243.0,1314.0,1070.0,244.0,1,1
正对着墙.csv,412,center_near,near,steady,8.247,1313.0,1067.0,246.0,1313.0,1070.0,243.0,1,1
正对着墙.csv,413,center_near,near,steady,8.267,1313.0,1180.0,133.0,1313.0,1070.0,243.0,1,1
正对着墙.csv,414,center_near,near,steady,8.287,1322.0,1084.0,238.0,1313.0,1072.0,241.0,1,1
正对着墙.csv,415,center_near,near,steady,8.307,1314.0,1293.0,21.0,1313.0,1072.0,241.0,1,1
正对着墙.csv,416,center_near,near,steady,8.327,1313.0,1117.0,196.0,1313.0,1084.0,229.0,1,1
正对着墙.csv,417,center_near,near,steady,8.347,1316.0,1321.0,-5.0,1313.0,1084.0,229.0,1,1
正对着墙.csv,418,center_near,near,steady,8.367,1312.0,1070.0,242.0,1313.0,1084.0,229.0,1,1
正对着墙.csv,419,center_near,near,steady,8.387,1314.0,1291.0,23.0,1313.0,1117.0,196.0,1,1
正对着墙.csv,420,center_near,near,steady,8.407,1314.0,1070.0,244.0,1314.0,1117.0,197.0,1,1
正对着墙.csv,421,center_near,near,steady,8.427,1312.0,1148.0,164.0,1314.0,1148.0,166.0,1,1
正对着墙.csv,422,center_near,near,steady,8.447,1313.0,1069.0,244.0,1314.0,1117.0,197.0,1,1
正对着墙.csv,423,center_near,near,steady,8.468,1313.0,1290.0,23.0,1313.0,1148.0,165.0,1,1
正对着墙.csv,424,center_near,near,steady,8.488,1316.0,1523.0,-207.0,1313.0,1148.0,165.0,1,1
正对着墙.csv,425,center_near,near,steady,8.508,1313.0,1067.0,246.0,1313.0,1148.0,165.0,1,1
正对着墙.csv,426,center_near,near,steady,8.528,1313.0,1308.0,5.0,1313.0,1148.0,165.0,1,1
正对着墙.csv,427,center_near,near,steady,8.548,1312.0,1070.0,242.0,1313.0,1148.0,165.0,1,1
正对着墙.csv,428,center_near,near,steady,8.568,1314.0,1074.0,240.0,1313.0,1074.0,239.0,1,1
正对着墙.csv,429,center_near,near,steady,8.588,1316.0,1537.0,-221.0,1313.0,1148.0,165.0,1,1
正对着墙.csv,430,center_near,near,steady,8.608,1313.0,1068.0,245.0,1313.0,1074.0,239.0,1,1
正对着墙.csv,431,center_near,near,steady,8.628,1321.0,1069.0,252.0,1313.0,1074.0,239.0,1,1
正对着墙.csv,432,center_near,near,steady,8.648,1313.0,1070.0,243.0,1313.0,1070.0,243.0,1,1
正对着墙.csv,433,center_near,near,steady,8.668,1313.0,1069.0,244.0,1313.0,1070.0,243.0,1,1
正对着墙.csv,434,center_near,near,steady,8.689,1314.0,1068.0,246.0,1313.0,1070.0,243.0,1,1
正对着墙.csv,435,center_near,near,steady,8.709,1312.0,1067.0,245.0,1313.0,1069.0,244.0,1,1
正对着墙.csv,436,center_near,near,steady,8.729,1316.0,1070.0,246.0,1314.0,1069.0,245.0,1,1
正对着墙.csv,437,center_near,near,steady,8.75,1313.0,1069.0,244.0,1313.0,1069.0,244.0,1,1
正对着墙.csv,438,center_near,near,steady,8.77,1314.0,1070.0,244.0,1313.0,1069.0,244.0,1,1
正对着墙.csv,439,center_near,near,steady,8.79,1321.0,1084.0,237.0,1314.0,1069.0,245.0,1,1
正对着墙.csv,440,center_near,near,steady,8.81,1312.0,1067.0,245.0,1313.0,1069.0,244.0,1,1
正对着墙.csv,441,center_near,near,steady,8.83,1312.0,1068.0,244.0,1313.0,1069.0,244.0,1,1
正对着墙.csv,442,center_near,near,steady,8.85,1314.0,1323.0,-9.0,1314.0,1069.0,245.0,1,1
正对着墙.csv,443,center_near,near,steady,8.87,1312.0,1071.0,241.0,1313.0,1070.0,243.0,1,1
正对着墙.csv,444,center_near,near,steady,8.891,1314.0,1291.0,23.0,1314.0,1070.0,244.0,1,1
正对着墙.csv,445,center_near,near,steady,8.911,1312.0,1070.0,242.0,1313.0,1070.0,243.0,1,1
正对着墙.csv,446,center_near,near,steady,8.931,1314.0,1114.0,200.0,1314.0,1071.0,243.0,1,1
正对着墙.csv,447,center_near,near,steady,8.951,1313.0,1069.0,244.0,1313.0,1071.0,242.0,1,1
正对着墙.csv,448,center_near,near,steady,8.971,1312.0,1069.0,243.0,1312.0,1070.0,242.0,1,1
正对着墙.csv,449,center_near,near,steady,8.991,1314.0,1131.0,183.0,1313.0,1071.0,242.0,1,1
正对着墙.csv,450,center_near,near,steady,9.011,1313.0,1068.0,245.0,1313.0,1071.0,242.0,1,1
正对着墙.csv,451,center_near,near,steady,9.031,1312.0,1068.0,244.0,1313.0,1070.0,243.0,1,1
正对着墙.csv,452,center_near,near,steady,9.052,1311.0,1291.0,20.0,1313.0,1070.0,243.0,1,1
正对着墙.csv,453,center_near,near,steady,9.072,1312.0,1085.0,227.0,1312.0,1070.0,242.0,1,1
正对着墙.csv,454,center_near,near,steady,9.092,1312.0,1068.0,244.0,1312.0,1069.0,243.0,1,1
正对着墙.csv,455,center_near,near,steady,9.112,1313.0,1083.0,230.0,1312.0,1069.0,243.0,1,1
正对着墙.csv,456,center_near,near,steady,9.132,1314.0,1306.0,8.0,1312.0,1083.0,229.0,1,1
正对着墙.csv,457,center_near,near,steady,9.152,1310.0,1067.0,243.0,1312.0,1083.0,229.0,1,1
正对着墙.csv,458,center_near,near,steady,9.172,1312.0,1070.0,242.0,1312.0,1070.0,242.0,1,1
正对着墙.csv,459,center_near,near,steady,9.192,1313.0,1132.0,181.0,1312.0,1083.0,229.0,1,1
正对着墙.csv,460,center_near,near,steady,9.212,1312.0,1066.0,246.0,1312.0,1083.0,229.0,1,1
正对着墙.csv,461,center_near,near,steady,9.232,1312.0,1083.0,229.0,1312.0,1083.0,229.0,1,1
正对着墙.csv,462,center_near,near,steady,9.253,1312.0,1211.0,101.0,1312.0,1083.0,229.0,1,1
正对着墙.csv,463,center_near,near,steady,9.273,1313.0,1085.0,228.0,1312.0,1083.0,229.0,1,1
正对着墙.csv,464,center_near,near,steady,9.293,1315.0,1570.0,-255.0,1312.0,1085.0,227.0,1,1
正对着墙.csv,465,center_near,near,steady,9.313,1323.0,1070.0,253.0,1312.0,1083.0,229.0,1,1
正对着墙.csv,466,center_near,near,steady,9.333,1314.0,1508.0,-194.0,1313.0,1085.0,228.0,1,1
正对着墙.csv,467,center_near,near,steady,9.353,1312.0,1304.0,8.0,1313.0,1132.0,181.0,1,1
正对着墙.csv,468,center_near,near,steady,9.373,1314.0,1292.0,22.0,1313.0,1211.0,102.0,1,1
正对着墙.csv,469,center_near,near,steady,9.393,1315.0,1602.0,-287.0,1314.0,1292.0,22.0,1,1
正对着墙.csv,470,center_near,near,steady,9.413,1321.0,1069.0,252.0,1314.0,1292.0,22.0,1,1
正对着墙.csv,471,center_near,near,steady,9.434,1312.0,1068.0,244.0,1314.0,1292.0,22.0,1,1
正对着墙.csv,472,center_near,near,steady,9.454,1312.0,1118.0,194.0,1314.0,1292.0,22.0,1,1
正对着墙.csv,473,center_near,near,steady,9.474,1313.0,1067.0,246.0,1314.0,1118.0,196.0,1,1
正对着墙.csv,474,center_near,near,steady,9.494,1312.0,1068.0,244.0,1313.0,1118.0,195.0,1,1
正对着墙.csv,475,center_near,near,steady,9.514,1312.0,1054.0,258.0,1312.0,1069.0,243.0,1,1
正对着墙.csv,476,center_near,near,steady,9.534,1312.0,1070.0,242.0,1312.0,1069.0,243.0,1,1
正对着墙.csv,477,center_near,near,steady,9.554,1314.0,1304.0,10.0,1312.0,1069.0,243.0,1,1
正对着墙.csv,478,center_near,near,steady,9.574,1313.0,1098.0,215.0,1312.0,1069.0,243.0,1,1
正对着墙.csv,479,center_near,near,steady,9.595,1313.0,1070.0,243.0,1312.0,1070.0,242.0,1,1
正对着墙.csv,480,center_near,near,steady,9.615,1312.0,1054.0,258.0,1312.0,1070.0,242.0,1,1
正对着墙.csv,481,center_near,near,steady,9.635,1313.0,1085.0,228.0,1313.0,1070.0,243.0,1,1
正对着墙.csv,482,center_near,near,steady,9.655,1312.0,1113.0,199.0,1312.0,1070.0,242.0,1,1
正对着墙.csv,483,center_near,near,steady,9.675,1312.0,1273.0,39.0,1312.0,1085.0,227.0,1,1
正对着墙.csv,484,center_near,near,steady,9.695,1315.0,1320.0,-5.0,1313.0,1098.0,215.0,1,1
正对着墙.csv,485,center_near,near,steady,9.715,1312.0,1053.0,259.0,1313.0,1098.0,215.0,1,1
正对着墙.csv,486,center_near,near,steady,9.735,1313.0,1069.0,244.0,1313.0,1085.0,228.0,1,1
正对着墙.csv,487,center_near,near,steady,9.755,1314.0,1069.0,245.0,1313.0,1070.0,243.0,1,1
正对着墙.csv,488,center_near,near,steady,9.776,1312.0,1099.0,213.0,1312.0,1085.0,227.0,1,1
正对着墙.csv,489,center_near,near,steady,9.796,1321.0,1147.0,174.0,1313.0,1099.0,214.0,1,1
正对着墙.csv,490,center_near,near,steady,9.816,1312.0,1068.0,244.0,1312.0,1099.0,213.0,1,1
正对着墙.csv,491,center_near,near,steady,9.836,1312.0,1069.0,243.0,1312.0,1069.0,243.0,1,1
正对着墙.csv,492,center_near,near,steady,9.856,1313.0,1307.0,6.0,1313.0,1069.0,244.0,1,1
正对着墙.csv,493,center_near,near,steady,9.876,1311.0,1068.0,243.0,1312.0,1069.0,243.0,1,1
正对着墙.csv,494,center_near,near,steady,9.896,1314.0,1069.0,245.0,1313.0,1069.0,244.0,1,1
正对着墙.csv,495,center_near,near,steady,9.916,1314.0,1305.0,9.0,1313.0,1069.0,244.0,1,1
正对着墙.csv,496,center_near,near,steady,9.936,1311.0,1069.0,242.0,1312.0,1069.0,243.0,1,1
正对着墙.csv,497,center_near,near,steady,9.957,1313.0,1070.0,243.0,1313.0,1069.0,244.0,1,1
正对着墙.csv,498,center_near,near,steady,9.977,1312.0,1067.0,245.0,1312.0,1069.0,243.0,1,1
正对着墙.csv,499,center_near,near,steady,9.997,1312.0,1066.0,246.0,1312.0,1069.0,243.0,1,1
正对着墙.csv,500,center_near,near,steady,10.018,1314.0,1068.0,246.0,1313.0,1069.0,244.0,1,1
正对着墙.csv,501,center_near,near,steady,10.038,1314.0,1069.0,245.0,1313.0,1069.0,244.0,1,1
正对着墙.csv,502,center_near,near,steady,10.058,1312.0,1069.0,243.0,1313.0,1069.0,244.0,1,1
正对着墙.csv,503,center_near,near,steady,10.078,1315.0,1071.0,244.0,1313.0,1069.0,244.0,1,1
正对着墙.csv,504,center_near,near,steady,10.098,1312.0,1068.0,244.0,1312.0,1069.0,243.0,1,1
正对着墙.csv,505,center_near,near,steady,10.118,1312.0,1131.0,181.0,1312.0,1069.0,243.0,1,1
正对着墙.csv,506,center_near,near,steady,10.138,1314.0,1068.0,246.0,1312.0,1068.0,244.0,1,1
正对着墙.csv,507,center_near,near,steady,10.158,1313.0,1069.0,244.0,1313.0,1069.0,244.0,1,1
正对着墙.csv,508,center_near,near,steady,10.178,1312.0,1069.0,243.0,1313.0,1069.0,244.0,1,1
正对着墙.csv,509,center_near,near,steady,10.199,1319.0,1302.0,17.0,1313.0,1069.0,244.0,1,1
正对着墙.csv,510,center_near,near,steady,10.219,1313.0,1066.0,247.0,1313.0,1069.0,244.0,1,1
正对着墙.csv,511,center_near,near,steady,10.239,1313.0,1366.0,-53.0,1313.0,1069.0,244.0,1,1
正对着墙.csv,512,center_near,near,steady,10.259,1312.0,1069.0,243.0,1313.0,1069.0,244.0,1,1
正对着墙.csv,513,center_near,near,steady,10.279,1314.0,1339.0,-25.0,1313.0,1069.0,244.0,1,1
正对着墙.csv,514,center_near,near,steady,10.299,1321.0,1067.0,254.0,1313.0,1069.0,244.0,1,1
正对着墙.csv,515,center_near,near,steady,10.319,1313.0,1066.0,247.0,1313.0,1069.0,244.0,1,1
正对着墙.csv,516,center_near,near,steady,10.339,1313.0,1082.0,231.0,1313.0,1069.0,244.0,1,1
正对着墙.csv,517,center_near,near,steady,10.36,1314.0,1305.0,9.0,1313.0,1082.0,231.0,1,1
正对着墙.csv,518,center_near,near,steady,10.38,1313.0,1070.0,243.0,1313.0,1070.0,243.0,1,1
正对着墙.csv,519,center_near,near,steady,10.4,1312.0,1071.0,241.0,1313.0,1071.0,242.0,1,1
正对着墙.csv,520,center_near,near,steady,10.42,1314.0,1070.0,244.0,1313.0,1070.0,243.0,1,1
正对着墙.csv,521,center_near,near,steady,10.44,1314.0,1086.0,228.0,1314.0,1071.0,243.0,1,1
正对着墙.csv,522,center_near,near,steady,10.46,1314.0,1069.0,245.0,1314.0,1070.0,244.0,1,1
正对着墙.csv,523,center_near,near,steady,10.48,1315.0,1071.0,244.0,1314.0,1071.0,243.0,1,1
正对着墙.csv,524,center_near,near,steady,10.5,1312.0,1070.0,242.0,1314.0,1071.0,243.0,1,1
正对着墙.csv,525,center_near,near,steady,10.52,1313.0,1068.0,245.0,1314.0,1070.0,244.0,1,1
正对着墙.csv,526,center_near,near,steady,10.541,1313.0,1068.0,245.0,1313.0,1070.0,243.0,1,1
正对着墙.csv,527,center_near,near,steady,10.561,1322.0,1067.0,255.0,1314.0,1070.0,244.0,1,1
正对着墙.csv,528,center_near,near,steady,10.581,1314.0,1085.0,229.0,1314.0,1070.0,244.0,1,1
正对着墙.csv,529,center_near,near,steady,10.601,1313.0,1086.0,227.0,1314.0,1070.0,244.0,1,1
正对着墙.csv,530,center_near,near,steady,10.621,1314.0,1200.0,114.0,1314.0,1070.0,244.0,1,1
正对着墙.csv,531,center_near,near,steady,10.641,1314.0,1227.0,87.0,1314.0,1071.0,243.0,1,1
正对着墙.csv,532,center_near,near,steady,10.661,1314.0,1524.0,-210.0,1314.0,1085.0,229.0,1,1
正对着墙.csv,533,center_near,near,steady,10.681,1313.0,1068.0,245.0,1314.0,1085.0,229.0,1,1
正对着墙.csv,534,center_near,near,steady,10.701,1313.0,1070.0,243.0,1314.0,1085.0,229.0,1,1
正对着墙.csv,535,center_near,near,steady,10.721,1314.0,1308.0,6.0,1314.0,1086.0,228.0,1,1
正对着墙.csv,536,center_near,near,steady,10.741,1314.0,1292.0,22.0,1314.0,1200.0,114.0,1,1
正对着墙.csv,537,center_near,near,steady,10.761,1312.0,1067.0,245.0,1314.0,1200.0,114.0,1,1
正对着墙.csv,538,center_near,near,steady,10.782,1313.0,1084.0,229.0,1314.0,1200.0,114.0,1,1
正对着墙.csv,539,center_near,near,steady,10.802,1314.0,1072.0,242.0,1314.0,1084.0,230.0,1,1
正对着墙.csv,540,center_near,near,steady,10.822,1314.0,1086.0,228.0,1314.0,1084.0,230.0,1,1
正对着墙.csv,541,center_near,near,steady,10.842,1314.0,1293.0,21.0,1314.0,1084.0,230.0,1,1
正对着墙.csv,542,center_near,near,steady,10.862,1313.0,1067.0,246.0,1314.0,1084.0,230.0,1,1
正对着墙.csv,543,center_near,near,steady,10.882,1314.0,1305.0,9.0,1314.0,1086.0,228.0,1,1
正对着墙.csv,544,center_near,near,steady,10.902,1313.0,1068.0,245.0,1314.0,1084.0,230.0,1,1
正对着墙.csv,545,center_near,near,steady,10.922,1312.0,1069.0,243.0,1313.0,1072.0,241.0,1,1
正对着墙.csv,546,center_near,near,steady,10.942,1313.0,1070.0,243.0,1313.0,1072.0,241.0,1,1
正对着墙.csv,547,center_near,near,steady,10.962,1313.0,1075.0,238.0,1313.0,1072.0,241.0,1,1
正对着墙.csv,548,center_near,near,steady,10.983,1312.0,1068.0,244.0,1313.0,1070.0,243.0,1,1
正对着墙.csv,549,center_near,near,steady,11.003,1316.0,1068.0,248.0,1313.0,1069.0,244.0,1,1
正对着墙.csv,550,center_near,near,steady,11.023,1312.0,1069.0,243.0,1313.0,1069.0,244.0,1,1
正对着墙.csv,551,center_near,near,steady,11.043,1312.0,1102.0,210.0,1313.0,1069.0,244.0,1,1
正对着墙.csv,552,center_near,near,steady,11.063,1315.0,1070.0,245.0,1313.0,1069.0,244.0,1,1
正对着墙.csv,553,center_near,near,steady,11.083,1312.0,1068.0,244.0,1312.0,1069.0,243.0,1,1
正对着墙.csv,554,center_near,near,steady,11.103,1315.0,1083.0,232.0,1313.0,1070.0,243.0,1,1
正对着墙.csv,555,center_near,near,steady,11.123,1313.0,1068.0,245.0,1313.0,1069.0,244.0,1,1
正对着墙.csv,556,center_near,near,steady,11.143,1314.0,1292.0,22.0,1313.0,1069.0,244.0,1,1
正对着墙.csv,557,center_near,near,steady,11.163,1314.0,1293.0,21.0,1314.0,1070.0,244.0,1,1
正对着墙.csv,558,center_near,near,steady,11.183,1312.0,1196.0,116.0,1313.0,1083.0,230.0,1,1
正对着墙.csv,559,center_near,near,steady,11.204,1312.0,1289.0,23.0,1313.0,1102.0,211.0,1,1
正对着墙.csv,560,center_near,near,steady,11.224,1312.0,1066.0,246.0,1313.0,1083.0,230.0,1,1
正对着墙.csv,561,center_near,near,steady,11.244,1314.0,1338.0,-24.0,1313.0,1196.0,117.0,1,1
正对着墙.csv,562,center_near,near,steady,11.264,1313.0,1070.0,243.0,1313.0,1196.0,117.0,1,1
正对着墙.csv,563,center_near,near,steady,11.284,1313.0,1114.0,199.0,1313.0,1196.0,117.0,1,1
正对着墙.csv,564,center_near,near,steady,11.304,1313.0,1081.0,232.0,1313.0,1196.0,117.0,1,1
正对着墙.csv,565,center_near,near,steady,11.324,1316.0,1295.0,21.0,1313.0,1196.0,117.0,1,1
正对着墙.csv,566,center_near,near,steady,11.344,1312.0,1069.0,243.0,1313.0,1114.0,199.0,1,1
正对着墙.csv,567,center_near,near,steady,11.365,1311.0,1052.0,259.0,1313.0,1081.0,232.0,1,1
正对着墙.csv,568,center_near,near,steady,11.385,1322.0,1070.0,252.0,1313.0,1070.0,243.0,1,1
正对着墙.csv,569,center_near,near,steady,11.405,1313.0,1290.0,23.0,1313.0,1081.0,232.0,1,1
正对着墙.csv,570,center_near,near,steady,11.425,1312.0,1052.0,260.0,1313.0,1070.0,243.0,1,1
正对着墙.csv,571,center_near,near,steady,11.445,1312.0,1067.0,245.0,1313.0,1070.0,243.0,1,1
正对着墙.csv,572,center_near,near,steady,11.465,1312.0,1054.0,258.0,1312.0,1069.0,243.0,1,1
正对着墙.csv,573,center_near,near,steady,11.485,1312.0,1307.0,5.0,1312.0,1069.0,243.0,1,1
正对着墙.csv,574,center_near,near,steady,11.505,1313.0,1244.0,69.0,1312.0,1069.0,243.0,1,1
正对着墙.csv,575,center_near,near,steady,11.526,1313.0,1052.0,261.0,1312.0,1067.0,245.0,1,1
正对着墙.csv,576,center_near,near,steady,11.546,1321.0,1067.0,254.0,1313.0,1067.0,246.0,1,1
正对着墙.csv,577,center_near,near,steady,11.566,1312.0,1068.0,244.0,1312.0,1067.0,245.0,1,1
正对着墙.csv,578,center_near,near,steady,11.586,1312.0,1069.0,243.0,1312.0,1067.0,245.0,1,1
正对着墙.csv,579,center_near,near,steady,11.606,1312.0,1069.0,243.0,1312.0,1068.0,244.0,1,1
正对着墙.csv,580,center_near,near,steady,11.626,1313.0,1053.0,260.0,1312.0,1068.0,244.0,1,1
正对着墙.csv,581,center_near,near,steady,11.646,1323.0,1304.0,19.0,1313.0,1069.0,244.0,1,1
正对着墙.csv,582,center_near,near,steady,11.666,1314.0,1524.0,-210.0,1313.0,1069.0,244.0,1,1
正对着墙.csv,583,center_near,near,steady,11.687,1313.0,1069.0,244.0,1313.0,1069.0,244.0,1,1
正对着墙.csv,584,center_near,near,steady,11.707,1313.0,1086.0,227.0,1313.0,1069.0,244.0,1,1
正对着墙.csv,585,center_near,near,steady,11.727,1314.0,1291.0,23.0,1313.0,1069.0,244.0,1,1
正对着墙.csv,586,center_near,near,steady,11.747,1315.0,1068.0,247.0,1313.0,1069.0,244.0,1,1
正对着墙.csv,587,center_near,near,steady,11.767,1316.0,1068.0,248.0,1314.0,1069.0,245.0,1,1
正对着墙.csv,588,center_near,near,steady,11.787,1313.0,1116.0,197.0,1314.0,1086.0,228.0,1,1
正对着墙.csv,589,center_near,near,steady,11.808,1314.0,1293.0,21.0,1314.0,1116.0,198.0,1,1
正对着墙.csv,590,center_near,near,steady,11.828,1312.0,1052.0,260.0,1314.0,1086.0,228.0,1,1
正对着墙.csv,591,center_near,near,steady,11.848,1312.0,1081.0,231.0,1313.0,1081.0,232.0,1,1
正对着墙.csv,592,center_near,near,steady,11.868,1314.0,1080.0,234.0,1314.0,1081.0,233.0,1,1
正对着墙.csv,593,center_near,near,steady,11.888,1318.0,1052.0,266.0,1314.0,1080.0,234.0,1,1
正对着墙.csv,594,center_near,near,steady,11.908,1312.0,1069.0,243.0,1314.0,1069.0,245.0,1,1
正对着墙.csv,595,center_near,near,steady,11.928,1315.0,1134.0,181.0,1314.0,1080.0,234.0,1,1
正对着墙.csv,596,center_near,near,steady,11.948,1313.0,1086.0,227.0,1313.0,1081.0,232.0,1,1
正对着墙.csv,597,center_near,near,steady,11.968,1313.0,1084.0,229.0,1313.0,1081.0,232.0,1,1
正对着墙.csv,598,center_near,near,steady,11.989,1317.0,1084.0,233.0,1313.0,1081.0,232.0,1,1
正对着墙.csv,599,center_near,near,steady,12.009,1312.0,1069.0,243.0,1313.0,1081.0,232.0,1,1
正对着墙.csv,600,center_near,near,steady,12.029,1313.0,1069.0,244.0,1313.0,1080.0,233.0,1,1
正对着墙.csv,601,center_near,near,steady,12.049,1312.0,1069.0,243.0,1313.0,1069.0,244.0,1,1
正对着墙.csv,602,center_near,near,steady,12.069,1312.0,1068.0,244.0,1313.0,1069.0,244.0,1,1
正对着墙.csv,603,center_near,near,steady,12.089,1315.0,1066.0,249.0,1313.0,1069.0,244.0,1,1
正对着墙.csv,604,center_near,near,steady,12.109,1312.0,1069.0,243.0,1313.0,1069.0,244.0,1,1
正对着墙.csv,605,center_near,near,steady,12.129,1313.0,1149.0,164.0,1313.0,1069.0,244.0,1,1
正对着墙.csv,606,center_near,near,steady,12.149,1315.0,1724.0,-409.0,1313.0,1069.0,244.0,1,1
正对着墙.csv,607,center_near,near,steady,12.169,1312.0,1066.0,246.0,1312.0,1069.0,243.0,1,1
正对着墙.csv,608,center_near,near,steady,12.19,1318.0,1121.0,197.0,1313.0,1069.0,244.0,1,1
正对着墙.csv,609,center_near,near,steady,12.21,1315.0,1070.0,245.0,1313.0,1069.0,244.0,1,1
正对着墙.csv,610,center_near,near,steady,12.23,1314.0,1088.0,226.0,1314.0,1070.0,244.0,1,1
正对着墙.csv,611,center_near,near,steady,12.25,1313.0,1069.0,244.0,1314.0,1070.0,244.0,1,1
正对着墙.csv,612,center_near,near,steady,12.27,1313.0,1101.0,212.0,1313.0,1088.0,225.0,1,1
正对着墙.csv,613,center_near,near,steady,12.29,1313.0,1228.0,85.0,1313.0,1101.0,212.0,1,1
正对着墙.csv,614,center_near,near,steady,12.31,1314.0,1305.0,9.0,1314.0,1101.0,213.0,1,1
正对着墙.csv,615,center_near,near,steady,12.33,1314.0,1209.0,105.0,1314.0,1101.0,213.0,1,1
正对着墙.csv,616,center_near,near,steady,12.35,1312.0,1068.0,244.0,1314.0,1101.0,213.0,1,1
正对着墙.csv,617,center_near,near,steady,12.37,1312.0,1086.0,226.0,1313.0,1088.0,225.0,1,1
正对着墙.csv,618,center_near,near,steady,12.391,1314.0,1085.0,229.0,1313.0,1088.0,225.0,1,1
正对着墙.csv,619,center_near,near,steady,12.411,1313.0,1066.0,247.0,1313.0,1086.0,227.0,1,1
正对着墙.csv,620,center_near,near,steady,12.431,1312.0,1068.0,244.0,1313.0,1086.0,227.0,1,1
正对着墙.csv,621,center_near,near,steady,12.451,1312.0,1069.0,243.0,1313.0,1085.0,228.0,1,1
正对着墙.csv,622,center_near,near,steady,12.471,1314.0,1214.0,100.0,1313.0,1085.0,228.0,1,1
正对着墙.csv,623,center_near,near,steady,12.491,1315.0,1723.0,-408.0,1313.0,1085.0,228.0,1,1
正对着墙.csv,624,center_near,near,steady,12.511,1315.0,1069.0,246.0,1313.0,1069.0,244.0,1,1
正对着墙.csv,625,center_near,near,steady,12.531,1313.0,1164.0,149.0,1313.0,1085.0,228.0,1,1
正对着墙.csv,626,center_near,near,steady,12.551,1313.0,1071.0,242.0,1313.0,1071.0,242.0,1,1
正对着墙.csv,627,center_near,near,steady,12.571,1314.0,1070.0,244.0,1313.0,1070.0,243.0,1,1
正对着墙.csv,628,center_near,near,steady,12.591,1316.0,1087.0,229.0,1314.0,1071.0,243.0,1,1
正对着墙.csv,629,center_near,near,steady,12.612,1325.0,1303.0,22.0,1314.0,1087.0,227.0,1,1
正对着墙.csv,630,center_near,near,steady,12.632,1313.0,1069.0,244.0,1314.0,1087.0,227.0,1,1
正对着墙.csv,631,center_near,near,steady,12.652,1314.0,1069.0,245.0,1314.0,1071.0,243.0,1,1
正对着墙.csv,632,center_near,near,steady,12.672,1314.0,1070.0,244.0,1314.0,1070.0,244.0,1,1
正对着墙.csv,633,center_near,near,steady,12.692,1324.0,1086.0,238.0,1314.0,1071.0,243.0,1,1
正对着墙.csv,634,center_near,near,steady,12.712,1313.0,1067.0,246.0,1314.0,1070.0,244.0,1,1
正对着墙.csv,635,center_near,near,steady,12.732,1313.0,1306.0,7.0,1314.0,1070.0,244.0,1,1
正对着墙.csv,636,center_near,near,steady,12.752,1314.0,1083.0,231.0,1314.0,1083.0,231.0,1,1
正对着墙.csv,637,center_near,near,steady,12.772,1316.0,1540.0,-224.0,1314.0,1083.0,231.0,1,1
正对着墙.csv,638,center_near,near,steady,12.792,1312.0,1164.0,148.0,1314.0,1083.0,231.0,1,1
正对着墙.csv,639,center_near,near,steady,12.813,1313.0,1290.0,23.0,1314.0,1086.0,228.0,1,1
正对着墙.csv,640,center_near,near,steady,12.833,1316.0,1083.0,233.0,1314.0,1086.0,228.0,1,1
正对着墙.csv,641,center_near,near,steady,12.853,1315.0,1073.0,242.0,1314.0,1086.0,228.0,1,1
正对着墙.csv,642,center_near,near,steady,12.873,1313.0,1069.0,244.0,1313.0,1083.0,230.0,1,1
正对着墙.csv,643,center_near,near,steady,12.893,1324.0,1071.0,253.0,1314.0,1083.0,231.0,1,1
正对着墙.csv,644,center_near,near,steady,12.913,1313.0,1085.0,228.0,1314.0,1083.0,231.0,1,1
正对着墙.csv,645,center_near,near,steady,12.933,1316.0,1069.0,247.0,1315.0,1083.0,232.0,1,1
正对着墙.csv,646,center_near,near,steady,12.953,1317.0,1705.0,-388.0,1315.0,1083.0,232.0,1,1
正对着墙.csv,647,center_near,near,steady,12.973,1312.0,1084.0,228.0,1315.0,1083.0,232.0,1,1
正对着墙.csv,648,center_near,near,steady,12.993,1323.0,1510.0,-187.0,1316.0,1083.0,233.0,1,1
正对着墙.csv,649,center_near,near,steady,13.014,1315.0,1070.0,245.0,1315.0,1073.0,242.0,1,1
正对着墙.csv,650,center_near,near,steady,13.034,1314.0,1290.0,24.0,1315.0,1084.0,231.0,1,1
正对着墙.csv,651,center_near,near,steady,13.054,1312.0,1067.0,245.0,1315.0,1084.0,231.0,1,1
正对着墙.csv,652,center_near,near,steady,13.074,1312.0,1066.0,246.0,1314.0,1084.0,230.0,1,1
正对着墙.csv,653,center_near,near,steady,13.094,1312.0,1086.0,226.0,1314.0,1084.0,230.0,1,1
正对着墙.csv,654,center_near,near,steady,13.114,1316.0,1309.0,7.0,1314.0,1086.0,228.0,1,1
正对着墙.csv,655,center_near,near,steady,13.134,1314.0,1071.0,243.0,1314.0,1084.0,230.0,1,1
正对着墙.csv,656,center_near,near,steady,13.154,1313.0,1069.0,244.0,1314.0,1071.0,243.0,1,1
正对着墙.csv,657,center_near,near,steady,13.174,1313.0,1290.0,23.0,1313.0,1071.0,242.0,1,1
正对着墙.csv,658,center_near,near,steady,13.194,1314.0,1068.0,246.0,1313.0,1071.0,242.0,1,1
正对着墙.csv,659,center_near,near,steady,13.214,1313.0,1069.0,244.0,1313.0,1069.0,244.0,1,1
正对着墙.csv,660,center_near,near,steady,13.235,1310.0,1069.0,241.0,1313.0,1069.0,244.0,1,1
正对着墙.csv,661,center_near,near,steady,13.255,1312.0,1067.0,245.0,1313.0,1069.0,244.0,1,1
正对着墙.csv,662,center_near,near,steady,13.275,1314.0,1523.0,-209.0,1313.0,1069.0,244.0,1,1
正对着墙.csv,663,center_near,near,steady,13.295,1313.0,1067.0,246.0,1313.0,1069.0,244.0,1,1
正对着墙.csv,664,center_near,near,steady,13.315,1313.0,1292.0,21.0,1313.0,1069.0,244.0,1,1
正对着墙.csv,665,center_near,near,steady,13.335,1311.0,1070.0,241.0,1313.0,1069.0,244.0,1,1
正对着墙.csv,666,center_near,near,steady,13.355,1313.0,1307.0,6.0,1313.0,1069.0,244.0,1,1
正对着墙.csv,667,center_near,near,steady,13.375,1314.0,1079.0,235.0,1313.0,1070.0,243.0,1,1
正对着墙.csv,668,center_near,near,steady,13.395,1313.0,1069.0,244.0,1313.0,1070.0,243.0,1,1
正对着墙.csv,669,center_near,near,steady,13.415,1314.0,1384.0,-70.0,1313.0,1079.0,234.0,1,1
正对着墙.csv,670,center_near,near,steady,13.435,1313.0,1339.0,-26.0,1313.0,1292.0,21.0,1,1
正对着墙.csv,671,center_near,near,steady,13.455,1312.0,1116.0,196.0,1313.0,1116.0,197.0,1,1
正对着墙.csv,672,center_near,near,steady,13.475,1313.0,1084.0,229.0,1313.0,1116.0,197.0,1,1
正对着墙.csv,673,center_near,near,steady,13.496,1312.0,1066.0,246.0,1313.0,1084.0,229.0,1,1
正对着墙.csv,674,center_near,near,steady,13.516,1312.0,1065.0,247.0,1313.0,1084.0,229.0,1,1
正对着墙.csv,675,center_near,near,steady,13.536,1313.0,1069.0,244.0,1313.0,1079.0,234.0,1,1
正对着墙.csv,676,center_near,near,steady,13.556,1316.0,1355.0,-39.0,1313.0,1084.0,229.0,1,1
正对着墙.csv,677,center_near,near,steady,13.576,1314.0,1070.0,244.0,1313.0,1084.0,229.0,1,1
正对着墙.csv,678,center_near,near,steady,13.596,1321.0,1065.0,256.0,1313.0,1070.0,243.0,1,1
正对着墙.csv,679,center_near,near,steady,13.616,1312.0,1065.0,247.0,1313.0,1069.0,244.0,1,1
正对着墙.csv,680,center_near,near,steady,13.636,1313.0,1067.0,246.0,1313.0,1067.0,246.0,1,1
正对着墙.csv,681,center_near,near,steady,13.656,1313.0,1069.0,244.0,1313.0,1067.0,246.0,1,1
正对着墙.csv,682,center_near,near,steady,13.676,1312.0,1069.0,243.0,1313.0,1069.0,244.0,1,1
正对着墙.csv,683,center_near,near,steady,13.697,1321.0,1290.0,31.0,1313.0,1069.0,244.0,1,1
正对着墙.csv,684,center_near,near,steady,13.717,1312.0,1068.0,244.0,1313.0,1069.0,244.0,1,1
正对着墙.csv,685,center_near,near,steady,13.737,1314.0,1068.0,246.0,1313.0,1068.0,245.0,1,1
正对着墙.csv,686,center_near,near,steady,13.757,1314.0,1296.0,18.0,1313.0,1068.0,245.0,1,1
正对着墙.csv,687,center_near,near,steady,13.777,1312.0,1069.0,243.0,1313.0,1069.0,244.0,1,1
正对着墙.csv,688,center_near,near,steady,13.797,1322.0,1070.0,252.0,1313.0,1069.0,244.0,1,1
正对着墙.csv,689,center_near,near,steady,13.817,1314.0,1383.0,-69.0,1314.0,1069.0,245.0,1,1
正对着墙.csv,690,center_near,near,steady,13.837,1313.0,1069.0,244.0,1314.0,1069.0,245.0,1,1
正对着墙.csv,691,center_near,near,steady,13.857,1322.0,1068.0,254.0,1314.0,1069.0,245.0,1,1
正对着墙.csv,692,center_near,near,steady,13.878,1312.0,1070.0,242.0,1314.0,1069.0,245.0,1,1
正对着墙.csv,693,center_near,near,steady,13.898,1312.0,1069.0,243.0,1314.0,1069.0,245.0,1,1
正对着墙.csv,694,center_near,near,steady,13.918,1313.0,1066.0,247.0,1313.0,1069.0,244.0,1,1
正对着墙.csv,695,center_near,near,steady,13.938,1313.0,1066.0,247.0,1313.0,1069.0,244.0,1,1
正对着墙.csv,696,center_near,near,steady,13.958,1312.0,1073.0,239.0,1313.0,1069.0,244.0,1,1
正对着墙.csv,697,center_near,near,steady,13.978,1311.0,1054.0,257.0,1313.0,1069.0,244.0,1,1
正对着墙.csv,698,center_near,near,steady,13.998,1313.0,1070.0,243.0,1313.0,1069.0,244.0,1,1
正对着墙.csv,699,center_near,near,steady,14.018,1313.0,1069.0,244.0,1313.0,1069.0,244.0,1,1
正对着墙.csv,700,center_near,near,steady,14.038,1313.0,1065.0,248.0,1313.0,1069.0,244.0,1,1
正对着墙.csv,701,center_near,near,steady,14.058,1321.0,1068.0,253.0,1313.0,1068.0,245.0,1,1
正对着墙.csv,702,center_near,near,steady,14.079,1312.0,1069.0,243.0,1313.0,1068.0,245.0,1,1
正对着墙.csv,703,center_near,near,steady,14.099,1315.0,1570.0,-255.0,1313.0,1069.0,244.0,1,1
正对着墙.csv,704,center_near,near,steady,14.119,1313.0,1217.0,96.0,1313.0,1069.0,244.0,1,1
正对着墙.csv,705,center_near,near,steady,14.139,1312.0,1068.0,244.0,1313.0,1069.0,244.0,1,1
正对着墙.csv,706,center_near,near,steady,14.159,1319.0,1066.0,253.0,1313.0,1069.0,244.0,1,1
正对着墙.csv,707,center_near,near,steady,14.179,1313.0,1068.0,245.0,1313.0,1068.0,245.0,1,1
正对着墙.csv,708,center_near,near,steady,14.199,1312.0,1068.0,244.0,1313.0,1068.0,245.0,1,1
正对着墙.csv,709,center_near,near,steady,14.219,1312.0,1068.0,244.0,1313.0,1068.0,245.0,1,1
正对着墙.csv,710,center_near,near,steady,14.239,1312.0,1051.0,261.0,1312.0,1068.0,244.0,1,1
正对着墙.csv,711,center_near,near,steady,14.26,1313.0,1411.0,-98.0,1313.0,1068.0,245.0,1,1
正对着墙.csv,712,center_near,near,steady,14.28,1313.0,1066.0,247.0,1313.0,1068.0,245.0,1,1
正对着墙.csv,713,center_near,near,steady,14.3,1312.0,1070.0,242.0,1312.0,1068.0,244.0,1,1
正对着墙.csv,714,center_near,near,steady,14.32,1318.0,1070.0,248.0,1313.0,1068.0,245.0,1,1
正对着墙.csv,715,center_near,near,steady,14.34,1313.0,1510.0,-197.0,1313.0,1068.0,245.0,1,1
正对着墙.csv,716,center_near,near,steady,14.36,1314.0,1097.0,217.0,1313.0,1070.0,243.0,1,1
正对着墙.csv,717,center_near,near,steady,14.38,1315.0,1319.0,-4.0,1313.0,1070.0,243.0,1,1
正对着墙.csv,718,center_near,near,steady,14.4,1312.0,1067.0,245.0,1313.0,1070.0,243.0,1,1
正对着墙.csv,719,center_near,near,steady,14.42,1321.0,1292.0,29.0,1313.0,1097.0,216.0,1,1
正对着墙.csv,720,center_near,near,steady,14.441,1314.0,1230.0,84.0,1314.0,1097.0,217.0,1,1
正对着墙.csv,721,center_near,near,steady,14.461,1313.0,1085.0,228.0,1314.0,1097.0,217.0,1,1
正对着墙.csv,722,center_near,near,steady,14.481,1321.0,1068.0,253.0,1314.0,1097.0,217.0,1,1
正对着墙.csv,723,center_near,near,steady,14.501,1312.0,1067.0,245.0,1314.0,1097.0,217.0,1,1
正对着墙.csv,724,center_near,near,steady,14.521,1312.0,1068.0,244.0,1314.0,1085.0,229.0,1,1
正对着墙.csv,725,center_near,near,steady,14.541,1313.0,1291.0,22.0,1313.0,1085.0,228.0,1,1
正对着墙.csv,726,center_near,near,steady,14.561,1312.0,1069.0,243.0,1313.0,1069.0,244.0,1,1
正对着墙.csv,727,center_near,near,steady,14.581,1321.0,1099.0,222.0,1313.0,1085.0,228.0,1,1
正对着墙.csv,728,center_near,near,steady,14.601,1312.0,1146.0,166.0,1313.0,1085.0,228.0,1,1
正对着墙.csv,729,center_near,near,steady,14.621,1314.0,1229.0,85.0,1313.0,1085.0,228.0,1,1
正对着墙.csv,730,center_near,near,steady,14.642,1315.0,1525.0,-210.0,1313.0,1099.0,214.0,1,1
正对着墙.csv,731,center_near,near,steady,14.662,1312.0,1086.0,226.0,1312.0,1099.0,213.0,1,1
正对着墙.csv,732,center_near,near,steady,14.682,1312.0,1303.0,9.0,1312.0,1146.0,166.0,1,1
正对着墙.csv,733,center_near,near,steady,14.702,1313.0,1084.0,229.0,1313.0,1146.0,167.0,1,1
正对着墙.csv,734,center_near,near,steady,14.722,1314.0,1319.0,-5.0,1313.0,1146.0,167.0,1,1
正对着墙.csv,735,center_near,near,steady,14.742,1324.0,1291.0,33.0,1314.0,1229.0,85.0,1,1
正对着墙.csv,736,center_near,near,steady,14.762,1312.0,1132.0,180.0,1313.0,1229.0,84.0,1,1
正对着墙.csv,737,center_near,near,steady,14.782,1308.0,1070.0,238.0,1313.0,1229.0,84.0,1,1
正对着墙.csv,738,center_near,near,steady,14.802,1313.0,1067.0,246.0,1313.0,1132.0,181.0,1,1
正对着墙.csv,739,center_near,near,steady,14.823,1314.0,1067.0,247.0,1313.0,1086.0,227.0,1,1
正对着墙.csv,740,center_near,near,steady,14.843,1316.0,1068.0,248.0,1313.0,1084.0,229.0,1,1
正对着墙.csv,741,center_near,near,steady,14.863,1312.0,1068.0,244.0,1313.0,1070.0,243.0,1,1
正对着墙.csv,742,center_near,near,steady,14.883,1312.0,1070.0,242.0,1313.0,1070.0,243.0,1,1
正对着墙.csv,743,center_near,near,steady,14.903,1313.0,1182.0,131.0,1313.0,1070.0,243.0,1,1
正对着墙.csv,744,center_near,near,steady,14.923,1312.0,1161.0,151.0,1312.0,1070.0,242.0,1,1
正对着墙.csv,745,center_near,near,steady,14.943,1313.0,1067.0,246.0,1313.0,1068.0,245.0,1,1
正对着墙.csv,746,center_near,near,steady,14.963,1312.0,1184.0,128.0,1313.0,1068.0,245.0,1,1
正对着墙.csv,747,center_near,near,steady,14.983,1313.0,1069.0,244.0,1313.0,1069.0,244.0,1,1
正对着墙.csv,748,center_near,near,steady,15.004,1313.0,1082.0,231.0,1313.0,1070.0,243.0,1,1
正对着墙.csv,749,center_near,near,steady,15.024,1314.0,1066.0,248.0,1313.0,1070.0,243.0,1,1
正对着墙.csv,750,center_near,near,steady,15.044,1315.0,1304.0,11.0,1313.0,1082.0,231.0,1,1
正对着墙.csv,751,center_near,near,steady,15.064,1314.0,1524.0,-210.0,1313.0,1161.0,152.0,1,1
正对着墙.csv,752,center_near,near,steady,15.084,1313.0,1069.0,244.0,1313.0,1082.0,231.0,1,1
正对着墙.csv,753,center_near,near,steady,15.104,1312.0,1067.0,245.0,1313.0,1069.0,244.0,1,1
正对着墙.csv,754,center_near,near,steady,15.124,1312.0,1196.0,116.0,1313.0,1082.0,231.0,1,1
正对着墙.csv,755,center_near,near,steady,15.144,1314.0,1080.0,234.0,1313.0,1080.0,233.0,1,1
正对着墙.csv,756,center_near,near,steady,15.165,1312.0,1084.0,228.0,1313.0,1082.0,231.0,1,1
正对着墙.csv,757,center_near,near,steady,15.185,1313.0,1069.0,244.0,1313.0,1080.0,233.0,1,1
正对着墙.csv,758,center_near,near,steady,15.205,1313.0,1069.0,244.0,1313.0,1080.0,233.0,1,1
正对着墙.csv,759,center_near,near,steady,15.225,1312.0,1086.0,226.0,1313.0,1080.0,233.0,1,1
正对着墙.csv,760,center_near,near,steady,15.245,1313.0,1068.0,245.0,1313.0,1069.0,244.0,1,1
正对着墙.csv,761,center_near,near,steady,15.265,1314.0,1384.0,-70.0,1313.0,1080.0,233.0,1,1
正对着墙.csv,762,center_near,near,steady,15.285,1321.0,1308.0,13.0,1313.0,1084.0,229.0,1,1
正对着墙.csv,763,center_near,near,steady,15.306,1315.0,1401.0,-86.0,1313.0,1084.0,229.0,1,1
正对着墙.csv,764,center_near,near,steady,15.326,1316.0,1072.0,244.0,1313.0,1084.0,229.0,1,1
正对着墙.csv,765,center_near,near,steady,15.346,1314.0,1068.0,246.0,1314.0,1072.0,242.0,1,1
正对着墙.csv,766,center_near,near,steady,15.366,1313.0,1100.0,213.0,1314.0,1086.0,228.0,1,1
正对着墙.csv,767,center_near,near,steady,15.386,1312.0,1069.0,243.0,1314.0,1086.0,228.0,1,1
正对着墙.csv,768,center_near,near,steady,15.406,1312.0,1307.0,5.0,1314.0,1100.0,214.0,1,1
正对着墙.csv,769,center_near,near,steady,15.426,1312.0,1069.0,243.0,1314.0,1100.0,214.0,1,1
正对着墙.csv,770,center_near,near,steady,15.446,1314.0,1066.0,248.0,1314.0,1072.0,242.0,1,1
正对着墙.csv,771,center_near,near,steady,15.466,1312.0,1066.0,246.0,1313.0,1069.0,244.0,1,1
正对着墙.csv,772,center_near,near,steady,15.486,1314.0,1260.0,54.0,1313.0,1069.0,244.0,1,1
正对着墙.csv,773,center_near,near,steady,15.506,1313.0,1230.0,83.0,1313.0,1069.0,244.0,1,1
正对着墙.csv,774,center_near,near,steady,15.527,1314.0,1070.0,244.0,1313.0,1070.0,243.0,1,1
正对着墙.csv,775,center_near,near,steady,15.547,1312.0,1069.0,243.0,1312.0,1069.0,243.0,1,1
正对着墙.csv,776,center_near,near,steady,15.567,1314.0,1148.0,166.0,1313.0,1070.0,243.0,1,1
正对着墙.csv,777,center_near,near,steady,15.587,1312.0,1068.0,244.0,1313.0,1069.0,244.0,1,1
正对着墙.csv,778,center_near,near,steady,15.607,1313.0,1068.0,245.0,1313.0,1069.0,244.0,1,1
正对着墙.csv,779,center_near,near,steady,15.627,1313.0,1101.0,212.0,1313.0,1070.0,243.0,1,1
正对着墙.csv,780,center_near,near,steady,15.647,1313.0,1070.0,243.0,1313.0,1070.0,243.0,1,1
正对着墙.csv,781,center_near,near,steady,15.667,1313.0,1068.0,245.0,1313.0,1070.0,243.0,1,1
正对着墙.csv,782,center_near,near,steady,15.687,1314.0,1066.0,248.0,1313.0,1069.0,244.0,1,1
正对着墙.csv,783,center_near,near,steady,15.707,1314.0,1067.0,247.0,1313.0,1068.0,245.0,1,1
正对着墙.csv,784,center_near,near,steady,15.727,1312.0,1069.0,243.0,1313.0,1068.0,245.0,1,1
正对着墙.csv,785,center_near,near,steady,15.747,1313.0,1102.0,211.0,1313.0,1068.0,245.0,1,1
正对着墙.csv,786,center_near,near,steady,15.768,1314.0,1253.0,61.0,1313.0,1069.0,244.0,1,1
正对着墙.csv,787,center_near,near,steady,15.788,1314.0,1069.0,245.0,1313.0,1069.0,244.0,1,1
正对着墙.csv,788,center_near,near,steady,15.808,1313.0,1068.0,245.0,1313.0,1069.0,244.0,1,1
正对着墙.csv,789,center_near,near,steady,15.828,1314.0,1069.0,245.0,1314.0,1069.0,245.0,1,1
正对着墙.csv,790,center_near,near,steady,15.848,1314.0,1070.0,244.0,1314.0,1069.0,245.0,1,1
正对着墙.csv,791,center_near,near,steady,15.868,1316.0,1072.0,244.0,1314.0,1069.0,245.0,1,1
正对着墙.csv,792,center_near,near,steady,15.888,1313.0,1068.0,245.0,1314.0,1069.0,245.0,1,1
正对着墙.csv,793,center_near,near,steady,15.908,1312.0,1099.0,213.0,1314.0,1070.0,244.0,1,1
正对着墙.csv,794,center_near,near,steady,15.928,1312.0,1083.0,229.0,1314.0,1070.0,244.0,1,1
正对着墙.csv,795,center_near,near,steady,15.948,1312.0,1101.0,211.0,1313.0,1070.0,243.0,1,1
正对着墙.csv,796,center_near,near,steady,15.969,1316.0,1294.0,22.0,1313.0,1072.0,241.0,1,1
正对着墙.csv,797,center_near,near,steady,15.989,1313.0,1067.0,246.0,1313.0,1072.0,241.0,1,1
正对着墙.csv,798,center_near,near,steady,16.009,1312.0,1066.0,246.0,1313.0,1072.0,241.0,1,1
正对着墙.csv,799,center_near,near,steady,16.029,1312.0,1066.0,246.0,1312.0,1072.0,240.0,1,1
正对着墙.csv,800,center_near,near,steady,16.049,1313.0,1085.0,228.0,1312.0,1083.0,229.0,1,1
正对着墙.csv,801,center_near,near,steady,16.069,1313.0,1101.0,212.0,1312.0,1085.0,227.0,1,1
正对着墙.csv,802,center_near,near,steady,16.089,1312.0,1070.0,242.0,1312.0,1083.0,229.0,1,1
正对着墙.csv,803,center_near,near,steady,16.109,1313.0,1070.0,243.0,1313.0,1070.0,243.0,1,1
正对着墙.csv,804,center_near,near,steady,16.129,1315.0,1537.0,-222.0,1313.0,1070.0,243.0,1,1
正对着墙.csv,805,center_near,near,steady,16.15,1314.0,1068.0,246.0,1313.0,1070.0,243.0,1,1
正对着墙.csv,806,center_near,near,steady,16.17,1312.0,1070.0,242.0,1313.0,1070.0,243.0,1,1
正对着墙.csv,807,center_near,near,steady,16.19,1311.0,1069.0,242.0,1313.0,1070.0,243.0,1,1
正对着墙.csv,808,center_near,near,steady,16.21,1313.0,1069.0,244.0,1313.0,1070.0,243.0,1,1
正对着墙.csv,809,center_near,near,steady,16.23,1312.0,1091.0,221.0,1313.0,1070.0,243.0,1,1
正对着墙.csv,810,center_near,near,steady,16.25,1313.0,1068.0,245.0,1313.0,1070.0,243.0,1,1
正对着墙.csv,811,center_near,near,steady,16.27,1313.0,1337.0,-24.0,1313.0,1070.0,243.0,1,1
正对着墙.csv,812,center_near,near,steady,16.291,1311.0,1069.0,242.0,1313.0,1069.0,244.0,1,1
正对着墙.csv,813,center_near,near,steady,16.311,1313.0,1069.0,244.0,1313.0,1069.0,244.0,1,1
正对着墙.csv,814,center_near,near,steady,16.331,1314.0,1305.0,9.0,1313.0,1069.0,244.0,1,1
正对着墙.csv,815,center_near,near,steady,16.351,1312.0,1052.0,260.0,1313.0,1069.0,244.0,1,1
正对着墙.csv,816,center_near,near,steady,16.371,1312.0,1069.0,243.0,1313.0,1069.0,244.0,1,1
正对着墙.csv,817,center_near,near,steady,16.391,1312.0,1055.0,257.0,1312.0,1069.0,243.0,1,1
正对着墙.csv,818,center_near,near,steady,16.411,1313.0,1070.0,243.0,1313.0,1069.0,244.0,1,1
正对着墙.csv,819,center_near,near,steady,16.431,1312.0,1067.0,245.0,1312.0,1069.0,243.0,1,1
正对着墙.csv,820,center_near,near,steady,16.451,1311.0,1051.0,260.0,1312.0,1069.0,243.0,1,1
正对着墙.csv,821,center_near,near,steady,16.472,1312.0,1065.0,247.0,1312.0,1067.0,245.0,1,1
正对着墙.csv,822,center_near,near,steady,16.492,1314.0,1292.0,22.0,1312.0,1067.0,245.0,1,1
正对着墙.csv,823,center_near,near,steady,16.512,1313.0,1086.0,227.0,1312.0,1067.0,245.0,1,1
正对着墙.csv,824,center_near,near,steady,16.532,1312.0,1083.0,229.0,1312.0,1069.0,243.0,1,1
正对着墙.csv,825,center_near,near,steady,16.552,1315.0,1505.0,-190.0,1312.0,1070.0,242.0,1,1
正对着墙.csv,826,center_near,near,steady,16.572,1314.0,1305.0,9.0,1313.0,1083.0,230.0,1,1
正对着墙.csv,827,center_near,near,steady,16.592,1313.0,1069.0,244.0,1313.0,1083.0,230.0,1,1
正对着墙.csv,828,center_near,near,steady,16.612,1312.0,1069.0,243.0,1313.0,1083.0,230.0,1,1
正对着墙.csv,829,center_near,near,steady,16.632,1312.0,1069.0,243.0,1313.0,1083.0,230.0,1,1
正对着墙.csv,830,center_near,near,steady,16.653,1312.0,1053.0,259.0,1313.0,1083.0,230.0,1,1
正对着墙.csv,831,center_near,near,steady,16.673,1312.0,1069.0,243.0,1312.0,1069.0,243.0,1,1
正对着墙.csv,832,center_near,near,steady,16.693,1313.0,1068.0,245.0,1312.0,1069.0,243.0,1,1
正对着墙.csv,833,center_near,near,steady,16.713,1312.0,1069.0,243.0,1312.0,1069.0,243.0,1,1
正对着墙.csv,834,center_near,near,steady,16.733,1315.0,1307.0,8.0,1312.0,1069.0,243.0,1,1
正对着墙.csv,835,center_near,near,steady,16.753,1313.0,1069.0,244.0,1312.0,1069.0,243.0,1,1
正对着墙.csv,836,center_near,near,steady,16.773,1313.0,1067.0,246.0,1312.0,1069.0,243.0,1,1
正对着墙.csv,837,center_near,near,steady,16.793,1319.0,1115.0,204.0,1313.0,1069.0,244.0,1,1
正对着墙.csv,838,center_near,near,steady,16.814,1313.0,1069.0,244.0,1313.0,1069.0,244.0,1,1
正对着墙.csv,839,center_near,near,steady,16.834,1312.0,1069.0,243.0,1313.0,1069.0,244.0,1,1
正对着墙.csv,840,center_near,near,steady,16.854,1313.0,1069.0,244.0,1313.0,1069.0,244.0,1,1
正对着墙.csv,841,center_near,near,steady,16.874,1313.0,1098.0,215.0,1313.0,1069.0,244.0,1,1
正对着墙.csv,842,center_near,near,steady,16.894,1312.0,1068.0,244.0,1313.0,1069.0,244.0,1,1
正对着墙.csv,843,center_near,near,steady,16.914,1312.0,1069.0,243.0,1313.0,1069.0,244.0,1,1
正对着墙.csv,844,center_near,near,steady,16.934,1313.0,1070.0,243.0,1313.0,1069.0,244.0,1,1
正对着墙.csv,845,center_near,near,steady,16.954,1315.0,1586.0,-271.0,1313.0,1069.0,244.0,1,1
正对着墙.csv,846,center_near,near,steady,16.975,1312.0,1078.0,234.0,1313.0,1069.0,244.0,1,1
正对着墙.csv,847,center_near,near,steady,16.995,1312.0,1305.0,7.0,1312.0,1070.0,242.0,1,1
正对着墙.csv,848,center_near,near,steady,17.015,1314.0,1081.0,233.0,1313.0,1078.0,235.0,1,1
正对着墙.csv,849,center_near,near,steady,17.035,1312.0,1085.0,227.0,1312.0,1081.0,231.0,1,1
正对着墙.csv,850,center_near,near,steady,17.055,1321.0,1085.0,236.0,1312.0,1081.0,231.0,1,1
正对着墙.csv,851,center_near,near,steady,17.075,1312.0,1291.0,21.0,1312.0,1085.0,227.0,1,1
正对着墙.csv,852,center_near,near,steady,17.095,1312.0,1306.0,6.0,1312.0,1085.0,227.0,1,1
正对着墙.csv,853,center_near,near,steady,17.115,1314.0,1321.0,-7.0,1312.0,1291.0,21.0,1,1
正对着墙.csv,854,center_near,near,steady,17.135,1312.0,1084.0,228.0,1312.0,1085.0,227.0,1,1
正对着墙.csv,855,center_near,near,steady,17.156,1322.0,1292.0,30.0,1312.0,1291.0,21.0,1,1
正对着墙.csv,856,center_near,near,steady,17.176,1312.0,1069.0,243.0,1312.0,1085.0,227.0,1,1
正对着墙.csv,857,center_near,near,steady,17.196,1313.0,1067.0,246.0,1312.0,1085.0,227.0,1,1
正对着墙.csv,858,center_near,near,steady,17.216,1313.0,1084.0,229.0,1313.0,1085.0,228.0,1,1
正对着墙.csv,859,center_near,near,steady,17.236,1313.0,1067.0,246.0,1313.0,1084.0,229.0,1,1
正对着墙.csv,860,center_near,near,steady,17.256,1322.0,1309.0,13.0,1313.0,1084.0,229.0,1,1
正对着墙.csv,861,center_near,near,steady,17.276,1310.0,1053.0,257.0,1313.0,1084.0,229.0,1,1
正对着墙.csv,862,center_near,near,steady,17.296,1314.0,1067.0,247.0,1313.0,1069.0,244.0,1,1
正对着墙.csv,863,center_near,near,steady,17.316,1313.0,1289.0,24.0,1313.0,1069.0,244.0,1,1
正对着墙.csv,864,center_near,near,steady,17.336,1312.0,1048.0,264.0,1313.0,1067.0,246.0,1,1
正对着墙.csv,865,center_near,near,steady,17.357,1313.0,1338.0,-25.0,1313.0,1067.0,246.0,1,1
正对着墙.csv,866,center_near,near,steady,17.377,1312.0,1069.0,243.0,1313.0,1069.0,244.0,1,1
正对着墙.csv,867,center_near,near,steady,17.397,1315.0,1526.0,-211.0,1313.0,1069.0,244.0,1,1
正对着墙.csv,868,center_near,near,steady,17.417,1312.0,1068.0,244.0,1313.0,1069.0,244.0,1,1
正对着墙.csv,869,center_near,near,steady,17.437,1312.0,1290.0,22.0,1312.0,1069.0,243.0,1,1
正对着墙.csv,870,center_near,near,steady,17.457,1313.0,1068.0,245.0,1313.0,1069.0,244.0,1,1
正对着墙.csv,871,center_near,near,steady,17.477,1312.0,1054.0,258.0,1312.0,1069.0,243.0,1,1
正对着墙.csv,872,center_near,near,steady,17.497,1314.0,1353.0,-39.0,1312.0,1069.0,243.0,1,1
正对着墙.csv,873,center_near,near,steady,17.518,1314.0,1464.0,-150.0,1313.0,1290.0,23.0,1,1
正对着墙.csv,874,center_near,near,steady,17.538,1313.0,1053.0,260.0,1313.0,1069.0,244.0,1,1
正对着墙.csv,875,center_near,near,steady,17.558,1314.0,1183.0,131.0,1313.0,1183.0,130.0,1,1
正对着墙.csv,876,center_near,near,steady,17.578,1313.0,1053.0,260.0,1313.0,1068.0,245.0,1,1
正对着墙.csv,877,center_near,near,steady,17.598,1316.0,1295.0,21.0,1313.0,1183.0,130.0,1,1
正对着墙.csv,878,center_near,near,steady,17.618,1314.0,1309.0,5.0,1314.0,1183.0,131.0,1,1
正对着墙.csv,879,center_near,near,steady,17.638,1315.0,1289.0,26.0,1314.0,1289.0,25.0,1,1
正对着墙.csv,880,center_near,near,steady,17.658,1314.0,1066.0,248.0,1314.0,1289.0,25.0,1,1
正对着墙.csv,881,center_near,near,steady,17.678,1314.0,1068.0,246.0,1314.0,1183.0,131.0,1,1
正对着墙.csv,882,center_near,near,steady,17.699,1314.0,1070.0,244.0,1314.0,1070.0,244.0,1,1
正对着墙.csv,883,center_near,near,steady,17.719,1312.0,1069.0,243.0,1314.0,1070.0,244.0,1,1
正对着墙.csv,884,center_near,near,steady,17.739,1316.0,1096.0,220.0,1314.0,1070.0,244.0,1,1
正对着墙.csv,885,center_near,near,steady,17.759,1313.0,1069.0,244.0,1314.0,1070.0,244.0,1,1
正对着墙.csv,886,center_near,near,steady,17.779,1312.0,1069.0,243.0,1314.0,1069.0,245.0,1,1
正对着墙.csv,887,center_near,near,steady,17.799,1314.0,1070.0,244.0,1314.0,1069.0,245.0,1,1
正对着墙.csv,888,center_near,near,steady,17.819,1314.0,1070.0,244.0,1314.0,1069.0,245.0,1,1
正对着墙.csv,889,center_near,near,steady,17.839,1314.0,1055.0,259.0,1314.0,1069.0,245.0,1,1
正对着墙.csv,890,center_near,near,steady,17.859,1313.0,1291.0,22.0,1314.0,1070.0,244.0,1,1
正对着墙.csv,891,center_near,near,steady,17.879,1312.0,1068.0,244.0,1313.0,1069.0,244.0,1,1
正对着墙.csv,892,center_near,near,steady,17.899,1314.0,1291.0,23.0,1314.0,1070.0,244.0,1,1
正对着墙.csv,893,center_near,near,steady,17.92,1314.0,1134.0,180.0,1314.0,1070.0,244.0,1,1
正对着墙.csv,894,center_near,near,steady,17.94,1314.0,1056.0,258.0,1314.0,1070.0,244.0,1,1
正对着墙.csv,895,center_near,near,steady,17.96,1314.0,1066.0,248.0,1314.0,1070.0,244.0,1,1
正对着墙.csv,896,center_near,near,steady,17.98,1314.0,1085.0,229.0,1314.0,1070.0,244.0,1,1
正对着墙.csv,897,center_near,near,steady,18.001,1313.0,1052.0,261.0,1314.0,1068.0,246.0,1,1
正对着墙.csv,898,center_near,near,steady,18.021,1315.0,1308.0,7.0,1314.0,1085.0,229.0,1,1
正对着墙.csv,899,center_near,near,steady,18.041,1314.0,1293.0,21.0,1314.0,1085.0,229.0,1,1
正对着墙.csv,900,center_near,near,steady,18.061,1316.0,1290.0,26.0,1314.0,1134.0,180.0,1,1
正对着墙.csv,901,center_near,near,steady,18.081,1313.0,1289.0,24.0,1314.0,1134.0,180.0,1,1
正对着墙.csv,902,center_near,near,steady,18.101,1314.0,1128.0,186.0,1314.0,1128.0,186.0,1,1
正对着墙.csv,903,center_near,near,steady,18.121,1313.0,1069.0,244.0,1314.0,1128.0,186.0,1,1
正对着墙.csv,904,center_near,near,steady,18.141,1312.0,1069.0,243.0,1314.0,1128.0,186.0,1,1
正对着墙.csv,905,center_near,near,steady,18.161,1312.0,1071.0,241.0,1313.0,1128.0,185.0,1,1
正对着墙.csv,906,center_near,near,steady,18.182,1313.0,1066.0,247.0,1313.0,1128.0,185.0,1,1
正对着墙.csv,907,center_near,near,steady,18.202,1314.0,1082.0,232.0,1313.0,1082.0,231.0,1,1
正对着墙.csv,908,center_near,near,steady,18.222,1322.0,1068.0,254.0,1313.0,1071.0,242.0,1,1
正对着墙.csv,909,center_near,near,steady,18.242,1313.0,1070.0,243.0,1313.0,1070.0,243.0,1,1
正对着墙.csv,910,center_near,near,steady,18.262,1314.0,1070.0,244.0,1313.0,1070.0,243.0,1,1
正对着墙.csv,911,center_near,near,steady,18.282,1316.0,1320.0,-4.0,1313.0,1070.0,243.0,1,1
正对着墙.csv,912,center_near,near,steady,18.302,1315.0,1494.0,-179.0,1314.0,1070.0,244.0,1,1
正对着墙.csv,913,center_near,near,steady,18.322,1312.0,1084.0,228.0,1314.0,1071.0,243.0,1,1
正对着墙.csv,914,center_near,near,steady,18.342,1312.0,1068.0,244.0,1314.0,1070.0,244.0,1,1
正对着墙.csv,915,center_near,near,steady,18.363,1314.0,1184.0,130.0,1314.0,1082.0,232.0,1,1
正对着墙.csv,916,center_near,near,steady,18.383,1313.0,1069.0,244.0,1314.0,1070.0,244.0,1,1
正对着墙.csv,917,center_near,near,steady,18.403,1314.0,1307.0,7.0,1314.0,1084.0,230.0,1,1
正对着墙.csv,918,center_near,near,steady,18.423,1312.0,1321.0,-9.0,1314.0,1184.0,130.0,1,1
正对着墙.csv,919,center_near,near,steady,18.443,1313.0,1069.0,244.0,1313.0,1184.0,129.0,1,1
正对着墙.csv,920,center_near,near,steady,18.463,1313.0,1069.0,244.0,1313.0,1084.0,229.0,1,1
正对着墙.csv,921,center_near,near,steady,18.483,1313.0,1214.0,99.0,1313.0,1084.0,229.0,1,1
正对着墙.csv,922,center_near,near,steady,18.503,1313.0,1077.0,236.0,1313.0,1077.0,236.0,1,1
正对着墙.csv,923,center_near,near,steady,18.523,1313.0,1066.0,247.0,1313.0,1077.0,236.0,1,1
正对着墙.csv,924,center_near,near,steady,18.543,1315.0,1304.0,11.0,1313.0,1077.0,236.0,1,1
正对着墙.csv,925,center_near,near,steady,18.563,1313.0,1245.0,68.0,1313.0,1214.0,99.0,1,1
正对着墙.csv,926,center_near,near,steady,18.583,1313.0,1086.0,227.0,1313.0,1086.0,227.0,1,1
正对着墙.csv,927,center_near,near,steady,18.604,1312.0,1308.0,4.0,1313.0,1086.0,227.0,1,1
正对着墙.csv,928,center_near,near,steady,18.624,1314.0,1068.0,246.0,1313.0,1086.0,227.0,1,1
正对着墙.csv,929,center_near,near,steady,18.644,1313.0,1067.0,246.0,1313.0,1086.0,227.0,1,1
正对着墙.csv,930,center_near,near,steady,18.664,1313.0,1337.0,-24.0,1313.0,1086.0,227.0,1,1
正对着墙.csv,931,center_near,near,steady,18.684,1313.0,1069.0,244.0,1313.0,1086.0,227.0,1,1
正对着墙.csv,932,center_near,near,steady,18.704,1313.0,1070.0,243.0,1313.0,1086.0,227.0,1,1
正对着墙.csv,933,center_near,near,steady,18.724,1313.0,1067.0,246.0,1313.0,1070.0,243.0,1,1
正对着墙.csv,934,center_near,near,steady,18.744,1313.0,1113.0,200.0,1313.0,1070.0,243.0,1,1
正对着墙.csv,935,center_near,near,steady,18.764,1312.0,1067.0,245.0,1313.0,1069.0,244.0,1,1
正对着墙.csv,936,center_near,near,steady,18.784,1312.0,1306.0,6.0,1313.0,1069.0,244.0,1,1
正对着墙.csv,937,center_near,near,steady,18.804,1314.0,1308.0,6.0,1313.0,1070.0,243.0,1,1
正对着墙.csv,938,center_near,near,steady,18.825,1313.0,1083.0,230.0,1313.0,1083.0,230.0,1,1
正对着墙.csv,939,center_near,near,steady,18.845,1314.0,1307.0,7.0,1313.0,1083.0,230.0,1,1
正对着墙.csv,940,center_near,near,steady,18.865,1313.0,1433.0,-120.0,1313.0,1113.0,200.0,1,1
正对着墙.csv,941,center_near,near,steady,18.885,1314.0,1306.0,8.0,1313.0,1306.0,7.0,1,1
正对着墙.csv,942,center_near,near,steady,18.905,1313.0,1132.0,181.0,1313.0,1306.0,7.0,1,1
正对着墙.csv,943,center_near,near,steady,18.925,1316.0,1307.0,9.0,1313.0,1306.0,7.0,1,1
正对着墙.csv,944,center_near,near,steady,18.945,1312.0,1163.0,149.0,1313.0,1306.0,7.0,1,1
正对着墙.csv,945,center_near,near,steady,18.965,1312.0,1068.0,244.0,1313.0,1306.0,7.0,1,1
正对着墙.csv,946,center_near,near,steady,18.985,1314.0,1083.0,231.0,1313.0,1163.0,150.0,1,1
正对着墙.csv,947,center_near,near,steady,19.005,1314.0,1322.0,-8.0,1314.0,1306.0,8.0,1,1
正对着墙.csv,948,center_near,near,steady,19.025,1314.0,1069.0,245.0,1314.0,1163.0,151.0,1,1
正对着墙.csv,949,center_near,near,steady,19.046,1310.0,1067.0,243.0,1314.0,1132.0,182.0,1,1
正对着墙.csv,950,center_near,near,steady,19.066,1312.0,1065.0,247.0,1313.0,1083.0,230.0,1,1
正对着墙.csv,951,center_near,near,steady,19.086,1312.0,1065.0,247.0,1312.0,1069.0,243.0,1,1
正对着墙.csv,952,center_near,near,steady,19.106,1312.0,1068.0,244.0,1312.0,1068.0,244.0,1,1
正对着墙.csv,953,center_near,near,steady,19.126,1312.0,1069.0,243.0,1312.0,1068.0,244.0,1,1
正对着墙.csv,954,center_near,near,steady,19.146,1312.0,1068.0,244.0,1312.0,1068.0,244.0,1,1
正对着墙.csv,955,center_near,near,steady,19.166,1313.0,1072.0,241.0,1312.0,1068.0,244.0,1,1
正对着墙.csv,956,center_near,near,steady,19.186,1313.0,1096.0,217.0,1312.0,1068.0,244.0,1,1
正对着墙.csv,957,center_near,near,steady,19.207,1312.0,1082.0,230.0,1312.0,1068.0,244.0,1,1
正对着墙.csv,958,center_near,near,steady,19.227,1312.0,1292.0,20.0,1312.0,1069.0,243.0,1,1
正对着墙.csv,959,center_near,near,steady,19.247,1313.0,1070.0,243.0,1312.0,1070.0,242.0,1,1
正对着墙.csv,960,center_near,near,steady,19.267,1314.0,1306.0,8.0,1312.0,1072.0,240.0,1,1
正对着墙.csv,961,center_near,near,steady,19.287,1311.0,1053.0,258.0,1312.0,1072.0,240.0,1,1
正对着墙.csv,962,center_near,near,steady,19.307,1313.0,1259.0,54.0,1313.0,1082.0,231.0,1,1
正对着墙.csv,963,center_near,near,steady,19.327,1311.0,1069.0,242.0,1313.0,1082.0,231.0,1,1
正对着墙.csv,964,center_near,near,steady,19.347,1313.0,1415.0,-102.0,1313.0,1096.0,217.0,1,1
正对着墙.csv,965,center_near,near,steady,19.367,1314.0,1400.0,-86.0,1313.0,1259.0,54.0,1,1
正对着墙.csv,966,center_near,near,steady,19.388,1312.0,1052.0,260.0,1313.0,1259.0,54.0,1,1
正对着墙.csv,967,center_near,near,steady,19.408,1312.0,1066.0,246.0,1313.0,1070.0,243.0,1,1
正对着墙.csv,968,center_near,near,steady,19.428,1313.0,1131.0,182.0,1313.0,1131.0,182.0,1,1
正对着墙.csv,969,center_near,near,steady,19.448,1312.0,1069.0,243.0,1312.0,1069.0,243.0,1,1
正对着墙.csv,970,center_near,near,steady,19.468,1314.0,1200.0,114.0,1313.0,1131.0,182.0,1,1
正对着墙.csv,971,center_near,near,steady,19.488,1312.0,1179.0,133.0,1312.0,1131.0,181.0,1,1
正对着墙.csv,972,center_near,near,steady,19.508,1314.0,1080.0,234.0,1313.0,1131.0,182.0,1,1
正对着墙.csv,973,center_near,near,steady,19.528,1313.0,1312.0,1.0,1313.0,1131.0,182.0,1,1
正对着墙.csv,974,center_near,near,steady,19.548,1314.0,1068.0,246.0,1313.0,1080.0,233.0,1,1
正对着墙.csv,975,center_near,near,steady,19.569,1312.0,1085.0,227.0,1313.0,1085.0,228.0,1,1
正对着墙.csv,976,center_near,near,steady,19.589,1312.0,1292.0,20.0,1313.0,1131.0,182.0,1,1
正对着墙.csv,977,center_near,near,steady,19.609,1312.0,1068.0,244.0,1312.0,1085.0,227.0,1,1
正对着墙.csv,978,center_near,near,steady,19.629,1312.0,1067.0,245.0,1312.0,1085.0,227.0,1,1
正对着墙.csv,979,center_near,near,steady,19.649,1312.0,1291.0,21.0,1312.0,1085.0,227.0,1,1
正对着墙.csv,980,center_near,near,steady,19.669,1313.0,1069.0,244.0,1312.0,1080.0,232.0,1,1
正对着墙.csv,981,center_near,near,steady,19.689,1312.0,1069.0,243.0,1312.0,1069.0,243.0,1,1
正对着墙.csv,982,center_near,near,steady,19.709,1312.0,1067.0,245.0,1312.0,1069.0,243.0,1,1
正对着墙.csv,983,center_near,near,steady,19.729,1312.0,1067.0,245.0,1312.0,1069.0,243.0,1,1
正对着墙.csv,984,center_near,near,steady,19.749,1312.0,1289.0,23.0,1312.0,1069.0,243.0,1,1
正对着墙.csv,985,center_near,near,steady,19.77,1312.0,1069.0,243.0,1312.0,1069.0,243.0,1,1
正对着墙.csv,986,center_near,near,steady,19.79,1312.0,1069.0,243.0,1312.0,1069.0,243.0,1,1
正对着墙.csv,987,center_near,near,steady,19.81,1314.0,1066.0,248.0,1312.0,1069.0,243.0,1,1
正对着墙.csv,988,center_near,near,steady,19.83,1313.0,1081.0,232.0,1312.0,1069.0,243.0,1,1
正对着墙.csv,989,center_near,near,steady,19.85,1312.0,1080.0,232.0,1312.0,1069.0,243.0,1,1
正对着墙.csv,990,center_near,near,steady,19.87,1314.0,1632.0,-318.0,1312.0,1069.0,243.0,1,1
正对着墙.csv,991,center_near,near,steady,19.89,1313.0,1069.0,244.0,1312.0,1069.0,243.0,1,1
正对着墙.csv,992,center_near,near,steady,19.91,1312.0,1070.0,242.0,1312.0,1070.0,242.0,1,1
正对着墙.csv,993,center_near,near,steady,19.93,1312.0,1068.0,244.0,1312.0,1069.0,243.0,1,1
正对着墙.csv,994,center_near,near,steady,19.951,1312.0,1068.0,244.0,1312.0,1069.0,243.0,1,1
正对着墙.csv,995,center_near,near,steady,19.971,1313.0,1068.0,245.0,1313.0,1069.0,244.0,1,1
正对着墙.csv,996,center_near,near,steady,19.991,1314.0,1117.0,197.0,1313.0,1070.0,243.0,1,1
正对着墙.csv,997,center_near,near,steady,20.011,1311.0,1069.0,242.0,1312.0,1069.0,243.0,1,1
正对着墙.csv,998,center_near,near,steady,20.031,1312.0,1068.0,244.0,1312.0,1069.0,243.0,1,1
正对着墙.csv,999,center_near,near,steady,20.051,1314.0,1068.0,246.0,1312.0,1068.0,244.0,1,1
正对着墙.csv,1000,center_near,near,steady,20.071,1313.0,1066.0,247.0,1312.0,1068.0,244.0,1,1
正对着墙.csv,1001,center_near,near,steady,20.091,1312.0,1068.0,244.0,1312.0,1068.0,244.0,1,1
正对着墙.csv,1002,center_near,near,steady,20.111,1312.0,1055.0,257.0,1312.0,1068.0,244.0,1,1
正对着墙.csv,1003,center_near,near,steady,20.131,1312.0,1069.0,243.0,1312.0,1068.0,244.0,1,1
正对着墙.csv,1004,center_near,near,steady,20.152,1315.0,1301.0,14.0,1312.0,1068.0,244.0,1,1
正对着墙.csv,1005,center_near,near,steady,20.172,1312.0,1050.0,262.0,1312.0,1068.0,244.0,1,1
正对着墙.csv,1006,center_near,near,steady,20.192,1312.0,1068.0,244.0,1312.0,1068.0,244.0,1,1
正对着墙.csv,1007,center_near,near,steady,20.212,1312.0,1069.0,243.0,1312.0,1068.0,244.0,1,1
正对着墙.csv,1008,center_near,near,steady,20.232,1313.0,1069.0,244.0,1312.0,1068.0,244.0,1,1
正对着墙.csv,1009,center_near,near,steady,20.252,1315.0,1537.0,-222.0,1312.0,1069.0,243.0,1,1
正对着墙.csv,1010,center_near,near,steady,20.272,1310.0,1052.0,258.0,1312.0,1069.0,243.0,1,1
正对着墙.csv,1011,center_near,near,steady,20.292,1313.0,1275.0,38.0,1312.0,1069.0,243.0,1,1
正对着墙.csv,1012,center_near,near,steady,20.312,1312.0,1053.0,259.0,1312.0,1069.0,243.0,1,1
正对着墙.csv,1013,center_near,near,steady,20.333,1313.0,1133.0,180.0,1312.0,1069.0,243.0,1,1
正对着墙.csv,1014,center_near,near,steady,20.353,1312.0,1085.0,227.0,1312.0,1069.0,243.0,1,1
正对着墙.csv,1015,center_near,near,steady,20.373,1312.0,1052.0,260.0,1312.0,1069.0,243.0,1,1
正对着墙.csv,1016,center_near,near,steady,20.393,1312.0,1068.0,244.0,1312.0,1069.0,243.0,1,1
正对着墙.csv,1017,center_near,near,steady,20.413,1315.0,1525.0,-210.0,1312.0,1085.0,227.0,1,1
正对着墙.csv,1018,center_near,near,steady,20.433,1314.0,1069.0,245.0,1312.0,1069.0,243.0,1,1
正对着墙.csv,1019,center_near,near,steady,20.453,1312.0,1086.0,226.0,1312.0,1085.0,227.0,1,1
正对着墙.csv,1020,center_near,near,steady,20.473,1312.0,1181.0,131.0,1312.0,1085.0,227.0,1,1
正对着墙.csv,1021,center_near,near,steady,20.493,1313.0,1067.0,246.0,1312.0,1085.0,227.0,1,1
正对着墙.csv,1022,center_near,near,steady,20.514,1312.0,1065.0,247.0,1312.0,1069.0,243.0,1,1
正对着墙.csv,1023,center_near,near,steady,20.534,1310.0,1069.0,241.0,1312.0,1069.0,243.0,1,1
正对着墙.csv,1024,center_near,near,steady,20.554,1312.0,1069.0,243.0,1312.0,1069.0,243.0,1,1
正对着墙.csv,1025,center_near,near,steady,20.574,1312.0,1069.0,243.0,1312.0,1069.0,243.0,1,1
正对着墙.csv,1026,center_near,near,steady,20.594,1313.0,1080.0,233.0,1312.0,1069.0,243.0,1,1
正对着墙.csv,1027,center_near,near,steady,20.614,1314.0,1660.0,-346.0,1312.0,1069.0,243.0,1,1
正对着墙.csv,1028,center_near,near,steady,20.634,1312.0,1068.0,244.0,1312.0,1069.0,243.0,1,1
正对着墙.csv,1029,center_near,near,steady,20.654,1312.0,1101.0,211.0,1312.0,1069.0,243.0,1,1
正对着墙.csv,1030,center_near,near,steady,20.674,1313.0,1085.0,228.0,1312.0,1069.0,243.0,1,1
正对着墙.csv,1031,center_near,near,steady,20.694,1312.0,1068.0,244.0,1312.0,1069.0,243.0,1,1
正对着墙.csv,1032,center_near,near,steady,20.715,1312.0,1067.0,245.0,1312.0,1069.0,243.0,1,1
正对着墙.csv,1033,center_near,near,steady,20.735,1312.0,1290.0,22.0,1312.0,1080.0,232.0,1,1
正对着墙.csv,1034,center_near,near,steady,20.755,1313.0,1069.0,244.0,1312.0,1080.0,232.0,1,1
正对着墙.csv,1035,center_near,near,steady,20.775,1312.0,1069.0,243.0,1312.0,1069.0,243.0,1,1
正对着墙.csv,1036,center_near,near,steady,20.795,1312.0,1084.0,228.0,1312.0,1069.0,243.0,1,1
正对着墙.csv,1037,center_near,near,steady,20.815,1312.0,1066.0,246.0,1312.0,1069.0,243.0,1,1
正对着墙.csv,1038,center_near,near,steady,20.835,1312.0,1067.0,245.0,1312.0,1069.0,243.0,1,1
正对着墙.csv,1039,center_near,near,steady,20.855,1313.0,1292.0,21.0,1312.0,1069.0,243.0,1,1
正对着墙.csv,1040,center_near,near,steady,20.875,1313.0,1085.0,228.0,1312.0,1069.0,243.0,1,1
正对着墙.csv,1041,center_near,near,steady,20.896,1312.0,1070.0,242.0,1312.0,1070.0,242.0,1,1
正对着墙.csv,1042,center_near,near,steady,20.916,1314.0,1081.0,233.0,1312.0,1070.0,242.0,1,1
正对着墙.csv,1043,center_near,near,steady,20.936,1313.0,1082.0,231.0,1312.0,1081.0,231.0,1,1
正对着墙.csv,1044,center_near,near,steady,20.956,1313.0,1068.0,245.0,1313.0,1081.0,232.0,1,1
正对着墙.csv,1045,center_near,near,steady,20.976,1313.0,1149.0,164.0,1313.0,1081.0,232.0,1,1
正对着墙.csv,1046,center_near,near,steady,20.996,1312.0,1070.0,242.0,1313.0,1081.0,232.0,1,1
正对着墙.csv,1047,center_near,near,steady,21.016,1312.0,1100.0,212.0,1313.0,1082.0,231.0,1,1
正对着墙.csv,1048,center_near,near,steady,21.036,1315.0,1509.0,-194.0,1313.0,1082.0,231.0,1,1
正对着墙.csv,1049,center_near,near,steady,21.056,1313.0,1068.0,245.0,1313.0,1081.0,232.0,1,1
正对着墙.csv,1050,center_near,near,steady,21.077,1312.0,1217.0,95.0,1313.0,1082.0,231.0,1,1
正对着墙.csv,1051,center_near,near,steady,21.097,1311.0,1069.0,242.0,1313.0,1082.0,231.0,1,1
正对着墙.csv,1052,center_near,near,steady,21.117,1312.0,1069.0,243.0,1312.0,1070.0,242.0,1,1
正对着墙.csv,1053,center_near,near,steady,21.137,1314.0,1320.0,-6.0,1312.0,1100.0,212.0,1,1
正对着墙.csv,1054,center_near,near,steady,21.157,1312.0,1068.0,244.0,1312.0,1070.0,242.0,1,1
正对着墙.csv,1055,center_near,near,steady,21.177,1322.0,1245.0,77.0,1312.0,1100.0,212.0,1,1
正对着墙.csv,1056,center_near,near,steady,21.197,1314.0,1070.0,244.0,1313.0,1070.0,243.0,1,1
正对着墙.csv,1057,center_near,near,steady,21.217,1313.0,1069.0,244.0,1313.0,1069.0,244.0,1,1
正对着墙.csv,1058,center_near,near,steady,21.238,1314.0,1082.0,232.0,1313.0,1070.0,243.0,1,1
正对着墙.csv,1059,center_near,near,steady,21.258,1312.0,1068.0,244.0,1313.0,1069.0,244.0,1,1
正对着墙.csv,1060,center_near,near,steady,21.278,1312.0,1305.0,7.0,1313.0,1070.0,243.0,1,1
正对着墙.csv,1061,center_near,near,steady,21.298,1313.0,1069.0,244.0,1313.0,1070.0,243.0,1,1
正对着墙.csv,1062,center_near,near,steady,21.318,1314.0,1449.0,-135.0,1313.0,1070.0,243.0,1,1
正对着墙.csv,1063,center_near,near,steady,21.338,1314.0,1291.0,23.0,1314.0,1082.0,232.0,1,1
正对着墙.csv,1064,center_near,near,steady,21.358,1312.0,1082.0,230.0,1313.0,1082.0,231.0,1,1
正对着墙.csv,1065,center_near,near,steady,21.378,1313.0,1080.0,233.0,1313.0,1082.0,231.0,1,1
正对着墙.csv,1066,center_near,near,steady,21.398,1312.0,1115.0,197.0,1313.0,1082.0,231.0,1,1
正对着墙.csv,1067,center_near,near,steady,21.419,1313.0,1525.0,-212.0,1313.0,1115.0,198.0,1,1
正对着墙.csv,1068,center_near,near,steady,21.439,1320.0,1540.0,-220.0,1313.0,1291.0,22.0,1,1
正对着墙.csv,1069,center_near,near,steady,21.459,1312.0,1068.0,244.0,1313.0,1115.0,198.0,1,1
正对着墙.csv,1070,center_near,near,steady,21.479,1312.0,1067.0,245.0,1313.0,1115.0,198.0,1,1
正对着墙.csv,1071,center_near,near,steady,21.499,1313.0,1067.0,246.0,1313.0,1082.0,231.0,1,1
正对着墙.csv,1072,center_near,near,steady,21.519,1312.0,1069.0,243.0,1312.0,1080.0,232.0,1,1
正对着墙.csv,1073,center_near,near,steady,21.539,1311.0,1292.0,19.0,1312.0,1080.0,232.0,1,1
正对着墙.csv,1074,center_near,near,steady,21.559,1312.0,1083.0,229.0,1312.0,1083.0,229.0,1,1
正对着墙.csv,1075,center_near,near,steady,21.58,1312.0,1067.0,245.0,1312.0,1069.0,243.0,1,1
正对着墙.csv,1076,center_near,near,steady,21.6,1313.0,1067.0,246.0,1312.0,1068.0,244.0,1,1
正对着墙.csv,1077,center_near,near,steady,21.62,1312.0,1069.0,243.0,1312.0,1068.0,244.0,1,1
正对着墙.csv,1078,center_near,near,steady,21.64,1312.0,1086.0,226.0,1312.0,1069.0,243.0,1,1
正对着墙.csv,1079,center_near,near,steady,21.66,1312.0,1068.0,244.0,1312.0,1069.0,243.0,1,1
正对着墙.csv,1080,center_near,near,steady,21.68,1313.0,1066.0,247.0,1312.0,1069.0,243.0,1,1
正对着墙.csv,1081,center_near,near,steady,21.7,1311.0,1066.0,245.0,1312.0,1068.0,244.0,1,1
正对着墙.csv,1082,center_near,near,steady,21.72,1312.0,1068.0,244.0,1312.0,1068.0,244.0,1,1
正对着墙.csv,1083,center_near,near,steady,21.74,1313.0,1322.0,-9.0,1312.0,1068.0,244.0,1,1
正对着墙.csv,1084,center_near,near,steady,21.761,1310.0,1069.0,241.0,1312.0,1068.0,244.0,1,1
正对着墙.csv,1085,center_near,near,steady,21.781,1313.0,1100.0,213.0,1312.0,1069.0,243.0,1,1
正对着墙.csv,1086,center_near,near,steady,21.801,1314.0,1536.0,-222.0,1312.0,1069.0,243.0,1,1
正对着墙.csv,1087,center_near,near,steady,21.821,1314.0,1322.0,-8.0,1313.0,1069.0,244.0,1,1
正对着墙.csv,1088,center_near,near,steady,21.841,1313.0,1069.0,244.0,1313.0,1069.0,244.0,1,1
正对着墙.csv,1089,center_near,near,steady,21.861,1312.0,1054.0,258.0,1313.0,1069.0,244.0,1,1
正对着墙.csv,1090,center_near,near,steady,21.881,1312.0,1070.0,242.0,1313.0,1070.0,243.0,1,1
正对着墙.csv,1091,center_near,near,steady,21.901,1312.0,1115.0,197.0,1313.0,1100.0,213.0,1,1
正对着墙.csv,1092,center_near,near,steady,21.922,1313.0,1052.0,261.0,1313.0,1070.0,243.0,1,1
正对着墙.csv,1093,center_near,near,steady,21.942,1312.0,1069.0,243.0,1313.0,1070.0,243.0,1,1
正对着墙.csv,1094,center_near,near,steady,21.962,1312.0,1292.0,20.0,1312.0,1070.0,242.0,1,1
正对着墙.csv,1095,center_near,near,steady,21.982,1312.0,1070.0,242.0,1312.0,1070.0,242.0,1,1
正对着墙.csv,1096,center_near,near,steady,22.002,1313.0,1213.0,100.0,1312.0,1070.0,242.0,1,1
正对着墙.csv,1097,center_near,near,steady,22.022,1313.0,1052.0,261.0,1312.0,1070.0,242.0,1,1
正对着墙.csv,1098,center_near,near,steady,22.042,1312.0,1083.0,229.0,1312.0,1070.0,242.0,1,1
正对着墙.csv,1099,center_near,near,steady,22.062,1313.0,1054.0,259.0,1312.0,1070.0,242.0,1,1
正对着墙.csv,1100,center_near,near,steady,22.082,1312.0,1068.0,244.0,1312.0,1069.0,243.0,1,1
正对着墙.csv,1101,center_near,near,steady,22.103,1313.0,1066.0,247.0,1312.0,1069.0,243.0,1,1
正对着墙.csv,1102,center_near,near,steady,22.123,1313.0,1288.0,25.0,1313.0,1070.0,243.0,1,1
正对着墙.csv,1103,center_near,near,steady,22.143,1312.0,1081.0,231.0,1313.0,1070.0,243.0,1,1
正对着墙.csv,1104,center_near,near,steady,22.163,1312.0,1116.0,196.0,1313.0,1081.0,232.0,1,1
正对着墙.csv,1105,center_near,near,steady,22.183,1314.0,1069.0,245.0,1313.0,1069.0,244.0,1,1
正对着墙.csv,1106,center_near,near,steady,22.203,1312.0,1069.0,243.0,1312.0,1069.0,243.0,1,1
正对着墙.csv,1107,center_near,near,steady,22.223,1312.0,1070.0,242.0,1312.0,1069.0,243.0,1,1
正对着墙.csv,1108,center_near,near,steady,22.243,1312.0,1068.0,244.0,1312.0,1069.0,243.0,1,1
正对着墙.csv,1109,center_near,near,steady,22.263,1315.0,1306.0,9.0,1312.0,1070.0,242.0,1,1
正对着墙.csv,1110,center_near,near,steady,22.284,1314.0,1526.0,-212.0,1312.0,1081.0,231.0,1,1
正对着墙.csv,1111,center_near,near,steady,22.304,1313.0,1069.0,244.0,1312.0,1070.0,242.0,1,1
正对着墙且距离墙最远.csv,2,center_far,far,steady,0.003,201.0,20.0,181.0,201.0,20.0,181.0,0,1
正对着墙且距离墙最远.csv,3,center_far,far,steady,0.023,216.0,20.0,196.0,208.5,20.0,188.5,0,1
正对着墙且距离墙最远.csv,4,center_far,far,steady,0.043,216.0,20.0,196.0,216.0,20.0,196.0,0,1
正对着墙且距离墙最远.csv,5,center_far,far,steady,0.063,217.0,19.0,198.0,216.0,20.0,196.0,0,1
正对着墙且距离墙最远.csv,6,center_far,far,steady,0.083,152.0,20.0,132.0,216.0,20.0,196.0,0,1
正对着墙且距离墙最远.csv,7,center_far,far,steady,0.103,183.0,20.0,163.0,208.5,20.0,188.5,0,1
正对着墙且距离墙最远.csv,8,center_far,far,steady,0.123,183.0,20.0,163.0,201.0,20.0,181.0,0,1
正对着墙且距离墙最远.csv,9,center_far,far,steady,0.143,183.0,20.0,163.0,192.0,20.0,172.0,0,1
正对着墙且距离墙最远.csv,10,center_far,far,steady,0.163,217.0,19.0,198.0,201.0,20.0,181.0,0,1
正对着墙且距离墙最远.csv,11,center_far,far,steady,0.184,118.0,20.0,98.0,183.0,20.0,163.0,0,1
正对着墙且距离墙最远.csv,12,center_far,far,steady,0.204,150.0,20.0,130.0,183.0,20.0,163.0,0,1
正对着墙且距离墙最远.csv,13,center_far,far,steady,0.224,509.0,21.0,488.0,183.0,20.0,163.0,0,1
正对着墙且距离墙最远.csv,14,center_far,far,steady,0.244,184.0,21.0,163.0,183.0,20.0,163.0,0,1
正对着墙且距离墙最远.csv,15,center_far,far,steady,0.264,233.0,20.0,213.0,183.0,20.0,163.0,0,1
正对着墙且距离墙最远.csv,16,center_far,far,steady,0.284,397.0,30.0,367.0,184.0,20.0,164.0,0,1
正对着墙且距离墙最远.csv,17,center_far,far,steady,0.304,134.0,32.0,102.0,184.0,20.0,164.0,0,1
正对着墙且距离墙最远.csv,18,center_far,far,steady,0.324,168.0,20.0,148.0,184.0,20.0,164.0,0,1
正对着墙且距离墙最远.csv,19,center_far,far,steady,0.344,186.0,20.0,166.0,184.0,20.0,164.0,0,1
正对着墙且距离墙最远.csv,20,center_far,far,steady,0.364,16.0,21.0,-5.0,184.0,21.0,163.0,0,1
正对着墙且距离墙最远.csv,21,center_far,far,steady,0.384,234.0,22.0,212.0,186.0,21.0,165.0,0,1
正对着墙且距离墙最远.csv,22,center_far,far,steady,0.405,528.0,22.0,506.0,186.0,21.0,165.0,0,1
正对着墙且距离墙最远.csv,23,center_far,far,steady,0.425,429.0,21.0,408.0,233.0,21.0,212.0,0,1
正对着墙且距离墙最远.csv,24,center_far,far,steady,0.445,168.0,20.0,148.0,186.0,21.0,165.0,0,1
正对着墙且距离墙最远.csv,25,center_far,far,steady,0.465,184.0,20.0,164.0,184.0,21.0,163.0,0,1
正对着墙且距离墙最远.csv,26,center_far,far,steady,0.485,168.0,20.0,148.0,184.0,20.0,164.0,0,1
正对着墙且距离墙最远.csv,27,center_far,far,steady,0.505,184.0,21.0,163.0,184.0,21.0,163.0,0,1
正对着墙且距离墙最远.csv,28,center_far,far,steady,0.525,202.0,22.0,180.0,184.0,21.0,163.0,0,1
正对着墙且距离墙最远.csv,29,center_far,far,steady,0.545,219.0,20.0,199.0,202.0,21.0,181.0,0,1
正对着墙且距离墙最远.csv,30,center_far,far,steady,0.565,151.0,21.0,130.0,184.0,21.0,163.0,0,1
正对着墙且距离墙最远.csv,31,center_far,far,steady,0.585,168.0,20.0,148.0,184.0,20.0,164.0,0,1
正对着墙且距离墙最远.csv,32,center_far,far,steady,0.606,33.0,21.0,12.0,168.0,20.0,148.0,0,1
正对着墙且距离墙最远.csv,33,center_far,far,steady,0.626,234.0,33.0,201.0,184.0,21.0,163.0,0,1
正对着墙且距离墙最远.csv,34,center_far,far,steady,0.646,314.0,24.0,290.0,184.0,21.0,163.0,0,1
正对着墙且距离墙最远.csv,35,center_far,far,steady,0.666,215.0,20.0,195.0,202.0,21.0,181.0,0,1
正对着墙且距离墙最远.csv,36,center_far,far,steady,0.686,560.0,19.0,541.0,215.0,21.0,194.0,0,1
正对着墙且距离墙最远.csv,37,center_far,far,steady,0.707,315.0,20.0,295.0,219.0,20.0,199.0,0,1
正对着墙且距离墙最远.csv,38,center_far,far,steady,0.727,168.0,21.0,147.0,215.0,21.0,194.0,0,1
正对着墙且距离墙最远.csv,39,center_far,far,steady,0.748,201.0,33.0,168.0,215.0,21.0,194.0,0,1
正对着墙且距离墙最远.csv,40,center_far,far,steady,0.768,17.0,20.0,-3.0,215.0,21.0,194.0,0,1
正对着墙且距离墙最远.csv,41,center_far,far,steady,0.788,17.0,20.0,-3.0,215.0,20.0,195.0,0,1
正对着墙且距离墙最远.csv,42,center_far,far,steady,0.808,168.0,20.0,148.0,201.0,20.0,181.0,0,1
正对着墙且距离墙最远.csv,43,center_far,far,steady,0.828,233.0,20.0,213.0,201.0,20.0,181.0,0,1
正对着墙且距离墙最远.csv,44,center_far,far,steady,0.848,167.0,19.0,148.0,168.0,20.0,148.0,0,1
正对着墙且距离墙最远.csv,45,center_far,far,steady,0.868,234.0,20.0,214.0,168.0,20.0,148.0,0,1
正对着墙且距离墙最远.csv,46,center_far,far,steady,0.888,363.0,20.0,343.0,168.0,20.0,148.0,0,1
正对着墙且距离墙最远.csv,47,center_far,far,steady,0.908,216.0,20.0,196.0,201.0,20.0,181.0,0,1
正对着墙且距离墙最远.csv,48,center_far,far,steady,0.928,160.0,21.0,139.0,168.0,20.0,148.0,0,1
正对着墙且距离墙最远.csv,49,center_far,far,steady,0.948,51.0,20.0,31.0,168.0,20.0,148.0,0,1
正对着墙且距离墙最远.csv,50,center_far,far,steady,0.969,25.0,22.0,3.0,168.0,20.0,148.0,0,1
正对着墙且距离墙最远.csv,51,center_far,far,steady,0.989,251.0,20.0,231.0,216.0,20.0,196.0,0,1
正对着墙且距离墙最远.csv,52,center_far,far,steady,1.009,265.0,20.0,245.0,216.0,20.0,196.0,0,1
正对着墙且距离墙最远.csv,53,center_far,far,steady,1.029,226.0,21.0,205.0,226.0,20.0,206.0,0,1
正对着墙且距离墙最远.csv,54,center_far,far,steady,1.049,184.0,20.0,164.0,216.0,20.0,196.0,0,1
正对着墙且距离墙最远.csv,55,center_far,far,steady,1.069,84.0,20.0,64.0,184.0,20.0,164.0,0,1
正对着墙且距离墙最远.csv,56,center_far,far,steady,1.089,183.0,20.0,163.0,183.0,20.0,163.0,0,1
正对着墙且距离墙最远.csv,57,center_far,far,steady,1.109,331.0,20.0,311.0,184.0,20.0,164.0,0,1
正对着墙且距离墙最远.csv,58,center_far,far,steady,1.129,217.0,21.0,196.0,217.0,20.0,197.0,0,1
正对着墙且距离墙最远.csv,59,center_far,far,steady,1.149,168.0,20.0,148.0,217.0,20.0,197.0,0,1
正对着墙且距离墙最远.csv,60,center_far,far,steady,1.169,184.0,20.0,164.0,184.0,20.0,164.0,0,1
正对着墙且距离墙最远.csv,61,center_far,far,steady,1.189,151.0,20.0,131.0,184.0,20.0,164.0,0,1
正对着墙且距离墙最远.csv,62,center_far,far,steady,1.21,183.0,21.0,162.0,183.0,20.0,163.0,0,1
正对着墙且距离墙最远.csv,63,center_far,far,steady,1.23,216.0,20.0,196.0,183.0,20.0,163.0,0,1
正对着墙且距离墙最远.csv,64,center_far,far,steady,1.25,17.0,20.0,-3.0,183.0,20.0,163.0,0,1
正对着墙且距离墙最远.csv,65,center_far,far,steady,1.27,159.0,20.0,139.0,183.0,20.0,163.0,0,1
正对着墙且距离墙最远.csv,66,center_far,far,steady,1.29,346.0,24.0,322.0,183.0,20.0,163.0,0,1
正对着墙且距离墙最远.csv,67,center_far,far,steady,1.31,185.0,32.0,153.0,183.0,20.0,163.0,0,1
正对着墙且距离墙最远.csv,68,center_far,far,steady,1.33,232.0,20.0,212.0,184.0,20.0,164.0,0,1
正对着墙且距离墙最远.csv,69,center_far,far,steady,1.35,346.0,20.0,326.0,185.0,20.0,165.0,0,1
正对着墙且距离墙最远.csv,70,center_far,far,steady,1.37,200.0,21.0,179.0,200.0,20.0,180.0,0,1
正对着墙且距离墙最远.csv,71,center_far,far,steady,1.39,166.0,20.0,146.0,200.0,20.0,180.0,0,1
正对着墙且距离墙最远.csv,72,center_far,far,steady,1.41,183.0,20.0,163.0,185.0,20.0,165.0,0,1
正对着墙且距离墙最远.csv,73,center_far,far,steady,1.43,17.0,21.0,-4.0,185.0,20.0,165.0,0,1
正对着墙且距离墙最远.csv,74,center_far,far,steady,1.451,238.0,21.0,217.0,200.0,21.0,179.0,0,1
正对着墙且距离墙最远.csv,75,center_far,far,steady,1.471,353.0,21.0,332.0,200.0,21.0,179.0,0,1
正对着墙且距离墙最远.csv,76,center_far,far,steady,1.491,264.0,20.0,244.0,232.0,20.0,212.0,0,1
正对着墙且距离墙最远.csv,77,center_far,far,steady,1.511,183.0,20.0,163.0,200.0,20.0,180.0,0,1
正对着墙且距离墙最远.csv,78,center_far,far,steady,1.531,189.0,20.0,169.0,189.0,20.0,169.0,0,1
正对着墙且距离墙最远.csv,79,center_far,far,steady,1.551,183.0,21.0,162.0,183.0,20.0,163.0,0,1
正对着墙且距离墙最远.csv,80,center_far,far,steady,1.571,266.0,20.0,246.0,189.0,20.0,169.0,0,1
正对着墙且距离墙最远.csv,81,center_far,far,steady,1.591,314.0,20.0,294.0,238.0,20.0,218.0,0,1
正对着墙且距离墙最远.csv,82,center_far,far,steady,1.611,200.0,21.0,179.0,238.0,20.0,218.0,0,1
正对着墙且距离墙最远.csv,83,center_far,far,steady,1.632,190.0,20.0,170.0,200.0,20.0,180.0,0,1
正对着墙且距离墙最远.csv,84,center_far,far,steady,1.652,150.0,20.0,130.0,190.0,20.0,170.0,0,1
正对着墙且距离墙最远.csv,85,center_far,far,steady,1.672,17.0,20.0,-3.0,189.0,20.0,169.0,0,1
正对着墙且距离墙最远.csv,86,center_far,far,steady,1.692,217.0,20.0,197.0,190.0,20.0,170.0,0,1
正对着墙且距离墙最远.csv,87,center_far,far,steady,1.712,73.0,34.0,39.0,190.0,20.0,170.0,0,1
正对着墙且距离墙最远.csv,88,center_far,far,steady,1.732,209.0,28.0,181.0,200.0,20.0,180.0,0,1
正对着墙且距离墙最远.csv,89,center_far,far,steady,1.752,492.0,21.0,471.0,200.0,20.0,180.0,0,1
正对着墙且距离墙最远.csv,90,center_far,far,steady,1.772,607.0,20.0,587.0,200.0,20.0,180.0,0,1
正对着墙且距离墙最远.csv,91,center_far,far,steady,1.792,183.0,20.0,163.0,190.0,20.0,170.0,0,1
正对着墙且距离墙最远.csv,92,center_far,far,steady,1.813,346.0,21.0,325.0,209.0,20.0,189.0,0,1
正对着墙且距离墙最远.csv,93,center_far,far,steady,1.833,182.0,20.0,162.0,209.0,20.0,189.0,0,1
正对着墙且距离墙最远.csv,94,center_far,far,steady,1.853,17.0,20.0,-3.0,209.0,20.0,189.0,0,1
正对着墙且距离墙最远.csv,95,center_far,far,steady,1.873,184.0,21.0,163.0,184.0,21.0,163.0,0,1
正对着墙且距离墙最远.csv,96,center_far,far,steady,1.893,25.0,20.0,5.0,184.0,20.0,164.0,0,1
正对着墙且距离墙最远.csv,97,center_far,far,steady,1.913,183.0,20.0,163.0,183.0,20.0,163.0,0,1
正对着墙且距离墙最远.csv,98,center_far,far,steady,1.933,475.0,20.0,455.0,183.0,20.0,163.0,0,1
正对着墙且距离墙最远.csv,99,center_far,far,steady,1.953,298.0,20.0,278.0,183.0,20.0,163.0,0,1
正对着墙且距离墙最远.csv,100,center_far,far,steady,1.974,157.0,22.0,135.0,183.0,20.0,163.0,0,1
正对着墙且距离墙最远.csv,101,center_far,far,steady,1.994,186.0,21.0,165.0,183.0,20.0,163.0,0,1
正对着墙且距离墙最远.csv,102,center_far,far,steady,2.014,167.0,20.0,147.0,183.0,20.0,163.0,0,1
正对着墙且距离墙最远.csv,103,center_far,far,steady,2.034,234.0,21.0,213.0,184.0,20.0,164.0,0,1
正对着墙且距离墙最远.csv,104,center_far,far,steady,2.054,217.0,19.0,198.0,186.0,20.0,166.0,0,1
正对着墙且距离墙最远.csv,105,center_far,far,steady,2.074,215.0,20.0,195.0,215.0,20.0,195.0,0,1
正对着墙且距离墙最远.csv,106,center_far,far,steady,2.094,149.0,21.0,128.0,215.0,20.0,195.0,0,1
正对着墙且距离墙最远.csv,107,center_far,far,steady,2.114,183.0,20.0,163.0,186.0,20.0,166.0,0,1
正对着墙且距离墙最远.csv,108,center_far,far,steady,2.134,17.0,20.0,-3.0,183.0,20.0,163.0,0,1
正对着墙且距离墙最远.csv,109,center_far,far,steady,2.155,234.0,20.0,214.0,186.0,20.0,166.0,0,1
正对着墙且距离墙最远.csv,110,center_far,far,steady,2.175,150.0,20.0,130.0,183.0,20.0,163.0,0,1
正对着墙且距离墙最远.csv,111,center_far,far,steady,2.195,215.0,20.0,195.0,215.0,20.0,195.0,0,1
正对着墙且距离墙最远.csv,112,center_far,far,steady,2.215,184.0,20.0,164.0,184.0,20.0,164.0,0,1
正对着墙且距离墙最远.csv,113,center_far,far,steady,2.235,544.0,18.0,526.0,184.0,20.0,164.0,0,1
正对着墙且距离墙最远.csv,114,center_far,far,steady,2.255,150.0,27.0,123.0,183.0,20.0,163.0,0,1
正对着墙且距离墙最远.csv,115,center_far,far,steady,2.275,281.0,20.0,261.0,184.0,20.0,164.0,0,1
正对着墙且距离墙最远.csv,116,center_far,far,steady,2.295,217.0,20.0,197.0,215.0,20.0,195.0,0,1
正对着墙且距离墙最远.csv,117,center_far,far,steady,2.315,16.0,20.0,-4.0,215.0,20.0,195.0,0,1
正对着墙且距离墙最远.csv,118,center_far,far,steady,2.336,184.0,20.0,164.0,184.0,20.0,164.0,0,1
正对着墙且距离墙最远.csv,119,center_far,far,steady,2.356,183.0,21.0,162.0,184.0,20.0,164.0,0,1
正对着墙且距离墙最远.csv,120,center_far,far,steady,2.376,183.0,21.0,162.0,184.0,20.0,164.0,0,1
正对着墙且距离墙最远.csv,121,center_far,far,steady,2.396,216.0,20.0,196.0,184.0,20.0,164.0,0,1
正对着墙且距离墙最远.csv,122,center_far,far,steady,2.416,250.0,21.0,229.0,184.0,20.0,164.0,0,1
正对着墙且距离墙最远.csv,123,center_far,far,steady,2.436,167.0,21.0,146.0,184.0,20.0,164.0,0,1
正对着墙且距离墙最远.csv,124,center_far,far,steady,2.456,183.0,21.0,162.0,183.0,21.0,162.0,0,1
正对着墙且距离墙最远.csv,125,center_far,far,steady,2.476,185.0,20.0,165.0,183.0,21.0,162.0,0,1
正对着墙且距离墙最远.csv,126,center_far,far,steady,2.496,216.0,20.0,196.0,184.0,21.0,163.0,0,1
正对着墙且距离墙最远.csv,127,center_far,far,steady,2.517,216.0,20.0,196.0,185.0,21.0,164.0,0,1
正对着墙且距离墙最远.csv,128,center_far,far,steady,2.537,216.0,20.0,196.0,216.0,20.0,196.0,0,1
正对着墙且距离墙最远.csv,129,center_far,far,steady,2.557,183.0,20.0,163.0,216.0,20.0,196.0,0,1
正对着墙且距离墙最远.csv,130,center_far,far,steady,2.577,184.0,21.0,163.0,185.0,20.0,165.0,0,1
正对着墙且距离墙最远.csv,131,center_far,far,steady,2.597,41.0,34.0,7.0,184.0,20.0,164.0,0,1
正对着墙且距离墙最远.csv,132,center_far,far,steady,2.617,210.0,30.0,180.0,185.0,20.0,165.0,0,1
正对着墙且距离墙最远.csv,133,center_far,far,steady,2.637,493.0,20.0,473.0,210.0,20.0,190.0,0,1
正对着墙且距离墙最远.csv,134,center_far,far,steady,2.657,510.0,20.0,490.0,216.0,20.0,196.0,0,1
正对着墙且距离墙最远.csv,135,center_far,far,steady,2.677,167.0,20.0,147.0,210.0,20.0,190.0,0,1
正对着墙且距离墙最远.csv,136,center_far,far,steady,2.697,232.0,21.0,211.0,210.0,20.0,190.0,0,1
正对着墙且距离墙最远.csv,137,center_far,far,steady,2.718,83.0,19.0,64.0,184.0,20.0,164.0,0,1
正对着墙且距离墙最远.csv,138,center_far,far,steady,2.738,18.0,21.0,-3.0,184.0,21.0,163.0,0,1
正对着墙且距离墙最远.csv,139,center_far,far,steady,2.758,216.0,20.0,196.0,210.0,20.0,190.0,0,1
正对着墙且距离墙最远.csv,140,center_far,far,steady,2.778,16.0,20.0,-4.0,210.0,20.0,190.0,0,1
正对着墙且距离墙最远.csv,141,center_far,far,steady,2.798,151.0,20.0,131.0,167.0,20.0,147.0,0,1
正对着墙且距离墙最远.csv,142,center_far,far,steady,2.818,475.0,21.0,454.0,167.0,20.0,147.0,0,1
正对着墙且距离墙最远.csv,143,center_far,far,steady,2.838,544.0,19.0,525.0,167.0,20.0,147.0,0,1
正对着墙且距离墙最远.csv,144,center_far,far,steady,2.858,233.0,21.0,212.0,216.0,20.0,196.0,0,1
正对着墙且距离墙最远.csv,145,center_far,far,steady,2.878,233.0,20.0,213.0,216.0,20.0,196.0,0,1
正对着墙且距离墙最远.csv,146,center_far,far,steady,2.898,199.0,20.0,179.0,216.0,20.0,196.0,0,1
正对着墙且距离墙最远.csv,147,center_far,far,steady,2.919,26.0,20.0,6.0,216.0,20.0,196.0,0,1
正对着墙且距离墙最远.csv,148,center_far,far,steady,2.939,184.0,20.0,164.0,199.0,20.0,179.0,0,1
正对着墙且距离墙最远.csv,149,center_far,far,steady,2.959,168.0,21.0,147.0,199.0,20.0,179.0,0,1
正对着墙且距离墙最远.csv,150,center_far,far,steady,2.979,236.0,20.0,216.0,233.0,20.0,213.0,0,1
正对着墙且距离墙最远.csv,151,center_far,far,steady,2.999,215.0,19.0,196.0,215.0,20.0,195.0,0,1
正对着墙且距离墙最远.csv,152,center_far,far,steady,3.019,53.0,30.0,23.0,199.0,20.0,179.0,0,1
正对着墙且距离墙最远.csv,153,center_far,far,steady,3.039,167.0,20.0,147.0,184.0,20.0,164.0,0,1
正对着墙且距离墙最远.csv,154,center_far,far,steady,3.059,265.0,20.0,245.0,184.0,20.0,164.0,0,1
正对着墙且距离墙最远.csv,155,center_far,far,steady,3.079,167.0,20.0,147.0,168.0,20.0,148.0,0,1
正对着墙且距离墙最远.csv,156,center_far,far,steady,3.1,217.0,20.0,197.0,184.0,20.0,164.0,0,1
正对着墙且距离墙最远.csv,157,center_far,far,steady,3.12,250.0,20.0,230.0,215.0,20.0,195.0,0,1
正对着墙且距离墙最远.csv,158,center_far,far,steady,3.14,134.0,20.0,114.0,215.0,20.0,195.0,0,1
正对着墙且距离墙最远.csv,159,center_far,far,steady,3.16,182.0,20.0,162.0,182.0,20.0,162.0,0,1
正对着墙且距离墙最远.csv,160,center_far,far,steady,3.18,17.0,20.0,-3.0,167.0,20.0,147.0,0,1
正对着墙且距离墙最远.csv,161,center_far,far,steady,3.2,33.0,19.0,14.0,167.0,20.0,147.0,0,1
正对着墙且距离墙最远.csv,162,center_far,far,steady,3.22,216.0,21.0,195.0,182.0,20.0,162.0,0,1
正对着墙且距离墙最远.csv,163,center_far,far,steady,3.24,176.0,20.0,156.0,176.0,20.0,156.0,0,1
正对着墙且距离墙最远.csv,164,center_far,far,steady,3.26,149.0,20.0,129.0,176.0,20.0,156.0,0,1
正对着墙且距离墙最远.csv,165,center_far,far,steady,3.28,183.0,20.0,163.0,176.0,20.0,156.0,0,1
正对着墙且距离墙最远.csv,166,center_far,far,steady,3.301,379.0,20.0,359.0,176.0,20.0,156.0,0,1
正对着墙且距离墙最远.csv,167,center_far,far,steady,3.321,216.0,20.0,196.0,182.0,20.0,162.0,0,1
正对着墙且距离墙最远.csv,168,center_far,far,steady,3.341,224.0,19.0,205.0,183.0,20.0,163.0,0,1
正对着墙且距离墙最远.csv,169,center_far,far,steady,3.361,165.0,21.0,144.0,183.0,20.0,163.0,0,1
正对着墙且距离墙最远.csv,170,center_far,far,steady,3.381,16.0,29.0,-13.0,183.0,20.0,163.0,0,1
正对着墙且距离墙最远.csv,171,center_far,far,steady,3.401,183.0,20.0,163.0,183.0,20.0,163.0,0,1
正对着墙且距离墙最远.csv,172,center_far,far,steady,3.421,362.0,20.0,342.0,183.0,20.0,163.0,0,1
正对着墙且距离墙最远.csv,173,center_far,far,steady,3.441,241.0,24.0,217.0,216.0,20.0,196.0,0,1
正对着墙且距离墙最远.csv,174,center_far,far,steady,3.461,216.0,20.0,196.0,216.0,20.0,196.0,0,1
正对着墙且距离墙最远.csv,175,center_far,far,steady,3.482,167.0,21.0,146.0,216.0,20.0,196.0,0,1
正对着墙且距离墙最远.csv,176,center_far,far,steady,3.502,166.0,20.0,146.0,183.0,20.0,163.0,0,1
正对着墙且距离墙最远.csv,177,center_far,far,steady,3.522,281.0,20.0,261.0,183.0,20.0,163.0,0,1
正对着墙且距离墙最远.csv,178,center_far,far,steady,3.542,233.0,20.0,213.0,216.0,20.0,196.0,0,1
正对着墙且距离墙最远.csv,179,center_far,far,steady,3.562,217.0,20.0,197.0,217.0,20.0,197.0,0,1
正对着墙且距离墙最远.csv,180,center_far,far,steady,3.582,215.0,20.0,195.0,217.0,20.0,197.0,0,1
正对着墙且距离墙最远.csv,181,center_far,far,steady,3.602,134.0,20.0,114.0,216.0,20.0,196.0,0,1
正对着墙且距离墙最远.csv,182,center_far,far,steady,3.622,167.0,20.0,147.0,215.0,20.0,195.0,0,1
正对着墙且距离墙最远.csv,183,center_far,far,steady,3.642,183.0,21.0,162.0,183.0,20.0,163.0,0,1
正对着墙且距离墙最远.csv,184,center_far,far,steady,3.663,117.0,20.0,97.0,183.0,20.0,163.0,0,1
正对着墙且距离墙最远.csv,185,center_far,far,steady,3.683,216.0,20.0,196.0,215.0,20.0,195.0,0,1
正对着墙且距离墙最远.csv,186,center_far,far,steady,3.703,445.0,20.0,425.0,215.0,20.0,195.0,0,1
正对着墙且距离墙最远.csv,187,center_far,far,steady,3.723,592.0,21.0,571.0,215.0,20.0,195.0,0,1
正对着墙且距离墙最远.csv,188,center_far,far,steady,3.743,183.0,19.0,164.0,183.0,20.0,163.0,0,1
正对着墙且距离墙最远.csv,189,center_far,far,steady,3.763,298.0,20.0,278.0,183.0,20.0,163.0,0,1
正对着墙且距离墙最远.csv,190,center_far,far,steady,3.783,117.0,22.0,95.0,183.0,20.0,163.0,0,1
正对着墙且距离墙最远.csv,191,center_far,far,steady,3.803,233.0,20.0,213.0,216.0,20.0,196.0,0,1
正对着墙且距离墙最远.csv,192,center_far,far,steady,3.823,217.0,21.0,196.0,217.0,20.0,197.0,0,1
正对着墙且距离墙最远.csv,193,center_far,far,steady,3.844,17.0,21.0,-4.0,217.0,20.0,197.0,0,1
正对着墙且距离墙最远.csv,194,center_far,far,steady,3.864,174.0,19.0,155.0,217.0,20.0,197.0,0,1
正对着墙且距离墙最远.csv,195,center_far,far,steady,3.884,476.0,30.0,446.0,217.0,21.0,196.0,0,1
正对着墙且距离墙最远.csv,196,center_far,far,steady,3.904,346.0,20.0,326.0,217.0,20.0,197.0,0,1
正对着墙且距离墙最远.csv,197,center_far,far,steady,3.924,217.0,20.0,197.0,217.0,20.0,197.0,0,1
正对着墙且距离墙最远.csv,198,center_far,far,steady,3.944,216.0,20.0,196.0,217.0,20.0,197.0,0,1
正对着墙且距离墙最远.csv,199,center_far,far,steady,3.964,158.0,20.0,138.0,217.0,20.0,197.0,0,1
正对着墙且距离墙最远.csv,200,center_far,far,steady,3.984,183.0,20.0,163.0,216.0,20.0,196.0,0,1
正对着墙且距离墙最远.csv,201,center_far,far,steady,4.004,184.0,20.0,164.0,184.0,20.0,164.0,0,1
正对着墙且距离墙最远.csv,202,center_far,far,steady,4.025,234.0,20.0,214.0,216.0,20.0,196.0,0,1
正对着墙且距离墙最远.csv,203,center_far,far,steady,4.045,232.0,20.0,212.0,217.0,20.0,197.0,0,1
正对着墙且距离墙最远.csv,204,center_far,far,steady,4.065,125.0,21.0,104.0,216.0,20.0,196.0,0,1
正对着墙且距离墙最远.csv,205,center_far,far,steady,4.085,17.0,21.0,-4.0,184.0,20.0,164.0,0,1
正对着墙且距离墙最远.csv,206,center_far,far,steady,4.105,168.0,20.0,148.0,183.0,20.0,163.0,0,1
正对着墙且距离墙最远.csv,207,center_far,far,steady,4.125,410.0,21.0,389.0,183.0,20.0,163.0,0,1
正对着墙且距离墙最远.csv,208,center_far,far,steady,4.145,234.0,20.0,214.0,184.0,20.0,164.0,0,1
正对着墙且距离墙最远.csv,209,center_far,far,steady,4.165,217.0,20.0,197.0,217.0,20.0,197.0,0,1
正对着墙且距离墙最远.csv,210,center_far,far,steady,4.185,428.0,20.0,408.0,232.0,20.0,212.0,0,1
正对着墙且距离墙最远.csv,211,center_far,far,steady,4.206,117.0,21.0,96.0,217.0,20.0,197.0,0,1
正对着墙且距离墙最远.csv,212,center_far,far,steady,4.226,225.0,20.0,205.0,217.0,20.0,197.0,0,1
正对着墙且距离墙最远.csv,213,center_far,far,steady,4.246,17.0,20.0,-3.0,217.0,20.0,197.0,0,1
正对着墙且距离墙最远.csv,214,center_far,far,steady,4.266,16.0,20.0,-4.0,217.0,20.0,197.0,0,1
正对着墙且距离墙最远.csv,215,center_far,far,steady,4.286,201.0,20.0,181.0,217.0,20.0,197.0,0,1
正对着墙且距离墙最远.csv,216,center_far,far,steady,4.306,149.0,21.0,128.0,201.0,20.0,181.0,0,1
正对着墙且距离墙最远.csv,217,center_far,far,steady,4.326,184.0,26.0,158.0,184.0,20.0,164.0,0,1
正对着墙且距离墙最远.csv,218,center_far,far,steady,4.346,168.0,21.0,147.0,168.0,20.0,148.0,0,1
正对着墙且距离墙最远.csv,219,center_far,far,steady,4.367,234.0,21.0,213.0,168.0,21.0,147.0,0,1
正对着墙且距离墙最远.csv,220,center_far,far,steady,4.387,226.0,21.0,205.0,184.0,21.0,163.0,0,1
正对着墙且距离墙最远.csv,221,center_far,far,steady,4.407,216.0,20.0,196.0,184.0,21.0,163.0,0,1
正对着墙且距离墙最远.csv,222,center_far,far,steady,4.427,183.0,20.0,163.0,184.0,21.0,163.0,0,1
正对着墙且距离墙最远.csv,223,center_far,far,steady,4.447,185.0,21.0,164.0,185.0,21.0,164.0,0,1
正对着墙且距离墙最远.csv,224,center_far,far,steady,4.467,184.0,20.0,164.0,184.0,21.0,163.0,0,1
正对着墙且距离墙最远.csv,225,center_far,far,steady,4.487,184.0,21.0,163.0,184.0,21.0,163.0,0,1
正对着墙且距离墙最远.csv,226,center_far,far,steady,4.507,232.0,20.0,212.0,185.0,21.0,164.0,0,1
正对着墙且距离墙最远.csv,227,center_far,far,steady,4.527,217.0,19.0,198.0,216.0,20.0,196.0,0,1
正对着墙且距离墙最远.csv,228,center_far,far,steady,4.548,102.0,20.0,82.0,185.0,20.0,165.0,0,1
正对着墙且距离墙最远.csv,229,center_far,far,steady,4.568,183.0,20.0,163.0,184.0,20.0,164.0,0,1
正对着墙且距离墙最远.csv,230,center_far,far,steady,4.588,565.0,20.0,545.0,184.0,20.0,164.0,0,1
正对着墙且距离墙最远.csv,231,center_far,far,steady,4.608,167.0,21.0,146.0,184.0,20.0,164.0,0,1
正对着墙且距离墙最远.csv,232,center_far,far,steady,4.628,199.0,20.0,179.0,184.0,20.0,164.0,0,1
正对着墙且距离墙最远.csv,233,center_far,far,steady,4.648,217.0,23.0,194.0,199.0,20.0,179.0,0,1
正对着墙且距离墙最远.csv,234,center_far,far,steady,4.668,16.0,20.0,-4.0,199.0,20.0,179.0,0,1
正对着墙且距离墙最远.csv,235,center_far,far,steady,4.688,170.0,22.0,148.0,183.0,20.0,163.0,0,1
正对着墙且距离墙最远.csv,236,center_far,far,steady,4.708,168.0,21.0,147.0,170.0,20.0,150.0,0,1
正对着墙且距离墙最远.csv,237,center_far,far,steady,4.728,330.0,20.0,310.0,183.0,20.0,163.0,0,1
正对着墙且距离墙最远.csv,238,center_far,far,steady,4.749,221.0,32.0,189.0,199.0,21.0,178.0,0,1
正对着墙且距离墙最远.csv,239,center_far,far,steady,4.769,542.0,20.0,522.0,199.0,21.0,178.0,0,1
正对着墙且距离墙最远.csv,240,center_far,far,steady,4.789,428.0,20.0,408.0,217.0,20.0,197.0,0,1
正对着墙且距离墙最远.csv,241,center_far,far,steady,4.809,183.0,21.0,162.0,217.0,21.0,196.0,0,1
正对着墙且距离墙最远.csv,242,center_far,far,steady,4.829,184.0,20.0,164.0,184.0,20.0,164.0,0,1
正对着墙且距离墙最远.csv,243,center_far,far,steady,4.849,188.0,20.0,168.0,188.0,20.0,168.0,0,1
正对着墙且距离墙最远.csv,244,center_far,far,steady,4.869,216.0,20.0,196.0,216.0,20.0,196.0,0,1
正对着墙且距离墙最远.csv,245,center_far,far,steady,4.889,150.0,20.0,130.0,216.0,20.0,196.0,0,1
正对着墙且距离墙最远.csv,246,center_far,far,steady,4.909,233.0,20.0,213.0,216.0,20.0,196.0,0,1
正对着墙且距离墙最远.csv,247,center_far,far,steady,4.93,183.0,20.0,163.0,188.0,20.0,168.0,0,1
正对着墙且距离墙最远.csv,248,center_far,far,steady,4.95,188.0,20.0,168.0,188.0,20.0,168.0,0,1
正对着墙且距离墙最远.csv,249,center_far,far,steady,4.97,134.0,20.0,114.0,184.0,20.0,164.0,0,1
正对着墙且距离墙最远.csv,250,center_far,far,steady,4.99,217.0,21.0,196.0,188.0,20.0,168.0,0,1
正对着墙且距离墙最远.csv,251,center_far,far,steady,5.01,323.0,20.0,303.0,188.0,20.0,168.0,0,1
正对着墙且距离墙最远.csv,252,center_far,far,steady,5.03,182.0,20.0,162.0,188.0,20.0,168.0,0,1
正对着墙且距离墙最远.csv,253,center_far,far,steady,5.05,460.0,18.0,442.0,188.0,20.0,168.0,0,1
正对着墙且距离墙最远.csv,254,center_far,far,steady,5.07,249.0,20.0,229.0,217.0,20.0,197.0,0,1
正对着墙且距离墙最远.csv,255,center_far,far,steady,5.09,200.0,22.0,178.0,200.0,20.0,180.0,0,1
正对着墙且距离墙最远.csv,256,center_far,far,steady,5.111,223.0,21.0,202.0,217.0,20.0,197.0,0,1
正对着墙且距离墙最远.csv,257,center_far,far,steady,5.131,17.0,21.0,-4.0,217.0,20.0,197.0,0,1
正对着墙且距离墙最远.csv,258,center_far,far,steady,5.151,17.0,20.0,-3.0,217.0,20.0,197.0,0,1
正对着墙且距离墙最远.csv,259,center_far,far,steady,5.171,184.0,20.0,164.0,200.0,20.0,180.0,0,1
正对着墙且距离墙最远.csv,260,center_far,far,steady,5.191,347.0,32.0,315.0,200.0,20.0,180.0,0,1
正对着墙且距离墙最远.csv,261,center_far,far,steady,5.211,215.0,25.0,190.0,215.0,21.0,194.0,0,1
正对着墙且距离墙最远.csv,262,center_far,far,steady,5.231,185.0,32.0,153.0,200.0,21.0,179.0,0,1
正对着墙且距离墙最远.csv,263,center_far,far,steady,5.251,411.0,19.0,392.0,200.0,21.0,179.0,0,1
正对着墙且距离墙最远.csv,264,center_far,far,steady,5.272,167.0,20.0,147.0,185.0,21.0,164.0,0,1
正对着墙且距离墙最远.csv,265,center_far,far,steady,5.292,183.0,20.0,163.0,184.0,20.0,164.0,0,1
正对着墙且距离墙最远.csv,266,center_far,far,steady,5.312,41.0,20.0,21.0,184.0,20.0,164.0,0,1
正对着墙且距离墙最远.csv,267,center_far,far,steady,5.333,33.0,21.0,12.0,184.0,20.0,164.0,0,1
正对着墙且距离墙最远.csv,268,center_far,far,steady,5.353,218.0,20.0,198.0,185.0,20.0,165.0,0,1
正对着墙且距离墙最远.csv,269,center_far,far,steady,5.373,347.0,20.0,327.0,185.0,20.0,165.0,0,1
正对着墙且距离墙最远.csv,270,center_far,far,steady,5.393,184.0,20.0,164.0,184.0,20.0,164.0,0,1
正对着墙且距离墙最远.csv,271,center_far,far,steady,5.413,185.0,21.0,164.0,184.0,20.0,164.0,0,1
正对着墙且距离墙最远.csv,272,center_far,far,steady,5.433,235.0,21.0,214.0,184.0,20.0,164.0,0,1
正对着墙且距离墙最远.csv,273,center_far,far,steady,5.453,216.0,20.0,196.0,185.0,20.0,165.0,0,1
正对着墙且距离墙最远.csv,274,center_far,far,steady,5.474,315.0,21.0,294.0,216.0,20.0,196.0,0,1
正对着墙且距离墙最远.csv,275,center_far,far,steady,5.494,219.0,21.0,198.0,218.0,21.0,197.0,0,1
正对着墙且距离墙最远.csv,276,center_far,far,steady,5.514,183.0,21.0,162.0,218.0,21.0,197.0,0,1
正对着墙且距离墙最远.csv,277,center_far,far,steady,5.534,184.0,21.0,163.0,216.0,21.0,195.0,0,1
正对着墙且距离墙最远.csv,278,center_far,far,steady,5.554,151.0,28.0,123.0,185.0,21.0,164.0,0,1
正对着墙且距离墙最远.csv,279,center_far,far,steady,5.574,217.0,21.0,196.0,216.0,21.0,195.0,0,1
正对着墙且距离墙最远.csv,280,center_far,far,steady,5.594,185.0,20.0,165.0,216.0,21.0,195.0,0,1
正对着墙且距离墙最远.csv,281,center_far,far,steady,5.614,251.0,31.0,220.0,216.0,21.0,195.0,0,1
正对着墙且距离墙最远.csv,282,center_far,far,steady,5.634,183.0,20.0,163.0,185.0,21.0,164.0,0,1
正对着墙且距离墙最远.csv,283,center_far,far,steady,5.655,591.0,20.0,571.0,185.0,21.0,164.0,0,1
正对着墙且距离墙最远.csv,284,center_far,far,steady,5.675,560.0,20.0,540.0,185.0,21.0,164.0,0,1
正对着墙且距离墙最远.csv,285,center_far,far,steady,5.695,217.0,20.0,197.0,217.0,20.0,197.0,0,1
正对着墙且距离墙最远.csv,286,center_far,far,steady,5.715,283.0,20.0,263.0,217.0,20.0,197.0,0,1
正对着墙且距离墙最远.csv,287,center_far,far,steady,5.736,18.0,21.0,-3.0,217.0,20.0,197.0,0,1
正对着墙且距离墙最远.csv,288,center_far,far,steady,5.756,17.0,20.0,-3.0,217.0,20.0,197.0,0,1
正对着墙且距离墙最远.csv,289,center_far,far,steady,5.777,186.0,21.0,165.0,217.0,20.0,197.0,0,1
正对着墙且距离墙最远.csv,290,center_far,far,steady,5.797,118.0,20.0,98.0,186.0,20.0,166.0,0,1
正对着墙且距离墙最远.csv,291,center_far,far,steady,5.817,215.0,20.0,195.0,215.0,20.0,195.0,0,1
正对着墙且距离墙最远.csv,292,center_far,far,steady,5.838,445.0,20.0,425.0,215.0,20.0,195.0,0,1
正对着墙且距离墙最远.csv,293,center_far,far,steady,5.858,217.0,20.0,197.0,215.0,20.0,195.0,0,1
正对着墙且距离墙最远.csv,294,center_far,far,steady,5.878,183.0,21.0,162.0,186.0,20.0,166.0,0,1
正对着墙且距离墙最远.csv,295,center_far,far,steady,5.898,184.0,20.0,164.0,184.0,20.0,164.0,0,1
正对着墙且距离墙最远.csv,296,center_far,far,steady,5.918,232.0,20.0,212.0,186.0,20.0,166.0,0,1
正对着墙且距离墙最远.csv,297,center_far,far,steady,5.938,218.0,31.0,187.0,215.0,20.0,195.0,0,1
正对着墙且距离墙最远.csv,298,center_far,far,steady,5.958,168.0,20.0,148.0,215.0,20.0,195.0,0,1
正对着墙且距离墙最远.csv,299,center_far,far,steady,5.978,184.0,20.0,164.0,215.0,20.0,195.0,0,1
正对着墙且距离墙最远.csv,300,center_far,far,steady,5.998,182.0,20.0,162.0,184.0,20.0,164.0,0,1
正对着墙且距离墙最远.csv,301,center_far,far,steady,6.018,69.0,21.0,48.0,184.0,20.0,164.0,0,1
正对着墙且距离墙最远.csv,302,center_far,far,steady,6.039,42.0,20.0,22.0,183.0,20.0,163.0,0,1
正对着墙且距离墙最远.csv,303,center_far,far,steady,6.059,217.0,20.0,197.0,184.0,20.0,164.0,0,1
正对着墙且距离墙最远.csv,304,center_far,far,steady,6.079,363.0,20.0,343.0,184.0,20.0,164.0,0,1
正对着墙且距离墙最远.csv,305,center_far,far,steady,6.099,183.0,20.0,163.0,183.0,20.0,163.0,0,1
正对着墙且距离墙最远.csv,306,center_far,far,steady,6.119,184.0,20.0,164.0,183.0,20.0,163.0,0,1
正对着墙且距离墙最远.csv,307,center_far,far,steady,6.139,476.0,19.0,457.0,184.0,20.0,164.0,0,1
正对着墙且距离墙最远.csv,308,center_far,far,steady,6.159,183.0,20.0,163.0,183.0,20.0,163.0,0,1
正对着墙且距离墙最远.csv,309,center_far,far,steady,6.179,346.0,20.0,326.0,184.0,20.0,164.0,0,1
正对着墙且距离墙最远.csv,310,center_far,far,steady,6.199,167.0,20.0,147.0,184.0,20.0,164.0,0,1
正对着墙且距离墙最远.csv,311,center_far,far,steady,6.219,17.0,20.0,-3.0,184.0,20.0,164.0,0,1
正对着墙且距离墙最远.csv,312,center_far,far,steady,6.239,168.0,20.0,148.0,183.0,20.0,163.0,0,1
正对着墙且距离墙最远.csv,313,center_far,far,steady,6.26,167.0,32.0,135.0,183.0,20.0,163.0,0,1
正对着墙且距离墙最远.csv,314,center_far,far,steady,6.28,200.0,29.0,171.0,183.0,20.0,163.0,0,1
正对着墙且距离墙最远.csv,315,center_far,far,steady,6.3,168.0,20.0,148.0,168.0,20.0,148.0,0,1
正对着墙且距离墙最远.csv,316,center_far,far,steady,6.32,249.0,20.0,229.0,168.0,20.0,148.0,0,1
正对着墙且距离墙最远.csv,317,center_far,far,steady,6.34,182.0,20.0,162.0,168.0,20.0,148.0,0,1
正对着墙且距离墙最远.csv,318,center_far,far,steady,6.36,166.0,21.0,145.0,168.0,20.0,148.0,0,1
正对着墙且距离墙最远.csv,319,center_far,far,steady,6.38,217.0,21.0,196.0,168.0,20.0,148.0,0,1
正对着墙且距离墙最远.csv,320,center_far,far,steady,6.4,200.0,20.0,180.0,182.0,20.0,162.0,0,1
正对着墙且距离墙最远.csv,321,center_far,far,steady,6.42,176.0,20.0,156.0,182.0,20.0,162.0,0,1
正对着墙且距离墙最远.csv,322,center_far,far,steady,6.44,183.0,20.0,163.0,183.0,20.0,163.0,0,1
正对着墙且距离墙最远.csv,323,center_far,far,steady,6.46,183.0,21.0,162.0,183.0,20.0,163.0,0,1
正对着墙且距离墙最远.csv,324,center_far,far,steady,6.48,217.0,20.0,197.0,183.0,20.0,163.0,0,1
正对着墙且距离墙最远.csv,325,center_far,far,steady,6.501,118.0,26.0,92.0,183.0,20.0,163.0,0,1
正对着墙且距离墙最远.csv,326,center_far,far,steady,6.521,210.0,33.0,177.0,183.0,21.0,162.0,0,1
正对着墙且距离墙最远.csv,327,center_far,far,steady,6.541,560.0,20.0,540.0,200.0,20.0,180.0,0,1
正对着墙且距离墙最远.csv,328,center_far,far,steady,6.561,460.0,21.0,439.0,200.0,20.0,180.0,0,1
正对着墙且距离墙最远.csv,329,center_far,far,steady,6.581,183.0,20.0,163.0,183.0,20.0,163.0,0,1
正对着墙且距离墙最远.csv,330,center_far,far,steady,6.601,216.0,20.0,196.0,210.0,20.0,190.0,0,1
正对着墙且距离墙最远.csv,331,center_far,far,steady,6.621,84.0,20.0,64.0,210.0,20.0,190.0,0,1
正对着墙且距离墙最远.csv,332,center_far,far,steady,6.641,216.0,20.0,196.0,216.0,20.0,196.0,0,1
正对着墙且距离墙最远.csv,333,center_far,far,steady,6.661,168.0,21.0,147.0,210.0,20.0,190.0,0,1
正对着墙且距离墙最远.csv,334,center_far,far,steady,6.681,84.0,21.0,63.0,210.0,20.0,190.0,0,1
正对着墙且距离墙最远.csv,335,center_far,far,steady,6.701,166.0,19.0,147.0,183.0,20.0,163.0,0,1
正对着墙且距离墙最远.csv,336,center_far,far,steady,6.721,558.0,20.0,538.0,183.0,20.0,163.0,0,1
正对着墙且距离墙最远.csv,337,center_far,far,steady,6.742,444.0,20.0,424.0,183.0,20.0,163.0,0,1
正对着墙且距离墙最远.csv,338,center_far,far,steady,6.762,183.0,20.0,163.0,183.0,20.0,163.0,0,1
正对着墙且距离墙最远.csv,339,center_far,far,steady,6.782,183.0,20.0,163.0,183.0,20.0,163.0,0,1
正对着墙且距离墙最远.csv,340,center_far,far,steady,6.802,51.0,20.0,31.0,183.0,20.0,163.0,0,1
正对着墙且距离墙最远.csv,341,center_far,far,steady,6.822,183.0,21.0,162.0,183.0,20.0,163.0,0,1
正对着墙且距离墙最远.csv,342,center_far,far,steady,6.842,214.0,33.0,181.0,183.0,20.0,163.0,0,1
正对着墙且距离墙最远.csv,343,center_far,far,steady,6.862,264.0,20.0,244.0,183.0,20.0,163.0,0,1
正对着墙且距离墙最远.csv,344,center_far,far,steady,6.882,166.0,21.0,145.0,183.0,20.0,163.0,0,1
正对着墙且距离墙最远.csv,345,center_far,far,steady,6.902,166.0,20.0,146.0,183.0,20.0,163.0,0,1
正对着墙且距离墙最远.csv,346,center_far,far,steady,6.923,117.0,21.0,96.0,183.0,20.0,163.0,0,1
正对着墙且距离墙最远.csv,347,center_far,far,steady,6.943,200.0,21.0,179.0,183.0,21.0,162.0,0,1
正对着墙且距离墙最远.csv,348,center_far,far,steady,6.963,443.0,20.0,423.0,183.0,21.0,162.0,0,1
正对着墙且距离墙最远.csv,349,center_far,far,steady,6.983,200.0,20.0,180.0,200.0,21.0,179.0,0,1
正对着墙且距离墙最远.csv,350,center_far,far,steady,7.003,183.0,19.0,164.0,200.0,20.0,180.0,0,1
正对着墙且距离墙最远.csv,351,center_far,far,steady,7.023,183.0,20.0,163.0,183.0,20.0,163.0,0,1
正对着墙且距离墙最远.csv,352,center_far,far,steady,7.043,117.0,20.0,97.0,183.0,20.0,163.0,0,1
正对着墙且距离墙最远.csv,353,center_far,far,steady,7.063,200.0,20.0,180.0,183.0,20.0,163.0,0,1
正对着墙且距离墙最远.csv,354,center_far,far,steady,7.083,20.0,20.0,0.0,183.0,20.0,163.0,0,1
正对着墙且距离墙最远.csv,355,center_far,far,steady,7.104,184.0,20.0,164.0,184.0,20.0,164.0,0,1
正对着墙且距离墙最远.csv,356,center_far,far,steady,7.124,167.0,20.0,147.0,183.0,20.0,163.0,0,1
正对着墙且距离墙最远.csv,357,center_far,far,steady,7.144,499.0,20.0,479.0,183.0,20.0,163.0,0,1
正对着墙且距离墙最远.csv,358,center_far,far,steady,7.164,183.0,20.0,163.0,183.0,20.0,163.0,0,1
正对着墙且距离墙最远.csv,359,center_far,far,steady,7.184,234.0,20.0,214.0,183.0,20.0,163.0,0,1
正对着墙且距离墙最远.csv,360,center_far,far,steady,7.204,266.0,21.0,245.0,184.0,20.0,164.0,0,1
正对着墙且距离墙最远.csv,361,center_far,far,steady,7.224,68.0,20.0,48.0,184.0,20.0,164.0,0,1
正对着墙且距离墙最远.csv,362,center_far,far,steady,7.244,175.0,21.0,154.0,183.0,20.0,163.0,0,1
正对着墙且距离墙最远.csv,363,center_far,far,steady,7.265,18.0,26.0,-8.0,183.0,20.0,163.0,0,1
正对着墙且距离墙最远.csv,364,center_far,far,steady,7.285,265.0,21.0,244.0,183.0,20.0,163.0,0,1
正对着墙且距离墙最远.csv,365,center_far,far,steady,7.305,233.0,20.0,213.0,233.0,20.0,213.0,0,1
正对着墙且距离墙最远.csv,366,center_far,far,steady,7.325,427.0,20.0,407.0,233.0,20.0,213.0,0,1
正对着墙且距离墙最远.csv,367,center_far,far,steady,7.345,216.0,20.0,196.0,233.0,20.0,213.0,0,1
正对着墙且距离墙最远.csv,368,center_far,far,steady,7.365,183.0,20.0,163.0,216.0,20.0,196.0,0,1
正对着墙且距离墙最远.csv,369,center_far,far,steady,7.385,183.0,20.0,163.0,183.0,20.0,163.0,0,1
正对着墙且距离墙最远.csv,370,center_far,far,steady,7.405,193.0,20.0,173.0,193.0,20.0,173.0,0,1
正对着墙且距离墙最远.csv,371,center_far,far,steady,7.425,313.0,20.0,293.0,216.0,20.0,196.0,0,1
正对着墙且距离墙最远.csv,372,center_far,far,steady,7.446,199.0,20.0,179.0,216.0,20.0,196.0,0,1
正对着墙且距离墙最远.csv,373,center_far,far,steady,7.466,117.0,20.0,97.0,199.0,20.0,179.0,0,1
正对着墙且距离墙最远.csv,374,center_far,far,steady,7.486,184.0,21.0,163.0,193.0,20.0,173.0,0,1
正对着墙且距离墙最远.csv,375,center_far,far,steady,7.506,25.0,20.0,5.0,184.0,20.0,164.0,0,1
正对着墙且距离墙最远.csv,376,center_far,far,steady,7.526,191.0,20.0,171.0,184.0,20.0,164.0,0,1
正对着墙且距离墙最远.csv,377,center_far,far,steady,7.546,200.0,20.0,180.0,191.0,20.0,171.0,0,1
正对着墙且距离墙最远.csv,378,center_far,far,steady,7.566,624.0,19.0,605.0,193.0,20.0,173.0,0,1
正对着墙且距离墙最远.csv,379,center_far,far,steady,7.586,149.0,20.0,129.0,191.0,20.0,171.0,0,1
正对着墙且距离墙最远.csv,380,center_far,far,steady,7.606,600.0,20.0,580.0,191.0,20.0,171.0,0,1
正对着墙且距离墙最远.csv,381,center_far,far,steady,7.627,150.0,20.0,130.0,184.0,20.0,164.0,0,1
正对着墙且距离墙最远.csv,382,center_far,far,steady,7.647,150.0,19.0,131.0,184.0,20.0,164.0,0,1
正对着墙且距离墙最远.csv,383,center_far,far,steady,7.667,217.0,20.0,197.0,191.0,20.0,171.0,0,1
正对着墙且距离墙最远.csv,384,center_far,far,steady,7.687,17.0,21.0,-4.0,191.0,20.0,171.0,0,1
正对着墙且距离墙最远.csv,385,center_far,far,steady,7.707,158.0,24.0,134.0,158.0,20.0,138.0,0,1
正对着墙且距离墙最远.csv,386,center_far,far,steady,7.727,184.0,20.0,164.0,158.0,20.0,138.0,0,1
正对着墙且距离墙最远.csv,387,center_far,far,steady,7.747,428.0,21.0,407.0,158.0,20.0,138.0,0,1
正对着墙且距离墙最远.csv,388,center_far,far,steady,7.767,233.0,20.0,213.0,184.0,20.0,164.0,0,1
正对着墙且距离墙最远.csv,389,center_far,far,steady,7.787,378.0,20.0,358.0,184.0,20.0,164.0,0,1
正对着墙且距离墙最远.csv,390,center_far,far,steady,7.807,150.0,23.0,127.0,184.0,20.0,164.0,0,1
正对着墙且距离墙最远.csv,391,center_far,far,steady,7.828,165.0,20.0,145.0,184.0,20.0,164.0,0,1
正对着墙且距离墙最远.csv,392,center_far,far,steady,7.848,166.0,21.0,145.0,166.0,21.0,145.0,0,1
正对着墙且距离墙最远.csv,393,center_far,far,steady,7.868,184.0,20.0,164.0,184.0,20.0,164.0,0,1
正对着墙且距离墙最远.csv,394,center_far,far,steady,7.888,232.0,20.0,212.0,184.0,20.0,164.0,0,1
正对着墙且距离墙最远.csv,395,center_far,far,steady,7.908,215.0,20.0,195.0,215.0,20.0,195.0,0,1
正对着墙且距离墙最远.csv,396,center_far,far,steady,7.928,102.0,20.0,82.0,184.0,20.0,164.0,0,1
正对着墙且距离墙最远.csv,397,center_far,far,steady,7.948,166.0,20.0,146.0,166.0,20.0,146.0,0,1
正对着墙且距离墙最远.csv,398,center_far,far,steady,7.968,21.0,20.0,1.0,166.0,20.0,146.0,0,1
正对着墙且距离墙最远.csv,399,center_far,far,steady,7.988,411.0,20.0,391.0,166.0,20.0,146.0,0,1
正对着墙且距离墙最远.csv,400,center_far,far,steady,8.009,216.0,19.0,197.0,184.0,20.0,164.0,0,1
正对着墙且距离墙最远.csv,401,center_far,far,steady,8.029,624.0,20.0,604.0,215.0,20.0,195.0,0,1
正对着墙且距离墙最远.csv,402,center_far,far,steady,8.049,149.0,21.0,128.0,215.0,20.0,195.0,0,1
正对着墙且距离墙最远.csv,403,center_far,far,steady,8.069,410.0,20.0,390.0,215.0,20.0,195.0,0,1
正对着墙且距离墙最远.csv,404,center_far,far,steady,8.089,199.0,20.0,179.0,199.0,20.0,179.0,0,1
正对着墙且距离墙最远.csv,405,center_far,far,steady,8.109,19.0,20.0,-1.0,199.0,20.0,179.0,0,1
正对着墙且距离墙最远.csv,406,center_far,far,steady,8.129,206.0,21.0,185.0,206.0,20.0,186.0,0,1
正对着墙且距离墙最远.csv,407,center_far,far,steady,8.149,19.0,32.0,-13.0,206.0,20.0,186.0,0,1
正对着墙且距离墙最远.csv,408,center_far,far,steady,8.169,233.0,20.0,213.0,206.0,20.0,186.0,0,1
正对着墙且距离墙最远.csv,409,center_far,far,steady,8.19,184.0,21.0,163.0,199.0,20.0,179.0,0,1
正对着墙且距离墙最远.csv,410,center_far,far,steady,8.21,607.0,20.0,587.0,199.0,20.0,179.0,0,1
正对着墙且距离墙最远.csv,411,center_far,far,steady,8.23,241.0,21.0,220.0,206.0,20.0,186.0,0,1
正对着墙且距离墙最远.csv,412,center_far,far,steady,8.25,217.0,20.0,197.0,206.0,20.0,186.0,0,1
正对着墙且距离墙最远.csv,413,center_far,far,steady,8.27,168.0,20.0,148.0,206.0,20.0,186.0,0,1
正对着墙且距离墙最远.csv,414,center_far,far,steady,8.29,100.0,20.0,80.0,206.0,20.0,186.0,0,1
正对着墙且距离墙最远.csv,415,center_far,far,steady,8.31,183.0,21.0,162.0,184.0,20.0,164.0,0,1
正对着墙且距离墙最远.csv,416,center_far,far,steady,8.33,127.0,21.0,106.0,184.0,20.0,164.0,0,1
正对着墙且距离墙最远.csv,417,center_far,far,steady,8.35,201.0,20.0,181.0,184.0,20.0,164.0,0,1
正对着墙且距离墙最远.csv,418,center_far,far,steady,8.37,217.0,20.0,197.0,201.0,20.0,181.0,0,1
正对着墙且距离墙最远.csv,419,center_far,far,steady,8.391,101.0,21.0,80.0,183.0,20.0,163.0,0,1
正对着墙且距离墙最远.csv,420,center_far,far,steady,8.411,183.0,20.0,163.0,183.0,20.0,163.0,0,1
正对着墙且距离墙最远.csv,421,center_far,far,steady,8.431,183.0,20.0,163.0,183.0,20.0,163.0,0,1
正对着墙且距离墙最远.csv,422,center_far,far,steady,8.451,476.0,20.0,456.0,183.0,20.0,163.0,0,1
正对着墙且距离墙最远.csv,423,center_far,far,steady,8.471,200.0,21.0,179.0,183.0,20.0,163.0,0,1
正对着墙且距离墙最远.csv,424,center_far,far,steady,8.491,395.0,21.0,374.0,200.0,20.0,180.0,0,1
正对着墙且距离墙最远.csv,425,center_far,far,steady,8.511,167.0,21.0,146.0,200.0,20.0,180.0,0,1
正对着墙且距离墙最远.csv,426,center_far,far,steady,8.531,84.0,19.0,65.0,183.0,20.0,163.0,0,1
正对着墙且距离墙最远.csv,427,center_far,far,steady,8.551,184.0,33.0,151.0,183.0,21.0,162.0,0,1
正对着墙且距离墙最远.csv,428,center_far,far,steady,8.572,16.0,30.0,-14.0,183.0,21.0,162.0,0,1
正对着墙且距离墙最远.csv,429,center_far,far,steady,8.592,216.0,21.0,195.0,184.0,21.0,163.0,0,1
正对着墙且距离墙最远.csv,430,center_far,far,steady,8.612,152.0,20.0,132.0,184.0,21.0,163.0,0,1
正对着墙且距离墙最远.csv,431,center_far,far,steady,8.632,461.0,20.0,441.0,184.0,21.0,163.0,0,1
正对着墙且距离墙最远.csv,432,center_far,far,steady,8.652,183.0,22.0,161.0,183.0,21.0,162.0,0,1
正对着墙且距离墙最远.csv,433,center_far,far,steady,8.672,542.0,20.0,522.0,183.0,21.0,162.0,0,1
正对着墙且距离墙最远.csv,434,center_far,far,steady,8.692,232.0,20.0,212.0,184.0,20.0,164.0,0,1
正对着墙且距离墙最远.csv,435,center_far,far,steady,8.712,183.0,20.0,163.0,184.0,20.0,164.0,0,1
正对着墙且距离墙最远.csv,436,center_far,far,steady,8.732,168.0,20.0,148.0,183.0,20.0,163.0,0,1
正对着墙且距离墙最远.csv,437,center_far,far,steady,8.752,17.0,20.0,-3.0,183.0,20.0,163.0,0,1
正对着墙且距离墙最远.csv,438,center_far,far,steady,8.773,182.0,20.0,162.0,183.0,20.0,163.0,0,1
正对着墙且距离墙最远.csv,439,center_far,far,steady,8.793,216.0,20.0,196.0,183.0,20.0,163.0,0,1
正对着墙且距离墙最远.csv,440,center_far,far,steady,8.813,330.0,19.0,311.0,183.0,20.0,163.0,0,1
正对着墙且距离墙最远.csv,441,center_far,far,steady,8.833,216.0,20.0,196.0,216.0,20.0,196.0,0,1
正对着墙且距离墙最远.csv,442,center_far,far,steady,8.853,168.0,20.0,148.0,183.0,20.0,163.0,0,1
正对着墙且距离墙最远.csv,443,center_far,far,steady,8.873,183.0,20.0,163.0,183.0,20.0,163.0,0,1
正对着墙且距离墙最远.csv,444,center_far,far,steady,8.893,184.0,20.0,164.0,183.0,20.0,163.0,0,1
正对着墙且距离墙最远.csv,445,center_far,far,steady,8.913,347.0,26.0,321.0,184.0,20.0,164.0,0,1
正对着墙且距离墙最远.csv,446,center_far,far,steady,8.933,215.0,21.0,194.0,215.0,20.0,195.0,0,1
正对着墙且距离墙最远.csv,447,center_far,far,steady,8.954,239.0,20.0,219.0,216.0,20.0,196.0,0,1
正对着墙且距离墙最远.csv,448,center_far,far,steady,8.974,184.0,20.0,164.0,215.0,20.0,195.0,0,1
正对着墙且距离墙最远.csv,449,center_far,far,steady,8.994,26.0,20.0,6.0,184.0,20.0,164.0,0,1
正对着墙且距离墙最远.csv,450,center_far,far,steady,9.014,183.0,29.0,154.0,184.0,20.0,164.0,0,1
正对着墙且距离墙最远.csv,451,center_far,far,steady,9.034,18.0,20.0,-2.0,184.0,20.0,164.0,0,1
正对着墙且距离墙最远.csv,452,center_far,far,steady,9.054,250.0,20.0,230.0,184.0,20.0,164.0,0,1
正对着墙且距离墙最远.csv,453,center_far,far,steady,9.074,185.0,21.0,164.0,185.0,20.0,165.0,0,1
正对着墙且距离墙最远.csv,454,center_far,far,steady,9.094,576.0,20.0,556.0,185.0,20.0,165.0,0,1
正对着墙且距离墙最远.csv,455,center_far,far,steady,9.114,166.0,20.0,146.0,184.0,20.0,164.0,0,1
正对着墙且距离墙最远.csv,456,center_far,far,steady,9.134,395.0,20.0,375.0,184.0,20.0,164.0,0,1
正对着墙且距离墙最远.csv,457,center_far,far,steady,9.155,216.0,20.0,196.0,185.0,20.0,165.0,0,1
正对着墙且距离墙最远.csv,458,center_far,far,steady,9.175,26.0,21.0,5.0,185.0,20.0,165.0,0,1
正对着墙且距离墙最远.csv,459,center_far,far,steady,9.195,199.0,20.0,179.0,199.0,20.0,179.0,0,1
正对着墙且距离墙最远.csv,460,center_far,far,steady,9.215,16.0,21.0,-5.0,199.0,20.0,179.0,0,1
正对着墙且距离墙最远.csv,461,center_far,far,steady,9.235,460.0,21.0,439.0,199.0,20.0,179.0,0,1
正对着墙且距离墙最远.csv,462,center_far,far,steady,9.255,184.0,21.0,163.0,199.0,20.0,179.0,0,1
正对着墙且距离墙最远.csv,463,center_far,far,steady,9.275,299.0,21.0,278.0,199.0,21.0,178.0,0,1
正对着墙且距离墙最远.csv,464,center_far,far,steady,9.295,216.0,21.0,195.0,216.0,21.0,195.0,0,1
正对着墙且距离墙最远.csv,465,center_far,far,steady,9.316,216.0,20.0,196.0,216.0,21.0,195.0,0,1
正对着墙且距离墙最远.csv,466,center_far,far,steady,9.336,184.0,20.0,164.0,199.0,21.0,178.0,0,1
正对着墙且距离墙最远.csv,467,center_far,far,steady,9.356,184.0,20.0,164.0,199.0,21.0,178.0,0,1
正对着墙且距离墙最远.csv,468,center_far,far,steady,9.377,183.0,20.0,163.0,184.0,21.0,163.0,0,1
正对着墙且距离墙最远.csv,469,center_far,far,steady,9.397,249.0,20.0,229.0,216.0,20.0,196.0,0,1
正对着墙且距离墙最远.csv,470,center_far,far,steady,9.417,117.0,32.0,85.0,184.0,20.0,164.0,0,1
正对着墙且距离墙最远.csv,471,center_far,far,steady,9.437,169.0,33.0,136.0,184.0,20.0,164.0,0,1
正对着墙且距离墙最远.csv,472,center_far,far,steady,9.458,17.0,29.0,-12.0,184.0,20.0,164.0,0,1
正对着墙且距离墙最远.csv,473,center_far,far,steady,9.478,192.0,20.0,172.0,184.0,20.0,164.0,0,1
正对着墙且距离墙最远.csv,474,center_far,far,steady,9.498,234.0,20.0,214.0,184.0,20.0,164.0,0,1
正对着墙且距离墙最远.csv,475,center_far,far,steady,9.518,608.0,20.0,588.0,184.0,20.0,164.0,0,1
正对着墙且距离墙最远.csv,476,center_far,far,steady,9.538,215.0,21.0,194.0,192.0,20.0,172.0,0,1
正对着墙且距离墙最远.csv,477,center_far,far,steady,9.558,380.0,20.0,360.0,215.0,20.0,195.0,0,1
正对着墙且距离墙最远.csv,478,center_far,far,steady,9.578,100.0,20.0,80.0,192.0,20.0,172.0,0,1
正对着墙且距离墙最远.csv,479,center_far,far,steady,9.598,17.0,20.0,-3.0,192.0,20.0,172.0,0,1
正对着墙且距离墙最远.csv,480,center_far,far,steady,9.618,233.0,20.0,213.0,215.0,20.0,195.0,0,1
正对着墙且距离墙最远.csv,481,center_far,far,steady,9.639,25.0,21.0,4.0,215.0,20.0,195.0,0,1
正对着墙且距离墙最远.csv,482,center_far,far,steady,9.659,200.0,20.0,180.0,215.0,20.0,195.0,0,1
正对着墙且距离墙最远.csv,483,center_far,far,steady,9.679,167.0,21.0,146.0,200.0,20.0,180.0,0,1
正对着墙且距离墙最远.csv,484,center_far,far,steady,9.699,560.0,20.0,540.0,200.0,20.0,180.0,0,1
正对着墙且距离墙最远.csv,485,center_far,far,steady,9.719,182.0,19.0,163.0,182.0,20.0,162.0,0,1
正对着墙且距离墙最远.csv,486,center_far,far,steady,9.739,258.0,20.0,238.0,182.0,20.0,162.0,0,1
正对着墙且距离墙最远.csv,487,center_far,far,steady,9.759,201.0,20.0,181.0,200.0,20.0,180.0,0,1
正对着墙且距离墙最远.csv,488,center_far,far,steady,9.779,151.0,20.0,131.0,200.0,20.0,180.0,0,1
正对着墙且距离墙最远.csv,489,center_far,far,steady,9.799,183.0,20.0,163.0,183.0,20.0,163.0,0,1
正对着墙且距离墙最远.csv,490,center_far,far,steady,9.819,184.0,21.0,163.0,184.0,20.0,164.0,0,1
正对着墙且距离墙最远.csv,491,center_far,far,steady,9.84,175.0,20.0,155.0,183.0,20.0,163.0,0,1
正对着墙且距离墙最远.csv,492,center_far,far,steady,9.86,217.0,31.0,186.0,184.0,20.0,164.0,0,1
正对着墙且距离墙最远.csv,493,center_far,far,steady,9.88,68.0,20.0,48.0,183.0,20.0,163.0,0,1
正对着墙且距离墙最远.csv,494,center_far,far,steady,9.9,166.0,28.0,138.0,183.0,20.0,163.0,0,1
正对着墙且距离墙最远.csv,495,center_far,far,steady,9.92,101.0,20.0,81.0,175.0,20.0,155.0,0,1
正对着墙且距离墙最远.csv,496,center_far,far,steady,9.94,575.0,20.0,555.0,175.0,20.0,155.0,0,1
正对着墙且距离墙最远.csv,497,center_far,far,steady,9.96,183.0,20.0,163.0,183.0,20.0,163.0,0,1
正对着墙且距离墙最远.csv,498,center_far,far,steady,9.98,443.0,20.0,423.0,183.0,20.0,163.0,0,1
正对着墙且距离墙最远.csv,499,center_far,far,steady,10.0,218.0,21.0,197.0,183.0,20.0,163.0,0,1
正对着墙且距离墙最远.csv,500,center_far,far,steady,10.021,216.0,21.0,195.0,216.0,20.0,196.0,0,1
正对着墙且距离墙最远.csv,501,center_far,far,steady,10.041,167.0,20.0,147.0,183.0,20.0,163.0,0,1
正对着墙且距离墙最远.csv,502,center_far,far,steady,10.061,16.0,20.0,-4.0,183.0,20.0,163.0,0,1
正对着墙且距离墙最远.csv,503,center_far,far,steady,10.081,184.0,21.0,163.0,184.0,20.0,164.0,0,1
正对着墙且距离墙最远.csv,504,center_far,far,steady,10.101,366.0,19.0,347.0,216.0,20.0,196.0,0,1
正对着墙且距离墙最远.csv,505,center_far,far,steady,10.121,608.0,20.0,588.0,216.0,20.0,196.0,0,1
正对着墙且距离墙最远.csv,506,center_far,far,steady,10.141,151.0,21.0,130.0,216.0,20.0,196.0,0,1
正对着墙且距离墙最远.csv,507,center_far,far,steady,10.161,363.0,20.0,343.0,216.0,20.0,196.0,0,1
正对着墙且距离墙最远.csv,508,center_far,far,steady,10.181,150.0,20.0,130.0,184.0,20.0,164.0,0,1
正对着墙且距离墙最远.csv,509,center_far,far,steady,10.201,183.0,24.0,159.0,183.0,20.0,163.0,0,1
正对着墙且距离墙最远.csv,510,center_far,far,steady,10.222,216.0,21.0,195.0,184.0,20.0,164.0,0,1
正对着墙且距离墙最远.csv,511,center_far,far,steady,10.242,117.0,20.0,97.0,184.0,20.0,164.0,0,1
正对着墙且距离墙最远.csv,512,center_far,far,steady,10.262,150.0,20.0,130.0,183.0,20.0,163.0,0,1
正对着墙且距离墙最远.csv,513,center_far,far,steady,10.282,266.0,21.0,245.0,183.0,20.0,163.0,0,1
正对着墙且距离墙最远.csv,514,center_far,far,steady,10.302,184.0,22.0,162.0,183.0,21.0,162.0,0,1
正对着墙且距离墙最远.csv,515,center_far,far,steady,10.322,218.0,31.0,187.0,184.0,21.0,163.0,0,1
正对着墙且距离墙最远.csv,516,center_far,far,steady,10.342,183.0,20.0,163.0,183.0,21.0,162.0,0,1
正对着墙且距离墙最远.csv,517,center_far,far,steady,10.362,215.0,20.0,195.0,184.0,21.0,163.0,0,1
正对着墙且距离墙最远.csv,518,center_far,far,steady,10.383,174.0,21.0,153.0,184.0,21.0,163.0,0,1
正对着墙且距离墙最远.csv,519,center_far,far,steady,10.403,299.0,20.0,279.0,184.0,20.0,164.0,0,1
正对着墙且距离墙最远.csv,520,center_far,far,steady,10.423,168.0,21.0,147.0,184.0,21.0,163.0,0,1
正对着墙且距离墙最远.csv,521,center_far,far,steady,10.443,184.0,20.0,164.0,184.0,21.0,163.0,0,1
正对着墙且距离墙最远.csv,522,center_far,far,steady,10.463,166.0,21.0,145.0,184.0,21.0,163.0,0,1
正对着墙且距离墙最远.csv,523,center_far,far,steady,10.483,17.0,21.0,-4.0,183.0,21.0,162.0,0,1
正对着墙且距离墙最远.csv,524,center_far,far,steady,10.503,152.0,21.0,131.0,174.0,21.0,153.0,0,1
正对着墙且距离墙最远.csv,525,center_far,far,steady,10.523,168.0,20.0,148.0,168.0,21.0,147.0,0,1
正对着墙且距离墙最远.csv,526,center_far,far,steady,10.543,183.0,20.0,163.0,168.0,21.0,147.0,0,1
正对着墙且距离墙最远.csv,527,center_far,far,steady,10.563,251.0,20.0,231.0,168.0,20.0,148.0,0,1
正对着墙且距离墙最远.csv,528,center_far,far,steady,10.584,561.0,21.0,540.0,168.0,21.0,147.0,0,1
正对着墙且距离墙最远.csv,529,center_far,far,steady,10.604,216.0,20.0,196.0,183.0,20.0,163.0,0,1
正对着墙且距离墙最远.csv,530,center_far,far,steady,10.624,217.0,33.0,184.0,183.0,21.0,162.0,0,1
正对着墙且距离墙最远.csv,531,center_far,far,steady,10.644,101.0,22.0,79.0,183.0,21.0,162.0,0,1
正对着墙且距离墙最远.csv,532,center_far,far,steady,10.664,16.0,20.0,-4.0,183.0,20.0,163.0,0,1
正对着墙且距离墙最远.csv,533,center_far,far,steady,10.684,233.0,21.0,212.0,216.0,20.0,196.0,0,1
正对着墙且距离墙最远.csv,534,center_far,far,steady,10.704,215.0,20.0,195.0,216.0,20.0,196.0,0,1
正对着墙且距离墙最远.csv,535,center_far,far,steady,10.724,217.0,21.0,196.0,217.0,21.0,196.0,0,1
正对着墙且距离墙最远.csv,536,center_far,far,steady,10.744,185.0,21.0,164.0,216.0,21.0,195.0,0,1
正对着墙且距离墙最远.csv,537,center_far,far,steady,10.764,167.0,19.0,148.0,215.0,21.0,194.0,0,1
正对着墙且距离墙最远.csv,538,center_far,far,steady,10.785,168.0,21.0,147.0,185.0,21.0,164.0,0,1
正对着墙且距离墙最远.csv,539,center_far,far,steady,10.805,200.0,21.0,179.0,185.0,21.0,164.0,0,1
正对着墙且距离墙最远.csv,540,center_far,far,steady,10.825,216.0,20.0,196.0,200.0,21.0,179.0,0,1
正对着墙且距离墙最远.csv,541,center_far,far,steady,10.845,216.0,21.0,195.0,215.0,21.0,194.0,0,1
正对着墙且距离墙最远.csv,542,center_far,far,steady,10.865,167.0,20.0,147.0,200.0,21.0,179.0,0,1
正对着墙且距离墙最远.csv,543,center_far,far,steady,10.885,167.0,21.0,146.0,185.0,21.0,164.0,0,1
正对着墙且距离墙最远.csv,544,center_far,far,steady,10.905,193.0,20.0,173.0,185.0,21.0,164.0,0,1
正对着墙且距离墙最远.csv,545,center_far,far,steady,10.925,234.0,21.0,213.0,193.0,21.0,172.0,0,1
正对着墙且距离墙最远.csv,546,center_far,far,steady,10.945,19.0,20.0,-1.0,193.0,21.0,172.0,0,1
正对着墙且距离墙最远.csv,547,center_far,far,steady,10.965,199.0,20.0,179.0,199.0,20.0,179.0,0,1
正对着墙且距离墙最远.csv,548,center_far,far,steady,10.985,362.0,20.0,342.0,199.0,20.0,179.0,0,1
正对着墙且距离墙最远.csv,549,center_far,far,steady,11.005,183.0,20.0,163.0,193.0,20.0,173.0,0,1
正对着墙且距离墙最远.csv,550,center_far,far,steady,11.025,184.0,20.0,164.0,184.0,20.0,164.0,0,1
正对着墙且距离墙最远.csv,551,center_far,far,steady,11.046,444.0,20.0,424.0,193.0,20.0,173.0,0,1
正对着墙且距离墙最远.csv,552,center_far,far,steady,11.066,183.0,20.0,163.0,193.0,20.0,173.0,0,1
正对着墙且距离墙最远.csv,553,center_far,far,steady,11.086,215.0,21.0,194.0,199.0,20.0,179.0,0,1
正对着墙且距离墙最远.csv,554,center_far,far,steady,11.106,167.0,20.0,147.0,184.0,20.0,164.0,0,1
正对着墙且距离墙最远.csv,555,center_far,far,steady,11.126,16.0,20.0,-4.0,184.0,20.0,164.0,0,1
正对着墙且距离墙最远.csv,556,center_far,far,steady,11.146,171.0,20.0,151.0,183.0,20.0,163.0,0,1
正对着墙且距离墙最远.csv,557,center_far,far,steady,11.166,460.0,20.0,440.0,183.0,20.0,163.0,0,1
正对着墙且距离墙最远.csv,558,center_far,far,steady,11.186,216.0,30.0,186.0,184.0,20.0,164.0,0,1
正对着墙且距离墙最远.csv,559,center_far,far,steady,11.206,151.0,30.0,121.0,183.0,20.0,163.0,0,1
正对着墙且距离墙最远.csv,560,center_far,far,steady,11.226,168.0,21.0,147.0,171.0,20.0,151.0,0,1
正对着墙且距离墙最远.csv,561,center_far,far,steady,11.246,167.0,20.0,147.0,168.0,20.0,148.0,0,1
正对着墙且距离墙最远.csv,562,center_far,far,steady,11.266,183.0,20.0,163.0,168.0,20.0,148.0,0,1
正对着墙且距离墙最远.csv,563,center_far,far,steady,11.287,217.0,20.0,197.0,171.0,20.0,151.0,0,1
正对着墙且距离墙最远.csv,564,center_far,far,steady,11.307,216.0,21.0,195.0,183.0,20.0,163.0,0,1
正对着墙且距离墙最远.csv,565,center_far,far,steady,11.327,150.0,20.0,130.0,183.0,20.0,163.0,0,1
正对着墙且距离墙最远.csv,566,center_far,far,steady,11.347,153.0,20.0,133.0,168.0,20.0,148.0,0,1
正对着墙且距离墙最远.csv,567,center_far,far,steady,11.367,17.0,21.0,-4.0,167.0,20.0,147.0,0,1
正对着墙且距离墙最远.csv,568,center_far,far,steady,11.387,233.0,20.0,213.0,168.0,20.0,148.0,0,1
正对着墙且距离墙最远.csv,569,center_far,far,steady,11.407,150.0,20.0,130.0,167.0,20.0,147.0,0,1
正对着墙且距离墙最远.csv,570,center_far,far,steady,11.427,199.0,21.0,178.0,183.0,20.0,163.0,0,1
正对着墙且距离墙最远.csv,571,center_far,far,steady,11.447,559.0,20.0,539.0,199.0,20.0,179.0,0,1
正对着墙且距离墙最远.csv,572,center_far,far,steady,11.467,444.0,20.0,424.0,199.0,20.0,179.0,0,1
正对着墙且距离墙最远.csv,573,center_far,far,steady,11.487,183.0,20.0,163.0,183.0,20.0,163.0,0,1
正对着墙且距离墙最远.csv,574,center_far,far,steady,11.507,282.0,20.0,262.0,199.0,20.0,179.0,0,1
正对着墙且距离墙最远.csv,575,center_far,far,steady,11.527,33.0,19.0,14.0,199.0,20.0,179.0,0,1
正对着墙且距离墙最远.csv,576,center_far,far,steady,11.548,16.0,20.0,-4.0,199.0,20.0,179.0,0,1
正对着墙且距离墙最远.csv,577,center_far,far,steady,11.568,183.0,21.0,162.0,183.0,20.0,163.0,0,1
正对着墙且距离墙最远.csv,578,center_far,far,steady,11.588,75.0,20.0,55.0,183.0,20.0,163.0,0,1
正对着墙且距离墙最远.csv,579,center_far,far,steady,11.608,183.0,20.0,163.0,183.0,20.0,163.0,0,1
正对着墙且距离墙最远.csv,580,center_far,far,steady,11.628,640.0,20.0,620.0,183.0,20.0,163.0,0,1
正对着墙且距离墙最远.csv,581,center_far,far,steady,11.648,346.0,20.0,326.0,183.0,20.0,163.0,0,1
正对着墙且距离墙最远.csv,582,center_far,far,steady,11.668,184.0,20.0,164.0,183.0,20.0,163.0,0,1
正对着墙且距离墙最远.csv,583,center_far,far,steady,11.688,167.0,20.0,147.0,183.0,20.0,163.0,0,1
正对着墙且距离墙最远.csv,584,center_far,far,steady,11.708,68.0,20.0,48.0,183.0,20.0,163.0,0,1
正对着墙且距离墙最远.csv,585,center_far,far,steady,11.728,119.0,32.0,87.0,183.0,20.0,163.0,0,1
正对着墙且距离墙最远.csv,586,center_far,far,steady,11.748,216.0,20.0,196.0,183.0,20.0,163.0,0,1
正对着墙且距离墙最远.csv,587,center_far,far,steady,11.768,217.0,20.0,197.0,184.0,20.0,164.0,0,1
正对着墙且距离墙最远.csv,588,center_far,far,steady,11.789,223.0,20.0,203.0,216.0,20.0,196.0,0,1
正对着墙且距离墙最远.csv,589,center_far,far,steady,11.809,116.0,21.0,95.0,184.0,20.0,164.0,0,1
正对着墙且距离墙最远.csv,590,center_far,far,steady,11.829,84.0,20.0,64.0,167.0,20.0,147.0,0,1
正对着墙且距离墙最远.csv,591,center_far,far,steady,11.849,182.0,21.0,161.0,167.0,20.0,147.0,0,1
正对着墙且距离墙最远.csv,592,center_far,far,steady,11.869,459.0,20.0,439.0,182.0,20.0,162.0,0,1
正对着墙且距离墙最远.csv,593,center_far,far,steady,11.889,224.0,20.0,204.0,216.0,20.0,196.0,0,1
正对着墙且距离墙最远.csv,594,center_far,far,steady,11.909,167.0,20.0,147.0,216.0,20.0,196.0,0,1
正对着墙且距离墙最远.csv,595,center_far,far,steady,11.929,200.0,21.0,179.0,200.0,20.0,180.0,0,1
正对着墙且距离墙最远.csv,596,center_far,far,steady,11.95,117.0,20.0,97.0,182.0,20.0,162.0,0,1
正对着墙且距离墙最远.csv,597,center_far,far,steady,11.97,182.0,20.0,162.0,182.0,20.0,162.0,0,1
正对着墙且距离墙最远.csv,598,center_far,far,steady,11.99,17.0,20.0,-3.0,182.0,20.0,162.0,0,1
正对着墙且距离墙最远.csv,599,center_far,far,steady,12.01,18.0,20.0,-2.0,182.0,20.0,162.0,0,1
正对着墙且距离墙最远.csv,600,center_far,far,steady,12.03,150.0,19.0,131.0,167.0,20.0,147.0,0,1
正对着墙且距离墙最远.csv,601,center_far,far,steady,12.05,460.0,21.0,439.0,167.0,20.0,147.0,0,1
正对着墙且距离墙最远.csv,602,center_far,far,steady,12.07,165.0,20.0,145.0,165.0,20.0,145.0,0,1
正对着墙且距离墙最远.csv,603,center_far,far,steady,12.09,232.0,20.0,212.0,165.0,20.0,145.0,0,1
正对着墙且距离墙最远.csv,604,center_far,far,steady,12.11,233.0,20.0,213.0,165.0,20.0,145.0,0,1
正对着墙且距离墙最远.csv,605,center_far,far,steady,12.131,183.0,20.0,163.0,182.0,20.0,162.0,0,1
正对着墙且距离墙最远.csv,606,center_far,far,steady,12.151,158.0,21.0,137.0,165.0,20.0,145.0,0,1
正对着墙且距离墙最远.csv,607,center_far,far,steady,12.171,165.0,21.0,144.0,165.0,20.0,145.0,0,1
正对着墙且距离墙最远.csv,608,center_far,far,steady,12.191,183.0,20.0,163.0,183.0,20.0,163.0,0,1
正对着墙且距离墙最远.csv,609,center_far,far,steady,12.211,233.0,22.0,211.0,183.0,20.0,163.0,0,1
正对着墙且距离墙最远.csv,610,center_far,far,steady,12.231,330.0,20.0,310.0,183.0,20.0,163.0,0,1
正对着墙且距离墙最远.csv,611,center_far,far,steady,12.251,224.0,20.0,204.0,224.0,20.0,204.0,0,1
正对着墙且距离墙最远.csv,612,center_far,far,steady,12.271,168.0,30.0,138.0,183.0,20.0,163.0,0,1
正对着墙且距离墙最远.csv,613,center_far,far,steady,12.291,233.0,20.0,213.0,183.0,20.0,163.0,0,1
正对着墙且距离墙最远.csv,614,center_far,far,steady,12.312,183.0,20.0,163.0,183.0,20.0,163.0,0,1
正对着墙且距离墙最远.csv,615,center_far,far,steady,12.332,346.0,20.0,326.0,224.0,20.0,204.0,0,1
正对着墙且距离墙最远.csv,616,center_far,far,steady,12.352,216.0,20.0,196.0,224.0,20.0,204.0,0,1
正对着墙且距离墙最远.csv,617,center_far,far,steady,12.372,151.0,20.0,131.0,224.0,20.0,204.0,0,1
正对着墙且距离墙最远.csv,618,center_far,far,steady,12.392,166.0,20.0,146.0,216.0,20.0,196.0,0,1
正对着墙且距离墙最远.csv,619,center_far,far,steady,12.412,27.0,21.0,6.0,183.0,20.0,163.0,0,1
正对着墙且距离墙最远.csv,620,center_far,far,steady,12.432,166.0,20.0,146.0,168.0,20.0,148.0,0,1
正对着墙且距离墙最远.csv,621,center_far,far,steady,12.452,216.0,20.0,196.0,183.0,20.0,163.0,0,1
正对着墙且距离墙最远.csv,622,center_far,far,steady,12.472,280.0,21.0,259.0,183.0,20.0,163.0,0,1
正对着墙且距离墙最远.csv,623,center_far,far,steady,12.493,199.0,20.0,179.0,199.0,20.0,179.0,0,1
正对着墙且距离墙最远.csv,624,center_far,far,steady,12.513,527.0,20.0,507.0,199.0,20.0,179.0,0,1
正对着墙且距离墙最远.csv,625,center_far,far,steady,12.533,476.0,20.0,456.0,199.0,20.0,179.0,0,1
正对着墙且距离墙最远.csv,626,center_far,far,steady,12.553,167.0,20.0,147.0,199.0,20.0,179.0,0,1
正对着墙且距离墙最远.csv,627,center_far,far,steady,12.573,241.0,19.0,222.0,216.0,20.0,196.0,0,1
正对着墙且距离墙最远.csv,628,center_far,far,steady,12.593,83.0,19.0,64.0,216.0,20.0,196.0,0,1
正对着墙且距离墙最远.csv,629,center_far,far,steady,12.613,32.0,20.0,12.0,216.0,20.0,196.0,0,1
正对着墙且距离墙最远.csv,630,center_far,far,steady,12.633,184.0,19.0,165.0,199.0,20.0,179.0,0,1
正对着墙且距离墙最远.csv,631,center_far,far,steady,12.654,298.0,20.0,278.0,199.0,20.0,179.0,0,1
正对着墙且距离墙最远.csv,632,center_far,far,steady,12.674,182.0,19.0,163.0,184.0,20.0,164.0,0,1
正对着墙且距离墙最远.csv,633,center_far,far,steady,12.694,428.0,27.0,401.0,184.0,20.0,164.0,0,1
正对着墙且距离墙最远.csv,634,center_far,far,steady,12.714,200.0,33.0,167.0,184.0,20.0,164.0,0,1
正对着墙且距离墙最远.csv,635,center_far,far,steady,12.734,151.0,32.0,119.0,184.0,20.0,164.0,0,1
正对着墙且距离墙最远.csv,636,center_far,far,steady,12.754,183.0,20.0,163.0,183.0,20.0,163.0,0,1
正对着墙且距离墙最远.csv,637,center_far,far,steady,12.774,183.0,21.0,162.0,183.0,20.0,163.0,0,1
正对着墙且距离墙最远.csv,638,center_far,far,steady,12.794,232.0,20.0,212.0,184.0,20.0,164.0,0,1
正对着墙且距离墙最远.csv,639,center_far,far,steady,12.814,216.0,21.0,195.0,200.0,21.0,179.0,0,1
正对着墙且距离墙最远.csv,640,center_far,far,steady,12.835,191.0,20.0,171.0,191.0,21.0,170.0,0,1
正对着墙且距离墙最远.csv,641,center_far,far,steady,12.855,166.0,20.0,146.0,191.0,21.0,170.0,0,1
正对着墙且距离墙最远.csv,642,center_far,far,steady,12.875,17.0,20.0,-3.0,183.0,20.0,163.0,0,1
正对着墙且距离墙最远.csv,643,center_far,far,steady,12.895,53.0,21.0,32.0,183.0,20.0,163.0,0,1
正对着墙且距离墙最远.csv,644,center_far,far,steady,12.915,216.0,19.0,197.0,183.0,20.0,163.0,0,1
正对着墙且距离墙最远.csv,645,center_far,far,steady,12.935,492.0,20.0,472.0,191.0,20.0,171.0,0,1
正对着墙且距离墙最远.csv,646,center_far,far,steady,12.955,215.0,20.0,195.0,215.0,20.0,195.0,0,1
正对着墙且距离墙最远.csv,647,center_far,far,steady,12.975,134.0,21.0,113.0,191.0,20.0,171.0,0,1
正对着墙且距离墙最远.csv,648,center_far,far,steady,12.995,543.0,20.0,523.0,191.0,20.0,171.0,0,1
正对着墙且距离墙最远.csv,649,center_far,far,steady,13.016,166.0,20.0,146.0,166.0,20.0,146.0,0,1
正对着墙且距离墙最远.csv,650,center_far,far,steady,13.036,232.0,20.0,212.0,215.0,20.0,195.0,0,1
正对着墙且距离墙最远.csv,651,center_far,far,steady,13.056,68.0,20.0,48.0,215.0,20.0,195.0,0,1
正对着墙且距离墙最远.csv,652,center_far,far,steady,13.076,17.0,20.0,-3.0,215.0,20.0,195.0,0,1
正对着墙且距离墙最远.csv,653,center_far,far,steady,13.096,150.0,20.0,130.0,166.0,20.0,146.0,0,1
正对着墙且距离墙最远.csv,654,center_far,far,steady,13.116,329.0,21.0,308.0,166.0,20.0,146.0,0,1
正对着墙且距离墙最远.csv,655,center_far,far,steady,13.136,182.0,20.0,162.0,166.0,20.0,146.0,0,1
正对着墙且距离墙最远.csv,656,center_far,far,steady,13.156,234.0,21.0,213.0,182.0,20.0,162.0,0,1
正对着墙且距离墙最远.csv,657,center_far,far,steady,13.176,216.0,28.0,188.0,182.0,20.0,162.0,0,1
正对着墙且距离墙最远.csv,658,center_far,far,steady,13.197,216.0,20.0,196.0,216.0,20.0,196.0,0,1
正对着墙且距离墙最远.csv,659,center_far,far,steady,13.217,148.0,20.0,128.0,182.0,20.0,162.0,0,1
正对着墙且距离墙最远.csv,660,center_far,far,steady,13.237,184.0,24.0,160.0,184.0,20.0,164.0,0,1
正对着墙且距离墙最远.csv,661,center_far,far,steady,13.257,184.0,21.0,163.0,184.0,21.0,163.0,0,1
正对着墙且距离墙最远.csv,662,center_far,far,steady,13.277,233.0,20.0,213.0,216.0,21.0,195.0,0,1
正对着墙且距离墙最远.csv,663,center_far,far,steady,13.297,117.0,20.0,97.0,184.0,20.0,164.0,0,1
正对着墙且距离墙最远.csv,664,center_far,far,steady,13.317,215.0,20.0,195.0,215.0,20.0,195.0,0,1
正对着墙且距离墙最远.csv,665,center_far,far,steady,13.337,183.0,20.0,163.0,184.0,20.0,164.0,0,1
正对着墙且距离墙最远.csv,666,center_far,far,steady,13.358,281.0,20.0,261.0,184.0,20.0,164.0,0,1
正对着墙且距离墙最远.csv,667,center_far,far,steady,13.378,183.0,20.0,163.0,184.0,20.0,164.0,0,1
正对着墙且距离墙最远.csv,668,center_far,far,steady,13.398,607.0,20.0,587.0,184.0,20.0,164.0,0,1
正对着墙且距离墙最远.csv,669,center_far,far,steady,13.418,428.0,20.0,408.0,215.0,20.0,195.0,0,1
正对着墙且距离墙最远.csv,670,center_far,far,steady,13.438,52.0,21.0,31.0,215.0,20.0,195.0,0,1
正对着墙且距离墙最远.csv,671,center_far,far,steady,13.458,176.0,21.0,155.0,183.0,20.0,163.0,0,1
正对着墙且距离墙最远.csv,672,center_far,far,steady,13.478,16.0,20.0,-4.0,183.0,20.0,163.0,0,1
正对着墙且距离墙最远.csv,673,center_far,far,steady,13.498,166.0,20.0,146.0,183.0,20.0,163.0,0,1
正对着墙且距离墙最远.csv,674,center_far,far,steady,13.518,233.0,20.0,213.0,183.0,20.0,163.0,0,1
正对着墙且距离墙最远.csv,675,center_far,far,steady,13.539,362.0,20.0,342.0,183.0,20.0,163.0,0,1
正对着墙且距离墙最远.csv,676,center_far,far,steady,13.559,215.0,20.0,195.0,215.0,20.0,195.0,0,1
正对着墙且距离墙最远.csv,677,center_far,far,steady,13.579,575.0,20.0,555.0,215.0,20.0,195.0,0,1
正对着墙且距离墙最远.csv,678,center_far,far,steady,13.599,216.0,20.0,196.0,215.0,20.0,195.0,0,1
正对着墙且距离墙最远.csv,679,center_far,far,steady,13.619,183.0,20.0,163.0,215.0,20.0,195.0,0,1
正对着墙且距离墙最远.csv,680,center_far,far,steady,13.639,233.0,21.0,212.0,216.0,20.0,196.0,0,1
正对着墙且距离墙最远.csv,681,center_far,far,steady,13.659,117.0,20.0,97.0,216.0,20.0,196.0,0,1
正对着墙且距离墙最远.csv,682,center_far,far,steady,13.679,217.0,32.0,185.0,217.0,20.0,197.0,0,1
正对着墙且距离墙最远.csv,683,center_far,far,steady,13.699,183.0,20.0,163.0,216.0,20.0,196.0,0,1
正对着墙且距离墙最远.csv,684,center_far,far,steady,13.72,184.0,20.0,164.0,215.0,20.0,195.0,0,1
正对着墙且距离墙最远.csv,685,center_far,far,steady,13.74,182.0,21.0,161.0,184.0,20.0,164.0,0,1
正对着墙且距离墙最远.csv,686,center_far,far,steady,13.76,132.0,20.0,112.0,183.0,20.0,163.0,0,1
正对着墙且距离墙最远.csv,687,center_far,far,steady,13.78,234.0,21.0,213.0,183.0,20.0,163.0,0,1
正对着墙且距离墙最远.csv,688,center_far,far,steady,13.8,199.0,19.0,180.0,184.0,20.0,164.0,0,1
正对着墙且距离墙最远.csv,689,center_far,far,steady,13.82,461.0,20.0,441.0,184.0,20.0,164.0,0,1
正对着墙且距离墙最远.csv,690,center_far,far,steady,13.84,184.0,20.0,164.0,184.0,20.0,164.0,0,1
正对着墙且距离墙最远.csv,691,center_far,far,steady,13.86,232.0,20.0,212.0,184.0,20.0,164.0,0,1
正对着墙且距离墙最远.csv,692,center_far,far,steady,13.88,233.0,20.0,213.0,199.0,20.0,179.0,0,1
正对着墙且距离墙最远.csv,693,center_far,far,steady,13.901,16.0,20.0,-4.0,199.0,20.0,179.0,0,1
正对着墙且距离墙最远.csv,694,center_far,far,steady,13.921,199.0,20.0,179.0,199.0,20.0,179.0,0,1
正对着墙且距离墙最远.csv,695,center_far,far,steady,13.941,26.0,20.0,6.0,199.0,20.0,179.0,0,1
正对着墙且距离墙最远.csv,696,center_far,far,steady,13.961,395.0,20.0,375.0,199.0,20.0,179.0,0,1
正对着墙且距离墙最远.csv,697,center_far,far,steady,13.981,167.0,20.0,147.0,199.0,20.0,179.0,0,1
正对着墙且距离墙最远.csv,698,center_far,far,steady,14.001,656.0,20.0,636.0,199.0,20.0,179.0,0,1
正对着墙且距离墙最远.csv,699,center_far,far,steady,14.021,215.0,20.0,195.0,215.0,20.0,195.0,0,1
正对着墙且距离墙最远.csv,700,center_far,far,steady,14.041,52.0,20.0,32.0,199.0,20.0,179.0,0,1
正对着墙且距离墙最远.csv,701,center_far,far,steady,14.061,183.0,20.0,163.0,183.0,20.0,163.0,0,1
正对着墙且距离墙最远.csv,702,center_far,far,steady,14.082,17.0,20.0,-3.0,183.0,20.0,163.0,0,1
正对着墙且距离墙最远.csv,703,center_far,far,steady,14.102,184.0,19.0,165.0,183.0,20.0,163.0,0,1
正对着墙且距离墙最远.csv,704,center_far,far,steady,14.122,134.0,28.0,106.0,183.0,20.0,163.0,0,1
正对着墙且距离墙最远.csv,705,center_far,far,steady,14.142,429.0,20.0,409.0,183.0,20.0,163.0,0,1
正对着墙且距离墙最远.csv,706,center_far,far,steady,14.162,183.0,20.0,163.0,183.0,20.0,163.0,0,1
正对着墙且距离墙最远.csv,707,center_far,far,steady,14.182,200.0,20.0,180.0,183.0,20.0,163.0,0,1
正对着墙且距离墙最远.csv,708,center_far,far,steady,14.202,184.0,20.0,164.0,183.0,20.0,163.0,0,1
正对着墙且距离墙最远.csv,709,center_far,far,steady,14.222,184.0,21.0,163.0,184.0,20.0,164.0,0,1
正对着墙且距离墙最远.csv,710,center_far,far,steady,14.242,346.0,19.0,327.0,184.0,20.0,164.0,0,1
正对着墙且距离墙最远.csv,711,center_far,far,steady,14.263,217.0,20.0,197.0,184.0,20.0,164.0,0,1
正对着墙且距离墙最远.csv,712,center_far,far,steady,14.283,216.0,21.0,195.0,200.0,20.0,180.0,0,1
正对着墙且距离墙最远.csv,713,center_far,far,steady,14.303,134.0,20.0,114.0,200.0,20.0,180.0,0,1
正对着墙且距离墙最远.csv,714,center_far,far,steady,14.323,42.0,19.0,23.0,184.0,20.0,164.0,0,1
正对着墙且距离墙最远.csv,715,center_far,far,steady,14.343,184.0,20.0,164.0,184.0,20.0,164.0,0,1
正对着墙且距离墙最远.csv,716,center_far,far,steady,14.363,52.0,20.0,32.0,184.0,20.0,164.0,0,1
正对着墙且距离墙最远.csv,717,center_far,far,steady,14.383,215.0,20.0,195.0,184.0,20.0,164.0,0,1
正对着墙且距离墙最远.csv,718,center_far,far,steady,14.403,167.0,20.0,147.0,184.0,20.0,164.0,0,1
正对着墙且距离墙最远.csv,719,center_far,far,steady,14.424,592.0,20.0,572.0,184.0,20.0,164.0,0,1
正对着墙且距离墙最远.csv,720,center_far,far,steady,14.444,183.0,20.0,163.0,183.0,20.0,163.0,0,1
正对着墙且距离墙最远.csv,721,center_far,far,steady,14.464,498.0,21.0,477.0,183.0,20.0,163.0,0,1
正对着墙且距离墙最远.csv,722,center_far,far,steady,14.484,199.0,21.0,178.0,184.0,20.0,164.0,0,1
正对着墙且距离墙最远.csv,723,center_far,far,steady,14.504,41.0,21.0,20.0,184.0,20.0,164.0,0,1
正对着墙且距离墙最远.csv,724,center_far,far,steady,14.524,167.0,20.0,147.0,183.0,20.0,163.0,0,1
正对着墙且距离墙最远.csv,725,center_far,far,steady,14.544,17.0,33.0,-16.0,183.0,20.0,163.0,0,1
正对着墙且距离墙最远.csv,726,center_far,far,steady,14.564,173.0,26.0,147.0,173.0,21.0,152.0,0,1
正对着墙且距离墙最远.csv,727,center_far,far,steady,14.584,202.0,32.0,170.0,183.0,21.0,162.0,0,1
正对着墙且距离墙最远.csv,728,center_far,far,steady,14.605,528.0,21.0,507.0,183.0,21.0,162.0,0,1
正对着墙且距离墙最远.csv,729,center_far,far,steady,14.625,217.0,20.0,197.0,199.0,21.0,178.0,0,1
正对着墙且距离墙最远.csv,730,center_far,far,steady,14.645,216.0,20.0,196.0,199.0,21.0,178.0,0,1
正对着墙且距离墙最远.csv,731,center_far,far,steady,14.665,184.0,20.0,164.0,184.0,21.0,163.0,0,1
正对着墙且距离墙最远.csv,732,center_far,far,steady,14.685,183.0,20.0,163.0,184.0,20.0,164.0,0,1
正对着墙且距离墙最远.csv,733,center_far,far,steady,14.705,184.0,21.0,163.0,184.0,21.0,163.0,0,1
正对着墙且距离墙最远.csv,734,center_far,far,steady,14.725,240.0,20.0,220.0,202.0,20.0,182.0,0,1
正对着墙且距离墙最远.csv,735,center_far,far,steady,14.745,216.0,20.0,196.0,216.0,20.0,196.0,0,1
正对着墙且距离墙最远.csv,736,center_far,far,steady,14.765,168.0,21.0,147.0,216.0,20.0,196.0,0,1
正对着墙且距离墙最远.csv,737,center_far,far,steady,14.785,17.0,20.0,-3.0,184.0,20.0,164.0,0,1
正对着墙且距离墙最远.csv,738,center_far,far,steady,14.806,182.0,20.0,162.0,184.0,20.0,164.0,0,1
正对着墙且距离墙最远.csv,739,center_far,far,steady,14.826,307.0,19.0,288.0,184.0,20.0,164.0,0,1
正对着墙且距离墙最远.csv,740,center_far,far,steady,14.846,591.0,19.0,572.0,184.0,20.0,164.0,0,1
正对着墙且距离墙最远.csv,741,center_far,far,steady,14.866,216.0,20.0,196.0,216.0,20.0,196.0,0,1
正对着墙且距离墙最远.csv,742,center_far,far,steady,14.886,363.0,21.0,342.0,216.0,20.0,196.0,0,1
正对着墙且距离墙最远.csv,743,center_far,far,steady,14.906,166.0,21.0,145.0,216.0,20.0,196.0,0,1
正对着墙且距离墙最远.csv,744,center_far,far,steady,14.926,216.0,21.0,195.0,216.0,20.0,196.0,0,1
正对着墙且距离墙最远.csv,745,center_far,far,steady,14.946,217.0,21.0,196.0,216.0,20.0,196.0,0,1
正对着墙且距离墙最远.csv,746,center_far,far,steady,14.966,17.0,19.0,-2.0,216.0,20.0,196.0,0,1
正对着墙且距离墙最远.csv,747,center_far,far,steady,14.987,216.0,30.0,186.0,216.0,21.0,195.0,0,1
正对着墙且距离墙最远.csv,748,center_far,far,steady,15.007,17.0,20.0,-3.0,216.0,21.0,195.0,0,1
正对着墙且距离墙最远.csv,749,center_far,far,steady,15.027,576.0,29.0,547.0,216.0,21.0,195.0,0,1
正对着墙且距离墙最远.csv,750,center_far,far,steady,15.047,184.0,20.0,164.0,216.0,21.0,195.0,0,1
正对着墙且距离墙最远.csv,751,center_far,far,steady,15.067,362.0,20.0,342.0,216.0,21.0,195.0,0,1
正对着墙且距离墙最远.csv,752,center_far,far,steady,15.087,233.0,20.0,213.0,216.0,20.0,196.0,0,1
正对着墙且距离墙最远.csv,753,center_far,far,steady,15.107,184.0,19.0,165.0,216.0,20.0,196.0,0,1
正对着墙且距离墙最远.csv,754,center_far,far,steady,15.127,150.0,19.0,131.0,184.0,20.0,164.0,0,1
正对着墙且距离墙最远.csv,755,center_far,far,steady,15.147,19.0,20.0,-1.0,184.0,20.0,164.0,0,1
正对着墙且距离墙最远.csv,756,center_far,far,steady,15.168,183.0,21.0,162.0,184.0,20.0,164.0,0,1
正对着墙且距离墙最远.csv,757,center_far,far,steady,15.188,183.0,21.0,162.0,184.0,20.0,164.0,0,1
正对着墙且距离墙最远.csv,758,center_far,far,steady,15.208,167.0,20.0,147.0,183.0,20.0,163.0,0,1
正对着墙且距离墙最远.csv,759,center_far,far,steady,15.228,216.0,20.0,196.0,183.0,20.0,163.0,0,1
正对着墙且距离墙最远.csv,760,center_far,far,steady,15.248,41.0,19.0,22.0,183.0,20.0,163.0,0,1
正对着墙且距离墙最远.csv,761,center_far,far,steady,15.268,165.0,20.0,145.0,167.0,20.0,147.0,0,1
正对着墙且距离墙最远.csv,762,center_far,far,steady,15.288,183.0,20.0,163.0,167.0,20.0,147.0,0,1
正对着墙且距离墙最远.csv,763,center_far,far,steady,15.308,363.0,21.0,342.0,183.0,20.0,163.0,0,1
正对着墙且距离墙最远.csv,764,center_far,far,steady,15.328,217.0,21.0,196.0,183.0,20.0,163.0,0,1
正对着墙且距离墙最远.csv,765,center_far,far,steady,15.348,216.0,25.0,191.0,183.0,20.0,163.0,0,1
正对着墙且距离墙最远.csv,766,center_far,far,steady,15.369,42.0,20.0,22.0,183.0,20.0,163.0,0,1
正对着墙且距离墙最远.csv,767,center_far,far,steady,15.389,17.0,20.0,-3.0,183.0,20.0,163.0,0,1
正对着墙且距离墙最远.csv,768,center_far,far,steady,15.409,185.0,20.0,165.0,183.0,20.0,163.0,0,1
正对着墙且距离墙最远.csv,769,center_far,far,steady,15.429,314.0,21.0,293.0,185.0,20.0,165.0,0,1
正对着墙且距离墙最远.csv,770,center_far,far,steady,15.449,217.0,20.0,197.0,216.0,20.0,196.0,0,1
正对着墙且距离墙最远.csv,771,center_far,far,steady,15.469,218.0,21.0,197.0,217.0,21.0,196.0,0,1
正对着墙且距离墙最远.csv,772,center_far,far,steady,15.489,493.0,21.0,472.0,217.0,21.0,196.0,0,1
正对着墙且距离墙最远.csv,773,center_far,far,steady,15.509,184.0,21.0,163.0,216.0,21.0,195.0,0,1
正对着墙且距离墙最远.csv,774,center_far,far,steady,15.529,169.0,21.0,148.0,185.0,21.0,164.0,0,1
正对着墙且距离墙最远.csv,775,center_far,far,steady,15.55,118.0,20.0,98.0,185.0,21.0,164.0,0,1
正对着墙且距离墙最远.csv,776,center_far,far,steady,15.57,18.0,20.0,-2.0,185.0,21.0,164.0,0,1
正对着墙且距离墙最远.csv,777,center_far,far,steady,15.59,217.0,20.0,197.0,217.0,21.0,196.0,0,1
正对着墙且距离墙最远.csv,778,center_far,far,steady,15.61,201.0,20.0,181.0,201.0,20.0,181.0,0,1
正对着墙且距离墙最远.csv,779,center_far,far,steady,15.63,183.0,21.0,162.0,184.0,21.0,163.0,0,1
正对着墙且距离墙最远.csv,780,center_far,far,steady,15.65,184.0,20.0,164.0,184.0,20.0,164.0,0,1
正对着墙且距离墙最远.csv,781,center_far,far,steady,15.67,217.0,21.0,196.0,184.0,20.0,164.0,0,1
正对着墙且距离墙最远.csv,782,center_far,far,steady,15.69,221.0,21.0,200.0,184.0,20.0,164.0,0,1
正对着墙且距离墙最远.csv,783,center_far,far,steady,15.71,281.0,21.0,260.0,201.0,20.0,181.0,0,1
正对着墙且距离墙最远.csv,784,center_far,far,steady,15.73,201.0,20.0,181.0,201.0,20.0,181.0,0,1
正对着墙且距离墙最远.csv,785,center_far,far,steady,15.751,184.0,20.0,164.0,201.0,20.0,181.0,0,1
正对着墙且距离墙最远.csv,786,center_far,far,steady,15.771,184.0,20.0,164.0,201.0,20.0,181.0,0,1
正对着墙且距离墙最远.csv,787,center_far,far,steady,15.791,153.0,20.0,133.0,184.0,20.0,164.0,0,1
正对着墙且距离墙最远.csv,788,center_far,far,steady,15.811,233.0,21.0,212.0,201.0,20.0,181.0,0,1
正对着墙且距离墙最远.csv,789,center_far,far,steady,15.831,218.0,21.0,197.0,217.0,21.0,196.0,0,1
正对着墙且距离墙最远.csv,790,center_far,far,steady,15.851,17.0,20.0,-3.0,201.0,20.0,181.0,0,1
正对着墙且距离墙最远.csv,791,center_far,far,steady,15.871,184.0,20.0,164.0,184.0,20.0,164.0,0,1
正对着墙且距离墙最远.csv,792,center_far,far,steady,15.891,429.0,20.0,409.0,184.0,20.0,164.0,0,1
正对着墙且距离墙最远.csv,793,center_far,far,steady,15.911,183.0,20.0,163.0,184.0,20.0,164.0,0,1
正对着墙且距离墙最远.csv,794,center_far,far,steady,15.931,216.0,21.0,195.0,184.0,20.0,164.0,0,1
正对着墙且距离墙最远.csv,795,center_far,far,steady,15.951,428.0,20.0,408.0,216.0,20.0,196.0,0,1
正对着墙且距离墙最远.csv,796,center_far,far,steady,15.972,100.0,21.0,79.0,216.0,20.0,196.0,0,1
正对着墙且距离墙最远.csv,797,center_far,far,steady,15.992,185.0,33.0,152.0,185.0,20.0,165.0,0,1
正对着墙且距离墙最远.csv,798,center_far,far,steady,16.012,184.0,21.0,163.0,184.0,20.0,164.0,0,1
正对着墙且距离墙最远.csv,799,center_far,far,steady,16.032,25.0,21.0,4.0,184.0,21.0,163.0,0,1
正对着墙且距离墙最远.csv,800,center_far,far,steady,16.052,215.0,20.0,195.0,185.0,21.0,164.0,0,1
正对着墙且距离墙最远.csv,801,center_far,far,steady,16.072,492.0,20.0,472.0,185.0,21.0,164.0,0,1
正对着墙且距离墙最远.csv,802,center_far,far,steady,16.092,249.0,19.0,230.0,215.0,21.0,194.0,0,1
正对着墙且距离墙最远.csv,803,center_far,far,steady,16.112,184.0,20.0,164.0,185.0,20.0,165.0,0,1
正对着墙且距离墙最远.csv,804,center_far,far,steady,16.132,186.0,20.0,166.0,185.0,20.0,165.0,0,1
正对着墙且距离墙最远.csv,805,center_far,far,steady,16.152,182.0,21.0,161.0,185.0,20.0,165.0,0,1
正对着墙且距离墙最远.csv,806,center_far,far,steady,16.172,233.0,20.0,213.0,186.0,20.0,166.0,0,1
正对着墙且距离墙最远.csv,807,center_far,far,steady,16.192,216.0,20.0,196.0,215.0,20.0,195.0,0,1
正对着墙且距离墙最远.csv,808,center_far,far,steady,16.212,151.0,20.0,131.0,215.0,20.0,195.0,0,1
正对着墙且距离墙最远.csv,809,center_far,far,steady,16.233,170.0,22.0,148.0,186.0,20.0,166.0,0,1
正对着墙且距离墙最远.csv,810,center_far,far,steady,16.253,84.0,19.0,65.0,184.0,20.0,164.0,0,1
正对着墙且距离墙最远.csv,811,center_far,far,steady,16.273,52.0,20.0,32.0,182.0,20.0,162.0,0,1
正对着墙且距离墙最远.csv,812,center_far,far,steady,16.293,217.0,33.0,184.0,182.0,20.0,162.0,0,1
正对着墙且距离墙最远.csv,813,center_far,far,steady,16.313,411.0,20.0,391.0,182.0,20.0,162.0,0,1
正对着墙且距离墙最远.csv,814,center_far,far,steady,16.333,171.0,20.0,151.0,171.0,20.0,151.0,0,1
正对着墙且距离墙最远.csv,815,center_far,far,steady,16.353,606.0,20.0,586.0,171.0,20.0,151.0,0,1
正对着墙且距离墙最远.csv,816,center_far,far,steady,16.373,364.0,20.0,344.0,171.0,20.0,151.0,0,1
正对着墙且距离墙最远.csv,817,center_far,far,steady,16.393,117.0,20.0,97.0,171.0,20.0,151.0,0,1
正对着墙且距离墙最远.csv,818,center_far,far,steady,16.413,232.0,20.0,212.0,217.0,20.0,197.0,0,1
正对着墙且距离墙最远.csv,819,center_far,far,steady,16.433,17.0,20.0,-3.0,217.0,20.0,197.0,0,1
正对着墙且距离墙最远.csv,820,center_far,far,steady,16.453,17.0,18.0,-1.0,217.0,20.0,197.0,0,1
正对着墙且距离墙最远.csv,821,center_far,far,steady,16.474,183.0,20.0,163.0,183.0,20.0,163.0,0,1
正对着墙且距离墙最远.csv,822,center_far,far,steady,16.494,476.0,21.0,455.0,183.0,20.0,163.0,0,1
正对着墙且距离墙最远.csv,823,center_far,far,steady,16.514,184.0,33.0,151.0,184.0,20.0,164.0,0,1
正对着墙且距离墙最远.csv,824,center_far,far,steady,16.534,492.0,31.0,461.0,184.0,20.0,164.0,0,1
正对着墙且距离墙最远.csv,825,center_far,far,steady,16.554,216.0,21.0,195.0,184.0,20.0,164.0,0,1
正对着墙且距离墙最远.csv,826,center_far,far,steady,16.574,68.0,20.0,48.0,184.0,20.0,164.0,0,1
正对着墙且距离墙最远.csv,827,center_far,far,steady,16.594,167.0,20.0,147.0,183.0,20.0,163.0,0,1
正对着墙且距离墙最远.csv,828,center_far,far,steady,16.614,102.0,20.0,82.0,183.0,20.0,163.0,0,1
正对着墙且距离墙最远.csv,829,center_far,far,steady,16.634,233.0,21.0,212.0,184.0,21.0,163.0,0,1
正对着墙且距离墙最远.csv,830,center_far,far,steady,16.654,217.0,20.0,197.0,216.0,21.0,195.0,0,1
正对着墙且距离墙最远.csv,831,center_far,far,steady,16.674,184.0,20.0,164.0,184.0,20.0,164.0,0,1
正对着墙且距离墙最远.csv,832,center_far,far,steady,16.694,166.0,20.0,146.0,184.0,20.0,164.0,0,1
正对着墙且距离墙最远.csv,833,center_far,far,steady,16.715,33.0,20.0,13.0,167.0,20.0,147.0,0,1
正对着墙且距离墙最远.csv,834,center_far,far,steady,16.735,330.0,20.0,310.0,167.0,20.0,147.0,0,1
正对着墙且距离墙最远.csv,835,center_far,far,steady,16.755,233.0,22.0,211.0,184.0,20.0,164.0,0,1
正对着墙且距离墙最远.csv,836,center_far,far,steady,16.775,560.0,20.0,540.0,217.0,20.0,197.0,0,1
正对着墙且距离墙最远.csv,837,center_far,far,steady,16.795,215.0,20.0,195.0,217.0,20.0,197.0,0,1
正对着墙且距离墙最远.csv,838,center_far,far,steady,16.815,118.0,20.0,98.0,215.0,20.0,195.0,0,1
正对着墙且距离墙最远.csv,839,center_far,far,steady,16.835,183.0,20.0,163.0,184.0,20.0,164.0,0,1
正对着墙且距离墙最远.csv,840,center_far,far,steady,16.855,17.0,21.0,-4.0,183.0,20.0,163.0,0,1
正对着墙且距离墙最远.csv,841,center_far,far,steady,16.875,240.0,24.0,216.0,215.0,20.0,195.0,0,1
正对着墙且距离墙最远.csv,842,center_far,far,steady,16.895,189.0,21.0,168.0,215.0,20.0,195.0,0,1
正对着墙且距离墙最远.csv,843,center_far,far,steady,16.916,118.0,21.0,97.0,189.0,21.0,168.0,0,1
正对着墙且距离墙最远.csv,844,center_far,far,steady,16.936,166.0,19.0,147.0,183.0,20.0,163.0,0,1
正对着墙且距离墙最远.csv,845,center_far,far,steady,16.956,608.0,20.0,588.0,183.0,20.0,163.0,0,1
正对着墙且距离墙最远.csv,846,center_far,far,steady,16.976,192.0,20.0,172.0,183.0,20.0,163.0,0,1
正对着墙且距离墙最远.csv,847,center_far,far,steady,16.996,233.0,20.0,213.0,189.0,20.0,169.0,0,1
正对着墙且距离墙最远.csv,848,center_far,far,steady,17.016,216.0,21.0,195.0,192.0,21.0,171.0,0,1
正对着墙且距离墙最远.csv,849,center_far,far,steady,17.036,116.0,20.0,96.0,192.0,20.0,172.0,0,1
正对着墙且距离墙最远.csv,850,center_far,far,steady,17.056,182.0,19.0,163.0,189.0,20.0,169.0,0,1
正对着墙且距离墙最远.csv,851,center_far,far,steady,17.076,183.0,20.0,163.0,183.0,20.0,163.0,0,1
正对着墙且距离墙最远.csv,852,center_far,far,steady,17.097,282.0,20.0,262.0,192.0,20.0,172.0,0,1
正对着墙且距离墙最远.csv,853,center_far,far,steady,17.117,182.0,20.0,162.0,192.0,20.0,172.0,0,1
正对着墙且距离墙最远.csv,854,center_far,far,steady,17.137,241.0,21.0,220.0,192.0,20.0,172.0,0,1
正对着墙且距离墙最远.csv,855,center_far,far,steady,17.157,216.0,20.0,196.0,216.0,20.0,196.0,0,1
正对着墙且距离墙最远.csv,856,center_far,far,steady,17.177,167.0,20.0,147.0,183.0,20.0,163.0,0,1
正对着墙且距离墙最远.csv,857,center_far,far,steady,17.197,396.0,20.0,376.0,183.0,20.0,163.0,0,1
正对着墙且距离墙最远.csv,858,center_far,far,steady,17.217,183.0,20.0,163.0,183.0,20.0,163.0,0,1
正对着墙且距离墙最远.csv,859,center_far,far,steady,17.237,302.0,20.0,282.0,216.0,20.0,196.0,0,1
正对着墙且距离墙最远.csv,860,center_far,far,steady,17.258,200.0,20.0,180.0,216.0,20.0,196.0,0,1
正对着墙且距离墙最远.csv,861,center_far,far,steady,17.278,69.0,20.0,49.0,200.0,20.0,180.0,0,1
正对着墙且距离墙最远.csv,862,center_far,far,steady,17.298,152.0,20.0,132.0,200.0,20.0,180.0,0,1
正对着墙且距离墙最远.csv,863,center_far,far,steady,17.318,17.0,20.0,-3.0,183.0,20.0,163.0,0,1
正对着墙且距离墙最远.csv,864,center_far,far,steady,17.338,183.0,20.0,163.0,183.0,20.0,163.0,0,1
正对着墙且距离墙最远.csv,865,center_far,far,steady,17.358,249.0,20.0,229.0,183.0,20.0,163.0,0,1
正对着墙且距离墙最远.csv,866,center_far,far,steady,17.378,509.0,20.0,489.0,183.0,20.0,163.0,0,1
正对着墙且距离墙最远.csv,867,center_far,far,steady,17.398,206.0,20.0,186.0,200.0,20.0,180.0,0,1
正对着墙且距离墙最远.csv,868,center_far,far,steady,17.418,544.0,27.0,517.0,200.0,20.0,180.0,0,1
正对着墙且距离墙最远.csv,869,center_far,far,steady,17.439,216.0,21.0,195.0,206.0,20.0,186.0,0,1
正对着墙且距离墙最远.csv,870,center_far,far,steady,17.459,118.0,20.0,98.0,206.0,20.0,186.0,0,1
正对着墙且距离墙最远.csv,871,center_far,far,steady,17.479,232.0,20.0,212.0,216.0,20.0,196.0,0,1
正对着墙且距离墙最远.csv,872,center_far,far,steady,17.499,20.0,21.0,-1.0,216.0,20.0,196.0,0,1
正对着墙且距离墙最远.csv,873,center_far,far,steady,17.519,134.0,20.0,114.0,216.0,20.0,196.0,0,1
正对着墙且距离墙最远.csv,874,center_far,far,steady,17.539,166.0,20.0,146.0,206.0,20.0,186.0,0,1
正对着墙且距离墙最远.csv,875,center_far,far,steady,17.559,419.0,21.0,398.0,206.0,20.0,186.0,0,1
正对着墙且距离墙最远.csv,876,center_far,far,steady,17.579,167.0,20.0,147.0,167.0,20.0,147.0,0,1
正对着墙且距离墙最远.csv,877,center_far,far,steady,17.599,232.0,21.0,211.0,167.0,20.0,147.0,0,1
正对着墙且距离墙最远.csv,878,center_far,far,steady,17.62,217.0,21.0,196.0,167.0,20.0,147.0,0,1
正对着墙且距离墙最远.csv,879,center_far,far,steady,17.64,150.0,20.0,130.0,167.0,20.0,147.0,0,1
正对着墙且距离墙最远.csv,880,center_far,far,steady,17.66,290.0,20.0,270.0,167.0,20.0,147.0,0,1
正对着墙且距离墙最远.csv,881,center_far,far,steady,17.68,182.0,20.0,162.0,182.0,20.0,162.0,0,1
正对着墙且距离墙最远.csv,882,center_far,far,steady,17.7,233.0,20.0,213.0,217.0,20.0,197.0,0,1
正对着墙且距离墙最远.csv,883,center_far,far,steady,17.72,216.0,20.0,196.0,217.0,20.0,197.0,0,1
正对着墙且距离墙最远.csv,884,center_far,far,steady,17.74,52.0,21.0,31.0,216.0,20.0,196.0,0,1
正对着墙且距离墙最远.csv,885,center_far,far,steady,17.76,148.0,20.0,128.0,216.0,20.0,196.0,0,1
正对着墙且距离墙最远.csv,886,center_far,far,steady,17.78,17.0,21.0,-4.0,182.0,20.0,162.0,0,1
正对着墙且距离墙最远.csv,887,center_far,far,steady,17.801,460.0,20.0,440.0,182.0,20.0,162.0,0,1
正对着墙且距离墙最远.csv,888,center_far,far,steady,17.821,233.0,26.0,207.0,216.0,20.0,196.0,0,1
正对着墙且距离墙最远.csv,889,center_far,far,steady,17.841,592.0,32.0,560.0,216.0,20.0,196.0,0,1
正对着墙且距离墙最远.csv,890,center_far,far,steady,17.861,215.0,22.0,193.0,216.0,21.0,195.0,0,1
正对着墙且距离墙最远.csv,891,center_far,far,steady,17.881,135.0,21.0,114.0,215.0,21.0,194.0,0,1
正对着墙且距离墙最远.csv,892,center_far,far,steady,17.901,200.0,20.0,180.0,200.0,21.0,179.0,0,1
正对着墙且距离墙最远.csv,893,center_far,far,steady,17.921,25.0,21.0,4.0,200.0,21.0,179.0,0,1
正对着墙且距离墙最远.csv,894,center_far,far,steady,17.941,233.0,20.0,213.0,215.0,21.0,194.0,0,1
正对着墙且距离墙最远.csv,895,center_far,far,steady,17.961,17.0,21.0,-4.0,215.0,21.0,194.0,0,1
正对着墙且距离墙最远.csv,896,center_far,far,steady,17.982,265.0,20.0,245.0,215.0,21.0,194.0,0,1
正对着墙且距离墙最远.csv,897,center_far,far,steady,18.002,183.0,20.0,163.0,200.0,21.0,179.0,0,1
正对着墙且距离墙最远.csv,898,center_far,far,steady,18.022,485.0,20.0,465.0,200.0,20.0,180.0,0,1
正对着墙且距离墙最远.csv,899,center_far,far,steady,18.042,182.0,20.0,162.0,183.0,20.0,163.0,0,1
正对着墙且距离墙最远.csv,900,center_far,far,steady,18.062,216.0,20.0,196.0,200.0,20.0,180.0,0,1
正对着墙且距离墙最远.csv,901,center_far,far,steady,18.082,217.0,21.0,196.0,216.0,20.0,196.0,0,1
正对着墙且距离墙最远.csv,902,center_far,far,steady,18.102,167.0,20.0,147.0,216.0,20.0,196.0,0,1
正对着墙且距离墙最远.csv,903,center_far,far,steady,18.122,182.0,21.0,161.0,183.0,20.0,163.0,0,1
正对着墙且距离墙最远.csv,904,center_far,far,steady,18.143,183.0,20.0,163.0,183.0,20.0,163.0,0,1
正对着墙且距离墙最远.csv,905,center_far,far,steady,18.163,201.0,20.0,181.0,183.0,20.0,163.0,0,1
正对着墙且距离墙最远.csv,906,center_far,far,steady,18.183,215.0,20.0,195.0,201.0,20.0,181.0,0,1
正对着墙且距离墙最远.csv,907,center_far,far,steady,18.203,26.0,21.0,5.0,183.0,20.0,163.0,0,1
正对着墙且距离墙最远.csv,908,center_far,far,steady,18.223,182.0,19.0,163.0,183.0,20.0,163.0,0,1
正对着墙且距离墙最远.csv,909,center_far,far,steady,18.243,183.0,20.0,163.0,183.0,20.0,163.0,0,1
正对着墙且距离墙最远.csv,910,center_far,far,steady,18.263,561.0,31.0,530.0,183.0,20.0,163.0,0,1
正对着墙且距离墙最远.csv,911,center_far,far,steady,18.283,198.0,20.0,178.0,183.0,20.0,163.0,0,1
正对着墙且距离墙最远.csv,912,center_far,far,steady,18.303,509.0,32.0,477.0,198.0,20.0,178.0,0,1
正对着墙且距离墙最远.csv,913,center_far,far,steady,18.324,330.0,20.0,310.0,201.0,20.0,181.0,0,1
正对着墙且距离墙最远.csv,914,center_far,far,steady,18.344,52.0,20.0,32.0,198.0,20.0,178.0,0,1
正对着墙且距离墙最远.csv,915,center_far,far,steady,18.364,168.0,28.0,140.0,183.0,20.0,163.0,0,1
正对着墙且距离墙最远.csv,916,center_far,far,steady,18.384,17.0,20.0,-3.0,183.0,20.0,163.0,0,1
正对着墙且距离墙最远.csv,917,center_far,far,steady,18.404,199.0,24.0,175.0,198.0,20.0,178.0,0,1
正对着墙且距离墙最远.csv,918,center_far,far,steady,18.424,199.0,20.0,179.0,199.0,20.0,179.0,0,1
正对着墙且距离墙最远.csv,919,center_far,far,steady,18.444,281.0,20.0,261.0,199.0,20.0,179.0,0,1
正对着墙且距离墙最远.csv,920,center_far,far,steady,18.464,165.0,19.0,146.0,199.0,20.0,179.0,0,1
正对着墙且距离墙最远.csv,921,center_far,far,steady,18.485,475.0,20.0,455.0,199.0,20.0,179.0,0,1
正对着墙且距离墙最远.csv,922,center_far,far,steady,18.505,200.0,21.0,179.0,199.0,20.0,179.0,0,1
正对着墙且距离墙最远.csv,923,center_far,far,steady,18.525,200.0,21.0,179.0,199.0,20.0,179.0,0,1
正对着墙且距离墙最远.csv,924,center_far,far,steady,18.545,215.0,20.0,195.0,200.0,20.0,180.0,0,1
正对着墙且距离墙最远.csv,925,center_far,far,steady,18.565,183.0,20.0,163.0,200.0,20.0,180.0,0,1
正对着墙且距离墙最远.csv,926,center_far,far,steady,18.585,167.0,20.0,147.0,200.0,20.0,180.0,0,1
正对着墙且距离墙最远.csv,927,center_far,far,steady,18.605,184.0,20.0,164.0,200.0,20.0,180.0,0,1
正对着墙且距离墙最远.csv,928,center_far,far,steady,18.625,168.0,20.0,148.0,184.0,20.0,164.0,0,1
正对着墙且距离墙最远.csv,929,center_far,far,steady,18.645,216.0,20.0,196.0,200.0,20.0,180.0,0,1
正对着墙且距离墙最远.csv,930,center_far,far,steady,18.666,44.0,19.0,25.0,184.0,20.0,164.0,0,1
正对着墙且距离墙最远.csv,931,center_far,far,steady,18.686,363.0,18.0,345.0,184.0,20.0,164.0,0,1
正对着墙且距离墙最远.csv,932,center_far,far,steady,18.706,184.0,20.0,164.0,184.0,20.0,164.0,0,1
正对着墙且距离墙最远.csv,933,center_far,far,steady,18.726,475.0,21.0,454.0,184.0,20.0,164.0,0,1
正对着墙且距离墙最远.csv,934,center_far,far,steady,18.746,183.0,20.0,163.0,184.0,20.0,164.0,0,1
正对着墙且距离墙最远.csv,935,center_far,far,steady,18.766,184.0,21.0,163.0,184.0,20.0,164.0,0,1
正对着墙且距离墙最远.csv,936,center_far,far,steady,18.786,216.0,20.0,196.0,184.0,20.0,164.0,0,1
正对着墙且距离墙最远.csv,937,center_far,far,steady,18.806,17.0,32.0,-15.0,184.0,20.0,164.0,0,1
正对着墙且距离墙最远.csv,938,center_far,far,steady,18.826,183.0,20.0,163.0,184.0,20.0,164.0,0,1
正对着墙且距离墙最远.csv,939,center_far,far,steady,18.847,16.0,32.0,-16.0,184.0,20.0,164.0,0,1
正对着墙且距离墙最远.csv,940,center_far,far,steady,18.867,380.0,21.0,359.0,184.0,21.0,163.0,0,1
正对着墙且距离墙最远.csv,941,center_far,far,steady,18.887,216.0,20.0,196.0,184.0,21.0,163.0,0,1
正对着墙且距离墙最远.csv,942,center_far,far,steady,18.907,606.0,20.0,586.0,184.0,20.0,164.0,0,1
正对着墙且距离墙最远.csv,943,center_far,far,steady,18.927,171.0,20.0,151.0,184.0,20.0,164.0,0,1
正对着墙且距离墙最远.csv,944,center_far,far,steady,18.947,150.0,20.0,130.0,183.0,20.0,163.0,0,1
正对着墙且距离墙最远.csv,945,center_far,far,steady,18.967,184.0,21.0,163.0,183.0,20.0,163.0,0,1
正对着墙且距离墙最远.csv,946,center_far,far,steady,18.987,101.0,20.0,81.0,183.0,20.0,163.0,0,1
正对着墙且距离墙最远.csv,947,center_far,far,steady,19.007,216.0,20.0,196.0,184.0,20.0,164.0,0,1
正对着墙且距离墙最远.csv,948,center_far,far,steady,19.028,85.0,20.0,65.0,184.0,20.0,164.0,0,1
正对着墙且距离墙最远.csv,949,center_far,far,steady,19.048,281.0,20.0,261.0,184.0,20.0,164.0,0,1
正对着墙且距离墙最远.csv,950,center_far,far,steady,19.068,183.0,20.0,163.0,183.0,20.0,163.0,0,1
正对着墙且距离墙最远.csv,951,center_far,far,steady,19.088,183.0,21.0,162.0,183.0,20.0,163.0,0,1
正对着墙且距离墙最远.csv,952,center_far,far,steady,19.108,216.0,20.0,196.0,183.0,20.0,163.0,0,1
正对着墙且距离墙最远.csv,953,center_far,far,steady,19.128,201.0,20.0,181.0,184.0,20.0,164.0,0,1
正对着墙且距离墙最远.csv,954,center_far,far,steady,19.148,410.0,20.0,390.0,201.0,20.0,181.0,0,1
正对着墙且距离墙最远.csv,955,center_far,far,steady,19.168,184.0,20.0,164.0,201.0,20.0,181.0,0,1
正对着墙且距离墙最远.csv,956,center_far,far,steady,19.188,207.0,20.0,187.0,201.0,20.0,181.0,0,1
正对着墙且距离墙最远.csv,957,center_far,far,steady,19.209,182.0,22.0,160.0,201.0,20.0,181.0,0,1
正对着墙且距离墙最远.csv,958,center_far,far,steady,19.229,52.0,20.0,32.0,184.0,20.0,164.0,0,1
正对着墙且距离墙最远.csv,959,center_far,far,steady,19.249,219.0,33.0,186.0,201.0,20.0,181.0,0,1
正对着墙且距离墙最远.csv,960,center_far,far,steady,19.269,17.0,23.0,-6.0,201.0,20.0,181.0,0,1
正对着墙且距离墙最远.csv,961,center_far,far,steady,19.289,166.0,20.0,146.0,184.0,20.0,164.0,0,1
正对着墙且距离墙最远.csv,962,center_far,far,steady,19.309,168.0,21.0,147.0,182.0,20.0,162.0,0,1
正对着墙且距离墙最远.csv,963,center_far,far,steady,19.329,594.0,20.0,574.0,182.0,20.0,162.0,0,1
正对着墙且距离墙最远.csv,964,center_far,far,steady,19.349,258.0,20.0,238.0,182.0,20.0,162.0,0,1
正对着墙且距离墙最远.csv,965,center_far,far,steady,19.37,426.0,21.0,405.0,182.0,21.0,161.0,0,1
正对着墙且距离墙最远.csv,966,center_far,far,steady,19.39,150.0,20.0,130.0,168.0,20.0,148.0,0,1
正对着墙且距离墙最远.csv,967,center_far,far,steady,19.41,17.0,20.0,-3.0,168.0,20.0,148.0,0,1
正对着墙且距离墙最远.csv,968,center_far,far,steady,19.43,183.0,20.0,163.0,168.0,20.0,148.0,0,1
正对着墙且距离墙最远.csv,969,center_far,far,steady,19.45,40.0,20.0,20.0,168.0,20.0,148.0,0,1
正对着墙且距离墙最远.csv,970,center_far,far,steady,19.47,232.0,20.0,212.0,183.0,20.0,163.0,0,1
正对着墙且距离墙最远.csv,971,center_far,far,steady,19.49,215.0,20.0,195.0,215.0,20.0,195.0,0,1
正对着墙且距离墙最远.csv,972,center_far,far,steady,19.51,234.0,20.0,214.0,215.0,20.0,195.0,0,1
正对着墙且距离墙最远.csv,973,center_far,far,steady,19.53,183.0,20.0,163.0,183.0,20.0,163.0,0,1
正对着墙且距离墙最远.csv,974,center_far,far,steady,19.551,166.0,20.0,146.0,183.0,20.0,163.0,0,1
正对着墙且距离墙最远.csv,975,center_far,far,steady,19.571,233.0,20.0,213.0,183.0,20.0,163.0,0,1
正对着墙且距离墙最远.csv,976,center_far,far,steady,19.591,201.0,20.0,181.0,201.0,20.0,181.0,0,1
正对着墙且距离墙最远.csv,977,center_far,far,steady,19.611,209.0,20.0,189.0,209.0,20.0,189.0,0,1
正对着墙且距离墙最远.csv,978,center_far,far,steady,19.631,166.0,21.0,145.0,209.0,20.0,189.0,0,1
正对着墙且距离墙最远.csv,979,center_far,far,steady,19.651,167.0,20.0,147.0,201.0,20.0,181.0,0,1
正对着墙且距离墙最远.csv,980,center_far,far,steady,19.671,184.0,33.0,151.0,184.0,20.0,164.0,0,1
正对着墙且距离墙最远.csv,981,center_far,far,steady,19.691,34.0,29.0,5.0,183.0,20.0,163.0,0,1
正对着墙且距离墙最远.csv,982,center_far,far,steady,19.711,225.0,32.0,193.0,184.0,20.0,164.0,0,1
正对着墙且距离墙最远.csv,983,center_far,far,steady,19.732,444.0,20.0,424.0,201.0,20.0,181.0,0,1
正对着墙且距离墙最远.csv,984,center_far,far,steady,19.752,608.0,20.0,588.0,201.0,20.0,181.0,0,1
正对着墙且距离墙最远.csv,985,center_far,far,steady,19.772,183.0,20.0,163.0,184.0,20.0,164.0,0,1
正对着墙且距离墙最远.csv,986,center_far,far,steady,19.792,444.0,21.0,423.0,184.0,21.0,163.0,0,1
正对着墙且距离墙最远.csv,987,center_far,far,steady,19.812,166.0,20.0,146.0,184.0,20.0,164.0,0,1
正对着墙且距离墙最远.csv,988,center_far,far,steady,19.832,17.0,21.0,-4.0,184.0,21.0,163.0,0,1
正对着墙且距离墙最远.csv,989,center_far,far,steady,19.852,183.0,20.0,163.0,183.0,20.0,163.0,0,1
正对着墙且距离墙最远.csv,990,center_far,far,steady,19.872,17.0,21.0,-4.0,183.0,20.0,163.0,0,1
正对着墙且距离墙最远.csv,991,center_far,far,steady,19.893,183.0,20.0,163.0,183.0,20.0,163.0,0,1
正对着墙且距离墙最远.csv,992,center_far,far,steady,19.913,329.0,20.0,309.0,183.0,20.0,163.0,0,1
正对着墙且距离墙最远.csv,993,center_far,far,steady,19.933,560.0,20.0,540.0,183.0,20.0,163.0,0,1
正对着墙且距离墙最远.csv,994,center_far,far,steady,19.953,217.0,20.0,197.0,183.0,20.0,163.0,0,1
正对着墙且距离墙最远.csv,995,center_far,far,steady,19.973,209.0,21.0,188.0,183.0,20.0,163.0,0,1
正对着墙且距离墙最远.csv,996,center_far,far,steady,19.993,84.0,19.0,65.0,183.0,20.0,163.0,0,1
正对着墙且距离墙最远.csv,997,center_far,far,steady,20.013,118.0,20.0,98.0,183.0,20.0,163.0,0,1
正对着墙且距离墙最远.csv,998,center_far,far,steady,20.033,183.0,20.0,163.0,183.0,20.0,163.0,0,1
正对着墙且距离墙最远.csv,999,center_far,far,steady,20.053,216.0,21.0,195.0,209.0,20.0,189.0,0,1
正对着墙且距离墙最远.csv,1000,center_far,far,steady,20.074,200.0,20.0,180.0,209.0,20.0,189.0,0,1
正对着墙且距离墙最远.csv,1001,center_far,far,steady,20.094,151.0,20.0,131.0,200.0,20.0,180.0,0,1
正对着墙且距离墙最远.csv,1002,center_far,far,steady,20.114,25.0,26.0,-1.0,183.0,20.0,163.0,0,1
正对着墙且距离墙最远.csv,1003,center_far,far,steady,20.134,184.0,31.0,153.0,183.0,20.0,163.0,0,1
正对着墙且距离墙最远.csv,1004,center_far,far,steady,20.154,380.0,33.0,347.0,183.0,20.0,163.0,0,1
正对着墙且距离墙最远.csv,1005,center_far,far,steady,20.174,231.0,20.0,211.0,184.0,20.0,164.0,0,1
正对着墙且距离墙最远.csv,1006,center_far,far,steady,20.194,200.0,21.0,179.0,200.0,21.0,179.0,0,1
正对着墙且距离墙最远.csv,1007,center_far,far,steady,20.214,201.0,25.0,176.0,200.0,21.0,179.0,0,1
正对着墙且距离墙最远.csv,1008,center_far,far,steady,20.234,107.0,20.0,87.0,200.0,21.0,179.0,0,1
正对着墙且距离墙最远.csv,1009,center_far,far,steady,20.255,166.0,20.0,146.0,184.0,21.0,163.0,0,1
正对着墙且距离墙最远.csv,1010,center_far,far,steady,20.275,17.0,20.0,-3.0,184.0,21.0,163.0,0,1
正对着墙且距离墙最远.csv,1011,center_far,far,steady,20.295,52.0,20.0,32.0,184.0,20.0,164.0,0,1
正对着墙且距离墙最远.csv,1012,center_far,far,steady,20.315,217.0,20.0,197.0,200.0,20.0,180.0,0,1
正对着墙且距离墙最远.csv,1013,center_far,far,steady,20.335,411.0,20.0,391.0,200.0,20.0,180.0,0,1
正对着墙且距离墙最远.csv,1014,center_far,far,steady,20.355,184.0,20.0,164.0,184.0,20.0,164.0,0,1
正对着墙且距离墙最远.csv,1015,center_far,far,steady,20.375,184.0,20.0,164.0,184.0,20.0,164.0,0,1
正对着墙且距离墙最远.csv,1016,center_far,far,steady,20.395,268.0,21.0,247.0,184.0,20.0,164.0,0,1
正对着墙且距离墙最远.csv,1017,center_far,far,steady,20.415,200.0,21.0,179.0,184.0,20.0,164.0,0,1
正对着墙且距离墙最远.csv,1018,center_far,far,steady,20.436,200.0,21.0,179.0,200.0,20.0,180.0,0,1
正对着墙且距离墙最远.csv,1019,center_far,far,steady,20.456,185.0,21.0,164.0,200.0,20.0,180.0,0,1
正对着墙且距离墙最远.csv,1020,center_far,far,steady,20.476,86.0,21.0,65.0,200.0,21.0,179.0,0,1
正对着墙且距离墙最远.csv,1021,center_far,far,steady,20.496,191.0,21.0,170.0,191.0,21.0,170.0,0,1
正对着墙且距离墙最远.csv,1022,center_far,far,steady,20.516,298.0,19.0,279.0,191.0,21.0,170.0,0,1
正对着墙且距离墙最远.csv,1023,center_far,far,steady,20.536,234.0,19.0,215.0,200.0,21.0,179.0,0,1
正对着墙且距离墙最远.csv,1024,center_far,far,steady,20.556,202.0,33.0,169.0,200.0,21.0,179.0,0,1
正对着墙且距离墙最远.csv,1025,center_far,far,steady,20.576,152.0,30.0,122.0,200.0,21.0,179.0,0,1
正对着墙且距离墙最远.csv,1026,center_far,far,steady,20.597,194.0,20.0,174.0,194.0,21.0,173.0,0,1
正对着墙且距离墙最远.csv,1027,center_far,far,steady,20.617,396.0,20.0,376.0,194.0,21.0,173.0,0,1
正对着墙且距离墙最远.csv,1028,center_far,far,steady,20.638,250.0,20.0,230.0,202.0,20.0,182.0,0,1
正对着墙且距离墙最远.csv,1029,center_far,far,steady,20.658,217.0,20.0,197.0,217.0,20.0,197.0,0,1
正对着墙且距离墙最远.csv,1030,center_far,far,steady,20.678,216.0,20.0,196.0,217.0,20.0,197.0,0,1
正对着墙且距离墙最远.csv,1031,center_far,far,steady,20.698,17.0,20.0,-3.0,216.0,20.0,196.0,0,1
正对着墙且距离墙最远.csv,1032,center_far,far,steady,20.718,17.0,21.0,-4.0,202.0,20.0,182.0,0,1
正对着墙且距离墙最远.csv,1033,center_far,far,steady,20.738,184.0,20.0,164.0,194.0,20.0,174.0,0,1
正对着墙且距离墙最远.csv,1034,center_far,far,steady,20.758,348.0,20.0,328.0,216.0,20.0,196.0,0,1
正对着墙且距离墙最远.csv,1035,center_far,far,steady,20.778,216.0,20.0,196.0,216.0,20.0,196.0,0,1
正对着墙且距离墙最远.csv,1036,center_far,far,steady,20.798,532.0,21.0,511.0,216.0,20.0,196.0,0,1
正对着墙且距离墙最远.csv,1037,center_far,far,steady,20.819,494.0,21.0,473.0,216.0,20.0,196.0,0,1
正对着墙且距离墙最远.csv,1038,center_far,far,steady,20.839,167.0,21.0,146.0,216.0,20.0,196.0,0,1
正对着墙且距离墙最远.csv,1039,center_far,far,steady,20.859,167.0,20.0,147.0,184.0,20.0,164.0,0,1
正对着墙且距离墙最远.csv,1040,center_far,far,steady,20.879,51.0,34.0,17.0,184.0,21.0,163.0,0,1
正对着墙且距离墙最远.csv,1041,center_far,far,steady,20.899,33.0,26.0,7.0,184.0,21.0,163.0,0,1
正对着墙且距离墙最远.csv,1042,center_far,far,steady,20.919,200.0,20.0,180.0,200.0,21.0,179.0,0,1
正对着墙且距离墙最远.csv,1043,center_far,far,steady,20.939,349.0,20.0,329.0,200.0,21.0,179.0,0,1
正对着墙且距离墙最远.csv,1044,center_far,far,steady,20.959,182.0,20.0,162.0,182.0,21.0,161.0,0,1
正对着墙且距离墙最远.csv,1045,center_far,far,steady,20.979,345.0,20.0,325.0,182.0,20.0,162.0,0,1
正对着墙且距离墙最远.csv,1046,center_far,far,steady,20.999,234.0,20.0,214.0,182.0,20.0,162.0,0,1
正对着墙且距离墙最远.csv,1047,center_far,far,steady,21.019,216.0,20.0,196.0,200.0,20.0,180.0,0,1
正对着墙且距离墙最远.csv,1048,center_far,far,steady,21.039,218.0,20.0,198.0,216.0,20.0,196.0,0,1
正对着墙且距离墙最远.csv,1049,center_far,far,steady,21.059,150.0,20.0,130.0,216.0,20.0,196.0,0,1
正对着墙且距离墙最远.csv,1050,center_far,far,steady,21.08,183.0,20.0,163.0,216.0,20.0,196.0,0,1
正对着墙且距离墙最远.csv,1051,center_far,far,steady,21.1,168.0,21.0,147.0,216.0,20.0,196.0,0,1
正对着墙且距离墙最远.csv,1052,center_far,far,steady,21.12,216.0,23.0,193.0,216.0,20.0,196.0,0,1
正对着墙且距离墙最远.csv,1053,center_far,far,steady,21.14,219.0,21.0,198.0,216.0,20.0,196.0,0,1
正对着墙且距离墙最远.csv,1054,center_far,far,steady,21.16,17.0,20.0,-3.0,216.0,20.0,196.0,0,1
正对着墙且距离墙最远.csv,1055,center_far,far,steady,21.18,83.0,21.0,62.0,183.0,20.0,163.0,0,1
正对着墙且距离墙最远.csv,1056,center_far,far,steady,21.2,167.0,20.0,147.0,168.0,20.0,148.0,0,1
正对着墙且距离墙最远.csv,1057,center_far,far,steady,21.22,559.0,21.0,538.0,168.0,21.0,147.0,0,1
正对着墙且距离墙最远.csv,1058,center_far,far,steady,21.24,234.0,21.0,213.0,183.0,21.0,162.0,0,1
正对着墙且距离墙最远.csv,1059,center_far,far,steady,21.26,216.0,20.0,196.0,216.0,21.0,195.0,0,1
正对着墙且距离墙最远.csv,1060,center_far,far,steady,21.281,363.0,20.0,343.0,216.0,21.0,195.0,0,1
正对着墙且距离墙最远.csv,1061,center_far,far,steady,21.301,25.0,20.0,5.0,216.0,20.0,196.0,0,1
正对着墙且距离墙最远.csv,1062,center_far,far,steady,21.321,183.0,19.0,164.0,183.0,20.0,163.0,0,1
正对着墙且距离墙最远.csv,1063,center_far,far,steady,21.341,16.0,20.0,-4.0,183.0,20.0,163.0,0,1
正对着墙且距离墙最远.csv,1064,center_far,far,steady,21.361,281.0,20.0,261.0,216.0,20.0,196.0,0,1
正对着墙且距离墙最远.csv,1065,center_far,far,steady,21.381,216.0,21.0,195.0,216.0,20.0,196.0,0,1
正对着墙且距离墙最远.csv,1066,center_far,far,steady,21.401,583.0,21.0,562.0,216.0,20.0,196.0,0,1
正对着墙且距离墙最远.csv,1067,center_far,far,steady,21.421,183.0,20.0,163.0,216.0,20.0,196.0,0,1
正对着墙且距离墙最远.csv,1068,center_far,far,steady,21.441,184.0,20.0,164.0,184.0,20.0,164.0,0,1
正对着墙且距离墙最远.csv,1069,center_far,far,steady,21.461,233.0,20.0,213.0,184.0,20.0,164.0,0,1
正对着墙且距离墙最远.csv,1070,center_far,far,steady,21.482,167.0,20.0,147.0,184.0,20.0,164.0,0,1
正对着墙且距离墙最远.csv,1071,center_far,far,steady,21.502,224.0,20.0,204.0,216.0,20.0,196.0,0,1
正对着墙且距离墙最远.csv,1072,center_far,far,steady,21.522,167.0,21.0,146.0,216.0,20.0,196.0,0,1
正对着墙且距离墙最远.csv,1073,center_far,far,steady,21.542,168.0,22.0,146.0,184.0,20.0,164.0,0,1
正对着墙且距离墙最远.csv,1074,center_far,far,steady,21.562,185.0,33.0,152.0,184.0,20.0,164.0,0,1
正对着墙且距离墙最远.csv,1075,center_far,far,steady,21.582,167.0,20.0,147.0,183.0,20.0,163.0,0,1
车子右偏且从90度往正中间转且离墙居中位置转.csv,2,right_bias,middle,start,0.003,17.0,20.0,-3.0,17.0,20.0,-3.0,0,1
车子右偏且从90度往正中间转且离墙居中位置转.csv,3,right_bias,middle,start,0.023,16.0,21.0,-5.0,16.5,20.5,-4.0,0,1
车子右偏且从90度往正中间转且离墙居中位置转.csv,4,right_bias,middle,start,0.043,25.0,21.0,4.0,17.0,21.0,-4.0,0,1
车子右偏且从90度往正中间转且离墙居中位置转.csv,5,right_bias,middle,start,0.063,69.0,21.0,48.0,21.0,21.0,0.0,0,1
车子右偏且从90度往正中间转且离墙居中位置转.csv,6,right_bias,middle,start,0.084,17.0,22.0,-5.0,17.0,21.0,-4.0,0,1
车子右偏且从90度往正中间转且离墙居中位置转.csv,7,right_bias,middle,start,0.104,138.0,23.0,115.0,21.0,21.0,0.0,0,1
车子右偏且从90度往正中间转且离墙居中位置转.csv,8,right_bias,middle,start,0.124,16.0,20.0,-4.0,17.0,21.0,-4.0,0,1
车子右偏且从90度往正中间转且离墙居中位置转.csv,9,right_bias,middle,start,0.144,19.0,34.0,-15.0,18.0,21.0,-3.0,0,1
车子右偏且从90度往正中间转且离墙居中位置转.csv,10,right_bias,middle,start,0.164,17.0,21.0,-4.0,17.0,21.0,-4.0,0,1
车子右偏且从90度往正中间转且离墙居中位置转.csv,11,right_bias,middle,start,0.184,17.0,21.0,-4.0,17.0,21.0,-4.0,0,1
车子右偏且从90度往正中间转且离墙居中位置转.csv,12,right_bias,middle,start,0.204,41.0,20.0,21.0,19.0,21.0,-2.0,0,1
车子右偏且从90度往正中间转且离墙居中位置转.csv,13,right_bias,middle,start,0.224,185.0,34.0,151.0,19.0,21.0,-2.0,0,1
车子右偏且从90度往正中间转且离墙居中位置转.csv,14,right_bias,middle,start,0.244,33.0,21.0,12.0,19.0,21.0,-2.0,0,1
车子右偏且从90度往正中间转且离墙居中位置转.csv,15,right_bias,middle,start,0.265,18.0,20.0,-2.0,19.0,21.0,-2.0,0,1
车子右偏且从90度往正中间转且离墙居中位置转.csv,16,right_bias,middle,start,0.285,18.0,22.0,-4.0,18.0,21.0,-3.0,0,1
车子右偏且从90度往正中间转且离墙居中位置转.csv,17,right_bias,middle,start,0.305,26.0,21.0,5.0,19.0,21.0,-2.0,0,1
车子右偏且从90度往正中间转且离墙居中位置转.csv,18,right_bias,middle,start,0.325,53.0,21.0,32.0,26.0,21.0,5.0,0,1
车子右偏且从90度往正中间转且离墙居中位置转.csv,19,right_bias,middle,start,0.345,16.0,20.0,-4.0,26.0,21.0,5.0,0,1
车子右偏且从90度往正中间转且离墙居中位置转.csv,20,right_bias,middle,start,0.365,119.0,20.0,99.0,33.0,21.0,12.0,0,1
车子右偏且从90度往正中间转且离墙居中位置转.csv,21,right_bias,middle,start,0.385,16.0,20.0,-4.0,26.0,21.0,5.0,0,1
车子右偏且从90度往正中间转且离墙居中位置转.csv,22,right_bias,middle,start,0.405,18.0,21.0,-3.0,18.0,21.0,-3.0,0,1
车子右偏且从90度往正中间转且离墙居中位置转.csv,23,right_bias,middle,start,0.425,52.0,20.0,32.0,18.0,20.0,-2.0,0,1
车子右偏且从90度往正中间转且离墙居中位置转.csv,24,right_bias,middle,start,0.446,14.0,20.0,-6.0,18.0,20.0,-2.0,0,1
车子右偏且从90度往正中间转且离墙居中位置转.csv,25,right_bias,middle,start,0.466,52.0,20.0,32.0,26.0,20.0,6.0,0,1
车子右偏且从90度往正中间转且离墙居中位置转.csv,26,right_bias,middle,start,0.486,17.0,20.0,-3.0,18.0,20.0,-2.0,0,1
车子右偏且从90度往正中间转且离墙居中位置转.csv,27,right_bias,middle,start,0.506,28.0,20.0,8.0,18.0,20.0,-2.0,0,1
车子右偏且从90度往正中间转且离墙居中位置转.csv,28,right_bias,middle,start,0.526,17.0,20.0,-3.0,18.0,20.0,-2.0,0,1
车子右偏且从90度往正中间转且离墙居中位置转.csv,29,right_bias,middle,start,0.546,168.0,30.0,138.0,18.0,20.0,-2.0,0,1
车子右偏且从90度往正中间转且离墙居中位置转.csv,30,right_bias,middle,start,0.566,85.0,20.0,65.0,28.0,20.0,8.0,0,1
车子右偏且从90度往正中间转且离墙居中位置转.csv,31,right_bias,middle,start,0.586,101.0,20.0,81.0,52.0,20.0,32.0,0,1
车子右偏且从90度往正中间转且离墙居中位置转.csv,32,right_bias,middle,start,0.606,28.0,21.0,7.0,28.0,20.0,8.0,0,1
车子右偏且从90度往正中间转且离墙居中位置转.csv,33,right_bias,middle,start,0.626,17.0,19.0,-2.0,28.0,20.0,8.0,0,1
车子右偏且从90度往正中间转且离墙居中位置转.csv,34,right_bias,middle,start,0.646,33.0,19.0,14.0,28.0,20.0,8.0,0,1
车子右偏且从90度往正中间转且离墙居中位置转.csv,35,right_bias,middle,start,0.667,16.0,20.0,-4.0,28.0,20.0,8.0,0,1
车子右偏且从90度往正中间转且离墙居中位置转.csv,36,right_bias,middle,start,0.687,41.0,20.0,21.0,33.0,20.0,13.0,0,1
车子右偏且从90度往正中间转且离墙居中位置转.csv,37,right_bias,middle,start,0.707,249.0,20.0,229.0,41.0,20.0,21.0,0,1
车子右偏且从90度往正中间转且离墙居中位置转.csv,38,right_bias,middle,start,0.727,84.0,20.0,64.0,41.0,20.0,21.0,0,1
车子右偏且从90度往正中间转且离墙居中位置转.csv,39,right_bias,middle,start,0.747,16.0,21.0,-5.0,33.0,20.0,13.0,0,1
车子右偏且从90度往正中间转且离墙居中位置转.csv,40,right_bias,middle,start,0.767,17.0,25.0,-8.0,28.0,20.0,8.0,0,1
车子右偏且从90度往正中间转且离墙居中位置转.csv,41,right_bias,middle,start,0.787,17.0,32.0,-15.0,17.0,20.0,-3.0,0,1
车子右偏且从90度往正中间转且离墙居中位置转.csv,42,right_bias,middle,start,0.807,53.0,20.0,33.0,33.0,20.0,13.0,0,1
车子右偏且从90度往正中间转且离墙居中位置转.csv,43,right_bias,middle,start,0.827,85.0,20.0,65.0,41.0,20.0,21.0,0,1
车子右偏且从90度往正中间转且离墙居中位置转.csv,44,right_bias,middle,start,0.847,118.0,21.0,97.0,53.0,20.0,33.0,0,1
车子右偏且从90度往正中间转且离墙居中位置转.csv,45,right_bias,middle,start,0.868,33.0,20.0,13.0,53.0,20.0,33.0,0,1
车子右偏且从90度往正中间转且离墙居中位置转.csv,46,right_bias,middle,start,0.888,18.0,27.0,-9.0,33.0,21.0,12.0,0,1
车子右偏且从90度往正中间转且离墙居中位置转.csv,47,right_bias,middle,start,0.908,53.0,20.0,33.0,33.0,21.0,12.0,0,1
车子右偏且从90度往正中间转且离墙居中位置转.csv,48,right_bias,middle,start,0.928,25.0,21.0,4.0,33.0,21.0,12.0,0,1
车子右偏且从90度往正中间转且离墙居中位置转.csv,49,right_bias,middle,start,0.948,68.0,20.0,48.0,53.0,20.0,33.0,0,1
车子右偏且从90度往正中间转且离墙居中位置转.csv,50,right_bias,middle,start,0.968,19.0,21.0,-2.0,53.0,20.0,33.0,0,1
车子右偏且从90度往正中间转且离墙居中位置转.csv,51,right_bias,middle,start,0.988,18.0,20.0,-2.0,33.0,20.0,13.0,0,1
车子右偏且从90度往正中间转且离墙居中位置转.csv,52,right_bias,middle,start,1.008,43.0,20.0,23.0,33.0,20.0,13.0,0,1
车子右偏且从90度往正中间转且离墙居中位置转.csv,53,right_bias,middle,start,1.028,183.0,20.0,163.0,33.0,20.0,13.0,0,1
车子右偏且从90度往正中间转且离墙居中位置转.csv,54,right_bias,middle,start,1.048,32.0,20.0,12.0,32.0,20.0,12.0,0,1
车子右偏且从90度往正中间转且离墙居中位置转.csv,55,right_bias,middle,start,1.069,19.0,20.0,-1.0,32.0,20.0,12.0,0,1
车子右偏且从90度往正中间转且离墙居中位置转.csv,56,right_bias,middle,start,1.089,25.0,32.0,-7.0,25.0,20.0,5.0,0,1
车子右偏且从90度往正中间转且离墙居中位置转.csv,57,right_bias,middle,start,1.109,17.0,21.0,-4.0,25.0,20.0,5.0,0,1
车子右偏且从90度往正中间转且离墙居中位置转.csv,58,right_bias,middle,start,1.129,52.0,20.0,32.0,25.0,20.0,5.0,0,1
车子右偏且从90度往正中间转且离墙居中位置转.csv,59,right_bias,middle,start,1.149,16.0,20.0,-4.0,25.0,20.0,5.0,0,1
车子右偏且从90度往正中间转且离墙居中位置转.csv,60,right_bias,middle,start,1.169,282.0,20.0,262.0,32.0,20.0,12.0,0,1
车子右偏且从90度往正中间转且离墙居中位置转.csv,61,right_bias,middle,start,1.189,25.0,19.0,6.0,25.0,20.0,5.0,0,1
车子右偏且从90度往正中间转且离墙居中位置转.csv,62,right_bias,middle,start,1.209,68.0,21.0,47.0,25.0,20.0,5.0,0,1
车子右偏且从90度往正中间转且离墙居中位置转.csv,63,right_bias,middle,start,1.229,16.0,20.0,-4.0,25.0,20.0,5.0,0,1
车子右偏且从90度往正中间转且离墙居中位置转.csv,64,right_bias,middle,start,1.249,18.0,19.0,-1.0,25.0,20.0,5.0,0,1
车子右偏且从90度往正中间转且离墙居中位置转.csv,65,right_bias,middle,start,1.269,41.0,19.0,22.0,25.0,20.0,5.0,0,1
车子右偏且从90度往正中间转且离墙居中位置转.csv,66,right_bias,middle,start,1.289,52.0,20.0,32.0,41.0,20.0,21.0,0,1
车子右偏且从90度往正中间转且离墙居中位置转.csv,67,right_bias,middle,start,1.31,100.0,20.0,80.0,41.0,20.0,21.0,0,1
车子右偏且从90度往正中间转且离墙居中位置转.csv,68,right_bias,middle,start,1.33,26.0,19.0,7.0,41.0,20.0,21.0,0,1
车子右偏且从90度往正中间转且离墙居中位置转.csv,69,right_bias,middle,start,1.35,17.0,20.0,-3.0,26.0,20.0,6.0,0,1
车子右偏且从90度往正中间转且离墙居中位置转.csv,70,right_bias,middle,start,1.37,17.0,20.0,-3.0,26.0,20.0,6.0,0,1
车子右偏且从90度往正中间转且离墙居中位置转.csv,71,right_bias,middle,start,1.39,32.0,21.0,11.0,26.0,20.0,6.0,0,1
车子右偏且从90度往正中间转且离墙居中位置转.csv,72,right_bias,middle,start,1.41,18.0,20.0,-2.0,26.0,20.0,6.0,0,1
车子右偏且从90度往正中间转且离墙居中位置转.csv,73,right_bias,middle,start,1.43,17.0,20.0,-3.0,26.0,20.0,6.0,0,1
车子右偏且从90度往正中间转且离墙居中位置转.csv,74,right_bias,middle,start,1.45,17.0,19.0,-2.0,18.0,20.0,-2.0,0,1
车子右偏且从90度往正中间转且离墙居中位置转.csv,75,right_bias,middle,start,1.47,17.0,21.0,-4.0,17.0,20.0,-3.0,0,1
车子右偏且从90度往正中间转且离墙居中位置转.csv,76,right_bias,middle,start,1.491,32.0,20.0,12.0,17.0,20.0,-3.0,0,1
车子右偏且从90度往正中间转且离墙居中位置转.csv,77,right_bias,middle,start,1.511,54.0,20.0,34.0,17.0,20.0,-3.0,0,1
车子右偏且从90度往正中间转且离墙居中位置转.csv,78,right_bias,middle,start,1.531,85.0,20.0,65.0,18.0,20.0,-2.0,0,1
车子右偏且从90度往正中间转且离墙居中位置转.csv,79,right_bias,middle,start,1.551,26.0,21.0,5.0,26.0,20.0,6.0,0,1
车子右偏且从90度往正中间转且离墙居中位置转.csv,80,right_bias,middle,start,1.571,19.0,19.0,0.0,19.0,20.0,-1.0,0,1
车子右偏且从90度往正中间转且离墙居中位置转.csv,81,right_bias,middle,start,1.591,23.0,21.0,2.0,23.0,20.0,3.0,0,1
车子右偏且从90度往正中间转且离墙居中位置转.csv,82,right_bias,middle,start,1.611,17.0,20.0,-3.0,23.0,20.0,3.0,0,1
车子右偏且从90度往正中间转且离墙居中位置转.csv,83,right_bias,middle,start,1.631,33.0,20.0,13.0,26.0,20.0,6.0,0,1
车子右偏且从90度往正中间转且离墙居中位置转.csv,84,right_bias,middle,start,1.651,251.0,20.0,231.0,32.0,20.0,12.0,0,1
车子右偏且从90度往正中间转且离墙居中位置转.csv,85,right_bias,middle,start,1.671,25.0,20.0,5.0,26.0,20.0,6.0,0,1
车子右偏且从90度往正中间转且离墙居中位置转.csv,86,right_bias,middle,start,1.692,17.0,20.0,-3.0,25.0,20.0,5.0,0,1
车子右偏且从90度往正中间转且离墙居中位置转.csv,87,right_bias,middle,start,1.712,41.0,20.0,21.0,25.0,20.0,5.0,0,1
车子右偏且从90度往正中间转且离墙居中位置转.csv,88,right_bias,middle,start,1.732,16.0,20.0,-4.0,23.0,20.0,3.0,0,1
车子右偏且从90度往正中间转且离墙居中位置转.csv,89,right_bias,middle,start,1.752,70.0,20.0,50.0,25.0,20.0,5.0,0,1
车子右偏且从90度往正中间转且离墙居中位置转.csv,90,right_bias,middle,start,1.772,297.0,20.0,277.0,33.0,20.0,13.0,0,1
车子右偏且从90度往正中间转且离墙居中位置转.csv,91,right_bias,middle,start,1.792,26.0,20.0,6.0,33.0,20.0,13.0,0,1
车子右偏且从90度往正中间转且离墙居中位置转.csv,92,right_bias,middle,start,1.812,25.0,20.0,5.0,26.0,20.0,6.0,0,1
车子右偏且从90度往正中间转且离墙居中位置转.csv,93,right_bias,middle,start,1.832,83.0,19.0,64.0,26.0,20.0,6.0,0,1
车子右偏且从90度往正中间转且离墙居中位置转.csv,94,right_bias,middle,start,1.852,24.0,20.0,4.0,26.0,20.0,6.0,0,1
车子右偏且从90度往正中间转且离墙居中位置转.csv,95,right_bias,middle,start,1.873,68.0,20.0,48.0,41.0,20.0,21.0,0,1
车子右偏且从90度往正中间转且离墙居中位置转.csv,96,right_bias,middle,start,1.893,20.0,20.0,0.0,26.0,20.0,6.0,0,1
车子右偏且从90度往正中间转且离墙居中位置转.csv,97,right_bias,middle,start,1.913,26.0,20.0,6.0,26.0,20.0,6.0,0,1
车子右偏且从90度往正中间转且离墙居中位置转.csv,98,right_bias,middle,start,1.933,17.0,21.0,-4.0,26.0,20.0,6.0,0,1
车子右偏且从90度往正中间转且离墙居中位置转.csv,99,right_bias,middle,start,1.953,19.0,20.0,-1.0,25.0,20.0,5.0,0,1
车子右偏且从90度往正中间转且离墙居中位置转.csv,100,right_bias,middle,start,1.973,152.0,21.0,131.0,25.0,20.0,5.0,0,1
车子右偏且从90度往正中间转且离墙居中位置转.csv,101,right_bias,middle,start,1.993,53.0,29.0,24.0,26.0,20.0,6.0,0,1
车子右偏且从90度往正中间转且离墙居中位置转.csv,102,right_bias,middle,start,2.013,90.0,22.0,68.0,26.0,20.0,6.0,0,1
车子右偏且从90度往正中间转且离墙居中位置转.csv,103,right_bias,middle,start,2.033,18.0,21.0,-3.0,26.0,21.0,5.0,0,1
车子右偏且从90度往正中间转且离墙居中位置转.csv,104,right_bias,middle,start,2.054,17.0,20.0,-3.0,20.0,21.0,-1.0,0,1
车子右偏且从90度往正中间转且离墙居中位置转.csv,105,right_bias,middle,start,2.074,52.0,20.0,32.0,26.0,21.0,5.0,0,1
车子右偏且从90度往正中间转且离墙居中位置转.csv,106,right_bias,middle,start,2.094,68.0,20.0,48.0,52.0,21.0,31.0,0,1
车子右偏且从90度往正中间转且离墙居中位置转.csv,107,right_bias,middle,start,2.114,61.0,20.0,41.0,53.0,20.0,33.0,0,1
车子右偏且从90度往正中间转且离墙居中位置转.csv,108,right_bias,middle,start,2.134,26.0,19.0,7.0,53.0,20.0,33.0,0,1
车子右偏且从90度往正中间转且离墙居中位置转.csv,109,right_bias,middle,start,2.154,16.0,20.0,-4.0,52.0,20.0,32.0,0,1
车子右偏且从90度往正中间转且离墙居中位置转.csv,110,right_bias,middle,start,2.174,16.0,20.0,-4.0,26.0,20.0,6.0,0,1
车子右偏且从90度往正中间转且离墙居中位置转.csv,111,right_bias,middle,start,2.194,42.0,20.0,22.0,26.0,20.0,6.0,0,1
车子右偏且从90度往正中间转且离墙居中位置转.csv,112,right_bias,middle,start,2.214,20.0,21.0,-1.0,26.0,20.0,6.0,0,1
车子右偏且从90度往正中间转且离墙居中位置转.csv,113,right_bias,middle,start,2.234,298.0,20.0,278.0,42.0,20.0,22.0,0,1
车子右偏且从90度往正中间转且离墙居中位置转.csv,114,right_bias,middle,start,2.255,17.0,20.0,-3.0,26.0,20.0,6.0,0,1
车子右偏且从90度往正中间转且离墙居中位置转.csv,115,right_bias,middle,start,2.275,32.0,20.0,12.0,26.0,20.0,6.0,0,1
车子右偏且从90度往正中间转且离墙居中位置转.csv,116,right_bias,middle,start,2.295,16.0,21.0,-5.0,20.0,20.0,0.0,0,1
车子右偏且从90度往正中间转且离墙居中位置转.csv,117,right_bias,middle,start,2.315,16.0,21.0,-5.0,17.0,20.0,-3.0,0,1
车子右偏且从90度往正中间转且离墙居中位置转.csv,118,right_bias,middle,start,2.335,42.0,26.0,16.0,20.0,20.0,0.0,0,1
车子右偏且从90度往正中间转且离墙居中位置转.csv,119,right_bias,middle,start,2.355,117.0,21.0,96.0,32.0,21.0,11.0,0,1
车子右偏且从90度往正中间转且离墙居中位置转.csv,120,right_bias,middle,start,2.375,17.0,20.0,-3.0,20.0,21.0,-1.0,0,1
车子右偏且从90度往正中间转且离墙居中位置转.csv,121,right_bias,middle,start,2.395,19.0,18.0,1.0,19.0,20.0,-1.0,0,1
车子右偏且从90度往正中间转且离墙居中位置转.csv,122,right_bias,middle,start,2.415,42.0,19.0,23.0,19.0,20.0,-1.0,0,1
车子右偏且从90度往正中间转且离墙居中位置转.csv,123,right_bias,middle,start,2.435,32.0,19.0,13.0,32.0,20.0,12.0,0,1
车子右偏且从90度往正中间转且离墙居中位置转.csv,124,right_bias,middle,start,2.456,166.0,19.0,147.0,32.0,20.0,12.0,0,1
车子右偏且从90度往正中间转且离墙居中位置转.csv,125,right_bias,middle,start,2.476,90.0,20.0,70.0,42.0,20.0,22.0,0,1
车子右偏且从90度往正中间转且离墙居中位置转.csv,126,right_bias,middle,start,2.496,17.0,19.0,-2.0,42.0,19.0,23.0,0,1
车子右偏且从90度往正中间转且离墙居中位置转.csv,127,right_bias,middle,start,2.516,19.0,20.0,-1.0,32.0,19.0,13.0,0,1
车子右偏且从90度往正中间转且离墙居中位置转.csv,128,right_bias,middle,start,2.536,16.0,21.0,-5.0,19.0,19.0,0.0,0,1
车子右偏且从90度往正中间转且离墙居中位置转.csv,129,right_bias,middle,start,2.556,42.0,21.0,21.0,32.0,19.0,13.0,0,1
车子右偏且从90度往正中间转且离墙居中位置转.csv,130,right_bias,middle,start,2.576,200.0,20.0,180.0,42.0,20.0,22.0,0,1
车子右偏且从90度往正中间转且离墙居中位置转.csv,131,right_bias,middle,start,2.596,183.0,20.0,163.0,42.0,20.0,22.0,0,1
车子右偏且从90度往正中间转且离墙居中位置转.csv,132,right_bias,middle,start,2.616,17.0,20.0,-3.0,42.0,20.0,22.0,0,1
车子右偏且从90度往正中间转且离墙居中位置转.csv,133,right_bias,middle,start,2.637,17.0,23.0,-6.0,19.0,20.0,-1.0,0,1
车子右偏且从90度往正中间转且离墙居中位置转.csv,134,right_bias,middle,start,2.657,16.0,20.0,-4.0,17.0,20.0,-3.0,0,1
车子右偏且从90度往正中间转且离墙居中位置转.csv,135,right_bias,middle,start,2.677,17.0,20.0,-3.0,17.0,20.0,-3.0,0,1
车子右偏且从90度往正中间转且离墙居中位置转.csv,136,right_bias,middle,start,2.697,33.0,20.0,13.0,17.0,20.0,-3.0,0,1
车子右偏且从90度往正中间转且离墙居中位置转.csv,137,right_bias,middle,start,2.717,281.0,20.0,261.0,33.0,20.0,13.0,0,1
车子右偏且从90度往正中间转且离墙居中位置转.csv,138,right_bias,middle,start,2.737,32.0,20.0,12.0,32.0,20.0,12.0,0,1
车子右偏且从90度往正中间转且离墙居中位置转.csv,139,right_bias,middle,start,2.757,17.0,20.0,-3.0,17.0,20.0,-3.0,0,1
车子右偏且从90度往正中间转且离墙居中位置转.csv,140,right_bias,middle,start,2.777,41.0,20.0,21.0,17.0,20.0,-3.0,0,1
车子右偏且从90度往正中间转且离墙居中位置转.csv,141,right_bias,middle,start,2.797,17.0,20.0,-3.0,17.0,20.0,-3.0,0,1
车子右偏且从90度往正中间转且离墙居中位置转.csv,142,right_bias,middle,start,2.817,68.0,20.0,48.0,32.0,20.0,12.0,0,1
车子右偏且从90度往正中间转且离墙居中位置转.csv,143,right_bias,middle,start,2.838,192.0,20.0,172.0,33.0,20.0,13.0,0,1
车子右偏且从90度往正中间转且离墙居中位置转.csv,144,right_bias,middle,start,2.858,18.0,19.0,-1.0,33.0,20.0,13.0,0,1
车子右偏且从90度往正中间转且离墙居中位置转.csv,145,right_bias,middle,start,2.878,17.0,20.0,-3.0,32.0,20.0,12.0,0,1
车子右偏且从90度往正中间转且离墙居中位置转.csv,146,right_bias,middle,start,2.898,101.0,20.0,81.0,32.0,20.0,12.0,0,1
车子右偏且从90度往正中间转且离墙居中位置转.csv,147,right_bias,middle,start,2.918,67.0,20.0,47.0,41.0,20.0,21.0,0,1
车子右偏且从90度往正中间转且离墙居中位置转.csv,148,right_bias,middle,start,2.938,68.0,20.0,48.0,67.0,20.0,47.0,0,1
车子右偏且从90度往正中间转且离墙居中位置转.csv,149,right_bias,middle,start,2.958,17.0,20.0,-3.0,67.0,20.0,47.0,0,1
车子右偏且从90度往正中间转且离墙居中位置转.csv,150,right_bias,middle,start,2.978,16.0,31.0,-15.0,67.0,20.0,47.0,0,1
车子右偏且从90度往正中间转且离墙居中位置转.csv,151,right_bias,middle,start,2.998,24.0,30.0,-6.0,24.0,20.0,4.0,0,1
车子右偏且从90度往正中间转且离墙居中位置转.csv,152,right_bias,middle,start,3.019,16.0,20.0,-4.0,18.0,20.0,-2.0,0,1
车子右偏且从90度往正中间转且离墙居中位置转.csv,153,right_bias,middle,start,3.039,281.0,20.0,261.0,24.0,20.0,4.0,0,1
车子右偏且从90度往正中间转且离墙居中位置转.csv,154,right_bias,middle,start,3.059,102.0,19.0,83.0,67.0,20.0,47.0,0,1
车子右偏且从90度往正中间转且离墙居中位置转.csv,155,right_bias,middle,start,3.079,167.0,20.0,147.0,67.0,20.0,47.0,0,1
车子右偏且从90度往正中间转且离墙居中位置转.csv,156,right_bias,middle,start,3.099,26.0,19.0,7.0,26.0,20.0,6.0,0,1
车子右偏且从90度往正中间转且离墙居中位置转.csv,157,right_bias,middle,start,3.119,16.0,20.0,-4.0,24.0,20.0,4.0,0,1
车子右偏且从90度往正中间转且离墙居中位置转.csv,158,right_bias,middle,start,3.139,52.0,20.0,32.0,26.0,20.0,6.0,0,1
车子右偏且从90度往正中间转且离墙居中位置转.csv,159,right_bias,middle,start,3.159,26.0,20.0,6.0,26.0,20.0,6.0,0,1
车子右偏且从90度往正中间转且离墙居中位置转.csv,160,right_bias,middle,start,3.179,68.0,20.0,48.0,52.0,20.0,32.0,0,1
车子右偏且从90度往正中间转且离墙居中位置转.csv,161,right_bias,middle,start,3.199,84.0,20.0,64.0,68.0,20.0,48.0,0,1
车子右偏且从90度往正中间转且离墙居中位置转.csv,162,right_bias,middle,start,3.22,16.0,21.0,-5.0,52.0,20.0,32.0,0,1
车子右偏且从90度往正中间转且离墙居中位置转.csv,163,right_bias,middle,start,3.24,17.0,22.0,-5.0,26.0,20.0,6.0,0,1
车子右偏且从90度往正中间转且离墙居中位置转.csv,164,right_bias,middle,start,3.26,48.0,20.0,28.0,26.0,20.0,6.0,0,1
车子右偏且从90度往正中间转且离墙居中位置转.csv,165,right_bias,middle,start,3.28,16.0,28.0,-12.0,26.0,20.0,6.0,0,1
车子右偏且从90度往正中间转且离墙居中位置转.csv,166,right_bias,middle,start,3.3,85.0,21.0,64.0,48.0,20.0,28.0,0,1
车子右偏且从90度往正中间转且离墙居中位置转.csv,167,right_bias,middle,start,3.32,17.0,33.0,-16.0,26.0,21.0,5.0,0,1
车子右偏且从90度往正中间转且离墙居中位置转.csv,168,right_bias,middle,start,3.34,18.0,20.0,-2.0,18.0,21.0,-3.0,0,1
车子右偏且从90度往正中间转且离墙居中位置转.csv,169,right_bias,middle,start,3.36,34.0,20.0,14.0,18.0,21.0,-3.0,0,1
车子右偏且从90度往正中间转且离墙居中位置转.csv,170,right_bias,middle,start,3.38,53.0,20.0,33.0,18.0,21.0,-3.0,0,1
车子右偏且从90度往正中间转且离墙居中位置转.csv,171,right_bias,middle,start,3.401,68.0,20.0,48.0,34.0,20.0,14.0,0,1
车子右偏且从90度往正中间转且离墙居中位置转.csv,172,right_bias,middle,start,3.421,56.0,20.0,36.0,48.0,20.0,28.0,0,1
车子右偏且从90度往正中间转且离墙居中位置转.csv,173,right_bias,middle,start,3.441,19.0,20.0,-1.0,34.0,20.0,14.0,0,1
车子右偏且从90度往正中间转且离墙居中位置转.csv,174,right_bias,middle,start,3.461,18.0,20.0,-2.0,34.0,20.0,14.0,0,1
车子右偏且从90度往正中间转且离墙居中位置转.csv,175,right_bias,middle,start,3.481,17.0,20.0,-3.0,19.0,20.0,-1.0,0,1
车子右偏且从90度往正中间转且离墙居中位置转.csv,176,right_bias,middle,start,3.501,41.0,21.0,20.0,34.0,20.0,14.0,0,1
车子右偏且从90度往正中间转且离墙居中位置转.csv,177,right_bias,middle,start,3.521,280.0,20.0,260.0,41.0,20.0,21.0,0,1
车子右偏且从90度往正中间转且离墙居中位置转.csv,178,right_bias,middle,start,3.541,101.0,20.0,81.0,53.0,20.0,33.0,0,1
车子右偏且从90度往正中间转且离墙居中位置转.csv,179,right_bias,middle,start,3.561,17.0,20.0,-3.0,41.0,20.0,21.0,0,1
车子右偏且从90度往正中间转且离墙居中位置转.csv,180,right_bias,middle,start,3.582,16.0,19.0,-3.0,19.0,20.0,-1.0,0,1
车子右偏且从90度往正中间转且离墙居中位置转.csv,181,right_bias,middle,start,3.602,17.0,21.0,-4.0,18.0,20.0,-2.0,0,1
车子右偏且从90度往正中间转且离墙居中位置转.csv,182,right_bias,middle,start,3.622,61.0,19.0,42.0,18.0,20.0,-2.0,0,1
车子右偏且从90度往正中间转且离墙居中位置转.csv,183,right_bias,middle,start,3.642,216.0,24.0,192.0,41.0,20.0,21.0,0,1
车子右偏且从90度往正中间转且离墙居中位置转.csv,184,right_bias,middle,start,3.662,18.0,20.0,-2.0,41.0,20.0,21.0,0,1
车子右偏且从90度往正中间转且离墙居中位置转.csv,185,right_bias,middle,start,3.682,19.0,20.0,-1.0,19.0,20.0,-1.0,0,1
车子右偏且从90度往正中间转且离墙居中位置转.csv,186,right_bias,middle,start,3.702,18.0,20.0,-2.0,18.0,20.0,-2.0,0,1
车子右偏且从90度往正中间转且离墙居中位置转.csv,187,right_bias,middle,start,3.722,18.0,20.0,-2.0,18.0,20.0,-2.0,0,1
车子右偏且从90度往正中间转且离墙居中位置转.csv,188,right_bias,middle,start,3.742,84.0,20.0,64.0,18.0,20.0,-2.0,0,1
车子右偏且从90度往正中间转且离墙居中位置转.csv,189,right_bias,middle,start,3.762,85.0,20.0,65.0,19.0,20.0,-1.0,0,1
车子右偏且从90度往正中间转且离墙居中位置转.csv,190,right_bias,middle,start,3.783,41.0,20.0,21.0,41.0,20.0,21.0,0,1
车子右偏且从90度往正中间转且离墙居中位置转.csv,191,right_bias,middle,start,3.803,33.0,20.0,13.0,33.0,20.0,13.0,0,1
车子右偏且从90度往正中间转且离墙居中位置转.csv,192,right_bias,middle,start,3.823,17.0,20.0,-3.0,19.0,20.0,-1.0,0,1
车子右偏且从90度往正中间转且离墙居中位置转.csv,193,right_bias,middle,start,3.843,84.0,20.0,64.0,33.0,20.0,13.0,0,1
车子右偏且从90度往正中间转且离墙居中位置转.csv,194,right_bias,middle,start,3.863,52.0,20.0,32.0,41.0,20.0,21.0,0,1
车子右偏且从90度往正中间转且离墙居中位置转.csv,195,right_bias,middle,start,3.883,70.0,20.0,50.0,52.0,20.0,32.0,0,1
车子右偏且从90度往正中间转且离墙居中位置转.csv,196,right_bias,middle,start,3.903,17.0,21.0,-4.0,52.0,20.0,32.0,0,1
车子右偏且从90度往正中间转且离墙居中位置转.csv,197,right_bias,middle,start,3.923,17.0,20.0,-3.0,41.0,20.0,21.0,0,1
车子右偏且从90度往正中间转且离墙居中位置转.csv,198,right_bias,middle,start,3.943,33.0,22.0,11.0,33.0,20.0,13.0,0,1
车子右偏且从90度往正中间转且离墙居中位置转.csv,199,right_bias,middle,start,3.964,217.0,33.0,184.0,33.0,20.0,13.0,0,1
车子右偏且从90度往正中间转且离墙居中位置转.csv,200,right_bias,middle,start,3.984,33.0,24.0,9.0,33.0,20.0,13.0,0,1
车子右偏且从90度往正中间转且离墙居中位置转.csv,201,right_bias,middle,start,4.004,19.0,20.0,-1.0,33.0,20.0,13.0,0,1
车子右偏且从90度往正中间转且离墙居中位置转.csv,202,right_bias,middle,start,4.024,19.0,19.0,0.0,33.0,20.0,13.0,0,1
车子右偏且从90度往正中间转且离墙居中位置转.csv,203,right_bias,middle,start,4.044,22.0,20.0,2.0,22.0,20.0,2.0,0,1
车子右偏且从90度往正中间转且离墙居中位置转.csv,204,right_bias,middle,start,4.064,41.0,20.0,21.0,22.0,20.0,2.0,0,1
车子右偏且从90度往正中间转且离墙居中位置转.csv,205,right_bias,middle,start,4.084,17.0,20.0,-3.0,22.0,20.0,2.0,0,1
车子右偏且从90度往正中间转且离墙居中位置转.csv,206,right_bias,middle,start,4.104,282.0,20.0,262.0,33.0,20.0,13.0,0,1
车子右偏且从90度往正中间转且离墙居中位置转.csv,207,right_bias,middle,start,4.124,33.0,20.0,13.0,33.0,20.0,13.0,0,1
车子右偏且从90度往正中间转且离墙居中位置转.csv,208,right_bias,middle,start,4.144,34.0,19.0,15.0,33.0,20.0,13.0,0,1
车子右偏且从90度往正中间转且离墙居中位置转.csv,209,right_bias,middle,start,4.165,19.0,20.0,-1.0,22.0,20.0,2.0,0,1
车子右偏且从90度往正中间转且离墙居中位置转.csv,210,right_bias,middle,start,4.185,17.0,20.0,-3.0,22.0,20.0,2.0,0,1
车子右偏且从90度往正中间转且离墙居中位置转.csv,211,right_bias,middle,start,4.205,42.0,20.0,22.0,33.0,20.0,13.0,0,1
车子右偏且从90度往正中间转且离墙居中位置转.csv,212,right_bias,middle,start,4.225,101.0,20.0,81.0,34.0,20.0,14.0,0,1
车子右偏且从90度往正中间转且离墙居中位置转.csv,213,right_bias,middle,start,4.245,66.0,21.0,45.0,34.0,20.0,14.0,0,1
车子右偏且从90度往正中间转且离墙居中位置转.csv,214,right_bias,middle,start,4.265,17.0,21.0,-4.0,34.0,20.0,14.0,0,1
车子右偏且从90度往正中间转且离墙居中位置转.csv,215,right_bias,middle,start,4.285,17.0,33.0,-16.0,33.0,20.0,13.0,0,1
车子右偏且从90度往正中间转且离墙居中位置转.csv,216,right_bias,middle,start,4.305,52.0,27.0,25.0,34.0,20.0,14.0,0,1
车子右偏且从90度往正中间转且离墙居中位置转.csv,217,right_bias,middle,start,4.326,117.0,20.0,97.0,42.0,20.0,22.0,0,1
车子右偏且从90度往正中间转且离墙居中位置转.csv,218,right_bias,middle,start,4.346,51.0,20.0,31.0,51.0,20.0,31.0,0,1
车子右偏且从90度往正中间转且离墙居中位置转.csv,219,right_bias,middle,start,4.366,17.0,20.0,-3.0,51.0,20.0,31.0,0,1
车子右偏且从90度往正中间转且离墙居中位置转.csv,220,right_bias,middle,start,4.386,19.0,20.0,-1.0,51.0,20.0,31.0,0,1
车子右偏且从90度往正中间转且离墙居中位置转.csv,221,right_bias,middle,start,4.406,17.0,23.0,-6.0,19.0,21.0,-2.0,0,1
车子右偏且从90度往正中间转且离墙居中位置转.csv,222,right_bias,middle,start,4.426,100.0,20.0,80.0,19.0,20.0,-1.0,0,1
车子右偏且从90度往正中间转且离墙居中位置转.csv,223,right_bias,middle,start,4.446,26.0,20.0,6.0,26.0,20.0,6.0,0,1
车子右偏且从90度往正中间转且离墙居中位置转.csv,224,right_bias,middle,start,4.466,182.0,20.0,162.0,51.0,20.0,31.0,0,1
车子右偏且从90度往正中间转且离墙居中位置转.csv,225,right_bias,middle,start,4.486,17.0,20.0,-3.0,26.0,20.0,6.0,0,1
车子右偏且从90度往正中间转且离墙居中位置转.csv,226,right_bias,middle,start,4.507,18.0,20.0,-2.0,19.0,20.0,-1.0,0,1
车子右偏且从90度往正中间转且离墙居中位置转.csv,227,right_bias,middle,start,4.527,17.0,20.0,-3.0,18.0,20.0,-2.0,0,1
车子右偏且从90度往正中间转且离墙居中位置转.csv,228,right_bias,middle,start,4.547,17.0,20.0,-3.0,18.0,20.0,-2.0,0,1
车子右偏且从90度往正中间转且离墙居中位置转.csv,229,right_bias,middle,start,4.567,42.0,20.0,22.0,18.0,20.0,-2.0,0,1
车子右偏且从90度往正中间转且离墙居中位置转.csv,230,right_bias,middle,start,4.587,314.0,20.0,294.0,26.0,20.0,6.0,0,1
车子右偏且从90度往正中间转且离墙居中位置转.csv,231,right_bias,middle,start,4.607,32.0,20.0,12.0,26.0,20.0,6.0,0,1
车子右偏且从90度往正中间转且离墙居中位置转.csv,232,right_bias,middle,start,4.627,17.0,20.0,-3.0,18.0,20.0,-2.0,0,1
车子右偏且从90度往正中间转且离墙居中位置转.csv,233,right_bias,middle,start,4.647,52.0,21.0,31.0,18.0,20.0,-2.0,0,1
车子右偏且从90度往正中间转且离墙居中位置转.csv,234,right_bias,middle,start,4.667,16.0,20.0,-4.0,18.0,20.0,-2.0,0,1
车子右偏且从90度往正中间转且离墙居中位置转.csv,235,right_bias,middle,start,4.688,46.0,20.0,26.0,32.0,20.0,12.0,0,1
车子右偏且从90度往正中间转且离墙居中位置转.csv,236,right_bias,middle,start,4.708,215.0,20.0,195.0,42.0,20.0,22.0,0,1
车子右偏且从90度往正中间转且离墙居中位置转.csv,237,right_bias,middle,start,4.728,26.0,32.0,-6.0,42.0,20.0,22.0,0,1
车子右偏且从90度往正中间转且离墙居中位置转.csv,238,right_bias,middle,start,4.748,17.0,20.0,-3.0,32.0,20.0,12.0,0,1
车子右偏且从90度往正中间转且离墙居中位置转.csv,239,right_bias,middle,start,4.768,41.0,20.0,21.0,32.0,20.0,12.0,0,1
车子右偏且从90度往正中间转且离墙居中位置转.csv,240,right_bias,middle,start,4.788,38.0,20.0,18.0,38.0,20.0,18.0,0,1
车子右偏且从90度往正中间转且离墙居中位置转.csv,241,right_bias,middle,start,4.808,84.0,19.0,65.0,41.0,20.0,21.0,0,1
车子右偏且从90度往正中间转且离墙居中位置转.csv,242,right_bias,middle,start,4.828,17.0,19.0,-2.0,38.0,20.0,18.0,0,1
车子右偏且从90度往正中间转且离墙居中位置转.csv,243,right_bias,middle,start,4.848,24.0,20.0,4.0,38.0,20.0,18.0,0,1
车子右偏且从90度往正中间转且离墙居中位置转.csv,244,right_bias,middle,start,4.869,17.0,20.0,-3.0,26.0,20.0,6.0,0,1
车子右偏且从90度往正中间转且离墙居中位置转.csv,245,right_bias,middle,transition,4.889,17.0,21.0,-4.0,24.0,20.0,4.0,0,1
车子右偏且从90度往正中间转且离墙居中位置转.csv,246,right_bias,middle,transition,4.909,266.0,20.0,246.0,24.0,20.0,4.0,0,1
车子右偏且从90度往正中间转且离墙居中位置转.csv,247,right_bias,middle,transition,4.929,85.0,22.0,63.0,38.0,20.0,18.0,0,1
车子右偏且从90度往正中间转且离墙居中位置转.csv,248,right_bias,middle,transition,4.949,169.0,20.0,149.0,38.0,20.0,18.0,0,1
车子右偏且从90度往正中间转且离墙居中位置转.csv,249,right_bias,middle,transition,4.969,17.0,20.0,-3.0,24.0,20.0,4.0,0,1
车子右偏且从90度往正中间转且离墙居中位置转.csv,250,right_bias,middle,transition,4.989,17.0,20.0,-3.0,17.0,20.0,-3.0,0,1
车子右偏且从90度往正中间转且离墙居中位置转.csv,251,right_bias,middle,transition,5.009,52.0,19.0,33.0,24.0,20.0,4.0,0,1
车子右偏且从90度往正中间转且离墙居中位置转.csv,252,right_bias,middle,transition,5.03,16.0,22.0,-6.0,17.0,20.0,-3.0,0,1
车子右偏且从90度往正中间转且离墙居中位置转.csv,253,right_bias,middle,transition,5.05,42.0,35.0,7.0,42.0,20.0,22.0,0,1
车子右偏且从90度往正中间转且离墙居中位置转.csv,254,right_bias,middle,transition,5.07,19.0,30.0,-11.0,42.0,20.0,22.0,0,1
车子右偏且从90度往正中间转且离墙居中位置转.csv,255,right_bias,middle,transition,5.09,26.0,21.0,5.0,26.0,21.0,5.0,0,1
车子右偏且从90度往正中间转且离墙居中位置转.csv,256,right_bias,middle,transition,5.11,17.0,20.0,-3.0,19.0,20.0,-1.0,0,1
车子右偏且从90度往正中间转且离墙居中位置转.csv,257,right_bias,middle,transition,5.13,52.0,21.0,31.0,19.0,21.0,-2.0,0,1
车子右偏且从90度往正中间转且离墙居中位置转.csv,258,right_bias,middle,transition,5.15,69.0,22.0,47.0,26.0,21.0,5.0,0,1
车子右偏且从90度往正中间转且离墙居中位置转.csv,259,right_bias,middle,transition,5.17,233.0,20.0,213.0,42.0,21.0,21.0,0,1
车子右偏且从90度往正中间转且离墙居中位置转.csv,260,right_bias,middle,transition,5.19,26.0,19.0,7.0,26.0,21.0,5.0,0,1
车子右偏且从90度往正中间转且离墙居中位置转.csv,261,right_bias,middle,transition,5.21,25.0,20.0,5.0,26.0,21.0,5.0,0,1
车子右偏且从90度往正中间转且离墙居中位置转.csv,262,right_bias,middle,transition,5.231,17.0,20.0,-3.0,26.0,20.0,6.0,0,1
车子右偏且从90度往正中间转且离墙居中位置转.csv,263,right_bias,middle,transition,5.251,42.0,19.0,23.0,26.0,20.0,6.0,0,1
车子右偏且从90度往正中间转且离墙居中位置转.csv,264,right_bias,middle,transition,5.271,85.0,21.0,64.0,42.0,20.0,22.0,0,1
车子右偏且从90度往正中间转且离墙居中位置转.csv,265,right_bias,middle,transition,5.291,86.0,21.0,65.0,52.0,20.0,32.0,0,1
车子右偏且从90度往正中间转且离墙居中位置转.csv,266,right_bias,middle,transition,5.311,26.0,21.0,5.0,42.0,20.0,22.0,0,1
车子右偏且从90度往正中间转且离墙居中位置转.csv,267,right_bias,middle,transition,5.331,18.0,20.0,-2.0,26.0,20.0,6.0,0,1
车子右偏且从90度往正中间转且离墙居中位置转.csv,268,right_bias,middle,transition,5.351,17.0,20.0,-3.0,26.0,20.0,6.0,0,1
车子右偏且从90度往正中间转且离墙居中位置转.csv,269,right_bias,middle,transition,5.371,41.0,33.0,8.0,26.0,20.0,6.0,0,1
车子右偏且从90度往正中间转且离墙居中位置转.csv,270,right_bias,middle,transition,5.391,281.0,30.0,251.0,41.0,21.0,20.0,0,1
车子右偏且从90度往正中间转且离墙居中位置转.csv,271,right_bias,middle,transition,5.411,60.0,20.0,40.0,42.0,21.0,21.0,0,1
车子右偏且从90度往正中间转且离墙居中位置转.csv,272,right_bias,middle,transition,5.432,17.0,21.0,-4.0,41.0,21.0,20.0,0,1
车子右偏且从90度往正中间转且离墙居中位置转.csv,273,right_bias,middle,transition,5.452,16.0,20.0,-4.0,26.0,21.0,5.0,0,1
车子右偏且从90度往正中间转且离墙居中位置转.csv,274,right_bias,middle,transition,5.472,19.0,20.0,-1.0,19.0,20.0,-1.0,0,1
车子右偏且从90度往正中间转且离墙居中位置转.csv,275,right_bias,middle,transition,5.492,41.0,19.0,22.0,19.0,20.0,-1.0,0,1
车子右偏且从90度往正中间转且离墙居中位置转.csv,276,right_bias,middle,transition,5.512,17.0,20.0,-3.0,19.0,20.0,-1.0,0,1
车子右偏且从90度往正中间转且离墙居中位置转.csv,277,right_bias,middle,transition,5.532,216.0,21.0,195.0,41.0,20.0,21.0,0,1
车子右偏且从90度往正中间转且离墙居中位置转.csv,278,right_bias,middle,transition,5.552,26.0,20.0,6.0,26.0,20.0,6.0,0,1
车子右偏且从90度往正中间转且离墙居中位置转.csv,279,right_bias,middle,transition,5.572,26.0,20.0,6.0,26.0,20.0,6.0,0,1
车子右偏且从90度往正中间转且离墙居中位置转.csv,280,right_bias,middle,transition,5.592,16.0,27.0,-11.0,19.0,20.0,-1.0,0,1
车子右偏且从90度往正中间转且离墙居中位置转.csv,281,right_bias,middle,transition,5.612,17.0,20.0,-3.0,19.0,20.0,-1.0,0,1
车子右偏且从90度往正中间转且离墙居中位置转.csv,282,right_bias,middle,transition,5.632,52.0,20.0,32.0,26.0,20.0,6.0,0,1
车子右偏且从90度往正中间转且离墙居中位置转.csv,283,right_bias,middle,transition,5.652,200.0,20.0,180.0,26.0,20.0,6.0,0,1
车子右偏且从90度往正中间转且离墙居中位置转.csv,284,right_bias,middle,transition,5.672,19.0,20.0,-1.0,26.0,20.0,6.0,0,1
车子右偏且从90度往正中间转且离墙居中位置转.csv,285,right_bias,middle,transition,5.693,17.0,20.0,-3.0,26.0,20.0,6.0,0,1
车子右偏且从90度往正中间转且离墙居中位置转.csv,286,right_bias,middle,transition,5.713,51.0,20.0,31.0,26.0,20.0,6.0,0,1
车子右偏且从90度往正中间转且离墙居中位置转.csv,287,right_bias,middle,transition,5.733,68.0,20.0,48.0,26.0,20.0,6.0,0,1
车子右偏且从90度往正中间转且离墙居中位置转.csv,288,right_bias,middle,transition,5.753,83.0,20.0,63.0,51.0,20.0,31.0,0,1
车子右偏且从90度往正中间转且离墙居中位置转.csv,289,right_bias,middle,transition,5.773,83.0,20.0,63.0,52.0,20.0,32.0,0,1
车子右偏且从90度往正中间转且离墙居中位置转.csv,290,right_bias,middle,transition,5.793,17.0,21.0,-4.0,52.0,20.0,32.0,0,1
车子右偏且从90度往正中间转且离墙居中位置转.csv,291,right_bias,middle,transition,5.813,16.0,21.0,-5.0,51.0,20.0,31.0,0,1
车子右偏且从90度往正中间转且离墙居中位置转.csv,292,right_bias,middle,transition,5.833,17.0,20.0,-3.0,19.0,20.0,-1.0,0,1
车子右偏且从90度往正中间转且离墙居中位置转.csv,293,right_bias,middle,transition,5.853,67.0,20.0,47.0,51.0,20.0,31.0,0,1
车子右偏且从90度往正中间转且离墙居中位置转.csv,294,right_bias,middle,transition,5.873,84.0,20.0,64.0,67.0,20.0,47.0,0,1
车子右偏且从90度往正中间转且离墙居中位置转.csv,295,right_bias,middle,transition,5.894,25.0,20.0,5.0,67.0,20.0,47.0,0,1
车子右偏且从90度往正中间转且离墙居中位置转.csv,296,right_bias,middle,transition,5.914,23.0,20.0,3.0,25.0,20.0,5.0,0,1
车子右偏且从90度往正中间转且离墙居中位置转.csv,297,right_bias,middle,transition,5.934,17.0,20.0,-3.0,23.0,20.0,3.0,0,1
车子右偏且从90度往正中间转且离墙居中位置转.csv,298,right_bias,middle,transition,5.954,18.0,20.0,-2.0,18.0,20.0,-2.0,0,1
车子右偏且从90度往正中间转且离墙居中位置转.csv,299,right_bias,middle,transition,5.974,84.0,20.0,64.0,23.0,20.0,3.0,0,1
车子右偏且从90度往正中间转且离墙居中位置转.csv,300,right_bias,middle,transition,5.994,84.0,19.0,65.0,25.0,20.0,5.0,0,1
车子右偏且从90度往正中间转且离墙居中位置转.csv,301,right_bias,middle,transition,6.014,99.0,20.0,79.0,67.0,20.0,47.0,0,1
车子右偏且从90度往正中间转且离墙居中位置转.csv,302,right_bias,middle,transition,6.034,32.0,20.0,12.0,32.0,20.0,12.0,0,1
车子右偏且从90度往正中间转且离墙居中位置转.csv,303,right_bias,middle,transition,6.054,16.0,20.0,-4.0,25.0,20.0,5.0,0,1
车子右偏且从90度往正中间转且离墙居中位置转.csv,304,right_bias,middle,transition,6.075,32.0,20.0,12.0,32.0,20.0,12.0,0,1
车子右偏且从90度往正中间转且离墙居中位置转.csv,305,right_bias,middle,transition,6.095,17.0,20.0,-3.0,32.0,20.0,12.0,0,1
车子右偏且从90度往正中间转且离墙居中位置转.csv,306,right_bias,middle,transition,6.115,116.0,20.0,96.0,32.0,20.0,12.0,0,1
车子右偏且从90度往正中间转且离墙居中位置转.csv,307,right_bias,middle,transition,6.135,67.0,20.0,47.0,67.0,20.0,47.0,0,1
车子右偏且从90度往正中间转且离墙居中位置转.csv,308,right_bias,middle,transition,6.155,17.0,20.0,-3.0,32.0,20.0,12.0,0,1
车子右偏且从90度往正中间转且离墙居中位置转.csv,309,right_bias,middle,transition,6.175,51.0,20.0,31.0,32.0,20.0,12.0,0,1
车子右偏且从90度往正中间转且离墙居中位置转.csv,310,right_bias,middle,transition,6.195,51.0,20.0,31.0,32.0,20.0,12.0,0,1
车子右偏且从90度往正中间转且离墙居中位置转.csv,311,right_bias,middle,transition,6.215,51.0,21.0,30.0,51.0,20.0,31.0,0,1
车子右偏且从90度往正中间转且离墙居中位置转.csv,312,right_bias,middle,transition,6.235,26.0,20.0,6.0,51.0,20.0,31.0,0,1
车子右偏且从90度往正中间转且离墙居中位置转.csv,313,right_bias,middle,transition,6.255,17.0,20.0,-3.0,51.0,20.0,31.0,0,1
车子右偏且从90度往正中间转且离墙居中位置转.csv,314,right_bias,middle,transition,6.276,16.0,18.0,-2.0,51.0,20.0,31.0,0,1
车子右偏且从90度往正中间转且离墙居中位置转.csv,315,right_bias,middle,transition,6.296,67.0,20.0,47.0,51.0,20.0,31.0,0,1
车子右偏且从90度往正中间转且离墙居中位置转.csv,316,right_bias,middle,transition,6.316,33.0,20.0,13.0,33.0,20.0,13.0,0,1
车子右偏且从90度往正中间转且离墙居中位置转.csv,317,right_bias,middle,transition,6.336,182.0,20.0,162.0,51.0,20.0,31.0,0,1
车子右偏且从90度往正中间转且离墙居中位置转.csv,318,right_bias,middle,transition,6.356,32.0,20.0,12.0,33.0,20.0,13.0,0,1
车子右偏且从90度往正中间转且离墙居中位置转.csv,319,right_bias,middle,transition,6.376,17.0,19.0,-2.0,32.0,20.0,12.0,0,1
车子右偏且从90度往正中间转且离墙居中位置转.csv,320,right_bias,middle,transition,6.396,24.0,20.0,4.0,26.0,20.0,6.0,0,1
车子右偏且从90度往正中间转且离墙居中位置转.csv,321,right_bias,middle,transition,6.416,17.0,20.0,-3.0,24.0,20.0,4.0,0,1
车子右偏且从90度往正中间转且离墙居中位置转.csv,322,right_bias,middle,transition,6.436,41.0,20.0,21.0,32.0,20.0,12.0,0,1
车子右偏且从90度往正中间转且离墙居中位置转.csv,323,right_bias,middle,transition,6.457,101.0,20.0,81.0,33.0,20.0,13.0,0,1
车子右偏且从90度往正中间转且离墙居中位置转.csv,324,right_bias,middle,transition,6.477,17.0,20.0,-3.0,32.0,20.0,12.0,0,1
车子右偏且从90度往正中间转且离墙居中位置转.csv,325,right_bias,middle,transition,6.497,17.0,26.0,-9.0,24.0,20.0,4.0,0,1
车子右偏且从90度往正中间转且离墙居中位置转.csv,326,right_bias,middle,transition,6.517,51.0,19.0,32.0,24.0,20.0,4.0,0,1
车子右偏且从90度往正中间转且离墙居中位置转.csv,327,right_bias,middle,transition,6.537,16.0,19.0,-3.0,17.0,20.0,-3.0,0,1
车子右偏且从90度往正中间转且离墙居中位置转.csv,328,right_bias,middle,transition,6.557,51.0,20.0,31.0,24.0,20.0,4.0,0,1
车子右偏且从90度往正中间转且离墙居中位置转.csv,329,right_bias,middle,transition,6.577,118.0,20.0,98.0,41.0,20.0,21.0,0,1
车子右偏且从90度往正中间转且离墙居中位置转.csv,330,right_bias,middle,transition,6.597,43.0,20.0,23.0,43.0,20.0,23.0,0,1
车子右偏且从90度往正中间转且离墙居中位置转.csv,331,right_bias,middle,transition,6.617,16.0,20.0,-4.0,43.0,20.0,23.0,0,1
车子右偏且从90度往正中间转且离墙居中位置转.csv,332,right_bias,middle,transition,6.637,41.0,20.0,21.0,41.0,20.0,21.0,0,1
车子右偏且从90度往正中间转且离墙居中位置转.csv,333,right_bias,middle,transition,6.658,48.0,21.0,27.0,43.0,20.0,23.0,0,1
车子右偏且从90度往正中间转且离墙居中位置转.csv,334,right_bias,middle,transition,6.678,84.0,20.0,64.0,48.0,20.0,28.0,0,1
车子右偏且从90度往正中间转且离墙居中位置转.csv,335,right_bias,middle,transition,6.698,17.0,19.0,-2.0,43.0,20.0,23.0,0,1
车子右偏且从90度往正中间转且离墙居中位置转.csv,336,right_bias,middle,transition,6.718,17.0,20.0,-3.0,43.0,20.0,23.0,0,1
车子右偏且从90度往正中间转且离墙居中位置转.csv,337,right_bias,middle,transition,6.738,19.0,20.0,-1.0,41.0,20.0,21.0,0,1
车子右偏且从90度往正中间转且离墙居中位置转.csv,338,right_bias,middle,transition,6.758,17.0,20.0,-3.0,19.0,20.0,-1.0,0,1
车子右偏且从90度往正中间转且离墙居中位置转.csv,339,right_bias,middle,transition,6.778,149.0,20.0,129.0,19.0,20.0,-1.0,0,1
车子右偏且从90度往正中间转且离墙居中位置转.csv,340,right_bias,middle,transition,6.798,52.0,29.0,23.0,41.0,20.0,21.0,0,1
车子右偏且从90度往正中间转且离墙居中位置转.csv,341,right_bias,middle,transition,6.818,182.0,21.0,161.0,48.0,20.0,28.0,0,1
车子右偏且从90度往正中间转且离墙居中位置转.csv,342,right_bias,middle,transition,6.839,40.0,20.0,20.0,40.0,20.0,20.0,0,1
车子右偏且从90度往正中间转且离墙居中位置转.csv,343,right_bias,middle,transition,6.859,17.0,20.0,-3.0,19.0,20.0,-1.0,0,1
车子右偏且从90度往正中间转且离墙居中位置转.csv,344,right_bias,middle,transition,6.879,32.0,20.0,12.0,32.0,20.0,12.0,0,1
车子右偏且从90度往正中间转且离墙居中位置转.csv,345,right_bias,middle,transition,6.899,16.0,19.0,-3.0,32.0,20.0,12.0,0,1
车子右偏且从90度往正中间转且离墙居中位置转.csv,346,right_bias,middle,transition,6.919,41.0,21.0,20.0,40.0,20.0,20.0,0,1
车子右偏且从90度往正中间转且离墙居中位置转.csv,347,right_bias,middle,transition,6.939,33.0,20.0,13.0,40.0,20.0,20.0,0,1
车子右偏且从90度往正中间转且离墙居中位置转.csv,348,right_bias,middle,transition,6.959,41.0,20.0,21.0,40.0,20.0,20.0,0,1
车子右偏且从90度往正中间转且离墙居中位置转.csv,349,right_bias,middle,transition,6.979,16.0,20.0,-4.0,33.0,20.0,13.0,0,1
车子右偏且从90度往正中间转且离墙居中位置转.csv,350,right_bias,middle,transition,6.999,41.0,20.0,21.0,33.0,20.0,13.0,0,1
车子右偏且从90度往正中间转且离墙居中位置转.csv,351,right_bias,middle,transition,7.019,22.0,20.0,2.0,32.0,20.0,12.0,0,1
车子右偏且从90度往正中间转且离墙居中位置转.csv,352,right_bias,middle,transition,7.04,150.0,21.0,129.0,33.0,20.0,13.0,0,1
车子右偏且从90度往正中间转且离墙居中位置转.csv,353,right_bias,middle,transition,7.06,18.0,20.0,-2.0,33.0,20.0,13.0,0,1
车子右偏且从90度往正中间转且离墙居中位置转.csv,354,right_bias,middle,transition,7.08,52.0,21.0,31.0,41.0,20.0,21.0,0,1
车子右偏且从90度往正中间转且离墙居中位置转.csv,355,right_bias,middle,transition,7.1,19.0,20.0,-1.0,33.0,20.0,13.0,0,1
车子右偏且从90度往正中间转且离墙居中位置转.csv,356,right_bias,middle,transition,7.12,41.0,22.0,19.0,41.0,20.0,21.0,0,1
车子右偏且从90度往正中间转且离墙居中位置转.csv,357,right_bias,middle,transition,7.14,52.0,21.0,31.0,41.0,20.0,21.0,0,1
车子右偏且从90度往正中间转且离墙居中位置转.csv,358,right_bias,middle,transition,7.16,67.0,23.0,44.0,41.0,21.0,20.0,0,1
车子右偏且从90度往正中间转且离墙居中位置转.csv,359,right_bias,middle,transition,7.18,16.0,21.0,-5.0,41.0,21.0,20.0,0,1
车子右偏且从90度往正中间转且离墙居中位置转.csv,360,right_bias,middle,transition,7.2,17.0,21.0,-4.0,41.0,21.0,20.0,0,1
车子右偏且从90度往正中间转且离墙居中位置转.csv,361,right_bias,middle,transition,7.221,17.0,20.0,-3.0,19.0,21.0,-2.0,0,1
车子右偏且从90度往正中间转且离墙居中位置转.csv,362,right_bias,middle,transition,7.241,52.0,20.0,32.0,41.0,21.0,20.0,0,1
车子右偏且从90度往正中间转且离墙居中位置转.csv,363,right_bias,middle,transition,7.261,279.0,19.0,260.0,41.0,21.0,20.0,0,1
车子右偏且从90度往正中间转且离墙居中位置转.csv,364,right_bias,middle,transition,7.281,108.0,20.0,88.0,52.0,21.0,31.0,0,1
车子右偏且从90度往正中间转且离墙居中位置转.csv,365,right_bias,middle,transition,7.301,17.0,20.0,-3.0,52.0,20.0,32.0,0,1
车子右偏且从90度往正中间转且离墙居中位置转.csv,366,right_bias,middle,transition,7.321,17.0,19.0,-2.0,17.0,20.0,-3.0,0,1
车子右偏且从90度往正中间转且离墙居中位置转.csv,367,right_bias,middle,transition,7.341,17.0,20.0,-3.0,17.0,20.0,-3.0,0,1
车子右偏且从90度往正中间转且离墙居中位置转.csv,368,right_bias,middle,transition,7.361,41.0,20.0,21.0,17.0,20.0,-3.0,0,1
车子右偏且从90度往正中间转且离墙居中位置转.csv,369,right_bias,middle,transition,7.381,16.0,20.0,-4.0,17.0,20.0,-3.0,0,1
车子右偏且从90度往正中间转且离墙居中位置转.csv,370,right_bias,middle,transition,7.401,281.0,20.0,261.0,41.0,20.0,21.0,0,1
车子右偏且从90度往正中间转且离墙居中位置转.csv,371,right_bias,middle,transition,7.422,16.0,19.0,-3.0,17.0,20.0,-3.0,0,1
车子右偏且从90度往正中间转且离墙居中位置转.csv,372,right_bias,middle,transition,7.442,17.0,22.0,-5.0,17.0,20.0,-3.0,0,1
车子右偏且从90度往正中间转且离墙居中位置转.csv,373,right_bias,middle,transition,7.462,17.0,32.0,-15.0,17.0,20.0,-3.0,0,1
车子右偏且从90度往正中间转且离墙居中位置转.csv,374,right_bias,middle,transition,7.482,17.0,26.0,-9.0,17.0,20.0,-3.0,0,1
车子右偏且从90度往正中间转且离墙居中位置转.csv,375,right_bias,middle,transition,7.502,84.0,20.0,64.0,17.0,20.0,-3.0,0,1
车子右偏且从90度往正中间转且离墙居中位置转.csv,376,right_bias,middle,transition,7.522,148.0,20.0,128.0,17.0,20.0,-3.0,0,1
车子右偏且从90度往正中间转且离墙居中位置转.csv,377,right_bias,middle,transition,7.542,39.0,20.0,19.0,17.0,20.0,-3.0,0,1
车子右偏且从90度往正中间转且离墙居中位置转.csv,378,right_bias,middle,transition,7.562,68.0,20.0,48.0,39.0,20.0,19.0,0,1
车子右偏且从90度往正中间转且离墙居中位置转.csv,379,right_bias,middle,transition,7.582,33.0,20.0,13.0,33.0,20.0,13.0,0,1
车子右偏且从90度往正中间转且离墙居中位置转.csv,380,right_bias,middle,transition,7.603,52.0,20.0,32.0,39.0,20.0,19.0,0,1
车子右偏且从90度往正中间转且离墙居中位置转.csv,381,right_bias,middle,transition,7.623,83.0,20.0,63.0,52.0,20.0,32.0,0,1
车子右偏且从90度往正中间转且离墙居中位置转.csv,382,right_bias,middle,transition,7.643,26.0,19.0,7.0,52.0,20.0,32.0,0,1
车子右偏且从90度往正中间转且离墙居中位置转.csv,383,right_bias,middle,transition,7.663,17.0,21.0,-4.0,52.0,20.0,32.0,0,1
车子右偏且从90度往正中间转且离墙居中位置转.csv,384,right_bias,middle,transition,7.683,42.0,20.0,22.0,42.0,20.0,22.0,0,1
车子右偏且从90度往正中间转且离墙居中位置转.csv,385,right_bias,middle,transition,7.703,107.0,20.0,87.0,42.0,20.0,22.0,0,1
车子右偏且从90度往正中间转且离墙居中位置转.csv,386,right_bias,middle,transition,7.723,42.0,20.0,22.0,42.0,20.0,22.0,0,1
车子右偏且从90度往正中间转且离墙居中位置转.csv,387,right_bias,middle,transition,7.743,16.0,20.0,-4.0,42.0,20.0,22.0,0,1
车子右偏且从90度往正中间转且离墙居中位置转.csv,388,right_bias,middle,transition,7.763,17.0,20.0,-3.0,42.0,20.0,22.0,0,1
车子右偏且从90度往正中间转且离墙居中位置转.csv,389,right_bias,middle,transition,7.783,16.0,32.0,-16.0,26.0,20.0,6.0,0,1
车子右偏且从90度往正中间转且离墙居中位置转.csv,390,right_bias,middle,transition,7.804,52.0,20.0,32.0,26.0,20.0,6.0,0,1
车子右偏且从90度往正中间转且离墙居中位置转.csv,391,right_bias,middle,transition,7.824,17.0,20.0,-3.0,17.0,20.0,-3.0,0,1
车子右偏且从90度往正中间转且离墙居中位置转.csv,392,right_bias,middle,transition,7.844,249.0,20.0,229.0,42.0,20.0,22.0,0,1
车子右偏且从90度往正中间转且离墙居中位置转.csv,393,right_bias,middle,transition,7.864,16.0,20.0,-4.0,17.0,20.0,-3.0,0,1
车子右偏且从90度往正中间转且离墙居中位置转.csv,394,right_bias,middle,transition,7.884,67.0,20.0,47.0,17.0,20.0,-3.0,0,1
车子右偏且从90度往正中间转且离墙居中位置转.csv,395,right_bias,middle,transition,7.904,22.0,21.0,1.0,17.0,20.0,-3.0,0,1
车子右偏且从90度往正中间转且离墙居中位置转.csv,396,right_bias,middle,transition,7.924,17.0,20.0,-3.0,17.0,20.0,-3.0,0,1
车子右偏且从90度往正中间转且离墙居中位置转.csv,397,right_bias,middle,transition,7.944,27.0,20.0,7.0,22.0,20.0,2.0,0,1
车子右偏且从90度往正中间转且离墙居中位置转.csv,398,right_bias,middle,transition,7.964,51.0,21.0,30.0,27.0,20.0,7.0,0,1
车子右偏且从90度往正中间转且离墙居中位置转.csv,399,right_bias,middle,transition,7.985,25.0,20.0,5.0,25.0,20.0,5.0,0,1
车子右偏且从90度往正中间转且离墙居中位置转.csv,400,right_bias,middle,transition,8.005,19.0,20.0,-1.0,25.0,20.0,5.0,0,1
车子右偏且从90度往正中间转且离墙居中位置转.csv,401,right_bias,middle,transition,8.025,33.0,20.0,13.0,25.0,20.0,5.0,0,1
车子右偏且从90度往正中间转且离墙居中位置转.csv,402,right_bias,middle,transition,8.045,16.0,20.0,-4.0,25.0,20.0,5.0,0,1
车子右偏且从90度往正中间转且离墙居中位置转.csv,403,right_bias,middle,transition,8.065,43.0,20.0,23.0,25.0,20.0,5.0,0,1
车子右偏且从90度往正中间转且离墙居中位置转.csv,404,right_bias,middle,transition,8.085,33.0,20.0,13.0,27.0,20.0,7.0,0,1
车子右偏且从90度往正中间转且离墙居中位置转.csv,405,right_bias,middle,transition,8.105,17.0,29.0,-12.0,27.0,20.0,7.0,0,1
车子右偏且从90度往正中间转且离墙居中位置转.csv,406,right_bias,middle,transition,8.125,17.0,20.0,-3.0,25.0,20.0,5.0,0,1
车子右偏且从90度往正中间转且离墙居中位置转.csv,407,right_bias,middle,transition,8.145,16.0,32.0,-16.0,19.0,20.0,-1.0,0,1
车子右偏且从90度往正中间转且离墙居中位置转.csv,408,right_bias,middle,transition,8.165,49.0,20.0,29.0,19.0,20.0,-1.0,0,1
车子右偏且从90度往正中间转且离墙居中位置转.csv,409,right_bias,middle,transition,8.186,52.0,20.0,32.0,33.0,20.0,13.0,0,1
车子右偏且从90度往正中间转且离墙居中位置转.csv,410,right_bias,middle,transition,8.206,232.0,20.0,212.0,33.0,20.0,13.0,0,1
车子右偏且从90度往正中间转且离墙居中位置转.csv,411,right_bias,middle,transition,8.226,26.0,19.0,7.0,33.0,20.0,13.0,0,1
车子右偏且从90度往正中间转且离墙居中位置转.csv,412,right_bias,middle,transition,8.246,25.0,21.0,4.0,26.0,20.0,6.0,0,1
车子右偏且从90度往正中间转且离墙居中位置转.csv,413,right_bias,middle,transition,8.266,17.0,20.0,-3.0,25.0,20.0,5.0,0,1
车子右偏且从90度往正中间转且离墙居中位置转.csv,414,right_bias,middle,transition,8.286,17.0,20.0,-3.0,25.0,20.0,5.0,0,1
车子右偏且从90度往正中间转且离墙居中位置转.csv,415,right_bias,middle,transition,8.306,233.0,19.0,214.0,26.0,20.0,6.0,0,1
车子右偏且从90度往正中间转且离墙居中位置转.csv,416,right_bias,middle,transition,8.326,338.0,20.0,318.0,49.0,20.0,29.0,0,1
车子右偏且从90度往正中间转且离墙居中位置转.csv,417,right_bias,middle,transition,8.346,183.0,20.0,163.0,52.0,20.0,32.0,0,1
车子右偏且从90度往正中间转且离墙居中位置转.csv,418,right_bias,middle,transition,8.367,18.0,21.0,-3.0,26.0,20.0,6.0,0,1
车子右偏且从90度往正中间转且离墙居中位置转.csv,419,right_bias,middle,transition,8.387,298.0,20.0,278.0,26.0,20.0,6.0,0,1
车子右偏且从90度往正中间转且离墙居中位置转.csv,420,right_bias,middle,transition,8.407,16.0,20.0,-4.0,25.0,20.0,5.0,0,1
车子右偏且从90度往正中间转且离墙居中位置转.csv,421,right_bias,middle,transition,8.427,297.0,20.0,277.0,183.0,20.0,163.0,0,1
车子右偏且从90度往正中间转且离墙居中位置转.csv,422,right_bias,middle,transition,8.447,346.0,34.0,312.0,233.0,20.0,213.0,0,1
车子右偏且从90度往正中间转且离墙居中位置转.csv,423,right_bias,middle,transition,8.467,134.0,28.0,106.0,233.0,20.0,213.0,0,1
车子右偏且从90度往正中间转且离墙居中位置转.csv,424,right_bias,middle,transition,8.487,100.0,20.0,80.0,183.0,20.0,163.0,0,1
车子右偏且从90度往正中间转且离墙居中位置转.csv,425,right_bias,middle,transition,8.507,260.0,21.0,239.0,183.0,20.0,163.0,0,1
车子右偏且从90度往正中间转且离墙居中位置转.csv,426,right_bias,middle,transition,8.527,99.0,20.0,79.0,134.0,20.0,114.0,0,1
车子右偏且从90度往正中间转且离墙居中位置转.csv,427,right_bias,middle,transition,8.548,281.0,20.0,261.0,260.0,20.0,240.0,0,1
车子右偏且从90度往正中间转且离墙居中位置转.csv,428,right_bias,middle,transition,8.568,83.0,20.0,63.0,134.0,20.0,114.0,0,1
车子右偏且从90度往正中间转且离墙居中位置转.csv,429,right_bias,middle,transition,8.588,151.0,20.0,131.0,151.0,20.0,131.0,0,1
车子右偏且从90度往正中间转且离墙居中位置转.csv,430,right_bias,middle,transition,8.608,68.0,20.0,48.0,134.0,20.0,114.0,0,1
车子右偏且从90度往正中间转且离墙居中位置转.csv,431,right_bias,middle,transition,8.628,17.0,21.0,-4.0,100.0,20.0,80.0,0,1
车子右偏且从90度往正中间转且离墙居中位置转.csv,432,right_bias,middle,transition,8.648,395.0,20.0,375.0,100.0,20.0,80.0,0,1
车子右偏且从90度往正中间转且离墙居中位置转.csv,433,right_bias,middle,transition,8.668,265.0,20.0,245.0,151.0,20.0,131.0,0,1
车子右偏且从90度往正中间转且离墙居中位置转.csv,434,right_bias,middle,transition,8.688,174.0,20.0,154.0,151.0,20.0,131.0,0,1
车子右偏且从90度往正中间转且离墙居中位置转.csv,435,right_bias,middle,transition,8.708,17.0,22.0,-5.0,151.0,20.0,131.0,0,1
车子右偏且从90度往正中间转且离墙居中位置转.csv,436,right_bias,middle,transition,8.728,17.0,20.0,-3.0,83.0,20.0,63.0,0,1
车子右偏且从90度往正中间转且离墙居中位置转.csv,437,right_bias,middle,transition,8.749,183.0,21.0,162.0,151.0,20.0,131.0,0,1
车子右偏且从90度往正中间转且离墙居中位置转.csv,438,right_bias,middle,transition,8.769,32.0,32.0,0.0,68.0,20.0,48.0,0,1
车子右偏且从90度往正中间转且离墙居中位置转.csv,439,right_bias,middle,transition,8.789,220.0,21.0,199.0,174.0,21.0,153.0,0,1
车子右偏且从90度往正中间转且离墙居中位置转.csv,440,right_bias,middle,transition,8.809,101.0,20.0,81.0,174.0,20.0,154.0,0,1
车子右偏且从90度往正中间转且离墙居中位置转.csv,441,right_bias,middle,transition,8.829,26.0,21.0,5.0,101.0,21.0,80.0,0,1
车子右偏且从90度往正中间转且离墙居中位置转.csv,442,right_bias,middle,transition,8.849,24.0,21.0,3.0,32.0,21.0,11.0,0,1
车子右偏且从90度往正中间转且离墙居中位置转.csv,443,right_bias,middle,transition,8.869,150.0,20.0,130.0,32.0,21.0,11.0,0,1
车子右偏且从90度往正中间转且离墙居中位置转.csv,444,right_bias,middle,transition,8.889,17.0,20.0,-3.0,32.0,21.0,11.0,0,1
车子右偏且从90度往正中间转且离墙居中位置转.csv,445,right_bias,middle,transition,8.909,250.0,20.0,230.0,101.0,21.0,80.0,0,1
车子右偏且从90度往正中间转且离墙居中位置转.csv,446,right_bias,middle,transition,8.929,68.0,21.0,47.0,68.0,21.0,47.0,0,1
车子右偏且从90度往正中间转且离墙居中位置转.csv,447,right_bias,middle,transition,8.95,34.0,20.0,14.0,68.0,20.0,48.0,0,1
车子右偏且从90度往正中间转且离墙居中位置转.csv,448,right_bias,middle,transition,8.97,149.0,21.0,128.0,68.0,20.0,48.0,0,1
车子右偏且从90度往正中间转且离墙居中位置转.csv,449,right_bias,middle,transition,8.99,69.0,21.0,48.0,68.0,21.0,47.0,0,1
车子右偏且从90度往正中间转且离墙居中位置转.csv,450,right_bias,middle,transition,9.01,150.0,20.0,130.0,69.0,20.0,49.0,0,1
车子右偏且从90度往正中间转且离墙居中位置转.csv,451,right_bias,middle,transition,9.03,101.0,21.0,80.0,101.0,20.0,81.0,0,1
车子右偏且从90度往正中间转且离墙居中位置转.csv,452,right_bias,middle,transition,9.05,41.0,20.0,21.0,69.0,20.0,49.0,0,1
车子右偏且从90度往正中间转且离墙居中位置转.csv,453,right_bias,middle,transition,9.07,41.0,21.0,20.0,69.0,21.0,48.0,0,1
车子右偏且从90度往正中间转且离墙居中位置转.csv,454,right_bias,middle,transition,9.09,52.0,30.0,22.0,68.0,21.0,47.0,0,1
车子右偏且从90度往正中间转且离墙居中位置转.csv,455,right_bias,middle,transition,9.11,117.0,33.0,84.0,69.0,21.0,48.0,0,1
车子右偏且从90度往正中间转且离墙居中位置转.csv,456,right_bias,middle,transition,9.131,249.0,28.0,221.0,101.0,21.0,80.0,0,1
车子右偏且从90度往正中间转且离墙居中位置转.csv,457,right_bias,middle,transition,9.151,82.0,20.0,62.0,82.0,21.0,61.0,0,1
车子右偏且从90度往正中间转且离墙居中位置转.csv,458,right_bias,middle,transition,9.171,101.0,20.0,81.0,101.0,21.0,80.0,0,1
车子右偏且从90度往正中间转且离墙居中位置转.csv,459,right_bias,middle,transition,9.191,134.0,20.0,114.0,101.0,21.0,80.0,0,1
车子右偏且从90度往正中间转且离墙居中位置转.csv,460,right_bias,middle,transition,9.211,21.0,21.0,0.0,82.0,21.0,61.0,0,1
车子右偏且从90度往正中间转且离墙居中位置转.csv,461,right_bias,middle,transition,9.231,116.0,20.0,96.0,101.0,21.0,80.0,0,1
车子右偏且从90度往正中间转且离墙居中位置转.csv,462,right_bias,middle,transition,9.251,17.0,20.0,-3.0,101.0,20.0,81.0,0,1
车子右偏且从90度往正中间转且离墙居中位置转.csv,463,right_bias,middle,transition,9.271,16.0,21.0,-5.0,101.0,20.0,81.0,0,1
车子右偏且从90度往正中间转且离墙居中位置转.csv,464,right_bias,middle,transition,9.291,101.0,20.0,81.0,101.0,20.0,81.0,0,1
车子右偏且从90度往正中间转且离墙居中位置转.csv,465,right_bias,middle,transition,9.311,322.0,20.0,302.0,101.0,20.0,81.0,0,1
车子右偏且从90度往正中间转且离墙居中位置转.csv,466,right_bias,middle,transition,9.332,132.0,21.0,111.0,101.0,20.0,81.0,0,1
车子右偏且从90度往正中间转且离墙居中位置转.csv,467,right_bias,middle,transition,9.352,85.0,20.0,65.0,101.0,20.0,81.0,0,1
车子右偏且从90度往正中间转且离墙居中位置转.csv,468,right_bias,middle,transition,9.372,117.0,20.0,97.0,101.0,20.0,81.0,0,1
车子右偏且从90度往正中间转且离墙居中位置转.csv,469,right_bias,middle,transition,9.392,16.0,20.0,-4.0,101.0,20.0,81.0,0,1
车子右偏且从90度往正中间转且离墙居中位置转.csv,470,right_bias,middle,transition,9.412,117.0,23.0,94.0,101.0,20.0,81.0,0,1
车子右偏且从90度往正中间转且离墙居中位置转.csv,471,right_bias,middle,transition,9.432,134.0,33.0,101.0,117.0,20.0,97.0,0,1
车子右偏且从90度往正中间转且离墙居中位置转.csv,472,right_bias,middle,transition,9.452,134.0,29.0,105.0,117.0,20.0,97.0,0,1
车子右偏且从90度往正中间转且离墙居中位置转.csv,473,right_bias,middle,transition,9.472,158.0,21.0,137.0,132.0,21.0,111.0,0,1
车子右偏且从90度往正中间转且离墙居中位置转.csv,474,right_bias,middle,transition,9.492,133.0,21.0,112.0,132.0,21.0,111.0,0,1
车子右偏且从90度往正中间转且离墙居中位置转.csv,475,right_bias,middle,transition,9.513,149.0,21.0,128.0,133.0,21.0,112.0,0,1
车子右偏且从90度往正中间转且离墙居中位置转.csv,476,right_bias,middle,transition,9.533,134.0,20.0,114.0,134.0,21.0,113.0,0,1
车子右偏且从90度往正中间转且离墙居中位置转.csv,477,right_bias,middle,transition,9.553,150.0,20.0,130.0,134.0,21.0,113.0,0,1
车子右偏且从90度往正中间转且离墙居中位置转.csv,478,right_bias,middle,transition,9.573,153.0,21.0,132.0,134.0,21.0,113.0,0,1
车子右偏且从90度往正中间转且离墙居中位置转.csv,479,right_bias,middle,transition,9.593,150.0,21.0,129.0,149.0,21.0,128.0,0,1
车子右偏且从90度往正中间转且离墙居中位置转.csv,480,right_bias,middle,transition,9.613,167.0,21.0,146.0,150.0,21.0,129.0,0,1
车子右偏且从90度往正中间转且离墙居中位置转.csv,481,right_bias,middle,transition,9.633,216.0,21.0,195.0,150.0,21.0,129.0,0,1
车子右偏且从90度往正中间转且离墙居中位置转.csv,482,right_bias,middle,transition,9.653,134.0,20.0,114.0,150.0,21.0,129.0,0,1
车子右偏且从90度往正中间转且离墙居中位置转.csv,483,right_bias,middle,transition,9.674,329.0,20.0,309.0,150.0,21.0,129.0,0,1
车子右偏且从90度往正中间转且离墙居中位置转.csv,484,right_bias,middle,transition,9.694,166.0,21.0,145.0,153.0,21.0,132.0,0,1
车子右偏且从90度往正中间转且离墙居中位置转.csv,485,right_bias,middle,transition,9.714,19.0,20.0,-1.0,153.0,21.0,132.0,0,1
车子右偏且从90度往正中间转且离墙居中位置转.csv,486,right_bias,middle,transition,9.734,183.0,21.0,162.0,166.0,21.0,145.0,0,1
车子右偏且从90度往正中间转且离墙居中位置转.csv,487,right_bias,middle,transition,9.754,17.0,21.0,-4.0,166.0,21.0,145.0,0,1
车子右偏且从90度往正中间转且离墙居中位置转.csv,488,right_bias,middle,transition,9.774,149.0,21.0,128.0,166.0,21.0,145.0,0,1
车子右偏且从90度往正中间转且离墙居中位置转.csv,489,right_bias,middle,transition,9.794,167.0,21.0,146.0,166.0,21.0,145.0,0,1
车子右偏且从90度往正中间转且离墙居中位置转.csv,490,right_bias,middle,transition,9.814,411.0,20.0,391.0,166.0,21.0,145.0,0,1
车子右偏且从90度往正中间转且离墙居中位置转.csv,491,right_bias,middle,transition,9.834,199.0,21.0,178.0,167.0,21.0,146.0,0,1
车子右偏且从90度往正中间转且离墙居中位置转.csv,492,right_bias,middle,transition,9.855,192.0,21.0,171.0,167.0,21.0,146.0,0,1
车子右偏且从90度往正中间转且离墙居中位置转.csv,493,right_bias,middle,transition,9.875,149.0,21.0,128.0,167.0,21.0,146.0,0,1
车子右偏且从90度往正中间转且离墙居中位置转.csv,494,right_bias,middle,transition,9.895,16.0,30.0,-14.0,167.0,21.0,146.0,0,1
车子右偏且从90度往正中间转且离墙居中位置转.csv,495,right_bias,middle,transition,9.915,168.0,21.0,147.0,167.0,21.0,146.0,0,1
车子右偏且从90度往正中间转且离墙居中位置转.csv,496,right_bias,middle,transition,9.935,314.0,21.0,293.0,168.0,21.0,147.0,0,1
车子右偏且从90度往正中间转且离墙居中位置转.csv,497,right_bias,middle,transition,9.955,242.0,25.0,217.0,192.0,21.0,171.0,0,1
车子右偏且从90度往正中间转且离墙居中位置转.csv,498,right_bias,middle,transition,9.975,217.0,20.0,197.0,199.0,21.0,178.0,0,1
车子右偏且从90度往正中间转且离墙居中位置转.csv,499,right_bias,middle,transition,9.995,168.0,20.0,148.0,192.0,21.0,171.0,0,1
车子右偏且从90度往正中间转且离墙居中位置转.csv,500,right_bias,middle,transition,10.015,200.0,21.0,179.0,192.0,21.0,171.0,0,1
车子右偏且从90度往正中间转且离墙居中位置转.csv,501,right_bias,middle,transition,10.036,281.0,20.0,261.0,200.0,21.0,179.0,0,1
车子右偏且从90度往正中间转且离墙居中位置转.csv,502,right_bias,middle,transition,10.056,298.0,21.0,277.0,217.0,21.0,196.0,0,1
车子右偏且从90度往正中间转且离墙居中位置转.csv,503,right_bias,middle,transition,10.076,250.0,20.0,230.0,242.0,21.0,221.0,0,1
车子右偏且从90度往正中间转且离墙居中位置转.csv,504,right_bias,middle,transition,10.096,249.0,21.0,228.0,249.0,21.0,228.0,0,1
车子右偏且从90度往正中间转且离墙居中位置转.csv,505,right_bias,middle,transition,10.116,72.0,21.0,51.0,242.0,21.0,221.0,0,1
车子右偏且从90度往正中间转且离墙居中位置转.csv,506,right_bias,middle,transition,10.136,233.0,22.0,211.0,233.0,21.0,212.0,0,1
车子右偏且从90度往正中间转且离墙居中位置转.csv,507,right_bias,middle,transition,10.156,215.0,20.0,195.0,233.0,21.0,212.0,0,1
车子右偏且从90度往正中间转且离墙居中位置转.csv,508,right_bias,middle,transition,10.176,378.0,20.0,358.0,249.0,21.0,228.0,0,1
车子右偏且从90度往正中间转且离墙居中位置转.csv,509,right_bias,middle,transition,10.196,279.0,22.0,257.0,250.0,21.0,229.0,0,1
车子右偏且从90度往正中间转且离墙居中位置转.csv,510,right_bias,middle,transition,10.216,613.0,21.0,592.0,250.0,21.0,229.0,0,1
车子右偏且从90度往正中间转且离墙居中位置转.csv,511,right_bias,middle,transition,10.236,395.0,21.0,374.0,250.0,21.0,229.0,0,1
车子右偏且从90度往正中间转且离墙居中位置转.csv,512,right_bias,middle,transition,10.257,101.0,22.0,79.0,249.0,21.0,228.0,0,1
车子右偏且从90度往正中间转且离墙居中位置转.csv,513,right_bias,middle,transition,10.277,248.0,20.0,228.0,248.0,21.0,227.0,0,1
车子右偏且从90度往正中间转且离墙居中位置转.csv,514,right_bias,middle,transition,10.297,51.0,35.0,16.0,248.0,21.0,227.0,0,1
车子右偏且从90度往正中间转且离墙居中位置转.csv,515,right_bias,middle,transition,10.317,298.0,128.0,170.0,279.0,21.0,258.0,0,1
车子右偏且从90度往正中间转且离墙居中位置转.csv,516,right_bias,middle,transition,10.337,280.0,21.0,259.0,280.0,21.0,259.0,0,1
车子右偏且从90度往正中间转且离墙居中位置转.csv,517,right_bias,middle,transition,10.357,542.0,21.0,521.0,280.0,21.0,259.0,0,1
车子右偏且从90度往正中间转且离墙居中位置转.csv,518,right_bias,middle,transition,10.377,263.0,20.0,243.0,280.0,21.0,259.0,0,1
车子右偏且从90度往正中间转且离墙居中位置转.csv,519,right_bias,middle,transition,10.397,248.0,20.0,228.0,263.0,21.0,242.0,0,1
车子右偏且从90度往正中间转且离墙居中位置转.csv,520,right_bias,middle,transition,10.417,312.0,20.0,292.0,263.0,21.0,242.0,0,1
车子右偏且从90度往正中间转且离墙居中位置转.csv,521,right_bias,middle,transition,10.437,264.0,20.0,244.0,264.0,20.0,244.0,0,1
车子右偏且从90度往正中间转且离墙居中位置转.csv,522,right_bias,middle,transition,10.458,296.0,21.0,275.0,280.0,21.0,259.0,0,1
车子右偏且从90度往正中间转且离墙居中位置转.csv,523,right_bias,middle,transition,10.478,249.0,21.0,228.0,280.0,21.0,259.0,0,1
车子右偏且从90度往正中间转且离墙居中位置转.csv,524,right_bias,middle,transition,10.498,264.0,20.0,244.0,264.0,20.0,244.0,0,1
车子右偏且从90度往正中间转且离墙居中位置转.csv,525,right_bias,middle,transition,10.518,266.0,21.0,245.0,264.0,20.0,244.0,0,1
车子右偏且从90度往正中间转且离墙居中位置转.csv,526,right_bias,middle,transition,10.538,265.0,25.0,240.0,264.0,20.0,244.0,0,1
车子右偏且从90度往正中间转且离墙居中位置转.csv,527,right_bias,middle,transition,10.558,318.0,20.0,298.0,265.0,20.0,245.0,0,1
车子右偏且从90度往正中间转且离墙居中位置转.csv,528,right_bias,middle,transition,10.578,528.0,21.0,507.0,266.0,21.0,245.0,0,1
车子右偏且从90度往正中间转且离墙居中位置转.csv,529,right_bias,middle,transition,10.598,476.0,20.0,456.0,266.0,21.0,245.0,0,1
车子右偏且从90度往正中间转且离墙居中位置转.csv,530,right_bias,middle,transition,10.618,282.0,21.0,261.0,282.0,21.0,261.0,0,1
车子右偏且从90度往正中间转且离墙居中位置转.csv,531,right_bias,middle,transition,10.638,264.0,21.0,243.0,266.0,21.0,245.0,0,1
车子右偏且从90度往正中间转且离墙居中位置转.csv,532,right_bias,middle,transition,10.658,184.0,239.0,-55.0,266.0,21.0,245.0,0,1
车子右偏且从90度往正中间转且离墙居中位置转.csv,533,right_bias,middle,transition,10.678,329.0,20.0,309.0,282.0,21.0,261.0,0,1
车子右偏且从90度往正中间转且离墙居中位置转.csv,534,right_bias,middle,transition,10.699,313.0,20.0,293.0,313.0,21.0,292.0,0,1
车子右偏且从90度往正中间转且离墙居中位置转.csv,535,right_bias,middle,transition,10.719,592.0,21.0,571.0,318.0,21.0,297.0,0,1
车子右偏且从90度往正中间转且离墙居中位置转.csv,536,right_bias,middle,transition,10.739,280.0,21.0,259.0,313.0,21.0,292.0,0,1
车子右偏且从90度往正中间转且离墙居中位置转.csv,537,right_bias,middle,transition,10.759,648.0,20.0,628.0,313.0,21.0,292.0,0,1
车子右偏且从90度往正中间转且离墙居中位置转.csv,538,right_bias,middle,transition,10.779,362.0,20.0,342.0,313.0,21.0,292.0,0,1
车子右偏且从90度往正中间转且离墙居中位置转.csv,539,right_bias,middle,transition,10.799,249.0,22.0,227.0,313.0,21.0,292.0,0,1
车子右偏且从90度往正中间转且离墙居中位置转.csv,540,right_bias,middle,transition,10.819,330.0,20.0,310.0,329.0,20.0,309.0,0,1
车子右偏且从90度往正中间转且离墙居中位置转.csv,541,right_bias,middle,transition,10.839,182.0,21.0,161.0,329.0,20.0,309.0,0,1
车子右偏且从90度往正中间转且离墙居中位置转.csv,542,right_bias,middle,transition,10.859,528.0,20.0,508.0,330.0,20.0,310.0,0,1
车子右偏且从90度往正中间转且离墙居中位置转.csv,543,right_bias,middle,transition,10.879,298.0,21.0,277.0,330.0,21.0,309.0,0,1
车子右偏且从90度往正中间转且离墙居中位置转.csv,544,right_bias,middle,transition,10.899,385.0,21.0,364.0,330.0,21.0,309.0,0,1
车子右偏且从90度往正中间转且离墙居中位置转.csv,545,right_bias,middle,transition,10.919,345.0,20.0,325.0,345.0,20.0,325.0,0,1
车子右偏且从90度往正中间转且离墙居中位置转.csv,546,right_bias,middle,transition,10.939,344.0,20.0,324.0,344.0,20.0,324.0,0,1
车子右偏且从90度往正中间转且离墙居中位置转.csv,547,right_bias,middle,transition,10.96,281.0,20.0,261.0,330.0,20.0,310.0,0,1
车子右偏且从90度往正中间转且离墙居中位置转.csv,548,right_bias,middle,transition,10.98,295.0,20.0,275.0,330.0,20.0,310.0,0,1
车子右偏且从90度往正中间转且离墙居中位置转.csv,549,right_bias,middle,transition,11.0,304.0,21.0,283.0,304.0,20.0,284.0,0,1
车子右偏且从90度往正中间转且离墙居中位置转.csv,550,right_bias,middle,transition,11.02,297.0,20.0,277.0,304.0,20.0,284.0,0,1
车子右偏且从90度往正中间转且离墙居中位置转.csv,551,right_bias,middle,transition,11.04,250.0,21.0,229.0,298.0,20.0,278.0,0,1
车子右偏且从90度往正中间转且离墙居中位置转.csv,552,right_bias,middle,transition,11.06,346.0,32.0,314.0,304.0,20.0,284.0,0,1
车子右偏且从90度往正中间转且离墙居中位置转.csv,553,right_bias,middle,transition,11.08,395.0,33.0,362.0,304.0,20.0,284.0,0,1
车子右偏且从90度往正中间转且离墙居中位置转.csv,554,right_bias,middle,transition,11.1,306.0,20.0,286.0,304.0,20.0,284.0,0,1
车子右偏且从90度往正中间转且离墙居中位置转.csv,555,right_bias,middle,transition,11.12,704.0,21.0,683.0,304.0,21.0,283.0,0,1
车子右偏且从90度往正中间转且离墙居中位置转.csv,556,right_bias,middle,transition,11.14,363.0,22.0,341.0,306.0,21.0,285.0,0,1
车子右偏且从90度往正中间转且离墙居中位置转.csv,557,right_bias,middle,transition,11.16,281.0,21.0,260.0,306.0,21.0,285.0,0,1
车子右偏且从90度往正中间转且离墙居中位置转.csv,558,right_bias,middle,transition,11.18,345.0,21.0,324.0,345.0,21.0,324.0,0,1
车子右偏且从90度往正中间转且离墙居中位置转.csv,559,right_bias,middle,transition,11.201,200.0,20.0,180.0,345.0,21.0,324.0,0,1
车子右偏且从90度往正中间转且离墙居中位置转.csv,560,right_bias,middle,transition,11.221,626.0,21.0,605.0,346.0,21.0,325.0,0,1
车子右偏且从90度往正中间转且离墙居中位置转.csv,561,right_bias,middle,transition,11.241,299.0,20.0,279.0,345.0,21.0,324.0,0,1
车子右偏且从90度往正中间转且离墙居中位置转.csv,562,right_bias,middle,transition,11.261,721.0,21.0,700.0,345.0,21.0,324.0,0,1
车子右偏且从90度往正中间转且离墙居中位置转.csv,563,right_bias,middle,transition,11.281,365.0,33.0,332.0,363.0,21.0,342.0,0,1
车子右偏且从90度往正中间转且离墙居中位置转.csv,564,right_bias,middle,transition,11.301,364.0,31.0,333.0,363.0,21.0,342.0,0,1
车子右偏且从90度往正中间转且离墙居中位置转.csv,565,right_bias,middle,transition,11.321,300.0,34.0,266.0,345.0,21.0,324.0,0,1
车子右偏且从90度往正中间转且离墙居中位置转.csv,566,right_bias,middle,transition,11.341,150.0,23.0,127.0,345.0,21.0,324.0,0,1
车子右偏且从90度往正中间转且离墙居中位置转.csv,567,right_bias,middle,transition,11.361,298.0,21.0,277.0,300.0,21.0,279.0,0,1
车子右偏且从90度往正中间转且离墙居中位置转.csv,568,right_bias,middle,transition,11.381,443.0,21.0,422.0,364.0,21.0,343.0,0,1
车子右偏且从90度往正中间转且离墙居中位置转.csv,569,right_bias,middle,transition,11.401,428.0,20.0,408.0,364.0,21.0,343.0,0,1
车子右偏且从90度往正中间转且离墙居中位置转.csv,570,right_bias,middle,transition,11.422,347.0,21.0,326.0,364.0,21.0,343.0,0,1
车子右偏且从90度往正中间转且离墙居中位置转.csv,571,right_bias,middle,transition,11.442,297.0,20.0,277.0,347.0,21.0,326.0,0,1
车子右偏且从90度往正中间转且离墙居中位置转.csv,572,right_bias,middle,transition,11.462,298.0,21.0,277.0,300.0,21.0,279.0,0,1
车子右偏且从90度往正中间转且离墙居中位置转.csv,573,right_bias,middle,transition,11.482,429.0,21.0,408.0,300.0,21.0,279.0,0,1
车子右偏且从90度往正中间转且离墙居中位置转.csv,574,right_bias,middle,transition,11.502,332.0,21.0,311.0,332.0,21.0,311.0,0,1
车子右偏且从90度往正中间转且离墙居中位置转.csv,575,right_bias,middle,transition,11.522,347.0,21.0,326.0,347.0,21.0,326.0,0,1
车子右偏且从90度往正中间转且离墙居中位置转.csv,576,right_bias,middle,transition,11.542,346.0,21.0,325.0,347.0,21.0,326.0,0,1
车子右偏且从90度往正中间转且离墙居中位置转.csv,577,right_bias,middle,transition,11.562,187.0,20.0,167.0,346.0,21.0,325.0,0,1
车子右偏且从90度往正中间转且离墙居中位置转.csv,578,right_bias,middle,transition,11.582,494.0,23.0,471.0,346.0,21.0,325.0,0,1
车子右偏且从90度往正中间转且离墙居中位置转.csv,579,right_bias,middle,transition,11.603,299.0,20.0,279.0,332.0,21.0,311.0,0,1
车子右偏且从90度往正中间转且离墙居中位置转.csv,580,right_bias,middle,transition,11.623,741.0,20.0,721.0,346.0,21.0,325.0,0,1
车子右偏且从90度往正中间转且离墙居中位置转.csv,581,right_bias,middle,transition,11.643,363.0,21.0,342.0,347.0,21.0,326.0,0,1
车子右偏且从90度往正中间转且离墙居中位置转.csv,582,right_bias,middle,transition,11.663,218.0,21.0,197.0,346.0,21.0,325.0,0,1
车子右偏且从90度往正中间转且离墙居中位置转.csv,583,right_bias,middle,transition,11.683,299.0,21.0,278.0,346.0,21.0,325.0,0,1
车子右偏且从90度往正中间转且离墙居中位置转.csv,584,right_bias,middle,transition,11.703,201.0,20.0,181.0,299.0,21.0,278.0,0,1
车子右偏且从90度往正中间转且离墙居中位置转.csv,585,right_bias,middle,transition,11.723,298.0,21.0,277.0,299.0,21.0,278.0,0,1
车子右偏且从90度往正中间转且离墙居中位置转.csv,586,right_bias,middle,transition,11.743,673.0,30.0,643.0,299.0,21.0,278.0,0,1
车子右偏且从90度往正中间转且离墙居中位置转.csv,587,right_bias,middle,transition,11.764,641.0,21.0,620.0,299.0,21.0,278.0,0,1
车子右偏且从90度往正中间转且离墙居中位置转.csv,588,right_bias,middle,transition,11.784,364.0,20.0,344.0,363.0,21.0,342.0,0,1
车子右偏且从90度往正中间转且离墙居中位置转.csv,589,right_bias,middle,transition,11.804,331.0,21.0,310.0,331.0,21.0,310.0,0,1
车子右偏且从90度往正中间转且离墙居中位置转.csv,590,right_bias,middle,transition,11.824,249.0,20.0,229.0,299.0,21.0,278.0,0,1
车子右偏且从90度往正中间转且离墙居中位置转.csv,591,right_bias,middle,transition,11.844,251.0,21.0,230.0,299.0,21.0,278.0,0,1
车子右偏且从90度往正中间转且离墙居中位置转.csv,592,right_bias,middle,transition,11.864,299.0,20.0,279.0,299.0,21.0,278.0,0,1
车子右偏且从90度往正中间转且离墙居中位置转.csv,593,right_bias,middle,transition,11.884,503.0,21.0,482.0,331.0,21.0,310.0,0,1
车子右偏且从90度往正中间转且离墙居中位置转.csv,594,right_bias,middle,transition,11.904,346.0,20.0,326.0,346.0,21.0,325.0,0,1
车子右偏且从90度往正中间转且离墙居中位置转.csv,595,right_bias,middle,transition,11.925,347.0,21.0,326.0,346.0,21.0,325.0,0,1
车子右偏且从90度往正中间转且离墙居中位置转.csv,596,right_bias,middle,transition,11.945,349.0,33.0,316.0,346.0,21.0,325.0,0,1
车子右偏且从90度往正中间转且离墙居中位置转.csv,597,right_bias,middle,transition,11.965,299.0,21.0,278.0,331.0,21.0,310.0,0,1
车子右偏且从90度往正中间转且离墙居中位置转.csv,598,right_bias,middle,transition,11.986,503.0,21.0,482.0,346.0,21.0,325.0,0,1
车子右偏且从90度往正中间转且离墙居中位置转.csv,599,right_bias,middle,transition,12.006,363.0,21.0,342.0,347.0,21.0,326.0,0,1
车子右偏且从90度往正中间转且离墙居中位置转.csv,600,right_bias,middle,transition,12.026,299.0,21.0,278.0,347.0,21.0,326.0,0,1
车子右偏且从90度往正中间转且离墙居中位置转.csv,601,right_bias,middle,transition,12.046,299.0,22.0,277.0,347.0,21.0,326.0,0,1
车子右偏且从90度往正中间转且离墙居中位置转.csv,602,right_bias,middle,transition,12.066,184.0,33.0,151.0,346.0,21.0,325.0,0,1
车子右偏且从90度往正中间转且离墙居中位置转.csv,603,right_bias,middle,transition,12.086,306.0,20.0,286.0,306.0,21.0,285.0,0,1
车子右偏且从90度往正中间转且离墙居中位置转.csv,604,right_bias,middle,transition,12.106,347.0,20.0,327.0,306.0,21.0,285.0,0,1
车子右偏且从90度往正中间转且离墙居中位置转.csv,605,right_bias,middle,transition,12.126,689.0,20.0,669.0,306.0,21.0,285.0,0,1
车子右偏且从90度往正中间转且离墙居中位置转.csv,606,right_bias,middle,transition,12.147,336.0,21.0,315.0,336.0,21.0,315.0,0,1
车子右偏且从90度往正中间转且离墙居中位置转.csv,607,right_bias,middle,transition,12.167,395.0,20.0,375.0,336.0,21.0,315.0,0,1
车子右偏且从90度往正中间转且离墙居中位置转.csv,608,right_bias,middle,transition,12.187,149.0,20.0,129.0,306.0,20.0,286.0,0,1
车子右偏且从90度往正中间转且离墙居中位置转.csv,609,right_bias,middle,transition,12.207,330.0,21.0,309.0,330.0,20.0,310.0,0,1
车子右偏且从90度往正中间转且离墙居中位置转.csv,610,right_bias,middle,transition,12.227,299.0,21.0,278.0,330.0,20.0,310.0,0,1
车子右偏且从90度往正中间转且离墙居中位置转.csv,611,right_bias,middle,transition,12.247,832.0,21.0,811.0,336.0,20.0,316.0,0,1
车子右偏且从90度往正中间转且离墙居中位置转.csv,612,right_bias,middle,transition,12.267,363.0,21.0,342.0,347.0,21.0,326.0,0,1
车子右偏且从90度往正中间转且离墙居中位置转.csv,613,right_bias,middle,transition,12.287,266.0,20.0,246.0,336.0,21.0,315.0,0,1
车子右偏且从90度往正中间转且离墙居中位置转.csv,614,right_bias,middle,transition,12.307,314.0,21.0,293.0,330.0,21.0,309.0,0,1
车子右偏且从90度往正中间转且离墙居中位置转.csv,615,right_bias,middle,transition,12.327,250.0,21.0,229.0,314.0,21.0,293.0,0,1
车子右偏且从90度往正中间转且离墙居中位置转.csv,616,right_bias,middle,transition,12.348,298.0,21.0,277.0,299.0,21.0,278.0,0,1
车子右偏且从90度往正中间转且离墙居中位置转.csv,617,right_bias,middle,transition,12.368,363.0,20.0,343.0,314.0,21.0,293.0,0,1
车子右偏且从90度往正中间转且离墙居中位置转.csv,618,right_bias,middle,transition,12.388,348.0,23.0,325.0,314.0,21.0,293.0,0,1
车子右偏且从90度往正中间转且离墙居中位置转.csv,619,right_bias,middle,transition,12.408,348.0,33.0,315.0,348.0,21.0,327.0,0,1
车子右偏且从90度往正中间转且离墙居中位置转.csv,620,right_bias,middle,transition,12.428,265.0,20.0,245.0,314.0,21.0,293.0,0,1
车子右偏且从90度往正中间转且离墙居中位置转.csv,621,right_bias,middle,transition,12.448,297.0,21.0,276.0,298.0,21.0,277.0,0,1
车子右偏且从90度往正中间转且离墙居中位置转.csv,622,right_bias,middle,transition,12.468,299.0,21.0,278.0,299.0,21.0,278.0,0,1
车子右偏且从90度往正中间转且离墙居中位置转.csv,623,right_bias,middle,transition,12.488,478.0,20.0,458.0,299.0,21.0,278.0,0,1
车子右偏且从90度往正中间转且离墙居中位置转.csv,624,right_bias,middle,transition,12.508,353.0,20.0,333.0,348.0,21.0,327.0,0,1
车子右偏且从90度往正中间转且离墙居中位置转.csv,625,right_bias,middle,transition,12.529,346.0,20.0,326.0,348.0,20.0,328.0,0,1
车子右偏且从90度往正中间转且离墙居中位置转.csv,626,right_bias,middle,transition,12.549,300.0,20.0,280.0,346.0,20.0,326.0,0,1
车子右偏且从90度往正中间转且离墙居中位置转.csv,627,right_bias,middle,transition,12.569,412.0,20.0,392.0,346.0,20.0,326.0,0,1
车子右偏且从90度往正中间转且离墙居中位置转.csv,628,right_bias,middle,transition,12.589,298.0,20.0,278.0,300.0,20.0,280.0,0,1
车子右偏且从90度往正中间转且离墙居中位置转.csv,629,right_bias,middle,transition,12.609,846.0,20.0,826.0,346.0,20.0,326.0,0,1
车子右偏且从90度往正中间转且离墙居中位置转.csv,630,right_bias,middle,transition,12.629,363.0,19.0,344.0,353.0,20.0,333.0,0,1
车子右偏且从90度往正中间转且离墙居中位置转.csv,631,right_bias,middle,transition,12.649,218.0,36.0,182.0,353.0,20.0,333.0,0,1
车子右偏且从90度往正中间转且离墙居中位置转.csv,632,right_bias,middle,transition,12.669,299.0,20.0,279.0,346.0,20.0,326.0,0,1
车子右偏且从90度往正中间转且离墙居中位置转.csv,633,right_bias,middle,transition,12.689,183.0,20.0,163.0,300.0,20.0,280.0,0,1
车子右偏且从90度往正中间转且离墙居中位置转.csv,634,right_bias,middle,transition,12.709,297.0,20.0,277.0,299.0,20.0,279.0,0,1
车子右偏且从90度往正中间转且离墙居中位置转.csv,635,right_bias,middle,transition,12.73,363.0,44.0,319.0,299.0,20.0,279.0,0,1
车子右偏且从90度往正中间转且离墙居中位置转.csv,636,right_bias,middle,transition,12.75,623.0,21.0,602.0,299.0,20.0,279.0,0,1
车子右偏且从90度往正中间转且离墙居中位置转.csv,637,right_bias,middle,transition,12.77,368.0,20.0,348.0,363.0,20.0,343.0,0,1
车子右偏且从90度往正中间转且离墙居中位置转.csv,638,right_bias,middle,transition,12.79,297.0,20.0,277.0,299.0,20.0,279.0,0,1
车子右偏且从90度往正中间转且离墙居中位置转.csv,639,right_bias,middle,transition,12.81,280.0,20.0,260.0,297.0,20.0,277.0,0,1
车子右偏且从90度往正中间转且离墙居中位置转.csv,640,right_bias,middle,transition,12.83,281.0,20.0,261.0,297.0,20.0,277.0,0,1
车子右偏且从90度往正中间转且离墙居中位置转.csv,641,right_bias,middle,transition,12.85,362.0,27.0,335.0,297.0,20.0,277.0,0,1
车子右偏且从90度往正中间转且离墙居中位置转.csv,642,right_bias,middle,transition,12.87,355.0,20.0,335.0,355.0,20.0,335.0,0,1
车子右偏且从90度往正中间转且离墙居中位置转.csv,643,right_bias,middle,transition,12.89,346.0,21.0,325.0,355.0,20.0,335.0,0,1
车子右偏且从90度往正中间转且离墙居中位置转.csv,644,right_bias,middle,transition,12.911,298.0,21.0,277.0,346.0,20.0,326.0,0,1
车子右偏且从90度往正中间转且离墙居中位置转.csv,645,right_bias,middle,transition,12.931,314.0,20.0,294.0,314.0,20.0,294.0,0,1
车子右偏且从90度往正中间转且离墙居中位置转.csv,646,right_bias,middle,transition,12.951,297.0,21.0,276.0,298.0,20.0,278.0,0,1
车子右偏且从90度往正中间转且离墙居中位置转.csv,647,right_bias,middle,transition,12.971,655.0,21.0,634.0,314.0,21.0,293.0,0,1
车子右偏且从90度往正中间转且离墙居中位置转.csv,648,right_bias,middle,transition,12.991,362.0,56.0,306.0,346.0,21.0,325.0,0,1
车子右偏且从90度往正中间转且离墙居中位置转.csv,649,right_bias,middle,transition,13.011,281.0,20.0,261.0,346.0,21.0,325.0,0,1
车子右偏且从90度往正中间转且离墙居中位置转.csv,650,right_bias,middle,transition,13.031,305.0,20.0,285.0,314.0,21.0,293.0,0,1
车子右偏且从90度往正中间转且离墙居中位置转.csv,651,right_bias,middle,transition,13.051,182.0,21.0,161.0,305.0,21.0,284.0,0,1
车子右偏且从90度往正中间转且离墙居中位置转.csv,652,right_bias,middle,transition,13.071,311.0,21.0,290.0,305.0,21.0,284.0,0,1
车子右偏且从90度往正中间转且离墙居中位置转.csv,653,right_bias,middle,transition,13.091,363.0,21.0,342.0,311.0,21.0,290.0,0,1
车子右偏且从90度往正中间转且离墙居中位置转.csv,654,right_bias,middle,transition,13.112,836.0,44.0,792.0,311.0,21.0,290.0,0,1
车子右偏且从90度往正中间转且离墙居中位置转.csv,655,right_bias,middle,transition,13.132,367.0,22.0,345.0,362.0,21.0,341.0,0,1
车子右偏且从90度往正中间转且离墙居中位置转.csv,656,right_bias,middle,transition,13.152,378.0,21.0,357.0,362.0,21.0,341.0,0,1
车子右偏且从90度往正中间转且离墙居中位置转.csv,657,right_bias,middle,transition,13.172,313.0,20.0,293.0,313.0,21.0,292.0,0,1
车子右偏且从90度往正中间转且离墙居中位置转.csv,658,right_bias,middle,transition,13.192,232.0,20.0,212.0,313.0,21.0,292.0,0,1
车子右偏且从90度往正中间转且离墙居中位置转.csv,659,right_bias,middle,transition,13.212,378.0,21.0,357.0,363.0,21.0,342.0,0,1
车子右偏且从90度往正中间转且离墙居中位置转.csv,660,right_bias,middle,transition,13.232,719.0,56.0,663.0,367.0,21.0,346.0,0,1
车子右偏且从90度往正中间转且离墙居中位置转.csv,661,right_bias,middle,transition,13.252,361.0,20.0,341.0,367.0,21.0,346.0,0,1
车子右偏且从90度往正中间转且离墙居中位置转.csv,662,right_bias,middle,transition,13.272,281.0,20.0,261.0,367.0,21.0,346.0,0,1
车子右偏且从90度往正中间转且离墙居中位置转.csv,663,right_bias,middle,transition,13.293,313.0,56.0,257.0,361.0,21.0,340.0,0,1
车子右偏且从90度往正中间转且离墙居中位置转.csv,664,right_bias,middle,transition,13.313,281.0,20.0,261.0,313.0,20.0,293.0,0,1
车子右偏且从90度往正中间转且离墙居中位置转.csv,665,right_bias,middle,transition,13.333,313.0,21.0,292.0,313.0,20.0,293.0,0,1
车子右偏且从90度往正中间转且离墙居中位置转.csv,666,right_bias,middle,transition,13.353,363.0,21.0,342.0,313.0,21.0,292.0,0,1
车子右偏且从90度往正中间转且离墙居中位置转.csv,667,right_bias,middle,transition,13.373,345.0,21.0,324.0,345.0,21.0,324.0,0,1
车子右偏且从90度往正中间转且离墙居中位置转.csv,668,right_bias,middle,transition,13.393,296.0,20.0,276.0,313.0,21.0,292.0,0,1
车子右偏且从90度往正中间转且离墙居中位置转.csv,669,right_bias,middle,transition,13.413,248.0,20.0,228.0,313.0,20.0,293.0,0,1
车子右偏且从90度往正中间转且离墙居中位置转.csv,670,right_bias,middle,transition,13.433,313.0,20.0,293.0,313.0,20.0,293.0,0,1
车子右偏且从90度往正中间转且离墙居中位置转.csv,671,right_bias,middle,transition,13.453,363.0,28.0,335.0,313.0,21.0,292.0,0,1
车子右偏且从90度往正中间转且离墙居中位置转.csv,672,right_bias,middle,transition,13.473,640.0,33.0,607.0,313.0,21.0,292.0,0,1
车子右偏且从90度往正中间转且离墙居中位置转.csv,673,right_bias,middle,transition,13.494,329.0,21.0,308.0,329.0,21.0,308.0,0,1
车子右偏且从90度往正中间转且离墙居中位置转.csv,674,right_bias,middle,transition,13.514,312.0,20.0,292.0,329.0,21.0,308.0,0,1
车子右偏且从90度往正中间转且离墙居中位置转.csv,675,right_bias,middle,transition,13.534,314.0,22.0,292.0,314.0,21.0,293.0,0,1
车子右偏且从90度往正中间转且离墙居中位置转.csv,676,right_bias,middle,transition,13.554,347.0,20.0,327.0,314.0,20.0,294.0,0,1
车子右偏且从90度往正中间转且离墙居中位置转.csv,677,right_bias,middle,transition,13.574,330.0,20.0,310.0,329.0,20.0,309.0,0,1
车子右偏且从90度往正中间转且离墙居中位置转.csv,678,right_bias,middle,transition,13.594,804.0,21.0,783.0,330.0,21.0,309.0,0,1
车子右偏且从90度往正中间转且离墙居中位置转.csv,679,right_bias,middle,transition,13.614,362.0,20.0,342.0,347.0,21.0,326.0,0,1
车子右偏且从90度往正中间转且离墙居中位置转.csv,680,right_bias,middle,transition,13.634,233.0,20.0,213.0,330.0,20.0,310.0,0,1
车子右偏且从90度往正中间转且离墙居中位置转.csv,681,right_bias,middle,transition,13.654,321.0,21.0,300.0,329.0,20.0,309.0,0,1
车子右偏且从90度往正中间转且离墙居中位置转.csv,682,right_bias,middle,transition,13.675,182.0,20.0,162.0,321.0,20.0,301.0,0,1
车子右偏且从90度往正中间转且离墙居中位置转.csv,683,right_bias,middle,transition,13.695,313.0,21.0,292.0,321.0,20.0,301.0,0,1
车子右偏且从90度往正中间转且离墙居中位置转.csv,684,right_bias,middle,transition,13.715,363.0,21.0,342.0,330.0,20.0,310.0,0,1
车子右偏且从90度往正中间转且离墙居中位置转.csv,685,right_bias,middle,transition,13.735,656.0,20.0,636.0,330.0,20.0,310.0,0,1
车子右偏且从90度往正中间转且离墙居中位置转.csv,686,right_bias,middle,transition,13.755,301.0,20.0,281.0,321.0,20.0,301.0,0,1
车子右偏且从90度往正中间转且离墙居中位置转.csv,687,right_bias,middle,transition,13.775,313.0,19.0,294.0,313.0,20.0,293.0,0,1
车子右偏且从90度往正中间转且离墙居中位置转.csv,688,right_bias,middle,transition,13.795,314.0,33.0,281.0,313.0,20.0,293.0,0,1
车子右偏且从90度往正中间转且离墙居中位置转.csv,689,right_bias,middle,transition,13.815,379.0,25.0,354.0,314.0,21.0,293.0,0,1
车子右偏且从90度往正中间转且离墙居中位置转.csv,690,right_bias,middle,transition,13.835,362.0,20.0,342.0,314.0,20.0,294.0,0,1
车子右偏且从90度往正中间转且离墙居中位置转.csv,691,right_bias,middle,transition,13.855,361.0,20.0,341.0,361.0,20.0,341.0,0,1
车子右偏且从90度往正中间转且离墙居中位置转.csv,692,right_bias,middle,transition,13.876,313.0,20.0,293.0,361.0,20.0,341.0,0,1
车子右偏且从90度往正中间转且离墙居中位置转.csv,693,right_bias,middle,transition,13.896,313.0,20.0,293.0,314.0,20.0,294.0,0,1
车子右偏且从90度往正中间转且离墙居中位置转.csv,694,right_bias,middle,transition,13.916,249.0,20.0,229.0,313.0,20.0,293.0,0,1
车子右偏且从90度往正中间转且离墙居中位置转.csv,695,right_bias,middle,transition,13.936,345.0,54.0,291.0,314.0,20.0,294.0,0,1
车子右偏且从90度往正中间转且离墙居中位置转.csv,696,right_bias,middle,transition,13.956,767.0,21.0,746.0,345.0,20.0,325.0,0,1
车子右偏且从90度往正中间转且离墙居中位置转.csv,697,right_bias,middle,transition,13.976,527.0,19.0,508.0,361.0,20.0,341.0,0,1
车子右偏且从90度往正中间转且离墙居中位置转.csv,698,right_bias,middle,transition,13.996,281.0,21.0,260.0,345.0,20.0,325.0,0,1
车子右偏且从90度往正中间转且离墙居中位置转.csv,699,right_bias,middle,transition,14.016,313.0,21.0,292.0,313.0,20.0,293.0,0,1
车子右偏且从90度往正中间转且离墙居中位置转.csv,700,right_bias,middle,transition,14.036,182.0,20.0,162.0,313.0,20.0,293.0,0,1
车子右偏且从90度往正中间转且离墙居中位置转.csv,701,right_bias,middle,transition,14.057,314.0,21.0,293.0,313.0,21.0,292.0,0,1
车子右偏且从90度往正中间转且离墙居中位置转.csv,702,right_bias,middle,transition,14.077,362.0,21.0,341.0,314.0,21.0,293.0,0,1
车子右偏且从90度往正中间转且离墙居中位置转.csv,703,right_bias,middle,transition,14.097,868.0,20.0,848.0,345.0,21.0,324.0,0,1
车子右偏且从90度往正中间转且离墙居中位置转.csv,704,right_bias,middle,transition,14.117,297.0,32.0,265.0,314.0,21.0,293.0,0,1
车子右偏且从90度往正中间转且离墙居中位置转.csv,705,right_bias,middle,transition,14.137,460.0,25.0,435.0,314.0,21.0,293.0,0,1
车子右偏且从90度往正中间转且离墙居中位置转.csv,706,right_bias,middle,transition,14.157,314.0,32.0,282.0,314.0,21.0,293.0,0,1
车子右偏且从90度往正中间转且离墙居中位置转.csv,707,right_bias,middle,transition,14.177,249.0,20.0,229.0,314.0,21.0,293.0,0,1
车子右偏且从90度往正中间转且离墙居中位置转.csv,708,right_bias,middle,transition,14.197,361.0,20.0,341.0,314.0,21.0,293.0,0,1
车子右偏且从90度往正中间转且离墙居中位置转.csv,709,right_bias,middle,transition,14.217,557.0,20.0,537.0,361.0,21.0,340.0,0,1
车子右偏且从90度往正中间转且离墙居中位置转.csv,710,right_bias,middle,transition,14.237,444.0,20.0,424.0,362.0,20.0,342.0,0,1
车子右偏且从90度往正中间转且离墙居中位置转.csv,711,right_bias,middle,transition,14.258,297.0,20.0,277.0,361.0,20.0,341.0,0,1
车子右偏且从90度往正中间转且离墙居中位置转.csv,712,right_bias,middle,transition,14.278,314.0,20.0,294.0,314.0,20.0,294.0,0,1
车子右偏且从90度往正中间转且离墙居中位置转.csv,713,right_bias,middle,transition,14.298,313.0,20.0,293.0,314.0,20.0,294.0,0,1
车子右偏且从90度往正中间转且离墙居中位置转.csv,714,right_bias,middle,transition,14.318,361.0,44.0,317.0,314.0,20.0,294.0,0,1
车子右偏且从90度往正中间转且离墙居中位置转.csv,715,right_bias,middle,transition,14.338,363.0,20.0,343.0,361.0,20.0,341.0,0,1
车子右偏且从90度往正中间转且离墙居中位置转.csv,716,right_bias,middle,transition,14.358,266.0,54.0,212.0,361.0,20.0,341.0,0,1
车子右偏且从90度往正中间转且离墙居中位置转.csv,717,right_bias,middle,transition,14.378,322.0,21.0,301.0,322.0,20.0,302.0,0,1
车子右偏且从90度往正中间转且离墙居中位置转.csv,718,right_bias,middle,transition,14.398,215.0,20.0,195.0,314.0,20.0,294.0,0,1
车子右偏且从90度往正中间转且离墙居中位置转.csv,719,right_bias,middle,transition,14.418,592.0,21.0,571.0,314.0,20.0,294.0,0,1
车子右偏且从90度往正中间转且离墙居中位置转.csv,720,right_bias,middle,transition,14.438,363.0,20.0,343.0,322.0,20.0,302.0,0,1
车子右偏且从90度往正中间转且离墙居中位置转.csv,721,right_bias,middle,transition,14.459,773.0,20.0,753.0,361.0,20.0,341.0,0,1
车子右偏且从90度往正中间转且离墙居中位置转.csv,722,right_bias,middle,transition,14.479,299.0,32.0,267.0,361.0,21.0,340.0,0,1
车子右偏且从90度往正中间转且离墙居中位置转.csv,723,right_bias,middle,transition,14.499,345.0,55.0,290.0,345.0,21.0,324.0,0,1
车子右偏且从90度往正中间转且离墙居中位置转.csv,724,right_bias,middle,transition,14.519,314.0,20.0,294.0,322.0,21.0,301.0,0,1
车子右偏且从90度往正中间转且离墙居中位置转.csv,725,right_bias,middle,transition,14.539,313.0,20.0,293.0,322.0,20.0,302.0,0,1
车子右偏且从90度往正中间转且离墙居中位置转.csv,726,right_bias,middle,transition,14.559,378.0,20.0,358.0,345.0,20.0,325.0,0,1
车子右偏且从90度往正中间转且离墙居中位置转.csv,727,right_bias,middle,transition,14.579,751.0,21.0,730.0,363.0,20.0,343.0,0,1
车子右偏且从90度往正中间转且离墙居中位置转.csv,728,right_bias,middle,transition,14.599,672.0,20.0,652.0,363.0,20.0,343.0,0,1
车子右偏且从90度往正中间转且离墙居中位置转.csv,729,right_bias,middle,transition,14.619,314.0,21.0,293.0,345.0,20.0,325.0,0,1
车子右偏且从90度往正中间转且离墙居中位置转.csv,730,right_bias,middle,transition,14.64,322.0,21.0,301.0,322.0,21.0,301.0,0,1
车子右偏且从90度往正中间转且离墙居中位置转.csv,731,right_bias,middle,transition,14.66,249.0,21.0,228.0,322.0,21.0,301.0,0,1
车子右偏且从90度往正中间转且离墙居中位置转.csv,732,right_bias,middle,transition,14.68,378.0,20.0,358.0,322.0,20.0,302.0,0,1
车子右偏且从90度往正中间转且离墙居中位置转.csv,733,right_bias,middle,transition,14.7,363.0,20.0,343.0,363.0,20.0,343.0,0,1
车子右偏且从90度往正中间转且离墙居中位置转.csv,734,right_bias,middle,transition,14.72,575.0,20.0,555.0,378.0,20.0,358.0,0,1
车子右偏且从90度往正中间转且离墙居中位置转.csv,735,right_bias,middle,transition,14.74,312.0,20.0,292.0,363.0,20.0,343.0,0,1
车子右偏且从90度往正中间转且离墙居中位置转.csv,736,right_bias,middle,transition,14.76,312.0,21.0,291.0,322.0,20.0,302.0,0,1
车子右偏且从90度往正中间转且离墙居中位置转.csv,737,right_bias,middle,transition,14.78,364.0,26.0,338.0,322.0,21.0,301.0,0,1
车子右偏且从90度往正中间转且离墙居中位置转.csv,738,right_bias,middle,transition,14.8,363.0,32.0,331.0,363.0,21.0,342.0,0,1
车子右偏且从90度往正中间转且离墙居中位置转.csv,739,right_bias,middle,transition,14.82,475.0,20.0,455.0,363.0,20.0,343.0,0,1
车子右偏且从90度往正中间转且离墙居中位置转.csv,740,right_bias,middle,transition,14.841,361.0,20.0,341.0,363.0,20.0,343.0,0,1
车子右偏且从90度往正中间转且离墙居中位置转.csv,741,right_bias,middle,transition,14.861,281.0,20.0,261.0,363.0,20.0,343.0,0,1
车子右偏且从90度往正中间转且离墙居中位置转.csv,742,right_bias,middle,transition,14.881,314.0,20.0,294.0,361.0,20.0,341.0,0,1
车子右偏且从90度往正中间转且离墙居中位置转.csv,743,right_bias,middle,transition,14.901,215.0,20.0,195.0,314.0,20.0,294.0,0,1
车子右偏且从90度往正中间转且离墙居中位置转.csv,744,right_bias,middle,transition,14.921,362.0,20.0,342.0,361.0,20.0,341.0,0,1
车子右偏且从90度往正中间转且离墙居中位置转.csv,745,right_bias,middle,transition,14.941,704.0,21.0,683.0,362.0,20.0,342.0,0,1
车子右偏且从90度往正中间转且离墙居中位置转.csv,746,right_bias,middle,transition,14.961,672.0,20.0,652.0,362.0,20.0,342.0,0,1
车子右偏且从90度往正中间转且离墙居中位置转.csv,747,right_bias,middle,transition,14.981,297.0,21.0,276.0,361.0,20.0,341.0,0,1
车子右偏且从90度往正中间转且离墙居中位置转.csv,748,right_bias,middle,transition,15.001,330.0,20.0,310.0,330.0,20.0,310.0,0,1
车子右偏且从90度往正中间转且离墙居中位置转.csv,749,right_bias,middle,transition,15.021,183.0,20.0,163.0,314.0,20.0,294.0,0,1
车子右偏且从90度往正中间转且离墙居中位置转.csv,750,right_bias,middle,transition,15.042,460.0,20.0,440.0,330.0,20.0,310.0,0,1
车子右偏且从90度往正中间转且离墙居中位置转.csv,751,right_bias,middle,transition,15.062,363.0,20.0,343.0,362.0,20.0,342.0,0,1
车子右偏且从90度往正中间转且离墙居中位置转.csv,752,right_bias,middle,transition,15.082,790.0,20.0,770.0,363.0,20.0,343.0,0,1
车子右偏且从90度往正中间转且离墙居中位置转.csv,753,right_bias,middle,transition,15.102,303.0,83.0,220.0,363.0,20.0,343.0,0,1
车子右偏且从90度往正中间转且离墙居中位置转.csv,754,right_bias,middle,transition,15.122,476.0,20.0,456.0,363.0,20.0,343.0,0,1
车子右偏且从90度往正中间转且离墙居中位置转.csv,755,right_bias,middle,transition,15.142,314.0,20.0,294.0,330.0,20.0,310.0,0,1
车子右偏且从90度往正中间转且离墙居中位置转.csv,756,right_bias,middle,transition,15.162,300.0,194.0,106.0,330.0,20.0,310.0,0,1
车子右偏且从90度往正中间转且离墙居中位置转.csv,757,right_bias,middle,transition,15.182,363.0,176.0,187.0,363.0,20.0,343.0,0,1
车子右偏且从90度往正中间转且离墙居中位置转.csv,758,right_bias,middle,transition,15.202,394.0,75.0,319.0,363.0,20.0,343.0,0,1
车子右偏且从90度往正中间转且离墙居中位置转.csv,759,right_bias,middle,transition,15.222,461.0,21.0,440.0,363.0,21.0,342.0,0,1
车子右偏且从90度往正中间转且离墙居中位置转.csv,760,right_bias,middle,transition,15.243,314.0,21.0,293.0,363.0,21.0,342.0,0,1
车子右偏且从90度往正中间转且离墙居中位置转.csv,761,right_bias,middle,transition,15.263,313.0,20.0,293.0,314.0,21.0,293.0,0,1
车子右偏且从90度往正中间转且离墙居中位置转.csv,762,right_bias,middle,transition,15.283,313.0,21.0,292.0,314.0,21.0,293.0,0,1
车子右偏且从90度往正中间转且离墙居中位置转.csv,763,right_bias,middle,transition,15.303,494.0,22.0,472.0,314.0,21.0,293.0,0,1
车子右偏且从90度往正中间转且离墙居中位置转.csv,764,right_bias,middle,transition,15.323,395.0,21.0,374.0,363.0,21.0,342.0,0,1
车子右偏且从90度往正中间转且离墙居中位置转.csv,765,right_bias,middle,transition,15.343,314.0,21.0,293.0,363.0,21.0,342.0,0,1
车子右偏且从90度往正中间转且离墙居中位置转.csv,766,right_bias,middle,transition,15.363,316.0,56.0,260.0,316.0,21.0,295.0,0,1
车子右偏且从90度往正中间转且离墙居中位置转.csv,767,right_bias,middle,transition,15.383,217.0,20.0,197.0,314.0,21.0,293.0,0,1
车子右偏且从90度往正中间转且离墙居中位置转.csv,768,right_bias,middle,transition,15.403,429.0,21.0,408.0,314.0,21.0,293.0,0,1
车子右偏且从90度往正中间转且离墙居中位置转.csv,769,right_bias,middle,transition,15.424,363.0,24.0,339.0,316.0,21.0,295.0,0,1
车子右偏且从90度往正中间转且离墙居中位置转.csv,770,right_bias,middle,transition,15.444,854.0,33.0,821.0,363.0,21.0,342.0,0,1
车子右偏且从90度往正中间转且离墙居中位置转.csv,771,right_bias,middle,transition,15.464,362.0,71.0,291.0,363.0,22.0,341.0,0,1
车子右偏且从90度往正中间转且离墙居中位置转.csv,772,right_bias,middle,transition,15.484,190.0,20.0,170.0,362.0,21.0,341.0,0,1
车子右偏且从90度往正中间转且离墙居中位置转.csv,773,right_bias,middle,transition,15.504,314.0,72.0,242.0,316.0,24.0,292.0,0,1
车子右偏且从90度往正中间转且离墙居中位置转.csv,774,right_bias,middle,transition,15.524,200.0,20.0,180.0,316.0,24.0,292.0,0,1
车子右偏且从90度往正中间转且离墙居中位置转.csv,775,right_bias,middle,transition,15.544,363.0,20.0,343.0,362.0,21.0,341.0,0,1
车子右偏且从90度往正中间转且离墙居中位置转.csv,776,right_bias,middle,transition,15.564,755.0,22.0,733.0,363.0,22.0,341.0,0,1
车子右偏且从90度往正中间转且离墙居中位置转.csv,777,right_bias,middle,transition,15.584,720.0,20.0,700.0,363.0,22.0,341.0,0,1
车子右偏且从90度往正中间转且离墙居中位置转.csv,778,right_bias,middle,transition,15.604,282.0,21.0,261.0,362.0,21.0,341.0,0,1
车子右偏且从90度往正中间转且离墙居中位置转.csv,779,right_bias,middle,transition,15.624,314.0,20.0,294.0,314.0,20.0,294.0,0,1
车子右偏且从90度往正中间转且离墙居中位置转.csv,780,right_bias,middle,transition,15.644,266.0,26.0,240.0,314.0,20.0,294.0,0,1
车子右偏且从90度往正中间转且离墙居中位置转.csv,781,right_bias,middle,transition,15.665,314.0,32.0,282.0,314.0,21.0,293.0,0,1
车子右偏且从90度往正中间转且离墙居中位置转.csv,782,right_bias,middle,transition,15.685,362.0,21.0,341.0,314.0,21.0,293.0,0,1
车子右偏且从90度往正中间转且离墙居中位置转.csv,783,right_bias,middle,transition,15.705,492.0,73.0,419.0,362.0,21.0,341.0,0,1
车子右偏且从90度往正中间转且离墙居中位置转.csv,784,right_bias,middle,transition,15.725,297.0,20.0,277.0,314.0,21.0,293.0,0,1
车子右偏且从90度往正中间转且离墙居中位置转.csv,785,right_bias,middle,transition,15.745,313.0,20.0,293.0,314.0,21.0,293.0,0,1
车子右偏且从90度往正中间转且离墙居中位置转.csv,786,right_bias,middle,transition,15.765,346.0,20.0,326.0,314.0,21.0,293.0,0,1
车子右偏且从90度往正中间转且离墙居中位置转.csv,787,right_bias,middle,transition,15.785,363.0,20.0,343.0,314.0,20.0,294.0,0,1
车子右偏且从90度往正中间转且离墙居中位置转.csv,788,right_bias,middle,transition,15.805,598.0,20.0,578.0,346.0,20.0,326.0,0,1
车子右偏且从90度往正中间转且离墙居中位置转.csv,789,right_bias,middle,transition,15.825,345.0,20.0,325.0,346.0,20.0,326.0,0,1
车子右偏且从90度往正中间转且离墙居中位置转.csv,790,right_bias,middle,transition,15.845,233.0,20.0,213.0,346.0,20.0,326.0,0,1
车子右偏且从90度往正中间转且离墙居中位置转.csv,791,right_bias,middle,transition,15.865,313.0,20.0,293.0,345.0,20.0,325.0,0,1
车子右偏且从90度往正中间转且离墙居中位置转.csv,792,right_bias,middle,transition,15.885,202.0,437.0,-235.0,313.0,20.0,293.0,0,1
车子右偏且从90度往正中间转且离墙居中位置转.csv,793,right_bias,middle,transition,15.905,314.0,29.0,285.0,314.0,20.0,294.0,0,1
车子右偏且从90度往正中间转且离墙居中位置转.csv,794,right_bias,middle,transition,15.926,821.0,21.0,800.0,345.0,20.0,325.0,0,1
车子右偏且从90度往正中间转且离墙居中位置转.csv,795,right_bias,middle,transition,15.946,789.0,20.0,769.0,345.0,20.0,325.0,0,1
车子右偏且从90度往正中间转且离墙居中位置转.csv,796,right_bias,middle,transition,15.966,233.0,20.0,213.0,314.0,20.0,294.0,0,1
车子右偏且从90度往正中间转且离墙居中位置转.csv,797,right_bias,middle,transition,15.986,363.0,20.0,343.0,314.0,20.0,294.0,0,1
车子右偏且从90度往正中间转且离墙居中位置转.csv,798,right_bias,middle,transition,16.006,192.0,21.0,171.0,313.0,20.0,293.0,0,1
车子右偏且从90度往正中间转且离墙居中位置转.csv,799,right_bias,middle,transition,16.026,428.0,21.0,407.0,314.0,21.0,293.0,0,1
车子右偏且从90度往正中间转且离墙居中位置转.csv,800,right_bias,middle,transition,16.046,363.0,20.0,343.0,363.0,21.0,342.0,0,1
车子右偏且从90度往正中间转且离墙居中位置转.csv,801,right_bias,middle,transition,16.066,790.0,22.0,768.0,363.0,21.0,342.0,0,1
车子右偏且从90度往正中间转且离墙居中位置转.csv,802,right_bias,middle,transition,16.086,363.0,21.0,342.0,363.0,21.0,342.0,0,1
车子右偏且从90度往正中间转且离墙居中位置转.csv,803,right_bias,middle,transition,16.106,346.0,21.0,325.0,363.0,21.0,342.0,0,1
车子右偏且从90度往正中间转且离墙居中位置转.csv,804,right_bias,middle,transition,16.126,314.0,32.0,282.0,363.0,21.0,342.0,0,1
车子右偏且从90度往正中间转且离墙居中位置转.csv,805,right_bias,middle,transition,16.146,250.0,21.0,229.0,363.0,21.0,342.0,0,1
车子右偏且从90度往正中间转且离墙居中位置转.csv,806,right_bias,middle,transition,16.167,378.0,20.0,358.0,363.0,21.0,342.0,0,1
车子右偏且从90度往正中间转且离墙居中位置转.csv,807,right_bias,middle,transition,16.187,410.0,20.0,390.0,363.0,21.0,342.0,0,1
车子右偏且从90度往正中间转且离墙居中位置转.csv,808,right_bias,middle,transition,16.207,314.0,37.0,277.0,363.0,21.0,342.0,0,1
车子右偏且从90度往正中间转且离墙居中位置转.csv,809,right_bias,middle,transition,16.227,313.0,21.0,292.0,346.0,21.0,325.0,0,1
车子右偏且从90度往正中间转且离墙居中位置转.csv,810,right_bias,middle,transition,16.247,296.0,20.0,276.0,314.0,21.0,293.0,0,1
车子右偏且从90度往正中间转且离墙居中位置转.csv,811,right_bias,middle,transition,16.267,313.0,21.0,292.0,314.0,21.0,293.0,0,1
车子右偏且从90度往正中间转且离墙居中位置转.csv,812,right_bias,middle,transition,16.287,592.0,20.0,572.0,314.0,21.0,293.0,0,1
车子右偏且从90度往正中间转且离墙居中位置转.csv,813,right_bias,middle,transition,16.307,395.0,20.0,375.0,314.0,20.0,294.0,0,1
车子右偏且从90度往正中间转且离墙居中位置转.csv,814,right_bias,middle,transition,16.327,347.0,20.0,327.0,347.0,20.0,327.0,0,1
车子右偏且从90度往正中间转且离墙居中位置转.csv,815,right_bias,middle,transition,16.347,302.0,19.0,283.0,314.0,20.0,294.0,0,1
车子右偏且从90度往正中间转且离墙居中位置转.csv,816,right_bias,middle,transition,16.367,183.0,20.0,163.0,313.0,20.0,293.0,0,1
车子右偏且从90度往正中间转且离墙居中位置转.csv,817,right_bias,middle,transition,16.387,544.0,21.0,523.0,313.0,20.0,293.0,0,1
车子右偏且从90度往正中间转且离墙居中位置转.csv,818,right_bias,middle,transition,16.408,378.0,71.0,307.0,347.0,20.0,327.0,0,1
车子右偏且从90度往正中间转且离墙居中位置转.csv,819,right_bias,middle,transition,16.428,789.0,22.0,767.0,378.0,20.0,358.0,0,1
车子右偏且从90度往正中间转且离墙居中位置转.csv,820,right_bias,middle,transition,16.448,361.0,33.0,328.0,378.0,20.0,358.0,0,1
车子右偏且从90度往正中间转且离墙居中位置转.csv,821,right_bias,middle,transition,16.468,200.0,20.0,180.0,361.0,20.0,341.0,0,1
车子右偏且从90度往正中间转且离墙居中位置转.csv,822,right_bias,middle,transition,16.488,314.0,20.0,294.0,347.0,20.0,327.0,0,1
车子右偏且从90度往正中间转且离墙居中位置转.csv,823,right_bias,middle,transition,16.508,215.0,20.0,195.0,314.0,20.0,294.0,0,1
车子右偏且从90度往正中间转且离墙居中位置转.csv,824,right_bias,middle,transition,16.528,345.0,20.0,325.0,345.0,20.0,325.0,0,1
车子右偏且从90度往正中间转且离墙居中位置转.csv,825,right_bias,middle,transition,16.548,768.0,20.0,748.0,361.0,20.0,341.0,0,1
车子右偏且从90度往正中间转且离墙居中位置转.csv,826,right_bias,middle,transition,16.568,592.0,20.0,572.0,361.0,20.0,341.0,0,1
车子右偏且从90度往正中间转且离墙居中位置转.csv,827,right_bias,middle,transition,16.589,266.0,21.0,245.0,345.0,20.0,325.0,0,1
车子右偏且从90度往正中间转且离墙居中位置转.csv,828,right_bias,middle,transition,16.609,312.0,20.0,292.0,314.0,20.0,294.0,0,1
车子右偏且从90度往正中间转且离墙居中位置转.csv,829,right_bias,middle,transition,16.629,265.0,20.0,245.0,312.0,20.0,292.0,0,1
车子右偏且从90度往正中间转且离墙居中位置转.csv,830,right_bias,middle,transition,16.649,346.0,20.0,326.0,314.0,20.0,294.0,0,1
车子右偏且从90度往正中间转且离墙居中位置转.csv,831,right_bias,middle,transition,16.669,361.0,20.0,341.0,345.0,20.0,325.0,0,1
车子右偏且从90度往正中间转且离墙居中位置转.csv,832,right_bias,middle,transition,16.689,363.0,20.0,343.0,346.0,20.0,326.0,0,1
车子右偏且从90度往正中间转且离墙居中位置转.csv,833,right_bias,middle,transition,16.709,313.0,21.0,292.0,346.0,20.0,326.0,0,1
车子右偏且从90度往正中间转且离墙居中位置转.csv,834,right_bias,middle,transition,16.729,266.0,20.0,246.0,313.0,20.0,293.0,0,1
车子右偏且从90度往正中间转且离墙居中位置转.csv,835,right_bias,middle,transition,16.749,461.0,20.0,441.0,313.0,20.0,293.0,0,1
车子右偏且从90度往正中间转且离墙居中位置转.csv,836,right_bias,middle,transition,16.769,313.0,22.0,291.0,313.0,20.0,293.0,0,1
车子右偏且从90度往正中间转且离墙居中位置转.csv,837,right_bias,middle,transition,16.79,592.0,33.0,559.0,346.0,20.0,326.0,0,1
车子右偏且从90度往正中间转且离墙居中位置转.csv,838,right_bias,middle,transition,16.81,362.0,20.0,342.0,361.0,20.0,341.0,0,1
车子右偏且从90度往正中间转且离墙居中位置转.csv,839,right_bias,middle,transition,16.83,200.0,20.0,180.0,361.0,20.0,341.0,0,1
车子右偏且从90度往正中间转且离墙居中位置转.csv,840,right_bias,middle,transition,16.85,314.0,19.0,295.0,314.0,20.0,294.0,0,1
车子右偏且从90度往正中间转且离墙居中位置转.csv,841,right_bias,middle,transition,16.87,281.0,20.0,261.0,313.0,20.0,293.0,0,1
车子右偏且从90度往正中间转且离墙居中位置转.csv,842,right_bias,middle,transition,16.89,313.0,20.0,293.0,313.0,20.0,293.0,0,1
车子右偏且从90度往正中间转且离墙居中位置转.csv,843,right_bias,middle,transition,16.91,852.0,20.0,832.0,314.0,20.0,294.0,0,1
车子右偏且从90度往正中间转且离墙居中位置转.csv,844,right_bias,middle,transition,16.93,774.0,20.0,754.0,314.0,20.0,294.0,0,1
车子右偏且从90度往正中间转且离墙居中位置转.csv,845,right_bias,middle,transition,16.95,266.0,20.0,246.0,314.0,20.0,294.0,0,1
车子右偏且从90度往正中间转且离墙居中位置转.csv,846,right_bias,middle,transition,16.971,313.0,20.0,293.0,313.0,20.0,293.0,0,1
车子右偏且从90度往正中间转且离墙居中位置转.csv,847,right_bias,middle,transition,16.991,183.0,20.0,163.0,313.0,20.0,293.0,0,1
车子右偏且从90度往正中间转且离墙居中位置转.csv,848,right_bias,middle,transition,17.011,411.0,21.0,390.0,313.0,20.0,293.0,0,1
车子右偏且从90度往正中间转且离墙居中位置转.csv,849,right_bias,middle,transition,17.031,379.0,20.0,359.0,313.0,20.0,293.0,0,1
车子右偏且从90度往正中间转且离墙居中位置转.csv,850,right_bias,middle,transition,17.051,768.0,20.0,748.0,379.0,20.0,359.0,0,1
车子右偏且从90度往正中间转且离墙居中位置转.csv,851,right_bias,middle,transition,17.071,362.0,21.0,341.0,379.0,20.0,359.0,0,1
车子右偏且从90度往正中间转且离墙居中位置转.csv,852,right_bias,middle,transition,17.091,298.0,34.0,264.0,362.0,20.0,342.0,0,1
车子右偏且从90度往正中间转且离墙居中位置转.csv,853,right_bias,middle,transition,17.111,313.0,23.0,290.0,313.0,20.0,293.0,0,1
车子右偏且从90度往正中间转且离墙居中位置转.csv,854,right_bias,middle,transition,17.131,281.0,20.0,261.0,313.0,20.0,293.0,0,1
车子右偏且从90度往正中间转且离墙居中位置转.csv,855,right_bias,middle,transition,17.151,364.0,21.0,343.0,362.0,21.0,341.0,0,1
车子右偏且从90度往正中间转且离墙居中位置转.csv,856,right_bias,middle,transition,17.172,362.0,20.0,342.0,362.0,21.0,341.0,0,1
车子右偏且从90度往正中间转且离墙居中位置转.csv,857,right_bias,middle,transition,17.192,330.0,20.0,310.0,362.0,20.0,342.0,0,1
车子右偏且从90度往正中间转且离墙居中位置转.csv,858,right_bias,middle,transition,17.212,300.0,20.0,280.0,330.0,20.0,310.0,0,1
车子右偏且从90度往正中间转且离墙居中位置转.csv,859,right_bias,middle,transition,17.232,283.0,20.0,263.0,313.0,20.0,293.0,0,1
车子右偏且从90度往正中间转且离墙居中位置转.csv,860,right_bias,middle,transition,17.252,316.0,21.0,295.0,313.0,20.0,293.0,0,1
车子右偏且从90度往正中间转且离墙居中位置转.csv,861,right_bias,middle,transition,17.272,382.0,36.0,346.0,316.0,20.0,296.0,0,1
车子右偏且从90度往正中间转且离墙居中位置转.csv,862,right_bias,middle,transition,17.292,447.0,21.0,426.0,330.0,20.0,310.0,0,1
车子右偏且从90度往正中间转且离墙居中位置转.csv,863,right_bias,middle,transition,17.312,301.0,21.0,280.0,330.0,21.0,309.0,0,1
车子右偏且从90度往正中间转且离墙居中位置转.csv,864,right_bias,middle,transition,17.332,299.0,19.0,280.0,316.0,20.0,296.0,0,1
车子右偏且从90度往正中间转且离墙居中位置转.csv,865,right_bias,middle,transition,17.353,186.0,21.0,165.0,301.0,21.0,280.0,0,1
车子右偏且从90度往正中间转且离墙居中位置转.csv,866,right_bias,middle,transition,17.373,625.0,21.0,604.0,301.0,21.0,280.0,0,1
车子右偏且从90度往正中间转且离墙居中位置转.csv,867,right_bias,middle,transition,17.393,365.0,21.0,344.0,316.0,21.0,295.0,0,1
车子右偏且从90度往正中间转且离墙居中位置转.csv,868,right_bias,middle,transition,17.413,808.0,20.0,788.0,365.0,21.0,344.0,0,1
车子右偏且从90度往正中间转且离墙居中位置转.csv,869,right_bias,middle,transition,17.433,365.0,21.0,344.0,365.0,21.0,344.0,0,1
车子右偏且从90度往正中间转且离墙居中位置转.csv,870,right_bias,middle,transition,17.453,251.0,21.0,230.0,365.0,21.0,344.0,0,1
车子右偏且从90度往正中间转且离墙居中位置转.csv,871,right_bias,middle,transition,17.473,315.0,20.0,295.0,315.0,21.0,294.0,0,1
车子右偏且从90度往正中间转且离墙居中位置转.csv,872,right_bias,middle,transition,17.493,202.0,20.0,182.0,315.0,21.0,294.0,0,1
车子右偏且从90度往正中间转且离墙居中位置转.csv,873,right_bias,middle,transition,17.513,316.0,21.0,295.0,316.0,21.0,295.0,0,1
车子右偏且从90度往正中间转且离墙居中位置转.csv,874,right_bias,middle,transition,17.534,705.0,20.0,685.0,365.0,21.0,344.0,0,1
车子右偏且从90度往正中间转且离墙居中位置转.csv,875,right_bias,middle,transition,17.554,546.0,20.0,526.0,365.0,20.0,345.0,0,1
车子右偏且从90度往正中间转且离墙居中位置转.csv,876,right_bias,middle,transition,17.574,283.0,21.0,262.0,316.0,20.0,296.0,0,1
车子右偏且从90度往正中间转且离墙居中位置转.csv,877,right_bias,middle,transition,17.594,316.0,20.0,296.0,316.0,20.0,296.0,0,1
车子右偏且从90度往正中间转且离墙居中位置转.csv,878,right_bias,middle,transition,17.614,284.0,45.0,239.0,315.0,20.0,295.0,0,1
车子右偏且从90度往正中间转且离墙居中位置转.csv,879,right_bias,middle,transition,17.634,381.0,20.0,361.0,316.0,20.0,296.0,0,1
车子右偏且从90度往正中间转且离墙居中位置转.csv,880,right_bias,middle,transition,17.654,365.0,19.0,346.0,316.0,20.0,296.0,0,1
车子右偏且从90度往正中间转且离墙居中位置转.csv,881,right_bias,middle,transition,17.674,364.0,20.0,344.0,364.0,20.0,344.0,0,1
车子右偏且从90度往正中间转且离墙居中位置转.csv,882,right_bias,middle,transition,17.694,315.0,20.0,295.0,364.0,20.0,344.0,0,1
车子右偏且从90度往正中间转且离墙居中位置转.csv,883,right_bias,middle,transition,17.714,316.0,20.0,296.0,316.0,20.0,296.0,0,1
车子右偏且从90度往正中间转且离墙居中位置转.csv,884,right_bias,middle,transition,17.735,510.0,21.0,489.0,316.0,20.0,296.0,0,1
车子右偏且从90度往正中间转且离墙居中位置转.csv,885,right_bias,middle,transition,17.755,348.0,20.0,328.0,348.0,20.0,328.0,0,1
车子右偏且从90度往正中间转且离墙居中位置转.csv,886,right_bias,middle,transition,17.775,664.0,20.0,644.0,364.0,20.0,344.0,0,1
车子右偏且从90度往正中间转且离墙居中位置转.csv,887,right_bias,middle,transition,17.795,364.0,20.0,344.0,364.0,20.0,344.0,0,1
车子右偏且从90度往正中间转且离墙居中位置转.csv,888,right_bias,middle,transition,17.815,153.0,19.0,134.0,364.0,20.0,344.0,0,1
车子右偏且从90度往正中间转且离墙居中位置转.csv,889,right_bias,middle,transition,17.835,316.0,45.0,271.0,348.0,20.0,328.0,0,1
车子右偏且从90度往正中间转且离墙居中位置转.csv,890,right_bias,middle,transition,17.855,332.0,28.0,304.0,332.0,20.0,312.0,0,1
车子右偏且从90度往正中间转且离墙居中位置转.csv,891,right_bias,middle,transition,17.875,324.0,21.0,303.0,332.0,20.0,312.0,0,1
车子右偏且从90度往正中间转且离墙居中位置转.csv,892,right_bias,middle,transition,17.895,382.0,20.0,362.0,348.0,20.0,328.0,0,1
车子右偏且从90度往正中间转且离墙居中位置转.csv,893,right_bias,middle,transition,17.916,723.0,20.0,703.0,348.0,20.0,328.0,0,1
车子右偏且从90度往正中间转且离墙居中位置转.csv,894,right_bias,middle,transition,17.936,251.0,20.0,231.0,332.0,20.0,312.0,0,1
车子右偏且从90度往正中间转且离墙居中位置转.csv,895,right_bias,middle,transition,17.956,315.0,21.0,294.0,324.0,20.0,304.0,0,1
车子右偏且从90度往正中间转且离墙居中位置转.csv,896,right_bias,middle,transition,17.976,201.0,20.0,181.0,316.0,20.0,296.0,0,1
车子右偏且从90度往正中间转且离墙居中位置转.csv,897,right_bias,middle,transition,17.996,365.0,44.0,321.0,324.0,21.0,303.0,0,1
车子右偏且从90度往正中间转且离墙居中位置转.csv,898,right_bias,middle,transition,18.016,365.0,20.0,345.0,332.0,20.0,312.0,0,1
车子右偏且从90度往正中间转且离墙居中位置转.csv,899,right_bias,middle,transition,18.036,738.0,20.0,718.0,365.0,20.0,345.0,0,1
车子右偏且从90度往正中间转且离墙居中位置转.csv,900,right_bias,middle,transition,18.056,365.0,20.0,345.0,365.0,20.0,345.0,0,1
车子右偏且从90度往正中间转且离墙居中位置转.csv,901,right_bias,middle,transition,18.076,300.0,20.0,280.0,365.0,20.0,345.0,0,1
车子右偏且从90度往正中间转且离墙居中位置转.csv,902,right_bias,middle,transition,18.096,317.0,21.0,296.0,317.0,20.0,297.0,0,1
车子右偏且从90度往正中间转且离墙居中位置转.csv,903,right_bias,middle,transition,18.117,316.0,20.0,296.0,317.0,20.0,297.0,0,1
车子右偏且从90度往正中间转且离墙居中位置转.csv,904,right_bias,middle,transition,18.137,383.0,21.0,362.0,365.0,20.0,345.0,0,1
车子右偏且从90度往正中间转且离墙居中位置转.csv,905,right_bias,middle,transition,18.157,348.0,20.0,328.0,365.0,20.0,345.0,0,1
车子右偏且从90度往正中间转且离墙居中位置转.csv,906,right_bias,middle,transition,18.177,269.0,33.0,236.0,348.0,20.0,328.0,0,1
车子右偏且从90度往正中间转且离墙居中位置转.csv,907,right_bias,middle,transition,18.197,317.0,20.0,297.0,317.0,20.0,297.0,0,1
车子右偏且从90度往正中间转且离墙居中位置转.csv,908,right_bias,middle,transition,18.217,250.0,20.0,230.0,317.0,20.0,297.0,0,1
车子右偏且从90度往正中间转且离墙居中位置转.csv,909,right_bias,middle,transition,18.237,317.0,20.0,297.0,317.0,20.0,297.0,0,1
车子右偏且从90度往正中间转且离墙居中位置转.csv,910,right_bias,middle,transition,18.257,381.0,20.0,361.0,317.0,20.0,297.0,0,1
车子右偏且从90度往正中间转且离墙居中位置转.csv,911,right_bias,middle,transition,18.277,511.0,20.0,491.0,317.0,20.0,297.0,0,1
车子右偏且从90度往正中间转且离墙居中位置转.csv,912,right_bias,middle,transition,18.298,284.0,21.0,263.0,317.0,20.0,297.0,0,1
车子右偏且从90度往正中间转且离墙居中位置转.csv,913,right_bias,middle,transition,18.318,301.0,20.0,281.0,317.0,20.0,297.0,0,1
车子右偏且从90度往正中间转且离墙居中位置转.csv,914,right_bias,middle,transition,18.338,317.0,21.0,296.0,317.0,20.0,297.0,0,1
车子右偏且从90度往正中间转且离墙居中位置转.csv,915,right_bias,middle,transition,18.358,627.0,20.0,607.0,317.0,20.0,297.0,0,1
车子右偏且从90度往正中间转且离墙居中位置转.csv,916,right_bias,middle,transition,18.378,380.0,20.0,360.0,317.0,20.0,297.0,0,1
车子右偏且从90度往正中间转且离墙居中位置转.csv,917,right_bias,middle,transition,18.398,801.0,21.0,780.0,380.0,20.0,360.0,0,1
车子右偏且从90度往正中间转且离墙居中位置转.csv,918,right_bias,middle,transition,18.418,365.0,20.0,345.0,380.0,20.0,360.0,0,1
车子右偏且从90度往正中间转且离墙居中位置转.csv,919,right_bias,middle,transition,18.438,283.0,21.0,262.0,365.0,20.0,345.0,0,1
车子右偏且从90度往正中间转且离墙居中位置转.csv,920,right_bias,middle,transition,18.458,316.0,20.0,296.0,317.0,20.0,297.0,0,1
车子右偏且从90度往正中间转且离墙居中位置转.csv,921,right_bias,middle,transition,18.479,201.0,20.0,181.0,317.0,20.0,297.0,0,1
车子右偏且从90度往正中间转且离墙居中位置转.csv,922,right_bias,middle,transition,18.499,359.0,30.0,329.0,359.0,20.0,339.0,0,1
车子右偏且从90度往正中间转且离墙居中位置转.csv,923,right_bias,middle,transition,18.519,368.0,30.0,338.0,365.0,20.0,345.0,0,1
车子右偏且从90度往正中间转且离墙居中位置转.csv,924,right_bias,middle,transition,18.539,547.0,33.0,514.0,365.0,21.0,344.0,0,1
车子右偏且从90度往正中间转且离墙居中位置转.csv,925,right_bias,middle,transition,18.559,299.0,56.0,243.0,359.0,21.0,338.0,0,1
车子右偏且从90度往正中间转且离墙居中位置转.csv,926,right_bias,middle,transition,18.579,317.0,20.0,297.0,317.0,21.0,296.0,0,1
车子右偏且从90度往正中间转且离墙居中位置转.csv,927,right_bias,middle,transition,18.599,317.0,21.0,296.0,317.0,21.0,296.0,0,1
车子右偏且从90度往正中间转且离墙居中位置转.csv,928,right_bias,middle,transition,18.619,381.0,20.0,361.0,317.0,21.0,296.0,0,1
车子右偏且从90度往正中间转且离墙居中位置转.csv,929,right_bias,middle,transition,18.639,366.0,21.0,345.0,359.0,21.0,338.0,0,1
车子右偏且从90度往正中间转且离墙居中位置转.csv,930,right_bias,middle,transition,18.659,367.0,20.0,347.0,366.0,21.0,345.0,0,1
车子右偏且从90度往正中间转且离墙居中位置转.csv,931,right_bias,middle,transition,18.68,300.0,21.0,279.0,366.0,21.0,345.0,0,1
车子右偏且从90度往正中间转且离墙居中位置转.csv,932,right_bias,middle,transition,18.7,316.0,20.0,296.0,317.0,21.0,296.0,0,1
车子右偏且从90度往正中间转且离墙居中位置转.csv,933,right_bias,middle,transition,18.72,446.0,21.0,425.0,317.0,21.0,296.0,0,1
车子右偏且从90度往正中间转且离墙居中位置转.csv,934,right_bias,middle,transition,18.74,364.0,20.0,344.0,364.0,20.0,344.0,0,1
车子右偏且从90度往正中间转且离墙居中位置转.csv,935,right_bias,middle,transition,18.76,777.0,20.0,757.0,366.0,20.0,346.0,0,1
车子右偏且从90度往正中间转且离墙居中位置转.csv,936,right_bias,middle,transition,18.78,366.0,20.0,346.0,366.0,20.0,346.0,0,1
车子右偏且从90度往正中间转且离墙居中位置转.csv,937,right_bias,middle,transition,18.8,219.0,20.0,199.0,366.0,20.0,346.0,0,1
车子右偏且从90度往正中间转且离墙居中位置转.csv,938,right_bias,middle,transition,18.82,317.0,26.0,291.0,364.0,20.0,344.0,0,1
车子右偏且从90度往正中间转且离墙居中位置转.csv,939,right_bias,middle,transition,18.84,284.0,21.0,263.0,317.0,20.0,297.0,0,1
车子右偏且从90度往正中间转且离墙居中位置转.csv,940,right_bias,middle,transition,18.861,316.0,33.0,283.0,317.0,20.0,297.0,0,1
车子右偏且从90度往正中间转且离墙居中位置转.csv,941,right_bias,middle,transition,18.881,365.0,20.0,345.0,364.0,20.0,344.0,0,1
车子右偏且从90度往正中间转且离墙居中位置转.csv,942,right_bias,middle,transition,18.901,771.0,20.0,751.0,364.0,20.0,344.0,0,1
车子右偏且从90度往正中间转且离墙居中位置转.csv,943,right_bias,middle,transition,18.921,276.0,20.0,256.0,317.0,20.0,297.0,0,1
车子右偏且从90度往正中间转且离墙居中位置转.csv,944,right_bias,middle,transition,18.941,316.0,21.0,295.0,316.0,20.0,296.0,0,1
车子右偏且从90度往正中间转且离墙居中位置转.csv,945,right_bias,middle,transition,18.961,316.0,20.0,296.0,316.0,20.0,296.0,0,1
车子右偏且从90度往正中间转且离墙居中位置转.csv,946,right_bias,middle,transition,18.981,284.0,20.0,264.0,316.0,20.0,296.0,0,1
车子右偏且从90度往正中间转且离墙居中位置转.csv,947,right_bias,middle,transition,19.001,364.0,20.0,344.0,316.0,20.0,296.0,0,1
车子右偏且从90度往正中间转且离墙居中位置转.csv,948,right_bias,middle,transition,19.021,635.0,20.0,615.0,316.0,20.0,296.0,0,1
车子右偏且从90度往正中间转且离墙居中位置转.csv,949,right_bias,middle,transition,19.041,365.0,20.0,345.0,364.0,20.0,344.0,0,1
车子右偏且从90度往正中间转且离墙居中位置转.csv,950,right_bias,middle,transition,19.062,316.0,20.0,296.0,316.0,20.0,296.0,0,1
车子右偏且从90度往正中间转且离墙居中位置转.csv,951,right_bias,middle,transition,19.082,316.0,20.0,296.0,316.0,20.0,296.0,0,1
车子右偏且从90度往正中间转且离墙居中位置转.csv,952,right_bias,middle,transition,19.102,316.0,20.0,296.0,316.0,20.0,296.0,0,1
车子右偏且从90度往正中间转且离墙居中位置转.csv,953,right_bias,middle,transition,19.122,462.0,21.0,441.0,316.0,20.0,296.0,0,1
车子右偏且从90度往正中间转且离墙居中位置转.csv,954,right_bias,middle,transition,19.142,366.0,20.0,346.0,364.0,20.0,344.0,0,1
车子右偏且从90度往正中间转且离墙居中位置转.csv,955,right_bias,middle,transition,19.162,235.0,22.0,213.0,364.0,20.0,344.0,0,1
车子右偏且从90度往正中间转且离墙居中位置转.csv,956,right_bias,middle,transition,19.182,317.0,20.0,297.0,317.0,20.0,297.0,0,1
车子右偏且从90度往正中间转且离墙居中位置转.csv,957,right_bias,middle,transition,19.202,218.0,20.0,198.0,316.0,20.0,296.0,0,1
车子右偏且从90度往正中间转且离墙居中位置转.csv,958,right_bias,middle,transition,19.222,315.0,21.0,294.0,316.0,20.0,296.0,0,1
车子右偏且从90度往正中间转且离墙居中位置转.csv,959,right_bias,middle,transition,19.243,365.0,20.0,345.0,316.0,20.0,296.0,0,1
车子右偏且从90度往正中间转且离墙居中位置转.csv,960,right_bias,middle,transition,19.263,691.0,20.0,671.0,317.0,20.0,297.0,0,1
车子右偏且从90度往正中间转且离墙居中位置转.csv,961,right_bias,middle,transition,19.283,286.0,20.0,266.0,317.0,20.0,297.0,0,1
车子右偏且从90度往正中间转且离墙居中位置转.csv,962,right_bias,middle,transition,19.303,299.0,21.0,278.0,315.0,20.0,295.0,0,1
车子右偏且从90度往正中间转且离墙居中位置转.csv,963,right_bias,middle,transition,19.323,316.0,21.0,295.0,315.0,20.0,295.0,0,1
车子右偏且从90度往正中间转且离墙居中位置转.csv,964,right_bias,middle,transition,19.343,512.0,23.0,489.0,316.0,20.0,296.0,0,1
车子右偏且从90度往正中间转且离墙居中位置转.csv,965,right_bias,middle,transition,19.363,365.0,20.0,345.0,316.0,20.0,296.0,0,1
车子右偏且从90度往正中间转且离墙居中位置转.csv,966,right_bias,middle,transition,19.383,791.0,21.0,770.0,365.0,21.0,344.0,0,1
车子右偏且从90度往正中间转且离墙居中位置转.csv,967,right_bias,middle,transition,19.403,384.0,19.0,365.0,365.0,20.0,345.0,0,1
车子右偏且从90度往正中间转且离墙居中位置转.csv,968,right_bias,middle,transition,19.424,283.0,20.0,263.0,365.0,20.0,345.0,0,1
车子右偏且从90度往正中间转且离墙居中位置转.csv,969,right_bias,middle,transition,19.444,325.0,21.0,304.0,325.0,21.0,304.0,0,1
车子右偏且从90度往正中间转且离墙居中位置转.csv,970,right_bias,middle,transition,19.464,233.0,21.0,212.0,325.0,21.0,304.0,0,1
车子右偏且从90度往正中间转且离墙居中位置转.csv,971,right_bias,middle,transition,19.484,365.0,21.0,344.0,365.0,21.0,344.0,0,1
车子右偏且从90度往正中间转且离墙居中位置转.csv,972,right_bias,middle,transition,19.504,364.0,20.0,344.0,365.0,21.0,344.0,0,1
车子右偏且从90度往正中间转且离墙居中位置转.csv,973,right_bias,middle,transition,19.524,430.0,21.0,409.0,365.0,21.0,344.0,0,1
车子右偏且从90度往正中间转且离墙居中位置转.csv,974,right_bias,middle,end,19.544,322.0,20.0,302.0,364.0,21.0,343.0,0,1
车子右偏且从90度往正中间转且离墙居中位置转.csv,975,right_bias,middle,end,19.564,316.0,21.0,295.0,325.0,21.0,304.0,0,1
车子右偏且从90度往正中间转且离墙居中位置转.csv,976,right_bias,middle,end,19.584,446.0,20.0,426.0,325.0,21.0,304.0,0,1
车子右偏且从90度往正中间转且离墙居中位置转.csv,977,right_bias,middle,end,19.605,381.0,20.0,361.0,364.0,21.0,343.0,0,1
车子右偏且从90度往正中间转且离墙居中位置转.csv,978,right_bias,middle,end,19.625,364.0,20.0,344.0,364.0,20.0,344.0,0,1
车子右偏且从90度往正中间转且离墙居中位置转.csv,979,right_bias,middle,end,19.645,363.0,20.0,343.0,364.0,20.0,344.0,0,1
车子右偏且从90度往正中间转且离墙居中位置转.csv,980,right_bias,middle,end,19.665,300.0,19.0,281.0,364.0,20.0,344.0,0,1
车子右偏且从90度往正中间转且离墙居中位置转.csv,981,right_bias,middle,end,19.685,316.0,20.0,296.0,363.0,20.0,343.0,0,1
车子右偏且从90度往正中间转且离墙居中位置转.csv,982,right_bias,middle,end,19.705,510.0,20.0,490.0,363.0,20.0,343.0,0,1
车子右偏且从90度往正中间转且离墙居中位置转.csv,983,right_bias,middle,end,19.725,383.0,20.0,363.0,364.0,20.0,344.0,0,1
车子右偏且从90度往正中间转且离墙居中位置转.csv,984,right_bias,middle,end,19.745,807.0,20.0,787.0,381.0,20.0,361.0,0,1
车子右偏且从90度往正中间转且离墙居中位置转.csv,985,right_bias,middle,end,19.765,478.0,21.0,457.0,381.0,20.0,361.0,0,1
车子右偏且从90度往正中间转且离墙居中位置转.csv,986,right_bias,middle,end,19.785,186.0,56.0,130.0,364.0,20.0,344.0,0,1
车子右偏且从90度往正中间转且离墙居中位置转.csv,987,right_bias,middle,end,19.806,315.0,21.0,294.0,363.0,20.0,343.0,0,1
车子右偏且从90度往正中间转且离墙居中位置转.csv,988,right_bias,middle,end,19.826,251.0,20.0,231.0,316.0,20.0,296.0,0,1
车子右偏且从90度往正中间转且离墙居中位置转.csv,989,right_bias,middle,end,19.846,365.0,20.0,345.0,365.0,20.0,345.0,0,1
车子右偏且从90度往正中间转且离墙居中位置转.csv,990,right_bias,middle,end,19.866,365.0,21.0,344.0,365.0,20.0,345.0,0,1
车子右偏且从90度往正中间转且离墙居中位置转.csv,991,right_bias,middle,end,19.886,706.0,20.0,686.0,365.0,20.0,345.0,0,1
车子右偏且从90度往正中间转且离墙居中位置转.csv,992,right_bias,middle,end,19.906,266.0,22.0,244.0,365.0,21.0,344.0,0,1
车子右偏且从90度往正中间转且离墙居中位置转.csv,993,right_bias,middle,end,19.926,322.0,21.0,301.0,322.0,21.0,301.0,0,1
车子右偏且从90度往正中间转且离墙居中位置转.csv,994,right_bias,middle,end,19.946,318.0,33.0,285.0,318.0,21.0,297.0,0,1
车子右偏且从90度往正中间转且离墙居中位置转.csv,995,right_bias,middle,end,19.967,332.0,20.0,312.0,322.0,21.0,301.0,0,1
车子右偏且从90度往正中间转且离墙居中位置转.csv,996,right_bias,middle,end,19.987,366.0,20.0,346.0,332.0,20.0,312.0,0,1
车子右偏且从90度往正中间转且离墙居中位置转.csv,997,right_bias,middle,end,20.007,495.0,20.0,475.0,365.0,20.0,345.0,0,1
车子右偏且从90度往正中间转且离墙居中位置转.csv,998,right_bias,middle,end,20.027,319.0,21.0,298.0,332.0,21.0,311.0,0,1
车子右偏且从90度往正中间转且离墙居中位置转.csv,999,right_bias,middle,end,20.047,318.0,20.0,298.0,322.0,20.0,302.0,0,1
车子右偏且从90度往正中间转且离墙居中位置转.csv,1000,right_bias,middle,end,20.067,382.0,20.0,362.0,322.0,20.0,302.0,0,1
车子右偏且从90度往正中间转且离墙居中位置转.csv,1001,right_bias,middle,end,20.087,317.0,21.0,296.0,322.0,20.0,302.0,0,1
车子右偏且从90度往正中间转且离墙居中位置转.csv,1002,right_bias,middle,end,20.107,530.0,20.0,510.0,332.0,20.0,312.0,0,1
车子右偏且从90度往正中间转且离墙居中位置转.csv,1003,right_bias,middle,end,20.127,370.0,21.0,349.0,366.0,20.0,346.0,0,1
车子右偏且从90度往正中间转且离墙居中位置转.csv,1004,right_bias,middle,end,20.147,203.0,21.0,182.0,366.0,20.0,346.0,0,1
车子右偏且从90度往正中间转且离墙居中位置转.csv,1005,right_bias,middle,end,20.168,317.0,21.0,296.0,319.0,21.0,298.0,0,1
车子右偏且从90度往正中间转且离墙居中位置转.csv,1006,right_bias,middle,end,20.188,269.0,22.0,247.0,318.0,21.0,297.0,0,1
车子右偏且从90度往正中间转且离墙居中位置转.csv,1007,right_bias,middle,end,20.208,869.0,20.0,849.0,318.0,21.0,297.0,0,1
车子右偏且从90度往正中间转且离墙居中位置转.csv,1008,right_bias,middle,end,20.228,381.0,21.0,360.0,370.0,21.0,349.0,0,1
车子右偏且从90度往正中间转且离墙居中位置转.csv,1009,right_bias,middle,end,20.248,724.0,71.0,653.0,370.0,21.0,349.0,0,1
车子右偏且从90度往正中间转且离墙居中位置转.csv,1010,right_bias,middle,end,20.268,283.0,20.0,263.0,370.0,21.0,349.0,0,1
车子右偏且从90度往正中间转且离墙居中位置转.csv,1011,right_bias,middle,end,20.288,301.0,20.0,281.0,317.0,21.0,296.0,0,1
车子右偏且从90度往正中间转且离墙居中位置转.csv,1012,right_bias,middle,end,20.308,320.0,22.0,298.0,317.0,21.0,296.0,0,1
车子右偏且从90度往正中间转且离墙居中位置转.csv,1013,right_bias,middle,end,20.328,533.0,58.0,475.0,320.0,21.0,299.0,0,1
车子右偏且从90度往正中间转且离墙居中位置转.csv,1014,right_bias,middle,end,20.349,381.0,20.0,361.0,381.0,21.0,360.0,0,1
车子右偏且从90度往正中间转且离墙居中位置转.csv,1015,right_bias,middle,end,20.369,771.0,20.0,751.0,381.0,20.0,361.0,0,1
车子右偏且从90度往正中间转且离墙居中位置转.csv,1016,right_bias,middle,end,20.389,336.0,440.0,-104.0,381.0,21.0,360.0,0,1
车子右偏且从90度往正中间转且离墙居中位置转.csv,1017,right_bias,middle,end,20.409,253.0,20.0,233.0,336.0,20.0,316.0,0,1
车子右偏且从90度往正中间转且离墙居中位置转.csv,1018,right_bias,middle,end,20.429,317.0,20.0,297.0,320.0,20.0,300.0,0,1
车子右偏且从90度往正中间转且离墙居中位置转.csv,1019,right_bias,middle,end,20.449,251.0,20.0,231.0,320.0,20.0,300.0,0,1
车子右偏且从90度往正中间转且离墙居中位置转.csv,1020,right_bias,middle,end,20.469,315.0,20.0,295.0,320.0,20.0,300.0,0,1
车子右偏且从90度往正中间转且离墙居中位置转.csv,1021,right_bias,middle,end,20.489,365.0,21.0,344.0,336.0,20.0,316.0,0,1
车子右偏且从90度往正中间转且离墙居中位置转.csv,1022,right_bias,middle,end,20.509,366.0,34.0,332.0,336.0,20.0,316.0,0,1
车子右偏且从90度往正中间转且离墙居中位置转.csv,1023,right_bias,middle,end,20.529,308.0,20.0,288.0,317.0,20.0,297.0,0,1
车子右偏且从90度往正中间转且离墙居中位置转.csv,1024,right_bias,middle,end,20.549,316.0,21.0,295.0,316.0,20.0,296.0,0,1
车子右偏且从90度往正中间转且离墙居中位置转.csv,1025,right_bias,middle,end,20.569,576.0,21.0,555.0,316.0,20.0,296.0,0,1
车子右偏且从90度往正中间转且离墙居中位置转.csv,1026,right_bias,middle,end,20.589,382.0,20.0,362.0,317.0,20.0,297.0,0,1
车子右偏且从90度往正中间转且离墙居中位置转.csv,1027,right_bias,middle,end,20.61,364.0,70.0,294.0,364.0,21.0,343.0,0,1
车子右偏且从90度往正中间转且离墙居中位置转.csv,1028,right_bias,middle,end,20.63,300.0,20.0,280.0,364.0,21.0,343.0,0,1
车子右偏且从90度往正中间转且离墙居中位置转.csv,1029,right_bias,middle,end,20.65,59.0,20.0,39.0,364.0,21.0,343.0,0,1
车子右偏且从90度往正中间转且离墙居中位置转.csv,1030,right_bias,middle,end,20.67,315.0,20.0,295.0,316.0,20.0,296.0,0,1
车子右偏且从90度往正中间转且离墙居中位置转.csv,1031,right_bias,middle,end,20.69,675.0,20.0,655.0,316.0,20.0,296.0,0,1
车子右偏且从90度往正中间转且离墙居中位置转.csv,1032,right_bias,middle,end,20.71,349.0,20.0,329.0,349.0,20.0,329.0,0,1
车子右偏且从90度往正中间转且离墙居中位置转.csv,1033,right_bias,middle,end,20.73,777.0,21.0,756.0,364.0,20.0,344.0,0,1
车子右偏且从90度往正中间转且离墙居中位置转.csv,1034,right_bias,middle,end,20.75,495.0,20.0,475.0,364.0,20.0,344.0,0,1
车子右偏且从90度往正中间转且离墙居中位置转.csv,1035,right_bias,middle,end,20.77,202.0,20.0,182.0,349.0,20.0,329.0,0,1
车子右偏且从90度往正中间转且离墙居中位置转.csv,1036,right_bias,middle,end,20.79,318.0,33.0,285.0,318.0,20.0,298.0,0,1
车子右偏且从90度往正中间转且离墙居中位置转.csv,1037,right_bias,middle,end,20.81,282.0,20.0,262.0,318.0,20.0,298.0,0,1
车子右偏且从90度往正中间转且离墙居中位置转.csv,1038,right_bias,middle,end,20.831,316.0,20.0,296.0,318.0,20.0,298.0,0,1
车子右偏且从90度往正中间转且离墙居中位置转.csv,1039,right_bias,middle,end,20.851,366.0,21.0,345.0,349.0,20.0,329.0,0,1
车子右偏且从90度往正中间转且离墙居中位置转.csv,1040,right_bias,middle,end,20.871,529.0,21.0,508.0,349.0,20.0,329.0,0,1
车子右偏且从90度往正中间转且离墙居中位置转.csv,1041,right_bias,middle,end,20.891,267.0,21.0,246.0,318.0,21.0,297.0,0,1
车子右偏且从90度往正中间转且离墙居中位置转.csv,1042,right_bias,middle,end,20.911,314.0,20.0,294.0,316.0,20.0,296.0,0,1
车子右偏且从90度往正中间转且离墙居中位置转.csv,1043,right_bias,middle,end,20.931,316.0,21.0,295.0,316.0,21.0,295.0,0,1
车子右偏且从90度往正中间转且离墙居中位置转.csv,1044,right_bias,middle,end,20.951,366.0,20.0,346.0,316.0,21.0,295.0,0,1
车子右偏且从90度往正中间转且离墙居中位置转.csv,1045,right_bias,middle,end,20.971,364.0,20.0,344.0,316.0,20.0,296.0,0,1
车子右偏且从90度往正中间转且离墙居中位置转.csv,1046,right_bias,middle,end,20.991,372.0,20.0,352.0,364.0,20.0,344.0,0,1
车子右偏且从90度往正中间转且离墙居中位置转.csv,1047,right_bias,middle,end,21.011,282.0,20.0,262.0,364.0,20.0,344.0,0,1
车子右偏且从90度往正中间转且离墙居中位置转.csv,1048,right_bias,middle,end,21.032,315.0,20.0,295.0,316.0,20.0,296.0,0,1
车子右偏且从90度往正中间转且离墙居中位置转.csv,1049,right_bias,middle,end,21.052,546.0,20.0,526.0,316.0,20.0,296.0,0,1
车子右偏且从90度往正中间转且离墙居中位置转.csv,1050,right_bias,middle,end,21.072,346.0,20.0,326.0,346.0,20.0,326.0,0,1
车子右偏且从90度往正中间转且离墙居中位置转.csv,1051,right_bias,middle,end,21.092,529.0,21.0,508.0,364.0,20.0,344.0,0,1
车子右偏且从90度往正中间转且离墙居中位置转.csv,1052,right_bias,middle,end,21.112,366.0,20.0,346.0,366.0,20.0,346.0,0,1
车子右偏且从90度往正中间转且离墙居中位置转.csv,1053,right_bias,middle,end,21.132,186.0,31.0,155.0,364.0,20.0,344.0,0,1
车子右偏且从90度往正中间转且离墙居中位置转.csv,1054,right_bias,middle,end,21.152,324.0,33.0,291.0,346.0,20.0,326.0,0,1
车子右偏且从90度往正中间转且离墙居中位置转.csv,1055,right_bias,middle,end,21.172,380.0,20.0,360.0,346.0,20.0,326.0,0,1
车子右偏且从90度往正中间转且离墙居中位置转.csv,1056,right_bias,middle,end,21.192,839.0,21.0,818.0,366.0,20.0,346.0,0,1
车子右偏且从90度往正中间转且离墙居中位置转.csv,1057,right_bias,middle,end,21.213,364.0,21.0,343.0,366.0,21.0,345.0,0,1
车子右偏且从90度往正中间转且离墙居中位置转.csv,1058,right_bias,middle,end,21.233,705.0,20.0,685.0,366.0,21.0,345.0,0,1
车子右偏且从90度往正中间转且离墙居中位置转.csv,1059,right_bias,middle,end,21.253,229.0,20.0,209.0,366.0,21.0,345.0,0,1
车子右偏且从90度往正中间转且离墙居中位置转.csv,1060,right_bias,middle,end,21.273,187.0,20.0,167.0,364.0,20.0,344.0,0,1
车子右偏且从90度往正中间转且离墙居中位置转.csv,1061,right_bias,middle,end,21.293,317.0,21.0,296.0,324.0,21.0,303.0,0,1
车子右偏且从90度往正中间转且离墙居中位置转.csv,1062,right_bias,middle,end,21.313,593.0,20.0,573.0,364.0,20.0,344.0,0,1
车子右偏且从90度往正中间转且离墙居中位置转.csv,1063,right_bias,middle,end,21.333,362.0,20.0,342.0,364.0,20.0,344.0,0,1
车子右偏且从90度往正中间转且离墙居中位置转.csv,1064,right_bias,middle,end,21.353,677.0,21.0,656.0,364.0,20.0,344.0,0,1
车子右偏且从90度往正中间转且离墙居中位置转.csv,1065,right_bias,middle,end,21.373,316.0,20.0,296.0,362.0,20.0,342.0,0,1
车子右偏且从90度往正中间转且离墙居中位置转.csv,1066,right_bias,middle,end,21.393,283.0,20.0,263.0,317.0,20.0,297.0,0,1
车子右偏且从90度往正中间转且离墙居中位置转.csv,1067,right_bias,middle,end,21.414,315.0,20.0,295.0,316.0,20.0,296.0,0,1
车子右偏且从90度往正中间转且离墙居中位置转.csv,1068,right_bias,middle,end,21.434,315.0,20.0,295.0,316.0,20.0,296.0,0,1
车子右偏且从90度往正中间转且离墙居中位置转.csv,1069,right_bias,middle,end,21.454,366.0,32.0,334.0,317.0,20.0,297.0,0,1
车子右偏且从90度往正中间转且离墙居中位置转.csv,1070,right_bias,middle,end,21.474,366.0,28.0,338.0,362.0,20.0,342.0,0,1
车子右偏且从90度往正中间转且离墙居中位置转.csv,1071,right_bias,middle,end,21.494,269.0,33.0,236.0,316.0,20.0,296.0,0,1
车子右偏且从90度往正中间转且离墙居中位置转.csv,1072,right_bias,middle,end,21.514,323.0,20.0,303.0,316.0,20.0,296.0,0,1
车子右偏且从90度往正中间转且离墙居中位置转.csv,1073,right_bias,middle,end,21.534,348.0,55.0,293.0,316.0,20.0,296.0,0,1
车子右偏且从90度往正中间转且离墙居中位置转.csv,1074,right_bias,middle,end,21.554,628.0,20.0,608.0,323.0,20.0,303.0,0,1
车子右偏且从90度往正中间转且离墙居中位置转.csv,1075,right_bias,middle,end,21.574,381.0,20.0,361.0,348.0,20.0,328.0,0,1
车子右偏且从90度往正中间转且离墙居中位置转.csv,1076,right_bias,middle,end,21.595,364.0,19.0,345.0,364.0,20.0,344.0,0,1
车子右偏且从90度往正中间转且离墙居中位置转.csv,1077,right_bias,middle,end,21.615,259.0,55.0,204.0,364.0,28.0,336.0,0,1
车子右偏且从90度往正中间转且离墙居中位置转.csv,1078,right_bias,middle,end,21.635,234.0,20.0,214.0,348.0,20.0,328.0,0,1
车子右偏且从90度往正中间转且离墙居中位置转.csv,1079,right_bias,middle,end,21.655,315.0,20.0,295.0,323.0,20.0,303.0,0,1
车子右偏且从90度往正中间转且离墙居中位置转.csv,1080,right_bias,middle,end,21.675,808.0,20.0,788.0,348.0,20.0,328.0,0,1
车子右偏且从90度往正中间转且离墙居中位置转.csv,1081,right_bias,middle,end,21.695,364.0,20.0,344.0,364.0,20.0,344.0,0,1
车子右偏且从90度往正中间转且离墙居中位置转.csv,1082,right_bias,middle,end,21.715,840.0,20.0,820.0,364.0,20.0,344.0,0,1
车子右偏且从90度往正中间转且离墙居中位置转.csv,1083,right_bias,middle,end,21.735,315.0,20.0,295.0,364.0,20.0,344.0,0,1
车子右偏且从90度往正中间转且离墙居中位置转.csv,1084,right_bias,middle,end,21.755,152.0,20.0,132.0,315.0,20.0,295.0,0,1
车子右偏且从90度往正中间转且离墙居中位置转.csv,1085,right_bias,middle,end,21.776,323.0,22.0,301.0,315.0,20.0,295.0,0,1
车子右偏且从90度往正中间转且离墙居中位置转.csv,1086,right_bias,middle,end,21.796,348.0,33.0,315.0,323.0,20.0,303.0,0,1
车子右偏且从90度往正中间转且离墙居中位置转.csv,1087,right_bias,middle,end,21.816,825.0,24.0,801.0,348.0,20.0,328.0,0,1
车子右偏且从90度往正中间转且离墙居中位置转.csv,1088,right_bias,middle,end,21.836,364.0,20.0,344.0,364.0,20.0,344.0,0,1
车子右偏且从90度往正中间转且离墙居中位置转.csv,1089,right_bias,middle,end,21.856,331.0,20.0,311.0,348.0,20.0,328.0,0,1
车子右偏且从90度往正中间转且离墙居中位置转.csv,1090,right_bias,middle,end,21.876,293.0,21.0,272.0,331.0,20.0,311.0,0,1
车子右偏且从90度往正中间转且离墙居中位置转.csv,1091,right_bias,middle,end,21.896,284.0,21.0,263.0,323.0,21.0,302.0,0,1
车子右偏且从90度往正中间转且离墙居中位置转.csv,1092,right_bias,middle,end,21.916,348.0,19.0,329.0,331.0,21.0,310.0,0,1
车子右偏且从90度往正中间转且离墙居中位置转.csv,1093,right_bias,middle,end,21.936,364.0,20.0,344.0,348.0,21.0,327.0,0,1
车子右偏且从90度往正中间转且离墙居中位置转.csv,1094,right_bias,middle,end,21.956,364.0,56.0,308.0,348.0,21.0,327.0,0,1
车子右偏且从90度往正中间转且离墙居中位置转.csv,1095,right_bias,middle,end,21.977,342.0,20.0,322.0,348.0,20.0,328.0,0,1
车子右偏且从90度往正中间转且离墙居中位置转.csv,1096,right_bias,middle,end,21.997,253.0,73.0,180.0,342.0,20.0,322.0,0,1
车子右偏且从90度往正中间转且离墙居中位置转.csv,1097,right_bias,middle,end,22.017,316.0,21.0,295.0,331.0,21.0,310.0,0,1
车子右偏且从90度往正中间转且离墙居中位置转.csv,1098,right_bias,middle,end,22.037,661.0,20.0,641.0,342.0,21.0,321.0,0,1
车子右偏且从90度往正中间转且离墙居中位置转.csv,1099,right_bias,middle,end,22.057,381.0,20.0,361.0,348.0,20.0,328.0,0,1
车子右偏且从90度往正中间转且离墙居中位置转.csv,1100,right_bias,middle,end,22.077,299.0,19.0,280.0,348.0,20.0,328.0,0,1
车子右偏且从90度往正中间转且离墙居中位置转.csv,1101,right_bias,middle,end,22.097,300.0,20.0,280.0,342.0,20.0,322.0,0,1
车子右偏且从90度往正中间转且离墙居中位置转.csv,1102,right_bias,middle,end,22.117,186.0,89.0,97.0,316.0,20.0,296.0,0,1
车子右偏且从90度往正中间转且离墙居中位置转.csv,1103,right_bias,middle,end,22.137,316.0,21.0,295.0,316.0,20.0,296.0,0,1
车子右偏且从90度往正中间转且离墙居中位置转.csv,1104,right_bias,middle,end,22.158,577.0,20.0,557.0,316.0,20.0,296.0,0,1
车子右偏且从90度往正中间转且离墙居中位置转.csv,1105,right_bias,middle,end,22.178,808.0,20.0,788.0,316.0,20.0,296.0,0,1
车子右偏且从90度往正中间转且离墙居中位置转.csv,1106,right_bias,middle,end,22.198,366.0,20.0,346.0,366.0,20.0,346.0,0,1
车子右偏且从90度往正中间转且离墙居中位置转.csv,1107,right_bias,middle,end,22.218,512.0,20.0,492.0,366.0,20.0,346.0,0,1
车子右偏且从90度往正中间转且离墙居中位置转.csv,1108,right_bias,middle,end,22.238,267.0,21.0,246.0,316.0,20.0,296.0,0,1
车子右偏且从90度往正中间转且离墙居中位置转.csv,1109,right_bias,middle,end,22.258,186.0,21.0,165.0,316.0,20.0,296.0,0,1
车子右偏且从90度往正中间转且离墙居中位置转.csv,1110,right_bias,middle,end,22.278,316.0,20.0,296.0,316.0,20.0,296.0,0,1
车子右偏且从90度往正中间转且离墙居中位置转.csv,1111,right_bias,middle,end,22.298,663.0,20.0,643.0,366.0,20.0,346.0,0,1
车子右偏且从90度往正中间转且离墙居中位置转.csv,1112,right_bias,middle,end,22.318,366.0,21.0,345.0,366.0,20.0,346.0,0,1
车子右偏且从90度往正中间转且离墙居中位置转.csv,1113,right_bias,middle,end,22.339,577.0,20.0,557.0,366.0,20.0,346.0,0,1
车子右偏且从90度往正中间转且离墙居中位置转.csv,1114,right_bias,middle,end,22.359,316.0,20.0,296.0,366.0,20.0,346.0,0,1
车子右偏且从90度往正中间转且离墙居中位置转.csv,1115,right_bias,middle,end,22.379,284.0,19.0,265.0,316.0,20.0,296.0,0,1
车子右偏且从90度往正中间转且离墙居中位置转.csv,1116,right_bias,middle,end,22.399,315.0,20.0,295.0,316.0,20.0,296.0,0,1
车子右偏且从90度往正中间转且离墙居中位置转.csv,1117,right_bias,middle,end,22.419,380.0,20.0,360.0,316.0,20.0,296.0,0,1
车子右偏且从90度往正中间转且离墙居中位置转.csv,1118,right_bias,middle,end,22.439,365.0,20.0,345.0,365.0,20.0,345.0,0,1
车子右偏且从90度往正中间转且离墙居中位置转.csv,1119,right_bias,middle,end,22.459,316.0,20.0,296.0,365.0,20.0,345.0,0,1
车子右偏且从90度往正中间转且离墙居中位置转.csv,1120,right_bias,middle,end,22.479,251.0,20.0,231.0,316.0,20.0,296.0,0,1
车子右偏且从90度往正中间转且离墙居中位置转.csv,1121,right_bias,middle,end,22.499,316.0,21.0,295.0,316.0,20.0,296.0,0,1
车子右偏且从90度往正中间转且离墙居中位置转.csv,1122,right_bias,middle,end,22.52,316.0,20.0,296.0,316.0,20.0,296.0,0,1
车子右偏且从90度往正中间转且离墙居中位置转.csv,1123,right_bias,middle,end,22.54,739.0,21.0,718.0,316.0,20.0,296.0,0,1
车子右偏且从90度往正中间转且离墙居中位置转.csv,1124,right_bias,middle,end,22.56,366.0,60.0,306.0,316.0,20.0,296.0,0,1
车子右偏且从90度往正中间转且离墙居中位置转.csv,1125,right_bias,middle,end,22.58,414.0,32.0,382.0,365.0,20.0,345.0,0,1
车子右偏且从90度往正中间转且离墙居中位置转.csv,1126,right_bias,middle,end,22.6,236.0,21.0,215.0,316.0,21.0,295.0,0,1
车子右偏且从90度往正中间转且离墙居中位置转.csv,1127,right_bias,middle,end,22.62,202.0,20.0,182.0,316.0,21.0,295.0,0,1
车子右偏且从90度往正中间转且离墙居中位置转.csv,1128,right_bias,middle,end,22.64,319.0,21.0,298.0,316.0,21.0,295.0,0,1
车子右偏且从90度往正中间转且离墙居中位置转.csv,1129,right_bias,middle,end,22.66,808.0,20.0,788.0,319.0,21.0,298.0,0,1
车子右偏且从90度往正中间转且离墙居中位置转.csv,1130,right_bias,middle,end,22.68,364.0,19.0,345.0,364.0,21.0,343.0,0,1
车子右偏且从90度往正中间转且离墙居中位置转.csv,1131,right_bias,middle,end,22.701,333.0,20.0,313.0,364.0,21.0,343.0,0,1
车子右偏且从90度往正中间转且离墙居中位置转.csv,1132,right_bias,middle,end,22.721,332.0,20.0,312.0,333.0,20.0,313.0,0,1
车子右偏且从90度往正中间转且离墙居中位置转.csv,1133,right_bias,middle,end,22.741,204.0,322.0,-118.0,332.0,20.0,312.0,0,1
车子右偏且从90度往正中间转且离墙居中位置转.csv,1134,right_bias,middle,end,22.761,316.0,20.0,296.0,319.0,20.0,299.0,0,1
车子右偏且从90度往正中间转且离墙居中位置转.csv,1135,right_bias,middle,end,22.781,251.0,20.0,231.0,319.0,20.0,299.0,0,1
车子右偏且从90度往正中间转且离墙居中位置转.csv,1136,right_bias,middle,end,22.801,723.0,20.0,703.0,332.0,20.0,312.0,0,1
车子右偏且从90度往正中间转且离墙居中位置转.csv,1137,right_bias,middle,end,22.821,365.0,20.0,345.0,333.0,20.0,313.0,0,1
车子右偏且从90度往正中间转且离墙居中位置转.csv,1138,right_bias,middle,end,22.841,348.0,20.0,328.0,333.0,20.0,313.0,0,1
车子右偏且从90度往正中间转且离墙居中位置转.csv,1139,right_bias,middle,end,22.861,300.0,21.0,279.0,332.0,20.0,312.0,0,1
车子右偏且从90度往正中间转且离墙居中位置转.csv,1140,right_bias,middle,end,22.881,317.0,34.0,283.0,317.0,20.0,297.0,0,1
车子右偏且从90度往正中间转且离墙居中位置转.csv,1141,right_bias,middle,end,22.902,367.0,28.0,339.0,317.0,20.0,297.0,0,1
车子右偏且从90度往正中间转且离墙居中位置转.csv,1142,right_bias,middle,end,22.922,382.0,19.0,363.0,348.0,20.0,328.0,0,1
车子右偏且从90度往正中间转且离墙居中位置转.csv,1143,right_bias,middle,end,22.942,364.0,20.0,344.0,364.0,20.0,344.0,0,1
车子右偏且从90度往正中间转且离墙居中位置转.csv,1144,right_bias,middle,end,22.962,315.0,20.0,295.0,364.0,20.0,344.0,0,1
车子右偏且从90度往正中间转且离墙居中位置转.csv,1145,right_bias,middle,end,22.982,236.0,20.0,216.0,348.0,20.0,328.0,0,1
车子右偏且从90度往正中间转且离墙居中位置转.csv,1146,right_bias,middle,end,23.002,315.0,20.0,295.0,317.0,20.0,297.0,0,1
车子右偏且从90度往正中间转且离墙居中位置转.csv,1147,right_bias,middle,end,23.022,657.0,19.0,638.0,317.0,20.0,297.0,0,1
车子右偏且从90度往正中间转且离墙居中位置转.csv,1148,right_bias,middle,end,23.042,380.0,21.0,359.0,364.0,20.0,344.0,0,1
车子右偏且从90度往正中间转且离墙居中位置转.csv,1149,right_bias,middle,end,23.062,317.0,21.0,296.0,364.0,20.0,344.0,0,1
车子右偏且从90度往正中间转且离墙居中位置转.csv,1150,right_bias,middle,end,23.083,318.0,20.0,298.0,318.0,20.0,298.0,0,1
车子右偏且从90度往正中间转且离墙居中位置转.csv,1151,right_bias,middle,end,23.103,153.0,20.0,133.0,317.0,20.0,297.0,0,1
车子右偏且从90度往正中间转且离墙居中位置转.csv,1152,right_bias,middle,end,23.123,316.0,20.0,296.0,316.0,20.0,296.0,0,1
车子右偏且从90度往正中间转且离墙居中位置转.csv,1153,right_bias,middle,end,23.143,366.0,20.0,346.0,317.0,20.0,297.0,0,1
车子右偏且从90度往正中间转且离墙居中位置转.csv,1154,right_bias,middle,end,23.163,808.0,46.0,762.0,318.0,20.0,298.0,0,1
车子右偏且从90度往正中间转且离墙居中位置转.csv,1155,right_bias,middle,end,23.183,364.0,20.0,344.0,364.0,20.0,344.0,0,1
车子右偏且从90度往正中间转且离墙居中位置转.csv,1156,right_bias,middle,end,23.203,578.0,22.0,556.0,364.0,20.0,344.0,0,1
车子右偏且从90度往正中间转且离墙居中位置转.csv,1157,right_bias,middle,end,23.223,253.0,33.0,220.0,318.0,20.0,298.0,0,1
车子右偏且从90度往正中间转且离墙居中位置转.csv,1158,right_bias,middle,end,23.243,219.0,26.0,193.0,318.0,20.0,298.0,0,1
车子右偏且从90度往正中间转且离墙居中位置转.csv,1159,right_bias,middle,end,23.263,316.0,20.0,296.0,316.0,20.0,296.0,0,1
车子右偏且从90度往正中间转且离墙居中位置转.csv,1160,right_bias,middle,end,23.284,461.0,20.0,441.0,364.0,20.0,344.0,0,1
车子右偏且从90度往正中间转且离墙居中位置转.csv,1161,right_bias,middle,end,23.304,365.0,20.0,345.0,365.0,20.0,345.0,0,1
车子右偏且从90度往正中间转且离墙居中位置转.csv,1162,right_bias,middle,end,23.324,300.0,20.0,280.0,364.0,20.0,344.0,0,1
车子右偏且从90度往正中间转且离墙居中位置转.csv,1163,right_bias,middle,end,23.344,316.0,44.0,272.0,316.0,20.0,296.0,0,1
车子右偏且从90度往正中间转且离墙居中位置转.csv,1164,right_bias,middle,end,23.364,317.0,21.0,296.0,316.0,21.0,295.0,0,1
车子右偏且从90度往正中间转且离墙居中位置转.csv,1165,right_bias,middle,end,23.384,315.0,20.0,295.0,316.0,20.0,296.0,0,1
车子右偏且从90度往正中间转且离墙居中位置转.csv,1166,right_bias,middle,end,23.404,381.0,20.0,361.0,316.0,20.0,296.0,0,1
车子右偏且从90度往正中间转且离墙居中位置转.csv,1167,right_bias,middle,end,23.424,365.0,35.0,330.0,317.0,20.0,297.0,0,1
车子右偏且从90度往正中间转且离墙居中位置转.csv,1168,right_bias,middle,end,23.444,316.0,20.0,296.0,317.0,20.0,297.0,0,1
车子右偏且从90度往正中间转且离墙居中位置转.csv,1169,right_bias,middle,end,23.465,253.0,21.0,232.0,316.0,20.0,296.0,0,1
车子右偏且从90度往正中间转且离墙居中位置转.csv,1170,right_bias,middle,end,23.485,316.0,21.0,295.0,316.0,21.0,295.0,0,1
车子右偏且从90度往正中间转且离墙居中位置转.csv,1171,right_bias,middle,end,23.505,332.0,20.0,312.0,316.0,21.0,295.0,0,1
车子右偏且从90度往正中间转且离墙居中位置转.csv,1172,right_bias,middle,end,23.525,811.0,21.0,790.0,317.0,21.0,296.0,0,1
车子右偏且从90度往正中间转且离墙居中位置转.csv,1173,right_bias,middle,end,23.545,381.0,23.0,358.0,332.0,21.0,311.0,0,1
车子右偏且从90度往正中间转且离墙居中位置转.csv,1174,right_bias,middle,end,23.565,531.0,20.0,511.0,365.0,21.0,344.0,0,1
车子右偏且从90度往正中间转且离墙居中位置转.csv,1175,right_bias,middle,end,23.585,252.0,20.0,232.0,332.0,21.0,311.0,0,1
车子右偏且从90度往正中间转且离墙居中位置转.csv,1176,right_bias,middle,end,23.605,236.0,20.0,216.0,316.0,20.0,296.0,0,1
车子右偏且从90度往正中间转且离墙居中位置转.csv,1177,right_bias,middle,end,23.625,316.0,21.0,295.0,316.0,21.0,295.0,0,1
车子右偏且从90度往正中间转且离墙居中位置转.csv,1178,right_bias,middle,end,23.645,770.0,21.0,749.0,332.0,21.0,311.0,0,1
车子右偏且从90度往正中间转且离墙居中位置转.csv,1179,right_bias,middle,end,23.666,374.0,20.0,354.0,374.0,20.0,354.0,0,1
车子右偏且从90度往正中间转且离墙居中位置转.csv,1180,right_bias,middle,end,23.686,316.0,21.0,295.0,374.0,21.0,353.0,0,1
车子右偏且从90度往正中间转且离墙居中位置转.csv,1181,right_bias,middle,end,23.706,317.0,21.0,296.0,317.0,21.0,296.0,0,1
车子右偏且从90度往正中间转且离墙居中位置转.csv,1182,right_bias,middle,end,23.726,217.0,35.0,182.0,316.0,21.0,295.0,0,1
车子右偏且从90度往正中间转且离墙居中位置转.csv,1183,right_bias,middle,end,23.746,315.0,20.0,295.0,316.0,21.0,295.0,0,1
车子右偏且从90度往正中间转且离墙居中位置转.csv,1184,right_bias,middle,end,23.766,381.0,21.0,360.0,316.0,21.0,295.0,0,1
车子右偏且从90度往正中间转且离墙居中位置转.csv,1185,right_bias,middle,end,23.786,610.0,21.0,589.0,317.0,21.0,296.0,0,1
车子右偏且从90度往正中间转且离墙居中位置转.csv,1186,right_bias,middle,end,23.806,365.0,21.0,344.0,365.0,21.0,344.0,0,1
车子右偏且从90度往正中间转且离墙居中位置转.csv,1187,right_bias,middle,end,23.826,316.0,20.0,296.0,317.0,21.0,296.0,0,1
车子右偏且从90度往正中间转且离墙居中位置转.csv,1188,right_bias,middle,end,23.847,316.0,56.0,260.0,316.0,21.0,295.0,0,1
车子右偏且从90度往正中间转且离墙居中位置转.csv,1189,right_bias,middle,end,23.867,317.0,20.0,297.0,317.0,21.0,296.0,0,1
车子右偏且从90度往正中间转且离墙居中位置转.csv,1190,right_bias,middle,end,23.887,447.0,23.0,424.0,317.0,21.0,296.0,0,1
车子右偏且从90度往正中间转且离墙居中位置转.csv,1191,right_bias,middle,end,23.907,365.0,20.0,345.0,365.0,21.0,344.0,0,1
车子右偏且从90度往正中间转且离墙居中位置转.csv,1192,right_bias,middle,end,23.927,374.0,20.0,354.0,365.0,21.0,344.0,0,1
车子右偏且从90度往正中间转且离墙居中位置转.csv,1193,right_bias,middle,end,23.947,316.0,20.0,296.0,365.0,20.0,345.0,0,1
车子右偏且从90度往正中间转且离墙居中位置转.csv,1194,right_bias,middle,end,23.967,202.0,20.0,182.0,317.0,20.0,297.0,0,1
车子右偏且从90度往正中间转且离墙居中位置转.csv,1195,right_bias,middle,end,23.987,316.0,19.0,297.0,316.0,20.0,296.0,0,1
车子右偏且从90度往正中间转且离墙居中位置转.csv,1196,right_bias,middle,end,24.007,722.0,21.0,701.0,317.0,20.0,297.0,0,1
车子右偏且从90度往正中间转且离墙居中位置转.csv,1197,right_bias,middle,end,24.027,381.0,19.0,362.0,365.0,20.0,345.0,0,1
车子右偏且从90度往正中间转且离墙居中位置转.csv,1198,right_bias,middle,end,24.048,333.0,21.0,312.0,365.0,20.0,345.0,0,1
车子右偏且从90度往正中间转且离墙居中位置转.csv,1199,right_bias,middle,end,24.068,316.0,20.0,296.0,333.0,20.0,313.0,0,1
车子右偏且从90度往正中间转且离墙居中位置转.csv,1200,right_bias,middle,end,24.088,139.0,20.0,119.0,316.0,20.0,296.0,0,1
车子右偏且从90度往正中间转且离墙居中位置转.csv,1201,right_bias,middle,end,24.108,318.0,20.0,298.0,316.0,20.0,296.0,0,1
车子右偏且从90度往正中间转且离墙居中位置转.csv,1202,right_bias,middle,end,24.128,366.0,21.0,345.0,318.0,20.0,298.0,0,1
车子右偏且从90度往正中间转且离墙居中位置转.csv,1203,right_bias,middle,end,24.148,872.0,21.0,851.0,333.0,20.0,313.0,0,1
车子右偏且从90度往正中间转且离墙居中位置转.csv,1204,right_bias,middle,end,24.168,364.0,20.0,344.0,364.0,20.0,344.0,0,1
车子右偏且从90度往正中间转且离墙居中位置转.csv,1205,right_bias,middle,end,24.188,570.0,21.0,549.0,364.0,20.0,344.0,0,1
车子右偏且从90度往正中间转且离墙居中位置转.csv,1206,right_bias,middle,end,24.208,268.0,20.0,248.0,333.0,20.0,313.0,0,1
车子右偏且从90度往正中间转且离墙居中位置转.csv,1207,right_bias,middle,end,24.229,236.0,21.0,215.0,318.0,20.0,298.0,0,1
车子右偏且从90度往正中间转且离墙居中位置转.csv,1208,right_bias,middle,end,24.249,316.0,20.0,296.0,318.0,20.0,298.0,0,1
车子右偏且从90度往正中间转且离墙居中位置转.csv,1209,right_bias,middle,end,24.269,363.0,20.0,343.0,363.0,20.0,343.0,0,1
车子右偏且从90度往正中间转且离墙居中位置转.csv,1210,right_bias,middle,end,24.289,375.0,31.0,344.0,364.0,21.0,343.0,0,1
车子右偏且从90度往正中间转且离墙居中位置转.csv,1211,right_bias,middle,end,24.309,301.0,20.0,281.0,363.0,20.0,343.0,0,1
车子右偏且从90度往正中间转且离墙居中位置转.csv,1212,right_bias,middle,end,24.329,317.0,28.0,289.0,317.0,20.0,297.0,0,1
车子右偏且从90度往正中间转且离墙居中位置转.csv,1213,right_bias,middle,end,24.349,317.0,19.0,298.0,317.0,20.0,297.0,0,1
车子右偏且从90度往正中间转且离墙居中位置转.csv,1214,right_bias,middle,end,24.369,430.0,21.0,409.0,317.0,20.0,297.0,0,1
车子右偏且从90度往正中间转且离墙居中位置转.csv,1215,right_bias,middle,end,24.389,445.0,20.0,425.0,317.0,20.0,297.0,0,1
车子右偏且从90度往正中间转且离墙居中位置转.csv,1216,right_bias,middle,end,24.409,332.0,20.0,312.0,332.0,20.0,312.0,0,1
车子右偏且从90度往正中间转且离墙最远转.csv,2,right_bias,far,start,0.003,70.0,21.0,49.0,70.0,21.0,49.0,0,1
车子右偏且从90度往正中间转且离墙最远转.csv,3,right_bias,far,start,0.023,86.0,21.0,65.0,78.0,21.0,57.0,0,1
车子右偏且从90度往正中间转且离墙最远转.csv,4,right_bias,far,start,0.043,42.0,21.0,21.0,70.0,21.0,49.0,0,1
车子右偏且从90度往正中间转且离墙最远转.csv,5,right_bias,far,start,0.063,17.0,20.0,-3.0,56.0,21.0,35.0,0,1
车子右偏且从90度往正中间转且离墙最远转.csv,6,right_bias,far,start,0.083,43.0,20.0,23.0,43.0,21.0,22.0,0,1
车子右偏且从90度往正中间转且离墙最远转.csv,7,right_bias,far,start,0.103,54.0,20.0,34.0,48.5,20.5,28.0,0,1
车子右偏且从90度往正中间转且离墙最远转.csv,8,right_bias,far,start,0.123,17.0,20.0,-3.0,43.0,20.0,23.0,0,1
车子右偏且从90度往正中间转且离墙最远转.csv,9,right_bias,far,start,0.144,68.0,21.0,47.0,48.5,20.5,28.0,0,1
车子右偏且从90度往正中间转且离墙最远转.csv,10,right_bias,far,start,0.164,42.0,20.0,22.0,43.0,20.0,23.0,0,1
车子右偏且从90度往正中间转且离墙最远转.csv,11,right_bias,far,start,0.184,217.0,20.0,197.0,43.0,20.0,23.0,0,1
车子右偏且从90度往正中间转且离墙最远转.csv,12,right_bias,far,start,0.204,26.0,20.0,6.0,42.0,20.0,22.0,0,1
车子右偏且从90度往正中间转且离墙最远转.csv,13,right_bias,far,start,0.224,68.0,21.0,47.0,43.0,20.0,23.0,0,1
车子右偏且从90度往正中间转且离墙最远转.csv,14,right_bias,far,start,0.244,77.0,21.0,56.0,54.0,20.0,34.0,0,1
车子右偏且从90度往正中间转且离墙最远转.csv,15,right_bias,far,start,0.264,17.0,20.0,-3.0,54.0,20.0,34.0,0,1
车子右偏且从90度往正中间转且离墙最远转.csv,16,right_bias,far,start,0.284,53.0,21.0,32.0,53.0,20.0,33.0,0,1
车子右偏且从90度往正中间转且离墙最远转.csv,17,right_bias,far,start,0.304,17.0,20.0,-3.0,53.0,20.0,33.0,0,1
车子右偏且从90度往正中间转且离墙最远转.csv,18,right_bias,far,start,0.324,17.0,20.0,-3.0,42.0,20.0,22.0,0,1
车子右偏且从90度往正中间转且离墙最远转.csv,19,right_bias,far,start,0.344,70.0,20.0,50.0,53.0,20.0,33.0,0,1
车子右偏且从90度往正中间转且离墙最远转.csv,20,right_bias,far,start,0.364,282.0,21.0,261.0,53.0,20.0,33.0,0,1
车子右偏且从90度往正中间转且离墙最远转.csv,21,right_bias,far,start,0.385,119.0,20.0,99.0,68.0,20.0,48.0,0,1
车子右偏且从90度往正中间转且离墙最远转.csv,22,right_bias,far,start,0.405,53.0,31.0,22.0,53.0,20.0,33.0,0,1
车子右偏且从90度往正中间转且离墙最远转.csv,23,right_bias,far,start,0.425,17.0,20.0,-3.0,53.0,20.0,33.0,0,1
车子右偏且从90度往正中间转且离墙最远转.csv,24,right_bias,far,start,0.445,17.0,20.0,-3.0,53.0,20.0,33.0,0,1
车子右偏且从90度往正中间转且离墙最远转.csv,25,right_bias,far,start,0.465,69.0,20.0,49.0,53.0,20.0,33.0,0,1
车子右偏且从90度往正中间转且离墙最远转.csv,26,right_bias,far,start,0.485,275.0,20.0,255.0,69.0,20.0,49.0,0,1
车子右偏且从90度往正中间转且离墙最远转.csv,27,right_bias,far,start,0.505,85.0,20.0,65.0,70.0,20.0,50.0,0,1
车子右偏且从90度往正中间转且离墙最远转.csv,28,right_bias,far,start,0.525,69.0,20.0,49.0,69.0,20.0,49.0,0,1
车子右偏且从90度往正中间转且离墙最远转.csv,29,right_bias,far,start,0.545,34.0,20.0,14.0,69.0,20.0,49.0,0,1
车子右偏且从90度往正中间转且离墙最远转.csv,30,right_bias,far,start,0.565,54.0,21.0,33.0,54.0,20.0,34.0,0,1
车子右偏且从90度往正中间转且离墙最远转.csv,31,right_bias,far,start,0.585,62.0,20.0,42.0,62.0,20.0,42.0,0,1
车子右偏且从90度往正中间转且离墙最远转.csv,32,right_bias,far,start,0.605,68.0,20.0,48.0,68.0,20.0,48.0,0,1
车子右偏且从90度往正中间转且离墙最远转.csv,33,right_bias,far,start,0.626,52.0,20.0,32.0,68.0,20.0,48.0,0,1
车子右偏且从90度往正中间转且离墙最远转.csv,34,right_bias,far,start,0.646,41.0,23.0,18.0,62.0,20.0,42.0,0,1
车子右偏且从90度往正中间转且离墙最远转.csv,35,right_bias,far,start,0.666,17.0,32.0,-15.0,54.0,20.0,34.0,0,1
车子右偏且从90度往正中间转且离墙最远转.csv,36,right_bias,far,start,0.686,33.0,20.0,13.0,52.0,20.0,32.0,0,1
车子右偏且从90度往正中间转且离墙最远转.csv,37,right_bias,far,start,0.706,69.0,21.0,48.0,52.0,20.0,32.0,0,1
车子右偏且从90度往正中间转且离墙最远转.csv,38,right_bias,far,start,0.726,282.0,20.0,262.0,54.0,20.0,34.0,0,1
车子右偏且从90度往正中间转且离墙最远转.csv,39,right_bias,far,start,0.746,89.0,28.0,61.0,62.0,20.0,42.0,0,1
车子右偏且从90度往正中间转且离墙最远转.csv,40,right_bias,far,start,0.766,102.0,20.0,82.0,68.0,20.0,48.0,0,1
车子右偏且从90度往正中间转且离墙最远转.csv,41,right_bias,far,start,0.786,17.0,21.0,-4.0,52.0,21.0,31.0,0,1
车子右偏且从90度往正中间转且离墙最远转.csv,42,right_bias,far,start,0.807,16.0,20.0,-4.0,41.0,21.0,20.0,0,1
车子右偏且从90度往正中间转且离墙最远转.csv,43,right_bias,far,start,0.827,69.0,21.0,48.0,69.0,21.0,48.0,0,1
车子右偏且从90度往正中间转且离墙最远转.csv,44,right_bias,far,start,0.847,17.0,20.0,-3.0,69.0,20.0,49.0,0,1
车子右偏且从90度往正中间转且离墙最远转.csv,45,right_bias,far,start,0.867,117.0,20.0,97.0,69.0,20.0,49.0,0,1
车子右偏且从90度往正中间转且离墙最远转.csv,46,right_bias,far,start,0.887,42.0,20.0,22.0,69.0,20.0,49.0,0,1
车子右偏且从90度往正中间转且离墙最远转.csv,47,right_bias,far,start,0.907,69.0,20.0,49.0,69.0,20.0,49.0,0,1
车子右偏且从90度往正中间转且离墙最远转.csv,48,right_bias,far,start,0.927,67.0,20.0,47.0,67.0,20.0,47.0,0,1
车子右偏且从90度往正中间转且离墙最远转.csv,49,right_bias,far,start,0.947,41.0,20.0,21.0,42.0,20.0,22.0,0,1
车子右偏且从90度往正中间转且离墙最远转.csv,50,right_bias,far,start,0.967,101.0,20.0,81.0,67.0,20.0,47.0,0,1
车子右偏且从90度往正中间转且离墙最远转.csv,51,right_bias,far,start,0.988,17.0,20.0,-3.0,67.0,20.0,47.0,0,1
车子右偏且从90度往正中间转且离墙最远转.csv,52,right_bias,far,start,1.008,34.0,20.0,14.0,42.0,20.0,22.0,0,1
车子右偏且从90度往正中间转且离墙最远转.csv,53,right_bias,far,start,1.028,52.0,20.0,32.0,52.0,20.0,32.0,0,1
车子右偏且从90度往正中间转且离墙最远转.csv,54,right_bias,far,start,1.048,51.0,20.0,31.0,51.0,20.0,31.0,0,1
车子右偏且从90度往正中间转且离墙最远转.csv,55,right_bias,far,start,1.068,54.0,23.0,31.0,52.0,20.0,32.0,0,1
车子右偏且从90度往正中间转且离墙最远转.csv,56,right_bias,far,start,1.088,119.0,33.0,86.0,52.0,20.0,32.0,0,1
车子右偏且从90度往正中间转且离墙最远转.csv,57,right_bias,far,start,1.108,34.0,20.0,14.0,51.0,20.0,31.0,0,1
车子右偏且从90度往正中间转且离墙最远转.csv,58,right_bias,far,start,1.128,68.0,20.0,48.0,52.0,20.0,32.0,0,1
车子右偏且从90度往正中间转且离墙最远转.csv,59,right_bias,far,start,1.148,54.0,20.0,34.0,52.0,20.0,32.0,0,1
车子右偏且从90度往正中间转且离墙最远转.csv,60,right_bias,far,start,1.169,17.0,20.0,-3.0,52.0,20.0,32.0,0,1
车子右偏且从90度往正中间转且离墙最远转.csv,61,right_bias,far,start,1.189,52.0,21.0,31.0,52.0,20.0,32.0,0,1
车子右偏且从90度往正中间转且离墙最远转.csv,62,right_bias,far,start,1.209,17.0,19.0,-2.0,52.0,20.0,32.0,0,1
车子右偏且从90度往正中间转且离墙最远转.csv,63,right_bias,far,start,1.229,68.0,20.0,48.0,54.0,20.0,34.0,0,1
车子右偏且从90度往正中间转且离墙最远转.csv,64,right_bias,far,start,1.249,53.0,20.0,33.0,53.0,20.0,33.0,0,1
车子右偏且从90度往正中间转且离墙最远转.csv,65,right_bias,far,start,1.269,168.0,19.0,149.0,53.0,20.0,33.0,0,1
车子右偏且从90度往正中间转且离墙最远转.csv,66,right_bias,far,start,1.289,41.0,20.0,21.0,53.0,20.0,33.0,0,1
车子右偏且从90度往正中间转且离墙最远转.csv,67,right_bias,far,start,1.309,84.0,20.0,64.0,53.0,20.0,33.0,0,1
车子右偏且从90度往正中间转且离墙最远转.csv,68,right_bias,far,start,1.329,118.0,20.0,98.0,53.0,20.0,33.0,0,1
车子右偏且从90度往正中间转且离墙最远转.csv,69,right_bias,far,start,1.35,17.0,19.0,-2.0,53.0,20.0,33.0,0,1
车子右偏且从90度往正中间转且离墙最远转.csv,70,right_bias,far,start,1.37,33.0,20.0,13.0,53.0,20.0,33.0,0,1
车子右偏且从90度往正中间转且离墙最远转.csv,71,right_bias,far,start,1.39,119.0,21.0,98.0,68.0,20.0,48.0,0,1
车子右偏且从90度往正中间转且离墙最远转.csv,72,right_bias,far,start,1.41,52.0,19.0,33.0,53.0,20.0,33.0,0,1
车子右偏且从90度往正中间转且离墙最远转.csv,73,right_bias,far,start,1.43,53.0,21.0,32.0,53.0,20.0,33.0,0,1
车子右偏且从90度往正中间转且离墙最远转.csv,74,right_bias,far,start,1.45,102.0,21.0,81.0,53.0,20.0,33.0,0,1
车子右偏且从90度往正中间转且离墙最远转.csv,75,right_bias,far,start,1.47,26.0,20.0,6.0,53.0,20.0,33.0,0,1
车子右偏且从90度往正中间转且离墙最远转.csv,76,right_bias,far,start,1.49,32.0,33.0,-1.0,52.0,20.0,32.0,0,1
车子右偏且从90度往正中间转且离墙最远转.csv,77,right_bias,far,start,1.51,42.0,20.0,22.0,42.0,20.0,22.0,0,1
车子右偏且从90度往正中间转且离墙最远转.csv,78,right_bias,far,start,1.531,52.0,20.0,32.0,52.0,20.0,32.0,0,1
车子右偏且从90度往正中间转且离墙最远转.csv,79,right_bias,far,start,1.551,52.0,20.0,32.0,52.0,20.0,32.0,0,1
车子右偏且从90度往正中间转且离墙最远转.csv,80,right_bias,far,start,1.571,41.0,20.0,21.0,52.0,20.0,32.0,0,1
车子右偏且从90度往正中间转且离墙最远转.csv,81,right_bias,far,start,1.591,68.0,20.0,48.0,52.0,20.0,32.0,0,1
车子右偏且从90度往正中间转且离墙最远转.csv,82,right_bias,far,start,1.611,42.0,19.0,23.0,42.0,20.0,22.0,0,1
车子右偏且从90度往正中间转且离墙最远转.csv,83,right_bias,far,start,1.631,183.0,20.0,163.0,42.0,20.0,22.0,0,1
车子右偏且从90度往正中间转且离墙最远转.csv,84,right_bias,far,start,1.651,52.0,20.0,32.0,52.0,20.0,32.0,0,1
车子右偏且从90度往正中间转且离墙最远转.csv,85,right_bias,far,start,1.671,52.0,20.0,32.0,52.0,20.0,32.0,0,1
车子右偏且从90度往正中间转且离墙最远转.csv,86,right_bias,far,start,1.691,33.0,20.0,13.0,52.0,20.0,32.0,0,1
车子右偏且从90度往正中间转且离墙最远转.csv,87,right_bias,far,start,1.712,16.0,20.0,-4.0,52.0,20.0,32.0,0,1
车子右偏且从90度往正中间转且离墙最远转.csv,88,right_bias,far,start,1.732,41.0,20.0,21.0,42.0,20.0,22.0,0,1
车子右偏且从90度往正中间转且离墙最远转.csv,89,right_bias,far,start,1.752,19.0,20.0,-1.0,42.0,20.0,22.0,0,1
车子右偏且从90度往正中间转且离墙最远转.csv,90,right_bias,far,start,1.772,102.0,21.0,81.0,42.0,20.0,22.0,0,1
车子右偏且从90度往正中间转且离墙最远转.csv,91,right_bias,far,start,1.792,68.0,20.0,48.0,52.0,20.0,32.0,0,1
车子右偏且从90度往正中间转且离墙最远转.csv,92,right_bias,far,start,1.812,200.0,21.0,179.0,52.0,20.0,32.0,0,1
车子右偏且从90度往正中间转且离墙最远转.csv,93,right_bias,far,start,1.832,43.0,22.0,21.0,43.0,20.0,23.0,0,1
车子右偏且从90度往正中间转且离墙最远转.csv,94,right_bias,far,start,1.852,53.0,33.0,20.0,43.0,20.0,23.0,0,1
车子右偏且从90度往正中间转且离墙最远转.csv,95,right_bias,far,start,1.872,66.0,20.0,46.0,53.0,20.0,33.0,0,1
车子右偏且从90度往正中间转且离墙最远转.csv,96,right_bias,far,start,1.892,16.0,20.0,-4.0,53.0,20.0,33.0,0,1
车子右偏且从90度往正中间转且离墙最远转.csv,97,right_bias,far,start,1.913,41.0,20.0,21.0,53.0,20.0,33.0,0,1
车子右偏且从90度往正中间转且离墙最远转.csv,98,right_bias,far,start,1.933,299.0,21.0,278.0,66.0,21.0,45.0,0,1
车子右偏且从90度往正中间转且离墙最远转.csv,99,right_bias,far,start,1.953,42.0,20.0,22.0,53.0,20.0,33.0,0,1
车子右偏且从90度往正中间转且离墙最远转.csv,100,right_bias,far,start,1.973,26.0,20.0,6.0,43.0,20.0,23.0,0,1
车子右偏且从90度往正中间转且离墙最远转.csv,101,right_bias,far,start,1.993,52.0,20.0,32.0,43.0,20.0,23.0,0,1
车子右偏且从90度往正中间转且离墙最远转.csv,102,right_bias,far,start,2.013,61.0,20.0,41.0,52.0,20.0,32.0,0,1
车子右偏且从90度往正中间转且离墙最远转.csv,103,right_bias,far,start,2.033,102.0,21.0,81.0,52.0,20.0,32.0,0,1
车子右偏且从90度往正中间转且离墙最远转.csv,104,right_bias,far,start,2.053,42.0,20.0,22.0,42.0,20.0,22.0,0,1
车子右偏且从90度往正中间转且离墙最远转.csv,105,right_bias,far,start,2.074,16.0,20.0,-4.0,42.0,20.0,22.0,0,1
车子右偏且从90度往正中间转且离墙最远转.csv,106,right_bias,far,start,2.094,17.0,20.0,-3.0,42.0,20.0,22.0,0,1
车子右偏且从90度往正中间转且离墙最远转.csv,107,right_bias,far,start,2.114,18.0,20.0,-2.0,42.0,20.0,22.0,0,1
车子右偏且从90度往正中间转且离墙最远转.csv,108,right_bias,far,start,2.134,299.0,20.0,279.0,42.0,20.0,22.0,0,1
车子右偏且从90度往正中间转且离墙最远转.csv,109,right_bias,far,start,2.154,101.0,20.0,81.0,52.0,20.0,32.0,0,1
车子右偏且从90度往正中间转且离墙最远转.csv,110,right_bias,far,start,2.174,217.0,20.0,197.0,61.0,20.0,41.0,0,1
车子右偏且从90度往正中间转且离墙最远转.csv,111,right_bias,far,start,2.194,41.0,20.0,21.0,42.0,20.0,22.0,0,1
车子右偏且从90度往正中间转且离墙最远转.csv,112,right_bias,far,start,2.214,17.0,20.0,-3.0,41.0,20.0,21.0,0,1
车子右偏且从90度往正中间转且离墙最远转.csv,113,right_bias,far,start,2.234,69.0,21.0,48.0,41.0,20.0,21.0,0,1
车子右偏且从90度往正中间转且离墙最远转.csv,114,right_bias,far,start,2.255,17.0,20.0,-3.0,41.0,20.0,21.0,0,1
车子右偏且从90度往正中间转且离墙最远转.csv,115,right_bias,far,start,2.275,94.0,26.0,68.0,69.0,20.0,49.0,0,1
车子右偏且从90度往正中间转且离墙最远转.csv,116,right_bias,far,start,2.295,19.0,32.0,-13.0,69.0,20.0,49.0,0,1
车子右偏且从90度往正中间转且离墙最远转.csv,117,right_bias,far,start,2.315,298.0,21.0,277.0,69.0,20.0,49.0,0,1
车子右偏且从90度往正中间转且离墙最远转.csv,118,right_bias,far,start,2.335,69.0,20.0,49.0,69.0,20.0,49.0,0,1
车子右偏且从90度往正中间转且离墙最远转.csv,119,right_bias,far,start,2.355,52.0,19.0,33.0,52.0,20.0,32.0,0,1
车子右偏且从90度往正中间转且离墙最远转.csv,120,right_bias,far,start,2.375,24.0,19.0,5.0,52.0,20.0,32.0,0,1
车子右偏且从90度往正中间转且离墙最远转.csv,121,right_bias,far,start,2.395,17.0,20.0,-3.0,52.0,20.0,32.0,0,1
车子右偏且从90度往正中间转且离墙最远转.csv,122,right_bias,far,start,2.415,41.0,20.0,21.0,41.0,20.0,21.0,0,1
车子右偏且从90度往正中间转且离墙最远转.csv,123,right_bias,far,start,2.436,101.0,20.0,81.0,52.0,20.0,32.0,0,1
车子右偏且从90度往正中间转且离墙最远转.csv,124,right_bias,far,start,2.456,52.0,20.0,32.0,52.0,20.0,32.0,0,1
车子右偏且从90度往正中间转且离墙最远转.csv,125,right_bias,far,start,2.476,84.0,20.0,64.0,52.0,20.0,32.0,0,1
车子右偏且从90度往正中间转且离墙最远转.csv,126,right_bias,far,start,2.496,68.0,19.0,49.0,52.0,20.0,32.0,0,1
车子右偏且从90度往正中间转且离墙最远转.csv,127,right_bias,far,start,2.516,84.0,20.0,64.0,52.0,20.0,32.0,0,1
车子右偏且从90度往正中间转且离墙最远转.csv,128,right_bias,far,start,2.536,105.0,21.0,84.0,68.0,20.0,48.0,0,1
车子右偏且从90度往正中间转且离墙最远转.csv,129,right_bias,far,start,2.556,41.0,20.0,21.0,68.0,20.0,48.0,0,1
车子右偏且从90度往正中间转且离墙最远转.csv,130,right_bias,far,start,2.576,52.0,20.0,32.0,68.0,20.0,48.0,0,1
车子右偏且从90度往正中间转且离墙最远转.csv,131,right_bias,far,start,2.596,52.0,25.0,27.0,68.0,20.0,48.0,0,1
车子右偏且从90度往正中间转且离墙最远转.csv,132,right_bias,far,start,2.616,17.0,32.0,-15.0,52.0,20.0,32.0,0,1
车子右偏且从90度往正中间转且离墙最远转.csv,133,right_bias,far,start,2.637,75.0,20.0,55.0,68.0,20.0,48.0,0,1
车子右偏且从90度往正中间转且离墙最远转.csv,134,right_bias,far,start,2.657,42.0,20.0,22.0,52.0,20.0,32.0,0,1
车子右偏且从90度往正中间转且离墙最远转.csv,135,right_bias,far,start,2.677,217.0,20.0,197.0,52.0,20.0,32.0,0,1
车子右偏且从90度往正中间转且离墙最远转.csv,136,right_bias,far,start,2.697,69.0,21.0,48.0,52.0,20.0,32.0,0,1
车子右偏且从90度往正中间转且离墙最远转.csv,137,right_bias,far,start,2.717,233.0,20.0,213.0,52.0,20.0,32.0,0,1
车子右偏且从90度往正中间转且离墙最远转.csv,138,right_bias,far,start,2.737,26.0,19.0,7.0,52.0,20.0,32.0,0,1
车子右偏且从90度往正中间转且离墙最远转.csv,139,right_bias,far,start,2.757,18.0,21.0,-3.0,52.0,20.0,32.0,0,1
车子右偏且从90度往正中间转且离墙最远转.csv,140,right_bias,far,start,2.777,33.0,20.0,13.0,42.0,20.0,22.0,0,1
车子右偏且从90度往正中间转且离墙最远转.csv,141,right_bias,far,start,2.797,25.0,20.0,5.0,42.0,20.0,22.0,0,1
车子右偏且从90度往正中间转且离墙最远转.csv,142,right_bias,far,start,2.818,68.0,20.0,48.0,42.0,20.0,22.0,0,1
车子右偏且从90度往正中间转且离墙最远转.csv,143,right_bias,far,start,2.838,33.0,20.0,13.0,33.0,20.0,13.0,0,1
车子右偏且从90度往正中间转且离墙最远转.csv,144,right_bias,far,start,2.858,200.0,21.0,179.0,33.0,20.0,13.0,0,1
车子右偏且从90度往正中间转且离墙最远转.csv,145,right_bias,far,start,2.878,41.0,20.0,21.0,33.0,20.0,13.0,0,1
车子右偏且从90度往正中间转且离墙最远转.csv,146,right_bias,far,start,2.898,41.0,20.0,21.0,33.0,20.0,13.0,0,1
车子右偏且从90度往正中间转且离墙最远转.csv,147,right_bias,far,start,2.918,17.0,20.0,-3.0,33.0,20.0,13.0,0,1
车子右偏且从90度往正中间转且离墙最远转.csv,148,right_bias,far,start,2.938,18.0,24.0,-6.0,33.0,20.0,13.0,0,1
车子右偏且从90度往正中间转且离墙最远转.csv,149,right_bias,far,start,2.958,69.0,20.0,49.0,41.0,20.0,21.0,0,1
车子右偏且从90度往正中间转且离墙最远转.csv,150,right_bias,far,start,2.978,84.0,19.0,65.0,41.0,20.0,21.0,0,1
车子右偏且从90度往正中间转且离墙最远转.csv,151,right_bias,far,start,2.998,42.0,21.0,21.0,41.0,20.0,21.0,0,1
车子右偏且从90度往正中间转且离墙最远转.csv,152,right_bias,far,start,3.019,19.0,32.0,-13.0,41.0,20.0,21.0,0,1
车子右偏且从90度往正中间转且离墙最远转.csv,153,right_bias,far,start,3.039,101.0,20.0,81.0,41.0,20.0,21.0,0,1
车子右偏且从90度往正中间转且离墙最远转.csv,154,right_bias,far,start,3.059,68.0,20.0,48.0,42.0,20.0,22.0,0,1
车子右偏且从90度往正中间转且离墙最远转.csv,155,right_bias,far,start,3.079,200.0,21.0,179.0,68.0,20.0,48.0,0,1
车子右偏且从90度往正中间转且离墙最远转.csv,156,right_bias,far,start,3.099,117.0,19.0,98.0,69.0,20.0,49.0,0,1
车子右偏且从90度往正中间转且离墙最远转.csv,157,right_bias,far,start,3.119,16.0,19.0,-3.0,69.0,20.0,49.0,0,1
车子右偏且从90度往正中间转且离墙最远转.csv,158,right_bias,far,start,3.139,26.0,20.0,6.0,68.0,20.0,48.0,0,1
车子右偏且从90度往正中间转且离墙最远转.csv,159,right_bias,far,start,3.159,25.0,20.0,5.0,42.0,20.0,22.0,0,1
车子右偏且从90度往正中间转且离墙最远转.csv,160,right_bias,far,start,3.179,84.0,20.0,64.0,68.0,20.0,48.0,0,1
车子右偏且从90度往正中间转且离墙最远转.csv,161,right_bias,far,start,3.199,85.0,19.0,66.0,84.0,20.0,64.0,0,1
车子右偏且从90度往正中间转且离墙最远转.csv,162,right_bias,far,start,3.22,150.0,20.0,130.0,84.0,20.0,64.0,0,1
车子右偏且从90度往正中间转且离墙最远转.csv,163,right_bias,far,start,3.24,42.0,20.0,22.0,84.0,20.0,64.0,0,1
车子右偏且从90度往正中间转且离墙最远转.csv,164,right_bias,far,start,3.26,134.0,20.0,114.0,84.0,20.0,64.0,0,1
车子右偏且从90度往正中间转且离墙最远转.csv,165,right_bias,far,start,3.28,41.0,20.0,21.0,42.0,20.0,22.0,0,1
车子右偏且从90度往正中间转且离墙最远转.csv,166,right_bias,far,start,3.3,16.0,19.0,-3.0,42.0,20.0,22.0,0,1
车子右偏且从90度往正中间转且离墙最远转.csv,167,right_bias,far,start,3.32,101.0,20.0,81.0,84.0,20.0,64.0,0,1
车子右偏且从90度往正中间转且离墙最远转.csv,168,right_bias,far,start,3.34,17.0,20.0,-3.0,84.0,20.0,64.0,0,1
车子右偏且从90度往正中间转且离墙最远转.csv,169,right_bias,far,start,3.36,57.0,29.0,28.0,57.0,20.0,37.0,0,1
车子右偏且从90度往正中间转且离墙最远转.csv,170,right_bias,far,start,3.38,42.0,20.0,22.0,42.0,20.0,22.0,0,1
车子右偏且从90度往正中间转且离墙最远转.csv,171,right_bias,far,start,3.4,52.0,20.0,32.0,42.0,20.0,22.0,0,1
车子右偏且从90度往正中间转且离墙最远转.csv,172,right_bias,far,start,3.421,69.0,21.0,48.0,52.0,20.0,32.0,0,1
车子右偏且从90度往正中间转且离墙最远转.csv,173,right_bias,far,start,3.441,84.0,20.0,64.0,52.0,20.0,32.0,0,1
车子右偏且从90度往正中间转且离墙最远转.csv,174,right_bias,far,start,3.461,41.0,20.0,21.0,52.0,20.0,32.0,0,1
车子右偏且从90度往正中间转且离墙最远转.csv,175,right_bias,far,start,3.481,42.0,20.0,22.0,52.0,20.0,32.0,0,1
车子右偏且从90度往正中间转且离墙最远转.csv,176,right_bias,far,start,3.501,68.0,20.0,48.0,52.0,20.0,32.0,0,1
车子右偏且从90度往正中间转且离墙最远转.csv,177,right_bias,far,start,3.521,20.0,21.0,-1.0,52.0,20.0,32.0,0,1
车子右偏且从90度往正中间转且离墙最远转.csv,178,right_bias,far,start,3.541,52.0,19.0,33.0,52.0,20.0,32.0,0,1
车子右偏且从90度往正中间转且离墙最远转.csv,179,right_bias,far,start,3.561,41.0,20.0,21.0,52.0,20.0,32.0,0,1
车子右偏且从90度往正中间转且离墙最远转.csv,180,right_bias,far,start,3.581,315.0,20.0,295.0,52.0,20.0,32.0,0,1
车子右偏且从90度往正中间转且离墙最远转.csv,181,right_bias,far,start,3.602,33.0,20.0,13.0,42.0,20.0,22.0,0,1
车子右偏且从90度往正中间转且离墙最远转.csv,182,right_bias,far,start,3.622,134.0,20.0,114.0,42.0,20.0,22.0,0,1
车子右偏且从90度往正中间转且离墙最远转.csv,183,right_bias,far,start,3.642,52.0,20.0,32.0,52.0,20.0,32.0,0,1
车子右偏且从90度往正中间转且离墙最远转.csv,184,right_bias,far,start,3.662,17.0,21.0,-4.0,52.0,20.0,32.0,0,1
车子右偏且从90度往正中间转且离墙最远转.csv,185,right_bias,far,start,3.682,93.0,20.0,73.0,52.0,20.0,32.0,0,1
车子右偏且从90度往正中间转且离墙最远转.csv,186,right_bias,far,start,3.702,17.0,22.0,-5.0,52.0,20.0,32.0,0,1
车子右偏且从90度往正中间转且离墙最远转.csv,187,right_bias,far,start,3.722,43.0,32.0,11.0,43.0,20.0,23.0,0,1
车子右偏且从90度往正中间转且离墙最远转.csv,188,right_bias,far,start,3.742,69.0,20.0,49.0,52.0,20.0,32.0,0,1
车子右偏且从90度往正中间转且离墙最远转.csv,189,right_bias,far,start,3.763,316.0,20.0,296.0,52.0,20.0,32.0,0,1
车子右偏且从90度往正中间转且离墙最远转.csv,190,right_bias,far,start,3.783,78.0,21.0,57.0,69.0,20.0,49.0,0,1
车子右偏且从90度往正中间转且离墙最远转.csv,191,right_bias,far,start,3.803,134.0,20.0,114.0,69.0,20.0,49.0,0,1
车子右偏且从90度往正中间转且离墙最远转.csv,192,right_bias,far,start,3.823,44.0,21.0,23.0,69.0,21.0,48.0,0,1
车子右偏且从90度往正中间转且离墙最远转.csv,193,right_bias,far,start,3.843,17.0,20.0,-3.0,69.0,20.0,49.0,0,1
车子右偏且从90度往正中间转且离墙最远转.csv,194,right_bias,far,start,3.863,42.0,20.0,22.0,44.0,20.0,24.0,0,1
车子右偏且从90度往正中间转且离墙最远转.csv,195,right_bias,far,start,3.883,145.0,21.0,124.0,69.0,20.0,49.0,0,1
车子右偏且从90度往正中间转且离墙最远转.csv,196,right_bias,far,start,3.903,136.0,21.0,115.0,78.0,20.0,58.0,0,1
车子右偏且从90度往正中间转且离墙最远转.csv,197,right_bias,far,start,3.923,69.0,20.0,49.0,78.0,20.0,58.0,0,1
车子右偏且从90度往正中间转且离墙最远转.csv,198,right_bias,far,start,3.943,42.0,20.0,22.0,69.0,20.0,49.0,0,1
车子右偏且从90度往正中间转且离墙最远转.csv,199,right_bias,far,start,3.963,33.0,20.0,13.0,44.0,20.0,24.0,0,1
车子右偏且从90度往正中间转且离墙最远转.csv,200,right_bias,far,start,3.984,144.0,20.0,124.0,44.0,20.0,24.0,0,1
车子右偏且从90度往正中间转且离墙最远转.csv,201,right_bias,far,start,4.004,69.0,24.0,45.0,69.0,20.0,49.0,0,1
车子右偏且从90度往正中间转且离墙最远转.csv,202,right_bias,far,start,4.024,82.0,32.0,50.0,69.0,20.0,49.0,0,1
车子右偏且从90度往正中间转且离墙最远转.csv,203,right_bias,far,start,4.044,102.0,33.0,69.0,82.0,21.0,61.0,0,1
车子右偏且从90度往正中间转且离墙最远转.csv,204,right_bias,far,start,4.064,17.0,20.0,-3.0,69.0,20.0,49.0,0,1
车子右偏且从90度往正中间转且离墙最远转.csv,205,right_bias,far,start,4.084,17.0,20.0,-3.0,69.0,20.0,49.0,0,1
车子右偏且从90度往正中间转且离墙最远转.csv,206,right_bias,far,start,4.104,52.0,20.0,32.0,52.0,20.0,32.0,0,1
车子右偏且从90度往正中间转且离墙最远转.csv,207,right_bias,far,start,4.124,216.0,20.0,196.0,69.0,20.0,49.0,0,1
车子右偏且从90度往正中间转且离墙最远转.csv,208,right_bias,far,start,4.144,42.0,20.0,22.0,69.0,20.0,49.0,0,1
车子右偏且从90度往正中间转且离墙最远转.csv,209,right_bias,far,start,4.164,217.0,20.0,197.0,69.0,20.0,49.0,0,1
车子右偏且从90度往正中间转且离墙最远转.csv,210,right_bias,far,start,4.185,54.0,21.0,33.0,54.0,20.0,34.0,0,1
车子右偏且从90度往正中间转且离墙最远转.csv,211,right_bias,far,start,4.205,18.0,21.0,-3.0,52.0,20.0,32.0,0,1
车子右偏且从90度往正中间转且离墙最远转.csv,212,right_bias,far,start,4.225,69.0,20.0,49.0,52.0,20.0,32.0,0,1
车子右偏且从90度往正中间转且离墙最远转.csv,213,right_bias,far,start,4.245,16.0,20.0,-4.0,52.0,20.0,32.0,0,1
车子右偏且从90度往正中间转且离墙最远转.csv,214,right_bias,far,start,4.265,282.0,20.0,262.0,54.0,20.0,34.0,0,1
车子右偏且从90度往正中间转且离墙最远转.csv,215,right_bias,far,start,4.285,41.0,20.0,21.0,54.0,20.0,34.0,0,1
车子右偏且从90度往正中间转且离墙最远转.csv,216,right_bias,far,start,4.305,168.0,20.0,148.0,54.0,20.0,34.0,0,1
车子右偏且从90度往正中间转且离墙最远转.csv,217,right_bias,far,start,4.325,19.0,20.0,-1.0,54.0,20.0,34.0,0,1
车子右偏且从90度往正中间转且离墙最远转.csv,218,right_bias,far,start,4.345,69.0,25.0,44.0,54.0,20.0,34.0,0,1
车子右偏且从90度往正中间转且离墙最远转.csv,219,right_bias,far,start,4.365,69.0,20.0,49.0,69.0,20.0,49.0,0,1
车子右偏且从90度往正中间转且离墙最远转.csv,220,right_bias,far,start,4.385,27.0,19.0,8.0,69.0,20.0,49.0,0,1
车子右偏且从90度往正中间转且离墙最远转.csv,221,right_bias,far,start,4.405,42.0,20.0,22.0,42.0,20.0,22.0,0,1
车子右偏且从90度往正中间转且离墙最远转.csv,222,right_bias,far,start,4.426,32.0,20.0,12.0,42.0,20.0,22.0,0,1
车子右偏且从90度往正中间转且离墙最远转.csv,223,right_bias,far,start,4.446,17.0,20.0,-3.0,41.0,20.0,21.0,0,1
车子右偏且从90度往正中间转且离墙最远转.csv,224,right_bias,far,start,4.466,69.0,20.0,49.0,42.0,20.0,22.0,0,1
车子右偏且从90度往正中间转且离墙最远转.csv,225,right_bias,far,start,4.486,208.0,21.0,187.0,42.0,20.0,22.0,0,1
车子右偏且从90度往正中间转且离墙最远转.csv,226,right_bias,far,start,4.506,100.0,21.0,79.0,69.0,20.0,49.0,0,1
车子右偏且从90度往正中间转且离墙最远转.csv,227,right_bias,far,start,4.526,200.0,20.0,180.0,69.0,20.0,49.0,0,1
车子右偏且从90度往正中间转且离墙最远转.csv,228,right_bias,far,start,4.546,26.0,20.0,6.0,42.0,20.0,22.0,0,1
车子右偏且从90度往正中间转且离墙最远转.csv,229,right_bias,far,start,4.566,19.0,20.0,-1.0,42.0,20.0,22.0,0,1
车子右偏且从90度往正中间转且离墙最远转.csv,230,right_bias,far,start,4.586,51.0,20.0,31.0,51.0,20.0,31.0,0,1
车子右偏且从90度往正中间转且离墙最远转.csv,231,right_bias,far,start,4.606,17.0,20.0,-3.0,51.0,20.0,31.0,0,1
车子右偏且从90度往正中间转且离墙最远转.csv,232,right_bias,far,start,4.627,17.0,20.0,-3.0,51.0,20.0,31.0,0,1
车子右偏且从90度往正中间转且离墙最远转.csv,233,right_bias,far,start,4.647,42.0,19.0,23.0,42.0,20.0,22.0,0,1
车子右偏且从90度往正中间转且离墙最远转.csv,234,right_bias,far,start,4.667,101.0,28.0,73.0,42.0,20.0,22.0,0,1
车子右偏且从90度往正中间转且离墙最远转.csv,235,right_bias,far,start,4.687,68.0,31.0,37.0,42.0,20.0,22.0,0,1
车子右偏且从90度往正中间转且离墙最远转.csv,236,right_bias,far,start,4.707,68.0,20.0,48.0,42.0,20.0,22.0,0,1
车子右偏且从90度往正中间转且离墙最远转.csv,237,right_bias,far,start,4.727,41.0,20.0,21.0,42.0,20.0,22.0,0,1
车子右偏且从90度往正中间转且离墙最远转.csv,238,right_bias,far,start,4.747,25.0,20.0,5.0,42.0,20.0,22.0,0,1
车子右偏且从90度往正中间转且离墙最远转.csv,239,right_bias,far,start,4.767,52.0,19.0,33.0,42.0,20.0,22.0,0,1
车子右偏且从90度往正中间转且离墙最远转.csv,240,right_bias,far,start,4.787,16.0,19.0,-3.0,42.0,20.0,22.0,0,1
车子右偏且从90度往正中间转且离墙最远转.csv,241,right_bias,far,start,4.808,235.0,21.0,214.0,52.0,20.0,32.0,0,1
车子右偏且从90度往正中间转且离墙最远转.csv,242,right_bias,far,start,4.828,70.0,20.0,50.0,68.0,20.0,48.0,0,1
车子右偏且从90度往正中间转且离墙最远转.csv,243,right_bias,far,start,4.848,77.0,20.0,57.0,68.0,20.0,48.0,0,1
车子右偏且从90度往正中间转且离墙最远转.csv,244,right_bias,far,start,4.868,69.0,20.0,49.0,68.0,20.0,48.0,0,1
车子右偏且从90度往正中间转且离墙最远转.csv,245,right_bias,far,start,4.888,42.0,20.0,22.0,52.0,20.0,32.0,0,1
车子右偏且从90度往正中间转且离墙最远转.csv,246,right_bias,far,start,4.908,17.0,20.0,-3.0,52.0,20.0,32.0,0,1
车子右偏且从90度往正中间转且离墙最远转.csv,247,right_bias,far,start,4.928,56.0,20.0,36.0,56.0,20.0,36.0,0,1
车子右偏且从90度往正中间转且离墙最远转.csv,248,right_bias,far,start,4.948,50.0,21.0,29.0,56.0,20.0,36.0,0,1
车子右偏且从90度往正中间转且离墙最远转.csv,249,right_bias,far,start,4.968,17.0,20.0,-3.0,56.0,20.0,36.0,0,1
车子右偏且从90度往正中间转且离墙最远转.csv,250,right_bias,far,start,4.988,17.0,30.0,-13.0,50.0,20.0,30.0,0,1
车子右偏且从90度往正中间转且离墙最远转.csv,251,right_bias,far,start,5.009,42.0,30.0,12.0,42.0,20.0,22.0,0,1
车子右偏且从90度往正中间转且离墙最远转.csv,252,right_bias,far,start,5.029,217.0,33.0,184.0,42.0,20.0,22.0,0,1
车子右偏且从90度往正中间转且离墙最远转.csv,253,right_bias,far,start,5.049,67.0,20.0,47.0,42.0,20.0,22.0,0,1
车子右偏且从90度往正中间转且离墙最远转.csv,254,right_bias,far,start,5.069,52.0,20.0,32.0,50.0,20.0,30.0,0,1
车子右偏且从90度往正中间转且离墙最远转.csv,255,right_bias,far,start,5.089,101.0,20.0,81.0,52.0,20.0,32.0,0,1
车子右偏且从90度往正中间转且离墙最远转.csv,256,right_bias,far,start,5.109,19.0,20.0,-1.0,50.0,20.0,30.0,0,1
车子右偏且从90度往正中间转且离墙最远转.csv,257,right_bias,far,start,5.129,25.0,20.0,5.0,42.0,20.0,22.0,0,1
车子右偏且从90度往正中间转且离墙最远转.csv,258,right_bias,far,start,5.149,17.0,20.0,-3.0,42.0,20.0,22.0,0,1
车子右偏且从90度往正中间转且离墙最远转.csv,259,right_bias,far,start,5.169,16.0,19.0,-3.0,42.0,20.0,22.0,0,1
车子右偏且从90度往正中间转且离墙最远转.csv,260,right_bias,far,start,5.19,68.0,21.0,47.0,52.0,20.0,32.0,0,1
车子右偏且从90度往正中间转且离墙最远转.csv,261,right_bias,far,start,5.21,297.0,20.0,277.0,52.0,20.0,32.0,0,1
车子右偏且从90度往正中间转且离墙最远转.csv,262,right_bias,far,start,5.23,41.0,19.0,22.0,41.0,20.0,21.0,0,1
车子右偏且从90度往正中间转且离墙最远转.csv,263,right_bias,far,start,5.25,18.0,20.0,-2.0,25.0,20.0,5.0,0,1
车子右偏且从90度往正中间转且离墙最远转.csv,264,right_bias,far,start,5.27,52.0,20.0,32.0,25.0,20.0,5.0,0,1
车子右偏且从90度往正中间转且离墙最远转.csv,265,right_bias,far,start,5.29,18.0,20.0,-2.0,25.0,20.0,5.0,0,1
车子右偏且从90度往正中间转且离墙最远转.csv,266,right_bias,far,start,5.31,68.0,21.0,47.0,41.0,20.0,21.0,0,1
车子右偏且从90度往正中间转且离墙最远转.csv,267,right_bias,far,start,5.33,33.0,20.0,13.0,41.0,20.0,21.0,0,1
车子右偏且从90度往正中间转且离墙最远转.csv,268,right_bias,far,start,5.35,41.0,21.0,20.0,41.0,20.0,21.0,0,1
车子右偏且从90度往正中间转且离墙最远转.csv,269,right_bias,far,start,5.371,25.0,20.0,5.0,41.0,20.0,21.0,0,1
车子右偏且从90度往正中间转且离墙最远转.csv,270,right_bias,far,start,5.391,42.0,20.0,22.0,41.0,20.0,21.0,0,1
车子右偏且从90度往正中间转且离墙最远转.csv,271,right_bias,far,start,5.411,67.0,20.0,47.0,41.0,20.0,21.0,0,1
车子右偏且从90度往正中间转且离墙最远转.csv,272,right_bias,far,start,5.431,118.0,19.0,99.0,42.0,20.0,22.0,0,1
车子右偏且从90度往正中间转且离墙最远转.csv,273,right_bias,far,start,5.451,42.0,21.0,21.0,42.0,20.0,22.0,0,1
车子右偏且从90度往正中间转且离墙最远转.csv,274,right_bias,far,start,5.471,41.0,20.0,21.0,42.0,20.0,22.0,0,1
车子右偏且从90度往正中间转且离墙最远转.csv,275,right_bias,far,start,5.491,19.0,21.0,-2.0,41.0,20.0,21.0,0,1
车子右偏且从90度往正中间转且离墙最远转.csv,276,right_bias,far,start,5.511,69.0,20.0,49.0,42.0,20.0,22.0,0,1
车子右偏且从90度往正中间转且离墙最远转.csv,277,right_bias,far,start,5.531,17.0,19.0,-2.0,42.0,20.0,22.0,0,1
车子右偏且从90度往正中间转且离墙最远转.csv,278,right_bias,far,start,5.551,84.0,20.0,64.0,42.0,20.0,22.0,0,1
车子右偏且从90度往正中间转且离墙最远转.csv,279,right_bias,far,start,5.572,234.0,20.0,214.0,67.0,20.0,47.0,0,1
车子右偏且从90度往正中间转且离墙最远转.csv,280,right_bias,far,start,5.592,52.0,20.0,32.0,52.0,20.0,32.0,0,1
车子右偏且从90度往正中间转且离墙最远转.csv,281,right_bias,far,start,5.612,16.0,20.0,-4.0,42.0,20.0,22.0,0,1
车子右偏且从90度往正中间转且离墙最远转.csv,282,right_bias,far,start,5.632,68.0,20.0,48.0,52.0,20.0,32.0,0,1
车子右偏且从90度往正中间转且离墙最远转.csv,283,right_bias,far,start,5.652,16.0,20.0,-4.0,52.0,20.0,32.0,0,1
车子右偏且从90度往正中间转且离墙最远转.csv,284,right_bias,far,start,5.672,83.0,20.0,63.0,68.0,20.0,48.0,0,1
车子右偏且从90度往正中间转且离墙最远转.csv,285,right_bias,far,start,5.692,43.0,21.0,22.0,52.0,20.0,32.0,0,1
车子右偏且从90度往正中间转且离墙最远转.csv,286,right_bias,far,start,5.712,330.0,19.0,311.0,68.0,20.0,48.0,0,1
车子右偏且从90度往正中间转且离墙最远转.csv,287,right_bias,far,start,5.732,77.0,20.0,57.0,68.0,20.0,48.0,0,1
车子右偏且从90度往正中间转且离墙最远转.csv,288,right_bias,far,start,5.753,68.0,28.0,40.0,68.0,20.0,48.0,0,1
车子右偏且从90度往正中间转且离墙最远转.csv,289,right_bias,far,start,5.773,69.0,30.0,39.0,68.0,20.0,48.0,0,1
车子右偏且从90度往正中间转且离墙最远转.csv,290,right_bias,far,start,5.793,16.0,21.0,-5.0,68.0,20.0,48.0,0,1
车子右偏且从90度往正中间转且离墙最远转.csv,291,right_bias,far,start,5.813,33.0,20.0,13.0,68.0,20.0,48.0,0,1
车子右偏且从90度往正中间转且离墙最远转.csv,292,right_bias,far,start,5.833,54.0,21.0,33.0,68.0,21.0,47.0,0,1
车子右偏且从90度往正中间转且离墙最远转.csv,293,right_bias,far,start,5.853,33.0,17.0,16.0,54.0,21.0,33.0,0,1
车子右偏且从90度往正中间转且离墙最远转.csv,294,right_bias,far,start,5.873,52.0,20.0,32.0,54.0,20.0,34.0,0,1
车子右偏且从90度往正中间转且离墙最远转.csv,295,right_bias,far,start,5.893,16.0,20.0,-4.0,52.0,20.0,32.0,0,1
车子右偏且从90度往正中间转且离墙最远转.csv,296,right_bias,far,start,5.913,68.0,20.0,48.0,52.0,20.0,32.0,0,1
车子右偏且从90度往正中间转且离墙最远转.csv,297,right_bias,far,start,5.933,150.0,20.0,130.0,52.0,20.0,32.0,0,1
车子右偏且从90度往正中间转且离墙最远转.csv,298,right_bias,far,start,5.954,26.0,20.0,6.0,33.0,20.0,13.0,0,1
车子右偏且从90度往正中间转且离墙最远转.csv,299,right_bias,far,start,5.974,52.0,20.0,32.0,52.0,20.0,32.0,0,1
车子右偏且从90度往正中间转且离墙最远转.csv,300,right_bias,far,start,5.994,62.0,21.0,41.0,52.0,20.0,32.0,0,1
车子右偏且从90度往正中间转且离墙最远转.csv,301,right_bias,far,transition,6.014,17.0,21.0,-4.0,52.0,20.0,32.0,0,1
车子右偏且从90度往正中间转且离墙最远转.csv,302,right_bias,far,transition,6.034,83.0,20.0,63.0,52.0,20.0,32.0,0,1
车子右偏且从90度往正中间转且离墙最远转.csv,303,right_bias,far,transition,6.054,53.0,20.0,33.0,53.0,20.0,33.0,0,1
车子右偏且从90度往正中间转且离墙最远转.csv,304,right_bias,far,transition,6.074,85.0,20.0,65.0,62.0,20.0,42.0,0,1
车子右偏且从90度往正中间转且离墙最远转.csv,305,right_bias,far,transition,6.094,70.0,33.0,37.0,62.0,20.0,42.0,0,1
车子右偏且从90度往正中间转且离墙最远转.csv,306,right_bias,far,transition,6.114,265.0,20.0,245.0,62.0,20.0,42.0,0,1
车子右偏且从90度往正中间转且离墙最远转.csv,307,right_bias,far,transition,6.135,118.0,20.0,98.0,70.0,20.0,50.0,0,1
车子右偏且从90度往正中间转且离墙最远转.csv,308,right_bias,far,transition,6.155,17.0,20.0,-3.0,70.0,20.0,50.0,0,1
车子右偏且从90度往正中间转且离墙最远转.csv,309,right_bias,far,transition,6.175,41.0,20.0,21.0,70.0,20.0,50.0,0,1
车子右偏且从90度往正中间转且离墙最远转.csv,310,right_bias,far,transition,6.195,17.0,20.0,-3.0,70.0,20.0,50.0,0,1
车子右偏且从90度往正中间转且离墙最远转.csv,311,right_bias,far,transition,6.215,53.0,21.0,32.0,53.0,20.0,33.0,0,1
车子右偏且从90度往正中间转且离墙最远转.csv,312,right_bias,far,transition,6.235,53.0,20.0,33.0,53.0,20.0,33.0,0,1
车子右偏且从90度往正中间转且离墙最远转.csv,313,right_bias,far,transition,6.255,133.0,20.0,113.0,53.0,20.0,33.0,0,1
车子右偏且从90度往正中间转且离墙最远转.csv,314,right_bias,far,transition,6.275,84.0,20.0,64.0,53.0,20.0,33.0,0,1
车子右偏且从90度往正中间转且离墙最远转.csv,315,right_bias,far,transition,6.295,33.0,20.0,13.0,53.0,20.0,33.0,0,1
车子右偏且从90度往正中间转且离墙最远转.csv,316,right_bias,far,transition,6.315,69.0,20.0,49.0,53.0,20.0,33.0,0,1
车子右偏且从90度往正中间转且离墙最远转.csv,317,right_bias,far,transition,6.336,41.0,22.0,19.0,53.0,20.0,33.0,0,1
车子右偏且从90度往正中间转且离墙最远转.csv,318,right_bias,far,transition,6.356,60.0,20.0,40.0,53.0,20.0,33.0,0,1
车子右偏且从90度往正中间转且离墙最远转.csv,319,right_bias,far,transition,6.376,100.0,20.0,80.0,60.0,20.0,40.0,0,1
车子右偏且从90度往正中间转且离墙最远转.csv,320,right_bias,far,transition,6.396,17.0,21.0,-4.0,60.0,20.0,40.0,0,1
车子右偏且从90度往正中间转且离墙最远转.csv,321,right_bias,far,transition,6.416,19.0,33.0,-14.0,60.0,20.0,40.0,0,1
车子右偏且从90度往正中间转且离墙最远转.csv,322,right_bias,far,transition,6.436,233.0,29.0,204.0,60.0,20.0,40.0,0,1
车子右偏且从90度往正中间转且离墙最远转.csv,323,right_bias,far,transition,6.456,60.0,33.0,27.0,60.0,21.0,39.0,0,1
车子右偏且从90度往正中间转且离墙最远转.csv,324,right_bias,far,transition,6.476,183.0,20.0,163.0,60.0,21.0,39.0,0,1
车子右偏且从90度往正中间转且离墙最远转.csv,325,right_bias,far,transition,6.496,42.0,20.0,22.0,60.0,21.0,39.0,0,1
车子右偏且从90度往正中间转且离墙最远转.csv,326,right_bias,far,transition,6.517,17.0,20.0,-3.0,60.0,20.0,40.0,0,1
车子右偏且从90度往正中间转且离墙最远转.csv,327,right_bias,far,transition,6.537,33.0,20.0,13.0,42.0,20.0,22.0,0,1
车子右偏且从90度往正中间转且离墙最远转.csv,328,right_bias,far,transition,6.557,19.0,20.0,-1.0,33.0,20.0,13.0,0,1
车子右偏且从90度往正中间转且离墙最远转.csv,329,right_bias,far,transition,6.577,17.0,20.0,-3.0,33.0,20.0,13.0,0,1
车子右偏且从90度往正中间转且离墙最远转.csv,330,right_bias,far,transition,6.597,102.0,20.0,82.0,42.0,20.0,22.0,0,1
车子右偏且从90度往正中间转且离墙最远转.csv,331,right_bias,far,transition,6.617,158.0,20.0,138.0,42.0,20.0,22.0,0,1
车子右偏且从90度往正中间转且离墙最远转.csv,332,right_bias,far,transition,6.637,42.0,20.0,22.0,42.0,20.0,22.0,0,1
车子右偏且从90度往正中间转且离墙最远转.csv,333,right_bias,far,transition,6.657,134.0,20.0,114.0,42.0,20.0,22.0,0,1
车子右偏且从90度往正中间转且离墙最远转.csv,334,right_bias,far,transition,6.677,53.0,20.0,33.0,42.0,20.0,22.0,0,1
车子右偏且从90度往正中间转且离墙最远转.csv,335,right_bias,far,transition,6.697,16.0,20.0,-4.0,42.0,20.0,22.0,0,1
车子右偏且从90度往正中间转且离墙最远转.csv,336,right_bias,far,transition,6.718,93.0,20.0,73.0,53.0,20.0,33.0,0,1
车子右偏且从90度往正中间转且离墙最远转.csv,337,right_bias,far,transition,6.738,17.0,22.0,-5.0,53.0,20.0,33.0,0,1
车子右偏且从90度往正中间转且离墙最远转.csv,338,right_bias,far,transition,6.758,117.0,20.0,97.0,93.0,20.0,73.0,0,1
车子右偏且从90度往正中间转且离墙最远转.csv,339,right_bias,far,transition,6.778,68.0,24.0,44.0,68.0,20.0,48.0,0,1
车子右偏且从90度往正中间转且离墙最远转.csv,340,right_bias,far,transition,6.798,41.0,20.0,21.0,53.0,20.0,33.0,0,1
车子右偏且从90度往正中间转且离墙最远转.csv,341,right_bias,far,transition,6.818,70.0,20.0,50.0,68.0,20.0,48.0,0,1
车子右偏且从90度往正中间转且离墙最远转.csv,342,right_bias,far,transition,6.838,67.0,17.0,50.0,67.0,20.0,47.0,0,1
车子右偏且从90度往正中间转且离墙最远转.csv,343,right_bias,far,transition,6.858,32.0,20.0,12.0,67.0,20.0,47.0,0,1
车子右偏且从90度往正中间转且离墙最远转.csv,344,right_bias,far,transition,6.878,33.0,20.0,13.0,67.0,20.0,47.0,0,1
车子右偏且从90度往正中间转且离墙最远转.csv,345,right_bias,far,transition,6.899,52.0,21.0,31.0,52.0,20.0,32.0,0,1
车子右偏且从90度往正中间转且离墙最远转.csv,346,right_bias,far,transition,6.919,18.0,20.0,-2.0,52.0,20.0,32.0,0,1
车子右偏且从90度往正中间转且离墙最远转.csv,347,right_bias,far,transition,6.939,17.0,19.0,-2.0,41.0,20.0,21.0,0,1
车子右偏且从90度往正中间转且离墙最远转.csv,348,right_bias,far,transition,6.959,68.0,20.0,48.0,41.0,20.0,21.0,0,1
车子右偏且从90度往正中间转且离墙最远转.csv,349,right_bias,far,transition,6.979,291.0,20.0,271.0,52.0,20.0,32.0,0,1
车子右偏且从90度往正中间转且离墙最远转.csv,350,right_bias,far,transition,6.999,51.0,19.0,32.0,51.0,20.0,31.0,0,1
车子右偏且从90度往正中间转且离墙最远转.csv,351,right_bias,far,transition,7.019,149.0,20.0,129.0,51.0,20.0,31.0,0,1
车子右偏且从90度往正中间转且离墙最远转.csv,352,right_bias,far,transition,7.039,52.0,19.0,33.0,52.0,20.0,32.0,0,1
车子右偏且从90度往正中间转且离墙最远转.csv,353,right_bias,far,transition,7.059,18.0,20.0,-2.0,52.0,20.0,32.0,0,1
车子右偏且从90度往正中间转且离墙最远转.csv,354,right_bias,far,transition,7.079,101.0,20.0,81.0,52.0,20.0,32.0,0,1
车子右偏且从90度往正中间转且离墙最远转.csv,355,right_bias,far,transition,7.1,17.0,20.0,-3.0,52.0,20.0,32.0,0,1
车子右偏且从90度往正中间转且离墙最远转.csv,356,right_bias,far,transition,7.12,17.0,20.0,-3.0,52.0,20.0,32.0,0,1
车子右偏且从90度往正中间转且离墙最远转.csv,357,right_bias,far,transition,7.14,68.0,20.0,48.0,52.0,20.0,32.0,0,1
车子右偏且从90度往正中间转且离墙最远转.csv,358,right_bias,far,transition,7.16,265.0,20.0,245.0,52.0,20.0,32.0,0,1
车子右偏且从90度往正中间转且离墙最远转.csv,359,right_bias,far,transition,7.18,84.0,30.0,54.0,68.0,20.0,48.0,0,1
车子右偏且从90度往正中间转且离墙最远转.csv,360,right_bias,far,transition,7.2,52.0,20.0,32.0,52.0,20.0,32.0,0,1
车子右偏且从90度往正中间转且离墙最远转.csv,361,right_bias,far,transition,7.22,33.0,20.0,13.0,52.0,20.0,32.0,0,1
车子右偏且从90度往正中间转且离墙最远转.csv,362,right_bias,far,transition,7.24,25.0,20.0,5.0,52.0,20.0,32.0,0,1
车子右偏且从90度往正中间转且离墙最远转.csv,363,right_bias,far,transition,7.26,52.0,20.0,32.0,52.0,20.0,32.0,0,1
车子右偏且从90度往正中间转且离墙最远转.csv,364,right_bias,far,transition,7.281,100.0,20.0,80.0,52.0,20.0,32.0,0,1
车子右偏且从90度往正中间转且离墙最远转.csv,365,right_bias,far,transition,7.301,117.0,20.0,97.0,68.0,20.0,48.0,0,1
车子右偏且从90度往正中间转且离墙最远转.csv,366,right_bias,far,transition,7.321,41.0,20.0,21.0,52.0,20.0,32.0,0,1
车子右偏且从90度往正中间转且离墙最远转.csv,367,right_bias,far,transition,7.341,69.0,21.0,48.0,52.0,20.0,32.0,0,1
车子右偏且从90度往正中间转且离墙最远转.csv,368,right_bias,far,transition,7.361,18.0,20.0,-2.0,52.0,20.0,32.0,0,1
车子右偏且从90度往正中间转且离墙最远转.csv,369,right_bias,far,transition,7.381,52.0,21.0,31.0,52.0,20.0,32.0,0,1
车子右偏且从90度往正中间转且离墙最远转.csv,370,right_bias,far,transition,7.401,42.0,21.0,21.0,52.0,20.0,32.0,0,1
车子右偏且从90度往正中间转且离墙最远转.csv,371,right_bias,far,transition,7.421,116.0,20.0,96.0,52.0,20.0,32.0,0,1
车子右偏且从90度往正中间转且离墙最远转.csv,372,right_bias,far,transition,7.441,50.0,21.0,29.0,52.0,20.0,32.0,0,1
车子右偏且从90度往正中间转且离墙最远转.csv,373,right_bias,far,transition,7.461,17.0,21.0,-4.0,50.0,21.0,29.0,0,1
车子右偏且从90度往正中间转且离墙最远转.csv,374,right_bias,far,transition,7.482,17.0,20.0,-3.0,42.0,21.0,21.0,0,1
车子右偏且从90度往正中间转且离墙最远转.csv,375,right_bias,far,transition,7.502,68.0,19.0,49.0,50.0,21.0,29.0,0,1
车子右偏且从90度往正中间转且离墙最远转.csv,376,right_bias,far,transition,7.522,84.0,23.0,61.0,50.0,21.0,29.0,0,1
车子右偏且从90度往正中间转且离墙最远转.csv,377,right_bias,far,transition,7.542,100.0,33.0,67.0,52.0,21.0,31.0,0,1
车子右偏且从90度往正中间转且离墙最远转.csv,378,right_bias,far,transition,7.562,42.0,20.0,22.0,50.0,21.0,29.0,0,1
车子右偏且从90度往正中间转且离墙最远转.csv,379,right_bias,far,transition,7.582,26.0,21.0,5.0,50.0,21.0,29.0,0,1
车子右偏且从90度往正中间转且离墙最远转.csv,380,right_bias,far,transition,7.602,18.0,20.0,-2.0,42.0,21.0,21.0,0,1
车子右偏且从90度往正中间转且离墙最远转.csv,381,right_bias,far,transition,7.622,51.0,20.0,31.0,42.0,20.0,22.0,0,1
车子右偏且从90度往正中间转且离墙最远转.csv,382,right_bias,far,transition,7.642,17.0,20.0,-3.0,42.0,20.0,22.0,0,1
车子右偏且从90度往正中间转且离墙最远转.csv,383,right_bias,far,transition,7.663,134.0,20.0,114.0,51.0,20.0,31.0,0,1
车子右偏且从90度往正中间转且离墙最远转.csv,384,right_bias,far,transition,7.683,40.0,20.0,20.0,42.0,20.0,22.0,0,1
车子右偏且从90度往正中间转且离墙最远转.csv,385,right_bias,far,transition,7.703,99.0,20.0,79.0,42.0,20.0,22.0,0,1
车子右偏且从90度往正中间转且离墙最远转.csv,386,right_bias,far,transition,7.723,83.0,21.0,62.0,42.0,20.0,22.0,0,1
车子右偏且从90度往正中间转且离墙最远转.csv,387,right_bias,far,transition,7.743,51.0,21.0,30.0,51.0,20.0,31.0,0,1
车子右偏且从90度往正中间转且离墙最远转.csv,388,right_bias,far,transition,7.763,100.0,21.0,79.0,51.0,20.0,31.0,0,1
车子右偏且从90度往正中间转且离墙最远转.csv,389,right_bias,far,transition,7.783,41.0,20.0,21.0,51.0,20.0,31.0,0,1
车子右偏且从90度往正中间转且离墙最远转.csv,390,right_bias,far,transition,7.803,40.0,20.0,20.0,51.0,20.0,31.0,0,1
车子右偏且从90度往正中间转且离墙最远转.csv,391,right_bias,far,transition,7.824,52.0,19.0,33.0,52.0,20.0,32.0,0,1
车子右偏且从90度往正中间转且离墙最远转.csv,392,right_bias,far,transition,7.844,17.0,19.0,-2.0,51.0,20.0,31.0,0,1
车子右偏且从90度往正中间转且离墙最远转.csv,393,right_bias,far,transition,7.864,50.0,20.0,30.0,51.0,20.0,31.0,0,1
车子右偏且从90度往正中间转且离墙最远转.csv,394,right_bias,far,transition,7.884,166.0,20.0,146.0,51.0,20.0,31.0,0,1
车子右偏且从90度往正中间转且离墙最远转.csv,395,right_bias,far,transition,7.904,40.0,20.0,20.0,50.0,20.0,30.0,0,1
车子右偏且从90度往正中间转且离墙最远转.csv,396,right_bias,far,transition,7.924,41.0,20.0,21.0,41.0,20.0,21.0,0,1
车子右偏且从90度往正中间转且离墙最远转.csv,397,right_bias,far,transition,7.944,84.0,33.0,51.0,41.0,20.0,21.0,0,1
车子右偏且从90度往正中间转且离墙最远转.csv,398,right_bias,far,transition,7.964,33.0,28.0,5.0,41.0,20.0,21.0,0,1
车子右偏且从90度往正中间转且离墙最远转.csv,399,right_bias,far,transition,7.984,52.0,20.0,32.0,50.0,20.0,30.0,0,1
车子右偏且从90度往正中间转且离墙最远转.csv,400,right_bias,far,transition,8.004,53.0,20.0,33.0,50.0,20.0,30.0,0,1
车子右偏且从90度往正中间转且离墙最远转.csv,401,right_bias,far,transition,8.025,17.0,21.0,-4.0,50.0,20.0,30.0,0,1
车子右偏且从90度往正中间转且离墙最远转.csv,402,right_bias,far,transition,8.045,33.0,20.0,13.0,41.0,20.0,21.0,0,1
车子右偏且从90度往正中间转且离墙最远转.csv,403,right_bias,far,transition,8.065,183.0,20.0,163.0,41.0,20.0,21.0,0,1
车子右偏且从90度往正中间转且离墙最远转.csv,404,right_bias,far,transition,8.085,41.0,19.0,22.0,41.0,20.0,21.0,0,1
车子右偏且从90度往正中间转且离墙最远转.csv,405,right_bias,far,transition,8.105,68.0,20.0,48.0,52.0,20.0,32.0,0,1
车子右偏且从90度往正中间转且离墙最远转.csv,406,right_bias,far,transition,8.125,68.0,21.0,47.0,52.0,20.0,32.0,0,1
车子右偏且从90度往正中间转且离墙最远转.csv,407,right_bias,far,transition,8.145,16.0,20.0,-4.0,52.0,20.0,32.0,0,1
车子右偏且从90度往正中间转且离墙最远转.csv,408,right_bias,far,transition,8.165,32.0,20.0,12.0,41.0,20.0,21.0,0,1
车子右偏且从90度往正中间转且离墙最远转.csv,409,right_bias,far,transition,8.185,52.0,20.0,32.0,41.0,20.0,21.0,0,1
车子右偏且从90度往正中间转且离墙最远转.csv,410,right_bias,far,transition,8.206,200.0,20.0,180.0,52.0,20.0,32.0,0,1
车子右偏且从90度往正中间转且离墙最远转.csv,411,right_bias,far,transition,8.226,67.0,21.0,46.0,67.0,20.0,47.0,0,1
车子右偏且从90度往正中间转且离墙最远转.csv,412,right_bias,far,transition,8.246,83.0,20.0,63.0,67.0,20.0,47.0,0,1
车子右偏且从90度往正中间转且离墙最远转.csv,413,right_bias,far,transition,8.266,52.0,20.0,32.0,67.0,20.0,47.0,0,1
车子右偏且从90度往正中间转且离墙最远转.csv,414,right_bias,far,transition,8.286,18.0,20.0,-2.0,52.0,20.0,32.0,0,1
车子右偏且从90度往正中间转且离墙最远转.csv,415,right_bias,far,transition,8.306,69.0,29.0,40.0,52.0,20.0,32.0,0,1
车子右偏且从90度往正中间转且离墙最远转.csv,416,right_bias,far,transition,8.326,51.0,20.0,31.0,52.0,20.0,32.0,0,1
车子右偏且从90度往正中间转且离墙最远转.csv,417,right_bias,far,transition,8.346,68.0,20.0,48.0,67.0,20.0,47.0,0,1
车子右偏且从90度往正中间转且离墙最远转.csv,418,right_bias,far,transition,8.367,52.0,20.0,32.0,67.0,20.0,47.0,0,1
车子右偏且从90度往正中间转且离墙最远转.csv,419,right_bias,far,transition,8.387,17.0,21.0,-4.0,52.0,20.0,32.0,0,1
车子右偏且从90度往正中间转且离墙最远转.csv,420,right_bias,far,transition,8.407,17.0,20.0,-3.0,52.0,20.0,32.0,0,1
车子右偏且从90度往正中间转且离墙最远转.csv,421,right_bias,far,transition,8.427,116.0,21.0,95.0,52.0,20.0,32.0,0,1
车子右偏且从90度往正中间转且离墙最远转.csv,422,right_bias,far,transition,8.447,297.0,20.0,277.0,52.0,20.0,32.0,0,1
车子右偏且从90度往正中间转且离墙最远转.csv,423,right_bias,far,transition,8.467,117.0,21.0,96.0,68.0,20.0,48.0,0,1
车子右偏且从90度往正中间转且离墙最远转.csv,424,right_bias,far,transition,8.487,116.0,19.0,97.0,68.0,20.0,48.0,0,1
车子右偏且从90度往正中间转且离墙最远转.csv,425,right_bias,far,transition,8.507,25.0,20.0,5.0,68.0,20.0,48.0,0,1
车子右偏且从90度往正中间转且离墙最远转.csv,426,right_bias,far,transition,8.527,32.0,20.0,12.0,52.0,20.0,32.0,0,1
车子右偏且从90度往正中间转且离墙最远转.csv,427,right_bias,far,transition,8.548,68.0,20.0,48.0,68.0,20.0,48.0,0,1
车子右偏且从90度往正中间转且离墙最远转.csv,428,right_bias,far,transition,8.568,18.0,20.0,-2.0,68.0,20.0,48.0,0,1
车子右偏且从90度往正中间转且离墙最远转.csv,429,right_bias,far,transition,8.588,100.0,18.0,82.0,100.0,20.0,80.0,0,1
车子右偏且从90度往正中间转且离墙最远转.csv,430,right_bias,far,transition,8.608,233.0,19.0,214.0,100.0,20.0,80.0,0,1
车子右偏且从90度往正中间转且离墙最远转.csv,431,right_bias,far,transition,8.628,34.0,20.0,14.0,68.0,20.0,48.0,0,1
车子右偏且从90度往正中间转且离墙最远转.csv,432,right_bias,far,transition,8.648,68.0,20.0,48.0,68.0,20.0,48.0,0,1
车子右偏且从90度往正中间转且离墙最远转.csv,433,right_bias,far,transition,8.668,60.0,19.0,41.0,60.0,20.0,40.0,0,1
车子右偏且从90度往正中间转且离墙最远转.csv,434,right_bias,far,transition,8.688,17.0,21.0,-4.0,60.0,20.0,40.0,0,1
车子右偏且从90度往正中间转且离墙最远转.csv,435,right_bias,far,transition,8.708,101.0,21.0,80.0,68.0,20.0,48.0,0,1
车子右偏且从90度往正中间转且离墙最远转.csv,436,right_bias,far,transition,8.729,33.0,30.0,3.0,60.0,20.0,40.0,0,1
车子右偏且从90度往正中间转且离墙最远转.csv,437,right_bias,far,transition,8.749,18.0,32.0,-14.0,60.0,20.0,40.0,0,1
车子右偏且从90度往正中间转且离墙最远转.csv,438,right_bias,far,transition,8.769,58.0,20.0,38.0,58.0,20.0,38.0,0,1
车子右偏且从90度往正中间转且离墙最远转.csv,439,right_bias,far,transition,8.789,17.0,21.0,-4.0,34.0,21.0,13.0,0,1
车子右偏且从90度往正中间转且离墙最远转.csv,440,right_bias,far,transition,8.809,201.0,21.0,180.0,58.0,21.0,37.0,0,1
车子右偏且从90度往正中间转且离墙最远转.csv,441,right_bias,far,transition,8.829,33.0,21.0,12.0,33.0,21.0,12.0,0,1
车子右偏且从90度往正中间转且离墙最远转.csv,442,right_bias,far,transition,8.849,68.0,19.0,49.0,33.0,21.0,12.0,0,1
车子右偏且从90度往正中间转且离墙最远转.csv,443,right_bias,far,transition,8.869,42.0,21.0,21.0,42.0,21.0,21.0,0,1
车子右偏且从90度往正中间转且离墙最远转.csv,444,right_bias,far,transition,8.889,16.0,20.0,-4.0,33.0,21.0,12.0,0,1
车子右偏且从90度往正中间转且离墙最远转.csv,445,right_bias,far,transition,8.91,52.0,20.0,32.0,42.0,21.0,21.0,0,1
车子右偏且从90度往正中间转且离墙最远转.csv,446,right_bias,far,transition,8.93,17.0,20.0,-3.0,42.0,20.0,22.0,0,1
车子右偏且从90度往正中间转且离墙最远转.csv,447,right_bias,far,transition,8.95,68.0,20.0,48.0,42.0,20.0,22.0,0,1
车子右偏且从90度往正中间转且离墙最远转.csv,448,right_bias,far,transition,8.97,76.0,20.0,56.0,52.0,20.0,32.0,0,1
车子右偏且从90度往正中间转且离墙最远转.csv,449,right_bias,far,transition,8.99,234.0,20.0,214.0,52.0,20.0,32.0,0,1
车子右偏且从90度往正中间转且离墙最远转.csv,450,right_bias,far,transition,9.01,86.0,20.0,66.0,68.0,20.0,48.0,0,1
车子右偏且从90度往正中间转且离墙最远转.csv,451,right_bias,far,transition,9.03,87.0,21.0,66.0,68.0,20.0,48.0,0,1
车子右偏且从90度往正中间转且离墙最远转.csv,452,right_bias,far,transition,9.05,16.0,20.0,-4.0,68.0,20.0,48.0,0,1
车子右偏且从90度往正中间转且离墙最远转.csv,453,right_bias,far,transition,9.07,17.0,28.0,-11.0,68.0,20.0,48.0,0,1
车子右偏且从90度往正中间转且离墙最远转.csv,454,right_bias,far,transition,9.09,25.0,21.0,4.0,68.0,20.0,48.0,0,1
车子右偏且从90度往正中间转且离墙最远转.csv,455,right_bias,far,transition,9.111,118.0,22.0,96.0,76.0,20.0,56.0,0,1
车子右偏且从90度往正中间转且离墙最远转.csv,456,right_bias,far,transition,9.131,77.0,20.0,57.0,77.0,20.0,57.0,0,1
车子右偏且从90度往正中间转且离墙最远转.csv,457,right_bias,far,transition,9.151,152.0,33.0,119.0,86.0,21.0,65.0,0,1
车子右偏且从90度往正中间转且离墙最远转.csv,458,right_bias,far,transition,9.171,68.0,20.0,48.0,77.0,21.0,56.0,0,1
车子右偏且从90度往正中间转且离墙最远转.csv,459,right_bias,far,transition,9.191,20.0,21.0,-1.0,68.0,21.0,47.0,0,1
车子右偏且从90度往正中间转且离墙最远转.csv,460,right_bias,far,transition,9.211,41.0,20.0,21.0,41.0,21.0,20.0,0,1
车子右偏且从90度往正中间转且离墙最远转.csv,461,right_bias,far,transition,9.231,41.0,20.0,21.0,41.0,21.0,20.0,0,1
车子右偏且从90度往正中间转且离墙最远转.csv,462,right_bias,far,transition,9.251,101.0,21.0,80.0,68.0,21.0,47.0,0,1
车子右偏且从90度往正中间转且离墙最远转.csv,463,right_bias,far,transition,9.271,68.0,20.0,48.0,68.0,20.0,48.0,0,1
车子右偏且从90度往正中间转且离墙最远转.csv,464,right_bias,far,transition,9.291,17.0,20.0,-3.0,68.0,20.0,48.0,0,1
车子右偏且从90度往正中间转且离墙最远转.csv,465,right_bias,far,transition,9.311,99.0,20.0,79.0,68.0,20.0,48.0,0,1
车子右偏且从90度往正中间转且离墙最远转.csv,466,right_bias,far,transition,9.332,280.0,20.0,260.0,68.0,20.0,48.0,0,1
车子右偏且从90度往正中间转且离墙最远转.csv,467,right_bias,far,transition,9.352,117.0,20.0,97.0,68.0,20.0,48.0,0,1
车子右偏且从90度往正中间转且离墙最远转.csv,468,right_bias,far,transition,9.372,68.0,20.0,48.0,68.0,20.0,48.0,0,1
车子右偏且从90度往正中间转且离墙最远转.csv,469,right_bias,far,transition,9.392,83.0,20.0,63.0,83.0,20.0,63.0,0,1
车子右偏且从90度往正中间转且离墙最远转.csv,470,right_bias,far,transition,9.412,17.0,21.0,-4.0,83.0,20.0,63.0,0,1
车子右偏且从90度往正中间转且离墙最远转.csv,471,right_bias,far,transition,9.432,17.0,21.0,-4.0,68.0,20.0,48.0,0,1
车子右偏且从90度往正中间转且离墙最远转.csv,472,right_bias,far,transition,9.452,34.0,20.0,14.0,68.0,20.0,48.0,0,1
车子右偏且从90度往正中间转且离墙最远转.csv,473,right_bias,far,transition,9.472,25.0,20.0,5.0,68.0,20.0,48.0,0,1
车子右偏且从90度往正中间转且离墙最远转.csv,474,right_bias,far,transition,9.492,52.0,20.0,32.0,52.0,20.0,32.0,0,1
车子右偏且从90度往正中间转且离墙最远转.csv,475,right_bias,far,transition,9.512,232.0,20.0,212.0,52.0,20.0,32.0,0,1
车子右偏且从90度往正中间转且离墙最远转.csv,476,right_bias,far,transition,9.532,297.0,20.0,277.0,52.0,20.0,32.0,0,1
车子右偏且从90度往正中间转且离墙最远转.csv,477,right_bias,far,transition,9.552,51.0,20.0,31.0,51.0,20.0,31.0,0,1
车子右偏且从90度往正中间转且离墙最远转.csv,478,right_bias,far,transition,9.573,42.0,20.0,22.0,42.0,20.0,22.0,0,1
车子右偏且从90度往正中间转且离墙最远转.csv,479,right_bias,far,transition,9.593,17.0,20.0,-3.0,42.0,20.0,22.0,0,1
车子右偏且从90度往正中间转且离墙最远转.csv,480,right_bias,far,transition,9.613,16.0,21.0,-5.0,42.0,20.0,22.0,0,1
车子右偏且从90度往正中间转且离墙最远转.csv,481,right_bias,far,transition,9.633,83.0,19.0,64.0,51.0,20.0,31.0,0,1
车子右偏且从90度往正中间转且离墙最远转.csv,482,right_bias,far,transition,9.653,265.0,19.0,246.0,52.0,20.0,32.0,0,1
车子右偏且从90度往正中间转且离墙最远转.csv,483,right_bias,far,transition,9.673,32.0,21.0,11.0,51.0,20.0,31.0,0,1
车子右偏且从90度往正中间转且离墙最远转.csv,484,right_bias,far,transition,9.693,26.0,31.0,-5.0,42.0,20.0,22.0,0,1
车子右偏且从90度往正中间转且离墙最远转.csv,485,right_bias,far,transition,9.713,84.0,33.0,51.0,42.0,20.0,22.0,0,1
车子右偏且从90度往正中间转且离墙最远转.csv,486,right_bias,far,transition,9.733,89.0,25.0,64.0,42.0,21.0,21.0,0,1
车子右偏且从90度往正中间转且离墙最远转.csv,487,right_bias,far,transition,9.754,51.0,20.0,31.0,51.0,21.0,30.0,0,1
车子右偏且从90度往正中间转且离墙最远转.csv,488,right_bias,far,transition,9.774,100.0,19.0,81.0,83.0,21.0,62.0,0,1
车子右偏且从90度往正中间转且离墙最远转.csv,489,right_bias,far,transition,9.794,17.0,20.0,-3.0,83.0,20.0,63.0,0,1
车子右偏且从90度往正中间转且离墙最远转.csv,490,right_bias,far,transition,9.814,20.0,20.0,0.0,51.0,20.0,31.0,0,1
车子右偏且从90度往正中间转且离墙最远转.csv,491,right_bias,far,transition,9.834,17.0,19.0,-2.0,32.0,20.0,12.0,0,1
车子右偏且从90度往正中间转且离墙最远转.csv,492,right_bias,far,transition,9.854,67.0,20.0,47.0,51.0,20.0,31.0,0,1
车子右偏且从90度往正中间转且离墙最远转.csv,493,right_bias,far,transition,9.874,84.0,20.0,64.0,67.0,20.0,47.0,0,1
车子右偏且从90度往正中间转且离墙最远转.csv,494,right_bias,far,transition,9.894,330.0,20.0,310.0,67.0,20.0,47.0,0,1
车子右偏且从90度往正中间转且离墙最远转.csv,495,right_bias,far,transition,9.914,51.0,20.0,31.0,51.0,20.0,31.0,0,1
车子右偏且从90度往正中间转且离墙最远转.csv,496,right_bias,far,transition,9.934,82.0,20.0,62.0,67.0,20.0,47.0,0,1
车子右偏且从90度往正中间转且离墙最远转.csv,497,right_bias,far,transition,9.955,17.0,21.0,-4.0,51.0,20.0,31.0,0,1
车子右偏且从90度往正中间转且离墙最远转.csv,498,right_bias,far,transition,9.975,17.0,20.0,-3.0,51.0,20.0,31.0,0,1
车子右偏且从90度往正中间转且离墙最远转.csv,499,right_bias,far,transition,9.995,69.0,21.0,48.0,67.0,20.0,47.0,0,1
车子右偏且从90度往正中间转且离墙最远转.csv,500,right_bias,far,transition,10.015,17.0,20.0,-3.0,67.0,20.0,47.0,0,1
车子右偏且从90度往正中间转且离墙最远转.csv,501,right_bias,far,transition,10.035,22.0,21.0,1.0,51.0,20.0,31.0,0,1
车子右偏且从90度往正中间转且离墙最远转.csv,502,right_bias,far,transition,10.055,52.0,19.0,33.0,51.0,20.0,31.0,0,1
车子右偏且从90度往正中间转且离墙最远转.csv,503,right_bias,far,transition,10.075,133.0,20.0,113.0,51.0,20.0,31.0,0,1
车子右偏且从90度往正中间转且离墙最远转.csv,504,right_bias,far,transition,10.095,100.0,20.0,80.0,52.0,20.0,32.0,0,1
车子右偏且从90度往正中间转且离墙最远转.csv,505,right_bias,far,transition,10.116,51.0,20.0,31.0,51.0,20.0,31.0,0,1
车子右偏且从90度往正中间转且离墙最远转.csv,506,right_bias,far,transition,10.136,18.0,32.0,-14.0,51.0,20.0,31.0,0,1
车子右偏且从90度往正中间转且离墙最远转.csv,507,right_bias,far,transition,10.156,41.0,22.0,19.0,51.0,20.0,31.0,0,1
车子右偏且从90度往正中间转且离墙最远转.csv,508,right_bias,far,transition,10.176,17.0,20.0,-3.0,41.0,20.0,21.0,0,1
车子右偏且从90度往正中间转且离墙最远转.csv,509,right_bias,far,transition,10.196,51.0,20.0,31.0,51.0,20.0,31.0,0,1
车子右偏且从90度往正中间转且离墙最远转.csv,510,right_bias,far,transition,10.216,68.0,20.0,48.0,51.0,20.0,31.0,0,1
车子右偏且从90度往正中间转且离墙最远转.csv,511,right_bias,far,transition,10.236,118.0,19.0,99.0,51.0,20.0,31.0,0,1
车子右偏且从90度往正中间转且离墙最远转.csv,512,right_bias,far,transition,10.256,215.0,20.0,195.0,51.0,20.0,31.0,0,1
车子右偏且从90度往正中间转且离墙最远转.csv,513,right_bias,far,transition,10.276,40.0,20.0,20.0,51.0,20.0,31.0,0,1
车子右偏且从90度往正中间转且离墙最远转.csv,514,right_bias,far,transition,10.296,25.0,20.0,5.0,41.0,20.0,21.0,0,1
车子右偏且从90度往正中间转且离墙最远转.csv,515,right_bias,far,transition,10.317,68.0,20.0,48.0,51.0,20.0,31.0,0,1
车子右偏且从90度往正中间转且离墙最远转.csv,516,right_bias,far,transition,10.337,17.0,20.0,-3.0,51.0,20.0,31.0,0,1
车子右偏且从90度往正中间转且离墙最远转.csv,517,right_bias,far,transition,10.357,100.0,19.0,81.0,68.0,20.0,48.0,0,1
车子右偏且从90度往正中间转且离墙最远转.csv,518,right_bias,far,transition,10.377,17.0,20.0,-3.0,68.0,20.0,48.0,0,1
车子右偏且从90度往正中间转且离墙最远转.csv,519,right_bias,far,transition,10.397,32.0,20.0,12.0,40.0,20.0,20.0,0,1
车子右偏且从90度往正中间转且离墙最远转.csv,520,right_bias,far,transition,10.417,101.0,20.0,81.0,40.0,20.0,20.0,0,1
车子右偏且从90度往正中间转且离墙最远转.csv,521,right_bias,far,transition,10.437,379.0,20.0,359.0,40.0,20.0,20.0,0,1
车子右偏且从90度往正中间转且离墙最远转.csv,522,right_bias,far,transition,10.457,81.0,23.0,58.0,68.0,20.0,48.0,0,1
车子右偏且从90度往正中间转且离墙最远转.csv,523,right_bias,far,transition,10.477,116.0,32.0,84.0,81.0,20.0,61.0,0,1
车子右偏且从90度往正中间转且离墙最远转.csv,524,right_bias,far,transition,10.498,19.0,19.0,0.0,81.0,20.0,61.0,0,1
车子右偏且从90度往正中间转且离墙最远转.csv,525,right_bias,far,transition,10.518,17.0,19.0,-2.0,81.0,20.0,61.0,0,1
车子右偏且从90度往正中间转且离墙最远转.csv,526,right_bias,far,transition,10.538,84.0,20.0,64.0,81.0,20.0,61.0,0,1
车子右偏且从90度往正中间转且离墙最远转.csv,527,right_bias,far,transition,10.558,182.0,20.0,162.0,84.0,20.0,64.0,0,1
车子右偏且从90度往正中间转且离墙最远转.csv,528,right_bias,far,transition,10.578,51.0,20.0,31.0,84.0,20.0,64.0,0,1
车子右偏且从90度往正中间转且离墙最远转.csv,529,right_bias,far,transition,10.598,25.0,20.0,5.0,81.0,20.0,61.0,0,1
车子右偏且从90度往正中间转且离墙最远转.csv,530,right_bias,far,transition,10.618,41.0,18.0,23.0,51.0,20.0,31.0,0,1
车子右偏且从90度往正中间转且离墙最远转.csv,531,right_bias,far,transition,10.638,17.0,19.0,-2.0,41.0,20.0,21.0,0,1
车子右偏且从90度往正中间转且离墙最远转.csv,532,right_bias,far,transition,10.658,51.0,19.0,32.0,41.0,19.0,22.0,0,1
车子右偏且从90度往正中间转且离墙最远转.csv,533,right_bias,far,transition,10.679,84.0,19.0,65.0,51.0,19.0,32.0,0,1
车子右偏且从90度往正中间转且离墙最远转.csv,534,right_bias,far,transition,10.699,118.0,20.0,98.0,51.0,20.0,31.0,0,1
车子右偏且从90度往正中间转且离墙最远转.csv,535,right_bias,far,transition,10.719,22.0,20.0,2.0,51.0,20.0,31.0,0,1
车子右偏且从90度往正中间转且离墙最远转.csv,536,right_bias,far,transition,10.739,16.0,20.0,-4.0,41.0,20.0,21.0,0,1
车子右偏且从90度往正中间转且离墙最远转.csv,537,right_bias,far,transition,10.759,17.0,20.0,-3.0,25.0,20.0,5.0,0,1
车子右偏且从90度往正中间转且离墙最远转.csv,538,right_bias,far,transition,10.779,33.0,32.0,1.0,33.0,20.0,13.0,0,1
车子右偏且从90度往正中间转且离墙最远转.csv,539,right_bias,far,transition,10.799,118.0,26.0,92.0,33.0,20.0,13.0,0,1
车子右偏且从90度往正中间转且离墙最远转.csv,540,right_bias,far,transition,10.819,132.0,33.0,99.0,51.0,20.0,31.0,0,1
车子右偏且从90度往正中间转且离墙最远转.csv,541,right_bias,far,transition,10.839,25.0,20.0,5.0,33.0,20.0,13.0,0,1
车子右偏且从90度往正中间转且离墙最远转.csv,542,right_bias,far,transition,10.859,18.0,20.0,-2.0,25.0,20.0,5.0,0,1
车子右偏且从90度往正中间转且离墙最远转.csv,543,right_bias,far,transition,10.88,17.0,20.0,-3.0,22.0,20.0,2.0,0,1
车子右偏且从90度往正中间转且离墙最远转.csv,544,right_bias,far,transition,10.9,41.0,20.0,21.0,25.0,20.0,5.0,0,1
车子右偏且从90度往正中间转且离墙最远转.csv,545,right_bias,far,transition,10.92,99.0,20.0,79.0,33.0,20.0,13.0,0,1
车子右偏且从90度往正中间转且离墙最远转.csv,546,right_bias,far,transition,10.94,199.0,21.0,178.0,41.0,20.0,21.0,0,1
车子右偏且从90度往正中间转且离墙最远转.csv,547,right_bias,far,transition,10.96,19.0,20.0,-1.0,41.0,20.0,21.0,0,1
车子右偏且从90度往正中间转且离墙最远转.csv,548,right_bias,far,transition,10.98,17.0,20.0,-3.0,25.0,20.0,5.0,0,1
车子右偏且从90度往正中间转且离墙最远转.csv,549,right_bias,far,transition,11.0,16.0,20.0,-4.0,19.0,20.0,-1.0,0,1
车子右偏且从90度往正中间转且离墙最远转.csv,550,right_bias,far,transition,11.02,67.0,20.0,47.0,19.0,20.0,-1.0,0,1
车子右偏且从90度往正中间转且离墙最远转.csv,551,right_bias,far,transition,11.04,85.0,20.0,65.0,41.0,20.0,21.0,0,1
车子右偏且从90度往正中间转且离墙最远转.csv,552,right_bias,far,transition,11.06,150.0,20.0,130.0,67.0,20.0,47.0,0,1
车子右偏且从90度往正中间转且离墙最远转.csv,553,right_bias,far,transition,11.081,25.0,19.0,6.0,67.0,20.0,47.0,0,1
车子右偏且从90度往正中间转且离墙最远转.csv,554,right_bias,far,transition,11.101,19.0,20.0,-1.0,25.0,20.0,5.0,0,1
车子右偏且从90度往正中间转且离墙最远转.csv,555,right_bias,far,transition,11.121,100.0,24.0,76.0,25.0,20.0,5.0,0,1
车子右偏且从90度往正中间转且离墙最远转.csv,556,right_bias,far,transition,11.141,41.0,34.0,7.0,41.0,20.0,21.0,0,1
车子右偏且从90度往正中间转且离墙最远转.csv,557,right_bias,far,transition,11.161,67.0,20.0,47.0,67.0,20.0,47.0,0,1
车子右偏且从90度往正中间转且离墙最远转.csv,558,right_bias,far,transition,11.181,33.0,20.0,13.0,67.0,20.0,47.0,0,1
车子右偏且从90度往正中间转且离墙最远转.csv,559,right_bias,far,transition,11.201,19.0,19.0,0.0,41.0,20.0,21.0,0,1
车子右偏且从90度往正中间转且离墙最远转.csv,560,right_bias,far,transition,11.221,42.0,20.0,22.0,41.0,20.0,21.0,0,1
车子右偏且从90度往正中间转且离墙最远转.csv,561,right_bias,far,transition,11.241,16.0,19.0,-3.0,33.0,20.0,13.0,0,1
车子右偏且从90度往正中间转且离墙最远转.csv,562,right_bias,far,transition,11.262,40.0,20.0,20.0,40.0,20.0,20.0,0,1
车子右偏且从90度往正中间转且离墙最远转.csv,563,right_bias,far,transition,11.282,232.0,20.0,212.0,41.0,20.0,21.0,0,1
车子右偏且从90度往正中间转且离墙最远转.csv,564,right_bias,far,transition,11.302,16.0,20.0,-4.0,40.0,20.0,20.0,0,1
车子右偏且从90度往正中间转且离墙最远转.csv,565,right_bias,far,transition,11.322,16.0,21.0,-5.0,33.0,20.0,13.0,0,1
车子右偏且从90度往正中间转且离墙最远转.csv,566,right_bias,far,transition,11.342,32.0,17.0,15.0,32.0,20.0,12.0,0,1
车子右偏且从90度往正中间转且离墙最远转.csv,567,right_bias,far,transition,11.362,16.0,19.0,-3.0,19.0,20.0,-1.0,0,1
车子右偏且从90度往正中间转且离墙最远转.csv,568,right_bias,far,transition,11.382,52.0,20.0,32.0,32.0,20.0,12.0,0,1
车子右偏且从90度往正中间转且离墙最远转.csv,569,right_bias,far,transition,11.402,68.0,20.0,48.0,32.0,20.0,12.0,0,1
车子右偏且从90度往正中间转且离墙最远转.csv,570,right_bias,far,transition,11.422,249.0,19.0,230.0,40.0,20.0,20.0,0,1
车子右偏且从90度往正中间转且离墙最远转.csv,571,right_bias,far,transition,11.443,67.0,30.0,37.0,52.0,20.0,32.0,0,1
车子右偏且从90度往正中间转且离墙最远转.csv,572,right_bias,far,transition,11.463,17.0,28.0,-11.0,32.0,20.0,12.0,0,1
车子右偏且从90度往正中间转且离墙最远转.csv,573,right_bias,far,transition,11.483,52.0,32.0,20.0,52.0,20.0,32.0,0,1
车子右偏且从90度往正中间转且离墙最远转.csv,574,right_bias,far,transition,11.503,16.0,19.0,-3.0,52.0,20.0,32.0,0,1
车子右偏且从90度往正中间转且离墙最远转.csv,575,right_bias,far,transition,11.523,41.0,21.0,20.0,52.0,20.0,32.0,0,1
车子右偏且从90度往正中间转且离墙最远转.csv,576,right_bias,far,transition,11.543,67.0,19.0,48.0,52.0,20.0,32.0,0,1
车子右偏且从90度往正中间转且离墙最远转.csv,577,right_bias,far,transition,11.563,17.0,20.0,-3.0,52.0,20.0,32.0,0,1
车子右偏且从90度往正中间转且离墙最远转.csv,578,right_bias,far,transition,11.583,17.0,19.0,-2.0,41.0,20.0,21.0,0,1
车子右偏且从90度往正中间转且离墙最远转.csv,579,right_bias,far,transition,11.603,19.0,20.0,-1.0,19.0,20.0,-1.0,0,1
车子右偏且从90度往正中间转且离墙最远转.csv,580,right_bias,far,transition,11.624,18.0,19.0,-1.0,18.0,20.0,-2.0,0,1
车子右偏且从90度往正中间转且离墙最远转.csv,581,right_bias,far,transition,11.644,83.0,20.0,63.0,19.0,20.0,-1.0,0,1
车子右偏且从90度往正中间转且离墙最远转.csv,582,right_bias,far,transition,11.664,19.0,19.0,0.0,19.0,19.0,0.0,0,1
车子右偏且从90度往正中间转且离墙最远转.csv,583,right_bias,far,transition,11.684,17.0,20.0,-3.0,19.0,20.0,-1.0,0,1
车子右偏且从90度往正中间转且离墙最远转.csv,584,right_bias,far,transition,11.704,98.0,19.0,79.0,19.0,19.0,0.0,0,1
车子右偏且从90度往正中间转且离墙最远转.csv,585,right_bias,far,transition,11.724,17.0,19.0,-2.0,18.0,19.0,-1.0,0,1
车子右偏且从90度往正中间转且离墙最远转.csv,586,right_bias,far,transition,11.744,345.0,19.0,326.0,19.0,19.0,0.0,0,1
车子右偏且从90度往正中间转且离墙最远转.csv,587,right_bias,far,transition,11.764,51.0,19.0,32.0,19.0,19.0,0.0,0,1
车子右偏且从90度往正中间转且离墙最远转.csv,588,right_bias,far,transition,11.784,68.0,22.0,46.0,51.0,19.0,32.0,0,1
车子右偏且从90度往正中间转且离墙最远转.csv,589,right_bias,far,transition,11.805,16.0,31.0,-15.0,51.0,19.0,32.0,0,1
车子右偏且从90度往正中间转且离墙最远转.csv,590,right_bias,far,transition,11.825,111.0,20.0,91.0,51.0,19.0,32.0,0,1
车子右偏且从90度往正中间转且离墙最远转.csv,591,right_bias,far,transition,11.845,280.0,20.0,260.0,68.0,20.0,48.0,0,1
车子右偏且从90度往正中间转且离墙最远转.csv,592,right_bias,far,transition,11.865,165.0,19.0,146.0,98.0,19.0,79.0,0,1
车子右偏且从90度往正中间转且离墙最远转.csv,593,right_bias,far,transition,11.885,115.0,20.0,95.0,111.0,20.0,91.0,0,1
车子右偏且从90度往正中间转且离墙最远转.csv,594,right_bias,far,transition,11.905,295.0,19.0,276.0,115.0,20.0,95.0,0,1
车子右偏且从90度往正中间转且离墙最远转.csv,595,right_bias,far,transition,11.925,265.0,20.0,245.0,115.0,20.0,95.0,0,1
车子右偏且从90度往正中间转且离墙最远转.csv,596,right_bias,far,transition,11.945,16.0,20.0,-4.0,115.0,20.0,95.0,0,1
车子右偏且从90度往正中间转且离墙最远转.csv,597,right_bias,far,transition,11.965,215.0,20.0,195.0,165.0,20.0,145.0,0,1
车子右偏且从90度往正中间转且离墙最远转.csv,598,right_bias,far,transition,11.986,20.0,20.0,0.0,165.0,20.0,145.0,0,1
车子右偏且从90度往正中间转且离墙最远转.csv,599,right_bias,far,transition,12.006,182.0,19.0,163.0,182.0,20.0,162.0,0,1
车子右偏且从90度往正中间转且离墙最远转.csv,600,right_bias,far,transition,12.026,68.0,20.0,48.0,165.0,20.0,145.0,0,1
车子右偏且从90度往正中间转且离墙最远转.csv,601,right_bias,far,transition,12.046,198.0,20.0,178.0,182.0,20.0,162.0,0,1
车子右偏且从90度往正中间转且离墙最远转.csv,602,right_bias,far,transition,12.066,198.0,19.0,179.0,198.0,20.0,178.0,0,1
车子右偏且从90度往正中间转且离墙最远转.csv,603,right_bias,far,transition,12.086,197.0,20.0,177.0,197.0,20.0,177.0,0,1
车子右偏且从90度往正中间转且离墙最远转.csv,604,right_bias,far,transition,12.106,84.0,20.0,64.0,182.0,20.0,162.0,0,1
车子右偏且从90度往正中间转且离墙最远转.csv,605,right_bias,far,transition,12.126,52.0,20.0,32.0,182.0,20.0,162.0,0,1
车子右偏且从90度往正中间转且离墙最远转.csv,606,right_bias,far,transition,12.147,46.0,20.0,26.0,84.0,20.0,64.0,0,1
车子右偏且从90度往正中间转且离墙最远转.csv,607,right_bias,far,transition,12.167,231.0,20.0,211.0,182.0,20.0,162.0,0,1
车子右偏且从90度往正中间转且离墙最远转.csv,608,right_bias,far,transition,12.187,17.0,20.0,-3.0,84.0,20.0,64.0,0,1
车子右偏且从90度往正中间转且离墙最远转.csv,609,right_bias,far,transition,12.207,215.0,22.0,193.0,197.0,20.0,177.0,0,1
车子右偏且从90度往正中间转且离墙最远转.csv,610,right_bias,far,transition,12.227,377.0,20.0,357.0,197.0,20.0,177.0,0,1
车子右偏且从90度往正中间转且离墙最远转.csv,611,right_bias,far,transition,12.247,148.0,20.0,128.0,148.0,20.0,128.0,0,1
车子右偏且从90度往正中间转且离墙最远转.csv,612,right_bias,far,transition,12.267,116.0,19.0,97.0,116.0,20.0,96.0,0,1
车子右偏且从90度往正中间转且离墙最远转.csv,613,right_bias,far,transition,12.287,215.0,20.0,195.0,148.0,20.0,128.0,0,1
车子右偏且从90度往正中间转且离墙最远转.csv,614,right_bias,far,transition,12.307,16.0,21.0,-5.0,148.0,20.0,128.0,0,1
车子右偏且从90度往正中间转且离墙最远转.csv,615,right_bias,far,transition,12.328,197.0,21.0,176.0,197.0,20.0,177.0,0,1
车子右偏且从90度往正中间转且离墙最远转.csv,616,right_bias,far,transition,12.348,50.0,21.0,29.0,148.0,20.0,128.0,0,1
车子右偏且从90度往正中间转且离墙最远转.csv,617,right_bias,far,transition,12.368,280.0,20.0,260.0,197.0,20.0,177.0,0,1
车子右偏且从90度往正中间转且离墙最远转.csv,618,right_bias,far,transition,12.388,198.0,20.0,178.0,197.0,20.0,177.0,0,1
车子右偏且从90度往正中间转且离墙最远转.csv,619,right_bias,far,transition,12.408,181.0,20.0,161.0,181.0,20.0,161.0,0,1
车子右偏且从90度往正中间转且离墙最远转.csv,620,right_bias,far,transition,12.428,40.0,20.0,20.0,181.0,20.0,161.0,0,1
车子右偏且从90度往正中间转且离墙最远转.csv,621,right_bias,far,transition,12.448,17.0,20.0,-3.0,181.0,20.0,161.0,0,1
车子右偏且从90度往正中间转且离墙最远转.csv,622,right_bias,far,transition,12.468,83.0,21.0,62.0,83.0,20.0,63.0,0,1
车子右偏且从90度往正中间转且离墙最远转.csv,623,right_bias,far,transition,12.488,297.0,21.0,276.0,181.0,20.0,161.0,0,1
车子右偏且从90度往正中间转且离墙最远转.csv,624,right_bias,far,transition,12.509,214.0,20.0,194.0,181.0,20.0,161.0,0,1
车子右偏且从90度往正中间转且离墙最远转.csv,625,right_bias,far,transition,12.529,231.0,31.0,200.0,198.0,20.0,178.0,0,1
车子右偏且从90度往正中间转且离墙最远转.csv,626,right_bias,far,transition,12.549,215.0,21.0,194.0,198.0,20.0,178.0,0,1
车子右偏且从90度往正中间转且离墙最远转.csv,627,right_bias,far,transition,12.569,166.0,33.0,133.0,181.0,21.0,160.0,0,1
车子右偏且从90度往正中间转且离墙最远转.csv,628,right_bias,far,transition,12.589,82.0,20.0,62.0,166.0,21.0,145.0,0,1
车子右偏且从90度往正中间转且离墙最远转.csv,629,right_bias,far,transition,12.609,148.0,20.0,128.0,166.0,21.0,145.0,0,1
车子右偏且从90度往正中间转且离墙最远转.csv,630,right_bias,far,transition,12.63,231.0,20.0,211.0,214.0,21.0,193.0,0,1
车子右偏且从90度往正中间转且离墙最远转.csv,631,right_bias,far,transition,12.65,215.0,20.0,195.0,215.0,20.0,195.0,0,1
车子右偏且从90度往正中间转且离墙最远转.csv,632,right_bias,far,transition,12.67,16.0,20.0,-4.0,214.0,20.0,194.0,0,1
车子右偏且从90度往正中间转且离墙最远转.csv,633,right_bias,far,transition,12.69,214.0,20.0,194.0,214.0,20.0,194.0,0,1
车子右偏且从90度往正中间转且离墙最远转.csv,634,right_bias,far,transition,12.71,67.0,20.0,47.0,166.0,20.0,146.0,0,1
车子右偏且从90度往正中间转且离墙最远转.csv,635,right_bias,far,transition,12.73,215.0,20.0,195.0,166.0,20.0,146.0,0,1
车子右偏且从90度往正中间转且离墙最远转.csv,636,right_bias,far,transition,12.75,215.0,31.0,184.0,214.0,20.0,194.0,0,1
车子右偏且从90度往正中间转且离墙最远转.csv,637,right_bias,far,transition,12.77,214.0,20.0,194.0,214.0,20.0,194.0,0,1
车子右偏且从90度往正中间转且离墙最远转.csv,638,right_bias,far,transition,12.791,16.0,19.0,-3.0,214.0,20.0,194.0,0,1
车子右偏且从90度往正中间转且离墙最远转.csv,639,right_bias,far,transition,12.811,17.0,20.0,-3.0,214.0,20.0,194.0,0,1
车子右偏且从90度往正中间转且离墙最远转.csv,640,right_bias,far,transition,12.831,117.0,20.0,97.0,117.0,20.0,97.0,0,1
车子右偏且从90度往正中间转且离墙最远转.csv,641,right_bias,far,transition,12.851,198.0,20.0,178.0,198.0,20.0,178.0,0,1
车子右偏且从90度往正中间转且离墙最远转.csv,642,right_bias,far,transition,12.871,215.0,20.0,195.0,198.0,20.0,178.0,0,1
车子右偏且从90度往正中间转且离墙最远转.csv,643,right_bias,far,transition,12.891,312.0,20.0,292.0,214.0,20.0,194.0,0,1
车子右偏且从90度往正中间转且离墙最远转.csv,644,right_bias,far,transition,12.911,231.0,20.0,211.0,214.0,20.0,194.0,0,1
车子右偏且从90度往正中间转且离墙最远转.csv,645,right_bias,far,transition,12.931,16.0,20.0,-4.0,198.0,20.0,178.0,0,1
车子右偏且从90度往正中间转且离墙最远转.csv,646,right_bias,far,transition,12.951,100.0,20.0,80.0,117.0,20.0,97.0,0,1
车子右偏且从90度往正中间转且离墙最远转.csv,647,right_bias,far,transition,12.972,18.0,20.0,-2.0,117.0,20.0,97.0,0,1
车子右偏且从90度往正中间转且离墙最远转.csv,648,right_bias,far,transition,12.992,297.0,20.0,277.0,198.0,20.0,178.0,0,1
车子右偏且从90度往正中间转且离墙最远转.csv,649,right_bias,far,transition,13.012,199.0,20.0,179.0,199.0,20.0,179.0,0,1
车子右偏且从90度往正中间转且离墙最远转.csv,650,right_bias,far,transition,13.032,199.0,20.0,179.0,199.0,20.0,179.0,0,1
车子右偏且从90度往正中间转且离墙最远转.csv,651,right_bias,far,transition,13.052,33.0,20.0,13.0,199.0,20.0,179.0,0,1
车子右偏且从90度往正中间转且离墙最远转.csv,652,right_bias,far,transition,13.072,25.0,21.0,4.0,100.0,20.0,80.0,0,1
车子右偏且从90度往正中间转且离墙最远转.csv,653,right_bias,far,transition,13.092,149.0,32.0,117.0,100.0,20.0,80.0,0,1
车子右偏且从90度往正中间转且离墙最远转.csv,654,right_bias,far,transition,13.112,132.0,25.0,107.0,132.0,20.0,112.0,0,1
车子右偏且从90度往正中间转且离墙最远转.csv,655,right_bias,far,transition,13.132,149.0,19.0,130.0,149.0,20.0,129.0,0,1
车子右偏且从90度往正中间转且离墙最远转.csv,656,right_bias,far,transition,13.153,17.0,21.0,-4.0,149.0,20.0,129.0,0,1
车子右偏且从90度往正中间转且离墙最远转.csv,657,right_bias,far,transition,13.173,16.0,20.0,-4.0,132.0,20.0,112.0,0,1
车子右偏且从90度往正中间转且离墙最远转.csv,658,right_bias,far,transition,13.193,32.0,20.0,12.0,33.0,20.0,13.0,0,1
车子右偏且从90度往正中间转且离墙最远转.csv,659,right_bias,far,transition,13.213,313.0,21.0,292.0,33.0,21.0,12.0,0,1
车子右偏且从90度往正中间转且离墙最远转.csv,660,right_bias,far,transition,13.233,108.0,20.0,88.0,108.0,21.0,87.0,0,1
车子右偏且从90度往正中间转且离墙最远转.csv,661,right_bias,far,transition,13.253,133.0,20.0,113.0,132.0,20.0,112.0,0,1
车子右偏且从90度往正中间转且离墙最远转.csv,662,right_bias,far,transition,13.273,100.0,20.0,80.0,108.0,20.0,88.0,0,1
车子右偏且从90度往正中间转且离墙最远转.csv,663,right_bias,far,transition,13.293,17.0,20.0,-3.0,100.0,20.0,80.0,0,1
车子右偏且从90度往正中间转且离墙最远转.csv,664,right_bias,far,transition,13.314,83.0,20.0,63.0,83.0,20.0,63.0,0,1
车子右偏且从90度往正中间转且离墙最远转.csv,665,right_bias,far,transition,13.334,17.0,20.0,-3.0,83.0,20.0,63.0,0,1
车子右偏且从90度往正中间转且离墙最远转.csv,666,right_bias,far,transition,13.354,345.0,20.0,325.0,100.0,20.0,80.0,0,1
车子右偏且从90度往正中间转且离墙最远转.csv,667,right_bias,far,transition,13.374,133.0,20.0,113.0,108.0,20.0,88.0,0,1
车子右偏且从90度往正中间转且离墙最远转.csv,668,right_bias,far,transition,13.394,288.0,19.0,269.0,108.0,20.0,88.0,0,1
车子右偏且从90度往正中间转且离墙最远转.csv,669,right_bias,far,transition,13.414,150.0,20.0,130.0,133.0,20.0,113.0,0,1
车子右偏且从90度往正中间转且离墙最远转.csv,670,right_bias,far,transition,13.434,18.0,20.0,-2.0,100.0,20.0,80.0,0,1
车子右偏且从90度往正中间转且离墙最远转.csv,671,right_bias,far,transition,13.454,134.0,20.0,114.0,133.0,20.0,113.0,0,1
车子右偏且从90度往正中间转且离墙最远转.csv,672,right_bias,far,transition,13.474,17.0,20.0,-3.0,133.0,20.0,113.0,0,1
车子右偏且从90度往正中间转且离墙最远转.csv,673,right_bias,far,transition,13.495,158.0,21.0,137.0,134.0,20.0,114.0,0,1
车子右偏且从90度往正中间转且离墙最远转.csv,674,right_bias,far,transition,13.515,150.0,34.0,116.0,150.0,20.0,130.0,0,1
车子右偏且从90度往正中间转且离墙最远转.csv,675,right_bias,far,transition,13.535,151.0,22.0,129.0,150.0,20.0,130.0,0,1
车子右偏且从90度往正中间转且离墙最远转.csv,676,right_bias,far,transition,13.555,105.0,32.0,73.0,150.0,20.0,130.0,0,1
车子右偏且从90度往正中间转且离墙最远转.csv,677,right_bias,far,transition,13.575,34.0,20.0,14.0,134.0,20.0,114.0,0,1
车子右偏且从90度往正中间转且离墙最远转.csv,678,right_bias,far,transition,13.595,133.0,21.0,112.0,133.0,21.0,112.0,0,1
车子右偏且从90度往正中间转且离墙最远转.csv,679,right_bias,far,transition,13.615,185.0,20.0,165.0,134.0,21.0,113.0,0,1
车子右偏且从90度往正中间转且离墙最远转.csv,680,right_bias,far,transition,13.635,233.0,19.0,214.0,150.0,21.0,129.0,0,1
车子右偏且从90度往正中间转且离墙最远转.csv,681,right_bias,far,transition,13.656,132.0,20.0,112.0,150.0,21.0,129.0,0,1
车子右偏且从90度往正中间转且离墙最远转.csv,682,right_bias,far,transition,13.676,118.0,20.0,98.0,133.0,20.0,113.0,0,1
车子右偏且从90度往正中间转且离墙最远转.csv,683,right_bias,far,transition,13.696,152.0,22.0,130.0,133.0,20.0,113.0,0,1
车子右偏且从90度往正中间转且离墙最远转.csv,684,right_bias,far,transition,13.716,17.0,21.0,-4.0,132.0,20.0,112.0,0,1
车子右偏且从90度往正中间转且离墙最远转.csv,685,right_bias,far,transition,13.736,217.0,20.0,197.0,133.0,20.0,113.0,0,1
车子右偏且从90度往正中间转且离墙最远转.csv,686,right_bias,far,transition,13.756,207.0,21.0,186.0,152.0,20.0,132.0,0,1
车子右偏且从90度往正中间转且离墙最远转.csv,687,right_bias,far,transition,13.776,151.0,21.0,130.0,152.0,20.0,132.0,0,1
车子右偏且从90度往正中间转且离墙最远转.csv,688,right_bias,far,transition,13.796,151.0,20.0,131.0,151.0,20.0,131.0,0,1
车子右偏且从90度往正中间转且离墙最远转.csv,689,right_bias,far,transition,13.816,184.0,21.0,163.0,151.0,21.0,130.0,0,1
车子右偏且从90度往正中间转且离墙最远转.csv,690,right_bias,far,transition,13.836,33.0,20.0,13.0,151.0,21.0,130.0,0,1
车子右偏且从90度往正中间转且离墙最远转.csv,691,right_bias,far,transition,13.857,202.0,20.0,182.0,152.0,21.0,131.0,0,1
车子右偏且从90度往正中间转且离墙最远转.csv,692,right_bias,far,transition,13.877,168.0,22.0,146.0,168.0,21.0,147.0,0,1
车子右偏且从90度往正中间转且离墙最远转.csv,693,right_bias,far,transition,13.897,70.0,21.0,49.0,168.0,21.0,147.0,0,1
车子右偏且从90度往正中间转且离墙最远转.csv,694,right_bias,far,transition,13.917,175.0,20.0,155.0,168.0,21.0,147.0,0,1
车子右偏且从90度往正中间转且离墙最远转.csv,695,right_bias,far,transition,13.937,362.0,20.0,342.0,168.0,20.0,148.0,0,1
车子右偏且从90度往正中间转且离墙最远转.csv,696,right_bias,far,transition,13.957,150.0,19.0,131.0,168.0,20.0,148.0,0,1
车子右偏且从90度往正中间转且离墙最远转.csv,697,right_bias,far,transition,13.977,184.0,21.0,163.0,175.0,20.0,155.0,0,1
车子右偏且从90度往正中间转且离墙最远转.csv,698,right_bias,far,transition,13.997,183.0,21.0,162.0,175.0,20.0,155.0,0,1
车子右偏且从90度往正中间转且离墙最远转.csv,699,right_bias,far,transition,14.017,209.0,20.0,189.0,183.0,20.0,163.0,0,1
车子右偏且从90度往正中间转且离墙最远转.csv,700,right_bias,far,transition,14.038,167.0,20.0,147.0,175.0,20.0,155.0,0,1
车子右偏且从90度往正中间转且离墙最远转.csv,701,right_bias,far,transition,14.058,152.0,34.0,118.0,175.0,20.0,155.0,0,1
车子右偏且从90度往正中间转且离墙最远转.csv,702,right_bias,far,transition,14.078,68.0,20.0,48.0,175.0,20.0,155.0,0,1
车子右偏且从90度往正中间转且离墙最远转.csv,703,right_bias,far,transition,14.098,217.0,20.0,197.0,183.0,20.0,163.0,0,1
车子右偏且从90度往正中间转且离墙最远转.csv,704,right_bias,far,transition,14.118,55.0,21.0,34.0,167.0,20.0,147.0,0,1
车子右偏且从90度往正中间转且离墙最远转.csv,705,right_bias,far,transition,14.138,199.0,20.0,179.0,183.0,20.0,163.0,0,1
车子右偏且从90度往正中间转且离墙最远转.csv,706,right_bias,far,transition,14.158,182.0,19.0,163.0,182.0,20.0,162.0,0,1
车子右偏且从90度往正中间转且离墙最远转.csv,707,right_bias,far,transition,14.178,329.0,20.0,309.0,182.0,20.0,162.0,0,1
车子右偏且从90度往正中间转且离墙最远转.csv,708,right_bias,far,transition,14.198,165.0,21.0,144.0,167.0,20.0,147.0,0,1
车子右偏且从90度往正中间转且离墙最远转.csv,709,right_bias,far,transition,14.218,239.0,20.0,219.0,182.0,20.0,162.0,0,1
车子右偏且从90度往正中间转且离墙最远转.csv,710,right_bias,far,transition,14.238,199.0,21.0,178.0,199.0,20.0,179.0,0,1
车子右偏且从90度往正中间转且离墙最远转.csv,711,right_bias,far,transition,14.259,16.0,19.0,-3.0,199.0,20.0,179.0,0,1
车子右偏且从90度往正中间转且离墙最远转.csv,712,right_bias,far,transition,14.279,183.0,20.0,163.0,183.0,20.0,163.0,0,1
车子右偏且从90度往正中间转且离墙最远转.csv,713,right_bias,far,transition,14.299,458.0,21.0,437.0,199.0,20.0,179.0,0,1
车子右偏且从90度往正中间转且离墙最远转.csv,714,right_bias,far,transition,14.319,485.0,20.0,465.0,199.0,20.0,179.0,0,1
车子右偏且从90度往正中间转且离墙最远转.csv,715,right_bias,far,transition,14.339,199.0,21.0,178.0,199.0,20.0,179.0,0,1
车子右偏且从90度往正中间转且离墙最远转.csv,716,right_bias,far,transition,14.359,208.0,20.0,188.0,199.0,20.0,179.0,0,1
车子右偏且从90度往正中间转且离墙最远转.csv,717,right_bias,far,transition,14.379,83.0,20.0,63.0,199.0,20.0,179.0,0,1
车子右偏且从90度往正中间转且离墙最远转.csv,718,right_bias,far,transition,14.399,165.0,20.0,145.0,199.0,20.0,179.0,0,1
车子右偏且从90度往正中间转且离墙最远转.csv,719,right_bias,far,transition,14.419,182.0,20.0,162.0,183.0,20.0,163.0,0,1
车子右偏且从90度往正中间转且离墙最远转.csv,720,right_bias,far,transition,14.439,378.0,20.0,358.0,199.0,20.0,179.0,0,1
车子右偏且从90度往正中间转且离墙最远转.csv,721,right_bias,far,transition,14.459,237.0,20.0,217.0,208.0,20.0,188.0,0,1
车子右偏且从90度往正中间转且离墙最远转.csv,722,right_bias,far,transition,14.479,232.0,20.0,212.0,208.0,20.0,188.0,0,1
车子右偏且从90度往正中间转且离墙最远转.csv,723,right_bias,far,transition,14.499,166.0,20.0,146.0,199.0,20.0,179.0,0,1
车子右偏且从90度往正中间转且离墙最远转.csv,724,right_bias,far,transition,14.52,182.0,20.0,162.0,182.0,20.0,162.0,0,1
车子右偏且从90度往正中间转且离墙最远转.csv,725,right_bias,far,transition,14.54,296.0,20.0,276.0,182.0,20.0,162.0,0,1
车子右偏且从90度往正中间转且离墙最远转.csv,726,right_bias,far,transition,14.56,181.0,20.0,161.0,182.0,20.0,162.0,0,1
车子右偏且从90度往正中间转且离墙最远转.csv,727,right_bias,far,transition,14.58,232.0,20.0,212.0,232.0,20.0,212.0,0,1
车子右偏且从90度往正中间转且离墙最远转.csv,728,right_bias,far,transition,14.6,231.0,20.0,211.0,232.0,20.0,212.0,0,1
车子右偏且从90度往正中间转且离墙最远转.csv,729,right_bias,far,transition,14.62,17.0,20.0,-3.0,231.0,20.0,211.0,0,1
车子右偏且从90度往正中间转且离墙最远转.csv,730,right_bias,far,transition,14.64,165.0,21.0,144.0,182.0,20.0,162.0,0,1
车子右偏且从90度往正中间转且离墙最远转.csv,731,right_bias,far,transition,14.66,182.0,21.0,161.0,182.0,20.0,162.0,0,1
车子右偏且从90度往正中间转且离墙最远转.csv,732,right_bias,far,transition,14.68,606.0,20.0,586.0,182.0,20.0,162.0,0,1
车子右偏且从90度往正中间转且离墙最远转.csv,733,right_bias,far,transition,14.7,215.0,21.0,194.0,215.0,20.0,195.0,0,1
车子右偏且从90度往正中间转且离墙最远转.csv,734,right_bias,far,transition,14.72,508.0,33.0,475.0,215.0,20.0,195.0,0,1
车子右偏且从90度往正中间转且离墙最远转.csv,735,right_bias,far,transition,14.74,16.0,28.0,-12.0,215.0,21.0,194.0,0,1
车子右偏且从90度往正中间转且离墙最远转.csv,736,right_bias,far,transition,14.76,182.0,20.0,162.0,182.0,21.0,161.0,0,1
车子右偏且从90度往正中间转且离墙最远转.csv,737,right_bias,far,transition,14.781,182.0,20.0,162.0,182.0,21.0,161.0,0,1
车子右偏且从90度往正中间转且离墙最远转.csv,738,right_bias,far,transition,14.801,214.0,19.0,195.0,182.0,21.0,161.0,0,1
车子右偏且从90度往正中间转且离墙最远转.csv,739,right_bias,far,transition,14.821,214.0,20.0,194.0,214.0,20.0,194.0,0,1
车子右偏且从90度往正中间转且离墙最远转.csv,740,right_bias,far,transition,14.841,605.0,20.0,585.0,214.0,20.0,194.0,0,1
车子右偏且从90度往正中间转且离墙最远转.csv,741,right_bias,far,transition,14.861,264.0,19.0,245.0,214.0,20.0,194.0,0,1
车子右偏且从90度往正中间转且离墙最远转.csv,742,right_bias,far,transition,14.881,197.0,20.0,177.0,214.0,20.0,194.0,0,1
车子右偏且从90度往正中间转且离墙最远转.csv,743,right_bias,far,transition,14.901,183.0,20.0,163.0,197.0,20.0,177.0,0,1
车子右偏且从90度往正中间转且离墙最远转.csv,744,right_bias,far,transition,14.921,100.0,19.0,81.0,197.0,20.0,177.0,0,1
车子右偏且从90度往正中间转且离墙最远转.csv,745,right_bias,far,transition,14.941,216.0,34.0,182.0,214.0,20.0,194.0,0,1
车子右偏且从90度往正中间转且离墙最远转.csv,746,right_bias,far,transition,14.961,166.0,30.0,136.0,214.0,20.0,194.0,0,1
车子右偏且从90度往正中间转且离墙最远转.csv,747,right_bias,far,transition,14.981,183.0,20.0,163.0,197.0,20.0,177.0,0,1
车子右偏且从90度往正中间转且离墙最远转.csv,748,right_bias,far,transition,15.001,181.0,21.0,160.0,183.0,20.0,163.0,0,1
车子右偏且从90度往正中间转且离墙最远转.csv,749,right_bias,far,transition,15.021,99.0,20.0,79.0,183.0,20.0,163.0,0,1
车子右偏且从90度往正中间转且离墙最远转.csv,750,right_bias,far,transition,15.042,427.0,20.0,407.0,183.0,20.0,163.0,0,1
车子右偏且从90度往正中间转且离墙最远转.csv,751,right_bias,far,transition,15.062,215.0,20.0,195.0,183.0,20.0,163.0,0,1
车子右偏且从90度往正中间转且离墙最远转.csv,752,right_bias,far,transition,15.082,328.0,20.0,308.0,183.0,20.0,163.0,0,1
车子右偏且从90度往正中间转且离墙最远转.csv,753,right_bias,far,transition,15.102,174.0,21.0,153.0,183.0,20.0,163.0,0,1
车子右偏且从90度往正中间转且离墙最远转.csv,754,right_bias,far,transition,15.122,25.0,20.0,5.0,181.0,20.0,161.0,0,1
车子右偏且从90度往正中间转且离墙最远转.csv,755,right_bias,far,transition,15.142,198.0,20.0,178.0,183.0,20.0,163.0,0,1
车子右偏且从90度往正中间转且离墙最远转.csv,756,right_bias,far,transition,15.162,101.0,20.0,81.0,181.0,20.0,161.0,0,1
车子右偏且从90度往正中间转且离墙最远转.csv,757,right_bias,far,transition,15.182,198.0,20.0,178.0,198.0,20.0,178.0,0,1
车子右偏且从90度往正中间转且离墙最远转.csv,758,right_bias,far,transition,15.202,551.0,20.0,531.0,198.0,20.0,178.0,0,1
车子右偏且从90度往正中间转且离墙最远转.csv,759,right_bias,far,transition,15.223,623.0,20.0,603.0,198.0,20.0,178.0,0,1
车子右偏且从90度往正中间转且离墙最远转.csv,760,right_bias,far,transition,15.243,150.0,20.0,130.0,198.0,20.0,178.0,0,1
车子右偏且从90度往正中间转且离墙最远转.csv,761,right_bias,far,transition,15.263,264.0,21.0,243.0,198.0,20.0,178.0,0,1
车子右偏且从90度往正中间转且离墙最远转.csv,762,right_bias,far,transition,15.283,83.0,19.0,64.0,198.0,20.0,178.0,0,1
车子右偏且从90度往正中间转且离墙最远转.csv,763,right_bias,far,transition,15.303,17.0,22.0,-5.0,198.0,20.0,178.0,0,1
车子右偏且从90度往正中间转且离墙最远转.csv,764,right_bias,far,transition,15.323,148.0,19.0,129.0,150.0,20.0,130.0,0,1
车子右偏且从90度往正中间转且离墙最远转.csv,765,right_bias,far,transition,15.343,394.0,20.0,374.0,198.0,20.0,178.0,0,1
车子右偏且从90度往正中间转且离墙最远转.csv,766,right_bias,far,transition,15.363,190.0,20.0,170.0,190.0,20.0,170.0,0,1
车子右偏且从90度往正中间转且离墙最远转.csv,767,right_bias,far,transition,15.383,394.0,19.0,375.0,190.0,20.0,170.0,0,1
车子右偏且从90度往正中间转且离墙最远转.csv,768,right_bias,far,transition,15.404,232.0,20.0,212.0,190.0,20.0,170.0,0,1
车子右偏且从90度往正中间转且离墙最远转.csv,769,right_bias,far,transition,15.424,215.0,20.0,195.0,215.0,20.0,195.0,0,1
车子右偏且从90度往正中间转且离墙最远转.csv,770,right_bias,far,transition,15.444,148.0,20.0,128.0,190.0,20.0,170.0,0,1
车子右偏且从90度往正中间转且离墙最远转.csv,771,right_bias,far,transition,15.464,169.0,20.0,149.0,190.0,20.0,170.0,0,1
车子右偏且从90度往正中间转且离墙最远转.csv,772,right_bias,far,transition,15.484,182.0,20.0,162.0,190.0,20.0,170.0,0,1
车子右偏且从90度往正中间转且离墙最远转.csv,773,right_bias,far,transition,15.504,231.0,20.0,211.0,215.0,20.0,195.0,0,1
车子右偏且从90度往正中间转且离墙最远转.csv,774,right_bias,far,transition,15.524,32.0,21.0,11.0,190.0,20.0,170.0,0,1
车子右偏且从90度往正中间转且离墙最远转.csv,775,right_bias,far,transition,15.544,214.0,20.0,194.0,214.0,20.0,194.0,0,1
车子右偏且从90度往正中间转且离墙最远转.csv,776,right_bias,far,transition,15.564,148.0,20.0,128.0,182.0,20.0,162.0,0,1
车子右偏且从90度往正中间转且离墙最远转.csv,777,right_bias,far,transition,15.585,591.0,20.0,571.0,182.0,20.0,162.0,0,1
车子右偏且从90度往正中间转且离墙最远转.csv,778,right_bias,far,transition,15.605,182.0,20.0,162.0,182.0,20.0,162.0,0,1
车子右偏且从90度往正中间转且离墙最远转.csv,779,right_bias,far,transition,15.625,321.0,21.0,300.0,182.0,20.0,162.0,0,1
车子右偏且从90度往正中间转且离墙最远转.csv,780,right_bias,far,transition,15.645,198.0,20.0,178.0,198.0,20.0,178.0,0,1
车子右偏且从90度往正中间转且离墙最远转.csv,781,right_bias,far,transition,15.665,18.0,21.0,-3.0,198.0,20.0,178.0,0,1
车子右偏且从90度往正中间转且离墙最远转.csv,782,right_bias,far,transition,15.685,199.0,20.0,179.0,198.0,20.0,178.0,0,1
车子右偏且从90度往正中间转且离墙最远转.csv,783,right_bias,far,transition,15.705,248.0,24.0,224.0,199.0,20.0,179.0,0,1
车子右偏且从90度往正中间转且离墙最远转.csv,784,right_bias,far,transition,15.725,151.0,33.0,118.0,198.0,20.0,178.0,0,1
车子右偏且从90度往正中间转且离墙最远转.csv,785,right_bias,far,transition,15.745,215.0,28.0,187.0,199.0,21.0,178.0,0,1
车子右偏且从90度往正中间转且离墙最远转.csv,786,right_bias,far,transition,15.766,459.0,20.0,439.0,199.0,21.0,178.0,0,1
车子右偏且从90度往正中间转且离墙最远转.csv,787,right_bias,far,transition,15.786,190.0,20.0,170.0,199.0,21.0,178.0,0,1
车子右偏且从90度往正中间转且离墙最远转.csv,788,right_bias,far,transition,15.806,165.0,20.0,145.0,198.0,20.0,178.0,0,1
车子右偏且从90度往正中间转且离墙最远转.csv,789,right_bias,far,transition,15.826,17.0,20.0,-3.0,190.0,20.0,170.0,0,1
车子右偏且从90度往正中间转且离墙最远转.csv,790,right_bias,far,transition,15.846,84.0,21.0,63.0,190.0,20.0,170.0,0,1
车子右偏且从90度往正中间转且离墙最远转.csv,791,right_bias,far,transition,15.866,248.0,20.0,228.0,190.0,20.0,170.0,0,1
车子右偏且从90度往正中间转且离墙最远转.csv,792,right_bias,far,transition,15.886,450.0,20.0,430.0,190.0,20.0,170.0,0,1
车子右偏且从90度往正中间转且离墙最远转.csv,793,right_bias,far,transition,15.906,214.0,20.0,194.0,214.0,20.0,194.0,0,1
车子右偏且从90度往正中间转且离墙最远转.csv,794,right_bias,far,transition,15.926,165.0,20.0,145.0,190.0,20.0,170.0,0,1
车子右偏且从90度往正中间转且离墙最远转.csv,795,right_bias,far,transition,15.947,182.0,20.0,162.0,182.0,20.0,162.0,0,1
车子右偏且从90度往正中间转且离墙最远转.csv,796,right_bias,far,transition,15.967,198.0,21.0,177.0,182.0,20.0,162.0,0,1
车子右偏且从90度往正中间转且离墙最远转.csv,797,right_bias,far,transition,15.987,297.0,21.0,276.0,198.0,20.0,178.0,0,1
车子右偏且从90度往正中间转且离墙最远转.csv,798,right_bias,far,transition,16.007,198.0,20.0,178.0,198.0,20.0,178.0,0,1
车子右偏且从90度往正中间转且离墙最远转.csv,799,right_bias,far,transition,16.027,83.0,20.0,63.0,198.0,20.0,178.0,0,1
车子右偏且从90度往正中间转且离墙最远转.csv,800,right_bias,far,transition,16.047,182.0,20.0,162.0,198.0,20.0,178.0,0,1
车子右偏且从90度往正中间转且离墙最远转.csv,801,right_bias,far,transition,16.067,16.0,22.0,-6.0,182.0,20.0,162.0,0,1
车子右偏且从90度往正中间转且离墙最远转.csv,802,right_bias,far,transition,16.087,181.0,21.0,160.0,182.0,20.0,162.0,0,1
车子右偏且从90度往正中间转且离墙最远转.csv,803,right_bias,far,transition,16.107,215.0,20.0,195.0,182.0,20.0,162.0,0,1
车子右偏且从90度往正中间转且离墙最远转.csv,804,right_bias,far,transition,16.128,558.0,20.0,538.0,198.0,20.0,178.0,0,1
车子右偏且从90度往正中间转且离墙最远转.csv,805,right_bias,far,transition,16.148,55.0,20.0,35.0,182.0,20.0,162.0,0,1
车子右偏且从90度往正中间转且离墙最远转.csv,806,right_bias,far,transition,16.168,214.0,20.0,194.0,182.0,20.0,162.0,0,1
车子右偏且从90度往正中间转且离墙最远转.csv,807,right_bias,far,transition,16.188,17.0,20.0,-3.0,181.0,20.0,161.0,0,1
车子右偏且从90度往正中间转且离墙最远转.csv,808,right_bias,far,transition,16.208,115.0,21.0,94.0,181.0,20.0,161.0,0,1
车子右偏且从90度往正中间转且离墙最远转.csv,809,right_bias,far,transition,16.228,215.0,20.0,195.0,181.0,20.0,161.0,0,1
车子右偏且从90度往正中间转且离墙最远转.csv,810,right_bias,far,transition,16.248,459.0,21.0,438.0,214.0,20.0,194.0,0,1
车子右偏且从90度往正中间转且离墙最远转.csv,811,right_bias,far,transition,16.268,166.0,20.0,146.0,214.0,20.0,194.0,0,1
车子右偏且从90度往正中间转且离墙最远转.csv,812,right_bias,far,transition,16.288,182.0,20.0,162.0,182.0,20.0,162.0,0,1
车子右偏且从90度往正中间转且离墙最远转.csv,813,right_bias,far,transition,16.308,183.0,21.0,162.0,182.0,20.0,162.0,0,1
车子右偏且从90度往正中间转且离墙最远转.csv,814,right_bias,far,transition,16.329,132.0,20.0,112.0,182.0,20.0,162.0,0,1
车子右偏且从90度往正中间转且离墙最远转.csv,815,right_bias,far,transition,16.349,214.0,20.0,194.0,182.0,20.0,162.0,0,1
车子右偏且从90度往正中间转且离墙最远转.csv,816,right_bias,far,transition,16.369,166.0,20.0,146.0,182.0,20.0,162.0,0,1
车子右偏且从90度往正中间转且离墙最远转.csv,817,right_bias,far,transition,16.389,297.0,20.0,277.0,183.0,20.0,163.0,0,1
车子右偏且从90度往正中间转且离墙最远转.csv,818,right_bias,far,transition,16.409,189.0,20.0,169.0,183.0,20.0,163.0,0,1
车子右偏且从90度往正中间转且离墙最远转.csv,819,right_bias,far,transition,16.429,182.0,20.0,162.0,182.0,20.0,162.0,0,1
车子右偏且从90度往正中间转且离墙最远转.csv,820,right_bias,far,transition,16.449,231.0,20.0,211.0,183.0,20.0,163.0,0,1
车子右偏且从90度往正中间转且离墙最远转.csv,821,right_bias,far,transition,16.469,214.0,31.0,183.0,189.0,20.0,169.0,0,1
车子右偏且从90度往正中间转且离墙最远转.csv,822,right_bias,far,transition,16.489,394.0,20.0,374.0,214.0,20.0,194.0,0,1
车子右偏且从90度往正中间转且离墙最远转.csv,823,right_bias,far,transition,16.51,208.0,20.0,188.0,214.0,20.0,194.0,0,1
车子右偏且从90度往正中间转且离墙最远转.csv,824,right_bias,far,transition,16.53,198.0,20.0,178.0,208.0,20.0,188.0,0,1
车子右偏且从90度往正中间转且离墙最远转.csv,825,right_bias,far,transition,16.55,183.0,21.0,162.0,208.0,20.0,188.0,0,1
车子右偏且从90度往正中间转且离墙最远转.csv,826,right_bias,far,transition,16.57,16.0,20.0,-4.0,198.0,20.0,178.0,0,1
车子右偏且从90度往正中间转且离墙最远转.csv,827,right_bias,far,transition,16.59,215.0,20.0,195.0,208.0,20.0,188.0,0,1
车子右偏且从90度往正中间转且离墙最远转.csv,828,right_bias,far,transition,16.61,216.0,20.0,196.0,214.0,20.0,194.0,0,1
车子右偏且从90度往正中间转且离墙最远转.csv,829,right_bias,far,transition,16.63,165.0,21.0,144.0,208.0,20.0,188.0,0,1
车子右偏且从90度往正中间转且离墙最远转.csv,830,right_bias,far,transition,16.65,182.0,20.0,162.0,198.0,20.0,178.0,0,1
车子右偏且从90度往正中间转且离墙最远转.csv,831,right_bias,far,transition,16.67,541.0,20.0,521.0,198.0,20.0,178.0,0,1
车子右偏且从90度往正中间转且离墙最远转.csv,832,right_bias,far,transition,16.69,199.0,20.0,179.0,198.0,20.0,178.0,0,1
车子右偏且从90度往正中间转且离墙最远转.csv,833,right_bias,far,transition,16.711,213.0,20.0,193.0,199.0,20.0,179.0,0,1
车子右偏且从90度往正中间转且离墙最远转.csv,834,right_bias,far,transition,16.731,165.0,20.0,145.0,199.0,20.0,179.0,0,1
车子右偏且从90度往正中间转且离墙最远转.csv,835,right_bias,far,transition,16.751,17.0,20.0,-3.0,199.0,20.0,179.0,0,1
车子右偏且从90度往正中间转且离墙最远转.csv,836,right_bias,far,transition,16.771,204.0,21.0,183.0,199.0,20.0,179.0,0,1
车子右偏且从90度往正中间转且离墙最远转.csv,837,right_bias,far,transition,16.791,526.0,21.0,505.0,199.0,20.0,179.0,0,1
车子右偏且从90度往正中间转且离墙最远转.csv,838,right_bias,far,transition,16.811,232.0,33.0,199.0,204.0,20.0,184.0,0,1
车子右偏且从90度往正中间转且离墙最远转.csv,839,right_bias,far,transition,16.831,215.0,22.0,193.0,213.0,20.0,193.0,0,1
车子右偏且从90度往正中间转且离墙最远转.csv,840,right_bias,far,transition,16.851,149.0,20.0,129.0,204.0,20.0,184.0,0,1
车子右偏且从90度往正中间转且离墙最远转.csv,841,right_bias,far,transition,16.871,148.0,20.0,128.0,204.0,20.0,184.0,0,1
车子右偏且从90度往正中间转且离墙最远转.csv,842,right_bias,far,transition,16.892,182.0,20.0,162.0,182.0,20.0,162.0,0,1
车子右偏且从90度往正中间转且离墙最远转.csv,843,right_bias,far,transition,16.912,231.0,20.0,211.0,204.0,20.0,184.0,0,1
车子右偏且从90度往正中间转且离墙最远转.csv,844,right_bias,far,transition,16.932,182.0,20.0,162.0,204.0,20.0,184.0,0,1
车子右偏且从90度往正中间转且离墙最远转.csv,845,right_bias,far,transition,16.952,215.0,20.0,195.0,215.0,20.0,195.0,0,1
车子右偏且从90度往正中间转且离墙最远转.csv,846,right_bias,far,transition,16.972,40.0,20.0,20.0,182.0,20.0,162.0,0,1
车子右偏且从90度往正中间转且离墙最远转.csv,847,right_bias,far,transition,16.992,182.0,19.0,163.0,182.0,20.0,162.0,0,1
车子右偏且从90度往正中间转且离墙最远转.csv,848,right_bias,far,transition,17.012,182.0,20.0,162.0,182.0,20.0,162.0,0,1
车子右偏且从90度往正中间转且离墙最远转.csv,849,right_bias,far,transition,17.032,558.0,20.0,538.0,182.0,20.0,162.0,0,1
车子右偏且从90度往正中间转且离墙最远转.csv,850,right_bias,far,transition,17.052,214.0,20.0,194.0,182.0,20.0,162.0,0,1
车子右偏且从90度往正中间转且离墙最远转.csv,851,right_bias,far,transition,17.072,360.0,20.0,340.0,214.0,20.0,194.0,0,1
车子右偏且从90度往正中间转且离墙最远转.csv,852,right_bias,far,transition,17.093,167.0,20.0,147.0,182.0,20.0,162.0,0,1
车子右偏且从90度往正中间转且离墙最远转.csv,853,right_bias,far,transition,17.113,17.0,20.0,-3.0,182.0,20.0,162.0,0,1
车子右偏且从90度往正中间转且离墙最远转.csv,854,right_bias,far,transition,17.133,182.0,20.0,162.0,182.0,20.0,162.0,0,1
车子右偏且从90度往正中间转且离墙最远转.csv,855,right_bias,far,transition,17.153,280.0,19.0,261.0,182.0,20.0,162.0,0,1
车子右偏且从90度往正中间转且离墙最远转.csv,856,right_bias,far,transition,17.173,526.0,21.0,505.0,214.0,20.0,194.0,0,1
车子右偏且从90度往正中间转且离墙最远转.csv,857,right_bias,far,transition,17.193,181.0,20.0,161.0,214.0,20.0,194.0,0,1
车子右偏且从90度往正中间转且离墙最远转.csv,858,right_bias,far,transition,17.213,426.0,20.0,406.0,214.0,20.0,194.0,0,1
车子右偏且从90度往正中间转且离墙最远转.csv,859,right_bias,far,transition,17.233,165.0,34.0,131.0,182.0,20.0,162.0,0,1
车子右偏且从90度往正中间转且离墙最远转.csv,860,right_bias,far,transition,17.254,182.0,28.0,154.0,182.0,20.0,162.0,0,1
车子右偏且从90度往正中间转且离墙最远转.csv,861,right_bias,far,transition,17.274,216.0,21.0,195.0,182.0,20.0,162.0,0,1
车子右偏且从90度往正中间转且离墙最远转.csv,862,right_bias,far,transition,17.294,100.0,20.0,80.0,182.0,20.0,162.0,0,1
车子右偏且从90度往正中间转且离墙最远转.csv,863,right_bias,far,transition,17.314,215.0,21.0,194.0,215.0,21.0,194.0,0,1
车子右偏且从90度往正中间转且离墙最远转.csv,864,right_bias,far,transition,17.334,409.0,20.0,389.0,215.0,21.0,194.0,0,1
车子右偏且从90度往正中间转且离墙最远转.csv,865,right_bias,far,transition,17.354,199.0,20.0,179.0,199.0,20.0,179.0,0,1
车子右偏且从90度往正中间转且离墙最远转.csv,866,right_bias,far,transition,17.374,182.0,16.0,166.0,199.0,20.0,179.0,0,1
车子右偏且从90度往正中间转且离墙最远转.csv,867,right_bias,far,transition,17.394,248.0,21.0,227.0,199.0,21.0,178.0,0,1
车子右偏且从90度往正中间转且离墙最远转.csv,868,right_bias,far,transition,17.414,214.0,20.0,194.0,214.0,20.0,194.0,0,1
车子右偏且从90度往正中间转且离墙最远转.csv,869,right_bias,far,transition,17.435,329.0,20.0,309.0,215.0,20.0,195.0,0,1
车子右偏且从90度往正中间转且离墙最远转.csv,870,right_bias,far,transition,17.455,182.0,20.0,162.0,214.0,20.0,194.0,0,1
车子右偏且从90度往正中间转且离墙最远转.csv,871,right_bias,far,transition,17.475,165.0,20.0,145.0,214.0,20.0,194.0,0,1
车子右偏且从90度往正中间转且离墙最远转.csv,872,right_bias,far,transition,17.495,182.0,20.0,162.0,199.0,20.0,179.0,0,1
车子右偏且从90度往正中间转且离墙最远转.csv,873,right_bias,far,transition,17.515,41.0,20.0,21.0,182.0,20.0,162.0,0,1
车子右偏且从90度往正中间转且离墙最远转.csv,874,right_bias,far,transition,17.535,312.0,20.0,292.0,182.0,20.0,162.0,0,1
车子右偏且从90度往正中间转且离墙最远转.csv,875,right_bias,far,transition,17.555,166.0,20.0,146.0,182.0,20.0,162.0,0,1
车子右偏且从90度往正中间转且离墙最远转.csv,876,right_bias,far,transition,17.575,622.0,24.0,598.0,182.0,20.0,162.0,0,1
车子右偏且从90度往正中间转且离墙最远转.csv,877,right_bias,far,transition,17.595,181.0,20.0,161.0,182.0,20.0,162.0,0,1
车子右偏且从90度往正中间转且离墙最远转.csv,878,right_bias,far,transition,17.616,116.0,21.0,95.0,181.0,20.0,161.0,0,1
车子右偏且从90度往正中间转且离墙最远转.csv,879,right_bias,far,transition,17.636,215.0,20.0,195.0,181.0,20.0,161.0,0,1
车子右偏且从90度往正中间转且离墙最远转.csv,880,right_bias,far,transition,17.656,17.0,19.0,-2.0,181.0,20.0,161.0,0,1
车子右偏且从90度往正中间转且离墙最远转.csv,881,right_bias,far,transition,17.676,165.0,20.0,145.0,166.0,20.0,146.0,0,1
车子右偏且从90度往正中间转且离墙最远转.csv,882,right_bias,far,transition,17.696,182.0,20.0,162.0,181.0,20.0,161.0,0,1
车子右偏且从90度往正中间转且离墙最远转.csv,883,right_bias,far,transition,17.716,607.0,20.0,587.0,181.0,20.0,161.0,0,1
车子右偏且从90度往正中间转且离墙最远转.csv,884,right_bias,far,transition,17.736,248.0,20.0,228.0,182.0,20.0,162.0,0,1
车子右偏且从90度往正中间转且离墙最远转.csv,885,right_bias,far,transition,17.756,264.0,19.0,245.0,182.0,20.0,162.0,0,1
车子右偏且从90度往正中间转且离墙最远转.csv,886,right_bias,far,transition,17.776,215.0,20.0,195.0,215.0,20.0,195.0,0,1
车子右偏且从90度往正中间转且离墙最远转.csv,887,right_bias,far,transition,17.797,52.0,20.0,32.0,215.0,20.0,195.0,0,1
车子右偏且从90度往正中间转且离墙最远转.csv,888,right_bias,far,transition,17.817,182.0,20.0,162.0,182.0,20.0,162.0,0,1
车子右偏且从90度往正中间转且离墙最远转.csv,889,right_bias,far,transition,17.837,199.0,21.0,178.0,199.0,20.0,179.0,0,1
车子右偏且从90度往正中间转且离墙最远转.csv,890,right_bias,far,transition,17.857,214.0,20.0,194.0,214.0,20.0,194.0,0,1
车子右偏且从90度往正中间转且离墙最远转.csv,891,right_bias,far,transition,17.877,231.0,20.0,211.0,215.0,20.0,195.0,0,1
车子右偏且从90度往正中间转且离墙最远转.csv,892,right_bias,far,transition,17.897,83.0,20.0,63.0,214.0,20.0,194.0,0,1
车子右偏且从90度往正中间转且离墙最远转.csv,893,right_bias,far,transition,17.917,183.0,21.0,162.0,199.0,20.0,179.0,0,1
车子右偏且从90度往正中间转且离墙最远转.csv,894,right_bias,far,transition,17.937,368.0,20.0,348.0,199.0,20.0,179.0,0,1
车子右偏且从90度往正中间转且离墙最远转.csv,895,right_bias,far,transition,17.957,182.0,20.0,162.0,183.0,20.0,163.0,0,1
车子右偏且从90度往正中间转且离墙最远转.csv,896,right_bias,far,transition,17.978,214.0,19.0,195.0,199.0,20.0,179.0,0,1
车子右偏且从90度往正中间转且离墙最远转.csv,897,right_bias,far,transition,17.998,232.0,24.0,208.0,214.0,20.0,194.0,0,1
车子右偏且从90度往正中间转且离墙最远转.csv,898,right_bias,far,transition,18.018,133.0,32.0,101.0,214.0,20.0,194.0,0,1
车子右偏且从90度往正中间转且离墙最远转.csv,899,right_bias,far,transition,18.038,175.0,25.0,150.0,183.0,20.0,163.0,0,1
车子右偏且从90度往正中间转且离墙最远转.csv,900,right_bias,far,transition,18.058,180.0,20.0,160.0,182.0,20.0,162.0,0,1
车子右偏且从90度往正中间转且离墙最远转.csv,901,right_bias,far,transition,18.078,426.0,20.0,406.0,183.0,20.0,163.0,0,1
车子右偏且从90度往正中间转且离墙最远转.csv,902,right_bias,far,transition,18.098,232.0,21.0,211.0,214.0,20.0,194.0,0,1
车子右偏且从90度往正中间转且离墙最远转.csv,903,right_bias,far,transition,18.118,638.0,20.0,618.0,214.0,20.0,194.0,0,1
车子右偏且从90度往正中间转且离墙最远转.csv,904,right_bias,far,transition,18.138,215.0,20.0,195.0,215.0,20.0,195.0,0,1
车子右偏且从90度往正中间转且离墙最远转.csv,905,right_bias,far,transition,18.158,52.0,20.0,32.0,215.0,20.0,195.0,0,1
车子右偏且从90度往正中间转且离墙最远转.csv,906,right_bias,far,transition,18.179,165.0,21.0,144.0,180.0,20.0,160.0,0,1
车子右偏且从90度往正中间转且离墙最远转.csv,907,right_bias,far,transition,18.199,17.0,20.0,-3.0,180.0,20.0,160.0,0,1
车子右偏且从90度往正中间转且离墙最远转.csv,908,right_bias,far,transition,18.219,231.0,20.0,211.0,215.0,20.0,195.0,0,1
车子右偏且从90度往正中间转且离墙最远转.csv,909,right_bias,far,transition,18.239,232.0,21.0,211.0,231.0,20.0,211.0,0,1
车子右偏且从90度往正中间转且离墙最远转.csv,910,right_bias,far,transition,18.259,475.0,21.0,454.0,231.0,20.0,211.0,0,1
车子右偏且从90度往正中间转且离墙最远转.csv,911,right_bias,far,transition,18.279,182.0,21.0,161.0,215.0,20.0,195.0,0,1
车子右偏且从90度往正中间转且离墙最远转.csv,912,right_bias,far,transition,18.299,166.0,20.0,146.0,182.0,20.0,162.0,0,1
车子右偏且从90度往正中间转且离墙最远转.csv,913,right_bias,far,transition,18.319,182.0,20.0,162.0,182.0,20.0,162.0,0,1
车子右偏且从90度往正中间转且离墙最远转.csv,914,right_bias,far,transition,18.339,232.0,19.0,213.0,182.0,20.0,162.0,0,1
车子右偏且从90度往正中间转且离墙最远转.csv,915,right_bias,far,transition,18.36,215.0,20.0,195.0,215.0,20.0,195.0,0,1
车子右偏且从90度往正中间转且离墙最远转.csv,916,right_bias,far,transition,18.38,165.0,20.0,145.0,215.0,20.0,195.0,0,1
车子右偏且从90度往正中间转且离墙最远转.csv,917,right_bias,far,transition,18.4,181.0,20.0,161.0,182.0,20.0,162.0,0,1
车子右偏且从90度往正中间转且离墙最远转.csv,918,right_bias,far,transition,18.42,198.0,20.0,178.0,182.0,20.0,162.0,0,1
车子右偏且从90度往正中间转且离墙最远转.csv,919,right_bias,far,transition,18.44,182.0,31.0,151.0,182.0,20.0,162.0,0,1
车子右偏且从90度往正中间转且离墙最远转.csv,920,right_bias,far,transition,18.46,215.0,20.0,195.0,182.0,20.0,162.0,0,1
车子右偏且从90度往正中间转且离墙最远转.csv,921,right_bias,far,transition,18.48,638.0,20.0,618.0,198.0,20.0,178.0,0,1
车子右偏且从90度往正中间转且离墙最远转.csv,922,right_bias,far,transition,18.5,165.0,20.0,145.0,198.0,20.0,178.0,0,1
车子右偏且从90度往正中间转且离墙最远转.csv,923,right_bias,far,transition,18.52,149.0,20.0,129.0,182.0,20.0,162.0,0,1
车子右偏且从90度往正中间转且离墙最远转.csv,924,right_bias,far,transition,18.541,182.0,20.0,162.0,182.0,20.0,162.0,0,1
车子右偏且从90度往正中间转且离墙最远转.csv,925,right_bias,far,transition,18.561,25.0,20.0,5.0,182.0,20.0,162.0,0,1
车子右偏且从90度往正中间转且离墙最远转.csv,926,right_bias,far,transition,18.581,214.0,20.0,194.0,182.0,20.0,162.0,0,1
车子右偏且从90度往正中间转且离墙最远转.csv,927,right_bias,far,transition,18.601,166.0,20.0,146.0,182.0,20.0,162.0,0,1
车子右偏且从90度往正中间转且离墙最远转.csv,928,right_bias,far,transition,18.621,574.0,20.0,554.0,182.0,20.0,162.0,0,1
车子右偏且从90度往正中间转且离墙最远转.csv,929,right_bias,far,transition,18.641,182.0,20.0,162.0,182.0,20.0,162.0,0,1
车子右偏且从90度往正中间转且离墙最远转.csv,930,right_bias,far,transition,18.661,377.0,20.0,357.0,182.0,20.0,162.0,0,1
车子右偏且从90度往正中间转且离墙最远转.csv,931,right_bias,far,transition,18.681,214.0,20.0,194.0,182.0,20.0,162.0,0,1
车子右偏且从90度往正中间转且离墙最远转.csv,932,right_bias,far,transition,18.702,52.0,21.0,31.0,182.0,20.0,162.0,0,1
车子右偏且从90度往正中间转且离墙最远转.csv,933,right_bias,far,transition,18.722,165.0,20.0,145.0,182.0,20.0,162.0,0,1
车子右偏且从90度往正中间转且离墙最远转.csv,934,right_bias,far,transition,18.742,117.0,22.0,95.0,182.0,20.0,162.0,0,1
车子右偏且从90度往正中间转且离墙最远转.csv,935,right_bias,far,transition,18.762,181.0,21.0,160.0,181.0,20.0,161.0,0,1
车子右偏且从90度往正中间转且离墙最远转.csv,936,right_bias,far,transition,18.782,199.0,21.0,178.0,182.0,20.0,162.0,0,1
车子右偏且从90度往正中间转且离墙最远转.csv,937,right_bias,far,transition,18.802,232.0,33.0,199.0,182.0,21.0,161.0,0,1
车子右偏且从90度往正中间转且离墙最远转.csv,938,right_bias,far,transition,18.822,224.0,21.0,203.0,199.0,21.0,178.0,0,1
车子右偏且从90度往正中间转且离墙最远转.csv,939,right_bias,far,transition,18.842,215.0,21.0,194.0,199.0,21.0,178.0,0,1
车子右偏且从90度往正中间转且离墙最远转.csv,940,right_bias,far,transition,18.862,216.0,22.0,194.0,199.0,21.0,178.0,0,1
车子右偏且从90度往正中间转且离墙最远转.csv,941,right_bias,far,transition,18.883,183.0,21.0,162.0,199.0,21.0,178.0,0,1
车子右偏且从90度往正中间转且离墙最远转.csv,942,right_bias,far,transition,18.903,182.0,18.0,164.0,199.0,21.0,178.0,0,1
车子右偏且从90度往正中间转且离墙最远转.csv,943,right_bias,far,transition,18.923,183.0,20.0,163.0,199.0,21.0,178.0,0,1
车子右偏且从90度往正中间转且离墙最远转.csv,944,right_bias,far,transition,18.943,97.0,20.0,77.0,199.0,21.0,178.0,0,1
车子右偏且从90度往正中间转且离墙最远转.csv,945,right_bias,far,transition,18.963,166.0,21.0,145.0,183.0,21.0,162.0,0,1
车子右偏且从90度往正中间转且离墙最远转.csv,946,right_bias,far,transition,18.983,543.0,20.0,523.0,183.0,21.0,162.0,0,1
车子右偏且从90度往正中间转且离墙最远转.csv,947,right_bias,far,transition,19.004,182.0,20.0,162.0,183.0,20.0,163.0,0,1
车子右偏且从90度往正中间转且离墙最远转.csv,948,right_bias,far,transition,19.024,475.0,20.0,455.0,183.0,20.0,163.0,0,1
车子右偏且从90度往正中间转且离墙最远转.csv,949,right_bias,far,transition,19.044,264.0,21.0,243.0,183.0,20.0,163.0,0,1
车子右偏且从90度往正中间转且离墙最远转.csv,950,right_bias,far,transition,19.064,17.0,20.0,-3.0,182.0,20.0,162.0,0,1
车子右偏且从90度往正中间转且离墙最远转.csv,951,right_bias,far,transition,19.084,198.0,20.0,178.0,183.0,20.0,163.0,0,1
车子右偏且从90度往正中间转且离墙最远转.csv,952,right_bias,far,transition,19.104,25.0,21.0,4.0,182.0,20.0,162.0,0,1
车子右偏且从90度往正中间转且离墙最远转.csv,953,right_bias,far,transition,19.124,182.0,20.0,162.0,182.0,20.0,162.0,0,1
车子右偏且从90度往正中间转且离墙最远转.csv,954,right_bias,far,transition,19.144,182.0,20.0,162.0,182.0,20.0,162.0,0,1
车子右偏且从90度往正中间转且离墙最远转.csv,955,right_bias,far,transition,19.164,638.0,21.0,617.0,182.0,20.0,162.0,0,1
车子右偏且从90度往正中间转且离墙最远转.csv,956,right_bias,far,transition,19.184,215.0,20.0,195.0,198.0,20.0,178.0,0,1
车子右偏且从90度往正中间转且离墙最远转.csv,957,right_bias,far,transition,19.205,248.0,21.0,227.0,198.0,20.0,178.0,0,1
车子右偏且从90度往正中间转且离墙最远转.csv,958,right_bias,far,transition,19.225,182.0,28.0,154.0,182.0,20.0,162.0,0,1
车子右偏且从90度往正中间转且离墙最远转.csv,959,right_bias,far,transition,19.245,67.0,20.0,47.0,182.0,20.0,162.0,0,1
车子右偏且从90度往正中间转且离墙最远转.csv,960,right_bias,far,transition,19.265,181.0,20.0,161.0,182.0,20.0,162.0,0,1
车子右偏且从90度往正中间转且离墙最远转.csv,961,right_bias,far,transition,19.285,279.0,20.0,259.0,182.0,20.0,162.0,0,1
车子右偏且从90度往正中间转且离墙最远转.csv,962,right_bias,far,transition,19.305,215.0,20.0,195.0,215.0,20.0,195.0,0,1
车子右偏且从90度往正中间转且离墙最远转.csv,963,right_bias,far,transition,19.325,149.0,20.0,129.0,215.0,20.0,195.0,0,1
车子右偏且从90度往正中间转且离墙最远转.csv,964,right_bias,far,transition,19.345,133.0,21.0,112.0,182.0,20.0,162.0,0,1
车子右偏且从90度往正中间转且离墙最远转.csv,965,right_bias,far,transition,19.365,198.0,20.0,178.0,182.0,20.0,162.0,0,1
车子右偏且从90度往正中间转且离墙最远转.csv,966,right_bias,far,transition,19.385,409.0,20.0,389.0,182.0,20.0,162.0,0,1
车子右偏且从90度往正中间转且离墙最远转.csv,967,right_bias,far,transition,19.405,280.0,19.0,261.0,198.0,20.0,178.0,0,1
车子右偏且从90度往正中间转且离墙最远转.csv,968,right_bias,far,transition,19.425,166.0,20.0,146.0,198.0,20.0,178.0,0,1
车子右偏且从90度往正中间转且离墙最远转.csv,969,right_bias,far,transition,19.446,170.0,21.0,149.0,198.0,20.0,178.0,0,1
车子右偏且从90度往正中间转且离墙最远转.csv,970,right_bias,far,transition,19.466,19.0,20.0,-1.0,170.0,20.0,150.0,0,1
车子右偏且从90度往正中间转且离墙最远转.csv,971,right_bias,far,transition,19.486,41.0,21.0,20.0,166.0,20.0,146.0,0,1
车子右偏且从90度往正中间转且离墙最远转.csv,972,right_bias,far,transition,19.506,231.0,20.0,211.0,170.0,20.0,150.0,0,1
车子右偏且从90度往正中间转且离墙最远转.csv,973,right_bias,far,transition,19.526,541.0,26.0,515.0,198.0,20.0,178.0,0,1
车子右偏且从90度往正中间转且离墙最远转.csv,974,right_bias,far,transition,19.546,223.0,21.0,202.0,223.0,20.0,203.0,0,1
车子右偏且从90度往正中间转且离墙最远转.csv,975,right_bias,far,transition,19.566,590.0,20.0,570.0,223.0,20.0,203.0,0,1
车子右偏且从90度往正中间转且离墙最远转.csv,976,right_bias,far,transition,19.586,232.0,20.0,212.0,223.0,20.0,203.0,0,1
车子右偏且从90度往正中间转且离墙最远转.csv,977,right_bias,far,transition,19.606,19.0,20.0,-1.0,223.0,20.0,203.0,0,1
车子右偏且从90度往正中间转且离墙最远转.csv,978,right_bias,far,transition,19.626,230.0,19.0,211.0,230.0,20.0,210.0,0,1
车子右偏且从90度往正中间转且离墙最远转.csv,979,right_bias,far,transition,19.646,42.0,20.0,22.0,230.0,20.0,210.0,0,1
车子右偏且从90度往正中间转且离墙最远转.csv,980,right_bias,far,transition,19.666,410.0,21.0,389.0,231.0,20.0,211.0,0,1
车子右偏且从90度往正中间转且离墙最远转.csv,981,right_bias,far,transition,19.686,182.0,20.0,162.0,230.0,20.0,210.0,0,1
车子右偏且从90度往正中间转且离墙最远转.csv,982,right_bias,far,transition,19.707,427.0,20.0,407.0,230.0,20.0,210.0,0,1
车子右偏且从90度往正中间转且离墙最远转.csv,983,right_bias,far,transition,19.727,180.0,20.0,160.0,230.0,20.0,210.0,0,1
车子右偏且从90度往正中间转且离墙最远转.csv,984,right_bias,far,transition,19.747,231.0,33.0,198.0,230.0,20.0,210.0,0,1
车子右偏且从90度往正中间转且离墙最远转.csv,985,right_bias,far,transition,19.767,216.0,24.0,192.0,216.0,20.0,196.0,0,1
车子右偏且从90度往正中间转且离墙最远转.csv,986,right_bias,far,transition,19.787,166.0,20.0,146.0,216.0,20.0,196.0,0,1
车子右偏且从90度往正中间转且离墙最远转.csv,987,right_bias,far,transition,19.807,181.0,20.0,161.0,182.0,20.0,162.0,0,1
车子右偏且从90度往正中间转且离墙最远转.csv,988,right_bias,far,transition,19.827,180.0,20.0,160.0,182.0,20.0,162.0,0,1
车子右偏且从90度往正中间转且离墙最远转.csv,989,right_bias,far,transition,19.847,166.0,20.0,146.0,181.0,20.0,161.0,0,1
车子右偏且从90度往正中间转且离墙最远转.csv,990,right_bias,far,transition,19.867,214.0,20.0,194.0,181.0,20.0,161.0,0,1
车子右偏且从90度往正中间转且离墙最远转.csv,991,right_bias,far,transition,19.887,68.0,21.0,47.0,180.0,20.0,160.0,0,1
车子右偏且从90度往正中间转且离墙最远转.csv,992,right_bias,far,transition,19.907,166.0,21.0,145.0,180.0,20.0,160.0,0,1
车子右偏且从90度往正中间转且离墙最远转.csv,993,right_bias,far,transition,19.927,573.0,20.0,553.0,180.0,20.0,160.0,0,1
车子右偏且从90度往正中间转且离墙最远转.csv,994,right_bias,far,transition,19.947,279.0,20.0,259.0,180.0,20.0,160.0,0,1
车子右偏且从90度往正中间转且离墙最远转.csv,995,right_bias,far,transition,19.968,182.0,27.0,155.0,181.0,20.0,161.0,0,1
车子右偏且从90度往正中间转且离墙最远转.csv,996,right_bias,far,transition,19.988,214.0,31.0,183.0,182.0,20.0,162.0,0,1
车子右偏且从90度往正中间转且离墙最远转.csv,997,right_bias,far,transition,20.008,16.0,20.0,-4.0,182.0,20.0,162.0,0,1
车子右偏且从90度往正中间转且离墙最远转.csv,998,right_bias,far,transition,20.028,183.0,21.0,162.0,183.0,21.0,162.0,0,1
车子右偏且从90度往正中间转且离墙最远转.csv,999,right_bias,far,transition,20.048,182.0,20.0,162.0,182.0,21.0,161.0,0,1
车子右偏且从90度往正中间转且离墙最远转.csv,1000,right_bias,far,transition,20.068,574.0,19.0,555.0,183.0,20.0,163.0,0,1
车子右偏且从90度往正中间转且离墙最远转.csv,1001,right_bias,far,transition,20.088,231.0,21.0,210.0,214.0,20.0,194.0,0,1
车子右偏且从90度往正中间转且离墙最远转.csv,1002,right_bias,far,transition,20.108,409.0,20.0,389.0,214.0,20.0,194.0,0,1
车子右偏且从90度往正中间转且离墙最远转.csv,1003,right_bias,far,transition,20.128,199.0,21.0,178.0,199.0,21.0,178.0,0,1
车子右偏且从90度往正中间转且离墙最远转.csv,1004,right_bias,far,transition,20.148,41.0,20.0,21.0,199.0,20.0,179.0,0,1
车子右偏且从90度往正中间转且离墙最远转.csv,1005,right_bias,far,transition,20.168,182.0,21.0,161.0,183.0,20.0,163.0,0,1
车子右偏且从90度往正中间转且离墙最远转.csv,1006,right_bias,far,transition,20.189,30.0,21.0,9.0,183.0,21.0,162.0,0,1
车子右偏且从90度往正中间转且离墙最远转.csv,1007,right_bias,far,transition,20.209,442.0,20.0,422.0,199.0,20.0,179.0,0,1
车子右偏且从90度往正中间转且离墙最远转.csv,1008,right_bias,far,transition,20.229,215.0,20.0,195.0,215.0,20.0,195.0,0,1
车子右偏且从90度往正中间转且离墙最远转.csv,1009,right_bias,far,transition,20.249,214.0,20.0,194.0,214.0,20.0,194.0,0,1
车子右偏且从90度往正中间转且离墙最远转.csv,1010,right_bias,far,transition,20.269,165.0,20.0,145.0,199.0,20.0,179.0,0,1
车子右偏且从90度往正中间转且离墙最远转.csv,1011,right_bias,far,transition,20.289,182.0,20.0,162.0,182.0,20.0,162.0,0,1
车子右偏且从90度往正中间转且离墙最远转.csv,1012,right_bias,far,transition,20.309,280.0,25.0,255.0,182.0,20.0,162.0,0,1
车子右偏且从90度往正中间转且离墙最远转.csv,1013,right_bias,far,transition,20.329,231.0,20.0,211.0,214.0,20.0,194.0,0,1
车子右偏且从90度往正中间转且离墙最远转.csv,1014,right_bias,far,transition,20.349,198.0,20.0,178.0,214.0,20.0,194.0,0,1
车子右偏且从90度往正中间转且离墙最远转.csv,1015,right_bias,far,transition,20.37,181.0,20.0,161.0,214.0,20.0,194.0,0,1
车子右偏且从90度往正中间转且离墙最远转.csv,1016,right_bias,far,transition,20.39,16.0,20.0,-4.0,198.0,20.0,178.0,0,1
车子右偏且从90度往正中间转且离墙最远转.csv,1017,right_bias,far,transition,20.41,182.0,27.0,155.0,182.0,20.0,162.0,0,1
车子右偏且从90度往正中间转且离墙最远转.csv,1018,right_bias,far,transition,20.43,247.0,20.0,227.0,182.0,20.0,162.0,0,1
车子右偏且从90度往正中间转且离墙最远转.csv,1019,right_bias,far,transition,20.45,240.0,21.0,219.0,198.0,20.0,178.0,0,1
车子右偏且从90度往正中间转且离墙最远转.csv,1020,right_bias,far,transition,20.47,215.0,20.0,195.0,215.0,20.0,195.0,0,1
车子右偏且从90度往正中间转且离墙最远转.csv,1021,right_bias,far,transition,20.49,426.0,20.0,406.0,215.0,20.0,195.0,0,1
车子右偏且从90度往正中间转且离墙最远转.csv,1022,right_bias,far,transition,20.51,32.0,20.0,12.0,198.0,20.0,178.0,0,1
车子右偏且从90度往正中间转且离墙最远转.csv,1023,right_bias,far,transition,20.53,215.0,19.0,196.0,215.0,20.0,195.0,0,1
车子右偏且从90度往正中间转且离墙最远转.csv,1024,right_bias,far,transition,20.55,17.0,21.0,-4.0,215.0,20.0,195.0,0,1
车子右偏且从90度往正中间转且离墙最远转.csv,1025,right_bias,far,transition,20.571,33.0,20.0,13.0,215.0,20.0,195.0,0,1
车子右偏且从90度往正中间转且离墙最远转.csv,1026,right_bias,far,transition,20.591,232.0,20.0,212.0,215.0,20.0,195.0,0,1
车子右偏且从90度往正中间转且离墙最远转.csv,1027,right_bias,far,transition,20.611,542.0,21.0,521.0,215.0,20.0,195.0,0,1
车子右偏且从90度往正中间转且离墙最远转.csv,1028,right_bias,far,transition,20.631,164.0,20.0,144.0,215.0,20.0,195.0,0,1
车子右偏且从90度往正中间转且离墙最远转.csv,1029,right_bias,far,transition,20.651,182.0,20.0,162.0,182.0,20.0,162.0,0,1
车子右偏且从90度往正中间转且离墙最远转.csv,1030,right_bias,far,transition,20.671,249.0,20.0,229.0,182.0,20.0,162.0,0,1
车子右偏且从90度往正中间转且离墙最远转.csv,1031,right_bias,far,transition,20.691,132.0,20.0,112.0,182.0,20.0,162.0,0,1
车子右偏且从90度往正中间转且离墙最远转.csv,1032,right_bias,far,transition,20.711,214.0,19.0,195.0,182.0,20.0,162.0,0,1
车子右偏且从90度往正中间转且离墙最远转.csv,1033,right_bias,far,transition,20.731,116.0,20.0,96.0,182.0,20.0,162.0,0,1
车子右偏且从90度往正中间转且离墙最远转.csv,1034,right_bias,far,transition,20.752,183.0,32.0,151.0,183.0,20.0,163.0,0,1
车子右偏且从90度往正中间转且离墙最远转.csv,1035,right_bias,far,transition,20.772,182.0,20.0,162.0,182.0,20.0,162.0,0,1
车子右偏且从90度往正中间转且离墙最远转.csv,1036,right_bias,far,transition,20.792,182.0,21.0,161.0,182.0,20.0,162.0,0,1
车子右偏且从90度往正中间转且离墙最远转.csv,1037,right_bias,far,transition,20.812,214.0,20.0,194.0,182.0,20.0,162.0,0,1
车子右偏且从90度往正中间转且离墙最远转.csv,1038,right_bias,far,transition,20.832,167.0,20.0,147.0,182.0,20.0,162.0,0,1
车子右偏且从90度往正中间转且离墙最远转.csv,1039,right_bias,far,transition,20.852,460.0,20.0,440.0,182.0,20.0,162.0,0,1
车子右偏且从90度往正中间转且离墙最远转.csv,1040,right_bias,far,transition,20.872,198.0,20.0,178.0,183.0,20.0,163.0,0,1
车子右偏且从90度往正中间转且离墙最远转.csv,1041,right_bias,far,transition,20.892,182.0,20.0,162.0,182.0,20.0,162.0,0,1
车子右偏且从90度往正中间转且离墙最远转.csv,1042,right_bias,far,transition,20.912,215.0,20.0,195.0,183.0,20.0,163.0,0,1
车子右偏且从90度往正中间转且离墙最远转.csv,1043,right_bias,far,transition,20.932,17.0,20.0,-3.0,182.0,20.0,162.0,0,1
车子右偏且从90度往正中间转且离墙最远转.csv,1044,right_bias,far,transition,20.953,165.0,20.0,145.0,182.0,20.0,162.0,0,1
车子右偏且从90度往正中间转且离墙最远转.csv,1045,right_bias,far,transition,20.973,313.0,20.0,293.0,198.0,20.0,178.0,0,1
车子右偏且从90度往正中间转且离墙最远转.csv,1046,right_bias,far,transition,20.993,181.0,20.0,161.0,182.0,20.0,162.0,0,1
车子右偏且从90度往正中间转且离墙最远转.csv,1047,right_bias,far,transition,21.013,248.0,20.0,228.0,198.0,20.0,178.0,0,1
车子右偏且从90度往正中间转且离墙最远转.csv,1048,right_bias,far,transition,21.033,361.0,20.0,341.0,198.0,20.0,178.0,0,1
车子右偏且从90度往正中间转且离墙最远转.csv,1049,right_bias,far,transition,21.053,132.0,33.0,99.0,182.0,20.0,162.0,0,1
车子右偏且从90度往正中间转且离墙最远转.csv,1050,right_bias,far,transition,21.073,171.0,25.0,146.0,181.0,20.0,161.0,0,1
车子右偏且从90度往正中间转且离墙最远转.csv,1051,right_bias,far,transition,21.093,183.0,32.0,151.0,181.0,20.0,161.0,0,1
车子右偏且从90度往正中间转且离墙最远转.csv,1052,right_bias,far,transition,21.113,313.0,20.0,293.0,183.0,20.0,163.0,0,1
车子右偏且从90度往正中间转且离墙最远转.csv,1053,right_bias,far,transition,21.134,215.0,20.0,195.0,215.0,20.0,195.0,0,1
车子右偏且从90度往正中间转且离墙最远转.csv,1054,right_bias,far,transition,21.154,474.0,21.0,453.0,215.0,20.0,195.0,0,1
车子右偏且从90度往正中间转且离墙最远转.csv,1055,right_bias,far,transition,21.174,214.0,19.0,195.0,215.0,20.0,195.0,0,1
车子右偏且从90度往正中间转且离墙最远转.csv,1056,right_bias,far,transition,21.194,116.0,20.0,96.0,214.0,20.0,194.0,0,1
车子右偏且从90度往正中间转且离墙最远转.csv,1057,right_bias,far,transition,21.214,184.0,21.0,163.0,184.0,21.0,163.0,0,1
车子右偏且从90度往正中间转且离墙最远转.csv,1058,right_bias,far,transition,21.234,182.0,21.0,161.0,184.0,21.0,163.0,0,1
车子右偏且从90度往正中间转且离墙最远转.csv,1059,right_bias,far,transition,21.254,181.0,20.0,161.0,184.0,20.0,164.0,0,1
车子右偏且从90度往正中间转且离墙最远转.csv,1060,right_bias,far,transition,21.274,215.0,20.0,195.0,214.0,20.0,194.0,0,1
车子右偏且从90度往正中间转且离墙最远转.csv,1061,right_bias,far,transition,21.294,52.0,21.0,31.0,184.0,20.0,164.0,0,1
车子右偏且从90度往正中间转且离墙最远转.csv,1062,right_bias,far,transition,21.314,165.0,20.0,145.0,182.0,20.0,162.0,0,1
车子右偏且从90度往正中间转且离墙最远转.csv,1063,right_bias,far,transition,21.335,149.0,21.0,128.0,181.0,20.0,161.0,0,1
车子右偏且从90度往正中间转且离墙最远转.csv,1064,right_bias,far,transition,21.355,182.0,20.0,162.0,181.0,20.0,161.0,0,1
车子右偏且从90度往正中间转且离墙最远转.csv,1065,right_bias,far,transition,21.375,248.0,20.0,228.0,182.0,20.0,162.0,0,1
车子右偏且从90度往正中间转且离墙最远转.csv,1066,right_bias,far,transition,21.395,344.0,22.0,322.0,182.0,20.0,162.0,0,1
车子右偏且从90度往正中间转且离墙最远转.csv,1067,right_bias,far,transition,21.415,100.0,34.0,66.0,181.0,20.0,161.0,0,1
车子右偏且从90度往正中间转且离墙最远转.csv,1068,right_bias,far,transition,21.435,149.0,20.0,129.0,165.0,20.0,145.0,0,1
车子右偏且从90度往正中间转且离墙最远转.csv,1069,right_bias,far,transition,21.455,184.0,20.0,164.0,165.0,20.0,145.0,0,1
车子右偏且从90度往正中间转且离墙最远转.csv,1070,right_bias,far,transition,21.475,133.0,20.0,113.0,165.0,20.0,145.0,0,1
车子右偏且从90度往正中间转且离墙最远转.csv,1071,right_bias,far,transition,21.495,231.0,19.0,212.0,182.0,20.0,162.0,0,1
车子右偏且从90度往正中间转且离墙最远转.csv,1072,right_bias,far,transition,21.516,525.0,20.0,505.0,184.0,20.0,164.0,0,1
车子右偏且从90度往正中间转且离墙最远转.csv,1073,right_bias,far,transition,21.536,556.0,20.0,536.0,231.0,20.0,211.0,0,1
车子右偏且从90度往正中间转且离墙最远转.csv,1074,right_bias,far,transition,21.556,182.0,21.0,161.0,184.0,20.0,164.0,0,1
车子右偏且从90度往正中间转且离墙最远转.csv,1075,right_bias,far,transition,21.576,215.0,20.0,195.0,184.0,20.0,164.0,0,1
车子右偏且从90度往正中间转且离墙最远转.csv,1076,right_bias,far,transition,21.596,148.0,20.0,128.0,184.0,20.0,164.0,0,1
车子右偏且从90度往正中间转且离墙最远转.csv,1077,right_bias,far,transition,21.616,248.0,20.0,228.0,215.0,20.0,195.0,0,1
车子右偏且从90度往正中间转且离墙最远转.csv,1078,right_bias,far,transition,21.636,215.0,20.0,195.0,215.0,20.0,195.0,0,1
车子右偏且从90度往正中间转且离墙最远转.csv,1079,right_bias,far,transition,21.656,312.0,20.0,292.0,231.0,20.0,211.0,0,1
车子右偏且从90度往正中间转且离墙最远转.csv,1080,right_bias,far,transition,21.676,199.0,20.0,179.0,215.0,20.0,195.0,0,1
车子右偏且从90度往正中间转且离墙最远转.csv,1081,right_bias,far,transition,21.696,271.0,20.0,251.0,215.0,20.0,195.0,0,1
车子右偏且从90度往正中间转且离墙最远转.csv,1082,right_bias,far,transition,21.717,248.0,20.0,228.0,215.0,20.0,195.0,0,1
车子右偏且从90度往正中间转且离墙最远转.csv,1083,right_bias,far,transition,21.737,216.0,20.0,196.0,216.0,20.0,196.0,0,1
车子右偏且从90度往正中间转且离墙最远转.csv,1084,right_bias,far,transition,21.757,329.0,22.0,307.0,248.0,20.0,228.0,0,1
车子右偏且从90度往正中间转且离墙最远转.csv,1085,right_bias,far,transition,21.777,166.0,20.0,146.0,248.0,20.0,228.0,0,1
车子右偏且从90度往正中间转且离墙最远转.csv,1086,right_bias,far,transition,21.797,199.0,20.0,179.0,216.0,20.0,196.0,0,1
车子右偏且从90度往正中间转且离墙最远转.csv,1087,right_bias,far,transition,21.817,182.0,32.0,150.0,216.0,20.0,196.0,0,1
车子右偏且从90度往正中间转且离墙最远转.csv,1088,right_bias,far,transition,21.837,83.0,21.0,62.0,199.0,20.0,179.0,0,1
车子右偏且从90度往正中间转且离墙最远转.csv,1089,right_bias,far,transition,21.857,214.0,20.0,194.0,214.0,20.0,194.0,0,1
车子右偏且从90度往正中间转且离墙最远转.csv,1090,right_bias,far,transition,21.877,25.0,20.0,5.0,199.0,20.0,179.0,0,1
车子右偏且从90度往正中间转且离墙最远转.csv,1091,right_bias,far,transition,21.898,606.0,20.0,586.0,199.0,20.0,179.0,0,1
车子右偏且从90度往正中间转且离墙最远转.csv,1092,right_bias,far,transition,21.918,183.0,20.0,163.0,183.0,20.0,163.0,0,1
车子右偏且从90度往正中间转且离墙最远转.csv,1093,right_bias,far,transition,21.938,475.0,20.0,455.0,183.0,20.0,163.0,0,1
车子右偏且从90度往正中间转且离墙最远转.csv,1094,right_bias,far,transition,21.958,165.0,20.0,145.0,183.0,20.0,163.0,0,1
车子右偏且从90度往正中间转且离墙最远转.csv,1095,right_bias,far,transition,21.978,17.0,20.0,-3.0,182.0,20.0,162.0,0,1
车子右偏且从90度往正中间转且离墙最远转.csv,1096,right_bias,far,transition,21.998,199.0,21.0,178.0,183.0,20.0,163.0,0,1
车子右偏且从90度往正中间转且离墙最远转.csv,1097,right_bias,far,transition,22.018,20.0,21.0,-1.0,183.0,20.0,163.0,0,1
车子右偏且从90度往正中间转且离墙最远转.csv,1098,right_bias,far,transition,22.038,181.0,21.0,160.0,181.0,20.0,161.0,0,1
车子右偏且从90度往正中间转且离墙最远转.csv,1099,right_bias,far,transition,22.058,579.0,21.0,558.0,183.0,20.0,163.0,0,1
车子右偏且从90度往正中间转且离墙最远转.csv,1100,right_bias,far,transition,22.078,427.0,20.0,407.0,183.0,20.0,163.0,0,1
车子右偏且从90度往正中间转且离墙最远转.csv,1101,right_bias,far,transition,22.099,231.0,20.0,211.0,199.0,20.0,179.0,0,1
车子右偏且从90度往正中间转且离墙最远转.csv,1102,right_bias,far,transition,22.119,215.0,20.0,195.0,199.0,20.0,179.0,0,1
车子右偏且从90度往正中间转且离墙最远转.csv,1103,right_bias,far,transition,22.139,25.0,20.0,5.0,199.0,20.0,179.0,0,1
车子右偏且从90度往正中间转且离墙最远转.csv,1104,right_bias,far,transition,22.159,117.0,33.0,84.0,199.0,21.0,178.0,0,1
车子右偏且从90度往正中间转且离墙最远转.csv,1105,right_bias,far,transition,22.179,183.0,31.0,152.0,183.0,21.0,162.0,0,1
车子右偏且从90度往正中间转且离墙最远转.csv,1106,right_bias,far,transition,22.199,230.0,20.0,210.0,215.0,20.0,195.0,0,1
车子右偏且从90度往正中间转且离墙最远转.csv,1107,right_bias,far,transition,22.219,215.0,20.0,195.0,215.0,20.0,195.0,0,1
车子右偏且从90度往正中间转且离墙最远转.csv,1108,right_bias,far,transition,22.239,149.0,21.0,128.0,215.0,20.0,195.0,0,1
车子右偏且从90度往正中间转且离墙最远转.csv,1109,right_bias,far,transition,22.259,198.0,20.0,178.0,198.0,20.0,178.0,0,1
车子右偏且从90度往正中间转且离墙最远转.csv,1110,right_bias,far,transition,22.28,167.0,20.0,147.0,183.0,20.0,163.0,0,1
车子右偏且从90度往正中间转且离墙最远转.csv,1111,right_bias,far,transition,22.3,490.0,20.0,470.0,183.0,20.0,163.0,0,1
车子右偏且从90度往正中间转且离墙最远转.csv,1112,right_bias,far,transition,22.32,256.0,20.0,236.0,198.0,20.0,178.0,0,1
车子右偏且从90度往正中间转且离墙最远转.csv,1113,right_bias,far,transition,22.34,52.0,20.0,32.0,198.0,20.0,178.0,0,1
车子右偏且从90度往正中间转且离墙最远转.csv,1114,right_bias,far,transition,22.36,166.0,20.0,146.0,198.0,20.0,178.0,0,1
车子右偏且从90度往正中间转且离墙最远转.csv,1115,right_bias,far,transition,22.38,17.0,20.0,-3.0,167.0,20.0,147.0,0,1
车子右偏且从90度往正中间转且离墙最远转.csv,1116,right_bias,far,transition,22.4,182.0,21.0,161.0,167.0,20.0,147.0,0,1
车子右偏且从90度往正中间转且离墙最远转.csv,1117,right_bias,far,transition,22.42,280.0,20.0,260.0,182.0,20.0,162.0,0,1
车子右偏且从90度往正中间转且离墙最远转.csv,1118,right_bias,far,transition,22.44,590.0,20.0,570.0,182.0,20.0,162.0,0,1
车子右偏且从90度往正中间转且离墙最远转.csv,1119,right_bias,far,transition,22.46,214.0,20.0,194.0,214.0,20.0,194.0,0,1
车子右偏且从90度往正中间转且离墙最远转.csv,1120,right_bias,far,transition,22.481,459.0,20.0,439.0,214.0,20.0,194.0,0,1
车子右偏且从90度往正中间转且离墙最远转.csv,1121,right_bias,far,transition,22.501,165.0,24.0,141.0,182.0,20.0,162.0,0,1
车子右偏且从90度往正中间转且离墙最远转.csv,1122,right_bias,far,transition,22.521,17.0,33.0,-16.0,182.0,20.0,162.0,0,1
车子右偏且从90度往正中间转且离墙最远转.csv,1123,right_bias,far,transition,22.541,215.0,20.0,195.0,214.0,20.0,194.0,0,1
车子右偏且从90度往正中间转且离墙最远转.csv,1124,right_bias,far,transition,22.561,26.0,20.0,6.0,214.0,20.0,194.0,0,1
车子右偏且从90度往正中间转且离墙最远转.csv,1125,right_bias,far,transition,22.581,215.0,26.0,189.0,215.0,20.0,195.0,0,1
车子右偏且从90度往正中间转且离墙最远转.csv,1126,right_bias,far,transition,22.601,332.0,20.0,312.0,215.0,20.0,195.0,0,1
车子右偏且从90度往正中间转且离墙最远转.csv,1127,right_bias,far,transition,22.621,248.0,20.0,228.0,215.0,20.0,195.0,0,1
车子右偏且从90度往正中间转且离墙最远转.csv,1128,right_bias,far,transition,22.641,181.0,20.0,161.0,215.0,20.0,195.0,0,1
车子右偏且从90度往正中间转且离墙最远转.csv,1129,right_bias,far,transition,22.662,214.0,21.0,193.0,214.0,20.0,194.0,0,1
车子右偏且从90度往正中间转且离墙最远转.csv,1130,right_bias,far,transition,22.682,223.0,19.0,204.0,215.0,20.0,195.0,0,1
车子右偏且从90度往正中间转且离墙最远转.csv,1131,right_bias,far,transition,22.702,199.0,20.0,179.0,215.0,20.0,195.0,0,1
车子右偏且从90度往正中间转且离墙最远转.csv,1132,right_bias,far,transition,22.722,166.0,20.0,146.0,214.0,20.0,194.0,0,1
车子右偏且从90度往正中间转且离墙最远转.csv,1133,right_bias,far,transition,22.742,165.0,20.0,145.0,214.0,20.0,194.0,0,1
车子右偏且从90度往正中间转且离墙最远转.csv,1134,right_bias,far,transition,22.762,181.0,20.0,161.0,199.0,20.0,179.0,0,1
车子右偏且从90度往正中间转且离墙最远转.csv,1135,right_bias,far,transition,22.782,231.0,20.0,211.0,199.0,20.0,179.0,0,1
车子右偏且从90度往正中间转且离墙最远转.csv,1136,right_bias,far,transition,22.802,264.0,20.0,244.0,199.0,20.0,179.0,0,1
车子右偏且从90度往正中间转且离墙最远转.csv,1137,right_bias,far,transition,22.822,198.0,20.0,178.0,199.0,20.0,179.0,0,1
车子右偏且从90度往正中间转且离墙最远转.csv,1138,right_bias,far,transition,22.842,542.0,21.0,521.0,199.0,20.0,179.0,0,1
车子右偏且从90度往正中间转且离墙最远转.csv,1139,right_bias,far,transition,22.863,182.0,21.0,161.0,198.0,20.0,178.0,0,1
车子右偏且从90度往正中间转且离墙最远转.csv,1140,right_bias,far,transition,22.883,51.0,20.0,31.0,182.0,20.0,162.0,0,1
车子右偏且从90度往正中间转且离墙最远转.csv,1141,right_bias,far,transition,22.903,248.0,20.0,228.0,198.0,20.0,178.0,0,1
车子右偏且从90度往正中间转且离墙最远转.csv,1142,right_bias,far,transition,22.923,17.0,31.0,-14.0,198.0,20.0,178.0,0,1
车子右偏且从90度往正中间转且离墙最远转.csv,1143,right_bias,far,transition,22.943,223.0,32.0,191.0,223.0,20.0,203.0,0,1
车子右偏且从90度往正中间转且离墙最远转.csv,1144,right_bias,far,transition,22.963,182.0,20.0,162.0,198.0,20.0,178.0,0,1
车子右偏且从90度往正中间转且离墙最远转.csv,1145,right_bias,far,transition,22.983,606.0,20.0,586.0,198.0,20.0,178.0,0,1
车子右偏且从90度往正中间转且离墙最远转.csv,1146,right_bias,far,transition,23.003,188.0,20.0,168.0,188.0,20.0,168.0,0,1
车子右偏且从90度往正中间转且离墙最远转.csv,1147,right_bias,far,transition,23.024,393.0,20.0,373.0,188.0,20.0,168.0,0,1
车子右偏且从90度往正中间转且离墙最远转.csv,1148,right_bias,far,transition,23.044,215.0,20.0,195.0,215.0,20.0,195.0,0,1
车子右偏且从90度往正中间转且离墙最远转.csv,1149,right_bias,far,transition,23.064,17.0,20.0,-3.0,215.0,20.0,195.0,0,1
车子右偏且从90度往正中间转且离墙最远转.csv,1150,right_bias,far,transition,23.084,166.0,20.0,146.0,188.0,20.0,168.0,0,1
车子右偏且从90度往正中间转且离墙最远转.csv,1151,right_bias,far,transition,23.104,108.0,19.0,89.0,188.0,20.0,168.0,0,1
车子右偏且从90度往正中间转且离墙最远转.csv,1152,right_bias,far,transition,23.124,182.0,20.0,162.0,182.0,20.0,162.0,0,1
车子右偏且从90度往正中间转且离墙最远转.csv,1153,right_bias,far,transition,23.144,215.0,20.0,195.0,188.0,20.0,168.0,0,1
车子右偏且从90度往正中间转且离墙最远转.csv,1154,right_bias,far,transition,23.164,215.0,19.0,196.0,188.0,20.0,168.0,0,1
车子右偏且从90度往正中间转且离墙最远转.csv,1155,right_bias,far,transition,23.184,165.0,20.0,145.0,182.0,20.0,162.0,0,1
车子右偏且从90度往正中间转且离墙最远转.csv,1156,right_bias,far,transition,23.204,238.0,20.0,218.0,182.0,20.0,162.0,0,1
车子右偏且从90度往正中间转且离墙最远转.csv,1157,right_bias,far,transition,23.225,182.0,20.0,162.0,182.0,20.0,162.0,0,1
车子右偏且从90度往正中间转且离墙最远转.csv,1158,right_bias,far,transition,23.245,232.0,22.0,210.0,182.0,20.0,162.0,0,1
车子右偏且从90度往正中间转且离墙最远转.csv,1159,right_bias,far,transition,23.265,216.0,33.0,183.0,215.0,20.0,195.0,0,1
车子右偏且从90度往正中间转且离墙最远转.csv,1160,right_bias,far,transition,23.285,100.0,22.0,78.0,215.0,20.0,195.0,0,1
车子右偏且从90度往正中间转且离墙最远转.csv,1161,right_bias,far,transition,23.305,174.0,20.0,154.0,215.0,20.0,195.0,0,1
车子右偏且从90度往正中间转且离墙最远转.csv,1162,right_bias,far,transition,23.325,199.0,20.0,179.0,199.0,20.0,179.0,0,1
车子右偏且从90度往正中间转且离墙最远转.csv,1163,right_bias,far,transition,23.345,25.0,20.0,5.0,182.0,20.0,162.0,0,1
车子右偏且从90度往正中间转且离墙最远转.csv,1164,right_bias,far,transition,23.365,214.0,20.0,194.0,199.0,20.0,179.0,0,1
车子右偏且从90度往正中间转且离墙最远转.csv,1165,right_bias,far,transition,23.385,541.0,20.0,521.0,199.0,20.0,179.0,0,1
车子右偏且从90度往正中间转且离墙最远转.csv,1166,right_bias,far,transition,23.406,606.0,20.0,586.0,214.0,20.0,194.0,0,1
车子右偏且从90度往正中间转且离墙最远转.csv,1167,right_bias,far,transition,23.426,116.0,20.0,96.0,199.0,20.0,179.0,0,1
车子右偏且从90度往正中间转且离墙最远转.csv,1168,right_bias,far,transition,23.446,247.0,20.0,227.0,199.0,20.0,179.0,0,1
车子右偏且从90度往正中间转且离墙最远转.csv,1169,right_bias,far,transition,23.466,40.0,20.0,20.0,199.0,20.0,179.0,0,1
车子右偏且从90度往正中间转且离墙最远转.csv,1170,right_bias,far,transition,23.486,215.0,20.0,195.0,214.0,20.0,194.0,0,1
车子右偏且从90度往正中间转且离墙最远转.csv,1171,right_bias,far,transition,23.506,199.0,20.0,179.0,214.0,20.0,194.0,0,1
车子右偏且从90度往正中间转且离墙最远转.csv,1172,right_bias,far,transition,23.526,410.0,20.0,390.0,215.0,20.0,195.0,0,1
车子右偏且从90度往正中间转且离墙最远转.csv,1173,right_bias,far,transition,23.546,181.0,20.0,161.0,215.0,20.0,195.0,0,1
车子右偏且从90度往正中间转且离墙最远转.csv,1174,right_bias,far,transition,23.566,368.0,19.0,349.0,215.0,20.0,195.0,0,1
车子右偏且从90度往正中间转且离墙最远转.csv,1175,right_bias,far,transition,23.586,215.0,20.0,195.0,215.0,20.0,195.0,0,1
车子右偏且从90度往正中间转且离墙最远转.csv,1176,right_bias,far,transition,23.607,214.0,21.0,193.0,215.0,20.0,195.0,0,1
车子右偏且从90度往正中间转且离墙最远转.csv,1177,right_bias,far,transition,23.627,207.0,20.0,187.0,214.0,20.0,194.0,0,1
车子右偏且从90度往正中间转且离墙最远转.csv,1178,right_bias,far,transition,23.647,198.0,20.0,178.0,214.0,20.0,194.0,0,1
车子右偏且从90度往正中间转且离墙最远转.csv,1179,right_bias,far,transition,23.667,171.0,20.0,151.0,207.0,20.0,187.0,0,1
车子右偏且从90度往正中间转且离墙最远转.csv,1180,right_bias,far,transition,23.687,182.0,19.0,163.0,207.0,20.0,187.0,0,1
车子右偏且从90度往正中间转且离墙最远转.csv,1181,right_bias,far,transition,23.707,100.0,20.0,80.0,198.0,20.0,178.0,0,1
车子右偏且从90度往正中间转且离墙最远转.csv,1182,right_bias,far,transition,23.727,231.0,20.0,211.0,207.0,20.0,187.0,0,1
车子右偏且从90度往正中间转且离墙最远转.csv,1183,right_bias,far,transition,23.748,83.0,20.0,63.0,198.0,20.0,178.0,0,1
车子右偏且从90度往正中间转且离墙最远转.csv,1184,right_bias,far,transition,23.768,560.0,20.0,540.0,198.0,20.0,178.0,0,1
车子右偏且从90度往正中间转且离墙最远转.csv,1185,right_bias,far,transition,23.788,183.0,32.0,151.0,183.0,20.0,163.0,0,1
车子右偏且从90度往正中间转且离墙最远转.csv,1186,right_bias,far,transition,23.808,328.0,20.0,308.0,183.0,20.0,163.0,0,1
车子右偏且从90度往正中间转且离墙最远转.csv,1187,right_bias,far,transition,23.828,165.0,21.0,144.0,182.0,20.0,162.0,0,1
车子右偏且从90度往正中间转且离墙最远转.csv,1188,right_bias,far,transition,23.848,16.0,20.0,-4.0,182.0,20.0,162.0,0,1
车子右偏且从90度往正中间转且离墙最远转.csv,1189,right_bias,far,transition,23.868,214.0,20.0,194.0,183.0,20.0,163.0,0,1
车子右偏且从90度往正中间转且离墙最远转.csv,1190,right_bias,far,transition,23.888,42.0,20.0,22.0,183.0,20.0,163.0,0,1
车子右偏且从90度往正中间转且离墙最远转.csv,1191,right_bias,far,transition,23.908,182.0,20.0,162.0,182.0,20.0,162.0,0,1
车子右偏且从90度往正中间转且离墙最远转.csv,1192,right_bias,far,transition,23.928,559.0,20.0,539.0,183.0,20.0,163.0,0,1
车子右偏且从90度往正中间转且离墙最远转.csv,1193,right_bias,far,transition,23.949,443.0,19.0,424.0,183.0,20.0,163.0,0,1
车子右偏且从90度往正中间转且离墙最远转.csv,1194,right_bias,far,transition,23.969,215.0,20.0,195.0,214.0,20.0,194.0,0,1
车子右偏且从90度往正中间转且离墙最远转.csv,1195,right_bias,far,transition,23.989,215.0,20.0,195.0,214.0,20.0,194.0,0,1
车子右偏且从90度往正中间转且离墙最远转.csv,1196,right_bias,far,end,24.009,32.0,24.0,8.0,214.0,20.0,194.0,0,1
车子右偏且从90度往正中间转且离墙最远转.csv,1197,right_bias,far,end,24.029,25.0,20.0,5.0,214.0,20.0,194.0,0,1
车子右偏且从90度往正中间转且离墙最远转.csv,1198,right_bias,far,end,24.049,182.0,25.0,157.0,182.0,20.0,162.0,0,1
车子右偏且从90度往正中间转且离墙最远转.csv,1199,right_bias,far,end,24.069,377.0,20.0,357.0,215.0,20.0,195.0,0,1
车子右偏且从90度往正中间转且离墙最远转.csv,1200,right_bias,far,end,24.089,236.0,20.0,216.0,215.0,20.0,195.0,0,1
车子右偏且从90度往正中间转且离墙最远转.csv,1201,right_bias,far,end,24.109,231.0,20.0,211.0,215.0,20.0,195.0,0,1
车子右偏且从90度往正中间转且离墙最远转.csv,1202,right_bias,far,end,24.129,166.0,20.0,146.0,215.0,20.0,195.0,0,1
车子右偏且从90度往正中间转且离墙最远转.csv,1203,right_bias,far,end,24.15,182.0,20.0,162.0,182.0,20.0,162.0,0,1
车子右偏且从90度往正中间转且离墙最远转.csv,1204,right_bias,far,end,24.17,280.0,21.0,259.0,182.0,20.0,162.0,0,1
车子右偏且从90度往正中间转且离墙最远转.csv,1205,right_bias,far,end,24.19,182.0,20.0,162.0,182.0,20.0,162.0,0,1
车子右偏且从90度往正中间转且离墙最远转.csv,1206,right_bias,far,end,24.21,166.0,20.0,146.0,182.0,20.0,162.0,0,1
车子右偏且从90度往正中间转且离墙最远转.csv,1207,right_bias,far,end,24.23,215.0,20.0,195.0,215.0,20.0,195.0,0,1
车子右偏且从90度往正中间转且离墙最远转.csv,1208,right_bias,far,end,24.25,16.0,20.0,-4.0,182.0,20.0,162.0,0,1
车子右偏且从90度往正中间转且离墙最远转.csv,1209,right_bias,far,end,24.27,181.0,20.0,161.0,182.0,20.0,162.0,0,1
车子右偏且从90度往正中间转且离墙最远转.csv,1210,right_bias,far,end,24.29,165.0,20.0,145.0,181.0,20.0,161.0,0,1
车子右偏且从90度往正中间转且离墙最远转.csv,1211,right_bias,far,end,24.31,587.0,20.0,567.0,182.0,20.0,162.0,0,1
车子右偏且从90度往正中间转且离墙最远转.csv,1212,right_bias,far,end,24.33,215.0,20.0,195.0,182.0,20.0,162.0,0,1
车子右偏且从90度往正中间转且离墙最远转.csv,1213,right_bias,far,end,24.35,345.0,20.0,325.0,182.0,20.0,162.0,0,1
车子右偏且从90度往正中间转且离墙最远转.csv,1214,right_bias,far,end,24.37,18.0,20.0,-2.0,181.0,20.0,161.0,0,1
车子右偏且从90度往正中间转且离墙最远转.csv,1215,right_bias,far,end,24.39,17.0,20.0,-3.0,181.0,20.0,161.0,0,1
车子右偏且从90度往正中间转且离墙最远转.csv,1216,right_bias,far,end,24.41,166.0,20.0,146.0,166.0,20.0,146.0,0,1
车子右偏且从90度往正中间转且离墙最远转.csv,1217,right_bias,far,end,24.431,232.0,20.0,212.0,181.0,20.0,161.0,0,1
车子右偏且从90度往正中间转且离墙最远转.csv,1218,right_bias,far,end,24.451,214.0,20.0,194.0,214.0,20.0,194.0,0,1
车子右偏且从90度往正中间转且离墙最远转.csv,1219,right_bias,far,end,24.471,526.0,19.0,507.0,215.0,20.0,195.0,0,1
车子右偏且从90度往正中间转且离墙最远转.csv,1220,right_bias,far,end,24.491,215.0,20.0,195.0,215.0,20.0,195.0,0,1
车子右偏且从90度往正中间转且离墙最远转.csv,1221,right_bias,far,end,24.511,149.0,20.0,129.0,214.0,20.0,194.0,0,1
车子右偏且从90度往正中间转且离墙最远转.csv,1222,right_bias,far,end,24.531,165.0,20.0,145.0,166.0,20.0,146.0,0,1
车子右偏且从90度往正中间转且离墙最远转.csv,1223,right_bias,far,end,24.551,67.0,29.0,38.0,166.0,20.0,146.0,0,1
车子右偏且从90度往正中间转且离墙最远转.csv,1224,right_bias,far,end,24.571,216.0,20.0,196.0,214.0,20.0,194.0,0,1
车子右偏且从90度往正中间转且离墙最远转.csv,1225,right_bias,far,end,24.591,168.0,20.0,148.0,214.0,20.0,194.0,0,1
车子右偏且从90度往正中间转且离墙最远转.csv,1226,right_bias,far,end,24.611,184.0,20.0,164.0,184.0,20.0,164.0,0,1
车子右偏且从90度往正中间转且离墙最远转.csv,1227,right_bias,far,end,24.631,166.0,20.0,146.0,168.0,20.0,148.0,0,1
车子右偏且从90度往正中间转且离墙最远转.csv,1228,right_bias,far,end,24.651,101.0,20.0,81.0,166.0,20.0,146.0,0,1
车子右偏且从90度往正中间转且离墙最远转.csv,1229,right_bias,far,end,24.671,411.0,20.0,391.0,166.0,20.0,146.0,0,1
车子右偏且从90度往正中间转且离墙最远转.csv,1230,right_bias,far,end,24.692,200.0,20.0,180.0,168.0,20.0,148.0,0,1
车子右偏且从90度往正中间转且离墙最远转.csv,1231,right_bias,far,end,24.712,305.0,20.0,285.0,184.0,20.0,164.0,0,1
车子右偏且从90度往正中间转且离墙最远转.csv,1232,right_bias,far,end,24.732,166.0,20.0,146.0,184.0,20.0,164.0,0,1
车子右偏且从90度往正中间转且离墙最远转.csv,1233,right_bias,far,end,24.752,33.0,20.0,13.0,168.0,20.0,148.0,0,1
车子右偏且从90度往正中间转且离墙最远转.csv,1234,right_bias,far,end,24.772,167.0,20.0,147.0,167.0,20.0,147.0,0,1
车子右偏且从90度往正中间转且离墙最远转.csv,1235,right_bias,far,end,24.792,68.0,26.0,42.0,166.0,20.0,146.0,0,1
车子右偏且从90度往正中间转且离墙最远转.csv,1236,right_bias,far,end,24.812,207.0,32.0,175.0,167.0,20.0,147.0,0,1
车子右偏且从90度往正中间转且离墙最远转.csv,1237,right_bias,far,end,24.832,134.0,20.0,114.0,167.0,20.0,147.0,0,1
车子右偏且从90度往正中间转且离墙最远转.csv,1238,right_bias,far,end,24.852,509.0,20.0,489.0,167.0,20.0,147.0,0,1
车子右偏且从90度往正中间转且离墙最远转.csv,1239,right_bias,far,end,24.872,167.0,20.0,147.0,167.0,20.0,147.0,0,1
车子右偏且从90度往正中间转且离墙最远转.csv,1240,right_bias,far,end,24.892,296.0,20.0,276.0,167.0,20.0,147.0,0,1
车子右偏且从90度往正中间转且离墙最远转.csv,1241,right_bias,far,end,24.912,156.0,20.0,136.0,167.0,20.0,147.0,0,1
车子右偏且从90度往正中间转且离墙最远转.csv,1242,right_bias,far,end,24.933,16.0,20.0,-4.0,167.0,20.0,147.0,0,1
车子右偏且从90度往正中间转且离墙最远转.csv,1243,right_bias,far,end,24.953,134.0,20.0,114.0,156.0,20.0,136.0,0,1
车子右偏且从90度往正中间转且离墙最远转.csv,1244,right_bias,far,end,24.973,232.0,20.0,212.0,167.0,20.0,147.0,0,1
车子右偏且从90度往正中间转且离墙最远转.csv,1245,right_bias,far,end,24.993,166.0,20.0,146.0,166.0,20.0,146.0,0,1
车子右偏且从90度往正中间转且离墙最远转.csv,1246,right_bias,far,end,25.013,216.0,20.0,196.0,167.0,20.0,147.0,0,1
车子右偏且从90度往正中间转且离墙最远转.csv,1247,right_bias,far,end,25.033,201.0,27.0,174.0,167.0,20.0,147.0,0,1
车子右偏且从90度往正中间转且离墙最远转.csv,1248,right_bias,far,end,25.053,192.0,20.0,172.0,192.0,20.0,172.0,0,1
车子右偏且从90度往正中间转且离墙最远转.csv,1249,right_bias,far,end,25.073,133.0,20.0,113.0,166.0,20.0,146.0,0,1
车子右偏且从90度往正中间转且离墙最远转.csv,1250,right_bias,far,end,25.093,165.0,20.0,145.0,166.0,20.0,146.0,0,1
车子右偏且从90度往正中间转且离墙最远转.csv,1251,right_bias,far,end,25.113,167.0,20.0,147.0,167.0,20.0,147.0,0,1
车子右偏且从90度往正中间转且离墙最远转.csv,1252,right_bias,far,end,25.133,216.0,20.0,196.0,192.0,20.0,172.0,0,1
车子右偏且从90度往正中间转且离墙最远转.csv,1253,right_bias,far,end,25.153,19.0,20.0,-1.0,167.0,20.0,147.0,0,1
车子右偏且从90度往正中间转且离墙最远转.csv,1254,right_bias,far,end,25.174,182.0,19.0,163.0,182.0,20.0,162.0,0,1
车子右偏且从90度往正中间转且离墙最远转.csv,1255,right_bias,far,end,25.194,150.0,19.0,131.0,167.0,20.0,147.0,0,1
车子右偏且从90度往正中间转且离墙最远转.csv,1256,right_bias,far,end,25.214,443.0,20.0,423.0,167.0,20.0,147.0,0,1
车子右偏且从90度往正中间转且离墙最远转.csv,1257,right_bias,far,end,25.234,166.0,20.0,146.0,166.0,20.0,146.0,0,1
车子右偏且从90度往正中间转且离墙最远转.csv,1258,right_bias,far,end,25.254,297.0,20.0,277.0,167.0,20.0,147.0,0,1
车子右偏且从90度往正中间转且离墙最远转.csv,1259,right_bias,far,end,25.274,150.0,19.0,131.0,167.0,20.0,147.0,0,1
车子右偏且从90度往正中间转且离墙最远转.csv,1260,right_bias,far,end,25.294,17.0,19.0,-2.0,166.0,20.0,146.0,0,1
车子右偏且从90度往正中间转且离墙最远转.csv,1261,right_bias,far,end,25.314,134.0,20.0,114.0,150.0,20.0,130.0,0,1
车子右偏且从90度往正中间转且离墙最远转.csv,1262,right_bias,far,end,25.334,19.0,21.0,-2.0,150.0,20.0,130.0,0,1
车子右偏且从90度往正中间转且离墙最远转.csv,1263,right_bias,far,end,25.354,133.0,20.0,113.0,150.0,20.0,130.0,0,1
车子右偏且从90度往正中间转且离墙最远转.csv,1264,right_bias,far,end,25.375,151.0,19.0,132.0,150.0,20.0,130.0,0,1
车子右偏且从90度往正中间转且离墙最远转.csv,1265,right_bias,far,end,25.395,396.0,21.0,375.0,150.0,20.0,130.0,0,1
车子右偏且从90度往正中间转且离墙最远转.csv,1266,right_bias,far,end,25.415,102.0,20.0,82.0,134.0,20.0,114.0,0,1
车子右偏且从90度往正中间转且离墙最远转.csv,1267,right_bias,far,end,25.435,133.0,20.0,113.0,133.0,20.0,113.0,0,1
车子右偏且从90度往正中间转且离墙最远转.csv,1268,right_bias,far,end,25.455,42.0,32.0,10.0,133.0,20.0,113.0,0,1
车子右偏且从90度往正中间转且离墙最远转.csv,1269,right_bias,far,end,25.475,16.0,20.0,-4.0,133.0,20.0,113.0,0,1
车子右偏且从90度往正中间转且离墙最远转.csv,1270,right_bias,far,end,25.495,167.0,20.0,147.0,133.0,20.0,113.0,0,1
车子右偏且从90度往正中间转且离墙最远转.csv,1271,right_bias,far,end,25.515,264.0,20.0,244.0,133.0,20.0,113.0,0,1
车子右偏且从90度往正中间转且离墙最远转.csv,1272,right_bias,far,end,25.535,100.0,19.0,81.0,133.0,20.0,113.0,0,1
车子右偏且从90度往正中间转且离墙最远转.csv,1273,right_bias,far,end,25.556,134.0,20.0,114.0,133.0,20.0,113.0,0,1
车子右偏且从90度往正中间转且离墙最远转.csv,1274,right_bias,far,end,25.576,118.0,20.0,98.0,118.0,20.0,98.0,0,1
车子右偏且从90度往正中间转且离墙最远转.csv,1275,right_bias,far,end,25.596,183.0,23.0,160.0,133.0,20.0,113.0,0,1
车子右偏且从90度往正中间转且离墙最远转.csv,1276,right_bias,far,end,25.616,248.0,20.0,228.0,134.0,20.0,114.0,0,1
车子右偏且从90度往正中间转且离墙最远转.csv,1277,right_bias,far,end,25.636,166.0,20.0,146.0,166.0,20.0,146.0,0,1
车子右偏且从90度往正中间转且离墙最远转.csv,1278,right_bias,far,end,25.656,133.0,19.0,114.0,166.0,20.0,146.0,0,1
车子右偏且从90度往正中间转且离墙最远转.csv,1279,right_bias,far,end,25.676,133.0,19.0,114.0,134.0,20.0,114.0,0,1
车子右偏且从90度往正中间转且离墙最远转.csv,1280,right_bias,far,end,25.696,40.0,20.0,20.0,133.0,20.0,113.0,0,1
车子右偏且从90度往正中间转且离墙最远转.csv,1281,right_bias,far,end,25.716,164.0,20.0,144.0,134.0,20.0,114.0,0,1
车子右偏且从90度往正中间转且离墙最远转.csv,1282,right_bias,far,end,25.736,133.0,20.0,113.0,133.0,20.0,113.0,0,1
车子右偏且从90度往正中间转且离墙最远转.csv,1283,right_bias,far,end,25.757,296.0,33.0,263.0,164.0,20.0,144.0,0,1
车子右偏且从90度往正中间转且离墙最远转.csv,1284,right_bias,far,end,25.777,159.0,31.0,128.0,159.0,20.0,139.0,0,1
车子右偏且从90度往正中间转且离墙最远转.csv,1285,right_bias,far,end,25.797,329.0,33.0,296.0,159.0,20.0,139.0,0,1
车子右偏且从90度往正中间转且离墙最远转.csv,1286,right_bias,far,end,25.817,133.0,21.0,112.0,133.0,20.0,113.0,0,1
车子右偏且从90度往正中间转且离墙最远转.csv,1287,right_bias,far,end,25.837,16.0,20.0,-4.0,133.0,20.0,113.0,0,1
车子右偏且从90度往正中间转且离墙最远转.csv,1288,right_bias,far,end,25.857,99.0,19.0,80.0,133.0,20.0,113.0,0,1
车子右偏且从90度往正中间转且离墙最远转.csv,1289,right_bias,far,end,25.877,17.0,20.0,-3.0,133.0,20.0,113.0,0,1
车子右偏且从90度往正中间转且离墙最远转.csv,1290,right_bias,far,end,25.897,100.0,20.0,80.0,133.0,20.0,113.0,0,1
车子右偏且从90度往正中间转且离墙最远转.csv,1291,right_bias,far,end,25.917,99.0,21.0,78.0,100.0,21.0,79.0,0,1
车子右偏且从90度往正中间转且离墙最远转.csv,1292,right_bias,far,end,25.938,215.0,20.0,195.0,100.0,20.0,80.0,0,1
车子右偏且从90度往正中间转且离墙最远转.csv,1293,right_bias,far,end,25.958,100.0,19.0,81.0,100.0,20.0,80.0,0,1
车子右偏且从90度往正中间转且离墙最远转.csv,1294,right_bias,far,end,25.978,83.0,19.0,64.0,99.0,20.0,79.0,0,1
车子右偏且从90度往正中间转且离墙最远转.csv,1295,right_bias,far,end,25.998,100.0,20.0,80.0,99.0,20.0,79.0,0,1
车子右偏且从90度往正中间转且离墙最远转.csv,1296,right_bias,far,end,26.018,16.0,20.0,-4.0,99.0,20.0,79.0,0,1
车子右偏且从90度往正中间转且离墙最远转.csv,1297,right_bias,far,end,26.038,109.0,20.0,89.0,100.0,20.0,80.0,0,1
车子右偏且从90度往正中间转且离墙最远转.csv,1298,right_bias,far,end,26.058,100.0,19.0,81.0,100.0,20.0,80.0,0,1
车子右偏且从90度往正中间转且离墙最远转.csv,1299,right_bias,far,end,26.078,19.0,20.0,-1.0,100.0,20.0,80.0,0,1
车子右偏且从90度往正中间转且离墙最远转.csv,1300,right_bias,far,end,26.098,51.0,24.0,27.0,100.0,20.0,80.0,0,1
车子右偏且从90度往正中间转且离墙最远转.csv,1301,right_bias,far,end,26.118,166.0,33.0,133.0,100.0,20.0,80.0,0,1
车子右偏且从90度往正中间转且离墙最远转.csv,1302,right_bias,far,end,26.139,100.0,20.0,80.0,100.0,20.0,80.0,0,1
车子右偏且从90度往正中间转且离墙最远转.csv,1303,right_bias,far,end,26.159,196.0,21.0,175.0,100.0,20.0,80.0,0,1
车子右偏且从90度往正中间转且离墙最远转.csv,1304,right_bias,far,end,26.179,84.0,21.0,63.0,100.0,20.0,80.0,0,1
车子右偏且从90度往正中间转且离墙最远转.csv,1305,right_bias,far,end,26.199,17.0,20.0,-3.0,100.0,20.0,80.0,0,1
车子右偏且从90度往正中间转且离墙最远转.csv,1306,right_bias,far,end,26.219,66.0,21.0,45.0,84.0,21.0,63.0,0,1
车子右偏且从90度往正中间转且离墙最远转.csv,1307,right_bias,far,end,26.239,17.0,20.0,-3.0,66.0,21.0,45.0,0,1
车子右偏且从90度往正中间转且离墙最远转.csv,1308,right_bias,far,end,26.259,67.0,20.0,47.0,67.0,21.0,46.0,0,1
车子右偏且从90度往正中间转且离墙最远转.csv,1309,right_bias,far,end,26.279,116.0,20.0,96.0,84.0,20.0,64.0,0,1
车子右偏且从90度往正中间转且离墙最远转.csv,1310,right_bias,far,end,26.299,313.0,21.0,292.0,84.0,20.0,64.0,0,1
车子右偏且从90度往正中间转且离墙最远转.csv,1311,right_bias,far,end,26.32,51.0,19.0,32.0,67.0,20.0,47.0,0,1
车子右偏且从90度往正中间转且离墙最远转.csv,1312,right_bias,far,end,26.34,51.0,20.0,31.0,66.0,20.0,46.0,0,1
车子右偏且从90度往正中间转且离墙最远转.csv,1313,right_bias,far,end,26.36,100.0,20.0,80.0,66.0,20.0,46.0,0,1
车子右偏且从90度往正中间转且离墙最远转.csv,1314,right_bias,far,end,26.38,17.0,21.0,-4.0,66.0,20.0,46.0,0,1
车子右偏且从90度往正中间转且离墙最远转.csv,1315,right_bias,far,end,26.4,99.0,20.0,79.0,67.0,20.0,47.0,0,1
车子右偏且从90度往正中间转且离墙最远转.csv,1316,right_bias,far,end,26.42,181.0,19.0,162.0,99.0,20.0,79.0,0,1
车子右偏且从90度往正中间转且离墙最远转.csv,1317,right_bias,far,end,26.44,216.0,21.0,195.0,100.0,20.0,80.0,0,1
车子右偏且从90度往正中间转且离墙最远转.csv,1318,right_bias,far,end,26.46,25.0,28.0,-3.0,99.0,20.0,79.0,0,1
车子右偏且从90度往正中间转且离墙最远转.csv,1319,right_bias,far,end,26.48,99.0,19.0,80.0,99.0,20.0,79.0,0,1
车子右偏且从90度往正中间转且离墙最远转.csv,1320,right_bias,far,end,26.5,115.0,20.0,95.0,99.0,20.0,79.0,0,1
车子右偏且从90度往正中间转且离墙最远转.csv,1321,right_bias,far,end,26.521,99.0,21.0,78.0,99.0,20.0,79.0,0,1
车子右偏且从90度往正中间转且离墙最远转.csv,1322,right_bias,far,end,26.541,52.0,20.0,32.0,99.0,20.0,79.0,0,1
车子右偏且从90度往正中间转且离墙最远转.csv,1323,right_bias,far,end,26.561,33.0,20.0,13.0,99.0,20.0,79.0,0,1
车子右偏且从90度往正中间转且离墙最远转.csv,1324,right_bias,far,end,26.581,26.0,20.0,6.0,99.0,20.0,79.0,0,1
车子右偏且从90度往正中间转且离墙最远转.csv,1325,right_bias,far,end,26.601,17.0,19.0,-2.0,52.0,20.0,32.0,0,1
车子右偏且从90度往正中间转且离墙最远转.csv,1326,right_bias,far,end,26.621,248.0,20.0,228.0,52.0,20.0,32.0,0,1
车子右偏且从90度往正中间转且离墙最远转.csv,1327,right_bias,far,end,26.641,148.0,20.0,128.0,99.0,20.0,79.0,0,1
车子右偏且从90度往正中间转且离墙最远转.csv,1328,right_bias,far,end,26.661,149.0,19.0,130.0,99.0,20.0,79.0,0,1
车子右偏且从90度往正中间转且离墙最远转.csv,1329,right_bias,far,end,26.681,83.0,20.0,63.0,83.0,20.0,63.0,0,1
车子右偏且从90度往正中间转且离墙最远转.csv,1330,right_bias,far,end,26.702,17.0,20.0,-3.0,52.0,20.0,32.0,0,1
车子右偏且从90度往正中间转且离墙最远转.csv,1331,right_bias,far,end,26.722,182.0,20.0,162.0,83.0,20.0,63.0,0,1
车子右偏且从90度往正中间转且离墙最远转.csv,1332,right_bias,far,end,26.742,17.0,21.0,-4.0,83.0,20.0,63.0,0,1
车子右偏且从90度往正中间转且离墙最远转.csv,1333,right_bias,far,end,26.762,148.0,22.0,126.0,148.0,20.0,128.0,0,1
车子右偏且从90度往正中间转且离墙最远转.csv,1334,right_bias,far,end,26.782,215.0,33.0,182.0,148.0,20.0,128.0,0,1
车子右偏且从90度往正中间转且离墙最远转.csv,1335,right_bias,far,end,26.802,84.0,21.0,63.0,148.0,20.0,128.0,0,1
车子右偏且从90度往正中间转且离墙最远转.csv,1336,right_bias,far,end,26.822,33.0,20.0,13.0,84.0,20.0,64.0,0,1
车子右偏且从90度往正中间转且离墙最远转.csv,1337,right_bias,far,end,26.842,181.0,20.0,161.0,84.0,20.0,64.0,0,1
车子右偏且从90度往正中间转且离墙最远转.csv,1338,right_bias,far,end,26.862,17.0,20.0,-3.0,84.0,20.0,64.0,0,1
车子右偏且从90度往正中间转且离墙最远转.csv,1339,right_bias,far,end,26.882,17.0,20.0,-3.0,84.0,20.0,64.0,0,1
车子右偏且从90度往正中间转且离墙最远转.csv,1340,right_bias,far,end,26.903,51.0,19.0,32.0,51.0,20.0,31.0,0,1
车子右偏且从90度往正中间转且离墙最远转.csv,1341,right_bias,far,end,26.923,264.0,20.0,244.0,84.0,20.0,64.0,0,1
车子右偏且从90度往正中间转且离墙最远转.csv,1342,right_bias,far,end,26.943,165.0,20.0,145.0,84.0,20.0,64.0,0,1
车子右偏且从90度往正中间转且离墙最远转.csv,1343,right_bias,far,end,26.963,181.0,20.0,161.0,84.0,20.0,64.0,0,1
车子右偏且从90度往正中间转且离墙最远转.csv,1344,right_bias,far,end,26.983,232.0,20.0,212.0,165.0,20.0,145.0,0,1
车子右偏且从90度往正中间转且离墙最远转.csv,1345,right_bias,far,end,27.003,100.0,20.0,80.0,165.0,20.0,145.0,0,1
车子右偏且从90度往正中间转且离墙最远转.csv,1346,right_bias,far,end,27.023,32.0,20.0,12.0,100.0,20.0,80.0,0,1
车子右偏且从90度往正中间转且离墙最远转.csv,1347,right_bias,far,end,27.043,54.0,20.0,34.0,100.0,20.0,80.0,0,1
车子右偏且从90度往正中间转且离墙最远转.csv,1348,right_bias,far,end,27.064,17.0,20.0,-3.0,100.0,20.0,80.0,0,1
车子右偏且从90度往正中间转且离墙最远转.csv,1349,right_bias,far,end,27.084,215.0,20.0,195.0,165.0,20.0,145.0,0,1
车子右偏且从90度往正中间转且离墙最远转.csv,1350,right_bias,far,end,27.104,182.0,21.0,161.0,165.0,20.0,145.0,0,1
车子右偏且从90度往正中间转且离墙最远转.csv,1351,right_bias,far,end,27.124,231.0,21.0,210.0,181.0,20.0,161.0,0,1
车子右偏且从90度往正中间转且离墙最远转.csv,1352,right_bias,far,end,27.144,280.0,20.0,260.0,182.0,20.0,162.0,0,1
车子右偏且从90度往正中间转且离墙最远转.csv,1353,right_bias,far,end,27.164,83.0,20.0,63.0,100.0,20.0,80.0,0,1
车子右偏且从90度往正中间转且离墙最远转.csv,1354,right_bias,far,end,27.184,19.0,21.0,-2.0,83.0,20.0,63.0,0,1
车子右偏且从90度往正中间转且离墙最远转.csv,1355,right_bias,far,end,27.204,182.0,20.0,162.0,182.0,20.0,162.0,0,1
车子右偏且从90度往正中间转且离墙最远转.csv,1356,right_bias,far,end,27.224,17.0,20.0,-3.0,182.0,20.0,162.0,0,1
车子右偏且从90度往正中间转且离墙最远转.csv,1357,right_bias,far,end,27.244,33.0,19.0,14.0,182.0,20.0,162.0,0,1
车子右偏且从90度往正中间转且离墙最远转.csv,1358,right_bias,far,end,27.265,100.0,19.0,81.0,100.0,20.0,80.0,0,1
车子右偏且从90度往正中间转且离墙最远转.csv,1359,right_bias,far,end,27.285,148.0,16.0,132.0,100.0,20.0,80.0,0,1
车子右偏且从90度往正中间转且离墙最远转.csv,1360,right_bias,far,end,27.305,296.0,20.0,276.0,100.0,20.0,80.0,0,1
车子右偏且从90度往正中间转且离墙最远转.csv,1361,right_bias,far,end,27.325,17.0,19.0,-2.0,83.0,20.0,63.0,0,1
车子右偏且从90度往正中间转且离墙最远转.csv,1362,right_bias,far,end,27.345,232.0,20.0,212.0,100.0,20.0,80.0,0,1
车子右偏且从90度往正中间转且离墙最远转.csv,1363,right_bias,far,end,27.365,17.0,20.0,-3.0,100.0,20.0,80.0,0,1
车子右偏且从90度往正中间转且离墙最远转.csv,1364,right_bias,far,end,27.385,51.0,19.0,32.0,51.0,19.0,32.0,0,1
车子右偏且从90度往正中间转且离墙最远转.csv,1365,right_bias,far,end,27.405,231.0,20.0,211.0,100.0,19.0,81.0,0,1
车子右偏且从90度往正中间转且离墙最远转.csv,1366,right_bias,far,end,27.425,149.0,20.0,129.0,148.0,20.0,128.0,0,1
车子右偏且从90度往正中间转且离墙最远转.csv,1367,right_bias,far,end,27.446,232.0,21.0,211.0,149.0,20.0,129.0,0,1
车子右偏且从90度往正中间转且离墙最远转.csv,1368,right_bias,far,end,27.466,182.0,20.0,162.0,182.0,20.0,162.0,0,1
车子右偏且从90度往正中间转且离墙最远转.csv,1369,right_bias,far,end,27.486,32.0,20.0,12.0,149.0,20.0,129.0,0,1
车子右偏且从90度往正中间转且离墙最远转.csv,1370,right_bias,far,end,27.506,19.0,32.0,-13.0,149.0,20.0,129.0,0,1
车子右偏且从90度往正中间转且离墙最远转.csv,1371,right_bias,far,end,27.526,149.0,20.0,129.0,149.0,20.0,129.0,0,1
车子右偏且从90度往正中间转且离墙最远转.csv,1372,right_bias,far,end,27.546,17.0,20.0,-3.0,149.0,20.0,129.0,0,1
车子右偏且从90度往正中间转且离墙最远转.csv,1373,right_bias,far,end,27.566,132.0,19.0,113.0,149.0,20.0,129.0,0,1
车子右偏且从90度往正中间转且离墙最远转.csv,1374,right_bias,far,end,27.586,214.0,20.0,194.0,149.0,20.0,129.0,0,1
车子右偏且从90度往正中间转且离墙最远转.csv,1375,right_bias,far,end,27.606,149.0,20.0,129.0,149.0,20.0,129.0,0,1
车子右偏且从90度往正中间转且离墙最远转.csv,1376,right_bias,far,end,27.626,16.0,19.0,-3.0,132.0,20.0,112.0,0,1
车子右偏且从90度往正中间转且离墙最远转.csv,1377,right_bias,far,end,27.647,51.0,19.0,32.0,51.0,20.0,31.0,0,1
车子右偏且从90度往正中间转且离墙最远转.csv,1378,right_bias,far,end,27.667,17.0,20.0,-3.0,51.0,20.0,31.0,0,1
车子右偏且从90度往正中间转且离墙最远转.csv,1379,right_bias,far,end,27.687,17.0,19.0,-2.0,51.0,20.0,31.0,0,1
车子右偏且从90度往正中间转且离墙最远转.csv,1380,right_bias,far,end,27.707,17.0,20.0,-3.0,17.0,20.0,-3.0,0,1
车子右偏且从90度往正中间转且离墙最远转.csv,1381,right_bias,far,end,27.727,26.0,20.0,6.0,26.0,20.0,6.0,0,1
车子右偏且从90度往正中间转且离墙最远转.csv,1382,right_bias,far,end,27.747,16.0,20.0,-4.0,17.0,20.0,-3.0,0,1
车子右偏且从90度往正中间转且离墙最远转.csv,1383,right_bias,far,end,27.767,19.0,29.0,-10.0,17.0,20.0,-3.0,0,1
车子右偏且从90度往正中间转且离墙最远转.csv,1384,right_bias,far,end,27.787,25.0,20.0,5.0,17.0,20.0,-3.0,0,1
车子右偏且从90度往正中间转且离墙最远转.csv,1385,right_bias,far,end,27.807,16.0,20.0,-4.0,17.0,20.0,-3.0,0,1
车子右偏且从90度往正中间转且离墙最远转.csv,1386,right_bias,far,end,27.828,83.0,19.0,64.0,17.0,20.0,-3.0,0,1
车子右偏且从90度往正中间转且离墙最远转.csv,1387,right_bias,far,end,27.848,17.0,19.0,-2.0,17.0,20.0,-3.0,0,1
车子右偏且从90度往正中间转且离墙最远转.csv,1388,right_bias,far,end,27.868,32.0,20.0,12.0,19.0,20.0,-1.0,0,1
车子右偏且从90度往正中间转且离墙最远转.csv,1389,right_bias,far,end,27.888,67.0,20.0,47.0,25.0,20.0,5.0,0,1
车子右偏且从90度往正中间转且离墙最远转.csv,1390,right_bias,far,end,27.908,19.0,20.0,-1.0,19.0,20.0,-1.0,0,1
车子右偏且从90度往正中间转且离墙最远转.csv,1391,right_bias,far,end,27.928,52.0,20.0,32.0,25.0,20.0,5.0,0,1
车子右偏且从90度往正中间转且离墙最远转.csv,1392,right_bias,far,end,27.948,17.0,20.0,-3.0,25.0,20.0,5.0,0,1
车子右偏且从90度往正中间转且离墙最远转.csv,1393,right_bias,far,end,27.968,16.0,20.0,-4.0,19.0,20.0,-1.0,0,1
车子右偏且从90度往正中间转且离墙最远转.csv,1394,right_bias,far,end,27.988,17.0,20.0,-3.0,19.0,20.0,-1.0,0,1
车子右偏且从90度往正中间转且离墙最远转.csv,1395,right_bias,far,end,28.009,67.0,19.0,48.0,19.0,20.0,-1.0,0,1
车子右偏且从90度往正中间转且离墙最远转.csv,1396,right_bias,far,end,28.029,21.0,20.0,1.0,21.0,20.0,1.0,0,1
车子右偏且从90度往正中间转且离墙最远转.csv,1397,right_bias,far,end,28.049,233.0,19.0,214.0,21.0,20.0,1.0,0,1
车子右偏且从90度往正中间转且离墙最远转.csv,1398,right_bias,far,end,28.069,17.0,22.0,-5.0,19.0,20.0,-1.0,0,1
车子右偏且从90度往正中间转且离墙最远转.csv,1399,right_bias,far,end,28.089,101.0,20.0,81.0,21.0,20.0,1.0,0,1
车子右偏且从90度往正中间转且离墙最远转.csv,1400,right_bias,far,end,28.109,16.0,19.0,-3.0,17.0,20.0,-3.0,0,1
车子右偏且从90度往正中间转且离墙最远转.csv,1401,right_bias,far,end,28.129,17.0,20.0,-3.0,17.0,20.0,-3.0,0,1
车子右偏且从90度往正中间转且离墙最远转.csv,1402,right_bias,far,end,28.149,53.0,20.0,33.0,21.0,20.0,1.0,0,1
车子右偏且从90度往正中间转且离墙最远转.csv,1403,right_bias,far,end,28.169,17.0,20.0,-3.0,21.0,20.0,1.0,0,1
车子右偏且从90度往正中间转且离墙最远转.csv,1404,right_bias,far,end,28.189,17.0,19.0,-2.0,17.0,20.0,-3.0,0,1
车子右偏且从90度往正中间转且离墙最远转.csv,1405,right_bias,far,end,28.21,182.0,19.0,163.0,17.0,20.0,-3.0,0,1
车子右偏且从90度往正中间转且离墙最远转.csv,1406,right_bias,far,end,28.23,134.0,20.0,114.0,17.0,20.0,-3.0,0,1
车子右偏且从90度往正中间转且离墙最远转.csv,1407,right_bias,far,end,28.25,17.0,19.0,-2.0,17.0,20.0,-3.0,0,1
车子右偏且从90度往正中间转且离墙最远转.csv,1408,right_bias,far,end,28.27,67.0,20.0,47.0,17.0,20.0,-3.0,0,1
车子右偏且从90度往正中间转且离墙最远转.csv,1409,right_bias,far,end,28.29,20.0,20.0,0.0,20.0,20.0,0.0,0,1
车子右偏且从90度往正中间转且离墙最远转.csv,1410,right_bias,far,end,28.31,17.0,20.0,-3.0,20.0,20.0,0.0,0,1
车子右偏且从90度往正中间转且离墙最远转.csv,1411,right_bias,far,end,28.33,26.0,20.0,6.0,20.0,20.0,0.0,0,1
车子右偏且从90度往正中间转且离墙最远转.csv,1412,right_bias,far,end,28.35,84.0,19.0,65.0,26.0,20.0,6.0,0,1
车子右偏且从90度往正中间转且离墙最远转.csv,1413,right_bias,far,end,28.37,83.0,21.0,62.0,67.0,20.0,47.0,0,1
车子右偏且从90度往正中间转且离墙最远转.csv,1414,right_bias,far,end,28.391,51.0,20.0,31.0,51.0,20.0,31.0,0,1
车子右偏且从90度往正中间转且离墙最远转.csv,1415,right_bias,far,end,28.411,133.0,22.0,111.0,51.0,20.0,31.0,0,1
车子右偏且从90度往正中间转且离墙最远转.csv,1416,right_bias,far,end,28.431,17.0,32.0,-15.0,51.0,20.0,31.0,0,1
车子右偏且从90度往正中间转且离墙最远转.csv,1417,right_bias,far,end,28.451,26.0,20.0,6.0,26.0,20.0,6.0,0,1
车子右偏且从90度往正中间转且离墙最远转.csv,1418,right_bias,far,end,28.471,19.0,20.0,-1.0,26.0,20.0,6.0,0,1
车子右偏且从90度往正中间转且离墙最远转.csv,1419,right_bias,far,end,28.491,17.0,20.0,-3.0,26.0,20.0,6.0,0,1
车子右偏且从90度往正中间转且离墙最远转.csv,1420,right_bias,far,end,28.511,53.0,20.0,33.0,51.0,20.0,31.0,0,1
车子右偏且从90度往正中间转且离墙最远转.csv,1421,right_bias,far,end,28.531,67.0,20.0,47.0,51.0,20.0,31.0,0,1
车子右偏且从90度往正中间转且离墙最远转.csv,1422,right_bias,far,end,28.551,47.0,20.0,27.0,47.0,20.0,27.0,0,1
车子右偏且从90度往正中间转且离墙最远转.csv,1423,right_bias,far,end,28.571,19.0,20.0,-1.0,26.0,20.0,6.0,0,1
车子右偏且从90度往正中间转且离墙最远转.csv,1424,right_bias,far,end,28.592,42.0,20.0,22.0,26.0,20.0,6.0,0,1
车子右偏且从90度往正中间转且离墙最远转.csv,1425,right_bias,far,end,28.612,16.0,20.0,-4.0,26.0,20.0,6.0,0,1
车子右偏且从90度往正中间转且离墙最远转.csv,1426,right_bias,far,end,28.632,52.0,21.0,31.0,42.0,20.0,22.0,0,1
车子右偏且从90度往正中间转且离墙最远转.csv,1427,right_bias,far,end,28.652,25.0,21.0,4.0,42.0,20.0,22.0,0,1
车子右偏且从90度往正中间转且离墙最远转.csv,1428,right_bias,far,end,28.672,101.0,20.0,81.0,47.0,20.0,27.0,0,1
车子右偏且从90度往正中间转且离墙最远转.csv,1429,right_bias,far,end,28.692,17.0,20.0,-3.0,42.0,20.0,22.0,0,1
车子右偏且从90度往正中间转且离墙最远转.csv,1430,right_bias,far,end,28.712,183.0,21.0,162.0,42.0,20.0,22.0,0,1
车子右偏且从90度往正中间转且离墙最远转.csv,1431,right_bias,far,end,28.732,16.0,20.0,-4.0,25.0,20.0,5.0,0,1
车子右偏且从90度往正中间转且离墙最远转.csv,1432,right_bias,far,end,28.752,17.0,25.0,-8.0,25.0,20.0,5.0,0,1
车子右偏且从90度往正中间转且离墙最远转.csv,1433,right_bias,far,end,28.773,26.0,20.0,6.0,25.0,20.0,5.0,0,1
车子右偏且从90度往正中间转且离墙最远转.csv,1434,right_bias,far,end,28.793,17.0,21.0,-4.0,25.0,21.0,4.0,0,1
车子右偏且从90度往正中间转且离墙最远转.csv,1435,right_bias,far,end,28.813,33.0,19.0,14.0,25.0,20.0,5.0,0,1
车子右偏且从90度往正中间转且离墙最远转.csv,1436,right_bias,far,end,28.833,102.0,20.0,82.0,26.0,20.0,6.0,0,1
车子右偏且从90度往正中间转且离墙最远转.csv,1437,right_bias,far,end,28.853,42.0,19.0,23.0,26.0,20.0,6.0,0,1
车子右偏且从90度往正中间转且离墙最远转.csv,1438,right_bias,far,end,28.873,102.0,20.0,82.0,33.0,20.0,13.0,0,1
车子右偏且从90度往正中间转且离墙最远转.csv,1439,right_bias,far,end,28.893,101.0,20.0,81.0,33.0,20.0,13.0,0,1
车子右偏且从90度往正中间转且离墙最远转.csv,1440,right_bias,far,end,28.913,18.0,20.0,-2.0,33.0,20.0,13.0,0,1
车子右偏且从90度往正中间转且离墙最远转.csv,1441,right_bias,far,end,28.933,17.0,20.0,-3.0,33.0,20.0,13.0,0,1
车子右偏且从90度往正中间转且离墙最远转.csv,1442,right_bias,far,end,28.954,84.0,20.0,64.0,42.0,20.0,22.0,0,1
车子右偏且从90度往正中间转且离墙最远转.csv,1443,right_bias,far,end,28.974,17.0,20.0,-3.0,42.0,20.0,22.0,0,1
车子右偏且从90度往正中间转且离墙最远转.csv,1444,right_bias,far,end,28.994,42.0,20.0,22.0,42.0,20.0,22.0,0,1
车子右偏且从90度往正中间转且离墙最远转.csv,1445,right_bias,far,end,29.014,118.0,22.0,96.0,42.0,20.0,22.0,0,1
车子右偏且从90度往正中间转且离墙最远转.csv,1446,right_bias,far,end,29.034,250.0,20.0,230.0,84.0,20.0,64.0,0,1
车子右偏且从90度往正中间转且离墙最远转.csv,1447,right_bias,far,end,29.054,20.0,25.0,-5.0,42.0,20.0,22.0,0,1
车子右偏且从90度往正中间转且离墙最远转.csv,1448,right_bias,far,end,29.074,85.0,21.0,64.0,42.0,20.0,22.0,0,1
车子右偏且从90度往正中间转且离墙最远转.csv,1449,right_bias,far,end,29.094,16.0,20.0,-4.0,42.0,20.0,22.0,0,1
车子右偏且从90度往正中间转且离墙最远转.csv,1450,right_bias,far,end,29.114,16.0,20.0,-4.0,42.0,20.0,22.0,0,1
车子右偏且从90度往正中间转且离墙最远转.csv,1451,right_bias,far,end,29.134,41.0,19.0,22.0,41.0,20.0,21.0,0,1
车子右偏且从90度往正中间转且离墙最远转.csv,1452,right_bias,far,end,29.155,18.0,21.0,-3.0,41.0,20.0,21.0,0,1
车子右偏且从90度往正中间转且离墙最远转.csv,1453,right_bias,far,end,29.175,17.0,20.0,-3.0,20.0,20.0,0.0,0,1
车子右偏且从90度往正中间转且离墙最远转.csv,1454,right_bias,far,end,29.195,105.0,21.0,84.0,20.0,20.0,0.0,0,1
车子右偏且从90度往正中间转且离墙最远转.csv,1455,right_bias,far,end,29.215,85.0,21.0,64.0,20.0,21.0,-1.0,0,1
车子右偏且从90度往正中间转且离墙最远转.csv,1456,right_bias,far,end,29.235,16.0,20.0,-4.0,18.0,20.0,-2.0,0,1
车子右偏且从90度往正中间转且离墙最远转.csv,1457,right_bias,far,end,29.255,116.0,19.0,97.0,18.0,20.0,-2.0,0,1
车子右偏且从90度往正中间转且离墙最远转.csv,1458,right_bias,far,end,29.275,17.0,20.0,-3.0,18.0,20.0,-2.0,0,1
车子右偏且从90度往正中间转且离墙最远转.csv,1459,right_bias,far,end,29.295,167.0,30.0,137.0,41.0,20.0,21.0,0,1
车子右偏且从90度往正中间转且离墙最远转.csv,1460,right_bias,far,end,29.315,101.0,19.0,82.0,85.0,20.0,65.0,0,1
车子右偏且从90度往正中间转且离墙最远转.csv,1461,right_bias,far,end,29.335,67.0,21.0,46.0,85.0,20.0,65.0,0,1
车子右偏且从90度往正中间转且离墙最远转.csv,1462,right_bias,far,end,29.355,76.0,19.0,57.0,85.0,20.0,65.0,0,1
车子右偏且从90度往正中间转且离墙最远转.csv,1463,right_bias,far,end,29.375,16.0,20.0,-4.0,76.0,20.0,56.0,0,1
车子右偏且从90度往正中间转且离墙最远转.csv,1464,right_bias,far,end,29.395,16.0,20.0,-4.0,67.0,20.0,47.0,0,1
车子右偏且从90度往正中间转且离墙最远转.csv,1465,right_bias,far,end,29.416,17.0,19.0,-2.0,67.0,20.0,47.0,0,1
车子右偏且从90度往正中间转且离墙最远转.csv,1466,right_bias,far,end,29.436,50.0,20.0,30.0,50.0,20.0,30.0,0,1
车子右偏且从90度往正中间转且离墙最远转.csv,1467,right_bias,far,end,29.456,17.0,20.0,-3.0,50.0,20.0,30.0,0,1
车子右偏且从90度往正中间转且离墙最远转.csv,1468,right_bias,far,end,29.476,101.0,20.0,81.0,50.0,20.0,30.0,0,1
车子右偏且从90度往正中间转且离墙最远转.csv,1469,right_bias,far,end,29.496,17.0,20.0,-3.0,17.0,20.0,-3.0,0,1
车子右偏且从90度往正中间转且离墙最远转.csv,1470,right_bias,far,end,29.516,200.0,21.0,179.0,17.0,20.0,-3.0,0,1
车子右偏且从90度往正中间转且离墙最远转.csv,1471,right_bias,far,end,29.536,17.0,20.0,-3.0,17.0,20.0,-3.0,0,1
车子右偏且从90度往正中间转且离墙最远转.csv,1472,right_bias,far,end,29.556,17.0,20.0,-3.0,17.0,20.0,-3.0,0,1
车子右偏且从90度往正中间转且离墙最远转.csv,1473,right_bias,far,end,29.576,84.0,20.0,64.0,17.0,20.0,-3.0,0,1
车子右偏且从90度往正中间转且离墙最远转.csv,1474,right_bias,far,end,29.596,17.0,19.0,-2.0,17.0,20.0,-3.0,0,1
车子右偏且从90度往正中间转且离墙最远转.csv,1475,right_bias,far,end,29.616,26.0,20.0,6.0,17.0,20.0,-3.0,0,1
车子右偏且从90度往正中间转且离墙最远转.csv,1476,right_bias,far,end,29.637,17.0,20.0,-3.0,17.0,20.0,-3.0,0,1
车子右偏且从90度往正中间转且离墙最远转.csv,1477,right_bias,far,end,29.657,314.0,20.0,294.0,17.0,20.0,-3.0,0,1
车子右偏且从90度往正中间转且离墙最远转.csv,1478,right_bias,far,end,29.677,68.0,19.0,49.0,26.0,20.0,6.0,0,1
车子右偏且从90度往正中间转且离墙最远转.csv,1479,right_bias,far,end,29.697,40.0,20.0,20.0,26.0,20.0,6.0,0,1
车子右偏且从90度往正中间转且离墙最远转.csv,1480,right_bias,far,end,29.717,25.0,20.0,5.0,26.0,20.0,6.0,0,1
车子右偏且从90度往正中间转且离墙最远转.csv,1481,right_bias,far,end,29.737,17.0,19.0,-2.0,26.0,20.0,6.0,0,1
车子右偏且从90度往正中间转且离墙最远转.csv,1482,right_bias,far,end,29.757,25.0,19.0,6.0,25.0,20.0,5.0,0,1
车子右偏且从90度往正中间转且离墙最远转.csv,1483,right_bias,far,end,29.777,298.0,20.0,278.0,26.0,20.0,6.0,0,1
车子右偏且从90度往正中间转且离墙最远转.csv,1484,right_bias,far,end,29.797,84.0,20.0,64.0,40.0,20.0,20.0,0,1
车子右偏且从90度往正中间转且离墙最远转.csv,1485,right_bias,far,end,29.818,83.0,19.0,64.0,68.0,20.0,48.0,0,1
车子右偏且从90度往正中间转且离墙最远转.csv,1486,right_bias,far,end,29.838,16.0,20.0,-4.0,40.0,20.0,20.0,0,1
车子右偏且从90度往正中间转且离墙最远转.csv,1487,right_bias,far,end,29.858,25.0,21.0,4.0,25.0,20.0,5.0,0,1
车子右偏且从90度往正中间转且离墙最远转.csv,1488,right_bias,far,end,29.878,16.0,19.0,-3.0,25.0,20.0,5.0,0,1
车子右偏且从90度往正中间转且离墙最远转.csv,1489,right_bias,far,end,29.898,84.0,20.0,64.0,25.0,20.0,5.0,0,1
车子右偏且从90度往正中间转且离墙最远转.csv,1490,right_bias,far,end,29.918,17.0,31.0,-14.0,25.0,20.0,5.0,0,1
车子右偏且从90度往正中间转且离墙最远转.csv,1491,right_bias,far,end,29.938,117.0,20.0,97.0,83.0,20.0,63.0,0,1
车子右偏且从90度往正中间转且离墙最远转.csv,1492,right_bias,far,end,29.958,17.0,26.0,-9.0,25.0,20.0,5.0,0,1
车子右偏且从90度往正中间转且离墙最远转.csv,1493,right_bias,far,end,29.978,25.0,20.0,5.0,25.0,20.0,5.0,0,1
车子右偏且从90度往正中间转且离墙最远转.csv,1494,right_bias,far,end,29.998,52.0,20.0,32.0,25.0,20.0,5.0,0,1
车子左偏且从90度往正中间转且离墙居中位置转.csv,2,left_bias,middle,start,0.003,33.0,22.0,11.0,33.0,22.0,11.0,0,1
车子左偏且从90度往正中间转且离墙居中位置转.csv,3,left_bias,middle,start,0.023,17.0,25.0,-8.0,25.0,23.5,1.5,0,1
车子左偏且从90度往正中间转且离墙居中位置转.csv,4,left_bias,middle,start,0.043,85.0,33.0,52.0,33.0,25.0,8.0,0,1
车子左偏且从90度往正中间转且离墙居中位置转.csv,5,left_bias,middle,start,0.063,86.0,23.0,63.0,59.0,24.0,35.0,0,1
车子左偏且从90度往正中间转且离墙居中位置转.csv,6,left_bias,middle,start,0.083,50.0,22.0,28.0,50.0,23.0,27.0,0,1
车子左偏且从90度往正中间转且离墙居中位置转.csv,7,left_bias,middle,start,0.103,17.0,24.0,-7.0,41.5,23.5,18.0,0,1
车子左偏且从90度往正中间转且离墙居中位置转.csv,8,left_bias,middle,start,0.123,17.0,22.0,-5.0,33.0,23.0,10.0,0,1
车子左偏且从90度往正中间转且离墙居中位置转.csv,9,left_bias,middle,start,0.143,17.0,20.0,-3.0,25.0,22.5,2.5,0,1
车子左偏且从90度往正中间转且离墙居中位置转.csv,10,left_bias,middle,start,0.163,19.0,21.0,-2.0,19.0,22.0,-3.0,0,1
车子左偏且从90度往正中间转且离墙居中位置转.csv,11,left_bias,middle,start,0.183,20.0,21.0,-1.0,19.0,22.0,-3.0,0,1
车子左偏且从90度往正中间转且离墙居中位置转.csv,12,left_bias,middle,start,0.204,51.0,21.0,30.0,20.0,22.0,-2.0,0,1
车子左偏且从90度往正中间转且离墙居中位置转.csv,13,left_bias,middle,start,0.224,16.0,20.0,-4.0,19.0,21.0,-2.0,0,1
车子左偏且从90度往正中间转且离墙居中位置转.csv,14,left_bias,middle,start,0.244,17.0,21.0,-4.0,17.0,21.0,-4.0,0,1
车子左偏且从90度往正中间转且离墙居中位置转.csv,15,left_bias,middle,start,0.264,16.0,24.0,-8.0,17.0,21.0,-4.0,0,1
车子左偏且从90度往正中间转且离墙居中位置转.csv,16,left_bias,middle,start,0.284,77.0,34.0,43.0,17.0,21.0,-4.0,0,1
车子左偏且从90度往正中间转且离墙居中位置转.csv,17,left_bias,middle,start,0.304,85.0,21.0,64.0,19.0,21.0,-2.0,0,1
车子左偏且从90度往正中间转且离墙居中位置转.csv,18,left_bias,middle,start,0.324,34.0,21.0,13.0,20.0,21.0,-1.0,0,1
车子左偏且从90度往正中间转且离墙居中位置转.csv,19,left_bias,middle,start,0.344,16.0,21.0,-5.0,20.0,21.0,-1.0,0,1
车子左偏且从90度往正中间转且离墙居中位置转.csv,20,left_bias,middle,start,0.364,118.0,21.0,97.0,34.0,21.0,13.0,0,1
车子左偏且从90度往正中间转且离墙居中位置转.csv,21,left_bias,middle,start,0.384,17.0,20.0,-3.0,17.0,21.0,-4.0,0,1
车子左偏且从90度往正中间转且离墙居中位置转.csv,22,left_bias,middle,start,0.404,17.0,20.0,-3.0,17.0,21.0,-4.0,0,1
车子左偏且从90度往正中间转且离墙居中位置转.csv,23,left_bias,middle,start,0.424,42.0,21.0,21.0,34.0,21.0,13.0,0,1
车子左偏且从90度往正中间转且离墙居中位置转.csv,24,left_bias,middle,start,0.445,17.0,20.0,-3.0,34.0,21.0,13.0,0,1
车子左偏且从90度往正中间转且离墙居中位置转.csv,25,left_bias,middle,start,0.465,17.0,21.0,-4.0,17.0,21.0,-4.0,0,1
车子左偏且从90度往正中间转且离墙居中位置转.csv,26,left_bias,middle,start,0.485,17.0,20.0,-3.0,17.0,21.0,-4.0,0,1
车子左偏且从90度往正中间转且离墙居中位置转.csv,27,left_bias,middle,start,0.505,16.0,22.0,-6.0,17.0,21.0,-4.0,0,1
车子左偏且从90度往正中间转且离墙居中位置转.csv,28,left_bias,middle,start,0.525,35.0,21.0,14.0,17.0,21.0,-4.0,0,1
车子左偏且从90度往正中间转且离墙居中位置转.csv,29,left_bias,middle,start,0.545,84.0,20.0,64.0,17.0,20.0,-3.0,0,1
车子左偏且从90度往正中间转且离墙居中位置转.csv,30,left_bias,middle,start,0.565,42.0,21.0,21.0,17.0,21.0,-4.0,0,1
车子左偏且从90度往正中间转且离墙居中位置转.csv,31,left_bias,middle,start,0.585,16.0,20.0,-4.0,17.0,21.0,-4.0,0,1
车子左偏且从90度往正中间转且离墙居中位置转.csv,32,left_bias,middle,start,0.605,16.0,21.0,-5.0,17.0,21.0,-4.0,0,1
车子左偏且从90度往正中间转且离墙居中位置转.csv,33,left_bias,middle,start,0.625,17.0,21.0,-4.0,17.0,21.0,-4.0,0,1
车子左偏且从90度往正中间转且离墙居中位置转.csv,34,left_bias,middle,start,0.645,42.0,20.0,22.0,17.0,21.0,-4.0,0,1
车子左偏且从90度往正中间转且离墙居中位置转.csv,35,left_bias,middle,start,0.666,53.0,22.0,31.0,35.0,21.0,14.0,0,1
车子左偏且从90度往正中间转且离墙居中位置转.csv,36,left_bias,middle,start,0.686,252.0,21.0,231.0,42.0,21.0,21.0,0,1
车子左偏且从90度往正中间转且离墙居中位置转.csv,37,left_bias,middle,start,0.706,17.0,20.0,-3.0,42.0,21.0,21.0,0,1
车子左偏且从90度往正中间转且离墙居中位置转.csv,38,left_bias,middle,start,0.726,16.0,20.0,-4.0,17.0,21.0,-4.0,0,1
车子左偏且从90度往正中间转且离墙居中位置转.csv,39,left_bias,middle,start,0.746,42.0,21.0,21.0,17.0,21.0,-4.0,0,1
车子左偏且从90度往正中间转且离墙居中位置转.csv,40,left_bias,middle,start,0.766,17.0,20.0,-3.0,17.0,21.0,-4.0,0,1
车子左偏且从90度往正中间转且离墙居中位置转.csv,41,left_bias,middle,start,0.786,44.0,21.0,23.0,42.0,21.0,21.0,0,1
车子左偏且从90度往正中间转且离墙居中位置转.csv,42,left_bias,middle,start,0.806,17.0,21.0,-4.0,42.0,21.0,21.0,0,1
车子左偏且从90度往正中间转且离墙居中位置转.csv,43,left_bias,middle,start,0.826,18.0,20.0,-2.0,18.0,21.0,-3.0,0,1
车子左偏且从90度往正中间转且离墙居中位置转.csv,44,left_bias,middle,start,0.847,18.0,22.0,-4.0,18.0,21.0,-3.0,0,1
车子左偏且从90度往正中间转且离墙居中位置转.csv,45,left_bias,middle,start,0.867,52.0,21.0,31.0,18.0,21.0,-3.0,0,1
车子左偏且从90度往正中间转且离墙居中位置转.csv,46,left_bias,middle,start,0.887,117.0,20.0,97.0,18.0,21.0,-3.0,0,1
车子左偏且从90度往正中间转且离墙居中位置转.csv,47,left_bias,middle,start,0.907,26.0,33.0,-7.0,26.0,21.0,5.0,0,1
车子左偏且从90度往正中间转且离墙居中位置转.csv,48,left_bias,middle,start,0.927,17.0,19.0,-2.0,18.0,21.0,-3.0,0,1
车子左偏且从90度往正中间转且离墙居中位置转.csv,49,left_bias,middle,start,0.947,52.0,19.0,33.0,26.0,21.0,5.0,0,1
车子左偏且从90度往正中间转且离墙居中位置转.csv,50,left_bias,middle,start,0.967,17.0,20.0,-3.0,18.0,20.0,-2.0,0,1
车子左偏且从90度往正中间转且离墙居中位置转.csv,51,left_bias,middle,start,0.987,17.0,20.0,-3.0,18.0,20.0,-2.0,0,1
车子左偏且从90度往正中间转且离墙居中位置转.csv,52,left_bias,middle,start,1.008,86.0,24.0,62.0,26.0,20.0,6.0,0,1
车子左偏且从90度往正中间转且离墙居中位置转.csv,53,left_bias,middle,start,1.028,33.0,20.0,13.0,33.0,20.0,13.0,0,1
车子左偏且从90度往正中间转且离墙居中位置转.csv,54,left_bias,middle,start,1.048,110.0,20.0,90.0,33.0,20.0,13.0,0,1
车子左偏且从90度往正中间转且离墙居中位置转.csv,55,left_bias,middle,start,1.069,18.0,21.0,-3.0,26.0,20.0,6.0,0,1
车子左偏且从90度往正中间转且离墙居中位置转.csv,56,left_bias,middle,start,1.089,17.0,20.0,-3.0,18.0,20.0,-2.0,0,1
车子左偏且从90度往正中间转且离墙居中位置转.csv,57,left_bias,middle,start,1.109,84.0,20.0,64.0,33.0,20.0,13.0,0,1
车子左偏且从90度往正中间转且离墙居中位置转.csv,58,left_bias,middle,start,1.129,17.0,22.0,-5.0,18.0,20.0,-2.0,0,1
车子左偏且从90度往正中间转且离墙居中位置转.csv,59,left_bias,middle,start,1.149,89.0,33.0,56.0,33.0,20.0,13.0,0,1
车子左偏且从90度往正中间转且离墙居中位置转.csv,60,left_bias,middle,start,1.169,200.0,21.0,179.0,84.0,21.0,63.0,0,1
车子左偏且从90度往正中间转且离墙居中位置转.csv,61,left_bias,middle,start,1.189,17.0,20.0,-3.0,33.0,20.0,13.0,0,1
车子左偏且从90度往正中间转且离墙居中位置转.csv,62,left_bias,middle,start,1.209,20.0,19.0,1.0,20.0,20.0,0.0,0,1
车子左偏且从90度往正中间转且离墙居中位置转.csv,63,left_bias,middle,start,1.229,51.0,20.0,31.0,20.0,20.0,0.0,0,1
车子左偏且从90度往正中间转且离墙居中位置转.csv,64,left_bias,middle,start,1.25,18.0,21.0,-3.0,20.0,20.0,0.0,0,1
车子左偏且从90度往正中间转且离墙居中位置转.csv,65,left_bias,middle,start,1.27,32.0,20.0,12.0,32.0,20.0,12.0,0,1
车子左偏且从90度往正中间转且离墙居中位置转.csv,66,left_bias,middle,start,1.29,16.0,19.0,-3.0,20.0,20.0,0.0,0,1
车子左偏且从90度往正中间转且离墙居中位置转.csv,67,left_bias,middle,start,1.31,183.0,21.0,162.0,32.0,20.0,12.0,0,1
车子左偏且从90度往正中间转且离墙居中位置转.csv,68,left_bias,middle,start,1.33,16.0,20.0,-4.0,20.0,20.0,0.0,0,1
车子左偏且从90度往正中间转且离墙居中位置转.csv,69,left_bias,middle,start,1.35,83.0,21.0,62.0,20.0,20.0,0.0,0,1
车子左偏且从90度往正中间转且离墙居中位置转.csv,70,left_bias,middle,start,1.37,69.0,20.0,49.0,32.0,20.0,12.0,0,1
车子左偏且从90度往正中间转且离墙居中位置转.csv,71,left_bias,middle,start,1.39,17.0,20.0,-3.0,32.0,20.0,12.0,0,1
车子左偏且从90度往正中间转且离墙居中位置转.csv,72,left_bias,middle,start,1.41,25.0,21.0,4.0,25.0,20.0,5.0,0,1
车子左偏且从90度往正中间转且离墙居中位置转.csv,73,left_bias,middle,start,1.431,17.0,20.0,-3.0,25.0,20.0,5.0,0,1
车子左偏且从90度往正中间转且离墙居中位置转.csv,74,left_bias,middle,start,1.451,18.0,21.0,-3.0,18.0,20.0,-2.0,0,1
车子左偏且从90度往正中间转且离墙居中位置转.csv,75,left_bias,middle,start,1.471,52.0,26.0,26.0,25.0,21.0,4.0,0,1
车子左偏且从90度往正中间转且离墙居中位置转.csv,76,left_bias,middle,start,1.491,33.0,32.0,1.0,25.0,21.0,4.0,0,1
车子左偏且从90度往正中间转且离墙居中位置转.csv,77,left_bias,middle,start,1.511,43.0,21.0,22.0,33.0,21.0,12.0,0,1
车子左偏且从90度往正中间转且离墙居中位置转.csv,78,left_bias,middle,start,1.531,117.0,20.0,97.0,33.0,21.0,12.0,0,1
车子左偏且从90度往正中间转且离墙居中位置转.csv,79,left_bias,middle,start,1.551,16.0,20.0,-4.0,25.0,21.0,4.0,0,1
车子左偏且从90度往正中间转且离墙居中位置转.csv,80,left_bias,middle,start,1.571,19.0,21.0,-2.0,25.0,21.0,4.0,0,1
车子左偏且从90度往正中间转且离墙居中位置转.csv,81,left_bias,middle,start,1.591,33.0,21.0,12.0,33.0,21.0,12.0,0,1
车子左偏且从90度往正中间转且离墙居中位置转.csv,82,left_bias,middle,start,1.611,16.0,21.0,-5.0,33.0,21.0,12.0,0,1
车子左偏且从90度往正中间转且离墙居中位置转.csv,83,left_bias,middle,start,1.632,200.0,21.0,179.0,33.0,21.0,12.0,0,1
车子左偏且从90度往正中间转且离墙居中位置转.csv,84,left_bias,middle,start,1.652,16.0,20.0,-4.0,33.0,21.0,12.0,0,1
车子左偏且从90度往正中间转且离墙居中位置转.csv,85,left_bias,middle,start,1.672,18.0,20.0,-2.0,19.0,21.0,-2.0,0,1
车子左偏且从90度往正中间转且离墙居中位置转.csv,86,left_bias,middle,start,1.692,16.0,21.0,-5.0,18.0,21.0,-3.0,0,1
车子左偏且从90度往正中间转且离墙居中位置转.csv,87,left_bias,middle,start,1.712,101.0,21.0,80.0,18.0,21.0,-3.0,0,1
车子左偏且从90度往正中间转且离墙居中位置转.csv,88,left_bias,middle,start,1.732,52.0,20.0,32.0,19.0,21.0,-2.0,0,1
车子左偏且从90度往正中间转且离墙居中位置转.csv,89,left_bias,middle,start,1.752,17.0,21.0,-4.0,18.0,21.0,-3.0,0,1
车子左偏且从90度往正中间转且离墙居中位置转.csv,90,left_bias,middle,start,1.772,17.0,21.0,-4.0,17.0,21.0,-4.0,0,1
车子左偏且从90度往正中间转且离墙居中位置转.csv,91,left_bias,middle,start,1.792,200.0,22.0,178.0,18.0,21.0,-3.0,0,1
车子左偏且从90度往正中间转且离墙居中位置转.csv,92,left_bias,middle,start,1.813,42.0,34.0,8.0,18.0,21.0,-3.0,0,1
车子左偏且从90度往正中间转且离墙居中位置转.csv,93,left_bias,middle,start,1.833,168.0,20.0,148.0,42.0,21.0,21.0,0,1
车子左偏且从90度往正中间转且离墙居中位置转.csv,94,left_bias,middle,start,1.853,52.0,21.0,31.0,52.0,21.0,31.0,0,1
车子左偏且从90度往正中间转且离墙居中位置转.csv,95,left_bias,middle,start,1.873,17.0,20.0,-3.0,52.0,21.0,31.0,0,1
车子左偏且从90度往正中间转且离墙居中位置转.csv,96,left_bias,middle,start,1.893,17.0,20.0,-3.0,42.0,21.0,21.0,0,1
车子左偏且从90度往正中间转且离墙居中位置转.csv,97,left_bias,middle,start,1.913,17.0,21.0,-4.0,17.0,21.0,-4.0,0,1
车子左偏且从90度往正中间转且离墙居中位置转.csv,98,left_bias,middle,start,1.933,101.0,21.0,80.0,42.0,21.0,21.0,0,1
车子左偏且从90度往正中间转且离墙居中位置转.csv,99,left_bias,middle,start,1.953,41.0,20.0,21.0,42.0,21.0,21.0,0,1
车子左偏且从90度往正中间转且离墙居中位置转.csv,100,left_bias,middle,start,1.973,52.0,19.0,33.0,42.0,20.0,22.0,0,1
车子左偏且从90度往正中间转且离墙居中位置转.csv,101,left_bias,middle,start,1.994,53.0,19.0,34.0,52.0,20.0,32.0,0,1
车子左偏且从90度往正中间转且离墙居中位置转.csv,102,left_bias,middle,start,2.014,17.0,20.0,-3.0,41.0,20.0,21.0,0,1
车子左偏且从90度往正中间转且离墙居中位置转.csv,103,left_bias,middle,start,2.034,16.0,17.0,-1.0,17.0,20.0,-3.0,0,1
车子左偏且从90度往正中间转且离墙居中位置转.csv,104,left_bias,middle,start,2.054,16.0,21.0,-5.0,17.0,20.0,-3.0,0,1
车子左偏且从90度往正中间转且离墙居中位置转.csv,105,left_bias,middle,start,2.074,17.0,20.0,-3.0,17.0,20.0,-3.0,0,1
车子左偏且从90度往正中间转且离墙居中位置转.csv,106,left_bias,middle,start,2.094,52.0,21.0,31.0,41.0,20.0,21.0,0,1
车子左偏且从90度往正中间转且离墙居中位置转.csv,107,left_bias,middle,start,2.114,251.0,20.0,231.0,41.0,20.0,21.0,0,1
车子左偏且从90度往正中间转且离墙居中位置转.csv,108,left_bias,middle,start,2.134,16.0,20.0,-4.0,17.0,20.0,-3.0,0,1
车子左偏且从90度往正中间转且离墙居中位置转.csv,109,left_bias,middle,start,2.154,26.0,20.0,6.0,17.0,20.0,-3.0,0,1
车子左偏且从90度往正中间转且离墙居中位置转.csv,110,left_bias,middle,start,2.175,52.0,21.0,31.0,17.0,20.0,-3.0,0,1
车子左偏且从90度往正中间转且离墙居中位置转.csv,111,left_bias,middle,start,2.195,17.0,20.0,-3.0,17.0,20.0,-3.0,0,1
车子左偏且从90度往正中间转且离墙居中位置转.csv,112,left_bias,middle,start,2.215,52.0,21.0,31.0,26.0,20.0,6.0,0,1
车子左偏且从90度往正中间转且离墙居中位置转.csv,113,left_bias,middle,start,2.235,16.0,20.0,-4.0,26.0,20.0,6.0,0,1
车子左偏且从90度往正中间转且离墙居中位置转.csv,114,left_bias,middle,start,2.255,134.0,21.0,113.0,52.0,20.0,32.0,0,1
车子左偏且从90度往正中间转且离墙居中位置转.csv,115,left_bias,middle,start,2.275,16.0,21.0,-5.0,26.0,20.0,6.0,0,1
车子左偏且从90度往正中间转且离墙居中位置转.csv,116,left_bias,middle,start,2.295,117.0,20.0,97.0,26.0,20.0,6.0,0,1
车子左偏且从90度往正中间转且离墙居中位置转.csv,117,left_bias,middle,start,2.315,24.0,20.0,4.0,26.0,20.0,6.0,0,1
车子左偏且从90度往正中间转且离墙居中位置转.csv,118,left_bias,middle,start,2.335,85.0,20.0,65.0,52.0,20.0,32.0,0,1
车子左偏且从90度往正中间转且离墙居中位置转.csv,119,left_bias,middle,start,2.356,16.0,20.0,-4.0,24.0,20.0,4.0,0,1
车子左偏且从90度往正中间转且离墙居中位置转.csv,120,left_bias,middle,start,2.376,25.0,21.0,4.0,25.0,20.0,5.0,0,1
车子左偏且从90度往正中间转且离墙居中位置转.csv,121,left_bias,middle,start,2.396,17.0,20.0,-3.0,24.0,20.0,4.0,0,1
车子左偏且从90度往正中间转且离墙居中位置转.csv,122,left_bias,middle,start,2.416,51.0,20.0,31.0,25.0,20.0,5.0,0,1
车子左偏且从90度往正中间转且离墙居中位置转.csv,123,left_bias,middle,start,2.436,26.0,20.0,6.0,25.0,20.0,5.0,0,1
车子左偏且从90度往正中间转且离墙居中位置转.csv,124,left_bias,middle,start,2.456,42.0,21.0,21.0,26.0,20.0,6.0,0,1
车子左偏且从90度往正中间转且离墙居中位置转.csv,125,left_bias,middle,start,2.476,16.0,21.0,-5.0,25.0,20.0,5.0,0,1
车子左偏且从90度往正中间转且离墙居中位置转.csv,126,left_bias,middle,start,2.496,16.0,19.0,-3.0,25.0,20.0,5.0,0,1
车子左偏且从90度往正中间转且离墙居中位置转.csv,127,left_bias,middle,start,2.516,17.0,20.0,-3.0,17.0,20.0,-3.0,0,1
车子左偏且从90度往正中间转且离墙居中位置转.csv,128,left_bias,middle,start,2.537,84.0,21.0,63.0,25.0,20.0,5.0,0,1
车子左偏且从90度往正中间转且离墙居中位置转.csv,129,left_bias,middle,start,2.557,16.0,32.0,-16.0,17.0,20.0,-3.0,0,1
车子左偏且从90度往正中间转且离墙居中位置转.csv,130,left_bias,middle,start,2.577,27.0,34.0,-7.0,26.0,21.0,5.0,0,1
车子左偏且从90度往正中间转且离墙居中位置转.csv,131,left_bias,middle,start,2.597,150.0,20.0,130.0,26.0,21.0,5.0,0,1
车子左偏且从90度往正中间转且离墙居中位置转.csv,132,left_bias,middle,start,2.617,52.0,20.0,32.0,27.0,21.0,6.0,0,1
车子左偏且从90度往正中间转且离墙居中位置转.csv,133,left_bias,middle,start,2.637,16.0,20.0,-4.0,17.0,20.0,-3.0,0,1
车子左偏且从90度往正中间转且离墙居中位置转.csv,134,left_bias,middle,start,2.657,33.0,21.0,12.0,27.0,20.0,7.0,0,1
车子左偏且从90度往正中间转且离墙居中位置转.csv,135,left_bias,middle,start,2.677,16.0,21.0,-5.0,27.0,21.0,6.0,0,1
车子左偏且从90度往正中间转且离墙居中位置转.csv,136,left_bias,middle,start,2.698,17.0,20.0,-3.0,27.0,21.0,6.0,0,1
车子左偏且从90度往正中间转且离墙居中位置转.csv,137,left_bias,middle,start,2.718,17.0,20.0,-3.0,17.0,20.0,-3.0,0,1
车子左偏且从90度往正中间转且离墙居中位置转.csv,138,left_bias,middle,start,2.738,170.0,21.0,149.0,27.0,20.0,7.0,0,1
车子左偏且从90度往正中间转且离墙居中位置转.csv,139,left_bias,middle,start,2.758,17.0,20.0,-3.0,17.0,20.0,-3.0,0,1
车子左偏且从90度往正中间转且离墙居中位置转.csv,140,left_bias,middle,start,2.778,99.0,20.0,79.0,17.0,20.0,-3.0,0,1
车子左偏且从90度往正中间转且离墙居中位置转.csv,141,left_bias,middle,start,2.798,84.0,20.0,64.0,17.0,20.0,-3.0,0,1
车子左偏且从90度往正中间转且离墙居中位置转.csv,142,left_bias,middle,start,2.818,16.0,20.0,-4.0,17.0,20.0,-3.0,0,1
车子左偏且从90度往正中间转且离墙居中位置转.csv,143,left_bias,middle,start,2.838,17.0,21.0,-4.0,17.0,20.0,-3.0,0,1
车子左偏且从90度往正中间转且离墙居中位置转.csv,144,left_bias,middle,start,2.859,17.0,20.0,-3.0,17.0,20.0,-3.0,0,1
车子左偏且从90度往正中间转且离墙居中位置转.csv,145,left_bias,middle,start,2.879,26.0,21.0,5.0,17.0,20.0,-3.0,0,1
车子左偏且从90度往正中间转且离墙居中位置转.csv,146,left_bias,middle,start,2.899,85.0,22.0,63.0,26.0,20.0,6.0,0,1
车子左偏且从90度往正中间转且离墙居中位置转.csv,147,left_bias,middle,start,2.919,41.0,21.0,20.0,26.0,20.0,6.0,0,1
车子左偏且从90度往正中间转且离墙居中位置转.csv,148,left_bias,middle,start,2.939,117.0,20.0,97.0,41.0,20.0,21.0,0,1
车子左偏且从90度往正中间转且离墙居中位置转.csv,149,left_bias,middle,start,2.959,17.0,21.0,-4.0,26.0,21.0,5.0,0,1
车子左偏且从90度往正中间转且离墙居中位置转.csv,150,left_bias,middle,start,2.979,17.0,21.0,-4.0,17.0,21.0,-4.0,0,1
车子左偏且从90度往正中间转且离墙居中位置转.csv,151,left_bias,middle,start,2.999,167.0,20.0,147.0,26.0,21.0,5.0,0,1
车子左偏且从90度往正中间转且离墙居中位置转.csv,152,left_bias,middle,start,3.019,32.0,20.0,12.0,32.0,21.0,11.0,0,1
车子左偏且从90度往正中间转且离墙居中位置转.csv,153,left_bias,middle,start,3.039,17.0,20.0,-3.0,32.0,21.0,11.0,0,1
车子左偏且从90度往正中间转且离墙居中位置转.csv,154,left_bias,middle,start,3.06,84.0,20.0,64.0,41.0,20.0,21.0,0,1
车子左偏且从90度往正中间转且离墙居中位置转.csv,155,left_bias,middle,start,3.08,16.0,20.0,-4.0,32.0,20.0,12.0,0,1
车子左偏且从90度往正中间转且离墙居中位置转.csv,156,left_bias,middle,start,3.1,17.0,20.0,-3.0,17.0,20.0,-3.0,0,1
车子左偏且从90度往正中间转且离墙居中位置转.csv,157,left_bias,middle,start,3.12,117.0,21.0,96.0,17.0,20.0,-3.0,0,1
车子左偏且从90度往正中间转且离墙居中位置转.csv,158,left_bias,middle,start,3.14,17.0,20.0,-3.0,17.0,20.0,-3.0,0,1
车子左偏且从90度往正中间转且离墙居中位置转.csv,159,left_bias,middle,start,3.16,134.0,20.0,114.0,32.0,20.0,12.0,0,1
车子左偏且从90度往正中间转且离墙居中位置转.csv,160,left_bias,middle,start,3.18,17.0,20.0,-3.0,17.0,20.0,-3.0,0,1
车子左偏且从90度往正中间转且离墙居中位置转.csv,161,left_bias,middle,start,3.2,17.0,20.0,-3.0,17.0,20.0,-3.0,0,1
车子左偏且从90度往正中间转且离墙居中位置转.csv,162,left_bias,middle,start,3.22,171.0,20.0,151.0,17.0,20.0,-3.0,0,1
车子左偏且从90度往正中间转且离墙居中位置转.csv,163,left_bias,middle,start,3.241,33.0,21.0,12.0,17.0,20.0,-3.0,0,1
车子左偏且从90度往正中间转且离墙居中位置转.csv,164,left_bias,middle,start,3.261,68.0,21.0,47.0,33.0,20.0,13.0,0,1
车子左偏且从90度往正中间转且离墙居中位置转.csv,165,left_bias,middle,start,3.281,84.0,20.0,64.0,68.0,20.0,48.0,0,1
车子左偏且从90度往正中间转且离墙居中位置转.csv,166,left_bias,middle,start,3.301,16.0,22.0,-6.0,33.0,20.0,13.0,0,1
车子左偏且从90度往正中间转且离墙居中位置转.csv,167,left_bias,middle,start,3.321,26.0,33.0,-7.0,33.0,20.0,13.0,0,1
车子左偏且从90度往正中间转且离墙居中位置转.csv,168,left_bias,middle,start,3.341,17.0,27.0,-10.0,26.0,21.0,5.0,0,1
车子左偏且从90度往正中间转且离墙居中位置转.csv,169,left_bias,middle,start,3.361,41.0,21.0,20.0,33.0,21.0,12.0,0,1
车子左偏且从90度往正中间转且离墙居中位置转.csv,170,left_bias,middle,start,3.381,52.0,21.0,31.0,41.0,21.0,20.0,0,1
车子左偏且从90度往正中间转且离墙居中位置转.csv,171,left_bias,middle,start,3.401,68.0,21.0,47.0,41.0,21.0,20.0,0,1
车子左偏且从90度往正中间转且离墙居中位置转.csv,172,left_bias,middle,start,3.422,26.0,20.0,6.0,41.0,21.0,20.0,0,1
车子左偏且从90度往正中间转且离墙居中位置转.csv,173,left_bias,middle,start,3.442,16.0,21.0,-5.0,26.0,21.0,5.0,0,1
车子左偏且从90度往正中间转且离墙居中位置转.csv,174,left_bias,middle,start,3.462,16.0,21.0,-5.0,26.0,21.0,5.0,0,1
车子左偏且从90度往正中间转且离墙居中位置转.csv,175,left_bias,middle,start,3.482,60.0,21.0,39.0,26.0,21.0,5.0,0,1
车子左偏且从90度往正中间转且离墙居中位置转.csv,176,left_bias,middle,start,3.502,16.0,20.0,-4.0,26.0,21.0,5.0,0,1
车子左偏且从90度往正中间转且离墙居中位置转.csv,177,left_bias,middle,start,3.522,42.0,21.0,21.0,41.0,21.0,20.0,0,1
车子左偏且从90度往正中间转且离墙居中位置转.csv,178,left_bias,middle,start,3.542,84.0,21.0,63.0,42.0,21.0,21.0,0,1
车子左偏且从90度往正中间转且离墙居中位置转.csv,179,left_bias,middle,start,3.562,17.0,34.0,-17.0,26.0,21.0,5.0,0,1
车子左偏且从90度往正中间转且离墙居中位置转.csv,180,left_bias,middle,start,3.582,17.0,21.0,-4.0,17.0,21.0,-4.0,0,1
车子左偏且从90度往正中间转且离墙居中位置转.csv,181,left_bias,middle,start,3.602,52.0,20.0,32.0,17.0,21.0,-4.0,0,1
车子左偏且从90度往正中间转且离墙居中位置转.csv,182,left_bias,middle,start,3.623,17.0,20.0,-3.0,17.0,21.0,-4.0,0,1
车子左偏且从90度往正中间转且离墙居中位置转.csv,183,left_bias,middle,start,3.643,84.0,23.0,61.0,42.0,21.0,21.0,0,1
车子左偏且从90度往正中间转且离墙居中位置转.csv,184,left_bias,middle,start,3.663,16.0,20.0,-4.0,17.0,21.0,-4.0,0,1
车子左偏且从90度往正中间转且离墙居中位置转.csv,185,left_bias,middle,start,3.683,118.0,21.0,97.0,42.0,21.0,21.0,0,1
车子左偏且从90度往正中间转且离墙居中位置转.csv,186,left_bias,middle,start,3.703,17.0,22.0,-5.0,17.0,21.0,-4.0,0,1
车子左偏且从90度往正中间转且离墙居中位置转.csv,187,left_bias,middle,start,3.723,100.0,20.0,80.0,17.0,21.0,-4.0,0,1
车子左偏且从90度往正中间转且离墙居中位置转.csv,188,left_bias,middle,start,3.743,17.0,20.0,-3.0,17.0,20.0,-3.0,0,1
车子左偏且从90度往正中间转且离墙居中位置转.csv,189,left_bias,middle,start,3.763,16.0,21.0,-5.0,17.0,20.0,-3.0,0,1
车子左偏且从90度往正中间转且离墙居中位置转.csv,190,left_bias,middle,start,3.783,17.0,22.0,-5.0,17.0,21.0,-4.0,0,1
车子左偏且从90度往正中间转且离墙居中位置转.csv,191,left_bias,middle,start,3.803,42.0,21.0,21.0,17.0,21.0,-4.0,0,1
车子左偏且从90度往正中间转且离墙居中位置转.csv,192,left_bias,middle,start,3.823,17.0,20.0,-3.0,17.0,21.0,-4.0,0,1
车子左偏且从90度往正中间转且离墙居中位置转.csv,193,left_bias,middle,start,3.844,51.0,21.0,30.0,17.0,21.0,-4.0,0,1
车子左偏且从90度往正中间转且离墙居中位置转.csv,194,left_bias,middle,start,3.864,118.0,30.0,88.0,17.0,21.0,-4.0,0,1
车子左偏且从90度往正中间转且离墙居中位置转.csv,195,left_bias,middle,start,3.884,133.0,20.0,113.0,42.0,21.0,21.0,0,1
车子左偏且从90度往正中间转且离墙居中位置转.csv,196,left_bias,middle,start,3.904,17.0,20.0,-3.0,17.0,21.0,-4.0,0,1
车子左偏且从90度往正中间转且离墙居中位置转.csv,197,left_bias,middle,start,3.924,27.0,21.0,6.0,27.0,21.0,6.0,0,1
车子左偏且从90度往正中间转且离墙居中位置转.csv,198,left_bias,middle,start,3.944,51.0,21.0,30.0,42.0,21.0,21.0,0,1
车子左偏且从90度往正中间转且离墙居中位置转.csv,199,left_bias,middle,start,3.964,51.0,21.0,30.0,51.0,21.0,30.0,0,1
车子左偏且从90度往正中间转且离墙居中位置转.csv,200,left_bias,middle,start,3.984,24.0,21.0,3.0,51.0,21.0,30.0,0,1
车子左偏且从90度往正中间转且离墙居中位置转.csv,201,left_bias,middle,start,4.004,116.0,20.0,96.0,51.0,21.0,30.0,0,1
车子左偏且从90度往正中间转且离墙居中位置转.csv,202,left_bias,middle,start,4.024,208.0,22.0,186.0,51.0,21.0,30.0,0,1
车子左偏且从90度往正中间转且离墙居中位置转.csv,203,left_bias,middle,start,4.044,17.0,21.0,-4.0,51.0,21.0,30.0,0,1
车子左偏且从90度往正中间转且离墙居中位置转.csv,204,left_bias,middle,transition,4.065,16.0,20.0,-4.0,27.0,21.0,6.0,0,1
车子左偏且从90度往正中间转且离墙居中位置转.csv,205,left_bias,middle,transition,4.085,100.0,33.0,67.0,51.0,21.0,30.0,0,1
车子左偏且从90度往正中间转且离墙居中位置转.csv,206,left_bias,middle,transition,4.105,16.0,21.0,-5.0,51.0,21.0,30.0,0,1
车子左偏且从90度往正中间转且离墙居中位置转.csv,207,left_bias,middle,transition,4.125,17.0,21.0,-4.0,24.0,21.0,3.0,0,1
车子左偏且从90度往正中间转且离墙居中位置转.csv,208,left_bias,middle,transition,4.145,17.0,21.0,-4.0,17.0,21.0,-4.0,0,1
车子左偏且从90度往正中间转且离墙居中位置转.csv,209,left_bias,middle,transition,4.165,25.0,21.0,4.0,17.0,21.0,-4.0,0,1
车子左偏且从90度往正中间转且离墙居中位置转.csv,210,left_bias,middle,transition,4.185,17.0,22.0,-5.0,17.0,21.0,-4.0,0,1
车子左偏且从90度往正中间转且离墙居中位置转.csv,211,left_bias,middle,transition,4.205,25.0,21.0,4.0,17.0,21.0,-4.0,0,1
车子左偏且从90度往正中间转且离墙居中位置转.csv,212,left_bias,middle,transition,4.225,52.0,21.0,31.0,17.0,21.0,-4.0,0,1
车子左偏且从90度往正中间转且离墙居中位置转.csv,213,left_bias,middle,transition,4.245,16.0,21.0,-5.0,17.0,21.0,-4.0,0,1
车子左偏且从90度往正中间转且离墙居中位置转.csv,214,left_bias,middle,transition,4.265,20.0,21.0,-1.0,17.0,21.0,-4.0,0,1
车子左偏且从90度往正中间转且离墙居中位置转.csv,215,left_bias,middle,transition,4.285,25.0,20.0,5.0,20.0,21.0,-1.0,0,1
车子左偏且从90度往正中间转且离墙居中位置转.csv,216,left_bias,middle,transition,4.305,84.0,35.0,49.0,25.0,21.0,4.0,0,1
车子左偏且从90度往正中间转且离墙居中位置转.csv,217,left_bias,middle,transition,4.325,83.0,21.0,62.0,25.0,21.0,4.0,0,1
车子左偏且从90度往正中间转且离墙居中位置转.csv,218,left_bias,middle,transition,4.346,67.0,20.0,47.0,25.0,21.0,4.0,0,1
车子左偏且从90度往正中间转且离墙居中位置转.csv,219,left_bias,middle,transition,4.366,60.0,21.0,39.0,52.0,21.0,31.0,0,1
车子左偏且从90度往正中间转且离墙居中位置转.csv,220,left_bias,middle,transition,4.386,17.0,20.0,-3.0,52.0,21.0,31.0,0,1
车子左偏且从90度往正中间转且离墙居中位置转.csv,221,left_bias,middle,transition,4.406,16.0,21.0,-5.0,25.0,21.0,4.0,0,1
车子左偏且从90度往正中间转且离墙居中位置转.csv,222,left_bias,middle,transition,4.426,101.0,19.0,82.0,60.0,21.0,39.0,0,1
车子左偏且从90度往正中间转且离墙居中位置转.csv,223,left_bias,middle,transition,4.446,25.0,21.0,4.0,60.0,21.0,39.0,0,1
车子左偏且从90度往正中间转且离墙居中位置转.csv,224,left_bias,middle,transition,4.466,21.0,20.0,1.0,60.0,21.0,39.0,0,1
车子左偏且从90度往正中间转且离墙居中位置转.csv,225,left_bias,middle,transition,4.486,101.0,21.0,80.0,60.0,21.0,39.0,0,1
车子左偏且从90度往正中间转且离墙居中位置转.csv,226,left_bias,middle,transition,4.506,17.0,20.0,-3.0,25.0,20.0,5.0,0,1
车子左偏且从90度往正中间转且离墙居中位置转.csv,227,left_bias,middle,transition,4.526,33.0,32.0,1.0,25.0,21.0,4.0,0,1
车子左偏且从90度往正中间转且离墙居中位置转.csv,228,left_bias,middle,transition,4.546,149.0,32.0,117.0,25.0,21.0,4.0,0,1
车子左偏且从90度往正中间转且离墙居中位置转.csv,229,left_bias,middle,transition,4.566,33.0,20.0,13.0,33.0,21.0,12.0,0,1
车子左偏且从90度往正中间转且离墙居中位置转.csv,230,left_bias,middle,transition,4.587,42.0,19.0,23.0,33.0,20.0,13.0,0,1
车子左偏且从90度往正中间转且离墙居中位置转.csv,231,left_bias,middle,transition,4.607,17.0,20.0,-3.0,33.0,20.0,13.0,0,1
车子左偏且从90度往正中间转且离墙居中位置转.csv,232,left_bias,middle,transition,4.627,18.0,20.0,-2.0,33.0,20.0,13.0,0,1
车子左偏且从90度往正中间转且离墙居中位置转.csv,233,left_bias,middle,transition,4.647,67.0,20.0,47.0,33.0,20.0,13.0,0,1
车子左偏且从90度往正中间转且离墙居中位置转.csv,234,left_bias,middle,transition,4.667,33.0,21.0,12.0,33.0,20.0,13.0,0,1
车子左偏且从90度往正中间转且离墙居中位置转.csv,235,left_bias,middle,transition,4.687,100.0,20.0,80.0,33.0,20.0,13.0,0,1
车子左偏且从90度往正中间转且离墙居中位置转.csv,236,left_bias,middle,transition,4.707,157.0,20.0,137.0,42.0,20.0,22.0,0,1
车子左偏且从90度往正中间转且离墙居中位置转.csv,237,left_bias,middle,transition,4.727,17.0,20.0,-3.0,33.0,20.0,13.0,0,1
车子左偏且从90度往正中间转且离墙居中位置转.csv,238,left_bias,middle,transition,4.747,20.0,20.0,0.0,33.0,20.0,13.0,0,1
车子左偏且从90度往正中间转且离墙居中位置转.csv,239,left_bias,middle,transition,4.767,32.0,20.0,12.0,32.0,20.0,12.0,0,1
车子左偏且从90度往正中间转且离墙居中位置转.csv,240,left_bias,middle,transition,4.787,66.0,20.0,46.0,33.0,20.0,13.0,0,1
车子左偏且从90度往正中间转且离墙居中位置转.csv,241,left_bias,middle,transition,4.808,32.0,20.0,12.0,33.0,20.0,13.0,0,1
车子左偏且从90度往正中间转且离墙居中位置转.csv,242,left_bias,middle,transition,4.828,51.0,20.0,31.0,33.0,20.0,13.0,0,1
车子左偏且从90度往正中间转且离墙居中位置转.csv,243,left_bias,middle,transition,4.848,19.0,28.0,-9.0,32.0,20.0,12.0,0,1
车子左偏且从90度往正中间转且离墙居中位置转.csv,244,left_bias,middle,transition,4.868,16.0,21.0,-5.0,32.0,20.0,12.0,0,1
车子左偏且从90度往正中间转且离墙居中位置转.csv,245,left_bias,middle,transition,4.888,32.0,22.0,10.0,32.0,20.0,12.0,0,1
车子左偏且从90度往正中间转且离墙居中位置转.csv,246,left_bias,middle,transition,4.908,99.0,20.0,79.0,32.0,20.0,12.0,0,1
车子左偏且从90度往正中间转且离墙居中位置转.csv,247,left_bias,middle,transition,4.928,16.0,20.0,-4.0,32.0,20.0,12.0,0,1
车子左偏且从90度往正中间转且离墙居中位置转.csv,248,left_bias,middle,transition,4.948,16.0,20.0,-4.0,32.0,20.0,12.0,0,1
车子左偏且从90度往正中间转且离墙居中位置转.csv,249,left_bias,middle,transition,4.968,32.0,19.0,13.0,32.0,20.0,12.0,0,1
车子左偏且从90度往正中间转且离墙居中位置转.csv,250,left_bias,middle,transition,4.988,17.0,22.0,-5.0,19.0,20.0,-1.0,0,1
车子左偏且从90度往正中间转且离墙居中位置转.csv,251,left_bias,middle,transition,5.009,26.0,20.0,6.0,19.0,20.0,-1.0,0,1
车子左偏且从90度往正中间转且离墙居中位置转.csv,252,left_bias,middle,transition,5.029,84.0,20.0,64.0,26.0,20.0,6.0,0,1
车子左偏且从90度往正中间转且离墙居中位置转.csv,253,left_bias,middle,transition,5.049,17.0,20.0,-3.0,26.0,20.0,6.0,0,1
车子左偏且从90度往正中间转且离墙居中位置转.csv,254,left_bias,middle,transition,5.069,66.0,20.0,46.0,26.0,20.0,6.0,0,1
车子左偏且从90度往正中间转且离墙居中位置转.csv,255,left_bias,middle,transition,5.089,16.0,20.0,-4.0,17.0,20.0,-3.0,0,1
车子左偏且从90度往正中间转且离墙居中位置转.csv,256,left_bias,middle,transition,5.109,68.0,20.0,48.0,26.0,20.0,6.0,0,1
车子左偏且从90度往正中间转且离墙居中位置转.csv,257,left_bias,middle,transition,5.129,51.0,19.0,32.0,32.0,20.0,12.0,0,1
车子左偏且从90度往正中间转且离墙居中位置转.csv,258,left_bias,middle,transition,5.149,100.0,20.0,80.0,51.0,20.0,31.0,0,1
车子左偏且从90度往正中间转且离墙居中位置转.csv,259,left_bias,middle,transition,5.169,51.0,23.0,28.0,51.0,20.0,31.0,0,1
车子左偏且从90度往正中间转且离墙居中位置转.csv,260,left_bias,middle,transition,5.19,18.0,33.0,-15.0,51.0,20.0,31.0,0,1
车子左偏且从90度往正中间转且离墙居中位置转.csv,261,left_bias,middle,transition,5.21,16.0,30.0,-14.0,51.0,20.0,31.0,0,1
车子左偏且从90度往正中间转且离墙居中位置转.csv,262,left_bias,middle,transition,5.23,83.0,22.0,61.0,51.0,20.0,31.0,0,1
车子左偏且从90度往正中间转且离墙居中位置转.csv,263,left_bias,middle,transition,5.25,67.0,20.0,47.0,51.0,20.0,31.0,0,1
车子左偏且从90度往正中间转且离墙居中位置转.csv,264,left_bias,middle,transition,5.27,25.0,20.0,5.0,51.0,20.0,31.0,0,1
车子左偏且从90度往正中间转且离墙居中位置转.csv,265,left_bias,middle,transition,5.29,68.0,19.0,49.0,51.0,20.0,31.0,0,1
车子左偏且从90度往正中间转且离墙居中位置转.csv,266,left_bias,middle,transition,5.31,16.0,20.0,-4.0,51.0,20.0,31.0,0,1
车子左偏且从90度往正中间转且离墙居中位置转.csv,267,left_bias,middle,transition,5.33,17.0,20.0,-3.0,25.0,20.0,5.0,0,1
车子左偏且从90度往正中间转且离墙居中位置转.csv,268,left_bias,middle,transition,5.35,20.0,21.0,-1.0,20.0,20.0,0.0,0,1
车子左偏且从90度往正中间转且离墙居中位置转.csv,269,left_bias,middle,transition,5.371,68.0,20.0,48.0,25.0,20.0,5.0,0,1
车子左偏且从90度往正中间转且离墙居中位置转.csv,270,left_bias,middle,transition,5.391,41.0,20.0,21.0,41.0,20.0,21.0,0,1
车子左偏且从90度往正中间转且离墙居中位置转.csv,271,left_bias,middle,transition,5.411,17.0,19.0,-2.0,25.0,20.0,5.0,0,1
车子左偏且从90度往正中间转且离墙居中位置转.csv,272,left_bias,middle,transition,5.431,17.0,21.0,-4.0,20.0,20.0,0.0,0,1
车子左偏且从90度往正中间转且离墙居中位置转.csv,273,left_bias,middle,transition,5.451,108.0,21.0,87.0,20.0,20.0,0.0,0,1
车子左偏且从90度往正中间转且离墙居中位置转.csv,274,left_bias,middle,transition,5.471,166.0,19.0,147.0,20.0,20.0,0.0,0,1
车子左偏且从90度往正中间转且离墙居中位置转.csv,275,left_bias,middle,transition,5.491,67.0,19.0,48.0,41.0,20.0,21.0,0,1
车子左偏且从90度往正中间转且离墙居中位置转.csv,276,left_bias,middle,transition,5.511,83.0,34.0,49.0,67.0,20.0,47.0,0,1
车子左偏且从90度往正中间转且离墙居中位置转.csv,277,left_bias,middle,transition,5.531,16.0,29.0,-13.0,67.0,20.0,47.0,0,1
车子左偏且从90度往正中间转且离墙居中位置转.csv,278,left_bias,middle,transition,5.551,17.0,20.0,-3.0,41.0,20.0,21.0,0,1
车子左偏且从90度往正中间转且离墙居中位置转.csv,279,left_bias,middle,transition,5.572,17.0,20.0,-3.0,17.0,20.0,-3.0,0,1
车子左偏且从90度往正中间转且离墙居中位置转.csv,280,left_bias,middle,transition,5.592,248.0,20.0,228.0,67.0,20.0,47.0,0,1
车子左偏且从90度往正中间转且离墙居中位置转.csv,281,left_bias,middle,transition,5.612,41.0,20.0,21.0,67.0,20.0,47.0,0,1
车子左偏且从90度往正中间转且离墙居中位置转.csv,282,left_bias,middle,transition,5.632,41.0,20.0,21.0,41.0,20.0,21.0,0,1
车子左偏且从90度往正中间转且离墙居中位置转.csv,283,left_bias,middle,transition,5.652,17.0,20.0,-3.0,41.0,20.0,21.0,0,1
车子左偏且从90度往正中间转且离墙居中位置转.csv,284,left_bias,middle,transition,5.672,16.0,20.0,-4.0,17.0,20.0,-3.0,0,1
车子左偏且从90度往正中间转且离墙居中位置转.csv,285,left_bias,middle,transition,5.692,17.0,20.0,-3.0,17.0,20.0,-3.0,0,1
车子左偏且从90度往正中间转且离墙居中位置转.csv,286,left_bias,middle,transition,5.712,133.0,20.0,113.0,17.0,20.0,-3.0,0,1
车子左偏且从90度往正中间转且离墙居中位置转.csv,287,left_bias,middle,transition,5.732,84.0,20.0,64.0,41.0,20.0,21.0,0,1
车子左偏且从90度往正中间转且离墙居中位置转.csv,288,left_bias,middle,transition,5.753,51.0,20.0,31.0,41.0,20.0,21.0,0,1
车子左偏且从90度往正中间转且离墙居中位置转.csv,289,left_bias,middle,transition,5.773,17.0,20.0,-3.0,41.0,20.0,21.0,0,1
车子左偏且从90度往正中间转且离墙居中位置转.csv,290,left_bias,middle,transition,5.793,17.0,20.0,-3.0,17.0,20.0,-3.0,0,1
车子左偏且从90度往正中间转且离墙居中位置转.csv,291,left_bias,middle,transition,5.813,33.0,20.0,13.0,17.0,20.0,-3.0,0,1
车子左偏且从90度往正中间转且离墙居中位置转.csv,292,left_bias,middle,transition,5.833,42.0,27.0,15.0,33.0,20.0,13.0,0,1
车子左偏且从90度往正中间转且离墙居中位置转.csv,293,left_bias,middle,transition,5.853,117.0,20.0,97.0,42.0,20.0,22.0,0,1
车子左偏且从90度往正中间转且离墙居中位置转.csv,294,left_bias,middle,transition,5.873,83.0,20.0,63.0,51.0,20.0,31.0,0,1
车子左偏且从90度往正中间转且离墙居中位置转.csv,295,left_bias,middle,transition,5.893,17.0,20.0,-3.0,42.0,20.0,22.0,0,1
车子左偏且从90度往正中间转且离墙居中位置转.csv,296,left_bias,middle,transition,5.913,26.0,20.0,6.0,33.0,20.0,13.0,0,1
车子左偏且从90度往正中间转且离墙居中位置转.csv,297,left_bias,middle,transition,5.933,17.0,20.0,-3.0,26.0,20.0,6.0,0,1
车子左偏且从90度往正中间转且离墙居中位置转.csv,298,left_bias,middle,transition,5.954,165.0,20.0,145.0,33.0,20.0,13.0,0,1
车子左偏且从90度往正中间转且离墙居中位置转.csv,299,left_bias,middle,transition,5.974,84.0,21.0,63.0,42.0,20.0,22.0,0,1
车子左偏且从90度往正中间转且离墙居中位置转.csv,300,left_bias,middle,transition,5.994,16.0,21.0,-5.0,42.0,20.0,22.0,0,1
车子左偏且从90度往正中间转且离墙居中位置转.csv,301,left_bias,middle,transition,6.014,17.0,20.0,-3.0,26.0,20.0,6.0,0,1
车子左偏且从90度往正中间转且离墙居中位置转.csv,302,left_bias,middle,transition,6.034,17.0,20.0,-3.0,17.0,20.0,-3.0,0,1
车子左偏且从90度往正中间转且离墙居中位置转.csv,303,left_bias,middle,transition,6.054,17.0,20.0,-3.0,17.0,20.0,-3.0,0,1
车子左偏且从90度往正中间转且离墙居中位置转.csv,304,left_bias,middle,transition,6.074,279.0,20.0,259.0,17.0,20.0,-3.0,0,1
车子左偏且从90度往正中间转且离墙居中位置转.csv,305,left_bias,middle,transition,6.094,51.0,21.0,30.0,17.0,20.0,-3.0,0,1
车子左偏且从90度往正中间转且离墙居中位置转.csv,306,left_bias,middle,transition,6.114,83.0,20.0,63.0,51.0,20.0,31.0,0,1
车子左偏且从90度往正中间转且离墙居中位置转.csv,307,left_bias,middle,transition,6.135,16.0,20.0,-4.0,17.0,20.0,-3.0,0,1
车子左偏且从90度往正中间转且离墙居中位置转.csv,308,left_bias,middle,transition,6.155,17.0,30.0,-13.0,17.0,20.0,-3.0,0,1
车子左偏且从90度往正中间转且离墙居中位置转.csv,309,left_bias,middle,transition,6.175,166.0,20.0,146.0,17.0,20.0,-3.0,0,1
车子左偏且从90度往正中间转且离墙居中位置转.csv,310,left_bias,middle,transition,6.195,99.0,20.0,79.0,51.0,20.0,31.0,0,1
车子左偏且从90度往正中间转且离墙居中位置转.csv,311,left_bias,middle,transition,6.215,83.0,20.0,63.0,83.0,20.0,63.0,0,1
车子左偏且从90度往正中间转且离墙居中位置转.csv,312,left_bias,middle,transition,6.235,115.0,21.0,94.0,83.0,20.0,63.0,0,1
车子左偏且从90度往正中间转且离墙居中位置转.csv,313,left_bias,middle,transition,6.256,17.0,21.0,-4.0,83.0,20.0,63.0,0,1
车子左偏且从90度往正中间转且离墙居中位置转.csv,314,left_bias,middle,transition,6.276,16.0,31.0,-15.0,83.0,20.0,63.0,0,1
车子左偏且从90度往正中间转且离墙居中位置转.csv,315,left_bias,middle,transition,6.296,17.0,22.0,-5.0,17.0,21.0,-4.0,0,1
车子左偏且从90度往正中间转且离墙居中位置转.csv,316,left_bias,middle,transition,6.316,16.0,20.0,-4.0,17.0,21.0,-4.0,0,1
车子左偏且从90度往正中间转且离墙居中位置转.csv,317,left_bias,middle,transition,6.336,25.0,21.0,4.0,25.0,21.0,4.0,0,1
车子左偏且从90度往正中间转且离墙居中位置转.csv,318,left_bias,middle,transition,6.356,16.0,21.0,-5.0,17.0,21.0,-4.0,0,1
车子左偏且从90度往正中间转且离墙居中位置转.csv,319,left_bias,middle,transition,6.376,16.0,20.0,-4.0,17.0,21.0,-4.0,0,1
车子左偏且从90度往正中间转且离墙居中位置转.csv,320,left_bias,middle,transition,6.396,92.0,19.0,73.0,17.0,21.0,-4.0,0,1
车子左偏且从90度往正中间转且离墙居中位置转.csv,321,left_bias,middle,transition,6.416,83.0,20.0,63.0,17.0,21.0,-4.0,0,1
车子左偏且从90度往正中间转且离墙居中位置转.csv,322,left_bias,middle,transition,6.436,232.0,20.0,212.0,17.0,20.0,-3.0,0,1
车子左偏且从90度往正中间转且离墙居中位置转.csv,323,left_bias,middle,transition,6.457,117.0,21.0,96.0,25.0,20.0,5.0,0,1
车子左偏且从90度往正中间转且离墙居中位置转.csv,324,left_bias,middle,transition,6.477,16.0,20.0,-4.0,25.0,20.0,5.0,0,1
车子左偏且从90度往正中间转且离墙居中位置转.csv,325,left_bias,middle,transition,6.497,24.0,31.0,-7.0,25.0,20.0,5.0,0,1
车子左偏且从90度往正中间转且离墙居中位置转.csv,326,left_bias,middle,transition,6.517,17.0,21.0,-4.0,24.0,20.0,4.0,0,1
车子左偏且从90度往正中间转且离墙居中位置转.csv,327,left_bias,middle,transition,6.537,443.0,20.0,423.0,83.0,20.0,63.0,0,1
车子左偏且从90度往正中间转且离墙居中位置转.csv,328,left_bias,middle,transition,6.557,84.0,20.0,64.0,84.0,20.0,64.0,0,1
车子左偏且从90度往正中间转且离墙居中位置转.csv,329,left_bias,middle,transition,6.577,116.0,20.0,96.0,84.0,20.0,64.0,0,1
车子左偏且从90度往正中间转且离墙居中位置转.csv,330,left_bias,middle,transition,6.597,31.0,20.0,11.0,84.0,20.0,64.0,0,1
车子左偏且从90度往正中间转且离墙居中位置转.csv,331,left_bias,middle,transition,6.617,16.0,20.0,-4.0,31.0,20.0,11.0,0,1
车子左偏且从90度往正中间转且离墙居中位置转.csv,332,left_bias,middle,transition,6.637,17.0,20.0,-3.0,24.0,20.0,4.0,0,1
车子左偏且从90度往正中间转且离墙居中位置转.csv,333,left_bias,middle,transition,6.657,313.0,20.0,293.0,31.0,20.0,11.0,0,1
车子左偏且从90度往正中间转且离墙居中位置转.csv,334,left_bias,middle,transition,6.677,116.0,20.0,96.0,84.0,20.0,64.0,0,1
车子左偏且从90度往正中间转且离墙居中位置转.csv,335,left_bias,middle,transition,6.698,141.0,20.0,121.0,116.0,20.0,96.0,0,1
车子左偏且从90度往正中间转且离墙居中位置转.csv,336,left_bias,middle,transition,6.718,26.0,20.0,6.0,84.0,20.0,64.0,0,1
车子左偏且从90度往正中间转且离墙居中位置转.csv,337,left_bias,middle,transition,6.738,16.0,24.0,-8.0,31.0,20.0,11.0,0,1
车子左偏且从90度往正中间转且离墙居中位置转.csv,338,left_bias,middle,transition,6.758,42.0,21.0,21.0,31.0,20.0,11.0,0,1
车子左偏且从90度往正中间转且离墙居中位置转.csv,339,left_bias,middle,transition,6.778,148.0,20.0,128.0,42.0,20.0,22.0,0,1
车子左偏且从90度往正中间转且离墙居中位置转.csv,340,left_bias,middle,transition,6.798,16.0,20.0,-4.0,42.0,20.0,22.0,0,1
车子左偏且从90度往正中间转且离墙居中位置转.csv,341,left_bias,middle,transition,6.818,134.0,20.0,114.0,116.0,20.0,96.0,0,1
车子左偏且从90度往正中间转且离墙居中位置转.csv,342,left_bias,middle,transition,6.838,24.0,20.0,4.0,42.0,20.0,22.0,0,1
车子左偏且从90度往正中间转且离墙居中位置转.csv,343,left_bias,middle,transition,6.858,33.0,20.0,13.0,33.0,20.0,13.0,0,1
车子左偏且从90度往正中间转且离墙居中位置转.csv,344,left_bias,middle,transition,6.878,458.0,20.0,438.0,33.0,20.0,13.0,0,1
车子左偏且从90度往正中间转且离墙居中位置转.csv,345,left_bias,middle,transition,6.898,297.0,20.0,277.0,42.0,20.0,22.0,0,1
车子左偏且从90度往正中间转且离墙居中位置转.csv,346,left_bias,middle,transition,6.918,17.0,20.0,-3.0,42.0,20.0,22.0,0,1
车子左偏且从90度往正中间转且离墙居中位置转.csv,347,left_bias,middle,transition,6.939,190.0,20.0,170.0,134.0,20.0,114.0,0,1
车子左偏且从90度往正中间转且离墙居中位置转.csv,348,left_bias,middle,transition,6.959,17.0,19.0,-2.0,33.0,20.0,13.0,0,1
车子左偏且从90度往正中间转且离墙居中位置转.csv,349,left_bias,middle,transition,6.979,42.0,19.0,23.0,42.0,20.0,22.0,0,1
车子左偏且从90度往正中间转且离墙居中位置转.csv,350,left_bias,middle,transition,6.999,19.0,20.0,-1.0,33.0,20.0,13.0,0,1
车子左偏且从90度往正中间转且离墙居中位置转.csv,351,left_bias,middle,transition,7.019,492.0,20.0,472.0,42.0,20.0,22.0,0,1
车子左偏且从90度往正中间转且离墙居中位置转.csv,352,left_bias,middle,transition,7.039,157.0,20.0,137.0,157.0,20.0,137.0,0,1
车子左偏且从90度往正中间转且离墙居中位置转.csv,353,left_bias,middle,transition,7.059,134.0,21.0,113.0,134.0,20.0,114.0,0,1
车子左偏且从90度往正中间转且离墙居中位置转.csv,354,left_bias,middle,transition,7.079,68.0,20.0,48.0,68.0,20.0,48.0,0,1
车子左偏且从90度往正中间转且离墙居中位置转.csv,355,left_bias,middle,transition,7.099,16.0,20.0,-4.0,68.0,20.0,48.0,0,1
车子左偏且从90度往正中间转且离墙居中位置转.csv,356,left_bias,middle,transition,7.119,41.0,20.0,21.0,42.0,20.0,22.0,0,1
车子左偏且从90度往正中间转且离墙居中位置转.csv,357,left_bias,middle,transition,7.14,376.0,20.0,356.0,68.0,20.0,48.0,0,1
车子左偏且从90度往正中间转且离墙居中位置转.csv,358,left_bias,middle,transition,7.16,149.0,20.0,129.0,134.0,20.0,114.0,0,1
车子左偏且从90度往正中间转且离墙居中位置转.csv,359,left_bias,middle,transition,7.18,199.0,21.0,178.0,149.0,20.0,129.0,0,1
车子左偏且从90度往正中间转且离墙居中位置转.csv,360,left_bias,middle,transition,7.2,109.0,21.0,88.0,134.0,20.0,114.0,0,1
车子左偏且从90度往正中间转且离墙居中位置转.csv,361,left_bias,middle,transition,7.22,116.0,19.0,97.0,116.0,20.0,96.0,0,1
车子左偏且从90度往正中间转且离墙居中位置转.csv,362,left_bias,middle,transition,7.24,100.0,20.0,80.0,109.0,20.0,89.0,0,1
车子左偏且从90度往正中间转且离墙居中位置转.csv,363,left_bias,middle,transition,7.26,166.0,20.0,146.0,116.0,20.0,96.0,0,1
车子左偏且从90度往正中间转且离墙居中位置转.csv,364,left_bias,middle,transition,7.28,17.0,20.0,-3.0,116.0,20.0,96.0,0,1
车子左偏且从90度往正中间转且离墙居中位置转.csv,365,left_bias,middle,transition,7.3,215.0,21.0,194.0,149.0,20.0,129.0,0,1
车子左偏且从90度往正中间转且离墙居中位置转.csv,366,left_bias,middle,transition,7.321,17.0,21.0,-4.0,116.0,20.0,96.0,0,1
车子左偏且从90度往正中间转且离墙居中位置转.csv,367,left_bias,middle,transition,7.341,443.0,20.0,423.0,116.0,20.0,96.0,0,1
车子左偏且从90度往正中间转且离墙居中位置转.csv,368,left_bias,middle,transition,7.361,134.0,20.0,114.0,116.0,20.0,96.0,0,1
车子左偏且从90度往正中间转且离墙居中位置转.csv,369,left_bias,middle,transition,7.381,476.0,30.0,446.0,134.0,20.0,114.0,0,1
车子左偏且从90度往正中间转且离墙居中位置转.csv,370,left_bias,middle,transition,7.401,115.0,21.0,94.0,134.0,20.0,114.0,0,1
车子左偏且从90度往正中间转且离墙居中位置转.csv,371,left_bias,middle,transition,7.421,17.0,20.0,-3.0,134.0,20.0,114.0,0,1
车子左偏且从90度往正中间转且离墙居中位置转.csv,372,left_bias,middle,transition,7.441,134.0,20.0,114.0,134.0,20.0,114.0,0,1
车子左偏且从90度往正中间转且离墙居中位置转.csv,373,left_bias,middle,transition,7.461,19.0,20.0,-1.0,134.0,20.0,114.0,0,1
车子左偏且从90度往正中间转且离墙居中位置转.csv,374,left_bias,middle,transition,7.481,149.0,21.0,128.0,134.0,20.0,114.0,0,1
车子左偏且从90度往正中间转且离墙居中位置转.csv,375,left_bias,middle,transition,7.501,559.0,19.0,540.0,134.0,20.0,114.0,0,1
车子左偏且从90度往正中间转且离墙居中位置转.csv,376,left_bias,middle,transition,7.522,426.0,21.0,405.0,134.0,20.0,114.0,0,1
车子左偏且从90度往正中间转且离墙居中位置转.csv,377,left_bias,middle,transition,7.542,150.0,20.0,130.0,149.0,20.0,129.0,0,1
车子左偏且从90度往正中间转且离墙居中位置转.csv,378,left_bias,middle,transition,7.562,99.0,20.0,79.0,134.0,20.0,114.0,0,1
车子左偏且从90度往正中间转且离墙居中位置转.csv,379,left_bias,middle,transition,7.582,17.0,20.0,-3.0,134.0,20.0,114.0,0,1
车子左偏且从90度往正中间转且离墙居中位置转.csv,380,left_bias,middle,transition,7.602,17.0,20.0,-3.0,134.0,20.0,114.0,0,1
车子左偏且从90度往正中间转且离墙居中位置转.csv,381,left_bias,middle,transition,7.622,133.0,21.0,112.0,133.0,20.0,113.0,0,1
车子左偏且从90度往正中间转且离墙居中位置转.csv,382,left_bias,middle,transition,7.642,296.0,20.0,276.0,149.0,20.0,129.0,0,1
车子左偏且从90度往正中间转且离墙居中位置转.csv,383,left_bias,middle,transition,7.662,198.0,20.0,178.0,150.0,20.0,130.0,0,1
车子左偏且从90度往正中间转且离墙居中位置转.csv,384,left_bias,middle,transition,7.682,166.0,20.0,146.0,150.0,20.0,130.0,0,1
车子左偏且从90度往正中间转且离墙居中位置转.csv,385,left_bias,middle,transition,7.703,183.0,20.0,163.0,150.0,20.0,130.0,0,1
车子左偏且从90度往正中间转且离墙居中位置转.csv,386,left_bias,middle,transition,7.723,133.0,22.0,111.0,133.0,20.0,113.0,0,1
车子左偏且从90度往正中间转且离墙居中位置转.csv,387,left_bias,middle,transition,7.743,313.0,20.0,293.0,166.0,20.0,146.0,0,1
车子左偏且从90度往正中间转且离墙居中位置转.csv,388,left_bias,middle,transition,7.763,182.0,20.0,162.0,182.0,20.0,162.0,0,1
车子左偏且从90度往正中间转且离墙居中位置转.csv,389,left_bias,middle,transition,7.783,17.0,20.0,-3.0,182.0,20.0,162.0,0,1
车子左偏且从90度往正中间转且离墙居中位置转.csv,390,left_bias,middle,transition,7.803,117.0,22.0,95.0,182.0,20.0,162.0,0,1
车子左偏且从90度往正中间转且离墙居中位置转.csv,391,left_bias,middle,transition,7.823,16.0,20.0,-4.0,166.0,20.0,146.0,0,1
车子左偏且从90度往正中间转且离墙居中位置转.csv,392,left_bias,middle,transition,7.843,149.0,20.0,129.0,149.0,20.0,129.0,0,1
车子左偏且从90度往正中间转且离墙居中位置转.csv,393,left_bias,middle,transition,7.863,410.0,20.0,390.0,149.0,20.0,129.0,0,1
车子左偏且从90度往正中间转且离墙居中位置转.csv,394,left_bias,middle,transition,7.884,702.0,20.0,682.0,149.0,20.0,129.0,0,1
车子左偏且从90度往正中间转且离墙居中位置转.csv,395,left_bias,middle,transition,7.904,150.0,20.0,130.0,150.0,20.0,130.0,0,1
车子左偏且从90度往正中间转且离墙居中位置转.csv,396,left_bias,middle,transition,7.924,410.0,20.0,390.0,150.0,20.0,130.0,0,1
车子左偏且从90度往正中间转且离墙居中位置转.csv,397,left_bias,middle,transition,7.944,18.0,21.0,-3.0,149.0,20.0,129.0,0,1
车子左偏且从90度往正中间转且离墙居中位置转.csv,398,left_bias,middle,transition,7.964,17.0,20.0,-3.0,149.0,20.0,129.0,0,1
车子左偏且从90度往正中间转且离墙居中位置转.csv,399,left_bias,middle,transition,7.984,149.0,20.0,129.0,149.0,20.0,129.0,0,1
车子左偏且从90度往正中间转且离墙居中位置转.csv,400,left_bias,middle,transition,8.004,297.0,20.0,277.0,150.0,20.0,130.0,0,1
车子左偏且从90度往正中间转且离墙居中位置转.csv,401,left_bias,middle,transition,8.024,182.0,20.0,162.0,182.0,20.0,162.0,0,1
车子左偏且从90度往正中间转且离墙居中位置转.csv,402,left_bias,middle,transition,8.044,117.0,20.0,97.0,150.0,20.0,130.0,0,1
车子左偏且从90度往正中间转且离墙居中位置转.csv,403,left_bias,middle,transition,8.065,166.0,20.0,146.0,150.0,20.0,130.0,0,1
车子左偏且从90度往正中间转且离墙居中位置转.csv,404,left_bias,middle,transition,8.085,17.0,20.0,-3.0,149.0,20.0,129.0,0,1
车子左偏且从90度往正中间转且离墙居中位置转.csv,405,left_bias,middle,transition,8.105,149.0,20.0,129.0,149.0,20.0,129.0,0,1
车子左偏且从90度往正中间转且离墙居中位置转.csv,406,left_bias,middle,transition,8.125,41.0,28.0,13.0,149.0,20.0,129.0,0,1
车子左偏且从90度往正中间转且离墙居中位置转.csv,407,left_bias,middle,transition,8.145,182.0,32.0,150.0,149.0,20.0,129.0,0,1
车子左偏且从90度往正中间转且离墙居中位置转.csv,408,left_bias,middle,transition,8.165,149.0,30.0,119.0,149.0,20.0,129.0,0,1
车子左偏且从90度往正中间转且离墙居中位置转.csv,409,left_bias,middle,transition,8.185,51.0,21.0,30.0,149.0,20.0,129.0,0,1
车子左偏且从90度往正中间转且离墙居中位置转.csv,410,left_bias,middle,transition,8.205,175.0,20.0,155.0,149.0,20.0,129.0,0,1
车子左偏且从90度往正中间转且离墙居中位置转.csv,411,left_bias,middle,transition,8.225,183.0,20.0,163.0,149.0,20.0,129.0,0,1
车子左偏且从90度往正中间转且离墙居中位置转.csv,412,left_bias,middle,transition,8.246,672.0,33.0,639.0,149.0,21.0,128.0,0,1
车子左偏且从90度往正中间转且离墙居中位置转.csv,413,left_bias,middle,transition,8.266,199.0,21.0,178.0,175.0,21.0,154.0,0,1
车子左偏且从90度往正中间转且离墙居中位置转.csv,414,left_bias,middle,transition,8.286,328.0,22.0,306.0,182.0,22.0,160.0,0,1
车子左偏且从90度往正中间转且离墙居中位置转.csv,415,left_bias,middle,transition,8.306,41.0,20.0,21.0,182.0,21.0,161.0,0,1
车子左偏且从90度往正中间转且离墙居中位置转.csv,416,left_bias,middle,transition,8.326,17.0,20.0,-3.0,175.0,21.0,154.0,0,1
车子左偏且从90度往正中间转且离墙居中位置转.csv,417,left_bias,middle,transition,8.346,166.0,20.0,146.0,175.0,20.0,155.0,0,1
车子左偏且从90度往正中间转且离墙居中位置转.csv,418,left_bias,middle,transition,8.366,25.0,21.0,4.0,175.0,20.0,155.0,0,1
车子左偏且从90度往正中间转且离墙居中位置转.csv,419,left_bias,middle,transition,8.386,199.0,20.0,179.0,183.0,20.0,163.0,0,1
车子左偏且从90度往正中间转且离墙居中位置转.csv,420,left_bias,middle,transition,8.406,151.0,20.0,131.0,166.0,20.0,146.0,0,1
车子左偏且从90度往正中间转且离墙居中位置转.csv,421,left_bias,middle,transition,8.427,768.0,20.0,748.0,166.0,20.0,146.0,0,1
车子左偏且从90度往正中间转且离墙居中位置转.csv,422,left_bias,middle,transition,8.447,117.0,20.0,97.0,151.0,20.0,131.0,0,1
车子左偏且从90度往正中间转且离墙居中位置转.csv,423,left_bias,middle,transition,8.467,217.0,21.0,196.0,151.0,20.0,131.0,0,1
车子左偏且从90度往正中间转且离墙居中位置转.csv,424,left_bias,middle,transition,8.487,96.0,31.0,65.0,151.0,20.0,131.0,0,1
车子左偏且从90度往正中间转且离墙居中位置转.csv,425,left_bias,middle,transition,8.507,17.0,20.0,-3.0,151.0,20.0,131.0,0,1
车子左偏且从90度往正中间转且离墙居中位置转.csv,426,left_bias,middle,transition,8.527,166.0,20.0,146.0,151.0,20.0,131.0,0,1
车子左偏且从90度往正中间转且离墙居中位置转.csv,427,left_bias,middle,transition,8.547,605.0,20.0,585.0,166.0,20.0,146.0,0,1
车子左偏且从90度往正中间转且离墙居中位置转.csv,428,left_bias,middle,transition,8.567,192.0,21.0,171.0,166.0,20.0,146.0,0,1
车子左偏且从90度往正中间转且离墙居中位置转.csv,429,left_bias,middle,transition,8.587,167.0,20.0,147.0,167.0,20.0,147.0,0,1
车子左偏且从90度往正中间转且离墙居中位置转.csv,430,left_bias,middle,transition,8.607,265.0,20.0,245.0,167.0,20.0,147.0,0,1
车子左偏且从90度往正中间转且离墙居中位置转.csv,431,left_bias,middle,transition,8.628,215.0,20.0,195.0,192.0,20.0,172.0,0,1
车子左偏且从90度往正中间转且离墙居中位置转.csv,432,left_bias,middle,transition,8.648,198.0,20.0,178.0,192.0,20.0,172.0,0,1
车子左偏且从90度往正中间转且离墙居中位置转.csv,433,left_bias,middle,transition,8.668,185.0,20.0,165.0,192.0,20.0,172.0,0,1
车子左偏且从90度往正中间转且离墙居中位置转.csv,434,left_bias,middle,transition,8.688,200.0,20.0,180.0,198.0,20.0,178.0,0,1
车子左偏且从90度往正中间转且离墙居中位置转.csv,435,left_bias,middle,transition,8.708,183.0,20.0,163.0,198.0,20.0,178.0,0,1
车子左偏且从90度往正中间转且离墙居中位置转.csv,436,left_bias,middle,transition,8.728,22.0,21.0,1.0,192.0,20.0,172.0,0,1
车子左偏且从90度往正中间转且离墙居中位置转.csv,437,left_bias,middle,transition,8.748,216.0,20.0,196.0,198.0,20.0,178.0,0,1
车子左偏且从90度往正中间转且离墙居中位置转.csv,438,left_bias,middle,transition,8.768,166.0,20.0,146.0,198.0,20.0,178.0,0,1
车子左偏且从90度往正中间转且离墙居中位置转.csv,439,left_bias,middle,transition,8.788,901.0,20.0,881.0,198.0,20.0,178.0,0,1
车子左偏且从90度往正中间转且离墙居中位置转.csv,440,left_bias,middle,transition,8.808,198.0,21.0,177.0,198.0,20.0,178.0,0,1
车子左偏且从90度往正中间转且离墙居中位置转.csv,441,left_bias,middle,transition,8.829,592.0,24.0,568.0,198.0,20.0,178.0,0,1
车子左偏且从90度往正中间转且离墙居中位置转.csv,442,left_bias,middle,transition,8.849,281.0,20.0,261.0,200.0,20.0,180.0,0,1
车子左偏且从90度往正中间转且离墙居中位置转.csv,443,left_bias,middle,transition,8.869,16.0,19.0,-3.0,198.0,20.0,178.0,0,1
车子左偏且从90度往正中间转且离墙居中位置转.csv,444,left_bias,middle,transition,8.889,183.0,21.0,162.0,198.0,20.0,178.0,0,1
车子左偏且从90度往正中间转且离墙居中位置转.csv,445,left_bias,middle,transition,8.909,17.0,19.0,-2.0,198.0,20.0,178.0,0,1
车子左偏且从90度往正中间转且离墙居中位置转.csv,446,left_bias,middle,transition,8.929,199.0,20.0,179.0,198.0,20.0,178.0,0,1
车子左偏且从90度往正中间转且离墙居中位置转.csv,447,left_bias,middle,transition,8.949,249.0,20.0,229.0,199.0,20.0,179.0,0,1
车子左偏且从90度往正中间转且离墙居中位置转.csv,448,left_bias,middle,transition,8.969,768.0,20.0,748.0,199.0,20.0,179.0,0,1
车子左偏且从90度往正中间转且离墙居中位置转.csv,449,left_bias,middle,transition,8.989,249.0,20.0,229.0,249.0,20.0,229.0,0,1
车子左偏且从90度往正中间转且离墙居中位置转.csv,450,left_bias,middle,transition,9.009,215.0,20.0,195.0,215.0,20.0,195.0,0,1
车子左偏且从90度往正中间转且离墙居中位置转.csv,451,left_bias,middle,transition,9.029,200.0,20.0,180.0,200.0,20.0,180.0,0,1
车子左偏且从90度往正中间转且离墙居中位置转.csv,452,left_bias,middle,transition,9.049,17.0,19.0,-2.0,200.0,20.0,180.0,0,1
车子左偏且从90度往正中间转且离墙居中位置转.csv,453,left_bias,middle,transition,9.07,203.0,20.0,183.0,203.0,20.0,183.0,0,1
车子左偏且从90度往正中间转且离墙居中位置转.csv,454,left_bias,middle,transition,9.09,133.0,20.0,113.0,203.0,20.0,183.0,0,1
车子左偏且从90度往正中间转且离墙居中位置转.csv,455,left_bias,middle,transition,9.11,249.0,19.0,230.0,215.0,20.0,195.0,0,1
车子左偏且从90度往正中间转且离墙居中位置转.csv,456,left_bias,middle,transition,9.13,167.0,22.0,145.0,203.0,20.0,183.0,0,1
车子左偏且从90度往正中间转且离墙居中位置转.csv,457,left_bias,middle,transition,9.15,84.0,32.0,52.0,200.0,20.0,180.0,0,1
车子左偏且从90度往正中间转且离墙居中位置转.csv,458,left_bias,middle,transition,9.17,201.0,20.0,181.0,200.0,20.0,180.0,0,1
车子左偏且从90度往正中间转且离墙居中位置转.csv,459,left_bias,middle,transition,9.19,33.0,20.0,13.0,167.0,20.0,147.0,0,1
车子左偏且从90度往正中间转且离墙居中位置转.csv,460,left_bias,middle,transition,9.21,853.0,20.0,833.0,167.0,20.0,147.0,0,1
车子左偏且从90度往正中间转且离墙居中位置转.csv,461,left_bias,middle,transition,9.23,249.0,26.0,223.0,201.0,20.0,181.0,0,1
车子左偏且从90度往正中间转且离墙居中位置转.csv,462,left_bias,middle,transition,9.25,394.0,21.0,373.0,201.0,20.0,181.0,0,1
车子左偏且从90度往正中间转且离墙居中位置转.csv,463,left_bias,middle,transition,9.271,165.0,20.0,145.0,201.0,20.0,181.0,0,1
车子左偏且从90度往正中间转且离墙居中位置转.csv,464,left_bias,middle,transition,9.291,16.0,20.0,-4.0,167.0,20.0,147.0,0,1
车子左偏且从90度往正中间转且离墙居中位置转.csv,465,left_bias,middle,transition,9.311,298.0,20.0,278.0,201.0,20.0,181.0,0,1
车子左偏且从90度往正中间转且离墙居中位置转.csv,466,left_bias,middle,transition,9.331,18.0,20.0,-2.0,201.0,20.0,181.0,0,1
车子左偏且从90度往正中间转且离墙居中位置转.csv,467,left_bias,middle,transition,9.351,264.0,20.0,244.0,249.0,20.0,229.0,0,1
车子左偏且从90度往正中间转且离墙居中位置转.csv,468,left_bias,middle,transition,9.371,623.0,20.0,603.0,264.0,20.0,244.0,0,1
车子左偏且从90度往正中间转且离墙居中位置转.csv,469,left_bias,middle,transition,9.391,900.0,20.0,880.0,264.0,20.0,244.0,0,1
车子左偏且从90度往正中间转且离墙居中位置转.csv,470,left_bias,middle,transition,9.411,215.0,20.0,195.0,264.0,20.0,244.0,0,1
车子左偏且从90度往正中间转且离墙居中位置转.csv,471,left_bias,middle,transition,9.431,344.0,20.0,324.0,264.0,20.0,244.0,0,1
车子左偏且从90度往正中间转且离墙居中位置转.csv,472,left_bias,middle,transition,9.452,51.0,20.0,31.0,264.0,20.0,244.0,0,1
车子左偏且从90度往正中间转且离墙居中位置转.csv,473,left_bias,middle,transition,9.472,17.0,19.0,-2.0,264.0,20.0,244.0,0,1
车子左偏且从90度往正中间转且离墙居中位置转.csv,474,left_bias,middle,transition,9.492,232.0,21.0,211.0,232.0,20.0,212.0,0,1
车子左偏且从90度往正中间转且离墙居中位置转.csv,475,left_bias,middle,transition,9.512,575.0,20.0,555.0,264.0,20.0,244.0,0,1
车子左偏且从90度往正中间转且离墙居中位置转.csv,476,left_bias,middle,transition,9.532,232.0,20.0,212.0,232.0,20.0,212.0,0,1
车子左偏且从90度往正中间转且离墙居中位置转.csv,477,left_bias,middle,transition,9.552,575.0,20.0,555.0,232.0,20.0,212.0,0,1
车子左偏且从90度往正中间转且离墙居中位置转.csv,478,left_bias,middle,transition,9.572,296.0,19.0,277.0,232.0,20.0,212.0,0,1
车子左偏且从90度往正中间转且离墙居中位置转.csv,479,left_bias,middle,transition,9.592,216.0,20.0,196.0,232.0,20.0,212.0,0,1
车子左偏且从90度往正中间转且离墙居中位置转.csv,480,left_bias,middle,transition,9.613,232.0,20.0,212.0,232.0,20.0,212.0,0,1
车子左偏且从90度往正中间转且离墙居中位置转.csv,481,left_bias,middle,transition,9.633,248.0,20.0,228.0,232.0,20.0,212.0,0,1
车子左偏且从90度往正中间转且离墙居中位置转.csv,482,left_bias,middle,transition,9.653,330.0,32.0,298.0,248.0,20.0,228.0,0,1
车子左偏且从90度往正中间转且离墙居中位置转.csv,483,left_bias,middle,transition,9.673,298.0,24.0,274.0,296.0,20.0,276.0,0,1
车子左偏且从90度往正中间转且离墙居中位置转.csv,484,left_bias,middle,transition,9.693,83.0,32.0,51.0,248.0,20.0,228.0,0,1
车子左偏且从90度往正中间转且离墙居中位置转.csv,485,left_bias,middle,transition,9.713,219.0,20.0,199.0,248.0,20.0,228.0,0,1
车子左偏且从90度往正中间转且离墙居中位置转.csv,486,left_bias,middle,transition,9.733,101.0,20.0,81.0,232.0,20.0,212.0,0,1
车子左偏且从90度往正中间转且离墙居中位置转.csv,487,left_bias,middle,transition,9.753,884.0,20.0,864.0,232.0,20.0,212.0,0,1
车子左偏且从90度往正中间转且离墙居中位置转.csv,488,left_bias,middle,transition,9.773,330.0,20.0,310.0,248.0,20.0,228.0,0,1
车子左偏且从90度往正中间转且离墙居中位置转.csv,489,left_bias,middle,transition,9.794,851.0,20.0,831.0,298.0,20.0,278.0,0,1
车子左偏且从90度往正中间转且离墙居中位置转.csv,490,left_bias,middle,transition,9.814,286.0,20.0,266.0,298.0,20.0,278.0,0,1
车子左偏且从90度往正中间转且离墙居中位置转.csv,491,left_bias,middle,transition,9.834,17.0,20.0,-3.0,286.0,20.0,266.0,0,1
车子左偏且从90度往正中间转且离墙居中位置转.csv,492,left_bias,middle,transition,9.854,265.0,20.0,245.0,265.0,20.0,245.0,0,1
车子左偏且从90度往正中间转且离墙居中位置转.csv,493,left_bias,middle,transition,9.874,18.0,20.0,-2.0,265.0,20.0,245.0,0,1
车子左偏且从90度往正中间转且离墙居中位置转.csv,494,left_bias,middle,transition,9.894,329.0,19.0,310.0,286.0,20.0,266.0,0,1
车子左偏且从90度往正中间转且离墙居中位置转.csv,495,left_bias,middle,transition,9.914,297.0,20.0,277.0,297.0,20.0,277.0,0,1
车子左偏且从90度往正中间转且离墙居中位置转.csv,496,left_bias,middle,transition,9.934,946.0,20.0,926.0,297.0,20.0,277.0,0,1
车子左偏且从90度往正中间转且离墙居中位置转.csv,497,left_bias,middle,transition,9.954,249.0,19.0,230.0,286.0,20.0,266.0,0,1
车子左偏且从90度往正中间转且离墙居中位置转.csv,498,left_bias,middle,transition,9.975,337.0,20.0,317.0,286.0,20.0,266.0,0,1
车子左偏且从90度往正中间转且离墙居中位置转.csv,499,left_bias,middle,transition,9.995,232.0,20.0,212.0,265.0,20.0,245.0,0,1
车子左偏且从90度往正中间转且离墙居中位置转.csv,500,left_bias,middle,transition,10.015,150.0,20.0,130.0,265.0,20.0,245.0,0,1
车子左偏且从90度往正中间转且离墙居中位置转.csv,501,left_bias,middle,transition,10.035,314.0,21.0,293.0,297.0,20.0,277.0,0,1
车子左偏且从90度往正中间转且离墙居中位置转.csv,502,left_bias,middle,transition,10.055,247.0,20.0,227.0,297.0,20.0,277.0,0,1
车子左偏且从90度往正中间转且离墙居中位置转.csv,503,left_bias,middle,transition,10.075,274.0,20.0,254.0,274.0,20.0,254.0,0,1
车子左偏且从90度往正中间转且离墙居中位置转.csv,504,left_bias,middle,transition,10.095,265.0,32.0,233.0,265.0,20.0,245.0,0,1
车子左偏且从90度往正中间转且离墙居中位置转.csv,505,left_bias,middle,transition,10.115,314.0,28.0,286.0,265.0,20.0,245.0,0,1
车子左偏且从90度往正中间转且离墙居中位置转.csv,506,left_bias,middle,transition,10.135,314.0,21.0,293.0,274.0,20.0,254.0,0,1
车子左偏且从90度往正中间转且离墙居中位置转.csv,507,left_bias,middle,transition,10.156,591.0,20.0,571.0,274.0,20.0,254.0,0,1
车子左偏且从90度往正中间转且离墙居中位置转.csv,508,left_bias,middle,transition,10.176,248.0,20.0,228.0,274.0,20.0,254.0,0,1
车子左偏且从90度往正中间转且离墙居中位置转.csv,509,left_bias,middle,transition,10.196,265.0,20.0,245.0,274.0,20.0,254.0,0,1
车子左偏且从90度往正中间转且离墙居中位置转.csv,510,left_bias,middle,transition,10.216,281.0,19.0,262.0,274.0,20.0,254.0,0,1
车子左偏且从90度往正中间转且离墙居中位置转.csv,511,left_bias,middle,transition,10.236,258.0,19.0,239.0,274.0,20.0,254.0,0,1
车子左偏且从90度往正中间转且离墙居中位置转.csv,512,left_bias,middle,transition,10.256,313.0,20.0,293.0,281.0,20.0,261.0,0,1
车子左偏且从90度往正中间转且离墙居中位置转.csv,513,left_bias,middle,transition,10.276,249.0,21.0,228.0,281.0,20.0,261.0,0,1
车子左偏且从90度往正中间转且离墙居中位置转.csv,514,left_bias,middle,transition,10.296,508.0,21.0,487.0,281.0,20.0,261.0,0,1
车子左偏且从90度往正中间转且离墙居中位置转.csv,515,left_bias,middle,transition,10.316,264.0,20.0,244.0,265.0,20.0,245.0,0,1
车子左偏且从90度往正中间转且离墙居中位置转.csv,516,left_bias,middle,transition,10.337,935.0,20.0,915.0,265.0,20.0,245.0,0,1
车子左偏且从90度往正中间转且离墙居中位置转.csv,517,left_bias,middle,transition,10.357,346.0,20.0,326.0,281.0,20.0,261.0,0,1
车子左偏且从90度往正中间转且离墙居中位置转.csv,518,left_bias,middle,transition,10.377,282.0,20.0,262.0,282.0,20.0,262.0,0,1
车子左偏且从90度往正中间转且离墙居中位置转.csv,519,left_bias,middle,transition,10.397,272.0,20.0,252.0,282.0,20.0,262.0,0,1
车子左偏且从90度往正中间转且离墙居中位置转.csv,520,left_bias,middle,transition,10.417,17.0,20.0,-3.0,282.0,20.0,262.0,0,1
车子左偏且从90度往正中间转且离墙居中位置转.csv,521,left_bias,middle,transition,10.437,267.0,22.0,245.0,272.0,20.0,252.0,0,1
车子左偏且从90度往正中间转且离墙居中位置转.csv,522,left_bias,middle,transition,10.457,299.0,20.0,279.0,282.0,20.0,262.0,0,1
车子左偏且从90度往正中间转且离墙居中位置转.csv,523,left_bias,middle,transition,10.477,821.0,20.0,801.0,282.0,20.0,262.0,0,1
车子左偏且从90度往正中间转且离墙居中位置转.csv,524,left_bias,middle,transition,10.497,339.0,20.0,319.0,299.0,20.0,279.0,0,1
车子左偏且从90度往正中间转且离墙居中位置转.csv,525,left_bias,middle,transition,10.517,380.0,34.0,346.0,299.0,20.0,279.0,0,1
车子左偏且从90度往正中间转且离墙居中位置转.csv,526,left_bias,middle,transition,10.538,282.0,28.0,254.0,282.0,20.0,262.0,0,1
车子左偏且从90度往正中间转且离墙居中位置转.csv,527,left_bias,middle,transition,10.558,281.0,20.0,261.0,282.0,20.0,262.0,0,1
车子左偏且从90度往正中间转且离墙居中位置转.csv,528,left_bias,middle,transition,10.578,265.0,34.0,231.0,282.0,20.0,262.0,0,1
车子左偏且从90度往正中间转且离墙居中位置转.csv,529,left_bias,middle,transition,10.598,356.0,20.0,336.0,299.0,20.0,279.0,0,1
车子左偏且从90度往正中间转且离墙居中位置转.csv,530,left_bias,middle,transition,10.618,347.0,20.0,327.0,339.0,20.0,319.0,0,1
车子左偏且从90度往正中间转且离墙居中位置转.csv,531,left_bias,middle,transition,10.638,267.0,20.0,247.0,339.0,20.0,319.0,0,1
车子左偏且从90度往正中间转且离墙居中位置转.csv,532,left_bias,middle,transition,10.658,85.0,21.0,64.0,282.0,20.0,262.0,0,1
车子左偏且从90度往正中间转且离墙居中位置转.csv,533,left_bias,middle,transition,10.678,282.0,20.0,262.0,282.0,20.0,262.0,0,1
车子左偏且从90度往正中间转且离墙居中位置转.csv,534,left_bias,middle,transition,10.698,671.0,20.0,651.0,282.0,20.0,262.0,0,1
车子左偏且从90度往正中间转且离墙居中位置转.csv,535,left_bias,middle,transition,10.719,838.0,20.0,818.0,282.0,20.0,262.0,0,1
车子左偏且从90度往正中间转且离墙居中位置转.csv,536,left_bias,middle,transition,10.739,347.0,19.0,328.0,347.0,20.0,327.0,0,1
车子左偏且从90度往正中间转且离墙居中位置转.csv,537,left_bias,middle,transition,10.759,447.0,21.0,426.0,347.0,20.0,327.0,0,1
车子左偏且从90度往正中间转且离墙居中位置转.csv,538,left_bias,middle,transition,10.779,134.0,20.0,114.0,347.0,20.0,327.0,0,1
车子左偏且从90度往正中间转且离墙居中位置转.csv,539,left_bias,middle,transition,10.799,282.0,20.0,262.0,282.0,20.0,262.0,0,1
车子左偏且从90度往正中间转且离墙居中位置转.csv,540,left_bias,middle,transition,10.819,282.0,20.0,262.0,282.0,20.0,262.0,0,1
车子左偏且从90度往正中间转且离墙居中位置转.csv,541,left_bias,middle,transition,10.839,641.0,20.0,621.0,347.0,20.0,327.0,0,1
车子左偏且从90度往正中间转且离墙居中位置转.csv,542,left_bias,middle,transition,10.859,354.0,31.0,323.0,354.0,20.0,334.0,0,1
车子左偏且从90度往正中间转且离墙居中位置转.csv,543,left_bias,middle,transition,10.879,933.0,198.0,735.0,354.0,20.0,334.0,0,1
车子左偏且从90度往正中间转且离墙居中位置转.csv,544,left_bias,middle,transition,10.899,609.0,31.0,578.0,354.0,20.0,334.0,0,1
车子左偏且从90度往正中间转且离墙居中位置转.csv,545,left_bias,middle,transition,10.92,282.0,20.0,262.0,354.0,20.0,334.0,0,1
车子左偏且从90度往正中间转且离墙居中位置转.csv,546,left_bias,middle,transition,10.94,281.0,87.0,194.0,282.0,20.0,262.0,0,1
车子左偏且从90度往正中间转且离墙居中位置转.csv,547,left_bias,middle,transition,10.96,232.0,20.0,212.0,282.0,20.0,262.0,0,1
车子左偏且从90度往正中间转且离墙居中位置转.csv,548,left_bias,middle,transition,10.98,298.0,19.0,279.0,298.0,20.0,278.0,0,1
车子左偏且从90度往正中间转且离墙居中位置转.csv,549,left_bias,middle,transition,11.0,347.0,20.0,327.0,347.0,20.0,327.0,0,1
车子左偏且从90度往正中间转且离墙居中位置转.csv,550,left_bias,middle,transition,11.02,477.0,20.0,457.0,347.0,20.0,327.0,0,1
车子左偏且从90度往正中间转且离墙居中位置转.csv,551,left_bias,middle,transition,11.04,281.0,19.0,262.0,298.0,20.0,278.0,0,1
车子左偏且从90度往正中间转且离墙居中位置转.csv,552,left_bias,middle,transition,11.06,280.0,20.0,260.0,282.0,20.0,262.0,0,1
车子左偏且从90度往正中间转且离墙居中位置转.csv,553,left_bias,middle,transition,11.08,413.0,20.0,393.0,282.0,20.0,262.0,0,1
车子左偏且从90度往正中间转且离墙居中位置转.csv,554,left_bias,middle,transition,11.101,347.0,20.0,327.0,298.0,20.0,278.0,0,1
车子左偏且从90度往正中间转且离墙居中位置转.csv,555,left_bias,middle,transition,11.121,641.0,20.0,621.0,347.0,20.0,327.0,0,1
车子左偏且从90度往正中间转且离墙居中位置转.csv,556,left_bias,middle,transition,11.141,282.0,20.0,262.0,347.0,20.0,327.0,0,1
车子左偏且从90度往正中间转且离墙居中位置转.csv,557,left_bias,middle,transition,11.161,234.0,20.0,214.0,347.0,20.0,327.0,0,1
车子左偏且从90度往正中间转且离墙居中位置转.csv,558,left_bias,middle,transition,11.181,298.0,21.0,277.0,298.0,20.0,278.0,0,1
车子左偏且从90度往正中间转且离墙居中位置转.csv,559,left_bias,middle,transition,11.201,134.0,20.0,114.0,282.0,20.0,262.0,0,1
车子左偏且从90度往正中间转且离墙居中位置转.csv,560,left_bias,middle,transition,11.221,364.0,22.0,342.0,298.0,20.0,278.0,0,1
车子左偏且从90度往正中间转且离墙居中位置转.csv,561,left_bias,middle,transition,11.241,544.0,20.0,524.0,347.0,20.0,327.0,0,1
车子左偏且从90度往正中间转且离墙居中位置转.csv,562,left_bias,middle,transition,11.261,963.0,20.0,943.0,347.0,20.0,327.0,0,1
车子左偏且从90度往正中间转且离墙居中位置转.csv,563,left_bias,middle,transition,11.281,298.0,19.0,279.0,298.0,20.0,278.0,0,1
车子左偏且从90度往正中间转且离墙居中位置转.csv,564,left_bias,middle,transition,11.302,790.0,19.0,771.0,298.0,20.0,278.0,0,1
车子左偏且从90度往正中间转且离墙居中位置转.csv,565,left_bias,middle,transition,11.322,249.0,21.0,228.0,298.0,20.0,278.0,0,1
车子左偏且从90度往正中间转且离墙居中位置转.csv,566,left_bias,middle,transition,11.342,168.0,21.0,147.0,298.0,20.0,278.0,0,1
车子左偏且从90度往正中间转且离墙居中位置转.csv,567,left_bias,middle,transition,11.362,364.0,20.0,344.0,364.0,20.0,344.0,0,1
车子左偏且从90度往正中间转且离墙居中位置转.csv,568,left_bias,middle,transition,11.382,275.0,20.0,255.0,364.0,20.0,344.0,0,1
车子左偏且从90度往正中间转且离墙居中位置转.csv,569,left_bias,middle,transition,11.402,298.0,20.0,278.0,298.0,20.0,278.0,0,1
车子左偏且从90度往正中间转且离墙居中位置转.csv,570,left_bias,middle,transition,11.422,901.0,20.0,881.0,298.0,20.0,278.0,0,1
车子左偏且从90度往正中间转且离墙居中位置转.csv,571,left_bias,middle,transition,11.442,529.0,19.0,510.0,298.0,20.0,278.0,0,1
车子左偏且从90度往正中间转且离墙居中位置转.csv,572,left_bias,middle,transition,11.462,381.0,21.0,360.0,364.0,20.0,344.0,0,1
车子左偏且从90度往正中间转且离墙居中位置转.csv,573,left_bias,middle,transition,11.483,368.0,20.0,348.0,364.0,20.0,344.0,0,1
车子左偏且从90度往正中间转且离墙居中位置转.csv,574,left_bias,middle,transition,11.503,346.0,19.0,327.0,364.0,20.0,344.0,0,1
车子左偏且从90度往正中间转且离墙居中位置转.csv,575,left_bias,middle,transition,11.523,315.0,20.0,295.0,364.0,20.0,344.0,0,1
车子左偏且从90度往正中间转且离墙居中位置转.csv,576,left_bias,middle,transition,11.543,315.0,20.0,295.0,346.0,20.0,326.0,0,1
车子左偏且从90度往正中间转且离墙居中位置转.csv,577,left_bias,middle,transition,11.563,315.0,20.0,295.0,346.0,20.0,326.0,0,1
车子左偏且从90度往正中间转且离墙居中位置转.csv,578,left_bias,middle,transition,11.583,396.0,20.0,376.0,368.0,20.0,348.0,0,1
车子左偏且从90度往正中间转且离墙居中位置转.csv,579,left_bias,middle,transition,11.603,379.0,354.0,25.0,368.0,20.0,348.0,0,1
车子左偏且从90度往正中间转且离墙居中位置转.csv,580,left_bias,middle,transition,11.623,264.0,24.0,240.0,346.0,20.0,326.0,0,1
车子左偏且从90度往正中间转且离墙居中位置转.csv,581,left_bias,middle,transition,11.643,323.0,32.0,291.0,323.0,20.0,303.0,0,1
车子左偏且从90度往正中间转且离墙居中位置转.csv,582,left_bias,middle,transition,11.663,916.0,61.0,855.0,323.0,20.0,303.0,0,1
车子左偏且从90度往正中间转且离墙居中位置转.csv,583,left_bias,middle,transition,11.684,328.0,20.0,308.0,323.0,20.0,303.0,0,1
车子左偏且从90度往正中间转且离墙居中位置转.csv,584,left_bias,middle,transition,11.704,363.0,20.0,343.0,328.0,20.0,308.0,0,1
车子左偏且从90度往正中间转且离墙居中位置转.csv,585,left_bias,middle,transition,11.724,378.0,20.0,358.0,363.0,20.0,343.0,0,1
车子左偏且从90度往正中间转且离墙居中位置转.csv,586,left_bias,middle,transition,11.744,241.0,20.0,221.0,363.0,20.0,343.0,0,1
车子左偏且从90度往正中间转且离墙居中位置转.csv,587,left_bias,middle,transition,11.764,297.0,20.0,277.0,328.0,20.0,308.0,0,1
车子左偏且从90度往正中间转且离墙居中位置转.csv,588,left_bias,middle,transition,11.784,330.0,20.0,310.0,328.0,20.0,308.0,0,1
车子左偏且从90度往正中间转且离墙居中位置转.csv,589,left_bias,middle,transition,11.804,916.0,20.0,896.0,330.0,20.0,310.0,0,1
车子左偏且从90度往正中间转且离墙居中位置转.csv,590,left_bias,middle,transition,11.824,394.0,20.0,374.0,363.0,20.0,343.0,0,1
车子左偏且从90度往正中间转且离墙居中位置转.csv,591,left_bias,middle,transition,11.844,672.0,21.0,651.0,363.0,20.0,343.0,0,1
车子左偏且从90度往正中间转且离墙居中位置转.csv,592,left_bias,middle,transition,11.865,361.0,21.0,340.0,363.0,20.0,343.0,0,1
车子左偏且从90度往正中间转且离墙居中位置转.csv,593,left_bias,middle,transition,11.885,199.0,20.0,179.0,361.0,20.0,341.0,0,1
车子左偏且从90度往正中间转且离墙居中位置转.csv,594,left_bias,middle,transition,11.905,330.0,20.0,310.0,330.0,20.0,310.0,0,1
车子左偏且从90度往正中间转且离墙居中位置转.csv,595,left_bias,middle,transition,11.925,232.0,20.0,212.0,330.0,20.0,310.0,0,1
车子左偏且从90度往正中间转且离墙居中位置转.csv,596,left_bias,middle,transition,11.945,361.0,19.0,342.0,361.0,20.0,341.0,0,1
车子左偏且从90度往正中间转且离墙居中位置转.csv,597,left_bias,middle,transition,11.965,395.0,21.0,374.0,361.0,20.0,341.0,0,1
车子左偏且从90度往正中间转且离墙居中位置转.csv,598,left_bias,middle,transition,11.985,411.0,22.0,389.0,361.0,20.0,341.0,0,1
车子左偏且从90度往正中间转且离墙居中位置转.csv,599,left_bias,middle,transition,12.005,322.0,20.0,302.0,361.0,20.0,341.0,0,1
车子左偏且从90度往正中间转且离墙居中位置转.csv,600,left_bias,middle,transition,12.025,329.0,20.0,309.0,330.0,20.0,310.0,0,1
车子左偏且从90度往正中间转且离墙居中位置转.csv,601,left_bias,middle,transition,12.045,330.0,19.0,311.0,330.0,20.0,310.0,0,1
车子左偏且从90度往正中间转且离墙居中位置转.csv,602,left_bias,middle,transition,12.066,395.0,20.0,375.0,330.0,20.0,310.0,0,1
车子左偏且从90度往正中间转且离墙居中位置转.csv,603,left_bias,middle,transition,12.086,379.0,20.0,359.0,361.0,20.0,341.0,0,1
车子左偏且从90度往正中间转且离墙居中位置转.csv,604,left_bias,middle,transition,12.106,367.0,20.0,347.0,367.0,20.0,347.0,0,1
车子左偏且从90度往正中间转且离墙居中位置转.csv,605,left_bias,middle,transition,12.126,331.0,174.0,157.0,367.0,20.0,347.0,0,1
车子左偏且从90度往正中间转且离墙居中位置转.csv,606,left_bias,middle,transition,12.146,332.0,20.0,312.0,332.0,20.0,312.0,0,1
车子左偏且从90度往正中间转且离墙居中位置转.csv,607,left_bias,middle,transition,12.166,543.0,20.0,523.0,332.0,20.0,312.0,0,1
车子左偏且从90度往正中间转且离墙居中位置转.csv,608,left_bias,middle,transition,12.186,362.0,20.0,342.0,362.0,20.0,342.0,0,1
车子左偏且从90度往正中间转且离墙居中位置转.csv,609,left_bias,middle,transition,12.206,930.0,20.0,910.0,367.0,20.0,347.0,0,1
车子左偏且从90度往正中间转且离墙居中位置转.csv,610,left_bias,middle,transition,12.226,395.0,20.0,375.0,379.0,20.0,359.0,0,1
车子左偏且从90度往正中间转且离墙居中位置转.csv,611,left_bias,middle,transition,12.247,233.0,20.0,213.0,367.0,20.0,347.0,0,1
车子左偏且从90度往正中间转且离墙居中位置转.csv,612,left_bias,middle,transition,12.267,339.0,20.0,319.0,362.0,20.0,342.0,0,1
车子左偏且从90度往正中间转且离墙居中位置转.csv,613,left_bias,middle,transition,12.287,166.0,20.0,146.0,339.0,20.0,319.0,0,1
车子左偏且从90度往正中间转且离墙居中位置转.csv,614,left_bias,middle,transition,12.307,329.0,20.0,309.0,339.0,20.0,319.0,0,1
车子左偏且从90度往正中间转且离墙居中位置转.csv,615,left_bias,middle,transition,12.327,395.0,21.0,374.0,362.0,20.0,342.0,0,1
车子左偏且从90度往正中间转且离墙居中位置转.csv,616,left_bias,middle,transition,12.347,837.0,19.0,818.0,362.0,20.0,342.0,0,1
车子左偏且从90度往正中间转且离墙居中位置转.csv,617,left_bias,middle,transition,12.367,350.0,21.0,329.0,350.0,20.0,330.0,0,1
车子左偏且从90度往正中间转且离墙居中位置转.csv,618,left_bias,middle,transition,12.387,346.0,29.0,317.0,346.0,20.0,326.0,0,1
车子左偏且从90度往正中间转且离墙居中位置转.csv,619,left_bias,middle,transition,12.407,347.0,31.0,316.0,346.0,20.0,326.0,0,1
车子左偏且从90度往正中间转且离墙居中位置转.csv,620,left_bias,middle,transition,12.428,298.0,20.0,278.0,346.0,20.0,326.0,0,1
车子左偏且从90度往正中间转且离墙居中位置转.csv,621,left_bias,middle,transition,12.448,411.0,20.0,391.0,347.0,20.0,327.0,0,1
车子左偏且从90度往正中间转且离墙居中位置转.csv,622,left_bias,middle,transition,12.468,475.0,20.0,455.0,350.0,20.0,330.0,0,1
车子左偏且从90度往正中间转且离墙居中位置转.csv,623,left_bias,middle,transition,12.488,411.0,20.0,391.0,395.0,20.0,375.0,0,1
车子左偏且从90度往正中间转且离墙居中位置转.csv,624,left_bias,middle,transition,12.508,348.0,288.0,60.0,350.0,20.0,330.0,0,1
车子左偏且从90度往正中间转且离墙居中位置转.csv,625,left_bias,middle,transition,12.528,331.0,20.0,311.0,348.0,20.0,328.0,0,1
车子左偏且从90度往正中间转且离墙居中位置转.csv,626,left_bias,middle,transition,12.548,345.0,20.0,325.0,347.0,20.0,327.0,0,1
车子左偏且从90度往正中间转且离墙居中位置转.csv,627,left_bias,middle,transition,12.568,607.0,20.0,587.0,348.0,20.0,328.0,0,1
车子左偏且从90度往正中间转且离墙居中位置转.csv,628,left_bias,middle,transition,12.588,476.0,20.0,456.0,411.0,20.0,391.0,0,1
车子左偏且从90度往正中间转且离墙居中位置转.csv,629,left_bias,middle,transition,12.608,363.0,20.0,343.0,411.0,20.0,391.0,0,1
车子左偏且从90度往正中间转且离墙居中位置转.csv,630,left_bias,middle,transition,12.629,353.0,20.0,333.0,363.0,20.0,343.0,0,1
车子左偏且从90度往正中间转且离墙居中位置转.csv,631,left_bias,middle,transition,12.649,248.0,20.0,228.0,353.0,20.0,333.0,0,1
车子左偏且从90度往正中间转且离墙居中位置转.csv,632,left_bias,middle,transition,12.669,361.0,20.0,341.0,353.0,20.0,333.0,0,1
车子左偏且从90度往正中间转且离墙居中位置转.csv,633,left_bias,middle,transition,12.689,427.0,20.0,407.0,361.0,20.0,341.0,0,1
车子左偏且从90度往正中间转且离墙居中位置转.csv,634,left_bias,middle,transition,12.709,806.0,33.0,773.0,363.0,20.0,343.0,0,1
车子左偏且从90度往正中间转且离墙居中位置转.csv,635,left_bias,middle,transition,12.729,428.0,26.0,402.0,427.0,20.0,407.0,0,1
车子左偏且从90度往正中间转且离墙居中位置转.csv,636,left_bias,middle,transition,12.749,624.0,29.0,595.0,427.0,20.0,407.0,0,1
车子左偏且从90度往正中间转且离墙居中位置转.csv,637,left_bias,middle,transition,12.769,362.0,20.0,342.0,363.0,20.0,343.0,0,1
车子左偏且从90度往正中间转且离墙居中位置转.csv,638,left_bias,middle,transition,12.789,233.0,190.0,43.0,362.0,20.0,342.0,0,1
车子左偏且从90度往正中间转且离墙居中位置转.csv,639,left_bias,middle,transition,12.81,411.0,21.0,390.0,411.0,21.0,390.0,0,1
车子左偏且从90度往正中间转且离墙居中位置转.csv,640,left_bias,middle,transition,12.83,686.0,21.0,665.0,427.0,21.0,406.0,0,1
车子左偏且从90度往正中间转且离墙居中位置转.csv,641,left_bias,middle,transition,12.85,410.0,19.0,391.0,427.0,21.0,406.0,0,1
车子左偏且从90度往正中间转且离墙居中位置转.csv,642,left_bias,middle,transition,12.87,346.0,20.0,326.0,411.0,21.0,390.0,0,1
车子左偏且从90度往正中间转且离墙居中位置转.csv,643,left_bias,middle,transition,12.89,371.0,20.0,351.0,410.0,21.0,389.0,0,1
车子左偏且从90度往正中间转且离墙居中位置转.csv,644,left_bias,middle,transition,12.91,346.0,20.0,326.0,371.0,20.0,351.0,0,1
车子左偏且从90度往正中间转且离墙居中位置转.csv,645,left_bias,middle,transition,12.93,362.0,20.0,342.0,362.0,20.0,342.0,0,1
车子左偏且从90度往正中间转且离墙居中位置转.csv,646,left_bias,middle,transition,12.95,411.0,20.0,391.0,371.0,20.0,351.0,0,1
车子左偏且从90度往正中间转且离墙居中位置转.csv,647,left_bias,middle,transition,12.97,428.0,44.0,384.0,410.0,20.0,390.0,0,1
车子左偏且从90度往正中间转且离墙居中位置转.csv,648,left_bias,middle,transition,12.99,363.0,20.0,343.0,371.0,20.0,351.0,0,1
车子左偏且从90度往正中间转且离墙居中位置转.csv,649,left_bias,middle,transition,13.011,346.0,19.0,327.0,363.0,20.0,343.0,0,1
车子左偏且从90度往正中间转且离墙居中位置转.csv,650,left_bias,middle,transition,13.031,330.0,19.0,311.0,362.0,20.0,342.0,0,1
车子左偏且从90度往正中间转且离墙居中位置转.csv,651,left_bias,middle,transition,13.051,428.0,24.0,404.0,363.0,20.0,343.0,0,1
车子左偏且从90度往正中间转且离墙居中位置转.csv,652,left_bias,middle,transition,13.071,769.0,33.0,736.0,363.0,20.0,343.0,0,1
车子左偏且从90度往正中间转且离墙居中位置转.csv,653,left_bias,middle,transition,13.091,426.0,20.0,406.0,411.0,20.0,391.0,0,1
车子左偏且从90度往正中间转且离墙居中位置转.csv,654,left_bias,middle,transition,13.111,475.0,19.0,456.0,426.0,20.0,406.0,0,1
车子左偏且从90度往正中间转且离墙居中位置转.csv,655,left_bias,middle,transition,13.131,363.0,20.0,343.0,426.0,20.0,406.0,0,1
车子左偏且从90度往正中间转且离墙居中位置转.csv,656,left_bias,middle,transition,13.151,262.0,20.0,242.0,363.0,20.0,343.0,0,1
车子左偏且从90度往正中间转且离墙居中位置转.csv,657,left_bias,middle,transition,13.171,362.0,20.0,342.0,363.0,20.0,343.0,0,1
车子左偏且从90度往正中间转且离墙居中位置转.csv,658,left_bias,middle,transition,13.192,639.0,20.0,619.0,426.0,20.0,406.0,0,1
车子左偏且从90度往正中间转且离墙居中位置转.csv,659,left_bias,middle,transition,13.212,868.0,20.0,848.0,428.0,20.0,408.0,0,1
车子左偏且从90度往正中间转且离墙居中位置转.csv,660,left_bias,middle,transition,13.232,362.0,20.0,342.0,426.0,20.0,406.0,0,1
车子左偏且从90度往正中间转且离墙居中位置转.csv,661,left_bias,middle,transition,13.252,607.0,21.0,586.0,426.0,20.0,406.0,0,1
车子左偏且从90度往正中间转且离墙居中位置转.csv,662,left_bias,middle,transition,13.272,314.0,19.0,295.0,363.0,20.0,343.0,0,1
车子左偏且从90度往正中间转且离墙居中位置转.csv,663,left_bias,middle,transition,13.292,362.0,21.0,341.0,362.0,20.0,342.0,0,1
车子左偏且从90度往正中间转且离墙居中位置转.csv,664,left_bias,middle,transition,13.312,428.0,20.0,408.0,362.0,20.0,342.0,0,1
车子左偏且从90度往正中间转且离墙居中位置转.csv,665,left_bias,middle,transition,13.332,510.0,160.0,350.0,428.0,20.0,408.0,0,1
车子左偏且从90度往正中间转且离墙居中位置转.csv,666,left_bias,middle,transition,13.352,426.0,20.0,406.0,428.0,20.0,408.0,0,1
车子左偏且从90度往正中间转且离墙居中位置转.csv,667,left_bias,middle,transition,13.372,672.0,22.0,650.0,428.0,20.0,408.0,0,1
车子左偏且从90度往正中间转且离墙居中位置转.csv,668,left_bias,middle,transition,13.393,364.0,21.0,343.0,426.0,21.0,405.0,0,1
车子左偏且从90度往正中间转且离墙居中位置转.csv,669,left_bias,middle,transition,13.413,380.0,26.0,354.0,426.0,21.0,405.0,0,1
车子左偏且从90度往正中间转且离墙居中位置转.csv,670,left_bias,middle,transition,13.433,444.0,20.0,424.0,426.0,21.0,405.0,0,1
车子左偏且从90度往正中间转且离墙居中位置转.csv,671,left_bias,middle,transition,13.453,427.0,20.0,407.0,427.0,21.0,406.0,0,1
车子左偏且从90度往正中间转且离墙居中位置转.csv,672,left_bias,middle,transition,13.473,381.0,21.0,360.0,427.0,21.0,406.0,0,1
车子左偏且从90度往正中间转且离墙居中位置转.csv,673,left_bias,middle,transition,13.493,379.0,20.0,359.0,426.0,21.0,405.0,0,1
车子左偏且从90度往正中间转且离墙居中位置转.csv,674,left_bias,middle,transition,13.513,352.0,21.0,331.0,381.0,21.0,360.0,0,1
车子左偏且从90度往正中间转且离墙居中位置转.csv,675,left_bias,middle,transition,13.533,380.0,20.0,360.0,380.0,21.0,359.0,0,1
车子左偏且从90度往正中间转且离墙居中位置转.csv,676,left_bias,middle,transition,13.553,313.0,20.0,293.0,380.0,20.0,360.0,0,1
车子左偏且从90度往正中间转且离墙居中位置转.csv,677,left_bias,middle,transition,13.574,769.0,20.0,749.0,380.0,20.0,360.0,0,1
车子左偏且从90度往正中间转且离墙居中位置转.csv,678,left_bias,middle,transition,13.594,444.0,20.0,424.0,381.0,20.0,361.0,0,1
车子左偏且从90度往正中间转且离墙居中位置转.csv,679,left_bias,middle,transition,13.614,601.0,137.0,464.0,381.0,20.0,361.0,0,1
车子左偏且从90度往正中间转且离墙居中位置转.csv,680,left_bias,middle,transition,13.634,362.0,20.0,342.0,380.0,20.0,360.0,0,1
车子左偏且从90度往正中间转且离墙居中位置转.csv,681,left_bias,middle,transition,13.654,285.0,20.0,265.0,379.0,20.0,359.0,0,1
车子左偏且从90度往正中间转且离墙居中位置转.csv,682,left_bias,middle,transition,13.674,413.0,20.0,393.0,380.0,20.0,360.0,0,1
车子左偏且从90度往正中间转且离墙居中位置转.csv,683,left_bias,middle,transition,13.694,626.0,23.0,603.0,413.0,20.0,393.0,0,1
车子左偏且从90度往正中间转且离墙居中位置转.csv,684,left_bias,middle,transition,13.714,441.0,34.0,407.0,441.0,20.0,421.0,0,1
车子左偏且从90度往正中间转且离墙居中位置转.csv,685,left_bias,middle,transition,13.734,825.0,29.0,796.0,444.0,20.0,424.0,0,1
车子左偏且从90度往正中间转且离墙居中位置转.csv,686,left_bias,middle,transition,13.754,578.0,20.0,558.0,444.0,20.0,424.0,0,1
车子左偏且从90度往正中间转且离墙居中位置转.csv,687,left_bias,middle,transition,13.775,349.0,19.0,330.0,441.0,20.0,421.0,0,1
车子左偏且从90度往正中间转且离墙居中位置转.csv,688,left_bias,middle,transition,13.795,380.0,20.0,360.0,413.0,20.0,393.0,0,1
车子左偏且从90度往正中间转且离墙居中位置转.csv,689,left_bias,middle,transition,13.815,364.0,20.0,344.0,413.0,20.0,393.0,0,1
车子左偏且从90度往正中间转且离墙居中位置转.csv,690,left_bias,middle,transition,13.835,461.0,20.0,441.0,441.0,20.0,421.0,0,1
车子左偏且从90度往正中间转且离墙居中位置转.csv,691,left_bias,middle,transition,13.855,430.0,20.0,410.0,441.0,20.0,421.0,0,1
车子左偏且从90度往正中间转且离墙居中位置转.csv,692,left_bias,middle,transition,13.875,613.0,20.0,593.0,441.0,20.0,421.0,0,1
车子左偏且从90度往正中间转且离墙居中位置转.csv,693,left_bias,middle,transition,13.895,379.0,20.0,359.0,430.0,20.0,410.0,0,1
车子左偏且从90度往正中间转且离墙居中位置转.csv,694,left_bias,middle,transition,13.915,380.0,20.0,360.0,380.0,20.0,360.0,0,1
车子左偏且从90度往正中间转且离墙居中位置转.csv,695,left_bias,middle,transition,13.935,445.0,20.0,425.0,380.0,20.0,360.0,0,1
车子左偏且从90度往正中间转且离墙居中位置转.csv,696,left_bias,middle,transition,13.955,445.0,20.0,425.0,430.0,20.0,410.0,0,1
车子左偏且从90度往正中间转且离墙居中位置转.csv,697,left_bias,middle,transition,13.975,499.0,20.0,479.0,445.0,20.0,425.0,0,1
车子左偏且从90度往正中间转且离墙居中位置转.csv,698,left_bias,middle,transition,13.995,379.0,56.0,323.0,445.0,20.0,425.0,0,1
车子左偏且从90度往正中间转且离墙居中位置转.csv,699,left_bias,middle,transition,14.016,348.0,20.0,328.0,430.0,20.0,410.0,0,1
车子左偏且从90度往正中间转且离墙居中位置转.csv,700,left_bias,middle,transition,14.036,380.0,20.0,360.0,380.0,20.0,360.0,0,1
车子左偏且从90度往正中间转且离墙居中位置转.csv,701,left_bias,middle,transition,14.056,396.0,21.0,375.0,380.0,20.0,360.0,0,1
车子左偏且从90度往正中间转且离墙居中位置转.csv,702,left_bias,middle,transition,14.076,445.0,20.0,425.0,396.0,20.0,376.0,0,1
车子左偏且从90度往正中间转且离墙居中位置转.csv,703,left_bias,middle,transition,14.096,807.0,20.0,787.0,445.0,20.0,425.0,0,1
车子左偏且从90度往正中间转且离墙居中位置转.csv,704,left_bias,middle,transition,14.116,658.0,20.0,638.0,445.0,20.0,425.0,0,1
车子左偏且从90度往正中间转且离墙居中位置转.csv,705,left_bias,middle,transition,14.136,348.0,21.0,327.0,396.0,20.0,376.0,0,1
车子左偏且从90度往正中间转且离墙居中位置转.csv,706,left_bias,middle,transition,14.156,379.0,20.0,359.0,380.0,20.0,360.0,0,1
车子左偏且从90度往正中间转且离墙居中位置转.csv,707,left_bias,middle,transition,14.176,299.0,20.0,279.0,380.0,20.0,360.0,0,1
车子左偏且从90度往正中间转且离墙居中位置转.csv,708,left_bias,middle,transition,14.196,577.0,174.0,403.0,396.0,20.0,376.0,0,1
车子左偏且从90度往正中间转且离墙居中位置转.csv,709,left_bias,middle,transition,14.216,445.0,21.0,424.0,445.0,20.0,425.0,0,1
车子左偏且从90度往正中间转且离墙居中位置转.csv,710,left_bias,middle,transition,14.237,790.0,20.0,770.0,445.0,20.0,425.0,0,1
车子左偏且从90度往正中间转且离墙居中位置转.csv,711,left_bias,middle,transition,14.257,379.0,21.0,358.0,445.0,20.0,425.0,0,1
车子左偏且从90度往正中间转且离墙居中位置转.csv,712,left_bias,middle,transition,14.277,381.0,20.0,361.0,381.0,20.0,361.0,0,1
车子左偏且从90度往正中间转且离墙居中位置转.csv,713,left_bias,middle,transition,14.297,461.0,20.0,441.0,381.0,20.0,361.0,0,1
车子左偏且从90度往正中间转且离墙居中位置转.csv,714,left_bias,middle,transition,14.317,379.0,20.0,359.0,381.0,20.0,361.0,0,1
车子左偏且从90度往正中间转且离墙居中位置转.csv,715,left_bias,middle,transition,14.337,444.0,19.0,425.0,444.0,20.0,424.0,0,1
车子左偏且从90度往正中间转且离墙居中位置转.csv,716,left_bias,middle,transition,14.357,396.0,30.0,366.0,444.0,20.0,424.0,0,1
车子左偏且从90度往正中间转且离墙居中位置转.csv,717,left_bias,middle,transition,14.377,496.0,20.0,476.0,444.0,20.0,424.0,0,1
车子左偏且从90度往正中间转且离墙居中位置转.csv,718,left_bias,middle,transition,14.397,396.0,20.0,376.0,396.0,20.0,376.0,0,1
车子左偏且从90度往正中间转且离墙居中位置转.csv,719,left_bias,middle,transition,14.418,428.0,20.0,408.0,396.0,20.0,376.0,0,1
车子左偏且从90度往正中间转且离墙居中位置转.csv,720,left_bias,middle,transition,14.438,452.0,21.0,431.0,428.0,20.0,408.0,0,1
车子左偏且从90度往正中间转且离墙居中位置转.csv,721,left_bias,middle,transition,14.458,445.0,21.0,424.0,444.0,20.0,424.0,0,1
车子左偏且从90度往正中间转且离墙居中位置转.csv,722,left_bias,middle,transition,14.478,478.0,20.0,458.0,444.0,20.0,424.0,0,1
车子左偏且从90度往正中间转且离墙居中位置转.csv,723,left_bias,middle,transition,14.498,381.0,20.0,361.0,444.0,20.0,424.0,0,1
车子左偏且从90度往正中间转且离墙居中位置转.csv,724,left_bias,middle,transition,14.518,379.0,20.0,359.0,428.0,20.0,408.0,0,1
车子左偏且从90度往正中间转且离墙居中位置转.csv,725,left_bias,middle,transition,14.538,348.0,19.0,329.0,428.0,20.0,408.0,0,1
车子左偏且从90度往正中间转且离墙居中位置转.csv,726,left_bias,middle,transition,14.558,412.0,20.0,392.0,412.0,20.0,392.0,0,1
车子左偏且从90度往正中间转且离墙居中位置转.csv,727,left_bias,middle,transition,14.578,444.0,20.0,424.0,428.0,20.0,408.0,0,1
车子左偏且从90度往正中间转且离墙居中位置转.csv,728,left_bias,middle,transition,14.599,777.0,20.0,757.0,444.0,20.0,424.0,0,1
车子左偏且从90度往正中间转且离墙居中位置转.csv,729,left_bias,middle,transition,14.619,379.0,19.0,360.0,412.0,20.0,392.0,0,1
车子左偏且从90度往正中间转且离墙居中位置转.csv,730,left_bias,middle,transition,14.639,365.0,21.0,344.0,381.0,20.0,361.0,0,1
车子左偏且从90度往正中间转且离墙居中位置转.csv,731,left_bias,middle,transition,14.659,509.0,20.0,489.0,381.0,20.0,361.0,0,1
车子左偏且从90度往正中间转且离墙居中位置转.csv,732,left_bias,middle,transition,14.679,363.0,21.0,342.0,379.0,20.0,359.0,0,1
车子左偏且从90度往正中间转且离墙居中位置转.csv,733,left_bias,middle,transition,14.699,453.0,22.0,431.0,412.0,20.0,392.0,0,1
车子左偏且从90度往正中间转且离墙居中位置转.csv,734,left_bias,middle,transition,14.719,365.0,32.0,333.0,412.0,20.0,392.0,0,1
车子左偏且从90度往正中间转且离墙居中位置转.csv,735,left_bias,middle,transition,14.739,753.0,20.0,733.0,444.0,20.0,424.0,0,1
车子左偏且从90度往正中间转且离墙居中位置转.csv,736,left_bias,middle,transition,14.759,380.0,20.0,360.0,380.0,20.0,360.0,0,1
车子左偏且从90度往正中间转且离墙居中位置转.csv,737,left_bias,middle,transition,14.78,592.0,20.0,572.0,380.0,20.0,360.0,0,1
车子左偏且从90度往正中间转且离墙居中位置转.csv,738,left_bias,middle,transition,14.8,453.0,20.0,433.0,453.0,20.0,433.0,0,1
车子左偏且从90度往正中间转且离墙居中位置转.csv,739,left_bias,middle,transition,14.82,429.0,20.0,409.0,453.0,20.0,433.0,0,1
车子左偏且从90度往正中间转且离墙居中位置转.csv,740,left_bias,middle,transition,14.84,380.0,20.0,360.0,429.0,20.0,409.0,0,1
车子左偏且从90度往正中间转且离墙居中位置转.csv,741,left_bias,middle,transition,14.86,365.0,19.0,346.0,429.0,20.0,409.0,0,1
车子左偏且从90度往正中间转且离墙居中位置转.csv,742,left_bias,middle,transition,14.88,396.0,20.0,376.0,396.0,20.0,376.0,0,1
车子左偏且从90度往正中间转且离墙居中位置转.csv,743,left_bias,middle,transition,14.9,444.0,19.0,425.0,429.0,20.0,409.0,0,1
车子左偏且从90度往正中间转且离墙居中位置转.csv,744,left_bias,middle,transition,14.92,428.0,19.0,409.0,428.0,20.0,408.0,0,1
车子左偏且从90度往正中间转且离墙居中位置转.csv,745,left_bias,middle,transition,14.94,445.0,20.0,425.0,429.0,20.0,409.0,0,1
车子左偏且从90度往正中间转且离墙居中位置转.csv,746,left_bias,middle,transition,14.96,417.0,137.0,280.0,428.0,20.0,408.0,0,1
车子左偏且从90度往正中间转且离墙居中位置转.csv,747,left_bias,middle,transition,14.981,379.0,20.0,359.0,417.0,20.0,397.0,0,1
车子左偏且从90度往正中间转且离墙居中位置转.csv,748,left_bias,middle,transition,15.001,380.0,20.0,360.0,396.0,20.0,376.0,0,1
车子左偏且从90度往正中间转且离墙居中位置转.csv,749,left_bias,middle,transition,15.021,446.0,21.0,425.0,417.0,20.0,397.0,0,1
车子左偏且从90度往正中间转且离墙居中位置转.csv,750,left_bias,middle,transition,15.041,428.0,20.0,408.0,428.0,20.0,408.0,0,1
车子左偏且从90度往正中间转且离墙居中位置转.csv,751,left_bias,middle,transition,15.061,444.0,20.0,424.0,428.0,20.0,408.0,0,1
车子左偏且从90度往正中间转且离墙居中位置转.csv,752,left_bias,middle,transition,15.081,380.0,20.0,360.0,428.0,20.0,408.0,0,1
车子左偏且从90度往正中间转且离墙居中位置转.csv,753,left_bias,middle,transition,15.101,705.0,20.0,685.0,428.0,20.0,408.0,0,1
车子左偏且从90度往正中间转且离墙居中位置转.csv,754,left_bias,middle,transition,15.121,406.0,32.0,374.0,417.0,20.0,397.0,0,1
车子左偏且从90度往正中间转且离墙居中位置转.csv,755,left_bias,middle,transition,15.141,775.0,20.0,755.0,428.0,20.0,408.0,0,1
车子左偏且从90度往正中间转且离墙居中位置转.csv,756,left_bias,middle,transition,15.162,461.0,20.0,441.0,444.0,20.0,424.0,0,1
车子左偏且从90度往正中间转且离墙居中位置转.csv,757,left_bias,middle,transition,15.182,380.0,87.0,293.0,444.0,20.0,424.0,0,1
车子左偏且从90度往正中间转且离墙居中位置转.csv,758,left_bias,middle,transition,15.202,381.0,20.0,361.0,428.0,20.0,408.0,0,1
车子左偏且从90度往正中间转且离墙居中位置转.csv,759,left_bias,middle,transition,15.222,308.0,20.0,288.0,406.0,20.0,386.0,0,1
车子左偏且从90度往正中间转且离墙居中位置转.csv,760,left_bias,middle,transition,15.242,397.0,20.0,377.0,397.0,20.0,377.0,0,1
车子左偏且从90度往正中间转且离墙居中位置转.csv,761,left_bias,middle,transition,15.262,465.0,21.0,444.0,406.0,20.0,386.0,0,1
车子左偏且从90度往正中间转且离墙居中位置转.csv,762,left_bias,middle,transition,15.282,610.0,20.0,590.0,406.0,20.0,386.0,0,1
车子左偏且从90度往正中间转且离墙居中位置转.csv,763,left_bias,middle,transition,15.302,444.0,21.0,423.0,444.0,20.0,424.0,0,1
车子左偏且从90度往正中间转且离墙居中位置转.csv,764,left_bias,middle,transition,15.322,405.0,20.0,385.0,405.0,20.0,385.0,0,1
车子左偏且从90度往正中间转且离墙居中位置转.csv,765,left_bias,middle,transition,15.343,395.0,189.0,206.0,397.0,20.0,377.0,0,1
车子左偏且从90度往正中间转且离墙居中位置转.csv,766,left_bias,middle,transition,15.363,397.0,20.0,377.0,397.0,20.0,377.0,0,1
车子左偏且从90度往正中间转且离墙居中位置转.csv,767,left_bias,middle,transition,15.383,396.0,20.0,376.0,397.0,20.0,377.0,0,1
车子左偏且从90度往正中间转且离墙居中位置转.csv,768,left_bias,middle,transition,15.403,446.0,21.0,425.0,405.0,20.0,385.0,0,1
车子左偏且从90度往正中间转且离墙居中位置转.csv,769,left_bias,middle,transition,15.423,444.0,20.0,424.0,444.0,20.0,424.0,0,1
车子左偏且从90度往正中间转且离墙居中位置转.csv,770,left_bias,middle,transition,15.443,382.0,26.0,356.0,405.0,20.0,385.0,0,1
车子左偏且从90度往正中间转且离墙居中位置转.csv,771,left_bias,middle,transition,15.463,366.0,32.0,334.0,397.0,21.0,376.0,0,1
车子左偏且从90度往正中间转且离墙居中位置转.csv,772,left_bias,middle,transition,15.483,382.0,33.0,349.0,396.0,21.0,375.0,0,1
车子左偏且从90度往正中间转且离墙居中位置转.csv,773,left_bias,middle,transition,15.503,770.0,449.0,321.0,396.0,26.0,370.0,0,1
车子左偏且从90度往正中间转且离墙居中位置转.csv,774,left_bias,middle,transition,15.523,560.0,20.0,540.0,397.0,21.0,376.0,0,1
车子左偏且从90度往正中间转且离墙居中位置转.csv,775,left_bias,middle,transition,15.544,397.0,20.0,377.0,397.0,21.0,376.0,0,1
车子左偏且从90度往正中间转且离墙居中位置转.csv,776,left_bias,middle,transition,15.564,397.0,20.0,377.0,397.0,21.0,376.0,0,1
车子左偏且从90度往正中间转且离墙居中位置转.csv,777,left_bias,middle,transition,15.584,249.0,20.0,229.0,397.0,20.0,377.0,0,1
车子左偏且从90度往正中间转且离墙居中位置转.csv,778,left_bias,middle,transition,15.604,380.0,20.0,360.0,382.0,20.0,362.0,0,1
车子左偏且从90度往正中间转且离墙居中位置转.csv,779,left_bias,middle,transition,15.624,413.0,21.0,392.0,397.0,20.0,377.0,0,1
车子左偏且从90度往正中间转且离墙居中位置转.csv,780,left_bias,middle,transition,15.644,840.0,20.0,820.0,397.0,20.0,377.0,0,1
车子左偏且从90度往正中间转且离墙居中位置转.csv,781,left_bias,middle,transition,15.664,444.0,19.0,425.0,413.0,20.0,393.0,0,1
车子左偏且从90度往正中间转且离墙居中位置转.csv,782,left_bias,middle,transition,15.684,640.0,21.0,619.0,413.0,20.0,393.0,0,1
车子左偏且从90度往正中间转且离墙居中位置转.csv,783,left_bias,middle,transition,15.704,381.0,20.0,361.0,397.0,20.0,377.0,0,1
车子左偏且从90度往正中间转且离墙居中位置转.csv,784,left_bias,middle,transition,15.725,316.0,20.0,296.0,397.0,20.0,377.0,0,1
车子左偏且从90度往正中间转且离墙居中位置转.csv,785,left_bias,middle,transition,15.745,406.0,20.0,386.0,406.0,20.0,386.0,0,1
车子左偏且从90度往正中间转且离墙居中位置转.csv,786,left_bias,middle,transition,15.765,462.0,208.0,254.0,413.0,20.0,393.0,0,1
车子左偏且从90度往正中间转且离墙居中位置转.csv,787,left_bias,middle,transition,15.785,446.0,23.0,423.0,444.0,20.0,424.0,0,1
车子左偏且从90度往正中间转且离墙居中位置转.csv,788,left_bias,middle,transition,15.805,380.0,21.0,359.0,444.0,20.0,424.0,0,1
车子左偏且从90度往正中间转且离墙居中位置转.csv,789,left_bias,middle,transition,15.825,380.0,21.0,359.0,406.0,21.0,385.0,0,1
车子左偏且从90度往正中间转且离墙居中位置转.csv,790,left_bias,middle,transition,15.845,384.0,20.0,364.0,384.0,21.0,363.0,0,1
车子左偏且从90度往正中间转且离墙居中位置转.csv,791,left_bias,middle,transition,15.865,379.0,20.0,359.0,381.0,20.0,361.0,0,1
车子左偏且从90度往正中间转且离墙居中位置转.csv,792,left_bias,middle,transition,15.885,530.0,20.0,510.0,384.0,20.0,364.0,0,1
车子左偏且从90度往正中间转且离墙居中位置转.csv,793,left_bias,middle,transition,15.905,429.0,21.0,408.0,406.0,21.0,385.0,0,1
车子左偏且从90度往正中间转且离墙居中位置转.csv,794,left_bias,middle,transition,15.926,413.0,174.0,239.0,413.0,21.0,392.0,0,1
车子左偏且从90度往正中间转且离墙居中位置转.csv,795,left_bias,middle,transition,15.946,348.0,20.0,328.0,384.0,21.0,363.0,0,1
车子左偏且从90度往正中间转且离墙居中位置转.csv,796,left_bias,middle,transition,15.966,321.0,21.0,300.0,380.0,21.0,359.0,0,1
车子左偏且从90度往正中间转且离墙居中位置转.csv,797,left_bias,middle,transition,15.986,381.0,20.0,361.0,381.0,20.0,361.0,0,1
车子左偏且从90度往正中间转且离墙居中位置转.csv,798,left_bias,middle,transition,16.006,777.0,21.0,756.0,384.0,20.0,364.0,0,1
车子左偏且从90度往正中间转且离墙居中位置转.csv,799,left_bias,middle,transition,16.026,444.0,19.0,425.0,413.0,20.0,393.0,0,1
车子左偏且从90度往正中间转且离墙居中位置转.csv,800,left_bias,middle,transition,16.046,720.0,20.0,700.0,429.0,20.0,409.0,0,1
车子左偏且从90度往正中间转且离墙居中位置转.csv,801,left_bias,middle,transition,16.066,397.0,45.0,352.0,413.0,21.0,392.0,0,1
车子左偏且从90度往正中间转且离墙居中位置转.csv,802,left_bias,middle,transition,16.086,299.0,28.0,271.0,397.0,21.0,376.0,0,1
车子左偏且从90度往正中间转且离墙居中位置转.csv,803,left_bias,middle,transition,16.107,406.0,20.0,386.0,397.0,20.0,377.0,0,1
车子左偏且从90度往正中间转且离墙居中位置转.csv,804,left_bias,middle,transition,16.127,528.0,20.0,508.0,406.0,20.0,386.0,0,1
车子左偏且从90度往正中间转且离墙居中位置转.csv,805,left_bias,middle,transition,16.147,791.0,21.0,770.0,444.0,20.0,424.0,0,1
车子左偏且从90度往正中间转且离墙居中位置转.csv,806,left_bias,middle,transition,16.167,381.0,20.0,361.0,444.0,20.0,424.0,0,1
车子左偏且从90度往正中间转且离墙居中位置转.csv,807,left_bias,middle,transition,16.187,560.0,20.0,540.0,444.0,20.0,424.0,0,1
车子左偏且从90度往正中间转且离墙居中位置转.csv,808,left_bias,middle,end,16.207,380.0,30.0,350.0,406.0,20.0,386.0,0,1
车子左偏且从90度往正中间转且离墙居中位置转.csv,809,left_bias,middle,end,16.227,381.0,20.0,361.0,397.0,20.0,377.0,0,1
车子左偏且从90度往正中间转且离墙居中位置转.csv,810,left_bias,middle,end,16.247,463.0,20.0,443.0,406.0,20.0,386.0,0,1
车子左偏且从90度往正中间转且离墙居中位置转.csv,811,left_bias,middle,end,16.267,430.0,20.0,410.0,430.0,20.0,410.0,0,1
车子左偏且从90度往正中间转且离墙居中位置转.csv,812,left_bias,middle,end,16.287,446.0,139.0,307.0,446.0,20.0,426.0,0,1
车子左偏且从90度往正中间转且离墙居中位置转.csv,813,left_bias,middle,end,16.308,493.0,20.0,473.0,446.0,20.0,426.0,0,1
车子左偏且从90度往正中间转且离墙居中位置转.csv,814,left_bias,middle,end,16.328,397.0,21.0,376.0,430.0,20.0,410.0,0,1
车子左偏且从90度往正中间转且离墙居中位置转.csv,815,left_bias,middle,end,16.348,380.0,20.0,360.0,430.0,20.0,410.0,0,1
车子左偏且从90度往正中间转且离墙居中位置转.csv,816,left_bias,middle,end,16.368,548.0,20.0,528.0,430.0,20.0,410.0,0,1
车子左偏且从90度往正中间转且离墙居中位置转.csv,817,left_bias,middle,end,16.388,446.0,20.0,426.0,446.0,20.0,426.0,0,1
车子左偏且从90度往正中间转且离墙居中位置转.csv,818,left_bias,middle,end,16.408,561.0,191.0,370.0,446.0,20.0,426.0,0,1
车子左偏且从90度往正中间转且离墙居中位置转.csv,819,left_bias,middle,end,16.428,396.0,20.0,376.0,446.0,20.0,426.0,0,1
车子左偏且从90度往正中间转且离墙居中位置转.csv,820,left_bias,middle,end,16.448,349.0,20.0,329.0,446.0,20.0,426.0,0,1
车子左偏且从90度往正中间转且离墙居中位置转.csv,821,left_bias,middle,end,16.468,381.0,20.0,361.0,397.0,20.0,377.0,0,1
车子左偏且从90度往正中间转且离墙居中位置转.csv,822,left_bias,middle,end,16.489,396.0,20.0,376.0,396.0,20.0,376.0,0,1
车子左偏且从90度往正中间转且离墙居中位置转.csv,823,left_bias,middle,end,16.509,777.0,191.0,586.0,396.0,20.0,376.0,0,1
车子左偏且从90度往正中间转且离墙居中位置转.csv,824,left_bias,middle,end,16.529,396.0,20.0,376.0,396.0,20.0,376.0,0,1
车子左偏且从90度往正中间转且离墙居中位置转.csv,825,left_bias,middle,end,16.549,738.0,24.0,714.0,396.0,20.0,376.0,0,1
车子左偏且从90度往正中间转且离墙居中位置转.csv,826,left_bias,middle,end,16.569,332.0,32.0,300.0,396.0,20.0,376.0,0,1
车子左偏且从90度往正中间转且离墙居中位置转.csv,827,left_bias,middle,end,16.589,349.0,20.0,329.0,396.0,20.0,376.0,0,1
车子左偏且从90度往正中间转且离墙居中位置转.csv,828,left_bias,middle,end,16.609,446.0,20.0,426.0,396.0,20.0,376.0,0,1
车子左偏且从90度往正中间转且离墙居中位置转.csv,829,left_bias,middle,end,16.629,455.0,56.0,399.0,396.0,20.0,376.0,0,1
车子左偏且从90度往正中间转且离墙居中位置转.csv,830,left_bias,middle,end,16.649,445.0,21.0,424.0,445.0,21.0,424.0,0,1
车子左偏且从90度往正中间转且离墙居中位置转.csv,831,left_bias,middle,end,16.67,770.0,19.0,751.0,446.0,21.0,425.0,0,1
车子左偏且从90度往正中间转且离墙居中位置转.csv,832,left_bias,middle,end,16.69,546.0,287.0,259.0,446.0,21.0,425.0,0,1
车子左偏且从90度往正中间转且离墙居中位置转.csv,833,left_bias,middle,end,16.71,396.0,20.0,376.0,446.0,21.0,425.0,0,1
车子左偏且从90度往正中间转且离墙居中位置转.csv,834,left_bias,middle,end,16.73,445.0,20.0,425.0,445.0,20.0,425.0,0,1
车子左偏且从90度往正中间转且离墙居中位置转.csv,835,left_bias,middle,end,16.75,428.0,20.0,408.0,445.0,20.0,425.0,0,1
车子左偏且从90度往正中间转且离墙居中位置转.csv,836,left_bias,middle,end,16.77,364.0,20.0,344.0,445.0,20.0,425.0,0,1
车子左偏且从90度往正中间转且离墙居中位置转.csv,837,left_bias,middle,end,16.79,381.0,20.0,361.0,445.0,20.0,425.0,0,1
车子左偏且从90度往正中间转且离墙居中位置转.csv,838,left_bias,middle,end,16.81,397.0,20.0,377.0,428.0,20.0,408.0,0,1
车子左偏且从90度往正中间转且离墙居中位置转.csv,839,left_bias,middle,end,16.83,380.0,18.0,362.0,397.0,20.0,377.0,0,1
车子左偏且从90度往正中间转且离墙居中位置转.csv,840,left_bias,middle,end,16.85,428.0,20.0,408.0,397.0,20.0,377.0,0,1
车子左偏且从90度往正中间转且离墙居中位置转.csv,841,left_bias,middle,end,16.871,547.0,31.0,516.0,397.0,20.0,377.0,0,1
车子左偏且从90度往正中间转且离墙居中位置转.csv,842,left_bias,middle,end,16.891,447.0,34.0,413.0,428.0,20.0,408.0,0,1
车子左偏且从90度往正中间转且离墙居中位置转.csv,843,left_bias,middle,end,16.911,593.0,28.0,565.0,428.0,20.0,408.0,0,1
车子左偏且从90度往正中间转且离墙居中位置转.csv,844,left_bias,middle,end,16.931,395.0,20.0,375.0,397.0,20.0,377.0,0,1
车子左偏且从90度往正中间转且离墙居中位置转.csv,845,left_bias,middle,end,16.951,348.0,20.0,328.0,397.0,20.0,377.0,0,1
车子左偏且从90度往正中间转且离墙居中位置转.csv,846,left_bias,middle,end,16.971,461.0,20.0,441.0,428.0,20.0,408.0,0,1
车子左偏且从90度往正中间转且离墙居中位置转.csv,847,left_bias,middle,end,16.991,399.0,21.0,378.0,428.0,20.0,408.0,0,1
车子左偏且从90度往正中间转且离墙居中位置转.csv,848,left_bias,middle,end,17.011,445.0,20.0,425.0,445.0,20.0,425.0,0,1
车子左偏且从90度往正中间转且离墙居中位置转.csv,849,left_bias,middle,end,17.031,754.0,20.0,734.0,447.0,20.0,427.0,0,1
车子左偏且从90度往正中间转且离墙居中位置转.csv,850,left_bias,middle,end,17.052,777.0,20.0,757.0,447.0,20.0,427.0,0,1
车子左偏且从90度往正中间转且离墙居中位置转.csv,851,left_bias,middle,end,17.072,381.0,20.0,361.0,445.0,20.0,425.0,0,1
车子左偏且从90度往正中间转且离墙居中位置转.csv,852,left_bias,middle,end,17.092,475.0,20.0,455.0,445.0,20.0,425.0,0,1
车子左偏且从90度往正中间转且离墙居中位置转.csv,853,left_bias,middle,end,17.112,381.0,20.0,361.0,445.0,20.0,425.0,0,1
车子左偏且从90度往正中间转且离墙居中位置转.csv,854,left_bias,middle,end,17.132,332.0,21.0,311.0,445.0,20.0,425.0,0,1
车子左偏且从90度往正中间转且离墙居中位置转.csv,855,left_bias,middle,end,17.152,382.0,175.0,207.0,399.0,20.0,379.0,0,1
车子左偏且从90度往正中间转且离墙居中位置转.csv,856,left_bias,middle,end,17.172,706.0,19.0,687.0,445.0,20.0,425.0,0,1
车子左偏且从90度往正中间转且离墙居中位置转.csv,857,left_bias,middle,end,17.192,381.0,157.0,224.0,382.0,20.0,362.0,0,1
车子左偏且从90度往正中间转且离墙居中位置转.csv,858,left_bias,middle,end,17.212,448.0,23.0,425.0,382.0,20.0,362.0,0,1
车子左偏且从90度往正中间转且离墙居中位置转.csv,859,left_bias,middle,end,17.232,447.0,32.0,415.0,382.0,21.0,361.0,0,1
车子左偏且从90度往正中间转且离墙居中位置转.csv,860,left_bias,middle,end,17.253,427.0,20.0,407.0,427.0,21.0,406.0,0,1
车子左偏且从90度往正中间转且离墙居中位置转.csv,861,left_bias,middle,end,17.273,380.0,19.0,361.0,382.0,21.0,361.0,0,1
车子左偏且从90度往正中间转且离墙居中位置转.csv,862,left_bias,middle,end,17.293,381.0,22.0,359.0,382.0,22.0,360.0,0,1
车子左偏且从90度往正中间转且离墙居中位置转.csv,863,left_bias,middle,end,17.313,381.0,21.0,360.0,382.0,22.0,360.0,0,1
车子左偏且从90度往正中间转且离墙居中位置转.csv,864,left_bias,middle,end,17.333,445.0,20.0,425.0,427.0,21.0,406.0,0,1
车子左偏且从90度往正中间转且离墙居中位置转.csv,865,left_bias,middle,end,17.353,411.0,20.0,391.0,411.0,21.0,390.0,0,1
车子左偏且从90度往正中间转且离墙居中位置转.csv,866,left_bias,middle,end,17.373,445.0,21.0,424.0,427.0,21.0,406.0,0,1
车子左偏且从90度往正中间转且离墙居中位置转.csv,867,left_bias,middle,end,17.393,397.0,21.0,376.0,411.0,21.0,390.0,0,1
车子左偏且从90度往正中间转且离墙居中位置转.csv,868,left_bias,middle,end,17.413,738.0,21.0,717.0,411.0,21.0,390.0,0,1
车子左偏且从90度往正中间转且离墙居中位置转.csv,869,left_bias,middle,end,17.434,398.0,20.0,378.0,398.0,21.0,377.0,0,1
车子左偏且从90度往正中间转且离墙居中位置转.csv,870,left_bias,middle,end,17.454,477.0,19.0,458.0,411.0,21.0,390.0,0,1
车子左偏且从90度往正中间转且离墙居中位置转.csv,871,left_bias,middle,end,17.474,412.0,20.0,392.0,412.0,20.0,392.0,0,1
车子左偏且从90度往正中间转且离墙居中位置转.csv,872,left_bias,middle,end,17.494,300.0,20.0,280.0,412.0,20.0,392.0,0,1
车子左偏且从90度往正中间转且离墙居中位置转.csv,873,left_bias,middle,end,17.514,380.0,21.0,359.0,411.0,20.0,391.0,0,1
车子左偏且从90度往正中间转且离墙居中位置转.csv,874,left_bias,middle,end,17.534,722.0,21.0,701.0,412.0,21.0,391.0,0,1
车子左偏且从90度往正中间转且离墙居中位置转.csv,875,left_bias,middle,end,17.554,396.0,22.0,374.0,398.0,21.0,377.0,0,1
车子左偏且从90度往正中间转且离墙居中位置转.csv,876,left_bias,middle,end,17.574,445.0,19.0,426.0,412.0,20.0,392.0,0,1
车子左偏且从90度往正中间转且离墙居中位置转.csv,877,left_bias,middle,end,17.594,477.0,20.0,457.0,412.0,20.0,392.0,0,1
车子左偏且从90度往正中间转且离墙居中位置转.csv,878,left_bias,middle,end,17.614,380.0,19.0,361.0,412.0,20.0,392.0,0,1
车子左偏且从90度往正中间转且离墙居中位置转.csv,879,left_bias,middle,end,17.635,382.0,138.0,244.0,396.0,20.0,376.0,0,1
车子左偏且从90度往正中间转且离墙居中位置转.csv,880,left_bias,middle,end,17.655,300.0,20.0,280.0,382.0,20.0,362.0,0,1
车子左偏且从90度往正中间转且离墙居中位置转.csv,881,left_bias,middle,end,17.675,576.0,20.0,556.0,396.0,20.0,376.0,0,1
车子左偏且从90度往正中间转且离墙居中位置转.csv,882,left_bias,middle,end,17.695,462.0,20.0,442.0,445.0,20.0,425.0,0,1
车子左偏且从90度往正中间转且离墙居中位置转.csv,883,left_bias,middle,end,17.715,561.0,20.0,541.0,445.0,20.0,425.0,0,1
车子左偏且从90度往正中间转且离墙居中位置转.csv,884,left_bias,middle,end,17.735,447.0,20.0,427.0,447.0,20.0,427.0,0,1
车子左偏且从90度往正中间转且离墙居中位置转.csv,885,left_bias,middle,end,17.755,381.0,19.0,362.0,447.0,20.0,427.0,0,1
车子左偏且从90度往正中间转且离墙居中位置转.csv,886,left_bias,middle,end,17.775,380.0,20.0,360.0,382.0,20.0,362.0,0,1
车子左偏且从90度往正中间转且离墙居中位置转.csv,887,left_bias,middle,end,17.795,396.0,20.0,376.0,396.0,20.0,376.0,0,1
车子左偏且从90度往正中间转且离墙居中位置转.csv,888,left_bias,middle,end,17.816,428.0,20.0,408.0,428.0,20.0,408.0,0,1
车子左偏且从90度往正中间转且离墙居中位置转.csv,889,left_bias,middle,end,17.836,445.0,20.0,425.0,445.0,20.0,425.0,0,1
车子左偏且从90度往正中间转且离墙居中位置转.csv,890,left_bias,middle,end,17.856,348.0,206.0,142.0,428.0,20.0,408.0,0,1
车子左偏且从90度往正中间转且离墙居中位置转.csv,891,left_bias,middle,end,17.876,380.0,20.0,360.0,396.0,20.0,376.0,0,1
车子左偏且从90度往正中间转且离墙居中位置转.csv,892,left_bias,middle,end,17.896,493.0,21.0,472.0,396.0,20.0,376.0,0,1
车子左偏且从90度往正中间转且离墙居中位置转.csv,893,left_bias,middle,end,17.916,396.0,21.0,375.0,396.0,20.0,376.0,0,1
车子左偏且从90度往正中间转且离墙居中位置转.csv,894,left_bias,middle,end,17.936,462.0,19.0,443.0,396.0,20.0,376.0,0,1
车子左偏且从90度往正中间转且离墙居中位置转.csv,895,left_bias,middle,end,17.956,546.0,32.0,514.0,428.0,20.0,408.0,0,1
车子左偏且从90度往正中间转且离墙居中位置转.csv,896,left_bias,middle,end,17.976,363.0,19.0,344.0,428.0,20.0,408.0,0,1
车子左偏且从90度往正中间转且离墙居中位置转.csv,897,left_bias,middle,end,17.997,383.0,31.0,352.0,396.0,21.0,375.0,0,1
车子左偏且从90度往正中间转且离墙居中位置转.csv,898,left_bias,middle,end,18.017,382.0,20.0,362.0,383.0,21.0,362.0,0,1
车子左偏且从90度往正中间转且离墙居中位置转.csv,899,left_bias,middle,end,18.037,691.0,21.0,670.0,396.0,21.0,375.0,0,1
车子左偏且从90度往正中间转且离墙居中位置转.csv,900,left_bias,middle,end,18.057,446.0,20.0,426.0,446.0,21.0,425.0,0,1
车子左偏且从90度往正中间转且离墙居中位置转.csv,901,left_bias,middle,end,18.077,775.0,103.0,672.0,446.0,21.0,425.0,0,1
车子左偏且从90度往正中间转且离墙居中位置转.csv,902,left_bias,middle,end,18.097,447.0,208.0,239.0,447.0,21.0,426.0,0,1
车子左偏且从90度往正中间转且离墙居中位置转.csv,903,left_bias,middle,end,18.117,348.0,20.0,328.0,446.0,21.0,425.0,0,1
车子左偏且从90度往正中间转且离墙居中位置转.csv,904,left_bias,middle,end,18.137,382.0,207.0,175.0,383.0,21.0,362.0,0,1
车子左偏且从90度往正中间转且离墙居中位置转.csv,905,left_bias,middle,end,18.157,316.0,20.0,296.0,383.0,21.0,362.0,0,1
车子左偏且从90度往正中间转且离墙居中位置转.csv,906,left_bias,middle,end,18.177,380.0,20.0,360.0,382.0,20.0,362.0,0,1
车子左偏且从90度往正中间转且离墙居中位置转.csv,907,left_bias,middle,end,18.198,446.0,20.0,426.0,446.0,20.0,426.0,0,1
车子左偏且从90度往正中间转且离墙居中位置转.csv,908,left_bias,middle,end,18.218,546.0,205.0,341.0,446.0,20.0,426.0,0,1
车子左偏且从90度往正中间转且离墙居中位置转.csv,909,left_bias,middle,end,18.238,379.0,20.0,359.0,382.0,20.0,362.0,0,1
车子左偏且从90度往正中间转且离墙居中位置转.csv,910,left_bias,middle,end,18.258,381.0,20.0,361.0,381.0,20.0,361.0,0,1
车子左偏且从90度往正中间转且离墙居中位置转.csv,911,left_bias,middle,end,18.279,496.0,20.0,476.0,381.0,20.0,361.0,0,1
车子左偏且从90度往正中间转且离墙居中位置转.csv,912,left_bias,middle,end,18.299,463.0,20.0,443.0,382.0,20.0,362.0,0,1
车子左偏且从90度往正中间转且离墙居中位置转.csv,913,left_bias,middle,end,18.319,496.0,20.0,476.0,446.0,20.0,426.0,0,1
车子左偏且从90度往正中间转且离墙居中位置转.csv,914,left_bias,middle,end,18.339,430.0,21.0,409.0,446.0,20.0,426.0,0,1
车子左偏且从90度往正中间转且离墙居中位置转.csv,915,left_bias,middle,end,18.359,413.0,20.0,393.0,446.0,20.0,426.0,0,1
车子左偏且从90度往正中间转且离墙居中位置转.csv,916,left_bias,middle,end,18.379,383.0,20.0,363.0,430.0,20.0,410.0,0,1
车子左偏且从90度往正中间转且离墙居中位置转.csv,917,left_bias,middle,end,18.399,365.0,46.0,319.0,413.0,20.0,393.0,0,1
车子左偏且从90度往正中间转且离墙居中位置转.csv,918,left_bias,middle,end,18.419,382.0,20.0,362.0,413.0,20.0,393.0,0,1
车子左偏且从90度往正中间转且离墙居中位置转.csv,919,left_bias,middle,end,18.439,809.0,22.0,787.0,430.0,20.0,410.0,0,1
车子左偏且从90度往正中间转且离墙居中位置转.csv,920,left_bias,middle,end,18.46,740.0,21.0,719.0,430.0,20.0,410.0,0,1
车子左偏且从90度往正中间转且离墙居中位置转.csv,921,left_bias,middle,end,18.48,318.0,20.0,298.0,413.0,20.0,393.0,0,1
车子左偏且从90度往正中间转且离墙居中位置转.csv,922,left_bias,middle,end,18.5,417.0,34.0,383.0,413.0,21.0,392.0,0,1
车子左偏且从90度往正中间转且离墙居中位置转.csv,923,left_bias,middle,end,18.52,300.0,21.0,279.0,383.0,21.0,362.0,0,1
车子左偏且从90度往正中间转且离墙居中位置转.csv,924,left_bias,middle,end,18.54,384.0,21.0,363.0,383.0,21.0,362.0,0,1
车子左偏且从90度往正中间转且离墙居中位置转.csv,925,left_bias,middle,end,18.56,447.0,21.0,426.0,384.0,21.0,363.0,0,1
车子左偏且从90度往正中间转且离墙居中位置转.csv,926,left_bias,middle,end,18.58,777.0,21.0,756.0,417.0,21.0,396.0,0,1
车子左偏且从90度往正中间转且离墙居中位置转.csv,927,left_bias,middle,end,18.6,447.0,20.0,427.0,447.0,21.0,426.0,0,1
车子左偏且从90度往正中间转且离墙居中位置转.csv,928,left_bias,middle,end,18.62,479.0,20.0,459.0,447.0,21.0,426.0,0,1
车子左偏且从90度往正中间转且离墙居中位置转.csv,929,left_bias,middle,end,18.64,399.0,21.0,378.0,417.0,21.0,396.0,0,1
车子左偏且从90度往正中间转且离墙居中位置转.csv,930,left_bias,middle,end,18.66,350.0,20.0,330.0,417.0,21.0,396.0,0,1
车子左偏且从90度往正中间转且离墙居中位置转.csv,931,left_bias,middle,end,18.681,463.0,21.0,442.0,447.0,21.0,426.0,0,1
车子左偏且从90度往正中间转且离墙居中位置转.csv,932,left_bias,middle,end,18.701,432.0,20.0,412.0,447.0,21.0,426.0,0,1
车子左偏且从90度往正中间转且离墙居中位置转.csv,933,left_bias,middle,end,18.721,446.0,20.0,426.0,447.0,20.0,427.0,0,1
车子左偏且从90度往正中间转且离墙居中位置转.csv,934,left_bias,middle,end,18.741,385.0,602.0,-217.0,446.0,20.0,426.0,0,1
车子左偏且从90度往正中间转且离墙居中位置转.csv,935,left_bias,middle,end,18.761,367.0,20.0,347.0,432.0,20.0,412.0,0,1
车子左偏且从90度往正中间转且离墙居中位置转.csv,936,left_bias,middle,end,18.781,381.0,20.0,361.0,399.0,20.0,379.0,0,1
车子左偏且从90度往正中间转且离墙居中位置转.csv,937,left_bias,middle,end,18.801,446.0,20.0,426.0,399.0,20.0,379.0,0,1
车子左偏且从90度往正中间转且离墙居中位置转.csv,938,left_bias,middle,end,18.821,725.0,21.0,704.0,432.0,20.0,412.0,0,1
车子左偏且从90度往正中间转且离墙居中位置转.csv,939,left_bias,middle,end,18.841,446.0,19.0,427.0,446.0,20.0,426.0,0,1
车子左偏且从90度往正中间转且离墙居中位置转.csv,940,left_bias,middle,end,18.861,380.0,20.0,360.0,432.0,20.0,412.0,0,1
车子左偏且从90度往正中间转且离墙居中位置转.csv,941,left_bias,middle,end,18.882,348.0,20.0,328.0,385.0,20.0,365.0,0,1
车子左偏且从90度往正中间转且离墙居中位置转.csv,942,left_bias,middle,end,18.902,301.0,20.0,281.0,381.0,20.0,361.0,0,1
车子左偏且从90度往正中间转且离墙居中位置转.csv,943,left_bias,middle,end,18.922,462.0,19.0,443.0,381.0,20.0,361.0,0,1
车子左偏且从90度往正中间转且离墙居中位置转.csv,944,left_bias,middle,end,18.942,754.0,19.0,735.0,446.0,20.0,426.0,0,1
车子左偏且从90度往正中间转且离墙居中位置转.csv,945,left_bias,middle,end,18.962,446.0,20.0,426.0,446.0,20.0,426.0,0,1
车子左偏且从90度往正中间转且离墙居中位置转.csv,946,left_bias,middle,end,18.982,800.0,20.0,780.0,446.0,20.0,426.0,0,1
车子左偏且从90度往正中间转且离墙居中位置转.csv,947,left_bias,middle,end,19.002,462.0,20.0,442.0,446.0,20.0,426.0,0,1
车子左偏且从90度往正中间转且离墙居中位置转.csv,948,left_bias,middle,end,19.022,334.0,20.0,314.0,446.0,20.0,426.0,0,1
车子左偏且从90度往正中间转且离墙居中位置转.csv,949,left_bias,middle,end,19.042,414.0,20.0,394.0,446.0,20.0,426.0,0,1
车子左偏且从90度往正中间转且离墙居中位置转.csv,950,left_bias,middle,end,19.062,366.0,33.0,333.0,446.0,20.0,426.0,0,1
车子左偏且从90度往正中间转且离墙居中位置转.csv,951,left_bias,middle,end,19.082,641.0,28.0,613.0,462.0,20.0,442.0,0,1
车子左偏且从90度往正中间转且离墙居中位置转.csv,952,left_bias,middle,end,19.102,383.0,21.0,362.0,446.0,20.0,426.0,0,1
车子左偏且从90度往正中间转且离墙居中位置转.csv,953,left_bias,middle,end,19.123,561.0,21.0,540.0,446.0,20.0,426.0,0,1
车子左偏且从90度往正中间转且离墙居中位置转.csv,954,left_bias,middle,end,19.143,397.0,20.0,377.0,414.0,20.0,394.0,0,1
车子左偏且从90度往正中间转且离墙居中位置转.csv,955,left_bias,middle,end,19.163,379.0,20.0,359.0,397.0,20.0,377.0,0,1
车子左偏且从90度往正中间转且离墙居中位置转.csv,956,left_bias,middle,end,19.183,462.0,20.0,442.0,397.0,20.0,377.0,0,1
车子左偏且从90度往正中间转且离墙居中位置转.csv,957,left_bias,middle,end,19.203,446.0,20.0,426.0,414.0,20.0,394.0,0,1
车子左偏且从90度往正中间转且离墙居中位置转.csv,958,left_bias,middle,end,19.223,380.0,20.0,360.0,397.0,20.0,377.0,0,1
车子左偏且从90度往正中间转且离墙居中位置转.csv,959,left_bias,middle,end,19.243,398.0,20.0,378.0,398.0,20.0,378.0,0,1
车子左偏且从90度往正中间转且离墙居中位置转.csv,960,left_bias,middle,end,19.263,348.0,20.0,328.0,397.0,20.0,377.0,0,1
车子左偏且从90度往正中间转且离墙居中位置转.csv,961,left_bias,middle,end,19.283,446.0,20.0,426.0,398.0,20.0,378.0,0,1
车子左偏且从90度往正中间转且离墙居中位置转.csv,962,left_bias,middle,end,19.303,495.0,29.0,466.0,398.0,20.0,378.0,0,1
车子左偏且从90度往正中间转且离墙居中位置转.csv,963,left_bias,middle,end,19.323,445.0,46.0,399.0,445.0,20.0,425.0,0,1
车子左偏且从90度往正中间转且离墙居中位置转.csv,964,left_bias,middle,end,19.343,738.0,191.0,547.0,446.0,20.0,426.0,0,1
车子左偏且从90度往正中间转且离墙居中位置转.csv,965,left_bias,middle,end,19.364,414.0,19.0,395.0,445.0,20.0,425.0,0,1
车子左偏且从90度往正中间转且离墙居中位置转.csv,966,left_bias,middle,end,19.384,349.0,20.0,329.0,414.0,20.0,394.0,0,1
车子左偏且从90度往正中间转且离墙居中位置转.csv,967,left_bias,middle,end,19.404,397.0,19.0,378.0,414.0,20.0,394.0,0,1
车子左偏且从90度往正中间转且离墙居中位置转.csv,968,left_bias,middle,end,19.424,396.0,20.0,376.0,414.0,20.0,394.0,0,1
车子左偏且从90度往正中间转且离墙居中位置转.csv,969,left_bias,middle,end,19.444,706.0,20.0,686.0,445.0,20.0,425.0,0,1
车子左偏且从90度往正中间转且离墙居中位置转.csv,970,left_bias,middle,end,19.464,381.0,20.0,361.0,414.0,20.0,394.0,0,1
车子左偏且从90度往正中间转且离墙居中位置转.csv,971,left_bias,middle,end,19.484,774.0,20.0,754.0,414.0,20.0,394.0,0,1
车子左偏且从90度往正中间转且离墙居中位置转.csv,972,left_bias,middle,end,19.504,382.0,20.0,362.0,397.0,20.0,377.0,0,1
车子左偏且从90度往正中间转且离墙居中位置转.csv,973,left_bias,middle,end,19.524,429.0,20.0,409.0,397.0,20.0,377.0,0,1
车子左偏且从90度往正中间转且离墙居中位置转.csv,974,left_bias,middle,end,19.544,446.0,19.0,427.0,397.0,20.0,377.0,0,1
车子左偏且从90度往正中间转且离墙居中位置转.csv,975,left_bias,middle,end,19.565,398.0,20.0,378.0,398.0,20.0,378.0,0,1
车子左偏且从90度往正中间转且离墙居中位置转.csv,976,left_bias,middle,end,19.585,403.0,20.0,383.0,403.0,20.0,383.0,0,1
车子左偏且从90度往正中间转且离墙居中位置转.csv,977,left_bias,middle,end,19.605,609.0,31.0,578.0,429.0,20.0,409.0,0,1
车子左偏且从90度往正中间转且离墙居中位置转.csv,978,left_bias,middle,end,19.625,496.0,33.0,463.0,429.0,20.0,409.0,0,1
车子左偏且从90度往正中间转且离墙居中位置转.csv,979,left_bias,middle,end,19.645,399.0,25.0,374.0,429.0,20.0,409.0,0,1
车子左偏且从90度往正中间转且离墙居中位置转.csv,980,left_bias,middle,end,19.665,446.0,21.0,425.0,429.0,20.0,409.0,0,1
车子左偏且从90度往正中间转且离墙居中位置转.csv,981,left_bias,middle,end,19.685,455.0,20.0,435.0,446.0,20.0,426.0,0,1
车子左偏且从90度往正中间转且离墙居中位置转.csv,982,left_bias,middle,end,19.705,446.0,20.0,426.0,446.0,20.0,426.0,0,1
车子左偏且从90度往正中间转且离墙居中位置转.csv,983,left_bias,middle,end,19.725,381.0,20.0,361.0,446.0,20.0,426.0,0,1
车子左偏且从90度往正中间转且离墙居中位置转.csv,984,left_bias,middle,end,19.745,389.0,20.0,369.0,446.0,20.0,426.0,0,1
车子左偏且从90度往正中间转且离墙居中位置转.csv,985,left_bias,middle,end,19.765,396.0,20.0,376.0,446.0,20.0,426.0,0,1
车子左偏且从90度往正中间转且离墙居中位置转.csv,986,left_bias,middle,end,19.786,411.0,20.0,391.0,411.0,20.0,391.0,0,1
车子左偏且从90度往正中间转且离墙居中位置转.csv,987,left_bias,middle,end,19.806,593.0,20.0,573.0,411.0,20.0,391.0,0,1
车子左偏且从90度往正中间转且离墙居中位置转.csv,988,left_bias,middle,end,19.826,398.0,20.0,378.0,411.0,20.0,391.0,0,1
车子左偏且从90度往正中间转且离墙居中位置转.csv,989,left_bias,middle,end,19.846,757.0,21.0,736.0,411.0,20.0,391.0,0,1
车子左偏且从90度往正中间转且离墙居中位置转.csv,990,left_bias,middle,end,19.866,381.0,21.0,360.0,398.0,20.0,378.0,0,1
车子左偏且从90度往正中间转且离墙居中位置转.csv,991,left_bias,middle,end,19.886,366.0,21.0,345.0,396.0,20.0,376.0,0,1
车子左偏且从90度往正中间转且离墙居中位置转.csv,992,left_bias,middle,end,19.906,446.0,20.0,426.0,398.0,20.0,378.0,0,1
车子左偏且从90度往正中间转且离墙居中位置转.csv,993,left_bias,middle,end,19.926,381.0,20.0,361.0,398.0,20.0,378.0,0,1
车子左偏且从90度往正中间转且离墙居中位置转.csv,994,left_bias,middle,end,19.947,448.0,22.0,426.0,411.0,20.0,391.0,0,1
车子左偏且从90度往正中间转且离墙居中位置转.csv,995,left_bias,middle,end,19.967,706.0,20.0,686.0,446.0,20.0,426.0,0,1
车子左偏且从90度往正中间转且离墙居中位置转.csv,996,left_bias,middle,end,19.987,753.0,20.0,733.0,446.0,20.0,426.0,0,1
车子左偏且从90度往正中间转且离墙居中位置转.csv,997,left_bias,middle,end,20.007,398.0,20.0,378.0,446.0,20.0,426.0,0,1
车子左偏且从90度往正中间转且离墙居中位置转.csv,998,left_bias,middle,end,20.027,461.0,37.0,424.0,446.0,20.0,426.0,0,1
车子左偏且从90度往正中间转且离墙居中位置转.csv,999,left_bias,middle,end,20.047,413.0,26.0,387.0,446.0,20.0,426.0,0,1
车子左偏且从90度往正中间转且离墙居中位置转.csv,1000,left_bias,middle,end,20.067,349.0,20.0,329.0,446.0,20.0,426.0,0,1
车子左偏且从90度往正中间转且离墙居中位置转.csv,1001,left_bias,middle,end,20.087,381.0,20.0,361.0,413.0,20.0,393.0,0,1
车子左偏且从90度往正中间转且离墙居中位置转.csv,1002,left_bias,middle,end,20.107,544.0,21.0,523.0,448.0,20.0,428.0,0,1
车子左偏且从90度往正中间转且离墙居中位置转.csv,1003,left_bias,middle,end,20.128,381.0,20.0,361.0,413.0,20.0,393.0,0,1
车子左偏且从90度往正中间转且离墙居中位置转.csv,1004,left_bias,middle,end,20.148,445.0,20.0,425.0,413.0,20.0,393.0,0,1
车子左偏且从90度往正中间转且离墙居中位置转.csv,1005,left_bias,middle,end,20.168,446.0,21.0,425.0,413.0,20.0,393.0,0,1
车子左偏且从90度往正中间转且离墙居中位置转.csv,1006,left_bias,middle,end,20.188,446.0,20.0,426.0,445.0,20.0,425.0,0,1
车子左偏且从90度往正中间转且离墙居中位置转.csv,1007,left_bias,middle,end,20.208,494.0,20.0,474.0,445.0,20.0,425.0,0,1
车子左偏且从90度往正中间转且离墙居中位置转.csv,1008,left_bias,middle,end,20.228,401.0,21.0,380.0,445.0,20.0,425.0,0,1
车子左偏且从90度往正中间转且离墙居中位置转.csv,1009,left_bias,middle,end,20.248,382.0,21.0,361.0,445.0,20.0,425.0,0,1
