t,front,rear,left,right,zone_front,zone_rear,zone_left,zone_right,zone_score,ir_front,ir_rear,ir_left_front,ir_left_rear,ir_right_front,ir_right_rear,ir_valid,analog_diff,shovel_left,shovel_right,shovel_valid,shovel_preheat,shovel_active,mode,state,patrol_state,reentry_state,shovel_state,hunt_mode,hunt_state,hunt_target_type,good_offset_x,bad_offset_x,near_direction,enemy_state,enemy_source_direction,enemy_turn_direction,enemy_slow,enemy_confirmed,vision_sequence,vision_status,reason,left_cmd,right_cmd,healthy
0.023,665.0,1294.0,1008.0,949.0,0.5294,1.3135,0.6335,0.9195,0.7765,1,0,0,0,0,0,1,1361.0,24.0,1036.0,1,0,0,reentry,SENSOR_STOP,WARMUP,SENSOR_STOP,IDLE,,IDLE,,,,,IDLE,,,0,0,,stale,传感器无效或数据过期,0,0,1
0.043,665.0,1294.0,1008.0,949.0,0.5294,1.3135,0.6335,0.9195,0.7765,1,0,0,0,0,0,1,1361.0,24.0,1036.0,1,0,0,reentry,SENSOR_STOP,WARMUP,SENSOR_STOP,IDLE,,IDLE,,,,,IDLE,,,0,0,,stale,传感器无效或数据过期,0,0,1
0.064,667.0,1298.0,1011.0,950.0,0.5356,1.3214,0.6408,0.9228,0.7818,1,0,0,0,0,0,1,1348.0,23.0,1037.0,1,0,0,patrol,WARMUP,WARMUP,WAIT,IDLE,,IDLE,,,,,IDLE,,,0,0,,stale,等待滤波窗口,0,0,1
0.084,668.0,1301.0,1013.0,953.0,0.5372,1.3244,0.6432,0.9279,0.7855,1,0,0,0,0,0,1,1352.0,23.0,1038.0,1,0,0,patrol,WARMUP,WARMUP,WAIT,IDLE,,IDLE,,,,,IDLE,,,0,0,,stale,等待滤波窗口,0,0,1
0.104,668.0,1300.0,1012.0,951.0,0.5387,1.3254,0.6432,0.9262,0.7847,1,0,0,0,0,0,1,1352.0,23.0,1037.0,1,1,0,patrol,EDGE_AVOID,EDGE_AVOID,WAIT,IDLE,,IDLE,,,,,IDLE,,,0,0,,stale,前向灰度趋势变暗，提前离边,-400,-400,1
0.124,666.0,1296.0,1010.0,950.0,0.5387,1.3254,0.6432,0.9262,0.7847,1,0,0,0,0,0,1,1362.0,23.0,1037.0,1,1,0,patrol,EDGE_AVOID,EDGE_AVOID,WAIT,IDLE,,IDLE,,,,,IDLE,,,0,0,,stale,前向灰度趋势变暗，提前离边,-400,-400,1
0.144,663.0,1291.0,1006.0,944.0,0.5325,1.3175,0.6383,0.9228,0.7806,1,0,0,0,0,0,1,1351.0,226.0,1039.0,1,1,0,patrol,EDGE_AVOID,EDGE_AVOID,WAIT,IDLE,,IDLE,,,,,IDLE,,,0,0,,stale,前向灰度趋势变暗，提前离边,-400,-400,1
0.164,662.0,1290.0,1005.0,944.0,0.5232,1.3075,0.6286,0.9027,0.7657,1,0,0,0,0,0,1,1353.0,23.0,1037.0,1,1,0,patrol,EDGE_AVOID,EDGE_AVOID,WAIT,IDLE,,IDLE,,,,,IDLE,,,0,0,,stale,前向灰度趋势变暗，提前离边,-400,-400,1
0.184,664.0,1294.0,1007.0,948.0,0.5232,1.3075,0.6286,0.9027,0.7657,1,0,0,0,0,0,1,1352.0,23.0,1056.0,1,1,0,patrol,EDGE_AVOID,EDGE_AVOID,WAIT,IDLE,,IDLE,,,,,IDLE,,,0,0,,stale,前向灰度趋势变暗，提前离边,-400,-400,1
0.205,670.0,1305.0,1015.0,956.0,0.5263,1.3135,0.6311,0.9161,0.7736,1,0,0,0,0,0,1,1345.0,23.0,1021.0,1,1,0,patrol,EDGE_AVOID,EDGE_AVOID,WAIT,IDLE,,IDLE,,,,,IDLE,,,0,0,,stale,前向灰度趋势变暗，提前离边,-400,-400,1
0.225,668.0,1301.0,1013.0,953.0,0.5387,1.3274,0.6456,0.9329,0.7893,1,0,0,0,0,0,1,1349.0,22.0,1038.0,1,1,0,patrol,EDGE_AVOID,EDGE_AVOID,WAIT,IDLE,,IDLE,,,,,IDLE,,,0,0,,stale,前向灰度趋势变暗，提前离边,-400,-400,1
0.245,671.0,1305.0,1015.0,956.0,0.5449,1.3353,0.6505,0.943,0.7967,1,0,0,0,0,0,1,1352.0,23.0,1034.0,1,1,0,patrol,EDGE_AVOID,EDGE_AVOID,WAIT,IDLE,,IDLE,,,,,IDLE,,,0,0,,stale,前向灰度趋势变暗，提前离边,-400,-400,1
0.265,670.0,1304.0,1015.0,955.0,0.5449,1.3333,0.6505,0.9396,0.795,1,0,0,0,0,0,1,1353.0,127.0,1034.0,1,1,0,patrol,EDGE_AVOID,EDGE_AVOID,WAIT,IDLE,,IDLE,,,,,IDLE,,,0,0,,stale,前向灰度趋势变暗，提前离边,-400,-400,1
0.285,668.0,1301.0,1014.0,954.0,0.5449,1.3333,0.6505,0.9396,0.795,1,0,0,0,0,0,1,1348.0,94.0,1031.0,1,1,0,patrol,EDGE_AVOID,EDGE_AVOID,WAIT,IDLE,,IDLE,,,,,IDLE,,,0,0,,stale,前向灰度趋势变暗，提前离边,-400,-400,1
0.305,667.0,1301.0,1016.0,957.0,0.5387,1.3274,0.6505,0.9396,0.795,1,0,0,0,0,0,1,1351.0,556.0,1040.0,1,1,0,patrol,EDGE_AVOID,EDGE_AVOID,WAIT,IDLE,,IDLE,,,,,IDLE,,,0,0,,stale,前向灰度趋势变暗，提前离边,-400,-400,1
0.325,662.0,1298.0,1012.0,949.0,0.5356,1.3274,0.6481,0.9362,0.7921,1,0,0,0,0,0,1,1322.0,24.0,1020.0,1,1,0,patrol,EDGE_AVOID,EDGE_AVOID,WAIT,IDLE,,IDLE,,,,,IDLE,,,0,0,,stale,前向灰度趋势变暗，提前离边,-400,-400,1
0.345,658.0,1304.0,1007.0,944.0,0.5201,1.3274,0.6432,0.9195,0.7813,1,0,0,0,0,0,1,1291.0,177.0,1020.0,1,1,0,patrol,EDGE_AVOID,EDGE_AVOID,WAIT,IDLE,,IDLE,,,,,IDLE,,,0,0,,stale,前向灰度趋势变暗，提前离边,-400,-400,1
0.365,655.0,1315.0,1003.0,954.0,0.5077,1.3333,0.6311,0.9195,0.7753,1,0,0,0,0,0,1,1244.0,622.0,1040.0,1,1,0,patrol,EDGE_AVOID,EDGE_AVOID,WAIT,IDLE,,IDLE,,,,,IDLE,,,0,0,,stale,前向灰度趋势变暗，提前离边,-400,-400,1
0.385,646.0,1321.0,978.0,959.0,0.4985,1.3552,0.6214,0.9362,0.7788,1,0,0,0,0,0,1,1213.0,40.0,1054.0,1,1,0,patrol,EDGE_AVOID,EDGE_AVOID,WAIT,IDLE,,IDLE,,,,,IDLE,,,0,0,,stale,前向灰度趋势变暗，提前离边,-400,-400,1
0.405,642.0,1326.0,971.0,969.0,0.4706,1.3671,0.5607,0.953,0.7568,1,0,0,0,0,0,1,1121.0,34.0,1052.0,1,1,0,patrol,EDGE_AVOID,EDGE_AVOID,WAIT,IDLE,,IDLE,,,,,IDLE,,,0,0,,stale,前向灰度趋势变暗，提前离边,-400,-400,1
0.425,645.0,1333.0,984.0,977.0,0.4675,1.377,0.5607,0.9866,0.7736,1,0,0,0,0,0,1,1074.0,23.0,1020.0,1,1,0,patrol,EDGE_AVOID,EDGE_AVOID,WAIT,IDLE,,IDLE,,,,,IDLE,,,0,0,,stale,前向灰度趋势变暗，提前离边,-400,-400,1
0.445,639.0,1324.0,988.0,968.0,0.4582,1.377,0.5752,0.9866,0.7809,1,0,0,0,1,0,1,1025.0,23.0,1038.0,1,1,0,patrol,EDGE_AVOID,EDGE_AVOID,WAIT,IDLE,,IDLE,,,,,IDLE,,,0,0,,stale,前向灰度趋势变暗，提前离边,-400,-400,1
0.466,652.0,1327.0,992.0,964.0,0.4675,1.379,0.585,0.9832,0.7841,1,0,0,0,0,0,1,978.0,159.0,1038.0,1,1,0,patrol,EDGE_AVOID,EDGE_AVOID,WAIT,IDLE,,IDLE,,,,,IDLE,,,0,0,,stale,前向灰度趋势变暗，提前离边,-400,-400,1
0.486,657.0,1314.0,991.0,972.0,0.4892,1.373,0.5922,0.9832,0.7877,1,0,0,0,0,0,1,884.0,23.0,1026.0,1,1,0,patrol,EDGE_AVOID,EDGE_AVOID,WAIT,IDLE,,IDLE,,,,,IDLE,,,0,0,,stale,前向灰度趋势变暗，提前离边,-400,-400,1
0.506,669.0,1317.0,1004.0,960.0,0.5046,1.3591,0.5947,0.9698,0.7822,1,0,0,0,0,0,1,836.0,24.0,1060.0,1,1,0,patrol,EDGE_AVOID,EDGE_AVOID,WAIT,IDLE,,IDLE,,,,,IDLE,,,0,0,,stale,前向灰度趋势变暗，提前离边,-400,-400,1
0.526,676.0,1333.0,1009.0,964.0,0.5418,1.3591,0.6238,0.9698,0.7968,1,0,0,0,0,0,1,803.0,23.0,1038.0,1,1,0,patrol,EDGE_AVOID,EDGE_AVOID,WAIT,IDLE,,IDLE,,,,,IDLE,,,0,0,,stale,前向灰度趋势变暗，提前离边,-400,-400,1
0.546,679.0,1331.0,993.0,965.0,0.5635,1.3869,0.6238,0.9698,0.7968,1,0,0,0,0,0,1,749.0,34.0,1053.0,1,1,0,patrol,EDGE_AVOID,EDGE_AVOID,WAIT,IDLE,,IDLE,,,,,IDLE,,,0,0,,stale,前向灰度趋势变暗，提前离边,-400,-400,1
0.566,680.0,1337.0,978.0,952.0,0.5728,1.3909,0.5971,0.9698,0.7834,1,0,0,0,0,0,1,741.0,23.0,1034.0,1,1,0,patrol,EDGE_AVOID,EDGE_AVOID,WAIT,IDLE,,IDLE,,,,,IDLE,,,0,0,,stale,前向灰度趋势变暗，提前离边,-400,-400,1
0.586,675.0,1323.0,985.0,945.0,0.5728,1.3869,0.5777,0.9295,0.7536,1,0,0,0,0,0,1,673.0,23.0,1018.0,1,1,0,patrol,EDGE_AVOID,EDGE_AVOID,WAIT,IDLE,,IDLE,,,,,IDLE,,,0,0,,stale,前向灰度趋势变暗，提前离边,-400,-400,1
0.606,684.0,1341.0,1019.0,958.0,0.5759,1.3988,0.5777,0.9295,0.7536,1,0,0,0,0,0,1,640.0,23.0,1021.0,1,1,0,patrol,EDGE_AVOID,EDGE_AVOID,WAIT,IDLE,,IDLE,,,,,IDLE,,,0,0,,stale,前向灰度趋势变暗，提前离边,-400,-400,1
0.627,677.0,1330.0,1024.0,967.0,0.5666,1.3849,0.6602,0.9497,0.8049,1,0,0,0,0,0,1,618.0,177.0,1038.0,1,1,0,patrol,EDGE_AVOID,EDGE_AVOID,WAIT,IDLE,,IDLE,,,,,IDLE,,,0,0,,stale,前向灰度趋势变暗，提前离边,-400,-400,1
0.647,677.0,1330.0,1024.0,967.0,0.5666,1.3849,0.6723,0.9799,0.8261,1,0,0,0,0,0,1,618.0,177.0,1038.0,1,1,0,patrol,EDGE_AVOID,EDGE_AVOID,WAIT,IDLE,,IDLE,,,,,IDLE,,,0,0,,stale,前向灰度趋势变暗，提前离边,-400,-400,1
0.667,673.0,1338.0,1027.0,968.0,0.5666,1.3849,0.6723,0.9799,0.8261,1,0,0,0,0,0,1,607.0,27.0,1020.0,1,1,0,patrol,EDGE_AVOID,EDGE_AVOID,WAIT,IDLE,,IDLE,,,,,IDLE,,,0,0,,stale,前向灰度趋势变暗，提前离边,-400,-400,1
0.687,674.0,1349.0,1010.0,973.0,0.5573,1.4008,0.6723,0.9832,0.8278,1,0,0,0,0,0,1,544.0,34.0,1020.0,1,1,0,patrol,EDGE_AVOID,EDGE_AVOID,WAIT,IDLE,,IDLE,,,,,IDLE,,,0,0,,stale,前向灰度趋势变暗，提前离边,-400,-400,1
0.707,684.0,1355.0,1009.0,988.0,0.5573,1.4226,0.6383,1.0,0.8192,1,0,0,0,0,0,1,526.0,23.0,1038.0,1,1,0,patrol,EDGE_TURN,EDGE_TURN,WAIT,IDLE,,IDLE,,,,,IDLE,,right,0,0,,stale,直线退离完成，开始转向,550,-550,1
0.728,679.0,1341.0,1009.0,981.0,0.5728,1.4226,0.6359,1.0268,0.8314,1,0,0,0,0,0,1,621.0,23.0,1005.0,1,1,0,patrol,EDGE_TURN,EDGE_TURN,WAIT,IDLE,,IDLE,,,,,IDLE,,right,0,0,,stale,直线退离完成，开始转向,550,-550,1
0.748,676.0,1354.0,1010.0,995.0,0.5728,1.4325,0.6359,1.0503,0.8431,1,0,0,0,0,0,1,481.0,24.0,1019.0,1,1,0,patrol,EDGE_TURN,EDGE_TURN,WAIT,IDLE,,IDLE,,,,,IDLE,,right,0,0,,stale,直线退离完成，开始转向,550,-550,1
0.768,683.0,1364.0,1003.0,974.0,0.5728,1.4325,0.6359,1.0268,0.8314,1,0,0,0,0,0,1,481.0,111.0,1020.0,1,1,0,patrol,EDGE_TURN,EDGE_TURN,WAIT,IDLE,,IDLE,,,,,IDLE,,right,0,0,,stale,直线退离完成，开始转向,550,-550,1
0.788,688.0,1347.0,1002.0,970.0,0.5851,1.4325,0.6214,1.0034,0.8124,1,0,0,0,0,0,1,442.0,23.0,1022.0,1,1,0,patrol,EDGE_TURN,EDGE_TURN,WAIT,IDLE,,IDLE,,,,,IDLE,,right,0,0,,stale,直线退离完成，开始转向,550,-550,1
0.808,695.0,1348.0,1015.0,1008.0,0.6006,1.4206,0.6214,1.0034,0.8124,1,0,0,0,0,0,1,428.0,210.0,988.0,1,1,0,patrol,EDGE_TURN,EDGE_TURN,WAIT,IDLE,,IDLE,,,,,IDLE,,right,0,0,,stale,直线退离完成，开始转向,550,-550,1
0.829,698.0,1358.0,1017.0,1020.0,0.6223,1.4206,0.6505,1.1174,0.884,1,0,0,0,0,0,1,395.0,44.0,1005.0,1,1,0,patrol,EDGE_TURN,EDGE_TURN,WAIT,IDLE,,IDLE,,,,,IDLE,,right,0,0,,stale,直线退离完成，开始转向,550,-550,1
0.849,698.0,1359.0,1018.0,1022.0,0.6316,1.4405,0.6553,1.1577,0.9065,1,0,0,0,0,0,1,497.0,127.0,1021.0,1,1,0,patrol,EDGE_TURN,EDGE_TURN,WAIT,IDLE,,IDLE,,,,,IDLE,,right,0,0,,stale,直线退离完成，开始转向,550,-550,1
0.869,697.0,1379.0,1014.0,1029.0,0.6316,1.4425,0.6553,1.1644,0.9099,1,0,0,0,0,0,1,361.0,62.0,1022.0,1,1,0,patrol,EDGE_TURN,EDGE_TURN,WAIT,IDLE,,IDLE,,,,,IDLE,,right,0,0,,stale,直线退离完成，开始转向,550,-550,1
0.889,701.0,1385.0,1024.0,1024.0,0.6316,1.4821,0.6578,1.1711,0.9145,0,0,0,0,0,0,1,346.0,95.0,1037.0,1,1,0,patrol,EDGE_TURN,EDGE_TURN,WAIT,IDLE,,IDLE,,,,,IDLE,,right,0,0,,stale,直线退离完成，开始转向,550,-550,1
0.909,702.0,1390.0,1032.0,1017.0,0.6409,1.494,0.6723,1.1711,0.9217,0,0,0,0,0,0,1,315.0,23.0,1021.0,1,1,0,patrol,EDGE_TURN,EDGE_TURN,WAIT,IDLE,,IDLE,,,,,IDLE,,right,0,0,,stale,直线退离完成，开始转向,550,-550,1
0.929,707.0,1397.0,1045.0,1030.0,0.644,1.504,0.6917,1.1711,0.9314,0,0,0,0,0,0,1,313.0,139.0,1022.0,1,1,0,patrol,EDGE_TURN,EDGE_TURN,WAIT,IDLE,,IDLE,,,,,IDLE,,right,0,0,,stale,直线退离完成，开始转向,550,-550,1
0.949,706.0,1398.0,1059.0,1026.0,0.6563,1.5179,0.7233,1.1779,0.9506,0,0,0,0,0,0,1,280.0,426.0,1020.0,1,1,0,patrol,EDGE_TURN,EDGE_TURN,WAIT,IDLE,,IDLE,,,,,IDLE,,right,0,0,,stale,直线退离完成，开始转向,550,-550,1
0.969,710.0,1412.0,1068.0,1036.0,0.6594,1.5198,0.7573,1.1913,0.9743,0,0,0,0,0,0,1,233.0,160.0,1019.0,1,1,0,patrol,EDGE_TURN,EDGE_TURN,WAIT,IDLE,,IDLE,,,,,IDLE,,right,0,0,,stale,直线退离完成，开始转向,550,-550,1
0.989,723.0,1387.0,1070.0,1049.0,0.6687,1.5198,0.7791,1.2114,0.9953,0,0,0,0,0,0,1,13.0,621.0,1008.0,1,1,0,patrol,EDGE_TURN,EDGE_TURN,WAIT,IDLE,,IDLE,,,,,IDLE,,right,0,0,,stale,直线退离完成，开始转向,550,-550,1
1.01,737.0,1378.0,1074.0,1060.0,0.709,1.498,0.784,1.255,1.0195,0,0,0,0,0,0,1,-273.0,49.0,1022.0,1,1,0,patrol,EDGE_TURN,EDGE_TURN,WAIT,IDLE,,IDLE,,,,,IDLE,,right,0,0,,stale,直线退离完成，开始转向,550,-550,1
1.03,741.0,1397.0,1076.0,1058.0,0.7523,1.498,0.7937,1.2852,1.0395,0,0,0,0,0,0,1,-342.0,177.0,1005.0,1,1,0,patrol,EDGE_TURN,EDGE_TURN,WAIT,IDLE,,IDLE,,,,,IDLE,,right,0,0,,stale,直线退离完成，开始转向,550,-550,1
1.05,736.0,1394.0,1070.0,1054.0,0.7523,1.5119,0.7937,1.2852,1.0395,0,0,0,0,0,0,1,-60.0,161.0,1002.0,1,1,0,patrol,EDGE_TURN,EDGE_TURN,WAIT,IDLE,,IDLE,,,,,IDLE,,right,0,0,,stale,直线退离完成，开始转向,550,-550,1
1.07,736.0,1393.0,1065.0,1050.0,0.7492,1.5119,0.784,1.2718,1.0279,0,0,0,0,0,0,1,-326.0,193.0,1006.0,1,1,0,patrol,EDGE_TURN,EDGE_TURN,WAIT,IDLE,,IDLE,,,,,IDLE,,right,0,0,,stale,直线退离完成，开始转向,550,-550,1
1.09,738.0,1390.0,1060.0,1053.0,0.7492,1.5099,0.7718,1.2685,1.0202,0,0,0,0,0,0,1,-757.0,239.0,1024.0,1,1,0,patrol,EDGE_TURN,EDGE_TURN,WAIT,IDLE,,IDLE,,,,,IDLE,,right,0,0,,stale,直线退离完成，开始转向,550,-550,1
1.11,743.0,1391.0,1060.0,1040.0,0.7554,1.506,0.7597,1.2584,1.009,0,0,0,0,0,0,1,-175.0,622.0,1047.0,1,1,0,patrol,EDGE_TURN,EDGE_TURN,WAIT,IDLE,,IDLE,,,,,IDLE,,right,0,0,,stale,直线退离完成，开始转向,550,-550,1
1.13,757.0,1379.0,1060.0,1051.0,0.7709,1.504,0.7597,1.2617,1.0163,0,0,0,0,0,0,1,-354.0,312.0,1022.0,1,0,0,patrol,EDGE_TURN,EDGE_TURN,WAIT,IDLE,,IDLE,,,,,IDLE,,right,0,0,,stale,直线退离完成，开始转向,550,-550,1
1.15,757.0,1379.0,1060.0,1051.0,0.8142,1.4821,0.7597,1.2617,1.038,0,0,0,0,0,0,1,-354.0,312.0,1022.0,1,0,0,patrol,EDGE_TURN,EDGE_TURN,WAIT,IDLE,,IDLE,,,,,IDLE,,right,0,0,,stale,直线退离完成，开始转向,550,-550,1
1.17,752.0,1362.0,1067.0,1061.0,0.8142,1.4821,0.7597,1.2617,1.038,0,0,0,0,0,0,1,-467.0,277.0,1007.0,1,0,0,patrol,EDGE_TURN,EDGE_TURN,WAIT,IDLE,,IDLE,,,,,IDLE,,right,0,0,,stale,直线退离完成，开始转向,550,-550,1
1.191,746.0,1389.0,1089.0,1072.0,0.7988,1.4821,0.7767,1.2953,1.047,0,0,0,0,0,0,1,-322.0,294.0,1020.0,1,0,0,patrol,EDGE_TURN,EDGE_TURN,WAIT,IDLE,,IDLE,,,,,IDLE,,right,0,0,,stale,直线退离完成，开始转向,550,-550,1
1.211,737.0,1408.0,1084.0,1074.0,0.7802,1.502,0.818,1.3322,1.0751,0,0,0,0,0,0,1,189.0,511.0,1018.0,1,0,0,patrol,EDGE_TURN,EDGE_TURN,WAIT,IDLE,,IDLE,,,,,IDLE,,right,0,0,,stale,直线退离完成，开始转向,550,-550,1
1.231,749.0,1402.0,1080.0,1074.0,0.7802,1.5278,0.818,1.3389,1.0784,0,0,0,0,0,0,1,-191.0,377.0,1039.0,1,0,0,patrol,EDGE_TURN,EDGE_TURN,WAIT,IDLE,,IDLE,,,,,IDLE,,right,0,0,,stale,直线退离完成，开始转向,550,-550,1
1.251,756.0,1398.0,1096.0,1082.0,0.7895,1.5278,0.818,1.3389,1.0784,0,0,0,0,0,0,1,-470.0,229.0,1022.0,1,0,0,patrol,EDGE_TURN,EDGE_TURN,WAIT,IDLE,,IDLE,,,,,IDLE,,right,0,0,,stale,直线退离完成，开始转向,550,-550,1
1.271,758.0,1382.0,1096.0,1080.0,0.8111,1.5198,0.8471,1.3591,1.1031,0,0,0,0,0,0,1,1367.0,231.0,1005.0,1,0,0,patrol,EDGE_TURN,EDGE_TURN,WAIT,IDLE,,IDLE,,,,,IDLE,,right,0,0,,stale,直线退离完成，开始转向,550,-550,1
1.291,765.0,1387.0,1097.0,1082.0,0.8173,1.498,0.8471,1.3658,1.1064,0,0,0,0,0,0,1,-5.0,345.0,1021.0,1,0,0,patrol,EDGE_TURN,EDGE_TURN,WAIT,IDLE,,IDLE,,,,,IDLE,,right,0,0,,stale,直线退离完成，开始转向,550,-550,1
1.311,776.0,1408.0,1103.0,1067.0,0.839,1.498,0.8495,1.3591,1.1043,0,0,0,0,0,0,1,20.0,311.0,989.0,1,0,0,patrol,EDGE_TURN,EDGE_TURN,WAIT,IDLE,,IDLE,,,,,IDLE,,right,0,0,,stale,直线退离完成，开始转向,550,-550,1
1.332,777.0,1393.0,1094.0,1072.0,0.8731,1.5099,0.8495,1.3322,1.1026,0,0,0,0,0,0,1,582.0,653.0,1015.0,1,0,0,patrol,EDGE_TURN,EDGE_TURN,WAIT,IDLE,,IDLE,,,,,IDLE,,right,0,0,,stale,直线退离完成，开始转向,550,-550,1
1.352,777.0,1376.0,1108.0,1070.0,0.8762,1.5099,0.8641,1.3255,1.1008,0,0,0,0,0,0,1,-3.0,78.0,986.0,1,0,0,patrol,EDGE_TURN,EDGE_TURN,WAIT,IDLE,,IDLE,,,,,IDLE,,right,0,0,,stale,直线退离完成，开始转向,550,-550,1
1.372,772.0,1350.0,1104.0,1055.0,0.8762,1.4762,0.8665,1.3255,1.1008,0,0,0,0,0,0,1,-4.0,231.0,1007.0,1,0,0,patrol,EDGE_TURN,EDGE_TURN,WAIT,IDLE,,IDLE,,,,,IDLE,,right,0,0,,stale,直线退离完成，开始转向,550,-550,1
1.392,752.0,1321.0,1092.0,1056.0,0.8607,1.4246,0.8665,1.2785,1.0725,0,0,1,0,0,0,1,-193.0,238.0,973.0,1,0,0,patrol,EDGE_TURN,EDGE_TURN,WAIT,IDLE,,IDLE,,,,,IDLE,,right,0,0,,stale,直线退离完成，开始转向,550,-550,1
1.412,754.0,1316.0,1068.0,1048.0,0.805,1.3671,0.8374,1.2752,1.0563,0,0,1,0,0,0,1,-11.0,212.0,1013.0,1,0,0,patrol,EDGE_TURN,EDGE_TURN,WAIT,IDLE,,IDLE,,,,,IDLE,,right,0,0,,stale,直线退离完成，开始转向,550,-550,1
1.433,772.0,1336.0,1082.0,1038.0,0.805,1.3671,0.8131,1.2517,1.0324,0,0,1,0,0,0,1,-4.0,344.0,972.0,1,0,0,patrol,EDGE_TURN,EDGE_TURN,WAIT,IDLE,,IDLE,,,,,IDLE,,right,0,0,,stale,直线退离完成，开始转向,550,-550,1
1.454,779.0,1316.0,1074.0,1028.0,0.8607,1.3571,0.7937,1.2181,1.0394,0,0,1,0,0,0,1,-4.0,442.0,990.0,1,0,0,patrol,EDGE_TURN,EDGE_TURN,WAIT,IDLE,,IDLE,,,,,IDLE,,right,0,0,,stale,直线退离完成，开始转向,550,-550,1
1.474,784.0,1305.0,1074.0,1027.0,0.8824,1.3571,0.7937,1.1846,1.0335,0,0,0,0,0,0,1,-5.0,206.0,997.0,1,0,0,patrol,EDGE_TURN,EDGE_TURN,WAIT,IDLE,,IDLE,,,,,IDLE,,right,0,0,,stale,直线退离完成，开始转向,550,-550,1
1.494,790.0,1307.0,1093.0,1013.0,0.8978,1.3393,0.7937,1.1812,1.0395,0,0,0,0,0,0,1,-4.0,833.0,1016.0,1,0,0,patrol,EDGE_TURN,EDGE_TURN,WAIT,IDLE,,IDLE,,,,,IDLE,,right,0,0,,stale,直线退离完成，开始转向,550,-550,1
1.514,789.0,1312.0,1091.0,1001.0,0.9133,1.3393,0.835,1.1342,1.0238,0,0,0,0,0,0,1,-3.0,526.0,1008.0,1,0,0,patrol,RECOVER_FORWARD,RECOVER_FORWARD,WAIT,IDLE,,IDLE,,,,,IDLE,,,0,0,,stale,转向完成，向前离开边缘,400,400,1
1.534,795.0,1312.0,1093.0,1024.0,0.9164,1.3492,0.8398,1.1342,1.0253,0,0,0,0,0,0,1,-11.0,392.0,990.0,1,0,0,patrol,RECOVER_FORWARD,RECOVER_FORWARD,WAIT,IDLE,,IDLE,,,,,IDLE,,,0,0,,stale,转向完成，向前离开边缘,400,400,1
1.554,794.0,1292.0,1073.0,991.0,0.9288,1.3492,0.835,1.094,1.0114,0,0,0,0,0,0,1,-6.0,126.0,1030.0,1,0,0,patrol,RECOVER_FORWARD,RECOVER_FORWARD,WAIT,IDLE,,IDLE,,,,,IDLE,,,0,0,,stale,转向完成，向前离开边缘,400,400,1
1.574,794.0,1292.0,1073.0,991.0,0.9288,1.3095,0.7913,1.0604,0.9946,0,0,0,0,0,0,1,-6.0,126.0,1030.0,1,0,0,patrol,RECOVER_FORWARD,RECOVER_FORWARD,WAIT,IDLE,,IDLE,,,,,IDLE,,,0,0,,stale,转向完成，向前离开边缘,400,400,1
1.594,803.0,1296.0,1079.0,993.0,0.9288,1.3095,0.7913,1.0604,0.9946,0,0,0,0,0,0,1,-3.0,327.0,989.0,1,0,0,patrol,RECOVER_FORWARD,RECOVER_FORWARD,WAIT,IDLE,,IDLE,,,,,IDLE,,,0,0,1,no_target,转向完成，向前离开边缘,400,400,1
1.615,814.0,1304.0,1096.0,1018.0,0.9567,1.3175,0.8058,1.0671,1.0119,0,0,0,0,0,0,1,-4.0,360.0,990.0,1,0,0,patrol,RECOVER_FORWARD,RECOVER_FORWARD,WAIT,IDLE,,IDLE,,,,,IDLE,,,0,0,1,no_target,转向完成，向前离开边缘,400,400,1
1.635,811.0,1298.0,1091.0,1004.0,0.9814,1.3214,0.835,1.104,1.0427,0,0,0,0,0,0,1,-1.0,311.0,972.0,1,0,0,patrol,RECOVER_FORWARD,RECOVER_FORWARD,WAIT,IDLE,,IDLE,,,,,IDLE,,,0,0,1,no_target,转向完成，向前离开边缘,400,400,1
1.655,808.0,1295.0,1088.0,993.0,0.9814,1.3214,0.835,1.104,1.0427,0,0,0,0,0,0,1,-4.0,73.0,994.0,1,0,0,patrol,RECOVER_FORWARD,RECOVER_FORWARD,WAIT,IDLE,,IDLE,,,,,IDLE,,,0,0,1,no_target,转向完成，向前离开边缘,400,400,1
1.675,810.0,1311.0,1113.0,994.0,0.9783,1.3214,0.835,1.0705,1.0244,0,0,0,0,0,0,1,-4.0,198.0,1007.0,1,0,0,patrol,RECOVER_FORWARD,RECOVER_FORWARD,WAIT,IDLE,,IDLE,,,,,IDLE,,,0,0,1,no_target,转向完成，向前离开边缘,400,400,1
1.695,807.0,1318.0,1117.0,994.0,0.9721,1.3472,0.8883,1.0705,1.0213,0,0,0,0,0,0,1,-4.0,719.0,959.0,1,0,0,patrol,RECOVER_FORWARD,RECOVER_FORWARD,WAIT,IDLE,,IDLE,,,,,IDLE,,,0,0,1,no_target,转向完成，向前离开边缘,400,400,1
1.715,800.0,1317.0,1120.0,990.0,0.969,1.3591,0.8981,1.0705,1.0198,0,0,0,0,0,0,1,-4.0,345.0,985.0,1,0,0,patrol,RECOVER_FORWARD,RECOVER_FORWARD,WAIT,IDLE,,IDLE,,,,,IDLE,,,0,0,1,no_target,转向完成，向前离开边缘,400,400,1
1.735,798.0,1336.0,1125.0,993.0,0.9474,1.3611,0.9053,1.0671,1.0072,0,0,0,0,0,0,1,9.0,233.0,1004.0,1,0,0,patrol,RECOVER_FORWARD,RECOVER_FORWARD,WAIT,IDLE,,IDLE,,,,,IDLE,,,0,0,1,no_target,转向完成，向前离开边缘,400,400,1
1.756,802.0,1354.0,1133.0,1001.0,0.9474,1.3968,0.9175,1.0671,1.0072,0,0,0,0,0,0,1,-9.0,176.0,989.0,1,0,0,patrol,RECOVER_FORWARD,RECOVER_FORWARD,WAIT,IDLE,,IDLE,,,,,IDLE,,,0,0,2,no_target,转向完成，向前离开边缘,400,400,1
1.776,806.0,1344.0,1131.0,995.0,0.9536,1.4127,0.932,1.0738,1.0137,0,0,0,1,0,0,1,102.0,377.0,990.0,1,0,0,patrol,RECOVER_FORWARD,RECOVER_FORWARD,WAIT,IDLE,,IDLE,,,,,IDLE,,,0,0,2,no_target,转向完成，向前离开边缘,400,400,1
1.796,809.0,1344.0,1132.0,990.0,0.9659,1.4127,0.9345,1.0738,1.0199,0,0,0,1,0,0,1,22.0,345.0,1031.0,1,0,0,patrol,RECOVER_FORWARD,RECOVER_FORWARD,WAIT,IDLE,,IDLE,,,,,IDLE,,,0,0,2,no_target,转向完成，向前离开边缘,400,400,1
1.816,814.0,1332.0,1129.0,985.0,0.9752,1.4127,0.932,1.057,1.0161,0,0,0,1,0,0,1,-5.0,340.0,988.0,1,0,0,patrol,RECOVER_FORWARD,RECOVER_FORWARD,WAIT,IDLE,,IDLE,,,,,IDLE,,,0,0,2,no_target,转向完成，向前离开边缘,400,400,1
1.836,821.0,1344.0,1130.0,989.0,0.9907,1.4127,0.9296,1.0537,1.0222,0,0,0,1,0,0,1,-5.0,457.0,990.0,1,0,0,patrol,RECOVER_FORWARD,RECOVER_FORWARD,WAIT,IDLE,,IDLE,,,,,IDLE,,,0,0,2,no_target,转向完成，向前离开边缘,400,400,1
1.857,826.0,1346.0,1133.0,994.0,1.0124,1.4127,0.9296,1.0537,1.033,0,0,0,1,0,0,1,-5.0,159.0,1004.0,1,0,0,patrol,RECOVER_FORWARD,RECOVER_FORWARD,WAIT,IDLE,,IDLE,,,,,IDLE,,,0,0,2,no_target,转向完成，向前离开边缘,400,400,1
1.877,826.0,1347.0,1129.0,993.0,1.0279,1.4167,0.9296,1.0671,1.0475,0,0,0,1,0,0,1,-158.0,112.0,1004.0,1,0,0,patrol,RECOVER_FORWARD,RECOVER_FORWARD,WAIT,IDLE,,IDLE,,,,,IDLE,,,0,0,2,no_target,转向完成，向前离开边缘,400,400,1
1.897,830.0,1352.0,1136.0,1001.0,1.0279,1.4187,0.9369,1.0705,1.0492,0,0,0,1,0,0,1,-205.0,230.0,1006.0,1,0,0,patrol,RECOVER_FORWARD,RECOVER_FORWARD,WAIT,IDLE,,IDLE,,,,,IDLE,,,0,0,3,no_target,转向完成，向前离开边缘,400,400,1
1.918,833.0,1350.0,1138.0,1001.0,1.0402,1.4246,0.9442,1.094,1.0671,0,0,0,1,0,0,1,-4.0,343.0,990.0,1,0,0,patrol,RECOVER_FORWARD,RECOVER_FORWARD,WAIT,IDLE,,IDLE,,,,,IDLE,,,0,0,3,no_target,转向完成，向前离开边缘,400,400,1
1.938,837.0,1366.0,1146.0,1005.0,1.0495,1.4286,0.949,1.094,1.0717,0,0,0,1,0,0,1,186.0,344.0,988.0,1,0,0,patrol,RECOVER_FORWARD,RECOVER_FORWARD,WAIT,IDLE,,IDLE,,,,,IDLE,,,0,0,3,no_target,转向完成，向前离开边缘,400,400,1
1.958,840.0,1362.0,1144.0,1007.0,1.0619,1.4484,0.9636,1.1074,1.0847,0,0,0,1,0,0,1,36.0,356.0,989.0,1,0,0,patrol,RECOVER_FORWARD,RECOVER_FORWARD,WAIT,IDLE,,IDLE,,,,,IDLE,,,0,0,3,no_target,转向完成，向前离开边缘,400,400,1
1.978,842.0,1367.0,1139.0,1006.0,1.0712,1.4563,0.9636,1.1107,1.091,0,0,0,1,0,0,1,184.0,368.0,1007.0,1,0,0,patrol,RECOVER_FORWARD,RECOVER_FORWARD,WAIT,IDLE,,IDLE,,,,,IDLE,,,0,0,3,no_target,转向完成，向前离开边缘,400,400,1
1.998,848.0,1365.0,1124.0,998.0,1.0774,1.4544,0.9515,1.1107,1.0941,0,0,0,1,0,0,1,-5.0,361.0,1007.0,1,0,0,patrol,RECOVER_FORWARD,RECOVER_FORWARD,WAIT,IDLE,,IDLE,,,,,IDLE,,,0,0,3,no_target,转向完成，向前离开边缘,400,400,1
2.018,845.0,1363.0,1110.0,986.0,1.0867,1.4544,0.915,1.0839,1.0853,0,0,0,1,0,0,1,30.0,227.0,1006.0,1,0,0,patrol,RECOVER_FORWARD,RECOVER_FORWARD,WAIT,IDLE,,IDLE,,,,,IDLE,,,0,0,3,no_target,转向完成，向前离开边缘,400,400,1
2.038,845.0,1374.0,1127.0,996.0,1.0867,1.4544,0.915,1.0772,1.0819,0,0,0,1,0,0,1,-4.0,376.0,1006.0,1,0,0,patrol,RECOVER_FORWARD,RECOVER_FORWARD,WAIT,IDLE,,IDLE,,,,,IDLE,,,0,0,3,no_target,转向完成，向前离开边缘,400,400,1
2.059,836.0,1377.0,1150.0,1011.0,1.0867,1.4722,0.9223,1.0772,1.0819,0,0,0,1,0,0,1,-3.0,376.0,1024.0,1,0,0,patrol,RECOVER_FORWARD,RECOVER_FORWARD,WAIT,IDLE,,IDLE,,,,,IDLE,,,0,0,3,no_target,转向完成，向前离开边缘,400,400,1
2.079,836.0,1377.0,1150.0,1011.0,1.0588,1.4782,0.9782,1.1275,1.0932,0,0,0,1,0,0,1,-3.0,376.0,1024.0,1,0,0,patrol,RECOVER_FORWARD,RECOVER_FORWARD,WAIT,IDLE,,IDLE,,,,,IDLE,,,0,0,4,no_target,转向完成，向前离开边缘,400,400,1
2.099,844.0,1385.0,1166.0,1032.0,1.0588,1.4782,0.9782,1.1275,1.0932,0,0,0,1,0,0,1,7.0,409.0,1036.0,1,0,0,patrol,RECOVER_FORWARD,RECOVER_FORWARD,WAIT,IDLE,,IDLE,,,,,IDLE,,,0,0,4,no_target,转向完成，向前离开边缘,400,400,1
2.119,847.0,1358.0,1151.0,1033.0,1.0836,1.4782,0.9806,1.198,1.1408,0,0,0,1,0,0,1,33.0,1044.0,1024.0,1,0,0,patrol,RECOVER_FORWARD,RECOVER_FORWARD,WAIT,IDLE,,IDLE,,,,,IDLE,,,0,0,4,no_target,转向完成，向前离开边缘,400,400,1
2.139,848.0,1352.0,1146.0,1034.0,1.0929,1.4405,0.9806,1.2013,1.1471,0,0,0,1,0,0,1,-3.0,279.0,1024.0,1,0,0,patrol,RECOVER_FORWARD,RECOVER_FORWARD,WAIT,IDLE,,IDLE,,,,,IDLE,,,0,0,4,no_target,转向完成，向前离开边缘,400,400,1
2.159,860.0,1376.0,1166.0,1040.0,1.096,1.4405,0.9806,1.2047,1.1503,0,0,0,1,0,0,1,152.0,817.0,1041.0,1,0,0,patrol,RECOVER_FORWARD,RECOVER_FORWARD,WAIT,IDLE,,IDLE,,,,,IDLE,,,0,0,4,no_target,转向完成，向前离开边缘,400,400,1
2.18,857.0,1368.0,1167.0,1032.0,1.1238,1.4603,1.017,1.2047,1.1643,0,0,0,1,0,0,1,-3.0,494.0,1052.0,1,0,0,patrol,RECOVER_FORWARD,RECOVER_FORWARD,WAIT,IDLE,,IDLE,,,,,IDLE,,,0,0,4,no_target,转向完成，向前离开边缘,400,400,1
2.2,869.0,1396.0,1186.0,1042.0,1.1331,1.4762,1.0194,1.2248,1.179,0,0,0,1,0,0,1,-3.0,475.0,1053.0,1,0,0,patrol,RECOVER_FORWARD,RECOVER_FORWARD,WAIT,IDLE,,IDLE,,,,,IDLE,,,0,0,4,no_target,转向完成，向前离开边缘,400,400,1
2.22,874.0,1402.0,1190.0,1032.0,1.161,1.5159,1.0655,1.198,1.1795,0,0,0,1,0,0,1,102.0,474.0,1040.0,1,0,0,patrol,RECOVER_FORWARD,RECOVER_FORWARD,WAIT,IDLE,,IDLE,,,,,IDLE,,,0,0,5,no_target,转向完成，向前离开边缘,400,400,1
2.24,875.0,1412.0,1190.0,1024.0,1.1765,1.5278,1.0752,1.198,1.1872,0,0,0,1,0,0,1,0.0,327.0,1068.0,1,0,0,patrol,RECOVER_FORWARD,RECOVER_FORWARD,WAIT,IDLE,,IDLE,,,,,IDLE,,,0,0,5,no_target,转向完成，向前离开边缘,400,400,1
2.26,875.0,1435.0,1199.0,1041.0,1.1796,1.5476,1.0752,1.198,1.1888,0,0,0,1,0,0,1,10.0,510.0,1052.0,1,0,0,patrol,RECOVER_FORWARD,RECOVER_FORWARD,WAIT,IDLE,,IDLE,,,,,IDLE,,,0,0,5,no_target,转向完成，向前离开边缘,400,400,1
2.28,878.0,1420.0,1185.0,1048.0,1.1796,1.5635,1.0752,1.2282,1.2039,0,0,0,1,0,0,1,0.0,560.0,1072.0,1,0,0,patrol,RECOVER_FORWARD,RECOVER_FORWARD,WAIT,IDLE,,IDLE,,,,,IDLE,,,0,0,5,no_target,转向完成，向前离开边缘,400,400,1
2.3,902.0,1437.0,1198.0,1064.0,1.1889,1.5933,1.0947,1.2517,1.2203,0,0,0,1,0,0,1,-4.0,510.0,1040.0,1,0,0,patrol,RECOVER_FORWARD,RECOVER_FORWARD,WAIT,IDLE,,IDLE,,,,,IDLE,,,0,0,5,no_target,转向完成，向前离开边缘,400,400,1
2.32,917.0,1455.0,1214.0,1075.0,1.2632,1.5972,1.0947,1.3054,1.2843,0,0,0,1,0,0,1,8.0,509.0,1007.0,1,0,0,patrol,RECOVER_FORWARD,RECOVER_FORWARD,WAIT,IDLE,,IDLE,,,,,IDLE,,,0,0,5,no_target,转向完成，向前离开边缘,400,400,1
2.341,934.0,1473.0,1226.0,1086.0,1.3096,1.6329,1.1335,1.3423,1.3259,0,0,0,1,0,0,1,-3.0,787.0,1024.0,1,0,0,patrol,RECOVER_FORWARD,RECOVER_FORWARD,WAIT,IDLE,,IDLE,,,,,IDLE,,,0,0,5,no_target,转向完成，向前离开边缘,400,400,1
2.361,949.0,1483.0,1246.0,1099.0,1.3622,1.6687,1.1626,1.3792,1.3707,0,0,0,1,0,0,1,10.0,329.0,990.0,1,0,0,patrol,RECOVER_FORWARD,RECOVER_FORWARD,WAIT,IDLE,,IDLE,,,,,IDLE,,,0,0,6,no_target,转向完成，向前离开边缘,400,400,1
2.381,962.0,1486.0,1259.0,1085.0,1.4087,1.6885,1.2112,1.3792,1.3939,0,0,0,1,0,0,1,-18.0,441.0,990.0,1,0,0,patrol,RECOVER_FORWARD,RECOVER_FORWARD,WAIT,IDLE,,IDLE,,,,,IDLE,,,0,0,6,no_target,转向完成，向前离开边缘,400,400,1
2.401,964.0,1495.0,1261.0,1120.0,1.4489,1.6944,1.2427,1.4228,1.4359,0,0,0,0,0,0,1,-5.0,441.0,1009.0,1,0,0,patrol,RECOVER_FORWARD,RECOVER_FORWARD,WAIT,IDLE,,IDLE,,,,,IDLE,,,0,0,6,no_target,转向完成，向前离开边缘,400,400,1
2.421,979.0,1524.0,1271.0,1130.0,1.4551,1.7123,1.2476,1.4933,1.4742,0,0,0,0,0,0,1,36.0,280.0,991.0,1,0,0,patrol,RECOVER_FORWARD,RECOVER_FORWARD,WAIT,IDLE,,IDLE,,,,,IDLE,,,0,0,6,no_target,转向完成，向前离开边缘,400,400,1
2.441,985.0,1528.0,1271.0,1139.0,1.5015,1.7698,1.2718,1.5268,1.5142,0,0,0,0,0,0,1,25.0,41.0,988.0,1,0,0,patrol,RECOVER_FORWARD,RECOVER_FORWARD,WAIT,IDLE,,IDLE,,,,,IDLE,,,0,0,6,no_target,转向完成，向前离开边缘,400,400,1
2.461,989.0,1502.0,1271.0,1131.0,1.5201,1.7698,1.2718,1.5302,1.5252,0,0,0,0,0,0,1,68.0,866.0,991.0,1,0,0,patrol,RECOVER_FORWARD,RECOVER_FORWARD,WAIT,IDLE,,IDLE,,,,,IDLE,,,0,0,6,no_target,转向完成，向前离开边缘,400,400,1
2.482,1006.0,1515.0,1274.0,1132.0,1.5325,1.752,1.2718,1.5336,1.533,0,0,0,0,0,0,1,-4.0,1071.0,990.0,1,0,0,patrol,RECOVER_FORWARD,RECOVER_FORWARD,WAIT,IDLE,,IDLE,,,,,IDLE,,,0,0,6,no_target,转向完成，向前离开边缘,400,400,1
2.502,1016.0,1543.0,1301.0,1157.0,1.5851,1.752,1.2791,1.5336,1.5593,0,0,0,0,0,0,1,24.0,410.0,989.0,1,0,0,patrol,RECOVER_FORWARD,RECOVER_FORWARD,WAIT,IDLE,,IDLE,,,,,IDLE,,,0,0,7,no_target,转向完成，向前离开边缘,400,400,1
2.522,1016.0,1543.0,1301.0,1157.0,1.6161,1.8075,1.3447,1.6174,1.6168,0,0,0,0,0,0,1,24.0,410.0,989.0,1,0,0,patrol,RECOVER_FORWARD,RECOVER_FORWARD,WAIT,IDLE,,IDLE,,,,,IDLE,,,0,0,7,no_target,转向完成，向前离开边缘,400,400,1
2.542,1024.0,1552.0,1317.0,1171.0,1.6161,1.8075,1.3447,1.6174,1.6168,0,0,0,0,0,0,1,16.0,426.0,989.0,1,0,0,patrol,RECOVER_FORWARD,RECOVER_FORWARD,WAIT,IDLE,,IDLE,,,,,IDLE,,,0,0,7,no_target,转向完成，向前离开边缘,400,400,1
2.562,1036.0,1571.0,1336.0,1183.0,1.6409,1.8254,1.3835,1.6644,1.6526,0,0,0,0,0,0,1,8.0,263.0,985.0,1,0,0,patrol,RECOVER_FORWARD,RECOVER_FORWARD,WAIT,IDLE,,IDLE,,,,,IDLE,,,0,0,7,no_target,转向完成，向前离开边缘,400,400,1
2.582,1050.0,1579.0,1347.0,1179.0,1.678,1.8631,1.4296,1.6913,1.6846,0,0,0,0,0,0,1,183.0,283.0,991.0,1,0,0,patrol,RECOVER_FORWARD,RECOVER_FORWARD,WAIT,IDLE,,IDLE,,,,,IDLE,,,0,0,7,no_target,转向完成，向前离开边缘,400,400,1
2.602,1066.0,1570.0,1357.0,1185.0,1.7214,1.8631,1.4563,1.7047,1.713,0,0,0,0,0,0,1,-5.0,280.0,990.0,1,0,0,patrol,RECOVER_FORWARD,RECOVER_FORWARD,WAIT,IDLE,,IDLE,,,,,IDLE,,,0,0,7,no_target,转向完成，向前离开边缘,400,400,1
2.622,1071.0,1572.0,1364.0,1187.0,1.7709,1.8651,1.4806,1.7114,1.7412,0,0,0,0,0,0,1,64.0,653.0,1024.0,1,0,0,patrol,RECOVER_FORWARD,RECOVER_FORWARD,WAIT,IDLE,,IDLE,,,,,IDLE,,,0,0,7,no_target,转向完成，向前离开边缘,400,400,1
2.643,1076.0,1587.0,1364.0,1200.0,1.7864,1.8651,1.4976,1.7181,1.7522,0,0,0,0,0,0,1,34.0,588.0,1024.0,1,0,0,patrol,RECOVER_FORWARD,RECOVER_FORWARD,WAIT,IDLE,,IDLE,,,,,IDLE,,,0,0,7,no_target,转向完成，向前离开边缘,400,400,1
2.663,1090.0,1589.0,1367.0,1213.0,1.8019,1.8948,1.4976,1.7617,1.7818,0,0,0,0,0,0,1,-2.0,314.0,1024.0,1,0,0,patrol,RECOVER_FORWARD,RECOVER_FORWARD,WAIT,IDLE,,IDLE,,,,,IDLE,,,0,0,7,no_target,转向完成，向前离开边缘,400,400,1
2.683,1096.0,1616.0,1379.0,1220.0,1.8452,1.8988,1.5049,1.8054,1.8253,0,0,0,0,0,0,1,25.0,411.0,1005.0,1,0,0,patrol,RECOVER_FORWARD,RECOVER_FORWARD,WAIT,IDLE,,IDLE,,,,,IDLE,,,0,0,7,no_target,转向完成，向前离开边缘,400,400,1
2.703,1102.0,1626.0,1384.0,1232.0,1.8638,1.9524,1.534,1.8289,1.8463,0,0,0,0,0,0,1,86.0,411.0,990.0,1,0,0,patrol,RECOVER_FORWARD,RECOVER_FORWARD,WAIT,IDLE,,IDLE,,,,,IDLE,,,0,0,7,no_target,转向完成，向前离开边缘,400,400,1
2.723,1118.0,1647.0,1401.0,1255.0,1.8824,1.9722,1.5461,1.8691,1.8757,0,0,0,0,0,0,1,-3.0,510.0,1008.0,1,0,0,patrol,RECOVER_FORWARD,RECOVER_FORWARD,WAIT,IDLE,,IDLE,,,,,IDLE,,,0,0,7,no_target,转向完成，向前离开边缘,400,400,1
2.743,1130.0,1671.0,1418.0,1274.0,1.9319,2.0139,1.5874,1.9463,1.9391,0,0,0,0,0,0,1,234.0,672.0,1008.0,1,0,0,patrol,RECOVER_FORWARD,RECOVER_FORWARD,WAIT,IDLE,,IDLE,,,,,IDLE,,,0,0,8,no_target,转向完成，向前离开边缘,400,400,1
2.764,1137.0,1669.0,1419.0,1277.0,1.969,2.0575,1.6286,2.0101,1.9896,0,0,0,0,0,0,1,-4.0,280.0,1019.0,1,0,0,patrol,RECOVER_FORWARD,RECOVER_FORWARD,WAIT,IDLE,,IDLE,,,,,IDLE,,,0,0,8,no_target,转向完成，向前离开边缘,400,400,1
2.784,1144.0,1676.0,1431.0,1291.0,1.9907,2.0615,1.6311,2.0201,2.0054,0,0,0,0,0,0,1,-5.0,666.0,768.0,1,0,0,patrol,RECOVER_FORWARD,RECOVER_FORWARD,WAIT,IDLE,,IDLE,,,,,IDLE,,,0,0,8,no_target,转向完成，向前离开边缘,400,400,1
2.804,1150.0,1690.0,1432.0,1302.0,2.0124,2.0714,1.6602,2.0671,2.0397,0,0,0,0,0,0,1,-10.0,803.0,1009.0,1,0,0,patrol,RECOVER_FORWARD,RECOVER_FORWARD,WAIT,IDLE,,IDLE,,,,,IDLE,,,0,0,8,no_target,转向完成，向前离开边缘,400,400,1
2.824,1164.0,1723.0,1452.0,1333.0,2.031,2.0992,1.6626,2.104,2.0651,0,0,0,0,0,0,1,-134.0,443.0,1007.0,1,0,0,patrol,RECOVER_FORWARD,RECOVER_FORWARD,WAIT,IDLE,,IDLE,,,,,IDLE,,,0,0,8,no_target,转向完成，向前离开边缘,400,400,1
2.844,1169.0,1725.0,1453.0,1334.0,2.0743,2.1647,1.7112,2.2081,2.1195,0,0,0,0,0,0,1,149.0,264.0,1006.0,1,0,0,patrol,RECOVER_FORWARD,RECOVER_FORWARD,WAIT,IDLE,,IDLE,,,,,IDLE,,,0,0,8,no_target,转向完成，向前离开边缘,400,400,1
2.864,1162.0,1732.0,1454.0,1329.0,2.0743,2.1687,1.7136,2.2081,2.1215,0,0,0,0,0,0,1,-4.0,408.0,989.0,1,0,0,patrol,RECOVER_FORWARD,RECOVER_FORWARD,WAIT,IDLE,,IDLE,,,,,IDLE,,,0,0,8,no_target,转向完成，向前离开边缘,400,400,1
2.885,1149.0,1756.0,1475.0,1350.0,2.0681,2.1825,1.716,2.2114,2.1253,0,0,0,0,0,0,1,15.0,418.0,990.0,1,0,0,patrol,RECOVER_FORWARD,RECOVER_FORWARD,WAIT,IDLE,,IDLE,,,,,IDLE,,,0,0,9,no_target,转向完成，向前离开边缘,400,400,1
2.905,1149.0,1756.0,1475.0,1350.0,2.0279,2.2302,1.767,2.2651,2.129,0,0,0,0,0,0,1,15.0,418.0,990.0,1,0,0,patrol,RECOVER_FORWARD,RECOVER_FORWARD,WAIT,IDLE,,IDLE,,,,,IDLE,,,0,0,9,no_target,转向完成，向前离开边缘,400,400,1
2.925,1085.0,1783.0,1498.0,1354.0,2.0279,2.2302,1.767,2.2651,2.129,0,0,0,0,0,0,1,-4.0,379.0,988.0,1,0,0,patrol,RECOVER_FORWARD,RECOVER_FORWARD,WAIT,IDLE,,IDLE,,,,,IDLE,,,0,0,9,no_target,转向完成，向前离开边缘,400,400,1
2.945,983.0,1792.0,1498.0,1365.0,1.8297,2.2837,1.8228,2.2785,2.0541,0,0,0,0,0,0,1,-4.0,640.0,974.0,1,0,0,patrol,RECOVER_FORWARD,RECOVER_FORWARD,WAIT,IDLE,,IDLE,,,,,IDLE,,,0,0,9,no_target,转向完成，向前离开边缘,400,400,1
2.966,925.0,1774.0,1494.0,1365.0,1.5139,2.2837,1.8228,2.3154,2.0533,0,0,0,0,0,0,1,128.0,736.0,1025.0,1,0,0,patrol,RECOVER_FORWARD,RECOVER_FORWARD,WAIT,IDLE,,IDLE,,,,,IDLE,,,0,0,9,no_target,转向完成，向前离开边缘,400,400,1
2.986,885.0,1797.0,1490.0,1366.0,1.3344,2.3016,1.8131,2.3154,2.0573,0,0,0,0,0,0,1,36.0,346.0,986.0,1,0,0,patrol,RECOVER_FORWARD,RECOVER_FORWARD,WAIT,IDLE,,IDLE,,,,,IDLE,,,0,0,9,no_target,转向完成，向前离开边缘,400,400,1
3.006,890.0,1808.0,1508.0,1377.0,1.226,2.3115,1.8131,2.3188,2.0623,0,0,0,0,0,0,1,118.0,704.0,989.0,1,0,0,patrol,RECOVER_FORWARD,RECOVER_FORWARD,WAIT,IDLE,,IDLE,,,,,IDLE,,,0,0,9,no_target,转向完成，向前离开边缘,400,400,1
3.026,886.0,1809.0,1514.0,1385.0,1.2136,2.3333,1.8471,2.3557,2.0902,0,0,0,0,0,0,1,7.0,395.0,990.0,1,0,0,patrol,CRUISE,CRUISE,WAIT,IDLE,,IDLE,,,,,IDLE,,,0,0,10,no_target,已达到避边释放线，恢复中速穿越渐变区,450,450,1
3.046,890.0,1809.0,1520.0,1393.0,1.226,2.3353,1.8617,2.3826,2.0985,0,0,0,0,0,0,1,192.0,248.0,1024.0,1,0,0,patrol,CRUISE,CRUISE,WAIT,IDLE,,IDLE,,,,,IDLE,,,0,0,10,no_target,按区域分级巡航,450,450,1
3.067,894.0,1817.0,1534.0,1387.0,1.226,2.3353,1.8762,2.3893,2.1058,0,0,0,0,0,0,1,52.0,429.0,989.0,1,0,0,patrol,CRUISE,CRUISE,WAIT,IDLE,,IDLE,,,,,IDLE,,,0,0,10,no_target,按区域分级巡航,450,450,1
3.087,882.0,1824.0,1535.0,1415.0,1.226,2.3512,1.9102,2.4094,2.1307,0,0,0,0,0,0,1,53.0,249.0,987.0,1,0,0,patrol,CRUISE,CRUISE,WAIT,IDLE,,IDLE,,,,,IDLE,,,0,0,10,no_target,按区域分级巡航,450,450,1
3.108,882.0,1814.0,1533.0,1399.0,1.2012,2.3512,1.9102,2.4295,2.1307,0,0,0,0,0,0,1,207.0,375.0,1071.0,1,0,0,patrol,CRUISE,CRUISE,WAIT,IDLE,,IDLE,,,,,IDLE,,,0,0,10,no_target,按区域分级巡航,450,450,1
3.128,960.0,1823.0,1549.0,1411.0,1.2012,2.3631,1.9126,2.4698,2.1379,0,0,0,0,0,0,1,99.0,756.0,1024.0,1,0,0,patrol,CRUISE,CRUISE,WAIT,IDLE,,IDLE,,,,,IDLE,,,0,0,10,no_target,按区域分级巡航,450,450,1
3.148,1081.0,1824.0,1543.0,1421.0,1.4427,2.3631,1.932,2.4698,2.1476,0,0,0,0,0,0,1,184.0,720.0,1007.0,1,0,0,patrol,CRUISE,CRUISE,WAIT,IDLE,,IDLE,,,,,IDLE,,,0,0,10,no_target,按区域分级巡航,450,450,1
3.168,1204.0,1832.0,1515.0,1414.0,1.8173,2.3651,1.932,2.4799,2.1486,0,0,0,0,0,0,1,-5.0,379.0,988.0,1,0,0,patrol,CRUISE,CRUISE,WAIT,IDLE,,IDLE,,,,,IDLE,,,0,0,11,no_target,按区域分级巡航,450,450,1
3.189,1312.0,1755.0,1431.0,1343.0,2.1981,2.3651,1.8641,2.4799,2.2816,0,0,0,0,0,0,1,-3.0,686.0,928.0,1,0,0,patrol,CRUISE,CRUISE,WAIT,IDLE,,IDLE,,,,,IDLE,,,0,0,11,no_target,按区域分级巡航,450,450,1
3.209,1398.0,1604.0,1337.0,1190.0,2.5325,2.2282,1.6602,2.2416,2.2349,0,0,0,0,0,0,1,24.0,392.0,909.0,1,0,0,patrol,CRUISE,CRUISE,WAIT,IDLE,,IDLE,,,,,IDLE,,,0,0,11,no_target,按区域分级巡航,450,450,1
3.229,1449.0,1463.0,1261.0,1083.0,2.7988,1.9286,1.432,1.7282,1.8284,0,0,0,0,0,0,1,53.0,194.0,1083.0,1,0,0,patrol,CRUISE,CRUISE,WAIT,IDLE,,IDLE,,,,,IDLE,,,0,0,11,no_target,按区域分级巡航,450,450,1
3.249,1469.0,1448.0,1243.0,1039.0,2.9567,1.6488,1.2476,1.3691,1.509,0,0,0,0,0,0,1,-5.0,393.0,1229.0,1,0,0,patrol,CRUISE,CRUISE,WAIT,IDLE,,IDLE,,,,,IDLE,,,0,0,11,no_target,按区域分级巡航,450,450,1
3.27,1473.0,1413.0,1220.0,1018.0,3.0186,1.619,1.2039,1.2215,1.4203,0,0,0,0,0,0,1,80.0,989.0,1010.0,1,0,0,patrol,CRUISE,CRUISE,WAIT,IDLE,,IDLE,,,,,IDLE,,,0,0,11,no_target,按区域分级巡航,450,450,1
3.29,1467.0,1424.0,1207.0,1038.0,3.0186,1.5714,1.1481,1.2181,1.3948,0,0,0,0,0,0,1,-4.0,767.0,949.0,1,0,0,patrol,CRUISE,CRUISE,WAIT,IDLE,,IDLE,,,,,IDLE,,,0,0,11,no_target,按区域分级巡航,450,450,1
3.31,1481.0,1443.0,1222.0,1001.0,3.031,1.5714,1.1481,1.151,1.3612,0,0,0,0,0,0,1,-23.0,1107.0,1010.0,1,0,0,patrol,CRUISE,CRUISE,WAIT,IDLE,,IDLE,,,,,IDLE,,,0,0,12,no_target,按区域分级巡航,450,450,1
3.331,1458.0,1457.0,1233.0,1038.0,3.0124,1.6091,1.1529,1.2181,1.4136,0,0,0,0,0,0,1,6.0,757.0,1041.0,1,0,0,patrol,CRUISE,CRUISE,WAIT,IDLE,,IDLE,,,,,IDLE,,,0,0,12,no_target,按区域分级巡航,450,450,1
3.351,1352.0,1474.0,1219.0,1017.0,2.9845,1.6369,1.1529,1.1477,1.3949,0,0,0,0,0,0,1,-5.0,1104.0,1041.0,1,0,0,patrol,CRUISE,CRUISE,WAIT,IDLE,,IDLE,,,,,IDLE,,,0,0,12,no_target,按区域分级巡航,450,450,1
3.371,1181.0,1671.0,1209.0,1031.0,2.6563,1.6706,1.1456,1.1946,1.4326,0,0,0,0,0,0,1,117.0,787.0,1064.0,1,0,0,patrol,CRUISE,CRUISE,WAIT,IDLE,,IDLE,,,,,IDLE,,,0,0,12,no_target,按区域分级巡航,450,450,1
3.391,1107.0,1846.0,1213.0,1025.0,2.1269,2.0615,1.1311,1.1745,1.618,0,0,0,0,0,0,1,-4.0,544.0,1008.0,1,0,0,patrol,CRUISE,CRUISE,WAIT,IDLE,,IDLE,,,,,IDLE,,,0,0,12,no_target,按区域分级巡航,450,450,1
3.411,1218.0,1991.0,1232.0,1014.0,2.1269,2.4087,1.1311,1.1745,1.6507,0,0,0,0,0,0,1,24.0,885.0,976.0,1,0,0,patrol,CRUISE,CRUISE,WAIT,IDLE,,IDLE,,,,,IDLE,,,0,0,12,no_target,按区域分级巡航,450,450,1
3.431,1218.0,1991.0,1232.0,1014.0,2.2415,2.6964,1.1772,1.1376,1.7093,0,0,0,0,0,0,1,24.0,885.0,976.0,1,0,0,patrol,CRUISE,CRUISE,WAIT,IDLE,,IDLE,,,,,IDLE,,,0,0,12,no_target,按区域分级巡航,450,450,1
3.451,1363.0,2105.0,1225.0,998.0,2.2415,2.6964,1.1772,1.1376,1.7093,0,0,0,0,0,0,1,-3.0,607.0,989.0,1,0,0,patrol,CRUISE,CRUISE,WAIT,IDLE,,IDLE,,,,,IDLE,,,0,0,12,no_target,按区域分级巡航,450,450,1
3.471,1476.0,2168.0,1225.0,1034.0,2.6904,2.9226,1.1602,1.1376,1.9253,0,0,0,0,0,0,1,24.0,428.0,972.0,1,0,0,patrol,CRUISE,CRUISE,WAIT,IDLE,,IDLE,,,,,IDLE,,,0,0,13,no_target,按区域分级巡航,450,450,1
3.491,1524.0,2200.0,1295.0,1056.0,3.0402,3.0476,1.1602,1.2047,2.1225,0,0,0,0,0,0,1,99.0,396.0,1102.0,1,0,0,patrol,CRUISE,CRUISE,WAIT,IDLE,,IDLE,,,,,IDLE,,,0,0,13,no_target,按区域分级巡航,450,450,1
3.512,1523.0,2177.0,1438.0,1143.0,3.1858,3.0655,1.3301,1.2785,2.1978,0,0,0,0,0,0,1,-3.0,412.0,799.0,1,0,0,patrol,CRUISE,CRUISE,WAIT,IDLE,,IDLE,,,,,IDLE,,,0,0,13,no_target,按区域分级巡航,450,450,1
3.532,1529.0,2174.0,1639.0,1291.0,3.1889,3.0655,1.6772,1.5705,2.3713,0,0,0,0,0,0,1,-4.0,789.0,1007.0,1,0,0,patrol,CRUISE,CRUISE,WAIT,IDLE,,IDLE,,,,,IDLE,,,0,0,13,no_target,按区域分级巡航,450,450,1
3.552,1528.0,2177.0,1741.0,1492.0,3.2012,3.0655,2.165,2.0671,2.6153,0,0,0,0,0,0,1,-4.0,363.0,957.0,1,0,0,patrol,CRUISE,CRUISE,WAIT,IDLE,,IDLE,,,,,IDLE,,,0,0,13,no_target,按区域分级巡航,450,450,1
3.572,1497.0,2147.0,1671.0,1602.0,3.2012,3.0595,2.2427,2.7416,2.9006,0,0,0,0,0,0,1,-3.0,445.0,974.0,1,0,0,patrol,CRUISE,CRUISE,WAIT,IDLE,,IDLE,,,,,IDLE,,,0,0,13,no_target,按区域分级巡航,450,450,1
3.592,1386.0,1973.0,1689.0,1641.0,3.1053,3.006,2.2864,3.1107,3.0556,0,0,0,0,0,0,1,-4.0,445.0,957.0,1,0,0,patrol,CRUISE,CRUISE,WAIT,IDLE,,IDLE,,,,,IDLE,,,0,0,13,no_target,按区域分级巡航,450,450,1
3.612,1265.0,1746.0,1711.0,1552.0,2.7616,2.6607,2.2864,3.1107,2.7112,0,0,0,0,0,0,1,86.0,427.0,1021.0,1,0,0,patrol,CRUISE,CRUISE,WAIT,IDLE,,IDLE,,,,,IDLE,,,0,0,13,no_target,按区域分级巡航,450,450,1
3.633,1122.0,1682.0,1587.0,1313.0,2.387,2.2103,2.2864,2.943,2.3367,0,0,0,0,0,0,1,94.0,786.0,975.0,1,0,0,patrol,CRUISE,CRUISE,WAIT,IDLE,,IDLE,,,,,IDLE,,,0,0,13,no_target,按区域分级巡航,450,450,1
3.653,989.0,1865.0,1350.0,1138.0,1.9443,2.2103,2.0388,2.1409,2.0899,0,0,0,0,0,0,1,50.0,915.0,960.0,1,0,0,patrol,CRUISE,CRUISE,WAIT,IDLE,,IDLE,,,,,IDLE,,,0,0,13,no_target,按区域分级巡航,450,450,1
3.673,901.0,2063.0,1248.0,1162.0,1.5325,2.4464,1.4636,1.6342,1.5834,0,0,0,0,0,0,1,15.0,461.0,989.0,1,0,0,patrol,CRUISE,CRUISE,WAIT,IDLE,,IDLE,,,,,IDLE,,,0,0,13,no_target,按区域分级巡航,450,450,1
3.693,827.0,2152.0,1231.0,1415.0,1.2601,2.8393,1.216,1.6342,1.4471,0,0,0,0,0,0,1,16.0,620.0,973.0,1,0,0,patrol,CRUISE,CRUISE,WAIT,IDLE,,IDLE,,,,,IDLE,,,0,0,13,no_target,按区域分级巡航,450,450,1
3.713,831.0,2199.0,1352.0,1621.0,1.0433,3.0159,1.216,2.4832,1.8496,0,0,0,0,0,0,1,-5.0,487.0,974.0,1,0,0,patrol,CRUISE,CRUISE,WAIT,IDLE,,IDLE,,,,,IDLE,,,0,0,13,no_target,按区域分级巡航,450,450,1
3.733,1031.0,2253.0,1588.0,1684.0,1.0433,3.1091,1.4684,3.1745,2.2888,0,0,0,0,0,0,1,156.0,27.0,988.0,1,0,0,patrol,CRUISE,CRUISE,WAIT,IDLE,,IDLE,,,,,IDLE,,,0,0,13,no_target,按区域分级巡航,450,450,1
3.753,1288.0,2237.0,1494.0,1689.0,1.6625,3.1845,1.8131,3.3859,2.4988,0,0,0,0,0,0,1,-102.0,231.0,1109.0,1,0,0,patrol,CRUISE,CRUISE,WAIT,IDLE,,IDLE,,,,,IDLE,,,0,0,13,no_target,按区域分级巡航,450,450,1
3.773,1434.0,2231.0,1317.0,1688.0,2.4582,3.1845,1.8131,3.3993,2.8214,0,0,0,0,0,0,1,31.0,190.0,1007.0,1,0,0,patrol,CRUISE,CRUISE,WAIT,IDLE,,IDLE,,,,,IDLE,,,0,0,13,no_target,按区域分级巡航,450,450,1
3.793,1482.0,2179.0,1237.0,1669.0,2.9102,3.1726,1.3835,3.3993,3.0414,0,0,0,0,0,0,1,101.0,63.0,1038.0,1,0,0,patrol,CRUISE,CRUISE,WAIT,IDLE,,IDLE,,,,,IDLE,,,0,0,13,no_target,按区域分级巡航,450,450,1
3.814,1493.0,2009.0,1217.0,1568.0,3.0588,3.0694,1.1893,3.3356,3.0641,0,0,0,0,0,0,1,7.0,197.0,1078.0,1,0,0,patrol,CRUISE,CRUISE,WAIT,IDLE,,IDLE,,,,,IDLE,,,0,0,13,no_target,按区域分级巡航,450,450,1
3.834,1493.0,1815.0,1206.0,1337.0,3.0929,2.7321,1.1408,2.9966,2.8644,0,0,0,0,0,0,1,-77.0,113.0,1052.0,1,0,0,patrol,CRUISE,CRUISE,WAIT,IDLE,,IDLE,,,,,IDLE,,,0,0,13,no_target,按区域分级巡航,450,450,1
3.858,1504.0,1645.0,1251.0,1120.0,3.0929,2.3472,1.1408,2.2215,2.2843,0,0,0,0,0,0,1,24.0,243.0,1086.0,1,0,0,patrol,CRUISE,CRUISE,WAIT,IDLE,,IDLE,,,,,IDLE,,,0,0,13,no_target,按区域分级巡航,450,450,1
3.878,1474.0,1455.0,1344.0,1019.0,3.0929,2.0099,1.2233,1.4933,1.7516,0,0,0,0,0,0,1,-4.0,291.0,1118.0,1,0,0,patrol,CRUISE,CRUISE,WAIT,IDLE,,IDLE,,,,,IDLE,,,0,0,13,no_target,按区域分级巡航,450,450,1
3.899,1432.0,1385.0,1576.0,993.0,3.0341,1.6329,1.449,1.1544,1.541,0,0,0,0,0,0,1,-24.0,591.0,1209.0,1,0,0,patrol,CRUISE,CRUISE,WAIT,IDLE,,IDLE,,,,,IDLE,,,0,0,13,no_target,按区域分级巡航,450,450,1
3.919,1365.0,1301.0,1699.0,964.0,2.904,1.494,2.0121,1.0671,1.7531,0,0,0,0,0,0,1,-5.0,1012.0,1341.0,1,0,0,patrol,CRUISE,CRUISE,WAIT,IDLE,,IDLE,,,,,IDLE,,,0,0,,stale,按区域分级巡航,450,450,1
3.939,1246.0,1309.0,1738.0,987.0,2.6966,1.3433,2.3107,1.047,1.827,0,0,0,0,0,0,1,6.0,311.0,1310.0,1,0,0,patrol,CRUISE,CRUISE,WAIT,IDLE,,IDLE,,,,,IDLE,,,0,0,,stale,按区域分级巡航,450,450,1
3.959,1143.0,1570.0,1716.0,1040.0,2.3282,1.3433,2.3519,1.047,1.8357,0,0,0,0,0,0,1,-5.0,670.0,1194.0,1,0,0,patrol,CRUISE,CRUISE,WAIT,IDLE,,IDLE,,,,,IDLE,,,0,0,,stale,按区域分级巡航,450,450,1
3.979,1225.0,1954.0,1571.0,1241.0,2.2632,1.8611,2.3519,1.2248,2.0621,0,0,0,0,0,0,1,1.0,821.0,1179.0,1,0,0,patrol,CRUISE,CRUISE,WAIT,IDLE,,IDLE,,,,,IDLE,,,0,0,,stale,按区域分级巡航,450,450,1
3.999,1377.0,2145.0,1333.0,1526.0,2.2632,2.623,2.0,1.8993,2.1316,0,0,0,0,0,0,1,12.0,446.0,1102.0,1,0,0,patrol,CRUISE,CRUISE,WAIT,IDLE,,IDLE,,,,,IDLE,,,0,0,,stale,按区域分级巡航,450,450,1
4.019,1377.0,2145.0,1333.0,1526.0,2.7337,3.002,1.4223,2.8557,2.7947,0,0,0,0,0,0,1,12.0,446.0,1102.0,1,0,0,patrol,CRUISE,CRUISE,WAIT,IDLE,,IDLE,,,,,IDLE,,,0,0,,stale,按区域分级巡航,450,450,1
4.039,1337.0,2184.0,1269.0,1619.0,2.7337,3.002,1.4223,2.8557,2.7947,0,0,0,0,0,0,1,-14.0,459.0,1118.0,1,0,0,patrol,CRUISE,CRUISE,WAIT,IDLE,,IDLE,,,,,IDLE,,,0,0,,stale,按区域分级巡航,450,450,1
4.059,1142.0,2195.0,1261.0,1637.0,2.6099,3.0794,1.267,3.1678,2.8446,0,0,0,0,0,0,1,99.0,444.0,1163.0,1,0,0,patrol,CRUISE,CRUISE,WAIT,IDLE,,IDLE,,,,,IDLE,,,0,0,,stale,按区域分级巡航,450,450,1
4.079,975.0,2188.0,1395.0,1616.0,2.0062,3.0873,1.267,3.1678,2.5467,0,0,0,0,0,0,1,-6.0,478.0,1180.0,1,0,0,patrol,CRUISE,CRUISE,WAIT,IDLE,,IDLE,,,,,IDLE,,,0,0,14,no_target,按区域分级巡航,450,450,1
4.1,914.0,2189.0,1400.0,1457.0,1.4892,3.0893,1.5728,3.1577,2.3311,0,0,0,0,0,0,1,-4.0,1126.0,1137.0,1,0,0,patrol,CRUISE,CRUISE,WAIT,IDLE,,IDLE,,,,,IDLE,,,0,0,14,no_target,按区域分级巡航,450,450,1
4.12,877.0,2170.0,1277.0,1130.0,1.3003,3.0873,1.5728,2.6242,2.0985,0,0,0,0,0,0,1,-4.0,444.0,1150.0,1,0,0,patrol,CRUISE,CRUISE,WAIT,IDLE,,IDLE,,,,,IDLE,,,0,0,14,no_target,按区域分级巡航,450,450,1
4.14,871.0,2152.0,1227.0,1000.0,1.1858,3.0516,1.2864,1.5268,1.4066,0,0,0,0,0,0,1,-5.0,482.0,1210.0,1,0,0,patrol,CRUISE,CRUISE,WAIT,IDLE,,IDLE,,,,,IDLE,,,0,0,14,no_target,按区域分级巡航,450,450,1
4.16,859.0,2089.0,1222.0,966.0,1.1672,3.0159,1.165,1.0906,1.1661,0,0,0,0,0,0,1,67.0,250.0,1210.0,1,0,0,patrol,CRUISE,CRUISE,WAIT,IDLE,,IDLE,,,,,IDLE,,,0,0,14,no_target,按区域分级巡航,450,450,1
4.18,859.0,1921.0,1258.0,969.0,1.13,2.8909,1.165,0.9866,1.1475,0,0,0,0,0,0,1,-355.0,347.0,1243.0,1,0,0,patrol,CRUISE,CRUISE,WAIT,IDLE,,IDLE,,,,,IDLE,,,0,0,14,no_target,按区域分级巡航,450,450,1
4.2,877.0,1724.0,1389.0,960.0,1.13,2.5575,1.2403,0.9765,1.1852,0,0,0,0,0,0,1,-236.0,312.0,1206.0,1,0,0,patrol,CRUISE,CRUISE,WAIT,IDLE,,IDLE,,,,,IDLE,,,0,0,14,no_target,按区域分级巡航,450,450,1
4.221,977.0,1852.0,1493.0,962.0,1.1858,2.4206,1.5583,0.9631,1.372,0,0,0,0,0,0,1,258.0,329.0,1193.0,1,0,0,patrol,CRUISE,CRUISE,WAIT,IDLE,,IDLE,,,,,IDLE,,,0,0,15,no_target,按区域分级巡航,450,450,1
4.241,1115.0,2036.0,1516.0,978.0,1.4954,2.4206,1.8107,0.9631,1.653,0,0,0,0,0,0,1,35.0,315.0,973.0,1,0,0,patrol,CRUISE,CRUISE,WAIT,IDLE,,IDLE,,,,,IDLE,,,0,0,15,no_target,按区域分级巡航,450,450,1
4.261,1160.0,1976.0,1516.0,977.0,1.9226,2.6667,1.8665,1.0134,1.8946,0,0,0,0,0,0,1,67.0,622.0,910.0,1,0,0,patrol,CRUISE,CRUISE,WAIT,IDLE,,IDLE,,,,,IDLE,,,0,0,15,no_target,按区域分级巡航,450,450,1
4.281,1159.0,1649.0,1513.0,969.0,2.0588,2.6667,1.8665,1.0134,1.9627,0,0,0,0,0,0,1,-16.0,591.0,1048.0,1,0,0,patrol,CRUISE,CRUISE,WAIT,IDLE,,IDLE,,,,,IDLE,,,0,0,15,no_target,按区域分级巡航,450,450,1
4.301,1153.0,1441.0,1526.0,976.0,2.0588,2.0179,1.8665,1.0101,1.9422,0,0,0,0,0,0,1,24.0,426.0,1086.0,1,0,0,patrol,CRUISE,CRUISE,WAIT,IDLE,,IDLE,,,,,IDLE,,,0,0,15,no_target,按区域分级巡航,450,450,1
4.321,1152.0,1413.0,1522.0,988.0,2.0402,1.6052,1.8811,1.0101,1.7431,0,0,0,0,0,0,1,-130.0,511.0,1055.0,1,0,0,patrol,CRUISE,CRUISE,WAIT,IDLE,,IDLE,,,,,IDLE,,,0,0,15,no_target,按区域分级巡航,450,450,1
4.342,1149.0,1402.0,1511.0,1000.0,2.0372,1.5496,1.8811,1.0503,1.7153,0,0,0,0,0,0,1,147.0,210.0,1021.0,1,0,0,patrol,CRUISE,CRUISE,WAIT,IDLE,,IDLE,,,,,IDLE,,,0,0,15,no_target,按区域分级巡航,450,450,1
4.362,1139.0,1404.0,1506.0,1004.0,2.0279,1.5317,1.8544,1.0906,1.6931,0,0,0,0,0,0,1,-91.0,359.0,988.0,1,0,0,patrol,CRUISE,CRUISE,WAIT,IDLE,,IDLE,,,,,IDLE,,,0,0,15,no_target,按区域分级巡航,450,450,1
4.382,1131.0,1427.0,1520.0,1049.0,1.9969,1.5317,1.8544,1.104,1.6931,0,0,0,0,0,0,1,26.0,393.0,1039.0,1,0,0,patrol,CRUISE,CRUISE,WAIT,IDLE,,IDLE,,,,,IDLE,,,0,0,16,no_target,按区域分级巡航,450,450,1
4.402,1110.0,1418.0,1509.0,1158.0,1.9721,1.5595,1.8495,1.255,1.7045,0,0,0,0,0,0,1,79.0,458.0,1008.0,1,0,0,patrol,CRUISE,CRUISE,WAIT,IDLE,,IDLE,,,,,IDLE,,,0,0,16,no_target,按区域分级巡航,450,450,1
4.422,1095.0,1453.0,1488.0,1255.0,1.9071,1.5774,1.8495,1.6208,1.7352,0,0,0,0,0,0,1,9.0,193.0,989.0,1,0,0,patrol,CRUISE,CRUISE,WAIT,IDLE,,IDLE,,,,,IDLE,,,0,0,16,no_target,按区域分级巡航,450,450,1
4.442,1087.0,1643.0,1476.0,1304.0,1.8607,1.629,1.7985,1.9463,1.8296,0,0,0,0,0,0,1,-158.0,717.0,999.0,1,0,0,patrol,CRUISE,CRUISE,WAIT,IDLE,,IDLE,,,,,IDLE,,,0,0,16,no_target,按区域分级巡航,450,450,1
4.462,1075.0,1819.0,1463.0,1312.0,1.8359,2.006,1.7694,2.1107,1.9209,0,0,0,0,0,0,1,129.0,512.0,1024.0,1,0,0,patrol,CRUISE,CRUISE,WAIT,IDLE,,IDLE,,,,,IDLE,,,0,0,16,no_target,按区域分级巡航,450,450,1
4.483,1075.0,1819.0,1463.0,1312.0,1.7988,2.3552,1.7379,2.1376,1.9682,0,0,0,0,0,0,1,129.0,512.0,1024.0,1,0,0,patrol,CRUISE,CRUISE,WAIT,IDLE,,IDLE,,,,,IDLE,,,0,0,16,no_target,按区域分级巡航,450,450,1
4.503,1062.0,1856.0,1450.0,1305.0,1.7988,2.3552,1.7379,2.1376,1.9682,0,0,0,0,0,0,1,-24.0,346.0,990.0,1,0,0,patrol,CRUISE,CRUISE,WAIT,IDLE,,IDLE,,,,,IDLE,,,0,0,16,no_target,按区域分级巡航,450,450,1
4.523,1046.0,1850.0,1442.0,1284.0,1.7585,2.4167,1.7063,2.1141,1.9363,0,0,0,0,0,0,1,178.0,362.0,1020.0,1,0,0,patrol,CRUISE,CRUISE,WAIT,IDLE,,IDLE,,,,,IDLE,,,0,0,17,no_target,按区域分级巡航,450,450,1
4.543,1037.0,1834.0,1437.0,1275.0,1.709,2.4167,1.6869,2.0436,1.8763,0,0,0,0,0,0,1,52.0,670.0,1024.0,1,0,0,patrol,CRUISE,CRUISE,WAIT,IDLE,,IDLE,,,,,IDLE,,,0,0,17,no_target,按区域分级巡航,450,450,1
4.563,1018.0,1814.0,1410.0,1259.0,1.6811,2.3849,1.6748,2.0134,1.8473,0,0,0,0,0,0,1,149.0,363.0,1024.0,1,0,0,patrol,CRUISE,CRUISE,WAIT,IDLE,,IDLE,,,,,IDLE,,,0,0,17,no_target,按区域分级巡航,450,450,1
4.583,1006.0,1808.0,1405.0,1248.0,1.6223,2.3452,1.6092,1.9597,1.791,0,0,0,0,0,0,1,65.0,379.0,1048.0,1,0,0,patrol,CRUISE,CRUISE,WAIT,IDLE,,IDLE,,,,,IDLE,,,0,0,17,no_target,按区域分级巡航,450,450,1
4.604,991.0,1797.0,1392.0,1237.0,1.5851,2.3333,1.5971,1.9228,1.76,0,0,0,0,0,0,1,61.0,809.0,1277.0,1,0,0,patrol,CRUISE,CRUISE,WAIT,IDLE,,IDLE,,,,,IDLE,,,0,0,17,no_target,按区域分级巡航,450,450,1
4.624,975.0,1784.0,1385.0,1231.0,1.5387,2.3115,1.5655,1.8859,1.7257,0,0,0,0,0,0,1,-194.0,818.0,1025.0,1,0,0,patrol,CRUISE,CRUISE,WAIT,IDLE,,IDLE,,,,,IDLE,,,0,0,17,no_target,按区域分级巡航,450,450,1
4.644,960.0,1772.0,1366.0,1236.0,1.4892,2.2857,1.5485,1.8826,1.7155,0,0,0,0,0,0,1,-264.0,704.0,1025.0,1,0,0,patrol,CRUISE,CRUISE,WAIT,IDLE,,IDLE,,,,,IDLE,,,0,0,17,no_target,按区域分级巡航,450,450,1
4.664,953.0,1767.0,1359.0,1238.0,1.4427,2.2619,1.5024,1.8826,1.6925,0,0,0,0,0,0,1,-74.0,757.0,1021.0,1,0,0,patrol,CRUISE,CRUISE,WAIT,IDLE,,IDLE,,,,,IDLE,,,0,0,17,no_target,按区域分级巡航,450,450,1
4.684,954.0,1771.0,1360.0,1229.0,1.4241,2.2599,1.4879,1.8826,1.6852,0,0,0,0,0,0,1,-86.0,264.0,1005.0,1,0,0,patrol,CRUISE,CRUISE,WAIT,IDLE,,IDLE,,,,,IDLE,,,0,0,18,no_target,按区域分级巡航,450,450,1
4.704,935.0,1742.0,1329.0,1212.0,1.4211,2.252,1.4854,1.8591,1.6722,0,0,0,0,0,0,1,-4.0,247.0,1006.0,1,0,0,patrol,CRUISE,CRUISE,WAIT,IDLE,,IDLE,,,,,IDLE,,,0,0,18,no_target,按区域分级巡航,450,450,1
4.725,922.0,1736.0,1328.0,1198.0,1.3653,2.2024,1.4126,1.802,1.6073,0,0,0,0,0,0,1,129.0,491.0,991.0,1,0,0,patrol,CRUISE,CRUISE,WAIT,IDLE,,IDLE,,,,,IDLE,,,0,0,18,no_target,按区域分级巡航,450,450,1
4.745,917.0,1732.0,1319.0,1182.0,1.3251,2.1905,1.4102,1.755,1.5826,0,0,0,0,0,0,1,-7.0,378.0,989.0,1,0,0,patrol,CRUISE,CRUISE,WAIT,IDLE,,IDLE,,,,,IDLE,,,0,0,18,no_target,按区域分级巡航,450,450,1
4.765,896.0,1692.0,1310.0,1163.0,1.3096,2.1825,1.3883,1.7013,1.5448,0,0,0,1,0,0,1,-63.0,405.0,1004.0,1,0,0,enemy_push,SEEK_TURN,CRUISE,WAIT,IDLE,,IR_UNCLASSIFIED,,,,,SEEK_TURN,left_rear,left,0,0,18,no_target,left_rear 发现敌人，原地转向,0,0,1
4.785,883.0,1693.0,1299.0,1145.0,1.2446,2.1052,1.3665,1.6376,1.502,0,0,0,0,0,0,1,36.0,343.0,989.0,1,0,0,enemy_push,SEEK_TURN,CRUISE,WAIT,IDLE,,IDLE,,,,,SEEK_TURN,left_rear,left,0,0,18,no_target,left_rear 发现敌人，原地转向,-550,550,1
4.805,872.0,1665.0,1274.0,1116.0,1.2043,2.1032,1.3398,1.5772,1.4585,0,0,0,0,0,0,1,-5.0,377.0,1013.0,1,0,0,enemy_push,SEEK_TURN,CRUISE,WAIT,IDLE,,IDLE,,,,,SEEK_TURN,left_rear,left,0,0,18,no_target,left_rear 发现敌人，原地转向,-550,550,1
4.825,859.0,1645.0,1259.0,1117.0,1.1703,2.0496,1.2791,1.4832,1.3812,0,0,0,0,0,0,1,36.0,228.0,986.0,1,0,0,enemy_push,SEEK_TURN,CRUISE,WAIT,IDLE,,IDLE,,,,,SEEK_TURN,left_rear,left,0,0,18,no_target,left_rear 发现敌人，原地转向,-550,550,1
4.845,844.0,1627.0,1240.0,1115.0,1.13,2.0099,1.2427,1.4799,1.3613,0,0,0,0,0,0,1,-3.0,194.0,988.0,1,0,0,enemy_push,SEEK_TURN,CRUISE,WAIT,IDLE,,IDLE,,,,,SEEK_TURN,left_rear,left,0,0,19,no_target,left_rear 发现敌人，原地转向,-550,550,1
4.866,838.0,1603.0,1225.0,1091.0,1.0836,1.9742,1.1966,1.4765,1.3366,0,0,0,0,0,0,1,-5.0,193.0,989.0,1,0,0,enemy_push,SEEK_TURN,CRUISE,WAIT,IDLE,,IDLE,,,,,SEEK_TURN,left_rear,left,0,0,19,no_target,left_rear 发现敌人，原地转向,-550,550,1
4.886,826.0,1581.0,1208.0,1067.0,1.065,1.9266,1.1602,1.396,1.2781,0,0,0,0,0,0,1,-115.0,279.0,988.0,1,0,0,enemy_push,SEEK_TURN,CRUISE,WAIT,IDLE,,IDLE,,,,,SEEK_TURN,left_rear,left,0,0,19,no_target,left_rear 发现敌人，原地转向,-550,550,1
4.906,812.0,1568.0,1192.0,1067.0,1.0279,1.8829,1.1189,1.3154,1.2172,0,0,0,0,0,0,1,-4.0,161.0,987.0,1,0,0,enemy_push,SEEK_TURN,CRUISE,WAIT,IDLE,,IDLE,,,,,SEEK_TURN,left_rear,left,0,0,19,no_target,left_rear 发现敌人，原地转向,-550,550,1
4.926,806.0,1570.0,1176.0,1074.0,0.9845,1.8611,1.0801,1.3154,1.1978,0,0,0,0,0,0,1,-13.0,344.0,974.0,1,0,0,enemy_push,SEEK_TURN,CRUISE,WAIT,IDLE,,IDLE,,,,,SEEK_TURN,left_rear,left,0,0,19,no_target,left_rear 发现敌人，原地转向,-550,550,1
4.946,794.0,1562.0,1169.0,1044.0,0.9659,1.8571,1.0413,1.3154,1.1783,0,0,0,0,0,0,1,-4.0,178.0,989.0,1,0,0,enemy_push,SEEK_TURN,CRUISE,WAIT,IDLE,,IDLE,,,,,SEEK_TURN,left_rear,left,0,0,19,no_target,left_rear 发现敌人，原地转向,-550,550,1
4.966,789.0,1539.0,1177.0,1032.0,0.9288,1.8452,1.0413,1.2383,1.1398,0,0,0,0,0,0,1,6.0,296.0,987.0,1,0,0,enemy_push,SEEK_TURN,CRUISE,WAIT,IDLE,,IDLE,,,,,SEEK_TURN,left_rear,left,0,0,19,no_target,left_rear 发现敌人，原地转向,-550,550,1
4.987,787.0,1538.0,1182.0,1025.0,0.9133,1.7996,1.0437,1.198,1.1208,0,0,0,0,0,0,1,-9.0,194.0,987.0,1,0,0,enemy_push,SEEK_TURN,CRUISE,WAIT,IDLE,,IDLE,,,,,SEEK_TURN,left_rear,left,0,0,20,no_target,left_rear 发现敌人，原地转向,-550,550,1
5.007,784.0,1544.0,1181.0,1019.0,0.9071,1.7996,1.0534,1.1745,1.1139,0,0,0,0,0,0,1,-4.0,194.0,1006.0,1,0,0,enemy_push,SEEK_TURN,CRUISE,WAIT,IDLE,,IDLE,,,,,SEEK_TURN,left_rear,left,0,0,20,no_target,left_rear 发现敌人，原地转向,-550,550,1
5.028,767.0,1537.0,1174.0,988.0,0.8978,1.7976,1.0534,1.1544,1.1039,0,0,0,0,0,0,1,101.0,702.0,1006.0,1,0,0,enemy_push,SEEK_TURN,CRUISE,WAIT,IDLE,,IDLE,,,,,SEEK_TURN,left_rear,left,0,0,20,no_target,left_rear 发现敌人，原地转向,-550,550,1
5.048,767.0,1537.0,1174.0,988.0,0.8452,1.7956,1.0364,1.0503,1.0434,0,0,0,0,0,0,1,101.0,702.0,1006.0,1,0,0,enemy_push,SEEK_TURN,MEDIUM_CRUISE,WAIT,IDLE,,IDLE,,,,,SEEK_TURN,left_rear,left,0,0,20,no_target,left_rear 发现敌人，原地转向,-550,550,1
5.068,754.0,1507.0,1168.0,977.0,0.8452,1.7956,1.0364,1.0503,1.0434,0,0,0,0,0,0,1,-9.0,353.0,1005.0,1,0,0,enemy_push,SEEK_TURN,MEDIUM_CRUISE,WAIT,IDLE,,IDLE,,,,,SEEK_TURN,left_rear,left,0,0,20,no_target,left_rear 发现敌人，原地转向,-550,550,1
5.089,758.0,1513.0,1177.0,986.0,0.8173,1.748,1.0364,1.0436,1.04,0,0,0,0,0,0,1,-155.0,228.0,1007.0,1,0,0,enemy_push,SEEK_TURN,MEDIUM_CRUISE,WAIT,IDLE,,IDLE,,,,,SEEK_TURN,left_rear,left,0,0,20,no_target,left_rear 发现敌人，原地转向,-550,550,1
5.109,738.0,1493.0,1171.0,969.0,0.805,1.7361,1.0291,1.0134,1.0213,0,0,0,0,0,0,1,-119.0,493.0,1008.0,1,0,0,enemy_push,SEEK_TURN,MEDIUM_CRUISE,WAIT,IDLE,,IDLE,,,,,SEEK_TURN,left_rear,left,0,0,20,no_target,left_rear 发现敌人，原地转向,-550,550,1
5.129,731.0,1493.0,1168.0,964.0,0.7554,1.7083,1.0291,0.9866,1.0079,0,0,0,0,0,0,1,55.0,769.0,1008.0,1,1,0,enemy_push,SEEK_TURN,MEDIUM_CRUISE,WAIT,IDLE,,IDLE,,,,,SEEK_TURN,left_rear,left,0,0,21,no_target,left_rear 发现敌人，原地转向,-550,550,1
5.149,736.0,1486.0,1169.0,968.0,0.7492,1.7083,1.0243,0.9832,1.0037,0,0,0,0,0,0,1,155.0,263.0,1019.0,1,1,0,enemy_push,SEEK_TURN,MEDIUM_CRUISE,WAIT,IDLE,,IDLE,,,,,SEEK_TURN,left_rear,left,0,0,21,no_target,left_rear 发现敌人，原地转向,-550,550,1
5.169,731.0,1460.0,1157.0,965.0,0.7337,1.6944,1.0218,0.9732,0.9975,0,0,0,0,0,0,1,-10.0,264.0,1007.0,1,1,0,enemy_push,SEEK_TURN,MEDIUM_CRUISE,WAIT,IDLE,,IDLE,,,,,SEEK_TURN,left_rear,left,0,0,21,no_target,left_rear 发现敌人，原地转向,-550,550,1
5.19,722.0,1443.0,1147.0,945.0,0.7337,1.6429,0.9951,0.9732,0.9841,0,0,0,0,0,0,1,96.0,193.0,1032.0,1,1,0,enemy_push,SEEK_TURN,MEDIUM_CRUISE,WAIT,IDLE,,IDLE,,,,,SEEK_TURN,left_rear,left,0,0,21,no_target,left_rear 发现敌人，原地转向,-550,550,1
5.21,714.0,1437.0,1139.0,926.0,0.7059,1.6091,0.9709,0.906,0.9385,0,0,0,0,0,0,1,8.0,392.0,1004.0,1,1,0,enemy_push,SEEK_TURN,MEDIUM_CRUISE,WAIT,IDLE,,IDLE,,,,,SEEK_TURN,left_rear,left,0,0,21,no_target,left_rear 发现敌人，原地转向,-550,550,1
5.23,714.0,1432.0,1141.0,932.0,0.6811,1.5972,0.9563,0.8624,0.9094,0,0,0,0,0,0,1,34.0,756.0,1008.0,1,1,0,enemy_push,SEEK_TURN,MEDIUM_CRUISE,WAIT,IDLE,,IDLE,,,,,SEEK_TURN,left_rear,left,0,0,21,no_target,left_rear 发现敌人，原地转向,-550,550,1
5.25,712.0,1425.0,1139.0,929.0,0.6811,1.5873,0.9515,0.8523,0.9019,0,0,0,0,0,0,1,-23.0,296.0,1008.0,1,1,0,enemy_push,SEEK_TURN,MEDIUM_CRUISE,WAIT,IDLE,,IDLE,,,,,SEEK_TURN,left_rear,left,0,0,21,no_target,left_rear 发现敌人，原地转向,-550,550,1
5.27,708.0,1406.0,1131.0,919.0,0.6749,1.5734,0.9515,0.8523,0.9019,0,0,0,0,0,0,1,657.0,714.0,1008.0,1,1,0,enemy_push,SEEK_TURN,MEDIUM_CRUISE,WAIT,IDLE,,IDLE,,,,,SEEK_TURN,left_rear,left,0,0,21,no_target,left_rear 发现敌人，原地转向,-550,550,1
5.291,705.0,1405.0,1134.0,921.0,0.6625,1.5357,0.9393,0.8255,0.8824,0,0,0,0,0,0,1,-4.0,344.0,1056.0,1,1,0,enemy_push,SEEK_TURN,MEDIUM_CRUISE,WAIT,IDLE,,IDLE,,,,,SEEK_TURN,left_rear,left,0,0,22,no_target,left_rear 发现敌人，原地转向,-550,550,1
5.312,701.0,1400.0,1136.0,908.0,0.6533,1.5337,0.9393,0.8188,0.8791,0,0,0,0,0,0,1,67.0,23.0,1006.0,1,1,0,patrol,EDGE_AVOID,EDGE_AVOID,WAIT,IDLE,,IDLE,,,,,IDLE,,,0,0,22,no_target,前向灰度趋势变暗，提前离边,-400,-400,1
5.332,695.0,1386.0,1132.0,901.0,0.6409,1.5238,0.9393,0.7819,0.8606,0,0,0,0,0,0,1,-7.0,720.0,1010.0,1,1,0,patrol,EDGE_AVOID,EDGE_AVOID,WAIT,IDLE,,IDLE,,,,,IDLE,,,0,0,22,no_target,前向灰度趋势变暗，提前离边,-400,-400,1
5.352,697.0,1395.0,1136.0,897.0,0.6285,1.5139,0.9442,0.7584,0.8513,0,0,0,0,0,0,1,-44.0,344.0,1053.0,1,1,0,patrol,EDGE_AVOID,EDGE_AVOID,WAIT,IDLE,,IDLE,,,,,IDLE,,,0,0,22,no_target,前向灰度趋势变暗，提前离边,-400,-400,1
5.373,698.0,1397.0,1138.0,902.0,0.6285,1.5139,0.9442,0.7584,0.8513,0,0,0,0,0,0,1,-5.0,327.0,1068.0,1,1,0,patrol,EDGE_AVOID,EDGE_AVOID,WAIT,IDLE,,IDLE,,,,,IDLE,,,0,0,22,no_target,前向灰度趋势变暗，提前离边,-400,-400,1
5.393,696.0,1395.0,1137.0,897.0,0.6285,1.5139,0.9466,0.745,0.8458,0,0,0,0,0,0,1,7.0,361.0,1055.0,1,1,0,patrol,EDGE_AVOID,EDGE_AVOID,WAIT,IDLE,,IDLE,,,,,IDLE,,,0,0,22,no_target,前向灰度趋势变暗，提前离边,-400,-400,1
5.413,700.0,1395.0,1142.0,890.0,0.6316,1.5139,0.949,0.745,0.847,0,0,0,0,0,0,1,7.0,345.0,1054.0,1,1,0,patrol,EDGE_AVOID,EDGE_AVOID,WAIT,IDLE,,IDLE,,,,,IDLE,,,0,0,22,no_target,前向灰度趋势变暗，提前离边,-400,-400,1
5.433,701.0,1397.0,1144.0,890.0,0.6378,1.5139,0.9587,0.7215,0.8401,0,0,0,0,0,0,1,-3.0,247.0,1020.0,1,1,0,patrol,EDGE_AVOID,EDGE_AVOID,WAIT,IDLE,,IDLE,,,,,IDLE,,,0,0,23,no_target,前向灰度趋势变暗，提前离边,-400,-400,1
5.453,694.0,1393.0,1139.0,884.0,0.6378,1.5139,0.9587,0.7215,0.8401,0,0,0,0,0,0,1,100.0,230.0,1021.0,1,1,0,patrol,EDGE_AVOID,EDGE_AVOID,WAIT,IDLE,,IDLE,,,,,IDLE,,,0,0,23,no_target,前向灰度趋势变暗，提前离边,-400,-400,1
5.474,689.0,1380.0,1134.0,881.0,0.6192,1.5099,0.9515,0.7013,0.8264,0,0,0,0,0,0,1,-5.0,734.0,1056.0,1,1,0,patrol,EDGE_AVOID,EDGE_AVOID,WAIT,IDLE,,IDLE,,,,,IDLE,,,0,0,23,no_target,前向灰度趋势变暗，提前离边,-400,-400,1
5.495,691.0,1384.0,1140.0,883.0,0.6099,1.4921,0.9515,0.698,0.8247,0,0,0,0,0,0,1,-11.0,787.0,1021.0,1,1,0,patrol,EDGE_AVOID,EDGE_AVOID,WAIT,IDLE,,IDLE,,,,,IDLE,,,0,0,23,no_target,前向灰度趋势变暗，提前离边,-400,-400,1
5.515,688.0,1378.0,1136.0,879.0,0.6037,1.4841,0.9442,0.6913,0.8177,0,0,0,0,0,0,1,-191.0,785.0,1039.0,1,1,0,patrol,EDGE_AVOID,EDGE_AVOID,WAIT,IDLE,,IDLE,,,,,IDLE,,,0,0,23,no_target,前向灰度趋势变暗，提前离边,-400,-400,1
5.535,689.0,1378.0,1136.0,878.0,0.6037,1.4802,0.9442,0.6846,0.8144,0,0,0,0,0,0,1,-4.0,407.0,1054.0,1,1,0,patrol,EDGE_AVOID,EDGE_AVOID,WAIT,IDLE,,IDLE,,,,,IDLE,,,0,0,23,no_target,前向灰度趋势变暗，提前离边,-400,-400,1
5.555,690.0,1380.0,1141.0,879.0,0.6037,1.4802,0.9442,0.6846,0.8144,0,0,0,0,0,0,1,-4.0,458.0,1040.0,1,1,0,patrol,EDGE_AVOID,EDGE_AVOID,WAIT,IDLE,,IDLE,,,,,IDLE,,,0,0,23,no_target,前向灰度趋势变暗，提前离边,-400,-400,1
5.575,698.0,1394.0,1150.0,887.0,0.6068,1.4841,0.9563,0.6846,0.8204,0,0,0,0,0,0,1,-4.0,671.0,1076.0,1,1,0,patrol,EDGE_AVOID,EDGE_AVOID,WAIT,IDLE,,IDLE,,,,,IDLE,,,0,0,24,no_target,前向灰度趋势变暗，提前离边,-400,-400,1
5.596,698.0,1392.0,1150.0,886.0,0.6316,1.5079,0.9782,0.7081,0.8431,0,0,0,0,0,0,1,-2.0,929.0,1054.0,1,1,0,patrol,EDGE_AVOID,EDGE_AVOID,WAIT,IDLE,,IDLE,,,,,IDLE,,,0,0,24,no_target,前向灰度趋势变暗，提前离边,-400,-400,1
5.616,700.0,1393.0,1157.0,885.0,0.6316,1.5099,0.9782,0.7081,0.8431,0,0,0,0,0,0,1,-9.0,440.0,1040.0,1,1,0,patrol,EDGE_AVOID,EDGE_AVOID,WAIT,IDLE,,IDLE,,,,,IDLE,,,0,0,24,no_target,前向灰度趋势变暗，提前离边,-400,-400,1
5.636,700.0,1393.0,1157.0,885.0,0.6378,1.5099,0.9951,0.7047,0.8499,0,0,0,0,0,0,1,-9.0,440.0,1040.0,1,1,0,patrol,EDGE_AVOID,EDGE_AVOID,WAIT,IDLE,,IDLE,,,,,IDLE,,,0,0,24,no_target,前向灰度趋势变暗，提前离边,-400,-400,1
5.656,701.0,1385.0,1156.0,878.0,0.6378,1.5099,0.9951,0.7047,0.8499,0,0,0,0,0,0,1,-5.0,834.0,1057.0,1,1,0,patrol,EDGE_AVOID,EDGE_AVOID,WAIT,IDLE,,IDLE,,,,,IDLE,,,0,0,24,no_target,前向灰度趋势变暗，提前离边,-400,-400,1
5.676,704.0,1388.0,1164.0,880.0,0.6409,1.5,0.9951,0.6879,0.8415,0,0,0,0,0,0,1,-90.0,280.0,1046.0,1,1,0,patrol,EDGE_AVOID,EDGE_AVOID,WAIT,IDLE,,IDLE,,,,,IDLE,,,0,0,24,no_target,前向灰度趋势变暗，提前离边,-400,-400,1
5.697,704.0,1384.0,1157.0,880.0,0.6502,1.494,0.9951,0.6879,0.8415,0,0,0,0,0,0,1,-4.0,801.0,1040.0,1,1,0,patrol,EDGE_AVOID,EDGE_AVOID,WAIT,IDLE,,IDLE,,,,,IDLE,,,0,0,24,no_target,前向灰度趋势变暗，提前离边,-400,-400,1
5.718,704.0,1379.0,1140.0,881.0,0.6502,1.4921,0.9951,0.6879,0.8415,0,0,0,0,0,0,1,100.0,637.0,1056.0,1,1,0,patrol,EDGE_AVOID,EDGE_AVOID,WAIT,IDLE,,IDLE,,,,,IDLE,,,0,0,25,no_target,前向灰度趋势变暗，提前离边,-400,-400,1
5.738,707.0,1385.0,1147.0,886.0,0.6502,1.4921,0.9709,0.6913,0.8311,0,0,0,0,0,0,1,3.0,312.0,1038.0,1,1,0,patrol,EDGE_AVOID,EDGE_AVOID,WAIT,IDLE,,IDLE,,,,,IDLE,,,0,0,25,no_target,前向灰度趋势变暗，提前离边,-400,-400,1
5.758,704.0,1382.0,1155.0,884.0,0.6502,1.4881,0.9709,0.7013,0.8361,0,0,0,0,0,0,1,-9.0,495.0,1019.0,1,1,0,patrol,EDGE_AVOID,EDGE_AVOID,WAIT,IDLE,,IDLE,,,,,IDLE,,,0,0,25,no_target,前向灰度趋势变暗，提前离边,-400,-400,1
5.778,702.0,1390.0,1172.0,889.0,0.6502,1.494,0.9903,0.7081,0.8492,0,0,0,0,0,0,1,93.0,450.0,1039.0,1,1,0,patrol,EDGE_AVOID,EDGE_AVOID,WAIT,IDLE,,IDLE,,,,,IDLE,,,0,0,25,no_target,前向灰度趋势变暗，提前离边,-400,-400,1
5.798,701.0,1387.0,1174.0,893.0,0.644,1.498,1.0316,0.7181,0.8748,0,0,0,0,0,0,1,-4.0,392.0,1040.0,1,1,0,patrol,EDGE_AVOID,EDGE_AVOID,WAIT,IDLE,,IDLE,,,,,IDLE,,,0,0,25,no_target,前向灰度趋势变暗，提前离边,-400,-400,1
5.819,703.0,1385.0,1171.0,895.0,0.644,1.498,1.0316,0.7315,0.8815,0,0,0,0,0,0,1,150.0,394.0,1035.0,1,1,0,patrol,EDGE_AVOID,EDGE_AVOID,WAIT,IDLE,,IDLE,,,,,IDLE,,,0,0,25,no_target,前向灰度趋势变暗，提前离边,-400,-400,1
5.839,708.0,1388.0,1175.0,894.0,0.6471,1.498,1.0364,0.7349,0.8857,0,0,0,0,0,0,1,8.0,771.0,1024.0,1,1,0,patrol,EDGE_AVOID,EDGE_AVOID,WAIT,IDLE,,IDLE,,,,,IDLE,,,0,0,25,no_target,前向灰度趋势变暗，提前离边,-400,-400,1
5.859,709.0,1390.0,1172.0,896.0,0.6625,1.5,1.0316,0.7383,0.8849,0,0,0,0,0,0,1,-4.0,404.0,1056.0,1,1,0,patrol,EDGE_AVOID,EDGE_AVOID,WAIT,IDLE,,IDLE,,,,,IDLE,,,0,0,26,no_target,前向灰度趋势变暗，提前离边,-400,-400,1
5.879,714.0,1396.0,1168.0,896.0,0.6656,1.504,1.0316,0.7416,0.8866,0,0,0,0,0,0,1,-4.0,442.0,1024.0,1,1,0,patrol,EDGE_AVOID,EDGE_AVOID,WAIT,IDLE,,IDLE,,,,,IDLE,,,0,0,26,no_target,前向灰度趋势变暗，提前离边,-400,-400,1
5.899,714.0,1394.0,1168.0,896.0,0.6811,1.5119,1.0218,0.7416,0.8817,0,0,0,0,0,0,1,-8.0,526.0,1006.0,1,1,0,patrol,EDGE_AVOID,EDGE_AVOID,WAIT,IDLE,,IDLE,,,,,IDLE,,,0,0,26,no_target,前向灰度趋势变暗，提前离边,-400,-400,1
5.919,715.0,1388.0,1167.0,896.0,0.6811,1.5119,1.0218,0.7416,0.8817,0,0,0,0,0,0,1,-3.0,280.0,1037.0,1,1,0,patrol,EDGE_TURN,EDGE_TURN,WAIT,IDLE,,IDLE,,,,,IDLE,,left,0,0,26,no_target,直线退离完成，开始转向,-550,550,1
5.941,721.0,1386.0,1170.0,897.0,0.6842,1.5,1.0218,0.7416,0.8817,0,0,0,0,0,0,1,-3.0,525.0,1008.0,1,1,0,patrol,EDGE_TURN,EDGE_TURN,WAIT,IDLE,,IDLE,,,,,IDLE,,left,0,0,26,no_target,直线退离完成，开始转向,-550,550,1
5.961,720.0,1371.0,1167.0,895.0,0.6997,1.496,1.0194,0.7416,0.8805,0,0,0,0,0,0,1,46.0,524.0,790.0,1,1,0,patrol,EDGE_TURN,EDGE_TURN,WAIT,IDLE,,IDLE,,,,,IDLE,,left,0,0,26,no_target,直线退离完成，开始转向,-550,550,1
5.981,721.0,1365.0,1177.0,914.0,0.7028,1.4663,1.0267,0.745,0.8858,0,0,0,0,0,0,1,-76.0,328.0,1020.0,1,1,0,patrol,EDGE_TURN,EDGE_TURN,WAIT,IDLE,,IDLE,,,,,IDLE,,left,0,0,26,no_target,直线退离完成，开始转向,-550,550,1
6.001,730.0,1370.0,1189.0,908.0,0.7028,1.4643,1.0437,0.7819,0.9128,0,0,0,0,0,0,1,-4.0,541.0,990.0,1,1,0,patrol,EDGE_TURN,EDGE_TURN,WAIT,IDLE,,IDLE,,,,,IDLE,,left,0,0,27,no_target,直线退离完成，开始转向,-550,550,1
6.021,738.0,1376.0,1192.0,906.0,0.7307,1.4643,1.0728,0.7819,0.9273,0,0,0,0,0,0,1,3.0,226.0,1007.0,1,1,0,patrol,EDGE_TURN,EDGE_TURN,WAIT,IDLE,,IDLE,,,,,IDLE,,left,0,0,27,no_target,直线退离完成，开始转向,-550,550,1
6.041,741.0,1378.0,1208.0,913.0,0.7554,1.4762,1.0801,0.7819,0.931,0,0,0,0,0,0,1,-3.0,456.0,1007.0,1,1,0,patrol,EDGE_TURN,EDGE_TURN,WAIT,IDLE,,IDLE,,,,,IDLE,,left,0,0,27,no_target,直线退离完成，开始转向,-550,550,1
6.061,743.0,1389.0,1206.0,908.0,0.7647,1.4802,1.1141,0.7819,0.948,0,0,0,0,0,0,1,-4.0,344.0,1031.0,1,0,0,patrol,EDGE_TURN,EDGE_TURN,WAIT,IDLE,,IDLE,,,,,IDLE,,left,0,0,27,no_target,直线退离完成，开始转向,-550,550,1
6.082,761.0,1408.0,1202.0,914.0,0.7709,1.502,1.1141,0.7987,0.9564,0,0,0,0,0,0,1,-7.0,345.0,1007.0,1,0,0,patrol,EDGE_TURN,EDGE_TURN,WAIT,IDLE,,IDLE,,,,,IDLE,,left,0,0,27,no_target,直线退离完成，开始转向,-550,550,1
6.102,759.0,1395.0,1188.0,912.0,0.8204,1.5139,1.1044,0.7953,0.9624,0,0,0,0,0,0,1,-3.0,226.0,989.0,1,0,0,patrol,EDGE_TURN,EDGE_TURN,WAIT,IDLE,,IDLE,,,,,IDLE,,left,0,0,27,no_target,直线退离完成，开始转向,-550,550,1
6.122,764.0,1392.0,1200.0,912.0,0.8266,1.5139,1.0995,0.7953,0.9631,0,0,0,0,0,0,1,-3.0,718.0,1008.0,1,0,0,patrol,EDGE_TURN,EDGE_TURN,WAIT,IDLE,,IDLE,,,,,IDLE,,left,0,0,27,no_target,直线退离完成，开始转向,-550,550,1
6.142,766.0,1397.0,1221.0,909.0,0.8359,1.5139,1.0995,0.7953,0.9677,0,0,0,0,0,0,1,68.0,474.0,1007.0,1,0,0,patrol,EDGE_TURN,EDGE_TURN,WAIT,IDLE,,IDLE,,,,,IDLE,,left,0,0,27,no_target,直线退离完成，开始转向,-550,550,1
6.162,764.0,1392.0,1235.0,914.0,0.8359,1.5079,1.1505,0.7953,0.9932,0,0,0,0,0,0,1,-44.0,393.0,1024.0,1,0,0,patrol,EDGE_TURN,EDGE_TURN,WAIT,IDLE,,IDLE,,,,,IDLE,,left,0,0,28,no_target,直线退离完成，开始转向,-550,550,1
6.182,765.0,1384.0,1221.0,919.0,0.839,1.5079,1.1505,0.802,0.9947,0,0,0,0,0,0,1,90.0,538.0,1008.0,1,0,0,patrol,EDGE_TURN,EDGE_TURN,WAIT,IDLE,,IDLE,,,,,IDLE,,left,0,0,28,no_target,直线退离完成，开始转向,-550,550,1
6.202,765.0,1384.0,1221.0,919.0,0.839,1.4921,1.1505,0.8188,0.9947,0,0,0,0,0,0,1,90.0,538.0,1008.0,1,0,0,patrol,EDGE_TURN,EDGE_TURN,WAIT,IDLE,,IDLE,,,,,IDLE,,left,0,0,28,no_target,直线退离完成，开始转向,-550,550,1
6.222,761.0,1386.0,1211.0,923.0,0.839,1.4921,1.1505,0.8188,0.9947,0,0,0,0,0,0,1,-108.0,408.0,1063.0,1,0,0,patrol,EDGE_TURN,EDGE_TURN,WAIT,IDLE,,IDLE,,,,,IDLE,,left,0,0,28,no_target,直线退离完成，开始转向,-550,550,1
6.243,768.0,1399.0,1220.0,930.0,0.839,1.496,1.1481,0.8322,0.9935,0,0,0,0,0,0,1,-4.0,819.0,1010.0,1,0,0,patrol,EDGE_TURN,EDGE_TURN,WAIT,IDLE,,IDLE,,,,,IDLE,,left,0,0,28,no_target,直线退离完成，开始转向,-550,550,1
6.263,768.0,1391.0,1232.0,919.0,0.8483,1.506,1.1481,0.8322,0.9982,0,0,0,0,0,0,1,-3.0,671.0,1025.0,1,0,0,patrol,EDGE_TURN,EDGE_TURN,WAIT,IDLE,,IDLE,,,,,IDLE,,left,0,0,28,no_target,直线退离完成，开始转向,-550,550,1
6.283,772.0,1394.0,1234.0,913.0,0.8483,1.5119,1.1772,0.8188,1.0127,0,0,0,0,0,0,1,-5.0,494.0,1038.0,1,0,0,patrol,EDGE_TURN,EDGE_TURN,WAIT,IDLE,,IDLE,,,,,IDLE,,left,0,0,28,no_target,直线退离完成，开始转向,-550,550,1
6.303,770.0,1387.0,1229.0,910.0,0.8545,1.506,1.1772,0.7987,1.0158,0,0,0,0,0,0,1,-5.0,245.0,1020.0,1,0,0,patrol,EDGE_TURN,EDGE_TURN,WAIT,IDLE,,IDLE,,,,,IDLE,,left,0,0,29,no_target,直线退离完成，开始转向,-550,550,1
6.323,776.0,1391.0,1228.0,917.0,0.8607,1.506,1.1699,0.7987,1.0153,0,0,0,0,0,0,1,-3.0,410.0,1055.0,1,0,0,patrol,EDGE_TURN,EDGE_TURN,WAIT,IDLE,,IDLE,,,,,IDLE,,left,0,0,29,no_target,直线退离完成，开始转向,-550,550,1
6.343,774.0,1397.0,1226.0,922.0,0.8669,1.506,1.1675,0.8121,1.0172,0,0,0,0,0,0,1,-5.0,393.0,1039.0,1,0,0,patrol,EDGE_TURN,EDGE_TURN,WAIT,IDLE,,IDLE,,,,,IDLE,,left,0,0,29,no_target,直线退离完成，开始转向,-550,550,1
6.364,771.0,1386.0,1223.0,931.0,0.8669,1.506,1.1626,0.8289,1.0147,0,0,0,0,0,0,1,-5.0,557.0,1046.0,1,0,0,patrol,EDGE_TURN,EDGE_TURN,WAIT,IDLE,,IDLE,,,,,IDLE,,left,0,0,29,no_target,直线退离完成，开始转向,-550,550,1
6.384,778.0,1391.0,1228.0,932.0,0.8669,1.506,1.1626,0.8591,1.0147,0,0,0,0,0,0,1,-3.0,94.0,988.0,1,0,0,patrol,EDGE_TURN,EDGE_TURN,WAIT,IDLE,,IDLE,,,,,IDLE,,left,0,0,29,no_target,直线退离完成，开始转向,-550,550,1
6.404,779.0,1389.0,1228.0,925.0,0.8793,1.502,1.1675,0.8591,1.0234,0,0,0,0,0,0,1,-4.0,346.0,1024.0,1,0,0,patrol,EDGE_TURN,EDGE_TURN,WAIT,IDLE,,IDLE,,,,,IDLE,,left,0,0,29,no_target,直线退离完成，开始转向,-550,550,1
6.424,785.0,1398.0,1233.0,928.0,0.8824,1.506,1.1675,0.849,1.0249,0,0,0,0,0,0,1,-3.0,703.0,991.0,1,0,0,patrol,EDGE_TURN,EDGE_TURN,WAIT,IDLE,,IDLE,,,,,IDLE,,left,0,0,29,no_target,直线退离完成，开始转向,-550,550,1
6.444,781.0,1376.0,1218.0,920.0,0.8885,1.502,1.1675,0.8389,1.028,0,0,0,0,0,0,1,-3.0,1024.0,1025.0,1,0,0,patrol,EDGE_TURN,EDGE_TURN,WAIT,IDLE,,IDLE,,,,,IDLE,,left,0,0,29,no_target,直线退离完成，开始转向,-550,550,1
6.464,788.0,1383.0,1221.0,922.0,0.9009,1.4901,1.1505,0.8289,1.0257,0,0,0,0,0,0,1,-10.0,327.0,1024.0,1,0,0,patrol,EDGE_TURN,EDGE_TURN,WAIT,IDLE,,IDLE,,,,,IDLE,,left,0,0,29,no_target,直线退离完成，开始转向,-550,550,1
6.484,788.0,1384.0,1217.0,922.0,0.9102,1.4901,1.1432,0.8289,1.0267,0,0,0,0,0,0,1,22.0,227.0,1008.0,1,0,0,patrol,EDGE_TURN,EDGE_TURN,WAIT,IDLE,,IDLE,,,,,IDLE,,left,0,0,30,no_target,直线退离完成，开始转向,-550,550,1
6.505,797.0,1383.0,1227.0,931.0,0.9102,1.4901,1.1505,0.8289,1.0304,0,0,0,0,0,0,1,-4.0,410.0,1006.0,1,0,0,patrol,EDGE_TURN,EDGE_TURN,WAIT,IDLE,,IDLE,,,,,IDLE,,left,0,0,30,no_target,直线退离完成，开始转向,-550,550,1
6.525,798.0,1367.0,1213.0,929.0,0.9381,1.4901,1.1408,0.8523,1.0394,0,0,0,0,0,0,1,-189.0,393.0,1007.0,1,0,0,patrol,EDGE_TURN,EDGE_TURN,WAIT,IDLE,,IDLE,,,,,IDLE,,left,0,0,30,no_target,直线退离完成，开始转向,-550,550,1
6.545,797.0,1353.0,1201.0,927.0,0.9381,1.4583,1.1311,0.8523,1.0346,0,0,0,0,0,0,1,-4.0,262.0,1007.0,1,0,0,patrol,EDGE_TURN,EDGE_TURN,WAIT,IDLE,,IDLE,,,,,IDLE,,left,0,0,30,no_target,直线退离完成，开始转向,-550,550,1
6.565,804.0,1356.0,1209.0,931.0,0.9412,1.4365,1.1214,0.8523,1.0313,0,0,0,0,0,0,1,-4.0,50.0,1022.0,1,0,0,patrol,EDGE_TURN,EDGE_TURN,WAIT,IDLE,,IDLE,,,,,IDLE,,left,0,0,30,no_target,直线退离完成，开始转向,-550,550,1
6.585,799.0,1342.0,1204.0,925.0,0.9443,1.4306,1.1092,0.8456,1.0267,0,0,0,0,0,0,1,-24.0,409.0,1040.0,1,0,0,patrol,EDGE_TURN,EDGE_TURN,WAIT,IDLE,,IDLE,,,,,IDLE,,left,0,0,30,no_target,直线退离完成，开始转向,-550,550,1
6.605,806.0,1345.0,1206.0,929.0,0.9598,1.4147,1.1141,0.8523,1.0369,0,0,0,0,0,0,1,94.0,262.0,1022.0,1,0,0,patrol,EDGE_TURN,EDGE_TURN,WAIT,IDLE,,IDLE,,,,,IDLE,,left,0,0,30,no_target,直线退离完成，开始转向,-550,550,1
6.625,808.0,1344.0,1191.0,928.0,0.9659,1.4127,1.1092,0.849,1.0376,0,0,0,0,0,0,1,1011.0,525.0,1008.0,1,0,0,patrol,EDGE_TURN,EDGE_TURN,WAIT,IDLE,,IDLE,,,,,IDLE,,left,0,0,30,no_target,直线退离完成，开始转向,-550,550,1
6.646,812.0,1349.0,1185.0,932.0,0.9721,1.4147,1.0777,0.8523,1.0249,0,0,0,0,0,0,1,-966.0,344.0,1006.0,1,0,0,patrol,EDGE_TURN,EDGE_TURN,WAIT,IDLE,,IDLE,,,,,IDLE,,left,0,0,31,no_target,直线退离完成，开始转向,-550,550,1
6.666,804.0,1340.0,1174.0,932.0,0.9721,1.4127,1.0631,0.8624,1.0176,0,0,0,0,0,0,1,-3.0,231.0,987.0,1,0,0,patrol,EDGE_TURN,EDGE_TURN,WAIT,IDLE,,IDLE,,,,,IDLE,,left,0,0,31,no_target,直线退离完成，开始转向,-550,550,1
6.686,804.0,1340.0,1174.0,932.0,0.9598,1.4048,1.0364,0.8624,0.9981,0,0,0,0,0,0,1,-3.0,231.0,987.0,1,0,0,patrol,EDGE_TURN,EDGE_TURN,WAIT,IDLE,,IDLE,,,,,IDLE,,left,0,0,31,no_target,直线退离完成，开始转向,-550,550,1
6.706,803.0,1328.0,1163.0,935.0,0.9598,1.4048,1.0364,0.8624,0.9981,0,0,0,0,0,0,1,-5.0,375.0,1024.0,1,0,0,patrol,EDGE_TURN,EDGE_TURN,WAIT,IDLE,,IDLE,,,,,IDLE,,left,0,0,31,no_target,直线退离完成，开始转向,-550,550,1
6.726,800.0,1319.0,1158.0,941.0,0.9567,1.381,1.0097,0.8725,0.9832,0,0,0,0,0,0,1,913.0,327.0,1025.0,1,0,0,patrol,RECOVER_FORWARD,RECOVER_FORWARD,WAIT,IDLE,,IDLE,,,,,IDLE,,,0,0,31,no_target,转向完成，向前离开边缘,400,400,1
6.746,798.0,1319.0,1153.0,941.0,0.9474,1.3631,0.9976,0.8926,0.9725,0,0,0,0,0,0,1,-5.0,345.0,1059.0,1,0,0,patrol,RECOVER_FORWARD,RECOVER_FORWARD,WAIT,IDLE,,IDLE,,,,,IDLE,,,0,0,31,no_target,转向完成，向前离开边缘,400,400,1
6.767,797.0,1317.0,1149.0,940.0,0.9412,1.3631,0.9854,0.8926,0.9633,0,0,0,0,0,0,1,-4.0,345.0,1006.0,1,0,0,patrol,RECOVER_FORWARD,RECOVER_FORWARD,WAIT,IDLE,,IDLE,,,,,IDLE,,,0,0,31,no_target,转向完成，向前离开边缘,400,400,1
6.788,793.0,1317.0,1138.0,939.0,0.9381,1.3591,0.9757,0.8893,0.9569,0,0,0,0,0,0,1,-5.0,360.0,1007.0,1,0,0,patrol,RECOVER_FORWARD,RECOVER_FORWARD,WAIT,IDLE,,IDLE,,,,,IDLE,,,0,0,32,no_target,转向完成，向前离开边缘,400,400,1
6.808,800.0,1308.0,1133.0,944.0,0.9381,1.3591,0.949,0.8893,0.9436,0,0,0,0,0,0,1,-50.0,261.0,1005.0,1,0,0,patrol,RECOVER_FORWARD,RECOVER_FORWARD,WAIT,IDLE,,IDLE,,,,,IDLE,,,0,0,32,no_target,转向完成，向前离开边缘,400,400,1
6.828,796.0,1293.0,1120.0,942.0,0.935,1.3413,0.9369,0.896,0.9359,0,0,0,0,0,0,1,-6.0,495.0,1006.0,1,0,0,patrol,RECOVER_FORWARD,RECOVER_FORWARD,WAIT,IDLE,,IDLE,,,,,IDLE,,,0,0,32,no_target,转向完成，向前离开边缘,400,400,1
6.848,792.0,1287.0,1110.0,947.0,0.935,1.3115,0.9053,0.9027,0.9202,0,0,0,0,0,0,1,-5.0,404.0,1024.0,1,0,0,patrol,RECOVER_FORWARD,RECOVER_FORWARD,WAIT,IDLE,,IDLE,,,,,IDLE,,,0,0,32,no_target,转向完成，向前离开边缘,400,400,1
6.868,780.0,1279.0,1097.0,939.0,0.9226,1.2996,0.8811,0.896,0.9093,0,0,0,0,0,0,1,12.0,245.0,1024.0,1,0,0,patrol,RECOVER_FORWARD,RECOVER_FORWARD,WAIT,IDLE,,IDLE,,,,,IDLE,,,0,0,32,no_target,转向完成，向前离开边缘,400,400,1
6.888,773.0,1278.0,1082.0,935.0,0.8854,1.2837,0.8495,0.8859,0.8857,0,0,0,0,0,0,1,-304.0,392.0,1037.0,1,0,0,patrol,RECOVER_FORWARD,RECOVER_FORWARD,WAIT,IDLE,,IDLE,,,,,IDLE,,,0,0,32,no_target,转向完成，向前离开边缘,400,400,1
6.909,777.0,1293.0,1089.0,946.0,0.8762,1.2837,0.8301,0.8859,0.881,0,0,0,0,0,0,1,-196.0,638.0,1085.0,1,0,0,patrol,RECOVER_FORWARD,RECOVER_FORWARD,WAIT,IDLE,,IDLE,,,,,IDLE,,,0,0,32,no_target,转向完成，向前离开边缘,400,400,1
6.93,770.0,1287.0,1081.0,936.0,0.8638,1.2996,0.8131,0.8758,0.8698,0,0,0,0,0,0,1,-5.0,453.0,1040.0,1,0,0,patrol,RECOVER_FORWARD,RECOVER_FORWARD,WAIT,IDLE,,IDLE,,,,,IDLE,,,0,0,33,no_target,转向完成，向前离开边缘,400,400,1
6.95,773.0,1289.0,1083.0,938.0,0.8638,1.3036,0.8155,0.8826,0.8732,0,0,0,0,0,0,1,-3.0,637.0,1064.0,1,0,0,patrol,RECOVER_FORWARD,RECOVER_FORWARD,WAIT,IDLE,,IDLE,,,,,IDLE,,,0,0,33,no_target,转向完成，向前离开边缘,400,400,1
6.97,775.0,1292.0,1084.0,939.0,0.8638,1.3036,0.8155,0.8826,0.8732,0,0,0,0,0,0,1,-4.0,312.0,1004.0,1,0,0,patrol,RECOVER_FORWARD,RECOVER_FORWARD,WAIT,IDLE,,IDLE,,,,,IDLE,,,0,0,33,no_target,转向完成，向前离开边缘,400,400,1
6.99,780.0,1298.0,1088.0,943.0,0.87,1.3095,0.818,0.8859,0.8779,0,0,0,0,0,0,1,-3.0,377.0,990.0,1,0,0,patrol,RECOVER_FORWARD,RECOVER_FORWARD,WAIT,IDLE,,IDLE,,,,,IDLE,,,0,0,33,no_target,转向完成，向前离开边缘,400,400,1
7.01,782.0,1305.0,1088.0,944.0,0.8854,1.3214,0.8277,0.8993,0.8924,0,0,0,0,0,0,1,-4.0,226.0,989.0,1,0,0,patrol,RECOVER_FORWARD,RECOVER_FORWARD,WAIT,IDLE,,IDLE,,,,,IDLE,,,0,0,33,no_target,转向完成，向前离开边缘,400,400,1
7.031,780.0,1301.0,1084.0,941.0,0.8854,1.3274,0.8277,0.8993,0.8924,0,0,0,0,0,0,1,-3.0,225.0,987.0,1,0,0,patrol,RECOVER_FORWARD,RECOVER_FORWARD,WAIT,IDLE,,IDLE,,,,,IDLE,,,0,0,33,no_target,转向完成，向前离开边缘,400,400,1
7.051,777.0,1299.0,1083.0,936.0,0.8854,1.3274,0.818,0.8926,0.889,0,0,0,0,0,0,1,6.0,279.0,987.0,1,0,0,patrol,RECOVER_FORWARD,RECOVER_FORWARD,WAIT,IDLE,,IDLE,,,,,IDLE,,,0,0,33,no_target,转向完成，向前离开边缘,400,400,1
7.071,785.0,1317.0,1097.0,944.0,0.8854,1.3274,0.818,0.8926,0.889,0,0,0,0,0,0,1,331.0,345.0,1024.0,1,0,0,patrol,RECOVER_FORWARD,RECOVER_FORWARD,WAIT,IDLE,,IDLE,,,,,IDLE,,,0,0,34,no_target,转向完成，向前离开边缘,400,400,1
7.091,784.0,1311.0,1095.0,944.0,0.8978,1.3472,0.8447,0.9027,0.9003,0,0,0,0,0,0,1,-5.0,388.0,1047.0,1,0,0,patrol,RECOVER_FORWARD,RECOVER_FORWARD,WAIT,IDLE,,IDLE,,,,,IDLE,,,0,0,34,no_target,转向完成，向前离开边缘,400,400,1
7.112,788.0,1312.0,1096.0,944.0,0.9009,1.3492,0.8471,0.9027,0.9018,0,0,0,0,0,0,1,-5.0,342.0,1037.0,1,0,0,patrol,RECOVER_FORWARD,RECOVER_FORWARD,WAIT,IDLE,,IDLE,,,,,IDLE,,,0,0,34,no_target,转向完成，向前离开边缘,400,400,1
7.132,789.0,1309.0,1096.0,944.0,0.9102,1.3472,0.8471,0.9027,0.9065,0,0,0,0,0,0,1,-4.0,360.0,1024.0,1,0,0,patrol,RECOVER_FORWARD,RECOVER_FORWARD,WAIT,IDLE,,IDLE,,,,,IDLE,,,0,0,34,no_target,转向完成，向前离开边缘,400,400,1
7.152,789.0,1309.0,1096.0,944.0,0.9133,1.3433,0.8471,0.9027,0.908,0,0,0,0,0,0,1,-4.0,360.0,1024.0,1,0,0,patrol,RECOVER_FORWARD,RECOVER_FORWARD,WAIT,IDLE,,IDLE,,,,,IDLE,,,0,0,34,no_target,转向完成，向前离开边缘,400,400,1
7.172,801.0,1321.0,1110.0,958.0,0.9133,1.3433,0.8471,0.9027,0.908,0,0,0,0,0,0,1,-4.0,344.0,1024.0,1,0,0,patrol,RECOVER_FORWARD,RECOVER_FORWARD,WAIT,IDLE,,IDLE,,,,,IDLE,,,0,0,34,no_target,转向完成，向前离开边缘,400,400,1
7.192,798.0,1307.0,1101.0,952.0,0.9412,1.3433,0.8592,0.9295,0.9354,0,0,0,0,0,0,1,24.0,418.0,1022.0,1,0,0,patrol,RECOVER_FORWARD,RECOVER_FORWARD,WAIT,IDLE,,IDLE,,,,,IDLE,,,0,0,34,no_target,转向完成，向前离开边缘,400,400,1
7.212,806.0,1308.0,1109.0,957.0,0.9505,1.3413,0.8786,0.9463,0.9484,0,0,0,0,0,0,1,131.0,376.0,1006.0,1,0,0,patrol,RECOVER_FORWARD,RECOVER_FORWARD,WAIT,IDLE,,IDLE,,,,,IDLE,,,0,0,35,target,转向完成，向前离开边缘,400,400,1
7.232,821.0,1325.0,1124.0,972.0,0.9659,1.3413,0.8786,0.9463,0.9561,0,0,0,0,0,0,1,-4.0,361.0,1024.0,1,0,0,patrol,RECOVER_FORWARD,RECOVER_FORWARD,WAIT,IDLE,,IDLE,,,,,IDLE,,,0,0,35,target,转向完成，向前离开边缘,400,400,1
7.252,822.0,1321.0,1115.0,967.0,1.0124,1.3671,0.8932,0.9799,0.9961,0,0,0,0,0,0,1,-10.0,1107.0,1039.0,1,0,0,patrol,RECOVER_FORWARD,RECOVER_FORWARD,WAIT,IDLE,,IDLE,,,,,IDLE,,,0,0,35,target,转向完成，向前离开边缘,400,400,1
7.273,822.0,1319.0,1116.0,966.0,1.0155,1.3671,0.8956,0.9799,0.9977,0,0,0,0,0,0,1,-4.0,344.0,1021.0,1,0,0,patrol,RECOVER_FORWARD,RECOVER_FORWARD,WAIT,IDLE,,IDLE,,,,,IDLE,,,0,0,35,target,转向完成，向前离开边缘,400,400,1
7.293,830.0,1323.0,1130.0,975.0,1.0155,1.3671,0.8956,0.9799,0.9977,0,0,0,0,0,0,1,294.0,230.0,1006.0,1,0,0,patrol,RECOVER_FORWARD,RECOVER_FORWARD,WAIT,IDLE,,IDLE,,,,,IDLE,,,0,0,35,target,转向完成，向前离开边缘,400,400,1
7.313,837.0,1313.0,1131.0,976.0,1.0402,1.3631,0.9296,1.0067,1.0235,0,0,0,0,0,0,1,-239.0,443.0,1024.0,1,0,0,patrol,RECOVER_FORWARD,RECOVER_FORWARD,WAIT,IDLE,,IDLE,,,,,IDLE,,,0,0,35,target,转向完成，向前离开边缘,400,400,1
7.333,848.0,1336.0,1141.0,984.0,1.0619,1.371,0.932,1.0101,1.036,0,0,0,0,0,0,1,-223.0,361.0,1037.0,1,0,0,patrol,RECOVER_FORWARD,RECOVER_FORWARD,WAIT,IDLE,,IDLE,,,,,IDLE,,,0,0,35,target,转向完成，向前离开边缘,400,400,1
7.353,855.0,1348.0,1143.0,987.0,1.096,1.3968,0.9563,1.0369,1.0664,0,0,0,0,0,0,1,132.0,360.0,988.0,1,0,0,patrol,RECOVER_FORWARD,RECOVER_FORWARD,WAIT,IDLE,,IDLE,,,,,IDLE,,,0,0,36,target,转向完成，向前离开边缘,400,400,1
7.373,862.0,1368.0,1154.0,999.0,1.1176,1.4206,0.9612,1.047,1.0823,0,0,0,0,0,0,1,62.0,588.0,1008.0,1,0,0,patrol,RECOVER_FORWARD,RECOVER_FORWARD,WAIT,IDLE,,IDLE,,,,,IDLE,,,0,0,36,target,转向完成，向前离开边缘,400,400,1
7.394,867.0,1390.0,1162.0,1010.0,1.1393,1.4603,0.9879,1.0872,1.1133,0,0,0,0,0,0,1,-3.0,703.0,991.0,1,0,0,patrol,RECOVER_FORWARD,RECOVER_FORWARD,WAIT,IDLE,,IDLE,,,,,IDLE,,,0,0,36,target,转向完成，向前离开边缘,400,400,1
7.414,867.0,1384.0,1157.0,1016.0,1.1548,1.4921,0.9951,1.1242,1.1395,0,0,0,0,0,0,1,107.0,361.0,973.0,1,0,0,patrol,RECOVER_FORWARD,RECOVER_FORWARD,WAIT,IDLE,,IDLE,,,,,IDLE,,,0,0,36,target,转向完成，向前离开边缘,400,400,1
7.434,870.0,1392.0,1156.0,1025.0,1.1548,1.504,0.9951,1.1443,1.1495,0,0,0,0,0,0,1,-32.0,392.0,1005.0,1,0,0,patrol,RECOVER_FORWARD,RECOVER_FORWARD,WAIT,IDLE,,IDLE,,,,,IDLE,,,0,0,36,target,转向完成，向前离开边缘,400,400,1
7.454,878.0,1405.0,1171.0,1031.0,1.1641,1.5079,0.9951,1.1745,1.1693,0,0,0,0,0,0,1,-52.0,352.0,974.0,1,0,0,patrol,RECOVER_FORWARD,RECOVER_FORWARD,WAIT,IDLE,,IDLE,,,,,IDLE,,,0,0,36,target,转向完成，向前离开边缘,400,400,1
7.474,899.0,1415.0,1197.0,1049.0,1.1889,1.5337,1.0291,1.1946,1.1917,0,0,0,0,0,0,1,11.0,361.0,990.0,1,0,0,patrol,RECOVER_FORWARD,RECOVER_FORWARD,WAIT,IDLE,,IDLE,,,,,IDLE,,,0,0,36,target,转向完成，向前离开边缘,400,400,1
7.494,908.0,1418.0,1200.0,1058.0,1.2539,1.5536,1.0922,1.255,1.2545,0,0,0,0,0,0,1,23.0,345.0,988.0,1,0,0,patrol,RECOVER_FORWARD,RECOVER_FORWARD,WAIT,IDLE,,IDLE,,,,,IDLE,,,0,0,36,target,转向完成，向前离开边缘,400,400,1
7.515,913.0,1424.0,1210.0,1062.0,1.2817,1.5595,1.0995,1.2852,1.2835,0,0,0,0,0,0,1,-212.0,590.0,989.0,1,0,0,patrol,RECOVER_FORWARD,RECOVER_FORWARD,WAIT,IDLE,,IDLE,,,,,IDLE,,,0,0,37,target,转向完成，向前离开边缘,400,400,1
7.535,924.0,1438.0,1224.0,1074.0,1.2972,1.5714,1.1238,1.2987,1.2979,0,0,0,0,0,0,1,24.0,702.0,1009.0,1,0,0,patrol,RECOVER_FORWARD,RECOVER_FORWARD,WAIT,IDLE,,IDLE,,,,,IDLE,,,0,0,37,target,转向完成，向前离开边缘,400,400,1
7.555,919.0,1421.0,1215.0,1065.0,1.3158,1.5714,1.1359,1.3087,1.3123,0,0,0,0,0,0,1,-14.0,312.0,1006.0,1,0,0,patrol,RECOVER_FORWARD,RECOVER_FORWARD,WAIT,IDLE,,IDLE,,,,,IDLE,,,0,0,37,target,转向完成，向前离开边缘,400,400,1
7.575,928.0,1415.0,1221.0,1088.0,1.3313,1.5655,1.1505,1.3389,1.3351,0,0,0,0,0,0,1,-38.0,329.0,1005.0,1,0,0,patrol,RECOVER_FORWARD,RECOVER_FORWARD,WAIT,IDLE,,IDLE,,,,,IDLE,,,0,0,37,target,转向完成，向前离开边缘,400,400,1
7.595,943.0,1430.0,1230.0,1109.0,1.3437,1.5655,1.1505,1.3859,1.3648,0,0,0,0,0,0,1,8.0,247.0,989.0,1,0,0,patrol,RECOVER_FORWARD,RECOVER_FORWARD,WAIT,IDLE,,IDLE,,,,,IDLE,,,0,0,37,target,转向完成，向前离开边缘,400,400,1
7.615,947.0,1448.0,1235.0,1100.0,1.3901,1.5833,1.1723,1.4262,1.4081,0,0,0,0,0,0,1,8.0,377.0,1008.0,1,0,0,patrol,RECOVER_FORWARD,RECOVER_FORWARD,WAIT,IDLE,,IDLE,,,,,IDLE,,,0,0,37,target,转向完成，向前离开边缘,400,400,1
7.636,957.0,1474.0,1241.0,1104.0,1.4025,1.619,1.1845,1.4396,1.421,0,0,0,0,0,0,1,19.0,377.0,1007.0,1,0,0,patrol,RECOVER_FORWARD,RECOVER_FORWARD,WAIT,IDLE,,IDLE,,,,,IDLE,,,0,0,37,target,转向完成，向前离开边缘,400,400,1
7.656,969.0,1490.0,1256.0,1114.0,1.4334,1.6706,1.199,1.4396,1.4365,0,0,0,0,0,0,1,11.0,248.0,1020.0,1,0,0,patrol,RECOVER_FORWARD,RECOVER_FORWARD,WAIT,IDLE,,IDLE,,,,,IDLE,,,0,0,38,target,转向完成，向前离开边缘,400,400,1
7.676,980.0,1506.0,1275.0,1104.0,1.4706,1.7024,1.2354,1.4396,1.4551,0,0,0,0,0,0,1,0.0,377.0,1024.0,1,0,0,patrol,RECOVER_FORWARD,RECOVER_FORWARD,WAIT,IDLE,,IDLE,,,,,IDLE,,,0,0,38,target,转向完成，向前离开边缘,400,400,1
7.696,983.0,1510.0,1274.0,1111.0,1.5046,1.7341,1.2791,1.4631,1.4839,0,0,0,0,0,0,1,23.0,670.0,1041.0,1,0,0,patrol,RECOVER_FORWARD,RECOVER_FORWARD,WAIT,IDLE,,IDLE,,,,,IDLE,,,0,0,38,target,转向完成，向前离开边缘,400,400,1
7.716,988.0,1504.0,1273.0,1125.0,1.5139,1.7341,1.2791,1.4631,1.4885,0,0,0,0,0,0,1,37.0,248.0,1037.0,1,0,0,patrol,RECOVER_FORWARD,RECOVER_FORWARD,WAIT,IDLE,,IDLE,,,,,IDLE,,,0,0,38,target,转向完成，向前离开边缘,400,400,1
7.737,988.0,1504.0,1273.0,1125.0,1.5294,1.7302,1.2767,1.5101,1.5197,0,0,0,0,0,0,1,37.0,248.0,1037.0,1,0,0,patrol,RECOVER_FORWARD,RECOVER_FORWARD,WAIT,IDLE,,IDLE,,,,,IDLE,,,0,0,38,target,转向完成，向前离开边缘,400,400,1
7.757,1001.0,1511.0,1269.0,1151.0,1.5294,1.7302,1.2767,1.5101,1.5197,0,0,0,0,0,0,1,21.0,787.0,1040.0,1,0,0,patrol,RECOVER_FORWARD,RECOVER_FORWARD,WAIT,IDLE,,IDLE,,,,,IDLE,,,0,0,38,target,转向完成，向前离开边缘,400,400,1
7.777,1021.0,1521.0,1281.0,1157.0,1.5697,1.744,1.2767,1.5973,1.5835,0,0,0,0,0,0,1,66.0,655.0,1024.0,1,0,0,patrol,RECOVER_FORWARD,RECOVER_FORWARD,WAIT,IDLE,,IDLE,,,,,IDLE,,,0,0,38,target,转向完成，向前离开边缘,400,400,1
7.797,1032.0,1536.0,1301.0,1171.0,1.6316,1.7639,1.2961,1.6174,1.6245,0,0,0,0,0,0,1,68.0,392.0,1012.0,1,0,0,patrol,RECOVER_FORWARD,RECOVER_FORWARD,WAIT,IDLE,,IDLE,,,,,IDLE,,,0,0,39,target,转向完成，向前离开边缘,400,400,1
7.817,1032.0,1540.0,1310.0,1172.0,1.6656,1.7937,1.3447,1.6644,1.665,0,0,0,0,0,0,1,150.0,264.0,1031.0,1,0,0,patrol,RECOVER_FORWARD,RECOVER_FORWARD,WAIT,IDLE,,IDLE,,,,,IDLE,,,0,0,39,target,转向完成，向前离开边缘,400,400,1
7.837,1040.0,1569.0,1327.0,1194.0,1.6656,1.8016,1.3665,1.6678,1.6667,0,0,0,0,0,0,1,78.0,380.0,1024.0,1,0,0,patrol,RECOVER_FORWARD,RECOVER_FORWARD,WAIT,IDLE,,IDLE,,,,,IDLE,,,0,0,39,target,转向完成，向前离开边缘,400,400,1
7.858,1050.0,1571.0,1332.0,1198.0,1.6904,1.8591,1.4078,1.7416,1.716,0,0,0,0,0,0,1,129.0,377.0,973.0,1,0,0,patrol,RECOVER_FORWARD,RECOVER_FORWARD,WAIT,IDLE,,IDLE,,,,,IDLE,,,0,0,39,target,转向完成，向前离开边缘,400,400,1
7.878,1071.0,1577.0,1344.0,1213.0,1.7214,1.8631,1.4199,1.755,1.7382,0,0,0,0,0,0,1,80.0,95.0,1005.0,1,0,0,patrol,RECOVER_FORWARD,RECOVER_FORWARD,WAIT,IDLE,,IDLE,,,,,IDLE,,,0,0,39,target,转向完成，向前离开边缘,400,400,1
7.898,1080.0,1574.0,1344.0,1223.0,1.7864,1.869,1.449,1.8054,1.7959,0,0,0,0,0,0,1,14.0,296.0,1014.0,1,0,0,patrol,RECOVER_FORWARD,RECOVER_FORWARD,WAIT,IDLE,,IDLE,,,,,IDLE,,,0,0,39,target,转向完成，向前离开边缘,400,400,1
7.919,1088.0,1586.0,1357.0,1240.0,1.8142,1.875,1.449,1.8389,1.8266,0,0,0,0,0,0,1,176.0,788.0,991.0,1,0,0,patrol,RECOVER_FORWARD,RECOVER_FORWARD,WAIT,IDLE,,IDLE,,,,,IDLE,,,0,0,39,target,转向完成，向前离开边缘,400,400,1
7.939,1083.0,1592.0,1362.0,1240.0,1.8235,1.8929,1.4806,1.896,1.8582,0,0,0,0,0,0,1,134.0,101.0,989.0,1,0,0,patrol,RECOVER_FORWARD,RECOVER_FORWARD,WAIT,IDLE,,IDLE,,,,,IDLE,,,0,0,39,target,转向完成，向前离开边缘,400,400,1
7.959,1101.0,1621.0,1377.0,1248.0,1.839,1.9048,1.4927,1.896,1.8675,0,0,0,0,0,0,1,227.0,211.0,988.0,1,0,0,patrol,RECOVER_FORWARD,RECOVER_FORWARD,WAIT,IDLE,,IDLE,,,,,IDLE,,,0,0,40,target,转向完成，向前离开边缘,400,400,1
7.979,1117.0,1643.0,1388.0,1250.0,1.8793,1.9623,1.5291,1.9228,1.901,0,0,0,0,0,0,1,62.0,362.0,987.0,1,0,0,patrol,RECOVER_FORWARD,RECOVER_FORWARD,WAIT,IDLE,,IDLE,,,,,IDLE,,,0,0,40,target,转向完成，向前离开边缘,400,400,1
8.0,1130.0,1659.0,1395.0,1256.0,1.9288,2.006,1.5558,1.9295,1.9292,0,0,0,0,0,0,1,26.0,362.0,990.0,1,0,0,patrol,RECOVER_FORWARD,RECOVER_FORWARD,WAIT,IDLE,,IDLE,,,,,IDLE,,,0,0,40,target,转向完成，向前离开边缘,400,400,1
8.02,1136.0,1661.0,1404.0,1267.0,1.969,2.0377,1.5728,1.9497,1.9594,1,0,0,0,0,0,1,157.0,803.0,992.0,1,0,0,patrol,RECOVER_FORWARD,RECOVER_FORWARD,WAIT,IDLE,,IDLE,,,,,IDLE,,,0,0,40,target,转向完成，向前离开边缘,400,400,1
8.04,1133.0,1672.0,1414.0,1271.0,1.9783,2.0417,1.5947,1.9866,1.9825,1,0,0,0,0,0,1,179.0,734.0,1024.0,1,0,0,patrol,RECOVER_FORWARD,RECOVER_FORWARD,WAIT,IDLE,,IDLE,,,,,IDLE,,,0,0,40,target,转向完成，向前离开边缘,400,400,1
8.061,1152.0,1681.0,1426.0,1284.0,1.9876,2.0635,1.6189,2.0,1.9938,1,0,0,0,0,0,1,358.0,368.0,1006.0,1,0,0,patrol,RECOVER_FORWARD,RECOVER_FORWARD,WAIT,IDLE,,IDLE,,,,,IDLE,,,0,0,40,target,转向完成，向前离开边缘,400,400,1
8.081,1154.0,1681.0,1430.0,1284.0,2.0372,2.0813,1.6481,2.0436,2.0404,1,0,0,0,0,0,1,288.0,362.0,1008.0,1,0,0,patrol,RECOVER_FORWARD,RECOVER_FORWARD,WAIT,IDLE,,IDLE,,,,,IDLE,,,0,0,40,target,转向完成，向前离开边缘,400,400,1
8.101,1152.0,1696.0,1431.0,1288.0,2.0372,2.0813,1.6578,2.0436,2.0404,1,0,0,0,0,0,1,312.0,252.0,1005.0,1,0,0,patrol,RECOVER_FORWARD,RECOVER_FORWARD,WAIT,IDLE,,IDLE,,,,,IDLE,,,0,0,41,target,转向完成，向前离开边缘,400,400,1
8.122,1133.0,1710.0,1444.0,1300.0,2.0372,2.1111,1.6602,2.057,2.0471,1,0,0,0,0,0,1,279.0,425.0,1021.0,1,0,0,patrol,RECOVER_FORWARD,RECOVER_FORWARD,WAIT,IDLE,,IDLE,,,,,IDLE,,,0,0,41,target,转向完成，向前离开边缘,400,400,1
8.142,1076.0,1715.0,1451.0,1307.0,1.9783,2.1389,1.6917,2.0973,2.0378,1,0,0,0,0,0,1,422.0,346.0,1024.0,1,0,0,patrol,RECOVER_FORWARD,RECOVER_FORWARD,WAIT,IDLE,,IDLE,,,,,IDLE,,,0,0,41,target,转向完成，向前离开边缘,400,400,1
8.162,992.0,1703.0,1449.0,1302.0,1.8019,2.1389,1.7039,2.104,1.9529,1,0,0,0,0,0,1,485.0,1139.0,1043.0,1,0,0,patrol,RECOVER_FORWARD,RECOVER_FORWARD,WAIT,IDLE,,IDLE,,,,,IDLE,,,0,0,41,target,转向完成，向前离开边缘,400,400,1
8.183,920.0,1723.0,1457.0,1313.0,1.5418,2.1488,1.7087,2.1208,1.9148,1,0,0,0,0,0,1,422.0,280.0,1060.0,1,0,0,patrol,RECOVER_FORWARD,RECOVER_FORWARD,WAIT,IDLE,,IDLE,,,,,IDLE,,,0,0,41,target,转向完成，向前离开边缘,400,400,1
8.203,885.0,1744.0,1474.0,1320.0,1.3189,2.1647,1.7233,2.1409,1.9321,1,0,0,0,0,0,1,129.0,410.0,1052.0,1,0,0,patrol,RECOVER_FORWARD,RECOVER_FORWARD,WAIT,IDLE,,IDLE,,,,,IDLE,,,0,0,41,target,转向完成，向前离开边缘,400,400,1
8.223,865.0,1756.0,1477.0,1336.0,1.2105,2.2063,1.7646,2.1644,1.9645,1,0,0,0,0,0,1,451.0,443.0,1008.0,1,0,0,patrol,RECOVER_FORWARD,RECOVER_FORWARD,WAIT,IDLE,,IDLE,,,,,IDLE,,,0,0,41,target,转向完成，向前离开边缘,400,400,1
8.243,866.0,1773.0,1496.0,1353.0,1.1517,2.2302,1.7718,2.2181,1.995,1,0,0,0,0,0,1,711.0,381.0,1024.0,1,0,0,hunt,BAD_CONFIRM,CRUISE,WAIT,IDLE,avoid_bad,BAD_CONFIRM,bad,0.965625,0.0,front,IDLE,,,0,0,42,target,红外近距 bad 等待不同视觉帧确认,0,0,1
8.264,863.0,1752.0,1505.0,1347.0,1.1486,2.2302,1.818,2.255,2.0241,1,0,0,0,0,0,1,459.0,560.0,1038.0,1,0,0,hunt,BAD_CONFIRM,CRUISE,WAIT,IDLE,avoid_bad,BAD_CONFIRM,bad,0.965625,0.0,front,IDLE,,,0,0,42,target,红外近距 bad 等待不同视觉帧确认,0,0,1
8.284,856.0,1760.0,1503.0,1328.0,1.1424,2.2381,1.835,2.255,2.0365,1,0,0,0,0,0,1,592.0,394.0,1038.0,1,0,0,hunt,BAD_CONFIRM,CRUISE,WAIT,IDLE,avoid_bad,BAD_CONFIRM,bad,0.965625,0.0,front,IDLE,,,0,0,42,target,红外近距 bad 等待不同视觉帧确认,0,0,1
8.304,861.0,1775.0,1509.0,1294.0,1.1362,2.2381,1.8398,2.1913,2.0155,1,0,0,0,0,0,1,424.0,395.0,1024.0,1,0,0,hunt,BAD_CONFIRM,CRUISE,WAIT,IDLE,avoid_bad,BAD_CONFIRM,bad,0.965625,0.0,front,IDLE,,,0,0,42,target,红外近距 bad 等待不同视觉帧确认,0,0,1
8.324,861.0,1775.0,1509.0,1294.0,1.1362,2.2679,1.8495,2.0772,1.9633,1,0,0,0,0,0,1,424.0,395.0,1024.0,1,0,0,hunt,BAD_CONFIRM,CRUISE,WAIT,IDLE,avoid_bad,BAD_CONFIRM,bad,0.965625,0.0,front,IDLE,,,0,0,42,target,红外近距 bad 等待不同视觉帧确认,0,0,1
8.344,863.0,1783.0,1505.0,1233.0,1.1362,2.2679,1.8495,2.0772,1.9633,1,0,0,0,0,0,1,-286.0,212.0,1006.0,1,0,0,hunt,BAD_CONFIRM,CRUISE,WAIT,IDLE,avoid_bad,BAD_CONFIRM,bad,0.965625,0.0,front,IDLE,,,0,0,42,target,红外近距 bad 等待不同视觉帧确认,0,0,1
8.364,863.0,1798.0,1506.0,1167.0,1.1424,2.2837,1.8422,1.8725,1.8574,1,0,0,0,0,0,1,424.0,112.0,1008.0,1,0,0,hunt,BAD_CONFIRM,CRUISE,WAIT,IDLE,avoid_bad,BAD_CONFIRM,bad,0.965625,0.0,front,IDLE,,,0,0,42,target,红外近距 bad 等待不同视觉帧确认,0,0,1
8.384,867.0,1809.0,1511.0,1115.0,1.1424,2.3135,1.8422,1.651,1.7466,1,0,0,0,0,0,1,1019.0,345.0,1022.0,1,0,0,hunt,BAD_CONFIRM,CRUISE,WAIT,IDLE,avoid_bad,BAD_CONFIRM,bad,0.965625,0.0,front,IDLE,,,0,0,42,target,红外近距 bad 等待不同视觉帧确认,0,0,1
8.405,865.0,1808.0,1516.0,1081.0,1.1486,2.3333,1.8544,1.4765,1.6654,1,0,0,0,0,0,1,470.0,42.0,1006.0,1,0,0,hunt,AVOID_TURN,CRUISE,WAIT,IDLE,avoid_bad,AVOID_TURN,bad,,0.025,front,IDLE,,right,0,0,43,target,近距 bad 已确认，锁定方向原地转 90 度,550,-550,1
8.425,866.0,1816.0,1530.0,1067.0,1.1517,2.3353,1.8665,1.3624,1.6145,1,0,0,0,0,0,1,646.0,64.0,1021.0,1,0,0,hunt,AVOID_TURN,CRUISE,WAIT,IDLE,avoid_bad,AVOID_TURN,,,,front,IDLE,,right,0,0,43,target,锁定方向完成 90 度原地转向,550,-550,1
8.445,858.0,1794.0,1519.0,1043.0,1.1486,2.3333,1.8738,1.3154,1.5946,1,0,0,0,0,0,1,518.0,37.0,1030.0,1,0,0,hunt,AVOID_TURN,CRUISE,WAIT,IDLE,avoid_bad,AVOID_TURN,,,,front,IDLE,,right,0,0,43,target,锁定方向完成 90 度原地转向,550,-550,1
8.465,865.0,1813.0,1532.0,1049.0,1.1486,2.3433,1.9005,1.255,1.5778,1,0,0,0,0,0,1,518.0,128.0,1022.0,1,0,0,hunt,AVOID_TURN,CRUISE,WAIT,IDLE,avoid_bad,AVOID_TURN,,,,front,IDLE,,right,0,0,43,target,锁定方向完成 90 度原地转向,550,-550,1
8.485,861.0,1807.0,1527.0,1044.0,1.1362,2.3313,1.8932,1.2383,1.5657,1,0,0,0,0,0,1,-320.0,80.0,1045.0,1,0,0,hunt,AVOID_TURN,CRUISE,WAIT,IDLE,avoid_bad,AVOID_TURN,,,,front,IDLE,,right,0,0,43,target,锁定方向完成 90 度原地转向,550,-550,1
8.506,861.0,1809.0,1528.0,1045.0,1.1362,2.3353,1.8956,1.2416,1.5686,1,0,0,0,0,0,1,1081.0,80.0,1018.0,1,0,0,hunt,AVOID_TURN,CRUISE,WAIT,IDLE,avoid_bad,AVOID_TURN,,,,front,IDLE,,right,0,0,43,target,锁定方向完成 90 度原地转向,550,-550,1
8.526,860.0,1808.0,1527.0,1047.0,1.1362,2.3333,1.8932,1.2416,1.5674,1,0,0,0,0,0,1,472.0,89.0,1021.0,1,0,0,hunt,AVOID_TURN,CRUISE,WAIT,IDLE,avoid_bad,AVOID_TURN,,,,front,IDLE,,right,0,0,43,target,锁定方向完成 90 度原地转向,550,-550,1
8.546,859.0,1806.0,1526.0,1047.0,1.1331,2.3333,1.8932,1.2483,1.5708,1,0,0,0,0,0,1,631.0,930.0,1026.0,1,0,0,hunt,AVOID_TURN,CRUISE,WAIT,IDLE,avoid_bad,AVOID_TURN,,,,front,IDLE,,right,0,0,44,target,锁定方向完成 90 度原地转向,550,-550,1
8.566,865.0,1819.0,1537.0,1051.0,1.1331,2.3333,1.8932,1.2483,1.5708,1,0,0,0,0,0,1,350.0,26.0,1021.0,1,0,0,hunt,AVOID_TURN,CRUISE,WAIT,IDLE,avoid_bad,AVOID_TURN,,,,front,IDLE,,right,0,0,44,target,锁定方向完成 90 度原地转向,550,-550,1
8.587,872.0,1832.0,1550.0,1057.0,1.1486,2.3552,1.9175,1.2617,1.5896,1,0,0,0,0,0,1,664.0,346.0,1020.0,1,0,0,hunt,AVOID_TURN,CRUISE,WAIT,IDLE,avoid_bad,AVOID_TURN,,,,front,IDLE,,right,0,0,44,target,锁定方向完成 90 度原地转向,550,-550,1
8.607,866.0,1820.0,1542.0,1048.0,1.1517,2.3571,1.9296,1.2617,1.5957,1,0,0,0,0,0,1,-250.0,96.0,1021.0,1,0,0,hunt,AVOID_TURN,CRUISE,WAIT,IDLE,avoid_bad,AVOID_TURN,,,,front,IDLE,,right,0,0,44,target,锁定方向完成 90 度原地转向,550,-550,1
8.627,864.0,1821.0,1546.0,1048.0,1.1517,2.3591,1.9393,1.2517,1.5955,1,0,0,0,0,0,1,321.0,128.0,1022.0,1,0,0,hunt,AVOID_TURN,CRUISE,WAIT,IDLE,avoid_bad,AVOID_TURN,,,,front,IDLE,,right,0,0,44,target,锁定方向完成 90 度原地转向,550,-550,1
8.647,857.0,1809.0,1538.0,1042.0,1.1455,2.3571,1.9296,1.2517,1.5906,1,0,0,0,0,0,1,581.0,212.0,1035.0,1,0,0,hunt,AVOID_TURN,CRUISE,WAIT,IDLE,avoid_bad,AVOID_TURN,,,,front,IDLE,,right,0,0,44,target,锁定方向完成 90 度原地转向,550,-550,1
8.667,858.0,1814.0,1542.0,1052.0,1.1269,2.3452,1.9296,1.2517,1.5906,1,0,0,0,0,0,1,323.0,26.0,1035.0,1,0,0,hunt,AVOID_TURN,CRUISE,WAIT,IDLE,avoid_bad,AVOID_TURN,,,,front,IDLE,,right,0,0,44,target,锁定方向完成 90 度原地转向,550,-550,1
8.688,860.0,1817.0,1549.0,1067.0,1.1269,2.3452,1.9296,1.2651,1.5974,1,0,0,0,0,0,1,404.0,362.0,1024.0,1,0,0,hunt,AVOID_TURN,CRUISE,WAIT,IDLE,avoid_bad,AVOID_TURN,,,,front,IDLE,,right,0,0,44,target,锁定方向完成 90 度原地转向,550,-550,1
8.708,859.0,1820.0,1552.0,1082.0,1.13,2.3512,1.9466,1.3154,1.631,1,0,0,0,0,0,1,89.0,51.0,1038.0,1,0,0,hunt,AVOID_TURN,CRUISE,WAIT,IDLE,avoid_bad,AVOID_TURN,,,,front,IDLE,,right,0,0,44,target,锁定方向完成 90 度原地转向,550,-550,1
8.728,861.0,1824.0,1555.0,1108.0,1.1331,2.3571,1.9539,1.3658,1.6598,1,0,0,0,0,0,1,177.0,281.0,1060.0,1,0,0,hunt,AVOID_TURN,CRUISE,WAIT,IDLE,avoid_bad,AVOID_TURN,,,,front,IDLE,,right,0,0,44,target,锁定方向完成 90 度原地转向,550,-550,1
8.748,863.0,1834.0,1560.0,1144.0,1.1362,2.3651,1.9612,1.453,1.7071,1,0,0,0,0,0,1,374.0,113.0,1100.0,1,0,0,hunt,AVOID_TURN,CRUISE,WAIT,IDLE,avoid_bad,AVOID_TURN,,,,front,IDLE,,right,0,0,44,target,锁定方向完成 90 度原地转向,550,-550,1
8.768,862.0,1833.0,1537.0,1180.0,1.1393,2.3829,1.9612,1.5738,1.7675,1,0,0,0,0,0,1,377.0,34.0,1054.0,1,0,0,hunt,AVOID_TURN,CRUISE,WAIT,IDLE,avoid_bad,AVOID_TURN,,,,front,IDLE,,right,0,0,44,target,锁定方向完成 90 度原地转向,550,-550,1
8.788,869.0,1836.0,1476.0,1217.0,1.1424,2.3849,1.9175,1.6946,1.8061,0,0,0,0,0,0,1,362.0,393.0,1038.0,1,0,0,hunt,AVOID_TURN,CRUISE,WAIT,IDLE,avoid_bad,AVOID_TURN,,,,,IDLE,,right,0,0,44,target,锁定方向完成 90 度原地转向,550,-550,1
8.808,878.0,1833.0,1377.0,1249.0,1.161,2.3829,1.7694,1.8188,1.7941,0,0,0,0,0,0,1,346.0,298.0,1068.0,1,0,0,hunt,AVOID_TURN,CRUISE,WAIT,IDLE,avoid_bad,AVOID_TURN,,,,,IDLE,,right,0,0,44,target,锁定方向完成 90 度原地转向,550,-550,1
8.828,901.0,1840.0,1284.0,1281.0,1.1889,2.3889,1.5291,1.9262,1.7277,0,0,0,0,0,0,1,331.0,428.0,1054.0,1,0,0,hunt,AVOID_TURN,CRUISE,WAIT,IDLE,avoid_bad,AVOID_TURN,,,,,IDLE,,right,0,0,44,target,锁定方向完成 90 度原地转向,550,-550,1
8.848,914.0,1822.0,1213.0,1291.0,1.2601,2.3829,1.3034,2.0336,1.6685,0,0,0,0,0,0,1,314.0,442.0,1056.0,1,0,0,hunt,AVOID_TURN,CRUISE,WAIT,IDLE,avoid_bad,AVOID_TURN,,,,,IDLE,,right,0,0,44,target,锁定方向完成 90 度原地转向,550,-550,1
8.875,936.0,1830.0,1189.0,1306.0,1.3003,2.377,1.1311,2.0671,1.6837,0,0,0,0,0,0,1,-4.0,474.0,1054.0,1,0,0,hunt,AVOID_TURN,CRUISE,WAIT,IDLE,avoid_bad,AVOID_TURN,,,,,IDLE,,right,0,0,44,target,锁定方向完成 90 度原地转向,550,-550,1
8.895,957.0,1835.0,1188.0,1319.0,1.3684,2.377,1.0728,2.1174,1.7429,0,0,0,0,0,0,1,-4.0,476.0,1069.0,1,0,0,hunt,AVOID_TURN,CRUISE,WAIT,IDLE,avoid_bad,AVOID_TURN,,,,,IDLE,,right,0,0,44,target,锁定方向完成 90 度原地转向,550,-550,1
8.915,969.0,1835.0,1178.0,1328.0,1.4334,2.3869,1.0704,2.1611,1.7973,0,0,0,0,0,0,1,-4.0,477.0,1056.0,1,0,0,hunt,AVOID_TURN,CRUISE,WAIT,IDLE,avoid_bad,AVOID_TURN,,,,,IDLE,,right,0,0,44,target,锁定方向完成 90 度原地转向,550,-550,1
8.935,973.0,1833.0,1175.0,1329.0,1.4706,2.3869,1.0461,2.1913,1.8309,0,0,0,0,0,0,1,-5.0,624.0,1056.0,1,0,0,hunt,AVOID_TURN,CRUISE,WAIT,IDLE,avoid_bad,AVOID_TURN,,,,,IDLE,,right,0,0,44,target,锁定方向完成 90 度原地转向,550,-550,1
8.955,965.0,1833.0,1190.0,1327.0,1.4706,2.3829,1.0461,2.1913,1.8309,0,0,0,0,0,0,1,-4.0,604.0,1054.0,1,0,0,hunt,AVOID_TURN,CRUISE,WAIT,IDLE,avoid_bad,AVOID_TURN,,,,,IDLE,,right,0,0,44,target,锁定方向完成 90 度原地转向,550,-550,1
8.975,965.0,1833.0,1190.0,1327.0,1.4582,2.3829,1.0752,2.1879,1.8231,0,0,0,0,0,0,1,-4.0,604.0,1054.0,1,0,0,hunt,AVOID_TURN,CRUISE,WAIT,IDLE,avoid_bad,AVOID_TURN,,,,,IDLE,,right,0,0,44,target,锁定方向完成 90 度原地转向,550,-550,1
8.995,956.0,1848.0,1253.0,1334.0,1.4582,2.3829,1.0752,2.1879,1.8231,0,0,0,0,0,0,1,-158.0,477.0,1039.0,1,0,0,hunt,AVOID_TURN,CRUISE,WAIT,IDLE,avoid_bad,AVOID_TURN,,,,,IDLE,,right,0,0,,stale,锁定方向完成 90 度原地转向,550,-550,1
9.015,933.0,1840.0,1366.0,1330.0,1.4303,2.3968,1.2282,2.198,1.8142,0,0,0,0,0,0,1,166.0,544.0,1040.0,1,0,0,hunt,AVOID_TURN,CRUISE,WAIT,IDLE,avoid_bad,AVOID_TURN,,,,,IDLE,,right,0,0,,stale,锁定方向完成 90 度原地转向,550,-550,1
9.035,915.0,1838.0,1515.0,1328.0,1.3591,2.3968,1.5024,2.198,1.8502,0,0,0,0,0,0,1,-152.0,459.0,1052.0,1,0,0,hunt,AVOID_TURN,CRUISE,WAIT,IDLE,avoid_bad,AVOID_TURN,,,,,IDLE,,right,0,0,,stale,锁定方向完成 90 度原地转向,550,-550,1
9.056,903.0,1823.0,1633.0,1321.0,1.3034,2.3929,1.8641,2.1913,2.0277,0,0,0,0,0,0,1,309.0,460.0,1051.0,1,0,0,hunt,AVOID_TURN,CRUISE,WAIT,IDLE,avoid_bad,AVOID_TURN,,,,,IDLE,,right,0,0,,stale,锁定方向完成 90 度原地转向,550,-550,1
9.076,901.0,1815.0,1720.0,1318.0,1.2663,2.3631,2.1505,2.1678,2.1591,0,0,0,0,0,0,1,52.0,512.0,1040.0,1,0,0,hunt,AVOID_TURN,CRUISE,WAIT,IDLE,avoid_bad,AVOID_TURN,,,,,IDLE,,right,0,0,,stale,锁定方向完成 90 度原地转向,550,-550,1
9.096,893.0,1782.0,1760.0,1304.0,1.2601,2.3472,2.3617,2.1577,2.2525,0,0,0,0,0,0,1,-432.0,346.0,1040.0,1,0,0,hunt,AVOID_TURN,CRUISE,WAIT,IDLE,avoid_bad,AVOID_TURN,,,,,IDLE,,right,0,0,,stale,锁定方向完成 90 度原地转向,550,-550,1
9.116,887.0,1723.0,1771.0,1278.0,1.2353,2.2817,2.4587,2.1107,2.1962,0,0,1,0,0,0,1,-382.0,128.0,1046.0,1,0,0,hunt,AVOID_TURN,CRUISE,WAIT,IDLE,avoid_bad,AVOID_TURN,,,,left,IDLE,,right,0,0,,stale,锁定方向完成 90 度原地转向,550,-550,1
9.136,874.0,1643.0,1761.0,1240.0,1.2167,2.1647,2.4612,2.0235,2.0941,0,0,1,0,0,0,1,496.0,736.0,1021.0,1,0,0,hunt,AVOID_RELEASE,CRUISE,WAIT,IDLE,release,IDLE,,,,left,IDLE,,,0,0,,stale,bad 避让转向完成，停车一帧后释放控制权,0,0,1
9.156,889.0,1597.0,1802.0,1234.0,1.2229,1.9147,2.5607,1.8758,1.8953,0,0,1,0,0,0,1,-174.0,527.0,1007.0,1,0,0,patrol,WARMUP,WARMUP,WAIT,IDLE,,IDLE,,,,,IDLE,,,0,0,45,target,等待滤波窗口,0,0,1
9.176,878.0,1504.0,1788.0,1184.0,1.2059,1.8224,2.5437,1.7919,1.8072,0,0,1,0,0,0,1,0.0,33.0,988.0,1,0,0,patrol,WARMUP,WARMUP,WAIT,IDLE,,IDLE,,,,,IDLE,,,0,0,45,target,等待滤波窗口,0,0,1
9.196,873.0,1450.0,1750.0,1146.0,1.1889,1.7302,2.5267,1.7081,1.7191,0,0,1,0,0,0,1,-5.0,246.0,1005.0,1,0,0,hunt,BAD_CONFIRM,CRUISE,WAIT,IDLE,avoid_bad,BAD_CONFIRM,bad,,0.04375,left,IDLE,,,0,0,45,target,红外近距 bad 等待不同视觉帧确认,0,0,1
9.217,860.0,1404.0,1655.0,1104.0,1.1734,1.623,2.4345,1.5805,1.6018,0,0,1,0,0,0,1,97.0,376.0,1008.0,1,0,0,hunt,BAD_CONFIRM,CRUISE,WAIT,IDLE,avoid_bad,BAD_CONFIRM,bad,,0.04375,left,IDLE,,,0,0,45,target,红外近距 bad 等待不同视觉帧确认,0,0,1
9.237,861.0,1389.0,1598.0,1086.0,1.1362,1.5317,2.2039,1.4396,1.4857,0,0,1,0,0,0,1,3.0,279.0,1008.0,1,0,0,hunt,BAD_CONFIRM,CRUISE,WAIT,IDLE,avoid_bad,BAD_CONFIRM,bad,,0.04375,left,IDLE,,,0,0,45,target,红外近距 bad 等待不同视觉帧确认,0,0,1
9.257,864.0,1381.0,1621.0,1096.0,1.1362,1.502,2.1214,1.4128,1.4574,0,0,1,0,0,0,1,-4.0,33.0,1003.0,1,0,0,hunt,BAD_CONFIRM,CRUISE,WAIT,IDLE,avoid_bad,BAD_CONFIRM,bad,,0.04375,left,IDLE,,,0,0,45,target,红外近距 bad 等待不同视觉帧确认,0,0,1
9.277,860.0,1371.0,1660.0,1098.0,1.1362,1.4861,2.1214,1.4128,1.4494,0,0,1,0,0,0,1,72.0,193.0,988.0,1,0,0,hunt,BAD_CONFIRM,CRUISE,WAIT,IDLE,avoid_bad,BAD_CONFIRM,bad,,0.04375,left,IDLE,,,0,0,45,target,红外近距 bad 等待不同视觉帧确认,0,0,1
9.298,871.0,1387.0,1713.0,1122.0,1.1672,1.498,2.3447,1.5,1.499,0,0,0,0,0,0,1,-4.0,229.0,1007.0,1,0,0,patrol,WARMUP,WARMUP,WAIT,IDLE,,IDLE,,,,,IDLE,,,0,0,45,target,等待滤波窗口,0,0,1
9.318,869.0,1385.0,1730.0,1126.0,1.1641,1.496,2.3653,1.5067,1.5014,0,0,0,0,0,0,1,-6.0,313.0,1007.0,1,0,0,patrol,WARMUP,WARMUP,WAIT,IDLE,,IDLE,,,,,IDLE,,,0,0,46,target,等待滤波窗口,0,0,1
9.338,867.0,1381.0,1729.0,1119.0,1.161,1.494,2.3835,1.5,1.497,0,0,0,0,0,0,1,-9.0,227.0,987.0,1,0,0,patrol,CRUISE,CRUISE,WAIT,IDLE,,IDLE,,,,,IDLE,,,0,0,46,target,按区域分级巡航,450,450,1
9.358,866.0,1381.0,1728.0,1114.0,1.1548,1.4861,2.3835,1.4899,1.488,0,0,0,0,0,0,1,-3.0,469.0,990.0,1,0,0,patrol,CRUISE,CRUISE,WAIT,IDLE,,IDLE,,,,,IDLE,,,0,0,46,target,按区域分级巡航,450,450,1
9.379,869.0,1385.0,1733.0,1120.0,1.1548,1.4861,2.3835,1.4899,1.488,0,0,0,0,0,0,1,5.0,193.0,989.0,1,0,0,patrol,CRUISE,CRUISE,WAIT,IDLE,,IDLE,,,,,IDLE,,,0,0,46,target,按区域分级巡航,450,450,1
9.399,867.0,1383.0,1730.0,1120.0,1.1548,1.4901,2.3859,1.4933,1.4917,0,0,0,0,0,0,1,24.0,111.0,1005.0,1,0,0,patrol,CRUISE,CRUISE,WAIT,IDLE,,IDLE,,,,,IDLE,,,0,0,46,target,按区域分级巡航,450,450,1
9.419,867.0,1383.0,1729.0,1118.0,1.1548,1.4901,2.3859,1.4933,1.4917,0,0,0,0,0,0,1,-2.0,704.0,986.0,1,0,0,patrol,CRUISE,CRUISE,WAIT,IDLE,,IDLE,,,,,IDLE,,,0,0,46,target,按区域分级巡航,450,450,1
9.439,871.0,1392.0,1739.0,1126.0,1.1548,1.4901,2.3859,1.4933,1.4917,0,0,0,0,0,0,1,-3.0,591.0,992.0,1,0,0,patrol,CRUISE,CRUISE,WAIT,IDLE,,IDLE,,,,,IDLE,,,0,0,46,target,按区域分级巡航,450,450,1
9.46,871.0,1392.0,1739.0,1126.0,1.1672,1.5079,2.4078,1.5134,1.5107,0,0,0,0,0,0,1,-3.0,591.0,992.0,1,0,0,patrol,CRUISE,CRUISE,WAIT,IDLE,,IDLE,,,,,IDLE,,,0,0,47,no_target,按区域分级巡航,450,450,1
9.48,868.0,1384.0,1737.0,1120.0,1.1672,1.5079,2.4078,1.5134,1.5107,0,0,0,0,0,0,1,-9.0,226.0,989.0,1,0,0,patrol,CRUISE,CRUISE,WAIT,IDLE,,IDLE,,,,,IDLE,,,0,0,47,no_target,按区域分级巡航,450,450,1
9.5,868.0,1388.0,1740.0,1114.0,1.1579,1.5,2.4078,1.4933,1.4966,0,0,0,0,0,0,1,15.0,41.0,985.0,1,0,0,patrol,CRUISE,CRUISE,WAIT,IDLE,,IDLE,,,,,IDLE,,,0,0,47,no_target,按区域分级巡航,450,450,1
9.52,862.0,1383.0,1740.0,1111.0,1.1579,1.4921,2.4102,1.4732,1.4826,0,0,0,0,0,0,1,-9.0,27.0,1006.0,1,0,0,patrol,CRUISE,CRUISE,WAIT,IDLE,,IDLE,,,,,IDLE,,,0,0,47,no_target,按区域分级巡航,450,450,1
9.54,862.0,1390.0,1751.0,1116.0,1.1393,1.5,2.4102,1.4732,1.4866,0,0,0,0,0,0,1,-10.0,40.0,988.0,1,0,0,patrol,CRUISE,CRUISE,WAIT,IDLE,,IDLE,,,,,IDLE,,,0,0,47,no_target,按区域分级巡航,450,450,1
9.56,861.0,1393.0,1756.0,1124.0,1.1393,1.504,2.4369,1.4799,1.4919,0,0,0,0,0,0,1,6.0,78.0,986.0,1,0,0,patrol,CRUISE,CRUISE,WAIT,IDLE,,IDLE,,,,,IDLE,,,0,0,47,no_target,按区域分级巡航,450,450,1
9.581,861.0,1388.0,1748.0,1134.0,1.1362,1.504,2.4369,1.5067,1.5053,0,0,0,0,0,0,1,1.0,361.0,1006.0,1,0,0,patrol,CRUISE,CRUISE,WAIT,IDLE,,IDLE,,,,,IDLE,,,0,0,47,no_target,按区域分级巡航,450,450,1
9.601,859.0,1391.0,1742.0,1146.0,1.1362,1.506,2.4296,1.5403,1.5231,0,0,0,0,0,0,1,7.0,24.0,1006.0,1,0,0,patrol,CRUISE,CRUISE,WAIT,IDLE,,IDLE,,,,,IDLE,,,0,0,48,no_target,按区域分级巡航,450,450,1
9.621,862.0,1406.0,1747.0,1174.0,1.1362,1.506,2.4272,1.5805,1.5432,0,0,0,0,0,0,1,-3.0,26.0,1007.0,1,0,0,patrol,CRUISE,CRUISE,WAIT,IDLE,,IDLE,,,,,IDLE,,,0,0,48,no_target,按区域分级巡航,450,450,1
9.641,863.0,1412.0,1762.0,1202.0,1.1393,1.5357,2.4272,1.6745,1.6051,0,0,0,0,0,0,1,-4.0,121.0,987.0,1,0,0,patrol,CRUISE,CRUISE,WAIT,IDLE,,IDLE,,,,,IDLE,,,0,0,48,no_target,按区域分级巡航,450,450,1
9.661,869.0,1419.0,1771.0,1244.0,1.1424,1.5476,2.4636,1.7685,1.658,0,0,0,0,0,0,1,1.0,591.0,1007.0,1,0,0,patrol,CRUISE,CRUISE,WAIT,IDLE,,IDLE,,,,,IDLE,,,0,0,48,no_target,按区域分级巡航,450,450,1
9.681,868.0,1413.0,1772.0,1295.0,1.1579,1.5496,2.4854,1.9094,1.7295,0,0,0,0,0,0,1,-4.0,1056.0,993.0,1,0,0,patrol,CRUISE,CRUISE,WAIT,IDLE,,IDLE,,,,,IDLE,,,0,0,48,no_target,按区域分级巡航,450,450,1
9.701,880.0,1409.0,1754.0,1331.0,1.161,1.5496,2.4854,2.0805,1.8151,0,0,0,0,0,0,1,-4.0,537.0,991.0,1,0,0,patrol,CRUISE,CRUISE,WAIT,IDLE,,IDLE,,,,,IDLE,,,0,0,48,no_target,按区域分级巡航,450,450,1
9.722,914.0,1405.0,1718.0,1334.0,1.195,1.5417,2.4442,2.2013,1.8715,0,0,0,0,0,0,1,-4.0,882.0,1006.0,1,0,0,patrol,CRUISE,CRUISE,WAIT,IDLE,,IDLE,,,,,IDLE,,,0,0,48,no_target,按区域分级巡航,450,450,1
9.743,994.0,1406.0,1676.0,1340.0,1.3003,1.5357,2.3568,2.2114,1.8736,0,0,0,0,0,0,1,-4.0,558.0,990.0,1,0,0,patrol,CRUISE,CRUISE,WAIT,IDLE,,IDLE,,,,,IDLE,,,0,0,49,no_target,按区域分级巡航,450,450,1
9.763,1088.0,1412.0,1622.0,1344.0,1.548,1.5357,2.2549,2.2315,1.8898,0,0,0,0,0,0,1,-4.0,861.0,1010.0,1,0,0,patrol,CRUISE,CRUISE,WAIT,IDLE,,IDLE,,,,,IDLE,,,0,0,49,no_target,按区域分级巡航,450,450,1
9.783,1155.0,1416.0,1592.0,1341.0,1.839,1.5476,2.1238,2.2349,1.9814,0,0,0,0,0,0,1,-4.0,254.0,1006.0,1,0,0,patrol,CRUISE,CRUISE,WAIT,IDLE,,IDLE,,,,,IDLE,,,0,0,49,no_target,按区域分级巡航,450,450,1
9.803,1187.0,1410.0,1638.0,1341.0,2.0464,1.5476,2.1238,2.2349,2.0851,0,0,0,0,0,0,1,1.0,574.0,987.0,1,0,0,patrol,CRUISE,CRUISE,WAIT,IDLE,,IDLE,,,,,IDLE,,,0,0,49,no_target,按区域分级巡航,450,450,1
9.823,1193.0,1397.0,1726.0,1334.0,2.1455,1.5437,2.1626,2.2349,2.1541,0,0,0,0,0,0,1,-3.0,704.0,1009.0,1,0,0,patrol,CRUISE,CRUISE,WAIT,IDLE,,IDLE,,,,,IDLE,,,0,0,49,no_target,按区域分级巡航,450,450,1
9.843,1200.0,1408.0,1768.0,1338.0,2.1641,1.5397,2.3762,2.2248,2.1945,0,0,0,1,0,0,1,-3.0,889.0,1009.0,1,0,0,enemy_push,SEEK_TURN,CRUISE,WAIT,IDLE,,IR_UNCLASSIFIED,,,,,SEEK_TURN,left_rear,left,0,0,49,no_target,left_rear 发现敌人，原地转向,0,0,1
9.864,1197.0,1399.0,1775.0,1327.0,2.1765,1.5218,2.4782,2.2114,2.1939,0,0,0,1,0,0,1,-3.0,654.0,1005.0,1,0,0,enemy_push,SEEK_TURN,CRUISE,WAIT,IDLE,,IDLE,,,,,SEEK_TURN,left_rear,left,0,0,49,no_target,left_rear 发现敌人，原地转向,-550,550,1
9.884,1200.0,1389.0,1766.0,1325.0,2.1858,1.5218,2.4782,2.1879,2.1868,0,0,0,1,0,0,1,-9.0,457.0,987.0,1,0,0,enemy_push,SEEK_TURN,CRUISE,WAIT,IDLE,,IDLE,,,,,SEEK_TURN,left_rear,left,0,0,49,no_target,left_rear 发现敌人，原地转向,-550,550,1
9.904,1196.0,1395.0,1693.0,1325.0,2.1765,1.5139,2.4733,2.1812,2.1788,0,0,0,1,0,0,1,-4.0,458.0,990.0,1,0,0,enemy_push,SEEK_TURN,CRUISE,WAIT,IDLE,,IDLE,,,,,SEEK_TURN,left_rear,left,0,0,50,no_target,left_rear 发现敌人，原地转向,-550,550,1
9.924,1190.0,1393.0,1530.0,1313.0,2.1734,1.5099,2.2961,2.1812,2.1773,0,0,0,1,0,0,1,-2.0,819.0,992.0,1,0,0,enemy_push,SEEK_TURN,CRUISE,WAIT,IDLE,,IDLE,,,,,SEEK_TURN,left_rear,left,0,0,50,no_target,left_rear 发现敌人，原地转向,-550,550,1
9.944,1187.0,1395.0,1348.0,1303.0,2.1548,1.5139,1.9005,2.1409,2.0207,0,0,0,1,0,0,1,-7.0,818.0,972.0,1,0,0,enemy_push,SEEK_TURN,CRUISE,WAIT,IDLE,,IDLE,,,,,SEEK_TURN,left_rear,left,0,0,50,no_target,left_rear 发现敌人，原地转向,-550,550,1
9.964,1190.0,1414.0,1256.0,1306.0,2.1548,1.5139,1.4587,2.1174,1.8157,0,0,0,1,0,0,1,7.0,278.0,971.0,1,0,0,enemy_push,SEEK_TURN,CRUISE,WAIT,IDLE,,IDLE,,,,,SEEK_TURN,left_rear,left,0,0,50,no_target,left_rear 发现敌人，原地转向,-550,550,1
9.984,1190.0,1414.0,1256.0,1306.0,2.1548,1.5516,1.2354,2.1174,1.8345,0,0,0,1,0,0,1,7.0,278.0,971.0,1,0,0,enemy_push,SEEK_TURN,CRUISE,WAIT,IDLE,,IDLE,,,,,SEEK_TURN,left_rear,left,0,0,50,no_target,left_rear 发现敌人，原地转向,-550,550,1
10.004,1190.0,1510.0,1228.0,1309.0,2.1548,1.5516,1.2354,2.1174,1.8345,0,0,0,1,0,0,1,52.0,458.0,990.0,1,0,0,enemy_push,SEEK_TURN,CRUISE,WAIT,IDLE,,IDLE,,,,,SEEK_TURN,left_rear,left,0,0,50,no_target,left_rear 发现敌人，原地转向,-550,550,1
10.025,1190.0,1695.0,1218.0,1305.0,2.1548,1.7421,1.1675,2.1174,1.9298,0,0,0,1,0,0,1,15.0,460.0,972.0,1,0,0,enemy_push,SEEK_TURN,CRUISE,WAIT,IDLE,,IDLE,,,,,SEEK_TURN,left_rear,left,0,0,50,no_target,left_rear 发现敌人，原地转向,-550,550,1
10.045,1184.0,1834.0,1208.0,1302.0,2.1548,2.1091,1.1432,2.1141,2.1116,0,0,0,1,0,0,1,-8.0,362.0,1085.0,1,0,0,enemy_push,SEEK_TURN,CRUISE,WAIT,IDLE,,IDLE,,,,,SEEK_TURN,left_rear,left,0,0,51,no_target,left_rear 发现敌人，原地转向,-550,550,1
10.065,1170.0,1881.0,1173.0,1289.0,2.1362,2.3849,1.1189,2.104,2.1201,0,0,0,1,0,0,1,7.0,428.0,974.0,1,0,0,enemy_push,SEEK_TURN,CRUISE,WAIT,IDLE,,IDLE,,,,,SEEK_TURN,left_rear,left,0,0,51,no_target,left_rear 发现敌人，原地转向,-550,550,1
10.085,1166.0,1877.0,1164.0,1284.0,2.0929,2.4702,1.034,2.0604,2.0766,0,0,0,1,0,0,1,97.0,528.0,1054.0,1,0,0,enemy_push,SEEK_TURN,CRUISE,WAIT,IDLE,,IDLE,,,,,SEEK_TURN,left_rear,left,0,0,51,no_target,left_rear 发现敌人，原地转向,-550,550,1
10.105,1152.0,1883.0,1204.0,1288.0,2.0805,2.4782,1.034,2.057,2.0688,0,0,0,1,0,0,1,-5.0,460.0,1007.0,1,0,0,enemy_push,SEEK_TURN,CRUISE,WAIT,IDLE,,IDLE,,,,,SEEK_TURN,left_rear,left,0,0,51,no_target,left_rear 发现敌人，原地转向,-550,550,1
10.126,1108.0,1867.0,1260.0,1264.0,2.0372,2.4702,1.1092,2.0436,2.0404,0,0,0,1,0,0,1,34.0,1169.0,1010.0,1,0,0,enemy_push,SEEK_TURN,CRUISE,WAIT,IDLE,,IDLE,,,,,SEEK_TURN,left_rear,left,0,0,51,no_target,left_rear 发现敌人，原地转向,-550,550,1
10.146,1093.0,1869.0,1346.0,1269.0,1.9009,2.4544,1.2451,1.9933,1.9471,0,0,0,1,0,0,1,-7.0,460.0,1024.0,1,0,0,enemy_push,SEEK_TURN,CRUISE,WAIT,IDLE,,IDLE,,,,,SEEK_TURN,left_rear,left,0,0,51,no_target,left_rear 发现敌人，原地转向,-550,550,1
10.166,1115.0,1856.0,1427.0,1277.0,1.9009,2.4504,1.4539,1.9933,1.9471,0,0,0,1,0,0,1,12.0,298.0,1021.0,1,0,0,enemy_push,SEEK_TURN,CRUISE,WAIT,IDLE,,IDLE,,,,,SEEK_TURN,left_rear,left,0,0,51,no_target,left_rear 发现敌人，原地转向,-550,550,1
10.186,1132.0,1848.0,1496.0,1265.0,1.9226,2.4286,1.6505,1.9933,1.9579,0,0,0,0,0,0,1,-61.0,162.0,1018.0,1,0,0,enemy_push,SEEK_TURN,CRUISE,WAIT,IDLE,,IDLE,,,,,SEEK_TURN,left_rear,left,0,0,52,no_target,left_rear 发现敌人，原地转向,-550,550,1
10.207,1143.0,1838.0,1538.0,1258.0,1.9752,2.4127,1.818,1.9799,1.9775,0,0,0,0,0,0,1,-22.0,804.0,1025.0,1,0,0,enemy_push,SEEK_TURN,CRUISE,WAIT,IDLE,,IDLE,,,,,SEEK_TURN,left_rear,left,0,0,52,no_target,left_rear 发现敌人，原地转向,-550,550,1
10.227,1141.0,1844.0,1562.0,1254.0,2.0031,2.4048,1.9199,1.9564,1.9797,0,0,0,0,0,0,1,-378.0,592.0,1008.0,1,0,0,enemy_push,SEEK_TURN,CRUISE,WAIT,IDLE,,IDLE,,,,,SEEK_TURN,left_rear,left,0,0,52,no_target,left_rear 发现敌人，原地转向,-550,550,1
10.247,1124.0,1824.0,1557.0,1242.0,2.0031,2.3929,1.966,1.943,1.9846,0,0,0,0,0,0,1,248.0,346.0,1005.0,1,0,0,enemy_push,SEEK_TURN,CRUISE,WAIT,IDLE,,IDLE,,,,,SEEK_TURN,left_rear,left,0,0,52,no_target,left_rear 发现敌人，原地转向,-550,550,1
10.267,1118.0,1826.0,1555.0,1236.0,1.9505,2.369,1.966,1.9027,1.9582,0,0,0,0,0,0,1,171.0,346.0,1007.0,1,0,0,enemy_push,SEEK_TURN,CRUISE,WAIT,IDLE,,IDLE,,,,,SEEK_TURN,left_rear,left,0,0,52,no_target,left_rear 发现敌人，原地转向,-550,550,1
10.287,1115.0,1834.0,1556.0,1237.0,1.9319,2.369,1.9636,1.8859,1.9477,0,0,0,0,0,0,1,-108.0,410.0,974.0,1,0,0,enemy_push,SEEK_TURN,CRUISE,WAIT,IDLE,,IDLE,,,,,SEEK_TURN,left_rear,left,0,0,52,no_target,left_rear 发现敌人，原地转向,-550,550,1
10.307,1113.0,1827.0,1556.0,1239.0,1.9226,2.371,1.9636,1.8859,1.9431,0,0,0,0,0,0,1,53.0,213.0,988.0,1,0,0,enemy_push,SEEK_TURN,CRUISE,WAIT,IDLE,,IDLE,,,,,SEEK_TURN,left_rear,left,0,0,52,no_target,left_rear 发现敌人，原地转向,-550,550,1
10.328,1112.0,1826.0,1557.0,1244.0,1.9164,2.371,1.9636,1.8926,1.94,0,0,0,0,0,0,1,-590.0,346.0,1013.0,1,0,0,enemy_push,SEEK_TURN,CRUISE,WAIT,IDLE,,IDLE,,,,,SEEK_TURN,left_rear,left,0,0,53,no_target,left_rear 发现敌人，原地转向,-550,550,1
10.348,1108.0,1829.0,1559.0,1238.0,1.9133,2.371,1.966,1.8926,1.9397,0,0,0,0,0,0,1,412.0,194.0,973.0,1,0,0,enemy_push,SEEK_TURN,CRUISE,WAIT,IDLE,,IDLE,,,,,SEEK_TURN,left_rear,left,0,0,53,no_target,left_rear 发现敌人，原地转向,-550,550,1
10.368,1108.0,1829.0,1559.0,1238.0,1.9009,2.375,1.9709,1.8893,1.9359,0,0,0,0,0,0,1,412.0,194.0,973.0,1,0,0,enemy_push,SEEK_TURN,CRUISE,WAIT,IDLE,,IDLE,,,,,SEEK_TURN,left_rear,left,0,0,53,no_target,left_rear 发现敌人，原地转向,-550,550,1
10.388,1106.0,1788.0,1557.0,1245.0,1.9009,2.375,1.9709,1.8893,1.9359,0,0,0,0,0,0,1,-4.0,96.0,1005.0,1,0,0,enemy_push,SEEK_TURN,CRUISE,WAIT,IDLE,,IDLE,,,,,SEEK_TURN,left_rear,left,0,0,53,no_target,left_rear 发现敌人，原地转向,-550,550,1
10.408,1097.0,1761.0,1546.0,1195.0,1.8947,2.2937,1.966,1.8893,1.9304,0,0,0,0,0,0,1,-387.0,395.0,980.0,1,0,0,enemy_push,SEEK_TURN,CRUISE,WAIT,IDLE,,IDLE,,,,,SEEK_TURN,left_rear,left,0,0,53,no_target,left_rear 发现敌人，原地转向,-550,550,1
10.428,1107.0,1809.0,1562.0,1130.0,1.8947,2.2937,1.966,1.745,1.9304,0,0,0,0,0,0,1,-31.0,607.0,1008.0,1,0,0,enemy_push,SEEK_TURN,CRUISE,WAIT,IDLE,,IDLE,,,,,SEEK_TURN,left_rear,left,0,0,53,no_target,left_rear 发现敌人，原地转向,-550,550,1
10.448,1105.0,1812.0,1565.0,1177.0,1.8916,2.3353,1.9782,1.6846,1.9349,0,0,0,0,0,0,1,-8.0,361.0,990.0,1,0,0,enemy_push,SEEK_TURN,CRUISE,WAIT,IDLE,,IDLE,,,,,SEEK_TURN,left_rear,left,0,0,53,no_target,left_rear 发现敌人，原地转向,-550,550,1
10.469,1111.0,1808.0,1566.0,1203.0,1.8978,2.3353,1.9854,1.6846,1.9416,0,0,1,0,0,0,1,-142.0,496.0,1007.0,1,0,0,enemy_push,SEEK_TURN,CRUISE,WAIT,IDLE,,IDLE,,,,,SEEK_TURN,left_rear,left,0,0,54,no_target,left_rear 发现敌人，原地转向,-550,550,1
10.489,1116.0,1799.0,1538.0,1216.0,1.9102,2.3333,1.9854,1.7718,1.9478,0,0,1,0,0,0,1,50.0,395.0,986.0,1,0,0,enemy_push,SEEK_TURN,CRUISE,WAIT,IDLE,,IDLE,,,,,SEEK_TURN,left_rear,left,0,0,54,no_target,left_rear 发现敌人，原地转向,-550,550,1
10.509,1126.0,1803.0,1472.0,1220.0,1.9257,2.3234,1.9199,1.8154,1.9228,0,0,1,0,0,0,1,-20.0,671.0,991.0,1,0,0,enemy_push,SEEK_TURN,CRUISE,WAIT,IDLE,,IDLE,,,,,SEEK_TURN,left_rear,left,0,0,54,no_target,left_rear 发现敌人，原地转向,-550,550,1
10.53,1119.0,1771.0,1349.0,1210.0,1.935,2.3155,1.7597,1.8154,1.8752,0,0,1,0,0,0,1,-135.0,361.0,989.0,1,0,0,enemy_push,SEEK_TURN,CRUISE,WAIT,IDLE,,IDLE,,,,,SEEK_TURN,left_rear,left,0,0,54,no_target,left_rear 发现敌人，原地转向,-550,550,1
10.55,1123.0,1761.0,1308.0,1209.0,1.9474,2.2599,1.4612,1.7953,1.8713,0,0,1,0,0,0,1,-141.0,179.0,987.0,1,0,0,enemy_push,SEEK_TURN,CRUISE,WAIT,IDLE,,IDLE,,,,,SEEK_TURN,left_rear,left,0,0,54,no_target,left_rear 发现敌人，原地转向,-550,550,1
10.57,1127.0,1744.0,1485.0,1203.0,1.9474,2.2401,1.4612,1.7919,1.8697,0,0,1,0,0,0,1,615.0,476.0,1007.0,1,0,0,enemy_push,SEEK_TURN,CRUISE,WAIT,IDLE,,IDLE,,,,,SEEK_TURN,left_rear,left,0,0,54,no_target,left_rear 发现敌人，原地转向,-550,550,1
10.59,1127.0,1721.0,1670.0,1192.0,1.9598,2.2063,1.7913,1.7718,1.8755,0,0,0,0,0,0,1,387.0,699.0,991.0,1,0,0,enemy_push,SEEK_TURN,CRUISE,WAIT,IDLE,,IDLE,,,,,SEEK_TURN,left_rear,left,0,0,54,no_target,left_rear 发现敌人，原地转向,-550,550,1
10.61,1129.0,1724.0,1489.0,1195.0,1.9598,2.1667,1.801,1.745,1.8804,0,0,0,0,0,0,1,67.0,279.0,986.0,1,0,0,enemy_push,SEEK_TURN,CRUISE,WAIT,IDLE,,IDLE,,,,,SEEK_TURN,left_rear,left,0,0,55,no_target,left_rear 发现敌人，原地转向,-550,550,1
10.631,1141.0,1746.0,1417.0,1223.0,1.9659,2.1667,1.801,1.745,1.8835,0,0,0,0,0,0,1,-588.0,179.0,971.0,1,0,0,enemy_push,SEEK_TURN,CRUISE,WAIT,IDLE,,IDLE,,,,,SEEK_TURN,left_rear,left,0,0,55,no_target,left_rear 发现敌人，原地转向,-550,550,1
10.651,1148.0,1751.0,1526.0,1237.0,2.0248,2.2202,1.8908,1.8859,1.9578,0,0,0,0,0,0,1,-286.0,330.0,989.0,1,0,0,patrol,WARMUP,WARMUP,WAIT,IDLE,,IDLE,,,,,IDLE,,,0,0,55,no_target,等待滤波窗口,0,0,1
10.671,1153.0,1749.0,1553.0,1240.0,2.0325,2.2183,1.9235,1.8909,1.978,0,0,0,0,0,0,1,-109.0,589.0,974.0,1,0,0,patrol,WARMUP,WARMUP,WAIT,IDLE,,IDLE,,,,,IDLE,,,0,0,55,no_target,等待滤波窗口,0,0,1
10.691,1152.0,1740.0,1539.0,1248.0,2.0372,2.2163,1.9223,1.896,1.9797,0,0,0,0,0,0,1,243.0,362.0,997.0,1,0,0,patrol,CRUISE,CRUISE,WAIT,IDLE,,IDLE,,,,,IDLE,,,0,0,55,no_target,按区域分级巡航,450,450,1
10.711,1167.0,1754.0,1553.0,1263.0,2.0402,2.2163,1.9563,1.9228,1.9983,0,0,0,0,0,0,1,262.0,232.0,972.0,1,0,0,patrol,CRUISE,CRUISE,WAIT,IDLE,,IDLE,,,,,IDLE,,,0,0,55,no_target,按区域分级巡航,450,450,1
10.731,1180.0,1774.0,1565.0,1275.0,2.0836,2.2262,1.9563,1.9732,2.0284,0,0,0,0,0,0,1,272.0,280.0,990.0,1,0,0,patrol,CRUISE,CRUISE,WAIT,IDLE,,IDLE,,,,,IDLE,,,0,0,55,no_target,按区域分级巡航,450,450,1
10.752,1172.0,1758.0,1554.0,1268.0,2.0991,2.2341,1.9587,1.9899,2.0445,0,0,0,0,0,0,1,96.0,280.0,971.0,1,0,0,patrol,CRUISE,CRUISE,WAIT,IDLE,,IDLE,,,,,IDLE,,,0,0,55,no_target,按区域分级巡航,450,450,1
10.772,1170.0,1748.0,1541.0,1274.0,2.0991,2.2341,1.9587,2.0101,2.0546,0,0,0,0,0,0,1,448.0,866.0,990.0,1,0,0,patrol,CRUISE,CRUISE,WAIT,IDLE,,IDLE,,,,,IDLE,,,0,0,56,no_target,按区域分级巡航,450,450,1
10.793,1174.0,1733.0,1540.0,1278.0,2.0991,2.2143,1.9272,2.0101,2.0546,0,0,0,0,0,0,1,-97.0,608.0,1072.0,1,0,0,patrol,CRUISE,CRUISE,WAIT,IDLE,,IDLE,,,,,IDLE,,,0,0,56,no_target,按区域分级巡航,450,450,1
10.813,1178.0,1698.0,1540.0,1275.0,2.1053,2.1845,1.9248,2.0134,2.0593,0,0,0,0,0,0,1,60.0,944.0,1042.0,1,0,0,patrol,CRUISE,CRUISE,WAIT,IDLE,,IDLE,,,,,IDLE,,,0,0,56,no_target,按区域分级巡航,450,450,1
10.833,1182.0,1653.0,1536.0,1278.0,2.1176,2.1151,1.9248,2.0235,2.0693,0,0,0,0,0,0,1,-265.0,557.0,1004.0,1,0,0,patrol,CRUISE,CRUISE,WAIT,IDLE,,IDLE,,,,,IDLE,,,0,0,56,no_target,按区域分级巡航,450,450,1
10.853,1189.0,1631.0,1538.0,1278.0,2.13,2.0258,1.9199,2.0235,2.0246,0,0,0,0,0,0,1,-482.0,867.0,1008.0,1,0,0,patrol,CRUISE,CRUISE,WAIT,IDLE,,IDLE,,,,,IDLE,,,0,0,56,no_target,按区域分级巡航,450,450,1
10.873,1189.0,1631.0,1538.0,1278.0,2.1517,1.9821,1.9199,2.0235,2.0028,0,0,0,0,0,0,1,-482.0,867.0,1008.0,1,0,0,patrol,CRUISE,CRUISE,WAIT,IDLE,,IDLE,,,,,IDLE,,,0,0,56,no_target,按区域分级巡航,450,450,1
10.894,1195.0,1636.0,1536.0,1283.0,2.1517,1.9821,1.9199,2.0235,2.0028,0,0,0,0,0,0,1,-497.0,835.0,1010.0,1,0,0,patrol,CRUISE,CRUISE,WAIT,IDLE,,IDLE,,,,,IDLE,,,0,0,56,no_target,按区域分级巡航,450,450,1
10.914,1196.0,1662.0,1531.0,1283.0,2.1703,1.9921,1.915,2.0403,2.0162,0,0,0,0,0,0,1,-550.0,834.0,1009.0,1,0,0,hunt,BIG_TURN_RIGHT,CRUISE,WAIT,IDLE,track_good,BIG_TURN_RIGHT,good,0.796875,,,IDLE,,,0,0,57,target,目标偏差较大，原地大转,400,-400,1
10.934,1195.0,1688.0,1522.0,1281.0,2.1703,2.0437,1.9029,2.0403,2.042,0,0,0,0,0,0,1,-612.0,459.0,1005.0,1,0,0,hunt,BIG_TURN_RIGHT,CRUISE,WAIT,IDLE,track_good,BIG_TURN_RIGHT,good,0.796875,,,IDLE,,,0,0,57,target,目标偏差较大，原地大转,400,-400,1
10.954,1213.0,1737.0,1540.0,1297.0,2.1734,2.0952,1.9029,2.0403,2.0678,0,0,0,0,0,0,1,-386.0,281.0,989.0,1,0,0,hunt,BIG_TURN_RIGHT,CRUISE,WAIT,IDLE,track_good,BIG_TURN_RIGHT,good,0.796875,,,IDLE,,,0,0,57,target,目标偏差较大，原地大转,400,-400,1
10.974,1205.0,1737.0,1529.0,1288.0,2.2012,2.1925,1.8981,2.057,2.1248,0,0,0,0,0,0,1,-223.0,443.0,991.0,1,0,0,hunt,BIG_TURN_RIGHT,CRUISE,WAIT,IDLE,track_good,BIG_TURN_RIGHT,good,0.796875,,,IDLE,,,0,0,57,target,目标偏差较大，原地大转,400,-400,1
10.994,1206.0,1741.0,1528.0,1288.0,2.2043,2.1925,1.8981,2.057,2.1248,0,0,0,0,0,0,1,-513.0,442.0,989.0,1,0,0,hunt,BIG_TURN_RIGHT,CRUISE,WAIT,IDLE,track_good,BIG_TURN_RIGHT,good,0.796875,,,IDLE,,,0,0,57,target,目标偏差较大，原地大转,400,-400,1
11.015,1207.0,1742.0,1527.0,1290.0,2.2043,2.2004,1.8956,2.057,2.1287,0,0,0,0,0,0,1,-108.0,542.0,986.0,1,0,0,hunt,BIG_TURN_RIGHT,CRUISE,WAIT,IDLE,track_good,BIG_TURN_RIGHT,good,0.796875,,,IDLE,,,0,0,57,target,目标偏差较大，原地大转,400,-400,1
11.036,1203.0,1736.0,1522.0,1287.0,2.2043,2.2004,1.8932,2.057,2.1287,0,0,0,0,0,0,1,-158.0,443.0,990.0,1,0,0,hunt,BIG_TURN_RIGHT,CRUISE,WAIT,IDLE,track_good,BIG_TURN_RIGHT,good,0.796875,,,IDLE,,,0,0,57,target,目标偏差较大，原地大转,400,-400,1
11.056,1204.0,1739.0,1523.0,1289.0,2.1981,2.1964,1.8835,2.0604,2.1284,0,0,0,0,0,0,1,-23.0,313.0,990.0,1,0,0,hunt,BIG_TURN_RIGHT,CRUISE,WAIT,IDLE,track_good,BIG_TURN_RIGHT,good,0.81875,,,IDLE,,,0,0,58,target,目标偏差较大，原地大转,400,-400,1
11.076,1205.0,1742.0,1524.0,1292.0,2.1981,2.1964,1.8835,2.0604,2.1284,0,0,0,0,0,0,1,-22.0,835.0,1030.0,1,0,0,hunt,BIG_TURN_RIGHT,CRUISE,WAIT,IDLE,track_good,BIG_TURN_RIGHT,good,0.81875,,,IDLE,,,0,0,58,target,目标偏差较大，原地大转,400,-400,1
11.096,1210.0,1749.0,1529.0,1296.0,2.2012,2.2024,1.8859,2.0705,2.1359,0,0,0,0,0,0,1,-44.0,494.0,1007.0,1,0,0,hunt,BIG_TURN_RIGHT,CRUISE,WAIT,IDLE,track_good,BIG_TURN_RIGHT,good,0.81875,,,IDLE,,,0,0,58,target,目标偏差较大，原地大转,400,-400,1
11.116,1205.0,1744.0,1524.0,1289.0,2.2012,2.2063,1.8859,2.0705,2.1359,0,0,0,0,0,0,1,22.0,233.0,990.0,1,0,0,hunt,BIG_TURN_RIGHT,CRUISE,WAIT,IDLE,track_good,BIG_TURN_RIGHT,good,0.81875,,,IDLE,,,0,0,58,target,目标偏差较大，原地大转,400,-400,1
11.137,1212.0,1755.0,1536.0,1299.0,2.2167,2.2163,1.8981,2.0839,2.1501,0,0,0,0,0,0,1,3.0,460.0,1032.0,1,0,0,hunt,BIG_TURN_RIGHT,CRUISE,WAIT,IDLE,track_good,BIG_TURN_RIGHT,good,0.81875,,,IDLE,,,0,0,58,target,目标偏差较大，原地大转,400,-400,1
11.157,1218.0,1766.0,1546.0,1306.0,2.2229,2.2282,1.915,2.094,2.1584,0,0,0,0,0,0,1,-52.0,471.0,1005.0,1,0,0,hunt,BIG_TURN_RIGHT,CRUISE,WAIT,IDLE,track_good,BIG_TURN_RIGHT,good,0.81875,,,IDLE,,,0,0,58,target,目标偏差较大，原地大转,400,-400,1
11.177,1212.0,1754.0,1540.0,1296.0,2.2229,2.2282,1.9248,2.094,2.1584,0,0,0,0,0,0,1,-81.0,606.0,1008.0,1,0,0,hunt,BIG_TURN_RIGHT,CRUISE,WAIT,IDLE,track_good,BIG_TURN_RIGHT,good,0.81875,,,IDLE,,,0,0,58,target,目标偏差较大，原地大转,400,-400,1
11.197,1211.0,1755.0,1550.0,1298.0,2.2229,2.2282,1.9393,2.0906,2.1568,0,0,0,0,0,0,1,-321.0,528.0,1008.0,1,0,0,hunt,BIG_TURN_RIGHT,CRUISE,WAIT,IDLE,track_good,BIG_TURN_RIGHT,good,0.81875,,,IDLE,,,0,0,58,target,目标偏差较大，原地大转,400,-400,1
11.217,1213.0,1760.0,1565.0,1301.0,2.2229,2.2282,1.949,2.0906,2.1568,0,0,0,0,0,0,1,-353.0,297.0,1006.0,1,0,0,hunt,BIG_TURN_RIGHT,CRUISE,WAIT,IDLE,track_good,BIG_TURN_RIGHT,good,0.759375,-0.559375,,IDLE,,,0,0,59,target,目标偏差较大，原地大转,400,-400,1
11.238,1207.0,1752.0,1548.0,1296.0,2.2198,2.2282,1.949,2.0906,2.1552,0,0,0,0,0,0,1,-289.0,472.0,1022.0,1,0,0,hunt,BIG_TURN_RIGHT,CRUISE,WAIT,IDLE,track_good,BIG_TURN_RIGHT,good,0.759375,-0.559375,,IDLE,,,0,0,59,target,目标偏差较大，原地大转,400,-400,1
11.258,1209.0,1758.0,1523.0,1300.0,2.2136,2.2341,1.9442,2.0973,2.1555,0,0,0,0,0,0,1,-249.0,295.0,1008.0,1,0,0,hunt,BIG_TURN_RIGHT,CRUISE,WAIT,IDLE,track_good,BIG_TURN_RIGHT,good,0.759375,-0.559375,,IDLE,,,0,0,59,target,目标偏差较大，原地大转,400,-400,1
11.278,1205.0,1753.0,1478.0,1294.0,2.2074,2.2242,1.8835,2.0839,2.1457,0,0,0,0,0,0,1,-125.0,476.0,1006.0,1,0,0,hunt,BIG_TURN_RIGHT,CRUISE,WAIT,IDLE,track_good,BIG_TURN_RIGHT,good,0.759375,-0.559375,,IDLE,,,0,0,59,target,目标偏差较大，原地大转,400,-400,1
11.298,1200.0,1749.0,1463.0,1288.0,2.2012,2.2242,1.7743,2.0772,2.1392,0,0,0,0,0,0,1,422.0,410.0,1005.0,1,0,0,hunt,BIG_TURN_RIGHT,CRUISE,WAIT,IDLE,track_good,BIG_TURN_RIGHT,good,0.759375,-0.559375,,IDLE,,,0,0,59,target,目标偏差较大，原地大转,400,-400,1
11.318,1210.0,1765.0,1478.0,1298.0,2.2012,2.2242,1.7743,2.0772,2.1392,0,0,0,0,0,0,1,-297.0,655.0,990.0,1,0,0,hunt,BIG_TURN_RIGHT,CRUISE,WAIT,IDLE,track_good,BIG_TURN_RIGHT,good,0.759375,-0.559375,,IDLE,,,0,0,59,target,目标偏差较大，原地大转,400,-400,1
11.338,1207.0,1764.0,1462.0,1296.0,2.2074,2.246,1.7379,2.0839,2.1457,0,0,0,0,0,0,1,-191.0,426.0,990.0,1,0,0,hunt,BIG_TURN_RIGHT,CRUISE,WAIT,IDLE,track_good,BIG_TURN_RIGHT,good,0.759375,-0.559375,,IDLE,,,0,0,59,target,目标偏差较大，原地大转,400,-400,1
11.358,1207.0,1764.0,1462.0,1296.0,2.2074,2.246,1.7354,2.0839,2.1457,0,0,0,0,0,0,1,-191.0,426.0,990.0,1,0,0,hunt,BIG_TURN_RIGHT,CRUISE,WAIT,IDLE,track_good,BIG_TURN_RIGHT,good,0.61875,-0.58125,,IDLE,,,0,0,60,target,目标偏差较大，原地大转,400,-400,1
11.378,1208.0,1767.0,1445.0,1297.0,2.2074,2.246,1.7354,2.0839,2.1457,0,0,0,0,0,0,1,-4.0,427.0,1021.0,1,0,0,hunt,BIG_TURN_RIGHT,CRUISE,WAIT,IDLE,track_good,BIG_TURN_RIGHT,good,0.61875,-0.58125,,IDLE,,,0,0,60,target,目标偏差较大，原地大转,400,-400,1
11.399,1210.0,1769.0,1492.0,1297.0,2.2105,2.252,1.7354,2.0872,2.1489,0,0,0,0,0,0,1,112.0,233.0,988.0,1,0,0,hunt,BIG_TURN_RIGHT,CRUISE,WAIT,IDLE,track_good,BIG_TURN_RIGHT,good,0.61875,-0.58125,,IDLE,,,0,0,60,target,目标偏差较大，原地大转,400,-400,1
11.419,1211.0,1771.0,1508.0,1297.0,2.2167,2.256,1.8083,2.0872,2.152,0,0,0,0,0,0,1,-190.0,458.0,1008.0,1,0,0,hunt,BIG_TURN_RIGHT,CRUISE,WAIT,IDLE,track_good,BIG_TURN_RIGHT,good,0.61875,-0.58125,,IDLE,,,0,0,60,target,目标偏差较大，原地大转,400,-400,1
11.439,1209.0,1770.0,1504.0,1294.0,2.2167,2.2579,1.8374,2.0872,2.152,0,0,0,0,0,0,1,77.0,820.0,1005.0,1,0,0,hunt,BIG_TURN_RIGHT,CRUISE,WAIT,IDLE,track_good,BIG_TURN_RIGHT,good,0.61875,-0.58125,,IDLE,,,0,0,60,target,目标偏差较大，原地大转,400,-400,1
11.459,1208.0,1770.0,1483.0,1295.0,2.2136,2.2579,1.8374,2.0805,2.1471,0,0,0,0,0,0,1,-140.0,265.0,1013.0,1,0,0,hunt,BIG_TURN_RIGHT,CRUISE,WAIT,IDLE,track_good,BIG_TURN_RIGHT,good,0.61875,-0.58125,,IDLE,,,0,0,60,target,目标偏差较大，原地大转,400,-400,1
11.479,1213.0,1781.0,1465.0,1298.0,2.2136,2.2579,1.7864,2.0805,2.1471,0,0,0,0,0,0,1,288.0,34.0,989.0,1,0,0,hunt,BIG_TURN_RIGHT,CRUISE,WAIT,IDLE,track_good,BIG_TURN_RIGHT,good,0.61875,-0.58125,,IDLE,,,0,0,60,target,目标偏差较大，原地大转,400,-400,1
11.499,1214.0,1785.0,1442.0,1299.0,2.226,2.2798,1.7427,2.0906,2.1583,0,0,0,0,0,0,1,-130.0,263.0,989.0,1,0,0,hunt,BIG_TURN_RIGHT,CRUISE,WAIT,IDLE,track_good,BIG_TURN_RIGHT,good,0.61875,-0.58125,,IDLE,,,0,0,60,target,目标偏差较大，原地大转,400,-400,1
11.52,1216.0,1792.0,1424.0,1301.0,2.2291,2.2877,1.6869,2.094,2.1615,0,0,0,0,0,0,1,-38.0,395.0,989.0,1,0,0,hunt,BIG_TURN_RIGHT,CRUISE,WAIT,IDLE,track_good,BIG_TURN_RIGHT,good,0.61875,-0.58125,,IDLE,,,0,0,60,target,目标偏差较大，原地大转,400,-400,1
11.54,1221.0,1804.0,1421.0,1306.0,2.2353,2.3016,1.6432,2.1007,2.168,0,0,0,0,0,0,1,81.0,249.0,988.0,1,0,0,hunt,ARC_RIGHT,CRUISE,WAIT,IDLE,track_good,ARC_RIGHT,good,0.328125,,,IDLE,,,0,0,61,target,持续差速前进并小幅对准,500,400,1
11.56,1213.0,1796.0,1404.0,1297.0,2.2353,2.3095,1.6359,2.1007,2.168,0,0,0,0,0,0,1,62.0,377.0,989.0,1,0,0,hunt,ARC_RIGHT,CRUISE,WAIT,IDLE,track_good,ARC_RIGHT,good,0.328125,,,IDLE,,,0,0,61,target,持续差速前进并小幅对准,500,400,1
11.58,1212.0,1799.0,1398.0,1296.0,2.226,2.3155,1.5947,2.0872,2.1566,0,0,0,0,0,0,1,136.0,1026.0,992.0,1,0,0,hunt,ARC_RIGHT,CRUISE,WAIT,IDLE,track_good,ARC_RIGHT,good,0.328125,,,IDLE,,,0,0,61,target,持续差速前进并小幅对准,500,400,1
11.6,1210.0,1797.0,1406.0,1293.0,2.2229,2.3115,1.5947,2.0839,2.1534,0,0,0,0,0,0,1,82.0,233.0,1005.0,1,0,0,hunt,ARC_RIGHT,CRUISE,WAIT,IDLE,track_good,ARC_RIGHT,good,0.328125,,,IDLE,,,0,0,61,target,持续差速前进并小幅对准,500,400,1
11.62,1216.0,1805.0,1438.0,1298.0,2.2229,2.3155,1.5995,2.0839,2.1534,0,0,0,0,0,0,1,-68.0,113.0,989.0,1,0,0,hunt,ARC_RIGHT,CRUISE,WAIT,IDLE,track_good,ARC_RIGHT,good,0.328125,,,IDLE,,,0,0,61,target,持续差速前进并小幅对准,500,400,1
11.64,1218.0,1802.0,1467.0,1298.0,2.2353,2.3214,1.6772,2.0906,2.1629,0,0,0,0,0,0,1,100.0,361.0,990.0,1,0,0,hunt,ARC_RIGHT,CRUISE,WAIT,IDLE,track_good,ARC_RIGHT,good,0.328125,,,IDLE,,,0,0,61,target,持续差速前进并小幅对准,500,400,1
11.661,1213.0,1798.0,1497.0,1296.0,2.2353,2.3214,1.7476,2.0906,2.1629,0,0,0,0,0,0,1,66.0,112.0,987.0,1,0,0,hunt,ARC_RIGHT,CRUISE,WAIT,IDLE,track_good,ARC_RIGHT,good,0.328125,,,IDLE,,,0,0,61,target,持续差速前进并小幅对准,500,400,1
11.681,1214.0,1798.0,1504.0,1297.0,2.2291,2.3135,1.8374,2.0872,2.1582,0,0,0,0,0,0,1,52.0,233.0,987.0,1,0,0,patrol,WARMUP,WARMUP,WAIT,IDLE,,IDLE,,,,,IDLE,,,0,0,62,no_target,等待滤波窗口,0,0,1
11.701,1217.0,1812.0,1480.0,1304.0,2.2337,2.3274,1.8083,2.099,2.1664,0,0,0,0,0,0,1,-3.0,640.0,991.0,1,0,0,patrol,WARMUP,WARMUP,WAIT,IDLE,,IDLE,,,,,IDLE,,,0,0,62,no_target,等待滤波窗口,0,0,1
11.721,1213.0,1810.0,1413.0,1298.0,2.2291,2.3373,1.7791,2.0906,2.1599,0,0,0,0,0,0,1,23.0,362.0,1006.0,1,0,0,patrol,CRUISE,CRUISE,WAIT,IDLE,,IDLE,,,,,IDLE,,,0,0,62,no_target,按区域分级巡航,450,450,1
11.741,1200.0,1795.0,1333.0,1287.0,2.226,2.3373,1.6165,2.0906,2.1583,0,0,0,0,0,0,1,200.0,521.0,988.0,1,0,0,patrol,CRUISE,CRUISE,WAIT,IDLE,,IDLE,,,,,IDLE,,,0,0,62,no_target,按区域分级巡航,450,450,1
11.761,1200.0,1795.0,1333.0,1287.0,2.1858,2.3075,1.4223,2.0537,2.1197,0,0,0,0,0,0,1,200.0,521.0,988.0,1,0,0,patrol,CRUISE,CRUISE,WAIT,IDLE,,IDLE,,,,,IDLE,,,0,0,62,no_target,按区域分级巡航,450,450,1
11.781,1207.0,1808.0,1280.0,1295.0,2.1858,2.3075,1.4223,2.0537,2.1197,0,0,0,0,0,0,1,-222.0,1092.0,993.0,1,0,0,patrol,CRUISE,CRUISE,WAIT,IDLE,,IDLE,,,,,IDLE,,,0,0,62,no_target,按区域分级巡航,450,450,1
11.802,1202.0,1803.0,1231.0,1287.0,2.192,2.3234,1.2937,2.0537,2.1228,0,0,0,0,0,0,1,27.0,212.0,973.0,1,0,0,patrol,CRUISE,CRUISE,WAIT,IDLE,,IDLE,,,,,IDLE,,,0,0,62,no_target,按区域分级巡航,450,450,1
11.822,1203.0,1809.0,1206.0,1294.0,2.195,2.3333,1.1748,2.0772,2.1361,0,0,0,0,0,0,1,-6.0,787.0,972.0,1,0,0,patrol,CRUISE,CRUISE,WAIT,IDLE,,IDLE,,,,,IDLE,,,0,0,62,no_target,按区域分级巡航,450,450,1
11.842,1197.0,1806.0,1184.0,1289.0,2.192,2.3294,1.1141,2.0604,2.1262,0,0,0,0,0,0,1,-117.0,361.0,972.0,1,0,0,hunt,ARC_LEFT,CRUISE,WAIT,IDLE,track_good,ARC_LEFT,good,-0.24375,,,IDLE,,,0,0,63,target,持续差速前进并小幅对准,400,500,1
11.863,1201.0,1816.0,1179.0,1293.0,2.1889,2.3353,1.0607,2.0738,2.1313,0,0,0,0,0,0,1,-13.0,113.0,956.0,1,0,0,hunt,ARC_LEFT,CRUISE,WAIT,IDLE,track_good,ARC_LEFT,good,-0.24375,,,IDLE,,,0,0,63,target,持续差速前进并小幅对准,400,500,1
11.883,1201.0,1819.0,1174.0,1289.0,2.1889,2.3492,1.0485,2.0604,2.1246,0,0,0,0,0,0,1,1.0,250.0,973.0,1,0,0,hunt,ARC_LEFT,CRUISE,WAIT,IDLE,track_good,ARC_LEFT,good,-0.24375,,,IDLE,,,0,0,63,target,持续差速前进并小幅对准,400,500,1
11.903,1205.0,1824.0,1176.0,1294.0,2.1889,2.3552,1.0413,2.0738,2.1313,0,0,0,0,0,0,1,-3.0,559.0,973.0,1,0,0,hunt,ARC_LEFT,CRUISE,WAIT,IDLE,track_good,ARC_LEFT,good,-0.24375,,,IDLE,,,0,0,63,target,持续差速前进并小幅对准,400,500,1
11.924,1197.0,1811.0,1169.0,1288.0,2.1889,2.3552,1.0364,2.0604,2.1246,0,0,1,0,0,0,1,-4.0,263.0,971.0,1,0,0,hunt,ARC_LEFT,CRUISE,WAIT,IDLE,track_good,ARC_LEFT,good,-0.24375,,left,IDLE,,,0,0,63,target,持续差速前进并小幅对准,400,500,1
11.944,1196.0,1810.0,1173.0,1293.0,2.1765,2.3393,1.034,2.0738,2.1251,0,0,1,0,0,0,1,-3.0,265.0,973.0,1,0,0,hunt,ARC_LEFT,CRUISE,WAIT,IDLE,track_good,ARC_LEFT,good,-0.24375,,left,IDLE,,,0,0,63,target,持续差速前进并小幅对准,400,500,1
11.964,1189.0,1803.0,1165.0,1289.0,2.1734,2.3373,1.0243,2.0604,2.1169,0,0,1,0,0,0,1,-2.0,379.0,955.0,1,0,0,hunt,ARC_LEFT,CRUISE,WAIT,IDLE,track_good,ARC_LEFT,good,-0.24375,,left,IDLE,,,0,0,63,target,持续差速前进并小幅对准,400,500,1
11.984,1188.0,1811.0,1162.0,1288.0,2.1517,2.3373,1.0146,2.0604,2.1061,0,0,1,0,0,0,1,-3.0,422.0,971.0,1,0,0,hunt,ARC_LEFT,CRUISE,WAIT,IDLE,track_good,ARC_LEFT,good,-0.41875,,left,IDLE,,,0,0,64,target,持续差速前进并小幅对准,400,500,1
12.005,1192.0,1833.0,1167.0,1298.0,2.1517,2.3393,1.0146,2.0604,2.1061,0,0,1,0,0,0,1,-4.0,414.0,990.0,1,0,0,hunt,ARC_LEFT,CRUISE,WAIT,IDLE,track_good,ARC_LEFT,good,-0.41875,,left,IDLE,,,0,0,64,target,持续差速前进并小幅对准,400,500,1
12.025,1189.0,1840.0,1181.0,1301.0,2.1517,2.3829,1.0194,2.0906,2.1212,0,0,1,0,0,0,1,-3.0,428.0,991.0,1,0,0,hunt,ARC_LEFT,CRUISE,WAIT,IDLE,track_good,ARC_LEFT,good,-0.41875,,left,IDLE,,,0,0,64,target,持续差速前进并小幅对准,400,500,1
12.045,1160.0,1840.0,1184.0,1282.0,2.1517,2.3968,1.0534,2.0906,2.1212,0,0,1,0,0,0,1,-5.0,789.0,1021.0,1,0,0,hunt,ARC_LEFT,CRUISE,WAIT,IDLE,track_good,ARC_LEFT,good,-0.41875,,left,IDLE,,,0,0,64,target,持续差速前进并小幅对准,400,500,1
12.066,1118.0,1846.0,1168.0,1277.0,2.0619,2.3968,1.0534,2.0369,2.0494,0,0,1,0,0,0,1,-4.0,476.0,1054.0,1,0,0,hunt,ARC_LEFT,CRUISE,WAIT,IDLE,track_good,ARC_LEFT,good,-0.41875,,left,IDLE,,,0,0,64,target,持续差速前进并小幅对准,400,500,1
12.086,1069.0,1849.0,1183.0,1282.0,1.9319,2.4087,1.0583,2.0369,1.9844,0,0,1,0,0,0,1,-5.0,443.0,1070.0,1,0,0,hunt,ARC_LEFT,CRUISE,WAIT,IDLE,track_good,ARC_LEFT,good,-0.41875,,left,IDLE,,,0,0,64,target,持续差速前进并小幅对准,400,500,1
12.107,1003.0,1856.0,1180.0,1283.0,1.7802,2.4147,1.051,2.0369,1.9085,0,0,1,0,0,0,1,-4.0,265.0,1024.0,1,0,0,hunt,ARC_LEFT,CRUISE,WAIT,IDLE,track_good,ARC_LEFT,good,-0.41875,,left,IDLE,,,0,0,64,target,持续差速前进并小幅对准,400,500,1
12.127,937.0,1863.0,1181.0,1287.0,1.5759,2.4286,1.0534,2.0403,1.8081,0,0,1,0,0,0,1,-4.0,233.0,1021.0,1,0,0,hunt,ARC_LEFT,CRUISE,WAIT,IDLE,track_good,ARC_LEFT,good,-0.41875,,left,IDLE,,,0,0,64,target,持续差速前进并小幅对准,400,500,1
12.147,907.0,1893.0,1200.0,1301.0,1.3715,2.4425,1.0534,2.0537,1.7126,0,0,1,0,0,0,1,-4.0,409.0,1037.0,1,0,0,hunt,ARC_LEFT,CRUISE,WAIT,IDLE,track_good,ARC_LEFT,good,-0.5125,,left,IDLE,,,0,0,65,target,持续差速前进并小幅对准,400,500,1
12.168,886.0,1875.0,1190.0,1297.0,1.2786,2.4663,1.0752,2.0872,1.6829,0,0,1,0,0,0,1,-3.0,392.0,1039.0,1,0,0,hunt,ARC_LEFT,CRUISE,WAIT,IDLE,track_good,ARC_LEFT,good,-0.5125,,left,IDLE,,,0,0,65,target,持续差速前进并小幅对准,400,500,1
12.188,877.0,1877.0,1196.0,1297.0,1.2136,2.4702,1.0898,2.0872,1.6504,0,0,1,0,0,0,1,-4.0,80.0,1038.0,1,0,0,hunt,ARC_LEFT,CRUISE,WAIT,IDLE,track_good,ARC_LEFT,good,-0.5125,,left,IDLE,,,0,0,65,target,持续差速前进并小幅对准,400,500,1
12.208,868.0,1889.0,1196.0,1301.0,1.1858,2.4702,1.0898,2.0872,1.6365,0,0,1,0,0,0,1,-4.0,249.0,1057.0,1,0,0,hunt,ARC_LEFT,CRUISE,WAIT,IDLE,track_good,ARC_LEFT,good,-0.5125,,left,IDLE,,,0,0,65,target,持续差速前进并小幅对准,400,500,1
12.228,882.0,1891.0,1199.0,1313.0,1.1858,2.494,1.0898,2.1007,1.6432,0,0,1,0,0,0,1,-158.0,281.0,1022.0,1,0,0,hunt,ARC_LEFT,CRUISE,WAIT,IDLE,track_good,ARC_LEFT,good,-0.5125,,left,IDLE,,,0,0,65,target,持续差速前进并小幅对准,400,500,1
12.248,905.0,1908.0,1195.0,1334.0,1.2012,2.498,1.0898,2.1409,1.6711,0,0,1,0,0,0,1,-3.0,736.0,1024.0,1,0,0,hunt,ARC_LEFT,CRUISE,WAIT,IDLE,track_good,ARC_LEFT,good,-0.5125,,left,IDLE,,,0,0,65,target,持续差速前进并小幅对准,400,500,1
12.268,962.0,1899.0,1196.0,1321.0,1.2724,2.5139,1.0898,2.1678,1.7201,0,0,1,0,0,0,1,-5.0,363.0,1007.0,1,0,0,hunt,ARC_LEFT,CRUISE,WAIT,IDLE,track_good,ARC_LEFT,good,-0.5125,,left,IDLE,,,0,0,65,target,持续差速前进并小幅对准,400,500,1
12.289,1069.0,1890.0,1220.0,1314.0,1.4489,2.5139,1.0898,2.1678,1.8084,0,0,1,0,0,0,1,-4.0,395.0,1006.0,1,0,0,hunt,ARC_LEFT,CRUISE,WAIT,IDLE,track_good,ARC_LEFT,good,-0.5125,,left,IDLE,,,0,0,65,target,持续差速前进并小幅对准,400,500,1
12.309,1148.0,1869.0,1191.0,1315.0,2.0248,2.4544,1.0777,2.1477,2.0862,0,0,1,0,0,0,1,-5.0,391.0,1008.0,1,0,0,patrol,WARMUP,WARMUP,WAIT,IDLE,,IR_UNCLASSIFIED,,,,,IDLE,,,0,0,66,no_target,等待滤波窗口,0,0,1
12.329,1182.0,1837.0,1182.0,1325.0,2.0774,2.4226,1.0667,2.1644,2.1209,0,0,1,0,0,0,1,-5.0,624.0,1008.0,1,0,0,patrol,WARMUP,WARMUP,WAIT,IDLE,,IDLE,,,,,IDLE,,,0,0,66,no_target,等待滤波窗口,0,0,1
12.349,1180.0,1716.0,1190.0,1309.0,2.1238,2.3909,1.0752,2.1477,2.1357,0,0,1,0,0,0,1,-4.0,346.0,1006.0,1,0,0,enemy_push,SEEK_TURN,CRUISE,WAIT,IDLE,,IR_UNCLASSIFIED,,,,,SEEK_TURN,left_front,left,0,0,66,no_target,left_front 发现敌人，原地转向,0,0,1
12.369,1180.0,1589.0,1198.0,1303.0,2.1238,2.1508,1.0752,2.1275,2.1257,0,0,1,0,0,0,1,-3.0,212.0,1029.0,1,0,0,enemy_push,SEEK_TURN,CRUISE,WAIT,IDLE,,IDLE,,,,,SEEK_TURN,left_front,left,0,0,66,no_target,left_front 发现敌人，原地转向,-500,500,1
12.389,1165.0,1463.0,1184.0,1297.0,2.1238,1.8988,1.0752,2.1074,2.0031,0,0,1,0,0,0,1,-3.0,194.0,1007.0,1,0,0,enemy_push,SEEK_TURN,CRUISE,WAIT,IDLE,,IDLE,,,,,SEEK_TURN,left_front,left,0,0,66,no_target,left_front 发现敌人，原地转向,-500,500,1
12.41,1165.0,1463.0,1184.0,1297.0,2.0774,1.6488,1.0607,2.0872,1.8631,0,0,1,0,0,0,1,-3.0,194.0,1007.0,1,0,0,enemy_push,SEEK_TURN,CRUISE,WAIT,IDLE,,IDLE,,,,,SEEK_TURN,left_front,left,0,0,66,no_target,left_front 发现敌人，原地转向,-500,500,1
12.43,1171.0,1400.0,1198.0,1297.0,2.0774,1.6488,1.0607,2.0872,1.8631,0,0,1,0,0,0,1,-4.0,441.0,974.0,1,0,0,enemy_push,SEEK_TURN,CRUISE,WAIT,IDLE,,IDLE,,,,,SEEK_TURN,left_front,left,0,0,66,no_target,left_front 发现敌人，原地转向,-500,500,1
12.45,1171.0,1405.0,1205.0,1290.0,2.096,1.5337,1.0947,2.0872,1.8105,0,0,1,0,0,0,1,-4.0,194.0,985.0,1,0,0,enemy_push,SEEK_TURN,CRUISE,WAIT,IDLE,,IDLE,,,,,SEEK_TURN,left_front,left,0,0,67,no_target,left_front 发现敌人，原地转向,-500,500,1
12.47,1165.0,1405.0,1204.0,1297.0,2.096,1.5337,1.1092,2.0872,1.8105,0,0,1,0,0,0,1,-3.0,393.0,989.0,1,0,0,enemy_push,SEEK_TURN,CRUISE,WAIT,IDLE,,IDLE,,,,,SEEK_TURN,left_front,left,0,0,67,no_target,left_front 发现敌人，原地转向,-500,500,1
12.49,1156.0,1404.0,1194.0,1286.0,2.0774,1.5337,1.1092,2.0638,1.7987,0,0,1,0,0,0,1,-5.0,328.0,1008.0,1,0,0,enemy_push,SEEK_TURN,CRUISE,WAIT,IDLE,,IDLE,,,,,SEEK_TURN,left_front,left,0,0,67,no_target,left_front 发现敌人，原地转向,-500,500,1
12.51,1149.0,1392.0,1195.0,1275.0,2.0495,1.5317,1.0874,2.0503,1.7906,0,0,1,0,0,0,1,-5.0,590.0,1052.0,1,0,0,enemy_push,SEEK_TURN,CRUISE,WAIT,IDLE,,IDLE,,,,,SEEK_TURN,left_front,left,0,0,67,no_target,left_front 发现敌人，原地转向,-500,500,1
12.531,1147.0,1395.0,1203.0,1280.0,2.0279,1.5139,1.0874,2.0302,1.7709,0,0,1,0,0,0,1,-4.0,344.0,1037.0,1,0,0,enemy_push,SEEK_TURN,CRUISE,WAIT,IDLE,,IDLE,,,,,SEEK_TURN,left_front,left,0,0,67,no_target,left_front 发现敌人，原地转向,-500,500,1
12.551,1143.0,1415.0,1193.0,1288.0,2.0217,1.5139,1.0874,2.0302,1.7678,0,0,1,0,0,0,1,-4.0,442.0,1008.0,1,0,0,enemy_push,SEEK_TURN,CRUISE,WAIT,IDLE,,IDLE,,,,,SEEK_TURN,left_front,left,0,0,67,no_target,left_front 发现敌人，原地转向,-500,500,1
12.571,1139.0,1444.0,1181.0,1280.0,2.0093,1.5536,1.0825,2.0302,1.7814,0,0,1,0,0,0,1,-5.0,686.0,1041.0,1,0,0,enemy_push,SEEK_TURN,CRUISE,WAIT,IDLE,,IDLE,,,,,SEEK_TURN,left_front,left,0,0,67,no_target,left_front 发现敌人，原地转向,-500,500,1
12.591,1156.0,1535.0,1200.0,1298.0,2.0093,1.6111,1.0825,2.057,1.8102,0,0,1,0,0,0,1,96.0,209.0,1027.0,1,0,0,enemy_push,SEEK_TURN,CRUISE,WAIT,IDLE,,IDLE,,,,,SEEK_TURN,left_front,left,0,0,67,no_target,left_front 发现敌人，原地转向,-500,500,1
12.611,1146.0,1600.0,1201.0,1288.0,2.0186,1.7917,1.0995,2.057,1.9051,0,0,1,0,0,0,1,34.0,25.0,1003.0,1,0,0,enemy_push,SEEK_TURN,CRUISE,WAIT,IDLE,,IDLE,,,,,SEEK_TURN,left_front,left,0,0,68,no_target,left_front 发现敌人，原地转向,-500,500,1
12.631,1144.0,1708.0,1219.0,1290.0,2.0186,1.9206,1.1019,2.0638,1.9696,0,0,1,0,0,0,1,100.0,24.0,1006.0,1,0,0,enemy_push,SEEK_TURN,CRUISE,WAIT,IDLE,,IDLE,,,,,SEEK_TURN,left_front,left,0,0,68,no_target,left_front 发现敌人，原地转向,-500,500,1
12.651,1128.0,1763.0,1221.0,1275.0,2.0124,2.1349,1.1456,2.057,2.0347,0,0,1,0,0,0,1,21.0,26.0,1026.0,1,0,0,enemy_push,SEEK_TURN,CRUISE,WAIT,IDLE,,IDLE,,,,,SEEK_TURN,left_front,left,0,0,68,no_target,left_front 发现敌人，原地转向,-500,500,1
12.672,1134.0,1825.0,1243.0,1286.0,1.9814,2.244,1.1505,2.0503,2.0159,0,0,1,0,0,0,1,149.0,581.0,988.0,1,0,0,enemy_push,SEEK_TURN,CRUISE,WAIT,IDLE,,IDLE,,,,,SEEK_TURN,left_front,left,0,0,68,no_target,left_front 发现敌人，原地转向,-500,500,1
12.692,1141.0,1856.0,1255.0,1287.0,1.9814,2.3671,1.2039,2.0503,2.0159,0,0,1,0,0,0,1,61.0,26.0,1005.0,1,0,0,enemy_push,SEEK_TURN,CRUISE,WAIT,IDLE,,IDLE,,,,,SEEK_TURN,left_front,left,0,0,68,no_target,left_front 发现敌人，原地转向,-500,500,1
12.712,1142.0,1857.0,1280.0,1287.0,2.0031,2.4286,1.233,2.0537,2.0284,0,0,1,0,0,0,1,-5.0,379.0,1008.0,1,0,0,enemy_push,SEEK_TURN,CRUISE,WAIT,IDLE,,IDLE,,,,,SEEK_TURN,left_front,left,0,0,68,no_target,left_front 发现敌人，原地转向,-500,500,1
12.732,1144.0,1864.0,1301.0,1292.0,2.0062,2.4306,1.2937,2.0537,2.0299,0,0,1,0,0,0,1,160.0,26.0,1005.0,1,0,0,enemy_push,SEEK_TURN,CRUISE,WAIT,IDLE,,IDLE,,,,,SEEK_TURN,left_front,left,0,0,68,no_target,left_front 发现敌人，原地转向,-500,500,1
12.752,1142.0,1864.0,1315.0,1293.0,2.0062,2.4444,1.3447,2.0705,2.0383,0,0,1,0,0,0,1,340.0,26.0,1036.0,1,0,0,enemy_push,SEEK_TURN,CRUISE,WAIT,IDLE,,IDLE,,,,,SEEK_TURN,left_front,left,0,0,69,no_target,left_front 发现敌人，原地转向,-500,500,1
12.772,1138.0,1860.0,1323.0,1294.0,2.0062,2.4444,1.3786,2.0738,2.04,0,0,1,0,0,0,1,-108.0,26.0,1022.0,1,0,0,enemy_push,SEEK_TURN,CRUISE,WAIT,IDLE,,IDLE,,,,,SEEK_TURN,left_front,left,0,0,69,no_target,left_front 发现敌人，原地转向,-500,500,1
12.793,1134.0,1852.0,1328.0,1291.0,1.9938,2.4365,1.3981,2.0738,2.0338,0,0,1,0,0,0,1,144.0,25.0,1038.0,1,0,0,enemy_push,SEEK_TURN,CRUISE,WAIT,IDLE,,IDLE,,,,,SEEK_TURN,left_front,left,0,0,69,no_target,left_front 发现敌人，原地转向,-500,500,1
12.813,1125.0,1835.0,1319.0,1278.0,1.9814,2.4206,1.3981,2.0671,2.0243,0,0,1,0,0,0,1,-67.0,30.0,1037.0,1,0,0,enemy_push,SEEK_TURN,CRUISE,WAIT,IDLE,,IDLE,,,,,SEEK_TURN,left_front,left,0,0,69,no_target,left_front 发现敌人，原地转向,-500,500,1
12.833,1124.0,1834.0,1324.0,1278.0,1.9536,2.3869,1.4005,2.0235,1.9885,0,0,1,0,0,0,1,204.0,96.0,1021.0,1,0,0,enemy_push,SEEK_TURN,CRUISE,WAIT,IDLE,,IDLE,,,,,SEEK_TURN,left_front,left,0,0,69,no_target,left_front 发现敌人，原地转向,-500,500,1
12.853,1134.0,1843.0,1328.0,1276.0,1.9536,2.3869,1.4005,2.0235,1.9885,0,0,1,0,0,0,1,-418.0,395.0,1024.0,1,0,0,enemy_push,SEEK_TURN,CRUISE,WAIT,IDLE,,IDLE,,,,,SEEK_TURN,left_front,left,0,0,69,no_target,left_front 发现敌人，原地转向,-500,500,1
12.873,1129.0,1817.0,1315.0,1256.0,1.9659,2.3849,1.4005,2.0168,1.9914,0,0,1,0,0,0,1,440.0,837.0,1041.0,1,0,0,enemy_push,SEEK_TURN,CRUISE,WAIT,IDLE,,IDLE,,,,,SEEK_TURN,left_front,left,0,0,69,no_target,left_front 发现敌人，原地转向,-500,500,1
12.893,1129.0,1817.0,1315.0,1256.0,1.9659,2.3512,1.3786,1.9497,1.9578,0,0,1,0,0,0,1,440.0,837.0,1041.0,1,0,0,enemy_push,SEEK_TURN,CRUISE,WAIT,IDLE,,IDLE,,,,,SEEK_TURN,left_front,left,0,0,70,no_target,left_front 发现敌人，原地转向,-500,500,1
12.913,1133.0,1810.0,1304.0,1255.0,1.9659,2.3512,1.3786,1.9497,1.9578,0,0,1,0,0,0,1,26.0,346.0,1046.0,1,0,0,enemy_push,SEEK_TURN,CRUISE,WAIT,IDLE,,IDLE,,,,,SEEK_TURN,left_front,left,0,0,70,no_target,left_front 发现敌人，原地转向,-500,500,1
12.934,1135.0,1805.0,1280.0,1245.0,1.9783,2.3373,1.3519,1.9463,1.9623,0,0,1,0,0,0,1,-3.0,25.0,1038.0,1,0,0,enemy_push,SEEK_TURN,CRUISE,WAIT,IDLE,,IDLE,,,,,SEEK_TURN,left_front,left,0,0,70,no_target,left_front 发现敌人，原地转向,-500,500,1
12.954,1140.0,1801.0,1264.0,1247.0,2.0,2.3194,1.2549,1.9195,1.9597,0,0,1,0,0,0,1,102.0,24.0,1038.0,1,0,0,patrol,WARMUP,WARMUP,WAIT,IDLE,,IDLE,,,,,IDLE,,,0,0,70,no_target,等待滤波窗口,0,0,1
12.974,1138.0,1788.0,1245.0,1245.0,1.9969,2.3065,1.2318,1.9161,1.9565,0,0,1,0,0,0,1,-323.0,362.0,1152.0,1,0,0,patrol,WARMUP,WARMUP,WAIT,IDLE,,IDLE,,,,,IDLE,,,0,0,70,no_target,等待滤波窗口,0,0,1
12.994,1147.0,1792.0,1248.0,1249.0,2.0,2.3016,1.216,1.9195,1.9597,0,0,1,0,0,0,1,7.0,36.0,955.0,1,0,0,patrol,CRUISE,CRUISE,WAIT,IDLE,,IR_UNCLASSIFIED,,,,,IDLE,,,0,0,70,no_target,按区域分级巡航,450,450,1
13.014,1149.0,1790.0,1243.0,1247.0,2.0217,2.2976,1.2087,1.9195,1.9706,0,0,1,0,0,0,1,68.0,330.0,925.0,1,0,0,patrol,CRUISE,CRUISE,WAIT,IDLE,,IR_UNCLASSIFIED,,,,,IDLE,,,0,0,70,no_target,按区域分级巡航,450,450,1
13.034,1156.0,1807.0,1244.0,1255.0,2.0279,2.3016,1.2063,1.9262,1.977,0,0,1,0,0,0,1,-572.0,25.0,923.0,1,0,0,patrol,CRUISE,CRUISE,WAIT,IDLE,,IR_UNCLASSIFIED,,,,,IDLE,,,0,0,70,no_target,按区域分级巡航,450,450,1
13.054,1152.0,1795.0,1238.0,1255.0,2.0372,2.3075,1.2039,1.9463,1.9917,0,0,1,0,0,0,1,234.0,25.0,923.0,1,0,0,patrol,CRUISE,CRUISE,WAIT,IDLE,,IR_UNCLASSIFIED,,,,,IDLE,,,0,0,70,no_target,按区域分级巡航,450,450,1
13.075,1150.0,1801.0,1234.0,1253.0,2.0372,2.3194,1.1917,1.9463,1.9917,0,0,1,0,0,0,1,8.0,25.0,908.0,1,0,0,patrol,CRUISE,CRUISE,WAIT,IDLE,,IR_UNCLASSIFIED,,,,,IDLE,,,0,0,71,no_target,按区域分级巡航,450,450,1
13.095,1155.0,1801.0,1240.0,1256.0,2.0372,2.3194,1.1917,1.9463,1.9917,0,0,1,0,0,0,1,64.0,25.0,924.0,1,0,0,patrol,CRUISE,CRUISE,WAIT,IDLE,,IR_UNCLASSIFIED,,,,,IDLE,,,0,0,71,no_target,按区域分级巡航,450,450,1
13.115,1156.0,1803.0,1240.0,1251.0,2.0464,2.3194,1.1966,1.9396,1.993,0,0,0,0,0,0,1,-8.0,229.0,924.0,1,0,0,patrol,CRUISE,CRUISE,WAIT,IDLE,,IDLE,,,,,IDLE,,,0,0,71,no_target,按区域分级巡航,450,450,1
13.135,1158.0,1803.0,1238.0,1251.0,2.0495,2.3234,1.1966,1.9329,1.9912,0,0,0,0,0,0,1,-134.0,26.0,909.0,1,0,0,patrol,CRUISE,CRUISE,WAIT,IDLE,,IDLE,,,,,IDLE,,,0,0,71,no_target,按区域分级巡航,450,450,1
13.155,1164.0,1804.0,1236.0,1248.0,2.0557,2.3234,1.1917,1.9329,1.9943,0,0,0,0,0,0,1,-82.0,25.0,940.0,1,0,0,patrol,CRUISE,CRUISE,WAIT,IDLE,,IDLE,,,,,IDLE,,,0,0,71,no_target,按区域分级巡航,450,450,1
13.175,1165.0,1804.0,1231.0,1253.0,2.0743,2.3254,1.1869,1.9329,2.0036,0,0,0,0,0,0,1,-5.0,24.0,940.0,1,0,0,patrol,CRUISE,CRUISE,WAIT,IDLE,,IDLE,,,,,IDLE,,,0,0,71,no_target,按区域分级巡航,450,450,1
13.196,1168.0,1798.0,1232.0,1249.0,2.0774,2.3254,1.1772,1.9262,2.0018,0,0,0,0,0,0,1,-71.0,25.0,924.0,1,0,0,patrol,CRUISE,CRUISE,WAIT,IDLE,,IDLE,,,,,IDLE,,,0,0,71,no_target,按区域分级巡航,450,450,1
13.216,1165.0,1784.0,1228.0,1247.0,2.0774,2.3135,1.1748,1.9262,2.0018,0,0,0,0,0,0,1,-3.0,232.0,921.0,1,0,0,patrol,CRUISE,CRUISE,WAIT,IDLE,,IDLE,,,,,IDLE,,,0,0,72,no_target,按区域分级巡航,450,450,1
13.236,1176.0,1800.0,1237.0,1260.0,2.0867,2.3135,1.1772,1.9262,2.0064,0,0,0,0,0,0,1,-7.0,25.0,924.0,1,0,0,patrol,CRUISE,CRUISE,WAIT,IDLE,,IDLE,,,,,IDLE,,,0,0,72,no_target,按区域分级巡航,450,450,1
13.256,1171.0,1795.0,1231.0,1257.0,2.096,2.3075,1.1748,1.953,2.0245,0,0,0,0,0,0,1,-280.0,25.0,923.0,1,0,0,patrol,CRUISE,CRUISE,WAIT,IDLE,,IDLE,,,,,IDLE,,,0,0,72,no_target,按区域分级巡航,450,450,1
13.276,1172.0,1795.0,1236.0,1256.0,2.0991,2.3075,1.1869,1.953,2.026,0,0,0,0,0,0,1,168.0,80.0,924.0,1,0,0,patrol,CRUISE,CRUISE,WAIT,IDLE,,IDLE,,,,,IDLE,,,0,0,72,no_target,按区域分级巡航,450,450,1
13.296,1164.0,1794.0,1234.0,1245.0,2.096,2.3075,1.182,1.9497,2.0228,0,0,0,0,0,0,1,-4.0,25.0,908.0,1,0,0,patrol,CRUISE,CRUISE,WAIT,IDLE,,IDLE,,,,,IDLE,,,0,0,72,no_target,按区域分级巡航,450,450,1
13.316,1162.0,1791.0,1227.0,1236.0,2.0743,2.3056,1.182,1.9128,1.9935,0,0,0,0,0,0,1,-10.0,35.0,908.0,1,0,0,patrol,CRUISE,CRUISE,WAIT,IDLE,,IDLE,,,,,IDLE,,,0,0,72,no_target,按区域分级巡航,450,450,1
13.336,1166.0,1804.0,1234.0,1247.0,2.0743,2.3056,1.182,1.9128,1.9935,0,0,0,0,0,0,1,-4.0,26.0,923.0,1,0,0,patrol,CRUISE,CRUISE,WAIT,IDLE,,IDLE,,,,,IDLE,,,0,0,72,no_target,按区域分级巡航,450,450,1
13.357,1164.0,1805.0,1232.0,1246.0,2.0743,2.3254,1.1772,1.9161,1.9952,0,0,0,0,0,0,1,-5.0,25.0,920.0,1,0,0,patrol,CRUISE,CRUISE,WAIT,IDLE,,IDLE,,,,,IDLE,,,0,0,72,no_target,按区域分级巡航,450,450,1
13.377,1164.0,1805.0,1232.0,1246.0,2.0743,2.3274,1.1772,1.9161,1.9952,0,0,0,0,0,0,1,-5.0,25.0,920.0,1,0,0,hunt,BIG_TURN_RIGHT,CRUISE,WAIT,IDLE,track_good,BIG_TURN_RIGHT,good,0.909375,,,IDLE,,,0,0,73,target,目标偏差较大，原地大转,400,-400,1
13.397,1168.0,1812.0,1230.0,1251.0,2.0743,2.3274,1.1772,1.9161,1.9952,0,0,0,0,0,0,1,35.0,26.0,925.0,1,0,0,hunt,BIG_TURN_RIGHT,CRUISE,WAIT,IDLE,track_good,BIG_TURN_RIGHT,good,0.909375,,,IDLE,,,0,0,73,target,目标偏差较大，原地大转,400,-400,1
13.418,1164.0,1808.0,1225.0,1240.0,2.0743,2.3333,1.1723,1.9161,1.9952,0,0,0,0,0,0,1,-2.0,64.0,909.0,1,0,0,hunt,BIG_TURN_RIGHT,CRUISE,WAIT,IDLE,track_good,BIG_TURN_RIGHT,good,0.909375,,,IDLE,,,0,0,73,target,目标偏差较大，原地大转,400,-400,1
13.438,1158.0,1817.0,1234.0,1226.0,2.0743,2.3413,1.1723,1.896,1.9851,0,0,1,0,0,0,1,-4.0,113.0,915.0,1,0,0,hunt,BIG_TURN_RIGHT,CRUISE,WAIT,IDLE,track_good,BIG_TURN_RIGHT,good,0.909375,,left,IDLE,,,0,0,73,target,目标偏差较大，原地大转,400,-400,1
13.458,1148.0,1813.0,1237.0,1218.0,2.0557,2.3433,1.182,1.849,1.9524,0,0,1,0,0,0,1,-9.0,162.0,955.0,1,0,0,hunt,BIG_TURN_RIGHT,CRUISE,WAIT,IDLE,track_good,BIG_TURN_RIGHT,good,0.909375,,left,IDLE,,,0,0,73,target,目标偏差较大，原地大转,400,-400,1
13.478,1141.0,1816.0,1231.0,1220.0,2.0248,2.3492,1.182,1.8289,1.9268,0,0,1,0,0,0,1,265.0,248.0,1038.0,1,0,0,hunt,BIG_TURN_RIGHT,CRUISE,WAIT,IDLE,track_good,BIG_TURN_RIGHT,good,0.909375,,left,IDLE,,,0,0,73,target,目标偏差较大，原地大转,400,-400,1
13.498,1127.0,1828.0,1221.0,1243.0,2.0031,2.3492,1.1748,1.8289,1.916,0,0,1,0,0,0,1,-4.0,1012.0,1024.0,1,0,0,hunt,BIG_TURN_RIGHT,CRUISE,WAIT,IDLE,track_good,BIG_TURN_RIGHT,good,0.909375,,left,IDLE,,,0,0,73,target,目标偏差较大，原地大转,400,-400,1
13.519,1116.0,1825.0,1203.0,1248.0,1.9598,2.3671,1.1505,1.906,1.9329,0,0,1,0,0,0,1,-4.0,576.0,1117.0,1,0,0,hunt,BIG_TURN_RIGHT,CRUISE,WAIT,IDLE,track_good,BIG_TURN_RIGHT,good,0.909375,,left,IDLE,,,0,0,73,target,目标偏差较大，原地大转,400,-400,1
13.539,1104.0,1811.0,1184.0,1239.0,1.8885,2.3393,1.0607,1.8926,1.8906,0,0,1,0,0,0,1,-5.0,1014.0,1198.0,1,0,0,patrol,WARMUP,WARMUP,WAIT,IDLE,,IR_UNCLASSIFIED,,,,,IDLE,,,0,0,74,no_target,等待滤波窗口,0,0,1
13.56,1106.0,1818.0,1187.0,1245.0,1.8916,2.3462,1.0643,1.9027,1.8972,0,0,1,0,0,0,1,-514.0,993.0,1089.0,1,0,0,patrol,WARMUP,WARMUP,WAIT,IDLE,,IDLE,,,,,IDLE,,,0,0,74,no_target,等待滤波窗口,0,0,1
13.58,1108.0,1826.0,1193.0,1247.0,1.8947,2.3532,1.068,1.9128,1.9037,0,0,1,0,0,0,1,-5.0,655.0,1148.0,1,0,0,enemy_push,SEEK_TURN,CRUISE,WAIT,IDLE,,IR_UNCLASSIFIED,,,,,SEEK_TURN,left_front,left,0,0,74,no_target,left_front 发现敌人，原地转向,0,0,1
13.6,1101.0,1816.0,1184.0,1239.0,1.8947,2.3532,1.068,1.9128,1.9037,0,0,1,0,0,0,1,-4.0,334.0,1161.0,1,0,0,enemy_push,SEEK_TURN,CRUISE,WAIT,IDLE,,IDLE,,,,,SEEK_TURN,left_front,left,0,0,74,no_target,left_front 发现敌人，原地转向,-500,500,1
13.62,1102.0,1821.0,1177.0,1242.0,1.8824,2.3591,1.0607,1.9027,1.8925,0,0,1,0,0,0,1,-3.0,512.0,1118.0,1,0,0,enemy_push,SEEK_TURN,CRUISE,WAIT,IDLE,,IDLE,,,,,SEEK_TURN,left_front,left,0,0,74,no_target,left_front 发现敌人，原地转向,-500,500,1
13.641,1091.0,1812.0,1168.0,1239.0,1.8793,2.3492,1.0437,1.8926,1.8859,0,0,1,0,0,0,1,-4.0,976.0,1152.0,1,0,0,enemy_push,SEEK_TURN,CRUISE,WAIT,IDLE,,IDLE,,,,,SEEK_TURN,left_front,left,0,0,74,no_target,left_front 发现敌人，原地转向,-500,500,1
13.661,1083.0,1804.0,1165.0,1241.0,1.8483,2.3413,1.0218,1.8993,1.8738,0,0,1,0,0,0,1,-4.0,565.0,1146.0,1,0,0,enemy_push,SEEK_TURN,CRUISE,WAIT,IDLE,,IDLE,,,,,SEEK_TURN,left_front,left,0,0,74,no_target,left_front 发现敌人，原地转向,-500,500,1
13.681,1088.0,1811.0,1170.0,1252.0,1.839,2.3393,1.0218,1.8993,1.8692,0,0,1,0,0,0,1,-11.0,459.0,1130.0,1,0,0,enemy_push,SEEK_TURN,CRUISE,WAIT,IDLE,,IDLE,,,,,SEEK_TURN,left_front,left,0,0,74,no_target,left_front 发现敌人，原地转向,-500,500,1
13.701,1088.0,1814.0,1170.0,1255.0,1.839,2.3393,1.0267,1.9362,1.8876,0,0,1,0,0,0,1,99.0,995.0,1120.0,1,0,0,enemy_push,SEEK_TURN,CRUISE,WAIT,IDLE,,IDLE,,,,,SEEK_TURN,left_front,left,0,0,74,no_target,left_front 发现敌人，原地转向,-500,500,1
13.721,1088.0,1816.0,1171.0,1253.0,1.839,2.3452,1.0267,1.9396,1.8893,0,0,1,0,0,0,1,-5.0,624.0,1126.0,1,0,0,enemy_push,SEEK_TURN,CRUISE,WAIT,IDLE,,IDLE,,,,,SEEK_TURN,left_front,left,0,0,74,no_target,left_front 发现敌人，原地转向,-500,500,1
13.741,1088.0,1814.0,1171.0,1249.0,1.839,2.3452,1.0291,1.9396,1.8893,0,0,1,0,0,0,1,-4.0,640.0,1130.0,1,0,0,enemy_push,SEEK_TURN,CRUISE,WAIT,IDLE,,IDLE,,,,,SEEK_TURN,left_front,left,0,0,74,no_target,left_front 发现敌人，原地转向,-500,500,1
13.761,1090.0,1819.0,1173.0,1250.0,1.839,2.3492,1.0291,1.9295,1.8843,0,0,1,0,0,0,1,-5.0,475.0,1133.0,1,0,0,enemy_push,SEEK_TURN,CRUISE,WAIT,IDLE,,IDLE,,,,,SEEK_TURN,left_front,left,0,0,74,no_target,left_front 发现敌人，原地转向,-500,500,1
13.781,1088.0,1816.0,1171.0,1248.0,1.839,2.3492,1.0291,1.9262,1.8826,0,0,1,0,0,0,1,426.0,640.0,1135.0,1,0,0,enemy_push,SEEK_TURN,CRUISE,WAIT,IDLE,,IDLE,,,,,SEEK_TURN,left_front,left,0,0,74,no_target,left_front 发现敌人，原地转向,-500,500,1
13.801,1088.0,1818.0,1173.0,1251.0,1.839,2.3532,1.034,1.9295,1.8843,0,0,1,0,0,0,1,-94.0,544.0,1132.0,1,0,0,enemy_push,SEEK_TURN,CRUISE,WAIT,IDLE,,IDLE,,,,,SEEK_TURN,left_front,left,0,0,74,no_target,left_front 发现敌人，原地转向,-500,500,1
13.822,1086.0,1817.0,1173.0,1250.0,1.839,2.3512,1.034,1.9295,1.8843,0,0,1,0,0,0,1,-61.0,993.0,1150.0,1,0,0,enemy_push,SEEK_TURN,CRUISE,WAIT,IDLE,,IDLE,,,,,SEEK_TURN,left_front,left,0,0,74,no_target,left_front 发现敌人，原地转向,-500,500,1
13.842,1081.0,1816.0,1172.0,1248.0,1.8328,2.3512,1.034,1.9295,1.8812,0,0,1,0,0,0,1,35.0,1012.0,1152.0,1,0,0,enemy_push,SEEK_TURN,CRUISE,WAIT,IDLE,,IDLE,,,,,SEEK_TURN,left_front,left,0,0,74,no_target,left_front 发现敌人，原地转向,-500,500,1
13.862,1074.0,1815.0,1172.0,1246.0,1.8173,2.3492,1.0316,1.9228,1.8701,0,0,1,0,0,0,1,2.0,496.0,1166.0,1,0,0,enemy_push,SEEK_TURN,CRUISE,WAIT,IDLE,,IDLE,,,,,SEEK_TURN,left_front,left,0,0,74,no_target,left_front 发现敌人，原地转向,-500,500,1
13.882,1070.0,1820.0,1174.0,1245.0,1.7957,2.3492,1.0316,1.9161,1.8559,0,0,1,0,0,0,1,-5.0,672.0,1163.0,1,0,0,enemy_push,SEEK_TURN,CRUISE,WAIT,IDLE,,IDLE,,,,,SEEK_TURN,left_front,left,0,0,74,no_target,left_front 发现敌人，原地转向,-500,500,1
13.902,1054.0,1803.0,1166.0,1245.0,1.7833,2.3472,1.0316,1.9128,1.848,0,0,1,0,0,0,1,14.0,692.0,1164.0,1,0,0,enemy_push,SEEK_TURN,CRUISE,WAIT,IDLE,,IDLE,,,,,SEEK_TURN,left_front,left,0,0,74,no_target,left_front 发现敌人，原地转向,-500,500,1
13.922,1046.0,1806.0,1172.0,1239.0,1.7337,2.3294,1.0316,1.9128,1.8232,0,0,1,0,0,0,1,-4.0,667.0,1152.0,1,0,0,enemy_push,SEEK_TURN,CRUISE,WAIT,IDLE,,IDLE,,,,,SEEK_TURN,left_front,left,0,0,74,no_target,left_front 发现敌人，原地转向,-500,500,1
13.942,1046.0,1806.0,1172.0,1239.0,1.709,2.3294,1.0316,1.8926,1.8008,0,0,1,0,0,0,1,-4.0,667.0,1152.0,1,0,0,enemy_push,SEEK_TURN,CRUISE,WAIT,IDLE,,IDLE,,,,,SEEK_TURN,left_front,left,0,0,74,no_target,left_front 发现敌人，原地转向,-500,500,1
13.962,1050.0,1814.0,1187.0,1241.0,1.709,2.3294,1.0316,1.8926,1.8008,0,0,1,0,0,0,1,-4.0,477.0,1165.0,1,0,0,enemy_push,SEEK_TURN,CRUISE,WAIT,IDLE,,IDLE,,,,,SEEK_TURN,left_front,left,0,0,74,no_target,left_front 发现敌人，原地转向,-500,500,1
13.983,1053.0,1813.0,1195.0,1232.0,1.7214,2.3433,1.068,1.8926,1.807,0,0,1,0,0,0,1,-5.0,915.0,1164.0,1,0,0,enemy_push,SEEK_TURN,CRUISE,WAIT,IDLE,,IDLE,,,,,SEEK_TURN,left_front,left,0,0,,stale,left_front 发现敌人，原地转向,-500,500,1
14.006,1057.0,1803.0,1198.0,1226.0,1.7307,2.3433,1.0874,1.8691,1.7999,0,0,1,0,0,0,1,-4.0,443.0,1149.0,1,0,0,enemy_push,SEEK_TURN,CRUISE,WAIT,IDLE,,IDLE,,,,,SEEK_TURN,left_front,left,0,0,,stale,left_front 发现敌人，原地转向,-500,500,1
14.026,1067.0,1800.0,1207.0,1222.0,1.743,2.3234,1.0947,1.849,1.796,0,0,1,0,0,0,1,-4.0,592.0,1102.0,1,0,0,enemy_push,SEEK_TURN,CRUISE,WAIT,IDLE,,IDLE,,,,,SEEK_TURN,left_front,left,0,0,,stale,left_front 发现敌人，原地转向,-500,500,1
14.046,1081.0,1807.0,1225.0,1234.0,1.774,2.3234,1.1165,1.849,1.8115,0,0,1,0,0,0,1,-23.0,994.0,1104.0,1,0,0,enemy_push,SEEK_TURN,CRUISE,WAIT,IDLE,,IDLE,,,,,SEEK_TURN,left_front,left,0,0,,stale,left_front 发现敌人，原地转向,-500,500,1
14.079,1092.0,1793.0,1233.0,1233.0,1.8173,2.3175,1.1602,1.8725,1.8449,0,0,1,0,0,0,1,-4.0,624.0,1135.0,1,0,0,enemy_push,SEEK_TURN,CRUISE,WAIT,IDLE,,IDLE,,,,,SEEK_TURN,left_front,left,0,0,,stale,left_front 发现敌人，原地转向,-500,500,1
14.099,1096.0,1787.0,1243.0,1232.0,1.8514,2.3036,1.1796,1.8725,1.8619,0,0,1,0,0,0,1,-5.0,591.0,1120.0,1,0,0,enemy_push,SEEK_TURN,CRUISE,WAIT,IDLE,,IDLE,,,,,SEEK_TURN,left_front,left,0,0,,stale,left_front 发现敌人，原地转向,-500,500,1
14.119,1097.0,1793.0,1266.0,1234.0,1.8638,2.3036,1.2039,1.8725,1.8681,0,0,1,0,1,0,1,24.0,443.0,1132.0,1,0,1,enemy_push,PUSH,CRUISE,WAIT,IDLE,,IDLE,,,,,PUSH,front,,0,0,,stale,敌人已进入正前方，开始推动,0,0,1
14.139,1091.0,1787.0,1293.0,1226.0,1.8638,2.2917,1.2597,1.8691,1.8665,0,0,1,0,1,0,1,51.0,640.0,1134.0,1,0,1,enemy_push,PUSH,CRUISE,WAIT,IDLE,,IDLE,,,,,PUSH,front,,0,0,,stale,敌人已进入正前方，开始推动,700,700,1
14.16,1089.0,1780.0,1344.0,1233.0,1.8483,2.2917,1.3252,1.8725,1.8604,0,0,0,0,1,0,1,11.0,588.0,1150.0,1,0,1,enemy_push,PUSH,CRUISE,WAIT,IDLE,,IDLE,,,,,PUSH,front,,0,0,75,no_target,敌人已进入正前方，开始推动,700,700,1
14.18,1089.0,1783.0,1418.0,1235.0,1.8421,2.2837,1.449,1.8725,1.8573,0,0,0,0,1,0,1,268.0,931.0,1102.0,1,0,1,enemy_push,PUSH,CRUISE,WAIT,IDLE,,IDLE,,,,,PUSH,front,,0,0,75,no_target,敌人已进入正前方，开始推动,700,700,1
14.2,1089.0,1792.0,1488.0,1240.0,1.8421,2.2837,1.6286,1.8792,1.8606,0,0,0,0,1,0,1,-44.0,672.0,1038.0,1,0,1,enemy_push,PUSH,CRUISE,WAIT,IDLE,,IDLE,,,,,PUSH,front,,0,0,75,no_target,敌人已进入正前方，开始推动,700,700,1
14.22,1085.0,1794.0,1523.0,1242.0,1.8421,2.3016,1.7985,1.896,1.869,0,0,0,0,1,0,1,-60.0,194.0,1006.0,1,0,1,enemy_push,PUSH,CRUISE,WAIT,IDLE,,IDLE,,,,,PUSH,front,,0,0,75,no_target,敌人已进入正前方，开始推动,700,700,1
14.241,1081.0,1796.0,1536.0,1230.0,1.8297,2.3056,1.8835,1.896,1.8897,0,0,0,0,0,0,1,9.0,78.0,1006.0,1,0,1,enemy_push,PUSH,CRUISE,WAIT,IDLE,,IDLE,,,,,PUSH,front,,0,0,75,no_target,敌人已进入正前方，开始推动,700,700,1
14.261,1088.0,1801.0,1544.0,1212.0,1.8297,2.3095,1.915,1.8624,1.8887,0,0,0,0,0,0,1,-3.0,656.0,1102.0,1,0,1,enemy_push,PUSH,CRUISE,WAIT,IDLE,,IDLE,,,,,PUSH,front,,0,0,75,no_target,敌人已进入正前方，开始推动,700,700,1
14.281,1088.0,1801.0,1544.0,1212.0,1.839,2.3194,1.9345,1.802,1.8867,0,0,0,0,0,0,1,-3.0,656.0,1102.0,1,0,1,enemy_push,PUSH,CRUISE,WAIT,IDLE,,IDLE,,,,,PUSH,front,,0,0,75,no_target,敌人已进入正前方，开始推动,700,700,1
14.301,1098.0,1800.0,1541.0,1192.0,1.839,2.3194,1.9345,1.802,1.8867,0,0,0,0,0,0,1,-3.0,162.0,1084.0,1,0,1,enemy_push,PUSH,CRUISE,WAIT,IDLE,,IDLE,,,,,PUSH,front,,0,0,75,no_target,敌人已进入正前方，开始推动,700,700,1
14.322,1130.0,1814.0,1556.0,1240.0,1.87,2.3194,1.9345,1.802,1.9022,0,0,0,0,0,0,1,234.0,211.0,1007.0,1,0,1,enemy_push,PUSH,CRUISE,WAIT,IDLE,,IDLE,,,,,PUSH,front,,0,0,76,no_target,敌人已进入正前方，开始推动,700,700,1
14.342,1156.0,1805.0,1551.0,1314.0,1.969,2.3274,1.9515,1.896,1.9602,0,0,0,0,0,0,1,-3.0,161.0,1054.0,1,0,1,enemy_push,PUSH,CRUISE,WAIT,IDLE,,IDLE,,,,,PUSH,front,,0,0,76,no_target,敌人已进入正前方，开始推动,700,700,1
14.362,1178.0,1797.0,1542.0,1325.0,2.0495,2.3274,1.9515,2.1443,2.0969,0,0,0,0,0,0,1,5.0,145.0,1075.0,1,0,1,enemy_push,PUSH,CRUISE,WAIT,IDLE,,IDLE,,,,,PUSH,front,,0,0,76,no_target,敌人已进入正前方，开始推动,700,700,1
14.382,1202.0,1801.0,1534.0,1283.0,2.1176,2.3194,1.9296,2.1443,2.131,0,0,0,0,0,0,1,-5.0,80.0,1021.0,1,0,1,enemy_push,PUSH,CRUISE,WAIT,IDLE,,IDLE,,,,,PUSH,front,,0,0,76,no_target,敌人已进入正前方，开始推动,700,700,1
14.403,1220.0,1802.0,1512.0,1273.0,2.192,2.3194,1.9102,2.0403,2.1161,0,0,0,0,0,0,1,-5.0,25.0,1053.0,1,0,1,enemy_push,PUSH,CRUISE,WAIT,IDLE,,IDLE,,,,,PUSH,front,,0,0,76,no_target,敌人已进入正前方，开始推动,700,700,1
14.423,1244.0,1803.0,1484.0,1317.0,2.2477,2.3214,1.8568,2.0403,2.144,0,0,0,0,0,0,1,11.0,79.0,1068.0,1,0,1,enemy_push,PUSH,CRUISE,WAIT,IDLE,,IDLE,,,,,PUSH,front,,0,0,76,no_target,敌人已进入正前方，开始推动,700,700,1
14.444,1273.0,1816.0,1447.0,1366.0,2.322,2.3234,1.7888,2.1544,2.2382,0,0,0,0,0,0,1,-3.0,113.0,1035.0,1,0,1,enemy_push,PUSH,CRUISE,WAIT,IDLE,,IDLE,,,,,PUSH,front,,0,0,76,no_target,敌人已进入正前方，开始推动,700,700,1
14.464,1290.0,1827.0,1401.0,1386.0,2.4118,2.3492,1.699,2.3188,2.334,0,0,0,0,0,0,1,-5.0,97.0,1054.0,1,0,1,enemy_push,PUSH,CRUISE,WAIT,IDLE,,IDLE,,,,,PUSH,front,,0,0,77,no_target,敌人已进入正前方，开始推动,700,700,1
14.484,1307.0,1840.0,1360.0,1400.0,2.4644,2.371,1.5874,2.3859,2.3785,0,0,0,0,0,0,1,-5.0,527.0,1056.0,1,0,1,enemy_push,PUSH,CRUISE,WAIT,IDLE,,IDLE,,,,,PUSH,front,,0,0,77,no_target,敌人已进入正前方，开始推动,700,700,1
14.504,1296.0,1821.0,1316.0,1376.0,2.483,2.371,1.4879,2.3859,2.3785,0,0,0,0,0,0,1,-4.0,112.0,1037.0,1,0,1,enemy_push,PUSH,CRUISE,WAIT,IDLE,,IDLE,,,,,PUSH,front,,0,0,77,no_target,敌人已进入正前方，开始推动,700,700,1
14.525,1296.0,1785.0,1273.0,1353.0,2.483,2.3591,1.3811,2.3523,2.3557,0,0,0,0,0,0,1,-174.0,25.0,1045.0,1,0,1,enemy_push,PUSH,CRUISE,WAIT,IDLE,,IDLE,,,,,PUSH,front,,0,0,77,no_target,敌人已进入正前方，开始推动,700,700,1
14.545,1300.0,1779.0,1253.0,1345.0,2.483,2.2877,1.2767,2.2752,2.2814,0,0,0,0,0,0,1,-4.0,25.0,1021.0,1,0,1,enemy_push,PUSH,CRUISE,WAIT,IDLE,,IDLE,,,,,PUSH,front,,0,0,77,no_target,敌人已进入正前方，开始推动,700,700,1
14.565,1280.0,1765.0,1235.0,1342.0,2.483,2.2758,1.2282,2.2483,2.2621,0,0,0,0,0,0,1,-5.0,345.0,1056.0,1,0,1,enemy_push,PUSH,CRUISE,WAIT,IDLE,,IDLE,,,,,PUSH,front,,0,0,77,no_target,敌人已进入正前方，开始推动,700,700,1
14.585,1224.0,1773.0,1220.0,1335.0,2.4334,2.2639,1.1845,2.2383,2.2511,0,0,0,0,0,0,1,-4.0,25.0,1035.0,1,0,1,enemy_push,PUSH,CRUISE,WAIT,IDLE,,IDLE,,,,,PUSH,front,,0,0,77,no_target,敌人已进入正前方，开始推动,700,700,1
14.607,1131.0,1777.0,1210.0,1328.0,2.2601,2.2639,1.1481,2.2148,2.2374,0,0,0,0,0,0,1,-4.0,314.0,1006.0,1,0,1,enemy_push,PUSH,CRUISE,WAIT,IDLE,,IDLE,,,,,PUSH,front,,0,0,78,no_target,敌人已进入正前方，开始推动,700,700,1
14.627,1026.0,1809.0,1201.0,1343.0,1.9721,2.2718,1.1238,2.2148,2.0935,0,0,0,0,0,0,1,-3.0,25.0,1069.0,1,0,1,enemy_push,PUSH,CRUISE,WAIT,IDLE,,IDLE,,,,,PUSH,front,,0,0,78,no_target,敌人已进入正前方，开始推动,700,700,1
14.647,956.0,1802.0,1201.0,1365.0,1.6471,2.3214,1.1019,2.2416,1.9443,0,0,0,0,0,1,1,-8.0,112.0,1052.0,1,0,1,enemy_push,PUSH,CRUISE,WAIT,IDLE,,IDLE,,,,,PUSH,front,,0,0,78,no_target,敌人已进入正前方，开始推动,700,700,1
14.667,920.0,1792.0,1173.0,1371.0,1.4303,2.3214,1.1019,2.3154,1.8729,0,0,0,0,0,1,1,-3.0,309.0,1004.0,1,0,1,enemy_push,PUSH,CRUISE,WAIT,IDLE,,IDLE,,,,,PUSH,front,,0,0,78,no_target,敌人已进入正前方，开始推动,700,700,1
14.688,888.0,1771.0,1152.0,1369.0,1.3189,2.3016,1.034,2.3289,1.8102,0,0,0,0,0,1,1,-5.0,51.0,1211.0,1,0,1,enemy_push,PUSH,CRUISE,WAIT,IDLE,,IDLE,,,,,PUSH,front,,0,0,78,no_target,敌人已进入正前方，开始推动,700,700,1
14.708,874.0,1741.0,1144.0,1373.0,1.2198,2.2599,0.983,2.3356,1.7399,0,0,0,0,0,1,1,-6.0,346.0,1381.0,1,0,1,enemy_push,PUSH,CRUISE,WAIT,IDLE,,IDLE,,,,,PUSH,front,,0,0,78,no_target,敌人已进入正前方，开始推动,700,700,1
14.728,860.0,1761.0,1141.0,1364.0,1.1765,2.2401,0.9636,2.3289,1.7083,0,0,0,0,0,1,1,-5.0,721.0,1370.0,1,0,1,enemy_push,PUSH,CRUISE,WAIT,IDLE,,IDLE,,,,,PUSH,front,,0,0,78,no_target,敌人已进入正前方，开始推动,700,700,1
14.748,855.0,1929.0,1151.0,1360.0,1.1331,2.2401,0.9636,2.3121,1.6866,0,0,0,0,0,1,1,-5.0,820.0,1419.0,1,0,1,enemy_push,PUSH,CRUISE,WAIT,IDLE,,IDLE,,,,,PUSH,front,,0,0,79,no_target,敌人已进入正前方，开始推动,700,700,1
14.768,864.0,1988.0,1182.0,1372.0,1.1331,2.5734,0.9806,2.3121,1.7226,0,0,0,0,0,1,1,-5.0,544.0,1388.0,1,0,1,enemy_push,PUSH,CRUISE,WAIT,IDLE,,IDLE,,,,,PUSH,front,,0,0,79,no_target,敌人已进入正前方，开始推动,700,700,1
14.788,903.0,1971.0,1385.0,1359.0,1.1455,2.6567,1.0558,2.2987,1.7221,0,0,0,0,0,1,1,-5.0,315.0,1338.0,1,0,1,enemy_push,PUSH,CRUISE,WAIT,IDLE,,IDLE,,,,,PUSH,front,,0,0,79,no_target,敌人已进入正前方，开始推动,700,700,1
14.808,1182.0,1819.0,1563.0,1253.0,1.2663,2.6567,1.5485,2.2953,1.9219,0,0,0,0,0,1,1,-11.0,410.0,1401.0,1,0,1,enemy_push,PUSH,CRUISE,WAIT,IDLE,,IDLE,,,,,PUSH,front,,1,0,79,no_target,敌人已进入正前方，开始推动,350,350,1
14.829,1400.0,1533.0,1750.0,1040.0,2.13,2.3552,1.9806,1.9396,2.0553,0,0,0,0,0,0,1,-4.0,687.0,1387.0,1,0,1,enemy_push,PUSH,CRUISE,WAIT,IDLE,,IDLE,,,,,PUSH,front,,1,0,79,no_target,敌人已进入正前方，开始推动,350,350,1
14.849,1437.0,1472.0,1819.0,980.0,2.805,1.7877,2.4345,1.2248,2.1111,0,0,1,0,0,0,1,6.0,654.0,1374.0,1,0,1,enemy_push,PUSH,CRUISE,WAIT,IDLE,,IDLE,,,,,PUSH,front,,1,0,79,no_target,敌人已进入正前方，开始推动,350,350,1
14.869,1437.0,1472.0,1819.0,980.0,2.9195,1.6667,2.6019,1.0235,2.1343,0,0,1,0,0,0,1,6.0,654.0,1374.0,1,0,1,enemy_push,PUSH,CRUISE,WAIT,IDLE,,IDLE,,,,,PUSH,front,,1,0,79,no_target,敌人已进入正前方，开始推动,350,350,1
14.889,1444.0,1464.0,1793.0,979.0,2.9195,1.6667,2.6019,1.0235,2.1343,0,0,1,0,0,0,1,-2.0,1232.0,1360.0,1,0,1,enemy_push,PUSH,CRUISE,WAIT,IDLE,,IDLE,,,,,PUSH,front,,1,0,80,no_target,敌人已进入正前方，开始推动,350,350,1
14.909,1398.0,1467.0,1514.0,982.0,2.9195,1.6567,2.5388,1.0235,2.0978,0,0,1,0,0,0,1,-5.0,634.0,1324.0,1,0,1,enemy_push,PUSH,CRUISE,WAIT,IDLE,,IDLE,,,,,PUSH,front,,1,0,80,no_target,敌人已进入正前方，开始推动,350,350,1
14.929,1155.0,1436.0,1571.0,993.0,2.7988,1.6508,2.0,1.0302,1.8254,0,0,1,0,0,0,1,-4.0,1153.0,1314.0,1,0,1,enemy_push,PUSH,CRUISE,WAIT,IDLE,,IDLE,,,,,PUSH,front,,1,0,80,no_target,敌人已进入正前方，开始推动,350,350,1
14.949,969.0,1504.0,1728.0,1021.0,2.0464,1.6567,2.0,1.0671,1.8284,0,0,1,0,0,0,1,-49.0,1250.0,1073.0,1,0,1,enemy_push,PUSH,CRUISE,WAIT,IDLE,,IDLE,,,,,PUSH,front,,1,0,80,no_target,敌人已进入正前方，开始推动,350,350,1
14.97,928.0,2019.0,1798.0,1017.0,1.4706,1.7302,2.3811,1.1477,1.6004,0,0,1,0,0,0,1,-10.0,1047.0,893.0,1,0,1,shovel_guard,HANGED,CRUISE,WAIT,HANGED,,IDLE,,,,,IDLE,,,0,0,80,no_target,铲子悬空，停车,0,0,1
14.99,920.0,2179.0,1800.0,1015.0,1.3437,2.752,2.551,1.1477,1.9473,0,0,1,0,0,0,1,-9.0,469.0,989.0,1,0,1,shovel_guard,HANGED,CRUISE,WAIT,HANGED,,IDLE,,,,,IDLE,,,0,0,80,no_target,铲子悬空，停车,0,0,1
15.01,901.0,2201.0,1787.0,1033.0,1.2601,3.1131,2.5243,1.2013,1.8922,0,0,1,0,0,0,1,-61.0,379.0,1102.0,1,0,0,patrol,WARMUP,WARMUP,WAIT,IDLE,,IDLE,,,,,IDLE,,,0,0,80,no_target,等待滤波窗口,0,0,1
15.03,893.0,2188.0,1740.0,1052.0,1.2353,3.0873,2.4102,1.2651,1.8376,0,0,1,0,0,0,1,-6.0,886.0,1084.0,1,0,0,reentry,SENSOR_STOP,WARMUP,SENSOR_STOP,IDLE,,IDLE,,,,,IDLE,,,0,0,80,no_target,传感器无效或数据过期,0,0,1
15.05,891.0,2197.0,1788.0,1138.0,1.2322,3.0962,2.4684,1.4094,1.9389,0,0,1,0,0,0,1,-5.0,430.0,1046.0,1,0,0,reentry,SENSOR_STOP,CRUISE,SENSOR_STOP,IDLE,,IDLE,,,,,IDLE,,,0,0,81,no_target,传感器无效或数据过期,0,0,1
15.07,896.0,2151.0,1809.0,1258.0,1.2446,3.0139,2.5777,1.9564,2.267,0,0,1,0,0,0,1,7.0,816.0,1120.0,1,0,0,patrol,WARMUP,WARMUP,WAIT,IDLE,,IDLE,,,,,IDLE,,,0,0,81,no_target,等待滤波窗口,0,0,1
15.09,879.0,2088.0,1806.0,1357.0,1.2183,2.9514,2.574,2.1225,2.3483,0,0,1,0,0,0,1,-5.0,387.0,1055.0,1,0,0,patrol,WARMUP,WARMUP,WAIT,IDLE,,IDLE,,,,,IDLE,,,0,0,81,no_target,等待滤波窗口,0,0,1
15.11,871.0,1928.0,1690.0,1399.0,1.192,2.8889,2.5704,2.2886,2.4295,0,0,1,0,0,0,1,-11.0,592.0,1070.0,1,0,0,enemy_push,SEEK_TURN,CRUISE,WAIT,IDLE,,IR_UNCLASSIFIED,,,,,SEEK_TURN,left_front,left,0,0,81,no_target,left_front 发现敌人，原地转向,0,0,1
15.131,914.0,1782.0,1563.0,1424.0,1.192,2.5714,2.2888,2.4295,2.3592,0,0,1,0,0,0,1,-23.0,512.0,1101.0,1,0,0,enemy_push,SEEK_TURN,CRUISE,WAIT,IDLE,,IDLE,,,,,SEEK_TURN,left_front,left,0,0,81,no_target,left_front 发现敌人，原地转向,-500,500,1
15.151,937.0,1664.0,1452.0,1434.0,1.3003,2.2817,1.9806,2.5134,2.1312,0,0,1,0,0,0,1,24.0,475.0,1039.0,1,0,0,enemy_push,SEEK_TURN,CRUISE,WAIT,IDLE,,IDLE,,,,,SEEK_TURN,left_front,left,0,0,81,no_target,left_front 发现敌人，原地转向,-500,500,1
15.171,931.0,1597.0,1371.0,1440.0,1.3529,2.0476,1.7112,2.547,1.8794,0,0,1,0,0,0,1,-4.0,280.0,1050.0,1,0,0,enemy_push,SEEK_TURN,CRUISE,WAIT,IDLE,,IDLE,,,,,SEEK_TURN,left_front,left,0,0,81,no_target,left_front 发现敌人，原地转向,-500,500,1
15.191,918.0,1554.0,1330.0,1438.0,1.3529,1.9147,1.5146,2.5604,1.7146,0,0,1,0,0,0,1,5.0,410.0,1069.0,1,0,0,enemy_push,SEEK_TURN,CRUISE,WAIT,IDLE,,IDLE,,,,,SEEK_TURN,left_front,left,0,0,82,no_target,left_front 发现敌人，原地转向,-500,500,1
15.211,912.0,1539.0,1310.0,1441.0,1.3127,1.8294,1.415,2.5671,1.6222,0,0,1,0,0,0,1,-14.0,672.0,1040.0,1,0,0,enemy_push,SEEK_TURN,CRUISE,WAIT,IDLE,,IDLE,,,,,SEEK_TURN,left_front,left,0,0,82,no_target,left_front 发现敌人，原地转向,-500,500,1
15.231,909.0,1536.0,1301.0,1442.0,1.2941,1.7996,1.3665,2.5705,1.5831,0,0,1,0,0,0,1,-4.0,849.0,1057.0,1,0,0,enemy_push,SEEK_TURN,CRUISE,WAIT,IDLE,,IDLE,,,,,SEEK_TURN,left_front,left,0,0,82,no_target,left_front 发现敌人，原地转向,-500,500,1
15.251,912.0,1544.0,1303.0,1447.0,1.2941,1.7996,1.3495,2.5738,1.5746,0,0,1,0,0,0,1,5.0,296.0,1053.0,1,0,0,enemy_push,SEEK_TURN,CRUISE,WAIT,IDLE,,IDLE,,,,,SEEK_TURN,left_front,left,0,0,82,no_target,left_front 发现敌人，原地转向,-500,500,1
15.271,909.0,1542.0,1298.0,1442.0,1.2848,1.8056,1.3447,2.5738,1.5751,0,0,1,0,0,0,1,14.0,443.0,1069.0,1,0,0,enemy_push,SEEK_TURN,CRUISE,WAIT,IDLE,,IDLE,,,,,SEEK_TURN,left_front,left,0,0,82,no_target,left_front 发现敌人，原地转向,-500,500,1
15.292,910.0,1539.0,1299.0,1445.0,1.2879,1.8056,1.3398,2.5839,1.5727,0,0,1,0,0,0,1,-4.0,1196.0,1059.0,1,0,0,enemy_push,SEEK_TURN,CRUISE,WAIT,IDLE,,IDLE,,,,,SEEK_TURN,left_front,left,0,0,82,no_target,left_front 发现敌人，原地转向,-500,500,1
15.312,908.0,1532.0,1296.0,1444.0,1.2848,1.7996,1.3374,2.5805,1.5685,0,0,1,0,0,0,1,24.0,834.0,1057.0,1,0,0,enemy_push,SEEK_TURN,CRUISE,WAIT,IDLE,,IDLE,,,,,SEEK_TURN,left_front,left,0,0,82,no_target,left_front 发现敌人，原地转向,-500,500,1
15.332,909.0,1528.0,1299.0,1454.0,1.2848,1.7857,1.3398,2.5839,1.5628,0,0,1,0,0,0,1,-5.0,160.0,1052.0,1,0,0,enemy_push,SEEK_TURN,CRUISE,WAIT,IDLE,,IDLE,,,,,SEEK_TURN,left_front,left,0,0,83,no_target,left_front 发现敌人，原地转向,-500,500,1
15.352,909.0,1528.0,1299.0,1454.0,1.2848,1.7778,1.3398,2.6141,1.5588,0,0,1,0,0,0,1,-5.0,160.0,1052.0,1,0,0,enemy_push,SEEK_TURN,CRUISE,WAIT,IDLE,,IDLE,,,,,SEEK_TURN,left_front,left,0,0,83,no_target,left_front 发现敌人，原地转向,-500,500,1
15.372,905.0,1508.0,1297.0,1453.0,1.2848,1.7778,1.3398,2.6141,1.5588,0,0,1,0,0,0,1,-3.0,459.0,1054.0,1,0,0,enemy_push,SEEK_TURN,CRUISE,WAIT,IDLE,,IDLE,,,,,SEEK_TURN,left_front,left,0,0,83,no_target,left_front 发现敌人，原地转向,-500,500,1
15.392,903.0,1484.0,1292.0,1442.0,1.2724,1.7381,1.335,2.6107,1.5365,0,0,1,0,0,0,1,-75.0,1044.0,1026.0,1,0,0,enemy_push,SEEK_TURN,CRUISE,WAIT,IDLE,,IDLE,,,,,SEEK_TURN,left_front,left,0,0,83,no_target,left_front 发现敌人，原地转向,-500,500,1
15.412,906.0,1457.0,1297.0,1434.0,1.2724,1.6905,1.335,2.5738,1.5127,0,0,1,0,0,0,1,-3.0,313.0,1021.0,1,0,0,enemy_push,SEEK_TURN,CRUISE,WAIT,IDLE,,IDLE,,,,,SEEK_TURN,left_front,left,0,0,83,no_target,left_front 发现敌人，原地转向,-500,500,1
15.433,904.0,1435.0,1307.0,1421.0,1.2693,1.6369,1.335,2.547,1.4859,0,0,1,0,0,0,1,11.0,834.0,1070.0,1,0,0,enemy_push,SEEK_TURN,CRUISE,WAIT,IDLE,,IDLE,,,,,SEEK_TURN,left_front,left,0,0,83,no_target,left_front 发现敌人，原地转向,-500,500,1
15.453,905.0,1424.0,1329.0,1412.0,1.2724,1.5933,1.3592,2.5034,1.4762,0,0,1,0,0,0,1,0.0,851.0,1104.0,1,0,0,enemy_push,SEEK_TURN,CRUISE,WAIT,IDLE,,IDLE,,,,,SEEK_TURN,left_front,left,0,0,83,no_target,left_front 发现敌人，原地转向,-500,500,1
15.473,919.0,1432.0,1392.0,1438.0,1.2724,1.5873,1.4126,2.5034,1.5,0,0,1,0,0,0,1,14.0,526.0,1087.0,1,0,0,enemy_push,SEEK_TURN,CRUISE,WAIT,IDLE,,IDLE,,,,,SEEK_TURN,left_front,left,0,0,84,no_target,left_front 发现敌人，原地转向,-500,500,1
15.493,914.0,1408.0,1439.0,1432.0,1.3003,1.5714,1.5655,2.5403,1.5685,0,0,1,0,0,0,1,-5.0,420.0,1099.0,1,0,0,enemy_push,SEEK_TURN,CRUISE,WAIT,IDLE,,IDLE,,,,,SEEK_TURN,left_front,left,0,0,84,no_target,left_front 发现敌人，原地转向,-500,500,1
15.513,914.0,1420.0,1495.0,1447.0,1.3003,1.5635,1.6796,2.5604,1.6216,0,0,1,0,0,0,1,-2.0,913.0,1069.0,1,0,0,enemy_push,SEEK_TURN,CRUISE,WAIT,IDLE,,IDLE,,,,,SEEK_TURN,left_front,left,0,0,84,no_target,left_front 发现敌人，原地转向,-500,500,1
15.533,907.0,1432.0,1563.0,1449.0,1.3003,1.5635,1.8155,2.5906,1.6895,0,0,1,0,0,0,1,19.0,511.0,990.0,1,0,0,enemy_push,SEEK_TURN,CRUISE,WAIT,IDLE,,IDLE,,,,,SEEK_TURN,left_front,left,0,0,84,no_target,left_front 发现敌人，原地转向,-500,500,1
15.553,901.0,1440.0,1616.0,1443.0,1.2786,1.5873,1.9806,2.5906,1.7839,0,0,1,0,0,0,1,118.0,344.0,990.0,1,0,0,enemy_push,SEEK_TURN,CRUISE,WAIT,IDLE,,IDLE,,,,,SEEK_TURN,left_front,left,0,0,84,no_target,left_front 发现敌人，原地转向,-500,500,1
15.574,907.0,1432.0,1678.0,1436.0,1.2786,1.5873,2.1092,2.5772,1.8483,0,0,1,0,0,0,1,102.0,323.0,1022.0,1,0,0,enemy_push,SEEK_TURN,CRUISE,WAIT,IDLE,,IDLE,,,,,SEEK_TURN,left_front,left,0,0,84,no_target,left_front 发现敌人，原地转向,-500,500,1
15.594,911.0,1435.0,1716.0,1441.0,1.2786,1.5933,2.2597,2.5705,1.9265,0,0,1,0,0,0,1,-3.0,474.0,1022.0,1,0,0,enemy_push,SEEK_TURN,CRUISE,WAIT,IDLE,,IDLE,,,,,SEEK_TURN,left_front,left,0,0,84,no_target,left_front 发现敌人，原地转向,-500,500,1
15.614,907.0,1427.0,1734.0,1443.0,1.2786,1.5873,2.3519,2.5705,1.9696,0,0,1,0,0,0,1,-3.0,898.0,1009.0,1,0,0,enemy_push,SEEK_TURN,CRUISE,WAIT,IDLE,,IDLE,,,,,SEEK_TURN,left_front,left,0,0,84,no_target,left_front 发现敌人，原地转向,-500,500,1
15.634,913.0,1432.0,1756.0,1449.0,1.291,1.5873,2.3956,2.5772,1.9915,0,0,1,0,0,0,1,-3.0,911.0,1061.0,1,0,0,enemy_push,SEEK_TURN,CRUISE,WAIT,IDLE,,IDLE,,,,,SEEK_TURN,left_front,left,0,0,85,no_target,left_front 发现敌人，原地转向,-500,500,1
15.654,913.0,1441.0,1761.0,1440.0,1.2972,1.5873,2.449,2.5772,2.0182,0,0,1,0,0,0,1,-7.0,360.0,1005.0,1,0,0,enemy_push,SEEK_TURN,CRUISE,WAIT,IDLE,,IDLE,,,,,SEEK_TURN,left_front,left,0,0,85,no_target,left_front 发现敌人，原地转向,-500,500,1
15.674,908.0,1446.0,1761.0,1438.0,1.2972,1.6052,2.4612,2.5671,2.0332,0,0,1,0,0,0,1,8.0,623.0,1024.0,1,0,0,enemy_push,SEEK_TURN,CRUISE,WAIT,IDLE,,IDLE,,,,,SEEK_TURN,left_front,left,0,0,85,no_target,left_front 发现敌人，原地转向,-500,500,1
15.694,902.0,1453.0,1768.0,1448.0,1.2817,1.6151,2.4612,2.5671,2.0381,0,0,1,0,0,0,1,6.0,475.0,1024.0,1,0,0,enemy_push,SEEK_TURN,CRUISE,WAIT,IDLE,,IDLE,,,,,SEEK_TURN,left_front,left,0,0,85,no_target,left_front 发现敌人，原地转向,-500,500,1
15.715,898.0,1450.0,1769.0,1446.0,1.2508,1.623,2.4806,2.5872,2.0518,0,0,1,0,0,0,1,-3.0,279.0,1054.0,1,0,0,patrol,WARMUP,WARMUP,WAIT,IDLE,,IDLE,,,,,IDLE,,,0,0,85,no_target,等待滤波窗口,0,0,1
15.735,893.0,1449.0,1766.0,1432.0,1.243,1.622,2.4769,2.5638,2.0495,0,0,1,0,0,0,1,-4.0,801.0,1158.0,1,0,0,patrol,WARMUP,WARMUP,WAIT,IDLE,,IDLE,,,,,IDLE,,,0,0,85,no_target,等待滤波窗口,0,0,1
15.755,895.0,1446.0,1777.0,1432.0,1.2415,1.621,2.4806,2.5403,2.0508,0,0,0,0,0,0,1,-3.0,279.0,1070.0,1,0,0,patrol,CRUISE,CRUISE,WAIT,IDLE,,IDLE,,,,,IDLE,,,0,0,85,no_target,按区域分级巡航,450,450,1
15.775,898.0,1439.0,1780.0,1435.0,1.2415,1.6151,2.5,2.5403,2.0575,0,0,0,0,0,0,1,-5.0,772.0,1057.0,1,0,0,patrol,CRUISE,CRUISE,WAIT,IDLE,,IDLE,,,,,IDLE,,,0,0,86,no_target,按区域分级巡航,450,450,1
15.795,897.0,1441.0,1777.0,1428.0,1.2477,1.6052,2.5,2.5403,2.0526,0,0,0,0,0,0,1,21.0,718.0,1021.0,1,0,0,patrol,CRUISE,CRUISE,WAIT,IDLE,,IDLE,,,,,IDLE,,,0,0,86,no_target,按区域分级巡航,450,450,1
15.815,890.0,1429.0,1767.0,1402.0,1.2477,1.6012,2.5,2.5268,2.0506,0,0,0,0,0,0,1,-4.0,880.0,1009.0,1,0,0,patrol,CRUISE,CRUISE,WAIT,IDLE,,IDLE,,,,,IDLE,,,0,0,86,no_target,按区域分级巡航,450,450,1
15.835,891.0,1439.0,1767.0,1402.0,1.2291,1.6012,2.4757,2.4396,2.0204,0,0,0,0,0,0,1,-207.0,541.0,1072.0,1,0,0,patrol,CRUISE,CRUISE,WAIT,IDLE,,IDLE,,,,,IDLE,,,0,0,86,no_target,按区域分级巡航,450,450,1
15.856,891.0,1439.0,1767.0,1402.0,1.2291,1.6012,2.4757,2.4396,2.0204,0,0,0,0,0,0,1,-207.0,541.0,1072.0,1,0,0,patrol,CRUISE,CRUISE,WAIT,IDLE,,IDLE,,,,,IDLE,,,0,0,86,no_target,按区域分级巡航,450,450,1
15.876,896.0,1448.0,1767.0,1412.0,1.2291,1.6012,2.4757,2.4396,2.0204,0,0,0,0,0,0,1,-110.0,510.0,1070.0,1,0,0,patrol,CRUISE,CRUISE,WAIT,IDLE,,IDLE,,,,,IDLE,,,0,0,86,no_target,按区域分级巡航,450,450,1
15.896,897.0,1446.0,1752.0,1411.0,1.2446,1.6151,2.4757,2.4698,2.0424,0,0,0,0,0,0,1,12.0,509.0,1037.0,1,0,0,patrol,CRUISE,CRUISE,WAIT,IDLE,,IDLE,,,,,IDLE,,,0,0,86,no_target,按区域分级巡航,450,450,1
15.916,900.0,1452.0,1749.0,1420.0,1.2477,1.619,2.4393,2.4732,2.0292,0,0,0,0,0,0,1,24.0,516.0,1056.0,1,0,0,patrol,CRUISE,CRUISE,WAIT,IDLE,,IDLE,,,,,IDLE,,,0,0,87,no_target,按区域分级巡航,450,450,1
15.936,892.0,1438.0,1733.0,1427.0,1.2477,1.6151,2.432,2.5,2.0236,0,0,0,0,0,0,1,-23.0,494.0,1024.0,1,0,0,patrol,CRUISE,CRUISE,WAIT,IDLE,,IDLE,,,,,IDLE,,,0,0,87,no_target,按区域分级巡航,450,450,1
15.956,892.0,1438.0,1731.0,1457.0,1.2322,1.5992,2.3932,2.5235,1.9962,0,0,0,0,0,0,1,-23.0,1232.0,1041.0,1,0,0,patrol,CRUISE,CRUISE,WAIT,IDLE,,IDLE,,,,,IDLE,,,0,0,87,no_target,按区域分级巡航,450,450,1
15.976,888.0,1438.0,1724.0,1471.0,1.2322,1.5992,2.3883,2.6242,1.9938,0,0,0,0,0,0,1,36.0,671.0,1053.0,1,0,0,patrol,CRUISE,CRUISE,WAIT,IDLE,,IDLE,,,,,IDLE,,,0,0,87,no_target,按区域分级巡航,450,450,1
15.996,883.0,1436.0,1714.0,1483.0,1.2198,1.5992,2.3714,2.6711,1.9853,0,0,0,0,0,0,1,0.0,494.0,1056.0,1,0,0,patrol,CRUISE,CRUISE,WAIT,IDLE,,IDLE,,,,,IDLE,,,0,0,87,no_target,按区域分级巡航,450,450,1
16.017,877.0,1437.0,1710.0,1499.0,1.2043,1.5972,2.3471,2.7114,1.9722,0,0,0,0,0,0,1,-21.0,701.0,1072.0,1,0,0,patrol,CRUISE,CRUISE,WAIT,IDLE,,IDLE,,,,,IDLE,,,0,0,87,no_target,按区域分级巡航,450,450,1
16.037,873.0,1438.0,1700.0,1489.0,1.1858,1.5972,2.3374,2.7315,1.9673,0,0,0,0,0,0,1,15.0,526.0,1092.0,1,0,0,patrol,CRUISE,CRUISE,WAIT,IDLE,,IDLE,,,,,IDLE,,,0,0,87,no_target,按区域分级巡航,450,450,1
16.057,873.0,1437.0,1690.0,1477.0,1.1734,1.5972,2.3131,2.7315,1.9552,0,0,0,0,0,0,1,147.0,510.0,1052.0,1,0,0,patrol,CRUISE,CRUISE,WAIT,IDLE,,IDLE,,,,,IDLE,,,0,0,88,no_target,按区域分级巡航,450,450,1
16.077,871.0,1430.0,1677.0,1455.0,1.1734,1.5972,2.2888,2.6913,1.943,0,0,0,0,0,0,1,-4.0,879.0,1073.0,1,0,0,patrol,CRUISE,CRUISE,WAIT,IDLE,,IDLE,,,,,IDLE,,,0,0,88,no_target,按区域分级巡航,450,450,1
16.097,865.0,1422.0,1660.0,1434.0,1.1672,1.5833,2.2573,2.6174,1.9203,0,0,0,0,0,0,1,-14.0,637.0,1110.0,1,0,0,patrol,CRUISE,CRUISE,WAIT,IDLE,,IDLE,,,,,IDLE,,,0,0,88,no_target,按区域分级巡航,450,450,1
16.117,862.0,1426.0,1648.0,1413.0,1.1486,1.5754,2.216,2.547,1.8957,0,0,0,0,0,0,1,-5.0,426.0,1082.0,1,0,0,patrol,CRUISE,CRUISE,WAIT,IDLE,,IDLE,,,,,IDLE,,,0,0,88,no_target,按区域分级巡航,450,450,1
16.137,862.0,1433.0,1641.0,1397.0,1.1393,1.5754,2.1869,2.4765,1.8811,0,0,0,0,0,0,1,24.0,377.0,1085.0,1,0,0,patrol,CRUISE,CRUISE,WAIT,IDLE,,IDLE,,,,,IDLE,,,0,0,88,no_target,按区域分级巡航,450,450,1
16.158,863.0,1441.0,1636.0,1392.0,1.1393,1.5893,2.1699,2.4228,1.8796,0,0,0,0,0,0,1,166.0,244.0,1102.0,1,0,0,patrol,CRUISE,CRUISE,WAIT,IDLE,,IDLE,,,,,IDLE,,,0,0,88,no_target,按区域分级巡航,450,450,1
16.178,856.0,1460.0,1631.0,1386.0,1.1393,1.6052,2.1578,2.406,1.8815,0,0,0,0,0,0,1,100.0,451.0,1111.0,1,0,0,patrol,CRUISE,CRUISE,WAIT,IDLE,,IDLE,,,,,IDLE,,,0,0,88,no_target,按区域分级巡航,450,450,1
16.198,855.0,1464.0,1625.0,1382.0,1.1207,1.6429,2.1456,2.3859,1.8942,0,0,0,0,0,0,1,51.0,559.0,1116.0,1,0,0,patrol,CRUISE,CRUISE,WAIT,IDLE,,IDLE,,,,,IDLE,,,0,0,89,target,按区域分级巡航,450,450,1
16.218,853.0,1414.0,1606.0,1384.0,1.1176,1.6429,2.1311,2.3792,1.887,0,0,0,0,0,0,1,-7.0,409.0,1133.0,1,0,0,patrol,CRUISE,CRUISE,WAIT,IDLE,,IDLE,,,,,IDLE,,,0,0,89,target,按区域分级巡航,450,450,1
16.238,858.0,1381.0,1599.0,1387.0,1.1176,1.5516,2.085,2.3792,1.8183,0,0,0,0,0,0,1,-2.0,541.0,1150.0,1,0,0,patrol,CRUISE,CRUISE,WAIT,IDLE,,IDLE,,,,,IDLE,,,0,0,89,target,按区域分级巡航,450,450,1
16.258,855.0,1430.0,1559.0,1372.0,1.1176,1.5516,2.068,2.3792,1.8098,0,0,1,0,0,0,1,-4.0,327.0,1118.0,1,0,0,hunt,BAD_CONFIRM,CRUISE,WAIT,IDLE,avoid_bad,BAD_CONFIRM,bad,,-0.765625,left,IDLE,,,0,0,89,target,红外近距 bad 等待不同视觉帧确认,0,0,1
16.278,864.0,1456.0,1529.0,1377.0,1.1269,1.5833,1.9709,2.3557,1.7771,0,0,1,0,0,0,1,-4.0,756.0,1101.0,1,0,0,hunt,BAD_CONFIRM,CRUISE,WAIT,IDLE,avoid_bad,BAD_CONFIRM,bad,,-0.765625,left,IDLE,,,0,0,89,target,红外近距 bad 等待不同视觉帧确认,0,0,1
16.299,864.0,1426.0,1475.0,1380.0,1.1455,1.5833,1.8981,2.3557,1.7407,0,0,1,0,0,0,1,-9.0,459.0,1072.0,1,0,0,hunt,BAD_CONFIRM,CRUISE,WAIT,IDLE,avoid_bad,BAD_CONFIRM,bad,,-0.765625,left,IDLE,,,0,0,89,target,红外近距 bad 等待不同视觉帧确认,0,0,1
16.319,861.0,1398.0,1431.0,1392.0,1.1455,1.5754,1.767,2.3658,1.6712,0,0,1,0,0,0,1,-124.0,408.0,1040.0,1,0,0,hunt,BAD_CONFIRM,CRUISE,WAIT,IDLE,avoid_bad,BAD_CONFIRM,bad,,-0.765625,left,IDLE,,,0,0,89,target,红外近距 bad 等待不同视觉帧确认,0,0,1
16.339,865.0,1382.0,1371.0,1385.0,1.1455,1.5198,1.6602,2.3826,1.59,0,0,1,0,0,0,1,-191.0,800.0,1054.0,1,0,0,hunt,BAD_CONFIRM,CRUISE,WAIT,IDLE,avoid_bad,BAD_CONFIRM,bad,,-0.765625,left,IDLE,,,0,0,89,target,红外近距 bad 等待不同视觉帧确认,0,0,1
16.359,864.0,1386.0,1330.0,1385.0,1.1455,1.496,1.415,2.3826,1.4555,0,0,1,0,0,0,1,77.0,279.0,1038.0,1,0,0,patrol,WARMUP,WARMUP,WAIT,IDLE,,IR_UNCLASSIFIED,,,,,IDLE,,,0,0,90,no_target,等待滤波窗口,0,0,1
16.379,857.0,1405.0,1299.0,1389.0,1.1347,1.5149,1.3774,2.3893,1.4462,0,0,1,0,0,0,1,0.0,361.0,989.0,1,0,0,patrol,WARMUP,WARMUP,WAIT,IDLE,,IDLE,,,,,IDLE,,,0,0,90,no_target,等待滤波窗口,0,0,1
16.399,857.0,1405.0,1299.0,1389.0,1.1238,1.5337,1.3398,2.396,1.4368,0,0,1,0,0,0,1,0.0,361.0,989.0,1,0,0,enemy_push,SEEK_TURN,CRUISE,WAIT,IDLE,,IR_UNCLASSIFIED,,,,,SEEK_TURN,left_front,left,0,0,90,no_target,left_front 发现敌人，原地转向,0,0,1
16.419,848.0,1418.0,1273.0,1386.0,1.1238,1.5337,1.3398,2.396,1.4368,0,0,1,0,0,0,1,-4.0,326.0,955.0,1,0,0,enemy_push,SEEK_TURN,CRUISE,WAIT,IDLE,,IDLE,,,,,SEEK_TURN,left_front,left,0,0,90,no_target,left_front 发现敌人，原地转向,-500,500,1
16.439,846.0,1431.0,1265.0,1379.0,1.096,1.5595,1.2767,2.3859,1.4181,0,0,1,0,0,0,1,7.0,1324.0,1000.0,1,0,0,enemy_push,SEEK_TURN,CRUISE,WAIT,IDLE,,IDLE,,,,,SEEK_TURN,left_front,left,0,0,90,no_target,left_front 发现敌人，原地转向,-500,500,1
16.459,845.0,1441.0,1257.0,1372.0,1.0898,1.5853,1.2573,2.3624,1.4213,0,0,1,0,0,0,1,-33.0,329.0,1022.0,1,0,0,enemy_push,SEEK_TURN,CRUISE,WAIT,IDLE,,IDLE,,,,,SEEK_TURN,left_front,left,0,0,90,no_target,left_front 发现敌人，原地转向,-500,500,1
16.48,859.0,1440.0,1258.0,1383.0,1.0898,1.6032,1.2403,2.3624,1.4217,0,0,1,0,0,0,1,-3.0,312.0,1007.0,1,0,0,enemy_push,SEEK_TURN,CRUISE,WAIT,IDLE,,IDLE,,,,,SEEK_TURN,left_front,left,0,0,90,no_target,left_front 发现敌人，原地转向,-500,500,1
16.5,859.0,1427.0,1250.0,1380.0,1.13,1.6032,1.2379,2.3658,1.4205,0,0,1,0,0,0,1,-92.0,309.0,1005.0,1,0,0,enemy_push,SEEK_TURN,CRUISE,WAIT,IDLE,,IDLE,,,,,SEEK_TURN,left_front,left,0,0,90,no_target,left_front 发现敌人，原地转向,-500,500,1
16.52,860.0,1425.0,1249.0,1380.0,1.13,1.5774,1.2209,2.3658,1.3991,0,0,1,0,0,0,1,-10.0,320.0,1022.0,1,0,0,enemy_push,SEEK_TURN,CRUISE,WAIT,IDLE,,IDLE,,,,,SEEK_TURN,left_front,left,0,0,91,no_target,left_front 发现敌人，原地转向,-500,500,1
16.54,865.0,1438.0,1257.0,1390.0,1.1331,1.5774,1.2209,2.3658,1.3991,0,0,1,0,0,0,1,36.0,344.0,1024.0,1,0,0,enemy_push,SEEK_TURN,CRUISE,WAIT,IDLE,,IDLE,,,,,SEEK_TURN,left_front,left,0,0,91,no_target,left_front 发现敌人，原地转向,-500,500,1
16.56,862.0,1437.0,1256.0,1379.0,1.1393,1.5972,1.2354,2.3658,1.4163,0,0,1,0,0,0,1,-5.0,360.0,1037.0,1,0,0,enemy_push,SEEK_TURN,CRUISE,WAIT,IDLE,,IDLE,,,,,SEEK_TURN,left_front,left,0,0,91,no_target,left_front 发现敌人，原地转向,-500,500,1
16.58,861.0,1435.0,1256.0,1378.0,1.1393,1.5972,1.2354,2.3624,1.4163,0,0,1,0,0,0,1,-32.0,393.0,1054.0,1,0,0,enemy_push,SEEK_TURN,CRUISE,WAIT,IDLE,,IDLE,,,,,SEEK_TURN,left_front,left,0,0,91,no_target,left_front 发现敌人，原地转向,-500,500,1
16.6,862.0,1429.0,1248.0,1378.0,1.1393,1.5933,1.2354,2.3591,1.4143,0,0,1,0,0,0,1,7.0,834.0,1073.0,1,0,0,enemy_push,SEEK_TURN,CRUISE,WAIT,IDLE,,IDLE,,,,,SEEK_TURN,left_front,left,0,0,91,no_target,left_front 发现敌人，原地转向,-500,500,1
16.62,867.0,1426.0,1241.0,1386.0,1.1393,1.5813,1.216,2.3591,1.3987,0,0,1,0,0,0,1,23.0,475.0,1040.0,1,0,0,enemy_push,SEEK_TURN,CRUISE,WAIT,IDLE,,IDLE,,,,,SEEK_TURN,left_front,left,0,0,91,no_target,left_front 发现敌人，原地转向,-500,500,1
16.641,878.0,1417.0,1243.0,1405.0,1.1548,1.5754,1.2039,2.3859,1.3896,0,0,1,0,0,0,1,7.0,312.0,1037.0,1,0,0,enemy_push,SEEK_TURN,CRUISE,WAIT,IDLE,,IDLE,,,,,SEEK_TURN,left_front,left,0,0,91,no_target,left_front 发现敌人，原地转向,-500,500,1
16.661,886.0,1386.0,1250.0,1420.0,1.1889,1.5575,1.2039,2.4497,1.3807,0,0,1,0,0,0,1,12.0,817.0,1071.0,1,0,0,enemy_push,SEEK_TURN,CRUISE,WAIT,IDLE,,IDLE,,,,,SEEK_TURN,left_front,left,0,0,91,no_target,left_front 发现敌人，原地转向,-500,500,1
16.681,894.0,1369.0,1261.0,1437.0,1.2136,1.496,1.2209,2.5,1.3585,0,0,1,0,0,0,1,69.0,433.0,991.0,1,0,0,enemy_push,SEEK_TURN,CRUISE,WAIT,IDLE,,IDLE,,,,,SEEK_TURN,left_front,left,0,0,91,no_target,left_front 发现敌人，原地转向,-500,500,1
16.701,887.0,1383.0,1247.0,1424.0,1.2167,1.4901,1.2209,2.5134,1.3555,0,0,1,0,0,0,1,-4.0,819.0,976.0,1,0,0,enemy_push,SEEK_TURN,CRUISE,WAIT,IDLE,,IDLE,,,,,SEEK_TURN,left_front,left,0,0,92,no_target,left_front 发现敌人，原地转向,-500,500,1
16.721,885.0,1410.0,1241.0,1417.0,1.2167,1.4901,1.2136,2.5134,1.3534,0,0,1,0,0,0,1,-3.0,481.0,1021.0,1,0,0,enemy_push,SEEK_TURN,CRUISE,WAIT,IDLE,,IDLE,,,,,SEEK_TURN,left_front,left,0,0,92,no_target,left_front 发现敌人，原地转向,-500,500,1
16.741,885.0,1455.0,1242.0,1420.0,1.2105,1.5437,1.2015,2.5,1.3771,0,0,1,0,0,0,1,6.0,425.0,1022.0,1,0,0,enemy_push,SEEK_TURN,CRUISE,WAIT,IDLE,,IDLE,,,,,SEEK_TURN,left_front,left,0,0,92,no_target,left_front 发现敌人，原地转向,-500,500,1
16.761,886.0,1456.0,1237.0,1410.0,1.2105,1.6329,1.199,2.4899,1.4217,0,0,1,0,0,0,1,-141.0,377.0,1024.0,1,0,0,enemy_push,SEEK_TURN,CRUISE,WAIT,IDLE,,IDLE,,,,,SEEK_TURN,left_front,left,0,0,92,no_target,left_front 发现敌人，原地转向,-500,500,1
16.782,894.0,1438.0,1234.0,1404.0,1.2136,1.6329,1.1893,2.4664,1.4233,0,0,1,0,0,0,1,111.0,296.0,1019.0,1,0,0,enemy_push,SEEK_TURN,CRUISE,WAIT,IDLE,,IDLE,,,,,SEEK_TURN,left_front,left,0,0,92,no_target,left_front 发现敌人，原地转向,-500,500,1
16.802,920.0,1419.0,1239.0,1411.0,1.2384,1.5992,1.1893,2.4664,1.4188,0,0,1,0,0,0,1,-148.0,819.0,1038.0,1,0,0,enemy_push,SEEK_TURN,CRUISE,WAIT,IDLE,,IDLE,,,,,SEEK_TURN,left_front,left,0,0,92,no_target,left_front 发现敌人，原地转向,-500,500,1
16.822,951.0,1425.0,1238.0,1408.0,1.3189,1.5734,1.1917,2.4597,1.4461,0,0,1,0,0,0,1,117.0,441.0,1038.0,1,0,0,enemy_push,SEEK_TURN,CRUISE,WAIT,IDLE,,IDLE,,,,,SEEK_TURN,left_front,left,0,0,92,no_target,left_front 发现敌人，原地转向,-500,500,1
16.843,991.0,1453.0,1227.0,1400.0,1.4149,1.5734,1.1917,2.4597,1.4941,0,0,1,0,0,0,1,-5.0,493.0,1008.0,1,0,0,enemy_push,SEEK_TURN,CRUISE,WAIT,IDLE,,IDLE,,,,,SEEK_TURN,left_front,left,0,0,93,no_target,left_front 发现敌人，原地转向,-500,500,1
16.863,1042.0,1456.0,1229.0,1403.0,1.5387,1.629,1.1699,2.443,1.5838,0,0,1,0,0,0,1,6.0,542.0,1050.0,1,0,0,enemy_push,SEEK_TURN,CRUISE,WAIT,IDLE,,IDLE,,,,,SEEK_TURN,left_front,left,0,0,93,no_target,left_front 发现敌人，原地转向,-500,500,1
16.883,1088.0,1435.0,1220.0,1410.0,1.6966,1.629,1.165,2.443,1.6628,0,0,1,0,0,0,1,117.0,393.0,1006.0,1,0,0,enemy_push,SEEK_TURN,CRUISE,WAIT,IDLE,,IDLE,,,,,SEEK_TURN,left_front,left,0,0,93,no_target,left_front 发现敌人，原地转向,-500,500,1
16.904,1088.0,1435.0,1220.0,1410.0,1.839,1.5933,1.1481,2.4664,1.7161,0,0,1,0,0,0,1,117.0,393.0,1006.0,1,0,0,enemy_push,SEEK_TURN,CRUISE,WAIT,IDLE,,IDLE,,,,,SEEK_TURN,left_front,left,0,0,93,no_target,left_front 发现敌人，原地转向,-500,500,1
16.924,1136.0,1420.0,1211.0,1415.0,1.839,1.5933,1.1481,2.4664,1.7161,0,0,1,0,0,0,1,-8.0,832.0,1008.0,1,0,0,enemy_push,SEEK_TURN,CRUISE,WAIT,IDLE,,IDLE,,,,,SEEK_TURN,left_front,left,0,0,93,no_target,left_front 发现敌人，原地转向,-500,500,1
16.944,1175.0,1432.0,1206.0,1406.0,1.9876,1.5873,1.1262,2.4664,1.7875,0,0,1,0,0,0,1,-10.0,541.0,1009.0,1,0,0,enemy_push,SEEK_TURN,CRUISE,WAIT,IDLE,,IDLE,,,,,SEEK_TURN,left_front,left,0,0,93,no_target,left_front 发现敌人，原地转向,-500,500,1
16.964,1207.0,1457.0,1197.0,1397.0,2.1084,1.5873,1.1141,2.453,1.8478,0,0,0,0,0,0,1,0.0,410.0,1006.0,1,0,0,enemy_push,SEEK_TURN,CRUISE,WAIT,IDLE,,IDLE,,,,,SEEK_TURN,left_front,left,0,0,93,no_target,left_front 发现敌人，原地转向,-500,500,1
16.984,1231.0,1481.0,1195.0,1388.0,2.2074,1.6369,1.0922,2.4228,1.9222,0,0,0,0,0,0,1,-5.0,757.0,990.0,1,0,0,enemy_push,SEEK_TURN,CRUISE,WAIT,IDLE,,IDLE,,,,,SEEK_TURN,left_front,left,0,0,94,no_target,left_front 发现敌人，原地转向,-500,500,1
17.004,1266.0,1531.0,1211.0,1403.0,2.3901,1.7837,1.1262,2.443,2.0869,0,0,0,0,0,0,1,-4.0,377.0,990.0,1,0,0,patrol,WARMUP,WARMUP,WAIT,IDLE,,IDLE,,,,,IDLE,,,0,0,94,no_target,等待滤波窗口,0,0,1
17.025,1275.0,1558.0,1208.0,1391.0,2.404,1.8105,1.1226,2.4228,2.1073,0,0,0,0,0,0,1,166.0,474.0,1008.0,1,0,0,patrol,WARMUP,WARMUP,WAIT,IDLE,,IDLE,,,,,IDLE,,,0,0,94,no_target,等待滤波窗口,0,0,1
17.045,1288.0,1620.0,1205.0,1392.0,2.418,1.8373,1.1189,2.406,2.1217,0,0,0,0,0,0,1,-4.0,248.0,1005.0,1,0,0,patrol,CRUISE,CRUISE,WAIT,IDLE,,IDLE,,,,,IDLE,,,0,0,94,no_target,按区域分级巡航,450,450,1
17.065,1297.0,1670.0,1195.0,1390.0,2.4582,1.9603,1.1117,2.4027,2.1815,0,0,0,0,0,0,1,68.0,736.0,992.0,1,0,0,patrol,CRUISE,CRUISE,WAIT,IDLE,,IDLE,,,,,IDLE,,,0,0,94,no_target,按区域分级巡航,450,450,1
17.085,1295.0,1709.0,1176.0,1375.0,2.4799,2.0595,1.0874,2.3993,2.2294,0,0,0,0,0,0,1,-4.0,376.0,974.0,1,0,0,patrol,CRUISE,CRUISE,WAIT,IDLE,,IDLE,,,,,IDLE,,,0,0,94,no_target,按区域分级巡航,450,450,1
17.105,1300.0,1760.0,1173.0,1367.0,2.4861,2.1369,1.0413,2.349,2.2429,0,0,0,0,0,0,1,174.0,427.0,986.0,1,0,0,patrol,CRUISE,CRUISE,WAIT,IDLE,,IDLE,,,,,IDLE,,,0,0,94,no_target,按区域分级巡航,450,450,1
17.125,1302.0,1781.0,1166.0,1347.0,2.4954,2.2381,1.034,2.3221,2.2801,0,0,0,0,0,0,1,-3.0,527.0,1006.0,1,0,0,patrol,CRUISE,CRUISE,WAIT,IDLE,,IDLE,,,,,IDLE,,,0,0,94,no_target,按区域分级巡航,450,450,1
17.145,1320.0,1807.0,1171.0,1341.0,2.5015,2.2798,1.0291,2.255,2.2674,0,0,0,0,0,0,1,118.0,439.0,990.0,1,0,0,patrol,CRUISE,CRUISE,WAIT,IDLE,,IDLE,,,,,IDLE,,,0,0,95,no_target,按区域分级巡航,450,450,1
17.165,1328.0,1784.0,1157.0,1302.0,2.5573,2.2857,1.017,2.2349,2.2603,0,0,0,0,0,0,1,109.0,436.0,1009.0,1,0,0,patrol,CRUISE,CRUISE,WAIT,IDLE,,IDLE,,,,,IDLE,,,0,0,95,no_target,按区域分级巡航,450,450,1
17.186,1366.0,1790.0,1161.0,1280.0,2.582,2.2976,1.0049,2.104,2.2008,0,0,0,0,0,0,1,-338.0,428.0,1005.0,1,0,0,patrol,CRUISE,CRUISE,WAIT,IDLE,,IDLE,,,,,IDLE,,,0,0,95,no_target,按区域分级巡航,450,450,1
17.206,1402.0,1781.0,1169.0,1252.0,2.6997,2.2857,1.0049,2.0302,2.158,0,0,0,0,0,0,1,-3.0,129.0,989.0,1,0,0,patrol,CRUISE,CRUISE,WAIT,IDLE,,IDLE,,,,,IDLE,,,0,0,95,no_target,按区域分级巡航,450,450,1
17.226,1430.0,1758.0,1177.0,1215.0,2.8111,2.2798,1.0243,1.9362,2.108,0,0,0,0,0,0,1,-7.0,394.0,1008.0,1,0,0,patrol,CRUISE,CRUISE,WAIT,IDLE,,IDLE,,,,,IDLE,,,0,0,95,no_target,按区域分级巡航,450,450,1
17.247,1449.0,1728.0,1186.0,1171.0,2.8978,2.2341,1.0437,1.8121,2.0231,0,0,0,0,0,0,1,95.0,394.0,1004.0,1,0,0,patrol,CRUISE,CRUISE,WAIT,IDLE,,IDLE,,,,,IDLE,,,0,0,95,no_target,按区域分级巡航,450,450,1
17.267,1465.0,1701.0,1194.0,1130.0,2.9567,2.1746,1.0655,1.6644,1.9195,0,0,0,0,0,0,1,64.0,720.0,1033.0,1,0,0,patrol,CRUISE,CRUISE,WAIT,IDLE,,IDLE,,,,,IDLE,,,0,0,95,no_target,按区域分级巡航,450,450,1
17.288,1494.0,1685.0,1208.0,1102.0,3.0062,2.121,1.085,1.5268,1.8239,0,0,0,0,0,0,1,-68.0,393.0,1008.0,1,0,0,patrol,CRUISE,CRUISE,WAIT,IDLE,,IDLE,,,,,IDLE,,,0,0,96,no_target,按区域分级巡航,450,450,1
17.308,1501.0,1643.0,1203.0,1065.0,3.096,2.0893,1.1068,1.4329,1.7611,0,0,0,0,0,0,1,25.0,409.0,990.0,1,0,0,patrol,CRUISE,CRUISE,WAIT,IDLE,,IDLE,,,,,IDLE,,,0,0,96,no_target,按区域分级巡航,450,450,1
17.329,1495.0,1591.0,1191.0,1038.0,3.0991,2.006,1.1068,1.3087,1.6573,0,0,0,0,0,0,1,0.0,791.0,1011.0,1,0,0,patrol,CRUISE,CRUISE,WAIT,IDLE,,IDLE,,,,,IDLE,,,0,0,96,no_target,按区域分级巡航,450,450,1
17.349,1499.0,1552.0,1188.0,1024.0,3.1115,1.9028,1.0777,1.2181,1.5604,0,0,0,0,0,0,1,-6.0,112.0,988.0,1,0,0,patrol,CRUISE,CRUISE,WAIT,IDLE,,IDLE,,,,,IDLE,,,0,0,96,no_target,按区域分级巡航,450,450,1
17.37,1499.0,1512.0,1184.0,1015.0,3.1115,1.8254,1.0704,1.1711,1.4983,0,0,0,0,0,0,1,116.0,23.0,988.0,1,0,0,patrol,CRUISE,CRUISE,WAIT,IDLE,,IDLE,,,,,IDLE,,,0,0,96,no_target,按区域分级巡航,450,450,1
17.39,1510.0,1485.0,1184.0,1024.0,3.1115,1.746,1.0607,1.1711,1.4586,0,0,0,0,0,0,1,24.0,50.0,988.0,1,0,0,patrol,CRUISE,CRUISE,WAIT,IDLE,,IDLE,,,,,IDLE,,,0,0,96,no_target,按区域分级巡航,450,450,1
17.41,1504.0,1448.0,1188.0,1030.0,3.1269,1.6925,1.0607,1.1711,1.4318,0,0,0,0,0,0,1,158.0,111.0,985.0,1,0,0,patrol,CRUISE,CRUISE,WAIT,IDLE,,IDLE,,,,,IDLE,,,0,0,96,no_target,按区域分级巡航,450,450,1
17.431,1504.0,1448.0,1188.0,1030.0,3.1269,1.619,1.0704,1.1913,1.4052,0,0,0,0,0,0,1,158.0,111.0,985.0,1,0,0,patrol,CRUISE,CRUISE,WAIT,IDLE,,IDLE,,,,,IDLE,,,0,0,96,no_target,按区域分级巡航,450,450,1
17.451,1513.0,1444.0,1205.0,1050.0,3.1269,1.619,1.0704,1.1913,1.4052,0,0,0,0,0,0,1,100.0,23.0,971.0,1,0,0,patrol,CRUISE,CRUISE,WAIT,IDLE,,IDLE,,,,,IDLE,,,0,0,97,no_target,按区域分级巡航,450,450,1
17.471,1502.0,1426.0,1198.0,1029.0,3.1269,1.6111,1.0947,1.1913,1.4012,0,0,0,0,0,0,1,107.0,112.0,973.0,1,0,0,patrol,CRUISE,CRUISE,WAIT,IDLE,,IDLE,,,,,IDLE,,,0,0,97,no_target,按区域分级巡航,450,450,1
17.492,1513.0,1431.0,1206.0,1026.0,3.1548,1.5853,1.1117,1.1879,1.3866,0,0,0,0,0,0,1,67.0,589.0,973.0,1,0,0,patrol,CRUISE,CRUISE,WAIT,IDLE,,IDLE,,,,,IDLE,,,0,0,97,no_target,按区域分级巡航,450,450,1
17.512,1501.0,1414.0,1202.0,1015.0,3.1207,1.5754,1.1044,1.1779,1.3766,0,0,0,0,0,0,1,105.0,359.0,973.0,1,0,0,patrol,CRUISE,CRUISE,WAIT,IDLE,,IDLE,,,,,IDLE,,,0,0,97,no_target,按区域分级巡航,450,450,1
17.532,1501.0,1418.0,1216.0,1010.0,3.1176,1.5595,1.1141,1.1409,1.3502,0,0,0,0,0,0,1,1.0,345.0,990.0,1,0,0,patrol,CRUISE,CRUISE,WAIT,IDLE,,IDLE,,,,,IDLE,,,0,0,97,no_target,按区域分级巡航,450,450,1
17.553,1480.0,1426.0,1229.0,1024.0,3.1176,1.5595,1.1383,1.1409,1.3502,0,0,0,0,0,0,1,118.0,511.0,975.0,1,0,0,patrol,CRUISE,CRUISE,WAIT,IDLE,,IDLE,,,,,IDLE,,,0,0,97,no_target,按区域分级巡航,450,450,1
17.573,1403.0,1406.0,1280.0,1034.0,3.0526,1.5595,1.1699,1.1711,1.3653,0,0,0,0,0,0,1,9.0,556.0,970.0,1,0,0,patrol,CRUISE,CRUISE,WAIT,IDLE,,IDLE,,,,,IDLE,,,0,0,97,no_target,按区域分级巡航,450,450,1
17.594,1314.0,1427.0,1427.0,1028.0,2.8142,1.5754,1.2937,1.1846,1.4345,0,0,0,0,0,0,1,7.0,509.0,1008.0,1,0,0,patrol,CRUISE,CRUISE,WAIT,IDLE,,IDLE,,,,,IDLE,,,0,0,98,no_target,按区域分级巡航,450,450,1
17.614,1259.0,1415.0,1633.0,1043.0,2.5387,1.5536,1.6505,1.2047,1.602,0,0,0,0,0,0,1,1.0,526.0,1008.0,1,0,0,patrol,CRUISE,CRUISE,WAIT,IDLE,,IDLE,,,,,IDLE,,,0,0,98,no_target,按区域分级巡航,450,450,1
17.634,1267.0,1408.0,1770.0,1071.0,2.3932,1.5536,2.1505,1.2349,1.852,0,0,1,0,0,0,1,9.0,361.0,988.0,1,0,0,enemy_push,SEEK_TURN,CRUISE,WAIT,IDLE,,IR_UNCLASSIFIED,,,,,SEEK_TURN,left_front,left,0,0,98,no_target,left_front 发现敌人，原地转向,0,0,1
17.654,1290.0,1432.0,1801.0,1033.0,2.3932,1.5536,2.483,1.2349,1.9734,0,0,1,0,0,0,1,-122.0,541.0,1024.0,1,0,0,enemy_push,SEEK_TURN,CRUISE,WAIT,IDLE,,IDLE,,,,,SEEK_TURN,left_front,left,0,0,98,no_target,left_front 发现敌人，原地转向,-500,500,1
17.675,1323.0,1524.0,1822.0,1006.0,2.4644,1.5873,2.5583,1.2013,2.0258,0,0,1,0,0,0,1,29.0,378.0,1007.0,1,0,0,enemy_push,SEEK_TURN,CRUISE,WAIT,IDLE,,IDLE,,,,,SEEK_TURN,left_front,left,0,0,98,no_target,left_front 发现敌人，原地转向,-500,500,1
17.695,1344.0,1814.0,1826.0,983.0,2.5666,1.7698,2.6092,1.1107,2.1682,0,0,1,0,0,0,1,-4.0,265.0,1116.0,1,0,0,enemy_push,SEEK_TURN,CRUISE,WAIT,IDLE,,IDLE,,,,,SEEK_TURN,left_front,left,0,0,98,no_target,left_front 发现敌人，原地转向,-500,500,1
17.715,1335.0,2101.0,1840.0,1014.0,2.6037,2.3452,2.6189,1.1107,2.4745,0,0,1,0,0,0,1,-3.0,593.0,1038.0,1,0,0,enemy_push,SEEK_TURN,CRUISE,WAIT,IDLE,,IDLE,,,,,SEEK_TURN,left_front,left,0,0,98,no_target,left_front 发现敌人，原地转向,-500,500,1
17.735,1228.0,2179.0,1835.0,1010.0,2.6037,2.9147,2.6408,1.1242,2.6222,0,0,1,0,0,0,1,13.0,931.0,1088.0,1,0,0,enemy_push,SEEK_TURN,CRUISE,WAIT,IDLE,,IDLE,,,,,SEEK_TURN,left_front,left,0,0,98,no_target,left_front 发现敌人，原地转向,-500,500,1
17.755,1070.0,2187.0,1830.0,1020.0,2.2724,3.0694,2.6408,1.1376,2.4566,0,0,1,0,0,0,1,-5.0,674.0,1056.0,1,0,0,enemy_push,SEEK_TURN,CRUISE,WAIT,IDLE,,IDLE,,,,,SEEK_TURN,left_front,left,0,0,98,no_target,left_front 发现敌人，原地转向,-500,500,1
17.775,979.0,2200.0,1828.0,1063.0,1.7833,3.0853,2.6286,1.1577,2.206,0,0,1,0,0,0,1,134.0,594.0,1065.0,1,0,0,enemy_push,SEEK_TURN,CRUISE,WAIT,IDLE,,IDLE,,,,,SEEK_TURN,left_front,left,0,0,99,no_target,left_front 发现敌人，原地转向,-500,500,1
17.795,921.0,2177.0,1778.0,1139.0,1.5015,3.0853,2.6238,1.302,2.0627,0,0,1,0,0,0,1,31.0,609.0,1052.0,1,0,0,enemy_push,SEEK_TURN,CRUISE,WAIT,IDLE,,IDLE,,,,,SEEK_TURN,left_front,left,0,0,99,no_target,left_front 发现敌人，原地转向,-500,500,1
17.816,899.0,2170.0,1701.0,1250.0,1.322,3.0655,2.5024,1.557,2.0297,0,0,1,0,0,0,1,-3.0,620.0,1056.0,1,0,0,enemy_push,SEEK_TURN,CRUISE,WAIT,IDLE,,IDLE,,,,,SEEK_TURN,left_front,left,0,0,99,no_target,left_front 发现敌人，原地转向,-500,500,1
17.836,894.0,2167.0,1596.0,1324.0,1.2539,3.0516,2.3155,1.9295,2.1225,0,0,1,0,0,0,1,-105.0,658.0,1056.0,1,0,0,enemy_push,SEEK_TURN,CRUISE,WAIT,IDLE,,IDLE,,,,,SEEK_TURN,left_front,left,0,0,99,no_target,left_front 发现敌人，原地转向,-500,500,1
17.856,884.0,2163.0,1483.0,1397.0,1.2384,3.0456,2.0607,2.1779,2.1193,0,0,1,0,0,0,1,-3.0,641.0,1055.0,1,0,0,enemy_push,SEEK_TURN,CRUISE,WAIT,IDLE,,IDLE,,,,,SEEK_TURN,left_front,left,0,0,99,no_target,left_front 发现敌人，原地转向,-500,500,1
17.876,853.0,2146.0,1371.0,1422.0,1.2074,3.0377,1.7864,2.4228,2.1046,0,0,1,0,0,0,1,-14.0,637.0,1055.0,1,0,0,enemy_push,SEEK_TURN,CRUISE,WAIT,IDLE,,IDLE,,,,,SEEK_TURN,left_front,left,0,0,99,no_target,left_front 发现敌人，原地转向,-500,500,1
17.896,834.0,2151.0,1302.0,1436.0,1.1115,3.0139,1.5146,2.5067,2.0106,0,0,1,0,0,0,1,-4.0,768.0,1056.0,1,0,0,enemy_push,SEEK_TURN,CRUISE,WAIT,IDLE,,IDLE,,,,,SEEK_TURN,left_front,left,0,0,99,no_target,left_front 发现敌人，原地转向,-500,500,1
17.916,834.0,2151.0,1302.0,1436.0,1.0526,3.0139,1.3471,2.5537,1.9504,0,0,1,0,0,0,1,-4.0,768.0,1056.0,1,0,0,enemy_push,SEEK_TURN,CRUISE,WAIT,IDLE,,IDLE,,,,,SEEK_TURN,left_front,left,0,0,100,no_target,left_front 发现敌人，原地转向,-500,500,1
17.936,866.0,2160.0,1264.0,1446.0,1.0526,3.0139,1.3471,2.5537,1.9504,0,0,1,0,0,0,1,15.0,822.0,1072.0,1,0,0,enemy_push,SEEK_TURN,CRUISE,WAIT,IDLE,,IDLE,,,,,SEEK_TURN,left_front,left,0,0,100,no_target,left_front 发现敌人，原地转向,-500,500,1
17.956,899.0,2177.0,1254.0,1456.0,1.1517,3.0317,1.2549,2.5872,1.9211,0,0,1,0,0,0,1,14.0,738.0,1070.0,1,0,0,enemy_push,SEEK_TURN,CRUISE,WAIT,IDLE,,IDLE,,,,,SEEK_TURN,left_front,left,0,0,100,no_target,left_front 发现敌人，原地转向,-500,500,1
17.977,899.0,2172.0,1244.0,1451.0,1.2539,3.0556,1.2306,2.604,1.9289,0,0,1,0,0,0,1,-5.0,640.0,1056.0,1,0,0,enemy_push,SEEK_TURN,CRUISE,WAIT,IDLE,,IDLE,,,,,SEEK_TURN,left_front,left,0,0,100,no_target,left_front 发现敌人，原地转向,-500,500,1
17.997,890.0,2142.0,1225.0,1434.0,1.2539,3.0556,1.2063,2.604,1.9289,0,0,1,0,0,0,1,24.0,426.0,1056.0,1,0,0,enemy_push,SEEK_TURN,CRUISE,WAIT,IDLE,,IDLE,,,,,SEEK_TURN,left_front,left,0,0,100,no_target,left_front 发现敌人，原地转向,-500,500,1
18.017,887.0,2093.0,1190.0,1431.0,1.226,2.996,1.1602,2.547,1.8865,0,0,1,0,0,0,1,-4.0,545.0,1053.0,1,0,0,enemy_push,SEEK_TURN,CRUISE,WAIT,IDLE,,IDLE,,,,,SEEK_TURN,left_front,left,0,0,100,no_target,left_front 发现敌人，原地转向,-500,500,1
18.037,881.0,2010.0,1168.0,1436.0,1.2167,2.8988,1.0752,2.547,1.8818,0,0,1,0,0,0,1,-123.0,497.0,1037.0,1,0,0,enemy_push,SEEK_TURN,CRUISE,WAIT,IDLE,,IDLE,,,,,SEEK_TURN,left_front,left,0,0,100,no_target,left_front 发现敌人，原地转向,-500,500,1
18.057,873.0,1891.0,1142.0,1433.0,1.1981,2.7341,1.0218,2.5436,1.8709,0,0,1,0,0,0,1,-289.0,528.0,1040.0,1,0,0,enemy_push,SEEK_TURN,CRUISE,WAIT,IDLE,,IDLE,,,,,SEEK_TURN,left_front,left,0,0,101,no_target,left_front 发现敌人，原地转向,-500,500,1
18.077,880.0,1789.0,1126.0,1449.0,1.195,2.498,0.9587,2.5537,1.8465,0,0,1,0,0,0,1,-369.0,329.0,1054.0,1,0,0,enemy_push,SEEK_TURN,CRUISE,WAIT,IDLE,,IDLE,,,,,SEEK_TURN,left_front,left,0,0,101,no_target,left_front 发现敌人，原地转向,-500,500,1
18.098,866.0,1641.0,1118.0,1432.0,1.1734,2.2956,0.9199,2.5436,1.7345,0,0,1,0,0,0,1,129.0,495.0,1036.0,1,0,0,enemy_push,SEEK_TURN,CRUISE,WAIT,IDLE,,IDLE,,,,,SEEK_TURN,left_front,left,0,0,101,no_target,left_front 发现敌人，原地转向,-500,500,1
18.118,866.0,1557.0,1130.0,1411.0,1.1517,2.002,0.9199,2.5403,1.5768,0,0,1,0,0,0,1,76.0,851.0,1024.0,1,0,0,enemy_push,SEEK_TURN,CRUISE,WAIT,IDLE,,IDLE,,,,,SEEK_TURN,left_front,left,0,0,101,no_target,left_front 发现敌人，原地转向,-500,500,1
18.138,861.0,1482.0,1126.0,1361.0,1.1517,1.8353,0.9199,2.4698,1.4935,0,0,1,0,0,0,1,95.0,487.0,1072.0,1,0,0,enemy_push,SEEK_TURN,CRUISE,WAIT,IDLE,,IDLE,,,,,SEEK_TURN,left_front,left,0,0,101,no_target,left_front 发现敌人，原地转向,-500,500,1
18.158,865.0,1461.0,1136.0,1312.0,1.1486,1.6865,0.9296,2.302,1.4176,0,0,1,0,0,0,1,15.0,315.0,1071.0,1,0,0,enemy_push,SEEK_TURN,CRUISE,WAIT,IDLE,,IDLE,,,,,SEEK_TURN,left_front,left,0,0,101,no_target,left_front 发现敌人，原地转向,-500,500,1
18.178,863.0,1424.0,1138.0,1250.0,1.1424,1.6448,0.9442,2.1376,1.3936,0,0,1,0,0,0,1,53.0,328.0,1067.0,1,0,0,enemy_push,SEEK_TURN,CRUISE,WAIT,IDLE,,IDLE,,,,,SEEK_TURN,left_front,left,0,0,101,no_target,left_front 发现敌人，原地转向,-500,500,1
18.198,861.0,1430.0,1139.0,1221.0,1.1424,1.5833,0.949,1.9295,1.3629,0,0,1,0,0,0,1,158.0,495.0,1086.0,1,0,0,enemy_push,SEEK_TURN,CRUISE,WAIT,IDLE,,IDLE,,,,,SEEK_TURN,left_front,left,0,0,101,no_target,left_front 发现敌人，原地转向,-500,500,1
18.219,864.0,1437.0,1143.0,1241.0,1.1424,1.5833,0.9515,1.8993,1.3629,0,0,1,0,0,0,1,-10.0,718.0,1057.0,1,0,0,enemy_push,SEEK_TURN,CRUISE,WAIT,IDLE,,IDLE,,,,,SEEK_TURN,left_front,left,0,0,102,no_target,left_front 发现敌人，原地转向,-500,500,1
18.239,858.0,1430.0,1136.0,1266.0,1.1269,1.5833,0.9442,1.9832,1.3551,0,0,1,0,0,0,1,15.0,486.0,1054.0,1,0,0,patrol,WARMUP,WARMUP,WAIT,IDLE,,IDLE,,,,,IDLE,,,0,0,102,no_target,等待滤波窗口,0,0,1
18.259,865.0,1440.0,1142.0,1330.0,1.1378,1.5933,0.9515,2.0906,1.3655,0,0,1,0,0,0,1,16.0,251.0,1069.0,1,0,0,patrol,WARMUP,WARMUP,WAIT,IDLE,,IDLE,,,,,IDLE,,,0,0,102,no_target,等待滤波窗口,0,0,1
18.279,859.0,1428.0,1133.0,1381.0,1.13,1.5833,0.9442,2.198,1.3567,0,0,1,0,0,0,1,-10.0,475.0,1056.0,1,0,0,patrol,CRUISE,CRUISE,WAIT,IDLE,,IR_UNCLASSIFIED,,,,,IDLE,,,0,0,102,no_target,按区域分级巡航,450,450,1
18.299,860.0,1437.0,1132.0,1411.0,1.1331,1.5972,0.9369,2.3691,1.3652,0,0,1,0,0,0,1,-4.0,574.0,1056.0,1,0,0,patrol,CRUISE,CRUISE,WAIT,IDLE,,IR_UNCLASSIFIED,,,,,IDLE,,,0,0,102,no_target,按区域分级巡航,450,450,1
18.319,865.0,1448.0,1130.0,1422.0,1.1331,1.5972,0.9345,2.4698,1.3652,0,0,1,0,0,0,1,-5.0,686.0,1070.0,1,0,0,patrol,CRUISE,CRUISE,WAIT,IDLE,,IR_UNCLASSIFIED,,,,,IDLE,,,0,0,102,no_target,按区域分级巡航,450,450,1
18.339,865.0,1445.0,1122.0,1424.0,1.1486,1.6131,0.9296,2.5067,1.3809,0,0,1,0,0,0,1,-14.0,311.0,1069.0,1,0,0,patrol,CRUISE,CRUISE,WAIT,IDLE,,IR_UNCLASSIFIED,,,,,IDLE,,,0,0,102,no_target,按区域分级巡航,450,450,1
18.359,873.0,1455.0,1130.0,1430.0,1.1486,1.619,0.9296,2.5134,1.3838,0,0,1,0,0,0,1,606.0,655.0,1056.0,1,0,0,patrol,CRUISE,CRUISE,WAIT,IDLE,,IR_UNCLASSIFIED,,,,,IDLE,,,0,0,103,no_target,按区域分级巡航,450,450,1
18.38,866.0,1433.0,1131.0,1408.0,1.1517,1.6131,0.9296,2.5134,1.3824,0,0,1,0,0,0,1,-4.0,495.0,1071.0,1,0,0,patrol,CRUISE,CRUISE,WAIT,IDLE,,IR_UNCLASSIFIED,,,,,IDLE,,,0,0,103,no_target,按区域分级巡航,450,450,1
18.4,865.0,1423.0,1148.0,1401.0,1.1517,1.5893,0.932,2.4597,1.3705,0,0,1,0,0,0,1,-127.0,509.0,1054.0,1,0,0,patrol,CRUISE,CRUISE,WAIT,IDLE,,IR_UNCLASSIFIED,,,,,IDLE,,,0,0,103,no_target,按区域分级巡航,450,450,1
18.42,862.0,1411.0,1157.0,1395.0,1.1486,1.5694,0.9733,2.4362,1.359,0,0,1,0,0,0,1,-9.0,455.0,1054.0,1,0,0,patrol,CRUISE,CRUISE,WAIT,IDLE,,IR_UNCLASSIFIED,,,,,IDLE,,,0,0,103,no_target,按区域分级巡航,450,450,1
18.44,868.0,1413.0,1169.0,1400.0,1.1486,1.5496,0.9951,2.4329,1.3491,0,0,1,0,0,0,1,-3.0,442.0,1056.0,1,0,0,patrol,CRUISE,CRUISE,WAIT,IDLE,,IR_UNCLASSIFIED,,,,,IDLE,,,0,0,103,no_target,按区域分级巡航,450,450,1
18.46,865.0,1402.0,1169.0,1396.0,1.1486,1.5456,1.0243,2.4195,1.3471,0,0,1,0,0,0,1,-5.0,654.0,1071.0,1,0,0,patrol,CRUISE,CRUISE,WAIT,IDLE,,IR_UNCLASSIFIED,,,,,IDLE,,,0,0,103,no_target,按区域分级巡航,450,450,1
18.48,865.0,1402.0,1169.0,1396.0,1.1486,1.5278,1.0243,2.4195,1.3382,0,0,1,0,0,0,1,-5.0,654.0,1071.0,1,0,0,patrol,CRUISE,CRUISE,WAIT,IDLE,,IR_UNCLASSIFIED,,,,,IDLE,,,0,0,103,no_target,按区域分级巡航,450,450,1
18.5,862.0,1405.0,1173.0,1395.0,1.1486,1.5278,1.0243,2.4195,1.3382,0,0,1,0,0,0,1,-4.0,800.0,1070.0,1,0,0,patrol,CRUISE,CRUISE,WAIT,IDLE,,IR_UNCLASSIFIED,,,,,IDLE,,,0,0,104,no_target,按区域分级巡航,450,450,1
18.521,866.0,1426.0,1184.0,1402.0,1.1486,1.5337,1.034,2.4195,1.3412,0,0,1,0,0,0,1,-5.0,177.0,1070.0,1,0,0,patrol,CRUISE,CRUISE,WAIT,IDLE,,IR_UNCLASSIFIED,,,,,IDLE,,,0,0,104,no_target,按区域分级巡航,450,450,1
18.541,860.0,1427.0,1184.0,1395.0,1.1393,1.5754,1.0607,2.4161,1.3574,0,0,1,0,0,0,1,-174.0,458.0,1088.0,1,0,0,patrol,CRUISE,CRUISE,WAIT,IDLE,,IR_UNCLASSIFIED,,,,,IDLE,,,0,0,104,no_target,按区域分级巡航,450,450,1
18.561,850.0,1426.0,1180.0,1383.0,1.1331,1.5754,1.0607,2.4161,1.3543,0,0,1,0,0,0,1,8.0,296.0,1070.0,1,0,0,patrol,CRUISE,CRUISE,WAIT,IDLE,,IR_UNCLASSIFIED,,,,,IDLE,,,0,0,104,no_target,按区域分级巡航,450,450,1
18.581,853.0,1447.0,1192.0,1393.0,1.1115,1.5774,1.0607,2.4094,1.3444,0,0,1,0,0,0,1,117.0,629.0,1095.0,1,0,0,patrol,CRUISE,CRUISE,WAIT,IDLE,,IR_UNCLASSIFIED,,,,,IDLE,,,0,0,104,no_target,按区域分级巡航,450,450,1
18.601,844.0,1435.0,1194.0,1378.0,1.1022,1.5933,1.0801,2.3758,1.3477,0,0,1,0,0,0,1,8.0,832.0,1073.0,1,0,0,patrol,CRUISE,CRUISE,WAIT,IDLE,,IR_UNCLASSIFIED,,,,,IDLE,,,0,0,104,no_target,按区域分级巡航,450,450,1
18.621,845.0,1432.0,1214.0,1377.0,1.0867,1.5933,1.085,2.3591,1.34,0,0,1,0,0,0,1,8.0,458.0,1086.0,1,0,0,patrol,CRUISE,CRUISE,WAIT,IDLE,,IR_UNCLASSIFIED,,,,,IDLE,,,0,0,104,no_target,按区域分级巡航,450,450,1
18.641,846.0,1422.0,1224.0,1374.0,1.0867,1.5873,1.1335,2.3557,1.3604,0,0,1,0,0,0,1,-5.0,475.0,1085.0,1,0,0,patrol,CRUISE,CRUISE,WAIT,IDLE,,IR_UNCLASSIFIED,,,,,IDLE,,,0,0,104,no_target,按区域分级巡航,450,450,1
18.661,845.0,1421.0,1224.0,1369.0,1.0867,1.5675,1.1578,2.3456,1.3626,0,0,1,0,0,0,1,-6.0,669.0,1087.0,1,0,0,patrol,CRUISE,CRUISE,WAIT,IDLE,,IR_UNCLASSIFIED,,,,,IDLE,,,0,0,104,no_target,按区域分级巡航,450,450,1
18.681,844.0,1421.0,1222.0,1366.0,1.0867,1.5655,1.1578,2.3289,1.3616,0,0,1,0,0,0,1,11.0,455.0,1086.0,1,0,0,patrol,CRUISE,CRUISE,WAIT,IDLE,,IR_UNCLASSIFIED,,,,,IDLE,,,0,0,104,no_target,按区域分级巡航,450,450,1
18.702,838.0,1420.0,1213.0,1355.0,1.0836,1.5655,1.1529,2.3188,1.3592,0,0,1,0,0,0,1,-2.0,475.0,1102.0,1,0,0,patrol,CRUISE,CRUISE,WAIT,IDLE,,IR_UNCLASSIFIED,,,,,IDLE,,,0,0,104,no_target,按区域分级巡航,450,450,1
18.722,838.0,1453.0,1214.0,1354.0,1.065,1.5655,1.1335,2.2819,1.3495,0,0,1,0,0,0,1,7.0,623.0,1117.0,1,0,0,patrol,CRUISE,CRUISE,WAIT,IDLE,,IR_UNCLASSIFIED,,,,,IDLE,,,0,0,104,no_target,按区域分级巡航,450,450,1
18.742,836.0,1474.0,1209.0,1354.0,1.065,1.629,1.1311,2.2785,1.38,0,0,1,0,0,0,1,-5.0,703.0,1101.0,1,0,0,patrol,CRUISE,CRUISE,WAIT,IDLE,,IR_UNCLASSIFIED,,,,,IDLE,,,0,0,104,no_target,按区域分级巡航,450,450,1
18.762,837.0,1475.0,1212.0,1349.0,1.0619,1.6706,1.1286,2.2785,1.3996,0,0,1,0,0,0,1,79.0,702.0,1104.0,1,0,0,patrol,CRUISE,CRUISE,WAIT,IDLE,,IR_UNCLASSIFIED,,,,,IDLE,,,0,0,104,no_target,按区域分级巡航,450,450,1
18.782,841.0,1446.0,1214.0,1349.0,1.0619,1.6706,1.1286,2.2617,1.3996,0,0,1,0,0,0,1,96.0,835.0,1105.0,1,0,0,patrol,CRUISE,CRUISE,WAIT,IDLE,,IR_UNCLASSIFIED,,,,,IDLE,,,0,0,104,no_target,按区域分级巡航,450,450,1
18.802,836.0,1390.0,1205.0,1353.0,1.0619,1.6151,1.1286,2.2617,1.3719,0,0,1,0,0,0,1,35.0,329.0,1099.0,1,0,0,patrol,CRUISE,CRUISE,WAIT,IDLE,,IR_UNCLASSIFIED,,,,,IDLE,,,0,0,104,no_target,按区域分级巡航,450,450,1
18.822,839.0,1406.0,1229.0,1354.0,1.0681,1.5357,1.1335,2.2752,1.3346,0,0,1,0,0,0,1,183.0,441.0,1085.0,1,0,0,patrol,CRUISE,CRUISE,WAIT,IDLE,,IR_UNCLASSIFIED,,,,,IDLE,,,0,0,104,no_target,按区域分级巡航,450,450,1
18.842,844.0,1435.0,1370.0,1355.0,1.0681,1.5357,1.1699,2.2785,1.3528,0,0,1,0,0,0,1,-11.0,329.0,1085.0,1,0,0,patrol,CRUISE,CRUISE,WAIT,IDLE,,IR_UNCLASSIFIED,,,,,IDLE,,,0,0,104,no_target,按区域分级巡航,450,450,1
18.867,849.0,1379.0,1571.0,1339.0,1.0836,1.5357,1.5121,2.2785,1.5239,0,0,1,0,0,0,1,-5.0,393.0,1038.0,1,0,0,patrol,CRUISE,CRUISE,WAIT,IDLE,,IR_UNCLASSIFIED,,,,,IDLE,,,0,0,104,no_target,按区域分级巡航,450,450,1
18.887,854.0,1395.0,1645.0,1347.0,1.0991,1.5139,2.0,2.255,1.7569,0,0,1,0,0,0,1,573.0,247.0,1038.0,1,0,0,patrol,CRUISE,CRUISE,WAIT,IDLE,,IR_UNCLASSIFIED,,,,,IDLE,,,0,0,104,no_target,按区域分级巡航,450,450,1
18.908,852.0,1398.0,1535.0,1354.0,1.1084,1.5139,2.0,2.255,1.7569,0,0,1,0,0,0,1,23.0,377.0,1024.0,1,0,0,patrol,CRUISE,CRUISE,WAIT,IDLE,,IR_UNCLASSIFIED,,,,,IDLE,,,0,0,104,no_target,按区域分级巡航,450,450,1
18.928,857.0,1399.0,1388.0,1371.0,1.1146,1.5198,1.9126,2.2785,1.7162,0,0,1,0,0,0,1,-40.0,231.0,1006.0,1,0,0,patrol,CRUISE,CRUISE,WAIT,IDLE,,IR_UNCLASSIFIED,,,,,IDLE,,,0,0,104,no_target,按区域分级巡航,450,450,1
18.948,866.0,1397.0,1419.0,1368.0,1.1238,1.5198,1.6311,2.3255,1.5755,0,0,1,0,0,0,1,-240.0,960.0,1026.0,1,0,0,patrol,CRUISE,CRUISE,WAIT,IDLE,,IR_UNCLASSIFIED,,,,,IDLE,,,0,0,,stale,按区域分级巡航,450,450,1
18.969,866.0,1397.0,1419.0,1368.0,1.1517,1.5179,1.6311,2.3255,1.5745,0,0,1,0,0,0,1,-240.0,960.0,1026.0,1,0,0,patrol,CRUISE,CRUISE,WAIT,IDLE,,IR_UNCLASSIFIED,,,,,IDLE,,,0,0,,stale,按区域分级巡航,450,450,1
18.989,866.0,1398.0,1628.0,1364.0,1.1517,1.5179,1.6311,2.3255,1.5745,0,0,1,1,0,0,1,-232.0,344.0,990.0,1,0,0,patrol,CRUISE,CRUISE,WAIT,IDLE,,IR_UNCLASSIFIED,,,,,IDLE,,,0,0,,stale,按区域分级巡航,450,450,1
19.013,867.0,1404.0,1748.0,1359.0,1.1517,1.5198,2.1383,2.3121,1.8291,0,0,1,1,0,0,1,-59.0,247.0,1006.0,1,0,0,patrol,CRUISE,CRUISE,WAIT,IDLE,,IR_UNCLASSIFIED,,,,,IDLE,,,0,0,,stale,按区域分级巡航,450,450,1
19.033,867.0,1404.0,1748.0,1359.0,1.1548,1.5317,2.4296,2.2953,1.9135,0,0,1,1,0,0,1,-59.0,247.0,1006.0,1,0,0,patrol,CRUISE,CRUISE,WAIT,IDLE,,IR_UNCLASSIFIED,,,,,IDLE,,,0,0,,stale,按区域分级巡航,450,450,1
19.053,864.0,1385.0,1763.0,1350.0,1.1548,1.5317,2.4296,2.2953,1.9135,0,0,1,1,0,0,1,-3.0,369.0,990.0,1,0,0,patrol,CRUISE,CRUISE,WAIT,IDLE,,IR_UNCLASSIFIED,,,,,IDLE,,,0,0,,stale,按区域分级巡航,450,450,1
19.073,864.0,1387.0,1766.0,1350.0,1.1455,1.498,2.466,2.2651,1.8816,0,0,1,1,0,0,1,14.0,604.0,1008.0,1,0,0,patrol,CRUISE,CRUISE,WAIT,IDLE,,IR_UNCLASSIFIED,,,,,IDLE,,,0,0,,stale,按区域分级巡航,450,450,1
19.093,866.0,1403.0,1776.0,1367.0,1.1455,1.498,2.4733,2.2651,1.8816,0,0,1,1,0,0,1,102.0,361.0,1277.0,1,0,0,patrol,CRUISE,CRUISE,WAIT,IDLE,,IR_UNCLASSIFIED,,,,,IDLE,,,0,0,105,no_target,按区域分级巡航,450,450,1
19.113,871.0,1404.0,1757.0,1363.0,1.1517,1.5298,2.4733,2.3087,1.9192,0,0,1,1,0,0,1,-5.0,510.0,990.0,1,0,0,patrol,CRUISE,CRUISE,WAIT,IDLE,,IR_UNCLASSIFIED,,,,,IDLE,,,0,0,105,no_target,按区域分级巡航,450,450,1
19.134,919.0,1404.0,1609.0,1352.0,1.1672,1.5317,2.4515,2.3087,1.9202,0,0,0,1,0,0,1,-4.0,1119.0,993.0,1,0,0,patrol,CRUISE,CRUISE,WAIT,IDLE,,IR_UNCLASSIFIED,,,,,IDLE,,,0,0,105,no_target,按区域分级巡航,450,450,1
19.154,1046.0,1392.0,1339.0,1327.0,1.3158,1.5317,2.0922,2.2718,1.812,0,0,0,1,0,0,1,378.0,360.0,1004.0,1,0,0,patrol,CRUISE,CRUISE,WAIT,IDLE,,IR_UNCLASSIFIED,,,,,IDLE,,,0,0,105,no_target,按区域分级巡航,450,450,1
19.174,1134.0,1396.0,1233.0,1312.0,1.709,1.5159,1.4369,2.1879,1.6124,0,0,0,1,0,0,1,-3.0,426.0,1006.0,1,0,0,patrol,CRUISE,CRUISE,WAIT,IDLE,,IR_UNCLASSIFIED,,,,,IDLE,,,0,0,105,no_target,按区域分级巡航,450,450,1
19.194,1154.0,1396.0,1205.0,1313.0,1.9814,1.5159,1.1796,2.1409,1.7486,0,0,0,1,0,0,1,61.0,393.0,1008.0,1,0,0,patrol,CRUISE,CRUISE,WAIT,IDLE,,IR_UNCLASSIFIED,,,,,IDLE,,,0,0,105,no_target,按区域分级巡航,450,450,1
19.214,1151.0,1391.0,1190.0,1300.0,2.0341,1.5159,1.1117,2.1376,1.775,0,0,0,1,0,0,1,14.0,392.0,1021.0,1,0,0,patrol,CRUISE,CRUISE,WAIT,IDLE,,IR_UNCLASSIFIED,,,,,IDLE,,,0,0,105,no_target,按区域分级巡航,450,450,1
19.234,1150.0,1400.0,1184.0,1296.0,2.0341,1.5159,1.0752,2.0973,1.775,0,0,0,1,0,0,1,-3.0,278.0,1006.0,1,0,0,patrol,CRUISE,CRUISE,WAIT,IDLE,,IR_UNCLASSIFIED,,,,,IDLE,,,0,0,105,no_target,按区域分级巡航,450,450,1
19.254,1144.0,1386.0,1180.0,1292.0,2.031,1.506,1.0607,2.0839,1.7685,0,0,0,1,0,0,1,-10.0,787.0,1040.0,1,0,0,patrol,CRUISE,CRUISE,WAIT,IDLE,,IR_UNCLASSIFIED,,,,,IDLE,,,0,0,106,no_target,按区域分级巡航,450,450,1
19.274,1140.0,1403.0,1240.0,1292.0,2.0124,1.5238,1.0607,2.0705,1.7681,0,0,0,1,0,0,1,-4.0,426.0,1024.0,1,0,0,patrol,CRUISE,CRUISE,WAIT,IDLE,,IR_UNCLASSIFIED,,,,,IDLE,,,0,0,106,no_target,按区域分级巡航,450,450,1
19.294,1131.0,1398.0,1421.0,1282.0,2.0,1.5198,1.1966,2.0705,1.7599,0,0,0,1,0,0,1,-4.0,376.0,1007.0,1,0,0,patrol,CRUISE,CRUISE,WAIT,IDLE,,IR_UNCLASSIFIED,,,,,IDLE,,,0,0,106,no_target,按区域分级巡航,450,450,1
19.315,1126.0,1403.0,1519.0,1282.0,1.9721,1.5298,1.6359,2.0369,1.804,0,0,0,1,0,0,1,-4.0,525.0,1020.0,1,0,0,patrol,CRUISE,CRUISE,WAIT,IDLE,,IR_UNCLASSIFIED,,,,,IDLE,,,0,0,106,no_target,按区域分级巡航,450,450,1
19.335,1117.0,1397.0,1531.0,1272.0,1.9567,1.5198,1.8738,2.0369,1.9152,0,0,0,1,0,0,1,-3.0,247.0,1008.0,1,0,0,patrol,CRUISE,CRUISE,WAIT,IDLE,,IR_UNCLASSIFIED,,,,,IDLE,,,0,0,106,no_target,按区域分级巡航,450,450,1
19.355,1104.0,1432.0,1528.0,1266.0,1.9288,1.5298,1.8956,2.0034,1.9122,0,0,0,1,0,0,1,6.0,377.0,1008.0,1,0,0,patrol,CRUISE,CRUISE,WAIT,IDLE,,IR_UNCLASSIFIED,,,,,IDLE,,,0,0,106,no_target,按区域分级巡航,450,450,1
19.375,1101.0,1661.0,1522.0,1272.0,1.8885,1.5873,1.8956,2.0034,1.8921,0,0,0,1,0,0,1,14.0,264.0,1005.0,1,0,0,patrol,CRUISE,CRUISE,WAIT,IDLE,,IR_UNCLASSIFIED,,,,,IDLE,,,0,0,106,no_target,按区域分级巡航,450,450,1
19.395,1095.0,1843.0,1512.0,1259.0,1.8793,2.0417,1.8811,1.9832,1.9321,0,0,0,1,0,0,1,250.0,394.0,1024.0,1,0,0,patrol,CRUISE,CRUISE,WAIT,IDLE,,IR_UNCLASSIFIED,,,,,IDLE,,,0,0,106,no_target,按区域分级巡航,450,450,1
19.415,1094.0,1883.0,1520.0,1272.0,1.8607,2.4028,1.8762,2.0034,1.9398,0,0,0,1,0,0,1,-245.0,362.0,990.0,1,0,0,patrol,CRUISE,CRUISE,WAIT,IDLE,,IR_UNCLASSIFIED,,,,,IDLE,,,0,0,107,no_target,按区域分级巡航,450,450,1
19.436,1081.0,1872.0,1525.0,1267.0,1.8576,2.4603,1.8762,1.9866,1.9314,0,0,0,1,0,0,1,-252.0,476.0,1020.0,1,0,0,patrol,CRUISE,CRUISE,WAIT,IDLE,,IR_UNCLASSIFIED,,,,,IDLE,,,0,0,107,no_target,按区域分级巡航,450,450,1
19.456,1058.0,1844.0,1502.0,1241.0,1.8173,2.4603,1.8762,1.9866,1.9314,0,0,0,1,0,0,1,-114.0,410.0,1006.0,1,0,0,patrol,CRUISE,CRUISE,WAIT,IDLE,,IR_UNCLASSIFIED,,,,,IDLE,,,0,0,107,no_target,按区域分级巡航,450,450,1
19.476,1058.0,1844.0,1502.0,1241.0,1.7461,2.4048,1.8325,1.8993,1.8659,0,0,0,1,0,0,1,-114.0,410.0,1006.0,1,0,0,patrol,CRUISE,CRUISE,WAIT,IDLE,,IR_UNCLASSIFIED,,,,,IDLE,,,0,0,107,no_target,按区域分级巡航,450,450,1
19.496,1048.0,1847.0,1489.0,1236.0,1.7461,2.4048,1.8325,1.8993,1.8659,0,0,0,0,0,0,1,-3.0,452.0,1009.0,1,0,0,patrol,CRUISE,CRUISE,WAIT,IDLE,,IDLE,,,,,IDLE,,,0,0,107,no_target,按区域分级巡航,450,450,1
19.516,1040.0,1836.0,1464.0,1231.0,1.7152,2.4048,1.801,1.8826,1.8418,0,0,0,0,0,0,1,-173.0,428.0,1042.0,1,0,0,patrol,CRUISE,CRUISE,WAIT,IDLE,,IDLE,,,,,IDLE,,,0,0,107,no_target,按区域分级巡航,450,450,1
19.536,1014.0,1811.0,1431.0,1208.0,1.6904,2.3889,1.7403,1.8658,1.803,0,0,0,0,0,0,1,-23.0,460.0,1019.0,1,0,0,patrol,CRUISE,CRUISE,WAIT,IDLE,,IDLE,,,,,IDLE,,,0,0,107,no_target,按区域分级巡航,450,450,1
19.556,993.0,1795.0,1444.0,1190.0,1.6099,2.3393,1.6917,1.7886,1.7402,0,0,0,0,0,0,1,-8.0,522.0,1008.0,1,0,0,patrol,CRUISE,CRUISE,WAIT,IDLE,,IDLE,,,,,IDLE,,,0,0,108,no_target,按区域分级巡航,450,450,1
19.576,1006.0,1798.0,1452.0,1187.0,1.5851,2.3135,1.6917,1.7282,1.71,0,0,0,0,0,0,1,-28.0,1061.0,1026.0,1,0,0,patrol,CRUISE,CRUISE,WAIT,IDLE,,IDLE,,,,,IDLE,,,0,0,108,no_target,按区域分级巡航,450,450,1
19.597,987.0,1766.0,1442.0,1164.0,1.5449,2.3075,1.6917,1.7181,1.7049,0,0,0,0,0,0,1,-4.0,476.0,1048.0,1,0,0,patrol,CRUISE,CRUISE,WAIT,IDLE,,IDLE,,,,,IDLE,,,0,0,108,no_target,按区域分级巡航,450,450,1
19.617,974.0,1746.0,1428.0,1157.0,1.5263,2.25,1.6869,1.6409,1.6639,0,0,0,0,0,0,1,-174.0,427.0,1020.0,1,0,0,patrol,CRUISE,CRUISE,WAIT,IDLE,,IDLE,,,,,IDLE,,,0,0,108,no_target,按区域分级巡航,450,450,1
19.637,969.0,1756.0,1424.0,1158.0,1.4861,2.2302,1.6529,1.6208,1.6369,0,0,0,0,0,0,1,-94.0,443.0,1024.0,1,0,0,patrol,CRUISE,CRUISE,WAIT,IDLE,,IDLE,,,,,IDLE,,,0,0,108,no_target,按区域分级巡航,450,450,1
19.657,959.0,1750.0,1403.0,1154.0,1.4706,2.2183,1.6432,1.6174,1.6303,0,0,0,0,0,0,1,-174.0,444.0,1008.0,1,0,0,patrol,CRUISE,CRUISE,WAIT,IDLE,,IDLE,,,,,IDLE,,,0,0,108,no_target,按区域分级巡航,450,450,1
19.677,946.0,1733.0,1394.0,1163.0,1.4396,2.2183,1.5922,1.6208,1.6065,0,0,0,0,0,0,1,114.0,788.0,1008.0,1,0,0,patrol,CRUISE,CRUISE,WAIT,IDLE,,IDLE,,,,,IDLE,,,0,0,108,no_target,按区域分级巡航,450,450,1
19.697,937.0,1714.0,1381.0,1136.0,1.3994,2.1845,1.5704,1.6074,1.5889,0,0,0,0,0,0,1,-4.0,636.0,1008.0,1,0,0,patrol,CRUISE,CRUISE,WAIT,IDLE,,IDLE,,,,,IDLE,,,0,0,109,no_target,按区域分级巡航,450,450,1
19.717,925.0,1702.0,1372.0,1117.0,1.3715,2.1468,1.5388,1.547,1.5429,0,0,0,0,0,0,1,-5.0,1114.0,993.0,1,0,0,patrol,CRUISE,CRUISE,WAIT,IDLE,,IDLE,,,,,IDLE,,,0,0,109,no_target,按区域分级巡航,450,450,1
19.738,909.0,1695.0,1364.0,1104.0,1.3344,2.123,1.517,1.4832,1.5001,0,0,0,0,0,0,1,-14.0,559.0,1021.0,1,0,0,patrol,CRUISE,CRUISE,WAIT,IDLE,,IDLE,,,,,IDLE,,,0,0,109,no_target,按区域分级巡航,450,450,1
19.758,900.0,1704.0,1364.0,1093.0,1.2848,2.123,1.4976,1.4396,1.4686,0,0,0,0,0,0,1,-4.0,265.0,1005.0,1,0,0,patrol,CRUISE,CRUISE,WAIT,IDLE,,IDLE,,,,,IDLE,,,0,0,109,no_target,按区域分级巡航,450,450,1
19.778,884.0,1642.0,1336.0,1071.0,1.257,2.1091,1.4976,1.4027,1.4501,0,0,0,0,0,0,1,-3.0,128.0,989.0,1,0,0,patrol,CRUISE,CRUISE,WAIT,IDLE,,IDLE,,,,,IDLE,,,0,0,109,no_target,按区域分级巡航,450,450,1
19.798,870.0,1654.0,1316.0,1080.0,1.2074,2.0278,1.4296,1.3591,1.3943,0,0,0,0,0,0,1,-4.0,409.0,1024.0,1,0,0,patrol,CRUISE,CRUISE,WAIT,IDLE,,IDLE,,,,,IDLE,,,0,0,109,no_target,按区域分级巡航,450,450,1
19.818,852.0,1655.0,1306.0,1083.0,1.1641,2.0278,1.3811,1.3591,1.3701,0,0,0,0,0,0,1,-32.0,656.0,1008.0,1,0,0,patrol,CRUISE,CRUISE,WAIT,IDLE,,IDLE,,,,,IDLE,,,0,0,109,no_target,按区域分级巡航,450,450,1
19.838,842.0,1635.0,1291.0,1075.0,1.1084,2.0278,1.3568,1.3591,1.3579,0,0,0,0,0,0,1,-65.0,576.0,987.0,1,0,0,patrol,CRUISE,CRUISE,WAIT,IDLE,,IDLE,,,,,IDLE,,,0,0,110,no_target,按区域分级巡航,450,450,1
19.859,838.0,1620.0,1277.0,1058.0,1.0774,1.9901,1.3204,1.3423,1.3313,0,0,0,0,0,0,1,-14.0,128.0,972.0,1,0,0,patrol,CRUISE,CRUISE,WAIT,IDLE,,IDLE,,,,,IDLE,,,0,0,110,no_target,按区域分级巡航,450,450,1
19.879,833.0,1616.0,1267.0,1044.0,1.065,1.9603,1.2864,1.2852,1.2858,0,0,0,0,0,0,1,-18.0,425.0,1008.0,1,0,0,patrol,CRUISE,CRUISE,WAIT,IDLE,,IDLE,,,,,IDLE,,,0,0,110,no_target,按区域分级巡航,450,450,1
19.899,814.0,1578.0,1246.0,1022.0,1.0495,1.9524,1.2621,1.2383,1.2502,0,0,0,0,0,0,1,-109.0,820.0,1005.0,1,0,0,patrol,CRUISE,CRUISE,WAIT,IDLE,,IDLE,,,,,IDLE,,,0,0,110,no_target,按区域分级巡航,450,450,1
19.919,803.0,1570.0,1236.0,1015.0,0.9907,1.877,1.2112,1.1644,1.1878,0,0,0,0,0,0,1,-4.0,788.0,1009.0,1,0,0,patrol,CRUISE,CRUISE,WAIT,IDLE,,IDLE,,,,,IDLE,,,0,0,110,no_target,按区域分级巡航,450,450,1
19.939,803.0,1570.0,1236.0,1015.0,0.9567,1.8611,1.1869,1.1409,1.1639,0,0,0,0,0,0,1,-4.0,788.0,1009.0,1,0,0,patrol,CRUISE,CRUISE,WAIT,IDLE,,IDLE,,,,,IDLE,,,0,0,110,no_target,按区域分级巡航,450,450,1
19.959,791.0,1558.0,1231.0,997.0,0.9567,1.8611,1.1869,1.1409,1.1639,0,0,0,0,0,0,1,-60.0,557.0,1024.0,1,0,0,patrol,CRUISE,CRUISE,WAIT,IDLE,,IDLE,,,,,IDLE,,,0,0,110,no_target,按区域分级巡航,450,450,1
19.979,786.0,1549.0,1218.0,992.0,0.9195,1.8373,1.1748,1.0805,1.1276,0,0,0,0,0,0,1,-60.0,360.0,1054.0,1,0,0,patrol,CRUISE,CRUISE,WAIT,IDLE,,IDLE,,,,,IDLE,,,0,0,110,no_target,按区域分级巡航,450,450,1
19.999,779.0,1515.0,1201.0,972.0,0.904,1.8194,1.1432,1.0638,1.1035,0,0,0,0,0,0,1,-24.0,280.0,1062.0,1,0,0,patrol,CRUISE,CRUISE,WAIT,IDLE,,IDLE,,,,,IDLE,,,0,0,111,no_target,按区域分级巡航,450,450,1
20.02,774.0,1505.0,1189.0,966.0,0.8824,1.752,1.1019,0.9966,1.0493,0,0,0,0,0,0,1,-91.0,128.0,1054.0,1,0,0,patrol,MEDIUM_CRUISE,MEDIUM_CRUISE,WAIT,IDLE,,IDLE,,,,,IDLE,,,0,0,111,no_target,按区域分级巡航,400,400,1
20.04,770.0,1490.0,1178.0,967.0,0.8669,1.7321,1.0728,0.9799,1.0263,0,0,0,0,0,0,1,29.0,393.0,1056.0,1,0,0,patrol,MEDIUM_CRUISE,MEDIUM_CRUISE,WAIT,IDLE,,IDLE,,,,,IDLE,,,0,0,111,no_target,按区域分级巡航,400,400,1
20.06,765.0,1478.0,1170.0,965.0,0.8545,1.7024,1.0461,0.9765,1.0113,0,0,0,0,0,0,1,-46.0,425.0,1054.0,1,0,0,patrol,MEDIUM_CRUISE,MEDIUM_CRUISE,WAIT,IDLE,,IDLE,,,,,IDLE,,,0,0,111,no_target,按区域分级巡航,400,400,1
20.08,758.0,1449.0,1152.0,954.0,0.839,1.6786,1.0267,0.9732,0.9999,0,0,0,0,0,0,1,-86.0,671.0,1024.0,1,0,0,patrol,MEDIUM_CRUISE,MEDIUM_CRUISE,WAIT,IDLE,,IDLE,,,,,IDLE,,,0,0,111,no_target,按区域分级巡航,400,400,1
20.1,749.0,1461.0,1152.0,952.0,0.8173,1.6448,0.983,0.9362,0.9596,0,0,0,0,0,0,1,-10.0,638.0,1041.0,1,0,0,patrol,MEDIUM_CRUISE,MEDIUM_CRUISE,WAIT,IDLE,,IDLE,,,,,IDLE,,,0,0,111,no_target,按区域分级巡航,400,400,1
20.12,738.0,1449.0,1147.0,944.0,0.7895,1.621,0.983,0.9295,0.9563,0,0,0,0,0,0,1,-20.0,771.0,1039.0,1,0,0,patrol,MEDIUM_CRUISE,MEDIUM_CRUISE,WAIT,IDLE,,IDLE,,,,,IDLE,,,0,0,111,no_target,按区域分级巡航,400,400,1
20.142,745.0,1455.0,1148.0,947.0,0.7771,1.6329,0.9733,0.9128,0.943,0,0,0,0,0,0,1,76.0,633.0,1039.0,1,0,0,patrol,MEDIUM_CRUISE,MEDIUM_CRUISE,WAIT,IDLE,,IDLE,,,,,IDLE,,,0,0,112,no_target,按区域分级巡航,400,400,1
20.162,745.0,1454.0,1131.0,954.0,0.7771,1.631,0.9709,0.9128,0.9418,0,0,0,0,0,0,1,46.0,655.0,1040.0,1,0,0,patrol,MEDIUM_CRUISE,MEDIUM_CRUISE,WAIT,IDLE,,IDLE,,,,,IDLE,,,0,0,112,no_target,按区域分级巡航,400,400,1
20.182,738.0,1444.0,1104.0,955.0,0.7771,1.631,0.932,0.9362,0.9341,0,0,0,0,0,0,1,63.0,409.0,1024.0,1,0,0,patrol,MEDIUM_CRUISE,MEDIUM_CRUISE,WAIT,IDLE,,IDLE,,,,,IDLE,,,0,0,112,no_target,按区域分级巡航,400,400,1
20.202,736.0,1427.0,1097.0,953.0,0.7554,1.6111,0.8665,0.9362,0.9014,0,0,0,0,0,0,1,-92.0,311.0,1021.0,1,1,0,patrol,MEDIUM_CRUISE,MEDIUM_CRUISE,WAIT,IDLE,,IDLE,,,,,IDLE,,,0,0,112,no_target,按区域分级巡航,400,400,1
20.222,724.0,1413.0,1084.0,937.0,0.7492,1.5774,0.8495,0.9329,0.8912,0,0,0,0,0,0,1,41.0,192.0,1036.0,1,1,0,patrol,MEDIUM_CRUISE,MEDIUM_CRUISE,WAIT,IDLE,,IDLE,,,,,IDLE,,,0,0,112,no_target,按区域分级巡航,400,400,1
20.242,715.0,1413.0,1073.0,935.0,0.7121,1.5496,0.818,0.8792,0.8486,0,0,0,0,0,0,1,264.0,819.0,1010.0,1,1,0,patrol,EDGE_AVOID,EDGE_AVOID,WAIT,IDLE,,IDLE,,,,,IDLE,,,0,0,112,no_target,前向灰度趋势变暗，提前离边,-400,-400,1
20.263,708.0,1409.0,1062.0,912.0,0.6842,1.5496,0.7913,0.8725,0.8319,0,0,0,0,0,0,1,-108.0,264.0,1039.0,1,1,0,patrol,EDGE_AVOID,EDGE_AVOID,WAIT,IDLE,,IDLE,,,,,IDLE,,,0,0,112,no_target,前向灰度趋势变暗，提前离边,-400,-400,1
20.283,697.0,1387.0,1050.0,899.0,0.6625,1.5417,0.7646,0.7953,0.7799,0,0,0,0,0,0,1,1.0,229.0,1036.0,1,1,0,patrol,EDGE_AVOID,EDGE_AVOID,WAIT,IDLE,,IDLE,,,,,IDLE,,,0,0,112,no_target,前向灰度趋势变暗，提前离边,-400,-400,1
20.303,700.0,1384.0,1036.0,905.0,0.6378,1.498,0.7354,0.7718,0.7536,0,0,0,0,0,0,1,-194.0,124.0,1020.0,1,1,0,patrol,EDGE_AVOID,EDGE_AVOID,WAIT,IDLE,,IDLE,,,,,IDLE,,,0,0,113,no_target,前向灰度趋势变暗，提前离边,-400,-400,1
20.323,696.0,1375.0,1012.0,890.0,0.6285,1.4921,0.7015,0.7517,0.7266,0,0,0,0,0,0,1,-275.0,62.0,1006.0,1,1,0,patrol,EDGE_AVOID,EDGE_AVOID,WAIT,IDLE,,IDLE,,,,,IDLE,,,0,0,113,no_target,前向灰度趋势变暗，提前离边,-400,-400,1
20.343,687.0,1357.0,988.0,874.0,0.6254,1.4742,0.6432,0.7215,0.6823,0,0,0,0,0,0,1,-90.0,50.0,1021.0,1,1,0,patrol,EDGE_AVOID,EDGE_AVOID,WAIT,IDLE,,IDLE,,,,,IDLE,,,0,0,113,no_target,前向灰度趋势变暗，提前离边,-400,-400,1
20.363,679.0,1351.0,967.0,862.0,0.5975,1.4385,0.585,0.6678,0.6327,0,0,0,0,0,0,1,-134.0,68.0,1020.0,1,1,0,patrol,EDGE_AVOID,EDGE_AVOID,WAIT,IDLE,,IDLE,,,,,IDLE,,,0,0,113,no_target,前向灰度趋势变暗，提前离边,-400,-400,1
20.383,676.0,1361.0,957.0,861.0,0.5728,1.4385,0.534,0.6275,0.6001,0,0,0,0,0,0,1,-76.0,226.0,1021.0,1,1,0,patrol,EDGE_AVOID,EDGE_AVOID,WAIT,IDLE,,IDLE,,,,,IDLE,,,0,0,113,no_target,前向灰度趋势变暗，提前离边,-400,-400,1
20.404,670.0,1358.0,945.0,861.0,0.5635,1.4405,0.5097,0.6242,0.5938,0,0,0,0,0,0,1,15.0,361.0,1039.0,1,1,0,patrol,EDGE_AVOID,EDGE_AVOID,WAIT,IDLE,,IDLE,,,,,IDLE,,,0,0,113,no_target,前向灰度趋势变暗，提前离边,-400,-400,1
20.424,668.0,1365.0,942.0,866.0,0.5449,1.4464,0.4806,0.6242,0.5845,0,0,0,0,0,0,1,-110.0,23.0,1037.0,1,1,0,patrol,EDGE_AVOID,EDGE_AVOID,WAIT,IDLE,,IDLE,,,,,IDLE,,,0,0,113,no_target,前向灰度趋势变暗，提前离边,-400,-400,1
20.445,666.0,1366.0,938.0,866.0,0.5387,1.4544,0.4733,0.6409,0.5898,0,0,0,0,0,0,1,-262.0,226.0,1037.0,1,1,0,patrol,EDGE_AVOID,EDGE_AVOID,WAIT,IDLE,,IDLE,,,,,IDLE,,,0,0,114,no_target,前向灰度趋势变暗，提前离边,-400,-400,1
20.465,667.0,1372.0,940.0,869.0,0.5356,1.4563,0.4684,0.6409,0.5883,0,0,0,0,0,0,1,-108.0,457.0,1024.0,1,1,0,patrol,EDGE_AVOID,EDGE_AVOID,WAIT,IDLE,,IDLE,,,,,IDLE,,,0,0,114,no_target,前向灰度趋势变暗，提前离边,-400,-400,1
20.485,665.0,1370.0,938.0,868.0,0.5325,1.4643,0.4636,0.6477,0.5901,0,0,0,0,0,0,1,-234.0,95.0,1038.0,1,1,0,patrol,EDGE_AVOID,EDGE_AVOID,WAIT,IDLE,,IDLE,,,,,IDLE,,,0,0,114,no_target,前向灰度趋势变暗，提前离边,-400,-400,1
20.505,663.0,1367.0,936.0,865.0,0.5294,1.4643,0.4636,0.6477,0.5885,0,0,0,0,0,0,1,-20.0,95.0,1037.0,1,1,0,patrol,EDGE_AVOID,EDGE_AVOID,WAIT,IDLE,,IDLE,,,,,IDLE,,,0,0,114,no_target,前向灰度趋势变暗，提前离边,-400,-400,1
20.525,663.0,1367.0,936.0,865.0,0.5232,1.4583,0.4587,0.6376,0.5804,0,0,0,0,0,0,1,-20.0,95.0,1037.0,1,1,0,patrol,EDGE_AVOID,EDGE_AVOID,WAIT,IDLE,,IDLE,,,,,IDLE,,,0,0,114,no_target,前向灰度趋势变暗，提前离边,-400,-400,1
20.545,664.0,1368.0,936.0,865.0,0.5232,1.4583,0.4587,0.6376,0.5804,0,0,0,0,0,0,1,-106.0,474.0,1036.0,1,1,0,patrol,EDGE_AVOID,EDGE_AVOID,WAIT,IDLE,,IDLE,,,,,IDLE,,,0,0,114,no_target,前向灰度趋势变暗，提前离边,-400,-400,1
20.566,668.0,1378.0,942.0,872.0,0.5263,1.4603,0.4587,0.6376,0.5819,0,0,0,0,0,0,1,-5.0,78.0,1038.0,1,1,0,patrol,EDGE_AVOID,EDGE_AVOID,WAIT,IDLE,,IDLE,,,,,IDLE,,,0,0,114,no_target,前向灰度趋势变暗，提前离边,-400,-400,1
20.586,661.0,1363.0,931.0,862.0,0.5263,1.4603,0.4587,0.6376,0.5819,0,0,0,0,0,0,1,-146.0,50.0,1039.0,1,1,0,patrol,EDGE_AVOID,EDGE_AVOID,WAIT,IDLE,,IDLE,,,,,IDLE,,,0,0,115,no_target,前向灰度趋势变暗，提前离边,-400,-400,1
20.606,667.0,1377.0,941.0,872.0,0.5356,1.4782,0.4709,0.6611,0.5983,0,0,0,0,0,0,1,-110.0,78.0,1029.0,1,1,0,patrol,EDGE_AVOID,EDGE_AVOID,WAIT,IDLE,,IDLE,,,,,IDLE,,,0,0,115,no_target,前向灰度趋势变暗，提前离边,-400,-400,1
20.626,664.0,1368.0,935.0,866.0,0.5263,1.4603,0.4563,0.6409,0.5836,0,0,0,0,0,0,1,76.0,226.0,1036.0,1,1,0,patrol,EDGE_AVOID,EDGE_AVOID,WAIT,IDLE,,IDLE,,,,,IDLE,,,0,0,115,no_target,前向灰度趋势变暗，提前离边,-400,-400,1
20.647,661.0,1356.0,931.0,860.0,0.5263,1.4603,0.4563,0.6409,0.5836,0,0,0,0,0,0,1,-55.0,77.0,1038.0,1,1,0,patrol,EDGE_AVOID,EDGE_AVOID,WAIT,IDLE,,IDLE,,,,,IDLE,,,0,0,115,no_target,前向灰度趋势变暗，提前离边,-400,-400,1
20.667,671.0,1369.0,944.0,864.0,0.5263,1.4603,0.4563,0.6342,0.5803,0,0,0,0,0,0,1,96.0,328.0,1036.0,1,1,0,patrol,EDGE_AVOID,EDGE_AVOID,WAIT,IDLE,,IDLE,,,,,IDLE,,,0,0,115,no_target,前向灰度趋势变暗，提前离边,-400,-400,1
20.687,672.0,1361.0,948.0,861.0,0.548,1.4464,0.4782,0.6242,0.5861,0,0,0,0,0,0,1,65.0,95.0,1016.0,1,1,0,patrol,EDGE_AVOID,EDGE_AVOID,WAIT,IDLE,,IDLE,,,,,IDLE,,,0,0,115,no_target,前向灰度趋势变暗，提前离边,-400,-400,1
20.707,678.0,1366.0,961.0,869.0,0.5511,1.4563,0.4879,0.6342,0.5927,0,0,0,0,0,0,1,27.0,50.0,1021.0,1,1,0,patrol,EDGE_AVOID,EDGE_AVOID,WAIT,IDLE,,IDLE,,,,,IDLE,,,0,0,115,no_target,前向灰度趋势变暗，提前离边,-400,-400,1
20.727,677.0,1357.0,969.0,870.0,0.5666,1.4464,0.5194,0.651,0.6088,0,0,0,0,0,0,1,165.0,40.0,1038.0,1,1,0,patrol,EDGE_AVOID,EDGE_AVOID,WAIT,IDLE,,IDLE,,,,,IDLE,,,0,0,115,no_target,前向灰度趋势变暗，提前离边,-400,-400,1
20.747,684.0,1368.0,985.0,880.0,0.5697,1.4563,0.5388,0.6544,0.612,0,0,0,0,0,0,1,-40.0,913.0,1021.0,1,1,0,patrol,EDGE_AVOID,EDGE_AVOID,WAIT,IDLE,,IDLE,,,,,IDLE,,,0,0,116,no_target,前向灰度趋势变暗，提前离边,-400,-400,1
20.767,691.0,1377.0,1004.0,892.0,0.5882,1.4603,0.5777,0.6879,0.6381,0,0,0,0,0,0,1,-152.0,210.0,1019.0,1,1,0,patrol,EDGE_AVOID,EDGE_AVOID,WAIT,IDLE,,IDLE,,,,,IDLE,,,0,0,116,no_target,前向灰度趋势变暗，提前离边,-400,-400,1
20.788,695.0,1387.0,1024.0,903.0,0.6099,1.4782,0.6238,0.7282,0.676,0,0,0,0,0,0,1,-170.0,23.0,1021.0,1,1,0,patrol,EDGE_AVOID,EDGE_AVOID,WAIT,IDLE,,IDLE,,,,,IDLE,,,0,0,116,no_target,前向灰度趋势变暗，提前离边,-400,-400,1
20.808,691.0,1391.0,1033.0,900.0,0.6099,1.498,0.6723,0.755,0.7137,0,0,0,0,0,0,1,-255.0,210.0,1038.0,1,1,0,patrol,EDGE_AVOID,EDGE_AVOID,WAIT,IDLE,,IDLE,,,,,IDLE,,,0,0,116,no_target,前向灰度趋势变暗，提前离边,-400,-400,1
20.828,694.0,1402.0,1039.0,904.0,0.6192,1.506,0.6942,0.7651,0.7296,0,0,0,0,0,0,1,-107.0,442.0,1032.0,1,1,0,patrol,EDGE_AVOID,EDGE_AVOID,WAIT,IDLE,,IDLE,,,,,IDLE,,,0,0,116,no_target,前向灰度趋势变暗，提前离边,-400,-400,1
20.848,697.0,1400.0,1042.0,920.0,0.6192,1.5238,0.7087,0.7685,0.7386,0,0,0,0,0,0,1,94.0,263.0,1036.0,1,1,0,patrol,EDGE_TURN,EDGE_TURN,WAIT,IDLE,,IDLE,,,,,IDLE,,right,0,0,116,no_target,直线退离完成，开始转向,550,-550,1
20.868,709.0,1412.0,1063.0,934.0,0.6285,1.5278,0.716,0.8221,0.7691,0,0,0,0,0,0,1,-73.0,262.0,1007.0,1,1,0,patrol,EDGE_TURN,EDGE_TURN,WAIT,IDLE,,IDLE,,,,,IDLE,,right,0,0,116,no_target,直线退离完成，开始转向,550,-550,1
20.888,714.0,1408.0,1068.0,938.0,0.6656,1.5397,0.767,0.8691,0.8181,0,0,0,0,0,0,1,-114.0,311.0,1024.0,1,1,0,patrol,EDGE_TURN,EDGE_TURN,WAIT,IDLE,,IDLE,,,,,IDLE,,right,0,0,116,no_target,直线退离完成，开始转向,550,-550,1
20.908,728.0,1433.0,1082.0,953.0,0.6811,1.5476,0.7791,0.8826,0.8308,0,0,0,0,0,0,1,-93.0,687.0,1048.0,1,1,0,patrol,EDGE_TURN,EDGE_TURN,WAIT,IDLE,,IDLE,,,,,IDLE,,right,0,0,117,no_target,直线退离完成，开始转向,550,-550,1
20.929,728.0,1445.0,1084.0,951.0,0.7245,1.5893,0.8131,0.9262,0.8696,0,0,0,0,0,0,1,-164.0,313.0,1022.0,1,1,0,patrol,EDGE_TURN,EDGE_TURN,WAIT,IDLE,,IDLE,,,,,IDLE,,right,0,0,117,no_target,直线退离完成，开始转向,550,-550,1
20.949,732.0,1448.0,1098.0,944.0,0.7245,1.6131,0.818,0.9262,0.8721,0,0,0,0,0,0,1,-77.0,392.0,1040.0,1,1,0,patrol,EDGE_TURN,EDGE_TURN,WAIT,IDLE,,IDLE,,,,,IDLE,,right,0,0,117,no_target,直线退离完成，开始转向,550,-550,1
20.969,737.0,1450.0,1116.0,940.0,0.7368,1.619,0.8519,0.9027,0.8773,0,0,0,0,0,0,1,95.0,493.0,1052.0,1,1,0,patrol,EDGE_TURN,EDGE_TURN,WAIT,IDLE,,IDLE,,,,,IDLE,,right,0,0,117,no_target,直线退离完成，开始转向,550,-550,1
20.989,737.0,1453.0,1134.0,945.0,0.7523,1.623,0.8956,0.9027,0.8992,0,0,0,0,0,0,1,15.0,976.0,1025.0,1,1,0,patrol,EDGE_TURN,EDGE_TURN,WAIT,IDLE,,IDLE,,,,,IDLE,,right,0,0,117,no_target,直线退离完成，开始转向,550,-550,1
21.009,732.0,1452.0,1136.0,943.0,0.7523,1.627,0.9393,0.8993,0.9193,0,0,0,0,0,0,1,-22.0,62.0,1053.0,1,1,0,patrol,EDGE_TURN,EDGE_TURN,WAIT,IDLE,,IDLE,,,,,IDLE,,right,0,0,117,no_target,直线退离完成，开始转向,550,-550,1
21.029,732.0,1454.0,1136.0,947.0,0.7368,1.629,0.9442,0.906,0.9251,0,0,0,0,0,0,1,-5.0,408.0,1040.0,1,1,0,patrol,EDGE_TURN,EDGE_TURN,WAIT,IDLE,,IDLE,,,,,IDLE,,right,0,0,117,no_target,直线退离完成，开始转向,550,-550,1
21.05,732.0,1454.0,1136.0,947.0,0.7368,1.631,0.9442,0.9128,0.9285,0,0,0,0,0,0,1,-5.0,408.0,1040.0,1,1,0,patrol,EDGE_TURN,EDGE_TURN,WAIT,IDLE,,IDLE,,,,,IDLE,,right,0,0,118,no_target,直线退离完成，开始转向,550,-550,1
21.07,742.0,1472.0,1147.0,960.0,0.7368,1.631,0.9442,0.9128,0.9285,0,0,0,0,0,0,1,-174.0,342.0,1038.0,1,1,0,patrol,EDGE_TURN,EDGE_TURN,WAIT,IDLE,,IDLE,,,,,IDLE,,right,0,0,118,no_target,直线退离完成，开始转向,550,-550,1
21.09,743.0,1474.0,1144.0,960.0,0.7678,1.6667,0.9636,0.9564,0.96,0,0,0,0,0,0,1,-9.0,1123.0,1041.0,1,0,0,patrol,EDGE_TURN,EDGE_TURN,WAIT,IDLE,,IDLE,,,,,IDLE,,right,0,0,118,no_target,直线退离完成，开始转向,550,-550,1
21.11,749.0,1478.0,1143.0,971.0,0.7709,1.6706,0.9636,0.9564,0.96,0,0,0,0,0,0,1,22.0,111.0,1006.0,1,0,0,patrol,EDGE_TURN,EDGE_TURN,WAIT,IDLE,,IDLE,,,,,IDLE,,right,0,0,118,no_target,直线退离完成，开始转向,550,-550,1
21.13,749.0,1473.0,1134.0,961.0,0.7895,1.6706,0.9612,0.9597,0.9604,0,0,0,0,0,0,1,37.0,376.0,1019.0,1,0,0,patrol,EDGE_TURN,EDGE_TURN,WAIT,IDLE,,IDLE,,,,,IDLE,,right,0,0,118,no_target,直线退离完成，开始转向,550,-550,1
21.15,759.0,1496.0,1145.0,972.0,0.7895,1.6786,0.9612,0.9933,0.9772,0,0,0,0,0,0,1,84.0,343.0,1035.0,1,0,0,patrol,EDGE_TURN,EDGE_TURN,WAIT,IDLE,,IDLE,,,,,IDLE,,right,0,0,118,no_target,直线退离完成，开始转向,550,-550,1
21.17,765.0,1509.0,1147.0,978.0,0.8204,1.7143,0.966,0.9966,0.9813,0,0,0,0,0,0,1,-4.0,361.0,1024.0,1,0,0,patrol,EDGE_TURN,EDGE_TURN,WAIT,IDLE,,IDLE,,,,,IDLE,,right,0,0,118,no_target,直线退离完成，开始转向,550,-550,1
21.19,761.0,1508.0,1138.0,976.0,0.8266,1.7381,0.966,1.0101,0.988,0,0,0,0,0,0,1,-25.0,608.0,1024.0,1,0,0,patrol,EDGE_TURN,EDGE_TURN,WAIT,IDLE,,IDLE,,,,,IDLE,,right,0,0,119,no_target,直线退离完成，开始转向,550,-550,1
21.211,767.0,1526.0,1149.0,986.0,0.839,1.7401,0.9709,1.0168,0.9938,0,0,0,0,0,0,1,-5.0,376.0,1021.0,1,0,0,patrol,EDGE_TURN,EDGE_TURN,WAIT,IDLE,,IDLE,,,,,IDLE,,right,0,0,119,no_target,直线退离完成，开始转向,550,-550,1
21.231,770.0,1531.0,1155.0,992.0,0.8452,1.7738,0.9757,1.0436,1.0097,0,1,0,0,0,0,1,-4.0,409.0,1021.0,1,0,0,patrol,EDGE_TURN,EDGE_TURN,WAIT,IDLE,,IDLE,,,,,IDLE,,right,0,0,119,no_target,直线退离完成，开始转向,550,-550,1
21.251,775.0,1549.0,1163.0,1008.0,0.8545,1.7837,0.9903,1.0638,1.027,0,1,0,0,0,0,1,802.0,410.0,1024.0,1,0,0,patrol,EDGE_TURN,EDGE_TURN,WAIT,IDLE,,IDLE,,,,,IDLE,,right,0,0,119,no_target,直线退离完成，开始转向,550,-550,1
21.271,775.0,1565.0,1169.0,1018.0,0.87,1.8194,1.0097,1.1174,1.0636,0,1,0,1,0,0,1,-4.0,1154.0,1026.0,1,0,0,patrol,EDGE_TURN,EDGE_TURN,WAIT,IDLE,,IDLE,,,,,IDLE,,right,0,0,119,no_target,直线退离完成，开始转向,550,-550,1
21.291,781.0,1586.0,1184.0,1036.0,0.87,1.8512,1.0243,1.151,1.0876,0,1,0,0,0,0,1,-4.0,494.0,1039.0,1,0,0,patrol,EDGE_TURN,EDGE_TURN,WAIT,IDLE,,IDLE,,,,,IDLE,,right,0,0,119,no_target,直线退离完成，开始转向,550,-550,1
21.311,778.0,1590.0,1181.0,1030.0,0.8793,1.8929,1.0534,1.1913,1.1223,0,1,0,0,0,0,1,-5.0,622.0,1024.0,1,0,0,patrol,EDGE_TURN,EDGE_TURN,WAIT,IDLE,,IDLE,,,,,IDLE,,right,0,0,119,no_target,直线退离完成，开始转向,550,-550,1
21.331,783.0,1601.0,1188.0,1046.0,0.8885,1.9008,1.0607,1.2114,1.136,0,1,0,0,0,0,1,8.0,280.0,1040.0,1,0,0,patrol,EDGE_TURN,EDGE_TURN,WAIT,IDLE,,IDLE,,,,,IDLE,,right,0,0,120,no_target,直线退离完成，开始转向,550,-550,1
21.351,788.0,1610.0,1192.0,1060.0,0.8947,1.9226,1.0704,1.245,1.1577,0,1,0,0,0,0,1,-3.0,394.0,1024.0,1,0,0,patrol,EDGE_TURN,EDGE_TURN,WAIT,IDLE,,IDLE,,,,,IDLE,,right,0,0,120,no_target,直线退离完成，开始转向,550,-550,1
21.372,780.0,1586.0,1178.0,1063.0,0.8947,1.9226,1.0704,1.2919,1.1812,0,1,0,0,0,0,1,-3.0,279.0,1062.0,1,0,0,patrol,EDGE_TURN,EDGE_TURN,WAIT,IDLE,,IDLE,,,,,IDLE,,right,0,0,120,no_target,直线退离完成，开始转向,550,-550,1
21.392,787.0,1587.0,1180.0,1078.0,0.9071,1.8948,1.051,1.302,1.1765,0,1,0,0,0,0,1,323.0,247.0,1022.0,1,0,0,patrol,EDGE_TURN,EDGE_TURN,WAIT,IDLE,,IDLE,,,,,IDLE,,right,0,0,120,no_target,直线退离完成，开始转向,550,-550,1
21.413,792.0,1601.0,1182.0,1083.0,0.9071,1.8948,1.051,1.3523,1.2017,0,1,0,0,0,0,1,24.0,624.0,1024.0,1,0,0,patrol,EDGE_TURN,EDGE_TURN,WAIT,IDLE,,IDLE,,,,,IDLE,,right,0,0,120,no_target,直线退离完成，开始转向,550,-550,1
21.433,791.0,1594.0,1174.0,1071.0,0.9195,1.9087,1.051,1.3523,1.2017,0,1,0,0,0,0,1,134.0,452.0,1039.0,1,0,0,patrol,EDGE_TURN,EDGE_TURN,WAIT,IDLE,,IDLE,,,,,IDLE,,right,0,0,120,no_target,直线退离完成，开始转向,550,-550,1
21.453,790.0,1595.0,1174.0,1073.0,0.9195,1.9107,1.0364,1.3356,1.186,0,0,0,0,0,0,1,-76.0,458.0,1054.0,1,0,0,patrol,EDGE_TURN,EDGE_TURN,WAIT,IDLE,,IDLE,,,,,IDLE,,right,0,0,120,no_target,直线退离完成，开始转向,550,-550,1
21.473,797.0,1606.0,1179.0,1083.0,0.9195,1.9107,1.0364,1.3356,1.186,0,0,0,0,0,0,1,101.0,443.0,1103.0,1,0,0,patrol,EDGE_TURN,EDGE_TURN,WAIT,IDLE,,IDLE,,,,,IDLE,,right,0,0,121,no_target,直线退离完成，开始转向,550,-550,1
21.494,793.0,1589.0,1168.0,1073.0,0.9257,1.9107,1.0364,1.3356,1.186,0,0,0,0,0,0,1,-4.0,459.0,1068.0,1,0,0,patrol,EDGE_TURN,EDGE_TURN,WAIT,IDLE,,IDLE,,,,,IDLE,,right,0,0,121,no_target,直线退离完成，开始转向,550,-550,1
21.514,795.0,1585.0,1164.0,1080.0,0.9319,1.8988,1.0218,1.3591,1.1905,0,0,0,0,0,0,1,-77.0,496.0,1068.0,1,0,0,patrol,EDGE_TURN,EDGE_TURN,WAIT,IDLE,,IDLE,,,,,IDLE,,right,0,0,121,no_target,直线退离完成，开始转向,550,-550,1
21.534,795.0,1585.0,1164.0,1080.0,0.9319,1.8909,1.0121,1.3591,1.1856,0,0,0,0,0,0,1,-77.0,496.0,1068.0,1,0,0,patrol,EDGE_TURN,EDGE_TURN,WAIT,IDLE,,IDLE,,,,,IDLE,,right,0,0,121,no_target,直线退离完成，开始转向,550,-550,1
21.554,798.0,1587.0,1164.0,1095.0,0.9319,1.8909,1.0121,1.3591,1.1856,0,0,0,0,0,0,1,-4.0,772.0,1072.0,1,0,0,patrol,EDGE_TURN,EDGE_TURN,WAIT,IDLE,,IDLE,,,,,IDLE,,right,0,0,121,no_target,直线退离完成，开始转向,550,-550,1
21.575,797.0,1577.0,1158.0,1094.0,0.9381,1.8909,1.0121,1.406,1.2091,0,0,0,0,0,0,1,23.0,526.0,1072.0,1,0,0,patrol,EDGE_TURN,EDGE_TURN,WAIT,IDLE,,IDLE,,,,,IDLE,,right,0,0,121,no_target,直线退离完成，开始转向,550,-550,1
21.595,803.0,1580.0,1162.0,1099.0,0.9412,1.881,1.0073,1.4094,1.2083,0,0,0,0,0,0,1,52.0,836.0,1078.0,1,0,0,patrol,EDGE_TURN,EDGE_TURN,WAIT,IDLE,,IDLE,,,,,IDLE,,right,0,0,121,no_target,直线退离完成，开始转向,550,-550,1
21.615,810.0,1580.0,1159.0,1088.0,0.9567,1.881,1.0,1.406,1.203,0,0,0,0,0,0,1,69.0,377.0,1052.0,1,0,0,patrol,EDGE_TURN,EDGE_TURN,WAIT,IDLE,,IDLE,,,,,IDLE,,right,0,0,122,no_target,直线退离完成，开始转向,550,-550,1
21.635,820.0,1583.0,1160.0,1098.0,0.9783,1.881,1.0024,1.4195,1.2109,0,0,0,0,0,0,1,155.0,441.0,1070.0,1,0,0,patrol,EDGE_TURN,EDGE_TURN,WAIT,IDLE,,IDLE,,,,,IDLE,,right,0,0,122,no_target,直线退离完成，开始转向,550,-550,1
21.655,824.0,1587.0,1162.0,1113.0,1.0093,1.8869,1.0024,1.4195,1.2144,0,0,0,0,0,0,1,-262.0,654.0,1068.0,1,0,0,patrol,RECOVER_FORWARD,RECOVER_FORWARD,WAIT,IDLE,,IDLE,,,,,IDLE,,,0,0,122,no_target,转向完成，向前离开边缘,400,400,1
21.675,824.0,1585.0,1155.0,1131.0,1.0217,1.8909,1.0024,1.4698,1.2457,0,0,0,0,0,0,1,-132.0,640.0,1054.0,1,0,0,patrol,RECOVER_FORWARD,RECOVER_FORWARD,WAIT,IDLE,,IDLE,,,,,IDLE,,,0,0,122,no_target,转向完成，向前离开边缘,400,400,1
21.696,827.0,1585.0,1155.0,1148.0,1.0217,1.8909,0.9903,1.5302,1.2759,0,0,0,0,0,0,1,-32.0,426.0,1070.0,1,0,0,patrol,RECOVER_FORWARD,RECOVER_FORWARD,WAIT,IDLE,,IDLE,,,,,IDLE,,,0,0,122,no_target,转向完成，向前离开边缘,400,400,1
21.716,837.0,1589.0,1158.0,1164.0,1.031,1.8909,0.9903,1.5872,1.3091,0,0,0,0,0,0,1,-15.0,327.0,1024.0,1,0,0,patrol,RECOVER_FORWARD,RECOVER_FORWARD,WAIT,IDLE,,IDLE,,,,,IDLE,,,0,0,122,no_target,转向完成，向前离开边缘,400,400,1
21.736,843.0,1586.0,1156.0,1167.0,1.0619,1.8929,0.9927,1.6409,1.3514,0,0,0,0,0,0,1,-4.0,346.0,1036.0,1,0,0,patrol,RECOVER_FORWARD,RECOVER_FORWARD,WAIT,IDLE,,IDLE,,,,,IDLE,,,0,0,122,no_target,转向完成，向前离开边缘,400,400,1
21.756,848.0,1589.0,1163.0,1169.0,1.0805,1.8988,0.9976,1.651,1.3658,0,0,0,0,0,0,1,24.0,772.0,1055.0,1,0,0,patrol,RECOVER_FORWARD,RECOVER_FORWARD,WAIT,IDLE,,IDLE,,,,,IDLE,,,0,0,122,no_target,转向完成，向前离开边缘,400,400,1
21.776,855.0,1602.0,1171.0,1179.0,1.096,1.8988,1.0097,1.6577,1.3768,0,0,0,0,0,0,1,5.0,226.0,1054.0,1,0,0,patrol,RECOVER_FORWARD,RECOVER_FORWARD,WAIT,IDLE,,IDLE,,,,,IDLE,,,0,0,123,no_target,转向完成，向前离开边缘,400,400,1
21.796,855.0,1593.0,1164.0,1177.0,1.1176,1.9067,1.0121,1.6846,1.4011,0,0,0,0,0,0,1,-33.0,730.0,1041.0,1,0,0,patrol,RECOVER_FORWARD,RECOVER_FORWARD,WAIT,IDLE,,IDLE,,,,,IDLE,,,0,0,123,no_target,转向完成，向前离开边缘,400,400,1
21.817,864.0,1605.0,1170.0,1184.0,1.1176,1.9246,1.0267,1.6913,1.4045,0,0,0,0,0,0,1,6.0,361.0,1051.0,1,0,0,patrol,RECOVER_FORWARD,RECOVER_FORWARD,WAIT,IDLE,,IDLE,,,,,IDLE,,,0,0,123,no_target,转向完成，向前离开边缘,400,400,1
21.837,868.0,1607.0,1170.0,1189.0,1.1455,1.9306,1.0267,1.7081,1.4268,0,0,0,0,0,0,1,-59.0,543.0,1037.0,1,0,0,patrol,RECOVER_FORWARD,RECOVER_FORWARD,WAIT,IDLE,,IDLE,,,,,IDLE,,,0,0,123,no_target,转向完成，向前离开边缘,400,400,1
21.857,869.0,1606.0,1171.0,1189.0,1.1579,1.9325,1.0267,1.7248,1.4414,0,0,0,0,0,0,1,15.0,788.0,1057.0,1,0,0,patrol,RECOVER_FORWARD,RECOVER_FORWARD,WAIT,IDLE,,IDLE,,,,,IDLE,,,0,0,123,no_target,转向完成，向前离开边缘,400,400,1
21.877,872.0,1600.0,1169.0,1187.0,1.161,1.9325,1.0267,1.7248,1.4429,0,0,0,0,0,0,1,96.0,1138.0,1058.0,1,0,0,patrol,RECOVER_FORWARD,RECOVER_FORWARD,WAIT,IDLE,,IDLE,,,,,IDLE,,,0,0,123,no_target,转向完成，向前离开边缘,400,400,1
21.897,872.0,1598.0,1167.0,1184.0,1.1703,1.9206,1.0243,1.7181,1.4442,0,0,0,0,0,0,1,7.0,393.0,1051.0,1,0,0,patrol,RECOVER_FORWARD,RECOVER_FORWARD,WAIT,IDLE,,IDLE,,,,,IDLE,,,0,0,123,no_target,转向完成，向前离开边缘,400,400,1
21.917,878.0,1609.0,1173.0,1197.0,1.1703,1.9206,1.0243,1.7181,1.4442,0,0,0,0,0,0,1,164.0,248.0,1035.0,1,0,0,patrol,RECOVER_FORWARD,RECOVER_FORWARD,WAIT,IDLE,,IDLE,,,,,IDLE,,,0,0,124,no_target,转向完成，向前离开边缘,400,400,1
21.937,869.0,1592.0,1160.0,1185.0,1.1703,1.9167,1.0194,1.7114,1.4408,0,0,0,0,0,0,1,1.0,232.0,1039.0,1,0,0,patrol,RECOVER_FORWARD,RECOVER_FORWARD,WAIT,IDLE,,IDLE,,,,,IDLE,,,0,0,124,no_target,转向完成，向前离开边缘,400,400,1
21.958,864.0,1582.0,1153.0,1181.0,1.161,1.9048,1.0024,1.7114,1.4362,0,0,0,0,0,0,1,-3.0,233.0,1064.0,1,0,0,patrol,RECOVER_FORWARD,RECOVER_FORWARD,WAIT,IDLE,,IDLE,,,,,IDLE,,,0,0,124,no_target,转向完成，向前离开边缘,400,400,1
21.978,860.0,1578.0,1145.0,1179.0,1.1455,1.8849,0.9854,1.698,1.4217,0,0,0,0,0,0,1,181.0,345.0,1038.0,1,0,0,patrol,RECOVER_FORWARD,RECOVER_FORWARD,WAIT,IDLE,,IDLE,,,,,IDLE,,,0,0,124,no_target,转向完成，向前离开边缘,400,400,1
21.998,854.0,1569.0,1134.0,1174.0,1.1331,1.877,0.966,1.6913,1.4122,0,0,0,0,0,0,1,-4.0,280.0,1038.0,1,0,0,patrol,RECOVER_FORWARD,RECOVER_FORWARD,WAIT,IDLE,,IDLE,,,,,IDLE,,,0,0,124,no_target,转向完成，向前离开边缘,400,400,1
22.018,858.0,1577.0,1135.0,1182.0,1.1269,1.875,0.9417,1.6913,1.4091,0,0,0,0,0,0,1,107.0,772.0,1041.0,1,0,0,patrol,RECOVER_FORWARD,RECOVER_FORWARD,WAIT,IDLE,,IDLE,,,,,IDLE,,,0,0,124,no_target,转向完成，向前离开边缘,400,400,1
22.038,855.0,1572.0,1128.0,1178.0,1.1176,1.8651,0.9393,1.6879,1.4028,0,0,0,0,0,0,1,-5.0,111.0,1037.0,1,0,0,patrol,RECOVER_FORWARD,RECOVER_FORWARD,WAIT,IDLE,,IDLE,,,,,IDLE,,,0,0,124,no_target,转向完成，向前离开边缘,400,400,1
22.058,858.0,1576.0,1129.0,1180.0,1.1269,1.873,0.9272,1.6946,1.4108,0,0,0,0,0,0,1,8.0,670.0,1019.0,1,0,0,patrol,RECOVER_FORWARD,RECOVER_FORWARD,WAIT,IDLE,,IDLE,,,,,IDLE,,,0,0,125,no_target,转向完成，向前离开边缘,400,400,1
22.078,858.0,1576.0,1129.0,1180.0,1.1269,1.873,0.9272,1.6946,1.4108,0,0,0,0,0,0,1,8.0,670.0,1019.0,1,0,0,patrol,RECOVER_FORWARD,RECOVER_FORWARD,WAIT,IDLE,,IDLE,,,,,IDLE,,,0,0,125,no_target,转向完成，向前离开边缘,400,400,1
22.099,856.0,1575.0,1130.0,1176.0,1.1269,1.873,0.9272,1.6946,1.4108,0,0,0,0,0,0,1,-9.0,559.0,1040.0,1,0,0,patrol,RECOVER_FORWARD,RECOVER_FORWARD,WAIT,IDLE,,IDLE,,,,,IDLE,,,0,0,125,no_target,转向完成，向前离开边缘,400,400,1
22.119,859.0,1583.0,1140.0,1178.0,1.1269,1.873,0.9296,1.6879,1.4074,0,0,0,0,0,0,1,-75.0,377.0,1024.0,1,0,0,patrol,RECOVER_FORWARD,RECOVER_FORWARD,WAIT,IDLE,,IDLE,,,,,IDLE,,,0,0,125,no_target,转向完成，向前离开边缘,400,400,1
22.139,848.0,1569.0,1132.0,1160.0,1.1207,1.871,0.9345,1.6812,1.401,0,0,0,0,0,0,1,-32.0,394.0,1036.0,1,0,0,patrol,RECOVER_FORWARD,RECOVER_FORWARD,WAIT,IDLE,,IDLE,,,,,IDLE,,,0,0,125,no_target,转向完成，向前离开边缘,400,400,1
22.159,852.0,1572.0,1137.0,1164.0,1.1084,1.8651,0.9466,1.6409,1.3746,0,0,0,0,0,0,1,-20.0,412.0,1068.0,1,0,0,patrol,RECOVER_FORWARD,RECOVER_FORWARD,WAIT,IDLE,,IDLE,,,,,IDLE,,,0,0,125,no_target,转向完成，向前离开边缘,400,400,1
22.179,855.0,1576.0,1142.0,1169.0,1.1084,1.8651,0.9466,1.6409,1.3746,0,0,0,0,0,0,1,-5.0,591.0,1056.0,1,0,0,patrol,RECOVER_FORWARD,RECOVER_FORWARD,WAIT,IDLE,,IDLE,,,,,IDLE,,,0,0,125,no_target,转向完成，向前离开边缘,400,400,1
22.2,843.0,1558.0,1134.0,1157.0,1.1084,1.8651,0.9466,1.6409,1.3746,0,0,0,0,0,0,1,35.0,427.0,1038.0,1,0,0,patrol,RECOVER_FORWARD,RECOVER_FORWARD,WAIT,IDLE,,IDLE,,,,,IDLE,,,0,0,125,no_target,转向完成，向前离开边缘,400,400,1
22.22,840.0,1557.0,1144.0,1163.0,1.0805,1.8373,0.9587,1.6376,1.359,0,0,0,0,0,0,1,-4.0,441.0,1053.0,1,0,0,patrol,RECOVER_FORWARD,RECOVER_FORWARD,WAIT,IDLE,,IDLE,,,,,IDLE,,,0,0,126,no_target,转向完成，向前离开边缘,400,400,1
22.24,835.0,1541.0,1145.0,1161.0,1.0712,1.8353,0.9636,1.6309,1.351,0,0,0,0,0,0,1,-3.0,128.0,1070.0,1,0,0,patrol,RECOVER_FORWARD,RECOVER_FORWARD,WAIT,IDLE,,IDLE,,,,,IDLE,,,0,0,126,no_target,转向完成，向前离开边缘,400,400,1
22.261,825.0,1530.0,1136.0,1147.0,1.0557,1.8036,0.9636,1.6309,1.3433,0,0,0,0,0,0,1,-33.0,329.0,1071.0,1,0,0,patrol,RECOVER_FORWARD,RECOVER_FORWARD,WAIT,IDLE,,IDLE,,,,,IDLE,,,0,0,126,no_target,转向完成，向前离开边缘,400,400,1
22.281,821.0,1544.0,1141.0,1146.0,1.0248,1.8036,0.9563,1.5839,1.3043,0,0,0,0,0,0,1,-126.0,702.0,1112.0,1,0,0,patrol,RECOVER_FORWARD,RECOVER_FORWARD,WAIT,IDLE,,IDLE,,,,,IDLE,,,0,0,126,no_target,转向完成，向前离开边缘,400,400,1
22.301,811.0,1543.0,1136.0,1140.0,1.0124,1.8075,0.9442,1.5805,1.2965,0,0,0,0,0,0,1,34.0,606.0,1098.0,1,0,0,patrol,RECOVER_FORWARD,RECOVER_FORWARD,WAIT,IDLE,,IDLE,,,,,IDLE,,,0,0,126,no_target,转向完成，向前离开边缘,400,400,1
22.321,805.0,1534.0,1130.0,1136.0,0.9814,1.8075,0.9442,1.5604,1.2709,0,0,0,0,0,0,1,-16.0,328.0,1086.0,1,0,0,patrol,RECOVER_FORWARD,RECOVER_FORWARD,WAIT,IDLE,,IDLE,,,,,IDLE,,,0,0,126,no_target,转向完成，向前离开边缘,400,400,1
22.342,802.0,1531.0,1129.0,1132.0,0.9628,1.7897,0.9296,1.547,1.2549,0,0,0,0,0,0,1,7.0,394.0,1102.0,1,0,0,patrol,RECOVER_FORWARD,RECOVER_FORWARD,WAIT,IDLE,,IDLE,,,,,IDLE,,,0,0,126,no_target,转向完成，向前离开边缘,400,400,1
22.362,808.0,1545.0,1130.0,1141.0,0.9628,1.7897,0.9296,1.547,1.2549,0,0,0,0,0,0,1,-8.0,756.0,1100.0,1,0,0,patrol,RECOVER_FORWARD,RECOVER_FORWARD,WAIT,IDLE,,IDLE,,,,,IDLE,,,0,0,127,no_target,转向完成，向前离开边缘,400,400,1
22.382,805.0,1544.0,1124.0,1152.0,0.9628,1.8095,0.9272,1.5638,1.2633,0,0,0,0,0,0,1,-3.0,458.0,1087.0,1,0,0,patrol,RECOVER_FORWARD,RECOVER_FORWARD,WAIT,IDLE,,IDLE,,,,,IDLE,,,0,0,127,no_target,转向完成，向前离开边缘,400,400,1
22.403,804.0,1532.0,1123.0,1154.0,0.9628,1.8095,0.915,1.6007,1.2818,0,0,0,0,0,0,1,-40.0,607.0,1056.0,1,0,0,patrol,RECOVER_FORWARD,RECOVER_FORWARD,WAIT,IDLE,,IDLE,,,,,IDLE,,,0,0,127,no_target,转向完成，向前离开边缘,400,400,1
22.423,801.0,1523.0,1111.0,1140.0,0.9598,1.7857,0.9126,1.6007,1.2802,0,0,0,0,0,0,1,-10.0,426.0,1069.0,1,0,0,patrol,RECOVER_FORWARD,RECOVER_FORWARD,WAIT,IDLE,,IDLE,,,,,IDLE,,,0,0,127,no_target,转向完成，向前离开边缘,400,400,1
22.443,807.0,1522.0,1104.0,1126.0,0.9598,1.7679,0.8835,1.5604,1.2601,0,0,0,0,0,0,1,22.0,787.0,1070.0,1,0,0,patrol,RECOVER_FORWARD,RECOVER_FORWARD,WAIT,IDLE,,IDLE,,,,,IDLE,,,0,0,127,no_target,转向完成，向前离开边缘,400,400,1
22.463,804.0,1499.0,1103.0,1115.0,0.9598,1.7659,0.8665,1.5134,1.2366,0,0,0,0,0,0,1,-3.0,377.0,1039.0,1,0,0,patrol,RECOVER_FORWARD,RECOVER_FORWARD,WAIT,IDLE,,IDLE,,,,,IDLE,,,0,0,127,no_target,转向完成，向前离开边缘,400,400,1
22.483,797.0,1508.0,1111.0,1116.0,0.9598,1.7381,0.8665,1.4799,1.2198,0,0,0,0,0,0,1,1.0,427.0,1056.0,1,0,0,patrol,RECOVER_FORWARD,RECOVER_FORWARD,WAIT,IDLE,,IDLE,,,,,IDLE,,,0,0,127,no_target,转向完成，向前离开边缘,400,400,1
22.504,787.0,1514.0,1109.0,1113.0,0.9381,1.7381,0.8786,1.4765,1.2073,0,0,0,0,0,0,1,10.0,378.0,1053.0,1,0,0,patrol,RECOVER_FORWARD,RECOVER_FORWARD,WAIT,IDLE,,IDLE,,,,,IDLE,,,0,0,127,no_target,转向完成，向前离开边缘,400,400,1
22.524,786.0,1524.0,1113.0,1121.0,0.9071,1.75,0.8835,1.4799,1.1935,0,0,0,0,0,0,1,-205.0,210.0,1059.0,1,0,0,patrol,RECOVER_FORWARD,RECOVER_FORWARD,WAIT,IDLE,,IDLE,,,,,IDLE,,,0,0,128,no_target,转向完成，向前离开边缘,400,400,1
22.544,780.0,1517.0,1111.0,1108.0,0.904,1.756,0.8835,1.4698,1.1869,0,0,0,0,0,0,1,7.0,589.0,1024.0,1,0,0,patrol,RECOVER_FORWARD,RECOVER_FORWARD,WAIT,IDLE,,IDLE,,,,,IDLE,,,0,0,128,no_target,转向完成，向前离开边缘,400,400,1
22.565,775.0,1510.0,1107.0,1095.0,0.8854,1.756,0.8835,1.453,1.1692,0,0,0,0,0,0,1,26.0,329.0,1024.0,1,0,0,patrol,RECOVER_FORWARD,RECOVER_FORWARD,WAIT,IDLE,,IDLE,,,,,IDLE,,,0,0,128,no_target,转向完成，向前离开边缘,400,400,1
22.585,768.0,1505.0,1097.0,1091.0,0.87,1.7421,0.8738,1.4094,1.1416,0,0,0,0,0,0,1,5.0,312.0,1021.0,1,0,0,patrol,RECOVER_FORWARD,RECOVER_FORWARD,WAIT,IDLE,,IDLE,,,,,IDLE,,,0,0,128,no_target,转向完成，向前离开边缘,400,400,1
22.605,764.0,1485.0,1088.0,1078.0,0.8483,1.7321,0.8495,1.396,1.1227,0,0,0,0,0,0,1,36.0,543.0,1022.0,1,0,0,patrol,RECOVER_FORWARD,RECOVER_FORWARD,WAIT,IDLE,,IDLE,,,,,IDLE,,,0,0,128,no_target,转向完成，向前离开边缘,400,400,1
22.626,764.0,1491.0,1085.0,1072.0,0.8359,1.7044,0.8277,1.3523,1.0941,0,0,0,0,0,0,1,-18.0,160.0,1024.0,1,0,0,patrol,RECOVER_FORWARD,RECOVER_FORWARD,WAIT,IDLE,,IDLE,,,,,IDLE,,,0,0,128,no_target,转向完成，向前离开边缘,400,400,1
22.646,754.0,1464.0,1074.0,1070.0,0.8359,1.6925,0.8204,1.3322,1.0841,0,0,0,0,0,0,1,8.0,278.0,1048.0,1,0,0,patrol,RECOVER_FORWARD,RECOVER_FORWARD,WAIT,IDLE,,IDLE,,,,,IDLE,,,0,0,128,no_target,转向完成，向前离开边缘,400,400,1
22.666,754.0,1464.0,1074.0,1070.0,0.805,1.6508,0.7937,1.3255,1.0652,0,0,0,0,0,0,1,8.0,278.0,1048.0,1,0,0,patrol,RECOVER_FORWARD,RECOVER_FORWARD,WAIT,IDLE,,IDLE,,,,,IDLE,,,0,0,129,no_target,转向完成，向前离开边缘,400,400,1
22.686,745.0,1461.0,1075.0,1076.0,0.805,1.6508,0.7937,1.3255,1.0652,0,0,0,0,0,0,1,-4.0,558.0,1021.0,1,0,0,patrol,RECOVER_FORWARD,RECOVER_FORWARD,WAIT,IDLE,,IDLE,,,,,IDLE,,,0,0,129,no_target,转向完成，向前离开边缘,400,400,1
22.706,736.0,1450.0,1080.0,1060.0,0.7771,1.6448,0.7961,1.3255,1.0608,0,0,0,0,0,0,1,13.0,232.0,1007.0,1,0,0,patrol,RECOVER_FORWARD,RECOVER_FORWARD,WAIT,IDLE,,IDLE,,,,,IDLE,,,0,0,129,no_target,转向完成，向前离开边缘,400,400,1
22.727,735.0,1446.0,1070.0,1045.0,0.7492,1.623,0.7961,1.2919,1.044,0,0,0,0,0,0,1,-55.0,1012.0,1011.0,1,1,0,patrol,RECOVER_FORWARD,RECOVER_FORWARD,WAIT,IDLE,,IDLE,,,,,IDLE,,,0,0,129,no_target,转向完成，向前离开边缘,400,400,1
22.747,736.0,1434.0,1048.0,1038.0,0.7492,1.6151,0.784,1.2416,1.0128,0,0,0,0,0,0,1,-4.0,210.0,1021.0,1,1,0,patrol,RECOVER_FORWARD,RECOVER_FORWARD,WAIT,IDLE,,IDLE,,,,,IDLE,,,0,0,129,no_target,转向完成，向前离开边缘,400,400,1
22.767,730.0,1429.0,1051.0,1031.0,0.7461,1.5913,0.7379,1.2181,0.9821,0,0,0,0,0,0,1,132.0,193.0,1021.0,1,1,0,patrol,RECOVER_FORWARD,RECOVER_FORWARD,WAIT,IDLE,,IDLE,,,,,IDLE,,,0,0,129,no_target,转向完成，向前离开边缘,400,400,1
22.787,728.0,1436.0,1056.0,1024.0,0.7307,1.5913,0.7379,1.1946,0.9662,0,0,0,0,0,0,1,0.0,977.0,1042.0,1,1,0,patrol,RECOVER_FORWARD,RECOVER_FORWARD,WAIT,IDLE,,IDLE,,,,,IDLE,,,0,0,129,no_target,转向完成，向前离开边缘,400,400,1
22.807,722.0,1441.0,1041.0,1012.0,0.7245,1.5952,0.7379,1.1711,0.9545,0,0,0,0,0,0,1,98.0,176.0,1024.0,1,1,0,patrol,RECOVER_FORWARD,RECOVER_FORWARD,WAIT,IDLE,,IDLE,,,,,IDLE,,,0,0,130,no_target,转向完成，向前离开边缘,400,400,1
22.828,716.0,1419.0,1027.0,992.0,0.7059,1.5952,0.7136,1.1309,0.9222,0,0,0,0,0,0,1,9.0,193.0,1060.0,1,1,0,patrol,RECOVER_FORWARD,RECOVER_FORWARD,WAIT,IDLE,,IDLE,,,,,IDLE,,,0,0,130,no_target,转向完成，向前离开边缘,400,400,1
22.848,709.0,1412.0,1021.0,985.0,0.6873,1.5615,0.6796,1.0638,0.8755,0,0,0,0,0,0,1,34.0,494.0,1035.0,1,1,0,patrol,RECOVER_FORWARD,RECOVER_FORWARD,WAIT,IDLE,,IDLE,,,,,IDLE,,,0,0,130,no_target,转向完成，向前离开边缘,400,400,1
22.868,700.0,1405.0,1018.0,989.0,0.6656,1.5476,0.665,1.0537,0.8597,0,0,0,0,0,0,1,32.0,591.0,1056.0,1,1,0,patrol,RECOVER_FORWARD,RECOVER_FORWARD,WAIT,IDLE,,IDLE,,,,,IDLE,,,0,0,130,no_target,转向完成，向前离开边缘,400,400,1
22.888,698.0,1395.0,1016.0,986.0,0.6378,1.5337,0.6578,1.0436,0.8507,0,0,0,0,0,0,1,1.0,62.0,1038.0,1,1,0,patrol,RECOVER_FORWARD,RECOVER_FORWARD,WAIT,IDLE,,IDLE,,,,,IDLE,,,0,0,130,no_target,转向完成，向前离开边缘,400,400,1
22.908,693.0,1385.0,1019.0,986.0,0.6316,1.5139,0.6578,1.0436,0.8507,0,0,0,0,0,0,1,7.0,61.0,1050.0,1,1,0,patrol,RECOVER_FORWARD,RECOVER_FORWARD,WAIT,IDLE,,IDLE,,,,,IDLE,,,0,0,130,no_target,转向完成，向前离开边缘,400,400,1
22.929,686.0,1373.0,1013.0,975.0,0.6161,1.494,0.6529,1.0436,0.8483,0,0,0,0,0,0,1,1.0,128.0,1053.0,1,1,0,patrol,RECOVER_FORWARD,RECOVER_FORWARD,WAIT,IDLE,,IDLE,,,,,IDLE,,,0,0,130,no_target,转向完成，向前离开边缘,400,400,1
22.949,685.0,1368.0,1005.0,967.0,0.5944,1.4702,0.6456,1.0067,0.8262,0,0,0,0,0,0,1,-4.0,111.0,1038.0,1,1,0,patrol,RECOVER_FORWARD,RECOVER_FORWARD,WAIT,IDLE,,IDLE,,,,,IDLE,,,0,0,131,no_target,转向完成，向前离开边缘,400,400,1
22.969,686.0,1368.0,1003.0,961.0,0.5944,1.4603,0.6262,0.9799,0.803,0,0,0,0,0,0,1,-245.0,28.0,1034.0,1,1,0,patrol,RECOVER_FORWARD,RECOVER_FORWARD,WAIT,IDLE,,IDLE,,,,,IDLE,,,0,0,131,no_target,转向完成，向前离开边缘,400,400,1
22.989,684.0,1373.0,1000.0,969.0,0.5913,1.4603,0.6214,0.9799,0.8006,0,0,0,0,0,0,1,-114.0,93.0,1036.0,1,1,0,patrol,RECOVER_FORWARD,RECOVER_FORWARD,WAIT,IDLE,,IDLE,,,,,IDLE,,,0,0,131,no_target,转向完成，向前离开边缘,400,400,1
23.009,677.0,1346.0,998.0,957.0,0.5882,1.4603,0.6141,0.9597,0.7869,0,0,0,0,0,0,1,-92.0,23.0,1038.0,1,1,0,patrol,RECOVER_FORWARD,RECOVER_FORWARD,WAIT,IDLE,,IDLE,,,,,IDLE,,,0,0,131,no_target,转向完成，向前离开边缘,400,400,1
23.029,684.0,1345.0,1000.0,955.0,0.5882,1.4167,0.6141,0.9463,0.7802,0,0,0,0,0,0,1,35.0,32.0,1031.0,1,1,0,patrol,RECOVER_FORWARD,RECOVER_FORWARD,WAIT,IDLE,,IDLE,,,,,IDLE,,,0,0,131,no_target,转向完成，向前离开边缘,400,400,1
23.049,680.0,1340.0,998.0,949.0,0.5759,1.4147,0.6092,0.9396,0.7744,0,0,0,0,0,0,1,-49.0,41.0,1019.0,1,1,0,patrol,RECOVER_FORWARD,RECOVER_FORWARD,WAIT,IDLE,,IDLE,,,,,IDLE,,,0,0,131,no_target,转向完成，向前离开边缘,400,400,1
23.07,676.0,1358.0,990.0,950.0,0.5759,1.4147,0.6092,0.9228,0.766,0,0,0,0,0,0,1,0.0,26.0,1038.0,1,1,0,patrol,RECOVER_FORWARD,RECOVER_FORWARD,WAIT,IDLE,,IDLE,,,,,IDLE,,,0,0,131,no_target,转向完成，向前离开边缘,400,400,1
23.09,670.0,1346.0,984.0,946.0,0.5635,1.4167,0.5898,0.9195,0.7546,0,0,0,0,0,0,1,-4.0,27.0,1006.0,1,1,0,patrol,RECOVER_FORWARD,RECOVER_FORWARD,WAIT,IDLE,,IDLE,,,,,IDLE,,,0,0,131,no_target,转向完成，向前离开边缘,400,400,1
23.11,670.0,1346.0,984.0,946.0,0.5449,1.4167,0.5752,0.9094,0.7423,0,0,0,0,0,0,1,-4.0,27.0,1006.0,1,1,0,patrol,RECOVER_FORWARD,RECOVER_FORWARD,WAIT,IDLE,,IDLE,,,,,IDLE,,,0,0,132,no_target,转向完成，向前离开边缘,400,400,1
23.13,665.0,1350.0,987.0,945.0,0.5449,1.4167,0.5752,0.9094,0.7423,0,0,0,0,0,0,1,-3.0,177.0,1062.0,1,1,0,patrol,RECOVER_FORWARD,RECOVER_FORWARD,WAIT,IDLE,,IDLE,,,,,IDLE,,,0,0,132,no_target,转向完成，向前离开边缘,400,400,1
23.152,659.0,1335.0,988.0,936.0,0.5294,1.4167,0.5825,0.906,0.7443,0,0,0,0,0,0,1,41.0,35.0,1036.0,1,1,0,patrol,RECOVER_FORWARD,RECOVER_FORWARD,WAIT,IDLE,,IDLE,,,,,IDLE,,,0,0,132,no_target,转向完成，向前离开边缘,400,400,1
23.172,653.0,1344.0,987.0,942.0,0.5108,1.4127,0.5825,0.896,0.7392,0,0,0,0,0,0,1,-14.0,23.0,1005.0,1,1,0,patrol,MEDIUM_CRUISE,MEDIUM_CRUISE,WAIT,IDLE,,IDLE,,,,,IDLE,,,0,0,132,no_target,已达到避边释放线，恢复中速穿越渐变区,400,400,1
23.192,646.0,1326.0,972.0,942.0,0.4923,1.3948,0.5825,0.896,0.7392,0,0,0,0,0,0,1,59.0,345.0,1038.0,1,1,0,patrol,EDGE_AVOID,EDGE_AVOID,WAIT,IDLE,,IDLE,,,,,IDLE,,,0,0,132,no_target,前向灰度趋势变暗，提前离边,-400,-400,1
23.213,642.0,1315.0,977.0,944.0,0.4706,1.377,0.5583,0.896,0.7271,0,0,0,0,0,0,1,2.0,23.0,1035.0,1,1,0,patrol,EDGE_AVOID,EDGE_AVOID,WAIT,IDLE,,IDLE,,,,,IDLE,,,0,0,132,no_target,前向灰度趋势变暗，提前离边,-400,-400,1
23.235,628.0,1294.0,962.0,931.0,0.4582,1.3552,0.5461,0.896,0.721,0,0,0,0,0,0,1,-3.0,26.0,1037.0,1,1,0,patrol,EDGE_AVOID,EDGE_AVOID,WAIT,IDLE,,IDLE,,,,,IDLE,,,0,0,132,no_target,前向灰度趋势变暗，提前离边,-400,-400,1
23.256,621.0,1286.0,961.0,931.0,0.4149,1.3135,0.5218,0.8591,0.6905,0,0,0,0,0,0,1,116.0,23.0,1053.0,1,1,0,patrol,EDGE_AVOID,EDGE_AVOID,WAIT,IDLE,,IDLE,,,,,IDLE,,,0,0,133,no_target,前向灰度趋势变暗，提前离边,-400,-400,1
23.276,625.0,1281.0,957.0,917.0,0.4056,1.2976,0.5194,0.8591,0.6892,0,0,0,0,0,0,1,-21.0,22.0,1051.0,1,1,0,patrol,EDGE_AVOID,EDGE_AVOID,WAIT,IDLE,,IDLE,,,,,IDLE,,,0,0,133,no_target,前向灰度趋势变暗，提前离边,-400,-400,1
23.296,623.0,1265.0,939.0,895.0,0.3994,1.2877,0.5097,0.8121,0.6609,0,0,0,0,0,0,1,124.0,23.0,1108.0,1,1,0,patrol,EDGE_AVOID,EDGE_AVOID,WAIT,IDLE,,IDLE,,,,,IDLE,,,0,0,133,no_target,前向灰度趋势变暗，提前离边,-400,-400,1
23.317,627.0,1270.0,945.0,888.0,0.4056,1.2659,0.4806,0.7383,0.6094,0,0,0,0,0,0,1,47.0,26.0,1037.0,1,1,0,patrol,EDGE_AVOID,EDGE_AVOID,WAIT,IDLE,,IDLE,,,,,IDLE,,,0,0,133,no_target,前向灰度趋势变暗，提前离边,-400,-400,1
23.337,628.0,1281.0,949.0,883.0,0.4118,1.2659,0.4806,0.7148,0.5977,0,0,0,0,0,0,1,-69.0,23.0,1080.0,1,1,0,patrol,EDGE_AVOID,EDGE_AVOID,WAIT,IDLE,,IDLE,,,,,IDLE,,,0,0,133,no_target,前向灰度趋势变暗，提前离边,-400,-400,1
23.357,620.0,1262.0,935.0,872.0,0.4118,1.2659,0.4806,0.698,0.5893,0,0,0,0,0,0,1,-4.0,23.0,1049.0,1,1,0,patrol,EDGE_AVOID,EDGE_AVOID,WAIT,IDLE,,IDLE,,,,,IDLE,,,0,0,133,no_target,前向灰度趋势变暗，提前离边,-400,-400,1
23.377,617.0,1254.0,928.0,870.0,0.3901,1.25,0.4563,0.6611,0.5587,0,0,0,0,0,0,1,8.0,109.0,1054.0,1,1,0,patrol,EDGE_AVOID,EDGE_AVOID,WAIT,IDLE,,IDLE,,,,,IDLE,,,0,0,133,no_target,前向灰度趋势变暗，提前离边,-400,-400,1
23.397,618.0,1256.0,928.0,872.0,0.3839,1.2381,0.4393,0.6611,0.5502,0,0,0,0,0,0,1,195.0,23.0,1053.0,1,1,0,patrol,EDGE_AVOID,EDGE_AVOID,WAIT,IDLE,,IDLE,,,,,IDLE,,,0,0,134,no_target,前向灰度趋势变暗，提前离边,-400,-400,1
23.417,619.0,1261.0,931.0,875.0,0.3839,1.2381,0.4393,0.6611,0.5502,0,0,0,0,0,0,1,-104.0,32.0,1053.0,1,1,0,patrol,EDGE_AVOID,EDGE_AVOID,WAIT,IDLE,,IDLE,,,,,IDLE,,,0,0,134,no_target,前向灰度趋势变暗，提前离边,-400,-400,1
23.437,614.0,1251.0,927.0,869.0,0.3839,1.2381,0.4393,0.6611,0.5502,0,0,0,0,0,0,1,-228.0,49.0,1066.0,1,1,0,patrol,EDGE_AVOID,EDGE_AVOID,WAIT,IDLE,,IDLE,,,,,IDLE,,,0,0,134,no_target,前向灰度趋势变暗，提前离边,-400,-400,1
23.457,623.0,1276.0,939.0,879.0,0.387,1.248,0.4466,0.6711,0.5589,0,0,0,0,0,0,1,-82.0,61.0,1085.0,1,1,0,patrol,EDGE_AVOID,EDGE_AVOID,WAIT,IDLE,,IDLE,,,,,IDLE,,,0,0,134,no_target,前向灰度趋势变暗，提前离边,-400,-400,1
23.479,618.0,1270.0,936.0,871.0,0.3839,1.2659,0.4587,0.6577,0.5582,0,0,0,0,0,0,1,-77.0,23.0,1085.0,1,1,0,patrol,EDGE_AVOID,EDGE_AVOID,WAIT,IDLE,,IDLE,,,,,IDLE,,,0,0,134,no_target,前向灰度趋势变暗，提前离边,-400,-400,1
23.499,617.0,1269.0,936.0,870.0,0.3839,1.2659,0.4587,0.6577,0.5582,0,0,0,0,0,0,1,13.0,23.0,1099.0,1,1,0,patrol,EDGE_AVOID,EDGE_AVOID,WAIT,IDLE,,IDLE,,,,,IDLE,,,0,0,134,no_target,前向灰度趋势变暗，提前离边,-400,-400,1
23.519,614.0,1262.0,931.0,866.0,0.3808,1.2639,0.4587,0.6544,0.5566,0,0,0,0,0,0,1,-33.0,22.0,1099.0,1,1,0,patrol,EDGE_AVOID,EDGE_AVOID,WAIT,IDLE,,IDLE,,,,,IDLE,,,0,0,134,no_target,前向灰度趋势变暗，提前离边,-400,-400,1
23.539,617.0,1267.0,933.0,872.0,0.3808,1.2599,0.4515,0.6544,0.5529,0,0,0,0,0,0,1,-60.0,23.0,1069.0,1,1,0,patrol,EDGE_AVOID,EDGE_AVOID,WAIT,IDLE,,IDLE,,,,,IDLE,,,0,0,135,no_target,前向灰度趋势变暗，提前离边,-400,-400,1
23.559,617.0,1263.0,931.0,870.0,0.3808,1.252,0.4466,0.6544,0.5505,0,0,0,0,0,0,1,-14.0,23.0,1069.0,1,1,0,patrol,EDGE_AVOID,EDGE_AVOID,WAIT,IDLE,,IDLE,,,,,IDLE,,,0,0,135,no_target,前向灰度趋势变暗，提前离边,-400,-400,1
23.579,623.0,1278.0,939.0,880.0,0.3808,1.2599,0.4515,0.6611,0.5563,0,0,0,0,0,0,1,-24.0,23.0,1067.0,1,1,0,patrol,EDGE_AVOID,EDGE_AVOID,WAIT,IDLE,,IDLE,,,,,IDLE,,,0,0,135,no_target,前向灰度趋势变暗，提前离边,-400,-400,1
23.6,620.0,1270.0,936.0,875.0,0.3901,1.2659,0.4587,0.6711,0.5649,0,0,0,0,0,0,1,0.0,262.0,1086.0,1,1,0,patrol,EDGE_AVOID,EDGE_AVOID,WAIT,IDLE,,IDLE,,,,,IDLE,,,0,0,135,no_target,前向灰度趋势变暗，提前离边,-400,-400,1
23.62,622.0,1275.0,940.0,878.0,0.3963,1.2758,0.466,0.6812,0.5736,0,0,0,0,0,0,1,-13.0,23.0,1054.0,1,1,0,patrol,EDGE_AVOID,EDGE_AVOID,WAIT,IDLE,,IDLE,,,,,IDLE,,,0,0,135,no_target,前向灰度趋势变暗，提前离边,-400,-400,1
23.64,619.0,1269.0,938.0,875.0,0.3901,1.2659,0.4636,0.6711,0.5674,0,0,0,0,0,0,1,-25.0,23.0,1052.0,1,1,0,patrol,EDGE_AVOID,EDGE_AVOID,WAIT,IDLE,,IDLE,,,,,IDLE,,,0,0,135,no_target,前向灰度趋势变暗，提前离边,-400,-400,1
23.66,620.0,1269.0,938.0,877.0,0.3901,1.2639,0.4636,0.6779,0.5707,0,0,0,0,0,0,1,4.0,227.0,1050.0,1,1,0,patrol,EDGE_AVOID,EDGE_AVOID,WAIT,IDLE,,IDLE,,,,,IDLE,,,0,0,135,no_target,前向灰度趋势变暗，提前离边,-400,-400,1
23.68,623.0,1273.0,942.0,883.0,0.3901,1.2639,0.4636,0.6779,0.5707,0,0,0,0,0,0,1,3.0,23.0,1054.0,1,1,0,patrol,EDGE_AVOID,EDGE_AVOID,WAIT,IDLE,,IDLE,,,,,IDLE,,,0,0,135,no_target,前向灰度趋势变暗，提前离边,-400,-400,1
23.7,627.0,1276.0,944.0,887.0,0.3994,1.2718,0.4733,0.698,0.5856,0,0,0,0,0,0,1,4.0,24.0,1085.0,1,1,0,patrol,EDGE_AVOID,EDGE_AVOID,WAIT,IDLE,,IDLE,,,,,IDLE,,,0,0,135,no_target,前向灰度趋势变暗，提前离边,-400,-400,1
23.72,622.0,1270.0,940.0,896.0,0.3994,1.2718,0.4733,0.7114,0.5924,0,0,0,0,0,0,1,-31.0,23.0,1118.0,1,1,0,patrol,EDGE_AVOID,EDGE_AVOID,WAIT,IDLE,,IDLE,,,,,IDLE,,,0,0,135,no_target,前向灰度趋势变暗，提前离边,-400,-400,1
23.74,622.0,1270.0,940.0,896.0,0.3963,1.2659,0.4684,0.7416,0.605,0,0,0,0,0,0,1,-31.0,23.0,1118.0,1,1,0,patrol,EDGE_AVOID,EDGE_AVOID,WAIT,IDLE,,IDLE,,,,,IDLE,,,0,0,135,no_target,前向灰度趋势变暗，提前离边,-400,-400,1
23.76,615.0,1269.0,942.0,909.0,0.3963,1.2659,0.4684,0.7416,0.605,0,0,0,0,0,0,1,-20.0,23.0,1083.0,1,1,0,patrol,EDGE_AVOID,EDGE_AVOID,WAIT,IDLE,,IDLE,,,,,IDLE,,,0,0,135,no_target,前向灰度趋势变暗，提前离边,-400,-400,1
23.781,614.0,1280.0,952.0,925.0,0.3746,1.2659,0.4733,0.7852,0.6293,0,0,0,0,0,0,1,22.0,23.0,1069.0,1,1,0,patrol,EDGE_AVOID,EDGE_AVOID,WAIT,IDLE,,IDLE,,,,,IDLE,,,0,0,135,no_target,前向灰度趋势变暗，提前离边,-400,-400,1
23.801,616.0,1290.0,956.0,930.0,0.3746,1.2857,0.4976,0.8389,0.6682,0,0,0,0,0,0,1,26.0,34.0,1094.0,1,1,0,patrol,EDGE_TURN,EDGE_TURN,WAIT,IDLE,,IDLE,,,,,IDLE,,left,0,0,135,no_target,直线退离完成，开始转向,-550,550,1
23.821,624.0,1302.0,959.0,932.0,0.3777,1.3056,0.5073,0.8557,0.6815,0,0,0,0,0,0,1,53.0,23.0,1033.0,1,1,0,patrol,EDGE_TURN,EDGE_TURN,WAIT,IDLE,,IDLE,,,,,IDLE,,left,0,0,135,no_target,直线退离完成，开始转向,-550,550,1
23.841,636.0,1322.0,974.0,949.0,0.4025,1.3294,0.5146,0.8624,0.6885,0,0,0,0,0,0,1,-5.0,23.0,1021.0,1,1,0,patrol,EDGE_TURN,EDGE_TURN,WAIT,IDLE,,IDLE,,,,,IDLE,,left,0,0,135,no_target,直线退离完成，开始转向,-550,550,1
23.861,638.0,1332.0,969.0,943.0,0.4396,1.369,0.5388,0.8993,0.7191,0,0,0,0,0,0,1,15.0,74.0,1038.0,1,1,0,patrol,EDGE_TURN,EDGE_TURN,WAIT,IDLE,,IDLE,,,,,IDLE,,left,0,0,135,no_target,直线退离完成，开始转向,-550,550,1
23.881,642.0,1342.0,980.0,941.0,0.4458,1.3889,0.551,0.8993,0.7251,0,0,0,0,0,0,1,-37.0,193.0,1035.0,1,1,0,patrol,EDGE_TURN,EDGE_TURN,WAIT,IDLE,,IDLE,,,,,IDLE,,left,0,0,135,no_target,直线退离完成，开始转向,-550,550,1
23.901,650.0,1346.0,990.0,943.0,0.4582,1.4087,0.5655,0.8993,0.7324,0,0,0,0,0,0,1,-57.0,22.0,1004.0,1,1,0,patrol,EDGE_TURN,EDGE_TURN,WAIT,IDLE,,IDLE,,,,,IDLE,,left,0,0,135,no_target,直线退离完成，开始转向,-550,550,1
23.922,654.0,1345.0,981.0,939.0,0.483,1.4147,0.568,0.8926,0.7303,0,0,0,0,0,0,1,170.0,23.0,1069.0,1,1,0,patrol,EDGE_TURN,EDGE_TURN,WAIT,IDLE,,IDLE,,,,,IDLE,,left,0,0,135,no_target,直线退离完成，开始转向,-550,550,1
23.942,658.0,1353.0,980.0,943.0,0.4954,1.4167,0.568,0.8993,0.7336,0,0,0,0,0,0,1,-39.0,409.0,1056.0,1,1,0,patrol,EDGE_TURN,EDGE_TURN,WAIT,IDLE,,IDLE,,,,,IDLE,,left,0,0,135,no_target,直线退离完成，开始转向,-550,550,1
23.962,664.0,1359.0,986.0,943.0,0.5077,1.4306,0.568,0.8993,0.7336,0,0,0,0,0,0,1,36.0,23.0,1068.0,1,1,0,patrol,EDGE_TURN,EDGE_TURN,WAIT,IDLE,,IDLE,,,,,IDLE,,left,0,0,135,no_target,直线退离完成，开始转向,-550,550,1
23.982,668.0,1364.0,987.0,947.0,0.5263,1.4425,0.5801,0.8993,0.7397,0,0,0,0,0,0,1,-65.0,23.0,1068.0,1,1,0,patrol,EDGE_TURN,EDGE_TURN,WAIT,IDLE,,IDLE,,,,,IDLE,,left,0,0,,stale,直线退离完成，开始转向,-550,550,1
24.002,668.0,1364.0,987.0,947.0,0.5387,1.4524,0.5825,0.9128,0.7476,0,0,0,0,0,0,1,-65.0,23.0,1068.0,1,1,0,patrol,EDGE_TURN,EDGE_TURN,WAIT,IDLE,,IDLE,,,,,IDLE,,left,0,0,,stale,直线退离完成，开始转向,-550,550,1
24.022,673.0,1356.0,990.0,950.0,0.5387,1.4524,0.5825,0.9128,0.7476,0,0,0,0,0,0,1,-27.0,441.0,1094.0,1,1,0,patrol,EDGE_TURN,EDGE_TURN,WAIT,IDLE,,IDLE,,,,,IDLE,,left,0,0,,stale,直线退离完成，开始转向,-550,550,1
24.042,676.0,1361.0,1000.0,950.0,0.5542,1.4464,0.5898,0.9228,0.7563,0,0,0,0,0,0,1,-2.0,50.0,1036.0,1,1,0,patrol,EDGE_TURN,EDGE_TURN,WAIT,IDLE,,IDLE,,,,,IDLE,,left,0,0,,stale,直线退离完成，开始转向,-550,550,1
24.062,681.0,1377.0,1009.0,957.0,0.5635,1.4464,0.6141,0.9228,0.7684,0,0,0,0,0,0,1,-23.0,109.0,1052.0,1,1,0,patrol,EDGE_TURN,EDGE_TURN,WAIT,IDLE,,IDLE,,,,,IDLE,,left,0,0,,stale,直线退离完成，开始转向,-550,550,1
24.082,682.0,1382.0,1011.0,956.0,0.5789,1.4782,0.6359,0.943,0.7894,0,0,0,0,0,0,1,-20.0,127.0,1038.0,1,1,0,patrol,EDGE_TURN,EDGE_TURN,WAIT,IDLE,,IDLE,,,,,IDLE,,left,0,0,,stale,直线退离完成，开始转向,-550,550,1
24.103,683.0,1395.0,1026.0,965.0,0.582,1.4881,0.6408,0.9463,0.7935,0,0,0,0,0,0,1,-5.0,23.0,1038.0,1,1,0,patrol,EDGE_TURN,EDGE_TURN,WAIT,IDLE,,IDLE,,,,,IDLE,,left,0,0,,stale,直线退离完成，开始转向,-550,550,1
24.123,686.0,1405.0,1029.0,966.0,0.5851,1.5139,0.6772,0.9732,0.8252,0,0,0,0,0,0,1,-4.0,42.0,1020.0,1,1,0,patrol,EDGE_TURN,EDGE_TURN,WAIT,IDLE,,IDLE,,,,,IDLE,,left,0,0,,stale,直线退离完成，开始转向,-550,550,1
24.143,681.0,1406.0,1036.0,963.0,0.5851,1.5337,0.6845,0.9732,0.8288,0,0,0,0,0,0,1,-4.0,35.0,1038.0,1,1,0,patrol,EDGE_TURN,EDGE_TURN,WAIT,IDLE,,IDLE,,,,,IDLE,,left,0,0,,stale,直线退离完成，开始转向,-550,550,1
24.163,691.0,1432.0,1052.0,974.0,0.5944,1.5357,0.7015,0.9765,0.839,0,0,0,0,0,0,1,-32.0,232.0,1024.0,1,1,0,patrol,EDGE_TURN,EDGE_TURN,WAIT,IDLE,,IDLE,,,,,IDLE,,left,0,0,,stale,直线退离完成，开始转向,-550,550,1
24.183,698.0,1443.0,1057.0,978.0,0.6099,1.5873,0.7403,1.0034,0.8718,0,0,0,0,0,0,1,67.0,147.0,1022.0,1,1,0,patrol,EDGE_TURN,EDGE_TURN,WAIT,IDLE,,IDLE,,,,,IDLE,,left,0,0,136,no_target,直线退离完成，开始转向,-550,550,1
24.203,704.0,1450.0,1063.0,980.0,0.6316,1.6091,0.7524,1.0168,0.8846,0,0,0,0,0,0,1,44.0,177.0,1037.0,1,1,0,patrol,EDGE_TURN,EDGE_TURN,WAIT,IDLE,,IDLE,,,,,IDLE,,left,0,0,136,no_target,直线退离完成，开始转向,-550,550,1
24.223,709.0,1449.0,1077.0,984.0,0.6502,1.621,0.767,1.0235,0.8952,0,0,0,0,0,0,1,155.0,213.0,1021.0,1,1,0,patrol,EDGE_TURN,EDGE_TURN,WAIT,IDLE,,IDLE,,,,,IDLE,,left,0,0,136,no_target,直线退离完成，开始转向,-550,550,1
24.243,708.0,1438.0,1068.0,974.0,0.6625,1.621,0.7791,1.0235,0.9013,0,1,0,0,0,0,1,-36.0,227.0,1039.0,1,1,0,patrol,EDGE_TURN,EDGE_TURN,WAIT,IDLE,,IDLE,,,,,IDLE,,left,0,0,136,no_target,直线退离完成，开始转向,-550,550,1
24.263,718.0,1452.0,1083.0,983.0,0.6656,1.621,0.801,1.0336,0.9173,0,1,0,0,0,0,1,-213.0,111.0,1003.0,1,1,0,patrol,EDGE_TURN,EDGE_TURN,WAIT,IDLE,,IDLE,,,,,IDLE,,left,0,0,136,no_target,直线退离完成，开始转向,-550,550,1
24.284,719.0,1456.0,1088.0,981.0,0.6935,1.627,0.8155,1.0268,0.9212,0,1,0,0,0,0,1,117.0,671.0,1024.0,1,1,0,patrol,EDGE_TURN,EDGE_TURN,WAIT,IDLE,,IDLE,,,,,IDLE,,left,0,0,136,no_target,直线退离完成，开始转向,-550,550,1
24.304,719.0,1456.0,1088.0,981.0,0.6966,1.6349,0.8277,1.0268,0.9273,0,1,0,0,0,0,1,117.0,671.0,1024.0,1,1,0,patrol,EDGE_TURN,EDGE_TURN,WAIT,IDLE,,IDLE,,,,,IDLE,,left,0,0,136,no_target,直线退离完成，开始转向,-550,550,1
24.324,722.0,1473.0,1097.0,988.0,0.6966,1.6349,0.8277,1.0268,0.9273,0,1,0,0,0,0,1,7.0,291.0,1024.0,1,1,0,patrol,EDGE_TURN,EDGE_TURN,WAIT,IDLE,,IDLE,,,,,IDLE,,left,0,0,136,no_target,直线退离完成，开始转向,-550,550,1
24.344,728.0,1491.0,1113.0,992.0,0.7059,1.6687,0.8495,1.0503,0.9499,0,0,0,0,0,0,1,52.0,558.0,1024.0,1,1,0,patrol,EDGE_TURN,EDGE_TURN,WAIT,IDLE,,IDLE,,,,,IDLE,,left,0,0,137,no_target,直线退离完成，开始转向,-550,550,1
24.364,730.0,1504.0,1128.0,995.0,0.7245,1.7044,0.8883,1.0638,0.9761,0,0,0,0,0,0,1,101.0,495.0,1021.0,1,1,0,patrol,EDGE_TURN,EDGE_TURN,WAIT,IDLE,,IDLE,,,,,IDLE,,left,0,0,137,no_target,直线退离完成，开始转向,-550,550,1
24.384,724.0,1496.0,1128.0,987.0,0.7245,1.7143,0.9248,1.0638,0.9943,0,0,0,0,0,0,1,-4.0,129.0,1036.0,1,1,0,patrol,EDGE_TURN,EDGE_TURN,WAIT,IDLE,,IDLE,,,,,IDLE,,left,0,0,137,no_target,直线退离完成，开始转向,-550,550,1
24.404,724.0,1489.0,1139.0,981.0,0.7121,1.7143,0.9248,1.047,0.9859,0,0,0,0,0,0,1,45.0,441.0,1040.0,1,1,0,patrol,EDGE_TURN,EDGE_TURN,WAIT,IDLE,,IDLE,,,,,IDLE,,left,0,0,137,no_target,直线退离完成，开始转向,-550,550,1
24.424,727.0,1484.0,1145.0,979.0,0.7121,1.7004,0.9515,1.0268,0.9892,0,0,0,0,0,0,1,-127.0,313.0,1032.0,1,1,0,patrol,EDGE_TURN,EDGE_TURN,WAIT,IDLE,,IDLE,,,,,IDLE,,left,0,0,137,no_target,直线退离完成，开始转向,-550,550,1
24.445,742.0,1506.0,1162.0,984.0,0.7214,1.7004,0.966,1.0268,0.9964,0,0,0,0,0,0,1,-174.0,377.0,1021.0,1,1,0,patrol,EDGE_TURN,EDGE_TURN,WAIT,IDLE,,IDLE,,,,,IDLE,,left,0,0,137,no_target,直线退离完成，开始转向,-550,550,1
24.465,747.0,1495.0,1160.0,976.0,0.7678,1.7123,1.0024,1.0201,1.0113,0,0,0,0,0,0,1,-136.0,803.0,1041.0,1,0,0,patrol,EDGE_TURN,EDGE_TURN,WAIT,IDLE,,IDLE,,,,,IDLE,,left,0,0,137,no_target,直线退离完成，开始转向,-550,550,1
24.485,747.0,1490.0,1160.0,967.0,0.7833,1.7123,1.0024,1.0101,1.0062,0,0,0,0,0,0,1,14.0,231.0,1024.0,1,0,0,patrol,EDGE_TURN,EDGE_TURN,WAIT,IDLE,,IDLE,,,,,IDLE,,left,0,0,138,no_target,直线退离完成，开始转向,-550,550,1
24.505,757.0,1508.0,1185.0,978.0,0.7833,1.7123,1.0024,1.0101,1.0062,0,0,0,0,0,0,1,-63.0,345.0,1037.0,1,0,0,patrol,EDGE_TURN,EDGE_TURN,WAIT,IDLE,,IDLE,,,,,IDLE,,left,0,0,138,no_target,直线退离完成，开始转向,-550,550,1
24.525,755.0,1502.0,1191.0,972.0,0.808,1.7262,1.0631,0.9966,1.0299,0,0,0,0,0,0,1,380.0,736.0,1024.0,1,0,0,patrol,EDGE_TURN,EDGE_TURN,WAIT,IDLE,,IDLE,,,,,IDLE,,left,0,0,138,no_target,直线退离完成，开始转向,-550,550,1
24.545,759.0,1508.0,1194.0,971.0,0.8142,1.7381,1.0777,0.9966,1.0372,0,0,0,0,0,0,1,-4.0,719.0,1025.0,1,0,0,patrol,EDGE_TURN,EDGE_TURN,WAIT,IDLE,,IDLE,,,,,IDLE,,left,0,0,138,no_target,直线退离完成，开始转向,-550,550,1
24.565,762.0,1512.0,1178.0,968.0,0.8204,1.7381,1.0777,0.9933,1.0355,0,0,0,0,0,0,1,-131.0,818.0,1024.0,1,0,0,patrol,EDGE_TURN,EDGE_TURN,WAIT,IDLE,,IDLE,,,,,IDLE,,left,0,0,138,no_target,直线退离完成，开始转向,-550,550,1
24.586,772.0,1524.0,1196.0,970.0,0.8297,1.746,1.085,0.9899,1.0374,0,0,0,0,0,0,1,-8.0,736.0,1006.0,1,0,0,patrol,EDGE_TURN,EDGE_TURN,WAIT,IDLE,,IDLE,,,,,IDLE,,left,0,0,138,no_target,直线退离完成，开始转向,-550,550,1
24.606,777.0,1522.0,1216.0,971.0,0.8607,1.7659,1.0898,0.9899,1.0399,0,0,0,0,0,0,1,201.0,343.0,1024.0,1,0,0,patrol,RECOVER_FORWARD,RECOVER_FORWARD,WAIT,IDLE,,IDLE,,,,,IDLE,,,0,0,138,no_target,转向完成，向前离开边缘,400,400,1
24.626,770.0,1500.0,1213.0,957.0,0.8607,1.7659,1.1311,0.9899,1.0605,0,0,0,0,0,0,1,-124.0,226.0,1022.0,1,0,0,patrol,RECOVER_FORWARD,RECOVER_FORWARD,WAIT,IDLE,,IDLE,,,,,IDLE,,,0,0,139,no_target,转向完成，向前离开边缘,400,400,1
24.646,774.0,1512.0,1224.0,965.0,0.8669,1.746,1.1383,0.9732,1.0558,0,0,0,0,0,0,1,-3.0,394.0,1021.0,1,0,0,patrol,RECOVER_FORWARD,RECOVER_FORWARD,WAIT,IDLE,,IDLE,,,,,IDLE,,,0,0,139,no_target,转向完成，向前离开边缘,400,400,1
24.666,780.0,1521.0,1250.0,974.0,0.8669,1.746,1.1578,0.9732,1.0655,0,0,0,1,0,0,1,25.0,232.0,1021.0,1,0,0,patrol,RECOVER_FORWARD,RECOVER_FORWARD,WAIT,IDLE,,IDLE,,,,,IDLE,,,0,0,139,no_target,转向完成，向前离开边缘,400,400,1
24.686,784.0,1508.0,1261.0,973.0,0.8854,1.746,1.2209,1.0,1.1104,0,0,0,1,0,0,1,-38.0,278.0,1024.0,1,0,0,patrol,RECOVER_FORWARD,RECOVER_FORWARD,WAIT,IDLE,,IDLE,,,,,IDLE,,,0,0,139,no_target,转向完成，向前离开边缘,400,400,1
24.706,784.0,1508.0,1261.0,973.0,0.8978,1.7381,1.2476,1.0,1.1238,0,0,0,1,0,0,1,-38.0,278.0,1024.0,1,0,0,patrol,RECOVER_FORWARD,RECOVER_FORWARD,WAIT,IDLE,,IDLE,,,,,IDLE,,,0,0,139,no_target,转向完成，向前离开边缘,400,400,1
24.726,787.0,1504.0,1273.0,970.0,0.8978,1.7381,1.2476,1.0,1.1238,0,0,0,1,0,0,1,6.0,782.0,992.0,1,0,0,patrol,RECOVER_FORWARD,RECOVER_FORWARD,WAIT,IDLE,,IDLE,,,,,IDLE,,,0,0,139,no_target,转向完成，向前离开边缘,400,400,1
24.746,792.0,1510.0,1300.0,979.0,0.9071,1.7381,1.2767,1.0,1.1383,0,0,0,1,0,0,1,23.0,443.0,1005.0,1,0,0,patrol,RECOVER_FORWARD,RECOVER_FORWARD,WAIT,IDLE,,IDLE,,,,,IDLE,,,0,0,139,no_target,转向完成，向前离开边缘,400,400,1
24.767,792.0,1514.0,1313.0,981.0,0.9226,1.7421,1.3422,1.0201,1.1812,0,0,0,1,0,0,1,36.0,442.0,1024.0,1,0,0,patrol,RECOVER_FORWARD,RECOVER_FORWARD,WAIT,IDLE,,IDLE,,,,,IDLE,,,0,0,139,no_target,转向完成，向前离开边缘,400,400,1
24.787,794.0,1515.0,1316.0,983.0,0.9226,1.75,1.3738,1.0268,1.2003,0,0,0,1,0,0,1,168.0,433.0,1024.0,1,0,0,patrol,RECOVER_FORWARD,RECOVER_FORWARD,WAIT,IDLE,,IDLE,,,,,IDLE,,,0,0,140,no_target,转向完成，向前离开边缘,400,400,1
24.807,794.0,1516.0,1315.0,981.0,0.9288,1.752,1.3786,1.0268,1.2027,0,0,0,1,0,0,1,-205.0,441.0,1021.0,1,0,0,patrol,RECOVER_FORWARD,RECOVER_FORWARD,WAIT,IDLE,,IDLE,,,,,IDLE,,,0,0,140,no_target,转向完成，向前离开边缘,400,400,1
24.827,793.0,1508.0,1309.0,977.0,0.9288,1.752,1.3786,1.0268,1.2027,0,0,0,1,0,0,1,-20.0,227.0,1020.0,1,0,0,patrol,RECOVER_FORWARD,RECOVER_FORWARD,WAIT,IDLE,,IDLE,,,,,IDLE,,,0,0,140,no_target,转向完成，向前离开边缘,400,400,1
24.847,797.0,1500.0,1309.0,977.0,0.9288,1.7381,1.3641,1.0134,1.1888,0,0,0,1,0,0,1,-257.0,427.0,1024.0,1,0,0,patrol,RECOVER_FORWARD,RECOVER_FORWARD,WAIT,IDLE,,IDLE,,,,,IDLE,,,0,0,140,no_target,转向完成，向前离开边缘,400,400,1
24.867,807.0,1509.0,1317.0,981.0,0.9381,1.7381,1.3641,1.0134,1.1888,0,0,0,1,0,0,1,-157.0,456.0,1024.0,1,0,0,patrol,RECOVER_FORWARD,RECOVER_FORWARD,WAIT,IDLE,,IDLE,,,,,IDLE,,,0,0,140,no_target,转向完成，向前离开边缘,400,400,1
24.887,807.0,1499.0,1312.0,978.0,0.969,1.7222,1.3714,1.0168,1.1941,0,0,0,1,0,0,1,-4.0,470.0,1022.0,1,0,0,patrol,RECOVER_FORWARD,RECOVER_FORWARD,WAIT,IDLE,,IDLE,,,,,IDLE,,,0,0,140,no_target,转向完成，向前离开边缘,400,400,1
24.908,811.0,1493.0,1316.0,980.0,0.969,1.7202,1.3811,1.0235,1.2023,0,0,0,1,0,0,1,-8.0,459.0,1038.0,1,0,0,patrol,RECOVER_FORWARD,RECOVER_FORWARD,WAIT,IDLE,,IDLE,,,,,IDLE,,,0,0,140,no_target,转向完成，向前离开边缘,400,400,1
24.928,813.0,1488.0,1315.0,977.0,0.9814,1.7083,1.3786,1.0168,1.1977,0,0,0,1,0,0,1,146.0,458.0,1008.0,1,0,0,patrol,RECOVER_FORWARD,RECOVER_FORWARD,WAIT,IDLE,,IDLE,,,,,IDLE,,,0,0,140,no_target,转向完成，向前离开边缘,400,400,1
24.948,810.0,1479.0,1310.0,967.0,0.9814,1.6984,1.3786,1.0134,1.196,0,0,0,1,0,0,1,-59.0,280.0,1021.0,1,0,0,patrol,RECOVER_FORWARD,RECOVER_FORWARD,WAIT,IDLE,,IDLE,,,,,IDLE,,,0,0,141,no_target,转向完成，向前离开边缘,400,400,1
24.968,820.0,1499.0,1327.0,971.0,0.9876,1.6984,1.3786,0.9933,1.186,0,0,0,1,0,0,1,-92.0,425.0,1021.0,1,0,0,patrol,RECOVER_FORWARD,RECOVER_FORWARD,WAIT,IDLE,,IDLE,,,,,IDLE,,,0,0,141,no_target,转向完成，向前离开边缘,400,400,1
24.988,818.0,1495.0,1324.0,962.0,1.0031,1.7123,1.4005,0.9799,1.2018,0,0,0,1,0,0,1,-80.0,442.0,1007.0,1,0,0,patrol,RECOVER_FORWARD,RECOVER_FORWARD,WAIT,IDLE,,IDLE,,,,,IDLE,,,0,0,141,no_target,转向完成，向前离开边缘,400,400,1
25.008,814.0,1481.0,1309.0,948.0,1.0031,1.7123,1.4005,0.9631,1.2018,0,0,0,1,0,0,1,-10.0,442.0,1024.0,1,0,0,patrol,RECOVER_FORWARD,RECOVER_FORWARD,WAIT,IDLE,,IDLE,,,,,IDLE,,,0,0,141,no_target,转向完成，向前离开边缘,400,400,1
25.029,817.0,1482.0,1304.0,945.0,1.0,1.6865,1.3641,0.9161,1.182,0,0,0,1,0,0,1,395.0,279.0,1005.0,1,0,0,patrol,RECOVER_FORWARD,RECOVER_FORWARD,WAIT,IDLE,,IDLE,,,,,IDLE,,,0,0,141,no_target,转向完成，向前离开边缘,400,400,1
25.049,815.0,1486.0,1299.0,944.0,0.9938,1.6865,1.3519,0.906,1.1729,0,0,0,1,0,0,1,-3.0,409.0,1005.0,1,0,0,patrol,RECOVER_FORWARD,RECOVER_FORWARD,WAIT,IDLE,,IDLE,,,,,IDLE,,,0,0,141,no_target,转向完成，向前离开边缘,400,400,1
25.069,814.0,1488.0,1295.0,944.0,0.9938,1.6944,1.3398,0.9027,1.1668,0,0,0,1,0,0,1,277.0,393.0,1024.0,1,0,0,patrol,RECOVER_FORWARD,RECOVER_FORWARD,WAIT,IDLE,,IDLE,,,,,IDLE,,,0,0,141,no_target,转向完成，向前离开边缘,400,400,1
25.089,814.0,1494.0,1296.0,949.0,0.9907,1.6984,1.3325,0.9027,1.1616,0,0,0,1,0,0,1,15.0,542.0,1008.0,1,0,0,patrol,RECOVER_FORWARD,RECOVER_FORWARD,WAIT,IDLE,,IDLE,,,,,IDLE,,,0,0,141,no_target,转向完成，向前离开边缘,400,400,1
25.109,812.0,1496.0,1300.0,949.0,0.9907,1.7103,1.3325,0.9195,1.1616,0,0,0,1,0,0,1,-5.0,802.0,1006.0,1,0,0,patrol,RECOVER_FORWARD,RECOVER_FORWARD,WAIT,IDLE,,IDLE,,,,,IDLE,,,0,0,142,no_target,转向完成，向前离开边缘,400,400,1
25.129,812.0,1500.0,1292.0,945.0,0.9845,1.7143,1.3325,0.9195,1.1585,0,0,0,1,0,0,1,-5.0,425.0,1022.0,1,0,0,patrol,RECOVER_FORWARD,RECOVER_FORWARD,WAIT,IDLE,,IDLE,,,,,IDLE,,,0,0,142,no_target,转向完成，向前离开边缘,400,400,1
25.149,809.0,1500.0,1278.0,938.0,0.9845,1.7222,1.3228,0.906,1.1537,0,0,0,1,0,0,1,-6.0,280.0,1022.0,1,0,0,patrol,RECOVER_FORWARD,RECOVER_FORWARD,WAIT,IDLE,,IDLE,,,,,IDLE,,,0,0,142,no_target,转向完成，向前离开边缘,400,400,1
25.17,802.0,1489.0,1270.0,936.0,0.9752,1.7222,1.2888,0.8826,1.132,0,0,0,1,0,0,1,-4.0,394.0,1014.0,1,0,0,patrol,RECOVER_FORWARD,RECOVER_FORWARD,WAIT,IDLE,,IDLE,,,,,IDLE,,,0,0,142,no_target,转向完成，向前离开边缘,400,400,1
25.19,792.0,1471.0,1254.0,933.0,0.9536,1.7004,1.2694,0.8758,1.1115,0,0,0,1,0,0,1,-3.0,409.0,987.0,1,0,0,patrol,RECOVER_FORWARD,RECOVER_FORWARD,WAIT,IDLE,,IDLE,,,,,IDLE,,,0,0,142,no_target,转向完成，向前离开边缘,400,400,1
25.21,794.0,1483.0,1236.0,937.0,0.9288,1.6885,1.2306,0.8758,1.0797,0,0,0,1,0,0,1,-4.0,408.0,973.0,1,0,0,patrol,RECOVER_FORWARD,RECOVER_FORWARD,WAIT,IDLE,,IDLE,,,,,IDLE,,,0,0,142,no_target,转向完成，向前离开边缘,400,400,1
25.23,794.0,1493.0,1238.0,941.0,0.9288,1.6885,1.1917,0.8792,1.0603,0,0,0,1,0,0,1,-3.0,426.0,974.0,1,0,0,patrol,RECOVER_FORWARD,RECOVER_FORWARD,WAIT,IDLE,,IDLE,,,,,IDLE,,,0,0,142,no_target,转向完成，向前离开边缘,400,400,1
25.25,794.0,1493.0,1238.0,941.0,0.9288,1.7083,1.1917,0.8926,1.0603,0,0,0,1,0,0,1,-3.0,426.0,974.0,1,0,0,patrol,RECOVER_FORWARD,RECOVER_FORWARD,WAIT,IDLE,,IDLE,,,,,IDLE,,,0,0,143,no_target,转向完成，向前离开边缘,400,400,1
25.27,785.0,1473.0,1247.0,935.0,0.9288,1.7083,1.1917,0.8926,1.0603,0,0,0,1,0,0,1,-434.0,247.0,986.0,1,0,0,patrol,RECOVER_FORWARD,RECOVER_FORWARD,WAIT,IDLE,,IDLE,,,,,IDLE,,,0,0,143,no_target,转向完成，向前离开边缘,400,400,1
25.29,780.0,1471.0,1246.0,930.0,0.9009,1.6687,1.2112,0.8725,1.056,0,0,0,1,0,0,1,-533.0,755.0,1008.0,1,0,0,patrol,RECOVER_FORWARD,RECOVER_FORWARD,WAIT,IDLE,,IDLE,,,,,IDLE,,,0,0,143,no_target,转向完成，向前离开边缘,400,400,1
25.311,777.0,1460.0,1238.0,931.0,0.8854,1.6647,1.2112,0.8591,1.0483,0,0,0,1,0,0,1,-4.0,770.0,1025.0,1,0,0,patrol,RECOVER_FORWARD,RECOVER_FORWARD,WAIT,IDLE,,IDLE,,,,,IDLE,,,0,0,143,no_target,转向完成，向前离开边缘,400,400,1
25.331,774.0,1455.0,1232.0,925.0,0.8762,1.6429,1.1917,0.8557,1.034,0,0,0,1,0,0,1,-5.0,408.0,1024.0,1,0,0,patrol,RECOVER_FORWARD,RECOVER_FORWARD,WAIT,IDLE,,IDLE,,,,,IDLE,,,0,0,143,no_target,转向完成，向前离开边缘,400,400,1
25.351,762.0,1433.0,1213.0,919.0,0.8669,1.6329,1.1772,0.8389,1.022,0,0,0,1,0,0,1,-5.0,361.0,1020.0,1,0,0,patrol,RECOVER_FORWARD,RECOVER_FORWARD,WAIT,IDLE,,IDLE,,,,,IDLE,,,0,0,143,no_target,转向完成，向前离开边缘,400,400,1
25.371,764.0,1447.0,1223.0,925.0,0.8359,1.6171,1.1553,0.8389,0.9971,0,0,0,1,0,0,1,182.0,803.0,1024.0,1,0,0,patrol,RECOVER_FORWARD,RECOVER_FORWARD,WAIT,IDLE,,IDLE,,,,,IDLE,,,0,0,143,no_target,转向完成，向前离开边缘,400,400,1
25.391,766.0,1459.0,1217.0,919.0,0.8359,1.6171,1.1408,0.8188,0.9883,0,0,0,1,0,0,1,-4.0,392.0,1024.0,1,0,0,patrol,RECOVER_FORWARD,RECOVER_FORWARD,WAIT,IDLE,,IDLE,,,,,IDLE,,,0,0,143,no_target,转向完成，向前离开边缘,400,400,1
25.411,767.0,1465.0,1209.0,916.0,0.8421,1.6409,1.1408,0.8188,0.9914,0,0,0,1,0,0,1,-9.0,231.0,1024.0,1,0,0,patrol,RECOVER_FORWARD,RECOVER_FORWARD,WAIT,IDLE,,IDLE,,,,,IDLE,,,0,0,144,no_target,转向完成，向前离开边缘,400,400,1
25.432,766.0,1434.0,1193.0,910.0,0.8421,1.6409,1.1214,0.8087,0.9817,0,0,0,1,0,0,1,9.0,977.0,1024.0,1,0,0,patrol,RECOVER_FORWARD,RECOVER_FORWARD,WAIT,IDLE,,IDLE,,,,,IDLE,,,0,0,144,no_target,转向完成，向前离开边缘,400,400,1
25.452,762.0,1428.0,1188.0,917.0,0.8421,1.5913,1.0825,0.8087,0.9623,0,0,0,1,0,0,1,0.0,393.0,1021.0,1,0,0,patrol,RECOVER_FORWARD,RECOVER_FORWARD,WAIT,IDLE,,IDLE,,,,,IDLE,,,0,0,144,no_target,转向完成，向前离开边缘,400,400,1
25.472,748.0,1434.0,1173.0,909.0,0.8297,1.5913,1.0704,0.7886,0.9501,0,0,0,1,0,0,1,-4.0,360.0,1056.0,1,0,0,patrol,RECOVER_FORWARD,RECOVER_FORWARD,WAIT,IDLE,,IDLE,,,,,IDLE,,,0,0,144,no_target,转向完成，向前离开边缘,400,400,1
25.492,747.0,1446.0,1176.0,914.0,0.7864,1.5913,1.0413,0.802,0.9216,0,0,0,1,0,0,1,8.0,408.0,1037.0,1,0,0,patrol,RECOVER_FORWARD,RECOVER_FORWARD,WAIT,IDLE,,IDLE,,,,,IDLE,,,0,0,144,no_target,转向完成，向前离开边缘,400,400,1
25.512,740.0,1441.0,1166.0,916.0,0.7833,1.6052,1.034,0.802,0.918,0,0,0,1,0,0,1,-4.0,756.0,1039.0,1,0,0,patrol,RECOVER_FORWARD,RECOVER_FORWARD,WAIT,IDLE,,IDLE,,,,,IDLE,,,0,0,144,no_target,转向完成，向前离开边缘,400,400,1
25.532,736.0,1443.0,1161.0,913.0,0.7616,1.6091,1.017,0.802,0.9095,0,0,0,1,0,0,1,-4.0,264.0,1038.0,1,0,0,patrol,RECOVER_FORWARD,RECOVER_FORWARD,WAIT,IDLE,,IDLE,,,,,IDLE,,,0,0,144,no_target,转向完成，向前离开边缘,400,400,1
25.552,742.0,1448.0,1162.0,920.0,0.7616,1.6091,1.0073,0.8087,0.908,0,0,0,1,0,0,1,117.0,734.0,1056.0,1,0,0,patrol,RECOVER_FORWARD,RECOVER_FORWARD,WAIT,IDLE,,IDLE,,,,,IDLE,,,0,0,145,no_target,转向完成，向前离开边缘,400,400,1
25.572,740.0,1434.0,1152.0,906.0,0.7616,1.6091,1.0049,0.7987,0.9018,0,0,0,1,0,0,1,-4.0,426.0,1036.0,1,0,0,patrol,RECOVER_FORWARD,RECOVER_FORWARD,WAIT,IDLE,,IDLE,,,,,IDLE,,,0,0,145,no_target,转向完成，向前离开边缘,400,400,1
25.593,732.0,1412.0,1136.0,892.0,0.7616,1.5913,0.983,0.7752,0.8791,0,0,0,0,0,0,1,-4.0,819.0,1055.0,1,0,0,patrol,RECOVER_FORWARD,RECOVER_FORWARD,WAIT,IDLE,,IDLE,,,,,IDLE,,,0,0,145,no_target,转向完成，向前离开边缘,400,400,1
25.613,743.0,1414.0,1136.0,902.0,0.7616,1.5516,0.9442,0.7617,0.853,0,0,0,0,0,0,1,7.0,670.0,1024.0,1,0,0,patrol,RECOVER_FORWARD,RECOVER_FORWARD,WAIT,IDLE,,IDLE,,,,,IDLE,,,0,0,145,no_target,转向完成，向前离开边缘,400,400,1
25.633,731.0,1401.0,1123.0,894.0,0.7368,1.5476,0.9442,0.7349,0.8405,0,0,0,0,0,0,1,-5.0,344.0,1036.0,1,1,0,patrol,RECOVER_FORWARD,RECOVER_FORWARD,WAIT,IDLE,,IDLE,,,,,IDLE,,,0,0,145,no_target,转向完成，向前离开边缘,400,400,1
25.653,725.0,1405.0,1131.0,898.0,0.7337,1.5337,0.932,0.7483,0.8402,0,0,0,0,0,0,1,249.0,457.0,1022.0,1,1,0,patrol,RECOVER_FORWARD,RECOVER_FORWARD,WAIT,IDLE,,IDLE,,,,,IDLE,,,0,0,145,no_target,转向完成，向前离开边缘,400,400,1
25.673,716.0,1384.0,1126.0,894.0,0.7152,1.5258,0.9199,0.7349,0.8274,0,0,0,0,0,0,1,-5.0,329.0,1054.0,1,1,0,patrol,RECOVER_FORWARD,RECOVER_FORWARD,WAIT,IDLE,,IDLE,,,,,IDLE,,,0,0,145,no_target,转向完成，向前离开边缘,400,400,1
25.693,717.0,1382.0,1128.0,896.0,0.6904,1.4921,0.9248,0.7416,0.8332,0,0,0,0,0,0,1,-216.0,327.0,1040.0,1,1,0,patrol,RECOVER_FORWARD,RECOVER_FORWARD,WAIT,IDLE,,IDLE,,,,,IDLE,,,0,0,146,no_target,转向完成，向前离开边缘,400,400,1
25.713,715.0,1369.0,1125.0,877.0,0.6873,1.4881,0.9199,0.7349,0.8274,0,0,0,0,0,0,1,-385.0,717.0,1055.0,1,1,0,patrol,RECOVER_FORWARD,RECOVER_FORWARD,WAIT,IDLE,,IDLE,,,,,IDLE,,,0,0,146,no_target,转向完成，向前离开边缘,400,400,1
25.734,714.0,1371.0,1128.0,872.0,0.6842,1.4663,0.9248,0.6779,0.8045,0,0,0,0,0,0,1,-93.0,426.0,1069.0,1,1,0,patrol,RECOVER_FORWARD,RECOVER_FORWARD,WAIT,IDLE,,IDLE,,,,,IDLE,,,0,0,146,no_target,转向完成，向前离开边缘,400,400,1
25.754,714.0,1371.0,1128.0,872.0,0.6811,1.4663,0.9248,0.6611,0.8029,0,0,0,0,0,0,1,-93.0,426.0,1069.0,1,1,0,patrol,RECOVER_FORWARD,RECOVER_FORWARD,WAIT,IDLE,,IDLE,,,,,IDLE,,,0,0,146,no_target,转向完成，向前离开边缘,400,400,1
25.774,706.0,1369.0,1130.0,873.0,0.6811,1.4663,0.9248,0.6611,0.8029,0,0,0,0,0,0,1,-135.0,313.0,1054.0,1,1,0,patrol,RECOVER_FORWARD,RECOVER_FORWARD,WAIT,IDLE,,IDLE,,,,,IDLE,,,0,0,146,no_target,转向完成，向前离开边缘,400,400,1
25.794,699.0,1369.0,1130.0,876.0,0.6563,1.4623,0.9296,0.6644,0.797,0,0,0,0,0,0,1,-135.0,328.0,1040.0,1,1,0,patrol,RECOVER_FORWARD,RECOVER_FORWARD,WAIT,IDLE,,IDLE,,,,,IDLE,,,0,0,146,no_target,转向完成，向前离开边缘,400,400,1
25.814,701.0,1356.0,1125.0,880.0,0.6409,1.4623,0.9296,0.6745,0.8021,0,0,0,0,0,0,1,259.0,509.0,1054.0,1,1,0,patrol,RECOVER_FORWARD,RECOVER_FORWARD,WAIT,IDLE,,IDLE,,,,,IDLE,,,0,0,146,no_target,转向完成，向前离开边缘,400,400,1
25.834,695.0,1334.0,1113.0,858.0,0.6347,1.4365,0.9175,0.6745,0.796,0,0,0,0,0,0,1,2.0,144.0,1053.0,1,1,0,patrol,RECOVER_FORWARD,RECOVER_FORWARD,WAIT,IDLE,,IDLE,,,,,IDLE,,,0,0,147,no_target,转向完成，向前离开边缘,400,400,1
25.855,698.0,1344.0,1117.0,867.0,0.6316,1.4127,0.8981,0.6443,0.7712,0,0,0,0,0,0,1,131.0,913.0,1073.0,1,1,0,patrol,RECOVER_FORWARD,RECOVER_FORWARD,WAIT,IDLE,,IDLE,,,,,IDLE,,,0,0,147,no_target,转向完成，向前离开边缘,400,400,1
25.875,693.0,1336.0,1115.0,868.0,0.6223,1.3968,0.8932,0.6443,0.7687,0,0,0,0,0,0,1,15.0,525.0,1076.0,1,1,0,patrol,RECOVER_FORWARD,RECOVER_FORWARD,WAIT,IDLE,,IDLE,,,,,IDLE,,,0,0,147,no_target,转向完成，向前离开边缘,400,400,1
25.895,686.0,1338.0,1112.0,859.0,0.6161,1.4008,0.8932,0.6443,0.7687,0,0,0,0,0,0,1,-16.0,524.0,1069.0,1,1,0,patrol,RECOVER_FORWARD,RECOVER_FORWARD,WAIT,IDLE,,IDLE,,,,,IDLE,,,0,0,147,no_target,转向完成，向前离开边缘,400,400,1
25.915,677.0,1333.0,1097.0,841.0,0.5944,1.3968,0.8859,0.6174,0.7517,0,0,0,0,0,0,1,-5.0,227.0,1070.0,1,1,0,patrol,RECOVER_FORWARD,RECOVER_FORWARD,WAIT,IDLE,,IDLE,,,,,IDLE,,,0,0,147,no_target,转向完成，向前离开边缘,400,400,1
25.935,670.0,1342.0,1094.0,837.0,0.5666,1.4008,0.8495,0.557,0.708,0,0,0,0,0,0,1,2.0,345.0,1087.0,1,1,0,patrol,RECOVER_FORWARD,RECOVER_FORWARD,WAIT,IDLE,,IDLE,,,,,IDLE,,,0,0,147,no_target,转向完成，向前离开边缘,400,400,1
25.955,664.0,1349.0,1089.0,824.0,0.5449,1.4087,0.8422,0.5436,0.6936,0,0,0,0,0,0,1,-4.0,78.0,1066.0,1,1,0,patrol,RECOVER_FORWARD,RECOVER_FORWARD,WAIT,IDLE,,IDLE,,,,,IDLE,,,0,0,147,no_target,转向完成，向前离开边缘,400,400,1
25.976,647.0,1353.0,1090.0,818.0,0.5263,1.4226,0.8325,0.5,0.6794,0,0,0,0,0,0,1,157.0,262.0,1084.0,1,1,0,patrol,RECOVER_FORWARD,RECOVER_FORWARD,WAIT,IDLE,,IDLE,,,,,IDLE,,,0,0,147,no_target,转向完成，向前离开边缘,400,400,1
25.996,647.0,1330.0,1081.0,822.0,0.4737,1.4226,0.8301,0.4933,0.6617,0,0,0,0,0,0,1,-5.0,771.0,1088.0,1,1,0,patrol,RECOVER_FORWARD,RECOVER_FORWARD,WAIT,IDLE,,IDLE,,,,,IDLE,,,0,0,148,no_target,转向完成，向前离开边缘,400,400,1
26.016,655.0,1331.0,1077.0,829.0,0.4737,1.3869,0.8107,0.4933,0.652,0,0,0,0,0,0,1,-4.0,262.0,1086.0,1,1,0,patrol,RECOVER_FORWARD,RECOVER_FORWARD,WAIT,IDLE,,IDLE,,,,,IDLE,,,0,0,148,no_target,转向完成，向前离开边缘,400,400,1
26.036,654.0,1310.0,1075.0,828.0,0.4954,1.3849,0.801,0.5134,0.6572,0,0,0,0,0,0,1,72.0,233.0,1083.0,1,1,0,patrol,RECOVER_FORWARD,RECOVER_FORWARD,WAIT,IDLE,,IDLE,,,,,IDLE,,,0,0,148,no_target,转向完成，向前离开边缘,400,400,1
26.056,662.0,1324.0,1076.0,830.0,0.4985,1.373,0.7985,0.5168,0.6577,0,0,0,0,0,0,1,-4.0,204.0,1070.0,1,1,0,patrol,RECOVER_FORWARD,RECOVER_FORWARD,WAIT,IDLE,,IDLE,,,,,IDLE,,,0,0,148,no_target,转向完成，向前离开边缘,400,400,1
26.076,650.0,1317.0,1073.0,828.0,0.4954,1.3591,0.7961,0.5134,0.6548,0,0,0,0,0,0,1,-4.0,296.0,1070.0,1,1,0,patrol,RECOVER_FORWARD,RECOVER_FORWARD,WAIT,IDLE,,IDLE,,,,,IDLE,,,0,0,148,no_target,转向完成，向前离开边缘,400,400,1
26.096,641.0,1312.0,1064.0,821.0,0.483,1.3591,0.7913,0.5134,0.6523,0,0,0,0,0,0,1,-3.0,177.0,1083.0,1,1,0,patrol,RECOVER_FORWARD,RECOVER_FORWARD,WAIT,IDLE,,IDLE,,,,,IDLE,,,0,0,148,no_target,转向完成，向前离开边缘,400,400,1
26.117,646.0,1292.0,1050.0,821.0,0.4706,1.3492,0.7694,0.4899,0.6297,0,0,0,0,0,0,1,-20.0,23.0,1083.0,1,1,0,patrol,MEDIUM_CRUISE,MEDIUM_CRUISE,WAIT,IDLE,,IDLE,,,,,IDLE,,,0,0,148,no_target,已达到避边释放线，恢复中速穿越渐变区,400,400,1
26.137,646.0,1307.0,1047.0,825.0,0.4706,1.3393,0.7354,0.4899,0.6127,0,0,0,0,0,0,1,-146.0,188.0,1070.0,1,1,0,patrol,EDGE_AVOID,EDGE_AVOID,WAIT,IDLE,,IDLE,,,,,IDLE,,,0,0,148,no_target,前向灰度趋势变暗，提前离边,-400,-400,1
26.157,649.0,1316.0,1044.0,827.0,0.4706,1.3393,0.7282,0.5034,0.6158,0,0,0,0,0,0,1,-451.0,23.0,1085.0,1,1,0,patrol,EDGE_AVOID,EDGE_AVOID,WAIT,IDLE,,IDLE,,,,,IDLE,,,0,0,149,no_target,前向灰度趋势变暗，提前离边,-400,-400,1
26.177,637.0,1303.0,1028.0,825.0,0.4706,1.3393,0.7209,0.5034,0.6121,0,0,0,0,0,0,1,-200.0,23.0,1080.0,1,1,0,patrol,EDGE_AVOID,EDGE_AVOID,WAIT,IDLE,,IDLE,,,,,IDLE,,,0,0,149,no_target,前向灰度趋势变暗，提前离边,-400,-400,1
26.197,637.0,1303.0,1028.0,825.0,0.4427,1.3313,0.682,0.5034,0.5927,0,0,0,0,0,0,1,-200.0,23.0,1080.0,1,1,0,patrol,EDGE_AVOID,EDGE_AVOID,WAIT,IDLE,,IDLE,,,,,IDLE,,,0,0,149,no_target,前向灰度趋势变暗，提前离边,-400,-400,1
26.217,633.0,1298.0,1025.0,817.0,0.4427,1.3313,0.682,0.5034,0.5927,0,0,0,0,0,0,1,-182.0,27.0,1069.0,1,1,0,patrol,EDGE_AVOID,EDGE_AVOID,WAIT,IDLE,,IDLE,,,,,IDLE,,,0,0,149,no_target,前向灰度趋势变暗，提前离边,-400,-400,1
26.237,633.0,1274.0,1011.0,813.0,0.4303,1.3214,0.6748,0.4765,0.5756,0,0,0,0,0,0,1,-414.0,26.0,1117.0,1,1,0,patrol,EDGE_AVOID,EDGE_AVOID,WAIT,IDLE,,IDLE,,,,,IDLE,,,0,0,149,no_target,前向灰度趋势变暗，提前离边,-400,-400,1
26.258,632.0,1267.0,994.0,810.0,0.4303,1.2738,0.6408,0.4631,0.5519,0,0,0,0,0,0,1,-57.0,22.0,1131.0,1,1,0,patrol,EDGE_AVOID,EDGE_AVOID,WAIT,IDLE,,IDLE,,,,,IDLE,,,0,0,149,no_target,前向灰度趋势变暗，提前离边,-400,-400,1
26.278,632.0,1271.0,995.0,815.0,0.4272,1.2679,0.6019,0.4631,0.5325,0,0,0,0,0,0,1,-187.0,346.0,1136.0,1,1,0,patrol,EDGE_AVOID,EDGE_AVOID,WAIT,IDLE,,IDLE,,,,,IDLE,,,0,0,149,no_target,前向灰度趋势变暗，提前离边,-400,-400,1
26.298,629.0,1258.0,1001.0,813.0,0.4272,1.2599,0.6019,0.4631,0.5325,0,0,0,0,0,0,1,515.0,22.0,1101.0,1,1,0,patrol,EDGE_AVOID,EDGE_AVOID,WAIT,IDLE,,IDLE,,,,,IDLE,,,0,0,149,no_target,前向灰度趋势变暗，提前离边,-400,-400,1
26.318,627.0,1251.0,1001.0,814.0,0.418,1.2421,0.6165,0.4664,0.5415,0,0,0,0,0,0,1,-174.0,262.0,1133.0,1,1,0,patrol,EDGE_AVOID,EDGE_AVOID,WAIT,IDLE,,IDLE,,,,,IDLE,,,0,0,150,no_target,前向灰度趋势变暗，提前离边,-400,-400,1
26.338,627.0,1250.0,1001.0,817.0,0.4118,1.2282,0.6165,0.4664,0.5415,0,0,0,0,0,0,1,238.0,22.0,1084.0,1,1,0,patrol,EDGE_AVOID,EDGE_AVOID,WAIT,IDLE,,IDLE,,,,,IDLE,,,0,0,150,no_target,前向灰度趋势变暗，提前离边,-400,-400,1
26.358,625.0,1249.0,1001.0,816.0,0.4118,1.2262,0.6165,0.4732,0.5448,0,0,0,0,0,0,1,110.0,262.0,1099.0,1,1,0,patrol,EDGE_AVOID,EDGE_AVOID,WAIT,IDLE,,IDLE,,,,,IDLE,,,0,0,150,no_target,前向灰度趋势变暗，提前离边,-400,-400,1
26.378,625.0,1250.0,999.0,816.0,0.4056,1.2262,0.6165,0.4732,0.5448,0,0,0,0,0,0,1,-70.0,23.0,1117.0,1,1,0,patrol,EDGE_AVOID,EDGE_AVOID,WAIT,IDLE,,IDLE,,,,,IDLE,,,0,0,150,no_target,前向灰度趋势变暗，提前离边,-400,-400,1
26.399,622.0,1247.0,996.0,814.0,0.4056,1.2242,0.6117,0.4732,0.5424,0,0,0,0,0,0,1,224.0,23.0,1102.0,1,1,0,patrol,EDGE_AVOID,EDGE_AVOID,WAIT,IDLE,,IDLE,,,,,IDLE,,,0,0,150,no_target,前向灰度趋势变暗，提前离边,-400,-400,1
26.419,624.0,1250.0,999.0,814.0,0.4025,1.2262,0.6117,0.4664,0.539,0,0,0,0,0,0,1,-166.0,23.0,1098.0,1,1,0,patrol,EDGE_AVOID,EDGE_AVOID,WAIT,IDLE,,IDLE,,,,,IDLE,,,0,0,150,no_target,前向灰度趋势变暗，提前离边,-400,-400,1
26.439,624.0,1249.0,998.0,815.0,0.4025,1.2242,0.6092,0.4664,0.5378,0,0,0,0,0,0,1,-24.0,23.0,1100.0,1,1,0,patrol,EDGE_AVOID,EDGE_AVOID,WAIT,IDLE,,IDLE,,,,,IDLE,,,0,0,150,no_target,前向灰度趋势变暗，提前离边,-400,-400,1
26.459,624.0,1251.0,998.0,816.0,0.4025,1.2262,0.6092,0.4698,0.5395,0,0,0,0,0,0,1,-288.0,261.0,1101.0,1,1,0,patrol,EDGE_AVOID,EDGE_AVOID,WAIT,IDLE,,IDLE,,,,,IDLE,,,0,0,151,no_target,前向灰度趋势变暗，提前离边,-400,-400,1
26.479,627.0,1255.0,1003.0,819.0,0.4025,1.2282,0.6092,0.4732,0.5412,0,0,0,0,0,0,1,-38.0,23.0,1098.0,1,1,0,patrol,EDGE_AVOID,EDGE_AVOID,WAIT,IDLE,,IDLE,,,,,IDLE,,,0,0,151,no_target,前向灰度趋势变暗，提前离边,-400,-400,1
26.499,626.0,1253.0,1001.0,818.0,0.4087,1.2321,0.6165,0.4799,0.5482,0,0,0,0,0,0,1,-238.0,23.0,1138.0,1,1,0,patrol,EDGE_AVOID,EDGE_AVOID,WAIT,IDLE,,IDLE,,,,,IDLE,,,0,0,151,no_target,前向灰度趋势变暗，提前离边,-400,-400,1
26.519,620.0,1242.0,993.0,811.0,0.4087,1.2321,0.6165,0.4799,0.5482,0,0,0,0,0,0,1,106.0,296.0,1102.0,1,1,0,patrol,EDGE_AVOID,EDGE_AVOID,WAIT,IDLE,,IDLE,,,,,IDLE,,,0,0,151,no_target,前向灰度趋势变暗，提前离边,-400,-400,1
26.539,625.0,1249.0,999.0,813.0,0.4056,1.2242,0.6117,0.4631,0.5374,0,0,0,0,0,0,1,-4.0,23.0,1117.0,1,1,0,patrol,EDGE_AVOID,EDGE_AVOID,WAIT,IDLE,,IDLE,,,,,IDLE,,,0,0,151,no_target,前向灰度趋势变暗，提前离边,-400,-400,1
26.56,625.0,1254.0,998.0,812.0,0.4056,1.2242,0.6092,0.4597,0.5345,0,0,0,0,0,0,1,5.0,23.0,1115.0,1,1,0,patrol,EDGE_AVOID,EDGE_AVOID,WAIT,IDLE,,IDLE,,,,,IDLE,,,0,0,151,no_target,前向灰度趋势变暗，提前离边,-400,-400,1
26.58,625.0,1263.0,989.0,810.0,0.4056,1.2341,0.6092,0.4597,0.5345,0,0,0,0,0,0,1,-4.0,23.0,1100.0,1,1,0,patrol,EDGE_AVOID,EDGE_AVOID,WAIT,IDLE,,IDLE,,,,,IDLE,,,0,0,151,no_target,前向灰度趋势变暗，提前离边,-400,-400,1
26.6,631.0,1277.0,992.0,814.0,0.4056,1.252,0.5947,0.4597,0.5272,0,0,0,0,0,0,1,11.0,23.0,1116.0,1,1,0,patrol,EDGE_AVOID,EDGE_AVOID,WAIT,IDLE,,IDLE,,,,,IDLE,,,0,0,152,no_target,前向灰度趋势变暗，提前离边,-400,-400,1
26.62,632.0,1273.0,995.0,813.0,0.4241,1.2718,0.5947,0.4631,0.5289,0,0,0,0,0,0,1,-460.0,23.0,1132.0,1,1,0,patrol,EDGE_AVOID,EDGE_AVOID,WAIT,IDLE,,IDLE,,,,,IDLE,,,0,0,152,no_target,前向灰度趋势变暗，提前离边,-400,-400,1
26.64,631.0,1286.0,1011.0,814.0,0.4241,1.2798,0.6019,0.4664,0.5342,0,0,0,0,0,0,1,-477.0,245.0,1100.0,1,1,0,patrol,EDGE_AVOID,EDGE_AVOID,WAIT,IDLE,,IDLE,,,,,IDLE,,,0,0,152,no_target,前向灰度趋势变暗，提前离边,-400,-400,1
26.66,629.0,1299.0,1017.0,816.0,0.4241,1.2976,0.6408,0.4664,0.5536,0,0,0,0,0,0,1,412.0,77.0,1100.0,1,1,0,patrol,EDGE_AVOID,EDGE_AVOID,WAIT,IDLE,,IDLE,,,,,IDLE,,,0,0,152,no_target,前向灰度趋势变暗，提前离边,-400,-400,1
26.68,630.0,1296.0,1017.0,824.0,0.4211,1.3175,0.6553,0.4732,0.5642,0,0,0,0,0,0,1,-338.0,22.0,1101.0,1,1,0,patrol,EDGE_AVOID,EDGE_AVOID,WAIT,IDLE,,IDLE,,,,,IDLE,,,0,0,152,no_target,前向灰度趋势变暗，提前离边,-400,-400,1
26.7,630.0,1296.0,1017.0,824.0,0.4211,1.3175,0.6553,0.5,0.5777,0,0,0,0,0,0,1,-338.0,22.0,1101.0,1,1,0,patrol,EDGE_AVOID,EDGE_AVOID,WAIT,IDLE,,IDLE,,,,,IDLE,,,0,0,152,no_target,前向灰度趋势变暗，提前离边,-400,-400,1
26.721,635.0,1297.0,1020.0,820.0,0.4211,1.3175,0.6553,0.5,0.5777,0,0,0,0,0,0,1,-4.0,441.0,1086.0,1,1,0,patrol,EDGE_AVOID,EDGE_AVOID,WAIT,IDLE,,IDLE,,,,,IDLE,,,0,0,152,no_target,前向灰度趋势变暗，提前离边,-400,-400,1
26.741,637.0,1295.0,1024.0,814.0,0.4365,1.3175,0.6626,0.4866,0.5746,0,0,0,0,0,0,1,-3.0,78.0,1080.0,1,1,0,patrol,EDGE_TURN,EDGE_TURN,WAIT,IDLE,,IDLE,,,,,IDLE,,right,0,0,153,no_target,直线退离完成，开始转向,550,-550,1
26.761,643.0,1302.0,1040.0,829.0,0.4427,1.3194,0.6723,0.4866,0.5795,0,0,0,0,0,0,1,11.0,474.0,1103.0,1,1,0,patrol,EDGE_TURN,EDGE_TURN,WAIT,IDLE,,IDLE,,,,,IDLE,,right,0,0,153,no_target,直线退离完成，开始转向,550,-550,1
26.781,643.0,1301.0,1042.0,819.0,0.4613,1.3274,0.7112,0.4832,0.5972,0,0,0,0,0,0,1,-33.0,160.0,1054.0,1,1,0,patrol,EDGE_TURN,EDGE_TURN,WAIT,IDLE,,IDLE,,,,,IDLE,,right,0,0,153,no_target,直线退离完成，开始转向,550,-550,1
26.801,638.0,1312.0,1058.0,821.0,0.4613,1.3294,0.716,0.4899,0.603,0,0,0,0,0,0,1,115.0,142.0,1082.0,1,1,0,patrol,EDGE_TURN,EDGE_TURN,WAIT,IDLE,,IDLE,,,,,IDLE,,right,0,0,153,no_target,直线退离完成，开始转向,550,-550,1
26.821,646.0,1321.0,1073.0,828.0,0.4613,1.3492,0.7549,0.4899,0.6224,0,0,0,0,0,0,1,445.0,177.0,1116.0,1,1,0,patrol,EDGE_TURN,EDGE_TURN,WAIT,IDLE,,IDLE,,,,,IDLE,,right,0,0,153,no_target,直线退离完成，开始转向,550,-550,1
26.841,652.0,1316.0,1062.0,820.0,0.4706,1.3571,0.7646,0.4899,0.6272,0,0,0,0,0,0,1,-32.0,144.0,1070.0,1,1,0,patrol,EDGE_TURN,EDGE_TURN,WAIT,IDLE,,IDLE,,,,,IDLE,,right,0,0,153,no_target,直线退离完成，开始转向,550,-550,1
26.861,654.0,1315.0,1071.0,823.0,0.4892,1.3571,0.7864,0.4966,0.6415,0,0,0,0,0,0,1,-185.0,193.0,1085.0,1,1,0,patrol,EDGE_TURN,EDGE_TURN,WAIT,IDLE,,IDLE,,,,,IDLE,,right,0,0,153,no_target,直线退离完成，开始转向,550,-550,1
26.882,648.0,1315.0,1072.0,821.0,0.4892,1.3552,0.7864,0.4899,0.6382,0,0,0,0,0,0,1,-190.0,193.0,1093.0,1,1,0,patrol,EDGE_TURN,EDGE_TURN,WAIT,IDLE,,IDLE,,,,,IDLE,,right,0,0,153,no_target,直线退离完成，开始转向,550,-550,1
26.902,644.0,1319.0,1065.0,813.0,0.4768,1.3552,0.7864,0.4899,0.6382,0,0,0,0,0,0,1,-157.0,193.0,1070.0,1,1,0,patrol,EDGE_TURN,EDGE_TURN,WAIT,IDLE,,IDLE,,,,,IDLE,,right,0,0,153,no_target,直线退离完成，开始转向,550,-550,1
26.922,638.0,1346.0,1068.0,814.0,0.4644,1.3631,0.7791,0.4664,0.6228,0,0,0,0,0,0,1,333.0,111.0,1101.0,1,1,0,patrol,EDGE_TURN,EDGE_TURN,WAIT,IDLE,,IDLE,,,,,IDLE,,right,0,0,154,no_target,直线退离完成，开始转向,550,-550,1
26.942,644.0,1364.0,1077.0,818.0,0.4644,1.4167,0.7791,0.4664,0.6228,0,0,0,0,0,0,1,-23.0,409.0,1138.0,1,1,0,patrol,EDGE_TURN,EDGE_TURN,WAIT,IDLE,,IDLE,,,,,IDLE,,right,0,0,154,no_target,直线退离完成，开始转向,550,-550,1
26.962,647.0,1355.0,1088.0,832.0,0.4644,1.4345,0.801,0.4799,0.6404,0,0,1,0,0,0,1,-19.0,274.0,1097.0,1,1,0,patrol,EDGE_TURN,EDGE_TURN,WAIT,IDLE,,IDLE,,,,,IDLE,,right,0,0,154,no_target,直线退离完成，开始转向,550,-550,1
26.982,645.0,1339.0,1089.0,837.0,0.4675,1.4345,0.8277,0.5268,0.6773,0,0,0,0,0,0,1,340.0,279.0,1054.0,1,1,0,patrol,EDGE_TURN,EDGE_TURN,WAIT,IDLE,,IDLE,,,,,IDLE,,right,0,0,154,no_target,直线退离完成，开始转向,550,-550,1
27.003,655.0,1345.0,1092.0,857.0,0.4737,1.4147,0.8301,0.5436,0.6869,0,0,0,0,0,0,1,224.0,247.0,1071.0,1,1,0,patrol,EDGE_TURN,EDGE_TURN,WAIT,IDLE,,IDLE,,,,,IDLE,,right,0,0,154,no_target,直线退离完成，开始转向,550,-550,1
27.023,664.0,1349.0,1094.0,860.0,0.4985,1.4147,0.8374,0.6107,0.7241,0,0,0,0,0,0,1,175.0,78.0,1106.0,1,1,0,patrol,EDGE_TURN,EDGE_TURN,WAIT,IDLE,,IDLE,,,,,IDLE,,right,0,0,154,no_target,直线退离完成，开始转向,550,-550,1
27.043,664.0,1356.0,1094.0,859.0,0.5263,1.4226,0.8422,0.6174,0.7298,0,0,0,0,0,0,1,67.0,32.0,1069.0,1,1,0,patrol,EDGE_TURN,EDGE_TURN,WAIT,IDLE,,IDLE,,,,,IDLE,,right,0,0,154,no_target,直线退离完成，开始转向,550,-550,1
27.063,670.0,1359.0,1091.0,861.0,0.5263,1.4365,0.8422,0.6208,0.7315,0,0,0,0,0,0,1,-63.0,41.0,1070.0,1,1,0,patrol,EDGE_TURN,EDGE_TURN,WAIT,IDLE,,IDLE,,,,,IDLE,,right,0,0,154,no_target,直线退离完成，开始转向,550,-550,1
27.083,676.0,1367.0,1098.0,883.0,0.5449,1.4425,0.8422,0.6242,0.7332,0,0,0,0,0,0,1,-121.0,231.0,1078.0,1,1,0,patrol,EDGE_TURN,EDGE_TURN,WAIT,IDLE,,IDLE,,,,,IDLE,,right,0,0,155,no_target,直线退离完成，开始转向,550,-550,1
27.103,676.0,1366.0,1105.0,878.0,0.5635,1.4563,0.8519,0.6812,0.7666,0,0,0,0,0,0,1,-5.0,194.0,1067.0,1,1,0,patrol,EDGE_TURN,EDGE_TURN,WAIT,IDLE,,IDLE,,,,,IDLE,,right,0,0,155,no_target,直线退离完成，开始转向,550,-550,1
27.123,686.0,1380.0,1119.0,884.0,0.5635,1.4583,0.8689,0.698,0.7835,0,0,0,0,0,0,1,-4.0,230.0,1054.0,1,1,0,patrol,EDGE_TURN,EDGE_TURN,WAIT,IDLE,,IDLE,,,,,IDLE,,right,0,0,155,no_target,直线退离完成，开始转向,550,-550,1
27.143,684.0,1382.0,1119.0,875.0,0.5882,1.4841,0.9029,0.6812,0.7921,0,0,0,0,0,0,1,96.0,263.0,1070.0,1,1,0,patrol,EDGE_TURN,EDGE_TURN,WAIT,IDLE,,IDLE,,,,,IDLE,,right,0,0,155,no_target,直线退离完成，开始转向,550,-550,1
27.164,684.0,1382.0,1119.0,875.0,0.5882,1.4881,0.9029,0.6711,0.787,0,0,0,0,0,0,1,96.0,263.0,1070.0,1,1,0,patrol,EDGE_TURN,EDGE_TURN,WAIT,IDLE,,IDLE,,,,,IDLE,,right,0,0,155,no_target,直线退离完成，开始转向,550,-550,1
27.184,684.0,1386.0,1121.0,886.0,0.5882,1.4881,0.9029,0.6711,0.787,0,0,0,0,0,0,1,-76.0,263.0,1068.0,1,1,0,patrol,EDGE_TURN,EDGE_TURN,WAIT,IDLE,,IDLE,,,,,IDLE,,right,0,0,155,no_target,直线退离完成，开始转向,550,-550,1
27.204,688.0,1390.0,1123.0,896.0,0.5882,1.496,0.9078,0.7081,0.8079,0,0,0,0,0,0,1,-43.0,23.0,1050.0,1,1,0,patrol,EDGE_TURN,EDGE_TURN,WAIT,IDLE,,IDLE,,,,,IDLE,,right,0,0,155,no_target,直线退离完成，开始转向,550,-550,1
27.224,688.0,1400.0,1121.0,891.0,0.6006,1.504,0.9078,0.7248,0.8163,0,0,0,0,0,0,1,-126.0,176.0,1069.0,1,1,0,patrol,EDGE_TURN,EDGE_TURN,WAIT,IDLE,,IDLE,,,,,IDLE,,right,0,0,156,no_target,直线退离完成，开始转向,550,-550,1
27.244,692.0,1406.0,1120.0,895.0,0.6006,1.5238,0.9078,0.7383,0.823,0,0,0,0,0,0,1,14.0,704.0,1071.0,1,1,0,patrol,EDGE_TURN,EDGE_TURN,WAIT,IDLE,,IDLE,,,,,IDLE,,right,0,0,156,no_target,直线退离完成，开始转向,550,-550,1
27.264,696.0,1404.0,1121.0,902.0,0.613,1.5317,0.9078,0.7383,0.823,0,0,0,0,0,0,1,-25.0,279.0,1052.0,1,1,0,patrol,EDGE_TURN,EDGE_TURN,WAIT,IDLE,,IDLE,,,,,IDLE,,right,0,0,156,no_target,直线退离完成，开始转向,550,-550,1
27.284,694.0,1395.0,1113.0,900.0,0.6192,1.5317,0.9053,0.755,0.8302,0,0,0,0,0,0,1,200.0,685.0,1088.0,1,1,0,patrol,EDGE_TURN,EDGE_TURN,WAIT,IDLE,,IDLE,,,,,IDLE,,right,0,0,156,no_target,直线退离完成，开始转向,550,-550,1
27.305,696.0,1396.0,1113.0,911.0,0.6254,1.5159,0.8883,0.7617,0.825,0,0,0,0,0,0,1,-24.0,408.0,1070.0,1,1,0,patrol,EDGE_TURN,EDGE_TURN,WAIT,IDLE,,IDLE,,,,,IDLE,,right,0,0,156,no_target,直线退离完成，开始转向,550,-550,1
27.325,690.0,1389.0,1107.0,912.0,0.6192,1.5139,0.8883,0.7919,0.8401,0,0,0,0,0,0,1,-5.0,161.0,1053.0,1,1,0,patrol,EDGE_TURN,EDGE_TURN,WAIT,IDLE,,IDLE,,,,,IDLE,,right,0,0,156,no_target,直线退离完成，开始转向,550,-550,1
27.345,694.0,1403.0,1107.0,920.0,0.6192,1.5159,0.8738,0.7953,0.8345,0,0,0,0,0,0,1,-4.0,313.0,1053.0,1,1,0,patrol,EDGE_TURN,EDGE_TURN,WAIT,IDLE,,IDLE,,,,,IDLE,,right,0,0,156,no_target,直线退离完成，开始转向,550,-550,1
27.365,695.0,1406.0,1098.0,928.0,0.6192,1.5298,0.8738,0.8221,0.848,0,0,0,0,0,0,1,-5.0,192.0,1085.0,1,1,0,patrol,EDGE_TURN,EDGE_TURN,WAIT,IDLE,,IDLE,,,,,IDLE,,right,0,0,157,no_target,直线退离完成，开始转向,550,-550,1
27.385,694.0,1405.0,1095.0,928.0,0.6192,1.5337,0.8519,0.849,0.8505,0,0,0,0,0,0,1,528.0,1057.0,1089.0,1,1,0,patrol,EDGE_TURN,EDGE_TURN,WAIT,IDLE,,IDLE,,,,,IDLE,,right,0,0,157,no_target,直线退离完成，开始转向,550,-550,1
27.405,693.0,1418.0,1096.0,933.0,0.6192,1.5357,0.8471,0.849,0.848,0,0,0,0,0,0,1,-4.0,247.0,1051.0,1,1,0,patrol,EDGE_TURN,EDGE_TURN,WAIT,IDLE,,IDLE,,,,,IDLE,,right,0,0,157,no_target,直线退离完成，开始转向,550,-550,1
27.426,691.0,1419.0,1093.0,923.0,0.6161,1.5595,0.8447,0.849,0.8468,0,0,0,0,0,0,1,36.0,313.0,1053.0,1,1,0,patrol,EDGE_TURN,EDGE_TURN,WAIT,IDLE,,IDLE,,,,,IDLE,,right,0,0,157,no_target,直线退离完成，开始转向,550,-550,1
27.446,690.0,1418.0,1088.0,924.0,0.6099,1.5595,0.8398,0.8356,0.8377,0,0,0,0,0,0,1,115.0,33.0,1054.0,1,1,0,patrol,EDGE_TURN,EDGE_TURN,WAIT,IDLE,,IDLE,,,,,IDLE,,right,0,0,157,no_target,直线退离完成，开始转向,550,-550,1
27.466,694.0,1420.0,1089.0,932.0,0.6099,1.5615,0.8301,0.8356,0.8328,0,1,0,0,0,0,1,-5.0,227.0,1068.0,1,1,0,patrol,EDGE_TURN,EDGE_TURN,WAIT,IDLE,,IDLE,,,,,IDLE,,right,0,0,157,no_target,直线退离完成，开始转向,550,-550,1
27.486,700.0,1440.0,1097.0,944.0,0.6192,1.5635,0.8301,0.8624,0.8463,0,1,0,0,0,0,1,-5.0,112.0,1052.0,1,1,0,patrol,EDGE_TURN,EDGE_TURN,WAIT,IDLE,,IDLE,,,,,IDLE,,right,0,0,157,no_target,直线退离完成，开始转向,550,-550,1
27.506,698.0,1433.0,1090.0,953.0,0.6316,1.5893,0.8325,0.9027,0.8676,0,1,0,0,0,0,1,-5.0,95.0,1054.0,1,1,0,patrol,EDGE_TURN,EDGE_TURN,WAIT,IDLE,,IDLE,,,,,IDLE,,right,0,0,158,no_target,直线退离完成，开始转向,550,-550,1
27.526,704.0,1435.0,1090.0,968.0,0.6378,1.5933,0.8325,0.9329,0.8827,0,1,0,0,0,0,1,64.0,210.0,1054.0,1,1,0,patrol,EDGE_TURN,EDGE_TURN,WAIT,IDLE,,IDLE,,,,,IDLE,,right,0,0,158,no_target,直线退离完成，开始转向,550,-550,1
27.547,705.0,1437.0,1098.0,974.0,0.6502,1.5933,0.8325,0.9832,0.9079,0,0,0,0,0,0,1,45.0,61.0,1035.0,1,1,0,patrol,RECOVER_FORWARD,RECOVER_FORWARD,WAIT,IDLE,,IDLE,,,,,IDLE,,,0,0,158,no_target,转向完成，向前离开边缘,400,400,1
27.567,705.0,1441.0,1104.0,982.0,0.6533,1.5972,0.8519,1.0034,0.9276,0,0,0,0,0,0,1,4.0,410.0,1021.0,1,1,0,patrol,RECOVER_FORWARD,RECOVER_FORWARD,WAIT,IDLE,,IDLE,,,,,IDLE,,,0,0,158,no_target,转向完成，向前离开边缘,400,400,1
27.587,710.0,1449.0,1098.0,999.0,0.6533,1.6052,0.8519,1.0302,0.9411,0,0,0,0,0,0,1,-4.0,194.0,1038.0,1,1,0,patrol,RECOVER_FORWARD,RECOVER_FORWARD,WAIT,IDLE,,IDLE,,,,,IDLE,,,0,0,158,no_target,转向完成，向前离开边缘,400,400,1
27.607,711.0,1452.0,1085.0,1005.0,0.6687,1.621,0.8519,1.0872,0.9696,0,0,0,0,0,0,1,-108.0,62.0,1006.0,1,1,0,patrol,RECOVER_FORWARD,RECOVER_FORWARD,WAIT,IDLE,,IDLE,,,,,IDLE,,,0,0,158,no_target,转向完成，向前离开边缘,400,400,1
27.627,711.0,1452.0,1085.0,1005.0,0.6718,1.627,0.8204,1.1074,0.9639,0,0,0,0,0,0,1,-108.0,62.0,1006.0,1,1,0,patrol,RECOVER_FORWARD,RECOVER_FORWARD,WAIT,IDLE,,IDLE,,,,,IDLE,,,0,0,158,no_target,转向完成，向前离开边缘,400,400,1
27.647,713.0,1446.0,1079.0,1001.0,0.6718,1.627,0.8204,1.1074,0.9639,0,0,0,0,0,0,1,-88.0,590.0,1021.0,1,1,0,patrol,RECOVER_FORWARD,RECOVER_FORWARD,WAIT,IDLE,,IDLE,,,,,IDLE,,,0,0,158,no_target,转向完成，向前离开边缘,400,400,1
27.667,723.0,1453.0,1085.0,1008.0,0.678,1.627,0.8204,1.1074,0.9639,0,0,0,0,0,0,1,-3.0,328.0,1038.0,1,1,0,patrol,RECOVER_FORWARD,RECOVER_FORWARD,WAIT,IDLE,,IDLE,,,,,IDLE,,,0,0,159,no_target,转向完成，向前离开边缘,400,400,1
27.688,726.0,1448.0,1080.0,1012.0,0.709,1.619,0.8083,1.1174,0.9629,0,0,0,0,0,0,1,-18.0,34.0,1006.0,1,1,0,patrol,RECOVER_FORWARD,RECOVER_FORWARD,WAIT,IDLE,,IDLE,,,,,IDLE,,,0,0,159,no_target,转向完成，向前离开边缘,400,400,1
27.708,723.0,1441.0,1074.0,1021.0,0.709,1.619,0.8083,1.1309,0.9696,0,0,0,0,0,0,1,-5.0,247.0,1038.0,1,1,0,patrol,RECOVER_FORWARD,RECOVER_FORWARD,WAIT,IDLE,,IDLE,,,,,IDLE,,,0,0,159,no_target,转向完成，向前离开边缘,400,400,1
27.728,728.0,1448.0,1077.0,1028.0,0.7183,1.619,0.801,1.1611,0.981,0,0,0,0,0,0,1,122.0,210.0,1037.0,1,1,0,patrol,RECOVER_FORWARD,RECOVER_FORWARD,WAIT,IDLE,,IDLE,,,,,IDLE,,,0,0,159,no_target,转向完成，向前离开边缘,400,400,1
27.748,723.0,1437.0,1070.0,1026.0,0.709,1.6052,0.7937,1.1779,0.9858,0,0,0,0,0,0,1,-124.0,345.0,1024.0,1,1,0,patrol,RECOVER_FORWARD,RECOVER_FORWARD,WAIT,IDLE,,IDLE,,,,,IDLE,,,0,0,159,no_target,转向完成，向前离开边缘,400,400,1
27.768,722.0,1428.0,1070.0,1022.0,0.709,1.5972,0.784,1.1779,0.9809,0,0,0,0,0,0,1,209.0,231.0,1019.0,1,1,0,patrol,RECOVER_FORWARD,RECOVER_FORWARD,WAIT,IDLE,,IDLE,,,,,IDLE,,,0,0,159,no_target,转向完成，向前离开边缘,400,400,1
27.788,717.0,1417.0,1068.0,1014.0,0.7059,1.5794,0.784,1.1644,0.9742,0,0,0,0,0,0,1,59.0,126.0,1020.0,1,1,0,patrol,RECOVER_FORWARD,RECOVER_FORWARD,WAIT,IDLE,,IDLE,,,,,IDLE,,,0,0,159,no_target,转向完成，向前离开边缘,400,400,1
27.808,718.0,1417.0,1073.0,1021.0,0.6935,1.5575,0.784,1.1611,0.9725,0,0,0,0,0,0,1,-23.0,194.0,1022.0,1,1,0,patrol,RECOVER_FORWARD,RECOVER_FORWARD,WAIT,IDLE,,IDLE,,,,,IDLE,,,0,0,160,no_target,转向完成，向前离开边缘,400,400,1
27.829,719.0,1412.0,1072.0,1018.0,0.6935,1.5575,0.7888,1.151,0.9699,0,0,0,0,0,0,1,62.0,194.0,1024.0,1,1,0,patrol,RECOVER_FORWARD,RECOVER_FORWARD,WAIT,IDLE,,IDLE,,,,,IDLE,,,0,0,160,no_target,转向完成，向前离开边缘,400,400,1
27.849,709.0,1387.0,1056.0,1005.0,0.6935,1.5476,0.7888,1.151,0.9699,0,0,0,0,0,0,1,8.0,49.0,1021.0,1,1,0,patrol,RECOVER_FORWARD,RECOVER_FORWARD,WAIT,IDLE,,IDLE,,,,,IDLE,,,0,0,160,no_target,转向完成，向前离开边缘,400,400,1
27.869,711.0,1392.0,1056.0,1011.0,0.6718,1.5079,0.75,1.1275,0.9388,0,0,0,0,0,0,1,20.0,74.0,1020.0,1,1,0,patrol,RECOVER_FORWARD,RECOVER_FORWARD,WAIT,IDLE,,IDLE,,,,,IDLE,,,0,0,160,no_target,转向完成，向前离开边缘,400,400,1
27.889,713.0,1397.0,1056.0,1012.0,0.6718,1.5079,0.75,1.1275,0.9388,0,0,0,0,0,0,1,-4.0,160.0,1007.0,1,1,0,patrol,RECOVER_FORWARD,RECOVER_FORWARD,WAIT,IDLE,,IDLE,,,,,IDLE,,,0,0,160,no_target,转向完成，向前离开边缘,400,400,1
27.909,713.0,1395.0,1050.0,1010.0,0.678,1.5139,0.75,1.1275,0.9388,0,0,0,0,0,0,1,-3.0,160.0,1022.0,1,1,0,patrol,RECOVER_FORWARD,RECOVER_FORWARD,WAIT,IDLE,,IDLE,,,,,IDLE,,,0,0,160,no_target,转向完成，向前离开边缘,400,400,1
27.929,711.0,1390.0,1040.0,1008.0,0.678,1.5139,0.7354,1.1242,0.9298,0,0,0,0,0,0,1,23.0,23.0,1018.0,1,1,0,patrol,RECOVER_FORWARD,RECOVER_FORWARD,WAIT,IDLE,,IDLE,,,,,IDLE,,,0,0,160,no_target,转向完成，向前离开边缘,400,400,1
27.95,713.0,1394.0,1041.0,1015.0,0.678,1.5119,0.7136,1.1242,0.9189,0,0,0,0,0,0,1,-10.0,160.0,1021.0,1,1,0,patrol,RECOVER_FORWARD,RECOVER_FORWARD,WAIT,IDLE,,IDLE,,,,,IDLE,,,0,0,161,no_target,转向完成，向前离开边缘,400,400,1
27.97,713.0,1392.0,1039.0,1015.0,0.678,1.5079,0.7112,1.1409,0.9261,0,0,0,0,0,0,1,-255.0,144.0,1024.0,1,1,0,patrol,RECOVER_FORWARD,RECOVER_FORWARD,WAIT,IDLE,,IDLE,,,,,IDLE,,,0,0,161,no_target,转向完成，向前离开边缘,400,400,1
27.99,712.0,1388.0,1037.0,1013.0,0.678,1.5079,0.7087,1.1409,0.9248,0,0,0,0,0,0,1,-3.0,160.0,1022.0,1,1,0,patrol,RECOVER_FORWARD,RECOVER_FORWARD,WAIT,IDLE,,IDLE,,,,,IDLE,,,0,0,161,no_target,转向完成，向前离开边缘,400,400,1
28.011,705.0,1376.0,1028.0,1005.0,0.6749,1.5,0.7039,1.1342,0.9191,0,0,0,0,0,0,1,-93.0,833.0,1021.0,1,1,0,patrol,RECOVER_FORWARD,RECOVER_FORWARD,WAIT,IDLE,,IDLE,,,,,IDLE,,,0,0,161,no_target,转向完成，向前离开边缘,400,400,1
28.031,704.0,1370.0,1025.0,1000.0,0.6533,1.4762,0.682,1.1074,0.8947,0,0,0,0,0,0,1,15.0,156.0,1022.0,1,1,0,patrol,RECOVER_FORWARD,RECOVER_FORWARD,WAIT,IDLE,,IDLE,,,,,IDLE,,,0,0,161,no_target,转向完成，向前离开边缘,400,400,1
28.052,711.0,1385.0,1033.0,1004.0,0.6533,1.4762,0.682,1.104,0.893,0,0,0,0,0,0,1,-5.0,23.0,1022.0,1,1,0,patrol,RECOVER_FORWARD,RECOVER_FORWARD,WAIT,IDLE,,IDLE,,,,,IDLE,,,0,0,161,no_target,转向完成，向前离开边缘,400,400,1
28.072,703.0,1376.0,1027.0,988.0,0.6502,1.4762,0.6796,1.0906,0.8851,0,0,0,0,0,0,1,25.0,393.0,1021.0,1,1,0,patrol,RECOVER_FORWARD,RECOVER_FORWARD,WAIT,IDLE,,IDLE,,,,,IDLE,,,0,0,161,no_target,转向完成，向前离开边缘,400,400,1
28.092,705.0,1384.0,1035.0,993.0,0.6533,1.4921,0.6942,1.0671,0.8806,0,0,0,0,0,0,1,-22.0,144.0,1004.0,1,1,0,patrol,RECOVER_FORWARD,RECOVER_FORWARD,WAIT,IDLE,,IDLE,,,,,IDLE,,,0,0,162,no_target,转向完成，向前离开边缘,400,400,1
28.112,700.0,1384.0,1037.0,986.0,0.6471,1.4921,0.699,1.0503,0.8747,0,0,0,0,0,0,1,-4.0,418.0,1024.0,1,1,0,patrol,RECOVER_FORWARD,RECOVER_FORWARD,WAIT,IDLE,,IDLE,,,,,IDLE,,,0,0,162,no_target,转向完成，向前离开边缘,400,400,1
28.133,700.0,1384.0,1037.0,986.0,0.6378,1.4921,0.7039,1.0436,0.8738,0,0,0,0,0,0,1,-4.0,418.0,1024.0,1,1,0,patrol,RECOVER_FORWARD,RECOVER_FORWARD,WAIT,IDLE,,IDLE,,,,,IDLE,,,0,0,162,no_target,转向完成，向前离开边缘,400,400,1
28.153,686.0,1374.0,1029.0,972.0,0.6378,1.4921,0.7039,1.0436,0.8738,0,0,0,0,0,0,1,-4.0,26.0,1022.0,1,1,0,patrol,RECOVER_FORWARD,RECOVER_FORWARD,WAIT,IDLE,,IDLE,,,,,IDLE,,,0,0,162,no_target,转向完成，向前离开边缘,400,400,1
28.173,680.0,1374.0,1034.0,970.0,0.5944,1.4722,0.6966,0.9966,0.8466,0,0,0,0,0,0,1,-4.0,23.0,1020.0,1,1,0,patrol,RECOVER_FORWARD,RECOVER_FORWARD,WAIT,IDLE,,IDLE,,,,,IDLE,,,0,0,162,no_target,转向完成，向前离开边缘,400,400,1
28.193,668.0,1364.0,1028.0,961.0,0.5759,1.4722,0.6845,0.9899,0.8372,0,0,0,0,0,0,1,83.0,78.0,1020.0,1,1,0,patrol,RECOVER_FORWARD,RECOVER_FORWARD,WAIT,IDLE,,IDLE,,,,,IDLE,,,0,0,162,no_target,转向完成，向前离开边缘,400,400,1
28.214,663.0,1356.0,1015.0,946.0,0.5387,1.4524,0.682,0.9597,0.8209,0,0,0,0,0,0,1,-5.0,41.0,1022.0,1,1,0,patrol,RECOVER_FORWARD,RECOVER_FORWARD,WAIT,IDLE,,IDLE,,,,,IDLE,,,0,0,162,no_target,转向完成，向前离开边缘,400,400,1
28.235,663.0,1354.0,1016.0,939.0,0.5232,1.4365,0.6529,0.9094,0.7812,0,0,0,0,0,0,1,97.0,24.0,1035.0,1,1,0,patrol,RECOVER_FORWARD,RECOVER_FORWARD,WAIT,IDLE,,IDLE,,,,,IDLE,,,0,0,163,no_target,转向完成，向前离开边缘,400,400,1
28.255,662.0,1351.0,1018.0,946.0,0.5232,1.4325,0.6529,0.9094,0.7812,0,0,0,0,0,0,1,-4.0,23.0,1052.0,1,1,0,patrol,RECOVER_FORWARD,RECOVER_FORWARD,WAIT,IDLE,,IDLE,,,,,IDLE,,,0,0,163,no_target,转向完成，向前离开边缘,400,400,1
28.275,658.0,1337.0,1010.0,933.0,0.5201,1.4266,0.6529,0.8859,0.7694,0,0,0,0,0,0,1,-39.0,23.0,1020.0,1,1,0,patrol,RECOVER_FORWARD,RECOVER_FORWARD,WAIT,IDLE,,IDLE,,,,,IDLE,,,0,0,163,no_target,转向完成，向前离开边缘,400,400,1
28.295,655.0,1327.0,1003.0,924.0,0.5077,1.3988,0.6383,0.8658,0.7521,0,0,0,0,0,0,1,116.0,359.0,1040.0,1,1,0,patrol,RECOVER_FORWARD,RECOVER_FORWARD,WAIT,IDLE,,IDLE,,,,,IDLE,,,0,0,163,no_target,转向完成，向前离开边缘,400,400,1
28.315,653.0,1322.0,999.0,924.0,0.4985,1.379,0.6214,0.8356,0.7285,0,0,0,0,0,0,1,-5.0,23.0,1053.0,1,1,0,patrol,RECOVER_FORWARD,RECOVER_FORWARD,WAIT,IDLE,,IDLE,,,,,IDLE,,,0,0,163,no_target,转向完成，向前离开边缘,400,400,1
28.336,650.0,1318.0,1001.0,913.0,0.4923,1.369,0.6165,0.8356,0.726,0,0,0,0,0,0,1,78.0,23.0,1018.0,1,1,0,patrol,RECOVER_FORWARD,RECOVER_FORWARD,WAIT,IDLE,,IDLE,,,,,IDLE,,,0,0,163,no_target,转向完成，向前离开边缘,400,400,1
28.356,649.0,1325.0,984.0,917.0,0.483,1.369,0.6117,0.8121,0.7119,0,0,0,0,0,0,1,-4.0,33.0,1054.0,1,1,0,patrol,RECOVER_FORWARD,RECOVER_FORWARD,WAIT,IDLE,,IDLE,,,,,IDLE,,,0,0,163,no_target,转向完成，向前离开边缘,400,400,1
28.376,647.0,1320.0,969.0,919.0,0.4799,1.3651,0.5752,0.8121,0.6937,0,0,0,0,0,0,1,-3.0,23.0,1038.0,1,1,0,patrol,RECOVER_FORWARD,RECOVER_FORWARD,WAIT,IDLE,,IDLE,,,,,IDLE,,,0,0,163,no_target,转向完成，向前离开边缘,400,400,1
28.397,647.0,1316.0,976.0,921.0,0.4737,1.3651,0.5558,0.8188,0.6873,0,0,0,0,0,0,1,-9.0,24.0,1034.0,1,1,0,patrol,RECOVER_FORWARD,RECOVER_FORWARD,WAIT,IDLE,,IDLE,,,,,IDLE,,,0,0,164,no_target,转向完成，向前离开边缘,400,400,1
28.417,638.0,1314.0,956.0,909.0,0.4737,1.3571,0.5388,0.8188,0.6788,0,0,0,0,0,0,1,-207.0,23.0,1036.0,1,1,0,patrol,RECOVER_FORWARD,RECOVER_FORWARD,WAIT,IDLE,,IDLE,,,,,IDLE,,,0,0,164,no_target,转向完成，向前离开边缘,400,400,1
28.437,632.0,1306.0,933.0,890.0,0.4458,1.3532,0.5073,0.7852,0.6463,0,0,0,0,0,0,1,-174.0,23.0,1038.0,1,1,0,patrol,RECOVER_FORWARD,RECOVER_FORWARD,WAIT,IDLE,,IDLE,,,,,IDLE,,,0,0,164,no_target,转向完成，向前离开边缘,400,400,1
28.458,634.0,1313.0,939.0,894.0,0.4334,1.3512,0.466,0.7349,0.6005,0,0,0,0,0,0,1,-12.0,23.0,1034.0,1,1,0,patrol,RECOVER_FORWARD,RECOVER_FORWARD,WAIT,IDLE,,IDLE,,,,,IDLE,,,0,0,164,no_target,转向完成，向前离开边缘,400,400,1
28.478,620.0,1303.0,934.0,894.0,0.4272,1.3373,0.4539,0.7349,0.5944,0,0,0,0,0,0,1,-5.0,23.0,1035.0,1,1,0,patrol,RECOVER_FORWARD,RECOVER_FORWARD,WAIT,IDLE,,IDLE,,,,,IDLE,,,0,0,164,no_target,转向完成，向前离开边缘,400,400,1
28.498,615.0,1298.0,942.0,890.0,0.3901,1.3313,0.466,0.7349,0.6005,0,0,0,0,0,0,1,0.0,590.0,1040.0,1,1,0,patrol,RECOVER_FORWARD,RECOVER_FORWARD,WAIT,IDLE,,IDLE,,,,,IDLE,,,0,0,164,no_target,转向完成，向前离开边缘,400,400,1
28.518,614.0,1273.0,953.0,880.0,0.3746,1.3214,0.4733,0.7215,0.5974,0,0,0,0,0,0,1,-5.0,246.0,1039.0,1,1,0,patrol,RECOVER_FORWARD,RECOVER_FORWARD,WAIT,IDLE,,IDLE,,,,,IDLE,,,0,0,164,no_target,转向完成，向前离开边缘,400,400,1
28.539,607.0,1265.0,961.0,873.0,0.3715,1.2718,0.5,0.6879,0.594,0,0,0,0,0,0,1,-22.0,225.0,1053.0,1,1,0,patrol,RECOVER_FORWARD,RECOVER_FORWARD,WAIT,IDLE,,IDLE,,,,,IDLE,,,0,0,165,no_target,转向完成，向前离开边缘,400,400,1
28.559,599.0,1248.0,933.0,871.0,0.3498,1.256,0.5,0.6644,0.5822,0,0,0,0,0,0,1,-76.0,23.0,1066.0,1,1,0,patrol,RECOVER_FORWARD,RECOVER_FORWARD,WAIT,IDLE,,IDLE,,,,,IDLE,,,0,0,165,no_target,转向完成，向前离开边缘,400,400,1
28.58,608.0,1262.0,924.0,866.0,0.3498,1.25,0.4515,0.6577,0.5546,0,0,0,0,0,0,1,-3.0,23.0,1085.0,1,1,0,patrol,RECOVER_FORWARD,RECOVER_FORWARD,WAIT,IDLE,,IDLE,,,,,IDLE,,,0,0,165,no_target,转向完成，向前离开边缘,400,400,1
28.6,605.0,1250.0,912.0,856.0,0.3437,1.2262,0.4296,0.6409,0.5353,0,0,0,0,0,0,1,0.0,23.0,1085.0,1,1,0,patrol,RECOVER_FORWARD,RECOVER_FORWARD,WAIT,IDLE,,IDLE,,,,,IDLE,,,0,0,165,no_target,转向完成，向前离开边缘,400,400,1
28.62,596.0,1244.0,909.0,856.0,0.3437,1.2262,0.4005,0.6074,0.5039,0,0,0,0,0,0,1,-5.0,28.0,1082.0,1,1,0,patrol,RECOVER_FORWARD,RECOVER_FORWARD,WAIT,IDLE,,IDLE,,,,,IDLE,,,0,0,165,no_target,转向完成，向前离开边缘,400,400,1
28.64,590.0,1232.0,895.0,849.0,0.3158,1.2143,0.3932,0.6074,0.5003,0,0,0,0,0,0,1,-3.0,23.0,1068.0,1,1,0,patrol,RECOVER_FORWARD,RECOVER_FORWARD,WAIT,IDLE,,IDLE,,,,,IDLE,,,0,0,165,no_target,转向完成，向前离开边缘,400,400,1
28.66,592.0,1223.0,890.0,848.0,0.3034,1.1905,0.3592,0.5839,0.4716,0,0,0,0,0,0,1,-4.0,40.0,1116.0,1,1,0,patrol,RECOVER_FORWARD,RECOVER_FORWARD,WAIT,IDLE,,IDLE,,,,,IDLE,,,0,0,165,no_target,转向完成，向前离开边缘,400,400,1
28.68,587.0,1225.0,885.0,841.0,0.2972,1.1766,0.3471,0.5805,0.4638,0,0,0,0,0,0,1,-3.0,23.0,1117.0,1,1,0,patrol,RECOVER_FORWARD,RECOVER_FORWARD,WAIT,IDLE,,IDLE,,,,,IDLE,,,0,0,165,no_target,转向完成，向前离开边缘,400,400,1
28.7,587.0,1219.0,884.0,833.0,0.2879,1.1726,0.335,0.557,0.446,0,0,0,0,0,0,1,-4.0,23.0,1114.0,1,1,0,patrol,RECOVER_FORWARD,RECOVER_FORWARD,WAIT,IDLE,,IDLE,,,,,IDLE,,,0,0,165,no_target,转向完成，向前离开边缘,400,400,1
28.72,582.0,1210.0,879.0,819.0,0.2879,1.1647,0.3325,0.5302,0.4314,0,0,0,0,0,0,1,-10.0,22.0,1084.0,1,1,0,patrol,RECOVER_FORWARD,RECOVER_FORWARD,WAIT,IDLE,,IDLE,,,,,IDLE,,,0,0,165,no_target,转向完成，向前离开边缘,400,400,1
28.74,582.0,1210.0,879.0,819.0,0.2724,1.1468,0.3204,0.4832,0.4018,0,0,0,0,0,0,1,-10.0,22.0,1084.0,1,1,0,patrol,RECOVER_FORWARD,RECOVER_FORWARD,WAIT,IDLE,,IDLE,,,,,IDLE,,,0,0,165,no_target,转向完成，向前离开边缘,400,400,1
28.761,580.0,1205.0,873.0,812.0,0.2724,1.1468,0.3204,0.4832,0.4018,0,0,0,0,0,0,1,-4.0,22.0,1117.0,1,1,0,patrol,RECOVER_FORWARD,RECOVER_FORWARD,WAIT,IDLE,,IDLE,,,,,IDLE,,,0,0,165,no_target,转向完成，向前离开边缘,400,400,1
28.781,570.0,1187.0,874.0,805.0,0.2663,1.1369,0.3083,0.4597,0.384,0,0,0,0,0,0,1,-5.0,22.0,1147.0,1,1,0,patrol,RECOVER_FORWARD,RECOVER_FORWARD,WAIT,IDLE,,IDLE,,,,,IDLE,,,0,0,165,no_target,转向完成，向前离开边缘,400,400,1
28.801,563.0,1203.0,874.0,806.0,0.2353,1.1329,0.3083,0.4396,0.3739,0,0,0,0,0,0,1,-5.0,24.0,1124.0,1,1,0,patrol,RECOVER_FORWARD,RECOVER_FORWARD,WAIT,IDLE,,IDLE,,,,,IDLE,,,0,0,165,no_target,转向完成，向前离开边缘,400,400,1
28.821,565.0,1176.0,872.0,805.0,0.2198,1.1012,0.3083,0.4362,0.3722,0,0,0,0,0,0,1,101.0,23.0,1133.0,1,1,0,patrol,RECOVER_FORWARD,RECOVER_FORWARD,WAIT,IDLE,,IDLE,,,,,IDLE,,,0,0,165,no_target,转向完成，向前离开边缘,400,400,1
28.841,558.0,1170.0,884.0,807.0,0.2136,1.0794,0.3083,0.4396,0.3739,0,0,0,0,0,0,1,-1.0,23.0,1164.0,1,1,0,patrol,RECOVER_FORWARD,RECOVER_FORWARD,WAIT,IDLE,,IDLE,,,,,IDLE,,,0,0,165,no_target,转向完成，向前离开边缘,400,400,1
28.861,547.0,1167.0,884.0,813.0,0.1981,1.0675,0.3325,0.443,0.3877,0,0,0,0,0,0,1,-37.0,493.0,1176.0,1,1,0,patrol,RECOVER_FORWARD,RECOVER_FORWARD,WAIT,IDLE,,IDLE,,,,,IDLE,,,0,0,165,no_target,转向完成，向前离开边缘,400,400,1
28.881,548.0,1156.0,882.0,806.0,0.1672,1.0615,0.3325,0.443,0.3877,0,0,0,0,0,0,1,-233.0,24.0,1163.0,1,1,0,patrol,RECOVER_FORWARD,RECOVER_FORWARD,WAIT,IDLE,,IDLE,,,,,IDLE,,,0,0,165,no_target,转向完成，向前离开边缘,400,400,1
28.901,551.0,1139.0,868.0,795.0,0.1672,1.0397,0.3277,0.4396,0.3836,0,0,0,0,0,0,1,-14.0,26.0,1148.0,1,1,0,patrol,RECOVER_FORWARD,RECOVER_FORWARD,WAIT,IDLE,,IDLE,,,,,IDLE,,,0,0,165,no_target,转向完成，向前离开边缘,400,400,1
28.921,544.0,1154.0,868.0,792.0,0.1672,1.0357,0.2937,0.4027,0.3482,0,0,0,0,0,0,1,-8.0,23.0,1144.0,1,1,0,patrol,RECOVER_FORWARD,RECOVER_FORWARD,WAIT,IDLE,,IDLE,,,,,IDLE,,,0,0,165,no_target,转向完成，向前离开边缘,400,400,1
28.942,539.0,1149.0,865.0,785.0,0.1548,1.0258,0.2937,0.3926,0.3432,0,0,0,0,0,0,1,-7.0,23.0,1177.0,1,1,0,patrol,RECOVER_FORWARD,RECOVER_FORWARD,WAIT,IDLE,,IDLE,,,,,IDLE,,,0,0,165,no_target,转向完成，向前离开边缘,400,400,1
28.962,540.0,1142.0,862.0,790.0,0.1424,1.0258,0.2864,0.3859,0.3362,0,0,0,0,0,0,1,-141.0,22.0,1163.0,1,1,0,patrol,RECOVER_FORWARD,RECOVER_FORWARD,WAIT,IDLE,,IDLE,,,,,IDLE,,,0,0,165,no_target,转向完成，向前离开边缘,400,400,1
28.982,540.0,1149.0,860.0,795.0,0.1424,1.0258,0.2791,0.3859,0.3325,0,0,0,0,0,0,1,-3.0,22.0,1178.0,1,1,0,patrol,RECOVER_FORWARD,RECOVER_FORWARD,WAIT,IDLE,,IDLE,,,,,IDLE,,,0,0,,stale,转向完成，向前离开边缘,400,400,1
29.002,538.0,1157.0,848.0,800.0,0.1424,1.0258,0.2743,0.4027,0.3385,0,0,0,0,0,0,1,-20.0,48.0,1195.0,1,1,0,patrol,RECOVER_FORWARD,RECOVER_FORWARD,WAIT,IDLE,,IDLE,,,,,IDLE,,,0,0,,stale,转向完成，向前离开边缘,400,400,1
29.022,538.0,1156.0,847.0,788.0,0.1362,1.0397,0.2451,0.4027,0.3239,0,0,0,0,0,0,1,-5.0,23.0,1211.0,1,1,0,patrol,RECOVER_FORWARD,RECOVER_FORWARD,WAIT,IDLE,,IDLE,,,,,IDLE,,,0,0,,stale,转向完成，向前离开边缘,400,400,1
29.042,535.0,1142.0,838.0,780.0,0.1362,1.0397,0.2427,0.3792,0.311,0,0,0,0,0,0,1,-16.0,23.0,1209.0,1,1,0,patrol,RECOVER_FORWARD,RECOVER_FORWARD,WAIT,IDLE,,IDLE,,,,,IDLE,,,0,0,,stale,转向完成，向前离开边缘,400,400,1
29.062,535.0,1142.0,838.0,780.0,0.1269,1.0119,0.2209,0.3523,0.2866,0,0,0,0,0,0,1,-16.0,23.0,1209.0,1,1,0,patrol,EDGE_AVOID,EDGE_AVOID,WAIT,IDLE,,IDLE,,,,,IDLE,,,0,0,,stale,转后前进仍在暗外圈，重新退离后再转,-400,-400,1
29.082,536.0,1134.0,832.0,784.0,0.1269,1.0119,0.2209,0.3523,0.2866,0,0,0,0,0,0,1,13.0,22.0,1261.0,1,1,0,patrol,EDGE_AVOID,EDGE_AVOID,WAIT,IDLE,,IDLE,,,,,IDLE,,,0,0,,stale,转后前进仍在暗外圈，重新退离后再转,-400,-400,1
29.103,536.0,1117.0,831.0,778.0,0.13,0.996,0.2063,0.3523,0.2793,0,0,0,0,0,0,1,-44.0,34.0,1211.0,1,1,0,patrol,EDGE_AVOID,EDGE_AVOID,WAIT,IDLE,,IDLE,,,,,IDLE,,,0,0,,stale,转后前进仍在暗外圈，重新退离后再转,-400,-400,1
29.123,535.0,1107.0,828.0,775.0,0.13,0.9623,0.2039,0.3456,0.2748,0,0,0,0,0,0,1,-4.0,23.0,1211.0,1,1,0,patrol,EDGE_AVOID,EDGE_AVOID,WAIT,IDLE,,IDLE,,,,,IDLE,,,0,0,,stale,转后前进仍在暗外圈，重新退离后再转,-400,-400,1
29.143,537.0,1094.0,821.0,767.0,0.13,0.9425,0.1966,0.3356,0.2661,0,0,0,0,0,0,1,-15.0,22.0,1241.0,1,1,0,patrol,EDGE_AVOID,EDGE_AVOID,WAIT,IDLE,,IDLE,,,,,IDLE,,,0,0,,stale,转后前进仍在暗外圈，重新退离后再转,-400,-400,1
29.163,530.0,1097.0,823.0,765.0,0.1269,0.9226,0.1845,0.3087,0.2466,0,0,0,0,0,0,1,-8.0,22.0,1241.0,1,1,0,patrol,EDGE_AVOID,EDGE_AVOID,WAIT,IDLE,,IDLE,,,,,IDLE,,,0,0,,stale,转后前进仍在暗外圈，重新退离后再转,-400,-400,1
29.183,522.0,1094.0,825.0,760.0,0.1115,0.9167,0.1845,0.302,0.2432,0,0,0,0,0,0,1,0.0,34.0,1243.0,1,1,0,patrol,EDGE_AVOID,EDGE_AVOID,WAIT,IDLE,,IDLE,,,,,IDLE,,,0,0,166,no_target,转后前进仍在暗外圈，重新退离后再转,-400,-400,1
29.203,520.0,1088.0,832.0,765.0,0.0867,0.9167,0.1893,0.302,0.2457,0,0,0,0,0,0,1,-5.0,22.0,1264.0,1,1,0,patrol,EDGE_AVOID,EDGE_AVOID,WAIT,IDLE,,IDLE,,,,,IDLE,,,0,0,166,no_target,转后前进仍在暗外圈，重新退离后再转,-400,-400,1
29.223,515.0,1072.0,832.0,766.0,0.0805,0.9048,0.2063,0.302,0.2542,0,0,0,0,0,0,1,-11.0,22.0,1262.0,1,1,0,patrol,EDGE_AVOID,EDGE_AVOID,WAIT,IDLE,,IDLE,,,,,IDLE,,,0,0,166,no_target,转后前进仍在暗外圈，重新退离后再转,-400,-400,1
29.243,512.0,1056.0,826.0,761.0,0.065,0.873,0.2063,0.302,0.2542,0,0,0,0,0,0,1,-5.0,21.0,1210.0,1,1,0,patrol,EDGE_AVOID,EDGE_AVOID,WAIT,IDLE,,IDLE,,,,,IDLE,,,0,0,166,no_target,转后前进仍在暗外圈，重新退离后再转,-400,-400,1
29.264,512.0,1058.0,829.0,763.0,0.0557,0.8452,0.199,0.2953,0.2472,0,0,0,0,0,0,1,-4.0,23.0,1227.0,1,1,0,patrol,EDGE_AVOID,EDGE_AVOID,WAIT,IDLE,,IDLE,,,,,IDLE,,,0,0,166,no_target,转后前进仍在暗外圈，重新退离后再转,-400,-400,1
29.284,509.0,1049.0,823.0,757.0,0.0557,0.8413,0.1917,0.2886,0.2402,0,0,0,0,0,0,1,-287.0,22.0,1211.0,1,1,0,patrol,EDGE_AVOID,EDGE_AVOID,WAIT,IDLE,,IDLE,,,,,IDLE,,,0,0,166,no_target,转后前进仍在暗外圈，重新退离后再转,-400,-400,1
29.304,511.0,1057.0,829.0,762.0,0.0526,0.8433,0.199,0.2919,0.2455,0,0,0,0,0,0,1,-207.0,22.0,1241.0,1,1,0,patrol,EDGE_AVOID,EDGE_AVOID,WAIT,IDLE,,IDLE,,,,,IDLE,,,0,0,166,no_target,转后前进仍在暗外圈，重新退离后再转,-400,-400,1
29.324,511.0,1059.0,830.0,763.0,0.0526,0.8433,0.199,0.2919,0.2455,0,0,0,0,0,0,1,-6.0,22.0,1277.0,1,1,0,patrol,EDGE_AVOID,EDGE_AVOID,WAIT,IDLE,,IDLE,,,,,IDLE,,,0,0,167,no_target,转后前进仍在暗外圈，重新退离后再转,-400,-400,1
29.344,512.0,1064.0,833.0,764.0,0.0526,0.8472,0.2015,0.2953,0.2484,0,0,0,0,0,0,1,7.0,34.0,1242.0,1,1,0,patrol,EDGE_AVOID,EDGE_AVOID,WAIT,IDLE,,IDLE,,,,,IDLE,,,0,0,167,no_target,转后前进仍在暗外圈，重新退离后再转,-400,-400,1
29.364,512.0,1063.0,833.0,763.0,0.0557,0.8552,0.2087,0.2953,0.252,0,0,0,0,0,0,1,-4.0,25.0,1264.0,1,1,0,patrol,EDGE_AVOID,EDGE_AVOID,WAIT,IDLE,,IDLE,,,,,IDLE,,,0,0,167,no_target,转后前进仍在暗外圈，重新退离后再转,-400,-400,1
29.385,511.0,1063.0,834.0,763.0,0.0557,0.8552,0.2087,0.2953,0.252,0,0,0,0,0,0,1,-5.0,22.0,1276.0,1,1,0,patrol,EDGE_AVOID,EDGE_AVOID,WAIT,IDLE,,IDLE,,,,,IDLE,,,0,0,167,no_target,转后前进仍在暗外圈，重新退离后再转,-400,-400,1
29.405,511.0,1063.0,833.0,762.0,0.0526,0.8552,0.2087,0.2953,0.252,0,0,0,0,0,0,1,-94.0,22.0,1294.0,1,1,0,patrol,EDGE_AVOID,EDGE_AVOID,WAIT,IDLE,,IDLE,,,,,IDLE,,,0,0,167,no_target,转后前进仍在暗外圈，重新退离后再转,-400,-400,1
29.425,512.0,1066.0,835.0,764.0,0.0526,0.8552,0.2112,0.2953,0.2532,0,0,0,0,0,0,1,-6.0,22.0,1294.0,1,1,0,patrol,EDGE_AVOID,EDGE_AVOID,WAIT,IDLE,,IDLE,,,,,IDLE,,,0,0,167,no_target,转后前进仍在暗外圈，重新退离后再转,-400,-400,1
29.445,512.0,1064.0,834.0,764.0,0.0557,0.8571,0.2112,0.2987,0.2549,0,0,0,0,0,0,1,-4.0,23.0,1261.0,1,1,0,patrol,EDGE_AVOID,EDGE_AVOID,WAIT,IDLE,,IDLE,,,,,IDLE,,,0,0,167,no_target,转后前进仍在暗外圈，重新退离后再转,-400,-400,1
29.466,510.0,1060.0,830.0,763.0,0.0557,0.8571,0.2112,0.2987,0.2549,0,0,0,0,0,0,1,15.0,22.0,1225.0,1,1,0,patrol,EDGE_AVOID,EDGE_AVOID,WAIT,IDLE,,IDLE,,,,,IDLE,,,0,0,168,no_target,转后前进仍在暗外圈，重新退离后再转,-400,-400,1
29.486,511.0,1066.0,831.0,766.0,0.0526,0.8571,0.2039,0.2987,0.2513,0,0,0,0,0,0,1,-34.0,33.0,1243.0,1,1,0,patrol,EDGE_AVOID,EDGE_AVOID,WAIT,IDLE,,IDLE,,,,,IDLE,,,0,0,168,no_target,转后前进仍在暗外圈，重新退离后再转,-400,-400,1
29.506,509.0,1070.0,826.0,760.0,0.0495,0.8611,0.2015,0.2953,0.2484,0,0,0,0,0,0,1,-11.0,22.0,1209.0,1,1,0,patrol,EDGE_AVOID,EDGE_AVOID,WAIT,IDLE,,IDLE,,,,,IDLE,,,0,0,168,no_target,转后前进仍在暗外圈，重新退离后再转,-400,-400,1
29.526,513.0,1086.0,829.0,761.0,0.0526,0.869,0.199,0.2886,0.2438,0,0,0,0,0,0,1,-9.0,23.0,1285.0,1,1,0,patrol,EDGE_AVOID,EDGE_AVOID,WAIT,IDLE,,IDLE,,,,,IDLE,,,0,0,168,no_target,转后前进仍在暗外圈，重新退离后再转,-400,-400,1
29.546,516.0,1101.0,829.0,764.0,0.0588,0.9008,0.199,0.2886,0.2438,0,0,0,0,0,0,1,-5.0,22.0,1242.0,1,1,0,patrol,EDGE_AVOID,EDGE_AVOID,WAIT,IDLE,,IDLE,,,,,IDLE,,,0,0,168,no_target,转后前进仍在暗外圈，重新退离后再转,-400,-400,1
29.566,516.0,1101.0,829.0,764.0,0.0681,0.9306,0.199,0.2987,0.2488,0,0,0,0,0,0,1,-5.0,22.0,1242.0,1,1,0,patrol,EDGE_AVOID,EDGE_AVOID,WAIT,IDLE,,IDLE,,,,,IDLE,,,0,0,168,no_target,转后前进仍在暗外圈，重新退离后再转,-400,-400,1
29.586,523.0,1101.0,827.0,765.0,0.0681,0.9306,0.199,0.2987,0.2488,0,0,0,0,0,0,1,-15.0,23.0,1243.0,1,1,0,patrol,EDGE_AVOID,EDGE_AVOID,WAIT,IDLE,,IDLE,,,,,IDLE,,,0,0,168,no_target,转后前进仍在暗外圈，重新退离后再转,-400,-400,1
29.607,530.0,1092.0,820.0,765.0,0.0898,0.9306,0.1942,0.302,0.2481,0,0,0,0,0,0,1,7.0,22.0,1240.0,1,1,0,patrol,EDGE_AVOID,EDGE_AVOID,WAIT,IDLE,,IDLE,,,,,IDLE,,,0,0,168,no_target,转后前进仍在暗外圈，重新退离后再转,-400,-400,1
29.627,530.0,1094.0,815.0,763.0,0.1115,0.9167,0.1772,0.302,0.2396,0,0,0,0,0,0,1,-4.0,22.0,1240.0,1,1,0,patrol,EDGE_AVOID,EDGE_AVOID,WAIT,IDLE,,IDLE,,,,,IDLE,,,0,0,168,no_target,转后前进仍在暗外圈，重新退离后再转,-400,-400,1
29.647,530.0,1105.0,822.0,773.0,0.1115,0.9167,0.1772,0.302,0.2396,0,0,0,0,0,0,1,-12.0,22.0,1195.0,1,1,0,patrol,EDGE_AVOID,EDGE_AVOID,WAIT,IDLE,,IDLE,,,,,IDLE,,,0,0,169,no_target,转后前进仍在暗外圈，重新退离后再转,-400,-400,1
29.667,536.0,1121.0,834.0,782.0,0.1115,0.9385,0.182,0.3289,0.2554,0,0,0,0,0,0,1,-5.0,22.0,1209.0,1,1,0,patrol,EDGE_TURN,EDGE_TURN,WAIT,IDLE,,IDLE,,,,,IDLE,,right,0,0,169,no_target,直线退离完成，开始转向,550,-550,1
29.687,536.0,1130.0,830.0,785.0,0.13,0.9702,0.2015,0.3591,0.2803,0,0,0,0,0,0,1,-115.0,22.0,1209.0,1,1,0,patrol,EDGE_TURN,EDGE_TURN,WAIT,IDLE,,IDLE,,,,,IDLE,,right,0,0,169,no_target,直线退离完成，开始转向,550,-550,1
29.707,530.0,1130.0,823.0,776.0,0.13,0.9881,0.2015,0.3591,0.2803,0,0,0,0,0,0,1,-269.0,22.0,1226.0,1,1,0,patrol,EDGE_TURN,EDGE_TURN,WAIT,IDLE,,IDLE,,,,,IDLE,,right,0,0,169,no_target,直线退离完成，开始转向,550,-550,1
29.727,530.0,1144.0,834.0,777.0,0.1115,0.9881,0.2015,0.3423,0.2719,0,0,0,0,0,0,1,-137.0,22.0,1195.0,1,1,0,patrol,EDGE_TURN,EDGE_TURN,WAIT,IDLE,,IDLE,,,,,IDLE,,right,0,0,169,no_target,直线退离完成，开始转向,550,-550,1
29.747,532.0,1152.0,838.0,787.0,0.1115,1.0159,0.2112,0.3423,0.2767,0,0,0,0,0,0,1,25.0,23.0,1178.0,1,1,0,patrol,EDGE_TURN,EDGE_TURN,WAIT,IDLE,,IDLE,,,,,IDLE,,right,0,0,169,no_target,直线退离完成，开始转向,550,-550,1
29.768,532.0,1156.0,839.0,794.0,0.1176,1.0317,0.2209,0.3758,0.2984,0,0,0,0,0,0,1,-14.0,23.0,1222.0,1,1,0,patrol,EDGE_TURN,EDGE_TURN,WAIT,IDLE,,IDLE,,,,,IDLE,,right,0,0,169,no_target,直线退离完成，开始转向,550,-550,1
29.788,534.0,1145.0,848.0,788.0,0.1176,1.0317,0.2233,0.3792,0.3012,0,0,0,0,0,0,1,-21.0,22.0,1211.0,1,1,0,patrol,EDGE_TURN,EDGE_TURN,WAIT,IDLE,,IDLE,,,,,IDLE,,right,0,0,170,no_target,直线退离完成，开始转向,550,-550,1
29.808,540.0,1146.0,861.0,793.0,0.1238,1.0198,0.2451,0.396,0.3206,0,0,0,0,0,0,1,-2.0,22.0,1195.0,1,1,0,patrol,EDGE_TURN,EDGE_TURN,WAIT,IDLE,,IDLE,,,,,IDLE,,right,0,0,170,no_target,直线退离完成，开始转向,550,-550,1
29.828,532.0,1132.0,854.0,779.0,0.1238,1.0179,0.2597,0.3792,0.3195,0,0,0,0,0,0,1,-5.0,22.0,1219.0,1,1,0,patrol,EDGE_TURN,EDGE_TURN,WAIT,IDLE,,IDLE,,,,,IDLE,,right,0,0,170,no_target,直线退离完成，开始转向,550,-550,1
29.848,531.0,1132.0,859.0,781.0,0.1176,0.9921,0.2718,0.3557,0.3138,0,0,0,0,0,0,1,27.0,22.0,1192.0,1,1,0,patrol,EDGE_TURN,EDGE_TURN,WAIT,IDLE,,IDLE,,,,,IDLE,,right,0,0,170,no_target,直线退离完成，开始转向,550,-550,1
29.868,535.0,1134.0,864.0,787.0,0.1176,0.9921,0.2718,0.3557,0.3138,0,0,0,0,0,0,1,-77.0,22.0,1195.0,1,1,0,patrol,EDGE_TURN,EDGE_TURN,WAIT,IDLE,,IDLE,,,,,IDLE,,right,0,0,170,no_target,直线退离完成，开始转向,550,-550,1
29.888,546.0,1128.0,861.0,795.0,0.1269,0.9921,0.2767,0.3758,0.3263,0,0,0,0,0,0,1,78.0,22.0,1132.0,1,1,0,patrol,EDGE_TURN,EDGE_TURN,WAIT,IDLE,,IDLE,,,,,IDLE,,right,0,0,170,no_target,直线退离完成，开始转向,550,-550,1
29.909,555.0,1125.0,862.0,808.0,0.161,0.9841,0.2791,0.4027,0.3409,0,0,0,0,0,0,1,14.0,22.0,1202.0,1,1,0,patrol,EDGE_TURN,EDGE_TURN,WAIT,IDLE,,IDLE,,,,,IDLE,,right,0,0,170,no_target,直线退离完成，开始转向,550,-550,1
29.929,555.0,1131.0,860.0,804.0,0.1889,0.9841,0.2767,0.4329,0.3548,0,0,0,0,0,0,1,172.0,22.0,1179.0,1,1,0,patrol,EDGE_TURN,EDGE_TURN,WAIT,IDLE,,IDLE,,,,,IDLE,,right,0,0,170,no_target,直线退离完成，开始转向,550,-550,1
29.949,553.0,1146.0,862.0,800.0,0.1889,0.9901,0.2791,0.4329,0.356,0,0,0,0,0,0,1,7.0,22.0,1117.0,1,1,0,patrol,EDGE_TURN,EDGE_TURN,WAIT,IDLE,,IDLE,,,,,IDLE,,right,0,0,171,no_target,直线退离完成，开始转向,550,-550,1
29.969,556.0,1155.0,865.0,805.0,0.1889,1.0198,0.2791,0.4329,0.356,0,0,0,0,0,0,1,-4.0,48.0,1131.0,1,1,0,patrol,EDGE_TURN,EDGE_TURN,WAIT,IDLE,,IDLE,,,,,IDLE,,right,0,0,171,no_target,直线退离完成，开始转向,550,-550,1
29.989,559.0,1157.0,869.0,805.0,0.192,1.0377,0.2864,0.4362,0.3613,0,0,0,0,0,0,1,197.0,22.0,1140.0,1,1,0,patrol,EDGE_TURN,EDGE_TURN,WAIT,IDLE,,IDLE,,,,,IDLE,,right,0,0,171,no_target,直线退离完成，开始转向,550,-550,1
30.009,554.0,1153.0,869.0,804.0,0.192,1.0377,0.2961,0.4362,0.3662,0,0,0,0,0,0,1,-57.0,22.0,1101.0,1,1,0,patrol,EDGE_TURN,EDGE_TURN,WAIT,IDLE,,IDLE,,,,,IDLE,,right,0,0,171,no_target,直线退离完成，开始转向,550,-550,1
30.029,558.0,1172.0,878.0,812.0,0.1981,1.0417,0.2961,0.4362,0.3662,0,0,0,0,0,0,1,167.0,22.0,1117.0,1,1,0,patrol,EDGE_TURN,EDGE_TURN,WAIT,IDLE,,IDLE,,,,,IDLE,,right,0,0,171,no_target,直线退离完成，开始转向,550,-550,1
30.049,558.0,1172.0,878.0,812.0,0.1981,1.0714,0.318,0.4597,0.3888,0,0,0,0,0,0,1,167.0,22.0,1117.0,1,1,0,patrol,EDGE_TURN,EDGE_TURN,WAIT,IDLE,,IDLE,,,,,IDLE,,right,0,0,171,no_target,直线退离完成，开始转向,550,-550,1
30.07,559.0,1179.0,879.0,821.0,0.1981,1.0714,0.318,0.4597,0.3888,0,0,0,0,0,0,1,-83.0,23.0,1082.0,1,1,0,patrol,EDGE_TURN,EDGE_TURN,WAIT,IDLE,,IDLE,,,,,IDLE,,right,0,0,171,no_target,直线退离完成，开始转向,550,-550,1
30.09,560.0,1176.0,880.0,834.0,0.2012,1.0794,0.3204,0.4899,0.4052,0,0,0,0,0,0,1,-294.0,32.0,1100.0,1,1,0,patrol,EDGE_TURN,EDGE_TURN,WAIT,IDLE,,IDLE,,,,,IDLE,,right,0,0,172,no_target,直线退离完成，开始转向,550,-550,1
30.11,567.0,1178.0,880.0,846.0,0.2043,1.0833,0.3228,0.5336,0.4282,0,0,0,0,0,0,1,-4.0,34.0,1085.0,1,1,0,patrol,EDGE_TURN,EDGE_TURN,WAIT,IDLE,,IDLE,,,,,IDLE,,right,0,0,172,no_target,直线退离完成，开始转向,550,-550,1
30.13,577.0,1177.0,875.0,846.0,0.226,1.0813,0.3228,0.5738,0.4483,0,0,0,0,0,0,1,5.0,22.0,1100.0,1,1,0,patrol,EDGE_TURN,EDGE_TURN,WAIT,IDLE,,IDLE,,,,,IDLE,,right,0,0,172,no_target,直线退离完成，开始转向,550,-550,1
30.15,584.0,1176.0,877.0,848.0,0.257,1.0813,0.3155,0.5738,0.4447,0,0,0,0,0,0,1,12.0,26.0,1065.0,1,1,0,patrol,EDGE_TURN,EDGE_TURN,WAIT,IDLE,,IDLE,,,,,IDLE,,right,0,0,172,no_target,直线退离完成，开始转向,550,-550,1
30.17,581.0,1166.0,874.0,839.0,0.2693,1.0794,0.3107,0.5738,0.4423,0,0,0,0,0,0,1,24.0,110.0,1085.0,1,1,0,patrol,EDGE_TURN,EDGE_TURN,WAIT,IDLE,,IDLE,,,,,IDLE,,right,0,0,172,no_target,直线退离完成，开始转向,550,-550,1
30.19,585.0,1165.0,880.0,843.0,0.2786,1.0595,0.3155,0.5638,0.4396,0,0,0,0,0,0,1,-15.0,22.0,1085.0,1,1,0,patrol,EDGE_TURN,EDGE_TURN,WAIT,IDLE,,IDLE,,,,,IDLE,,right,0,0,172,no_target,直线退离完成，开始转向,550,-550,1
30.211,584.0,1158.0,879.0,842.0,0.2786,1.0575,0.3204,0.5604,0.4404,0,0,0,0,0,0,1,2.0,61.0,1065.0,1,1,0,patrol,EDGE_TURN,EDGE_TURN,WAIT,IDLE,,IDLE,,,,,IDLE,,right,0,0,172,no_target,直线退离完成，开始转向,550,-550,1
30.231,582.0,1154.0,883.0,850.0,0.2786,1.0437,0.3228,0.5638,0.4433,0,0,0,0,0,0,1,-11.0,22.0,1068.0,1,1,0,patrol,EDGE_TURN,EDGE_TURN,WAIT,IDLE,,IDLE,,,,,IDLE,,right,0,0,172,no_target,直线退离完成，开始转向,550,-550,1
30.251,582.0,1153.0,885.0,848.0,0.2724,1.0357,0.3301,0.5805,0.4553,0,0,0,0,0,0,1,1.0,22.0,1084.0,1,1,0,patrol,EDGE_TURN,EDGE_TURN,WAIT,IDLE,,IDLE,,,,,IDLE,,right,0,0,173,no_target,直线退离完成，开始转向,550,-550,1
30.271,585.0,1147.0,884.0,856.0,0.2724,1.0337,0.3325,0.5872,0.4599,0,0,0,0,0,0,1,96.0,375.0,1142.0,1,1,0,patrol,EDGE_TURN,EDGE_TURN,WAIT,IDLE,,IDLE,,,,,IDLE,,right,0,0,173,no_target,直线退离完成，开始转向,550,-550,1
30.291,586.0,1140.0,876.0,857.0,0.2817,1.0218,0.3325,0.6074,0.47,0,0,0,0,0,0,1,15.0,23.0,1130.0,1,1,0,patrol,EDGE_TURN,EDGE_TURN,WAIT,IDLE,,IDLE,,,,,IDLE,,right,0,0,173,no_target,直线退离完成，开始转向,550,-550,1
30.311,593.0,1143.0,876.0,848.0,0.2848,1.0139,0.3131,0.6074,0.4602,0,0,0,0,0,0,1,-15.0,22.0,1132.0,1,1,0,patrol,EDGE_TURN,EDGE_TURN,WAIT,IDLE,,IDLE,,,,,IDLE,,right,0,0,173,no_target,直线退离完成，开始转向,550,-550,1
30.331,595.0,1143.0,868.0,844.0,0.3065,1.0139,0.3131,0.5805,0.4468,0,0,0,0,0,0,1,-5.0,23.0,1116.0,1,1,0,patrol,EDGE_TURN,EDGE_TURN,WAIT,IDLE,,IDLE,,,,,IDLE,,right,0,0,173,no_target,直线退离完成，开始转向,550,-550,1
30.352,600.0,1140.0,870.0,849.0,0.3127,1.0139,0.2985,0.5805,0.4466,0,0,0,0,0,0,1,101.0,22.0,1083.0,1,1,0,patrol,EDGE_TURN,EDGE_TURN,WAIT,IDLE,,IDLE,,,,,IDLE,,right,0,0,173,no_target,直线退离完成，开始转向,550,-550,1
30.372,603.0,1140.0,880.0,853.0,0.3282,1.0079,0.2985,0.5839,0.456,0,0,0,0,0,0,1,-82.0,23.0,1083.0,1,1,0,patrol,EDGE_TURN,EDGE_TURN,WAIT,IDLE,,IDLE,,,,,IDLE,,right,0,0,173,no_target,直线退离完成，开始转向,550,-550,1
30.392,607.0,1142.0,893.0,860.0,0.3375,1.0079,0.3228,0.5973,0.4674,0,0,0,0,0,0,1,7.0,246.0,1070.0,1,1,0,patrol,EDGE_TURN,EDGE_TURN,WAIT,IDLE,,IDLE,,,,,IDLE,,right,0,0,174,no_target,直线退离完成，开始转向,550,-550,1
30.412,611.0,1138.0,892.0,861.0,0.3498,1.0079,0.3519,0.6208,0.4864,0,0,0,0,0,0,1,-5.0,23.0,1085.0,1,1,0,patrol,EDGE_TURN,EDGE_TURN,WAIT,IDLE,,IDLE,,,,,IDLE,,right,0,0,174,no_target,直线退离完成，开始转向,550,-550,1
30.432,616.0,1130.0,898.0,860.0,0.3622,1.004,0.3544,0.6208,0.4915,0,0,0,0,0,0,1,100.0,326.0,1057.0,1,1,0,patrol,EDGE_TURN,EDGE_TURN,WAIT,IDLE,,IDLE,,,,,IDLE,,right,0,0,174,no_target,直线退离完成，开始转向,550,-550,1
30.452,623.0,1133.0,903.0,866.0,0.3777,0.994,0.3665,0.6242,0.5009,0,0,0,0,0,0,1,-71.0,376.0,1054.0,1,1,0,patrol,EDGE_TURN,EDGE_TURN,WAIT,IDLE,,IDLE,,,,,IDLE,,right,0,0,174,no_target,直线退离完成，开始转向,550,-550,1
30.472,627.0,1134.0,902.0,872.0,0.3994,0.994,0.3762,0.6409,0.5202,0,0,0,0,0,0,1,-4.0,22.0,1053.0,1,1,0,patrol,RECOVER_FORWARD,RECOVER_FORWARD,WAIT,IDLE,,IDLE,,,,,IDLE,,,0,0,174,no_target,转向完成，向前离开边缘,400,400,1
30.492,626.0,1134.0,907.0,880.0,0.4087,0.996,0.3786,0.6611,0.5349,0,0,0,0,0,0,1,1.0,32.0,1018.0,1,1,0,patrol,RECOVER_FORWARD,RECOVER_FORWARD,WAIT,IDLE,,IDLE,,,,,IDLE,,,0,0,174,no_target,转向完成，向前离开边缘,400,400,1
30.513,626.0,1134.0,907.0,880.0,0.4087,0.996,0.3883,0.6879,0.5483,0,0,0,0,0,0,1,1.0,32.0,1018.0,1,1,0,patrol,RECOVER_FORWARD,RECOVER_FORWARD,WAIT,IDLE,,IDLE,,,,,IDLE,,,0,0,174,no_target,转向完成，向前离开边缘,400,400,1
30.533,625.0,1142.0,921.0,888.0,0.4087,0.996,0.3883,0.6879,0.5483,0,0,0,0,0,0,1,-3.0,433.0,1053.0,1,1,0,patrol,RECOVER_FORWARD,RECOVER_FORWARD,WAIT,IDLE,,IDLE,,,,,IDLE,,,0,0,175,no_target,转向完成，向前离开边缘,400,400,1
30.553,620.0,1137.0,915.0,885.0,0.4056,1.002,0.4078,0.7047,0.5562,0,0,0,0,0,0,1,5.0,25.0,1037.0,1,1,0,patrol,RECOVER_FORWARD,RECOVER_FORWARD,WAIT,IDLE,,IDLE,,,,,IDLE,,,0,0,175,no_target,转向完成，向前离开边缘,400,400,1
30.573,627.0,1136.0,912.0,886.0,0.4056,1.002,0.4078,0.7081,0.5579,0,0,0,0,0,0,1,24.0,178.0,1055.0,1,1,0,patrol,RECOVER_FORWARD,RECOVER_FORWARD,WAIT,IDLE,,IDLE,,,,,IDLE,,,0,0,175,no_target,转向完成，向前离开边缘,400,400,1
30.594,636.0,1144.0,923.0,891.0,0.4118,1.002,0.4078,0.7081,0.5599,0,0,0,0,0,0,1,-5.0,175.0,1053.0,1,1,0,patrol,RECOVER_FORWARD,RECOVER_FORWARD,WAIT,IDLE,,IDLE,,,,,IDLE,,,0,0,175,no_target,转向完成，向前离开边缘,400,400,1
30.614,635.0,1138.0,922.0,888.0,0.4365,1.004,0.4248,0.7148,0.5756,0,0,0,0,0,0,1,-4.0,159.0,1037.0,1,1,0,patrol,RECOVER_FORWARD,RECOVER_FORWARD,WAIT,IDLE,,IDLE,,,,,IDLE,,,0,0,175,no_target,转向完成，向前离开边缘,400,400,1
30.634,635.0,1138.0,923.0,887.0,0.4365,1.004,0.4272,0.7148,0.5756,0,0,0,0,0,0,1,-3.0,209.0,1039.0,1,1,0,patrol,RECOVER_FORWARD,RECOVER_FORWARD,WAIT,IDLE,,IDLE,,,,,IDLE,,,0,0,175,no_target,转向完成，向前离开边缘,400,400,1
30.654,640.0,1142.0,926.0,888.0,0.4365,1.004,0.4272,0.7148,0.5756,0,0,0,0,0,0,1,-3.0,360.0,1040.0,1,1,0,patrol,RECOVER_FORWARD,RECOVER_FORWARD,WAIT,IDLE,,IDLE,,,,,IDLE,,,0,0,175,no_target,转向完成，向前离开边缘,400,400,1
30.674,641.0,1139.0,932.0,888.0,0.452,1.006,0.4345,0.7148,0.5834,0,0,0,0,0,0,1,-4.0,230.0,1038.0,1,1,0,patrol,RECOVER_FORWARD,RECOVER_FORWARD,WAIT,IDLE,,IDLE,,,,,IDLE,,,0,0,175,no_target,转向完成，向前离开边缘,400,400,1
30.694,641.0,1137.0,933.0,888.0,0.4551,1.006,0.449,0.7148,0.5849,0,0,0,0,0,0,1,-11.0,493.0,1039.0,1,1,0,patrol,RECOVER_FORWARD,RECOVER_FORWARD,WAIT,IDLE,,IDLE,,,,,IDLE,,,0,0,176,no_target,转向完成，向前离开边缘,400,400,1
30.714,642.0,1136.0,934.0,891.0,0.4551,1.002,0.4515,0.7148,0.5849,0,0,0,0,0,0,1,-3.0,622.0,1024.0,1,1,0,patrol,RECOVER_FORWARD,RECOVER_FORWARD,WAIT,IDLE,,IDLE,,,,,IDLE,,,0,0,176,no_target,转向完成，向前离开边缘,400,400,1
30.734,644.0,1138.0,934.0,893.0,0.4582,1.002,0.4539,0.7248,0.5915,0,0,0,0,0,0,1,-3.0,127.0,1058.0,1,1,0,patrol,RECOVER_FORWARD,RECOVER_FORWARD,WAIT,IDLE,,IDLE,,,,,IDLE,,,0,0,176,no_target,转向完成，向前离开边缘,400,400,1
30.755,643.0,1138.0,928.0,893.0,0.4613,1.004,0.4539,0.7315,0.5964,0,0,0,0,0,0,1,-4.0,230.0,1035.0,1,1,0,patrol,RECOVER_FORWARD,RECOVER_FORWARD,WAIT,IDLE,,IDLE,,,,,IDLE,,,0,0,176,no_target,转向完成，向前离开边缘,400,400,1
30.775,647.0,1149.0,930.0,901.0,0.4644,1.004,0.4442,0.7315,0.598,0,0,0,0,0,0,1,3.0,229.0,1038.0,1,1,0,patrol,RECOVER_FORWARD,RECOVER_FORWARD,WAIT,IDLE,,IDLE,,,,,IDLE,,,0,0,176,no_target,转向完成，向前离开边缘,400,400,1
30.795,647.0,1145.0,924.0,900.0,0.4737,1.0179,0.4393,0.755,0.6144,0,0,0,0,0,0,1,-4.0,247.0,1024.0,1,1,0,patrol,RECOVER_FORWARD,RECOVER_FORWARD,WAIT,IDLE,,IDLE,,,,,IDLE,,,0,0,176,no_target,转向完成，向前离开边缘,400,400,1
30.815,647.0,1145.0,922.0,901.0,0.4737,1.0179,0.4296,0.7584,0.616,0,0,0,0,0,0,1,-3.0,247.0,1019.0,1,1,0,patrol,RECOVER_FORWARD,RECOVER_FORWARD,WAIT,IDLE,,IDLE,,,,,IDLE,,,0,0,176,no_target,转向完成，向前离开边缘,400,400,1
30.835,650.0,1147.0,920.0,901.0,0.4737,1.0179,0.4248,0.7584,0.616,0,0,0,0,0,0,1,-5.0,208.0,1020.0,1,1,0,patrol,RECOVER_FORWARD,RECOVER_FORWARD,WAIT,IDLE,,IDLE,,,,,IDLE,,,0,0,177,no_target,转向完成，向前离开边缘,400,400,1
30.855,653.0,1152.0,918.0,904.0,0.483,1.0218,0.4199,0.7584,0.6207,0,0,0,0,0,0,1,-33.0,125.0,1007.0,1,1,0,patrol,RECOVER_FORWARD,RECOVER_FORWARD,WAIT,IDLE,,IDLE,,,,,IDLE,,,0,0,177,no_target,转向完成，向前离开边缘,400,400,1
30.876,654.0,1152.0,916.0,906.0,0.4923,1.0317,0.415,0.7685,0.6304,0,0,0,0,0,0,1,-3.0,441.0,1008.0,1,1,0,patrol,RECOVER_FORWARD,RECOVER_FORWARD,WAIT,IDLE,,IDLE,,,,,IDLE,,,0,0,177,no_target,转向完成，向前离开边缘,400,400,1
30.896,652.0,1152.0,913.0,906.0,0.4923,1.0317,0.4102,0.7752,0.6337,0,0,0,0,0,0,1,-3.0,247.0,1005.0,1,1,0,patrol,RECOVER_FORWARD,RECOVER_FORWARD,WAIT,IDLE,,IDLE,,,,,IDLE,,,0,0,177,no_target,转向完成，向前离开边缘,400,400,1
30.916,649.0,1152.0,909.0,901.0,0.4892,1.0317,0.4029,0.7752,0.6322,0,0,0,0,0,0,1,-4.0,637.0,1024.0,1,1,0,patrol,RECOVER_FORWARD,RECOVER_FORWARD,WAIT,IDLE,,IDLE,,,,,IDLE,,,0,0,177,no_target,转向完成，向前离开边缘,400,400,1
30.936,647.0,1157.0,907.0,901.0,0.4799,1.0317,0.3932,0.7584,0.6191,0,0,0,0,0,0,1,-5.0,407.0,1040.0,1,1,0,patrol,RECOVER_FORWARD,RECOVER_FORWARD,WAIT,IDLE,,IDLE,,,,,IDLE,,,0,0,177,no_target,转向完成，向前离开边缘,400,400,1
30.956,645.0,1165.0,906.0,901.0,0.4737,1.0417,0.3883,0.7584,0.616,0,0,0,0,0,0,1,-4.0,296.0,1036.0,1,1,0,patrol,RECOVER_FORWARD,RECOVER_FORWARD,WAIT,IDLE,,IDLE,,,,,IDLE,,,0,0,177,no_target,转向完成，向前离开边缘,400,400,1
30.976,641.0,1173.0,905.0,900.0,0.4675,1.0575,0.3859,0.7584,0.6129,0,0,0,0,0,0,1,-4.0,311.0,1052.0,1,1,0,patrol,RECOVER_FORWARD,RECOVER_FORWARD,WAIT,IDLE,,IDLE,,,,,IDLE,,,0,0,178,no_target,转向完成，向前离开边缘,400,400,1
30.996,644.0,1181.0,908.0,901.0,0.4644,1.0734,0.3859,0.7584,0.6114,0,0,0,0,0,0,1,-5.0,311.0,1070.0,1,1,0,patrol,RECOVER_FORWARD,RECOVER_FORWARD,WAIT,IDLE,,IDLE,,,,,IDLE,,,0,0,178,no_target,转向完成，向前离开边缘,400,400,1
31.016,646.0,1180.0,903.0,896.0,0.4644,1.0873,0.3835,0.755,0.6097,0,0,0,0,0,0,1,-5.0,310.0,1054.0,1,1,0,patrol,RECOVER_FORWARD,RECOVER_FORWARD,WAIT,IDLE,,IDLE,,,,,IDLE,,,0,0,178,no_target,转向完成，向前离开边缘,400,400,1
31.037,647.0,1176.0,900.0,886.0,0.4706,1.0873,0.3786,0.7416,0.6061,0,0,0,0,0,0,1,-4.0,295.0,1052.0,1,1,0,patrol,RECOVER_FORWARD,RECOVER_FORWARD,WAIT,IDLE,,IDLE,,,,,IDLE,,,0,0,178,no_target,转向完成，向前离开边缘,400,400,1
31.057,650.0,1179.0,899.0,876.0,0.4737,1.0853,0.3714,0.7081,0.5909,0,0,0,0,0,0,1,-4.0,328.0,1052.0,1,1,0,patrol,RECOVER_FORWARD,RECOVER_FORWARD,WAIT,IDLE,,IDLE,,,,,IDLE,,,0,0,178,no_target,转向完成，向前离开边缘,400,400,1
31.077,650.0,1179.0,899.0,876.0,0.483,1.0853,0.3689,0.6745,0.5787,0,0,0,0,0,0,1,-4.0,328.0,1052.0,1,1,0,patrol,RECOVER_FORWARD,RECOVER_FORWARD,WAIT,IDLE,,IDLE,,,,,IDLE,,,0,0,178,no_target,转向完成，向前离开边缘,400,400,1
31.097,651.0,1189.0,904.0,880.0,0.483,1.0853,0.3689,0.6745,0.5787,0,0,0,0,0,0,1,-5.0,310.0,1085.0,1,1,0,patrol,RECOVER_FORWARD,RECOVER_FORWARD,WAIT,IDLE,,IDLE,,,,,IDLE,,,0,0,178,no_target,转向完成，向前离开边缘,400,400,1
31.117,655.0,1195.0,913.0,888.0,0.4861,1.1052,0.3811,0.6879,0.587,0,0,0,0,0,0,1,-4.0,311.0,1054.0,1,1,0,patrol,RECOVER_FORWARD,RECOVER_FORWARD,WAIT,IDLE,,IDLE,,,,,IDLE,,,0,0,179,no_target,转向完成，向前离开边缘,400,400,1
31.137,660.0,1196.0,913.0,892.0,0.4985,1.1171,0.4029,0.7148,0.6066,0,0,0,0,0,0,1,-3.0,589.0,1052.0,1,1,0,patrol,RECOVER_FORWARD,RECOVER_FORWARD,WAIT,IDLE,,IDLE,,,,,IDLE,,,0,0,179,no_target,转向完成，向前离开边缘,400,400,1
31.158,663.0,1204.0,925.0,898.0,0.5139,1.119,0.4029,0.7282,0.6211,0,0,0,0,0,0,1,-6.0,263.0,1053.0,1,1,0,patrol,RECOVER_FORWARD,RECOVER_FORWARD,WAIT,IDLE,,IDLE,,,,,IDLE,,,0,0,179,no_target,转向完成，向前离开边缘,400,400,1
31.178,660.0,1206.0,925.0,893.0,0.5139,1.1349,0.432,0.7315,0.6227,0,0,0,0,0,0,1,-6.0,307.0,1070.0,1,1,0,patrol,RECOVER_FORWARD,RECOVER_FORWARD,WAIT,IDLE,,IDLE,,,,,IDLE,,,0,0,179,no_target,转向完成，向前离开边缘,400,400,1
31.198,667.0,1222.0,930.0,906.0,0.5232,1.1389,0.432,0.7483,0.6358,0,0,0,0,0,0,1,-5.0,685.0,1057.0,1,1,0,patrol,RECOVER_FORWARD,RECOVER_FORWARD,WAIT,IDLE,,IDLE,,,,,IDLE,,,0,0,179,no_target,转向完成，向前离开边缘,400,400,1
31.218,667.0,1216.0,929.0,915.0,0.5356,1.1587,0.4417,0.7752,0.6554,0,0,0,0,0,0,1,-3.0,160.0,1036.0,1,1,0,patrol,RECOVER_FORWARD,RECOVER_FORWARD,WAIT,IDLE,,IDLE,,,,,IDLE,,,0,0,179,no_target,转向完成，向前离开边缘,400,400,1
31.238,668.0,1204.0,931.0,924.0,0.5356,1.1587,0.4442,0.8054,0.6705,0,0,0,0,0,0,1,-4.0,127.0,1036.0,1,1,0,patrol,RECOVER_FORWARD,RECOVER_FORWARD,WAIT,IDLE,,IDLE,,,,,IDLE,,,0,0,179,no_target,转向完成，向前离开边缘,400,400,1
31.258,674.0,1223.0,938.0,926.0,0.5387,1.1587,0.4466,0.8356,0.6871,0,0,0,0,0,0,1,9.0,160.0,1006.0,1,1,0,patrol,RECOVER_FORWARD,RECOVER_FORWARD,WAIT,IDLE,,IDLE,,,,,IDLE,,,0,0,180,no_target,转向完成，向前离开边缘,400,400,1
31.278,684.0,1219.0,950.0,939.0,0.5573,1.1647,0.4636,0.8423,0.6998,0,0,0,0,0,0,1,-3.0,245.0,1024.0,1,1,0,patrol,RECOVER_FORWARD,RECOVER_FORWARD,WAIT,IDLE,,IDLE,,,,,IDLE,,,0,0,180,no_target,转向完成，向前离开边缘,400,400,1
31.298,684.0,1209.0,954.0,945.0,0.5882,1.1647,0.4927,0.8859,0.7371,0,0,0,0,0,0,1,-5.0,252.0,1045.0,1,1,0,patrol,RECOVER_FORWARD,RECOVER_FORWARD,WAIT,IDLE,,IDLE,,,,,IDLE,,,0,0,180,no_target,转向完成，向前离开边缘,400,400,1
31.319,686.0,1214.0,953.0,949.0,0.5882,1.1548,0.5,0.906,0.7471,0,0,0,0,0,0,1,-74.0,32.0,987.0,1,1,0,patrol,RECOVER_FORWARD,RECOVER_FORWARD,WAIT,IDLE,,IDLE,,,,,IDLE,,,0,0,180,no_target,转向完成，向前离开边缘,400,400,1
31.339,688.0,1232.0,948.0,959.0,0.5944,1.1548,0.5,0.9195,0.7569,0,0,0,0,0,0,1,-3.0,231.0,1039.0,1,1,0,patrol,RECOVER_FORWARD,RECOVER_FORWARD,WAIT,IDLE,,IDLE,,,,,IDLE,,,0,0,180,no_target,转向完成，向前离开边缘,400,400,1
31.359,687.0,1228.0,940.0,954.0,0.5975,1.1825,0.4879,0.9362,0.7669,0,0,0,0,0,0,1,-3.0,289.0,1006.0,1,1,0,patrol,RECOVER_FORWARD,RECOVER_FORWARD,WAIT,IDLE,,IDLE,,,,,IDLE,,,0,0,180,no_target,转向完成，向前离开边缘,400,400,1
31.379,689.0,1242.0,948.0,952.0,0.6006,1.1905,0.4879,0.9362,0.7684,0,0,0,0,0,0,1,-3.0,110.0,1003.0,1,1,0,patrol,RECOVER_FORWARD,RECOVER_FORWARD,WAIT,IDLE,,IDLE,,,,,IDLE,,,0,0,180,no_target,转向完成，向前离开边缘,400,400,1
31.399,690.0,1241.0,960.0,948.0,0.6037,1.2083,0.4879,0.9295,0.7666,0,0,0,0,0,0,1,-4.0,111.0,1006.0,1,1,0,patrol,RECOVER_FORWARD,RECOVER_FORWARD,WAIT,IDLE,,IDLE,,,,,IDLE,,,0,0,180,no_target,转向完成，向前离开边缘,400,400,1
31.419,691.0,1237.0,961.0,953.0,0.6068,1.2083,0.517,0.9295,0.7682,0,0,0,0,0,0,1,7.0,226.0,989.0,1,1,0,patrol,RECOVER_FORWARD,RECOVER_FORWARD,WAIT,IDLE,,IDLE,,,,,IDLE,,,0,0,181,no_target,转向完成，向前离开边缘,400,400,1
31.439,700.0,1254.0,965.0,961.0,0.6099,1.2083,0.5194,0.9329,0.7714,0,0,0,0,0,0,1,-4.0,493.0,1024.0,1,1,0,patrol,RECOVER_FORWARD,RECOVER_FORWARD,WAIT,IDLE,,IDLE,,,,,IDLE,,,0,0,181,no_target,转向完成，向前离开边缘,400,400,1
31.46,696.0,1253.0,965.0,957.0,0.6254,1.2321,0.5291,0.9463,0.7858,0,0,0,0,0,0,1,-5.0,492.0,1019.0,1,1,0,patrol,RECOVER_FORWARD,RECOVER_FORWARD,WAIT,IDLE,,IDLE,,,,,IDLE,,,0,0,181,no_target,转向完成，向前离开边缘,400,400,1
31.48,698.0,1247.0,966.0,960.0,0.6316,1.2321,0.5291,0.9564,0.794,0,0,0,0,0,0,1,-3.0,143.0,1007.0,1,1,0,patrol,RECOVER_FORWARD,RECOVER_FORWARD,WAIT,IDLE,,IDLE,,,,,IDLE,,,0,0,181,no_target,转向完成，向前离开边缘,400,400,1
31.5,698.0,1262.0,970.0,958.0,0.6316,1.2321,0.5316,0.9497,0.7906,0,0,0,0,0,0,1,-9.0,654.0,991.0,1,1,0,patrol,RECOVER_FORWARD,RECOVER_FORWARD,WAIT,IDLE,,IDLE,,,,,IDLE,,,0,0,181,no_target,转向完成，向前离开边缘,400,400,1
31.52,695.0,1266.0,970.0,963.0,0.6316,1.25,0.5413,0.9564,0.794,0,0,0,0,0,0,1,-3.0,175.0,1021.0,1,1,0,patrol,RECOVER_FORWARD,RECOVER_FORWARD,WAIT,IDLE,,IDLE,,,,,IDLE,,,0,0,181,no_target,转向完成，向前离开边缘,400,400,1
31.54,695.0,1274.0,961.0,966.0,0.6223,1.2579,0.5413,0.9664,0.7944,0,0,0,0,0,0,1,-4.0,333.0,1032.0,1,1,0,patrol,RECOVER_FORWARD,RECOVER_FORWARD,WAIT,IDLE,,IDLE,,,,,IDLE,,,0,0,181,no_target,转向完成，向前离开边缘,400,400,1
31.56,700.0,1268.0,967.0,963.0,0.6223,1.2619,0.534,0.9664,0.7944,0,0,0,0,0,0,1,-5.0,263.0,1007.0,1,1,0,patrol,RECOVER_FORWARD,RECOVER_FORWARD,WAIT,IDLE,,IDLE,,,,,IDLE,,,0,0,182,no_target,转向完成，向前离开边缘,400,400,1
31.58,700.0,1276.0,973.0,974.0,0.6378,1.2738,0.534,0.9765,0.8071,0,0,0,0,0,0,1,-5.0,231.0,1024.0,1,1,0,patrol,RECOVER_FORWARD,RECOVER_FORWARD,WAIT,IDLE,,IDLE,,,,,IDLE,,,0,0,182,no_target,转向完成，向前离开边缘,400,400,1
31.601,697.0,1267.0,981.0,961.0,0.6378,1.2619,0.5485,0.9664,0.8021,0,0,0,0,0,0,1,-5.0,160.0,1024.0,1,1,0,patrol,RECOVER_FORWARD,RECOVER_FORWARD,WAIT,IDLE,,IDLE,,,,,IDLE,,,0,0,182,no_target,转向完成，向前离开边缘,400,400,1
31.621,700.0,1267.0,973.0,964.0,0.6378,1.2599,0.5485,0.9698,0.8038,0,0,0,0,0,0,1,-3.0,193.0,1021.0,1,1,0,patrol,RECOVER_FORWARD,RECOVER_FORWARD,WAIT,IDLE,,IDLE,,,,,IDLE,,,0,0,182,no_target,转向完成，向前离开边缘,400,400,1
31.641,703.0,1275.0,972.0,954.0,0.6378,1.2599,0.5485,0.9597,0.7988,0,0,0,0,0,0,1,3.0,177.0,768.0,1,1,0,patrol,RECOVER_FORWARD,RECOVER_FORWARD,WAIT,IDLE,,IDLE,,,,,IDLE,,,0,0,182,no_target,转向完成，向前离开边缘,400,400,1
31.661,703.0,1275.0,972.0,954.0,0.6471,1.2758,0.5461,0.9362,0.7917,0,0,0,0,0,0,1,3.0,177.0,768.0,1,1,0,patrol,RECOVER_FORWARD,RECOVER_FORWARD,WAIT,IDLE,,IDLE,,,,,IDLE,,,0,0,182,no_target,转向完成，向前离开边缘,400,400,1
31.681,709.0,1272.0,977.0,949.0,0.6471,1.2758,0.5461,0.9362,0.7917,0,0,0,0,0,0,1,-3.0,328.0,1038.0,1,1,0,patrol,RECOVER_FORWARD,RECOVER_FORWARD,WAIT,IDLE,,IDLE,,,,,IDLE,,,0,0,182,no_target,转向完成，向前离开边缘,400,400,1
31.701,711.0,1280.0,985.0,957.0,0.6656,1.2758,0.5583,0.9362,0.8009,0,0,0,0,0,0,1,-3.0,685.0,1062.0,1,1,0,patrol,RECOVER_FORWARD,RECOVER_FORWARD,WAIT,IDLE,,IDLE,,,,,IDLE,,,0,0,183,no_target,转向完成，向前离开边缘,400,400,1
31.721,708.0,1281.0,982.0,973.0,0.6656,1.2857,0.5704,0.9463,0.806,0,0,0,0,0,0,1,-8.0,278.0,1022.0,1,1,0,patrol,RECOVER_FORWARD,RECOVER_FORWARD,WAIT,IDLE,,IDLE,,,,,IDLE,,,0,0,183,no_target,转向完成，向前离开边缘,400,400,1
31.741,701.0,1272.0,972.0,961.0,0.6625,1.2857,0.5704,0.9597,0.8111,0,0,0,0,0,0,1,-2.0,227.0,1024.0,1,1,0,patrol,RECOVER_FORWARD,RECOVER_FORWARD,WAIT,IDLE,,IDLE,,,,,IDLE,,,0,0,183,no_target,转向完成，向前离开边缘,400,400,1
31.762,713.0,1277.0,987.0,972.0,0.6625,1.2798,0.5704,0.9966,0.8296,0,0,0,0,0,0,1,-92.0,803.0,1065.0,1,1,0,patrol,RECOVER_FORWARD,RECOVER_FORWARD,WAIT,IDLE,,IDLE,,,,,IDLE,,,0,0,183,no_target,转向完成，向前离开边缘,400,400,1
31.782,709.0,1276.0,992.0,968.0,0.6656,1.2778,0.5825,0.9832,0.8244,0,0,0,0,0,0,1,-5.0,278.0,1052.0,1,1,0,patrol,RECOVER_FORWARD,RECOVER_FORWARD,WAIT,IDLE,,IDLE,,,,,IDLE,,,0,0,183,no_target,转向完成，向前离开边缘,400,400,1
31.802,707.0,1294.0,989.0,978.0,0.6656,1.2798,0.5874,0.9966,0.8311,0,0,0,0,0,0,1,3.0,229.0,1007.0,1,1,0,patrol,RECOVER_FORWARD,RECOVER_FORWARD,WAIT,IDLE,,IDLE,,,,,IDLE,,,0,0,183,no_target,转向完成，向前离开边缘,400,400,1
31.822,710.0,1298.0,999.0,980.0,0.6656,1.3135,0.5947,1.0168,0.8412,0,0,0,0,0,0,1,-5.0,312.0,1024.0,1,1,0,patrol,RECOVER_FORWARD,RECOVER_FORWARD,WAIT,IDLE,,IDLE,,,,,IDLE,,,0,0,183,no_target,转向完成，向前离开边缘,400,400,1
31.842,711.0,1303.0,1003.0,983.0,0.6687,1.3214,0.6117,1.0235,0.8461,0,0,0,0,0,0,1,-3.0,1028.0,1006.0,1,1,0,patrol,RECOVER_FORWARD,RECOVER_FORWARD,WAIT,IDLE,,IDLE,,,,,IDLE,,,0,0,184,no_target,转向完成，向前离开边缘,400,400,1
31.862,717.0,1312.0,1008.0,997.0,0.6718,1.3313,0.6214,1.0336,0.8527,0,0,0,0,0,0,1,-4.0,701.0,989.0,1,1,0,patrol,RECOVER_FORWARD,RECOVER_FORWARD,WAIT,IDLE,,IDLE,,,,,IDLE,,,0,0,184,no_target,转向完成，向前离开边缘,400,400,1
31.882,711.0,1297.0,991.0,990.0,0.6718,1.3313,0.6214,1.057,0.8644,0,0,0,0,0,0,1,-4.0,128.0,1022.0,1,1,0,patrol,RECOVER_FORWARD,RECOVER_FORWARD,WAIT,IDLE,,IDLE,,,,,IDLE,,,0,0,184,no_target,转向完成，向前离开边缘,400,400,1
31.903,717.0,1310.0,997.0,989.0,0.6904,1.3452,0.6068,1.057,0.8737,0,0,0,0,0,0,1,-4.0,409.0,1020.0,1,1,0,patrol,RECOVER_FORWARD,RECOVER_FORWARD,WAIT,IDLE,,IDLE,,,,,IDLE,,,0,0,184,no_target,转向完成，向前离开边缘,400,400,1
31.923,716.0,1307.0,1002.0,998.0,0.6873,1.3393,0.6068,1.057,0.8722,0,0,0,0,0,0,1,-4.0,247.0,1004.0,1,1,0,patrol,RECOVER_FORWARD,RECOVER_FORWARD,WAIT,IDLE,,IDLE,,,,,IDLE,,,0,0,184,no_target,转向完成，向前离开边缘,400,400,1
31.943,715.0,1299.0,1005.0,997.0,0.6873,1.3393,0.6189,1.0805,0.8839,0,0,0,0,0,0,1,-4.0,637.0,1007.0,1,1,0,patrol,RECOVER_FORWARD,RECOVER_FORWARD,WAIT,IDLE,,IDLE,,,,,IDLE,,,0,0,184,no_target,转向完成，向前离开边缘,400,400,1
31.963,720.0,1318.0,1012.0,1008.0,0.6873,1.3393,0.6262,1.0839,0.8856,0,0,0,0,0,0,1,-4.0,311.0,1007.0,1,1,0,patrol,RECOVER_FORWARD,RECOVER_FORWARD,WAIT,IDLE,,IDLE,,,,,IDLE,,,0,0,184,no_target,转向完成，向前离开边缘,400,400,1
31.983,718.0,1330.0,999.0,1013.0,0.6935,1.3611,0.6262,1.1174,0.9055,0,0,0,0,0,0,1,-4.0,227.0,1006.0,1,1,0,patrol,MEDIUM_CRUISE,MEDIUM_CRUISE,WAIT,IDLE,,IDLE,,,,,IDLE,,,0,0,184,no_target,已达到避边释放线，恢复中速穿越渐变区,400,400,1
32.003,714.0,1334.0,987.0,1018.0,0.6935,1.3849,0.6117,1.1342,0.9139,0,0,0,0,0,0,1,-5.0,263.0,1018.0,1,1,0,patrol,MEDIUM_CRUISE,MEDIUM_CRUISE,WAIT,IDLE,,IDLE,,,,,IDLE,,,0,0,185,no_target,按区域分级巡航,400,400,1
32.024,715.0,1350.0,995.0,1021.0,0.6842,1.3929,0.6019,1.151,0.9176,0,0,0,0,0,0,1,-3.0,279.0,989.0,1,1,0,patrol,MEDIUM_CRUISE,MEDIUM_CRUISE,WAIT,IDLE,,IDLE,,,,,IDLE,,,0,0,185,no_target,按区域分级巡航,400,400,1
32.044,722.0,1330.0,1005.0,1024.0,0.6842,1.3929,0.6019,1.1611,0.9226,0,0,0,0,0,0,1,-4.0,278.0,1024.0,1,1,0,patrol,MEDIUM_CRUISE,MEDIUM_CRUISE,WAIT,IDLE,,IDLE,,,,,IDLE,,,0,0,185,no_target,按区域分级巡航,400,400,1
32.064,715.0,1313.0,998.0,1017.0,0.6842,1.3849,0.6092,1.1611,0.9226,0,0,0,0,0,0,1,-6.0,279.0,1021.0,1,1,0,patrol,MEDIUM_CRUISE,MEDIUM_CRUISE,WAIT,IDLE,,IDLE,,,,,IDLE,,,0,0,185,no_target,按区域分级巡航,400,400,1
32.084,708.0,1325.0,990.0,1018.0,0.6842,1.375,0.6092,1.151,0.9176,0,0,0,0,0,0,1,-4.0,279.0,1020.0,1,1,0,patrol,MEDIUM_CRUISE,MEDIUM_CRUISE,WAIT,IDLE,,IDLE,,,,,IDLE,,,0,0,185,no_target,按区域分级巡航,400,400,1
32.104,705.0,1322.0,991.0,997.0,0.6625,1.369,0.5922,1.1477,0.9051,0,0,0,0,0,0,1,-5.0,1074.0,1026.0,1,1,0,patrol,MEDIUM_CRUISE,MEDIUM_CRUISE,WAIT,IDLE,,IDLE,,,,,IDLE,,,0,0,185,no_target,按区域分级巡航,400,400,1
32.124,697.0,1305.0,995.0,993.0,0.6533,1.369,0.5922,1.0805,0.8669,0,0,0,0,0,0,1,-4.0,277.0,1024.0,1,1,0,patrol,EDGE_AVOID,EDGE_AVOID,WAIT,IDLE,,IDLE,,,,,IDLE,,,0,0,185,no_target,前向灰度趋势变暗，提前离边,-400,-400,1
32.144,701.0,1309.0,989.0,996.0,0.6409,1.3433,0.5922,1.0772,0.859,0,0,0,0,0,0,1,-5.0,247.0,1021.0,1,1,0,patrol,EDGE_AVOID,EDGE_AVOID,WAIT,IDLE,,IDLE,,,,,IDLE,,,0,0,185,no_target,前向灰度趋势变暗，提前离边,-400,-400,1
32.164,701.0,1309.0,989.0,996.0,0.6409,1.3433,0.5874,1.0772,0.859,0,0,0,0,0,0,1,-5.0,247.0,1021.0,1,1,0,patrol,EDGE_AVOID,EDGE_AVOID,WAIT,IDLE,,IDLE,,,,,IDLE,,,0,0,186,no_target,前向灰度趋势变暗，提前离边,-400,-400,1
32.185,713.0,1323.0,1001.0,1008.0,0.6409,1.3433,0.5874,1.0772,0.859,0,0,0,0,0,0,1,-5.0,227.0,1022.0,1,1,0,patrol,EDGE_AVOID,EDGE_AVOID,WAIT,IDLE,,IDLE,,,,,IDLE,,,0,0,186,no_target,前向灰度趋势变暗，提前离边,-400,-400,1
32.205,711.0,1319.0,991.0,998.0,0.6718,1.3631,0.5922,1.0839,0.8779,0,0,0,0,0,0,1,-3.0,230.0,1024.0,1,1,0,patrol,EDGE_AVOID,EDGE_AVOID,WAIT,IDLE,,IDLE,,,,,IDLE,,,0,0,186,no_target,前向灰度趋势变暗，提前离边,-400,-400,1
32.225,706.0,1309.0,987.0,989.0,0.6718,1.3631,0.5922,1.0839,0.8779,0,0,0,0,0,0,1,-5.0,193.0,985.0,1,1,0,patrol,EDGE_AVOID,EDGE_AVOID,WAIT,IDLE,,IDLE,,,,,IDLE,,,0,0,186,no_target,前向灰度趋势变暗，提前离边,-400,-400,1
32.245,705.0,1314.0,1003.0,994.0,0.6563,1.3532,0.5922,1.0705,0.8634,0,0,0,0,0,0,1,-3.0,194.0,986.0,1,1,0,patrol,EDGE_AVOID,EDGE_AVOID,WAIT,IDLE,,IDLE,,,,,IDLE,,,0,0,186,no_target,前向灰度趋势变暗，提前离边,-400,-400,1
32.265,702.0,1324.0,1003.0,997.0,0.6533,1.3532,0.6214,1.0705,0.8619,0,0,0,0,0,0,1,-5.0,576.0,975.0,1,1,0,patrol,EDGE_AVOID,EDGE_AVOID,WAIT,IDLE,,IDLE,,,,,IDLE,,,0,0,186,no_target,前向灰度趋势变暗，提前离边,-400,-400,1
32.285,699.0,1326.0,999.0,988.0,0.644,1.373,0.6214,1.0705,0.8572,0,0,0,0,0,0,1,1.0,176.0,989.0,1,1,0,patrol,EDGE_AVOID,EDGE_AVOID,WAIT,IDLE,,IDLE,,,,,IDLE,,,0,0,186,no_target,前向灰度趋势变暗，提前离边,-400,-400,1
32.306,697.0,1322.0,996.0,985.0,0.6347,1.373,0.6117,1.0503,0.8425,0,0,0,0,0,0,1,-6.0,61.0,1004.0,1,1,0,patrol,EDGE_AVOID,EDGE_AVOID,WAIT,IDLE,,IDLE,,,,,IDLE,,,0,0,187,no_target,前向灰度趋势变暗，提前离边,-400,-400,1
32.326,701.0,1327.0,1000.0,987.0,0.6347,1.377,0.6117,1.047,0.8408,0,0,0,0,0,0,1,-3.0,558.0,1007.0,1,1,0,patrol,EDGE_AVOID,EDGE_AVOID,WAIT,IDLE,,IDLE,,,,,IDLE,,,0,0,187,no_target,前向灰度趋势变暗，提前离边,-400,-400,1
32.346,696.0,1316.0,994.0,980.0,0.6285,1.369,0.6044,1.0403,0.8344,0,0,0,0,0,0,1,-4.0,177.0,989.0,1,1,0,patrol,EDGE_AVOID,EDGE_AVOID,WAIT,IDLE,,IDLE,,,,,IDLE,,,0,0,187,no_target,前向灰度趋势变暗，提前离边,-400,-400,1
32.366,701.0,1327.0,1002.0,988.0,0.6409,1.379,0.6141,1.047,0.8439,0,0,0,0,0,0,1,-5.0,61.0,988.0,1,1,0,patrol,EDGE_AVOID,EDGE_AVOID,WAIT,IDLE,,IDLE,,,,,IDLE,,,0,0,187,no_target,前向灰度趋势变暗，提前离边,-400,-400,1
32.386,698.0,1323.0,998.0,984.0,0.6316,1.371,0.6092,1.0369,0.8342,0,0,0,0,0,0,1,1.0,61.0,987.0,1,1,0,patrol,EDGE_AVOID,EDGE_AVOID,WAIT,IDLE,,IDLE,,,,,IDLE,,,0,0,187,no_target,前向灰度趋势变暗，提前离边,-400,-400,1
32.406,702.0,1333.0,1005.0,991.0,0.6409,1.379,0.6189,1.0503,0.8456,0,0,0,0,0,0,1,-4.0,177.0,988.0,1,1,0,patrol,EDGE_AVOID,EDGE_AVOID,WAIT,IDLE,,IDLE,,,,,IDLE,,,0,0,187,no_target,前向灰度趋势变暗，提前离边,-400,-400,1
32.426,701.0,1329.0,1003.0,989.0,0.6409,1.3829,0.6214,1.0537,0.8473,0,0,0,0,0,0,1,-10.0,23.0,1006.0,1,1,0,patrol,EDGE_AVOID,EDGE_AVOID,WAIT,IDLE,,IDLE,,,,,IDLE,,,0,0,187,no_target,前向灰度趋势变暗，提前离边,-400,-400,1
32.446,699.0,1326.0,1001.0,987.0,0.6409,1.3829,0.6214,1.0537,0.8473,0,0,0,0,0,0,1,-6.0,343.0,1017.0,1,1,0,patrol,EDGE_AVOID,EDGE_AVOID,WAIT,IDLE,,IDLE,,,,,IDLE,,,0,0,187,no_target,前向灰度趋势变暗，提前离边,-400,-400,1
32.467,704.0,1337.0,1007.0,994.0,0.6409,1.3829,0.6214,1.0537,0.8473,0,0,0,0,0,0,1,-4.0,573.0,988.0,1,1,0,patrol,EDGE_AVOID,EDGE_AVOID,WAIT,IDLE,,IDLE,,,,,IDLE,,,0,0,188,no_target,前向灰度趋势变暗，提前离边,-400,-400,1
32.487,701.0,1330.0,1003.0,988.0,0.6409,1.3849,0.6214,1.0503,0.8456,0,0,0,0,0,0,1,-4.0,210.0,1006.0,1,1,0,patrol,EDGE_AVOID,EDGE_AVOID,WAIT,IDLE,,IDLE,,,,,IDLE,,,0,0,188,no_target,前向灰度趋势变暗，提前离边,-400,-400,1
32.507,698.0,1322.0,999.0,984.0,0.6409,1.3849,0.6214,1.0503,0.8456,0,0,0,0,0,0,1,-8.0,177.0,989.0,1,1,0,patrol,EDGE_AVOID,EDGE_AVOID,WAIT,IDLE,,IDLE,,,,,IDLE,,,0,0,188,no_target,前向灰度趋势变暗，提前离边,-400,-400,1
32.527,699.0,1328.0,999.0,988.0,0.6347,1.381,0.6117,1.0503,0.8425,0,0,0,0,0,0,1,-5.0,556.0,987.0,1,1,0,patrol,EDGE_AVOID,EDGE_AVOID,WAIT,IDLE,,IDLE,,,,,IDLE,,,0,0,188,no_target,前向灰度趋势变暗，提前离边,-400,-400,1
32.547,697.0,1325.0,999.0,989.0,0.6316,1.375,0.6117,1.0503,0.841,0,0,0,0,0,0,1,-3.0,975.0,1007.0,1,1,0,patrol,EDGE_AVOID,EDGE_AVOID,WAIT,IDLE,,IDLE,,,,,IDLE,,,0,0,188,no_target,前向灰度趋势变暗，提前离边,-400,-400,1
32.567,698.0,1322.0,1000.0,992.0,0.6316,1.375,0.6117,1.0537,0.8426,0,0,0,0,0,0,1,-5.0,177.0,989.0,1,1,0,patrol,EDGE_AVOID,EDGE_AVOID,WAIT,IDLE,,IDLE,,,,,IDLE,,,0,0,188,no_target,前向灰度趋势变暗，提前离边,-400,-400,1
32.588,699.0,1318.0,1004.0,994.0,0.6316,1.369,0.6141,1.0638,0.8477,0,0,0,0,1,0,1,5.0,409.0,982.0,1,1,0,patrol,EDGE_AVOID,EDGE_AVOID,WAIT,IDLE,,IDLE,,,,,IDLE,,,0,0,188,no_target,前向灰度趋势变暗，提前离边,-400,-400,1
32.608,705.0,1318.0,1009.0,997.0,0.6347,1.3611,0.6238,1.0705,0.8526,0,0,0,0,1,0,1,0.0,598.0,987.0,1,1,0,patrol,EDGE_AVOID,EDGE_AVOID,WAIT,IDLE,,IDLE,,,,,IDLE,,,0,0,189,no_target,前向灰度趋势变暗，提前离边,-400,-400,1
32.628,705.0,1312.0,986.0,988.0,0.6533,1.3611,0.6238,1.0705,0.8619,0,0,0,0,1,0,1,-3.0,193.0,1007.0,1,1,0,patrol,EDGE_AVOID,EDGE_AVOID,WAIT,IDLE,,IDLE,,,,,IDLE,,,0,0,189,no_target,前向灰度趋势变暗，提前离边,-400,-400,1
32.648,710.0,1316.0,987.0,997.0,0.6533,1.3571,0.5825,1.0805,0.8669,0,0,0,0,0,0,1,-76.0,247.0,1007.0,1,1,0,patrol,EDGE_AVOID,EDGE_AVOID,WAIT,IDLE,,IDLE,,,,,IDLE,,,0,0,189,no_target,前向灰度趋势变暗，提前离边,-400,-400,1
32.668,710.0,1316.0,987.0,997.0,0.6687,1.3571,0.5825,1.0805,0.8746,0,0,0,0,0,0,1,-76.0,247.0,1007.0,1,1,0,patrol,EDGE_AVOID,EDGE_AVOID,WAIT,IDLE,,IDLE,,,,,IDLE,,,0,0,189,no_target,前向灰度趋势变暗，提前离边,-400,-400,1
32.689,706.0,1304.0,987.0,995.0,0.6687,1.3571,0.5825,1.0805,0.8746,0,0,0,0,0,0,1,-5.0,688.0,1020.0,1,1,0,patrol,EDGE_AVOID,EDGE_AVOID,WAIT,IDLE,,IDLE,,,,,IDLE,,,0,0,189,no_target,前向灰度趋势变暗，提前离边,-400,-400,1
32.709,705.0,1302.0,985.0,994.0,0.6563,1.3333,0.5825,1.0738,0.8651,0,0,0,0,0,0,1,-8.0,42.0,1004.0,1,1,0,patrol,EDGE_AVOID,EDGE_AVOID,WAIT,IDLE,,IDLE,,,,,IDLE,,,0,0,189,no_target,前向灰度趋势变暗，提前离边,-400,-400,1
32.729,703.0,1306.0,989.0,998.0,0.6533,1.3333,0.5825,1.0738,0.8635,0,0,0,0,0,0,1,-3.0,230.0,1008.0,1,1,0,patrol,EDGE_TURN,EDGE_TURN,WAIT,IDLE,,IDLE,,,,,IDLE,,right,0,0,189,no_target,直线退离完成，开始转向,550,-550,1
32.75,699.0,1312.0,998.0,991.0,0.6471,1.3373,0.5874,1.0705,0.8588,0,0,0,0,0,0,1,-4.0,526.0,1024.0,1,1,0,patrol,EDGE_TURN,EDGE_TURN,WAIT,IDLE,,IDLE,,,,,IDLE,,right,0,0,189,no_target,直线退离完成，开始转向,550,-550,1
32.77,703.0,1320.0,990.0,996.0,0.6471,1.3492,0.5898,1.0772,0.8621,0,0,0,0,0,0,1,-4.0,247.0,1005.0,1,1,0,patrol,EDGE_TURN,EDGE_TURN,WAIT,IDLE,,IDLE,,,,,IDLE,,right,0,0,190,no_target,直线退离完成，开始转向,550,-550,1
32.79,706.0,1324.0,989.0,1016.0,0.6471,1.3651,0.5898,1.0772,0.8621,0,0,0,0,0,0,1,-5.0,246.0,1005.0,1,1,0,patrol,EDGE_TURN,EDGE_TURN,WAIT,IDLE,,IDLE,,,,,IDLE,,right,0,0,190,no_target,直线退离完成，开始转向,550,-550,1
32.81,709.0,1310.0,992.0,1017.0,0.6563,1.3651,0.5898,1.1443,0.9003,0,0,0,0,0,0,1,-3.0,456.0,1024.0,1,1,0,patrol,EDGE_TURN,EDGE_TURN,WAIT,IDLE,,IDLE,,,,,IDLE,,right,0,0,190,no_target,直线退离完成，开始转向,550,-550,1
32.83,720.0,1324.0,1004.0,1020.0,0.6656,1.373,0.5947,1.1477,0.9066,0,0,0,0,0,0,1,-4.0,279.0,1006.0,1,1,0,patrol,EDGE_TURN,EDGE_TURN,WAIT,IDLE,,IDLE,,,,,IDLE,,right,0,0,190,no_target,直线退离完成，开始转向,550,-550,1
32.85,713.0,1328.0,998.0,1012.0,0.678,1.373,0.6092,1.1477,0.9128,0,0,0,0,0,0,1,-6.0,296.0,1005.0,1,1,0,patrol,EDGE_TURN,EDGE_TURN,WAIT,IDLE,,IDLE,,,,,IDLE,,right,0,0,190,no_target,直线退离完成，开始转向,550,-550,1
32.871,709.0,1334.0,990.0,1018.0,0.678,1.381,0.6092,1.151,0.9145,0,0,0,0,0,0,1,6.0,311.0,1022.0,1,1,0,patrol,EDGE_TURN,EDGE_TURN,WAIT,IDLE,,IDLE,,,,,IDLE,,right,0,0,190,no_target,直线退离完成，开始转向,550,-550,1
32.891,715.0,1320.0,992.0,1011.0,0.678,1.381,0.5947,1.1309,0.9044,0,0,0,0,0,0,1,-16.0,356.0,1008.0,1,1,0,patrol,EDGE_TURN,EDGE_TURN,WAIT,IDLE,,IDLE,,,,,IDLE,,right,0,0,190,no_target,直线退离完成，开始转向,550,-550,1
32.911,716.0,1309.0,994.0,1003.0,0.6842,1.3651,0.5947,1.1275,0.9059,0,0,0,0,0,0,1,-23.0,687.0,1022.0,1,1,0,patrol,EDGE_TURN,EDGE_TURN,WAIT,IDLE,,IDLE,,,,,IDLE,,right,0,0,191,no_target,直线退离完成，开始转向,550,-550,1
32.931,716.0,1309.0,995.0,999.0,0.6873,1.3433,0.5995,1.1007,0.894,0,0,0,0,0,0,1,6.0,735.0,1005.0,1,1,0,patrol,EDGE_TURN,EDGE_TURN,WAIT,IDLE,,IDLE,,,,,IDLE,,right,0,0,191,no_target,直线退离完成，开始转向,550,-550,1
32.951,717.0,1312.0,994.0,992.0,0.6873,1.3433,0.5995,1.0872,0.8873,0,0,0,0,0,0,1,-3.0,311.0,1006.0,1,1,0,patrol,EDGE_TURN,EDGE_TURN,WAIT,IDLE,,IDLE,,,,,IDLE,,right,0,0,191,no_target,直线退离完成，开始转向,550,-550,1
32.971,723.0,1315.0,1010.0,993.0,0.6904,1.3492,0.6019,1.0671,0.8788,0,0,0,0,0,0,1,-5.0,457.0,1024.0,1,1,0,patrol,EDGE_TURN,EDGE_TURN,WAIT,IDLE,,IDLE,,,,,IDLE,,right,0,0,191,no_target,直线退离完成，开始转向,550,-550,1
32.991,717.0,1292.0,1007.0,982.0,0.6904,1.3492,0.6311,1.0638,0.8771,0,0,0,0,0,0,1,-2.0,377.0,1006.0,1,1,0,patrol,EDGE_TURN,EDGE_TURN,WAIT,IDLE,,IDLE,,,,,IDLE,,right,0,0,191,no_target,直线退离完成，开始转向,550,-550,1
33.011,721.0,1289.0,1016.0,981.0,0.7028,1.3095,0.6383,1.0302,0.8665,0,0,0,0,0,0,1,-5.0,227.0,1005.0,1,1,0,patrol,EDGE_TURN,EDGE_TURN,WAIT,IDLE,,IDLE,,,,,IDLE,,right,0,0,191,no_target,直线退离完成，开始转向,550,-550,1
33.032,715.0,1280.0,1017.0,969.0,0.6904,1.3036,0.6529,1.0268,0.8586,0,0,0,0,0,0,1,-497.0,295.0,1007.0,1,1,0,patrol,EDGE_TURN,EDGE_TURN,WAIT,IDLE,,IDLE,,,,,IDLE,,right,0,0,191,no_target,直线退离完成，开始转向,550,-550,1
33.052,715.0,1282.0,1022.0,973.0,0.6842,1.2897,0.6553,1.0,0.8421,0,0,0,0,0,0,1,-466.0,193.0,1021.0,1,1,0,patrol,EDGE_TURN,EDGE_TURN,WAIT,IDLE,,IDLE,,,,,IDLE,,right,0,0,192,target,直线退离完成，开始转向,550,-550,1
33.072,717.0,1280.0,1017.0,968.0,0.6842,1.2857,0.6553,0.9866,0.8354,0,0,0,0,0,0,1,-3.0,704.0,941.0,1,1,0,patrol,EDGE_TURN,EDGE_TURN,WAIT,IDLE,,IDLE,,,,,IDLE,,right,0,0,192,target,直线退离完成，开始转向,550,-550,1
33.092,716.0,1264.0,1012.0,968.0,0.6873,1.2857,0.6553,0.9832,0.8353,0,0,0,0,0,0,1,-141.0,311.0,1007.0,1,1,0,patrol,EDGE_TURN,EDGE_TURN,WAIT,IDLE,,IDLE,,,,,IDLE,,right,0,0,192,target,直线退离完成，开始转向,550,-550,1
33.112,716.0,1260.0,1014.0,972.0,0.6873,1.254,0.6481,0.9832,0.8353,0,0,0,0,0,0,1,-662.0,327.0,1024.0,1,1,0,patrol,EDGE_TURN,EDGE_TURN,WAIT,IDLE,,IDLE,,,,,IDLE,,right,0,0,192,target,直线退离完成，开始转向,550,-550,1
33.132,715.0,1254.0,1009.0,964.0,0.6873,1.246,0.6432,0.9832,0.8353,0,0,0,0,0,0,1,-694.0,311.0,1025.0,1,1,0,patrol,EDGE_TURN,EDGE_TURN,WAIT,IDLE,,IDLE,,,,,IDLE,,right,0,0,192,target,直线退离完成，开始转向,550,-550,1
33.152,716.0,1262.0,1012.0,961.0,0.6873,1.246,0.6432,0.9698,0.8286,0,0,0,0,0,0,1,-514.0,312.0,1005.0,1,1,0,patrol,EDGE_TURN,EDGE_TURN,WAIT,IDLE,,IDLE,,,,,IDLE,,right,0,0,192,target,直线退离完成，开始转向,550,-550,1
33.173,716.0,1261.0,1009.0,956.0,0.6873,1.248,0.6359,0.9597,0.8235,0,0,0,0,0,0,1,-195.0,494.0,1024.0,1,1,0,patrol,EDGE_TURN,EDGE_TURN,WAIT,IDLE,,IDLE,,,,,IDLE,,right,0,0,192,target,直线退离完成，开始转向,550,-550,1
33.193,716.0,1261.0,1009.0,956.0,0.6873,1.248,0.6359,0.943,0.8151,0,0,0,0,0,0,1,-195.0,494.0,1024.0,1,1,0,patrol,EDGE_TURN,EDGE_TURN,WAIT,IDLE,,IDLE,,,,,IDLE,,right,0,0,193,target,直线退离完成，开始转向,550,-550,1
33.213,725.0,1265.0,1010.0,965.0,0.6873,1.248,0.6359,0.943,0.8151,0,0,0,0,0,0,1,-1.0,573.0,1009.0,1,1,0,patrol,EDGE_TURN,EDGE_TURN,WAIT,IDLE,,IDLE,,,,,IDLE,,right,0,0,193,target,直线退离完成，开始转向,550,-550,1
33.233,723.0,1256.0,1004.0,963.0,0.709,1.248,0.6359,0.9664,0.8377,0,0,0,0,0,0,1,171.0,376.0,987.0,1,1,0,patrol,EDGE_TURN,EDGE_TURN,WAIT,IDLE,,IDLE,,,,,IDLE,,right,0,0,193,target,直线退离完成，开始转向,550,-550,1
33.253,728.0,1265.0,1008.0,963.0,0.7152,1.256,0.6335,0.9664,0.8408,0,0,0,0,0,0,1,809.0,442.0,1008.0,1,1,0,patrol,EDGE_TURN,EDGE_TURN,WAIT,IDLE,,IDLE,,,,,IDLE,,right,0,0,193,target,直线退离完成，开始转向,550,-550,1
33.273,729.0,1270.0,1013.0,968.0,0.7245,1.256,0.6335,0.9664,0.8455,0,0,0,0,0,0,1,131.0,423.0,1008.0,1,1,0,patrol,EDGE_TURN,EDGE_TURN,WAIT,IDLE,,IDLE,,,,,IDLE,,right,0,0,193,target,直线退离完成，开始转向,550,-550,1
33.294,729.0,1266.0,1016.0,962.0,0.7276,1.2579,0.6456,0.9664,0.847,0,0,0,0,0,0,1,122.0,799.0,1049.0,1,1,0,patrol,EDGE_TURN,EDGE_TURN,WAIT,IDLE,,IDLE,,,,,IDLE,,right,0,0,193,target,直线退离完成，开始转向,550,-550,1
33.314,731.0,1269.0,1017.0,949.0,0.7276,1.2639,0.6529,0.9631,0.8453,0,0,0,0,0,0,1,252.0,409.0,1021.0,1,1,0,patrol,EDGE_TURN,EDGE_TURN,WAIT,IDLE,,IDLE,,,,,IDLE,,right,0,0,193,target,直线退离完成，开始转向,550,-550,1
33.334,729.0,1257.0,1017.0,944.0,0.7276,1.2579,0.6553,0.9195,0.8235,0,0,0,0,0,0,1,148.0,442.0,1024.0,1,1,0,patrol,EDGE_TURN,EDGE_TURN,WAIT,IDLE,,IDLE,,,,,IDLE,,right,0,0,193,target,直线退离完成，开始转向,550,-550,1
33.354,731.0,1262.0,1031.0,941.0,0.7337,1.25,0.6553,0.9027,0.8182,0,0,0,0,0,0,1,118.0,393.0,1024.0,1,1,0,patrol,EDGE_TURN,EDGE_TURN,WAIT,IDLE,,IDLE,,,,,IDLE,,right,0,0,194,target,直线退离完成，开始转向,550,-550,1
33.374,728.0,1254.0,1027.0,938.0,0.7276,1.2401,0.6796,0.8926,0.8101,0,0,0,0,0,0,1,-5.0,110.0,1061.0,1,1,0,patrol,EDGE_TURN,EDGE_TURN,WAIT,IDLE,,IDLE,,,,,IDLE,,right,0,0,194,target,直线退离完成，开始转向,550,-550,1
33.394,725.0,1248.0,1026.0,940.0,0.7245,1.2341,0.6796,0.8893,0.8069,0,0,0,0,0,0,1,-4.0,686.0,1008.0,1,1,0,patrol,EDGE_TURN,EDGE_TURN,WAIT,IDLE,,IDLE,,,,,IDLE,,right,0,0,194,target,直线退离完成，开始转向,550,-550,1
33.414,725.0,1244.0,1027.0,936.0,0.7152,1.2222,0.6796,0.8826,0.7989,0,0,0,0,0,0,1,-4.0,231.0,1006.0,1,1,0,patrol,EDGE_TURN,EDGE_TURN,WAIT,IDLE,,IDLE,,,,,IDLE,,right,0,0,194,target,直线退离完成，开始转向,550,-550,1
33.434,721.0,1240.0,1026.0,932.0,0.7152,1.2143,0.6772,0.8758,0.7955,0,0,0,0,0,0,1,-3.0,718.0,1015.0,1,1,0,patrol,EDGE_TURN,EDGE_TURN,WAIT,IDLE,,IDLE,,,,,IDLE,,right,0,0,194,target,直线退离完成，开始转向,550,-550,1
33.455,720.0,1240.0,1030.0,928.0,0.7028,1.2063,0.6796,0.8624,0.7826,0,0,0,0,0,0,1,8.0,328.0,1004.0,1,1,0,patrol,EDGE_TURN,EDGE_TURN,WAIT,IDLE,,IDLE,,,,,IDLE,,right,0,0,194,target,直线退离完成，开始转向,550,-550,1
33.475,718.0,1243.0,1036.0,921.0,0.6997,1.2063,0.6869,0.849,0.7743,0,0,0,0,0,0,1,-207.0,193.0,1022.0,1,1,0,patrol,EDGE_TURN,EDGE_TURN,WAIT,IDLE,,IDLE,,,,,IDLE,,right,0,0,194,target,直线退离完成，开始转向,550,-550,1
33.495,727.0,1253.0,1041.0,917.0,0.6997,1.2123,0.7015,0.8255,0.7635,0,0,0,0,0,0,1,-4.0,589.0,1009.0,1,1,0,patrol,EDGE_TURN,EDGE_TURN,WAIT,IDLE,,IDLE,,,,,IDLE,,right,0,0,195,no_target,直线退离完成，开始转向,550,-550,1
33.515,726.0,1238.0,1027.0,909.0,0.7183,1.2123,0.7015,0.8121,0.7652,0,0,0,0,0,0,1,23.0,573.0,1006.0,1,1,0,patrol,EDGE_TURN,EDGE_TURN,WAIT,IDLE,,IDLE,,,,,IDLE,,right,0,0,195,no_target,直线退离完成，开始转向,550,-550,1
33.535,732.0,1234.0,1032.0,901.0,0.7214,1.2024,0.6917,0.7852,0.7533,0,0,0,0,0,0,1,233.0,733.0,1007.0,1,1,0,patrol,RECOVER_FORWARD,RECOVER_FORWARD,WAIT,IDLE,,IDLE,,,,,IDLE,,,0,0,195,no_target,转向完成，向前离开边缘,400,400,1
33.555,735.0,1230.0,1045.0,894.0,0.7368,1.1944,0.6917,0.7584,0.7476,0,0,0,0,0,0,1,463.0,360.0,1024.0,1,1,0,patrol,RECOVER_FORWARD,RECOVER_FORWARD,WAIT,IDLE,,IDLE,,,,,IDLE,,,0,0,195,no_target,转向完成，向前离开边缘,400,400,1
33.575,734.0,1237.0,1061.0,897.0,0.743,1.1944,0.7233,0.745,0.744,0,0,0,0,0,0,1,-5.0,426.0,1022.0,1,1,0,patrol,RECOVER_FORWARD,RECOVER_FORWARD,WAIT,IDLE,,IDLE,,,,,IDLE,,,0,0,195,no_target,转向完成，向前离开边缘,400,400,1
33.596,725.0,1232.0,1061.0,894.0,0.743,1.1905,0.7621,0.7349,0.7526,0,0,0,0,0,0,1,-4.0,359.0,1037.0,1,1,0,patrol,RECOVER_FORWARD,RECOVER_FORWARD,WAIT,IDLE,,IDLE,,,,,IDLE,,,0,0,195,no_target,转向完成，向前离开边缘,400,400,1
33.616,725.0,1232.0,1061.0,894.0,0.7152,1.1905,0.7621,0.7349,0.7485,0,0,0,0,0,0,1,-4.0,359.0,1037.0,1,1,0,patrol,RECOVER_FORWARD,RECOVER_FORWARD,WAIT,IDLE,,IDLE,,,,,IDLE,,,0,0,195,no_target,转向完成，向前离开边缘,400,400,1
33.637,720.0,1227.0,1067.0,884.0,0.7152,1.1905,0.7621,0.7349,0.7485,0,0,0,0,0,0,1,-3.0,732.0,1041.0,1,1,0,patrol,RECOVER_FORWARD,RECOVER_FORWARD,WAIT,IDLE,,IDLE,,,,,IDLE,,,0,0,195,no_target,转向完成，向前离开边缘,400,400,1
33.657,724.0,1232.0,1075.0,887.0,0.7121,1.1905,0.7767,0.7114,0.7444,0,0,0,0,0,0,1,-4.0,850.0,1042.0,1,1,0,patrol,RECOVER_FORWARD,RECOVER_FORWARD,WAIT,IDLE,,IDLE,,,,,IDLE,,,0,0,195,no_target,转向完成，向前离开边缘,400,400,1
33.678,722.0,1230.0,1075.0,884.0,0.7059,1.1865,0.7961,0.7013,0.751,0,0,0,0,0,0,1,-4.0,458.0,1038.0,1,1,0,patrol,RECOVER_FORWARD,RECOVER_FORWARD,WAIT,IDLE,,IDLE,,,,,IDLE,,,0,0,195,no_target,转向完成，向前离开边缘,400,400,1
33.698,722.0,1235.0,1074.0,880.0,0.7059,1.1905,0.7961,0.7013,0.751,0,0,0,0,0,0,1,-18.0,291.0,1021.0,1,1,0,patrol,RECOVER_FORWARD,RECOVER_FORWARD,WAIT,IDLE,,IDLE,,,,,IDLE,,,0,0,195,no_target,转向完成，向前离开边缘,400,400,1
33.719,724.0,1238.0,1069.0,880.0,0.7059,1.1964,0.7937,0.6879,0.7498,0,0,0,0,0,0,1,-61.0,408.0,1040.0,1,1,0,patrol,RECOVER_FORWARD,RECOVER_FORWARD,WAIT,IDLE,,IDLE,,,,,IDLE,,,0,0,195,no_target,转向完成，向前离开边缘,400,400,1
33.741,726.0,1244.0,1065.0,885.0,0.7121,1.2024,0.7816,0.6879,0.7468,0,0,0,0,0,0,1,24.0,787.0,1025.0,1,1,0,patrol,RECOVER_FORWARD,RECOVER_FORWARD,WAIT,IDLE,,IDLE,,,,,IDLE,,,0,0,195,no_target,转向完成，向前离开边缘,400,400,1
33.761,723.0,1241.0,1064.0,882.0,0.7121,1.2083,0.7718,0.6946,0.742,0,0,1,0,0,0,1,545.0,409.0,1036.0,1,1,0,patrol,RECOVER_FORWARD,RECOVER_FORWARD,WAIT,IDLE,,IDLE,,,,,IDLE,,,0,0,195,no_target,转向完成，向前离开边缘,400,400,1
33.781,725.0,1246.0,1065.0,883.0,0.7152,1.2143,0.7718,0.698,0.7435,0,0,1,0,0,0,1,130.0,588.0,1024.0,1,1,0,patrol,RECOVER_FORWARD,RECOVER_FORWARD,WAIT,IDLE,,IDLE,,,,,IDLE,,,0,0,195,no_target,转向完成，向前离开边缘,400,400,1
33.801,720.0,1235.0,1060.0,875.0,0.709,1.2083,0.7694,0.6946,0.7392,0,0,1,0,0,0,1,5.0,400.0,1024.0,1,1,0,patrol,RECOVER_FORWARD,RECOVER_FORWARD,WAIT,IDLE,,IDLE,,,,,IDLE,,,0,0,195,no_target,转向完成，向前离开边缘,400,400,1
33.821,723.0,1238.0,1061.0,874.0,0.709,1.2024,0.7621,0.6711,0.7356,0,0,1,0,0,0,1,-3.0,247.0,1022.0,1,1,0,patrol,RECOVER_FORWARD,RECOVER_FORWARD,WAIT,IDLE,,IDLE,,,,,IDLE,,,0,0,195,no_target,转向完成，向前离开边缘,400,400,1
33.845,723.0,1240.0,1065.0,873.0,0.709,1.2024,0.7621,0.6678,0.7356,0,0,1,0,0,0,1,-4.0,193.0,1021.0,1,1,0,patrol,RECOVER_FORWARD,RECOVER_FORWARD,WAIT,IDLE,,IDLE,,,,,IDLE,,,0,0,195,no_target,转向完成，向前离开边缘,400,400,1
33.865,725.0,1241.0,1069.0,873.0,0.709,1.2063,0.7718,0.6644,0.7404,0,0,1,0,0,0,1,9.0,849.0,1025.0,1,1,0,patrol,RECOVER_FORWARD,RECOVER_FORWARD,WAIT,IDLE,,IDLE,,,,,IDLE,,,0,0,195,no_target,转向完成，向前离开边缘,400,400,1
33.886,729.0,1245.0,1074.0,873.0,0.7152,1.2083,0.7816,0.6644,0.7484,0,0,1,0,0,0,1,-174.0,485.0,1040.0,1,1,0,patrol,RECOVER_FORWARD,RECOVER_FORWARD,WAIT,IDLE,,IDLE,,,,,IDLE,,,0,0,195,no_target,转向完成，向前离开边缘,400,400,1
33.906,733.0,1250.0,1079.0,873.0,0.7276,1.2163,0.7937,0.6644,0.7606,0,0,1,0,0,0,1,199.0,392.0,1063.0,1,1,0,patrol,RECOVER_FORWARD,RECOVER_FORWARD,WAIT,IDLE,,IDLE,,,,,IDLE,,,0,0,195,no_target,转向完成，向前离开边缘,400,400,1
33.927,734.0,1250.0,1077.0,874.0,0.7399,1.2262,0.801,0.6644,0.7705,0,0,1,0,0,0,1,-12.0,426.0,1038.0,1,1,0,patrol,RECOVER_FORWARD,RECOVER_FORWARD,WAIT,IDLE,,IDLE,,,,,IDLE,,,0,0,195,no_target,转向完成，向前离开边缘,400,400,1
33.947,736.0,1254.0,1079.0,875.0,0.743,1.2262,0.8058,0.6678,0.7744,0,0,1,0,0,0,1,279.0,246.0,1024.0,1,1,0,patrol,RECOVER_FORWARD,RECOVER_FORWARD,WAIT,IDLE,,IDLE,,,,,IDLE,,,0,0,,stale,转向完成，向前离开边缘,400,400,1
33.967,737.0,1253.0,1080.0,876.0,0.7492,1.2321,0.8058,0.6711,0.7775,0,0,1,0,0,0,1,-5.0,245.0,1038.0,1,1,0,patrol,RECOVER_FORWARD,RECOVER_FORWARD,WAIT,IDLE,,IDLE,,,,,IDLE,,,0,0,,stale,转向完成，向前离开边缘,400,400,1
33.992,736.0,1250.0,1078.0,879.0,0.7492,1.2321,0.8058,0.6745,0.7775,0,0,1,0,0,0,1,-705.0,345.0,1029.0,1,1,0,patrol,RECOVER_FORWARD,RECOVER_FORWARD,WAIT,IDLE,,IDLE,,,,,IDLE,,,0,0,,stale,转向完成，向前离开边缘,400,400,1
34.012,743.0,1262.0,1088.0,892.0,0.7523,1.2321,0.8083,0.6846,0.7803,0,0,1,0,0,0,1,-4.0,377.0,1028.0,1,1,0,patrol,RECOVER_FORWARD,RECOVER_FORWARD,WAIT,IDLE,,IDLE,,,,,IDLE,,,0,0,,stale,转向完成，向前离开边缘,400,400,1
34.032,737.0,1252.0,1080.0,881.0,0.7523,1.2302,0.8083,0.6913,0.7803,0,0,1,0,0,0,1,-5.0,453.0,1056.0,1,1,0,patrol,RECOVER_FORWARD,RECOVER_FORWARD,WAIT,IDLE,,IDLE,,,,,IDLE,,,0,0,,stale,转向完成，向前离开边缘,400,400,1
34.053,739.0,1251.0,1082.0,878.0,0.7585,1.2302,0.8131,0.6913,0.7858,0,0,1,0,0,0,1,-6.0,392.0,1053.0,1,1,0,patrol,RECOVER_FORWARD,RECOVER_FORWARD,WAIT,IDLE,,IDLE,,,,,IDLE,,,0,0,,stale,转向完成，向前离开边缘,400,400,1
34.073,746.0,1257.0,1090.0,878.0,0.7585,1.2302,0.8131,0.6812,0.7858,0,0,1,0,0,0,1,-5.0,376.0,1036.0,1,1,0,patrol,RECOVER_FORWARD,RECOVER_FORWARD,WAIT,IDLE,,IDLE,,,,,IDLE,,,0,0,,stale,转向完成，向前离开边缘,400,400,1
34.093,745.0,1251.0,1088.0,878.0,0.7771,1.2282,0.8277,0.6812,0.8024,0,0,1,0,0,0,1,-2.0,1121.0,1026.0,1,0,0,patrol,RECOVER_FORWARD,RECOVER_FORWARD,WAIT,IDLE,,IDLE,,,,,IDLE,,,0,0,,stale,转向完成，向前离开边缘,400,400,1
34.113,754.0,1255.0,1097.0,894.0,0.7802,1.2361,0.8325,0.6812,0.8064,0,0,1,0,0,0,1,-1.0,246.0,1024.0,1,0,0,patrol,RECOVER_FORWARD,RECOVER_FORWARD,WAIT,IDLE,,IDLE,,,,,IDLE,,,0,0,196,no_target,转向完成，向前离开边缘,400,400,1
34.134,757.0,1256.0,1102.0,900.0,0.805,1.2361,0.8495,0.7349,0.8272,0,0,1,0,0,0,1,201.0,403.0,1003.0,1,0,0,patrol,RECOVER_FORWARD,RECOVER_FORWARD,WAIT,IDLE,,IDLE,,,,,IDLE,,,0,0,196,no_target,转向完成，向前离开边缘,400,400,1
34.154,764.0,1270.0,1112.0,907.0,0.8142,1.2381,0.8617,0.755,0.8379,0,0,1,0,0,0,1,-4.0,574.0,1006.0,1,0,0,patrol,RECOVER_FORWARD,RECOVER_FORWARD,WAIT,IDLE,,IDLE,,,,,IDLE,,,0,0,196,no_target,转向完成，向前离开边缘,400,400,1
34.174,761.0,1267.0,1102.0,911.0,0.8266,1.2599,0.8617,0.7785,0.8441,0,0,1,0,0,0,1,-1.0,686.0,1009.0,1,0,0,patrol,RECOVER_FORWARD,RECOVER_FORWARD,WAIT,IDLE,,IDLE,,,,,IDLE,,,0,0,196,no_target,转向完成，向前离开边缘,400,400,1
34.194,765.0,1288.0,1100.0,920.0,0.8359,1.2659,0.8617,0.7919,0.8488,0,0,1,0,0,0,1,-4.0,391.0,972.0,1,0,0,patrol,RECOVER_FORWARD,RECOVER_FORWARD,WAIT,IDLE,,IDLE,,,,,IDLE,,,0,0,196,no_target,转向完成，向前离开边缘,400,400,1
34.214,776.0,1293.0,1110.0,928.0,0.839,1.3016,0.8617,0.8221,0.8503,0,0,1,0,0,0,1,342.0,315.0,1021.0,1,0,0,patrol,RECOVER_FORWARD,RECOVER_FORWARD,WAIT,IDLE,,IDLE,,,,,IDLE,,,0,0,196,no_target,转向完成，向前离开边缘,400,400,1
34.234,788.0,1305.0,1118.0,936.0,0.8731,1.3115,0.8811,0.849,0.8771,0,0,1,0,0,0,1,-3.0,312.0,1022.0,1,0,0,patrol,RECOVER_FORWARD,RECOVER_FORWARD,WAIT,IDLE,,IDLE,,,,,IDLE,,,0,0,196,no_target,转向完成，向前离开边缘,400,400,1
34.254,799.0,1324.0,1128.0,953.0,0.9102,1.3353,0.9005,0.8758,0.9054,0,0,1,0,0,0,1,-4.0,295.0,1008.0,1,0,0,patrol,RECOVER_FORWARD,RECOVER_FORWARD,WAIT,IDLE,,IDLE,,,,,IDLE,,,0,0,197,no_target,转向完成，向前离开边缘,400,400,1
34.274,803.0,1321.0,1133.0,956.0,0.9443,1.3671,0.9248,0.9329,0.9386,0,0,1,0,0,0,1,-2.0,233.0,988.0,1,0,0,patrol,RECOVER_FORWARD,RECOVER_FORWARD,WAIT,IDLE,,IDLE,,,,,IDLE,,,0,0,197,no_target,转向完成，向前离开边缘,400,400,1
34.295,810.0,1329.0,1138.0,961.0,0.9567,1.373,0.9369,0.943,0.9498,0,0,1,0,0,0,1,-5.0,520.0,1006.0,1,0,0,patrol,RECOVER_FORWARD,RECOVER_FORWARD,WAIT,IDLE,,IDLE,,,,,IDLE,,,0,0,197,no_target,转向完成，向前离开边缘,400,400,1
34.315,816.0,1341.0,1143.0,963.0,0.9783,1.3829,0.949,0.9597,0.969,0,0,0,0,0,0,1,-3.0,312.0,1008.0,1,0,0,patrol,RECOVER_FORWARD,RECOVER_FORWARD,WAIT,IDLE,,IDLE,,,,,IDLE,,,0,0,197,no_target,转向完成，向前离开边缘,400,400,1
34.335,827.0,1347.0,1156.0,960.0,0.9969,1.4067,0.9612,0.9597,0.979,0,0,0,0,0,0,1,-3.0,328.0,1008.0,1,0,0,patrol,RECOVER_FORWARD,RECOVER_FORWARD,WAIT,IDLE,,IDLE,,,,,IDLE,,,0,0,197,no_target,转向完成，向前离开边缘,400,400,1
34.356,836.0,1342.0,1162.0,960.0,1.031,1.4087,0.9927,0.9564,1.0118,0,0,0,0,0,0,1,-5.0,650.0,988.0,1,0,0,patrol,RECOVER_FORWARD,RECOVER_FORWARD,WAIT,IDLE,,IDLE,,,,,IDLE,,,0,0,197,no_target,转向完成，向前离开边缘,400,400,1
34.376,850.0,1349.0,1162.0,969.0,1.0588,1.4187,1.0073,0.9564,1.0331,0,0,0,0,0,0,1,-4.0,573.0,1021.0,1,0,0,patrol,RECOVER_FORWARD,RECOVER_FORWARD,WAIT,IDLE,,IDLE,,,,,IDLE,,,0,0,197,no_target,转向完成，向前离开边缘,400,400,1
34.396,848.0,1346.0,1157.0,973.0,1.096,1.4167,1.0073,0.9866,1.0516,0,0,0,0,0,0,1,-4.0,247.0,1007.0,1,0,0,patrol,RECOVER_FORWARD,RECOVER_FORWARD,WAIT,IDLE,,IDLE,,,,,IDLE,,,0,0,197,no_target,转向完成，向前离开边缘,400,400,1
34.416,851.0,1383.0,1179.0,993.0,1.1022,1.4226,1.0073,1.0,1.0547,0,0,0,0,0,0,1,-4.0,475.0,1028.0,1,0,0,patrol,RECOVER_FORWARD,RECOVER_FORWARD,WAIT,IDLE,,IDLE,,,,,IDLE,,,0,0,198,target,转向完成，向前离开边缘,400,400,1
34.436,856.0,1372.0,1178.0,992.0,1.1053,1.4683,1.0461,1.0638,1.0845,0,0,0,0,0,0,1,82.0,785.0,1005.0,1,0,0,patrol,RECOVER_FORWARD,RECOVER_FORWARD,WAIT,IDLE,,IDLE,,,,,IDLE,,,0,0,198,target,转向完成，向前离开边缘,400,400,1
34.456,866.0,1382.0,1189.0,1007.0,1.1207,1.4881,1.0485,1.0671,1.0939,0,0,0,0,0,0,1,-3.0,294.0,1006.0,1,0,0,patrol,RECOVER_FORWARD,RECOVER_FORWARD,WAIT,IDLE,,IDLE,,,,,IDLE,,,0,0,198,target,转向完成，向前离开边缘,400,400,1
34.477,862.0,1373.0,1188.0,1000.0,1.1393,1.4702,1.0704,1.0906,1.115,0,0,0,0,0,0,1,-809.0,787.0,1025.0,1,0,0,patrol,RECOVER_FORWARD,RECOVER_FORWARD,WAIT,IDLE,,IDLE,,,,,IDLE,,,0,0,198,target,转向完成，向前离开边缘,400,400,1
34.497,877.0,1392.0,1203.0,1006.0,1.1517,1.4881,1.0728,1.1107,1.1312,0,0,0,0,0,0,1,-3.0,426.0,1024.0,1,0,0,patrol,RECOVER_FORWARD,RECOVER_FORWARD,WAIT,IDLE,,IDLE,,,,,IDLE,,,0,0,198,target,转向完成，向前离开边缘,400,400,1
34.517,877.0,1392.0,1203.0,1006.0,1.1858,1.5079,1.1068,1.1107,1.1482,0,0,0,0,0,0,1,-3.0,426.0,1024.0,1,0,0,patrol,RECOVER_FORWARD,RECOVER_FORWARD,WAIT,IDLE,,IDLE,,,,,IDLE,,,0,0,198,target,转向完成，向前离开边缘,400,400,1
34.537,877.0,1387.0,1204.0,1000.0,1.1858,1.5079,1.1068,1.1107,1.1482,0,0,0,0,0,0,1,-4.0,447.0,1038.0,1,0,0,patrol,RECOVER_FORWARD,RECOVER_FORWARD,WAIT,IDLE,,IDLE,,,,,IDLE,,,0,0,198,target,转向完成，向前离开边缘,400,400,1
34.557,898.0,1394.0,1210.0,1011.0,1.1858,1.5079,1.1092,1.1107,1.1482,0,0,0,0,0,0,1,-4.0,493.0,1040.0,1,0,0,patrol,RECOVER_FORWARD,RECOVER_FORWARD,WAIT,IDLE,,IDLE,,,,,IDLE,,,0,0,199,target,转向完成，向前离开边缘,400,400,1
34.577,909.0,1408.0,1220.0,1018.0,1.2508,1.5119,1.1238,1.1275,1.1891,0,0,0,0,0,0,1,-4.0,803.0,1025.0,1,0,0,patrol,RECOVER_FORWARD,RECOVER_FORWARD,WAIT,IDLE,,IDLE,,,,,IDLE,,,0,0,199,target,转向完成，向前离开边缘,400,400,1
34.597,918.0,1428.0,1237.0,1032.0,1.2848,1.5397,1.1481,1.151,1.2179,0,0,0,0,0,0,1,-5.0,410.0,1035.0,1,0,0,patrol,RECOVER_FORWARD,RECOVER_FORWARD,WAIT,IDLE,,IDLE,,,,,IDLE,,,0,0,199,target,转向完成，向前离开边缘,400,400,1
34.618,915.0,1424.0,1245.0,1019.0,1.3034,1.5714,1.1893,1.1544,1.2464,0,0,0,0,0,0,1,-4.0,572.0,1024.0,1,0,0,patrol,RECOVER_FORWARD,RECOVER_FORWARD,WAIT,IDLE,,IDLE,,,,,IDLE,,,0,0,199,target,转向完成，向前离开边缘,400,400,1
34.638,921.0,1440.0,1254.0,1026.0,1.3127,1.5794,1.2087,1.1779,1.2607,0,0,0,0,0,0,1,-5.0,621.0,1040.0,1,0,0,patrol,RECOVER_FORWARD,RECOVER_FORWARD,WAIT,IDLE,,IDLE,,,,,IDLE,,,0,0,199,target,转向完成，向前离开边缘,400,400,1
34.658,931.0,1452.0,1270.0,1050.0,1.322,1.6032,1.2306,1.1779,1.2763,0,0,0,0,0,0,1,-4.0,361.0,1056.0,1,0,0,patrol,RECOVER_FORWARD,RECOVER_FORWARD,WAIT,IDLE,,IDLE,,,,,IDLE,,,0,0,199,target,转向完成，向前离开边缘,400,400,1
34.678,939.0,1454.0,1280.0,1061.0,1.3529,1.627,1.2694,1.2584,1.3112,0,0,0,0,0,0,1,-4.0,231.0,1037.0,1,0,0,patrol,RECOVER_FORWARD,RECOVER_FORWARD,WAIT,IDLE,,IDLE,,,,,IDLE,,,0,0,199,target,转向完成，向前离开边缘,400,400,1
34.698,948.0,1473.0,1294.0,1074.0,1.3777,1.631,1.2937,1.2953,1.3365,0,0,0,0,0,0,1,-5.0,239.0,1053.0,1,0,0,patrol,RECOVER_FORWARD,RECOVER_FORWARD,WAIT,IDLE,,IDLE,,,,,IDLE,,,0,0,199,target,转向完成，向前离开边缘,400,400,1
34.718,962.0,1492.0,1301.0,1079.0,1.4056,1.6687,1.3277,1.3389,1.3722,0,0,0,0,0,0,1,-3.0,1112.0,1010.0,1,0,0,patrol,RECOVER_FORWARD,RECOVER_FORWARD,WAIT,IDLE,,IDLE,,,,,IDLE,,,0,0,200,target,转向完成，向前离开边缘,400,400,1
34.738,977.0,1516.0,1322.0,1084.0,1.4489,1.7063,1.3447,1.3557,1.4023,0,0,0,0,0,0,1,-4.0,362.0,1021.0,1,0,0,patrol,RECOVER_FORWARD,RECOVER_FORWARD,WAIT,IDLE,,IDLE,,,,,IDLE,,,0,0,200,target,转向完成，向前离开边缘,400,400,1
34.759,983.0,1501.0,1326.0,1088.0,1.4954,1.7242,1.3956,1.3725,1.4455,0,0,0,0,0,0,1,-1.0,247.0,1021.0,1,0,0,patrol,RECOVER_FORWARD,RECOVER_FORWARD,WAIT,IDLE,,IDLE,,,,,IDLE,,,0,0,200,target,转向完成，向前离开边缘,400,400,1
34.779,992.0,1500.0,1344.0,1101.0,1.5139,1.7242,1.4053,1.3859,1.4596,0,0,0,0,0,0,1,-5.0,590.0,1024.0,1,0,0,patrol,RECOVER_FORWARD,RECOVER_FORWARD,WAIT,IDLE,,IDLE,,,,,IDLE,,,0,0,200,target,转向完成，向前离开边缘,400,400,1
34.799,999.0,1536.0,1346.0,1102.0,1.5418,1.7242,1.449,1.4295,1.4954,0,0,0,0,1,0,1,-5.0,361.0,1024.0,1,0,0,patrol,RECOVER_FORWARD,RECOVER_FORWARD,WAIT,IDLE,,IDLE,,,,,IDLE,,,0,0,200,target,转向完成，向前离开边缘,400,400,1
34.819,1013.0,1540.0,1355.0,1111.0,1.5635,1.7937,1.4539,1.4329,1.5087,0,0,0,0,0,0,1,-4.0,788.0,1024.0,1,0,0,patrol,RECOVER_FORWARD,RECOVER_FORWARD,WAIT,IDLE,,IDLE,,,,,IDLE,,,0,0,200,target,转向完成，向前离开边缘,400,400,1
34.839,1020.0,1550.0,1365.0,1124.0,1.6068,1.8016,1.4757,1.4631,1.5413,0,0,0,0,0,0,1,-3.0,443.0,1262.0,1,0,0,patrol,RECOVER_FORWARD,RECOVER_FORWARD,WAIT,IDLE,,IDLE,,,,,IDLE,,,0,0,200,target,转向完成，向前离开边缘,400,400,1
34.859,1033.0,1566.0,1374.0,1140.0,1.6285,1.8214,1.5,1.5067,1.5676,0,0,0,0,0,0,1,-5.0,377.0,1024.0,1,0,0,patrol,RECOVER_FORWARD,RECOVER_FORWARD,WAIT,IDLE,,IDLE,,,,,IDLE,,,0,0,200,target,转向完成，向前离开边缘,400,400,1
34.879,1044.0,1579.0,1383.0,1154.0,1.6687,1.8532,1.5218,1.5604,1.6146,0,0,0,0,0,0,1,-141.0,361.0,1007.0,1,0,0,patrol,RECOVER_FORWARD,RECOVER_FORWARD,WAIT,IDLE,,IDLE,,,,,IDLE,,,0,0,200,target,转向完成，向前离开边缘,400,400,1
34.899,1041.0,1598.0,1380.0,1156.0,1.6935,1.879,1.5364,1.6074,1.6504,0,0,0,0,0,0,1,1.0,378.0,1019.0,1,0,0,patrol,RECOVER_FORWARD,RECOVER_FORWARD,WAIT,IDLE,,IDLE,,,,,IDLE,,,0,0,200,target,转向完成，向前离开边缘,400,400,1
34.92,1046.0,1601.0,1378.0,1163.0,1.7028,1.9167,1.5364,1.6141,1.6584,0,0,0,0,0,0,1,-3.0,329.0,1020.0,1,0,0,patrol,RECOVER_FORWARD,RECOVER_FORWARD,WAIT,IDLE,,IDLE,,,,,IDLE,,,0,0,201,target,转向完成，向前离开边缘,400,400,1
34.94,1056.0,1606.0,1371.0,1172.0,1.709,1.9226,1.5316,1.6376,1.6733,0,0,0,0,0,0,1,-5.0,475.0,1040.0,1,0,0,patrol,RECOVER_FORWARD,RECOVER_FORWARD,WAIT,IDLE,,IDLE,,,,,IDLE,,,0,0,201,target,转向完成，向前离开边缘,400,400,1
34.96,1061.0,1598.0,1388.0,1173.0,1.7399,1.9226,1.5316,1.6678,1.7039,0,0,0,0,0,0,1,-5.0,956.0,1025.0,1,0,0,patrol,RECOVER_FORWARD,RECOVER_FORWARD,WAIT,IDLE,,IDLE,,,,,IDLE,,,0,0,201,target,转向完成，向前离开边缘,400,400,1
34.98,1069.0,1598.0,1402.0,1164.0,1.7554,1.9167,1.5558,1.6678,1.7116,0,0,0,0,0,0,1,-8.0,459.0,1038.0,1,0,0,patrol,RECOVER_FORWARD,RECOVER_FORWARD,WAIT,IDLE,,IDLE,,,,,IDLE,,,0,0,201,target,转向完成，向前离开边缘,400,400,1
35.0,1072.0,1606.0,1406.0,1161.0,1.7802,1.9167,1.5898,1.6409,1.7106,0,0,0,0,0,0,1,-5.0,297.0,1038.0,1,0,0,patrol,RECOVER_FORWARD,RECOVER_FORWARD,WAIT,IDLE,,IDLE,,,,,IDLE,,,0,0,201,target,转向完成，向前离开边缘,400,400,1
35.02,1072.0,1606.0,1406.0,1161.0,1.7895,1.9325,1.5995,1.6309,1.7102,0,0,0,0,0,0,1,-5.0,297.0,1038.0,1,0,0,patrol,RECOVER_FORWARD,RECOVER_FORWARD,WAIT,IDLE,,IDLE,,,,,IDLE,,,0,0,201,target,转向完成，向前离开边缘,400,400,1
35.04,1079.0,1607.0,1414.0,1149.0,1.7895,1.9325,1.5995,1.6309,1.7102,0,0,0,0,0,0,1,-3.0,296.0,1055.0,1,0,0,hunt,ARC_LEFT,CRUISE,WAIT,IDLE,track_good,ARC_LEFT,good,-0.196875,,,IDLE,,,0,0,201,target,持续差速前进并小幅对准,400,500,1
35.063,1092.0,1634.0,1430.0,1148.0,1.8111,1.9345,1.6189,1.5906,1.715,0,0,0,0,0,0,1,83.0,454.0,1079.0,1,0,0,hunt,ARC_LEFT,CRUISE,WAIT,IDLE,track_good,ARC_LEFT,good,-0.196875,,,IDLE,,,0,0,201,target,持续差速前进并小幅对准,400,500,1
35.083,1100.0,1649.0,1440.0,1146.0,1.8514,1.9881,1.6578,1.5872,1.7546,0,0,0,0,0,0,1,-4.0,788.0,1071.0,1,0,0,hunt,ARC_LEFT,CRUISE,WAIT,IDLE,track_good,ARC_LEFT,good,-0.20625,,,IDLE,,,0,0,202,target,持续差速前进并小幅对准,400,500,1
35.103,1113.0,1658.0,1458.0,1166.0,1.8762,2.0179,1.682,1.5872,1.7791,0,0,0,0,0,0,1,-3.0,394.0,1024.0,1,0,0,hunt,ARC_LEFT,CRUISE,WAIT,IDLE,track_good,ARC_LEFT,good,-0.20625,,,IDLE,,,0,0,202,target,持续差速前进并小幅对准,400,500,1
35.124,1108.0,1656.0,1462.0,1165.0,1.9009,2.0317,1.7257,1.6443,1.8133,0,0,0,0,0,0,1,-4.0,425.0,1005.0,1,0,0,hunt,ARC_LEFT,CRUISE,WAIT,IDLE,track_good,ARC_LEFT,good,-0.20625,,,IDLE,,,0,0,202,target,持续差速前进并小幅对准,400,500,1
35.144,1114.0,1662.0,1466.0,1177.0,1.9164,2.0357,1.7354,1.6477,1.8259,0,0,0,0,0,0,1,-4.0,688.0,1039.0,1,0,0,hunt,ARC_LEFT,CRUISE,WAIT,IDLE,track_good,ARC_LEFT,good,-0.20625,,,IDLE,,,0,0,202,target,持续差速前进并小幅对准,400,500,1
35.164,1136.0,1694.0,1488.0,1206.0,1.9195,2.0437,1.7451,1.6846,1.8323,0,0,0,0,0,0,1,-5.0,1013.0,1168.0,1,0,0,hunt,ARC_LEFT,CRUISE,WAIT,IDLE,track_good,ARC_LEFT,good,-0.20625,,,IDLE,,,0,0,202,target,持续差速前进并小幅对准,400,500,1
35.184,1136.0,1689.0,1481.0,1203.0,1.9876,2.0972,1.7816,1.7718,1.8846,0,0,0,0,0,0,1,-5.0,280.0,1101.0,1,0,0,hunt,ARC_LEFT,CRUISE,WAIT,IDLE,track_good,ARC_LEFT,good,-0.20625,,,IDLE,,,0,0,202,target,持续差速前进并小幅对准,400,500,1
35.204,1145.0,1705.0,1496.0,1217.0,1.9876,2.1071,1.7985,1.7819,1.8931,0,0,0,0,0,0,1,2.0,574.0,1132.0,1,0,0,hunt,ARC_LEFT,CRUISE,WAIT,IDLE,track_good,ARC_LEFT,good,-0.20625,,,IDLE,,,0,0,202,target,持续差速前进并小幅对准,400,500,1
35.225,1154.0,1724.0,1502.0,1231.0,2.0155,2.129,1.818,1.8188,1.9171,0,0,0,0,0,0,1,-5.0,233.0,1148.0,1,0,0,hunt,ARC_LEFT,CRUISE,WAIT,IDLE,track_good,ARC_LEFT,good,-0.2125,,,IDLE,,,0,0,203,target,持续差速前进并小幅对准,400,500,1
35.245,1168.0,1734.0,1513.0,1250.0,2.0433,2.1667,1.8325,1.8658,1.9546,0,0,0,0,0,0,1,-5.0,232.0,1149.0,1,0,0,hunt,ARC_LEFT,CRUISE,WAIT,IDLE,track_good,ARC_LEFT,good,-0.2125,,,IDLE,,,0,0,203,target,持续差速前进并小幅对准,400,500,1
35.265,1162.0,1741.0,1523.0,1258.0,2.0681,2.1865,1.8592,1.9295,1.9988,0,0,0,0,0,0,1,0.0,361.0,1133.0,1,0,0,hunt,ARC_LEFT,CRUISE,WAIT,IDLE,track_good,ARC_LEFT,good,-0.2125,,,IDLE,,,0,0,203,target,持续差速前进并小幅对准,400,500,1
35.285,1163.0,1745.0,1515.0,1264.0,2.0712,2.2004,1.8641,1.9564,2.0138,0,0,0,0,0,0,1,-4.0,392.0,1129.0,1,0,0,hunt,ARC_LEFT,CRUISE,WAIT,IDLE,track_good,ARC_LEFT,good,-0.2125,,,IDLE,,,0,0,203,target,持续差速前进并小幅对准,400,500,1
35.305,1172.0,1765.0,1500.0,1282.0,2.0712,2.2083,1.8641,1.9765,2.0239,0,0,0,0,0,0,1,-9.0,411.0,1181.0,1,0,0,hunt,ARC_LEFT,CRUISE,WAIT,IDLE,track_good,ARC_LEFT,good,-0.2125,,,IDLE,,,0,0,203,target,持续差速前进并小幅对准,400,500,1
35.325,1181.0,1772.0,1437.0,1297.0,2.0991,2.248,1.8277,2.0369,2.068,0,0,0,0,0,0,1,-5.0,346.0,1165.0,1,0,0,hunt,ARC_LEFT,CRUISE,WAIT,IDLE,track_good,ARC_LEFT,good,-0.2125,,,IDLE,,,0,0,203,target,持续差速前进并小幅对准,400,500,1
35.346,1187.0,1773.0,1328.0,1300.0,2.1269,2.2619,1.6748,2.0872,2.1071,0,0,0,0,1,0,1,-4.0,786.0,1116.0,1,0,0,hunt,ARC_LEFT,CRUISE,WAIT,IDLE,track_good,ARC_LEFT,good,-0.2125,,right,IDLE,,,0,0,203,target,持续差速前进并小幅对准,400,500,1
35.366,1197.0,1789.0,1251.0,1303.0,2.1455,2.2639,1.4102,2.0973,2.1214,0,0,0,0,0,0,1,9.0,462.0,1118.0,1,0,0,hunt,ARC_LEFT,CRUISE,WAIT,IDLE,track_good,ARC_LEFT,good,-0.2125,,,IDLE,,,0,0,203,target,持续差速前进并小幅对准,400,500,1
35.386,1203.0,1808.0,1224.0,1303.0,2.1765,2.2956,1.2233,2.1074,2.1419,0,0,0,1,0,0,1,68.0,560.0,1150.0,1,0,0,hunt,ARC_LEFT,CRUISE,WAIT,IDLE,track_good,ARC_LEFT,good,-0.2125,,left,IDLE,,,0,0,204,target,持续差速前进并小幅对准,400,500,1
35.406,1202.0,1802.0,1208.0,1291.0,2.192,2.3214,1.1578,2.1074,2.1497,0,0,0,1,0,0,1,-5.0,1046.0,1133.0,1,0,0,hunt,ARC_LEFT,CRUISE,WAIT,IDLE,track_good,ARC_LEFT,good,-0.2125,,left,IDLE,,,0,0,204,target,持续差速前进并小幅对准,400,500,1
35.426,1202.0,1813.0,1200.0,1290.0,2.192,2.3333,1.1189,2.0671,2.1295,0,0,0,1,0,0,1,6.0,835.0,1160.0,1,0,0,hunt,ARC_LEFT,CRUISE,WAIT,IDLE,track_good,ARC_LEFT,good,-0.2125,,left,IDLE,,,0,0,204,target,持续差速前进并小幅对准,400,500,1
35.446,1192.0,1810.0,1181.0,1291.0,2.192,2.3373,1.0995,2.0671,2.1295,0,0,0,1,0,0,1,-6.0,735.0,1182.0,1,0,0,hunt,ARC_LEFT,CRUISE,WAIT,IDLE,track_good,ARC_LEFT,good,-0.2125,,left,IDLE,,,0,0,204,target,持续差速前进并小幅对准,400,500,1
35.466,1192.0,1810.0,1181.0,1291.0,2.161,2.3373,1.0534,2.0671,2.1141,0,0,0,1,0,0,1,-6.0,735.0,1182.0,1,0,0,hunt,ARC_LEFT,CRUISE,WAIT,IDLE,track_good,ARC_LEFT,good,-0.2125,,left,IDLE,,,0,0,204,target,持续差速前进并小幅对准,400,500,1
35.486,1184.0,1825.0,1180.0,1303.0,2.161,2.3373,1.0534,2.0671,2.1141,0,0,0,1,0,0,1,68.0,852.0,1214.0,1,0,0,hunt,ARC_LEFT,CRUISE,WAIT,IDLE,track_good,ARC_LEFT,good,-0.2125,,left,IDLE,,,0,0,204,target,持续差速前进并小幅对准,400,500,1
35.507,1136.0,1824.0,1182.0,1232.0,2.1362,2.3651,1.0534,2.0671,2.1017,0,0,0,1,0,0,1,13.0,804.0,1210.0,1,0,0,hunt,ARC_LEFT,CRUISE,WAIT,IDLE,track_good,ARC_LEFT,good,-0.2125,,left,IDLE,,,0,0,204,target,持续差速前进并小幅对准,400,500,1
35.527,1064.0,1828.0,1178.0,1210.0,1.9876,2.3671,1.051,1.8691,1.9284,0,0,0,1,0,0,1,-3.0,929.0,1229.0,1,0,0,hunt,ARC_LEFT,CRUISE,WAIT,IDLE,track_good,ARC_LEFT,good,-0.196875,,left,IDLE,,,0,0,205,target,持续差速前进并小幅对准,400,500,1
35.547,1068.0,1837.0,1275.0,1287.0,1.7771,2.373,1.0558,1.8691,1.8231,0,0,0,1,0,0,1,-4.0,868.0,1184.0,1,0,0,hunt,ARC_LEFT,CRUISE,WAIT,IDLE,track_good,ARC_LEFT,good,-0.196875,,left,IDLE,,,0,0,205,target,持续差速前进并小幅对准,400,500,1
35.567,1011.0,1833.0,1494.0,1304.0,1.7647,2.3829,1.2816,2.0537,1.9092,0,0,0,1,0,0,1,-4.0,331.0,1147.0,1,0,0,hunt,ARC_LEFT,CRUISE,WAIT,IDLE,track_good,ARC_LEFT,good,-0.196875,,left,IDLE,,,0,0,205,target,持续差速前进并小幅对准,400,500,1
35.587,941.0,1849.0,1679.0,1308.0,1.6006,2.3909,1.8131,2.1107,1.9619,0,0,0,1,0,0,1,6.0,1076.0,1150.0,1,0,0,hunt,ARC_LEFT,CRUISE,WAIT,IDLE,track_good,ARC_LEFT,good,-0.196875,,left,IDLE,,,0,0,205,target,持续差速前进并小幅对准,400,500,1
35.607,881.0,1862.0,1755.0,1314.0,1.3839,2.4147,2.2621,2.1242,2.1931,0,0,0,1,0,0,1,-5.0,1075.0,1184.0,1,0,0,hunt,ARC_LEFT,CRUISE,WAIT,IDLE,track_good,ARC_LEFT,good,-0.196875,,left,IDLE,,,0,0,205,target,持续差速前进并小幅对准,400,500,1
35.628,872.0,1886.0,1798.0,1348.0,1.1981,2.4405,2.4466,2.1443,2.2924,0,0,0,1,0,0,1,7.0,229.0,1118.0,1,0,0,hunt,ARC_LEFT,CRUISE,WAIT,IDLE,track_good,ARC_LEFT,good,-0.196875,,left,IDLE,,,0,0,205,target,持续差速前进并小幅对准,400,500,1
35.648,868.0,1889.0,1801.0,1340.0,1.1703,2.4881,2.551,2.2315,2.3598,0,0,0,1,0,0,1,51.0,1014.0,957.0,1,0,0,hunt,ARC_LEFT,CRUISE,WAIT,IDLE,track_good,ARC_LEFT,good,-0.196875,,left,IDLE,,,0,0,205,target,持续差速前进并小幅对准,400,500,1
35.668,872.0,1900.0,1811.0,1359.0,1.1703,2.494,2.5583,2.2584,2.3762,0,0,0,1,0,0,1,-9.0,704.0,957.0,1,0,0,hunt,ARC_LEFT,CRUISE,WAIT,IDLE,track_good,ARC_LEFT,good,-0.196875,,left,IDLE,,,0,0,205,target,持续差速前进并小幅对准,400,500,1
35.689,881.0,1941.0,1830.0,1393.0,1.1703,2.5159,2.5825,2.2953,2.4056,0,0,0,1,0,0,1,-5.0,37.0,1054.0,1,0,0,hunt,ARC_LEFT,CRUISE,WAIT,IDLE,track_good,ARC_LEFT,good,-0.196875,,left,IDLE,,,0,0,205,target,持续差速前进并小幅对准,400,500,1
35.709,873.0,1943.0,1834.0,1399.0,1.1734,2.5972,2.6286,2.4094,2.5033,0,0,0,1,0,0,1,15.0,330.0,955.0,1,0,0,hunt,ARC_LEFT,CRUISE,WAIT,IDLE,track_good,ARC_LEFT,good,-0.190625,,left,IDLE,,,0,0,206,target,持续差速前进并小幅对准,400,500,1
35.729,880.0,1946.0,1789.0,1410.0,1.195,2.6012,2.6286,2.4295,2.5154,0,0,0,1,0,0,1,79.0,444.0,972.0,1,0,0,hunt,ARC_LEFT,CRUISE,WAIT,IDLE,track_good,ARC_LEFT,good,-0.190625,,left,IDLE,,,0,0,206,target,持续差速前进并小幅对准,400,500,1
35.749,868.0,1912.0,1645.0,1401.0,1.1734,2.6012,2.5291,2.4362,2.4827,0,0,0,1,0,0,1,20.0,346.0,1038.0,1,0,0,hunt,ARC_LEFT,CRUISE,WAIT,IDLE,track_good,ARC_LEFT,good,-0.190625,,left,IDLE,,,0,0,206,target,持续差速前进并小幅对准,400,500,1
35.769,866.0,1744.0,1603.0,1397.0,1.1579,2.5397,2.1796,2.4362,2.3079,0,0,0,1,0,0,1,-4.0,210.0,957.0,1,0,0,hunt,ARC_LEFT,CRUISE,WAIT,IDLE,track_good,ARC_LEFT,good,-0.190625,,left,IDLE,,,0,0,206,target,持续差速前进并小幅对准,400,500,1
35.79,876.0,1698.0,1728.0,1406.0,1.1579,2.2063,2.1796,2.4362,2.193,0,0,0,1,0,0,1,25.0,346.0,972.0,1,0,0,hunt,ARC_LEFT,CRUISE,WAIT,IDLE,track_good,ARC_LEFT,good,-0.190625,,left,IDLE,,,0,0,206,target,持续差速前进并小幅对准,400,500,1
35.81,875.0,1617.0,1728.0,1408.0,1.1796,2.1151,2.3811,2.453,2.2481,0,0,0,1,0,0,1,24.0,362.0,1017.0,1,0,0,hunt,ARC_LEFT,CRUISE,WAIT,IDLE,track_good,ARC_LEFT,good,-0.190625,,left,IDLE,,,0,0,206,target,持续差速前进并小幅对准,400,500,1
35.83,869.0,1488.0,1602.0,1412.0,1.1796,1.9544,2.3811,2.4597,2.1677,0,0,0,0,0,0,1,7.0,590.0,959.0,1,0,0,hunt,ARC_LEFT,CRUISE,WAIT,IDLE,track_good,ARC_LEFT,good,-0.190625,,,IDLE,,,0,0,206,target,持续差速前进并小幅对准,400,500,1
35.85,869.0,1402.0,1433.0,1414.0,1.161,1.6984,2.0752,2.4732,1.8868,0,0,0,0,0,0,1,-5.0,702.0,960.0,1,0,0,hunt,ARC_LEFT,CRUISE,WAIT,IDLE,track_good,ARC_LEFT,good,-0.190625,,,IDLE,,,0,0,207,target,持续差速前进并小幅对准,400,500,1
35.87,867.0,1367.0,1296.0,1410.0,1.161,1.5278,1.665,2.4732,1.5964,0,0,0,0,0,0,1,24.0,328.0,956.0,1,0,0,hunt,ARC_LEFT,CRUISE,WAIT,IDLE,track_good,ARC_LEFT,good,-0.190625,,,IDLE,,,0,0,207,target,持续差速前进并小幅对准,400,500,1
35.89,866.0,1368.0,1215.0,1391.0,1.1548,1.4603,1.3325,2.4664,1.3964,0,0,0,0,0,0,1,22.0,914.0,979.0,1,0,0,hunt,ARC_LEFT,CRUISE,WAIT,IDLE,track_good,ARC_LEFT,good,-0.190625,,,IDLE,,,0,0,207,target,持续差速前进并小幅对准,400,500,1
35.91,920.0,1372.0,1190.0,1369.0,1.1548,1.4603,1.1359,2.4027,1.3076,0,0,0,0,0,0,1,0.0,209.0,990.0,1,0,0,hunt,ARC_LEFT,CRUISE,WAIT,IDLE,track_good,ARC_LEFT,good,-0.190625,,,IDLE,,,0,0,207,target,持续差速前进并小幅对准,400,500,1
35.93,1008.0,1384.0,1189.0,1298.0,1.3189,1.4683,1.0752,2.3289,1.3936,0,0,0,0,0,0,1,36.0,834.0,976.0,1,0,0,hunt,ARC_LEFT,CRUISE,WAIT,IDLE,track_good,ARC_LEFT,good,-0.190625,,,IDLE,,,0,0,207,target,持续差速前进并小幅对准,400,500,1
35.951,1013.0,1383.0,1193.0,1169.0,1.5913,1.4901,1.0752,2.0906,1.5407,0,0,0,0,0,0,1,8.0,475.0,981.0,1,0,0,hunt,ARC_LEFT,CRUISE,WAIT,IDLE,track_good,ARC_LEFT,good,-0.190625,,,IDLE,,,0,0,207,target,持续差速前进并小幅对准,400,500,1
35.971,1013.0,1383.0,1193.0,1169.0,1.6068,1.4901,1.0825,1.6577,1.5484,0,0,0,0,0,0,1,8.0,475.0,981.0,1,0,0,hunt,ARC_LEFT,CRUISE,WAIT,IDLE,track_good,ARC_LEFT,good,-0.190625,,,IDLE,,,0,0,207,target,持续差速前进并小幅对准,400,500,1
35.991,921.0,1422.0,1207.0,1079.0,1.6068,1.4901,1.0825,1.6577,1.5484,0,0,0,0,0,0,1,51.0,23.0,987.0,1,0,0,hunt,ARC_LEFT,CRUISE,WAIT,IDLE,track_good,ARC_LEFT,good,-0.175,,,IDLE,,,0,0,208,target,持续差速前进并小幅对准,400,500,1
36.011,868.0,1412.0,1239.0,1027.0,1.322,1.5476,1.1165,1.3557,1.3388,0,0,0,0,0,0,1,84.0,56.0,1054.0,1,0,0,hunt,ARC_LEFT,CRUISE,WAIT,IDLE,track_good,ARC_LEFT,good,-0.175,,,IDLE,,,0,0,208,target,持续差速前进并小幅对准,400,500,1
36.031,858.0,1408.0,1288.0,1004.0,1.1579,1.5476,1.1942,1.1812,1.1877,0,0,0,0,0,0,1,53.0,24.0,1003.0,1,0,0,hunt,ARC_LEFT,CRUISE,WAIT,IDLE,track_good,ARC_LEFT,good,-0.175,,,IDLE,,,0,0,208,target,持续差速前进并小幅对准,400,500,1
36.051,890.0,1425.0,1409.0,1012.0,1.1579,1.5476,1.3131,1.1309,1.2355,0,0,0,0,0,0,1,-11.0,24.0,1004.0,1,0,0,hunt,ARC_LEFT,CRUISE,WAIT,IDLE,track_good,ARC_LEFT,good,-0.175,,,IDLE,,,0,0,208,target,持续差速前进并小幅对准,400,500,1
36.071,896.0,1427.0,1539.0,1005.0,1.226,1.5734,1.6068,1.1074,1.3997,0,0,0,0,0,0,1,23.0,24.0,1038.0,1,0,0,hunt,ARC_LEFT,CRUISE,WAIT,IDLE,track_good,ARC_LEFT,good,-0.175,,,IDLE,,,0,0,208,target,持续差速前进并小幅对准,400,500,1
36.091,881.0,1421.0,1555.0,1013.0,1.226,1.5734,1.9223,1.1309,1.3997,0,0,0,0,0,0,1,30.0,45.0,1006.0,1,0,0,hunt,ARC_LEFT,CRUISE,WAIT,IDLE,track_good,ARC_LEFT,good,-0.175,,,IDLE,,,0,0,208,target,持续差速前进并小幅对准,400,500,1
36.112,852.0,1376.0,1421.0,1012.0,1.1981,1.5655,1.9223,1.1309,1.3818,0,0,0,0,0,0,1,52.0,237.0,1058.0,1,0,0,hunt,ARC_LEFT,CRUISE,WAIT,IDLE,track_good,ARC_LEFT,good,-0.175,,,IDLE,,,0,0,208,target,持续差速前进并小幅对准,400,500,1
36.132,851.0,1399.0,1303.0,1030.0,1.1084,1.5218,1.6359,1.1342,1.328,0,0,0,0,0,0,1,33.0,376.0,1162.0,1,0,0,hunt,ARC_LEFT,CRUISE,WAIT,IDLE,track_good,ARC_LEFT,good,-0.175,,,IDLE,,,0,0,208,target,持续差速前进并小幅对准,400,500,1
36.152,848.0,1391.0,1221.0,1087.0,1.1053,1.506,1.3495,1.1913,1.2704,0,0,0,0,0,0,1,98.0,409.0,1056.0,1,0,0,hunt,ARC_LEFT,CRUISE,WAIT,IDLE,track_good,ARC_LEFT,good,-0.171875,,,IDLE,,,0,0,209,target,持续差速前进并小幅对准,400,500,1
36.172,872.0,1499.0,1196.0,1226.0,1.1053,1.5218,1.1505,1.3826,1.2665,0,0,0,0,0,0,1,52.0,475.0,1149.0,1,0,0,hunt,ARC_LEFT,CRUISE,WAIT,IDLE,track_good,ARC_LEFT,good,-0.171875,,,IDLE,,,0,0,209,target,持续差速前进并小幅对准,400,500,1
36.192,962.0,1636.0,1216.0,1312.0,1.1703,1.7202,1.1383,1.849,1.4453,0,0,0,0,0,0,1,99.0,591.0,1225.0,1,0,0,hunt,ARC_LEFT,CRUISE,WAIT,IDLE,track_good,ARC_LEFT,good,-0.171875,,,IDLE,,,0,0,209,target,持续差速前进并小幅对准,400,500,1
36.212,1066.0,1595.0,1237.0,1332.0,1.4489,1.9107,1.1383,2.1376,1.6798,0,0,0,0,0,0,1,36.0,688.0,1244.0,1,0,0,hunt,ARC_LEFT,CRUISE,WAIT,IDLE,track_good,ARC_LEFT,good,-0.171875,,,IDLE,,,0,0,209,target,持续差速前进并小幅对准,400,500,1
36.232,1115.0,1441.0,1204.0,1327.0,1.7709,1.9107,1.1383,2.1879,1.8408,0,0,0,0,0,0,1,104.0,459.0,1404.0,1,0,0,hunt,ARC_LEFT,CRUISE,WAIT,IDLE,track_good,ARC_LEFT,good,-0.171875,,,IDLE,,,0,0,209,target,持续差速前进并小幅对准,400,500,1
36.252,1150.0,1365.0,1170.0,1342.0,1.9226,1.6052,1.1092,2.2047,1.7639,0,0,0,0,0,0,1,6.0,590.0,1323.0,1,0,0,hunt,ARC_LEFT,CRUISE,WAIT,IDLE,track_good,ARC_LEFT,good,-0.171875,,,IDLE,,,0,0,209,target,持续差速前进并小幅对准,400,500,1
36.273,1151.0,1326.0,1137.0,1325.0,2.031,1.4544,1.0267,2.1879,1.7427,0,0,0,0,0,0,1,150.0,658.0,1196.0,1,0,0,hunt,ARC_LEFT,CRUISE,WAIT,IDLE,track_good,ARC_LEFT,good,-0.171875,,,IDLE,,,0,0,209,target,持续差速前进并小幅对准,400,500,1
36.293,1152.0,1363.0,1129.0,1336.0,2.0341,1.4504,0.9466,2.2181,1.7422,0,0,0,0,0,0,1,38.0,574.0,1266.0,1,0,0,hunt,ARC_LEFT,CRUISE,WAIT,IDLE,track_good,ARC_LEFT,good,-0.159375,,,IDLE,,,0,0,210,target,持续差速前进并小幅对准,400,500,1
36.313,1155.0,1429.0,1124.0,1347.0,2.0372,1.4504,0.9272,2.2181,1.7438,0,0,0,0,0,0,1,133.0,654.0,1195.0,1,0,0,hunt,ARC_LEFT,CRUISE,WAIT,IDLE,track_good,ARC_LEFT,good,-0.159375,,,IDLE,,,0,0,210,target,持续差速前进并小幅对准,400,500,1
36.333,1152.0,1444.0,1071.0,1348.0,2.0372,1.5813,0.915,2.255,1.8093,0,0,0,0,0,0,1,67.0,426.0,1226.0,1,0,0,hunt,ARC_LEFT,CRUISE,WAIT,IDLE,track_good,ARC_LEFT,good,-0.159375,,,IDLE,,,0,0,210,target,持续差速前进并小幅对准,400,500,1
36.354,1141.0,1423.0,1092.0,1333.0,2.0372,1.5813,0.8374,2.255,1.8093,0,0,0,0,0,0,1,99.0,262.0,1280.0,1,0,0,hunt,ARC_LEFT,CRUISE,WAIT,IDLE,track_good,ARC_LEFT,good,-0.159375,,,IDLE,,,0,0,210,target,持续差速前进并小幅对准,400,500,1
36.374,1139.0,1410.0,1188.0,1335.0,2.0031,1.5694,0.8374,2.2148,1.7863,0,0,0,0,0,0,1,149.0,688.0,1182.0,1,0,0,hunt,ARC_LEFT,CRUISE,WAIT,IDLE,track_good,ARC_LEFT,good,-0.159375,,,IDLE,,,0,0,210,target,持续差速前进并小幅对准,400,500,1
36.394,1137.0,1432.0,1232.0,1335.0,1.9969,1.5694,1.0704,2.2148,1.7832,0,0,0,0,0,0,1,186.0,393.0,1180.0,1,0,0,hunt,ARC_LEFT,CRUISE,WAIT,IDLE,track_good,ARC_LEFT,good,-0.159375,,,IDLE,,,0,0,210,target,持续差速前进并小幅对准,400,500,1
36.414,1126.0,1475.0,1242.0,1323.0,1.9907,1.5873,1.1772,2.2148,1.789,0,0,0,0,0,0,1,-232.0,510.0,1145.0,1,0,0,hunt,ARC_LEFT,CRUISE,WAIT,IDLE,track_good,ARC_LEFT,good,-0.159375,,,IDLE,,,0,0,210,target,持续差速前进并小幅对准,400,500,1
36.434,1126.0,1475.0,1242.0,1323.0,1.9567,1.6726,1.2015,2.1745,1.8146,0,0,0,0,0,0,1,-232.0,510.0,1145.0,1,0,0,hunt,ARC_LEFT,CRUISE,WAIT,IDLE,track_good,ARC_LEFT,good,-0.159375,,,IDLE,,,0,0,210,target,持续差速前进并小幅对准,400,500,1
36.454,1118.0,1614.0,1311.0,1324.0,1.9319,1.9484,1.3689,2.1779,1.9402,0,0,0,0,0,0,1,199.0,526.0,1197.0,1,0,0,patrol,WARMUP,WARMUP,WAIT,IDLE,,IDLE,,,,,IDLE,,,0,0,211,no_target,等待滤波窗口,0,0,1
36.475,1086.0,1786.0,1440.0,1323.0,1.8824,2.119,1.5255,2.1762,2.0007,0,0,0,0,0,0,1,181.0,821.0,1344.0,1,0,0,patrol,WARMUP,WARMUP,WAIT,IDLE,,IDLE,,,,,IDLE,,,0,0,211,no_target,等待滤波窗口,0,0,1
36.495,1097.0,1872.0,1545.0,1337.0,1.8669,2.2897,1.682,2.1779,2.0224,0,0,0,0,0,0,1,47.0,281.0,987.0,1,0,0,patrol,CRUISE,CRUISE,WAIT,IDLE,,IDLE,,,,,IDLE,,,0,0,211,no_target,按区域分级巡航,450,450,1
36.515,1154.0,1876.0,1582.0,1321.0,1.8669,2.4603,1.9369,2.1745,2.0557,1,0,0,0,0,0,1,22.0,427.0,908.0,1,0,1,enemy_push,PUSH,CRUISE,WAIT,IDLE,,IR_UNCLASSIFIED,,,,,PUSH,front,,0,0,211,no_target,正前红外发现敌人，开始推动,0,0,1
36.536,1160.0,1862.0,1570.0,1300.0,2.0433,2.4603,1.9976,2.1678,2.1056,0,0,0,0,0,0,1,231.0,346.0,894.0,1,0,1,enemy_push,PUSH,CRUISE,WAIT,IDLE,,IR_UNCLASSIFIED,,,,,PUSH,front,,0,0,211,no_target,正前红外发现敌人，开始推动,700,700,1
36.556,1162.0,1854.0,1567.0,1282.0,2.0619,2.4405,1.9976,2.0973,2.0796,1,0,0,0,0,0,1,190.0,348.0,919.0,1,0,1,enemy_push,PUSH,CRUISE,WAIT,IDLE,,IR_UNCLASSIFIED,,,,,PUSH,front,,0,0,211,no_target,正前红外发现敌人，开始推动,700,700,1
36.576,1177.0,1865.0,1577.0,1275.0,2.0681,2.4405,1.9976,2.0369,2.0525,1,0,0,0,0,0,1,133.0,195.0,908.0,1,0,1,enemy_push,PUSH,CRUISE,WAIT,IDLE,,IR_UNCLASSIFIED,,,,,PUSH,front,,0,0,211,no_target,正前红外发现敌人，开始推动,700,700,1
36.597,1162.0,1829.0,1565.0,1286.0,2.0681,2.4246,1.9903,2.0369,2.0525,1,0,0,0,0,0,1,396.0,211.0,909.0,1,0,1,enemy_push,PUSH,CRUISE,WAIT,IDLE,,IR_UNCLASSIFIED,,,,,PUSH,front,,0,0,211,no_target,正前红外发现敌人，开始推动,700,700,1
36.617,1168.0,1839.0,1575.0,1297.0,2.0867,2.3948,2.0097,2.0503,2.0685,1,0,0,0,0,0,1,290.0,362.0,910.0,1,0,1,enemy_push,PUSH,CRUISE,WAIT,IDLE,,IR_UNCLASSIFIED,,,,,PUSH,front,,0,0,212,no_target,正前红外发现敌人，开始推动,700,700,1
36.637,1150.0,1823.0,1551.0,1287.0,2.0681,2.375,1.9854,2.0537,2.0609,1,0,0,0,0,0,1,258.0,789.0,909.0,1,0,1,enemy_push,PUSH,CRUISE,WAIT,IDLE,,IR_UNCLASSIFIED,,,,,PUSH,front,,0,0,212,no_target,正前红外发现敌人，开始推动,700,700,1
36.657,1143.0,1826.0,1550.0,1280.0,2.031,2.369,1.9515,2.0537,2.0423,1,0,0,0,0,0,1,299.0,459.0,924.0,1,0,1,enemy_push,PUSH,CRUISE,WAIT,IDLE,,IR_UNCLASSIFIED,,,,,PUSH,front,,0,0,212,no_target,正前红外发现敌人，开始推动,700,700,1
36.677,1116.0,1798.0,1539.0,1254.0,2.0093,2.3631,1.949,2.0302,2.0197,1,0,0,0,0,0,1,233.0,441.0,942.0,1,0,1,enemy_push,PUSH,CRUISE,WAIT,IDLE,,IR_UNCLASSIFIED,,,,,PUSH,front,,0,0,212,no_target,正前红外发现敌人，开始推动,700,700,1
36.698,1090.0,1807.0,1535.0,1231.0,1.9257,2.3313,1.9223,1.943,1.9343,1,0,0,0,0,0,1,369.0,560.0,988.0,1,0,1,enemy_push,PUSH,CRUISE,WAIT,IDLE,,IR_UNCLASSIFIED,,,,,PUSH,front,,0,0,212,no_target,正前红外发现敌人，开始推动,700,700,1
36.718,1080.0,1787.0,1519.0,1215.0,1.8452,2.3135,1.9126,1.8658,1.8892,1,0,0,0,0,0,1,365.0,852.0,1117.0,1,0,1,enemy_push,PUSH,CRUISE,WAIT,IDLE,,IR_UNCLASSIFIED,,,,,PUSH,front,,0,0,212,no_target,正前红外发现敌人，开始推动,700,700,1
36.738,1072.0,1731.0,1512.0,1216.0,1.8142,2.2917,1.8738,1.8154,1.8446,1,0,0,0,0,0,1,476.0,560.0,1102.0,1,0,1,enemy_push,PUSH,CRUISE,WAIT,IDLE,,IR_UNCLASSIFIED,,,,,PUSH,front,,0,0,212,no_target,正前红外发现敌人，开始推动,700,700,1
36.758,1068.0,1809.0,1512.0,1206.0,1.7895,2.2917,1.8568,1.8121,1.8344,1,0,0,0,0,0,1,326.0,688.0,1009.0,1,0,1,enemy_push,PUSH,CRUISE,WAIT,IDLE,,IR_UNCLASSIFIED,,,,,PUSH,front,,0,0,213,target,正前红外发现敌人，开始推动,700,700,1
36.778,1044.0,1834.0,1490.0,1189.0,1.7771,2.3353,1.8568,1.7819,1.8193,1,0,0,0,0,0,1,342.0,411.0,1066.0,1,0,1,enemy_push,PUSH,CRUISE,WAIT,IDLE,,IR_UNCLASSIFIED,,,,,PUSH,front,,0,0,213,target,正前红外发现敌人，开始推动,700,700,1
36.799,1027.0,1830.0,1475.0,1145.0,1.7028,2.377,1.8034,1.7248,1.7641,1,0,0,0,0,0,1,373.0,1077.0,1056.0,1,0,1,enemy_push,PUSH,CRUISE,WAIT,IDLE,,IR_UNCLASSIFIED,,,,,PUSH,front,,0,0,213,target,正前红外发现敌人，开始推动,700,700,1
36.819,1014.0,1835.0,1467.0,1138.0,1.6502,2.3849,1.767,1.5772,1.7086,1,0,0,0,0,0,1,227.0,544.0,1024.0,1,0,1,enemy_push,PUSH,CRUISE,WAIT,IDLE,,IR_UNCLASSIFIED,,,,,PUSH,front,,0,0,213,target,正前红外发现敌人，开始推动,700,700,1
36.839,999.0,1811.0,1445.0,1215.0,1.6099,2.377,1.7476,1.5772,1.6787,1,0,0,0,0,0,1,306.0,345.0,1024.0,1,0,1,enemy_push,PUSH,CRUISE,WAIT,IDLE,,IR_UNCLASSIFIED,,,,,PUSH,front,,0,0,213,target,正前红外发现敌人，开始推动,700,700,1
36.859,976.0,1778.0,1432.0,1198.0,1.5635,2.3393,1.6942,1.755,1.7246,1,0,0,0,0,0,1,340.0,511.0,1052.0,1,0,1,enemy_push,PUSH,CRUISE,WAIT,IDLE,,IR_UNCLASSIFIED,,,,,PUSH,front,,0,0,213,target,正前红外发现敌人，开始推动,700,700,1
36.879,958.0,1793.0,1413.0,1188.0,1.4923,2.3036,1.6626,1.755,1.7088,1,0,0,0,0,0,1,390.0,378.0,1037.0,1,0,1,enemy_push,PUSH,CRUISE,WAIT,IDLE,,IR_UNCLASSIFIED,,,,,PUSH,front,,0,0,213,target,正前红外发现敌人，开始推动,700,700,1
36.899,941.0,1759.0,1390.0,1160.0,1.4365,2.2738,1.6165,1.7215,1.669,1,0,0,0,0,0,1,519.0,899.0,1057.0,1,0,1,enemy_push,PUSH,CRUISE,WAIT,IDLE,,IR_UNCLASSIFIED,,,,,PUSH,front,,0,0,214,target,正前红外发现敌人，开始推动,700,700,1
36.92,896.0,1674.0,1352.0,1128.0,1.3839,2.2361,1.5607,1.6275,1.5941,1,0,0,0,0,0,1,480.0,409.0,1056.0,1,0,1,enemy_push,PUSH,CRUISE,WAIT,IDLE,,IR_UNCLASSIFIED,,,,,PUSH,front,,0,0,214,target,正前红外发现敌人，开始推动,700,700,1
36.94,887.0,1675.0,1342.0,1110.0,1.2446,2.0694,1.4684,1.5201,1.4943,1,0,0,0,0,0,1,761.0,446.0,1005.0,1,0,1,enemy_push,PUSH,CRUISE,WAIT,IDLE,,IR_UNCLASSIFIED,,,,,PUSH,front,,0,0,214,target,正前红外发现敌人，开始推动,700,700,1
36.96,870.0,1645.0,1316.0,1092.0,1.2167,2.0675,1.4442,1.4597,1.452,1,0,0,0,0,0,1,1251.0,227.0,988.0,1,0,1,enemy_push,PUSH,CRUISE,WAIT,IDLE,,IR_UNCLASSIFIED,,,,,PUSH,front,,0,0,214,target,正前红外发现敌人，开始推动,700,700,1
36.98,870.0,1645.0,1316.0,1092.0,1.1641,2.0099,1.3811,1.3993,1.3902,1,0,0,0,0,0,1,1251.0,227.0,988.0,1,0,1,enemy_push,PUSH,CRUISE,WAIT,IDLE,,IR_UNCLASSIFIED,,,,,PUSH,front,,0,0,214,target,正前红外发现敌人，开始推动,700,700,1
37.0,844.0,1617.0,1291.0,1070.0,1.1641,2.0099,1.3811,1.3993,1.3902,1,0,0,0,0,0,1,678.0,211.0,957.0,1,0,1,enemy_push,PUSH,CRUISE,WAIT,IDLE,,IR_UNCLASSIFIED,,,,,PUSH,front,,0,0,214,target,正前红外发现敌人，开始推动,700,700,1
37.02,820.0,1588.0,1262.0,1042.0,1.0836,1.9544,1.3204,1.3255,1.3229,1,0,0,0,0,0,1,498.0,296.0,1022.0,1,0,1,enemy_push,PUSH,CRUISE,WAIT,IDLE,,IR_UNCLASSIFIED,,,,,PUSH,front,,0,0,214,target,正前红外发现敌人，开始推动,700,700,1
37.04,797.0,1556.0,1243.0,1024.0,1.0093,1.8968,1.25,1.2315,1.2408,1,0,0,0,0,0,1,335.0,588.0,1061.0,1,0,1,enemy_push,PUSH,CRUISE,WAIT,IDLE,,IR_UNCLASSIFIED,,,,,PUSH,front,,1,0,214,target,正前红外发现敌人，开始推动,350,350,1
37.061,785.0,1513.0,1222.0,1005.0,0.9381,1.8333,1.2039,1.1711,1.1875,1,0,0,0,0,0,1,93.0,227.0,1006.0,1,0,1,enemy_push,PUSH,CRUISE,WAIT,IDLE,,IR_UNCLASSIFIED,,,,,PUSH,front,,1,0,215,target,正前红外发现敌人，开始推动,350,350,1
37.081,764.0,1506.0,1194.0,976.0,0.9009,1.748,1.1529,1.1074,1.1301,1,0,0,0,0,0,1,-46.0,329.0,1055.0,1,0,1,enemy_push,PUSH,CRUISE,WAIT,IDLE,,IR_UNCLASSIFIED,,,,,PUSH,front,,1,0,215,target,正前红外发现敌人，开始推动,350,350,1
37.101,743.0,1493.0,1184.0,971.0,0.8359,1.7341,1.085,1.0101,1.0475,1,0,0,0,0,0,1,-67.0,340.0,1054.0,1,0,1,enemy_push,PUSH,MEDIUM_CRUISE,WAIT,IDLE,,IR_UNCLASSIFIED,,,,,PUSH,front,,1,0,215,target,正前红外发现敌人，开始推动,350,350,1
37.121,737.0,1468.0,1161.0,952.0,0.7709,1.7083,1.0607,0.9933,1.027,1,0,0,0,0,0,1,-314.0,298.0,985.0,1,0,1,enemy_push,PUSH,MEDIUM_CRUISE,WAIT,IDLE,,IR_UNCLASSIFIED,,,,,PUSH,front,,1,0,215,target,正前红外发现敌人，开始推动,350,350,1
37.141,723.0,1441.0,1147.0,936.0,0.7523,1.6587,1.0049,0.9295,0.9672,1,0,0,0,0,0,1,-343.0,197.0,974.0,1,1,1,enemy_push,PUSH,MEDIUM_CRUISE,WAIT,IDLE,,IR_UNCLASSIFIED,,,,,PUSH,front,,1,0,215,target,正前红外发现敌人，开始推动,350,350,1
37.162,724.0,1427.0,1132.0,928.0,0.7121,1.6052,0.9709,0.8758,0.9234,1,0,0,0,0,0,1,-343.0,510.0,975.0,1,1,1,enemy_push,PUSH,MEDIUM_CRUISE,WAIT,IDLE,,IR_UNCLASSIFIED,,,,,PUSH,front,,1,0,215,target,正前红外发现敌人，开始推动,350,350,1
37.182,707.0,1390.0,1111.0,914.0,0.709,1.5774,0.9345,0.849,0.8917,1,0,0,0,0,0,1,-342.0,61.0,987.0,1,1,1,enemy_push,PUSH,MEDIUM_CRUISE,WAIT,IDLE,,IR_UNCLASSIFIED,,,,,PUSH,front,,1,0,215,target,正前红外发现敌人，开始推动,350,350,1
37.202,698.0,1375.0,1086.0,915.0,0.6594,1.504,0.8835,0.8054,0.8444,1,0,0,0,0,0,1,-118.0,40.0,1005.0,1,1,1,enemy_push,PUSH,EDGE_AVOID,WAIT,IDLE,,IR_UNCLASSIFIED,,,,,PUSH,front,,1,0,216,target,正前红外发现敌人，开始推动,350,350,1
37.222,685.0,1340.0,1092.0,901.0,0.6316,1.4742,0.8374,0.802,0.8197,1,0,0,0,0,0,1,-147.0,720.0,1041.0,1,1,1,enemy_push,PUSH,EDGE_AVOID,WAIT,IDLE,,IR_UNCLASSIFIED,,,,,PUSH,front,,1,0,216,target,正前红外发现敌人，开始推动,350,350,1
37.243,667.0,1329.0,1092.0,904.0,0.5913,1.4048,0.8374,0.7685,0.8029,1,0,0,0,0,0,1,-105.0,247.0,1039.0,1,1,1,enemy_push,PUSH,EDGE_AVOID,WAIT,IDLE,,IR_UNCLASSIFIED,,,,,PUSH,front,,1,0,216,target,正前红外发现敌人，开始推动,350,350,1
37.263,659.0,1321.0,1065.0,897.0,0.5356,1.3829,0.8374,0.7584,0.7979,1,0,0,0,0,0,1,-105.0,23.0,1048.0,1,1,1,enemy_push,PUSH,EDGE_AVOID,WAIT,IDLE,,IR_UNCLASSIFIED,,,,,PUSH,front,,1,0,216,target,正前红外发现敌人，开始推动,350,350,1
37.283,649.0,1303.0,1052.0,885.0,0.5108,1.3671,0.7718,0.745,0.7584,1,0,0,0,0,0,1,0.0,23.0,1052.0,1,1,1,enemy_push,PUSH,EDGE_AVOID,WAIT,IDLE,,IR_UNCLASSIFIED,,,,,PUSH,front,,1,0,216,target,正前红外发现敌人，开始推动,350,350,1
37.303,641.0,1309.0,1042.0,880.0,0.4799,1.3433,0.7403,0.7047,0.7225,1,0,0,0,0,0,1,12.0,24.0,1100.0,1,1,1,enemy_push,PUSH,EDGE_AVOID,WAIT,IDLE,,IR_UNCLASSIFIED,,,,,PUSH,front,,1,0,216,target,正前红外发现敌人，开始推动,350,350,1
37.323,646.0,1308.0,1043.0,873.0,0.4706,1.3413,0.7184,0.6879,0.7032,1,0,0,0,0,0,1,29.0,23.0,1132.0,1,1,1,enemy_push,PUSH,EDGE_AVOID,WAIT,IDLE,,IR_UNCLASSIFIED,,,,,PUSH,front,,1,0,216,target,正前红外发现敌人，开始推动,350,350,1
37.343,646.0,1308.0,1035.0,882.0,0.4706,1.3413,0.716,0.6879,0.702,1,0,0,0,0,0,1,153.0,22.0,1131.0,1,1,1,enemy_push,PUSH,EDGE_AVOID,WAIT,IDLE,,IR_UNCLASSIFIED,,,,,PUSH,front,,1,0,216,target,正前红外发现敌人，开始推动,350,350,1
37.363,624.0,1312.0,1033.0,893.0,0.4706,1.3413,0.699,0.6946,0.6968,1,0,0,0,0,0,1,112.0,231.0,1180.0,1,1,1,enemy_push,PUSH,EDGE_AVOID,WAIT,IDLE,,IR_UNCLASSIFIED,,,,,PUSH,front,,1,0,217,target,正前红外发现敌人，开始推动,350,350,1
37.383,617.0,1277.0,1026.0,883.0,0.4025,1.3413,0.6942,0.698,0.6961,1,0,0,0,0,0,1,127.0,23.0,1148.0,1,1,1,enemy_push,PUSH,EDGE_AVOID,WAIT,IDLE,,IR_UNCLASSIFIED,,,,,PUSH,front,,1,0,217,target,正前红外发现敌人，开始推动,350,350,1
37.403,621.0,1299.0,1026.0,886.0,0.3932,1.3234,0.6772,0.7081,0.6926,1,0,0,0,0,0,1,167.0,144.0,1099.0,1,1,1,enemy_push,PUSH,EDGE_AVOID,WAIT,IDLE,,IR_UNCLASSIFIED,,,,,PUSH,front,,1,0,217,target,正前红外发现敌人，开始推动,350,350,1
37.424,616.0,1291.0,1025.0,886.0,0.3808,1.3075,0.6772,0.7081,0.6926,1,0,0,0,0,0,1,159.0,23.0,1146.0,1,1,1,enemy_push,PUSH,EDGE_AVOID,WAIT,IDLE,,IR_UNCLASSIFIED,,,,,PUSH,front,,1,0,217,target,正前红外发现敌人，开始推动,350,350,1
37.444,611.0,1290.0,1021.0,869.0,0.3777,1.3075,0.6748,0.7081,0.6914,1,0,0,0,0,0,1,143.0,35.0,1132.0,1,1,1,enemy_push,PUSH,EDGE_AVOID,WAIT,IDLE,,IR_UNCLASSIFIED,,,,,PUSH,front,,1,0,217,target,正前红外发现敌人，开始推动,350,350,1
37.464,615.0,1292.0,1000.0,872.0,0.3746,1.3075,0.665,0.6611,0.6631,1,0,0,0,0,0,1,162.0,23.0,1148.0,1,1,1,enemy_push,PUSH,EDGE_AVOID,WAIT,IDLE,,IR_UNCLASSIFIED,,,,,PUSH,front,,1,0,217,target,正前红外发现敌人，开始推动,350,350,1
37.484,611.0,1276.0,972.0,867.0,0.3622,1.3056,0.6141,0.651,0.6325,1,0,0,0,0,0,1,205.0,177.0,1116.0,1,1,1,enemy_push,PUSH,EDGE_AVOID,WAIT,IDLE,,IR_UNCLASSIFIED,,,,,PUSH,front,,1,0,217,target,正前红外发现敌人，开始推动,350,350,1
37.504,597.0,1276.0,991.0,867.0,0.3622,1.2778,0.5922,0.6443,0.6183,1,0,0,0,0,0,1,227.0,22.0,1131.0,1,1,1,enemy_push,PUSH,EDGE_AVOID,WAIT,IDLE,,IR_UNCLASSIFIED,,,,,PUSH,front,,1,0,218,target,正前红外发现敌人，开始推动,350,350,1
37.524,597.0,1276.0,991.0,867.0,0.3189,1.2778,0.5922,0.6443,0.6183,1,0,0,0,0,0,1,227.0,22.0,1131.0,1,1,1,enemy_push,PUSH,EDGE_AVOID,WAIT,IDLE,,IR_UNCLASSIFIED,,,,,PUSH,front,,1,0,218,target,正前红外发现敌人，开始推动,350,350,1
37.545,603.0,1273.0,1003.0,862.0,0.3189,1.2778,0.5922,0.6443,0.6183,1,0,0,0,0,0,1,258.0,24.0,1148.0,1,1,1,enemy_push,PUSH,EDGE_AVOID,WAIT,IDLE,,IR_UNCLASSIFIED,,,,,PUSH,front,,1,0,218,target,正前红外发现敌人，开始推动,350,350,1
37.565,609.0,1250.0,1006.0,862.0,0.3375,1.2718,0.6214,0.6275,0.6244,1,0,0,0,0,0,1,254.0,23.0,1161.0,1,1,1,enemy_push,PUSH,EDGE_AVOID,WAIT,IDLE,,IR_UNCLASSIFIED,,,,,PUSH,front,,1,0,218,target,正前红外发现敌人，开始推动,350,350,1
37.585,601.0,1226.0,1009.0,857.0,0.3375,1.2262,0.6286,0.6275,0.6281,1,0,0,0,0,0,1,273.0,23.0,1175.0,1,1,1,enemy_push,PUSH,EDGE_AVOID,WAIT,IDLE,,IR_UNCLASSIFIED,,,,,PUSH,front,,1,0,218,target,正前红外发现敌人，开始推动,350,350,1
37.605,590.0,1243.0,1003.0,855.0,0.3313,1.2123,0.6286,0.6107,0.6197,1,0,0,0,0,0,1,228.0,33.0,1179.0,1,1,1,enemy_push,PUSH,EDGE_AVOID,WAIT,IDLE,,IR_UNCLASSIFIED,,,,,PUSH,front,,1,0,218,target,正前红外发现敌人，开始推动,350,350,1
37.625,595.0,1243.0,996.0,851.0,0.3127,1.2123,0.6214,0.604,0.6127,1,0,0,0,0,0,1,390.0,61.0,1164.0,1,1,1,enemy_push,PUSH,EDGE_AVOID,WAIT,IDLE,,IR_UNCLASSIFIED,,,,,PUSH,front,,1,0,218,target,正前红外发现敌人，开始推动,350,350,1
37.645,596.0,1236.0,983.0,849.0,0.3127,1.2123,0.6044,0.5906,0.5975,1,0,0,0,0,0,1,405.0,23.0,1161.0,1,1,1,enemy_push,PUSH,EDGE_AVOID,WAIT,IDLE,,IR_UNCLASSIFIED,,,,,PUSH,front,,1,0,219,target,正前红外发现敌人，开始推动,350,350,1
37.665,592.0,1230.0,971.0,848.0,0.3127,1.1984,0.5728,0.5839,0.5784,1,0,0,0,0,0,1,342.0,23.0,1131.0,1,1,1,enemy_push,PUSH,EDGE_AVOID,WAIT,IDLE,,IR_UNCLASSIFIED,,,,,PUSH,front,,1,0,219,target,正前红外发现敌人，开始推动,350,350,1
37.686,597.0,1227.0,978.0,846.0,0.3158,1.1865,0.5607,0.5805,0.5706,1,0,0,0,0,0,1,147.0,23.0,1164.0,1,1,1,enemy_push,PUSH,EDGE_AVOID,WAIT,IDLE,,IR_UNCLASSIFIED,,,,,PUSH,front,,1,0,219,target,正前红外发现敌人，开始推动,350,350,1
37.706,588.0,1214.0,969.0,832.0,0.3034,1.1806,0.5437,0.5738,0.5588,1,0,0,0,0,0,1,145.0,34.0,1223.0,1,1,1,enemy_push,PUSH,EDGE_AVOID,WAIT,IDLE,,IR_UNCLASSIFIED,,,,,PUSH,front,,1,0,219,target,正前红外发现敌人，开始推动,350,350,1
37.726,588.0,1216.0,970.0,820.0,0.291,1.1587,0.5413,0.5268,0.5341,1,0,0,0,0,0,1,98.0,22.0,1052.0,1,1,1,enemy_push,PUSH,EDGE_AVOID,WAIT,IDLE,,IR_UNCLASSIFIED,,,,,PUSH,front,,1,0,219,target,正前红外发现敌人，开始推动,350,350,1
37.746,586.0,1221.0,974.0,822.0,0.291,1.1587,0.5413,0.4933,0.5173,1,0,0,0,0,0,1,65.0,22.0,1526.0,1,1,1,enemy_push,PUSH,EDGE_AVOID,WAIT,IDLE,,IR_UNCLASSIFIED,,,,,PUSH,front,,1,0,219,target,正前红外发现敌人，开始推动,350,350,1
37.766,574.0,1243.0,971.0,813.0,0.2848,1.1687,0.5437,0.4866,0.5151,1,0,0,0,0,0,1,82.0,34.0,1448.0,1,1,1,enemy_push,PUSH,EDGE_AVOID,WAIT,IDLE,,IR_UNCLASSIFIED,,,,,PUSH,front,,1,0,219,target,正前红外发现敌人，开始推动,350,350,1
37.786,566.0,1257.0,971.0,796.0,0.2477,1.2123,0.5437,0.4631,0.5034,1,0,0,0,0,0,1,97.0,22.0,1415.0,1,1,1,enemy_push,PUSH,EDGE_AVOID,WAIT,IDLE,,IR_UNCLASSIFIED,,,,,PUSH,front,,1,0,220,target,正前红外发现敌人，开始推动,350,350,1
37.806,560.0,1233.0,961.0,775.0,0.2229,1.2123,0.5437,0.406,0.4749,1,0,0,0,0,0,1,145.0,22.0,1415.0,1,1,1,enemy_push,PUSH,EDGE_TURN,WAIT,IDLE,,IR_UNCLASSIFIED,,,,,PUSH,front,,1,0,220,target,正前红外发现敌人，开始推动,350,350,1
37.827,564.0,1216.0,953.0,782.0,0.2167,1.1925,0.5194,0.3591,0.4392,1,0,0,0,0,0,1,146.0,23.0,1417.0,1,1,1,enemy_push,PUSH,EDGE_TURN,WAIT,IDLE,,IR_UNCLASSIFIED,,,,,PUSH,front,,1,0,220,target,正前红外发现敌人，开始推动,350,350,1
37.847,565.0,1197.0,939.0,794.0,0.2167,1.1587,0.5,0.3591,0.4295,1,0,0,0,0,0,1,246.0,23.0,1414.0,1,1,1,enemy_push,PUSH,EDGE_TURN,WAIT,IDLE,,IR_UNCLASSIFIED,,,,,PUSH,front,,1,0,220,target,正前红外发现敌人，开始推动,350,350,1
37.867,557.0,1174.0,919.0,784.0,0.2167,1.121,0.466,0.3658,0.4159,1,0,0,0,0,0,1,384.0,23.0,1415.0,1,1,1,enemy_push,PUSH,EDGE_TURN,WAIT,IDLE,,IR_UNCLASSIFIED,,,,,PUSH,front,,1,0,220,target,正前红外发现敌人，开始推动,350,350,1
37.887,554.0,1185.0,929.0,782.0,0.195,1.0972,0.4417,0.3658,0.4038,1,0,0,0,0,0,1,685.0,23.0,1416.0,1,1,1,enemy_push,PUSH,EDGE_TURN,WAIT,IDLE,,IR_UNCLASSIFIED,,,,,PUSH,front,,1,0,220,target,正前红外发现敌人，开始推动,350,350,1
37.907,547.0,1184.0,949.0,774.0,0.1858,1.0952,0.4417,0.3591,0.4004,1,0,0,0,0,0,1,622.0,23.0,1417.0,1,1,1,enemy_push,PUSH,EDGE_TURN,WAIT,IDLE,,IR_UNCLASSIFIED,,,,,PUSH,front,,1,0,220,target,正前红外发现敌人，开始推动,350,350,1
37.927,548.0,1198.0,968.0,783.0,0.1672,1.0972,0.4903,0.3591,0.4247,1,0,0,0,0,0,1,592.0,33.0,1413.0,1,1,1,enemy_push,PUSH,EDGE_TURN,WAIT,IDLE,,IR_UNCLASSIFIED,,,,,PUSH,front,,1,0,220,target,正前红外发现敌人，开始推动,350,350,1
37.947,553.0,1192.0,964.0,785.0,0.1672,1.1111,0.5267,0.3624,0.4446,1,0,0,0,0,0,1,558.0,23.0,1415.0,1,1,1,enemy_push,PUSH,EDGE_TURN,WAIT,IDLE,,IR_UNCLASSIFIED,,,,,PUSH,front,,1,0,220,target,正前红外发现敌人，开始推动,350,350,1
37.967,557.0,1177.0,951.0,777.0,0.1827,1.1111,0.5267,0.3624,0.4446,1,0,0,0,0,0,1,557.0,22.0,1417.0,1,1,1,enemy_push,PUSH,EDGE_TURN,WAIT,IDLE,,IR_UNCLASSIFIED,,,,,PUSH,front,,1,0,221,target,正前红外发现敌人，开始推动,350,350,1
37.988,557.0,1177.0,951.0,777.0,0.195,1.0813,0.4951,0.3423,0.4187,1,0,0,0,0,0,1,557.0,22.0,1417.0,1,1,1,enemy_push,PUSH,EDGE_TURN,WAIT,IDLE,,IR_UNCLASSIFIED,,,,,PUSH,front,,1,0,221,target,正前红外发现敌人，开始推动,350,350,1
38.008,556.0,1177.0,948.0,761.0,0.195,1.0813,0.4951,0.3423,0.4187,1,0,0,0,0,0,1,527.0,33.0,1418.0,1,1,1,enemy_push,PUSH,EDGE_TURN,WAIT,IDLE,,IR_UNCLASSIFIED,,,,,PUSH,front,,1,0,221,target,正前红外发现敌人，开始推动,350,350,1
38.028,553.0,1178.0,945.0,755.0,0.192,1.0813,0.4879,0.2886,0.3882,1,0,0,0,0,0,1,538.0,22.0,1415.0,1,1,1,enemy_push,PUSH,EDGE_TURN,WAIT,IDLE,,IR_UNCLASSIFIED,,,,,PUSH,front,,1,0,221,target,正前红外发现敌人，开始推动,350,350,1
38.048,546.0,1180.0,938.0,762.0,0.1827,1.0833,0.4806,0.2886,0.3846,1,0,0,0,0,0,1,531.0,23.0,1413.0,1,1,1,enemy_push,PUSH,EDGE_TURN,WAIT,IDLE,,IR_UNCLASSIFIED,,,,,PUSH,front,,1,0,221,target,正前红外发现敌人，开始推动,350,350,1
38.068,546.0,1174.0,937.0,778.0,0.161,1.0833,0.4636,0.2919,0.3778,0,0,0,0,0,0,1,527.0,22.0,1418.0,1,1,1,enemy_push,PUSH,EDGE_TURN,WAIT,IDLE,,IR_UNCLASSIFIED,,,,,PUSH,front,,1,0,221,target,正前红外发现敌人，开始推动,350,350,1
38.088,542.0,1132.0,925.0,762.0,0.161,1.0754,0.4612,0.2919,0.3766,0,0,0,0,0,0,1,526.0,28.0,1417.0,1,1,1,enemy_push,PUSH,EDGE_TURN,WAIT,IDLE,,IR_UNCLASSIFIED,,,,,PUSH,front,,1,0,221,target,正前红外发现敌人，开始推动,350,350,1
38.109,546.0,1145.0,930.0,747.0,0.161,1.0179,0.4442,0.2919,0.3681,0,0,0,0,0,0,1,539.0,34.0,1441.0,1,1,1,enemy_push,PUSH,EDGE_TURN,WAIT,IDLE,,IR_UNCLASSIFIED,,,,,PUSH,front,,1,0,222,target,正前红外发现敌人，开始推动,350,350,1
38.129,544.0,1179.0,930.0,740.0,0.1548,1.0179,0.4442,0.2416,0.3429,0,0,0,0,0,0,1,537.0,22.0,1433.0,1,1,1,enemy_push,PUSH,EDGE_TURN,WAIT,IDLE,,IR_UNCLASSIFIED,,,,,PUSH,front,,1,0,222,target,正前红外发现敌人，开始推动,350,350,1
38.149,525.0,1173.0,926.0,741.0,0.1548,1.0734,0.4442,0.2215,0.3328,0,0,0,0,0,0,1,574.0,22.0,1418.0,1,1,1,enemy_push,PUSH,EDGE_TURN,WAIT,IDLE,,IR_UNCLASSIFIED,,,,,PUSH,front,,1,0,222,target,正前红外发现敌人，开始推动,350,350,1
38.169,522.0,1154.0,908.0,731.0,0.096,1.0734,0.4345,0.2181,0.3263,0,0,0,0,0,0,1,585.0,25.0,1428.0,1,1,1,enemy_push,PUSH,EDGE_TURN,WAIT,IDLE,,IR_UNCLASSIFIED,,,,,PUSH,front,,1,0,222,target,正前红外发现敌人，开始推动,350,350,1
38.189,537.0,1150.0,906.0,731.0,0.096,1.0357,0.3908,0.1879,0.2893,0,0,0,0,0,0,1,622.0,22.0,1431.0,1,1,1,enemy_push,PUSH,EDGE_TURN,WAIT,IDLE,,IR_UNCLASSIFIED,,,,,PUSH,front,,1,0,222,target,正前红外发现敌人，开始推动,350,350,1
38.209,536.0,1142.0,900.0,728.0,0.13,1.0278,0.3859,0.1879,0.2869,0,0,0,0,0,0,1,623.0,22.0,1448.0,1,1,1,enemy_push,PUSH,EDGE_TURN,WAIT,IDLE,,IR_UNCLASSIFIED,,,,,PUSH,front,,1,0,222,target,正前红外发现敌人，开始推动,350,350,1
38.229,536.0,1162.0,908.0,736.0,0.13,1.0278,0.3859,0.1879,0.2869,0,0,0,0,0,0,1,560.0,22.0,1445.0,1,1,1,enemy_push,PUSH,EDGE_TURN,WAIT,IDLE,,IR_UNCLASSIFIED,,,,,PUSH,front,,1,0,222,target,正前红外发现敌人，开始推动,350,350,1
38.249,538.0,1161.0,922.0,742.0,0.13,1.0496,0.3908,0.2047,0.2977,0,0,0,0,0,0,1,670.0,22.0,1445.0,1,1,1,enemy_push,PUSH,EDGE_TURN,WAIT,IDLE,,IR_UNCLASSIFIED,,,,,PUSH,front,,1,0,223,no_target,正前红外发现敌人，开始推动,350,350,1
38.27,525.0,1154.0,927.0,734.0,0.13,1.0496,0.4248,0.2047,0.3147,0,0,0,0,0,0,1,607.0,35.0,1448.0,1,1,1,enemy_push,PUSH,EDGE_TURN,WAIT,IDLE,,IR_UNCLASSIFIED,,,,,PUSH,front,,1,0,223,no_target,正前红外发现敌人，开始推动,350,350,1
38.29,516.0,1166.0,931.0,733.0,0.096,1.0496,0.4369,0.198,0.3174,0,0,0,0,0,0,1,713.0,23.0,1448.0,1,1,1,enemy_push,PUSH,EDGE_TURN,WAIT,IDLE,,IR_UNCLASSIFIED,,,,,PUSH,front,,1,0,223,no_target,正前红外发现敌人，开始推动,350,350,1
38.31,503.0,1155.0,919.0,730.0,0.0681,1.0377,0.4369,0.1946,0.3158,0,0,0,0,0,0,1,740.0,22.0,1461.0,1,1,1,enemy_push,PUSH,EDGE_TURN,WAIT,IDLE,,IR_UNCLASSIFIED,,,,,PUSH,front,,1,0,223,no_target,正前红外发现敌人，开始推动,350,350,1
38.33,506.0,1167.0,920.0,736.0,0.0372,1.0595,0.4199,0.1946,0.3073,0,0,0,0,0,0,1,765.0,22.0,1461.0,1,1,1,enemy_push,PUSH,EDGE_TURN,WAIT,IDLE,,IR_UNCLASSIFIED,,,,,PUSH,front,,1,0,223,no_target,正前红外发现敌人，开始推动,350,350,1
38.35,511.0,1164.0,907.0,733.0,0.0372,1.0556,0.4175,0.1946,0.3061,0,0,0,0,0,0,1,786.0,22.0,1448.0,1,1,1,enemy_push,PUSH,EDGE_TURN,WAIT,IDLE,,IR_UNCLASSIFIED,,,,,PUSH,front,,1,0,223,no_target,正前红外发现敌人，开始推动,350,350,1
38.37,514.0,1146.0,894.0,729.0,0.0526,1.0556,0.3883,0.1946,0.2915,0,0,0,0,0,0,1,822.0,23.0,1448.0,1,1,1,enemy_push,PUSH,EDGE_TURN,WAIT,IDLE,,IR_UNCLASSIFIED,,,,,PUSH,front,,1,0,223,no_target,正前红外发现敌人，开始推动,350,350,1
38.39,514.0,1134.0,892.0,726.0,0.0619,1.0198,0.3568,0.1812,0.269,0,0,0,0,0,0,1,827.0,40.0,1462.0,1,1,1,enemy_push,PUSH,EDGE_TURN,WAIT,IDLE,,IR_UNCLASSIFIED,,,,,PUSH,front,,1,0,224,no_target,正前红外发现敌人，开始推动,350,350,1
38.411,506.0,1115.0,890.0,709.0,0.0619,0.996,0.3519,0.1711,0.2615,0,0,0,0,0,0,1,896.0,22.0,1482.0,1,1,1,enemy_push,PUSH,EDGE_TURN,WAIT,IDLE,,IR_UNCLASSIFIED,,,,,PUSH,front,,1,0,224,no_target,正前红外发现敌人，开始推动,350,350,1
38.431,500.0,1117.0,899.0,697.0,0.0372,0.9623,0.3519,0.1141,0.233,0,0,0,0,0,0,1,925.0,23.0,1463.0,1,1,1,enemy_push,PUSH,EDGE_TURN,WAIT,IDLE,,IR_UNCLASSIFIED,,,,,PUSH,front,,1,0,224,no_target,正前红外发现敌人，开始推动,350,350,1
38.451,500.0,1117.0,899.0,697.0,0.0186,0.9623,0.3689,0.0738,0.2214,0,0,0,0,0,0,1,925.0,23.0,1463.0,1,1,1,enemy_push,PUSH,EDGE_TURN,WAIT,IDLE,,IR_UNCLASSIFIED,,,,,PUSH,front,,1,0,224,no_target,正前红外发现敌人，开始推动,350,350,1
38.471,497.0,1130.0,907.0,702.0,0.0186,0.9623,0.3689,0.0738,0.2214,0,0,0,0,0,0,1,1011.0,1386.0,1493.0,1,1,1,enemy_push,PUSH,EDGE_TURN,WAIT,IDLE,,IR_UNCLASSIFIED,,,,,PUSH,front,,1,0,224,no_target,正前红外发现敌人，开始推动,350,350,1
38.491,496.0,1124.0,901.0,711.0,0.0093,0.9762,0.3738,0.0906,0.2322,0,0,0,0,0,0,1,1041.0,1570.0,1468.0,1,1,1,enemy_push,PUSH,EDGE_TURN,WAIT,IDLE,,IR_UNCLASSIFIED,,,,,PUSH,front,,1,0,224,no_target,正前红外发现敌人，开始推动,350,350,1
38.511,492.0,1098.0,889.0,713.0,0.0062,0.9762,0.3738,0.1208,0.2473,0,0,0,0,0,0,1,1087.0,2033.0,1456.0,1,1,1,enemy_push,PUSH,EDGE_TURN,WAIT,IDLE,,IR_UNCLASSIFIED,,,,,PUSH,front,,1,0,224,no_target,正前红外发现敌人，开始推动,350,350,1
38.531,496.0,1096.0,888.0,689.0,0.0062,0.9246,0.3447,0.1208,0.2327,0,0,0,0,0,0,1,1182.0,1675.0,1455.0,1,1,1,enemy_push,PUSH,EDGE_TURN,WAIT,IDLE,,IR_UNCLASSIFIED,,,,,PUSH,front,,1,0,225,no_target,正前红外发现敌人，开始推动,350,350,1
38.552,497.0,1094.0,880.0,646.0,0.0062,0.9206,0.3422,0.047,0.1946,0,0,0,0,0,0,1,1230.0,1814.0,1452.0,1,1,1,shovel_guard,HANGED,EDGE_TURN,WAIT,HANGED,,IR_UNCLASSIFIED,,,,,IDLE,,,0,0,225,no_target,铲子悬空，停车,0,0,1
38.572,494.0,1098.0,868.0,636.0,0.0062,0.9206,0.3228,-0.0973,0.1645,0,0,0,0,0,0,1,1285.0,1810.0,1455.0,1,1,1,shovel_guard,HANGED,EDGE_TURN,WAIT,HANGED,,IR_UNCLASSIFIED,,,,,IDLE,,,0,0,225,no_target,铲子悬空，停车,0,0,1
38.592,494.0,1120.0,884.0,642.0,0.0,0.9246,0.3228,-0.1107,0.1614,0,0,0,0,0,0,1,1181.0,1604.0,1454.0,1,1,1,shovel_guard,REVERSE,EDGE_TURN,WAIT,REVERSE,,IR_UNCLASSIFIED,,,,,IDLE,,,0,0,225,no_target,铲子悬空确认，倒车收回,-400,-400,1
38.612,481.0,1119.0,892.0,632.0,0.0,0.9663,0.3325,-0.1309,0.1663,0,0,0,0,0,0,1,1339.0,2022.0,1454.0,1,1,1,shovel_guard,REVERSE,RECOVER_FORWARD,WAIT,REVERSE,,IR_UNCLASSIFIED,,,,,IDLE,,,0,0,225,no_target,铲子悬空确认，倒车收回,-400,-400,1
38.632,473.0,1112.0,888.0,598.0,-0.0402,0.9663,0.3422,-0.1443,0.151,0,0,0,0,0,0,1,1209.0,1630.0,1453.0,1,1,1,shovel_guard,REVERSE,RECOVER_FORWARD,WAIT,REVERSE,,IR_UNCLASSIFIED,,,,,IDLE,,,0,0,225,no_target,铲子悬空确认，倒车收回,-400,-400,1
38.652,473.0,1112.0,888.0,598.0,-0.065,0.9524,0.3422,-0.2584,0.1386,0,0,0,0,0,0,1,1209.0,1630.0,1453.0,1,1,1,shovel_guard,REVERSE,RECOVER_FORWARD,WAIT,REVERSE,,IR_UNCLASSIFIED,,,,,IDLE,,,0,0,225,no_target,铲子悬空确认，倒车收回,-400,-400,1
38.672,481.0,1088.0,869.0,586.0,-0.065,0.9524,0.3422,-0.2584,0.1386,0,0,0,0,0,0,1,1341.0,1812.0,1480.0,1,1,1,shovel_guard,REVERSE,RECOVER_FORWARD,WAIT,REVERSE,,IR_UNCLASSIFIED,,,,,IDLE,,,0,0,225,no_target,铲子悬空确认，倒车收回,-400,-400,1
38.692,481.0,1088.0,869.0,586.0,-0.0402,0.9048,0.2961,-0.2987,0.1279,0,0,0,0,0,0,1,1341.0,1812.0,1480.0,1,1,1,shovel_guard,REVERSE,RECOVER_FORWARD,WAIT,REVERSE,,IR_UNCLASSIFIED,,,,,IDLE,,,0,0,225,no_target,铲子悬空确认，倒车收回,-400,-400,1
38.713,481.0,1088.0,869.0,586.0,-0.0402,0.9048,0.2961,-0.2987,0.1279,0,0,0,0,0,0,1,1341.0,1812.0,1480.0,1,1,1,shovel_guard,REVERSE,RECOVER_FORWARD,WAIT,REVERSE,,IR_UNCLASSIFIED,,,,,IDLE,,,0,0,225,no_target,铲子悬空确认，倒车收回,-400,-400,1
38.733,509.0,1059.0,844.0,568.0,-0.0402,0.9048,0.2961,-0.2987,0.1279,0,0,0,0,0,0,1,1369.0,1626.0,1518.0,1,1,1,shovel_guard,REVERSE,RECOVER_FORWARD,WAIT,REVERSE,,IR_UNCLASSIFIED,,,,,IDLE,,,0,0,225,no_target,铲子悬空确认，倒车收回,-400,-400,1
38.753,520.0,1037.0,821.0,571.0,0.0464,0.8472,0.2354,-0.349,0.1409,0,0,0,0,0,0,1,1356.0,1857.0,1605.0,1,1,1,shovel_guard,REVERSE,RECOVER_FORWARD,WAIT,REVERSE,,IR_UNCLASSIFIED,,,,,IDLE,,,0,0,225,no_target,铲子悬空确认，倒车收回,-400,-400,1
38.773,521.0,1033.0,815.0,572.0,0.0805,0.8036,0.1796,-0.349,0.1301,0,0,0,0,0,0,1,1228.0,1660.0,1605.0,1,1,1,shovel_guard,REVERSE,RECOVER_FORWARD,WAIT,REVERSE,,IR_UNCLASSIFIED,,,,,IDLE,,,0,0,225,no_target,铲子悬空确认，倒车收回,-400,-400,1
38.793,522.0,1036.0,816.0,572.0,0.0836,0.8016,0.1675,-0.3456,0.1255,0,0,0,0,0,0,1,1338.0,1754.0,1624.0,1,1,1,shovel_guard,REVERSE,RECOVER_FORWARD,WAIT,REVERSE,,IR_UNCLASSIFIED,,,,,IDLE,,,0,0,225,no_target,铲子悬空确认，倒车收回,-400,-400,1
38.814,523.0,1049.0,821.0,574.0,0.0867,0.8016,0.1675,-0.3456,0.1271,0,0,0,0,0,0,1,1354.0,1870.0,1595.0,1,1,1,shovel_guard,REVERSE,RECOVER_FORWARD,WAIT,REVERSE,,IR_UNCLASSIFIED,,,,,IDLE,,,0,0,225,no_target,铲子悬空确认，倒车收回,-400,-400,1
38.834,519.0,1048.0,824.0,570.0,0.0867,0.8254,0.1796,-0.3456,0.1331,0,0,0,0,0,0,1,1277.0,1797.0,1580.0,1,1,1,shovel_guard,REVERSE,RECOVER_FORWARD,WAIT,REVERSE,,IR_UNCLASSIFIED,,,,,IDLE,,,0,0,225,no_target,铲子悬空确认，倒车收回,-400,-400,1
38.858,517.0,1066.0,837.0,573.0,0.0774,0.8274,0.1869,-0.3423,0.1321,0,0,0,0,0,0,1,1358.0,1843.0,1561.0,1,1,1,shovel_guard,REVERSE,RECOVER_FORWARD,WAIT,REVERSE,,IR_UNCLASSIFIED,,,,,IDLE,,,0,0,225,no_target,铲子悬空确认，倒车收回,-400,-400,1
38.879,514.0,1085.0,852.0,572.0,0.0712,0.8611,0.2184,-0.3456,0.1448,0,0,0,0,0,0,1,1259.0,1630.0,1485.0,1,1,1,shovel_guard,REVERSE,RECOVER_FORWARD,WAIT,REVERSE,,IR_UNCLASSIFIED,,,,,IDLE,,,0,0,225,no_target,铲子悬空确认，倒车收回,-400,-400,1
38.899,509.0,1107.0,870.0,571.0,0.0619,0.8988,0.2549,-0.3456,0.1584,0,0,0,0,0,0,1,1380.0,1600.0,1469.0,1,1,1,shovel_guard,REVERSE,RECOVER_FORWARD,WAIT,REVERSE,,IR_UNCLASSIFIED,,,,,IDLE,,,0,0,225,no_target,铲子悬空确认，倒车收回,-400,-400,1
38.919,498.0,1114.0,879.0,571.0,0.0464,0.9425,0.2985,-0.349,0.1725,0,0,0,0,0,0,1,1348.0,2021.0,1440.0,1,1,1,shovel_guard,REVERSE,RECOVER_FORWARD,WAIT,REVERSE,,IR_UNCLASSIFIED,,,,,IDLE,,,0,0,225,no_target,铲子悬空确认，倒车收回,-400,-400,1
38.939,484.0,1106.0,880.0,579.0,0.0124,0.9425,0.3204,-0.349,0.1664,0,0,0,0,0,0,1,1362.0,1630.0,1408.0,1,1,1,shovel_guard,REVERSE,RECOVER_FORWARD,WAIT,REVERSE,,IR_UNCLASSIFIED,,,,,IDLE,,,0,0,225,no_target,铲子悬空确认，倒车收回,-400,-400,1
38.96,474.0,1101.0,876.0,580.0,-0.031,0.9405,0.3204,-0.3221,0.1447,0,0,0,0,0,0,1,1304.0,1600.0,1470.0,1,1,1,shovel_guard,REVERSE,RECOVER_FORWARD,WAIT,REVERSE,,IR_UNCLASSIFIED,,,,,IDLE,,,0,0,225,no_target,铲子悬空确认，倒车收回,-400,-400,1
38.98,471.0,1089.0,869.0,619.0,-0.0619,0.9306,0.3131,-0.3188,0.1256,0,0,0,0,0,0,1,1287.0,1597.0,1499.0,1,1,1,shovel_guard,REVERSE,RECOVER_FORWARD,WAIT,REVERSE,,IR_UNCLASSIFIED,,,,,IDLE,,,0,0,,stale,铲子悬空确认，倒车收回,-400,-400,1
39.0,480.0,1079.0,851.0,641.0,-0.0619,0.9067,0.2961,-0.1879,0.1171,0,0,0,0,0,0,1,1228.0,2240.0,1485.0,1,1,1,shovel_guard,REVERSE,RECOVER_FORWARD,WAIT,REVERSE,,IR_UNCLASSIFIED,,,,,IDLE,,,0,0,,stale,铲子悬空确认，倒车收回,-400,-400,1
39.021,480.0,1079.0,851.0,641.0,-0.0433,0.8869,0.2524,-0.1141,0.1045,0,0,0,0,0,0,1,1228.0,2240.0,1485.0,1,1,1,shovel_guard,REVERSE,RECOVER_FORWARD,WAIT,REVERSE,,IR_UNCLASSIFIED,,,,,IDLE,,,0,0,,stale,铲子悬空确认，倒车收回,-400,-400,1
39.041,493.0,1062.0,836.0,653.0,-0.0433,0.8869,0.2524,-0.1141,0.1045,0,0,0,0,0,0,1,1179.0,1629.0,1548.0,1,1,1,shovel_guard,REVERSE,RECOVER_FORWARD,WAIT,REVERSE,,IR_UNCLASSIFIED,,,,,IDLE,,,0,0,,stale,铲子悬空确认，倒车收回,-400,-400,1
39.061,499.0,1032.0,813.0,661.0,-0.0031,0.8532,0.216,-0.0738,0.1065,0,0,0,0,0,0,1,1145.0,1661.0,1625.0,1,1,1,shovel_guard,REVERSE,RECOVER_FORWARD,WAIT,REVERSE,,IR_UNCLASSIFIED,,,,,IDLE,,,0,0,,stale,铲子悬空确认，倒车收回,-400,-400,1
39.081,499.0,1007.0,801.0,686.0,0.0155,0.7937,0.1602,-0.047,0.0878,0,0,0,0,0,0,1,852.0,1883.0,1640.0,1,1,1,shovel_guard,REVERSE,RECOVER_FORWARD,WAIT,REVERSE,,IR_UNCLASSIFIED,,,,,IDLE,,,0,0,,stale,铲子悬空确认，倒车收回,-400,-400,1
39.101,502.0,1006.0,800.0,745.0,0.0155,0.744,0.1311,0.0369,0.084,0,0,0,0,0,0,1,871.0,1675.0,1684.0,1,1,1,shovel_guard,REVERSE,RECOVER_FORWARD,WAIT,REVERSE,,IR_UNCLASSIFIED,,,,,IDLE,,,0,0,,stale,铲子悬空确认，倒车收回,-400,-400,1
39.121,500.0,1008.0,790.0,759.0,0.0186,0.744,0.1286,0.2349,0.1818,0,0,0,0,0,0,1,889.0,1660.0,1745.0,1,1,1,shovel_guard,REVERSE,RECOVER_FORWARD,WAIT,REVERSE,,IR_UNCLASSIFIED,,,,,IDLE,,,0,0,,stale,铲子悬空确认，倒车收回,-400,-400,1
39.142,499.0,1011.0,792.0,753.0,0.0186,0.746,0.1092,0.2617,0.1855,0,0,0,0,0,0,1,787.0,1416.0,1747.0,1,1,1,shovel_guard,REVERSE,RECOVER_FORWARD,WAIT,REVERSE,,IR_UNCLASSIFIED,,,,,IDLE,,,0,0,226,no_target,铲子悬空确认，倒车收回,-400,-400,1
39.162,506.0,1010.0,795.0,755.0,0.0186,0.75,0.1092,0.2685,0.1888,0,0,0,0,0,0,1,895.0,22.0,1739.0,1,1,1,shovel_guard,REVERSE,RECOVER_FORWARD,WAIT,REVERSE,,IR_UNCLASSIFIED,,,,,IDLE,,,0,0,226,no_target,铲子悬空确认，倒车收回,-400,-400,1
39.182,507.0,996.0,778.0,762.0,0.0372,0.75,0.1092,0.2685,0.1888,0,0,0,0,0,0,1,817.0,22.0,1723.0,1,1,1,shovel_guard,REVERSE,RECOVER_FORWARD,WAIT,REVERSE,,IR_UNCLASSIFIED,,,,,IDLE,,,0,0,226,no_target,铲子悬空确认，倒车收回,-400,-400,1
39.203,515.0,1027.0,780.0,776.0,0.0402,0.75,0.0801,0.2919,0.186,0,0,0,0,0,0,1,797.0,22.0,1678.0,1,1,1,shovel_guard,REVERSE,RECOVER_FORWARD,WAIT,REVERSE,,IR_UNCLASSIFIED,,,,,IDLE,,,0,0,226,no_target,铲子悬空确认，倒车收回,-400,-400,1
39.223,516.0,1066.0,802.0,775.0,0.065,0.7837,0.0801,0.3356,0.2078,0,0,0,0,0,0,1,763.0,22.0,1664.0,1,1,1,shovel_guard,REVERSE,RECOVER_FORWARD,WAIT,REVERSE,,IR_UNCLASSIFIED,,,,,IDLE,,,0,0,226,no_target,铲子悬空确认，倒车收回,-400,-400,1
39.243,508.0,1093.0,834.0,766.0,0.065,0.8611,0.1335,0.3356,0.2345,0,0,0,0,0,0,1,707.0,22.0,1628.0,1,1,1,shovel_guard,REVERSE,RECOVER_FORWARD,WAIT,REVERSE,,IR_UNCLASSIFIED,,,,,IDLE,,,0,0,226,no_target,铲子悬空确认，倒车收回,-400,-400,1
39.263,504.0,1118.0,865.0,750.0,0.0433,0.9147,0.2112,0.3054,0.2583,0,0,0,0,0,0,1,687.0,22.0,1602.0,1,1,1,shovel_guard,REVERSE,RECOVER_FORWARD,WAIT,REVERSE,,IR_UNCLASSIFIED,,,,,IDLE,,,0,0,226,no_target,铲子悬空确认，倒车收回,-400,-400,1
39.283,514.0,1136.0,894.0,743.0,0.0433,0.9643,0.2864,0.2517,0.269,0,0,0,0,0,0,1,653.0,23.0,1495.0,1,1,1,shovel_guard,REVERSE,RECOVER_FORWARD,WAIT,REVERSE,,IR_UNCLASSIFIED,,,,,IDLE,,,0,0,227,no_target,铲子悬空确认，倒车收回,-400,-400,1
39.303,523.0,1157.0,903.0,732.0,0.0619,1.0,0.3568,0.2282,0.2925,0,0,0,0,0,0,1,638.0,22.0,1445.0,1,1,1,shovel_guard,REVERSE,RECOVER_FORWARD,WAIT,REVERSE,,IR_UNCLASSIFIED,,,,,IDLE,,,0,0,227,no_target,铲子悬空确认，倒车收回,-400,-400,1
39.323,527.0,1146.0,899.0,722.0,0.0898,1.0198,0.3689,0.1913,0.2801,0,0,0,0,0,0,1,562.0,29.0,1425.0,1,1,1,shovel_guard,REVERSE,RECOVER_FORWARD,WAIT,REVERSE,,IR_UNCLASSIFIED,,,,,IDLE,,,0,0,227,no_target,铲子悬空确认，倒车收回,-400,-400,1
39.344,530.0,1155.0,902.0,725.0,0.1022,1.0377,0.3762,0.1678,0.272,0,0,0,0,0,0,1,563.0,358.0,1419.0,1,1,1,shovel_guard,REVERSE,RECOVER_FORWARD,WAIT,REVERSE,,IR_UNCLASSIFIED,,,,,IDLE,,,0,0,227,no_target,铲子悬空确认，倒车收回,-400,-400,1
39.364,523.0,1177.0,914.0,743.0,0.1022,1.0377,0.3762,0.1678,0.272,0,0,0,0,0,0,1,553.0,22.0,1463.0,1,1,1,shovel_guard,REVERSE,RECOVER_FORWARD,WAIT,REVERSE,,IR_UNCLASSIFIED,,,,,IDLE,,,0,0,227,no_target,铲子悬空确认，倒车收回,-400,-400,1
39.384,538.0,1154.0,915.0,742.0,0.1115,1.0377,0.4053,0.2248,0.3151,0,0,0,0,0,0,1,494.0,22.0,1453.0,1,1,1,shovel_guard,REVERSE,RECOVER_FORWARD,WAIT,REVERSE,,IR_UNCLASSIFIED,,,,,IDLE,,,0,0,227,no_target,铲子悬空确认，倒车收回,-400,-400,1
39.404,540.0,1159.0,924.0,761.0,0.1362,1.0456,0.4078,0.2282,0.318,0,0,0,0,0,0,1,479.0,33.0,1432.0,1,1,1,shovel_guard,REVERSE,RECOVER_FORWARD,WAIT,REVERSE,,IR_UNCLASSIFIED,,,,,IDLE,,,0,0,227,no_target,铲子悬空确认，倒车收回,-400,-400,1
39.424,541.0,1186.0,935.0,770.0,0.1424,1.0456,0.4296,0.2886,0.3591,0,0,0,0,0,0,1,462.0,22.0,1402.0,1,1,1,shovel_guard,REVERSE,RECOVER_FORWARD,WAIT,REVERSE,,IR_UNCLASSIFIED,,,,,IDLE,,,0,0,228,no_target,铲子悬空确认，倒车收回,-400,-400,1
39.444,546.0,1180.0,935.0,753.0,0.1455,1.0873,0.4563,0.2886,0.3725,0,0,0,0,0,0,1,453.0,22.0,1400.0,1,1,1,shovel_guard,REVERSE,RECOVER_FORWARD,WAIT,REVERSE,,IR_UNCLASSIFIED,,,,,IDLE,,,0,0,228,no_target,铲子悬空确认，倒车收回,-400,-400,1
39.464,552.0,1179.0,940.0,769.0,0.161,1.0873,0.4563,0.3154,0.3859,0,0,0,0,0,0,1,411.0,22.0,1415.0,1,1,1,shovel_guard,REVERSE,RECOVER_FORWARD,WAIT,REVERSE,,IR_UNCLASSIFIED,,,,,IDLE,,,0,0,228,no_target,铲子悬空确认，倒车收回,-400,-400,1
39.485,545.0,1177.0,952.0,778.0,0.161,1.0853,0.4684,0.3154,0.3919,0,0,0,0,0,0,1,394.0,34.0,1417.0,1,1,1,shovel_guard,REVERSE,RECOVER_FORWARD,WAIT,REVERSE,,IR_UNCLASSIFIED,,,,,IDLE,,,0,0,228,no_target,铲子悬空确认，倒车收回,-400,-400,1
39.505,545.0,1179.0,945.0,777.0,0.1579,1.0853,0.4806,0.3423,0.4114,0,0,0,0,0,0,1,393.0,30.0,1402.0,1,1,1,shovel_guard,REVERSE,RECOVER_FORWARD,WAIT,REVERSE,,IR_UNCLASSIFIED,,,,,IDLE,,,0,0,228,no_target,铲子悬空确认，倒车收回,-400,-400,1
39.525,545.0,1179.0,945.0,777.0,0.1579,1.0853,0.4806,0.3423,0.4114,0,0,0,0,0,0,1,393.0,30.0,1402.0,1,1,1,shovel_guard,REVERSE,RECOVER_FORWARD,WAIT,REVERSE,,IR_UNCLASSIFIED,,,,,IDLE,,,0,0,228,no_target,铲子悬空确认，倒车收回,-400,-400,1
39.545,547.0,1177.0,917.0,779.0,0.1579,1.0853,0.4806,0.3423,0.4114,0,0,0,0,0,0,1,377.0,23.0,1415.0,1,1,1,shovel_guard,REVERSE,RECOVER_FORWARD,WAIT,REVERSE,,IR_UNCLASSIFIED,,,,,IDLE,,,0,0,228,no_target,铲子悬空确认，倒车收回,-400,-400,1
39.565,558.0,1204.0,937.0,792.0,0.1641,1.0853,0.4612,0.349,0.4051,0,0,0,0,0,0,1,346.0,22.0,1413.0,1,1,1,shovel_guard,REVERSE,RECOVER_FORWARD,WAIT,REVERSE,,IR_UNCLASSIFIED,,,,,IDLE,,,0,0,229,no_target,铲子悬空确认，倒车收回,-400,-400,1
39.585,553.0,1245.0,944.0,772.0,0.1827,1.1349,0.4612,0.349,0.4051,0,0,0,0,0,0,1,346.0,24.0,1417.0,1,1,1,shovel_guard,REVERSE,RECOVER_FORWARD,WAIT,REVERSE,,IR_UNCLASSIFIED,,,,,IDLE,,,0,0,229,no_target,铲子悬空确认，倒车收回,-400,-400,1
39.606,560.0,1236.0,962.0,800.0,0.1981,1.1984,0.4782,0.3926,0.4354,0,0,0,0,0,0,1,328.0,35.0,1402.0,1,1,1,shovel_guard,REVERSE,RECOVER_FORWARD,WAIT,REVERSE,,IR_UNCLASSIFIED,,,,,IDLE,,,0,0,229,no_target,铲子悬空确认，倒车收回,-400,-400,1
39.626,574.0,1208.0,966.0,815.0,0.2043,1.1984,0.5218,0.4195,0.4707,0,0,0,0,0,0,1,307.0,23.0,1471.0,1,1,1,shovel_guard,REVERSE,RECOVER_FORWARD,WAIT,REVERSE,,IR_UNCLASSIFIED,,,,,IDLE,,,0,0,229,no_target,铲子悬空确认，倒车收回,-400,-400,1
39.646,581.0,1220.0,969.0,828.0,0.2477,1.1667,0.5316,0.4698,0.5007,0,0,0,0,0,0,1,295.0,22.0,1858.0,1,1,1,shovel_guard,REVERSE,RECOVER_FORWARD,WAIT,REVERSE,,IR_UNCLASSIFIED,,,,,IDLE,,,0,0,229,no_target,铲子悬空确认，倒车收回,-400,-400,1
39.666,582.0,1216.0,962.0,832.0,0.2693,1.1587,0.5316,0.5134,0.5225,0,0,0,0,0,0,1,296.0,34.0,1226.0,1,1,1,shovel_guard,REVERSE,RECOVER_FORWARD,WAIT,REVERSE,,IR_UNCLASSIFIED,,,,,IDLE,,,0,0,229,no_target,铲子悬空确认，倒车收回,-400,-400,1
39.687,588.0,1239.0,973.0,846.0,0.2724,1.1667,0.5388,0.5268,0.5328,0,0,0,0,0,0,1,295.0,29.0,1179.0,1,1,1,shovel_guard,REVERSE,RECOVER_FORWARD,WAIT,REVERSE,,IR_UNCLASSIFIED,,,,,IDLE,,,0,0,229,no_target,铲子悬空确认，倒车收回,-400,-400,1
39.707,586.0,1247.0,986.0,847.0,0.2848,1.2044,0.5485,0.5738,0.5612,0,0,0,0,0,0,1,281.0,23.0,1202.0,1,1,1,shovel_guard,REVERSE,RECOVER_FORWARD,WAIT,REVERSE,,IR_UNCLASSIFIED,,,,,IDLE,,,0,0,230,no_target,铲子悬空确认，倒车收回,-400,-400,1
39.727,588.0,1227.0,1000.0,855.0,0.291,1.2044,0.5801,0.5772,0.5786,0,0,0,0,0,0,1,282.0,49.0,1211.0,1,1,1,shovel_guard,REVERSE,RECOVER_FORWARD,WAIT,REVERSE,,IR_UNCLASSIFIED,,,,,IDLE,,,0,0,230,no_target,铲子悬空确认，倒车收回,-400,-400,1
39.747,602.0,1273.0,1004.0,860.0,0.3344,1.2718,0.6238,0.6208,0.6223,0,0,0,0,0,0,1,259.0,29.0,1195.0,1,0,0,patrol,WARMUP,WARMUP,WAIT,IDLE,,IR_UNCLASSIFIED,,,,,IDLE,,,0,0,230,no_target,等待滤波窗口,0,0,1
39.767,587.0,1272.0,993.0,857.0,0.2879,1.2698,0.5971,0.6107,0.6039,0,0,0,0,0,0,1,250.0,23.0,1207.0,1,0,0,reentry,SENSOR_STOP,WARMUP,SENSOR_STOP,IDLE,,IDLE,,,,,IDLE,,,0,0,230,no_target,传感器无效或数据过期,0,0,1
39.787,596.0,1280.0,969.0,859.0,0.3019,1.2778,0.568,0.6141,0.591,0,0,0,0,0,0,1,233.0,23.0,1208.0,1,0,0,reentry,SENSOR_STOP,EDGE_AVOID,SENSOR_STOP,IDLE,,IDLE,,,,,IDLE,,,0,0,230,no_target,传感器无效或数据过期,0,0,1
39.807,603.0,1289.0,996.0,866.0,0.3375,1.3036,0.6044,0.6409,0.6227,0,0,0,0,0,0,1,216.0,23.0,1163.0,1,0,0,patrol,WARMUP,WARMUP,WAIT,IDLE,,IDLE,,,,,IDLE,,,0,0,230,no_target,等待滤波窗口,0,0,1
39.827,600.0,1285.0,1010.0,861.0,0.3328,1.2996,0.6214,0.6326,0.627,0,0,0,0,0,0,1,247.0,23.0,1211.0,1,0,0,patrol,WARMUP,WARMUP,WAIT,IDLE,,IDLE,,,,,IDLE,,,0,0,230,no_target,等待滤波窗口,0,0,1
39.848,603.0,1313.0,1024.0,872.0,0.3375,1.3036,0.6383,0.6409,0.6396,0,0,0,0,0,0,1,211.0,261.0,1192.0,1,1,0,patrol,EDGE_AVOID,EDGE_AVOID,WAIT,IDLE,,IDLE,,,,,IDLE,,,0,0,230,no_target,前向灰度趋势变暗，提前离边,-400,-400,1
39.868,610.0,1322.0,1029.0,879.0,0.3375,1.3512,0.6723,0.6611,0.6667,0,0,0,0,0,0,1,232.0,23.0,1223.0,1,1,0,patrol,EDGE_AVOID,EDGE_AVOID,WAIT,IDLE,,IDLE,,,,,IDLE,,,0,0,231,no_target,前向灰度趋势变暗，提前离边,-400,-400,1
39.888,611.0,1300.0,1024.0,879.0,0.3591,1.3512,0.6723,0.6846,0.6784,0,0,0,0,0,0,1,201.0,247.0,1196.0,1,1,0,patrol,EDGE_AVOID,EDGE_AVOID,WAIT,IDLE,,IDLE,,,,,IDLE,,,0,0,231,no_target,前向灰度趋势变暗，提前离边,-400,-400,1
39.908,609.0,1304.0,1025.0,871.0,0.3591,1.3333,0.6748,0.6846,0.6797,0,0,0,0,0,0,1,198.0,22.0,1193.0,1,1,0,patrol,EDGE_AVOID,EDGE_AVOID,WAIT,IDLE,,IDLE,,,,,IDLE,,,0,0,231,no_target,前向灰度趋势变暗，提前离边,-400,-400,1
39.928,604.0,1289.0,1014.0,869.0,0.356,1.3254,0.6723,0.6577,0.665,0,0,0,0,0,0,1,212.0,23.0,1209.0,1,1,0,patrol,EDGE_AVOID,EDGE_AVOID,WAIT,IDLE,,IDLE,,,,,IDLE,,,0,0,231,no_target,前向灰度趋势变暗，提前离边,-400,-400,1
39.948,610.0,1302.0,1024.0,881.0,0.356,1.3294,0.6723,0.6577,0.665,0,0,0,0,0,0,1,200.0,26.0,1210.0,1,1,0,patrol,EDGE_AVOID,EDGE_AVOID,WAIT,IDLE,,IDLE,,,,,IDLE,,,0,0,231,no_target,前向灰度趋势变暗，提前离边,-400,-400,1
39.969,610.0,1304.0,1022.0,883.0,0.3591,1.3294,0.6675,0.6913,0.6794,0,0,0,0,0,0,1,201.0,23.0,1164.0,1,1,0,patrol,EDGE_AVOID,EDGE_AVOID,WAIT,IDLE,,IDLE,,,,,IDLE,,,0,0,231,no_target,前向灰度趋势变暗，提前离边,-400,-400,1
39.989,611.0,1294.0,1027.0,899.0,0.3591,1.3294,0.6723,0.698,0.6852,0,0,0,0,0,0,1,200.0,23.0,1145.0,1,1,0,patrol,EDGE_AVOID,EDGE_AVOID,WAIT,IDLE,,IDLE,,,,,IDLE,,,0,0,231,no_target,前向灰度趋势变暗，提前离边,-400,-400,1
40.009,609.0,1289.0,1030.0,892.0,0.3591,1.3135,0.6796,0.7282,0.7039,0,0,0,0,0,0,1,181.0,23.0,1160.0,1,1,0,patrol,EDGE_AVOID,EDGE_AVOID,WAIT,IDLE,,IDLE,,,,,IDLE,,,0,0,231,no_target,前向灰度趋势变暗，提前离边,-400,-400,1
40.029,624.0,1301.0,1031.0,877.0,0.3622,1.3135,0.6869,0.7282,0.7075,0,0,0,0,0,0,1,183.0,23.0,1148.0,1,1,0,patrol,EDGE_AVOID,EDGE_AVOID,WAIT,IDLE,,IDLE,,,,,IDLE,,,0,0,232,no_target,前向灰度趋势变暗，提前离边,-400,-400,1
40.049,641.0,1312.0,1032.0,884.0,0.4025,1.3274,0.6893,0.7013,0.6953,0,0,0,0,0,0,1,184.0,26.0,1243.0,1,1,0,patrol,EDGE_AVOID,EDGE_AVOID,WAIT,IDLE,,IDLE,,,,,IDLE,,,0,0,232,no_target,前向灰度趋势变暗，提前离边,-400,-400,1
40.069,641.0,1312.0,1032.0,884.0,0.4551,1.3492,0.6917,0.7013,0.6965,0,0,0,0,0,0,1,184.0,26.0,1243.0,1,1,0,patrol,EDGE_AVOID,EDGE_AVOID,WAIT,IDLE,,IDLE,,,,,IDLE,,,0,0,232,no_target,前向灰度趋势变暗，提前离边,-400,-400,1
40.089,641.0,1312.0,1036.0,880.0,0.4551,1.3492,0.6917,0.7013,0.6965,0,0,0,0,0,0,1,164.0,34.0,1148.0,1,1,0,patrol,EDGE_AVOID,EDGE_AVOID,WAIT,IDLE,,IDLE,,,,,IDLE,,,0,0,232,no_target,前向灰度趋势变暗，提前离边,-400,-400,1
40.109,631.0,1311.0,1044.0,865.0,0.4551,1.3492,0.7015,0.6879,0.6947,0,0,0,0,0,0,1,166.0,278.0,1145.0,1,1,0,patrol,EDGE_AVOID,EDGE_AVOID,WAIT,IDLE,,IDLE,,,,,IDLE,,,0,0,232,no_target,前向灰度趋势变暗，提前离边,-400,-400,1
40.129,629.0,1305.0,1038.0,874.0,0.4241,1.3472,0.7063,0.6678,0.687,0,0,0,0,0,0,1,168.0,279.0,1134.0,1,1,0,patrol,EDGE_AVOID,EDGE_AVOID,WAIT,IDLE,,IDLE,,,,,IDLE,,,0,0,232,no_target,前向灰度趋势变暗，提前离边,-400,-400,1
40.15,636.0,1304.0,1037.0,874.0,0.4241,1.3353,0.7063,0.6678,0.687,0,0,0,0,0,0,1,177.0,23.0,1117.0,1,1,0,patrol,EDGE_AVOID,EDGE_AVOID,WAIT,IDLE,,IDLE,,,,,IDLE,,,0,0,232,no_target,前向灰度趋势变暗，提前离边,-400,-400,1
40.17,633.0,1292.0,1040.0,875.0,0.4303,1.3333,0.7063,0.6678,0.687,0,0,0,0,0,0,1,172.0,474.0,1101.0,1,1,0,patrol,EDGE_AVOID,EDGE_AVOID,WAIT,IDLE,,IDLE,,,,,IDLE,,,0,0,233,target,前向灰度趋势变暗，提前离边,-400,-400,1
40.19,640.0,1310.0,1050.0,892.0,0.4396,1.3333,0.7112,0.6711,0.6912,0,0,0,0,0,0,1,149.0,277.0,1100.0,1,1,0,patrol,EDGE_AVOID,EDGE_AVOID,WAIT,IDLE,,IDLE,,,,,IDLE,,,0,0,233,target,前向灰度趋势变暗，提前离边,-400,-400,1
40.21,648.0,1328.0,1056.0,898.0,0.452,1.3452,0.7354,0.7282,0.7318,0,0,0,0,0,0,1,151.0,24.0,1053.0,1,1,0,patrol,EDGE_AVOID,EDGE_AVOID,WAIT,IDLE,,IDLE,,,,,IDLE,,,0,0,233,target,前向灰度趋势变暗，提前离边,-400,-400,1
40.23,640.0,1313.0,1065.0,891.0,0.452,1.3512,0.75,0.7282,0.7391,0,0,0,0,0,0,1,140.0,23.0,1098.0,1,1,0,patrol,EDGE_AVOID,EDGE_AVOID,WAIT,IDLE,,IDLE,,,,,IDLE,,,0,0,233,target,前向灰度趋势变暗，提前离边,-400,-400,1
40.251,635.0,1324.0,1082.0,892.0,0.452,1.373,0.7718,0.7282,0.75,0,0,0,0,0,0,1,131.0,23.0,1050.0,1,1,0,patrol,EDGE_AVOID,EDGE_AVOID,WAIT,IDLE,,IDLE,,,,,IDLE,,,0,0,233,target,前向灰度趋势变暗，提前离边,-400,-400,1
40.271,657.0,1327.0,1078.0,904.0,0.452,1.373,0.8034,0.7282,0.7658,0,0,0,0,0,0,1,117.0,23.0,1069.0,1,1,0,patrol,EDGE_AVOID,EDGE_AVOID,WAIT,IDLE,,IDLE,,,,,IDLE,,,0,0,233,target,前向灰度趋势变暗，提前离边,-400,-400,1
40.291,661.0,1328.0,1085.0,905.0,0.5046,1.379,0.8131,0.7685,0.7908,0,0,0,0,0,0,1,135.0,23.0,1054.0,1,1,0,patrol,EDGE_AVOID,EDGE_AVOID,WAIT,IDLE,,IDLE,,,,,IDLE,,,0,0,233,target,前向灰度趋势变暗，提前离边,-400,-400,1
40.311,668.0,1345.0,1085.0,896.0,0.517,1.381,0.8204,0.7685,0.7944,0,0,0,0,0,0,1,133.0,26.0,1066.0,1,1,0,patrol,EDGE_AVOID,EDGE_AVOID,WAIT,IDLE,,IDLE,,,,,IDLE,,,0,0,234,target,前向灰度趋势变暗，提前离边,-400,-400,1
40.331,677.0,1360.0,1077.0,900.0,0.5387,1.4147,0.8204,0.755,0.7877,0,0,0,0,0,0,1,129.0,27.0,1052.0,1,1,0,patrol,EDGE_AVOID,EDGE_AVOID,WAIT,IDLE,,IDLE,,,,,IDLE,,,0,0,234,target,前向灰度趋势变暗，提前离边,-400,-400,1
40.351,680.0,1378.0,1072.0,916.0,0.5666,1.4444,0.801,0.755,0.778,0,0,0,0,0,0,1,117.0,45.0,1021.0,1,1,0,patrol,EDGE_AVOID,EDGE_AVOID,WAIT,IDLE,,IDLE,,,,,IDLE,,,0,0,234,target,前向灰度趋势变暗，提前离边,-400,-400,1
40.371,685.0,1388.0,1081.0,911.0,0.5759,1.4802,0.801,0.7919,0.7965,0,0,0,0,0,0,1,117.0,393.0,1055.0,1,1,0,patrol,EDGE_AVOID,EDGE_AVOID,WAIT,IDLE,,IDLE,,,,,IDLE,,,0,0,234,target,前向灰度趋势变暗，提前离边,-400,-400,1
40.392,688.0,1395.0,1094.0,916.0,0.5913,1.5,0.8107,0.8087,0.8097,0,0,0,0,0,0,1,116.0,23.0,1065.0,1,1,0,patrol,EDGE_AVOID,EDGE_AVOID,WAIT,IDLE,,IDLE,,,,,IDLE,,,0,0,234,target,前向灰度趋势变暗，提前离边,-400,-400,1
40.412,694.0,1401.0,1092.0,916.0,0.6006,1.5139,0.8374,0.8087,0.8231,0,0,0,0,0,0,1,133.0,177.0,1053.0,1,1,0,patrol,EDGE_AVOID,EDGE_AVOID,WAIT,IDLE,,IDLE,,,,,IDLE,,,0,0,234,target,前向灰度趋势变暗，提前离边,-400,-400,1
40.432,695.0,1418.0,1096.0,924.0,0.6192,1.5258,0.8422,0.8087,0.8255,0,0,0,0,0,0,1,101.0,193.0,1054.0,1,1,0,patrol,EDGE_AVOID,EDGE_AVOID,WAIT,IDLE,,IDLE,,,,,IDLE,,,0,0,234,target,前向灰度趋势变暗，提前离边,-400,-400,1
40.452,700.0,1425.0,1102.0,919.0,0.6223,1.5595,0.8471,0.8188,0.8329,0,0,0,0,0,0,1,135.0,395.0,1054.0,1,1,0,patrol,EDGE_TURN,EDGE_TURN,WAIT,IDLE,,IDLE,,,,,IDLE,,right,0,0,235,no_target,直线退离完成，开始转向,550,-550,1
40.472,703.0,1435.0,1118.0,923.0,0.6378,1.5734,0.8617,0.8322,0.8469,0,0,0,0,0,0,1,81.0,247.0,1053.0,1,1,0,patrol,EDGE_TURN,EDGE_TURN,WAIT,IDLE,,IDLE,,,,,IDLE,,right,0,0,235,no_target,直线退离完成，开始转向,550,-550,1
40.492,701.0,1440.0,1117.0,923.0,0.6409,1.5933,0.8981,0.8322,0.8651,0,0,0,0,0,0,1,98.0,262.0,1038.0,1,1,0,patrol,EDGE_TURN,EDGE_TURN,WAIT,IDLE,,IDLE,,,,,IDLE,,right,0,0,235,no_target,直线退离完成，开始转向,550,-550,1
40.513,699.0,1441.0,1125.0,931.0,0.6409,1.6032,0.9005,0.8322,0.8664,0,0,0,0,0,0,1,84.0,294.0,1039.0,1,1,0,patrol,EDGE_TURN,EDGE_TURN,WAIT,IDLE,,IDLE,,,,,IDLE,,right,0,0,235,no_target,直线退离完成，开始转向,550,-550,1
40.533,701.0,1446.0,1133.0,930.0,0.6409,1.6052,0.9175,0.8557,0.8866,0,0,0,0,0,0,1,69.0,670.0,1056.0,1,1,0,patrol,EDGE_TURN,EDGE_TURN,WAIT,IDLE,,IDLE,,,,,IDLE,,right,0,0,235,no_target,直线退离完成，开始转向,550,-550,1
40.553,713.0,1459.0,1142.0,940.0,0.6409,1.6151,0.9369,0.8591,0.898,0,0,0,0,0,0,1,51.0,313.0,1037.0,1,1,0,patrol,EDGE_TURN,EDGE_TURN,WAIT,IDLE,,IDLE,,,,,IDLE,,right,0,0,235,no_target,直线退离完成，开始转向,550,-550,1
40.573,711.0,1467.0,1143.0,940.0,0.6718,1.6409,0.9587,0.8893,0.924,0,0,0,0,0,0,1,63.0,178.0,1022.0,1,1,0,patrol,EDGE_TURN,EDGE_TURN,WAIT,IDLE,,IDLE,,,,,IDLE,,right,0,0,235,no_target,直线退离完成，开始转向,550,-550,1
40.593,714.0,1472.0,1137.0,942.0,0.678,1.6567,0.9587,0.8893,0.924,0,0,0,0,0,0,1,15.0,193.0,1039.0,1,1,0,patrol,EDGE_TURN,EDGE_TURN,WAIT,IDLE,,IDLE,,,,,IDLE,,right,0,0,235,no_target,直线退离完成，开始转向,550,-550,1
40.613,713.0,1485.0,1149.0,959.0,0.678,1.6667,0.9612,0.896,0.9286,0,0,0,0,0,0,1,17.0,606.0,1038.0,1,1,0,patrol,EDGE_TURN,EDGE_TURN,WAIT,IDLE,,IDLE,,,,,IDLE,,right,0,0,236,target,直线退离完成，开始转向,550,-550,1
40.633,713.0,1485.0,1149.0,959.0,0.678,1.6925,0.9757,0.953,0.9644,0,0,0,0,0,0,1,17.0,606.0,1038.0,1,1,0,patrol,EDGE_TURN,EDGE_TURN,WAIT,IDLE,,IDLE,,,,,IDLE,,right,0,0,236,target,直线退离完成，开始转向,550,-550,1
40.654,713.0,1490.0,1156.0,959.0,0.678,1.6925,0.9757,0.953,0.9644,0,0,0,0,0,0,1,-5.0,313.0,1038.0,1,1,0,patrol,EDGE_TURN,EDGE_TURN,WAIT,IDLE,,IDLE,,,,,IDLE,,right,0,0,236,target,直线退离完成，开始转向,550,-550,1
40.674,724.0,1497.0,1163.0,961.0,0.678,1.7024,0.9927,0.953,0.9729,0,0,0,0,0,0,1,-3.0,661.0,1040.0,1,1,0,patrol,EDGE_TURN,EDGE_TURN,WAIT,IDLE,,IDLE,,,,,IDLE,,right,0,0,236,target,直线退离完成，开始转向,550,-550,1
40.694,729.0,1493.0,1169.0,978.0,0.7121,1.7083,1.0097,0.9597,0.9847,0,0,0,0,0,0,1,-3.0,361.0,1040.0,1,1,0,patrol,EDGE_TURN,EDGE_TURN,WAIT,IDLE,,IDLE,,,,,IDLE,,right,0,0,236,target,直线退离完成，开始转向,550,-550,1
40.714,735.0,1513.0,1176.0,986.0,0.7276,1.7163,1.0243,1.0168,1.0205,0,0,0,0,0,0,1,-4.0,1090.0,1025.0,1,1,0,patrol,EDGE_TURN,EDGE_TURN,WAIT,IDLE,,IDLE,,,,,IDLE,,right,0,0,236,target,直线退离完成，开始转向,550,-550,1
40.734,736.0,1513.0,1181.0,1000.0,0.7461,1.748,1.0413,1.0436,1.0424,0,0,0,0,0,0,1,-4.0,178.0,1021.0,1,1,0,patrol,EDGE_TURN,EDGE_TURN,WAIT,IDLE,,IDLE,,,,,IDLE,,right,0,0,236,target,直线退离完成，开始转向,550,-550,1
40.755,738.0,1510.0,1173.0,1011.0,0.7492,1.748,1.0413,1.0906,1.0659,0,0,0,0,0,0,1,-4.0,296.0,1024.0,1,1,0,patrol,EDGE_TURN,EDGE_TURN,WAIT,IDLE,,IDLE,,,,,IDLE,,right,0,0,237,no_target,直线退离完成，开始转向,550,-550,1
40.775,744.0,1523.0,1180.0,1026.0,0.7554,1.748,1.051,1.1275,1.0892,0,0,0,0,0,0,1,-5.0,312.0,1038.0,1,1,0,patrol,EDGE_TURN,EDGE_TURN,WAIT,IDLE,,IDLE,,,,,IDLE,,right,0,0,237,no_target,直线退离完成，开始转向,550,-550,1
40.795,743.0,1536.0,1176.0,1033.0,0.7709,1.7679,1.0413,1.1779,1.1096,0,0,0,0,0,0,1,-7.0,573.0,1021.0,1,0,0,patrol,EDGE_TURN,EDGE_TURN,WAIT,IDLE,,IDLE,,,,,IDLE,,right,0,0,237,no_target,直线退离完成，开始转向,550,-550,1
40.815,750.0,1542.0,1177.0,1034.0,0.774,1.7937,1.0437,1.2013,1.1225,0,0,0,0,0,0,1,-13.0,346.0,1024.0,1,0,0,patrol,EDGE_TURN,EDGE_TURN,WAIT,IDLE,,IDLE,,,,,IDLE,,right,0,0,237,no_target,直线退离完成，开始转向,550,-550,1
40.835,758.0,1554.0,1180.0,1035.0,0.7926,1.8056,1.0437,1.2047,1.1242,0,0,0,0,0,0,1,-223.0,427.0,1040.0,1,0,0,patrol,EDGE_TURN,EDGE_TURN,WAIT,IDLE,,IDLE,,,,,IDLE,,right,0,0,237,no_target,直线退离完成，开始转向,550,-550,1
40.855,772.0,1561.0,1182.0,1050.0,0.8173,1.8294,1.051,1.2081,1.1295,0,0,0,0,0,0,1,-5.0,605.0,1005.0,1,0,0,patrol,EDGE_TURN,EDGE_TURN,WAIT,IDLE,,IDLE,,,,,IDLE,,right,0,0,237,no_target,直线退离完成，开始转向,550,-550,1
40.875,776.0,1564.0,1184.0,1054.0,0.8607,1.8433,1.0558,1.2584,1.1571,0,0,0,0,0,0,1,-5.0,686.0,1006.0,1,0,0,patrol,EDGE_TURN,EDGE_TURN,WAIT,IDLE,,IDLE,,,,,IDLE,,right,0,0,237,no_target,直线退离完成，开始转向,550,-550,1
40.896,781.0,1575.0,1194.0,1068.0,0.8731,1.8492,1.0607,1.2718,1.1662,0,0,0,0,0,0,1,-3.0,232.0,1024.0,1,0,0,patrol,EDGE_TURN,EDGE_TURN,WAIT,IDLE,,IDLE,,,,,IDLE,,right,0,0,238,no_target,直线退离完成，开始转向,550,-550,1
40.916,786.0,1584.0,1202.0,1081.0,0.8885,1.871,1.085,1.3188,1.2019,0,0,0,0,0,1,1,-3.0,737.0,1009.0,1,0,0,patrol,EDGE_TURN,EDGE_TURN,WAIT,IDLE,,IDLE,,,,,IDLE,,right,0,0,238,no_target,直线退离完成，开始转向,550,-550,1
40.936,782.0,1587.0,1196.0,1071.0,0.8916,1.8889,1.0898,1.3289,1.2093,0,0,0,0,0,0,1,-4.0,403.0,1004.0,1,0,0,patrol,EDGE_TURN,EDGE_TURN,WAIT,IDLE,,IDLE,,,,,IDLE,,right,0,0,238,no_target,直线退离完成，开始转向,550,-550,1
40.956,784.0,1595.0,1190.0,1077.0,0.8978,1.8948,1.0898,1.349,1.2194,0,0,0,0,0,0,1,4.0,240.0,1006.0,1,0,0,patrol,EDGE_TURN,EDGE_TURN,WAIT,IDLE,,IDLE,,,,,IDLE,,right,0,0,238,no_target,直线退离完成，开始转向,550,-550,1
40.976,785.0,1596.0,1186.0,1077.0,0.8978,1.9107,1.0752,1.349,1.2121,0,0,0,0,0,0,1,50.0,297.0,1024.0,1,0,0,patrol,EDGE_TURN,EDGE_TURN,WAIT,IDLE,,IDLE,,,,,IDLE,,right,0,0,238,no_target,直线退离完成，开始转向,550,-550,1
40.996,789.0,1592.0,1184.0,1075.0,0.9009,1.9107,1.0655,1.349,1.2073,0,0,0,0,0,0,1,182.0,720.0,1024.0,1,0,0,patrol,EDGE_TURN,EDGE_TURN,WAIT,IDLE,,IDLE,,,,,IDLE,,right,0,0,238,no_target,直线退离完成，开始转向,550,-550,1
41.016,798.0,1594.0,1181.0,1089.0,0.9133,1.9087,1.0607,1.349,1.2048,0,0,0,0,0,0,1,0.0,312.0,1019.0,1,0,0,patrol,EDGE_TURN,EDGE_TURN,WAIT,IDLE,,IDLE,,,,,IDLE,,right,0,0,238,no_target,直线退离完成，开始转向,550,-550,1
41.037,809.0,1601.0,1185.0,1096.0,0.9412,1.9087,1.0607,1.3893,1.225,0,0,0,0,0,0,1,22.0,344.0,1039.0,1,0,0,patrol,EDGE_TURN,EDGE_TURN,WAIT,IDLE,,IDLE,,,,,IDLE,,right,0,0,238,no_target,直线退离完成，开始转向,550,-550,1
41.057,800.0,1608.0,1181.0,1110.0,0.9474,1.9226,1.0534,1.4128,1.2331,0,0,0,0,0,0,1,-4.0,720.0,1024.0,1,0,0,patrol,EDGE_TURN,EDGE_TURN,WAIT,IDLE,,IDLE,,,,,IDLE,,right,0,0,239,no_target,直线退离完成，开始转向,550,-550,1
41.077,798.0,1605.0,1186.0,1110.0,0.9474,1.9306,1.0631,1.4597,1.2614,0,0,0,0,0,0,1,-3.0,280.0,1018.0,1,0,0,patrol,EDGE_TURN,EDGE_TURN,WAIT,IDLE,,IDLE,,,,,IDLE,,right,0,0,239,no_target,直线退离完成，开始转向,550,-550,1
41.097,806.0,1608.0,1195.0,1110.0,0.9474,1.9365,1.0655,1.4597,1.2626,0,0,0,0,0,0,1,33.0,687.0,1039.0,1,0,0,patrol,EDGE_TURN,EDGE_TURN,WAIT,IDLE,,IDLE,,,,,IDLE,,right,0,0,239,no_target,直线退离完成，开始转向,550,-550,1
41.117,819.0,1602.0,1190.0,1113.0,0.9659,1.9306,1.0752,1.4597,1.2675,0,0,0,0,0,0,1,23.0,264.0,1038.0,1,0,0,patrol,EDGE_TURN,EDGE_TURN,WAIT,IDLE,,IDLE,,,,,IDLE,,right,0,0,239,no_target,直线退离完成，开始转向,550,-550,1
41.137,829.0,1613.0,1199.0,1129.0,1.0062,1.9365,1.0874,1.4698,1.2786,0,0,0,0,0,0,1,-6.0,264.0,989.0,1,0,0,patrol,EDGE_TURN,EDGE_TURN,WAIT,IDLE,,IDLE,,,,,IDLE,,right,0,0,239,no_target,直线退离完成，开始转向,550,-550,1
41.158,829.0,1613.0,1199.0,1129.0,1.0372,1.9464,1.0971,1.5235,1.3103,0,0,0,0,0,0,1,-6.0,264.0,989.0,1,0,0,patrol,EDGE_TURN,EDGE_TURN,WAIT,IDLE,,IDLE,,,,,IDLE,,right,0,0,239,no_target,直线退离完成，开始转向,550,-550,1
41.178,833.0,1617.0,1200.0,1149.0,1.0372,1.9464,1.0971,1.5235,1.3103,0,0,0,0,0,0,1,-5.0,542.0,1038.0,1,0,0,patrol,EDGE_TURN,EDGE_TURN,WAIT,IDLE,,IDLE,,,,,IDLE,,right,0,0,239,no_target,直线退离完成，开始转向,550,-550,1
41.198,822.0,1605.0,1186.0,1154.0,1.0372,1.9464,1.0971,1.5906,1.3438,0,0,0,0,0,0,1,-4.0,771.0,1041.0,1,0,0,patrol,EDGE_TURN,EDGE_TURN,WAIT,IDLE,,IDLE,,,,,IDLE,,right,0,0,240,no_target,直线退离完成，开始转向,550,-550,1
41.218,829.0,1616.0,1198.0,1171.0,1.0372,1.9524,1.0947,1.6074,1.351,0,0,0,0,0,0,1,-4.0,313.0,1070.0,1,0,0,patrol,EDGE_TURN,EDGE_TURN,WAIT,IDLE,,IDLE,,,,,IDLE,,right,0,0,240,no_target,直线退离完成，开始转向,550,-550,1
41.239,829.0,1611.0,1191.0,1163.0,1.0372,1.9425,1.0777,1.6376,1.3576,0,0,0,0,0,0,1,464.0,496.0,1005.0,1,0,0,patrol,EDGE_TURN,EDGE_TURN,WAIT,IDLE,,IDLE,,,,,IDLE,,right,0,0,240,no_target,直线退离完成，开始转向,550,-550,1
41.259,832.0,1597.0,1188.0,1183.0,1.0372,1.9425,1.0777,1.6644,1.371,0,0,0,0,0,0,1,22.0,329.0,1278.0,1,0,0,patrol,RECOVER_FORWARD,RECOVER_FORWARD,WAIT,IDLE,,IDLE,,,,,IDLE,,,0,0,240,no_target,转向完成，向前离开边缘,400,400,1
41.279,839.0,1588.0,1185.0,1200.0,1.0464,1.9147,1.0704,1.7047,1.3875,0,0,0,0,0,0,1,149.0,291.0,1133.0,1,0,0,patrol,RECOVER_FORWARD,RECOVER_FORWARD,WAIT,IDLE,,IDLE,,,,,IDLE,,,0,0,240,no_target,转向完成，向前离开边缘,400,400,1
41.3,858.0,1614.0,1191.0,1219.0,1.0681,1.9147,1.0704,1.7617,1.4161,0,0,0,0,0,0,1,-83.0,362.0,1150.0,1,0,0,patrol,RECOVER_FORWARD,RECOVER_FORWARD,WAIT,IDLE,,IDLE,,,,,IDLE,,,0,0,240,no_target,转向完成，向前离开边缘,400,400,1
41.32,865.0,1609.0,1189.0,1208.0,1.1269,1.9385,1.0728,1.7886,1.4578,0,0,0,0,0,0,1,-142.0,378.0,1148.0,1,0,0,patrol,RECOVER_FORWARD,RECOVER_FORWARD,WAIT,IDLE,,IDLE,,,,,IDLE,,,0,0,240,no_target,转向完成，向前离开边缘,400,400,1
41.34,867.0,1609.0,1193.0,1217.0,1.1486,1.9385,1.0777,1.8188,1.4837,0,0,0,0,0,0,1,-33.0,362.0,1163.0,1,0,0,patrol,RECOVER_FORWARD,RECOVER_FORWARD,WAIT,IDLE,,IDLE,,,,,IDLE,,,0,0,241,no_target,转向完成，向前离开边缘,400,400,1
41.36,870.0,1604.0,1180.0,1228.0,1.1548,1.9385,1.0728,1.8188,1.4868,0,0,0,0,0,0,1,164.0,756.0,1167.0,1,0,0,patrol,RECOVER_FORWARD,RECOVER_FORWARD,WAIT,IDLE,,IDLE,,,,,IDLE,,,0,0,241,no_target,转向完成，向前离开边缘,400,400,1
41.381,876.0,1604.0,1178.0,1234.0,1.1641,1.9286,1.051,1.8557,1.5099,0,0,0,0,0,0,1,-34.0,787.0,1166.0,1,0,0,patrol,RECOVER_FORWARD,RECOVER_FORWARD,WAIT,IDLE,,IDLE,,,,,IDLE,,,0,0,241,no_target,转向完成，向前离开边缘,400,400,1
41.401,873.0,1601.0,1173.0,1233.0,1.1734,1.9286,1.0461,1.8725,1.5229,0,0,0,0,0,0,1,-5.0,772.0,1168.0,1,0,0,patrol,RECOVER_FORWARD,RECOVER_FORWARD,WAIT,IDLE,,IDLE,,,,,IDLE,,,0,0,241,no_target,转向完成，向前离开边缘,400,400,1
41.421,879.0,1611.0,1174.0,1239.0,1.1827,1.9286,1.0364,1.8758,1.5293,0,0,0,0,0,0,1,5.0,1139.0,1171.0,1,0,0,patrol,RECOVER_FORWARD,RECOVER_FORWARD,WAIT,IDLE,,IDLE,,,,,IDLE,,,0,0,241,no_target,转向完成，向前离开边缘,400,400,1
41.442,878.0,1605.0,1166.0,1237.0,1.1889,1.9306,1.034,1.8859,1.5374,0,0,0,0,0,0,1,-398.0,426.0,1165.0,1,0,0,patrol,RECOVER_FORWARD,RECOVER_FORWARD,WAIT,IDLE,,IDLE,,,,,IDLE,,,0,0,241,no_target,转向完成，向前离开边缘,400,400,1
41.462,885.0,1604.0,1167.0,1240.0,1.192,1.9306,1.0194,1.8926,1.5423,0,0,0,0,0,0,1,-311.0,162.0,1172.0,1,0,0,patrol,RECOVER_FORWARD,RECOVER_FORWARD,WAIT,IDLE,,IDLE,,,,,IDLE,,,0,0,241,no_target,转向完成，向前离开边缘,400,400,1
41.483,892.0,1616.0,1177.0,1244.0,1.2105,1.9306,1.0194,1.896,1.5532,0,0,0,0,0,0,1,15.0,378.0,1163.0,1,0,0,patrol,RECOVER_FORWARD,RECOVER_FORWARD,WAIT,IDLE,,IDLE,,,,,IDLE,,,0,0,242,no_target,转向完成，向前离开边缘,400,400,1
41.503,886.0,1604.0,1171.0,1233.0,1.2136,1.9286,1.0291,1.896,1.5548,0,0,0,0,0,0,1,-412.0,258.0,1149.0,1,0,0,patrol,RECOVER_FORWARD,RECOVER_FORWARD,WAIT,IDLE,,IDLE,,,,,IDLE,,,0,0,242,no_target,转向完成，向前离开边缘,400,400,1
41.523,884.0,1606.0,1181.0,1238.0,1.2136,1.9325,1.0437,1.8893,1.5514,0,0,0,0,0,0,1,-4.0,734.0,1135.0,1,0,0,patrol,RECOVER_FORWARD,RECOVER_FORWARD,WAIT,IDLE,,IDLE,,,,,IDLE,,,0,0,242,no_target,转向完成，向前离开边缘,400,400,1
41.543,881.0,1609.0,1180.0,1235.0,1.2074,1.9325,1.051,1.8792,1.5433,0,0,0,0,0,0,1,-1186.0,720.0,1132.0,1,0,0,patrol,RECOVER_FORWARD,RECOVER_FORWARD,WAIT,IDLE,,IDLE,,,,,IDLE,,,0,0,242,no_target,转向完成，向前离开边缘,400,400,1
41.563,881.0,1610.0,1179.0,1235.0,1.1981,1.9385,1.051,1.8792,1.5387,0,0,0,0,0,0,1,585.0,264.0,1133.0,1,0,0,patrol,RECOVER_FORWARD,RECOVER_FORWARD,WAIT,IDLE,,IDLE,,,,,IDLE,,,0,0,242,no_target,转向完成，向前离开边缘,400,400,1
41.583,885.0,1608.0,1180.0,1239.0,1.1981,1.9385,1.051,1.8792,1.5387,0,0,0,0,0,0,1,738.0,639.0,1103.0,1,0,0,patrol,RECOVER_FORWARD,RECOVER_FORWARD,WAIT,IDLE,,IDLE,,,,,IDLE,,,0,0,242,no_target,转向完成，向前离开边缘,400,400,1
41.603,888.0,1615.0,1180.0,1240.0,1.2105,1.9405,1.051,1.8926,1.5516,0,0,0,0,0,0,1,-5.0,296.0,1100.0,1,0,0,patrol,RECOVER_FORWARD,RECOVER_FORWARD,WAIT,IDLE,,IDLE,,,,,IDLE,,,0,0,242,no_target,转向完成，向前离开边缘,400,400,1
41.624,891.0,1612.0,1178.0,1239.0,1.2198,1.9444,1.051,1.8926,1.5562,0,0,0,0,0,0,1,-1687.0,297.0,1100.0,1,0,0,patrol,RECOVER_FORWARD,RECOVER_FORWARD,WAIT,IDLE,,IDLE,,,,,IDLE,,,0,0,243,no_target,转向完成，向前离开边缘,400,400,1
41.644,891.0,1612.0,1178.0,1239.0,1.2291,1.9444,1.0461,1.8926,1.5609,0,0,0,0,0,0,1,-1687.0,297.0,1100.0,1,0,0,patrol,RECOVER_FORWARD,RECOVER_FORWARD,WAIT,IDLE,,IDLE,,,,,IDLE,,,0,0,243,no_target,转向完成，向前离开边缘,400,400,1
41.664,891.0,1601.0,1174.0,1244.0,1.2291,1.9444,1.0461,1.8926,1.5609,0,0,0,0,0,0,1,82.0,559.0,1086.0,1,0,0,patrol,RECOVER_FORWARD,RECOVER_FORWARD,WAIT,IDLE,,IDLE,,,,,IDLE,,,0,0,243,no_target,转向完成，向前离开边缘,400,400,1
41.684,894.0,1600.0,1173.0,1249.0,1.2291,1.9226,1.0364,1.9094,1.5692,0,0,0,0,0,0,1,313.0,377.0,1101.0,1,0,0,patrol,RECOVER_FORWARD,RECOVER_FORWARD,WAIT,IDLE,,IDLE,,,,,IDLE,,,0,0,243,no_target,转向完成，向前离开边缘,400,400,1
41.704,884.0,1583.0,1159.0,1235.0,1.2291,1.9206,1.034,1.9094,1.5692,0,0,0,0,0,0,1,1182.0,312.0,1100.0,1,0,0,patrol,RECOVER_FORWARD,RECOVER_FORWARD,WAIT,IDLE,,IDLE,,,,,IDLE,,,0,0,243,no_target,转向完成，向前离开边缘,400,400,1
41.724,886.0,1591.0,1169.0,1240.0,1.2136,1.9028,1.0243,1.896,1.5548,0,0,0,0,0,0,1,-841.0,329.0,1101.0,1,0,0,patrol,RECOVER_FORWARD,RECOVER_FORWARD,WAIT,IDLE,,IDLE,,,,,IDLE,,,0,0,243,no_target,转向完成，向前离开边缘,400,400,1
41.744,889.0,1598.0,1177.0,1241.0,1.2136,1.9028,1.0243,1.896,1.5548,0,0,0,0,0,0,1,-742.0,212.0,1148.0,1,0,0,patrol,RECOVER_FORWARD,RECOVER_FORWARD,WAIT,IDLE,,IDLE,,,,,IDLE,,,0,0,243,no_target,转向完成，向前离开边缘,400,400,1
41.765,884.0,1595.0,1181.0,1234.0,1.2136,1.9107,1.0437,1.896,1.5548,0,0,0,0,0,0,1,-5.0,622.0,1134.0,1,0,0,patrol,RECOVER_FORWARD,RECOVER_FORWARD,WAIT,IDLE,,IDLE,,,,,IDLE,,,0,0,244,no_target,转向完成，向前离开边缘,400,400,1
41.785,880.0,1596.0,1190.0,1232.0,1.2074,1.9127,1.0534,1.8758,1.5416,0,0,0,0,0,0,1,156.0,178.0,1099.0,1,0,0,patrol,RECOVER_FORWARD,RECOVER_FORWARD,WAIT,IDLE,,IDLE,,,,,IDLE,,,0,0,244,no_target,转向完成，向前离开边缘,400,400,1
41.805,881.0,1606.0,1198.0,1235.0,1.1981,1.9127,1.0752,1.8758,1.537,0,0,0,0,0,0,1,-365.0,79.0,1101.0,1,0,0,patrol,RECOVER_FORWARD,RECOVER_FORWARD,WAIT,IDLE,,IDLE,,,,,IDLE,,,0,0,244,no_target,转向完成，向前离开边缘,400,400,1
41.825,868.0,1587.0,1186.0,1217.0,1.195,1.9127,1.0752,1.8691,1.5321,0,0,0,0,0,0,1,7.0,194.0,1121.0,1,0,0,patrol,RECOVER_FORWARD,RECOVER_FORWARD,WAIT,IDLE,,IDLE,,,,,IDLE,,,0,0,244,no_target,转向完成，向前离开边缘,400,400,1
41.845,866.0,1584.0,1183.0,1216.0,1.1579,1.8948,1.0655,1.8188,1.4883,0,0,0,0,0,0,1,65.0,24.0,1114.0,1,0,0,patrol,RECOVER_FORWARD,RECOVER_FORWARD,WAIT,IDLE,,IDLE,,,,,IDLE,,,0,0,244,no_target,转向完成，向前离开边缘,400,400,1
41.865,864.0,1584.0,1182.0,1211.0,1.1517,1.8889,1.0583,1.8154,1.4836,0,0,0,0,0,0,1,538.0,264.0,1148.0,1,0,0,patrol,RECOVER_FORWARD,RECOVER_FORWARD,WAIT,IDLE,,IDLE,,,,,IDLE,,,0,0,244,no_target,转向完成，向前离开边缘,400,400,1
41.885,861.0,1582.0,1182.0,1198.0,1.1455,1.8889,1.0558,1.7987,1.4721,0,0,0,0,0,0,1,-4.0,608.0,1120.0,1,0,0,patrol,RECOVER_FORWARD,RECOVER_FORWARD,WAIT,IDLE,,IDLE,,,,,IDLE,,,0,0,244,no_target,转向完成，向前离开边缘,400,400,1
41.906,851.0,1576.0,1172.0,1183.0,1.1362,1.8849,1.0558,1.755,1.4456,0,0,0,0,0,0,1,-700.0,526.0,1117.0,1,0,0,patrol,RECOVER_FORWARD,RECOVER_FORWARD,WAIT,IDLE,,IDLE,,,,,IDLE,,,0,0,245,no_target,转向完成，向前离开边缘,400,400,1
41.926,849.0,1576.0,1175.0,1181.0,1.1053,1.873,1.0388,1.7047,1.405,0,0,0,0,0,0,1,-5.0,864.0,1148.0,1,0,0,patrol,RECOVER_FORWARD,RECOVER_FORWARD,WAIT,IDLE,,IDLE,,,,,IDLE,,,0,0,245,no_target,转向完成，向前离开边缘,400,400,1
41.946,838.0,1569.0,1176.0,1182.0,1.0991,1.873,1.0388,1.7013,1.4002,0,0,0,0,0,0,1,528.0,313.0,1180.0,1,0,0,patrol,RECOVER_FORWARD,RECOVER_FORWARD,WAIT,IDLE,,IDLE,,,,,IDLE,,,0,0,245,no_target,转向完成，向前离开边缘,400,400,1
41.966,828.0,1564.0,1174.0,1181.0,1.065,1.8591,1.0388,1.698,1.3815,0,0,0,0,0,0,1,0.0,512.0,1165.0,1,0,0,patrol,RECOVER_FORWARD,RECOVER_FORWARD,WAIT,IDLE,,IDLE,,,,,IDLE,,,0,0,245,no_target,转向完成，向前离开边缘,400,400,1
41.986,829.0,1551.0,1162.0,1172.0,1.0372,1.8492,1.0364,1.698,1.3676,0,0,0,0,0,0,1,-691.0,526.0,1146.0,1,0,0,patrol,RECOVER_FORWARD,RECOVER_FORWARD,WAIT,IDLE,,IDLE,,,,,IDLE,,,0,0,245,no_target,转向完成，向前离开边缘,400,400,1
42.006,820.0,1545.0,1160.0,1111.0,1.0341,1.8234,1.0073,1.6678,1.3509,0,0,0,0,0,0,1,-1871.0,542.0,1163.0,1,0,0,patrol,RECOVER_FORWARD,RECOVER_FORWARD,WAIT,IDLE,,IDLE,,,,,IDLE,,,0,0,245,no_target,转向完成，向前离开边缘,400,400,1
42.026,798.0,1540.0,1156.0,1049.0,1.0093,1.8115,1.0024,1.4631,1.2362,0,0,0,0,0,0,1,392.0,591.0,1198.0,1,0,0,patrol,RECOVER_FORWARD,RECOVER_FORWARD,WAIT,IDLE,,IDLE,,,,,IDLE,,,0,0,245,no_target,转向完成，向前离开边缘,400,400,1
42.046,775.0,1538.0,1152.0,1042.0,0.9412,1.8016,0.9927,1.255,1.1239,0,0,0,0,0,0,1,-710.0,608.0,1179.0,1,0,0,patrol,RECOVER_FORWARD,RECOVER_FORWARD,WAIT,IDLE,,IDLE,,,,,IDLE,,,0,0,245,no_target,转向完成，向前离开边缘,400,400,1
42.067,779.0,1534.0,1134.0,1066.0,0.8824,1.7976,0.983,1.255,1.119,0,0,0,0,0,0,1,51.0,977.0,1181.0,1,0,0,patrol,RECOVER_FORWARD,RECOVER_FORWARD,WAIT,IDLE,,IDLE,,,,,IDLE,,,0,0,246,no_target,转向完成，向前离开边缘,400,400,1
42.087,784.0,1532.0,1122.0,1074.0,0.8824,1.7897,0.9393,1.3121,1.1257,0,0,0,0,0,0,1,-1357.0,622.0,1181.0,1,0,0,patrol,RECOVER_FORWARD,RECOVER_FORWARD,WAIT,IDLE,,IDLE,,,,,IDLE,,,0,0,246,no_target,转向完成，向前离开边缘,400,400,1
42.107,784.0,1532.0,1122.0,1074.0,0.8978,1.7857,0.9102,1.3389,1.1246,0,0,0,0,0,0,1,-1357.0,622.0,1181.0,1,0,0,patrol,RECOVER_FORWARD,RECOVER_FORWARD,WAIT,IDLE,,IDLE,,,,,IDLE,,,0,0,246,no_target,转向完成，向前离开边缘,400,400,1
42.127,770.0,1528.0,1115.0,1068.0,0.8978,1.7857,0.9102,1.3389,1.1246,0,0,0,0,0,0,1,256.0,591.0,1166.0,1,0,0,patrol,RECOVER_FORWARD,RECOVER_FORWARD,WAIT,IDLE,,IDLE,,,,,IDLE,,,0,0,246,no_target,转向完成，向前离开边缘,400,400,1
42.147,764.0,1527.0,1128.0,1077.0,0.8545,1.7778,0.9102,1.3389,1.1246,0,0,0,0,0,0,1,199.0,590.0,1180.0,1,0,0,patrol,RECOVER_FORWARD,RECOVER_FORWARD,WAIT,IDLE,,IDLE,,,,,IDLE,,,0,0,246,no_target,转向完成，向前离开边缘,400,400,1
42.167,759.0,1516.0,1124.0,1069.0,0.8359,1.7758,0.915,1.3221,1.1186,0,0,0,0,0,0,1,516.0,635.0,1177.0,1,0,0,patrol,RECOVER_FORWARD,RECOVER_FORWARD,WAIT,IDLE,,IDLE,,,,,IDLE,,,0,0,246,no_target,转向完成，向前离开边缘,400,400,1
42.187,768.0,1528.0,1131.0,1083.0,0.8359,1.7758,0.9248,1.349,1.1369,0,0,0,0,0,0,1,-25.0,600.0,1181.0,1,0,0,patrol,RECOVER_FORWARD,RECOVER_FORWARD,WAIT,IDLE,,IDLE,,,,,IDLE,,,0,0,246,no_target,转向完成，向前离开边缘,400,400,1
42.208,781.0,1524.0,1131.0,1088.0,0.8483,1.7698,0.932,1.3691,1.1506,0,0,0,0,0,0,1,-5.0,329.0,1070.0,1,0,0,patrol,RECOVER_FORWARD,RECOVER_FORWARD,WAIT,IDLE,,IDLE,,,,,IDLE,,,0,0,247,no_target,转向完成，向前离开边缘,400,400,1
42.228,785.0,1503.0,1126.0,1081.0,0.8885,1.7698,0.932,1.3691,1.1506,0,0,0,0,0,0,1,-799.0,803.0,974.0,1,0,0,patrol,RECOVER_FORWARD,RECOVER_FORWARD,WAIT,IDLE,,IDLE,,,,,IDLE,,,0,0,247,no_target,转向完成，向前离开边缘,400,400,1
42.248,785.0,1513.0,1129.0,1073.0,0.9009,1.748,0.9272,1.3624,1.1448,0,0,0,0,0,0,1,-3.0,263.0,956.0,1,0,0,patrol,RECOVER_FORWARD,RECOVER_FORWARD,WAIT,IDLE,,IDLE,,,,,IDLE,,,0,0,247,no_target,转向完成，向前离开边缘,400,400,1
42.268,792.0,1533.0,1137.0,1059.0,0.9009,1.748,0.9272,1.3356,1.1314,0,0,0,0,0,0,1,-3.0,670.0,1009.0,1,0,0,patrol,RECOVER_FORWARD,RECOVER_FORWARD,WAIT,IDLE,,IDLE,,,,,IDLE,,,0,0,247,no_target,转向完成，向前离开边缘,400,400,1
42.288,803.0,1546.0,1130.0,1061.0,0.9226,1.7877,0.9296,1.2953,1.1125,0,0,0,0,0,0,1,-693.0,232.0,1037.0,1,0,0,patrol,RECOVER_FORWARD,RECOVER_FORWARD,WAIT,IDLE,,IDLE,,,,,IDLE,,,0,0,247,no_target,转向完成，向前离开边缘,400,400,1
42.308,816.0,1564.0,1139.0,1091.0,0.9567,1.8135,0.9466,1.2953,1.126,0,0,0,0,0,0,1,664.0,427.0,986.0,1,0,0,patrol,RECOVER_FORWARD,RECOVER_FORWARD,WAIT,IDLE,,IDLE,,,,,IDLE,,,0,0,247,no_target,转向完成，向前离开边缘,400,400,1
42.328,815.0,1536.0,1139.0,1106.0,0.9938,1.8135,0.9515,1.396,1.1949,0,0,0,0,0,0,1,-4.0,377.0,990.0,1,0,0,patrol,RECOVER_FORWARD,RECOVER_FORWARD,WAIT,IDLE,,IDLE,,,,,IDLE,,,0,0,247,no_target,转向完成，向前离开边缘,400,400,1
42.349,819.0,1529.0,1164.0,1120.0,0.9969,1.7937,0.9515,1.4463,1.2216,0,0,0,0,0,0,1,-190.0,474.0,1008.0,1,0,0,patrol,RECOVER_FORWARD,RECOVER_FORWARD,WAIT,IDLE,,IDLE,,,,,IDLE,,,0,0,248,no_target,转向完成，向前离开边缘,400,400,1
42.369,804.0,1536.0,1146.0,1104.0,0.9938,1.7937,0.9684,1.4463,1.2201,0,0,0,0,0,0,1,-384.0,656.0,973.0,1,0,0,patrol,RECOVER_FORWARD,RECOVER_FORWARD,WAIT,IDLE,,IDLE,,,,,IDLE,,,0,0,248,no_target,转向完成，向前离开边缘,400,400,1
42.389,798.0,1497.0,1127.0,1099.0,0.9598,1.7798,0.9684,1.4396,1.204,0,0,0,0,0,0,1,-3.0,329.0,953.0,1,0,0,patrol,RECOVER_FORWARD,RECOVER_FORWARD,WAIT,IDLE,,IDLE,,,,,IDLE,,,0,0,248,no_target,转向完成，向前离开边缘,400,400,1
42.409,785.0,1412.0,1083.0,1095.0,0.9412,1.7163,0.9223,1.4228,1.182,0,0,0,0,0,0,1,-387.0,299.0,1007.0,1,0,0,patrol,RECOVER_FORWARD,RECOVER_FORWARD,WAIT,IDLE,,IDLE,,,,,IDLE,,,0,0,248,no_target,转向完成，向前离开边缘,400,400,1
42.429,768.0,1404.0,1076.0,1088.0,0.9009,1.5476,0.8155,1.4094,1.1552,0,0,0,0,0,0,1,344.0,245.0,981.0,1,0,0,patrol,RECOVER_FORWARD,RECOVER_FORWARD,WAIT,IDLE,,IDLE,,,,,IDLE,,,0,0,248,no_target,转向完成，向前离开边缘,400,400,1
42.449,769.0,1435.0,1062.0,1085.0,0.8514,1.5476,0.7985,1.3859,1.1186,0,0,0,0,0,0,1,-4.0,227.0,953.0,1,0,0,patrol,RECOVER_FORWARD,RECOVER_FORWARD,WAIT,IDLE,,IDLE,,,,,IDLE,,,0,0,248,no_target,转向完成，向前离开边缘,400,400,1
42.47,770.0,1436.0,1077.0,1083.0,0.8514,1.5933,0.7985,1.3758,1.1136,0,0,0,0,0,0,1,151.0,227.0,972.0,1,0,0,patrol,RECOVER_FORWARD,RECOVER_FORWARD,WAIT,IDLE,,IDLE,,,,,IDLE,,,0,0,248,no_target,转向完成，向前离开边缘,400,400,1
42.49,763.0,1420.0,1081.0,1069.0,0.8514,1.5933,0.801,1.3691,1.1103,0,0,0,0,0,0,1,-4.0,160.0,941.0,1,0,0,patrol,RECOVER_FORWARD,RECOVER_FORWARD,WAIT,IDLE,,IDLE,,,,,IDLE,,,0,0,249,no_target,转向完成，向前离开边缘,400,400,1
42.51,758.0,1421.0,1083.0,1056.0,0.8328,1.5655,0.8107,1.3221,1.0775,0,0,0,0,0,0,1,-4.0,61.0,959.0,1,0,0,patrol,RECOVER_FORWARD,RECOVER_FORWARD,WAIT,IDLE,,IDLE,,,,,IDLE,,,0,0,249,no_target,转向完成，向前离开边缘,400,400,1
42.53,747.0,1421.0,1075.0,1060.0,0.8173,1.5655,0.8107,1.2919,1.0546,0,0,0,0,0,0,1,1.0,511.0,971.0,1,0,0,patrol,RECOVER_FORWARD,RECOVER_FORWARD,WAIT,IDLE,,IDLE,,,,,IDLE,,,0,0,249,no_target,转向完成，向前离开边缘,400,400,1
42.55,744.0,1428.0,1073.0,1056.0,0.7833,1.5655,0.7961,1.2785,1.0373,0,0,0,0,0,0,1,-1401.0,194.0,973.0,1,0,0,patrol,RECOVER_FORWARD,RECOVER_FORWARD,WAIT,IDLE,,IDLE,,,,,IDLE,,,0,0,249,no_target,转向完成，向前离开边缘,400,400,1
42.57,744.0,1428.0,1073.0,1056.0,0.774,1.5794,0.7913,1.2785,1.0349,0,0,0,0,0,0,1,-1401.0,194.0,973.0,1,0,0,patrol,RECOVER_FORWARD,RECOVER_FORWARD,WAIT,IDLE,,IDLE,,,,,IDLE,,,0,0,249,no_target,转向完成，向前离开边缘,400,400,1
42.59,739.0,1413.0,1060.0,1049.0,0.774,1.5794,0.7913,1.2785,1.0349,0,0,0,0,0,0,1,-4.0,23.0,972.0,1,0,0,patrol,RECOVER_FORWARD,RECOVER_FORWARD,WAIT,IDLE,,IDLE,,,,,IDLE,,,0,0,249,no_target,转向完成，向前离开边缘,400,400,1
42.611,735.0,1413.0,1051.0,1034.0,0.7585,1.5496,0.7597,1.255,1.0074,0,0,0,0,0,0,1,-3.0,160.0,968.0,1,1,0,patrol,RECOVER_FORWARD,RECOVER_FORWARD,WAIT,IDLE,,IDLE,,,,,IDLE,,,0,0,249,no_target,转向完成，向前离开边缘,400,400,1
42.631,736.0,1441.0,1065.0,1035.0,0.7492,1.5496,0.7597,1.2081,0.9839,0,0,0,0,0,0,1,80.0,606.0,990.0,1,1,0,patrol,RECOVER_FORWARD,RECOVER_FORWARD,WAIT,IDLE,,IDLE,,,,,IDLE,,,0,0,250,no_target,转向完成，向前离开边缘,400,400,1
42.651,739.0,1489.0,1086.0,1040.0,0.7492,1.6052,0.7718,1.2081,0.9899,0,0,0,0,0,0,1,-4.0,526.0,1008.0,1,1,0,patrol,RECOVER_FORWARD,RECOVER_FORWARD,WAIT,IDLE,,IDLE,,,,,IDLE,,,0,0,250,no_target,转向完成，向前离开边缘,400,400,1
42.671,723.0,1462.0,1078.0,1031.0,0.7492,1.6468,0.8034,1.2081,1.0057,0,0,0,0,0,0,1,4.0,24.0,1050.0,1,1,0,patrol,RECOVER_FORWARD,RECOVER_FORWARD,WAIT,IDLE,,IDLE,,,,,IDLE,,,0,0,250,no_target,转向完成，向前离开边缘,400,400,1
42.691,718.0,1453.0,1082.0,1024.0,0.709,1.6468,0.8131,1.1946,1.0039,0,0,0,0,0,0,1,-4.0,79.0,1037.0,1,1,0,patrol,RECOVER_FORWARD,RECOVER_FORWARD,WAIT,IDLE,,IDLE,,,,,IDLE,,,0,0,250,no_target,转向完成，向前离开边缘,400,400,1
42.711,721.0,1433.0,1078.0,1011.0,0.7028,1.629,0.8034,1.1711,0.9873,0,0,0,0,0,0,1,1.0,194.0,1024.0,1,1,0,patrol,RECOVER_FORWARD,RECOVER_FORWARD,WAIT,IDLE,,IDLE,,,,,IDLE,,,0,0,250,no_target,转向完成，向前离开边缘,400,400,1
42.732,708.0,1421.0,1077.0,1000.0,0.6935,1.5893,0.8034,1.1275,0.9655,0,0,0,0,0,0,1,0.0,229.0,1052.0,1,1,0,patrol,RECOVER_FORWARD,RECOVER_FORWARD,WAIT,IDLE,,IDLE,,,,,IDLE,,,0,0,250,no_target,转向完成，向前离开边缘,400,400,1
42.752,704.0,1421.0,1072.0,1000.0,0.6625,1.5655,0.801,1.0906,0.9458,0,0,0,0,0,0,1,-256.0,161.0,1036.0,1,1,0,patrol,RECOVER_FORWARD,RECOVER_FORWARD,WAIT,IDLE,,IDLE,,,,,IDLE,,,0,0,250,no_target,转向完成，向前离开边缘,400,400,1
42.772,705.0,1412.0,1072.0,1012.0,0.6533,1.5655,0.7888,1.0906,0.9397,0,0,0,0,0,0,1,68.0,144.0,1021.0,1,1,0,patrol,MEDIUM_CRUISE,MEDIUM_CRUISE,WAIT,IDLE,,IDLE,,,,,IDLE,,,0,0,250,no_target,已达到避边释放线，恢复中速穿越渐变区,400,400,1
42.792,707.0,1420.0,1059.0,1008.0,0.6533,1.5635,0.7888,1.1174,0.9531,0,0,0,0,0,0,1,-5.0,112.0,1038.0,1,1,0,patrol,MEDIUM_CRUISE,MEDIUM_CRUISE,WAIT,IDLE,,IDLE,,,,,IDLE,,,0,0,251,no_target,按区域分级巡航,400,400,1
42.812,706.0,1414.0,1054.0,992.0,0.6563,1.5516,0.7573,1.1174,0.9374,0,0,0,0,0,0,1,-75.0,913.0,1037.0,1,1,0,patrol,MEDIUM_CRUISE,MEDIUM_CRUISE,WAIT,IDLE,,IDLE,,,,,IDLE,,,0,0,251,no_target,按区域分级巡航,400,400,1
42.832,712.0,1409.0,1054.0,993.0,0.6594,1.5516,0.7451,1.0671,0.9061,0,0,0,0,0,0,1,24.0,78.0,1018.0,1,1,0,patrol,MEDIUM_CRUISE,MEDIUM_CRUISE,WAIT,IDLE,,IDLE,,,,,IDLE,,,0,0,251,no_target,按区域分级巡航,400,400,1
42.852,701.0,1396.0,1048.0,992.0,0.6563,1.5417,0.7451,1.0638,0.9045,0,0,0,0,0,0,1,8.0,526.0,1056.0,1,1,0,patrol,MEDIUM_CRUISE,MEDIUM_CRUISE,WAIT,IDLE,,IDLE,,,,,IDLE,,,0,0,251,no_target,按区域分级巡航,400,400,1
42.872,699.0,1387.0,1044.0,990.0,0.6409,1.5159,0.7306,1.0638,0.8972,0,0,0,0,0,0,1,-29.0,49.0,1022.0,1,1,0,patrol,MEDIUM_CRUISE,MEDIUM_CRUISE,WAIT,IDLE,,IDLE,,,,,IDLE,,,0,0,251,no_target,按区域分级巡航,400,400,1
42.893,697.0,1381.0,1035.0,982.0,0.6347,1.498,0.7209,1.057,0.889,0,0,0,0,0,0,1,-4.0,77.0,1036.0,1,1,0,patrol,MEDIUM_CRUISE,MEDIUM_CRUISE,WAIT,IDLE,,IDLE,,,,,IDLE,,,0,0,251,no_target,按区域分级巡航,400,400,1
42.913,691.0,1378.0,1027.0,982.0,0.6285,1.4861,0.699,1.0302,0.8646,0,0,0,0,0,0,1,-4.0,45.0,1037.0,1,1,0,patrol,EDGE_AVOID,EDGE_AVOID,WAIT,IDLE,,IDLE,,,,,IDLE,,,0,0,251,no_target,前向灰度趋势变暗，提前离边,-400,-400,1
42.933,684.0,1371.0,1030.0,967.0,0.6099,1.4802,0.6869,1.0302,0.8585,0,0,0,0,0,0,1,7.0,23.0,1021.0,1,1,0,patrol,EDGE_AVOID,EDGE_AVOID,WAIT,IDLE,,IDLE,,,,,IDLE,,,0,0,251,no_target,前向灰度趋势变暗，提前离边,-400,-400,1
42.953,681.0,1380.0,1034.0,973.0,0.5882,1.4802,0.6869,1.0,0.8434,0,0,0,0,0,0,1,8.0,23.0,1021.0,1,1,0,patrol,EDGE_AVOID,EDGE_AVOID,WAIT,IDLE,,IDLE,,,,,IDLE,,,0,0,252,no_target,前向灰度趋势变暗，提前离边,-400,-400,1
42.973,674.0,1371.0,1020.0,966.0,0.5789,1.4663,0.6869,0.9799,0.8334,0,0,0,0,0,0,1,5.0,27.0,1018.0,1,1,0,patrol,EDGE_AVOID,EDGE_AVOID,WAIT,IDLE,,IDLE,,,,,IDLE,,,0,0,252,no_target,前向灰度趋势变暗，提前离边,-400,-400,1
42.993,671.0,1337.0,1015.0,949.0,0.5573,1.4663,0.6626,0.9765,0.8196,0,0,0,0,0,0,1,-3.0,34.0,1021.0,1,1,0,patrol,EDGE_AVOID,EDGE_AVOID,WAIT,IDLE,,IDLE,,,,,IDLE,,,0,0,252,no_target,前向灰度趋势变暗，提前离边,-400,-400,1
43.014,671.0,1337.0,1015.0,949.0,0.548,1.3988,0.6505,0.9195,0.785,0,0,0,0,0,0,1,-3.0,34.0,1021.0,1,1,0,patrol,EDGE_AVOID,EDGE_AVOID,WAIT,IDLE,,IDLE,,,,,IDLE,,,0,0,252,no_target,前向灰度趋势变暗，提前离边,-400,-400,1
