t,front,rear,left,right,zone_front,zone_rear,zone_left,zone_right,zone_score,white_hits,state,reason,risk_sensor,linear_risk,turn_risk,near_edge,speed_level,turn_angle,turn_direction,turn_duration,left_cmd,right_cmd,healthy
0.0,0.0,0.0,0.0,0.0,-1.8122,-1.7386,-1.2758,-2.3862,-1.7754,,SENSOR_STOP,传感器无效或数据过期,,-0.0737,1.1105,1,stop,0.0,,0.0,0,0,0
0.021,526.0,817.0,368.0,1010.0,-1.0966,-0.8486,-0.7632,-1.3319,-0.9726,,WARMUP,等待滤波窗口,,-0.248,0.5687,1,stop,0.0,,0.0,0,0,1
0.041,528.0,819.0,369.0,1013.0,-0.381,0.0414,-0.2507,-0.2777,-0.2642,,EDGE_AVOID,灰度趋势变暗，提前避让,front,-0.4223,0.027,1,slow,0.0,,0.0,-400,-400,1
0.061,528.0,817.0,368.0,1012.0,-0.3755,0.0414,-0.2507,-0.2735,-0.2621,,EDGE_AVOID,灰度趋势变暗，提前避让,front,-0.4169,0.0228,1,slow,0.0,,0.0,-400,-400,1
0.081,528.0,819.0,370.0,1013.0,-0.3755,0.0458,-0.2479,-0.2714,-0.2597,,EDGE_TURN,进入危险区，直接大转 180 度,front,-0.4213,0.0235,1,danger_turn,180.0,right,1.0,625,-625,1
0.101,527.0,817.0,369.0,1010.0,-0.3755,0.0414,-0.2479,-0.2735,-0.2607,,EDGE_TURN,进入危险区，直接大转 180 度,front,-0.4169,0.0256,1,danger_turn,180.0,right,1.0,625,-625,1
0.121,529.0,819.0,369.0,1013.0,-0.3755,0.0458,-0.2479,-0.2714,-0.2597,,EDGE_TURN,进入危险区，直接大转 180 度,front,-0.4213,0.0235,1,danger_turn,180.0,right,1.0,625,-625,1
0.141,526.0,818.0,369.0,1011.0,-0.3782,0.0436,-0.2479,-0.2756,-0.2617,,EDGE_TURN,进入危险区，直接大转 180 度,front,-0.4218,0.0277,1,danger_turn,180.0,right,1.0,625,-625,1
0.161,527.0,817.0,369.0,1011.0,-0.3782,0.0436,-0.2479,-0.2756,-0.2617,,EDGE_TURN,进入危险区，直接大转 180 度,front,-0.4218,0.0277,1,danger_turn,180.0,right,1.0,625,-625,1
0.181,528.0,820.0,370.0,1013.0,-0.3782,0.0436,-0.2479,-0.2756,-0.2617,,EDGE_TURN,进入危险区，直接大转 180 度,front,-0.4218,0.0277,1,danger_turn,180.0,right,1.0,625,-625,1
0.202,528.0,818.0,368.0,1013.0,-0.3755,0.0436,-0.2479,-0.2714,-0.2597,,EDGE_TURN,进入危险区，直接大转 180 度,front,-0.4191,0.0235,1,danger_turn,180.0,right,1.0,625,-625,1
0.222,528.0,818.0,370.0,1013.0,-0.3755,0.0436,-0.2451,-0.2714,-0.2583,,EDGE_TURN,进入危险区，直接大转 180 度,front,-0.4191,0.0263,1,danger_turn,180.0,right,1.0,625,-625,1
0.242,527.0,819.0,369.0,1012.0,-0.3755,0.0436,-0.2479,-0.2714,-0.2597,,EDGE_TURN,进入危险区，直接大转 180 度,front,-0.4191,0.0235,1,danger_turn,180.0,right,1.0,625,-625,1
0.262,527.0,812.0,370.0,1008.0,-0.3782,0.0436,-0.2451,-0.2735,-0.2593,,EDGE_TURN,进入危险区，直接大转 180 度,front,-0.4218,0.0284,1,danger_turn,180.0,right,1.0,625,-625,1
0.282,526.0,813.0,370.0,1007.0,-0.3782,0.0327,-0.2451,-0.2818,-0.2635,,EDGE_TURN,进入危险区，直接大转 180 度,front,-0.4109,0.0367,1,danger_turn,180.0,right,1.0,625,-625,1
0.302,521.0,813.0,368.0,1003.0,-0.381,0.0327,-0.2451,-0.2839,-0.2645,,EDGE_TURN,进入危险区，直接大转 180 度,front,-0.4136,0.0388,1,danger_turn,180.0,right,1.0,625,-625,1
0.322,516.0,815.0,367.0,999.0,-0.3946,0.0327,-0.2507,-0.2923,-0.2715,,EDGE_TURN,进入危险区，直接大转 180 度,front,-0.4272,0.0416,1,danger_turn,180.0,right,1.0,625,-625,1
0.342,513.0,816.0,365.0,992.0,-0.4082,0.037,-0.2535,-0.3006,-0.2771,,EDGE_TURN,进入危险区，直接大转 180 度,front,-0.4452,0.0471,1,danger_turn,180.0,right,1.0,625,-625,1
0.362,513.0,820.0,368.0,994.0,-0.4163,0.0392,-0.2535,-0.3111,-0.2823,,EDGE_TURN,进入危险区，直接大转 180 度,front,-0.4555,0.0576,1,danger_turn,180.0,right,1.0,625,-625,1
0.382,512.0,829.0,368.0,1000.0,-0.4163,0.0479,-0.2507,-0.3111,-0.2809,,EDGE_TURN,进入危险区，直接大转 180 度,front,-0.4643,0.0604,1,danger_turn,180.0,right,1.0,625,-625,1
0.402,512.0,828.0,367.0,1010.0,-0.419,0.0654,-0.2507,-0.2985,-0.2746,,EDGE_TURN,进入危险区，直接大转 180 度,front,-0.4844,0.0478,1,danger_turn,180.0,right,1.0,625,-625,1
0.423,512.0,830.0,366.0,1014.0,-0.419,0.0675,-0.2535,-0.2777,-0.2656,,EDGE_TURN,进入危险区，直接大转 180 度,front,-0.4866,0.0242,1,danger_turn,180.0,right,1.0,625,-625,1
0.443,514.0,838.0,370.0,1016.0,-0.419,0.0697,-0.2535,-0.2693,-0.2614,,EDGE_TURN,进入危险区，直接大转 180 度,front,-0.4888,0.0158,1,danger_turn,180.0,right,1.0,625,-625,1
0.463,518.0,854.0,373.0,1024.0,-0.4136,0.0871,-0.2451,-0.2651,-0.2551,,EDGE_TURN,进入危险区，直接大转 180 度,front,-0.5008,0.02,1,danger_turn,180.0,right,1.0,625,-625,1
0.483,518.0,867.0,374.0,1025.0,-0.4027,0.122,-0.2368,-0.2484,-0.2426,,EDGE_TURN,进入危险区，直接大转 180 度,front,-0.5247,0.0117,1,danger_turn,180.0,right,1.0,625,-625,1
0.503,515.0,860.0,379.0,1025.0,-0.4027,0.1351,-0.234,-0.2463,-0.2402,,EDGE_TURN,进入危险区，直接大转 180 度,front,-0.5378,0.0124,1,danger_turn,180.0,right,1.0,625,-625,1
0.523,514.0,840.0,377.0,1031.0,-0.4109,0.1351,-0.2256,-0.2463,-0.236,,EDGE_TURN,进入危险区，直接大转 180 度,front,-0.546,0.0207,1,danger_turn,180.0,right,1.0,625,-625,1
0.543,512.0,830.0,375.0,1029.0,-0.4136,0.0915,-0.2256,-0.238,-0.2318,,EDGE_TURN,进入危险区，直接大转 180 度,front,-0.5051,0.0124,1,danger_turn,180.0,right,1.0,625,-625,1
0.563,509.0,828.0,371.0,1016.0,-0.419,0.0697,-0.2312,-0.238,-0.2346,,EDGE_TURN,进入危险区，直接大转 180 度,front,-0.4888,0.0068,1,danger_turn,180.0,right,1.0,625,-625,1
0.583,511.0,830.0,364.0,1001.0,-0.4218,0.0697,-0.2423,-0.2651,-0.2537,,EDGE_TURN,进入危险区，直接大转 180 度,front,-0.4915,0.0228,1,danger_turn,180.0,right,1.0,625,-625,1
0.603,514.0,827.0,368.0,997.0,-0.4218,0.0654,-0.2507,-0.2965,-0.2736,,EDGE_TURN,进入危险区，直接大转 180 度,front,-0.4871,0.0458,1,danger_turn,180.0,right,1.0,625,-625,1
0.623,514.0,827.0,368.0,997.0,-0.4136,0.0632,-0.2507,-0.3048,-0.2777,,EDGE_TURN,进入危险区，直接大转 180 度,front,-0.4768,0.0541,1,danger_turn,180.0,right,1.0,625,-625,1
0.644,520.0,821.0,373.0,997.0,-0.4136,0.0632,-0.2507,-0.3048,-0.2777,,EDGE_TURN,进入危险区，直接大转 180 度,front,-0.4768,0.0541,1,danger_turn,180.0,right,1.0,625,-625,1
0.664,524.0,822.0,375.0,994.0,-0.3973,0.0523,-0.2368,-0.3048,-0.2708,,EDGE_TURN,进入危险区，直接大转 180 度,front,-0.4496,0.068,1,danger_turn,180.0,right,1.0,625,-625,1
0.684,523.0,822.0,371.0,1018.0,-0.3891,0.0523,-0.2368,-0.3048,-0.2708,,EDGE_TURN,进入危险区，直接大转 180 度,front,-0.4414,0.068,1,danger_turn,180.0,right,1.0,625,-625,1
0.704,520.0,819.0,362.0,1031.0,-0.3891,0.0523,-0.2423,-0.261,-0.2517,,EDGE_TURN,进入危险区，直接大转 180 度,front,-0.4414,0.0186,1,danger_turn,180.0,right,1.0,625,-625,1
0.724,522.0,821.0,349.0,1035.0,-0.3918,0.0501,-0.2674,-0.2338,-0.2506,,EDGE_TURN,进入危险区，直接大转 180 度,front,-0.4419,-0.0336,1,danger_turn,180.0,right,1.0,625,-625,1
0.744,527.0,827.0,348.0,1038.0,-0.3918,0.0501,-0.3036,-0.2255,-0.2645,,EDGE_TURN,进入危险区，直接大转 180 度,front,-0.4419,-0.0782,1,danger_turn,180.0,right,1.0,625,-625,1
0.764,529.0,830.0,358.0,1046.0,-0.3782,0.0632,-0.3036,-0.2192,-0.2614,,EDGE_TURN,进入危险区，直接大转 180 度,front,-0.4414,-0.0844,1,danger_turn,180.0,right,1.0,625,-625,1
0.784,527.0,821.0,367.0,1027.0,-0.3782,0.0632,-0.2786,-0.2192,-0.2489,,EDGE_TURN,进入危险区，直接大转 180 度,front,-0.4414,-0.0593,1,danger_turn,180.0,right,1.0,625,-625,1
0.805,523.0,818.0,372.0,1024.0,-0.3782,0.0501,-0.2535,-0.2422,-0.2478,,EDGE_TURN,进入危险区，直接大转 180 度,front,-0.4283,-0.0113,1,danger_turn,180.0,right,1.0,625,-625,1
0.825,526.0,822.0,376.0,1020.0,-0.381,0.0501,-0.2396,-0.2484,-0.244,,EDGE_TURN,进入危险区，直接大转 180 度,front,-0.4311,0.0089,1,danger_turn,180.0,right,1.0,625,-625,1
0.845,524.0,823.0,377.0,1004.0,-0.3864,0.0523,-0.2284,-0.2568,-0.2426,,EDGE_TURN,进入危险区，直接大转 180 度,front,-0.4387,0.0284,1,danger_turn,180.0,right,1.0,625,-625,1
0.865,521.0,828.0,376.0,992.0,-0.3864,0.0545,-0.2284,-0.2902,-0.2593,,EDGE_TURN,进入危险区，直接大转 180 度,front,-0.4409,0.0618,1,danger_turn,180.0,right,1.0,625,-625,1
0.885,521.0,828.0,371.0,996.0,-0.3946,0.0654,-0.2284,-0.3069,-0.2677,,EDGE_TURN,进入危险区，直接大转 180 度,front,-0.4599,0.0785,1,danger_turn,180.0,right,1.0,625,-625,1
0.905,524.0,828.0,370.0,1017.0,-0.3946,0.0654,-0.2423,-0.3069,-0.2746,,EDGE_TURN,进入危险区，直接大转 180 度,front,-0.4599,0.0645,1,danger_turn,180.0,right,1.0,625,-625,1
0.925,526.0,829.0,374.0,1032.0,-0.3864,0.0654,-0.2423,-0.263,-0.2527,,EDGE_TURN,进入危险区，直接大转 180 度,front,-0.4518,0.0207,1,danger_turn,180.0,right,1.0,625,-625,1
0.945,526.0,840.0,371.0,1019.0,-0.381,0.0675,-0.2423,-0.2589,-0.2506,,EDGE_TURN,进入危险区，直接大转 180 度,front,-0.4485,0.0165,1,danger_turn,180.0,right,1.0,625,-625,1
0.965,523.0,833.0,368.0,999.0,-0.381,0.0763,-0.2423,-0.2589,-0.2506,,EDGE_TURN,进入危险区，直接大转 180 度,front,-0.4572,0.0165,1,danger_turn,180.0,right,1.0,625,-625,1
0.985,524.0,828.0,371.0,996.0,-0.3864,0.0763,-0.2423,-0.3006,-0.2715,,EDGE_TURN,进入危险区，直接大转 180 度,front,-0.4626,0.0583,1,danger_turn,180.0,right,1.0,625,-625,1
1.005,525.0,832.0,372.0,997.0,-0.3864,0.0741,-0.2423,-0.3048,-0.2736,,EDGE_TURN,进入危险区，直接大转 180 度,front,-0.4605,0.0625,1,danger_turn,180.0,right,1.0,625,-625,1
1.025,524.0,836.0,372.0,997.0,-0.3864,0.0741,-0.2396,-0.3048,-0.2722,,EDGE_TURN,进入危险区，直接大转 180 度,front,-0.4605,0.0652,1,danger_turn,180.0,right,1.0,625,-625,1
1.046,526.0,833.0,369.0,1006.0,-0.3837,0.0763,-0.2396,-0.3048,-0.2722,,EDGE_TURN,进入危险区，直接大转 180 度,front,-0.4599,0.0652,1,danger_turn,180.0,right,1.0,625,-625,1
1.066,531.0,825.0,375.0,1015.0,-0.381,0.0763,-0.2396,-0.286,-0.2628,,EDGE_TURN,进入危险区，直接大转 180 度,front,-0.4572,0.0465,1,danger_turn,180.0,right,1.0,625,-625,1
1.086,535.0,824.0,376.0,1016.0,-0.3673,0.0588,-0.2312,-0.2672,-0.2492,,RECOVER_FORWARD,180 度转向完成，向前离开边缘,front,-0.4262,0.036,1,danger,0.0,,0.0,400,400,1
1.106,537.0,820.0,375.0,1012.0,-0.3565,0.0566,-0.2312,-0.2672,-0.2492,,RECOVER_FORWARD,180 度转向完成，向前离开边缘,front,-0.4131,0.036,1,danger,0.0,,0.0,400,400,1
1.126,536.0,816.0,380.0,1005.0,-0.3537,0.0479,-0.2284,-0.2735,-0.2509,,RECOVER_FORWARD,180 度转向完成，向前离开边缘,front,-0.4017,0.0451,1,danger,0.0,,0.0,400,400,1
1.146,533.0,816.0,376.0,1004.0,-0.3537,0.0392,-0.2284,-0.2881,-0.2583,,RECOVER_FORWARD,180 度转向完成，向前离开边缘,front,-0.393,0.0597,1,danger,0.0,,0.0,400,400,1
1.166,530.0,809.0,369.0,992.0,-0.3619,0.0392,-0.2284,-0.2902,-0.2593,,RECOVER_FORWARD,180 度转向完成，向前离开边缘,front,-0.4011,0.0618,1,danger,0.0,,0.0,400,400,1
1.187,528.0,811.0,367.0,992.0,-0.3701,0.0283,-0.2479,-0.3152,-0.2816,,RECOVER_FORWARD,180 度转向完成，向前离开边缘,front,-0.3984,0.0673,1,danger,0.0,,0.0,400,400,1
1.207,528.0,811.0,367.0,992.0,-0.3755,0.0283,-0.2535,-0.3152,-0.2844,,RECOVER_FORWARD,180 度转向完成，向前离开边缘,front,-0.4038,0.0618,1,danger,0.0,,0.0,400,400,1
1.228,523.0,810.0,363.0,993.0,-0.3755,0.0283,-0.2535,-0.3152,-0.2844,,RECOVER_FORWARD,180 度转向完成，向前离开边缘,front,-0.4038,0.0618,1,danger,0.0,,0.0,400,400,1
1.248,521.0,815.0,366.0,1002.0,-0.3891,0.0283,-0.2563,-0.3132,-0.2847,,RECOVER_FORWARD,180 度转向完成，向前离开边缘,front,-0.4174,0.0569,1,danger,0.0,,0.0,400,400,1
1.268,521.0,815.0,370.0,1005.0,-0.3946,0.037,-0.2563,-0.2944,-0.2753,,RECOVER_FORWARD,180 度转向完成，向前离开边缘,front,-0.4316,0.0381,1,danger,0.0,,0.0,400,400,1
1.288,520.0,814.0,371.0,1002.0,-0.3946,0.037,-0.2451,-0.2944,-0.2697,,RECOVER_FORWARD,180 度转向完成，向前离开边缘,front,-0.4316,0.0492,1,danger,0.0,,0.0,400,400,1
1.308,518.0,814.0,372.0,1005.0,-0.3973,0.0349,-0.2423,-0.2881,-0.2652,,RECOVER_FORWARD,180 度转向完成，向前离开边缘,front,-0.4321,0.0458,1,danger,0.0,,0.0,400,400,1
1.328,520.0,811.0,375.0,1005.0,-0.3973,0.0349,-0.2396,-0.2881,-0.2638,,RECOVER_FORWARD,180 度转向完成，向前离开边缘,front,-0.4321,0.0485,1,danger,0.0,,0.0,400,400,1
1.348,519.0,808.0,373.0,1005.0,-0.4,0.0283,-0.2368,-0.2881,-0.2624,,RECOVER_FORWARD,180 度转向完成，向前离开边缘,front,-0.4283,0.0513,1,danger,0.0,,0.0,400,400,1
1.368,520.0,808.0,375.0,1006.0,-0.3973,0.0218,-0.2312,-0.2881,-0.2596,,RECOVER_FORWARD,180 度转向完成，向前离开边缘,front,-0.4191,0.0569,1,danger,0.0,,0.0,400,400,1
1.388,521.0,808.0,375.0,1006.0,-0.3973,0.0218,-0.2312,-0.286,-0.2586,,RECOVER_FORWARD,180 度转向完成，向前离开边缘,front,-0.4191,0.0548,1,danger,0.0,,0.0,400,400,1
1.408,522.0,808.0,374.0,1006.0,-0.3946,0.0218,-0.2312,-0.286,-0.2586,,RECOVER_FORWARD,180 度转向完成，向前离开边缘,front,-0.4163,0.0548,1,danger,0.0,,0.0,400,400,1
1.428,520.0,807.0,372.0,1003.0,-0.3946,0.0218,-0.234,-0.286,-0.26,,RECOVER_FORWARD,180 度转向完成，向前离开边缘,front,-0.4163,0.052,1,danger,0.0,,0.0,400,400,1
1.449,521.0,810.0,372.0,1003.0,-0.3946,0.0218,-0.2396,-0.2923,-0.2659,,RECOVER_FORWARD,180 度转向完成，向前离开边缘,front,-0.4163,0.0527,1,danger,0.0,,0.0,400,400,1
1.469,518.0,810.0,371.0,1001.0,-0.3973,0.0261,-0.2396,-0.2923,-0.2659,,RECOVER_FORWARD,180 度转向完成，向前离开边缘,front,-0.4234,0.0527,1,danger,0.0,,0.0,400,400,1
1.489,520.0,813.0,370.0,1002.0,-0.3973,0.0261,-0.2423,-0.2944,-0.2684,,RECOVER_FORWARD,180 度转向完成，向前离开边缘,front,-0.4234,0.052,1,danger,0.0,,0.0,400,400,1
1.509,520.0,813.0,369.0,1003.0,-0.3973,0.0327,-0.2451,-0.2944,-0.2697,,RECOVER_FORWARD,180 度转向完成，向前离开边缘,front,-0.43,0.0492,1,danger,0.0,,0.0,400,400,1
1.529,519.0,811.0,367.0,1001.0,-0.3973,0.0327,-0.2479,-0.2944,-0.2711,,RECOVER_FORWARD,180 度转向完成，向前离开边缘,front,-0.43,0.0465,1,danger,0.0,,0.0,400,400,1
1.549,519.0,809.0,368.0,1001.0,-0.4,0.0283,-0.2507,-0.2965,-0.2736,,RECOVER_FORWARD,180 度转向完成，向前离开边缘,front,-0.4283,0.0458,1,danger,0.0,,0.0,400,400,1
1.569,519.0,808.0,368.0,1005.0,-0.4,0.024,-0.2507,-0.2965,-0.2736,,RECOVER_FORWARD,180 度转向完成，向前离开边缘,front,-0.424,0.0458,1,danger,0.0,,0.0,400,400,1
1.589,521.0,809.0,366.0,1008.0,-0.4,0.024,-0.2507,-0.2881,-0.2694,,RECOVER_FORWARD,180 度转向完成，向前离开边缘,front,-0.424,0.0374,1,danger,0.0,,0.0,400,400,1
1.609,526.0,809.0,368.0,1012.0,-0.3946,0.024,-0.2507,-0.2818,-0.2663,,RECOVER_FORWARD,180 度转向完成，向前离开边缘,front,-0.4185,0.0311,1,danger,0.0,,0.0,400,400,1
1.63,532.0,814.0,370.0,1016.0,-0.381,0.024,-0.2507,-0.2735,-0.2621,,RECOVER_FORWARD,180 度转向完成，向前离开边缘,front,-0.4049,0.0228,1,danger,0.0,,0.0,400,400,1
1.65,533.0,814.0,372.0,1012.0,-0.3646,0.0349,-0.2451,-0.2735,-0.2593,,RECOVER_FORWARD,180 度转向完成，向前离开边缘,front,-0.3995,0.0284,1,danger,0.0,,0.0,400,400,1
1.67,534.0,811.0,374.0,1008.0,-0.3619,0.0349,-0.2396,-0.2735,-0.2565,,RECOVER_FORWARD,180 度转向完成，向前离开边缘,front,-0.3968,0.0339,1,danger,0.0,,0.0,400,400,1
1.69,534.0,813.0,376.0,1003.0,-0.3592,0.0327,-0.234,-0.2818,-0.2579,,SAFE_STOP,大转后直线脱离仍未改善，停车等待,front,-0.3919,0.0479,1,stop,0.0,,0.0,0,0,1
1.71,529.0,822.0,376.0,1001.0,-0.3592,0.0327,-0.2284,-0.2923,-0.2603,,SAFE_STOP,大转后直线脱离仍未改善，停车等待,front,-0.3919,0.0639,1,stop,0.0,,0.0,0,0,1
1.73,529.0,822.0,376.0,1001.0,-0.3728,0.0523,-0.2284,-0.2965,-0.2624,,SAFE_STOP,大转后直线脱离仍未改善，停车等待,front,-0.4251,0.068,1,stop,0.0,,0.0,0,0,1
1.75,529.0,830.0,379.0,1008.0,-0.3728,0.0523,-0.2284,-0.2965,-0.2624,,SAFE_STOP,大转后直线脱离仍未改善，停车等待,front,-0.4251,0.068,1,stop,0.0,,0.0,0,0,1
1.771,535.0,843.0,379.0,1013.0,-0.3728,0.0697,-0.2201,-0.2818,-0.2509,,SAFE_STOP,大转后直线脱离仍未改善，停车等待,front,-0.4425,0.0618,1,stop,0.0,,0.0,0,0,1
1.791,536.0,849.0,370.0,1017.0,-0.3565,0.098,-0.2201,-0.2714,-0.2457,,SAFE_STOP,大转后直线脱离仍未改善，停车等待,front,-0.4545,0.0513,1,stop,0.0,,0.0,0,0,1
1.811,534.0,855.0,365.0,1028.0,-0.3565,0.1111,-0.2451,-0.263,-0.2541,,SAFE_STOP,大转后直线脱离仍未改善，停车等待,front,-0.4676,0.0179,1,stop,0.0,,0.0,0,0,1
1.831,534.0,849.0,366.0,1033.0,-0.3592,0.1111,-0.2563,-0.2401,-0.2482,,SAFE_STOP,大转后直线脱离仍未改善，停车等待,front,-0.4703,-0.0162,1,stop,0.0,,0.0,0,0,1
1.851,534.0,840.0,367.0,1030.0,-0.3592,0.1111,-0.2563,-0.2359,-0.2461,,SAFE_STOP,大转后直线脱离仍未改善，停车等待,front,-0.4703,-0.0204,1,stop,0.0,,0.0,0,0,1
1.871,535.0,835.0,371.0,1029.0,-0.3592,0.0915,-0.2535,-0.2359,-0.2447,,SAFE_STOP,大转后直线脱离仍未改善，停车等待,front,-0.4507,-0.0176,1,stop,0.0,,0.0,0,0,1
1.891,536.0,835.0,374.0,1031.0,-0.3565,0.0806,-0.2423,-0.2359,-0.2391,,SAFE_STOP,大转后直线脱离仍未改善，停车等待,front,-0.4371,-0.0064,1,stop,0.0,,0.0,0,0,1
1.911,536.0,835.0,376.0,1032.0,-0.3537,0.0806,-0.234,-0.2338,-0.2339,,SAFE_STOP,大转后直线脱离仍未改善，停车等待,front,-0.4344,-0.0002,1,stop,0.0,,0.0,0,0,1
1.931,538.0,835.0,375.0,1031.0,-0.3537,0.0806,-0.2312,-0.2338,-0.2325,,SAFE_STOP,大转后直线脱离仍未改善，停车等待,front,-0.4344,0.0026,1,stop,0.0,,0.0,0,0,1
1.952,538.0,835.0,375.0,1031.0,-0.3483,0.0806,-0.2312,-0.2338,-0.2325,,SAFE_STOP,大转后直线脱离仍未改善，停车等待,front,-0.4289,0.0026,1,stop,0.0,,0.0,0,0,1
1.972,538.0,835.0,375.0,1030.0,-0.3483,0.0806,-0.2312,-0.2338,-0.2325,,SAFE_STOP,大转后直线脱离仍未改善，停车等待,front,-0.4289,0.0026,1,stop,0.0,,0.0,0,0,1
1.992,538.0,835.0,376.0,1031.0,-0.3483,0.0806,-0.2312,-0.2338,-0.2325,,SAFE_STOP,大转后直线脱离仍未改善，停车等待,front,-0.4289,0.0026,1,stop,0.0,,0.0,0,0,1
2.012,536.0,834.0,375.0,1029.0,-0.3483,0.0806,-0.2312,-0.2359,-0.2336,,SAFE_STOP,大转后直线脱离仍未改善，停车等待,front,-0.4289,0.0047,1,stop,0.0,,0.0,0,0,1
2.032,538.0,834.0,376.0,1030.0,-0.3483,0.0784,-0.2284,-0.2359,-0.2322,,SAFE_STOP,大转后直线脱离仍未改善，停车等待,front,-0.4267,0.0075,1,stop,0.0,,0.0,0,0,1
2.052,538.0,836.0,375.0,1031.0,-0.3483,0.0784,-0.2312,-0.2359,-0.2336,,SAFE_STOP,大转后直线脱离仍未改善，停车等待,front,-0.4267,0.0047,1,stop,0.0,,0.0,0,0,1
2.072,539.0,835.0,377.0,1031.0,-0.3483,0.0806,-0.2284,-0.2338,-0.2311,,SAFE_STOP,大转后直线脱离仍未改善，停车等待,front,-0.4289,0.0054,1,stop,0.0,,0.0,0,0,1
2.092,538.0,834.0,375.0,1029.0,-0.3483,0.0806,-0.2312,-0.2338,-0.2325,,SAFE_STOP,大转后直线脱离仍未改善，停车等待,front,-0.4289,0.0026,1,stop,0.0,,0.0,0,0,1
2.112,539.0,836.0,376.0,1032.0,-0.3456,0.0806,-0.2284,-0.2338,-0.2311,,SAFE_STOP,大转后直线脱离仍未改善，停车等待,front,-0.4262,0.0054,1,stop,0.0,,0.0,0,0,1
2.133,540.0,836.0,377.0,1032.0,-0.3456,0.0828,-0.2284,-0.2317,-0.2301,,SAFE_STOP,大转后直线脱离仍未改善，停车等待,front,-0.4284,0.0033,1,stop,0.0,,0.0,0,0,1
2.154,540.0,836.0,377.0,1032.0,-0.3429,0.0828,-0.2256,-0.2317,-0.2287,,SAFE_STOP,大转后直线脱离仍未改善，停车等待,front,-0.4256,0.0061,1,stop,0.0,,0.0,0,0,1
2.174,540.0,836.0,376.0,1033.0,-0.3429,0.0828,-0.2256,-0.2317,-0.2287,,SAFE_STOP,大转后直线脱离仍未改善，停车等待,front,-0.4256,0.0061,1,stop,0.0,,0.0,0,0,1
2.194,538.0,834.0,376.0,1030.0,-0.3429,0.0828,-0.2284,-0.2317,-0.2301,,SAFE_STOP,大转后直线脱离仍未改善，停车等待,front,-0.4256,0.0033,1,stop,0.0,,0.0,0,0,1
2.214,539.0,835.0,376.0,1032.0,-0.3456,0.0806,-0.2284,-0.2317,-0.2301,,SAFE_STOP,大转后直线脱离仍未改善，停车等待,front,-0.4262,0.0033,1,stop,0.0,,0.0,0,0,1
2.234,539.0,836.0,375.0,1031.0,-0.3456,0.0806,-0.2284,-0.2338,-0.2311,,SAFE_STOP,大转后直线脱离仍未改善，停车等待,front,-0.4262,0.0054,1,stop,0.0,,0.0,0,0,1
2.254,541.0,835.0,376.0,1033.0,-0.3456,0.0806,-0.2284,-0.2317,-0.2301,,SAFE_STOP,大转后直线脱离仍未改善，停车等待,front,-0.4262,0.0033,1,stop,0.0,,0.0,0,0,1
2.274,540.0,836.0,376.0,1032.0,-0.3429,0.0828,-0.2284,-0.2317,-0.2301,,SAFE_STOP,大转后直线脱离仍未改善，停车等待,front,-0.4256,0.0033,1,stop,0.0,,0.0,0,0,1
2.294,540.0,835.0,376.0,1032.0,-0.3429,0.0806,-0.2284,-0.2317,-0.2301,,SAFE_STOP,大转后直线脱离仍未改善，停车等待,front,-0.4235,0.0033,1,stop,0.0,,0.0,0,0,1
2.315,540.0,835.0,376.0,1032.0,-0.3429,0.0806,-0.2284,-0.2317,-0.2301,,SAFE_STOP,大转后直线脱离仍未改善，停车等待,front,-0.4235,0.0033,1,stop,0.0,,0.0,0,0,1
2.335,540.0,836.0,377.0,1033.0,-0.3429,0.0806,-0.2284,-0.2317,-0.2301,,SAFE_STOP,大转后直线脱离仍未改善，停车等待,front,-0.4235,0.0033,1,stop,0.0,,0.0,0,0,1
2.355,539.0,834.0,376.0,1030.0,-0.3429,0.0806,-0.2284,-0.2317,-0.2301,,SAFE_STOP,大转后直线脱离仍未改善，停车等待,front,-0.4235,0.0033,1,stop,0.0,,0.0,0,0,1
2.375,539.0,834.0,375.0,1030.0,-0.3456,0.0784,-0.2284,-0.2359,-0.2322,,SAFE_STOP,大转后直线脱离仍未改善，停车等待,front,-0.424,0.0075,1,stop,0.0,,0.0,0,0,1
2.395,539.0,836.0,377.0,1032.0,-0.3456,0.0784,-0.2284,-0.2359,-0.2322,,SAFE_STOP,大转后直线脱离仍未改善，停车等待,front,-0.424,0.0075,1,stop,0.0,,0.0,0,0,1
2.415,539.0,836.0,376.0,1032.0,-0.3456,0.0828,-0.2284,-0.2317,-0.2301,,SAFE_STOP,大转后直线脱离仍未改善，停车等待,front,-0.4284,0.0033,1,stop,0.0,,0.0,0,0,1
2.435,540.0,835.0,376.0,1033.0,-0.3456,0.0828,-0.2284,-0.2317,-0.2301,,SAFE_STOP,大转后直线脱离仍未改善，停车等待,front,-0.4284,0.0033,1,stop,0.0,,0.0,0,0,1
2.455,540.0,835.0,376.0,1032.0,-0.3429,0.0806,-0.2284,-0.2317,-0.2301,,SAFE_STOP,大转后直线脱离仍未改善，停车等待,front,-0.4235,0.0033,1,stop,0.0,,0.0,0,0,1
2.475,540.0,836.0,376.0,1032.0,-0.3429,0.0806,-0.2284,-0.2317,-0.2301,,SAFE_STOP,大转后直线脱离仍未改善，停车等待,front,-0.4235,0.0033,1,stop,0.0,,0.0,0,0,1
2.495,541.0,836.0,377.0,1033.0,-0.3429,0.0828,-0.2284,-0.2317,-0.2301,,SAFE_STOP,大转后直线脱离仍未改善，停车等待,front,-0.4256,0.0033,1,stop,0.0,,0.0,0,0,1
2.516,539.0,835.0,375.0,1030.0,-0.3429,0.0828,-0.2284,-0.2317,-0.2301,,SAFE_STOP,大转后直线脱离仍未改善，停车等待,front,-0.4256,0.0033,1,stop,0.0,,0.0,0,0,1
2.536,540.0,835.0,376.0,1032.0,-0.3429,0.0806,-0.2284,-0.2317,-0.2301,,SAFE_STOP,大转后直线脱离仍未改善，停车等待,front,-0.4235,0.0033,1,stop,0.0,,0.0,0,0,1
2.556,540.0,835.0,376.0,1032.0,-0.3429,0.0806,-0.2284,-0.2317,-0.2301,,SAFE_STOP,大转后直线脱离仍未改善，停车等待,front,-0.4235,0.0033,1,stop,0.0,,0.0,0,0,1
2.576,540.0,835.0,376.0,1032.0,-0.3429,0.0806,-0.2284,-0.2317,-0.2301,,SAFE_STOP,大转后直线脱离仍未改善，停车等待,front,-0.4235,0.0033,1,stop,0.0,,0.0,0,0,1
2.596,539.0,833.0,375.0,1030.0,-0.3429,0.0806,-0.2284,-0.2317,-0.2301,,SAFE_STOP,大转后直线脱离仍未改善，停车等待,front,-0.4235,0.0033,1,stop,0.0,,0.0,0,0,1
2.616,539.0,834.0,375.0,1031.0,-0.3456,0.0784,-0.2312,-0.2338,-0.2325,,SAFE_STOP,大转后直线脱离仍未改善，停车等待,front,-0.424,0.0026,1,stop,0.0,,0.0,0,0,1
2.636,538.0,833.0,375.0,1031.0,-0.3456,0.0763,-0.2312,-0.2338,-0.2325,,SAFE_STOP,大转后直线脱离仍未改善，停车等待,front,-0.4218,0.0026,1,stop,0.0,,0.0,0,0,1
2.656,540.0,834.0,375.0,1031.0,-0.3456,0.0784,-0.2312,-0.2338,-0.2325,,SAFE_STOP,大转后直线脱离仍未改善，停车等待,front,-0.424,0.0026,1,stop,0.0,,0.0,0,0,1
2.676,539.0,834.0,375.0,1030.0,-0.3456,0.0784,-0.2312,-0.2338,-0.2325,,SAFE_STOP,大转后直线脱离仍未改善，停车等待,front,-0.424,0.0026,1,stop,0.0,,0.0,0,0,1
2.696,540.0,835.0,376.0,1032.0,-0.3429,0.0784,-0.2312,-0.2338,-0.2325,,SAFE_STOP,大转后直线脱离仍未改善，停车等待,front,-0.4213,0.0026,1,stop,0.0,,0.0,0,0,1
2.717,540.0,834.0,376.0,1032.0,-0.3429,0.0784,-0.2284,-0.2317,-0.2301,,SAFE_STOP,大转后直线脱离仍未改善，停车等待,front,-0.4213,0.0033,1,stop,0.0,,0.0,0,0,1
2.737,540.0,835.0,376.0,1031.0,-0.3429,0.0806,-0.2284,-0.2317,-0.2301,,SAFE_STOP,大转后直线脱离仍未改善，停车等待,front,-0.4235,0.0033,1,stop,0.0,,0.0,0,0,1
2.757,541.0,835.0,376.0,1032.0,-0.3429,0.0806,-0.2284,-0.2317,-0.2301,,SAFE_STOP,大转后直线脱离仍未改善，停车等待,front,-0.4235,0.0033,1,stop,0.0,,0.0,0,0,1
2.777,540.0,835.0,376.0,1031.0,-0.3429,0.0806,-0.2284,-0.2338,-0.2311,,SAFE_STOP,大转后直线脱离仍未改善，停车等待,front,-0.4235,0.0054,1,stop,0.0,,0.0,0,0,1
2.797,540.0,834.0,375.0,1032.0,-0.3429,0.0806,-0.2284,-0.2317,-0.2301,,SAFE_STOP,大转后直线脱离仍未改善，停车等待,front,-0.4235,0.0033,1,stop,0.0,,0.0,0,0,1
2.817,540.0,835.0,376.0,1032.0,-0.3429,0.0806,-0.2284,-0.2317,-0.2301,,SAFE_STOP,大转后直线脱离仍未改善，停车等待,front,-0.4235,0.0033,1,stop,0.0,,0.0,0,0,1
2.837,540.0,835.0,376.0,1033.0,-0.3429,0.0806,-0.2284,-0.2317,-0.2301,,SAFE_STOP,大转后直线脱离仍未改善，停车等待,front,-0.4235,0.0033,1,stop,0.0,,0.0,0,0,1
2.857,541.0,835.0,376.0,1032.0,-0.3429,0.0806,-0.2284,-0.2317,-0.2301,,SAFE_STOP,大转后直线脱离仍未改善，停车等待,front,-0.4235,0.0033,1,stop,0.0,,0.0,0,0,1
2.877,541.0,834.0,375.0,1032.0,-0.3401,0.0806,-0.2284,-0.2317,-0.2301,,SAFE_STOP,大转后直线脱离仍未改善，停车等待,front,-0.4207,0.0033,1,stop,0.0,,0.0,0,0,1
2.898,540.0,834.0,376.0,1031.0,-0.3401,0.0784,-0.2284,-0.2317,-0.2301,,SAFE_STOP,大转后直线脱离仍未改善，停车等待,front,-0.4186,0.0033,1,stop,0.0,,0.0,0,0,1
2.918,540.0,834.0,376.0,1033.0,-0.3429,0.0784,-0.2284,-0.2317,-0.2301,,SAFE_STOP,大转后直线脱离仍未改善，停车等待,front,-0.4213,0.0033,1,stop,0.0,,0.0,0,0,1
2.938,541.0,836.0,376.0,1033.0,-0.3429,0.0784,-0.2284,-0.2296,-0.229,,SAFE_STOP,大转后直线脱离仍未改善，停车等待,front,-0.4213,0.0012,1,stop,0.0,,0.0,0,0,1
2.958,541.0,836.0,376.0,1033.0,-0.3401,0.0828,-0.2284,-0.2296,-0.229,,SAFE_STOP,大转后直线脱离仍未改善，停车等待,front,-0.4229,0.0012,1,stop,0.0,,0.0,0,0,1
2.978,538.0,833.0,375.0,1030.0,-0.3401,0.0828,-0.2284,-0.2296,-0.229,,SAFE_STOP,大转后直线脱离仍未改善，停车等待,front,-0.4229,0.0012,1,stop,0.0,,0.0,0,0,1
2.998,538.0,832.0,374.0,1030.0,-0.3483,0.0763,-0.2312,-0.2359,-0.2336,,SAFE_STOP,大转后直线脱离仍未改善，停车等待,front,-0.4246,0.0047,1,stop,0.0,,0.0,0,0,1
3.018,540.0,834.0,375.0,1032.0,-0.3483,0.0763,-0.2312,-0.2359,-0.2336,,SAFE_STOP,大转后直线脱离仍未改善，停车等待,front,-0.4246,0.0047,1,stop,0.0,,0.0,0,0,1
3.038,540.0,834.0,375.0,1031.0,-0.3429,0.0784,-0.2312,-0.2338,-0.2325,,SAFE_STOP,大转后直线脱离仍未改善，停车等待,front,-0.4213,0.0026,1,stop,0.0,,0.0,0,0,1
3.058,540.0,835.0,376.0,1032.0,-0.3429,0.0784,-0.2312,-0.2317,-0.2315,,SAFE_STOP,大转后直线脱离仍未改善，停车等待,front,-0.4213,0.0005,1,stop,0.0,,0.0,0,0,1
3.078,540.0,834.0,375.0,1032.0,-0.3429,0.0784,-0.2312,-0.2317,-0.2315,,SAFE_STOP,大转后直线脱离仍未改善，停车等待,front,-0.4213,0.0005,1,stop,0.0,,0.0,0,0,1
3.099,540.0,834.0,376.0,1033.0,-0.3429,0.0784,-0.2284,-0.2317,-0.2301,,SAFE_STOP,大转后直线脱离仍未改善，停车等待,front,-0.4213,0.0033,1,stop,0.0,,0.0,0,0,1
3.119,540.0,834.0,377.0,1031.0,-0.3429,0.0784,-0.2284,-0.2317,-0.2301,,SAFE_STOP,大转后直线脱离仍未改善，停车等待,front,-0.4213,0.0033,1,stop,0.0,,0.0,0,0,1
3.139,540.0,834.0,376.0,1032.0,-0.3429,0.0784,-0.2284,-0.2317,-0.2301,,SAFE_STOP,大转后直线脱离仍未改善，停车等待,front,-0.4213,0.0033,1,stop,0.0,,0.0,0,0,1
3.159,540.0,834.0,376.0,1034.0,-0.3429,0.0784,-0.2284,-0.2317,-0.2301,,SAFE_STOP,大转后直线脱离仍未改善，停车等待,front,-0.4213,0.0033,1,stop,0.0,,0.0,0,0,1
3.179,540.0,833.0,376.0,1032.0,-0.3429,0.0784,-0.2284,-0.2317,-0.2301,,SAFE_STOP,大转后直线脱离仍未改善，停车等待,front,-0.4213,0.0033,1,stop,0.0,,0.0,0,0,1
3.199,539.0,832.0,374.0,1031.0,-0.3429,0.0763,-0.2284,-0.2317,-0.2301,,SAFE_STOP,大转后直线脱离仍未改善，停车等待,front,-0.4191,0.0033,1,stop,0.0,,0.0,0,0,1
3.219,539.0,833.0,375.0,1030.0,-0.3456,0.0763,-0.2312,-0.2338,-0.2325,,SAFE_STOP,大转后直线脱离仍未改善，停车等待,front,-0.4218,0.0026,1,stop,0.0,,0.0,0,0,1
3.239,539.0,832.0,375.0,1030.0,-0.3456,0.0741,-0.2312,-0.2359,-0.2336,,SAFE_STOP,大转后直线脱离仍未改善，停车等待,front,-0.4197,0.0047,1,stop,0.0,,0.0,0,0,1
3.259,539.0,832.0,374.0,1030.0,-0.3456,0.0741,-0.2312,-0.2359,-0.2336,,SAFE_STOP,大转后直线脱离仍未改善，停车等待,front,-0.4197,0.0047,1,stop,0.0,,0.0,0,0,1
3.28,540.0,833.0,375.0,1032.0,-0.3456,0.0741,-0.2312,-0.2359,-0.2336,,SAFE_STOP,大转后直线脱离仍未改善，停车等待,front,-0.4197,0.0047,1,stop,0.0,,0.0,0,0,1
3.3,540.0,833.0,375.0,1029.0,-0.3429,0.0763,-0.2312,-0.2359,-0.2336,,SAFE_STOP,大转后直线脱离仍未改善，停车等待,front,-0.4191,0.0047,1,stop,0.0,,0.0,0,0,1
3.32,540.0,832.0,376.0,1031.0,-0.3429,0.0763,-0.2312,-0.2338,-0.2325,,SAFE_STOP,大转后直线脱离仍未改善，停车等待,front,-0.4191,0.0026,1,stop,0.0,,0.0,0,0,1
3.34,540.0,832.0,375.0,1030.0,-0.3429,0.0741,-0.2312,-0.2359,-0.2336,,SAFE_STOP,大转后直线脱离仍未改善，停车等待,front,-0.4169,0.0047,1,stop,0.0,,0.0,0,0,1
3.36,540.0,832.0,375.0,1032.0,-0.3429,0.0741,-0.2312,-0.2338,-0.2325,,SAFE_STOP,大转后直线脱离仍未改善，停车等待,front,-0.4169,0.0026,1,stop,0.0,,0.0,0,0,1
3.38,540.0,832.0,375.0,1032.0,-0.3429,0.0741,-0.2312,-0.2317,-0.2315,,SAFE_STOP,大转后直线脱离仍未改善，停车等待,front,-0.4169,0.0005,1,stop,0.0,,0.0,0,0,1
3.4,539.0,832.0,375.0,1030.0,-0.3429,0.0741,-0.2312,-0.2317,-0.2315,,SAFE_STOP,大转后直线脱离仍未改善，停车等待,front,-0.4169,0.0005,1,stop,0.0,,0.0,0,0,1
3.42,538.0,832.0,374.0,1029.0,-0.3456,0.0741,-0.2312,-0.2359,-0.2336,,SAFE_STOP,大转后直线脱离仍未改善，停车等待,front,-0.4197,0.0047,1,stop,0.0,,0.0,0,0,1
3.44,539.0,832.0,375.0,1030.0,-0.3456,0.0741,-0.2312,-0.2359,-0.2336,,SAFE_STOP,大转后直线脱离仍未改善，停车等待,front,-0.4197,0.0047,1,stop,0.0,,0.0,0,0,1
3.461,540.0,832.0,375.0,1030.0,-0.3456,0.0741,-0.2312,-0.2359,-0.2336,,SAFE_STOP,大转后直线脱离仍未改善，停车等待,front,-0.4197,0.0047,1,stop,0.0,,0.0,0,0,1
3.481,539.0,831.0,375.0,1028.0,-0.3456,0.0741,-0.2312,-0.2359,-0.2336,,SAFE_STOP,大转后直线脱离仍未改善，停车等待,front,-0.4197,0.0047,1,stop,0.0,,0.0,0,0,1
3.501,539.0,833.0,374.0,1030.0,-0.3456,0.0741,-0.2312,-0.2359,-0.2336,,SAFE_STOP,大转后直线脱离仍未改善，停车等待,front,-0.4197,0.0047,1,stop,0.0,,0.0,0,0,1
3.521,540.0,832.0,375.0,1031.0,-0.3456,0.0741,-0.2312,-0.2359,-0.2336,,SAFE_STOP,大转后直线脱离仍未改善，停车等待,front,-0.4197,0.0047,1,stop,0.0,,0.0,0,0,1
3.541,539.0,832.0,374.0,1029.0,-0.3456,0.0741,-0.234,-0.2359,-0.2349,,SAFE_STOP,大转后直线脱离仍未改善，停车等待,front,-0.4197,0.0019,1,stop,0.0,,0.0,0,0,1
3.561,540.0,832.0,375.0,1030.0,-0.3429,0.0741,-0.2312,-0.2359,-0.2336,,SAFE_STOP,大转后直线脱离仍未改善，停车等待,front,-0.4169,0.0047,1,stop,0.0,,0.0,0,0,1
3.581,539.0,832.0,375.0,1030.0,-0.3456,0.0741,-0.2312,-0.2359,-0.2336,,SAFE_STOP,大转后直线脱离仍未改善，停车等待,front,-0.4197,0.0047,1,stop,0.0,,0.0,0,0,1
3.601,539.0,830.0,374.0,1029.0,-0.3456,0.0741,-0.2312,-0.2359,-0.2336,,SAFE_STOP,大转后直线脱离仍未改善，停车等待,front,-0.4197,0.0047,1,stop,0.0,,0.0,0,0,1
3.621,539.0,832.0,374.0,1030.0,-0.3456,0.0741,-0.234,-0.2359,-0.2349,,SAFE_STOP,大转后直线脱离仍未改善，停车等待,front,-0.4197,0.0019,1,stop,0.0,,0.0,0,0,1
3.642,539.0,832.0,374.0,1029.0,-0.3456,0.0741,-0.234,-0.238,-0.236,,SAFE_STOP,大转后直线脱离仍未改善，停车等待,front,-0.4197,0.004,1,stop,0.0,,0.0,0,0,1
3.662,537.0,829.0,373.0,1027.0,-0.3456,0.0741,-0.234,-0.238,-0.236,,SAFE_STOP,大转后直线脱离仍未改善，停车等待,front,-0.4197,0.004,1,stop,0.0,,0.0,0,0,1
3.682,539.0,832.0,374.0,1030.0,-0.3456,0.0741,-0.234,-0.238,-0.236,,SAFE_STOP,大转后直线脱离仍未改善，停车等待,front,-0.4197,0.004,1,stop,0.0,,0.0,0,0,1
3.702,540.0,831.0,375.0,1030.0,-0.3456,0.0719,-0.234,-0.2359,-0.2349,,SAFE_STOP,大转后直线脱离仍未改善，停车等待,front,-0.4175,0.0019,1,stop,0.0,,0.0,0,0,1
3.722,538.0,831.0,375.0,1029.0,-0.3456,0.0719,-0.2312,-0.2359,-0.2336,,SAFE_STOP,大转后直线脱离仍未改善，停车等待,front,-0.4175,0.0047,1,stop,0.0,,0.0,0,0,1
3.742,539.0,830.0,375.0,1030.0,-0.3456,0.0719,-0.2312,-0.2359,-0.2336,,SAFE_STOP,大转后直线脱离仍未改善，停车等待,front,-0.4175,0.0047,1,stop,0.0,,0.0,0,0,1
3.762,539.0,833.0,375.0,1031.0,-0.3456,0.0719,-0.2312,-0.2359,-0.2336,,SAFE_STOP,大转后直线脱离仍未改善，停车等待,front,-0.4175,0.0047,1,stop,0.0,,0.0,0,0,1
3.782,540.0,832.0,375.0,1031.0,-0.3456,0.0741,-0.2312,-0.2338,-0.2325,,SAFE_STOP,大转后直线脱离仍未改善，停车等待,front,-0.4197,0.0026,1,stop,0.0,,0.0,0,0,1
3.803,540.0,832.0,375.0,1031.0,-0.3429,0.0741,-0.2312,-0.2338,-0.2325,,SAFE_STOP,大转后直线脱离仍未改善，停车等待,front,-0.4169,0.0026,1,stop,0.0,,0.0,0,0,1
3.823,539.0,832.0,375.0,1030.0,-0.3429,0.0741,-0.2312,-0.2338,-0.2325,,SAFE_STOP,大转后直线脱离仍未改善，停车等待,front,-0.4169,0.0026,1,stop,0.0,,0.0,0,0,1
3.843,537.0,829.0,374.0,1028.0,-0.3456,0.0741,-0.2312,-0.2359,-0.2336,,SAFE_STOP,大转后直线脱离仍未改善，停车等待,front,-0.4197,0.0047,1,stop,0.0,,0.0,0,0,1
3.863,539.0,831.0,375.0,1031.0,-0.3456,0.0719,-0.2312,-0.2359,-0.2336,,SAFE_STOP,大转后直线脱离仍未改善，停车等待,front,-0.4175,0.0047,1,stop,0.0,,0.0,0,0,1
3.883,539.0,831.0,374.0,1030.0,-0.3456,0.0719,-0.234,-0.2359,-0.2349,,SAFE_STOP,大转后直线脱离仍未改善，停车等待,front,-0.4175,0.0019,1,stop,0.0,,0.0,0,0,1
3.903,540.0,832.0,375.0,1031.0,-0.3456,0.0719,-0.2312,-0.2338,-0.2325,,SAFE_STOP,大转后直线脱离仍未改善，停车等待,front,-0.4175,0.0026,1,stop,0.0,,0.0,0,0,1
3.923,539.0,832.0,375.0,1030.0,-0.3456,0.0741,-0.2312,-0.2359,-0.2336,,SAFE_STOP,大转后直线脱离仍未改善，停车等待,front,-0.4197,0.0047,1,stop,0.0,,0.0,0,0,1
3.943,539.0,830.0,374.0,1030.0,-0.3456,0.0741,-0.2312,-0.2359,-0.2336,,SAFE_STOP,大转后直线脱离仍未改善，停车等待,front,-0.4197,0.0047,1,stop,0.0,,0.0,0,0,1
3.963,539.0,832.0,374.0,1030.0,-0.3456,0.0741,-0.234,-0.2359,-0.2349,,SAFE_STOP,大转后直线脱离仍未改善，停车等待,front,-0.4197,0.0019,1,stop,0.0,,0.0,0,0,1
3.983,539.0,832.0,375.0,1030.0,-0.3456,0.0741,-0.234,-0.2359,-0.2349,,SAFE_STOP,大转后直线脱离仍未改善，停车等待,front,-0.4197,0.0019,1,stop,0.0,,0.0,0,0,1
4.004,539.0,832.0,374.0,1030.0,-0.3456,0.0741,-0.234,-0.2359,-0.2349,,SAFE_STOP,大转后直线脱离仍未改善，停车等待,front,-0.4197,0.0019,1,stop,0.0,,0.0,0,0,1
4.024,540.0,832.0,375.0,1030.0,-0.3456,0.0741,-0.2312,-0.2359,-0.2336,,SAFE_STOP,大转后直线脱离仍未改善，停车等待,front,-0.4197,0.0047,1,stop,0.0,,0.0,0,0,1
4.044,539.0,831.0,374.0,1030.0,-0.3456,0.0741,-0.234,-0.2359,-0.2349,,SAFE_STOP,大转后直线脱离仍未改善，停车等待,front,-0.4197,0.0019,1,stop,0.0,,0.0,0,0,1
4.064,540.0,832.0,375.0,1030.0,-0.3429,0.0741,-0.2312,-0.2359,-0.2336,,SAFE_STOP,大转后直线脱离仍未改善，停车等待,front,-0.4169,0.0047,1,stop,0.0,,0.0,0,0,1
4.084,539.0,831.0,374.0,1030.0,-0.3456,0.0719,-0.234,-0.2359,-0.2349,,SAFE_STOP,大转后直线脱离仍未改善，停车等待,front,-0.4175,0.0019,1,stop,0.0,,0.0,0,0,1
4.104,540.0,831.0,375.0,1030.0,-0.3429,0.0719,-0.2312,-0.2359,-0.2336,,SAFE_STOP,大转后直线脱离仍未改善，停车等待,front,-0.4148,0.0047,1,stop,0.0,,0.0,0,0,1
4.124,539.0,831.0,376.0,1031.0,-0.3456,0.0719,-0.2312,-0.2359,-0.2336,,SAFE_STOP,大转后直线脱离仍未改善，停车等待,front,-0.4175,0.0047,1,stop,0.0,,0.0,0,0,1
4.144,539.0,832.0,375.0,1031.0,-0.3456,0.0719,-0.2312,-0.2338,-0.2325,,SAFE_STOP,大转后直线脱离仍未改善，停车等待,front,-0.4175,0.0026,1,stop,0.0,,0.0,0,0,1
4.164,539.0,831.0,374.0,1031.0,-0.3456,0.0719,-0.2312,-0.2338,-0.2325,,SAFE_STOP,大转后直线脱离仍未改善，停车等待,front,-0.4175,0.0026,1,stop,0.0,,0.0,0,0,1
4.185,539.0,830.0,374.0,1029.0,-0.3456,0.0719,-0.234,-0.2338,-0.2339,,SAFE_STOP,大转后直线脱离仍未改善，停车等待,front,-0.4175,-0.0002,1,stop,0.0,,0.0,0,0,1
4.205,540.0,832.0,375.0,1031.0,-0.3456,0.0719,-0.234,-0.2338,-0.2339,,SAFE_STOP,大转后直线脱离仍未改善，停车等待,front,-0.4175,-0.0002,1,stop,0.0,,0.0,0,0,1
4.225,540.0,831.0,375.0,1030.0,-0.3429,0.0719,-0.2312,-0.2359,-0.2336,,SAFE_STOP,大转后直线脱离仍未改善，停车等待,front,-0.4148,0.0047,1,stop,0.0,,0.0,0,0,1
4.245,540.0,831.0,375.0,1030.0,-0.3429,0.0719,-0.2312,-0.2359,-0.2336,,SAFE_STOP,大转后直线脱离仍未改善，停车等待,front,-0.4148,0.0047,1,stop,0.0,,0.0,0,0,1
4.265,539.0,831.0,375.0,1031.0,-0.3429,0.0719,-0.2312,-0.2359,-0.2336,,SAFE_STOP,大转后直线脱离仍未改善，停车等待,front,-0.4148,0.0047,1,stop,0.0,,0.0,0,0,1
4.285,539.0,830.0,375.0,1028.0,-0.3456,0.0719,-0.2312,-0.2359,-0.2336,,SAFE_STOP,大转后直线脱离仍未改善，停车等待,front,-0.4175,0.0047,1,stop,0.0,,0.0,0,0,1
4.305,540.0,832.0,375.0,1032.0,-0.3456,0.0719,-0.2312,-0.2338,-0.2325,,SAFE_STOP,大转后直线脱离仍未改善，停车等待,front,-0.4175,0.0026,1,stop,0.0,,0.0,0,0,1
4.325,539.0,831.0,375.0,1030.0,-0.3456,0.0719,-0.2312,-0.2359,-0.2336,,SAFE_STOP,大转后直线脱离仍未改善，停车等待,front,-0.4175,0.0047,1,stop,0.0,,0.0,0,0,1
4.345,539.0,832.0,375.0,1031.0,-0.3456,0.0741,-0.2312,-0.2338,-0.2325,,SAFE_STOP,大转后直线脱离仍未改善，停车等待,front,-0.4197,0.0026,1,stop,0.0,,0.0,0,0,1
4.366,538.0,830.0,374.0,1030.0,-0.3456,0.0719,-0.2312,-0.2359,-0.2336,,SAFE_STOP,大转后直线脱离仍未改善，停车等待,front,-0.4175,0.0047,1,stop,0.0,,0.0,0,0,1
4.386,538.0,830.0,375.0,1030.0,-0.3483,0.0697,-0.2312,-0.2359,-0.2336,,SAFE_STOP,大转后直线脱离仍未改善，停车等待,front,-0.418,0.0047,1,stop,0.0,,0.0,0,0,1
4.406,539.0,831.0,375.0,1031.0,-0.3483,0.0697,-0.2312,-0.2359,-0.2336,,SAFE_STOP,大转后直线脱离仍未改善，停车等待,front,-0.418,0.0047,1,stop,0.0,,0.0,0,0,1
4.426,540.0,832.0,375.0,1030.0,-0.3456,0.0719,-0.2312,-0.2359,-0.2336,,SAFE_STOP,大转后直线脱离仍未改善，停车等待,front,-0.4175,0.0047,1,stop,0.0,,0.0,0,0,1
4.446,540.0,831.0,375.0,1029.0,-0.3429,0.0719,-0.2312,-0.2359,-0.2336,,SAFE_STOP,大转后直线脱离仍未改善，停车等待,front,-0.4148,0.0047,1,stop,0.0,,0.0,0,0,1
4.466,539.0,831.0,374.0,1031.0,-0.3429,0.0719,-0.2312,-0.2359,-0.2336,,SAFE_STOP,大转后直线脱离仍未改善，停车等待,front,-0.4148,0.0047,1,stop,0.0,,0.0,0,0,1
4.486,539.0,831.0,375.0,1031.0,-0.3456,0.0719,-0.2312,-0.2338,-0.2325,,SAFE_STOP,大转后直线脱离仍未改善，停车等待,front,-0.4175,0.0026,1,stop,0.0,,0.0,0,0,1
4.506,540.0,831.0,375.0,1031.0,-0.3456,0.0719,-0.2312,-0.2338,-0.2325,,SAFE_STOP,大转后直线脱离仍未改善，停车等待,front,-0.4175,0.0026,1,stop,0.0,,0.0,0,0,1
4.526,539.0,830.0,374.0,1030.0,-0.3456,0.0719,-0.2312,-0.2338,-0.2325,,SAFE_STOP,大转后直线脱离仍未改善，停车等待,front,-0.4175,0.0026,1,stop,0.0,,0.0,0,0,1
4.547,540.0,830.0,375.0,1030.0,-0.3429,0.0697,-0.2312,-0.2359,-0.2336,,SAFE_STOP,大转后直线脱离仍未改善，停车等待,front,-0.4126,0.0047,1,stop,0.0,,0.0,0,0,1
4.567,540.0,831.0,375.0,1032.0,-0.3429,0.0697,-0.2312,-0.2359,-0.2336,,SAFE_STOP,大转后直线脱离仍未改善，停车等待,front,-0.4126,0.0047,1,stop,0.0,,0.0,0,0,1
4.587,540.0,832.0,375.0,1032.0,-0.3429,0.0719,-0.2312,-0.2317,-0.2315,,SAFE_STOP,大转后直线脱离仍未改善，停车等待,front,-0.4148,0.0005,1,stop,0.0,,0.0,0,0,1
4.607,538.0,831.0,375.0,1031.0,-0.3429,0.0719,-0.2312,-0.2317,-0.2315,,SAFE_STOP,大转后直线脱离仍未改善，停车等待,front,-0.4148,0.0005,1,stop,0.0,,0.0,0,0,1
4.627,540.0,832.0,375.0,1031.0,-0.3429,0.0741,-0.2312,-0.2338,-0.2325,,SAFE_STOP,大转后直线脱离仍未改善，停车等待,front,-0.4169,0.0026,1,stop,0.0,,0.0,0,0,1
4.647,539.0,830.0,374.0,1030.0,-0.3456,0.0719,-0.2312,-0.2338,-0.2325,,SAFE_STOP,大转后直线脱离仍未改善，停车等待,front,-0.4175,0.0026,1,stop,0.0,,0.0,0,0,1
4.667,540.0,830.0,375.0,1030.0,-0.3429,0.0697,-0.2312,-0.2359,-0.2336,,SAFE_STOP,大转后直线脱离仍未改善，停车等待,front,-0.4126,0.0047,1,stop,0.0,,0.0,0,0,1
4.687,540.0,830.0,375.0,1030.0,-0.3429,0.0697,-0.2312,-0.2359,-0.2336,,SAFE_STOP,大转后直线脱离仍未改善，停车等待,front,-0.4126,0.0047,1,stop,0.0,,0.0,0,0,1
4.708,538.0,829.0,374.0,1029.0,-0.3429,0.0697,-0.2312,-0.2359,-0.2336,,SAFE_STOP,大转后直线脱离仍未改善，停车等待,front,-0.4126,0.0047,1,stop,0.0,,0.0,0,0,1
4.728,538.0,829.0,374.0,1029.0,-0.3483,0.0675,-0.234,-0.238,-0.236,,SAFE_STOP,大转后直线脱离仍未改善，停车等待,front,-0.4158,0.004,1,stop,0.0,,0.0,0,0,1
4.748,538.0,829.0,374.0,1029.0,-0.3483,0.0675,-0.234,-0.238,-0.236,,SAFE_STOP,大转后直线脱离仍未改善，停车等待,front,-0.4158,0.004,1,stop,0.0,,0.0,0,0,1
4.768,539.0,829.0,376.0,1029.0,-0.3483,0.0675,-0.234,-0.238,-0.236,,SAFE_STOP,大转后直线脱离仍未改善，停车等待,front,-0.4158,0.004,1,stop,0.0,,0.0,0,0,1
4.788,538.0,830.0,374.0,1030.0,-0.3483,0.0675,-0.234,-0.238,-0.236,,SAFE_STOP,大转后直线脱离仍未改善，停车等待,front,-0.4158,0.004,1,stop,0.0,,0.0,0,0,1
4.808,537.0,827.0,372.0,1027.0,-0.3483,0.0675,-0.234,-0.238,-0.236,,SAFE_STOP,大转后直线脱离仍未改善，停车等待,front,-0.4158,0.004,1,stop,0.0,,0.0,0,0,1
4.828,537.0,826.0,374.0,1027.0,-0.351,0.0632,-0.234,-0.2422,-0.2381,,SAFE_STOP,大转后直线脱离仍未改善，停车等待,front,-0.4142,0.0082,1,stop,0.0,,0.0,0,0,1
4.849,537.0,829.0,373.0,1028.0,-0.351,0.0632,-0.2368,-0.2422,-0.2395,,SAFE_STOP,大转后直线脱离仍未改善，停车等待,front,-0.4142,0.0054,1,stop,0.0,,0.0,0,0,1
4.869,537.0,827.0,374.0,1028.0,-0.351,0.0632,-0.234,-0.2401,-0.237,,SAFE_STOP,大转后直线脱离仍未改善，停车等待,front,-0.4142,0.0061,1,stop,0.0,,0.0,0,0,1
4.889,537.0,828.0,373.0,1026.0,-0.351,0.0654,-0.2368,-0.2401,-0.2384,,SAFE_STOP,大转后直线脱离仍未改善，停车等待,front,-0.4164,0.0033,1,stop,0.0,,0.0,0,0,1
4.909,537.0,827.0,374.0,1026.0,-0.351,0.0632,-0.234,-0.2443,-0.2391,,SAFE_STOP,大转后直线脱离仍未改善，停车等待,front,-0.4142,0.0103,1,stop,0.0,,0.0,0,0,1
4.929,537.0,827.0,373.0,1027.0,-0.351,0.0632,-0.2368,-0.2443,-0.2405,,SAFE_STOP,大转后直线脱离仍未改善，停车等待,front,-0.4142,0.0075,1,stop,0.0,,0.0,0,0,1
4.949,537.0,826.0,372.0,1026.0,-0.351,0.0632,-0.2368,-0.2443,-0.2405,,SAFE_STOP,大转后直线脱离仍未改善，停车等待,front,-0.4142,0.0075,1,stop,0.0,,0.0,0,0,1
4.97,538.0,827.0,374.0,1027.0,-0.351,0.0632,-0.2368,-0.2422,-0.2395,,SAFE_STOP,大转后直线脱离仍未改善，停车等待,front,-0.4142,0.0054,1,stop,0.0,,0.0,0,0,1
4.99,538.0,827.0,373.0,1029.0,-0.3483,0.0632,-0.2368,-0.2422,-0.2395,,SAFE_STOP,大转后直线脱离仍未改善，停车等待,front,-0.4115,0.0054,1,stop,0.0,,0.0,0,0,1
5.01,538.0,825.0,373.0,1027.0,-0.3483,0.0632,-0.2368,-0.2422,-0.2395,,SAFE_STOP,大转后直线脱离仍未改善，停车等待,front,-0.4115,0.0054,1,stop,0.0,,0.0,0,0,1
5.03,538.0,829.0,375.0,1030.0,-0.3483,0.0632,-0.2368,-0.238,-0.2374,,SAFE_STOP,大转后直线脱离仍未改善，停车等待,front,-0.4115,0.0012,1,stop,0.0,,0.0,0,0,1
5.05,537.0,826.0,372.0,1027.0,-0.3483,0.061,-0.2368,-0.2422,-0.2395,,SAFE_STOP,大转后直线脱离仍未改善，停车等待,front,-0.4093,0.0054,1,stop,0.0,,0.0,0,0,1
5.07,537.0,826.0,373.0,1028.0,-0.351,0.061,-0.2368,-0.2401,-0.2384,,SAFE_STOP,大转后直线脱离仍未改善，停车等待,front,-0.412,0.0033,1,stop,0.0,,0.0,0,0,1
5.09,537.0,826.0,373.0,1027.0,-0.351,0.061,-0.2368,-0.2422,-0.2395,,SAFE_STOP,大转后直线脱离仍未改善，停车等待,front,-0.412,0.0054,1,stop,0.0,,0.0,0,0,1
5.11,537.0,827.0,373.0,1028.0,-0.351,0.061,-0.2368,-0.2401,-0.2384,,SAFE_STOP,大转后直线脱离仍未改善，停车等待,front,-0.412,0.0033,1,stop,0.0,,0.0,0,0,1
5.131,536.0,826.0,373.0,1028.0,-0.351,0.061,-0.2368,-0.2401,-0.2384,,SAFE_STOP,大转后直线脱离仍未改善，停车等待,front,-0.412,0.0033,1,stop,0.0,,0.0,0,0,1
5.151,536.0,825.0,372.0,1025.0,-0.3537,0.061,-0.2368,-0.2401,-0.2384,,SAFE_STOP,大转后直线脱离仍未改善，停车等待,front,-0.4147,0.0033,1,stop,0.0,,0.0,0,0,1
5.171,538.0,828.0,374.0,1028.0,-0.3537,0.061,-0.2368,-0.2401,-0.2384,,SAFE_STOP,大转后直线脱离仍未改善，停车等待,front,-0.4147,0.0033,1,stop,0.0,,0.0,0,0,1
5.191,539.0,830.0,374.0,1032.0,-0.3483,0.0654,-0.234,-0.2401,-0.237,,SAFE_STOP,大转后直线脱离仍未改善，停车等待,front,-0.4137,0.0061,1,stop,0.0,,0.0,0,0,1
5.211,537.0,827.0,373.0,1027.0,-0.3483,0.0654,-0.234,-0.2401,-0.237,,SAFE_STOP,大转后直线脱离仍未改善，停车等待,front,-0.4137,0.0061,1,stop,0.0,,0.0,0,0,1
5.231,538.0,828.0,373.0,1027.0,-0.3483,0.0654,-0.2368,-0.2422,-0.2395,,SAFE_STOP,大转后直线脱离仍未改善，停车等待,front,-0.4137,0.0054,1,stop,0.0,,0.0,0,0,1
5.251,538.0,828.0,373.0,1028.0,-0.3483,0.0654,-0.2368,-0.2422,-0.2395,,SAFE_STOP,大转后直线脱离仍未改善，停车等待,front,-0.4137,0.0054,1,stop,0.0,,0.0,0,0,1
5.271,538.0,828.0,373.0,1028.0,-0.3483,0.0654,-0.2368,-0.2401,-0.2384,,SAFE_STOP,大转后直线脱离仍未改善，停车等待,front,-0.4137,0.0033,1,stop,0.0,,0.0,0,0,1
5.291,538.0,828.0,374.0,1029.0,-0.3483,0.0654,-0.2368,-0.2401,-0.2384,,SAFE_STOP,大转后直线脱离仍未改善，停车等待,front,-0.4137,0.0033,1,stop,0.0,,0.0,0,0,1
5.311,539.0,829.0,375.0,1031.0,-0.3483,0.0654,-0.234,-0.238,-0.236,,SAFE_STOP,大转后直线脱离仍未改善，停车等待,front,-0.4137,0.004,1,stop,0.0,,0.0,0,0,1
5.331,540.0,829.0,376.0,1032.0,-0.3456,0.0675,-0.2312,-0.2338,-0.2325,,SAFE_STOP,大转后直线脱离仍未改善，停车等待,front,-0.4131,0.0026,1,stop,0.0,,0.0,0,0,1
5.352,539.0,830.0,374.0,1030.0,-0.3456,0.0675,-0.2312,-0.2338,-0.2325,,SAFE_STOP,大转后直线脱离仍未改善，停车等待,front,-0.4131,0.0026,1,stop,0.0,,0.0,0,0,1
5.372,538.0,828.0,374.0,1029.0,-0.3456,0.0675,-0.234,-0.2359,-0.2349,,SAFE_STOP,大转后直线脱离仍未改善，停车等待,front,-0.4131,0.0019,1,stop,0.0,,0.0,0,0,1
5.392,538.0,829.0,375.0,1031.0,-0.3483,0.0675,-0.234,-0.2359,-0.2349,,SAFE_STOP,大转后直线脱离仍未改善，停车等待,front,-0.4158,0.0019,1,stop,0.0,,0.0,0,0,1
5.412,541.0,829.0,374.0,1031.0,-0.3483,0.0675,-0.234,-0.2338,-0.2339,,SAFE_STOP,大转后直线脱离仍未改善，停车等待,front,-0.4158,-0.0002,1,stop,0.0,,0.0,0,0,1
5.432,539.0,829.0,375.0,1031.0,-0.3456,0.0675,-0.2312,-0.2338,-0.2325,,SAFE_STOP,大转后直线脱离仍未改善，停车等待,front,-0.4131,0.0026,1,stop,0.0,,0.0,0,0,1
5.452,538.0,828.0,375.0,1031.0,-0.3456,0.0675,-0.2312,-0.2338,-0.2325,,SAFE_STOP,大转后直线脱离仍未改善，停车等待,front,-0.4131,0.0026,1,stop,0.0,,0.0,0,0,1
5.472,539.0,829.0,375.0,1032.0,-0.3456,0.0675,-0.2312,-0.2338,-0.2325,,SAFE_STOP,大转后直线脱离仍未改善，停车等待,front,-0.4131,0.0026,1,stop,0.0,,0.0,0,0,1
5.492,540.0,830.0,374.0,1031.0,-0.3456,0.0675,-0.2312,-0.2338,-0.2325,,SAFE_STOP,大转后直线脱离仍未改善，停车等待,front,-0.4131,0.0026,1,stop,0.0,,0.0,0,0,1
5.512,540.0,830.0,375.0,1031.0,-0.3429,0.0697,-0.2312,-0.2338,-0.2325,,SAFE_STOP,大转后直线脱离仍未改善，停车等待,front,-0.4126,0.0026,1,stop,0.0,,0.0,0,0,1
5.532,539.0,830.0,375.0,1030.0,-0.3429,0.0697,-0.2312,-0.2338,-0.2325,,SAFE_STOP,大转后直线脱离仍未改善，停车等待,front,-0.4126,0.0026,1,stop,0.0,,0.0,0,0,1
5.552,539.0,827.0,374.0,1029.0,-0.3456,0.0697,-0.2312,-0.2359,-0.2336,,SAFE_STOP,大转后直线脱离仍未改善，停车等待,front,-0.4153,0.0047,1,stop,0.0,,0.0,0,0,1
5.572,539.0,829.0,375.0,1030.0,-0.3456,0.0675,-0.2312,-0.2359,-0.2336,,SAFE_STOP,大转后直线脱离仍未改善，停车等待,front,-0.4131,0.0047,1,stop,0.0,,0.0,0,0,1
5.593,539.0,829.0,375.0,1031.0,-0.3456,0.0675,-0.2312,-0.2359,-0.2336,,SAFE_STOP,大转后直线脱离仍未改善，停车等待,front,-0.4131,0.0047,1,stop,0.0,,0.0,0,0,1
5.613,540.0,829.0,375.0,1032.0,-0.3456,0.0675,-0.2312,-0.2338,-0.2325,,SAFE_STOP,大转后直线脱离仍未改善，停车等待,front,-0.4131,0.0026,1,stop,0.0,,0.0,0,0,1
5.633,538.0,829.0,374.0,1030.0,-0.3456,0.0675,-0.2312,-0.2338,-0.2325,,SAFE_STOP,大转后直线脱离仍未改善，停车等待,front,-0.4131,0.0026,1,stop,0.0,,0.0,0,0,1
5.653,539.0,829.0,375.0,1030.0,-0.3456,0.0675,-0.2312,-0.2359,-0.2336,,SAFE_STOP,大转后直线脱离仍未改善，停车等待,front,-0.4131,0.0047,1,stop,0.0,,0.0,0,0,1
5.673,539.0,828.0,374.0,1029.0,-0.3456,0.0675,-0.234,-0.2359,-0.2349,,SAFE_STOP,大转后直线脱离仍未改善，停车等待,front,-0.4131,0.0019,1,stop,0.0,,0.0,0,0,1
5.693,540.0,829.0,374.0,1032.0,-0.3456,0.0675,-0.234,-0.2359,-0.2349,,SAFE_STOP,大转后直线脱离仍未改善，停车等待,front,-0.4131,0.0019,1,stop,0.0,,0.0,0,0,1
5.713,539.0,830.0,374.0,1031.0,-0.3456,0.0675,-0.234,-0.2338,-0.2339,,SAFE_STOP,大转后直线脱离仍未改善，停车等待,front,-0.4131,-0.0002,1,stop,0.0,,0.0,0,0,1
5.733,537.0,827.0,374.0,1029.0,-0.3456,0.0675,-0.234,-0.2338,-0.2339,,SAFE_STOP,大转后直线脱离仍未改善，停车等待,front,-0.4131,-0.0002,1,stop,0.0,,0.0,0,0,1
5.753,538.0,829.0,374.0,1029.0,-0.3483,0.0675,-0.234,-0.238,-0.236,,SAFE_STOP,大转后直线脱离仍未改善，停车等待,front,-0.4158,0.004,1,stop,0.0,,0.0,0,0,1
5.773,539.0,829.0,374.0,1031.0,-0.3483,0.0675,-0.234,-0.238,-0.236,,SAFE_STOP,大转后直线脱离仍未改善，停车等待,front,-0.4158,0.004,1,stop,0.0,,0.0,0,0,1
5.793,539.0,828.0,375.0,1031.0,-0.3456,0.0675,-0.234,-0.2338,-0.2339,,SAFE_STOP,大转后直线脱离仍未改善，停车等待,front,-0.4131,-0.0002,1,stop,0.0,,0.0,0,0,1
5.813,538.0,828.0,374.0,1028.0,-0.3456,0.0654,-0.234,-0.2338,-0.2339,,SAFE_STOP,大转后直线脱离仍未改善，停车等待,front,-0.4109,-0.0002,1,stop,0.0,,0.0,0,0,1
5.833,539.0,829.0,375.0,1031.0,-0.3456,0.0654,-0.2312,-0.2338,-0.2325,,SAFE_STOP,大转后直线脱离仍未改善，停车等待,front,-0.4109,0.0026,1,stop,0.0,,0.0,0,0,1
5.854,540.0,830.0,375.0,1031.0,-0.3456,0.0675,-0.2312,-0.2338,-0.2325,,SAFE_STOP,大转后直线脱离仍未改善，停车等待,front,-0.4131,0.0026,1,stop,0.0,,0.0,0,0,1
5.874,538.0,829.0,374.0,1028.0,-0.3456,0.0675,-0.2312,-0.2338,-0.2325,,SAFE_STOP,大转后直线脱离仍未改善，停车等待,front,-0.4131,0.0026,1,stop,0.0,,0.0,0,0,1
5.894,540.0,830.0,375.0,1031.0,-0.3429,0.0697,-0.2312,-0.2338,-0.2325,,SAFE_STOP,大转后直线脱离仍未改善，停车等待,front,-0.4126,0.0026,1,stop,0.0,,0.0,0,0,1
5.914,539.0,828.0,375.0,1031.0,-0.3456,0.0675,-0.2312,-0.2338,-0.2325,,SAFE_STOP,大转后直线脱离仍未改善，停车等待,front,-0.4131,0.0026,1,stop,0.0,,0.0,0,0,1
5.934,539.0,829.0,375.0,1031.0,-0.3456,0.0675,-0.2312,-0.2338,-0.2325,,SAFE_STOP,大转后直线脱离仍未改善，停车等待,front,-0.4131,0.0026,1,stop,0.0,,0.0,0,0,1
5.954,539.0,829.0,375.0,1031.0,-0.3456,0.0675,-0.2312,-0.2338,-0.2325,,SAFE_STOP,大转后直线脱离仍未改善，停车等待,front,-0.4131,0.0026,1,stop,0.0,,0.0,0,0,1
5.974,539.0,828.0,374.0,1030.0,-0.3456,0.0675,-0.2312,-0.2338,-0.2325,,SAFE_STOP,大转后直线脱离仍未改善，停车等待,front,-0.4131,0.0026,1,stop,0.0,,0.0,0,0,1
5.994,539.0,828.0,374.0,1030.0,-0.3456,0.0654,-0.234,-0.2359,-0.2349,,SAFE_STOP,大转后直线脱离仍未改善，停车等待,front,-0.4109,0.0019,1,stop,0.0,,0.0,0,0,1
6.014,539.0,829.0,374.0,1030.0,-0.3456,0.0654,-0.234,-0.2359,-0.2349,,SAFE_STOP,大转后直线脱离仍未改善，停车等待,front,-0.4109,0.0019,1,stop,0.0,,0.0,0,0,1
6.034,540.0,829.0,374.0,1031.0,-0.3456,0.0675,-0.234,-0.2359,-0.2349,,SAFE_STOP,大转后直线脱离仍未改善，停车等待,front,-0.4131,0.0019,1,stop,0.0,,0.0,0,0,1
6.054,538.0,829.0,374.0,1030.0,-0.3456,0.0675,-0.234,-0.2359,-0.2349,,SAFE_STOP,大转后直线脱离仍未改善，停车等待,front,-0.4131,0.0019,1,stop,0.0,,0.0,0,0,1
6.074,540.0,828.0,375.0,1030.0,-0.3429,0.0675,-0.234,-0.2359,-0.2349,,SAFE_STOP,大转后直线脱离仍未改善，停车等待,front,-0.4104,0.0019,1,stop,0.0,,0.0,0,0,1
6.094,539.0,828.0,375.0,1030.0,-0.3456,0.0654,-0.2312,-0.2359,-0.2336,,SAFE_STOP,大转后直线脱离仍未改善，停车等待,front,-0.4109,0.0047,1,stop,0.0,,0.0,0,0,1
6.115,538.0,828.0,374.0,1030.0,-0.3456,0.0654,-0.2312,-0.2359,-0.2336,,SAFE_STOP,大转后直线脱离仍未改善，停车等待,front,-0.4109,0.0047,1,stop,0.0,,0.0,0,0,1
6.135,539.0,828.0,374.0,1030.0,-0.3456,0.0654,-0.234,-0.2359,-0.2349,,SAFE_STOP,大转后直线脱离仍未改善，停车等待,front,-0.4109,0.0019,1,stop,0.0,,0.0,0,0,1
6.155,539.0,828.0,374.0,1030.0,-0.3456,0.0654,-0.234,-0.2359,-0.2349,,SAFE_STOP,大转后直线脱离仍未改善，停车等待,front,-0.4109,0.0019,1,stop,0.0,,0.0,0,0,1
6.175,539.0,828.0,374.0,1030.0,-0.3456,0.0654,-0.234,-0.2359,-0.2349,,SAFE_STOP,大转后直线脱离仍未改善，停车等待,front,-0.4109,0.0019,1,stop,0.0,,0.0,0,0,1
6.195,539.0,829.0,375.0,1030.0,-0.3456,0.0654,-0.234,-0.2359,-0.2349,,SAFE_STOP,大转后直线脱离仍未改善，停车等待,front,-0.4109,0.0019,1,stop,0.0,,0.0,0,0,1
6.215,540.0,829.0,375.0,1031.0,-0.3456,0.0675,-0.2312,-0.2359,-0.2336,,SAFE_STOP,大转后直线脱离仍未改善，停车等待,front,-0.4131,0.0047,1,stop,0.0,,0.0,0,0,1
6.235,539.0,829.0,374.0,1030.0,-0.3456,0.0675,-0.2312,-0.2359,-0.2336,,SAFE_STOP,大转后直线脱离仍未改善，停车等待,front,-0.4131,0.0047,1,stop,0.0,,0.0,0,0,1
6.255,539.0,829.0,375.0,1032.0,-0.3456,0.0675,-0.2312,-0.2338,-0.2325,,SAFE_STOP,大转后直线脱离仍未改善，停车等待,front,-0.4131,0.0026,1,stop,0.0,,0.0,0,0,1
6.275,539.0,829.0,375.0,1031.0,-0.3456,0.0675,-0.2312,-0.2338,-0.2325,,SAFE_STOP,大转后直线脱离仍未改善，停车等待,front,-0.4131,0.0026,1,stop,0.0,,0.0,0,0,1
6.295,540.0,828.0,375.0,1030.0,-0.3456,0.0675,-0.2312,-0.2338,-0.2325,,SAFE_STOP,大转后直线脱离仍未改善，停车等待,front,-0.4131,0.0026,1,stop,0.0,,0.0,0,0,1
6.316,539.0,828.0,375.0,1031.0,-0.3456,0.0654,-0.2312,-0.2338,-0.2325,,SAFE_STOP,大转后直线脱离仍未改善，停车等待,front,-0.4109,0.0026,1,stop,0.0,,0.0,0,0,1
6.336,539.0,830.0,375.0,1031.0,-0.3456,0.0654,-0.2312,-0.2338,-0.2325,,SAFE_STOP,大转后直线脱离仍未改善，停车等待,front,-0.4109,0.0026,1,stop,0.0,,0.0,0,0,1
6.356,539.0,828.0,374.0,1028.0,-0.3456,0.0654,-0.2312,-0.2338,-0.2325,,SAFE_STOP,大转后直线脱离仍未改善，停车等待,front,-0.4109,0.0026,1,stop,0.0,,0.0,0,0,1
6.376,539.0,828.0,375.0,1030.0,-0.3456,0.0654,-0.2312,-0.2359,-0.2336,,SAFE_STOP,大转后直线脱离仍未改善，停车等待,front,-0.4109,0.0047,1,stop,0.0,,0.0,0,0,1
6.396,539.0,828.0,375.0,1030.0,-0.3456,0.0654,-0.2312,-0.2359,-0.2336,,SAFE_STOP,大转后直线脱离仍未改善，停车等待,front,-0.4109,0.0047,1,stop,0.0,,0.0,0,0,1
6.416,538.0,826.0,374.0,1030.0,-0.3456,0.0654,-0.2312,-0.2359,-0.2336,,SAFE_STOP,大转后直线脱离仍未改善，停车等待,front,-0.4109,0.0047,1,stop,0.0,,0.0,0,0,1
6.436,540.0,829.0,375.0,1030.0,-0.3456,0.0654,-0.2312,-0.2359,-0.2336,,SAFE_STOP,大转后直线脱离仍未改善，停车等待,front,-0.4109,0.0047,1,stop,0.0,,0.0,0,0,1
6.456,540.0,829.0,375.0,1030.0,-0.3429,0.0675,-0.2312,-0.2359,-0.2336,,SAFE_STOP,大转后直线脱离仍未改善，停车等待,front,-0.4104,0.0047,1,stop,0.0,,0.0,0,0,1
6.476,539.0,829.0,376.0,1032.0,-0.3429,0.0675,-0.2312,-0.2359,-0.2336,,SAFE_STOP,大转后直线脱离仍未改善，停车等待,front,-0.4104,0.0047,1,stop,0.0,,0.0,0,0,1
6.496,539.0,827.0,374.0,1029.0,-0.3456,0.0675,-0.2312,-0.2359,-0.2336,,SAFE_STOP,大转后直线脱离仍未改善，停车等待,front,-0.4131,0.0047,1,stop,0.0,,0.0,0,0,1
6.517,539.0,828.0,375.0,1031.0,-0.3456,0.0654,-0.2312,-0.2338,-0.2325,,SAFE_STOP,大转后直线脱离仍未改善，停车等待,front,-0.4109,0.0026,1,stop,0.0,,0.0,0,0,1
6.537,540.0,828.0,375.0,1030.0,-0.3456,0.0654,-0.2312,-0.2359,-0.2336,,SAFE_STOP,大转后直线脱离仍未改善，停车等待,front,-0.4109,0.0047,1,stop,0.0,,0.0,0,0,1
6.557,539.0,828.0,375.0,1029.0,-0.3456,0.0654,-0.2312,-0.2359,-0.2336,,SAFE_STOP,大转后直线脱离仍未改善，停车等待,front,-0.4109,0.0047,1,stop,0.0,,0.0,0,0,1
6.577,540.0,828.0,375.0,1031.0,-0.3429,0.0654,-0.2312,-0.2359,-0.2336,,SAFE_STOP,大转后直线脱离仍未改善，停车等待,front,-0.4082,0.0047,1,stop,0.0,,0.0,0,0,1
6.597,539.0,829.0,374.0,1031.0,-0.3456,0.0654,-0.2312,-0.2338,-0.2325,,SAFE_STOP,大转后直线脱离仍未改善，停车等待,front,-0.4109,0.0026,1,stop,0.0,,0.0,0,0,1
6.617,540.0,829.0,375.0,1031.0,-0.3429,0.0675,-0.2312,-0.2338,-0.2325,,SAFE_STOP,大转后直线脱离仍未改善，停车等待,front,-0.4104,0.0026,1,stop,0.0,,0.0,0,0,1
6.637,539.0,829.0,375.0,1031.0,-0.3456,0.0675,-0.2312,-0.2338,-0.2325,,SAFE_STOP,大转后直线脱离仍未改善，停车等待,front,-0.4131,0.0026,1,stop,0.0,,0.0,0,0,1
6.657,538.0,827.0,375.0,1030.0,-0.3456,0.0675,-0.2312,-0.2338,-0.2325,,SAFE_STOP,大转后直线脱离仍未改善，停车等待,front,-0.4131,0.0026,1,stop,0.0,,0.0,0,0,1
6.677,539.0,828.0,374.0,1030.0,-0.3456,0.0654,-0.2312,-0.2359,-0.2336,,SAFE_STOP,大转后直线脱离仍未改善，停车等待,front,-0.4109,0.0047,1,stop,0.0,,0.0,0,0,1
6.697,539.0,829.0,375.0,1032.0,-0.3456,0.0654,-0.2312,-0.2359,-0.2336,,SAFE_STOP,大转后直线脱离仍未改善，停车等待,front,-0.4109,0.0047,1,stop,0.0,,0.0,0,0,1
6.718,538.0,828.0,375.0,1030.0,-0.3456,0.0654,-0.2312,-0.2359,-0.2336,,SAFE_STOP,大转后直线脱离仍未改善，停车等待,front,-0.4109,0.0047,1,stop,0.0,,0.0,0,0,1
6.738,539.0,828.0,374.0,1030.0,-0.3456,0.0654,-0.2312,-0.2359,-0.2336,,SAFE_STOP,大转后直线脱离仍未改善，停车等待,front,-0.4109,0.0047,1,stop,0.0,,0.0,0,0,1
6.758,539.0,829.0,374.0,1032.0,-0.3456,0.0654,-0.234,-0.2359,-0.2349,,SAFE_STOP,大转后直线脱离仍未改善，停车等待,front,-0.4109,0.0019,1,stop,0.0,,0.0,0,0,1
6.778,539.0,828.0,374.0,1031.0,-0.3456,0.0654,-0.234,-0.2338,-0.2339,,SAFE_STOP,大转后直线脱离仍未改善，停车等待,front,-0.4109,-0.0002,1,stop,0.0,,0.0,0,0,1
6.798,540.0,828.0,375.0,1031.0,-0.3456,0.0654,-0.234,-0.2338,-0.2339,,SAFE_STOP,大转后直线脱离仍未改善，停车等待,front,-0.4109,-0.0002,1,stop,0.0,,0.0,0,0,1
6.818,540.0,829.0,374.0,1031.0,-0.3429,0.0654,-0.234,-0.2338,-0.2339,,SAFE_STOP,大转后直线脱离仍未改善，停车等待,front,-0.4082,-0.0002,1,stop,0.0,,0.0,0,0,1
6.838,540.0,829.0,374.0,1031.0,-0.3429,0.0675,-0.234,-0.2338,-0.2339,,SAFE_STOP,大转后直线脱离仍未改善，停车等待,front,-0.4104,-0.0002,1,stop,0.0,,0.0,0,0,1
6.858,539.0,829.0,374.0,1030.0,-0.3429,0.0675,-0.234,-0.2338,-0.2339,,SAFE_STOP,大转后直线脱离仍未改善，停车等待,front,-0.4104,-0.0002,1,stop,0.0,,0.0,0,0,1
6.878,539.0,828.0,374.0,1030.0,-0.3456,0.0675,-0.234,-0.2359,-0.2349,,SAFE_STOP,大转后直线脱离仍未改善，停车等待,front,-0.4131,0.0019,1,stop,0.0,,0.0,0,0,1
6.899,540.0,828.0,374.0,1031.0,-0.3456,0.0654,-0.234,-0.2359,-0.2349,,SAFE_STOP,大转后直线脱离仍未改善，停车等待,front,-0.4109,0.0019,1,stop,0.0,,0.0,0,0,1
6.919,540.0,829.0,375.0,1032.0,-0.3429,0.0654,-0.234,-0.2338,-0.2339,,SAFE_STOP,大转后直线脱离仍未改善，停车等待,front,-0.4082,-0.0002,1,stop,0.0,,0.0,0,0,1
6.939,540.0,830.0,375.0,1032.0,-0.3429,0.0675,-0.2312,-0.2317,-0.2315,,SAFE_STOP,大转后直线脱离仍未改善，停车等待,front,-0.4104,0.0005,1,stop,0.0,,0.0,0,0,1
6.959,540.0,830.0,375.0,1033.0,-0.3429,0.0697,-0.2312,-0.2317,-0.2315,,SAFE_STOP,大转后直线脱离仍未改善，停车等待,front,-0.4126,0.0005,1,stop,0.0,,0.0,0,0,1
6.979,539.0,829.0,375.0,1031.0,-0.3429,0.0697,-0.2312,-0.2317,-0.2315,,SAFE_STOP,大转后直线脱离仍未改善，停车等待,front,-0.4126,0.0005,1,stop,0.0,,0.0,0,0,1
6.999,540.0,830.0,375.0,1033.0,-0.3429,0.0697,-0.2312,-0.2296,-0.2304,,SAFE_STOP,大转后直线脱离仍未改善，停车等待,front,-0.4126,-0.0016,1,stop,0.0,,0.0,0,0,1
7.019,540.0,829.0,375.0,1032.0,-0.3429,0.0675,-0.2312,-0.2317,-0.2315,,SAFE_STOP,大转后直线脱离仍未改善，停车等待,front,-0.4104,0.0005,1,stop,0.0,,0.0,0,0,1
7.039,540.0,830.0,375.0,1033.0,-0.3429,0.0697,-0.2312,-0.2296,-0.2304,,SAFE_STOP,大转后直线脱离仍未改善，停车等待,front,-0.4126,-0.0016,1,stop,0.0,,0.0,0,0,1
7.059,540.0,829.0,375.0,1032.0,-0.3429,0.0675,-0.2312,-0.2317,-0.2315,,SAFE_STOP,大转后直线脱离仍未改善，停车等待,front,-0.4104,0.0005,1,stop,0.0,,0.0,0,0,1
7.079,540.0,829.0,376.0,1032.0,-0.3429,0.0675,-0.2312,-0.2317,-0.2315,,SAFE_STOP,大转后直线脱离仍未改善，停车等待,front,-0.4104,0.0005,1,stop,0.0,,0.0,0,0,1
7.1,540.0,829.0,376.0,1032.0,-0.3429,0.0675,-0.2284,-0.2317,-0.2301,,SAFE_STOP,大转后直线脱离仍未改善，停车等待,front,-0.4104,0.0033,1,stop,0.0,,0.0,0,0,1
7.12,541.0,829.0,375.0,1032.0,-0.3429,0.0675,-0.2284,-0.2317,-0.2301,,SAFE_STOP,大转后直线脱离仍未改善，停车等待,front,-0.4104,0.0033,1,stop,0.0,,0.0,0,0,1
7.14,540.0,830.0,376.0,1033.0,-0.3429,0.0675,-0.2284,-0.2317,-0.2301,,SAFE_STOP,大转后直线脱离仍未改善，停车等待,front,-0.4104,0.0033,1,stop,0.0,,0.0,0,0,1
7.16,541.0,829.0,376.0,1033.0,-0.3401,0.0675,-0.2284,-0.2296,-0.229,,SAFE_STOP,大转后直线脱离仍未改善，停车等待,front,-0.4077,0.0012,1,stop,0.0,,0.0,0,0,1
7.18,540.0,829.0,375.0,1033.0,-0.3429,0.0675,-0.2284,-0.2296,-0.229,,SAFE_STOP,大转后直线脱离仍未改善，停车等待,front,-0.4104,0.0012,1,stop,0.0,,0.0,0,0,1
7.2,540.0,830.0,376.0,1032.0,-0.3429,0.0675,-0.2284,-0.2296,-0.229,,SAFE_STOP,大转后直线脱离仍未改善，停车等待,front,-0.4104,0.0012,1,stop,0.0,,0.0,0,0,1
7.22,540.0,830.0,376.0,1032.0,-0.3429,0.0697,-0.2284,-0.2317,-0.2301,,SAFE_STOP,大转后直线脱离仍未改善，停车等待,front,-0.4126,0.0033,1,stop,0.0,,0.0,0,0,1
7.24,541.0,829.0,375.0,1033.0,-0.3429,0.0697,-0.2284,-0.2317,-0.2301,,SAFE_STOP,大转后直线脱离仍未改善，停车等待,front,-0.4126,0.0033,1,stop,0.0,,0.0,0,0,1
7.26,540.0,828.0,375.0,1032.0,-0.3429,0.0675,-0.2312,-0.2317,-0.2315,,SAFE_STOP,大转后直线脱离仍未改善，停车等待,front,-0.4104,0.0005,1,stop,0.0,,0.0,0,0,1
7.281,540.0,830.0,375.0,1032.0,-0.3429,0.0675,-0.2312,-0.2317,-0.2315,,SAFE_STOP,大转后直线脱离仍未改善，停车等待,front,-0.4104,0.0005,1,stop,0.0,,0.0,0,0,1
7.301,539.0,827.0,374.0,1030.0,-0.3429,0.0654,-0.2312,-0.2317,-0.2315,,SAFE_STOP,大转后直线脱离仍未改善，停车等待,front,-0.4082,0.0005,1,stop,0.0,,0.0,0,0,1
7.321,540.0,830.0,376.0,1033.0,-0.3429,0.0697,-0.2312,-0.2317,-0.2315,,SAFE_STOP,大转后直线脱离仍未改善，停车等待,front,-0.4126,0.0005,1,stop,0.0,,0.0,0,0,1
7.341,540.0,829.0,375.0,1032.0,-0.3429,0.0675,-0.2312,-0.2317,-0.2315,,SAFE_STOP,大转后直线脱离仍未改善，停车等待,front,-0.4104,0.0005,1,stop,0.0,,0.0,0,0,1
7.361,540.0,827.0,374.0,1032.0,-0.3429,0.0675,-0.2312,-0.2317,-0.2315,,SAFE_STOP,大转后直线脱离仍未改善，停车等待,front,-0.4104,0.0005,1,stop,0.0,,0.0,0,0,1
7.381,539.0,829.0,376.0,1032.0,-0.3429,0.0675,-0.2312,-0.2317,-0.2315,,SAFE_STOP,大转后直线脱离仍未改善，停车等待,front,-0.4104,0.0005,1,stop,0.0,,0.0,0,0,1
7.401,540.0,830.0,375.0,1032.0,-0.3429,0.0675,-0.2312,-0.2317,-0.2315,,SAFE_STOP,大转后直线脱离仍未改善，停车等待,front,-0.4104,0.0005,1,stop,0.0,,0.0,0,0,1
7.421,541.0,830.0,376.0,1032.0,-0.3429,0.0697,-0.2284,-0.2317,-0.2301,,SAFE_STOP,大转后直线脱离仍未改善，停车等待,front,-0.4126,0.0033,1,stop,0.0,,0.0,0,0,1
7.441,540.0,829.0,375.0,1032.0,-0.3429,0.0697,-0.2312,-0.2317,-0.2315,,SAFE_STOP,大转后直线脱离仍未改善，停车等待,front,-0.4126,0.0005,1,stop,0.0,,0.0,0,0,1
7.462,541.0,830.0,375.0,1032.0,-0.3401,0.0697,-0.2312,-0.2317,-0.2315,,SAFE_STOP,大转后直线脱离仍未改善，停车等待,front,-0.4099,0.0005,1,stop,0.0,,0.0,0,0,1
7.482,540.0,830.0,376.0,1033.0,-0.3429,0.0697,-0.2312,-0.2317,-0.2315,,SAFE_STOP,大转后直线脱离仍未改善，停车等待,front,-0.4126,0.0005,1,stop,0.0,,0.0,0,0,1
7.502,539.0,828.0,374.0,1031.0,-0.3429,0.0697,-0.2312,-0.2317,-0.2315,,SAFE_STOP,大转后直线脱离仍未改善，停车等待,front,-0.4126,0.0005,1,stop,0.0,,0.0,0,0,1
7.522,541.0,830.0,375.0,1033.0,-0.3429,0.0697,-0.2312,-0.2296,-0.2304,,SAFE_STOP,大转后直线脱离仍未改善，停车等待,front,-0.4126,-0.0016,1,stop,0.0,,0.0,0,0,1
7.542,540.0,829.0,375.0,1033.0,-0.3429,0.0675,-0.2312,-0.2296,-0.2304,,SAFE_STOP,大转后直线脱离仍未改善，停车等待,front,-0.4104,-0.0016,1,stop,0.0,,0.0,0,0,1
7.562,540.0,829.0,376.0,1032.0,-0.3429,0.0675,-0.2312,-0.2296,-0.2304,,SAFE_STOP,大转后直线脱离仍未改善，停车等待,front,-0.4104,-0.0016,1,stop,0.0,,0.0,0,0,1
7.582,540.0,829.0,376.0,1032.0,-0.3429,0.0675,-0.2284,-0.2317,-0.2301,,SAFE_STOP,大转后直线脱离仍未改善，停车等待,front,-0.4104,0.0033,1,stop,0.0,,0.0,0,0,1
7.602,540.0,828.0,375.0,1031.0,-0.3429,0.0675,-0.2284,-0.2317,-0.2301,,SAFE_STOP,大转后直线脱离仍未改善，停车等待,front,-0.4104,0.0033,1,stop,0.0,,0.0,0,0,1
7.622,539.0,829.0,376.0,1033.0,-0.3429,0.0675,-0.2284,-0.2317,-0.2301,,SAFE_STOP,大转后直线脱离仍未改善，停车等待,front,-0.4104,0.0033,1,stop,0.0,,0.0,0,0,1
7.643,539.0,829.0,376.0,1033.0,-0.3456,0.0675,-0.2284,-0.2296,-0.229,,SAFE_STOP,大转后直线脱离仍未改善，停车等待,front,-0.4131,0.0012,1,stop,0.0,,0.0,0,0,1
7.663,541.0,829.0,376.0,1032.0,-0.3456,0.0675,-0.2284,-0.2296,-0.229,,SAFE_STOP,大转后直线脱离仍未改善，停车等待,front,-0.4131,0.0012,1,stop,0.0,,0.0,0,0,1
7.683,539.0,827.0,375.0,1031.0,-0.3456,0.0675,-0.2284,-0.2317,-0.2301,,SAFE_STOP,大转后直线脱离仍未改善，停车等待,front,-0.4131,0.0033,1,stop,0.0,,0.0,0,0,1
7.703,541.0,829.0,375.0,1033.0,-0.3401,0.0675,-0.2312,-0.2317,-0.2315,,SAFE_STOP,大转后直线脱离仍未改善，停车等待,front,-0.4077,0.0005,1,stop,0.0,,0.0,0,0,1
7.723,541.0,828.0,375.0,1032.0,-0.3401,0.0654,-0.2312,-0.2317,-0.2315,,SAFE_STOP,大转后直线脱离仍未改善，停车等待,front,-0.4055,0.0005,1,stop,0.0,,0.0,0,0,1
7.743,540.0,829.0,376.0,1033.0,-0.3401,0.0675,-0.2312,-0.2296,-0.2304,,SAFE_STOP,大转后直线脱离仍未改善，停车等待,front,-0.4077,-0.0016,1,stop,0.0,,0.0,0,0,1
7.763,541.0,829.0,375.0,1032.0,-0.3401,0.0675,-0.2312,-0.2317,-0.2315,,SAFE_STOP,大转后直线脱离仍未改善，停车等待,front,-0.4077,0.0005,1,stop,0.0,,0.0,0,0,1
7.783,540.0,828.0,375.0,1032.0,-0.3429,0.0675,-0.2312,-0.2317,-0.2315,,SAFE_STOP,大转后直线脱离仍未改善，停车等待,front,-0.4104,0.0005,1,stop,0.0,,0.0,0,0,1
7.804,541.0,830.0,375.0,1033.0,-0.3401,0.0675,-0.2312,-0.2317,-0.2315,,SAFE_STOP,大转后直线脱离仍未改善，停车等待,front,-0.4077,0.0005,1,stop,0.0,,0.0,0,0,1
7.824,541.0,828.0,375.0,1033.0,-0.3401,0.0654,-0.2312,-0.2296,-0.2304,,SAFE_STOP,大转后直线脱离仍未改善，停车等待,front,-0.4055,-0.0016,1,stop,0.0,,0.0,0,0,1
7.844,541.0,829.0,376.0,1033.0,-0.3401,0.0675,-0.2312,-0.2296,-0.2304,,SAFE_STOP,大转后直线脱离仍未改善，停车等待,front,-0.4077,-0.0016,1,stop,0.0,,0.0,0,0,1
7.864,540.0,828.0,375.0,1031.0,-0.3401,0.0654,-0.2312,-0.2296,-0.2304,,SAFE_STOP,大转后直线脱离仍未改善，停车等待,front,-0.4055,-0.0016,1,stop,0.0,,0.0,0,0,1
7.884,540.0,829.0,375.0,1031.0,-0.3429,0.0675,-0.2312,-0.2338,-0.2325,,SAFE_STOP,大转后直线脱离仍未改善，停车等待,front,-0.4104,0.0026,1,stop,0.0,,0.0,0,0,1
7.904,540.0,829.0,376.0,1032.0,-0.3429,0.0675,-0.2312,-0.2338,-0.2325,,SAFE_STOP,大转后直线脱离仍未改善，停车等待,front,-0.4104,0.0026,1,stop,0.0,,0.0,0,0,1
7.924,541.0,829.0,376.0,1033.0,-0.3429,0.0675,-0.2284,-0.2317,-0.2301,,SAFE_STOP,大转后直线脱离仍未改善，停车等待,front,-0.4104,0.0033,1,stop,0.0,,0.0,0,0,1
7.944,540.0,829.0,374.0,1033.0,-0.3429,0.0675,-0.2284,-0.2296,-0.229,,SAFE_STOP,大转后直线脱离仍未改善，停车等待,front,-0.4104,0.0012,1,stop,0.0,,0.0,0,0,1
7.964,540.0,829.0,375.0,1032.0,-0.3429,0.0675,-0.2312,-0.2296,-0.2304,,SAFE_STOP,大转后直线脱离仍未改善，停车等待,front,-0.4104,-0.0016,1,stop,0.0,,0.0,0,0,1
7.985,541.0,829.0,376.0,1033.0,-0.3429,0.0675,-0.2312,-0.2296,-0.2304,,SAFE_STOP,大转后直线脱离仍未改善，停车等待,front,-0.4104,-0.0016,1,stop,0.0,,0.0,0,0,1
8.005,539.0,828.0,374.0,1032.0,-0.3429,0.0675,-0.2312,-0.2317,-0.2315,,SAFE_STOP,大转后直线脱离仍未改善，停车等待,front,-0.4104,0.0005,1,stop,0.0,,0.0,0,0,1
8.025,540.0,828.0,375.0,1032.0,-0.3429,0.0654,-0.2312,-0.2317,-0.2315,,SAFE_STOP,大转后直线脱离仍未改善，停车等待,front,-0.4082,0.0005,1,stop,0.0,,0.0,0,0,1
8.045,539.0,828.0,375.0,1032.0,-0.3456,0.0654,-0.2312,-0.2317,-0.2315,,SAFE_STOP,大转后直线脱离仍未改善，停车等待,front,-0.4109,0.0005,1,stop,0.0,,0.0,0,0,1
8.065,539.0,828.0,375.0,1032.0,-0.3456,0.0654,-0.2312,-0.2317,-0.2315,,SAFE_STOP,大转后直线脱离仍未改善，停车等待,front,-0.4109,0.0005,1,stop,0.0,,0.0,0,0,1
8.085,540.0,828.0,375.0,1032.0,-0.3456,0.0654,-0.2312,-0.2317,-0.2315,,SAFE_STOP,大转后直线脱离仍未改善，停车等待,front,-0.4109,0.0005,1,stop,0.0,,0.0,0,0,1
8.105,540.0,828.0,376.0,1032.0,-0.3429,0.0654,-0.2312,-0.2317,-0.2315,,SAFE_STOP,大转后直线脱离仍未改善，停车等待,front,-0.4082,0.0005,1,stop,0.0,,0.0,0,0,1
8.125,538.0,826.0,374.0,1029.0,-0.3429,0.0654,-0.2312,-0.2317,-0.2315,,SAFE_STOP,大转后直线脱离仍未改善，停车等待,front,-0.4082,0.0005,1,stop,0.0,,0.0,0,0,1
8.145,540.0,829.0,375.0,1032.0,-0.3429,0.0654,-0.2312,-0.2317,-0.2315,,SAFE_STOP,大转后直线脱离仍未改善，停车等待,front,-0.4082,0.0005,1,stop,0.0,,0.0,0,0,1
8.166,541.0,829.0,376.0,1033.0,-0.3429,0.0675,-0.2312,-0.2317,-0.2315,,SAFE_STOP,大转后直线脱离仍未改善，停车等待,front,-0.4104,0.0005,1,stop,0.0,,0.0,0,0,1
8.186,540.0,828.0,375.0,1031.0,-0.3429,0.0675,-0.2312,-0.2317,-0.2315,,SAFE_STOP,大转后直线脱离仍未改善，停车等待,front,-0.4104,0.0005,1,stop,0.0,,0.0,0,0,1
8.206,540.0,828.0,375.0,1032.0,-0.3429,0.0654,-0.2312,-0.2317,-0.2315,,SAFE_STOP,大转后直线脱离仍未改善，停车等待,front,-0.4082,0.0005,1,stop,0.0,,0.0,0,0,1
8.226,539.0,828.0,375.0,1032.0,-0.3429,0.0654,-0.2312,-0.2317,-0.2315,,SAFE_STOP,大转后直线脱离仍未改善，停车等待,front,-0.4082,0.0005,1,stop,0.0,,0.0,0,0,1
8.246,541.0,829.0,376.0,1032.0,-0.3429,0.0654,-0.2312,-0.2317,-0.2315,,SAFE_STOP,大转后直线脱离仍未改善，停车等待,front,-0.4082,0.0005,1,stop,0.0,,0.0,0,0,1
8.266,541.0,829.0,376.0,1032.0,-0.3401,0.0675,-0.2284,-0.2317,-0.2301,,SAFE_STOP,大转后直线脱离仍未改善，停车等待,front,-0.4077,0.0033,1,stop,0.0,,0.0,0,0,1
8.286,540.0,828.0,376.0,1033.0,-0.3401,0.0675,-0.2284,-0.2317,-0.2301,,SAFE_STOP,大转后直线脱离仍未改善，停车等待,front,-0.4077,0.0033,1,stop,0.0,,0.0,0,0,1
8.306,540.0,828.0,376.0,1032.0,-0.3429,0.0654,-0.2284,-0.2317,-0.2301,,SAFE_STOP,大转后直线脱离仍未改善，停车等待,front,-0.4082,0.0033,1,stop,0.0,,0.0,0,0,1
8.326,540.0,828.0,375.0,1032.0,-0.3429,0.0654,-0.2284,-0.2317,-0.2301,,SAFE_STOP,大转后直线脱离仍未改善，停车等待,front,-0.4082,0.0033,1,stop,0.0,,0.0,0,0,1
8.347,540.0,829.0,375.0,1032.0,-0.3429,0.0654,-0.2312,-0.2317,-0.2315,,SAFE_STOP,大转后直线脱离仍未改善，停车等待,front,-0.4082,0.0005,1,stop,0.0,,0.0,0,0,1
8.367,540.0,829.0,376.0,1032.0,-0.3429,0.0675,-0.2312,-0.2317,-0.2315,,SAFE_STOP,大转后直线脱离仍未改善，停车等待,front,-0.4104,0.0005,1,stop,0.0,,0.0,0,0,1
8.387,540.0,828.0,376.0,1032.0,-0.3429,0.0675,-0.2284,-0.2317,-0.2301,,SAFE_STOP,大转后直线脱离仍未改善，停车等待,front,-0.4104,0.0033,1,stop,0.0,,0.0,0,0,1
8.407,541.0,829.0,376.0,1033.0,-0.3429,0.0675,-0.2284,-0.2317,-0.2301,,SAFE_STOP,大转后直线脱离仍未改善，停车等待,front,-0.4104,0.0033,1,stop,0.0,,0.0,0,0,1
8.427,541.0,829.0,376.0,1033.0,-0.3401,0.0675,-0.2284,-0.2296,-0.229,,SAFE_STOP,大转后直线脱离仍未改善，停车等待,front,-0.4077,0.0012,1,stop,0.0,,0.0,0,0,1
8.447,540.0,827.0,375.0,1031.0,-0.3401,0.0675,-0.2284,-0.2296,-0.229,,SAFE_STOP,大转后直线脱离仍未改善，停车等待,front,-0.4077,0.0012,1,stop,0.0,,0.0,0,0,1
8.467,540.0,827.0,375.0,1031.0,-0.3429,0.0632,-0.2312,-0.2338,-0.2325,,SAFE_STOP,大转后直线脱离仍未改善，停车等待,front,-0.406,0.0026,1,stop,0.0,,0.0,0,0,1
8.488,541.0,828.0,376.0,1033.0,-0.3429,0.0632,-0.2312,-0.2338,-0.2325,,SAFE_STOP,大转后直线脱离仍未改善，停车等待,front,-0.406,0.0026,1,stop,0.0,,0.0,0,0,1
8.508,539.0,827.0,374.0,1031.0,-0.3429,0.0632,-0.2312,-0.2338,-0.2325,,SAFE_STOP,大转后直线脱离仍未改善，停车等待,front,-0.406,0.0026,1,stop,0.0,,0.0,0,0,1
8.528,540.0,826.0,376.0,1032.0,-0.3429,0.0632,-0.2284,-0.2317,-0.2301,,SAFE_STOP,大转后直线脱离仍未改善，停车等待,front,-0.406,0.0033,1,stop,0.0,,0.0,0,0,1
8.548,541.0,829.0,375.0,1033.0,-0.3429,0.0632,-0.2312,-0.2317,-0.2315,,SAFE_STOP,大转后直线脱离仍未改善，停车等待,front,-0.406,0.0005,1,stop,0.0,,0.0,0,0,1
8.568,540.0,828.0,375.0,1031.0,-0.3429,0.0654,-0.2312,-0.2317,-0.2315,,SAFE_STOP,大转后直线脱离仍未改善，停车等待,front,-0.4082,0.0005,1,stop,0.0,,0.0,0,0,1
8.588,540.0,828.0,376.0,1032.0,-0.3429,0.0654,-0.2312,-0.2317,-0.2315,,SAFE_STOP,大转后直线脱离仍未改善，停车等待,front,-0.4082,0.0005,1,stop,0.0,,0.0,0,0,1
8.608,540.0,828.0,375.0,1033.0,-0.3429,0.0654,-0.2312,-0.2317,-0.2315,,SAFE_STOP,大转后直线脱离仍未改善，停车等待,front,-0.4082,0.0005,1,stop,0.0,,0.0,0,0,1
8.628,540.0,828.0,375.0,1031.0,-0.3429,0.0654,-0.2312,-0.2317,-0.2315,,SAFE_STOP,大转后直线脱离仍未改善，停车等待,front,-0.4082,0.0005,1,stop,0.0,,0.0,0,0,1
8.649,540.0,828.0,375.0,1032.0,-0.3429,0.0654,-0.2312,-0.2317,-0.2315,,SAFE_STOP,大转后直线脱离仍未改善，停车等待,front,-0.4082,0.0005,1,stop,0.0,,0.0,0,0,1
8.669,541.0,828.0,375.0,1032.0,-0.3429,0.0654,-0.2312,-0.2317,-0.2315,,SAFE_STOP,大转后直线脱离仍未改善，停车等待,front,-0.4082,0.0005,1,stop,0.0,,0.0,0,0,1
8.689,540.0,828.0,376.0,1032.0,-0.3429,0.0654,-0.2312,-0.2317,-0.2315,,SAFE_STOP,大转后直线脱离仍未改善，停车等待,front,-0.4082,0.0005,1,stop,0.0,,0.0,0,0,1
8.709,540.0,828.0,375.0,1031.0,-0.3429,0.0654,-0.2312,-0.2317,-0.2315,,SAFE_STOP,大转后直线脱离仍未改善，停车等待,front,-0.4082,0.0005,1,stop,0.0,,0.0,0,0,1
8.729,540.0,827.0,374.0,1032.0,-0.3429,0.0654,-0.2312,-0.2317,-0.2315,,SAFE_STOP,大转后直线脱离仍未改善，停车等待,front,-0.4082,0.0005,1,stop,0.0,,0.0,0,0,1
8.749,540.0,827.0,375.0,1032.0,-0.3429,0.0632,-0.2312,-0.2317,-0.2315,,SAFE_STOP,大转后直线脱离仍未改善，停车等待,front,-0.406,0.0005,1,stop,0.0,,0.0,0,0,1
8.77,541.0,827.0,375.0,1033.0,-0.3429,0.0632,-0.2312,-0.2317,-0.2315,,SAFE_STOP,大转后直线脱离仍未改善，停车等待,front,-0.406,0.0005,1,stop,0.0,,0.0,0,0,1
8.79,539.0,826.0,375.0,1031.0,-0.3429,0.0632,-0.2312,-0.2317,-0.2315,,SAFE_STOP,大转后直线脱离仍未改善，停车等待,front,-0.406,0.0005,1,stop,0.0,,0.0,0,0,1
8.81,540.0,828.0,375.0,1032.0,-0.3429,0.0632,-0.2312,-0.2317,-0.2315,,SAFE_STOP,大转后直线脱离仍未改善，停车等待,front,-0.406,0.0005,1,stop,0.0,,0.0,0,0,1
8.83,540.0,829.0,376.0,1033.0,-0.3429,0.0654,-0.2312,-0.2317,-0.2315,,SAFE_STOP,大转后直线脱离仍未改善，停车等待,front,-0.4082,0.0005,1,stop,0.0,,0.0,0,0,1
8.85,542.0,828.0,376.0,1033.0,-0.3429,0.0654,-0.2284,-0.2296,-0.229,,SAFE_STOP,大转后直线脱离仍未改善，停车等待,front,-0.4082,0.0012,1,stop,0.0,,0.0,0,0,1
8.87,539.0,827.0,375.0,1031.0,-0.3429,0.0654,-0.2284,-0.2296,-0.229,,SAFE_STOP,大转后直线脱离仍未改善，停车等待,front,-0.4082,0.0012,1,stop,0.0,,0.0,0,0,1
8.89,540.0,827.0,375.0,1032.0,-0.3429,0.0632,-0.2312,-0.2317,-0.2315,,SAFE_STOP,大转后直线脱离仍未改善，停车等待,front,-0.406,0.0005,1,stop,0.0,,0.0,0,0,1
8.911,540.0,827.0,375.0,1032.0,-0.3429,0.0632,-0.2312,-0.2317,-0.2315,,SAFE_STOP,大转后直线脱离仍未改善，停车等待,front,-0.406,0.0005,1,stop,0.0,,0.0,0,0,1
8.931,539.0,828.0,375.0,1032.0,-0.3429,0.0632,-0.2312,-0.2317,-0.2315,,SAFE_STOP,大转后直线脱离仍未改善，停车等待,front,-0.406,0.0005,1,stop,0.0,,0.0,0,0,1
8.951,540.0,827.0,375.0,1032.0,-0.3429,0.0632,-0.2312,-0.2317,-0.2315,,SAFE_STOP,大转后直线脱离仍未改善，停车等待,front,-0.406,0.0005,1,stop,0.0,,0.0,0,0,1
8.971,540.0,828.0,375.0,1032.0,-0.3429,0.0654,-0.2312,-0.2317,-0.2315,,SAFE_STOP,大转后直线脱离仍未改善，停车等待,front,-0.4082,0.0005,1,stop,0.0,,0.0,0,0,1
8.991,540.0,828.0,375.0,1032.0,-0.3429,0.0654,-0.2312,-0.2317,-0.2315,,SAFE_STOP,大转后直线脱离仍未改善，停车等待,front,-0.4082,0.0005,1,stop,0.0,,0.0,0,0,1
9.011,541.0,828.0,375.0,1033.0,-0.3429,0.0654,-0.2312,-0.2317,-0.2315,,SAFE_STOP,大转后直线脱离仍未改善，停车等待,front,-0.4082,0.0005,1,stop,0.0,,0.0,0,0,1
9.031,540.0,828.0,376.0,1033.0,-0.3429,0.0654,-0.2312,-0.2296,-0.2304,,SAFE_STOP,大转后直线脱离仍未改善，停车等待,front,-0.4082,-0.0016,1,stop,0.0,,0.0,0,0,1
9.052,540.0,828.0,375.0,1032.0,-0.3429,0.0654,-0.2312,-0.2296,-0.2304,,SAFE_STOP,大转后直线脱离仍未改善，停车等待,front,-0.4082,-0.0016,1,stop,0.0,,0.0,0,0,1
9.072,540.0,828.0,375.0,1032.0,-0.3429,0.0654,-0.2312,-0.2317,-0.2315,,SAFE_STOP,大转后直线脱离仍未改善，停车等待,front,-0.4082,0.0005,1,stop,0.0,,0.0,0,0,1
9.092,540.0,828.0,375.0,1032.0,-0.3429,0.0654,-0.2312,-0.2317,-0.2315,,SAFE_STOP,大转后直线脱离仍未改善，停车等待,front,-0.4082,0.0005,1,stop,0.0,,0.0,0,0,1
9.112,540.0,828.0,375.0,1033.0,-0.3429,0.0654,-0.2312,-0.2317,-0.2315,,SAFE_STOP,大转后直线脱离仍未改善，停车等待,front,-0.4082,0.0005,1,stop,0.0,,0.0,0,0,1
9.132,538.0,824.0,374.0,1029.0,-0.3429,0.0654,-0.2312,-0.2317,-0.2315,,SAFE_STOP,大转后直线脱离仍未改善，停车等待,front,-0.4082,0.0005,1,stop,0.0,,0.0,0,0,1
9.152,540.0,826.0,375.0,1032.0,-0.3429,0.061,-0.2312,-0.2317,-0.2315,,SAFE_STOP,大转后直线脱离仍未改善，停车等待,front,-0.4039,0.0005,1,stop,0.0,,0.0,0,0,1
9.172,540.0,827.0,375.0,1032.0,-0.3429,0.061,-0.2312,-0.2317,-0.2315,,SAFE_STOP,大转后直线脱离仍未改善，停车等待,front,-0.4039,0.0005,1,stop,0.0,,0.0,0,0,1
9.192,539.0,825.0,375.0,1030.0,-0.3429,0.061,-0.2312,-0.2317,-0.2315,,SAFE_STOP,大转后直线脱离仍未改善，停车等待,front,-0.4039,0.0005,1,stop,0.0,,0.0,0,0,1
9.212,539.0,827.0,376.0,1033.0,-0.3456,0.0632,-0.2312,-0.2317,-0.2315,,SAFE_STOP,大转后直线脱离仍未改善，停车等待,front,-0.4088,0.0005,1,stop,0.0,,0.0,0,0,1
9.232,541.0,827.0,375.0,1033.0,-0.3456,0.0632,-0.2312,-0.2296,-0.2304,,SAFE_STOP,大转后直线脱离仍未改善，停车等待,front,-0.4088,-0.0016,1,stop,0.0,,0.0,0,0,1
9.253,540.0,827.0,375.0,1032.0,-0.3429,0.0632,-0.2312,-0.2296,-0.2304,,SAFE_STOP,大转后直线脱离仍未改善，停车等待,front,-0.406,-0.0016,1,stop,0.0,,0.0,0,0,1
9.273,540.0,828.0,375.0,1032.0,-0.3429,0.0632,-0.2312,-0.2317,-0.2315,,SAFE_STOP,大转后直线脱离仍未改善，停车等待,front,-0.406,0.0005,1,stop,0.0,,0.0,0,0,1
9.293,538.0,826.0,375.0,1032.0,-0.3429,0.0632,-0.2312,-0.2317,-0.2315,,SAFE_STOP,大转后直线脱离仍未改善，停车等待,front,-0.406,0.0005,1,stop,0.0,,0.0,0,0,1
9.313,538.0,826.0,375.0,1032.0,-0.3483,0.061,-0.2312,-0.2317,-0.2315,,SAFE_STOP,大转后直线脱离仍未改善，停车等待,front,-0.4093,0.0005,1,stop,0.0,,0.0,0,0,1
9.333,540.0,827.0,375.0,1032.0,-0.3483,0.061,-0.2312,-0.2317,-0.2315,,SAFE_STOP,大转后直线脱离仍未改善，停车等待,front,-0.4093,0.0005,1,stop,0.0,,0.0,0,0,1
9.353,539.0,826.0,374.0,1031.0,-0.3456,0.061,-0.2312,-0.2317,-0.2315,,SAFE_STOP,大转后直线脱离仍未改善，停车等待,front,-0.4066,0.0005,1,stop,0.0,,0.0,0,0,1
9.373,541.0,828.0,376.0,1033.0,-0.3429,0.0632,-0.2312,-0.2317,-0.2315,,SAFE_STOP,大转后直线脱离仍未改善，停车等待,front,-0.406,0.0005,1,stop,0.0,,0.0,0,0,1
9.393,540.0,828.0,375.0,1032.0,-0.3429,0.0654,-0.2312,-0.2317,-0.2315,,SAFE_STOP,大转后直线脱离仍未改善，停车等待,front,-0.4082,0.0005,1,stop,0.0,,0.0,0,0,1
9.413,540.0,827.0,375.0,1032.0,-0.3429,0.0654,-0.2312,-0.2317,-0.2315,,SAFE_STOP,大转后直线脱离仍未改善，停车等待,front,-0.4082,0.0005,1,stop,0.0,,0.0,0,0,1
9.434,540.0,827.0,374.0,1031.0,-0.3429,0.0632,-0.2312,-0.2317,-0.2315,,SAFE_STOP,大转后直线脱离仍未改善，停车等待,front,-0.406,0.0005,1,stop,0.0,,0.0,0,0,1
9.454,540.0,828.0,375.0,1032.0,-0.3429,0.0632,-0.2312,-0.2317,-0.2315,,SAFE_STOP,大转后直线脱离仍未改善，停车等待,front,-0.406,0.0005,1,stop,0.0,,0.0,0,0,1
9.474,540.0,827.0,375.0,1032.0,-0.3429,0.0632,-0.2312,-0.2317,-0.2315,,SAFE_STOP,大转后直线脱离仍未改善，停车等待,front,-0.406,0.0005,1,stop,0.0,,0.0,0,0,1
9.494,540.0,827.0,375.0,1032.0,-0.3429,0.0632,-0.2312,-0.2317,-0.2315,,SAFE_STOP,大转后直线脱离仍未改善，停车等待,front,-0.406,0.0005,1,stop,0.0,,0.0,0,0,1
9.514,540.0,827.0,375.0,1032.0,-0.3429,0.0632,-0.2312,-0.2317,-0.2315,,SAFE_STOP,大转后直线脱离仍未改善，停车等待,front,-0.406,0.0005,1,stop,0.0,,0.0,0,0,1
9.534,541.0,828.0,376.0,1034.0,-0.3429,0.0632,-0.2312,-0.2317,-0.2315,,SAFE_STOP,大转后直线脱离仍未改善，停车等待,front,-0.406,0.0005,1,stop,0.0,,0.0,0,0,1
9.554,540.0,826.0,375.0,1032.0,-0.3429,0.0632,-0.2312,-0.2317,-0.2315,,SAFE_STOP,大转后直线脱离仍未改善，停车等待,front,-0.406,0.0005,1,stop,0.0,,0.0,0,0,1
9.574,539.0,826.0,375.0,1030.0,-0.3429,0.061,-0.2312,-0.2317,-0.2315,,SAFE_STOP,大转后直线脱离仍未改善，停车等待,front,-0.4039,0.0005,1,stop,0.0,,0.0,0,0,1
9.594,540.0,827.0,375.0,1032.0,-0.3429,0.061,-0.2312,-0.2317,-0.2315,,SAFE_STOP,大转后直线脱离仍未改善，停车等待,front,-0.4039,0.0005,1,stop,0.0,,0.0,0,0,1
9.615,540.0,828.0,376.0,1032.0,-0.3429,0.0632,-0.2312,-0.2317,-0.2315,,SAFE_STOP,大转后直线脱离仍未改善，停车等待,front,-0.406,0.0005,1,stop,0.0,,0.0,0,0,1
9.635,539.0,826.0,375.0,1031.0,-0.3429,0.0632,-0.2312,-0.2317,-0.2315,,SAFE_STOP,大转后直线脱离仍未改善，停车等待,front,-0.406,0.0005,1,stop,0.0,,0.0,0,0,1
9.655,540.0,828.0,376.0,1032.0,-0.3429,0.0654,-0.2284,-0.2317,-0.2301,,SAFE_STOP,大转后直线脱离仍未改善，停车等待,front,-0.4082,0.0033,1,stop,0.0,,0.0,0,0,1
9.675,540.0,829.0,376.0,1033.0,-0.3429,0.0654,-0.2284,-0.2317,-0.2301,,SAFE_STOP,大转后直线脱离仍未改善，停车等待,front,-0.4082,0.0033,1,stop,0.0,,0.0,0,0,1
9.695,538.0,827.0,375.0,1030.0,-0.3429,0.0654,-0.2284,-0.2317,-0.2301,,SAFE_STOP,大转后直线脱离仍未改善，停车等待,front,-0.4082,0.0033,1,stop,0.0,,0.0,0,0,1
9.715,538.0,827.0,375.0,1030.0,-0.3483,0.0632,-0.2312,-0.2359,-0.2336,,SAFE_STOP,大转后直线脱离仍未改善，停车等待,front,-0.4115,0.0047,1,stop,0.0,,0.0,0,0,1
9.735,539.0,827.0,374.0,1030.0,-0.3483,0.0632,-0.2312,-0.2359,-0.2336,,SAFE_STOP,大转后直线脱离仍未改善，停车等待,front,-0.4115,0.0047,1,stop,0.0,,0.0,0,0,1
9.755,538.0,826.0,374.0,1030.0,-0.3483,0.0632,-0.234,-0.2359,-0.2349,,SAFE_STOP,大转后直线脱离仍未改善，停车等待,front,-0.4115,0.0019,1,stop,0.0,,0.0,0,0,1
9.775,538.0,826.0,375.0,1030.0,-0.3483,0.061,-0.234,-0.2359,-0.2349,,SAFE_STOP,大转后直线脱离仍未改善，停车等待,front,-0.4093,0.0019,1,stop,0.0,,0.0,0,0,1
9.795,538.0,825.0,374.0,1030.0,-0.3483,0.061,-0.234,-0.2359,-0.2349,,SAFE_STOP,大转后直线脱离仍未改善，停车等待,front,-0.4093,0.0019,1,stop,0.0,,0.0,0,0,1
9.816,538.0,826.0,375.0,1030.0,-0.3483,0.061,-0.2312,-0.2359,-0.2336,,SAFE_STOP,大转后直线脱离仍未改善，停车等待,front,-0.4093,0.0047,1,stop,0.0,,0.0,0,0,1
9.836,537.0,824.0,374.0,1028.0,-0.3483,0.0588,-0.234,-0.2359,-0.2349,,SAFE_STOP,大转后直线脱离仍未改善，停车等待,front,-0.4071,0.0019,1,stop,0.0,,0.0,0,0,1
9.856,537.0,825.0,374.0,1028.0,-0.351,0.0588,-0.234,-0.2401,-0.237,,SAFE_STOP,大转后直线脱离仍未改善，停车等待,front,-0.4098,0.0061,1,stop,0.0,,0.0,0,0,1
9.876,538.0,824.0,374.0,1028.0,-0.351,0.0566,-0.234,-0.2401,-0.237,,SAFE_STOP,大转后直线脱离仍未改善，停车等待,front,-0.4077,0.0061,1,stop,0.0,,0.0,0,0,1
9.896,538.0,823.0,374.0,1029.0,-0.3483,0.0566,-0.234,-0.2401,-0.237,,SAFE_STOP,大转后直线脱离仍未改善，停车等待,front,-0.4049,0.0061,1,stop,0.0,,0.0,0,0,1
9.916,537.0,825.0,374.0,1030.0,-0.3483,0.0566,-0.234,-0.238,-0.236,,SAFE_STOP,大转后直线脱离仍未改善，停车等待,front,-0.4049,0.004,1,stop,0.0,,0.0,0,0,1
9.936,539.0,825.0,374.0,1029.0,-0.3483,0.0588,-0.234,-0.238,-0.236,,SAFE_STOP,大转后直线脱离仍未改善，停车等待,front,-0.4071,0.004,1,stop,0.0,,0.0,0,0,1
9.956,538.0,825.0,374.0,1028.0,-0.3483,0.0588,-0.234,-0.238,-0.236,,SAFE_STOP,大转后直线脱离仍未改善，停车等待,front,-0.4071,0.004,1,stop,0.0,,0.0,0,0,1
9.976,538.0,825.0,374.0,1029.0,-0.3483,0.0588,-0.234,-0.238,-0.236,,SAFE_STOP,大转后直线脱离仍未改善，停车等待,front,-0.4071,0.004,1,stop,0.0,,0.0,0,0,1
9.996,536.0,824.0,374.0,1027.0,-0.3483,0.0588,-0.234,-0.2401,-0.237,,SAFE_STOP,大转后直线脱离仍未改善，停车等待,front,-0.4071,0.0061,1,stop,0.0,,0.0,0,0,1
10.017,538.0,824.0,374.0,1029.0,-0.3483,0.0566,-0.234,-0.238,-0.236,,SAFE_STOP,大转后直线脱离仍未改善，停车等待,front,-0.4049,0.004,1,stop,0.0,,0.0,0,0,1
10.037,539.0,825.0,376.0,1031.0,-0.3483,0.0566,-0.234,-0.238,-0.236,,SAFE_STOP,大转后直线脱离仍未改善，停车等待,front,-0.4049,0.004,1,stop,0.0,,0.0,0,0,1
10.057,538.0,825.0,375.0,1030.0,-0.3483,0.0588,-0.2312,-0.2359,-0.2336,,SAFE_STOP,大转后直线脱离仍未改善，停车等待,front,-0.4071,0.0047,1,stop,0.0,,0.0,0,0,1
10.077,539.0,825.0,374.0,1030.0,-0.3456,0.0588,-0.2312,-0.2359,-0.2336,,SAFE_STOP,大转后直线脱离仍未改善，停车等待,front,-0.4044,0.0047,1,stop,0.0,,0.0,0,0,1
10.097,538.0,824.0,374.0,1027.0,-0.3483,0.0588,-0.234,-0.2359,-0.2349,,SAFE_STOP,大转后直线脱离仍未改善，停车等待,front,-0.4071,0.0019,1,stop,0.0,,0.0,0,0,1
10.117,538.0,824.0,373.0,1028.0,-0.3483,0.0566,-0.234,-0.2401,-0.237,,SAFE_STOP,大转后直线脱离仍未改善，停车等待,front,-0.4049,0.0061,1,stop,0.0,,0.0,0,0,1
10.137,537.0,823.0,374.0,1027.0,-0.3483,0.0566,-0.234,-0.2422,-0.2381,,SAFE_STOP,大转后直线脱离仍未改善，停车等待,front,-0.4049,0.0082,1,stop,0.0,,0.0,0,0,1
10.157,537.0,822.0,373.0,1026.0,-0.351,0.0545,-0.2368,-0.2422,-0.2395,,SAFE_STOP,大转后直线脱离仍未改善，停车等待,front,-0.4055,0.0054,1,stop,0.0,,0.0,0,0,1
10.177,537.0,824.0,374.0,1029.0,-0.351,0.0545,-0.234,-0.2422,-0.2381,,SAFE_STOP,大转后直线脱离仍未改善，停车等待,front,-0.4055,0.0082,1,stop,0.0,,0.0,0,0,1
10.197,538.0,824.0,375.0,1028.0,-0.351,0.0566,-0.234,-0.2401,-0.237,,SAFE_STOP,大转后直线脱离仍未改善，停车等待,front,-0.4077,0.0061,1,stop,0.0,,0.0,0,0,1
10.217,538.0,824.0,374.0,1029.0,-0.3483,0.0566,-0.234,-0.238,-0.236,,SAFE_STOP,大转后直线脱离仍未改善，停车等待,front,-0.4049,0.004,1,stop,0.0,,0.0,0,0,1
10.238,538.0,825.0,375.0,1029.0,-0.3483,0.0566,-0.2312,-0.238,-0.2346,,SAFE_STOP,大转后直线脱离仍未改善，停车等待,front,-0.4049,0.0068,1,stop,0.0,,0.0,0,0,1
10.258,539.0,826.0,375.0,1030.0,-0.3483,0.0588,-0.2312,-0.238,-0.2346,,SAFE_STOP,大转后直线脱离仍未改善，停车等待,front,-0.4071,0.0068,1,stop,0.0,,0.0,0,0,1
10.278,540.0,828.0,375.0,1032.0,-0.3456,0.061,-0.2312,-0.2359,-0.2336,,SAFE_STOP,大转后直线脱离仍未改善，停车等待,front,-0.4066,0.0047,1,stop,0.0,,0.0,0,0,1
10.298,538.0,826.0,375.0,1030.0,-0.3456,0.061,-0.2312,-0.2359,-0.2336,,SAFE_STOP,大转后直线脱离仍未改善，停车等待,front,-0.4066,0.0047,1,stop,0.0,,0.0,0,0,1
10.318,538.0,826.0,375.0,1030.0,-0.3483,0.061,-0.2312,-0.2359,-0.2336,,SAFE_STOP,大转后直线脱离仍未改善，停车等待,front,-0.4093,0.0047,1,stop,0.0,,0.0,0,0,1
10.338,538.0,827.0,376.0,1028.0,-0.3483,0.061,-0.2312,-0.2359,-0.2336,,SAFE_STOP,大转后直线脱离仍未改善，停车等待,front,-0.4093,0.0047,1,stop,0.0,,0.0,0,0,1
10.358,537.0,826.0,374.0,1026.0,-0.3483,0.061,-0.2312,-0.2401,-0.2356,,SAFE_STOP,大转后直线脱离仍未改善，停车等待,front,-0.4093,0.0089,1,stop,0.0,,0.0,0,0,1
10.378,536.0,826.0,374.0,1024.0,-0.351,0.061,-0.234,-0.2443,-0.2391,,SAFE_STOP,大转后直线脱离仍未改善，停车等待,front,-0.412,0.0103,1,stop,0.0,,0.0,0,0,1
10.398,535.0,827.0,377.0,1024.0,-0.3537,0.061,-0.234,-0.2484,-0.2412,,SAFE_STOP,大转后直线脱离仍未改善，停车等待,front,-0.4147,0.0145,1,stop,0.0,,0.0,0,0,1
10.418,533.0,825.0,375.0,1019.0,-0.3565,0.061,-0.2312,-0.2484,-0.2398,,SAFE_STOP,大转后直线脱离仍未改善，停车等待,front,-0.4175,0.0172,1,stop,0.0,,0.0,0,0,1
10.438,535.0,828.0,376.0,1024.0,-0.3565,0.0632,-0.2284,-0.2484,-0.2384,,SAFE_STOP,大转后直线脱离仍未改善，停车等待,front,-0.4196,0.02,1,stop,0.0,,0.0,0,0,1
10.458,533.0,829.0,376.0,1019.0,-0.3619,0.0654,-0.2284,-0.2589,-0.2436,,SAFE_STOP,大转后直线脱离仍未改善，停车等待,front,-0.4273,0.0305,1,stop,0.0,,0.0,0,0,1
10.479,534.0,828.0,376.0,1021.0,-0.3592,0.0654,-0.2284,-0.2547,-0.2416,,SAFE_STOP,大转后直线脱离仍未改善，停车等待,front,-0.4245,0.0263,1,stop,0.0,,0.0,0,0,1
10.499,535.0,828.0,376.0,768.0,-0.3592,0.0654,-0.2284,-0.2589,-0.2436,,SAFE_STOP,大转后直线脱离仍未改善，停车等待,front,-0.4245,0.0305,1,stop,0.0,,0.0,0,0,1
10.519,535.0,828.0,377.0,1024.0,-0.3565,0.0654,-0.2284,-0.2547,-0.2416,,SAFE_STOP,大转后直线脱离仍未改善，停车等待,front,-0.4218,0.0263,1,stop,0.0,,0.0,0,0,1
10.539,535.0,827.0,377.0,1024.0,-0.3565,0.0654,-0.2256,-0.2484,-0.237,,SAFE_STOP,大转后直线脱离仍未改善，停车等待,front,-0.4218,0.0228,1,stop,0.0,,0.0,0,0,1
10.559,536.0,829.0,376.0,1025.0,-0.3565,0.0654,-0.2256,-0.2484,-0.237,,SAFE_STOP,大转后直线脱离仍未改善，停车等待,front,-0.4218,0.0228,1,stop,0.0,,0.0,0,0,1
10.579,536.0,828.0,376.0,1024.0,-0.3537,0.0654,-0.2284,-0.2484,-0.2384,,SAFE_STOP,大转后直线脱离仍未改善，停车等待,front,-0.4191,0.02,1,stop,0.0,,0.0,0,0,1
10.599,537.0,828.0,377.0,1025.0,-0.3537,0.0654,-0.2284,-0.2463,-0.2374,,SAFE_STOP,大转后直线脱离仍未改善，停车等待,front,-0.4191,0.0179,1,stop,0.0,,0.0,0,0,1
10.619,537.0,829.0,377.0,1025.0,-0.351,0.0654,-0.2256,-0.2463,-0.236,,SAFE_STOP,大转后直线脱离仍未改善，停车等待,front,-0.4164,0.0207,1,stop,0.0,,0.0,0,0,1
10.639,536.0,829.0,378.0,1026.0,-0.351,0.0675,-0.2256,-0.2463,-0.236,,SAFE_STOP,大转后直线脱离仍未改善，停车等待,front,-0.4186,0.0207,1,stop,0.0,,0.0,0,0,1
10.659,537.0,828.0,378.0,1026.0,-0.351,0.0675,-0.2228,-0.2443,-0.2336,,SAFE_STOP,大转后直线脱离仍未改善，停车等待,front,-0.4186,0.0214,1,stop,0.0,,0.0,0,0,1
10.679,537.0,829.0,378.0,1026.0,-0.351,0.0675,-0.2228,-0.2443,-0.2336,,SAFE_STOP,大转后直线脱离仍未改善，停车等待,front,-0.4186,0.0214,1,stop,0.0,,0.0,0,0,1
10.7,535.0,829.0,378.0,1025.0,-0.351,0.0675,-0.2228,-0.2443,-0.2336,,SAFE_STOP,大转后直线脱离仍未改善，停车等待,front,-0.4186,0.0214,1,stop,0.0,,0.0,0,0,1
10.72,536.0,828.0,378.0,1026.0,-0.3537,0.0675,-0.2228,-0.2443,-0.2336,,SAFE_STOP,大转后直线脱离仍未改善，停车等待,front,-0.4213,0.0214,1,stop,0.0,,0.0,0,0,1
10.74,536.0,829.0,379.0,1026.0,-0.3537,0.0675,-0.2228,-0.2443,-0.2336,,SAFE_STOP,大转后直线脱离仍未改善，停车等待,front,-0.4213,0.0214,1,stop,0.0,,0.0,0,0,1
10.76,536.0,830.0,379.0,1026.0,-0.3537,0.0675,-0.2201,-0.2443,-0.2322,,SAFE_STOP,大转后直线脱离仍未改善，停车等待,front,-0.4213,0.0242,1,stop,0.0,,0.0,0,0,1
10.78,534.0,830.0,379.0,1025.0,-0.3537,0.0697,-0.2201,-0.2443,-0.2322,,SAFE_STOP,大转后直线脱离仍未改善，停车等待,front,-0.4235,0.0242,1,stop,0.0,,0.0,0,0,1
10.8,534.0,830.0,379.0,1026.0,-0.3592,0.0697,-0.2201,-0.2443,-0.2322,,SAFE_STOP,大转后直线脱离仍未改善，停车等待,front,-0.4289,0.0242,1,stop,0.0,,0.0,0,0,1
10.82,532.0,832.0,378.0,1026.0,-0.3592,0.0697,-0.2201,-0.2443,-0.2322,,SAFE_STOP,大转后直线脱离仍未改善，停车等待,front,-0.4289,0.0242,1,stop,0.0,,0.0,0,0,1
10.84,532.0,832.0,378.0,1026.0,-0.3646,0.0741,-0.2228,-0.2443,-0.2336,,SAFE_STOP,大转后直线脱离仍未改善，停车等待,front,-0.4387,0.0214,1,stop,0.0,,0.0,0,0,1
10.86,532.0,832.0,378.0,1027.0,-0.3646,0.0741,-0.2228,-0.2443,-0.2336,,SAFE_STOP,大转后直线脱离仍未改善，停车等待,front,-0.4387,0.0214,1,stop,0.0,,0.0,0,0,1
10.88,533.0,830.0,377.0,1025.0,-0.3646,0.0741,-0.2228,-0.2443,-0.2336,,SAFE_STOP,大转后直线脱离仍未改善，停车等待,front,-0.4387,0.0214,1,stop,0.0,,0.0,0,0,1
10.901,535.0,830.0,377.0,1026.0,-0.3619,0.0697,-0.2256,-0.2443,-0.2349,,SAFE_STOP,大转后直线脱离仍未改善，停车等待,front,-0.4316,0.0186,1,stop,0.0,,0.0,0,0,1
10.921,538.0,830.0,376.0,1025.0,-0.3565,0.0697,-0.2256,-0.2463,-0.236,,SAFE_STOP,大转后直线脱离仍未改善，停车等待,front,-0.4262,0.0207,1,stop,0.0,,0.0,0,0,1
10.941,539.0,828.0,375.0,1024.0,-0.3483,0.0697,-0.2284,-0.2463,-0.2374,,SAFE_STOP,大转后直线脱离仍未改善，停车等待,front,-0.418,0.0179,1,stop,0.0,,0.0,0,0,1
10.961,542.0,829.0,375.0,1019.0,-0.3456,0.0675,-0.2312,-0.2484,-0.2398,,SAFE_STOP,大转后直线脱离仍未改善，停车等待,front,-0.4131,0.0172,1,stop,0.0,,0.0,0,0,1
10.981,544.0,830.0,375.0,1021.0,-0.3374,0.0675,-0.2312,-0.2547,-0.2429,,SAFE_STOP,大转后直线脱离仍未改善，停车等待,front,-0.405,0.0235,1,stop,0.0,,0.0,0,0,1
11.001,545.0,831.0,374.0,1020.0,-0.332,0.0697,-0.2312,-0.2568,-0.244,,SAFE_STOP,大转后直线脱离仍未改善，停车等待,front,-0.4017,0.0256,1,stop,0.0,,0.0,0,0,1
11.021,544.0,830.0,374.0,1017.0,-0.332,0.0697,-0.234,-0.2568,-0.2454,,SAFE_STOP,大转后直线脱离仍未改善，停车等待,front,-0.4017,0.0228,1,stop,0.0,,0.0,0,0,1
11.041,545.0,829.0,374.0,1017.0,-0.3293,0.0697,-0.234,-0.263,-0.2485,,SAFE_STOP,大转后直线脱离仍未改善，停车等待,front,-0.399,0.0291,1,stop,0.0,,0.0,0,0,1
11.061,544.0,829.0,373.0,1015.0,-0.332,0.0675,-0.234,-0.263,-0.2485,,SAFE_STOP,大转后直线脱离仍未改善，停车等待,front,-0.3995,0.0291,1,stop,0.0,,0.0,0,0,1
11.082,544.0,830.0,373.0,1015.0,-0.332,0.0675,-0.2368,-0.2672,-0.252,,SAFE_STOP,大转后直线脱离仍未改善，停车等待,front,-0.3995,0.0305,1,stop,0.0,,0.0,0,0,1
11.102,542.0,830.0,374.0,1016.0,-0.332,0.0697,-0.2368,-0.2672,-0.252,,SAFE_STOP,大转后直线脱离仍未改善，停车等待,front,-0.4017,0.0305,1,stop,0.0,,0.0,0,0,1
11.122,540.0,830.0,374.0,1016.0,-0.3374,0.0697,-0.234,-0.2651,-0.2496,,SAFE_STOP,大转后直线脱离仍未改善，停车等待,front,-0.4071,0.0312,1,stop,0.0,,0.0,0,0,1
11.142,538.0,829.0,375.0,1017.0,-0.3429,0.0697,-0.234,-0.2651,-0.2496,,SAFE_STOP,大转后直线脱离仍未改善，停车等待,front,-0.4126,0.0312,1,stop,0.0,,0.0,0,0,1
11.162,538.0,832.0,375.0,1018.0,-0.3483,0.0697,-0.2312,-0.263,-0.2471,,SAFE_STOP,大转后直线脱离仍未改善，停车等待,front,-0.418,0.0319,1,stop,0.0,,0.0,0,0,1
11.182,536.0,829.0,375.0,1016.0,-0.3483,0.0675,-0.2312,-0.263,-0.2471,,SAFE_STOP,大转后直线脱离仍未改善，停车等待,front,-0.4158,0.0319,1,stop,0.0,,0.0,0,0,1
11.202,538.0,828.0,374.0,1018.0,-0.3483,0.0675,-0.2312,-0.261,-0.2461,,SAFE_STOP,大转后直线脱离仍未改善，停车等待,front,-0.4158,0.0298,1,stop,0.0,,0.0,0,0,1
11.222,537.0,831.0,375.0,1020.0,-0.351,0.0675,-0.2312,-0.261,-0.2461,,SAFE_STOP,大转后直线脱离仍未改善，停车等待,front,-0.4186,0.0298,1,stop,0.0,,0.0,0,0,1
11.242,537.0,830.0,376.0,1019.0,-0.351,0.0697,-0.2312,-0.2589,-0.245,,SAFE_STOP,大转后直线脱离仍未改善，停车等待,front,-0.4207,0.0277,1,stop,0.0,,0.0,0,0,1
11.262,538.0,830.0,375.0,1020.0,-0.351,0.0697,-0.2312,-0.2568,-0.244,,SAFE_STOP,大转后直线脱离仍未改善，停车等待,front,-0.4207,0.0256,1,stop,0.0,,0.0,0,0,1
11.283,538.0,830.0,375.0,1020.0,-0.3483,0.0697,-0.2312,-0.2568,-0.244,,SAFE_STOP,大转后直线脱离仍未改善，停车等待,front,-0.418,0.0256,1,stop,0.0,,0.0,0,0,1
11.303,538.0,830.0,375.0,1020.0,-0.3483,0.0697,-0.2312,-0.2568,-0.244,,SAFE_STOP,大转后直线脱离仍未改善，停车等待,front,-0.418,0.0256,1,stop,0.0,,0.0,0,0,1
11.323,537.0,829.0,374.0,1019.0,-0.3483,0.0697,-0.2312,-0.2568,-0.244,,SAFE_STOP,大转后直线脱离仍未改善，停车等待,front,-0.418,0.0256,1,stop,0.0,,0.0,0,0,1
11.343,537.0,830.0,375.0,1024.0,-0.351,0.0697,-0.2312,-0.2568,-0.244,,SAFE_STOP,大转后直线脱离仍未改善，停车等待,front,-0.4207,0.0256,1,stop,0.0,,0.0,0,0,1
11.363,537.0,829.0,375.0,1021.0,-0.351,0.0675,-0.2312,-0.2547,-0.2429,,SAFE_STOP,大转后直线脱离仍未改善，停车等待,front,-0.4186,0.0235,1,stop,0.0,,0.0,0,0,1
11.383,537.0,830.0,375.0,1024.0,-0.351,0.0697,-0.2312,-0.2484,-0.2398,,SAFE_STOP,大转后直线脱离仍未改善，停车等待,front,-0.4207,0.0172,1,stop,0.0,,0.0,0,0,1
11.403,538.0,832.0,374.0,1024.0,-0.351,0.0697,-0.2312,-0.2484,-0.2398,,SAFE_STOP,大转后直线脱离仍未改善，停车等待,front,-0.4207,0.0172,1,stop,0.0,,0.0,0,0,1
11.423,538.0,832.0,376.0,1025.0,-0.3483,0.0741,-0.2312,-0.2484,-0.2398,,SAFE_STOP,大转后直线脱离仍未改善，停车等待,front,-0.4224,0.0172,1,stop,0.0,,0.0,0,0,1
11.443,537.0,829.0,375.0,1024.0,-0.3483,0.0741,-0.2312,-0.2484,-0.2398,,SAFE_STOP,大转后直线脱离仍未改善，停车等待,front,-0.4224,0.0172,1,stop,0.0,,0.0,0,0,1
11.464,537.0,830.0,376.0,1024.0,-0.351,0.0697,-0.2284,-0.2484,-0.2384,,SAFE_STOP,大转后直线脱离仍未改善，停车等待,front,-0.4207,0.02,1,stop,0.0,,0.0,0,0,1
11.484,538.0,832.0,376.0,1024.0,-0.351,0.0697,-0.2284,-0.2484,-0.2384,,SAFE_STOP,大转后直线脱离仍未改善，停车等待,front,-0.4207,0.02,1,stop,0.0,,0.0,0,0,1
11.504,539.0,830.0,376.0,1025.0,-0.3483,0.0697,-0.2284,-0.2484,-0.2384,,SAFE_STOP,大转后直线脱离仍未改善，停车等待,front,-0.418,0.02,1,stop,0.0,,0.0,0,0,1
11.524,539.0,831.0,376.0,1025.0,-0.3456,0.0719,-0.2284,-0.2463,-0.2374,,SAFE_STOP,大转后直线脱离仍未改善，停车等待,front,-0.4175,0.0179,1,stop,0.0,,0.0,0,0,1
11.544,539.0,832.0,376.0,1026.0,-0.3456,0.0719,-0.2284,-0.2463,-0.2374,,SAFE_STOP,大转后直线脱离仍未改善，停车等待,front,-0.4175,0.0179,1,stop,0.0,,0.0,0,0,1
11.564,540.0,832.0,376.0,1026.0,-0.3456,0.0741,-0.2284,-0.2443,-0.2363,,SAFE_STOP,大转后直线脱离仍未改善，停车等待,front,-0.4197,0.0158,1,stop,0.0,,0.0,0,0,1
11.584,540.0,831.0,374.0,1028.0,-0.3429,0.0741,-0.2284,-0.2443,-0.2363,,SAFE_STOP,大转后直线脱离仍未改善，停车等待,front,-0.4169,0.0158,1,stop,0.0,,0.0,0,0,1
11.604,539.0,832.0,374.0,1027.0,-0.3429,0.0741,-0.234,-0.2422,-0.2381,,SAFE_STOP,大转后直线脱离仍未改善，停车等待,front,-0.4169,0.0082,1,stop,0.0,,0.0,0,0,1
11.624,538.0,829.0,374.0,1027.0,-0.3456,0.0719,-0.234,-0.2422,-0.2381,,SAFE_STOP,大转后直线脱离仍未改善，停车等待,front,-0.4175,0.0082,1,stop,0.0,,0.0,0,0,1
11.645,540.0,832.0,374.0,1028.0,-0.3456,0.0741,-0.234,-0.2422,-0.2381,,SAFE_STOP,大转后直线脱离仍未改善，停车等待,front,-0.4197,0.0082,1,stop,0.0,,0.0,0,0,1
11.665,540.0,832.0,374.0,1028.0,-0.3429,0.0741,-0.234,-0.2401,-0.237,,SAFE_STOP,大转后直线脱离仍未改善，停车等待,front,-0.4169,0.0061,1,stop,0.0,,0.0,0,0,1
11.685,540.0,832.0,375.0,1028.0,-0.3429,0.0741,-0.234,-0.2401,-0.237,,SAFE_STOP,大转后直线脱离仍未改善，停车等待,front,-0.4169,0.0061,1,stop,0.0,,0.0,0,0,1
11.705,540.0,831.0,374.0,1028.0,-0.3429,0.0741,-0.234,-0.2401,-0.237,,SAFE_STOP,大转后直线脱离仍未改善，停车等待,front,-0.4169,0.0061,1,stop,0.0,,0.0,0,0,1
11.725,540.0,832.0,374.0,1028.0,-0.3429,0.0741,-0.234,-0.2401,-0.237,,SAFE_STOP,大转后直线脱离仍未改善，停车等待,front,-0.4169,0.0061,1,stop,0.0,,0.0,0,0,1
11.745,539.0,830.0,374.0,1028.0,-0.3429,0.0719,-0.234,-0.2401,-0.237,,SAFE_STOP,大转后直线脱离仍未改善，停车等待,front,-0.4148,0.0061,1,stop,0.0,,0.0,0,0,1
11.765,540.0,830.0,375.0,1029.0,-0.3429,0.0697,-0.234,-0.2401,-0.237,,SAFE_STOP,大转后直线脱离仍未改善，停车等待,front,-0.4126,0.0061,1,stop,0.0,,0.0,0,0,1
11.785,541.0,832.0,374.0,1028.0,-0.3429,0.0697,-0.234,-0.2401,-0.237,,SAFE_STOP,大转后直线脱离仍未改善，停车等待,front,-0.4126,0.0061,1,stop,0.0,,0.0,0,0,1
11.805,539.0,831.0,374.0,1028.0,-0.3429,0.0719,-0.234,-0.2401,-0.237,,SAFE_STOP,大转后直线脱离仍未改善，停车等待,front,-0.4148,0.0061,1,stop,0.0,,0.0,0,0,1
11.826,540.0,832.0,373.0,1029.0,-0.3429,0.0741,-0.234,-0.2401,-0.237,,SAFE_STOP,大转后直线脱离仍未改善，停车等待,front,-0.4169,0.0061,1,stop,0.0,,0.0,0,0,1
11.846,539.0,830.0,373.0,1028.0,-0.3456,0.0719,-0.2368,-0.2401,-0.2384,,SAFE_STOP,大转后直线脱离仍未改善，停车等待,front,-0.4175,0.0033,1,stop,0.0,,0.0,0,0,1
11.866,541.0,832.0,373.0,1030.0,-0.3429,0.0741,-0.2368,-0.238,-0.2374,,SAFE_STOP,大转后直线脱离仍未改善，停车等待,front,-0.4169,0.0012,1,stop,0.0,,0.0,0,0,1
11.886,540.0,831.0,373.0,1028.0,-0.3429,0.0719,-0.2368,-0.2401,-0.2384,,SAFE_STOP,大转后直线脱离仍未改善，停车等待,front,-0.4148,0.0033,1,stop,0.0,,0.0,0,0,1
11.906,539.0,829.0,373.0,1027.0,-0.3429,0.0719,-0.2368,-0.2401,-0.2384,,SAFE_STOP,大转后直线脱离仍未改善，停车等待,front,-0.4148,0.0033,1,stop,0.0,,0.0,0,0,1
11.926,539.0,832.0,373.0,1029.0,-0.3456,0.0719,-0.2368,-0.2401,-0.2384,,SAFE_STOP,大转后直线脱离仍未改善，停车等待,front,-0.4175,0.0033,1,stop,0.0,,0.0,0,0,1
11.946,539.0,829.0,373.0,1028.0,-0.3456,0.0675,-0.2368,-0.2401,-0.2384,,SAFE_STOP,大转后直线脱离仍未改善，停车等待,front,-0.4131,0.0033,1,stop,0.0,,0.0,0,0,1
11.966,540.0,830.0,373.0,1028.0,-0.3456,0.0697,-0.2368,-0.2401,-0.2384,,SAFE_STOP,大转后直线脱离仍未改善，停车等待,front,-0.4153,0.0033,1,stop,0.0,,0.0,0,0,1
11.986,540.0,831.0,373.0,1028.0,-0.3429,0.0697,-0.2368,-0.2401,-0.2384,,SAFE_STOP,大转后直线脱离仍未改善，停车等待,front,-0.4126,0.0033,1,stop,0.0,,0.0,0,0,1
12.006,540.0,831.0,373.0,1028.0,-0.3429,0.0719,-0.2368,-0.2401,-0.2384,,SAFE_STOP,大转后直线脱离仍未改善，停车等待,front,-0.4148,0.0033,1,stop,0.0,,0.0,0,0,1
12.027,540.0,832.0,374.0,1029.0,-0.3429,0.0719,-0.2368,-0.2401,-0.2384,,SAFE_STOP,大转后直线脱离仍未改善，停车等待,front,-0.4148,0.0033,1,stop,0.0,,0.0,0,0,1
12.047,541.0,832.0,374.0,1029.0,-0.3429,0.0741,-0.234,-0.238,-0.236,,SAFE_STOP,大转后直线脱离仍未改善，停车等待,front,-0.4169,0.004,1,stop,0.0,,0.0,0,0,1
12.067,541.0,832.0,374.0,1030.0,-0.3401,0.0741,-0.234,-0.238,-0.236,,SAFE_STOP,大转后直线脱离仍未改善，停车等待,front,-0.4142,0.004,1,stop,0.0,,0.0,0,0,1
12.087,541.0,832.0,374.0,1030.0,-0.3401,0.0741,-0.234,-0.2359,-0.2349,,SAFE_STOP,大转后直线脱离仍未改善，停车等待,front,-0.4142,0.0019,1,stop,0.0,,0.0,0,0,1
12.107,541.0,833.0,374.0,1030.0,-0.3401,0.0741,-0.234,-0.2359,-0.2349,,SAFE_STOP,大转后直线脱离仍未改善，停车等待,front,-0.4142,0.0019,1,stop,0.0,,0.0,0,0,1
12.127,540.0,832.0,374.0,1029.0,-0.3401,0.0741,-0.234,-0.2359,-0.2349,,SAFE_STOP,大转后直线脱离仍未改善，停车等待,front,-0.4142,0.0019,1,stop,0.0,,0.0,0,0,1
12.147,541.0,833.0,374.0,1030.0,-0.3401,0.0763,-0.234,-0.2359,-0.2349,,SAFE_STOP,大转后直线脱离仍未改善，停车等待,front,-0.4164,0.0019,1,stop,0.0,,0.0,0,0,1
12.167,542.0,832.0,375.0,1029.0,-0.3401,0.0741,-0.234,-0.238,-0.236,,SAFE_STOP,大转后直线脱离仍未改善，停车等待,front,-0.4142,0.004,1,stop,0.0,,0.0,0,0,1
12.187,542.0,833.0,375.0,1030.0,-0.3374,0.0763,-0.2312,-0.2359,-0.2336,,SAFE_STOP,大转后直线脱离仍未改善，停车等待,front,-0.4137,0.0047,1,stop,0.0,,0.0,0,0,1
12.208,541.0,833.0,375.0,1030.0,-0.3374,0.0763,-0.2312,-0.2359,-0.2336,,SAFE_STOP,大转后直线脱离仍未改善，停车等待,front,-0.4137,0.0047,1,stop,0.0,,0.0,0,0,1
12.228,541.0,833.0,375.0,1030.0,-0.3401,0.0763,-0.2312,-0.2359,-0.2336,,SAFE_STOP,大转后直线脱离仍未改善，停车等待,front,-0.4164,0.0047,1,stop,0.0,,0.0,0,0,1
12.248,541.0,832.0,375.0,1031.0,-0.3401,0.0763,-0.2312,-0.2359,-0.2336,,SAFE_STOP,大转后直线脱离仍未改善，停车等待,front,-0.4164,0.0047,1,stop,0.0,,0.0,0,0,1
12.268,542.0,832.0,375.0,1030.0,-0.3401,0.0741,-0.2312,-0.2359,-0.2336,,SAFE_STOP,大转后直线脱离仍未改善，停车等待,front,-0.4142,0.0047,1,stop,0.0,,0.0,0,0,1
12.288,541.0,833.0,375.0,1032.0,-0.3401,0.0741,-0.2312,-0.2338,-0.2325,,SAFE_STOP,大转后直线脱离仍未改善，停车等待,front,-0.4142,0.0026,1,stop,0.0,,0.0,0,0,1
12.308,541.0,833.0,375.0,1032.0,-0.3401,0.0763,-0.2312,-0.2317,-0.2315,,SAFE_STOP,大转后直线脱离仍未改善，停车等待,front,-0.4164,0.0005,1,stop,0.0,,0.0,0,0,1
12.328,541.0,832.0,375.0,1031.0,-0.3401,0.0763,-0.2312,-0.2317,-0.2315,,SAFE_STOP,大转后直线脱离仍未改善，停车等待,front,-0.4164,0.0005,1,stop,0.0,,0.0,0,0,1
12.348,541.0,833.0,375.0,1031.0,-0.3401,0.0763,-0.2312,-0.2338,-0.2325,,SAFE_STOP,大转后直线脱离仍未改善，停车等待,front,-0.4164,0.0026,1,stop,0.0,,0.0,0,0,1
12.368,541.0,832.0,374.0,1031.0,-0.3401,0.0741,-0.2312,-0.2338,-0.2325,,SAFE_STOP,大转后直线脱离仍未改善，停车等待,front,-0.4142,0.0026,1,stop,0.0,,0.0,0,0,1
12.389,540.0,832.0,374.0,1030.0,-0.3401,0.0741,-0.234,-0.2338,-0.2339,,SAFE_STOP,大转后直线脱离仍未改善，停车等待,front,-0.4142,-0.0002,1,stop,0.0,,0.0,0,0,1
12.409,540.0,830.0,374.0,1029.0,-0.3429,0.0741,-0.234,-0.2359,-0.2349,,SAFE_STOP,大转后直线脱离仍未改善，停车等待,front,-0.4169,0.0019,1,stop,0.0,,0.0,0,0,1
12.429,541.0,832.0,375.0,1031.0,-0.3429,0.0741,-0.234,-0.2359,-0.2349,,SAFE_STOP,大转后直线脱离仍未改善，停车等待,front,-0.4169,0.0019,1,stop,0.0,,0.0,0,0,1
12.449,541.0,832.0,375.0,1031.0,-0.3401,0.0741,-0.2312,-0.2338,-0.2325,,SAFE_STOP,大转后直线脱离仍未改善，停车等待,front,-0.4142,0.0026,1,stop,0.0,,0.0,0,0,1
12.469,541.0,833.0,375.0,1031.0,-0.3401,0.0741,-0.2312,-0.2338,-0.2325,,SAFE_STOP,大转后直线脱离仍未改善，停车等待,front,-0.4142,0.0026,1,stop,0.0,,0.0,0,0,1
12.489,541.0,833.0,374.0,1030.0,-0.3401,0.0763,-0.2312,-0.2338,-0.2325,,SAFE_STOP,大转后直线脱离仍未改善，停车等待,front,-0.4164,0.0026,1,stop,0.0,,0.0,0,0,1
12.509,541.0,833.0,374.0,1030.0,-0.3401,0.0763,-0.234,-0.2359,-0.2349,,SAFE_STOP,大转后直线脱离仍未改善，停车等待,front,-0.4164,0.0019,1,stop,0.0,,0.0,0,0,1
12.529,540.0,832.0,374.0,1030.0,-0.3401,0.0763,-0.234,-0.2359,-0.2349,,SAFE_STOP,大转后直线脱离仍未改善，停车等待,front,-0.4164,0.0019,1,stop,0.0,,0.0,0,0,1
12.549,541.0,832.0,375.0,1029.0,-0.3401,0.0741,-0.234,-0.2359,-0.2349,,SAFE_STOP,大转后直线脱离仍未改善，停车等待,front,-0.4142,0.0019,1,stop,0.0,,0.0,0,0,1
12.569,541.0,832.0,374.0,1031.0,-0.3401,0.0741,-0.234,-0.2359,-0.2349,,SAFE_STOP,大转后直线脱离仍未改善，停车等待,front,-0.4142,0.0019,1,stop,0.0,,0.0,0,0,1
12.59,541.0,834.0,374.0,1030.0,-0.3401,0.0741,-0.234,-0.2359,-0.2349,,SAFE_STOP,大转后直线脱离仍未改善，停车等待,front,-0.4142,0.0019,1,stop,0.0,,0.0,0,0,1
12.61,541.0,832.0,374.0,1030.0,-0.3401,0.0741,-0.234,-0.2359,-0.2349,,SAFE_STOP,大转后直线脱离仍未改善，停车等待,front,-0.4142,0.0019,1,stop,0.0,,0.0,0,0,1
12.63,541.0,833.0,374.0,1031.0,-0.3401,0.0763,-0.234,-0.2359,-0.2349,,SAFE_STOP,大转后直线脱离仍未改善，停车等待,front,-0.4164,0.0019,1,stop,0.0,,0.0,0,0,1
12.65,541.0,832.0,375.0,1032.0,-0.3401,0.0741,-0.234,-0.2338,-0.2339,,SAFE_STOP,大转后直线脱离仍未改善，停车等待,front,-0.4142,-0.0002,1,stop,0.0,,0.0,0,0,1
12.67,540.0,831.0,374.0,1029.0,-0.3401,0.0741,-0.234,-0.2338,-0.2339,,SAFE_STOP,大转后直线脱离仍未改善，停车等待,front,-0.4142,-0.0002,1,stop,0.0,,0.0,0,0,1
12.69,541.0,833.0,375.0,1031.0,-0.3401,0.0741,-0.2312,-0.2338,-0.2325,,SAFE_STOP,大转后直线脱离仍未改善，停车等待,front,-0.4142,0.0026,1,stop,0.0,,0.0,0,0,1
12.71,541.0,833.0,375.0,1032.0,-0.3401,0.0763,-0.2312,-0.2338,-0.2325,,SAFE_STOP,大转后直线脱离仍未改善，停车等待,front,-0.4164,0.0026,1,stop,0.0,,0.0,0,0,1
12.73,541.0,832.0,374.0,1032.0,-0.3401,0.0763,-0.2312,-0.2317,-0.2315,,SAFE_STOP,大转后直线脱离仍未改善，停车等待,front,-0.4164,0.0005,1,stop,0.0,,0.0,0,0,1
12.751,542.0,833.0,375.0,1031.0,-0.3401,0.0763,-0.2312,-0.2317,-0.2315,,SAFE_STOP,大转后直线脱离仍未改善，停车等待,front,-0.4164,0.0005,1,stop,0.0,,0.0,0,0,1
12.771,542.0,833.0,375.0,1032.0,-0.3374,0.0763,-0.2312,-0.2317,-0.2315,,SAFE_STOP,大转后直线脱离仍未改善，停车等待,front,-0.4137,0.0005,1,stop,0.0,,0.0,0,0,1
12.791,542.0,832.0,375.0,1032.0,-0.3374,0.0763,-0.2312,-0.2317,-0.2315,,SAFE_STOP,大转后直线脱离仍未改善，停车等待,front,-0.4137,0.0005,1,stop,0.0,,0.0,0,0,1
12.811,542.0,833.0,374.0,1031.0,-0.3374,0.0763,-0.2312,-0.2317,-0.2315,,SAFE_STOP,大转后直线脱离仍未改善，停车等待,front,-0.4137,0.0005,1,stop,0.0,,0.0,0,0,1
12.831,541.0,832.0,374.0,1031.0,-0.3374,0.0741,-0.234,-0.2338,-0.2339,,SAFE_STOP,大转后直线脱离仍未改善，停车等待,front,-0.4115,-0.0002,1,stop,0.0,,0.0,0,0,1
12.851,541.0,832.0,375.0,1031.0,-0.3401,0.0741,-0.234,-0.2338,-0.2339,,SAFE_STOP,大转后直线脱离仍未改善，停车等待,front,-0.4142,-0.0002,1,stop,0.0,,0.0,0,0,1
12.871,540.0,832.0,375.0,1032.0,-0.3401,0.0741,-0.2312,-0.2338,-0.2325,,SAFE_STOP,大转后直线脱离仍未改善，停车等待,front,-0.4142,0.0026,1,stop,0.0,,0.0,0,0,1
12.891,541.0,833.0,374.0,1032.0,-0.3401,0.0741,-0.2312,-0.2317,-0.2315,,SAFE_STOP,大转后直线脱离仍未改善，停车等待,front,-0.4142,0.0005,1,stop,0.0,,0.0,0,0,1
12.911,540.0,831.0,374.0,1030.0,-0.3429,0.0741,-0.234,-0.2317,-0.2329,,SAFE_STOP,大转后直线脱离仍未改善，停车等待,front,-0.4169,-0.0023,1,stop,0.0,,0.0,0,0,1
12.931,540.0,831.0,374.0,1030.0,-0.3429,0.0719,-0.234,-0.2359,-0.2349,,SAFE_STOP,大转后直线脱离仍未改善，停车等待,front,-0.4148,0.0019,1,stop,0.0,,0.0,0,0,1
12.952,542.0,832.0,375.0,1032.0,-0.3429,0.0719,-0.234,-0.2359,-0.2349,,SAFE_STOP,大转后直线脱离仍未改善，停车等待,front,-0.4148,0.0019,1,stop,0.0,,0.0,0,0,1
12.972,542.0,833.0,375.0,1032.0,-0.3374,0.0741,-0.2312,-0.2317,-0.2315,,SAFE_STOP,大转后直线脱离仍未改善，停车等待,front,-0.4115,0.0005,1,stop,0.0,,0.0,0,0,1
12.992,541.0,832.0,374.0,1031.0,-0.3374,0.0741,-0.2312,-0.2317,-0.2315,,SAFE_STOP,大转后直线脱离仍未改善，停车等待,front,-0.4115,0.0005,1,stop,0.0,,0.0,0,0,1
13.012,541.0,833.0,374.0,1032.0,-0.3401,0.0763,-0.234,-0.2317,-0.2329,,SAFE_STOP,大转后直线脱离仍未改善，停车等待,front,-0.4164,-0.0023,1,stop,0.0,,0.0,0,0,1
13.032,542.0,832.0,374.0,1031.0,-0.3401,0.0741,-0.234,-0.2338,-0.2339,,SAFE_STOP,大转后直线脱离仍未改善，停车等待,front,-0.4142,-0.0002,1,stop,0.0,,0.0,0,0,1
13.052,541.0,832.0,374.0,1031.0,-0.3401,0.0741,-0.234,-0.2338,-0.2339,,SAFE_STOP,大转后直线脱离仍未改善，停车等待,front,-0.4142,-0.0002,1,stop,0.0,,0.0,0,0,1
13.072,542.0,832.0,375.0,1032.0,-0.3374,0.0741,-0.234,-0.2338,-0.2339,,SAFE_STOP,大转后直线脱离仍未改善，停车等待,front,-0.4115,-0.0002,1,stop,0.0,,0.0,0,0,1
13.092,542.0,833.0,375.0,1033.0,-0.3374,0.0741,-0.2312,-0.2317,-0.2315,,SAFE_STOP,大转后直线脱离仍未改善，停车等待,front,-0.4115,0.0005,1,stop,0.0,,0.0,0,0,1
13.112,540.0,832.0,376.0,1030.0,-0.3374,0.0741,-0.2312,-0.2317,-0.2315,,SAFE_STOP,大转后直线脱离仍未改善，停车等待,front,-0.4115,0.0005,1,stop,0.0,,0.0,0,0,1
13.133,541.0,833.0,375.0,1032.0,-0.3401,0.0763,-0.2312,-0.2317,-0.2315,,SAFE_STOP,大转后直线脱离仍未改善，停车等待,front,-0.4164,0.0005,1,stop,0.0,,0.0,0,0,1
13.153,541.0,832.0,374.0,1031.0,-0.3401,0.0741,-0.2312,-0.2338,-0.2325,,SAFE_STOP,大转后直线脱离仍未改善，停车等待,front,-0.4142,0.0026,1,stop,0.0,,0.0,0,0,1
13.173,542.0,832.0,374.0,1032.0,-0.3401,0.0741,-0.234,-0.2317,-0.2329,,SAFE_STOP,大转后直线脱离仍未改善，停车等待,front,-0.4142,-0.0023,1,stop,0.0,,0.0,0,0,1
13.193,542.0,833.0,374.0,1032.0,-0.3374,0.0741,-0.234,-0.2317,-0.2329,,SAFE_STOP,大转后直线脱离仍未改善，停车等待,front,-0.4115,-0.0023,1,stop,0.0,,0.0,0,0,1
13.213,541.0,832.0,375.0,1032.0,-0.3374,0.0741,-0.234,-0.2317,-0.2329,,SAFE_STOP,大转后直线脱离仍未改善，停车等待,front,-0.4115,-0.0023,1,stop,0.0,,0.0,0,0,1
13.233,541.0,833.0,374.0,1031.0,-0.3401,0.0763,-0.234,-0.2317,-0.2329,,SAFE_STOP,大转后直线脱离仍未改善，停车等待,front,-0.4164,-0.0023,1,stop,0.0,,0.0,0,0,1
13.253,542.0,833.0,374.0,1031.0,-0.3401,0.0763,-0.234,-0.2338,-0.2339,,SAFE_STOP,大转后直线脱离仍未改善，停车等待,front,-0.4164,-0.0002,1,stop,0.0,,0.0,0,0,1
13.273,542.0,832.0,375.0,1032.0,-0.3374,0.0763,-0.234,-0.2338,-0.2339,,SAFE_STOP,大转后直线脱离仍未改善，停车等待,front,-0.4137,-0.0002,1,stop,0.0,,0.0,0,0,1
13.293,542.0,832.0,374.0,1032.0,-0.3374,0.0741,-0.234,-0.2317,-0.2329,,SAFE_STOP,大转后直线脱离仍未改善，停车等待,front,-0.4115,-0.0023,1,stop,0.0,,0.0,0,0,1
13.314,542.0,832.0,374.0,1032.0,-0.3374,0.0741,-0.234,-0.2317,-0.2329,,SAFE_STOP,大转后直线脱离仍未改善，停车等待,front,-0.4115,-0.0023,1,stop,0.0,,0.0,0,0,1
13.334,541.0,832.0,374.0,1032.0,-0.3374,0.0741,-0.234,-0.2317,-0.2329,,SAFE_STOP,大转后直线脱离仍未改善，停车等待,front,-0.4115,-0.0023,1,stop,0.0,,0.0,0,0,1
13.354,542.0,832.0,375.0,1032.0,-0.3374,0.0741,-0.234,-0.2317,-0.2329,,SAFE_STOP,大转后直线脱离仍未改善，停车等待,front,-0.4115,-0.0023,1,stop,0.0,,0.0,0,0,1
13.374,541.0,832.0,374.0,1031.0,-0.3401,0.0741,-0.234,-0.2317,-0.2329,,SAFE_STOP,大转后直线脱离仍未改善，停车等待,front,-0.4142,-0.0023,1,stop,0.0,,0.0,0,0,1
13.394,542.0,832.0,375.0,1032.0,-0.3374,0.0741,-0.2312,-0.2317,-0.2315,,SAFE_STOP,大转后直线脱离仍未改善，停车等待,front,-0.4115,0.0005,1,stop,0.0,,0.0,0,0,1
13.415,542.0,833.0,375.0,1032.0,-0.3374,0.0741,-0.2312,-0.2317,-0.2315,,SAFE_STOP,大转后直线脱离仍未改善，停车等待,front,-0.4115,0.0005,1,stop,0.0,,0.0,0,0,1
13.435,542.0,833.0,374.0,1032.0,-0.3374,0.0763,-0.2312,-0.2317,-0.2315,,SAFE_STOP,大转后直线脱离仍未改善，停车等待,front,-0.4137,0.0005,1,stop,0.0,,0.0,0,0,1
13.455,541.0,831.0,374.0,1031.0,-0.3374,0.0763,-0.234,-0.2317,-0.2329,,SAFE_STOP,大转后直线脱离仍未改善，停车等待,front,-0.4137,-0.0023,1,stop,0.0,,0.0,0,0,1
13.475,541.0,832.0,374.0,1032.0,-0.3401,0.0741,-0.234,-0.2317,-0.2329,,SAFE_STOP,大转后直线脱离仍未改善，停车等待,front,-0.4142,-0.0023,1,stop,0.0,,0.0,0,0,1
13.495,541.0,832.0,374.0,1031.0,-0.3401,0.0741,-0.234,-0.2338,-0.2339,,SAFE_STOP,大转后直线脱离仍未改善，停车等待,front,-0.4142,-0.0002,1,stop,0.0,,0.0,0,0,1
13.515,541.0,832.0,374.0,1031.0,-0.3401,0.0741,-0.234,-0.2338,-0.2339,,SAFE_STOP,大转后直线脱离仍未改善，停车等待,front,-0.4142,-0.0002,1,stop,0.0,,0.0,0,0,1
13.535,541.0,832.0,374.0,1031.0,-0.3401,0.0741,-0.234,-0.2338,-0.2339,,SAFE_STOP,大转后直线脱离仍未改善，停车等待,front,-0.4142,-0.0002,1,stop,0.0,,0.0,0,0,1
13.555,542.0,833.0,374.0,1032.0,-0.3401,0.0741,-0.234,-0.2338,-0.2339,,SAFE_STOP,大转后直线脱离仍未改善，停车等待,front,-0.4142,-0.0002,1,stop,0.0,,0.0,0,0,1
13.576,540.0,832.0,374.0,1033.0,-0.3401,0.0741,-0.234,-0.2317,-0.2329,,SAFE_STOP,大转后直线脱离仍未改善，停车等待,front,-0.4142,-0.0023,1,stop,0.0,,0.0,0,0,1
13.596,541.0,832.0,374.0,1031.0,-0.3401,0.0741,-0.234,-0.2317,-0.2329,,SAFE_STOP,大转后直线脱离仍未改善，停车等待,front,-0.4142,-0.0023,1,stop,0.0,,0.0,0,0,1
13.616,542.0,832.0,375.0,1033.0,-0.3401,0.0741,-0.234,-0.2296,-0.2318,,SAFE_STOP,大转后直线脱离仍未改善，停车等待,front,-0.4142,-0.0043,1,stop,0.0,,0.0,0,0,1
13.636,542.0,831.0,375.0,1032.0,-0.3374,0.0741,-0.2312,-0.2317,-0.2315,,SAFE_STOP,大转后直线脱离仍未改善，停车等待,front,-0.4115,0.0005,1,stop,0.0,,0.0,0,0,1
13.656,542.0,832.0,375.0,1032.0,-0.3374,0.0741,-0.2312,-0.2317,-0.2315,,SAFE_STOP,大转后直线脱离仍未改善，停车等待,front,-0.4115,0.0005,1,stop,0.0,,0.0,0,0,1
13.676,542.0,832.0,374.0,1032.0,-0.3374,0.0741,-0.2312,-0.2317,-0.2315,,SAFE_STOP,大转后直线脱离仍未改善，停车等待,front,-0.4115,0.0005,1,stop,0.0,,0.0,0,0,1
13.696,542.0,832.0,375.0,1033.0,-0.3374,0.0741,-0.2312,-0.2317,-0.2315,,SAFE_STOP,大转后直线脱离仍未改善，停车等待,front,-0.4115,0.0005,1,stop,0.0,,0.0,0,0,1
13.717,541.0,831.0,375.0,1032.0,-0.3374,0.0741,-0.2312,-0.2317,-0.2315,,SAFE_STOP,大转后直线脱离仍未改善，停车等待,front,-0.4115,0.0005,1,stop,0.0,,0.0,0,0,1
13.737,541.0,831.0,375.0,1032.0,-0.3401,0.0719,-0.2312,-0.2317,-0.2315,,SAFE_STOP,大转后直线脱离仍未改善，停车等待,front,-0.412,0.0005,1,stop,0.0,,0.0,0,0,1
13.757,541.0,832.0,375.0,1033.0,-0.3401,0.0719,-0.2312,-0.2317,-0.2315,,SAFE_STOP,大转后直线脱离仍未改善，停车等待,front,-0.412,0.0005,1,stop,0.0,,0.0,0,0,1
13.777,542.0,832.0,374.0,1032.0,-0.3401,0.0741,-0.2312,-0.2317,-0.2315,,SAFE_STOP,大转后直线脱离仍未改善，停车等待,front,-0.4142,0.0005,1,stop,0.0,,0.0,0,0,1
13.797,542.0,832.0,375.0,1032.0,-0.3374,0.0741,-0.2312,-0.2317,-0.2315,,SAFE_STOP,大转后直线脱离仍未改善，停车等待,front,-0.4115,0.0005,1,stop,0.0,,0.0,0,0,1
13.817,542.0,832.0,374.0,1032.0,-0.3374,0.0741,-0.234,-0.2317,-0.2329,,SAFE_STOP,大转后直线脱离仍未改善，停车等待,front,-0.4115,-0.0023,1,stop,0.0,,0.0,0,0,1
13.837,542.0,832.0,374.0,1033.0,-0.3374,0.0741,-0.234,-0.2317,-0.2329,,SAFE_STOP,大转后直线脱离仍未改善，停车等待,front,-0.4115,-0.0023,1,stop,0.0,,0.0,0,0,1
13.857,541.0,833.0,374.0,1032.0,-0.3374,0.0741,-0.234,-0.2317,-0.2329,,SAFE_STOP,大转后直线脱离仍未改善，停车等待,front,-0.4115,-0.0023,1,stop,0.0,,0.0,0,0,1
13.878,542.0,832.0,375.0,1032.0,-0.3374,0.0741,-0.234,-0.2317,-0.2329,,SAFE_STOP,大转后直线脱离仍未改善，停车等待,front,-0.4115,-0.0023,1,stop,0.0,,0.0,0,0,1
13.898,541.0,832.0,374.0,1032.0,-0.3401,0.0741,-0.234,-0.2317,-0.2329,,SAFE_STOP,大转后直线脱离仍未改善，停车等待,front,-0.4142,-0.0023,1,stop,0.0,,0.0,0,0,1
13.918,542.0,832.0,375.0,1033.0,-0.3374,0.0741,-0.2312,-0.2317,-0.2315,,SAFE_STOP,大转后直线脱离仍未改善，停车等待,front,-0.4115,0.0005,1,stop,0.0,,0.0,0,0,1
13.938,542.0,833.0,374.0,1033.0,-0.3374,0.0741,-0.234,-0.2296,-0.2318,,SAFE_STOP,大转后直线脱离仍未改善，停车等待,front,-0.4115,-0.0043,1,stop,0.0,,0.0,0,0,1
13.958,542.0,833.0,374.0,1032.0,-0.3374,0.0763,-0.234,-0.2296,-0.2318,,SAFE_STOP,大转后直线脱离仍未改善，停车等待,front,-0.4137,-0.0043,1,stop,0.0,,0.0,0,0,1
13.979,542.0,832.0,374.0,1032.0,-0.3374,0.0763,-0.234,-0.2317,-0.2329,,SAFE_STOP,大转后直线脱离仍未改善，停车等待,front,-0.4137,-0.0023,1,stop,0.0,,0.0,0,0,1
13.999,542.0,832.0,375.0,1033.0,-0.3374,0.0741,-0.234,-0.2317,-0.2329,,SAFE_STOP,大转后直线脱离仍未改善，停车等待,front,-0.4115,-0.0023,1,stop,0.0,,0.0,0,0,1
14.019,541.0,832.0,374.0,1032.0,-0.3374,0.0741,-0.234,-0.2317,-0.2329,,SAFE_STOP,大转后直线脱离仍未改善，停车等待,front,-0.4115,-0.0023,1,stop,0.0,,0.0,0,0,1
14.04,541.0,832.0,374.0,1032.0,-0.3401,0.0741,-0.234,-0.2317,-0.2329,,SAFE_STOP,大转后直线脱离仍未改善，停车等待,front,-0.4142,-0.0023,1,stop,0.0,,0.0,0,0,1
14.06,541.0,831.0,374.0,1031.0,-0.3401,0.0741,-0.234,-0.2317,-0.2329,,SAFE_STOP,大转后直线脱离仍未改善，停车等待,front,-0.4142,-0.0023,1,stop,0.0,,0.0,0,0,1
14.08,541.0,831.0,374.0,1030.0,-0.3401,0.0719,-0.234,-0.2338,-0.2339,,SAFE_STOP,大转后直线脱离仍未改善，停车等待,front,-0.412,-0.0002,1,stop,0.0,,0.0,0,0,1
14.1,541.0,830.0,374.0,1031.0,-0.3401,0.0719,-0.234,-0.2338,-0.2339,,SAFE_STOP,大转后直线脱离仍未改善，停车等待,front,-0.412,-0.0002,1,stop,0.0,,0.0,0,0,1
14.12,541.0,830.0,373.0,1031.0,-0.3401,0.0697,-0.234,-0.2338,-0.2339,,SAFE_STOP,大转后直线脱离仍未改善，停车等待,front,-0.4099,-0.0002,1,stop,0.0,,0.0,0,0,1
14.141,541.0,831.0,374.0,1030.0,-0.3401,0.0697,-0.234,-0.2338,-0.2339,,SAFE_STOP,大转后直线脱离仍未改善，停车等待,front,-0.4099,-0.0002,1,stop,0.0,,0.0,0,0,1
14.161,541.0,832.0,374.0,1030.0,-0.3401,0.0719,-0.234,-0.2359,-0.2349,,SAFE_STOP,大转后直线脱离仍未改善，停车等待,front,-0.412,0.0019,1,stop,0.0,,0.0,0,0,1
14.181,541.0,830.0,374.0,1032.0,-0.3401,0.0719,-0.234,-0.2359,-0.2349,,SAFE_STOP,大转后直线脱离仍未改善，停车等待,front,-0.412,0.0019,1,stop,0.0,,0.0,0,0,1
14.201,541.0,830.0,374.0,1032.0,-0.3401,0.0697,-0.234,-0.2317,-0.2329,,SAFE_STOP,大转后直线脱离仍未改善，停车等待,front,-0.4099,-0.0023,1,stop,0.0,,0.0,0,0,1
14.221,540.0,830.0,374.0,1031.0,-0.3401,0.0697,-0.234,-0.2317,-0.2329,,SAFE_STOP,大转后直线脱离仍未改善，停车等待,front,-0.4099,-0.0023,1,stop,0.0,,0.0,0,0,1
14.241,541.0,830.0,373.0,1031.0,-0.3401,0.0697,-0.234,-0.2338,-0.2339,,SAFE_STOP,大转后直线脱离仍未改善，停车等待,front,-0.4099,-0.0002,1,stop,0.0,,0.0,0,0,1
14.261,541.0,831.0,373.0,1031.0,-0.3401,0.0697,-0.2368,-0.2338,-0.2353,,SAFE_STOP,大转后直线脱离仍未改善，停车等待,front,-0.4099,-0.0029,1,stop,0.0,,0.0,0,0,1
14.281,540.0,830.0,374.0,1030.0,-0.3401,0.0697,-0.2368,-0.2338,-0.2353,,SAFE_STOP,大转后直线脱离仍未改善，停车等待,front,-0.4099,-0.0029,1,stop,0.0,,0.0,0,0,1
14.301,541.0,829.0,373.0,1031.0,-0.3401,0.0697,-0.2368,-0.2338,-0.2353,,SAFE_STOP,大转后直线脱离仍未改善，停车等待,front,-0.4099,-0.0029,1,stop,0.0,,0.0,0,0,1
14.322,540.0,831.0,374.0,1031.0,-0.3429,0.0697,-0.234,-0.2338,-0.2339,,SAFE_STOP,大转后直线脱离仍未改善，停车等待,front,-0.4126,-0.0002,1,stop,0.0,,0.0,0,0,1
14.342,541.0,831.0,374.0,1032.0,-0.3401,0.0719,-0.234,-0.2338,-0.2339,,SAFE_STOP,大转后直线脱离仍未改善，停车等待,front,-0.412,-0.0002,1,stop,0.0,,0.0,0,0,1
14.362,541.0,832.0,374.0,1032.0,-0.3401,0.0719,-0.234,-0.2317,-0.2329,,SAFE_STOP,大转后直线脱离仍未改善，停车等待,front,-0.412,-0.0023,1,stop,0.0,,0.0,0,0,1
14.382,541.0,831.0,373.0,1031.0,-0.3401,0.0719,-0.234,-0.2317,-0.2329,,SAFE_STOP,大转后直线脱离仍未改善，停车等待,front,-0.412,-0.0023,1,stop,0.0,,0.0,0,0,1
14.402,540.0,830.0,373.0,1030.0,-0.3401,0.0719,-0.2368,-0.2338,-0.2353,,SAFE_STOP,大转后直线脱离仍未改善，停车等待,front,-0.412,-0.0029,1,stop,0.0,,0.0,0,0,1
14.422,540.0,830.0,373.0,1032.0,-0.3429,0.0697,-0.2368,-0.2338,-0.2353,,SAFE_STOP,大转后直线脱离仍未改善，停车等待,front,-0.4126,-0.0029,1,stop,0.0,,0.0,0,0,1
14.442,541.0,832.0,375.0,1031.0,-0.3429,0.0697,-0.2368,-0.2338,-0.2353,,SAFE_STOP,大转后直线脱离仍未改善，停车等待,front,-0.4126,-0.0029,1,stop,0.0,,0.0,0,0,1
14.462,541.0,830.0,374.0,1032.0,-0.3401,0.0697,-0.234,-0.2317,-0.2329,,SAFE_STOP,大转后直线脱离仍未改善，停车等待,front,-0.4099,-0.0023,1,stop,0.0,,0.0,0,0,1
14.482,541.0,830.0,373.0,1031.0,-0.3401,0.0697,-0.234,-0.2338,-0.2339,,SAFE_STOP,大转后直线脱离仍未改善，停车等待,front,-0.4099,-0.0002,1,stop,0.0,,0.0,0,0,1
14.502,540.0,830.0,374.0,1032.0,-0.3401,0.0697,-0.234,-0.2317,-0.2329,,SAFE_STOP,大转后直线脱离仍未改善，停车等待,front,-0.4099,-0.0023,1,stop,0.0,,0.0,0,0,1
14.523,541.0,830.0,374.0,1032.0,-0.3401,0.0697,-0.234,-0.2317,-0.2329,,SAFE_STOP,大转后直线脱离仍未改善，停车等待,front,-0.4099,-0.0023,1,stop,0.0,,0.0,0,0,1
14.543,540.0,830.0,374.0,1031.0,-0.3429,0.0697,-0.234,-0.2317,-0.2329,,SAFE_STOP,大转后直线脱离仍未改善，停车等待,front,-0.4126,-0.0023,1,stop,0.0,,0.0,0,0,1
14.563,540.0,831.0,374.0,1033.0,-0.3429,0.0697,-0.234,-0.2317,-0.2329,,SAFE_STOP,大转后直线脱离仍未改善，停车等待,front,-0.4126,-0.0023,1,stop,0.0,,0.0,0,0,1
14.583,542.0,831.0,373.0,1032.0,-0.3429,0.0719,-0.234,-0.2317,-0.2329,,SAFE_STOP,大转后直线脱离仍未改善，停车等待,front,-0.4148,-0.0023,1,stop,0.0,,0.0,0,0,1
14.603,541.0,831.0,373.0,1031.0,-0.3401,0.0719,-0.2368,-0.2317,-0.2343,,SAFE_STOP,大转后直线脱离仍未改善，停车等待,front,-0.412,-0.005,1,stop,0.0,,0.0,0,0,1
14.623,541.0,831.0,373.0,1031.0,-0.3401,0.0719,-0.2368,-0.2338,-0.2353,,SAFE_STOP,大转后直线脱离仍未改善，停车等待,front,-0.412,-0.0029,1,stop,0.0,,0.0,0,0,1
14.643,540.0,831.0,374.0,1032.0,-0.3401,0.0719,-0.2368,-0.2338,-0.2353,,SAFE_STOP,大转后直线脱离仍未改善，停车等待,front,-0.412,-0.0029,1,stop,0.0,,0.0,0,0,1
14.663,539.0,828.0,373.0,1030.0,-0.3429,0.0719,-0.2368,-0.2338,-0.2353,,SAFE_STOP,大转后直线脱离仍未改善，停车等待,front,-0.4148,-0.0029,1,stop,0.0,,0.0,0,0,1
14.683,539.0,828.0,372.0,1029.0,-0.3456,0.0654,-0.2368,-0.2359,-0.2363,,SAFE_STOP,大转后直线脱离仍未改善，停车等待,front,-0.4109,-0.0009,1,stop,0.0,,0.0,0,0,1
14.704,539.0,826.0,372.0,1028.0,-0.3456,0.0654,-0.2396,-0.238,-0.2388,,SAFE_STOP,大转后直线脱离仍未改善，停车等待,front,-0.4109,-0.0016,1,stop,0.0,,0.0,0,0,1
14.724,539.0,827.0,372.0,1028.0,-0.3456,0.0632,-0.2396,-0.2401,-0.2398,,SAFE_STOP,大转后直线脱离仍未改善，停车等待,front,-0.4088,0.0005,1,stop,0.0,,0.0,0,0,1
14.744,539.0,827.0,372.0,1028.0,-0.3456,0.0632,-0.2396,-0.2401,-0.2398,,SAFE_STOP,大转后直线脱离仍未改善，停车等待,front,-0.4088,0.0005,1,stop,0.0,,0.0,0,0,1
14.764,539.0,828.0,372.0,1029.0,-0.3456,0.0632,-0.2396,-0.2401,-0.2398,,SAFE_STOP,大转后直线脱离仍未改善，停车等待,front,-0.4088,0.0005,1,stop,0.0,,0.0,0,0,1
14.784,538.0,826.0,373.0,1029.0,-0.3456,0.0632,-0.2396,-0.238,-0.2388,,SAFE_STOP,大转后直线脱离仍未改善，停车等待,front,-0.4088,-0.0016,1,stop,0.0,,0.0,0,0,1
14.804,539.0,828.0,372.0,1029.0,-0.3456,0.0654,-0.2396,-0.238,-0.2388,,SAFE_STOP,大转后直线脱离仍未改善，停车等待,front,-0.4109,-0.0016,1,stop,0.0,,0.0,0,0,1
14.825,539.0,828.0,372.0,1029.0,-0.3456,0.0654,-0.2396,-0.238,-0.2388,,SAFE_STOP,大转后直线脱离仍未改善，停车等待,front,-0.4109,-0.0016,1,stop,0.0,,0.0,0,0,1
14.845,539.0,827.0,372.0,1029.0,-0.3456,0.0654,-0.2396,-0.238,-0.2388,,SAFE_STOP,大转后直线脱离仍未改善，停车等待,front,-0.4109,-0.0016,1,stop,0.0,,0.0,0,0,1
14.865,540.0,828.0,372.0,1029.0,-0.3456,0.0654,-0.2396,-0.238,-0.2388,,SAFE_STOP,大转后直线脱离仍未改善，停车等待,front,-0.4109,-0.0016,1,stop,0.0,,0.0,0,0,1
14.885,539.0,827.0,372.0,1029.0,-0.3456,0.0632,-0.2396,-0.238,-0.2388,,SAFE_STOP,大转后直线脱离仍未改善，停车等待,front,-0.4088,-0.0016,1,stop,0.0,,0.0,0,0,1
14.905,539.0,828.0,372.0,1029.0,-0.3456,0.0654,-0.2396,-0.238,-0.2388,,SAFE_STOP,大转后直线脱离仍未改善，停车等待,front,-0.4109,-0.0016,1,stop,0.0,,0.0,0,0,1
14.925,539.0,829.0,372.0,1029.0,-0.3456,0.0654,-0.2396,-0.238,-0.2388,,SAFE_STOP,大转后直线脱离仍未改善，停车等待,front,-0.4109,-0.0016,1,stop,0.0,,0.0,0,0,1
14.945,539.0,827.0,373.0,1028.0,-0.3456,0.0654,-0.2396,-0.238,-0.2388,,SAFE_STOP,大转后直线脱离仍未改善，停车等待,front,-0.4109,-0.0016,1,stop,0.0,,0.0,0,0,1
14.965,538.0,828.0,373.0,1029.0,-0.3456,0.0654,-0.2368,-0.238,-0.2374,,SAFE_STOP,大转后直线脱离仍未改善，停车等待,front,-0.4109,0.0012,1,stop,0.0,,0.0,0,0,1
14.985,538.0,825.0,371.0,1027.0,-0.3483,0.0632,-0.2368,-0.2401,-0.2384,,SAFE_STOP,大转后直线脱离仍未改善，停车等待,front,-0.4115,0.0033,1,stop,0.0,,0.0,0,0,1
15.005,540.0,830.0,373.0,1030.0,-0.3483,0.0654,-0.2368,-0.238,-0.2374,,SAFE_STOP,大转后直线脱离仍未改善，停车等待,front,-0.4137,0.0012,1,stop,0.0,,0.0,0,0,1
15.026,540.0,829.0,374.0,1030.0,-0.3429,0.0675,-0.2368,-0.2359,-0.2363,,SAFE_STOP,大转后直线脱离仍未改善，停车等待,front,-0.4104,-0.0009,1,stop,0.0,,0.0,0,0,1
15.046,538.0,828.0,371.0,1027.0,-0.3429,0.0675,-0.2368,-0.2359,-0.2363,,SAFE_STOP,大转后直线脱离仍未改善，停车等待,front,-0.4104,-0.0009,1,stop,0.0,,0.0,0,0,1
15.066,537.0,826.0,372.0,1027.0,-0.3483,0.0654,-0.2396,-0.2422,-0.2409,,SAFE_STOP,大转后直线脱离仍未改善，停车等待,front,-0.4137,0.0026,1,stop,0.0,,0.0,0,0,1
15.086,539.0,827.0,372.0,1028.0,-0.3483,0.0632,-0.2396,-0.2422,-0.2409,,SAFE_STOP,大转后直线脱离仍未改善，停车等待,front,-0.4115,0.0026,1,stop,0.0,,0.0,0,0,1
15.106,539.0,828.0,372.0,1028.0,-0.3456,0.0632,-0.2396,-0.2401,-0.2398,,SAFE_STOP,大转后直线脱离仍未改善，停车等待,front,-0.4088,0.0005,1,stop,0.0,,0.0,0,0,1
15.126,537.0,824.0,371.0,1025.0,-0.3456,0.0632,-0.2396,-0.2401,-0.2398,,SAFE_STOP,大转后直线脱离仍未改善，停车等待,front,-0.4088,0.0005,1,stop,0.0,,0.0,0,0,1
15.146,538.0,827.0,372.0,1029.0,-0.3483,0.0632,-0.2396,-0.2401,-0.2398,,SAFE_STOP,大转后直线脱离仍未改善，停车等待,front,-0.4115,0.0005,1,stop,0.0,,0.0,0,0,1
15.166,539.0,828.0,373.0,1029.0,-0.3483,0.0632,-0.2396,-0.238,-0.2388,,SAFE_STOP,大转后直线脱离仍未改善，停车等待,front,-0.4115,-0.0016,1,stop,0.0,,0.0,0,0,1
15.186,538.0,827.0,371.0,1027.0,-0.3483,0.0632,-0.2396,-0.238,-0.2388,,SAFE_STOP,大转后直线脱离仍未改善，停车等待,front,-0.4115,-0.0016,1,stop,0.0,,0.0,0,0,1
15.206,539.0,827.0,372.0,1028.0,-0.3456,0.0632,-0.2396,-0.2401,-0.2398,,SAFE_STOP,大转后直线脱离仍未改善，停车等待,front,-0.4088,0.0005,1,stop,0.0,,0.0,0,0,1
15.226,539.0,827.0,372.0,1028.0,-0.3456,0.0632,-0.2396,-0.2401,-0.2398,,SAFE_STOP,大转后直线脱离仍未改善，停车等待,front,-0.4088,0.0005,1,stop,0.0,,0.0,0,0,1
15.247,541.0,831.0,374.0,1032.0,-0.3456,0.0632,-0.2396,-0.2401,-0.2398,,SAFE_STOP,大转后直线脱离仍未改善，停车等待,front,-0.4088,0.0005,1,stop,0.0,,0.0,0,0,1
15.267,539.0,829.0,373.0,1029.0,-0.3456,0.0675,-0.2368,-0.238,-0.2374,,SAFE_STOP,大转后直线脱离仍未改善，停车等待,front,-0.4131,0.0012,1,stop,0.0,,0.0,0,0,1
15.287,540.0,830.0,374.0,1032.0,-0.3429,0.0697,-0.234,-0.2317,-0.2329,,SAFE_STOP,大转后直线脱离仍未改善，停车等待,front,-0.4126,-0.0023,1,stop,0.0,,0.0,0,0,1
15.307,540.0,830.0,373.0,1031.0,-0.3429,0.0697,-0.2368,-0.2338,-0.2353,,SAFE_STOP,大转后直线脱离仍未改善，停车等待,front,-0.4126,-0.0029,1,stop,0.0,,0.0,0,0,1
15.327,541.0,830.0,373.0,1032.0,-0.3429,0.0697,-0.2368,-0.2317,-0.2343,,SAFE_STOP,大转后直线脱离仍未改善，停车等待,front,-0.4126,-0.005,1,stop,0.0,,0.0,0,0,1
15.347,540.0,831.0,373.0,1032.0,-0.3429,0.0697,-0.2368,-0.2317,-0.2343,,SAFE_STOP,大转后直线脱离仍未改善，停车等待,front,-0.4126,-0.005,1,stop,0.0,,0.0,0,0,1
15.367,540.0,830.0,373.0,1032.0,-0.3429,0.0697,-0.2368,-0.2317,-0.2343,,SAFE_STOP,大转后直线脱离仍未改善，停车等待,front,-0.4126,-0.005,1,stop,0.0,,0.0,0,0,1
15.387,540.0,830.0,375.0,1032.0,-0.3429,0.0697,-0.2368,-0.2317,-0.2343,,SAFE_STOP,大转后直线脱离仍未改善，停车等待,front,-0.4126,-0.005,1,stop,0.0,,0.0,0,0,1
15.407,539.0,829.0,373.0,1030.0,-0.3429,0.0697,-0.2368,-0.2317,-0.2343,,SAFE_STOP,大转后直线脱离仍未改善，停车等待,front,-0.4126,-0.005,1,stop,0.0,,0.0,0,0,1
15.427,541.0,830.0,373.0,1032.0,-0.3429,0.0697,-0.2368,-0.2317,-0.2343,,SAFE_STOP,大转后直线脱离仍未改善，停车等待,front,-0.4126,-0.005,1,stop,0.0,,0.0,0,0,1
15.447,539.0,829.0,373.0,1031.0,-0.3456,0.0675,-0.2368,-0.2338,-0.2353,,SAFE_STOP,大转后直线脱离仍未改善，停车等待,front,-0.4131,-0.0029,1,stop,0.0,,0.0,0,0,1
15.468,540.0,830.0,374.0,1032.0,-0.3429,0.0697,-0.2368,-0.2317,-0.2343,,SAFE_STOP,大转后直线脱离仍未改善，停车等待,front,-0.4126,-0.005,1,stop,0.0,,0.0,0,0,1
15.488,540.0,831.0,373.0,1032.0,-0.3429,0.0697,-0.2368,-0.2317,-0.2343,,SAFE_STOP,大转后直线脱离仍未改善，停车等待,front,-0.4126,-0.005,1,stop,0.0,,0.0,0,0,1
15.508,540.0,829.0,373.0,1032.0,-0.3429,0.0697,-0.2368,-0.2317,-0.2343,,SAFE_STOP,大转后直线脱离仍未改善，停车等待,front,-0.4126,-0.005,1,stop,0.0,,0.0,0,0,1
15.528,540.0,830.0,374.0,1032.0,-0.3429,0.0697,-0.2368,-0.2317,-0.2343,,SAFE_STOP,大转后直线脱离仍未改善，停车等待,front,-0.4126,-0.005,1,stop,0.0,,0.0,0,0,1
15.548,540.0,830.0,374.0,1031.0,-0.3429,0.0697,-0.234,-0.2317,-0.2329,,SAFE_STOP,大转后直线脱离仍未改善，停车等待,front,-0.4126,-0.0023,1,stop,0.0,,0.0,0,0,1
15.568,541.0,831.0,374.0,1032.0,-0.3429,0.0697,-0.234,-0.2317,-0.2329,,SAFE_STOP,大转后直线脱离仍未改善，停车等待,front,-0.4126,-0.0023,1,stop,0.0,,0.0,0,0,1
15.588,540.0,830.0,373.0,1032.0,-0.3429,0.0697,-0.234,-0.2317,-0.2329,,SAFE_STOP,大转后直线脱离仍未改善，停车等待,front,-0.4126,-0.0023,1,stop,0.0,,0.0,0,0,1
15.608,540.0,830.0,373.0,1032.0,-0.3429,0.0697,-0.2368,-0.2317,-0.2343,,SAFE_STOP,大转后直线脱离仍未改善，停车等待,front,-0.4126,-0.005,1,stop,0.0,,0.0,0,0,1
15.628,540.0,830.0,374.0,1032.0,-0.3429,0.0697,-0.2368,-0.2317,-0.2343,,SAFE_STOP,大转后直线脱离仍未改善，停车等待,front,-0.4126,-0.005,1,stop,0.0,,0.0,0,0,1
15.649,541.0,831.0,374.0,1033.0,-0.3429,0.0697,-0.234,-0.2317,-0.2329,,SAFE_STOP,大转后直线脱离仍未改善，停车等待,front,-0.4126,-0.0023,1,stop,0.0,,0.0,0,0,1
15.669,540.0,829.0,373.0,1031.0,-0.3429,0.0697,-0.234,-0.2317,-0.2329,,SAFE_STOP,大转后直线脱离仍未改善，停车等待,front,-0.4126,-0.0023,1,stop,0.0,,0.0,0,0,1
15.689,540.0,829.0,373.0,1030.0,-0.3429,0.0675,-0.2368,-0.2338,-0.2353,,SAFE_STOP,大转后直线脱离仍未改善，停车等待,front,-0.4104,-0.0029,1,stop,0.0,,0.0,0,0,1
15.709,541.0,831.0,374.0,1033.0,-0.3429,0.0675,-0.2368,-0.2338,-0.2353,,SAFE_STOP,大转后直线脱离仍未改善，停车等待,front,-0.4104,-0.0029,1,stop,0.0,,0.0,0,0,1
15.729,538.0,831.0,374.0,1032.0,-0.3429,0.0719,-0.234,-0.2317,-0.2329,,SAFE_STOP,大转后直线脱离仍未改善，停车等待,front,-0.4148,-0.0023,1,stop,0.0,,0.0,0,0,1
15.749,538.0,830.0,374.0,1033.0,-0.3483,0.0719,-0.234,-0.2296,-0.2318,,SAFE_STOP,大转后直线脱离仍未改善，停车等待,front,-0.4202,-0.0043,1,stop,0.0,,0.0,0,0,1
15.769,538.0,830.0,374.0,1033.0,-0.3483,0.0697,-0.234,-0.2296,-0.2318,,SAFE_STOP,大转后直线脱离仍未改善，停车等待,front,-0.418,-0.0043,1,stop,0.0,,0.0,0,0,1
15.789,540.0,830.0,374.0,1032.0,-0.3483,0.0697,-0.234,-0.2296,-0.2318,,SAFE_STOP,大转后直线脱离仍未改善，停车等待,front,-0.418,-0.0043,1,stop,0.0,,0.0,0,0,1
15.809,540.0,832.0,373.0,1031.0,-0.3429,0.0697,-0.234,-0.2317,-0.2329,,SAFE_STOP,大转后直线脱离仍未改善，停车等待,front,-0.4126,-0.0023,1,stop,0.0,,0.0,0,0,1
15.83,540.0,831.0,373.0,1032.0,-0.3429,0.0719,-0.2368,-0.2317,-0.2343,,SAFE_STOP,大转后直线脱离仍未改善，停车等待,front,-0.4148,-0.005,1,stop,0.0,,0.0,0,0,1
15.85,540.0,830.0,373.0,1032.0,-0.3429,0.0719,-0.2368,-0.2317,-0.2343,,SAFE_STOP,大转后直线脱离仍未改善，停车等待,front,-0.4148,-0.005,1,stop,0.0,,0.0,0,0,1
15.87,540.0,830.0,373.0,1032.0,-0.3429,0.0697,-0.2368,-0.2317,-0.2343,,SAFE_STOP,大转后直线脱离仍未改善，停车等待,front,-0.4126,-0.005,1,stop,0.0,,0.0,0,0,1
15.89,540.0,830.0,373.0,1032.0,-0.3429,0.0697,-0.2368,-0.2317,-0.2343,,SAFE_STOP,大转后直线脱离仍未改善，停车等待,front,-0.4126,-0.005,1,stop,0.0,,0.0,0,0,1
15.91,541.0,832.0,373.0,1032.0,-0.3429,0.0697,-0.2368,-0.2317,-0.2343,,SAFE_STOP,大转后直线脱离仍未改善，停车等待,front,-0.4126,-0.005,1,stop,0.0,,0.0,0,0,1
15.93,540.0,831.0,373.0,1033.0,-0.3429,0.0719,-0.2368,-0.2317,-0.2343,,SAFE_STOP,大转后直线脱离仍未改善，停车等待,front,-0.4148,-0.005,1,stop,0.0,,0.0,0,0,1
15.951,540.0,830.0,373.0,1032.0,-0.3429,0.0719,-0.2368,-0.2317,-0.2343,,SAFE_STOP,大转后直线脱离仍未改善，停车等待,front,-0.4148,-0.005,1,stop,0.0,,0.0,0,0,1
15.971,541.0,832.0,373.0,1033.0,-0.3429,0.0719,-0.2368,-0.2296,-0.2332,,SAFE_STOP,大转后直线脱离仍未改善，停车等待,front,-0.4148,-0.0071,1,stop,0.0,,0.0,0,0,1
15.991,541.0,831.0,374.0,1034.0,-0.3401,0.0719,-0.2368,-0.2296,-0.2332,,SAFE_STOP,大转后直线脱离仍未改善，停车等待,front,-0.412,-0.0071,1,stop,0.0,,0.0,0,0,1
16.011,541.0,830.0,373.0,1034.0,-0.3401,0.0719,-0.2368,-0.2276,-0.2322,,SAFE_STOP,大转后直线脱离仍未改善，停车等待,front,-0.412,-0.0092,1,stop,0.0,,0.0,0,0,1
16.031,540.0,830.0,373.0,1033.0,-0.3401,0.0697,-0.2368,-0.2276,-0.2322,,SAFE_STOP,大转后直线脱离仍未改善，停车等待,front,-0.4099,-0.0092,1,stop,0.0,,0.0,0,0,1
16.051,540.0,831.0,373.0,1033.0,-0.3429,0.0697,-0.2368,-0.2296,-0.2332,,SAFE_STOP,大转后直线脱离仍未改善，停车等待,front,-0.4126,-0.0071,1,stop,0.0,,0.0,0,0,1
16.071,541.0,832.0,374.0,1036.0,-0.3429,0.0719,-0.2368,-0.2296,-0.2332,,SAFE_STOP,大转后直线脱离仍未改善，停车等待,front,-0.4148,-0.0071,1,stop,0.0,,0.0,0,0,1
16.091,541.0,830.0,373.0,1035.0,-0.3401,0.0719,-0.2368,-0.2255,-0.2311,,SAFE_STOP,大转后直线脱离仍未改善，停车等待,front,-0.412,-0.0113,1,stop,0.0,,0.0,0,0,1
16.111,541.0,830.0,374.0,1036.0,-0.3401,0.0697,-0.234,-0.2234,-0.2287,,SAFE_STOP,大转后直线脱离仍未改善，停车等待,front,-0.4099,-0.0106,1,stop,0.0,,0.0,0,0,1
16.132,542.0,832.0,374.0,1036.0,-0.3401,0.0697,-0.234,-0.2234,-0.2287,,SAFE_STOP,大转后直线脱离仍未改善，停车等待,front,-0.4099,-0.0106,1,stop,0.0,,0.0,0,0,1
16.152,541.0,830.0,372.0,1036.0,-0.3401,0.0697,-0.234,-0.2234,-0.2287,,SAFE_STOP,大转后直线脱离仍未改善，停车等待,front,-0.4099,-0.0106,1,stop,0.0,,0.0,0,0,1
16.172,541.0,829.0,373.0,1035.0,-0.3401,0.0697,-0.2368,-0.2234,-0.2301,,SAFE_STOP,大转后直线脱离仍未改善，停车等待,front,-0.4099,-0.0134,1,stop,0.0,,0.0,0,0,1
16.192,541.0,830.0,373.0,1035.0,-0.3401,0.0697,-0.2368,-0.2255,-0.2311,,SAFE_STOP,大转后直线脱离仍未改善，停车等待,front,-0.4099,-0.0113,1,stop,0.0,,0.0,0,0,1
16.212,541.0,830.0,373.0,1035.0,-0.3401,0.0697,-0.2368,-0.2255,-0.2311,,SAFE_STOP,大转后直线脱离仍未改善，停车等待,front,-0.4099,-0.0113,1,stop,0.0,,0.0,0,0,1
16.232,541.0,831.0,374.0,1036.0,-0.3401,0.0697,-0.2368,-0.2255,-0.2311,,SAFE_STOP,大转后直线脱离仍未改善，停车等待,front,-0.4099,-0.0113,1,stop,0.0,,0.0,0,0,1
16.252,543.0,832.0,374.0,1039.0,-0.3401,0.0719,-0.234,-0.2234,-0.2287,,SAFE_STOP,大转后直线脱离仍未改善，停车等待,front,-0.412,-0.0106,1,stop,0.0,,0.0,0,0,1
16.272,542.0,832.0,374.0,1037.0,-0.3374,0.0741,-0.234,-0.2213,-0.2276,,SAFE_STOP,大转后直线脱离仍未改善，停车等待,front,-0.4115,-0.0127,1,stop,0.0,,0.0,0,0,1
16.292,542.0,831.0,374.0,1038.0,-0.3374,0.0741,-0.234,-0.2192,-0.2266,,SAFE_STOP,大转后直线脱离仍未改善，停车等待,front,-0.4115,-0.0148,1,stop,0.0,,0.0,0,0,1
16.313,541.0,832.0,374.0,1037.0,-0.3374,0.0741,-0.234,-0.2213,-0.2276,,SAFE_STOP,大转后直线脱离仍未改善，停车等待,front,-0.4115,-0.0127,1,stop,0.0,,0.0,0,0,1
16.333,542.0,832.0,374.0,1038.0,-0.3374,0.0741,-0.234,-0.2192,-0.2266,,SAFE_STOP,大转后直线脱离仍未改善，停车等待,front,-0.4115,-0.0148,1,stop,0.0,,0.0,0,0,1
16.353,541.0,831.0,374.0,1037.0,-0.3401,0.0741,-0.234,-0.2213,-0.2276,,SAFE_STOP,大转后直线脱离仍未改善，停车等待,front,-0.4142,-0.0127,1,stop,0.0,,0.0,0,0,1
16.373,542.0,832.0,374.0,1040.0,-0.3374,0.0741,-0.234,-0.2192,-0.2266,,SAFE_STOP,大转后直线脱离仍未改善，停车等待,front,-0.4115,-0.0148,1,stop,0.0,,0.0,0,0,1
16.393,542.0,832.0,374.0,1038.0,-0.3374,0.0741,-0.234,-0.2192,-0.2266,,SAFE_STOP,大转后直线脱离仍未改善，停车等待,front,-0.4115,-0.0148,1,stop,0.0,,0.0,0,0,1
16.413,541.0,832.0,374.0,1038.0,-0.3374,0.0741,-0.234,-0.2192,-0.2266,,SAFE_STOP,大转后直线脱离仍未改善，停车等待,front,-0.4115,-0.0148,1,stop,0.0,,0.0,0,0,1
16.433,541.0,833.0,374.0,1039.0,-0.3401,0.0741,-0.234,-0.2192,-0.2266,,SAFE_STOP,大转后直线脱离仍未改善，停车等待,front,-0.4142,-0.0148,1,stop,0.0,,0.0,0,0,1
16.453,541.0,832.0,374.0,1039.0,-0.3401,0.0741,-0.234,-0.2171,-0.2256,,SAFE_STOP,大转后直线脱离仍未改善，停车等待,front,-0.4142,-0.0169,1,stop,0.0,,0.0,0,0,1
16.473,542.0,832.0,374.0,1038.0,-0.3401,0.0741,-0.234,-0.2171,-0.2256,,SAFE_STOP,大转后直线脱离仍未改善，停车等待,front,-0.4142,-0.0169,1,stop,0.0,,0.0,0,0,1
16.493,542.0,832.0,374.0,1040.0,-0.3374,0.0741,-0.234,-0.2171,-0.2256,,SAFE_STOP,大转后直线脱离仍未改善，停车等待,front,-0.4115,-0.0169,1,stop,0.0,,0.0,0,0,1
16.514,543.0,834.0,374.0,1038.0,-0.3374,0.0741,-0.234,-0.2192,-0.2266,,SAFE_STOP,大转后直线脱离仍未改善，停车等待,front,-0.4115,-0.0148,1,stop,0.0,,0.0,0,0,1
16.534,543.0,833.0,374.0,1039.0,-0.3347,0.0763,-0.234,-0.2171,-0.2256,,SAFE_STOP,大转后直线脱离仍未改善，停车等待,front,-0.4109,-0.0169,1,stop,0.0,,0.0,0,0,1
16.554,542.0,832.0,373.0,1038.0,-0.3347,0.0763,-0.234,-0.2192,-0.2266,,SAFE_STOP,大转后直线脱离仍未改善，停车等待,front,-0.4109,-0.0148,1,stop,0.0,,0.0,0,0,1
16.574,542.0,833.0,375.0,1039.0,-0.3374,0.0763,-0.234,-0.2171,-0.2256,,SAFE_STOP,大转后直线脱离仍未改善，停车等待,front,-0.4137,-0.0169,1,stop,0.0,,0.0,0,0,1
16.594,541.0,833.0,374.0,1037.0,-0.3374,0.0763,-0.234,-0.2192,-0.2266,,SAFE_STOP,大转后直线脱离仍未改善，停车等待,front,-0.4137,-0.0148,1,stop,0.0,,0.0,0,0,1
16.614,541.0,833.0,374.0,1037.0,-0.3401,0.0763,-0.234,-0.2213,-0.2276,,SAFE_STOP,大转后直线脱离仍未改善，停车等待,front,-0.4164,-0.0127,1,stop,0.0,,0.0,0,0,1
16.634,542.0,832.0,373.0,1037.0,-0.3401,0.0763,-0.234,-0.2213,-0.2276,,SAFE_STOP,大转后直线脱离仍未改善，停车等待,front,-0.4164,-0.0127,1,stop,0.0,,0.0,0,0,1
16.654,542.0,832.0,374.0,1038.0,-0.3374,0.0741,-0.234,-0.2213,-0.2276,,SAFE_STOP,大转后直线脱离仍未改善，停车等待,front,-0.4115,-0.0127,1,stop,0.0,,0.0,0,0,1
16.674,542.0,833.0,374.0,1038.0,-0.3374,0.0741,-0.234,-0.2192,-0.2266,,SAFE_STOP,大转后直线脱离仍未改善，停车等待,front,-0.4115,-0.0148,1,stop,0.0,,0.0,0,0,1
16.694,542.0,832.0,374.0,1037.0,-0.3374,0.0741,-0.234,-0.2192,-0.2266,,SAFE_STOP,大转后直线脱离仍未改善，停车等待,front,-0.4115,-0.0148,1,stop,0.0,,0.0,0,0,1
16.715,541.0,832.0,373.0,1037.0,-0.3374,0.0741,-0.234,-0.2213,-0.2276,,SAFE_STOP,大转后直线脱离仍未改善，停车等待,front,-0.4115,-0.0127,1,stop,0.0,,0.0,0,0,1
16.735,542.0,832.0,374.0,1038.0,-0.3374,0.0741,-0.234,-0.2213,-0.2276,,SAFE_STOP,大转后直线脱离仍未改善，停车等待,front,-0.4115,-0.0127,1,stop,0.0,,0.0,0,0,1
16.755,542.0,833.0,374.0,1038.0,-0.3374,0.0741,-0.234,-0.2192,-0.2266,,SAFE_STOP,大转后直线脱离仍未改善，停车等待,front,-0.4115,-0.0148,1,stop,0.0,,0.0,0,0,1
16.775,542.0,833.0,374.0,1039.0,-0.3374,0.0763,-0.234,-0.2192,-0.2266,,SAFE_STOP,大转后直线脱离仍未改善，停车等待,front,-0.4137,-0.0148,1,stop,0.0,,0.0,0,0,1
16.795,541.0,832.0,373.0,1037.0,-0.3374,0.0763,-0.234,-0.2192,-0.2266,,SAFE_STOP,大转后直线脱离仍未改善，停车等待,front,-0.4137,-0.0148,1,stop,0.0,,0.0,0,0,1
16.815,541.0,832.0,373.0,1038.0,-0.3401,0.0741,-0.2368,-0.2192,-0.228,,SAFE_STOP,大转后直线脱离仍未改善，停车等待,front,-0.4142,-0.0176,1,stop,0.0,,0.0,0,0,1
16.835,541.0,832.0,374.0,1038.0,-0.3401,0.0741,-0.2368,-0.2192,-0.228,,SAFE_STOP,大转后直线脱离仍未改善，停车等待,front,-0.4142,-0.0176,1,stop,0.0,,0.0,0,0,1
16.855,541.0,833.0,374.0,1039.0,-0.3401,0.0741,-0.234,-0.2192,-0.2266,,SAFE_STOP,大转后直线脱离仍未改善，停车等待,front,-0.4142,-0.0148,1,stop,0.0,,0.0,0,0,1
16.875,541.0,832.0,374.0,1040.0,-0.3401,0.0741,-0.234,-0.2171,-0.2256,,SAFE_STOP,大转后直线脱离仍未改善，停车等待,front,-0.4142,-0.0169,1,stop,0.0,,0.0,0,0,1
16.896,542.0,833.0,374.0,1038.0,-0.3401,0.0763,-0.234,-0.2171,-0.2256,,SAFE_STOP,大转后直线脱离仍未改善，停车等待,front,-0.4164,-0.0169,1,stop,0.0,,0.0,0,0,1
16.916,540.0,832.0,373.0,1037.0,-0.3401,0.0741,-0.234,-0.2192,-0.2266,,SAFE_STOP,大转后直线脱离仍未改善，停车等待,front,-0.4142,-0.0148,1,stop,0.0,,0.0,0,0,1
16.936,541.0,833.0,374.0,1038.0,-0.3401,0.0763,-0.234,-0.2192,-0.2266,,SAFE_STOP,大转后直线脱离仍未改善，停车等待,front,-0.4164,-0.0148,1,stop,0.0,,0.0,0,0,1
16.956,542.0,834.0,374.0,1038.0,-0.3401,0.0763,-0.234,-0.2192,-0.2266,,SAFE_STOP,大转后直线脱离仍未改善，停车等待,front,-0.4164,-0.0148,1,stop,0.0,,0.0,0,0,1
16.976,541.0,833.0,374.0,1039.0,-0.3401,0.0763,-0.234,-0.2192,-0.2266,,SAFE_STOP,大转后直线脱离仍未改善，停车等待,front,-0.4164,-0.0148,1,stop,0.0,,0.0,0,0,1
16.996,540.0,832.0,374.0,1037.0,-0.3401,0.0763,-0.234,-0.2192,-0.2266,,SAFE_STOP,大转后直线脱离仍未改善，停车等待,front,-0.4164,-0.0148,1,stop,0.0,,0.0,0,0,1
17.016,541.0,833.0,374.0,1038.0,-0.3401,0.0763,-0.234,-0.2192,-0.2266,,SAFE_STOP,大转后直线脱离仍未改善，停车等待,front,-0.4164,-0.0148,1,stop,0.0,,0.0,0,0,1
17.036,541.0,833.0,374.0,1038.0,-0.3401,0.0763,-0.234,-0.2192,-0.2266,,SAFE_STOP,大转后直线脱离仍未改善，停车等待,front,-0.4164,-0.0148,1,stop,0.0,,0.0,0,0,1
17.056,541.0,833.0,373.0,1038.0,-0.3401,0.0763,-0.234,-0.2192,-0.2266,,SAFE_STOP,大转后直线脱离仍未改善，停车等待,front,-0.4164,-0.0148,1,stop,0.0,,0.0,0,0,1
17.076,540.0,832.0,373.0,1036.0,-0.3401,0.0763,-0.2368,-0.2192,-0.228,,SAFE_STOP,大转后直线脱离仍未改善，停车等待,front,-0.4164,-0.0176,1,stop,0.0,,0.0,0,0,1
17.097,541.0,833.0,374.0,1040.0,-0.3401,0.0763,-0.2368,-0.2192,-0.228,,SAFE_STOP,大转后直线脱离仍未改善，停车等待,front,-0.4164,-0.0176,1,stop,0.0,,0.0,0,0,1
17.117,540.0,832.0,374.0,1038.0,-0.3429,0.0741,-0.234,-0.2192,-0.2266,,SAFE_STOP,大转后直线脱离仍未改善，停车等待,front,-0.4169,-0.0148,1,stop,0.0,,0.0,0,0,1
17.137,540.0,832.0,373.0,1037.0,-0.3429,0.0741,-0.234,-0.2192,-0.2266,,SAFE_STOP,大转后直线脱离仍未改善，停车等待,front,-0.4169,-0.0148,1,stop,0.0,,0.0,0,0,1
17.157,540.0,833.0,374.0,1040.0,-0.3429,0.0741,-0.234,-0.2192,-0.2266,,SAFE_STOP,大转后直线脱离仍未改善，停车等待,front,-0.4169,-0.0148,1,stop,0.0,,0.0,0,0,1
17.177,541.0,833.0,374.0,1039.0,-0.3429,0.0763,-0.234,-0.2171,-0.2256,,SAFE_STOP,大转后直线脱离仍未改善，停车等待,front,-0.4191,-0.0169,1,stop,0.0,,0.0,0,0,1
17.197,540.0,830.0,374.0,1039.0,-0.3429,0.0763,-0.234,-0.2171,-0.2256,,SAFE_STOP,大转后直线脱离仍未改善，停车等待,front,-0.4191,-0.0169,1,stop,0.0,,0.0,0,0,1
17.217,541.0,834.0,373.0,1040.0,-0.3401,0.0763,-0.234,-0.2171,-0.2256,,SAFE_STOP,大转后直线脱离仍未改善，停车等待,front,-0.4164,-0.0169,1,stop,0.0,,0.0,0,0,1
17.237,540.0,833.0,373.0,1037.0,-0.3429,0.0763,-0.2368,-0.2171,-0.2269,,SAFE_STOP,大转后直线脱离仍未改善，停车等待,front,-0.4191,-0.0196,1,stop,0.0,,0.0,0,0,1
17.257,540.0,833.0,373.0,1039.0,-0.3429,0.0763,-0.2368,-0.2171,-0.2269,,SAFE_STOP,大转后直线脱离仍未改善，停车等待,front,-0.4191,-0.0196,1,stop,0.0,,0.0,0,0,1
17.278,540.0,833.0,373.0,1039.0,-0.3429,0.0763,-0.2368,-0.2171,-0.2269,,SAFE_STOP,大转后直线脱离仍未改善，停车等待,front,-0.4191,-0.0196,1,stop,0.0,,0.0,0,0,1
17.298,540.0,833.0,373.0,1039.0,-0.3429,0.0763,-0.2368,-0.2171,-0.2269,,SAFE_STOP,大转后直线脱离仍未改善，停车等待,front,-0.4191,-0.0196,1,stop,0.0,,0.0,0,0,1
17.318,540.0,832.0,374.0,1040.0,-0.3429,0.0763,-0.2368,-0.2171,-0.2269,,SAFE_STOP,大转后直线脱离仍未改善，停车等待,front,-0.4191,-0.0196,1,stop,0.0,,0.0,0,0,1
17.338,538.0,832.0,374.0,1039.0,-0.3429,0.0741,-0.234,-0.2171,-0.2256,,SAFE_STOP,大转后直线脱离仍未改善，停车等待,front,-0.4169,-0.0169,1,stop,0.0,,0.0,0,0,1
17.358,539.0,832.0,374.0,1038.0,-0.3456,0.0741,-0.234,-0.2171,-0.2256,,SAFE_STOP,大转后直线脱离仍未改善，停车等待,front,-0.4197,-0.0169,1,stop,0.0,,0.0,0,0,1
17.378,540.0,833.0,374.0,1038.0,-0.3456,0.0741,-0.234,-0.2192,-0.2266,,SAFE_STOP,大转后直线脱离仍未改善，停车等待,front,-0.4197,-0.0148,1,stop,0.0,,0.0,0,0,1
17.398,539.0,832.0,373.0,1038.0,-0.3456,0.0741,-0.234,-0.2192,-0.2266,,SAFE_STOP,大转后直线脱离仍未改善，停车等待,front,-0.4197,-0.0148,1,stop,0.0,,0.0,0,0,1
17.418,539.0,832.0,374.0,1038.0,-0.3456,0.0741,-0.234,-0.2192,-0.2266,,SAFE_STOP,大转后直线脱离仍未改善，停车等待,front,-0.4197,-0.0148,1,stop,0.0,,0.0,0,0,1
17.438,539.0,830.0,373.0,1038.0,-0.3456,0.0741,-0.2368,-0.2192,-0.228,,SAFE_STOP,大转后直线脱离仍未改善，停车等待,front,-0.4197,-0.0176,1,stop,0.0,,0.0,0,0,1
17.458,539.0,830.0,373.0,1037.0,-0.3456,0.0697,-0.2368,-0.2192,-0.228,,SAFE_STOP,大转后直线脱离仍未改善，停车等待,front,-0.4153,-0.0176,1,stop,0.0,,0.0,0,0,1
17.479,539.0,830.0,373.0,1037.0,-0.3456,0.0697,-0.2368,-0.2213,-0.229,,SAFE_STOP,大转后直线脱离仍未改善，停车等待,front,-0.4153,-0.0155,1,stop,0.0,,0.0,0,0,1
17.499,538.0,831.0,374.0,1038.0,-0.3456,0.0697,-0.2368,-0.2213,-0.229,,SAFE_STOP,大转后直线脱离仍未改善，停车等待,front,-0.4153,-0.0155,1,stop,0.0,,0.0,0,0,1
17.519,538.0,830.0,374.0,1037.0,-0.3483,0.0697,-0.234,-0.2213,-0.2276,,SAFE_STOP,大转后直线脱离仍未改善，停车等待,front,-0.418,-0.0127,1,stop,0.0,,0.0,0,0,1
17.539,539.0,831.0,375.0,1040.0,-0.3483,0.0719,-0.234,-0.2192,-0.2266,,SAFE_STOP,大转后直线脱离仍未改善，停车等待,front,-0.4202,-0.0148,1,stop,0.0,,0.0,0,0,1
17.559,540.0,828.0,374.0,1040.0,-0.3456,0.0697,-0.234,-0.215,-0.2245,,SAFE_STOP,大转后直线脱离仍未改善，停车等待,front,-0.4153,-0.019,1,stop,0.0,,0.0,0,0,1
17.579,540.0,831.0,374.0,1040.0,-0.3429,0.0719,-0.234,-0.215,-0.2245,,SAFE_STOP,大转后直线脱离仍未改善，停车等待,front,-0.4148,-0.019,1,stop,0.0,,0.0,0,0,1
17.599,539.0,832.0,373.0,1040.0,-0.3429,0.0719,-0.234,-0.215,-0.2245,,SAFE_STOP,大转后直线脱离仍未改善，停车等待,front,-0.4148,-0.019,1,stop,0.0,,0.0,0,0,1
17.619,538.0,832.0,374.0,1043.0,-0.3456,0.0741,-0.234,-0.215,-0.2245,,SAFE_STOP,大转后直线脱离仍未改善，停车等待,front,-0.4197,-0.019,1,stop,0.0,,0.0,0,0,1
17.639,539.0,834.0,374.0,1044.0,-0.3456,0.0741,-0.234,-0.2088,-0.2214,,SAFE_STOP,大转后直线脱离仍未改善，停车等待,front,-0.4197,-0.0252,1,stop,0.0,,0.0,0,0,1
17.659,540.0,834.0,373.0,1044.0,-0.3456,0.0784,-0.234,-0.2067,-0.2203,,SAFE_STOP,大转后直线脱离仍未改善，停车等待,front,-0.424,-0.0273,1,stop,0.0,,0.0,0,0,1
17.68,539.0,832.0,373.0,1043.0,-0.3456,0.0784,-0.2368,-0.2067,-0.2217,,SAFE_STOP,大转后直线脱离仍未改善，停车等待,front,-0.424,-0.0301,1,stop,0.0,,0.0,0,0,1
17.7,538.0,832.0,372.0,1042.0,-0.3456,0.0741,-0.2368,-0.2088,-0.2228,,SAFE_STOP,大转后直线脱离仍未改善，停车等待,front,-0.4197,-0.028,1,stop,0.0,,0.0,0,0,1
17.72,539.0,832.0,372.0,1043.0,-0.3456,0.0741,-0.2396,-0.2088,-0.2242,,SAFE_STOP,大转后直线脱离仍未改善，停车等待,front,-0.4197,-0.0308,1,stop,0.0,,0.0,0,0,1
17.74,539.0,832.0,372.0,1042.0,-0.3456,0.0741,-0.2396,-0.2109,-0.2252,,SAFE_STOP,大转后直线脱离仍未改善，停车等待,front,-0.4197,-0.0287,1,stop,0.0,,0.0,0,0,1
17.76,540.0,833.0,372.0,1042.0,-0.3456,0.0741,-0.2396,-0.2109,-0.2252,,SAFE_STOP,大转后直线脱离仍未改善，停车等待,front,-0.4197,-0.0287,1,stop,0.0,,0.0,0,0,1
17.78,541.0,832.0,373.0,1042.0,-0.3429,0.0741,-0.2396,-0.2109,-0.2252,,SAFE_STOP,大转后直线脱离仍未改善，停车等待,front,-0.4169,-0.0287,1,stop,0.0,,0.0,0,0,1
17.8,541.0,832.0,372.0,1041.0,-0.3401,0.0741,-0.2396,-0.2109,-0.2252,,SAFE_STOP,大转后直线脱离仍未改善，停车等待,front,-0.4142,-0.0287,1,stop,0.0,,0.0,0,0,1
17.82,541.0,830.0,373.0,1040.0,-0.3401,0.0741,-0.2368,-0.2129,-0.2249,,SAFE_STOP,大转后直线脱离仍未改善，停车等待,front,-0.4142,-0.0238,1,stop,0.0,,0.0,0,0,1
17.84,542.0,830.0,375.0,1040.0,-0.3401,0.0697,-0.2368,-0.215,-0.2259,,SAFE_STOP,大转后直线脱离仍未改善，停车等待,front,-0.4099,-0.0217,1,stop,0.0,,0.0,0,0,1
17.86,542.0,830.0,376.0,1037.0,-0.3374,0.0697,-0.2312,-0.215,-0.2231,,SAFE_STOP,大转后直线脱离仍未改善，停车等待,front,-0.4071,-0.0162,1,stop,0.0,,0.0,0,0,1
17.881,543.0,830.0,378.0,1037.0,-0.3374,0.0697,-0.2284,-0.2213,-0.2249,,SAFE_STOP,大转后直线脱离仍未改善，停车等待,front,-0.4071,-0.0071,1,stop,0.0,,0.0,0,0,1
17.901,543.0,831.0,380.0,1037.0,-0.3347,0.0697,-0.2228,-0.2213,-0.2221,,SAFE_STOP,大转后直线脱离仍未改善，停车等待,front,-0.4044,-0.0015,1,stop,0.0,,0.0,0,0,1
17.921,543.0,831.0,380.0,1037.0,-0.3347,0.0719,-0.2173,-0.2213,-0.2193,,SAFE_STOP,大转后直线脱离仍未改善，停车等待,front,-0.4066,0.004,1,stop,0.0,,0.0,0,0,1
17.941,544.0,828.0,381.0,1036.0,-0.3347,0.0719,-0.2173,-0.2213,-0.2193,,SAFE_STOP,大转后直线脱离仍未改善，停车等待,front,-0.4066,0.004,1,stop,0.0,,0.0,0,0,1
17.961,544.0,827.0,381.0,1035.0,-0.332,0.0654,-0.2145,-0.2234,-0.2189,,SAFE_STOP,大转后直线脱离仍未改善，停车等待,front,-0.3973,0.0089,1,stop,0.0,,0.0,0,0,1
17.981,545.0,828.0,383.0,1035.0,-0.332,0.0654,-0.2145,-0.2255,-0.22,,SAFE_STOP,大转后直线脱离仍未改善，停车等待,front,-0.3973,0.011,1,stop,0.0,,0.0,0,0,1
18.001,546.0,829.0,384.0,1035.0,-0.3293,0.0654,-0.2089,-0.2255,-0.2172,,SAFE_STOP,大转后直线脱离仍未改善，停车等待,front,-0.3946,0.0166,1,stop,0.0,,0.0,0,0,1
18.021,546.0,829.0,384.0,1032.0,-0.3265,0.0675,-0.2061,-0.2255,-0.2158,,SAFE_STOP,大转后直线脱离仍未改善，停车等待,front,-0.3941,0.0193,1,stop,0.0,,0.0,0,0,1
18.041,546.0,828.0,384.0,1033.0,-0.3265,0.0675,-0.2061,-0.2296,-0.2179,,SAFE_STOP,大转后直线脱离仍未改善，停车等待,front,-0.3941,0.0235,1,stop,0.0,,0.0,0,0,1
18.062,546.0,827.0,381.0,1032.0,-0.3265,0.0654,-0.2061,-0.2317,-0.2189,,SAFE_STOP,大转后直线脱离仍未改善，停车等待,front,-0.3919,0.0256,1,stop,0.0,,0.0,0,0,1
18.082,546.0,827.0,379.0,1032.0,-0.3265,0.0632,-0.2145,-0.2317,-0.2231,,SAFE_STOP,大转后直线脱离仍未改善，停车等待,front,-0.3897,0.0172,1,stop,0.0,,0.0,0,0,1
18.102,548.0,830.0,378.0,1033.0,-0.3265,0.0632,-0.2201,-0.2317,-0.2259,,SAFE_STOP,大转后直线脱离仍未改善，停车等待,front,-0.3897,0.0117,1,stop,0.0,,0.0,0,0,1
18.122,548.0,832.0,379.0,1033.0,-0.3211,0.0697,-0.2201,-0.2296,-0.2249,,SAFE_STOP,大转后直线脱离仍未改善，停车等待,front,-0.3908,0.0096,1,stop,0.0,,0.0,0,0,1
18.142,549.0,833.0,378.0,1033.0,-0.3211,0.0741,-0.2228,-0.2296,-0.2262,,SAFE_STOP,大转后直线脱离仍未改善，停车等待,front,-0.3952,0.0068,1,stop,0.0,,0.0,0,0,1
18.162,550.0,833.0,378.0,1031.0,-0.3184,0.0763,-0.2228,-0.2296,-0.2262,,SAFE_STOP,大转后直线脱离仍未改善，停车等待,front,-0.3946,0.0068,1,stop,0.0,,0.0,0,0,1
18.182,550.0,838.0,378.0,1031.0,-0.3156,0.0763,-0.2228,-0.2338,-0.2283,,SAFE_STOP,大转后直线脱离仍未改善，停车等待,front,-0.3919,0.011,1,stop,0.0,,0.0,0,0,1
18.202,550.0,841.0,380.0,1030.0,-0.3156,0.0871,-0.2228,-0.2338,-0.2283,,SAFE_STOP,大转后直线脱离仍未改善，停车等待,front,-0.4028,0.011,1,stop,0.0,,0.0,0,0,1
18.222,549.0,845.0,382.0,1030.0,-0.3156,0.0937,-0.2173,-0.2359,-0.2266,,SAFE_STOP,大转后直线脱离仍未改善，停车等待,front,-0.4093,0.0186,1,stop,0.0,,0.0,0,0,1
18.242,549.0,846.0,382.0,1030.0,-0.3184,0.1024,-0.2117,-0.2359,-0.2238,,SAFE_STOP,大转后直线脱离仍未改善，停车等待,front,-0.4208,0.0242,1,stop,0.0,,0.0,0,0,1
18.263,549.0,851.0,383.0,1033.0,-0.3184,0.1046,-0.2117,-0.2359,-0.2238,,SAFE_STOP,大转后直线脱离仍未改善，停车等待,front,-0.4229,0.0242,1,stop,0.0,,0.0,0,0,1
18.283,547.0,853.0,384.0,1035.0,-0.3184,0.1155,-0.2089,-0.2296,-0.2193,,SAFE_STOP,大转后直线脱离仍未改善，停车等待,front,-0.4338,0.0207,1,stop,0.0,,0.0,0,0,1
18.303,548.0,851.0,382.0,1036.0,-0.3211,0.1155,-0.2089,-0.2255,-0.2172,,SAFE_STOP,大转后直线脱离仍未改善，停车等待,front,-0.4366,0.0166,1,stop,0.0,,0.0,0,0,1
18.323,548.0,851.0,382.0,1036.0,-0.3211,0.1155,-0.2117,-0.2234,-0.2175,,SAFE_STOP,大转后直线脱离仍未改善，停车等待,front,-0.4366,0.0117,1,stop,0.0,,0.0,0,0,1
18.343,546.0,847.0,381.0,1037.0,-0.3211,0.1155,-0.2117,-0.2234,-0.2175,,SAFE_STOP,大转后直线脱离仍未改善，停车等待,front,-0.4366,0.0117,1,stop,0.0,,0.0,0,0,1
18.363,546.0,843.0,378.0,1036.0,-0.3265,0.1068,-0.2145,-0.2234,-0.2189,,SAFE_STOP,大转后直线脱离仍未改善，停车等待,front,-0.4333,0.0089,1,stop,0.0,,0.0,0,0,1
18.383,545.0,837.0,378.0,1034.0,-0.3265,0.098,-0.2228,-0.2234,-0.2231,,SAFE_STOP,大转后直线脱离仍未改善，停车等待,front,-0.4246,0.0005,1,stop,0.0,,0.0,0,0,1
18.403,547.0,834.0,377.0,1033.0,-0.3265,0.085,-0.2228,-0.2276,-0.2252,,SAFE_STOP,大转后直线脱离仍未改善，停车等待,front,-0.4115,0.0047,1,stop,0.0,,0.0,0,0,1
18.423,548.0,835.0,375.0,1032.0,-0.3238,0.0806,-0.2256,-0.2296,-0.2276,,SAFE_STOP,大转后直线脱离仍未改善，停车等待,front,-0.4044,0.004,1,stop,0.0,,0.0,0,0,1
18.443,549.0,836.0,374.0,1026.0,-0.3211,0.0806,-0.2312,-0.2317,-0.2315,,SAFE_STOP,大转后直线脱离仍未改善，停车等待,front,-0.4017,0.0005,1,stop,0.0,,0.0,0,0,1
18.464,551.0,838.0,376.0,1017.0,-0.3184,0.0828,-0.2312,-0.2443,-0.2377,,SAFE_STOP,大转后直线脱离仍未改善，停车等待,front,-0.4012,0.0131,1,stop,0.0,,0.0,0,0,1
18.484,552.0,835.0,376.0,1010.0,-0.3129,0.0828,-0.2284,-0.263,-0.2457,,SAFE_STOP,大转后直线脱离仍未改善，停车等待,front,-0.3957,0.0346,1,stop,0.0,,0.0,0,0,1
18.504,553.0,827.0,377.0,1002.0,-0.3102,0.0806,-0.2284,-0.2777,-0.253,,SAFE_STOP,大转后直线脱离仍未改善，停车等待,front,-0.3908,0.0492,1,stop,0.0,,0.0,0,0,1
18.524,553.0,821.0,376.0,996.0,-0.3075,0.0632,-0.2284,-0.2944,-0.2614,,SAFE_STOP,大转后直线脱离仍未改善，停车等待,front,-0.3707,0.066,1,stop,0.0,,0.0,0,0,1
18.544,553.0,821.0,377.0,1010.0,-0.3075,0.0501,-0.2256,-0.2944,-0.26,,SAFE_STOP,大转后直线脱离仍未改善，停车等待,front,-0.3576,0.0687,1,stop,0.0,,0.0,0,0,1
18.564,550.0,832.0,376.0,1030.0,-0.3075,0.0501,-0.2284,-0.2777,-0.253,,SAFE_STOP,大转后直线脱离仍未改善，停车等待,front,-0.3576,0.0492,1,stop,0.0,,0.0,0,0,1
18.584,549.0,849.0,374.0,1026.0,-0.3156,0.0741,-0.2284,-0.2443,-0.2363,,SAFE_STOP,大转后直线脱离仍未改善，停车等待,front,-0.3897,0.0158,1,stop,0.0,,0.0,0,0,1
18.604,550.0,857.0,372.0,1020.0,-0.3156,0.1111,-0.234,-0.2443,-0.2391,,SAFE_STOP,大转后直线脱离仍未改善，停车等待,front,-0.4268,0.0103,1,stop,0.0,,0.0,0,0,1
18.624,550.0,855.0,368.0,1019.0,-0.3156,0.1242,-0.2396,-0.2568,-0.2482,,SAFE_STOP,大转后直线脱离仍未改善，停车等待,front,-0.4398,0.0172,1,stop,0.0,,0.0,0,0,1
18.645,549.0,854.0,367.0,1020.0,-0.3156,0.1242,-0.2507,-0.2568,-0.2537,,SAFE_STOP,大转后直线脱离仍未改善，停车等待,front,-0.4398,0.0061,1,stop,0.0,,0.0,0,0,1
18.665,547.0,837.0,369.0,1034.0,-0.3184,0.122,-0.2507,-0.2568,-0.2537,,SAFE_STOP,大转后直线脱离仍未改善，停车等待,front,-0.4404,0.0061,1,stop,0.0,,0.0,0,0,1
18.685,549.0,823.0,372.0,1056.0,-0.3184,0.085,-0.2479,-0.2276,-0.2377,,SAFE_STOP,大转后直线脱离仍未改善，停车等待,front,-0.4033,-0.0204,1,stop,0.0,,0.0,0,0,1
18.705,549.0,827.0,369.0,1049.0,-0.3184,0.0632,-0.2479,-0.1962,-0.2221,,SAFE_STOP,大转后直线脱离仍未改善，停车等待,front,-0.3815,-0.0517,1,stop,0.0,,0.0,0,0,1
18.725,549.0,836.0,365.0,1044.0,-0.3184,0.0632,-0.2479,-0.1962,-0.2221,,SAFE_STOP,大转后直线脱离仍未改善，停车等待,front,-0.3815,-0.0517,1,stop,0.0,,0.0,0,0,1
18.745,549.0,841.0,361.0,1044.0,-0.3184,0.0828,-0.2591,-0.2067,-0.2329,,SAFE_STOP,大转后直线脱离仍未改善，停车等待,front,-0.4012,-0.0524,1,stop,0.0,,0.0,0,0,1
18.765,549.0,841.0,361.0,1044.0,-0.3184,0.0937,-0.2702,-0.2067,-0.2384,,SAFE_STOP,大转后直线脱离仍未改善，停车等待,front,-0.412,-0.0635,1,stop,0.0,,0.0,0,0,1
18.785,547.0,836.0,357.0,1032.0,-0.3184,0.0937,-0.2702,-0.2067,-0.2384,,SAFE_STOP,大转后直线脱离仍未改善，停车等待,front,-0.412,-0.0635,1,stop,0.0,,0.0,0,0,1
18.805,547.0,836.0,355.0,768.0,-0.3238,0.0828,-0.2813,-0.2317,-0.2565,,SAFE_STOP,大转后直线脱离仍未改善，停车等待,front,-0.4066,-0.0496,1,stop,0.0,,0.0,0,0,1
18.825,548.0,846.0,355.0,1019.0,-0.3238,0.0828,-0.2869,-0.2589,-0.2729,,SAFE_STOP,大转后直线脱离仍未改善，停车等待,front,-0.4066,-0.028,1,stop,0.0,,0.0,0,0,1
18.846,551.0,846.0,358.0,1036.0,-0.3211,0.1046,-0.2869,-0.2589,-0.2729,,SAFE_STOP,大转后直线脱离仍未改善，停车等待,front,-0.4257,-0.028,1,stop,0.0,,0.0,0,0,1
18.866,555.0,843.0,361.0,1049.0,-0.3129,0.1046,-0.2786,-0.2234,-0.251,,SAFE_STOP,大转后直线脱离仍未改善，停车等待,front,-0.4175,-0.0552,1,stop,0.0,,0.0,0,0,1
18.886,556.0,843.0,363.0,1049.0,-0.302,0.098,-0.2702,-0.1962,-0.2332,,SAFE_STOP,大转后直线脱离仍未改善，停车等待,front,-0.4001,-0.074,1,stop,0.0,,0.0,0,0,1
18.906,556.0,845.0,362.0,1040.0,-0.2993,0.098,-0.2674,-0.1962,-0.2318,,SAFE_STOP,大转后直线脱离仍未改善，停车等待,front,-0.3974,-0.0712,1,stop,0.0,,0.0,0,0,1
18.926,558.0,844.0,363.0,1031.0,-0.2993,0.1002,-0.2646,-0.215,-0.2398,,SAFE_STOP,大转后直线脱离仍未改善，停车等待,front,-0.3995,-0.0496,1,stop,0.0,,0.0,0,0,1
18.946,558.0,844.0,365.0,1032.0,-0.2939,0.1002,-0.2646,-0.2317,-0.2482,,SAFE_STOP,大转后直线脱离仍未改善，停车等待,front,-0.3941,-0.0329,1,stop,0.0,,0.0,0,0,1
18.966,559.0,846.0,367.0,1035.0,-0.2939,0.1002,-0.2591,-0.2317,-0.2454,,SAFE_STOP,大转后直线脱离仍未改善，停车等待,front,-0.3941,-0.0273,1,stop,0.0,,0.0,0,0,1
18.986,560.0,853.0,366.0,1036.0,-0.2912,0.1046,-0.2563,-0.2255,-0.2409,,SAFE_STOP,大转后直线脱离仍未改善，停车等待,front,-0.3957,-0.0308,1,stop,0.0,,0.0,0,0,1
19.006,558.0,855.0,367.0,1028.0,-0.2912,0.1198,-0.2535,-0.2255,-0.2395,,SAFE_STOP,大转后直线脱离仍未改善，停车等待,front,-0.411,-0.028,1,stop,0.0,,0.0,0,0,1
19.027,558.0,853.0,366.0,1017.0,-0.2939,0.1198,-0.2563,-0.2401,-0.2482,,SAFE_STOP,大转后直线脱离仍未改善，停车等待,front,-0.4137,-0.0162,1,stop,0.0,,0.0,0,0,1
19.047,558.0,851.0,367.0,1013.0,-0.2939,0.1198,-0.2535,-0.263,-0.2583,,SAFE_STOP,大转后直线脱离仍未改善，停车等待,front,-0.4137,0.0096,1,stop,0.0,,0.0,0,0,1
19.067,557.0,846.0,366.0,1011.0,-0.2939,0.1155,-0.2563,-0.2714,-0.2638,,SAFE_STOP,大转后直线脱离仍未改善，停车等待,front,-0.4093,0.0151,1,stop,0.0,,0.0,0,0,1
19.087,557.0,833.0,367.0,1018.0,-0.2966,0.1046,-0.2535,-0.2714,-0.2624,,SAFE_STOP,大转后直线脱离仍未改善，停车等待,front,-0.4012,0.0179,1,stop,0.0,,0.0,0,0,1
19.107,556.0,825.0,365.0,1030.0,-0.2966,0.0763,-0.2563,-0.261,-0.2586,,SAFE_STOP,大转后直线脱离仍未改善，停车等待,front,-0.3729,0.0047,1,stop,0.0,,0.0,0,0,1
19.127,555.0,819.0,362.0,1034.0,-0.2993,0.0588,-0.2591,-0.2359,-0.2475,,SAFE_STOP,大转后直线脱离仍未改善，停车等待,front,-0.3581,-0.0231,1,stop,0.0,,0.0,0,0,1
19.147,553.0,818.0,353.0,1036.0,-0.302,0.0458,-0.2674,-0.2276,-0.2475,,SAFE_STOP,大转后直线脱离仍未改善，停车等待,front,-0.3478,-0.0399,1,stop,0.0,,0.0,0,0,1
19.167,552.0,823.0,347.0,1026.0,-0.3075,0.0458,-0.2925,-0.2276,-0.26,,SAFE_STOP,大转后直线脱离仍未改善，停车等待,front,-0.3532,-0.0649,1,stop,0.0,,0.0,0,0,1
19.187,552.0,823.0,347.0,1026.0,-0.3102,0.0545,-0.3092,-0.2443,-0.2767,,SAFE_STOP,大转后直线脱离仍未改善，停车等待,front,-0.3647,-0.0649,1,stop,0.0,,0.0,0,0,1
19.208,551.0,823.0,352.0,1011.0,-0.3102,0.0545,-0.3092,-0.2443,-0.2767,,SAFE_STOP,大转后直线脱离仍未改善，停车等待,front,-0.3647,-0.0649,1,stop,0.0,,0.0,0,0,1
19.228,549.0,821.0,366.0,1000.0,-0.3129,0.0545,-0.2953,-0.2756,-0.2854,,SAFE_STOP,大转后直线脱离仍未改善，停车等待,front,-0.3674,-0.0197,1,stop,0.0,,0.0,0,0,1
19.248,549.0,818.0,372.0,995.0,-0.3184,0.0501,-0.2563,-0.2985,-0.2774,,SAFE_STOP,大转后直线脱离仍未改善，停车等待,front,-0.3685,0.0423,1,stop,0.0,,0.0,0,0,1
19.268,546.0,818.0,365.0,1004.0,-0.3184,0.0436,-0.2563,-0.2985,-0.2774,,SAFE_STOP,大转后直线脱离仍未改善，停车等待,front,-0.3619,0.0423,1,stop,0.0,,0.0,0,0,1
19.288,546.0,819.0,361.0,1012.0,-0.3265,0.0436,-0.2591,-0.2902,-0.2746,,SAFE_STOP,大转后直线脱离仍未改善，停车等待,front,-0.3701,0.0311,1,stop,0.0,,0.0,0,0,1
19.308,546.0,818.0,364.0,1015.0,-0.3265,0.0436,-0.2618,-0.2735,-0.2677,,SAFE_STOP,大转后直线脱离仍未改善，停车等待,front,-0.3701,0.0116,1,stop,0.0,,0.0,0,0,1
19.328,544.0,808.0,368.0,1014.0,-0.3265,0.0436,-0.2618,-0.2693,-0.2656,,SAFE_STOP,大转后直线脱离仍未改善，停车等待,front,-0.3701,0.0075,1,stop,0.0,,0.0,0,0,1
19.348,541.0,802.0,371.0,1013.0,-0.332,0.0218,-0.2507,-0.2693,-0.26,,SAFE_STOP,大转后直线脱离仍未改善，停车等待,front,-0.3538,0.0186,1,stop,0.0,,0.0,0,0,1
19.368,540.0,802.0,370.0,1016.0,-0.3401,0.0087,-0.2451,-0.2693,-0.2572,,SAFE_STOP,大转后直线脱离仍未改善，停车等待,front,-0.3489,0.0242,1,stop,0.0,,0.0,0,0,1
19.389,541.0,803.0,369.0,1024.0,-0.3401,0.0087,-0.2451,-0.2651,-0.2551,,SAFE_STOP,大转后直线脱离仍未改善，停车等待,front,-0.3489,0.02,1,stop,0.0,,0.0,0,0,1
19.409,538.0,801.0,369.0,1026.0,-0.3429,0.0087,-0.2479,-0.2484,-0.2482,,SAFE_STOP,大转后直线脱离仍未改善，停车等待,front,-0.3516,0.0005,1,stop,0.0,,0.0,0,0,1
19.429,538.0,807.0,369.0,1029.0,-0.3483,0.0109,-0.2479,-0.2443,-0.2461,,SAFE_STOP,大转后直线脱离仍未改善，停车等待,front,-0.3592,-0.0037,1,stop,0.0,,0.0,0,0,1
19.449,538.0,811.0,369.0,1030.0,-0.3483,0.0196,-0.2479,-0.238,-0.243,,SAFE_STOP,大转后直线脱离仍未改善，停车等待,front,-0.3679,-0.0099,1,stop,0.0,,0.0,0,0,1
19.469,540.0,814.0,372.0,1028.0,-0.3483,0.0283,-0.2479,-0.238,-0.243,,SAFE_STOP,大转后直线脱离仍未改善，停车等待,front,-0.3766,-0.0099,1,stop,0.0,,0.0,0,0,1
19.489,540.0,815.0,374.0,1024.0,-0.3429,0.0349,-0.2396,-0.2401,-0.2398,,SAFE_STOP,大转后直线脱离仍未改善，停车等待,front,-0.3777,0.0005,1,stop,0.0,,0.0,0,0,1
19.509,542.0,819.0,375.0,1024.0,-0.3429,0.037,-0.234,-0.2484,-0.2412,,SAFE_STOP,大转后直线脱离仍未改善，停车等待,front,-0.3799,0.0145,1,stop,0.0,,0.0,0,0,1
19.529,540.0,821.0,378.0,1018.0,-0.3429,0.0458,-0.2312,-0.2484,-0.2398,,SAFE_STOP,大转后直线脱离仍未改善，停车等待,front,-0.3886,0.0172,1,stop,0.0,,0.0,0,0,1
19.549,541.0,825.0,380.0,1016.0,-0.3401,0.0501,-0.2228,-0.261,-0.2419,,SAFE_STOP,大转后直线脱离仍未改善，停车等待,front,-0.3902,0.0381,1,stop,0.0,,0.0,0,0,1
19.569,540.0,827.0,382.0,1013.0,-0.3429,0.0588,-0.2173,-0.2651,-0.2412,,SAFE_STOP,大转后直线脱离仍未改善，停车等待,front,-0.4017,0.0479,1,stop,0.0,,0.0,0,0,1
19.59,540.0,829.0,387.0,1012.0,-0.3429,0.0632,-0.2117,-0.2714,-0.2415,,SAFE_STOP,大转后直线脱离仍未改善，停车等待,front,-0.406,0.0597,1,stop,0.0,,0.0,0,0,1
19.61,540.0,829.0,387.0,1012.0,-0.3429,0.0675,-0.1978,-0.2735,-0.2356,,SAFE_STOP,大转后直线脱离仍未改善，停车等待,front,-0.4104,0.0757,1,stop,0.0,,0.0,0,0,1
19.63,540.0,830.0,389.0,1010.0,-0.3429,0.0675,-0.1978,-0.2735,-0.2356,,SAFE_STOP,大转后直线脱离仍未改善，停车等待,front,-0.4104,0.0757,1,stop,0.0,,0.0,0,0,1
19.65,540.0,829.0,387.0,1006.0,-0.3429,0.0675,-0.1978,-0.2777,-0.2377,,SAFE_STOP,大转后直线脱离仍未改善，停车等待,front,-0.4104,0.0799,1,stop,0.0,,0.0,0,0,1
19.67,544.0,827.0,387.0,1007.0,-0.3429,0.0675,-0.1978,-0.2839,-0.2408,,SAFE_STOP,大转后直线脱离仍未改善，停车等待,front,-0.4104,0.0862,1,stop,0.0,,0.0,0,0,1
19.69,544.0,821.0,388.0,1006.0,-0.332,0.0632,-0.1978,-0.286,-0.2419,,SAFE_STOP,大转后直线脱离仍未改善，停车等待,front,-0.3952,0.0882,1,stop,0.0,,0.0,0,0,1
19.71,542.0,811.0,388.0,1002.0,-0.332,0.0501,-0.195,-0.286,-0.2405,,SAFE_STOP,大转后直线脱离仍未改善，停车等待,front,-0.3821,0.091,1,stop,0.0,,0.0,0,0,1
19.73,541.0,798.0,385.0,1000.0,-0.3374,0.0283,-0.195,-0.2944,-0.2447,,SAFE_STOP,大转后直线脱离仍未改善，停车等待,front,-0.3657,0.0994,1,stop,0.0,,0.0,0,0,1
19.75,544.0,784.0,384.0,999.0,-0.3374,0.0,-0.2033,-0.2985,-0.2509,,SAFE_STOP,大转后直线脱离仍未改善，停车等待,front,-0.3374,0.0952,1,stop,0.0,,0.0,0,0,1
19.771,544.0,775.0,382.0,1002.0,-0.332,-0.0305,-0.2061,-0.2985,-0.2523,,SAFE_STOP,大转后直线脱离仍未改善，停车等待,front,-0.3015,0.0924,1,stop,0.0,,0.0,0,0,1
19.791,544.0,774.0,381.0,1008.0,-0.332,-0.0501,-0.2117,-0.2944,-0.253,,SAFE_STOP,大转后直线脱离仍未改善，停车等待,front,-0.2819,0.0827,1,stop,0.0,,0.0,0,0,1
19.811,544.0,774.0,383.0,1009.0,-0.332,-0.0523,-0.2117,-0.2818,-0.2468,,SAFE_STOP,大转后直线脱离仍未改善，停车等待,front,-0.2797,0.0701,1,stop,0.0,,0.0,0,0,1
19.831,546.0,779.0,382.0,1010.0,-0.332,-0.0523,-0.2117,-0.2797,-0.2457,,SAFE_STOP,大转后直线脱离仍未改善，停车等待,front,-0.2797,0.0681,1,stop,0.0,,0.0,0,0,1
19.851,545.0,782.0,380.0,1011.0,-0.3293,-0.0414,-0.2117,-0.2777,-0.2447,,SAFE_STOP,大转后直线脱离仍未改善，停车等待,front,-0.2879,0.066,1,stop,0.0,,0.0,0,0,1
19.871,546.0,788.0,381.0,1015.0,-0.3265,-0.0349,-0.2145,-0.2756,-0.245,,SAFE_STOP,大转后直线脱离仍未改善，停车等待,front,-0.2917,0.0611,1,stop,0.0,,0.0,0,0,1
19.891,546.0,795.0,380.0,1017.0,-0.3265,-0.0218,-0.2173,-0.2672,-0.2422,,SAFE_STOP,大转后直线脱离仍未改善，停车等待,front,-0.3047,0.05,1,stop,0.0,,0.0,0,0,1
19.911,544.0,803.0,380.0,1019.0,-0.3265,-0.0065,-0.2173,-0.263,-0.2402,,SAFE_STOP,大转后直线脱离仍未改善，停车等待,front,-0.32,0.0458,1,stop,0.0,,0.0,0,0,1
19.931,544.0,810.0,379.0,1024.0,-0.332,0.0109,-0.2173,-0.2589,-0.2381,,SAFE_STOP,大转后直线脱离仍未改善，停车等待,front,-0.3429,0.0416,1,stop,0.0,,0.0,0,0,1
19.951,544.0,817.0,382.0,1028.0,-0.332,0.0261,-0.2173,-0.2484,-0.2329,,SAFE_STOP,大转后直线脱离仍未改善，停车等待,front,-0.3581,0.0312,1,stop,0.0,,0.0,0,0,1
19.971,541.0,818.0,382.0,1028.0,-0.332,0.0414,-0.2117,-0.2401,-0.2259,,SAFE_STOP,大转后直线脱离仍未改善，停车等待,front,-0.3734,0.0284,1,stop,0.0,,0.0,0,0,1
19.999,540.0,818.0,384.0,1029.0,-0.3401,0.0436,-0.2117,-0.2401,-0.2259,,SAFE_STOP,大转后直线脱离仍未改善，停车等待,front,-0.3837,0.0284,1,stop,0.0,,0.0,0,0,1
20.019,541.0,814.0,385.0,1032.0,-0.3401,0.0436,-0.2061,-0.238,-0.2221,,SAFE_STOP,大转后直线脱离仍未改善，停车等待,front,-0.3837,0.0319,1,stop,0.0,,0.0,0,0,1
20.039,540.0,811.0,385.0,1030.0,-0.3429,0.0349,-0.2033,-0.2359,-0.2196,,SAFE_STOP,大转后直线脱离仍未改善，停车等待,front,-0.3777,0.0326,1,stop,0.0,,0.0,0,0,1
20.059,541.0,804.0,384.0,1025.0,-0.3401,0.0283,-0.2033,-0.2359,-0.2196,,SAFE_STOP,大转后直线脱离仍未改善，停车等待,front,-0.3685,0.0326,1,stop,0.0,,0.0,0,0,1
20.079,542.0,805.0,383.0,1020.0,-0.3401,0.0153,-0.2061,-0.2463,-0.2262,,SAFE_STOP,大转后直线脱离仍未改善，停车等待,front,-0.3554,0.0402,1,stop,0.0,,0.0,0,0,1
20.099,544.0,802.0,383.0,1016.0,-0.3374,0.0131,-0.2089,-0.2568,-0.2328,,SAFE_STOP,大转后直线脱离仍未改善，停车等待,front,-0.3505,0.0479,1,stop,0.0,,0.0,0,0,1
20.12,545.0,805.0,381.0,1014.0,-0.332,0.0153,-0.2089,-0.2651,-0.237,,SAFE_STOP,大转后直线脱离仍未改善，停车等待,front,-0.3472,0.0562,1,stop,0.0,,0.0,0,0,1
20.14,545.0,813.0,378.0,1014.0,-0.3293,0.0153,-0.2145,-0.2693,-0.2419,,SAFE_STOP,大转后直线脱离仍未改善，停车等待,front,-0.3445,0.0548,1,stop,0.0,,0.0,0,0,1
20.16,546.0,828.0,374.0,1016.0,-0.3293,0.0327,-0.2228,-0.2693,-0.2461,,SAFE_STOP,大转后直线脱离仍未改善，停车等待,front,-0.3619,0.0465,1,stop,0.0,,0.0,0,0,1
20.18,550.0,830.0,373.0,1025.0,-0.3265,0.0654,-0.234,-0.2651,-0.2496,,SAFE_STOP,大转后直线脱离仍未改善，停车等待,front,-0.3919,0.0312,1,stop,0.0,,0.0,0,0,1
20.2,549.0,829.0,371.0,1029.0,-0.3184,0.0675,-0.2368,-0.2463,-0.2416,,SAFE_STOP,大转后直线脱离仍未改善，停车等待,front,-0.3859,0.0096,1,stop,0.0,,0.0,0,0,1
20.22,552.0,831.0,374.0,1034.0,-0.3156,0.0697,-0.2368,-0.238,-0.2374,,SAFE_STOP,大转后直线脱离仍未改善，停车等待,front,-0.3854,0.0012,1,stop,0.0,,0.0,0,0,1
20.24,555.0,831.0,377.0,1035.0,-0.3102,0.0719,-0.234,-0.2276,-0.2308,,SAFE_STOP,大转后直线脱离仍未改善，停车等待,front,-0.3821,-0.0064,1,stop,0.0,,0.0,0,0,1
20.26,555.0,828.0,379.0,1036.0,-0.302,0.0719,-0.2256,-0.2255,-0.2255,,SAFE_STOP,大转后直线脱离仍未改善，停车等待,front,-0.3739,-0.0002,1,stop,0.0,,0.0,0,0,1
20.28,556.0,828.0,378.0,1036.0,-0.302,0.0654,-0.2228,-0.2234,-0.2231,,SAFE_STOP,大转后直线脱离仍未改善，停车等待,front,-0.3674,0.0005,1,stop,0.0,,0.0,0,0,1
20.3,555.0,833.0,380.0,1032.0,-0.302,0.0654,-0.2201,-0.2234,-0.2217,,SAFE_STOP,大转后直线脱离仍未改善，停车等待,front,-0.3674,0.0033,1,stop,0.0,,0.0,0,0,1
20.32,556.0,840.0,381.0,1032.0,-0.2993,0.0763,-0.2173,-0.2317,-0.2245,,SAFE_STOP,大转后直线脱离仍未改善，停车等待,front,-0.3756,0.0145,1,stop,0.0,,0.0,0,0,1
20.341,556.0,841.0,383.0,1032.0,-0.2993,0.0915,-0.2145,-0.2317,-0.2231,,SAFE_STOP,大转后直线脱离仍未改善，停车等待,front,-0.3908,0.0172,1,stop,0.0,,0.0,0,0,1
20.361,557.0,840.0,382.0,1033.0,-0.2993,0.0915,-0.2117,-0.2317,-0.2217,,SAFE_STOP,大转后直线脱离仍未改善，停车等待,front,-0.3908,0.02,1,stop,0.0,,0.0,0,0,1
20.381,557.0,838.0,380.0,1035.0,-0.2966,0.0915,-0.2117,-0.2296,-0.2207,,SAFE_STOP,大转后直线脱离仍未改善，停车等待,front,-0.3881,0.0179,1,stop,0.0,,0.0,0,0,1
20.401,557.0,838.0,380.0,1035.0,-0.2966,0.0871,-0.2173,-0.2255,-0.2214,,SAFE_STOP,大转后直线脱离仍未改善，停车等待,front,-0.3837,0.0082,1,stop,0.0,,0.0,0,0,1
20.421,558.0,834.0,380.0,1036.0,-0.2966,0.0871,-0.2173,-0.2255,-0.2214,,SAFE_STOP,大转后直线脱离仍未改善，停车等待,front,-0.3837,0.0082,1,stop,0.0,,0.0,0,0,1
20.441,557.0,833.0,377.0,1039.0,-0.2966,0.0784,-0.2173,-0.2234,-0.2203,,SAFE_STOP,大转后直线脱离仍未改善，停车等待,front,-0.375,0.0061,1,stop,0.0,,0.0,0,0,1
20.461,556.0,830.0,378.0,1040.0,-0.2966,0.0763,-0.2228,-0.2171,-0.22,,SAFE_STOP,大转后直线脱离仍未改善，停车等待,front,-0.3729,-0.0057,1,stop,0.0,,0.0,0,0,1
20.481,554.0,834.0,377.0,1042.0,-0.2993,0.0763,-0.2256,-0.215,-0.2203,,SAFE_STOP,大转后直线脱离仍未改善，停车等待,front,-0.3756,-0.0106,1,stop,0.0,,0.0,0,0,1
20.501,553.0,837.0,376.0,1045.0,-0.3048,0.0784,-0.2256,-0.2109,-0.2182,,SAFE_STOP,大转后直线脱离仍未改善，停车等待,front,-0.3832,-0.0148,1,stop,0.0,,0.0,0,0,1
20.521,549.0,829.0,376.0,1046.0,-0.3075,0.0784,-0.2284,-0.2046,-0.2165,,SAFE_STOP,大转后直线脱离仍未改善，停车等待,front,-0.3859,-0.0238,1,stop,0.0,,0.0,0,0,1
20.541,547.0,819.0,376.0,1053.0,-0.3184,0.0675,-0.2284,-0.2025,-0.2155,,SAFE_STOP,大转后直线脱离仍未改善，停车等待,front,-0.3859,-0.0259,1,stop,0.0,,0.0,0,0,1
20.561,546.0,813.0,376.0,1057.0,-0.3238,0.0458,-0.2284,-0.1879,-0.2082,,SAFE_STOP,大转后直线脱离仍未改善，停车等待,front,-0.3696,-0.0405,1,stop,0.0,,0.0,0,0,1
20.582,545.0,823.0,381.0,1060.0,-0.3265,0.0458,-0.2284,-0.1795,-0.204,,SAFE_STOP,大转后直线脱离仍未改善，停车等待,front,-0.3723,-0.0489,1,stop,0.0,,0.0,0,0,1
20.602,543.0,844.0,388.0,1061.0,-0.3293,0.0545,-0.2145,-0.1733,-0.1939,,SAFE_STOP,大转后直线脱离仍未改善，停车等待,front,-0.3837,-0.0412,1,stop,0.0,,0.0,0,0,1
20.622,541.0,860.0,393.0,1060.0,-0.3347,0.1002,-0.195,-0.1733,-0.1841,,SAFE_STOP,大转后直线脱离仍未改善，停车等待,front,-0.4349,-0.0217,1,stop,0.0,,0.0,0,0,1
20.642,541.0,868.0,394.0,1058.0,-0.3401,0.1351,-0.1811,-0.1733,-0.1772,,SAFE_STOP,大转后直线脱离仍未改善，停车等待,front,-0.4752,-0.0078,1,stop,0.0,,0.0,0,0,1
20.662,541.0,869.0,397.0,1055.0,-0.3401,0.1525,-0.1783,-0.1775,-0.1779,,SAFE_STOP,大转后直线脱离仍未改善，停车等待,front,-0.4926,-0.0008,1,stop,0.0,,0.0,0,0,1
20.682,541.0,867.0,399.0,1051.0,-0.3401,0.1525,-0.1699,-0.1837,-0.1768,,SAFE_STOP,大转后直线脱离仍未改善，停车等待,front,-0.4926,0.0138,1,stop,0.0,,0.0,0,0,1
20.702,538.0,867.0,400.0,1046.0,-0.3401,0.1503,-0.1643,-0.1921,-0.1782,,SAFE_STOP,大转后直线脱离仍未改善，停车等待,front,-0.4905,0.0277,1,stop,0.0,,0.0,0,0,1
20.722,540.0,869.0,401.0,1045.0,-0.3429,0.1503,-0.1616,-0.2025,-0.182,,SAFE_STOP,大转后直线脱离仍未改善，停车等待,front,-0.4932,0.0409,1,stop,0.0,,0.0,0,0,1
20.742,539.0,869.0,400.0,1044.0,-0.3456,0.1547,-0.1616,-0.2046,-0.1831,,SAFE_STOP,大转后直线脱离仍未改善，停车等待,front,-0.5003,0.043,1,stop,0.0,,0.0,0,0,1
20.762,539.0,872.0,401.0,1048.0,-0.3456,0.1547,-0.1588,-0.2046,-0.1817,,SAFE_STOP,大转后直线脱离仍未改善，停车等待,front,-0.5003,0.0458,1,stop,0.0,,0.0,0,0,1
20.782,539.0,873.0,399.0,1048.0,-0.3456,0.1612,-0.1616,-0.1983,-0.1799,,SAFE_STOP,大转后直线脱离仍未改善，停车等待,front,-0.5068,0.0368,1,stop,0.0,,0.0,0,0,1
20.802,540.0,873.0,400.0,1049.0,-0.3456,0.1634,-0.1616,-0.1983,-0.1799,,SAFE_STOP,大转后直线脱离仍未改善，停车等待,front,-0.509,0.0368,1,stop,0.0,,0.0,0,0,1
20.822,541.0,877.0,400.0,1051.0,-0.3429,0.1634,-0.1616,-0.1962,-0.1789,,SAFE_STOP,大转后直线脱离仍未改善，停车等待,front,-0.5063,0.0347,1,stop,0.0,,0.0,0,0,1
20.843,541.0,875.0,400.0,1051.0,-0.3401,0.1678,-0.1616,-0.1921,-0.1768,,SAFE_STOP,大转后直线脱离仍未改善，停车等待,front,-0.5079,0.0305,1,stop,0.0,,0.0,0,0,1
20.863,541.0,875.0,399.0,1050.0,-0.3401,0.1678,-0.1616,-0.1921,-0.1768,,SAFE_STOP,大转后直线脱离仍未改善，停车等待,front,-0.5079,0.0305,1,stop,0.0,,0.0,0,0,1
20.883,541.0,875.0,400.0,1051.0,-0.3401,0.1678,-0.1616,-0.1921,-0.1768,,SAFE_STOP,大转后直线脱离仍未改善，停车等待,front,-0.5079,0.0305,1,stop,0.0,,0.0,0,0,1
20.903,541.0,876.0,399.0,1050.0,-0.3401,0.1678,-0.1643,-0.1942,-0.1792,,SAFE_STOP,大转后直线脱离仍未改善，停车等待,front,-0.5079,0.0298,1,stop,0.0,,0.0,0,0,1
20.923,541.0,875.0,400.0,1050.0,-0.3401,0.1678,-0.1616,-0.1942,-0.1779,,SAFE_STOP,大转后直线脱离仍未改善，停车等待,front,-0.5079,0.0326,1,stop,0.0,,0.0,0,0,1
20.943,541.0,874.0,399.0,1050.0,-0.3401,0.1678,-0.1643,-0.1942,-0.1792,,SAFE_STOP,大转后直线脱离仍未改善，停车等待,front,-0.5079,0.0298,1,stop,0.0,,0.0,0,0,1
20.963,541.0,872.0,398.0,1050.0,-0.3401,0.1656,-0.1643,-0.1942,-0.1792,,SAFE_STOP,大转后直线脱离仍未改善，停车等待,front,-0.5057,0.0298,1,stop,0.0,,0.0,0,0,1
20.983,539.0,869.0,397.0,1048.0,-0.3401,0.1612,-0.1671,-0.1942,-0.1806,,SAFE_STOP,大转后直线脱离仍未改善，停车等待,front,-0.5014,0.027,1,stop,0.0,,0.0,0,0,1
21.003,539.0,868.0,397.0,1044.0,-0.3456,0.1547,-0.1699,-0.1983,-0.1841,,SAFE_STOP,大转后直线脱离仍未改善，停车等待,front,-0.5003,0.0284,1,stop,0.0,,0.0,0,0,1
21.023,537.0,865.0,396.0,1040.0,-0.3456,0.1525,-0.1699,-0.2067,-0.1883,,SAFE_STOP,大转后直线脱离仍未改善，停车等待,front,-0.4981,0.0368,1,stop,0.0,,0.0,0,0,1
21.043,537.0,860.0,392.0,1033.0,-0.351,0.146,-0.1727,-0.215,-0.1939,,SAFE_STOP,大转后直线脱离仍未改善，停车等待,front,-0.497,0.0423,1,stop,0.0,,0.0,0,0,1
21.063,538.0,847.0,386.0,1028.0,-0.351,0.1351,-0.1838,-0.2296,-0.2067,,SAFE_STOP,大转后直线脱离仍未改善，停车等待,front,-0.4861,0.0458,1,stop,0.0,,0.0,0,0,1
21.084,535.0,837.0,381.0,1026.0,-0.351,0.1068,-0.2006,-0.2401,-0.2203,,SAFE_STOP,大转后直线脱离仍未改善，停车等待,front,-0.4578,0.0395,1,stop,0.0,,0.0,0,0,1
21.104,534.0,822.0,374.0,1018.0,-0.3565,0.085,-0.2145,-0.2443,-0.2294,,SAFE_STOP,大转后直线脱离仍未改善，停车等待,front,-0.4414,0.0298,1,stop,0.0,,0.0,0,0,1
21.124,534.0,822.0,374.0,1018.0,-0.3592,0.0523,-0.234,-0.261,-0.2475,,SAFE_STOP,大转后直线脱离仍未改善，停车等待,front,-0.4115,0.027,1,stop,0.0,,0.0,0,0,1
21.144,525.0,798.0,366.0,1004.0,-0.3592,0.0523,-0.234,-0.261,-0.2475,,SAFE_STOP,大转后直线脱离仍未改善，停车等待,front,-0.4115,0.027,1,stop,0.0,,0.0,0,0,1
21.164,518.0,773.0,359.0,991.0,-0.3837,0.0,-0.2563,-0.2902,-0.2732,,SAFE_STOP,大转后直线脱离仍未改善，停车等待,front,-0.3837,0.0339,1,stop,0.0,,0.0,0,0,1
21.184,514.0,764.0,358.0,981.0,-0.4027,-0.0545,-0.2758,-0.3173,-0.2965,,SAFE_STOP,大转后直线脱离仍未改善，停车等待,front,-0.3483,0.0416,1,stop,0.0,,0.0,0,0,1
21.204,507.0,760.0,355.0,974.0,-0.4136,-0.0741,-0.2786,-0.3382,-0.3084,,SAFE_STOP,大转后直线脱离仍未改善，停车等待,front,-0.3395,0.0597,1,stop,0.0,,0.0,0,0,1
21.224,512.0,787.0,363.0,986.0,-0.419,-0.0741,-0.2786,-0.3382,-0.3084,,SAFE_STOP,大转后直线脱离仍未改善，停车等待,front,-0.345,0.0597,1,stop,0.0,,0.0,0,0,1
21.244,520.0,832.0,380.0,1009.0,-0.419,-0.024,-0.2646,-0.3278,-0.2962,,SAFE_STOP,大转后直线脱离仍未改善，停车等待,front,-0.3951,0.0631,1,stop,0.0,,0.0,0,0,1
21.264,530.0,839.0,374.0,1011.0,-0.3973,0.0741,-0.234,-0.2797,-0.2569,,SAFE_STOP,大转后直线脱离仍未改善，停车等待,front,-0.4714,0.0458,1,stop,0.0,,0.0,0,0,1
21.284,537.0,852.0,372.0,1010.0,-0.3701,0.0893,-0.234,-0.2777,-0.2558,,SAFE_STOP,大转后直线脱离仍未改善，停车等待,front,-0.4594,0.0437,1,stop,0.0,,0.0,0,0,1
21.305,538.0,855.0,375.0,1010.0,-0.351,0.1176,-0.234,-0.2777,-0.2558,,SAFE_STOP,大转后直线脱离仍未改善，停车等待,front,-0.4687,0.0437,1,stop,0.0,,0.0,0,0,1
21.325,537.0,858.0,385.0,1015.0,-0.351,0.1242,-0.2312,-0.2777,-0.2544,,SAFE_STOP,大转后直线脱离仍未改善，停车等待,front,-0.4752,0.0465,1,stop,0.0,,0.0,0,0,1
21.345,536.0,862.0,392.0,1017.0,-0.351,0.1307,-0.2033,-0.2672,-0.2353,,SAFE_STOP,大转后直线脱离仍未改善，停车等待,front,-0.4817,0.0639,1,stop,0.0,,0.0,0,0,1
21.365,534.0,867.0,397.0,1018.0,-0.3537,0.1394,-0.1838,-0.263,-0.2234,,SAFE_STOP,大转后直线脱离仍未改善，停车等待,front,-0.4932,0.0792,1,stop,0.0,,0.0,0,0,1
21.385,533.0,868.0,398.0,1020.0,-0.3592,0.1503,-0.1699,-0.261,-0.2154,,SAFE_STOP,大转后直线脱离仍未改善，停车等待,front,-0.5095,0.091,1,stop,0.0,,0.0,0,0,1
21.405,532.0,865.0,397.0,1017.0,-0.3619,0.1503,-0.1699,-0.261,-0.2154,,SAFE_STOP,大转后直线脱离仍未改善，停车等待,front,-0.5122,0.091,1,stop,0.0,,0.0,0,0,1
21.425,531.0,859.0,396.0,1015.0,-0.3646,0.146,-0.1699,-0.263,-0.2165,,SAFE_STOP,大转后直线脱离仍未改善，停车等待,front,-0.5106,0.0931,1,stop,0.0,,0.0,0,0,1
21.445,532.0,859.0,396.0,1018.0,-0.3646,0.1329,-0.1727,-0.263,-0.2179,,SAFE_STOP,大转后直线脱离仍未改善，停车等待,front,-0.4975,0.0903,1,stop,0.0,,0.0,0,0,1
21.465,531.0,861.0,397.0,1024.0,-0.3673,0.1329,-0.1727,-0.261,-0.2168,,SAFE_STOP,大转后直线脱离仍未改善，停车等待,front,-0.5002,0.0883,1,stop,0.0,,0.0,0,0,1
21.485,532.0,862.0,397.0,1024.0,-0.3646,0.1373,-0.1699,-0.2484,-0.2092,,SAFE_STOP,大转后直线脱离仍未改善，停车等待,front,-0.5019,0.0785,1,stop,0.0,,0.0,0,0,1
21.506,531.0,864.0,396.0,1025.0,-0.3673,0.1394,-0.1699,-0.2484,-0.2092,,SAFE_STOP,大转后直线脱离仍未改善，停车等待,front,-0.5068,0.0785,1,stop,0.0,,0.0,0,0,1
21.526,533.0,866.0,396.0,1024.0,-0.3646,0.1438,-0.1727,-0.2484,-0.2106,,SAFE_STOP,大转后直线脱离仍未改善，停车等待,front,-0.5084,0.0757,1,stop,0.0,,0.0,0,0,1
21.546,533.0,865.0,393.0,1024.0,-0.3619,0.146,-0.1727,-0.2484,-0.2106,,SAFE_STOP,大转后直线脱离仍未改善，停车等待,front,-0.5079,0.0757,1,stop,0.0,,0.0,0,0,1
21.566,533.0,865.0,393.0,1024.0,-0.3619,0.146,-0.1811,-0.2484,-0.2147,,SAFE_STOP,大转后直线脱离仍未改善，停车等待,front,-0.5079,0.0674,1,stop,0.0,,0.0,0,0,1
21.586,534.0,866.0,388.0,1025.0,-0.3619,0.146,-0.1811,-0.2484,-0.2147,,SAFE_STOP,大转后直线脱离仍未改善，停车等待,front,-0.5079,0.0674,1,stop,0.0,,0.0,0,0,1
21.606,534.0,863.0,383.0,1024.0,-0.3592,0.146,-0.195,-0.2484,-0.2217,,SAFE_STOP,大转后直线脱离仍未改善，停车等待,front,-0.5052,0.0534,1,stop,0.0,,0.0,0,0,1
21.626,535.0,857.0,380.0,1024.0,-0.3592,0.1416,-0.2089,-0.2484,-0.2287,,SAFE_STOP,大转后直线脱离仍未改善，停车等待,front,-0.5008,0.0395,1,stop,0.0,,0.0,0,0,1
21.647,538.0,848.0,378.0,1026.0,-0.3565,0.1285,-0.2173,-0.2484,-0.2329,,SAFE_STOP,大转后直线脱离仍未改善，停车等待,front,-0.485,0.0312,1,stop,0.0,,0.0,0,0,1
21.667,539.0,842.0,378.0,1029.0,-0.3483,0.1089,-0.2228,-0.2443,-0.2336,,SAFE_STOP,大转后直线脱离仍未改善，停车等待,front,-0.4572,0.0214,1,stop,0.0,,0.0,0,0,1
21.687,538.0,834.0,380.0,1030.0,-0.3483,0.0959,-0.2228,-0.238,-0.2304,,SAFE_STOP,大转后直线脱离仍未改善，停车等待,front,-0.4442,0.0152,1,stop,0.0,,0.0,0,0,1
21.707,539.0,832.0,377.0,1033.0,-0.3456,0.0784,-0.2228,-0.2359,-0.2294,,SAFE_STOP,大转后直线脱离仍未改善，停车等待,front,-0.424,0.0131,1,stop,0.0,,0.0,0,0,1
21.727,539.0,832.0,374.0,1037.0,-0.3456,0.0741,-0.2256,-0.2296,-0.2276,,SAFE_STOP,大转后直线脱离仍未改善，停车等待,front,-0.4197,0.004,1,stop,0.0,,0.0,0,0,1
21.747,537.0,833.0,370.0,1040.0,-0.3456,0.0741,-0.234,-0.2213,-0.2276,,SAFE_STOP,大转后直线脱离仍未改善，停车等待,front,-0.4197,-0.0127,1,stop,0.0,,0.0,0,0,1
21.767,534.0,832.0,369.0,1043.0,-0.351,0.0741,-0.2451,-0.215,-0.2301,,SAFE_STOP,大转后直线脱离仍未改善，停车等待,front,-0.4251,-0.0301,1,stop,0.0,,0.0,0,0,1
21.787,534.0,834.0,374.0,1045.0,-0.3592,0.0763,-0.2451,-0.2088,-0.2269,,SAFE_STOP,大转后直线脱离仍未改善，停车等待,front,-0.4354,-0.0364,1,stop,0.0,,0.0,0,0,1
21.807,532.0,835.0,379.0,1045.0,-0.3592,0.0784,-0.234,-0.2046,-0.2193,,SAFE_STOP,大转后直线脱离仍未改善，停车等待,front,-0.4376,-0.0294,1,stop,0.0,,0.0,0,0,1
21.828,532.0,837.0,383.0,1048.0,-0.3646,0.0806,-0.2201,-0.2046,-0.2123,,SAFE_STOP,大转后直线脱离仍未改善，停车等待,front,-0.4452,-0.0155,1,stop,0.0,,0.0,0,0,1
21.848,531.0,837.0,383.0,1048.0,-0.3646,0.085,-0.2089,-0.1983,-0.2036,,SAFE_STOP,大转后直线脱离仍未改善，停车等待,front,-0.4496,-0.0106,1,stop,0.0,,0.0,0,0,1
21.868,531.0,840.0,385.0,1048.0,-0.3673,0.085,-0.2089,-0.1983,-0.2036,,SAFE_STOP,大转后直线脱离仍未改善，停车等待,front,-0.4523,-0.0106,1,stop,0.0,,0.0,0,0,1
21.888,531.0,841.0,386.0,1048.0,-0.3673,0.0915,-0.2033,-0.1983,-0.2008,,SAFE_STOP,大转后直线脱离仍未改善，停车等待,front,-0.4589,-0.005,1,stop,0.0,,0.0,0,0,1
21.908,531.0,841.0,387.0,1049.0,-0.3673,0.0937,-0.2006,-0.1983,-0.1994,,SAFE_STOP,大转后直线脱离仍未改善，停车等待,front,-0.461,-0.0022,1,stop,0.0,,0.0,0,0,1
21.928,531.0,841.0,387.0,1049.0,-0.3673,0.0937,-0.1978,-0.1962,-0.197,,SAFE_STOP,大转后直线脱离仍未改善，停车等待,front,-0.461,-0.0015,1,stop,0.0,,0.0,0,0,1
21.948,530.0,839.0,387.0,1046.0,-0.3673,0.0937,-0.1978,-0.1962,-0.197,,SAFE_STOP,大转后直线脱离仍未改善，停车等待,front,-0.461,-0.0015,1,stop,0.0,,0.0,0,0,1
21.968,529.0,836.0,388.0,1045.0,-0.3701,0.0893,-0.1978,-0.2025,-0.2001,,SAFE_STOP,大转后直线脱离仍未改善，停车等待,front,-0.4594,0.0047,1,stop,0.0,,0.0,0,0,1
21.989,530.0,840.0,389.0,1048.0,-0.3701,0.0893,-0.195,-0.2025,-0.1987,,SAFE_STOP,大转后直线脱离仍未改善，停车等待,front,-0.4594,0.0075,1,stop,0.0,,0.0,0,0,1
22.009,529.0,841.0,389.0,1047.0,-0.3728,0.0915,-0.1922,-0.2004,-0.1963,,SAFE_STOP,大转后直线脱离仍未改善，停车等待,front,-0.4643,0.0082,1,stop,0.0,,0.0,0,0,1
22.029,529.0,840.0,390.0,1047.0,-0.3728,0.0915,-0.1922,-0.2004,-0.1963,,SAFE_STOP,大转后直线脱离仍未改善，停车等待,front,-0.4643,0.0082,1,stop,0.0,,0.0,0,0,1
22.049,529.0,839.0,389.0,1047.0,-0.3728,0.0915,-0.1922,-0.2004,-0.1963,,SAFE_STOP,大转后直线脱离仍未改善，停车等待,front,-0.4643,0.0082,1,stop,0.0,,0.0,0,0,1
22.069,529.0,840.0,390.0,1048.0,-0.3728,0.0915,-0.1894,-0.2004,-0.1949,,SAFE_STOP,大转后直线脱离仍未改善，停车等待,front,-0.4643,0.011,1,stop,0.0,,0.0,0,0,1
22.089,529.0,840.0,390.0,1049.0,-0.3728,0.0915,-0.1894,-0.1983,-0.1939,,SAFE_STOP,大转后直线脱离仍未改善，停车等待,front,-0.4643,0.0089,1,stop,0.0,,0.0,0,0,1
22.109,528.0,839.0,390.0,1048.0,-0.3728,0.0915,-0.1894,-0.1983,-0.1939,,SAFE_STOP,大转后直线脱离仍未改善，停车等待,front,-0.4643,0.0089,1,stop,0.0,,0.0,0,0,1
22.129,529.0,840.0,390.0,1047.0,-0.3728,0.0915,-0.1894,-0.1983,-0.1939,,SAFE_STOP,大转后直线脱离仍未改善，停车等待,front,-0.4643,0.0089,1,stop,0.0,,0.0,0,0,1
22.149,529.0,839.0,390.0,1048.0,-0.3728,0.0893,-0.1894,-0.1983,-0.1939,,SAFE_STOP,大转后直线脱离仍未改善，停车等待,front,-0.4621,0.0089,1,stop,0.0,,0.0,0,0,1
22.17,529.0,839.0,390.0,1049.0,-0.3728,0.0893,-0.1894,-0.1983,-0.1939,,SAFE_STOP,大转后直线脱离仍未改善，停车等待,front,-0.4621,0.0089,1,stop,0.0,,0.0,0,0,1
22.19,528.0,839.0,390.0,1049.0,-0.3728,0.0893,-0.1894,-0.1962,-0.1928,,SAFE_STOP,大转后直线脱离仍未改善，停车等待,front,-0.4621,0.0068,1,stop,0.0,,0.0,0,0,1
22.21,529.0,839.0,390.0,1048.0,-0.3728,0.0893,-0.1894,-0.1962,-0.1928,,SAFE_STOP,大转后直线脱离仍未改善，停车等待,front,-0.4621,0.0068,1,stop,0.0,,0.0,0,0,1
22.23,528.0,835.0,390.0,1046.0,-0.3755,0.0893,-0.1894,-0.1983,-0.1939,,SAFE_STOP,大转后直线脱离仍未改善，停车等待,front,-0.4648,0.0089,1,stop,0.0,,0.0,0,0,1
22.25,530.0,838.0,390.0,1048.0,-0.3728,0.0871,-0.1894,-0.1983,-0.1939,,SAFE_STOP,大转后直线脱离仍未改善，停车等待,front,-0.4599,0.0089,1,stop,0.0,,0.0,0,0,1
22.27,529.0,835.0,389.0,1046.0,-0.3728,0.0806,-0.1894,-0.2025,-0.196,,SAFE_STOP,大转后直线脱离仍未改善，停车等待,front,-0.4534,0.0131,1,stop,0.0,,0.0,0,0,1
22.29,531.0,833.0,389.0,1046.0,-0.3701,0.0806,-0.1922,-0.2025,-0.1974,,SAFE_STOP,大转后直线脱离仍未改善，停车等待,front,-0.4507,0.0103,1,stop,0.0,,0.0,0,0,1
22.31,532.0,830.0,388.0,1046.0,-0.3673,0.0763,-0.1922,-0.2025,-0.1974,,SAFE_STOP,大转后直线脱离仍未改善，停车等待,front,-0.4436,0.0103,1,stop,0.0,,0.0,0,0,1
22.33,534.0,829.0,389.0,1048.0,-0.3646,0.0697,-0.1922,-0.2025,-0.1974,,SAFE_STOP,大转后直线脱离仍未改善，停车等待,front,-0.4343,0.0103,1,stop,0.0,,0.0,0,0,1
22.351,535.0,828.0,390.0,1049.0,-0.3592,0.0675,-0.1922,-0.1983,-0.1953,,SAFE_STOP,大转后直线脱离仍未改善，停车等待,front,-0.4267,0.0061,1,stop,0.0,,0.0,0,0,1
22.371,536.0,827.0,390.0,1049.0,-0.3565,0.0654,-0.1894,-0.1962,-0.1928,,SAFE_STOP,大转后直线脱离仍未改善，停车等待,front,-0.4218,0.0068,1,stop,0.0,,0.0,0,0,1
22.391,536.0,827.0,390.0,1049.0,-0.3537,0.0632,-0.1894,-0.1962,-0.1928,,SAFE_STOP,大转后直线脱离仍未改善，停车等待,front,-0.4169,0.0068,1,stop,0.0,,0.0,0,0,1
22.411,537.0,829.0,390.0,1048.0,-0.3537,0.0632,-0.1894,-0.1962,-0.1928,,SAFE_STOP,大转后直线脱离仍未改善，停车等待,front,-0.4169,0.0068,1,stop,0.0,,0.0,0,0,1
22.431,537.0,828.0,389.0,1047.0,-0.351,0.0654,-0.1894,-0.1983,-0.1939,,SAFE_STOP,大转后直线脱离仍未改善，停车等待,front,-0.4164,0.0089,1,stop,0.0,,0.0,0,0,1
22.451,536.0,825.0,389.0,1046.0,-0.351,0.0654,-0.1922,-0.2004,-0.1963,,SAFE_STOP,大转后直线脱离仍未改善，停车等待,front,-0.4164,0.0082,1,stop,0.0,,0.0,0,0,1
22.471,533.0,819.0,387.0,1043.0,-0.3537,0.0588,-0.1922,-0.2025,-0.1974,,SAFE_STOP,大转后直线脱离仍未改善，停车等待,front,-0.4126,0.0103,1,stop,0.0,,0.0,0,0,1
22.491,532.0,818.0,388.0,1044.0,-0.3619,0.0458,-0.195,-0.2067,-0.2008,,SAFE_STOP,大转后直线脱离仍未改善，停车等待,front,-0.4077,0.0117,1,stop,0.0,,0.0,0,0,1
22.511,532.0,816.0,386.0,1043.0,-0.3646,0.0436,-0.1978,-0.2088,-0.2033,,SAFE_STOP,大转后直线脱离仍未改善，停车等待,front,-0.4082,0.011,1,stop,0.0,,0.0,0,0,1
22.531,531.0,820.0,385.0,1042.0,-0.3646,0.0436,-0.2006,-0.2088,-0.2047,,SAFE_STOP,大转后直线脱离仍未改善，停车等待,front,-0.4082,0.0082,1,stop,0.0,,0.0,0,0,1
22.552,530.0,821.0,385.0,1041.0,-0.3673,0.0479,-0.2033,-0.2109,-0.2071,,SAFE_STOP,大转后直线脱离仍未改善，停车等待,front,-0.4153,0.0075,1,stop,0.0,,0.0,0,0,1
22.572,531.0,819.0,384.0,1040.0,-0.3673,0.0479,-0.2033,-0.2129,-0.2081,,SAFE_STOP,大转后直线脱离仍未改善，停车等待,front,-0.4153,0.0096,1,stop,0.0,,0.0,0,0,1
22.592,532.0,819.0,385.0,1038.0,-0.3673,0.0458,-0.2033,-0.215,-0.2092,,SAFE_STOP,大转后直线脱离仍未改善，停车等待,front,-0.4131,0.0117,1,stop,0.0,,0.0,0,0,1
22.612,532.0,819.0,385.0,1038.0,-0.3646,0.0458,-0.2033,-0.2192,-0.2113,,SAFE_STOP,大转后直线脱离仍未改善，停车等待,front,-0.4104,0.0159,1,stop,0.0,,0.0,0,0,1
22.632,533.0,823.0,387.0,1040.0,-0.3646,0.0458,-0.2033,-0.2192,-0.2113,,SAFE_STOP,大转后直线脱离仍未改善，停车等待,front,-0.4104,0.0159,1,stop,0.0,,0.0,0,0,1
22.652,533.0,824.0,387.0,1040.0,-0.3619,0.0545,-0.1978,-0.215,-0.2064,,SAFE_STOP,大转后直线脱离仍未改善，停车等待,front,-0.4164,0.0173,1,stop,0.0,,0.0,0,0,1
22.672,535.0,826.0,388.0,1040.0,-0.3619,0.0566,-0.1978,-0.215,-0.2064,,SAFE_STOP,大转后直线脱离仍未改善，停车等待,front,-0.4185,0.0173,1,stop,0.0,,0.0,0,0,1
22.692,537.0,829.0,389.0,1041.0,-0.3565,0.061,-0.195,-0.215,-0.205,,SAFE_STOP,大转后直线脱离仍未改善，停车等待,front,-0.4175,0.02,1,stop,0.0,,0.0,0,0,1
22.712,537.0,828.0,388.0,1040.0,-0.351,0.0654,-0.195,-0.215,-0.205,,SAFE_STOP,大转后直线脱离仍未改善，停车等待,front,-0.4164,0.02,1,stop,0.0,,0.0,0,0,1
22.733,537.0,829.0,389.0,1041.0,-0.351,0.0675,-0.1922,-0.2129,-0.2026,,SAFE_STOP,大转后直线脱离仍未改善，停车等待,front,-0.4186,0.0207,1,stop,0.0,,0.0,0,0,1
22.753,538.0,829.0,389.0,1041.0,-0.351,0.0675,-0.1922,-0.2129,-0.2026,,SAFE_STOP,大转后直线脱离仍未改善，停车等待,front,-0.4186,0.0207,1,stop,0.0,,0.0,0,0,1
22.773,538.0,828.0,389.0,1041.0,-0.3483,0.0675,-0.1922,-0.2129,-0.2026,,SAFE_STOP,大转后直线脱离仍未改善，停车等待,front,-0.4158,0.0207,1,stop,0.0,,0.0,0,0,1
22.793,538.0,828.0,389.0,1041.0,-0.3483,0.0654,-0.1922,-0.2129,-0.2026,,SAFE_STOP,大转后直线脱离仍未改善，停车等待,front,-0.4137,0.0207,1,stop,0.0,,0.0,0,0,1
22.813,537.0,828.0,390.0,1042.0,-0.3483,0.0654,-0.1922,-0.2129,-0.2026,,SAFE_STOP,大转后直线脱离仍未改善，停车等待,front,-0.4137,0.0207,1,stop,0.0,,0.0,0,0,1
22.833,535.0,826.0,389.0,1042.0,-0.351,0.0654,-0.1922,-0.2109,-0.2015,,SAFE_STOP,大转后直线脱离仍未改善，停车等待,front,-0.4164,0.0187,1,stop,0.0,,0.0,0,0,1
22.853,534.0,826.0,388.0,1041.0,-0.3565,0.061,-0.1922,-0.2109,-0.2015,,SAFE_STOP,大转后直线脱离仍未改善，停车等待,front,-0.4175,0.0187,1,stop,0.0,,0.0,0,0,1
22.873,535.0,825.0,389.0,1042.0,-0.3565,0.061,-0.1922,-0.2109,-0.2015,,SAFE_STOP,大转后直线脱离仍未改善，停车等待,front,-0.4175,0.0187,1,stop,0.0,,0.0,0,0,1
22.893,534.0,826.0,388.0,1041.0,-0.3592,0.061,-0.195,-0.2129,-0.204,,SAFE_STOP,大转后直线脱离仍未改善，停车等待,front,-0.4202,0.018,1,stop,0.0,,0.0,0,0,1
22.913,534.0,824.0,388.0,1041.0,-0.3592,0.0588,-0.195,-0.2129,-0.204,,SAFE_STOP,大转后直线脱离仍未改善，停车等待,front,-0.418,0.018,1,stop,0.0,,0.0,0,0,1
22.934,534.0,826.0,387.0,1041.0,-0.3592,0.061,-0.195,-0.2129,-0.204,,SAFE_STOP,大转后直线脱离仍未改善，停车等待,front,-0.4202,0.018,1,stop,0.0,,0.0,0,0,1
22.954,534.0,825.0,389.0,1040.0,-0.3592,0.0588,-0.195,-0.2129,-0.204,,SAFE_STOP,大转后直线脱离仍未改善，停车等待,front,-0.418,0.018,1,stop,0.0,,0.0,0,0,1
22.974,535.0,825.0,388.0,1040.0,-0.3592,0.0588,-0.195,-0.215,-0.205,,SAFE_STOP,大转后直线脱离仍未改善，停车等待,front,-0.418,0.02,1,stop,0.0,,0.0,0,0,1
22.994,534.0,827.0,388.0,1041.0,-0.3592,0.0588,-0.195,-0.215,-0.205,,SAFE_STOP,大转后直线脱离仍未改善，停车等待,front,-0.418,0.02,1,stop,0.0,,0.0,0,0,1
23.014,533.0,826.0,388.0,1040.0,-0.3592,0.061,-0.195,-0.215,-0.205,,SAFE_STOP,大转后直线脱离仍未改善，停车等待,front,-0.4202,0.02,1,stop,0.0,,0.0,0,0,1
23.034,534.0,825.0,388.0,1041.0,-0.3592,0.061,-0.195,-0.2129,-0.204,,SAFE_STOP,大转后直线脱离仍未改善，停车等待,front,-0.4202,0.018,1,stop,0.0,,0.0,0,0,1
23.054,534.0,827.0,388.0,1042.0,-0.3592,0.061,-0.195,-0.2129,-0.204,,SAFE_STOP,大转后直线脱离仍未改善，停车等待,front,-0.4202,0.018,1,stop,0.0,,0.0,0,0,1
23.074,533.0,825.0,387.0,1037.0,-0.3592,0.0588,-0.195,-0.2129,-0.204,,SAFE_STOP,大转后直线脱离仍未改善，停车等待,front,-0.418,0.018,1,stop,0.0,,0.0,0,0,1
23.094,535.0,828.0,388.0,1041.0,-0.3592,0.0632,-0.195,-0.2129,-0.204,,SAFE_STOP,大转后直线脱离仍未改善，停车等待,front,-0.4224,0.018,1,stop,0.0,,0.0,0,0,1
23.115,535.0,828.0,388.0,1041.0,-0.3565,0.0654,-0.195,-0.2129,-0.204,,SAFE_STOP,大转后直线脱离仍未改善，停车等待,front,-0.4218,0.018,1,stop,0.0,,0.0,0,0,1
23.135,536.0,830.0,388.0,1042.0,-0.3565,0.0654,-0.195,-0.2129,-0.204,,SAFE_STOP,大转后直线脱离仍未改善，停车等待,front,-0.4218,0.018,1,stop,0.0,,0.0,0,0,1
23.155,536.0,830.0,388.0,1042.0,-0.3537,0.0697,-0.195,-0.2109,-0.2029,,SAFE_STOP,大转后直线脱离仍未改善，停车等待,front,-0.4235,0.0159,1,stop,0.0,,0.0,0,0,1
23.175,536.0,831.0,389.0,1043.0,-0.3537,0.0697,-0.195,-0.2109,-0.2029,,SAFE_STOP,大转后直线脱离仍未改善，停车等待,front,-0.4235,0.0159,1,stop,0.0,,0.0,0,0,1
23.195,537.0,833.0,390.0,1044.0,-0.3537,0.0719,-0.1922,-0.2088,-0.2005,,SAFE_STOP,大转后直线脱离仍未改善，停车等待,front,-0.4256,0.0166,1,stop,0.0,,0.0,0,0,1
23.215,537.0,834.0,390.0,1044.0,-0.351,0.0763,-0.1894,-0.2067,-0.198,,SAFE_STOP,大转后直线脱离仍未改善，停车等待,front,-0.4273,0.0173,1,stop,0.0,,0.0,0,0,1
23.235,535.0,832.0,389.0,1043.0,-0.351,0.0763,-0.1894,-0.2067,-0.198,,SAFE_STOP,大转后直线脱离仍未改善，停车等待,front,-0.4273,0.0173,1,stop,0.0,,0.0,0,0,1
23.255,533.0,832.0,389.0,1043.0,-0.3565,0.0741,-0.1922,-0.2088,-0.2005,,SAFE_STOP,大转后直线脱离仍未改善，停车等待,front,-0.4305,0.0166,1,stop,0.0,,0.0,0,0,1
23.275,532.0,833.0,388.0,1043.0,-0.3619,0.0741,-0.1922,-0.2088,-0.2005,,SAFE_STOP,大转后直线脱离仍未改善，停车等待,front,-0.436,0.0166,1,stop,0.0,,0.0,0,0,1
23.296,532.0,836.0,387.0,1042.0,-0.3646,0.0763,-0.195,-0.2088,-0.2019,,SAFE_STOP,大转后直线脱离仍未改善，停车等待,front,-0.4409,0.0138,1,stop,0.0,,0.0,0,0,1
23.316,531.0,834.0,386.0,1043.0,-0.3646,0.0784,-0.1978,-0.2088,-0.2033,,SAFE_STOP,大转后直线脱离仍未改善，停车等待,front,-0.4431,0.011,1,stop,0.0,,0.0,0,0,1
23.336,530.0,828.0,385.0,1043.0,-0.3673,0.0784,-0.2006,-0.2088,-0.2047,,SAFE_STOP,大转后直线脱离仍未改善，停车等待,front,-0.4458,0.0082,1,stop,0.0,,0.0,0,0,1
23.356,530.0,824.0,384.0,1041.0,-0.3701,0.0654,-0.2033,-0.2088,-0.2061,,SAFE_STOP,大转后直线脱离仍未改善，停车等待,front,-0.4354,0.0054,1,stop,0.0,,0.0,0,0,1
23.376,532.0,824.0,384.0,1042.0,-0.3701,0.0566,-0.2061,-0.2109,-0.2085,,SAFE_STOP,大转后直线脱离仍未改善，停车等待,front,-0.4267,0.0047,1,stop,0.0,,0.0,0,0,1
23.396,533.0,823.0,384.0,1041.0,-0.3646,0.0566,-0.2061,-0.2129,-0.2095,,SAFE_STOP,大转后直线脱离仍未改善，停车等待,front,-0.4213,0.0068,1,stop,0.0,,0.0,0,0,1
23.416,533.0,818.0,383.0,1040.0,-0.3619,0.0545,-0.2061,-0.2129,-0.2095,,SAFE_STOP,大转后直线脱离仍未改善，停车等待,front,-0.4164,0.0068,1,stop,0.0,,0.0,0,0,1
23.436,535.0,818.0,385.0,1043.0,-0.3619,0.0436,-0.2061,-0.2129,-0.2095,,SAFE_STOP,大转后直线脱离仍未改善，停车等待,front,-0.4055,0.0068,1,stop,0.0,,0.0,0,0,1
23.456,534.0,817.0,386.0,1042.0,-0.3592,0.0436,-0.2033,-0.2109,-0.2071,,SAFE_STOP,大转后直线脱离仍未改善，停车等待,front,-0.4028,0.0075,1,stop,0.0,,0.0,0,0,1
23.477,534.0,816.0,386.0,1044.0,-0.3592,0.0414,-0.2006,-0.2088,-0.2047,,SAFE_STOP,大转后直线脱离仍未改善，停车等待,front,-0.4006,0.0082,1,stop,0.0,,0.0,0,0,1
23.497,534.0,818.0,388.0,1046.0,-0.3592,0.0414,-0.2006,-0.2067,-0.2036,,SAFE_STOP,大转后直线脱离仍未改善，停车等待,front,-0.4006,0.0061,1,stop,0.0,,0.0,0,0,1
23.517,533.0,819.0,388.0,1046.0,-0.3592,0.0436,-0.195,-0.2025,-0.1987,,SAFE_STOP,大转后直线脱离仍未改善，停车等待,front,-0.4028,0.0075,1,stop,0.0,,0.0,0,0,1
23.537,531.0,819.0,386.0,1046.0,-0.3619,0.0458,-0.195,-0.2025,-0.1987,,SAFE_STOP,大转后直线脱离仍未改善，停车等待,front,-0.4077,0.0075,1,stop,0.0,,0.0,0,0,1
23.557,531.0,820.0,387.0,1047.0,-0.3673,0.0458,-0.1978,-0.2025,-0.2001,,SAFE_STOP,大转后直线脱离仍未改善，停车等待,front,-0.4131,0.0047,1,stop,0.0,,0.0,0,0,1
23.577,531.0,820.0,387.0,1047.0,-0.3673,0.0479,-0.1978,-0.2004,-0.1991,,SAFE_STOP,大转后直线脱离仍未改善，停车等待,front,-0.4153,0.0026,1,stop,0.0,,0.0,0,0,1
23.597,531.0,821.0,387.0,1047.0,-0.3673,0.0479,-0.1978,-0.2004,-0.1991,,SAFE_STOP,大转后直线脱离仍未改善，停车等待,front,-0.4153,0.0026,1,stop,0.0,,0.0,0,0,1
23.617,530.0,820.0,387.0,1047.0,-0.3673,0.0479,-0.1978,-0.2004,-0.1991,,SAFE_STOP,大转后直线脱离仍未改善，停车等待,front,-0.4153,0.0026,1,stop,0.0,,0.0,0,0,1
23.637,531.0,822.0,388.0,1048.0,-0.3673,0.0501,-0.1978,-0.2004,-0.1991,,SAFE_STOP,大转后直线脱离仍未改善，停车等待,front,-0.4175,0.0026,1,stop,0.0,,0.0,0,0,1
23.657,530.0,821.0,387.0,1047.0,-0.3701,0.0501,-0.1978,-0.2004,-0.1991,,SAFE_STOP,大转后直线脱离仍未改善，停车等待,front,-0.4202,0.0026,1,stop,0.0,,0.0,0,0,1
23.678,531.0,821.0,388.0,1048.0,-0.3673,0.0501,-0.195,-0.1983,-0.1967,,SAFE_STOP,大转后直线脱离仍未改善，停车等待,front,-0.4175,0.0033,1,stop,0.0,,0.0,0,0,1
23.698,531.0,821.0,388.0,1047.0,-0.3673,0.0501,-0.195,-0.2004,-0.1977,,SAFE_STOP,大转后直线脱离仍未改善，停车等待,front,-0.4175,0.0054,1,stop,0.0,,0.0,0,0,1
23.718,530.0,820.0,388.0,1047.0,-0.3673,0.0501,-0.195,-0.2004,-0.1977,,SAFE_STOP,大转后直线脱离仍未改善，停车等待,front,-0.4175,0.0054,1,stop,0.0,,0.0,0,0,1
23.738,530.0,820.0,388.0,1048.0,-0.3701,0.0479,-0.195,-0.2004,-0.1977,,SAFE_STOP,大转后直线脱离仍未改善，停车等待,front,-0.418,0.0054,1,stop,0.0,,0.0,0,0,1
23.758,531.0,822.0,389.0,1048.0,-0.3701,0.0479,-0.195,-0.1983,-0.1967,,SAFE_STOP,大转后直线脱离仍未改善，停车等待,front,-0.418,0.0033,1,stop,0.0,,0.0,0,0,1
23.778,531.0,820.0,388.0,1046.0,-0.3673,0.0479,-0.195,-0.1983,-0.1967,,SAFE_STOP,大转后直线脱离仍未改善，停车等待,front,-0.4153,0.0033,1,stop,0.0,,0.0,0,0,1
23.798,533.0,822.0,389.0,1047.0,-0.3673,0.0523,-0.1922,-0.2004,-0.1963,,SAFE_STOP,大转后直线脱离仍未改善，停车等待,front,-0.4196,0.0082,1,stop,0.0,,0.0,0,0,1
23.818,532.0,822.0,389.0,1046.0,-0.3646,0.0523,-0.1922,-0.2025,-0.1974,,SAFE_STOP,大转后直线脱离仍未改善，停车等待,front,-0.4169,0.0103,1,stop,0.0,,0.0,0,0,1
23.838,531.0,821.0,388.0,1044.0,-0.3646,0.0523,-0.1922,-0.2025,-0.1974,,SAFE_STOP,大转后直线脱离仍未改善，停车等待,front,-0.4169,0.0103,1,stop,0.0,,0.0,0,0,1
23.859,532.0,821.0,388.0,1046.0,-0.3646,0.0501,-0.195,-0.2025,-0.1987,,SAFE_STOP,大转后直线脱离仍未改善，停车等待,front,-0.4147,0.0075,1,stop,0.0,,0.0,0,0,1
23.879,531.0,821.0,389.0,1046.0,-0.3673,0.0501,-0.195,-0.2025,-0.1987,,SAFE_STOP,大转后直线脱离仍未改善，停车等待,front,-0.4175,0.0075,1,stop,0.0,,0.0,0,0,1
23.899,532.0,823.0,390.0,1047.0,-0.3646,0.0501,-0.1922,-0.2025,-0.1974,,SAFE_STOP,大转后直线脱离仍未改善，停车等待,front,-0.4147,0.0103,1,stop,0.0,,0.0,0,0,1
23.919,532.0,822.0,389.0,1046.0,-0.3646,0.0523,-0.1922,-0.2025,-0.1974,,SAFE_STOP,大转后直线脱离仍未改善，停车等待,front,-0.4169,0.0103,1,stop,0.0,,0.0,0,0,1
23.939,532.0,824.0,389.0,1047.0,-0.3646,0.0545,-0.1922,-0.2004,-0.1963,,SAFE_STOP,大转后直线脱离仍未改善，停车等待,front,-0.4191,0.0082,1,stop,0.0,,0.0,0,0,1
23.959,533.0,826.0,390.0,1048.0,-0.3646,0.0566,-0.1922,-0.2004,-0.1963,,SAFE_STOP,大转后直线脱离仍未改善，停车等待,front,-0.4213,0.0082,1,stop,0.0,,0.0,0,0,1
23.979,534.0,825.0,391.0,1047.0,-0.3619,0.0588,-0.1894,-0.2004,-0.1949,,SAFE_STOP,大转后直线脱离仍未改善，停车等待,front,-0.4207,0.011,1,stop,0.0,,0.0,0,0,1
23.999,534.0,825.0,391.0,1047.0,-0.3592,0.0588,-0.1866,-0.2004,-0.1935,,SAFE_STOP,大转后直线脱离仍未改善，停车等待,front,-0.418,0.0138,1,stop,0.0,,0.0,0,0,1
24.019,534.0,824.0,389.0,1044.0,-0.3592,0.0588,-0.1866,-0.2004,-0.1935,,SAFE_STOP,大转后直线脱离仍未改善，停车等待,front,-0.418,0.0138,1,stop,0.0,,0.0,0,0,1
24.039,533.0,826.0,390.0,1044.0,-0.3592,0.0588,-0.1894,-0.2067,-0.198,,SAFE_STOP,大转后直线脱离仍未改善，停车等待,front,-0.418,0.0173,1,stop,0.0,,0.0,0,0,1
24.06,534.0,822.0,389.0,1044.0,-0.3592,0.0566,-0.1922,-0.2067,-0.1994,,SAFE_STOP,大转后直线脱离仍未改善，停车等待,front,-0.4158,0.0145,1,stop,0.0,,0.0,0,0,1
24.08,534.0,823.0,388.0,1045.0,-0.3592,0.0545,-0.1922,-0.2067,-0.1994,,SAFE_STOP,大转后直线脱离仍未改善，停车等待,front,-0.4136,0.0145,1,stop,0.0,,0.0,0,0,1
24.1,534.0,819.0,387.0,1045.0,-0.3592,0.0523,-0.195,-0.2046,-0.1998,,SAFE_STOP,大转后直线脱离仍未改善，停车等待,front,-0.4115,0.0096,1,stop,0.0,,0.0,0,0,1
24.12,535.0,821.0,387.0,1046.0,-0.3592,0.0501,-0.1978,-0.2046,-0.2012,,SAFE_STOP,大转后直线脱离仍未改善，停车等待,front,-0.4093,0.0068,1,stop,0.0,,0.0,0,0,1
24.14,535.0,822.0,388.0,1047.0,-0.3565,0.0501,-0.1978,-0.2025,-0.2001,,SAFE_STOP,大转后直线脱离仍未改善，停车等待,front,-0.4066,0.0047,1,stop,0.0,,0.0,0,0,1
24.16,536.0,823.0,388.0,1047.0,-0.3565,0.0523,-0.195,-0.2004,-0.1977,,SAFE_STOP,大转后直线脱离仍未改善，停车等待,front,-0.4088,0.0054,1,stop,0.0,,0.0,0,0,1
24.18,535.0,822.0,387.0,1046.0,-0.3565,0.0523,-0.195,-0.2004,-0.1977,,SAFE_STOP,大转后直线脱离仍未改善，停车等待,front,-0.4088,0.0054,1,stop,0.0,,0.0,0,0,1
24.2,536.0,824.0,388.0,1047.0,-0.3537,0.0545,-0.195,-0.2004,-0.1977,,SAFE_STOP,大转后直线脱离仍未改善，停车等待,front,-0.4082,0.0054,1,stop,0.0,,0.0,0,0,1
24.22,535.0,822.0,387.0,1046.0,-0.3565,0.0523,-0.1978,-0.2025,-0.2001,,SAFE_STOP,大转后直线脱离仍未改善，停车等待,front,-0.4088,0.0047,1,stop,0.0,,0.0,0,0,1
24.241,535.0,824.0,387.0,1047.0,-0.3565,0.0566,-0.1978,-0.2004,-0.1991,,SAFE_STOP,大转后直线脱离仍未改善，停车等待,front,-0.4131,0.0026,1,stop,0.0,,0.0,0,0,1
24.261,535.0,824.0,388.0,1047.0,-0.3565,0.0566,-0.1978,-0.2004,-0.1991,,SAFE_STOP,大转后直线脱离仍未改善，停车等待,front,-0.4131,0.0026,1,stop,0.0,,0.0,0,0,1
24.281,535.0,824.0,387.0,1046.0,-0.3565,0.0566,-0.1978,-0.2004,-0.1991,,SAFE_STOP,大转后直线脱离仍未改善，停车等待,front,-0.4131,0.0026,1,stop,0.0,,0.0,0,0,1
24.301,535.0,825.0,388.0,1049.0,-0.3565,0.0566,-0.195,-0.2004,-0.1977,,SAFE_STOP,大转后直线脱离仍未改善，停车等待,front,-0.4131,0.0054,1,stop,0.0,,0.0,0,0,1
24.321,537.0,826.0,388.0,1050.0,-0.3565,0.0588,-0.195,-0.1962,-0.1956,,SAFE_STOP,大转后直线脱离仍未改善，停车等待,front,-0.4153,0.0013,1,stop,0.0,,0.0,0,0,1
24.341,536.0,824.0,387.0,1049.0,-0.3537,0.0588,-0.195,-0.1962,-0.1956,,SAFE_STOP,大转后直线脱离仍未改善，停车等待,front,-0.4126,0.0013,1,stop,0.0,,0.0,0,0,1
24.361,536.0,824.0,388.0,1050.0,-0.3537,0.0566,-0.195,-0.1942,-0.1946,,SAFE_STOP,大转后直线脱离仍未改善，停车等待,front,-0.4104,-0.0008,1,stop,0.0,,0.0,0,0,1
24.381,536.0,824.0,387.0,1049.0,-0.3537,0.0566,-0.1978,-0.1962,-0.197,,SAFE_STOP,大转后直线脱离仍未改善，停车等待,front,-0.4104,-0.0015,1,stop,0.0,,0.0,0,0,1
24.401,536.0,824.0,387.0,1049.0,-0.3537,0.0566,-0.1978,-0.1962,-0.197,,SAFE_STOP,大转后直线脱离仍未改善，停车等待,front,-0.4104,-0.0015,1,stop,0.0,,0.0,0,0,1
24.422,536.0,824.0,387.0,1048.0,-0.3537,0.0566,-0.1978,-0.1962,-0.197,,SAFE_STOP,大转后直线脱离仍未改善，停车等待,front,-0.4104,-0.0015,1,stop,0.0,,0.0,0,0,1
24.442,536.0,824.0,387.0,1050.0,-0.3537,0.0566,-0.1978,-0.1962,-0.197,,SAFE_STOP,大转后直线脱离仍未改善，停车等待,front,-0.4104,-0.0015,1,stop,0.0,,0.0,0,0,1
24.462,535.0,823.0,387.0,1049.0,-0.3537,0.0566,-0.1978,-0.1962,-0.197,,SAFE_STOP,大转后直线脱离仍未改善，停车等待,front,-0.4104,-0.0015,1,stop,0.0,,0.0,0,0,1
24.482,536.0,824.0,387.0,1048.0,-0.3537,0.0566,-0.1978,-0.1962,-0.197,,SAFE_STOP,大转后直线脱离仍未改善，停车等待,front,-0.4104,-0.0015,1,stop,0.0,,0.0,0,0,1
24.502,535.0,824.0,387.0,1050.0,-0.3565,0.0566,-0.1978,-0.1962,-0.197,,SAFE_STOP,大转后直线脱离仍未改善，停车等待,front,-0.4131,-0.0015,1,stop,0.0,,0.0,0,0,1
24.522,536.0,825.0,387.0,1049.0,-0.3537,0.0566,-0.1978,-0.1962,-0.197,,SAFE_STOP,大转后直线脱离仍未改善，停车等待,front,-0.4104,-0.0015,1,stop,0.0,,0.0,0,0,1
24.542,535.0,823.0,386.0,1048.0,-0.3565,0.0566,-0.1978,-0.1962,-0.197,,SAFE_STOP,大转后直线脱离仍未改善，停车等待,front,-0.4131,-0.0015,1,stop,0.0,,0.0,0,0,1
24.562,536.0,824.0,387.0,1049.0,-0.3537,0.0566,-0.1978,-0.1962,-0.197,,SAFE_STOP,大转后直线脱离仍未改善，停车等待,front,-0.4104,-0.0015,1,stop,0.0,,0.0,0,0,1
24.582,536.0,824.0,388.0,1050.0,-0.3537,0.0566,-0.1978,-0.1962,-0.197,,SAFE_STOP,大转后直线脱离仍未改善，停车等待,front,-0.4104,-0.0015,1,stop,0.0,,0.0,0,0,1
24.603,536.0,823.0,387.0,1049.0,-0.3537,0.0566,-0.1978,-0.1962,-0.197,,SAFE_STOP,大转后直线脱离仍未改善，停车等待,front,-0.4104,-0.0015,1,stop,0.0,,0.0,0,0,1
24.623,536.0,824.0,388.0,1049.0,-0.3537,0.0566,-0.195,-0.1962,-0.1956,,SAFE_STOP,大转后直线脱离仍未改善，停车等待,front,-0.4104,0.0013,1,stop,0.0,,0.0,0,0,1
24.643,536.0,824.0,387.0,1048.0,-0.3537,0.0566,-0.1978,-0.1962,-0.197,,SAFE_STOP,大转后直线脱离仍未改善，停车等待,front,-0.4104,-0.0015,1,stop,0.0,,0.0,0,0,1
24.663,535.0,822.0,386.0,1048.0,-0.3537,0.0566,-0.1978,-0.1983,-0.1981,,SAFE_STOP,大转后直线脱离仍未改善，停车等待,front,-0.4104,0.0006,1,stop,0.0,,0.0,0,0,1
24.683,536.0,824.0,387.0,1049.0,-0.3537,0.0566,-0.1978,-0.1983,-0.1981,,SAFE_STOP,大转后直线脱离仍未改善，停车等待,front,-0.4104,0.0006,1,stop,0.0,,0.0,0,0,1
24.703,536.0,823.0,386.0,1048.0,-0.3537,0.0545,-0.2006,-0.1983,-0.1994,,SAFE_STOP,大转后直线脱离仍未改善，停车等待,front,-0.4082,-0.0022,1,stop,0.0,,0.0,0,0,1
24.723,535.0,822.0,386.0,1047.0,-0.3537,0.0545,-0.2006,-0.1983,-0.1994,,SAFE_STOP,大转后直线脱离仍未改善，停车等待,front,-0.4082,-0.0022,1,stop,0.0,,0.0,0,0,1
24.743,534.0,822.0,386.0,1048.0,-0.3565,0.0523,-0.2006,-0.1983,-0.1994,,SAFE_STOP,大转后直线脱离仍未改善，停车等待,front,-0.4088,-0.0022,1,stop,0.0,,0.0,0,0,1
24.763,534.0,822.0,386.0,1048.0,-0.3592,0.0523,-0.2006,-0.1983,-0.1994,,SAFE_STOP,大转后直线脱离仍未改善，停车等待,front,-0.4115,-0.0022,1,stop,0.0,,0.0,0,0,1
24.784,535.0,821.0,386.0,1047.0,-0.3592,0.0523,-0.2006,-0.1983,-0.1994,,SAFE_STOP,大转后直线脱离仍未改善，停车等待,front,-0.4115,-0.0022,1,stop,0.0,,0.0,0,0,1
24.804,534.0,822.0,386.0,1046.0,-0.3592,0.0523,-0.2006,-0.2004,-0.2005,,SAFE_STOP,大转后直线脱离仍未改善，停车等待,front,-0.4115,-0.0001,1,stop,0.0,,0.0,0,0,1
24.824,534.0,820.0,386.0,1046.0,-0.3592,0.0501,-0.2006,-0.2025,-0.2015,,SAFE_STOP,大转后直线脱离仍未改善，停车等待,front,-0.4093,0.0019,1,stop,0.0,,0.0,0,0,1
24.844,532.0,819.0,384.0,1045.0,-0.3592,0.0479,-0.2006,-0.2025,-0.2015,,SAFE_STOP,大转后直线脱离仍未改善，停车等待,front,-0.4071,0.0019,1,stop,0.0,,0.0,0,0,1
24.864,534.0,819.0,385.0,1045.0,-0.3592,0.0458,-0.2033,-0.2046,-0.204,,SAFE_STOP,大转后直线脱离仍未改善，停车等待,front,-0.4049,0.0013,1,stop,0.0,,0.0,0,0,1
24.884,533.0,820.0,384.0,1045.0,-0.3619,0.0458,-0.2061,-0.2046,-0.2054,,SAFE_STOP,大转后直线脱离仍未改善，停车等待,front,-0.4077,-0.0015,1,stop,0.0,,0.0,0,0,1
24.904,533.0,818.0,385.0,1045.0,-0.3619,0.0458,-0.2033,-0.2046,-0.204,,SAFE_STOP,大转后直线脱离仍未改善，停车等待,front,-0.4077,0.0013,1,stop,0.0,,0.0,0,0,1
24.924,534.0,818.0,385.0,1046.0,-0.3619,0.0436,-0.2033,-0.2046,-0.204,,SAFE_STOP,大转后直线脱离仍未改善，停车等待,front,-0.4055,0.0013,1,stop,0.0,,0.0,0,0,1
24.944,533.0,818.0,385.0,1045.0,-0.3619,0.0436,-0.2033,-0.2046,-0.204,,SAFE_STOP,大转后直线脱离仍未改善，停车等待,front,-0.4055,0.0013,1,stop,0.0,,0.0,0,0,1
24.964,534.0,819.0,386.0,1046.0,-0.3592,0.0436,-0.2033,-0.2025,-0.2029,,SAFE_STOP,大转后直线脱离仍未改善，停车等待,front,-0.4028,-0.0008,1,stop,0.0,,0.0,0,0,1
24.984,533.0,818.0,384.0,1046.0,-0.3619,0.0436,-0.2033,-0.2025,-0.2029,,SAFE_STOP,大转后直线脱离仍未改善，停车等待,front,-0.4055,-0.0008,1,stop,0.0,,0.0,0,0,1
25.01,533.0,819.0,385.0,1046.0,-0.3619,0.0458,-0.2033,-0.2025,-0.2029,,SAFE_STOP,大转后直线脱离仍未改善，停车等待,front,-0.4077,-0.0008,1,stop,0.0,,0.0,0,0,1
25.03,533.0,818.0,384.0,1044.0,-0.3619,0.0436,-0.2061,-0.2025,-0.2043,,SAFE_STOP,大转后直线脱离仍未改善，停车等待,front,-0.4055,-0.0036,1,stop,0.0,,0.0,0,0,1
25.051,534.0,820.0,386.0,1047.0,-0.3619,0.0458,-0.2033,-0.2025,-0.2029,,SAFE_STOP,大转后直线脱离仍未改善，停车等待,front,-0.4077,-0.0008,1,stop,0.0,,0.0,0,0,1
25.071,533.0,819.0,385.0,1046.0,-0.3619,0.0458,-0.2033,-0.2025,-0.2029,,SAFE_STOP,大转后直线脱离仍未改善，停车等待,front,-0.4077,-0.0008,1,stop,0.0,,0.0,0,0,1
25.091,530.0,818.0,384.0,1045.0,-0.3619,0.0458,-0.2033,-0.2025,-0.2029,,SAFE_STOP,大转后直线脱离仍未改善，停车等待,front,-0.4077,-0.0008,1,stop,0.0,,0.0,0,0,1
25.111,533.0,819.0,386.0,1046.0,-0.3619,0.0458,-0.2033,-0.2025,-0.2029,,SAFE_STOP,大转后直线脱离仍未改善，停车等待,front,-0.4077,-0.0008,1,stop,0.0,,0.0,0,0,1
25.131,532.0,820.0,386.0,1045.0,-0.3646,0.0458,-0.2006,-0.2046,-0.2026,,SAFE_STOP,大转后直线脱离仍未改善，停车等待,front,-0.4104,0.004,1,stop,0.0,,0.0,0,0,1
25.152,533.0,818.0,384.0,1045.0,-0.3619,0.0458,-0.2006,-0.2046,-0.2026,,SAFE_STOP,大转后直线脱离仍未改善，停车等待,front,-0.4077,0.004,1,stop,0.0,,0.0,0,0,1
25.172,532.0,818.0,384.0,1045.0,-0.3646,0.0436,-0.2061,-0.2046,-0.2054,,SAFE_STOP,大转后直线脱离仍未改善，停车等待,front,-0.4082,-0.0015,1,stop,0.0,,0.0,0,0,1
25.192,532.0,817.0,384.0,1044.0,-0.3646,0.0436,-0.2061,-0.2046,-0.2054,,SAFE_STOP,大转后直线脱离仍未改善，停车等待,front,-0.4082,-0.0015,1,stop,0.0,,0.0,0,0,1
25.212,532.0,818.0,385.0,1045.0,-0.3646,0.0436,-0.2061,-0.2046,-0.2054,,SAFE_STOP,大转后直线脱离仍未改善，停车等待,front,-0.4082,-0.0015,1,stop,0.0,,0.0,0,0,1
25.232,531.0,817.0,385.0,1045.0,-0.3646,0.0414,-0.2033,-0.2046,-0.204,,SAFE_STOP,大转后直线脱离仍未改善，停车等待,front,-0.406,0.0013,1,stop,0.0,,0.0,0,0,1
25.253,534.0,820.0,387.0,1048.0,-0.3646,0.0436,-0.2033,-0.2046,-0.204,,SAFE_STOP,大转后直线脱离仍未改善，停车等待,front,-0.4082,0.0013,1,stop,0.0,,0.0,0,0,1
25.273,532.0,820.0,385.0,1046.0,-0.3646,0.0479,-0.2033,-0.2025,-0.2029,,SAFE_STOP,大转后直线脱离仍未改善，停车等待,front,-0.4126,-0.0008,1,stop,0.0,,0.0,0,0,1
25.293,535.0,822.0,387.0,1049.0,-0.3592,0.0479,-0.1978,-0.1983,-0.1981,,SAFE_STOP,大转后直线脱离仍未改善，停车等待,front,-0.4071,0.0006,1,stop,0.0,,0.0,0,0,1
25.313,533.0,819.0,386.0,1047.0,-0.3619,0.0479,-0.2006,-0.2004,-0.2005,,SAFE_STOP,大转后直线脱离仍未改善，停车等待,front,-0.4098,-0.0001,1,stop,0.0,,0.0,0,0,1
25.333,534.0,822.0,387.0,1048.0,-0.3592,0.0523,-0.1978,-0.1983,-0.1981,,SAFE_STOP,大转后直线脱离仍未改善，停车等待,front,-0.4115,0.0006,1,stop,0.0,,0.0,0,0,1
25.353,535.0,820.0,387.0,1050.0,-0.3592,0.0479,-0.1978,-0.1983,-0.1981,,SAFE_STOP,大转后直线脱离仍未改善，停车等待,front,-0.4071,0.0006,1,stop,0.0,,0.0,0,0,1
25.373,534.0,822.0,387.0,1049.0,-0.3592,0.0523,-0.1978,-0.1962,-0.197,,SAFE_STOP,大转后直线脱离仍未改善，停车等待,front,-0.4115,-0.0015,1,stop,0.0,,0.0,0,0,1
25.393,534.0,821.0,387.0,1050.0,-0.3592,0.0501,-0.1978,-0.1942,-0.196,,SAFE_STOP,大转后直线脱离仍未改善，停车等待,front,-0.4093,-0.0036,1,stop,0.0,,0.0,0,0,1
25.413,534.0,821.0,386.0,1049.0,-0.3592,0.0501,-0.1978,-0.1962,-0.197,,SAFE_STOP,大转后直线脱离仍未改善，停车等待,front,-0.4093,-0.0015,1,stop,0.0,,0.0,0,0,1
25.433,533.0,820.0,386.0,1047.0,-0.3592,0.0501,-0.2006,-0.1962,-0.1984,,SAFE_STOP,大转后直线脱离仍未改善，停车等待,front,-0.4093,-0.0043,1,stop,0.0,,0.0,0,0,1
25.453,532.0,820.0,385.0,1046.0,-0.3619,0.0479,-0.2006,-0.2004,-0.2005,,SAFE_STOP,大转后直线脱离仍未改善，停车等待,front,-0.4098,-0.0001,1,stop,0.0,,0.0,0,0,1
25.473,535.0,821.0,386.0,1049.0,-0.3619,0.0479,-0.2006,-0.2004,-0.2005,,SAFE_STOP,大转后直线脱离仍未改善，停车等待,front,-0.4098,-0.0001,1,stop,0.0,,0.0,0,0,1
25.494,534.0,819.0,386.0,1047.0,-0.3592,0.0479,-0.2006,-0.2004,-0.2005,,SAFE_STOP,大转后直线脱离仍未改善，停车等待,front,-0.4071,-0.0001,1,stop,0.0,,0.0,0,0,1
25.514,533.0,820.0,386.0,1048.0,-0.3592,0.0479,-0.2006,-0.1983,-0.1994,,SAFE_STOP,大转后直线脱离仍未改善，停车等待,front,-0.4071,-0.0022,1,stop,0.0,,0.0,0,0,1
25.534,533.0,820.0,385.0,1048.0,-0.3619,0.0479,-0.2006,-0.1983,-0.1994,,SAFE_STOP,大转后直线脱离仍未改善，停车等待,front,-0.4098,-0.0022,1,stop,0.0,,0.0,0,0,1
25.554,534.0,821.0,386.0,1047.0,-0.3619,0.0479,-0.2006,-0.1983,-0.1994,,SAFE_STOP,大转后直线脱离仍未改善，停车等待,front,-0.4098,-0.0022,1,stop,0.0,,0.0,0,0,1
25.574,533.0,820.0,386.0,1049.0,-0.3619,0.0479,-0.2006,-0.1983,-0.1994,,SAFE_STOP,大转后直线脱离仍未改善，停车等待,front,-0.4098,-0.0022,1,stop,0.0,,0.0,0,0,1
25.594,533.0,820.0,387.0,1048.0,-0.3619,0.0479,-0.2006,-0.1983,-0.1994,,SAFE_STOP,大转后直线脱离仍未改善，停车等待,front,-0.4098,-0.0022,1,stop,0.0,,0.0,0,0,1
25.614,533.0,821.0,386.0,1047.0,-0.3619,0.0479,-0.2006,-0.1983,-0.1994,,SAFE_STOP,大转后直线脱离仍未改善，停车等待,front,-0.4098,-0.0022,1,stop,0.0,,0.0,0,0,1
25.634,533.0,821.0,386.0,1047.0,-0.3619,0.0501,-0.2006,-0.2004,-0.2005,,SAFE_STOP,大转后直线脱离仍未改善，停车等待,front,-0.412,-0.0001,1,stop,0.0,,0.0,0,0,1
25.654,533.0,820.0,386.0,1048.0,-0.3619,0.0501,-0.2006,-0.2004,-0.2005,,SAFE_STOP,大转后直线脱离仍未改善，停车等待,front,-0.412,-0.0001,1,stop,0.0,,0.0,0,0,1
25.674,534.0,820.0,386.0,1048.0,-0.3619,0.0479,-0.2006,-0.1983,-0.1994,,SAFE_STOP,大转后直线脱离仍未改善，停车等待,front,-0.4098,-0.0022,1,stop,0.0,,0.0,0,0,1
25.694,533.0,819.0,386.0,1048.0,-0.3619,0.0479,-0.2006,-0.1983,-0.1994,,SAFE_STOP,大转后直线脱离仍未改善，停车等待,front,-0.4098,-0.0022,1,stop,0.0,,0.0,0,0,1
25.714,533.0,819.0,386.0,1047.0,-0.3619,0.0458,-0.2006,-0.1983,-0.1994,,SAFE_STOP,大转后直线脱离仍未改善，停车等待,front,-0.4077,-0.0022,1,stop,0.0,,0.0,0,0,1
25.735,534.0,820.0,386.0,1048.0,-0.3619,0.0458,-0.2006,-0.1983,-0.1994,,SAFE_STOP,大转后直线脱离仍未改善，停车等待,front,-0.4077,-0.0022,1,stop,0.0,,0.0,0,0,1
25.755,533.0,819.0,386.0,1048.0,-0.3619,0.0458,-0.2006,-0.1983,-0.1994,,SAFE_STOP,大转后直线脱离仍未改善，停车等待,front,-0.4077,-0.0022,1,stop,0.0,,0.0,0,0,1
25.775,534.0,820.0,385.0,1049.0,-0.3592,0.0479,-0.2006,-0.1983,-0.1994,,SAFE_STOP,大转后直线脱离仍未改善，停车等待,front,-0.4071,-0.0022,1,stop,0.0,,0.0,0,0,1
25.795,533.0,819.0,386.0,1047.0,-0.3619,0.0458,-0.2006,-0.1983,-0.1994,,SAFE_STOP,大转后直线脱离仍未改善，停车等待,front,-0.4077,-0.0022,1,stop,0.0,,0.0,0,0,1
25.815,533.0,817.0,385.0,1046.0,-0.3619,0.0458,-0.2033,-0.2004,-0.2019,,SAFE_STOP,大转后直线脱离仍未改善，停车等待,front,-0.4077,-0.0029,1,stop,0.0,,0.0,0,0,1
25.835,533.0,820.0,387.0,1049.0,-0.3619,0.0458,-0.2006,-0.2004,-0.2005,,SAFE_STOP,大转后直线脱离仍未改善，停车等待,front,-0.4077,-0.0001,1,stop,0.0,,0.0,0,0,1
25.855,535.0,820.0,387.0,1050.0,-0.3619,0.0479,-0.1978,-0.1962,-0.197,,SAFE_STOP,大转后直线脱离仍未改善，停车等待,front,-0.4098,-0.0015,1,stop,0.0,,0.0,0,0,1
25.875,533.0,820.0,386.0,1048.0,-0.3619,0.0479,-0.1978,-0.1962,-0.197,,SAFE_STOP,大转后直线脱离仍未改善，停车等待,front,-0.4098,-0.0015,1,stop,0.0,,0.0,0,0,1
25.895,533.0,821.0,387.0,1048.0,-0.3619,0.0479,-0.1978,-0.1983,-0.1981,,SAFE_STOP,大转后直线脱离仍未改善，停车等待,front,-0.4098,0.0006,1,stop,0.0,,0.0,0,0,1
25.915,533.0,820.0,386.0,1048.0,-0.3619,0.0479,-0.2006,-0.1983,-0.1994,,SAFE_STOP,大转后直线脱离仍未改善，停车等待,front,-0.4098,-0.0022,1,stop,0.0,,0.0,0,0,1
25.935,533.0,820.0,386.0,1047.0,-0.3619,0.0479,-0.2006,-0.1983,-0.1994,,SAFE_STOP,大转后直线脱离仍未改善，停车等待,front,-0.4098,-0.0022,1,stop,0.0,,0.0,0,0,1
25.956,532.0,821.0,385.0,1046.0,-0.3619,0.0479,-0.2006,-0.2004,-0.2005,,SAFE_STOP,大转后直线脱离仍未改善，停车等待,front,-0.4098,-0.0001,1,stop,0.0,,0.0,0,0,1
25.976,533.0,820.0,386.0,1048.0,-0.3619,0.0479,-0.2006,-0.2004,-0.2005,,SAFE_STOP,大转后直线脱离仍未改善，停车等待,front,-0.4098,-0.0001,1,stop,0.0,,0.0,0,0,1
25.996,533.0,820.0,386.0,1046.0,-0.3619,0.0479,-0.2006,-0.2025,-0.2015,,SAFE_STOP,大转后直线脱离仍未改善，停车等待,front,-0.4098,0.0019,1,stop,0.0,,0.0,0,0,1
26.016,533.0,820.0,386.0,1048.0,-0.3619,0.0479,-0.2006,-0.1983,-0.1994,,SAFE_STOP,大转后直线脱离仍未改善，停车等待,front,-0.4098,-0.0022,1,stop,0.0,,0.0,0,0,1
26.036,533.0,819.0,386.0,1045.0,-0.3619,0.0479,-0.2006,-0.2025,-0.2015,,SAFE_STOP,大转后直线脱离仍未改善，停车等待,front,-0.4098,0.0019,1,stop,0.0,,0.0,0,0,1
26.056,532.0,821.0,386.0,1048.0,-0.3619,0.0479,-0.2006,-0.1983,-0.1994,,SAFE_STOP,大转后直线脱离仍未改善，停车等待,front,-0.4098,-0.0022,1,stop,0.0,,0.0,0,0,1
26.076,534.0,821.0,386.0,1048.0,-0.3619,0.0501,-0.2006,-0.1983,-0.1994,,SAFE_STOP,大转后直线脱离仍未改善，停车等待,front,-0.412,-0.0022,1,stop,0.0,,0.0,0,0,1
26.097,532.0,821.0,385.0,1046.0,-0.3646,0.0501,-0.2006,-0.1983,-0.1994,,SAFE_STOP,大转后直线脱离仍未改善，停车等待,front,-0.4147,-0.0022,1,stop,0.0,,0.0,0,0,1
26.117,532.0,821.0,386.0,1048.0,-0.3646,0.0501,-0.2006,-0.1983,-0.1994,,SAFE_STOP,大转后直线脱离仍未改善，停车等待,front,-0.4147,-0.0022,1,stop,0.0,,0.0,0,0,1
26.137,532.0,820.0,385.0,1046.0,-0.3646,0.0501,-0.2033,-0.2025,-0.2029,,SAFE_STOP,大转后直线脱离仍未改善，停车等待,front,-0.4147,-0.0008,1,stop,0.0,,0.0,0,0,1
26.157,531.0,820.0,386.0,1047.0,-0.3646,0.0479,-0.2006,-0.2004,-0.2005,,SAFE_STOP,大转后直线脱离仍未改善，停车等待,front,-0.4126,-0.0001,1,stop,0.0,,0.0,0,0,1
26.177,532.0,822.0,386.0,1047.0,-0.3646,0.0479,-0.2006,-0.2004,-0.2005,,SAFE_STOP,大转后直线脱离仍未改善，停车等待,front,-0.4126,-0.0001,1,stop,0.0,,0.0,0,0,1
26.197,532.0,820.0,386.0,1048.0,-0.3646,0.0479,-0.2006,-0.2004,-0.2005,,SAFE_STOP,大转后直线脱离仍未改善，停车等待,front,-0.4126,-0.0001,1,stop,0.0,,0.0,0,0,1
26.217,532.0,820.0,386.0,1047.0,-0.3646,0.0479,-0.2006,-0.2004,-0.2005,,SAFE_STOP,大转后直线脱离仍未改善，停车等待,front,-0.4126,-0.0001,1,stop,0.0,,0.0,0,0,1
26.237,533.0,822.0,387.0,1048.0,-0.3646,0.0479,-0.2006,-0.1983,-0.1994,,SAFE_STOP,大转后直线脱离仍未改善，停车等待,front,-0.4126,-0.0022,1,stop,0.0,,0.0,0,0,1
26.257,533.0,821.0,387.0,1049.0,-0.3619,0.0501,-0.1978,-0.1983,-0.1981,,SAFE_STOP,大转后直线脱离仍未改善，停车等待,front,-0.412,0.0006,1,stop,0.0,,0.0,0,0,1
26.277,533.0,821.0,386.0,1048.0,-0.3619,0.0501,-0.1978,-0.1983,-0.1981,,SAFE_STOP,大转后直线脱离仍未改善，停车等待,front,-0.412,0.0006,1,stop,0.0,,0.0,0,0,1
26.298,533.0,821.0,386.0,1049.0,-0.3619,0.0501,-0.2006,-0.1962,-0.1984,,SAFE_STOP,大转后直线脱离仍未改善，停车等待,front,-0.412,-0.0043,1,stop,0.0,,0.0,0,0,1
26.318,533.0,821.0,386.0,1049.0,-0.3619,0.0501,-0.2006,-0.1962,-0.1984,,SAFE_STOP,大转后直线脱离仍未改善，停车等待,front,-0.412,-0.0043,1,stop,0.0,,0.0,0,0,1
26.338,533.0,821.0,386.0,1048.0,-0.3619,0.0501,-0.2006,-0.1962,-0.1984,,SAFE_STOP,大转后直线脱离仍未改善，停车等待,front,-0.412,-0.0043,1,stop,0.0,,0.0,0,0,1
26.358,533.0,820.0,386.0,1049.0,-0.3619,0.0501,-0.2006,-0.1962,-0.1984,,SAFE_STOP,大转后直线脱离仍未改善，停车等待,front,-0.412,-0.0043,1,stop,0.0,,0.0,0,0,1
26.378,533.0,820.0,386.0,1049.0,-0.3619,0.0479,-0.2006,-0.1962,-0.1984,,SAFE_STOP,大转后直线脱离仍未改善，停车等待,front,-0.4098,-0.0043,1,stop,0.0,,0.0,0,0,1
26.398,533.0,820.0,386.0,1048.0,-0.3619,0.0479,-0.2006,-0.1962,-0.1984,,SAFE_STOP,大转后直线脱离仍未改善，停车等待,front,-0.4098,-0.0043,1,stop,0.0,,0.0,0,0,1
26.418,534.0,821.0,386.0,1048.0,-0.3619,0.0479,-0.2006,-0.1983,-0.1994,,SAFE_STOP,大转后直线脱离仍未改善，停车等待,front,-0.4098,-0.0022,1,stop,0.0,,0.0,0,0,1
26.438,533.0,820.0,386.0,1048.0,-0.3619,0.0479,-0.2006,-0.1983,-0.1994,,SAFE_STOP,大转后直线脱离仍未改善，停车等待,front,-0.4098,-0.0022,1,stop,0.0,,0.0,0,0,1
26.458,534.0,820.0,385.0,1048.0,-0.3592,0.0479,-0.2006,-0.1983,-0.1994,,SAFE_STOP,大转后直线脱离仍未改善，停车等待,front,-0.4071,-0.0022,1,stop,0.0,,0.0,0,0,1
26.479,533.0,819.0,386.0,1048.0,-0.3619,0.0479,-0.2006,-0.1983,-0.1994,,SAFE_STOP,大转后直线脱离仍未改善，停车等待,front,-0.4098,-0.0022,1,stop,0.0,,0.0,0,0,1
26.499,534.0,821.0,386.0,1049.0,-0.3592,0.0479,-0.2006,-0.1983,-0.1994,,SAFE_STOP,大转后直线脱离仍未改善，停车等待,front,-0.4071,-0.0022,1,stop,0.0,,0.0,0,0,1
26.519,534.0,821.0,386.0,1048.0,-0.3592,0.0501,-0.2006,-0.1983,-0.1994,,SAFE_STOP,大转后直线脱离仍未改善，停车等待,front,-0.4093,-0.0022,1,stop,0.0,,0.0,0,0,1
26.539,533.0,820.0,386.0,1048.0,-0.3592,0.0501,-0.2006,-0.1983,-0.1994,,SAFE_STOP,大转后直线脱离仍未改善，停车等待,front,-0.4093,-0.0022,1,stop,0.0,,0.0,0,0,1
26.559,534.0,819.0,386.0,1048.0,-0.3592,0.0479,-0.2006,-0.1983,-0.1994,,SAFE_STOP,大转后直线脱离仍未改善，停车等待,front,-0.4071,-0.0022,1,stop,0.0,,0.0,0,0,1
26.579,534.0,821.0,386.0,1048.0,-0.3592,0.0479,-0.2006,-0.1983,-0.1994,,SAFE_STOP,大转后直线脱离仍未改善，停车等待,front,-0.4071,-0.0022,1,stop,0.0,,0.0,0,0,1
26.599,535.0,821.0,386.0,1050.0,-0.3592,0.0501,-0.2006,-0.1983,-0.1994,,SAFE_STOP,大转后直线脱离仍未改善，停车等待,front,-0.4093,-0.0022,1,stop,0.0,,0.0,0,0,1
26.619,535.0,821.0,386.0,1050.0,-0.3565,0.0501,-0.2006,-0.1942,-0.1974,,SAFE_STOP,大转后直线脱离仍未改善，停车等待,front,-0.4066,-0.0064,1,stop,0.0,,0.0,0,0,1
26.639,534.0,819.0,385.0,1048.0,-0.3565,0.0501,-0.2006,-0.1942,-0.1974,,SAFE_STOP,大转后直线脱离仍未改善，停车等待,front,-0.4066,-0.0064,1,stop,0.0,,0.0,0,0,1
26.659,534.0,821.0,386.0,1050.0,-0.3592,0.0501,-0.2006,-0.1942,-0.1974,,SAFE_STOP,大转后直线脱离仍未改善，停车等待,front,-0.4093,-0.0064,1,stop,0.0,,0.0,0,0,1
26.68,535.0,821.0,386.0,1050.0,-0.3592,0.0501,-0.2006,-0.1942,-0.1974,,SAFE_STOP,大转后直线脱离仍未改善，停车等待,front,-0.4093,-0.0064,1,stop,0.0,,0.0,0,0,1
26.7,535.0,821.0,386.0,1050.0,-0.3565,0.0501,-0.2006,-0.1942,-0.1974,,SAFE_STOP,大转后直线脱离仍未改善，停车等待,front,-0.4066,-0.0064,1,stop,0.0,,0.0,0,0,1
26.72,534.0,821.0,386.0,1049.0,-0.3565,0.0501,-0.2006,-0.1942,-0.1974,,SAFE_STOP,大转后直线脱离仍未改善，停车等待,front,-0.4066,-0.0064,1,stop,0.0,,0.0,0,0,1
26.74,535.0,820.0,386.0,1049.0,-0.3565,0.0501,-0.2006,-0.1962,-0.1984,,SAFE_STOP,大转后直线脱离仍未改善，停车等待,front,-0.4066,-0.0043,1,stop,0.0,,0.0,0,0,1
26.76,535.0,821.0,385.0,1048.0,-0.3565,0.0501,-0.2006,-0.1962,-0.1984,,SAFE_STOP,大转后直线脱离仍未改善，停车等待,front,-0.4066,-0.0043,1,stop,0.0,,0.0,0,0,1
26.78,534.0,821.0,386.0,1048.0,-0.3565,0.0501,-0.2006,-0.1983,-0.1994,,SAFE_STOP,大转后直线脱离仍未改善，停车等待,front,-0.4066,-0.0022,1,stop,0.0,,0.0,0,0,1
26.8,534.0,820.0,385.0,1047.0,-0.3592,0.0501,-0.2033,-0.1983,-0.2008,,SAFE_STOP,大转后直线脱离仍未改善，停车等待,front,-0.4093,-0.005,1,stop,0.0,,0.0,0,0,1
26.82,533.0,820.0,386.0,1050.0,-0.3592,0.0479,-0.2006,-0.1983,-0.1994,,SAFE_STOP,大转后直线脱离仍未改善，停车等待,front,-0.4071,-0.0022,1,stop,0.0,,0.0,0,0,1
26.841,535.0,822.0,387.0,1049.0,-0.3592,0.0479,-0.2006,-0.1962,-0.1984,,SAFE_STOP,大转后直线脱离仍未改善，停车等待,front,-0.4071,-0.0043,1,stop,0.0,,0.0,0,0,1
26.861,534.0,821.0,386.0,1049.0,-0.3592,0.0501,-0.2006,-0.1962,-0.1984,,SAFE_STOP,大转后直线脱离仍未改善，停车等待,front,-0.4093,-0.0043,1,stop,0.0,,0.0,0,0,1
26.881,534.0,821.0,386.0,1049.0,-0.3592,0.0501,-0.2006,-0.1962,-0.1984,,SAFE_STOP,大转后直线脱离仍未改善，停车等待,front,-0.4093,-0.0043,1,stop,0.0,,0.0,0,0,1
26.901,533.0,821.0,386.0,1048.0,-0.3592,0.0501,-0.2006,-0.1962,-0.1984,,SAFE_STOP,大转后直线脱离仍未改善，停车等待,front,-0.4093,-0.0043,1,stop,0.0,,0.0,0,0,1
26.921,534.0,821.0,386.0,1048.0,-0.3592,0.0501,-0.2006,-0.1983,-0.1994,,SAFE_STOP,大转后直线脱离仍未改善，停车等待,front,-0.4093,-0.0022,1,stop,0.0,,0.0,0,0,1
26.941,534.0,822.0,385.0,1048.0,-0.3592,0.0501,-0.2006,-0.1983,-0.1994,,SAFE_STOP,大转后直线脱离仍未改善，停车等待,front,-0.4093,-0.0022,1,stop,0.0,,0.0,0,0,1
26.961,533.0,820.0,385.0,1048.0,-0.3592,0.0501,-0.2033,-0.1983,-0.2008,,SAFE_STOP,大转后直线脱离仍未改善，停车等待,front,-0.4093,-0.005,1,stop,0.0,,0.0,0,0,1
26.981,534.0,822.0,386.0,1049.0,-0.3592,0.0523,-0.2033,-0.1983,-0.2008,,SAFE_STOP,大转后直线脱离仍未改善，停车等待,front,-0.4115,-0.005,1,stop,0.0,,0.0,0,0,1
27.001,533.0,822.0,386.0,1049.0,-0.3619,0.0523,-0.2006,-0.1962,-0.1984,,SAFE_STOP,大转后直线脱离仍未改善，停车等待,front,-0.4142,-0.0043,1,stop,0.0,,0.0,0,0,1
27.021,534.0,821.0,386.0,1049.0,-0.3592,0.0523,-0.2006,-0.1962,-0.1984,,SAFE_STOP,大转后直线脱离仍未改善，停车等待,front,-0.4115,-0.0043,1,stop,0.0,,0.0,0,0,1
27.042,534.0,820.0,385.0,1048.0,-0.3592,0.0501,-0.2006,-0.1962,-0.1984,,SAFE_STOP,大转后直线脱离仍未改善，停车等待,front,-0.4093,-0.0043,1,stop,0.0,,0.0,0,0,1
27.062,534.0,822.0,386.0,1050.0,-0.3592,0.0501,-0.2006,-0.1962,-0.1984,,SAFE_STOP,大转后直线脱离仍未改善，停车等待,front,-0.4093,-0.0043,1,stop,0.0,,0.0,0,0,1
27.082,534.0,821.0,386.0,1049.0,-0.3592,0.0501,-0.2006,-0.1962,-0.1984,,SAFE_STOP,大转后直线脱离仍未改善，停车等待,front,-0.4093,-0.0043,1,stop,0.0,,0.0,0,0,1
27.102,534.0,821.0,386.0,1049.0,-0.3592,0.0501,-0.2006,-0.1962,-0.1984,,SAFE_STOP,大转后直线脱离仍未改善，停车等待,front,-0.4093,-0.0043,1,stop,0.0,,0.0,0,0,1
27.122,534.0,822.0,386.0,1049.0,-0.3592,0.0501,-0.2006,-0.1962,-0.1984,,SAFE_STOP,大转后直线脱离仍未改善，停车等待,front,-0.4093,-0.0043,1,stop,0.0,,0.0,0,0,1
27.142,533.0,820.0,386.0,1048.0,-0.3592,0.0501,-0.2006,-0.1962,-0.1984,,SAFE_STOP,大转后直线脱离仍未改善，停车等待,front,-0.4093,-0.0043,1,stop,0.0,,0.0,0,0,1
27.162,534.0,821.0,386.0,1049.0,-0.3592,0.0501,-0.2006,-0.1962,-0.1984,,SAFE_STOP,大转后直线脱离仍未改善，停车等待,front,-0.4093,-0.0043,1,stop,0.0,,0.0,0,0,1
27.182,534.0,820.0,386.0,1048.0,-0.3592,0.0479,-0.2006,-0.1983,-0.1994,,SAFE_STOP,大转后直线脱离仍未改善，停车等待,front,-0.4071,-0.0022,1,stop,0.0,,0.0,0,0,1
27.202,534.0,820.0,384.0,1045.0,-0.3592,0.0479,-0.2006,-0.1983,-0.1994,,SAFE_STOP,大转后直线脱离仍未改善，停车等待,front,-0.4071,-0.0022,1,stop,0.0,,0.0,0,0,1
27.222,533.0,821.0,386.0,1049.0,-0.3592,0.0479,-0.2006,-0.1983,-0.1994,,SAFE_STOP,大转后直线脱离仍未改善，停车等待,front,-0.4071,-0.0022,1,stop,0.0,,0.0,0,0,1
27.243,532.0,820.0,385.0,1046.0,-0.3619,0.0479,-0.2033,-0.2025,-0.2029,,SAFE_STOP,大转后直线脱离仍未改善，停车等待,front,-0.4098,-0.0008,1,stop,0.0,,0.0,0,0,1
27.263,532.0,819.0,386.0,1045.0,-0.3646,0.0479,-0.2006,-0.2025,-0.2015,,SAFE_STOP,大转后直线脱离仍未改善，停车等待,front,-0.4126,0.0019,1,stop,0.0,,0.0,0,0,1
27.283,534.0,821.0,386.0,1048.0,-0.3646,0.0479,-0.2006,-0.2025,-0.2015,,SAFE_STOP,大转后直线脱离仍未改善，停车等待,front,-0.4126,0.0019,1,stop,0.0,,0.0,0,0,1
27.303,533.0,820.0,387.0,1048.0,-0.3619,0.0479,-0.2006,-0.1983,-0.1994,,SAFE_STOP,大转后直线脱离仍未改善，停车等待,front,-0.4098,-0.0022,1,stop,0.0,,0.0,0,0,1
27.323,532.0,821.0,385.0,1048.0,-0.3619,0.0501,-0.2006,-0.1983,-0.1994,,SAFE_STOP,大转后直线脱离仍未改善，停车等待,front,-0.412,-0.0022,1,stop,0.0,,0.0,0,0,1
27.343,531.0,820.0,386.0,1048.0,-0.3646,0.0479,-0.2006,-0.1983,-0.1994,,SAFE_STOP,大转后直线脱离仍未改善，停车等待,front,-0.4126,-0.0022,1,stop,0.0,,0.0,0,0,1
27.363,533.0,821.0,385.0,1048.0,-0.3646,0.0501,-0.2033,-0.1983,-0.2008,,SAFE_STOP,大转后直线脱离仍未改善，停车等待,front,-0.4147,-0.005,1,stop,0.0,,0.0,0,0,1
27.383,534.0,821.0,386.0,1049.0,-0.3619,0.0501,-0.2006,-0.1983,-0.1994,,SAFE_STOP,大转后直线脱离仍未改善，停车等待,front,-0.412,-0.0022,1,stop,0.0,,0.0,0,0,1
27.403,532.0,820.0,384.0,1046.0,-0.3619,0.0501,-0.2033,-0.1983,-0.2008,,SAFE_STOP,大转后直线脱离仍未改善，停车等待,front,-0.412,-0.005,1,stop,0.0,,0.0,0,0,1
27.423,534.0,822.0,386.0,1048.0,-0.3592,0.0501,-0.2006,-0.1983,-0.1994,,SAFE_STOP,大转后直线脱离仍未改善，停车等待,front,-0.4093,-0.0022,1,stop,0.0,,0.0,0,0,1
27.444,534.0,821.0,386.0,1049.0,-0.3592,0.0501,-0.2006,-0.1983,-0.1994,,SAFE_STOP,大转后直线脱离仍未改善，停车等待,front,-0.4093,-0.0022,1,stop,0.0,,0.0,0,0,1
27.464,533.0,821.0,385.0,1047.0,-0.3592,0.0501,-0.2006,-0.1983,-0.1994,,SAFE_STOP,大转后直线脱离仍未改善，停车等待,front,-0.4093,-0.0022,1,stop,0.0,,0.0,0,0,1
27.484,534.0,822.0,386.0,1048.0,-0.3592,0.0501,-0.2006,-0.1983,-0.1994,,SAFE_STOP,大转后直线脱离仍未改善，停车等待,front,-0.4093,-0.0022,1,stop,0.0,,0.0,0,0,1
27.504,534.0,821.0,386.0,1048.0,-0.3592,0.0501,-0.2006,-0.1983,-0.1994,,SAFE_STOP,大转后直线脱离仍未改善，停车等待,front,-0.4093,-0.0022,1,stop,0.0,,0.0,0,0,1
27.524,534.0,821.0,386.0,1048.0,-0.3592,0.0501,-0.2006,-0.1983,-0.1994,,SAFE_STOP,大转后直线脱离仍未改善，停车等待,front,-0.4093,-0.0022,1,stop,0.0,,0.0,0,0,1
27.544,533.0,821.0,385.0,1048.0,-0.3592,0.0501,-0.2006,-0.1983,-0.1994,,SAFE_STOP,大转后直线脱离仍未改善，停车等待,front,-0.4093,-0.0022,1,stop,0.0,,0.0,0,0,1
27.564,534.0,822.0,386.0,1048.0,-0.3592,0.0501,-0.2006,-0.1983,-0.1994,,SAFE_STOP,大转后直线脱离仍未改善，停车等待,front,-0.4093,-0.0022,1,stop,0.0,,0.0,0,0,1
27.584,532.0,820.0,385.0,1045.0,-0.3619,0.0501,-0.2033,-0.1983,-0.2008,,SAFE_STOP,大转后直线脱离仍未改善，停车等待,front,-0.412,-0.005,1,stop,0.0,,0.0,0,0,1
27.604,533.0,820.0,385.0,1047.0,-0.3619,0.0479,-0.2033,-0.2004,-0.2019,,SAFE_STOP,大转后直线脱离仍未改善，停车等待,front,-0.4098,-0.0029,1,stop,0.0,,0.0,0,0,1
27.625,534.0,820.0,386.0,1049.0,-0.3619,0.0479,-0.2033,-0.2004,-0.2019,,SAFE_STOP,大转后直线脱离仍未改善，停车等待,front,-0.4098,-0.0029,1,stop,0.0,,0.0,0,0,1
27.645,534.0,822.0,386.0,1049.0,-0.3592,0.0479,-0.2006,-0.1962,-0.1984,,SAFE_STOP,大转后直线脱离仍未改善，停车等待,front,-0.4071,-0.0043,1,stop,0.0,,0.0,0,0,1
27.665,532.0,821.0,386.0,1048.0,-0.3592,0.0501,-0.2006,-0.1962,-0.1984,,SAFE_STOP,大转后直线脱离仍未改善，停车等待,front,-0.4093,-0.0043,1,stop,0.0,,0.0,0,0,1
27.685,534.0,822.0,386.0,1049.0,-0.3592,0.0523,-0.2006,-0.1962,-0.1984,,SAFE_STOP,大转后直线脱离仍未改善，停车等待,front,-0.4115,-0.0043,1,stop,0.0,,0.0,0,0,1
27.705,534.0,821.0,387.0,1049.0,-0.3592,0.0501,-0.2006,-0.1962,-0.1984,,SAFE_STOP,大转后直线脱离仍未改善，停车等待,front,-0.4093,-0.0043,1,stop,0.0,,0.0,0,0,1
27.725,533.0,821.0,386.0,1048.0,-0.3592,0.0501,-0.2006,-0.1962,-0.1984,,SAFE_STOP,大转后直线脱离仍未改善，停车等待,front,-0.4093,-0.0043,1,stop,0.0,,0.0,0,0,1
27.745,533.0,821.0,385.0,1046.0,-0.3619,0.0501,-0.2006,-0.1983,-0.1994,,SAFE_STOP,大转后直线脱离仍未改善，停车等待,front,-0.412,-0.0022,1,stop,0.0,,0.0,0,0,1
27.765,532.0,821.0,386.0,1048.0,-0.3619,0.0501,-0.2006,-0.1983,-0.1994,,SAFE_STOP,大转后直线脱离仍未改善，停车等待,front,-0.412,-0.0022,1,stop,0.0,,0.0,0,0,1
27.785,534.0,821.0,386.0,1048.0,-0.3619,0.0501,-0.2006,-0.1983,-0.1994,,SAFE_STOP,大转后直线脱离仍未改善，停车等待,front,-0.412,-0.0022,1,stop,0.0,,0.0,0,0,1
27.805,534.0,822.0,386.0,1048.0,-0.3592,0.0501,-0.2006,-0.1983,-0.1994,,SAFE_STOP,大转后直线脱离仍未改善，停车等待,front,-0.4093,-0.0022,1,stop,0.0,,0.0,0,0,1
27.826,534.0,822.0,386.0,1050.0,-0.3592,0.0523,-0.2006,-0.1983,-0.1994,,SAFE_STOP,大转后直线脱离仍未改善，停车等待,front,-0.4115,-0.0022,1,stop,0.0,,0.0,0,0,1
27.846,534.0,822.0,386.0,1049.0,-0.3592,0.0523,-0.2006,-0.1962,-0.1984,,SAFE_STOP,大转后直线脱离仍未改善，停车等待,front,-0.4115,-0.0043,1,stop,0.0,,0.0,0,0,1
27.866,533.0,822.0,386.0,1048.0,-0.3592,0.0523,-0.2006,-0.1962,-0.1984,,SAFE_STOP,大转后直线脱离仍未改善，停车等待,front,-0.4115,-0.0043,1,stop,0.0,,0.0,0,0,1
27.886,535.0,822.0,386.0,1049.0,-0.3592,0.0523,-0.2006,-0.1962,-0.1984,,SAFE_STOP,大转后直线脱离仍未改善，停车等待,front,-0.4115,-0.0043,1,stop,0.0,,0.0,0,0,1
27.906,534.0,822.0,386.0,1049.0,-0.3592,0.0523,-0.2006,-0.1962,-0.1984,,SAFE_STOP,大转后直线脱离仍未改善，停车等待,front,-0.4115,-0.0043,1,stop,0.0,,0.0,0,0,1
27.926,533.0,821.0,386.0,1048.0,-0.3592,0.0523,-0.2006,-0.1962,-0.1984,,SAFE_STOP,大转后直线脱离仍未改善，停车等待,front,-0.4115,-0.0043,1,stop,0.0,,0.0,0,0,1
27.946,533.0,821.0,386.0,1048.0,-0.3619,0.0501,-0.2006,-0.1983,-0.1994,,SAFE_STOP,大转后直线脱离仍未改善，停车等待,front,-0.412,-0.0022,1,stop,0.0,,0.0,0,0,1
27.966,534.0,822.0,387.0,1049.0,-0.3619,0.0501,-0.2006,-0.1983,-0.1994,,SAFE_STOP,大转后直线脱离仍未改善，停车等待,front,-0.412,-0.0022,1,stop,0.0,,0.0,0,0,1
27.986,533.0,822.0,386.0,1048.0,-0.3619,0.0523,-0.2006,-0.1983,-0.1994,,SAFE_STOP,大转后直线脱离仍未改善，停车等待,front,-0.4142,-0.0022,1,stop,0.0,,0.0,0,0,1
28.006,534.0,822.0,386.0,1049.0,-0.3592,0.0523,-0.2006,-0.1962,-0.1984,,SAFE_STOP,大转后直线脱离仍未改善，停车等待,front,-0.4115,-0.0043,1,stop,0.0,,0.0,0,0,1
28.027,533.0,822.0,386.0,1048.0,-0.3619,0.0523,-0.2006,-0.1983,-0.1994,,SAFE_STOP,大转后直线脱离仍未改善，停车等待,front,-0.4142,-0.0022,1,stop,0.0,,0.0,0,0,1
28.047,534.0,823.0,386.0,1049.0,-0.3592,0.0523,-0.2006,-0.1962,-0.1984,,SAFE_STOP,大转后直线脱离仍未改善，停车等待,front,-0.4115,-0.0043,1,stop,0.0,,0.0,0,0,1
28.067,533.0,822.0,386.0,1048.0,-0.3619,0.0523,-0.2006,-0.1983,-0.1994,,SAFE_STOP,大转后直线脱离仍未改善，停车等待,front,-0.4142,-0.0022,1,stop,0.0,,0.0,0,0,1
28.087,533.0,822.0,386.0,1048.0,-0.3619,0.0523,-0.2006,-0.1983,-0.1994,,SAFE_STOP,大转后直线脱离仍未改善，停车等待,front,-0.4142,-0.0022,1,stop,0.0,,0.0,0,0,1
28.107,533.0,821.0,384.0,1048.0,-0.3619,0.0523,-0.2006,-0.1983,-0.1994,,SAFE_STOP,大转后直线脱离仍未改善，停车等待,front,-0.4142,-0.0022,1,stop,0.0,,0.0,0,0,1
28.127,533.0,822.0,386.0,1048.0,-0.3619,0.0523,-0.2006,-0.1983,-0.1994,,SAFE_STOP,大转后直线脱离仍未改善，停车等待,front,-0.4142,-0.0022,1,stop,0.0,,0.0,0,0,1
28.147,533.0,822.0,386.0,1049.0,-0.3619,0.0523,-0.2006,-0.1983,-0.1994,,SAFE_STOP,大转后直线脱离仍未改善，停车等待,front,-0.4142,-0.0022,1,stop,0.0,,0.0,0,0,1
28.167,533.0,819.0,385.0,1046.0,-0.3619,0.0523,-0.2006,-0.1983,-0.1994,,SAFE_STOP,大转后直线脱离仍未改善，停车等待,front,-0.4142,-0.0022,1,stop,0.0,,0.0,0,0,1
28.187,533.0,821.0,386.0,1048.0,-0.3619,0.0501,-0.2006,-0.1983,-0.1994,,SAFE_STOP,大转后直线脱离仍未改善，停车等待,front,-0.412,-0.0022,1,stop,0.0,,0.0,0,0,1
28.208,533.0,822.0,386.0,1049.0,-0.3619,0.0501,-0.2006,-0.1983,-0.1994,,SAFE_STOP,大转后直线脱离仍未改善，停车等待,front,-0.412,-0.0022,1,stop,0.0,,0.0,0,0,1
28.228,533.0,821.0,386.0,1048.0,-0.3619,0.0501,-0.2006,-0.1983,-0.1994,,SAFE_STOP,大转后直线脱离仍未改善，停车等待,front,-0.412,-0.0022,1,stop,0.0,,0.0,0,0,1
28.248,534.0,822.0,386.0,1048.0,-0.3619,0.0523,-0.2006,-0.1983,-0.1994,,SAFE_STOP,大转后直线脱离仍未改善，停车等待,front,-0.4142,-0.0022,1,stop,0.0,,0.0,0,0,1
28.268,532.0,822.0,386.0,1047.0,-0.3619,0.0523,-0.2006,-0.1983,-0.1994,,SAFE_STOP,大转后直线脱离仍未改善，停车等待,front,-0.4142,-0.0022,1,stop,0.0,,0.0,0,0,1
28.288,532.0,820.0,387.0,1046.0,-0.3646,0.0523,-0.2006,-0.2004,-0.2005,,SAFE_STOP,大转后直线脱离仍未改善，停车等待,front,-0.4169,-0.0001,1,stop,0.0,,0.0,0,0,1
28.308,533.0,821.0,385.0,1048.0,-0.3646,0.0501,-0.2006,-0.2004,-0.2005,,SAFE_STOP,大转后直线脱离仍未改善，停车等待,front,-0.4147,-0.0001,1,stop,0.0,,0.0,0,0,1
28.328,533.0,821.0,386.0,1048.0,-0.3619,0.0501,-0.2006,-0.1983,-0.1994,,SAFE_STOP,大转后直线脱离仍未改善，停车等待,front,-0.412,-0.0022,1,stop,0.0,,0.0,0,0,1
28.348,533.0,821.0,386.0,1048.0,-0.3619,0.0501,-0.2006,-0.1983,-0.1994,,SAFE_STOP,大转后直线脱离仍未改善，停车等待,front,-0.412,-0.0022,1,stop,0.0,,0.0,0,0,1
28.368,531.0,821.0,386.0,1047.0,-0.3619,0.0501,-0.2006,-0.1983,-0.1994,,SAFE_STOP,大转后直线脱离仍未改善，停车等待,front,-0.412,-0.0022,1,stop,0.0,,0.0,0,0,1
28.389,533.0,822.0,386.0,1048.0,-0.3619,0.0501,-0.2006,-0.1983,-0.1994,,SAFE_STOP,大转后直线脱离仍未改善，停车等待,front,-0.412,-0.0022,1,stop,0.0,,0.0,0,0,1
28.409,532.0,820.0,385.0,1048.0,-0.3646,0.0501,-0.2006,-0.1983,-0.1994,,SAFE_STOP,大转后直线脱离仍未改善，停车等待,front,-0.4147,-0.0022,1,stop,0.0,,0.0,0,0,1
28.429,532.0,821.0,386.0,1048.0,-0.3646,0.0501,-0.2006,-0.1983,-0.1994,,SAFE_STOP,大转后直线脱离仍未改善，停车等待,front,-0.4147,-0.0022,1,stop,0.0,,0.0,0,0,1
28.449,532.0,820.0,386.0,1048.0,-0.3646,0.0479,-0.2006,-0.1983,-0.1994,,SAFE_STOP,大转后直线脱离仍未改善，停车等待,front,-0.4126,-0.0022,1,stop,0.0,,0.0,0,0,1
28.469,532.0,820.0,385.0,1047.0,-0.3646,0.0479,-0.2006,-0.1983,-0.1994,,SAFE_STOP,大转后直线脱离仍未改善，停车等待,front,-0.4126,-0.0022,1,stop,0.0,,0.0,0,0,1
28.489,534.0,821.0,386.0,1048.0,-0.3646,0.0479,-0.2006,-0.1983,-0.1994,,SAFE_STOP,大转后直线脱离仍未改善，停车等待,front,-0.4126,-0.0022,1,stop,0.0,,0.0,0,0,1
28.509,532.0,820.0,385.0,1046.0,-0.3646,0.0479,-0.2033,-0.2004,-0.2019,,SAFE_STOP,大转后直线脱离仍未改善，停车等待,front,-0.4126,-0.0029,1,stop,0.0,,0.0,0,0,1
28.529,532.0,820.0,385.0,1047.0,-0.3646,0.0479,-0.2033,-0.2004,-0.2019,,SAFE_STOP,大转后直线脱离仍未改善，停车等待,front,-0.4126,-0.0029,1,stop,0.0,,0.0,0,0,1
28.55,532.0,821.0,385.0,1048.0,-0.3646,0.0479,-0.2033,-0.2004,-0.2019,,SAFE_STOP,大转后直线脱离仍未改善，停车等待,front,-0.4126,-0.0029,1,stop,0.0,,0.0,0,0,1
28.57,533.0,821.0,386.0,1048.0,-0.3646,0.0501,-0.2033,-0.1983,-0.2008,,SAFE_STOP,大转后直线脱离仍未改善，停车等待,front,-0.4147,-0.005,1,stop,0.0,,0.0,0,0,1
28.59,533.0,821.0,386.0,1048.0,-0.3619,0.0501,-0.2006,-0.1983,-0.1994,,SAFE_STOP,大转后直线脱离仍未改善，停车等待,front,-0.412,-0.0022,1,stop,0.0,,0.0,0,0,1
28.61,533.0,821.0,385.0,1049.0,-0.3619,0.0501,-0.2006,-0.1983,-0.1994,,SAFE_STOP,大转后直线脱离仍未改善，停车等待,front,-0.412,-0.0022,1,stop,0.0,,0.0,0,0,1
28.63,533.0,821.0,385.0,1048.0,-0.3619,0.0501,-0.2033,-0.1983,-0.2008,,SAFE_STOP,大转后直线脱离仍未改善，停车等待,front,-0.412,-0.005,1,stop,0.0,,0.0,0,0,1
28.65,533.0,822.0,386.0,1048.0,-0.3619,0.0501,-0.2033,-0.1983,-0.2008,,SAFE_STOP,大转后直线脱离仍未改善，停车等待,front,-0.412,-0.005,1,stop,0.0,,0.0,0,0,1
28.67,534.0,821.0,386.0,1048.0,-0.3619,0.0501,-0.2006,-0.1983,-0.1994,,SAFE_STOP,大转后直线脱离仍未改善，停车等待,front,-0.412,-0.0022,1,stop,0.0,,0.0,0,0,1
28.69,533.0,822.0,386.0,1049.0,-0.3619,0.0523,-0.2006,-0.1983,-0.1994,,SAFE_STOP,大转后直线脱离仍未改善，停车等待,front,-0.4142,-0.0022,1,stop,0.0,,0.0,0,0,1
28.71,533.0,821.0,385.0,1048.0,-0.3619,0.0501,-0.2006,-0.1983,-0.1994,,SAFE_STOP,大转后直线脱离仍未改善，停车等待,front,-0.412,-0.0022,1,stop,0.0,,0.0,0,0,1
28.731,533.0,820.0,385.0,1047.0,-0.3619,0.0501,-0.2033,-0.1983,-0.2008,,SAFE_STOP,大转后直线脱离仍未改善，停车等待,front,-0.412,-0.005,1,stop,0.0,,0.0,0,0,1
28.751,534.0,821.0,384.0,1047.0,-0.3619,0.0501,-0.2033,-0.2004,-0.2019,,SAFE_STOP,大转后直线脱离仍未改善，停车等待,front,-0.412,-0.0029,1,stop,0.0,,0.0,0,0,1
28.771,534.0,821.0,384.0,1047.0,-0.3592,0.0501,-0.2061,-0.2004,-0.2033,,SAFE_STOP,大转后直线脱离仍未改善，停车等待,front,-0.4093,-0.0057,1,stop,0.0,,0.0,0,0,1
28.791,533.0,822.0,386.0,1049.0,-0.3592,0.0501,-0.2061,-0.2004,-0.2033,,SAFE_STOP,大转后直线脱离仍未改善，停车等待,front,-0.4093,-0.0057,1,stop,0.0,,0.0,0,0,1
28.811,533.0,821.0,384.0,1047.0,-0.3619,0.0501,-0.2061,-0.2004,-0.2033,,SAFE_STOP,大转后直线脱离仍未改善，停车等待,front,-0.412,-0.0057,1,stop,0.0,,0.0,0,0,1
28.831,533.0,822.0,386.0,1049.0,-0.3619,0.0523,-0.2006,-0.1962,-0.1984,,SAFE_STOP,大转后直线脱离仍未改善，停车等待,front,-0.4142,-0.0043,1,stop,0.0,,0.0,0,0,1
28.851,533.0,822.0,386.0,1048.0,-0.3619,0.0523,-0.2006,-0.1983,-0.1994,,SAFE_STOP,大转后直线脱离仍未改善，停车等待,front,-0.4142,-0.0022,1,stop,0.0,,0.0,0,0,1
28.871,534.0,822.0,385.0,1049.0,-0.3619,0.0523,-0.2006,-0.1962,-0.1984,,SAFE_STOP,大转后直线脱离仍未改善，停车等待,front,-0.4142,-0.0043,1,stop,0.0,,0.0,0,0,1
28.891,533.0,821.0,385.0,1048.0,-0.3619,0.0523,-0.2033,-0.1983,-0.2008,,SAFE_STOP,大转后直线脱离仍未改善，停车等待,front,-0.4142,-0.005,1,stop,0.0,,0.0,0,0,1
28.912,533.0,821.0,385.0,1047.0,-0.3619,0.0501,-0.2033,-0.1983,-0.2008,,SAFE_STOP,大转后直线脱离仍未改善，停车等待,front,-0.412,-0.005,1,stop,0.0,,0.0,0,0,1
28.932,533.0,820.0,385.0,1047.0,-0.3619,0.0501,-0.2033,-0.2004,-0.2019,,SAFE_STOP,大转后直线脱离仍未改善，停车等待,front,-0.412,-0.0029,1,stop,0.0,,0.0,0,0,1
28.952,534.0,822.0,386.0,1048.0,-0.3619,0.0501,-0.2033,-0.2004,-0.2019,,SAFE_STOP,大转后直线脱离仍未改善，停车等待,front,-0.412,-0.0029,1,stop,0.0,,0.0,0,0,1
28.972,534.0,822.0,386.0,1049.0,-0.3592,0.0523,-0.2006,-0.1983,-0.1994,,SAFE_STOP,大转后直线脱离仍未改善，停车等待,front,-0.4115,-0.0022,1,stop,0.0,,0.0,0,0,1
28.993,534.0,821.0,386.0,1048.0,-0.3592,0.0523,-0.2006,-0.1983,-0.1994,,SAFE_STOP,大转后直线脱离仍未改善，停车等待,front,-0.4115,-0.0022,1,stop,0.0,,0.0,0,0,1
29.013,533.0,821.0,385.0,1048.0,-0.3592,0.0501,-0.2006,-0.1983,-0.1994,,SAFE_STOP,大转后直线脱离仍未改善，停车等待,front,-0.4093,-0.0022,1,stop,0.0,,0.0,0,0,1
29.033,533.0,821.0,386.0,1048.0,-0.3619,0.0501,-0.2006,-0.1983,-0.1994,,SAFE_STOP,大转后直线脱离仍未改善，停车等待,front,-0.412,-0.0022,1,stop,0.0,,0.0,0,0,1
29.053,533.0,822.0,385.0,1047.0,-0.3619,0.0501,-0.2033,-0.1983,-0.2008,,SAFE_STOP,大转后直线脱离仍未改善，停车等待,front,-0.412,-0.005,1,stop,0.0,,0.0,0,0,1
29.073,533.0,821.0,386.0,1047.0,-0.3619,0.0501,-0.2006,-0.2004,-0.2005,,SAFE_STOP,大转后直线脱离仍未改善，停车等待,front,-0.412,-0.0001,1,stop,0.0,,0.0,0,0,1
29.093,534.0,822.0,386.0,1048.0,-0.3619,0.0523,-0.2006,-0.2004,-0.2005,,SAFE_STOP,大转后直线脱离仍未改善，停车等待,front,-0.4142,-0.0001,1,stop,0.0,,0.0,0,0,1
29.113,534.0,822.0,386.0,1048.0,-0.3592,0.0523,-0.2006,-0.1983,-0.1994,,SAFE_STOP,大转后直线脱离仍未改善，停车等待,front,-0.4115,-0.0022,1,stop,0.0,,0.0,0,0,1
29.133,533.0,822.0,386.0,1048.0,-0.3592,0.0523,-0.2006,-0.1983,-0.1994,,SAFE_STOP,大转后直线脱离仍未改善，停车等待,front,-0.4115,-0.0022,1,stop,0.0,,0.0,0,0,1
29.153,534.0,821.0,386.0,1048.0,-0.3592,0.0523,-0.2006,-0.1983,-0.1994,,SAFE_STOP,大转后直线脱离仍未改善，停车等待,front,-0.4115,-0.0022,1,stop,0.0,,0.0,0,0,1
29.174,534.0,822.0,386.0,1048.0,-0.3592,0.0523,-0.2006,-0.1983,-0.1994,,SAFE_STOP,大转后直线脱离仍未改善，停车等待,front,-0.4115,-0.0022,1,stop,0.0,,0.0,0,0,1
29.194,533.0,822.0,387.0,1048.0,-0.3592,0.0523,-0.2006,-0.1983,-0.1994,,SAFE_STOP,大转后直线脱离仍未改善，停车等待,front,-0.4115,-0.0022,1,stop,0.0,,0.0,0,0,1
29.214,533.0,821.0,386.0,1046.0,-0.3619,0.0523,-0.2006,-0.1983,-0.1994,,SAFE_STOP,大转后直线脱离仍未改善，停车等待,front,-0.4142,-0.0022,1,stop,0.0,,0.0,0,0,1
29.234,533.0,821.0,386.0,1046.0,-0.3619,0.0501,-0.2006,-0.2025,-0.2015,,SAFE_STOP,大转后直线脱离仍未改善，停车等待,front,-0.412,0.0019,1,stop,0.0,,0.0,0,0,1
29.254,533.0,822.0,385.0,1046.0,-0.3619,0.0501,-0.2006,-0.2025,-0.2015,,SAFE_STOP,大转后直线脱离仍未改善，停车等待,front,-0.412,0.0019,1,stop,0.0,,0.0,0,0,1
29.274,533.0,822.0,386.0,1047.0,-0.3619,0.0523,-0.2006,-0.2025,-0.2015,,SAFE_STOP,大转后直线脱离仍未改善，停车等待,front,-0.4142,0.0019,1,stop,0.0,,0.0,0,0,1
29.294,534.0,822.0,386.0,1048.0,-0.3619,0.0523,-0.2006,-0.2004,-0.2005,,SAFE_STOP,大转后直线脱离仍未改善，停车等待,front,-0.4142,-0.0001,1,stop,0.0,,0.0,0,0,1
29.314,533.0,823.0,386.0,1048.0,-0.3619,0.0523,-0.2006,-0.1983,-0.1994,,SAFE_STOP,大转后直线脱离仍未改善，停车等待,front,-0.4142,-0.0022,1,stop,0.0,,0.0,0,0,1
29.334,533.0,822.0,386.0,1048.0,-0.3619,0.0523,-0.2006,-0.1983,-0.1994,,SAFE_STOP,大转后直线脱离仍未改善，停车等待,front,-0.4142,-0.0022,1,stop,0.0,,0.0,0,0,1
29.355,534.0,822.0,386.0,1046.0,-0.3619,0.0523,-0.2006,-0.1983,-0.1994,,SAFE_STOP,大转后直线脱离仍未改善，停车等待,front,-0.4142,-0.0022,1,stop,0.0,,0.0,0,0,1
29.375,531.0,821.0,385.0,1047.0,-0.3619,0.0523,-0.2006,-0.2004,-0.2005,,SAFE_STOP,大转后直线脱离仍未改善，停车等待,front,-0.4142,-0.0001,1,stop,0.0,,0.0,0,0,1
29.395,534.0,823.0,386.0,1048.0,-0.3592,0.0523,-0.2006,-0.2004,-0.2005,,SAFE_STOP,大转后直线脱离仍未改善，停车等待,front,-0.4115,-0.0001,1,stop,0.0,,0.0,0,0,1
29.415,533.0,821.0,385.0,1048.0,-0.3619,0.0501,-0.2033,-0.1983,-0.2008,,SAFE_STOP,大转后直线脱离仍未改善，停车等待,front,-0.412,-0.005,1,stop,0.0,,0.0,0,0,1
29.435,533.0,820.0,385.0,1046.0,-0.3619,0.0501,-0.2033,-0.1983,-0.2008,,SAFE_STOP,大转后直线脱离仍未改善，停车等待,front,-0.412,-0.005,1,stop,0.0,,0.0,0,0,1
29.455,534.0,822.0,386.0,1048.0,-0.3619,0.0501,-0.2033,-0.1983,-0.2008,,SAFE_STOP,大转后直线脱离仍未改善，停车等待,front,-0.412,-0.005,1,stop,0.0,,0.0,0,0,1
29.475,534.0,822.0,386.0,1048.0,-0.3592,0.0523,-0.2006,-0.1983,-0.1994,,SAFE_STOP,大转后直线脱离仍未改善，停车等待,front,-0.4115,-0.0022,1,stop,0.0,,0.0,0,0,1
29.495,533.0,821.0,385.0,1047.0,-0.3592,0.0523,-0.2006,-0.1983,-0.1994,,SAFE_STOP,大转后直线脱离仍未改善，停车等待,front,-0.4115,-0.0022,1,stop,0.0,,0.0,0,0,1
29.516,534.0,821.0,385.0,1048.0,-0.3592,0.0501,-0.2033,-0.1983,-0.2008,,SAFE_STOP,大转后直线脱离仍未改善，停车等待,front,-0.4093,-0.005,1,stop,0.0,,0.0,0,0,1
29.536,533.0,822.0,386.0,1048.0,-0.3619,0.0501,-0.2033,-0.1983,-0.2008,,SAFE_STOP,大转后直线脱离仍未改善，停车等待,front,-0.412,-0.005,1,stop,0.0,,0.0,0,0,1
29.556,533.0,822.0,386.0,1048.0,-0.3619,0.0523,-0.2006,-0.1983,-0.1994,,SAFE_STOP,大转后直线脱离仍未改善，停车等待,front,-0.4142,-0.0022,1,stop,0.0,,0.0,0,0,1
29.576,533.0,821.0,386.0,1048.0,-0.3619,0.0523,-0.2006,-0.1983,-0.1994,,SAFE_STOP,大转后直线脱离仍未改善，停车等待,front,-0.4142,-0.0022,1,stop,0.0,,0.0,0,0,1
29.596,534.0,820.0,385.0,1047.0,-0.3619,0.0501,-0.2006,-0.1983,-0.1994,,SAFE_STOP,大转后直线脱离仍未改善，停车等待,front,-0.412,-0.0022,1,stop,0.0,,0.0,0,0,1
29.616,532.0,820.0,385.0,1046.0,-0.3619,0.0479,-0.2033,-0.2004,-0.2019,,SAFE_STOP,大转后直线脱离仍未改善，停车等待,front,-0.4098,-0.0029,1,stop,0.0,,0.0,0,0,1
29.636,533.0,822.0,386.0,1048.0,-0.3619,0.0479,-0.2033,-0.2004,-0.2019,,SAFE_STOP,大转后直线脱离仍未改善，停车等待,front,-0.4098,-0.0029,1,stop,0.0,,0.0,0,0,1
29.657,533.0,821.0,385.0,1046.0,-0.3619,0.0501,-0.2033,-0.2025,-0.2029,,SAFE_STOP,大转后直线脱离仍未改善，停车等待,front,-0.412,-0.0008,1,stop,0.0,,0.0,0,0,1
29.677,533.0,821.0,385.0,1046.0,-0.3619,0.0501,-0.2033,-0.2025,-0.2029,,SAFE_STOP,大转后直线脱离仍未改善，停车等待,front,-0.412,-0.0008,1,stop,0.0,,0.0,0,0,1
29.697,534.0,822.0,386.0,1048.0,-0.3619,0.0501,-0.2033,-0.2025,-0.2029,,SAFE_STOP,大转后直线脱离仍未改善，停车等待,front,-0.412,-0.0008,1,stop,0.0,,0.0,0,0,1
29.717,532.0,818.0,384.0,1045.0,-0.3619,0.0501,-0.2033,-0.2025,-0.2029,,SAFE_STOP,大转后直线脱离仍未改善，停车等待,front,-0.412,-0.0008,1,stop,0.0,,0.0,0,0,1
29.737,533.0,821.0,386.0,1047.0,-0.3619,0.0501,-0.2006,-0.2004,-0.2005,,SAFE_STOP,大转后直线脱离仍未改善，停车等待,front,-0.412,-0.0001,1,stop,0.0,,0.0,0,0,1
29.757,532.0,820.0,384.0,1045.0,-0.3646,0.0479,-0.2061,-0.2046,-0.2054,,SAFE_STOP,大转后直线脱离仍未改善，停车等待,front,-0.4126,-0.0015,1,stop,0.0,,0.0,0,0,1
29.777,532.0,818.0,384.0,1043.0,-0.3646,0.0479,-0.2061,-0.2046,-0.2054,,SAFE_STOP,大转后直线脱离仍未改善，停车等待,front,-0.4126,-0.0015,1,stop,0.0,,0.0,0,0,1
29.797,532.0,819.0,384.0,1045.0,-0.3646,0.0458,-0.2061,-0.2046,-0.2054,,SAFE_STOP,大转后直线脱离仍未改善，停车等待,front,-0.4104,-0.0015,1,stop,0.0,,0.0,0,0,1
29.818,532.0,819.0,384.0,1044.0,-0.3646,0.0458,-0.2061,-0.2067,-0.2064,,SAFE_STOP,大转后直线脱离仍未改善，停车等待,front,-0.4104,0.0006,1,stop,0.0,,0.0,0,0,1
29.838,532.0,818.0,384.0,1045.0,-0.3646,0.0458,-0.2061,-0.2046,-0.2054,,SAFE_STOP,大转后直线脱离仍未改善，停车等待,front,-0.4104,-0.0015,1,stop,0.0,,0.0,0,0,1
29.858,531.0,817.0,384.0,1043.0,-0.3646,0.0436,-0.2061,-0.2067,-0.2064,,SAFE_STOP,大转后直线脱离仍未改善，停车等待,front,-0.4082,0.0006,1,stop,0.0,,0.0,0,0,1
29.878,531.0,816.0,383.0,1042.0,-0.3673,0.0414,-0.2061,-0.2088,-0.2074,,SAFE_STOP,大转后直线脱离仍未改善，停车等待,front,-0.4087,0.0026,1,stop,0.0,,0.0,0,0,1
29.898,530.0,816.0,383.0,1042.0,-0.3673,0.0392,-0.2089,-0.2109,-0.2099,,SAFE_STOP,大转后直线脱离仍未改善，停车等待,front,-0.4066,0.0019,1,stop,0.0,,0.0,0,0,1
29.918,530.0,817.0,384.0,1042.0,-0.3701,0.0392,-0.2089,-0.2109,-0.2099,,SAFE_STOP,大转后直线脱离仍未改善，停车等待,front,-0.4093,0.0019,1,stop,0.0,,0.0,0,0,1
29.938,530.0,816.0,383.0,1043.0,-0.3701,0.0392,-0.2089,-0.2109,-0.2099,,SAFE_STOP,大转后直线脱离仍未改善，停车等待,front,-0.4093,0.0019,1,stop,0.0,,0.0,0,0,1
29.958,530.0,817.0,382.0,1042.0,-0.3701,0.0414,-0.2089,-0.2109,-0.2099,,SAFE_STOP,大转后直线脱离仍未改善，停车等待,front,-0.4115,0.0019,1,stop,0.0,,0.0,0,0,1
29.978,531.0,817.0,383.0,1042.0,-0.3701,0.0414,-0.2089,-0.2109,-0.2099,,SAFE_STOP,大转后直线脱离仍未改善，停车等待,front,-0.4115,0.0019,1,stop,0.0,,0.0,0,0,1
29.998,530.0,817.0,383.0,1041.0,-0.3701,0.0414,-0.2089,-0.2109,-0.2099,,SAFE_STOP,大转后直线脱离仍未改善，停车等待,front,-0.4115,0.0019,1,stop,0.0,,0.0,0,0,1
30.019,529.0,814.0,382.0,1039.0,-0.3701,0.0414,-0.2089,-0.2129,-0.2109,,SAFE_STOP,大转后直线脱离仍未改善，停车等待,front,-0.4115,0.004,1,stop,0.0,,0.0,0,0,1
30.039,531.0,818.0,383.0,1043.0,-0.3701,0.0414,-0.2089,-0.2129,-0.2109,,SAFE_STOP,大转后直线脱离仍未改善，停车等待,front,-0.4115,0.004,1,stop,0.0,,0.0,0,0,1
30.059,532.0,818.0,384.0,1044.0,-0.3673,0.0436,-0.2089,-0.2088,-0.2088,,SAFE_STOP,大转后直线脱离仍未改善，停车等待,front,-0.4109,-0.0001,1,stop,0.0,,0.0,0,0,1
30.079,532.0,817.0,384.0,1043.0,-0.3646,0.0436,-0.2061,-0.2088,-0.2074,,SAFE_STOP,大转后直线脱离仍未改善，停车等待,front,-0.4082,0.0026,1,stop,0.0,,0.0,0,0,1
30.099,531.0,817.0,383.0,1041.0,-0.3646,0.0414,-0.2061,-0.2088,-0.2074,,SAFE_STOP,大转后直线脱离仍未改善，停车等待,front,-0.406,0.0026,1,stop,0.0,,0.0,0,0,1
30.119,530.0,817.0,384.0,1042.0,-0.3673,0.0414,-0.2061,-0.2109,-0.2085,,SAFE_STOP,大转后直线脱离仍未改善，停车等待,front,-0.4087,0.0047,1,stop,0.0,,0.0,0,0,1
30.139,531.0,817.0,382.0,1041.0,-0.3673,0.0414,-0.2089,-0.2129,-0.2109,,SAFE_STOP,大转后直线脱离仍未改善，停车等待,front,-0.4087,0.004,1,stop,0.0,,0.0,0,0,1
30.159,530.0,815.0,383.0,1040.0,-0.3701,0.0414,-0.2089,-0.2129,-0.2109,,SAFE_STOP,大转后直线脱离仍未改善，停车等待,front,-0.4115,0.004,1,stop,0.0,,0.0,0,0,1
30.179,530.0,818.0,384.0,1043.0,-0.3701,0.0414,-0.2089,-0.2129,-0.2109,,SAFE_STOP,大转后直线脱离仍未改善，停车等待,front,-0.4115,0.004,1,stop,0.0,,0.0,0,0,1
30.199,530.0,816.0,384.0,1041.0,-0.3701,0.0392,-0.2061,-0.2129,-0.2095,,SAFE_STOP,大转后直线脱离仍未改善，停车等待,front,-0.4093,0.0068,1,stop,0.0,,0.0,0,0,1
30.219,531.0,817.0,384.0,1043.0,-0.3701,0.0414,-0.2061,-0.2088,-0.2074,,SAFE_STOP,大转后直线脱离仍未改善，停车等待,front,-0.4115,0.0026,1,stop,0.0,,0.0,0,0,1
30.239,531.0,817.0,384.0,1043.0,-0.3673,0.0414,-0.2061,-0.2088,-0.2074,,SAFE_STOP,大转后直线脱离仍未改善，停车等待,front,-0.4087,0.0026,1,stop,0.0,,0.0,0,0,1
30.26,532.0,819.0,384.0,1045.0,-0.3673,0.0414,-0.2061,-0.2088,-0.2074,,SAFE_STOP,大转后直线脱离仍未改善，停车等待,front,-0.4087,0.0026,1,stop,0.0,,0.0,0,0,1
30.28,532.0,819.0,384.0,1043.0,-0.3646,0.0458,-0.2061,-0.2088,-0.2074,,SAFE_STOP,大转后直线脱离仍未改善，停车等待,front,-0.4104,0.0026,1,stop,0.0,,0.0,0,0,1
30.3,533.0,821.0,385.0,1047.0,-0.3646,0.0458,-0.2061,-0.2046,-0.2054,,SAFE_STOP,大转后直线脱离仍未改善，停车等待,front,-0.4104,-0.0015,1,stop,0.0,,0.0,0,0,1
30.32,532.0,819.0,384.0,1044.0,-0.3646,0.0458,-0.2061,-0.2067,-0.2064,,SAFE_STOP,大转后直线脱离仍未改善，停车等待,front,-0.4104,0.0006,1,stop,0.0,,0.0,0,0,1
30.34,532.0,820.0,384.0,1044.0,-0.3646,0.0479,-0.2061,-0.2067,-0.2064,,SAFE_STOP,大转后直线脱离仍未改善，停车等待,front,-0.4126,0.0006,1,stop,0.0,,0.0,0,0,1
30.36,532.0,820.0,385.0,1046.0,-0.3646,0.0479,-0.2061,-0.2067,-0.2064,,SAFE_STOP,大转后直线脱离仍未改善，停车等待,front,-0.4126,0.0006,1,stop,0.0,,0.0,0,0,1
30.38,532.0,816.0,384.0,1044.0,-0.3646,0.0479,-0.2061,-0.2067,-0.2064,,SAFE_STOP,大转后直线脱离仍未改善，停车等待,front,-0.4126,0.0006,1,stop,0.0,,0.0,0,0,1
30.4,532.0,819.0,385.0,1046.0,-0.3646,0.0458,-0.2033,-0.2025,-0.2029,,SAFE_STOP,大转后直线脱离仍未改善，停车等待,front,-0.4104,-0.0008,1,stop,0.0,,0.0,0,0,1
30.42,534.0,821.0,385.0,1047.0,-0.3646,0.0458,-0.2033,-0.2025,-0.2029,,SAFE_STOP,大转后直线脱离仍未改善，停车等待,front,-0.4104,-0.0008,1,stop,0.0,,0.0,0,0,1
30.44,532.0,818.0,384.0,1045.0,-0.3646,0.0458,-0.2033,-0.2025,-0.2029,,SAFE_STOP,大转后直线脱离仍未改善，停车等待,front,-0.4104,-0.0008,1,stop,0.0,,0.0,0,0,1
30.46,532.0,819.0,386.0,1046.0,-0.3646,0.0458,-0.2033,-0.2025,-0.2029,,SAFE_STOP,大转后直线脱离仍未改善，停车等待,front,-0.4104,-0.0008,1,stop,0.0,,0.0,0,0,1
30.48,532.0,819.0,385.0,1045.0,-0.3646,0.0458,-0.2033,-0.2046,-0.204,,SAFE_STOP,大转后直线脱离仍未改善，停车等待,front,-0.4104,0.0013,1,stop,0.0,,0.0,0,0,1
30.5,532.0,820.0,384.0,1044.0,-0.3646,0.0458,-0.2033,-0.2046,-0.204,,SAFE_STOP,大转后直线脱离仍未改善，停车等待,front,-0.4104,0.0013,1,stop,0.0,,0.0,0,0,1
30.521,532.0,820.0,385.0,1046.0,-0.3646,0.0479,-0.2033,-0.2046,-0.204,,SAFE_STOP,大转后直线脱离仍未改善，停车等待,front,-0.4126,0.0013,1,stop,0.0,,0.0,0,0,1
30.541,532.0,820.0,385.0,1046.0,-0.3646,0.0479,-0.2033,-0.2025,-0.2029,,SAFE_STOP,大转后直线脱离仍未改善，停车等待,front,-0.4126,-0.0008,1,stop,0.0,,0.0,0,0,1
30.561,533.0,821.0,386.0,1047.0,-0.3646,0.0479,-0.2033,-0.2025,-0.2029,,SAFE_STOP,大转后直线脱离仍未改善，停车等待,front,-0.4126,-0.0008,1,stop,0.0,,0.0,0,0,1
30.581,532.0,820.0,384.0,1045.0,-0.3646,0.0479,-0.2033,-0.2025,-0.2029,,SAFE_STOP,大转后直线脱离仍未改善，停车等待,front,-0.4126,-0.0008,1,stop,0.0,,0.0,0,0,1
30.601,532.0,820.0,385.0,1046.0,-0.3646,0.0479,-0.2033,-0.2025,-0.2029,,SAFE_STOP,大转后直线脱离仍未改善，停车等待,front,-0.4126,-0.0008,1,stop,0.0,,0.0,0,0,1
30.621,531.0,819.0,384.0,1044.0,-0.3646,0.0479,-0.2061,-0.2046,-0.2054,,SAFE_STOP,大转后直线脱离仍未改善，停车等待,front,-0.4126,-0.0015,1,stop,0.0,,0.0,0,0,1
30.641,532.0,820.0,385.0,1046.0,-0.3646,0.0479,-0.2033,-0.2025,-0.2029,,SAFE_STOP,大转后直线脱离仍未改善，停车等待,front,-0.4126,-0.0008,1,stop,0.0,,0.0,0,0,1
30.661,533.0,820.0,385.0,1046.0,-0.3646,0.0479,-0.2033,-0.2025,-0.2029,,SAFE_STOP,大转后直线脱离仍未改善，停车等待,front,-0.4126,-0.0008,1,stop,0.0,,0.0,0,0,1
30.681,532.0,820.0,385.0,1046.0,-0.3646,0.0479,-0.2033,-0.2025,-0.2029,,SAFE_STOP,大转后直线脱离仍未改善，停车等待,front,-0.4126,-0.0008,1,stop,0.0,,0.0,0,0,1
30.701,532.0,821.0,385.0,1047.0,-0.3646,0.0479,-0.2033,-0.2025,-0.2029,,SAFE_STOP,大转后直线脱离仍未改善，停车等待,front,-0.4126,-0.0008,1,stop,0.0,,0.0,0,0,1
30.722,533.0,820.0,385.0,1046.0,-0.3646,0.0479,-0.2033,-0.2025,-0.2029,,SAFE_STOP,大转后直线脱离仍未改善，停车等待,front,-0.4126,-0.0008,1,stop,0.0,,0.0,0,0,1
30.742,532.0,821.0,385.0,1046.0,-0.3646,0.0501,-0.2033,-0.2025,-0.2029,,SAFE_STOP,大转后直线脱离仍未改善，停车等待,front,-0.4147,-0.0008,1,stop,0.0,,0.0,0,0,1
30.762,533.0,821.0,385.0,1047.0,-0.3619,0.0501,-0.2033,-0.2025,-0.2029,,SAFE_STOP,大转后直线脱离仍未改善，停车等待,front,-0.412,-0.0008,1,stop,0.0,,0.0,0,0,1
30.782,532.0,819.0,385.0,1044.0,-0.3646,0.0501,-0.2033,-0.2025,-0.2029,,SAFE_STOP,大转后直线脱离仍未改善，停车等待,front,-0.4147,-0.0008,1,stop,0.0,,0.0,0,0,1
30.802,533.0,820.0,385.0,1046.0,-0.3619,0.0479,-0.2033,-0.2025,-0.2029,,SAFE_STOP,大转后直线脱离仍未改善，停车等待,front,-0.4098,-0.0008,1,stop,0.0,,0.0,0,0,1
30.822,533.0,820.0,385.0,1046.0,-0.3619,0.0479,-0.2033,-0.2025,-0.2029,,SAFE_STOP,大转后直线脱离仍未改善，停车等待,front,-0.4098,-0.0008,1,stop,0.0,,0.0,0,0,1
30.842,533.0,820.0,384.0,1045.0,-0.3619,0.0479,-0.2033,-0.2025,-0.2029,,SAFE_STOP,大转后直线脱离仍未改善，停车等待,front,-0.4098,-0.0008,1,stop,0.0,,0.0,0,0,1
30.862,533.0,820.0,385.0,1045.0,-0.3619,0.0479,-0.2033,-0.2046,-0.204,,SAFE_STOP,大转后直线脱离仍未改善，停车等待,front,-0.4098,0.0013,1,stop,0.0,,0.0,0,0,1
30.882,533.0,820.0,384.0,1046.0,-0.3619,0.0479,-0.2061,-0.2046,-0.2054,,SAFE_STOP,大转后直线脱离仍未改善，停车等待,front,-0.4098,-0.0015,1,stop,0.0,,0.0,0,0,1
30.903,532.0,820.0,386.0,1046.0,-0.3619,0.0479,-0.2033,-0.2025,-0.2029,,SAFE_STOP,大转后直线脱离仍未改善，停车等待,front,-0.4098,-0.0008,1,stop,0.0,,0.0,0,0,1
30.923,531.0,819.0,385.0,1045.0,-0.3646,0.0479,-0.2033,-0.2025,-0.2029,,SAFE_STOP,大转后直线脱离仍未改善，停车等待,front,-0.4126,-0.0008,1,stop,0.0,,0.0,0,0,1
30.943,532.0,820.0,385.0,1045.0,-0.3646,0.0479,-0.2033,-0.2046,-0.204,,SAFE_STOP,大转后直线脱离仍未改善，停车等待,front,-0.4126,0.0013,1,stop,0.0,,0.0,0,0,1
30.963,532.0,820.0,385.0,1045.0,-0.3646,0.0479,-0.2033,-0.2046,-0.204,,SAFE_STOP,大转后直线脱离仍未改善，停车等待,front,-0.4126,0.0013,1,stop,0.0,,0.0,0,0,1
30.983,532.0,820.0,384.0,1044.0,-0.3646,0.0479,-0.2033,-0.2046,-0.204,,SAFE_STOP,大转后直线脱离仍未改善，停车等待,front,-0.4126,0.0013,1,stop,0.0,,0.0,0,0,1
31.003,533.0,821.0,385.0,1045.0,-0.3646,0.0479,-0.2033,-0.2046,-0.204,,SAFE_STOP,大转后直线脱离仍未改善，停车等待,front,-0.4126,0.0013,1,stop,0.0,,0.0,0,0,1
31.023,533.0,820.0,385.0,1045.0,-0.3619,0.0479,-0.2033,-0.2046,-0.204,,SAFE_STOP,大转后直线脱离仍未改善，停车等待,front,-0.4098,0.0013,1,stop,0.0,,0.0,0,0,1
31.043,532.0,821.0,384.0,1045.0,-0.3619,0.0501,-0.2033,-0.2046,-0.204,,SAFE_STOP,大转后直线脱离仍未改善，停车等待,front,-0.412,0.0013,1,stop,0.0,,0.0,0,0,1
31.063,533.0,821.0,385.0,1046.0,-0.3619,0.0501,-0.2033,-0.2046,-0.204,,SAFE_STOP,大转后直线脱离仍未改善，停车等待,front,-0.412,0.0013,1,stop,0.0,,0.0,0,0,1
31.084,533.0,821.0,386.0,1046.0,-0.3619,0.0501,-0.2033,-0.2025,-0.2029,,SAFE_STOP,大转后直线脱离仍未改善，停车等待,front,-0.412,-0.0008,1,stop,0.0,,0.0,0,0,1
31.104,532.0,820.0,385.0,1046.0,-0.3619,0.0501,-0.2033,-0.2025,-0.2029,,SAFE_STOP,大转后直线脱离仍未改善，停车等待,front,-0.412,-0.0008,1,stop,0.0,,0.0,0,0,1
31.124,532.0,820.0,384.0,1045.0,-0.3646,0.0479,-0.2033,-0.2025,-0.2029,,SAFE_STOP,大转后直线脱离仍未改善，停车等待,front,-0.4126,-0.0008,1,stop,0.0,,0.0,0,0,1
31.144,533.0,821.0,386.0,1046.0,-0.3646,0.0479,-0.2033,-0.2025,-0.2029,,SAFE_STOP,大转后直线脱离仍未改善，停车等待,front,-0.4126,-0.0008,1,stop,0.0,,0.0,0,0,1
31.164,532.0,820.0,385.0,1045.0,-0.3646,0.0479,-0.2033,-0.2046,-0.204,,SAFE_STOP,大转后直线脱离仍未改善，停车等待,front,-0.4126,0.0013,1,stop,0.0,,0.0,0,0,1
31.184,532.0,821.0,385.0,1046.0,-0.3646,0.0501,-0.2033,-0.2025,-0.2029,,SAFE_STOP,大转后直线脱离仍未改善，停车等待,front,-0.4147,-0.0008,1,stop,0.0,,0.0,0,0,1
31.204,532.0,821.0,385.0,1046.0,-0.3646,0.0501,-0.2033,-0.2025,-0.2029,,SAFE_STOP,大转后直线脱离仍未改善，停车等待,front,-0.4147,-0.0008,1,stop,0.0,,0.0,0,0,1
31.224,533.0,820.0,385.0,1047.0,-0.3646,0.0501,-0.2033,-0.2025,-0.2029,,SAFE_STOP,大转后直线脱离仍未改善，停车等待,front,-0.4147,-0.0008,1,stop,0.0,,0.0,0,0,1
31.244,533.0,821.0,385.0,1045.0,-0.3619,0.0501,-0.2033,-0.2025,-0.2029,,SAFE_STOP,大转后直线脱离仍未改善，停车等待,front,-0.412,-0.0008,1,stop,0.0,,0.0,0,0,1
31.264,533.0,820.0,386.0,1046.0,-0.3619,0.0479,-0.2033,-0.2025,-0.2029,,SAFE_STOP,大转后直线脱离仍未改善，停车等待,front,-0.4098,-0.0008,1,stop,0.0,,0.0,0,0,1
31.285,532.0,820.0,384.0,1045.0,-0.3619,0.0479,-0.2033,-0.2046,-0.204,,SAFE_STOP,大转后直线脱离仍未改善，停车等待,front,-0.4098,0.0013,1,stop,0.0,,0.0,0,0,1
31.305,531.0,818.0,384.0,1044.0,-0.3646,0.0479,-0.2061,-0.2046,-0.2054,,SAFE_STOP,大转后直线脱离仍未改善，停车等待,front,-0.4126,-0.0015,1,stop,0.0,,0.0,0,0,1
31.325,532.0,819.0,384.0,1045.0,-0.3646,0.0458,-0.2061,-0.2046,-0.2054,,SAFE_STOP,大转后直线脱离仍未改善，停车等待,front,-0.4104,-0.0015,1,stop,0.0,,0.0,0,0,1
31.345,532.0,819.0,384.0,1045.0,-0.3646,0.0458,-0.2061,-0.2046,-0.2054,,SAFE_STOP,大转后直线脱离仍未改善，停车等待,front,-0.4104,-0.0015,1,stop,0.0,,0.0,0,0,1
31.365,533.0,821.0,384.0,1047.0,-0.3646,0.0458,-0.2061,-0.2046,-0.2054,,SAFE_STOP,大转后直线脱离仍未改善，停车等待,front,-0.4104,-0.0015,1,stop,0.0,,0.0,0,0,1
31.385,532.0,820.0,384.0,1045.0,-0.3646,0.0479,-0.2061,-0.2046,-0.2054,,SAFE_STOP,大转后直线脱离仍未改善，停车等待,front,-0.4126,-0.0015,1,stop,0.0,,0.0,0,0,1
31.405,532.0,820.0,384.0,1046.0,-0.3646,0.0479,-0.2061,-0.2025,-0.2043,,SAFE_STOP,大转后直线脱离仍未改善，停车等待,front,-0.4126,-0.0036,1,stop,0.0,,0.0,0,0,1
31.425,533.0,821.0,385.0,1046.0,-0.3646,0.0479,-0.2061,-0.2025,-0.2043,,SAFE_STOP,大转后直线脱离仍未改善，停车等待,front,-0.4126,-0.0036,1,stop,0.0,,0.0,0,0,1
31.445,532.0,819.0,385.0,1045.0,-0.3646,0.0479,-0.2033,-0.2025,-0.2029,,SAFE_STOP,大转后直线脱离仍未改善，停车等待,front,-0.4126,-0.0008,1,stop,0.0,,0.0,0,0,1
31.465,532.0,821.0,385.0,1046.0,-0.3646,0.0501,-0.2033,-0.2025,-0.2029,,SAFE_STOP,大转后直线脱离仍未改善，停车等待,front,-0.4147,-0.0008,1,stop,0.0,,0.0,0,0,1
31.486,532.0,820.0,385.0,1046.0,-0.3646,0.0479,-0.2033,-0.2025,-0.2029,,SAFE_STOP,大转后直线脱离仍未改善，停车等待,front,-0.4126,-0.0008,1,stop,0.0,,0.0,0,0,1
31.506,532.0,821.0,385.0,1046.0,-0.3646,0.0501,-0.2033,-0.2025,-0.2029,,SAFE_STOP,大转后直线脱离仍未改善，停车等待,front,-0.4147,-0.0008,1,stop,0.0,,0.0,0,0,1
31.526,533.0,821.0,385.0,1047.0,-0.3646,0.0501,-0.2033,-0.2025,-0.2029,,SAFE_STOP,大转后直线脱离仍未改善，停车等待,front,-0.4147,-0.0008,1,stop,0.0,,0.0,0,0,1
31.546,532.0,820.0,385.0,1046.0,-0.3646,0.0501,-0.2033,-0.2025,-0.2029,,SAFE_STOP,大转后直线脱离仍未改善，停车等待,front,-0.4147,-0.0008,1,stop,0.0,,0.0,0,0,1
31.566,532.0,821.0,385.0,1047.0,-0.3646,0.0501,-0.2033,-0.2004,-0.2019,,SAFE_STOP,大转后直线脱离仍未改善，停车等待,front,-0.4147,-0.0029,1,stop,0.0,,0.0,0,0,1
31.586,532.0,820.0,385.0,1047.0,-0.3646,0.0479,-0.2033,-0.2004,-0.2019,,SAFE_STOP,大转后直线脱离仍未改善，停车等待,front,-0.4126,-0.0029,1,stop,0.0,,0.0,0,0,1
31.606,532.0,821.0,385.0,1046.0,-0.3646,0.0501,-0.2033,-0.2004,-0.2019,,SAFE_STOP,大转后直线脱离仍未改善，停车等待,front,-0.4147,-0.0029,1,stop,0.0,,0.0,0,0,1
31.626,532.0,821.0,385.0,1046.0,-0.3646,0.0501,-0.2033,-0.2025,-0.2029,,SAFE_STOP,大转后直线脱离仍未改善，停车等待,front,-0.4147,-0.0008,1,stop,0.0,,0.0,0,0,1
31.646,532.0,820.0,385.0,1046.0,-0.3646,0.0501,-0.2033,-0.2025,-0.2029,,SAFE_STOP,大转后直线脱离仍未改善，停车等待,front,-0.4147,-0.0008,1,stop,0.0,,0.0,0,0,1
31.667,532.0,821.0,385.0,1046.0,-0.3646,0.0501,-0.2033,-0.2025,-0.2029,,SAFE_STOP,大转后直线脱离仍未改善，停车等待,front,-0.4147,-0.0008,1,stop,0.0,,0.0,0,0,1
31.687,533.0,821.0,384.0,1048.0,-0.3646,0.0501,-0.2033,-0.2025,-0.2029,,SAFE_STOP,大转后直线脱离仍未改善，停车等待,front,-0.4147,-0.0008,1,stop,0.0,,0.0,0,0,1
31.707,532.0,821.0,384.0,1046.0,-0.3646,0.0501,-0.2061,-0.2025,-0.2043,,SAFE_STOP,大转后直线脱离仍未改善，停车等待,front,-0.4147,-0.0036,1,stop,0.0,,0.0,0,0,1
31.727,532.0,820.0,384.0,1046.0,-0.3646,0.0501,-0.2061,-0.2025,-0.2043,,SAFE_STOP,大转后直线脱离仍未改善，停车等待,front,-0.4147,-0.0036,1,stop,0.0,,0.0,0,0,1
31.747,531.0,819.0,384.0,1045.0,-0.3646,0.0479,-0.2061,-0.2025,-0.2043,,SAFE_STOP,大转后直线脱离仍未改善，停车等待,front,-0.4126,-0.0036,1,stop,0.0,,0.0,0,0,1
31.767,530.0,819.0,384.0,1044.0,-0.3673,0.0458,-0.2061,-0.2046,-0.2054,,SAFE_STOP,大转后直线脱离仍未改善，停车等待,front,-0.4131,-0.0015,1,stop,0.0,,0.0,0,0,1
31.787,531.0,819.0,384.0,1045.0,-0.3673,0.0458,-0.2061,-0.2046,-0.2054,,SAFE_STOP,大转后直线脱离仍未改善，停车等待,front,-0.4131,-0.0015,1,stop,0.0,,0.0,0,0,1
31.808,532.0,820.0,383.0,1044.0,-0.3673,0.0458,-0.2061,-0.2067,-0.2064,,SAFE_STOP,大转后直线脱离仍未改善，停车等待,front,-0.4131,0.0006,1,stop,0.0,,0.0,0,0,1
31.828,531.0,818.0,384.0,1044.0,-0.3673,0.0458,-0.2061,-0.2067,-0.2064,,SAFE_STOP,大转后直线脱离仍未改善，停车等待,front,-0.4131,0.0006,1,stop,0.0,,0.0,0,0,1
31.848,532.0,818.0,384.0,1043.0,-0.3646,0.0436,-0.2061,-0.2067,-0.2064,,SAFE_STOP,大转后直线脱离仍未改善，停车等待,front,-0.4082,0.0006,1,stop,0.0,,0.0,0,0,1
31.868,531.0,819.0,384.0,1045.0,-0.3673,0.0436,-0.2061,-0.2067,-0.2064,,SAFE_STOP,大转后直线脱离仍未改善，停车等待,front,-0.4109,0.0006,1,stop,0.0,,0.0,0,0,1
31.888,533.0,820.0,384.0,1046.0,-0.3646,0.0458,-0.2061,-0.2046,-0.2054,,SAFE_STOP,大转后直线脱离仍未改善，停车等待,front,-0.4104,-0.0015,1,stop,0.0,,0.0,0,0,1
31.908,533.0,820.0,385.0,1045.0,-0.3619,0.0479,-0.2061,-0.2046,-0.2054,,SAFE_STOP,大转后直线脱离仍未改善，停车等待,front,-0.4098,-0.0015,1,stop,0.0,,0.0,0,0,1
31.928,533.0,821.0,384.0,1047.0,-0.3619,0.0479,-0.2061,-0.2025,-0.2043,,SAFE_STOP,大转后直线脱离仍未改善，停车等待,front,-0.4098,-0.0036,1,stop,0.0,,0.0,0,0,1
31.948,533.0,821.0,385.0,1046.0,-0.3619,0.0501,-0.2033,-0.2025,-0.2029,,SAFE_STOP,大转后直线脱离仍未改善，停车等待,front,-0.412,-0.0008,1,stop,0.0,,0.0,0,0,1
31.968,533.0,822.0,385.0,1047.0,-0.3619,0.0501,-0.2033,-0.2004,-0.2019,,SAFE_STOP,大转后直线脱离仍未改善，停车等待,front,-0.412,-0.0029,1,stop,0.0,,0.0,0,0,1
31.988,532.0,822.0,385.0,1045.0,-0.3619,0.0523,-0.2033,-0.2025,-0.2029,,SAFE_STOP,大转后直线脱离仍未改善，停车等待,front,-0.4142,-0.0008,1,stop,0.0,,0.0,0,0,1
32.008,532.0,820.0,385.0,1046.0,-0.3646,0.0523,-0.2033,-0.2025,-0.2029,,SAFE_STOP,大转后直线脱离仍未改善，停车等待,front,-0.4169,-0.0008,1,stop,0.0,,0.0,0,0,1
32.028,532.0,819.0,384.0,1044.0,-0.3646,0.0479,-0.2033,-0.2046,-0.204,,SAFE_STOP,大转后直线脱离仍未改善，停车等待,front,-0.4126,0.0013,1,stop,0.0,,0.0,0,0,1
32.049,532.0,821.0,384.0,1046.0,-0.3646,0.0479,-0.2061,-0.2025,-0.2043,,SAFE_STOP,大转后直线脱离仍未改善，停车等待,front,-0.4126,-0.0036,1,stop,0.0,,0.0,0,0,1
32.069,532.0,820.0,385.0,1045.0,-0.3646,0.0479,-0.2061,-0.2046,-0.2054,,SAFE_STOP,大转后直线脱离仍未改善，停车等待,front,-0.4126,-0.0015,1,stop,0.0,,0.0,0,0,1
32.089,532.0,820.0,384.0,1045.0,-0.3646,0.0479,-0.2061,-0.2046,-0.2054,,SAFE_STOP,大转后直线脱离仍未改善，停车等待,front,-0.4126,-0.0015,1,stop,0.0,,0.0,0,0,1
32.109,531.0,820.0,385.0,1045.0,-0.3646,0.0479,-0.2033,-0.2046,-0.204,,SAFE_STOP,大转后直线脱离仍未改善，停车等待,front,-0.4126,0.0013,1,stop,0.0,,0.0,0,0,1
32.129,531.0,820.0,385.0,1045.0,-0.3673,0.0479,-0.2033,-0.2046,-0.204,,SAFE_STOP,大转后直线脱离仍未改善，停车等待,front,-0.4153,0.0013,1,stop,0.0,,0.0,0,0,1
32.149,531.0,820.0,384.0,1043.0,-0.3673,0.0479,-0.2033,-0.2046,-0.204,,SAFE_STOP,大转后直线脱离仍未改善，停车等待,front,-0.4153,0.0013,1,stop,0.0,,0.0,0,0,1
32.169,532.0,819.0,384.0,1045.0,-0.3673,0.0479,-0.2061,-0.2046,-0.2054,,SAFE_STOP,大转后直线脱离仍未改善，停车等待,front,-0.4153,-0.0015,1,stop,0.0,,0.0,0,0,1
32.189,531.0,819.0,384.0,1045.0,-0.3673,0.0458,-0.2061,-0.2046,-0.2054,,SAFE_STOP,大转后直线脱离仍未改善，停车等待,front,-0.4131,-0.0015,1,stop,0.0,,0.0,0,0,1
32.209,531.0,819.0,384.0,1044.0,-0.3673,0.0458,-0.2061,-0.2046,-0.2054,,SAFE_STOP,大转后直线脱离仍未改善，停车等待,front,-0.4131,-0.0015,1,stop,0.0,,0.0,0,0,1
32.229,532.0,821.0,385.0,1046.0,-0.3673,0.0458,-0.2061,-0.2046,-0.2054,,SAFE_STOP,大转后直线脱离仍未改善，停车等待,front,-0.4131,-0.0015,1,stop,0.0,,0.0,0,0,1
32.249,533.0,823.0,385.0,1048.0,-0.3646,0.0501,-0.2033,-0.2025,-0.2029,,SAFE_STOP,大转后直线脱离仍未改善，停车等待,front,-0.4147,-0.0008,1,stop,0.0,,0.0,0,0,1
32.269,532.0,822.0,385.0,1047.0,-0.3646,0.0523,-0.2033,-0.2004,-0.2019,,SAFE_STOP,大转后直线脱离仍未改善，停车等待,front,-0.4169,-0.0029,1,stop,0.0,,0.0,0,0,1
32.29,532.0,821.0,385.0,1045.0,-0.3646,0.0523,-0.2033,-0.2004,-0.2019,,SAFE_STOP,大转后直线脱离仍未改善，停车等待,front,-0.4169,-0.0029,1,stop,0.0,,0.0,0,0,1
32.31,533.0,822.0,383.0,1045.0,-0.3646,0.0523,-0.2033,-0.2046,-0.204,,SAFE_STOP,大转后直线脱离仍未改善，停车等待,front,-0.4169,0.0013,1,stop,0.0,,0.0,0,0,1
32.33,532.0,821.0,385.0,1048.0,-0.3646,0.0501,-0.2033,-0.2046,-0.204,,SAFE_STOP,大转后直线脱离仍未改善，停车等待,front,-0.4147,0.0013,1,stop,0.0,,0.0,0,0,1
32.35,532.0,821.0,384.0,1047.0,-0.3646,0.0501,-0.2061,-0.2004,-0.2033,,SAFE_STOP,大转后直线脱离仍未改善，停车等待,front,-0.4147,-0.0057,1,stop,0.0,,0.0,0,0,1
32.37,532.0,820.0,384.0,1046.0,-0.3646,0.0501,-0.2061,-0.2004,-0.2033,,SAFE_STOP,大转后直线脱离仍未改善，停车等待,front,-0.4147,-0.0057,1,stop,0.0,,0.0,0,0,1
32.39,533.0,821.0,385.0,1046.0,-0.3646,0.0501,-0.2061,-0.2025,-0.2043,,SAFE_STOP,大转后直线脱离仍未改善，停车等待,front,-0.4147,-0.0036,1,stop,0.0,,0.0,0,0,1
32.41,531.0,820.0,384.0,1045.0,-0.3646,0.0479,-0.2061,-0.2025,-0.2043,,SAFE_STOP,大转后直线脱离仍未改善，停车等待,front,-0.4126,-0.0036,1,stop,0.0,,0.0,0,0,1
32.43,534.0,822.0,384.0,1044.0,-0.3619,0.0501,-0.2061,-0.2046,-0.2054,,SAFE_STOP,大转后直线脱离仍未改善，停车等待,front,-0.412,-0.0015,1,stop,0.0,,0.0,0,0,1
32.45,532.0,822.0,385.0,1047.0,-0.3646,0.0523,-0.2061,-0.2046,-0.2054,,SAFE_STOP,大转后直线脱离仍未改善，停车等待,front,-0.4169,-0.0015,1,stop,0.0,,0.0,0,0,1
32.47,534.0,822.0,384.0,1046.0,-0.3592,0.0523,-0.2061,-0.2025,-0.2043,,SAFE_STOP,大转后直线脱离仍未改善，停车等待,front,-0.4115,-0.0036,1,stop,0.0,,0.0,0,0,1
32.491,532.0,821.0,384.0,1046.0,-0.3646,0.0523,-0.2061,-0.2025,-0.2043,,SAFE_STOP,大转后直线脱离仍未改善，停车等待,front,-0.4169,-0.0036,1,stop,0.0,,0.0,0,0,1
32.511,533.0,821.0,385.0,1047.0,-0.3619,0.0501,-0.2061,-0.2025,-0.2043,,SAFE_STOP,大转后直线脱离仍未改善，停车等待,front,-0.412,-0.0036,1,stop,0.0,,0.0,0,0,1
32.531,533.0,821.0,385.0,1048.0,-0.3619,0.0501,-0.2033,-0.2004,-0.2019,,SAFE_STOP,大转后直线脱离仍未改善，停车等待,front,-0.412,-0.0029,1,stop,0.0,,0.0,0,0,1
32.551,533.0,821.0,385.0,1047.0,-0.3619,0.0501,-0.2033,-0.2004,-0.2019,,SAFE_STOP,大转后直线脱离仍未改善，停车等待,front,-0.412,-0.0029,1,stop,0.0,,0.0,0,0,1
32.571,533.0,820.0,384.0,1047.0,-0.3619,0.0501,-0.2033,-0.2004,-0.2019,,SAFE_STOP,大转后直线脱离仍未改善，停车等待,front,-0.412,-0.0029,1,stop,0.0,,0.0,0,0,1
32.591,533.0,822.0,385.0,1047.0,-0.3619,0.0501,-0.2033,-0.2004,-0.2019,,SAFE_STOP,大转后直线脱离仍未改善，停车等待,front,-0.412,-0.0029,1,stop,0.0,,0.0,0,0,1
32.611,533.0,822.0,385.0,1047.0,-0.3619,0.0523,-0.2033,-0.2004,-0.2019,,SAFE_STOP,大转后直线脱离仍未改善，停车等待,front,-0.4142,-0.0029,1,stop,0.0,,0.0,0,0,1
32.631,533.0,822.0,385.0,1048.0,-0.3619,0.0523,-0.2033,-0.2004,-0.2019,,SAFE_STOP,大转后直线脱离仍未改善，停车等待,front,-0.4142,-0.0029,1,stop,0.0,,0.0,0,0,1
32.651,533.0,822.0,385.0,1048.0,-0.3619,0.0523,-0.2033,-0.1983,-0.2008,,SAFE_STOP,大转后直线脱离仍未改善，停车等待,front,-0.4142,-0.005,1,stop,0.0,,0.0,0,0,1
32.671,534.0,822.0,385.0,1048.0,-0.3619,0.0523,-0.2033,-0.1983,-0.2008,,SAFE_STOP,大转后直线脱离仍未改善，停车等待,front,-0.4142,-0.005,1,stop,0.0,,0.0,0,0,1
32.692,533.0,821.0,385.0,1046.0,-0.3619,0.0523,-0.2033,-0.1983,-0.2008,,SAFE_STOP,大转后直线脱离仍未改善，停车等待,front,-0.4142,-0.005,1,stop,0.0,,0.0,0,0,1
32.712,533.0,822.0,386.0,1047.0,-0.3619,0.0523,-0.2033,-0.2004,-0.2019,,SAFE_STOP,大转后直线脱离仍未改善，停车等待,front,-0.4142,-0.0029,1,stop,0.0,,0.0,0,0,1
32.732,533.0,822.0,386.0,1047.0,-0.3619,0.0523,-0.2006,-0.2004,-0.2005,,SAFE_STOP,大转后直线脱离仍未改善，停车等待,front,-0.4142,-0.0001,1,stop,0.0,,0.0,0,0,1
32.752,532.0,821.0,384.0,1046.0,-0.3619,0.0523,-0.2006,-0.2004,-0.2005,,SAFE_STOP,大转后直线脱离仍未改善，停车等待,front,-0.4142,-0.0001,1,stop,0.0,,0.0,0,0,1
32.772,533.0,821.0,385.0,1047.0,-0.3619,0.0501,-0.2033,-0.2004,-0.2019,,SAFE_STOP,大转后直线脱离仍未改善，停车等待,front,-0.412,-0.0029,1,stop,0.0,,0.0,0,0,1
32.792,534.0,823.0,385.0,1048.0,-0.3619,0.0501,-0.2033,-0.2004,-0.2019,,SAFE_STOP,大转后直线脱离仍未改善，停车等待,front,-0.412,-0.0029,1,stop,0.0,,0.0,0,0,1
32.812,534.0,822.0,384.0,1048.0,-0.3592,0.0523,-0.2033,-0.1983,-0.2008,,SAFE_STOP,大转后直线脱离仍未改善，停车等待,front,-0.4115,-0.005,1,stop,0.0,,0.0,0,0,1
32.832,534.0,821.0,385.0,1047.0,-0.3592,0.0523,-0.2033,-0.1983,-0.2008,,SAFE_STOP,大转后直线脱离仍未改善，停车等待,front,-0.4115,-0.005,1,stop,0.0,,0.0,0,0,1
32.852,533.0,822.0,386.0,1048.0,-0.3592,0.0523,-0.2033,-0.1983,-0.2008,,SAFE_STOP,大转后直线脱离仍未改善，停车等待,front,-0.4115,-0.005,1,stop,0.0,,0.0,0,0,1
32.873,532.0,821.0,385.0,1047.0,-0.3619,0.0501,-0.2033,-0.2004,-0.2019,,SAFE_STOP,大转后直线脱离仍未改善，停车等待,front,-0.412,-0.0029,1,stop,0.0,,0.0,0,0,1
32.893,533.0,822.0,386.0,1047.0,-0.3619,0.0523,-0.2006,-0.2004,-0.2005,,SAFE_STOP,大转后直线脱离仍未改善，停车等待,front,-0.4142,-0.0001,1,stop,0.0,,0.0,0,0,1
32.913,535.0,822.0,385.0,1048.0,-0.3619,0.0523,-0.2033,-0.2004,-0.2019,,SAFE_STOP,大转后直线脱离仍未改善，停车等待,front,-0.4142,-0.0029,1,stop,0.0,,0.0,0,0,1
32.933,533.0,821.0,385.0,1047.0,-0.3619,0.0523,-0.2033,-0.2004,-0.2019,,SAFE_STOP,大转后直线脱离仍未改善，停车等待,front,-0.4142,-0.0029,1,stop,0.0,,0.0,0,0,1
32.953,533.0,823.0,386.0,1048.0,-0.3619,0.0523,-0.2033,-0.1983,-0.2008,,SAFE_STOP,大转后直线脱离仍未改善，停车等待,front,-0.4142,-0.005,1,stop,0.0,,0.0,0,0,1
32.973,533.0,822.0,386.0,1048.0,-0.3619,0.0523,-0.2006,-0.1983,-0.1994,,SAFE_STOP,大转后直线脱离仍未改善，停车等待,front,-0.4142,-0.0022,1,stop,0.0,,0.0,0,0,1
32.993,534.0,821.0,385.0,1048.0,-0.3619,0.0523,-0.2006,-0.1983,-0.1994,,SAFE_STOP,大转后直线脱离仍未改善，停车等待,front,-0.4142,-0.0022,1,stop,0.0,,0.0,0,0,1
33.013,533.0,821.0,385.0,1048.0,-0.3619,0.0501,-0.2033,-0.1983,-0.2008,,SAFE_STOP,大转后直线脱离仍未改善，停车等待,front,-0.412,-0.005,1,stop,0.0,,0.0,0,0,1
33.033,533.0,822.0,386.0,1048.0,-0.3619,0.0501,-0.2033,-0.1983,-0.2008,,SAFE_STOP,大转后直线脱离仍未改善，停车等待,front,-0.412,-0.005,1,stop,0.0,,0.0,0,0,1
33.053,534.0,821.0,385.0,1047.0,-0.3619,0.0501,-0.2033,-0.1983,-0.2008,,SAFE_STOP,大转后直线脱离仍未改善，停车等待,front,-0.412,-0.005,1,stop,0.0,,0.0,0,0,1
33.074,533.0,821.0,385.0,1048.0,-0.3619,0.0501,-0.2033,-0.1983,-0.2008,,SAFE_STOP,大转后直线脱离仍未改善，停车等待,front,-0.412,-0.005,1,stop,0.0,,0.0,0,0,1
33.094,533.0,820.0,384.0,1046.0,-0.3619,0.0501,-0.2033,-0.2004,-0.2019,,SAFE_STOP,大转后直线脱离仍未改善，停车等待,front,-0.412,-0.0029,1,stop,0.0,,0.0,0,0,1
33.114,533.0,820.0,384.0,1046.0,-0.3619,0.0479,-0.2061,-0.2025,-0.2043,,SAFE_STOP,大转后直线脱离仍未改善，停车等待,front,-0.4098,-0.0036,1,stop,0.0,,0.0,0,0,1
33.134,534.0,822.0,385.0,1047.0,-0.3619,0.0479,-0.2061,-0.2025,-0.2043,,SAFE_STOP,大转后直线脱离仍未改善，停车等待,front,-0.4098,-0.0036,1,stop,0.0,,0.0,0,0,1
33.154,534.0,820.0,384.0,1046.0,-0.3592,0.0479,-0.2061,-0.2025,-0.2043,,SAFE_STOP,大转后直线脱离仍未改善，停车等待,front,-0.4071,-0.0036,1,stop,0.0,,0.0,0,0,1
33.174,533.0,820.0,384.0,1045.0,-0.3592,0.0479,-0.2061,-0.2025,-0.2043,,SAFE_STOP,大转后直线脱离仍未改善，停车等待,front,-0.4071,-0.0036,1,stop,0.0,,0.0,0,0,1
33.194,533.0,819.0,384.0,1046.0,-0.3619,0.0479,-0.2061,-0.2025,-0.2043,,SAFE_STOP,大转后直线脱离仍未改善，停车等待,front,-0.4098,-0.0036,1,stop,0.0,,0.0,0,0,1
33.214,533.0,820.0,385.0,1046.0,-0.3619,0.0479,-0.2061,-0.2025,-0.2043,,SAFE_STOP,大转后直线脱离仍未改善，停车等待,front,-0.4098,-0.0036,1,stop,0.0,,0.0,0,0,1
33.234,534.0,820.0,384.0,1046.0,-0.3619,0.0479,-0.2061,-0.2025,-0.2043,,SAFE_STOP,大转后直线脱离仍未改善，停车等待,front,-0.4098,-0.0036,1,stop,0.0,,0.0,0,0,1
33.255,533.0,818.0,384.0,1045.0,-0.3619,0.0479,-0.2061,-0.2025,-0.2043,,SAFE_STOP,大转后直线脱离仍未改善，停车等待,front,-0.4098,-0.0036,1,stop,0.0,,0.0,0,0,1
33.275,533.0,819.0,385.0,1045.0,-0.3619,0.0458,-0.2061,-0.2046,-0.2054,,SAFE_STOP,大转后直线脱离仍未改善，停车等待,front,-0.4077,-0.0015,1,stop,0.0,,0.0,0,0,1
33.295,533.0,819.0,384.0,1045.0,-0.3619,0.0458,-0.2061,-0.2046,-0.2054,,SAFE_STOP,大转后直线脱离仍未改善，停车等待,front,-0.4077,-0.0015,1,stop,0.0,,0.0,0,0,1
33.315,533.0,818.0,385.0,1045.0,-0.3619,0.0458,-0.2033,-0.2046,-0.204,,SAFE_STOP,大转后直线脱离仍未改善，停车等待,front,-0.4077,0.0013,1,stop,0.0,,0.0,0,0,1
33.335,533.0,819.0,385.0,1045.0,-0.3619,0.0458,-0.2033,-0.2046,-0.204,,SAFE_STOP,大转后直线脱离仍未改善，停车等待,front,-0.4077,0.0013,1,stop,0.0,,0.0,0,0,1
33.355,533.0,819.0,384.0,1045.0,-0.3619,0.0458,-0.2033,-0.2046,-0.204,,SAFE_STOP,大转后直线脱离仍未改善，停车等待,front,-0.4077,0.0013,1,stop,0.0,,0.0,0,0,1
33.375,533.0,821.0,385.0,1045.0,-0.3619,0.0458,-0.2033,-0.2046,-0.204,,SAFE_STOP,大转后直线脱离仍未改善，停车等待,front,-0.4077,0.0013,1,stop,0.0,,0.0,0,0,1
33.395,533.0,819.0,385.0,1044.0,-0.3619,0.0458,-0.2033,-0.2046,-0.204,,SAFE_STOP,大转后直线脱离仍未改善，停车等待,front,-0.4077,0.0013,1,stop,0.0,,0.0,0,0,1
33.415,532.0,818.0,385.0,1043.0,-0.3619,0.0458,-0.2033,-0.2067,-0.205,,SAFE_STOP,大转后直线脱离仍未改善，停车等待,front,-0.4077,0.0033,1,stop,0.0,,0.0,0,0,1
33.436,533.0,818.0,384.0,1043.0,-0.3619,0.0436,-0.2033,-0.2088,-0.2061,,SAFE_STOP,大转后直线脱离仍未改善，停车等待,front,-0.4055,0.0054,1,stop,0.0,,0.0,0,0,1
33.456,533.0,819.0,384.0,1044.0,-0.3619,0.0436,-0.2061,-0.2088,-0.2074,,SAFE_STOP,大转后直线脱离仍未改善，停车等待,front,-0.4055,0.0026,1,stop,0.0,,0.0,0,0,1
33.476,533.0,819.0,385.0,1044.0,-0.3619,0.0458,-0.2061,-0.2067,-0.2064,,SAFE_STOP,大转后直线脱离仍未改善，停车等待,front,-0.4077,0.0006,1,stop,0.0,,0.0,0,0,1
33.496,533.0,819.0,385.0,1044.0,-0.3619,0.0458,-0.2033,-0.2067,-0.205,,SAFE_STOP,大转后直线脱离仍未改善，停车等待,front,-0.4077,0.0033,1,stop,0.0,,0.0,0,0,1
33.516,533.0,819.0,385.0,1044.0,-0.3619,0.0458,-0.2033,-0.2067,-0.205,,SAFE_STOP,大转后直线脱离仍未改善，停车等待,front,-0.4077,0.0033,1,stop,0.0,,0.0,0,0,1
33.536,533.0,819.0,385.0,1043.0,-0.3619,0.0458,-0.2033,-0.2067,-0.205,,SAFE_STOP,大转后直线脱离仍未改善，停车等待,front,-0.4077,0.0033,1,stop,0.0,,0.0,0,0,1
33.556,533.0,819.0,384.0,1043.0,-0.3619,0.0458,-0.2033,-0.2088,-0.2061,,SAFE_STOP,大转后直线脱离仍未改善，停车等待,front,-0.4077,0.0054,1,stop,0.0,,0.0,0,0,1
33.576,532.0,819.0,385.0,1044.0,-0.3619,0.0458,-0.2033,-0.2088,-0.2061,,SAFE_STOP,大转后直线脱离仍未改善，停车等待,front,-0.4077,0.0054,1,stop,0.0,,0.0,0,0,1
33.596,533.0,819.0,385.0,1045.0,-0.3619,0.0458,-0.2033,-0.2067,-0.205,,SAFE_STOP,大转后直线脱离仍未改善，停车等待,front,-0.4077,0.0033,1,stop,0.0,,0.0,0,0,1
33.616,534.0,819.0,384.0,1044.0,-0.3619,0.0458,-0.2033,-0.2067,-0.205,,SAFE_STOP,大转后直线脱离仍未改善，停车等待,front,-0.4077,0.0033,1,stop,0.0,,0.0,0,0,1
33.637,534.0,819.0,385.0,1045.0,-0.3592,0.0458,-0.2033,-0.2046,-0.204,,SAFE_STOP,大转后直线脱离仍未改善，停车等待,front,-0.4049,0.0013,1,stop,0.0,,0.0,0,0,1
33.657,533.0,819.0,385.0,1044.0,-0.3592,0.0458,-0.2033,-0.2067,-0.205,,SAFE_STOP,大转后直线脱离仍未改善，停车等待,front,-0.4049,0.0033,1,stop,0.0,,0.0,0,0,1
33.677,534.0,819.0,385.0,1045.0,-0.3592,0.0458,-0.2033,-0.2046,-0.204,,SAFE_STOP,大转后直线脱离仍未改善，停车等待,front,-0.4049,0.0013,1,stop,0.0,,0.0,0,0,1
33.697,533.0,818.0,384.0,1044.0,-0.3619,0.0458,-0.2033,-0.2067,-0.205,,SAFE_STOP,大转后直线脱离仍未改善，停车等待,front,-0.4077,0.0033,1,stop,0.0,,0.0,0,0,1
33.717,533.0,818.0,384.0,1043.0,-0.3619,0.0436,-0.2061,-0.2067,-0.2064,,SAFE_STOP,大转后直线脱离仍未改善，停车等待,front,-0.4055,0.0006,1,stop,0.0,,0.0,0,0,1
33.737,533.0,819.0,385.0,1045.0,-0.3619,0.0436,-0.2061,-0.2067,-0.2064,,SAFE_STOP,大转后直线脱离仍未改善，停车等待,front,-0.4055,0.0006,1,stop,0.0,,0.0,0,0,1
33.757,532.0,818.0,383.0,1042.0,-0.3619,0.0436,-0.2061,-0.2088,-0.2074,,SAFE_STOP,大转后直线脱离仍未改善，停车等待,front,-0.4055,0.0026,1,stop,0.0,,0.0,0,0,1
33.777,533.0,819.0,385.0,1045.0,-0.3619,0.0458,-0.2033,-0.2046,-0.204,,SAFE_STOP,大转后直线脱离仍未改善，停车等待,front,-0.4077,0.0013,1,stop,0.0,,0.0,0,0,1
33.797,533.0,818.0,385.0,1045.0,-0.3619,0.0436,-0.2033,-0.2046,-0.204,,SAFE_STOP,大转后直线脱离仍未改善，停车等待,front,-0.4055,0.0013,1,stop,0.0,,0.0,0,0,1
33.817,533.0,818.0,384.0,1044.0,-0.3619,0.0436,-0.2033,-0.2046,-0.204,,SAFE_STOP,大转后直线脱离仍未改善，停车等待,front,-0.4055,0.0013,1,stop,0.0,,0.0,0,0,1
33.838,534.0,818.0,385.0,1044.0,-0.3619,0.0436,-0.2033,-0.2067,-0.205,,SAFE_STOP,大转后直线脱离仍未改善，停车等待,front,-0.4055,0.0033,1,stop,0.0,,0.0,0,0,1
33.858,533.0,818.0,384.0,1043.0,-0.3619,0.0436,-0.2061,-0.2067,-0.2064,,SAFE_STOP,大转后直线脱离仍未改善，停车等待,front,-0.4055,0.0006,1,stop,0.0,,0.0,0,0,1
33.878,533.0,819.0,384.0,1044.0,-0.3619,0.0436,-0.2061,-0.2067,-0.2064,,SAFE_STOP,大转后直线脱离仍未改善，停车等待,front,-0.4055,0.0006,1,stop,0.0,,0.0,0,0,1
33.898,533.0,819.0,385.0,1045.0,-0.3619,0.0458,-0.2061,-0.2067,-0.2064,,SAFE_STOP,大转后直线脱离仍未改善，停车等待,front,-0.4077,0.0006,1,stop,0.0,,0.0,0,0,1
33.918,533.0,819.0,385.0,1045.0,-0.3619,0.0458,-0.2033,-0.2046,-0.204,,SAFE_STOP,大转后直线脱离仍未改善，停车等待,front,-0.4077,0.0013,1,stop,0.0,,0.0,0,0,1
33.938,533.0,819.0,384.0,1045.0,-0.3619,0.0458,-0.2033,-0.2046,-0.204,,SAFE_STOP,大转后直线脱离仍未改善，停车等待,front,-0.4077,0.0013,1,stop,0.0,,0.0,0,0,1
33.958,533.0,817.0,384.0,1043.0,-0.3619,0.0458,-0.2061,-0.2046,-0.2054,,SAFE_STOP,大转后直线脱离仍未改善，停车等待,front,-0.4077,-0.0015,1,stop,0.0,,0.0,0,0,1
33.978,532.0,818.0,385.0,1044.0,-0.3619,0.0436,-0.2061,-0.2067,-0.2064,,SAFE_STOP,大转后直线脱离仍未改善，停车等待,front,-0.4055,0.0006,1,stop,0.0,,0.0,0,0,1
33.998,533.0,819.0,384.0,1045.0,-0.3619,0.0436,-0.2061,-0.2067,-0.2064,,SAFE_STOP,大转后直线脱离仍未改善，停车等待,front,-0.4055,0.0006,1,stop,0.0,,0.0,0,0,1
34.018,533.0,818.0,385.0,1044.0,-0.3619,0.0436,-0.2033,-0.2067,-0.205,,SAFE_STOP,大转后直线脱离仍未改善，停车等待,front,-0.4055,0.0033,1,stop,0.0,,0.0,0,0,1
34.039,533.0,818.0,385.0,1044.0,-0.3619,0.0436,-0.2033,-0.2067,-0.205,,SAFE_STOP,大转后直线脱离仍未改善，停车等待,front,-0.4055,0.0033,1,stop,0.0,,0.0,0,0,1
34.059,532.0,817.0,384.0,1044.0,-0.3619,0.0436,-0.2033,-0.2067,-0.205,,SAFE_STOP,大转后直线脱离仍未改善，停车等待,front,-0.4055,0.0033,1,stop,0.0,,0.0,0,0,1
34.079,533.0,816.0,384.0,1042.0,-0.3619,0.0414,-0.2061,-0.2067,-0.2064,,SAFE_STOP,大转后直线脱离仍未改善，停车等待,front,-0.4033,0.0006,1,stop,0.0,,0.0,0,0,1
34.099,532.0,818.0,384.0,1044.0,-0.3646,0.0414,-0.2061,-0.2067,-0.2064,,SAFE_STOP,大转后直线脱离仍未改善，停车等待,front,-0.406,0.0006,1,stop,0.0,,0.0,0,0,1
34.119,531.0,816.0,383.0,1042.0,-0.3646,0.0392,-0.2061,-0.2109,-0.2085,,SAFE_STOP,大转后直线脱离仍未改善，停车等待,front,-0.4038,0.0047,1,stop,0.0,,0.0,0,0,1
34.139,532.0,818.0,384.0,1044.0,-0.3646,0.0436,-0.2061,-0.2067,-0.2064,,SAFE_STOP,大转后直线脱离仍未改善，停车等待,front,-0.4082,0.0006,1,stop,0.0,,0.0,0,0,1
34.159,532.0,817.0,384.0,1043.0,-0.3646,0.0414,-0.2061,-0.2088,-0.2074,,SAFE_STOP,大转后直线脱离仍未改善，停车等待,front,-0.406,0.0026,1,stop,0.0,,0.0,0,0,1
34.179,532.0,817.0,384.0,1045.0,-0.3646,0.0414,-0.2061,-0.2067,-0.2064,,SAFE_STOP,大转后直线脱离仍未改善，停车等待,front,-0.406,0.0006,1,stop,0.0,,0.0,0,0,1
34.199,532.0,819.0,384.0,1045.0,-0.3646,0.0414,-0.2061,-0.2046,-0.2054,,SAFE_STOP,大转后直线脱离仍未改善，停车等待,front,-0.406,-0.0015,1,stop,0.0,,0.0,0,0,1
34.22,532.0,817.0,384.0,1046.0,-0.3646,0.0414,-0.2061,-0.2046,-0.2054,,SAFE_STOP,大转后直线脱离仍未改善，停车等待,front,-0.406,-0.0015,1,stop,0.0,,0.0,0,0,1
34.24,533.0,817.0,384.0,1048.0,-0.3646,0.0414,-0.2061,-0.2025,-0.2043,,SAFE_STOP,大转后直线脱离仍未改善，停车等待,front,-0.406,-0.0036,1,stop,0.0,,0.0,0,0,1
34.26,533.0,818.0,384.0,1046.0,-0.3619,0.0414,-0.2061,-0.2025,-0.2043,,SAFE_STOP,大转后直线脱离仍未改善，停车等待,front,-0.4033,-0.0036,1,stop,0.0,,0.0,0,0,1
34.28,532.0,817.0,384.0,1048.0,-0.3619,0.0414,-0.2061,-0.1983,-0.2022,,SAFE_STOP,大转后直线脱离仍未改善，停车等待,front,-0.4033,-0.0078,1,stop,0.0,,0.0,0,0,1
34.3,532.0,817.0,384.0,1045.0,-0.3646,0.0414,-0.2061,-0.2025,-0.2043,,SAFE_STOP,大转后直线脱离仍未改善，停车等待,front,-0.406,-0.0036,1,stop,0.0,,0.0,0,0,1
34.32,533.0,818.0,384.0,1048.0,-0.3646,0.0414,-0.2061,-0.1983,-0.2022,,SAFE_STOP,大转后直线脱离仍未改善，停车等待,front,-0.406,-0.0078,1,stop,0.0,,0.0,0,0,1
34.34,533.0,818.0,384.0,1048.0,-0.3619,0.0436,-0.2061,-0.1983,-0.2022,,SAFE_STOP,大转后直线脱离仍未改善，停车等待,front,-0.4055,-0.0078,1,stop,0.0,,0.0,0,0,1
34.361,532.0,818.0,384.0,1047.0,-0.3619,0.0436,-0.2061,-0.1983,-0.2022,,SAFE_STOP,大转后直线脱离仍未改善，停车等待,front,-0.4055,-0.0078,1,stop,0.0,,0.0,0,0,1
34.381,533.0,819.0,385.0,1048.0,-0.3619,0.0436,-0.2061,-0.1983,-0.2022,,SAFE_STOP,大转后直线脱离仍未改善，停车等待,front,-0.4055,-0.0078,1,stop,0.0,,0.0,0,0,1
34.401,530.0,814.0,381.0,1042.0,-0.3646,0.0436,-0.2061,-0.2004,-0.2033,,SAFE_STOP,大转后直线脱离仍未改善，停车等待,front,-0.4082,-0.0057,1,stop,0.0,,0.0,0,0,1
34.421,533.0,818.0,384.0,1048.0,-0.3619,0.0436,-0.2061,-0.1983,-0.2022,,SAFE_STOP,大转后直线脱离仍未改善，停车等待,front,-0.4055,-0.0078,1,stop,0.0,,0.0,0,0,1
34.441,532.0,818.0,384.0,1048.0,-0.3646,0.0436,-0.2061,-0.1983,-0.2022,,SAFE_STOP,大转后直线脱离仍未改善，停车等待,front,-0.4082,-0.0078,1,stop,0.0,,0.0,0,0,1
34.461,531.0,816.0,383.0,1044.0,-0.3646,0.0436,-0.2061,-0.1983,-0.2022,,SAFE_STOP,大转后直线脱离仍未改善，停车等待,front,-0.4082,-0.0078,1,stop,0.0,,0.0,0,0,1
34.481,534.0,818.0,384.0,1048.0,-0.3646,0.0436,-0.2061,-0.1983,-0.2022,,SAFE_STOP,大转后直线脱离仍未改善，停车等待,front,-0.4082,-0.0078,1,stop,0.0,,0.0,0,0,1
34.501,534.0,819.0,384.0,1048.0,-0.3592,0.0436,-0.2061,-0.1983,-0.2022,,SAFE_STOP,大转后直线脱离仍未改善，停车等待,front,-0.4028,-0.0078,1,stop,0.0,,0.0,0,0,1
34.521,532.0,818.0,383.0,1045.0,-0.3592,0.0436,-0.2061,-0.1983,-0.2022,,SAFE_STOP,大转后直线脱离仍未改善，停车等待,front,-0.4028,-0.0078,1,stop,0.0,,0.0,0,0,1
34.541,533.0,817.0,384.0,1048.0,-0.3619,0.0436,-0.2061,-0.1983,-0.2022,,SAFE_STOP,大转后直线脱离仍未改善，停车等待,front,-0.4055,-0.0078,1,stop,0.0,,0.0,0,0,1
34.562,532.0,817.0,384.0,1046.0,-0.3646,0.0414,-0.2061,-0.2025,-0.2043,,SAFE_STOP,大转后直线脱离仍未改善，停车等待,front,-0.406,-0.0036,1,stop,0.0,,0.0,0,0,1
34.582,533.0,816.0,383.0,1046.0,-0.3619,0.0414,-0.2061,-0.2025,-0.2043,,SAFE_STOP,大转后直线脱离仍未改善，停车等待,front,-0.4033,-0.0036,1,stop,0.0,,0.0,0,0,1
34.602,533.0,818.0,384.0,1048.0,-0.3619,0.0414,-0.2061,-0.2025,-0.2043,,SAFE_STOP,大转后直线脱离仍未改善，停车等待,front,-0.4033,-0.0036,1,stop,0.0,,0.0,0,0,1
34.622,533.0,818.0,384.0,1049.0,-0.3619,0.0436,-0.2061,-0.1983,-0.2022,,SAFE_STOP,大转后直线脱离仍未改善，停车等待,front,-0.4055,-0.0078,1,stop,0.0,,0.0,0,0,1
34.642,533.0,818.0,384.0,1049.0,-0.3619,0.0436,-0.2061,-0.1962,-0.2012,,SAFE_STOP,大转后直线脱离仍未改善，停车等待,front,-0.4055,-0.0099,1,stop,0.0,,0.0,0,0,1
34.662,533.0,818.0,385.0,1048.0,-0.3619,0.0436,-0.2061,-0.1962,-0.2012,,SAFE_STOP,大转后直线脱离仍未改善，停车等待,front,-0.4055,-0.0099,1,stop,0.0,,0.0,0,0,1
34.682,533.0,819.0,385.0,1048.0,-0.3619,0.0436,-0.2033,-0.1983,-0.2008,,SAFE_STOP,大转后直线脱离仍未改善，停车等待,front,-0.4055,-0.005,1,stop,0.0,,0.0,0,0,1
34.702,532.0,815.0,383.0,1045.0,-0.3619,0.0436,-0.2033,-0.1983,-0.2008,,SAFE_STOP,大转后直线脱离仍未改善，停车等待,front,-0.4055,-0.005,1,stop,0.0,,0.0,0,0,1
34.722,534.0,817.0,383.0,1047.0,-0.3619,0.0414,-0.2089,-0.2004,-0.2047,,SAFE_STOP,大转后直线脱离仍未改善，停车等待,front,-0.4033,-0.0085,1,stop,0.0,,0.0,0,0,1
34.743,533.0,817.0,384.0,1048.0,-0.3619,0.0414,-0.2089,-0.2004,-0.2047,,SAFE_STOP,大转后直线脱离仍未改善，停车等待,front,-0.4033,-0.0085,1,stop,0.0,,0.0,0,0,1
34.763,533.0,817.0,384.0,1048.0,-0.3619,0.0414,-0.2061,-0.1983,-0.2022,,SAFE_STOP,大转后直线脱离仍未改善，停车等待,front,-0.4033,-0.0078,1,stop,0.0,,0.0,0,0,1
34.783,531.0,815.0,382.0,1044.0,-0.3619,0.0414,-0.2061,-0.1983,-0.2022,,SAFE_STOP,大转后直线脱离仍未改善，停车等待,front,-0.4033,-0.0078,1,stop,0.0,,0.0,0,0,1
34.803,531.0,814.0,382.0,1044.0,-0.3673,0.037,-0.2117,-0.2067,-0.2092,,SAFE_STOP,大转后直线脱离仍未改善，停车等待,front,-0.4044,-0.005,1,stop,0.0,,0.0,0,0,1
34.823,530.0,810.0,381.0,1042.0,-0.3673,0.0349,-0.2117,-0.2067,-0.2092,,SAFE_STOP,大转后直线脱离仍未改善，停车等待,front,-0.4022,-0.005,1,stop,0.0,,0.0,0,0,1
34.843,528.0,809.0,380.0,1039.0,-0.3701,0.0261,-0.2145,-0.2109,-0.2127,,SAFE_STOP,大转后直线脱离仍未改善，停车等待,front,-0.3962,-0.0036,1,stop,0.0,,0.0,0,0,1
34.863,532.0,814.0,382.0,1045.0,-0.3701,0.0261,-0.2145,-0.2109,-0.2127,,SAFE_STOP,大转后直线脱离仍未改善，停车等待,front,-0.3962,-0.0036,1,stop,0.0,,0.0,0,0,1
34.883,532.0,815.0,382.0,1046.0,-0.3646,0.0349,-0.2117,-0.2046,-0.2081,,SAFE_STOP,大转后直线脱离仍未改善，停车等待,front,-0.3995,-0.0071,1,stop,0.0,,0.0,0,0,1
34.903,529.0,815.0,382.0,1042.0,-0.3646,0.037,-0.2117,-0.2046,-0.2081,,SAFE_STOP,大转后直线脱离仍未改善，停车等待,front,-0.4017,-0.0071,1,stop,0.0,,0.0,0,0,1
34.924,530.0,816.0,382.0,1042.0,-0.3701,0.037,-0.2117,-0.2109,-0.2113,,SAFE_STOP,大转后直线脱离仍未改善，停车等待,front,-0.4071,-0.0008,1,stop,0.0,,0.0,0,0,1
34.944,531.0,817.0,383.0,1043.0,-0.3701,0.0392,-0.2117,-0.2109,-0.2113,,SAFE_STOP,大转后直线脱离仍未改善，停车等待,front,-0.4093,-0.0008,1,stop,0.0,,0.0,0,0,1
34.964,530.0,816.0,383.0,1042.0,-0.3701,0.0392,-0.2089,-0.2109,-0.2099,,SAFE_STOP,大转后直线脱离仍未改善，停车等待,front,-0.4093,0.0019,1,stop,0.0,,0.0,0,0,1
34.984,531.0,817.0,382.0,1044.0,-0.3673,0.0414,-0.2089,-0.2088,-0.2088,,SAFE_STOP,大转后直线脱离仍未改善，停车等待,front,-0.4087,-0.0001,1,stop,0.0,,0.0,0,0,1
35.004,530.0,814.0,379.0,1040.0,-0.3701,0.0392,-0.2117,-0.2109,-0.2113,,SAFE_STOP,大转后直线脱离仍未改善，停车等待,front,-0.4093,-0.0008,1,stop,0.0,,0.0,0,0,1
35.024,532.0,819.0,384.0,1044.0,-0.3673,0.0414,-0.2117,-0.2067,-0.2092,,SAFE_STOP,大转后直线脱离仍未改善，停车等待,front,-0.4087,-0.005,1,stop,0.0,,0.0,0,0,1
35.044,529.0,817.0,382.0,1042.0,-0.3701,0.0414,-0.2117,-0.2109,-0.2113,,SAFE_STOP,大转后直线脱离仍未改善，停车等待,front,-0.4115,-0.0008,1,stop,0.0,,0.0,0,0,1
35.064,530.0,816.0,382.0,1043.0,-0.3701,0.0414,-0.2117,-0.2088,-0.2102,,SAFE_STOP,大转后直线脱离仍未改善，停车等待,front,-0.4115,-0.0029,1,stop,0.0,,0.0,0,0,1
35.084,530.0,815.0,382.0,1041.0,-0.3701,0.0392,-0.2117,-0.2109,-0.2113,,SAFE_STOP,大转后直线脱离仍未改善，停车等待,front,-0.4093,-0.0008,1,stop,0.0,,0.0,0,0,1
35.104,531.0,816.0,381.0,1041.0,-0.3701,0.0392,-0.2117,-0.2129,-0.2123,,SAFE_STOP,大转后直线脱离仍未改善，停车等待,front,-0.4093,0.0012,1,stop,0.0,,0.0,0,0,1
35.125,530.0,815.0,381.0,1041.0,-0.3701,0.037,-0.2145,-0.2129,-0.2137,,SAFE_STOP,大转后直线脱离仍未改善，停车等待,front,-0.4071,-0.0015,1,stop,0.0,,0.0,0,0,1
35.145,528.0,814.0,381.0,1040.0,-0.3701,0.037,-0.2145,-0.2129,-0.2137,,SAFE_STOP,大转后直线脱离仍未改善，停车等待,front,-0.4071,-0.0015,1,stop,0.0,,0.0,0,0,1
35.165,534.0,821.0,384.0,1042.0,-0.3701,0.037,-0.2145,-0.2129,-0.2137,,SAFE_STOP,大转后直线脱离仍未改善，停车等待,front,-0.4071,-0.0015,1,stop,0.0,,0.0,0,0,1
35.185,532.0,820.0,385.0,1046.0,-0.3646,0.0479,-0.2061,-0.2109,-0.2085,,SAFE_STOP,大转后直线脱离仍未改善，停车等待,front,-0.4126,0.0047,1,stop,0.0,,0.0,0,0,1
35.205,529.0,816.0,382.0,1041.0,-0.3646,0.0479,-0.2061,-0.2109,-0.2085,,SAFE_STOP,大转后直线脱离仍未改善，停车等待,front,-0.4126,0.0047,1,stop,0.0,,0.0,0,0,1
35.225,531.0,818.0,384.0,1044.0,-0.3673,0.0436,-0.2061,-0.2067,-0.2064,,SAFE_STOP,大转后直线脱离仍未改善，停车等待,front,-0.4109,0.0006,1,stop,0.0,,0.0,0,0,1
35.245,532.0,819.0,384.0,1046.0,-0.3673,0.0436,-0.2061,-0.2067,-0.2064,,SAFE_STOP,大转后直线脱离仍未改善，停车等待,front,-0.4109,0.0006,1,stop,0.0,,0.0,0,0,1
35.265,531.0,819.0,383.0,1044.0,-0.3673,0.0458,-0.2061,-0.2067,-0.2064,,SAFE_STOP,大转后直线脱离仍未改善，停车等待,front,-0.4131,0.0006,1,stop,0.0,,0.0,0,0,1
35.285,533.0,821.0,385.0,1046.0,-0.3646,0.0458,-0.2061,-0.2025,-0.2043,,SAFE_STOP,大转后直线脱离仍未改善，停车等待,front,-0.4104,-0.0036,1,stop,0.0,,0.0,0,0,1
35.305,533.0,821.0,384.0,1045.0,-0.3619,0.0501,-0.2061,-0.2046,-0.2054,,SAFE_STOP,大转后直线脱离仍未改善，停车等待,front,-0.412,-0.0015,1,stop,0.0,,0.0,0,0,1
35.326,532.0,820.0,384.0,1046.0,-0.3619,0.0501,-0.2061,-0.2025,-0.2043,,SAFE_STOP,大转后直线脱离仍未改善，停车等待,front,-0.412,-0.0036,1,stop,0.0,,0.0,0,0,1
35.346,531.0,819.0,383.0,1044.0,-0.3646,0.0479,-0.2061,-0.2046,-0.2054,,SAFE_STOP,大转后直线脱离仍未改善，停车等待,front,-0.4126,-0.0015,1,stop,0.0,,0.0,0,0,1
35.366,532.0,819.0,384.0,1045.0,-0.3646,0.0458,-0.2061,-0.2046,-0.2054,,SAFE_STOP,大转后直线脱离仍未改善，停车等待,front,-0.4104,-0.0015,1,stop,0.0,,0.0,0,0,1
35.386,532.0,821.0,384.0,1046.0,-0.3646,0.0458,-0.2061,-0.2046,-0.2054,,SAFE_STOP,大转后直线脱离仍未改善，停车等待,front,-0.4104,-0.0015,1,stop,0.0,,0.0,0,0,1
35.406,532.0,821.0,384.0,1045.0,-0.3646,0.0501,-0.2061,-0.2046,-0.2054,,SAFE_STOP,大转后直线脱离仍未改善，停车等待,front,-0.4147,-0.0015,1,stop,0.0,,0.0,0,0,1
35.426,532.0,821.0,384.0,1045.0,-0.3646,0.0501,-0.2061,-0.2046,-0.2054,,SAFE_STOP,大转后直线脱离仍未改善，停车等待,front,-0.4147,-0.0015,1,stop,0.0,,0.0,0,0,1
35.446,532.0,820.0,384.0,1045.0,-0.3646,0.0501,-0.2061,-0.2046,-0.2054,,SAFE_STOP,大转后直线脱离仍未改善，停车等待,front,-0.4147,-0.0015,1,stop,0.0,,0.0,0,0,1
35.466,530.0,821.0,384.0,1046.0,-0.3646,0.0501,-0.2061,-0.2046,-0.2054,,SAFE_STOP,大转后直线脱离仍未改善，停车等待,front,-0.4147,-0.0015,1,stop,0.0,,0.0,0,0,1
35.486,532.0,820.0,384.0,1046.0,-0.3646,0.0479,-0.2061,-0.2025,-0.2043,,SAFE_STOP,大转后直线脱离仍未改善，停车等待,front,-0.4126,-0.0036,1,stop,0.0,,0.0,0,0,1
35.506,532.0,820.0,384.0,1045.0,-0.3646,0.0479,-0.2061,-0.2025,-0.2043,,SAFE_STOP,大转后直线脱离仍未改善，停车等待,front,-0.4126,-0.0036,1,stop,0.0,,0.0,0,0,1
35.526,532.0,820.0,384.0,1044.0,-0.3646,0.0479,-0.2061,-0.2046,-0.2054,,SAFE_STOP,大转后直线脱离仍未改善，停车等待,front,-0.4126,-0.0015,1,stop,0.0,,0.0,0,0,1
35.546,532.0,820.0,383.0,1045.0,-0.3646,0.0479,-0.2061,-0.2046,-0.2054,,SAFE_STOP,大转后直线脱离仍未改善，停车等待,front,-0.4126,-0.0015,1,stop,0.0,,0.0,0,0,1
35.566,533.0,820.0,384.0,1046.0,-0.3646,0.0479,-0.2061,-0.2046,-0.2054,,SAFE_STOP,大转后直线脱离仍未改善，停车等待,front,-0.4126,-0.0015,1,stop,0.0,,0.0,0,0,1
35.587,533.0,820.0,384.0,1044.0,-0.3619,0.0479,-0.2061,-0.2046,-0.2054,,SAFE_STOP,大转后直线脱离仍未改善，停车等待,front,-0.4098,-0.0015,1,stop,0.0,,0.0,0,0,1
35.607,533.0,821.0,385.0,1045.0,-0.3619,0.0479,-0.2061,-0.2046,-0.2054,,SAFE_STOP,大转后直线脱离仍未改善，停车等待,front,-0.4098,-0.0015,1,stop,0.0,,0.0,0,0,1
35.627,532.0,820.0,384.0,1046.0,-0.3619,0.0479,-0.2061,-0.2046,-0.2054,,SAFE_STOP,大转后直线脱离仍未改善，停车等待,front,-0.4098,-0.0015,1,stop,0.0,,0.0,0,0,1
35.647,531.0,819.0,384.0,1044.0,-0.3646,0.0479,-0.2061,-0.2046,-0.2054,,SAFE_STOP,大转后直线脱离仍未改善，停车等待,front,-0.4126,-0.0015,1,stop,0.0,,0.0,0,0,1
35.667,533.0,821.0,385.0,1046.0,-0.3646,0.0479,-0.2061,-0.2025,-0.2043,,SAFE_STOP,大转后直线脱离仍未改善，停车等待,front,-0.4126,-0.0036,1,stop,0.0,,0.0,0,0,1
35.687,532.0,820.0,384.0,1045.0,-0.3646,0.0479,-0.2061,-0.2046,-0.2054,,SAFE_STOP,大转后直线脱离仍未改善，停车等待,front,-0.4126,-0.0015,1,stop,0.0,,0.0,0,0,1
35.707,533.0,820.0,384.0,1045.0,-0.3619,0.0479,-0.2061,-0.2046,-0.2054,,SAFE_STOP,大转后直线脱离仍未改善，停车等待,front,-0.4098,-0.0015,1,stop,0.0,,0.0,0,0,1
35.727,533.0,821.0,384.0,1046.0,-0.3619,0.0479,-0.2061,-0.2046,-0.2054,,SAFE_STOP,大转后直线脱离仍未改善，停车等待,front,-0.4098,-0.0015,1,stop,0.0,,0.0,0,0,1
35.747,533.0,821.0,384.0,1046.0,-0.3619,0.0501,-0.2061,-0.2025,-0.2043,,SAFE_STOP,大转后直线脱离仍未改善，停车等待,front,-0.412,-0.0036,1,stop,0.0,,0.0,0,0,1
35.767,531.0,820.0,384.0,1044.0,-0.3619,0.0501,-0.2061,-0.2025,-0.2043,,SAFE_STOP,大转后直线脱离仍未改善，停车等待,front,-0.412,-0.0036,1,stop,0.0,,0.0,0,0,1
35.787,533.0,820.0,384.0,1046.0,-0.3619,0.0479,-0.2061,-0.2025,-0.2043,,SAFE_STOP,大转后直线脱离仍未改善，停车等待,front,-0.4098,-0.0036,1,stop,0.0,,0.0,0,0,1
35.807,532.0,819.0,384.0,1045.0,-0.3646,0.0479,-0.2061,-0.2046,-0.2054,,SAFE_STOP,大转后直线脱离仍未改善，停车等待,front,-0.4126,-0.0015,1,stop,0.0,,0.0,0,0,1
35.827,532.0,819.0,384.0,1044.0,-0.3646,0.0458,-0.2061,-0.2046,-0.2054,,SAFE_STOP,大转后直线脱离仍未改善，停车等待,front,-0.4104,-0.0015,1,stop,0.0,,0.0,0,0,1
35.848,534.0,820.0,385.0,1043.0,-0.3646,0.0458,-0.2061,-0.2067,-0.2064,,SAFE_STOP,大转后直线脱离仍未改善，停车等待,front,-0.4104,0.0006,1,stop,0.0,,0.0,0,0,1
35.868,533.0,820.0,384.0,1045.0,-0.3619,0.0479,-0.2061,-0.2067,-0.2064,,SAFE_STOP,大转后直线脱离仍未改善，停车等待,front,-0.4098,0.0006,1,stop,0.0,,0.0,0,0,1
35.888,532.0,820.0,385.0,1045.0,-0.3619,0.0479,-0.2033,-0.2046,-0.204,,SAFE_STOP,大转后直线脱离仍未改善，停车等待,front,-0.4098,0.0013,1,stop,0.0,,0.0,0,0,1
35.908,532.0,818.0,384.0,1044.0,-0.3646,0.0479,-0.2061,-0.2046,-0.2054,,SAFE_STOP,大转后直线脱离仍未改善，停车等待,front,-0.4126,-0.0015,1,stop,0.0,,0.0,0,0,1
35.928,533.0,820.0,384.0,1044.0,-0.3646,0.0479,-0.2061,-0.2067,-0.2064,,SAFE_STOP,大转后直线脱离仍未改善，停车等待,front,-0.4126,0.0006,1,stop,0.0,,0.0,0,0,1
35.948,532.0,820.0,384.0,1044.0,-0.3646,0.0479,-0.2061,-0.2067,-0.2064,,SAFE_STOP,大转后直线脱离仍未改善，停车等待,front,-0.4126,0.0006,1,stop,0.0,,0.0,0,0,1
35.968,531.0,819.0,384.0,1044.0,-0.3646,0.0479,-0.2061,-0.2067,-0.2064,,SAFE_STOP,大转后直线脱离仍未改善，停车等待,front,-0.4126,0.0006,1,stop,0.0,,0.0,0,0,1
35.988,532.0,820.0,384.0,1045.0,-0.3646,0.0479,-0.2061,-0.2067,-0.2064,,SAFE_STOP,大转后直线脱离仍未改善，停车等待,front,-0.4126,0.0006,1,stop,0.0,,0.0,0,0,1
36.008,532.0,820.0,384.0,1045.0,-0.3646,0.0479,-0.2061,-0.2046,-0.2054,,SAFE_STOP,大转后直线脱离仍未改善，停车等待,front,-0.4126,-0.0015,1,stop,0.0,,0.0,0,0,1
36.028,532.0,820.0,384.0,1044.0,-0.3646,0.0479,-0.2061,-0.2046,-0.2054,,SAFE_STOP,大转后直线脱离仍未改善，停车等待,front,-0.4126,-0.0015,1,stop,0.0,,0.0,0,0,1
36.048,533.0,820.0,384.0,1045.0,-0.3646,0.0479,-0.2061,-0.2046,-0.2054,,SAFE_STOP,大转后直线脱离仍未改善，停车等待,front,-0.4126,-0.0015,1,stop,0.0,,0.0,0,0,1
36.068,532.0,819.0,384.0,1044.0,-0.3646,0.0479,-0.2061,-0.2067,-0.2064,,SAFE_STOP,大转后直线脱离仍未改善，停车等待,front,-0.4126,0.0006,1,stop,0.0,,0.0,0,0,1
36.088,533.0,820.0,384.0,1045.0,-0.3619,0.0479,-0.2061,-0.2046,-0.2054,,SAFE_STOP,大转后直线脱离仍未改善，停车等待,front,-0.4098,-0.0015,1,stop,0.0,,0.0,0,0,1
36.109,532.0,819.0,384.0,1043.0,-0.3646,0.0458,-0.2061,-0.2067,-0.2064,,SAFE_STOP,大转后直线脱离仍未改善，停车等待,front,-0.4104,0.0006,1,stop,0.0,,0.0,0,0,1
36.129,532.0,819.0,384.0,1043.0,-0.3646,0.0458,-0.2061,-0.2088,-0.2074,,SAFE_STOP,大转后直线脱离仍未改善，停车等待,front,-0.4104,0.0026,1,stop,0.0,,0.0,0,0,1
36.149,532.0,819.0,384.0,1044.0,-0.3646,0.0458,-0.2061,-0.2088,-0.2074,,SAFE_STOP,大转后直线脱离仍未改善，停车等待,front,-0.4104,0.0026,1,stop,0.0,,0.0,0,0,1
36.169,532.0,819.0,384.0,1043.0,-0.3646,0.0458,-0.2061,-0.2088,-0.2074,,SAFE_STOP,大转后直线脱离仍未改善，停车等待,front,-0.4104,0.0026,1,stop,0.0,,0.0,0,0,1
36.189,532.0,820.0,383.0,1045.0,-0.3646,0.0458,-0.2061,-0.2067,-0.2064,,SAFE_STOP,大转后直线脱离仍未改善，停车等待,front,-0.4104,0.0006,1,stop,0.0,,0.0,0,0,1
36.209,533.0,820.0,385.0,1044.0,-0.3646,0.0479,-0.2061,-0.2067,-0.2064,,SAFE_STOP,大转后直线脱离仍未改善，停车等待,front,-0.4126,0.0006,1,stop,0.0,,0.0,0,0,1
36.229,533.0,819.0,384.0,1044.0,-0.3619,0.0479,-0.2061,-0.2067,-0.2064,,SAFE_STOP,大转后直线脱离仍未改善，停车等待,front,-0.4098,0.0006,1,stop,0.0,,0.0,0,0,1
36.249,533.0,818.0,384.0,1043.0,-0.3619,0.0458,-0.2061,-0.2067,-0.2064,,SAFE_STOP,大转后直线脱离仍未改善，停车等待,front,-0.4077,0.0006,1,stop,0.0,,0.0,0,0,1
36.269,533.0,820.0,384.0,1044.0,-0.3619,0.0458,-0.2061,-0.2067,-0.2064,,SAFE_STOP,大转后直线脱离仍未改善，停车等待,front,-0.4077,0.0006,1,stop,0.0,,0.0,0,0,1
36.289,533.0,820.0,384.0,1043.0,-0.3619,0.0479,-0.2061,-0.2088,-0.2074,,SAFE_STOP,大转后直线脱离仍未改善，停车等待,front,-0.4098,0.0026,1,stop,0.0,,0.0,0,0,1
36.31,532.0,818.0,383.0,1042.0,-0.3619,0.0479,-0.2061,-0.2088,-0.2074,,SAFE_STOP,大转后直线脱离仍未改善，停车等待,front,-0.4098,0.0026,1,stop,0.0,,0.0,0,0,1
36.33,533.0,820.0,384.0,1044.0,-0.3619,0.0479,-0.2061,-0.2088,-0.2074,,SAFE_STOP,大转后直线脱离仍未改善，停车等待,front,-0.4098,0.0026,1,stop,0.0,,0.0,0,0,1
36.35,532.0,819.0,384.0,1044.0,-0.3646,0.0458,-0.2061,-0.2067,-0.2064,,SAFE_STOP,大转后直线脱离仍未改善，停车等待,front,-0.4104,0.0006,1,stop,0.0,,0.0,0,0,1
36.37,533.0,819.0,384.0,1043.0,-0.3619,0.0458,-0.2061,-0.2067,-0.2064,,SAFE_STOP,大转后直线脱离仍未改善，停车等待,front,-0.4077,0.0006,1,stop,0.0,,0.0,0,0,1
36.39,533.0,820.0,384.0,1043.0,-0.3619,0.0458,-0.2061,-0.2088,-0.2074,,SAFE_STOP,大转后直线脱离仍未改善，停车等待,front,-0.4077,0.0026,1,stop,0.0,,0.0,0,0,1
36.41,532.0,818.0,384.0,1043.0,-0.3619,0.0458,-0.2061,-0.2088,-0.2074,,SAFE_STOP,大转后直线脱离仍未改善，停车等待,front,-0.4077,0.0026,1,stop,0.0,,0.0,0,0,1
36.43,532.0,818.0,384.0,1042.0,-0.3646,0.0436,-0.2061,-0.2088,-0.2074,,SAFE_STOP,大转后直线脱离仍未改善，停车等待,front,-0.4082,0.0026,1,stop,0.0,,0.0,0,0,1
36.45,533.0,821.0,384.0,1044.0,-0.3646,0.0436,-0.2061,-0.2088,-0.2074,,SAFE_STOP,大转后直线脱离仍未改善，停车等待,front,-0.4082,0.0026,1,stop,0.0,,0.0,0,0,1
36.47,533.0,820.0,384.0,1043.0,-0.3619,0.0479,-0.2061,-0.2088,-0.2074,,SAFE_STOP,大转后直线脱离仍未改善，停车等待,front,-0.4098,0.0026,1,stop,0.0,,0.0,0,0,1
36.49,532.0,819.0,385.0,1044.0,-0.3619,0.0479,-0.2061,-0.2067,-0.2064,,SAFE_STOP,大转后直线脱离仍未改善，停车等待,front,-0.4098,0.0006,1,stop,0.0,,0.0,0,0,1
36.511,532.0,820.0,384.0,1043.0,-0.3646,0.0479,-0.2061,-0.2088,-0.2074,,SAFE_STOP,大转后直线脱离仍未改善，停车等待,front,-0.4126,0.0026,1,stop,0.0,,0.0,0,0,1
36.531,532.0,820.0,384.0,1043.0,-0.3646,0.0479,-0.2061,-0.2088,-0.2074,,SAFE_STOP,大转后直线脱离仍未改善，停车等待,front,-0.4126,0.0026,1,stop,0.0,,0.0,0,0,1
36.551,532.0,820.0,384.0,1043.0,-0.3646,0.0479,-0.2061,-0.2088,-0.2074,,SAFE_STOP,大转后直线脱离仍未改善，停车等待,front,-0.4126,0.0026,1,stop,0.0,,0.0,0,0,1
36.571,532.0,820.0,384.0,1042.0,-0.3646,0.0479,-0.2061,-0.2088,-0.2074,,SAFE_STOP,大转后直线脱离仍未改善，停车等待,front,-0.4126,0.0026,1,stop,0.0,,0.0,0,0,1
36.591,532.0,820.0,384.0,1042.0,-0.3646,0.0479,-0.2061,-0.2109,-0.2085,,SAFE_STOP,大转后直线脱离仍未改善，停车等待,front,-0.4126,0.0047,1,stop,0.0,,0.0,0,0,1
36.611,532.0,820.0,384.0,1042.0,-0.3646,0.0479,-0.2061,-0.2109,-0.2085,,SAFE_STOP,大转后直线脱离仍未改善，停车等待,front,-0.4126,0.0047,1,stop,0.0,,0.0,0,0,1
36.631,532.0,820.0,384.0,1043.0,-0.3646,0.0479,-0.2061,-0.2109,-0.2085,,SAFE_STOP,大转后直线脱离仍未改善，停车等待,front,-0.4126,0.0047,1,stop,0.0,,0.0,0,0,1
36.651,533.0,821.0,385.0,1043.0,-0.3646,0.0479,-0.2061,-0.2088,-0.2074,,SAFE_STOP,大转后直线脱离仍未改善，停车等待,front,-0.4126,0.0026,1,stop,0.0,,0.0,0,0,1
36.671,533.0,820.0,384.0,1042.0,-0.3619,0.0479,-0.2061,-0.2088,-0.2074,,SAFE_STOP,大转后直线脱离仍未改善，停车等待,front,-0.4098,0.0026,1,stop,0.0,,0.0,0,0,1
36.692,532.0,819.0,384.0,1043.0,-0.3619,0.0479,-0.2061,-0.2088,-0.2074,,SAFE_STOP,大转后直线脱离仍未改善，停车等待,front,-0.4098,0.0026,1,stop,0.0,,0.0,0,0,1
36.712,533.0,820.0,384.0,1043.0,-0.3619,0.0479,-0.2061,-0.2088,-0.2074,,SAFE_STOP,大转后直线脱离仍未改善，停车等待,front,-0.4098,0.0026,1,stop,0.0,,0.0,0,0,1
36.732,532.0,820.0,384.0,1043.0,-0.3646,0.0479,-0.2061,-0.2088,-0.2074,,SAFE_STOP,大转后直线脱离仍未改善，停车等待,front,-0.4126,0.0026,1,stop,0.0,,0.0,0,0,1
36.752,532.0,820.0,384.0,1043.0,-0.3646,0.0479,-0.2061,-0.2088,-0.2074,,SAFE_STOP,大转后直线脱离仍未改善，停车等待,front,-0.4126,0.0026,1,stop,0.0,,0.0,0,0,1
36.772,533.0,820.0,384.0,1043.0,-0.3646,0.0479,-0.2061,-0.2088,-0.2074,,SAFE_STOP,大转后直线脱离仍未改善，停车等待,front,-0.4126,0.0026,1,stop,0.0,,0.0,0,0,1
36.792,532.0,820.0,384.0,1042.0,-0.3646,0.0479,-0.2061,-0.2088,-0.2074,,SAFE_STOP,大转后直线脱离仍未改善，停车等待,front,-0.4126,0.0026,1,stop,0.0,,0.0,0,0,1
36.812,532.0,820.0,384.0,1042.0,-0.3646,0.0479,-0.2061,-0.2109,-0.2085,,SAFE_STOP,大转后直线脱离仍未改善，停车等待,front,-0.4126,0.0047,1,stop,0.0,,0.0,0,0,1
36.832,532.0,820.0,384.0,1042.0,-0.3646,0.0479,-0.2061,-0.2109,-0.2085,,SAFE_STOP,大转后直线脱离仍未改善，停车等待,front,-0.4126,0.0047,1,stop,0.0,,0.0,0,0,1
36.852,531.0,817.0,383.0,1040.0,-0.3646,0.0479,-0.2061,-0.2109,-0.2085,,SAFE_STOP,大转后直线脱离仍未改善，停车等待,front,-0.4126,0.0047,1,stop,0.0,,0.0,0,0,1
36.873,531.0,819.0,384.0,1040.0,-0.3673,0.0458,-0.2061,-0.215,-0.2106,,SAFE_STOP,大转后直线脱离仍未改善，停车等待,front,-0.4131,0.0089,1,stop,0.0,,0.0,0,0,1
36.893,532.0,820.0,384.0,1043.0,-0.3673,0.0458,-0.2061,-0.215,-0.2106,,SAFE_STOP,大转后直线脱离仍未改善，停车等待,front,-0.4131,0.0089,1,stop,0.0,,0.0,0,0,1
36.913,533.0,821.0,384.0,1043.0,-0.3646,0.0479,-0.2061,-0.2088,-0.2074,,SAFE_STOP,大转后直线脱离仍未改善，停车等待,front,-0.4126,0.0026,1,stop,0.0,,0.0,0,0,1
36.933,531.0,818.0,384.0,1041.0,-0.3646,0.0479,-0.2061,-0.2088,-0.2074,,SAFE_STOP,大转后直线脱离仍未改善，停车等待,front,-0.4126,0.0026,1,stop,0.0,,0.0,0,0,1
36.953,531.0,818.0,384.0,1041.0,-0.3673,0.0436,-0.2061,-0.2129,-0.2095,,SAFE_STOP,大转后直线脱离仍未改善，停车等待,front,-0.4109,0.0068,1,stop,0.0,,0.0,0,0,1
36.973,533.0,819.0,384.0,1043.0,-0.3673,0.0436,-0.2061,-0.2129,-0.2095,,SAFE_STOP,大转后直线脱离仍未改善，停车等待,front,-0.4109,0.0068,1,stop,0.0,,0.0,0,0,1
36.993,533.0,820.0,384.0,1043.0,-0.3619,0.0458,-0.2061,-0.2088,-0.2074,,SAFE_STOP,大转后直线脱离仍未改善，停车等待,front,-0.4077,0.0026,1,stop,0.0,,0.0,0,0,1
37.013,532.0,819.0,384.0,1043.0,-0.3619,0.0458,-0.2061,-0.2088,-0.2074,,SAFE_STOP,大转后直线脱离仍未改善，停车等待,front,-0.4077,0.0026,1,stop,0.0,,0.0,0,0,1
37.033,532.0,821.0,384.0,1043.0,-0.3646,0.0479,-0.2061,-0.2088,-0.2074,,SAFE_STOP,大转后直线脱离仍未改善，停车等待,front,-0.4126,0.0026,1,stop,0.0,,0.0,0,0,1
37.053,532.0,820.0,384.0,1041.0,-0.3646,0.0479,-0.2061,-0.2088,-0.2074,,SAFE_STOP,大转后直线脱离仍未改善，停车等待,front,-0.4126,0.0026,1,stop,0.0,,0.0,0,0,1
37.074,532.0,820.0,384.0,1042.0,-0.3646,0.0479,-0.2061,-0.2109,-0.2085,,SAFE_STOP,大转后直线脱离仍未改善，停车等待,front,-0.4126,0.0047,1,stop,0.0,,0.0,0,0,1
37.094,533.0,821.0,384.0,1043.0,-0.3646,0.0479,-0.2061,-0.2109,-0.2085,,SAFE_STOP,大转后直线脱离仍未改善，停车等待,front,-0.4126,0.0047,1,stop,0.0,,0.0,0,0,1
37.114,533.0,821.0,384.0,1043.0,-0.3619,0.0501,-0.2061,-0.2088,-0.2074,,SAFE_STOP,大转后直线脱离仍未改善，停车等待,front,-0.412,0.0026,1,stop,0.0,,0.0,0,0,1
37.134,532.0,819.0,384.0,1043.0,-0.3619,0.0501,-0.2061,-0.2088,-0.2074,,SAFE_STOP,大转后直线脱离仍未改善，停车等待,front,-0.412,0.0026,1,stop,0.0,,0.0,0,0,1
37.154,533.0,820.0,384.0,1044.0,-0.3619,0.0479,-0.2061,-0.2088,-0.2074,,SAFE_STOP,大转后直线脱离仍未改善，停车等待,front,-0.4098,0.0026,1,stop,0.0,,0.0,0,0,1
37.174,532.0,820.0,384.0,1043.0,-0.3646,0.0479,-0.2061,-0.2088,-0.2074,,SAFE_STOP,大转后直线脱离仍未改善，停车等待,front,-0.4126,0.0026,1,stop,0.0,,0.0,0,0,1
37.194,532.0,818.0,384.0,1041.0,-0.3646,0.0479,-0.2061,-0.2088,-0.2074,,SAFE_STOP,大转后直线脱离仍未改善，停车等待,front,-0.4126,0.0026,1,stop,0.0,,0.0,0,0,1
37.214,533.0,820.0,384.0,1043.0,-0.3646,0.0479,-0.2061,-0.2088,-0.2074,,SAFE_STOP,大转后直线脱离仍未改善，停车等待,front,-0.4126,0.0026,1,stop,0.0,,0.0,0,0,1
37.234,533.0,820.0,384.0,1043.0,-0.3619,0.0479,-0.2061,-0.2088,-0.2074,,SAFE_STOP,大转后直线脱离仍未改善，停车等待,front,-0.4098,0.0026,1,stop,0.0,,0.0,0,0,1
37.255,532.0,818.0,383.0,1041.0,-0.3619,0.0479,-0.2061,-0.2088,-0.2074,,SAFE_STOP,大转后直线脱离仍未改善，停车等待,front,-0.4098,0.0026,1,stop,0.0,,0.0,0,0,1
37.275,532.0,819.0,384.0,1042.0,-0.3646,0.0458,-0.2061,-0.2109,-0.2085,,SAFE_STOP,大转后直线脱离仍未改善，停车等待,front,-0.4104,0.0047,1,stop,0.0,,0.0,0,0,1
37.295,533.0,821.0,384.0,1043.0,-0.3646,0.0458,-0.2061,-0.2109,-0.2085,,SAFE_STOP,大转后直线脱离仍未改善，停车等待,front,-0.4104,0.0047,1,stop,0.0,,0.0,0,0,1
37.315,532.0,820.0,384.0,1043.0,-0.3646,0.0479,-0.2061,-0.2088,-0.2074,,SAFE_STOP,大转后直线脱离仍未改善，停车等待,front,-0.4126,0.0026,1,stop,0.0,,0.0,0,0,1
37.335,533.0,821.0,384.0,1043.0,-0.3619,0.0501,-0.2061,-0.2088,-0.2074,,SAFE_STOP,大转后直线脱离仍未改善，停车等待,front,-0.412,0.0026,1,stop,0.0,,0.0,0,0,1
37.355,533.0,821.0,384.0,1043.0,-0.3619,0.0501,-0.2061,-0.2088,-0.2074,,SAFE_STOP,大转后直线脱离仍未改善，停车等待,front,-0.412,0.0026,1,stop,0.0,,0.0,0,0,1
37.375,533.0,820.0,385.0,1044.0,-0.3619,0.0501,-0.2061,-0.2088,-0.2074,,SAFE_STOP,大转后直线脱离仍未改善，停车等待,front,-0.412,0.0026,1,stop,0.0,,0.0,0,0,1
37.395,530.0,816.0,381.0,1038.0,-0.3619,0.0479,-0.2061,-0.2088,-0.2074,,SAFE_STOP,大转后直线脱离仍未改善，停车等待,front,-0.4098,0.0026,1,stop,0.0,,0.0,0,0,1
37.415,532.0,818.0,383.0,1041.0,-0.3646,0.0436,-0.2089,-0.2129,-0.2109,,SAFE_STOP,大转后直线脱离仍未改善，停车等待,front,-0.4082,0.004,1,stop,0.0,,0.0,0,0,1
37.436,529.0,815.0,381.0,1036.0,-0.3701,0.0392,-0.2145,-0.2192,-0.2168,,SAFE_STOP,大转后直线脱离仍未改善，停车等待,front,-0.4093,0.0047,1,stop,0.0,,0.0,0,0,1
37.456,532.0,819.0,384.0,1042.0,-0.3646,0.0436,-0.2089,-0.2129,-0.2109,,SAFE_STOP,大转后直线脱离仍未改善，停车等待,front,-0.4082,0.004,1,stop,0.0,,0.0,0,0,1
37.476,533.0,820.0,384.0,1044.0,-0.3646,0.0458,-0.2061,-0.2109,-0.2085,,SAFE_STOP,大转后直线脱离仍未改善，停车等待,front,-0.4104,0.0047,1,stop,0.0,,0.0,0,0,1
37.496,533.0,820.0,384.0,1043.0,-0.3619,0.0479,-0.2061,-0.2088,-0.2074,,SAFE_STOP,大转后直线脱离仍未改善，停车等待,front,-0.4098,0.0026,1,stop,0.0,,0.0,0,0,1
37.516,532.0,819.0,384.0,1042.0,-0.3619,0.0479,-0.2061,-0.2088,-0.2074,,SAFE_STOP,大转后直线脱离仍未改善，停车等待,front,-0.4098,0.0026,1,stop,0.0,,0.0,0,0,1
37.536,533.0,820.0,384.0,1043.0,-0.3619,0.0479,-0.2061,-0.2088,-0.2074,,SAFE_STOP,大转后直线脱离仍未改善，停车等待,front,-0.4098,0.0026,1,stop,0.0,,0.0,0,0,1
37.556,532.0,820.0,383.0,1043.0,-0.3646,0.0479,-0.2061,-0.2088,-0.2074,,SAFE_STOP,大转后直线脱离仍未改善，停车等待,front,-0.4126,0.0026,1,stop,0.0,,0.0,0,0,1
37.576,533.0,820.0,384.0,1044.0,-0.3619,0.0479,-0.2061,-0.2088,-0.2074,,SAFE_STOP,大转后直线脱离仍未改善，停车等待,front,-0.4098,0.0026,1,stop,0.0,,0.0,0,0,1
37.596,532.0,819.0,384.0,1043.0,-0.3646,0.0479,-0.2061,-0.2088,-0.2074,,SAFE_STOP,大转后直线脱离仍未改善，停车等待,front,-0.4126,0.0026,1,stop,0.0,,0.0,0,0,1
37.617,533.0,821.0,385.0,1043.0,-0.3619,0.0479,-0.2061,-0.2088,-0.2074,,SAFE_STOP,大转后直线脱离仍未改善，停车等待,front,-0.4098,0.0026,1,stop,0.0,,0.0,0,0,1
37.637,531.0,820.0,384.0,1044.0,-0.3646,0.0479,-0.2061,-0.2088,-0.2074,,SAFE_STOP,大转后直线脱离仍未改善，停车等待,front,-0.4126,0.0026,1,stop,0.0,,0.0,0,0,1
37.657,532.0,820.0,384.0,1043.0,-0.3646,0.0479,-0.2061,-0.2088,-0.2074,,SAFE_STOP,大转后直线脱离仍未改善，停车等待,front,-0.4126,0.0026,1,stop,0.0,,0.0,0,0,1
37.677,533.0,820.0,384.0,1043.0,-0.3646,0.0479,-0.2061,-0.2088,-0.2074,,SAFE_STOP,大转后直线脱离仍未改善，停车等待,front,-0.4126,0.0026,1,stop,0.0,,0.0,0,0,1
37.697,532.0,819.0,384.0,1041.0,-0.3646,0.0479,-0.2061,-0.2088,-0.2074,,SAFE_STOP,大转后直线脱离仍未改善，停车等待,front,-0.4126,0.0026,1,stop,0.0,,0.0,0,0,1
37.717,533.0,820.0,384.0,1042.0,-0.3619,0.0479,-0.2061,-0.2109,-0.2085,,SAFE_STOP,大转后直线脱离仍未改善，停车等待,front,-0.4098,0.0047,1,stop,0.0,,0.0,0,0,1
37.737,532.0,820.0,384.0,1043.0,-0.3646,0.0479,-0.2061,-0.2109,-0.2085,,SAFE_STOP,大转后直线脱离仍未改善，停车等待,front,-0.4126,0.0047,1,stop,0.0,,0.0,0,0,1
37.757,533.0,820.0,384.0,1043.0,-0.3619,0.0479,-0.2061,-0.2088,-0.2074,,SAFE_STOP,大转后直线脱离仍未改善，停车等待,front,-0.4098,0.0026,1,stop,0.0,,0.0,0,0,1
37.777,533.0,820.0,384.0,1043.0,-0.3619,0.0479,-0.2061,-0.2088,-0.2074,,SAFE_STOP,大转后直线脱离仍未改善，停车等待,front,-0.4098,0.0026,1,stop,0.0,,0.0,0,0,1
37.797,532.0,819.0,384.0,1042.0,-0.3619,0.0479,-0.2061,-0.2088,-0.2074,,SAFE_STOP,大转后直线脱离仍未改善，停车等待,front,-0.4098,0.0026,1,stop,0.0,,0.0,0,0,1
37.818,532.0,818.0,384.0,1043.0,-0.3646,0.0458,-0.2061,-0.2088,-0.2074,,SAFE_STOP,大转后直线脱离仍未改善，停车等待,front,-0.4104,0.0026,1,stop,0.0,,0.0,0,0,1
37.838,532.0,819.0,383.0,1042.0,-0.3646,0.0458,-0.2061,-0.2109,-0.2085,,SAFE_STOP,大转后直线脱离仍未改善，停车等待,front,-0.4104,0.0047,1,stop,0.0,,0.0,0,0,1
37.858,533.0,820.0,384.0,1043.0,-0.3646,0.0458,-0.2061,-0.2088,-0.2074,,SAFE_STOP,大转后直线脱离仍未改善，停车等待,front,-0.4104,0.0026,1,stop,0.0,,0.0,0,0,1
37.878,533.0,819.0,383.0,1043.0,-0.3619,0.0458,-0.2089,-0.2088,-0.2088,,SAFE_STOP,大转后直线脱离仍未改善，停车等待,front,-0.4077,-0.0001,1,stop,0.0,,0.0,0,0,1
37.898,533.0,820.0,384.0,1043.0,-0.3619,0.0479,-0.2061,-0.2088,-0.2074,,SAFE_STOP,大转后直线脱离仍未改善，停车等待,front,-0.4098,0.0026,1,stop,0.0,,0.0,0,0,1
37.918,533.0,819.0,384.0,1043.0,-0.3619,0.0458,-0.2061,-0.2088,-0.2074,,SAFE_STOP,大转后直线脱离仍未改善，停车等待,front,-0.4077,0.0026,1,stop,0.0,,0.0,0,0,1
37.938,532.0,819.0,384.0,1042.0,-0.3619,0.0458,-0.2061,-0.2088,-0.2074,,SAFE_STOP,大转后直线脱离仍未改善，停车等待,front,-0.4077,0.0026,1,stop,0.0,,0.0,0,0,1
37.958,533.0,819.0,384.0,1042.0,-0.3619,0.0458,-0.2061,-0.2109,-0.2085,,SAFE_STOP,大转后直线脱离仍未改善，停车等待,front,-0.4077,0.0047,1,stop,0.0,,0.0,0,0,1
37.978,530.0,816.0,382.0,1038.0,-0.3646,0.0458,-0.2061,-0.2109,-0.2085,,SAFE_STOP,大转后直线脱离仍未改善，停车等待,front,-0.4104,0.0047,1,stop,0.0,,0.0,0,0,1
37.999,531.0,817.0,382.0,1040.0,-0.3673,0.0414,-0.2117,-0.215,-0.2134,,SAFE_STOP,大转后直线脱离仍未改善，停车等待,front,-0.4087,0.0033,1,stop,0.0,,0.0,0,0,1
38.019,532.0,818.0,383.0,1042.0,-0.3673,0.0414,-0.2117,-0.215,-0.2134,,SAFE_STOP,大转后直线脱离仍未改善，停车等待,front,-0.4087,0.0033,1,stop,0.0,,0.0,0,0,1
38.039,532.0,820.0,384.0,1043.0,-0.3646,0.0436,-0.2089,-0.2109,-0.2099,,SAFE_STOP,大转后直线脱离仍未改善，停车等待,front,-0.4082,0.0019,1,stop,0.0,,0.0,0,0,1
38.059,531.0,818.0,383.0,1041.0,-0.3646,0.0436,-0.2089,-0.2109,-0.2099,,SAFE_STOP,大转后直线脱离仍未改善，停车等待,front,-0.4082,0.0019,1,stop,0.0,,0.0,0,0,1
38.079,532.0,820.0,384.0,1043.0,-0.3646,0.0479,-0.2061,-0.2088,-0.2074,,SAFE_STOP,大转后直线脱离仍未改善，停车等待,front,-0.4126,0.0026,1,stop,0.0,,0.0,0,0,1
38.099,533.0,818.0,384.0,1042.0,-0.3646,0.0436,-0.2061,-0.2109,-0.2085,,SAFE_STOP,大转后直线脱离仍未改善，停车等待,front,-0.4082,0.0047,1,stop,0.0,,0.0,0,0,1
38.119,533.0,819.0,384.0,1043.0,-0.3619,0.0458,-0.2061,-0.2088,-0.2074,,SAFE_STOP,大转后直线脱离仍未改善，停车等待,front,-0.4077,0.0026,1,stop,0.0,,0.0,0,0,1
38.139,533.0,819.0,384.0,1042.0,-0.3619,0.0458,-0.2061,-0.2109,-0.2085,,SAFE_STOP,大转后直线脱离仍未改善，停车等待,front,-0.4077,0.0047,1,stop,0.0,,0.0,0,0,1
38.159,533.0,819.0,384.0,1042.0,-0.3619,0.0458,-0.2061,-0.2109,-0.2085,,SAFE_STOP,大转后直线脱离仍未改善，停车等待,front,-0.4077,0.0047,1,stop,0.0,,0.0,0,0,1
38.18,533.0,819.0,384.0,1042.0,-0.3619,0.0458,-0.2061,-0.2109,-0.2085,,SAFE_STOP,大转后直线脱离仍未改善，停车等待,front,-0.4077,0.0047,1,stop,0.0,,0.0,0,0,1
38.2,532.0,818.0,382.0,1042.0,-0.3619,0.0458,-0.2061,-0.2109,-0.2085,,SAFE_STOP,大转后直线脱离仍未改善，停车等待,front,-0.4077,0.0047,1,stop,0.0,,0.0,0,0,1
38.22,533.0,819.0,384.0,1042.0,-0.3619,0.0458,-0.2061,-0.2109,-0.2085,,SAFE_STOP,大转后直线脱离仍未改善，停车等待,front,-0.4077,0.0047,1,stop,0.0,,0.0,0,0,1
38.24,532.0,819.0,384.0,1042.0,-0.3646,0.0458,-0.2061,-0.2109,-0.2085,,SAFE_STOP,大转后直线脱离仍未改善，停车等待,front,-0.4104,0.0047,1,stop,0.0,,0.0,0,0,1
38.26,533.0,820.0,384.0,1043.0,-0.3619,0.0458,-0.2061,-0.2109,-0.2085,,SAFE_STOP,大转后直线脱离仍未改善，停车等待,front,-0.4077,0.0047,1,stop,0.0,,0.0,0,0,1
38.28,533.0,820.0,383.0,1041.0,-0.3619,0.0479,-0.2061,-0.2109,-0.2085,,SAFE_STOP,大转后直线脱离仍未改善，停车等待,front,-0.4098,0.0047,1,stop,0.0,,0.0,0,0,1
38.3,532.0,819.0,383.0,1041.0,-0.3619,0.0479,-0.2089,-0.2129,-0.2109,,SAFE_STOP,大转后直线脱离仍未改善，停车等待,front,-0.4098,0.004,1,stop,0.0,,0.0,0,0,1
38.32,532.0,818.0,384.0,1042.0,-0.3646,0.0458,-0.2089,-0.2129,-0.2109,,SAFE_STOP,大转后直线脱离仍未改善，停车等待,front,-0.4104,0.004,1,stop,0.0,,0.0,0,0,1
38.341,533.0,820.0,384.0,1044.0,-0.3646,0.0458,-0.2061,-0.2109,-0.2085,,SAFE_STOP,大转后直线脱离仍未改善，停车等待,front,-0.4104,0.0047,1,stop,0.0,,0.0,0,0,1
38.361,531.0,817.0,383.0,1040.0,-0.3646,0.0436,-0.2061,-0.2109,-0.2085,,SAFE_STOP,大转后直线脱离仍未改善，停车等待,front,-0.4082,0.0047,1,stop,0.0,,0.0,0,0,1
38.381,532.0,818.0,383.0,1042.0,-0.3646,0.0436,-0.2089,-0.2109,-0.2099,,SAFE_STOP,大转后直线脱离仍未改善，停车等待,front,-0.4082,0.0019,1,stop,0.0,,0.0,0,0,1
38.401,532.0,818.0,383.0,1042.0,-0.3646,0.0436,-0.2089,-0.2109,-0.2099,,SAFE_STOP,大转后直线脱离仍未改善，停车等待,front,-0.4082,0.0019,1,stop,0.0,,0.0,0,0,1
38.421,532.0,818.0,384.0,1042.0,-0.3646,0.0436,-0.2089,-0.2109,-0.2099,,SAFE_STOP,大转后直线脱离仍未改善，停车等待,front,-0.4082,0.0019,1,stop,0.0,,0.0,0,0,1
38.441,532.0,819.0,384.0,1042.0,-0.3646,0.0436,-0.2061,-0.2109,-0.2085,,SAFE_STOP,大转后直线脱离仍未改善，停车等待,front,-0.4082,0.0047,1,stop,0.0,,0.0,0,0,1
38.461,532.0,818.0,383.0,1042.0,-0.3646,0.0436,-0.2061,-0.2109,-0.2085,,SAFE_STOP,大转后直线脱离仍未改善，停车等待,front,-0.4082,0.0047,1,stop,0.0,,0.0,0,0,1
38.481,532.0,818.0,384.0,1041.0,-0.3646,0.0436,-0.2061,-0.2109,-0.2085,,SAFE_STOP,大转后直线脱离仍未改善，停车等待,front,-0.4082,0.0047,1,stop,0.0,,0.0,0,0,1
38.501,532.0,819.0,384.0,1042.0,-0.3646,0.0436,-0.2061,-0.2109,-0.2085,,SAFE_STOP,大转后直线脱离仍未改善，停车等待,front,-0.4082,0.0047,1,stop,0.0,,0.0,0,0,1
38.522,532.0,819.0,384.0,1042.0,-0.3646,0.0458,-0.2061,-0.2109,-0.2085,,SAFE_STOP,大转后直线脱离仍未改善，停车等待,front,-0.4104,0.0047,1,stop,0.0,,0.0,0,0,1
38.542,532.0,819.0,384.0,1042.0,-0.3646,0.0458,-0.2061,-0.2109,-0.2085,,SAFE_STOP,大转后直线脱离仍未改善，停车等待,front,-0.4104,0.0047,1,stop,0.0,,0.0,0,0,1
38.562,532.0,819.0,384.0,1042.0,-0.3646,0.0458,-0.2061,-0.2109,-0.2085,,SAFE_STOP,大转后直线脱离仍未改善，停车等待,front,-0.4104,0.0047,1,stop,0.0,,0.0,0,0,1
38.582,533.0,819.0,384.0,1042.0,-0.3646,0.0458,-0.2061,-0.2109,-0.2085,,SAFE_STOP,大转后直线脱离仍未改善，停车等待,front,-0.4104,0.0047,1,stop,0.0,,0.0,0,0,1
38.602,533.0,819.0,384.0,1042.0,-0.3619,0.0458,-0.2061,-0.2109,-0.2085,,SAFE_STOP,大转后直线脱离仍未改善，停车等待,front,-0.4077,0.0047,1,stop,0.0,,0.0,0,0,1
38.622,532.0,819.0,384.0,1042.0,-0.3619,0.0458,-0.2061,-0.2109,-0.2085,,SAFE_STOP,大转后直线脱离仍未改善，停车等待,front,-0.4077,0.0047,1,stop,0.0,,0.0,0,0,1
38.642,532.0,819.0,383.0,1042.0,-0.3646,0.0458,-0.2061,-0.2109,-0.2085,,SAFE_STOP,大转后直线脱离仍未改善，停车等待,front,-0.4104,0.0047,1,stop,0.0,,0.0,0,0,1
38.662,532.0,819.0,383.0,1041.0,-0.3646,0.0458,-0.2089,-0.2109,-0.2099,,SAFE_STOP,大转后直线脱离仍未改善，停车等待,front,-0.4104,0.0019,1,stop,0.0,,0.0,0,0,1
38.682,533.0,819.0,384.0,1043.0,-0.3646,0.0458,-0.2089,-0.2109,-0.2099,,SAFE_STOP,大转后直线脱离仍未改善，停车等待,front,-0.4104,0.0019,1,stop,0.0,,0.0,0,0,1
38.703,533.0,819.0,384.0,1043.0,-0.3619,0.0458,-0.2061,-0.2088,-0.2074,,SAFE_STOP,大转后直线脱离仍未改善，停车等待,front,-0.4077,0.0026,1,stop,0.0,,0.0,0,0,1
38.723,533.0,820.0,384.0,1042.0,-0.3619,0.0458,-0.2061,-0.2088,-0.2074,,SAFE_STOP,大转后直线脱离仍未改善，停车等待,front,-0.4077,0.0026,1,stop,0.0,,0.0,0,0,1
38.743,532.0,819.0,384.0,1043.0,-0.3619,0.0458,-0.2061,-0.2088,-0.2074,,SAFE_STOP,大转后直线脱离仍未改善，停车等待,front,-0.4077,0.0026,1,stop,0.0,,0.0,0,0,1
38.763,533.0,820.0,385.0,1043.0,-0.3619,0.0479,-0.2061,-0.2088,-0.2074,,SAFE_STOP,大转后直线脱离仍未改善，停车等待,front,-0.4098,0.0026,1,stop,0.0,,0.0,0,0,1
38.783,532.0,819.0,384.0,1042.0,-0.3646,0.0458,-0.2061,-0.2088,-0.2074,,SAFE_STOP,大转后直线脱离仍未改善，停车等待,front,-0.4104,0.0026,1,stop,0.0,,0.0,0,0,1
38.803,532.0,819.0,384.0,1043.0,-0.3646,0.0458,-0.2061,-0.2088,-0.2074,,SAFE_STOP,大转后直线脱离仍未改善，停车等待,front,-0.4104,0.0026,1,stop,0.0,,0.0,0,0,1
38.823,532.0,819.0,383.0,1042.0,-0.3646,0.0458,-0.2061,-0.2109,-0.2085,,SAFE_STOP,大转后直线脱离仍未改善，停车等待,front,-0.4104,0.0047,1,stop,0.0,,0.0,0,0,1
38.843,534.0,820.0,384.0,1042.0,-0.3646,0.0458,-0.2061,-0.2109,-0.2085,,SAFE_STOP,大转后直线脱离仍未改善，停车等待,front,-0.4104,0.0047,1,stop,0.0,,0.0,0,0,1
38.863,533.0,819.0,384.0,1044.0,-0.3619,0.0458,-0.2061,-0.2109,-0.2085,,SAFE_STOP,大转后直线脱离仍未改善，停车等待,front,-0.4077,0.0047,1,stop,0.0,,0.0,0,0,1
38.883,533.0,820.0,384.0,1042.0,-0.3619,0.0479,-0.2061,-0.2109,-0.2085,,SAFE_STOP,大转后直线脱离仍未改善，停车等待,front,-0.4098,0.0047,1,stop,0.0,,0.0,0,0,1
38.903,532.0,819.0,383.0,1044.0,-0.3619,0.0458,-0.2061,-0.2067,-0.2064,,SAFE_STOP,大转后直线脱离仍未改善，停车等待,front,-0.4077,0.0006,1,stop,0.0,,0.0,0,0,1
38.924,534.0,820.0,384.0,1044.0,-0.3619,0.0479,-0.2061,-0.2067,-0.2064,,SAFE_STOP,大转后直线脱离仍未改善，停车等待,front,-0.4098,0.0006,1,stop,0.0,,0.0,0,0,1
38.944,533.0,819.0,384.0,1044.0,-0.3619,0.0458,-0.2061,-0.2067,-0.2064,,SAFE_STOP,大转后直线脱离仍未改善，停车等待,front,-0.4077,0.0006,1,stop,0.0,,0.0,0,0,1
38.964,533.0,819.0,384.0,1044.0,-0.3619,0.0458,-0.2061,-0.2067,-0.2064,,SAFE_STOP,大转后直线脱离仍未改善，停车等待,front,-0.4077,0.0006,1,stop,0.0,,0.0,0,0,1
38.984,533.0,820.0,385.0,1044.0,-0.3619,0.0458,-0.2061,-0.2067,-0.2064,,SAFE_STOP,大转后直线脱离仍未改善，停车等待,front,-0.4077,0.0006,1,stop,0.0,,0.0,0,0,1
39.004,533.0,819.0,384.0,1043.0,-0.3619,0.0458,-0.2061,-0.2067,-0.2064,,SAFE_STOP,大转后直线脱离仍未改善，停车等待,front,-0.4077,0.0006,1,stop,0.0,,0.0,0,0,1
39.024,532.0,819.0,384.0,1041.0,-0.3619,0.0458,-0.2061,-0.2088,-0.2074,,SAFE_STOP,大转后直线脱离仍未改善，停车等待,front,-0.4077,0.0026,1,stop,0.0,,0.0,0,0,1
39.044,533.0,820.0,384.0,1043.0,-0.3619,0.0458,-0.2061,-0.2088,-0.2074,,SAFE_STOP,大转后直线脱离仍未改善，停车等待,front,-0.4077,0.0026,1,stop,0.0,,0.0,0,0,1
39.064,532.0,819.0,384.0,1043.0,-0.3646,0.0458,-0.2061,-0.2088,-0.2074,,SAFE_STOP,大转后直线脱离仍未改善，停车等待,front,-0.4104,0.0026,1,stop,0.0,,0.0,0,0,1
39.084,533.0,819.0,384.0,1042.0,-0.3619,0.0458,-0.2061,-0.2088,-0.2074,,SAFE_STOP,大转后直线脱离仍未改善，停车等待,front,-0.4077,0.0026,1,stop,0.0,,0.0,0,0,1
39.105,533.0,819.0,384.0,1042.0,-0.3619,0.0458,-0.2061,-0.2109,-0.2085,,SAFE_STOP,大转后直线脱离仍未改善，停车等待,front,-0.4077,0.0047,1,stop,0.0,,0.0,0,0,1
39.125,533.0,819.0,384.0,1043.0,-0.3619,0.0458,-0.2061,-0.2109,-0.2085,,SAFE_STOP,大转后直线脱离仍未改善，停车等待,front,-0.4077,0.0047,1,stop,0.0,,0.0,0,0,1
39.145,533.0,819.0,384.0,1042.0,-0.3619,0.0458,-0.2061,-0.2109,-0.2085,,SAFE_STOP,大转后直线脱离仍未改善，停车等待,front,-0.4077,0.0047,1,stop,0.0,,0.0,0,0,1
39.165,532.0,818.0,384.0,1042.0,-0.3619,0.0458,-0.2061,-0.2109,-0.2085,,SAFE_STOP,大转后直线脱离仍未改善，停车等待,front,-0.4077,0.0047,1,stop,0.0,,0.0,0,0,1
39.185,533.0,819.0,384.0,1042.0,-0.3619,0.0458,-0.2061,-0.2109,-0.2085,,SAFE_STOP,大转后直线脱离仍未改善，停车等待,front,-0.4077,0.0047,1,stop,0.0,,0.0,0,0,1
39.205,533.0,819.0,383.0,1043.0,-0.3619,0.0458,-0.2061,-0.2109,-0.2085,,SAFE_STOP,大转后直线脱离仍未改善，停车等待,front,-0.4077,0.0047,1,stop,0.0,,0.0,0,0,1
39.225,533.0,819.0,384.0,1042.0,-0.3619,0.0458,-0.2061,-0.2109,-0.2085,,SAFE_STOP,大转后直线脱离仍未改善，停车等待,front,-0.4077,0.0047,1,stop,0.0,,0.0,0,0,1
39.245,532.0,818.0,384.0,1041.0,-0.3619,0.0458,-0.2061,-0.2109,-0.2085,,SAFE_STOP,大转后直线脱离仍未改善，停车等待,front,-0.4077,0.0047,1,stop,0.0,,0.0,0,0,1
39.265,533.0,819.0,384.0,1043.0,-0.3619,0.0458,-0.2061,-0.2109,-0.2085,,SAFE_STOP,大转后直线脱离仍未改善，停车等待,front,-0.4077,0.0047,1,stop,0.0,,0.0,0,0,1
39.286,533.0,819.0,384.0,1043.0,-0.3619,0.0458,-0.2061,-0.2088,-0.2074,,SAFE_STOP,大转后直线脱离仍未改善，停车等待,front,-0.4077,0.0026,1,stop,0.0,,0.0,0,0,1
39.306,532.0,818.0,384.0,1041.0,-0.3619,0.0458,-0.2061,-0.2088,-0.2074,,SAFE_STOP,大转后直线脱离仍未改善，停车等待,front,-0.4077,0.0026,1,stop,0.0,,0.0,0,0,1
39.326,533.0,818.0,383.0,1042.0,-0.3619,0.0436,-0.2061,-0.2109,-0.2085,,SAFE_STOP,大转后直线脱离仍未改善，停车等待,front,-0.4055,0.0047,1,stop,0.0,,0.0,0,0,1
39.346,533.0,820.0,384.0,1042.0,-0.3619,0.0436,-0.2061,-0.2109,-0.2085,,SAFE_STOP,大转后直线脱离仍未改善，停车等待,front,-0.4055,0.0047,1,stop,0.0,,0.0,0,0,1
39.366,533.0,820.0,384.0,1042.0,-0.3619,0.0479,-0.2061,-0.2109,-0.2085,,SAFE_STOP,大转后直线脱离仍未改善，停车等待,front,-0.4098,0.0047,1,stop,0.0,,0.0,0,0,1
39.386,533.0,818.0,384.0,1042.0,-0.3619,0.0479,-0.2061,-0.2109,-0.2085,,SAFE_STOP,大转后直线脱离仍未改善，停车等待,front,-0.4098,0.0047,1,stop,0.0,,0.0,0,0,1
39.406,533.0,819.0,384.0,1042.0,-0.3619,0.0458,-0.2061,-0.2109,-0.2085,,SAFE_STOP,大转后直线脱离仍未改善，停车等待,front,-0.4077,0.0047,1,stop,0.0,,0.0,0,0,1
39.426,532.0,818.0,384.0,1042.0,-0.3619,0.0436,-0.2061,-0.2109,-0.2085,,SAFE_STOP,大转后直线脱离仍未改善，停车等待,front,-0.4055,0.0047,1,stop,0.0,,0.0,0,0,1
39.446,532.0,817.0,384.0,1040.0,-0.3646,0.0436,-0.2061,-0.2109,-0.2085,,SAFE_STOP,大转后直线脱离仍未改善，停车等待,front,-0.4082,0.0047,1,stop,0.0,,0.0,0,0,1
39.467,533.0,818.0,384.0,1042.0,-0.3646,0.0436,-0.2061,-0.2109,-0.2085,,SAFE_STOP,大转后直线脱离仍未改善，停车等待,front,-0.4082,0.0047,1,stop,0.0,,0.0,0,0,1
39.487,533.0,818.0,384.0,1043.0,-0.3619,0.0436,-0.2061,-0.2109,-0.2085,,SAFE_STOP,大转后直线脱离仍未改善，停车等待,front,-0.4055,0.0047,1,stop,0.0,,0.0,0,0,1
39.507,532.0,818.0,383.0,1041.0,-0.3619,0.0436,-0.2061,-0.2109,-0.2085,,SAFE_STOP,大转后直线脱离仍未改善，停车等待,front,-0.4055,0.0047,1,stop,0.0,,0.0,0,0,1
39.527,533.0,818.0,384.0,1043.0,-0.3619,0.0436,-0.2061,-0.2088,-0.2074,,SAFE_STOP,大转后直线脱离仍未改善，停车等待,front,-0.4055,0.0026,1,stop,0.0,,0.0,0,0,1
39.547,533.0,819.0,384.0,1042.0,-0.3619,0.0436,-0.2061,-0.2109,-0.2085,,SAFE_STOP,大转后直线脱离仍未改善，停车等待,front,-0.4055,0.0047,1,stop,0.0,,0.0,0,0,1
39.567,532.0,818.0,383.0,1041.0,-0.3619,0.0436,-0.2061,-0.2109,-0.2085,,SAFE_STOP,大转后直线脱离仍未改善，停车等待,front,-0.4055,0.0047,1,stop,0.0,,0.0,0,0,1
39.587,533.0,817.0,384.0,1041.0,-0.3619,0.0436,-0.2061,-0.2129,-0.2095,,SAFE_STOP,大转后直线脱离仍未改善，停车等待,front,-0.4055,0.0068,1,stop,0.0,,0.0,0,0,1
39.607,533.0,817.0,384.0,1042.0,-0.3619,0.0414,-0.2061,-0.2129,-0.2095,,SAFE_STOP,大转后直线脱离仍未改善，停车等待,front,-0.4033,0.0068,1,stop,0.0,,0.0,0,0,1
39.627,533.0,818.0,383.0,1042.0,-0.3619,0.0414,-0.2061,-0.2109,-0.2085,,SAFE_STOP,大转后直线脱离仍未改善，停车等待,front,-0.4033,0.0047,1,stop,0.0,,0.0,0,0,1
39.648,532.0,816.0,384.0,1040.0,-0.3619,0.0414,-0.2061,-0.2109,-0.2085,,SAFE_STOP,大转后直线脱离仍未改善，停车等待,front,-0.4033,0.0047,1,stop,0.0,,0.0,0,0,1
39.668,532.0,817.0,383.0,1040.0,-0.3646,0.0414,-0.2089,-0.215,-0.212,,SAFE_STOP,大转后直线脱离仍未改善，停车等待,front,-0.406,0.0061,1,stop,0.0,,0.0,0,0,1
39.688,533.0,818.0,384.0,1041.0,-0.3646,0.0414,-0.2061,-0.215,-0.2106,,SAFE_STOP,大转后直线脱离仍未改善，停车等待,front,-0.406,0.0089,1,stop,0.0,,0.0,0,0,1
39.708,531.0,817.0,383.0,1040.0,-0.3646,0.0414,-0.2089,-0.215,-0.212,,SAFE_STOP,大转后直线脱离仍未改善，停车等待,front,-0.406,0.0061,1,stop,0.0,,0.0,0,0,1
39.728,532.0,817.0,383.0,1041.0,-0.3646,0.0414,-0.2089,-0.2129,-0.2109,,SAFE_STOP,大转后直线脱离仍未改善，停车等待,front,-0.406,0.004,1,stop,0.0,,0.0,0,0,1
39.748,531.0,817.0,383.0,1040.0,-0.3673,0.0414,-0.2089,-0.215,-0.212,,SAFE_STOP,大转后直线脱离仍未改善，停车等待,front,-0.4087,0.0061,1,stop,0.0,,0.0,0,0,1
39.768,532.0,817.0,383.0,1041.0,-0.3646,0.0414,-0.2089,-0.2129,-0.2109,,SAFE_STOP,大转后直线脱离仍未改善，停车等待,front,-0.406,0.004,1,stop,0.0,,0.0,0,0,1
39.788,532.0,816.0,382.0,1039.0,-0.3646,0.0414,-0.2089,-0.215,-0.212,,SAFE_STOP,大转后直线脱离仍未改善，停车等待,front,-0.406,0.0061,1,stop,0.0,,0.0,0,0,1
39.808,532.0,816.0,382.0,1039.0,-0.3646,0.0392,-0.2117,-0.2171,-0.2144,,SAFE_STOP,大转后直线脱离仍未改善，停车等待,front,-0.4038,0.0054,1,stop,0.0,,0.0,0,0,1
39.829,531.0,816.0,382.0,1040.0,-0.3646,0.0392,-0.2117,-0.2171,-0.2144,,SAFE_STOP,大转后直线脱离仍未改善，停车等待,front,-0.4038,0.0054,1,stop,0.0,,0.0,0,0,1
39.849,530.0,814.0,382.0,1037.0,-0.3673,0.0392,-0.2117,-0.2171,-0.2144,,SAFE_STOP,大转后直线脱离仍未改善，停车等待,front,-0.4066,0.0054,1,stop,0.0,,0.0,0,0,1
39.869,531.0,816.0,382.0,1038.0,-0.3673,0.0392,-0.2117,-0.2192,-0.2155,,SAFE_STOP,大转后直线脱离仍未改善，停车等待,front,-0.4066,0.0075,1,stop,0.0,,0.0,0,0,1
39.889,531.0,816.0,382.0,1040.0,-0.3673,0.0392,-0.2117,-0.2192,-0.2155,,SAFE_STOP,大转后直线脱离仍未改善，停车等待,front,-0.4066,0.0075,1,stop,0.0,,0.0,0,0,1
39.909,530.0,814.0,382.0,1038.0,-0.3673,0.0392,-0.2117,-0.2192,-0.2155,,SAFE_STOP,大转后直线脱离仍未改善，停车等待,front,-0.4066,0.0075,1,stop,0.0,,0.0,0,0,1
39.929,532.0,816.0,382.0,1040.0,-0.3673,0.0392,-0.2117,-0.215,-0.2134,,SAFE_STOP,大转后直线脱离仍未改善，停车等待,front,-0.4066,0.0033,1,stop,0.0,,0.0,0,0,1
39.949,529.0,814.0,382.0,1039.0,-0.3701,0.0349,-0.2117,-0.2171,-0.2144,,SAFE_STOP,大转后直线脱离仍未改善，停车等待,front,-0.4049,0.0054,1,stop,0.0,,0.0,0,0,1
39.969,531.0,815.0,382.0,1038.0,-0.3673,0.037,-0.2117,-0.2171,-0.2144,,SAFE_STOP,大转后直线脱离仍未改善，停车等待,front,-0.4044,0.0054,1,stop,0.0,,0.0,0,0,1
39.989,531.0,816.0,382.0,1040.0,-0.3673,0.037,-0.2117,-0.2171,-0.2144,,SAFE_STOP,大转后直线脱离仍未改善，停车等待,front,-0.4044,0.0054,1,stop,0.0,,0.0,0,0,1
40.009,531.0,815.0,382.0,1040.0,-0.3673,0.037,-0.2117,-0.215,-0.2134,,SAFE_STOP,大转后直线脱离仍未改善，停车等待,front,-0.4044,0.0033,1,stop,0.0,,0.0,0,0,1
40.029,532.0,816.0,383.0,1040.0,-0.3673,0.0392,-0.2117,-0.215,-0.2134,,SAFE_STOP,大转后直线脱离仍未改善，停车等待,front,-0.4066,0.0033,1,stop,0.0,,0.0,0,0,1
40.05,532.0,817.0,383.0,1040.0,-0.3646,0.0392,-0.2089,-0.215,-0.212,,SAFE_STOP,大转后直线脱离仍未改善，停车等待,front,-0.4038,0.0061,1,stop,0.0,,0.0,0,0,1
40.07,531.0,816.0,380.0,1038.0,-0.3646,0.0392,-0.2089,-0.215,-0.212,,SAFE_STOP,大转后直线脱离仍未改善，停车等待,front,-0.4038,0.0061,1,stop,0.0,,0.0,0,0,1
40.09,530.0,814.0,382.0,1035.0,-0.3673,0.0392,-0.2117,-0.2192,-0.2155,,SAFE_STOP,大转后直线脱离仍未改善，停车等待,front,-0.4066,0.0075,1,stop,0.0,,0.0,0,0,1
40.11,530.0,814.0,382.0,1038.0,-0.3701,0.0349,-0.2117,-0.2192,-0.2155,,SAFE_STOP,大转后直线脱离仍未改善，停车等待,front,-0.4049,0.0075,1,stop,0.0,,0.0,0,0,1
40.13,530.0,814.0,381.0,1038.0,-0.3701,0.0349,-0.2117,-0.2192,-0.2155,,SAFE_STOP,大转后直线脱离仍未改善，停车等待,front,-0.4049,0.0075,1,stop,0.0,,0.0,0,0,1
40.15,531.0,814.0,381.0,1038.0,-0.3701,0.0349,-0.2145,-0.2192,-0.2168,,SAFE_STOP,大转后直线脱离仍未改善，停车等待,front,-0.4049,0.0047,1,stop,0.0,,0.0,0,0,1
40.17,530.0,813.0,382.0,1037.0,-0.3701,0.0349,-0.2145,-0.2192,-0.2168,,SAFE_STOP,大转后直线脱离仍未改善，停车等待,front,-0.4049,0.0047,1,stop,0.0,,0.0,0,0,1
40.19,530.0,814.0,382.0,1037.0,-0.3701,0.0349,-0.2117,-0.2213,-0.2165,,SAFE_STOP,大转后直线脱离仍未改善，停车等待,front,-0.4049,0.0096,1,stop,0.0,,0.0,0,0,1
40.21,529.0,814.0,381.0,1037.0,-0.3701,0.0349,-0.2117,-0.2213,-0.2165,,SAFE_STOP,大转后直线脱离仍未改善，停车等待,front,-0.4049,0.0096,1,stop,0.0,,0.0,0,0,1
40.23,530.0,815.0,382.0,1039.0,-0.3701,0.0349,-0.2117,-0.2213,-0.2165,,SAFE_STOP,大转后直线脱离仍未改善，停车等待,front,-0.4049,0.0096,1,stop,0.0,,0.0,0,0,1
40.251,532.0,817.0,384.0,1042.0,-0.3701,0.037,-0.2117,-0.2171,-0.2144,,SAFE_STOP,大转后直线脱离仍未改善，停车等待,front,-0.4071,0.0054,1,stop,0.0,,0.0,0,0,1
40.271,532.0,818.0,384.0,1041.0,-0.3646,0.0414,-0.2061,-0.2129,-0.2095,,SAFE_STOP,大转后直线脱离仍未改善，停车等待,front,-0.406,0.0068,1,stop,0.0,,0.0,0,0,1
40.291,532.0,816.0,384.0,1040.0,-0.3646,0.0414,-0.2061,-0.2129,-0.2095,,SAFE_STOP,大转后直线脱离仍未改善，停车等待,front,-0.406,0.0068,1,stop,0.0,,0.0,0,0,1
40.311,532.0,818.0,384.0,1042.0,-0.3646,0.0436,-0.2061,-0.2129,-0.2095,,SAFE_STOP,大转后直线脱离仍未改善，停车等待,front,-0.4082,0.0068,1,stop,0.0,,0.0,0,0,1
40.331,532.0,818.0,384.0,1042.0,-0.3646,0.0436,-0.2061,-0.2109,-0.2085,,SAFE_STOP,大转后直线脱离仍未改善，停车等待,front,-0.4082,0.0047,1,stop,0.0,,0.0,0,0,1
40.351,533.0,820.0,384.0,1043.0,-0.3646,0.0436,-0.2061,-0.2109,-0.2085,,SAFE_STOP,大转后直线脱离仍未改善，停车等待,front,-0.4082,0.0047,1,stop,0.0,,0.0,0,0,1
40.371,532.0,817.0,383.0,1041.0,-0.3646,0.0436,-0.2061,-0.2109,-0.2085,,SAFE_STOP,大转后直线脱离仍未改善，停车等待,front,-0.4082,0.0047,1,stop,0.0,,0.0,0,0,1
40.391,532.0,818.0,384.0,1041.0,-0.3646,0.0436,-0.2061,-0.2129,-0.2095,,SAFE_STOP,大转后直线脱离仍未改善，停车等待,front,-0.4082,0.0068,1,stop,0.0,,0.0,0,0,1
40.411,532.0,818.0,384.0,1041.0,-0.3646,0.0436,-0.2061,-0.2129,-0.2095,,SAFE_STOP,大转后直线脱离仍未改善，停车等待,front,-0.4082,0.0068,1,stop,0.0,,0.0,0,0,1
40.431,533.0,819.0,384.0,1043.0,-0.3646,0.0436,-0.2061,-0.2129,-0.2095,,SAFE_STOP,大转后直线脱离仍未改善，停车等待,front,-0.4082,0.0068,1,stop,0.0,,0.0,0,0,1
40.451,532.0,817.0,384.0,1041.0,-0.3646,0.0436,-0.2061,-0.2129,-0.2095,,SAFE_STOP,大转后直线脱离仍未改善，停车等待,front,-0.4082,0.0068,1,stop,0.0,,0.0,0,0,1
40.471,532.0,817.0,384.0,1040.0,-0.3646,0.0414,-0.2061,-0.2129,-0.2095,,SAFE_STOP,大转后直线脱离仍未改善，停车等待,front,-0.406,0.0068,1,stop,0.0,,0.0,0,0,1
40.491,532.0,817.0,384.0,1040.0,-0.3646,0.0414,-0.2061,-0.215,-0.2106,,SAFE_STOP,大转后直线脱离仍未改善，停车等待,front,-0.406,0.0089,1,stop,0.0,,0.0,0,0,1
40.512,533.0,818.0,384.0,1043.0,-0.3646,0.0414,-0.2061,-0.215,-0.2106,,SAFE_STOP,大转后直线脱离仍未改善，停车等待,front,-0.406,0.0089,1,stop,0.0,,0.0,0,0,1
40.532,531.0,815.0,383.0,1040.0,-0.3646,0.0414,-0.2061,-0.215,-0.2106,,SAFE_STOP,大转后直线脱离仍未改善，停车等待,front,-0.406,0.0089,1,stop,0.0,,0.0,0,0,1
40.552,532.0,817.0,383.0,1041.0,-0.3646,0.0414,-0.2089,-0.2129,-0.2109,,SAFE_STOP,大转后直线脱离仍未改善，停车等待,front,-0.406,0.004,1,stop,0.0,,0.0,0,0,1
40.572,533.0,818.0,384.0,1043.0,-0.3646,0.0414,-0.2089,-0.2129,-0.2109,,SAFE_STOP,大转后直线脱离仍未改善，停车等待,front,-0.406,0.004,1,stop,0.0,,0.0,0,0,1
40.592,532.0,816.0,383.0,1041.0,-0.3646,0.0414,-0.2089,-0.2129,-0.2109,,SAFE_STOP,大转后直线脱离仍未改善，停车等待,front,-0.406,0.004,1,stop,0.0,,0.0,0,0,1
40.612,532.0,818.0,384.0,1042.0,-0.3646,0.0436,-0.2061,-0.2109,-0.2085,,SAFE_STOP,大转后直线脱离仍未改善，停车等待,front,-0.4082,0.0047,1,stop,0.0,,0.0,0,0,1
40.632,532.0,817.0,384.0,1041.0,-0.3646,0.0414,-0.2061,-0.2129,-0.2095,,SAFE_STOP,大转后直线脱离仍未改善，停车等待,front,-0.406,0.0068,1,stop,0.0,,0.0,0,0,1
40.652,533.0,817.0,383.0,1042.0,-0.3646,0.0414,-0.2061,-0.2109,-0.2085,,SAFE_STOP,大转后直线脱离仍未改善，停车等待,front,-0.406,0.0047,1,stop,0.0,,0.0,0,0,1
40.672,533.0,817.0,384.0,1040.0,-0.3619,0.0414,-0.2061,-0.2129,-0.2095,,SAFE_STOP,大转后直线脱离仍未改善，停车等待,front,-0.4033,0.0068,1,stop,0.0,,0.0,0,0,1
40.692,532.0,818.0,384.0,1043.0,-0.3619,0.0414,-0.2061,-0.2109,-0.2085,,SAFE_STOP,大转后直线脱离仍未改善，停车等待,front,-0.4033,0.0047,1,stop,0.0,,0.0,0,0,1
40.712,532.0,816.0,382.0,1040.0,-0.3646,0.0414,-0.2061,-0.215,-0.2106,,SAFE_STOP,大转后直线脱离仍未改善，停车等待,front,-0.406,0.0089,1,stop,0.0,,0.0,0,0,1
40.732,532.0,818.0,384.0,1042.0,-0.3646,0.0436,-0.2061,-0.2109,-0.2085,,SAFE_STOP,大转后直线脱离仍未改善，停车等待,front,-0.4082,0.0047,1,stop,0.0,,0.0,0,0,1
40.752,532.0,817.0,384.0,1042.0,-0.3646,0.0414,-0.2061,-0.2109,-0.2085,,SAFE_STOP,大转后直线脱离仍未改善，停车等待,front,-0.406,0.0047,1,stop,0.0,,0.0,0,0,1
40.773,532.0,818.0,383.0,1041.0,-0.3646,0.0436,-0.2061,-0.2109,-0.2085,,SAFE_STOP,大转后直线脱离仍未改善，停车等待,front,-0.4082,0.0047,1,stop,0.0,,0.0,0,0,1
40.793,533.0,816.0,383.0,1040.0,-0.3646,0.0414,-0.2089,-0.2129,-0.2109,,SAFE_STOP,大转后直线脱离仍未改善，停车等待,front,-0.406,0.004,1,stop,0.0,,0.0,0,0,1
40.813,532.0,817.0,384.0,1043.0,-0.3646,0.0414,-0.2089,-0.2129,-0.2109,,SAFE_STOP,大转后直线脱离仍未改善，停车等待,front,-0.406,0.004,1,stop,0.0,,0.0,0,0,1
40.833,532.0,817.0,383.0,1041.0,-0.3646,0.0414,-0.2089,-0.2129,-0.2109,,SAFE_STOP,大转后直线脱离仍未改善，停车等待,front,-0.406,0.004,1,stop,0.0,,0.0,0,0,1
40.853,533.0,818.0,384.0,1043.0,-0.3646,0.0414,-0.2061,-0.2088,-0.2074,,SAFE_STOP,大转后直线脱离仍未改善，停车等待,front,-0.406,0.0026,1,stop,0.0,,0.0,0,0,1
40.873,532.0,817.0,383.0,1042.0,-0.3646,0.0414,-0.2089,-0.2109,-0.2099,,SAFE_STOP,大转后直线脱离仍未改善，停车等待,front,-0.406,0.0019,1,stop,0.0,,0.0,0,0,1
40.893,533.0,818.0,383.0,1042.0,-0.3619,0.0436,-0.2089,-0.2109,-0.2099,,SAFE_STOP,大转后直线脱离仍未改善，停车等待,front,-0.4055,0.0019,1,stop,0.0,,0.0,0,0,1
40.913,532.0,817.0,384.0,1041.0,-0.3646,0.0414,-0.2089,-0.2109,-0.2099,,SAFE_STOP,大转后直线脱离仍未改善，停车等待,front,-0.406,0.0019,1,stop,0.0,,0.0,0,0,1
40.933,532.0,816.0,384.0,1042.0,-0.3646,0.0414,-0.2061,-0.2109,-0.2085,,SAFE_STOP,大转后直线脱离仍未改善，停车等待,front,-0.406,0.0047,1,stop,0.0,,0.0,0,0,1
40.953,533.0,817.0,384.0,1043.0,-0.3646,0.0414,-0.2061,-0.2109,-0.2085,,SAFE_STOP,大转后直线脱离仍未改善，停车等待,front,-0.406,0.0047,1,stop,0.0,,0.0,0,0,1
40.973,533.0,817.0,384.0,1041.0,-0.3619,0.0414,-0.2061,-0.2109,-0.2085,,SAFE_STOP,大转后直线脱离仍未改善，停车等待,front,-0.4033,0.0047,1,stop,0.0,,0.0,0,0,1
40.993,533.0,818.0,384.0,1042.0,-0.3619,0.0414,-0.2061,-0.2109,-0.2085,,SAFE_STOP,大转后直线脱离仍未改善，停车等待,front,-0.4033,0.0047,1,stop,0.0,,0.0,0,0,1
41.013,533.0,816.0,384.0,1042.0,-0.3619,0.0414,-0.2061,-0.2109,-0.2085,,SAFE_STOP,大转后直线脱离仍未改善，停车等待,front,-0.4033,0.0047,1,stop,0.0,,0.0,0,0,1
41.034,532.0,817.0,384.0,1041.0,-0.3619,0.0414,-0.2061,-0.2109,-0.2085,,SAFE_STOP,大转后直线脱离仍未改善，停车等待,front,-0.4033,0.0047,1,stop,0.0,,0.0,0,0,1
41.054,532.0,816.0,384.0,1041.0,-0.3646,0.0392,-0.2061,-0.2129,-0.2095,,SAFE_STOP,大转后直线脱离仍未改善，停车等待,front,-0.4038,0.0068,1,stop,0.0,,0.0,0,0,1
41.074,533.0,818.0,384.0,1042.0,-0.3646,0.0414,-0.2061,-0.2129,-0.2095,,SAFE_STOP,大转后直线脱离仍未改善，停车等待,front,-0.406,0.0068,1,stop,0.0,,0.0,0,0,1
41.094,532.0,817.0,384.0,1043.0,-0.3646,0.0414,-0.2061,-0.2109,-0.2085,,SAFE_STOP,大转后直线脱离仍未改善，停车等待,front,-0.406,0.0047,1,stop,0.0,,0.0,0,0,1
41.114,532.0,816.0,384.0,1042.0,-0.3646,0.0414,-0.2061,-0.2109,-0.2085,,SAFE_STOP,大转后直线脱离仍未改善，停车等待,front,-0.406,0.0047,1,stop,0.0,,0.0,0,0,1
41.134,532.0,818.0,384.0,1042.0,-0.3646,0.0414,-0.2061,-0.2109,-0.2085,,SAFE_STOP,大转后直线脱离仍未改善，停车等待,front,-0.406,0.0047,1,stop,0.0,,0.0,0,0,1
41.154,533.0,817.0,384.0,1042.0,-0.3646,0.0414,-0.2061,-0.2109,-0.2085,,SAFE_STOP,大转后直线脱离仍未改善，停车等待,front,-0.406,0.0047,1,stop,0.0,,0.0,0,0,1
41.174,532.0,816.0,383.0,1041.0,-0.3646,0.0414,-0.2061,-0.2109,-0.2085,,SAFE_STOP,大转后直线脱离仍未改善，停车等待,front,-0.406,0.0047,1,stop,0.0,,0.0,0,0,1
41.194,532.0,817.0,383.0,1040.0,-0.3646,0.0414,-0.2089,-0.2129,-0.2109,,SAFE_STOP,大转后直线脱离仍未改善，停车等待,front,-0.406,0.004,1,stop,0.0,,0.0,0,0,1
41.214,532.0,817.0,383.0,1040.0,-0.3646,0.0414,-0.2089,-0.215,-0.212,,SAFE_STOP,大转后直线脱离仍未改善，停车等待,front,-0.406,0.0061,1,stop,0.0,,0.0,0,0,1
41.234,532.0,817.0,383.0,1041.0,-0.3646,0.0414,-0.2089,-0.215,-0.212,,SAFE_STOP,大转后直线脱离仍未改善，停车等待,front,-0.406,0.0061,1,stop,0.0,,0.0,0,0,1
41.254,532.0,818.0,384.0,1042.0,-0.3646,0.0414,-0.2089,-0.2129,-0.2109,,SAFE_STOP,大转后直线脱离仍未改善，停车等待,front,-0.406,0.004,1,stop,0.0,,0.0,0,0,1
41.275,532.0,818.0,384.0,1042.0,-0.3646,0.0436,-0.2061,-0.2109,-0.2085,,SAFE_STOP,大转后直线脱离仍未改善，停车等待,front,-0.4082,0.0047,1,stop,0.0,,0.0,0,0,1
41.295,533.0,818.0,384.0,1042.0,-0.3646,0.0436,-0.2061,-0.2109,-0.2085,,SAFE_STOP,大转后直线脱离仍未改善，停车等待,front,-0.4082,0.0047,1,stop,0.0,,0.0,0,0,1
41.315,533.0,817.0,384.0,1043.0,-0.3619,0.0436,-0.2061,-0.2109,-0.2085,,SAFE_STOP,大转后直线脱离仍未改善，停车等待,front,-0.4055,0.0047,1,stop,0.0,,0.0,0,0,1
41.335,532.0,818.0,384.0,1043.0,-0.3619,0.0436,-0.2061,-0.2088,-0.2074,,SAFE_STOP,大转后直线脱离仍未改善，停车等待,front,-0.4055,0.0026,1,stop,0.0,,0.0,0,0,1
41.355,532.0,818.0,383.0,1041.0,-0.3646,0.0436,-0.2061,-0.2088,-0.2074,,SAFE_STOP,大转后直线脱离仍未改善，停车等待,front,-0.4082,0.0026,1,stop,0.0,,0.0,0,0,1
41.375,532.0,816.0,384.0,1040.0,-0.3646,0.0436,-0.2061,-0.2129,-0.2095,,SAFE_STOP,大转后直线脱离仍未改善，停车等待,front,-0.4082,0.0068,1,stop,0.0,,0.0,0,0,1
41.395,534.0,818.0,384.0,1042.0,-0.3646,0.0436,-0.2061,-0.2129,-0.2095,,SAFE_STOP,大转后直线脱离仍未改善，停车等待,front,-0.4082,0.0068,1,stop,0.0,,0.0,0,0,1
41.415,533.0,819.0,384.0,1042.0,-0.3619,0.0436,-0.2061,-0.2109,-0.2085,,SAFE_STOP,大转后直线脱离仍未改善，停车等待,front,-0.4055,0.0047,1,stop,0.0,,0.0,0,0,1
41.435,532.0,814.0,382.0,1039.0,-0.3619,0.0436,-0.2061,-0.2109,-0.2085,,SAFE_STOP,大转后直线脱离仍未改善，停车等待,front,-0.4055,0.0047,1,stop,0.0,,0.0,0,0,1
41.456,532.0,816.0,383.0,1042.0,-0.3646,0.0392,-0.2089,-0.2109,-0.2099,,SAFE_STOP,大转后直线脱离仍未改善，停车等待,front,-0.4038,0.0019,1,stop,0.0,,0.0,0,0,1
41.476,532.0,818.0,384.0,1042.0,-0.3646,0.0392,-0.2089,-0.2109,-0.2099,,SAFE_STOP,大转后直线脱离仍未改善，停车等待,front,-0.4038,0.0019,1,stop,0.0,,0.0,0,0,1
41.496,532.0,818.0,384.0,1042.0,-0.3646,0.0436,-0.2061,-0.2109,-0.2085,,SAFE_STOP,大转后直线脱离仍未改善，停车等待,front,-0.4082,0.0047,1,stop,0.0,,0.0,0,0,1
41.516,533.0,818.0,384.0,1042.0,-0.3646,0.0436,-0.2061,-0.2109,-0.2085,,SAFE_STOP,大转后直线脱离仍未改善，停车等待,front,-0.4082,0.0047,1,stop,0.0,,0.0,0,0,1
41.536,533.0,817.0,384.0,1042.0,-0.3619,0.0436,-0.2061,-0.2109,-0.2085,,SAFE_STOP,大转后直线脱离仍未改善，停车等待,front,-0.4055,0.0047,1,stop,0.0,,0.0,0,0,1
41.556,532.0,817.0,382.0,1042.0,-0.3619,0.0414,-0.2061,-0.2109,-0.2085,,SAFE_STOP,大转后直线脱离仍未改善，停车等待,front,-0.4033,0.0047,1,stop,0.0,,0.0,0,0,1
41.576,532.0,818.0,383.0,1041.0,-0.3646,0.0414,-0.2089,-0.2109,-0.2099,,SAFE_STOP,大转后直线脱离仍未改善，停车等待,front,-0.406,0.0019,1,stop,0.0,,0.0,0,0,1
41.596,532.0,818.0,383.0,1041.0,-0.3646,0.0436,-0.2089,-0.2129,-0.2109,,SAFE_STOP,大转后直线脱离仍未改善，停车等待,front,-0.4082,0.004,1,stop,0.0,,0.0,0,0,1
41.616,532.0,817.0,384.0,1043.0,-0.3646,0.0436,-0.2089,-0.2129,-0.2109,,SAFE_STOP,大转后直线脱离仍未改善，停车等待,front,-0.4082,0.004,1,stop,0.0,,0.0,0,0,1
41.637,532.0,818.0,383.0,1041.0,-0.3646,0.0436,-0.2089,-0.2129,-0.2109,,SAFE_STOP,大转后直线脱离仍未改善，停车等待,front,-0.4082,0.004,1,stop,0.0,,0.0,0,0,1
41.657,532.0,818.0,383.0,1042.0,-0.3646,0.0436,-0.2089,-0.2109,-0.2099,,SAFE_STOP,大转后直线脱离仍未改善，停车等待,front,-0.4082,0.0019,1,stop,0.0,,0.0,0,0,1
41.677,533.0,817.0,385.0,1043.0,-0.3646,0.0436,-0.2089,-0.2109,-0.2099,,SAFE_STOP,大转后直线脱离仍未改善，停车等待,front,-0.4082,0.0019,1,stop,0.0,,0.0,0,0,1
41.697,528.0,816.0,383.0,1040.0,-0.3646,0.0414,-0.2089,-0.2109,-0.2099,,SAFE_STOP,大转后直线脱离仍未改善，停车等待,front,-0.406,0.0019,1,stop,0.0,,0.0,0,0,1
41.717,532.0,816.0,383.0,1040.0,-0.3646,0.0392,-0.2089,-0.215,-0.212,,SAFE_STOP,大转后直线脱离仍未改善，停车等待,front,-0.4038,0.0061,1,stop,0.0,,0.0,0,0,1
41.737,533.0,818.0,384.0,1042.0,-0.3646,0.0392,-0.2089,-0.215,-0.212,,SAFE_STOP,大转后直线脱离仍未改善，停车等待,front,-0.4038,0.0061,1,stop,0.0,,0.0,0,0,1
41.757,532.0,817.0,384.0,1042.0,-0.3646,0.0414,-0.2061,-0.2109,-0.2085,,SAFE_STOP,大转后直线脱离仍未改善，停车等待,front,-0.406,0.0047,1,stop,0.0,,0.0,0,0,1
41.777,533.0,818.0,384.0,1042.0,-0.3619,0.0436,-0.2061,-0.2109,-0.2085,,SAFE_STOP,大转后直线脱离仍未改善，停车等待,front,-0.4055,0.0047,1,stop,0.0,,0.0,0,0,1
41.798,532.0,817.0,384.0,1042.0,-0.3646,0.0414,-0.2061,-0.2109,-0.2085,,SAFE_STOP,大转后直线脱离仍未改善，停车等待,front,-0.406,0.0047,1,stop,0.0,,0.0,0,0,1
41.818,533.0,817.0,384.0,1042.0,-0.3619,0.0414,-0.2061,-0.2109,-0.2085,,SAFE_STOP,大转后直线脱离仍未改善，停车等待,front,-0.4033,0.0047,1,stop,0.0,,0.0,0,0,1
41.838,533.0,817.0,384.0,1042.0,-0.3619,0.0414,-0.2061,-0.2109,-0.2085,,SAFE_STOP,大转后直线脱离仍未改善，停车等待,front,-0.4033,0.0047,1,stop,0.0,,0.0,0,0,1
41.858,533.0,817.0,384.0,1042.0,-0.3619,0.0414,-0.2061,-0.2109,-0.2085,,SAFE_STOP,大转后直线脱离仍未改善，停车等待,front,-0.4033,0.0047,1,stop,0.0,,0.0,0,0,1
41.878,532.0,818.0,384.0,1042.0,-0.3619,0.0414,-0.2061,-0.2109,-0.2085,,SAFE_STOP,大转后直线脱离仍未改善，停车等待,front,-0.4033,0.0047,1,stop,0.0,,0.0,0,0,1
41.898,533.0,817.0,384.0,1042.0,-0.3619,0.0414,-0.2061,-0.2109,-0.2085,,SAFE_STOP,大转后直线脱离仍未改善，停车等待,front,-0.4033,0.0047,1,stop,0.0,,0.0,0,0,1
41.918,533.0,817.0,384.0,1043.0,-0.3619,0.0414,-0.2061,-0.2109,-0.2085,,SAFE_STOP,大转后直线脱离仍未改善，停车等待,front,-0.4033,0.0047,1,stop,0.0,,0.0,0,0,1
41.938,532.0,816.0,384.0,1041.0,-0.3619,0.0414,-0.2061,-0.2109,-0.2085,,SAFE_STOP,大转后直线脱离仍未改善，停车等待,front,-0.4033,0.0047,1,stop,0.0,,0.0,0,0,1
41.958,532.0,818.0,384.0,1042.0,-0.3646,0.0414,-0.2061,-0.2109,-0.2085,,SAFE_STOP,大转后直线脱离仍未改善，停车等待,front,-0.406,0.0047,1,stop,0.0,,0.0,0,0,1
41.979,533.0,818.0,384.0,1042.0,-0.3646,0.0436,-0.2061,-0.2109,-0.2085,,SAFE_STOP,大转后直线脱离仍未改善，停车等待,front,-0.4082,0.0047,1,stop,0.0,,0.0,0,0,1
41.999,533.0,817.0,384.0,1042.0,-0.3619,0.0436,-0.2061,-0.2109,-0.2085,,SAFE_STOP,大转后直线脱离仍未改善，停车等待,front,-0.4055,0.0047,1,stop,0.0,,0.0,0,0,1
42.019,533.0,817.0,384.0,1042.0,-0.3619,0.0414,-0.2061,-0.2109,-0.2085,,SAFE_STOP,大转后直线脱离仍未改善，停车等待,front,-0.4033,0.0047,1,stop,0.0,,0.0,0,0,1
42.039,532.0,819.0,384.0,1042.0,-0.3619,0.0414,-0.2061,-0.2109,-0.2085,,SAFE_STOP,大转后直线脱离仍未改善，停车等待,front,-0.4033,0.0047,1,stop,0.0,,0.0,0,0,1
42.059,533.0,817.0,383.0,1041.0,-0.3619,0.0414,-0.2061,-0.2109,-0.2085,,SAFE_STOP,大转后直线脱离仍未改善，停车等待,front,-0.4033,0.0047,1,stop,0.0,,0.0,0,0,1
42.079,533.0,816.0,384.0,1041.0,-0.3619,0.0414,-0.2061,-0.2129,-0.2095,,SAFE_STOP,大转后直线脱离仍未改善，停车等待,front,-0.4033,0.0068,1,stop,0.0,,0.0,0,0,1
42.099,533.0,818.0,384.0,1042.0,-0.3619,0.0414,-0.2061,-0.2129,-0.2095,,SAFE_STOP,大转后直线脱离仍未改善，停车等待,front,-0.4033,0.0068,1,stop,0.0,,0.0,0,0,1
42.119,532.0,817.0,383.0,1041.0,-0.3619,0.0414,-0.2061,-0.2129,-0.2095,,SAFE_STOP,大转后直线脱离仍未改善，停车等待,front,-0.4033,0.0068,1,stop,0.0,,0.0,0,0,1
42.139,533.0,816.0,383.0,1041.0,-0.3619,0.0414,-0.2089,-0.2129,-0.2109,,SAFE_STOP,大转后直线脱离仍未改善，停车等待,front,-0.4033,0.004,1,stop,0.0,,0.0,0,0,1
42.16,534.0,818.0,384.0,1042.0,-0.3619,0.0414,-0.2089,-0.2129,-0.2109,,SAFE_STOP,大转后直线脱离仍未改善，停车等待,front,-0.4033,0.004,1,stop,0.0,,0.0,0,0,1
42.18,533.0,817.0,384.0,1042.0,-0.3619,0.0414,-0.2061,-0.2109,-0.2085,,SAFE_STOP,大转后直线脱离仍未改善，停车等待,front,-0.4033,0.0047,1,stop,0.0,,0.0,0,0,1
42.2,533.0,819.0,385.0,1043.0,-0.3619,0.0436,-0.2061,-0.2109,-0.2085,,SAFE_STOP,大转后直线脱离仍未改善，停车等待,front,-0.4055,0.0047,1,stop,0.0,,0.0,0,0,1
42.22,534.0,819.0,385.0,1043.0,-0.3619,0.0458,-0.2033,-0.2088,-0.2061,,SAFE_STOP,大转后直线脱离仍未改善，停车等待,front,-0.4077,0.0054,1,stop,0.0,,0.0,0,0,1
42.24,533.0,818.0,384.0,1042.0,-0.3619,0.0458,-0.2033,-0.2088,-0.2061,,SAFE_STOP,大转后直线脱离仍未改善，停车等待,front,-0.4077,0.0054,1,stop,0.0,,0.0,0,0,1
42.26,533.0,818.0,384.0,1041.0,-0.3619,0.0436,-0.2061,-0.2109,-0.2085,,SAFE_STOP,大转后直线脱离仍未改善，停车等待,front,-0.4055,0.0047,1,stop,0.0,,0.0,0,0,1
42.28,534.0,819.0,384.0,1044.0,-0.3619,0.0436,-0.2061,-0.2109,-0.2085,,SAFE_STOP,大转后直线脱离仍未改善，停车等待,front,-0.4055,0.0047,1,stop,0.0,,0.0,0,0,1
42.3,534.0,818.0,385.0,1044.0,-0.3592,0.0436,-0.2061,-0.2067,-0.2064,,SAFE_STOP,大转后直线脱离仍未改善，停车等待,front,-0.4028,0.0006,1,stop,0.0,,0.0,0,0,1
42.32,533.0,817.0,384.0,1041.0,-0.3592,0.0436,-0.2061,-0.2067,-0.2064,,SAFE_STOP,大转后直线脱离仍未改善，停车等待,front,-0.4028,0.0006,1,stop,0.0,,0.0,0,0,1
42.34,534.0,818.0,384.0,1043.0,-0.3592,0.0436,-0.2061,-0.2088,-0.2074,,SAFE_STOP,大转后直线脱离仍未改善，停车等待,front,-0.4028,0.0026,1,stop,0.0,,0.0,0,0,1
42.361,533.0,818.0,384.0,1042.0,-0.3619,0.0436,-0.2061,-0.2109,-0.2085,,SAFE_STOP,大转后直线脱离仍未改善，停车等待,front,-0.4055,0.0047,1,stop,0.0,,0.0,0,0,1
42.381,532.0,816.0,383.0,1041.0,-0.3619,0.0436,-0.2061,-0.2109,-0.2085,,SAFE_STOP,大转后直线脱离仍未改善，停车等待,front,-0.4055,0.0047,1,stop,0.0,,0.0,0,0,1
42.401,533.0,817.0,383.0,1041.0,-0.3619,0.0414,-0.2089,-0.2129,-0.2109,,SAFE_STOP,大转后直线脱离仍未改善，停车等待,front,-0.4033,0.004,1,stop,0.0,,0.0,0,0,1
42.421,533.0,817.0,383.0,1041.0,-0.3619,0.0414,-0.2089,-0.2129,-0.2109,,SAFE_STOP,大转后直线脱离仍未改善，停车等待,front,-0.4033,0.004,1,stop,0.0,,0.0,0,0,1
42.441,533.0,817.0,384.0,1042.0,-0.3619,0.0414,-0.2089,-0.2129,-0.2109,,SAFE_STOP,大转后直线脱离仍未改善，停车等待,front,-0.4033,0.004,1,stop,0.0,,0.0,0,0,1
42.461,534.0,819.0,384.0,1043.0,-0.3619,0.0414,-0.2061,-0.2109,-0.2085,,SAFE_STOP,大转后直线脱离仍未改善，停车等待,front,-0.4033,0.0047,1,stop,0.0,,0.0,0,0,1
42.481,533.0,817.0,384.0,1042.0,-0.3619,0.0414,-0.2061,-0.2109,-0.2085,,SAFE_STOP,大转后直线脱离仍未改善，停车等待,front,-0.4033,0.0047,1,stop,0.0,,0.0,0,0,1
42.501,533.0,818.0,384.0,1042.0,-0.3619,0.0436,-0.2061,-0.2109,-0.2085,,SAFE_STOP,大转后直线脱离仍未改善，停车等待,front,-0.4055,0.0047,1,stop,0.0,,0.0,0,0,1
42.521,534.0,818.0,384.0,1043.0,-0.3619,0.0436,-0.2061,-0.2109,-0.2085,,SAFE_STOP,大转后直线脱离仍未改善，停车等待,front,-0.4055,0.0047,1,stop,0.0,,0.0,0,0,1
42.542,533.0,819.0,384.0,1043.0,-0.3619,0.0436,-0.2061,-0.2088,-0.2074,,SAFE_STOP,大转后直线脱离仍未改善，停车等待,front,-0.4055,0.0026,1,stop,0.0,,0.0,0,0,1
42.562,533.0,818.0,384.0,1042.0,-0.3619,0.0436,-0.2061,-0.2088,-0.2074,,SAFE_STOP,大转后直线脱离仍未改善，停车等待,front,-0.4055,0.0026,1,stop,0.0,,0.0,0,0,1
42.582,533.0,817.0,383.0,1041.0,-0.3619,0.0436,-0.2061,-0.2109,-0.2085,,SAFE_STOP,大转后直线脱离仍未改善，停车等待,front,-0.4055,0.0047,1,stop,0.0,,0.0,0,0,1
42.602,533.0,818.0,384.0,1043.0,-0.3619,0.0436,-0.2061,-0.2109,-0.2085,,SAFE_STOP,大转后直线脱离仍未改善，停车等待,front,-0.4055,0.0047,1,stop,0.0,,0.0,0,0,1
42.622,534.0,818.0,384.0,1044.0,-0.3619,0.0436,-0.2061,-0.2088,-0.2074,,SAFE_STOP,大转后直线脱离仍未改善，停车等待,front,-0.4055,0.0026,1,stop,0.0,,0.0,0,0,1
42.642,533.0,818.0,384.0,1043.0,-0.3619,0.0436,-0.2061,-0.2088,-0.2074,,SAFE_STOP,大转后直线脱离仍未改善，停车等待,front,-0.4055,0.0026,1,stop,0.0,,0.0,0,0,1
42.662,534.0,819.0,384.0,1043.0,-0.3592,0.0436,-0.2061,-0.2088,-0.2074,,SAFE_STOP,大转后直线脱离仍未改善，停车等待,front,-0.4028,0.0026,1,stop,0.0,,0.0,0,0,1
42.682,533.0,818.0,385.0,1043.0,-0.3619,0.0436,-0.2061,-0.2088,-0.2074,,SAFE_STOP,大转后直线脱离仍未改善，停车等待,front,-0.4055,0.0026,1,stop,0.0,,0.0,0,0,1
42.702,533.0,818.0,384.0,1042.0,-0.3619,0.0436,-0.2061,-0.2088,-0.2074,,SAFE_STOP,大转后直线脱离仍未改善，停车等待,front,-0.4055,0.0026,1,stop,0.0,,0.0,0,0,1
42.723,533.0,818.0,383.0,1041.0,-0.3619,0.0436,-0.2061,-0.2109,-0.2085,,SAFE_STOP,大转后直线脱离仍未改善，停车等待,front,-0.4055,0.0047,1,stop,0.0,,0.0,0,0,1
42.743,533.0,818.0,384.0,1043.0,-0.3619,0.0436,-0.2061,-0.2109,-0.2085,,SAFE_STOP,大转后直线脱离仍未改善，停车等待,front,-0.4055,0.0047,1,stop,0.0,,0.0,0,0,1
42.763,533.0,817.0,383.0,1042.0,-0.3619,0.0436,-0.2089,-0.2109,-0.2099,,SAFE_STOP,大转后直线脱离仍未改善，停车等待,front,-0.4055,0.0019,1,stop,0.0,,0.0,0,0,1
42.783,534.0,818.0,384.0,1044.0,-0.3619,0.0436,-0.2061,-0.2088,-0.2074,,SAFE_STOP,大转后直线脱离仍未改善，停车等待,front,-0.4055,0.0026,1,stop,0.0,,0.0,0,0,1
42.804,532.0,816.0,384.0,1041.0,-0.3619,0.0414,-0.2061,-0.2109,-0.2085,,SAFE_STOP,大转后直线脱离仍未改善，停车等待,front,-0.4033,0.0047,1,stop,0.0,,0.0,0,0,1
42.825,533.0,818.0,384.0,1042.0,-0.3619,0.0436,-0.2061,-0.2109,-0.2085,,SAFE_STOP,大转后直线脱离仍未改善，停车等待,front,-0.4055,0.0047,1,stop,0.0,,0.0,0,0,1
42.846,534.0,818.0,385.0,1044.0,-0.3619,0.0436,-0.2061,-0.2109,-0.2085,,SAFE_STOP,大转后直线脱离仍未改善，停车等待,front,-0.4055,0.0047,1,stop,0.0,,0.0,0,0,1
42.867,534.0,818.0,385.0,1044.0,-0.3592,0.0436,-0.2033,-0.2067,-0.205,,SAFE_STOP,大转后直线脱离仍未改善，停车等待,front,-0.4028,0.0033,1,stop,0.0,,0.0,0,0,1
42.887,534.0,818.0,385.0,1043.0,-0.3592,0.0436,-0.2033,-0.2067,-0.205,,SAFE_STOP,大转后直线脱离仍未改善，停车等待,front,-0.4028,0.0033,1,stop,0.0,,0.0,0,0,1
42.907,533.0,817.0,384.0,1042.0,-0.3592,0.0436,-0.2033,-0.2088,-0.2061,,SAFE_STOP,大转后直线脱离仍未改善，停车等待,front,-0.4028,0.0054,1,stop,0.0,,0.0,0,0,1
42.927,534.0,818.0,384.0,1044.0,-0.3592,0.0436,-0.2061,-0.2088,-0.2074,,SAFE_STOP,大转后直线脱离仍未改善，停车等待,front,-0.4028,0.0026,1,stop,0.0,,0.0,0,0,1
42.947,533.0,817.0,384.0,1043.0,-0.3619,0.0414,-0.2061,-0.2088,-0.2074,,SAFE_STOP,大转后直线脱离仍未改善，停车等待,front,-0.4033,0.0026,1,stop,0.0,,0.0,0,0,1
42.967,534.0,817.0,385.0,1044.0,-0.3592,0.0414,-0.2061,-0.2067,-0.2064,,SAFE_STOP,大转后直线脱离仍未改善，停车等待,front,-0.4006,0.0006,1,stop,0.0,,0.0,0,0,1
42.987,534.0,818.0,384.0,1044.0,-0.3592,0.0414,-0.2061,-0.2067,-0.2064,,SAFE_STOP,大转后直线脱离仍未改善，停车等待,front,-0.4006,0.0006,1,stop,0.0,,0.0,0,0,1
43.008,534.0,817.0,385.0,1044.0,-0.3592,0.0414,-0.2033,-0.2067,-0.205,,SAFE_STOP,大转后直线脱离仍未改善，停车等待,front,-0.4006,0.0033,1,stop,0.0,,0.0,0,0,1
43.028,534.0,818.0,384.0,1043.0,-0.3592,0.0436,-0.2061,-0.2067,-0.2064,,SAFE_STOP,大转后直线脱离仍未改善，停车等待,front,-0.4028,0.0006,1,stop,0.0,,0.0,0,0,1
43.048,534.0,819.0,384.0,1043.0,-0.3592,0.0436,-0.2061,-0.2088,-0.2074,,SAFE_STOP,大转后直线脱离仍未改善，停车等待,front,-0.4028,0.0026,1,stop,0.0,,0.0,0,0,1
43.068,534.0,818.0,384.0,1044.0,-0.3592,0.0436,-0.2061,-0.2088,-0.2074,,SAFE_STOP,大转后直线脱离仍未改善，停车等待,front,-0.4028,0.0026,1,stop,0.0,,0.0,0,0,1
43.088,534.0,818.0,384.0,1043.0,-0.3592,0.0436,-0.2061,-0.2088,-0.2074,,SAFE_STOP,大转后直线脱离仍未改善，停车等待,front,-0.4028,0.0026,1,stop,0.0,,0.0,0,0,1
43.108,533.0,818.0,385.0,1043.0,-0.3592,0.0436,-0.2061,-0.2088,-0.2074,,SAFE_STOP,大转后直线脱离仍未改善，停车等待,front,-0.4028,0.0026,1,stop,0.0,,0.0,0,0,1
43.128,534.0,818.0,384.0,1043.0,-0.3592,0.0436,-0.2061,-0.2088,-0.2074,,SAFE_STOP,大转后直线脱离仍未改善，停车等待,front,-0.4028,0.0026,1,stop,0.0,,0.0,0,0,1
43.148,534.0,819.0,385.0,1044.0,-0.3592,0.0436,-0.2033,-0.2088,-0.2061,,SAFE_STOP,大转后直线脱离仍未改善，停车等待,front,-0.4028,0.0054,1,stop,0.0,,0.0,0,0,1
43.168,534.0,818.0,385.0,1044.0,-0.3592,0.0436,-0.2033,-0.2067,-0.205,,SAFE_STOP,大转后直线脱离仍未改善，停车等待,front,-0.4028,0.0033,1,stop,0.0,,0.0,0,0,1
43.189,534.0,819.0,385.0,1044.0,-0.3592,0.0458,-0.2033,-0.2067,-0.205,,SAFE_STOP,大转后直线脱离仍未改善，停车等待,front,-0.4049,0.0033,1,stop,0.0,,0.0,0,0,1
43.209,533.0,818.0,385.0,1043.0,-0.3592,0.0436,-0.2033,-0.2067,-0.205,,SAFE_STOP,大转后直线脱离仍未改善，停车等待,front,-0.4028,0.0033,1,stop,0.0,,0.0,0,0,1
43.229,533.0,818.0,384.0,1043.0,-0.3619,0.0436,-0.2033,-0.2088,-0.2061,,SAFE_STOP,大转后直线脱离仍未改善，停车等待,front,-0.4055,0.0054,1,stop,0.0,,0.0,0,0,1
43.25,533.0,818.0,384.0,1042.0,-0.3619,0.0436,-0.2061,-0.2088,-0.2074,,SAFE_STOP,大转后直线脱离仍未改善，停车等待,front,-0.4055,0.0026,1,stop,0.0,,0.0,0,0,1
43.27,533.0,818.0,384.0,1042.0,-0.3619,0.0436,-0.2061,-0.2109,-0.2085,,SAFE_STOP,大转后直线脱离仍未改善，停车等待,front,-0.4055,0.0047,1,stop,0.0,,0.0,0,0,1
43.29,533.0,817.0,384.0,1042.0,-0.3619,0.0436,-0.2061,-0.2109,-0.2085,,SAFE_STOP,大转后直线脱离仍未改善，停车等待,front,-0.4055,0.0047,1,stop,0.0,,0.0,0,0,1
43.31,533.0,819.0,384.0,1044.0,-0.3619,0.0436,-0.2061,-0.2109,-0.2085,,SAFE_STOP,大转后直线脱离仍未改善，停车等待,front,-0.4055,0.0047,1,stop,0.0,,0.0,0,0,1
43.33,532.0,816.0,384.0,1042.0,-0.3619,0.0414,-0.2061,-0.2109,-0.2085,,SAFE_STOP,大转后直线脱离仍未改善，停车等待,front,-0.4033,0.0047,1,stop,0.0,,0.0,0,0,1
43.35,532.0,816.0,384.0,1041.0,-0.3646,0.0392,-0.2061,-0.2109,-0.2085,,SAFE_STOP,大转后直线脱离仍未改善，停车等待,front,-0.4038,0.0047,1,stop,0.0,,0.0,0,0,1
43.37,533.0,817.0,384.0,1042.0,-0.3646,0.0392,-0.2061,-0.2109,-0.2085,,SAFE_STOP,大转后直线脱离仍未改善，停车等待,front,-0.4038,0.0047,1,stop,0.0,,0.0,0,0,1
43.39,533.0,816.0,384.0,1042.0,-0.3619,0.0392,-0.2061,-0.2109,-0.2085,,SAFE_STOP,大转后直线脱离仍未改善，停车等待,front,-0.4011,0.0047,1,stop,0.0,,0.0,0,0,1
43.411,532.0,817.0,384.0,1042.0,-0.3619,0.0414,-0.2061,-0.2109,-0.2085,,SAFE_STOP,大转后直线脱离仍未改善，停车等待,front,-0.4033,0.0047,1,stop,0.0,,0.0,0,0,1
43.431,533.0,817.0,383.0,1041.0,-0.3619,0.0414,-0.2061,-0.2109,-0.2085,,SAFE_STOP,大转后直线脱离仍未改善，停车等待,front,-0.4033,0.0047,1,stop,0.0,,0.0,0,0,1
43.451,532.0,816.0,384.0,1041.0,-0.3646,0.0414,-0.2061,-0.2129,-0.2095,,SAFE_STOP,大转后直线脱离仍未改善，停车等待,front,-0.406,0.0068,1,stop,0.0,,0.0,0,0,1
43.471,533.0,817.0,384.0,1042.0,-0.3619,0.0414,-0.2061,-0.2129,-0.2095,,SAFE_STOP,大转后直线脱离仍未改善，停车等待,front,-0.4033,0.0068,1,stop,0.0,,0.0,0,0,1
43.491,533.0,816.0,384.0,1041.0,-0.3619,0.0392,-0.2061,-0.2129,-0.2095,,SAFE_STOP,大转后直线脱离仍未改善，停车等待,front,-0.4011,0.0068,1,stop,0.0,,0.0,0,0,1
