t,front,rear,left,right,zone_front,zone_rear,zone_left,zone_right,zone_score,white_hits,state,reason,risk_sensor,linear_risk,turn_risk,near_edge,speed_level,turn_angle,turn_direction,turn_duration,left_cmd,right_cmd,healthy
0.001,0.0,0.0,0.0,0.0,-1.5294,-1.254,-1.8131,-2.2651,-1.6713,,SENSOR_STOP,传感器无效或数据过期,,-0.2754,0.452,1,stop,0.0,,0.0,0,0,0
0.021,703.0,1034.0,1078.0,918.0,-0.4412,-0.2282,-0.5049,-0.7248,-0.473,,WARMUP,等待滤波窗口,,-0.213,0.22,1,stop,0.0,,0.0,0,0,1
0.041,704.0,1036.0,1079.0,915.0,0.6471,0.7976,0.8034,0.8054,0.8005,,MEDIUM_CRUISE,按区域分级巡航,,-0.1506,-0.002,0,medium,0.0,,0.0,400,400,1
0.061,704.0,1037.0,1080.0,921.0,0.6502,0.8016,0.8058,0.8154,0.8037,,MEDIUM_CRUISE,按区域分级巡航,,-0.1514,-0.0096,0,medium,0.0,,0.0,400,400,1
0.081,705.0,1038.0,1081.0,922.0,0.6502,0.8036,0.8083,0.8255,0.8059,,MEDIUM_CRUISE,按区域分级巡航,,-0.1534,-0.0173,0,medium,0.0,,0.0,400,400,1
0.101,703.0,1035.0,1078.0,920.0,0.6502,0.8036,0.8083,0.8255,0.8059,,MEDIUM_CRUISE,按区域分级巡航,,-0.1534,-0.0173,0,medium,0.0,,0.0,400,400,1
0.121,705.0,1036.0,1080.0,921.0,0.6533,0.8016,0.8083,0.8255,0.8049,,MEDIUM_CRUISE,按区域分级巡航,,-0.1483,-0.0173,0,medium,0.0,,0.0,400,400,1
0.141,706.0,1040.0,1083.0,923.0,0.6533,0.8016,0.8083,0.8255,0.8049,,MEDIUM_CRUISE,按区域分级巡航,,-0.1483,-0.0173,0,medium,0.0,,0.0,400,400,1
0.161,707.0,1041.0,1084.0,922.0,0.6563,0.8095,0.8155,0.8289,0.8125,,MEDIUM_CRUISE,按区域分级巡航,,-0.1532,-0.0133,0,medium,0.0,,0.0,400,400,1
0.181,706.0,1040.0,1082.0,923.0,0.6563,0.8095,0.8155,0.8322,0.8125,,MEDIUM_CRUISE,按区域分级巡航,,-0.1532,-0.0167,0,medium,0.0,,0.0,400,400,1
0.202,705.0,1039.0,1082.0,923.0,0.6563,0.8095,0.8131,0.8322,0.8113,,MEDIUM_CRUISE,按区域分级巡航,,-0.1532,-0.0191,0,medium,0.0,,0.0,400,400,1
0.222,705.0,1038.0,1082.0,925.0,0.6533,0.8075,0.8131,0.8322,0.8103,,MEDIUM_CRUISE,按区域分级巡航,,-0.1543,-0.0191,0,medium,0.0,,0.0,400,400,1
0.242,707.0,1042.0,1084.0,930.0,0.6533,0.8075,0.8131,0.8389,0.8103,,MEDIUM_CRUISE,按区域分级巡航,,-0.1543,-0.0258,0,medium,0.0,,0.0,400,400,1
0.262,707.0,1045.0,1086.0,926.0,0.6594,0.8135,0.818,0.8423,0.8157,,MEDIUM_CRUISE,按区域分级巡航,,-0.154,-0.0243,0,medium,0.0,,0.0,400,400,1
0.282,704.0,1041.0,1085.0,912.0,0.6594,0.8135,0.8204,0.8423,0.8169,,MEDIUM_CRUISE,按区域分级巡航,,-0.154,-0.0219,0,medium,0.0,,0.0,400,400,1
0.302,699.0,1039.0,1097.0,915.0,0.6502,0.8115,0.8228,0.8054,0.8084,,MEDIUM_CRUISE,按区域分级巡航,,-0.1614,0.0174,0,medium,0.0,,0.0,400,400,1
0.322,689.0,1024.0,1098.0,906.0,0.6347,0.8075,0.8495,0.7953,0.8014,,MEDIUM_CRUISE,按区域分级巡航,,-0.1729,0.0542,0,medium,0.0,,0.0,400,400,1
0.342,656.0,1021.0,1095.0,905.0,0.6037,0.7778,0.8495,0.7752,0.7765,,MEDIUM_CRUISE,按区域分级巡航,,-0.1741,0.0743,0,medium,0.0,,0.0,400,400,1
0.362,627.0,1028.0,1084.0,913.0,0.5015,0.7778,0.8447,0.7752,0.7765,,MEDIUM_CRUISE,按区域分级巡航,,-0.2762,0.0695,0,medium,0.0,,0.0,400,400,1
0.382,656.0,1025.0,1077.0,910.0,0.5015,0.7798,0.818,0.7886,0.7842,,MEDIUM_CRUISE,按区域分级巡航,,-0.2782,0.0294,0,medium,0.0,,0.0,400,400,1
0.402,674.0,1024.0,1077.0,906.0,0.5015,0.7798,0.801,0.7886,0.7842,,MEDIUM_CRUISE,按区域分级巡航,,-0.2782,0.0124,0,medium,0.0,,0.0,400,400,1
0.422,663.0,1020.0,1074.0,886.0,0.5232,0.7778,0.801,0.7752,0.7765,,MEDIUM_CRUISE,按区域分级巡航,,-0.2546,0.0258,0,medium,0.0,,0.0,400,400,1
0.442,666.0,1006.0,1056.0,879.0,0.5325,0.7698,0.7937,0.7081,0.7389,,MEDIUM_CRUISE,按区域分级巡航,,-0.2373,0.0856,0,medium,0.0,,0.0,400,400,1
0.463,662.0,1015.0,1058.0,880.0,0.5232,0.7599,0.7549,0.6879,0.7214,,MEDIUM_CRUISE,按区域分级巡航,,-0.2367,0.0669,0,medium,0.0,,0.0,400,400,1
0.483,663.0,990.0,1056.0,869.0,0.5232,0.7421,0.75,0.6846,0.7133,,MEDIUM_CRUISE,按区域分级巡航,,-0.2188,0.0654,0,medium,0.0,,0.0,400,400,1
0.503,653.0,998.0,1066.0,865.0,0.5201,0.7262,0.7549,0.651,0.6886,,MEDIUM_CRUISE,按区域分级巡航,,-0.2061,0.1038,0,medium,0.0,,0.0,400,400,1
0.523,642.0,987.0,1056.0,862.0,0.4923,0.7103,0.75,0.6376,0.674,,MEDIUM_CRUISE,按区域分级巡航,,-0.2181,0.1124,0,medium,0.0,,0.0,400,400,1
0.543,645.0,986.0,1051.0,849.0,0.4675,0.7044,0.75,0.6275,0.6659,,MEDIUM_CRUISE,按区域分级巡航,,-0.2369,0.1225,0,medium,0.0,,0.0,400,400,1
0.563,642.0,970.0,1047.0,852.0,0.4582,0.7024,0.7379,0.594,0.6482,,MEDIUM_CRUISE,按区域分级巡航,,-0.2442,0.1439,0,medium,0.0,,0.0,400,400,1
0.583,643.0,936.0,1006.0,852.0,0.4613,0.6706,0.7282,0.594,0.6323,,MEDIUM_CRUISE,按区域分级巡航,,-0.2093,0.1342,0,medium,0.0,,0.0,400,400,1
0.603,633.0,942.0,1005.0,832.0,0.4582,0.6151,0.6286,0.594,0.6045,,MEDIUM_CRUISE,按区域分级巡航,,-0.1569,0.0347,0,medium,0.0,,0.0,400,400,1
0.623,629.0,954.0,1017.0,812.0,0.4303,0.6151,0.6286,0.5268,0.571,,MEDIUM_CRUISE,按区域分级巡航,,-0.1847,0.1018,0,medium,0.0,,0.0,400,400,1
0.643,622.0,965.0,1016.0,797.0,0.418,0.6389,0.6529,0.4597,0.5493,,MEDIUM_CRUISE,按区域分级巡航,,-0.2209,0.1932,0,medium,0.0,,0.0,400,400,1
0.663,613.0,973.0,1009.0,780.0,0.3963,0.6607,0.6529,0.4094,0.5312,,MEDIUM_CRUISE,按区域分级巡航,,-0.2644,0.2435,0,medium,0.0,,0.0,400,400,1
0.683,608.0,949.0,996.0,777.0,0.3684,0.6607,0.6359,0.3523,0.5022,,MEDIUM_CRUISE,按区域分级巡航,,-0.2923,0.2836,0,medium,0.0,,0.0,400,400,1
0.704,603.0,890.0,988.0,779.0,0.3529,0.629,0.6044,0.349,0.4787,,MEDIUM_CRUISE,按区域分级巡航,,-0.276,0.2554,0,medium,0.0,,0.0,400,400,1
0.724,624.0,941.0,971.0,793.0,0.3529,0.6131,0.585,0.349,0.4689,,MEDIUM_CRUISE,按区域分级巡航,,-0.2602,0.236,0,medium,0.0,,0.0,400,400,1
0.744,695.0,923.0,971.0,881.0,0.4025,0.5774,0.5437,0.396,0.4731,,MEDIUM_CRUISE,按区域分级巡航,,-0.1749,0.1477,0,medium,0.0,,0.0,400,400,1
0.764,695.0,923.0,971.0,881.0,0.6223,0.5774,0.5437,0.6913,0.5998,,MEDIUM_CRUISE,按区域分级巡航,,0.0449,-0.1476,0,medium,0.0,,0.0,400,400,1
0.784,734.0,929.0,991.0,932.0,0.6223,0.5774,0.5437,0.6913,0.5998,,MEDIUM_CRUISE,按区域分级巡航,,0.0449,-0.1476,0,medium,0.0,,0.0,400,400,1
0.804,682.0,915.0,979.0,916.0,0.6223,0.5774,0.5631,0.8087,0.5998,,MEDIUM_CRUISE,按区域分级巡航,,0.0449,-0.2456,0,medium,0.0,,0.0,400,400,1
0.824,589.0,926.0,968.0,772.0,0.582,0.5833,0.5631,0.8087,0.5827,,MEDIUM_CRUISE,按区域分级巡航,,-0.0013,-0.2456,0,medium,0.0,,0.0,400,400,1
0.844,526.0,910.0,981.0,652.0,0.2941,0.5615,0.5631,0.3255,0.4435,,MEDIUM_CRUISE,按区域分级巡航,,-0.2674,0.2376,0,medium,0.0,,0.0,400,400,1
0.864,504.0,914.0,990.0,620.0,0.0991,0.5595,0.568,-0.0772,0.3293,,MEDIUM_CRUISE,按区域分级巡航,,-0.4605,0.6451,1,medium,0.0,,0.0,400,400,1
0.884,503.0,941.0,1014.0,624.0,0.031,0.5595,0.5898,-0.1711,0.2952,,MEDIUM_CRUISE,按区域分级巡航,,-0.5286,0.7609,1,medium,0.0,,0.0,400,400,1
0.905,511.0,981.0,1061.0,627.0,0.031,0.6131,0.6481,-0.1711,0.322,,EDGE_AVOID,进入危险区，先直线退离再转向,right,-0.5821,0.8192,1,slow,0.0,,0.0,-400,-400,1
0.925,536.0,1052.0,1171.0,642.0,0.0526,0.6925,0.7621,-0.1611,0.3725,,EDGE_AVOID,进入危险区，先直线退离再转向,right,-0.6398,0.9232,0,slow,0.0,,0.0,-400,-400,1
0.945,579.0,1111.0,1377.0,649.0,0.13,0.8333,1.0291,-0.1107,0.4817,,EDGE_AVOID,进入危险区，先直线退离再转向,right,-0.7033,1.1399,0,slow,0.0,,0.0,-400,-400,1
0.965,640.0,1077.0,1476.0,669.0,0.2632,0.8829,1.5291,-0.0872,0.573,,EDGE_AVOID,进入危险区，先直线退离再转向,right,-0.6198,1.6164,0,slow,0.0,,0.0,-400,-400,1
0.985,656.0,879.0,1282.0,638.0,0.452,0.8829,1.5291,-0.0872,0.6675,,EDGE_AVOID,进入危险区，先直线退离再转向,right,-0.4309,1.6164,0,slow,0.0,,0.0,-400,-400,1
1.005,630.0,829.0,1174.0,586.0,0.452,0.4901,1.2985,-0.1242,0.471,,EDGE_AVOID,进入危险区，先直线退离再转向,right,-0.0381,1.4227,0,slow,0.0,,0.0,-400,-400,1
1.025,622.0,868.0,1153.0,561.0,0.4211,0.4683,1.0364,-0.2987,0.4447,,EDGE_AVOID,进入危险区，先直线退离再转向,right,-0.0472,1.3351,0,slow,0.0,,0.0,-400,-400,1
1.045,643.0,891.0,1253.0,563.0,0.4211,0.4683,1.0364,-0.3758,0.4447,,EDGE_AVOID,进入危险区，先直线退离再转向,right,-0.0472,1.4122,0,slow,0.0,,0.0,-400,-400,1
1.065,668.0,973.0,1393.0,585.0,0.4613,0.5139,1.2282,-0.3758,0.4876,,EDGE_AVOID,进入危险区，先直线退离再转向,right,-0.0526,1.604,0,slow,0.0,,0.0,-400,-400,1
1.086,707.0,1138.0,1973.0,622.0,0.5387,0.6766,1.568,-0.302,0.6076,,EDGE_AVOID,进入危险区，先直线退离再转向,right,-0.1379,1.87,0,slow,0.0,,0.0,-400,-400,1
1.106,761.0,1355.0,1568.0,684.0,0.6594,1.004,1.9927,-0.1779,0.8317,,EDGE_AVOID,进入危险区，先直线退离再转向,right,-0.3445,2.1706,0,slow,0.0,,0.0,-400,-400,1
1.126,795.0,1364.0,2027.0,751.0,0.8266,1.4345,2.9757,0.0302,1.1306,left,EDGE_AVOID,进入危险区，先直线退离再转向,right,-0.6079,2.9455,0,slow,0.0,,0.0,-400,-400,1
1.146,795.0,1269.0,1995.0,780.0,0.9319,1.4345,3.0291,0.255,1.1832,left,EDGE_AVOID,进入危险区，先直线退离再转向,right,-0.5026,2.7741,0,slow,0.0,,0.0,-400,-400,1
1.166,791.0,1199.0,1654.0,811.0,0.9319,1.2639,3.0291,0.3523,1.0979,left,EDGE_AVOID,进入危险区，先直线退离再转向,right,-0.332,2.6768,0,slow,0.0,,0.0,-400,-400,1
1.186,791.0,1171.0,1423.0,844.0,0.9195,1.125,2.2015,0.4564,1.0223,,EDGE_AVOID,进入危险区，先直线退离再转向,right,-0.2055,1.7451,0,slow,0.0,,0.0,-400,-400,1
1.206,791.0,1171.0,1423.0,844.0,0.9195,1.0694,1.6408,0.5671,0.9945,,EDGE_AVOID,进入危险区，先直线退离再转向,right,-0.1499,1.0737,0,slow,0.0,,0.0,-400,-400,1
1.226,784.0,1162.0,1311.0,864.0,0.9195,1.0694,1.6408,0.5671,0.9945,,EDGE_AVOID,进入危险区，先直线退离再转向,right,-0.1499,1.0737,0,slow,0.0,,0.0,-400,-400,1
1.246,778.0,1179.0,1283.0,878.0,0.8978,1.0694,1.3689,0.6342,0.9836,,EDGE_AVOID,进入危险区，先直线退离再转向,right,-0.1716,0.7347,0,slow,0.0,,0.0,-400,-400,1
1.266,776.0,1204.0,1288.0,894.0,0.8793,1.0853,1.3131,0.6812,0.9823,,EDGE_AVOID,进入危险区，先直线退离再转向,right,-0.2061,0.6319,0,slow,0.0,,0.0,-400,-400,1
1.287,775.0,1228.0,1325.0,913.0,0.8731,1.1349,1.3131,0.7349,1.004,,EDGE_AVOID,进入危险区，先直线退离再转向,right,-0.2619,0.5782,0,slow,0.0,,0.0,-400,-400,1
1.307,773.0,1266.0,1378.0,922.0,0.87,1.1825,1.4029,0.7987,1.0263,,EDGE_AVOID,进入危险区，先直线退离再转向,right,-0.3126,0.6043,0,slow,0.0,,0.0,-400,-400,1
1.327,769.0,1350.0,1473.0,927.0,0.8638,1.2579,1.5316,0.8289,1.0609,,EDGE_AVOID,进入危险区，先直线退离再转向,right,-0.3942,0.7027,0,slow,0.0,,0.0,-400,-400,1
1.347,762.0,1490.0,1632.0,929.0,0.8514,1.4246,1.7621,0.8456,1.138,,EDGE_AVOID,进入危险区，先直线退离再转向,right,-0.5732,0.9165,0,slow,0.0,,0.0,-400,-400,1
1.367,768.0,1655.0,1793.0,923.0,0.8483,1.7024,2.1481,0.8456,1.2753,,EDGE_AVOID,进入危险区，先直线退离再转向,right,-0.8541,1.3024,0,slow,0.0,,0.0,-400,-400,1
1.387,768.0,1800.0,1817.0,915.0,0.8483,2.0298,2.5388,0.8322,1.439,left,EDGE_AVOID,进入危险区，先直线退离再转向,right,-1.1815,1.7066,0,slow,0.0,,0.0,-400,-400,1
1.407,769.0,1850.0,1920.0,901.0,0.8483,2.3175,2.5971,0.8054,1.5829,left,EDGE_AVOID,进入危险区，先直线退离再转向,right,-1.4692,1.7917,0,slow,0.0,,0.0,-400,-400,1
1.427,768.0,1794.0,1963.0,877.0,0.8483,2.3175,2.8471,0.7584,1.5829,left,EDGE_AVOID,进入危险区，先直线退离再转向,right,-1.4692,2.0887,0,slow,0.0,,0.0,-400,-400,1
1.448,764.0,1706.0,1756.0,847.0,0.8483,2.3056,2.8471,0.6779,1.5769,left,EDGE_AVOID,进入危险区，先直线退离再转向,right,-1.4573,2.1692,0,slow,0.0,,0.0,-400,-400,1
1.468,767.0,1563.0,1712.0,823.0,0.8452,2.131,2.449,0.5772,1.4881,,EDGE_AVOID,进入危险区，先直线退离再转向,right,-1.2858,1.8718,0,slow,0.0,,0.0,-400,-400,1
1.488,769.0,1397.0,1677.0,787.0,0.8452,1.8472,2.3422,0.4966,1.3462,,EDGE_AVOID,进入危险区，先直线退离再转向,right,-1.002,1.8456,0,slow,0.0,,0.0,-400,-400,1
1.508,761.0,1314.0,1653.0,768.0,0.8452,1.5179,2.2573,0.3758,1.1815,,EDGE_TURN,直线退离完成，开始转向,right,-0.6727,1.8814,0,danger_turn,135.0,left,0.8,-550,550,1
1.528,759.0,1344.0,1668.0,783.0,0.8266,1.4127,2.2354,0.3624,1.1197,,EDGE_TURN,直线退离完成，开始转向,right,-0.5861,1.873,0,danger_turn,135.0,left,0.8,-550,550,1
1.548,763.0,1355.0,1666.0,792.0,0.8266,1.4127,2.2306,0.3624,1.1197,,EDGE_TURN,直线退离完成，开始转向,right,-0.5861,1.8682,0,danger_turn,135.0,left,0.8,-550,550,1
1.568,751.0,1307.0,1633.0,775.0,0.8204,1.4127,2.2306,0.3624,1.1166,,EDGE_TURN,直线退离完成，开始转向,right,-0.5923,1.8682,0,danger_turn,135.0,left,0.8,-550,550,1
1.588,750.0,1308.0,1623.0,775.0,0.7957,1.3413,2.1505,0.3356,1.0685,,EDGE_TURN,直线退离完成，开始转向,right,-0.5456,1.8149,0,danger_turn,135.0,left,0.8,-550,550,1
1.608,753.0,1340.0,1630.0,786.0,0.7957,1.3413,2.1432,0.3356,1.0685,,EDGE_TURN,直线退离完成，开始转向,right,-0.5456,1.8076,0,danger_turn,135.0,left,0.8,-550,550,1
1.628,755.0,1362.0,1632.0,793.0,0.8019,1.4048,2.1432,0.3725,1.1033,,EDGE_TURN,直线退离完成，开始转向,right,-0.6029,1.7707,0,danger_turn,135.0,left,0.8,-550,550,1
1.648,754.0,1368.0,1627.0,790.0,0.805,1.4484,2.1432,0.3859,1.1267,,EDGE_TURN,直线退离完成，开始转向,right,-0.6435,1.7573,0,danger_turn,135.0,left,0.8,-550,550,1
1.669,754.0,1368.0,1627.0,790.0,0.805,1.4603,2.1359,0.3859,1.1326,,EDGE_TURN,直线退离完成，开始转向,right,-0.6554,1.75,0,danger_turn,135.0,left,0.8,-550,550,1
1.689,758.0,1380.0,1635.0,797.0,0.805,1.4603,2.1359,0.3859,1.1326,,EDGE_TURN,直线退离完成，开始转向,right,-0.6554,1.75,0,danger_turn,135.0,left,0.8,-550,550,1
1.709,757.0,1380.0,1632.0,797.0,0.8142,1.4841,2.1481,0.4094,1.1492,,EDGE_TURN,直线退离完成，开始转向,right,-0.6699,1.7387,0,danger_turn,135.0,left,0.8,-550,550,1
1.729,759.0,1389.0,1633.0,802.0,0.8173,1.4841,2.1505,0.4094,1.1507,,EDGE_TURN,直线退离完成，开始转向,right,-0.6668,1.7411,0,danger_turn,135.0,left,0.8,-550,550,1
1.749,760.0,1391.0,1624.0,807.0,0.8204,1.502,2.1481,0.4262,1.1612,,EDGE_TURN,直线退离完成，开始转向,right,-0.6816,1.7219,0,danger_turn,135.0,left,0.8,-550,550,1
1.769,759.0,1393.0,1626.0,808.0,0.8204,1.506,2.1335,0.443,1.1632,,EDGE_TURN,直线退离完成，开始转向,right,-0.6855,1.6905,0,danger_turn,135.0,left,0.8,-550,550,1
1.789,761.0,1406.0,1632.0,814.0,0.8235,1.5099,2.1335,0.4463,1.1667,,EDGE_TURN,直线退离完成，开始转向,right,-0.6864,1.6872,0,danger_turn,135.0,left,0.8,-550,550,1
1.809,758.0,1410.0,1618.0,815.0,0.8204,1.5357,2.1335,0.4664,1.1781,,EDGE_TURN,直线退离完成，开始转向,right,-0.7153,1.6671,0,danger_turn,135.0,left,0.8,-550,550,1
1.829,755.0,1421.0,1617.0,818.0,0.8173,1.5437,2.1141,0.4698,1.1805,,EDGE_TURN,直线退离完成，开始转向,right,-0.7263,1.6443,0,danger_turn,135.0,left,0.8,-550,550,1
1.849,761.0,1448.0,1621.0,825.0,0.8173,1.5655,2.1141,0.4799,1.1914,,EDGE_TURN,直线退离完成，开始转向,right,-0.7481,1.6342,0,danger_turn,135.0,left,0.8,-550,550,1
1.869,758.0,1450.0,1613.0,832.0,0.8173,1.619,2.1117,0.5034,1.2182,,EDGE_TURN,直线退离完成，开始转向,right,-0.8017,1.6083,0,danger_turn,135.0,left,0.8,-550,550,1
1.89,756.0,1454.0,1592.0,841.0,0.8173,1.623,2.1019,0.5268,1.2202,,EDGE_TURN,直线退离完成，开始转向,right,-0.8057,1.5751,0,danger_turn,135.0,left,0.8,-550,550,1
1.91,745.0,1520.0,1541.0,846.0,0.8111,1.631,2.051,0.557,1.221,,EDGE_TURN,直线退离完成，开始转向,right,-0.8198,1.4939,0,danger_turn,135.0,left,0.8,-550,550,1
1.93,737.0,1504.0,1496.0,854.0,0.7771,1.7302,1.9272,0.5738,1.2536,,EDGE_TURN,直线退离完成，开始转向,right,-0.9531,1.3534,0,danger_turn,135.0,left,0.8,-550,550,1
1.95,742.0,1533.0,1519.0,866.0,0.7678,1.7619,1.8738,0.6007,1.2649,,EDGE_TURN,直线退离完成，开始转向,right,-0.9941,1.2731,0,danger_turn,135.0,left,0.8,-550,550,1
1.97,742.0,1560.0,1499.0,883.0,0.7678,1.7877,1.8252,0.6409,1.2778,,EDGE_TURN,直线退离完成，开始转向,right,-1.0199,1.1843,0,danger_turn,135.0,left,0.8,-550,550,1
1.99,735.0,1662.0,1445.0,912.0,0.7678,1.8413,1.8252,0.698,1.2965,,EDGE_TURN,直线退离完成，开始转向,right,-1.0735,1.1273,0,danger_turn,135.0,left,0.8,-550,550,1
2.01,728.0,1821.0,1392.0,945.0,0.7461,2.0437,1.6942,0.7953,1.2447,,EDGE_TURN,直线退离完成，开始转向,right,-1.2975,0.8989,0,danger_turn,135.0,left,0.8,-550,550,1
2.03,718.0,1920.0,1329.0,956.0,0.7245,2.3591,1.5655,0.906,1.2358,,EDGE_TURN,直线退离完成，开始转向,right,-1.6347,0.6595,0,danger_turn,135.0,left,0.8,-550,550,1
2.05,715.0,2035.0,1315.0,974.0,0.6935,2.5556,1.4126,0.943,1.1778,,EDGE_TURN,直线退离完成，开始转向,right,-1.8621,0.4697,0,danger_turn,135.0,left,0.8,-550,550,1
2.07,712.0,2164.0,1270.0,1006.0,0.6842,2.7837,1.3786,1.0034,1.191,rear,EDGE_TURN,直线退离完成，开始转向,right,-2.0995,0.3753,0,danger_turn,135.0,left,0.8,-550,550,1
2.09,706.0,2276.0,1220.0,1053.0,0.6749,3.0397,1.2694,1.1107,1.1901,rear,EDGE_TURN,直线退离完成，开始转向,right,-2.3648,0.1587,0,danger_turn,135.0,left,0.8,-550,550,1
2.11,700.0,2152.0,1158.0,1088.0,0.6563,3.0397,1.1481,1.2685,1.2083,rear,EDGE_TURN,直线退离完成，开始转向,right,-2.3833,-0.1204,0,danger_turn,135.0,left,0.8,-550,550,1
2.13,689.0,1699.0,1088.0,1131.0,0.6378,3.0159,0.9976,1.3859,1.1917,rear,EDGE_TURN,直线退离完成，开始转向,right,-2.3781,-0.3883,0,danger_turn,135.0,left,0.8,-550,550,1
2.151,676.0,1275.0,1018.0,1166.0,0.6037,2.1171,0.8277,1.5302,1.1789,,EDGE_TURN,直线退离完成，开始转向,right,-1.5133,-0.7025,0,danger_turn,135.0,left,0.8,-550,550,1
2.171,667.0,992.0,963.0,1195.0,0.5635,1.2758,0.6578,1.6477,0.9668,,EDGE_TURN,直线退离完成，开始转向,right,-0.7123,-0.9899,0,danger_turn,135.0,left,0.8,-550,550,1
2.191,657.0,934.0,919.0,1204.0,0.5356,0.7143,0.5243,1.745,0.6249,,EDGE_TURN,直线退离完成，开始转向,right,-0.1787,-1.2207,0,danger_turn,135.0,left,0.8,-550,550,1
2.211,651.0,926.0,883.0,1217.0,0.5046,0.5992,0.4175,1.7752,0.5519,,EDGE_TURN,直线退离完成，开始转向,right,-0.0946,-1.3577,0,danger_turn,135.0,left,0.8,-550,550,1
2.231,650.0,935.0,870.0,1216.0,0.4861,0.5992,0.3301,1.8154,0.5426,,EDGE_TURN,直线退离完成，开始转向,right,-0.1131,-1.4853,0,danger_turn,135.0,left,0.8,-550,550,1
2.251,650.0,945.0,873.0,1228.0,0.483,0.6012,0.3058,1.8188,0.5421,,EDGE_TURN,直线退离完成，开始转向,right,-0.1182,-1.513,0,danger_turn,135.0,left,0.8,-550,550,1
2.271,650.0,957.0,886.0,1225.0,0.483,0.621,0.3058,1.8456,0.552,,EDGE_TURN,直线退离完成，开始转向,right,-0.1381,-1.5398,0,danger_turn,135.0,left,0.8,-550,550,1
2.291,650.0,959.0,908.0,1205.0,0.483,0.6448,0.3374,1.8456,0.5639,,EDGE_TURN,直线退离完成，开始转向,right,-0.1619,-1.5083,0,danger_turn,135.0,left,0.8,-550,550,1
2.311,654.0,964.0,940.0,1223.0,0.483,0.6488,0.3908,1.8389,0.5659,,RECOVER_FORWARD,转向完成，向前离开边缘,right,-0.1658,-1.4481,0,danger,0.0,,0.0,400,400,1
2.331,658.0,977.0,974.0,1223.0,0.4954,0.6587,0.4684,1.8389,0.577,,RECOVER_FORWARD,转向完成，向前离开边缘,right,-0.1634,-1.3705,0,danger,0.0,,0.0,400,400,1
2.351,658.0,977.0,974.0,1223.0,0.5077,0.6845,0.551,1.8389,0.6177,,RECOVER_FORWARD,转向完成，向前离开边缘,right,-0.1768,-1.288,0,danger,0.0,,0.0,400,400,1
2.371,655.0,979.0,993.0,1225.0,0.5077,0.6845,0.551,1.8389,0.6177,,RECOVER_FORWARD,转向完成，向前离开边缘,right,-0.1768,-1.288,0,danger,0.0,,0.0,400,400,1
2.391,648.0,976.0,1000.0,1189.0,0.4985,0.6845,0.5971,1.8389,0.6408,,RECOVER_FORWARD,转向完成，向前离开边缘,right,-0.1861,-1.2418,0,danger,0.0,,0.0,400,400,1
2.411,649.0,984.0,1022.0,1190.0,0.4799,0.6885,0.6141,1.7282,0.6513,,RECOVER_FORWARD,转向完成，向前离开边缘,right,-0.2086,-1.1141,0,danger,0.0,,0.0,400,400,1
2.432,649.0,988.0,1048.0,1209.0,0.4799,0.6984,0.6675,1.7282,0.6829,,RECOVER_FORWARD,转向完成，向前离开边缘,right,-0.2185,-1.0607,0,danger,0.0,,0.0,400,400,1
2.452,649.0,981.0,1069.0,1212.0,0.4799,0.6984,0.7306,1.7919,0.7145,,RECOVER_FORWARD,转向完成，向前离开边缘,right,-0.2185,-1.0614,0,danger,0.0,,0.0,400,400,1
2.472,653.0,989.0,1085.0,1198.0,0.4799,0.7063,0.7816,1.7919,0.744,,RECOVER_FORWARD,转向完成，向前离开边缘,right,-0.2265,-1.0104,0,danger,0.0,,0.0,400,400,1
2.492,652.0,984.0,1088.0,1218.0,0.4892,0.6984,0.8204,1.802,0.7594,,RECOVER_FORWARD,转向完成，向前离开边缘,right,-0.2092,-0.9816,0,danger,0.0,,0.0,400,400,1
2.512,652.0,985.0,1089.0,1217.0,0.4892,0.7004,0.8277,1.8188,0.764,,RECOVER_FORWARD,转向完成，向前离开边缘,right,-0.2112,-0.9911,0,danger,0.0,,0.0,400,400,1
2.532,652.0,983.0,1082.0,1216.0,0.4892,0.6984,0.8277,1.8188,0.763,,RECOVER_FORWARD,转向完成，向前离开边缘,right,-0.2092,-0.9911,0,danger,0.0,,0.0,400,400,1
2.552,656.0,985.0,1081.0,1214.0,0.4892,0.7004,0.8131,1.8154,0.7568,,RECOVER_FORWARD,转向完成，向前离开边缘,right,-0.2112,-1.0023,0,danger,0.0,,0.0,400,400,1
2.572,659.0,991.0,1077.0,1216.0,0.5015,0.7004,0.8107,1.8154,0.7555,,RECOVER_FORWARD,转向完成，向前离开边缘,right,-0.1988,-1.0048,0,danger,0.0,,0.0,400,400,1
2.592,660.0,991.0,1072.0,1224.0,0.5108,0.7123,0.801,1.8154,0.7566,,RECOVER_FORWARD,转向完成，向前离开边缘,right,-0.2015,-1.0145,0,danger,0.0,,0.0,400,400,1
2.612,657.0,990.0,1065.0,1218.0,0.5108,0.7123,0.7888,1.8221,0.7506,,RECOVER_FORWARD,转向完成，向前离开边缘,right,-0.2015,-1.0333,0,danger,0.0,,0.0,400,400,1
2.632,651.0,993.0,1056.0,1212.0,0.5046,0.7123,0.7718,1.8221,0.7421,,RECOVER_FORWARD,转向完成，向前离开边缘,right,-0.2077,-1.0503,0,danger,0.0,,0.0,400,400,1
2.652,648.0,990.0,1048.0,1225.0,0.4861,0.7103,0.75,1.8221,0.7302,,RECOVER_FORWARD,转向完成，向前离开边缘,right,-0.2242,-1.0721,0,danger,0.0,,0.0,400,400,1
2.672,650.0,990.0,1045.0,1233.0,0.483,0.7103,0.7306,1.8456,0.7204,,RECOVER_FORWARD,转向完成，向前离开边缘,right,-0.2273,-1.1151,0,danger,0.0,,0.0,400,400,1
2.693,655.0,992.0,1041.0,1225.0,0.483,0.7103,0.7233,1.8456,0.7168,,RECOVER_FORWARD,转向完成，向前离开边缘,right,-0.2273,-1.1223,0,danger,0.0,,0.0,400,400,1
2.713,658.0,993.0,1033.0,1221.0,0.4985,0.7143,0.7136,1.8456,0.7139,,RECOVER_FORWARD,转向完成，向前离开边缘,right,-0.2158,-1.132,0,danger,0.0,,0.0,400,400,1
2.733,660.0,994.0,1028.0,1224.0,0.5077,0.7163,0.6942,1.8423,0.7052,,RECOVER_FORWARD,转向完成，向前离开边缘,right,-0.2085,-1.1481,0,danger,0.0,,0.0,400,400,1
2.753,659.0,993.0,1017.0,1230.0,0.5108,0.7163,0.682,1.8423,0.6992,,RECOVER_FORWARD,转向完成，向前离开边缘,right,-0.2054,-1.1602,0,danger,0.0,,0.0,400,400,1
2.773,658.0,996.0,1001.0,1236.0,0.5108,0.7183,0.6553,1.8624,0.6868,,RECOVER_FORWARD,转向完成，向前离开边缘,right,-0.2074,-1.2071,0,danger,0.0,,0.0,400,400,1
2.793,657.0,998.0,981.0,1247.0,0.5077,0.7222,0.6165,1.8826,0.6694,,RECOVER_FORWARD,转向完成，向前离开边缘,right,-0.2145,-1.266,0,danger,0.0,,0.0,400,400,1
2.813,648.0,992.0,955.0,1229.0,0.5046,0.7222,0.568,1.8826,0.6451,,RECOVER_FORWARD,转向完成，向前离开边缘,right,-0.2176,-1.3146,0,danger,0.0,,0.0,400,400,1
2.833,649.0,991.0,937.0,1236.0,0.4799,0.7143,0.5049,1.8826,0.6096,,RECOVER_FORWARD,转向完成，向前离开边缘,right,-0.2344,-1.3777,0,danger,0.0,,0.0,400,400,1
2.853,656.0,995.0,935.0,1238.0,0.4799,0.7143,0.4612,1.8826,0.5971,,RECOVER_FORWARD,转向完成，向前离开边缘,right,-0.2344,-1.4214,0,danger,0.0,,0.0,400,400,1
2.873,662.0,994.0,950.0,1249.0,0.5015,0.7183,0.4612,1.8893,0.6099,,RECOVER_FORWARD,转向完成，向前离开边缘,right,-0.2167,-1.4281,0,danger,0.0,,0.0,400,400,1
2.893,657.0,989.0,966.0,1238.0,0.5046,0.7183,0.4927,1.8893,0.6114,,RECOVER_FORWARD,转向完成，向前离开边缘,right,-0.2136,-1.3965,0,danger,0.0,,0.0,400,400,1
2.914,658.0,992.0,979.0,1248.0,0.5077,0.7143,0.5316,1.9228,0.6229,,RECOVER_FORWARD,转向完成，向前离开边缘,right,-0.2065,-1.3913,0,danger,0.0,,0.0,400,400,1
2.934,661.0,994.0,978.0,1270.0,0.5077,0.7143,0.5607,1.9228,0.6375,,RECOVER_FORWARD,转向完成，向前离开边缘,right,-0.2065,-1.3621,0,danger,0.0,,0.0,400,400,1
2.954,660.0,989.0,973.0,1263.0,0.5139,0.7143,0.5607,1.9732,0.6375,,RECOVER_FORWARD,转向完成，向前离开边缘,right,-0.2004,-1.4125,0,danger,0.0,,0.0,400,400,1
2.974,658.0,995.0,963.0,1270.0,0.5139,0.7183,0.5485,1.9966,0.6334,,RECOVER_FORWARD,转向完成，向前离开边缘,right,-0.2043,-1.4481,0,danger,0.0,,0.0,400,400,1
2.994,658.0,995.0,963.0,1270.0,0.5077,0.7202,0.5243,1.9966,0.6223,,RECOVER_FORWARD,转向完成，向前离开边缘,right,-0.2125,-1.4724,0,danger,0.0,,0.0,400,400,1
3.014,664.0,1004.0,935.0,1277.0,0.5077,0.7202,0.5243,1.9966,0.6223,,RECOVER_FORWARD,转向完成，向前离开边缘,right,-0.2125,-1.4724,0,danger,0.0,,0.0,400,400,1
3.034,666.0,1004.0,889.0,1261.0,0.5263,0.7381,0.4563,1.9966,0.6322,,RECOVER_FORWARD,转向完成，向前离开边缘,right,-0.2118,-1.5403,0,danger,0.0,,0.0,400,400,1
3.054,667.0,1005.0,823.0,1262.0,0.5325,0.7381,0.3447,1.9698,0.6353,,RECOVER_FORWARD,转向完成，向前离开边缘,right,-0.2056,-1.6251,0,danger,0.0,,0.0,400,400,1
3.074,668.0,1016.0,773.0,1264.0,0.5356,0.7401,0.1845,1.9698,0.6378,,RECOVER_FORWARD,转向完成，向前离开边缘,right,-0.2045,-1.7853,0,danger,0.0,,0.0,400,400,1
3.095,668.0,1010.0,742.0,1272.0,0.5387,0.75,0.0631,1.9765,0.6443,,RECOVER_FORWARD,转向完成，向前离开边缘,right,-0.2113,-1.9134,0,danger,0.0,,0.0,400,400,1
3.115,666.0,1016.0,730.0,1269.0,0.5387,0.7619,-0.0121,1.9933,0.6503,,RECOVER_FORWARD,转向完成，向前离开边缘,right,-0.2232,-2.0054,0,danger,0.0,,0.0,400,400,1
3.135,671.0,1015.0,721.0,1263.0,0.5387,0.7599,-0.0413,1.9933,0.6493,,RECOVER_FORWARD,转向完成，向前离开边缘,right,-0.2212,-2.0346,0,danger,0.0,,0.0,400,400,1
3.155,676.0,1017.0,712.0,1276.0,0.548,0.7619,-0.0631,1.9933,0.6549,,RECOVER_FORWARD,转向完成，向前离开边缘,right,-0.2139,-2.0564,0,danger,0.0,,0.0,400,400,1
3.175,675.0,1020.0,701.0,1262.0,0.5604,0.7639,-0.085,1.9732,0.6621,,RECOVER_FORWARD,转向完成，向前离开边缘,right,-0.2035,-2.0581,0,danger,0.0,,0.0,400,400,1
3.195,680.0,1026.0,688.0,1260.0,0.5635,0.7698,-0.1117,1.9698,0.6667,,RECOVER_FORWARD,转向完成，向前离开边缘,right,-0.2064,-2.0814,0,danger,0.0,,0.0,400,400,1
3.215,686.0,1032.0,676.0,1255.0,0.5759,0.7817,-0.1432,1.9631,0.6788,,RECOVER_FORWARD,转向完成，向前离开边缘,right,-0.2059,-2.1063,0,danger,0.0,,0.0,400,400,1
3.235,684.0,1035.0,669.0,1256.0,0.5882,0.7937,-0.1723,1.9497,0.6909,,RECOVER_FORWARD,转向完成，向前离开边缘,right,-0.2054,-2.122,0,danger,0.0,,0.0,400,400,1
3.255,686.0,1038.0,670.0,1245.0,0.5944,0.7996,-0.1869,1.9463,0.697,,RECOVER_FORWARD,转向完成，向前离开边缘,right,-0.2052,-2.1332,0,danger,0.0,,0.0,400,400,1
3.275,693.0,1042.0,674.0,1268.0,0.5944,0.8056,-0.1869,1.9497,0.7,,RECOVER_FORWARD,转向完成，向前离开边缘,right,-0.2111,-2.1366,0,danger,0.0,,0.0,400,400,1
3.296,696.0,1043.0,679.0,1263.0,0.6161,0.8135,-0.1772,1.9732,0.7148,,RECOVER_FORWARD,转向完成，向前离开边缘,right,-0.1974,-2.1503,0,danger,0.0,,0.0,400,400,1
3.316,699.0,1054.0,680.0,1278.0,0.6254,0.8155,-0.165,1.9899,0.7204,,RECOVER_FORWARD,转向完成，向前离开边缘,right,-0.1901,-2.155,0,danger,0.0,,0.0,400,400,1
3.336,702.0,1057.0,681.0,1290.0,0.6347,0.8373,-0.1626,2.0235,0.736,,RECOVER_FORWARD,转向完成，向前离开边缘,right,-0.2026,-2.1861,0,danger,0.0,,0.0,400,400,1
3.356,700.0,1058.0,681.0,1291.0,0.6378,0.8433,-0.1602,2.0638,0.7405,,RECOVER_FORWARD,转向完成，向前离开边缘,right,-0.2055,-2.224,0,danger,0.0,,0.0,400,400,1
3.376,703.0,1057.0,683.0,1282.0,0.644,0.8433,-0.1602,2.0638,0.7436,,RECOVER_FORWARD,转向完成，向前离开边缘,right,-0.1993,-2.224,0,danger,0.0,,0.0,400,400,1
3.396,703.0,1057.0,683.0,1282.0,0.6471,0.8433,-0.1553,2.0369,0.7452,,RECOVER_FORWARD,转向完成，向前离开边缘,right,-0.1962,-2.1923,0,danger,0.0,,0.0,400,400,1
3.417,706.0,1063.0,678.0,1280.0,0.6471,0.8433,-0.1553,2.0369,0.7452,,RECOVER_FORWARD,转向完成，向前离开边缘,right,-0.1962,-2.1923,0,danger,0.0,,0.0,400,400,1
3.437,709.0,1074.0,688.0,1283.0,0.6563,0.8552,-0.1553,2.0369,0.7558,,RECOVER_FORWARD,转向完成，向前离开边缘,right,-0.1988,-2.1923,0,danger,0.0,,0.0,400,400,1
3.457,710.0,1068.0,690.0,1293.0,0.6656,0.8651,-0.1432,2.0403,0.7654,,RECOVER_FORWARD,转向完成，向前离开边缘,right,-0.1994,-2.1835,0,danger,0.0,,0.0,400,400,1
3.477,714.0,1075.0,696.0,1296.0,0.6687,0.877,-0.1383,2.0738,0.7729,,RECOVER_FORWARD,转向完成，向前离开边缘,right,-0.2083,-2.2122,0,danger,0.0,,0.0,400,400,1
3.497,719.0,1082.0,699.0,1307.0,0.6811,0.879,-0.1238,2.0839,0.78,,RECOVER_FORWARD,转向完成，向前离开边缘,right,-0.1979,-2.2077,0,danger,0.0,,0.0,400,400,1
3.517,733.0,1097.0,709.0,1316.0,0.6966,0.8929,-0.1165,2.1208,0.7947,,RECOVER_FORWARD,转向完成，向前离开边缘,right,-0.1963,-2.2373,0,danger,0.0,,0.0,400,400,1
3.537,737.0,1113.0,719.0,1336.0,0.7399,0.9226,-0.0922,2.151,0.8313,,RECOVER_FORWARD,转向完成，向前离开边缘,right,-0.1827,-2.2432,0,danger,0.0,,0.0,400,400,1
3.557,750.0,1131.0,735.0,1336.0,0.7523,0.9544,-0.068,2.2181,0.8533,,RECOVER_FORWARD,转向完成，向前离开边缘,right,-0.202,-2.2861,0,danger,0.0,,0.0,400,400,1
3.577,780.0,1179.0,769.0,1349.0,0.7926,0.9901,-0.0291,2.2181,0.8913,,RECOVER_FORWARD,转向完成，向前离开边缘,right,-0.1975,-2.2472,0,danger,0.0,,0.0,400,400,1
3.597,855.0,1284.0,862.0,1398.0,0.8854,1.0853,0.0534,2.2617,0.9854,,RECOVER_FORWARD,转向完成，向前离开边缘,right,-0.1999,-2.2083,0,danger,0.0,,0.0,400,400,1
3.617,1002.0,1456.0,1061.0,1444.0,1.1176,1.2937,0.2791,2.4262,1.2056,,RECOVER_FORWARD,转向完成，向前离开边缘,right,-0.176,-2.147,0,danger,0.0,,0.0,400,400,1
3.637,1272.0,1778.0,1513.0,1491.0,1.5728,1.6349,0.7621,2.5805,1.6038,,RECOVER_FORWARD,转向完成，向前离开边缘,right,-0.0622,-1.8184,0,danger,0.0,,0.0,400,400,1
3.658,1315.0,1777.0,1608.0,1510.0,2.4087,2.2718,1.8592,2.7383,2.3402,,RECOVER_FORWARD,转向完成，向前离开边缘,right,0.1368,-0.879,0,danger,0.0,,0.0,400,400,1
3.678,1283.0,1664.0,1616.0,1403.0,2.4427,2.2718,2.0898,2.7383,2.3573,,RECOVER_FORWARD,转向完成，向前离开边缘,right,0.1709,-0.6484,0,danger,0.0,,0.0,400,400,1
3.698,1265.0,1675.0,1631.0,1375.0,2.4427,2.0694,2.1092,2.443,2.276,,RECOVER_FORWARD,转向完成，向前离开边缘,right,0.3733,-0.3337,0,danger,0.0,,0.0,400,400,1
3.718,1300.0,1720.0,1658.0,1450.0,2.4427,2.0694,2.1456,2.443,2.2942,,RECOVER_FORWARD,转向完成，向前离开边缘,right,0.3733,-0.2973,0,danger,0.0,,0.0,400,400,1
3.738,1373.0,1778.0,1676.0,1446.0,2.4954,2.1587,2.2112,2.5872,2.3533,,RECOVER_FORWARD,转向完成，向前离开边缘,right,0.3366,-0.3761,0,danger,0.0,,0.0,400,400,1
3.758,1368.0,1777.0,1688.0,1966.0,2.7059,2.2718,2.2549,2.6007,2.4362,,RECOVER_FORWARD,转向完成，向前离开边缘,right,0.4341,-0.3458,0,danger,0.0,,0.0,400,400,1
3.778,1372.0,1748.0,1686.0,2180.0,2.7183,2.2718,2.2791,4.3322,2.4987,right,RECOVER_FORWARD,转向完成，向前离开边缘,right,0.4464,-2.0531,0,danger,0.0,,0.0,400,400,1
3.798,1405.0,1744.0,1683.0,2163.0,2.7183,2.2143,2.2791,4.9933,2.4987,right,RECOVER_FORWARD,转向完成，向前离开边缘,right,0.504,-2.7142,0,danger,0.0,,0.0,400,400,1
3.818,1377.0,1732.0,1668.0,1986.0,2.7337,2.2063,2.2718,4.9933,2.5028,right,CRUISE,已达到避边释放线，恢复中速穿越渐变区,,0.5274,-2.7214,0,fast,0.0,,0.0,450,450,1
3.838,1374.0,1737.0,1669.0,1826.0,2.7337,2.1925,2.2379,4.3993,2.4858,right,CRUISE,按区域分级巡航,,0.5413,-2.1615,0,fast,0.0,,0.0,450,450,1
3.858,1366.0,1754.0,1672.0,1824.0,2.7245,2.1925,2.2379,3.8624,2.4812,right,CRUISE,按区域分级巡航,,0.532,-1.6246,0,fast,0.0,,0.0,450,450,1
3.878,1370.0,1773.0,1666.0,1854.0,2.7121,2.2262,2.2379,3.8624,2.475,right,CRUISE,按区域分级巡航,,0.4859,-1.6246,0,fast,0.0,,0.0,450,450,1
3.898,1390.0,1760.0,1660.0,1858.0,2.7121,2.2381,2.2306,3.9564,2.4751,right,CRUISE,按区域分级巡航,,0.474,-1.7258,0,fast,0.0,,0.0,450,450,1
3.918,1383.0,1750.0,1652.0,1901.0,2.7523,2.2381,2.216,3.9698,2.4952,right,CRUISE,按区域分级巡航,,0.5142,-1.7538,0,fast,0.0,,0.0,450,450,1
3.939,1376.0,1715.0,1662.0,1989.0,2.7523,2.2183,2.216,4.1141,2.4853,right,CRUISE,按区域分级巡航,,0.5341,-1.8981,0,fast,0.0,,0.0,450,450,1
3.959,1354.0,1720.0,1670.0,2060.0,2.7307,2.1587,2.2209,4.4094,2.4758,right,CRUISE,按区域分级巡航,,0.5719,-2.1885,0,fast,0.0,,0.0,450,450,1
3.979,1337.0,1726.0,1634.0,2096.0,2.6625,2.1587,2.2209,4.6477,2.4417,right,CRUISE,按区域分级巡航,,0.5038,-2.4268,0,fast,0.0,,0.0,450,450,1
3.999,1324.0,1661.0,1601.0,2166.0,2.6099,2.1587,2.1529,4.7685,2.3843,right,CRUISE,按区域分级巡航,,0.4512,-2.6155,0,fast,0.0,,0.0,450,450,1
4.019,1306.0,1642.0,1581.0,2256.0,2.5697,2.0417,2.0728,5.0034,2.3212,right,CRUISE,按区域分级巡航,,0.528,-2.9305,0,fast,0.0,,0.0,450,450,1
4.039,1272.0,1589.0,1537.0,2290.0,2.5139,2.004,2.0243,5.3054,2.2691,right,CRUISE,按区域分级巡航,,0.51,-3.2811,0,fast,0.0,,0.0,450,450,1
4.059,1250.0,1542.0,1533.0,2284.0,2.4087,1.8988,1.9175,5.3993,2.1631,right,CRUISE,按区域分级巡航,,0.5099,-3.4819,0,fast,0.0,,0.0,450,450,1
4.079,1217.0,1506.0,1509.0,2294.0,2.3406,1.8056,1.9078,5.4195,2.1242,right,CRUISE,按区域分级巡航,,0.535,-3.5117,0,fast,0.0,,0.0,450,450,1
4.099,1204.0,1458.0,1451.0,2308.0,2.2384,1.7341,1.8495,5.4329,2.044,right,CRUISE,按区域分级巡航,,0.5043,-3.5834,0,fast,0.0,,0.0,450,450,1
4.119,1204.0,1458.0,1451.0,2308.0,2.1981,1.6389,1.7087,5.4799,1.9534,right,CRUISE,按区域分级巡航,,0.5593,-3.7711,0,fast,0.0,,0.0,450,450,1
4.139,1200.0,1418.0,1426.0,2300.0,2.1981,1.6389,1.7087,5.4799,1.9534,right,CRUISE,按区域分级巡航,,0.5593,-3.7711,0,fast,0.0,,0.0,450,450,1
4.159,1180.0,1368.0,1408.0,2297.0,2.1858,1.5595,1.6481,5.453,1.9169,right,CRUISE,按区域分级巡航,,0.6262,-3.805,0,fast,0.0,,0.0,450,450,1
4.18,1145.0,1335.0,1351.0,2300.0,2.1238,1.4603,1.6044,5.453,1.8641,right,CRUISE,按区域分级巡航,,0.6635,-3.8487,0,fast,0.0,,0.0,450,450,1
4.2,1094.0,1293.0,1328.0,2296.0,2.0155,1.3948,1.466,5.443,1.7407,right,CRUISE,按区域分级巡航,,0.6206,-3.9769,0,fast,0.0,,0.0,450,450,1
4.22,1035.0,1232.0,1300.0,2280.0,1.8576,1.3115,1.4102,5.4396,1.6339,right,CRUISE,按区域分级巡航,,0.5461,-4.0294,0,fast,0.0,,0.0,450,450,1
4.24,957.0,1172.0,1259.0,2253.0,1.6749,1.1905,1.3422,5.3859,1.5086,right,CRUISE,按区域分级巡航,,0.4844,-4.0437,0,fast,0.0,,0.0,450,450,1
4.26,877.0,1119.0,1218.0,2228.0,1.4334,1.0714,1.2427,5.2953,1.3381,right,CRUISE,按区域分级巡航,,0.362,-4.0526,0,fast,0.0,,0.0,450,450,1
4.28,809.0,1054.0,1168.0,2208.0,1.1858,0.9663,1.1432,5.2114,1.1645,right,CRUISE,按区域分级巡航,,0.2195,-4.0682,0,fast,0.0,,0.0,450,450,1
4.3,739.0,995.0,1100.0,2192.0,0.9752,0.8373,1.0218,5.1443,0.9985,right,MEDIUM_CRUISE,按区域分级巡航,,0.1379,-4.1225,0,medium,0.0,,0.0,400,400,1
4.32,677.0,938.0,1040.0,2180.0,0.7585,0.7202,0.8568,5.0906,0.8077,right,MEDIUM_CRUISE,按区域分级巡航,,0.0383,-4.2338,0,medium,0.0,,0.0,400,400,1
4.34,627.0,895.0,994.0,2169.0,0.5666,0.6071,0.7112,5.0503,0.6592,right,MEDIUM_CRUISE,按区域分级巡航,,-0.0406,-4.3392,0,medium,0.0,,0.0,400,400,1
4.36,587.0,855.0,934.0,2153.0,0.4118,0.5218,0.5995,5.0134,0.5607,right,MEDIUM_CRUISE,按区域分级巡航,,-0.1101,-4.4139,0,medium,0.0,,0.0,400,400,1
4.381,554.0,830.0,874.0,2152.0,0.2879,0.4425,0.4539,4.9597,0.4482,right,MEDIUM_CRUISE,按区域分级巡航,,-0.1545,-4.5058,0,medium,0.0,,0.0,400,400,1
4.401,528.0,803.0,812.0,2139.0,0.1858,0.3929,0.3083,4.9564,0.3506,right,MEDIUM_CRUISE,按区域分级巡航,,-0.2071,-4.6481,0,medium,0.0,,0.0,400,400,1
4.421,507.0,783.0,760.0,2141.0,0.1053,0.3393,0.1578,4.9195,0.2485,right,MEDIUM_CRUISE,按区域分级巡航,,-0.234,-4.7617,1,medium,0.0,,0.0,400,400,1
4.441,485.0,765.0,706.0,2138.0,0.0402,0.2996,0.0316,4.9128,0.1699,right,MEDIUM_CRUISE,按区域分级巡航,,-0.2594,-4.8812,1,medium,0.0,,0.0,400,400,1
4.461,466.0,750.0,657.0,2139.0,-0.0279,0.2639,-0.0995,4.9128,0.118,right,EDGE_AVOID,进入危险区，先直线退离再转向,left,-0.2918,-5.0123,1,slow,0.0,,0.0,-400,-400,1
4.481,448.0,732.0,616.0,2131.0,-0.0867,0.2341,-0.2184,4.9094,0.0737,right,EDGE_AVOID,进入危险区，先直线退离再转向,left,-0.3208,-5.1278,1,slow,0.0,,0.0,-400,-400,1
4.501,432.0,710.0,582.0,2138.0,-0.1424,0.1984,-0.318,4.9094,0.028,right,EDGE_AVOID,进入危险区，先直线退离再转向,left,-0.3408,-5.2274,1,slow,0.0,,0.0,-400,-400,1
4.521,416.0,688.0,550.0,2146.0,-0.192,0.1548,-0.4005,4.9094,-0.0186,right,EDGE_AVOID,进入危险区，先直线退离再转向,left,-0.3467,-5.3099,1,slow,0.0,,0.0,-400,-400,1
4.541,416.0,688.0,550.0,2146.0,-0.2415,0.1111,-0.4782,4.9362,-0.0652,right,EDGE_AVOID,进入危险区，先直线退离再转向,left,-0.3526,-5.4144,1,slow,0.0,,0.0,-400,-400,1
4.562,402.0,667.0,526.0,2165.0,-0.2415,0.1111,-0.4782,4.9362,-0.0652,right,EDGE_AVOID,进入危险区，先直线退离再转向,left,-0.3526,-5.4144,1,slow,0.0,,0.0,-400,-400,1
4.582,387.0,638.0,504.0,2174.0,-0.2848,0.0694,-0.5364,5.0,-0.1077,right,EDGE_AVOID,进入危险区，先直线退离再转向,left,-0.3543,-5.5364,1,slow,0.0,,0.0,-400,-400,1
4.602,374.0,615.0,482.0,2178.0,-0.3313,0.0119,-0.5898,5.0302,-0.1597,right,EDGE_AVOID,进入危险区，先直线退离再转向,left,-0.3432,-5.62,1,slow,0.0,,0.0,-400,-400,1
4.622,360.0,595.0,464.0,2180.0,-0.3715,-0.0337,-0.6432,5.0436,-0.2026,right,EDGE_AVOID,进入危险区，先直线退离再转向,left,-0.3378,-5.6868,1,slow,0.0,,0.0,-400,-400,1
4.642,348.0,574.0,446.0,2173.0,-0.4149,-0.0734,-0.6869,5.0436,-0.2441,right,EDGE_AVOID,进入危险区，先直线退离再转向,left,-0.3414,-5.7305,1,slow,0.0,,0.0,-400,-400,1
4.662,334.0,557.0,432.0,2163.0,-0.452,-0.1151,-0.7306,5.0268,-0.2835,right,EDGE_AVOID,进入危险区，先直线退离再转向,left,-0.3369,-5.7574,1,slow,0.0,,0.0,-400,-400,1
4.682,322.0,538.0,418.0,2142.0,-0.4954,-0.1488,-0.7646,4.9933,-0.3221,right,EDGE_AVOID,进入危险区，先直线退离再转向,left,-0.3465,-5.7579,1,slow,0.0,,0.0,-400,-400,1
4.702,311.0,524.0,407.0,2114.0,-0.5325,-0.1865,-0.7985,4.9228,-0.3595,right,EDGE_AVOID,进入危险区，先直线退离再转向,left,-0.346,-5.7214,1,slow,0.0,,0.0,-400,-400,1
4.722,300.0,511.0,394.0,2077.0,-0.5666,-0.2143,-0.8252,4.8289,-0.3904,right,EDGE_AVOID,进入危险区，先直线退离再转向,left,-0.3523,-5.6541,1,slow,0.0,,0.0,-400,-400,1
4.742,292.0,501.0,385.0,2038.0,-0.6006,-0.2401,-0.8568,4.7047,-0.4203,right,EDGE_AVOID,进入危险区，先直线退离再转向,left,-0.3605,-5.5615,1,slow,0.0,,0.0,-400,-400,1
4.763,284.0,487.0,376.0,1912.0,-0.6254,-0.2599,-0.8786,4.5738,-0.4427,right,EDGE_AVOID,进入危险区，先直线退离再转向,left,-0.3655,-5.4525,1,slow,0.0,,0.0,-400,-400,1
4.783,278.0,474.0,367.0,1668.0,-0.6502,-0.2877,-0.9005,4.151,-0.4689,right,EDGE_AVOID,进入危险区，先直线退离再转向,left,-0.3625,-5.0515,1,slow,0.0,,0.0,-400,-400,1
4.803,272.0,466.0,358.0,1374.0,-0.6687,-0.3135,-0.9223,3.3322,-0.4911,,EDGE_AVOID,进入危险区，先直线退离再转向,left,-0.3552,-4.2545,1,slow,0.0,,0.0,-400,-400,1
4.823,267.0,461.0,352.0,1210.0,-0.6873,-0.3294,-0.9442,2.3456,-0.5083,,EDGE_AVOID,进入危险区，先直线退离再转向,left,-0.3579,-3.2898,1,slow,0.0,,0.0,-400,-400,1
4.843,266.0,465.0,350.0,1034.0,-0.7028,-0.3313,-0.9587,1.7953,-0.5171,,EDGE_AVOID,进入危险区，先直线退离再转向,left,-0.3714,-2.754,1,slow,0.0,,0.0,-400,-400,1
4.863,268.0,475.0,350.0,806.0,-0.7028,-0.3313,-0.9636,1.2047,-0.5171,,EDGE_AVOID,进入危险区，先直线退离再转向,left,-0.3714,-2.1683,1,slow,0.0,,0.0,-400,-400,1
4.883,271.0,488.0,355.0,690.0,-0.6997,-0.3115,-0.9636,0.4396,-0.5056,,EDGE_AVOID,进入危险区，先直线退离再转向,left,-0.3882,-1.4032,1,slow,0.0,,0.0,-400,-400,1
4.903,270.0,485.0,357.0,644.0,-0.6935,-0.2917,-0.9515,0.0503,-0.4926,,EDGE_AVOID,进入危险区，先直线退离再转向,left,-0.4018,-1.0018,1,slow,0.0,,0.0,-400,-400,1
4.923,268.0,480.0,355.0,602.0,-0.6935,-0.2917,-0.9515,-0.104,-0.4926,,EDGE_AVOID,进入危险区，先直线退离再转向,left,-0.4018,-0.8474,1,slow,0.0,,0.0,-400,-400,1
4.943,262.0,469.0,349.0,543.0,-0.6997,-0.3016,-0.9515,-0.245,-0.5006,,EDGE_AVOID,进入危险区，先直线退离再转向,left,-0.3981,-0.7065,1,slow,0.0,,0.0,-400,-400,1
4.964,262.0,469.0,349.0,543.0,-0.7183,-0.3234,-0.966,-0.443,-0.5806,,EDGE_AVOID,进入危险区，先直线退离再转向,left,-0.3949,-0.5231,1,slow,0.0,,0.0,-400,-400,1
4.984,257.0,462.0,345.0,504.0,-0.7183,-0.3234,-0.966,-0.443,-0.5806,,EDGE_AVOID,进入危险区，先直线退离再转向,left,-0.3949,-0.5231,1,slow,0.0,,0.0,-400,-400,1
5.004,252.0,455.0,340.0,489.0,-0.7337,-0.3373,-0.9757,-0.5738,-0.6538,,EDGE_AVOID,进入危险区，先直线退离再转向,left,-0.3964,-0.4019,1,slow,0.0,,0.0,-400,-400,1
5.024,249.0,452.0,338.0,469.0,-0.7492,-0.3512,-0.9879,-0.6242,-0.6867,,EDGE_AVOID,进入危险区，先直线退离再转向,left,-0.398,-0.3637,1,slow,0.0,,0.0,-400,-400,1
5.044,244.0,447.0,334.0,445.0,-0.7585,-0.3571,-0.9927,-0.6913,-0.7249,,EDGE_AVOID,进入危险区，先直线退离再转向,left,-0.4014,-0.3014,1,slow,0.0,,0.0,-400,-400,1
5.064,242.0,444.0,333.0,423.0,-0.774,-0.3671,-1.0024,-0.7718,-0.7729,,EDGE_TURN,直线退离完成，开始转向,front,-0.4069,-0.2306,1,danger_turn,135.0,right,0.8,550,-550,1
5.084,239.0,439.0,331.0,399.0,-0.7802,-0.373,-1.0049,-0.8456,-0.8129,,EDGE_AVOID,转中单路深暗，重新退离后再转,front,-0.4072,-0.1592,1,slow,0.0,,0.0,-400,-400,1
5.104,236.0,434.0,328.0,376.0,-0.7895,-0.3829,-1.0097,-0.9262,-0.8578,,EDGE_AVOID,转中单路深暗，重新退离后再转,front,-0.4065,-0.0835,1,slow,0.0,,0.0,-400,-400,1
5.125,233.0,429.0,326.0,359.0,-0.7988,-0.3929,-1.017,-1.0034,-0.9011,,EDGE_AVOID,转中单路深暗，重新退离后再转,front,-0.4059,-0.0136,1,slow,0.0,,0.0,-400,-400,1
5.145,229.0,426.0,324.0,339.0,-0.808,-0.4028,-1.0218,-1.0604,-0.9149,,EDGE_AVOID,转中单路深暗，重新退离后再转,front,-0.4053,0.0386,1,slow,0.0,,0.0,-400,-400,1
5.165,226.0,422.0,322.0,318.0,-0.8204,-0.4087,-1.0267,-1.1275,-0.9236,,EDGE_AVOID,转中单路深暗，重新退离后再转,front,-0.4117,0.1008,1,slow,0.0,,0.0,-400,-400,1
5.185,223.0,420.0,322.0,302.0,-0.8297,-0.4167,-1.0316,-1.198,-0.9306,,EDGE_AVOID,转中单路深暗，重新退离后再转,front,-0.4131,0.1664,1,slow,0.0,,0.0,-400,-400,1
5.205,222.0,418.0,321.0,293.0,-0.839,-0.4206,-1.0316,-1.2517,-0.9353,,EDGE_AVOID,转中单路深暗，重新退离后再转,front,-0.4184,0.2201,1,slow,0.0,,0.0,-400,-400,1
5.225,219.0,417.0,320.0,288.0,-0.8421,-0.4246,-1.034,-1.2819,-0.938,,EDGE_AVOID,转中单路深暗，重新退离后再转,front,-0.4175,0.2479,1,slow,0.0,,0.0,-400,-400,1
5.245,219.0,416.0,318.0,282.0,-0.8514,-0.4266,-1.0364,-1.2987,-0.9439,,EDGE_AVOID,转中单路深暗，重新退离后再转,front,-0.4248,0.2622,1,slow,0.0,,0.0,-400,-400,1
5.265,217.0,416.0,317.0,279.0,-0.8514,-0.4286,-1.0413,-1.3188,-0.9463,,EDGE_AVOID,转中单路深暗，重新退离后再转,front,-0.4228,0.2775,1,slow,0.0,,0.0,-400,-400,1
5.285,215.0,416.0,314.0,278.0,-0.8576,-0.4286,-1.0437,-1.3289,-0.9506,,EDGE_AVOID,转中单路深暗，重新退离后再转,front,-0.429,0.2852,1,slow,0.0,,0.0,-400,-400,1
5.305,214.0,416.0,312.0,278.0,-0.8638,-0.4286,-1.051,-1.3322,-0.9574,,EDGE_AVOID,转中单路深暗，重新退离后再转,front,-0.4352,0.2812,1,slow,0.0,,0.0,-400,-400,1
5.326,214.0,414.0,310.0,279.0,-0.8669,-0.4286,-1.0558,-1.3322,-0.9613,,EDGE_AVOID,转中单路深暗，重新退离后再转,front,-0.4383,0.2764,1,slow,0.0,,0.0,-400,-400,1
5.346,212.0,412.0,308.0,278.0,-0.8669,-0.4325,-1.0607,-1.3322,-0.9638,,EDGE_AVOID,转中单路深暗，重新退离后再转,front,-0.4343,0.2715,1,slow,0.0,,0.0,-400,-400,1
5.366,211.0,414.0,306.0,276.0,-0.8731,-0.4325,-1.0655,-1.3322,-0.9693,,EDGE_AVOID,转中单路深暗，重新退离后再转,front,-0.4405,0.2667,1,slow,0.0,,0.0,-400,-400,1
5.386,211.0,414.0,306.0,276.0,-0.8762,-0.4325,-1.0704,-1.3389,-0.9733,,EDGE_AVOID,转中单路深暗，重新退离后再转,front,-0.4436,0.2685,1,slow,0.0,,0.0,-400,-400,1
5.406,208.0,410.0,304.0,273.0,-0.8762,-0.4325,-1.0704,-1.3389,-0.9733,,EDGE_AVOID,转中单路深暗，重新退离后再转,front,-0.4436,0.2685,1,slow,0.0,,0.0,-400,-400,1
5.426,206.0,410.0,305.0,270.0,-0.8854,-0.4405,-1.0728,-1.349,-0.9791,,EDGE_AVOID,转中单路深暗，重新退离后再转,front,-0.445,0.2762,1,slow,0.0,,0.0,-400,-400,1
5.446,206.0,414.0,303.0,270.0,-0.8916,-0.4405,-1.0752,-1.3591,-0.9834,,EDGE_AVOID,转中单路深暗，重新退离后再转,front,-0.4512,0.2838,1,slow,0.0,,0.0,-400,-400,1
5.466,205.0,422.0,304.0,271.0,-0.8916,-0.4325,-1.0752,-1.3591,-0.9834,,EDGE_AVOID,转中单路深暗，重新退离后再转,front,-0.4591,0.2838,1,slow,0.0,,0.0,-400,-400,1
5.486,204.0,432.0,306.0,271.0,-0.8947,-0.4167,-1.0752,-1.3557,-0.985,,EDGE_AVOID,转中单路深暗，重新退离后再转,front,-0.4781,0.2805,1,slow,0.0,,0.0,-400,-400,1
5.506,202.0,437.0,307.0,270.0,-0.8978,-0.3968,-1.0704,-1.3557,-0.9841,,EDGE_AVOID,转中单路深暗，重新退离后再转,front,-0.501,0.2853,1,slow,0.0,,0.0,-400,-400,1
5.527,202.0,444.0,312.0,272.0,-0.904,-0.3869,-1.068,-1.3557,-0.986,,EDGE_AVOID,转中单路深暗，重新退离后再转,front,-0.5171,0.2877,1,slow,0.0,,0.0,-400,-400,1
5.547,202.0,449.0,317.0,273.0,-0.904,-0.373,-1.0558,-1.3523,-0.9799,,EDGE_AVOID,转中单路深暗，重新退离后再转,front,-0.531,0.2965,1,slow,0.0,,0.0,-400,-400,1
5.567,202.0,457.0,324.0,276.0,-0.904,-0.3631,-1.0437,-1.349,-0.9739,,EDGE_AVOID,转中单路深暗，重新退离后再转,front,-0.5409,0.3053,1,slow,0.0,,0.0,-400,-400,1
5.587,203.0,461.0,334.0,278.0,-0.904,-0.3472,-1.0267,-1.3389,-0.9654,,EDGE_AVOID,转中单路深暗，重新退离后再转,front,-0.5568,0.3122,1,slow,0.0,,0.0,-400,-400,1
5.607,205.0,465.0,347.0,281.0,-0.9009,-0.3393,-1.0024,-1.3322,-0.9517,,EDGE_AVOID,转中单路深暗，重新退离后再转,front,-0.5616,0.3298,1,slow,0.0,,0.0,-400,-400,1
5.627,206.0,466.0,362.0,283.0,-0.8947,-0.3313,-0.9709,-1.3221,-0.9328,,EDGE_AVOID,转中单路深暗，重新退离后再转,front,-0.5634,0.3513,1,slow,0.0,,0.0,-400,-400,1
5.647,210.0,465.0,381.0,286.0,-0.8916,-0.3313,-0.9345,-1.3154,-0.9131,,EDGE_AVOID,转中单路深暗，重新退离后再转,front,-0.5603,0.381,1,slow,0.0,,0.0,-400,-400,1
5.667,214.0,465.0,403.0,288.0,-0.8793,-0.3313,-0.8883,-1.3054,-0.8838,,EDGE_AVOID,转中单路深暗，重新退离后再转,front,-0.5479,0.417,1,slow,0.0,,0.0,-400,-400,1
5.687,220.0,465.0,428.0,289.0,-0.8669,-0.3313,-0.835,-1.2987,-0.8509,,EDGE_TURN,直线退离完成，开始转向,front,-0.5355,0.4637,1,danger_turn,135.0,left,0.8,-550,550,1
5.708,228.0,470.0,463.0,291.0,-0.8483,-0.3313,-0.7743,-1.2953,-0.8113,,EDGE_AVOID,转中单路深暗，重新退离后再转,right,-0.5169,0.521,1,slow,0.0,,0.0,-400,-400,1
5.728,240.0,477.0,511.0,295.0,-0.8235,-0.3214,-0.6893,-1.2886,-0.7564,,EDGE_AVOID,转中单路深暗，重新退离后再转,right,-0.5021,0.5993,1,slow,0.0,,0.0,-400,-400,1
5.748,256.0,492.0,553.0,308.0,-0.7864,-0.3075,-0.5728,-1.2752,-0.6796,,EDGE_AVOID,转中单路深暗，重新退离后再转,right,-0.4788,0.7024,1,slow,0.0,,0.0,-400,-400,1
5.768,272.0,513.0,603.0,326.0,-0.7368,-0.2778,-0.4709,-1.2315,-0.6039,,EDGE_AVOID,转中单路深暗，重新退离后再转,right,-0.4591,0.7607,1,slow,0.0,,0.0,-400,-400,1
5.788,291.0,543.0,657.0,346.0,-0.6873,-0.2361,-0.3495,-1.1711,-0.5184,,EDGE_AVOID,转中单路深暗，重新退离后再转,right,-0.4512,0.8216,1,slow,0.0,,0.0,-400,-400,1
5.808,291.0,543.0,657.0,346.0,-0.6285,-0.1766,-0.2184,-1.104,-0.4235,,EDGE_AVOID,转中单路深暗，重新退离后再转,right,-0.4519,0.8856,1,slow,0.0,,0.0,-400,-400,1
5.828,314.0,583.0,725.0,376.0,-0.6285,-0.1766,-0.2184,-1.104,-0.4235,,EDGE_AVOID,转中单路深暗，重新退离后再转,right,-0.4519,0.8856,1,slow,0.0,,0.0,-400,-400,1
5.848,349.0,633.0,784.0,416.0,-0.5573,-0.0972,-0.0534,-1.0034,-0.3272,,EDGE_AVOID,转中单路深暗，重新退离后再转,right,-0.4601,0.95,1,slow,0.0,,0.0,-400,-400,1
5.868,385.0,683.0,829.0,463.0,-0.4489,0.002,0.0898,-0.8691,-0.2235,,EDGE_AVOID,转中单路深暗，重新退离后再转,right,-0.4509,0.9589,1,slow,0.0,,0.0,-400,-400,1
5.888,419.0,738.0,882.0,516.0,-0.3375,0.1012,0.199,-0.7114,-0.1181,,EDGE_AVOID,转中单路深暗，重新退离后再转,right,-0.4387,0.9104,1,slow,0.0,,0.0,-400,-400,1
5.909,447.0,790.0,931.0,579.0,-0.2322,0.2103,0.3277,-0.5336,-0.0109,,EDGE_AVOID,转中单路深暗，重新退离后再转,right,-0.4425,0.8612,1,slow,0.0,,0.0,-400,-400,1
5.929,481.0,840.0,949.0,644.0,-0.1455,0.3135,0.4466,-0.3221,0.084,,EDGE_AVOID,转中单路深暗，重新退离后再转,right,-0.459,0.7687,1,slow,0.0,,0.0,-400,-400,1
5.949,526.0,904.0,967.0,730.0,-0.0402,0.4127,0.4903,-0.104,0.1862,,EDGE_AVOID,转中单路深暗，重新退离后再转,right,-0.4529,0.5943,1,slow,0.0,,0.0,-400,-400,1
5.969,580.0,972.0,964.0,849.0,0.0991,0.5397,0.5267,0.1846,0.3556,,EDGE_AVOID,转中单路深暗，重新退离后再转,right,-0.4406,0.3421,0,slow,0.0,,0.0,-400,-400,1
5.989,599.0,1002.0,996.0,860.0,0.2663,0.6746,0.534,0.5839,0.5589,,EDGE_AVOID,转中单路深暗，重新退离后再转,right,-0.4083,-0.0499,0,slow,0.0,,0.0,-400,-400,1
6.009,616.0,1012.0,996.0,873.0,0.3251,0.7341,0.6044,0.6208,0.6126,,EDGE_AVOID,转中单路深暗，重新退离后再转,right,-0.409,-0.0164,0,slow,0.0,,0.0,-400,-400,1
6.029,621.0,1013.0,990.0,882.0,0.3777,0.754,0.6044,0.6644,0.6344,,EDGE_AVOID,转中单路深暗，重新退离后再转,right,-0.3763,-0.0601,0,slow,0.0,,0.0,-400,-400,1
6.049,626.0,1012.0,992.0,893.0,0.3932,0.754,0.5947,0.6946,0.6446,,EDGE_AVOID,转中单路深暗，重新退离后再转,right,-0.3608,-0.1,0,slow,0.0,,0.0,-400,-400,1
6.069,629.0,1006.0,1005.0,891.0,0.4087,0.754,0.5947,0.7248,0.6597,,EDGE_AVOID,转中单路深暗，重新退离后再转,right,-0.3453,-0.1302,0,slow,0.0,,0.0,-400,-400,1
6.09,632.0,1009.0,1008.0,885.0,0.418,0.748,0.6262,0.7248,0.6755,,EDGE_AVOID,转中单路深暗，重新退离后再转,right,-0.3301,-0.0986,0,slow,0.0,,0.0,-400,-400,1
6.11,633.0,1006.0,1019.0,892.0,0.4272,0.7421,0.6335,0.7248,0.6792,,EDGE_AVOID,转中单路深暗，重新退离后再转,right,-0.3148,-0.0913,0,slow,0.0,,0.0,-400,-400,1
6.13,636.0,1007.0,1028.0,893.0,0.4303,0.744,0.6602,0.7282,0.6942,,EDGE_AVOID,转中单路深暗，重新退离后再转,right,-0.3137,-0.068,0,slow,0.0,,0.0,-400,-400,1
6.15,642.0,1005.0,1026.0,902.0,0.4396,0.7421,0.6772,0.7315,0.7044,,EDGE_AVOID,转中单路深暗，重新退离后再转,right,-0.3024,-0.0544,0,slow,0.0,,0.0,-400,-400,1
6.17,648.0,1009.0,1032.0,907.0,0.4582,0.744,0.682,0.7617,0.713,,EDGE_AVOID,转中单路深暗，重新退离后再转,right,-0.2858,-0.0797,0,slow,0.0,,0.0,-400,-400,1
6.19,656.0,1019.0,1035.0,904.0,0.4768,0.748,0.6917,0.7685,0.7199,,EDGE_AVOID,转中单路深暗，重新退离后再转,right,-0.2712,-0.0767,0,slow,0.0,,0.0,-400,-400,1
6.21,658.0,1024.0,1036.0,894.0,0.5015,0.7679,0.699,0.7685,0.7334,,EDGE_AVOID,转中单路深暗，重新退离后再转,right,-0.2663,-0.0694,0,slow,0.0,,0.0,-400,-400,1
6.23,658.0,1024.0,1036.0,894.0,0.5077,0.7778,0.7015,0.7349,0.7182,,EDGE_AVOID,转中单路深暗，重新退离后再转,right,-0.27,-0.0334,0,slow,0.0,,0.0,-400,-400,1
6.25,666.0,1029.0,1049.0,899.0,0.5077,0.7778,0.7015,0.7349,0.7182,,EDGE_AVOID,转中单路深暗，重新退离后再转,right,-0.27,-0.0334,0,slow,0.0,,0.0,-400,-400,1
6.27,672.0,1039.0,1056.0,910.0,0.5325,0.7877,0.733,0.7517,0.7423,,EDGE_AVOID,转中单路深暗，重新退离后再转,right,-0.2552,-0.0187,0,slow,0.0,,0.0,-400,-400,1
6.291,675.0,1045.0,1052.0,897.0,0.5511,0.8075,0.7403,0.7517,0.746,,EDGE_AVOID,转中单路深暗，重新退离后再转,right,-0.2565,-0.0114,0,slow,0.0,,0.0,-400,-400,1
6.311,678.0,1054.0,1053.0,890.0,0.5604,0.8194,0.7427,0.745,0.7438,,EDGE_TURN,直线退离完成，开始转向,front,-0.2591,-0.0022,0,danger_turn,135.0,right,0.8,550,-550,1
6.331,681.0,1067.0,1062.0,885.0,0.5697,0.8373,0.7427,0.7215,0.7321,,EDGE_TURN,直线退离完成，开始转向,front,-0.2676,0.0212,0,danger_turn,135.0,right,0.8,550,-550,1
6.351,682.0,1079.0,1063.0,890.0,0.5789,0.8631,0.7646,0.7215,0.743,,EDGE_TURN,直线退离完成，开始转向,front,-0.2841,0.0431,0,danger_turn,135.0,right,0.8,550,-550,1
6.371,679.0,1083.0,1061.0,889.0,0.5789,0.8869,0.7646,0.7181,0.7413,,EDGE_TURN,直线退离完成，开始转向,front,-0.308,0.0464,0,danger_turn,135.0,right,0.8,550,-550,1
6.391,684.0,1088.0,1066.0,888.0,0.582,0.8948,0.767,0.7181,0.7426,,EDGE_TURN,直线退离完成，开始转向,front,-0.3128,0.0489,0,danger_turn,135.0,right,0.8,550,-550,1
6.411,689.0,1101.0,1060.0,894.0,0.5882,0.9048,0.7621,0.7181,0.7401,,EDGE_TURN,直线退离完成，开始转向,front,-0.3165,0.044,0,danger_turn,135.0,right,0.8,550,-550,1
6.431,691.0,1103.0,1051.0,898.0,0.6037,0.9306,0.7597,0.7349,0.7473,,EDGE_TURN,直线退离完成，开始转向,front,-0.3268,0.0248,0,danger_turn,135.0,right,0.8,550,-550,1
6.451,692.0,1100.0,1048.0,901.0,0.6099,0.9306,0.7379,0.7483,0.7431,,EDGE_TURN,直线退离完成，开始转向,front,-0.3206,-0.0105,0,danger_turn,135.0,right,0.8,550,-550,1
6.472,692.0,1094.0,1045.0,899.0,0.613,0.9286,0.7306,0.7517,0.7411,,EDGE_TURN,直线退离完成，开始转向,front,-0.3156,-0.0211,0,danger_turn,135.0,right,0.8,550,-550,1
6.492,696.0,1090.0,1048.0,901.0,0.613,0.9167,0.7306,0.7584,0.7445,,EDGE_TURN,直线退离完成，开始转向,front,-0.3037,-0.0278,0,danger_turn,135.0,right,0.8,550,-550,1
6.512,696.0,1086.0,1048.0,905.0,0.6254,0.9087,0.7306,0.7584,0.7445,,EDGE_TURN,直线退离完成，开始转向,front,-0.2833,-0.0278,0,danger_turn,135.0,right,0.8,550,-550,1
6.532,698.0,1083.0,1050.0,911.0,0.6254,0.9008,0.7306,0.7718,0.7512,,EDGE_TURN,直线退离完成，开始转向,front,-0.2754,-0.0412,0,danger_turn,135.0,right,0.8,550,-550,1
6.552,699.0,1079.0,1051.0,915.0,0.6316,0.8948,0.7354,0.7919,0.7637,,EDGE_TURN,直线退离完成，开始转向,front,-0.2633,-0.0565,0,danger_turn,135.0,right,0.8,550,-550,1
6.572,701.0,1077.0,1054.0,920.0,0.6347,0.8869,0.7379,0.8054,0.7716,,EDGE_TURN,直线退离完成，开始转向,front,-0.2522,-0.0675,0,danger_turn,135.0,right,0.8,550,-550,1
6.592,702.0,1074.0,1054.0,921.0,0.6409,0.8829,0.7451,0.8221,0.7836,,EDGE_TURN,直线退离完成，开始转向,front,-0.2421,-0.077,0,danger_turn,135.0,right,0.8,550,-550,1
6.612,702.0,1072.0,1053.0,920.0,0.644,0.877,0.7451,0.8221,0.7836,,EDGE_TURN,直线退离完成，开始转向,front,-0.233,-0.077,0,danger_turn,135.0,right,0.8,550,-550,1
6.632,704.0,1073.0,1054.0,920.0,0.644,0.875,0.7451,0.8221,0.7836,,EDGE_TURN,直线退离完成，开始转向,front,-0.231,-0.077,0,danger_turn,135.0,right,0.8,550,-550,1
6.653,704.0,1073.0,1054.0,920.0,0.6502,0.875,0.7451,0.8221,0.7836,,EDGE_TURN,直线退离完成，开始转向,front,-0.2248,-0.077,0,danger_turn,135.0,right,0.8,550,-550,1
6.673,702.0,1069.0,1051.0,917.0,0.6502,0.875,0.7451,0.8221,0.7836,,EDGE_TURN,直线退离完成，开始转向,front,-0.2248,-0.077,0,danger_turn,135.0,right,0.8,550,-550,1
6.693,702.0,1066.0,1051.0,914.0,0.644,0.8671,0.7379,0.8121,0.775,,EDGE_TURN,直线退离完成，开始转向,front,-0.2231,-0.0742,0,danger_turn,135.0,right,0.8,550,-550,1
6.713,701.0,1067.0,1054.0,915.0,0.644,0.8631,0.7379,0.8054,0.7716,,EDGE_TURN,直线退离完成，开始转向,front,-0.2191,-0.0675,0,danger_turn,135.0,right,0.8,550,-550,1
6.733,702.0,1066.0,1061.0,918.0,0.644,0.8611,0.7451,0.8054,0.7753,,EDGE_TURN,直线退离完成，开始转向,front,-0.2171,-0.0602,0,danger_turn,135.0,right,0.8,550,-550,1
6.753,701.0,1060.0,1072.0,917.0,0.6409,0.8611,0.7621,0.8121,0.7871,,EDGE_TURN,直线退离完成，开始转向,front,-0.2202,-0.0499,0,danger_turn,135.0,right,0.8,550,-550,1
6.773,698.0,1053.0,1069.0,916.0,0.6409,0.8492,0.7816,0.8121,0.7968,,EDGE_TURN,直线退离完成，开始转向,front,-0.2083,-0.0305,0,danger_turn,135.0,right,0.8,550,-550,1
6.794,694.0,1051.0,1066.0,914.0,0.6316,0.8353,0.7816,0.8087,0.7951,,EDGE_TURN,直线退离完成，开始转向,front,-0.2037,-0.0272,0,danger_turn,135.0,right,0.8,550,-550,1
6.814,696.0,1068.0,1069.0,918.0,0.6254,0.8353,0.7816,0.8087,0.7951,,EDGE_TURN,直线退离完成，开始转向,front,-0.2099,-0.0272,0,danger_turn,135.0,right,0.8,550,-550,1
6.834,688.0,1065.0,1072.0,913.0,0.6192,0.8591,0.7816,0.802,0.7918,,EDGE_TURN,直线退离完成，开始转向,front,-0.2399,-0.0205,0,danger_turn,135.0,right,0.8,550,-550,1
6.854,686.0,1067.0,1070.0,916.0,0.6006,0.8631,0.784,0.8087,0.7964,,EDGE_TURN,直线退离完成，开始转向,front,-0.2625,-0.0247,0,danger_turn,135.0,right,0.8,550,-550,1
6.874,681.0,1064.0,1053.0,918.0,0.5944,0.8591,0.784,0.8087,0.7964,,EDGE_TURN,直线退离完成，开始转向,front,-0.2647,-0.0247,0,danger_turn,135.0,right,0.8,550,-550,1
6.894,688.0,1065.0,1049.0,931.0,0.5944,0.8591,0.7427,0.8154,0.7791,,EDGE_TURN,直线退离完成，开始转向,front,-0.2647,-0.0727,0,danger_turn,135.0,right,0.8,550,-550,1
6.914,688.0,1060.0,1034.0,937.0,0.6006,0.8571,0.733,0.8591,0.7951,,EDGE_TURN,直线退离完成，开始转向,front,-0.2565,-0.1261,0,danger_turn,135.0,right,0.8,550,-550,1
6.934,693.0,1069.0,1031.0,951.0,0.6006,0.8591,0.6966,0.8792,0.7779,,EDGE_TURN,直线退离完成，开始转向,front,-0.2585,-0.1826,0,danger_turn,135.0,right,0.8,550,-550,1
6.954,696.0,1075.0,1021.0,942.0,0.6161,0.8671,0.6893,0.896,0.7782,,EDGE_TURN,直线退离完成，开始转向,front,-0.251,-0.2067,0,danger_turn,135.0,right,0.8,550,-550,1
6.974,700.0,1068.0,1006.0,961.0,0.6254,0.8671,0.665,0.9262,0.7661,,EDGE_TURN,直线退离完成，开始转向,front,-0.2417,-0.2611,0,danger_turn,135.0,right,0.8,550,-550,1
6.994,692.0,1064.0,1003.0,950.0,0.6254,0.8651,0.6286,0.9228,0.7469,,EDGE_TURN,直线退离完成，开始转向,front,-0.2397,-0.2942,0,danger_turn,135.0,right,0.8,550,-550,1
7.015,696.0,1069.0,1036.0,960.0,0.6254,0.8651,0.6286,0.9564,0.7469,,EDGE_TURN,直线退离完成，开始转向,front,-0.2397,-0.3277,0,danger_turn,135.0,right,0.8,550,-550,1
7.035,697.0,1061.0,1043.0,958.0,0.6254,0.8571,0.7015,0.9497,0.7793,,EDGE_TURN,直线退离完成，开始转向,front,-0.2318,-0.2482,0,danger_turn,135.0,right,0.8,550,-550,1
7.055,700.0,1061.0,1043.0,953.0,0.6285,0.8512,0.7184,0.9497,0.7848,,EDGE_TURN,直线退离完成，开始转向,front,-0.2227,-0.2312,0,danger_turn,135.0,right,0.8,550,-550,1
7.075,684.0,1053.0,1040.0,952.0,0.6285,0.8512,0.7184,0.9329,0.7848,,EDGE_TURN,直线退离完成，开始转向,front,-0.2227,-0.2144,0,danger_turn,135.0,right,0.8,550,-550,1
7.095,694.0,1065.0,1045.0,955.0,0.6192,0.8512,0.7184,0.9329,0.7848,,EDGE_TURN,直线退离完成，开始转向,front,-0.232,-0.2144,0,danger_turn,135.0,right,0.8,550,-550,1
7.115,692.0,1059.0,1054.0,949.0,0.613,0.8472,0.7233,0.9295,0.7853,,RECOVER_FORWARD,转向完成，向前离开边缘,front,-0.2342,-0.2062,0,danger,0.0,,0.0,400,400,1
7.135,688.0,1048.0,1021.0,946.0,0.613,0.8472,0.7233,0.9195,0.7853,,RECOVER_FORWARD,转向完成，向前离开边缘,front,-0.2342,-0.1962,0,danger,0.0,,0.0,400,400,1
7.155,682.0,1042.0,987.0,945.0,0.6006,0.8254,0.665,0.9094,0.7452,,RECOVER_FORWARD,转向完成，向前离开边缘,front,-0.2248,-0.2443,0,danger,0.0,,0.0,400,400,1
7.175,684.0,1036.0,1000.0,947.0,0.5882,0.8135,0.6141,0.9094,0.7138,,RECOVER_FORWARD,转向完成，向前离开边缘,front,-0.2253,-0.2953,0,danger,0.0,,0.0,400,400,1
7.195,698.0,1032.0,1004.0,947.0,0.5882,0.8016,0.6141,0.9128,0.7078,,RECOVER_FORWARD,转向完成，向前离开边缘,front,-0.2134,-0.2987,0,danger,0.0,,0.0,400,400,1
7.215,694.0,1022.0,1017.0,953.0,0.6192,0.7937,0.6238,0.9128,0.7087,,RECOVER_FORWARD,转向完成，向前离开边缘,front,-0.1745,-0.289,0,danger,0.0,,0.0,400,400,1
7.235,685.0,1016.0,996.0,958.0,0.6192,0.7738,0.6238,0.9329,0.6988,,RECOVER_FORWARD,转向完成，向前离开边缘,front,-0.1546,-0.3091,0,danger,0.0,,0.0,400,400,1
7.255,678.0,1020.0,958.0,956.0,0.5913,0.7698,0.6044,0.943,0.6871,,RECOVER_FORWARD,转向完成，向前离开边缘,front,-0.1785,-0.3386,0,danger,0.0,,0.0,400,400,1
7.275,675.0,1021.0,941.0,954.0,0.5697,0.7698,0.5121,0.943,0.6698,,RECOVER_FORWARD,转向完成，向前离开边缘,front,-0.2002,-0.4308,0,danger,0.0,,0.0,400,400,1
7.296,670.0,1022.0,945.0,951.0,0.5604,0.7718,0.4806,0.9362,0.6661,,RECOVER_FORWARD,转向完成，向前离开边缘,front,-0.2115,-0.4557,0,danger,0.0,,0.0,400,400,1
7.316,670.0,1022.0,945.0,951.0,0.5449,0.7738,0.4806,0.9262,0.6594,,RECOVER_FORWARD,转向完成，向前离开边缘,front,-0.2289,-0.4456,0,danger,0.0,,0.0,400,400,1
7.336,672.0,1017.0,960.0,946.0,0.5449,0.7738,0.4806,0.9262,0.6594,,RECOVER_FORWARD,转向完成，向前离开边缘,front,-0.2289,-0.4456,0,danger,0.0,,0.0,400,400,1
7.356,669.0,1019.0,970.0,944.0,0.5449,0.7679,0.517,0.9094,0.6564,,RECOVER_FORWARD,转向完成，向前离开边缘,front,-0.223,-0.3924,0,danger,0.0,,0.0,400,400,1
7.376,668.0,1026.0,976.0,945.0,0.5418,0.7679,0.5413,0.906,0.6548,,RECOVER_FORWARD,转向完成，向前离开边缘,front,-0.2261,-0.3648,0,danger,0.0,,0.0,400,400,1
7.396,660.0,1025.0,973.0,936.0,0.5387,0.7798,0.5485,0.9027,0.6642,,RECOVER_FORWARD,转向完成，向前离开边缘,front,-0.2411,-0.3541,0,danger,0.0,,0.0,400,400,1
7.416,660.0,1020.0,974.0,934.0,0.5139,0.7798,0.551,0.8758,0.6654,,RECOVER_FORWARD,转向完成，向前离开边缘,front,-0.2658,-0.3249,0,danger,0.0,,0.0,400,400,1
7.436,661.0,1016.0,970.0,940.0,0.5139,0.7698,0.5485,0.8758,0.6592,,RECOVER_FORWARD,转向完成，向前离开边缘,front,-0.2559,-0.3273,0,danger,0.0,,0.0,400,400,1
7.456,666.0,1019.0,969.0,950.0,0.517,0.7679,0.5413,0.8893,0.6546,,RECOVER_FORWARD,转向完成，向前离开边缘,front,-0.2508,-0.348,0,danger,0.0,,0.0,400,400,1
7.476,669.0,1013.0,963.0,946.0,0.5325,0.7619,0.5388,0.9094,0.6504,,RECOVER_FORWARD,转向完成，向前离开边缘,front,-0.2294,-0.3706,0,danger,0.0,,0.0,400,400,1
7.496,669.0,1007.0,953.0,936.0,0.5418,0.756,0.5243,0.9094,0.6489,,RECOVER_FORWARD,转向完成，向前离开边缘,front,-0.2142,-0.3851,0,danger,0.0,,0.0,400,400,1
7.516,670.0,1006.0,945.0,936.0,0.5418,0.744,0.5,0.8758,0.6429,,RECOVER_FORWARD,转向完成，向前离开边缘,front,-0.2023,-0.3758,0,danger,0.0,,0.0,400,400,1
7.537,672.0,1005.0,944.0,937.0,0.5449,0.7421,0.4806,0.8758,0.6435,,RECOVER_FORWARD,转向完成，向前离开边缘,front,-0.1972,-0.3953,0,danger,0.0,,0.0,400,400,1
7.557,673.0,1008.0,943.0,938.0,0.5511,0.7421,0.4782,0.8792,0.6466,,RECOVER_FORWARD,转向完成，向前离开边缘,front,-0.191,-0.401,0,danger,0.0,,0.0,400,400,1
7.577,671.0,1009.0,942.0,937.0,0.5511,0.746,0.4757,0.8792,0.6486,,RECOVER_FORWARD,转向完成，向前离开边缘,front,-0.1949,-0.4035,0,danger,0.0,,0.0,400,400,1
7.597,664.0,1007.0,946.0,934.0,0.548,0.746,0.4757,0.8792,0.647,,RECOVER_FORWARD,转向完成，向前离开边缘,front,-0.198,-0.4035,0,danger,0.0,,0.0,400,400,1
7.617,657.0,1000.0,952.0,925.0,0.5263,0.744,0.483,0.8691,0.6352,,RECOVER_FORWARD,转向完成，向前离开边缘,front,-0.2177,-0.3861,0,danger,0.0,,0.0,400,400,1
7.637,652.0,1004.0,957.0,928.0,0.5046,0.7381,0.4976,0.849,0.6214,,RECOVER_FORWARD,转向完成，向前离开边缘,front,-0.2335,-0.3514,0,danger,0.0,,0.0,400,400,1
7.657,654.0,1002.0,970.0,922.0,0.4954,0.7341,0.5097,0.8389,0.6219,,RECOVER_FORWARD,转向完成，向前离开边缘,front,-0.2388,-0.3292,0,danger,0.0,,0.0,400,400,1
7.677,649.0,1002.0,979.0,912.0,0.4892,0.7341,0.5413,0.8289,0.6377,,RECOVER_FORWARD,转向完成，向前离开边缘,front,-0.245,-0.2876,0,danger,0.0,,0.0,400,400,1
7.697,648.0,1005.0,983.0,904.0,0.4799,0.7341,0.5631,0.7953,0.6486,,RECOVER_FORWARD,转向完成，向前离开边缘,front,-0.2543,-0.2322,0,danger,0.0,,0.0,400,400,1
7.717,649.0,996.0,985.0,892.0,0.4799,0.7341,0.5728,0.7685,0.6535,,RECOVER_FORWARD,转向完成，向前离开边缘,front,-0.2543,-0.1956,0,danger,0.0,,0.0,400,400,1
7.737,649.0,979.0,992.0,882.0,0.4799,0.7222,0.5777,0.7282,0.6499,,RECOVER_FORWARD,转向完成，向前离开边缘,front,-0.2423,-0.1505,0,danger,0.0,,0.0,400,400,1
7.757,649.0,972.0,984.0,860.0,0.4799,0.6885,0.5777,0.6946,0.6331,,RECOVER_FORWARD,转向完成，向前离开边缘,front,-0.2086,-0.117,0,danger,0.0,,0.0,400,400,1
7.778,645.0,969.0,976.0,856.0,0.4799,0.6746,0.5752,0.6208,0.598,,RECOVER_FORWARD,转向完成，向前离开边缘,front,-0.1947,-0.0456,0,danger,0.0,,0.0,400,400,1
7.798,637.0,958.0,965.0,862.0,0.4675,0.6687,0.5558,0.6208,0.5883,,RECOVER_FORWARD,转向完成，向前离开边缘,front,-0.2012,-0.065,0,danger,0.0,,0.0,400,400,1
7.818,631.0,954.0,941.0,861.0,0.4427,0.6468,0.5291,0.6242,0.5766,,RECOVER_FORWARD,转向完成，向前离开边缘,front,-0.2041,-0.095,0,danger,0.0,,0.0,400,400,1
7.838,631.0,969.0,929.0,871.0,0.4241,0.6468,0.4709,0.6275,0.5492,,RECOVER_FORWARD,转向完成，向前离开边缘,front,-0.2227,-0.1566,0,danger,0.0,,0.0,400,400,1
7.858,627.0,975.0,928.0,886.0,0.4241,0.6687,0.4417,0.6577,0.5497,,RECOVER_FORWARD,转向完成，向前离开边缘,front,-0.2445,-0.216,0,danger,0.0,,0.0,400,400,1
7.878,621.0,979.0,917.0,902.0,0.4118,0.6806,0.4393,0.7081,0.5599,,RECOVER_FORWARD,转向完成，向前离开边缘,front,-0.2688,-0.2687,0,danger,0.0,,0.0,400,400,1
7.898,612.0,966.0,899.0,875.0,0.3932,0.6806,0.4126,0.7081,0.5466,,RECOVER_FORWARD,转向完成，向前离开边缘,front,-0.2874,-0.2954,0,danger,0.0,,0.0,400,400,1
7.918,605.0,963.0,891.0,835.0,0.3653,0.6627,0.3689,0.6711,0.5158,,RECOVER_FORWARD,转向完成，向前离开边缘,front,-0.2974,-0.3022,0,danger,0.0,,0.0,400,400,1
7.938,606.0,955.0,897.0,840.0,0.3467,0.6567,0.3641,0.5537,0.4589,,RECOVER_FORWARD,转向完成，向前离开边缘,front,-0.31,-0.1896,0,danger,0.0,,0.0,400,400,1
7.958,611.0,951.0,907.0,859.0,0.3467,0.6409,0.3641,0.5537,0.4589,,RECOVER_FORWARD,转向完成，向前离开边缘,front,-0.2941,-0.1896,0,danger,0.0,,0.0,400,400,1
7.978,611.0,951.0,907.0,859.0,0.3622,0.6329,0.3883,0.6174,0.5029,,RECOVER_FORWARD,转向完成，向前离开边缘,front,-0.2707,-0.2291,0,danger,0.0,,0.0,400,400,1
7.999,617.0,956.0,912.0,866.0,0.3622,0.6329,0.3883,0.6174,0.5029,,RECOVER_FORWARD,转向完成，向前离开边缘,front,-0.2707,-0.2291,0,danger,0.0,,0.0,400,400,1
8.019,623.0,957.0,932.0,857.0,0.3808,0.6429,0.4005,0.6174,0.509,,RECOVER_FORWARD,转向完成，向前离开边缘,front,-0.2621,-0.217,0,danger,0.0,,0.0,400,400,1
8.039,620.0,944.0,964.0,848.0,0.3901,0.6429,0.449,0.6107,0.5299,,RECOVER_FORWARD,转向完成，向前离开边缘,front,-0.2528,-0.1617,0,danger,0.0,,0.0,400,400,1
8.059,625.0,928.0,1018.0,849.0,0.3994,0.619,0.5267,0.5839,0.5553,,RECOVER_FORWARD,转向完成，向前离开边缘,front,-0.2197,-0.0572,0,danger,0.0,,0.0,400,400,1
8.079,656.0,932.0,1076.0,845.0,0.4056,0.5952,0.6578,0.5805,0.5879,,RECOVER_FORWARD,转向完成，向前离开边缘,front,-0.1897,0.0772,0,danger,0.0,,0.0,400,400,1
8.099,704.0,925.0,1112.0,841.0,0.5015,0.5873,0.7985,0.5705,0.5789,,RECOVER_FORWARD,转向完成，向前离开边缘,front,-0.0858,0.2281,0,danger,0.0,,0.0,400,400,1
8.119,766.0,931.0,1119.0,842.0,0.6502,0.5933,0.8859,0.5604,0.6217,,RECOVER_FORWARD,转向完成，向前离开边缘,front,0.0569,0.3255,0,danger,0.0,,0.0,400,400,1
8.139,813.0,925.0,1088.0,848.0,0.8421,0.5813,0.8859,0.5604,0.7117,,RECOVER_FORWARD,转向完成，向前离开边缘,front,0.2608,0.3255,0,danger,0.0,,0.0,400,400,1
8.159,827.0,935.0,1017.0,848.0,0.9876,0.5933,0.8277,0.5805,0.7105,,RECOVER_FORWARD,转向完成，向前离开边缘,front,0.3944,0.2471,0,danger,0.0,,0.0,400,400,1
8.179,809.0,942.0,932.0,838.0,0.9876,0.6012,0.6553,0.5805,0.6283,,RECOVER_FORWARD,转向完成，向前离开边缘,front,0.3864,0.0748,0,danger,0.0,,0.0,400,400,1
8.2,761.0,928.0,856.0,835.0,0.9752,0.6012,0.449,0.547,0.5741,,RECOVER_FORWARD,转向完成，向前离开边缘,front,0.374,-0.098,0,danger,0.0,,0.0,400,400,1
8.22,692.0,913.0,790.0,835.0,0.8266,0.5873,0.2646,0.5369,0.5621,,RECOVER_FORWARD,转向完成，向前离开边缘,front,0.2393,-0.2723,0,danger,0.0,,0.0,400,400,1
8.24,635.0,904.0,756.0,847.0,0.613,0.5575,0.1044,0.5369,0.5472,,RECOVER_FORWARD,转向完成，向前离开边缘,front,0.0555,-0.4325,0,danger,0.0,,0.0,400,400,1
8.26,584.0,900.0,741.0,839.0,0.4365,0.5397,0.0218,0.5503,0.4881,,RECOVER_FORWARD,转向完成，向前离开边缘,front,-0.1032,-0.5285,0,danger,0.0,,0.0,400,400,1
8.28,550.0,911.0,736.0,829.0,0.2786,0.5397,-0.0146,0.5503,0.4092,,RECOVER_FORWARD,转向完成，向前离开边缘,front,-0.261,-0.5649,0,danger,0.0,,0.0,400,400,1
8.3,525.0,914.0,727.0,832.0,0.1734,0.5536,-0.0267,0.5268,0.3501,,RECOVER_FORWARD,转向完成，向前离开边缘,front,-0.3802,-0.5535,0,danger,0.0,,0.0,400,400,1
8.32,509.0,907.0,729.0,836.0,0.096,0.5536,-0.0437,0.5268,0.3114,,RECOVER_FORWARD,转向完成，向前离开边缘,front,-0.4576,-0.5705,1,danger,0.0,,0.0,400,400,1
8.34,500.0,905.0,730.0,834.0,0.0464,0.5456,-0.0437,0.5336,0.29,,RECOVER_FORWARD,转向完成，向前离开边缘,front,-0.4992,-0.5772,1,danger,0.0,,0.0,400,400,1
8.36,496.0,904.0,732.0,829.0,0.0186,0.5417,-0.0413,0.5336,0.2761,,RECOVER_FORWARD,转向完成，向前离开边缘,front,-0.5231,-0.5748,1,danger,0.0,,0.0,400,400,1
8.381,496.0,906.0,732.0,832.0,0.0062,0.5417,-0.0364,0.5268,0.2665,,RECOVER_FORWARD,转向完成，向前离开边缘,front,-0.5355,-0.5633,1,danger,0.0,,0.0,400,400,1
8.401,496.0,906.0,732.0,832.0,0.0062,0.5437,-0.0364,0.5268,0.2665,,RECOVER_FORWARD,转向完成，向前离开边缘,front,-0.5375,-0.5633,1,danger,0.0,,0.0,400,400,1
8.421,497.0,912.0,732.0,833.0,0.0062,0.5437,-0.0364,0.5268,0.2665,,RECOVER_FORWARD,转向完成，向前离开边缘,front,-0.5375,-0.5633,1,danger,0.0,,0.0,400,400,1
8.441,500.0,927.0,730.0,836.0,0.0093,0.5556,-0.0364,0.5302,0.2697,,RECOVER_FORWARD,转向完成，向前离开边缘,front,-0.5463,-0.5666,1,danger,0.0,,0.0,400,400,1
8.461,501.0,936.0,738.0,845.0,0.0186,0.5853,-0.0364,0.5403,0.2794,,RECOVER_FORWARD,转向完成，向前离开边缘,front,-0.5667,-0.5767,1,danger,0.0,,0.0,400,400,1
8.481,506.0,946.0,745.0,867.0,0.0217,0.6032,-0.0218,0.5705,0.2961,,RECOVER_FORWARD,转向完成，向前离开边缘,front,-0.5815,-0.5923,1,danger,0.0,,0.0,400,400,1
8.501,513.0,962.0,751.0,898.0,0.0372,0.623,-0.0049,0.6443,0.3301,,RECOVER_FORWARD,转向完成，向前离开边缘,front,-0.5859,-0.6491,1,danger,0.0,,0.0,400,400,1
8.521,518.0,986.0,759.0,937.0,0.0588,0.6548,0.0097,0.7483,0.3568,,RECOVER_FORWARD,转向完成，向前离开边缘,front,-0.5959,-0.7386,0,danger,0.0,,0.0,400,400,1
8.541,531.0,1016.0,764.0,976.0,0.0743,0.7024,0.0291,0.8792,0.3883,,RECOVER_FORWARD,转向完成，向前离开边缘,front,-0.6281,-0.8501,0,danger,0.0,,0.0,400,400,1
8.561,538.0,1049.0,771.0,1020.0,0.1146,0.7619,0.0413,1.0101,0.4382,,RECOVER_FORWARD,转向完成，向前离开边缘,front,-0.6474,-0.9688,0,danger,0.0,,0.0,400,400,1
8.582,554.0,1085.0,772.0,1085.0,0.1362,0.8274,0.0583,1.1577,0.4818,,RECOVER_FORWARD,转向完成，向前离开边缘,front,-0.6912,-1.0995,0,danger,0.0,,0.0,400,400,1
8.602,571.0,1113.0,777.0,1149.0,0.1858,0.8988,0.0607,1.3758,0.5423,,RECOVER_FORWARD,转向完成，向前离开边缘,front,-0.7131,-1.3152,0,danger,0.0,,0.0,400,400,1
8.622,592.0,1137.0,784.0,1241.0,0.2384,0.9544,0.0728,1.5906,0.5964,,MEDIUM_CRUISE,已达到避边释放线，恢复中速穿越渐变区,,-0.716,-1.5178,0,medium,0.0,,0.0,400,400,1
8.642,621.0,1153.0,789.0,1361.0,0.3034,1.002,0.0898,1.8993,0.6527,,EDGE_AVOID,前向灰度趋势变暗，提前离边,left,-0.6986,-1.8095,0,slow,0.0,,0.0,-400,-400,1
8.662,656.0,1163.0,795.0,1458.0,0.3932,1.0337,0.1019,2.302,0.7135,,EDGE_AVOID,前向灰度趋势变暗，提前离边,left,-0.6405,-2.2001,0,slow,0.0,,0.0,-400,-400,1
8.682,668.0,1148.0,797.0,1448.0,0.5015,1.0337,0.1165,2.594,0.7676,,EDGE_AVOID,前向灰度趋势变暗，提前离边,left,-0.5322,-2.4775,0,slow,0.0,,0.0,-400,-400,1
8.702,673.0,1174.0,801.0,1473.0,0.5387,1.0536,0.1214,2.6275,0.7961,,EDGE_AVOID,前向灰度趋势变暗，提前离边,left,-0.5149,-2.5062,0,slow,0.0,,0.0,-400,-400,1
8.722,670.0,1173.0,801.0,1461.0,0.5449,1.0734,0.1311,2.6376,0.8092,,EDGE_AVOID,前向灰度趋势变暗，提前离边,left,-0.5285,-2.5065,0,slow,0.0,,0.0,-400,-400,1
8.742,666.0,1169.0,798.0,1444.0,0.5449,1.0734,0.1311,2.6376,0.8092,,EDGE_AVOID,前向灰度趋势变暗，提前离边,left,-0.5285,-2.5065,0,slow,0.0,,0.0,-400,-400,1
8.762,659.0,1164.0,796.0,1431.0,0.5325,1.0655,0.1238,2.5805,0.799,,EDGE_AVOID,前向灰度趋势变暗，提前离边,left,-0.533,-2.4568,0,slow,0.0,,0.0,-400,-400,1
8.783,656.0,1163.0,796.0,1416.0,0.5108,1.0556,0.1189,2.5369,0.7832,,EDGE_AVOID,前向灰度趋势变暗，提前离边,left,-0.5447,-2.418,0,slow,0.0,,0.0,-400,-400,1
8.803,653.0,1162.0,794.0,1405.0,0.5015,1.0536,0.1189,2.4866,0.7776,,EDGE_AVOID,前向灰度趋势变暗，提前离边,left,-0.552,-2.3676,0,slow,0.0,,0.0,-400,-400,1
8.823,646.0,1159.0,791.0,1389.0,0.4923,1.0516,0.1141,2.4497,0.7719,,EDGE_AVOID,前向灰度趋势变暗，提前离边,left,-0.5593,-2.3356,0,slow,0.0,,0.0,-400,-400,1
8.843,646.0,1159.0,791.0,1389.0,0.4706,1.0456,0.1068,2.396,0.7581,,EDGE_AVOID,前向灰度趋势变暗，提前离边,left,-0.575,-2.2892,0,slow,0.0,,0.0,-400,-400,1
8.863,643.0,1153.0,789.0,1374.0,0.4706,1.0456,0.1068,2.396,0.7581,,EDGE_AVOID,前向灰度趋势变暗，提前离边,left,-0.575,-2.2892,0,slow,0.0,,0.0,-400,-400,1
8.883,640.0,1149.0,784.0,1362.0,0.4613,1.0337,0.1019,2.3456,0.7475,,EDGE_AVOID,前向灰度趋势变暗，提前离边,left,-0.5724,-2.2437,0,slow,0.0,,0.0,-400,-400,1
8.903,630.0,1146.0,785.0,1341.0,0.452,1.0258,0.0922,2.3054,0.7389,,EDGE_AVOID,前向灰度趋势变暗，提前离边,left,-0.5738,-2.2131,0,slow,0.0,,0.0,-400,-400,1
8.923,623.0,1138.0,784.0,1305.0,0.4211,1.0198,0.0898,2.2349,0.7204,,EDGE_AVOID,前向灰度趋势变暗，提前离边,left,-0.5988,-2.1451,0,slow,0.0,,0.0,-400,-400,1
8.943,614.0,1128.0,777.0,1257.0,0.3994,1.004,0.0898,2.1141,0.7017,,EDGE_AVOID,前向灰度趋势变暗，提前离边,left,-0.6046,-2.0243,0,slow,0.0,,0.0,-400,-400,1
8.963,601.0,1122.0,778.0,1217.0,0.3715,0.9841,0.0752,1.953,0.6778,,EDGE_AVOID,前向灰度趋势变暗，提前离边,left,-0.6126,-1.8778,0,slow,0.0,,0.0,-400,-400,1
8.984,590.0,1112.0,776.0,1172.0,0.3313,0.9722,0.0728,1.8188,0.6517,,EDGE_AVOID,前向灰度趋势变暗，提前离边,left,-0.641,-1.746,0,slow,0.0,,0.0,-400,-400,1
9.004,577.0,1099.0,778.0,1116.0,0.2972,0.9524,0.0752,1.6678,0.6248,,EDGE_AVOID,前向灰度趋势变暗，提前离边,left,-0.6552,-1.5925,0,slow,0.0,,0.0,-400,-400,1
9.024,565.0,1087.0,768.0,1068.0,0.257,0.9266,0.0704,1.4799,0.5918,,EDGE_AVOID,前向灰度趋势变暗，提前离边,left,-0.6696,-1.4095,0,slow,0.0,,0.0,-400,-400,1
9.044,555.0,1072.0,765.0,1040.0,0.2198,0.9028,0.051,1.3188,0.5613,,EDGE_AVOID,前向灰度趋势变暗，提前离边,left,-0.683,-1.2678,0,slow,0.0,,0.0,-400,-400,1
9.064,541.0,1041.0,756.0,1009.0,0.1889,0.873,0.0437,1.2248,0.5309,,EDGE_AVOID,前向灰度趋势变暗，提前离边,left,-0.6842,-1.1811,0,slow,0.0,,0.0,-400,-400,1
9.084,531.0,1010.0,747.0,954.0,0.1455,0.8115,0.0218,1.1208,0.4785,,EDGE_AVOID,前向灰度趋势变暗，提前离边,left,-0.666,-1.099,0,slow,0.0,,0.0,-400,-400,1
9.104,519.0,987.0,738.0,908.0,0.1146,0.75,0.0,0.9362,0.4323,,EDGE_AVOID,前向灰度趋势变暗，提前离边,left,-0.6354,-0.9362,0,slow,0.0,,0.0,-400,-400,1
9.124,507.0,975.0,729.0,891.0,0.0774,0.7044,-0.0218,0.7819,0.3909,,EDGE_AVOID,前向灰度趋势变暗，提前离边,left,-0.627,-0.8037,0,slow,0.0,,0.0,-400,-400,1
9.144,501.0,956.0,741.0,887.0,0.0402,0.6806,-0.0218,0.7248,0.3604,,EDGE_AVOID,前向灰度趋势变暗，提前离边,left,-0.6403,-0.7467,0,slow,0.0,,0.0,-400,-400,1
9.164,497.0,937.0,831.0,873.0,0.0217,0.6429,-0.0146,0.7114,0.3323,,EDGE_AVOID,前向灰度趋势变暗，提前离边,left,-0.6212,-0.726,1,slow,0.0,,0.0,-400,-400,1
9.185,520.0,952.0,1004.0,854.0,0.0217,0.6349,0.2039,0.6644,0.4194,,EDGE_AVOID,前向灰度趋势变暗，提前离边,left,-0.6132,-0.4605,0,slow,0.0,,0.0,-400,-400,1
9.205,595.0,934.0,1061.0,843.0,0.0805,0.6052,0.6238,0.6007,0.6029,,EDGE_AVOID,前向灰度趋势变暗，提前离边,left,-0.5247,0.0231,0,slow,0.0,,0.0,-400,-400,1
9.225,698.0,938.0,985.0,846.0,0.3127,0.6071,0.6238,0.5738,0.5905,,EDGE_AVOID,前向灰度趋势变暗，提前离边,left,-0.2944,0.05,0,slow,0.0,,0.0,-400,-400,1
9.245,739.0,949.0,928.0,870.0,0.6316,0.6071,0.5777,0.5738,0.5924,,EDGE_TURN,直线退离完成，开始转向,rear,0.0244,0.0038,0,danger_turn,135.0,left,0.8,-550,550,1
9.265,739.0,949.0,928.0,870.0,0.7585,0.629,0.4393,0.6544,0.6417,,EDGE_TURN,直线退离完成，开始转向,rear,0.1295,-0.215,0,danger_turn,135.0,left,0.8,-550,550,1
9.285,722.0,960.0,898.0,849.0,0.7585,0.629,0.4393,0.6544,0.6417,,EDGE_TURN,直线退离完成，开始转向,rear,0.1295,-0.215,0,danger_turn,135.0,left,0.8,-550,550,1
9.305,698.0,958.0,903.0,856.0,0.7059,0.6468,0.3786,0.6074,0.6271,,EDGE_TURN,直线退离完成，开始转向,rear,0.0591,-0.2287,0,danger_turn,135.0,left,0.8,-550,550,1
9.325,644.0,956.0,918.0,858.0,0.6316,0.6468,0.3786,0.6074,0.6195,,EDGE_TURN,直线退离完成，开始转向,rear,-0.0152,-0.2287,0,danger_turn,135.0,left,0.8,-550,550,1
9.345,624.0,978.0,949.0,877.0,0.4644,0.6468,0.415,0.6141,0.5392,,EDGE_TURN,直线退离完成，开始转向,rear,-0.1824,-0.199,0,danger_turn,135.0,left,0.8,-550,550,1
9.366,616.0,983.0,974.0,843.0,0.4025,0.6865,0.4903,0.6141,0.5522,,EDGE_TURN,直线退离完成，开始转向,rear,-0.284,-0.1238,0,danger_turn,135.0,left,0.8,-550,550,1
9.386,617.0,988.0,989.0,839.0,0.3808,0.6964,0.551,0.5638,0.5574,,EDGE_TURN,直线退离完成，开始转向,rear,-0.3156,-0.0128,0,danger_turn,135.0,left,0.8,-550,550,1
9.406,620.0,985.0,996.0,891.0,0.3808,0.7004,0.5874,0.5638,0.5756,,EDGE_TURN,直线退离完成，开始转向,rear,-0.3196,0.0236,0,danger_turn,135.0,left,0.8,-550,550,1
9.426,619.0,988.0,974.0,896.0,0.387,0.7063,0.5874,0.7248,0.6469,,EDGE_TURN,直线退离完成，开始转向,rear,-0.3194,-0.1375,0,danger_turn,135.0,left,0.8,-550,550,1
9.446,615.0,990.0,952.0,860.0,0.387,0.7063,0.551,0.7248,0.6287,,EDGE_TURN,直线退离完成，开始转向,rear,-0.3194,-0.1739,0,danger_turn,135.0,left,0.8,-550,550,1
9.466,621.0,996.0,954.0,856.0,0.387,0.7103,0.5024,0.6208,0.5616,,EDGE_TURN,直线退离完成，开始转向,rear,-0.3233,-0.1184,0,danger_turn,135.0,left,0.8,-550,550,1
9.486,634.0,1011.0,965.0,863.0,0.3932,0.7222,0.5024,0.6208,0.5616,,EDGE_TURN,直线退离完成，开始转向,rear,-0.329,-0.1184,0,danger_turn,135.0,left,0.8,-550,550,1
9.506,656.0,1024.0,1008.0,880.0,0.4334,0.752,0.5291,0.6309,0.58,,EDGE_TURN,直线退离完成，开始转向,rear,-0.3185,-0.1017,0,danger_turn,135.0,left,0.8,-550,550,1
9.526,666.0,1026.0,976.0,882.0,0.5015,0.7778,0.5558,0.6879,0.6219,,EDGE_TURN,直线退离完成，开始转向,rear,-0.2762,-0.1321,0,danger_turn,135.0,left,0.8,-550,550,1
9.547,666.0,1030.0,985.0,887.0,0.5325,0.7817,0.5777,0.6946,0.6362,,EDGE_TURN,直线退离完成，开始转向,rear,-0.2492,-0.117,0,danger_turn,135.0,left,0.8,-550,550,1
9.567,662.0,1022.0,1011.0,898.0,0.5325,0.7817,0.5777,0.7114,0.6445,,EDGE_TURN,直线退离完成，开始转向,rear,-0.2492,-0.1337,0,danger_turn,135.0,left,0.8,-550,550,1
9.587,668.0,1024.0,1024.0,916.0,0.5325,0.7778,0.6408,0.7483,0.6945,,EDGE_TURN,直线退离完成，开始转向,rear,-0.2453,-0.1075,0,danger_turn,135.0,left,0.8,-550,550,1
9.607,672.0,1022.0,1029.0,926.0,0.5387,0.7738,0.6723,0.8087,0.7231,,EDGE_TURN,直线退离完成，开始转向,rear,-0.2351,-0.1364,0,danger_turn,135.0,left,0.8,-550,550,1
9.627,681.0,1027.0,1041.0,916.0,0.5511,0.7778,0.6845,0.8087,0.7311,,EDGE_TURN,直线退离完成，开始转向,rear,-0.2267,-0.1243,0,danger_turn,135.0,left,0.8,-550,550,1
9.647,688.0,1040.0,1034.0,921.0,0.5789,0.7837,0.6966,0.8255,0.7402,,EDGE_TURN,直线退离完成，开始转向,rear,-0.2048,-0.1289,0,danger_turn,135.0,left,0.8,-550,550,1
9.667,685.0,1045.0,1022.0,931.0,0.5913,0.8095,0.6966,0.8255,0.7531,,EDGE_TURN,直线退离完成，开始转向,rear,-0.2182,-0.1289,0,danger_turn,135.0,left,0.8,-550,550,1
9.687,685.0,1045.0,1022.0,931.0,0.5913,0.8194,0.6675,0.8591,0.7435,,EDGE_TURN,直线退离完成，开始转向,rear,-0.2281,-0.1916,0,danger_turn,135.0,left,0.8,-550,550,1
9.707,693.0,1068.0,1040.0,934.0,0.5913,0.8194,0.6675,0.8591,0.7435,,EDGE_TURN,直线退离完成，开始转向,rear,-0.2281,-0.1916,0,danger_turn,135.0,left,0.8,-550,550,1
9.727,698.0,1110.0,1028.0,932.0,0.6161,0.8651,0.682,0.8624,0.7722,,EDGE_TURN,直线退离完成，开始转向,rear,-0.249,-0.1804,0,danger_turn,135.0,left,0.8,-550,550,1
9.748,698.0,1128.0,1078.0,938.0,0.6316,0.9484,0.7112,0.8691,0.7901,,EDGE_TURN,直线退离完成，开始转向,rear,-0.3168,-0.158,0,danger_turn,135.0,left,0.8,-550,550,1
9.768,696.0,1124.0,1077.0,930.0,0.6316,0.9762,0.801,0.8624,0.8317,,EDGE_TURN,直线退离完成，开始转向,rear,-0.3446,-0.0614,0,danger_turn,135.0,left,0.8,-550,550,1
9.788,708.0,1102.0,1081.0,930.0,0.6316,0.9762,0.8034,0.8557,0.8296,,EDGE_TURN,直线退离完成，开始转向,rear,-0.3446,-0.0523,0,danger_turn,135.0,left,0.8,-550,550,1
9.808,708.0,1095.0,1070.0,927.0,0.6625,0.9325,0.801,0.8557,0.8283,,EDGE_TURN,直线退离完成，开始转向,rear,-0.27,-0.0547,0,danger_turn,135.0,left,0.8,-550,550,1
9.828,710.0,1099.0,1068.0,926.0,0.6625,0.9266,0.784,0.8456,0.8148,,EDGE_TURN,直线退离完成，开始转向,rear,-0.264,-0.0617,0,danger_turn,135.0,left,0.8,-550,550,1
9.848,706.0,1089.0,1078.0,921.0,0.6625,0.9187,0.784,0.8423,0.8131,,EDGE_TURN,直线退离完成，开始转向,rear,-0.2561,-0.0583,0,danger_turn,135.0,left,0.8,-550,550,1
9.868,696.0,1086.0,1091.0,912.0,0.6563,0.9067,0.8034,0.8255,0.8145,,EDGE_TURN,直线退离完成，开始转向,rear,-0.2504,-0.0221,0,danger_turn,135.0,left,0.8,-550,550,1
9.888,694.0,1078.0,1093.0,901.0,0.6254,0.9008,0.835,0.7953,0.8151,,EDGE_TURN,直线退离完成，开始转向,rear,-0.2754,0.0396,0,danger_turn,135.0,left,0.8,-550,550,1
9.908,701.0,1081.0,1093.0,897.0,0.6254,0.8909,0.8398,0.7584,0.7991,,EDGE_TURN,直线退离完成，开始转向,rear,-0.2655,0.0814,0,danger_turn,135.0,left,0.8,-550,550,1
9.928,704.0,1081.0,1088.0,902.0,0.6409,0.8909,0.8398,0.7584,0.7991,,EDGE_TURN,直线退离完成，开始转向,rear,-0.25,0.0814,0,danger_turn,135.0,left,0.8,-550,550,1
9.949,703.0,1073.0,1092.0,907.0,0.6471,0.8909,0.8374,0.7617,0.7996,,EDGE_TURN,直线退离完成，开始转向,rear,-0.2438,0.0756,0,danger_turn,135.0,left,0.8,-550,550,1
9.969,706.0,1085.0,1107.0,915.0,0.6502,0.8909,0.8374,0.7785,0.808,,EDGE_TURN,直线退离完成，开始转向,rear,-0.2407,0.0589,0,danger_turn,135.0,left,0.8,-550,550,1
9.989,701.0,1083.0,1106.0,901.0,0.6471,0.8948,0.8714,0.7785,0.8249,,EDGE_TURN,直线退离完成，开始转向,rear,-0.2478,0.0928,0,danger_turn,135.0,left,0.8,-550,550,1
10.009,696.0,1079.0,1101.0,917.0,0.6409,0.8948,0.8714,0.8054,0.8384,,EDGE_TURN,直线退离完成，开始转向,rear,-0.254,0.066,0,danger_turn,135.0,left,0.8,-550,550,1
10.029,697.0,1079.0,1093.0,933.0,0.6285,0.8869,0.8592,0.8121,0.8357,,EDGE_TURN,直线退离完成，开始转向,rear,-0.2584,0.0471,0,danger_turn,135.0,left,0.8,-550,550,1
10.049,701.0,1079.0,1081.0,941.0,0.6285,0.8869,0.8398,0.8658,0.8528,,RECOVER_FORWARD,转向完成，向前离开边缘,rear,-0.2584,-0.026,0,danger,0.0,,0.0,400,400,1
10.069,712.0,1068.0,1080.0,930.0,0.6409,0.8869,0.8107,0.8658,0.8382,,RECOVER_FORWARD,转向完成，向前离开边缘,rear,-0.246,-0.0551,0,danger,0.0,,0.0,400,400,1
10.089,717.0,1071.0,1091.0,921.0,0.6749,0.871,0.8107,0.8557,0.8332,,RECOVER_FORWARD,转向完成，向前离开边缘,rear,-0.1961,-0.045,0,danger,0.0,,0.0,400,400,1
10.109,700.0,1069.0,1095.0,922.0,0.6749,0.8671,0.835,0.8289,0.8319,,RECOVER_FORWARD,转向完成，向前离开边缘,rear,-0.1921,0.0061,0,danger,0.0,,0.0,400,400,1
10.13,700.0,1069.0,1095.0,922.0,0.6378,0.8671,0.8447,0.8289,0.8368,,RECOVER_FORWARD,转向完成，向前离开边缘,rear,-0.2293,0.0158,0,danger,0.0,,0.0,400,400,1
10.15,701.0,1066.0,1098.0,920.0,0.6378,0.8671,0.8447,0.8289,0.8368,,RECOVER_FORWARD,转向完成，向前离开边缘,rear,-0.2293,0.0158,0,danger,0.0,,0.0,400,400,1
10.17,737.0,1064.0,1107.0,917.0,0.6409,0.8611,0.8519,0.8221,0.837,,RECOVER_FORWARD,转向完成，向前离开边缘,rear,-0.2202,0.0298,0,danger,0.0,,0.0,400,400,1
10.19,737.0,1058.0,1113.0,922.0,0.7523,0.8571,0.8738,0.8221,0.8396,,RECOVER_FORWARD,转向完成，向前离开边缘,rear,-0.1048,0.0516,0,danger,0.0,,0.0,400,400,1
10.21,721.0,1056.0,1110.0,925.0,0.7523,0.8452,0.8811,0.8289,0.837,,RECOVER_FORWARD,转向完成，向前离开边缘,rear,-0.0929,0.0522,0,danger,0.0,,0.0,400,400,1
10.23,732.0,1053.0,1101.0,924.0,0.7368,0.8413,0.8811,0.8356,0.8384,,RECOVER_FORWARD,转向完成，向前离开边缘,rear,-0.1044,0.0455,0,danger,0.0,,0.0,400,400,1
10.25,744.0,1053.0,1102.0,925.0,0.7368,0.8353,0.8617,0.8389,0.8371,,RECOVER_FORWARD,转向完成，向前离开边缘,rear,-0.0985,0.0227,0,danger,0.0,,0.0,400,400,1
10.27,733.0,1042.0,1101.0,914.0,0.7399,0.8353,0.8592,0.8356,0.8354,,RECOVER_FORWARD,转向完成，向前离开边缘,rear,-0.0954,0.0237,0,danger,0.0,,0.0,400,400,1
10.29,720.0,1034.0,1118.0,904.0,0.7399,0.8135,0.8617,0.802,0.8078,,RECOVER_FORWARD,转向完成，向前离开边缘,rear,-0.0736,0.0596,0,danger,0.0,,0.0,400,400,1
10.31,711.0,1027.0,1115.0,896.0,0.6997,0.7976,0.8932,0.7685,0.783,,RECOVER_FORWARD,转向完成，向前离开边缘,rear,-0.0979,0.1247,0,danger,0.0,,0.0,400,400,1
10.331,714.0,1028.0,1109.0,888.0,0.6811,0.7857,0.8932,0.7416,0.7637,,RECOVER_FORWARD,转向完成，向前离开边缘,rear,-0.1046,0.1516,0,danger,0.0,,0.0,400,400,1
10.351,710.0,1025.0,1103.0,878.0,0.6718,0.7837,0.8786,0.7148,0.7492,,RECOVER_FORWARD,转向完成，向前离开边缘,rear,-0.1119,0.1639,0,danger,0.0,,0.0,400,400,1
10.371,709.0,1026.0,1109.0,872.0,0.6687,0.7817,0.8786,0.6812,0.7315,,RECOVER_FORWARD,转向完成，向前离开边缘,rear,-0.113,0.1974,0,danger,0.0,,0.0,400,400,1
10.391,700.0,1028.0,1100.0,868.0,0.6656,0.7817,0.8641,0.6611,0.7237,,RECOVER_FORWARD,转向完成，向前离开边缘,rear,-0.1161,0.203,0,danger,0.0,,0.0,400,400,1
10.411,691.0,1021.0,1097.0,855.0,0.6378,0.7817,0.8568,0.6477,0.7147,,RECOVER_FORWARD,转向完成，向前离开边缘,rear,-0.144,0.2091,0,danger,0.0,,0.0,400,400,1
10.431,686.0,1031.0,1104.0,848.0,0.6099,0.7857,0.8568,0.604,0.6978,,RECOVER_FORWARD,转向完成，向前离开边缘,rear,-0.1758,0.2528,0,danger,0.0,,0.0,400,400,1
10.451,682.0,1021.0,1109.0,843.0,0.5944,0.7718,0.8665,0.5805,0.6831,,RECOVER_FORWARD,转向完成，向前离开边缘,rear,-0.1774,0.286,0,danger,0.0,,0.0,400,400,1
10.471,683.0,1010.0,1105.0,850.0,0.5851,0.7718,0.8689,0.5805,0.6785,,RECOVER_FORWARD,转向完成，向前离开边缘,rear,-0.1867,0.2884,0,danger,0.0,,0.0,400,400,1
10.491,683.0,1006.0,1082.0,843.0,0.5851,0.75,0.8689,0.5638,0.6676,,RECOVER_FORWARD,转向完成，向前离开边缘,rear,-0.1649,0.3052,0,danger,0.0,,0.0,400,400,1
10.511,686.0,1011.0,1083.0,835.0,0.5851,0.75,0.8155,0.5638,0.6676,,RECOVER_FORWARD,转向完成，向前离开边缘,rear,-0.1649,0.2518,0,danger,0.0,,0.0,400,400,1
10.532,681.0,1040.0,1092.0,832.0,0.5851,0.752,0.8155,0.5369,0.6686,,RECOVER_FORWARD,转向完成，向前离开边缘,rear,-0.1668,0.2786,0,danger,0.0,,0.0,400,400,1
10.552,678.0,1060.0,1096.0,832.0,0.5789,0.8095,0.8374,0.5268,0.6942,,RECOVER_FORWARD,转向完成，向前离开边缘,rear,-0.2306,0.3105,0,danger,0.0,,0.0,400,400,1
10.572,678.0,1060.0,1096.0,832.0,0.5697,0.8492,0.8471,0.5268,0.7084,,RECOVER_FORWARD,转向完成，向前离开边缘,rear,-0.2795,0.3202,0,danger,0.0,,0.0,400,400,1
10.592,677.0,1040.0,1092.0,840.0,0.5697,0.8492,0.8471,0.5268,0.7084,,RECOVER_FORWARD,转向完成，向前离开边缘,rear,-0.2795,0.3202,0,danger,0.0,,0.0,400,400,1
10.612,684.0,1049.0,1080.0,867.0,0.5697,0.8274,0.8374,0.5537,0.6985,,RECOVER_FORWARD,转向完成，向前离开边缘,rear,-0.2577,0.2837,0,danger,0.0,,0.0,400,400,1
10.632,686.0,1029.0,1058.0,874.0,0.5882,0.8095,0.8083,0.6443,0.7263,,RECOVER_FORWARD,转向完成，向前离开边缘,rear,-0.2213,0.164,0,danger,0.0,,0.0,400,400,1
10.652,673.0,1027.0,1053.0,881.0,0.5882,0.7877,0.7549,0.6678,0.7113,,RECOVER_FORWARD,转向完成，向前离开边缘,rear,-0.1995,0.0871,0,danger,0.0,,0.0,400,400,1
10.672,669.0,998.0,1040.0,854.0,0.5542,0.7837,0.7427,0.6678,0.7053,,RECOVER_FORWARD,转向完成，向前离开边缘,rear,-0.2296,0.0749,0,danger,0.0,,0.0,400,400,1
10.692,675.0,1007.0,1045.0,821.0,0.5542,0.744,0.7233,0.6007,0.662,,RECOVER_FORWARD,转向完成，向前离开边缘,rear,-0.1899,0.1226,0,danger,0.0,,0.0,400,400,1
10.713,680.0,1006.0,1053.0,844.0,0.5604,0.7421,0.7233,0.5671,0.6452,,RECOVER_FORWARD,转向完成，向前离开边缘,rear,-0.1817,0.1562,0,danger,0.0,,0.0,400,400,1
10.733,678.0,989.0,1034.0,834.0,0.5697,0.7421,0.7233,0.5336,0.6465,,RECOVER_FORWARD,转向完成，向前离开边缘,rear,-0.1724,0.1897,0,danger,0.0,,0.0,400,400,1
10.753,660.0,976.0,1034.0,829.0,0.5697,0.7083,0.6966,0.5336,0.6331,,RECOVER_FORWARD,转向完成，向前离开边缘,rear,-0.1387,0.163,0,danger,0.0,,0.0,400,400,1
10.773,644.0,988.0,1046.0,814.0,0.5139,0.7063,0.6966,0.5168,0.6067,,RECOVER_FORWARD,转向完成，向前离开边缘,rear,-0.1924,0.1798,0,danger,0.0,,0.0,400,400,1
10.793,633.0,984.0,1056.0,804.0,0.4644,0.6984,0.7257,0.4664,0.5824,,RECOVER_FORWARD,转向完成，向前离开边缘,rear,-0.234,0.2593,0,danger,0.0,,0.0,400,400,1
10.813,624.0,987.0,1055.0,798.0,0.4303,0.7044,0.7476,0.4329,0.5686,,RECOVER_FORWARD,转向完成，向前离开边缘,rear,-0.274,0.3147,0,danger,0.0,,0.0,400,400,1
10.833,619.0,962.0,1054.0,788.0,0.4025,0.6984,0.7476,0.4128,0.5556,,RECOVER_FORWARD,转向完成，向前离开边缘,rear,-0.2959,0.3348,0,danger,0.0,,0.0,400,400,1
10.853,612.0,962.0,1035.0,792.0,0.387,0.6548,0.7451,0.3926,0.5237,,RECOVER_FORWARD,转向完成，向前离开边缘,rear,-0.2678,0.3525,0,danger,0.0,,0.0,400,400,1
10.873,605.0,963.0,1027.0,824.0,0.3653,0.6548,0.699,0.3926,0.5237,,RECOVER_FORWARD,转向完成，向前离开边缘,rear,-0.2894,0.3064,0,danger,0.0,,0.0,400,400,1
10.893,599.0,956.0,1047.0,893.0,0.3437,0.6548,0.699,0.5,0.5774,,RECOVER_FORWARD,转向完成，向前离开边缘,rear,-0.3111,0.199,0,danger,0.0,,0.0,400,400,1
10.914,596.0,961.0,1030.0,960.0,0.3251,0.6528,0.6869,0.7315,0.6698,,RECOVER_FORWARD,转向完成，向前离开边缘,rear,-0.3277,-0.0447,0,danger,0.0,,0.0,400,400,1
10.934,594.0,969.0,1010.0,984.0,0.3158,0.6528,0.6869,0.9564,0.6698,,RECOVER_FORWARD,转向完成，向前离开边缘,rear,-0.337,-0.2695,0,danger,0.0,,0.0,400,400,1
10.954,590.0,977.0,1005.0,963.0,0.3096,0.6687,0.6383,0.9664,0.6535,,RECOVER_FORWARD,转向完成，向前离开边缘,rear,-0.3591,-0.3281,0,danger,0.0,,0.0,400,400,1
10.974,601.0,975.0,1000.0,860.0,0.3096,0.6806,0.6262,0.9664,0.6534,,RECOVER_FORWARD,转向完成，向前离开边缘,rear,-0.371,-0.3402,0,danger,0.0,,0.0,400,400,1
10.994,601.0,975.0,1000.0,860.0,0.3313,0.6806,0.6141,0.6208,0.6174,,RECOVER_FORWARD,转向完成，向前离开边缘,rear,-0.3493,-0.0067,0,danger,0.0,,0.0,400,400,1
11.014,626.0,942.0,993.0,725.0,0.3313,0.6806,0.6141,0.6208,0.6174,,RECOVER_FORWARD,转向完成，向前离开边缘,rear,-0.3493,-0.0067,0,danger,0.0,,0.0,400,400,1
11.034,669.0,933.0,992.0,630.0,0.4087,0.6151,0.5971,0.1678,0.5029,,RECOVER_FORWARD,转向完成，向前离开边缘,rear,-0.2064,0.4293,0,danger,0.0,,0.0,400,400,1
11.054,741.0,923.0,1017.0,587.0,0.5418,0.5972,0.5971,-0.151,0.5694,,RECOVER_FORWARD,转向完成，向前离开边缘,rear,-0.0554,0.7481,0,danger,0.0,,0.0,400,400,1
11.074,815.0,909.0,1035.0,579.0,0.7647,0.5774,0.6553,-0.2953,0.6164,,RECOVER_FORWARD,转向完成，向前离开边缘,rear,0.1873,0.9506,0,danger,0.0,,0.0,400,400,1
11.094,848.0,904.0,1017.0,577.0,0.9938,0.5496,0.6553,-0.3221,0.6025,,RECOVER_FORWARD,转向完成，向前离开边缘,rear,0.4442,0.9775,0,danger,0.0,,0.0,400,400,1
11.115,842.0,915.0,1010.0,579.0,1.0774,0.5496,0.6553,-0.3221,0.6025,,RECOVER_FORWARD,转向完成，向前离开边缘,rear,0.5278,0.9775,0,danger,0.0,,0.0,400,400,1
11.135,789.0,920.0,999.0,576.0,1.0774,0.5615,0.6383,-0.3289,0.5999,,RECOVER_FORWARD,转向完成，向前离开边缘,rear,0.5159,0.9672,0,danger,0.0,,0.0,400,400,1
11.155,727.0,922.0,986.0,579.0,0.9133,0.5714,0.6117,-0.3221,0.5915,,RECOVER_FORWARD,转向完成，向前离开边缘,rear,0.3419,0.9338,0,danger,0.0,,0.0,400,400,1
11.175,664.0,916.0,971.0,581.0,0.7214,0.5714,0.5801,-0.3221,0.5758,,RECOVER_FORWARD,转向完成，向前离开边缘,rear,0.1499,0.9022,0,danger,0.0,,0.0,400,400,1
11.195,604.0,908.0,964.0,584.0,0.5263,0.5635,0.5437,-0.3154,0.535,,RECOVER_FORWARD,转向完成，向前离开边缘,rear,-0.0372,0.8591,0,danger,0.0,,0.0,400,400,1
11.215,561.0,907.0,960.0,586.0,0.3406,0.5476,0.5267,-0.3054,0.4336,,RECOVER_FORWARD,转向完成，向前离开边缘,rear,-0.2071,0.8321,0,danger,0.0,,0.0,400,400,1
11.235,529.0,907.0,960.0,589.0,0.2074,0.5456,0.517,-0.2987,0.3622,,RECOVER_FORWARD,转向完成，向前离开边缘,rear,-0.3382,0.8156,0,danger,0.0,,0.0,400,400,1
11.255,508.0,910.0,957.0,587.0,0.1084,0.5456,0.517,-0.2953,0.3127,,RECOVER_FORWARD,转向完成，向前离开边缘,rear,-0.4373,0.8123,1,danger,0.0,,0.0,400,400,1
11.275,491.0,901.0,956.0,591.0,0.0433,0.5456,0.5097,-0.2886,0.2765,,RECOVER_FORWARD,转向完成，向前离开边缘,rear,-0.5023,0.7983,1,danger,0.0,,0.0,400,400,1
11.296,483.0,894.0,952.0,588.0,-0.0093,0.5337,0.5073,-0.2919,0.249,,RECOVER_FORWARD,转向完成，向前离开边缘,rear,-0.543,0.7992,1,danger,0.0,,0.0,400,400,1
11.316,479.0,890.0,955.0,595.0,-0.0341,0.5198,0.5049,-0.2819,0.2354,,RECOVER_FORWARD,转向完成，向前离开边缘,rear,-0.5539,0.7867,1,danger,0.0,,0.0,400,400,1
11.336,476.0,888.0,954.0,594.0,-0.0464,0.5119,0.5024,-0.2718,0.228,,RECOVER_FORWARD,转向完成，向前离开边缘,rear,-0.5583,0.7742,1,danger,0.0,,0.0,400,400,1
11.356,473.0,885.0,958.0,591.0,-0.0557,0.5079,0.5049,-0.2718,0.2246,,RECOVER_FORWARD,转向完成，向前离开边缘,rear,-0.5637,0.7767,1,danger,0.0,,0.0,400,400,1
11.376,472.0,881.0,958.0,595.0,-0.065,0.502,0.5121,-0.2718,0.2185,,RECOVER_FORWARD,转向完成，向前离开边缘,rear,-0.567,0.7839,1,danger,0.0,,0.0,400,400,1
11.396,472.0,883.0,956.0,600.0,-0.0681,0.498,0.5121,-0.2685,0.215,,RECOVER_FORWARD,转向完成，向前离开边缘,rear,-0.5661,0.7806,1,danger,0.0,,0.0,400,400,1
11.416,472.0,889.0,954.0,598.0,-0.0681,0.498,0.5073,-0.2584,0.215,,RECOVER_FORWARD,转向完成，向前离开边缘,rear,-0.5661,0.7657,1,danger,0.0,,0.0,400,400,1
11.436,472.0,889.0,954.0,598.0,-0.0681,0.5099,0.5024,-0.2584,0.2172,,RECOVER_FORWARD,转向完成，向前离开边缘,rear,-0.578,0.7608,1,danger,0.0,,0.0,400,400,1
11.456,473.0,895.0,950.0,603.0,-0.0681,0.5099,0.5024,-0.2584,0.2172,,RECOVER_FORWARD,转向完成，向前离开边缘,rear,-0.578,0.7608,1,danger,0.0,,0.0,400,400,1
11.476,473.0,898.0,939.0,604.0,-0.065,0.5218,0.4927,-0.2416,0.2139,,RECOVER_FORWARD,转向完成，向前离开边缘,rear,-0.5868,0.7343,1,danger,0.0,,0.0,400,400,1
11.496,472.0,899.0,925.0,600.0,-0.065,0.5278,0.466,-0.2416,0.2005,,RECOVER_FORWARD,转向完成，向前离开边缘,rear,-0.5928,0.7076,1,danger,0.0,,0.0,400,400,1
11.517,476.0,907.0,923.0,603.0,-0.065,0.5298,0.432,-0.2416,0.1835,,RECOVER_FORWARD,转向完成，向前离开边缘,rear,-0.5948,0.6736,1,danger,0.0,,0.0,400,400,1
11.537,477.0,909.0,912.0,604.0,-0.0557,0.5456,0.4272,-0.2416,0.1857,,RECOVER_FORWARD,转向完成，向前离开边缘,rear,-0.6014,0.6688,1,danger,0.0,,0.0,400,400,1
11.557,477.0,913.0,906.0,606.0,-0.0526,0.5496,0.4005,-0.2383,0.1739,,EDGE_AVOID,转后前进仍在暗外圈，重新退离后再转,right,-0.6022,0.6387,1,slow,0.0,,0.0,-400,-400,1
11.577,476.0,911.0,899.0,604.0,-0.0526,0.5536,0.3859,-0.2383,0.1666,,EDGE_AVOID,转后前进仍在暗外圈，重新退离后再转,right,-0.6062,0.6242,1,slow,0.0,,0.0,-400,-400,1
11.597,477.0,915.0,899.0,606.0,-0.0526,0.5575,0.3689,-0.2315,0.1582,,EDGE_AVOID,转后前进仍在暗外圈，重新退离后再转,right,-0.6102,0.6005,1,slow,0.0,,0.0,-400,-400,1
11.617,477.0,915.0,897.0,606.0,-0.0526,0.5615,0.3689,-0.2315,0.1582,,EDGE_AVOID,转后前进仍在暗外圈，重新退离后再转,right,-0.6141,0.6005,1,slow,0.0,,0.0,-400,-400,1
11.637,478.0,917.0,900.0,607.0,-0.0526,0.5615,0.3689,-0.2315,0.1582,,EDGE_AVOID,转后前进仍在暗外圈，重新退离后再转,right,-0.6141,0.6005,1,slow,0.0,,0.0,-400,-400,1
11.657,478.0,917.0,901.0,607.0,-0.0495,0.5655,0.3714,-0.2282,0.1609,,EDGE_AVOID,转后前进仍在暗外圈，重新退离后再转,right,-0.615,0.5995,1,slow,0.0,,0.0,-400,-400,1
11.677,475.0,905.0,895.0,607.0,-0.0495,0.5655,0.3714,-0.2282,0.1609,,EDGE_AVOID,转后前进仍在暗外圈，重新退离后再转,right,-0.615,0.5995,1,slow,0.0,,0.0,-400,-400,1
11.697,477.0,904.0,899.0,608.0,-0.0526,0.5417,0.3689,-0.2282,0.1582,,EDGE_AVOID,转后前进仍在暗外圈，重新退离后再转,right,-0.5943,0.5971,1,slow,0.0,,0.0,-400,-400,1
11.718,473.0,895.0,901.0,596.0,-0.0588,0.5397,0.3689,-0.2282,0.1551,,EDGE_AVOID,转后前进仍在暗外圈，重新退离后再转,right,-0.5985,0.5971,1,slow,0.0,,0.0,-400,-400,1
11.738,477.0,887.0,905.0,598.0,-0.0526,0.5218,0.3738,-0.2584,0.1606,,EDGE_AVOID,转后前进仍在暗外圈，重新退离后再转,right,-0.5745,0.6322,1,slow,0.0,,0.0,-400,-400,1
11.758,472.0,881.0,909.0,595.0,-0.065,0.506,0.3835,-0.2651,0.1592,,EDGE_AVOID,转后前进仍在暗外圈，重新退离后再转,right,-0.571,0.6486,1,slow,0.0,,0.0,-400,-400,1
11.778,468.0,875.0,912.0,590.0,-0.0681,0.494,0.3932,-0.2685,0.1625,,EDGE_AVOID,转后前进仍在暗外圈，重新退离后再转,right,-0.5622,0.6617,1,slow,0.0,,0.0,-400,-400,1
11.798,470.0,880.0,917.0,590.0,-0.0743,0.4921,0.4005,-0.2852,0.1631,,EDGE_AVOID,转后前进仍在暗外圈，重新退离后再转,right,-0.5664,0.6857,1,slow,0.0,,0.0,-400,-400,1
11.818,471.0,881.0,917.0,591.0,-0.0743,0.4921,0.4126,-0.2852,0.1692,,EDGE_AVOID,转后前进仍在暗外圈，重新退离后再转,right,-0.5664,0.6979,1,slow,0.0,,0.0,-400,-400,1
11.838,470.0,899.0,932.0,594.0,-0.0743,0.494,0.4126,-0.2819,0.1692,,EDGE_AVOID,转后前进仍在暗外圈，重新退离后再转,right,-0.5684,0.6945,1,slow,0.0,,0.0,-400,-400,1
11.858,465.0,903.0,951.0,591.0,-0.0743,0.5298,0.449,-0.2819,0.1874,,EDGE_AVOID,转后前进仍在暗外圈，重新退离后再转,right,-0.6041,0.7309,1,slow,0.0,,0.0,-400,-400,1
11.878,467.0,902.0,966.0,588.0,-0.0836,0.5357,0.4951,-0.2819,0.2058,,EDGE_AVOID,转后前进仍在暗外圈，重新退离后再转,right,-0.6193,0.777,1,slow,0.0,,0.0,-400,-400,1
11.898,476.0,904.0,962.0,587.0,-0.0836,0.5377,0.5218,-0.2919,0.2191,,EDGE_AVOID,转后前进仍在暗外圈，重新退离后再转,right,-0.6213,0.8138,1,slow,0.0,,0.0,-400,-400,1
11.918,496.0,910.0,958.0,586.0,-0.0557,0.5397,0.5218,-0.2953,0.2331,,EDGE_AVOID,转后前进仍在暗外圈，重新退离后再转,right,-0.5954,0.8171,1,slow,0.0,,0.0,-400,-400,1
11.938,544.0,917.0,958.0,582.0,0.0062,0.5516,0.5121,-0.2987,0.2592,,EDGE_AVOID,转后前进仍在暗外圈，重新退离后再转,right,-0.5454,0.8108,1,slow,0.0,,0.0,-400,-400,1
11.959,637.0,921.0,968.0,581.0,0.1548,0.5655,0.5121,-0.3121,0.3335,,EDGE_AVOID,转后前进仍在暗外圈，重新退离后再转,right,-0.4107,0.8242,1,slow,0.0,,0.0,-400,-400,1
11.979,744.0,911.0,995.0,587.0,0.4427,0.5655,0.5364,-0.3121,0.4896,,EDGE_AVOID,转后前进仍在暗外圈，重新退离后再转,right,-0.1228,0.8485,0,slow,0.0,,0.0,-400,-400,1
11.999,744.0,911.0,995.0,587.0,0.774,0.5536,0.6019,-0.2953,0.5778,,EDGE_AVOID,转后前进仍在暗外圈，重新退离后再转,right,0.2204,0.8972,0,slow,0.0,,0.0,-400,-400,1
12.019,813.0,918.0,1015.0,647.0,0.774,0.5536,0.6019,-0.2953,0.5778,,EDGE_AVOID,转后前进仍在暗外圈，重新退离后再转,right,0.2204,0.8972,0,slow,0.0,,0.0,-400,-400,1
12.039,780.0,942.0,1039.0,831.0,0.8854,0.5675,0.6505,-0.094,0.609,,EDGE_AVOID,转后前进仍在暗外圈，重新退离后再转,right,0.318,0.7444,0,slow,0.0,,0.0,-400,-400,1
12.059,692.0,954.0,1015.0,977.0,0.8854,0.6151,0.6505,0.5235,0.6328,,EDGE_AVOID,转后前进仍在暗外圈，重新退离后再转,right,0.2704,0.127,0,slow,0.0,,0.0,-400,-400,1
12.079,636.0,942.0,1010.0,945.0,0.613,0.6151,0.6505,0.906,0.6328,,EDGE_AVOID,转后前进仍在暗外圈，重新退离后再转,right,-0.0021,-0.2556,0,slow,0.0,,0.0,-400,-400,1
12.099,610.0,949.0,1005.0,829.0,0.4396,0.629,0.6383,0.906,0.6337,,EDGE_AVOID,转后前进仍在暗外圈，重新退离后再转,right,-0.1893,-0.2677,0,slow,0.0,,0.0,-400,-400,1
12.119,603.0,987.0,1009.0,800.0,0.3591,0.629,0.6359,0.5168,0.5729,,EDGE_AVOID,转后前进仍在暗外圈，重新退离后再转,right,-0.2698,0.1191,0,slow,0.0,,0.0,-400,-400,1
12.139,601.0,989.0,1008.0,793.0,0.3375,0.7044,0.6335,0.4195,0.5265,,EDGE_AVOID,转后前进仍在暗外圈，重新退离后再转,right,-0.3669,0.214,0,slow,0.0,,0.0,-400,-400,1
12.159,606.0,978.0,1027.0,820.0,0.3375,0.7044,0.6359,0.4195,0.5277,,EDGE_TURN,直线退离完成，开始转向,front,-0.3669,0.2165,0,danger_turn,135.0,left,0.8,-550,550,1
12.179,609.0,973.0,1047.0,813.0,0.3467,0.6865,0.6796,0.4631,0.5713,,EDGE_TURN,直线退离完成，开始转向,front,-0.3398,0.2165,0,danger_turn,135.0,left,0.8,-550,550,1
12.2,616.0,971.0,1035.0,826.0,0.356,0.6766,0.699,0.4866,0.5816,,EDGE_TURN,直线退离完成，开始转向,front,-0.3206,0.2125,0,danger_turn,135.0,left,0.8,-550,550,1
12.22,637.0,990.0,1032.0,843.0,0.3777,0.6766,0.699,0.5067,0.5916,,EDGE_TURN,直线退离完成，开始转向,front,-0.2989,0.1923,0,danger_turn,135.0,left,0.8,-550,550,1
12.24,648.0,994.0,1049.0,832.0,0.4427,0.7103,0.699,0.5268,0.6129,,EDGE_TURN,直线退离完成，开始转向,front,-0.2676,0.1722,0,danger_turn,135.0,left,0.8,-550,550,1
12.26,657.0,974.0,1047.0,818.0,0.4768,0.7103,0.7282,0.5268,0.6186,,EDGE_TURN,直线退离完成，开始转向,front,-0.2335,0.2013,0,danger_turn,135.0,left,0.8,-550,550,1
12.28,655.0,977.0,1044.0,852.0,0.4985,0.6845,0.7282,0.5268,0.6057,,EDGE_TURN,直线退离完成，开始转向,front,-0.1861,0.2013,0,danger_turn,135.0,left,0.8,-550,550,1
12.3,660.0,992.0,1048.0,839.0,0.5046,0.6845,0.7282,0.5503,0.6174,,EDGE_TURN,直线退离完成，开始转向,front,-0.1799,0.1778,0,danger_turn,135.0,left,0.8,-550,550,1
12.32,675.0,979.0,1050.0,827.0,0.5139,0.6885,0.7306,0.5503,0.6194,,EDGE_TURN,直线退离完成，开始转向,front,-0.1746,0.1802,0,danger_turn,135.0,left,0.8,-550,550,1
12.34,683.0,1016.0,1061.0,859.0,0.5604,0.7143,0.7354,0.5503,0.6373,,EDGE_TURN,直线退离完成，开始转向,front,-0.1539,0.1851,0,danger_turn,135.0,left,0.8,-550,550,1
12.36,678.0,1014.0,1084.0,863.0,0.5697,0.7579,0.7621,0.6174,0.6877,,EDGE_TURN,直线退离完成，开始转向,front,-0.1883,0.1447,0,danger_turn,135.0,left,0.8,-550,550,1
12.38,682.0,1041.0,1063.0,846.0,0.582,0.7619,0.767,0.6174,0.6897,,EDGE_TURN,直线退离完成，开始转向,front,-0.1799,0.1495,0,danger_turn,135.0,left,0.8,-550,550,1
12.4,690.0,1095.0,1082.0,842.0,0.582,0.8115,0.8131,0.5738,0.6968,,EDGE_TURN,直线退离完成，开始转向,front,-0.2295,0.2393,0,danger_turn,135.0,left,0.8,-550,550,1
12.42,690.0,1095.0,1093.0,871.0,0.6068,0.9187,0.8131,0.5738,0.71,,EDGE_TURN,直线退离完成，开始转向,front,-0.3118,0.2393,0,danger_turn,135.0,left,0.8,-550,550,1
12.44,699.0,1129.0,1110.0,873.0,0.6068,0.9187,0.8398,0.6577,0.7488,,EDGE_TURN,直线退离完成，开始转向,front,-0.3118,0.1821,0,danger_turn,135.0,left,0.8,-550,550,1
12.461,694.0,1166.0,1097.0,869.0,0.6192,0.9861,0.8495,0.6577,0.7536,,EDGE_TURN,直线退离完成，开始转向,front,-0.3669,0.1918,0,danger_turn,135.0,left,0.8,-550,550,1
12.481,692.0,1152.0,1104.0,876.0,0.6192,1.0317,0.8665,0.6644,0.7655,,EDGE_TURN,直线退离完成，开始转向,front,-0.4126,0.2021,0,danger_turn,135.0,left,0.8,-550,550,1
12.501,694.0,1112.0,1110.0,885.0,0.6192,1.0317,0.8665,0.6745,0.7705,,EDGE_TURN,直线退离完成，开始转向,front,-0.4126,0.192,0,danger_turn,135.0,left,0.8,-550,550,1
12.521,701.0,1081.0,1098.0,883.0,0.6192,0.9524,0.8665,0.698,0.7822,,EDGE_TURN,直线退离完成，开始转向,front,-0.3332,0.1685,0,danger_turn,135.0,left,0.8,-550,550,1
12.541,698.0,1068.0,1107.0,887.0,0.6316,0.8909,0.8738,0.7047,0.7892,,EDGE_TURN,直线退离完成，开始转向,front,-0.2593,0.1691,0,danger_turn,135.0,left,0.8,-550,550,1
12.561,708.0,1066.0,1121.0,897.0,0.6409,0.8651,0.8738,0.7114,0.7882,,EDGE_TURN,直线退离完成，开始转向,front,-0.2242,0.1624,0,danger_turn,135.0,left,0.8,-550,550,1
12.581,731.0,1072.0,1122.0,907.0,0.6625,0.8651,0.9078,0.745,0.805,,EDGE_TURN,直线退离完成，开始转向,front,-0.2025,0.1628,0,danger_turn,135.0,left,0.8,-550,550,1
12.601,736.0,1078.0,1120.0,909.0,0.7337,0.873,0.9078,0.7785,0.8258,,EDGE_TURN,直线退离完成，开始转向,front,-0.1393,0.1292,0,danger_turn,135.0,left,0.8,-550,550,1
12.621,729.0,1092.0,1128.0,908.0,0.7337,0.8849,0.9102,0.7819,0.8334,,EDGE_TURN,直线退离完成，开始转向,front,-0.1512,0.1283,0,danger_turn,135.0,left,0.8,-550,550,1
12.641,724.0,1088.0,1133.0,900.0,0.7276,0.9048,0.9248,0.7819,0.8433,,EDGE_TURN,直线退离完成，开始转向,front,-0.1772,0.1429,0,danger_turn,135.0,left,0.8,-550,550,1
12.661,709.0,1085.0,1146.0,899.0,0.7121,0.9048,0.9369,0.755,0.8299,,EDGE_TURN,直线退离完成，开始转向,front,-0.1927,0.1819,0,danger_turn,135.0,left,0.8,-550,550,1
12.681,715.0,1096.0,1163.0,910.0,0.6842,0.9048,0.9684,0.755,0.8299,,EDGE_TURN,直线退离完成，开始转向,front,-0.2206,0.2134,0,danger_turn,135.0,left,0.8,-550,550,1
12.701,741.0,1098.0,1160.0,916.0,0.6842,0.9206,1.0024,0.7886,0.8546,,EDGE_TURN,直线退离完成，开始转向,front,-0.2364,0.2138,0,danger_turn,135.0,left,0.8,-550,550,1
12.722,751.0,1117.0,1161.0,922.0,0.7647,0.9246,1.0049,0.8087,0.8667,,EDGE_TURN,直线退离完成，开始转向,front,-0.1599,0.1961,0,danger_turn,135.0,left,0.8,-550,550,1
12.742,751.0,1117.0,1161.0,922.0,0.7957,0.9623,1.0049,0.8289,0.8956,,EDGE_TURN,直线退离完成，开始转向,front,-0.1666,0.176,0,danger_turn,135.0,left,0.8,-550,550,1
12.762,746.0,1105.0,1156.0,930.0,0.7957,0.9623,1.0049,0.8289,0.8956,,EDGE_TURN,直线退离完成，开始转向,front,-0.1666,0.176,0,danger_turn,135.0,left,0.8,-550,550,1
12.782,745.0,1107.0,1160.0,935.0,0.7802,0.9425,1.0024,0.8557,0.8991,,EDGE_TURN,直线退离完成，开始转向,front,-0.1623,0.1467,0,danger_turn,135.0,left,0.8,-550,550,1
12.802,753.0,1111.0,1167.0,941.0,0.7802,0.9425,1.0024,0.8725,0.9075,,EDGE_TURN,直线退离完成，开始转向,front,-0.1623,0.1299,0,danger_turn,135.0,left,0.8,-550,550,1
12.822,757.0,1107.0,1169.0,943.0,0.8019,0.9425,1.0194,0.8926,0.9175,,EDGE_TURN,直线退离完成，开始转向,front,-0.1406,0.1268,0,danger_turn,135.0,left,0.8,-550,550,1
12.842,762.0,1109.0,1174.0,940.0,0.8142,0.9464,1.0243,0.8926,0.9195,,EDGE_TURN,直线退离完成，开始转向,front,-0.1322,0.1317,0,danger_turn,135.0,left,0.8,-550,550,1
12.862,763.0,1099.0,1170.0,937.0,0.8297,0.9425,1.0267,0.8893,0.9159,,EDGE_TURN,直线退离完成，开始转向,front,-0.1127,0.1374,0,danger_turn,135.0,left,0.8,-550,550,1
12.882,768.0,1104.0,1167.0,931.0,0.8328,0.9365,1.0267,0.8792,0.9079,,EDGE_TURN,直线退离完成，开始转向,front,-0.1037,0.1475,0,danger_turn,135.0,left,0.8,-550,550,1
12.902,770.0,1104.0,1173.0,935.0,0.8483,0.9365,1.0267,0.8725,0.9045,,EDGE_TURN,直线退离完成，开始转向,front,-0.0882,0.1542,0,danger_turn,135.0,left,0.8,-550,550,1
12.922,768.0,1104.0,1174.0,939.0,0.8483,0.9365,1.034,0.8725,0.9045,,EDGE_TURN,直线退离完成，开始转向,front,-0.0882,0.1615,0,danger_turn,135.0,left,0.8,-550,550,1
12.942,770.0,1105.0,1187.0,921.0,0.8545,0.9365,1.0364,0.8725,0.9045,,EDGE_TURN,直线退离完成，开始转向,front,-0.082,0.1639,0,danger_turn,135.0,left,0.8,-550,550,1
12.963,770.0,1109.0,1196.0,906.0,0.8545,0.9385,1.068,0.8255,0.8965,,RECOVER_FORWARD,转向完成，向前离开边缘,front,-0.084,0.2425,0,danger,0.0,,0.0,400,400,1
12.983,770.0,1109.0,1199.0,943.0,0.8545,0.9464,1.0898,0.8255,0.9005,,RECOVER_FORWARD,转向完成，向前离开边缘,front,-0.0919,0.2643,0,danger,0.0,,0.0,400,400,1
13.003,772.0,1111.0,1198.0,947.0,0.8545,0.9464,1.0947,0.8993,0.9229,,RECOVER_FORWARD,转向完成，向前离开边缘,front,-0.0919,0.1953,0,danger,0.0,,0.0,400,400,1
13.023,772.0,1117.0,1197.0,904.0,0.8607,0.9504,1.0947,0.8993,0.9249,,RECOVER_FORWARD,转向完成，向前离开边缘,front,-0.0897,0.1953,0,danger,0.0,,0.0,400,400,1
13.043,776.0,1120.0,1195.0,866.0,0.8607,0.9623,1.0922,0.7685,0.9115,,RECOVER_FORWARD,转向完成，向前离开边缘,front,-0.1016,0.3238,0,danger,0.0,,0.0,400,400,1
13.063,778.0,1125.0,1194.0,880.0,0.8731,0.9683,1.0874,0.6879,0.9207,,RECOVER_FORWARD,转向完成，向前离开边缘,front,-0.0952,0.3995,0,danger,0.0,,0.0,400,400,1
13.083,768.0,1127.0,1188.0,912.0,0.8731,0.9782,1.085,0.6879,0.9256,,RECOVER_FORWARD,转向完成，向前离开边缘,front,-0.1051,0.397,0,danger,0.0,,0.0,400,400,1
13.103,769.0,1138.0,1188.0,936.0,0.8514,0.9821,1.0704,0.7953,0.9168,,RECOVER_FORWARD,转向完成，向前离开边缘,front,-0.1307,0.2751,0,danger,0.0,,0.0,400,400,1
13.123,772.0,1149.0,1188.0,935.0,0.8514,1.004,1.0704,0.8725,0.9382,,RECOVER_FORWARD,转向完成，向前离开边缘,front,-0.1526,0.1979,0,danger,0.0,,0.0,400,400,1
13.144,771.0,1154.0,1188.0,930.0,0.8576,1.0258,1.0704,0.8725,0.9491,,RECOVER_FORWARD,转向完成，向前离开边缘,front,-0.1682,0.1979,0,danger,0.0,,0.0,400,400,1
13.164,773.0,1163.0,1188.0,924.0,0.8607,1.0357,1.0704,0.8557,0.9482,,RECOVER_FORWARD,转向完成，向前离开边缘,front,-0.175,0.2147,0,danger,0.0,,0.0,400,400,1
13.184,778.0,1184.0,1189.0,920.0,0.8638,1.0536,1.0704,0.8356,0.9587,,RECOVER_FORWARD,转向完成，向前离开边缘,front,-0.1898,0.2348,0,danger,0.0,,0.0,400,400,1
13.204,780.0,1187.0,1192.0,922.0,0.8793,1.0952,1.0728,0.8289,0.976,,RECOVER_FORWARD,转向完成，向前离开边缘,front,-0.216,0.244,0,danger,0.0,,0.0,400,400,1
13.224,780.0,1187.0,1192.0,922.0,0.8854,1.1012,1.0801,0.8289,0.9828,,RECOVER_FORWARD,转向完成，向前离开边缘,front,-0.2157,0.2512,0,danger,0.0,,0.0,400,400,1
13.244,785.0,1205.0,1193.0,918.0,0.8854,1.1012,1.0801,0.8289,0.9828,,RECOVER_FORWARD,转向完成，向前离开边缘,front,-0.2157,0.2512,0,danger,0.0,,0.0,400,400,1
13.264,783.0,1206.0,1194.0,912.0,0.8947,1.1369,1.0825,0.8154,0.9886,,RECOVER_FORWARD,转向完成，向前离开边缘,front,-0.2422,0.2671,0,danger,0.0,,0.0,400,400,1
13.284,783.0,1170.0,1190.0,909.0,0.8947,1.1369,1.0825,0.7953,0.9886,,RECOVER_FORWARD,转向完成，向前离开边缘,front,-0.2422,0.2872,0,danger,0.0,,0.0,400,400,1
13.304,786.0,1109.0,1194.0,920.0,0.8947,1.0675,1.085,0.7953,0.9811,,RECOVER_FORWARD,转向完成，向前离开边缘,front,-0.1727,0.2896,0,danger,0.0,,0.0,400,400,1
13.325,789.0,1089.0,1191.0,929.0,0.904,0.9464,1.0777,0.8221,0.9252,,RECOVER_FORWARD,转向完成，向前离开边缘,front,-0.0424,0.2555,0,danger,0.0,,0.0,400,400,1
13.345,784.0,1112.0,1193.0,934.0,0.904,0.9464,1.0825,0.8523,0.9252,,RECOVER_FORWARD,转向完成，向前离开边缘,front,-0.0424,0.2302,0,danger,0.0,,0.0,400,400,1
13.365,779.0,1105.0,1195.0,932.0,0.8978,0.9385,1.0825,0.8624,0.9182,,RECOVER_FORWARD,转向完成，向前离开边缘,front,-0.0407,0.2201,0,danger,0.0,,0.0,400,400,1
13.385,777.0,1074.0,1193.0,936.0,0.8824,0.9385,1.0825,0.8691,0.9104,,RECOVER_FORWARD,转向完成，向前离开边缘,front,-0.0561,0.2134,0,danger,0.0,,0.0,400,400,1
13.405,775.0,1062.0,1187.0,944.0,0.8762,0.877,1.0825,0.8758,0.8766,,RECOVER_FORWARD,转向完成，向前离开边缘,front,-0.0008,0.2067,0,danger,0.0,,0.0,400,400,1
13.425,778.0,1076.0,1186.0,957.0,0.8762,0.877,1.068,0.9027,0.8898,,RECOVER_FORWARD,转向完成，向前离开边缘,front,-0.0008,0.1653,0,danger,0.0,,0.0,400,400,1
13.445,778.0,1082.0,1192.0,924.0,0.8793,0.881,1.068,0.9027,0.8918,,RECOVER_FORWARD,转向完成，向前离开边缘,front,-0.0017,0.1653,0,danger,0.0,,0.0,400,400,1
13.465,780.0,1107.0,1189.0,898.0,0.8793,0.8929,1.0728,0.8356,0.8861,,RECOVER_FORWARD,转向完成，向前离开边缘,front,-0.0136,0.2372,0,danger,0.0,,0.0,400,400,1
13.485,782.0,1106.0,1198.0,930.0,0.8854,0.9405,1.0801,0.8356,0.913,,RECOVER_FORWARD,转向完成，向前离开边缘,front,-0.055,0.2445,0,danger,0.0,,0.0,400,400,1
13.505,775.0,1106.0,1188.0,926.0,0.8854,0.9405,1.0728,0.8423,0.913,,RECOVER_FORWARD,转向完成，向前离开边缘,front,-0.055,0.2305,0,danger,0.0,,0.0,400,400,1
13.526,780.0,1111.0,1197.0,930.0,0.8854,0.9405,1.0922,0.8557,0.913,,RECOVER_FORWARD,转向完成，向前离开边缘,front,-0.055,0.2365,0,danger,0.0,,0.0,400,400,1
13.546,774.0,1112.0,1184.0,915.0,0.87,0.9504,1.0704,0.8423,0.9102,,RECOVER_FORWARD,转向完成，向前离开边缘,front,-0.0804,0.2281,0,danger,0.0,,0.0,400,400,1
13.566,766.0,1113.0,1173.0,909.0,0.8669,0.9524,1.0607,0.8054,0.9096,,RECOVER_FORWARD,转向完成，向前离开边缘,front,-0.0855,0.2553,0,danger,0.0,,0.0,400,400,1
13.586,766.0,1112.0,1165.0,915.0,0.8421,0.9524,1.034,0.8054,0.8972,,RECOVER_FORWARD,转向完成，向前离开边缘,front,-0.1103,0.2286,0,danger,0.0,,0.0,400,400,1
13.606,759.0,1097.0,1155.0,929.0,0.8421,0.9524,1.0146,0.8054,0.8972,,RECOVER_FORWARD,转向完成，向前离开边缘,front,-0.1103,0.2092,0,danger,0.0,,0.0,400,400,1
13.626,759.0,1097.0,1153.0,933.0,0.8204,0.9226,0.9903,0.8523,0.8875,,RECOVER_FORWARD,转向完成，向前离开边缘,front,-0.1022,0.1379,0,danger,0.0,,0.0,400,400,1
13.646,759.0,1097.0,1153.0,933.0,0.8204,0.9226,0.9854,0.8658,0.8942,,RECOVER_FORWARD,转向完成，向前离开边缘,front,-0.1022,0.1197,0,danger,0.0,,0.0,400,400,1
13.666,759.0,1098.0,1151.0,926.0,0.8204,0.9226,0.9854,0.8658,0.8942,,RECOVER_FORWARD,转向完成，向前离开边缘,front,-0.1022,0.1197,0,danger,0.0,,0.0,400,400,1
13.686,754.0,1094.0,1140.0,915.0,0.8204,0.9226,0.9806,0.8423,0.8825,,RECOVER_FORWARD,转向完成，向前离开边缘,front,-0.1022,0.1383,0,danger,0.0,,0.0,400,400,1
13.706,754.0,1097.0,1141.0,921.0,0.805,0.9226,0.9563,0.8255,0.8741,,RECOVER_FORWARD,转向完成，向前离开边缘,front,-0.1177,0.1308,0,danger,0.0,,0.0,400,400,1
13.727,751.0,1093.0,1139.0,926.0,0.805,0.9167,0.9539,0.8255,0.8711,,RECOVER_FORWARD,转向完成，向前离开边缘,front,-0.1117,0.1284,0,danger,0.0,,0.0,400,400,1
13.747,752.0,1097.0,1137.0,928.0,0.7988,0.9226,0.9515,0.8423,0.8825,,RECOVER_FORWARD,转向完成，向前离开边缘,front,-0.1239,0.1092,0,danger,0.0,,0.0,400,400,1
13.767,753.0,1089.0,1129.0,929.0,0.7988,0.9147,0.9466,0.849,0.8818,,RECOVER_FORWARD,转向完成，向前离开边缘,front,-0.1159,0.0976,0,danger,0.0,,0.0,400,400,1
13.787,753.0,1084.0,1128.0,925.0,0.8019,0.9067,0.9272,0.849,0.8779,,RECOVER_FORWARD,转向完成，向前离开边缘,front,-0.1049,0.0782,0,danger,0.0,,0.0,400,400,1
13.807,752.0,1084.0,1139.0,926.0,0.8019,0.8968,0.9272,0.8423,0.8696,,RECOVER_FORWARD,转向完成，向前离开边缘,front,-0.095,0.0849,0,danger,0.0,,0.0,400,400,1
13.827,749.0,1084.0,1146.0,927.0,0.7988,0.8968,0.9515,0.8423,0.8696,,RECOVER_FORWARD,转向完成，向前离开边缘,front,-0.0981,0.1092,0,danger,0.0,,0.0,400,400,1
13.847,747.0,1082.0,1146.0,922.0,0.7895,0.8968,0.9684,0.8423,0.8696,,RECOVER_FORWARD,转向完成，向前离开边缘,front,-0.1074,0.1262,0,danger,0.0,,0.0,400,400,1
13.867,749.0,1083.0,1148.0,915.0,0.7895,0.8948,0.9684,0.8289,0.8619,,RECOVER_FORWARD,转向完成，向前离开边缘,front,-0.1054,0.1396,0,danger,0.0,,0.0,400,400,1
13.887,755.0,1082.0,1142.0,931.0,0.7895,0.8929,0.9684,0.8289,0.8609,,RECOVER_FORWARD,转向完成，向前离开边缘,front,-0.1034,0.1396,0,danger,0.0,,0.0,400,400,1
13.907,746.0,1079.0,1131.0,916.0,0.7895,0.8929,0.9587,0.8087,0.8508,,RECOVER_FORWARD,转向完成，向前离开边缘,front,-0.1034,0.15,0,danger,0.0,,0.0,400,400,1
13.928,743.0,1082.0,1132.0,913.0,0.7802,0.8929,0.9345,0.8087,0.8508,,RECOVER_FORWARD,转向完成，向前离开边缘,front,-0.1127,0.1257,0,danger,0.0,,0.0,400,400,1
13.948,740.0,1082.0,1123.0,919.0,0.7709,0.8929,0.932,0.8087,0.8508,,RECOVER_FORWARD,转向完成，向前离开边缘,front,-0.122,0.1233,0,danger,0.0,,0.0,400,400,1
13.968,734.0,1088.0,1110.0,931.0,0.7616,0.8929,0.9126,0.8188,0.8558,,RECOVER_FORWARD,转向完成，向前离开边缘,front,-0.1312,0.0938,0,danger,0.0,,0.0,400,400,1
13.988,732.0,1092.0,1107.0,937.0,0.743,0.9048,0.8811,0.8591,0.8701,,RECOVER_FORWARD,转向完成，向前离开边缘,front,-0.1617,0.022,0,danger,0.0,,0.0,400,400,1
14.008,740.0,1092.0,1113.0,927.0,0.743,0.9127,0.8811,0.8591,0.8701,,RECOVER_FORWARD,转向完成，向前离开边缘,front,-0.1697,0.022,0,danger,0.0,,0.0,400,400,1
14.028,741.0,1090.0,1120.0,920.0,0.7616,0.9127,0.8883,0.8456,0.867,,RECOVER_FORWARD,转向完成，向前离开边缘,front,-0.1511,0.0427,0,danger,0.0,,0.0,400,400,1
14.048,740.0,1079.0,1123.0,936.0,0.7616,0.9087,0.9053,0.8456,0.8755,,RECOVER_FORWARD,转向完成，向前离开边缘,front,-0.1471,0.0597,0,danger,0.0,,0.0,400,400,1
14.068,732.0,1079.0,1120.0,962.0,0.7616,0.8869,0.9053,0.8758,0.8814,,RECOVER_FORWARD,转向完成，向前离开边缘,front,-0.1253,0.0295,0,danger,0.0,,0.0,400,400,1
14.088,732.0,1079.0,1120.0,962.0,0.7368,0.8869,0.9053,0.9631,0.8961,,RECOVER_FORWARD,转向完成，向前离开边缘,front,-0.1501,-0.0577,0,danger,0.0,,0.0,400,400,1
14.109,729.0,1088.0,1116.0,930.0,0.7368,0.8869,0.9053,0.9631,0.8961,,RECOVER_FORWARD,转向完成，向前离开边缘,front,-0.1501,-0.0577,0,danger,0.0,,0.0,400,400,1
14.129,728.0,1081.0,1109.0,925.0,0.7276,0.8909,0.8956,0.8557,0.8733,,RECOVER_FORWARD,转向完成，向前离开边缘,front,-0.1633,0.0399,0,danger,0.0,,0.0,400,400,1
14.149,741.0,1086.0,1103.0,913.0,0.7276,0.9008,0.8786,0.8389,0.8588,,RECOVER_FORWARD,转向完成，向前离开边缘,front,-0.1732,0.0397,0,danger,0.0,,0.0,400,400,1
14.169,734.0,1090.0,1107.0,920.0,0.743,0.9008,0.8738,0.8221,0.848,,RECOVER_FORWARD,转向完成，向前离开边缘,front,-0.1578,0.0516,0,danger,0.0,,0.0,400,400,1
14.189,718.0,1085.0,1111.0,924.0,0.743,0.9008,0.8738,0.8221,0.848,,RECOVER_FORWARD,转向完成，向前离开边缘,front,-0.1578,0.0516,0,danger,0.0,,0.0,400,400,1
14.209,725.0,1083.0,1106.0,919.0,0.7152,0.8988,0.8738,0.8221,0.848,,RECOVER_FORWARD,转向完成，向前离开边缘,front,-0.1836,0.0516,0,danger,0.0,,0.0,400,400,1
14.229,729.0,1080.0,1102.0,912.0,0.7152,0.8948,0.8714,0.8188,0.8451,,RECOVER_FORWARD,转向完成，向前离开边缘,front,-0.1797,0.0526,0,danger,0.0,,0.0,400,400,1
14.249,722.0,1078.0,1104.0,928.0,0.7152,0.8889,0.8665,0.8188,0.8426,,RECOVER_FORWARD,转向完成，向前离开边缘,front,-0.1737,0.0477,0,danger,0.0,,0.0,400,400,1
14.269,714.0,1075.0,1092.0,930.0,0.7059,0.8849,0.8617,0.849,0.8553,,RECOVER_FORWARD,转向完成，向前离开边缘,front,-0.179,0.0127,0,danger,0.0,,0.0,400,400,1
14.289,711.0,1077.0,1085.0,932.0,0.6811,0.8829,0.8374,0.8557,0.8465,,RECOVER_FORWARD,转向完成，向前离开边缘,front,-0.2018,-0.0183,0,danger,0.0,,0.0,400,400,1
14.31,709.0,1076.0,1084.0,929.0,0.6718,0.881,0.8204,0.8557,0.838,,RECOVER_FORWARD,转向完成，向前离开边缘,front,-0.2091,-0.0353,0,danger,0.0,,0.0,400,400,1
14.33,710.0,1078.0,1088.0,915.0,0.6687,0.8829,0.8204,0.8523,0.8364,,RECOVER_FORWARD,转向完成，向前离开边缘,front,-0.2142,-0.032,0,danger,0.0,,0.0,400,400,1
14.35,704.0,1076.0,1084.0,914.0,0.6656,0.881,0.818,0.8054,0.8117,,RECOVER_FORWARD,转向完成，向前离开边缘,front,-0.2153,0.0126,0,danger,0.0,,0.0,400,400,1
14.37,701.0,1072.0,1081.0,919.0,0.6502,0.881,0.818,0.8054,0.8117,,RECOVER_FORWARD,转向完成，向前离开边缘,front,-0.2308,0.0126,0,danger,0.0,,0.0,400,400,1
14.39,711.0,1072.0,1081.0,919.0,0.6502,0.873,0.8107,0.8188,0.8147,,RECOVER_FORWARD,转向完成，向前离开边缘,front,-0.2229,-0.0081,0,danger,0.0,,0.0,400,400,1
14.41,718.0,1066.0,1072.0,873.0,0.6718,0.873,0.8107,0.8188,0.8147,,RECOVER_FORWARD,转向完成，向前离开边缘,front,-0.2012,-0.0081,0,danger,0.0,,0.0,400,400,1
14.43,717.0,1069.0,1077.0,857.0,0.6904,0.8671,0.801,0.6644,0.7457,,RECOVER_FORWARD,转向完成，向前离开边缘,front,-0.1767,0.1365,0,danger,0.0,,0.0,400,400,1
14.45,712.0,1068.0,1065.0,896.0,0.6904,0.8651,0.7888,0.6644,0.7396,,RECOVER_FORWARD,转向完成，向前离开边缘,front,-0.1747,0.1244,0,danger,0.0,,0.0,400,400,1
14.47,705.0,1067.0,1057.0,899.0,0.6749,0.8651,0.7718,0.7416,0.7567,,MEDIUM_CRUISE,已达到避边释放线，恢复中速穿越渐变区,,-0.1902,0.0302,0,medium,0.0,,0.0,400,400,1
14.491,708.0,1068.0,1062.0,952.0,0.6625,0.8651,0.7646,0.7517,0.7581,,MEDIUM_CRUISE,按区域分级巡航,,-0.2025,0.0129,0,medium,0.0,,0.0,400,400,1
14.511,708.0,1068.0,1062.0,952.0,0.6625,0.8651,0.7646,0.9295,0.8148,,MEDIUM_CRUISE,按区域分级巡航,,-0.2025,-0.165,0,medium,0.0,,0.0,400,400,1
14.531,709.0,1064.0,1058.0,914.0,0.6625,0.8651,0.7646,0.9295,0.8148,,MEDIUM_CRUISE,按区域分级巡航,,-0.2025,-0.165,0,medium,0.0,,0.0,400,400,1
14.551,721.0,1072.0,1064.0,896.0,0.6656,0.8651,0.7646,0.802,0.7833,,MEDIUM_CRUISE,按区域分级巡航,,-0.1994,-0.0375,0,medium,0.0,,0.0,400,400,1
14.571,728.0,1078.0,1074.0,899.0,0.7028,0.873,0.7694,0.7517,0.7605,,MEDIUM_CRUISE,按区域分级巡航,,-0.1702,0.0177,0,medium,0.0,,0.0,400,400,1
14.591,739.0,1082.0,1077.0,903.0,0.7245,0.8849,0.7937,0.7517,0.7727,,MEDIUM_CRUISE,按区域分级巡航,,-0.1605,0.042,0,medium,0.0,,0.0,400,400,1
14.611,742.0,1087.0,1074.0,919.0,0.7585,0.8929,0.7937,0.7651,0.7794,,MEDIUM_CRUISE,按区域分级巡航,,-0.1343,0.0286,0,medium,0.0,,0.0,400,400,1
14.631,732.0,1090.0,1060.0,939.0,0.7585,0.9028,0.7937,0.8188,0.8062,,MEDIUM_CRUISE,按区域分级巡航,,-0.1443,-0.0251,0,medium,0.0,,0.0,400,400,1
14.651,718.0,1089.0,1047.0,967.0,0.7368,0.9067,0.7597,0.8859,0.8228,,MEDIUM_CRUISE,按区域分级巡航,,-0.1699,-0.1262,0,medium,0.0,,0.0,400,400,1
14.672,704.0,1088.0,1052.0,981.0,0.6935,0.9067,0.7403,0.9799,0.8235,,MEDIUM_CRUISE,按区域分级巡航,,-0.2132,-0.2396,0,medium,0.0,,0.0,400,400,1
14.692,701.0,1091.0,1052.0,975.0,0.6502,0.9067,0.7403,1.0067,0.8235,,MEDIUM_CRUISE,按区域分级巡航,,-0.2566,-0.2664,0,medium,0.0,,0.0,400,400,1
14.712,714.0,1085.0,1040.0,965.0,0.6502,0.9048,0.7403,1.0067,0.8225,,MEDIUM_CRUISE,按区域分级巡航,,-0.2546,-0.2664,0,medium,0.0,,0.0,400,400,1
14.732,724.0,1076.0,1037.0,967.0,0.6811,0.8988,0.7112,0.9799,0.805,,MEDIUM_CRUISE,按区域分级巡航,,-0.2177,-0.2687,0,medium,0.0,,0.0,400,400,1
14.752,724.0,1077.0,1046.0,974.0,0.7121,0.8829,0.7112,0.9799,0.7975,,MEDIUM_CRUISE,按区域分级巡航,,-0.1709,-0.2687,0,medium,0.0,,0.0,400,400,1
14.772,722.0,1076.0,1056.0,969.0,0.7121,0.881,0.7257,0.9866,0.8033,,MEDIUM_CRUISE,按区域分级巡航,,-0.1689,-0.2608,0,medium,0.0,,0.0,400,400,1
14.792,718.0,1083.0,1067.0,964.0,0.7059,0.8829,0.75,0.9866,0.8165,,MEDIUM_CRUISE,按区域分级巡航,,-0.1771,-0.2366,0,medium,0.0,,0.0,400,400,1
14.812,715.0,1083.0,1068.0,954.0,0.6935,0.8948,0.7767,0.9698,0.8358,,MEDIUM_CRUISE,按区域分级巡航,,-0.2013,-0.1931,0,medium,0.0,,0.0,400,400,1
14.832,712.0,1074.0,1070.0,948.0,0.6842,0.8948,0.7791,0.9362,0.837,,MEDIUM_CRUISE,按区域分级巡航,,-0.2106,-0.1571,0,medium,0.0,,0.0,400,400,1
14.852,709.0,1063.0,1054.0,949.0,0.6749,0.877,0.7791,0.9195,0.8281,,MEDIUM_CRUISE,按区域分级巡航,,-0.2021,-0.1403,0,medium,0.0,,0.0,400,400,1
14.873,706.0,1062.0,1033.0,965.0,0.6656,0.8552,0.7451,0.9195,0.8002,,MEDIUM_CRUISE,按区域分级巡航,,-0.1895,-0.1743,0,medium,0.0,,0.0,400,400,1
14.893,698.0,1060.0,1032.0,954.0,0.6563,0.8532,0.6942,0.9362,0.7737,,MEDIUM_CRUISE,按区域分级巡航,,-0.1968,-0.2421,0,medium,0.0,,0.0,400,400,1
14.913,696.0,1052.0,1039.0,931.0,0.6316,0.8492,0.6942,0.9362,0.7717,,MEDIUM_CRUISE,按区域分级巡航,,-0.2176,-0.2421,0,medium,0.0,,0.0,400,400,1
14.933,696.0,1052.0,1039.0,931.0,0.6254,0.8333,0.7087,0.8591,0.771,,MEDIUM_CRUISE,按区域分级巡航,,-0.2079,-0.1503,0,medium,0.0,,0.0,400,400,1
14.954,693.0,1050.0,1046.0,922.0,0.6254,0.8333,0.7087,0.8591,0.771,,MEDIUM_CRUISE,按区域分级巡航,,-0.2079,-0.1503,0,medium,0.0,,0.0,400,400,1
14.974,696.0,1052.0,1060.0,931.0,0.6254,0.8333,0.7257,0.8591,0.7795,,MEDIUM_CRUISE,按区域分级巡航,,-0.2079,-0.1333,0,medium,0.0,,0.0,400,400,1
14.994,690.0,1043.0,1056.0,922.0,0.6161,0.8294,0.75,0.8289,0.7894,,MEDIUM_CRUISE,按区域分级巡航,,-0.2133,-0.0789,0,medium,0.0,,0.0,400,400,1
15.014,676.0,1029.0,1051.0,903.0,0.6068,0.8155,0.75,0.8289,0.7827,,MEDIUM_CRUISE,按区域分级巡航,,-0.2087,-0.0789,0,medium,0.0,,0.0,400,400,1
15.034,673.0,1035.0,1045.0,894.0,0.5635,0.7996,0.7379,0.7651,0.7515,,MEDIUM_CRUISE,按区域分级巡航,,-0.2361,-0.0272,0,medium,0.0,,0.0,400,400,1
15.054,677.0,1031.0,1036.0,887.0,0.5635,0.7917,0.7233,0.7349,0.7291,,MEDIUM_CRUISE,按区域分级巡航,,-0.2282,-0.0116,0,medium,0.0,,0.0,400,400,1
15.074,660.0,1007.0,1018.0,887.0,0.5542,0.7917,0.7015,0.7114,0.7064,,MEDIUM_CRUISE,按区域分级巡航,,-0.2375,-0.01,0,medium,0.0,,0.0,400,400,1
15.094,649.0,968.0,1007.0,885.0,0.5139,0.744,0.6578,0.7114,0.6846,,MEDIUM_CRUISE,按区域分级巡航,,-0.2301,-0.0536,0,medium,0.0,,0.0,400,400,1
15.114,649.0,984.0,1010.0,881.0,0.4799,0.6984,0.6383,0.7047,0.6684,,MEDIUM_CRUISE,按区域分级巡航,,-0.2185,-0.0663,0,medium,0.0,,0.0,400,400,1
15.134,637.0,1006.0,1006.0,889.0,0.4799,0.6984,0.6311,0.7047,0.6647,,MEDIUM_CRUISE,按区域分级巡航,,-0.2185,-0.0736,0,medium,0.0,,0.0,400,400,1
15.155,625.0,1012.0,1001.0,881.0,0.4427,0.7421,0.6286,0.6913,0.66,,MEDIUM_CRUISE,按区域分级巡航,,-0.2993,-0.0626,0,medium,0.0,,0.0,400,400,1
15.175,615.0,999.0,1000.0,869.0,0.4056,0.7421,0.6165,0.6913,0.6539,,MEDIUM_CRUISE,按区域分级巡航,,-0.3365,-0.0748,0,medium,0.0,,0.0,400,400,1
15.195,614.0,988.0,989.0,866.0,0.3746,0.7282,0.6141,0.651,0.6325,,MEDIUM_CRUISE,按区域分级巡航,,-0.3536,-0.0369,0,medium,0.0,,0.0,400,400,1
15.215,617.0,994.0,978.0,854.0,0.3746,0.7183,0.5874,0.6409,0.6142,,MEDIUM_CRUISE,按区域分级巡航,,-0.3436,-0.0536,0,medium,0.0,,0.0,400,400,1
15.235,616.0,968.0,972.0,842.0,0.3777,0.7063,0.5607,0.6007,0.5807,,EDGE_AVOID,前向灰度趋势变暗，提前离边,front,-0.3286,-0.04,0,slow,0.0,,0.0,-400,-400,1
15.255,621.0,964.0,968.0,837.0,0.3808,0.6667,0.5461,0.5604,0.5533,,EDGE_AVOID,前向灰度趋势变暗，提前离边,front,-0.2859,-0.0143,0,slow,0.0,,0.0,-400,-400,1
15.275,617.0,976.0,974.0,834.0,0.3808,0.6667,0.5461,0.5436,0.5449,,EDGE_AVOID,前向灰度趋势变暗，提前离边,front,-0.2859,0.0025,0,slow,0.0,,0.0,-400,-400,1
15.295,616.0,983.0,980.0,824.0,0.3808,0.6825,0.551,0.5336,0.5423,,EDGE_AVOID,前向灰度趋势变暗，提前离边,front,-0.3017,0.0174,0,slow,0.0,,0.0,-400,-400,1
15.316,611.0,976.0,979.0,821.0,0.3777,0.6825,0.5631,0.5,0.5316,,EDGE_AVOID,前向灰度趋势变暗，提前离边,front,-0.3048,0.0631,0,slow,0.0,,0.0,-400,-400,1
15.336,611.0,976.0,979.0,821.0,0.3622,0.6825,0.5631,0.4899,0.5265,,EDGE_AVOID,前向灰度趋势变暗，提前离边,front,-0.3203,0.0732,0,slow,0.0,,0.0,-400,-400,1
15.356,611.0,986.0,978.0,825.0,0.3622,0.6825,0.5631,0.4899,0.5265,,EDGE_AVOID,前向灰度趋势变暗，提前离边,front,-0.3203,0.0732,0,slow,0.0,,0.0,-400,-400,1
15.376,609.0,981.0,977.0,830.0,0.3622,0.6925,0.5607,0.5034,0.532,,EDGE_AVOID,前向灰度趋势变暗，提前离边,front,-0.3302,0.0573,0,slow,0.0,,0.0,-400,-400,1
15.396,610.0,984.0,981.0,840.0,0.3591,0.6984,0.5607,0.5201,0.5404,,EDGE_AVOID,前向灰度趋势变暗，提前离边,front,-0.3393,0.0405,0,slow,0.0,,0.0,-400,-400,1
15.416,609.0,985.0,977.0,836.0,0.356,0.6984,0.5583,0.5403,0.5493,,EDGE_AVOID,前向灰度趋势变暗，提前离边,front,-0.3424,0.018,0,slow,0.0,,0.0,-400,-400,1
15.436,609.0,989.0,977.0,835.0,0.356,0.7004,0.5583,0.5403,0.5493,,EDGE_AVOID,前向灰度趋势变暗，提前离边,front,-0.3444,0.018,0,slow,0.0,,0.0,-400,-400,1
15.456,608.0,990.0,974.0,830.0,0.356,0.7083,0.5583,0.5369,0.5476,,EDGE_AVOID,前向灰度趋势变暗，提前离边,front,-0.3523,0.0213,0,slow,0.0,,0.0,-400,-400,1
15.476,608.0,989.0,972.0,828.0,0.3529,0.7083,0.551,0.5201,0.5356,,EDGE_AVOID,前向灰度趋势变暗，提前离边,front,-0.3554,0.0308,0,slow,0.0,,0.0,-400,-400,1
15.497,604.0,978.0,967.0,821.0,0.3529,0.7083,0.5461,0.5134,0.5298,,EDGE_AVOID,前向灰度趋势变暗，提前离边,front,-0.3554,0.0327,0,slow,0.0,,0.0,-400,-400,1
15.517,606.0,979.0,970.0,822.0,0.3467,0.6885,0.5413,0.4933,0.5173,,EDGE_AVOID,前向灰度趋势变暗，提前离边,front,-0.3417,0.048,0,slow,0.0,,0.0,-400,-400,1
15.537,606.0,979.0,972.0,825.0,0.3467,0.6885,0.5413,0.4933,0.5173,,EDGE_AVOID,前向灰度趋势变暗，提前离边,front,-0.3417,0.048,0,slow,0.0,,0.0,-400,-400,1
15.557,606.0,977.0,973.0,823.0,0.3467,0.6885,0.5461,0.4966,0.5214,,EDGE_AVOID,前向灰度趋势变暗，提前离边,front,-0.3417,0.0495,0,slow,0.0,,0.0,-400,-400,1
15.577,609.0,980.0,978.0,826.0,0.3467,0.6885,0.5485,0.5034,0.5259,,EDGE_AVOID,前向灰度趋势变暗，提前离边,front,-0.3417,0.0452,0,slow,0.0,,0.0,-400,-400,1
15.597,609.0,981.0,978.0,826.0,0.356,0.6905,0.5607,0.5067,0.5337,,EDGE_AVOID,前向灰度趋势变暗，提前离边,front,-0.3344,0.054,0,slow,0.0,,0.0,-400,-400,1
15.617,610.0,979.0,980.0,824.0,0.356,0.6905,0.5607,0.5067,0.5337,,EDGE_AVOID,前向灰度趋势变暗，提前离边,front,-0.3344,0.054,0,slow,0.0,,0.0,-400,-400,1
15.637,611.0,976.0,983.0,815.0,0.3591,0.6885,0.5655,0.5,0.5328,,EDGE_AVOID,前向灰度趋势变暗，提前离边,front,-0.3294,0.0655,0,slow,0.0,,0.0,-400,-400,1
15.657,615.0,978.0,988.0,809.0,0.3622,0.6865,0.5728,0.4698,0.5213,,EDGE_AVOID,前向灰度趋势变暗，提前离边,front,-0.3243,0.103,0,slow,0.0,,0.0,-400,-400,1
15.678,613.0,973.0,983.0,820.0,0.3684,0.6825,0.5728,0.4698,0.5213,,EDGE_AVOID,前向灰度趋势变暗，提前离边,front,-0.3141,0.103,0,slow,0.0,,0.0,-400,-400,1
15.698,616.0,970.0,974.0,829.0,0.3746,0.6766,0.5728,0.4866,0.5297,,EDGE_AVOID,前向灰度趋势变暗，提前离边,front,-0.302,0.0862,0,slow,0.0,,0.0,-400,-400,1
15.718,618.0,957.0,966.0,834.0,0.3777,0.6706,0.551,0.5168,0.5339,,EDGE_AVOID,前向灰度趋势变暗，提前离边,front,-0.2929,0.0342,0,slow,0.0,,0.0,-400,-400,1
15.738,615.0,973.0,973.0,841.0,0.3777,0.6706,0.5485,0.5336,0.5411,,EDGE_AVOID,前向灰度趋势变暗，提前离边,front,-0.2929,0.015,0,slow,0.0,,0.0,-400,-400,1
15.758,612.0,992.0,971.0,850.0,0.3746,0.6766,0.5437,0.557,0.5504,,EDGE_AVOID,前向灰度趋势变暗，提前离边,front,-0.302,-0.0134,0,slow,0.0,,0.0,-400,-400,1
15.778,612.0,992.0,971.0,850.0,0.3653,0.7143,0.5437,0.5872,0.5655,,EDGE_AVOID,前向灰度趋势变暗，提前离边,front,-0.349,-0.0436,0,slow,0.0,,0.0,-400,-400,1
15.798,606.0,985.0,978.0,858.0,0.3653,0.7143,0.5437,0.5872,0.5655,,EDGE_AVOID,前向灰度趋势变暗，提前离边,front,-0.349,-0.0436,0,slow,0.0,,0.0,-400,-400,1
15.818,608.0,997.0,991.0,868.0,0.3529,0.7143,0.5607,0.6141,0.5874,,EDGE_AVOID,前向灰度趋势变暗，提前离边,front,-0.3613,-0.0534,0,slow,0.0,,0.0,-400,-400,1
15.838,618.0,1004.0,996.0,886.0,0.3529,0.7242,0.5922,0.6477,0.6199,,EDGE_TURN,直线退离完成，开始转向,front,-0.3713,-0.0554,0,danger_turn,135.0,right,0.8,550,-550,1
15.859,632.0,987.0,1004.0,876.0,0.3839,0.7242,0.6044,0.6745,0.6394,,EDGE_TURN,直线退离完成，开始转向,front,-0.3403,-0.0701,0,danger_turn,135.0,right,0.8,550,-550,1
15.879,637.0,969.0,1001.0,885.0,0.4272,0.7044,0.6165,0.7047,0.6604,,EDGE_TURN,直线退离完成，开始转向,front,-0.2771,-0.0882,0,danger_turn,135.0,right,0.8,550,-550,1
15.899,649.0,1015.0,1010.0,882.0,0.4427,0.7044,0.6238,0.6946,0.6592,,EDGE_TURN,直线退离完成，开始转向,front,-0.2616,-0.0708,0,danger_turn,135.0,right,0.8,550,-550,1
15.919,664.0,1039.0,1030.0,890.0,0.4799,0.7599,0.6383,0.7047,0.6715,,EDGE_TURN,直线退离完成，开始转向,front,-0.28,-0.0663,0,danger_turn,135.0,right,0.8,550,-550,1
15.939,663.0,1035.0,1034.0,899.0,0.5232,0.7996,0.6869,0.7215,0.7042,,EDGE_TURN,直线退离完成，开始转向,front,-0.2764,-0.0346,0,danger_turn,135.0,right,0.8,550,-550,1
15.959,676.0,1049.0,1050.0,925.0,0.5263,0.8075,0.6966,0.7517,0.7241,,EDGE_TURN,直线退离完成，开始转向,front,-0.2812,-0.0551,0,danger_turn,135.0,right,0.8,550,-550,1
15.979,686.0,1041.0,1051.0,925.0,0.5635,0.8115,0.7354,0.8389,0.7735,,EDGE_TURN,直线退离完成，开始转向,front,-0.248,-0.1035,0,danger_turn,135.0,right,0.8,550,-550,1
15.999,689.0,1029.0,1056.0,922.0,0.5944,0.8115,0.7379,0.8389,0.7747,,EDGE_TURN,直线退离完成，开始转向,front,-0.2171,-0.1011,0,danger_turn,135.0,right,0.8,550,-550,1
16.019,694.0,1034.0,1053.0,948.0,0.6037,0.7976,0.7427,0.8389,0.7702,,EDGE_TURN,直线退离完成，开始转向,front,-0.1939,-0.0962,0,danger_turn,135.0,right,0.8,550,-550,1
16.04,687.0,1057.0,1053.0,941.0,0.6037,0.7976,0.7427,0.8926,0.7702,,EDGE_TURN,直线退离完成，开始转向,front,-0.1939,-0.1499,0,danger_turn,135.0,right,0.8,550,-550,1
16.06,692.0,1054.0,1067.0,944.0,0.613,0.8373,0.7427,0.9027,0.79,,EDGE_TURN,直线退离完成，开始转向,front,-0.2243,-0.16,0,danger_turn,135.0,right,0.8,550,-550,1
16.08,706.0,1060.0,1060.0,948.0,0.613,0.8433,0.7597,0.9027,0.8015,,EDGE_TURN,直线退离完成，开始转向,front,-0.2303,-0.143,0,danger_turn,135.0,right,0.8,550,-550,1
16.1,703.0,1074.0,1048.0,955.0,0.6471,0.8492,0.7597,0.9161,0.8045,,EDGE_TURN,直线退离完成，开始转向,front,-0.2021,-0.1564,0,danger_turn,135.0,right,0.8,550,-550,1
16.12,702.0,1081.0,1046.0,955.0,0.6471,0.877,0.7306,0.9396,0.8038,,EDGE_TURN,直线退离完成，开始转向,front,-0.2299,-0.209,0,danger_turn,135.0,right,0.8,550,-550,1
16.14,706.0,1078.0,1052.0,958.0,0.6471,0.8849,0.7306,0.9396,0.8078,,EDGE_TURN,直线退离完成，开始转向,front,-0.2379,-0.209,0,danger_turn,135.0,right,0.8,550,-550,1
16.16,703.0,1069.0,1047.0,962.0,0.6471,0.8849,0.7282,0.9497,0.8065,,EDGE_TURN,直线退离完成，开始转向,front,-0.2379,-0.2215,0,danger_turn,135.0,right,0.8,550,-550,1
16.181,703.0,1069.0,1047.0,962.0,0.6471,0.8671,0.7282,0.9631,0.7976,,EDGE_TURN,直线退离完成，开始转向,front,-0.22,-0.2349,0,danger_turn,135.0,right,0.8,550,-550,1
16.201,700.0,1059.0,1045.0,971.0,0.6471,0.8671,0.7282,0.9631,0.7976,,EDGE_TURN,直线退离完成，开始转向,front,-0.22,-0.2349,0,danger_turn,135.0,right,0.8,550,-550,1
16.221,697.0,1058.0,1048.0,965.0,0.6378,0.8472,0.7282,0.9732,0.7877,,EDGE_TURN,直线退离完成，开始转向,front,-0.2095,-0.245,0,danger_turn,135.0,right,0.8,550,-550,1
16.241,694.0,1058.0,1050.0,962.0,0.6285,0.8452,0.7306,0.9732,0.7879,,EDGE_TURN,直线退离完成，开始转向,front,-0.2168,-0.2426,0,danger_turn,135.0,right,0.8,550,-550,1
16.261,692.0,1056.0,1049.0,960.0,0.6192,0.8452,0.733,0.9631,0.7891,,EDGE_TURN,直线退离完成，开始转向,front,-0.226,-0.2301,0,danger_turn,135.0,right,0.8,550,-550,1
16.281,692.0,1056.0,1049.0,958.0,0.613,0.8413,0.733,0.9564,0.7871,,EDGE_TURN,直线退离完成，开始转向,front,-0.2283,-0.2234,0,danger_turn,135.0,right,0.8,550,-550,1
16.301,690.0,1056.0,1048.0,956.0,0.613,0.8413,0.733,0.9497,0.7871,,EDGE_TURN,直线退离完成，开始转向,front,-0.2283,-0.2167,0,danger_turn,135.0,right,0.8,550,-550,1
16.321,687.0,1056.0,1040.0,951.0,0.6068,0.8413,0.7306,0.943,0.7859,,EDGE_TURN,直线退离完成，开始转向,front,-0.2345,-0.2124,0,danger_turn,135.0,right,0.8,550,-550,1
16.341,688.0,1058.0,1040.0,949.0,0.6006,0.8413,0.7112,0.9262,0.7762,,EDGE_TURN,直线退离完成，开始转向,front,-0.2407,-0.215,0,danger_turn,135.0,right,0.8,550,-550,1
16.362,687.0,1058.0,1036.0,945.0,0.5975,0.8452,0.7112,0.9195,0.7782,,EDGE_TURN,直线退离完成，开始转向,front,-0.2477,-0.2083,0,danger_turn,135.0,right,0.8,550,-550,1
16.382,681.0,1065.0,1031.0,940.0,0.5975,0.8452,0.7015,0.906,0.7733,,EDGE_TURN,直线退离完成，开始转向,front,-0.2477,-0.2046,0,danger_turn,135.0,right,0.8,550,-550,1
16.402,689.0,1071.0,1025.0,940.0,0.5975,0.8591,0.6893,0.8893,0.7742,,EDGE_TURN,直线退离完成，开始转向,front,-0.2616,-0.1999,0,danger_turn,135.0,right,0.8,550,-550,1
16.422,687.0,1069.0,1024.0,941.0,0.5975,0.8671,0.6748,0.8893,0.7709,,EDGE_TURN,直线退离完成，开始转向,front,-0.2695,-0.2145,0,danger_turn,135.0,right,0.8,550,-550,1
16.442,692.0,1067.0,1019.0,942.0,0.6037,0.8671,0.6723,0.8926,0.7697,,EDGE_TURN,直线退离完成，开始转向,front,-0.2633,-0.2203,0,danger_turn,135.0,right,0.8,550,-550,1
16.462,692.0,1060.0,1016.0,942.0,0.613,0.8631,0.6602,0.896,0.7616,,EDGE_TURN,直线退离完成，开始转向,front,-0.2501,-0.2358,0,danger_turn,135.0,right,0.8,550,-550,1
16.482,696.0,1049.0,1029.0,948.0,0.613,0.8492,0.6602,0.896,0.7547,,EDGE_TURN,直线退离完成，开始转向,front,-0.2362,-0.2358,0,danger_turn,135.0,right,0.8,550,-550,1
16.502,702.0,1055.0,1025.0,952.0,0.6254,0.8393,0.6748,0.9161,0.757,,EDGE_TURN,直线退离完成，开始转向,front,-0.2139,-0.2414,0,danger_turn,135.0,right,0.8,550,-550,1
16.522,701.0,1057.0,1021.0,957.0,0.6409,0.8393,0.6748,0.9295,0.757,,EDGE_TURN,直线退离完成，开始转向,front,-0.1984,-0.2548,0,danger_turn,135.0,right,0.8,550,-550,1
16.543,676.0,1048.0,1024.0,959.0,0.6409,0.8393,0.6723,0.9463,0.7558,,EDGE_TURN,直线退离完成，开始转向,front,-0.1984,-0.274,0,danger_turn,135.0,right,0.8,550,-550,1
16.563,684.0,1040.0,1019.0,963.0,0.5882,0.8254,0.665,0.953,0.7452,,EDGE_TURN,直线退离完成，开始转向,front,-0.2372,-0.288,0,danger_turn,135.0,right,0.8,550,-550,1
16.583,711.0,1054.0,1012.0,971.0,0.5882,0.8254,0.6602,0.9664,0.7428,,EDGE_TURN,直线退离完成，开始转向,front,-0.2372,-0.3062,0,danger_turn,135.0,right,0.8,550,-550,1
16.603,701.0,1061.0,1004.0,969.0,0.6409,0.8373,0.6432,0.9866,0.7403,,EDGE_TURN,直线退离完成，开始转向,front,-0.1964,-0.3434,0,danger_turn,135.0,right,0.8,550,-550,1
16.623,688.0,1058.0,1017.0,973.0,0.6409,0.8452,0.6432,0.9933,0.7442,,EDGE_TURN,直线退离完成，开始转向,front,-0.2044,-0.3501,0,danger_turn,135.0,right,0.8,550,-550,1
16.645,707.0,1062.0,1015.0,974.0,0.6409,0.8512,0.6505,1.0,0.7508,,RECOVER_FORWARD,转向完成，向前离开边缘,front,-0.2103,-0.3495,0,danger,0.0,,0.0,400,400,1
16.665,704.0,1062.0,1005.0,972.0,0.6502,0.8532,0.6505,1.0,0.7518,,RECOVER_FORWARD,转向完成，向前离开边缘,front,-0.203,-0.3495,0,danger,0.0,,0.0,400,400,1
16.685,696.0,1065.0,988.0,970.0,0.6502,0.8532,0.6262,0.9966,0.7517,,RECOVER_FORWARD,转向完成，向前离开边缘,front,-0.203,-0.3704,0,danger,0.0,,0.0,400,400,1
16.705,697.0,1063.0,1008.0,962.0,0.6285,0.8552,0.6262,0.9899,0.7418,,RECOVER_FORWARD,转向完成，向前离开边缘,front,-0.2267,-0.3637,0,danger,0.0,,0.0,400,400,1
16.725,696.0,1070.0,1009.0,969.0,0.6254,0.8591,0.6335,0.9866,0.7463,,RECOVER_FORWARD,转向完成，向前离开边缘,front,-0.2337,-0.3531,0,danger,0.0,,0.0,400,400,1
16.745,696.0,1070.0,1009.0,969.0,0.6254,0.869,0.6359,0.9866,0.7525,,RECOVER_FORWARD,转向完成，向前离开边缘,front,-0.2437,-0.3507,0,danger,0.0,,0.0,400,400,1
16.766,691.0,1062.0,1006.0,972.0,0.6254,0.869,0.6359,0.9866,0.7525,,RECOVER_FORWARD,转向完成，向前离开边缘,front,-0.2437,-0.3507,0,danger,0.0,,0.0,400,400,1
16.786,682.0,1062.0,1008.0,977.0,0.6099,0.8532,0.6335,0.9966,0.7433,,RECOVER_FORWARD,转向完成，向前离开边缘,front,-0.2433,-0.3631,0,danger,0.0,,0.0,400,400,1
16.806,678.0,1040.0,1000.0,972.0,0.582,0.8532,0.6286,0.9966,0.7409,,RECOVER_FORWARD,转向完成，向前离开边缘,front,-0.2711,-0.368,0,danger,0.0,,0.0,400,400,1
16.826,684.0,1021.0,1000.0,969.0,0.582,0.8095,0.6141,0.9966,0.7118,,RECOVER_FORWARD,转向完成，向前离开边缘,front,-0.2275,-0.3826,0,danger,0.0,,0.0,400,400,1
16.846,683.0,1018.0,1003.0,965.0,0.5851,0.7718,0.6141,0.9866,0.693,,RECOVER_FORWARD,转向完成，向前离开边缘,front,-0.1867,-0.3725,0,danger,0.0,,0.0,400,400,1
16.866,686.0,1029.0,1009.0,970.0,0.5882,0.7718,0.6214,0.9866,0.6966,,RECOVER_FORWARD,转向完成，向前离开边缘,front,-0.1836,-0.3652,0,danger,0.0,,0.0,400,400,1
16.886,688.0,1024.0,1008.0,967.0,0.5944,0.7778,0.6335,0.9799,0.7056,,RECOVER_FORWARD,转向完成，向前离开边缘,front,-0.1834,-0.3464,0,danger,0.0,,0.0,400,400,1
16.906,687.0,1009.0,1000.0,963.0,0.5975,0.7778,0.6335,0.9799,0.7056,,RECOVER_FORWARD,转向完成，向前离开边缘,front,-0.1803,-0.3464,0,danger,0.0,,0.0,400,400,1
16.926,689.0,1000.0,1001.0,963.0,0.6006,0.748,0.6165,0.9664,0.6823,,RECOVER_FORWARD,转向完成，向前离开边缘,front,-0.1474,-0.3499,0,danger,0.0,,0.0,400,400,1
16.946,689.0,990.0,1002.0,960.0,0.6037,0.7302,0.6165,0.9664,0.6733,,RECOVER_FORWARD,转向完成，向前离开边缘,front,-0.1264,-0.3499,0,danger,0.0,,0.0,400,400,1
16.966,684.0,979.0,996.0,954.0,0.6037,0.7103,0.6165,0.9564,0.6634,,RECOVER_FORWARD,转向完成，向前离开边缘,front,-0.1066,-0.3399,0,danger,0.0,,0.0,400,400,1
16.987,686.0,976.0,997.0,957.0,0.5944,0.6885,0.6068,0.9463,0.6476,,RECOVER_FORWARD,转向完成，向前离开边缘,front,-0.0941,-0.3395,0,danger,0.0,,0.0,400,400,1
17.007,685.0,972.0,993.0,954.0,0.5913,0.6825,0.6044,0.9362,0.6435,,RECOVER_FORWARD,转向完成，向前离开边缘,front,-0.0912,-0.3319,0,danger,0.0,,0.0,400,400,1
17.027,687.0,974.0,994.0,957.0,0.5944,0.6786,0.5995,0.9463,0.639,,RECOVER_FORWARD,转向完成，向前离开边缘,front,-0.0841,-0.3468,0,danger,0.0,,0.0,400,400,1
17.047,688.0,974.0,994.0,957.0,0.5975,0.6786,0.5995,0.9463,0.639,,RECOVER_FORWARD,转向完成，向前离开边缘,front,-0.081,-0.3468,0,danger,0.0,,0.0,400,400,1
17.067,689.0,976.0,995.0,959.0,0.6006,0.6786,0.5995,0.9463,0.6396,,RECOVER_FORWARD,转向完成，向前离开边缘,front,-0.078,-0.3468,0,danger,0.0,,0.0,400,400,1
17.087,689.0,977.0,996.0,963.0,0.6037,0.6825,0.6019,0.953,0.6431,,RECOVER_FORWARD,转向完成，向前离开边缘,front,-0.0788,-0.3511,0,danger,0.0,,0.0,400,400,1
17.107,686.0,976.0,994.0,960.0,0.6037,0.6825,0.6019,0.9564,0.6431,,RECOVER_FORWARD,转向完成，向前离开边缘,front,-0.0788,-0.3544,0,danger,0.0,,0.0,400,400,1
17.127,688.0,980.0,996.0,965.0,0.6006,0.6845,0.6044,0.9664,0.6444,,RECOVER_FORWARD,转向完成，向前离开边缘,front,-0.0839,-0.3621,0,danger,0.0,,0.0,400,400,1
17.147,687.0,981.0,994.0,964.0,0.5975,0.6905,0.5995,0.9698,0.645,,RECOVER_FORWARD,转向完成，向前离开边缘,front,-0.093,-0.3703,0,danger,0.0,,0.0,400,400,1
17.167,688.0,981.0,996.0,966.0,0.6006,0.6925,0.6044,0.9732,0.6484,,RECOVER_FORWARD,转向完成，向前离开边缘,front,-0.0918,-0.3688,0,danger,0.0,,0.0,400,400,1
17.187,688.0,983.0,996.0,966.0,0.6006,0.6925,0.6044,0.9765,0.6484,,RECOVER_FORWARD,转向完成，向前离开边缘,front,-0.0918,-0.3721,0,danger,0.0,,0.0,400,400,1
17.207,689.0,985.0,996.0,966.0,0.6006,0.6964,0.6044,0.9765,0.6504,,RECOVER_FORWARD,转向完成，向前离开边缘,front,-0.0958,-0.3721,0,danger,0.0,,0.0,400,400,1
17.228,688.0,983.0,994.0,966.0,0.6006,0.6964,0.6044,0.9765,0.6504,,RECOVER_FORWARD,转向完成，向前离开边缘,front,-0.0958,-0.3721,0,danger,0.0,,0.0,400,400,1
17.248,689.0,983.0,992.0,966.0,0.6037,0.6964,0.5995,0.9765,0.6501,,RECOVER_FORWARD,转向完成，向前离开边缘,front,-0.0927,-0.377,0,danger,0.0,,0.0,400,400,1
17.268,688.0,982.0,992.0,967.0,0.6006,0.6964,0.5947,0.9765,0.6485,,RECOVER_FORWARD,转向完成，向前离开边缘,front,-0.0958,-0.3818,0,danger,0.0,,0.0,400,400,1
17.288,691.0,988.0,995.0,970.0,0.6037,0.6964,0.5947,0.9799,0.6501,,RECOVER_FORWARD,转向完成，向前离开边缘,front,-0.0927,-0.3852,0,danger,0.0,,0.0,400,400,1
17.308,689.0,990.0,999.0,974.0,0.6037,0.7063,0.6019,0.9899,0.655,,RECOVER_FORWARD,转向完成，向前离开边缘,front,-0.1026,-0.388,0,danger,0.0,,0.0,400,400,1
17.328,688.0,996.0,1003.0,979.0,0.6037,0.7103,0.6117,1.0034,0.661,,RECOVER_FORWARD,转向完成，向前离开边缘,front,-0.1066,-0.3917,0,danger,0.0,,0.0,400,400,1
17.348,691.0,1018.0,1013.0,979.0,0.6037,0.7222,0.6214,1.0201,0.6718,,RECOVER_FORWARD,转向完成，向前离开边缘,front,-0.1185,-0.3988,0,danger,0.0,,0.0,400,400,1
17.368,696.0,1034.0,1016.0,982.0,0.6099,0.7659,0.6456,1.0201,0.7058,,RECOVER_FORWARD,转向完成，向前离开边缘,front,-0.156,-0.3745,0,danger,0.0,,0.0,400,400,1
17.388,704.0,1043.0,1015.0,1000.0,0.6254,0.7976,0.6505,1.0302,0.7241,,RECOVER_FORWARD,转向完成，向前离开边缘,front,-0.1722,-0.3797,0,danger,0.0,,0.0,400,400,1
17.408,705.0,1025.0,1018.0,998.0,0.6502,0.7976,0.6529,1.0839,0.7253,,RECOVER_FORWARD,转向完成，向前离开边缘,front,-0.1475,-0.431,0,danger,0.0,,0.0,400,400,1
17.428,703.0,1040.0,1018.0,1004.0,0.6502,0.8095,0.6578,1.0906,0.7336,,RECOVER_FORWARD,转向完成，向前离开边缘,front,-0.1594,-0.4328,0,danger,0.0,,0.0,400,400,1
17.448,703.0,1040.0,1018.0,1004.0,0.6471,0.8095,0.6578,1.104,0.7336,,RECOVER_FORWARD,转向完成，向前离开边缘,front,-0.1625,-0.4463,0,danger,0.0,,0.0,400,400,1
17.469,701.0,1058.0,1015.0,1007.0,0.6471,0.8095,0.6578,1.104,0.7336,,RECOVER_FORWARD,转向完成，向前离开边缘,front,-0.1625,-0.4463,0,danger,0.0,,0.0,400,400,1
17.489,707.0,1073.0,1018.0,1016.0,0.6471,0.8452,0.6578,1.1141,0.7515,,RECOVER_FORWARD,转向完成，向前离开边缘,front,-0.1982,-0.4563,0,danger,0.0,,0.0,400,400,1
17.509,715.0,1077.0,1024.0,1024.0,0.6594,0.875,0.6578,1.1443,0.7672,,RECOVER_FORWARD,转向完成，向前离开边缘,front,-0.2156,-0.4865,0,danger,0.0,,0.0,400,400,1
17.529,719.0,1076.0,1025.0,1010.0,0.6842,0.881,0.6723,1.1443,0.7826,,RECOVER_FORWARD,转向完成，向前离开边缘,front,-0.1967,-0.472,0,danger,0.0,,0.0,400,400,1
17.549,726.0,1072.0,1024.0,1016.0,0.6966,0.881,0.6723,1.1443,0.7888,,RECOVER_FORWARD,转向完成，向前离开边缘,front,-0.1844,-0.472,0,danger,0.0,,0.0,400,400,1
17.569,744.0,1088.0,1031.0,1018.0,0.7183,0.881,0.6748,1.1443,0.7996,,RECOVER_FORWARD,转向完成，向前离开边缘,front,-0.1627,-0.4695,0,danger,0.0,,0.0,400,400,1
17.589,752.0,1099.0,1050.0,1040.0,0.774,0.9048,0.6893,1.151,0.8394,,RECOVER_FORWARD,转向完成，向前离开边缘,front,-0.1308,-0.4617,0,danger,0.0,,0.0,400,400,1
17.609,771.0,1092.0,1024.0,1044.0,0.7988,0.9127,0.6893,1.2248,0.8557,,RECOVER_FORWARD,转向完成，向前离开边缘,front,-0.1139,-0.5355,0,danger,0.0,,0.0,400,400,1
17.629,807.0,1102.0,1024.0,1078.0,0.8576,0.9266,0.6723,1.2383,0.8921,,RECOVER_FORWARD,转向完成，向前离开边缘,front,-0.069,-0.5659,0,danger,0.0,,0.0,400,400,1
17.649,807.0,1115.0,1022.0,1071.0,0.969,0.9325,0.6723,1.3289,0.9508,,RECOVER_FORWARD,转向完成，向前离开边缘,front,0.0365,-0.6565,0,danger,0.0,,0.0,400,400,1
17.669,804.0,1122.0,1057.0,1044.0,0.969,0.9583,0.6723,1.3289,0.9637,,RECOVER_FORWARD,转向完成，向前离开边缘,front,0.0107,-0.6565,0,danger,0.0,,0.0,400,400,1
17.689,779.0,1138.0,1062.0,1060.0,0.9598,0.9722,0.7524,1.2919,0.966,,RECOVER_FORWARD,转向完成，向前离开边缘,front,-0.0125,-0.5395,0,danger,0.0,,0.0,400,400,1
17.709,785.0,1137.0,1061.0,1082.0,0.9009,1.002,0.7621,1.2919,0.9515,,RECOVER_FORWARD,转向完成，向前离开边缘,front,-0.1011,-0.5298,0,danger,0.0,,0.0,400,400,1
17.73,773.0,1144.0,1079.0,1094.0,0.8824,1.004,0.7646,1.3658,0.9432,,RECOVER_FORWARD,转向完成，向前离开边缘,front,-0.1216,-0.6012,0,danger,0.0,,0.0,400,400,1
17.75,765.0,1141.0,1086.0,1100.0,0.8638,1.0099,0.8058,1.406,0.9368,,RECOVER_FORWARD,转向完成，向前离开边缘,front,-0.1461,-0.6002,0,danger,0.0,,0.0,400,400,1
17.77,795.0,1146.0,1105.0,1096.0,0.8638,1.0159,0.8228,1.4128,0.9398,,RECOVER_FORWARD,转向完成，向前离开边缘,front,-0.1521,-0.5899,0,danger,0.0,,0.0,400,400,1
17.79,796.0,1136.0,1101.0,1114.0,0.9319,1.0099,0.8592,1.4262,0.9709,,RECOVER_FORWARD,转向完成，向前离开边缘,front,-0.078,-0.567,0,danger,0.0,,0.0,400,400,1
17.81,810.0,1145.0,1102.0,1117.0,0.935,1.0179,0.8617,1.4732,0.9764,,RECOVER_FORWARD,转向完成，向前离开边缘,front,-0.0829,-0.6115,0,danger,0.0,,0.0,400,400,1
17.83,827.0,1161.0,1094.0,1122.0,0.9783,1.0179,0.8592,1.4832,0.9981,,RECOVER_FORWARD,转向完成，向前离开边缘,front,-0.0395,-0.624,0,danger,0.0,,0.0,400,400,1
17.85,823.0,1154.0,1100.0,1124.0,1.0186,1.0357,0.8568,1.5,1.0271,,RECOVER_FORWARD,转向完成，向前离开边缘,front,-0.0171,-0.6432,0,danger,0.0,,0.0,400,400,1
17.87,832.0,1162.0,1117.0,1136.0,1.031,1.0496,0.8568,1.5067,1.0403,,RECOVER_FORWARD,转向完成，向前离开边缘,front,-0.0186,-0.6499,0,danger,0.0,,0.0,400,400,1
17.89,835.0,1159.0,1106.0,1150.0,1.0464,1.0456,0.8714,1.547,1.046,,RECOVER_FORWARD,转向完成，向前离开边缘,front,0.0008,-0.6756,0,danger,0.0,,0.0,400,400,1
17.91,839.0,1169.0,1115.0,1156.0,1.0557,1.0516,0.8932,1.594,1.0537,,RECOVER_FORWARD,转向完成，向前离开边缘,front,0.0041,-0.7008,0,danger,0.0,,0.0,400,400,1
17.931,846.0,1180.0,1113.0,1157.0,1.0681,1.0655,0.8883,1.6141,1.0668,,RECOVER_FORWARD,转向完成，向前离开边缘,front,0.0026,-0.7257,0,danger,0.0,,0.0,400,400,1
17.951,851.0,1180.0,1108.0,1160.0,1.0898,1.0873,0.8883,1.6174,1.0885,,RECOVER_FORWARD,转向完成，向前离开边缘,front,0.0025,-0.7291,0,danger,0.0,,0.0,400,400,1
17.971,858.0,1172.0,1108.0,1164.0,1.1053,1.0873,0.8762,1.6275,1.0963,,RECOVER_FORWARD,转向完成，向前离开边缘,front,0.018,-0.7513,0,danger,0.0,,0.0,400,400,1
17.991,857.0,1161.0,1107.0,1166.0,1.1238,1.0714,0.8762,1.6409,1.0976,,RECOVER_FORWARD,转向完成，向前离开边缘,front,0.0524,-0.7647,0,danger,0.0,,0.0,400,400,1
18.011,861.0,1166.0,1106.0,1182.0,1.1269,1.0595,0.8738,1.6477,1.0932,,RECOVER_FORWARD,转向完成，向前离开边缘,front,0.0674,-0.7739,0,danger,0.0,,0.0,400,400,1
18.031,864.0,1167.0,1110.0,1175.0,1.1362,1.0595,0.8738,1.6779,1.0979,,RECOVER_FORWARD,转向完成，向前离开边缘,front,0.0767,-0.8041,0,danger,0.0,,0.0,400,400,1
18.051,864.0,1167.0,1110.0,1175.0,1.1455,1.0615,0.8811,1.6779,1.1035,,RECOVER_FORWARD,转向完成，向前离开边缘,front,0.084,-0.7968,0,danger,0.0,,0.0,400,400,1
18.071,863.0,1167.0,1111.0,1178.0,1.1455,1.0615,0.8811,1.6779,1.1035,,RECOVER_FORWARD,转向完成，向前离开边缘,front,0.084,-0.7968,0,danger,0.0,,0.0,400,400,1
18.092,864.0,1171.0,1121.0,1184.0,1.1455,1.0615,0.8835,1.6879,1.1035,,RECOVER_FORWARD,转向完成，向前离开边缘,front,0.084,-0.8044,0,danger,0.0,,0.0,400,400,1
18.112,864.0,1175.0,1121.0,1185.0,1.1455,1.0694,0.9078,1.7081,1.1075,,RECOVER_FORWARD,转向完成，向前离开边缘,front,0.0761,-0.8003,0,danger,0.0,,0.0,400,400,1
18.132,865.0,1175.0,1115.0,1185.0,1.1455,1.0774,0.9078,1.7114,1.1114,,RECOVER_FORWARD,转向完成，向前离开边缘,front,0.0681,-0.8036,0,danger,0.0,,0.0,400,400,1
18.152,866.0,1184.0,1123.0,1184.0,1.1486,1.0774,0.9078,1.7114,1.113,,CRUISE,已达到避边释放线，恢复中速穿越渐变区,,0.0712,-0.8036,0,fast,0.0,,0.0,450,450,1
18.172,869.0,1181.0,1130.0,1177.0,1.1517,1.0893,0.9126,1.7081,1.1205,,CRUISE,按区域分级巡航,,0.0624,-0.7954,0,fast,0.0,,0.0,450,450,1
18.192,876.0,1179.0,1137.0,1176.0,1.161,1.0893,0.9296,1.6846,1.1251,,CRUISE,按区域分级巡航,,0.0717,-0.755,0,fast,0.0,,0.0,450,450,1
18.212,880.0,1181.0,1134.0,1171.0,1.1827,1.0893,0.9393,1.6812,1.136,,CRUISE,按区域分级巡航,,0.0934,-0.7419,0,fast,0.0,,0.0,450,450,1
18.232,882.0,1178.0,1128.0,1173.0,1.195,1.0853,0.9393,1.6711,1.1402,,CRUISE,按区域分级巡航,,0.1097,-0.7318,0,fast,0.0,,0.0,450,450,1
18.252,879.0,1187.0,1133.0,1179.0,1.195,1.0893,0.9369,1.6711,1.1422,,CRUISE,按区域分级巡航,,0.1058,-0.7342,0,fast,0.0,,0.0,450,450,1
18.273,881.0,1200.0,1130.0,1176.0,1.1981,1.1012,0.9296,1.6812,1.1497,,CRUISE,按区域分级巡航,,0.097,-0.7516,0,fast,0.0,,0.0,450,450,1
18.293,878.0,1187.0,1128.0,1167.0,1.192,1.1012,0.9296,1.6812,1.1466,,CRUISE,按区域分级巡航,,0.0908,-0.7516,0,fast,0.0,,0.0,450,450,1
18.313,880.0,1193.0,1128.0,1177.0,1.195,1.1131,0.9248,1.6812,1.1541,,CRUISE,按区域分级巡航,,0.082,-0.7565,0,fast,0.0,,0.0,450,450,1
18.333,870.0,1180.0,1143.0,1164.0,1.1889,1.1012,0.9248,1.651,1.145,,CRUISE,按区域分级巡航,,0.0877,-0.7262,0,fast,0.0,,0.0,450,450,1
18.353,865.0,1202.0,1126.0,1169.0,1.1641,1.1131,0.9248,1.6577,1.1386,,CRUISE,按区域分级巡航,,0.051,-0.733,0,fast,0.0,,0.0,450,450,1
18.373,916.0,1237.0,1133.0,1177.0,1.1641,1.131,0.9369,1.6577,1.1475,,CRUISE,按区域分级巡航,,0.0331,-0.7208,0,fast,0.0,,0.0,450,450,1
18.393,952.0,1206.0,1125.0,1177.0,1.3065,1.1389,0.9199,1.6846,1.2227,,CRUISE,按区域分级巡航,,0.1676,-0.7647,0,fast,0.0,,0.0,450,450,1
18.413,973.0,1229.0,1133.0,1174.0,1.418,1.1845,0.9369,1.6846,1.3012,,CRUISE,按区域分级巡航,,0.2334,-0.7477,0,fast,0.0,,0.0,450,450,1
18.433,931.0,1218.0,1130.0,1185.0,1.418,1.1627,0.9296,1.6846,1.2903,,CRUISE,按区域分级巡航,,0.2553,-0.755,0,fast,0.0,,0.0,450,450,1
18.453,931.0,1218.0,1130.0,1185.0,1.3529,1.1627,0.9296,1.7114,1.2578,,CRUISE,按区域分级巡航,,0.1902,-0.7818,0,fast,0.0,,0.0,450,450,1
18.474,905.0,1217.0,1113.0,1196.0,1.3529,1.1627,0.9296,1.7114,1.2578,,CRUISE,按区域分级巡航,,0.1902,-0.7818,0,fast,0.0,,0.0,450,450,1
18.494,921.0,1229.0,1106.0,1181.0,1.322,1.1627,0.8883,1.7114,1.2423,,CRUISE,按区域分级巡航,,0.1593,-0.8231,0,fast,0.0,,0.0,450,450,1
18.514,925.0,1240.0,1147.0,1243.0,1.322,1.1845,0.8883,1.7483,1.2533,,CRUISE,按区域分级巡航,,0.1375,-0.86,0,fast,0.0,,0.0,450,450,1
18.534,920.0,1234.0,1132.0,1323.0,1.322,1.1944,0.9345,1.906,1.2582,,CRUISE,按区域分级巡航,,0.1275,-0.9716,0,fast,0.0,,0.0,450,450,1
18.554,920.0,1241.0,1134.0,1245.0,1.3189,1.2063,0.9393,1.9128,1.2626,,CRUISE,按区域分级巡航,,0.1125,-0.9734,0,fast,0.0,,0.0,450,450,1
18.574,920.0,1255.0,1138.0,1240.0,1.3189,1.2083,0.9393,1.9128,1.2636,,CRUISE,按区域分级巡航,,0.1106,-0.9734,0,fast,0.0,,0.0,450,450,1
18.594,916.0,1296.0,1145.0,1250.0,1.3189,1.2361,0.949,1.9128,1.2775,,CRUISE,按区域分级巡航,,0.0828,-0.9637,0,fast,0.0,,0.0,450,450,1
18.614,911.0,1359.0,1140.0,1247.0,1.3065,1.3175,0.9539,1.9195,1.312,,CRUISE,按区域分级巡航,,-0.011,-0.9656,0,fast,0.0,,0.0,450,450,1
18.634,919.0,1348.0,1133.0,1238.0,1.3065,1.4206,0.9539,1.9195,1.3636,,CRUISE,按区域分级巡航,,-0.1141,-0.9656,0,fast,0.0,,0.0,450,450,1
18.654,912.0,1222.0,1140.0,1234.0,1.2941,1.4206,0.9539,1.8893,1.3574,,CRUISE,按区域分级巡航,,-0.1265,-0.9354,0,fast,0.0,,0.0,450,450,1
18.675,903.0,1247.0,1145.0,1213.0,1.2941,1.2202,0.9539,1.8758,1.2572,,CRUISE,按区域分级巡航,,0.0739,-0.922,0,fast,0.0,,0.0,450,450,1
18.695,896.0,1248.0,1142.0,1212.0,1.2663,1.2202,0.9587,1.8054,1.2432,,CRUISE,按区域分级巡航,,0.046,-0.8466,0,fast,0.0,,0.0,450,450,1
18.715,892.0,1250.0,1150.0,1214.0,1.2446,1.2222,0.966,1.8054,1.2334,,CRUISE,按区域分级巡航,,0.0224,-0.8393,0,fast,0.0,,0.0,450,450,1
18.735,890.0,1256.0,1146.0,1213.0,1.2322,1.2262,0.9684,1.8054,1.2292,,CRUISE,按区域分级巡航,,0.006,-0.8369,0,fast,0.0,,0.0,450,450,1
18.755,900.0,1257.0,1132.0,1217.0,1.2322,1.2381,0.9684,1.8087,1.2351,,CRUISE,按区域分级巡航,,-0.0059,-0.8403,0,fast,0.0,,0.0,450,450,1
18.775,894.0,1266.0,1132.0,1224.0,1.2384,1.2401,0.9345,1.8188,1.2392,,CRUISE,按区域分级巡航,,-0.0017,-0.8843,0,fast,0.0,,0.0,450,450,1
18.795,892.0,1269.0,1122.0,1220.0,1.2384,1.2579,0.9345,1.8289,1.2482,,CRUISE,按区域分级巡航,,-0.0195,-0.8944,0,fast,0.0,,0.0,450,450,1
18.815,882.0,1266.0,1136.0,1209.0,1.2322,1.2579,0.9345,1.8289,1.2451,,CRUISE,按区域分级巡航,,-0.0257,-0.8944,0,fast,0.0,,0.0,450,450,1
18.835,881.0,1263.0,1149.0,1209.0,1.2012,1.2579,0.9442,1.7919,1.2296,,CRUISE,按区域分级巡航,,-0.0567,-0.8478,0,fast,0.0,,0.0,450,450,1
18.855,879.0,1265.0,1106.0,1213.0,1.1981,1.256,0.9442,1.7919,1.227,,CRUISE,按区域分级巡航,,-0.0578,-0.8478,0,fast,0.0,,0.0,450,450,1
18.876,879.0,1265.0,1106.0,1213.0,1.192,1.256,0.8714,1.8054,1.224,,CRUISE,按区域分级巡航,,-0.064,-0.934,0,fast,0.0,,0.0,450,450,1
18.896,874.0,1264.0,1114.0,1193.0,1.192,1.256,0.8714,1.8054,1.224,,CRUISE,按区域分级巡航,,-0.064,-0.934,0,fast,0.0,,0.0,450,450,1
18.916,876.0,1264.0,1139.0,1186.0,1.1827,1.254,0.8908,1.7383,1.2183,,CRUISE,按区域分级巡航,,-0.0713,-0.8475,0,fast,0.0,,0.0,450,450,1
18.936,869.0,1256.0,1135.0,1188.0,1.1765,1.254,0.9417,1.7215,1.2152,,CRUISE,按区域分级巡航,,-0.0775,-0.7797,0,fast,0.0,,0.0,450,450,1
18.956,864.0,1248.0,1130.0,1187.0,1.161,1.2381,0.9417,1.7181,1.1995,,CRUISE,按区域分级巡航,,-0.0771,-0.7764,0,fast,0.0,,0.0,450,450,1
18.976,852.0,1237.0,1118.0,1183.0,1.1455,1.2222,0.9296,1.7181,1.1839,,CRUISE,按区域分级巡航,,-0.0767,-0.7885,0,fast,0.0,,0.0,450,450,1
18.996,865.0,1242.0,1111.0,1179.0,1.1455,1.2103,0.9005,1.7047,1.1779,,CRUISE,按区域分级巡航,,-0.0648,-0.8042,0,fast,0.0,,0.0,450,450,1
19.016,858.0,1236.0,1118.0,1165.0,1.1269,1.2004,0.9005,1.6913,1.1637,,CRUISE,按区域分级巡航,,-0.0735,-0.7908,0,fast,0.0,,0.0,450,450,1
19.036,850.0,1233.0,1131.0,1140.0,1.1269,1.1984,0.9005,1.6443,1.1627,,CRUISE,按区域分级巡航,,-0.0715,-0.7438,0,fast,0.0,,0.0,450,450,1
19.056,847.0,1220.0,1119.0,1149.0,1.1022,1.1925,0.9029,1.5906,1.1473,,CRUISE,按区域分级巡航,,-0.0903,-0.6877,0,fast,0.0,,0.0,450,450,1
19.077,835.0,1205.0,1117.0,1140.0,1.0929,1.1667,0.9029,1.5604,1.1298,,CRUISE,按区域分级巡航,,-0.0738,-0.6575,0,fast,0.0,,0.0,450,450,1
19.097,833.0,1214.0,1113.0,1138.0,1.0557,1.1548,0.8981,1.5604,1.1052,,CRUISE,按区域分级巡航,,-0.099,-0.6623,0,fast,0.0,,0.0,450,450,1
19.117,829.0,1212.0,1101.0,1143.0,1.0495,1.1508,0.8883,1.5604,1.1002,,CRUISE,按区域分级巡航,,-0.1013,-0.6721,0,fast,0.0,,0.0,450,450,1
19.137,826.0,1209.0,1083.0,1139.0,1.0372,1.1508,0.8592,1.557,1.094,,MEDIUM_CRUISE,按区域分级巡航,,-0.1136,-0.6978,0,medium,0.0,,0.0,400,400,1
19.157,826.0,1214.0,1091.0,1144.0,1.0279,1.1508,0.835,1.5705,1.0893,,MEDIUM_CRUISE,按区域分级巡航,,-0.1229,-0.7355,0,medium,0.0,,0.0,400,400,1
19.177,807.0,1219.0,1093.0,1138.0,1.0279,1.1548,0.835,1.557,1.0913,,MEDIUM_CRUISE,按区域分级巡航,,-0.1269,-0.7221,0,medium,0.0,,0.0,400,400,1
19.197,805.0,1210.0,1095.0,1147.0,0.969,1.1548,0.8398,1.5738,1.0619,,MEDIUM_CRUISE,按区域分级巡航,,-0.1857,-0.734,0,medium,0.0,,0.0,400,400,1
19.217,819.0,1193.0,1110.0,1143.0,0.969,1.1468,0.8447,1.5705,1.0579,,MEDIUM_CRUISE,按区域分级巡航,,-0.1778,-0.7258,0,medium,0.0,,0.0,400,400,1
19.237,823.0,1185.0,1110.0,1134.0,1.0062,1.1131,0.8811,1.5705,1.0596,,MEDIUM_CRUISE,按区域分级巡航,,-0.1069,-0.6894,0,medium,0.0,,0.0,400,400,1
19.257,816.0,1184.0,1099.0,1118.0,1.0062,1.0972,0.8811,1.5403,1.0517,,MEDIUM_CRUISE,按区域分级巡航,,-0.091,-0.6592,0,medium,0.0,,0.0,400,400,1
19.278,791.0,1164.0,1094.0,1106.0,0.9969,1.0952,0.8544,1.4866,1.0461,,MEDIUM_CRUISE,按区域分级巡航,,-0.0983,-0.6322,0,medium,0.0,,0.0,400,400,1
19.298,791.0,1164.0,1094.0,1106.0,0.9195,1.0556,0.8422,1.4463,0.9875,,MEDIUM_CRUISE,按区域分级巡航,,-0.1361,-0.6041,0,medium,0.0,,0.0,400,400,1
19.318,797.0,1164.0,1088.0,1097.0,0.9195,1.0556,0.8422,1.4463,0.9875,,MEDIUM_CRUISE,按区域分级巡航,,-0.1361,-0.6041,0,medium,0.0,,0.0,400,400,1
19.338,794.0,1151.0,1092.0,1101.0,0.9288,1.0556,0.8374,1.4295,0.9922,,MEDIUM_CRUISE,按区域分级巡航,,-0.1268,-0.5922,0,medium,0.0,,0.0,400,400,1
19.358,799.0,1155.0,1098.0,1097.0,0.9381,1.0377,0.8374,1.4161,0.9879,,MEDIUM_CRUISE,按区域分级巡航,,-0.0996,-0.5787,0,medium,0.0,,0.0,400,400,1
19.378,795.0,1152.0,1093.0,1084.0,0.9319,1.0317,0.8398,1.4161,0.9818,,MEDIUM_CRUISE,按区域分级巡航,,-0.0999,-0.5763,0,medium,0.0,,0.0,400,400,1
19.398,788.0,1148.0,1081.0,1067.0,0.9319,1.0317,0.8398,1.3725,0.9818,,MEDIUM_CRUISE,按区域分级巡航,,-0.0999,-0.5327,0,medium,0.0,,0.0,400,400,1
19.418,788.0,1144.0,1088.0,1072.0,0.9102,1.0238,0.8277,1.3322,0.967,,MEDIUM_CRUISE,按区域分级巡航,,-0.1136,-0.5045,0,medium,0.0,,0.0,400,400,1
19.438,778.0,1143.0,1067.0,1063.0,0.9102,1.0159,0.8107,1.3154,0.963,,MEDIUM_CRUISE,按区域分级巡航,,-0.1057,-0.5048,0,medium,0.0,,0.0,400,400,1
19.459,783.0,1112.0,1069.0,1051.0,0.8947,1.0139,0.7816,1.302,0.9543,,MEDIUM_CRUISE,按区域分级巡航,,-0.1192,-0.5205,0,medium,0.0,,0.0,400,400,1
19.479,776.0,1117.0,1068.0,1047.0,0.8793,0.9623,0.7791,1.2617,0.9208,,MEDIUM_CRUISE,按区域分级巡航,,-0.083,-0.4826,0,medium,0.0,,0.0,400,400,1
19.499,772.0,1113.0,1057.0,1039.0,0.8731,0.9544,0.7791,1.2483,0.9137,,MEDIUM_CRUISE,按区域分级巡航,,-0.0813,-0.4692,0,medium,0.0,,0.0,400,400,1
19.519,774.0,1122.0,1049.0,1040.0,0.8669,0.9623,0.7524,1.2248,0.9146,,MEDIUM_CRUISE,按区域分级巡航,,-0.0954,-0.4724,0,medium,0.0,,0.0,400,400,1
19.539,769.0,1126.0,1034.0,1048.0,0.8607,0.9722,0.733,1.2248,0.9165,,MEDIUM_CRUISE,按区域分级巡航,,-0.1115,-0.4918,0,medium,0.0,,0.0,400,400,1
19.559,774.0,1135.0,1041.0,1045.0,0.8669,0.9802,0.7136,1.2416,0.9235,,MEDIUM_CRUISE,按区域分级巡航,,-0.1133,-0.528,0,medium,0.0,,0.0,400,400,1
19.579,752.0,1105.0,1054.0,1040.0,0.8514,0.9802,0.7136,1.2416,0.9158,,MEDIUM_CRUISE,按区域分级巡航,,-0.1288,-0.528,0,medium,0.0,,0.0,400,400,1
19.599,749.0,1099.0,1040.0,1044.0,0.7988,0.9385,0.7136,1.2383,0.8686,,MEDIUM_CRUISE,按区域分级巡航,,-0.1397,-0.5247,0,medium,0.0,,0.0,400,400,1
19.619,757.0,1100.0,1045.0,1024.0,0.7988,0.9286,0.7233,1.2248,0.8637,,MEDIUM_CRUISE,按区域分级巡航,,-0.1298,-0.5015,0,medium,0.0,,0.0,400,400,1
19.639,741.0,1096.0,1058.0,1032.0,0.7895,0.9266,0.7233,1.198,0.858,,MEDIUM_CRUISE,按区域分级巡航,,-0.1371,-0.4747,0,medium,0.0,,0.0,400,400,1
19.66,704.0,1103.0,1018.0,1024.0,0.7647,0.9286,0.7233,1.1711,0.8466,,MEDIUM_CRUISE,按区域分级巡航,,-0.1639,-0.4478,0,medium,0.0,,0.0,400,400,1
19.68,679.0,1100.0,1036.0,1021.0,0.6502,0.9286,0.7015,1.1711,0.815,,MEDIUM_CRUISE,按区域分级巡航,,-0.2784,-0.4697,0,medium,0.0,,0.0,400,400,1
19.7,672.0,1094.0,1025.0,1018.0,0.5728,0.9286,0.6748,1.1611,0.8017,,MEDIUM_CRUISE,按区域分级巡航,,-0.3558,-0.4863,0,medium,0.0,,0.0,400,400,1
19.72,675.0,1088.0,1014.0,1010.0,0.5604,0.9167,0.6748,1.151,0.7957,,MEDIUM_CRUISE,按区域分级巡航,,-0.3563,-0.4762,0,medium,0.0,,0.0,400,400,1
19.74,675.0,1088.0,1014.0,1010.0,0.5604,0.9048,0.6481,1.1242,0.7764,,MEDIUM_CRUISE,按区域分级巡航,,-0.3444,-0.4761,0,medium,0.0,,0.0,400,400,1
19.76,694.0,1081.0,1016.0,1020.0,0.5604,0.9048,0.6481,1.1242,0.7764,,EDGE_AVOID,前向灰度趋势变暗，提前离边,left,-0.3444,-0.4761,0,slow,0.0,,0.0,-400,-400,1
19.78,715.0,1081.0,1005.0,1006.0,0.6192,0.8909,0.6481,1.1242,0.7695,,EDGE_AVOID,前向灰度趋势变暗，提前离边,left,-0.2717,-0.4761,0,slow,0.0,,0.0,-400,-400,1
19.8,719.0,1069.0,1020.0,983.0,0.6842,0.8909,0.6529,1.1107,0.7875,,EDGE_AVOID,前向灰度趋势变暗，提前离边,left,-0.2067,-0.4578,0,slow,0.0,,0.0,-400,-400,1
19.82,705.0,1061.0,995.0,994.0,0.6842,0.8671,0.6262,1.0705,0.7756,,EDGE_AVOID,前向灰度趋势变暗，提前离边,left,-0.1829,-0.4443,0,slow,0.0,,0.0,-400,-400,1
19.841,695.0,1058.0,974.0,988.0,0.6533,0.8512,0.6019,1.0503,0.7522,,EDGE_AVOID,前向灰度趋势变暗，提前离边,left,-0.1979,-0.4484,0,slow,0.0,,0.0,-400,-400,1
19.861,697.0,1056.0,1004.0,978.0,0.6285,0.8452,0.6019,1.0503,0.7369,,EDGE_AVOID,前向灰度趋势变暗，提前离边,left,-0.2168,-0.4484,0,slow,0.0,,0.0,-400,-400,1
19.881,701.0,1045.0,1029.0,981.0,0.6285,0.8413,0.6238,1.0268,0.7349,,EDGE_AVOID,前向灰度趋势变暗，提前离边,left,-0.2128,-0.4031,0,slow,0.0,,0.0,-400,-400,1
19.901,703.0,1047.0,1030.0,991.0,0.6409,0.8234,0.6845,1.0268,0.7539,,EDGE_AVOID,前向灰度趋势变暗，提前离边,left,-0.1825,-0.3424,0,slow,0.0,,0.0,-400,-400,1
19.921,704.0,1057.0,1025.0,990.0,0.6471,0.8234,0.6845,1.057,0.7539,,EDGE_AVOID,前向灰度趋势变暗，提前离边,left,-0.1764,-0.3726,0,slow,0.0,,0.0,-400,-400,1
19.941,701.0,1060.0,1025.0,984.0,0.6471,0.8433,0.6748,1.057,0.759,,EDGE_AVOID,前向灰度趋势变暗，提前离边,left,-0.1962,-0.3823,0,slow,0.0,,0.0,-400,-400,1
