t,front,rear,left,right,zone_front,zone_rear,zone_left,zone_right,zone_score,white_hits,state,reason,risk_sensor,linear_risk,turn_risk,near_edge,speed_level,turn_angle,turn_direction,turn_duration,left_cmd,right_cmd,healthy
0.0,0.0,0.0,0.0,0.0,-1.5294,-1.254,-1.8131,-2.2651,-1.6713,,SENSOR_STOP,传感器无效或数据过期,,-0.2754,0.452,1,stop,0.0,,0.0,0,0,0
0.02,634.0,1016.0,1028.0,934.0,-0.548,-0.246,-0.5655,-0.698,-0.5568,,WARMUP,等待滤波窗口,,-0.302,0.1325,1,stop,0.0,,0.0,0,0,1
0.041,634.0,1017.0,1028.0,934.0,0.4334,0.7619,0.682,0.8691,0.722,,EDGE_AVOID,灰度趋势变暗，提前避让,front,-0.3285,-0.1871,0,slow,0.0,,0.0,-550,-550,1
0.061,633.0,1016.0,1028.0,933.0,0.4334,0.7619,0.682,0.8691,0.722,,EDGE_AVOID,灰度趋势变暗，提前避让,front,-0.3285,-0.1871,0,slow,0.0,,0.0,-550,-550,1
0.081,633.0,1016.0,1028.0,933.0,0.4303,0.7619,0.682,0.8658,0.722,,EDGE_AVOID,灰度趋势变暗，提前避让,front,-0.3316,-0.1837,0,slow,0.0,,0.0,-550,-550,1
0.101,647.0,1041.0,1048.0,954.0,0.4303,0.7619,0.682,0.8658,0.722,,EDGE_AVOID,灰度趋势变暗，提前避让,front,-0.3316,-0.1837,0,slow,0.0,,0.0,-550,-550,1
0.121,634.0,1018.0,1029.0,934.0,0.4334,0.7659,0.6845,0.8691,0.7252,,EDGE_AVOID,灰度趋势变暗，提前避让,front,-0.3324,-0.1847,0,slow,0.0,,0.0,-550,-550,1
0.141,634.0,1017.0,1028.0,933.0,0.4334,0.7659,0.6845,0.8691,0.7252,,EDGE_AVOID,灰度趋势变暗，提前避让,front,-0.3324,-0.1847,0,slow,0.0,,0.0,-550,-550,1
0.161,636.0,1020.0,1031.0,936.0,0.4334,0.7659,0.6845,0.8691,0.7252,,EDGE_AVOID,灰度趋势变暗，提前避让,front,-0.3324,-0.1847,0,slow,0.0,,0.0,-550,-550,1
0.181,636.0,1020.0,1031.0,936.0,0.4396,0.7698,0.6893,0.8758,0.7296,,EDGE_AVOID,灰度趋势变暗，提前避让,front,-0.3302,-0.1865,0,slow,0.0,,0.0,-550,-550,1
0.201,635.0,1019.0,1029.0,935.0,0.4396,0.7698,0.6893,0.8758,0.7296,,EDGE_AVOID,灰度趋势变暗，提前避让,front,-0.3302,-0.1865,0,slow,0.0,,0.0,-550,-550,1
0.221,634.0,1018.0,1029.0,934.0,0.4365,0.7679,0.6845,0.8725,0.7262,,EDGE_AVOID,灰度趋势变暗，提前避让,front,-0.3313,-0.188,0,slow,0.0,,0.0,-550,-550,1
0.241,635.0,1017.0,1029.0,936.0,0.4365,0.7659,0.6845,0.8725,0.7252,,EDGE_AVOID,灰度趋势变暗，提前避让,front,-0.3293,-0.188,0,slow,0.0,,0.0,-550,-550,1
0.261,637.0,1016.0,1028.0,935.0,0.4365,0.7639,0.6845,0.8725,0.7242,,EDGE_AVOID,灰度趋势变暗，提前避让,front,-0.3274,-0.188,0,slow,0.0,,0.0,-550,-550,1
0.282,644.0,1017.0,1030.0,934.0,0.4427,0.7639,0.6845,0.8725,0.7242,,EDGE_AVOID,灰度趋势变暗，提前避让,front,-0.3212,-0.188,0,slow,0.0,,0.0,-550,-550,1
0.302,644.0,1016.0,1026.0,932.0,0.4644,0.7619,0.682,0.8691,0.722,,EDGE_AVOID,灰度趋势变暗，提前避让,front,-0.2975,-0.1871,0,slow,0.0,,0.0,-550,-550,1
0.322,647.0,1020.0,1022.0,934.0,0.4644,0.7639,0.6772,0.8691,0.7205,,EDGE_AVOID,灰度趋势变暗，提前避让,front,-0.2995,-0.1919,0,slow,0.0,,0.0,-550,-550,1
0.342,654.0,1019.0,1024.0,937.0,0.4737,0.7679,0.6723,0.8691,0.7201,,EDGE_AVOID,灰度趋势变暗，提前避让,front,-0.2942,-0.1968,0,slow,0.0,,0.0,-550,-550,1
0.362,655.0,1021.0,1026.0,938.0,0.4954,0.7698,0.6723,0.8792,0.7211,,EDGE_AVOID,灰度趋势变暗，提前避让,front,-0.2745,-0.2069,0,slow,0.0,,0.0,-550,-550,1
0.382,655.0,1027.0,1037.0,942.0,0.4985,0.7718,0.6772,0.8826,0.7245,,EDGE_AVOID,灰度趋势变暗，提前避让,front,-0.2734,-0.2054,0,slow,0.0,,0.0,-550,-550,1
0.402,666.0,1035.0,1038.0,956.0,0.4985,0.7837,0.7039,0.896,0.7438,,EDGE_AVOID,灰度趋势变暗，提前避让,front,-0.2853,-0.1921,0,slow,0.0,,0.0,-550,-550,1
0.422,670.0,1055.0,1046.0,948.0,0.5325,0.7996,0.7063,0.9161,0.753,,EDGE_AVOID,灰度趋势变暗，提前避让,front,-0.2671,-0.2098,0,slow,0.0,,0.0,-550,-550,1
0.442,670.0,1048.0,1057.0,958.0,0.5449,0.8254,0.7257,0.943,0.7756,,EDGE_AVOID,灰度趋势变暗，提前避让,front,-0.2805,-0.2172,0,slow,0.0,,0.0,-550,-550,1
0.462,665.0,1063.0,1053.0,920.0,0.5449,0.8393,0.7427,0.9161,0.791,,EDGE_AVOID,灰度趋势变暗，提前避让,front,-0.2944,-0.1734,0,slow,0.0,,0.0,-550,-550,1
0.482,679.0,1071.0,1068.0,953.0,0.5449,0.8552,0.7524,0.9329,0.8038,,EDGE_AVOID,灰度趋势变暗，提前避让,front,-0.3103,-0.1805,0,slow,0.0,,0.0,-550,-550,1
0.502,694.0,1068.0,1079.0,973.0,0.5728,0.8651,0.7791,0.9329,0.8221,,EDGE_AVOID,灰度趋势变暗，提前避让,front,-0.2923,-0.1538,0,slow,0.0,,0.0,-550,-550,1
0.522,702.0,1091.0,1084.0,977.0,0.6192,0.871,0.8058,1.0,0.8384,,EDGE_AVOID,灰度趋势变暗，提前避让,front,-0.2518,-0.1942,0,slow,0.0,,0.0,-550,-550,1
0.542,702.0,1098.0,1065.0,980.0,0.644,0.9107,0.8058,1.0134,0.8583,,EDGE_AVOID,避让滞回，未恢复不退出,front,-0.2668,-0.2076,0,slow,0.0,,0.0,-550,-550,1
0.563,706.0,1104.0,1070.0,985.0,0.644,0.9246,0.784,1.0235,0.8543,,EDGE_AVOID,避让滞回，未恢复不退出,front,-0.2806,-0.2395,0,slow,0.0,,0.0,-550,-550,1
0.583,711.0,1102.0,1070.0,988.0,0.6563,0.9325,0.784,1.0403,0.8583,,EDGE_AVOID,避让滞回，未恢复不退出,front,-0.2762,-0.2563,0,slow,0.0,,0.0,-550,-550,1
0.603,710.0,1110.0,1080.0,986.0,0.6687,0.9365,0.784,1.0436,0.8602,,EDGE_AVOID,避让滞回，未恢复不退出,front,-0.2678,-0.2596,0,slow,0.0,,0.0,-550,-550,1
0.623,726.0,1121.0,1095.0,993.0,0.6718,0.9484,0.8083,1.0503,0.8783,,EDGE_AVOID,避让滞回，未恢复不退出,front,-0.2766,-0.2421,0,slow,0.0,,0.0,-550,-550,1
0.643,723.0,1129.0,1090.0,1016.0,0.709,0.9702,0.8325,1.0671,0.9014,,EDGE_AVOID,避让滞回，未恢复不退出,front,-0.2613,-0.2346,0,slow,0.0,,0.0,-550,-550,1
0.663,736.0,1161.0,1092.0,1019.0,0.7183,0.9861,0.8374,1.1443,0.9117,,EDGE_AVOID,避让滞回，未恢复不退出,left,-0.2678,-0.3069,0,slow,0.0,right,0.0,640,400,1
0.683,732.0,1190.0,1109.0,1028.0,0.7368,1.0496,0.8374,1.1544,0.9435,,EDGE_AVOID,避让滞回，未恢复不退出,left,-0.3128,-0.317,0,slow,0.0,right,0.0,640,400,1
0.703,741.0,1213.0,1126.0,1067.0,0.7492,1.1071,0.8786,1.1846,0.9929,,CRUISE,按区域分级巡航,,-0.3579,-0.3059,0,fast,0.0,,0.0,500,400,1
0.723,741.0,1213.0,1126.0,1067.0,0.7647,1.1528,0.9199,1.3154,1.0363,,CRUISE,按区域分级巡航,,-0.3881,-0.3955,0,fast,0.0,,0.0,500,400,1
0.743,759.0,1225.0,1123.0,1086.0,0.7647,1.1528,0.9199,1.3154,1.0363,,CRUISE,按区域分级巡航,,-0.3881,-0.3955,0,fast,0.0,,0.0,500,400,1
0.763,765.0,1252.0,1153.0,1085.0,0.8204,1.1766,0.9199,1.3758,1.0482,,CRUISE,按区域分级巡航,,-0.3562,-0.4559,0,fast,0.0,,0.0,500,400,1
0.784,771.0,1271.0,1166.0,1103.0,0.839,1.2302,0.9854,1.3792,1.1078,,CRUISE,按区域分级巡航,,-0.3911,-0.3938,0,fast,0.0,,0.0,500,400,1
0.804,784.0,1288.0,1170.0,1118.0,0.8576,1.2679,1.017,1.4362,1.1424,,CRUISE,按区域分级巡航,,-0.4103,-0.4193,0,fast,0.0,,0.0,500,400,1
0.824,788.0,1279.0,1172.0,1090.0,0.8978,1.2837,1.0267,1.4362,1.1552,,CRUISE,按区域分级巡航,,-0.3859,-0.4095,0,fast,0.0,,0.0,500,400,1
0.844,785.0,1304.0,1190.0,1116.0,0.9009,1.3016,1.0316,1.4799,1.1666,,CRUISE,按区域分级巡航,,-0.4007,-0.4483,0,fast,0.0,,0.0,500,400,1
0.864,788.0,1304.0,1195.0,1133.0,0.9102,1.3333,1.0752,1.4799,1.2043,,CRUISE,按区域分级巡航,,-0.4231,-0.4046,0,fast,0.0,,0.0,500,400,1
0.884,800.0,1309.0,1200.0,1132.0,0.9102,1.3333,1.0874,1.5336,1.2104,,CRUISE,按区域分级巡航,,-0.4231,-0.4462,0,fast,0.0,,0.0,500,400,1
0.904,814.0,1329.0,1203.0,1144.0,0.9474,1.3433,1.0995,1.5369,1.2214,,CRUISE,按区域分级巡航,,-0.3959,-0.4374,0,fast,0.0,,0.0,500,400,1
0.924,817.0,1337.0,1211.0,1154.0,0.9907,1.3829,1.1068,1.5738,1.2449,,CRUISE,按区域分级巡航,,-0.3922,-0.467,0,fast,0.0,,0.0,500,400,1
0.944,820.0,1337.0,1218.0,1161.0,1.0,1.3988,1.1262,1.6074,1.2625,,CRUISE,按区域分级巡航,,-0.3988,-0.4812,0,fast,0.0,,0.0,500,400,1
0.965,823.0,1340.0,1218.0,1167.0,1.0093,1.3988,1.1432,1.6309,1.271,,CRUISE,按区域分级巡航,,-0.3895,-0.4877,0,fast,0.0,,0.0,500,400,1
0.985,826.0,1345.0,1216.0,1171.0,1.0186,1.4048,1.1432,1.651,1.274,,CRUISE,按区域分级巡航,,-0.3862,-0.5078,0,fast,0.0,,0.0,500,400,1
1.005,830.0,1345.0,1212.0,1175.0,1.0279,1.4147,1.1383,1.6644,1.2765,,CRUISE,按区域分级巡航,,-0.3868,-0.5261,0,fast,0.0,,0.0,500,400,1
1.025,834.0,1345.0,1210.0,1178.0,1.0402,1.4147,1.1286,1.6779,1.2717,,CRUISE,按区域分级巡航,,-0.3744,-0.5492,0,fast,0.0,,0.0,500,400,1
1.045,833.0,1344.0,1208.0,1181.0,1.0495,1.4147,1.1238,1.6879,1.2692,,CRUISE,按区域分级巡航,,-0.3651,-0.5641,0,fast,0.0,,0.0,500,400,1
1.065,836.0,1345.0,1208.0,1187.0,1.0526,1.4147,1.1189,1.698,1.2668,,CRUISE,按区域分级巡航,,-0.3621,-0.5791,0,fast,0.0,,0.0,500,400,1
1.085,834.0,1344.0,1205.0,1185.0,1.0526,1.4127,1.1189,1.7114,1.2658,,CRUISE,按区域分级巡航,,-0.3601,-0.5925,0,fast,0.0,,0.0,500,400,1
1.105,834.0,1345.0,1208.0,1184.0,1.0526,1.4147,1.1189,1.7114,1.2668,,CRUISE,按区域分级巡航,,-0.3621,-0.5925,0,fast,0.0,,0.0,500,400,1
1.125,834.0,1347.0,1213.0,1183.0,1.0526,1.4147,1.1189,1.7081,1.2668,,CRUISE,按区域分级巡航,,-0.3621,-0.5891,0,fast,0.0,,0.0,500,400,1
1.145,834.0,1347.0,1213.0,1183.0,1.0526,1.4187,1.1311,1.7047,1.2749,,CRUISE,按区域分级巡航,,-0.366,-0.5736,0,fast,0.0,,0.0,500,400,1
1.166,832.0,1344.0,1216.0,1178.0,1.0526,1.4187,1.1311,1.7047,1.2749,,CRUISE,按区域分级巡航,,-0.366,-0.5736,0,fast,0.0,,0.0,500,400,1
1.186,830.0,1337.0,1219.0,1172.0,1.0464,1.4127,1.1383,1.6879,1.2755,,CRUISE,按区域分级巡航,,-0.3663,-0.5496,0,fast,0.0,,0.0,500,400,1
1.206,826.0,1340.0,1218.0,1163.0,1.0402,1.4048,1.1432,1.6678,1.274,,CRUISE,按区域分级巡航,,-0.3645,-0.5246,0,fast,0.0,,0.0,500,400,1
1.226,822.0,1333.0,1215.0,1158.0,1.0279,1.3988,1.1432,1.6376,1.271,,CRUISE,按区域分级巡航,,-0.3709,-0.4944,0,fast,0.0,,0.0,500,400,1
1.246,822.0,1328.0,1201.0,1148.0,1.0155,1.3909,1.1359,1.6208,1.2634,,CRUISE,按区域分级巡航,,-0.3754,-0.4849,0,fast,0.0,,0.0,500,400,1
1.266,818.0,1314.0,1204.0,1141.0,1.0155,1.381,1.1092,1.5872,1.2451,,CRUISE,按区域分级巡航,,-0.3655,-0.478,0,fast,0.0,,0.0,500,400,1
1.286,811.0,1305.0,1196.0,1142.0,1.0031,1.3532,1.1019,1.5671,1.2276,,CRUISE,按区域分级巡航,,-0.3501,-0.4652,0,fast,0.0,,0.0,500,400,1
1.306,798.0,1298.0,1187.0,1142.0,0.9814,1.3353,1.0898,1.5671,1.2126,,CRUISE,按区域分级巡航,,-0.3539,-0.4773,0,fast,0.0,,0.0,500,400,1
1.326,794.0,1304.0,1181.0,1132.0,0.9412,1.3333,1.068,1.5671,1.2006,,CRUISE,按区域分级巡航,,-0.3922,-0.4992,0,fast,0.0,,0.0,500,400,1
1.346,792.0,1277.0,1173.0,1100.0,0.9288,1.3214,1.0534,1.5336,1.1874,,CRUISE,按区域分级巡航,,-0.3926,-0.4802,0,fast,0.0,,0.0,500,400,1
1.367,797.0,1282.0,1171.0,1112.0,0.9288,1.2897,1.034,1.4664,1.1618,,CRUISE,按区域分级巡航,,-0.3609,-0.4325,0,fast,0.0,,0.0,500,400,1
1.387,795.0,1285.0,1176.0,1125.0,0.9319,1.2897,1.034,1.4664,1.1618,,CRUISE,按区域分级巡航,,-0.3578,-0.4325,0,fast,0.0,,0.0,500,400,1
1.407,788.0,1270.0,1167.0,1112.0,0.9319,1.2897,1.0291,1.4664,1.1594,,CRUISE,按区域分级巡航,,-0.3578,-0.4373,0,fast,0.0,,0.0,500,400,1
1.427,778.0,1263.0,1166.0,1100.0,0.9102,1.2659,1.0194,1.4664,1.1426,,CRUISE,按区域分级巡航,,-0.3557,-0.447,0,fast,0.0,,0.0,500,400,1
1.447,776.0,1253.0,1160.0,1103.0,0.8793,1.252,1.017,1.4362,1.1345,,CRUISE,按区域分级巡航,,-0.3727,-0.4193,0,fast,0.0,,0.0,500,400,1
1.467,772.0,1229.0,1142.0,1095.0,0.8731,1.2321,1.0024,1.4262,1.1173,,CRUISE,按区域分级巡航,,-0.3591,-0.4237,0,fast,0.0,,0.0,500,400,1
1.487,770.0,1223.0,1152.0,1086.0,0.8607,1.1845,0.983,1.4094,1.0838,,CRUISE,按区域分级巡航,,-0.3238,-0.4264,0,fast,0.0,,0.0,500,400,1
1.507,761.0,1222.0,1151.0,1075.0,0.8545,1.1726,0.9806,1.3792,1.0766,,CRUISE,按区域分级巡航,,-0.3181,-0.3986,0,fast,0.0,,0.0,500,400,1
1.527,759.0,1208.0,1140.0,1053.0,0.8266,1.1706,0.9806,1.3423,1.0756,,CRUISE,按区域分级巡航,,-0.344,-0.3617,0,fast,0.0,,0.0,500,400,1
1.548,752.0,1184.0,1125.0,1037.0,0.8204,1.1429,0.9539,1.2685,1.0484,,CRUISE,按区域分级巡航,,-0.3224,-0.3146,0,fast,0.0,,0.0,500,400,1
1.568,743.0,1169.0,1104.0,1031.0,0.7988,1.0952,0.9175,1.2148,1.0064,,CRUISE,按区域分级巡航,,-0.2965,-0.2973,0,fast,0.0,,0.0,500,400,1
1.588,743.0,1169.0,1104.0,1031.0,0.7709,1.0655,0.8665,1.1946,0.966,,CRUISE,按区域分级巡航,,-0.2946,-0.3281,0,fast,0.0,,0.0,500,400,1
1.608,740.0,1147.0,1091.0,1028.0,0.7709,1.0655,0.8665,1.1946,0.966,,CRUISE,按区域分级巡航,,-0.2946,-0.3281,0,fast,0.0,,0.0,500,400,1
1.628,736.0,1133.0,1094.0,1029.0,0.7616,1.0218,0.8422,1.1879,0.932,,CRUISE,按区域分级巡航,,-0.2602,-0.3457,0,fast,0.0,,0.0,500,400,1
1.648,738.0,1120.0,1101.0,987.0,0.7554,0.994,0.8422,1.1846,0.9181,,CRUISE,按区域分级巡航,,-0.2386,-0.3423,0,fast,0.0,,0.0,500,400,1
1.668,727.0,1116.0,1091.0,1003.0,0.7492,0.9683,0.8422,1.1007,0.9052,,CRUISE,按区域分级巡航,,-0.219,-0.2584,0,fast,0.0,,0.0,500,400,1
1.688,716.0,1114.0,1090.0,988.0,0.7214,0.9603,0.835,1.0503,0.8976,,MEDIUM_CRUISE,按区域分级巡航,,-0.239,-0.2154,0,medium,0.0,,0.0,450,400,1
1.708,717.0,1108.0,1085.0,994.0,0.6904,0.9563,0.8325,1.0705,0.8944,,MEDIUM_CRUISE,按区域分级巡航,,-0.2659,-0.2379,0,medium,0.0,,0.0,450,400,1
1.729,707.0,1106.0,1077.0,986.0,0.6873,0.9444,0.8204,1.0503,0.8824,,MEDIUM_CRUISE,按区域分级巡航,,-0.2571,-0.2299,0,medium,0.0,,0.0,450,400,1
1.749,709.0,1105.0,1060.0,980.0,0.6656,0.9405,0.801,1.0436,0.8707,,MEDIUM_CRUISE,按区域分级巡航,,-0.2748,-0.2427,0,medium,0.0,,0.0,450,400,1
1.769,713.0,1099.0,1075.0,981.0,0.6656,0.9385,0.7961,1.0268,0.8673,,MEDIUM_CRUISE,按区域分级巡航,,-0.2729,-0.2307,0,medium,0.0,,0.0,450,400,1
1.789,728.0,1089.0,1088.0,980.0,0.678,0.9266,0.7961,1.0235,0.8614,,MEDIUM_CRUISE,按区域分级巡航,,-0.2486,-0.2274,0,medium,0.0,,0.0,450,400,1
1.809,716.0,1096.0,1084.0,993.0,0.6873,0.9206,0.818,1.0268,0.8693,,MEDIUM_CRUISE,按区域分级巡航,,-0.2333,-0.2089,0,medium,0.0,,0.0,450,400,1
1.829,706.0,1077.0,1068.0,986.0,0.6873,0.9067,0.818,1.0436,0.8624,,MEDIUM_CRUISE,按区域分级巡航,,-0.2194,-0.2257,0,medium,0.0,,0.0,450,400,1
1.849,690.0,1079.0,1070.0,951.0,0.6563,0.8869,0.784,1.0436,0.8354,,EDGE_AVOID,灰度趋势变暗，提前避让,left,-0.2306,-0.2596,0,slow,0.0,right,0.0,640,400,1
1.869,694.0,1056.0,1067.0,933.0,0.6192,0.8829,0.7791,0.9262,0.831,,EDGE_AVOID,灰度趋势变暗，提前避让,front,-0.2637,-0.147,0,slow,0.0,,0.0,-550,-550,1
1.889,686.0,1057.0,1064.0,972.0,0.6068,0.8433,0.7767,0.9262,0.81,,EDGE_AVOID,灰度趋势变暗，提前避让,front,-0.2364,-0.1495,0,slow,0.0,,0.0,-550,-550,1
1.91,681.0,1052.0,1034.0,983.0,0.5944,0.8413,0.7694,0.9966,0.8053,,EDGE_AVOID,灰度趋势变暗，提前避让,front,-0.2468,-0.2272,0,slow,0.0,,0.0,-550,-550,1
1.93,680.0,1031.0,1034.0,975.0,0.5789,0.8333,0.6966,1.0067,0.765,,EDGE_AVOID,灰度趋势变暗，提前避让,left,-0.2544,-0.3101,0,slow,0.0,right,0.0,640,400,1
1.95,671.0,1020.0,1029.0,966.0,0.5759,0.7917,0.6966,1.0067,0.7441,,EDGE_AVOID,灰度趋势变暗，提前避让,left,-0.2158,-0.3101,0,slow,0.0,right,0.0,640,400,1
1.97,665.0,1021.0,973.0,946.0,0.548,0.7718,0.6845,0.9765,0.7281,,EDGE_AVOID,灰度趋势变暗，提前避让,left,-0.2238,-0.292,0,slow,0.0,right,0.0,640,400,1
1.99,653.0,1015.0,950.0,937.0,0.5294,0.7698,0.5485,0.9094,0.6592,,EDGE_AVOID,灰度趋势变暗，提前避让,left,-0.2404,-0.3609,0,slow,0.0,right,0.0,640,400,1
2.01,637.0,1012.0,976.0,929.0,0.4923,0.7599,0.5485,0.8792,0.6542,,EDGE_AVOID,灰度趋势变暗，提前避让,left,-0.2677,-0.3307,0,slow,0.0,right,0.0,640,400,1
2.03,637.0,1012.0,976.0,929.0,0.4427,0.754,0.5558,0.8523,0.6549,,EDGE_AVOID,灰度趋势变暗，提前避让,front,-0.3112,-0.2965,0,slow,0.0,,0.0,-550,-550,1
2.05,633.0,1042.0,993.0,929.0,0.4427,0.754,0.5558,0.8523,0.6549,,EDGE_AVOID,灰度趋势变暗，提前避让,front,-0.3112,-0.2965,0,slow,0.0,,0.0,-550,-550,1
2.07,639.0,1065.0,1012.0,913.0,0.4427,0.8135,0.5971,0.8523,0.7053,,EDGE_AVOID,灰度趋势变暗，提前避让,front,-0.3708,-0.2553,0,slow,0.0,,0.0,-550,-550,1
2.09,645.0,1000.0,1013.0,919.0,0.4489,0.8135,0.6432,0.8188,0.7283,,EDGE_AVOID,灰度趋势变暗，提前避让,front,-0.3646,-0.1756,0,slow,0.0,,0.0,-550,-550,1
2.111,648.0,994.0,1005.0,901.0,0.4675,0.7302,0.6432,0.7987,0.6867,,EDGE_AVOID,灰度趋势变暗，提前避让,front,-0.2627,-0.1555,0,slow,0.0,,0.0,-550,-550,1
2.131,644.0,993.0,993.0,897.0,0.4675,0.7183,0.6262,0.7584,0.6722,,EDGE_AVOID,灰度趋势变暗，提前避让,front,-0.2508,-0.1322,0,slow,0.0,,0.0,-550,-550,1
2.151,630.0,994.0,992.0,894.0,0.4644,0.7183,0.5971,0.745,0.6577,,EDGE_AVOID,灰度趋势变暗，提前避让,front,-0.2539,-0.1479,0,slow,0.0,,0.0,-550,-550,1
2.171,620.0,960.0,975.0,890.0,0.4211,0.7163,0.5947,0.7349,0.6555,,EDGE_AVOID,灰度趋势变暗，提前避让,front,-0.2952,-0.1402,0,slow,0.0,,0.0,-550,-550,1
2.191,612.0,951.0,965.0,875.0,0.3901,0.6508,0.5534,0.7215,0.6021,,EDGE_AVOID,灰度趋势变暗，提前避让,front,-0.2607,-0.1681,0,slow,0.0,,0.0,-550,-550,1
2.211,609.0,955.0,963.0,864.0,0.3653,0.6409,0.5291,0.6711,0.585,,EDGE_AVOID,灰度趋势变暗，提前避让,front,-0.2755,-0.142,0,slow,0.0,,0.0,-550,-550,1
2.231,606.0,969.0,958.0,869.0,0.356,0.6409,0.5243,0.651,0.5826,,EDGE_AVOID,灰度趋势变暗，提前避让,front,-0.2848,-0.1267,0,slow,0.0,,0.0,-550,-550,1
2.251,603.0,970.0,947.0,879.0,0.3467,0.6687,0.5121,0.651,0.5816,,EDGE_AVOID,灰度趋势变暗，提前避让,front,-0.3219,-0.1389,0,slow,0.0,,0.0,-550,-550,1
2.271,598.0,972.0,933.0,885.0,0.3375,0.6706,0.4854,0.6846,0.578,,EDGE_AVOID,灰度趋势变暗，提前避让,front,-0.3332,-0.1991,0,slow,0.0,,0.0,-550,-550,1
2.291,595.0,972.0,926.0,884.0,0.322,0.6746,0.4515,0.7013,0.563,,EDGE_AVOID,灰度趋势变暗，提前避让,front,-0.3526,-0.2499,0,slow,0.0,,0.0,-550,-550,1
2.312,593.0,970.0,924.0,887.0,0.3127,0.6746,0.4345,0.7047,0.5545,,EDGE_AVOID,灰度趋势变暗，提前避让,front,-0.3619,-0.2702,0,slow,0.0,,0.0,-550,-550,1
2.332,592.0,971.0,924.0,889.0,0.3065,0.6726,0.4296,0.7114,0.5511,,EDGE_AVOID,灰度趋势变暗，提前避让,front,-0.3661,-0.2818,0,slow,0.0,,0.0,-550,-550,1
2.352,592.0,974.0,926.0,890.0,0.3034,0.6726,0.4296,0.7181,0.5511,,EDGE_AVOID,灰度趋势变暗，提前避让,front,-0.3692,-0.2885,0,slow,0.0,,0.0,-550,-550,1
2.372,592.0,974.0,925.0,889.0,0.3034,0.6786,0.432,0.7181,0.5553,,EDGE_AVOID,灰度趋势变暗，提前避让,front,-0.3752,-0.2861,0,slow,0.0,,0.0,-550,-550,1
2.392,592.0,973.0,925.0,888.0,0.3034,0.6786,0.432,0.7181,0.5553,,EDGE_AVOID,灰度趋势变暗，提前避让,front,-0.3752,-0.2861,0,slow,0.0,,0.0,-550,-550,1
2.412,592.0,975.0,924.0,888.0,0.3034,0.6786,0.432,0.7148,0.5553,,EDGE_AVOID,灰度趋势变暗，提前避让,front,-0.3752,-0.2827,0,slow,0.0,,0.0,-550,-550,1
2.432,592.0,975.0,924.0,889.0,0.3034,0.6806,0.4296,0.7148,0.5551,,EDGE_AVOID,灰度趋势变暗，提前避让,front,-0.3771,-0.2852,0,slow,0.0,,0.0,-550,-550,1
2.452,592.0,974.0,923.0,888.0,0.3034,0.6806,0.4296,0.7148,0.5551,,EDGE_AVOID,灰度趋势变暗，提前避让,front,-0.3771,-0.2852,0,slow,0.0,,0.0,-550,-550,1
2.472,592.0,974.0,923.0,888.0,0.3034,0.6786,0.4272,0.7148,0.5529,,EDGE_AVOID,灰度趋势变暗，提前避让,front,-0.3752,-0.2876,0,slow,0.0,,0.0,-550,-550,1
2.493,590.0,968.0,919.0,883.0,0.3034,0.6786,0.4272,0.7148,0.5529,,EDGE_AVOID,灰度趋势变暗，提前避让,front,-0.3752,-0.2876,0,slow,0.0,,0.0,-550,-550,1
2.513,594.0,969.0,924.0,880.0,0.3034,0.6687,0.4272,0.698,0.5479,,EDGE_AVOID,灰度趋势变暗，提前避让,front,-0.3652,-0.2708,0,slow,0.0,,0.0,-550,-550,1
2.533,597.0,967.0,930.0,867.0,0.3096,0.6667,0.4296,0.6879,0.5481,,EDGE_AVOID,灰度趋势变暗，提前避让,front,-0.3571,-0.2583,0,slow,0.0,,0.0,-550,-550,1
2.553,598.0,966.0,939.0,855.0,0.3189,0.6647,0.4442,0.6443,0.5442,,EDGE_AVOID,灰度趋势变暗，提前避让,front,-0.3458,-0.2001,0,slow,0.0,,0.0,-550,-550,1
2.573,601.0,948.0,950.0,862.0,0.322,0.6627,0.466,0.6275,0.5468,,EDGE_AVOID,灰度趋势变暗，提前避让,front,-0.3407,-0.1615,0,slow,0.0,,0.0,-550,-550,1
2.593,603.0,949.0,954.0,877.0,0.3313,0.629,0.4927,0.6275,0.5601,,EDGE_AVOID,灰度趋势变暗，提前避让,front,-0.2977,-0.1348,0,slow,0.0,,0.0,-550,-550,1
2.613,607.0,960.0,950.0,875.0,0.3375,0.629,0.4927,0.6711,0.5608,,EDGE_AVOID,灰度趋势变暗，提前避让,front,-0.2915,-0.1784,0,slow,0.0,,0.0,-550,-550,1
2.633,616.0,979.0,958.0,880.0,0.3498,0.6508,0.5024,0.6779,0.5766,,EDGE_AVOID,灰度趋势变暗，提前避让,front,-0.3009,-0.1754,0,slow,0.0,,0.0,-550,-550,1
2.653,632.0,994.0,973.0,890.0,0.3777,0.6885,0.5121,0.6879,0.6,,EDGE_AVOID,灰度趋势变暗，提前避让,front,-0.3108,-0.1758,0,slow,0.0,,0.0,-550,-550,1
2.673,643.0,997.0,979.0,889.0,0.4272,0.7183,0.5485,0.7181,0.6333,,EDGE_AVOID,灰度趋势变暗，提前避让,front,-0.291,-0.1696,0,slow,0.0,,0.0,-550,-550,1
2.694,644.0,1000.0,996.0,920.0,0.4613,0.7242,0.5631,0.7215,0.6423,,EDGE_AVOID,灰度趋势变暗，提前避让,front,-0.2629,-0.1584,0,slow,0.0,,0.0,-550,-550,1
2.714,642.0,1006.0,1003.0,931.0,0.4613,0.7302,0.6044,0.8221,0.6673,,EDGE_AVOID,灰度趋势变暗，提前避让,front,-0.2689,-0.2178,0,slow,0.0,,0.0,-550,-550,1
2.734,639.0,1011.0,1003.0,934.0,0.4582,0.7421,0.6214,0.8591,0.6817,,EDGE_AVOID,灰度趋势变暗，提前避让,front,-0.2839,-0.2377,0,slow,0.0,,0.0,-550,-550,1
2.754,647.0,1016.0,985.0,938.0,0.4582,0.752,0.6214,0.8691,0.6867,,EDGE_AVOID,灰度趋势变暗，提前避让,front,-0.2938,-0.2478,0,slow,0.0,,0.0,-550,-550,1
2.774,656.0,1027.0,1016.0,946.0,0.4737,0.7619,0.6214,0.8826,0.6916,,EDGE_AVOID,灰度趋势变暗，提前避让,front,-0.2882,-0.2612,0,slow,0.0,,0.0,-550,-550,1
2.794,664.0,1032.0,1024.0,951.0,0.5015,0.7837,0.6529,0.9094,0.7183,,EDGE_AVOID,灰度趋势变暗，提前避让,front,-0.2822,-0.2565,0,slow,0.0,,0.0,-550,-550,1
2.814,673.0,1043.0,1024.0,953.0,0.5263,0.7937,0.6723,0.9262,0.733,,EDGE_AVOID,灰度趋势变暗，提前避让,front,-0.2673,-0.2538,0,slow,0.0,,0.0,-550,-550,1
2.834,671.0,1051.0,1032.0,927.0,0.548,0.8155,0.6723,0.9262,0.7439,,EDGE_AVOID,灰度趋势变暗，提前避让,front,-0.2675,-0.2538,0,slow,0.0,,0.0,-550,-550,1
2.854,675.0,1059.0,1040.0,980.0,0.5542,0.8313,0.6917,0.9329,0.7615,,EDGE_AVOID,灰度趋势变暗，提前避让,front,-0.2772,-0.2411,0,slow,0.0,,0.0,-550,-550,1
2.874,686.0,1058.0,1058.0,994.0,0.5604,0.8452,0.7112,1.0235,0.7782,,EDGE_AVOID,灰度趋势变暗，提前避让,left,-0.2849,-0.3123,0,slow,0.0,right,0.0,640,400,1
2.895,686.0,1058.0,1058.0,994.0,0.5944,0.8452,0.7549,1.0705,0.8,,EDGE_AVOID,灰度趋势变暗，提前避让,left,-0.2508,-0.3156,0,slow,0.0,right,0.0,640,400,1
2.915,692.0,1072.0,1046.0,983.0,0.5944,0.8452,0.7549,1.0705,0.8,,EDGE_AVOID,灰度趋势变暗，提前避让,left,-0.2508,-0.3156,0,slow,0.0,right,0.0,640,400,1
2.935,701.0,1077.0,1056.0,982.0,0.613,0.873,0.75,1.0336,0.8115,,EDGE_AVOID,灰度趋势变暗，提前避让,left,-0.26,-0.2836,0,slow,0.0,right,0.0,640,400,1
2.955,701.0,1094.0,1068.0,987.0,0.6409,0.8829,0.75,1.0336,0.8165,,EDGE_AVOID,灰度趋势变暗，提前避让,left,-0.2421,-0.2836,0,slow,0.0,right,0.0,640,400,1
2.975,708.0,1115.0,1082.0,995.0,0.6409,0.9167,0.7791,1.047,0.8479,,EDGE_AVOID,灰度趋势变暗，提前避让,front,-0.2758,-0.2679,0,slow,0.0,,0.0,-550,-550,1
2.995,720.0,1127.0,1092.0,995.0,0.6625,0.9583,0.8131,1.0738,0.8857,,EDGE_AVOID,避让滞回，未恢复不退出,front,-0.2958,-0.2607,0,slow,0.0,,0.0,-550,-550,1
3.015,729.0,1124.0,1084.0,1003.0,0.6997,0.9762,0.818,1.0738,0.8971,,EDGE_AVOID,避让滞回，未恢复不退出,front,-0.2765,-0.2559,0,slow,0.0,,0.0,-550,-550,1
3.035,727.0,1144.0,1093.0,1032.0,0.7214,0.9821,0.8374,1.1007,0.9098,,EDGE_AVOID,避让滞回，未恢复不退出,left,-0.2608,-0.2633,0,slow,0.0,right,0.0,640,400,1
3.055,736.0,1156.0,1088.0,1050.0,0.7276,1.0159,0.8277,1.198,0.9218,,EDGE_AVOID,避让滞回，未恢复不退出,left,-0.2883,-0.3703,0,slow,0.0,right,0.0,640,400,1
3.076,737.0,1162.0,1087.0,1058.0,0.7492,1.0397,0.8277,1.2584,0.9337,,EDGE_AVOID,避让滞回，未恢复不退出,left,-0.2905,-0.4307,0,slow,0.0,right,0.0,640,400,1
3.096,735.0,1176.0,1100.0,1053.0,0.7492,1.0516,0.8277,1.2685,0.9396,,EDGE_AVOID,避让滞回，未恢复不退出,left,-0.3024,-0.4408,0,slow,0.0,right,0.0,640,400,1
3.116,747.0,1173.0,1104.0,1070.0,0.7523,1.0734,0.8568,1.2852,0.9651,,CRUISE,按区域分级巡航,,-0.3211,-0.4284,0,fast,0.0,,0.0,500,400,1
3.136,746.0,1173.0,1115.0,1082.0,0.7802,1.0734,0.8665,1.3255,0.97,,CRUISE,按区域分级巡航,,-0.2932,-0.459,0,fast,0.0,,0.0,500,400,1
3.156,748.0,1184.0,1130.0,1091.0,0.7833,1.0734,0.8932,1.3658,0.9833,,CRUISE,按区域分级巡航,,-0.2901,-0.4726,0,fast,0.0,,0.0,500,400,1
3.176,748.0,1197.0,1124.0,1088.0,0.7864,1.0952,0.915,1.3859,1.0051,,CRUISE,按区域分级巡航,,-0.3089,-0.4709,0,fast,0.0,,0.0,500,400,1
3.196,756.0,1204.0,1123.0,1094.0,0.7864,1.121,0.915,1.396,1.018,,CRUISE,按区域分级巡航,,-0.3347,-0.4809,0,fast,0.0,,0.0,500,400,1
3.216,763.0,1211.0,1133.0,1101.0,0.8111,1.1349,0.915,1.406,1.025,,CRUISE,按区域分级巡航,,-0.3238,-0.491,0,fast,0.0,,0.0,500,400,1
3.236,767.0,1214.0,1145.0,1099.0,0.8328,1.1488,0.9369,1.4228,1.0429,,CRUISE,按区域分级巡航,,-0.316,-0.4859,0,fast,0.0,,0.0,500,400,1
3.256,765.0,1213.0,1145.0,1090.0,0.839,1.1528,0.966,1.4228,1.0594,,CRUISE,按区域分级巡航,,-0.3138,-0.4568,0,fast,0.0,,0.0,500,400,1
3.277,768.0,1215.0,1147.0,1086.0,0.8452,1.1548,0.966,1.3926,1.0604,,CRUISE,按区域分级巡航,,-0.3096,-0.4266,0,fast,0.0,,0.0,500,400,1
3.297,768.0,1215.0,1147.0,1086.0,0.8483,1.1567,0.9709,1.3792,1.0638,,CRUISE,按区域分级巡航,,-0.3084,-0.4083,0,fast,0.0,,0.0,500,400,1
3.317,768.0,1215.0,1146.0,1087.0,0.8483,1.1567,0.9709,1.3792,1.0638,,CRUISE,按区域分级巡航,,-0.3084,-0.4083,0,fast,0.0,,0.0,500,400,1
3.337,771.0,1216.0,1147.0,1090.0,0.8483,1.1567,0.9709,1.3826,1.0638,,CRUISE,按区域分级巡航,,-0.3084,-0.4117,0,fast,0.0,,0.0,500,400,1
3.357,771.0,1211.0,1142.0,1089.0,0.8576,1.1567,0.9684,1.3893,1.0626,,CRUISE,按区域分级巡航,,-0.2992,-0.4208,0,fast,0.0,,0.0,500,400,1
3.377,771.0,1207.0,1134.0,1099.0,0.8576,1.1488,0.9587,1.3926,1.0538,,CRUISE,按区域分级巡航,,-0.2912,-0.4339,0,fast,0.0,,0.0,500,400,1
3.397,770.0,1204.0,1130.0,1098.0,0.8576,1.1409,0.9393,1.4195,1.0401,,CRUISE,按区域分级巡航,,-0.2833,-0.4801,0,fast,0.0,,0.0,500,400,1
3.418,773.0,1209.0,1135.0,1102.0,0.8576,1.1409,0.9393,1.4228,1.0401,,CRUISE,按区域分级巡航,,-0.2833,-0.4835,0,fast,0.0,,0.0,500,400,1
3.438,770.0,1207.0,1132.0,1096.0,0.8545,1.1409,0.9345,1.4195,1.0377,,CRUISE,按区域分级巡航,,-0.2864,-0.485,0,fast,0.0,,0.0,500,400,1
3.458,771.0,1210.0,1137.0,1098.0,0.8576,1.1448,0.9417,1.4195,1.0433,,CRUISE,按区域分级巡航,,-0.2873,-0.4777,0,fast,0.0,,0.0,500,400,1
3.478,769.0,1212.0,1138.0,1094.0,0.8545,1.1468,0.9466,1.4128,1.0467,,CRUISE,按区域分级巡航,,-0.2923,-0.4661,0,fast,0.0,,0.0,500,400,1
3.498,769.0,1214.0,1142.0,1096.0,0.8514,1.1508,0.949,1.4128,1.0499,,CRUISE,按区域分级巡航,,-0.2994,-0.4637,0,fast,0.0,,0.0,500,400,1
3.518,768.0,1211.0,1145.0,1096.0,0.8514,1.1508,0.9587,1.4128,1.0548,,CRUISE,按区域分级巡航,,-0.2994,-0.454,0,fast,0.0,,0.0,500,400,1
3.538,768.0,1208.0,1138.0,1097.0,0.8483,1.1488,0.9587,1.4128,1.0538,,CRUISE,按区域分级巡航,,-0.3005,-0.454,0,fast,0.0,,0.0,500,400,1
3.558,768.0,1205.0,1133.0,1100.0,0.8483,1.1429,0.949,1.4161,1.0459,,CRUISE,按区域分级巡航,,-0.2946,-0.4671,0,fast,0.0,,0.0,500,400,1
3.578,762.0,1202.0,1116.0,1095.0,0.8483,1.1369,0.9369,1.4161,1.0369,,CRUISE,按区域分级巡航,,-0.2886,-0.4792,0,fast,0.0,,0.0,500,400,1
3.599,755.0,1193.0,1123.0,1093.0,0.8297,1.131,0.9126,1.4094,1.0218,,CRUISE,按区域分级巡航,,-0.3012,-0.4968,0,fast,0.0,,0.0,500,400,1
3.619,749.0,1183.0,1132.0,1093.0,0.808,1.1131,0.9126,1.4027,1.0129,,CRUISE,按区域分级巡航,,-0.305,-0.4901,0,fast,0.0,,0.0,500,400,1
3.639,745.0,1173.0,1123.0,1094.0,0.7895,1.0933,0.9126,1.4027,1.0029,,CRUISE,按区域分级巡航,,-0.3038,-0.4901,0,fast,0.0,,0.0,500,400,1
3.659,745.0,1164.0,1116.0,1084.0,0.7771,1.0734,0.9126,1.4027,0.993,,CRUISE,按区域分级巡航,,-0.2963,-0.4901,0,fast,0.0,,0.0,500,400,1
3.679,745.0,1172.0,1109.0,1073.0,0.7771,1.0714,0.8956,1.3725,0.9835,,CRUISE,按区域分级巡航,,-0.2943,-0.4769,0,fast,0.0,,0.0,500,400,1
3.699,742.0,1172.0,1098.0,1051.0,0.7771,1.0714,0.8786,1.3356,0.975,,CRUISE,按区域分级巡航,,-0.2943,-0.4569,0,fast,0.0,,0.0,500,400,1
3.719,731.0,1161.0,1096.0,1048.0,0.7678,1.0714,0.8519,1.2617,0.9617,,CRUISE,按区域分级巡航,,-0.3036,-0.4098,0,fast,0.0,,0.0,500,400,1
3.739,736.0,1163.0,1090.0,1064.0,0.7492,1.0536,0.8471,1.2617,0.9503,,CRUISE,按区域分级巡航,,-0.3043,-0.4147,0,fast,0.0,,0.0,500,400,1
3.759,743.0,1159.0,1096.0,1064.0,0.7492,1.0496,0.8471,1.3054,0.9483,,CRUISE,按区域分级巡航,,-0.3004,-0.4583,0,fast,0.0,,0.0,500,400,1
3.779,733.0,1152.0,1100.0,1046.0,0.7492,1.0456,0.8471,1.3054,0.9464,,CRUISE,按区域分级巡航,,-0.2964,-0.4583,0,fast,0.0,,0.0,500,400,1
3.8,737.0,1129.0,1100.0,1026.0,0.7523,1.0317,0.8568,1.245,0.9443,,CRUISE,按区域分级巡航,,-0.2794,-0.3882,0,fast,0.0,,0.0,500,400,1
3.82,744.0,1123.0,1090.0,1012.0,0.7523,0.9861,0.8568,1.1779,0.9215,,CRUISE,按区域分级巡航,,-0.2338,-0.3211,0,fast,0.0,,0.0,500,400,1
3.84,733.0,1123.0,1088.0,1010.0,0.7523,0.9742,0.8325,1.1309,0.9034,,CRUISE,按区域分级巡航,,-0.2219,-0.2983,0,fast,0.0,,0.0,500,400,1
3.86,727.0,1114.0,1082.0,1006.0,0.7399,0.9742,0.8277,1.1242,0.9009,,CRUISE,按区域分级巡航,,-0.2343,-0.2965,0,fast,0.0,,0.0,500,400,1
3.88,727.0,1114.0,1082.0,1006.0,0.7214,0.9563,0.8131,1.1107,0.8847,,MEDIUM_CRUISE,按区域分级巡航,,-0.235,-0.2976,0,medium,0.0,,0.0,450,400,1
3.9,720.0,1107.0,1076.0,1009.0,0.7214,0.9563,0.8131,1.1107,0.8847,,MEDIUM_CRUISE,按区域分级巡航,,-0.235,-0.2976,0,medium,0.0,,0.0,450,400,1
3.92,712.0,1095.0,1070.0,1002.0,0.6997,0.9425,0.7985,1.1107,0.8705,,MEDIUM_CRUISE,按区域分级巡航,,-0.2428,-0.3122,0,medium,0.0,,0.0,450,400,1
3.94,713.0,1077.0,1066.0,996.0,0.678,0.9187,0.784,1.0973,0.8513,,MEDIUM_CRUISE,按区域分级巡航,,-0.2406,-0.3133,0,medium,0.0,,0.0,450,400,1
3.96,707.0,1072.0,1063.0,982.0,0.6749,0.8829,0.7743,1.0772,0.8286,,EDGE_AVOID,灰度趋势变暗，提前避让,left,-0.208,-0.3029,0,slow,0.0,right,0.0,640,400,1
3.98,709.0,1079.0,1076.0,991.0,0.6656,0.8829,0.7743,1.0604,0.8286,,EDGE_AVOID,灰度趋势变暗，提前避让,left,-0.2173,-0.2861,0,slow,0.0,right,0.0,640,400,1
4.0,711.0,1078.0,1073.0,988.0,0.6656,0.8849,0.7913,1.0503,0.8381,,EDGE_AVOID,灰度趋势变暗，提前避让,left,-0.2193,-0.2591,0,slow,0.0,right,0.0,640,400,1
4.02,710.0,1060.0,1072.0,982.0,0.6687,0.8849,0.7913,1.0503,0.8381,,EDGE_AVOID,灰度趋势变暗，提前避让,left,-0.2162,-0.2591,0,slow,0.0,right,0.0,640,400,1
4.041,708.0,1067.0,1060.0,992.0,0.6687,0.8631,0.7888,1.0503,0.826,,EDGE_AVOID,灰度趋势变暗，提前避让,left,-0.1944,-0.2615,0,slow,0.0,right,0.0,640,400,1
4.061,690.0,1065.0,1051.0,979.0,0.6625,0.8591,0.7597,1.0302,0.8094,,EDGE_AVOID,灰度趋势变暗，提前避让,left,-0.1966,-0.2705,0,slow,0.0,right,0.0,640,400,1
4.081,699.0,1054.0,1053.0,954.0,0.6347,0.8591,0.7427,1.0201,0.8009,,EDGE_AVOID,灰度趋势变暗，提前避让,left,-0.2245,-0.2774,0,slow,0.0,right,0.0,640,400,1
4.101,690.0,1059.0,1050.0,913.0,0.6068,0.8472,0.7379,0.9362,0.7925,,EDGE_AVOID,灰度趋势变暗，提前避让,front,-0.2404,-0.1984,0,slow,0.0,,0.0,-550,-550,1
4.121,684.0,1050.0,1038.0,959.0,0.6068,0.8373,0.7354,0.9362,0.7864,,EDGE_AVOID,灰度趋势变暗，提前避让,front,-0.2305,-0.2008,0,slow,0.0,,0.0,-550,-550,1
4.141,670.0,1040.0,985.0,957.0,0.5882,0.8294,0.7063,0.9463,0.7678,,EDGE_AVOID,灰度趋势变暗，提前避让,front,-0.2411,-0.24,0,slow,0.0,,0.0,-550,-550,1
4.161,669.0,1029.0,981.0,971.0,0.5449,0.8095,0.5777,0.953,0.6936,,EDGE_AVOID,灰度趋势变暗，提前避让,left,-0.2646,-0.3754,0,slow,0.0,right,0.0,640,400,1
4.181,657.0,1016.0,1001.0,972.0,0.5418,0.7877,0.5777,0.9933,0.6827,,EDGE_AVOID,灰度趋势变暗，提前避让,left,-0.2459,-0.4156,0,slow,0.0,right,0.0,640,400,1
4.201,647.0,1015.0,1016.0,959.0,0.5046,0.7619,0.6165,0.9933,0.6892,,EDGE_AVOID,灰度趋势变暗，提前避让,left,-0.2573,-0.3768,0,slow,0.0,right,0.0,640,400,1
4.221,645.0,1015.0,1021.0,952.0,0.4737,0.7599,0.6529,0.953,0.7064,,EDGE_AVOID,灰度趋势变暗，提前避让,left,-0.2862,-0.3001,0,slow,0.0,right,0.0,640,400,1
4.241,646.0,1005.0,1009.0,931.0,0.4706,0.7599,0.6529,0.9295,0.7064,,EDGE_AVOID,灰度趋势变暗，提前避让,front,-0.2893,-0.2766,0,slow,0.0,,0.0,-550,-550,1
4.261,643.0,1005.0,988.0,931.0,0.4675,0.7401,0.6359,0.8591,0.688,,EDGE_AVOID,灰度趋势变暗，提前避让,front,-0.2726,-0.2231,0,slow,0.0,,0.0,-550,-550,1
4.281,643.0,995.0,975.0,929.0,0.4613,0.7401,0.585,0.8591,0.6625,,EDGE_AVOID,灰度趋势变暗，提前避让,front,-0.2788,-0.2741,0,slow,0.0,,0.0,-550,-550,1
4.302,636.0,970.0,966.0,914.0,0.4613,0.7202,0.5534,0.8523,0.6368,,EDGE_AVOID,灰度趋势变暗，提前避让,left,-0.2589,-0.299,0,slow,0.0,right,0.0,640,400,1
4.322,626.0,966.0,973.0,906.0,0.4396,0.6706,0.5485,0.802,0.6096,,EDGE_AVOID,灰度趋势变暗，提前避让,left,-0.231,-0.2535,0,slow,0.0,right,0.0,640,400,1
4.342,621.0,991.0,972.0,912.0,0.4087,0.6706,0.5461,0.7953,0.6084,,EDGE_AVOID,灰度趋势变暗，提前避让,front,-0.262,-0.2492,0,slow,0.0,,0.0,-550,-550,1
4.362,640.0,992.0,1004.0,888.0,0.4087,0.7123,0.5485,0.7752,0.6304,,EDGE_AVOID,灰度趋势变暗，提前避让,front,-0.3036,-0.2266,0,slow,0.0,,0.0,-550,-550,1
4.382,632.0,964.0,1003.0,867.0,0.4272,0.7123,0.6214,0.7148,0.6668,,EDGE_AVOID,灰度趋势变暗，提前避让,front,-0.2851,-0.0934,0,slow,0.0,,0.0,-550,-550,1
4.402,631.0,961.0,980.0,852.0,0.4272,0.6587,0.6214,0.6443,0.6328,,EDGE_AVOID,灰度趋势变暗，提前避让,front,-0.2315,-0.0229,0,slow,0.0,,0.0,-550,-550,1
4.422,625.0,919.0,981.0,816.0,0.4241,0.6528,0.568,0.594,0.581,,EDGE_AVOID,灰度趋势变暗，提前避让,front,-0.2286,-0.026,0,slow,0.0,,0.0,-550,-550,1
4.442,620.0,881.0,976.0,757.0,0.4056,0.5694,0.5655,0.4732,0.5193,,EDGE_AVOID,灰度趋势变暗，提前避让,front,-0.1639,0.0924,0,slow,0.0,,0.0,-550,-550,1
4.462,620.0,861.0,1008.0,706.0,0.3901,0.494,0.568,0.2752,0.4421,,EDGE_AVOID,灰度趋势变暗，提前避让,right,-0.104,0.2928,0,slow,0.0,left,0.0,400,640,1
4.482,630.0,829.0,1072.0,637.0,0.3901,0.4544,0.6335,0.104,0.4222,,EDGE_AVOID,灰度趋势变暗，提前避让,right,-0.0643,0.5295,0,slow,0.0,left,0.0,400,640,1
4.502,628.0,810.0,1105.0,575.0,0.4149,0.3909,0.7888,-0.1275,0.4029,,EDGE_AVOID,灰度趋势变暗，提前避让,right,0.024,0.9164,0,slow,0.0,left,0.0,400,640,1
4.522,645.0,773.0,1103.0,520.0,0.4211,0.3532,0.8641,-0.3356,0.3871,,EDGE_AVOID,灰度趋势变暗，提前避让,right,0.0679,1.1996,0,slow,0.0,left,0.0,400,640,1
4.542,680.0,724.0,1088.0,462.0,0.4675,0.2798,0.8641,-0.5201,0.3736,,EDGE_AVOID,灰度趋势变暗，提前避让,right,0.1877,1.3842,0,slow,0.0,left,0.0,400,640,1
4.563,672.0,681.0,949.0,409.0,0.5511,0.1825,0.8277,-0.7148,0.3668,,EDGE_AVOID,灰度趋势变暗，提前避让,right,0.3685,1.5424,0,slow,0.0,left,0.0,400,640,1
4.583,610.0,637.0,801.0,367.0,0.5511,0.0972,0.4903,-0.8926,0.2938,,EDGE_AVOID,灰度趋势变暗，提前避让,right,0.4539,1.3829,1,slow,0.0,left,0.0,400,640,1
4.603,527.0,595.0,708.0,337.0,0.3591,0.0099,0.1311,-1.0336,0.0705,,EDGE_AVOID,灰度趋势变暗，提前避让,right,0.3492,1.1646,1,slow,0.0,left,0.0,400,640,1
4.623,455.0,552.0,654.0,310.0,0.1022,-0.0734,-0.0947,-1.1342,-0.084,,EDGE_TURN,进入危险区，直接大转 180 度,right,0.1756,1.0396,1,danger_turn,180.0,left,0.95,-600,600,1
4.643,455.0,552.0,654.0,310.0,-0.1207,-0.1587,-0.2257,-1.2248,-0.1922,,EDGE_TURN,进入危险区，直接大转 180 度,right,0.038,0.9991,1,danger_turn,180.0,left,0.95,-600,600,1
4.663,411.0,530.0,646.0,297.0,-0.1207,-0.1587,-0.2257,-1.2248,-0.1922,,EDGE_TURN,进入危险区，直接大转 180 度,right,0.038,0.9991,1,danger_turn,180.0,left,0.95,-600,600,1
4.683,402.0,544.0,666.0,301.0,-0.257,-0.1746,-0.2257,-1.255,-0.2413,,EDGE_TURN,进入危险区，直接大转 180 度,right,-0.0824,1.0293,1,danger_turn,180.0,left,0.95,-600,600,1
4.703,423.0,587.0,702.0,330.0,-0.257,-0.1746,-0.1966,-1.255,-0.2268,,EDGE_TURN,进入危险区，直接大转 180 度,right,-0.0824,1.0584,1,danger_turn,180.0,left,0.95,-600,600,1
4.723,464.0,664.0,731.0,396.0,-0.2198,-0.0893,-0.1092,-1.1577,-0.1645,,EDGE_TURN,进入危险区，直接大转 180 度,right,-0.1305,1.0485,1,danger_turn,180.0,left,0.95,-600,600,1
4.743,530.0,807.0,761.0,632.0,-0.0929,0.0635,-0.0388,-0.9362,-0.0659,,EDGE_TURN,进入危险区，直接大转 180 度,right,-0.1564,0.8974,1,danger_turn,180.0,left,0.95,-600,600,1
4.763,637.0,1056.0,795.0,1382.0,0.1115,0.3472,0.034,-0.1443,0.0727,,EDGE_TURN,进入危险区，直接大转 180 度,right,-0.2358,0.1783,1,danger_turn,180.0,left,0.95,-600,600,1
4.784,670.0,1042.0,801.0,1415.0,0.4427,0.8135,0.1165,2.3725,0.6281,,EDGE_TURN,进入危险区，直接大转 180 度,right,-0.3708,-2.256,0,danger_turn,180.0,left,0.95,-600,600,1
4.804,676.0,1043.0,786.0,1478.0,0.5449,0.8155,0.1165,2.4832,0.6802,,EDGE_TURN,进入危险区，直接大转 180 度,right,-0.2706,-2.3667,0,danger_turn,180.0,left,0.95,-600,600,1
4.824,715.0,1137.0,797.0,1413.0,0.5635,0.8155,0.1214,2.4832,0.6895,,EDGE_TURN,进入危险区，直接大转 180 度,right,-0.252,-2.3619,0,danger_turn,180.0,left,0.95,-600,600,1
4.844,757.0,1179.0,821.0,1424.0,0.6842,1.002,0.1214,2.5134,0.8431,,EDGE_TURN,进入危险区，直接大转 180 度,right,-0.3178,-2.3921,0,danger_turn,180.0,left,0.95,-600,600,1
4.864,776.0,1177.0,818.0,1498.0,0.8142,1.0813,0.1723,2.5134,0.9478,,EDGE_TURN,进入危险区，直接大转 180 度,right,-0.2671,-2.3411,0,danger_turn,180.0,left,0.95,-600,600,1
4.884,788.0,1165.0,813.0,1295.0,0.8731,1.0813,0.1723,2.5134,0.9772,,EDGE_TURN,进入危险区，直接大转 180 度,right,-0.2083,-2.3411,0,danger_turn,180.0,left,0.95,-600,600,1
4.904,801.0,1191.0,816.0,778.0,0.9102,1.0813,0.1675,2.0805,0.9958,,EDGE_TURN,进入危险区，直接大转 180 度,right,-0.1711,-1.9131,0,danger_turn,180.0,left,0.95,-600,600,1
4.925,806.0,1216.0,822.0,671.0,0.9505,1.1091,0.1675,0.3456,0.6481,,EDGE_TURN,进入危险区，直接大转 180 度,right,-0.1587,-0.1782,0,danger_turn,180.0,left,0.95,-600,600,1
4.945,816.0,1172.0,828.0,669.0,0.9659,1.1091,0.182,-0.0134,0.574,,EDGE_TURN,进入危险区，直接大转 180 度,right,-0.1432,0.1955,0,danger_turn,180.0,left,0.95,-600,600,1
4.965,821.0,1129.0,829.0,676.0,0.9969,1.0714,0.1966,-0.0134,0.5968,,EDGE_TURN,进入危险区，直接大转 180 度,right,-0.0745,0.21,0,danger_turn,180.0,left,0.95,-600,600,1
4.985,825.0,1101.0,828.0,683.0,1.0124,0.9861,0.1966,0.0034,0.5914,,EDGE_TURN,进入危险区，直接大转 180 度,right,0.0263,0.1932,0,danger_turn,180.0,left,0.95,-600,600,1
5.005,832.0,1073.0,840.0,690.0,1.0248,0.9306,0.199,0.0268,0.5648,,EDGE_TURN,进入危险区，直接大转 180 度,right,0.0942,0.1722,0,danger_turn,180.0,left,0.95,-600,600,1
5.025,834.0,1038.0,831.0,691.0,1.0464,0.875,0.2039,0.0503,0.5394,,EDGE_TURN,进入危险区，直接大转 180 度,right,0.1714,0.1535,0,danger_turn,180.0,left,0.95,-600,600,1
5.045,839.0,1008.0,825.0,696.0,1.0526,0.8056,0.2039,0.0537,0.5047,,EDGE_TURN,进入危险区，直接大转 180 度,right,0.2471,0.1502,0,danger_turn,180.0,left,0.95,-600,600,1
5.065,844.0,996.0,823.0,703.0,1.0681,0.746,0.1893,0.0705,0.4677,,EDGE_TURN,进入危险区，直接大转 180 度,right,0.3221,0.1189,0,danger_turn,180.0,left,0.95,-600,600,1
5.085,867.0,1007.0,849.0,736.0,1.0836,0.744,0.1893,0.094,0.4667,,EDGE_TURN,进入危险区，直接大转 180 度,right,0.3395,0.0954,0,danger_turn,180.0,left,0.95,-600,600,1
5.105,890.0,1017.0,866.0,792.0,1.1548,0.744,0.2476,0.2047,0.4958,,EDGE_TURN,进入危险区，直接大转 180 度,right,0.4108,0.0429,0,danger_turn,180.0,left,0.95,-600,600,1
5.126,890.0,1017.0,866.0,792.0,1.226,0.7639,0.2888,0.3926,0.5783,,EDGE_TURN,进入危险区，直接大转 180 度,right,0.4621,-0.1038,0,danger_turn,180.0,left,0.95,-600,600,1
5.146,875.0,1038.0,870.0,822.0,1.226,0.7639,0.2888,0.3926,0.5783,,EDGE_TURN,进入危险区，直接大转 180 度,right,0.4621,-0.1038,0,danger_turn,180.0,left,0.95,-600,600,1
5.166,880.0,1064.0,877.0,869.0,1.195,0.8056,0.2985,0.4933,0.6494,,EDGE_TURN,进入危险区，直接大转 180 度,right,0.3895,-0.1947,0,danger_turn,180.0,left,0.95,-600,600,1
5.186,885.0,1077.0,889.0,925.0,1.195,0.8571,0.3155,0.651,0.7541,,EDGE_TURN,进入危险区，直接大转 180 度,right,0.3379,-0.3355,0,danger_turn,180.0,left,0.95,-600,600,1
5.206,880.0,1104.0,910.0,980.0,1.195,0.8829,0.3447,0.8389,0.8609,,EDGE_TURN,进入危险区，直接大转 180 度,right,0.3121,-0.4943,0,danger_turn,180.0,left,0.95,-600,600,1
5.226,893.0,1139.0,940.0,1061.0,1.2105,0.9365,0.3956,1.0235,0.98,,EDGE_TURN,进入危险区，直接大转 180 度,right,0.274,-0.6279,0,danger_turn,180.0,left,0.95,-600,600,1
5.246,932.0,1210.0,997.0,1158.0,1.2353,1.006,0.4684,1.2953,1.1206,,EDGE_TURN,进入危险区，直接大转 180 度,right,0.2293,-0.8269,0,danger_turn,180.0,left,0.95,-600,600,1
5.266,1014.0,1342.0,1124.0,1300.0,1.356,1.1468,0.6068,1.6208,1.2514,,EDGE_TURN,进入危险区，直接大转 180 度,right,0.2092,-1.014,0,danger_turn,180.0,left,0.95,-600,600,1
5.286,1115.0,1472.0,1229.0,1369.0,1.6099,1.4087,0.915,2.0973,1.5093,,EDGE_TURN,进入危险区，直接大转 180 度,right,0.2012,-1.1823,0,danger_turn,180.0,left,0.95,-600,600,1
5.307,1156.0,1511.0,1308.0,1433.0,1.9226,1.6667,1.1699,2.3289,1.7946,,EDGE_TURN,进入危险区，直接大转 180 度,right,0.2559,-1.159,0,danger_turn,180.0,left,0.95,-600,600,1
5.327,1263.0,1662.0,1451.0,1524.0,2.0495,1.744,1.3617,2.5436,1.8968,,EDGE_TURN,进入危险区，直接大转 180 度,right,0.3055,-1.182,0,danger_turn,180.0,left,0.95,-600,600,1
5.347,1377.0,1847.0,1682.0,1566.0,2.3808,2.0437,1.7087,2.849,2.2122,,EDGE_TURN,进入危险区，直接大转 180 度,right,0.3372,-1.1403,0,danger_turn,180.0,left,0.95,-600,600,1
5.367,1360.0,1794.0,1666.0,1560.0,2.6811,2.3056,2.2306,2.9698,2.4933,,EDGE_TURN,进入危险区，直接大转 180 度,right,0.3756,-0.7392,0,danger_turn,180.0,left,0.95,-600,600,1
5.387,1379.0,1811.0,1652.0,1578.0,2.7337,2.3393,2.2306,2.9899,2.5365,,EDGE_TURN,进入危险区，直接大转 180 度,right,0.3945,-0.7594,0,danger_turn,180.0,left,0.95,-600,600,1
5.407,1394.0,1845.0,1706.0,1582.0,2.7399,2.3393,2.2306,3.0302,2.5396,,EDGE_TURN,进入危险区，直接大转 180 度,right,0.4007,-0.7996,0,danger_turn,180.0,left,0.95,-600,600,1
5.427,1403.0,1845.0,1699.0,1588.0,2.7864,2.4067,2.3107,3.0436,2.5966,,EDGE_TURN,进入危险区，直接大转 180 度,right,0.3796,-0.7329,0,danger_turn,180.0,left,0.95,-600,600,1
5.447,1423.0,1847.0,1736.0,1598.0,2.8142,2.4067,2.3277,3.0638,2.6105,,EDGE_TURN,进入危险区，直接大转 180 度,right,0.4075,-0.7361,0,danger_turn,180.0,left,0.95,-600,600,1
5.467,1405.0,1838.0,1707.0,1577.0,2.8204,2.4067,2.3301,3.0638,2.6136,,EDGE_TURN,进入危险区，直接大转 180 度,right,0.4137,-0.7337,0,danger_turn,180.0,left,0.95,-600,600,1
5.488,1414.0,1813.0,1709.0,1584.0,2.8483,2.3929,2.335,3.0503,2.6206,,EDGE_TURN,进入危险区，直接大转 180 度,right,0.4554,-0.7154,0,danger_turn,180.0,left,0.95,-600,600,1
5.508,1419.0,1794.0,1683.0,1567.0,2.8483,2.3433,2.3301,3.0268,2.5958,,EDGE_TURN,进入危险区，直接大转 180 度,right,0.505,-0.6967,0,danger_turn,180.0,left,0.95,-600,600,1
5.528,1404.0,1776.0,1668.0,1570.0,2.8483,2.3056,2.2718,3.0034,2.5769,,EDGE_TURN,进入危险区，直接大转 180 度,right,0.5427,-0.7315,0,danger_turn,180.0,left,0.95,-600,600,1
5.548,1404.0,1776.0,1668.0,1570.0,2.8173,2.2698,2.2354,3.0034,2.5436,,EDGE_TURN,进入危险区，直接大转 180 度,right,0.5475,-0.7679,0,danger_turn,180.0,left,0.95,-600,600,1
5.568,1411.0,1802.0,1660.0,1578.0,2.8173,2.2698,2.2354,3.0034,2.5436,,EDGE_TURN,进入危险区，直接大转 180 度,right,0.5475,-0.7679,0,danger_turn,180.0,left,0.95,-600,600,1
5.588,1408.0,1800.0,1689.0,1559.0,2.8297,2.3175,2.2354,3.0034,2.5736,,RECOVER_FORWARD,180 度转向完成，向前离开边缘,right,0.5123,-0.7679,0,danger,0.0,,0.0,550,550,1
5.608,1383.0,1827.0,1720.0,1581.0,2.8297,2.3214,2.2864,3.0302,2.5756,,RECOVER_FORWARD,180 度转向完成，向前离开边缘,right,0.5083,-0.7438,0,danger,0.0,,0.0,550,550,1
5.628,1353.0,1818.0,1724.0,1585.0,2.7523,2.3532,2.3617,3.0403,2.557,,RECOVER_FORWARD,180 度转向完成，向前离开边缘,right,0.3991,-0.6786,0,danger,0.0,,0.0,550,550,1
5.648,1353.0,1828.0,1749.0,1590.0,2.6594,2.371,2.3714,3.0537,2.5154,,RECOVER_FORWARD,180 度转向完成，向前离开边缘,right,0.2884,-0.6823,0,danger,0.0,,0.0,550,550,1
5.669,1356.0,1832.0,1739.0,1608.0,2.6594,2.373,2.4078,3.0705,2.5336,,RECOVER_FORWARD,180 度转向完成，向前离开边缘,right,0.2864,-0.6627,0,danger,0.0,,0.0,550,550,1
5.689,1379.0,1827.0,1739.0,1598.0,2.6687,2.373,2.4078,3.0973,2.5382,,RECOVER_FORWARD,180 度转向完成，向前离开边缘,right,0.2957,-0.6895,0,danger,0.0,,0.0,550,550,1
5.709,1369.0,1820.0,1736.0,1605.0,2.709,2.371,2.4078,3.1208,2.5584,,RECOVER_FORWARD,180 度转向完成，向前离开边缘,right,0.3379,-0.713,0,danger,0.0,,0.0,550,550,1
5.729,1377.0,1838.0,1760.0,1597.0,2.7337,2.371,2.4078,3.0973,2.5708,,RECOVER_FORWARD,180 度转向完成，向前离开边缘,right,0.3627,-0.6895,0,danger,0.0,,0.0,550,550,1
5.749,1376.0,1844.0,1724.0,1607.0,2.7307,2.3929,2.4005,3.1208,2.5656,,RECOVER_FORWARD,180 度转向完成，向前离开边缘,right,0.3378,-0.7203,0,danger,0.0,,0.0,550,550,1
5.769,1382.0,1820.0,1747.0,1605.0,2.7337,2.3929,2.4272,3.1208,2.5805,,RECOVER_FORWARD,180 度转向完成，向前离开边缘,right,0.3409,-0.6936,0,danger,0.0,,0.0,550,550,1
5.789,1376.0,1827.0,1749.0,1602.0,2.7307,2.371,2.4272,3.1208,2.5789,,RECOVER_FORWARD,180 度转向完成，向前离开边缘,right,0.3596,-0.6936,0,danger,0.0,,0.0,550,550,1
5.809,1384.0,1840.0,1736.0,1615.0,2.7492,2.371,2.4272,3.1208,2.5882,,RECOVER_FORWARD,180 度转向完成，向前离开边缘,right,0.3782,-0.6936,0,danger,0.0,,0.0,550,550,1
5.829,1387.0,1830.0,1741.0,1601.0,2.7554,2.377,2.4126,3.1107,2.584,,RECOVER_FORWARD,180 度转向完成，向前离开边缘,right,0.3784,-0.6981,0,danger,0.0,,0.0,550,550,1
5.849,1393.0,1838.0,1737.0,1609.0,2.7647,2.3929,2.4029,3.1342,2.5838,,RECOVER_FORWARD,180 度转向完成，向前离开边缘,right,0.3718,-0.7313,0,danger,0.0,,0.0,550,550,1
5.87,1389.0,1813.0,1715.0,1631.0,2.7709,2.377,2.4029,3.1342,2.5869,,RECOVER_FORWARD,180 度转向完成，向前离开边缘,right,0.3939,-0.7313,0,danger,0.0,,0.0,550,550,1
5.89,1388.0,1819.0,1701.0,1598.0,2.7709,2.3552,2.3495,3.1342,2.563,,RECOVER_FORWARD,180 度转向完成，向前离开边缘,right,0.4157,-0.7847,0,danger,0.0,,0.0,550,550,1
5.91,1375.0,1816.0,1717.0,1597.0,2.7678,2.3492,2.3495,3.0973,2.5587,,RECOVER_FORWARD,180 度转向完成，向前离开边缘,right,0.4186,-0.7478,0,danger,0.0,,0.0,550,550,1
5.93,1380.0,1836.0,1712.0,1586.0,2.743,2.3552,2.3422,3.094,2.5491,,RECOVER_FORWARD,180 度转向完成，向前离开边缘,right,0.3879,-0.7517,0,danger,0.0,,0.0,550,550,1
5.95,1392.0,1817.0,1710.0,1595.0,2.743,2.3512,2.3422,3.0872,2.5471,,RECOVER_FORWARD,180 度转向完成，向前离开边缘,right,0.3918,-0.745,0,danger,0.0,,0.0,550,550,1
5.971,1366.0,1811.0,1708.0,1520.0,2.743,2.3512,2.3374,3.057,2.5471,,RECOVER_FORWARD,180 度转向完成，向前离开边缘,right,0.3918,-0.7197,0,danger,0.0,,0.0,550,550,1
5.993,1360.0,1823.0,1695.0,1505.0,2.6997,2.3512,2.3325,2.8356,2.5254,,RECOVER_FORWARD,180 度转向完成，向前离开边缘,right,0.3485,-0.503,0,danger,0.0,,0.0,550,550,1
6.014,1378.0,1805.0,1680.0,1561.0,2.6997,2.3393,2.301,2.8356,2.5195,,RECOVER_FORWARD,180 度转向完成，向前离开边缘,right,0.3604,-0.5346,0,danger,0.0,,0.0,550,550,1
6.035,1373.0,1801.0,1650.0,1568.0,2.7214,2.3274,2.2646,2.9732,2.5244,,RECOVER_FORWARD,180 度转向完成，向前离开边缘,right,0.394,-0.7086,0,danger,0.0,,0.0,550,550,1
6.056,1366.0,1824.0,1628.0,1562.0,2.7214,2.3274,2.1917,2.9765,2.5244,,RECOVER_FORWARD,180 度转向完成，向前离开边缘,right,0.394,-0.7848,0,danger,0.0,,0.0,550,550,1
6.077,1364.0,1803.0,1606.0,1531.0,2.6997,2.3234,2.1383,2.9765,2.5116,,RECOVER_FORWARD,180 度转向完成，向前离开边缘,right,0.3763,-0.8382,0,danger,0.0,,0.0,550,550,1
6.098,1364.0,1803.0,1606.0,1531.0,2.6935,2.3234,2.085,2.8725,2.5085,,RECOVER_FORWARD,180 度转向完成，向前离开边缘,right,0.3701,-0.7875,0,danger,0.0,,0.0,550,550,1
6.118,1367.0,1820.0,1572.0,1571.0,2.6935,2.3234,2.085,2.8725,2.5085,,RECOVER_FORWARD,180 度转向完成，向前离开边缘,right,0.3701,-0.7875,0,danger,0.0,,0.0,550,550,1
6.138,1372.0,1815.0,1641.0,1563.0,2.7028,2.3472,2.085,2.9799,2.525,,RECOVER_FORWARD,180 度转向完成，向前离开边缘,right,0.3556,-0.8949,0,danger,0.0,,0.0,550,550,1
6.158,1366.0,1817.0,1681.0,1568.0,2.7028,2.3512,2.1699,2.9966,2.527,,RECOVER_FORWARD,180 度转向完成，向前离开边缘,right,0.3516,-0.8267,0,danger,0.0,,0.0,550,550,1
6.179,1361.0,1829.0,1697.0,1539.0,2.6997,2.3512,2.267,2.9799,2.5254,,RECOVER_FORWARD,180 度转向完成，向前离开边缘,right,0.3485,-0.7129,0,danger,0.0,,0.0,550,550,1
6.199,1353.0,1824.0,1715.0,1564.0,2.6842,2.3651,2.3058,2.9832,2.5246,,RECOVER_FORWARD,180 度转向完成，向前离开边缘,right,0.3191,-0.6774,0,danger,0.0,,0.0,550,550,1
6.219,1368.0,1794.0,1725.0,1557.0,2.6842,2.3651,2.3495,2.9597,2.5246,,RECOVER_FORWARD,180 度转向完成，向前离开边缘,right,0.3191,-0.6102,0,danger,0.0,,0.0,550,550,1
6.239,1371.0,1780.0,1723.0,1575.0,2.7059,2.3056,2.3689,2.9832,2.5374,,RECOVER_FORWARD,180 度转向完成，向前离开边缘,right,0.4003,-0.6143,0,danger,0.0,,0.0,550,550,1
6.259,1361.0,1818.0,1708.0,1586.0,2.7059,2.3056,2.3689,3.0201,2.5374,,RECOVER_FORWARD,180 度转向完成，向前离开边缘,right,0.4003,-0.6512,0,danger,0.0,,0.0,550,550,1
6.279,1377.0,1808.0,1732.0,1589.0,2.7152,2.3333,2.3689,3.057,2.5421,,RECOVER_FORWARD,180 度转向完成，向前离开边缘,right,0.3818,-0.6881,0,danger,0.0,,0.0,550,550,1
6.299,1377.0,1805.0,1748.0,1586.0,2.7337,2.3333,2.3908,3.057,2.5623,,RECOVER_FORWARD,180 度转向完成，向前离开边缘,right,0.4004,-0.6663,0,danger,0.0,,0.0,550,550,1
6.319,1397.0,1804.0,1769.0,1574.0,2.7337,2.3274,2.4296,3.057,2.5817,,RECOVER_FORWARD,180 度转向完成，向前离开边缘,right,0.4064,-0.6274,0,danger,0.0,,0.0,550,550,1
6.339,1384.0,1782.0,1740.0,1572.0,2.7554,2.3254,2.4296,3.0168,2.5925,,RECOVER_FORWARD,180 度转向完成，向前离开边缘,right,0.43,-0.5872,0,danger,0.0,,0.0,550,550,1
6.36,1395.0,1801.0,1745.0,1563.0,2.7895,2.3194,2.4223,3.0101,2.6059,,RECOVER_FORWARD,180 度转向完成，向前离开边缘,right,0.47,-0.5877,0,danger,0.0,,0.0,550,550,1
6.38,1396.0,1792.0,1737.0,1579.0,2.7895,2.3016,2.4102,3.0101,2.5998,,RECOVER_FORWARD,180 度转向完成，向前离开边缘,right,0.4879,-0.5999,0,danger,0.0,,0.0,550,550,1
6.4,1388.0,1787.0,1746.0,1579.0,2.7895,2.3016,2.4223,3.0336,2.6059,,RECOVER_FORWARD,180 度转向完成，向前离开边缘,right,0.4879,-0.6112,0,danger,0.0,,0.0,550,550,1
6.42,1390.0,1786.0,1733.0,1564.0,2.774,2.2917,2.4029,3.0336,2.5885,,RECOVER_FORWARD,180 度转向完成，向前离开边缘,right,0.4823,-0.6306,0,danger,0.0,,0.0,550,550,1
6.44,1391.0,1786.0,1717.0,1570.0,2.774,2.2897,2.3932,3.0034,2.5836,,RECOVER_FORWARD,180 度转向完成，向前离开边缘,right,0.4843,-0.6102,0,danger,0.0,,0.0,550,550,1
6.46,1386.0,1798.0,1731.0,1555.0,2.774,2.2897,2.3883,2.9832,2.5812,,RECOVER_FORWARD,180 度转向完成，向前离开边缘,right,0.4843,-0.5949,0,danger,0.0,,0.0,550,550,1
6.48,1399.0,1789.0,1710.0,1566.0,2.7771,2.2956,2.3544,2.9899,2.5657,,RECOVER_FORWARD,180 度转向完成，向前离开边缘,right,0.4815,-0.6356,0,danger,0.0,,0.0,550,550,1
6.5,1389.0,1811.0,1718.0,1569.0,2.7709,2.3135,2.3568,2.9899,2.5638,,RECOVER_FORWARD,180 度转向完成，向前离开边缘,right,0.4574,-0.6331,0,danger,0.0,,0.0,550,550,1
6.52,1389.0,1811.0,1718.0,1569.0,2.7709,2.3393,2.3568,3.0,2.5638,,RECOVER_FORWARD,180 度转向完成，向前离开边缘,right,0.4316,-0.6432,0,danger,0.0,,0.0,550,550,1
6.54,1395.0,1837.0,1740.0,1584.0,2.7709,2.3393,2.3568,3.0,2.5638,,RECOVER_FORWARD,180 度转向完成，向前离开边缘,right,0.4316,-0.6432,0,danger,0.0,,0.0,550,550,1
6.561,1383.0,1810.0,1724.0,1571.0,2.7709,2.3393,2.3714,3.0067,2.5711,,RECOVER_FORWARD,180 度转向完成，向前离开边缘,right,0.4316,-0.6354,0,danger,0.0,,0.0,550,550,1
6.581,1400.0,1814.0,1731.0,1584.0,2.7895,2.3452,2.3883,3.0503,2.5889,,RECOVER_FORWARD,180 度转向完成，向前离开边缘,right,0.4442,-0.662,0,danger,0.0,,0.0,550,550,1
6.601,1409.0,1812.0,1731.0,1587.0,2.805,2.3413,2.3883,3.0503,2.5967,,RECOVER_FORWARD,180 度转向完成，向前离开边缘,right,0.4637,-0.662,0,danger,0.0,,0.0,550,550,1
6.621,1417.0,1817.0,1732.0,1575.0,2.8328,2.3452,2.3883,3.0503,2.6106,,RECOVER_FORWARD,180 度转向完成，向前离开边缘,right,0.4876,-0.662,0,danger,0.0,,0.0,550,550,1
6.641,1428.0,1824.0,1725.0,1603.0,2.8576,2.3512,2.3883,3.0604,2.623,,RECOVER_FORWARD,180 度转向完成，向前离开边缘,right,0.5064,-0.6721,0,danger,0.0,,0.0,550,550,1
6.661,1424.0,1813.0,1711.0,1580.0,2.8793,2.3512,2.3738,3.0369,2.6265,,RECOVER_FORWARD,180 度转向完成，向前离开边缘,right,0.5281,-0.6631,0,danger,0.0,,0.0,550,550,1
6.681,1426.0,1807.0,1714.0,1579.0,2.8854,2.3433,2.3471,3.0369,2.6163,,RECOVER_FORWARD,180 度转向完成，向前离开边缘,right,0.5422,-0.6898,0,danger,0.0,,0.0,550,550,1
6.701,1434.0,1814.0,1725.0,1593.0,2.8854,2.3433,2.3471,3.0369,2.6163,,RECOVER_FORWARD,180 度转向完成，向前离开边缘,right,0.5422,-0.6898,0,danger,0.0,,0.0,550,550,1
6.721,1433.0,1809.0,1710.0,1592.0,2.9071,2.3353,2.3471,3.0772,2.6271,,RECOVER_FORWARD,180 度转向完成，向前离开边缘,right,0.5718,-0.7301,0,danger,0.0,,0.0,550,550,1
6.741,1420.0,1825.0,1717.0,1597.0,2.9071,2.3452,2.3544,3.0805,2.6307,,RECOVER_FORWARD,180 度转向完成，向前离开边缘,right,0.5619,-0.7262,0,danger,0.0,,0.0,550,550,1
6.762,1421.0,1844.0,1718.0,1613.0,2.87,2.3671,2.3544,3.094,2.6185,,RECOVER_FORWARD,180 度转向完成，向前离开边缘,right,0.5029,-0.7396,0,danger,0.0,,0.0,550,550,1
6.782,1421.0,1864.0,1732.0,1616.0,2.87,2.4048,2.3568,3.1477,2.6374,,RECOVER_FORWARD,180 度转向完成，向前离开边缘,right,0.4652,-0.7909,0,danger,0.0,,0.0,550,550,1
6.802,1403.0,1849.0,1736.0,1613.0,2.87,2.4147,2.3908,3.1477,2.6423,,RECOVER_FORWARD,180 度转向完成，向前离开边缘,right,0.4553,-0.7569,0,danger,0.0,,0.0,550,550,1
6.822,1335.0,1864.0,1730.0,1608.0,2.8142,2.4444,2.3908,3.1477,2.6293,,RECOVER_FORWARD,180 度转向完成，向前离开边缘,right,0.3698,-0.7569,0,danger,0.0,,0.0,550,550,1
6.842,1293.0,1853.0,1729.0,1626.0,2.6037,2.4226,2.3859,3.1477,2.5132,,RECOVER_FORWARD,180 度转向完成，向前离开边缘,right,0.1811,-0.7617,0,danger,0.0,,0.0,550,550,1
6.862,1350.0,1862.0,1728.0,1625.0,2.6037,2.4405,2.3835,3.1879,2.5221,,RECOVER_FORWARD,180 度转向完成，向前离开边缘,right,0.1632,-0.8044,0,danger,0.0,,0.0,550,550,1
6.882,1391.0,1844.0,1720.0,1580.0,2.6502,2.4226,2.3811,3.1879,2.5364,,RECOVER_FORWARD,180 度转向完成，向前离开边缘,right,0.2275,-0.8069,0,danger,0.0,,0.0,550,550,1
6.902,1411.0,1838.0,1711.0,1602.0,2.7771,2.4048,2.3617,3.1107,2.5909,,RECOVER_FORWARD,180 度转向完成，向前离开边缘,right,0.3723,-0.7491,0,danger,0.0,,0.0,550,550,1
6.922,1420.0,1825.0,1656.0,1594.0,2.839,2.3929,2.3398,3.0839,2.6159,,RECOVER_FORWARD,180 度转向完成，向前离开边缘,right,0.4462,-0.7441,0,danger,0.0,,0.0,550,550,1
6.942,1418.0,1819.0,1718.0,1590.0,2.8607,2.3671,2.3398,3.0839,2.6139,,RECOVER_FORWARD,180 度转向完成，向前离开边缘,right,0.4936,-0.7441,0,danger,0.0,,0.0,550,550,1
6.963,1418.0,1819.0,1718.0,1590.0,2.8607,2.3552,2.3568,3.0705,2.6087,,RECOVER_FORWARD,180 度转向完成，向前离开边缘,right,0.5055,-0.7137,0,danger,0.0,,0.0,550,550,1
6.983,1429.0,1775.0,1750.0,1590.0,2.8607,2.3552,2.3568,3.0705,2.6087,,RECOVER_FORWARD,180 度转向完成，向前离开边缘,right,0.5055,-0.7137,0,danger,0.0,,0.0,550,550,1
7.003,1415.0,1694.0,1744.0,1602.0,2.8607,2.2679,2.4199,3.0705,2.6403,,RECOVER_FORWARD,180 度转向完成，向前离开边缘,right,0.5928,-0.6506,0,danger,0.0,,0.0,550,550,1
7.023,1412.0,1729.0,1757.0,1596.0,2.8514,2.1766,2.4345,3.0906,2.6429,,RECOVER_FORWARD,180 度转向完成，向前离开边缘,right,0.6748,-0.6561,0,danger,0.0,,0.0,550,550,1
7.043,1422.0,1773.0,1752.0,1602.0,2.8514,2.1766,2.4393,3.1107,2.6454,,RECOVER_FORWARD,180 度转向完成，向前离开边缘,right,0.6748,-0.6714,0,danger,0.0,,0.0,550,550,1
7.063,1416.0,1794.0,1739.0,1600.0,2.8545,2.2639,2.4393,3.104,2.6469,,RECOVER_FORWARD,180 度转向完成，向前离开边缘,right,0.5906,-0.6647,0,danger,0.0,,0.0,550,550,1
7.083,1416.0,1814.0,1751.0,1578.0,2.8545,2.3056,2.4369,3.104,2.6457,,RECOVER_FORWARD,180 度转向完成，向前离开边缘,right,0.5489,-0.6671,0,danger,0.0,,0.0,550,550,1
7.103,1413.0,1835.0,1727.0,1594.0,2.8545,2.3452,2.4078,3.0839,2.6311,,CRUISE,已脱离暗外圈,,0.5093,-0.6761,0,fast,0.0,,0.0,500,400,1
7.123,1420.0,1850.0,1717.0,1585.0,2.8545,2.3869,2.3786,3.0537,2.6207,,CRUISE,按区域分级巡航,,0.4676,-0.6751,0,fast,0.0,,0.0,500,400,1
7.144,1421.0,1855.0,1714.0,1585.0,2.8669,2.4167,2.3544,3.0537,2.6418,,CRUISE,按区域分级巡航,,0.4502,-0.6993,0,fast,0.0,,0.0,500,400,1
7.164,1420.0,1847.0,1704.0,1594.0,2.8669,2.4167,2.3471,3.0537,2.6418,,CRUISE,按区域分级巡航,,0.4502,-0.7066,0,fast,0.0,,0.0,500,400,1
7.184,1416.0,1843.0,1707.0,1582.0,2.8669,2.4107,2.3301,3.0537,2.6388,,CRUISE,按区域分级巡航,,0.4562,-0.7236,0,fast,0.0,,0.0,500,400,1
7.204,1420.0,1840.0,1697.0,1558.0,2.8669,2.4028,2.3228,3.0436,2.6348,,CRUISE,按区域分级巡航,,0.4641,-0.7208,0,fast,0.0,,0.0,500,400,1
7.224,1405.0,1825.0,1690.0,1561.0,2.8545,2.3968,2.3058,2.9732,2.6257,,CRUISE,按区域分级巡航,,0.4577,-0.6673,0,fast,0.0,,0.0,500,400,1
7.244,1411.0,1828.0,1688.0,1557.0,2.839,2.373,2.2888,2.9631,2.606,,CRUISE,按区域分级巡航,,0.466,-0.6743,0,fast,0.0,,0.0,500,400,1
7.264,1400.0,1857.0,1693.0,1577.0,2.8204,2.373,2.2888,2.9732,2.5967,,CRUISE,按区域分级巡航,,0.4474,-0.6843,0,fast,0.0,,0.0,500,400,1
7.284,1391.0,1844.0,1687.0,1594.0,2.805,2.4048,2.284,3.0268,2.6049,,CRUISE,按区域分级巡航,,0.4002,-0.7429,0,fast,0.0,,0.0,500,400,1
7.304,1398.0,1843.0,1705.0,1595.0,2.7988,2.4048,2.2961,3.0839,2.6018,,CRUISE,按区域分级巡航,,0.394,-0.7878,0,fast,0.0,,0.0,500,400,1
7.325,1403.0,1848.0,1708.0,1577.0,2.7988,2.4048,2.3252,3.0839,2.6018,,CRUISE,按区域分级巡航,,0.394,-0.7586,0,fast,0.0,,0.0,500,400,1
7.345,1402.0,1834.0,1706.0,1567.0,2.8111,2.4028,2.3277,3.0268,2.607,,CRUISE,按区域分级巡航,,0.4084,-0.6992,0,fast,0.0,,0.0,500,400,1
7.365,1403.0,1853.0,1698.0,1573.0,2.8142,2.4127,2.3277,3.0134,2.6135,,CRUISE,按区域分级巡航,,0.4015,-0.6858,0,fast,0.0,,0.0,500,400,1
7.385,1403.0,1853.0,1698.0,1573.0,2.8142,2.4226,2.3083,3.0134,2.6184,,CRUISE,按区域分级巡航,,0.3916,-0.7052,0,fast,0.0,,0.0,500,400,1
7.405,1408.0,1845.0,1696.0,1577.0,2.8142,2.4226,2.3083,3.0134,2.6184,,CRUISE,按区域分级巡航,,0.3916,-0.7052,0,fast,0.0,,0.0,500,400,1
7.425,1400.0,1854.0,1704.0,1585.0,2.8142,2.4226,2.3083,3.0268,2.6184,,CRUISE,按区域分级巡航,,0.3916,-0.7186,0,fast,0.0,,0.0,500,400,1
7.445,1408.0,1843.0,1703.0,1594.0,2.8297,2.4067,2.3204,3.0537,2.6182,,CRUISE,按区域分级巡航,,0.423,-0.7333,0,fast,0.0,,0.0,500,400,1
7.465,1413.0,1849.0,1715.0,1602.0,2.8297,2.4147,2.3228,3.0839,2.6222,,CRUISE,按区域分级巡航,,0.415,-0.7611,0,fast,0.0,,0.0,500,400,1
7.485,1402.0,1845.0,1704.0,1582.0,2.8297,2.4067,2.3228,3.0839,2.6182,,CRUISE,按区域分级巡航,,0.423,-0.7611,0,fast,0.0,,0.0,500,400,1
7.505,1404.0,1852.0,1697.0,1597.0,2.8173,2.4147,2.3228,3.094,2.616,,CRUISE,按区域分级巡航,,0.4027,-0.7711,0,fast,0.0,,0.0,500,400,1
7.526,1403.0,1861.0,1695.0,1594.0,2.8142,2.4206,2.3058,3.0839,2.6174,,CRUISE,按区域分级巡航,,0.3936,-0.7781,0,fast,0.0,,0.0,500,400,1
7.546,1406.0,1858.0,1713.0,1572.0,2.8173,2.4325,2.3058,3.0839,2.6249,,CRUISE,按区域分级巡航,,0.3848,-0.7781,0,fast,0.0,,0.0,500,400,1
7.566,1408.0,1845.0,1706.0,1593.0,2.8235,2.4325,2.3277,3.0805,2.628,,CRUISE,按区域分级巡航,,0.391,-0.7529,0,fast,0.0,,0.0,500,400,1
7.586,1396.0,1853.0,1697.0,1577.0,2.8235,2.4226,2.3277,3.0268,2.6231,,CRUISE,按区域分级巡航,,0.4009,-0.6992,0,fast,0.0,,0.0,500,400,1
7.606,1386.0,1860.0,1688.0,1597.0,2.7926,2.4226,2.3058,3.0805,2.6076,,CRUISE,按区域分级巡航,,0.37,-0.7747,0,fast,0.0,,0.0,500,400,1
7.626,1399.0,1853.0,1683.0,1603.0,2.7926,2.4226,2.284,3.094,2.6076,,CRUISE,按区域分级巡航,,0.37,-0.81,0,fast,0.0,,0.0,500,400,1
7.646,1387.0,1837.0,1664.0,1575.0,2.7647,2.4226,2.2718,3.094,2.5937,,CRUISE,按区域分级巡航,,0.3421,-0.8221,0,fast,0.0,,0.0,500,400,1
7.666,1400.0,1834.0,1686.0,1589.0,2.8019,2.3909,2.2718,3.0671,2.5964,,CRUISE,按区域分级巡航,,0.411,-0.7953,0,fast,0.0,,0.0,500,400,1
7.686,1397.0,1848.0,1692.0,1601.0,2.7957,2.3909,2.2791,3.0671,2.5933,,CRUISE,按区域分级巡航,,0.4048,-0.788,0,fast,0.0,,0.0,500,400,1
7.707,1383.0,1858.0,1696.0,1542.0,2.7957,2.4127,2.2937,3.0671,2.6042,,CRUISE,按区域分级巡航,,0.383,-0.7734,0,fast,0.0,,0.0,500,400,1
7.727,1376.0,1866.0,1713.0,1557.0,2.7523,2.4325,2.3034,2.9597,2.5924,,CRUISE,按区域分级巡航,,0.3198,-0.6563,0,fast,0.0,,0.0,500,400,1
7.747,1384.0,1861.0,1717.0,1561.0,2.7523,2.4385,2.3447,2.9597,2.5954,,CRUISE,按区域分级巡航,,0.3138,-0.6151,0,fast,0.0,,0.0,500,400,1
7.767,1379.0,1824.0,1693.0,1532.0,2.7399,2.4385,2.3447,2.9597,2.5892,,CRUISE,按区域分级巡航,,0.3014,-0.6151,0,fast,0.0,,0.0,500,400,1
7.787,1379.0,1824.0,1693.0,1532.0,2.7399,2.3651,2.2961,2.8758,2.5525,,CRUISE,按区域分级巡航,,0.3749,-0.5797,0,fast,0.0,,0.0,500,400,1
7.807,1389.0,1853.0,1693.0,1555.0,2.7399,2.3651,2.2961,2.8758,2.5525,,CRUISE,按区域分级巡航,,0.3749,-0.5797,0,fast,0.0,,0.0,500,400,1
7.827,1376.0,1847.0,1713.0,1554.0,2.7399,2.4107,2.2961,2.9497,2.5753,,CRUISE,按区域分级巡航,,0.3292,-0.6535,0,fast,0.0,,0.0,500,400,1
7.847,1370.0,1859.0,1703.0,1566.0,2.7307,2.4226,2.3204,2.953,2.5766,,CRUISE,按区域分级巡航,,0.308,-0.6326,0,fast,0.0,,0.0,500,400,1
7.867,1364.0,1799.0,1685.0,1600.0,2.7121,2.4107,2.3204,2.9899,2.5614,,CRUISE,按区域分级巡航,,0.3014,-0.6695,0,fast,0.0,,0.0,500,400,1
7.887,1360.0,1831.0,1664.0,1567.0,2.6935,2.379,2.2767,2.9933,2.5362,,CRUISE,按区域分级巡航,,0.3145,-0.7166,0,fast,0.0,,0.0,500,400,1
7.908,1378.0,1829.0,1675.0,1562.0,2.6935,2.375,2.2524,2.9933,2.5342,,CRUISE,按区域分级巡航,,0.3185,-0.7409,0,fast,0.0,,0.0,500,400,1
7.928,1366.0,1838.0,1696.0,1573.0,2.6997,2.379,2.2524,2.9933,2.5393,,CRUISE,按区域分级巡航,,0.3207,-0.7409,0,fast,0.0,,0.0,500,400,1
7.948,1350.0,1840.0,1700.0,1554.0,2.6997,2.3929,2.3034,2.9765,2.5463,,CRUISE,按区域分级巡航,,0.3068,-0.6731,0,fast,0.0,,0.0,500,400,1
7.968,1347.0,1818.0,1681.0,1543.0,2.6502,2.3929,2.3034,2.9497,2.5215,,CRUISE,按区域分级巡航,,0.2573,-0.6463,0,fast,0.0,,0.0,500,400,1
7.988,1352.0,1818.0,1680.0,1553.0,2.6502,2.3532,2.267,2.9463,2.5017,,CRUISE,按区域分级巡航,,0.297,-0.6793,0,fast,0.0,,0.0,500,400,1
8.008,1355.0,1819.0,1680.0,1558.0,2.6563,2.3532,2.2646,2.9463,2.5048,,CRUISE,按区域分级巡航,,0.3032,-0.6817,0,fast,0.0,,0.0,500,400,1
8.028,1356.0,1819.0,1680.0,1559.0,2.6656,2.3552,2.2646,2.9631,2.5104,,CRUISE,按区域分级巡航,,0.3105,-0.6985,0,fast,0.0,,0.0,500,400,1
8.048,1358.0,1818.0,1682.0,1563.0,2.6687,2.3552,2.2646,2.9664,2.5119,,CRUISE,按区域分级巡航,,0.3136,-0.7019,0,fast,0.0,,0.0,500,400,1
8.068,1360.0,1820.0,1684.0,1566.0,2.6749,2.3552,2.2694,2.9799,2.515,,CRUISE,按区域分级巡航,,0.3198,-0.7104,0,fast,0.0,,0.0,500,400,1
8.088,1360.0,1820.0,1684.0,1565.0,2.6811,2.3571,2.2743,2.9866,2.5191,,CRUISE,按区域分级巡航,,0.324,-0.7123,0,fast,0.0,,0.0,500,400,1
8.109,1360.0,1818.0,1684.0,1565.0,2.6811,2.3571,2.2743,2.9866,2.5191,,CRUISE,按区域分级巡航,,0.324,-0.7123,0,fast,0.0,,0.0,500,400,1
8.129,1361.0,1820.0,1685.0,1558.0,2.6811,2.3571,2.2743,2.9866,2.5191,,CRUISE,按区域分级巡航,,0.324,-0.7123,0,fast,0.0,,0.0,500,400,1
8.149,1368.0,1829.0,1690.0,1556.0,2.6842,2.3571,2.2767,2.9631,2.5207,,CRUISE,按区域分级巡航,,0.3271,-0.6864,0,fast,0.0,,0.0,500,400,1
8.169,1373.0,1833.0,1692.0,1554.0,2.7059,2.375,2.2888,2.9564,2.5404,,CRUISE,按区域分级巡航,,0.3309,-0.6675,0,fast,0.0,,0.0,500,400,1
8.189,1371.0,1821.0,1691.0,1545.0,2.7152,2.375,2.2913,2.9497,2.5451,,CRUISE,按区域分级巡航,,0.3402,-0.6584,0,fast,0.0,,0.0,500,400,1
8.209,1371.0,1821.0,1691.0,1545.0,2.7152,2.3591,2.2913,2.9195,2.5371,,CRUISE,按区域分级巡航,,0.356,-0.6282,0,fast,0.0,,0.0,500,400,1
8.229,1368.0,1802.0,1707.0,1546.0,2.7152,2.3591,2.2913,2.9195,2.5371,,CRUISE,按区域分级巡航,,0.356,-0.6282,0,fast,0.0,,0.0,500,400,1
8.249,1360.0,1825.0,1697.0,1559.0,2.7059,2.3591,2.3058,2.9228,2.5325,,CRUISE,按区域分级巡航,,0.3468,-0.617,0,fast,0.0,,0.0,500,400,1
8.269,1357.0,1828.0,1672.0,1552.0,2.6811,2.3671,2.3058,2.943,2.5241,,CRUISE,按区域分级巡航,,0.3141,-0.6371,0,fast,0.0,,0.0,500,400,1
8.29,1346.0,1804.0,1681.0,1555.0,2.6718,2.3671,2.267,2.953,2.5194,,CRUISE,按区域分级巡航,,0.3048,-0.686,0,fast,0.0,,0.0,500,400,1
8.31,1349.0,1784.0,1667.0,1536.0,2.6471,2.3254,2.2451,2.943,2.4862,,CRUISE,按区域分级巡航,,0.3217,-0.6978,0,fast,0.0,,0.0,500,400,1
8.33,1340.0,1773.0,1668.0,1512.0,2.6378,2.2857,2.2354,2.8893,2.4617,,CRUISE,按区域分级巡航,,0.3521,-0.6538,0,fast,0.0,,0.0,500,400,1
8.35,1355.0,1756.0,1658.0,1493.0,2.6471,2.2639,2.233,2.8087,2.4555,,CRUISE,按区域分级巡航,,0.3832,-0.5757,0,fast,0.0,,0.0,500,400,1
8.37,1322.0,1728.0,1643.0,1522.0,2.6192,2.2302,2.2112,2.8087,2.4247,,CRUISE,按区域分级巡航,,0.389,-0.5976,0,fast,0.0,,0.0,500,400,1
8.39,1320.0,1713.0,1622.0,1481.0,2.5635,2.1746,2.1748,2.745,2.3691,,CRUISE,按区域分级巡航,,0.3889,-0.5702,0,fast,0.0,,0.0,500,400,1
8.41,1311.0,1700.0,1609.0,1468.0,2.5573,2.1448,2.1238,2.7047,2.3511,,CRUISE,按区域分级巡航,,0.4124,-0.5809,0,fast,0.0,,0.0,500,400,1
8.43,1331.0,1664.0,1621.0,1479.0,2.5573,2.119,2.1214,2.698,2.3393,,CRUISE,按区域分级巡航,,0.4382,-0.5766,0,fast,0.0,,0.0,500,400,1
8.45,1344.0,1641.0,1580.0,1492.0,2.5913,2.0476,2.0922,2.698,2.3418,,CRUISE,按区域分级巡航,,0.5437,-0.6058,0,fast,0.0,,0.0,500,400,1
8.47,1321.0,1626.0,1569.0,1497.0,2.5913,2.002,2.0218,2.7416,2.3066,,CRUISE,按区域分级巡航,,0.5893,-0.7198,0,fast,0.0,,0.0,500,400,1
8.491,1308.0,1637.0,1545.0,1467.0,2.5604,1.994,1.9951,2.7416,2.2778,,CRUISE,按区域分级巡航,,0.5663,-0.7465,0,fast,0.0,,0.0,500,400,1
8.511,1309.0,1620.0,1525.0,1419.0,2.5232,1.9722,1.9369,2.6577,2.2477,,CRUISE,按区域分级巡航,,0.551,-0.7208,0,fast,0.0,,0.0,500,400,1
8.531,1293.0,1602.0,1506.0,1362.0,2.5201,1.9603,1.8883,2.4966,2.2285,,CRUISE,按区域分级巡航,,0.5598,-0.6083,0,fast,0.0,,0.0,500,400,1
8.551,1277.0,1541.0,1478.0,1383.0,2.4737,1.9246,1.8422,2.3758,2.1502,,CRUISE,按区域分级巡航,,0.5491,-0.5336,0,fast,0.0,,0.0,500,400,1
8.571,1265.0,1523.0,1450.0,1363.0,2.4241,1.8036,1.7743,2.3087,2.0561,,CRUISE,按区域分级巡航,,0.6206,-0.5345,0,fast,0.0,,0.0,500,400,1
8.591,1242.0,1475.0,1436.0,1336.0,2.387,1.7679,1.7063,2.3087,2.0383,,CRUISE,按区域分级巡航,,0.6191,-0.6024,0,fast,0.0,,0.0,500,400,1
8.611,1216.0,1452.0,1419.0,1321.0,2.3158,1.6726,1.6723,2.2181,1.9454,,CRUISE,按区域分级巡航,,0.6432,-0.5458,0,fast,0.0,,0.0,500,400,1
8.632,1208.0,1451.0,1398.0,1300.0,2.2353,1.627,1.6311,2.1678,1.8994,,CRUISE,按区域分级巡航,,0.6083,-0.5367,0,fast,0.0,,0.0,500,400,1
8.652,1195.0,1417.0,1383.0,1268.0,2.2105,1.625,1.5801,2.0973,1.8612,,CRUISE,按区域分级巡航,,0.5855,-0.5172,0,fast,0.0,,0.0,500,400,1
8.672,1184.0,1404.0,1364.0,1241.0,2.1703,1.5575,1.5437,1.9899,1.7737,,CRUISE,按区域分级巡航,,0.6127,-0.4462,0,fast,0.0,,0.0,500,400,1
8.692,1189.0,1376.0,1364.0,1225.0,2.1517,1.5317,1.4976,1.8993,1.7155,,CRUISE,按区域分级巡航,,0.62,-0.4018,0,fast,0.0,,0.0,500,400,1
8.712,1189.0,1376.0,1364.0,1225.0,2.1517,1.4762,1.4976,1.8456,1.6716,,CRUISE,按区域分级巡航,,0.6755,-0.3481,0,fast,0.0,,0.0,500,400,1
8.732,1191.0,1356.0,1345.0,1219.0,2.1517,1.4762,1.4976,1.8456,1.6716,,CRUISE,按区域分级巡航,,0.6755,-0.3481,0,fast,0.0,,0.0,500,400,1
8.752,1189.0,1373.0,1311.0,1212.0,2.1517,1.4702,1.4515,1.8255,1.6479,,CRUISE,按区域分级巡航,,0.6815,-0.374,0,fast,0.0,,0.0,500,400,1
8.772,1181.0,1358.0,1294.0,1169.0,2.1517,1.4405,1.3689,1.802,1.6212,,CRUISE,按区域分级巡航,,0.7112,-0.4331,0,fast,0.0,,0.0,500,400,1
8.792,1162.0,1333.0,1275.0,1143.0,2.1269,1.4405,1.3277,1.6577,1.5491,,CRUISE,按区域分级巡航,,0.6865,-0.33,0,fast,0.0,,0.0,500,400,1
8.812,1138.0,1298.0,1248.0,1129.0,2.0681,1.3909,1.2816,1.5705,1.4807,,CRUISE,按区域分级巡航,,0.6772,-0.2889,0,fast,0.0,,0.0,500,400,1
8.832,1114.0,1280.0,1242.0,1078.0,1.9938,1.3214,1.216,1.5235,1.4225,,CRUISE,按区域分级巡航,,0.6724,-0.3075,0,fast,0.0,,0.0,500,400,1
8.853,1097.0,1253.0,1198.0,1049.0,1.9195,1.2857,1.2015,1.3523,1.319,,CRUISE,按区域分级巡航,,0.6338,-0.1509,0,fast,0.0,,0.0,500,400,1
8.873,1072.0,1219.0,1151.0,1021.0,1.8669,1.2321,1.0947,1.255,1.2436,,CRUISE,按区域分级巡航,,0.6347,-0.1604,0,fast,0.0,,0.0,500,400,1
8.893,1049.0,1191.0,1111.0,986.0,1.7895,1.1647,0.9806,1.1611,1.1629,,CRUISE,按区域分级巡航,,0.6248,-0.1805,0,fast,0.0,,0.0,500,400,1
8.913,768.0,1167.0,1076.0,943.0,1.7183,1.1091,0.8835,1.0436,1.0764,,CRUISE,按区域分级巡航,,0.6091,-0.1601,0,fast,0.0,,0.0,500,400,1
8.933,1001.0,1166.0,1048.0,906.0,1.5697,1.0615,0.7985,0.8993,0.9804,,CRUISE,按区域分级巡航,,0.5082,-0.1008,0,fast,0.0,,0.0,500,400,1
8.953,983.0,1150.0,1024.0,889.0,1.5139,1.0595,0.7306,0.7752,0.9173,,CRUISE,按区域分级巡航,,0.4544,-0.0446,0,fast,0.0,,0.0,500,400,1
8.973,958.0,1133.0,991.0,865.0,1.5139,1.0278,0.6723,0.7181,0.8729,,MEDIUM_CRUISE,按区域分级巡航,,0.4862,-0.0458,0,medium,0.0,,0.0,450,400,1
8.993,939.0,1121.0,969.0,841.0,1.4365,0.994,0.5922,0.6376,0.8158,,EDGE_AVOID,灰度趋势变暗，提前避让,rear,0.4425,-0.0454,0,slow,0.0,,0.0,550,550,1
9.013,913.0,1116.0,945.0,825.0,1.3777,0.9702,0.5388,0.557,0.7636,,EDGE_AVOID,灰度趋势变暗，提前避让,rear,0.4075,-0.0182,0,slow,0.0,,0.0,550,550,1
9.033,884.0,1093.0,913.0,801.0,1.2972,0.9603,0.4806,0.5034,0.7318,,EDGE_AVOID,灰度趋势变暗，提前避让,rear,0.3369,-0.0228,0,slow,0.0,,0.0,550,550,1
9.053,853.0,1085.0,890.0,777.0,1.2074,0.9147,0.4029,0.4228,0.6688,,EDGE_AVOID,灰度趋势变暗，提前避让,rear,0.2927,-0.0199,0,slow,0.0,,0.0,550,550,1
9.073,819.0,1053.0,859.0,761.0,1.1115,0.8988,0.3471,0.3423,0.6229,,EDGE_AVOID,灰度趋势变暗，提前避让,rear,0.2126,0.0048,0,slow,0.0,,0.0,550,550,1
9.093,793.0,1036.0,835.0,740.0,1.0062,0.8353,0.2718,0.2886,0.562,,EDGE_AVOID,灰度趋势变暗，提前避让,rear,0.1709,-0.0167,0,slow,0.0,,0.0,550,550,1
9.114,765.0,1052.0,808.0,725.0,0.9257,0.8333,0.2136,0.2181,0.5257,,EDGE_AVOID,灰度趋势变暗，提前避让,rear,0.0924,-0.0045,0,slow,0.0,,0.0,550,550,1
9.134,738.0,1051.0,790.0,708.0,0.839,0.8313,0.1481,0.1678,0.4996,,EDGE_AVOID,灰度趋势变暗，提前避让,left,0.0077,-0.0197,0,slow,0.0,right,0.0,640,400,1
9.154,707.0,1062.0,766.0,696.0,0.7554,0.8333,0.1044,0.1107,0.4331,,EDGE_AVOID,灰度趋势变暗，提前避让,front,-0.0779,-0.0064,0,slow,0.0,,0.0,-550,-550,1
9.174,678.0,1055.0,739.0,679.0,0.6594,0.8393,0.0461,0.0705,0.365,,EDGE_AVOID,灰度趋势变暗，提前避让,front,-0.1798,-0.0244,0,slow,0.0,,0.0,-550,-550,1
9.194,648.0,1040.0,713.0,660.0,0.5697,0.8393,-0.0194,0.0134,0.2915,,EDGE_AVOID,灰度趋势变暗，提前避让,front,-0.2696,-0.0328,1,slow,0.0,,0.0,-550,-550,1
9.214,621.0,1032.0,687.0,639.0,0.4768,0.8095,-0.0825,-0.0503,0.2132,,EDGE_AVOID,灰度趋势变暗，提前避让,front,-0.3327,-0.0322,1,slow,0.0,,0.0,-550,-550,1
9.234,594.0,1009.0,666.0,616.0,0.3932,0.7937,-0.1456,-0.1208,0.1362,,EDGE_TURN,进入危险区，直接大转 180 度,left,-0.4005,-0.0248,1,danger_turn,180.0,right,0.975,600,-600,1
9.254,568.0,985.0,643.0,596.0,0.3096,0.748,-0.1966,-0.198,0.0565,,EDGE_TURN,进入危险区，直接大转 180 度,left,-0.4384,0.0014,1,danger_turn,180.0,right,0.975,600,-600,1
9.274,548.0,972.0,622.0,574.0,0.2291,0.7004,-0.2524,-0.2651,-0.0117,,EDGE_TURN,进入危险区，直接大转 180 度,left,-0.4713,0.0127,1,danger_turn,180.0,right,0.975,600,-600,1
9.294,524.0,928.0,604.0,558.0,0.1672,0.6746,-0.3034,-0.3389,-0.0681,,EDGE_TURN,进入危险区，直接大转 180 度,left,-0.5074,0.0355,1,danger_turn,180.0,right,0.975,600,-600,1
9.314,506.0,915.0,584.0,544.0,0.0929,0.5873,-0.3471,-0.3926,-0.1271,,EDGE_TURN,进入危险区，直接大转 180 度,left,-0.4944,0.0455,1,danger_turn,180.0,right,0.975,600,-600,1
9.334,485.0,884.0,557.0,525.0,0.0372,0.5615,-0.3956,-0.4396,-0.1792,,EDGE_TURN,进入危险区，直接大转 180 度,left,-0.5244,0.044,1,danger_turn,180.0,right,0.975,600,-600,1
9.354,468.0,859.0,530.0,513.0,-0.0279,0.5,-0.4612,-0.5034,-0.2445,,EDGE_TURN,进入危险区，直接大转 180 度,left,-0.5279,0.0422,1,danger_turn,180.0,right,0.975,600,-600,1
9.375,449.0,827.0,506.0,499.0,-0.0805,0.4504,-0.5267,-0.5436,-0.3036,,EDGE_TURN,进入危险区，直接大转 180 度,left,-0.5309,0.0169,1,danger_turn,180.0,right,0.975,600,-600,1
9.395,429.0,787.0,481.0,483.0,-0.1393,0.3869,-0.585,-0.5906,-0.3621,,EDGE_TURN,进入危险区，直接大转 180 度,left,-0.5262,0.0057,1,danger_turn,180.0,right,0.975,600,-600,1
9.415,429.0,787.0,481.0,483.0,-0.2012,0.3075,-0.6456,-0.6443,-0.4228,,EDGE_TURN,进入危险区，直接大转 180 度,left,-0.5088,-0.0013,1,danger_turn,180.0,right,0.975,600,-600,1
9.435,414.0,755.0,455.0,471.0,-0.2012,0.3075,-0.6456,-0.6443,-0.4228,,EDGE_TURN,进入危险区，直接大转 180 度,left,-0.5088,-0.0013,1,danger_turn,180.0,right,0.975,600,-600,1
9.455,395.0,717.0,426.0,454.0,-0.2477,0.244,-0.7087,-0.6846,-0.4661,,EDGE_TURN,进入危险区，直接大转 180 度,left,-0.4917,-0.0242,1,danger_turn,180.0,right,0.975,600,-600,1
9.475,379.0,680.0,398.0,439.0,-0.3065,0.1687,-0.7791,-0.7416,-0.5241,,EDGE_TURN,进入危险区，直接大转 180 度,left,-0.4752,-0.0375,1,danger_turn,180.0,right,0.975,600,-600,1
9.495,361.0,635.0,370.0,423.0,-0.356,0.0952,-0.8471,-0.7919,-0.574,,EDGE_TURN,进入危险区，直接大转 180 度,left,-0.4513,-0.0551,1,danger_turn,180.0,right,0.975,600,-600,1
9.515,343.0,598.0,349.0,407.0,-0.4118,0.006,-0.915,-0.8456,-0.6287,,EDGE_TURN,进入危险区，直接大转 180 度,left,-0.4177,-0.0694,1,danger_turn,180.0,right,0.975,600,-600,1
9.535,321.0,546.0,329.0,387.0,-0.4675,-0.0675,-0.966,-0.8993,-0.6834,,EDGE_TURN,进入危险区，直接大转 180 度,left,-0.4,-0.0667,1,danger_turn,180.0,right,0.975,600,-600,1
9.555,301.0,508.0,315.0,361.0,-0.5356,-0.1706,-1.0146,-0.9664,-0.751,,EDGE_TURN,进入危险区，直接大转 180 度,left,-0.365,-0.0481,1,danger_turn,180.0,right,0.975,600,-600,1
9.575,284.0,484.0,303.0,338.0,-0.5975,-0.246,-1.0485,-1.0537,-0.823,,EDGE_TURN,进入危险区，直接大转 180 度,left,-0.3515,0.0051,1,danger_turn,180.0,right,0.975,600,-600,1
9.595,264.0,465.0,292.0,317.0,-0.6502,-0.2937,-1.0777,-1.1309,-0.8639,,EDGE_TURN,进入危险区，直接大转 180 度,left,-0.3565,0.0532,1,danger_turn,180.0,right,0.975,600,-600,1
9.615,246.0,452.0,283.0,297.0,-0.7121,-0.3313,-1.1044,-1.2013,-0.9082,,EDGE_TURN,进入危险区，直接大转 180 度,left,-0.3807,0.097,1,danger_turn,180.0,right,0.975,600,-600,1
9.636,228.0,440.0,275.0,273.0,-0.7678,-0.3571,-1.1262,-1.2685,-0.947,,EDGE_TURN,进入危险区，直接大转 180 度,left,-0.4107,0.1422,1,danger_turn,180.0,right,0.975,600,-600,1
9.656,214.0,432.0,267.0,255.0,-0.8235,-0.381,-1.1456,-1.349,-0.9846,,EDGE_TURN,进入危险区，直接大转 180 度,left,-0.4426,0.2034,1,danger_turn,180.0,right,0.975,600,-600,1
9.676,201.0,418.0,262.0,240.0,-0.8669,-0.3968,-1.165,-1.4094,-1.016,,EDGE_TURN,进入危险区，直接大转 180 度,left,-0.47,0.2443,1,danger_turn,180.0,right,0.975,600,-600,1
9.696,194.0,408.0,258.0,231.0,-0.9071,-0.4246,-1.1772,-1.4597,-1.0422,,EDGE_TURN,进入危险区，直接大转 180 度,left,-0.4825,0.2825,1,danger_turn,180.0,right,0.975,600,-600,1
9.716,187.0,406.0,258.0,225.0,-0.9288,-0.4444,-1.1869,-1.4899,-1.0578,,EDGE_TURN,进入危险区，直接大转 180 度,left,-0.4843,0.303,1,danger_turn,180.0,right,0.975,600,-600,1
9.736,183.0,402.0,257.0,222.0,-0.9505,-0.4484,-1.1869,-1.5101,-1.0687,,EDGE_TURN,进入危险区，直接大转 180 度,left,-0.5021,0.3232,1,danger_turn,180.0,right,0.975,600,-600,1
9.756,179.0,397.0,258.0,220.0,-0.9628,-0.4563,-1.1869,-1.5201,-1.0749,,EDGE_TURN,进入危险区，直接大转 180 度,left,-0.5065,0.3332,1,danger_turn,180.0,right,0.975,600,-600,1
9.776,178.0,403.0,260.0,218.0,-0.9752,-0.4563,-1.1869,-1.5268,-1.0811,,EDGE_TURN,进入危险区，直接大转 180 度,left,-0.5189,0.34,1,danger_turn,180.0,right,0.975,600,-600,1
9.796,178.0,410.0,261.0,220.0,-0.9783,-0.4544,-1.182,-1.5268,-1.0802,,EDGE_TURN,进入危险区，直接大转 180 度,left,-0.524,0.3448,1,danger_turn,180.0,right,0.975,600,-600,1
9.816,178.0,413.0,264.0,223.0,-0.9783,-0.4405,-1.1796,-1.5268,-1.079,,EDGE_TURN,进入危险区，直接大转 180 度,left,-0.5379,0.3472,1,danger_turn,180.0,right,0.975,600,-600,1
9.836,180.0,417.0,267.0,227.0,-0.9783,-0.4345,-1.1723,-1.5168,-1.0753,,EDGE_TURN,进入危险区，直接大转 180 度,left,-0.5438,0.3444,1,danger_turn,180.0,right,0.975,600,-600,1
9.857,182.0,425.0,272.0,232.0,-0.9721,-0.4266,-1.165,-1.5034,-1.0686,,EDGE_TURN,进入危险区，直接大转 180 度,left,-0.5455,0.3383,1,danger_turn,180.0,right,0.975,600,-600,1
9.877,183.0,429.0,276.0,236.0,-0.9659,-0.4107,-1.1529,-1.4866,-1.0594,,EDGE_TURN,进入危险区，直接大转 180 度,left,-0.5552,0.3337,1,danger_turn,180.0,right,0.975,600,-600,1
9.897,186.0,439.0,280.0,243.0,-0.9628,-0.4028,-1.1432,-1.4732,-1.053,,EDGE_TURN,进入危险区，直接大转 180 度,left,-0.5601,0.33,1,danger_turn,180.0,right,0.975,600,-600,1
9.917,189.0,451.0,284.0,249.0,-0.9536,-0.3829,-1.1335,-1.4497,-1.0435,,EDGE_TURN,进入危险区，直接大转 180 度,left,-0.5706,0.3162,1,danger_turn,180.0,right,0.975,600,-600,1
9.937,193.0,462.0,289.0,256.0,-0.9443,-0.3591,-1.1238,-1.4295,-1.034,,EDGE_TURN,进入危险区，直接大转 180 度,left,-0.5851,0.3057,1,danger_turn,180.0,right,0.975,600,-600,1
9.957,197.0,475.0,292.0,264.0,-0.9319,-0.3373,-1.1117,-1.406,-1.0218,,EDGE_TURN,进入危险区，直接大转 180 度,left,-0.5946,0.2944,1,danger_turn,180.0,right,0.975,600,-600,1
9.978,200.0,493.0,297.0,273.0,-0.9195,-0.3115,-1.1044,-1.3792,-1.0119,,EDGE_TURN,进入危险区，直接大转 180 度,left,-0.608,0.2748,1,danger_turn,180.0,right,0.975,600,-600,1
9.998,200.0,493.0,297.0,273.0,-0.9102,-0.2758,-1.0922,-1.349,-1.0012,,EDGE_TURN,进入危险区，直接大转 180 度,left,-0.6344,0.2568,1,danger_turn,180.0,right,0.975,600,-600,1
10.018,205.0,503.0,302.0,284.0,-0.9102,-0.2758,-1.0922,-1.349,-1.0012,,EDGE_TURN,进入危险区，直接大转 180 度,left,-0.6344,0.2568,1,danger_turn,180.0,right,0.975,600,-600,1
10.038,209.0,520.0,308.0,293.0,-0.8947,-0.256,-1.0801,-1.3121,-0.9874,,EDGE_TURN,进入危险区，直接大转 180 度,left,-0.6388,0.232,1,danger_turn,180.0,right,0.975,600,-600,1
10.058,214.0,538.0,313.0,305.0,-0.8824,-0.2222,-1.0655,-1.2819,-0.9739,,EDGE_TURN,进入危险区，直接大转 180 度,left,-0.6601,0.2163,1,danger_turn,180.0,right,0.975,600,-600,1
10.078,221.0,558.0,318.0,317.0,-0.8669,-0.1865,-1.0534,-1.2416,-0.9601,,EDGE_TURN,进入危险区，直接大转 180 度,left,-0.6804,0.1882,1,danger_turn,180.0,right,0.975,600,-600,1
10.098,227.0,571.0,322.0,327.0,-0.8452,-0.1468,-1.0413,-1.2013,-0.9432,,EDGE_TURN,进入危险区，直接大转 180 度,left,-0.6984,0.1601,1,danger_turn,180.0,right,0.975,600,-600,1
10.118,233.0,587.0,328.0,337.0,-0.8266,-0.121,-1.0316,-1.1678,-0.9291,,EDGE_TURN,进入危险区，直接大转 180 度,left,-0.7056,0.1362,1,danger_turn,180.0,right,0.975,600,-600,1
10.138,239.0,599.0,334.0,343.0,-0.808,-0.0893,-1.017,-1.1342,-0.9125,,EDGE_TURN,进入危险区，直接大转 180 度,left,-0.7188,0.1172,1,danger_turn,180.0,right,0.975,600,-600,1
10.159,245.0,611.0,338.0,350.0,-0.7895,-0.0655,-1.0024,-1.1141,-0.896,,EDGE_TURN,进入危险区，直接大转 180 度,left,-0.724,0.1117,1,danger_turn,180.0,right,0.975,600,-600,1
10.179,252.0,627.0,344.0,357.0,-0.7709,-0.0417,-0.9927,-1.0906,-0.8818,,EDGE_TURN,进入危险区，直接大转 180 度,left,-0.7292,0.0979,1,danger_turn,180.0,right,0.975,600,-600,1
10.199,257.0,627.0,349.0,360.0,-0.7492,-0.0099,-0.9782,-1.0671,-0.8637,,EDGE_TURN,进入危险区，直接大转 180 度,left,-0.7393,0.089,1,danger_turn,180.0,right,0.975,600,-600,1
10.219,262.0,636.0,353.0,363.0,-0.7337,-0.0099,-0.966,-1.057,-0.8499,,RECOVER_FORWARD,180 度转向完成，向前离开边缘,left,-0.7238,0.091,1,danger,0.0,,0.0,550,550,1
10.239,266.0,637.0,355.0,364.0,-0.7183,0.0079,-0.9563,-1.047,-0.8373,,RECOVER_FORWARD,180 度转向完成，向前离开边缘,left,-0.7262,0.0907,1,danger,0.0,,0.0,550,550,1
10.259,269.0,638.0,358.0,363.0,-0.7059,0.0099,-0.9515,-1.047,-0.8287,,RECOVER_FORWARD,180 度转向完成，向前离开边缘,left,-0.7158,0.0955,1,danger,0.0,,0.0,550,550,1
10.279,271.0,640.0,360.0,361.0,-0.6966,0.0119,-0.9442,-1.047,-0.8204,,RECOVER_FORWARD,180 度转向完成，向前离开边缘,left,-0.7085,0.1028,1,danger,0.0,,0.0,550,550,1
10.299,272.0,635.0,363.0,360.0,-0.6904,0.0119,-0.9393,-1.0537,-0.8149,,RECOVER_FORWARD,180 度转向完成，向前离开边缘,left,-0.7023,0.1144,1,danger,0.0,,0.0,550,550,1
10.319,280.0,631.0,365.0,357.0,-0.6873,0.006,-0.932,-1.057,-0.8097,,RECOVER_FORWARD,180 度转向完成，向前离开边缘,left,-0.6933,0.125,1,danger,0.0,,0.0,550,550,1
10.339,289.0,631.0,368.0,353.0,-0.6625,-0.002,-0.9272,-1.0671,-0.7949,,RECOVER_FORWARD,180 度转向完成，向前离开边缘,left,-0.6606,0.1399,1,danger,0.0,,0.0,550,550,1
10.36,294.0,629.0,370.0,348.0,-0.6347,-0.002,-0.9199,-1.0805,-0.7773,,RECOVER_FORWARD,180 度转向完成，向前离开边缘,left,-0.6327,0.1606,1,danger,0.0,,0.0,550,550,1
10.38,299.0,628.0,371.0,343.0,-0.6192,-0.006,-0.915,-1.0973,-0.7671,,RECOVER_FORWARD,180 度转向完成，向前离开边缘,left,-0.6132,0.1823,1,danger,0.0,,0.0,550,550,1
10.4,303.0,623.0,373.0,342.0,-0.6037,-0.0079,-0.9126,-1.1141,-0.7582,,RECOVER_FORWARD,180 度转向完成，向前离开边缘,left,-0.5958,0.2015,1,danger,0.0,,0.0,550,550,1
10.42,303.0,618.0,373.0,338.0,-0.5913,-0.0179,-0.9078,-1.1174,-0.7495,,RECOVER_FORWARD,180 度转向完成，向前离开边缘,left,-0.5735,0.2097,1,danger,0.0,,0.0,550,550,1
10.44,303.0,618.0,373.0,338.0,-0.5913,-0.0278,-0.9078,-1.1309,-0.7495,,RECOVER_FORWARD,180 度转向完成，向前离开边缘,left,-0.5636,0.2231,1,danger,0.0,,0.0,550,550,1
10.46,303.0,615.0,376.0,332.0,-0.5913,-0.0278,-0.9078,-1.1309,-0.7495,,RECOVER_FORWARD,180 度转向完成，向前离开边缘,left,-0.5636,0.2231,1,danger,0.0,,0.0,550,550,1
10.48,303.0,609.0,380.0,328.0,-0.5913,-0.0337,-0.9005,-1.151,-0.7459,,RECOVER_FORWARD,180 度转向完成，向前离开边缘,left,-0.5576,0.2505,1,danger,0.0,,0.0,550,550,1
10.5,304.0,598.0,381.0,325.0,-0.5913,-0.0456,-0.8908,-1.1644,-0.7411,,RECOVER_FORWARD,180 度转向完成，向前离开边缘,left,-0.5457,0.2737,1,danger,0.0,,0.0,550,550,1
10.52,306.0,592.0,384.0,320.0,-0.5882,-0.0675,-0.8883,-1.1745,-0.7383,,RECOVER_FORWARD,180 度转向完成，向前离开边缘,left,-0.5208,0.2861,1,danger,0.0,,0.0,550,550,1
10.54,308.0,586.0,388.0,317.0,-0.582,-0.0794,-0.8811,-1.1913,-0.7316,,RECOVER_FORWARD,180 度转向完成，向前离开边缘,left,-0.5027,0.3102,1,danger,0.0,,0.0,550,550,1
10.561,312.0,582.0,393.0,313.0,-0.5759,-0.0913,-0.8714,-1.2013,-0.7236,,RECOVER_FORWARD,180 度转向完成，向前离开边缘,left,-0.4846,0.33,1,danger,0.0,,0.0,550,550,1
10.581,315.0,583.0,398.0,312.0,-0.5635,-0.0972,-0.8592,-1.2148,-0.7113,,RECOVER_FORWARD,180 度转向完成，向前离开边缘,left,-0.4662,0.3555,1,danger,0.0,,0.0,550,550,1
10.601,322.0,586.0,407.0,318.0,-0.5542,-0.0972,-0.8471,-1.2148,-0.7006,,RECOVER_FORWARD,180 度转向完成，向前离开边缘,left,-0.457,0.3677,1,danger,0.0,,0.0,550,550,1
10.621,330.0,583.0,416.0,331.0,-0.5325,-0.0972,-0.8252,-1.198,-0.6789,,RECOVER_FORWARD,180 度转向完成，向前离开边缘,left,-0.4353,0.3727,1,danger,0.0,,0.0,550,550,1
10.641,345.0,584.0,424.0,348.0,-0.5077,-0.0952,-0.8034,-1.1544,-0.6556,,RECOVER_FORWARD,180 度转向完成，向前离开边缘,left,-0.4125,0.351,1,danger,0.0,,0.0,550,550,1
10.661,366.0,587.0,440.0,372.0,-0.4613,-0.0952,-0.784,-1.0973,-0.6226,,RECOVER_FORWARD,180 度转向完成，向前离开边缘,left,-0.3661,0.3133,1,danger,0.0,,0.0,550,550,1
10.681,408.0,599.0,469.0,418.0,-0.3963,-0.0893,-0.7451,-1.0168,-0.5707,,RECOVER_FORWARD,180 度转向完成，向前离开边缘,left,-0.307,0.2716,1,danger,0.0,,0.0,550,550,1
10.701,427.0,612.0,514.0,447.0,-0.2663,-0.0655,-0.6748,-0.8624,-0.4705,,RECOVER_FORWARD,180 度转向完成，向前离开边缘,left,-0.2008,0.1877,1,danger,0.0,,0.0,550,550,1
10.721,447.0,621.0,561.0,462.0,-0.2074,-0.0397,-0.5655,-0.7651,-0.3865,,RECOVER_FORWARD,180 度转向完成，向前离开边缘,left,-0.1677,0.1996,1,danger,0.0,,0.0,550,550,1
10.741,478.0,631.0,594.0,470.0,-0.1455,-0.0218,-0.4515,-0.7148,-0.2985,,RECOVER_FORWARD,180 度转向完成，向前离开边缘,left,-0.1237,0.2633,1,danger,0.0,,0.0,550,550,1
10.761,499.0,633.0,615.0,493.0,-0.0495,-0.002,-0.3714,-0.6879,-0.2104,,RECOVER_FORWARD,180 度转向完成，向前离开边缘,left,-0.0476,0.3166,1,danger,0.0,,0.0,550,550,1
10.781,501.0,626.0,627.0,506.0,0.0155,-0.002,-0.3204,-0.6107,-0.1612,,RECOVER_FORWARD,180 度转向完成，向前离开边缘,left,0.0175,0.2903,1,danger,0.0,,0.0,550,550,1
10.801,505.0,636.0,634.0,532.0,0.0217,0.002,-0.2913,-0.5671,-0.1446,,RECOVER_FORWARD,180 度转向完成，向前离开边缘,left,0.0197,0.2759,1,danger,0.0,,0.0,550,550,1
10.822,514.0,649.0,652.0,558.0,0.0341,0.0079,-0.2743,-0.4799,-0.1332,,RECOVER_FORWARD,180 度转向完成，向前离开边缘,left,0.0261,0.2056,1,danger,0.0,,0.0,550,550,1
10.842,518.0,663.0,672.0,576.0,0.0619,0.0337,-0.2306,-0.3926,-0.0984,,RECOVER_FORWARD,180 度转向完成，向前离开边缘,left,0.0282,0.162,1,danger,0.0,,0.0,550,550,1
10.862,519.0,678.0,698.0,578.0,0.0743,0.0615,-0.182,-0.3322,-0.0603,,RECOVER_FORWARD,180 度转向完成，向前离开边缘,left,0.0128,0.1502,1,danger,0.0,,0.0,550,550,1
10.882,533.0,701.0,740.0,595.0,0.0774,0.0913,-0.1189,-0.3255,-0.0208,,RECOVER_FORWARD,180 度转向完成，向前离开边缘,left,-0.0139,0.2066,1,danger,0.0,,0.0,550,550,1
10.902,548.0,725.0,783.0,637.0,0.1207,0.1369,-0.017,-0.2685,0.0519,,RECOVER_FORWARD,180 度转向完成，向前离开边缘,left,-0.0162,0.2515,1,danger,0.0,,0.0,550,550,1
10.922,572.0,758.0,837.0,696.0,0.1672,0.1845,0.0874,-0.1275,0.1273,,RECOVER_FORWARD,180 度转向完成，向前离开边缘,left,-0.0173,0.2149,1,danger,0.0,,0.0,550,550,1
10.942,600.0,800.0,897.0,748.0,0.2415,0.25,0.2184,0.0705,0.23,,RECOVER_FORWARD,180 度转向完成，向前离开边缘,left,-0.0085,0.148,1,danger,0.0,,0.0,550,550,1
10.962,634.0,866.0,969.0,801.0,0.3282,0.3333,0.3641,0.245,0.3308,,RECOVER_FORWARD,180 度转向完成，向前离开边缘,left,-0.0052,0.1191,1,danger,0.0,,0.0,550,550,1
10.982,671.0,953.0,1048.0,864.0,0.4334,0.4643,0.5388,0.4228,0.4489,,RECOVER_FORWARD,180 度转向完成，向前离开边缘,left,-0.0308,0.116,0,danger,0.0,,0.0,550,550,1
11.002,694.0,1007.0,1095.0,872.0,0.548,0.6369,0.7306,0.6342,0.6356,,RECOVER_FORWARD,180 度转向完成，向前离开边缘,left,-0.0889,0.0964,0,danger,0.0,,0.0,550,550,1
11.022,683.0,989.0,1073.0,873.0,0.5851,0.7083,0.7913,0.6611,0.6847,,RECOVER_FORWARD,180 度转向完成，向前离开边缘,left,-0.1232,0.1302,0,danger,0.0,,0.0,550,550,1
11.042,701.0,994.0,1084.0,895.0,0.6192,0.7183,0.818,0.6644,0.6913,,RECOVER_FORWARD,180 度转向完成，向前离开边缘,left,-0.0991,0.1535,0,danger,0.0,,0.0,550,550,1
11.062,723.0,1000.0,1124.0,899.0,0.6409,0.7183,0.818,0.7383,0.7283,,RECOVER_FORWARD,180 度转向完成，向前离开边缘,left,-0.0774,0.0797,0,danger,0.0,,0.0,550,550,1
11.083,748.0,992.0,1127.0,892.0,0.709,0.7183,0.915,0.7383,0.7283,,RECOVER_FORWARD,180 度转向完成，向前离开边缘,left,-0.0093,0.1768,0,danger,0.0,,0.0,550,550,1
11.103,739.0,1004.0,1144.0,883.0,0.7585,0.7302,0.9223,0.7282,0.7443,,RECOVER_FORWARD,180 度转向完成，向前离开边缘,left,0.0284,0.1941,0,danger,0.0,,0.0,550,550,1
11.123,739.0,1004.0,1144.0,883.0,0.7585,0.7381,0.9636,0.698,0.7483,,RECOVER_FORWARD,180 度转向完成，向前离开边缘,left,0.0204,0.2656,0,danger,0.0,,0.0,550,550,1
11.143,730.0,1020.0,1142.0,908.0,0.7585,0.7381,0.9636,0.698,0.7483,,RECOVER_FORWARD,180 度转向完成，向前离开边缘,left,0.0204,0.2656,0,danger,0.0,,0.0,550,550,1
11.163,722.0,1027.0,1123.0,899.0,0.7307,0.7698,0.9587,0.7517,0.7608,,RECOVER_FORWARD,180 度转向完成，向前离开边缘,left,-0.0392,0.2071,0,danger,0.0,,0.0,550,550,1
11.183,727.0,1031.0,1127.0,902.0,0.7214,0.7837,0.9223,0.7617,0.7727,,RECOVER_FORWARD,180 度转向完成，向前离开边缘,left,-0.0624,0.1606,0,danger,0.0,,0.0,550,550,1
11.203,731.0,1037.0,1141.0,922.0,0.7214,0.7917,0.9223,0.7617,0.7767,,RECOVER_FORWARD,180 度转向完成，向前离开边缘,left,-0.0703,0.1606,0,danger,0.0,,0.0,550,550,1
11.223,755.0,1044.0,1164.0,936.0,0.7337,0.8036,0.9563,0.8289,0.8162,,RECOVER_FORWARD,180 度转向完成，向前离开边缘,left,-0.0698,0.1275,0,danger,0.0,,0.0,550,550,1
11.243,760.0,1053.0,1169.0,940.0,0.808,0.8175,1.0121,0.8758,0.8466,,RECOVER_FORWARD,180 度转向完成，向前离开边缘,left,-0.0094,0.1363,0,danger,0.0,,0.0,550,550,1
11.264,762.0,1053.0,1182.0,941.0,0.8235,0.8353,1.0243,0.8893,0.8623,,RECOVER_FORWARD,180 度转向完成，向前离开边缘,left,-0.0118,0.135,0,danger,0.0,,0.0,550,550,1
11.284,780.0,1092.0,1196.0,952.0,0.8297,0.8353,1.0558,0.8926,0.864,,RECOVER_FORWARD,180 度转向完成，向前离开边缘,left,-0.0056,0.1632,0,danger,0.0,,0.0,550,550,1
11.304,793.0,1172.0,1219.0,957.0,0.8854,0.9127,1.0898,0.9295,0.9211,,RECOVER_FORWARD,180 度转向完成，向前离开边缘,left,-0.0272,0.1603,0,danger,0.0,,0.0,550,550,1
11.324,797.0,1120.0,1182.0,962.0,0.9257,0.9683,1.0898,0.9463,0.9573,,RECOVER_FORWARD,180 度转向完成，向前离开边缘,left,-0.0426,0.1435,0,danger,0.0,,0.0,550,550,1
11.344,796.0,1081.0,1227.0,961.0,0.935,0.9683,1.1456,0.9597,0.964,,RECOVER_FORWARD,180 度转向完成，向前离开边缘,left,-0.0333,0.1859,0,danger,0.0,,0.0,550,550,1
11.364,801.0,1041.0,1217.0,956.0,0.9381,0.8909,1.1408,0.9597,0.9489,,RECOVER_FORWARD,180 度转向完成，向前离开边缘,left,0.0472,0.181,0,danger,0.0,,0.0,550,550,1
11.384,809.0,1065.0,1231.0,943.0,0.9505,0.8591,1.165,0.943,0.9467,,RECOVER_FORWARD,180 度转向完成，向前离开边缘,left,0.0913,0.2221,0,danger,0.0,,0.0,550,550,1
11.404,805.0,1093.0,1216.0,966.0,0.9628,0.8591,1.1408,0.943,0.9529,,RECOVER_FORWARD,180 度转向完成，向前离开边缘,left,0.1037,0.1978,0,danger,0.0,,0.0,550,550,1
11.424,811.0,1113.0,1199.0,992.0,0.9752,0.9147,1.1383,0.9765,0.9759,,RECOVER_FORWARD,180 度转向完成，向前离开边缘,left,0.0605,0.1618,0,danger,0.0,,0.0,550,550,1
11.445,812.0,1099.0,1224.0,975.0,0.9814,0.9266,1.1383,1.0067,0.9941,,RECOVER_FORWARD,180 度转向完成，向前离开边缘,left,0.0548,0.1316,0,danger,0.0,,0.0,550,550,1
11.465,807.0,1132.0,1239.0,963.0,0.9814,0.9544,1.1578,1.0067,0.9941,,RECOVER_FORWARD,180 度转向完成，向前离开边缘,left,0.0271,0.1511,0,danger,0.0,,0.0,550,550,1
11.485,819.0,1145.0,1243.0,991.0,0.9845,0.9921,1.1942,1.0067,0.9994,,RECOVER_FORWARD,180 度转向完成，向前离开边缘,left,-0.0075,0.1875,0,danger,0.0,,0.0,550,550,1
11.505,828.0,1148.0,1251.0,988.0,1.0062,1.0179,1.2039,1.0503,1.0341,,RECOVER_FORWARD,180 度转向完成，向前离开边缘,left,-0.0117,0.1535,0,danger,0.0,,0.0,550,550,1
11.525,829.0,1153.0,1269.0,995.0,1.0341,1.0238,1.2233,1.0604,1.0472,,RECOVER_FORWARD,180 度转向完成，向前离开边缘,left,0.0102,0.1629,0,danger,0.0,,0.0,550,550,1
11.545,836.0,1154.0,1270.0,999.0,1.0372,1.0337,1.267,1.0738,1.0555,,RECOVER_FORWARD,180 度转向完成，向前离开边缘,left,0.0034,0.1932,0,danger,0.0,,0.0,550,550,1
11.565,836.0,1154.0,1270.0,999.0,1.0588,1.0357,1.2694,1.0872,1.073,,RECOVER_FORWARD,180 度转向完成，向前离开边缘,left,0.0231,0.1822,0,danger,0.0,,0.0,550,550,1
11.585,838.0,1153.0,1276.0,1012.0,1.0588,1.0357,1.2694,1.0872,1.073,,RECOVER_FORWARD,180 度转向完成，向前离开边缘,left,0.0231,0.1822,0,danger,0.0,,0.0,550,550,1
11.605,834.0,1153.0,1283.0,1005.0,1.0588,1.0337,1.284,1.1074,1.0831,,RECOVER_FORWARD,180 度转向完成，向前离开边缘,left,0.0251,0.1766,0,danger,0.0,,0.0,550,550,1
11.625,841.0,1158.0,1274.0,1012.0,1.065,1.0337,1.284,1.1309,1.0979,,RECOVER_FORWARD,180 度转向完成，向前离开边缘,left,0.0313,0.1531,0,danger,0.0,,0.0,550,550,1
11.646,838.0,1172.0,1269.0,1005.0,1.065,1.0437,1.2791,1.1074,1.0862,,RECOVER_FORWARD,180 度转向完成，向前离开边缘,left,0.0214,0.1717,0,danger,0.0,,0.0,550,550,1
11.666,836.0,1171.0,1263.0,998.0,1.065,1.0694,1.267,1.1074,1.0884,,RECOVER_FORWARD,180 度转向完成，向前离开边缘,left,-0.0044,0.1596,0,danger,0.0,,0.0,550,550,1
11.686,839.0,1185.0,1274.0,977.0,1.065,1.0714,1.267,1.0839,1.0777,,RECOVER_FORWARD,180 度转向完成，向前离开边缘,left,-0.0064,0.1831,0,danger,0.0,,0.0,550,550,1
11.706,842.0,1185.0,1281.0,983.0,1.0681,1.0972,1.2791,1.0336,1.0827,,RECOVER_FORWARD,180 度转向完成，向前离开边缘,left,-0.0291,0.2456,0,danger,0.0,,0.0,550,550,1
11.726,841.0,1189.0,1280.0,985.0,1.0743,1.0972,1.2937,1.0336,1.0858,,CRUISE,已脱离暗外圈,,-0.0229,0.2601,0,fast,0.0,,0.0,500,400,1
11.746,856.0,1192.0,1276.0,996.0,1.0774,1.1052,1.2937,1.0403,1.0913,,CRUISE,按区域分级巡航,,-0.0278,0.2534,0,fast,0.0,,0.0,500,400,1
11.766,850.0,1190.0,1289.0,1027.0,1.1022,1.1071,1.2937,1.0772,1.1047,,CRUISE,按区域分级巡航,,-0.005,0.2165,0,fast,0.0,,0.0,500,400,1
11.786,866.0,1207.0,1294.0,1052.0,1.1207,1.1111,1.3155,1.1812,1.151,,CRUISE,按区域分级巡航,,0.0096,0.1343,0,fast,0.0,,0.0,500,400,1
11.806,870.0,1204.0,1297.0,1040.0,1.1517,1.1349,1.3277,1.2248,1.1883,,CRUISE,按区域分级巡航,,0.0168,0.1028,0,fast,0.0,,0.0,500,400,1
11.827,867.0,1209.0,1298.0,1048.0,1.1548,1.1409,1.335,1.2517,1.2032,,CRUISE,按区域分级巡航,,0.0139,0.0833,0,fast,0.0,,0.0,500,400,1
11.847,865.0,1222.0,1298.0,1036.0,1.1548,1.1448,1.3374,1.2248,1.1898,,CRUISE,按区域分级巡航,,0.01,0.1125,0,fast,0.0,,0.0,500,400,1
11.867,851.0,1222.0,1307.0,1029.0,1.1486,1.1706,1.3374,1.2114,1.191,,CRUISE,按区域分级巡航,,-0.022,0.126,0,fast,0.0,,0.0,500,400,1
11.887,850.0,1212.0,1310.0,1015.0,1.1053,1.1706,1.3592,1.1879,1.1793,,CRUISE,按区域分级巡航,,-0.0654,0.1713,0,fast,0.0,,0.0,500,400,1
11.907,853.0,1216.0,1307.0,1016.0,1.1053,1.1587,1.3592,1.1443,1.1515,,CRUISE,按区域分级巡航,,-0.0535,0.2149,0,fast,0.0,,0.0,500,400,1
11.927,849.0,1236.0,1312.0,993.0,1.1022,1.1587,1.3665,1.1409,1.1498,,CRUISE,按区域分级巡航,,-0.0566,0.2256,0,fast,0.0,,0.0,500,400,1
11.947,855.0,1226.0,1300.0,982.0,1.1115,1.1786,1.3592,1.0671,1.145,,CRUISE,按区域分级巡航,,-0.0671,0.2921,0,fast,0.0,,0.0,500,400,1
11.967,855.0,1226.0,1300.0,982.0,1.1176,1.1786,1.3422,1.0302,1.1481,,CRUISE,按区域分级巡航,,-0.0609,0.312,0,fast,0.0,,0.0,500,400,1
11.987,864.0,1209.0,1302.0,1010.0,1.1176,1.1786,1.3422,1.0302,1.1481,,CRUISE,按区域分级巡航,,-0.0609,0.312,0,fast,0.0,,0.0,500,400,1
12.007,858.0,1224.0,1306.0,1008.0,1.1269,1.1746,1.3471,1.1174,1.1508,,CRUISE,按区域分级巡航,,-0.0477,0.2296,0,fast,0.0,,0.0,500,400,1
12.028,848.0,1228.0,1300.0,1018.0,1.1269,1.1746,1.3471,1.1242,1.1508,,CRUISE,按区域分级巡航,,-0.0477,0.2229,0,fast,0.0,,0.0,500,400,1
12.048,847.0,1237.0,1291.0,1016.0,1.096,1.1825,1.3422,1.1443,1.1634,,CRUISE,按区域分级巡航,,-0.0866,0.1979,0,fast,0.0,,0.0,500,400,1
12.068,846.0,1238.0,1310.0,1034.0,1.0929,1.2004,1.3422,1.151,1.1757,,CRUISE,按区域分级巡航,,-0.1075,0.1912,0,fast,0.0,,0.0,500,400,1
12.088,853.0,1237.0,1317.0,1029.0,1.0929,1.2004,1.3665,1.1879,1.1942,,CRUISE,按区域分级巡航,,-0.1075,0.1786,0,fast,0.0,,0.0,500,400,1
12.108,851.0,1232.0,1309.0,1039.0,1.1053,1.2004,1.3665,1.2047,1.2025,,CRUISE,按区域分级巡航,,-0.0951,0.1618,0,fast,0.0,,0.0,500,400,1
12.128,850.0,1225.0,1298.0,1035.0,1.1053,1.1905,1.3641,1.2081,1.1993,,CRUISE,按区域分级巡航,,-0.0852,0.156,0,fast,0.0,,0.0,500,400,1
12.148,846.0,1241.0,1304.0,1024.0,1.1022,1.1905,1.3519,1.2081,1.1993,,CRUISE,按区域分级巡航,,-0.0883,0.1439,0,fast,0.0,,0.0,500,400,1
12.168,845.0,1235.0,1303.0,1013.0,1.0898,1.1964,1.3495,1.1711,1.1838,,CRUISE,按区域分级巡航,,-0.1066,0.1784,0,fast,0.0,,0.0,500,400,1
12.188,837.0,1225.0,1295.0,1000.0,1.0867,1.1964,1.3495,1.1342,1.1653,,CRUISE,按区域分级巡航,,-0.1097,0.2153,0,fast,0.0,,0.0,500,400,1
12.209,835.0,1237.0,1289.0,1002.0,1.0619,1.1964,1.3301,1.0973,1.1469,,CRUISE,按区域分级巡航,,-0.1345,0.2328,0,fast,0.0,,0.0,500,400,1
12.229,832.0,1232.0,1284.0,990.0,1.0557,1.1905,1.3155,1.0906,1.1405,,CRUISE,按区域分级巡航,,-0.1347,0.2249,0,fast,0.0,,0.0,500,400,1
12.249,819.0,1244.0,1294.0,1004.0,1.0464,1.2004,1.3155,1.0973,1.1489,,CRUISE,按区域分级巡航,,-0.154,0.2182,0,fast,0.0,,0.0,500,400,1
12.269,803.0,1235.0,1281.0,1000.0,1.0062,1.1964,1.3034,1.0906,1.1435,,CRUISE,按区域分级巡航,,-0.1902,0.2128,0,fast,0.0,,0.0,500,400,1
12.289,805.0,1234.0,1266.0,994.0,0.9628,1.1964,1.2961,1.0906,1.1435,,CRUISE,按区域分级巡航,,-0.2336,0.2055,0,fast,0.0,,0.0,500,400,1
12.309,798.0,1213.0,1262.0,993.0,0.9567,1.1944,1.2597,1.0705,1.1325,,CRUISE,按区域分级巡航,,-0.2378,0.1892,0,fast,0.0,,0.0,500,400,1
12.329,798.0,1213.0,1250.0,983.0,0.9412,1.1528,1.25,1.0671,1.1099,,CRUISE,按区域分级巡航,,-0.2116,0.1829,0,fast,0.0,,0.0,500,400,1
12.349,797.0,1205.0,1253.0,979.0,0.9412,1.1528,1.2282,1.0336,1.0932,,CRUISE,按区域分级巡航,,-0.2116,0.1946,0,fast,0.0,,0.0,500,400,1
12.369,807.0,1206.0,1256.0,982.0,0.9412,1.1389,1.2282,1.0302,1.0845,,CRUISE,按区域分级巡航,,-0.1977,0.198,0,fast,0.0,,0.0,500,400,1
12.389,807.0,1206.0,1256.0,982.0,0.969,1.1389,1.2354,1.0302,1.0845,,CRUISE,按区域分级巡航,,-0.1698,0.2052,0,fast,0.0,,0.0,500,400,1
12.41,802.0,1198.0,1256.0,980.0,0.969,1.1389,1.2354,1.0302,1.0845,,CRUISE,按区域分级巡航,,-0.1698,0.2052,0,fast,0.0,,0.0,500,400,1
12.43,798.0,1193.0,1259.0,966.0,0.9536,1.123,1.2354,1.0235,1.0733,,CRUISE,按区域分级巡航,,-0.1695,0.2119,0,fast,0.0,,0.0,500,400,1
12.45,808.0,1189.0,1252.0,967.0,0.9536,1.1131,1.2354,0.9799,1.0465,,CRUISE,按区域分级巡航,,-0.1595,0.2556,0,fast,0.0,,0.0,500,400,1
12.47,806.0,1190.0,1248.0,983.0,0.9659,1.1071,1.2257,0.9799,1.0435,,CRUISE,按区域分级巡航,,-0.1412,0.2459,0,fast,0.0,,0.0,500,400,1
12.49,799.0,1193.0,1252.0,963.0,0.9659,1.1071,1.2257,0.9799,1.0435,,CRUISE,按区域分级巡航,,-0.1412,0.2459,0,fast,0.0,,0.0,500,400,1
12.51,799.0,1174.0,1245.0,958.0,0.9443,1.1071,1.216,0.9664,1.0368,,CRUISE,按区域分级巡航,,-0.1629,0.2496,0,fast,0.0,,0.0,500,400,1
12.53,789.0,1165.0,1239.0,975.0,0.9443,1.0754,1.2087,0.9664,1.0209,,CRUISE,按区域分级巡航,,-0.1311,0.2423,0,fast,0.0,,0.0,500,400,1
12.55,786.0,1160.0,1211.0,975.0,0.9133,1.0575,1.1942,1.0067,1.0321,,CRUISE,按区域分级巡航,,-0.1442,0.1875,0,fast,0.0,,0.0,500,400,1
12.57,779.0,1156.0,1220.0,970.0,0.904,1.0476,1.1481,1.0067,1.0272,,CRUISE,按区域分级巡航,,-0.1436,0.1413,0,fast,0.0,,0.0,500,400,1
12.591,776.0,1150.0,1221.0,957.0,0.8824,1.0397,1.1481,0.9899,1.0148,,CRUISE,按区域分级巡航,,-0.1573,0.1581,0,fast,0.0,,0.0,500,400,1
12.611,758.0,1140.0,1228.0,950.0,0.8731,1.0278,1.1505,0.9463,0.987,,CRUISE,按区域分级巡航,,-0.1547,0.2042,0,fast,0.0,,0.0,500,400,1
12.631,752.0,1152.0,1212.0,943.0,0.8173,1.0278,1.1505,0.9228,0.9753,,CRUISE,按区域分级巡航,,-0.2104,0.2277,0,fast,0.0,,0.0,500,400,1
12.651,747.0,1143.0,1202.0,926.0,0.7988,1.0139,1.1286,0.8993,0.9566,,CRUISE,按区域分级巡航,,-0.2151,0.2293,0,fast,0.0,,0.0,500,400,1
12.671,744.0,1139.0,1185.0,923.0,0.7833,1.0139,1.1044,0.8423,0.9281,,CRUISE,按区域分级巡航,,-0.2306,0.2621,0,fast,0.0,,0.0,500,400,1
12.691,744.0,1148.0,1179.0,925.0,0.774,1.0139,1.0631,0.8389,0.9264,,CRUISE,按区域分级巡航,,-0.2399,0.2242,0,fast,0.0,,0.0,500,400,1
12.711,747.0,1137.0,1173.0,915.0,0.774,1.006,1.0485,0.8322,0.9191,,CRUISE,按区域分级巡航,,-0.232,0.2163,0,fast,0.0,,0.0,500,400,1
12.731,747.0,1129.0,1173.0,913.0,0.7833,1.002,1.034,0.8054,0.9037,,CRUISE,按区域分级巡航,,-0.2187,0.2286,0,fast,0.0,,0.0,500,400,1
12.751,736.0,1122.0,1171.0,899.0,0.7833,0.9861,1.034,0.7987,0.8924,,MEDIUM_CRUISE,按区域分级巡航,,-0.2028,0.2353,0,medium,0.0,,0.0,450,400,1
12.772,730.0,1116.0,1152.0,896.0,0.7492,0.9722,1.0291,0.7517,0.862,,MEDIUM_CRUISE,按区域分级巡航,,-0.223,0.2774,0,medium,0.0,,0.0,450,400,1
12.792,730.0,1116.0,1152.0,896.0,0.7307,0.9603,0.983,0.7416,0.851,,MEDIUM_CRUISE,按区域分级巡航,,-0.2297,0.2414,0,medium,0.0,,0.0,450,400,1
12.812,751.0,1111.0,1138.0,888.0,0.7307,0.9603,0.983,0.7416,0.851,,MEDIUM_CRUISE,按区域分级巡航,,-0.2297,0.2414,0,medium,0.0,,0.0,450,400,1
12.832,722.0,1101.0,1155.0,907.0,0.7307,0.9504,0.983,0.7416,0.846,,EDGE_AVOID,灰度趋势变暗，提前避让,right,-0.2197,0.2414,0,slow,0.0,left,0.0,400,640,1
12.852,707.0,1100.0,1144.0,903.0,0.7059,0.9306,0.9636,0.7651,0.8478,,EDGE_AVOID,灰度趋势变暗，提前避让,front,-0.2247,0.1985,0,slow,0.0,,0.0,-550,-550,1
12.872,717.0,1100.0,1132.0,914.0,0.6904,0.9286,0.9636,0.7785,0.8535,,EDGE_AVOID,避让滞回，未恢复不退出,front,-0.2382,0.1851,0,slow,0.0,,0.0,-550,-550,1
12.892,714.0,1080.0,1122.0,924.0,0.6811,0.9286,0.9345,0.802,0.8653,,EDGE_AVOID,避让滞回，未恢复不退出,front,-0.2475,0.1325,0,slow,0.0,,0.0,-550,-550,1
12.912,706.0,1073.0,1108.0,917.0,0.6811,0.8889,0.9102,0.8121,0.8505,,EDGE_AVOID,避让滞回，未恢复不退出,front,-0.2078,0.0981,0,slow,0.0,,0.0,-550,-550,1
12.932,706.0,1070.0,1097.0,905.0,0.6563,0.875,0.8762,0.8121,0.8435,,EDGE_AVOID,灰度趋势变暗，提前避让,front,-0.2187,0.0641,0,slow,0.0,,0.0,-550,-550,1
12.953,718.0,1081.0,1092.0,919.0,0.6563,0.875,0.8495,0.8121,0.8308,,EDGE_AVOID,灰度趋势变暗，提前避让,front,-0.2187,0.0374,0,slow,0.0,,0.0,-550,-550,1
12.973,731.0,1077.0,1087.0,928.0,0.6935,0.8829,0.8374,0.8188,0.8281,,EDGE_AVOID,灰度趋势变暗，提前避让,front,-0.1894,0.0186,0,slow,0.0,,0.0,-550,-550,1
12.993,720.0,1060.0,1087.0,911.0,0.6997,0.8829,0.8252,0.8188,0.822,,EDGE_AVOID,灰度趋势变暗，提前避让,front,-0.1832,0.0065,0,slow,0.0,,0.0,-550,-550,1
13.013,705.0,1067.0,1088.0,907.0,0.6997,0.8631,0.8252,0.7919,0.8086,,EDGE_AVOID,灰度趋势变暗，提前避让,front,-0.1634,0.0333,0,slow,0.0,,0.0,-550,-550,1
13.033,693.0,1069.0,1085.0,907.0,0.6533,0.8631,0.8252,0.7785,0.8019,,EDGE_AVOID,灰度趋势变暗，提前避让,front,-0.2098,0.0467,0,slow,0.0,,0.0,-550,-550,1
13.053,688.0,1069.0,1086.0,909.0,0.6161,0.8671,0.8228,0.7785,0.8007,,EDGE_AVOID,灰度趋势变暗，提前避让,front,-0.251,0.0443,0,slow,0.0,,0.0,-550,-550,1
13.073,685.0,1069.0,1088.0,908.0,0.6006,0.8671,0.8228,0.7819,0.8023,,EDGE_AVOID,灰度趋势变暗，提前避让,front,-0.2664,0.0409,0,slow,0.0,,0.0,-550,-550,1
13.093,683.0,1066.0,1085.0,905.0,0.5913,0.8671,0.8228,0.7819,0.8023,,EDGE_AVOID,灰度趋势变暗，提前避让,front,-0.2757,0.0409,0,slow,0.0,,0.0,-550,-550,1
13.113,684.0,1069.0,1090.0,907.0,0.5882,0.8671,0.8277,0.7785,0.8031,,EDGE_AVOID,灰度趋势变暗，提前避让,front,-0.2788,0.0491,0,slow,0.0,,0.0,-550,-550,1
13.133,684.0,1070.0,1090.0,908.0,0.5882,0.8671,0.8325,0.7785,0.8055,,EDGE_AVOID,灰度趋势变暗，提前避让,front,-0.2788,0.054,0,slow,0.0,,0.0,-550,-550,1
13.154,683.0,1070.0,1090.0,908.0,0.5882,0.869,0.8325,0.7819,0.8072,,EDGE_AVOID,灰度趋势变暗，提前避让,front,-0.2808,0.0506,0,slow,0.0,,0.0,-550,-550,1
13.174,684.0,1071.0,1089.0,908.0,0.5882,0.869,0.8325,0.7819,0.8072,,EDGE_AVOID,灰度趋势变暗，提前避让,front,-0.2808,0.0506,0,slow,0.0,,0.0,-550,-550,1
13.194,683.0,1069.0,1088.0,906.0,0.5851,0.869,0.8301,0.7819,0.806,,EDGE_AVOID,灰度趋势变暗，提前避让,front,-0.2839,0.0482,0,slow,0.0,,0.0,-550,-550,1
13.214,682.0,1069.0,1088.0,908.0,0.5851,0.8671,0.8277,0.7819,0.8048,,EDGE_AVOID,灰度趋势变暗，提前避让,front,-0.2819,0.0458,0,slow,0.0,,0.0,-550,-550,1
13.234,682.0,1069.0,1088.0,908.0,0.582,0.8671,0.8277,0.7819,0.8048,,EDGE_AVOID,灰度趋势变暗，提前避让,front,-0.285,0.0458,0,slow,0.0,,0.0,-550,-550,1
13.254,683.0,1068.0,1087.0,908.0,0.582,0.8671,0.8277,0.7819,0.8048,,EDGE_AVOID,灰度趋势变暗，提前避让,front,-0.285,0.0458,0,slow,0.0,,0.0,-550,-550,1
13.274,685.0,1072.0,1086.0,910.0,0.5851,0.8671,0.8252,0.7819,0.8036,,EDGE_AVOID,灰度趋势变暗，提前避让,front,-0.2819,0.0434,0,slow,0.0,,0.0,-550,-550,1
13.294,685.0,1069.0,1084.0,908.0,0.5913,0.8671,0.8228,0.7819,0.8023,,EDGE_AVOID,灰度趋势变暗，提前避让,front,-0.2757,0.0409,0,slow,0.0,,0.0,-550,-550,1
13.314,689.0,1068.0,1084.0,904.0,0.5913,0.8671,0.818,0.7819,0.7999,,EDGE_AVOID,灰度趋势变暗，提前避让,front,-0.2757,0.0361,0,slow,0.0,,0.0,-550,-550,1
13.334,701.0,1059.0,1082.0,905.0,0.6037,0.8651,0.818,0.7718,0.7949,,EDGE_AVOID,灰度趋势变暗，提前避让,front,-0.2614,0.0461,0,slow,0.0,,0.0,-550,-550,1
13.355,718.0,1069.0,1084.0,917.0,0.6409,0.8651,0.818,0.7718,0.7949,,EDGE_AVOID,灰度趋势变暗，提前避让,front,-0.2242,0.0461,0,slow,0.0,,0.0,-550,-550,1
13.375,727.0,1078.0,1082.0,926.0,0.6935,0.8671,0.8131,0.8121,0.8126,,EDGE_AVOID,灰度趋势变暗，提前避让,front,-0.1736,0.001,0,slow,0.0,,0.0,-550,-550,1
13.395,710.0,1073.0,1084.0,905.0,0.6935,0.875,0.818,0.8121,0.815,,EDGE_AVOID,灰度趋势变暗，提前避让,front,-0.1815,0.0059,0,slow,0.0,,0.0,-550,-550,1
13.415,705.0,1064.0,1088.0,905.0,0.6687,0.875,0.818,0.7718,0.7949,,EDGE_AVOID,灰度趋势变暗，提前避让,front,-0.2063,0.0461,0,slow,0.0,,0.0,-550,-550,1
13.435,698.0,1068.0,1094.0,911.0,0.6533,0.8651,0.8277,0.7718,0.7997,,EDGE_AVOID,灰度趋势变暗，提前避让,front,-0.2118,0.0559,0,slow,0.0,,0.0,-550,-550,1
13.455,709.0,1078.0,1104.0,916.0,0.6533,0.8651,0.8422,0.7919,0.8171,,EDGE_AVOID,灰度趋势变暗，提前避让,front,-0.2118,0.0503,0,slow,0.0,,0.0,-550,-550,1
13.475,699.0,1092.0,1118.0,901.0,0.6347,0.8849,0.8665,0.7919,0.8292,,EDGE_AVOID,灰度趋势变暗，提前避让,front,-0.2502,0.0746,0,slow,0.0,,0.0,-550,-550,1
13.495,700.0,1091.0,1133.0,901.0,0.6378,0.9107,0.9005,0.7584,0.8294,,EDGE_AVOID,灰度趋势变暗，提前避让,front,-0.2729,0.1421,0,slow,0.0,,0.0,-550,-550,1
13.515,732.0,1102.0,1120.0,889.0,0.6378,0.9127,0.9053,0.7584,0.8319,,EDGE_AVOID,灰度趋势变暗，提前避让,front,-0.2749,0.147,0,slow,0.0,,0.0,-550,-550,1
13.536,712.0,1108.0,1132.0,892.0,0.6749,0.9325,0.9345,0.7282,0.8304,,EDGE_AVOID,灰度趋势变暗，提前避让,front,-0.2576,0.2063,0,slow,0.0,,0.0,-550,-550,1
13.556,728.0,1116.0,1153.0,899.0,0.7245,0.9444,0.9345,0.7282,0.8313,,EDGE_AVOID,灰度趋势变暗，提前避让,front,-0.22,0.2063,0,slow,0.0,,0.0,-550,-550,1
13.576,736.0,1135.0,1156.0,906.0,0.7245,0.9603,0.9854,0.7517,0.856,,EDGE_AVOID,避让滞回，未恢复不退出,front,-0.2359,0.2338,0,slow,0.0,,0.0,-550,-550,1
13.596,732.0,1137.0,1162.0,918.0,0.7368,0.998,0.9927,0.7752,0.8839,,EDGE_AVOID,避让滞回，未恢复不退出,front,-0.2612,0.2176,0,slow,0.0,,0.0,-550,-550,1
13.616,735.0,1138.0,1176.0,918.0,0.7461,1.002,1.0073,0.8154,0.9087,,EDGE_AVOID,避让滞回，未恢复不退出,front,-0.2559,0.1918,0,slow,0.0,,0.0,-550,-550,1
13.636,740.0,1154.0,1194.0,935.0,0.7461,1.004,1.0413,0.8154,0.9097,,EDGE_AVOID,避让滞回，未恢复不退出,front,-0.2578,0.2258,0,slow,0.0,,0.0,-550,-550,1
13.656,742.0,1141.0,1211.0,943.0,0.7616,1.0099,1.085,0.8725,0.9412,,EDGE_AVOID,避让滞回，未恢复不退出,front,-0.2483,0.2125,0,slow,0.0,,0.0,-550,-550,1
13.676,757.0,1147.0,1206.0,956.0,0.7678,1.0218,1.1141,0.8993,0.9606,,CRUISE,按区域分级巡航,,-0.254,0.2147,0,fast,0.0,,0.0,500,400,1
13.696,768.0,1153.0,1197.0,966.0,0.8142,1.0218,1.1141,0.943,0.9824,,CRUISE,按区域分级巡航,,-0.2076,0.1711,0,fast,0.0,,0.0,500,400,1
13.716,776.0,1164.0,1214.0,958.0,0.8483,1.0337,1.1141,0.9497,0.9917,,CRUISE,按区域分级巡航,,-0.1854,0.1644,0,fast,0.0,,0.0,500,400,1
13.737,785.0,1191.0,1240.0,970.0,0.8731,1.0556,1.1335,0.9765,1.016,,CRUISE,按区域分级巡航,,-0.1825,0.157,0,fast,0.0,,0.0,500,400,1
13.757,791.0,1181.0,1234.0,965.0,0.9009,1.0893,1.182,0.9732,1.0312,,CRUISE,按区域分级巡航,,-0.1884,0.2089,0,fast,0.0,,0.0,500,400,1
13.777,791.0,1181.0,1234.0,965.0,0.9195,1.0893,1.182,0.9732,1.0312,,CRUISE,按区域分级巡航,,-0.1698,0.2089,0,fast,0.0,,0.0,500,400,1
13.797,796.0,1192.0,1247.0,966.0,0.9195,1.0893,1.182,0.9732,1.0312,,CRUISE,按区域分级巡航,,-0.1698,0.2089,0,fast,0.0,,0.0,500,400,1
13.817,791.0,1195.0,1257.0,961.0,0.9195,1.1111,1.2136,0.9732,1.0421,,CRUISE,按区域分级巡航,,-0.1916,0.2404,0,fast,0.0,,0.0,500,400,1
13.837,802.0,1224.0,1272.0,965.0,0.935,1.1171,1.2379,0.9732,1.0451,,CRUISE,按区域分级巡航,,-0.1821,0.2647,0,fast,0.0,,0.0,500,400,1
13.857,794.0,1222.0,1268.0,966.0,0.9288,1.1706,1.2646,0.9732,1.0719,,CRUISE,按区域分级巡航,,-0.2418,0.2914,0,fast,0.0,,0.0,500,400,1
13.877,792.0,1223.0,1264.0,977.0,0.9288,1.1726,1.2646,0.9765,1.0746,,CRUISE,按区域分级巡航,,-0.2438,0.2881,0,fast,0.0,,0.0,500,400,1
13.897,793.0,1216.0,1265.0,984.0,0.9257,1.1706,1.2573,1.0134,1.092,,CRUISE,按区域分级巡航,,-0.2449,0.2439,0,fast,0.0,,0.0,500,400,1
13.918,793.0,1226.0,1273.0,987.0,0.9257,1.1726,1.2573,1.0369,1.1048,,CRUISE,按区域分级巡航,,-0.2469,0.2204,0,fast,0.0,,0.0,500,400,1
13.938,798.0,1232.0,1267.0,988.0,0.9257,1.1786,1.2621,1.047,1.1128,,CRUISE,按区域分级巡航,,-0.2529,0.2152,0,fast,0.0,,0.0,500,400,1
13.958,802.0,1236.0,1265.0,997.0,0.9412,1.1905,1.2621,1.0503,1.1204,,CRUISE,按区域分级巡航,,-0.2493,0.2118,0,fast,0.0,,0.0,500,400,1
13.978,804.0,1241.0,1271.0,1000.0,0.9536,1.1984,1.2621,1.0805,1.1395,,CRUISE,按区域分级巡航,,-0.2449,0.1816,0,fast,0.0,,0.0,500,400,1
13.998,800.0,1240.0,1271.0,1002.0,0.9536,1.2063,1.2718,1.0906,1.1485,,CRUISE,按区域分级巡航,,-0.2528,0.1812,0,fast,0.0,,0.0,500,400,1
14.018,798.0,1239.0,1272.0,1002.0,0.9474,1.2063,1.2718,1.0973,1.1518,,CRUISE,按区域分级巡航,,-0.259,0.1745,0,fast,0.0,,0.0,500,400,1
14.038,799.0,1239.0,1272.0,1005.0,0.9443,1.2044,1.2743,1.0973,1.1508,,CRUISE,按区域分级巡航,,-0.2601,0.177,0,fast,0.0,,0.0,500,400,1
14.058,800.0,1238.0,1269.0,1006.0,0.9443,1.2044,1.2743,1.1074,1.1559,,CRUISE,按区域分级巡航,,-0.2601,0.1669,0,fast,0.0,,0.0,500,400,1
14.078,801.0,1239.0,1269.0,1009.0,0.9474,1.2044,1.267,1.1107,1.1576,,CRUISE,按区域分级巡航,,-0.257,0.1563,0,fast,0.0,,0.0,500,400,1
14.098,801.0,1240.0,1268.0,1009.0,0.9505,1.2044,1.267,1.1208,1.1626,,CRUISE,按区域分级巡航,,-0.2539,0.1462,0,fast,0.0,,0.0,500,400,1
14.118,803.0,1242.0,1269.0,1010.0,0.9505,1.2063,1.267,1.1208,1.1636,,CRUISE,按区域分级巡航,,-0.2559,0.1462,0,fast,0.0,,0.0,500,400,1
14.138,802.0,1241.0,1269.0,1009.0,0.9536,1.2083,1.267,1.1208,1.1646,,CRUISE,按区域分级巡航,,-0.2548,0.1462,0,fast,0.0,,0.0,500,400,1
14.159,803.0,1242.0,1270.0,1009.0,0.9567,1.2103,1.267,1.1208,1.1656,,CRUISE,按区域分级巡航,,-0.2537,0.1462,0,fast,0.0,,0.0,500,400,1
14.179,806.0,1244.0,1270.0,1006.0,0.9567,1.2103,1.2694,1.1208,1.1656,,CRUISE,按区域分级巡航,,-0.2537,0.1486,0,fast,0.0,,0.0,500,400,1
14.199,808.0,1241.0,1269.0,1006.0,0.9659,1.2103,1.2694,1.1107,1.1605,,CRUISE,按区域分级巡航,,-0.2444,0.1587,0,fast,0.0,,0.0,500,400,1
14.219,806.0,1235.0,1269.0,996.0,0.9659,1.2083,1.267,1.1107,1.1595,,CRUISE,按区域分级巡航,,-0.2424,0.1563,0,fast,0.0,,0.0,500,400,1
14.239,800.0,1228.0,1272.0,992.0,0.9659,1.1964,1.267,1.0772,1.1368,,CRUISE,按区域分级巡航,,-0.2305,0.1898,0,fast,0.0,,0.0,500,400,1
14.259,794.0,1220.0,1269.0,994.0,0.9474,1.1825,1.267,1.0705,1.1265,,CRUISE,按区域分级巡航,,-0.2352,0.1965,0,fast,0.0,,0.0,500,400,1
14.279,797.0,1217.0,1262.0,991.0,0.9381,1.1667,1.267,1.0638,1.1152,,CRUISE,按区域分级巡航,,-0.2286,0.2032,0,fast,0.0,,0.0,500,400,1
14.299,792.0,1217.0,1259.0,987.0,0.9288,1.1607,1.25,1.0604,1.1106,,CRUISE,按区域分级巡航,,-0.2319,0.1896,0,fast,0.0,,0.0,500,400,1
14.319,792.0,1218.0,1259.0,980.0,0.9226,1.1607,1.2427,1.047,1.1038,,CRUISE,按区域分级巡航,,-0.2381,0.1957,0,fast,0.0,,0.0,500,400,1
14.339,792.0,1218.0,1259.0,980.0,0.9226,1.1627,1.2427,1.0235,1.0931,,CRUISE,按区域分级巡航,,-0.2401,0.2192,0,fast,0.0,,0.0,500,400,1
14.36,800.0,1217.0,1267.0,974.0,0.9226,1.1627,1.2427,1.0235,1.0931,,CRUISE,按区域分级巡航,,-0.2401,0.2192,0,fast,0.0,,0.0,500,400,1
14.38,802.0,1214.0,1267.0,974.0,0.9474,1.1607,1.2621,1.0034,1.082,,CRUISE,按区域分级巡航,,-0.2133,0.2588,0,fast,0.0,,0.0,500,400,1
14.4,801.0,1200.0,1267.0,972.0,0.9505,1.1548,1.2621,1.0034,1.0791,,CRUISE,按区域分级巡航,,-0.2043,0.2588,0,fast,0.0,,0.0,500,400,1
14.42,792.0,1196.0,1259.0,971.0,0.9505,1.127,1.2621,0.9966,1.0618,,CRUISE,按区域分级巡航,,-0.1765,0.2655,0,fast,0.0,,0.0,500,400,1
14.44,799.0,1197.0,1254.0,964.0,0.9443,1.121,1.2427,0.9933,1.0572,,CRUISE,按区域分级巡航,,-0.1768,0.2494,0,fast,0.0,,0.0,500,400,1
14.46,794.0,1182.0,1241.0,959.0,0.9288,1.119,1.2306,0.9698,1.0444,,CRUISE,按区域分级巡航,,-0.1903,0.2608,0,fast,0.0,,0.0,500,400,1
14.48,808.0,1194.0,1251.0,978.0,0.9443,1.1151,1.2233,0.9698,1.0424,,CRUISE,按区域分级巡航,,-0.1708,0.2535,0,fast,0.0,,0.0,500,400,1
14.5,805.0,1194.0,1249.0,977.0,0.9628,1.1151,1.2184,1.0134,1.0643,,CRUISE,按区域分级巡航,,-0.1522,0.205,0,fast,0.0,,0.0,500,400,1
14.52,795.0,1177.0,1242.0,953.0,0.9628,1.1151,1.2184,1.0134,1.0643,,CRUISE,按区域分级巡航,,-0.1522,0.205,0,fast,0.0,,0.0,500,400,1
14.541,790.0,1166.0,1223.0,960.0,0.9319,1.0813,1.2015,0.9564,1.0189,,CRUISE,按区域分级巡航,,-0.1495,0.2451,0,fast,0.0,,0.0,500,400,1
14.561,772.0,1161.0,1213.0,970.0,0.9164,1.0595,1.1553,0.9564,1.0079,,CRUISE,按区域分级巡航,,-0.1431,0.199,0,fast,0.0,,0.0,500,400,1
14.581,767.0,1161.0,1225.0,985.0,0.8607,1.0496,1.1553,0.9899,1.0198,,CRUISE,按区域分级巡航,,-0.1889,0.1654,0,fast,0.0,,0.0,500,400,1
14.601,757.0,1145.0,1216.0,969.0,0.8452,1.0496,1.1383,0.9899,1.0198,,CRUISE,按区域分级巡航,,-0.2044,0.1484,0,fast,0.0,,0.0,500,400,1
14.621,748.0,1135.0,1208.0,962.0,0.8142,1.0179,1.1383,0.9866,1.0022,,CRUISE,按区域分级巡航,,-0.2036,0.1518,0,fast,0.0,,0.0,500,400,1
14.641,747.0,1149.0,1197.0,946.0,0.7864,1.0179,1.1189,0.9631,0.9905,,CRUISE,按区域分级巡航,,-0.2315,0.1558,0,fast,0.0,,0.0,500,400,1
14.661,745.0,1149.0,1200.0,943.0,0.7833,1.0258,1.0995,0.9094,0.9676,,CRUISE,按区域分级巡航,,-0.2425,0.1901,0,fast,0.0,,0.0,500,400,1
14.681,741.0,1141.0,1188.0,928.0,0.7771,1.0258,1.0922,0.8993,0.9626,,CRUISE,按区域分级巡航,,-0.2487,0.1929,0,fast,0.0,,0.0,500,400,1
14.701,742.0,1141.0,1169.0,920.0,0.7678,1.0099,1.0704,0.849,0.9295,,CRUISE,按区域分级巡航,,-0.2421,0.2214,0,fast,0.0,,0.0,500,400,1
14.722,754.0,1138.0,1162.0,909.0,0.7678,1.0099,1.0243,0.8221,0.916,,CRUISE,按区域分级巡航,,-0.2421,0.2021,0,fast,0.0,,0.0,500,400,1
14.742,739.0,1135.0,1161.0,907.0,0.7678,1.004,1.0073,0.7852,0.8946,,MEDIUM_CRUISE,按区域分级巡航,,-0.2362,0.222,0,medium,0.0,,0.0,450,400,1
14.762,739.0,1135.0,1161.0,907.0,0.7585,0.998,1.0049,0.7785,0.8883,,MEDIUM_CRUISE,按区域分级巡航,,-0.2395,0.2263,0,medium,0.0,,0.0,450,400,1
14.782,733.0,1128.0,1160.0,899.0,0.7585,0.998,1.0049,0.7785,0.8883,,MEDIUM_CRUISE,按区域分级巡航,,-0.2395,0.2263,0,medium,0.0,,0.0,450,400,1
14.802,714.0,1120.0,1124.0,884.0,0.7399,0.9841,1.0024,0.7517,0.8679,,MEDIUM_CRUISE,按区域分级巡航,,-0.2442,0.2507,0,medium,0.0,,0.0,450,400,1
14.822,728.0,1116.0,1140.0,886.0,0.7245,0.9683,0.9539,0.7081,0.8392,,EDGE_AVOID,灰度趋势变暗，提前避让,right,-0.2438,0.2458,0,slow,0.0,left,0.0,400,640,1
14.842,716.0,1099.0,1144.0,894.0,0.6873,0.9603,0.9539,0.7081,0.831,,EDGE_AVOID,灰度趋势变暗，提前避让,front,-0.273,0.2458,0,slow,0.0,,0.0,-550,-550,1
14.862,713.0,1095.0,1128.0,887.0,0.6873,0.9266,0.9539,0.7114,0.819,,EDGE_AVOID,灰度趋势变暗，提前避让,right,-0.2393,0.2425,0,slow,0.0,left,0.0,400,640,1
14.882,712.0,1088.0,1104.0,893.0,0.678,0.9187,0.9248,0.7315,0.8251,,EDGE_AVOID,灰度趋势变暗，提前避让,front,-0.2406,0.1932,0,slow,0.0,,0.0,-550,-550,1
14.902,724.0,1078.0,1093.0,915.0,0.678,0.9048,0.8665,0.7315,0.799,,EDGE_AVOID,灰度趋势变暗，提前避让,front,-0.2267,0.135,0,slow,0.0,,0.0,-550,-550,1
14.923,708.0,1068.0,1082.0,908.0,0.6749,0.8849,0.8398,0.7819,0.8108,,EDGE_AVOID,灰度趋势变暗，提前避让,front,-0.21,0.0579,0,slow,0.0,,0.0,-550,-550,1
14.943,697.0,1066.0,1093.0,900.0,0.6625,0.8651,0.8398,0.7819,0.8108,,EDGE_AVOID,灰度趋势变暗，提前避让,front,-0.2025,0.0579,0,slow,0.0,,0.0,-550,-550,1
14.963,703.0,1069.0,1101.0,904.0,0.6471,0.8651,0.8398,0.7685,0.8041,,EDGE_AVOID,灰度趋势变暗，提前避让,front,-0.218,0.0713,0,slow,0.0,,0.0,-550,-550,1
14.983,710.0,1061.0,1108.0,904.0,0.6471,0.8611,0.8592,0.7685,0.8138,,EDGE_AVOID,灰度趋势变暗，提前避让,front,-0.2141,0.0908,0,slow,0.0,,0.0,-550,-550,1
15.003,694.0,1060.0,1103.0,898.0,0.6471,0.8512,0.8641,0.7685,0.8098,,EDGE_AVOID,灰度趋势变暗，提前避让,front,-0.2041,0.0956,0,slow,0.0,,0.0,-550,-550,1
15.023,691.0,1068.0,1096.0,889.0,0.6192,0.8512,0.8641,0.7483,0.7998,,EDGE_AVOID,灰度趋势变暗，提前避让,front,-0.232,0.1158,0,slow,0.0,,0.0,-550,-550,1
15.043,685.0,1064.0,1090.0,882.0,0.6099,0.8571,0.8471,0.7181,0.7826,,EDGE_AVOID,灰度趋势变暗，提前避让,front,-0.2472,0.129,0,slow,0.0,,0.0,-550,-550,1
15.063,676.0,1062.0,1087.0,868.0,0.5913,0.8571,0.8325,0.6946,0.7636,,EDGE_AVOID,灰度趋势变暗，提前避让,front,-0.2658,0.1379,0,slow,0.0,,0.0,-550,-550,1
15.084,672.0,1059.0,1087.0,863.0,0.5635,0.8532,0.8252,0.6477,0.7364,,EDGE_AVOID,灰度趋势变暗，提前避让,front,-0.2897,0.1776,0,slow,0.0,,0.0,-550,-550,1
15.104,669.0,1056.0,1089.0,857.0,0.5511,0.8472,0.8252,0.6309,0.7281,,EDGE_AVOID,灰度趋势变暗，提前避让,front,-0.2961,0.1944,0,slow,0.0,,0.0,-550,-550,1
15.124,668.0,1057.0,1091.0,855.0,0.5418,0.8433,0.8301,0.6107,0.7204,,EDGE_AVOID,灰度趋势变暗，提前避让,front,-0.3015,0.2194,0,slow,0.0,,0.0,-550,-550,1
15.144,667.0,1057.0,1092.0,855.0,0.5387,0.8433,0.835,0.604,0.7195,,EDGE_AVOID,灰度趋势变暗，提前避让,front,-0.3046,0.2309,0,slow,0.0,,0.0,-550,-550,1
15.164,666.0,1058.0,1091.0,854.0,0.5356,0.8433,0.835,0.604,0.7195,,EDGE_AVOID,灰度趋势变暗，提前避让,front,-0.3077,0.2309,0,slow,0.0,,0.0,-550,-550,1
15.184,666.0,1058.0,1091.0,854.0,0.5325,0.8452,0.835,0.6007,0.7178,,EDGE_AVOID,灰度趋势变暗，提前避让,front,-0.3127,0.2343,0,slow,0.0,,0.0,-550,-550,1
15.204,667.0,1058.0,1093.0,856.0,0.5325,0.8452,0.835,0.6007,0.7178,,EDGE_AVOID,灰度趋势变暗，提前避让,front,-0.3127,0.2343,0,slow,0.0,,0.0,-550,-550,1
15.224,667.0,1059.0,1092.0,857.0,0.5356,0.8452,0.8374,0.6074,0.7224,,EDGE_AVOID,灰度趋势变暗，提前避让,front,-0.3096,0.23,0,slow,0.0,,0.0,-550,-550,1
15.244,666.0,1058.0,1092.0,857.0,0.5356,0.8452,0.8374,0.6107,0.7241,,EDGE_AVOID,灰度趋势变暗，提前避让,front,-0.3096,0.2266,0,slow,0.0,,0.0,-550,-550,1
15.264,668.0,1059.0,1092.0,857.0,0.5356,0.8472,0.8374,0.6107,0.7241,,EDGE_AVOID,灰度趋势变暗，提前避让,front,-0.3116,0.2266,0,slow,0.0,,0.0,-550,-550,1
15.285,667.0,1059.0,1090.0,856.0,0.5356,0.8472,0.8374,0.6107,0.7241,,EDGE_AVOID,灰度趋势变暗，提前避让,front,-0.3116,0.2266,0,slow,0.0,,0.0,-550,-550,1
15.305,667.0,1057.0,1085.0,857.0,0.5356,0.8472,0.8325,0.6107,0.7216,,EDGE_AVOID,灰度趋势变暗，提前避让,front,-0.3116,0.2218,0,slow,0.0,,0.0,-550,-550,1
15.325,670.0,1062.0,1086.0,862.0,0.5356,0.8472,0.8228,0.6107,0.7168,,EDGE_AVOID,灰度趋势变暗，提前避让,front,-0.3116,0.2121,0,slow,0.0,,0.0,-550,-550,1
15.345,673.0,1064.0,1089.0,871.0,0.5449,0.8532,0.8228,0.6275,0.7252,,EDGE_AVOID,灰度趋势变暗，提前避让,front,-0.3083,0.1953,0,slow,0.0,,0.0,-550,-550,1
15.365,680.0,1066.0,1088.0,882.0,0.5542,0.8571,0.8277,0.6577,0.7427,,EDGE_AVOID,灰度趋势变暗，提前避让,front,-0.303,0.17,0,slow,0.0,,0.0,-550,-550,1
15.385,681.0,1066.0,1094.0,885.0,0.5759,0.8611,0.8301,0.6946,0.7624,,EDGE_AVOID,灰度趋势变暗，提前避让,front,-0.2853,0.1355,0,slow,0.0,,0.0,-550,-550,1
15.405,682.0,1058.0,1102.0,891.0,0.5789,0.8611,0.8422,0.7047,0.7735,,EDGE_AVOID,灰度趋势变暗，提前避让,front,-0.2822,0.1375,0,slow,0.0,,0.0,-550,-550,1
15.425,700.0,1060.0,1102.0,898.0,0.582,0.8492,0.8617,0.7248,0.787,,EDGE_AVOID,灰度趋势变暗，提前避让,front,-0.2672,0.1368,0,slow,0.0,,0.0,-550,-550,1
15.445,696.0,1065.0,1099.0,900.0,0.6254,0.8492,0.8617,0.7483,0.7988,,EDGE_AVOID,灰度趋势变暗，提前避让,front,-0.2238,0.1133,0,slow,0.0,,0.0,-550,-550,1
15.465,689.0,1065.0,1089.0,897.0,0.6254,0.8591,0.8544,0.7483,0.8013,,EDGE_AVOID,灰度趋势变暗，提前避让,front,-0.2337,0.106,0,slow,0.0,,0.0,-550,-550,1
15.486,699.0,1065.0,1078.0,906.0,0.6254,0.8591,0.8301,0.755,0.7926,,EDGE_AVOID,灰度趋势变暗，提前避让,front,-0.2337,0.0751,0,slow,0.0,,0.0,-550,-550,1
15.506,708.0,1074.0,1081.0,904.0,0.6347,0.8591,0.8107,0.7685,0.7896,,EDGE_AVOID,灰度趋势变暗，提前避让,front,-0.2245,0.0422,0,slow,0.0,,0.0,-550,-550,1
15.526,705.0,1087.0,1100.0,894.0,0.6533,0.877,0.8107,0.7685,0.7896,,EDGE_AVOID,灰度趋势变暗，提前避让,front,-0.2237,0.0422,0,slow,0.0,,0.0,-550,-550,1
15.546,702.0,1088.0,1123.0,895.0,0.6533,0.9028,0.8568,0.7383,0.7975,,EDGE_AVOID,灰度趋势变暗，提前避让,front,-0.2495,0.1185,0,slow,0.0,,0.0,-550,-550,1
15.566,718.0,1110.0,1129.0,887.0,0.6533,0.9048,0.9126,0.7349,0.8198,,EDGE_AVOID,灰度趋势变暗，提前避让,front,-0.2515,0.1777,0,slow,0.0,,0.0,-550,-550,1
15.586,712.0,1116.0,1112.0,885.0,0.6749,0.9484,0.9126,0.7114,0.812,,EDGE_AVOID,灰度趋势变暗，提前避让,front,-0.2735,0.2012,0,slow,0.0,,0.0,-550,-550,1
15.606,712.0,1116.0,1112.0,885.0,0.6749,0.9603,0.8859,0.7047,0.7953,,EDGE_AVOID,灰度趋势变暗，提前避让,front,-0.2854,0.1812,0,slow,0.0,,0.0,-550,-550,1
15.626,720.0,1132.0,1137.0,906.0,0.6749,0.9603,0.8859,0.7047,0.7953,,EDGE_AVOID,灰度趋势变暗，提前避让,front,-0.2854,0.1812,0,slow,0.0,,0.0,-550,-550,1
15.646,742.0,1134.0,1148.0,910.0,0.6997,0.9921,0.9466,0.7752,0.8609,,EDGE_AVOID,避让滞回，未恢复不退出,front,-0.2924,0.1714,0,slow,0.0,,0.0,-550,-550,1
15.666,733.0,1138.0,1163.0,917.0,0.7399,0.996,0.9733,0.7886,0.8809,,EDGE_AVOID,避让滞回，未恢复不退出,front,-0.2561,0.1847,0,slow,0.0,,0.0,-550,-550,1
15.687,736.0,1149.0,1184.0,937.0,0.7492,1.004,1.0097,0.8121,0.908,,EDGE_AVOID,避让滞回，未恢复不退出,front,-0.2547,0.1976,0,slow,0.0,,0.0,-550,-550,1
15.707,739.0,1140.0,1193.0,952.0,0.7492,1.0079,1.0607,0.8792,0.9436,,EDGE_AVOID,避让滞回，未恢复不退出,front,-0.2587,0.1815,0,slow,0.0,,0.0,-550,-550,1
15.727,744.0,1142.0,1205.0,970.0,0.7585,1.0119,1.0825,0.9295,0.9707,,CRUISE,按区域分级巡航,,-0.2534,0.153,0,fast,0.0,,0.0,500,400,1
15.747,750.0,1160.0,1213.0,973.0,0.774,1.0119,1.1117,0.9899,1.0009,,CRUISE,按区域分级巡航,,-0.2379,0.1217,0,fast,0.0,,0.0,500,400,1
15.767,770.0,1163.0,1213.0,949.0,0.7926,1.0476,1.1311,0.9899,1.0188,,CRUISE,按区域分级巡航,,-0.255,0.1411,0,fast,0.0,,0.0,500,400,1
15.787,787.0,1189.0,1231.0,970.0,0.8545,1.0536,1.1311,0.9899,1.0218,,CRUISE,按区域分级巡航,,-0.1991,0.1411,0,fast,0.0,,0.0,500,400,1
15.807,793.0,1189.0,1241.0,965.0,0.9071,1.1052,1.1748,0.9732,1.0392,,CRUISE,按区域分级巡航,,-0.198,0.2016,0,fast,0.0,,0.0,500,400,1
15.827,792.0,1198.0,1243.0,966.0,0.9226,1.1052,1.199,0.9765,1.0408,,CRUISE,按区域分级巡航,,-0.1826,0.2225,0,fast,0.0,,0.0,500,400,1
15.847,792.0,1200.0,1256.0,968.0,0.9226,1.123,1.2039,0.9765,1.0498,,CRUISE,按区域分级巡航,,-0.2004,0.2274,0,fast,0.0,,0.0,500,400,1
15.868,798.0,1222.0,1266.0,968.0,0.9226,1.127,1.2354,0.9832,1.0551,,CRUISE,按区域分级巡航,,-0.2044,0.2522,0,fast,0.0,,0.0,500,400,1
15.888,791.0,1224.0,1270.0,974.0,0.9226,1.1706,1.2597,0.9832,1.0769,,CRUISE,按区域分级巡航,,-0.248,0.2765,0,fast,0.0,,0.0,500,400,1
15.908,790.0,1224.0,1265.0,981.0,0.9195,1.1746,1.2597,1.0034,1.089,,CRUISE,按区域分级巡航,,-0.2551,0.2564,0,fast,0.0,,0.0,500,400,1
15.928,789.0,1219.0,1269.0,988.0,0.9164,1.1746,1.267,1.0268,1.1007,,CRUISE,按区域分级巡航,,-0.2582,0.2401,0,fast,0.0,,0.0,500,400,1
15.948,796.0,1225.0,1277.0,1002.0,0.9164,1.1746,1.267,1.0503,1.1125,,CRUISE,按区域分级巡航,,-0.2582,0.2167,0,fast,0.0,,0.0,500,400,1
15.968,801.0,1238.0,1271.0,999.0,0.935,1.1766,1.2718,1.0872,1.1319,,CRUISE,按区域分级巡航,,-0.2416,0.1846,0,fast,0.0,,0.0,500,400,1
15.988,798.0,1249.0,1269.0,999.0,0.9412,1.2024,1.2718,1.0872,1.1448,,CRUISE,按区域分级巡航,,-0.2612,0.1846,0,fast,0.0,,0.0,500,400,1
16.008,794.0,1254.0,1272.0,1001.0,0.9412,1.2242,1.2718,1.0872,1.1557,,CRUISE,按区域分级巡航,,-0.283,0.1846,0,fast,0.0,,0.0,500,400,1
16.028,794.0,1254.0,1272.0,1001.0,0.9288,1.2341,1.2743,1.094,1.164,,CRUISE,按区域分级巡航,,-0.3053,0.1803,0,fast,0.0,,0.0,500,400,1
16.048,794.0,1259.0,1274.0,1004.0,0.9288,1.2341,1.2743,1.094,1.164,,CRUISE,按区域分级巡航,,-0.3053,0.1803,0,fast,0.0,,0.0,500,400,1
16.069,796.0,1258.0,1273.0,1005.0,0.9288,1.2421,1.2767,1.104,1.173,,CRUISE,按区域分级巡航,,-0.3133,0.1727,0,fast,0.0,,0.0,500,400,1
16.089,800.0,1257.0,1272.0,1009.0,0.935,1.2421,1.2767,1.1074,1.1747,,CRUISE,按区域分级巡航,,-0.3071,0.1693,0,fast,0.0,,0.0,500,400,1
16.109,797.0,1251.0,1265.0,1009.0,0.9381,1.2401,1.2743,1.1208,1.1804,,CRUISE,按区域分级巡航,,-0.302,0.1535,0,fast,0.0,,0.0,500,400,1
16.129,801.0,1258.0,1268.0,1013.0,0.9474,1.2401,1.2646,1.1208,1.1804,,CRUISE,按区域分级巡航,,-0.2927,0.1438,0,fast,0.0,,0.0,500,400,1
16.149,799.0,1256.0,1267.0,1015.0,0.9443,1.2381,1.2621,1.1342,1.1862,,CRUISE,按区域分级巡航,,-0.2938,0.1279,0,fast,0.0,,0.0,500,400,1
16.169,799.0,1256.0,1267.0,1016.0,0.9443,1.2381,1.2621,1.1409,1.1895,,CRUISE,按区域分级巡航,,-0.2938,0.1212,0,fast,0.0,,0.0,500,400,1
16.189,799.0,1257.0,1269.0,1015.0,0.9443,1.2381,1.2621,1.1409,1.1895,,CRUISE,按区域分级巡航,,-0.2938,0.1212,0,fast,0.0,,0.0,500,400,1
16.209,797.0,1256.0,1267.0,1013.0,0.9443,1.2381,1.2621,1.1409,1.1895,,CRUISE,按区域分级巡航,,-0.2938,0.1212,0,fast,0.0,,0.0,500,400,1
16.229,796.0,1256.0,1269.0,1012.0,0.9381,1.2381,1.267,1.1342,1.1862,,CRUISE,按区域分级巡航,,-0.3,0.1328,0,fast,0.0,,0.0,500,400,1
16.25,792.0,1247.0,1262.0,1005.0,0.935,1.2381,1.2621,1.1309,1.1845,,CRUISE,按区域分级巡航,,-0.3031,0.1313,0,fast,0.0,,0.0,500,400,1
16.27,796.0,1250.0,1265.0,1005.0,0.935,1.2262,1.2573,1.1074,1.1668,,CRUISE,按区域分级巡航,,-0.2912,0.1499,0,fast,0.0,,0.0,500,400,1
16.29,798.0,1240.0,1266.0,996.0,0.935,1.2202,1.2573,1.1074,1.1638,,CRUISE,按区域分级巡航,,-0.2853,0.1499,0,fast,0.0,,0.0,500,400,1
16.31,803.0,1233.0,1275.0,1008.0,0.9412,1.2063,1.2597,1.1074,1.1569,,CRUISE,按区域分级巡航,,-0.2652,0.1523,0,fast,0.0,,0.0,500,400,1
16.33,799.0,1220.0,1270.0,1009.0,0.9443,1.1925,1.2694,1.1174,1.155,,CRUISE,按区域分级巡航,,-0.2482,0.152,0,fast,0.0,,0.0,500,400,1
16.35,792.0,1217.0,1261.0,995.0,0.9443,1.1667,1.2694,1.1174,1.1421,,CRUISE,按区域分级巡航,,-0.2224,0.152,0,fast,0.0,,0.0,500,400,1
16.37,795.0,1225.0,1266.0,996.0,0.9319,1.1667,1.2597,1.0772,1.1219,,CRUISE,按区域分级巡航,,-0.2348,0.1825,0,fast,0.0,,0.0,500,400,1
16.39,792.0,1223.0,1269.0,993.0,0.9226,1.1726,1.2597,1.0738,1.1232,,CRUISE,按区域分级巡航,,-0.25,0.1859,0,fast,0.0,,0.0,500,400,1
16.41,793.0,1221.0,1271.0,984.0,0.9257,1.1726,1.267,1.0671,1.1199,,CRUISE,按区域分级巡航,,-0.2469,0.1999,0,fast,0.0,,0.0,500,400,1
16.43,793.0,1219.0,1266.0,977.0,0.9257,1.1687,1.267,1.0369,1.1028,,CRUISE,按区域分级巡航,,-0.243,0.2301,0,fast,0.0,,0.0,500,400,1
16.451,792.0,1208.0,1265.0,976.0,0.9257,1.1647,1.2597,1.0134,1.0891,,CRUISE,按区域分级巡航,,-0.239,0.2463,0,fast,0.0,,0.0,500,400,1
16.471,792.0,1208.0,1265.0,976.0,0.9226,1.1429,1.2573,1.0101,1.0765,,CRUISE,按区域分级巡航,,-0.2203,0.2472,0,fast,0.0,,0.0,500,400,1
16.491,790.0,1199.0,1256.0,976.0,0.9226,1.1429,1.2573,1.0101,1.0765,,CRUISE,按区域分级巡航,,-0.2203,0.2472,0,fast,0.0,,0.0,500,400,1
16.511,795.0,1201.0,1243.0,979.0,0.9226,1.129,1.2354,1.0101,1.0695,,CRUISE,按区域分级巡航,,-0.2064,0.2254,0,fast,0.0,,0.0,500,400,1
16.531,791.0,1187.0,1247.0,969.0,0.9195,1.125,1.2136,1.0101,1.0675,,CRUISE,按区域分级巡航,,-0.2055,0.2035,0,fast,0.0,,0.0,500,400,1
16.551,791.0,1192.0,1245.0,972.0,0.9195,1.1111,1.2087,0.9966,1.0539,,CRUISE,按区域分级巡航,,-0.1916,0.2121,0,fast,0.0,,0.0,500,400,1
16.571,798.0,1194.0,1235.0,976.0,0.9195,1.1111,1.2087,0.9966,1.0539,,CRUISE,按区域分级巡航,,-0.1916,0.2121,0,fast,0.0,,0.0,500,400,1
16.591,795.0,1177.0,1232.0,972.0,0.9319,1.1111,1.1845,0.9966,1.0539,,CRUISE,按区域分级巡航,,-0.1792,0.1878,0,fast,0.0,,0.0,500,400,1
16.611,785.0,1169.0,1215.0,967.0,0.9319,1.0813,1.1772,0.9966,1.039,,CRUISE,按区域分级巡航,,-0.1495,0.1805,0,fast,0.0,,0.0,500,400,1
16.631,773.0,1153.0,1208.0,951.0,0.9009,1.0655,1.1359,0.9799,1.0227,,CRUISE,按区域分级巡航,,-0.1645,0.1561,0,fast,0.0,,0.0,500,400,1
16.652,762.0,1160.0,1213.0,956.0,0.8638,1.0476,1.1311,0.943,0.9953,,CRUISE,按区域分级巡航,,-0.1838,0.1881,0,fast,0.0,,0.0,500,400,1
16.672,750.0,1140.0,1208.0,967.0,0.8297,1.0337,1.1189,0.943,0.9883,,CRUISE,按区域分级巡航,,-0.204,0.176,0,fast,0.0,,0.0,500,400,1
16.692,744.0,1138.0,1205.0,959.0,0.7926,1.0079,1.1189,0.953,0.9805,,CRUISE,按区域分级巡航,,-0.2154,0.1659,0,fast,0.0,,0.0,500,400,1
16.712,737.0,1138.0,1193.0,956.0,0.774,1.004,1.1117,0.953,0.9785,,CRUISE,按区域分级巡航,,-0.23,0.1586,0,fast,0.0,,0.0,500,400,1
16.732,743.0,1143.0,1184.0,938.0,0.7709,1.004,1.0825,0.943,0.9735,,CRUISE,按区域分级巡航,,-0.2331,0.1396,0,fast,0.0,,0.0,500,400,1
16.752,739.0,1136.0,1174.0,935.0,0.7585,1.004,1.0607,0.8826,0.9433,,CRUISE,按区域分级巡航,,-0.2455,0.1781,0,fast,0.0,,0.0,500,400,1
16.772,737.0,1139.0,1167.0,921.0,0.7585,1.006,1.0364,0.8725,0.9392,,CRUISE,按区域分级巡航,,-0.2474,0.1639,0,fast,0.0,,0.0,500,400,1
16.792,734.0,1129.0,1165.0,915.0,0.7523,1.0,1.0194,0.8255,0.9128,,CRUISE,按区域分级巡航,,-0.2477,0.1939,0,fast,0.0,,0.0,500,400,1
16.812,730.0,1124.0,1153.0,919.0,0.743,0.9861,1.0146,0.8188,0.9025,,CRUISE,按区域分级巡航,,-0.2431,0.1958,0,fast,0.0,,0.0,500,400,1
16.832,724.0,1128.0,1140.0,902.0,0.7307,0.9841,0.9854,0.8054,0.8947,,MEDIUM_CRUISE,按区域分级巡航,,-0.2535,0.1801,0,medium,0.0,,0.0,450,400,1
16.853,718.0,1123.0,1144.0,891.0,0.7121,0.9762,0.9636,0.7617,0.8627,,MEDIUM_CRUISE,按区域分级巡航,,-0.2641,0.2018,0,medium,0.0,,0.0,450,400,1
16.873,713.0,1114.0,1150.0,892.0,0.6935,0.9742,0.9636,0.7282,0.8459,,EDGE_AVOID,灰度趋势变暗，提前避让,front,-0.2807,0.2354,0,slow,0.0,,0.0,-550,-550,1
16.893,713.0,1114.0,1150.0,892.0,0.678,0.9563,0.9782,0.7282,0.8423,,EDGE_AVOID,灰度趋势变暗，提前避让,front,-0.2783,0.25,0,slow,0.0,,0.0,-550,-550,1
16.913,702.0,1102.0,1138.0,892.0,0.678,0.9563,0.9782,0.7282,0.8423,,EDGE_AVOID,灰度趋势变暗，提前避让,front,-0.2783,0.25,0,slow,0.0,,0.0,-550,-550,1
16.933,698.0,1090.0,1125.0,899.0,0.644,0.9325,0.949,0.7282,0.8304,,EDGE_AVOID,灰度趋势变暗，提前避让,front,-0.2886,0.2208,0,slow,0.0,,0.0,-550,-550,1
16.953,696.0,1079.0,1127.0,904.0,0.6316,0.9087,0.9223,0.7517,0.8302,,EDGE_AVOID,灰度趋势变暗，提前避让,front,-0.2772,0.1707,0,slow,0.0,,0.0,-550,-550,1
16.973,688.0,1067.0,1104.0,881.0,0.6254,0.8869,0.9175,0.7517,0.8193,,EDGE_AVOID,灰度趋势变暗，提前避让,front,-0.2615,0.1658,0,slow,0.0,,0.0,-550,-550,1
16.993,690.0,1057.0,1102.0,900.0,0.6068,0.8631,0.8665,0.755,0.8091,,EDGE_AVOID,灰度趋势变暗，提前避让,front,-0.2563,0.1115,0,slow,0.0,,0.0,-550,-550,1
17.013,692.0,1056.0,1107.0,905.0,0.6068,0.8433,0.8665,0.755,0.7991,,EDGE_AVOID,灰度趋势变暗，提前避让,front,-0.2364,0.1115,0,slow,0.0,,0.0,-550,-550,1
17.034,693.0,1056.0,1097.0,903.0,0.613,0.8413,0.8617,0.7651,0.8032,,EDGE_AVOID,灰度趋势变暗，提前避让,front,-0.2283,0.0965,0,slow,0.0,,0.0,-550,-550,1
17.054,696.0,1058.0,1088.0,900.0,0.6161,0.8413,0.8495,0.7651,0.8032,,EDGE_AVOID,灰度趋势变暗，提前避让,front,-0.2252,0.0844,0,slow,0.0,,0.0,-550,-550,1
17.074,699.0,1063.0,1084.0,898.0,0.6254,0.8452,0.8277,0.755,0.7914,,EDGE_AVOID,灰度趋势变暗，提前避让,front,-0.2199,0.0726,0,slow,0.0,,0.0,-550,-550,1
17.094,700.0,1064.0,1080.0,898.0,0.6347,0.8552,0.818,0.7483,0.7831,,EDGE_AVOID,灰度趋势变暗，提前避让,front,-0.2205,0.0696,0,slow,0.0,,0.0,-550,-550,1
17.114,701.0,1064.0,1080.0,897.0,0.6378,0.8571,0.8083,0.7483,0.7783,,EDGE_AVOID,灰度趋势变暗，提前避让,front,-0.2194,0.0599,0,slow,0.0,,0.0,-550,-550,1
17.134,699.0,1061.0,1078.0,895.0,0.6378,0.8571,0.8083,0.745,0.7766,,EDGE_AVOID,灰度趋势变暗，提前避让,front,-0.2194,0.0633,0,slow,0.0,,0.0,-550,-550,1
17.154,699.0,1062.0,1077.0,894.0,0.6347,0.8532,0.8034,0.7383,0.7708,,EDGE_AVOID,灰度趋势变暗，提前避让,front,-0.2185,0.0651,0,slow,0.0,,0.0,-550,-550,1
17.174,701.0,1066.0,1081.0,897.0,0.6347,0.8532,0.8034,0.7383,0.7708,,EDGE_AVOID,灰度趋势变暗，提前避让,front,-0.2185,0.0651,0,slow,0.0,,0.0,-550,-550,1
17.194,701.0,1066.0,1081.0,898.0,0.6409,0.8611,0.8107,0.745,0.7778,,EDGE_AVOID,灰度趋势变暗，提前避让,front,-0.2202,0.0657,0,slow,0.0,,0.0,-550,-550,1
17.214,701.0,1064.0,1081.0,898.0,0.6409,0.8611,0.8107,0.7483,0.7795,,EDGE_AVOID,灰度趋势变暗，提前避让,front,-0.2202,0.0624,0,slow,0.0,,0.0,-550,-550,1
17.235,702.0,1066.0,1081.0,899.0,0.6409,0.8611,0.8107,0.7483,0.7795,,EDGE_AVOID,灰度趋势变暗，提前避让,front,-0.2202,0.0624,0,slow,0.0,,0.0,-550,-550,1
17.255,701.0,1065.0,1081.0,899.0,0.6409,0.8591,0.8107,0.7517,0.7812,,EDGE_AVOID,灰度趋势变暗，提前避让,front,-0.2183,0.059,0,slow,0.0,,0.0,-550,-550,1
17.275,701.0,1065.0,1081.0,899.0,0.6409,0.8591,0.8107,0.7517,0.7812,,EDGE_AVOID,灰度趋势变暗，提前避让,front,-0.2183,0.059,0,slow,0.0,,0.0,-550,-550,1
17.295,701.0,1065.0,1081.0,899.0,0.6409,0.8591,0.8107,0.7517,0.7812,,EDGE_AVOID,灰度趋势变暗，提前避让,front,-0.2183,0.059,0,slow,0.0,,0.0,-550,-550,1
17.315,700.0,1062.0,1083.0,898.0,0.6409,0.8591,0.8107,0.7517,0.7812,,EDGE_AVOID,灰度趋势变暗，提前避让,front,-0.2183,0.059,0,slow,0.0,,0.0,-550,-550,1
17.335,698.0,1058.0,1084.0,897.0,0.6378,0.8532,0.8155,0.7483,0.7819,,EDGE_AVOID,灰度趋势变暗，提前避让,front,-0.2154,0.0672,0,slow,0.0,,0.0,-550,-550,1
17.355,696.0,1058.0,1095.0,905.0,0.6316,0.8452,0.818,0.7483,0.7831,,EDGE_AVOID,灰度趋势变暗，提前避让,front,-0.2137,0.0696,0,slow,0.0,,0.0,-550,-550,1
17.375,694.0,1056.0,1104.0,907.0,0.6254,0.8452,0.8447,0.7718,0.8082,,EDGE_AVOID,灰度趋势变暗，提前避让,front,-0.2199,0.0728,0,slow,0.0,,0.0,-550,-550,1
17.395,688.0,1056.0,1098.0,897.0,0.6192,0.8413,0.8519,0.7718,0.8065,,EDGE_AVOID,灰度趋势变暗，提前避让,front,-0.2221,0.0801,0,slow,0.0,,0.0,-550,-550,1
17.416,685.0,1067.0,1098.0,880.0,0.6006,0.8413,0.8519,0.745,0.7931,,EDGE_AVOID,灰度趋势变暗，提前避让,front,-0.2407,0.107,0,slow,0.0,,0.0,-550,-550,1
17.436,688.0,1078.0,1117.0,899.0,0.6006,0.8631,0.8519,0.745,0.7985,,EDGE_AVOID,灰度趋势变暗，提前避让,front,-0.2625,0.107,0,slow,0.0,,0.0,-550,-550,1
17.456,689.0,1087.0,1113.0,899.0,0.6006,0.8849,0.8883,0.7517,0.8183,,EDGE_AVOID,灰度趋势变暗，提前避让,front,-0.2843,0.1367,0,slow,0.0,,0.0,-550,-550,1
17.476,691.0,1095.0,1121.0,889.0,0.6037,0.9028,0.8981,0.7517,0.8249,,EDGE_AVOID,灰度趋势变暗，提前避让,front,-0.2991,0.1464,0,slow,0.0,,0.0,-550,-550,1
17.496,702.0,1115.0,1135.0,894.0,0.6099,0.9187,0.9078,0.7349,0.8213,,EDGE_AVOID,灰度趋势变暗，提前避让,front,-0.3087,0.1729,0,slow,0.0,,0.0,-550,-550,1
17.516,710.0,1136.0,1130.0,897.0,0.644,0.9583,0.9296,0.7349,0.8323,,EDGE_AVOID,灰度趋势变暗，提前避让,front,-0.3144,0.1947,0,slow,0.0,,0.0,-550,-550,1
17.536,714.0,1120.0,1129.0,918.0,0.6687,0.9683,0.9296,0.745,0.8373,,EDGE_AVOID,灰度趋势变暗，提前避让,front,-0.2995,0.1846,0,slow,0.0,,0.0,-550,-550,1
17.556,723.0,1129.0,1141.0,918.0,0.6811,0.9861,0.9296,0.8154,0.8725,,EDGE_AVOID,避让滞回，未恢复不退出,front,-0.305,0.1142,0,slow,0.0,,0.0,-550,-550,1
17.576,727.0,1134.0,1148.0,932.0,0.709,0.9861,0.9563,0.8154,0.8859,,EDGE_AVOID,避让滞回，未恢复不退出,front,-0.2771,0.1409,0,slow,0.0,,0.0,-550,-550,1
17.596,732.0,1149.0,1171.0,938.0,0.7214,0.996,0.9733,0.8624,0.9179,,EDGE_AVOID,避让滞回，未恢复不退出,front,-0.2747,0.1109,0,slow,0.0,,0.0,-550,-550,1
17.617,732.0,1149.0,1181.0,958.0,0.7368,1.0258,1.0291,0.8826,0.9542,,CRUISE,按区域分级巡航,,-0.289,0.1466,0,fast,0.0,,0.0,500,400,1
17.637,733.0,1148.0,1188.0,970.0,0.7368,1.0258,1.0534,0.9497,0.9877,,CRUISE,按区域分级巡航,,-0.289,0.1037,0,fast,0.0,,0.0,500,400,1
17.657,741.0,1164.0,1203.0,962.0,0.7399,1.0258,1.0704,0.9631,0.9944,,CRUISE,按区域分级巡航,,-0.2859,0.1073,0,fast,0.0,,0.0,500,400,1
17.677,757.0,1162.0,1216.0,951.0,0.7647,1.0516,1.1068,0.9631,1.0073,,CRUISE,按区域分级巡航,,-0.2869,0.1437,0,fast,0.0,,0.0,500,400,1
17.697,773.0,1186.0,1214.0,969.0,0.8142,1.0556,1.1335,0.9631,1.0093,,CRUISE,按区域分级巡航,,-0.2413,0.1704,0,fast,0.0,,0.0,500,400,1
17.717,792.0,1189.0,1234.0,968.0,0.8638,1.0992,1.1383,0.9832,1.0412,,CRUISE,按区域分级巡航,,-0.2354,0.1551,0,fast,0.0,,0.0,500,400,1
17.737,792.0,1189.0,1234.0,968.0,0.9226,1.1052,1.182,0.9832,1.0442,,CRUISE,按区域分级巡航,,-0.1826,0.1988,0,fast,0.0,,0.0,500,400,1
17.757,787.0,1196.0,1259.0,967.0,0.9226,1.1052,1.182,0.9832,1.0442,,CRUISE,按区域分级巡航,,-0.1826,0.1988,0,fast,0.0,,0.0,500,400,1
17.777,790.0,1202.0,1253.0,965.0,0.9164,1.119,1.2282,0.9799,1.0495,,CRUISE,按区域分级巡航,,-0.2026,0.2483,0,fast,0.0,,0.0,500,400,1
17.797,789.0,1214.0,1258.0,979.0,0.9133,1.131,1.2403,0.9799,1.0554,,CRUISE,按区域分级巡航,,-0.2176,0.2604,0,fast,0.0,,0.0,500,400,1
17.818,795.0,1218.0,1260.0,981.0,0.9164,1.1548,1.2403,1.0201,1.0874,,CRUISE,按区域分级巡航,,-0.2384,0.2202,0,fast,0.0,,0.0,500,400,1
17.838,800.0,1228.0,1264.0,982.0,0.9319,1.1627,1.2451,1.0268,1.0948,,CRUISE,按区域分级巡航,,-0.2308,0.2183,0,fast,0.0,,0.0,500,400,1
17.858,806.0,1230.0,1272.0,987.0,0.9474,1.1825,1.2549,1.0302,1.1064,,CRUISE,按区域分级巡航,,-0.2352,0.2247,0,fast,0.0,,0.0,500,400,1
17.878,804.0,1233.0,1276.0,991.0,0.9598,1.1865,1.2743,1.047,1.1167,,CRUISE,按区域分级巡航,,-0.2268,0.2273,0,fast,0.0,,0.0,500,400,1
17.898,801.0,1236.0,1280.0,993.0,0.9598,1.1925,1.284,1.0604,1.1264,,CRUISE,按区域分级巡航,,-0.2327,0.2236,0,fast,0.0,,0.0,500,400,1
17.918,799.0,1237.0,1276.0,1000.0,0.9505,1.1984,1.284,1.0671,1.1328,,CRUISE,按区域分级巡航,,-0.2479,0.2169,0,fast,0.0,,0.0,500,400,1
17.938,797.0,1236.0,1277.0,997.0,0.9443,1.1984,1.2864,1.0805,1.1395,,CRUISE,按区域分级巡航,,-0.2541,0.2059,0,fast,0.0,,0.0,500,400,1
17.958,796.0,1235.0,1278.0,996.0,0.9381,1.1984,1.2864,1.0805,1.1395,,CRUISE,按区域分级巡航,,-0.2603,0.2059,0,fast,0.0,,0.0,500,400,1
17.978,798.0,1236.0,1280.0,998.0,0.9381,1.1984,1.2888,1.0805,1.1395,,CRUISE,按区域分级巡航,,-0.2603,0.2083,0,fast,0.0,,0.0,500,400,1
17.999,798.0,1236.0,1277.0,1001.0,0.9412,1.1984,1.2888,1.0839,1.1412,,CRUISE,按区域分级巡航,,-0.2572,0.2049,0,fast,0.0,,0.0,500,400,1
18.019,800.0,1237.0,1280.0,1004.0,0.9412,1.1984,1.2937,1.094,1.1462,,CRUISE,按区域分级巡航,,-0.2572,0.1997,0,fast,0.0,,0.0,500,400,1
18.039,798.0,1236.0,1277.0,1004.0,0.9412,1.1984,1.2864,1.104,1.1512,,CRUISE,按区域分级巡航,,-0.2572,0.1824,0,fast,0.0,,0.0,500,400,1
18.059,799.0,1237.0,1279.0,1004.0,0.9443,1.2004,1.2913,1.104,1.1522,,CRUISE,按区域分级巡航,,-0.2561,0.1872,0,fast,0.0,,0.0,500,400,1
18.079,797.0,1238.0,1279.0,1004.0,0.9412,1.2004,1.2913,1.104,1.1522,,CRUISE,按区域分级巡航,,-0.2592,0.1872,0,fast,0.0,,0.0,500,400,1
18.099,799.0,1239.0,1278.0,1004.0,0.9443,1.2024,1.2913,1.104,1.1532,,CRUISE,按区域分级巡航,,-0.2581,0.1872,0,fast,0.0,,0.0,500,400,1
18.119,801.0,1241.0,1284.0,1000.0,0.9443,1.2044,1.2913,1.104,1.1542,,CRUISE,按区域分级巡航,,-0.2601,0.1872,0,fast,0.0,,0.0,500,400,1
18.139,803.0,1234.0,1280.0,993.0,0.9505,1.2044,1.2937,1.0906,1.1475,,CRUISE,按区域分级巡航,,-0.2539,0.2031,0,fast,0.0,,0.0,500,400,1
18.159,806.0,1230.0,1278.0,993.0,0.9567,1.1944,1.2937,1.0671,1.1308,,CRUISE,按区域分级巡航,,-0.2378,0.2266,0,fast,0.0,,0.0,500,400,1
18.179,806.0,1230.0,1278.0,993.0,0.9659,1.1865,1.2888,1.0671,1.1268,,CRUISE,按区域分级巡航,,-0.2206,0.2217,0,fast,0.0,,0.0,500,400,1
18.2,805.0,1234.0,1275.0,987.0,0.9659,1.1865,1.2888,1.0671,1.1268,,CRUISE,按区域分级巡航,,-0.2206,0.2217,0,fast,0.0,,0.0,500,400,1
18.22,801.0,1231.0,1271.0,983.0,0.9628,1.1885,1.2816,1.047,1.1177,,CRUISE,按区域分级巡航,,-0.2256,0.2346,0,fast,0.0,,0.0,500,400,1
18.24,796.0,1219.0,1264.0,983.0,0.9505,1.1885,1.2718,1.0336,1.111,,CRUISE,按区域分级巡航,,-0.238,0.2383,0,fast,0.0,,0.0,500,400,1
18.26,793.0,1217.0,1259.0,984.0,0.935,1.1647,1.2549,1.0336,1.0991,,CRUISE,按区域分级巡航,,-0.2297,0.2213,0,fast,0.0,,0.0,500,400,1
18.28,794.0,1213.0,1251.0,981.0,0.9288,1.1607,1.2427,1.0336,1.0971,,CRUISE,按区域分级巡航,,-0.2319,0.2092,0,fast,0.0,,0.0,500,400,1
18.301,793.0,1202.0,1253.0,970.0,0.9257,1.1528,1.2282,1.0268,1.0898,,CRUISE,按区域分级巡航,,-0.2271,0.2013,0,fast,0.0,,0.0,500,400,1
18.321,787.0,1194.0,1252.0,970.0,0.9257,1.131,1.2257,0.9899,1.0604,,CRUISE,按区域分级巡航,,-0.2053,0.2358,0,fast,0.0,,0.0,500,400,1
18.341,789.0,1191.0,1243.0,961.0,0.9133,1.1151,1.2257,0.9899,1.0525,,CRUISE,按区域分级巡航,,-0.2018,0.2358,0,fast,0.0,,0.0,500,400,1
18.361,796.0,1190.0,1242.0,970.0,0.9133,1.1091,1.2039,0.9899,1.0495,,CRUISE,按区域分级巡航,,-0.1958,0.214,0,fast,0.0,,0.0,500,400,1
18.381,787.0,1189.0,1223.0,979.0,0.9133,1.1071,1.2015,0.9899,1.0485,,CRUISE,按区域分级巡航,,-0.1938,0.2115,0,fast,0.0,,0.0,500,400,1
18.401,777.0,1171.0,1204.0,970.0,0.9071,1.1052,1.1553,0.9899,1.0475,,CRUISE,按区域分级巡航,,-0.198,0.1654,0,fast,0.0,,0.0,500,400,1
18.421,768.0,1158.0,1211.0,959.0,0.8762,1.0694,1.1262,0.9899,1.0297,,CRUISE,按区域分级巡航,,-0.1933,0.1363,0,fast,0.0,,0.0,500,400,1
18.441,757.0,1168.0,1207.0,948.0,0.8483,1.0635,1.1165,0.953,1.0083,,CRUISE,按区域分级巡航,,-0.2152,0.1635,0,fast,0.0,,0.0,500,400,1
18.461,744.0,1150.0,1206.0,949.0,0.8142,1.0437,1.1165,0.9195,0.9816,,CRUISE,按区域分级巡航,,-0.2294,0.197,0,fast,0.0,,0.0,500,400,1
18.482,737.0,1141.0,1205.0,954.0,0.774,1.0278,1.1141,0.9195,0.9736,,CRUISE,按区域分级巡航,,-0.2538,0.1946,0,fast,0.0,,0.0,500,400,1
18.502,730.0,1135.0,1197.0,948.0,0.7523,1.0099,1.1117,0.9195,0.9647,,CRUISE,按区域分级巡航,,-0.2576,0.1922,0,fast,0.0,,0.0,500,400,1
18.522,727.0,1145.0,1176.0,938.0,0.7307,1.0099,1.0922,0.9161,0.963,,CRUISE,按区域分级巡航,,-0.2793,0.1761,0,fast,0.0,,0.0,500,400,1
18.542,728.0,1143.0,1164.0,927.0,0.7245,1.0139,1.0413,0.8826,0.9482,,CRUISE,按区域分级巡航,,-0.2894,0.1587,0,fast,0.0,,0.0,500,400,1
18.562,731.0,1140.0,1158.0,918.0,0.7245,1.0139,1.0121,0.8456,0.9289,,CRUISE,按区域分级巡航,,-0.2894,0.1665,0,fast,0.0,,0.0,500,400,1
18.582,733.0,1138.0,1158.0,906.0,0.7337,1.0079,0.9976,0.8154,0.9065,,CRUISE,按区域分级巡航,,-0.2742,0.1821,0,fast,0.0,,0.0,500,400,1
18.604,731.0,1125.0,1148.0,900.0,0.7337,1.004,0.9976,0.7752,0.8864,,MEDIUM_CRUISE,按区域分级巡航,,-0.2702,0.2224,0,medium,0.0,,0.0,450,400,1
18.624,734.0,1118.0,1130.0,912.0,0.7399,0.9782,0.9733,0.7752,0.8742,,MEDIUM_CRUISE,按区域分级巡航,,-0.2382,0.1981,0,medium,0.0,,0.0,450,400,1
18.644,726.0,1124.0,1140.0,888.0,0.7337,0.9762,0.9539,0.755,0.8545,,MEDIUM_CRUISE,按区域分级巡航,,-0.2424,0.1988,0,medium,0.0,,0.0,450,400,1
18.664,709.0,1120.0,1117.0,891.0,0.7183,0.9683,0.9296,0.7248,0.8272,,EDGE_AVOID,灰度趋势变暗，提前避让,front,-0.25,0.2048,0,slow,0.0,,0.0,-550,-550,1
18.684,706.0,1103.0,1099.0,888.0,0.6656,0.9683,0.8981,0.7148,0.8064,,EDGE_AVOID,灰度趋势变暗，提前避让,front,-0.3026,0.1833,0,slow,0.0,,0.0,-550,-550,1
18.704,706.0,1103.0,1099.0,888.0,0.6563,0.9345,0.8544,0.7148,0.7846,,EDGE_AVOID,灰度趋势变暗，提前避让,front,-0.2782,0.1396,0,slow,0.0,,0.0,-550,-550,1
18.725,711.0,1090.0,1096.0,887.0,0.6563,0.9345,0.8544,0.7148,0.7846,,EDGE_AVOID,灰度趋势变暗，提前避让,front,-0.2782,0.1396,0,slow,0.0,,0.0,-550,-550,1
18.745,706.0,1073.0,1086.0,887.0,0.6563,0.9087,0.8471,0.7114,0.7792,,EDGE_AVOID,灰度趋势变暗，提前避让,front,-0.2524,0.1357,0,slow,0.0,,0.0,-550,-550,1
18.765,698.0,1062.0,1090.0,896.0,0.6563,0.875,0.8325,0.7114,0.772,,EDGE_AVOID,灰度趋势变暗，提前避让,front,-0.2187,0.1211,0,slow,0.0,,0.0,-550,-550,1
18.785,692.0,1056.0,1090.0,891.0,0.6316,0.8532,0.8325,0.7248,0.7787,,EDGE_AVOID,灰度趋势变暗，提前避让,front,-0.2216,0.1077,0,slow,0.0,,0.0,-550,-550,1
18.805,694.0,1047.0,1094.0,887.0,0.6192,0.8413,0.8325,0.7248,0.7787,,EDGE_AVOID,灰度趋势变暗，提前避让,front,-0.2221,0.1077,0,slow,0.0,,0.0,-550,-550,1
18.825,693.0,1037.0,1092.0,888.0,0.6161,0.8234,0.8374,0.7148,0.7691,,EDGE_AVOID,灰度趋势变暗，提前避让,front,-0.2073,0.1226,0,slow,0.0,,0.0,-550,-550,1
18.845,690.0,1034.0,1091.0,883.0,0.6161,0.8036,0.8374,0.7114,0.7575,,EDGE_AVOID,灰度趋势变暗，提前避让,front,-0.1875,0.126,0,slow,0.0,,0.0,-550,-550,1
18.865,687.0,1033.0,1088.0,881.0,0.6068,0.7976,0.835,0.698,0.7478,,EDGE_AVOID,灰度趋势变暗，提前避让,front,-0.1908,0.137,0,slow,0.0,,0.0,-550,-550,1
18.885,685.0,1037.0,1089.0,883.0,0.5975,0.7976,0.8301,0.698,0.7478,,EDGE_AVOID,灰度趋势变暗，提前避让,front,-0.2001,0.1321,0,slow,0.0,,0.0,-550,-550,1
18.905,685.0,1040.0,1090.0,885.0,0.5913,0.8036,0.8301,0.698,0.7508,,EDGE_AVOID,灰度趋势变暗，提前避让,front,-0.2122,0.1321,0,slow,0.0,,0.0,-550,-550,1
18.925,683.0,1036.0,1086.0,883.0,0.5913,0.8036,0.8301,0.698,0.7508,,EDGE_AVOID,灰度趋势变暗，提前避让,front,-0.2122,0.1321,0,slow,0.0,,0.0,-550,-550,1
18.946,684.0,1038.0,1091.0,884.0,0.5882,0.8056,0.8325,0.7013,0.7534,,EDGE_AVOID,灰度趋势变暗，提前避让,front,-0.2173,0.1312,0,slow,0.0,,0.0,-550,-550,1
18.966,682.0,1036.0,1088.0,880.0,0.5851,0.8016,0.8277,0.698,0.7498,,EDGE_AVOID,灰度趋势变暗，提前避让,front,-0.2164,0.1297,0,slow,0.0,,0.0,-550,-550,1
18.986,684.0,1040.0,1092.0,885.0,0.5882,0.8056,0.835,0.7013,0.7534,,EDGE_AVOID,灰度趋势变暗，提前避让,front,-0.2173,0.1336,0,slow,0.0,,0.0,-550,-550,1
19.006,683.0,1037.0,1089.0,883.0,0.5851,0.8036,0.8301,0.698,0.7508,,EDGE_AVOID,灰度趋势变暗，提前避让,front,-0.2184,0.1321,0,slow,0.0,,0.0,-550,-550,1
19.026,684.0,1038.0,1090.0,883.0,0.5882,0.8056,0.8325,0.698,0.7518,,EDGE_AVOID,灰度趋势变暗，提前避让,front,-0.2173,0.1345,0,slow,0.0,,0.0,-550,-550,1
19.046,684.0,1038.0,1090.0,884.0,0.5882,0.8056,0.8325,0.698,0.7518,,EDGE_AVOID,灰度趋势变暗，提前避让,front,-0.2173,0.1345,0,slow,0.0,,0.0,-550,-550,1
19.066,685.0,1038.0,1091.0,885.0,0.5882,0.8056,0.8325,0.7013,0.7534,,EDGE_AVOID,灰度趋势变暗，提前避让,front,-0.2173,0.1312,0,slow,0.0,,0.0,-550,-550,1
19.086,687.0,1037.0,1092.0,884.0,0.5913,0.8056,0.835,0.7013,0.7534,,EDGE_AVOID,灰度趋势变暗，提前避让,front,-0.2142,0.1336,0,slow,0.0,,0.0,-550,-550,1
19.106,687.0,1034.0,1092.0,882.0,0.5975,0.8036,0.8374,0.7013,0.7525,,EDGE_AVOID,灰度趋势变暗，提前避让,front,-0.206,0.136,0,slow,0.0,,0.0,-550,-550,1
19.126,688.0,1036.0,1091.0,884.0,0.5975,0.8016,0.8374,0.7013,0.7515,,EDGE_AVOID,灰度趋势变暗，提前避让,front,-0.2041,0.136,0,slow,0.0,,0.0,-550,-550,1
19.146,690.0,1041.0,1092.0,884.0,0.6006,0.8016,0.8374,0.7013,0.7515,,EDGE_AVOID,灰度趋势变暗，提前避让,front,-0.201,0.136,0,slow,0.0,,0.0,-550,-550,1
19.166,686.0,1051.0,1088.0,887.0,0.6006,0.8115,0.835,0.7013,0.7564,,EDGE_AVOID,灰度趋势变暗，提前避让,front,-0.2109,0.1336,0,slow,0.0,,0.0,-550,-550,1
19.187,690.0,1062.0,1092.0,896.0,0.6068,0.8313,0.8374,0.7114,0.7714,,EDGE_AVOID,灰度趋势变暗，提前避让,front,-0.2245,0.126,0,slow,0.0,,0.0,-550,-550,1
19.207,695.0,1069.0,1088.0,893.0,0.6068,0.8532,0.8277,0.7315,0.7796,,EDGE_AVOID,灰度趋势变暗，提前避让,front,-0.2464,0.0961,0,slow,0.0,,0.0,-550,-550,1
19.227,706.0,1086.0,1088.0,884.0,0.6223,0.8671,0.8277,0.7315,0.7796,,EDGE_AVOID,灰度趋势变暗，提前避让,front,-0.2448,0.0961,0,slow,0.0,,0.0,-550,-550,1
19.247,704.0,1098.0,1091.0,887.0,0.6502,0.9008,0.8277,0.7114,0.7695,,EDGE_AVOID,灰度趋势变暗，提前避让,front,-0.2506,0.1163,0,slow,0.0,,0.0,-550,-550,1
19.267,702.0,1116.0,1093.0,896.0,0.6502,0.9246,0.835,0.7114,0.7732,,EDGE_AVOID,灰度趋势变暗，提前避让,front,-0.2744,0.1235,0,slow,0.0,,0.0,-550,-550,1
19.287,712.0,1129.0,1119.0,895.0,0.6502,0.9603,0.8398,0.7383,0.789,,EDGE_AVOID,灰度趋势变暗，提前避让,front,-0.3102,0.1016,0,slow,0.0,,0.0,-550,-550,1
19.307,712.0,1129.0,1119.0,895.0,0.6749,0.9861,0.9029,0.7383,0.8206,,EDGE_AVOID,灰度趋势变暗，提前避让,front,-0.3112,0.1647,0,slow,0.0,,0.0,-550,-550,1
19.327,728.0,1118.0,1122.0,923.0,0.6749,0.9861,0.9029,0.7383,0.8206,,EDGE_AVOID,灰度趋势变暗，提前避让,front,-0.3112,0.1647,0,slow,0.0,,0.0,-550,-550,1
19.347,725.0,1129.0,1128.0,910.0,0.7152,0.9861,0.9102,0.7886,0.8494,,EDGE_AVOID,灰度趋势变暗，提前避让,front,-0.2709,0.1216,0,slow,0.0,,0.0,-550,-550,1
19.368,738.0,1138.0,1141.0,924.0,0.7245,0.9861,0.9248,0.8322,0.8785,,EDGE_AVOID,避让滞回，未恢复不退出,front,-0.2617,0.0925,0,slow,0.0,,0.0,-550,-550,1
19.388,734.0,1152.0,1149.0,939.0,0.743,1.004,0.9563,0.8356,0.8959,,EDGE_AVOID,避让滞回，未恢复不退出,front,-0.2609,0.1207,0,slow,0.0,,0.0,-550,-550,1
19.408,725.0,1153.0,1165.0,955.0,0.743,1.0317,0.9757,0.8859,0.9308,,EDGE_AVOID,避让滞回，未恢复不退出,front,-0.2887,0.0898,0,slow,0.0,,0.0,-550,-550,1
19.428,732.0,1155.0,1184.0,971.0,0.7368,1.0337,1.0146,0.9396,0.9771,,CRUISE,按区域分级巡航,,-0.2969,0.075,0,fast,0.0,,0.0,500,400,1
19.448,734.0,1162.0,1197.0,950.0,0.7368,1.0377,1.0607,0.9396,0.9886,,CRUISE,按区域分级巡航,,-0.3009,0.1211,0,fast,0.0,,0.0,500,400,1
19.468,749.0,1167.0,1205.0,946.0,0.743,1.0516,1.0922,0.9228,0.9872,,CRUISE,按区域分级巡航,,-0.3086,0.1694,0,fast,0.0,,0.0,500,400,1
19.488,772.0,1190.0,1200.0,969.0,0.7895,1.0615,1.0995,0.9228,0.9922,,CRUISE,按区域分级巡航,,-0.272,0.1767,0,fast,0.0,,0.0,500,400,1
19.508,788.0,1200.0,1224.0,971.0,0.8607,1.1071,1.1117,0.9866,1.0469,,CRUISE,按区域分级巡航,,-0.2465,0.1251,0,fast,0.0,,0.0,500,400,1
19.528,784.0,1214.0,1246.0,974.0,0.8978,1.127,1.1578,0.9933,1.0601,,CRUISE,按区域分级巡航,,-0.2292,0.1645,0,fast,0.0,,0.0,500,400,1
19.549,789.0,1218.0,1258.0,992.0,0.9102,1.1548,1.2112,1.0034,1.0791,,CRUISE,按区域分级巡航,,-0.2445,0.2078,0,fast,0.0,,0.0,500,400,1
19.569,795.0,1238.0,1264.0,996.0,0.9133,1.1627,1.2403,1.0638,1.1132,,CRUISE,按区域分级巡航,,-0.2494,0.1765,0,fast,0.0,,0.0,500,400,1
19.589,805.0,1241.0,1271.0,1007.0,0.9319,1.2024,1.2549,1.0772,1.1398,,CRUISE,按区域分级巡航,,-0.2705,0.1777,0,fast,0.0,,0.0,500,400,1
19.609,809.0,1247.0,1273.0,1020.0,0.9628,1.2083,1.2718,1.1141,1.1612,,CRUISE,按区域分级巡航,,-0.2455,0.1578,0,fast,0.0,,0.0,500,400,1
19.629,807.0,1254.0,1281.0,1012.0,0.969,1.2202,1.2767,1.1309,1.1756,,CRUISE,按区域分级巡航,,-0.2512,0.1458,0,fast,0.0,,0.0,500,400,1
19.649,809.0,1265.0,1291.0,1016.0,0.9752,1.2341,1.2961,1.1443,1.1892,,CRUISE,按区域分级巡航,,-0.2589,0.1518,0,fast,0.0,,0.0,500,400,1
19.669,806.0,1276.0,1299.0,1018.0,0.969,1.256,1.3204,1.1443,1.2001,,CRUISE,按区域分级巡航,,-0.2869,0.1761,0,fast,0.0,,0.0,500,400,1
19.689,803.0,1280.0,1304.0,1019.0,0.9659,1.2778,1.3398,1.151,1.2144,,CRUISE,按区域分级巡航,,-0.3118,0.1888,0,fast,0.0,,0.0,500,400,1
19.709,810.0,1282.0,1304.0,1025.0,0.9659,1.2857,1.3519,1.1544,1.22,,CRUISE,按区域分级巡航,,-0.3198,0.1976,0,fast,0.0,,0.0,500,400,1
19.73,810.0,1282.0,1304.0,1025.0,0.9783,1.2897,1.3519,1.1745,1.2321,,CRUISE,按区域分级巡航,,-0.3114,0.1774,0,fast,0.0,,0.0,500,400,1
19.75,812.0,1283.0,1309.0,1024.0,0.9783,1.2897,1.3519,1.1745,1.2321,,CRUISE,按区域分级巡航,,-0.3114,0.1774,0,fast,0.0,,0.0,500,400,1
19.77,814.0,1283.0,1312.0,1022.0,0.9845,1.2917,1.3641,1.1711,1.2314,,CRUISE,按区域分级巡航,,-0.3071,0.1929,0,fast,0.0,,0.0,500,400,1
19.79,815.0,1282.0,1313.0,1024.0,0.9907,1.2917,1.3714,1.1711,1.2314,,CRUISE,按区域分级巡航,,-0.301,0.2002,0,fast,0.0,,0.0,500,400,1
19.81,815.0,1280.0,1308.0,1021.0,0.9938,1.2897,1.3714,1.1644,1.2271,,CRUISE,按区域分级巡航,,-0.2959,0.2069,0,fast,0.0,,0.0,500,400,1
19.83,815.0,1281.0,1309.0,1026.0,0.9938,1.2877,1.3641,1.1711,1.2294,,CRUISE,按区域分级巡航,,-0.2939,0.1929,0,fast,0.0,,0.0,500,400,1
19.85,815.0,1281.0,1309.0,1026.0,0.9938,1.2877,1.3641,1.1779,1.2328,,CRUISE,按区域分级巡航,,-0.2939,0.1862,0,fast,0.0,,0.0,500,400,1
19.87,816.0,1282.0,1309.0,1027.0,0.9938,1.2877,1.3641,1.1779,1.2328,,CRUISE,按区域分级巡航,,-0.2939,0.1862,0,fast,0.0,,0.0,500,400,1
19.89,816.0,1283.0,1310.0,1027.0,0.9969,1.2897,1.3641,1.1812,1.2354,,CRUISE,按区域分级巡航,,-0.2928,0.1829,0,fast,0.0,,0.0,500,400,1
19.911,815.0,1283.0,1308.0,1027.0,0.9969,1.2917,1.3641,1.1812,1.2364,,CRUISE,按区域分级巡航,,-0.2948,0.1829,0,fast,0.0,,0.0,500,400,1
19.931,813.0,1282.0,1307.0,1027.0,0.9938,1.2917,1.3617,1.1812,1.2364,,CRUISE,按区域分级巡航,,-0.2979,0.1804,0,fast,0.0,,0.0,500,400,1
19.951,807.0,1280.0,1306.0,1024.0,0.9876,1.2897,1.3592,1.1812,1.2354,,CRUISE,按区域分级巡航,,-0.3021,0.178,0,fast,0.0,,0.0,500,400,1
19.971,804.0,1280.0,1300.0,1024.0,0.969,1.2857,1.3568,1.1711,1.2284,,CRUISE,按区域分级巡航,,-0.3167,0.1857,0,fast,0.0,,0.0,500,400,1
19.991,806.0,1273.0,1300.0,1018.0,0.9659,1.2857,1.3422,1.1711,1.2284,,CRUISE,按区域分级巡航,,-0.3198,0.1711,0,fast,0.0,,0.0,500,400,1
20.011,810.0,1266.0,1297.0,1016.0,0.9659,1.2718,1.3422,1.151,1.2114,,CRUISE,按区域分级巡航,,-0.3059,0.1912,0,fast,0.0,,0.0,500,400,1
20.031,806.0,1255.0,1286.0,1014.0,0.9659,1.2579,1.335,1.1443,1.2011,,CRUISE,按区域分级巡航,,-0.292,0.1907,0,fast,0.0,,0.0,500,400,1
20.051,804.0,1248.0,1280.0,1014.0,0.9659,1.2361,1.3083,1.1376,1.1868,,CRUISE,按区域分级巡航,,-0.2702,0.1707,0,fast,0.0,,0.0,500,400,1
20.071,807.0,1242.0,1273.0,1015.0,0.9659,1.2222,1.2937,1.1376,1.1799,,CRUISE,按区域分级巡航,,-0.2563,0.1561,0,fast,0.0,,0.0,500,400,1
20.091,805.0,1239.0,1270.0,1011.0,0.9628,1.2103,1.2767,1.1376,1.174,,CRUISE,按区域分级巡航,,-0.2475,0.1391,0,fast,0.0,,0.0,500,400,1
20.112,796.0,1237.0,1267.0,1000.0,0.9628,1.2044,1.2694,1.1275,1.1659,,CRUISE,按区域分级巡航,,-0.2415,0.1419,0,fast,0.0,,0.0,500,400,1
20.132,793.0,1229.0,1261.0,1001.0,0.935,1.2004,1.2621,1.094,1.1472,,CRUISE,按区域分级巡航,,-0.2654,0.1682,0,fast,0.0,,0.0,500,400,1
20.152,793.0,1229.0,1261.0,1001.0,0.9257,1.1845,1.2476,1.094,1.1392,,CRUISE,按区域分级巡航,,-0.2588,0.1536,0,fast,0.0,,0.0,500,400,1
20.172,792.0,1208.0,1258.0,992.0,0.9257,1.1845,1.2476,1.094,1.1392,,CRUISE,按区域分级巡航,,-0.2588,0.1536,0,fast,0.0,,0.0,500,400,1
20.192,788.0,1213.0,1253.0,983.0,0.9226,1.1528,1.2403,1.0638,1.1083,,CRUISE,按区域分级巡航,,-0.2302,0.1765,0,fast,0.0,,0.0,500,400,1
20.212,786.0,1206.0,1237.0,977.0,0.9102,1.1429,1.2282,1.0336,1.0882,,CRUISE,按区域分级巡航,,-0.2326,0.1946,0,fast,0.0,,0.0,500,400,1
20.232,784.0,1199.0,1229.0,974.0,0.904,1.1389,1.1893,1.0134,1.0762,,CRUISE,按区域分级巡航,,-0.2349,0.1759,0,fast,0.0,,0.0,500,400,1
20.252,778.0,1199.0,1207.0,967.0,0.8978,1.125,1.1699,1.0034,1.0642,,CRUISE,按区域分级巡航,,-0.2272,0.1665,0,fast,0.0,,0.0,500,400,1
20.272,772.0,1181.0,1213.0,977.0,0.8793,1.125,1.1311,1.0034,1.0642,,CRUISE,按区域分级巡航,,-0.2457,0.1277,0,fast,0.0,,0.0,500,400,1
20.293,761.0,1167.0,1208.0,972.0,0.8607,1.0893,1.1189,0.9966,1.043,,CRUISE,按区域分级巡航,,-0.2286,0.1223,0,fast,0.0,,0.0,500,400,1
20.313,753.0,1179.0,1213.0,964.0,0.8266,1.0853,1.1311,0.9966,1.041,,CRUISE,按区域分级巡航,,-0.2587,0.1344,0,fast,0.0,,0.0,500,400,1
20.333,740.0,1162.0,1212.0,953.0,0.8019,1.0615,1.1286,0.9698,1.0157,,CRUISE,按区域分级巡航,,-0.2597,0.1588,0,fast,0.0,,0.0,500,400,1
20.353,733.0,1153.0,1207.0,951.0,0.7616,1.0516,1.1286,0.9329,0.9922,,CRUISE,按区域分级巡航,,-0.29,0.1958,0,fast,0.0,,0.0,500,400,1
20.373,737.0,1147.0,1189.0,947.0,0.7523,1.0337,1.1165,0.9262,0.98,,CRUISE,按区域分级巡航,,-0.2814,0.1903,0,fast,0.0,,0.0,500,400,1
20.393,734.0,1154.0,1162.0,935.0,0.743,1.0337,1.0728,0.9128,0.9732,,CRUISE,按区域分级巡航,,-0.2907,0.1601,0,fast,0.0,,0.0,500,400,1
20.413,730.0,1152.0,1153.0,924.0,0.743,1.0317,1.0073,0.8725,0.9399,,CRUISE,按区域分级巡航,,-0.2887,0.1348,0,fast,0.0,,0.0,500,400,1
20.433,724.0,1147.0,1156.0,917.0,0.7307,1.0317,0.9927,0.8356,0.9141,,CRUISE,按区域分级巡航,,-0.3011,0.1571,0,fast,0.0,,0.0,500,400,1
20.453,724.0,1140.0,1149.0,912.0,0.7121,1.0218,0.9854,0.8121,0.8988,,MEDIUM_CRUISE,按区域分级巡航,,-0.3098,0.1734,0,medium,0.0,,0.0,450,400,1
20.473,727.0,1122.0,1125.0,906.0,0.7121,1.0079,0.9757,0.7953,0.8855,,MEDIUM_CRUISE,按区域分级巡航,,-0.2959,0.1804,0,medium,0.0,,0.0,450,400,1
20.494,712.0,1117.0,1133.0,915.0,0.7121,0.9722,0.9369,0.7953,0.8661,,MEDIUM_CRUISE,按区域分级巡航,,-0.2601,0.1416,0,medium,0.0,,0.0,450,400,1
20.514,706.0,1117.0,1115.0,876.0,0.6749,0.9623,0.9175,0.7752,0.8463,,EDGE_AVOID,灰度趋势变暗，提前避让,front,-0.2874,0.1423,0,slow,0.0,,0.0,-550,-550,1
20.534,700.0,1113.0,1092.0,862.0,0.6563,0.9623,0.8932,0.6745,0.7839,,EDGE_AVOID,灰度趋势变暗，提前避让,front,-0.306,0.2187,0,slow,0.0,,0.0,-550,-550,1
20.554,700.0,1093.0,1085.0,874.0,0.6378,0.9544,0.8374,0.6678,0.7526,,EDGE_AVOID,灰度趋势变暗，提前避让,front,-0.3166,0.1696,0,slow,0.0,,0.0,-550,-550,1
20.574,700.0,1093.0,1085.0,874.0,0.6378,0.9147,0.8204,0.6678,0.7441,,EDGE_AVOID,灰度趋势变暗，提前避让,front,-0.2769,0.1526,0,slow,0.0,,0.0,-550,-550,1
20.594,697.0,1082.0,1085.0,889.0,0.6378,0.9147,0.8204,0.6678,0.7441,,EDGE_AVOID,灰度趋势变暗，提前避让,front,-0.2769,0.1526,0,slow,0.0,,0.0,-550,-550,1
20.614,702.0,1062.0,1088.0,903.0,0.6378,0.8929,0.8204,0.7181,0.7693,,EDGE_AVOID,灰度趋势变暗，提前避让,front,-0.2551,0.1023,0,slow,0.0,,0.0,-550,-550,1
20.634,697.0,1049.0,1091.0,899.0,0.6285,0.8532,0.8277,0.7517,0.7897,,EDGE_AVOID,灰度趋势变暗，提前避让,front,-0.2247,0.076,0,slow,0.0,,0.0,-550,-550,1
20.654,690.0,1041.0,1095.0,906.0,0.6285,0.8274,0.835,0.7651,0.7962,,EDGE_AVOID,灰度趋势变暗，提前避让,front,-0.1989,0.0699,0,slow,0.0,,0.0,-550,-550,1
20.675,690.0,1036.0,1096.0,903.0,0.6068,0.8115,0.8447,0.7651,0.7883,,EDGE_AVOID,灰度趋势变暗，提前避让,front,-0.2047,0.0796,0,slow,0.0,,0.0,-550,-550,1
20.695,690.0,1037.0,1092.0,893.0,0.6068,0.8036,0.8447,0.7651,0.7843,,EDGE_AVOID,灰度趋势变暗，提前避让,front,-0.1968,0.0796,0,slow,0.0,,0.0,-550,-550,1
20.715,691.0,1042.0,1093.0,890.0,0.6068,0.8036,0.8398,0.7315,0.7676,,EDGE_AVOID,灰度趋势变暗，提前避让,front,-0.1968,0.1083,0,slow,0.0,,0.0,-550,-550,1
20.735,691.0,1043.0,1093.0,884.0,0.6099,0.8135,0.8398,0.7215,0.7675,,EDGE_AVOID,灰度趋势变暗，提前避让,front,-0.2036,0.1183,0,slow,0.0,,0.0,-550,-550,1
20.755,688.0,1042.0,1092.0,881.0,0.6099,0.8135,0.8398,0.7013,0.7574,,EDGE_AVOID,灰度趋势变暗，提前避让,front,-0.2036,0.1385,0,slow,0.0,,0.0,-550,-550,1
20.775,688.0,1043.0,1093.0,881.0,0.6006,0.8155,0.8398,0.6913,0.7534,,EDGE_AVOID,灰度趋势变暗，提前避让,front,-0.2149,0.1485,0,slow,0.0,,0.0,-550,-550,1
20.795,689.0,1045.0,1096.0,880.0,0.6006,0.8155,0.8398,0.6913,0.7534,,EDGE_AVOID,灰度趋势变暗，提前避让,front,-0.2149,0.1485,0,slow,0.0,,0.0,-550,-550,1
20.815,688.0,1044.0,1096.0,882.0,0.6006,0.8175,0.8471,0.6913,0.7544,,EDGE_AVOID,灰度趋势变暗，提前避让,front,-0.2168,0.1558,0,slow,0.0,,0.0,-550,-550,1
20.835,689.0,1044.0,1096.0,883.0,0.6037,0.8175,0.8471,0.6946,0.756,,EDGE_AVOID,灰度趋势变暗，提前避让,front,-0.2137,0.1525,0,slow,0.0,,0.0,-550,-550,1
20.856,689.0,1043.0,1094.0,881.0,0.6037,0.8175,0.8471,0.6946,0.756,,EDGE_AVOID,灰度趋势变暗，提前避让,front,-0.2137,0.1525,0,slow,0.0,,0.0,-550,-550,1
20.876,690.0,1045.0,1095.0,883.0,0.6037,0.8175,0.8447,0.698,0.7577,,EDGE_AVOID,灰度趋势变暗，提前避让,front,-0.2137,0.1467,0,slow,0.0,,0.0,-550,-550,1
20.896,690.0,1045.0,1097.0,884.0,0.6068,0.8194,0.8447,0.698,0.7587,,EDGE_AVOID,灰度趋势变暗，提前避让,front,-0.2126,0.1467,0,slow,0.0,,0.0,-550,-550,1
20.916,690.0,1044.0,1095.0,885.0,0.6068,0.8194,0.8447,0.7013,0.7604,,EDGE_AVOID,灰度趋势变暗，提前避让,front,-0.2126,0.1433,0,slow,0.0,,0.0,-550,-550,1
20.936,691.0,1044.0,1093.0,888.0,0.6068,0.8175,0.8447,0.7047,0.7611,,EDGE_AVOID,灰度趋势变暗，提前避让,front,-0.2106,0.14,0,slow,0.0,,0.0,-550,-550,1
20.956,692.0,1041.0,1096.0,893.0,0.6099,0.8175,0.8447,0.7148,0.7661,,EDGE_AVOID,灰度趋势变暗，提前避让,front,-0.2076,0.1299,0,slow,0.0,,0.0,-550,-550,1
20.976,691.0,1035.0,1096.0,897.0,0.6099,0.8115,0.8471,0.7315,0.7715,,EDGE_AVOID,灰度趋势变暗，提前避让,front,-0.2016,0.1155,0,slow,0.0,,0.0,-550,-550,1
20.996,691.0,1035.0,1096.0,897.0,0.6099,0.7996,0.8471,0.745,0.7723,,EDGE_AVOID,灰度趋势变暗，提前避让,front,-0.1897,0.1021,0,slow,0.0,,0.0,-550,-550,1
21.016,685.0,1038.0,1096.0,903.0,0.6099,0.7996,0.8471,0.745,0.7723,,EDGE_AVOID,灰度趋势变暗，提前避让,front,-0.1897,0.1021,0,slow,0.0,,0.0,-550,-550,1
21.036,687.0,1043.0,1093.0,895.0,0.5975,0.8056,0.8471,0.745,0.7753,,EDGE_AVOID,灰度趋势变暗，提前避让,front,-0.208,0.1021,0,slow,0.0,,0.0,-550,-550,1
21.057,698.0,1056.0,1094.0,904.0,0.5975,0.8155,0.8422,0.7651,0.7903,,EDGE_AVOID,灰度趋势变暗，提前避让,front,-0.218,0.0771,0,slow,0.0,,0.0,-550,-550,1
21.077,696.0,1077.0,1084.0,896.0,0.6254,0.8413,0.8398,0.7416,0.7907,,EDGE_AVOID,灰度趋势变暗，提前避让,front,-0.2159,0.0982,0,slow,0.0,,0.0,-550,-550,1
21.097,695.0,1093.0,1081.0,885.0,0.6254,0.8829,0.818,0.7416,0.7798,,EDGE_AVOID,灰度趋势变暗，提前避让,front,-0.2575,0.0764,0,slow,0.0,,0.0,-550,-550,1
21.117,692.0,1109.0,1076.0,871.0,0.6223,0.9147,0.8107,0.7047,0.7577,,EDGE_AVOID,灰度趋势变暗，提前避让,front,-0.2924,0.106,0,slow,0.0,,0.0,-550,-550,1
21.137,695.0,1118.0,1083.0,881.0,0.6223,0.9464,0.8107,0.6913,0.751,,EDGE_AVOID,灰度趋势变暗，提前避让,front,-0.3241,0.1194,0,slow,0.0,,0.0,-550,-550,1
21.157,699.0,1117.0,1107.0,906.0,0.6223,0.9623,0.8155,0.6913,0.7534,,EDGE_AVOID,灰度趋势变暗，提前避让,front,-0.34,0.1243,0,slow,0.0,,0.0,-550,-550,1
21.177,721.0,1129.0,1112.0,909.0,0.6347,0.9643,0.8738,0.7752,0.8245,,EDGE_AVOID,灰度趋势变暗，提前避让,front,-0.3296,0.0986,0,slow,0.0,,0.0,-550,-550,1
21.197,722.0,1141.0,1129.0,917.0,0.7028,0.9861,0.8859,0.7852,0.8356,,EDGE_AVOID,灰度趋势变暗，提前避让,front,-0.2833,0.1007,0,slow,0.0,,0.0,-550,-550,1
21.217,717.0,1152.0,1144.0,933.0,0.7028,1.0099,0.9272,0.8121,0.8696,,EDGE_AVOID,避让滞回，未恢复不退出,front,-0.3071,0.1151,0,slow,0.0,,0.0,-550,-550,1
21.237,725.0,1166.0,1148.0,951.0,0.7059,1.0317,0.9636,0.8658,0.9147,,EDGE_AVOID,避让滞回，未恢复不退出,front,-0.3259,0.0978,0,slow,0.0,,0.0,-550,-550,1
21.258,723.0,1158.0,1166.0,957.0,0.709,1.0437,0.9733,0.9262,0.9497,,EDGE_AVOID,避让滞回，未恢复不退出,front,-0.3347,0.0471,0,slow,0.0,,0.0,-550,-550,1
21.278,722.0,1161.0,1186.0,946.0,0.709,1.0496,1.017,0.9262,0.9716,,CRUISE,按区域分级巡航,,-0.3406,0.0908,0,fast,0.0,,0.0,500,400,1
21.298,737.0,1182.0,1198.0,961.0,0.709,1.0496,1.0655,0.9463,0.998,,CRUISE,按区域分级巡航,,-0.3406,0.1192,0,fast,0.0,,0.0,500,400,1
21.318,757.0,1181.0,1211.0,968.0,0.7523,1.0893,1.0947,0.9597,1.0245,,CRUISE,按区域分级巡航,,-0.337,0.1349,0,fast,0.0,,0.0,500,400,1
21.338,775.0,1202.0,1204.0,978.0,0.8142,1.0913,1.1092,0.9832,1.0372,,CRUISE,按区域分级巡航,,-0.277,0.126,0,fast,0.0,,0.0,500,400,1
21.358,778.0,1206.0,1216.0,984.0,0.87,1.131,1.1262,1.0168,1.0715,,CRUISE,按区域分级巡航,,-0.261,0.1094,0,fast,0.0,,0.0,500,400,1
21.378,786.0,1220.0,1242.0,986.0,0.8793,1.1389,1.1383,1.0369,1.0876,,CRUISE,按区域分级巡航,,-0.2596,0.1014,0,fast,0.0,,0.0,500,400,1
21.398,788.0,1241.0,1246.0,988.0,0.904,1.1667,1.2015,1.0436,1.1051,,CRUISE,按区域分级巡航,,-0.2626,0.1578,0,fast,0.0,,0.0,500,400,1
21.418,800.0,1267.0,1258.0,1007.0,0.9102,1.2083,1.2112,1.0503,1.1293,,CRUISE,按区域分级巡航,,-0.2981,0.1608,0,fast,0.0,,0.0,500,400,1
21.439,800.0,1267.0,1258.0,1007.0,0.9474,1.2599,1.2403,1.1141,1.1772,,CRUISE,按区域分级巡航,,-0.3126,0.1262,0,fast,0.0,,0.0,500,400,1
21.459,813.0,1267.0,1269.0,1003.0,0.9474,1.2599,1.2403,1.1141,1.1772,,CRUISE,按区域分级巡航,,-0.3126,0.1262,0,fast,0.0,,0.0,500,400,1
21.479,811.0,1276.0,1282.0,1019.0,0.9814,1.2599,1.267,1.1141,1.187,,CRUISE,按区域分级巡航,,-0.2785,0.1529,0,fast,0.0,,0.0,500,400,1
21.499,812.0,1282.0,1285.0,1026.0,0.9845,1.2778,1.2985,1.1544,1.2161,,CRUISE,按区域分级巡航,,-0.2933,0.1442,0,fast,0.0,,0.0,500,400,1
21.519,810.0,1288.0,1284.0,1035.0,0.9814,1.2897,1.3034,1.1779,1.2338,,CRUISE,按区域分级巡航,,-0.3083,0.1255,0,fast,0.0,,0.0,500,400,1
21.539,812.0,1296.0,1288.0,1039.0,0.9845,1.3016,1.3058,1.2081,1.2548,,CRUISE,按区域分级巡航,,-0.3171,0.0978,0,fast,0.0,,0.0,500,400,1
21.559,819.0,1297.0,1294.0,1049.0,0.9845,1.3175,1.3131,1.2215,1.2673,,CRUISE,按区域分级巡航,,-0.3329,0.0916,0,fast,0.0,,0.0,500,400,1
21.579,825.0,1298.0,1298.0,1046.0,1.0062,1.3194,1.3277,1.245,1.2822,,CRUISE,按区域分级巡航,,-0.3133,0.0827,0,fast,0.0,,0.0,500,400,1
21.599,828.0,1298.0,1301.0,1046.0,1.0248,1.3214,1.3374,1.245,1.2832,,CRUISE,按区域分级巡航,,-0.2967,0.0924,0,fast,0.0,,0.0,500,400,1
21.619,829.0,1295.0,1300.0,1045.0,1.0341,1.3214,1.3422,1.245,1.2832,,CRUISE,按区域分级巡航,,-0.2874,0.0973,0,fast,0.0,,0.0,500,400,1
21.64,832.0,1296.0,1301.0,1047.0,1.0372,1.3175,1.3447,1.245,1.2812,,CRUISE,按区域分级巡航,,-0.2803,0.0997,0,fast,0.0,,0.0,500,400,1
21.66,832.0,1296.0,1300.0,1048.0,1.0464,1.3175,1.3422,1.2483,1.2829,,CRUISE,按区域分级巡航,,-0.271,0.0939,0,fast,0.0,,0.0,500,400,1
21.68,832.0,1294.0,1298.0,1048.0,1.0464,1.3175,1.3422,1.2517,1.2846,,CRUISE,按区域分级巡航,,-0.271,0.0906,0,fast,0.0,,0.0,500,400,1
21.7,832.0,1294.0,1297.0,1049.0,1.0464,1.3135,1.3374,1.2517,1.2826,,CRUISE,按区域分级巡航,,-0.2671,0.0857,0,fast,0.0,,0.0,500,400,1
21.72,833.0,1296.0,1297.0,1051.0,1.0464,1.3135,1.335,1.255,1.2843,,CRUISE,按区域分级巡航,,-0.2671,0.0799,0,fast,0.0,,0.0,500,400,1
21.74,831.0,1296.0,1298.0,1049.0,1.0464,1.3175,1.335,1.255,1.2862,,CRUISE,按区域分级巡航,,-0.271,0.0799,0,fast,0.0,,0.0,500,400,1
21.76,831.0,1299.0,1301.0,1050.0,1.0433,1.3175,1.3374,1.2584,1.2879,,CRUISE,按区域分级巡航,,-0.2741,0.079,0,fast,0.0,,0.0,500,400,1
21.78,828.0,1300.0,1300.0,1050.0,1.0433,1.3234,1.3422,1.2584,1.2909,,CRUISE,按区域分级巡航,,-0.2801,0.0838,0,fast,0.0,,0.0,500,400,1
21.8,824.0,1297.0,1293.0,1048.0,1.0341,1.3234,1.3422,1.2584,1.2909,,CRUISE,按区域分级巡航,,-0.2894,0.0838,0,fast,0.0,,0.0,500,400,1
21.82,817.0,1294.0,1290.0,1041.0,1.0217,1.3194,1.3252,1.2517,1.2856,,CRUISE,按区域分级巡航,,-0.2978,0.0736,0,fast,0.0,,0.0,500,400,1
21.841,814.0,1291.0,1288.0,1037.0,1.0,1.3135,1.318,1.2282,1.2708,,CRUISE,按区域分级巡航,,-0.3135,0.0898,0,fast,0.0,,0.0,500,400,1
21.861,814.0,1291.0,1288.0,1037.0,0.9907,1.3075,1.3131,1.2148,1.2612,,CRUISE,按区域分级巡航,,-0.3168,0.0983,0,fast,0.0,,0.0,500,400,1
21.881,814.0,1284.0,1288.0,1034.0,0.9907,1.3075,1.3131,1.2148,1.2612,,CRUISE,按区域分级巡航,,-0.3168,0.0983,0,fast,0.0,,0.0,500,400,1
21.901,816.0,1280.0,1284.0,1028.0,0.9907,1.2937,1.3131,1.2047,1.2492,,CRUISE,按区域分级巡航,,-0.3029,0.1084,0,fast,0.0,,0.0,500,400,1
21.921,809.0,1266.0,1273.0,1017.0,0.9907,1.2857,1.3034,1.1846,1.2351,,CRUISE,按区域分级巡航,,-0.295,0.1188,0,fast,0.0,,0.0,500,400,1
21.941,809.0,1266.0,1266.0,999.0,0.9752,1.2579,1.2767,1.1477,1.2028,,CRUISE,按区域分级巡航,,-0.2827,0.129,0,fast,0.0,,0.0,500,400,1
21.961,811.0,1271.0,1267.0,1005.0,0.9752,1.2579,1.2621,1.1074,1.1827,,CRUISE,按区域分级巡航,,-0.2827,0.1548,0,fast,0.0,,0.0,500,400,1
21.981,801.0,1252.0,1260.0,1007.0,0.9752,1.2579,1.2597,1.1074,1.1827,,CRUISE,按区域分级巡航,,-0.2827,0.1523,0,fast,0.0,,0.0,500,400,1
22.001,795.0,1244.0,1259.0,1004.0,0.9505,1.2302,1.2451,1.1074,1.1688,,CRUISE,按区域分级巡航,,-0.2797,0.1378,0,fast,0.0,,0.0,500,400,1
22.021,793.0,1225.0,1260.0,1000.0,0.9319,1.2143,1.2451,1.104,1.1592,,CRUISE,按区域分级巡航,,-0.2824,0.1411,0,fast,0.0,,0.0,500,400,1
22.042,788.0,1217.0,1242.0,993.0,0.9257,1.1766,1.2427,1.0906,1.1336,,CRUISE,按区域分级巡航,,-0.2509,0.1521,0,fast,0.0,,0.0,500,400,1
22.062,785.0,1208.0,1226.0,981.0,0.9102,1.1607,1.2015,1.0671,1.1139,,CRUISE,按区域分级巡航,,-0.2505,0.1343,0,fast,0.0,,0.0,500,400,1
22.082,789.0,1212.0,1210.0,983.0,0.9102,1.1508,1.1626,1.0336,1.0922,,CRUISE,按区域分级巡航,,-0.2406,0.1291,0,fast,0.0,,0.0,500,400,1
22.102,776.0,1205.0,1222.0,976.0,0.9009,1.1429,1.1529,1.0268,1.0849,,CRUISE,按区域分级巡航,,-0.2419,0.1261,0,fast,0.0,,0.0,500,400,1
22.122,773.0,1184.0,1221.0,966.0,0.8731,1.1369,1.1505,1.0101,1.0735,,CRUISE,按区域分级巡航,,-0.2638,0.1404,0,fast,0.0,,0.0,500,400,1
22.142,764.0,1184.0,1216.0,976.0,0.8638,1.0952,1.1505,1.0101,1.0527,,CRUISE,按区域分级巡航,,-0.2315,0.1404,0,fast,0.0,,0.0,500,400,1
22.162,754.0,1186.0,1214.0,971.0,0.8359,1.0952,1.1383,0.9933,1.0443,,CRUISE,按区域分级巡航,,-0.2593,0.1451,0,fast,0.0,,0.0,500,400,1
22.182,744.0,1171.0,1211.0,964.0,0.805,1.0952,1.1335,0.9933,1.0443,,CRUISE,按区域分级巡航,,-0.2903,0.1402,0,fast,0.0,,0.0,500,400,1
22.202,740.0,1163.0,1196.0,951.0,0.774,1.0694,1.1262,0.9698,1.0196,,CRUISE,按区域分级巡航,,-0.2955,0.1564,0,fast,0.0,,0.0,500,400,1
22.223,748.0,1153.0,1172.0,954.0,0.774,1.0536,1.0898,0.9362,0.9949,,CRUISE,按区域分级巡航,,-0.2796,0.1536,0,fast,0.0,,0.0,500,400,1
22.243,739.0,1165.0,1160.0,936.0,0.7616,1.0536,1.0316,0.9262,0.9789,,CRUISE,按区域分级巡航,,-0.292,0.1054,0,fast,0.0,,0.0,500,400,1
22.263,727.0,1159.0,1160.0,927.0,0.7585,1.0456,1.0024,0.8758,0.9391,,CRUISE,按区域分级巡航,,-0.2871,0.1266,0,fast,0.0,,0.0,500,400,1
22.283,727.0,1159.0,1160.0,927.0,0.7214,1.0456,1.0024,0.8456,0.924,,CRUISE,按区域分级巡航,,-0.3243,0.1568,0,fast,0.0,,0.0,500,400,1
22.303,713.0,1148.0,1156.0,917.0,0.7214,1.0456,1.0024,0.8456,0.924,,CRUISE,按区域分级巡航,,-0.3243,0.1568,0,fast,0.0,,0.0,500,400,1
22.323,711.0,1149.0,1129.0,921.0,0.678,1.0258,0.9927,0.8255,0.9091,,CRUISE,按区域分级巡航,,-0.3478,0.1672,0,fast,0.0,,0.0,500,400,1
22.343,720.0,1125.0,1134.0,910.0,0.678,1.0238,0.9393,0.8121,0.8757,,MEDIUM_CRUISE,按区域分级巡航,,-0.3458,0.1272,0,medium,0.0,,0.0,450,400,1
22.363,725.0,1123.0,1118.0,906.0,0.6997,0.9782,0.9272,0.7886,0.8579,,MEDIUM_CRUISE,按区域分级巡航,,-0.2785,0.1386,0,medium,0.0,,0.0,450,400,1
22.383,701.0,1104.0,1098.0,903.0,0.6997,0.9742,0.9005,0.7752,0.8378,,EDGE_AVOID,灰度趋势变暗，提前避让,front,-0.2745,0.1253,0,slow,0.0,,0.0,-550,-550,1
22.404,695.0,1102.0,1091.0,878.0,0.6409,0.9365,0.8519,0.7651,0.8085,,EDGE_AVOID,灰度趋势变暗，提前避让,front,-0.2956,0.0868,0,slow,0.0,,0.0,-550,-550,1
22.424,702.0,1094.0,1100.0,874.0,0.6409,0.9325,0.8519,0.6812,0.7666,,EDGE_AVOID,灰度趋势变暗，提前避让,front,-0.2917,0.1707,0,slow,0.0,,0.0,-550,-550,1
22.444,696.0,1083.0,1100.0,881.0,0.6254,0.9167,0.8568,0.6812,0.769,,EDGE_AVOID,灰度趋势变暗，提前避让,front,-0.2913,0.1756,0,slow,0.0,,0.0,-550,-550,1
22.464,691.0,1059.0,1096.0,892.0,0.6254,0.8948,0.8568,0.6913,0.774,,EDGE_AVOID,灰度趋势变暗，提前避让,front,-0.2695,0.1655,0,slow,0.0,,0.0,-550,-550,1
22.484,696.0,1051.0,1091.0,889.0,0.6254,0.8472,0.8471,0.7181,0.7826,,EDGE_AVOID,灰度趋势变暗，提前避让,front,-0.2218,0.129,0,slow,0.0,,0.0,-550,-550,1
22.504,694.0,1044.0,1082.0,881.0,0.6192,0.8313,0.835,0.7181,0.7747,,EDGE_AVOID,灰度趋势变暗，提前避让,front,-0.2122,0.1168,0,slow,0.0,,0.0,-550,-550,1
22.524,681.0,1053.0,1090.0,873.0,0.6192,0.8313,0.8325,0.6913,0.7613,,EDGE_AVOID,灰度趋势变暗，提前避让,front,-0.2122,0.1412,0,slow,0.0,,0.0,-550,-550,1
22.544,678.0,1057.0,1084.0,866.0,0.5789,0.8353,0.818,0.6644,0.7412,,EDGE_AVOID,灰度趋势变暗，提前避让,front,-0.2564,0.1535,0,slow,0.0,,0.0,-550,-550,1
22.564,678.0,1051.0,1069.0,856.0,0.5697,0.8353,0.818,0.6409,0.7295,,EDGE_AVOID,灰度趋势变暗，提前避让,front,-0.2657,0.177,0,slow,0.0,,0.0,-550,-550,1
22.585,679.0,1047.0,1065.0,854.0,0.5697,0.8313,0.7816,0.6074,0.6945,,EDGE_AVOID,灰度趋势变暗，提前避让,front,-0.2617,0.1742,0,slow,0.0,,0.0,-550,-550,1
22.605,678.0,1046.0,1066.0,853.0,0.5697,0.8234,0.7743,0.6007,0.6875,,EDGE_AVOID,灰度趋势变暗，提前避让,front,-0.2538,0.1736,0,slow,0.0,,0.0,-550,-550,1
22.625,677.0,1047.0,1066.0,853.0,0.5697,0.8234,0.7743,0.5973,0.6858,,EDGE_AVOID,灰度趋势变暗，提前避让,front,-0.2538,0.177,0,slow,0.0,,0.0,-550,-550,1
22.645,678.0,1048.0,1065.0,853.0,0.5697,0.8234,0.7743,0.5973,0.6858,,EDGE_AVOID,灰度趋势变暗，提前避让,front,-0.2538,0.177,0,slow,0.0,,0.0,-550,-550,1
22.665,678.0,1048.0,1065.0,853.0,0.5697,0.8254,0.7718,0.5973,0.6846,,EDGE_AVOID,灰度趋势变暗，提前避让,front,-0.2557,0.1745,0,slow,0.0,,0.0,-550,-550,1
22.685,675.0,1045.0,1061.0,849.0,0.5697,0.8254,0.7718,0.5973,0.6846,,EDGE_AVOID,灰度趋势变暗，提前避让,front,-0.2557,0.1745,0,slow,0.0,,0.0,-550,-550,1
22.705,679.0,1048.0,1066.0,854.0,0.5697,0.8254,0.7718,0.5973,0.6846,,EDGE_AVOID,灰度趋势变暗，提前避让,front,-0.2557,0.1745,0,slow,0.0,,0.0,-550,-550,1
22.725,677.0,1048.0,1065.0,853.0,0.5666,0.8254,0.7718,0.5973,0.6846,,EDGE_AVOID,灰度趋势变暗，提前避让,front,-0.2588,0.1745,0,slow,0.0,,0.0,-550,-550,1
22.745,677.0,1047.0,1064.0,852.0,0.5666,0.8254,0.7718,0.5973,0.6846,,EDGE_AVOID,灰度趋势变暗，提前避让,front,-0.2588,0.1745,0,slow,0.0,,0.0,-550,-550,1
22.766,677.0,1048.0,1065.0,853.0,0.5666,0.8254,0.7718,0.5973,0.6846,,EDGE_AVOID,灰度趋势变暗，提前避让,front,-0.2588,0.1745,0,slow,0.0,,0.0,-550,-550,1
22.786,678.0,1048.0,1065.0,853.0,0.5666,0.8254,0.7718,0.5973,0.6846,,EDGE_AVOID,灰度趋势变暗，提前避让,front,-0.2588,0.1745,0,slow,0.0,,0.0,-550,-550,1
22.806,676.0,1045.0,1061.0,852.0,0.5666,0.8254,0.7718,0.5973,0.6846,,EDGE_AVOID,灰度趋势变暗，提前避让,front,-0.2588,0.1745,0,slow,0.0,,0.0,-550,-550,1
22.826,676.0,1050.0,1062.0,854.0,0.5635,0.8254,0.7646,0.5973,0.6809,,EDGE_AVOID,灰度趋势变暗，提前避让,front,-0.2619,0.1672,0,slow,0.0,,0.0,-550,-550,1
22.846,676.0,1057.0,1075.0,864.0,0.5635,0.8294,0.7646,0.6007,0.6826,,EDGE_AVOID,灰度趋势变暗，提前避让,front,-0.2659,0.1639,0,slow,0.0,,0.0,-550,-550,1
22.866,674.0,1056.0,1088.0,868.0,0.5635,0.8413,0.7961,0.6342,0.7152,,EDGE_AVOID,灰度趋势变暗，提前避让,front,-0.2778,0.1619,0,slow,0.0,,0.0,-550,-550,1
22.886,679.0,1043.0,1079.0,875.0,0.5635,0.8413,0.8058,0.6477,0.7267,,EDGE_AVOID,灰度趋势变暗，提前避让,front,-0.2778,0.1582,0,slow,0.0,,0.0,-550,-550,1
22.906,694.0,1045.0,1078.0,884.0,0.5728,0.8194,0.8058,0.6711,0.7385,,EDGE_AVOID,灰度趋势变暗，提前避让,front,-0.2467,0.1347,0,slow,0.0,,0.0,-550,-550,1
22.926,690.0,1057.0,1089.0,894.0,0.6068,0.8194,0.8058,0.7013,0.7536,,EDGE_AVOID,灰度趋势变暗，提前避让,front,-0.2126,0.1045,0,slow,0.0,,0.0,-550,-550,1
22.947,689.0,1070.0,1097.0,890.0,0.6068,0.8433,0.8301,0.7215,0.7758,,EDGE_AVOID,灰度趋势变暗，提前避让,front,-0.2364,0.1086,0,slow,0.0,,0.0,-550,-550,1
22.967,696.0,1093.0,1095.0,879.0,0.6068,0.869,0.8447,0.7215,0.7831,,EDGE_AVOID,灰度趋势变暗，提前避让,front,-0.2622,0.1232,0,slow,0.0,,0.0,-550,-550,1
22.987,692.0,1096.0,1090.0,867.0,0.613,0.9147,0.8447,0.6846,0.7646,,EDGE_AVOID,灰度趋势变暗，提前避让,front,-0.3017,0.1601,0,slow,0.0,,0.0,-550,-550,1
23.007,688.0,1100.0,1075.0,896.0,0.613,0.9206,0.8325,0.6846,0.7585,,EDGE_AVOID,灰度趋势变暗，提前避让,front,-0.3076,0.148,0,slow,0.0,,0.0,-550,-550,1
23.027,703.0,1115.0,1089.0,907.0,0.613,0.9286,0.8301,0.7416,0.7859,,EDGE_AVOID,灰度趋势变暗，提前避让,front,-0.3156,0.0885,0,slow,0.0,,0.0,-550,-550,1
23.047,715.0,1123.0,1111.0,920.0,0.6471,0.9583,0.8301,0.7785,0.8043,,EDGE_AVOID,灰度趋势变暗，提前避让,front,-0.3113,0.0516,0,slow,0.0,,0.0,-550,-550,1
23.067,704.0,1137.0,1106.0,924.0,0.6502,0.9742,0.8714,0.8221,0.8468,,EDGE_AVOID,灰度趋势变暗，提前避让,front,-0.3241,0.0492,0,slow,0.0,,0.0,-550,-550,1
23.087,704.0,1137.0,1106.0,924.0,0.6502,1.002,0.8714,0.8356,0.8535,,EDGE_AVOID,避让滞回，未恢复不退出,front,-0.3518,0.0358,0,slow,0.0,,0.0,-550,-550,1
23.108,705.0,1153.0,1134.0,923.0,0.6502,1.002,0.8714,0.8356,0.8535,,EDGE_AVOID,避让滞回，未恢复不退出,front,-0.3518,0.0358,0,slow,0.0,,0.0,-550,-550,1
23.128,718.0,1162.0,1144.0,937.0,0.6533,1.0337,0.9393,0.8356,0.8874,,EDGE_AVOID,避让滞回，未恢复不退出,front,-0.3805,0.1037,0,slow,0.0,,0.0,-550,-550,1
23.148,730.0,1157.0,1146.0,937.0,0.6935,1.0417,0.9636,0.8792,0.9214,,EDGE_AVOID,避让滞回，未恢复不退出,front,-0.3482,0.0844,0,slow,0.0,,0.0,-550,-550,1
23.168,729.0,1168.0,1181.0,943.0,0.7276,1.0516,0.9684,0.8792,0.9238,,EDGE_AVOID,避让滞回，未恢复不退出,front,-0.324,0.0893,0,slow,0.0,,0.0,-550,-550,1
23.188,736.0,1190.0,1198.0,969.0,0.7307,1.0635,1.0534,0.8993,0.9764,,CRUISE,按区域分级巡航,,-0.3328,0.1541,0,fast,0.0,,0.0,500,400,1
23.208,752.0,1193.0,1206.0,970.0,0.7492,1.1071,1.0947,0.9866,1.0406,,CRUISE,按区域分级巡航,,-0.3579,0.1081,0,fast,0.0,,0.0,500,400,1
23.228,763.0,1200.0,1213.0,977.0,0.7988,1.1131,1.1141,0.9899,1.0515,,CRUISE,按区域分级巡航,,-0.3143,0.1241,0,fast,0.0,,0.0,500,400,1
23.248,772.0,1216.0,1208.0,979.0,0.8328,1.127,1.1189,1.0134,1.0662,,CRUISE,按区域分级巡航,,-0.2942,0.1055,0,fast,0.0,,0.0,500,400,1
23.268,781.0,1238.0,1229.0,997.0,0.8607,1.1587,1.1311,1.0201,1.0756,,CRUISE,按区域分级巡航,,-0.298,0.1109,0,fast,0.0,,0.0,500,400,1
23.289,789.0,1256.0,1236.0,1009.0,0.8885,1.2024,1.1699,1.0805,1.1252,,CRUISE,按区域分级巡航,,-0.3138,0.0894,0,fast,0.0,,0.0,500,400,1
23.309,805.0,1277.0,1251.0,1020.0,0.9133,1.2381,1.1869,1.1208,1.1538,,CRUISE,按区域分级巡航,,-0.3248,0.0661,0,fast,0.0,,0.0,500,400,1
23.329,810.0,1286.0,1259.0,1021.0,0.9628,1.2798,1.2233,1.1577,1.1905,,CRUISE,按区域分级巡航,,-0.3169,0.0656,0,fast,0.0,,0.0,500,400,1
23.349,814.0,1298.0,1280.0,1022.0,0.9783,1.2976,1.2427,1.1611,1.2019,,CRUISE,按区域分级巡航,,-0.3193,0.0816,0,fast,0.0,,0.0,500,400,1
23.369,816.0,1307.0,1289.0,1033.0,0.9907,1.3214,1.2937,1.1644,1.2291,,CRUISE,按区域分级巡航,,-0.3307,0.1293,0,fast,0.0,,0.0,500,400,1
23.389,825.0,1305.0,1284.0,1037.0,0.9969,1.3353,1.3034,1.2013,1.2524,,CRUISE,按区域分级巡航,,-0.3384,0.1021,0,fast,0.0,,0.0,500,400,1
23.409,835.0,1310.0,1287.0,1047.0,1.0248,1.3393,1.3107,1.2148,1.2627,,CRUISE,按区域分级巡航,,-0.3145,0.0959,0,fast,0.0,,0.0,500,400,1
23.429,837.0,1314.0,1299.0,1046.0,1.0557,1.3452,1.3107,1.245,1.2778,,CRUISE,按区域分级巡航,,-0.2895,0.0657,0,fast,0.0,,0.0,500,400,1
23.449,837.0,1321.0,1306.0,1038.0,1.0619,1.3532,1.3398,1.245,1.2924,,CRUISE,按区域分级巡航,,-0.2913,0.0948,0,fast,0.0,,0.0,500,400,1
23.47,839.0,1325.0,1307.0,1038.0,1.0619,1.3671,1.3568,1.2181,1.2875,,CRUISE,按区域分级巡航,,-0.3051,0.1387,0,fast,0.0,,0.0,500,400,1
23.49,839.0,1325.0,1307.0,1038.0,1.0681,1.375,1.3592,1.2181,1.2887,,CRUISE,按区域分级巡航,,-0.3069,0.1411,0,fast,0.0,,0.0,500,400,1
23.51,840.0,1324.0,1305.0,1043.0,1.0681,1.375,1.3592,1.2181,1.2887,,CRUISE,按区域分级巡航,,-0.3069,0.1411,0,fast,0.0,,0.0,500,400,1
23.53,844.0,1329.0,1310.0,1050.0,1.0712,1.375,1.3592,1.2349,1.2971,,CRUISE,按区域分级巡航,,-0.3038,0.1243,0,fast,0.0,,0.0,500,400,1
23.55,844.0,1327.0,1308.0,1049.0,1.0836,1.379,1.3617,1.255,1.3083,,CRUISE,按区域分级巡航,,-0.2954,0.1066,0,fast,0.0,,0.0,500,400,1
23.57,844.0,1329.0,1309.0,1050.0,1.0836,1.3829,1.3641,1.2584,1.3112,,CRUISE,按区域分级巡航,,-0.2993,0.1057,0,fast,0.0,,0.0,500,400,1
23.59,843.0,1326.0,1306.0,1048.0,1.0836,1.379,1.3617,1.255,1.3083,,CRUISE,按区域分级巡航,,-0.2954,0.1066,0,fast,0.0,,0.0,500,400,1
23.61,845.0,1328.0,1308.0,1047.0,1.0836,1.381,1.3617,1.2517,1.3067,,CRUISE,按区域分级巡航,,-0.2974,0.11,0,fast,0.0,,0.0,500,400,1
23.63,846.0,1330.0,1310.0,1051.0,1.0867,1.381,1.3617,1.2517,1.3067,,CRUISE,按区域分级巡航,,-0.2943,0.11,0,fast,0.0,,0.0,500,400,1
23.651,847.0,1332.0,1312.0,1050.0,1.0898,1.3849,1.3665,1.2584,1.3124,,CRUISE,按区域分级巡航,,-0.2951,0.1081,0,fast,0.0,,0.0,500,400,1
23.671,843.0,1327.0,1308.0,1045.0,1.0898,1.3849,1.3665,1.2584,1.3124,,CRUISE,按区域分级巡航,,-0.2951,0.1081,0,fast,0.0,,0.0,500,400,1
23.691,845.0,1329.0,1312.0,1042.0,1.0867,1.3829,1.3714,1.2416,1.3065,,CRUISE,按区域分级巡航,,-0.2962,0.1297,0,fast,0.0,,0.0,500,400,1
23.711,840.0,1321.0,1307.0,1034.0,1.0805,1.379,1.3617,1.2315,1.2966,,CRUISE,按区域分级巡航,,-0.2985,0.1301,0,fast,0.0,,0.0,500,400,1
23.731,838.0,1314.0,1305.0,1042.0,1.0712,1.3671,1.3592,1.2315,1.2954,,CRUISE,按区域分级巡航,,-0.2959,0.1277,0,fast,0.0,,0.0,500,400,1
23.751,843.0,1315.0,1300.0,1049.0,1.0712,1.3552,1.3544,1.2315,1.293,,CRUISE,按区域分级巡航,,-0.284,0.1228,0,fast,0.0,,0.0,500,400,1
23.771,839.0,1310.0,1291.0,1049.0,1.0681,1.3532,1.3422,1.255,1.2986,,CRUISE,按区域分级巡航,,-0.2851,0.0872,0,fast,0.0,,0.0,500,400,1
23.791,834.0,1307.0,1287.0,1042.0,1.0681,1.3452,1.3204,1.255,1.2877,,CRUISE,按区域分级巡航,,-0.2771,0.0654,0,fast,0.0,,0.0,500,400,1
23.811,825.0,1310.0,1288.0,1045.0,1.0526,1.3452,1.3131,1.2416,1.2774,,CRUISE,按区域分级巡航,,-0.2926,0.0715,0,fast,0.0,,0.0,500,400,1
23.832,816.0,1304.0,1292.0,1041.0,1.0248,1.3393,1.3131,1.2315,1.2723,,CRUISE,按区域分级巡航,,-0.3145,0.0816,0,fast,0.0,,0.0,500,400,1
23.852,816.0,1296.0,1282.0,1030.0,0.9969,1.3333,1.3131,1.2282,1.2706,,CRUISE,按区域分级巡航,,-0.3364,0.0849,0,fast,0.0,,0.0,500,400,1
23.872,814.0,1288.0,1267.0,1029.0,0.9969,1.3175,1.2985,1.1913,1.2449,,CRUISE,按区域分级巡航,,-0.3206,0.1073,0,fast,0.0,,0.0,500,400,1
23.892,810.0,1274.0,1264.0,1020.0,0.9907,1.3016,1.2621,1.1879,1.225,,CRUISE,按区域分级巡航,,-0.3109,0.0742,0,fast,0.0,,0.0,500,400,1
23.912,812.0,1277.0,1256.0,1015.0,0.9845,1.2798,1.2549,1.1577,1.2063,,CRUISE,按区域分级巡航,,-0.2952,0.0971,0,fast,0.0,,0.0,500,400,1
23.932,803.0,1266.0,1254.0,1012.0,0.9783,1.2738,1.2354,1.1409,1.1882,,CRUISE,按区域分级巡航,,-0.2955,0.0945,0,fast,0.0,,0.0,500,400,1
23.952,798.0,1262.0,1260.0,1005.0,0.9567,1.2579,1.2354,1.1309,1.1832,,CRUISE,按区域分级巡航,,-0.3013,0.1046,0,fast,0.0,,0.0,500,400,1
23.972,796.0,1246.0,1248.0,996.0,0.9412,1.25,1.2306,1.1074,1.169,,CRUISE,按区域分级巡航,,-0.3088,0.1232,0,fast,0.0,,0.0,500,400,1
23.992,787.0,1228.0,1226.0,989.0,0.935,1.2183,1.216,1.0772,1.1466,,CRUISE,按区域分级巡航,,-0.2833,0.1388,0,fast,0.0,,0.0,500,400,1
24.012,793.0,1221.0,1214.0,987.0,0.9257,1.1825,1.1626,1.0537,1.1082,,CRUISE,按区域分级巡航,,-0.2568,0.1089,0,fast,0.0,,0.0,500,400,1
24.032,798.0,1214.0,1224.0,981.0,0.9257,1.1687,1.1578,1.047,1.1024,,CRUISE,按区域分级巡航,,-0.243,0.1108,0,fast,0.0,,0.0,500,400,1
24.052,785.0,1206.0,1219.0,978.0,0.9257,1.1548,1.1456,1.0268,1.0862,,CRUISE,按区域分级巡航,,-0.2291,0.1188,0,fast,0.0,,0.0,500,400,1
24.073,787.0,1196.0,1214.0,972.0,0.9071,1.1389,1.1456,1.0168,1.0778,,CRUISE,按区域分级巡航,,-0.2318,0.1289,0,fast,0.0,,0.0,500,400,1
24.093,787.0,1196.0,1214.0,972.0,0.9071,1.119,1.1335,0.9966,1.0578,,CRUISE,按区域分级巡航,,-0.2119,0.1369,0,fast,0.0,,0.0,500,400,1
24.113,772.0,1191.0,1208.0,962.0,0.9071,1.119,1.1335,0.9966,1.0578,,CRUISE,按区域分级巡航,,-0.2119,0.1369,0,fast,0.0,,0.0,500,400,1
24.133,760.0,1187.0,1212.0,977.0,0.8607,1.1091,1.1286,0.9966,1.0529,,CRUISE,按区域分级巡航,,-0.2484,0.132,0,fast,0.0,,0.0,500,400,1
24.153,748.0,1166.0,1201.0,971.0,0.8235,1.1012,1.1189,0.9933,1.0472,,CRUISE,按区域分级巡航,,-0.2777,0.1256,0,fast,0.0,,0.0,500,400,1
24.173,756.0,1163.0,1186.0,965.0,0.8111,1.0595,1.1019,0.9933,1.0264,,CRUISE,按区域分级巡航,,-0.2484,0.1087,0,fast,0.0,,0.0,500,400,1
24.193,748.0,1149.0,1166.0,949.0,0.7864,1.0536,1.0655,0.9732,1.0134,,CRUISE,按区域分级巡航,,-0.2672,0.0924,0,fast,0.0,,0.0,500,400,1
24.213,739.0,1163.0,1164.0,960.0,0.7864,1.0536,1.017,0.9564,0.9867,,CRUISE,按区域分级巡航,,-0.2672,0.0606,0,fast,0.0,,0.0,500,400,1
24.233,741.0,1158.0,1156.0,934.0,0.7647,1.0437,1.0121,0.9195,0.9658,,CRUISE,按区域分级巡航,,-0.2789,0.0927,0,fast,0.0,,0.0,500,400,1
24.253,729.0,1143.0,1143.0,919.0,0.7585,1.0437,0.9927,0.8691,0.9309,,CRUISE,按区域分级巡航,,-0.2851,0.1236,0,fast,0.0,,0.0,500,400,1
24.273,715.0,1143.0,1130.0,910.0,0.7276,1.0139,0.9612,0.8188,0.89,,MEDIUM_CRUISE,按区域分级巡航,,-0.2863,0.1424,0,medium,0.0,,0.0,450,400,1
24.294,714.0,1131.0,1121.0,928.0,0.6842,1.0139,0.9296,0.8188,0.8742,,MEDIUM_CRUISE,按区域分级巡航,,-0.3297,0.1108,0,medium,0.0,,0.0,450,400,1
24.314,712.0,1131.0,1113.0,925.0,0.6811,0.9901,0.9078,0.8389,0.8733,,MEDIUM_CRUISE,按区域分级巡航,,-0.309,0.0688,0,medium,0.0,,0.0,450,400,1
24.334,704.0,1115.0,1115.0,937.0,0.6749,0.9901,0.8932,0.849,0.8711,,MEDIUM_CRUISE,按区域分级巡航,,-0.3152,0.0442,0,medium,0.0,,0.0,450,400,1
24.354,704.0,1108.0,1118.0,926.0,0.6502,0.9583,0.8932,0.8423,0.8677,,MEDIUM_CRUISE,按区域分级巡航,,-0.3082,0.0509,0,medium,0.0,,0.0,450,400,1
24.374,697.0,1109.0,1113.0,913.0,0.6502,0.9464,0.8932,0.8423,0.8677,,MEDIUM_CRUISE,按区域分级巡航,,-0.2963,0.0509,0,medium,0.0,,0.0,450,400,1
24.394,695.0,1101.0,1112.0,896.0,0.6285,0.9444,0.8883,0.7987,0.8435,,EDGE_AVOID,灰度趋势变暗，提前避让,front,-0.316,0.0897,0,slow,0.0,,0.0,-550,-550,1
24.414,688.0,1070.0,1100.0,896.0,0.6223,0.9306,0.8859,0.7416,0.8138,,EDGE_AVOID,灰度趋势变暗，提前避让,front,-0.3083,0.1443,0,slow,0.0,,0.0,-550,-550,1
24.434,676.0,1065.0,1080.0,881.0,0.6006,0.869,0.8568,0.7416,0.7992,,EDGE_AVOID,灰度趋势变暗，提前避让,front,-0.2684,0.1152,0,slow,0.0,,0.0,-550,-550,1
24.454,669.0,1060.0,1101.0,879.0,0.5635,0.8591,0.8568,0.6913,0.774,,EDGE_AVOID,灰度趋势变暗，提前避让,front,-0.2957,0.1655,0,slow,0.0,,0.0,-550,-550,1
24.474,660.0,1053.0,1074.0,868.0,0.5418,0.8492,0.8083,0.6846,0.7464,,EDGE_AVOID,灰度趋势变暗，提前避让,front,-0.3074,0.1237,0,slow,0.0,,0.0,-550,-550,1
24.494,651.0,1045.0,1059.0,857.0,0.5139,0.8353,0.7937,0.6477,0.7207,,EDGE_AVOID,灰度趋势变暗，提前避让,front,-0.3214,0.146,0,slow,0.0,,0.0,-550,-550,1
24.514,633.0,1033.0,1051.0,851.0,0.4861,0.8194,0.7573,0.6107,0.684,,EDGE_AVOID,灰度趋势变暗，提前避让,front,-0.3334,0.1465,0,slow,0.0,,0.0,-550,-550,1
24.534,628.0,1049.0,1048.0,861.0,0.4303,0.8194,0.7379,0.6107,0.6743,,EDGE_AVOID,灰度趋势变暗，提前避让,front,-0.3891,0.1271,0,slow,0.0,,0.0,-550,-550,1
24.554,626.0,1051.0,1042.0,870.0,0.4149,0.8274,0.7306,0.6242,0.6774,,EDGE_AVOID,灰度趋势变暗，提前避让,front,-0.4125,0.1064,0,slow,0.0,,0.0,-550,-550,1
24.575,626.0,1047.0,1044.0,874.0,0.4087,0.8274,0.7209,0.6544,0.6876,,EDGE_AVOID,灰度趋势变暗，提前避让,front,-0.4187,0.0665,0,slow,0.0,,0.0,-550,-550,1
24.595,628.0,1045.0,1052.0,875.0,0.4087,0.8234,0.7209,0.6678,0.6943,,EDGE_AVOID,灰度趋势变暗，提前避让,front,-0.4147,0.0531,0,slow,0.0,,0.0,-550,-550,1
24.615,628.0,1041.0,1053.0,872.0,0.4149,0.8194,0.7403,0.6678,0.704,,EDGE_AVOID,灰度趋势变暗，提前避让,front,-0.4046,0.0725,0,slow,0.0,,0.0,-550,-550,1
24.635,628.0,1038.0,1054.0,872.0,0.4149,0.8115,0.7427,0.6611,0.7019,,EDGE_AVOID,灰度趋势变暗，提前避让,front,-0.3966,0.0816,0,slow,0.0,,0.0,-550,-550,1
24.655,627.0,1040.0,1052.0,872.0,0.4149,0.8095,0.7427,0.6611,0.7019,,EDGE_AVOID,灰度趋势变暗，提前避让,front,-0.3947,0.0816,0,slow,0.0,,0.0,-550,-550,1
24.675,629.0,1043.0,1056.0,876.0,0.4149,0.8095,0.7451,0.6611,0.7031,,EDGE_AVOID,灰度趋势变暗，提前避让,front,-0.3947,0.0841,0,slow,0.0,,0.0,-550,-550,1
24.695,627.0,1040.0,1053.0,874.0,0.4118,0.8095,0.7427,0.6678,0.7053,,EDGE_AVOID,灰度趋势变暗，提前避让,front,-0.3978,0.0749,0,slow,0.0,,0.0,-550,-550,1
24.715,629.0,1045.0,1057.0,875.0,0.418,0.8155,0.75,0.6711,0.7106,,EDGE_AVOID,灰度趋势变暗，提前避让,front,-0.3975,0.0789,0,slow,0.0,,0.0,-550,-550,1
24.735,628.0,1043.0,1056.0,876.0,0.4149,0.8155,0.75,0.6711,0.7106,,EDGE_AVOID,灰度趋势变暗，提前避让,front,-0.4006,0.0789,0,slow,0.0,,0.0,-550,-550,1
24.755,627.0,1042.0,1054.0,875.0,0.4149,0.8155,0.75,0.6711,0.7106,,EDGE_AVOID,灰度趋势变暗，提前避让,front,-0.4006,0.0789,0,slow,0.0,,0.0,-550,-550,1
24.775,627.0,1043.0,1055.0,876.0,0.4118,0.8155,0.7476,0.6745,0.711,,EDGE_AVOID,灰度趋势变暗，提前避让,front,-0.4037,0.0731,0,slow,0.0,,0.0,-550,-550,1
24.795,627.0,1043.0,1055.0,876.0,0.4118,0.8155,0.7476,0.6745,0.711,,EDGE_AVOID,灰度趋势变暗，提前避让,front,-0.4037,0.0731,0,slow,0.0,,0.0,-550,-550,1
24.815,626.0,1044.0,1052.0,876.0,0.4118,0.8155,0.7476,0.6745,0.711,,EDGE_AVOID,灰度趋势变暗，提前避让,front,-0.4037,0.0731,0,slow,0.0,,0.0,-550,-550,1
24.836,626.0,1048.0,1049.0,877.0,0.4087,0.8175,0.7403,0.6745,0.7074,,EDGE_AVOID,灰度趋势变暗，提前避让,front,-0.4088,0.0658,0,slow,0.0,,0.0,-550,-550,1
24.856,625.0,1050.0,1041.0,875.0,0.4087,0.8254,0.733,0.6745,0.7038,,EDGE_AVOID,灰度趋势变暗，提前避让,front,-0.4167,0.0585,0,slow,0.0,,0.0,-550,-550,1
24.876,622.0,1052.0,1042.0,866.0,0.4056,0.8294,0.716,0.6711,0.6936,,EDGE_AVOID,灰度趋势变暗，提前避让,front,-0.4238,0.0449,0,slow,0.0,,0.0,-550,-550,1
24.896,620.0,1038.0,1042.0,855.0,0.3963,0.8294,0.716,0.6409,0.6785,,EDGE_AVOID,灰度趋势变暗，提前避让,front,-0.4331,0.0751,0,slow,0.0,,0.0,-550,-550,1
24.916,626.0,1038.0,1047.0,852.0,0.3963,0.8056,0.716,0.604,0.66,,EDGE_AVOID,灰度趋势变暗，提前避让,front,-0.4093,0.112,0,slow,0.0,,0.0,-550,-550,1
24.936,641.0,1046.0,1048.0,863.0,0.4087,0.8056,0.7282,0.604,0.6661,,EDGE_AVOID,灰度趋势变暗，提前避让,front,-0.3969,0.1241,0,slow,0.0,,0.0,-550,-550,1
24.956,651.0,1056.0,1072.0,876.0,0.4551,0.8214,0.7306,0.6309,0.6807,,EDGE_AVOID,灰度趋势变暗，提前避让,front,-0.3663,0.0997,0,slow,0.0,,0.0,-550,-550,1
24.976,660.0,1060.0,1087.0,883.0,0.4861,0.8413,0.7888,0.6745,0.7317,,EDGE_AVOID,灰度趋势变暗，提前避让,front,-0.3552,0.1143,0,slow,0.0,,0.0,-550,-550,1
24.996,664.0,1063.0,1073.0,890.0,0.5139,0.8492,0.7913,0.698,0.7446,,EDGE_AVOID,灰度趋势变暗，提前避让,front,-0.3353,0.0933,0,slow,0.0,,0.0,-550,-550,1
25.017,677.0,1093.0,1088.0,893.0,0.5263,0.8552,0.8252,0.7215,0.7734,,EDGE_AVOID,灰度趋势变暗，提前避让,front,-0.3288,0.1038,0,slow,0.0,,0.0,-550,-550,1
25.037,682.0,1101.0,1096.0,915.0,0.5666,0.9147,0.8277,0.7315,0.7796,,EDGE_AVOID,灰度趋势变暗，提前避让,front,-0.3481,0.0961,0,slow,0.0,,0.0,-550,-550,1
25.057,691.0,1098.0,1102.0,934.0,0.582,0.9246,0.8471,0.8054,0.8262,,EDGE_AVOID,灰度趋势变暗，提前避让,front,-0.3426,0.0417,0,slow,0.0,,0.0,-550,-550,1
25.077,696.0,1119.0,1099.0,925.0,0.6099,0.9306,0.8544,0.8389,0.8466,,EDGE_AVOID,灰度趋势变暗，提前避让,front,-0.3206,0.0154,0,slow,0.0,,0.0,-550,-550,1
25.097,699.0,1125.0,1102.0,925.0,0.6254,0.9663,0.8617,0.8389,0.8503,,EDGE_AVOID,避让滞回，未恢复不退出,front,-0.3409,0.0227,0,slow,0.0,,0.0,-550,-550,1
25.117,695.0,1138.0,1116.0,915.0,0.6254,0.9782,0.8617,0.8389,0.8503,,EDGE_AVOID,避让滞回，未恢复不退出,front,-0.3528,0.0227,0,slow,0.0,,0.0,-550,-550,1
25.137,716.0,1147.0,1129.0,921.0,0.6347,1.004,0.8956,0.8255,0.8606,,EDGE_AVOID,避让滞回，未恢复不退出,front,-0.3693,0.0701,0,slow,0.0,,0.0,-550,-550,1
25.157,719.0,1154.0,1142.0,942.0,0.6873,1.0218,0.9272,0.8255,0.8763,,EDGE_AVOID,避让滞回，未恢复不退出,front,-0.3345,0.1017,0,slow,0.0,,0.0,-550,-550,1
25.177,730.0,1153.0,1140.0,942.0,0.6966,1.0337,0.9539,0.896,0.9249,,EDGE_AVOID,避让滞回，未恢复不退出,front,-0.3371,0.0579,0,slow,0.0,,0.0,-550,-550,1
25.198,730.0,1153.0,1140.0,942.0,0.7307,1.0337,0.9539,0.896,0.9249,,EDGE_AVOID,避让滞回，未恢复不退出,front,-0.3031,0.0579,0,slow,0.0,,0.0,-550,-550,1
25.218,731.0,1169.0,1170.0,964.0,0.7307,1.0337,0.9539,0.896,0.9249,,EDGE_AVOID,避让滞回，未恢复不退出,front,-0.3031,0.0579,0,slow,0.0,,0.0,-550,-550,1
25.238,749.0,1188.0,1195.0,964.0,0.7337,1.0655,1.0267,0.9698,0.9982,,CRUISE,按区域分级巡航,,-0.3317,0.0569,0,fast,0.0,,0.0,500,400,1
25.258,758.0,1201.0,1206.0,976.0,0.7895,1.1032,1.0874,0.9698,1.0286,,CRUISE,按区域分级巡航,,-0.3137,0.1176,0,fast,0.0,,0.0,500,400,1
25.278,776.0,1209.0,1217.0,982.0,0.8173,1.129,1.1141,1.0101,1.0621,,CRUISE,按区域分级巡航,,-0.3116,0.104,0,fast,0.0,,0.0,500,400,1
25.298,780.0,1236.0,1218.0,998.0,0.8731,1.1448,1.1408,1.0302,1.0855,,CRUISE,按区域分级巡航,,-0.2718,0.1106,0,fast,0.0,,0.0,500,400,1
25.318,785.0,1250.0,1229.0,1013.0,0.8854,1.1984,1.1432,1.0839,1.1135,,CRUISE,按区域分级巡航,,-0.313,0.0593,0,fast,0.0,,0.0,500,400,1
25.338,795.0,1278.0,1244.0,1018.0,0.9009,1.2262,1.1699,1.1342,1.1521,,CRUISE,按区域分级巡航,,-0.3253,0.0357,0,fast,0.0,,0.0,500,400,1
25.358,806.0,1282.0,1257.0,1029.0,0.9319,1.2817,1.2063,1.151,1.1787,,CRUISE,按区域分级巡航,,-0.3499,0.0553,0,fast,0.0,,0.0,500,400,1
25.379,813.0,1302.0,1267.0,1027.0,0.9659,1.2897,1.2379,1.1812,1.2095,,CRUISE,按区域分级巡航,,-0.3237,0.0567,0,fast,0.0,,0.0,500,400,1
25.399,815.0,1315.0,1282.0,1042.0,0.9876,1.3294,1.2621,1.1879,1.225,,CRUISE,按区域分级巡航,,-0.3417,0.0742,0,fast,0.0,,0.0,500,400,1
25.419,824.0,1319.0,1288.0,1057.0,0.9938,1.3552,1.2985,1.2315,1.265,,CRUISE,按区域分级巡航,,-0.3614,0.067,0,fast,0.0,,0.0,500,400,1
25.439,837.0,1331.0,1288.0,1074.0,1.0217,1.3631,1.3131,1.2819,1.2975,,CRUISE,按区域分级巡航,,-0.3414,0.0312,0,fast,0.0,,0.0,500,400,1
25.459,837.0,1332.0,1290.0,1051.0,1.0619,1.3869,1.3131,1.2819,1.2975,,CRUISE,按区域分级巡航,,-0.325,0.0312,0,fast,0.0,,0.0,500,400,1
25.479,842.0,1342.0,1303.0,1051.0,1.0619,1.3889,1.318,1.2617,1.2899,,CRUISE,按区域分级巡航,,-0.327,0.0562,0,fast,0.0,,0.0,500,400,1
25.499,846.0,1345.0,1306.0,1056.0,1.0774,1.4087,1.3495,1.2617,1.3056,,CRUISE,按区域分级巡航,,-0.3313,0.0878,0,fast,0.0,,0.0,500,400,1
25.519,848.0,1341.0,1307.0,1057.0,1.0898,1.4087,1.3568,1.2785,1.3177,,CRUISE,按区域分级巡航,,-0.3189,0.0783,0,fast,0.0,,0.0,500,400,1
25.539,849.0,1340.0,1310.0,1061.0,1.096,1.4067,1.3592,1.2819,1.3206,,CRUISE,按区域分级巡航,,-0.3108,0.0773,0,fast,0.0,,0.0,500,400,1
25.559,849.0,1340.0,1312.0,1061.0,1.0991,1.4048,1.3665,1.2953,1.3309,,CRUISE,按区域分级巡航,,-0.3057,0.0712,0,fast,0.0,,0.0,500,400,1
25.58,846.0,1339.0,1308.0,1058.0,1.0991,1.4048,1.3665,1.2953,1.3309,,CRUISE,按区域分级巡航,,-0.3057,0.0712,0,fast,0.0,,0.0,500,400,1
25.6,846.0,1334.0,1307.0,1058.0,1.0898,1.4028,1.3617,1.2852,1.3234,,CRUISE,按区域分级巡航,,-0.313,0.0764,0,fast,0.0,,0.0,500,400,1
25.62,846.0,1334.0,1307.0,1058.0,1.0898,1.3929,1.3592,1.2852,1.3222,,CRUISE,按区域分级巡航,,-0.3031,0.074,0,fast,0.0,,0.0,500,400,1
25.64,849.0,1337.0,1310.0,1064.0,1.0898,1.3929,1.3592,1.2852,1.3222,,CRUISE,按区域分级巡航,,-0.3031,0.074,0,fast,0.0,,0.0,500,400,1
25.66,852.0,1339.0,1310.0,1069.0,1.0991,1.3988,1.3665,1.3054,1.3359,,CRUISE,按区域分级巡航,,-0.2997,0.0611,0,fast,0.0,,0.0,500,400,1
25.68,851.0,1339.0,1308.0,1068.0,1.1053,1.4028,1.3665,1.3188,1.3426,,CRUISE,按区域分级巡航,,-0.2975,0.0477,0,fast,0.0,,0.0,500,400,1
25.7,847.0,1333.0,1304.0,1064.0,1.1053,1.4028,1.3617,1.3188,1.3402,,CRUISE,按区域分级巡航,,-0.2975,0.0429,0,fast,0.0,,0.0,500,400,1
25.72,851.0,1339.0,1309.0,1067.0,1.1053,1.4028,1.3617,1.3154,1.3385,,CRUISE,按区域分级巡航,,-0.2975,0.0462,0,fast,0.0,,0.0,500,400,1
25.74,851.0,1341.0,1310.0,1065.0,1.1053,1.4028,1.3641,1.3087,1.3364,,CRUISE,按区域分级巡航,,-0.2975,0.0554,0,fast,0.0,,0.0,500,400,1
25.761,853.0,1346.0,1312.0,1063.0,1.1053,1.4067,1.3665,1.3087,1.3376,,CRUISE,按区域分级巡航,,-0.3015,0.0578,0,fast,0.0,,0.0,500,400,1
25.781,854.0,1349.0,1310.0,1062.0,1.1115,1.4167,1.3665,1.302,1.3343,,CRUISE,按区域分级巡航,,-0.3052,0.0645,0,fast,0.0,,0.0,500,400,1
25.801,850.0,1344.0,1306.0,1054.0,1.1115,1.4167,1.3665,1.2987,1.3326,,CRUISE,按区域分级巡航,,-0.3052,0.0678,0,fast,0.0,,0.0,500,400,1
25.821,847.0,1336.0,1299.0,1051.0,1.1022,1.4127,1.3568,1.2718,1.3143,,CRUISE,按区域分级巡航,,-0.3105,0.085,0,fast,0.0,,0.0,500,400,1
25.841,846.0,1335.0,1289.0,1056.0,1.0929,1.3968,1.3398,1.2718,1.3058,,CRUISE,按区域分级巡航,,-0.3039,0.068,0,fast,0.0,,0.0,500,400,1
25.861,847.0,1329.0,1294.0,1074.0,1.0929,1.3948,1.3277,1.2785,1.3031,,CRUISE,按区域分级巡航,,-0.302,0.0491,0,fast,0.0,,0.0,500,400,1
25.881,842.0,1323.0,1298.0,1074.0,1.0898,1.3829,1.3277,1.3389,1.3333,,CRUISE,按区域分级巡航,,-0.2932,-0.0113,0,fast,0.0,,0.0,500,400,1
25.901,832.0,1314.0,1295.0,1053.0,1.0774,1.371,1.3301,1.3389,1.3345,,CRUISE,按区域分级巡航,,-0.2936,-0.0088,0,fast,0.0,,0.0,500,400,1
25.921,823.0,1311.0,1277.0,1043.0,1.0464,1.3532,1.3301,1.2685,1.2993,,CRUISE,按区域分级巡航,,-0.3067,0.0616,0,fast,0.0,,0.0,500,400,1
25.942,823.0,1301.0,1270.0,1036.0,1.0186,1.3472,1.2864,1.2349,1.2607,,CRUISE,按区域分级巡航,,-0.3286,0.0515,0,fast,0.0,,0.0,500,400,1
25.962,820.0,1298.0,1266.0,1028.0,1.0186,1.3274,1.2694,1.2114,1.2404,,CRUISE,按区域分级巡航,,-0.3088,0.058,0,fast,0.0,,0.0,500,400,1
25.982,818.0,1283.0,1257.0,1032.0,1.0093,1.3214,1.2597,1.198,1.2288,,CRUISE,按区域分级巡航,,-0.3121,0.0617,0,fast,0.0,,0.0,500,400,1
26.002,815.0,1284.0,1253.0,1034.0,1.0031,1.2937,1.2379,1.198,1.2179,,CRUISE,按区域分级巡航,,-0.2906,0.0399,0,fast,0.0,,0.0,500,400,1
26.022,803.0,1264.0,1252.0,1020.0,0.9938,1.2917,1.2282,1.198,1.2131,,CRUISE,按区域分级巡航,,-0.2979,0.0302,0,fast,0.0,,0.0,500,400,1
26.042,797.0,1255.0,1244.0,1017.0,0.9567,1.254,1.2257,1.1577,1.1917,,CRUISE,按区域分级巡航,,-0.2973,0.068,0,fast,0.0,,0.0,500,400,1
26.062,797.0,1255.0,1244.0,1017.0,0.9381,1.2361,1.2063,1.1477,1.177,,CRUISE,按区域分级巡航,,-0.298,0.0587,0,fast,0.0,,0.0,500,400,1
26.082,791.0,1236.0,1233.0,1004.0,0.9381,1.2361,1.2063,1.1477,1.177,,CRUISE,按区域分级巡航,,-0.298,0.0587,0,fast,0.0,,0.0,500,400,1
26.102,783.0,1236.0,1232.0,1000.0,0.9195,1.1984,1.1796,1.104,1.1418,,CRUISE,按区域分级巡航,,-0.2789,0.0756,0,fast,0.0,,0.0,500,400,1
26.123,792.0,1218.0,1232.0,988.0,0.9195,1.1984,1.1772,1.0906,1.1339,,CRUISE,按区域分级巡航,,-0.2789,0.0866,0,fast,0.0,,0.0,500,400,1
26.143,788.0,1213.0,1217.0,982.0,0.9102,1.1627,1.1772,1.0503,1.1065,,CRUISE,按区域分级巡航,,-0.2525,0.1268,0,fast,0.0,,0.0,500,400,1
26.163,782.0,1204.0,1215.0,980.0,0.9102,1.1528,1.1408,1.0302,1.0855,,CRUISE,按区域分级巡航,,-0.2426,0.1106,0,fast,0.0,,0.0,500,400,1
26.183,766.0,1196.0,1212.0,969.0,0.8916,1.1349,1.1359,1.0235,1.0792,,CRUISE,按区域分级巡航,,-0.2433,0.1124,0,fast,0.0,,0.0,500,400,1
26.203,745.0,1189.0,1203.0,965.0,0.8421,1.119,1.1286,0.9866,1.0528,,CRUISE,按区域分级巡航,,-0.2769,0.1421,0,fast,0.0,,0.0,500,400,1
26.223,743.0,1168.0,1184.0,976.0,0.7771,1.1052,1.1068,0.9866,1.0459,,CRUISE,按区域分级巡航,,-0.3281,0.1202,0,fast,0.0,,0.0,500,400,1
26.243,746.0,1155.0,1164.0,961.0,0.7771,1.0635,1.0607,0.9732,1.0169,,CRUISE,按区域分级巡航,,-0.2864,0.0875,0,fast,0.0,,0.0,500,400,1
26.263,743.0,1150.0,1149.0,952.0,0.7709,1.0377,1.0121,0.9597,0.9859,,CRUISE,按区域分级巡航,,-0.2668,0.0524,0,fast,0.0,,0.0,500,400,1
26.283,729.0,1160.0,1146.0,954.0,0.7709,1.0377,0.9757,0.9362,0.956,,CRUISE,按区域分级巡航,,-0.2668,0.0395,0,fast,0.0,,0.0,500,400,1
26.303,726.0,1154.0,1144.0,944.0,0.7276,1.0357,0.9684,0.9295,0.949,,CRUISE,按区域分级巡航,,-0.3082,0.0389,0,fast,0.0,,0.0,500,400,1
26.324,718.0,1145.0,1131.0,926.0,0.7183,1.0357,0.9636,0.9027,0.9331,,CRUISE,按区域分级巡航,,-0.3174,0.0609,0,fast,0.0,,0.0,500,400,1
26.344,721.0,1136.0,1123.0,905.0,0.7028,1.0179,0.932,0.8423,0.8872,,MEDIUM_CRUISE,按区域分级巡航,,-0.3151,0.0898,0,medium,0.0,,0.0,450,400,1
26.364,717.0,1120.0,1120.0,908.0,0.6935,1.0,0.9126,0.7819,0.8473,,EDGE_AVOID,灰度趋势变暗，提前避让,front,-0.3065,0.1307,0,slow,0.0,,0.0,-550,-550,1
26.384,706.0,1115.0,1120.0,911.0,0.6904,0.9683,0.9053,0.7819,0.8436,,EDGE_AVOID,灰度趋势变暗，提前避让,front,-0.2779,0.1235,0,slow,0.0,,0.0,-550,-550,1
26.404,699.0,1107.0,1107.0,910.0,0.6563,0.9583,0.9053,0.7886,0.847,,EDGE_AVOID,灰度趋势变暗，提前避让,front,-0.302,0.1167,0,slow,0.0,,0.0,-550,-550,1
26.424,682.0,1110.0,1100.0,914.0,0.6347,0.9484,0.8738,0.7919,0.8329,,EDGE_AVOID,灰度趋势变暗，提前避让,front,-0.3137,0.0818,0,slow,0.0,,0.0,-550,-550,1
26.444,689.0,1098.0,1098.0,892.0,0.6037,0.9425,0.8568,0.7886,0.8227,,EDGE_AVOID,灰度趋势变暗，提前避让,front,-0.3387,0.0682,0,slow,0.0,,0.0,-550,-550,1
26.464,684.0,1082.0,1104.0,891.0,0.5882,0.9246,0.8568,0.7282,0.7925,,EDGE_AVOID,灰度趋势变暗，提前避让,front,-0.3364,0.1286,0,slow,0.0,,0.0,-550,-550,1
26.484,684.0,1082.0,1104.0,891.0,0.5882,0.8929,0.8665,0.7248,0.7957,,EDGE_AVOID,灰度趋势变暗，提前避让,front,-0.3046,0.1417,0,slow,0.0,,0.0,-550,-550,1
26.505,674.0,1063.0,1095.0,890.0,0.5882,0.8929,0.8665,0.7248,0.7957,,EDGE_AVOID,灰度趋势变暗，提前避让,front,-0.3046,0.1417,0,slow,0.0,,0.0,-550,-550,1
26.525,664.0,1057.0,1086.0,894.0,0.5573,0.8552,0.8447,0.7248,0.7847,,EDGE_AVOID,灰度趋势变暗，提前避让,front,-0.2979,0.1198,0,slow,0.0,,0.0,-550,-550,1
26.545,663.0,1059.0,1067.0,906.0,0.5263,0.8472,0.8228,0.7349,0.7789,,EDGE_AVOID,灰度趋势变暗，提前避让,front,-0.3209,0.0879,0,slow,0.0,,0.0,-550,-550,1
26.565,665.0,1062.0,1054.0,907.0,0.5263,0.8472,0.7767,0.7752,0.7759,,EDGE_AVOID,灰度趋势变暗，提前避让,front,-0.3209,0.0015,0,slow,0.0,,0.0,-550,-550,1
26.585,669.0,1065.0,1050.0,909.0,0.5294,0.8532,0.7451,0.7785,0.7618,,EDGE_AVOID,灰度趋势变暗，提前避让,front,-0.3238,-0.0334,0,slow,0.0,,0.0,-550,-550,1
26.605,670.0,1064.0,1046.0,908.0,0.5418,0.8571,0.7354,0.7819,0.7587,,EDGE_AVOID,灰度趋势变暗，提前避让,front,-0.3153,-0.0464,0,slow,0.0,,0.0,-550,-550,1
26.625,669.0,1066.0,1046.0,908.0,0.5418,0.8591,0.7257,0.7819,0.7538,,EDGE_AVOID,灰度趋势变暗，提前避让,front,-0.3173,-0.0562,0,slow,0.0,,0.0,-550,-550,1
26.645,670.0,1067.0,1047.0,908.0,0.5449,0.8611,0.7257,0.7819,0.7538,,EDGE_AVOID,灰度趋势变暗，提前避让,front,-0.3162,-0.0562,0,slow,0.0,,0.0,-550,-550,1
26.665,669.0,1066.0,1046.0,909.0,0.5418,0.8611,0.7257,0.7819,0.7538,,EDGE_AVOID,灰度趋势变暗，提前避让,front,-0.3193,-0.0562,0,slow,0.0,,0.0,-550,-550,1
26.685,668.0,1065.0,1045.0,908.0,0.5418,0.8611,0.7257,0.7819,0.7538,,EDGE_AVOID,灰度趋势变暗，提前避让,front,-0.3193,-0.0562,0,slow,0.0,,0.0,-550,-550,1
26.706,669.0,1066.0,1046.0,910.0,0.5418,0.8611,0.7257,0.7852,0.7555,,EDGE_AVOID,灰度趋势变暗，提前避让,front,-0.3193,-0.0595,0,slow,0.0,,0.0,-550,-550,1
26.726,668.0,1063.0,1042.0,907.0,0.5387,0.8591,0.7233,0.7819,0.7526,,EDGE_AVOID,灰度趋势变暗，提前避让,front,-0.3204,-0.0586,0,slow,0.0,,0.0,-550,-550,1
26.746,670.0,1066.0,1046.0,909.0,0.5418,0.8611,0.7257,0.7852,0.7555,,EDGE_AVOID,灰度趋势变暗，提前避让,front,-0.3193,-0.0595,0,slow,0.0,,0.0,-550,-550,1
26.766,670.0,1066.0,1046.0,910.0,0.5449,0.8611,0.7257,0.7852,0.7555,,EDGE_AVOID,灰度趋势变暗，提前避让,front,-0.3162,-0.0595,0,slow,0.0,,0.0,-550,-550,1
26.786,667.0,1064.0,1047.0,908.0,0.5449,0.8611,0.7257,0.7852,0.7555,,EDGE_AVOID,灰度趋势变暗，提前避让,front,-0.3162,-0.0595,0,slow,0.0,,0.0,-550,-550,1
26.806,665.0,1061.0,1051.0,909.0,0.5356,0.8571,0.7282,0.7852,0.7567,,EDGE_AVOID,灰度趋势变暗，提前避让,front,-0.3215,-0.0571,0,slow,0.0,,0.0,-550,-550,1
26.826,661.0,1060.0,1065.0,901.0,0.5294,0.8512,0.7379,0.7819,0.7599,,EDGE_AVOID,灰度趋势变暗，提前避让,front,-0.3218,-0.044,0,slow,0.0,,0.0,-550,-550,1
26.846,661.0,1056.0,1079.0,892.0,0.517,0.8492,0.7718,0.7584,0.7651,,EDGE_AVOID,灰度趋势变暗，提前避让,front,-0.3322,0.0135,0,slow,0.0,,0.0,-550,-550,1
26.867,667.0,1067.0,1085.0,891.0,0.517,0.8492,0.8058,0.7282,0.767,,EDGE_AVOID,灰度趋势变暗，提前避让,front,-0.3322,0.0776,0,slow,0.0,,0.0,-550,-550,1
26.887,678.0,1091.0,1097.0,896.0,0.5356,0.8631,0.8204,0.7282,0.7743,,EDGE_AVOID,灰度趋势变暗，提前避让,front,-0.3275,0.0922,0,slow,0.0,,0.0,-550,-550,1
26.907,678.0,1091.0,1097.0,896.0,0.5697,0.9107,0.8495,0.7416,0.7956,,EDGE_AVOID,灰度趋势变暗，提前避让,front,-0.3411,0.1079,0,slow,0.0,,0.0,-550,-550,1
26.927,679.0,1101.0,1082.0,902.0,0.5697,0.9107,0.8495,0.7416,0.7956,,EDGE_AVOID,灰度趋势变暗，提前避让,front,-0.3411,0.1079,0,slow,0.0,,0.0,-550,-550,1
26.947,677.0,1110.0,1090.0,921.0,0.5697,0.9306,0.8325,0.7617,0.7971,,EDGE_AVOID,灰度趋势变暗，提前避让,front,-0.3609,0.0708,0,slow,0.0,,0.0,-550,-550,1
26.967,688.0,1108.0,1092.0,914.0,0.5728,0.9444,0.8325,0.802,0.8173,,EDGE_AVOID,灰度趋势变暗，提前避让,front,-0.3717,0.0305,0,slow,0.0,,0.0,-550,-550,1
26.987,695.0,1123.0,1105.0,919.0,0.6006,0.9484,0.8374,0.8188,0.8281,,EDGE_AVOID,灰度趋势变暗，提前避让,front,-0.3478,0.0186,0,slow,0.0,,0.0,-550,-550,1
27.007,707.0,1130.0,1106.0,898.0,0.6223,0.9742,0.8689,0.802,0.8355,,EDGE_AVOID,灰度趋势变暗，提前避让,front,-0.3519,0.0669,0,slow,0.0,,0.0,-550,-550,1
27.028,703.0,1134.0,1113.0,905.0,0.6471,0.9881,0.8714,0.7718,0.8216,,EDGE_AVOID,灰度趋势变暗，提前避让,front,-0.341,0.0995,0,slow,0.0,,0.0,-550,-550,1
27.048,711.0,1146.0,1119.0,940.0,0.6594,0.996,0.8883,0.7718,0.8301,,EDGE_AVOID,灰度趋势变暗，提前避让,front,-0.3366,0.1165,0,slow,0.0,,0.0,-550,-550,1
27.068,715.0,1154.0,1134.0,947.0,0.6718,1.0198,0.9029,0.8893,0.8961,,EDGE_AVOID,避让滞回，未恢复不退出,front,-0.348,0.0137,0,slow,0.0,,0.0,-550,-550,1
27.088,730.0,1148.0,1143.0,957.0,0.6842,1.0238,0.9393,0.9128,0.926,,EDGE_AVOID,避让滞回，未恢复不退出,front,-0.3396,0.0266,0,slow,0.0,,0.0,-550,-550,1
27.108,732.0,1162.0,1158.0,969.0,0.7307,1.0357,0.9612,0.9463,0.9537,,CRUISE,按区域分级巡航,,-0.3051,0.0149,0,fast,0.0,,0.0,500,400,1
27.128,741.0,1184.0,1181.0,975.0,0.7368,1.0516,0.9976,0.9866,0.9921,,CRUISE,按区域分级巡航,,-0.3147,0.011,0,fast,0.0,,0.0,500,400,1
27.148,764.0,1201.0,1198.0,981.0,0.7647,1.0952,1.0534,1.0067,1.0301,,CRUISE,按区域分级巡航,,-0.3305,0.0467,0,fast,0.0,,0.0,500,400,1
27.168,773.0,1222.0,1214.0,988.0,0.8359,1.129,1.0947,1.0268,1.0608,,CRUISE,按区域分级巡航,,-0.2931,0.0678,0,fast,0.0,,0.0,500,400,1
27.188,784.0,1235.0,1224.0,1000.0,0.8638,1.1706,1.1335,1.0503,1.0919,,CRUISE,按区域分级巡航,,-0.3069,0.0832,0,fast,0.0,,0.0,500,400,1
27.209,786.0,1239.0,1222.0,1005.0,0.8978,1.1964,1.1529,1.0906,1.1218,,CRUISE,按区域分级巡航,,-0.2986,0.0623,0,fast,0.0,,0.0,500,400,1
27.229,793.0,1269.0,1237.0,1019.0,0.904,1.2044,1.1578,1.1074,1.1326,,CRUISE,按区域分级巡航,,-0.3003,0.0504,0,fast,0.0,,0.0,500,400,1
27.249,802.0,1288.0,1243.0,1034.0,0.9257,1.2639,1.1893,1.1544,1.1718,,CRUISE,按区域分级巡航,,-0.3382,0.035,0,fast,0.0,,0.0,500,400,1
27.269,812.0,1289.0,1253.0,1032.0,0.9536,1.3016,1.2039,1.198,1.2009,,CRUISE,按区域分级巡航,,-0.348,0.0059,0,fast,0.0,,0.0,500,400,1
27.289,814.0,1304.0,1259.0,1035.0,0.9845,1.3036,1.2282,1.2047,1.2164,,CRUISE,按区域分级巡航,,-0.3191,0.0235,0,fast,0.0,,0.0,500,400,1
27.309,814.0,1304.0,1259.0,1035.0,0.9907,1.3333,1.2427,1.2081,1.2254,,CRUISE,按区域分级巡航,,-0.3426,0.0347,0,fast,0.0,,0.0,500,400,1
27.329,820.0,1317.0,1281.0,1052.0,0.9907,1.3333,1.2427,1.2081,1.2254,,CRUISE,按区域分级巡航,,-0.3426,0.0347,0,fast,0.0,,0.0,500,400,1
27.349,818.0,1319.0,1283.0,1064.0,1.0031,1.3591,1.2961,1.2651,1.2806,,CRUISE,按区域分级巡航,,-0.356,0.031,0,fast,0.0,,0.0,500,400,1
27.369,818.0,1326.0,1282.0,1069.0,1.0031,1.3631,1.2985,1.3054,1.302,,CRUISE,按区域分级巡航,,-0.36,-0.0068,0,fast,0.0,,0.0,500,400,1
27.389,821.0,1328.0,1277.0,1077.0,1.0031,1.377,1.2985,1.3221,1.3103,,CRUISE,按区域分级巡航,,-0.3739,-0.0236,0,fast,0.0,,0.0,500,400,1
27.41,825.0,1331.0,1274.0,1072.0,1.0124,1.381,1.2864,1.3322,1.3093,,CRUISE,按区域分级巡航,,-0.3686,-0.0458,0,fast,0.0,,0.0,500,400,1
27.43,830.0,1334.0,1277.0,1077.0,1.0248,1.3869,1.2864,1.349,1.3177,,CRUISE,按区域分级巡航,,-0.3621,-0.0626,0,fast,0.0,,0.0,500,400,1
27.45,832.0,1333.0,1276.0,1078.0,1.0402,1.3909,1.284,1.349,1.3165,,CRUISE,按区域分级巡航,,-0.3506,-0.065,0,fast,0.0,,0.0,500,400,1
27.47,832.0,1333.0,1275.0,1078.0,1.0464,1.3909,1.284,1.3523,1.3182,,CRUISE,按区域分级巡航,,-0.3444,-0.0684,0,fast,0.0,,0.0,500,400,1
27.49,832.0,1332.0,1272.0,1079.0,1.0464,1.3909,1.2816,1.3523,1.317,,CRUISE,按区域分级巡航,,-0.3444,-0.0708,0,fast,0.0,,0.0,500,400,1
27.51,833.0,1331.0,1272.0,1083.0,1.0464,1.3889,1.2743,1.3557,1.315,,CRUISE,按区域分级巡航,,-0.3424,-0.0814,0,fast,0.0,,0.0,500,400,1
27.53,833.0,1332.0,1270.0,1081.0,1.0495,1.3889,1.2743,1.3624,1.3183,,CRUISE,按区域分级巡航,,-0.3394,-0.0881,0,fast,0.0,,0.0,500,400,1
27.55,835.0,1333.0,1274.0,1082.0,1.0495,1.3889,1.2743,1.3658,1.32,,CRUISE,按区域分级巡航,,-0.3394,-0.0915,0,fast,0.0,,0.0,500,400,1
27.571,834.0,1333.0,1274.0,1079.0,1.0526,1.3909,1.2791,1.3624,1.3208,,CRUISE,按区域分级巡航,,-0.3382,-0.0833,0,fast,0.0,,0.0,500,400,1
27.591,833.0,1336.0,1276.0,1082.0,1.0526,1.3909,1.2791,1.3658,1.3224,,CRUISE,按区域分级巡航,,-0.3382,-0.0866,0,fast,0.0,,0.0,500,400,1
27.611,831.0,1333.0,1277.0,1083.0,1.0495,1.3909,1.284,1.3658,1.3249,,CRUISE,按区域分级巡航,,-0.3413,-0.0818,0,fast,0.0,,0.0,500,400,1
27.631,828.0,1329.0,1280.0,1083.0,1.0433,1.3909,1.2864,1.3691,1.3278,,CRUISE,按区域分级巡航,,-0.3475,-0.0827,0,fast,0.0,,0.0,500,400,1
27.651,827.0,1327.0,1282.0,1076.0,1.0341,1.3829,1.2937,1.3691,1.3314,,CRUISE,按区域分级巡航,,-0.3489,-0.0754,0,fast,0.0,,0.0,500,400,1
27.671,828.0,1326.0,1287.0,1076.0,1.0341,1.379,1.2985,1.3456,1.3221,,CRUISE,按区域分级巡航,,-0.3449,-0.0471,0,fast,0.0,,0.0,500,400,1
27.691,830.0,1321.0,1288.0,1068.0,1.0341,1.377,1.3107,1.3456,1.3282,,CRUISE,按区域分级巡航,,-0.3429,-0.035,0,fast,0.0,,0.0,500,400,1
27.711,826.0,1312.0,1274.0,1048.0,1.0341,1.3671,1.3107,1.3188,1.3147,,CRUISE,按区域分级巡航,,-0.333,-0.0081,0,fast,0.0,,0.0,500,400,1
27.731,821.0,1298.0,1261.0,1035.0,1.0279,1.3492,1.2791,1.2517,1.2654,,CRUISE,按区域分级巡航,,-0.3213,0.0274,0,fast,0.0,,0.0,500,400,1
27.751,821.0,1298.0,1261.0,1035.0,1.0124,1.3214,1.2476,1.2081,1.2278,,CRUISE,按区域分级巡航,,-0.309,0.0395,0,fast,0.0,,0.0,500,400,1
27.772,819.0,1292.0,1262.0,1034.0,1.0124,1.3214,1.2476,1.2081,1.2278,,CRUISE,按区域分级巡航,,-0.309,0.0395,0,fast,0.0,,0.0,500,400,1
27.792,819.0,1289.0,1258.0,1036.0,1.0062,1.3095,1.2476,1.2081,1.2278,,CRUISE,按区域分级巡航,,-0.3033,0.0395,0,fast,0.0,,0.0,500,400,1
27.812,805.0,1281.0,1245.0,1038.0,1.0062,1.3036,1.2403,1.2114,1.2259,,CRUISE,按区域分级巡航,,-0.2974,0.0289,0,fast,0.0,,0.0,500,400,1
27.832,798.0,1271.0,1248.0,1025.0,0.9628,1.2877,1.216,1.2114,1.2137,,CRUISE,按区域分级巡航,,-0.3249,0.0046,0,fast,0.0,,0.0,500,400,1
27.852,796.0,1254.0,1233.0,1024.0,0.9412,1.2679,1.2087,1.1745,1.1916,,CRUISE,按区域分级巡航,,-0.3267,0.0342,0,fast,0.0,,0.0,500,400,1
27.872,789.0,1241.0,1235.0,1013.0,0.935,1.2341,1.1845,1.1711,1.1778,,CRUISE,按区域分级巡航,,-0.2991,0.0133,0,fast,0.0,,0.0,500,400,1
27.892,786.0,1236.0,1235.0,998.0,0.9133,1.2083,1.1845,1.1342,1.1593,,CRUISE,按区域分级巡航,,-0.295,0.0502,0,fast,0.0,,0.0,500,400,1
27.912,785.0,1222.0,1220.0,999.0,0.904,1.1984,1.1845,1.0872,1.1359,,CRUISE,按区域分级巡航,,-0.2944,0.0972,0,fast,0.0,,0.0,500,400,1
27.932,786.0,1216.0,1213.0,989.0,0.904,1.1706,1.1481,1.0839,1.116,,CRUISE,按区域分级巡航,,-0.2666,0.0642,0,fast,0.0,,0.0,500,400,1
27.953,779.0,1202.0,1205.0,984.0,0.9009,1.1587,1.1311,1.0537,1.0924,,CRUISE,按区域分级巡航,,-0.2578,0.0774,0,fast,0.0,,0.0,500,400,1
27.973,758.0,1192.0,1196.0,984.0,0.8824,1.131,1.1117,1.0369,1.0743,,CRUISE,按区域分级巡航,,-0.2486,0.0747,0,fast,0.0,,0.0,500,400,1
27.993,731.0,1184.0,1175.0,969.0,0.8173,1.1111,1.0898,1.0369,1.0634,,CRUISE,按区域分级巡航,,-0.2938,0.0529,0,fast,0.0,,0.0,500,400,1
28.013,738.0,1165.0,1166.0,964.0,0.7554,1.0952,1.0388,0.9866,1.0127,,CRUISE,按区域分级巡航,,-0.3398,0.0523,0,fast,0.0,,0.0,500,400,1
28.033,742.0,1162.0,1149.0,976.0,0.7554,1.0575,1.017,0.9866,1.0018,,CRUISE,按区域分级巡航,,-0.3021,0.0304,0,fast,0.0,,0.0,500,400,1
28.053,740.0,1149.0,1142.0,962.0,0.7616,1.0516,0.9757,0.9698,0.9728,,CRUISE,按区域分级巡航,,-0.29,0.0059,0,fast,0.0,,0.0,500,400,1
28.073,728.0,1160.0,1140.0,941.0,0.7616,1.0476,0.9587,0.9631,0.9609,,CRUISE,按区域分级巡航,,-0.286,-0.0043,0,fast,0.0,,0.0,500,400,1
28.093,721.0,1151.0,1130.0,949.0,0.7245,1.0298,0.9539,0.9195,0.9367,,CRUISE,按区域分级巡航,,-0.3053,0.0344,0,fast,0.0,,0.0,500,400,1
28.113,722.0,1139.0,1118.0,949.0,0.7059,1.0298,0.9296,0.9195,0.9245,,CRUISE,按区域分级巡航,,-0.3239,0.0101,0,fast,0.0,,0.0,500,400,1
28.134,707.0,1136.0,1111.0,942.0,0.7028,1.006,0.9005,0.9195,0.91,,CRUISE,按区域分级巡航,,-0.3032,-0.019,0,fast,0.0,,0.0,500,400,1
28.154,697.0,1128.0,1111.0,926.0,0.6594,1.0,0.8835,0.896,0.8897,,MEDIUM_CRUISE,按区域分级巡航,,-0.3406,-0.0125,0,medium,0.0,,0.0,450,400,1
28.174,697.0,1128.0,1111.0,926.0,0.6285,0.9841,0.8835,0.8423,0.8629,,MEDIUM_CRUISE,按区域分级巡航,,-0.3556,0.0412,0,medium,0.0,,0.0,450,400,1
28.194,692.0,1116.0,1101.0,904.0,0.6285,0.9841,0.8835,0.8423,0.8629,,MEDIUM_CRUISE,按区域分级巡航,,-0.3556,0.0412,0,medium,0.0,,0.0,450,400,1
28.214,690.0,1110.0,1099.0,894.0,0.613,0.9603,0.8592,0.7685,0.8138,,EDGE_AVOID,灰度趋势变暗，提前避让,front,-0.3473,0.0908,0,slow,0.0,,0.0,-550,-550,1
28.234,690.0,1109.0,1102.0,903.0,0.6068,0.9484,0.8592,0.7651,0.8122,,EDGE_AVOID,灰度趋势变暗，提前避让,front,-0.3416,0.0941,0,slow,0.0,,0.0,-550,-550,1
28.254,691.0,1083.0,1091.0,913.0,0.6068,0.9464,0.8544,0.7651,0.8097,,EDGE_AVOID,灰度趋势变暗，提前避让,front,-0.3396,0.0893,0,slow,0.0,,0.0,-550,-550,1
28.274,685.0,1049.0,1088.0,902.0,0.6068,0.8948,0.835,0.7651,0.8,,EDGE_AVOID,灰度趋势变暗，提前避让,front,-0.288,0.0699,0,slow,0.0,,0.0,-550,-550,1
28.294,672.0,1059.0,1067.0,899.0,0.5913,0.8472,0.8277,0.7617,0.7947,,EDGE_AVOID,灰度趋势变暗，提前避让,front,-0.2559,0.0659,0,slow,0.0,,0.0,-550,-550,1
28.315,667.0,1059.0,1053.0,896.0,0.5511,0.8472,0.7767,0.7517,0.7642,,EDGE_AVOID,灰度趋势变暗，提前避让,front,-0.2961,0.025,0,slow,0.0,,0.0,-550,-550,1
28.335,666.0,1056.0,1050.0,909.0,0.5356,0.8472,0.7427,0.7517,0.7472,,EDGE_AVOID,灰度趋势变暗，提前避让,front,-0.3116,-0.009,0,slow,0.0,,0.0,-550,-550,1
28.355,662.0,1056.0,1050.0,920.0,0.5325,0.8413,0.7354,0.7852,0.7603,,EDGE_AVOID,灰度趋势变暗，提前避让,front,-0.3088,-0.0498,0,slow,0.0,,0.0,-550,-550,1
28.375,658.0,1053.0,1036.0,916.0,0.5201,0.8413,0.7354,0.8087,0.7721,,EDGE_AVOID,灰度趋势变暗，提前避让,front,-0.3211,-0.0733,0,slow,0.0,,0.0,-550,-550,1
28.395,659.0,1044.0,1028.0,900.0,0.5108,0.8353,0.7015,0.8087,0.7551,,EDGE_AVOID,灰度趋势变暗，提前避让,front,-0.3245,-0.1073,0,slow,0.0,,0.0,-550,-550,1
28.415,663.0,1042.0,1027.0,901.0,0.5108,0.8175,0.682,0.7584,0.7202,,EDGE_AVOID,灰度趋势变暗，提前避让,front,-0.3066,-0.0764,0,slow,0.0,,0.0,-550,-550,1
28.435,660.0,1037.0,1022.0,901.0,0.5139,0.8135,0.6796,0.7584,0.719,,EDGE_AVOID,灰度趋势变暗，提前避让,front,-0.2996,-0.0788,0,slow,0.0,,0.0,-550,-550,1
28.455,661.0,1037.0,1022.0,901.0,0.517,0.8036,0.6675,0.7584,0.7129,,EDGE_AVOID,灰度趋势变暗，提前避让,front,-0.2865,-0.0909,0,slow,0.0,,0.0,-550,-550,1
28.475,661.0,1037.0,1024.0,899.0,0.517,0.8036,0.6675,0.7584,0.7129,,EDGE_AVOID,灰度趋势变暗，提前避让,front,-0.2865,-0.0909,0,slow,0.0,,0.0,-550,-550,1
28.496,663.0,1039.0,1024.0,900.0,0.517,0.8036,0.6723,0.755,0.7137,,EDGE_AVOID,灰度趋势变暗，提前避让,front,-0.2865,-0.0827,0,slow,0.0,,0.0,-550,-550,1
28.516,662.0,1040.0,1024.0,899.0,0.5201,0.8075,0.6723,0.7517,0.712,,EDGE_AVOID,灰度趋势变暗，提前避让,front,-0.2874,-0.0793,0,slow,0.0,,0.0,-550,-550,1
28.536,663.0,1042.0,1026.0,901.0,0.5232,0.8095,0.6723,0.755,0.7137,,EDGE_AVOID,灰度趋势变暗，提前避让,front,-0.2863,-0.0827,0,slow,0.0,,0.0,-550,-550,1
28.556,662.0,1040.0,1024.0,899.0,0.5201,0.8095,0.6723,0.7517,0.712,,EDGE_AVOID,灰度趋势变暗，提前避让,front,-0.2894,-0.0793,0,slow,0.0,,0.0,-550,-550,1
28.576,663.0,1042.0,1026.0,901.0,0.5232,0.8135,0.6772,0.7584,0.7178,,EDGE_AVOID,灰度趋势变暗，提前避让,front,-0.2903,-0.0812,0,slow,0.0,,0.0,-550,-550,1
28.596,662.0,1040.0,1024.0,899.0,0.5201,0.8095,0.6723,0.7517,0.712,,EDGE_AVOID,灰度趋势变暗，提前避让,front,-0.2894,-0.0793,0,slow,0.0,,0.0,-550,-550,1
28.616,661.0,1038.0,1021.0,894.0,0.5201,0.8095,0.6723,0.7517,0.712,,EDGE_AVOID,灰度趋势变暗，提前避让,front,-0.2894,-0.0793,0,slow,0.0,,0.0,-550,-550,1
28.636,660.0,1045.0,1021.0,893.0,0.517,0.8095,0.665,0.7349,0.7,,EDGE_AVOID,灰度趋势变暗，提前避让,front,-0.2925,-0.0699,0,slow,0.0,,0.0,-550,-550,1
28.656,656.0,1049.0,1024.0,907.0,0.5139,0.8194,0.665,0.7349,0.7,,EDGE_AVOID,灰度趋势变暗，提前避让,front,-0.3055,-0.0699,0,slow,0.0,,0.0,-550,-550,1
28.677,656.0,1049.0,1024.0,907.0,0.5015,0.8274,0.6723,0.7785,0.7254,,EDGE_AVOID,灰度趋势变暗，提前避让,front,-0.3258,-0.1062,0,slow,0.0,,0.0,-550,-550,1
28.697,656.0,1053.0,1031.0,914.0,0.5015,0.8274,0.6723,0.7785,0.7254,,EDGE_AVOID,灰度趋势变暗，提前避让,front,-0.3258,-0.1062,0,slow,0.0,,0.0,-550,-550,1
28.717,659.0,1054.0,1044.0,921.0,0.5015,0.8353,0.6893,0.802,0.7457,,EDGE_AVOID,灰度趋势变暗，提前避让,front,-0.3338,-0.1127,0,slow,0.0,,0.0,-550,-550,1
28.737,660.0,1057.0,1044.0,902.0,0.5108,0.8373,0.7209,0.802,0.7614,,EDGE_AVOID,灰度趋势变暗，提前避让,front,-0.3265,-0.0811,0,slow,0.0,,0.0,-550,-550,1
28.757,660.0,1058.0,1043.0,896.0,0.5139,0.8433,0.7209,0.7617,0.7413,,EDGE_AVOID,灰度趋势变暗，提前避让,front,-0.3293,-0.0409,0,slow,0.0,,0.0,-550,-550,1
28.777,663.0,1052.0,1052.0,899.0,0.5139,0.8433,0.7209,0.7517,0.7363,,EDGE_AVOID,灰度趋势变暗，提前避让,front,-0.3293,-0.0308,0,slow,0.0,,0.0,-550,-550,1
28.797,672.0,1053.0,1069.0,900.0,0.5232,0.8353,0.7403,0.7517,0.746,,EDGE_AVOID,灰度趋势变暗，提前避让,front,-0.3121,-0.0114,0,slow,0.0,,0.0,-550,-550,1
28.817,686.0,1089.0,1077.0,923.0,0.5511,0.8353,0.7816,0.755,0.7683,,EDGE_AVOID,灰度趋势变暗，提前避让,front,-0.2842,0.0265,0,slow,0.0,,0.0,-550,-550,1
28.837,682.0,1101.0,1085.0,890.0,0.582,0.9067,0.801,0.755,0.778,,EDGE_AVOID,灰度趋势变暗，提前避让,front,-0.3247,0.0459,0,slow,0.0,,0.0,-550,-550,1
28.857,680.0,1116.0,1092.0,891.0,0.582,0.9306,0.8204,0.7248,0.7726,,EDGE_AVOID,灰度趋势变暗，提前避让,front,-0.3485,0.0956,0,slow,0.0,,0.0,-550,-550,1
28.877,679.0,1109.0,1093.0,906.0,0.5759,0.9464,0.8374,0.7248,0.7811,,EDGE_AVOID,灰度趋势变暗，提前避让,front,-0.3706,0.1125,0,slow,0.0,,0.0,-550,-550,1
28.898,687.0,1131.0,1102.0,925.0,0.5759,0.9603,0.8398,0.7752,0.8075,,EDGE_AVOID,灰度趋势变暗，提前避让,front,-0.3845,0.0646,0,slow,0.0,,0.0,-550,-550,1
28.918,699.0,1136.0,1099.0,933.0,0.5975,0.9901,0.8544,0.8389,0.8466,,EDGE_AVOID,灰度趋势变暗，提前避让,front,-0.3926,0.0154,0,slow,0.0,,0.0,-550,-550,1
28.938,702.0,1149.0,1114.0,939.0,0.6347,1.0,0.8617,0.8658,0.8637,,EDGE_AVOID,避让滞回，未恢复不退出,front,-0.3653,-0.0041,0,slow,0.0,,0.0,-550,-550,1
28.958,720.0,1143.0,1126.0,953.0,0.644,1.0139,0.8908,0.8859,0.8883,,EDGE_AVOID,避让滞回，未恢复不退出,front,-0.3699,0.0049,0,slow,0.0,,0.0,-550,-550,1
28.978,726.0,1153.0,1132.0,966.0,0.6997,1.0258,0.9199,0.9329,0.9264,,EDGE_AVOID,避让滞回，未恢复不退出,front,-0.3261,-0.013,0,slow,0.0,,0.0,-550,-550,1
28.998,718.0,1177.0,1154.0,970.0,0.6997,1.0337,0.9345,0.9765,0.9555,,CRUISE,按区域分级巡航,,-0.334,-0.042,0,fast,0.0,,0.0,500,400,1
29.018,738.0,1190.0,1177.0,982.0,0.7183,1.0813,0.9879,0.9899,0.9889,,CRUISE,按区域分级巡航,,-0.3631,-0.0021,0,fast,0.0,,0.0,500,400,1
29.038,764.0,1220.0,1197.0,987.0,0.7554,1.1071,1.0437,1.0302,1.0369,,CRUISE,按区域分级巡航,,-0.3517,0.0135,0,fast,0.0,,0.0,500,400,1
29.058,778.0,1239.0,1213.0,1001.0,0.8359,1.1667,1.0922,1.047,1.0696,,CRUISE,按区域分级巡航,,-0.3308,0.0453,0,fast,0.0,,0.0,500,400,1
29.078,780.0,1251.0,1223.0,1014.0,0.8793,1.2044,1.1311,1.094,1.1125,,CRUISE,按区域分级巡航,,-0.3251,0.0371,0,fast,0.0,,0.0,500,400,1
29.098,786.0,1269.0,1224.0,1024.0,0.8854,1.2282,1.1553,1.1376,1.1465,,CRUISE,按区域分级巡航,,-0.3427,0.0178,0,fast,0.0,,0.0,500,400,1
29.118,798.0,1286.0,1237.0,1044.0,0.904,1.2639,1.1578,1.1711,1.1645,,CRUISE,按区域分级巡航,,-0.3599,-0.0134,0,fast,0.0,,0.0,500,400,1
29.139,810.0,1294.0,1246.0,1043.0,0.9412,1.2976,1.1893,1.2349,1.2121,,CRUISE,按区域分级巡航,,-0.3564,-0.0456,0,fast,0.0,,0.0,500,400,1
29.159,805.0,1308.0,1255.0,1050.0,0.9628,1.3135,1.2112,1.2383,1.2247,,CRUISE,按区域分级巡航,,-0.3506,-0.0271,0,fast,0.0,,0.0,500,400,1
29.179,816.0,1328.0,1270.0,1067.0,0.9783,1.3413,1.233,1.2584,1.2457,,CRUISE,按区域分级巡航,,-0.3629,-0.0254,0,fast,0.0,,0.0,500,400,1
29.199,816.0,1337.0,1292.0,1070.0,0.9969,1.381,1.2694,1.3154,1.2924,,CRUISE,按区域分级巡航,,-0.384,-0.046,0,fast,0.0,,0.0,500,400,1
29.219,824.0,1330.0,1296.0,1068.0,0.9969,1.3849,1.3228,1.3188,1.3208,,CRUISE,按区域分级巡航,,-0.388,0.004,0,fast,0.0,,0.0,500,400,1
29.239,834.0,1333.0,1299.0,1062.0,1.0217,1.3909,1.3325,1.3188,1.3257,,CRUISE,按区域分级巡航,,-0.3692,0.0137,0,fast,0.0,,0.0,500,400,1
29.259,835.0,1338.0,1299.0,1069.0,1.0526,1.3909,1.3398,1.3188,1.3293,,CRUISE,按区域分级巡航,,-0.3382,0.021,0,fast,0.0,,0.0,500,400,1
29.279,836.0,1346.0,1300.0,1075.0,1.0557,1.4008,1.3398,1.3221,1.331,,CRUISE,按区域分级巡航,,-0.3451,0.0177,0,fast,0.0,,0.0,500,400,1
29.299,838.0,1347.0,1298.0,1073.0,1.0588,1.4167,1.3398,1.3356,1.3377,,CRUISE,按区域分级巡航,,-0.3578,0.0042,0,fast,0.0,,0.0,500,400,1
29.319,840.0,1348.0,1300.0,1071.0,1.065,1.4187,1.3422,1.3356,1.3389,,CRUISE,按区域分级巡航,,-0.3536,0.0067,0,fast,0.0,,0.0,500,400,1
29.339,837.0,1340.0,1294.0,1067.0,1.065,1.4187,1.3374,1.3289,1.3331,,CRUISE,按区域分级巡航,,-0.3536,0.0085,0,fast,0.0,,0.0,500,400,1
29.359,841.0,1345.0,1298.0,1073.0,1.0712,1.4147,1.3374,1.3289,1.3331,,CRUISE,按区域分级巡航,,-0.3435,0.0085,0,fast,0.0,,0.0,500,400,1
29.38,843.0,1346.0,1297.0,1074.0,1.0743,1.4147,1.335,1.3356,1.3353,,CRUISE,按区域分级巡航,,-0.3404,-0.0006,0,fast,0.0,,0.0,500,400,1
29.4,841.0,1344.0,1294.0,1074.0,1.0743,1.4147,1.335,1.3389,1.3369,,CRUISE,按区域分级巡航,,-0.3404,-0.004,0,fast,0.0,,0.0,500,400,1
29.42,841.0,1344.0,1294.0,1074.0,1.0743,1.4127,1.3277,1.3389,1.3333,,CRUISE,按区域分级巡航,,-0.3384,-0.0113,0,fast,0.0,,0.0,500,400,1
29.44,842.0,1344.0,1294.0,1075.0,1.0743,1.4127,1.3277,1.3389,1.3333,,CRUISE,按区域分级巡航,,-0.3384,-0.0113,0,fast,0.0,,0.0,500,400,1
29.46,844.0,1348.0,1297.0,1074.0,1.0774,1.4127,1.3277,1.3389,1.3333,,CRUISE,按区域分级巡航,,-0.3353,-0.0113,0,fast,0.0,,0.0,500,400,1
29.48,841.0,1346.0,1295.0,1074.0,1.0774,1.4167,1.3301,1.3389,1.3345,,CRUISE,按区域分级巡航,,-0.3393,-0.0088,0,fast,0.0,,0.0,500,400,1
29.5,840.0,1346.0,1296.0,1074.0,1.0743,1.4167,1.3325,1.3389,1.3357,,CRUISE,按区域分级巡航,,-0.3424,-0.0064,0,fast,0.0,,0.0,500,400,1
29.52,841.0,1348.0,1300.0,1076.0,1.0743,1.4167,1.3325,1.3389,1.3357,,CRUISE,按区域分级巡航,,-0.3424,-0.0064,0,fast,0.0,,0.0,500,400,1
29.54,841.0,1342.0,1301.0,1073.0,1.0743,1.4167,1.3422,1.3389,1.3406,,CRUISE,按区域分级巡航,,-0.3424,0.0033,0,fast,0.0,,0.0,500,400,1
29.56,843.0,1336.0,1304.0,1066.0,1.0743,1.4087,1.3447,1.3356,1.3401,,CRUISE,按区域分级巡航,,-0.3344,0.0091,0,fast,0.0,,0.0,500,400,1
29.58,838.0,1329.0,1301.0,1066.0,1.0743,1.3968,1.3447,1.3121,1.3284,,CRUISE,按区域分级巡航,,-0.3225,0.0326,0,fast,0.0,,0.0,500,400,1
29.6,829.0,1330.0,1302.0,1067.0,1.065,1.3849,1.3471,1.3121,1.3296,,CRUISE,按区域分级巡航,,-0.3199,0.035,0,fast,0.0,,0.0,500,400,1
29.62,825.0,1336.0,1300.0,1074.0,1.0372,1.3849,1.3447,1.3154,1.33,,CRUISE,按区域分级巡航,,-0.3478,0.0292,0,fast,0.0,,0.0,500,400,1
29.641,829.0,1334.0,1283.0,1077.0,1.0372,1.3929,1.3422,1.3389,1.3406,,CRUISE,按区域分级巡航,,-0.3557,0.0033,0,fast,0.0,,0.0,500,400,1
29.661,829.0,1325.0,1268.0,1074.0,1.0372,1.3929,1.301,1.3389,1.3199,,CRUISE,按区域分级巡航,,-0.3557,-0.038,0,fast,0.0,,0.0,500,400,1
29.681,824.0,1310.0,1264.0,1065.0,1.0372,1.375,1.2646,1.3389,1.3017,,CRUISE,按区域分级巡航,,-0.3378,-0.0744,0,fast,0.0,,0.0,500,400,1
29.701,821.0,1294.0,1254.0,1042.0,1.0217,1.3452,1.2549,1.3087,1.2818,,CRUISE,按区域分级巡航,,-0.3236,-0.0539,0,fast,0.0,,0.0,500,400,1
29.721,814.0,1289.0,1242.0,1036.0,1.0124,1.3135,1.2306,1.2315,1.2311,,CRUISE,按区域分级巡航,,-0.3011,-0.001,0,fast,0.0,,0.0,500,400,1
29.741,801.0,1285.0,1245.0,1032.0,0.9907,1.3036,1.2087,1.2114,1.2101,,CRUISE,按区域分级巡航,,-0.3129,-0.0027,0,fast,0.0,,0.0,500,400,1
29.761,797.0,1275.0,1233.0,1036.0,0.9505,1.2956,1.2015,1.2114,1.2064,,CRUISE,按区域分级巡航,,-0.3452,-0.01,0,fast,0.0,,0.0,500,400,1
29.781,790.0,1243.0,1235.0,1018.0,0.9381,1.2758,1.1845,1.198,1.1912,,CRUISE,按区域分级巡航,,-0.3377,-0.0135,0,fast,0.0,,0.0,500,400,1
29.801,788.0,1252.0,1233.0,1012.0,0.9164,1.2302,1.1796,1.151,1.1653,,CRUISE,按区域分级巡航,,-0.3138,0.0286,0,fast,0.0,,0.0,500,400,1
29.821,782.0,1239.0,1217.0,1005.0,0.9102,1.2123,1.1796,1.1309,1.1552,,CRUISE,按区域分级巡航,,-0.3021,0.0487,0,fast,0.0,,0.0,500,400,1
29.841,781.0,1230.0,1212.0,998.0,0.8916,1.2044,1.1408,1.1074,1.1241,,CRUISE,按区域分级巡航,,-0.3127,0.0334,0,fast,0.0,,0.0,500,400,1
29.862,782.0,1218.0,1205.0,992.0,0.8916,1.1865,1.1286,1.0839,1.1063,,CRUISE,按区域分级巡航,,-0.2949,0.0447,0,fast,0.0,,0.0,500,400,1
29.882,771.0,1195.0,1188.0,982.0,0.8885,1.1627,1.1117,1.0638,1.0877,,CRUISE,按区域分级巡航,,-0.2742,0.0479,0,fast,0.0,,0.0,500,400,1
29.902,741.0,1185.0,1167.0,979.0,0.8576,1.1171,1.0704,1.0302,1.0503,,CRUISE,按区域分级巡航,,-0.2595,0.0402,0,fast,0.0,,0.0,500,400,1
29.922,742.0,1171.0,1156.0,971.0,0.7678,1.0972,1.0194,1.0201,1.0198,,CRUISE,按区域分级巡航,,-0.3294,-0.0007,0,fast,0.0,,0.0,500,400,1
29.942,739.0,1162.0,1141.0,966.0,0.7647,1.0694,0.9927,0.9933,0.993,,CRUISE,按区域分级巡航,,-0.3047,-0.0006,0,fast,0.0,,0.0,500,400,1
29.962,737.0,1155.0,1137.0,972.0,0.7585,1.0516,0.9563,0.9933,0.9748,,CRUISE,按区域分级巡航,,-0.2931,-0.037,0,fast,0.0,,0.0,500,400,1
29.982,723.0,1157.0,1134.0,960.0,0.7523,1.0417,0.9466,0.9765,0.9616,,CRUISE,按区域分级巡航,,-0.2893,-0.0299,0,fast,0.0,,0.0,500,400,1
30.003,723.0,1157.0,1134.0,960.0,0.709,1.0417,0.9393,0.9564,0.9478,,CRUISE,按区域分级巡航,,-0.3327,-0.0171,0,fast,0.0,,0.0,500,400,1
30.023,713.0,1156.0,1124.0,938.0,0.709,1.0417,0.9393,0.9564,0.9478,,CRUISE,按区域分级巡航,,-0.3327,-0.0171,0,fast,0.0,,0.0,500,400,1
30.043,716.0,1139.0,1112.0,946.0,0.6873,1.0397,0.915,0.9094,0.9122,,CRUISE,按区域分级巡航,,-0.3524,0.0057,0,fast,0.0,,0.0,500,400,1
30.063,703.0,1133.0,1120.0,949.0,0.678,1.006,0.9053,0.9094,0.9074,,CRUISE,按区域分级巡航,,-0.3279,-0.0041,0,fast,0.0,,0.0,500,400,1
30.083,692.0,1122.0,1110.0,956.0,0.6471,0.994,0.8859,0.9195,0.9027,,CRUISE,按区域分级巡航,,-0.347,-0.0335,0,fast,0.0,,0.0,500,400,1
30.103,692.0,1110.0,1101.0,933.0,0.613,0.9722,0.8811,0.9195,0.9003,,CRUISE,按区域分级巡航,,-0.3592,-0.0384,0,fast,0.0,,0.0,500,400,1
30.123,696.0,1109.0,1090.0,900.0,0.613,0.9484,0.8592,0.8658,0.8625,,MEDIUM_CRUISE,按区域分级巡航,,-0.3354,-0.0065,0,medium,0.0,,0.0,450,400,1
30.143,694.0,1109.0,1106.0,901.0,0.6192,0.9464,0.8592,0.7584,0.8088,,EDGE_AVOID,灰度趋势变暗，提前避让,front,-0.3272,0.1008,0,slow,0.0,,0.0,-550,-550,1
30.163,680.0,1093.0,1088.0,909.0,0.6192,0.9464,0.8325,0.7584,0.7955,,EDGE_AVOID,灰度趋势变暗，提前避让,front,-0.3272,0.0741,0,slow,0.0,,0.0,-550,-550,1
30.183,674.0,1051.0,1073.0,910.0,0.5759,0.9147,0.8277,0.7852,0.8065,,EDGE_AVOID,灰度趋势变暗，提前避让,front,-0.3388,0.0424,0,slow,0.0,,0.0,-550,-550,1
30.204,665.0,1052.0,1062.0,893.0,0.5573,0.8333,0.7913,0.7852,0.7882,,EDGE_AVOID,灰度趋势变暗，提前避让,front,-0.2761,0.006,0,slow,0.0,,0.0,-550,-550,1
30.224,663.0,1053.0,1064.0,899.0,0.5294,0.8333,0.7694,0.7517,0.7605,,EDGE_AVOID,灰度趋势变暗，提前避让,front,-0.3039,0.0177,0,slow,0.0,,0.0,-550,-550,1
30.244,655.0,1057.0,1057.0,905.0,0.5232,0.8353,0.7646,0.7517,0.7581,,EDGE_AVOID,灰度趋势变暗，提前避让,front,-0.3121,0.0129,0,slow,0.0,,0.0,-550,-550,1
30.264,643.0,1044.0,1050.0,910.0,0.4985,0.8353,0.7524,0.7718,0.7621,,EDGE_AVOID,灰度趋势变暗，提前避让,front,-0.3369,-0.0194,0,slow,0.0,,0.0,-550,-550,1
30.284,646.0,1029.0,1058.0,914.0,0.4706,0.8175,0.7524,0.7886,0.7705,,EDGE_AVOID,灰度趋势变暗，提前避让,front,-0.3469,-0.0362,0,slow,0.0,,0.0,-550,-550,1
30.304,655.0,1012.0,1061.0,910.0,0.4706,0.7877,0.7549,0.7886,0.7713,,EDGE_AVOID,灰度趋势变暗，提前避让,front,-0.3171,-0.0337,0,slow,0.0,,0.0,-550,-550,1
30.324,658.0,1007.0,1059.0,898.0,0.4985,0.754,0.7573,0.7886,0.7556,,EDGE_AVOID,灰度趋势变暗，提前避让,front,-0.2555,-0.0313,0,slow,0.0,,0.0,-550,-550,1
30.344,659.0,1005.0,1053.0,891.0,0.5077,0.744,0.7573,0.7483,0.7462,,EDGE_AVOID,灰度趋势变暗，提前避让,front,-0.2363,0.009,0,slow,0.0,,0.0,-550,-550,1
30.364,659.0,1006.0,1054.0,887.0,0.5108,0.7421,0.7451,0.7248,0.7334,,EDGE_AVOID,灰度趋势变暗，提前避让,front,-0.2312,0.0203,0,slow,0.0,,0.0,-550,-550,1
30.384,659.0,1006.0,1053.0,886.0,0.5108,0.7421,0.7427,0.7114,0.7267,,EDGE_AVOID,灰度趋势变暗，提前避让,front,-0.2312,0.0313,0,slow,0.0,,0.0,-550,-550,1
30.405,660.0,1008.0,1054.0,885.0,0.5108,0.7421,0.7451,0.7081,0.7251,,EDGE_AVOID,灰度趋势变暗，提前避让,front,-0.2312,0.0371,0,slow,0.0,,0.0,-550,-550,1
30.425,660.0,1008.0,1054.0,885.0,0.5139,0.746,0.7451,0.7047,0.7249,,EDGE_AVOID,灰度趋势变暗，提前避让,front,-0.2321,0.0404,0,slow,0.0,,0.0,-550,-550,1
30.445,659.0,1006.0,1051.0,884.0,0.5139,0.746,0.7451,0.7047,0.7249,,EDGE_AVOID,灰度趋势变暗，提前避让,front,-0.2321,0.0404,0,slow,0.0,,0.0,-550,-550,1
30.465,659.0,1006.0,1053.0,885.0,0.5108,0.7421,0.7427,0.7047,0.7234,,EDGE_AVOID,灰度趋势变暗，提前避让,front,-0.2312,0.038,0,slow,0.0,,0.0,-550,-550,1
30.485,661.0,1008.0,1056.0,886.0,0.5108,0.7421,0.7427,0.7047,0.7234,,EDGE_AVOID,灰度趋势变暗，提前避让,front,-0.2312,0.038,0,slow,0.0,,0.0,-550,-550,1
30.505,661.0,1008.0,1055.0,887.0,0.517,0.746,0.7476,0.7081,0.727,,EDGE_AVOID,灰度趋势变暗，提前避让,front,-0.229,0.0395,0,slow,0.0,,0.0,-550,-550,1
30.525,660.0,1005.0,1052.0,885.0,0.517,0.746,0.7476,0.7081,0.727,,EDGE_AVOID,灰度趋势变暗，提前避让,front,-0.229,0.0395,0,slow,0.0,,0.0,-550,-550,1
30.545,659.0,1004.0,1051.0,885.0,0.5139,0.7401,0.7403,0.7047,0.7224,,EDGE_AVOID,灰度趋势变暗，提前避让,front,-0.2261,0.0356,0,slow,0.0,,0.0,-550,-550,1
30.566,660.0,1005.0,1054.0,889.0,0.5139,0.7401,0.7403,0.7047,0.7224,,EDGE_AVOID,灰度趋势变暗，提前避让,front,-0.2261,0.0356,0,slow,0.0,,0.0,-550,-550,1
30.586,659.0,1004.0,1054.0,891.0,0.5108,0.7381,0.7451,0.7181,0.7281,,EDGE_AVOID,灰度趋势变暗，提前避让,front,-0.2273,0.027,0,slow,0.0,,0.0,-550,-550,1
30.606,658.0,1008.0,1060.0,904.0,0.5108,0.7401,0.7451,0.7248,0.7325,,EDGE_AVOID,灰度趋势变暗，提前避让,front,-0.2292,0.0203,0,slow,0.0,,0.0,-550,-550,1
30.626,656.0,1016.0,1060.0,914.0,0.5077,0.746,0.7597,0.7685,0.7529,,EDGE_AVOID,灰度趋势变暗，提前避让,front,-0.2383,-0.0087,0,slow,0.0,,0.0,-550,-550,1
30.646,644.0,1034.0,1053.0,914.0,0.5015,0.7619,0.7597,0.802,0.7608,,EDGE_AVOID,灰度趋势变暗，提前避让,front,-0.2604,-0.0423,0,slow,0.0,,0.0,-550,-550,1
30.666,639.0,1051.0,1045.0,907.0,0.4644,0.7976,0.7427,0.802,0.7702,,EDGE_AVOID,灰度趋势变暗，提前避让,front,-0.3332,-0.0593,0,slow,0.0,,0.0,-550,-550,1
30.686,649.0,1060.0,1051.0,904.0,0.4644,0.8313,0.7379,0.7785,0.7582,,EDGE_AVOID,灰度趋势变暗，提前避让,front,-0.367,-0.0407,0,slow,0.0,,0.0,-550,-550,1
30.706,656.0,1058.0,1054.0,897.0,0.4799,0.8452,0.7379,0.7685,0.7532,,EDGE_AVOID,灰度趋势变暗，提前避让,front,-0.3654,-0.0306,0,slow,0.0,,0.0,-550,-550,1
30.726,657.0,1041.0,1052.0,904.0,0.5015,0.8452,0.7403,0.7685,0.7544,,EDGE_AVOID,灰度趋势变暗，提前避让,front,-0.3437,-0.0282,0,slow,0.0,,0.0,-550,-550,1
30.746,661.0,1063.0,1052.0,914.0,0.5046,0.8452,0.7403,0.7685,0.7544,,EDGE_AVOID,灰度趋势变暗，提前避让,front,-0.3406,-0.0282,0,slow,0.0,,0.0,-550,-550,1
30.767,673.0,1094.0,1070.0,899.0,0.517,0.8552,0.7403,0.7685,0.7544,,EDGE_AVOID,灰度趋势变暗，提前避让,front,-0.3381,-0.0282,0,slow,0.0,,0.0,-550,-550,1
30.787,681.0,1099.0,1091.0,893.0,0.5542,0.9167,0.784,0.7517,0.7678,,EDGE_AVOID,灰度趋势变暗，提前避让,front,-0.3625,0.0323,0,slow,0.0,,0.0,-550,-550,1
30.807,678.0,1105.0,1080.0,924.0,0.5697,0.9266,0.8083,0.7517,0.78,,EDGE_AVOID,灰度趋势变暗，提前避让,front,-0.3569,0.0566,0,slow,0.0,,0.0,-550,-550,1
30.827,678.0,1105.0,1080.0,924.0,0.5697,0.9385,0.8083,0.8356,0.8219,,EDGE_AVOID,灰度趋势变暗，提前避让,front,-0.3688,-0.0273,0,slow,0.0,,0.0,-550,-550,1
30.847,675.0,1120.0,1092.0,948.0,0.5697,0.9385,0.8083,0.8356,0.8219,,EDGE_AVOID,灰度趋势变暗，提前避让,front,-0.3688,-0.0273,0,slow,0.0,,0.0,-550,-550,1
30.867,690.0,1132.0,1098.0,943.0,0.5697,0.9683,0.8374,0.8993,0.8684,,EDGE_AVOID,避让滞回，未恢复不退出,front,-0.3986,-0.062,0,slow,0.0,,0.0,-550,-550,1
30.887,696.0,1145.0,1101.0,937.0,0.6068,0.9921,0.8519,0.8993,0.8756,,EDGE_AVOID,避让滞回，未恢复不退出,front,-0.3853,-0.0474,0,slow,0.0,,0.0,-550,-550,1
30.907,706.0,1144.0,1115.0,963.0,0.6254,1.0159,0.8592,0.8993,0.8793,,EDGE_AVOID,避让滞回，未恢复不退出,front,-0.3905,-0.0401,0,slow,0.0,,0.0,-550,-550,1
30.927,724.0,1155.0,1131.0,961.0,0.6563,1.0179,0.8932,0.9597,0.9265,,EDGE_AVOID,避让滞回，未恢复不退出,front,-0.3615,-0.0665,0,slow,0.0,,0.0,-550,-550,1
30.948,722.0,1185.0,1149.0,983.0,0.7059,1.0377,0.932,0.9664,0.9492,,EDGE_AVOID,避让滞回，未恢复不退出,front,-0.3318,-0.0344,0,slow,0.0,,0.0,-550,-550,1
30.968,737.0,1204.0,1165.0,980.0,0.7121,1.0972,0.9757,1.0235,0.9996,,CRUISE,按区域分级巡航,,-0.3851,-0.0478,0,fast,0.0,,0.0,500,400,1
30.988,762.0,1216.0,1186.0,1008.0,0.7523,1.1349,1.0146,1.0336,1.0241,,CRUISE,按区域分级巡航,,-0.3826,-0.019,0,fast,0.0,,0.0,500,400,1
31.008,773.0,1228.0,1198.0,1006.0,0.8297,1.1587,1.0655,1.1107,1.0881,,CRUISE,按区域分级巡航,,-0.329,-0.0452,0,fast,0.0,,0.0,500,400,1
31.028,775.0,1240.0,1207.0,1017.0,0.8638,1.1825,1.0947,1.1174,1.1061,,CRUISE,按区域分级巡航,,-0.3188,-0.0228,0,fast,0.0,,0.0,500,400,1
31.048,787.0,1272.0,1219.0,1043.0,0.87,1.2063,1.1165,1.1477,1.1321,,CRUISE,按区域分级巡航,,-0.3364,-0.0311,0,fast,0.0,,0.0,500,400,1
31.068,800.0,1278.0,1215.0,1047.0,0.9071,1.2698,1.1359,1.2349,1.1854,,CRUISE,按区域分级巡航,,-0.3627,-0.099,0,fast,0.0,,0.0,500,400,1
31.088,803.0,1216.0,1171.0,1055.0,0.9474,1.2698,1.1359,1.2483,1.1921,,CRUISE,按区域分级巡航,,-0.3225,-0.1124,0,fast,0.0,,0.0,500,400,1
31.108,777.0,1191.0,1112.0,1059.0,0.9474,1.1587,1.0291,1.2752,1.0939,,CRUISE,按区域分级巡航,,-0.2114,-0.246,0,fast,0.0,,0.0,500,400,1
31.129,777.0,1211.0,1103.0,1079.0,0.8762,1.1488,0.8859,1.2886,1.0174,,CRUISE,按区域分级巡航,,-0.2726,-0.4027,0,fast,0.0,,0.0,500,400,1
31.149,813.0,1264.0,1170.0,1086.0,0.8762,1.1488,0.8859,1.3557,1.0174,,CRUISE,按区域分级巡航,,-0.2726,-0.4698,0,fast,0.0,,0.0,500,400,1
31.169,821.0,1277.0,1188.0,1083.0,0.9876,1.254,1.0267,1.3691,1.1403,,CRUISE,按区域分级巡航,,-0.2664,-0.3424,0,fast,0.0,,0.0,500,400,1
31.189,820.0,1270.0,1197.0,1073.0,1.0093,1.2659,1.0704,1.3691,1.1681,,CRUISE,按区域分级巡航,,-0.2566,-0.2987,0,fast,0.0,,0.0,500,400,1
31.209,830.0,1318.0,1240.0,1090.0,1.0124,1.2798,1.0922,1.3691,1.186,,CRUISE,按区域分级巡航,,-0.2674,-0.2769,0,fast,0.0,,0.0,500,400,1
31.229,825.0,1327.0,1264.0,1068.0,1.0248,1.3611,1.1966,1.3356,1.2661,,CRUISE,按区域分级巡航,,-0.3363,-0.139,0,fast,0.0,,0.0,500,400,1
31.249,825.0,1327.0,1264.0,1068.0,1.0248,1.379,1.2549,1.3188,1.2868,,CRUISE,按区域分级巡航,,-0.3542,-0.0639,0,fast,0.0,,0.0,500,400,1
31.269,829.0,1330.0,1269.0,1070.0,1.0248,1.379,1.2549,1.3188,1.2868,,CRUISE,按区域分级巡航,,-0.3542,-0.0639,0,fast,0.0,,0.0,500,400,1
31.289,837.0,1326.0,1261.0,1084.0,1.0372,1.379,1.2549,1.3255,1.2902,,CRUISE,按区域分级巡航,,-0.3418,-0.0706,0,fast,0.0,,0.0,500,400,1
31.309,839.0,1320.0,1253.0,1090.0,1.0619,1.377,1.2476,1.3725,1.31,,CRUISE,按区域分级巡航,,-0.3151,-0.1249,0,fast,0.0,,0.0,500,400,1
31.33,836.0,1318.0,1248.0,1085.0,1.0619,1.3651,1.2282,1.3758,1.2966,,CRUISE,按区域分级巡航,,-0.3032,-0.1477,0,fast,0.0,,0.0,500,400,1
31.35,837.0,1323.0,1255.0,1086.0,1.0619,1.3651,1.2282,1.3792,1.2966,,CRUISE,按区域分级巡航,,-0.3032,-0.151,0,fast,0.0,,0.0,500,400,1
31.37,840.0,1327.0,1259.0,1089.0,1.0619,1.371,1.233,1.3792,1.302,,CRUISE,按区域分级巡航,,-0.3091,-0.1462,0,fast,0.0,,0.0,500,400,1
31.39,839.0,1326.0,1258.0,1089.0,1.0681,1.377,1.2403,1.3893,1.3086,,CRUISE,按区域分级巡航,,-0.3089,-0.149,0,fast,0.0,,0.0,500,400,1
31.41,841.0,1328.0,1260.0,1090.0,1.0712,1.379,1.2427,1.3893,1.3108,,CRUISE,按区域分级巡航,,-0.3078,-0.1465,0,fast,0.0,,0.0,500,400,1
31.43,839.0,1327.0,1259.0,1089.0,1.0681,1.379,1.2427,1.3893,1.3108,,CRUISE,按区域分级巡航,,-0.3109,-0.1465,0,fast,0.0,,0.0,500,400,1
31.45,839.0,1329.0,1262.0,1087.0,1.0681,1.381,1.2451,1.3893,1.313,,CRUISE,按区域分级巡航,,-0.3128,-0.1441,0,fast,0.0,,0.0,500,400,1
31.47,836.0,1329.0,1265.0,1087.0,1.0681,1.3829,1.25,1.3826,1.3163,,CRUISE,按区域分级巡航,,-0.3148,-0.1326,0,fast,0.0,,0.0,500,400,1
31.49,833.0,1331.0,1262.0,1080.0,1.0588,1.3829,1.25,1.3826,1.3163,,CRUISE,按区域分级巡航,,-0.3241,-0.1326,0,fast,0.0,,0.0,500,400,1
31.51,832.0,1329.0,1253.0,1071.0,1.0495,1.3829,1.25,1.3591,1.3045,,CRUISE,按区域分级巡航,,-0.3334,-0.1091,0,fast,0.0,,0.0,500,400,1
31.531,833.0,1320.0,1239.0,1073.0,1.0495,1.3829,1.2282,1.3356,1.2819,,CRUISE,按区域分级巡航,,-0.3334,-0.1074,0,fast,0.0,,0.0,500,400,1
31.551,835.0,1308.0,1228.0,1085.0,1.0495,1.3651,1.1942,1.3356,1.2649,,CRUISE,按区域分级巡航,,-0.3155,-0.1414,0,fast,0.0,,0.0,500,400,1
31.571,835.0,1294.0,1219.0,1091.0,1.0557,1.3413,1.1675,1.3758,1.2544,,CRUISE,按区域分级巡航,,-0.2855,-0.2084,0,fast,0.0,,0.0,500,400,1
31.591,833.0,1277.0,1216.0,1080.0,1.0557,1.3135,1.1456,1.3758,1.2296,,CRUISE,按区域分级巡航,,-0.2578,-0.2302,0,fast,0.0,,0.0,500,400,1
31.611,833.0,1276.0,1218.0,1075.0,1.0495,1.2798,1.1432,1.3591,1.2115,,CRUISE,按区域分级巡航,,-0.2302,-0.2159,0,fast,0.0,,0.0,500,400,1
31.631,828.0,1265.0,1217.0,1065.0,1.0495,1.2778,1.1408,1.3423,1.2093,,CRUISE,按区域分级巡航,,-0.2282,-0.2015,0,fast,0.0,,0.0,500,400,1
31.651,819.0,1261.0,1223.0,1056.0,1.0341,1.256,1.1432,1.3087,1.1996,,CRUISE,按区域分级巡航,,-0.2219,-0.1655,0,fast,0.0,,0.0,500,400,1
31.671,813.0,1250.0,1217.0,1056.0,1.0062,1.248,1.1408,1.2785,1.1944,,CRUISE,按区域分级巡航,,-0.2418,-0.1377,0,fast,0.0,,0.0,500,400,1
31.691,813.0,1250.0,1217.0,1056.0,0.9876,1.2262,1.1408,1.2785,1.1835,,CRUISE,按区域分级巡航,,-0.2386,-0.1377,0,fast,0.0,,0.0,500,400,1
31.711,812.0,1235.0,1214.0,1047.0,0.9876,1.2262,1.1408,1.2785,1.1835,,CRUISE,按区域分级巡航,,-0.2386,-0.1377,0,fast,0.0,,0.0,500,400,1
31.732,814.0,1220.0,1206.0,1047.0,0.9876,1.1964,1.1335,1.2483,1.165,,CRUISE,按区域分级巡航,,-0.2088,-0.1148,0,fast,0.0,,0.0,500,400,1
31.752,808.0,1217.0,1197.0,1040.0,0.9845,1.1667,1.1141,1.2483,1.1404,,CRUISE,按区域分级巡航,,-0.1821,-0.1342,0,fast,0.0,,0.0,500,400,1
31.772,806.0,1209.0,1184.0,1025.0,0.9721,1.1607,1.0922,1.2248,1.1265,,CRUISE,按区域分级巡航,,-0.1886,-0.1326,0,fast,0.0,,0.0,500,400,1
31.792,797.0,1203.0,1168.0,1016.0,0.9659,1.1448,1.0607,1.1745,1.1028,,CRUISE,按区域分级巡航,,-0.1789,-0.1138,0,fast,0.0,,0.0,500,400,1
31.812,786.0,1192.0,1154.0,1008.0,0.9381,1.1329,1.0218,1.1443,1.0774,,CRUISE,按区域分级巡航,,-0.1949,-0.1225,0,fast,0.0,,0.0,500,400,1
31.832,776.0,1186.0,1150.0,1003.0,0.904,1.1111,0.9879,1.1174,1.0495,,CRUISE,按区域分级巡航,,-0.2071,-0.1296,0,fast,0.0,,0.0,500,400,1
31.852,759.0,1177.0,1140.0,1001.0,0.8731,1.0992,0.9782,1.1007,1.0387,,CRUISE,按区域分级巡航,,-0.2261,-0.1225,0,fast,0.0,,0.0,500,400,1
31.872,758.0,1145.0,1137.0,997.0,0.8204,1.0813,0.9539,1.094,1.0176,,CRUISE,按区域分级巡航,,-0.2609,-0.1401,0,fast,0.0,,0.0,500,400,1
31.892,753.0,1137.0,1134.0,982.0,0.8173,1.0179,0.9466,1.0805,0.9822,,CRUISE,按区域分级巡航,,-0.2005,-0.1339,0,fast,0.0,,0.0,500,400,1
31.912,742.0,1128.0,1130.0,972.0,0.8019,1.002,0.9393,1.0302,0.9707,,CRUISE,按区域分级巡航,,-0.2001,-0.0909,0,fast,0.0,,0.0,500,400,1
31.933,737.0,1129.0,1103.0,956.0,0.7678,0.9861,0.9296,0.9966,0.9579,,CRUISE,按区域分级巡航,,-0.2183,-0.067,0,fast,0.0,,0.0,500,400,1
31.953,731.0,1118.0,1089.0,953.0,0.7523,0.9841,0.8641,0.943,0.9035,,CRUISE,按区域分级巡航,,-0.2318,-0.0789,0,fast,0.0,,0.0,500,400,1
31.973,721.0,1104.0,1085.0,949.0,0.7337,0.9643,0.8301,0.9329,0.8815,,MEDIUM_CRUISE,按区域分级巡航,,-0.2305,-0.1028,0,medium,0.0,,0.0,450,400,1
31.993,718.0,1097.0,1083.0,938.0,0.7028,0.9365,0.8204,0.9195,0.8699,,MEDIUM_CRUISE,按区域分级巡航,,-0.2337,-0.0991,0,medium,0.0,,0.0,450,400,1
32.013,689.0,1097.0,1074.0,938.0,0.6935,0.9226,0.8155,0.8826,0.849,,EDGE_AVOID,灰度趋势变暗，提前避让,front,-0.2291,-0.067,0,slow,0.0,,0.0,-550,-550,1
32.033,678.0,1081.0,1065.0,939.0,0.6037,0.9226,0.7937,0.8826,0.8381,,EDGE_AVOID,灰度趋势变暗，提前避让,front,-0.3189,-0.0889,0,slow,0.0,,0.0,-550,-550,1
32.053,689.0,1070.0,1078.0,942.0,0.6037,0.8909,0.7937,0.8859,0.8398,,EDGE_AVOID,灰度趋势变暗，提前避让,front,-0.2872,-0.0922,0,slow,0.0,,0.0,-550,-550,1
32.073,692.0,1054.0,1058.0,926.0,0.6037,0.869,0.7718,0.8859,0.8204,,EDGE_AVOID,灰度趋势变暗，提前避让,front,-0.2653,-0.1141,0,slow,0.0,,0.0,-550,-550,1
32.094,694.0,1047.0,1043.0,906.0,0.613,0.8373,0.7549,0.8423,0.7961,,EDGE_AVOID,灰度趋势变暗，提前避让,front,-0.2243,-0.0874,0,slow,0.0,,0.0,-550,-550,1
32.114,694.0,1047.0,1043.0,906.0,0.6192,0.8234,0.7184,0.7752,0.7468,,EDGE_AVOID,灰度趋势变暗，提前避让,front,-0.2042,-0.0567,0,slow,0.0,,0.0,-550,-550,1
32.134,690.0,1041.0,1049.0,902.0,0.6192,0.8234,0.7184,0.7752,0.7468,,EDGE_AVOID,灰度趋势变暗，提前避让,front,-0.2042,-0.0567,0,slow,0.0,,0.0,-550,-550,1
32.154,680.0,1028.0,1059.0,907.0,0.6068,0.8115,0.733,0.7752,0.7541,,EDGE_AVOID,灰度趋势变暗，提前避让,front,-0.2047,-0.0422,0,slow,0.0,,0.0,-550,-550,1
32.174,674.0,1016.0,1055.0,905.0,0.5759,0.7857,0.7476,0.7718,0.7597,,EDGE_AVOID,灰度趋势变暗，提前避让,front,-0.2099,-0.0242,0,slow,0.0,,0.0,-550,-550,1
32.194,671.0,1020.0,1045.0,907.0,0.5573,0.7698,0.7476,0.7785,0.7587,,EDGE_AVOID,灰度趋势变暗，提前避让,front,-0.2126,-0.031,0,slow,0.0,,0.0,-550,-550,1
32.214,671.0,1025.0,1036.0,906.0,0.548,0.7698,0.7233,0.7752,0.7466,,EDGE_AVOID,灰度趋势变暗，提前避让,front,-0.2219,-0.0519,0,slow,0.0,,0.0,-550,-550,1
32.234,670.0,1025.0,1034.0,905.0,0.548,0.7798,0.7015,0.7752,0.7383,,EDGE_AVOID,灰度趋势变暗，提前避让,front,-0.2318,-0.0737,0,slow,0.0,,0.0,-550,-550,1
32.254,669.0,1024.0,1032.0,904.0,0.5449,0.7798,0.6966,0.7718,0.7342,,EDGE_AVOID,灰度趋势变暗，提前避让,front,-0.2349,-0.0752,0,slow,0.0,,0.0,-550,-550,1
32.274,670.0,1026.0,1034.0,905.0,0.5449,0.7798,0.6966,0.7718,0.7342,,EDGE_AVOID,灰度趋势变暗，提前避让,front,-0.2349,-0.0752,0,slow,0.0,,0.0,-550,-550,1
32.295,671.0,1028.0,1035.0,906.0,0.5449,0.7817,0.6966,0.7718,0.7342,,EDGE_AVOID,灰度趋势变暗，提前避让,front,-0.2369,-0.0752,0,slow,0.0,,0.0,-550,-550,1
32.315,670.0,1026.0,1034.0,904.0,0.5449,0.7817,0.6966,0.7718,0.7342,,EDGE_AVOID,灰度趋势变暗，提前避让,front,-0.2369,-0.0752,0,slow,0.0,,0.0,-550,-550,1
32.335,671.0,1027.0,1035.0,905.0,0.548,0.7837,0.699,0.7718,0.7354,,EDGE_AVOID,灰度趋势变暗，提前避让,front,-0.2357,-0.0728,0,slow,0.0,,0.0,-550,-550,1
32.355,670.0,1027.0,1034.0,905.0,0.5449,0.7837,0.6966,0.7718,0.7342,,EDGE_AVOID,灰度趋势变暗，提前避让,front,-0.2388,-0.0752,0,slow,0.0,,0.0,-550,-550,1
32.375,670.0,1027.0,1033.0,905.0,0.5449,0.7837,0.6966,0.7718,0.7342,,EDGE_AVOID,灰度趋势变暗，提前避让,front,-0.2388,-0.0752,0,slow,0.0,,0.0,-550,-550,1
32.395,672.0,1028.0,1035.0,906.0,0.5449,0.7837,0.6966,0.7718,0.7342,,EDGE_AVOID,灰度趋势变暗，提前避让,front,-0.2388,-0.0752,0,slow,0.0,,0.0,-550,-550,1
32.415,670.0,1028.0,1034.0,906.0,0.5449,0.7857,0.6966,0.7752,0.7359,,EDGE_AVOID,灰度趋势变暗，提前避让,front,-0.2408,-0.0786,0,slow,0.0,,0.0,-550,-550,1
32.435,670.0,1027.0,1034.0,907.0,0.5449,0.7857,0.6966,0.7752,0.7359,,EDGE_AVOID,灰度趋势变暗，提前避让,front,-0.2408,-0.0786,0,slow,0.0,,0.0,-550,-550,1
32.455,670.0,1024.0,1037.0,909.0,0.5449,0.7837,0.6966,0.7785,0.7376,,EDGE_AVOID,灰度趋势变暗，提前避让,front,-0.2388,-0.0819,0,slow,0.0,,0.0,-550,-550,1
32.475,666.0,1012.0,1044.0,903.0,0.5449,0.7778,0.7039,0.7785,0.7408,,EDGE_AVOID,灰度趋势变暗，提前避让,front,-0.2329,-0.0746,0,slow,0.0,,0.0,-550,-550,1
32.496,669.0,1024.0,1053.0,906.0,0.5418,0.7778,0.7209,0.7752,0.748,,EDGE_AVOID,灰度趋势变暗，提前避让,front,-0.236,-0.0543,0,slow,0.0,,0.0,-550,-550,1
32.516,673.0,1032.0,1054.0,899.0,0.5418,0.7778,0.7427,0.7651,0.7539,,EDGE_AVOID,灰度趋势变暗，提前避让,front,-0.236,-0.0224,0,slow,0.0,,0.0,-550,-550,1
32.536,681.0,1040.0,1035.0,896.0,0.5542,0.7937,0.7427,0.7517,0.7472,,EDGE_AVOID,灰度趋势变暗，提前避让,front,-0.2395,-0.009,0,slow,0.0,,0.0,-550,-550,1
32.556,681.0,1040.0,1035.0,896.0,0.5789,0.8095,0.699,0.7416,0.7203,,EDGE_AVOID,灰度趋势变暗，提前避让,front,-0.2306,-0.0426,0,slow,0.0,,0.0,-550,-550,1
32.576,683.0,1047.0,1041.0,910.0,0.5789,0.8095,0.699,0.7416,0.7203,,EDGE_AVOID,灰度趋势变暗，提前避让,front,-0.2306,-0.0426,0,slow,0.0,,0.0,-550,-550,1
32.596,681.0,1064.0,1053.0,931.0,0.5789,0.8234,0.7136,0.7886,0.7511,,EDGE_AVOID,灰度趋势变暗，提前避让,front,-0.2445,-0.075,0,slow,0.0,,0.0,-550,-550,1
32.616,673.0,1072.0,1068.0,930.0,0.5789,0.8571,0.7427,0.8557,0.7992,,EDGE_AVOID,灰度趋势变暗，提前避让,front,-0.2782,-0.113,0,slow,0.0,,0.0,-550,-550,1
32.636,660.0,1088.0,1056.0,930.0,0.5542,0.873,0.75,0.8557,0.8029,,EDGE_AVOID,灰度趋势变暗，提前避让,front,-0.3188,-0.1057,0,slow,0.0,,0.0,-550,-550,1
32.656,683.0,1093.0,1066.0,929.0,0.5542,0.9048,0.7743,0.8557,0.815,,EDGE_AVOID,灰度趋势变暗，提前避让,front,-0.3506,-0.0814,0,slow,0.0,,0.0,-550,-550,1
32.677,696.0,1100.0,1073.0,939.0,0.5851,0.9147,0.7743,0.8557,0.815,,EDGE_AVOID,灰度趋势变暗，提前避让,front,-0.3295,-0.0814,0,slow,0.0,,0.0,-550,-550,1
32.697,708.0,1125.0,1070.0,950.0,0.6254,0.9286,0.784,0.8859,0.8349,,EDGE_AVOID,灰度趋势变暗，提前避让,front,-0.3032,-0.1019,0,slow,0.0,,0.0,-550,-550,1
32.718,715.0,1129.0,1091.0,961.0,0.6625,0.9782,0.7913,0.9228,0.857,,EDGE_AVOID,避让滞回，未恢复不退出,front,-0.3156,-0.1316,0,slow,0.0,,0.0,-550,-550,1
32.738,729.0,1134.0,1112.0,982.0,0.6842,0.9861,0.835,0.9597,0.8973,,EDGE_AVOID,避让滞回，未恢复不退出,front,-0.3019,-0.1248,0,slow,0.0,,0.0,-550,-550,1
32.758,732.0,1161.0,1112.0,992.0,0.7276,0.996,0.8859,1.0302,0.941,,EDGE_AVOID,避让滞回，未恢复不退出,front,-0.2685,-0.1443,0,slow,0.0,,0.0,-550,-550,1
32.778,749.0,1182.0,1119.0,1001.0,0.7368,1.0496,0.8859,1.0638,0.9678,,CRUISE,按区域分级巡航,,-0.3128,-0.1778,0,fast,0.0,,0.0,500,400,1
32.798,766.0,1192.0,1128.0,1014.0,0.7895,1.0913,0.9029,1.094,0.9971,,CRUISE,按区域分级巡航,,-0.3018,-0.191,0,fast,0.0,,0.0,500,400,1
32.818,782.0,1212.0,1161.0,1025.0,0.8421,1.1111,0.9248,1.1376,1.0179,,CRUISE,按区域分级巡航,,-0.269,-0.2128,0,fast,0.0,,0.0,500,400,1
32.838,794.0,1222.0,1187.0,1043.0,0.8916,1.1508,1.0049,1.1745,1.0778,,CRUISE,按区域分级巡航,,-0.2592,-0.1696,0,fast,0.0,,0.0,500,400,1
32.859,791.0,1249.0,1203.0,1048.0,0.9195,1.1706,1.068,1.2349,1.1193,,CRUISE,按区域分级巡航,,-0.2511,-0.1669,0,fast,0.0,,0.0,500,400,1
32.879,803.0,1264.0,1213.0,1056.0,0.9288,1.2242,1.1068,1.2517,1.1655,,CRUISE,按区域分级巡航,,-0.2954,-0.1449,0,fast,0.0,,0.0,500,400,1
32.899,816.0,1280.0,1213.0,1064.0,0.9567,1.254,1.1311,1.2785,1.1925,,CRUISE,按区域分级巡航,,-0.2973,-0.1475,0,fast,0.0,,0.0,500,400,1
32.919,816.0,1280.0,1213.0,1064.0,0.9969,1.2857,1.1311,1.3054,1.2084,,CRUISE,按区域分级巡航,,-0.2888,-0.1743,0,fast,0.0,,0.0,500,400,1
32.939,819.0,1297.0,1215.0,1067.0,0.9969,1.2857,1.1311,1.3054,1.2084,,CRUISE,按区域分级巡航,,-0.2888,-0.1743,0,fast,0.0,,0.0,500,400,1
32.959,819.0,1312.0,1218.0,1068.0,1.0062,1.3194,1.1359,1.3154,1.2257,,CRUISE,按区域分级巡航,,-0.3133,-0.1795,0,fast,0.0,,0.0,500,400,1
32.979,829.0,1330.0,1248.0,1075.0,1.0062,1.3492,1.1432,1.3188,1.231,,CRUISE,按区域分级巡航,,-0.343,-0.1756,0,fast,0.0,,0.0,500,400,1
32.999,839.0,1339.0,1264.0,1075.0,1.0372,1.3849,1.216,1.3423,1.2792,,CRUISE,按区域分级巡航,,-0.3478,-0.1263,0,fast,0.0,,0.0,500,400,1
33.019,844.0,1350.0,1276.0,1083.0,1.0681,1.4028,1.2549,1.3423,1.2986,,CRUISE,按区域分级巡航,,-0.3347,-0.0874,0,fast,0.0,,0.0,500,400,1
33.039,853.0,1356.0,1280.0,1097.0,1.0836,1.4246,1.284,1.3691,1.3266,,CRUISE,按区域分级巡航,,-0.341,-0.0851,0,fast,0.0,,0.0,500,400,1
33.06,858.0,1363.0,1276.0,1102.0,1.1115,1.4365,1.284,1.4161,1.35,,CRUISE,按区域分级巡航,,-0.3251,-0.1321,0,fast,0.0,,0.0,500,400,1
33.08,859.0,1368.0,1278.0,1106.0,1.1269,1.4504,1.2888,1.4329,1.3609,,CRUISE,按区域分级巡航,,-0.3235,-0.1441,0,fast,0.0,,0.0,500,400,1
33.1,859.0,1368.0,1282.0,1106.0,1.13,1.4603,1.2888,1.4463,1.3676,,CRUISE,按区域分级巡航,,-0.3303,-0.1575,0,fast,0.0,,0.0,500,400,1
33.12,859.0,1366.0,1283.0,1106.0,1.13,1.4603,1.2985,1.4463,1.3724,,CRUISE,按区域分级巡航,,-0.3303,-0.1478,0,fast,0.0,,0.0,500,400,1
33.14,861.0,1365.0,1281.0,1110.0,1.13,1.4563,1.2985,1.4463,1.3724,,CRUISE,按区域分级巡航,,-0.3263,-0.1478,0,fast,0.0,,0.0,500,400,1
33.16,863.0,1365.0,1280.0,1114.0,1.1362,1.4544,1.2961,1.4597,1.3752,,CRUISE,按区域分级巡航,,-0.3181,-0.1636,0,fast,0.0,,0.0,500,400,1
33.18,863.0,1364.0,1277.0,1115.0,1.1424,1.4544,1.2937,1.4732,1.374,,CRUISE,按区域分级巡航,,-0.312,-0.1795,0,fast,0.0,,0.0,500,400,1
33.2,863.0,1360.0,1274.0,1114.0,1.1424,1.4524,1.2864,1.4732,1.3694,,CRUISE,按区域分级巡航,,-0.31,-0.1867,0,fast,0.0,,0.0,500,400,1
33.22,864.0,1364.0,1277.0,1116.0,1.1424,1.4524,1.2864,1.4765,1.3694,,CRUISE,按区域分级巡航,,-0.31,-0.1901,0,fast,0.0,,0.0,500,400,1
33.241,864.0,1366.0,1277.0,1115.0,1.1455,1.4524,1.2864,1.4765,1.3694,,CRUISE,按区域分级巡航,,-0.3069,-0.1901,0,fast,0.0,,0.0,500,400,1
33.261,864.0,1365.0,1276.0,1112.0,1.1455,1.4544,1.2864,1.4765,1.3704,,CRUISE,按区域分级巡航,,-0.3089,-0.1901,0,fast,0.0,,0.0,500,400,1
33.281,865.0,1366.0,1274.0,1111.0,1.1455,1.4563,1.284,1.4664,1.3702,,CRUISE,按区域分级巡航,,-0.3108,-0.1825,0,fast,0.0,,0.0,500,400,1
33.301,864.0,1363.0,1275.0,1107.0,1.1455,1.4544,1.2816,1.4631,1.368,,CRUISE,按区域分级巡航,,-0.3089,-0.1815,0,fast,0.0,,0.0,500,400,1
33.321,861.0,1358.0,1280.0,1102.0,1.1455,1.4504,1.2816,1.4497,1.3656,,CRUISE,按区域分级巡航,,-0.3049,-0.1681,0,fast,0.0,,0.0,500,400,1
33.341,861.0,1358.0,1280.0,1102.0,1.1362,1.4405,1.2937,1.4329,1.3633,,CRUISE,按区域分级巡航,,-0.3043,-0.1392,0,fast,0.0,,0.0,500,400,1
33.361,854.0,1352.0,1276.0,1091.0,1.1362,1.4405,1.2937,1.4329,1.3633,,CRUISE,按区域分级巡航,,-0.3043,-0.1392,0,fast,0.0,,0.0,500,400,1
33.381,848.0,1342.0,1270.0,1080.0,1.1146,1.4286,1.284,1.396,1.34,,CRUISE,按区域分级巡航,,-0.314,-0.112,0,fast,0.0,,0.0,500,400,1
33.401,850.0,1334.0,1270.0,1081.0,1.1022,1.4087,1.2694,1.3624,1.3159,,CRUISE,按区域分级巡航,,-0.3066,-0.093,0,fast,0.0,,0.0,500,400,1
33.421,838.0,1323.0,1246.0,1081.0,1.096,1.3929,1.2694,1.3624,1.3159,,CRUISE,按区域分级巡航,,-0.2969,-0.093,0,fast,0.0,,0.0,500,400,1
33.442,829.0,1313.0,1224.0,1086.0,1.065,1.371,1.2112,1.3624,1.2868,,CRUISE,按区域分级巡航,,-0.306,-0.1513,0,fast,0.0,,0.0,500,400,1
33.462,828.0,1289.0,1202.0,1075.0,1.0372,1.3512,1.1578,1.3624,1.2545,,CRUISE,按区域分级巡航,,-0.314,-0.2046,0,fast,0.0,,0.0,500,400,1
33.482,830.0,1290.0,1204.0,1079.0,1.0372,1.3056,1.1092,1.3557,1.2074,,CRUISE,按区域分级巡航,,-0.2684,-0.2465,0,fast,0.0,,0.0,500,400,1
33.502,823.0,1284.0,1212.0,1084.0,1.0341,1.3036,1.1092,1.3557,1.2064,,CRUISE,按区域分级巡航,,-0.2695,-0.2465,0,fast,0.0,,0.0,500,400,1
33.522,819.0,1270.0,1214.0,1072.0,1.0186,1.2937,1.1286,1.3557,1.2111,,CRUISE,按区域分级巡航,,-0.2751,-0.2271,0,fast,0.0,,0.0,500,400,1
33.542,812.0,1264.0,1214.0,1065.0,1.0062,1.2659,1.1335,1.3322,1.1997,,CRUISE,按区域分级巡航,,-0.2597,-0.1987,0,fast,0.0,,0.0,500,400,1
33.562,803.0,1256.0,1205.0,1056.0,0.9845,1.254,1.1335,1.3087,1.1937,,CRUISE,按区域分级巡航,,-0.2694,-0.1752,0,fast,0.0,,0.0,500,400,1
33.582,803.0,1243.0,1206.0,1053.0,0.9567,1.2381,1.1141,1.2785,1.1761,,CRUISE,按区域分级巡航,,-0.2814,-0.1644,0,fast,0.0,,0.0,500,400,1
33.602,804.0,1226.0,1195.0,1046.0,0.9567,1.2123,1.1117,1.2685,1.162,,CRUISE,按区域分级巡航,,-0.2556,-0.1568,0,fast,0.0,,0.0,500,400,1
33.623,798.0,1219.0,1185.0,1045.0,0.9567,1.1786,1.0874,1.245,1.133,,CRUISE,按区域分级巡航,,-0.2219,-0.1576,0,fast,0.0,,0.0,500,400,1
33.643,794.0,1218.0,1174.0,1043.0,0.9412,1.1647,1.0631,1.2416,1.1139,,CRUISE,按区域分级巡航,,-0.2235,-0.1785,0,fast,0.0,,0.0,500,400,1
33.663,784.0,1206.0,1157.0,1025.0,0.9288,1.1627,1.0364,1.2349,1.0996,,CRUISE,按区域分级巡航,,-0.2339,-0.1985,0,fast,0.0,,0.0,500,400,1
33.683,786.0,1193.0,1150.0,1019.0,0.904,1.1389,0.9951,1.1745,1.067,,CRUISE,按区域分级巡航,,-0.2349,-0.1794,0,fast,0.0,,0.0,500,400,1
33.703,771.0,1191.0,1131.0,1000.0,0.8978,1.1131,0.9782,1.1544,1.0456,,CRUISE,按区域分级巡航,,-0.2153,-0.1762,0,fast,0.0,,0.0,500,400,1
33.723,759.0,1174.0,1124.0,996.0,0.8576,1.1091,0.932,1.0906,1.0113,,CRUISE,按区域分级巡航,,-0.2515,-0.1586,0,fast,0.0,,0.0,500,400,1
33.746,747.0,1150.0,1131.0,998.0,0.8204,1.0754,0.932,1.0839,1.0037,,CRUISE,按区域分级巡航,,-0.255,-0.1519,0,fast,0.0,,0.0,500,400,1
33.766,745.0,1141.0,1131.0,983.0,0.7833,1.0278,0.932,1.0772,0.9799,,CRUISE,按区域分级巡航,,-0.2445,-0.1451,0,fast,0.0,,0.0,500,400,1
33.786,739.0,1127.0,1120.0,985.0,0.7771,1.0099,0.932,1.0403,0.971,,CRUISE,按区域分级巡航,,-0.2328,-0.1082,0,fast,0.0,,0.0,500,400,1
33.807,729.0,1122.0,1105.0,964.0,0.7585,0.9821,0.9053,1.0336,0.9437,,CRUISE,按区域分级巡航,,-0.2236,-0.1282,0,fast,0.0,,0.0,500,400,1
33.827,721.0,1116.0,1079.0,939.0,0.7276,0.9722,0.8689,0.9698,0.9194,,CRUISE,按区域分级巡航,,-0.2447,-0.1009,0,fast,0.0,,0.0,500,400,1
33.847,709.0,1102.0,1073.0,934.0,0.7028,0.9603,0.8058,0.8859,0.8459,,EDGE_AVOID,灰度趋势变暗，提前避让,front,-0.2575,-0.0801,0,slow,0.0,,0.0,-550,-550,1
33.867,709.0,1096.0,1063.0,945.0,0.6656,0.9325,0.7913,0.8859,0.8386,,EDGE_AVOID,灰度趋势变暗，提前避让,front,-0.2669,-0.0946,0,slow,0.0,,0.0,-550,-550,1
33.887,702.0,1089.0,1057.0,938.0,0.6656,0.9206,0.767,0.8826,0.8248,,EDGE_AVOID,灰度趋势变暗，提前避让,front,-0.255,-0.1156,0,slow,0.0,,0.0,-550,-550,1
33.907,698.0,1073.0,1041.0,939.0,0.644,0.9067,0.7524,0.8859,0.8192,,EDGE_AVOID,灰度趋势变暗，提前避让,front,-0.2628,-0.1335,0,slow,0.0,,0.0,-550,-550,1
33.927,690.0,1063.0,1027.0,934.0,0.6316,0.875,0.7136,0.8826,0.7943,,EDGE_AVOID,灰度趋势变暗，提前避让,front,-0.2434,-0.169,0,slow,0.0,,0.0,-550,-550,1
33.947,694.0,1054.0,1020.0,934.0,0.6192,0.8552,0.6796,0.8691,0.7674,,EDGE_AVOID,灰度趋势变暗，提前避让,front,-0.236,-0.1895,0,slow,0.0,,0.0,-550,-550,1
33.967,689.0,1057.0,1039.0,914.0,0.6068,0.8433,0.6796,0.8691,0.7614,,EDGE_AVOID,灰度趋势变暗，提前避让,front,-0.2364,-0.1895,0,slow,0.0,,0.0,-550,-550,1
33.987,688.0,1053.0,1046.0,909.0,0.6037,0.8373,0.7087,0.802,0.7554,,EDGE_AVOID,灰度趋势变暗，提前避让,front,-0.2336,-0.0933,0,slow,0.0,,0.0,-550,-550,1
34.007,690.0,1049.0,1045.0,910.0,0.6037,0.8353,0.7233,0.7886,0.7559,,EDGE_AVOID,灰度趋势变暗，提前避让,front,-0.2316,-0.0653,0,slow,0.0,,0.0,-550,-550,1
34.027,690.0,1044.0,1040.0,901.0,0.6068,0.8274,0.7233,0.7852,0.7543,,EDGE_AVOID,灰度趋势变暗，提前避让,front,-0.2206,-0.0619,0,slow,0.0,,0.0,-550,-550,1
34.047,689.0,1038.0,1035.0,893.0,0.6068,0.8175,0.7112,0.7584,0.7348,,EDGE_AVOID,灰度趋势变暗，提前避让,front,-0.2106,-0.0472,0,slow,0.0,,0.0,-550,-550,1
34.068,687.0,1037.0,1035.0,890.0,0.6037,0.8056,0.699,0.7315,0.7153,,EDGE_AVOID,灰度趋势变暗，提前避让,front,-0.2018,-0.0325,0,slow,0.0,,0.0,-550,-550,1
34.088,684.0,1034.0,1033.0,888.0,0.5975,0.8036,0.699,0.7215,0.7103,,EDGE_AVOID,灰度趋势变暗，提前避让,front,-0.206,-0.0224,0,slow,0.0,,0.0,-550,-550,1
34.108,684.0,1034.0,1033.0,888.0,0.5882,0.7976,0.6942,0.7148,0.7045,,EDGE_AVOID,灰度趋势变暗，提前避让,front,-0.2094,-0.0206,0,slow,0.0,,0.0,-550,-550,1
34.128,683.0,1035.0,1031.0,886.0,0.5882,0.7976,0.6942,0.7148,0.7045,,EDGE_AVOID,灰度趋势变暗，提前避让,front,-0.2094,-0.0206,0,slow,0.0,,0.0,-550,-550,1
34.148,683.0,1036.0,1035.0,889.0,0.5851,0.7996,0.6942,0.7148,0.7045,,EDGE_AVOID,灰度趋势变暗，提前避让,front,-0.2145,-0.0206,0,slow,0.0,,0.0,-550,-550,1
34.168,685.0,1038.0,1037.0,890.0,0.5851,0.8016,0.699,0.7181,0.7086,,EDGE_AVOID,灰度趋势变暗，提前避让,front,-0.2164,-0.0191,0,slow,0.0,,0.0,-550,-550,1
34.188,681.0,1033.0,1032.0,886.0,0.5851,0.8016,0.699,0.7181,0.7086,,EDGE_AVOID,灰度趋势变暗，提前避让,front,-0.2164,-0.0191,0,slow,0.0,,0.0,-550,-550,1
34.208,683.0,1036.0,1035.0,890.0,0.5851,0.8016,0.699,0.7215,0.7103,,EDGE_AVOID,灰度趋势变暗，提前避让,front,-0.2164,-0.0224,0,slow,0.0,,0.0,-550,-550,1
34.228,680.0,1032.0,1030.0,885.0,0.5789,0.7956,0.6917,0.7081,0.6999,,EDGE_AVOID,灰度趋势变暗，提前避让,front,-0.2167,-0.0163,0,slow,0.0,,0.0,-550,-550,1
34.248,682.0,1036.0,1034.0,888.0,0.582,0.8016,0.6966,0.7148,0.7057,,EDGE_AVOID,灰度趋势变暗，提前避让,front,-0.2195,-0.0182,0,slow,0.0,,0.0,-550,-550,1
34.268,682.0,1033.0,1033.0,888.0,0.582,0.7956,0.6942,0.7148,0.7045,,EDGE_AVOID,灰度趋势变暗，提前避让,front,-0.2136,-0.0206,0,slow,0.0,,0.0,-550,-550,1
34.288,683.0,1036.0,1033.0,889.0,0.582,0.8016,0.6942,0.7148,0.7045,,EDGE_AVOID,灰度趋势变暗，提前避让,front,-0.2195,-0.0206,0,slow,0.0,,0.0,-550,-550,1
34.308,686.0,1040.0,1034.0,893.0,0.5851,0.8016,0.6942,0.7181,0.7061,,EDGE_AVOID,灰度趋势变暗，提前避让,front,-0.2164,-0.0239,0,slow,0.0,,0.0,-550,-550,1
34.329,688.0,1044.0,1036.0,897.0,0.5944,0.8095,0.6966,0.7315,0.7141,,EDGE_AVOID,灰度趋势变暗，提前避让,front,-0.2151,-0.0349,0,slow,0.0,,0.0,-550,-550,1
34.349,688.0,1045.0,1040.0,902.0,0.6006,0.8175,0.7015,0.745,0.7232,,EDGE_AVOID,灰度趋势变暗，提前避让,front,-0.2168,-0.0435,0,slow,0.0,,0.0,-550,-550,1
34.369,686.0,1057.0,1051.0,906.0,0.6006,0.8194,0.7112,0.7617,0.7365,,EDGE_AVOID,灰度趋势变暗，提前避让,front,-0.2188,-0.0506,0,slow,0.0,,0.0,-550,-550,1
34.389,680.0,1061.0,1054.0,907.0,0.5944,0.8433,0.7379,0.7752,0.7565,,EDGE_AVOID,灰度趋势变暗，提前避让,front,-0.2488,-0.0373,0,slow,0.0,,0.0,-550,-550,1
34.409,687.0,1058.0,1038.0,923.0,0.5944,0.8452,0.7379,0.7785,0.7582,,EDGE_AVOID,灰度趋势变暗，提前避让,front,-0.2508,-0.0407,0,slow,0.0,,0.0,-550,-550,1
34.429,683.0,1072.0,1032.0,927.0,0.5851,0.8512,0.7063,0.8322,0.7693,,EDGE_AVOID,灰度趋势变暗，提前避让,front,-0.2661,-0.1259,0,slow,0.0,,0.0,-550,-550,1
34.449,685.0,1083.0,1045.0,927.0,0.5913,0.873,0.7063,0.8456,0.776,,EDGE_AVOID,灰度趋势变暗，提前避让,front,-0.2817,-0.1393,0,slow,0.0,,0.0,-550,-550,1
34.469,683.0,1092.0,1046.0,927.0,0.5851,0.8948,0.7233,0.8456,0.7845,,EDGE_AVOID,灰度趋势变暗，提前避让,front,-0.3097,-0.1223,0,slow,0.0,,0.0,-550,-550,1
34.489,695.0,1087.0,1048.0,935.0,0.5913,0.9028,0.7257,0.8456,0.7857,,EDGE_AVOID,灰度趋势变暗，提前避让,front,-0.3114,-0.1199,0,slow,0.0,,0.0,-550,-550,1
34.509,696.0,1093.0,1053.0,938.0,0.6223,0.9127,0.7306,0.8725,0.8015,,EDGE_AVOID,灰度趋势变暗，提前避让,front,-0.2904,-0.1419,0,slow,0.0,,0.0,-550,-550,1
34.529,697.0,1113.0,1062.0,957.0,0.6254,0.9147,0.7427,0.8826,0.8126,,EDGE_AVOID,灰度趋势变暗，提前避让,front,-0.2893,-0.1398,0,slow,0.0,,0.0,-550,-550,1
34.549,714.0,1124.0,1067.0,974.0,0.6285,0.9544,0.7646,0.9463,0.8554,,EDGE_AVOID,避让滞回，未恢复不退出,front,-0.3259,-0.1817,0,slow,0.0,,0.0,-550,-550,1
34.569,721.0,1133.0,1064.0,981.0,0.6811,0.9762,0.7694,1.0034,0.8728,,EDGE_AVOID,避让滞回，未恢复不退出,front,-0.2951,-0.2339,0,slow,0.0,,0.0,-550,-550,1
34.59,728.0,1142.0,1070.0,1011.0,0.7028,0.994,0.7767,1.0268,0.8854,,EDGE_AVOID,避让滞回，未恢复不退出,front,-0.2913,-0.2501,0,slow,0.0,,0.0,-550,-550,1
34.61,734.0,1142.0,1085.0,1009.0,0.7245,1.0119,0.784,1.1208,0.8979,,EDGE_AVOID,避让滞回，未恢复不退出,left,-0.2874,-0.3368,0,slow,0.0,right,0.0,640,400,1
34.63,733.0,1159.0,1092.0,1008.0,0.7399,1.0119,0.8204,1.1208,0.9161,,EDGE_AVOID,避让滞回，未恢复不退出,left,-0.272,-0.3004,0,slow,0.0,right,0.0,640,400,1
34.65,743.0,1169.0,1096.0,1015.0,0.743,1.0456,0.8374,1.1208,0.9415,,EDGE_AVOID,避让滞回，未恢复不退出,front,-0.3026,-0.2834,0,slow,0.0,,0.0,-550,-550,1
34.67,762.0,1179.0,1114.0,1025.0,0.7709,1.0655,0.8471,1.1409,0.9563,,CRUISE,按区域分级巡航,,-0.2946,-0.2939,0,fast,0.0,,0.0,500,400,1
34.69,778.0,1185.0,1112.0,1029.0,0.8297,1.0853,0.8859,1.1745,0.9856,,CRUISE,按区域分级巡航,,-0.2556,-0.2886,0,fast,0.0,,0.0,500,400,1
34.71,784.0,1201.0,1094.0,1055.0,0.8793,1.0972,0.8859,1.1879,0.9916,,CRUISE,按区域分级巡航,,-0.218,-0.302,0,fast,0.0,,0.0,500,400,1
34.73,788.0,1217.0,1111.0,1062.0,0.8978,1.129,0.8835,1.2752,1.0134,,CRUISE,按区域分级巡航,,-0.2311,-0.3917,0,fast,0.0,,0.0,500,400,1
34.75,794.0,1210.0,1120.0,1061.0,0.9102,1.1468,0.8835,1.2953,1.0285,,CRUISE,按区域分级巡航,,-0.2366,-0.4118,0,fast,0.0,,0.0,500,400,1
34.77,803.0,1193.0,1098.0,1059.0,0.9288,1.1468,0.8835,1.2953,1.0378,,CRUISE,按区域分级巡航,,-0.218,-0.4118,0,fast,0.0,,0.0,500,400,1
34.79,783.0,1149.0,1038.0,1056.0,0.9288,1.1131,0.8519,1.2886,1.0209,,CRUISE,按区域分级巡航,,-0.1843,-0.4366,0,fast,0.0,,0.0,500,400,1
34.811,750.0,1114.0,972.0,1068.0,0.8947,1.0258,0.7063,1.2886,0.9603,,CRUISE,按区域分级巡航,,-0.1311,-0.5823,0,fast,0.0,,0.0,500,400,1
34.831,750.0,1114.0,972.0,1068.0,0.7926,0.9563,0.5461,1.3188,0.8745,,MEDIUM_CRUISE,按区域分级巡航,,-0.1638,-0.7727,0,medium,0.0,,0.0,450,400,1
34.851,738.0,1107.0,947.0,1069.0,0.7926,0.9563,0.5461,1.3188,0.8745,,MEDIUM_CRUISE,按区域分级巡航,,-0.1638,-0.7727,0,medium,0.0,,0.0,450,400,1
34.871,769.0,1156.0,998.0,1070.0,0.7926,0.9563,0.5461,1.3221,0.8745,,MEDIUM_CRUISE,按区域分级巡航,,-0.1638,-0.776,0,medium,0.0,,0.0,450,400,1
34.891,829.0,1269.0,1131.0,1084.0,0.8514,1.0397,0.6092,1.3255,0.9455,,CRUISE,按区域分级巡航,,-0.1883,-0.7163,0,fast,0.0,,0.0,500,400,1
34.911,820.0,1244.0,1136.0,1056.0,1.0093,1.2143,0.932,1.3255,1.1118,,CRUISE,按区域分级巡航,,-0.205,-0.3935,0,fast,0.0,,0.0,500,400,1
34.931,827.0,1258.0,1145.0,1073.0,1.031,1.2421,0.9442,1.3356,1.1365,,CRUISE,按区域分级巡航,,-0.2111,-0.3914,0,fast,0.0,,0.0,500,400,1
34.951,826.0,1255.0,1145.0,1073.0,1.0279,1.2361,0.966,1.3356,1.132,,CRUISE,按区域分级巡航,,-0.2082,-0.3696,0,fast,0.0,,0.0,500,400,1
34.972,825.0,1260.0,1147.0,1074.0,1.0279,1.2421,0.966,1.3356,1.135,,CRUISE,按区域分级巡航,,-0.2142,-0.3696,0,fast,0.0,,0.0,500,400,1
34.992,825.0,1258.0,1148.0,1073.0,1.0248,1.2421,0.9709,1.3356,1.1334,,CRUISE,按区域分级巡航,,-0.2173,-0.3647,0,fast,0.0,,0.0,500,400,1
35.012,826.0,1259.0,1150.0,1075.0,1.0248,1.244,0.9733,1.3389,1.1344,,CRUISE,按区域分级巡航,,-0.2193,-0.3656,0,fast,0.0,,0.0,500,400,1
35.032,825.0,1259.0,1150.0,1072.0,1.0248,1.244,0.9782,1.3356,1.1344,,CRUISE,按区域分级巡航,,-0.2193,-0.3574,0,fast,0.0,,0.0,500,400,1
35.052,826.0,1260.0,1152.0,1074.0,1.0279,1.244,0.9782,1.3389,1.136,,CRUISE,按区域分级巡航,,-0.2162,-0.3608,0,fast,0.0,,0.0,500,400,1
35.072,827.0,1259.0,1152.0,1074.0,1.0279,1.244,0.983,1.3389,1.136,,CRUISE,按区域分级巡航,,-0.2162,-0.3559,0,fast,0.0,,0.0,500,400,1
35.092,828.0,1262.0,1155.0,1074.0,1.031,1.246,0.983,1.3389,1.1385,,CRUISE,按区域分级巡航,,-0.2151,-0.3559,0,fast,0.0,,0.0,500,400,1
35.112,826.0,1260.0,1152.0,1072.0,1.031,1.246,0.983,1.3389,1.1385,,CRUISE,按区域分级巡航,,-0.2151,-0.3559,0,fast,0.0,,0.0,500,400,1
35.132,826.0,1262.0,1155.0,1073.0,1.0279,1.25,0.9903,1.3356,1.1389,,CRUISE,按区域分级巡航,,-0.2221,-0.3453,0,fast,0.0,,0.0,500,400,1
35.152,822.0,1267.0,1159.0,1077.0,1.0279,1.25,0.9903,1.3356,1.1389,,CRUISE,按区域分级巡航,,-0.2221,-0.3453,0,fast,0.0,,0.0,500,400,1
35.173,813.0,1271.0,1161.0,1077.0,1.0155,1.2599,1.0,1.349,1.1377,,CRUISE,按区域分级巡航,,-0.2444,-0.349,0,fast,0.0,,0.0,500,400,1
35.193,808.0,1266.0,1159.0,1080.0,0.9876,1.2599,1.0,1.349,1.13,,CRUISE,按区域分级巡航,,-0.2723,-0.349,0,fast,0.0,,0.0,500,400,1
35.213,806.0,1253.0,1158.0,1081.0,0.9721,1.2579,1.0,1.3591,1.129,,CRUISE,按区域分级巡航,,-0.2858,-0.3591,0,fast,0.0,,0.0,500,400,1
35.233,805.0,1240.0,1155.0,1078.0,0.9659,1.2321,0.9976,1.3591,1.1149,,CRUISE,按区域分级巡航,,-0.2662,-0.3615,0,fast,0.0,,0.0,500,400,1
35.253,805.0,1235.0,1152.0,1075.0,0.9628,1.2063,0.9903,1.3523,1.0983,,CRUISE,按区域分级巡航,,-0.2435,-0.3621,0,fast,0.0,,0.0,500,400,1
35.273,805.0,1235.0,1152.0,1075.0,0.9628,1.1964,0.983,1.3423,1.0897,,CRUISE,按区域分级巡航,,-0.2336,-0.3593,0,fast,0.0,,0.0,500,400,1
35.293,801.0,1229.0,1152.0,1070.0,0.9628,1.1964,0.983,1.3423,1.0897,,CRUISE,按区域分级巡航,,-0.2336,-0.3593,0,fast,0.0,,0.0,500,400,1
35.313,808.0,1217.0,1146.0,1069.0,0.9628,1.1845,0.983,1.3255,1.0838,,CRUISE,按区域分级巡航,,-0.2217,-0.3425,0,fast,0.0,,0.0,500,400,1
35.333,807.0,1218.0,1137.0,1069.0,0.969,1.1627,0.9684,1.3221,1.0659,,CRUISE,按区域分级巡航,,-0.1937,-0.3537,0,fast,0.0,,0.0,500,400,1
35.354,802.0,1214.0,1125.0,1065.0,0.969,1.1607,0.9466,1.3221,1.0649,,CRUISE,按区域分级巡航,,-0.1917,-0.3755,0,fast,0.0,,0.0,500,400,1
35.374,791.0,1204.0,1124.0,1071.0,0.9536,1.1548,0.9175,1.3221,1.0542,,CRUISE,按区域分级巡航,,-0.2012,-0.4047,0,fast,0.0,,0.0,500,400,1
35.394,787.0,1192.0,1109.0,1070.0,0.9195,1.1349,0.915,1.3255,1.0272,,CRUISE,按区域分级巡航,,-0.2154,-0.4105,0,fast,0.0,,0.0,500,400,1
35.414,786.0,1181.0,1096.0,1053.0,0.9071,1.1111,0.8786,1.3255,1.0091,,CRUISE,按区域分级巡航,,-0.204,-0.4469,0,fast,0.0,,0.0,500,400,1
35.434,780.0,1173.0,1086.0,1038.0,0.904,1.0893,0.8471,1.2685,0.9967,,CRUISE,按区域分级巡航,,-0.1853,-0.4214,0,fast,0.0,,0.0,500,400,1
35.454,772.0,1161.0,1084.0,1043.0,0.8854,1.0734,0.8228,1.2349,0.9794,,CRUISE,按区域分级巡航,,-0.188,-0.4121,0,fast,0.0,,0.0,500,400,1
35.474,761.0,1152.0,1078.0,1040.0,0.8607,1.0496,0.818,1.2248,0.9551,,CRUISE,按区域分级巡航,,-0.1889,-0.4069,0,fast,0.0,,0.0,500,400,1
35.494,765.0,1154.0,1060.0,1027.0,0.839,1.0357,0.8034,1.2248,0.9374,,CRUISE,按区域分级巡航,,-0.1967,-0.4214,0,fast,0.0,,0.0,500,400,1
35.514,762.0,1142.0,1058.0,1015.0,0.8297,1.0317,0.7597,1.1812,0.9307,,CRUISE,按区域分级巡航,,-0.202,-0.4215,0,fast,0.0,,0.0,500,400,1
35.534,738.0,1143.0,1064.0,1013.0,0.8297,1.0139,0.7597,1.1409,0.9218,,CRUISE,按区域分级巡航,,-0.1842,-0.3812,0,fast,0.0,,0.0,500,400,1
35.555,720.0,1130.0,1066.0,1010.0,0.7554,1.0119,0.7694,1.1342,0.8907,,MEDIUM_CRUISE,按区域分级巡航,,-0.2565,-0.3648,0,medium,0.0,,0.0,450,400,1
35.575,710.0,1112.0,1074.0,1008.0,0.6997,0.9881,0.7743,1.1242,0.8812,,MEDIUM_CRUISE,按区域分级巡航,,-0.2884,-0.3499,0,medium,0.0,,0.0,450,400,1
35.595,705.0,1096.0,1059.0,991.0,0.6687,0.9524,0.7743,1.1174,0.8633,,MEDIUM_CRUISE,按区域分级巡航,,-0.2837,-0.3432,0,medium,0.0,,0.0,450,400,1
35.615,694.0,1093.0,1035.0,987.0,0.6533,0.9206,0.7573,1.0604,0.839,,EDGE_AVOID,灰度趋势变暗，提前避让,left,-0.2674,-0.3031,0,slow,0.0,right,0.0,640,400,1
35.635,694.0,1082.0,1029.0,976.0,0.6192,0.9147,0.699,1.047,0.8069,,EDGE_AVOID,灰度趋势变暗，提前避让,left,-0.2955,-0.348,0,slow,0.0,right,0.0,640,400,1
35.655,692.0,1069.0,1014.0,961.0,0.6192,0.8929,0.6845,1.0101,0.7887,,EDGE_AVOID,灰度趋势变暗，提前避让,left,-0.2737,-0.3256,0,slow,0.0,right,0.0,640,400,1
35.675,689.0,1059.0,1021.0,947.0,0.613,0.8671,0.665,0.9597,0.7661,,EDGE_AVOID,灰度趋势变暗，提前避让,left,-0.2541,-0.2947,0,slow,0.0,right,0.0,640,400,1
35.695,689.0,1059.0,1021.0,947.0,0.6037,0.8472,0.665,0.9128,0.7561,,EDGE_AVOID,灰度趋势变暗，提前避让,left,-0.2435,-0.2477,0,slow,0.0,right,0.0,640,400,1
35.715,691.0,1059.0,1015.0,943.0,0.6037,0.8472,0.665,0.9128,0.7561,,EDGE_AVOID,灰度趋势变暗，提前避让,left,-0.2435,-0.2477,0,slow,0.0,right,0.0,640,400,1
35.735,682.0,1049.0,1026.0,941.0,0.6037,0.8472,0.665,0.8993,0.7561,,EDGE_AVOID,灰度趋势变暗，提前避让,front,-0.2435,-0.2343,0,slow,0.0,,0.0,-550,-550,1
35.756,690.0,1040.0,1027.0,936.0,0.6068,0.8274,0.6772,0.8926,0.7523,,EDGE_AVOID,灰度趋势变暗，提前避让,front,-0.2206,-0.2154,0,slow,0.0,,0.0,-550,-550,1
35.776,696.0,1037.0,1012.0,932.0,0.6068,0.8095,0.6772,0.8758,0.7434,,EDGE_AVOID,灰度趋势变暗，提前避让,front,-0.2027,-0.1987,0,slow,0.0,,0.0,-550,-550,1
35.796,686.0,1035.0,988.0,929.0,0.6068,0.8036,0.6432,0.8624,0.7234,,EDGE_AVOID,灰度趋势变暗，提前避让,left,-0.1968,-0.2192,0,slow,0.0,right,0.0,640,400,1
35.816,671.0,1008.0,983.0,922.0,0.5944,0.7996,0.585,0.8523,0.697,,EDGE_AVOID,灰度趋势变暗，提前避让,left,-0.2052,-0.2674,0,slow,0.0,right,0.0,640,400,1
35.836,664.0,987.0,989.0,914.0,0.548,0.746,0.585,0.8289,0.6655,,EDGE_AVOID,灰度趋势变暗，提前避让,left,-0.198,-0.2439,0,slow,0.0,right,0.0,640,400,1
35.856,665.0,979.0,996.0,923.0,0.5294,0.7044,0.5874,0.8289,0.6459,,EDGE_AVOID,灰度趋势变暗，提前避让,left,-0.175,-0.2415,0,slow,0.0,right,0.0,640,400,1
35.876,659.0,962.0,993.0,916.0,0.5263,0.6885,0.5971,0.8087,0.6428,,EDGE_AVOID,灰度趋势变暗，提前避让,left,-0.1622,-0.2116,0,slow,0.0,right,0.0,640,400,1
35.896,654.0,967.0,999.0,911.0,0.5108,0.6647,0.6044,0.8087,0.6345,,EDGE_AVOID,灰度趋势变暗，提前避让,left,-0.1538,-0.2044,0,slow,0.0,right,0.0,640,400,1
35.916,644.0,973.0,989.0,906.0,0.4954,0.6647,0.5971,0.7919,0.6309,,EDGE_AVOID,灰度趋势变暗，提前避让,left,-0.1693,-0.1949,0,slow,0.0,right,0.0,640,400,1
35.937,634.0,970.0,976.0,894.0,0.4644,0.6706,0.5874,0.7752,0.629,,EDGE_AVOID,灰度趋势变暗，提前避让,front,-0.2062,-0.1878,0,slow,0.0,,0.0,-550,-550,1
35.957,635.0,961.0,978.0,882.0,0.4365,0.6706,0.5607,0.7349,0.6157,,EDGE_AVOID,灰度趋势变暗，提前避让,front,-0.2341,-0.1742,0,slow,0.0,,0.0,-550,-550,1
35.977,635.0,941.0,975.0,880.0,0.4365,0.6528,0.5558,0.6946,0.6043,,EDGE_AVOID,灰度趋势变暗，提前避让,front,-0.2162,-0.1388,0,slow,0.0,,0.0,-550,-550,1
35.997,628.0,936.0,951.0,871.0,0.4365,0.6131,0.5534,0.6879,0.5832,,EDGE_AVOID,灰度趋势变暗，提前避让,front,-0.1766,-0.1345,0,slow,0.0,,0.0,-550,-550,1
36.017,619.0,941.0,936.0,870.0,0.4149,0.6131,0.4951,0.6577,0.5541,,EDGE_AVOID,灰度趋势变暗，提前避让,front,-0.1982,-0.1626,0,slow,0.0,,0.0,-550,-550,1
36.037,609.0,927.0,928.0,870.0,0.387,0.6032,0.4587,0.6544,0.531,,EDGE_AVOID,灰度趋势变暗，提前避让,front,-0.2162,-0.1956,0,slow,0.0,,0.0,-550,-550,1
36.057,615.0,904.0,935.0,882.0,0.3746,0.5853,0.4563,0.6544,0.5208,,EDGE_AVOID,灰度趋势变暗，提前避让,front,-0.2107,-0.1981,0,slow,0.0,,0.0,-550,-550,1
36.077,603.0,904.0,930.0,875.0,0.356,0.5397,0.4442,0.6711,0.4919,,EDGE_AVOID,灰度趋势变暗，提前避让,left,-0.1836,-0.227,0,slow,0.0,right,0.0,640,400,1
36.097,601.0,903.0,919.0,858.0,0.3375,0.5397,0.4442,0.6711,0.4919,,EDGE_AVOID,灰度趋势变暗，提前避让,left,-0.2022,-0.227,0,slow,0.0,right,0.0,640,400,1
36.117,596.0,905.0,913.0,842.0,0.3313,0.5397,0.4175,0.6141,0.4786,,EDGE_AVOID,灰度趋势变暗，提前避让,front,-0.2084,-0.1966,0,slow,0.0,,0.0,-550,-550,1
36.138,596.0,905.0,913.0,842.0,0.3158,0.5417,0.4029,0.5604,0.4723,,EDGE_AVOID,灰度趋势变暗，提前避让,front,-0.2259,-0.1575,0,slow,0.0,,0.0,-550,-550,1
36.158,584.0,897.0,920.0,839.0,0.3158,0.5417,0.4029,0.5604,0.4723,,EDGE_AVOID,灰度趋势变暗，提前避让,front,-0.2259,-0.1575,0,slow,0.0,,0.0,-550,-550,1
36.178,576.0,885.0,915.0,849.0,0.2786,0.5258,0.4078,0.5604,0.4668,,EDGE_AVOID,灰度趋势变暗，提前避让,front,-0.2472,-0.1526,0,slow,0.0,,0.0,-550,-550,1
36.198,571.0,874.0,910.0,846.0,0.2539,0.502,0.4078,0.5738,0.4549,,EDGE_AVOID,灰度趋势变暗，提前避让,front,-0.2481,-0.1661,0,slow,0.0,,0.0,-550,-550,1
36.218,574.0,871.0,914.0,842.0,0.2477,0.4802,0.4053,0.5738,0.4427,,EDGE_AVOID,灰度趋势变暗，提前避让,front,-0.2325,-0.1685,0,slow,0.0,,0.0,-550,-550,1
36.238,579.0,860.0,903.0,834.0,0.2477,0.4742,0.3956,0.5604,0.4349,,EDGE_AVOID,灰度趋势变暗，提前避让,front,-0.2265,-0.1648,0,slow,0.0,,0.0,-550,-550,1
36.258,583.0,858.0,882.0,837.0,0.2632,0.4524,0.3786,0.5436,0.4155,,EDGE_AVOID,灰度趋势变暗，提前避让,front,-0.1892,-0.165,0,slow,0.0,,0.0,-550,-550,1
36.278,585.0,856.0,862.0,836.0,0.2755,0.4484,0.3277,0.5403,0.388,,EDGE_AVOID,灰度趋势变暗，提前避让,left,-0.1729,-0.2126,0,slow,0.0,right,0.0,640,400,1
36.298,586.0,855.0,852.0,833.0,0.2817,0.4444,0.2791,0.5403,0.3631,,EDGE_AVOID,灰度趋势变暗，提前避让,left,-0.1627,-0.2611,0,slow,0.0,right,0.0,640,400,1
36.318,588.0,857.0,851.0,834.0,0.2848,0.4444,0.2549,0.5336,0.3646,,EDGE_AVOID,灰度趋势变暗，提前避让,left,-0.1596,-0.2787,0,slow,0.0,right,0.0,640,400,1
36.339,587.0,856.0,852.0,835.0,0.2879,0.4444,0.2549,0.5336,0.3662,,EDGE_AVOID,灰度趋势变暗，提前避让,left,-0.1565,-0.2787,0,slow,0.0,right,0.0,640,400,1
36.359,588.0,858.0,853.0,836.0,0.291,0.4464,0.2549,0.5369,0.3687,,EDGE_AVOID,灰度趋势变暗，提前避让,left,-0.1554,-0.2821,0,slow,0.0,right,0.0,640,400,1
36.379,587.0,856.0,851.0,834.0,0.2879,0.4444,0.2549,0.5369,0.3662,,EDGE_AVOID,灰度趋势变暗，提前避让,left,-0.1565,-0.2821,0,slow,0.0,right,0.0,640,400,1
36.399,587.0,857.0,851.0,835.0,0.2879,0.4464,0.2524,0.5369,0.3672,,EDGE_AVOID,灰度趋势变暗，提前避让,left,-0.1585,-0.2845,0,slow,0.0,right,0.0,640,400,1
36.419,587.0,855.0,849.0,832.0,0.2879,0.4444,0.2524,0.5336,0.3662,,EDGE_AVOID,灰度趋势变暗，提前避让,left,-0.1565,-0.2811,0,slow,0.0,right,0.0,640,400,1
36.439,587.0,856.0,846.0,832.0,0.2879,0.4444,0.2476,0.5268,0.3662,,EDGE_AVOID,灰度趋势变暗，提前避让,left,-0.1565,-0.2793,0,slow,0.0,right,0.0,640,400,1
36.459,588.0,856.0,842.0,832.0,0.2879,0.4444,0.2403,0.5268,0.3662,,EDGE_AVOID,灰度趋势变暗，提前避让,left,-0.1565,-0.2866,0,slow,0.0,right,0.0,640,400,1
36.479,589.0,857.0,840.0,830.0,0.291,0.4444,0.2306,0.5268,0.3677,,EDGE_AVOID,灰度趋势变暗，提前避让,left,-0.1534,-0.2963,0,slow,0.0,right,0.0,640,400,1
36.499,590.0,858.0,835.0,828.0,0.2941,0.4464,0.2257,0.5201,0.3703,,EDGE_AVOID,灰度趋势变暗，提前避让,left,-0.1523,-0.2944,0,slow,0.0,right,0.0,640,400,1
36.519,591.0,862.0,838.0,832.0,0.2972,0.4484,0.2209,0.5201,0.3728,,EDGE_AVOID,灰度趋势变暗，提前避让,left,-0.1512,-0.2993,0,slow,0.0,right,0.0,640,400,1
36.54,592.0,865.0,870.0,837.0,0.3003,0.4563,0.2209,0.5268,0.3783,,EDGE_AVOID,灰度趋势变暗，提前避让,left,-0.156,-0.306,0,slow,0.0,right,0.0,640,400,1
36.56,592.0,865.0,870.0,837.0,0.3034,0.4623,0.2985,0.5436,0.3829,,EDGE_AVOID,灰度趋势变暗，提前避让,left,-0.1589,-0.2451,0,slow,0.0,right,0.0,640,400,1
36.58,591.0,865.0,896.0,841.0,0.3034,0.4623,0.2985,0.5436,0.3829,,EDGE_AVOID,灰度趋势变暗，提前避让,left,-0.1589,-0.2451,0,slow,0.0,right,0.0,640,400,1
36.6,587.0,862.0,901.0,829.0,0.3003,0.4623,0.3617,0.5436,0.412,,EDGE_AVOID,灰度趋势变暗，提前避让,left,-0.162,-0.182,0,slow,0.0,right,0.0,640,400,1
36.62,581.0,848.0,892.0,818.0,0.2879,0.4563,0.3617,0.5168,0.409,,EDGE_AVOID,灰度趋势变暗，提前避让,front,-0.1684,-0.1551,0,slow,0.0,,0.0,-550,-550,1
36.64,579.0,855.0,879.0,812.0,0.2693,0.4425,0.3519,0.4799,0.3972,,EDGE_AVOID,灰度趋势变暗，提前避让,front,-0.1731,-0.1279,0,slow,0.0,,0.0,-550,-550,1
36.66,580.0,846.0,890.0,812.0,0.2663,0.4286,0.3471,0.4597,0.3878,,EDGE_AVOID,灰度趋势变暗，提前避让,front,-0.1623,-0.1126,0,slow,0.0,,0.0,-550,-550,1
36.68,583.0,843.0,899.0,808.0,0.2663,0.4246,0.3471,0.4597,0.3858,,EDGE_AVOID,灰度趋势变暗，提前避让,front,-0.1583,-0.1126,0,slow,0.0,,0.0,-550,-550,1
36.7,586.0,828.0,910.0,814.0,0.2755,0.4187,0.3689,0.4597,0.3938,,EDGE_AVOID,灰度趋势变暗，提前避让,front,-0.1431,-0.0908,0,slow,0.0,,0.0,-550,-550,1
36.72,585.0,829.0,896.0,794.0,0.2817,0.3909,0.3689,0.4463,0.3799,,EDGE_AVOID,灰度趋势变暗，提前避让,front,-0.1091,-0.0774,0,slow,0.0,,0.0,-550,-550,1
36.741,581.0,826.0,875.0,793.0,0.2817,0.3889,0.3617,0.3993,0.3753,,EDGE_AVOID,灰度趋势变暗，提前避让,front,-0.1072,-0.0377,0,slow,0.0,,0.0,-550,-550,1
36.761,576.0,814.0,868.0,812.0,0.2693,0.3849,0.3107,0.3993,0.3478,,EDGE_AVOID,灰度趋势变暗，提前避让,front,-0.1156,-0.0886,1,slow,0.0,,0.0,-550,-550,1
36.781,576.0,816.0,880.0,814.0,0.2539,0.3651,0.3107,0.4597,0.3379,,EDGE_AVOID,灰度趋势变暗，提前避让,left,-0.1112,-0.1491,1,slow,0.0,right,0.0,640,400,1
36.801,574.0,808.0,890.0,798.0,0.2539,0.3611,0.3228,0.4597,0.342,,EDGE_TURN,进入危险区，直接大转 180 度,front,-0.1072,-0.1369,1,danger_turn,180.0,right,0.975,600,-600,1
36.821,566.0,801.0,893.0,775.0,0.2477,0.3492,0.3471,0.4128,0.3481,,EDGE_TURN,进入危险区，直接大转 180 度,front,-0.1015,-0.0657,1,danger_turn,180.0,right,0.975,600,-600,1
36.841,563.0,803.0,892.0,772.0,0.2229,0.3393,0.3519,0.3356,0.3374,,EDGE_TURN,进入危险区，直接大转 180 度,front,-0.1164,0.0164,1,danger_turn,180.0,right,0.975,600,-600,1
36.861,566.0,803.0,875.0,786.0,0.2229,0.3393,0.3519,0.3356,0.3374,,EDGE_TURN,进入危险区，直接大转 180 度,front,-0.1164,0.0164,1,danger_turn,180.0,right,0.975,600,-600,1
36.881,570.0,805.0,866.0,804.0,0.2229,0.3393,0.3107,0.3725,0.325,,EDGE_TURN,进入危险区，直接大转 180 度,front,-0.1164,-0.0618,1,danger_turn,180.0,right,0.975,600,-600,1
36.901,573.0,798.0,869.0,810.0,0.2353,0.3393,0.2961,0.4329,0.3177,,EDGE_TURN,进入危险区，直接大转 180 度,front,-0.104,-0.1368,1,danger_turn,180.0,right,0.975,600,-600,1
36.922,574.0,788.0,876.0,809.0,0.2446,0.3294,0.2961,0.4497,0.3127,,EDGE_TURN,进入危险区，直接大转 180 度,front,-0.0848,-0.1535,1,danger_turn,180.0,right,0.975,600,-600,1
36.942,576.0,776.0,875.0,805.0,0.2477,0.3095,0.3107,0.4497,0.3101,,EDGE_TURN,进入危险区，直接大转 180 度,front,-0.0618,-0.139,1,danger_turn,180.0,right,0.975,600,-600,1
36.962,581.0,779.0,873.0,808.0,0.2539,0.2917,0.3107,0.4463,0.3012,,EDGE_TURN,进入危险区，直接大转 180 度,front,-0.0378,-0.1356,1,danger_turn,180.0,right,0.975,600,-600,1
36.982,581.0,781.0,866.0,810.0,0.2693,0.2917,0.3058,0.4463,0.2987,,EDGE_TURN,进入危险区，直接大转 180 度,front,-0.0223,-0.1405,1,danger_turn,180.0,right,0.975,600,-600,1
37.002,581.0,781.0,866.0,810.0,0.2693,0.2956,0.2888,0.453,0.2922,,EDGE_TURN,进入危险区，直接大转 180 度,front,-0.0263,-0.1642,1,danger_turn,180.0,right,0.975,600,-600,1
37.022,581.0,785.0,863.0,808.0,0.2693,0.2956,0.2888,0.453,0.2922,,EDGE_TURN,进入危险区，直接大转 180 度,front,-0.0263,-0.1642,1,danger_turn,180.0,right,0.975,600,-600,1
37.042,584.0,800.0,859.0,807.0,0.2693,0.3036,0.2816,0.4463,0.2926,,EDGE_TURN,进入危险区，直接大转 180 度,front,-0.0342,-0.1648,1,danger_turn,180.0,right,0.975,600,-600,1
37.062,580.0,809.0,852.0,803.0,0.2693,0.3333,0.2718,0.443,0.3026,,EDGE_TURN,进入危险区，直接大转 180 度,front,-0.064,-0.1711,1,danger_turn,180.0,right,0.975,600,-600,1
37.082,572.0,808.0,863.0,795.0,0.2663,0.3492,0.2718,0.4295,0.3105,,EDGE_TURN,进入危险区，直接大转 180 度,front,-0.083,-0.1577,1,danger_turn,180.0,right,0.975,600,-600,1
37.102,575.0,808.0,873.0,794.0,0.2508,0.3492,0.2816,0.4027,0.3154,,EDGE_TURN,进入危险区，直接大转 180 度,front,-0.0984,-0.1211,1,danger_turn,180.0,right,0.975,600,-600,1
37.122,574.0,796.0,865.0,798.0,0.2477,0.3492,0.2864,0.4027,0.3178,,EDGE_TURN,进入危险区，直接大转 180 度,front,-0.1015,-0.1163,1,danger_turn,180.0,right,0.975,600,-600,1
37.143,565.0,780.0,859.0,788.0,0.2477,0.3254,0.2864,0.3993,0.3059,,EDGE_TURN,进入危险区，直接大转 180 度,front,-0.0777,-0.1129,1,danger_turn,180.0,right,0.975,600,-600,1
37.163,559.0,800.0,867.0,785.0,0.2198,0.3254,0.2864,0.3792,0.3059,,EDGE_TURN,进入危险区，直接大转 180 度,front,-0.1056,-0.0928,1,danger_turn,180.0,right,0.975,600,-600,1
37.183,562.0,808.0,862.0,784.0,0.2105,0.3333,0.2791,0.3691,0.3062,,EDGE_TURN,进入危险区，直接大转 180 度,front,-0.1228,-0.09,1,danger_turn,180.0,right,0.975,600,-600,1
37.203,561.0,796.0,868.0,782.0,0.2074,0.3333,0.2913,0.3658,0.3123,,EDGE_TURN,进入危险区，直接大转 180 度,front,-0.1259,-0.0745,1,danger_turn,180.0,right,0.975,600,-600,1
37.223,556.0,777.0,868.0,776.0,0.2074,0.3254,0.2937,0.3591,0.3095,,EDGE_TURN,进入危险区，直接大转 180 度,front,-0.118,-0.0654,1,danger_turn,180.0,right,0.975,600,-600,1
37.243,552.0,765.0,849.0,771.0,0.192,0.2877,0.2937,0.3389,0.2907,,EDGE_TURN,进入危险区，直接大转 180 度,front,-0.0957,-0.0452,1,danger_turn,180.0,right,0.975,600,-600,1
37.263,553.0,769.0,849.0,771.0,0.1827,0.2718,0.2476,0.3221,0.2597,,EDGE_TURN,进入危险区，直接大转 180 度,front,-0.0892,-0.0746,1,danger_turn,180.0,right,0.975,600,-600,1
37.283,557.0,769.0,844.0,779.0,0.1827,0.2718,0.2476,0.3221,0.2597,,EDGE_TURN,进入危险区，直接大转 180 度,front,-0.0892,-0.0746,1,danger_turn,180.0,right,0.975,600,-600,1
37.303,556.0,772.0,858.0,788.0,0.192,0.2718,0.2476,0.349,0.2597,,EDGE_TURN,进入危险区，直接大转 180 度,front,-0.0799,-0.1014,1,danger_turn,180.0,right,0.975,600,-600,1
37.324,559.0,782.0,867.0,777.0,0.195,0.2778,0.2694,0.349,0.2736,,EDGE_TURN,进入危险区，直接大转 180 度,front,-0.0827,-0.0796,1,danger_turn,180.0,right,0.975,600,-600,1
37.344,562.0,772.0,876.0,772.0,0.2012,0.2778,0.2913,0.3423,0.2845,,EDGE_TURN,进入危险区，直接大转 180 度,front,-0.0765,-0.051,1,danger_turn,180.0,right,0.975,600,-600,1
37.364,565.0,763.0,876.0,775.0,0.2105,0.2778,0.3131,0.3356,0.2954,,EDGE_TURN,进入危险区，直接大转 180 度,front,-0.0673,-0.0225,1,danger_turn,180.0,right,0.975,600,-600,1
37.384,568.0,762.0,871.0,783.0,0.2198,0.2599,0.3131,0.3356,0.2865,,EDGE_TURN,进入危险区，直接大转 180 度,front,-0.0401,-0.0225,1,danger_turn,180.0,right,0.975,600,-600,1
37.404,570.0,754.0,873.0,776.0,0.2291,0.2579,0.3058,0.3389,0.2819,,EDGE_TURN,进入危险区，直接大转 180 度,front,-0.0288,-0.0331,1,danger_turn,180.0,right,0.975,600,-600,1
37.424,577.0,763.0,867.0,782.0,0.2353,0.2579,0.301,0.3591,0.2795,,EDGE_TURN,进入危险区，直接大转 180 度,front,-0.0226,-0.0581,1,danger_turn,180.0,right,0.975,600,-600,1
37.444,577.0,763.0,867.0,782.0,0.257,0.2599,0.2913,0.3591,0.2756,,EDGE_TURN,进入危险区，直接大转 180 度,front,-0.003,-0.0678,1,danger_turn,180.0,right,0.975,600,-600,1
37.464,576.0,755.0,861.0,786.0,0.257,0.2599,0.2913,0.3591,0.2756,,EDGE_TURN,进入危险区，直接大转 180 度,front,-0.003,-0.0678,1,danger_turn,180.0,right,0.975,600,-600,1
37.484,576.0,749.0,859.0,786.0,0.2539,0.244,0.2767,0.3725,0.2653,,EDGE_TURN,进入危险区，直接大转 180 度,front,0.0098,-0.0958,1,danger_turn,180.0,right,0.975,600,-600,1
37.504,576.0,760.0,854.0,788.0,0.2539,0.244,0.2718,0.3725,0.2629,,EDGE_TURN,进入危险区，直接大转 180 度,front,0.0098,-0.1006,1,danger_turn,180.0,right,0.975,600,-600,1
37.525,579.0,744.0,859.0,784.0,0.2539,0.2321,0.2718,0.3725,0.2629,,EDGE_TURN,进入危险区，直接大转 180 度,front,0.0217,-0.1006,1,danger_turn,180.0,right,0.975,600,-600,1
37.545,579.0,732.0,874.0,777.0,0.2632,0.2222,0.2718,0.3658,0.2675,,EDGE_TURN,进入危险区，直接大转 180 度,front,0.0409,-0.0939,1,danger_turn,180.0,right,0.975,600,-600,1
37.565,578.0,732.0,874.0,760.0,0.2632,0.1984,0.3083,0.3423,0.2857,,EDGE_TURN,进入危险区，直接大转 180 度,front,0.0647,-0.034,1,danger_turn,180.0,right,0.975,600,-600,1
37.585,578.0,741.0,865.0,758.0,0.2601,0.1984,0.3083,0.2852,0.2726,,EDGE_TURN,进入危险区，直接大转 180 度,front,0.0616,0.023,1,danger_turn,180.0,right,0.975,600,-600,1
37.605,576.0,745.0,863.0,750.0,0.2601,0.2163,0.2864,0.2785,0.2693,,EDGE_TURN,进入危险区，直接大转 180 度,front,0.0438,0.0079,1,danger_turn,180.0,right,0.975,600,-600,1
37.625,576.0,744.0,867.0,764.0,0.2539,0.2222,0.2864,0.2785,0.2662,,EDGE_TURN,进入危险区，直接大转 180 度,front,0.0316,0.0079,1,danger_turn,180.0,right,0.975,600,-600,1
37.645,575.0,751.0,863.0,765.0,0.2539,0.2242,0.2816,0.2987,0.2677,,EDGE_TURN,进入危险区，直接大转 180 度,front,0.0297,-0.0171,1,danger_turn,180.0,right,0.975,600,-600,1
37.665,574.0,747.0,854.0,764.0,0.2508,0.2282,0.2816,0.2987,0.2662,,EDGE_TURN,进入危险区，直接大转 180 度,front,0.0226,-0.0171,1,danger_turn,180.0,right,0.975,600,-600,1
37.685,574.0,739.0,853.0,755.0,0.2477,0.2282,0.2597,0.2987,0.2537,,EDGE_TURN,进入危险区，直接大转 180 度,front,0.0195,-0.0389,1,danger_turn,180.0,right,0.975,600,-600,1
37.705,571.0,737.0,860.0,745.0,0.2477,0.2123,0.2597,0.2685,0.2537,,EDGE_TURN,进入危险区，直接大转 180 度,front,0.0354,-0.0087,1,danger_turn,180.0,right,0.975,600,-600,1
37.726,564.0,737.0,870.0,756.0,0.2384,0.2083,0.2743,0.2685,0.2534,,EDGE_TURN,进入危险区，直接大转 180 度,front,0.0301,0.0058,1,danger_turn,180.0,right,0.975,600,-600,1
37.746,565.0,729.0,872.0,765.0,0.2198,0.2083,0.2985,0.2718,0.2458,,EDGE_TURN,进入危险区，直接大转 180 度,front,0.0115,0.0267,1,danger_turn,180.0,right,0.975,600,-600,1
37.766,564.0,727.0,871.0,748.0,0.2167,0.1925,0.301,0.2718,0.2443,,EDGE_TURN,进入危险区，直接大转 180 度,front,0.0243,0.0292,1,danger_turn,180.0,right,0.975,600,-600,1
37.786,566.0,723.0,867.0,732.0,0.2198,0.1885,0.301,0.245,0.2324,,RECOVER_FORWARD,180 度转向完成，向前离开边缘,front,0.0313,0.056,1,danger,0.0,,0.0,550,550,1
37.806,569.0,717.0,865.0,733.0,0.2229,0.1806,0.2913,0.1946,0.2088,,RECOVER_FORWARD,180 度转向完成，向前离开边缘,front,0.0424,0.0966,1,danger,0.0,,0.0,550,550,1
37.826,575.0,723.0,857.0,734.0,0.2322,0.1806,0.2864,0.1946,0.2134,,RECOVER_FORWARD,180 度转向完成，向前离开边缘,front,0.0516,0.0918,1,danger,0.0,,0.0,550,550,1
37.846,579.0,727.0,857.0,730.0,0.2508,0.1806,0.267,0.1946,0.2227,,RECOVER_FORWARD,180 度转向完成，向前离开边缘,front,0.0702,0.0724,1,danger,0.0,,0.0,550,550,1
37.866,576.0,724.0,853.0,716.0,0.2539,0.1825,0.267,0.1846,0.2192,,RECOVER_FORWARD,180 度转向完成，向前离开边缘,front,0.0713,0.0824,1,danger,0.0,,0.0,550,550,1
37.886,576.0,724.0,853.0,716.0,0.2539,0.1825,0.2573,0.1376,0.2182,,RECOVER_FORWARD,180 度转向完成，向前离开边缘,front,0.0713,0.1197,1,danger,0.0,,0.0,550,550,1
37.907,572.0,732.0,858.0,715.0,0.2539,0.1825,0.2573,0.1376,0.2182,,RECOVER_FORWARD,180 度转向完成，向前离开边缘,front,0.0713,0.1197,1,danger,0.0,,0.0,550,550,1
37.927,567.0,737.0,851.0,717.0,0.2415,0.1984,0.2573,0.1376,0.2199,,RECOVER_FORWARD,180 度转向完成，向前离开边缘,front,0.0431,0.1197,1,danger,0.0,,0.0,550,550,1
37.947,564.0,733.0,846.0,720.0,0.226,0.2004,0.2524,0.1409,0.2132,,RECOVER_FORWARD,180 度转向完成，向前离开边缘,front,0.0256,0.1115,1,danger,0.0,,0.0,550,550,1
37.967,557.0,736.0,866.0,722.0,0.2167,0.2063,0.2524,0.151,0.2115,,RECOVER_FORWARD,180 度转向完成，向前离开边缘,front,0.0104,0.1014,1,danger,0.0,,0.0,550,550,1
37.987,555.0,742.0,885.0,722.0,0.195,0.2063,0.2888,0.1577,0.2007,,RECOVER_FORWARD,180 度转向完成，向前离开边缘,front,-0.0113,0.1311,1,danger,0.0,,0.0,550,550,1
38.007,553.0,741.0,890.0,721.0,0.1889,0.2163,0.335,0.1577,0.2026,,RECOVER_FORWARD,180 度转向完成，向前离开边缘,front,-0.0274,0.1772,1,danger,0.0,,0.0,550,550,1
38.027,549.0,732.0,887.0,721.0,0.1827,0.2163,0.3398,0.1544,0.1995,,RECOVER_FORWARD,180 度转向完成，向前离开边缘,front,-0.0336,0.1854,1,danger,0.0,,0.0,550,550,1
38.047,554.0,736.0,892.0,720.0,0.1827,0.2063,0.3471,0.1544,0.1945,,RECOVER_FORWARD,180 度转向完成，向前离开边缘,front,-0.0237,0.1927,1,danger,0.0,,0.0,550,550,1
38.067,554.0,731.0,900.0,718.0,0.1858,0.1984,0.3519,0.151,0.1921,,RECOVER_FORWARD,180 度转向完成，向前离开边缘,front,-0.0127,0.2009,1,danger,0.0,,0.0,550,550,1
38.088,543.0,720.0,896.0,718.0,0.1858,0.1964,0.3617,0.1443,0.1911,,RECOVER_FORWARD,180 度转向完成，向前离开边缘,front,-0.0107,0.2174,1,danger,0.0,,0.0,550,550,1
38.108,539.0,709.0,886.0,717.0,0.1517,0.1746,0.3617,0.1443,0.1632,,RECOVER_FORWARD,180 度转向完成，向前离开边缘,front,-0.0229,0.2174,1,danger,0.0,,0.0,550,550,1
38.128,551.0,701.0,878.0,720.0,0.1517,0.1528,0.3374,0.1443,0.1522,,RECOVER_FORWARD,180 度转向完成，向前离开边缘,front,-0.0011,0.1931,1,danger,0.0,,0.0,550,550,1
38.148,561.0,704.0,874.0,722.0,0.1765,0.1429,0.318,0.151,0.1637,,RECOVER_FORWARD,180 度转向完成，向前离开边缘,front,0.0336,0.167,1,danger,0.0,,0.0,550,550,1
38.168,557.0,710.0,870.0,727.0,0.195,0.1429,0.3083,0.1577,0.1764,,RECOVER_FORWARD,180 度转向完成，向前离开边缘,front,0.0522,0.1505,1,danger,0.0,,0.0,550,550,1
38.188,552.0,725.0,870.0,729.0,0.195,0.1548,0.2985,0.1745,0.1848,,RECOVER_FORWARD,180 度转向完成，向前离开边缘,front,0.0403,0.124,1,danger,0.0,,0.0,550,550,1
38.208,555.0,738.0,884.0,728.0,0.1889,0.1845,0.2985,0.1779,0.1867,,RECOVER_FORWARD,180 度转向完成，向前离开边缘,front,0.0043,0.1207,1,danger,0.0,,0.0,550,550,1
38.228,565.0,738.0,903.0,719.0,0.1889,0.2103,0.3325,0.1779,0.1996,,RECOVER_FORWARD,180 度转向完成，向前离开边缘,front,-0.0215,0.1547,1,danger,0.0,,0.0,550,550,1
38.248,563.0,741.0,906.0,714.0,0.2136,0.2103,0.3786,0.1477,0.212,,RECOVER_FORWARD,180 度转向完成，向前离开边缘,front,0.0033,0.231,1,danger,0.0,,0.0,550,550,1
38.269,566.0,750.0,905.0,712.0,0.2198,0.2163,0.3835,0.1309,0.218,,RECOVER_FORWARD,180 度转向完成，向前离开边缘,front,0.0035,0.2526,1,danger,0.0,,0.0,550,550,1
38.289,566.0,743.0,909.0,721.0,0.2229,0.2202,0.3859,0.1309,0.2216,,RECOVER_FORWARD,180 度转向完成，向前离开边缘,front,0.0027,0.255,1,danger,0.0,,0.0,550,550,1
38.309,566.0,743.0,909.0,721.0,0.2229,0.2202,0.3932,0.1544,0.2216,,RECOVER_FORWARD,180 度转向完成，向前离开边缘,front,0.0027,0.2388,1,danger,0.0,,0.0,550,550,1
38.329,568.0,732.0,921.0,733.0,0.2229,0.2202,0.3932,0.1544,0.2216,,RECOVER_FORWARD,180 度转向完成，向前离开边缘,front,0.0027,0.2388,1,danger,0.0,,0.0,550,550,1
38.349,571.0,715.0,925.0,738.0,0.2291,0.1984,0.4223,0.1946,0.2138,,RECOVER_FORWARD,180 度转向完成，向前离开边缘,front,0.0307,0.2277,1,danger,0.0,,0.0,550,550,1
38.369,571.0,726.0,909.0,733.0,0.2384,0.1865,0.4223,0.1946,0.2165,,RECOVER_FORWARD,180 度转向完成，向前离开边缘,front,0.0519,0.2277,1,danger,0.0,,0.0,550,550,1
38.389,564.0,747.0,905.0,729.0,0.2384,0.1865,0.3932,0.1946,0.2165,,RECOVER_FORWARD,180 度转向完成，向前离开边缘,front,0.0519,0.1986,1,danger,0.0,,0.0,550,550,1
38.409,562.0,752.0,912.0,737.0,0.2167,0.2282,0.3932,0.1946,0.2224,,RECOVER_FORWARD,180 度转向完成，向前离开边缘,front,-0.0115,0.1986,1,danger,0.0,,0.0,550,550,1
38.429,558.0,732.0,913.0,729.0,0.2105,0.2282,0.4005,0.1812,0.2194,,RECOVER_FORWARD,180 度转向完成，向前离开边缘,front,-0.0176,0.2193,1,danger,0.0,,0.0,550,550,1
38.449,564.0,754.0,913.0,747.0,0.2105,0.2381,0.4029,0.2081,0.2243,,RECOVER_FORWARD,180 度转向完成，向前离开边缘,front,-0.0276,0.1949,1,danger,0.0,,0.0,550,550,1
38.47,571.0,762.0,913.0,754.0,0.2167,0.2421,0.4029,0.2416,0.2418,,RECOVER_FORWARD,180 度转向完成，向前离开边缘,front,-0.0253,0.1613,1,danger,0.0,,0.0,550,550,1
38.49,577.0,777.0,914.0,742.0,0.2384,0.2579,0.4029,0.2416,0.2498,,RECOVER_FORWARD,180 度转向完成，向前离开边缘,front,-0.0195,0.1613,1,danger,0.0,,0.0,550,550,1
38.51,585.0,774.0,927.0,743.0,0.257,0.2817,0.4053,0.2282,0.2694,,RECOVER_FORWARD,180 度转向完成，向前离开边缘,front,-0.0248,0.1772,1,danger,0.0,,0.0,550,550,1
38.53,581.0,787.0,926.0,757.0,0.2693,0.2877,0.4345,0.2282,0.2785,,RECOVER_FORWARD,180 度转向完成，向前离开边缘,front,-0.0183,0.2063,1,danger,0.0,,0.0,550,550,1
38.55,568.0,786.0,931.0,772.0,0.2693,0.3056,0.4369,0.2752,0.2904,,RECOVER_FORWARD,180 度转向完成，向前离开边缘,front,-0.0362,0.1617,1,danger,0.0,,0.0,550,550,1
38.57,576.0,792.0,916.0,766.0,0.2539,0.3075,0.4345,0.3054,0.3065,,RECOVER_FORWARD,180 度转向完成，向前离开边缘,front,-0.0537,0.1291,1,danger,0.0,,0.0,550,550,1
38.59,586.0,787.0,933.0,765.0,0.2539,0.3075,0.4466,0.3054,0.3065,,RECOVER_FORWARD,180 度转向完成，向前离开边缘,front,-0.0537,0.1412,1,danger,0.0,,0.0,550,550,1
38.61,591.0,777.0,917.0,737.0,0.2848,0.3075,0.4126,0.302,0.3048,,RECOVER_FORWARD,180 度转向完成，向前离开边缘,front,-0.0227,0.1106,1,danger,0.0,,0.0,550,550,1
38.63,593.0,773.0,929.0,752.0,0.3003,0.2877,0.4417,0.2584,0.294,,RECOVER_FORWARD,180 度转向完成，向前离开边缘,front,0.0126,0.1834,1,danger,0.0,,0.0,550,550,1
38.65,600.0,785.0,930.0,765.0,0.3065,0.2877,0.4417,0.2584,0.2971,,RECOVER_FORWARD,180 度转向完成，向前离开边缘,front,0.0188,0.1834,1,danger,0.0,,0.0,550,550,1
38.671,613.0,788.0,951.0,755.0,0.3282,0.3036,0.4442,0.2685,0.3159,,RECOVER_FORWARD,180 度转向完成，向前离开边缘,front,0.0246,0.1757,1,danger,0.0,,0.0,550,550,1
38.691,617.0,805.0,954.0,762.0,0.3684,0.3095,0.4951,0.2919,0.339,,RECOVER_FORWARD,180 度转向完成，向前离开边缘,front,0.0589,0.2032,1,danger,0.0,,0.0,550,550,1
38.711,624.0,810.0,954.0,735.0,0.3808,0.3433,0.5024,0.2685,0.362,,RECOVER_FORWARD,180 度转向完成，向前离开边缘,front,0.0376,0.234,0,danger,0.0,,0.0,550,550,1
38.731,621.0,791.0,973.0,774.0,0.3932,0.3433,0.5024,0.2919,0.3682,,RECOVER_FORWARD,180 度转向完成，向前离开边缘,front,0.0499,0.2105,0,danger,0.0,,0.0,550,550,1
38.751,632.0,807.0,964.0,783.0,0.4025,0.3472,0.5267,0.3322,0.3748,,RECOVER_FORWARD,180 度转向完成，向前离开边缘,front,0.0553,0.1945,0,danger,0.0,,0.0,550,550,1
38.771,634.0,824.0,969.0,795.0,0.4272,0.3472,0.5388,0.3624,0.3948,,RECOVER_FORWARD,180 度转向完成，向前离开边缘,front,0.08,0.1764,0,danger,0.0,,0.0,550,550,1
38.791,642.0,826.0,984.0,787.0,0.4334,0.381,0.5388,0.3758,0.4072,,RECOVER_FORWARD,180 度转向完成，向前离开边缘,front,0.0525,0.163,0,danger,0.0,,0.0,550,550,1
38.811,641.0,828.0,995.0,785.0,0.4551,0.3849,0.5752,0.3758,0.42,,RECOVER_FORWARD,180 度转向完成，向前离开边缘,front,0.0702,0.1994,0,danger,0.0,,0.0,550,550,1
38.831,649.0,854.0,1011.0,788.0,0.4582,0.3889,0.6019,0.3758,0.4235,,RECOVER_FORWARD,180 度转向完成，向前离开边缘,front,0.0693,0.2261,0,danger,0.0,,0.0,550,550,1
38.851,667.0,862.0,1004.0,804.0,0.4799,0.4405,0.6238,0.3792,0.4602,,RECOVER_FORWARD,180 度转向完成，向前离开边缘,front,0.0394,0.2446,0,danger,0.0,,0.0,550,550,1
38.871,683.0,879.0,999.0,798.0,0.5356,0.4563,0.6238,0.4128,0.496,,RECOVER_FORWARD,180 度转向完成，向前离开边缘,front,0.0793,0.211,0,danger,0.0,,0.0,550,550,1
38.892,669.0,878.0,997.0,803.0,0.5418,0.4881,0.6117,0.4295,0.5149,,RECOVER_FORWARD,180 度转向完成，向前离开边缘,front,0.0537,0.1821,0,danger,0.0,,0.0,550,550,1
38.912,669.0,892.0,995.0,815.0,0.5418,0.4901,0.6068,0.4295,0.5159,,RECOVER_FORWARD,180 度转向完成，向前离开边缘,front,0.0517,0.1773,0,danger,0.0,,0.0,550,550,1
38.932,669.0,892.0,995.0,815.0,0.5418,0.5159,0.6019,0.4698,0.5288,,RECOVER_FORWARD,180 度转向完成，向前离开边缘,front,0.0259,0.1321,0,danger,0.0,,0.0,550,550,1
38.952,673.0,900.0,1017.0,835.0,0.5418,0.5159,0.6019,0.4698,0.5288,,RECOVER_FORWARD,180 度转向完成，向前离开边缘,front,0.0259,0.1321,0,danger,0.0,,0.0,550,550,1
38.972,684.0,905.0,1037.0,834.0,0.5542,0.5317,0.6553,0.5336,0.5439,,RECOVER_FORWARD,180 度转向完成，向前离开边缘,front,0.0224,0.1218,0,danger,0.0,,0.0,550,550,1
38.992,683.0,906.0,1064.0,844.0,0.5851,0.5417,0.7039,0.5369,0.5634,,RECOVER_FORWARD,180 度转向完成，向前离开边缘,front,0.0435,0.167,0,danger,0.0,,0.0,550,550,1
39.012,689.0,913.0,1063.0,840.0,0.5882,0.5437,0.767,0.5537,0.571,,RECOVER_FORWARD,180 度转向完成，向前离开边缘,front,0.0446,0.2133,0,danger,0.0,,0.0,550,550,1
39.032,702.0,928.0,1067.0,864.0,0.6037,0.5575,0.7694,0.5671,0.5854,,RECOVER_FORWARD,180 度转向完成，向前离开边缘,front,0.0462,0.2023,0,danger,0.0,,0.0,550,550,1
39.052,700.0,954.0,1081.0,878.0,0.6378,0.5873,0.7767,0.6342,0.636,,RECOVER_FORWARD,180 度转向完成，向前离开边缘,front,0.0505,0.1425,0,danger,0.0,,0.0,550,550,1
39.072,710.0,948.0,1095.0,886.0,0.644,0.627,0.8107,0.6812,0.6626,,RECOVER_FORWARD,180 度转向完成，向前离开边缘,front,0.017,0.1295,0,danger,0.0,,0.0,550,550,1
39.092,734.0,947.0,1102.0,883.0,0.6687,0.627,0.8447,0.698,0.6834,,RECOVER_FORWARD,180 度转向完成，向前离开边缘,front,0.0417,0.1467,0,danger,0.0,,0.0,550,550,1
39.112,735.0,946.0,1108.0,883.0,0.743,0.625,0.8617,0.698,0.7205,,RECOVER_FORWARD,180 度转向完成，向前离开边缘,front,0.118,0.1637,0,danger,0.0,,0.0,550,550,1
39.133,743.0,952.0,1117.0,901.0,0.7461,0.625,0.8762,0.698,0.7221,,RECOVER_FORWARD,180 度转向完成，向前离开边缘,front,0.1211,0.1782,0,danger,0.0,,0.0,550,550,1
39.153,749.0,960.0,1130.0,908.0,0.7709,0.6349,0.8981,0.7584,0.7646,,RECOVER_FORWARD,180 度转向完成，向前离开边缘,front,0.136,0.1397,0,danger,0.0,,0.0,550,550,1
39.173,752.0,969.0,1140.0,907.0,0.7895,0.6508,0.9296,0.7785,0.784,,RECOVER_FORWARD,180 度转向完成，向前离开边缘,front,0.1387,0.1511,0,danger,0.0,,0.0,550,550,1
39.193,752.0,995.0,1147.0,890.0,0.7988,0.6687,0.9539,0.7785,0.7886,,RECOVER_FORWARD,180 度转向完成，向前离开边缘,front,0.1301,0.1754,0,danger,0.0,,0.0,550,550,1
39.213,748.0,991.0,1127.0,910.0,0.7988,0.7123,0.9539,0.7785,0.7886,,RECOVER_FORWARD,180 度转向完成，向前离开边缘,front,0.0865,0.1754,0,danger,0.0,,0.0,550,550,1
39.233,768.0,1005.0,1140.0,918.0,0.7988,0.7202,0.9539,0.7886,0.7937,,RECOVER_FORWARD,180 度转向完成，向前离开边缘,front,0.0785,0.1653,0,danger,0.0,,0.0,550,550,1
39.253,753.0,1041.0,1156.0,934.0,0.8019,0.7401,0.9539,0.8154,0.8086,,RECOVER_FORWARD,180 度转向完成，向前离开边缘,front,0.0618,0.1384,0,danger,0.0,,0.0,550,550,1
39.273,768.0,1043.0,1163.0,972.0,0.8483,0.8115,0.9927,0.8691,0.8587,,RECOVER_FORWARD,180 度转向完成，向前离开边缘,front,0.0368,0.1236,0,danger,0.0,,0.0,550,550,1
39.293,776.0,1059.0,1176.0,936.0,0.8483,0.8155,1.0097,0.8758,0.8621,,MEDIUM_CRUISE,已脱离暗外圈,,0.0328,0.1339,0,medium,0.0,,0.0,450,400,1
39.314,784.0,1060.0,1184.0,937.0,0.8731,0.8472,1.0413,0.8792,0.8761,,MEDIUM_CRUISE,按区域分级巡航,,0.0258,0.1621,0,medium,0.0,,0.0,450,400,1
39.334,787.0,1066.0,1192.0,970.0,0.8978,0.8492,1.0607,0.8792,0.8885,,MEDIUM_CRUISE,按区域分级巡航,,0.0486,0.1815,0,medium,0.0,,0.0,450,400,1
39.354,808.0,1067.0,1200.0,974.0,0.9071,0.8611,1.0801,0.9899,0.9485,,CRUISE,按区域分级巡航,,0.046,0.0902,0,fast,0.0,,0.0,500,400,1
39.374,807.0,1050.0,1190.0,970.0,0.969,0.8611,1.0801,0.9899,0.9795,,CRUISE,按区域分级巡航,,0.1079,0.0902,0,fast,0.0,,0.0,500,400,1
39.394,813.0,1074.0,1192.0,990.0,0.9721,0.8631,1.0801,1.0034,0.9877,,CRUISE,按区域分级巡航,,0.109,0.0767,0,fast,0.0,,0.0,500,400,1
39.414,813.0,1061.0,1216.0,953.0,0.9876,0.8512,1.0801,0.9899,0.9888,,CRUISE,按区域分级巡航,,0.1364,0.0902,0,fast,0.0,,0.0,500,400,1
39.434,821.0,1068.0,1220.0,966.0,0.9876,0.8651,1.1383,0.9765,0.9821,,CRUISE,按区域分级巡航,,0.1225,0.1618,0,fast,0.0,,0.0,500,400,1
39.454,822.0,1092.0,1233.0,960.0,1.0124,0.8651,1.1481,0.9564,0.9844,,CRUISE,按区域分级巡航,,0.1473,0.1917,0,fast,0.0,,0.0,500,400,1
39.474,816.0,1099.0,1220.0,969.0,1.0124,0.9127,1.1481,0.9765,0.9944,,CRUISE,按区域分级巡航,,0.0997,0.1715,0,fast,0.0,,0.0,500,400,1
39.494,816.0,1099.0,1220.0,969.0,0.9969,0.9266,1.1481,0.9866,0.9917,,CRUISE,按区域分级巡航,,0.0703,0.1615,0,fast,0.0,,0.0,500,400,1
39.515,829.0,1110.0,1232.0,986.0,0.9969,0.9266,1.1481,0.9866,0.9917,,CRUISE,按区域分级巡航,,0.0703,0.1615,0,fast,0.0,,0.0,500,400,1
39.535,835.0,1113.0,1241.0,999.0,1.0372,0.9484,1.1772,1.0436,1.0404,,CRUISE,按区域分级巡航,,0.0887,0.1336,0,fast,0.0,,0.0,500,400,1
39.555,837.0,1127.0,1249.0,1006.0,1.0557,0.9544,1.199,1.0872,1.0715,,CRUISE,按区域分级巡航,,0.1014,0.1118,0,fast,0.0,,0.0,500,400,1
39.575,836.0,1133.0,1257.0,991.0,1.0588,0.9821,1.2184,1.0872,1.073,,CRUISE,按区域分级巡航,,0.0767,0.1312,0,fast,0.0,,0.0,500,400,1
39.595,833.0,1134.0,1264.0,978.0,1.0588,0.994,1.2379,1.0604,1.0596,,CRUISE,按区域分级巡航,,0.0648,0.1775,0,fast,0.0,,0.0,500,400,1
39.615,831.0,1130.0,1273.0,1000.0,1.0495,0.994,1.2549,1.0604,1.055,,CRUISE,按区域分级巡航,,0.0555,0.1945,0,fast,0.0,,0.0,500,400,1
39.635,800.0,1136.0,1280.0,1000.0,1.0433,0.996,1.2767,1.0906,1.067,,CRUISE,按区域分级巡航,,0.0473,0.1861,0,fast,0.0,,0.0,500,400,1
39.655,816.0,1139.0,1285.0,989.0,0.9969,1.0,1.2937,1.0906,1.0453,,CRUISE,按区域分级巡航,,-0.0031,0.2031,0,fast,0.0,,0.0,500,400,1
39.675,877.0,1156.0,1290.0,992.0,0.9969,1.006,1.3058,1.0638,1.0349,,CRUISE,按区域分级巡航,,-0.009,0.2421,0,fast,0.0,,0.0,500,400,1
39.696,861.0,1152.0,1293.0,983.0,1.1362,1.0317,1.318,1.0537,1.095,,CRUISE,按区域分级巡航,,0.1045,0.2643,0,fast,0.0,,0.0,500,400,1
39.716,845.0,1149.0,1272.0,990.0,1.1362,1.0317,1.318,1.057,1.0966,,CRUISE,按区域分级巡航,,0.1045,0.2609,0,fast,0.0,,0.0,500,400,1
39.736,849.0,1151.0,1272.0,955.0,1.0991,1.0298,1.2743,1.0336,1.0663,,CRUISE,按区域分级巡航,,0.0693,0.2407,0,fast,0.0,,0.0,500,400,1
39.756,858.0,1155.0,1270.0,969.0,1.0991,1.0298,1.2743,0.9866,1.0644,,CRUISE,按区域分级巡航,,0.0693,0.2877,0,fast,0.0,,0.0,500,400,1
39.776,865.0,1163.0,1222.0,1006.0,1.1269,1.0377,1.2694,0.9866,1.0823,,CRUISE,按区域分级巡航,,0.0892,0.2828,0,fast,0.0,,0.0,500,400,1
39.796,859.0,1162.0,1165.0,984.0,1.13,1.0516,1.1529,1.0369,1.0908,,CRUISE,按区域分级巡航,,0.0784,0.116,0,fast,0.0,,0.0,500,400,1
39.816,862.0,1164.0,1244.0,978.0,1.1393,1.0536,1.1529,1.0369,1.0964,,CRUISE,按区域分级巡航,,0.0857,0.116,0,fast,0.0,,0.0,500,400,1
39.836,854.0,1166.0,1267.0,981.0,1.13,1.0556,1.2063,1.0268,1.0928,,CRUISE,按区域分级巡航,,0.0745,0.1795,0,fast,0.0,,0.0,500,400,1
39.856,851.0,1190.0,1281.0,981.0,1.1146,1.0595,1.2621,1.0268,1.087,,CRUISE,按区域分级巡航,,0.055,0.2353,0,fast,0.0,,0.0,500,400,1
39.876,846.0,1261.0,1275.0,973.0,1.1053,1.1071,1.2816,1.0268,1.1062,,CRUISE,按区域分级巡航,,-0.0019,0.2547,0,fast,0.0,,0.0,500,400,1
39.897,851.0,1182.0,1287.0,977.0,1.1053,1.1071,1.2961,1.0134,1.1062,,CRUISE,按区域分级巡航,,-0.0019,0.2827,0,fast,0.0,,0.0,500,400,1
39.917,851.0,1182.0,1287.0,977.0,1.1053,1.0913,1.3107,1.0134,1.0983,,CRUISE,按区域分级巡航,,0.014,0.2973,0,fast,0.0,,0.0,500,400,1
39.937,851.0,1132.0,1274.0,966.0,1.1053,1.0913,1.3107,1.0134,1.0983,,CRUISE,按区域分级巡航,,0.014,0.2973,0,fast,0.0,,0.0,500,400,1
39.957,845.0,1164.0,1263.0,987.0,1.1053,1.0556,1.2791,1.0134,1.0804,,CRUISE,按区域分级巡航,,0.0497,0.2657,0,fast,0.0,,0.0,500,400,1
39.977,837.0,1187.0,1261.0,988.0,1.0867,1.0556,1.2524,1.047,1.0711,,CRUISE,按区域分级巡航,,0.0311,0.2054,0,fast,0.0,,0.0,500,400,1
39.997,835.0,1170.0,1258.0,990.0,1.0619,1.0675,1.2476,1.0503,1.0647,,CRUISE,按区域分级巡航,,-0.0055,0.1972,0,fast,0.0,,0.0,500,400,1
40.017,832.0,1176.0,1260.0,988.0,1.0557,1.0794,1.2451,1.0503,1.0675,,CRUISE,按区域分级巡航,,-0.0236,0.1948,0,fast,0.0,,0.0,500,400,1
40.037,828.0,1175.0,1255.0,968.0,1.0464,1.0774,1.2403,1.0503,1.0639,,CRUISE,按区域分级巡航,,-0.0309,0.19,0,fast,0.0,,0.0,500,400,1
40.057,830.0,1178.0,1253.0,967.0,1.0402,1.0794,1.233,0.9832,1.0598,,CRUISE,按区域分级巡航,,-0.0391,0.2498,0,fast,0.0,,0.0,500,400,1
40.077,826.0,1180.0,1258.0,963.0,1.0341,1.0833,1.233,0.9799,1.0587,,CRUISE,按区域分级巡航,,-0.0493,0.2531,0,fast,0.0,,0.0,500,400,1
40.098,819.0,1175.0,1250.0,966.0,1.0279,1.0833,1.2282,0.9765,1.0556,,CRUISE,按区域分级巡航,,-0.0555,0.2516,0,fast,0.0,,0.0,500,400,1
40.118,812.0,1165.0,1246.0,982.0,1.0062,1.0774,1.2209,0.9765,1.0418,,CRUISE,按区域分级巡航,,-0.0712,0.2444,0,fast,0.0,,0.0,500,400,1
40.138,794.0,1164.0,1242.0,974.0,0.9845,1.0575,1.2112,1.0034,1.0304,,CRUISE,按区域分级巡航,,-0.073,0.2078,0,fast,0.0,,0.0,500,400,1
40.158,818.0,1167.0,1247.0,963.0,0.9845,1.0575,1.2112,1.0034,1.0304,,CRUISE,按区域分级巡航,,-0.073,0.2078,0,fast,0.0,,0.0,500,400,1
40.178,825.0,1168.0,1244.0,960.0,1.0031,1.0615,1.2063,0.9664,1.0323,,CRUISE,按区域分级巡航,,-0.0584,0.2399,0,fast,0.0,,0.0,500,400,1
40.198,830.0,1163.0,1249.0,957.0,1.0248,1.0615,1.2136,0.9564,1.0431,,CRUISE,按区域分级巡航,,-0.0367,0.2572,0,fast,0.0,,0.0,500,400,1
40.218,828.0,1158.0,1246.0,958.0,1.0341,1.0536,1.2112,0.9497,1.0438,,CRUISE,按区域分级巡航,,-0.0195,0.2615,0,fast,0.0,,0.0,500,400,1
40.238,817.0,1160.0,1250.0,978.0,1.0341,1.0476,1.2184,0.9497,1.0408,,CRUISE,按区域分级巡航,,-0.0136,0.2688,0,fast,0.0,,0.0,500,400,1
40.258,802.0,1162.0,1250.0,973.0,1.0,1.0476,1.2209,1.0,1.0238,,CRUISE,按区域分级巡航,,-0.0476,0.2209,0,fast,0.0,,0.0,500,400,1
40.279,807.0,1155.0,1252.0,984.0,0.969,1.0476,1.2209,1.0168,1.0322,,CRUISE,按区域分级巡航,,-0.0786,0.2041,0,fast,0.0,,0.0,500,400,1
40.299,807.0,1154.0,1240.0,987.0,0.969,1.0377,1.2209,1.0369,1.0373,,CRUISE,按区域分级巡航,,-0.0687,0.184,0,fast,0.0,,0.0,500,400,1
40.319,801.0,1158.0,1249.0,986.0,0.969,1.0377,1.2184,1.0436,1.0407,,CRUISE,按区域分级巡航,,-0.0687,0.1748,0,fast,0.0,,0.0,500,400,1
40.339,788.0,1146.0,1237.0,977.0,0.9505,1.0357,1.1966,1.0436,1.0397,,CRUISE,按区域分级巡航,,-0.0852,0.153,0,fast,0.0,,0.0,500,400,1
40.359,788.0,1146.0,1237.0,977.0,0.9102,1.0198,1.1893,1.0134,1.0166,,CRUISE,按区域分级巡航,,-0.1096,0.1759,0,fast,0.0,,0.0,500,400,1
40.379,784.0,1149.0,1228.0,958.0,0.9102,1.0198,1.1893,1.0134,1.0166,,CRUISE,按区域分级巡航,,-0.1096,0.1759,0,fast,0.0,,0.0,500,400,1
40.399,787.0,1170.0,1220.0,948.0,0.9071,1.0258,1.1675,0.9497,0.9877,,CRUISE,按区域分级巡航,,-0.1187,0.2178,0,fast,0.0,,0.0,500,400,1
40.419,783.0,1177.0,1214.0,941.0,0.8978,1.0675,1.1481,0.9161,0.9918,,CRUISE,按区域分级巡航,,-0.1696,0.232,0,fast,0.0,,0.0,500,400,1
40.439,772.0,1171.0,1212.0,935.0,0.8947,1.0694,1.1335,0.8926,0.9821,,CRUISE,按区域分级巡航,,-0.1747,0.2409,0,fast,0.0,,0.0,500,400,1
40.459,777.0,1154.0,1205.0,904.0,0.8762,1.0694,1.1286,0.8725,0.9728,,CRUISE,按区域分级巡航,,-0.1933,0.2562,0,fast,0.0,,0.0,500,400,1
40.48,775.0,1136.0,1202.0,923.0,0.87,1.0357,1.1117,0.8322,0.9528,,CRUISE,按区域分级巡航,,-0.1657,0.2794,0,fast,0.0,,0.0,500,400,1
40.5,775.0,1129.0,1203.0,948.0,0.87,1.0,1.1068,0.8322,0.935,,CRUISE,按区域分级巡航,,-0.13,0.2746,0,fast,0.0,,0.0,500,400,1
40.52,763.0,1118.0,1200.0,944.0,0.87,0.9861,1.1044,0.9027,0.9444,,CRUISE,按区域分级巡航,,-0.1161,0.2017,0,fast,0.0,,0.0,500,400,1
40.54,759.0,1107.0,1197.0,945.0,0.8328,0.9643,1.0995,0.906,0.9352,,CRUISE,按区域分级巡航,,-0.1315,0.1935,0,fast,0.0,,0.0,500,400,1
40.56,761.0,1108.0,1202.0,944.0,0.8266,0.9444,1.0995,0.9027,0.9236,,CRUISE,按区域分级巡航,,-0.1178,0.1968,0,fast,0.0,,0.0,500,400,1
40.58,757.0,1109.0,1186.0,943.0,0.8204,0.9444,1.0922,0.9027,0.9236,,CRUISE,按区域分级巡航,,-0.124,0.1895,0,fast,0.0,,0.0,500,400,1
40.6,752.0,1093.0,1169.0,934.0,0.8142,0.9444,1.0655,0.8993,0.9219,,CRUISE,按区域分级巡航,,-0.1302,0.1662,0,fast,0.0,,0.0,500,400,1
40.62,745.0,1090.0,1158.0,928.0,0.7988,0.9147,1.0243,0.8691,0.8919,,MEDIUM_CRUISE,按区域分级巡航,,-0.1159,0.1551,0,medium,0.0,,0.0,450,400,1
40.64,744.0,1094.0,1152.0,926.0,0.7771,0.9147,0.9976,0.849,0.8818,,MEDIUM_CRUISE,按区域分级巡航,,-0.1376,0.1486,0,medium,0.0,,0.0,450,400,1
40.66,738.0,1095.0,1153.0,932.0,0.774,0.9167,0.9854,0.849,0.8828,,MEDIUM_CRUISE,按区域分级巡航,,-0.1427,0.1364,0,medium,0.0,,0.0,450,400,1
40.681,741.0,1077.0,1145.0,919.0,0.7647,0.9167,0.983,0.8423,0.8795,,MEDIUM_CRUISE,按区域分级巡航,,-0.152,0.1407,0,medium,0.0,,0.0,450,400,1
40.701,739.0,1064.0,1140.0,924.0,0.7585,0.8829,0.966,0.8356,0.8593,,MEDIUM_CRUISE,按区域分级巡航,,-0.1244,0.1304,0,medium,0.0,,0.0,450,400,1
40.721,739.0,1071.0,1132.0,916.0,0.7585,0.871,0.9539,0.8188,0.8449,,EDGE_AVOID,灰度趋势变暗，提前避让,right,-0.1125,0.1351,0,slow,0.0,left,0.0,400,640,1
40.741,738.0,1068.0,1130.0,910.0,0.7585,0.8651,0.9345,0.8087,0.8369,,EDGE_AVOID,灰度趋势变暗，提前避让,right,-0.1066,0.1257,0,slow,0.0,left,0.0,400,640,1
40.761,728.0,1075.0,1129.0,897.0,0.7554,0.871,0.9296,0.7886,0.8298,,EDGE_AVOID,灰度趋势变暗，提前避让,right,-0.1156,0.141,0,slow,0.0,left,0.0,400,640,1
40.781,728.0,1075.0,1129.0,897.0,0.7245,0.879,0.9272,0.745,0.812,,EDGE_AVOID,灰度趋势变暗，提前避让,right,-0.1545,0.1822,0,slow,0.0,left,0.0,400,640,1
40.801,725.0,1064.0,1129.0,896.0,0.7245,0.879,0.9272,0.745,0.812,,EDGE_AVOID,灰度趋势变暗，提前避让,right,-0.1545,0.1822,0,slow,0.0,left,0.0,400,640,1
40.821,721.0,1058.0,1135.0,885.0,0.7152,0.8571,0.9272,0.7416,0.7994,,EDGE_AVOID,灰度趋势变暗，提前避让,right,-0.142,0.1856,0,slow,0.0,left,0.0,400,640,1
40.841,723.0,1060.0,1132.0,889.0,0.709,0.8492,0.9345,0.7181,0.7837,,EDGE_AVOID,灰度趋势变暗，提前避让,right,-0.1402,0.2163,0,slow,0.0,left,0.0,400,640,1
40.862,715.0,1050.0,1126.0,888.0,0.7028,0.8452,0.9345,0.7148,0.78,,EDGE_AVOID,灰度趋势变暗，提前避让,right,-0.1425,0.2197,0,slow,0.0,left,0.0,400,640,1
40.882,705.0,1045.0,1119.0,883.0,0.6842,0.8294,0.9199,0.7148,0.7721,,EDGE_AVOID,灰度趋势变暗，提前避让,right,-0.1452,0.2051,0,slow,0.0,left,0.0,400,640,1
40.902,703.0,1036.0,1103.0,884.0,0.6533,0.8194,0.9029,0.7013,0.7604,,EDGE_AVOID,灰度趋势变暗，提前避让,right,-0.1662,0.2016,0,slow,0.0,left,0.0,400,640,1
40.922,694.0,1037.0,1096.0,877.0,0.6471,0.8036,0.8641,0.698,0.7508,,EDGE_AVOID,灰度趋势变暗，提前避让,right,-0.1565,0.1661,0,slow,0.0,left,0.0,400,640,1
40.942,685.0,1019.0,1104.0,888.0,0.6192,0.8016,0.8641,0.7013,0.7515,,EDGE_AVOID,灰度趋势变暗，提前避让,front,-0.1824,0.1627,0,slow,0.0,,0.0,-550,-550,1
40.962,679.0,1018.0,1104.0,855.0,0.5913,0.7679,0.8665,0.6779,0.7229,,EDGE_AVOID,灰度趋势变暗，提前避让,right,-0.1765,0.1887,0,slow,0.0,left,0.0,400,640,1
40.982,668.0,1002.0,1096.0,847.0,0.5728,0.7659,0.8665,0.604,0.6849,,EDGE_AVOID,灰度趋势变暗，提前避让,right,-0.1931,0.2625,0,slow,0.0,left,0.0,400,640,1
41.002,672.0,1006.0,1085.0,866.0,0.5511,0.7421,0.8471,0.604,0.673,,EDGE_AVOID,灰度趋势变暗，提前避让,right,-0.191,0.2431,0,slow,0.0,left,0.0,400,640,1
41.022,668.0,1007.0,1071.0,854.0,0.5387,0.7421,0.8204,0.6007,0.6714,,EDGE_AVOID,灰度趋势变暗，提前避让,right,-0.2034,0.2197,0,slow,0.0,left,0.0,400,640,1
41.043,669.0,999.0,1070.0,848.0,0.5418,0.7421,0.7864,0.6007,0.6714,,EDGE_AVOID,灰度趋势变暗，提前避让,front,-0.2003,0.1857,0,slow,0.0,,0.0,-550,-550,1
41.063,665.0,992.0,1063.0,844.0,0.5387,0.7282,0.784,0.5805,0.6544,,EDGE_AVOID,灰度趋势变暗，提前避让,right,-0.1895,0.2034,0,slow,0.0,left,0.0,400,640,1
41.083,670.0,991.0,1062.0,848.0,0.5418,0.7143,0.767,0.5805,0.6474,,EDGE_AVOID,灰度趋势变暗，提前避让,right,-0.1725,0.1865,0,slow,0.0,left,0.0,400,640,1
41.103,670.0,978.0,1058.0,852.0,0.5449,0.7123,0.7646,0.5805,0.6464,,EDGE_AVOID,灰度趋势变暗，提前避让,right,-0.1674,0.184,0,slow,0.0,left,0.0,400,640,1
41.123,670.0,975.0,1048.0,850.0,0.5449,0.6865,0.7549,0.5872,0.6369,,EDGE_AVOID,灰度趋势变暗，提前避让,right,-0.1416,0.1676,0,slow,0.0,left,0.0,400,640,1
41.143,659.0,968.0,1034.0,837.0,0.5449,0.6806,0.7306,0.5872,0.6339,,EDGE_AVOID,灰度趋势变暗，提前避让,right,-0.1357,0.1433,0,slow,0.0,left,0.0,400,640,1
41.163,653.0,963.0,1016.0,814.0,0.5108,0.6667,0.6966,0.5436,0.6051,,EDGE_AVOID,灰度趋势变暗，提前避让,front,-0.1558,0.153,0,slow,0.0,,0.0,-550,-550,1
41.183,648.0,950.0,1004.0,813.0,0.4923,0.6567,0.6529,0.4664,0.5726,,EDGE_AVOID,灰度趋势变暗，提前避让,right,-0.1645,0.1865,0,slow,0.0,left,0.0,400,640,1
41.203,648.0,950.0,1004.0,813.0,0.4768,0.631,0.6238,0.4631,0.5503,,EDGE_AVOID,灰度趋势变暗，提前避让,right,-0.1542,0.1607,0,slow,0.0,left,0.0,400,640,1
41.223,639.0,941.0,997.0,816.0,0.4768,0.631,0.6238,0.4631,0.5503,,EDGE_AVOID,灰度趋势变暗，提前避让,right,-0.1542,0.1607,0,slow,0.0,left,0.0,400,640,1
41.244,633.0,924.0,994.0,785.0,0.4489,0.6131,0.6068,0.4631,0.5349,,EDGE_AVOID,灰度趋势变暗，提前避让,front,-0.1642,0.1437,0,slow,0.0,,0.0,-550,-550,1
41.264,628.0,930.0,987.0,794.0,0.4303,0.5913,0.5995,0.3993,0.5108,,EDGE_AVOID,灰度趋势变暗，提前避让,right,-0.1609,0.2002,0,slow,0.0,left,0.0,400,640,1
41.284,632.0,923.0,989.0,799.0,0.4272,0.5794,0.5874,0.3993,0.5033,,EDGE_AVOID,灰度趋势变暗，提前避让,right,-0.1521,0.188,0,slow,0.0,left,0.0,400,640,1
41.304,635.0,930.0,995.0,796.0,0.4272,0.5913,0.5874,0.406,0.5073,,EDGE_AVOID,灰度趋势变暗，提前避让,right,-0.164,0.1813,0,slow,0.0,left,0.0,400,640,1
41.325,631.0,925.0,988.0,786.0,0.4272,0.5813,0.5874,0.406,0.5043,,EDGE_AVOID,灰度趋势变暗，提前避让,right,-0.1541,0.1813,0,slow,0.0,left,0.0,400,640,1
41.345,629.0,939.0,986.0,785.0,0.4241,0.5913,0.585,0.3725,0.5046,,EDGE_AVOID,灰度趋势变暗，提前避让,right,-0.1671,0.2125,0,slow,0.0,left,0.0,400,640,1
41.365,611.0,919.0,974.0,778.0,0.418,0.5813,0.5801,0.3691,0.499,,EDGE_AVOID,灰度趋势变暗，提前避让,right,-0.1634,0.211,0,slow,0.0,left,0.0,400,640,1
41.385,610.0,906.0,977.0,786.0,0.3622,0.5694,0.5583,0.3691,0.4637,,EDGE_AVOID,灰度趋势变暗，提前避让,front,-0.2072,0.1891,0,slow,0.0,,0.0,-550,-550,1
41.405,605.0,899.0,974.0,755.0,0.3591,0.5437,0.551,0.3456,0.4514,,EDGE_AVOID,灰度趋势变暗，提前避让,right,-0.1845,0.2053,0,slow,0.0,left,0.0,400,640,1
41.425,603.0,891.0,980.0,776.0,0.3437,0.5298,0.5583,0.3389,0.4367,,EDGE_AVOID,灰度趋势变暗，提前避让,right,-0.1861,0.2193,0,slow,0.0,left,0.0,400,640,1
41.445,596.0,889.0,968.0,794.0,0.3375,0.5139,0.551,0.3389,0.4264,,EDGE_AVOID,灰度趋势变暗，提前避让,right,-0.1764,0.212,0,slow,0.0,left,0.0,400,640,1
41.466,594.0,877.0,962.0,770.0,0.3158,0.5099,0.5364,0.3389,0.4244,,EDGE_AVOID,灰度趋势变暗，提前避让,right,-0.1941,0.1975,0,slow,0.0,left,0.0,400,640,1
41.486,586.0,873.0,952.0,746.0,0.3096,0.4861,0.5218,0.3188,0.4025,,EDGE_AVOID,灰度趋势变暗，提前避让,right,-0.1765,0.2031,0,slow,0.0,left,0.0,400,640,1
41.506,584.0,870.0,945.0,758.0,0.2848,0.4782,0.4976,0.2785,0.3815,,EDGE_AVOID,灰度趋势变暗，提前避让,right,-0.1933,0.219,0,slow,0.0,left,0.0,400,640,1
41.526,586.0,865.0,932.0,761.0,0.2848,0.4722,0.4806,0.2785,0.3785,,EDGE_AVOID,灰度趋势变暗，提前避让,right,-0.1874,0.2021,0,slow,0.0,left,0.0,400,640,1
41.546,584.0,864.0,923.0,748.0,0.2786,0.4623,0.449,0.2785,0.3638,,EDGE_AVOID,灰度趋势变暗，提前避让,front,-0.1837,0.1705,0,slow,0.0,,0.0,-550,-550,1
41.566,582.0,843.0,917.0,757.0,0.2786,0.4603,0.4272,0.2752,0.3529,,EDGE_AVOID,灰度趋势变暗，提前避让,front,-0.1817,0.152,0,slow,0.0,,0.0,-550,-550,1
41.586,568.0,839.0,912.0,764.0,0.2724,0.4187,0.4126,0.2752,0.3439,,EDGE_AVOID,灰度趋势变暗，提前避让,front,-0.1462,0.1375,1,slow,0.0,,0.0,-550,-550,1
41.606,563.0,827.0,886.0,749.0,0.2291,0.4107,0.4005,0.2752,0.3378,,EDGE_AVOID,灰度趋势变暗，提前避让,front,-0.1816,0.1253,1,slow,0.0,,0.0,-550,-550,1
41.626,560.0,833.0,896.0,730.0,0.2136,0.3988,0.3617,0.2483,0.305,,EDGE_TURN,进入危险区，直接大转 180 度,front,-0.1852,0.1133,1,danger_turn,180.0,left,0.95,-600,600,1
41.646,547.0,828.0,896.0,713.0,0.2043,0.3889,0.3617,0.1846,0.283,,EDGE_TURN,进入危险区，直接大转 180 度,front,-0.1846,0.1771,1,danger_turn,180.0,left,0.95,-600,600,1
41.666,532.0,835.0,897.0,692.0,0.1641,0.3988,0.3617,0.1275,0.2629,,EDGE_TURN,进入危险区，直接大转 180 度,front,-0.2347,0.2341,1,danger_turn,180.0,left,0.95,-600,600,1
41.686,522.0,827.0,892.0,686.0,0.1176,0.3889,0.3617,0.057,0.2396,,EDGE_TURN,进入危险区，直接大转 180 度,front,-0.2712,0.3046,1,danger_turn,180.0,left,0.95,-600,600,1
41.706,523.0,828.0,878.0,686.0,0.0898,0.3889,0.3519,0.0369,0.2209,,EDGE_TURN,进入危险区，直接大转 180 度,front,-0.2991,0.315,1,danger_turn,180.0,left,0.95,-600,600,1
41.727,525.0,817.0,860.0,682.0,0.0898,0.3869,0.318,0.0369,0.2039,,EDGE_TURN,进入危险区，直接大转 180 度,front,-0.2971,0.281,1,danger_turn,180.0,left,0.95,-600,600,1
41.747,511.0,794.0,828.0,701.0,0.0898,0.3671,0.2743,0.0369,0.182,,EDGE_TURN,进入危险区，直接大转 180 度,front,-0.2773,0.2374,1,danger_turn,180.0,left,0.95,-600,600,1
41.767,511.0,794.0,828.0,701.0,0.0526,0.3214,0.1966,0.0872,0.1419,,EDGE_TURN,进入危险区，直接大转 180 度,front,-0.2688,0.1094,1,danger_turn,180.0,left,0.95,-600,600,1
41.787,511.0,785.0,796.0,704.0,0.0526,0.3214,0.1966,0.0872,0.1419,,EDGE_TURN,进入危险区，直接大转 180 度,front,-0.2688,0.1094,1,danger_turn,180.0,left,0.95,-600,600,1
41.807,523.0,780.0,768.0,729.0,0.0526,0.3036,0.1189,0.0973,0.1081,,EDGE_TURN,进入危险区，直接大转 180 度,front,-0.2509,0.0216,1,danger_turn,180.0,left,0.95,-600,600,1
41.827,537.0,761.0,730.0,761.0,0.0898,0.2937,0.051,0.1812,0.1355,,EDGE_TURN,进入危险区，直接大转 180 度,front,-0.2039,-0.1302,1,danger_turn,180.0,left,0.95,-600,600,1
41.847,584.0,738.0,694.0,824.0,0.1331,0.256,-0.0413,0.2886,0.1945,,EDGE_TURN,进入危险区，直接大转 180 度,front,-0.1228,-0.3299,1,danger_turn,180.0,left,0.95,-600,600,1
41.867,633.0,704.0,648.0,1018.0,0.2786,0.2103,-0.1286,0.5,0.2445,,EDGE_TURN,进入危险区，直接大转 180 度,front,0.0683,-0.6286,1,danger_turn,180.0,left,0.95,-600,600,1
41.887,669.0,669.0,592.0,973.0,0.4303,0.1429,-0.2403,1.0,0.2866,,EDGE_TURN,进入危险区，直接大转 180 度,front,0.2875,-1.2403,1,danger_turn,180.0,left,0.95,-600,600,1
41.907,701.0,635.0,537.0,888.0,0.5418,0.0734,-0.3762,1.0,0.3076,,EDGE_TURN,进入危险区，直接大转 180 度,front,0.4684,-1.3762,1,danger_turn,180.0,left,0.95,-600,600,1
41.927,690.0,597.0,487.0,694.0,0.6068,0.006,-0.5097,0.7148,0.3064,,EDGE_TURN,进入危险区，直接大转 180 度,front,0.6009,-1.2245,1,danger_turn,180.0,left,0.95,-600,600,1
41.947,635.0,561.0,445.0,515.0,0.6068,-0.0694,-0.6311,0.0638,-0.0028,,EDGE_TURN,进入危险区，直接大转 180 度,front,0.6763,-0.6948,1,danger_turn,180.0,left,0.95,-600,600,1
41.968,568.0,520.0,409.0,446.0,0.4365,-0.1409,-0.733,-0.5369,-0.3389,,EDGE_TURN,进入危险区，直接大转 180 度,front,0.5774,-0.1961,1,danger_turn,180.0,left,0.95,-600,600,1
41.988,509.0,479.0,375.0,421.0,0.2291,-0.2222,-0.8204,-0.7685,-0.4953,,EDGE_TURN,进入危险区，直接大转 180 度,front,0.4513,-0.0519,1,danger_turn,180.0,left,0.95,-600,600,1
42.008,454.0,446.0,347.0,393.0,0.0464,-0.3036,-0.9029,-0.8523,-0.578,,EDGE_TURN,进入危险区，直接大转 180 度,front,0.35,-0.0506,1,danger_turn,180.0,left,0.95,-600,600,1
42.028,394.0,443.0,337.0,338.0,-0.1238,-0.369,-0.9709,-0.9463,-0.6577,,EDGE_TURN,进入危险区，直接大转 180 度,front,0.2452,-0.0246,1,danger_turn,180.0,left,0.95,-600,600,1
42.048,357.0,456.0,333.0,284.0,-0.3096,-0.369,-0.9951,-1.1309,-0.6821,,EDGE_TURN,进入危险区，直接大转 180 度,front,0.0595,0.1357,1,danger_turn,180.0,left,0.95,-600,600,1
42.068,345.0,505.0,342.0,263.0,-0.4241,-0.3492,-0.9951,-1.3121,-0.7096,,EDGE_TURN,进入危险区，直接大转 180 度,front,-0.0749,0.3169,1,danger_turn,180.0,left,0.95,-600,600,1
42.088,343.0,616.0,371.0,273.0,-0.4613,-0.252,-0.983,-1.349,-0.7222,,EDGE_TURN,进入危险区，直接大转 180 度,front,-0.2093,0.366,1,danger_turn,180.0,left,0.95,-600,600,1
42.108,333.0,924.0,434.0,302.0,-0.4675,-0.0317,-0.9126,-1.349,-0.6901,,EDGE_TURN,进入危险区，直接大转 180 度,front,-0.4357,0.4364,1,danger_turn,180.0,left,0.95,-600,600,1
42.128,309.0,1939.0,555.0,360.0,-0.4985,0.5794,-0.7597,-1.2517,-0.6291,,EDGE_TURN,进入危险区，直接大转 180 度,front,-1.0778,0.492,1,danger_turn,180.0,left,0.95,-600,600,1
42.148,289.0,1920.0,646.0,410.0,-0.5728,2.5556,-0.466,-1.057,-0.5194,,EDGE_TURN,进入危险区，直接大转 180 度,front,-3.1283,0.591,1,danger_turn,180.0,left,0.95,-600,600,1
42.168,275.0,893.0,662.0,373.0,-0.6347,2.5556,-0.2451,-1.0134,-0.4399,,EDGE_TURN,进入危险区，直接大转 180 度,front,-3.1902,0.7683,1,danger_turn,180.0,left,0.95,-600,600,1
42.189,264.0,698.0,674.0,399.0,-0.678,0.5179,-0.2063,-0.9262,-0.4422,,EDGE_TURN,进入危险区，直接大转 180 度,front,-1.1959,0.7199,1,danger_turn,180.0,left,0.95,-600,600,1
42.209,257.0,620.0,680.0,395.0,-0.7121,0.131,-0.1772,-0.9396,-0.4446,,EDGE_TURN,进入危险区，直接大转 180 度,front,-0.843,0.7624,1,danger_turn,180.0,left,0.95,-600,600,1
42.229,254.0,567.0,678.0,388.0,-0.7337,-0.0238,-0.1675,-0.9396,-0.4506,,EDGE_TURN,进入危险区，直接大转 180 度,front,-0.7099,0.7721,1,danger_turn,180.0,left,0.95,-600,600,1
42.249,250.0,540.0,686.0,427.0,-0.743,-0.129,-0.1626,-0.9396,-0.4528,,EDGE_TURN,进入危险区，直接大转 180 度,front,-0.6141,0.777,1,danger_turn,180.0,left,0.95,-600,600,1
42.269,246.0,477.0,696.0,481.0,-0.7554,-0.1825,-0.1481,-0.8322,-0.469,,EDGE_TURN,进入危险区，直接大转 180 度,front,-0.5729,0.6842,1,danger_turn,180.0,left,0.95,-600,600,1
42.289,240.0,464.0,696.0,476.0,-0.7678,-0.3075,-0.1238,-0.6678,-0.4877,,EDGE_TURN,进入危险区，直接大转 180 度,front,-0.4603,0.544,1,danger_turn,180.0,left,0.95,-600,600,1
42.309,238.0,457.0,703.0,394.0,-0.7864,-0.3333,-0.1238,-0.6678,-0.5006,,EDGE_TURN,进入危险区，直接大转 180 度,front,-0.453,0.544,1,danger_turn,180.0,left,0.95,-600,600,1
42.329,237.0,454.0,723.0,435.0,-0.7926,-0.3472,-0.1068,-0.8054,-0.5699,,EDGE_TURN,进入危险区，直接大转 180 度,front,-0.4453,0.6986,1,danger_turn,180.0,left,0.95,-600,600,1
42.349,237.0,454.0,723.0,435.0,-0.7957,-0.3532,-0.0583,-0.8054,-0.5744,,EDGE_TURN,进入危险区，直接大转 180 度,front,-0.4425,0.7471,1,danger_turn,180.0,left,0.95,-600,600,1
42.369,237.0,454.0,737.0,463.0,-0.7957,-0.3532,-0.0583,-0.8054,-0.5744,,EDGE_TURN,进入危险区，直接大转 180 度,front,-0.4425,0.7471,1,danger_turn,180.0,left,0.95,-600,600,1
42.39,240.0,447.0,751.0,479.0,-0.7957,-0.3532,-0.0243,-0.7114,-0.5323,,EDGE_TURN,进入危险区，直接大转 180 度,front,-0.4425,0.6871,1,danger_turn,180.0,left,0.95,-600,600,1
42.41,248.0,441.0,773.0,499.0,-0.7864,-0.3671,0.0097,-0.6577,-0.5124,,EDGE_TURN,进入危险区，直接大转 180 度,front,-0.4193,0.6674,1,danger_turn,180.0,left,0.95,-600,600,1
42.43,260.0,432.0,820.0,501.0,-0.7616,-0.379,0.0631,-0.5906,-0.4848,,EDGE_TURN,进入危险区，直接大转 180 度,front,-0.3826,0.6537,1,danger_turn,180.0,left,0.95,-600,600,1
42.45,277.0,421.0,850.0,503.0,-0.7245,-0.3968,0.1772,-0.5839,-0.4904,,EDGE_TURN,进入危险区，直接大转 180 度,front,-0.3276,0.7611,1,danger_turn,180.0,left,0.95,-600,600,1
42.47,308.0,396.0,875.0,497.0,-0.6718,-0.4187,0.25,-0.5839,-0.5013,,EDGE_TURN,进入危险区，直接大转 180 度,front,-0.2532,0.8339,1,danger_turn,180.0,left,0.95,-600,600,1
42.49,346.0,393.0,874.0,518.0,-0.5759,-0.4683,0.3083,-0.5772,-0.5221,,EDGE_TURN,进入危险区，直接大转 180 度,front,-0.1076,0.8854,1,danger_turn,180.0,left,0.95,-600,600,1
42.51,384.0,397.0,864.0,546.0,-0.4582,-0.4683,0.3083,-0.5268,-0.4632,,EDGE_TURN,进入危险区，直接大转 180 度,front,0.01,0.8351,1,danger_turn,180.0,left,0.95,-600,600,1
42.53,413.0,402.0,844.0,592.0,-0.3406,-0.4663,0.284,-0.4329,-0.3867,,EDGE_TURN,进入危险区，直接大转 180 度,front,0.1257,0.7169,1,danger_turn,180.0,left,0.95,-600,600,1
42.55,445.0,408.0,822.0,583.0,-0.2508,-0.4563,0.2354,-0.3087,-0.2797,,EDGE_TURN,进入危险区，直接大转 180 度,front,0.2056,0.5442,1,danger_turn,180.0,left,0.95,-600,600,1
42.571,508.0,406.0,800.0,521.0,-0.1517,-0.4484,0.182,-0.3087,-0.2302,,EDGE_TURN,进入危险区，直接大转 180 度,front,0.2967,0.4908,1,danger_turn,180.0,left,0.95,-600,600,1
42.591,535.0,406.0,780.0,505.0,0.0433,-0.4484,0.1286,-0.5168,-0.2025,,RECOVER_FORWARD,180 度转向完成，向前离开边缘,front,0.4918,0.6454,1,danger,0.0,,0.0,550,550,1
42.611,537.0,409.0,759.0,548.0,0.1269,-0.4484,0.0801,-0.5168,-0.1842,,RECOVER_FORWARD,180 度转向完成，向前离开边缘,front,0.5753,0.5969,1,danger,0.0,,0.0,550,550,1
42.631,544.0,420.0,738.0,572.0,0.1331,-0.4425,0.0291,-0.4262,-0.1985,,RECOVER_FORWARD,180 度转向完成，向前离开边缘,front,0.5756,0.4553,1,danger,0.0,,0.0,550,550,1
42.651,544.0,435.0,708.0,528.0,0.1548,-0.4206,-0.0218,-0.4262,-0.2212,,RECOVER_FORWARD,180 度转向完成，向前离开边缘,front,0.5754,0.4043,1,danger,0.0,,0.0,550,550,1
42.671,552.0,446.0,681.0,490.0,0.1548,-0.3909,-0.0947,-0.4933,-0.2428,,RECOVER_FORWARD,180 度转向完成，向前离开边缘,front,0.5457,0.3986,1,danger,0.0,,0.0,550,550,1
42.691,558.0,452.0,661.0,486.0,0.1796,-0.369,-0.1602,-0.6208,-0.2646,,RECOVER_FORWARD,180 度转向完成，向前离开边缘,front,0.5486,0.4606,1,danger,0.0,,0.0,550,550,1
42.711,574.0,464.0,652.0,540.0,0.1981,-0.3571,-0.2087,-0.6208,-0.2829,,RECOVER_FORWARD,180 度转向完成，向前离开边缘,front,0.5553,0.4121,1,danger,0.0,,0.0,550,550,1
42.731,585.0,473.0,638.0,613.0,0.2477,-0.3333,-0.2306,-0.453,-0.282,,RECOVER_FORWARD,180 度转向完成，向前离开边缘,front,0.581,0.2224,1,danger,0.0,,0.0,550,550,1
42.751,585.0,473.0,638.0,613.0,0.2817,-0.3155,-0.2646,-0.2081,-0.2363,,RECOVER_FORWARD,180 度转向完成，向前离开边缘,front,0.5972,-0.0565,1,danger,0.0,,0.0,550,550,1
42.772,584.0,480.0,629.0,673.0,0.2817,-0.3155,-0.2646,-0.2081,-0.2363,,RECOVER_FORWARD,180 度转向完成，向前离开边缘,front,0.5972,-0.0565,1,danger,0.0,,0.0,550,550,1
42.792,595.0,489.0,628.0,827.0,0.2817,-0.3016,-0.2864,-0.0067,-0.1466,,RECOVER_FORWARD,180 度转向完成，向前离开边缘,front,0.5833,-0.2797,1,danger,0.0,,0.0,550,550,1
42.812,603.0,496.0,631.0,949.0,0.3127,-0.2837,-0.2864,0.5101,0.0145,,RECOVER_FORWARD,180 度转向完成，向前离开边缘,front,0.5964,-0.7965,1,danger,0.0,,0.0,550,550,1
42.832,609.0,505.0,635.0,1037.0,0.3375,-0.2698,-0.2816,0.9195,0.0338,,RECOVER_FORWARD,180 度转向完成，向前离开边缘,front,0.6073,-1.201,1,danger,0.0,,0.0,550,550,1
42.852,614.0,516.0,642.0,1098.0,0.356,-0.252,-0.2718,1.2148,0.052,,RECOVER_FORWARD,180 度转向完成，向前离开边缘,front,0.608,-1.4866,1,danger,0.0,,0.0,550,550,1
42.872,617.0,529.0,651.0,1145.0,0.3715,-0.2302,-0.2549,1.4195,0.0707,,RECOVER_FORWARD,180 度转向完成，向前离开边缘,front,0.6017,-1.6743,1,danger,0.0,,0.0,550,550,1
42.892,624.0,543.0,658.0,1156.0,0.3808,-0.2044,-0.233,1.5772,0.0882,,RECOVER_FORWARD,180 度转向完成，向前离开边缘,front,0.5852,-1.8102,1,danger,0.0,,0.0,550,550,1
42.912,633.0,562.0,661.0,1158.0,0.4025,-0.1766,-0.216,1.6141,0.1129,,RECOVER_FORWARD,180 度转向完成，向前离开边缘,front,0.5791,-1.8301,1,danger,0.0,,0.0,550,550,1
42.932,636.0,582.0,671.0,1136.0,0.4303,-0.1389,-0.2087,1.6141,0.1457,,RECOVER_FORWARD,180 度转向完成，向前离开边缘,front,0.5692,-1.8228,1,danger,0.0,,0.0,550,550,1
42.953,639.0,607.0,685.0,1117.0,0.4396,-0.0992,-0.1845,1.547,0.1702,,RECOVER_FORWARD,180 度转向完成，向前离开边缘,front,0.5388,-1.7314,1,danger,0.0,,0.0,550,550,1
42.973,639.0,637.0,704.0,1095.0,0.4489,-0.0496,-0.1505,1.4832,0.1997,,RECOVER_FORWARD,180 度转向完成，向前离开边缘,front,0.4985,-1.6337,1,danger,0.0,,0.0,550,550,1
42.993,639.0,674.0,717.0,1075.0,0.4489,0.0099,-0.1044,1.4094,0.2294,,RECOVER_FORWARD,180 度转向完成，向前离开边缘,front,0.439,-1.5138,1,danger,0.0,,0.0,550,550,1
43.013,645.0,721.0,724.0,1047.0,0.4489,0.0833,-0.0728,1.3423,0.2661,,RECOVER_FORWARD,180 度转向完成，向前离开边缘,front,0.3656,-1.4151,1,danger,0.0,,0.0,550,550,1
43.033,648.0,788.0,729.0,1053.0,0.4675,0.1766,-0.0558,1.2685,0.322,,RECOVER_FORWARD,180 度转向完成，向前离开边缘,front,0.2909,-1.3243,1,danger,0.0,,0.0,550,550,1
43.053,650.0,842.0,738.0,1037.0,0.4768,0.3095,-0.0437,1.2483,0.3932,,RECOVER_FORWARD,180 度转向完成，向前离开边缘,front,0.1673,-1.292,0,danger,0.0,,0.0,550,550,1
43.073,651.0,909.0,737.0,1042.0,0.483,0.4167,-0.0243,1.2315,0.4498,,RECOVER_FORWARD,180 度转向完成，向前离开边缘,front,0.0663,-1.2558,0,danger,0.0,,0.0,550,550,1
43.093,650.0,976.0,737.0,1058.0,0.483,0.5496,-0.0243,1.2315,0.5163,,RECOVER_FORWARD,180 度转向完成，向前离开边缘,front,-0.0666,-1.2558,0,danger,0.0,,0.0,550,550,1
43.113,652.0,1028.0,747.0,1066.0,0.4861,0.6825,-0.0243,1.2852,0.5843,,RECOVER_FORWARD,180 度转向完成，向前离开边缘,front,-0.1965,-1.3095,0,danger,0.0,,0.0,550,550,1
43.133,653.0,1069.0,793.0,1091.0,0.4892,0.7857,0.0,1.3121,0.6374,,RECOVER_FORWARD,180 度转向完成，向前离开边缘,front,-0.2966,-1.3121,0,danger,0.0,,0.0,550,550,1
43.154,653.0,1069.0,793.0,1091.0,0.4923,0.8671,0.1117,1.396,0.6797,,RECOVER_FORWARD,180 度转向完成，向前离开边缘,front,-0.3748,-1.2843,0,danger,0.0,,0.0,550,550,1
43.174,662.0,1087.0,839.0,1127.0,0.4923,0.8671,0.1117,1.396,0.6797,,RECOVER_FORWARD,180 度转向完成，向前离开边缘,front,-0.3748,-1.2843,0,danger,0.0,,0.0,550,550,1
43.194,665.0,1088.0,902.0,1156.0,0.5201,0.9028,0.2233,1.5168,0.7115,,RECOVER_FORWARD,180 度转向完成，向前离开边缘,front,-0.3827,-1.2935,0,danger,0.0,,0.0,550,550,1
43.214,664.0,1073.0,979.0,1171.0,0.5263,0.9028,0.3762,1.6141,0.7145,,RECOVER_FORWARD,180 度转向完成，向前离开边缘,front,-0.3765,-1.2379,0,danger,0.0,,0.0,550,550,1
43.234,661.0,1065.0,1053.0,1195.0,0.5263,0.875,0.5631,1.6644,0.7191,,RECOVER_FORWARD,180 度转向完成，向前离开边缘,front,-0.3487,-1.1013,0,danger,0.0,,0.0,550,550,1
43.254,653.0,1050.0,1121.0,1196.0,0.517,0.8591,0.7427,1.745,0.8009,,RECOVER_FORWARD,180 度转向完成，向前离开边缘,front,-0.3421,-1.0022,0,danger,0.0,,0.0,550,550,1
43.274,642.0,1049.0,1102.0,1180.0,0.4923,0.8294,0.8617,1.745,0.8455,,RECOVER_FORWARD,180 度转向完成，向前离开边缘,front,-0.3371,-0.8833,0,danger,0.0,,0.0,550,550,1
43.294,634.0,1041.0,1024.0,1189.0,0.4582,0.8274,0.8617,1.7248,0.8445,,RECOVER_FORWARD,180 度转向完成，向前离开边缘,front,-0.3692,-0.8632,0,danger,0.0,,0.0,550,550,1
43.314,623.0,1015.0,933.0,1208.0,0.4334,0.8115,0.6723,1.7248,0.7419,,RECOVER_FORWARD,180 度转向完成，向前离开边缘,front,-0.3781,-1.0525,0,danger,0.0,,0.0,550,550,1
43.335,610.0,997.0,854.0,1252.0,0.3994,0.7599,0.4515,1.7886,0.6057,,RECOVER_FORWARD,180 度转向完成，向前离开边缘,front,-0.3605,-1.3371,0,danger,0.0,,0.0,550,550,1
43.355,609.0,978.0,820.0,1258.0,0.3591,0.7242,0.2597,1.9362,0.5417,,RECOVER_FORWARD,180 度转向完成，向前离开边缘,front,-0.3651,-1.6765,0,danger,0.0,,0.0,550,550,1
43.375,707.0,960.0,807.0,1275.0,0.3591,0.6865,0.1772,1.9564,0.5228,,RECOVER_FORWARD,180 度转向完成，向前离开边缘,front,-0.3274,-1.7792,0,danger,0.0,,0.0,550,550,1
43.395,1047.0,950.0,790.0,1264.0,0.6594,0.6508,0.1456,1.9765,0.6551,,RECOVER_FORWARD,180 度转向完成，向前离开边缘,front,0.0086,-1.8309,0,danger,0.0,,0.0,550,550,1
43.415,1347.0,931.0,772.0,1246.0,1.7121,0.631,0.1044,1.9765,1.1715,,RECOVER_FORWARD,180 度转向完成，向前离开边缘,front,1.0811,-1.8721,0,danger,0.0,,0.0,550,550,1
43.435,1366.0,874.0,746.0,1228.0,2.6409,0.5933,0.0607,1.9161,1.2547,,RECOVER_FORWARD,180 度转向完成，向前离开边缘,front,2.0476,-1.8554,0,danger,0.0,,0.0,550,550,1
43.455,1366.0,874.0,746.0,1228.0,2.6997,0.4802,-0.0024,1.8557,1.1679,,RECOVER_FORWARD,180 度转向完成，向前离开边缘,front,2.2195,-1.8581,0,danger,0.0,,0.0,550,550,1
43.475,1353.0,788.0,738.0,1216.0,2.6997,0.4802,-0.0024,1.8557,1.1679,,RECOVER_FORWARD,180 度转向完成，向前离开边缘,front,2.2195,-1.8581,0,danger,0.0,,0.0,550,550,1
43.495,1370.0,698.0,745.0,1200.0,2.6997,0.3095,-0.0049,1.8154,1.0625,,RECOVER_FORWARD,180 度转向完成，向前离开边缘,front,2.3902,-1.8203,0,danger,0.0,,0.0,550,550,1
43.515,1408.0,653.0,747.0,1184.0,2.7121,0.131,-0.0049,1.7617,0.9463,,RECOVER_FORWARD,180 度转向完成，向前离开边缘,front,2.5811,-1.7666,0,danger,0.0,,0.0,550,550,1
43.536,1477.0,644.0,750.0,1184.0,2.8297,0.0417,0.0,1.7081,0.8749,,RECOVER_FORWARD,180 度转向完成，向前离开边缘,front,2.7881,-1.7081,0,danger,0.0,,0.0,550,550,1
43.556,1564.0,655.0,750.0,1176.0,3.0433,0.0417,0.0073,1.7081,0.8749,,RECOVER_FORWARD,180 度转向完成，向前离开边缘,front,3.0017,-1.7008,0,danger,0.0,,0.0,550,550,1
43.576,1673.0,668.0,747.0,1127.0,3.3127,0.0456,0.0073,1.6812,0.8634,front,RECOVER_FORWARD,180 度转向完成，向前离开边缘,front,3.2671,-1.6739,0,danger,0.0,,0.0,550,550,1
43.596,1786.0,672.0,753.0,1086.0,3.6502,0.0714,0.0073,1.5168,0.7941,front,RECOVER_FORWARD,180 度转向完成，向前离开边缘,front,3.5787,-1.5095,0,danger,0.0,,0.0,550,550,1
43.616,1810.0,672.0,760.0,1051.0,4.0,0.0794,0.0146,1.3792,0.7293,front,RECOVER_FORWARD,180 度转向完成，向前离开边缘,front,3.9206,-1.3646,0,danger,0.0,,0.0,550,550,1
43.636,1774.0,670.0,747.0,1015.0,4.0,0.0794,0.0146,1.2617,0.6706,front,RECOVER_FORWARD,180 度转向完成，向前离开边缘,front,3.9206,-1.2472,0,danger,0.0,,0.0,550,550,1
43.656,1750.0,681.0,754.0,1001.0,3.9628,0.0794,0.017,1.1409,0.6102,front,RECOVER_FORWARD,180 度转向完成，向前离开边缘,front,3.8835,-1.1239,0,danger,0.0,,0.0,550,550,1
43.676,1649.0,657.0,733.0,931.0,3.8885,0.0754,0.0,1.094,0.5847,front,RECOVER_FORWARD,180 度转向完成，向前离开边缘,front,3.8131,-1.094,0,danger,0.0,,0.0,550,550,1
43.696,1547.0,646.0,728.0,883.0,3.5759,0.0496,-0.034,0.8591,0.4543,front,RECOVER_FORWARD,180 度转向完成，向前离开边缘,front,3.5262,-0.893,0,danger,0.0,,0.0,550,550,1
43.717,1414.0,629.0,727.0,824.0,3.2601,0.0278,-0.0461,0.698,0.3629,,RECOVER_FORWARD,180 度转向完成，向前离开边缘,front,3.2323,-0.7441,0,danger,0.0,,0.0,550,550,1
43.737,1242.0,613.0,711.0,747.0,2.8483,-0.006,-0.0485,0.5,0.247,,RECOVER_FORWARD,180 度转向完成，向前离开边缘,front,2.8542,-0.5485,1,danger,0.0,,0.0,550,550,1
43.757,1035.0,597.0,692.0,675.0,2.3158,-0.0377,-0.0874,0.2416,0.102,,RECOVER_FORWARD,180 度转向完成，向前离开边缘,front,2.3535,-0.329,1,danger,0.0,,0.0,550,550,1
43.777,835.0,582.0,666.0,628.0,1.6749,-0.0694,-0.1335,0.0,-0.0347,,RECOVER_FORWARD,180 度转向完成，向前离开边缘,front,1.7444,-0.1335,1,danger,0.0,,0.0,550,550,1
43.797,668.0,570.0,631.0,575.0,1.0557,-0.0992,-0.1966,-0.1577,-0.1285,,RECOVER_FORWARD,180 度转向完成，向前离开边缘,front,1.1549,-0.0389,1,danger,0.0,,0.0,550,550,1
43.817,545.0,569.0,594.0,524.0,0.5387,-0.123,-0.2816,-0.3356,-0.2023,,RECOVER_FORWARD,180 度转向完成，向前离开边缘,front,0.6617,0.054,1,danger,0.0,,0.0,550,550,1
43.837,462.0,576.0,557.0,477.0,0.1579,-0.123,-0.3714,-0.5067,-0.2472,,RECOVER_FORWARD,180 度转向完成，向前离开边缘,front,0.2809,0.1354,1,danger,0.0,,0.0,550,550,1
43.857,403.0,571.0,519.0,445.0,-0.0991,-0.121,-0.4612,-0.6644,-0.2911,,RECOVER_FORWARD,180 度转向完成，向前离开边缘,front,0.022,0.2033,1,danger,0.0,,0.0,550,550,1
43.877,351.0,560.0,485.0,422.0,-0.2817,-0.121,-0.5534,-0.7718,-0.4176,,RECOVER_FORWARD,180 度转向完成，向前离开边缘,front,-0.1607,0.2184,1,danger,0.0,,0.0,550,550,1
43.898,312.0,548.0,454.0,407.0,-0.4427,-0.1429,-0.6359,-0.849,-0.5393,,RECOVER_FORWARD,180 度转向完成，向前离开边缘,front,-0.2999,0.2131,1,danger,0.0,,0.0,550,550,1
43.918,279.0,524.0,420.0,387.0,-0.5635,-0.1667,-0.7112,-0.8993,-0.6373,,RECOVER_FORWARD,180 度转向完成，向前离开边缘,front,-0.3968,0.1882,1,danger,0.0,,0.0,550,550,1
43.938,253.0,496.0,391.0,353.0,-0.6656,-0.2143,-0.7937,-0.9664,-0.7297,,RECOVER_FORWARD,180 度转向完成，向前离开边缘,front,-0.4513,0.1728,1,danger,0.0,,0.0,550,550,1
43.958,235.0,466.0,369.0,328.0,-0.7461,-0.2698,-0.8641,-1.0805,-0.8051,,RECOVER_FORWARD,180 度转向完成，向前离开边缘,front,-0.4763,0.2165,1,danger,0.0,,0.0,550,550,1
43.978,222.0,435.0,349.0,299.0,-0.8019,-0.3294,-0.9175,-1.1644,-0.8597,,RECOVER_FORWARD,180 度转向完成，向前离开边缘,front,-0.4725,0.247,1,danger,0.0,,0.0,550,550,1
43.998,211.0,418.0,335.0,274.0,-0.8421,-0.3909,-0.966,-1.2617,-0.9041,,RECOVER_FORWARD,180 度转向完成，向前离开边缘,front,-0.4512,0.2957,1,danger,0.0,,0.0,550,550,1
44.018,204.0,411.0,323.0,259.0,-0.8762,-0.4246,-1.0,-1.3456,-0.9381,,RECOVER_FORWARD,180 度转向完成，向前离开边缘,front,-0.4516,0.3456,1,danger,0.0,,0.0,550,550,1
44.038,200.0,409.0,320.0,252.0,-0.8978,-0.4385,-1.0291,-1.396,-0.9635,,RECOVER_FORWARD,180 度转向完成，向前离开边缘,front,-0.4593,0.3668,1,danger,0.0,,0.0,550,550,1
44.058,199.0,409.0,317.0,248.0,-0.9102,-0.4425,-1.0364,-1.4195,-0.9733,,RECOVER_FORWARD,180 度转向完成，向前离开边缘,front,-0.4678,0.3831,1,danger,0.0,,0.0,550,550,1
44.078,199.0,413.0,324.0,248.0,-0.9133,-0.4425,-1.0364,-1.4329,-0.9749,,RECOVER_FORWARD,180 度转向完成，向前离开边缘,front,-0.4709,0.3965,1,danger,0.0,,0.0,550,550,1
44.098,203.0,421.0,340.0,253.0,-0.9133,-0.4345,-1.0267,-1.4329,-0.97,,RECOVER_BACKWARD,直线脱离未改善，换方向继续,front,-0.4788,0.4062,1,danger,0.0,,0.0,-550,-550,1
44.118,210.0,435.0,356.0,260.0,-0.9009,-0.4187,-0.9879,-1.4161,-0.9444,,RECOVER_BACKWARD,直线脱离未改善，换方向继续,front,-0.4823,0.4282,1,danger,0.0,,0.0,-550,-550,1
44.139,210.0,435.0,356.0,260.0,-0.8793,-0.3909,-0.949,-1.3926,-0.9141,,RECOVER_BACKWARD,直线脱离未改善，换方向继续,front,-0.4884,0.4436,1,danger,0.0,,0.0,-550,-550,1
44.159,222.0,449.0,381.0,270.0,-0.8793,-0.3909,-0.949,-1.3926,-0.9141,,RECOVER_BACKWARD,直线脱离未改善，换方向继续,front,-0.4884,0.4436,1,danger,0.0,,0.0,-550,-550,1
44.179,239.0,468.0,411.0,286.0,-0.8421,-0.3631,-0.8883,-1.3591,-0.8652,,RECOVER_BACKWARD,直线脱离未改善，换方向继续,front,-0.479,0.4707,1,danger,0.0,,0.0,-550,-550,1
44.199,267.0,501.0,451.0,318.0,-0.7895,-0.3254,-0.8155,-1.3054,-0.8025,,RECOVER_BACKWARD,直线脱离未改善，换方向继续,front,-0.4641,0.4898,1,danger,0.0,,0.0,-550,-550,1
44.219,308.0,534.0,496.0,367.0,-0.7028,-0.2599,-0.7184,-1.198,-0.7106,,RECOVER_BACKWARD,直线脱离未改善，换方向继续,front,-0.4429,0.4795,1,danger,0.0,,0.0,-550,-550,1
44.239,370.0,580.0,533.0,472.0,-0.5759,-0.1944,-0.6092,-1.0336,-0.5925,,RECOVER_BACKWARD,直线脱离未改善，换方向继续,front,-0.3814,0.4243,1,danger,0.0,,0.0,-550,-550,1
44.259,444.0,653.0,576.0,587.0,-0.3839,-0.1032,-0.5194,-0.6812,-0.4517,,RECOVER_BACKWARD,直线脱离未改善，换方向继续,front,-0.2807,0.1618,1,danger,0.0,,0.0,-550,-550,1
44.279,481.0,685.0,633.0,632.0,-0.1548,0.0417,-0.415,-0.2953,-0.2251,,RECOVER_BACKWARD,直线脱离未改善，换方向继续,front,-0.1965,-0.1197,1,danger,0.0,,0.0,-550,-550,1
44.299,501.0,709.0,666.0,674.0,-0.0402,0.1052,-0.2767,-0.1443,-0.0923,,RECOVER_BACKWARD,直线脱离未改善，换方向继续,front,-0.1454,-0.1324,1,danger,0.0,,0.0,-550,-550,1
44.319,520.0,729.0,672.0,732.0,0.0217,0.1528,-0.1966,-0.0034,0.0092,,RECOVER_BACKWARD,直线脱离未改善，换方向继续,front,-0.1311,-0.1932,1,danger,0.0,,0.0,-550,-550,1
44.339,547.0,766.0,701.0,798.0,0.0805,0.1925,-0.182,0.1913,0.1359,,RECOVER_BACKWARD,直线脱离未改善，换方向继续,front,-0.112,-0.3733,1,danger,0.0,,0.0,-550,-550,1
44.36,591.0,820.0,742.0,840.0,0.1641,0.2659,-0.1117,0.4128,0.215,,RECOVER_BACKWARD,直线脱离未改善，换方向继续,front,-0.1018,-0.5244,1,danger,0.0,,0.0,-550,-550,1
44.38,633.0,866.0,825.0,855.0,0.3003,0.373,-0.0121,0.5537,0.3367,,RECOVER_BACKWARD,直线脱离未改善，换方向继续,front,-0.0727,-0.5658,1,danger,0.0,,0.0,-550,-550,1
44.4,655.0,892.0,844.0,910.0,0.4303,0.4643,0.1893,0.604,0.4473,,RECOVER_BACKWARD,直线脱离未改善，换方向继续,front,-0.0339,-0.4147,0,danger,0.0,,0.0,-550,-550,1
44.42,672.0,918.0,876.0,921.0,0.4985,0.5159,0.2354,0.7886,0.5072,,RECOVER_BACKWARD,直线脱离未改善，换方向继续,front,-0.0174,-0.5532,0,danger,0.0,,0.0,-550,-550,1
44.44,692.0,955.0,921.0,971.0,0.5511,0.5675,0.3131,0.8255,0.5593,,RECOVER_BACKWARD,直线脱离未改善，换方向继续,front,-0.0164,-0.5124,0,danger,0.0,,0.0,-550,-550,1
44.46,719.0,1018.0,967.0,1008.0,0.613,0.6409,0.4223,0.9933,0.6269,,RECOVER_BACKWARD,直线脱离未改善，换方向继续,front,-0.0279,-0.571,0,danger,0.0,,0.0,-550,-550,1
44.48,749.0,1081.0,1009.0,1064.0,0.6966,0.7659,0.534,1.1174,0.7312,,RECOVER_BACKWARD,直线脱离未改善，换方向继续,front,-0.0693,-0.5835,0,danger,0.0,,0.0,-550,-550,1
44.5,760.0,1104.0,1043.0,1074.0,0.7895,0.8909,0.6359,1.3054,0.8402,,RECOVER_BACKWARD,直线脱离未改善，换方向继续,front,-0.1014,-0.6694,0,danger,0.0,,0.0,-550,-550,1
44.52,772.0,1098.0,1036.0,1082.0,0.8235,0.9246,0.7015,1.3389,0.8741,,RECOVER_BACKWARD,直线脱离未改善，换方向继续,front,-0.1011,-0.6375,0,danger,0.0,,0.0,-550,-550,1
44.541,779.0,1110.0,1054.0,1086.0,0.8607,0.9365,0.7184,1.3658,0.8986,,RECOVER_BACKWARD,直线脱离未改善，换方向继续,front,-0.0758,-0.6473,0,danger,0.0,,0.0,-550,-550,1
44.561,779.0,1114.0,1049.0,1098.0,0.8824,0.9484,0.733,1.3792,0.9154,,RECOVER_BACKWARD,直线脱离未改善，换方向继续,front,-0.0661,-0.6462,0,danger,0.0,,0.0,-550,-550,1
44.581,780.0,1120.0,1060.0,1102.0,0.8824,0.9563,0.7451,1.4195,0.9194,,RECOVER_BACKWARD,直线脱离未改善，换方向继续,front,-0.074,-0.6743,0,danger,0.0,,0.0,-550,-550,1
44.601,780.0,1120.0,1060.0,1102.0,0.8854,0.9683,0.7597,1.4329,0.9269,,RECOVER_BACKWARD,直线脱离未改善，换方向继续,front,-0.0828,-0.6732,0,danger,0.0,,0.0,-550,-550,1
44.621,782.0,1124.0,1065.0,1101.0,0.8854,0.9683,0.7597,1.4329,0.9269,,RECOVER_BACKWARD,直线脱离未改善，换方向继续,front,-0.0828,-0.6732,0,danger,0.0,,0.0,-550,-550,1
44.641,783.0,1121.0,1069.0,1103.0,0.8916,0.9702,0.7718,1.4329,0.9309,,RECOVER_BACKWARD,直线脱离未改善，换方向继续,front,-0.0786,-0.661,0,danger,0.0,,0.0,-550,-550,1
44.661,784.0,1120.0,1072.0,1105.0,0.8947,0.9702,0.7816,1.4362,0.9325,,RECOVER_BACKWARD,直线脱离未改善，换方向继续,front,-0.0755,-0.6547,0,danger,0.0,,0.0,-550,-550,1
44.681,784.0,1115.0,1071.0,1107.0,0.8978,0.9683,0.7864,1.443,0.933,,RECOVER_BACKWARD,直线脱离未改善，换方向继续,front,-0.0704,-0.6565,0,danger,0.0,,0.0,-550,-550,1
44.701,781.0,1110.0,1072.0,1099.0,0.8978,0.9583,0.7888,1.443,0.9281,,RECOVER_BACKWARD,直线脱离未改善，换方向继续,front,-0.0605,-0.6541,0,danger,0.0,,0.0,-550,-550,1
44.721,782.0,1108.0,1072.0,1101.0,0.8916,0.9484,0.7888,1.4295,0.92,,RECOVER_BACKWARD,直线脱离未改善，换方向继续,front,-0.0568,-0.6407,0,danger,0.0,,0.0,-550,-550,1
44.742,781.0,1104.0,1065.0,1098.0,0.8885,0.9444,0.7888,1.4228,0.9165,,RECOVER_BACKWARD,直线脱离未改善，换方向继续,front,-0.0559,-0.634,0,danger,0.0,,0.0,-550,-550,1
44.762,782.0,1096.0,1066.0,1096.0,0.8916,0.9365,0.7743,1.4195,0.9141,,RECOVER_BACKWARD,直线脱离未改善，换方向继续,front,-0.0449,-0.6452,0,danger,0.0,,0.0,-550,-550,1
44.782,779.0,1090.0,1056.0,1094.0,0.8885,0.9206,0.7718,1.4128,0.9046,,RECOVER_BACKWARD,直线脱离未改善，换方向继续,front,-0.0321,-0.6409,0,danger,0.0,,0.0,-550,-550,1
44.802,777.0,1090.0,1050.0,1096.0,0.8824,0.9087,0.75,1.4128,0.8955,,RECOVER_BACKWARD,直线脱离未改善，换方向继续,front,-0.0264,-0.6628,0,danger,0.0,,0.0,-550,-550,1
44.822,780.0,1090.0,1036.0,1086.0,0.8824,0.9087,0.7354,1.406,0.8955,,RECOVER_BACKWARD,直线脱离未改善，换方向继续,front,-0.0264,-0.6706,0,danger,0.0,,0.0,-550,-550,1
44.842,781.0,1080.0,1040.0,1075.0,0.8854,0.9087,0.7112,1.3792,0.8971,,RECOVER_BACKWARD,直线脱离未改善，换方向继续,front,-0.0233,-0.668,0,danger,0.0,,0.0,-550,-550,1
44.862,778.0,1079.0,1049.0,1083.0,0.8854,0.8889,0.7112,1.3691,0.8872,,RECOVER_BACKWARD,直线脱离未改善，换方向继续,front,-0.0034,-0.658,0,danger,0.0,,0.0,-550,-550,1
44.882,774.0,1082.0,1054.0,1071.0,0.8793,0.8889,0.733,1.3423,0.8841,,RECOVER_BACKWARD,直线脱离未改善，换方向继续,front,-0.0096,-0.6093,0,danger,0.0,,0.0,-550,-550,1
44.902,776.0,1088.0,1049.0,1070.0,0.8731,0.8929,0.733,1.3289,0.883,,RECOVER_BACKWARD,直线脱离未改善，换方向继续,front,-0.0198,-0.5958,0,danger,0.0,,0.0,-550,-550,1
44.923,775.0,1086.0,1044.0,1058.0,0.87,0.9008,0.733,1.3255,0.8854,,RECOVER_BACKWARD,直线脱离未改善，换方向继续,front,-0.0308,-0.5925,0,danger,0.0,,0.0,-550,-550,1
44.943,771.0,1086.0,1052.0,1059.0,0.87,0.9008,0.733,1.2886,0.8854,,RECOVER_BACKWARD,直线脱离未改善，换方向继续,front,-0.0308,-0.5556,0,danger,0.0,,0.0,-550,-550,1
44.963,769.0,1078.0,1047.0,1047.0,0.8576,0.9008,0.7282,1.2852,0.8792,,RECOVER_BACKWARD,直线脱离未改善，换方向继续,front,-0.0432,-0.5571,0,danger,0.0,,0.0,-550,-550,1
44.983,758.0,1062.0,1047.0,1052.0,0.8514,0.8849,0.7282,1.2651,0.8682,,RECOVER_BACKWARD,直线脱离未改善，换方向继续,front,-0.0335,-0.5369,0,danger,0.0,,0.0,-550,-550,1
45.003,759.0,1056.0,1044.0,1049.0,0.8204,0.8532,0.7282,1.255,0.8368,,RECOVER_BACKWARD,直线脱离未改善，换方向继续,front,-0.0327,-0.5269,0,danger,0.0,,0.0,-550,-550,1
45.023,750.0,1052.0,1034.0,1033.0,0.8173,0.8413,0.7209,1.255,0.8293,,RECOVER_BACKWARD,直线脱离未改善，换方向继续,front,-0.0239,-0.5342,0,danger,0.0,,0.0,-550,-550,1
45.044,750.0,1052.0,1034.0,1033.0,0.7926,0.8333,0.6966,1.2013,0.813,,RECOVER_BACKWARD,直线脱离未改善，换方向继续,front,-0.0408,-0.5047,0,danger,0.0,,0.0,-550,-550,1
45.064,750.0,1037.0,1031.0,1021.0,0.7926,0.8333,0.6966,1.2013,0.813,,RECOVER_BACKWARD,直线脱离未改善，换方向继续,front,-0.0408,-0.5047,0,danger,0.0,,0.0,-550,-550,1
45.084,750.0,1020.0,1015.0,1010.0,0.7926,0.8036,0.6893,1.1611,0.7981,,RECOVER_BACKWARD,直线脱离未改善，换方向继续,front,-0.011,-0.4718,0,danger,0.0,,0.0,-550,-550,1
45.104,747.0,998.0,1000.0,1004.0,0.7926,0.7698,0.6505,1.1242,0.7812,,RECOVER_BACKWARD,直线脱离未改善，换方向继续,front,0.0227,-0.4737,0,danger,0.0,,0.0,-550,-550,1
45.124,736.0,984.0,989.0,992.0,0.7833,0.7262,0.6141,1.104,0.7547,,RECOVER_BACKWARD,直线脱离未改善，换方向继续,front,0.0571,-0.4899,0,danger,0.0,,0.0,-550,-550,1
45.144,732.0,988.0,985.0,988.0,0.7492,0.7063,0.5874,1.0638,0.7278,,RECOVER_BACKWARD,直线脱离未改善，换方向继续,front,0.0429,-0.4764,0,danger,0.0,,0.0,-550,-550,1
45.164,724.0,983.0,986.0,979.0,0.7368,0.6984,0.5801,1.0503,0.7176,,RECOVER_BACKWARD,直线脱离未改善，换方向继续,front,0.0384,-0.4702,0,danger,0.0,,0.0,-550,-550,1
45.184,713.0,980.0,984.0,975.0,0.7121,0.6964,0.5777,1.0201,0.7043,,RECOVER_BACKWARD,直线脱离未改善，换方向继续,front,0.0156,-0.4425,0,danger,0.0,,0.0,-550,-550,1
45.205,712.0,979.0,977.0,969.0,0.678,0.6905,0.5752,1.0067,0.6842,,RECOVER_BACKWARD,直线脱离未改善，换方向继续,front,-0.0125,-0.4315,0,danger,0.0,,0.0,-550,-550,1
45.225,709.0,976.0,982.0,947.0,0.6749,0.6885,0.5704,0.9866,0.6817,,RECOVER_BACKWARD,直线脱离未改善，换方向继续,front,-0.0136,-0.4162,0,danger,0.0,,0.0,-550,-550,1
45.245,706.0,962.0,985.0,952.0,0.6656,0.6825,0.5704,0.9295,0.6741,,RECOVER_BACKWARD,直线脱离未改善，换方向继续,front,-0.0169,-0.3591,0,danger,0.0,,0.0,-550,-550,1
45.265,686.0,958.0,975.0,936.0,0.6563,0.6548,0.5704,0.9128,0.6556,,RECOVER_BACKWARD,直线脱离未改善，换方向继续,front,0.0016,-0.3424,0,danger,0.0,,0.0,-550,-550,1
45.285,677.0,960.0,982.0,936.0,0.5944,0.6508,0.5704,0.8758,0.6226,,RECOVER_BACKWARD,直线脱离未改善，换方向继续,front,-0.0564,-0.3055,0,danger,0.0,,0.0,-550,-550,1
45.305,673.0,951.0,963.0,925.0,0.5666,0.6468,0.5534,0.8758,0.6067,,RECOVER_BACKWARD,直线脱离未改善，换方向继续,front,-0.0803,-0.3224,0,danger,0.0,,0.0,-550,-550,1
45.325,672.0,927.0,952.0,916.0,0.5542,0.6329,0.5243,0.8389,0.5936,,RECOVER_BACKWARD,直线脱离未改善，换方向继续,front,-0.0788,-0.3147,0,danger,0.0,,0.0,-550,-550,1
45.345,667.0,913.0,947.0,909.0,0.5511,0.5853,0.4976,0.8087,0.5682,,RECOVER_BACKWARD,直线脱离未改善，换方向继续,front,-0.0342,-0.3112,0,danger,0.0,,0.0,-550,-550,1
45.365,661.0,902.0,945.0,881.0,0.5356,0.5575,0.4854,0.7852,0.5466,,RECOVER_BACKWARD,直线脱离未改善，换方向继续,front,-0.0219,-0.2998,0,danger,0.0,,0.0,-550,-550,1
45.386,662.0,903.0,964.0,869.0,0.5201,0.5377,0.4854,0.6913,0.5289,,RECOVER_BACKWARD,直线脱离未改善，换方向继续,front,-0.0176,-0.2058,0,danger,0.0,,0.0,-550,-550,1
45.406,644.0,873.0,935.0,864.0,0.517,0.5357,0.4806,0.651,0.5264,,RECOVER_BACKWARD,直线脱离未改善，换方向继续,front,-0.0187,-0.1704,0,danger,0.0,,0.0,-550,-550,1
45.426,645.0,848.0,913.0,861.0,0.4675,0.4782,0.4563,0.6342,0.4728,,RECOVER_BACKWARD,直线脱离未改善，换方向继续,front,-0.0107,-0.1779,0,danger,0.0,,0.0,-550,-550,1
45.446,643.0,858.0,910.0,862.0,0.4644,0.4484,0.4029,0.6275,0.4564,,RECOVER_BACKWARD,直线脱离未改善，换方向继续,front,0.016,-0.2246,0,danger,0.0,,0.0,-550,-550,1
45.466,642.0,857.0,896.0,855.0,0.4613,0.4464,0.3956,0.6242,0.4539,,RECOVER_BACKWARD,直线脱离未改善，换方向继续,front,0.0149,-0.2285,0,danger,0.0,,0.0,-550,-550,1
45.486,642.0,857.0,896.0,855.0,0.4582,0.4464,0.3617,0.604,0.4523,,RECOVER_BACKWARD,直线脱离未改善，换方向继续,front,0.0118,-0.2424,0,danger,0.0,,0.0,-550,-550,1
45.506,634.0,851.0,909.0,846.0,0.4582,0.4464,0.3617,0.604,0.4523,,RECOVER_BACKWARD,直线脱离未改善，换方向继续,front,0.0118,-0.2424,0,danger,0.0,,0.0,-550,-550,1
45.526,624.0,828.0,891.0,832.0,0.4334,0.4345,0.3617,0.5738,0.434,,RECOVER_BACKWARD,直线脱离未改善，换方向继续,front,-0.0011,-0.2122,0,danger,0.0,,0.0,-550,-550,1
45.546,617.0,833.0,896.0,836.0,0.4025,0.3988,0.3617,0.5403,0.4006,,RECOVER_BACKWARD,直线脱离未改善，换方向继续,front,0.0037,-0.1786,0,danger,0.0,,0.0,-550,-550,1
45.566,611.0,818.0,905.0,826.0,0.3808,0.3889,0.3617,0.5268,0.3848,,RECOVER_BACKWARD,直线脱离未改善，换方向继续,front,-0.0081,-0.1652,0,danger,0.0,,0.0,-550,-550,1
45.587,599.0,797.0,893.0,800.0,0.3622,0.369,0.3617,0.5067,0.3656,,RECOVER_BACKWARD,直线脱离未改善，换方向继续,front,-0.0068,-0.1451,0,danger,0.0,,0.0,-550,-550,1
45.607,582.0,787.0,890.0,783.0,0.3251,0.3274,0.3544,0.4195,0.3409,,RECOVER_BACKWARD,方向有效，继续低速脱离,front,-0.0023,-0.0651,1,danger,0.0,,0.0,-550,-550,1
45.627,577.0,775.0,857.0,793.0,0.2724,0.3075,0.3471,0.396,0.3273,,RECOVER_BACKWARD,方向有效，继续低速脱离,front,-0.0351,-0.0489,1,danger,0.0,,0.0,-550,-550,1
45.647,576.0,783.0,854.0,769.0,0.257,0.2996,0.267,0.3624,0.2833,,RECOVER_BACKWARD,方向有效，继续低速脱离,front,-0.0426,-0.0954,1,danger,0.0,,0.0,-550,-550,1
45.667,574.0,761.0,844.0,749.0,0.2539,0.2837,0.2597,0.3154,0.2717,,RECOVER_BACKWARD,方向有效，继续低速脱离,front,-0.0299,-0.0557,1,danger,0.0,,0.0,-550,-550,1
45.687,569.0,837.0,809.0,743.0,0.2477,0.2996,0.2354,0.2483,0.248,,RECOVER_BACKWARD,方向有效，继续低速脱离,front,-0.0519,-0.0129,1,danger,0.0,,0.0,-550,-550,1
45.707,568.0,858.0,809.0,760.0,0.2322,0.4067,0.1505,0.2483,0.2403,,RECOVER_BACKWARD,方向有效，继续低速脱离,front,-0.1745,-0.0978,1,danger,0.0,,0.0,-550,-550,1
45.727,585.0,730.0,837.0,797.0,0.2322,0.4067,0.1505,0.2852,0.2587,,RECOVER_BACKWARD,方向有效，继续低速脱离,front,-0.1745,-0.1347,1,danger,0.0,,0.0,-550,-550,1
45.747,616.0,658.0,933.0,907.0,0.2817,0.1944,0.2184,0.4094,0.2501,,RECOVER_BACKWARD,方向有效，继续低速脱离,front,0.0873,-0.1909,1,danger,0.0,,0.0,-550,-550,1
45.768,673.0,656.0,1257.0,1131.0,0.3777,0.0516,0.4515,0.7785,0.4146,,RECOVER_BACKWARD,方向有效，继续低速脱离,front,0.3261,-0.3271,0,danger,0.0,,0.0,-550,-550,1
45.788,731.0,582.0,1397.0,1814.0,0.5542,0.0476,1.2379,1.5302,0.896,,RECOVER_BACKWARD,方向有效，继续低速脱离,front,0.5066,-0.2923,0,danger,0.0,,0.0,-550,-550,1
45.808,786.0,493.0,940.0,1470.0,0.7337,-0.0992,1.2379,2.6678,0.9858,,RECOVER_BACKWARD,方向有效，继续低速脱离,front,0.833,-1.4299,0,danger,0.0,,0.0,-550,-550,1
45.828,704.0,448.0,760.0,768.0,0.7337,-0.2758,0.4684,2.6678,0.6011,,RECOVER_BACKWARD,方向有效，继续低速脱离,front,1.0095,-2.1993,0,danger,0.0,,0.0,-550,-550,1
45.848,714.0,432.0,595.0,712.0,0.6811,-0.3651,0.0316,0.3121,0.1718,,RECOVER_BACKWARD,方向有效，继续低速脱离,front,1.0462,-0.2805,1,danger,0.0,,0.0,-550,-550,1
45.868,781.0,463.0,466.0,740.0,0.6811,-0.3651,-0.3689,0.2181,-0.0735,,RECOVER_BACKWARD,方向有效，继续低速脱离,front,1.0462,-0.5871,1,danger,0.0,,0.0,-550,-550,1
45.888,601.0,494.0,413.0,737.0,0.6811,-0.3353,-0.682,0.2081,-0.0636,,RECOVER_BACKWARD,方向有效，继续低速脱离,front,1.0164,-0.8901,1,danger,0.0,,0.0,-550,-550,1
45.908,509.0,526.0,391.0,750.0,0.3313,-0.2738,-0.8107,0.2181,-0.0278,,RECOVER_BACKWARD,方向有效，继续低速脱离,front,0.6051,-1.0288,1,danger,0.0,,0.0,-550,-550,1
45.928,509.0,526.0,391.0,750.0,0.0464,-0.2103,-0.8641,0.2517,-0.0819,,RECOVER_BACKWARD,方向有效，继续低速脱离,front,0.2568,-1.1158,1,danger,0.0,,0.0,-550,-550,1
45.948,413.0,501.0,375.0,770.0,0.0464,-0.2103,-0.8641,0.2517,-0.0819,,RECOVER_BACKWARD,方向有效，继续低速脱离,front,0.2568,-1.1158,1,danger,0.0,,0.0,-550,-550,1
45.969,338.0,483.0,365.0,851.0,-0.2508,-0.2599,-0.9029,0.3188,-0.2553,,RECOVER_BACKWARD,方向有效，继续低速脱离,front,0.0091,-1.2217,1,danger,0.0,,0.0,-550,-550,1
45.989,311.0,505.0,377.0,1005.0,-0.483,-0.2599,-0.9029,0.5906,-0.3714,,RECOVER_BACKWARD,方向有效，继续低速脱离,front,-0.2231,-1.4935,1,danger,0.0,,0.0,-550,-550,1
46.009,335.0,582.0,419.0,1260.0,-0.4923,-0.252,-0.8981,1.1074,-0.3721,,RECOVER_BACKWARD,方向有效，继续低速脱离,front,-0.2403,-2.0054,1,danger,0.0,,0.0,-550,-550,1
46.029,458.0,710.0,613.0,1617.0,-0.4923,-0.0992,-0.7961,1.9631,-0.2957,,RECOVER_BACKWARD,方向有效，继续低速脱离,front,-0.3931,-2.7592,1,danger,0.0,,0.0,-550,-550,1
46.049,468.0,704.0,662.0,1520.0,-0.1115,0.1429,-0.3252,2.8356,0.0157,,RECOVER_BACKWARD,方向有效，继续低速脱离,front,-0.2543,-3.1608,1,danger,0.0,,0.0,-550,-550,1
46.069,455.0,699.0,650.0,1448.0,-0.1115,0.1429,-0.2354,2.8356,0.0157,,RECOVER_BACKWARD,方向有效，继续低速脱离,front,-0.2543,-3.071,1,danger,0.0,,0.0,-550,-550,1
46.089,454.0,706.0,653.0,1498.0,-0.1207,0.1429,-0.2282,2.7617,0.0111,,RECOVER_BACKWARD,方向有效，继续低速脱离,front,-0.2636,-2.9899,1,danger,0.0,,0.0,-550,-550,1
46.109,482.0,746.0,693.0,1620.0,-0.1207,0.1468,-0.2282,2.7617,0.013,,RECOVER_BACKWARD,方向有效，继续低速脱离,front,-0.2676,-2.9899,1,danger,0.0,,0.0,-550,-550,1
46.129,467.0,746.0,710.0,1577.0,-0.0836,0.2262,-0.1311,3.0268,0.0713,,RECOVER_BACKWARD,方向有效，继续低速脱离,front,-0.3098,-3.1579,1,danger,0.0,,0.0,-550,-550,1
46.149,476.0,779.0,743.0,1589.0,-0.0557,0.2262,-0.0898,3.0671,0.0852,,RECOVER_BACKWARD,方向有效，继续低速脱离,front,-0.2819,-3.1569,1,danger,0.0,,0.0,-550,-550,1
46.17,468.0,756.0,740.0,1589.0,-0.0805,0.246,-0.017,3.0671,0.1145,,RECOVER_BACKWARD,方向有效，继续低速脱离,front,-0.3265,-3.0841,1,danger,0.0,,0.0,-550,-550,1
46.19,469.0,744.0,731.0,1603.0,-0.0774,0.246,-0.017,3.0671,0.1145,,RECOVER_BACKWARD,方向有效，继续低速脱离,front,-0.3234,-3.0841,1,danger,0.0,,0.0,-550,-550,1
46.21,481.0,708.0,724.0,1602.0,-0.0774,0.2222,-0.0388,3.1107,0.0917,,RECOVER_BACKWARD,方向有效，继续低速脱离,front,-0.2996,-3.1496,1,danger,0.0,,0.0,-550,-550,1
46.23,492.0,695.0,711.0,1600.0,-0.0402,0.1508,-0.0558,3.1107,0.0553,,RECOVER_BACKWARD,方向有效，继续低速脱离,front,-0.191,-3.1666,1,danger,0.0,,0.0,-550,-550,1
46.25,493.0,705.0,712.0,1610.0,-0.0062,0.1448,-0.085,3.1107,0.0693,,RECOVER_BACKWARD,方向有效，继续低速脱离,front,-0.151,-3.1957,1,danger,0.0,,0.0,-550,-550,1
46.27,485.0,709.0,724.0,1622.0,-0.0062,0.1448,-0.085,3.1376,0.0693,,RECOVER_BACKWARD,方向有效，继续低速脱离,front,-0.151,-3.2225,1,danger,0.0,,0.0,-550,-550,1
46.29,470.0,756.0,724.0,1600.0,-0.0279,0.1528,-0.0558,3.1376,0.0625,,RECOVER_BACKWARD,方向有效，继续低速脱离,front,-0.1806,-3.1934,1,danger,0.0,,0.0,-550,-550,1
46.31,457.0,807.0,728.0,1611.0,-0.0743,0.246,-0.0558,3.1409,0.0951,,RECOVER_BACKWARD,方向有效，继续低速脱离,front,-0.3203,-3.1968,1,danger,0.0,,0.0,-550,-550,1
46.33,446.0,821.0,721.0,1609.0,-0.1146,0.3472,-0.0558,3.1342,0.1457,,RECOVER_BACKWARD,方向有效，继续低速脱离,front,-0.4618,-3.1901,1,danger,0.0,,0.0,-550,-550,1
46.351,437.0,828.0,717.0,1634.0,-0.1486,0.375,-0.0631,3.1409,0.1559,,RECOVER_BACKWARD,方向有效，继续低速脱离,front,-0.5236,-3.204,1,danger,0.0,,0.0,-550,-550,1
46.371,437.0,828.0,717.0,1634.0,-0.1765,0.3889,-0.0728,3.2181,0.158,,RECOVER_BACKWARD,方向有效，继续低速脱离,front,-0.5654,-3.2909,1,danger,0.0,,0.0,-550,-550,1
46.391,438.0,830.0,716.0,1627.0,-0.1765,0.3889,-0.0728,3.2181,0.158,,RECOVER_BACKWARD,方向有效，继续低速脱离,front,-0.5654,-3.2909,1,danger,0.0,,0.0,-550,-550,1
46.411,434.0,829.0,718.0,1618.0,-0.1765,0.3909,-0.0728,3.1946,0.159,,RECOVER_BACKWARD,方向有效，继续低速脱离,front,-0.5673,-3.2674,1,danger,0.0,,0.0,-550,-550,1
46.431,441.0,813.0,716.0,1590.0,-0.1734,0.3909,-0.0752,3.1644,0.1578,,RECOVER_BACKWARD,方向有效，继续低速脱离,front,-0.5642,-3.2397,1,danger,0.0,,0.0,-550,-550,1
46.451,452.0,783.0,714.0,1588.0,-0.1641,0.3591,-0.0752,3.0705,0.1419,,RECOVER_BACKWARD,方向有效，继续低速脱离,front,-0.5232,-3.1457,1,danger,0.0,,0.0,-550,-550,1
46.471,470.0,769.0,718.0,1607.0,-0.13,0.2996,-0.0752,3.0705,0.1122,,RECOVER_BACKWARD,方向有效，继续低速脱离,front,-0.4296,-3.1457,1,danger,0.0,,0.0,-550,-550,1
46.491,486.0,784.0,714.0,1620.0,-0.0743,0.2996,-0.0801,3.1275,0.1126,,RECOVER_BACKWARD,方向有效，继续低速脱离,front,-0.3739,-3.2076,1,danger,0.0,,0.0,-550,-550,1
46.511,499.0,774.0,709.0,1640.0,-0.0248,0.2817,-0.0801,3.1711,0.1285,,RECOVER_BACKWARD,方向有效，继续低速脱离,front,-0.3065,-3.2512,1,danger,0.0,,0.0,-550,-550,1
46.531,513.0,777.0,706.0,1638.0,0.0155,0.2877,-0.0922,3.2315,0.1516,,RECOVER_BACKWARD,方向有效，继续低速脱离,front,-0.2722,-3.3238,1,danger,0.0,,0.0,-550,-550,1
46.552,516.0,786.0,699.0,1638.0,0.0588,0.2877,-0.0995,3.2315,0.1733,,RECOVER_BACKWARD,方向有效，继续低速脱离,front,-0.2289,-3.3311,1,danger,0.0,,0.0,-550,-550,1
46.572,508.0,799.0,690.0,1631.0,0.0588,0.3056,-0.1165,3.2315,0.1822,,RECOVER_BACKWARD,方向有效，继续低速脱离,front,-0.2467,-3.348,1,danger,0.0,,0.0,-550,-550,1
46.592,504.0,818.0,694.0,1636.0,0.0433,0.3313,-0.1286,3.2248,0.1873,,RECOVER_BACKWARD,方向有效，继续低速脱离,front,-0.288,-3.3535,1,danger,0.0,,0.0,-550,-550,1
46.612,508.0,829.0,698.0,1619.0,0.0433,0.369,-0.1286,3.2081,0.2062,,RECOVER_BACKWARD,方向有效，继续低速脱离,front,-0.3257,-3.3367,1,danger,0.0,,0.0,-550,-550,1
46.632,516.0,833.0,704.0,1638.0,0.0433,0.3909,-0.1189,3.2248,0.2171,,RECOVER_BACKWARD,方向有效，继续低速脱离,front,-0.3475,-3.3438,1,danger,0.0,,0.0,-550,-550,1
46.652,526.0,811.0,706.0,1614.0,0.0681,0.3909,-0.1044,3.1678,0.2295,,RECOVER_BACKWARD,方向有效，继续低速脱离,front,-0.3228,-3.2722,1,danger,0.0,,0.0,-550,-550,1
46.672,534.0,788.0,703.0,1596.0,0.0991,0.3552,-0.1044,3.151,0.2271,,RECOVER_BACKWARD,方向有效，继续低速脱离,front,-0.2561,-3.2554,1,danger,0.0,,0.0,-550,-550,1
46.692,545.0,767.0,702.0,1606.0,0.1238,0.3095,-0.1068,3.1242,0.2167,,RECOVER_BACKWARD,方向有效，继续低速脱离,front,-0.1857,-3.231,1,danger,0.0,,0.0,-550,-550,1
46.712,564.0,734.0,698.0,1573.0,0.1579,0.2679,-0.1092,3.0906,0.2129,,RECOVER_BACKWARD,方向有效，继续低速脱离,front,-0.11,-3.1998,1,danger,0.0,,0.0,-550,-550,1
46.732,586.0,713.0,692.0,1564.0,0.2167,0.2024,-0.1189,3.0134,0.2095,,RECOVER_BACKWARD,方向有效，继续低速脱离,front,0.0143,-3.1324,1,danger,0.0,,0.0,-550,-550,1
46.753,616.0,721.0,685.0,1566.0,0.2848,0.1766,-0.1335,2.9899,0.2307,,RECOVER_BACKWARD,方向有效，继续低速脱离,front,0.1082,-3.1234,1,danger,0.0,,0.0,-550,-550,1
46.773,659.0,757.0,686.0,1566.0,0.3777,0.1766,-0.1481,2.9899,0.2771,,RECOVER_BACKWARD,方向有效，继续低速脱离,front,0.2011,-3.138,1,danger,0.0,,0.0,-550,-550,1
46.793,704.0,802.0,689.0,1576.0,0.5108,0.248,-0.1481,2.9899,0.3794,,RECOVER_BACKWARD,方向有效，继续低速脱离,front,0.2628,-3.138,0,danger,0.0,,0.0,-550,-550,1
46.813,704.0,802.0,689.0,1576.0,0.6502,0.3373,-0.1408,3.0235,0.4937,,RECOVER_BACKWARD,方向有效，继续低速脱离,front,0.3129,-3.1643,0,danger,0.0,,0.0,-550,-550,1
46.833,731.0,851.0,692.0,1546.0,0.6502,0.3373,-0.1408,3.0235,0.4937,,RECOVER_BACKWARD,方向有效，继续低速脱离,front,0.3129,-3.1643,0,danger,0.0,,0.0,-550,-550,1
46.853,731.0,904.0,694.0,1558.0,0.7337,0.4345,-0.1335,2.9631,0.5841,,RECOVER_BACKWARD,方向有效，继续低速脱离,front,0.2992,-3.0966,0,danger,0.0,,0.0,-550,-550,1
46.873,708.0,946.0,694.0,1547.0,0.7337,0.5397,-0.1286,2.9262,0.6367,,RECOVER_BACKWARD,方向有效，继续低速脱离,front,0.1941,-3.0548,0,danger,0.0,,0.0,-550,-550,1
46.893,685.0,981.0,692.0,1524.0,0.6625,0.623,-0.1286,2.9262,0.6428,,RECOVER_BACKWARD,方向有效，继续低速脱离,front,0.0395,-3.0548,0,danger,0.0,,0.0,-550,-550,1
46.914,672.0,1015.0,694.0,1493.0,0.5913,0.6925,-0.1286,2.849,0.6419,,RECOVER_BACKWARD,方向有效，继续低速脱离,front,-0.1011,-2.9776,0,danger,0.0,,0.0,-550,-550,1
46.934,663.0,1052.0,694.0,1380.0,0.5511,0.7599,-0.1286,2.745,0.6555,,RECOVER_BACKWARD,方向有效，继续低速脱离,front,-0.2088,-2.8736,0,danger,0.0,,0.0,-550,-550,1
46.954,650.0,1103.0,695.0,1336.0,0.5232,0.8333,-0.1286,2.3658,0.6783,,RECOVER_BACKWARD,方向有效，继续低速脱离,front,-0.3101,-2.4944,0,danger,0.0,,0.0,-550,-550,1
46.974,640.0,1156.0,697.0,1294.0,0.483,0.9345,-0.1262,2.2181,0.7087,,RECOVER_BACKWARD,方向有效，继续低速脱离,front,-0.4516,-2.3443,0,danger,0.0,,0.0,-550,-550,1
46.994,623.0,1192.0,696.0,1222.0,0.452,1.0397,-0.1238,2.0772,0.7458,,RECOVER_BACKWARD,方向有效，继续低速脱离,front,-0.5877,-2.201,0,danger,0.0,,0.0,-550,-550,1
47.014,606.0,1216.0,693.0,1146.0,0.3994,1.1111,-0.1238,1.8356,0.7552,,RECOVER_BACKWARD,方向有效，继续低速脱离,front,-0.7117,-1.9594,0,danger,0.0,,0.0,-550,-550,1
47.034,610.0,1249.0,691.0,972.0,0.3591,1.1587,-0.1311,1.5805,0.7589,,RECOVER_BACKWARD,方向有效，继续低速脱离,front,-0.7996,-1.7116,0,danger,0.0,,0.0,-550,-550,1
47.054,630.0,1261.0,689.0,867.0,0.3591,1.2242,-0.1359,0.9966,0.6779,,RECOVER_BACKWARD,方向有效，继续低速脱离,front,-0.8651,-1.1326,0,danger,0.0,,0.0,-550,-550,1
47.074,649.0,1246.0,683.0,842.0,0.4211,1.2242,-0.1408,0.6443,0.5327,,RECOVER_BACKWARD,方向有效，继续低速脱离,front,-0.8032,-0.7851,0,danger,0.0,,0.0,-550,-550,1
47.095,661.0,1224.0,678.0,810.0,0.4799,1.2183,-0.1553,0.5604,0.5201,,RECOVER_BACKWARD,方向有效，继续低速脱离,front,-0.7384,-0.7157,0,danger,0.0,,0.0,-550,-550,1
47.115,661.0,1214.0,676.0,772.0,0.517,1.1746,-0.1675,0.453,0.485,,RECOVER_BACKWARD,方向有效，继续低速脱离,front,-0.6576,-0.6205,0,danger,0.0,,0.0,-550,-550,1
47.135,648.0,1230.0,675.0,811.0,0.517,1.1746,-0.1723,0.453,0.485,,RECOVER_BACKWARD,方向有效，继续低速脱离,front,-0.6576,-0.6254,0,danger,0.0,,0.0,-550,-550,1
47.155,636.0,1190.0,672.0,785.0,0.4768,1.1548,-0.1748,0.3691,0.423,,RECOVER_BACKWARD,方向有效，继续低速脱离,front,-0.678,-0.5439,0,danger,0.0,,0.0,-550,-550,1
47.175,632.0,1138.0,674.0,781.0,0.4396,1.1071,-0.1772,0.3691,0.4044,,RECOVER_BACKWARD,方向有效，继续低速脱离,front,-0.6675,-0.5463,0,danger,0.0,,0.0,-550,-550,1
47.195,639.0,1129.0,676.0,810.0,0.4396,1.004,-0.1772,0.3691,0.4044,,RECOVER_BACKWARD,方向有效，继续低速脱离,front,-0.5643,-0.5463,0,danger,0.0,,0.0,-550,-550,1
47.215,651.0,1136.0,679.0,880.0,0.4489,1.0,-0.1723,0.453,0.451,,RECOVER_BACKWARD,方向有效，继续低速脱离,front,-0.5511,-0.6254,0,danger,0.0,,0.0,-550,-550,1
47.235,664.0,1112.0,683.0,911.0,0.4861,0.9861,-0.165,0.6879,0.587,,RECOVER_BACKWARD,方向有效，继续低速脱离,front,-0.5,-0.853,0,danger,0.0,,0.0,-550,-550,1
47.255,671.0,1079.0,691.0,877.0,0.5263,0.9524,-0.1553,0.6879,0.6071,,RECOVER_BACKWARD,方向有效，继续低速脱离,front,-0.4261,-0.8433,0,danger,0.0,,0.0,-550,-550,1
47.275,671.0,1079.0,691.0,877.0,0.548,0.8869,-0.1359,0.6779,0.6129,,RECOVER_BACKWARD,方向有效，继续低速脱离,front,-0.3389,-0.8138,0,danger,0.0,,0.0,-550,-550,1
47.296,678.0,1066.0,695.0,864.0,0.548,0.8869,-0.1359,0.6779,0.6129,,RECOVER_BACKWARD,方向有效，继续低速脱离,front,-0.3389,-0.8138,0,danger,0.0,,0.0,-550,-550,1
47.316,688.0,1064.0,699.0,891.0,0.5697,0.8611,-0.1262,0.6779,0.6238,,RECOVER_BACKWARD,方向有效，继续低速脱离,front,-0.2915,-0.8041,0,danger,0.0,,0.0,-550,-550,1
47.336,688.0,1071.0,701.0,968.0,0.6006,0.8611,-0.1165,0.7248,0.6627,,RECOVER_BACKWARD,方向有效，继续低速脱离,front,-0.2605,-0.8413,0,danger,0.0,,0.0,-550,-550,1
47.356,693.0,1091.0,706.0,1098.0,0.6006,0.871,-0.1117,0.9832,0.7358,,RECOVER_BACKWARD,方向有效，继续低速脱离,front,-0.2704,-1.0949,0,danger,0.0,,0.0,-550,-550,1
47.376,691.0,1099.0,705.0,1054.0,0.6099,0.9107,-0.1019,1.2718,0.7603,,RECOVER_BACKWARD,方向有效，继续低速脱离,front,-0.3008,-1.3738,0,danger,0.0,,0.0,-550,-550,1
47.396,699.0,1117.0,704.0,968.0,0.6161,0.9266,-0.1019,1.2718,0.7713,,RECOVER_BACKWARD,方向有效，继续低速脱离,front,-0.3105,-1.3738,0,danger,0.0,,0.0,-550,-550,1
47.416,714.0,1134.0,703.0,928.0,0.6347,0.9623,-0.1044,0.9832,0.7985,,RECOVER_BACKWARD,方向有效，继续低速脱离,front,-0.3276,-1.0876,0,danger,0.0,,0.0,-550,-550,1
47.436,727.0,1154.0,702.0,907.0,0.6811,0.996,-0.1068,0.849,0.7651,,RECOVER_BACKWARD,方向有效，继续低速脱离,front,-0.3149,-0.9558,0,danger,0.0,,0.0,-550,-550,1
47.456,733.0,1208.0,696.0,858.0,0.7214,1.0357,-0.1092,0.7785,0.7499,,RECOVER_BACKWARD,方向有效，继续低速脱离,front,-0.3144,-0.8877,0,danger,0.0,,0.0,-550,-550,1
47.477,746.0,1297.0,690.0,840.0,0.7399,1.1429,-0.1238,0.6141,0.677,,RECOVER_BACKWARD,方向有效，继续低速脱离,front,-0.4029,-0.7379,0,danger,0.0,,0.0,-550,-550,1
47.497,768.0,1326.0,690.0,819.0,0.7802,1.3194,-0.1383,0.5537,0.6669,,RECOVER_BACKWARD,方向有效，继续低速脱离,front,-0.5393,-0.692,0,danger,0.0,,0.0,-550,-550,1
47.517,770.0,1333.0,689.0,822.0,0.8483,1.377,-0.1383,0.4933,0.6708,,RECOVER_BACKWARD,方向有效，继续低速脱离,front,-0.5287,-0.6316,0,danger,0.0,,0.0,-550,-550,1
47.537,768.0,1344.0,685.0,792.0,0.8483,1.3909,-0.1408,0.4832,0.6658,,RECOVER_BACKWARD,方向有效，继续低速脱离,front,-0.5426,-0.624,0,danger,0.0,,0.0,-550,-550,1
47.557,769.0,1345.0,687.0,794.0,0.8514,1.4127,-0.1456,0.3993,0.6254,,RECOVER_BACKWARD,方向有效，继续低速脱离,front,-0.5613,-0.545,0,danger,0.0,,0.0,-550,-550,1
47.577,762.0,1344.0,688.0,800.0,0.8483,1.4127,-0.1456,0.3993,0.6238,,RECOVER_BACKWARD,方向有效，继续低速脱离,front,-0.5644,-0.545,0,danger,0.0,,0.0,-550,-550,1
47.597,759.0,1344.0,685.0,785.0,0.8297,1.4127,-0.1456,0.3993,0.6145,,RECOVER_BACKWARD,方向有效，继续低速脱离,front,-0.583,-0.545,0,danger,0.0,,0.0,-550,-550,1
47.617,766.0,1338.0,687.0,796.0,0.8297,1.4127,-0.1456,0.406,0.6179,,RECOVER_BACKWARD,方向有效，继续低速脱离,front,-0.583,-0.5517,0,danger,0.0,,0.0,-550,-550,1
47.637,770.0,1335.0,686.0,807.0,0.8421,1.4008,-0.1481,0.406,0.6241,,RECOVER_BACKWARD,方向有效，继续低速脱离,front,-0.5587,-0.5541,0,danger,0.0,,0.0,-550,-550,1
47.657,781.0,1336.0,683.0,789.0,0.8545,1.3968,-0.1481,0.406,0.6303,,RECOVER_BACKWARD,方向有效，继续低速脱离,front,-0.5423,-0.5541,0,danger,0.0,,0.0,-550,-550,1
47.678,792.0,1328.0,682.0,760.0,0.8885,1.3948,-0.1553,0.3826,0.6355,,RECOVER_BACKWARD,方向有效，继续低速脱离,front,-0.5063,-0.5379,0,danger,0.0,,0.0,-550,-550,1
47.698,794.0,1322.0,681.0,727.0,0.9226,1.381,-0.1578,0.2852,0.6039,,RECOVER_BACKWARD,方向有效，继续低速脱离,front,-0.4584,-0.443,0,danger,0.0,,0.0,-550,-550,1
47.718,794.0,1322.0,681.0,727.0,0.9288,1.369,-0.1602,0.1745,0.5516,,RECOVER_BACKWARD,方向有效，继续低速脱离,front,-0.4403,-0.3347,0,danger,0.0,,0.0,-550,-550,1
47.738,800.0,1306.0,679.0,711.0,0.9288,1.369,-0.1602,0.1745,0.5516,,RECOVER_BACKWARD,方向有效，继续低速脱离,front,-0.4403,-0.3347,0,danger,0.0,,0.0,-550,-550,1
47.758,809.0,1275.0,678.0,686.0,0.9474,1.3373,-0.165,0.1208,0.5341,,RECOVER_BACKWARD,方向有效，继续低速脱离,front,-0.3899,-0.2859,0,danger,0.0,,0.0,-550,-550,1
47.778,802.0,1232.0,675.0,665.0,0.9536,1.2758,-0.1675,0.0369,0.4952,,RECOVER_BACKWARD,方向有效，继续低速脱离,front,-0.3222,-0.2044,0,danger,0.0,,0.0,-550,-550,1
47.798,797.0,1192.0,672.0,638.0,0.9536,1.1905,-0.1748,-0.0336,0.46,,RECOVER_BACKWARD,方向有效，继续低速脱离,front,-0.2369,-0.1412,0,danger,0.0,,0.0,-550,-550,1
47.818,788.0,1108.0,666.0,615.0,0.9381,1.1111,-0.182,-0.1242,0.407,,RECOVER_BACKWARD,方向有效，继续低速脱离,front,-0.173,-0.0579,0,danger,0.0,,0.0,-550,-550,1
47.838,775.0,988.0,665.0,604.0,0.9102,0.9444,-0.1966,-0.2013,0.3568,,RECOVER_BACKWARD,方向有效，继续低速脱离,front,-0.0342,0.0047,0,danger,0.0,,0.0,-550,-550,1
47.858,758.0,901.0,660.0,579.0,0.87,0.7063,-0.199,-0.2383,0.2537,,RECOVER_BACKWARD,方向有效，继续低速脱离,front,0.1636,0.0392,1,danger,0.0,,0.0,-550,-550,1
47.879,741.0,844.0,660.0,574.0,0.8173,0.5337,-0.2112,-0.3221,0.1613,,RECOVER_BACKWARD,方向有效，继续低速脱离,front,0.2836,0.111,1,danger,0.0,,0.0,-550,-550,1
47.899,722.0,828.0,658.0,561.0,0.7647,0.4206,-0.2112,-0.3389,0.1047,,RECOVER_BACKWARD,方向有效，继续低速脱离,front,0.3441,0.1278,1,danger,0.0,,0.0,-550,-550,1
47.919,713.0,838.0,657.0,554.0,0.7059,0.4087,-0.216,-0.3826,0.0964,,RECOVER_BACKWARD,方向有效，继续低速脱离,front,0.2972,0.1665,1,danger,0.0,,0.0,-550,-550,1
47.939,714.0,861.0,657.0,553.0,0.6811,0.4087,-0.2184,-0.406,0.0951,,RECOVER_BACKWARD,方向有效，继续低速脱离,front,0.2724,0.1876,1,danger,0.0,,0.0,-550,-550,1
47.959,718.0,864.0,658.0,546.0,0.6811,0.4544,-0.2184,-0.4094,0.118,,RECOVER_BACKWARD,方向有效，继续低速脱离,front,0.2267,0.1909,1,danger,0.0,,0.0,-550,-550,1
47.979,737.0,864.0,657.0,547.0,0.6935,0.4603,-0.2184,-0.4295,0.1209,,RECOVER_BACKWARD,方向有效，继续低速脱离,front,0.2332,0.2111,1,danger,0.0,,0.0,-550,-550,1
47.999,779.0,951.0,658.0,552.0,0.7523,0.4603,-0.216,-0.4295,0.1221,,RECOVER_BACKWARD,方向有效，继续低速脱离,front,0.292,0.2135,1,danger,0.0,,0.0,-550,-550,1
48.019,826.0,1218.0,660.0,560.0,0.8824,0.6329,-0.216,-0.4128,0.2085,,RECOVER_BACKWARD,方向有效，继续低速脱离,front,0.2494,0.1967,1,danger,0.0,,0.0,-550,-550,1
48.039,872.0,1271.0,670.0,592.0,1.0279,1.1627,-0.2112,-0.3859,0.4083,,RECOVER_BACKWARD,方向有效，继续低速脱离,front,-0.1348,0.1747,0,danger,0.0,,0.0,-550,-550,1
48.059,923.0,1150.0,678.0,623.0,1.1703,1.1627,-0.1869,-0.2785,0.4879,,RECOVER_BACKWARD,方向有效，继续低速脱离,front,0.0076,0.0916,0,danger,0.0,,0.0,-550,-550,1
48.08,966.0,884.0,679.0,641.0,1.3282,1.0278,-0.1675,-0.1745,0.4302,,RECOVER_BACKWARD,方向有效，继续低速脱离,front,0.3004,0.007,0,danger,0.0,,0.0,-550,-550,1
48.1,1004.0,742.0,677.0,661.0,1.4613,0.5,-0.1675,-0.1141,0.193,,RECOVER_BACKWARD,方向有效，继续低速脱离,front,0.9613,-0.0534,1,danger,0.0,,0.0,-550,-550,1
48.12,1020.0,695.0,687.0,645.0,1.5789,0.2183,-0.165,-0.1007,0.0588,,RECOVER_BACKWARD,方向有效，继续低速脱离,front,1.3607,-0.0644,1,danger,0.0,,0.0,-550,-550,1
48.14,1020.0,695.0,687.0,645.0,1.6285,0.125,-0.1456,-0.1007,0.0122,,RECOVER_BACKWARD,方向有效，继续低速脱离,front,1.5035,-0.045,1,danger,0.0,,0.0,-550,-550,1
48.16,1017.0,707.0,697.0,620.0,1.6285,0.125,-0.1456,-0.1007,0.0122,,RECOVER_BACKWARD,方向有效，继续低速脱离,front,1.5035,-0.045,1,danger,0.0,,0.0,-550,-550,1
48.18,1020.0,736.0,704.0,606.0,1.6285,0.1488,-0.1214,-0.1846,0.0137,,RECOVER_BACKWARD,方向有效，继续低速脱离,front,1.4797,0.0632,1,danger,0.0,,0.0,-550,-550,1
48.2,1012.0,743.0,698.0,567.0,1.6192,0.2063,-0.1189,-0.2315,0.0437,,RECOVER_BACKWARD,方向有效，继续低速脱离,front,1.4128,0.1126,1,danger,0.0,,0.0,-550,-550,1
48.22,996.0,796.0,697.0,525.0,1.6037,0.2202,-0.1189,-0.3624,0.0507,,RECOVER_BACKWARD,方向有效，继续低速脱离,front,1.3835,0.2435,1,danger,0.0,,0.0,-550,-550,1
48.241,988.0,835.0,698.0,536.0,1.5542,0.3254,-0.1189,-0.4664,0.1032,,RECOVER_BACKWARD,方向有效，继续低速脱离,front,1.2288,0.3475,1,danger,0.0,,0.0,-550,-550,1
48.261,987.0,864.0,698.0,560.0,1.5294,0.4028,-0.1189,-0.4664,0.1419,,RECOVER_BACKWARD,方向有效，继续低速脱离,front,1.1266,0.3475,1,danger,0.0,,0.0,-550,-550,1
48.281,990.0,880.0,700.0,574.0,1.5294,0.4603,-0.1189,-0.3859,0.1707,,RECOVER_BACKWARD,方向有效，继续低速脱离,front,1.0691,0.267,1,danger,0.0,,0.0,-550,-550,1
48.301,993.0,865.0,702.0,577.0,1.5356,0.4623,-0.1141,-0.3389,0.1741,,RECOVER_BACKWARD,方向有效，继续低速脱离,front,1.0733,0.2248,1,danger,0.0,,0.0,-550,-550,1
48.321,981.0,827.0,705.0,579.0,1.5356,0.4623,-0.1092,-0.3289,0.1765,,RECOVER_BACKWARD,方向有效，继续低速脱离,front,1.0733,0.2196,1,danger,0.0,,0.0,-550,-550,1
48.341,963.0,792.0,707.0,580.0,1.5077,0.3869,-0.1019,-0.3221,0.1425,,RECOVER_BACKWARD,方向有效，继续低速脱离,front,1.1208,0.2202,1,danger,0.0,,0.0,-550,-550,1
48.361,952.0,752.0,708.0,582.0,1.452,0.3175,-0.0971,-0.3188,0.1102,,RECOVER_BACKWARD,方向有效，继续低速脱离,front,1.1346,0.2217,1,danger,0.0,,0.0,-550,-550,1
48.381,940.0,731.0,709.0,576.0,1.418,0.2381,-0.0947,-0.3188,0.0717,,RECOVER_BACKWARD,方向有效，继续低速脱离,front,1.1799,0.2241,1,danger,0.0,,0.0,-550,-550,1
48.401,937.0,724.0,706.0,563.0,1.3808,0.1964,-0.0947,-0.3322,0.0509,,RECOVER_BACKWARD,方向有效，继续低速脱离,front,1.1844,0.2376,1,danger,0.0,,0.0,-550,-550,1
48.421,943.0,762.0,696.0,555.0,1.3808,0.1964,-0.0995,-0.3758,0.0485,,RECOVER_BACKWARD,方向有效，继续低速脱离,front,1.1844,0.2763,1,danger,0.0,,0.0,-550,-550,1
48.442,874.0,775.0,680.0,530.0,1.3715,0.2579,-0.1238,-0.4027,0.0671,,RECOVER_BACKWARD,方向有效，继续低速脱离,front,1.1136,0.2789,1,danger,0.0,,0.0,-550,-550,1
48.462,780.0,786.0,665.0,523.0,1.1765,0.2837,-0.1626,-0.4866,0.0606,,RECOVER_BACKWARD,方向有效，继续低速脱离,front,0.8927,0.324,1,danger,0.0,,0.0,-550,-550,1
48.482,655.0,776.0,651.0,507.0,0.8854,0.2857,-0.199,-0.5101,0.0433,,RECOVER_BACKWARD,方向有效，继续低速脱离,front,0.5997,0.311,1,danger,0.0,,0.0,-550,-550,1
48.502,598.0,763.0,633.0,492.0,0.4985,0.2857,-0.233,-0.5638,0.0264,,RECOVER_BACKWARD,方向有效，继续低速脱离,front,0.2127,0.3307,1,danger,0.0,,0.0,-550,-550,1
48.522,555.0,746.0,615.0,473.0,0.322,0.2599,-0.2767,-0.6141,-0.0084,,RECOVER_BACKWARD,方向有效，继续低速脱离,front,0.0621,0.3374,1,danger,0.0,,0.0,-550,-550,1
48.542,524.0,717.0,596.0,466.0,0.1889,0.2262,-0.3204,-0.6779,-0.0658,,RECOVER_BACKWARD,方向有效，继续低速脱离,front,-0.0373,0.3575,1,danger,0.0,,0.0,-550,-550,1
48.562,505.0,683.0,582.0,465.0,0.0929,0.1687,-0.3665,-0.7013,-0.1368,,RECOVER_BACKWARD,方向有效，继续低速脱离,front,-0.0758,0.3348,1,danger,0.0,,0.0,-550,-550,1
48.582,498.0,656.0,572.0,464.0,0.0341,0.1012,-0.4005,-0.7047,-0.1832,,RECOVER_BACKWARD,方向有效，继续低速脱离,front,-0.0671,0.3042,1,danger,0.0,,0.0,-550,-550,1
48.602,493.0,638.0,559.0,462.0,0.0124,0.0476,-0.4248,-0.7081,-0.2062,,RECOVER_BACKWARD,方向有效，继续低速脱离,front,-0.0352,0.2833,1,danger,0.0,,0.0,-550,-550,1
48.623,493.0,638.0,559.0,462.0,-0.0031,0.0119,-0.4563,-0.7148,-0.2297,,RECOVER_FORWARD,直线脱离未改善，换方向继续,front,-0.015,0.2585,1,danger,0.0,,0.0,550,550,1
48.643,492.0,622.0,550.0,464.0,-0.0031,0.0119,-0.4563,-0.7148,-0.2297,,RECOVER_FORWARD,直线脱离未改善，换方向继续,front,-0.015,0.2585,1,danger,0.0,,0.0,550,550,1
48.663,484.0,604.0,537.0,462.0,-0.0062,-0.0198,-0.4782,-0.7148,-0.249,,RECOVER_FORWARD,直线脱离未改善，换方向继续,front,0.0136,0.2366,1,danger,0.0,,0.0,550,550,1
48.683,468.0,583.0,519.0,456.0,-0.031,-0.0556,-0.5097,-0.7148,-0.2826,,RECOVER_FORWARD,直线脱离未改善，换方向继续,front,0.0246,0.2051,1,danger,0.0,,0.0,550,550,1
48.703,446.0,564.0,501.0,442.0,-0.0805,-0.0972,-0.5534,-0.7349,-0.3253,,RECOVER_FORWARD,直线脱离未改善，换方向继续,front,0.0167,0.1815,1,danger,0.0,,0.0,550,550,1
48.724,423.0,545.0,483.0,429.0,-0.1486,-0.1349,-0.5971,-0.7819,-0.3728,,RECOVER_FORWARD,直线脱离未改善，换方向继续,front,-0.0137,0.1848,1,danger,0.0,,0.0,550,550,1
48.744,409.0,532.0,469.0,421.0,-0.2198,-0.1726,-0.6408,-0.8255,-0.4303,,RECOVER_FORWARD,直线脱离未改善，换方向继续,front,-0.0472,0.1847,1,danger,0.0,,0.0,550,550,1
48.764,409.0,524.0,462.0,421.0,-0.2632,-0.1984,-0.6748,-0.8523,-0.469,,RECOVER_FORWARD,直线脱离未改善，换方向继续,front,-0.0647,0.1776,1,danger,0.0,,0.0,550,550,1
48.784,419.0,519.0,462.0,429.0,-0.2632,-0.2143,-0.6917,-0.8523,-0.4775,,RECOVER_FORWARD,直线脱离未改善，换方向继续,front,-0.0489,0.1606,1,danger,0.0,,0.0,550,550,1
48.804,435.0,516.0,469.0,441.0,-0.2322,-0.2242,-0.6917,-0.8255,-0.462,,RECOVER_FORWARD,直线脱离未改善，换方向继续,front,-0.008,0.1338,1,danger,0.0,,0.0,550,550,1
48.824,459.0,511.0,478.0,463.0,-0.1827,-0.2302,-0.6748,-0.7852,-0.4525,,RECOVER_FORWARD,直线脱离未改善，换方向继续,front,0.0475,0.1105,1,danger,0.0,,0.0,550,550,1
48.844,508.0,507.0,488.0,487.0,-0.1084,-0.2401,-0.6529,-0.7114,-0.4465,,RECOVER_FORWARD,直线脱离未改善，换方向继续,front,0.1317,0.0585,1,danger,0.0,,0.0,550,550,1
48.864,590.0,509.0,495.0,525.0,0.0433,-0.244,-0.6286,-0.6309,-0.4363,,RECOVER_FORWARD,直线脱离未改善，换方向继续,front,0.2874,0.0022,1,danger,0.0,,0.0,550,550,1
48.884,659.0,518.0,502.0,565.0,0.2972,-0.244,-0.6117,-0.5034,-0.3737,,RECOVER_FORWARD,直线脱离未改善，换方向继续,front,0.5413,-0.1083,1,danger,0.0,,0.0,550,550,1
48.911,715.0,527.0,507.0,579.0,0.5108,-0.2262,-0.5947,-0.3691,-0.2977,,RECOVER_FORWARD,直线脱离未改善，换方向继续,front,0.737,-0.2255,1,danger,0.0,,0.0,550,550,1
48.931,749.0,538.0,499.0,558.0,0.6842,-0.2083,-0.5947,-0.3691,-0.2887,,RECOVER_FORWARD,直线脱离未改善，换方向继续,front,0.8925,-0.2255,1,danger,0.0,,0.0,550,550,1
48.951,781.0,544.0,492.0,544.0,0.7895,-0.1865,-0.6019,-0.3926,-0.2896,,RECOVER_FORWARD,直线脱离未改善，换方向继续,front,0.976,-0.2093,1,danger,0.0,,0.0,550,550,1
48.971,805.0,536.0,486.0,526.0,0.8885,-0.1865,-0.6189,-0.4396,-0.3131,,RECOVER_FORWARD,直线脱离未改善，换方向继续,front,1.0751,-0.1793,1,danger,0.0,,0.0,550,550,1
48.991,843.0,534.0,489.0,508.0,0.9628,-0.1905,-0.6262,-0.5,-0.3452,,RECOVER_FORWARD,直线脱离未改善，换方向继续,front,1.1533,-0.1262,1,danger,0.0,,0.0,550,550,1
49.011,881.0,537.0,497.0,494.0,1.0805,-0.1905,-0.6262,-0.5604,-0.3754,,RECOVER_FORWARD,直线脱离未改善，换方向继续,front,1.271,-0.0658,1,danger,0.0,,0.0,550,550,1
49.031,936.0,552.0,509.0,517.0,1.1981,-0.1885,-0.6068,-0.5604,-0.3744,,RECOVER_FORWARD,直线脱离未改善，换方向继续,front,1.3866,-0.0464,1,danger,0.0,,0.0,550,550,1
49.051,960.0,567.0,526.0,548.0,1.3684,-0.1587,-0.5777,-0.5302,-0.3445,,RECOVER_FORWARD,直线脱离未改善，换方向继续,front,1.5272,-0.0475,1,danger,0.0,,0.0,550,550,1
49.072,963.0,581.0,535.0,563.0,1.4427,-0.129,-0.5364,-0.4262,-0.2776,,RECOVER_FORWARD,直线脱离未改善，换方向继续,front,1.5717,-0.1102,1,danger,0.0,,0.0,550,550,1
49.092,950.0,599.0,531.0,566.0,1.4427,-0.1012,-0.5243,-0.3758,-0.2385,,RECOVER_FORWARD,直线脱离未改善，换方向继续,front,1.5439,-0.1484,1,danger,0.0,,0.0,550,550,1
49.112,960.0,620.0,527.0,575.0,1.4427,-0.0655,-0.5243,-0.3658,-0.2156,,RECOVER_FORWARD,直线脱离未改善，换方向继续,front,1.5082,-0.1585,1,danger,0.0,,0.0,550,550,1
49.132,1036.0,648.0,531.0,587.0,1.4427,-0.0238,-0.5243,-0.3356,-0.1797,,RECOVER_FORWARD,直线脱离未改善，换方向继续,front,1.4665,-0.1887,1,danger,0.0,,0.0,550,550,1
49.152,1011.0,661.0,545.0,572.0,1.6006,0.0317,-0.5243,-0.3356,-0.1519,,RECOVER_FORWARD,直线脱离未改善，换方向继续,front,1.5689,-0.1887,1,danger,0.0,,0.0,550,550,1
49.172,1058.0,665.0,578.0,519.0,1.678,0.0575,-0.4903,-0.3456,-0.144,,RECOVER_FORWARD,直线脱离未改善，换方向继续,front,1.6205,-0.1447,1,danger,0.0,,0.0,550,550,1
49.192,1122.0,685.0,663.0,478.0,1.7461,0.0655,-0.4102,-0.5235,-0.1724,,RECOVER_FORWARD,直线脱离未改善，换方向继续,front,1.6807,0.1133,1,danger,0.0,,0.0,550,550,1
49.212,1004.0,717.0,740.0,481.0,1.7461,0.1052,-0.2039,-0.651,-0.0494,,RECOVER_FORWARD,直线脱离未改善，换方向继续,front,1.641,0.4471,1,danger,0.0,,0.0,550,550,1
49.232,802.0,729.0,749.0,547.0,1.5789,0.1687,-0.017,-0.651,0.0758,,RECOVER_FORWARD,直线脱离未改善，换方向继续,front,1.4103,0.634,1,danger,0.0,,0.0,550,550,1
49.252,626.0,722.0,685.0,611.0,0.9536,0.1786,-0.017,-0.4295,0.0808,,RECOVER_FORWARD,直线脱离未改善，换方向继续,front,0.775,0.4125,1,danger,0.0,,0.0,550,550,1
49.272,549.0,712.0,719.0,625.0,0.4087,0.1786,-0.068,-0.2148,0.0553,,RECOVER_FORWARD,直线脱离未改善，换方向继续,front,0.2301,0.1468,1,danger,0.0,,0.0,550,550,1
49.292,497.0,666.0,905.0,624.0,0.1703,0.1587,-0.068,-0.1711,0.0454,,RECOVER_FORWARD,直线脱离未改善，换方向继续,front,0.0115,0.1032,1,danger,0.0,,0.0,550,550,1
49.312,456.0,620.0,1044.0,587.0,0.0093,0.0675,0.3835,-0.1711,0.0384,,RECOVER_FORWARD,直线脱离未改善，换方向继续,front,-0.0582,0.5546,1,danger,0.0,,0.0,550,550,1
49.333,430.0,587.0,1137.0,557.0,-0.1176,-0.0238,0.7209,-0.2953,-0.0707,,RECOVER_FORWARD,直线脱离未改善，换方向继续,front,-0.0938,1.0162,1,danger,0.0,,0.0,550,550,1
49.353,413.0,568.0,1219.0,528.0,-0.1981,-0.0893,0.9466,-0.396,-0.1437,,RECOVER_FORWARD,直线脱离未改善，换方向继续,front,-0.1089,1.3426,1,danger,0.0,,0.0,550,550,1
49.373,403.0,559.0,1272.0,504.0,-0.2508,-0.127,1.1456,-0.4933,-0.1889,,RECOVER_FORWARD,直线脱离未改善，换方向继续,front,-0.1238,1.6389,1,danger,0.0,,0.0,550,550,1
49.393,396.0,555.0,1296.0,506.0,-0.2817,-0.1448,1.2743,-0.5671,-0.2133,,RECOVER_FORWARD,直线脱离未改善，换方向继续,front,-0.1369,1.8414,1,danger,0.0,,0.0,550,550,1
49.413,387.0,551.0,1284.0,520.0,-0.3034,-0.1528,1.3034,-0.5671,-0.2281,,RECOVER_FORWARD,直线脱离未改善，换方向继续,front,-0.1506,1.8705,1,danger,0.0,,0.0,550,550,1
49.433,379.0,554.0,1256.0,539.0,-0.3313,-0.1548,1.3034,-0.5201,-0.243,,RECOVER_FORWARD,直线脱离未改善，换方向继续,front,-0.1765,1.8235,1,danger,0.0,,0.0,550,550,1
49.453,367.0,559.0,1201.0,562.0,-0.356,-0.1548,1.2354,-0.4564,-0.2554,,RECOVER_FORWARD,直线脱离未改善，换方向继续,front,-0.2013,1.6918,1,danger,0.0,,0.0,550,550,1
49.473,353.0,563.0,1118.0,597.0,-0.3932,-0.1448,1.1019,-0.3792,-0.262,,RECOVER_FORWARD,直线脱离未改善，换方向继续,front,-0.2483,1.4811,1,danger,0.0,,0.0,550,550,1
49.493,353.0,563.0,1118.0,597.0,-0.4365,-0.1369,0.9005,-0.2617,-0.1993,,RECOVER_FORWARD,直线脱离未改善，换方向继续,front,-0.2996,1.1622,1,danger,0.0,,0.0,550,550,1
49.513,339.0,562.0,1020.0,640.0,-0.4365,-0.1369,0.9005,-0.2617,-0.1993,,RECOVER_FORWARD,直线脱离未改善，换方向继续,front,-0.2996,1.1622,1,danger,0.0,,0.0,550,550,1
49.533,327.0,556.0,930.0,667.0,-0.4799,-0.1389,0.6626,-0.1174,-0.1282,,RECOVER_FORWARD,直线脱离未改善，换方向继续,front,-0.341,0.7801,1,danger,0.0,,0.0,550,550,1
49.553,315.0,549.0,850.0,675.0,-0.517,-0.1508,0.4442,-0.0268,-0.0888,,RECOVER_FORWARD,直线脱离未改善，换方向继续,front,-0.3662,0.471,1,danger,0.0,,0.0,550,550,1
49.573,305.0,537.0,777.0,657.0,-0.5542,-0.1647,0.25,-0.0268,-0.0958,,RECOVER_FORWARD,直线脱离未改善，换方向继续,front,-0.3895,0.2768,1,danger,0.0,,0.0,550,550,1
49.594,295.0,524.0,713.0,609.0,-0.5851,-0.1885,0.0728,-0.0604,-0.1244,,RECOVER_FORWARD,直线脱离未改善，换方向继续,front,-0.3966,0.1332,1,danger,0.0,,0.0,550,550,1
49.614,284.0,506.0,648.0,548.0,-0.6161,-0.2143,-0.0825,-0.2215,-0.2179,,RECOVER_FORWARD,直线脱离未改善，换方向继续,front,-0.4018,0.139,1,danger,0.0,,0.0,550,550,1
49.634,273.0,487.0,585.0,488.0,-0.6502,-0.25,-0.2403,-0.4262,-0.3381,,RECOVER_FORWARD,直线脱离未改善，换方向继续,front,-0.4002,0.1859,1,danger,0.0,,0.0,550,550,1
49.654,262.0,471.0,536.0,434.0,-0.6842,-0.2877,-0.3932,-0.6275,-0.5104,,RECOVER_FORWARD,直线脱离未改善，换方向继续,front,-0.3965,0.2343,1,danger,0.0,,0.0,550,550,1
49.674,251.0,456.0,493.0,387.0,-0.7183,-0.3194,-0.5121,-0.8087,-0.6152,,RECOVER_FORWARD,直线脱离未改善，换方向继续,front,-0.3988,0.2966,1,danger,0.0,,0.0,550,550,1
49.694,239.0,444.0,456.0,346.0,-0.7523,-0.3492,-0.6165,-0.9664,-0.6844,,RECOVER_FORWARD,直线脱离未改善，换方向继续,front,-0.4031,0.3499,1,danger,0.0,,0.0,550,550,1
49.714,227.0,433.0,422.0,314.0,-0.7895,-0.373,-0.7063,-1.104,-0.7479,,RECOVER_FORWARD,直线脱离未改善，换方向继续,front,-0.4165,0.3977,1,danger,0.0,,0.0,550,550,1
49.734,216.0,427.0,389.0,290.0,-0.8266,-0.3948,-0.7888,-1.2114,-0.8077,,RECOVER_FORWARD,直线脱离未改善，换方向继续,front,-0.4318,0.4226,1,danger,0.0,,0.0,550,550,1
49.754,206.0,420.0,360.0,275.0,-0.8607,-0.4067,-0.8689,-1.2919,-0.8648,,RECOVER_FORWARD,直线脱离未改善，换方向继续,front,-0.4539,0.423,1,danger,0.0,,0.0,550,550,1
49.774,197.0,407.0,332.0,263.0,-0.8916,-0.4206,-0.9393,-1.3423,-0.9155,,RECOVER_FORWARD,直线脱离未改善，换方向继续,front,-0.471,0.403,1,danger,0.0,,0.0,550,550,1
49.794,191.0,385.0,310.0,256.0,-0.9195,-0.4464,-1.0073,-1.3826,-0.9634,,RECOVER_FORWARD,直线脱离未改善，换方向继续,front,-0.4731,0.3753,1,danger,0.0,,0.0,550,550,1
49.814,186.0,360.0,291.0,252.0,-0.9381,-0.4901,-1.0607,-1.406,-0.9994,,RECOVER_FORWARD,直线脱离未改善，换方向继续,front,-0.448,0.3454,1,danger,0.0,,0.0,550,550,1
49.835,185.0,343.0,275.0,251.0,-0.9536,-0.5397,-1.1068,-1.4195,-1.0302,,RECOVER_FORWARD,直线脱离未改善，换方向继续,front,-0.4139,0.3127,1,danger,0.0,,0.0,550,550,1
49.855,183.0,336.0,262.0,248.0,-0.9567,-0.5734,-1.1456,-1.4228,-1.0511,,RECOVER_FORWARD,直线脱离未改善，换方向继续,front,-0.3832,0.2772,1,danger,0.0,,0.0,550,550,1
49.875,183.0,340.0,252.0,238.0,-0.9628,-0.5794,-1.1772,-1.4329,-1.07,,RECOVER_FORWARD,直线脱离未改善，换方向继续,front,-0.3835,0.2557,1,danger,0.0,,0.0,550,550,1
49.895,184.0,352.0,245.0,228.0,-0.9628,-0.5794,-1.2015,-1.4664,-1.0822,,RECOVER_FORWARD,直线脱离未改善，换方向继续,front,-0.3835,0.265,1,danger,0.0,,0.0,550,550,1
49.915,184.0,361.0,240.0,218.0,-0.9598,-0.5556,-1.2184,-1.5,-1.0891,,RECOVER_FORWARD,直线脱离未改善，换方向继续,front,-0.4042,0.2816,1,danger,0.0,,0.0,550,550,1
49.935,183.0,367.0,236.0,212.0,-0.9598,-0.5377,-1.2306,-1.5336,-1.0952,,RECOVER_FORWARD,直线脱离未改善，换方向继续,front,-0.4221,0.303,1,danger,0.0,,0.0,550,550,1
49.955,180.0,366.0,234.0,210.0,-0.9628,-0.5278,-1.2403,-1.5537,-1.1016,,RECOVER_FORWARD,直线脱离未改善，换方向继续,front,-0.4351,0.3134,1,danger,0.0,,0.0,550,550,1
49.975,177.0,360.0,238.0,213.0,-0.9721,-0.5278,-1.2403,-1.5537,-1.1062,,RECOVER_FORWARD,直线脱离未改善，换方向继续,front,-0.4444,0.3134,1,danger,0.0,,0.0,550,550,1
49.995,172.0,349.0,245.0,218.0,-0.9814,-0.5397,-1.2354,-1.5503,-1.1084,,RECOVER_FORWARD,直线脱离未改善，换方向继续,front,-0.4417,0.3149,1,danger,0.0,,0.0,550,550,1
50.015,169.0,334.0,256.0,220.0,-0.9969,-0.5615,-1.2184,-1.5336,-1.1077,,RECOVER_FORWARD,直线脱离未改善，换方向继续,front,-0.4354,0.3151,1,danger,0.0,,0.0,550,550,1
50.036,169.0,334.0,256.0,220.0,-1.0062,-0.5913,-1.1917,-1.5268,-1.099,,RECOVER_FORWARD,直线脱离未改善，换方向继续,front,-0.4149,0.3351,1,danger,0.0,,0.0,550,550,1
50.056,166.0,318.0,283.0,221.0,-1.0062,-0.5913,-1.1917,-1.5268,-1.099,,RECOVER_FORWARD,直线脱离未改善，换方向继续,front,-0.4149,0.3351,1,danger,0.0,,0.0,550,550,1
50.076,166.0,305.0,316.0,220.0,-1.0155,-0.623,-1.1262,-1.5268,-1.0708,,RECOVER_FORWARD,直线脱离未改善，换方向继续,front,-0.3925,0.4006,1,danger,0.0,,0.0,550,550,1
50.096,165.0,296.0,314.0,222.0,-1.0155,-0.6488,-1.051,-1.5235,-1.0332,,RECOVER_FORWARD,直线脱离未改善，换方向继续,front,-0.3667,0.4725,1,danger,0.0,,0.0,550,550,1
50.116,170.0,292.0,304.0,229.0,-1.0155,-0.6667,-1.051,-1.5201,-1.0332,,RECOVER_FORWARD,直线脱离未改善，换方向继续,front,-0.3488,0.4692,1,danger,0.0,,0.0,550,550,1
50.136,178.0,286.0,293.0,233.0,-1.0031,-0.6746,-1.0752,-1.4966,-1.0392,,RECOVER_BACKWARD,直线脱离未改善，换方向继续,front,-0.3285,0.4214,1,danger,0.0,,0.0,-550,-550,1
50.156,195.0,279.0,288.0,236.0,-0.9783,-0.6865,-1.1019,-1.4832,-1.0401,,RECOVER_BACKWARD,直线脱离未改善，换方向继续,front,-0.2918,0.3813,1,danger,0.0,,0.0,-550,-550,1
50.176,206.0,279.0,281.0,239.0,-0.9257,-0.7004,-1.1141,-1.4732,-1.0199,,RECOVER_BACKWARD,直线脱离未改善，换方向继续,front,-0.2253,0.3591,1,danger,0.0,,0.0,-550,-550,1
50.196,206.0,287.0,277.0,247.0,-0.8916,-0.7004,-1.1311,-1.4631,-1.0114,,RECOVER_BACKWARD,直线脱离未改善，换方向继续,front,-0.1912,0.332,1,danger,0.0,,0.0,-550,-550,1
50.217,204.0,307.0,278.0,261.0,-0.8916,-0.6845,-1.1383,-1.4362,-1.015,,RECOVER_BACKWARD,直线脱离未改善，换方向继续,front,-0.2071,0.2979,1,danger,0.0,,0.0,-550,-550,1
50.237,203.0,334.0,281.0,288.0,-0.8978,-0.6448,-1.1383,-1.3893,-1.0181,,RECOVER_BACKWARD,直线脱离未改善，换方向继续,front,-0.253,0.2509,1,danger,0.0,,0.0,-550,-550,1
50.257,206.0,345.0,281.0,305.0,-0.8978,-0.5913,-1.1311,-1.2987,-1.0145,,RECOVER_BACKWARD,直线脱离未改善，换方向继续,front,-0.3066,0.1676,1,danger,0.0,,0.0,-550,-550,1
50.277,208.0,335.0,281.0,304.0,-0.8916,-0.5893,-1.1311,-1.245,-1.0114,,RECOVER_BACKWARD,直线脱离未改善，换方向继续,front,-0.3024,0.1139,1,danger,0.0,,0.0,-550,-550,1
50.297,212.0,326.0,283.0,285.0,-0.8854,-0.5893,-1.1311,-1.245,-1.0083,,RECOVER_BACKWARD,直线脱离未改善，换方向继续,front,-0.2962,0.1139,1,danger,0.0,,0.0,-550,-550,1
50.317,215.0,321.0,285.0,270.0,-0.8731,-0.6071,-1.1262,-1.3087,-0.9996,,RECOVER_BACKWARD,直线脱离未改善，换方向继续,front,-0.2659,0.1825,1,danger,0.0,,0.0,-550,-550,1
50.337,217.0,322.0,287.0,263.0,-0.8638,-0.6151,-1.1214,-1.3591,-0.9926,,RECOVER_BACKWARD,直线脱离未改善，换方向继续,front,-0.2487,0.2377,1,danger,0.0,,0.0,-550,-550,1
50.357,221.0,327.0,291.0,265.0,-0.8576,-0.6151,-1.1165,-1.3758,-0.987,,RECOVER_BACKWARD,直线脱离未改善，换方向继续,front,-0.2425,0.2593,1,danger,0.0,,0.0,-550,-550,1
50.377,225.0,332.0,293.0,268.0,-0.8452,-0.6052,-1.1068,-1.3758,-0.976,,RECOVER_BACKWARD,直线脱离未改善，换方向继续,front,-0.24,0.269,1,danger,0.0,,0.0,-550,-550,1
50.397,229.0,338.0,295.0,278.0,-0.8328,-0.5952,-1.1019,-1.3658,-0.9674,,RECOVER_BACKWARD,直线脱离未改善，换方向继续,front,-0.2376,0.2638,1,danger,0.0,,0.0,-550,-550,1
50.418,234.0,344.0,296.0,287.0,-0.8204,-0.5833,-1.0971,-1.3322,-0.9588,,RECOVER_BACKWARD,直线脱离未改善，换方向继续,front,-0.2371,0.2351,1,danger,0.0,,0.0,-550,-550,1
50.438,238.0,351.0,301.0,294.0,-0.805,-0.5714,-1.0947,-1.302,-0.9498,,RECOVER_BACKWARD,直线脱离未改善，换方向继续,front,-0.2335,0.2074,1,danger,0.0,,0.0,-550,-550,1
50.458,238.0,351.0,301.0,294.0,-0.7926,-0.5575,-1.0825,-1.2785,-0.9375,,RECOVER_BACKWARD,直线脱离未改善，换方向继续,front,-0.235,0.196,1,danger,0.0,,0.0,-550,-550,1
50.478,241.0,361.0,309.0,304.0,-0.7926,-0.5575,-1.0825,-1.2785,-0.9375,,RECOVER_BACKWARD,直线脱离未改善，换方向继续,front,-0.235,0.196,1,danger,0.0,,0.0,-550,-550,1
50.498,245.0,369.0,313.0,313.0,-0.7833,-0.5377,-1.0631,-1.245,-0.9232,,RECOVER_BACKWARD,直线脱离未改善，换方向继续,front,-0.2456,0.1819,1,danger,0.0,,0.0,-550,-550,1
50.518,249.0,379.0,320.0,321.0,-0.7709,-0.5218,-1.0534,-1.2148,-0.9121,,RECOVER_BACKWARD,直线脱离未改善，换方向继续,front,-0.2491,0.1614,1,danger,0.0,,0.0,-550,-550,1
50.538,253.0,391.0,327.0,331.0,-0.7585,-0.502,-1.0364,-1.1879,-0.8975,,RECOVER_BACKWARD,直线脱离未改善，换方向继续,front,-0.2565,0.1515,1,danger,0.0,,0.0,-550,-550,1
50.558,259.0,403.0,334.0,340.0,-0.7461,-0.4782,-1.0194,-1.1544,-0.8828,,RECOVER_BACKWARD,直线脱离未改善，换方向继续,front,-0.268,0.1349,1,danger,0.0,,0.0,-550,-550,1
50.578,265.0,415.0,340.0,352.0,-0.7276,-0.4544,-1.0024,-1.1242,-0.865,,RECOVER_BACKWARD,直线脱离未改善，换方向继续,front,-0.2732,0.1217,1,danger,0.0,,0.0,-550,-550,1
50.599,271.0,428.0,348.0,363.0,-0.709,-0.4306,-0.9879,-1.0839,-0.8484,,RECOVER_BACKWARD,直线脱离未改善，换方向继续,front,-0.2784,0.096,1,danger,0.0,,0.0,-550,-550,1
50.619,277.0,443.0,360.0,378.0,-0.6904,-0.4048,-0.9684,-1.047,-0.8294,,RECOVER_BACKWARD,直线脱离未改善，换方向继续,front,-0.2856,0.0785,1,danger,0.0,,0.0,-550,-550,1
50.639,283.0,460.0,372.0,396.0,-0.6718,-0.375,-0.9393,-0.9966,-0.8056,,RECOVER_BACKWARD,直线脱离未改善，换方向继续,front,-0.2968,0.0573,1,danger,0.0,,0.0,-550,-550,1
50.659,290.0,477.0,386.0,418.0,-0.6533,-0.3413,-0.9102,-0.9362,-0.7817,,RECOVER_BACKWARD,直线脱离未改善，换方向继续,front,-0.312,0.026,1,danger,0.0,,0.0,-550,-550,1
50.679,297.0,499.0,399.0,438.0,-0.6316,-0.3075,-0.8762,-0.8624,-0.747,,RECOVER_BACKWARD,直线脱离未改善，换方向继续,front,-0.324,-0.0138,1,danger,0.0,,0.0,-550,-550,1
50.699,307.0,521.0,416.0,454.0,-0.6099,-0.2639,-0.8447,-0.7953,-0.7026,,RECOVER_BACKWARD,直线脱离未改善，换方向继续,front,-0.346,-0.0494,1,danger,0.0,,0.0,-550,-550,1
50.719,318.0,546.0,432.0,479.0,-0.5789,-0.2202,-0.8034,-0.7416,-0.6603,,RECOVER_BACKWARD,直线脱离未改善，换方向继续,front,-0.3587,-0.0618,1,danger,0.0,,0.0,-550,-550,1
50.739,332.0,574.0,450.0,508.0,-0.5449,-0.1706,-0.7646,-0.6577,-0.6013,,RECOVER_BACKWARD,直线脱离未改善，换方向继续,front,-0.3743,-0.1068,1,danger,0.0,,0.0,-550,-550,1
50.76,346.0,612.0,468.0,546.0,-0.5015,-0.1151,-0.7209,-0.5604,-0.531,,RECOVER_BACKWARD,直线脱离未改善，换方向继续,front,-0.3865,-0.1605,1,danger,0.0,,0.0,-550,-550,1
50.78,362.0,654.0,491.0,589.0,-0.4582,-0.0397,-0.6772,-0.4329,-0.4455,,RECOVER_BACKWARD,直线脱离未改善，换方向继续,front,-0.4185,-0.2443,1,danger,0.0,,0.0,-550,-550,1
50.8,385.0,702.0,521.0,638.0,-0.4087,0.0437,-0.6214,-0.2886,-0.3486,,RECOVER_BACKWARD,直线脱离未改善，换方向继续,front,-0.4523,-0.3328,1,danger,0.0,,0.0,-550,-550,1
50.82,408.0,755.0,576.0,658.0,-0.3375,0.1389,-0.5485,-0.1242,-0.2308,,RECOVER_BACKWARD,直线脱离未改善，换方向继续,front,-0.4764,-0.4244,1,danger,0.0,,0.0,-550,-550,1
50.84,436.0,801.0,642.0,683.0,-0.2663,0.244,-0.415,-0.057,-0.1617,,RECOVER_BACKWARD,直线脱离未改善，换方向继续,front,-0.5103,-0.358,1,danger,0.0,,0.0,-550,-550,1
50.86,467.0,863.0,716.0,731.0,-0.1796,0.3353,-0.2549,0.0268,-0.0764,,RECOVER_BACKWARD,直线脱离未改善，换方向继续,front,-0.5149,-0.2817,1,danger,0.0,,0.0,-550,-550,1
50.88,504.0,912.0,786.0,776.0,-0.0836,0.4583,-0.0752,0.1879,0.0563,,RECOVER_BACKWARD,直线脱离未改善，换方向继续,front,-0.5419,-0.2632,1,danger,0.0,,0.0,-550,-550,1
50.9,504.0,912.0,786.0,776.0,0.031,0.5556,0.0947,0.3389,0.2168,,RECOVER_BACKWARD,直线脱离未改善，换方向继续,front,-0.5246,-0.2443,1,danger,0.0,,0.0,-550,-550,1
50.92,540.0,941.0,835.0,825.0,0.031,0.5556,0.0947,0.3389,0.2168,,RECOVER_BACKWARD,直线脱离未改善，换方向继续,front,-0.5246,-0.2443,1,danger,0.0,,0.0,-550,-550,1
50.94,580.0,975.0,883.0,867.0,0.1424,0.6131,0.2136,0.5034,0.3585,,RECOVER_BACKWARD,直线脱离未改善，换方向继续,front,-0.4707,-0.2898,0,danger,0.0,,0.0,-550,-550,1
50.961,618.0,990.0,928.0,905.0,0.2663,0.6806,0.3301,0.6443,0.4872,,RECOVER_BACKWARD,直线脱离未改善，换方向继续,front,-0.4143,-0.3142,0,danger,0.0,,0.0,-550,-550,1
50.981,674.0,1014.0,985.0,960.0,0.3839,0.7103,0.4393,0.7718,0.5748,,RECOVER_BACKWARD,直线脱离未改善，换方向继续,front,-0.3264,-0.3325,0,danger,0.0,,0.0,-550,-550,1
51.001,716.0,1027.0,1007.0,1013.0,0.5573,0.7579,0.5777,0.9564,0.6678,,RECOVER_BACKWARD,直线脱离未改善，换方向继续,front,-0.2007,-0.3787,0,danger,0.0,,0.0,-550,-550,1
51.021,717.0,1015.0,1002.0,1001.0,0.6873,0.7599,0.6189,1.094,0.7236,,RECOVER_BACKWARD,直线脱离未改善，换方向继续,front,-0.0726,-0.475,0,danger,0.0,,0.0,-550,-550,1
51.042,722.0,1037.0,1021.0,1002.0,0.6904,0.7837,0.6311,1.0973,0.7371,,RECOVER_BACKWARD,直线脱离未改善，换方向继续,front,-0.0933,-0.4662,0,danger,0.0,,0.0,-550,-550,1
51.062,729.0,1038.0,1017.0,1011.0,0.7059,0.8036,0.6553,1.0973,0.7547,,RECOVER_BACKWARD,直线脱离未改善，换方向继续,front,-0.0977,-0.442,0,danger,0.0,,0.0,-550,-550,1
51.082,737.0,1044.0,1020.0,1022.0,0.7276,0.8056,0.6626,1.1275,0.7666,,RECOVER_BACKWARD,直线脱离未改善，换方向继续,front,-0.078,-0.4649,0,danger,0.0,,0.0,-550,-550,1
51.102,740.0,1050.0,1024.0,1024.0,0.7523,0.8175,0.6626,1.1644,0.7849,,RECOVER_BACKWARD,直线脱离未改善，换方向继续,front,-0.0651,-0.5018,0,danger,0.0,,0.0,-550,-550,1
51.122,741.0,1054.0,1022.0,1021.0,0.7616,0.8294,0.6675,1.1644,0.7955,,RECOVER_BACKWARD,直线脱离未改善，换方向继续,front,-0.0678,-0.497,0,danger,0.0,,0.0,-550,-550,1
51.142,745.0,1055.0,1019.0,1025.0,0.7647,0.8373,0.6675,1.1711,0.801,,RECOVER_BACKWARD,直线脱离未改善，换方向继续,front,-0.0726,-0.5037,0,danger,0.0,,0.0,-550,-550,1
51.162,747.0,1047.0,1013.0,1026.0,0.7771,0.8373,0.6602,1.1745,0.8072,,RECOVER_BACKWARD,直线脱离未改善，换方向继续,front,-0.0602,-0.5143,0,danger,0.0,,0.0,-550,-550,1
51.182,750.0,1039.0,1008.0,1017.0,0.7833,0.8234,0.6456,1.1745,0.8033,,RECOVER_BACKWARD,直线脱离未改善，换方向继续,front,-0.0401,-0.5289,0,danger,0.0,,0.0,-550,-550,1
51.202,752.0,1039.0,1010.0,1010.0,0.7926,0.8075,0.6383,1.1477,0.8001,,RECOVER_BACKWARD,直线脱离未改善，换方向继续,front,-0.015,-0.5093,0,danger,0.0,,0.0,-550,-550,1
51.223,752.0,1028.0,1012.0,1009.0,0.7988,0.8075,0.6383,1.1242,0.8032,,RECOVER_BACKWARD,直线脱离未改善，换方向继续,front,-0.0088,-0.4858,0,danger,0.0,,0.0,-550,-550,1
51.243,750.0,1021.0,1012.0,1005.0,0.7988,0.7857,0.6432,1.1208,0.7922,,RECOVER_BACKWARD,直线脱离未改善，换方向继续,front,0.013,-0.4776,0,danger,0.0,,0.0,-550,-550,1
51.263,748.0,1024.0,1013.0,1002.0,0.7926,0.7778,0.6432,1.1074,0.7852,,RECOVER_BACKWARD,直线脱离未改善，换方向继续,front,0.0148,-0.4642,0,danger,0.0,,0.0,-550,-550,1
51.283,745.0,1032.0,1017.0,1000.0,0.7864,0.7778,0.6456,1.0973,0.7821,,RECOVER_BACKWARD,直线脱离未改善，换方向继续,front,0.0086,-0.4517,0,danger,0.0,,0.0,-550,-550,1
51.303,737.0,1035.0,1016.0,994.0,0.7771,0.7937,0.6529,1.0906,0.7854,,RECOVER_BACKWARD,直线脱离未改善，换方向继续,front,-0.0166,-0.4377,0,danger,0.0,,0.0,-550,-550,1
51.323,737.0,1035.0,1016.0,994.0,0.7523,0.7996,0.6529,1.0705,0.776,,RECOVER_BACKWARD,直线脱离未改善，换方向继续,front,-0.0473,-0.4176,0,danger,0.0,,0.0,-550,-550,1
51.343,724.0,1032.0,1009.0,987.0,0.7523,0.7996,0.6529,1.0705,0.776,,RECOVER_BACKWARD,直线脱离未改善，换方向继续,front,-0.0473,-0.4176,0,danger,0.0,,0.0,-550,-550,1
51.363,717.0,1034.0,1008.0,989.0,0.7121,0.7976,0.6359,1.0537,0.7548,,RECOVER_BACKWARD,直线脱离未改善，换方向继续,front,-0.0855,-0.4178,0,danger,0.0,,0.0,-550,-550,1
51.383,721.0,1028.0,1004.0,990.0,0.7028,0.7937,0.6335,1.0537,0.7482,,RECOVER_BACKWARD,直线脱离未改善，换方向继续,front,-0.0909,-0.4202,0,danger,0.0,,0.0,-550,-550,1
51.404,726.0,1021.0,1000.0,988.0,0.7028,0.7857,0.6238,1.0537,0.7443,,RECOVER_BACKWARD,直线脱离未改善，换方向继续,front,-0.0829,-0.4299,0,danger,0.0,,0.0,-550,-550,1
51.424,731.0,1015.0,997.0,989.0,0.7183,0.7718,0.6141,1.0537,0.745,,RECOVER_BACKWARD,直线脱离未改善，换方向继续,front,-0.0536,-0.4396,0,danger,0.0,,0.0,-550,-550,1
51.444,735.0,1011.0,994.0,990.0,0.7337,0.7599,0.6068,1.0537,0.7468,,RECOVER_BACKWARD,直线脱离未改善，换方向继续,front,-0.0262,-0.4469,0,danger,0.0,,0.0,-550,-550,1
51.464,735.0,1008.0,990.0,989.0,0.7461,0.752,0.5995,1.0537,0.7491,,RECOVER_BACKWARD,直线脱离未改善，换方向继续,front,-0.0059,-0.4542,0,danger,0.0,,0.0,-550,-550,1
51.484,735.0,1010.0,993.0,987.0,0.7461,0.75,0.5971,1.0537,0.7481,,RECOVER_BACKWARD,直线脱离未改善，换方向继续,front,-0.0039,-0.4566,0,danger,0.0,,0.0,-550,-550,1
51.504,733.0,1014.0,995.0,987.0,0.7461,0.75,0.5971,1.047,0.7481,,RECOVER_BACKWARD,直线脱离未改善，换方向继续,front,-0.0039,-0.4499,0,danger,0.0,,0.0,-550,-550,1
51.524,727.0,1014.0,995.0,984.0,0.7399,0.7579,0.6019,1.047,0.7489,,RECOVER_BACKWARD,直线脱离未改善，换方向继续,front,-0.018,-0.445,0,danger,0.0,,0.0,-550,-550,1
51.544,725.0,1021.0,997.0,989.0,0.7214,0.7579,0.6019,1.047,0.7396,,RECOVER_BACKWARD,直线脱离未改善，换方向继续,front,-0.0366,-0.445,0,danger,0.0,,0.0,-550,-550,1
51.564,724.0,1024.0,1003.0,986.0,0.7152,0.7718,0.6068,1.0436,0.7435,,RECOVER_BACKWARD,直线脱离未改善，换方向继续,front,-0.0567,-0.4368,0,danger,0.0,,0.0,-550,-550,1
51.584,728.0,1026.0,1010.0,983.0,0.7152,0.7778,0.6214,1.0436,0.7465,,RECOVER_BACKWARD,直线脱离未改善，换方向继续,front,-0.0626,-0.4223,0,danger,0.0,,0.0,-550,-550,1
51.605,735.0,1032.0,1017.0,981.0,0.7245,0.7817,0.6383,1.0336,0.7531,,RECOVER_BACKWARD,直线脱离未改善，换方向继续,front,-0.0573,-0.3952,0,danger,0.0,,0.0,-550,-550,1
51.625,741.0,1029.0,1019.0,982.0,0.7461,0.7877,0.6553,1.0302,0.7669,,RECOVER_BACKWARD,直线脱离未改善，换方向继续,front,-0.0416,-0.3749,0,danger,0.0,,0.0,-550,-550,1
51.645,745.0,1026.0,1022.0,987.0,0.7647,0.7877,0.6602,1.0302,0.7762,,EDGE_AVOID,灰度趋势变暗，提前避让,left,-0.023,-0.37,0,slow,0.0,right,0.0,640,400,1
51.665,748.0,1022.0,1024.0,992.0,0.7771,0.7817,0.6675,1.047,0.7794,,EDGE_AVOID,灰度趋势变暗，提前避让,left,-0.0047,-0.3795,0,slow,0.0,right,0.0,640,400,1
51.685,749.0,1020.0,1024.0,995.0,0.7864,0.7738,0.6723,1.0638,0.7801,,EDGE_AVOID,灰度趋势变暗，提前避让,left,0.0126,-0.3914,0,slow,0.0,right,0.0,640,400,1
51.705,749.0,1017.0,1021.0,996.0,0.7895,0.7698,0.6723,1.0738,0.7797,,EDGE_AVOID,灰度趋势变暗，提前避让,left,0.0196,-0.4015,0,slow,0.0,right,0.0,640,400,1
51.725,749.0,1017.0,1021.0,996.0,0.7895,0.7639,0.665,1.0772,0.7767,,EDGE_AVOID,灰度趋势变暗，提前避让,left,0.0256,-0.4121,0,slow,0.0,right,0.0,640,400,1
51.745,748.0,1021.0,1019.0,995.0,0.7895,0.7639,0.665,1.0772,0.7767,,EDGE_AVOID,灰度趋势变暗，提前避让,left,0.0256,-0.4121,0,slow,0.0,right,0.0,640,400,1
51.765,745.0,1021.0,1013.0,989.0,0.7864,0.7718,0.6602,1.0738,0.7791,,EDGE_AVOID,灰度趋势变暗，提前避让,left,0.0146,-0.4136,0,slow,0.0,right,0.0,640,400,1
51.786,749.0,1032.0,1019.0,996.0,0.7864,0.7718,0.6602,1.0738,0.7791,,EDGE_AVOID,灰度趋势变暗，提前避让,left,0.0146,-0.4136,0,slow,0.0,right,0.0,640,400,1
51.806,749.0,1034.0,1020.0,997.0,0.7895,0.7937,0.6602,1.0772,0.7916,,EDGE_AVOID,灰度趋势变暗，提前避让,left,-0.0042,-0.417,0,slow,0.0,right,0.0,640,400,1
51.826,750.0,1039.0,1024.0,999.0,0.7895,0.7976,0.6626,1.0805,0.7935,,EDGE_AVOID,灰度趋势变暗，提前避让,left,-0.0081,-0.4179,0,slow,0.0,right,0.0,640,400,1
51.846,751.0,1041.0,1024.0,1001.0,0.7926,0.8075,0.6723,1.0872,0.8001,,EDGE_AVOID,灰度趋势变暗，提前避让,left,-0.015,-0.4149,0,slow,0.0,right,0.0,640,400,1
51.866,752.0,1042.0,1022.0,1005.0,0.7957,0.8115,0.6723,1.094,0.8036,,EDGE_AVOID,灰度趋势变暗，提前避让,left,-0.0158,-0.4216,0,slow,0.0,right,0.0,640,400,1
51.886,754.0,1043.0,1022.0,1009.0,0.7988,0.8135,0.6675,1.1074,0.8061,,EDGE_AVOID,灰度趋势变暗，提前避让,left,-0.0147,-0.4399,0,slow,0.0,right,0.0,640,400,1
51.906,756.0,1044.0,1026.0,1011.0,0.805,0.8155,0.6675,1.1208,0.8102,,EDGE_AVOID,灰度趋势变暗，提前避让,left,-0.0105,-0.4533,0,slow,0.0,right,0.0,640,400,1
51.926,758.0,1046.0,1036.0,1015.0,0.8111,0.8175,0.6772,1.1275,0.8143,,EDGE_AVOID,灰度趋势变暗，提前避让,left,-0.0063,-0.4503,0,slow,0.0,right,0.0,640,400,1
51.946,760.0,1047.0,1038.0,1019.0,0.8173,0.8214,0.7015,1.1409,0.8194,,EDGE_AVOID,灰度趋势变暗，提前避让,left,-0.0041,-0.4395,0,slow,0.0,right,0.0,640,400,1
51.966,760.0,1050.0,1042.0,1021.0,0.8235,0.8234,0.7063,1.1544,0.8235,,EDGE_AVOID,灰度趋势变暗，提前避让,left,0.0001,-0.4481,0,slow,0.0,right,0.0,640,400,1
51.987,761.0,1050.0,1046.0,1019.0,0.8235,0.8294,0.716,1.1544,0.8264,,EDGE_AVOID,灰度趋势变暗，提前避让,left,-0.0058,-0.4383,0,slow,0.0,right,0.0,640,400,1
52.007,760.0,1044.0,1041.0,1020.0,0.8235,0.8294,0.716,1.1577,0.8264,,EDGE_AVOID,灰度趋势变暗，提前避让,left,-0.0058,-0.4417,0,slow,0.0,right,0.0,640,400,1
52.027,762.0,1032.0,1040.0,1017.0,0.8266,0.8175,0.7136,1.1544,0.822,,EDGE_AVOID,灰度趋势变暗，提前避让,left,0.0092,-0.4408,0,slow,0.0,right,0.0,640,400,1
52.047,765.0,1026.0,1044.0,1021.0,0.8297,0.7937,0.7136,1.1577,0.8117,,EDGE_AVOID,灰度趋势变暗，提前避让,left,0.0361,-0.4441,0,slow,0.0,right,0.0,640,400,1
52.067,768.0,1026.0,1049.0,1028.0,0.839,0.7817,0.7209,1.1611,0.8104,,EDGE_AVOID,灰度趋势变暗，提前避让,left,0.0573,-0.4402,0,slow,0.0,right,0.0,640,400,1
52.087,768.0,1034.0,1045.0,1031.0,0.8483,0.7817,0.7233,1.1846,0.815,,EDGE_AVOID,灰度趋势变暗，提前避让,left,0.0666,-0.4613,0,slow,0.0,right,0.0,640,400,1
52.107,765.0,1049.0,1042.0,1033.0,0.8483,0.7976,0.7233,1.1946,0.823,,EDGE_AVOID,灰度趋势变暗，提前避让,left,0.0507,-0.4713,0,slow,0.0,right,0.0,640,400,1
52.127,767.0,1063.0,1046.0,1034.0,0.8452,0.8274,0.7233,1.2013,0.8363,,EDGE_AVOID,灰度趋势变暗，提前避让,left,0.0178,-0.478,0,slow,0.0,right,0.0,640,400,1
52.147,774.0,1075.0,1056.0,1033.0,0.8452,0.8552,0.7257,1.2013,0.8502,,EDGE_AVOID,避让滞回，未恢复不退出,left,-0.01,-0.4756,0,slow,0.0,right,0.0,640,400,1
52.167,774.0,1075.0,1056.0,1033.0,0.8669,0.879,0.75,1.2013,0.8729,,EDGE_AVOID,避让滞回，未恢复不退出,left,-0.0121,-0.4513,0,slow,0.0,right,0.0,640,400,1
52.188,778.0,1078.0,1053.0,1034.0,0.8669,0.879,0.75,1.2013,0.8729,,EDGE_AVOID,避让滞回，未恢复不退出,left,-0.0121,-0.4513,0,slow,0.0,right,0.0,640,400,1
52.208,786.0,1080.0,1060.0,1046.0,0.8793,0.8849,0.75,1.2047,0.8821,,EDGE_AVOID,避让滞回，未恢复不退出,left,-0.0057,-0.4547,0,slow,0.0,right,0.0,640,400,1
52.228,784.0,1078.0,1072.0,1045.0,0.8978,0.8849,0.7597,1.2416,0.8914,,EDGE_AVOID,避让滞回，未恢复不退出,left,0.0129,-0.4819,0,slow,0.0,right,0.0,640,400,1
52.248,779.0,1086.0,1078.0,1033.0,0.8978,0.8889,0.7888,1.2416,0.8934,,EDGE_AVOID,避让滞回，未恢复不退出,left,0.0089,-0.4528,0,slow,0.0,right,0.0,640,400,1
52.268,787.0,1100.0,1088.0,1035.0,0.8978,0.9008,0.8034,1.2081,0.8993,,EDGE_AVOID,避让滞回，未恢复不退出,left,-0.003,-0.4047,0,slow,0.0,right,0.0,640,400,1
52.288,796.0,1124.0,1093.0,1056.0,0.9071,0.9286,0.8277,1.2081,0.9178,,EDGE_AVOID,避让滞回，未恢复不退出,left,-0.0215,-0.3804,0,slow,0.0,right,0.0,640,400,1
52.308,798.0,1123.0,1104.0,1067.0,0.935,0.9742,0.8398,1.2785,0.9546,,CRUISE,按区域分级巡航,,-0.0392,-0.4387,0,fast,0.0,,0.0,500,400,1
52.328,805.0,1119.0,1094.0,1074.0,0.9412,0.9742,0.8422,1.3154,0.9577,,CRUISE,按区域分级巡航,,-0.033,-0.4732,0,fast,0.0,,0.0,500,400,1
52.348,813.0,1139.0,1101.0,1079.0,0.9628,0.9742,0.8592,1.3389,0.9685,,CRUISE,按区域分级巡航,,-0.0114,-0.4797,0,fast,0.0,,0.0,500,400,1
52.369,818.0,1145.0,1102.0,1082.0,0.9876,1.006,0.8592,1.3557,0.9968,,CRUISE,按区域分级巡航,,-0.0183,-0.4965,0,fast,0.0,,0.0,500,400,1
52.389,822.0,1144.0,1105.0,1085.0,1.0031,1.0159,0.8617,1.3658,1.0095,,CRUISE,按区域分级巡航,,-0.0128,-0.5041,0,fast,0.0,,0.0,500,400,1
52.409,827.0,1145.0,1104.0,1102.0,1.0155,1.0179,0.8665,1.3758,1.0167,,CRUISE,按区域分级巡航,,-0.0024,-0.5093,0,fast,0.0,,0.0,500,400,1
52.429,826.0,1145.0,1102.0,1103.0,1.0279,1.0179,0.8665,1.4329,1.0229,,CRUISE,按区域分级巡航,,0.01,-0.5664,0,fast,0.0,,0.0,500,400,1
52.449,826.0,1151.0,1098.0,1106.0,1.0279,1.0179,0.8617,1.4362,1.0229,,CRUISE,按区域分级巡航,,0.01,-0.5746,0,fast,0.0,,0.0,500,400,1
52.469,833.0,1153.0,1097.0,1113.0,1.0279,1.0298,0.8519,1.4463,1.0288,,CRUISE,按区域分级巡航,,-0.0019,-0.5944,0,fast,0.0,,0.0,500,400,1
52.489,837.0,1153.0,1101.0,1115.0,1.0495,1.0337,0.8519,1.4698,1.0416,,CRUISE,按区域分级巡航,,0.0158,-0.6179,0,fast,0.0,,0.0,500,400,1
52.509,836.0,1159.0,1106.0,1123.0,1.0588,1.0337,0.8592,1.4765,1.0463,,CRUISE,按区域分级巡航,,0.0251,-0.6173,0,fast,0.0,,0.0,500,400,1
52.529,836.0,1169.0,1113.0,1133.0,1.0588,1.0456,0.8714,1.5034,1.0522,,CRUISE,按区域分级巡航,,0.0132,-0.632,0,fast,0.0,,0.0,500,400,1
52.549,834.0,1172.0,1105.0,1131.0,1.0588,1.0655,0.8714,1.5302,1.0621,,CRUISE,按区域分级巡航,,-0.0067,-0.6588,0,fast,0.0,,0.0,500,400,1
52.57,840.0,1181.0,1102.0,1127.0,1.0588,1.0714,0.8689,1.5302,1.0651,,CRUISE,按区域分级巡航,,-0.0126,-0.6613,0,fast,0.0,,0.0,500,400,1
52.59,840.0,1181.0,1102.0,1127.0,1.0712,1.0893,0.8617,1.5168,1.0802,,CRUISE,按区域分级巡航,,-0.0181,-0.6551,0,fast,0.0,,0.0,500,400,1
52.61,845.0,1185.0,1106.0,1118.0,1.0712,1.0893,0.8617,1.5168,1.0802,,CRUISE,按区域分级巡航,,-0.0181,-0.6551,0,fast,0.0,,0.0,500,400,1
52.63,847.0,1189.0,1117.0,1115.0,1.0867,1.0972,0.8714,1.4866,1.092,,CRUISE,按区域分级巡航,,-0.0105,-0.6152,0,fast,0.0,,0.0,500,400,1
52.65,842.0,1187.0,1118.0,1109.0,1.0867,1.1012,0.8981,1.4765,1.0939,,CRUISE,按区域分级巡航,,-0.0145,-0.5785,0,fast,0.0,,0.0,500,400,1
52.67,845.0,1185.0,1122.0,1109.0,1.0867,1.1012,0.9005,1.4564,1.0939,,CRUISE,按区域分级巡航,,-0.0145,-0.5559,0,fast,0.0,,0.0,500,400,1
52.69,853.0,1189.0,1131.0,1120.0,1.0867,1.1012,0.9102,1.4564,1.0939,,CRUISE,按区域分级巡航,,-0.0145,-0.5462,0,fast,0.0,,0.0,500,400,1
52.71,857.0,1187.0,1126.0,1128.0,1.1115,1.1012,0.9199,1.4933,1.1063,,CRUISE,按区域分级巡航,,0.0103,-0.5734,0,fast,0.0,,0.0,500,400,1
52.73,863.0,1192.0,1131.0,1133.0,1.1238,1.1052,0.932,1.5201,1.1145,,CRUISE,按区域分级巡航,,0.0187,-0.5881,0,fast,0.0,,0.0,500,400,1
52.751,865.0,1194.0,1130.0,1138.0,1.1424,1.1111,0.9296,1.5369,1.1268,,CRUISE,按区域分级巡航,,0.0313,-0.6073,0,fast,0.0,,0.0,500,400,1
52.771,864.0,1196.0,1138.0,1140.0,1.1455,1.1151,0.932,1.5537,1.1303,,CRUISE,按区域分级巡航,,0.0304,-0.6217,0,fast,0.0,,0.0,500,400,1
52.791,858.0,1192.0,1140.0,1140.0,1.1455,1.1151,0.949,1.5604,1.1303,,CRUISE,按区域分级巡航,,0.0304,-0.6114,0,fast,0.0,,0.0,500,400,1
52.811,857.0,1193.0,1146.0,1143.0,1.1269,1.1131,0.9539,1.5604,1.12,,CRUISE,按区域分级巡航,,0.0138,-0.6065,0,fast,0.0,,0.0,500,400,1
52.831,857.0,1200.0,1146.0,1147.0,1.1238,1.1131,0.9684,1.5705,1.1185,,CRUISE,按区域分级巡航,,0.0107,-0.602,0,fast,0.0,,0.0,500,400,1
52.851,857.0,1204.0,1143.0,1152.0,1.1238,1.127,0.9684,1.5839,1.1254,,CRUISE,按区域分级巡航,,-0.0031,-0.6154,0,fast,0.0,,0.0,500,400,1
52.871,864.0,1207.0,1138.0,1154.0,1.1238,1.1349,0.9612,1.6007,1.1294,,CRUISE,按区域分级巡航,,-0.0111,-0.6395,0,fast,0.0,,0.0,500,400,1
52.891,874.0,1214.0,1136.0,1164.0,1.1455,1.1409,0.949,1.6074,1.1432,,CRUISE,按区域分级巡航,,0.0046,-0.6584,0,fast,0.0,,0.0,500,400,1
52.911,877.0,1220.0,1139.0,1172.0,1.1765,1.1548,0.949,1.6409,1.1656,,CRUISE,按区域分级巡航,,0.0217,-0.6919,0,fast,0.0,,0.0,500,400,1
52.931,882.0,1222.0,1146.0,1183.0,1.1858,1.1667,0.9515,1.6678,1.1762,,CRUISE,按区域分级巡航,,0.0191,-0.7163,0,fast,0.0,,0.0,500,400,1
52.952,889.0,1226.0,1148.0,1184.0,1.2012,1.1706,0.9684,1.7047,1.1859,,CRUISE,按区域分级巡航,,0.0306,-0.7363,0,fast,0.0,,0.0,500,400,1
52.972,889.0,1226.0,1148.0,1184.0,1.2229,1.1786,0.9733,1.7081,1.2007,,CRUISE,按区域分级巡航,,0.0443,-0.7348,0,fast,0.0,,0.0,500,400,1
52.992,887.0,1224.0,1146.0,1181.0,1.2229,1.1786,0.9733,1.7081,1.2007,,CRUISE,按区域分级巡航,,0.0443,-0.7348,0,fast,0.0,,0.0,500,400,1
53.012,892.0,1228.0,1148.0,1184.0,1.2229,1.1786,0.9733,1.7081,1.2007,,CRUISE,按区域分级巡航,,0.0443,-0.7348,0,fast,0.0,,0.0,500,400,1
53.032,893.0,1234.0,1146.0,1188.0,1.2322,1.1825,0.9684,1.7081,1.2074,,CRUISE,按区域分级巡航,,0.0497,-0.7396,0,fast,0.0,,0.0,500,400,1
53.052,899.0,1236.0,1146.0,1193.0,1.2353,1.1944,0.9684,1.7215,1.2149,,CRUISE,按区域分级巡航,,0.0408,-0.753,0,fast,0.0,,0.0,500,400,1
53.072,905.0,1253.0,1148.0,1203.0,1.2539,1.1984,0.9684,1.7383,1.2261,,CRUISE,按区域分级巡航,,0.0555,-0.7698,0,fast,0.0,,0.0,500,400,1
53.092,912.0,1260.0,1152.0,1214.0,1.2724,1.2321,0.9733,1.7718,1.2523,,CRUISE,按区域分级巡航,,0.0403,-0.7985,0,fast,0.0,,0.0,500,400,1
53.113,916.0,1262.0,1153.0,1219.0,1.2941,1.246,0.983,1.8087,1.2701,,CRUISE,按区域分级巡航,,0.0481,-0.8257,0,fast,0.0,,0.0,500,400,1
53.133,913.0,1261.0,1157.0,1224.0,1.2972,1.248,0.9854,1.8255,1.2726,,CRUISE,按区域分级巡航,,0.0492,-0.8401,0,fast,0.0,,0.0,500,400,1
53.153,917.0,1273.0,1166.0,1232.0,1.3065,1.25,0.9951,1.8423,1.2783,,CRUISE,按区域分级巡航,,0.0565,-0.8471,0,fast,0.0,,0.0,500,400,1
53.173,913.0,1280.0,1172.0,1232.0,1.2972,1.2718,1.017,1.8691,1.2845,,CRUISE,按区域分级巡航,,0.0254,-0.8521,0,fast,0.0,,0.0,500,400,1
53.193,919.0,1286.0,1182.0,1236.0,1.3096,1.2857,1.0316,1.8691,1.2977,,CRUISE,按区域分级巡航,,0.0239,-0.8376,0,fast,0.0,,0.0,500,400,1
53.213,919.0,1290.0,1186.0,1238.0,1.3158,1.2976,1.0558,1.8826,1.3067,,CRUISE,按区域分级巡航,,0.0182,-0.8267,0,fast,0.0,,0.0,500,400,1
53.233,920.0,1299.0,1190.0,1243.0,1.3158,1.3056,1.0655,1.8893,1.3107,,CRUISE,按区域分级巡航,,0.0102,-0.8237,0,fast,0.0,,0.0,500,400,1
53.253,927.0,1295.0,1176.0,1241.0,1.3189,1.3155,1.0655,1.8993,1.3172,,CRUISE,按区域分级巡航,,0.0034,-0.8338,0,fast,0.0,,0.0,500,400,1
53.273,932.0,1296.0,1177.0,1245.0,1.3406,1.3175,1.0437,1.906,1.329,,CRUISE,按区域分级巡航,,0.0231,-0.8624,0,fast,0.0,,0.0,500,400,1
53.293,934.0,1305.0,1189.0,1254.0,1.356,1.3175,1.0437,1.9128,1.3367,,CRUISE,按区域分级巡航,,0.0386,-0.8691,0,fast,0.0,,0.0,500,400,1
53.313,937.0,1310.0,1197.0,1259.0,1.3622,1.3353,1.0728,1.943,1.3488,,CRUISE,按区域分级巡航,,0.0269,-0.8701,0,fast,0.0,,0.0,500,400,1
53.334,940.0,1317.0,1205.0,1256.0,1.3715,1.3452,1.0922,1.9497,1.3584,,CRUISE,按区域分级巡航,,0.0263,-0.8574,0,fast,0.0,,0.0,500,400,1
53.354,938.0,1317.0,1208.0,1260.0,1.3746,1.3591,1.1117,1.9597,1.3669,,CRUISE,按区域分级巡航,,0.0155,-0.8481,0,fast,0.0,,0.0,500,400,1
53.374,939.0,1318.0,1211.0,1265.0,1.3777,1.3591,1.1189,1.9631,1.3684,,CRUISE,按区域分级巡航,,0.0186,-0.8442,0,fast,0.0,,0.0,500,400,1
53.394,939.0,1318.0,1211.0,1265.0,1.3777,1.3611,1.1262,1.9799,1.3694,,CRUISE,按区域分级巡航,,0.0166,-0.8537,0,fast,0.0,,0.0,500,400,1
53.414,944.0,1326.0,1215.0,1271.0,1.3777,1.3611,1.1262,1.9799,1.3694,,CRUISE,按区域分级巡航,,0.0166,-0.8537,0,fast,0.0,,0.0,500,400,1
53.434,951.0,1330.0,1219.0,1272.0,1.3932,1.377,1.1359,2.0,1.3851,,CRUISE,按区域分级巡航,,0.0162,-0.8641,0,fast,0.0,,0.0,500,400,1
53.454,952.0,1341.0,1217.0,1273.0,1.4149,1.3849,1.1408,2.0034,1.3999,,CRUISE,按区域分级巡航,,0.0299,-0.8626,0,fast,0.0,,0.0,500,400,1
53.474,955.0,1346.0,1218.0,1266.0,1.418,1.4067,1.1432,2.0034,1.4124,,CRUISE,按区域分级巡航,,0.0112,-0.8602,0,fast,0.0,,0.0,500,400,1
53.494,964.0,1340.0,1222.0,1271.0,1.4272,1.4067,1.1432,2.0,1.417,,CRUISE,按区域分级巡航,,0.0205,-0.8568,0,fast,0.0,,0.0,500,400,1
53.515,976.0,1345.0,1227.0,1290.0,1.4551,1.4147,1.1529,2.0,1.4349,,CRUISE,按区域分级巡航,,0.0404,-0.8471,0,fast,0.0,,0.0,500,400,1
53.535,984.0,1338.0,1211.0,1292.0,1.4923,1.4048,1.1529,2.0638,1.4485,,CRUISE,按区域分级巡航,,0.0875,-0.9108,0,fast,0.0,,0.0,500,400,1
53.555,984.0,1343.0,1213.0,1299.0,1.517,1.4107,1.1311,2.0705,1.4639,,CRUISE,按区域分级巡航,,0.1063,-0.9394,0,fast,0.0,,0.0,500,400,1
53.575,985.0,1354.0,1221.0,1306.0,1.517,1.4107,1.1311,2.094,1.4639,,CRUISE,按区域分级巡航,,0.1063,-0.9629,0,fast,0.0,,0.0,500,400,1
53.595,990.0,1356.0,1229.0,1311.0,1.5201,1.4325,1.1505,2.1174,1.4763,,CRUISE,按区域分级巡航,,0.0876,-0.967,0,fast,0.0,,0.0,500,400,1
53.615,990.0,1365.0,1240.0,1310.0,1.5356,1.4365,1.1699,2.1309,1.4861,,CRUISE,按区域分级巡航,,0.0991,-0.961,0,fast,0.0,,0.0,500,400,1
53.635,985.0,1370.0,1239.0,1310.0,1.5356,1.4544,1.1942,2.1309,1.495,,CRUISE,按区域分级巡航,,0.0812,-0.9367,0,fast,0.0,,0.0,500,400,1
53.655,990.0,1377.0,1239.0,1328.0,1.5356,1.4643,1.1942,2.1309,1.4999,,CRUISE,按区域分级巡航,,0.0713,-0.9367,0,fast,0.0,,0.0,500,400,1
53.675,992.0,1370.0,1232.0,1329.0,1.5356,1.4643,1.1942,2.1913,1.4999,,CRUISE,按区域分级巡航,,0.0713,-0.9971,0,fast,0.0,,0.0,500,400,1
53.695,994.0,1376.0,1230.0,1330.0,1.5418,1.4762,1.1772,2.1946,1.509,,CRUISE,按区域分级巡航,,0.0656,-1.0174,0,fast,0.0,,0.0,500,400,1
53.716,993.0,1386.0,1236.0,1329.0,1.5449,1.4762,1.1772,2.1946,1.5105,,CRUISE,按区域分级巡航,,0.0687,-1.0174,0,fast,0.0,,0.0,500,400,1
53.736,986.0,1389.0,1234.0,1328.0,1.5449,1.496,1.182,2.1946,1.5205,,CRUISE,按区域分级巡航,,0.0489,-1.0126,0,fast,0.0,,0.0,500,400,1
53.756,981.0,1402.0,1238.0,1333.0,1.5232,1.502,1.1869,2.1946,1.5126,,CRUISE,按区域分级巡航,,0.0212,-1.0077,0,fast,0.0,,0.0,500,400,1
53.776,984.0,1409.0,1238.0,1336.0,1.517,1.5278,1.1917,2.2081,1.5224,,CRUISE,按区域分级巡航,,-0.0107,-1.0163,0,fast,0.0,,0.0,500,400,1
53.796,965.0,1419.0,1249.0,1338.0,1.5077,1.5417,1.1917,2.2181,1.5247,,CRUISE,按区域分级巡航,,-0.0339,-1.0264,0,fast,0.0,,0.0,500,400,1
53.816,971.0,1431.0,1268.0,1340.0,1.4768,1.5615,1.2184,2.2248,1.5191,,CRUISE,按区域分级巡航,,-0.0847,-1.0064,0,fast,0.0,,0.0,500,400,1
53.836,1028.0,1424.0,1267.0,1344.0,1.4768,1.5714,1.2621,2.2315,1.5241,,CRUISE,按区域分级巡航,,-0.0946,-0.9694,0,fast,0.0,,0.0,500,400,1
53.857,1034.0,1429.0,1267.0,1339.0,1.6533,1.5813,1.2621,2.2315,1.6173,,CRUISE,按区域分级巡航,,0.0719,-0.9694,0,fast,0.0,,0.0,500,400,1
53.877,1033.0,1436.0,1265.0,1353.0,1.6687,1.5813,1.2621,2.245,1.625,,CRUISE,按区域分级巡航,,0.0874,-0.9828,0,fast,0.0,,0.0,500,400,1
53.897,1034.0,1433.0,1257.0,1352.0,1.6718,1.5893,1.2573,2.2718,1.6306,,CRUISE,按区域分级巡航,,0.0825,-1.0145,0,fast,0.0,,0.0,500,400,1
53.917,1027.0,1430.0,1232.0,1344.0,1.6687,1.5893,1.2379,2.2718,1.629,,CRUISE,按区域分级巡航,,0.0794,-1.0339,0,fast,0.0,,0.0,500,400,1
53.937,1032.0,1442.0,1170.0,1330.0,1.6656,1.5893,1.1772,2.245,1.6275,,CRUISE,按区域分级巡航,,0.0763,-1.0678,0,fast,0.0,,0.0,500,400,1
53.957,1026.0,1450.0,1244.0,1382.0,1.6502,1.6071,1.1772,2.245,1.6286,,CRUISE,按区域分级巡航,,0.043,-1.0678,0,fast,0.0,,0.0,500,400,1
53.977,1011.0,1445.0,1256.0,1406.0,1.6471,1.6131,1.2063,2.3725,1.6301,,CRUISE,按区域分级巡航,,0.034,-1.1662,0,fast,0.0,,0.0,500,400,1
53.997,1011.0,1445.0,1256.0,1406.0,1.6006,1.6131,1.2354,2.453,1.6069,,CRUISE,按区域分级巡航,,-0.0125,-1.2176,0,fast,0.0,,0.0,500,400,1
54.017,1014.0,1446.0,1267.0,1409.0,1.6006,1.6131,1.2354,2.453,1.6069,,CRUISE,按区域分级巡航,,-0.0125,-1.2176,0,fast,0.0,,0.0,500,400,1
54.037,1024.0,1459.0,1292.0,1413.0,1.6099,1.6151,1.2621,2.4631,1.6125,,CRUISE,按区域分级巡航,,-0.0052,-1.201,0,fast,0.0,,0.0,500,400,1
54.057,1019.0,1482.0,1291.0,1401.0,1.6254,1.6409,1.3204,2.4631,1.6331,,CRUISE,按区域分级巡航,,-0.0155,-1.1427,0,fast,0.0,,0.0,500,400,1
54.077,1017.0,1418.0,1297.0,1392.0,1.6254,1.6409,1.3228,2.4362,1.6331,,CRUISE,按区域分级巡航,,-0.0155,-1.1134,0,fast,0.0,,0.0,500,400,1
54.097,1010.0,1379.0,1297.0,1378.0,1.6192,1.5595,1.335,2.406,1.5894,,CRUISE,按区域分级巡航,,0.0597,-1.0711,0,fast,0.0,,0.0,500,400,1
54.118,1002.0,1438.0,1296.0,1358.0,1.5975,1.5595,1.335,2.3591,1.5785,,CRUISE,按区域分级巡航,,0.038,-1.0241,0,fast,0.0,,0.0,500,400,1
54.138,985.0,1436.0,1276.0,1346.0,1.5728,1.5952,1.3325,2.2919,1.584,,CRUISE,按区域分级巡航,,-0.0225,-0.9594,0,fast,0.0,,0.0,500,400,1
54.158,989.0,1443.0,1271.0,1347.0,1.5325,1.5992,1.284,2.255,1.5659,,CRUISE,按区域分级巡航,,-0.0667,-0.9711,0,fast,0.0,,0.0,500,400,1
54.178,979.0,1439.0,1272.0,1335.0,1.5201,1.6012,1.2743,2.2517,1.5607,,CRUISE,按区域分级巡航,,-0.0811,-0.9774,0,fast,0.0,,0.0,500,400,1
54.198,979.0,1427.0,1268.0,1346.0,1.5015,1.6012,1.2718,2.2517,1.5514,,CRUISE,按区域分级巡航,,-0.0996,-0.9798,0,fast,0.0,,0.0,500,400,1
54.218,978.0,1430.0,1263.0,1340.0,1.5015,1.5833,1.2646,2.2315,1.5424,,CRUISE,按区域分级巡航,,-0.0818,-0.967,0,fast,0.0,,0.0,500,400,1
54.238,973.0,1432.0,1257.0,1325.0,1.4985,1.5833,1.2524,2.2315,1.5409,,CRUISE,按区域分级巡航,,-0.0849,-0.9791,0,fast,0.0,,0.0,500,400,1
54.258,966.0,1414.0,1248.0,1325.0,1.483,1.5833,1.2379,2.1812,1.5332,,CRUISE,按区域分级巡航,,-0.1004,-0.9433,0,fast,0.0,,0.0,500,400,1
54.278,965.0,1408.0,1240.0,1325.0,1.4613,1.5516,1.216,2.1812,1.5064,,CRUISE,按区域分级巡航,,-0.0903,-0.9652,0,fast,0.0,,0.0,500,400,1
54.298,956.0,1418.0,1250.0,1331.0,1.4582,1.5516,1.216,2.1812,1.5049,,CRUISE,按区域分级巡航,,-0.0934,-0.9652,0,fast,0.0,,0.0,500,400,1
54.318,954.0,1420.0,1247.0,1325.0,1.4303,1.5595,1.2136,2.1812,1.4949,,CRUISE,按区域分级巡航,,-0.1292,-0.9676,0,fast,0.0,,0.0,500,400,1
54.338,950.0,1410.0,1242.0,1324.0,1.4241,1.5595,1.2136,2.1812,1.4918,,CRUISE,按区域分级巡航,,-0.1354,-0.9676,0,fast,0.0,,0.0,500,400,1
54.359,947.0,1409.0,1246.0,1322.0,1.4118,1.5437,1.2112,2.1779,1.4777,,CRUISE,按区域分级巡航,,-0.1319,-0.9667,0,fast,0.0,,0.0,500,400,1
54.379,945.0,1409.0,1248.0,1321.0,1.4025,1.5417,1.2112,2.1711,1.4721,,CRUISE,按区域分级巡航,,-0.1392,-0.96,0,fast,0.0,,0.0,500,400,1
54.399,944.0,1397.0,1244.0,1313.0,1.3963,1.5417,1.2112,2.1678,1.469,,CRUISE,按区域分级巡航,,-0.1454,-0.9566,0,fast,0.0,,0.0,500,400,1
54.419,941.0,1406.0,1229.0,1312.0,1.3932,1.5357,1.2063,2.1409,1.4645,,CRUISE,按区域分级巡航,,-0.1425,-0.9346,0,fast,0.0,,0.0,500,400,1
54.439,930.0,1399.0,1227.0,1314.0,1.3839,1.5218,1.1699,2.1409,1.4529,,CRUISE,按区域分级巡航,,-0.1379,-0.971,0,fast,0.0,,0.0,500,400,1
54.459,931.0,1405.0,1220.0,1311.0,1.3529,1.5337,1.165,2.1376,1.4433,,CRUISE,按区域分级巡航,,-0.1808,-0.9725,0,fast,0.0,,0.0,500,400,1
54.479,932.0,1399.0,1213.0,1303.0,1.3529,1.5218,1.1481,2.1342,1.4374,,CRUISE,按区域分级巡航,,-0.1689,-0.9862,0,fast,0.0,,0.0,500,400,1
54.499,926.0,1392.0,1212.0,1293.0,1.3529,1.5218,1.1311,2.1074,1.4374,,CRUISE,按区域分级巡航,,-0.1689,-0.9763,0,fast,0.0,,0.0,500,400,1
54.519,920.0,1390.0,1209.0,1293.0,1.3375,1.5079,1.1286,2.0738,1.4227,,CRUISE,按区域分级巡航,,-0.1705,-0.9452,0,fast,0.0,,0.0,500,400,1
54.539,914.0,1385.0,1217.0,1294.0,1.3189,1.504,1.1286,2.0738,1.4114,,CRUISE,按区域分级巡航,,-0.1851,-0.9452,0,fast,0.0,,0.0,500,400,1
54.559,910.0,1376.0,1227.0,1293.0,1.3003,1.494,1.1408,2.0738,1.3972,,CRUISE,按区域分级巡航,,-0.1937,-0.933,0,fast,0.0,,0.0,500,400,1
54.579,897.0,1373.0,1218.0,1280.0,1.2879,1.4762,1.1432,2.0738,1.3821,,CRUISE,按区域分级巡航,,-0.1883,-0.9306,0,fast,0.0,,0.0,500,400,1
54.599,889.0,1368.0,1216.0,1273.0,1.2477,1.4702,1.1432,2.0302,1.359,,CRUISE,按区域分级巡航,,-0.2226,-0.887,0,fast,0.0,,0.0,500,400,1
54.62,879.0,1365.0,1213.0,1263.0,1.2229,1.4603,1.1383,2.0067,1.3416,,CRUISE,按区域分级巡航,,-0.2374,-0.8684,0,fast,0.0,,0.0,500,400,1
54.64,867.0,1347.0,1192.0,1248.0,1.192,1.4544,1.1311,1.9732,1.3232,,CRUISE,按区域分级巡航,,-0.2624,-0.8421,0,fast,0.0,,0.0,500,400,1
54.66,859.0,1351.0,1180.0,1238.0,1.1548,1.4266,1.0801,1.9228,1.2907,,CRUISE,按区域分级巡航,,-0.2718,-0.8427,0,fast,0.0,,0.0,500,400,1
54.68,860.0,1340.0,1174.0,1224.0,1.1331,1.4187,1.051,1.8893,1.2759,,CRUISE,按区域分级巡航,,-0.2855,-0.8383,0,fast,0.0,,0.0,500,400,1
54.7,856.0,1329.0,1183.0,1221.0,1.13,1.4048,1.051,1.8423,1.2674,,CRUISE,按区域分级巡航,,-0.2747,-0.7913,0,fast,0.0,,0.0,500,400,1
54.72,852.0,1322.0,1188.0,1221.0,1.1207,1.3829,1.0583,1.8322,1.2518,,CRUISE,按区域分级巡航,,-0.2622,-0.774,0,fast,0.0,,0.0,500,400,1
54.74,853.0,1334.0,1174.0,1203.0,1.1115,1.3829,1.0583,1.8322,1.2472,,CRUISE,按区域分级巡航,,-0.2715,-0.774,0,fast,0.0,,0.0,500,400,1
54.76,853.0,1334.0,1174.0,1203.0,1.1115,1.3929,1.0364,1.7718,1.2522,,CRUISE,按区域分级巡航,,-0.2814,-0.7354,0,fast,0.0,,0.0,500,400,1
54.78,847.0,1325.0,1167.0,1200.0,1.1115,1.3929,1.0364,1.7718,1.2522,,CRUISE,按区域分级巡航,,-0.2814,-0.7354,0,fast,0.0,,0.0,500,400,1
54.8,844.0,1310.0,1162.0,1196.0,1.0929,1.375,1.0194,1.7617,1.2339,,CRUISE,按区域分级巡航,,-0.2821,-0.7423,0,fast,0.0,,0.0,500,400,1
54.82,852.0,1309.0,1145.0,1198.0,1.0929,1.3452,1.0073,1.755,1.2191,,CRUISE,按区域分级巡航,,-0.2524,-0.7478,0,fast,0.0,,0.0,500,400,1
54.84,846.0,1314.0,1144.0,1192.0,1.0898,1.3452,0.966,1.7483,1.2175,,CRUISE,按区域分级巡航,,-0.2555,-0.7823,0,fast,0.0,,0.0,500,400,1
54.861,839.0,1292.0,1131.0,1188.0,1.0898,1.3433,0.9636,1.7349,1.2165,,CRUISE,按区域分级巡航,,-0.2535,-0.7713,0,fast,0.0,,0.0,500,400,1
54.881,832.0,1281.0,1134.0,1185.0,1.0681,1.3095,0.9393,1.7215,1.1888,,CRUISE,按区域分级巡航,,-0.2414,-0.7822,0,fast,0.0,,0.0,500,400,1
54.901,822.0,1275.0,1135.0,1190.0,1.0464,1.2877,0.9393,1.7215,1.1671,,CRUISE,按区域分级巡航,,-0.2413,-0.7822,0,fast,0.0,,0.0,500,400,1
54.921,817.0,1267.0,1138.0,1174.0,1.0155,1.2758,0.9417,1.7114,1.1456,,CRUISE,按区域分级巡航,,-0.2603,-0.7697,0,fast,0.0,,0.0,500,400,1
54.941,820.0,1256.0,1136.0,1178.0,1.0093,1.2599,0.9442,1.6879,1.1346,,CRUISE,按区域分级巡航,,-0.2506,-0.7437,0,fast,0.0,,0.0,500,400,1
54.961,813.0,1257.0,1144.0,1170.0,1.0,1.2401,0.949,1.6745,1.12,,CRUISE,按区域分级巡航,,-0.2401,-0.7255,0,fast,0.0,,0.0,500,400,1
54.981,808.0,1250.0,1138.0,1154.0,0.9876,1.2381,0.949,1.6611,1.1129,,CRUISE,按区域分级巡航,,-0.2505,-0.712,0,fast,0.0,,0.0,500,400,1
55.001,800.0,1240.0,1129.0,1154.0,0.9721,1.2262,0.949,1.6074,1.0992,,CRUISE,按区域分级巡航,,-0.2541,-0.6584,0,fast,0.0,,0.0,500,400,1
55.021,795.0,1240.0,1125.0,1135.0,0.9474,1.2063,0.9272,1.6074,1.0769,,CRUISE,按区域分级巡航,,-0.259,-0.6802,0,fast,0.0,,0.0,500,400,1
55.041,788.0,1234.0,1120.0,1133.0,0.9319,1.2063,0.9175,1.5436,1.0691,,CRUISE,按区域分级巡航,,-0.2745,-0.6261,0,fast,0.0,,0.0,500,400,1
55.062,787.0,1218.0,1111.0,1107.0,0.9102,1.1944,0.9053,1.5369,1.0523,,CRUISE,按区域分级巡航,,-0.2842,-0.6316,0,fast,0.0,,0.0,500,400,1
55.082,783.0,1221.0,1100.0,1108.0,0.9071,1.1687,0.8835,1.453,1.0379,,CRUISE,按区域分级巡航,,-0.2615,-0.5695,0,fast,0.0,,0.0,500,400,1
55.102,774.0,1203.0,1086.0,1097.0,0.8947,1.1627,0.8568,1.4497,1.0287,,CRUISE,按区域分级巡航,,-0.268,-0.5929,0,fast,0.0,,0.0,500,400,1
55.122,766.0,1199.0,1078.0,1080.0,0.8669,1.1329,0.8228,1.4161,0.9999,,CRUISE,按区域分级巡航,,-0.2661,-0.5933,0,fast,0.0,,0.0,500,400,1
55.142,759.0,1201.0,1073.0,1062.0,0.8421,1.129,0.8034,1.3591,0.9855,,CRUISE,按区域分级巡航,,-0.2869,-0.5557,0,fast,0.0,,0.0,500,400,1
55.162,744.0,1184.0,1066.0,1059.0,0.8204,1.125,0.7913,1.2987,0.9727,,CRUISE,按区域分级巡航,,-0.3046,-0.5074,0,fast,0.0,,0.0,500,400,1
55.182,743.0,1166.0,1073.0,1057.0,0.774,1.0952,0.7913,1.2886,0.9433,,CRUISE,按区域分级巡航,,-0.3212,-0.4973,0,fast,0.0,,0.0,500,400,1
55.202,753.0,1164.0,1061.0,1056.0,0.774,1.0595,0.7743,1.2819,0.9169,,CRUISE,按区域分级巡航,,-0.2855,-0.5076,0,fast,0.0,,0.0,500,400,1
55.223,753.0,1164.0,1061.0,1056.0,0.8019,1.0556,0.7621,1.2785,0.9287,,CRUISE,按区域分级巡航,,-0.2537,-0.5164,0,fast,0.0,,0.0,500,400,1
55.243,745.0,1167.0,1056.0,1062.0,0.8019,1.0556,0.7621,1.2785,0.9287,,CRUISE,按区域分级巡航,,-0.2537,-0.5164,0,fast,0.0,,0.0,500,400,1
55.263,739.0,1169.0,1052.0,1060.0,0.7771,1.0615,0.75,1.2919,0.9193,,CRUISE,按区域分级巡航,,-0.2844,-0.5419,0,fast,0.0,,0.0,500,400,1
55.283,731.0,1152.0,1042.0,1052.0,0.7585,1.0615,0.7403,1.2919,0.91,,CRUISE,按区域分级巡航,,-0.303,-0.5517,0,fast,0.0,,0.0,500,400,1
55.303,723.0,1166.0,1047.0,1048.0,0.7337,1.0595,0.7282,1.2651,0.8966,,MEDIUM_CRUISE,按区域分级巡航,,-0.3258,-0.5369,0,medium,0.0,,0.0,450,400,1
55.323,722.0,1149.0,1054.0,1060.0,0.709,1.0317,0.7282,1.2651,0.88,,MEDIUM_CRUISE,按区域分级巡航,,-0.3228,-0.5369,0,medium,0.0,,0.0,450,400,1
55.343,709.0,1141.0,1046.0,1057.0,0.7059,1.0258,0.7282,1.2819,0.877,,MEDIUM_CRUISE,按区域分级巡航,,-0.3199,-0.5537,0,medium,0.0,,0.0,450,400,1
55.363,711.0,1144.0,1045.0,1053.0,0.6718,1.0159,0.7257,1.2819,0.8708,,MEDIUM_CRUISE,按区域分级巡航,,-0.344,-0.5562,0,medium,0.0,,0.0,450,400,1
55.384,704.0,1130.0,1036.0,1040.0,0.6656,1.0099,0.7233,1.2685,0.8666,,MEDIUM_CRUISE,按区域分级巡航,,-0.3443,-0.5452,0,medium,0.0,,0.0,450,400,1
55.404,698.0,1124.0,1039.0,1037.0,0.6502,0.9881,0.7087,1.2248,0.8484,,EDGE_AVOID,灰度趋势变暗，提前避让,left,-0.3379,-0.5161,0,slow,0.0,right,0.0,640,400,1
55.424,706.0,1113.0,1037.0,1032.0,0.6502,0.9762,0.7039,1.2148,0.84,,EDGE_AVOID,灰度趋势变暗，提前避让,left,-0.326,-0.5109,0,slow,0.0,right,0.0,640,400,1
55.444,688.0,1096.0,1030.0,1026.0,0.6316,0.9544,0.7039,1.198,0.8291,,EDGE_AVOID,灰度趋势变暗，提前避让,left,-0.3228,-0.4941,0,slow,0.0,right,0.0,640,400,1
55.464,692.0,1064.0,1022.0,1022.0,0.613,0.9206,0.6869,1.1779,0.8038,,EDGE_AVOID,灰度趋势变暗，提前避让,left,-0.3076,-0.491,0,slow,0.0,right,0.0,640,400,1
55.484,682.0,1100.0,1020.0,998.0,0.6006,0.9206,0.6675,1.1644,0.7941,,EDGE_AVOID,灰度趋势变暗，提前避让,left,-0.32,-0.497,0,slow,0.0,right,0.0,640,400,1
55.504,670.0,1090.0,1028.0,980.0,0.582,0.9087,0.6675,1.0839,0.7881,,EDGE_AVOID,灰度趋势变暗，提前避让,left,-0.3267,-0.4164,0,slow,0.0,right,0.0,640,400,1
55.524,665.0,1074.0,1033.0,964.0,0.5449,0.9087,0.682,1.0235,0.7954,,EDGE_AVOID,灰度趋势变暗，提前避让,front,-0.3638,-0.3415,0,slow,0.0,,0.0,-550,-550,1
55.544,659.0,1063.0,1043.0,960.0,0.5294,0.877,0.6942,0.9698,0.7856,,EDGE_AVOID,灰度趋势变暗，提前避让,front,-0.3476,-0.2756,0,slow,0.0,,0.0,-550,-550,1
55.565,665.0,1054.0,1033.0,955.0,0.5294,0.8552,0.6942,0.9564,0.7747,,EDGE_AVOID,灰度趋势变暗，提前避让,front,-0.3257,-0.2622,0,slow,0.0,,0.0,-550,-550,1
55.585,665.0,1056.0,1019.0,943.0,0.5294,0.8413,0.6942,0.9396,0.7677,,EDGE_AVOID,灰度趋势变暗，提前避让,front,-0.3119,-0.2454,0,slow,0.0,,0.0,-550,-550,1
55.605,664.0,1033.0,1014.0,939.0,0.5294,0.8373,0.6602,0.8993,0.7487,,EDGE_AVOID,灰度趋势变暗，提前避让,front,-0.3079,-0.2391,0,slow,0.0,,0.0,-550,-550,1
55.625,663.0,1041.0,1001.0,952.0,0.5263,0.8115,0.6481,0.8993,0.7298,,EDGE_AVOID,灰度趋势变暗，提前避让,front,-0.2852,-0.2513,0,slow,0.0,,0.0,-550,-550,1
55.645,654.0,1026.0,1000.0,956.0,0.5232,0.7956,0.6165,0.9295,0.7061,,EDGE_AVOID,灰度趋势变暗，提前避让,left,-0.2724,-0.313,0,slow,0.0,right,0.0,640,400,1
55.665,654.0,1026.0,1000.0,956.0,0.4954,0.7817,0.6141,0.943,0.6979,,EDGE_AVOID,灰度趋势变暗，提前避让,left,-0.2864,-0.3289,0,slow,0.0,right,0.0,640,400,1
55.685,643.0,1007.0,1000.0,962.0,0.4954,0.7817,0.6141,0.943,0.6979,,EDGE_AVOID,灰度趋势变暗，提前避让,left,-0.2864,-0.3289,0,slow,0.0,right,0.0,640,400,1
55.705,645.0,1015.0,996.0,956.0,0.4675,0.7599,0.6141,0.943,0.687,,EDGE_AVOID,灰度趋势变暗，提前避让,left,-0.2924,-0.3289,0,slow,0.0,right,0.0,640,400,1
55.725,645.0,1025.0,966.0,944.0,0.4675,0.7599,0.6044,0.943,0.6821,,EDGE_AVOID,灰度趋势变暗，提前避让,left,-0.2924,-0.3386,0,slow,0.0,right,0.0,640,400,1
55.745,636.0,1018.0,980.0,938.0,0.4675,0.7659,0.5655,0.9027,0.6657,,EDGE_AVOID,灰度趋势变暗，提前避让,left,-0.2984,-0.3372,0,slow,0.0,right,0.0,640,400,1
55.766,636.0,1002.0,1008.0,935.0,0.4396,0.7659,0.5655,0.8826,0.6657,,EDGE_AVOID,灰度趋势变暗，提前避让,front,-0.3262,-0.317,0,slow,0.0,,0.0,-550,-550,1
55.786,638.0,1001.0,988.0,932.0,0.4396,0.7341,0.585,0.8725,0.6595,,EDGE_AVOID,灰度趋势变暗，提前避让,front,-0.2945,-0.2875,0,slow,0.0,,0.0,-550,-550,1
55.806,634.0,1001.0,983.0,929.0,0.4396,0.7321,0.585,0.8624,0.6585,,EDGE_AVOID,灰度趋势变暗，提前避让,front,-0.2925,-0.2775,0,slow,0.0,,0.0,-550,-550,1
55.826,641.0,995.0,980.0,924.0,0.4458,0.7321,0.5728,0.8523,0.6525,,EDGE_AVOID,灰度趋势变暗，提前避让,front,-0.2863,-0.2795,0,slow,0.0,,0.0,-550,-550,1
55.846,638.0,987.0,956.0,933.0,0.4458,0.7202,0.5655,0.8523,0.6429,,EDGE_AVOID,灰度趋势变暗，提前避让,left,-0.2744,-0.2868,0,slow,0.0,right,0.0,640,400,1
55.866,637.0,992.0,960.0,929.0,0.4458,0.7143,0.517,0.8523,0.6156,,EDGE_AVOID,灰度趋势变暗，提前避让,left,-0.2685,-0.3354,0,slow,0.0,right,0.0,640,400,1
55.886,634.0,970.0,968.0,912.0,0.4427,0.7044,0.517,0.8523,0.6107,,EDGE_AVOID,灰度趋势变暗，提前避让,left,-0.2616,-0.3354,0,slow,0.0,right,0.0,640,400,1
55.906,635.0,975.0,963.0,903.0,0.4365,0.6806,0.5243,0.7953,0.6024,,EDGE_AVOID,灰度趋势变暗，提前避让,left,-0.244,-0.271,0,slow,0.0,right,0.0,640,400,1
55.927,631.0,983.0,975.0,903.0,0.4334,0.6806,0.5364,0.7651,0.6085,,EDGE_AVOID,灰度趋势变暗，提前避让,front,-0.2471,-0.2287,0,slow,0.0,,0.0,-550,-550,1
55.947,614.0,970.0,981.0,914.0,0.4241,0.6806,0.5534,0.7651,0.617,,EDGE_AVOID,灰度趋势变暗，提前避让,front,-0.2564,-0.2117,0,slow,0.0,,0.0,-550,-550,1
55.967,611.0,974.0,976.0,935.0,0.3715,0.6786,0.5558,0.802,0.6172,,EDGE_AVOID,灰度趋势变暗，提前避让,front,-0.3071,-0.2462,0,slow,0.0,,0.0,-550,-550,1
55.987,617.0,992.0,975.0,943.0,0.3715,0.6786,0.5558,0.8725,0.6172,,EDGE_AVOID,灰度趋势变暗，提前避让,left,-0.3071,-0.3167,0,slow,0.0,right,0.0,640,400,1
56.007,619.0,977.0,943.0,928.0,0.3808,0.6845,0.5534,0.8725,0.619,,EDGE_AVOID,灰度趋势变暗，提前避让,left,-0.3037,-0.3191,0,slow,0.0,right,0.0,640,400,1
56.027,610.0,958.0,946.0,918.0,0.3808,0.6845,0.483,0.849,0.5838,,EDGE_AVOID,灰度趋势变暗，提前避让,left,-0.3037,-0.366,0,slow,0.0,right,0.0,640,400,1
56.047,612.0,947.0,949.0,908.0,0.3653,0.6468,0.483,0.8154,0.5649,,EDGE_AVOID,灰度趋势变暗，提前避让,left,-0.2815,-0.3324,0,slow,0.0,right,0.0,640,400,1
56.067,612.0,962.0,951.0,915.0,0.3653,0.6468,0.4903,0.8054,0.5686,,EDGE_AVOID,灰度趋势变暗，提前避让,left,-0.2815,-0.3151,0,slow,0.0,right,0.0,640,400,1
56.087,613.0,956.0,943.0,903.0,0.3653,0.6429,0.4903,0.7819,0.5666,,EDGE_AVOID,灰度趋势变暗，提前避让,left,-0.2775,-0.2916,0,slow,0.0,right,0.0,640,400,1
56.108,613.0,956.0,943.0,903.0,0.3684,0.6429,0.4757,0.7651,0.5593,,EDGE_AVOID,灰度趋势变暗，提前避让,left,-0.2744,-0.2894,0,slow,0.0,right,0.0,640,400,1
56.128,602.0,956.0,927.0,892.0,0.3684,0.6429,0.4757,0.7651,0.5593,,EDGE_AVOID,灰度趋势变暗，提前避让,left,-0.2744,-0.2894,0,slow,0.0,right,0.0,640,400,1
56.148,596.0,958.0,918.0,899.0,0.3344,0.6429,0.4369,0.7517,0.5399,,EDGE_AVOID,灰度趋势变暗，提前避让,left,-0.3085,-0.3148,0,slow,0.0,right,0.0,640,400,1
56.168,584.0,970.0,911.0,887.0,0.3158,0.6468,0.415,0.7282,0.5309,,EDGE_AVOID,灰度趋势变暗，提前避让,front,-0.331,-0.3131,0,slow,0.0,,0.0,-550,-550,1
56.188,580.0,929.0,903.0,888.0,0.2786,0.6468,0.3981,0.7148,0.5224,,EDGE_AVOID,灰度趋势变暗，提前避让,front,-0.3682,-0.3167,0,slow,0.0,,0.0,-550,-550,1
56.208,567.0,919.0,908.0,877.0,0.2663,0.5893,0.3908,0.7114,0.49,,EDGE_AVOID,灰度趋势变暗，提前避让,front,-0.323,-0.3206,0,slow,0.0,,0.0,-550,-550,1
56.228,580.0,928.0,937.0,870.0,0.2663,0.5873,0.3908,0.6779,0.489,,EDGE_AVOID,灰度趋势变暗，提前避让,front,-0.321,-0.2871,0,slow,0.0,,0.0,-550,-550,1
56.248,588.0,918.0,940.0,876.0,0.2663,0.5694,0.4612,0.6745,0.5153,,EDGE_AVOID,灰度趋势变暗，提前避让,front,-0.3032,-0.2133,0,slow,0.0,,0.0,-550,-550,1
56.268,584.0,910.0,920.0,875.0,0.2786,0.5675,0.4612,0.6711,0.5143,,EDGE_AVOID,灰度趋势变暗，提前避让,front,-0.2888,-0.21,0,slow,0.0,,0.0,-550,-550,1
56.288,584.0,913.0,926.0,849.0,0.2786,0.5575,0.4345,0.6711,0.496,,EDGE_AVOID,灰度趋势变暗，提前避让,front,-0.2789,-0.2367,0,slow,0.0,,0.0,-550,-550,1
56.309,589.0,908.0,932.0,822.0,0.2786,0.5516,0.4345,0.5839,0.493,,EDGE_AVOID,灰度趋势变暗，提前避让,front,-0.2729,-0.1494,0,slow,0.0,,0.0,-550,-550,1
56.329,589.0,890.0,953.0,807.0,0.2941,0.5476,0.449,0.4933,0.4712,,EDGE_AVOID,灰度趋势变暗，提前避让,front,-0.2535,-0.0443,0,slow,0.0,,0.0,-550,-550,1
56.349,609.0,893.0,979.0,777.0,0.2941,0.5179,0.5,0.443,0.4715,,EDGE_AVOID,灰度趋势变暗，提前避让,front,-0.2237,0.057,0,slow,0.0,,0.0,-550,-550,1
56.369,630.0,878.0,1019.0,734.0,0.356,0.5119,0.5631,0.3423,0.434,,EDGE_AVOID,灰度趋势变暗，提前避让,right,-0.1559,0.2208,0,slow,0.0,left,0.0,400,640,1
56.389,644.0,867.0,1069.0,691.0,0.4211,0.4881,0.6602,0.198,0.4546,,EDGE_AVOID,灰度趋势变暗，提前避让,right,-0.067,0.4622,0,slow,0.0,left,0.0,400,640,1
56.409,662.0,842.0,1127.0,642.0,0.4644,0.4663,0.7816,0.0537,0.4653,,EDGE_AVOID,灰度趋势变暗，提前避让,right,-0.0019,0.7279,0,slow,0.0,left,0.0,400,640,1
56.429,695.0,808.0,1185.0,592.0,0.5201,0.4167,0.9223,-0.1107,0.4684,,EDGE_AVOID,灰度趋势变暗，提前避让,right,0.1035,1.0331,0,slow,0.0,left,0.0,400,640,1
56.449,742.0,780.0,1244.0,544.0,0.6223,0.3492,1.0631,-0.2785,0.4857,,EDGE_AVOID,灰度趋势变暗，提前避让,right,0.2731,1.3416,0,slow,0.0,left,0.0,400,640,1
56.469,819.0,752.0,1322.0,496.0,0.7678,0.2937,1.2063,-0.4396,0.5307,,EDGE_AVOID,灰度趋势变暗，提前避让,right,0.4742,1.6459,0,slow,0.0,left,0.0,400,640,1
56.489,908.0,718.0,1399.0,451.0,1.0062,0.2381,1.3956,-0.6007,0.6221,,EDGE_AVOID,灰度趋势变暗，提前避让,right,0.7681,1.9963,0,slow,0.0,left,0.0,400,640,1
56.51,986.0,683.0,1473.0,418.0,1.2817,0.1706,1.5825,-0.7517,0.7262,,EDGE_AVOID,灰度趋势变暗，提前避让,right,1.1111,2.3342,0,slow,0.0,left,0.0,400,640,1
56.53,986.0,683.0,1473.0,418.0,1.5232,0.1012,1.7621,-0.8624,0.8122,,EDGE_AVOID,灰度趋势变暗，提前避让,right,1.422,2.6246,0,slow,0.0,left,0.0,400,640,1
56.55,1030.0,654.0,1536.0,394.0,1.5232,0.1012,1.7621,-0.8624,0.8122,,EDGE_AVOID,灰度趋势变暗，提前避让,right,1.422,2.6246,0,slow,0.0,left,0.0,400,640,1
56.57,1040.0,629.0,1529.0,374.0,1.6594,0.0437,1.8981,-0.943,0.8515,,EDGE_AVOID,避让滞回，未恢复不退出,right,1.6158,2.841,0,slow,0.0,left,0.0,400,640,1
56.59,1007.0,612.0,1434.0,358.0,1.6594,-0.006,1.8981,-1.0101,0.8267,,EDGE_AVOID,灰度趋势变暗，提前避让,right,1.6654,2.9081,0,slow,0.0,left,0.0,400,640,1
56.61,908.0,602.0,1250.0,349.0,1.5882,-0.0397,1.6675,-1.0638,0.7743,,EDGE_AVOID,灰度趋势变暗，提前避让,right,1.6279,2.7312,0,slow,0.0,left,0.0,400,640,1
56.63,767.0,605.0,1014.0,345.0,1.2817,-0.0536,1.2209,-1.094,0.5837,,EDGE_AVOID,灰度趋势变暗，提前避让,right,1.3353,2.3148,0,slow,0.0,left,0.0,400,640,1
56.65,623.0,610.0,819.0,347.0,0.8452,-0.0536,0.6481,-1.1007,0.2972,,EDGE_AVOID,灰度趋势变暗，提前避让,right,0.8988,1.7487,1,slow,0.0,left,0.0,400,640,1
56.67,518.0,624.0,731.0,358.0,0.3994,-0.0437,0.1748,-1.1007,0.0656,,EDGE_AVOID,灰度趋势变暗，提前避让,right,0.443,1.2754,1,slow,0.0,left,0.0,400,640,1
56.69,466.0,642.0,708.0,387.0,0.0743,-0.0159,-0.0388,-1.0638,-0.0274,,EDGE_TURN,进入危险区，直接大转 180 度,right,0.0902,1.0249,1,danger_turn,180.0,left,0.95,-600,600,1
56.711,453.0,681.0,724.0,433.0,-0.0867,0.0198,-0.0558,-0.9664,-0.0713,,EDGE_TURN,进入危险区，直接大转 180 度,right,-0.1065,0.9106,1,danger_turn,180.0,left,0.95,-600,600,1
56.731,469.0,752.0,746.0,511.0,-0.0867,0.0972,-0.0558,-0.8121,-0.0713,,EDGE_TURN,进入危险区，直接大转 180 度,right,-0.1839,0.7563,1,danger_turn,180.0,left,0.95,-600,600,1
56.751,500.0,862.0,762.0,686.0,-0.0774,0.2381,-0.0024,-0.5503,-0.0399,,EDGE_TURN,进入危险区，直接大转 180 度,right,-0.3155,0.5479,1,danger_turn,180.0,left,0.95,-600,600,1
56.771,547.0,1043.0,782.0,1186.0,0.0186,0.4563,0.0364,0.0369,0.0367,,EDGE_TURN,进入危险区，直接大转 180 度,right,-0.4378,-0.0005,1,danger_turn,180.0,left,0.95,-600,600,1
56.791,601.0,1058.0,793.0,1376.0,0.1641,0.8155,0.085,1.7148,0.4898,,EDGE_TURN,进入危险区，直接大转 180 度,right,-0.6514,-1.6298,0,danger_turn,180.0,left,0.95,-600,600,1
56.811,662.0,979.0,807.0,1373.0,0.3313,0.8155,0.1117,2.3423,0.5734,,EDGE_TURN,进入危险区，直接大转 180 度,right,-0.4842,-2.2306,0,danger_turn,180.0,left,0.95,-600,600,1
56.831,653.0,861.0,765.0,1308.0,0.4923,0.6885,0.1117,2.3423,0.5904,,EDGE_TURN,进入危险区，直接大转 180 度,right,-0.1962,-2.2306,0,danger_turn,180.0,left,0.95,-600,600,1
56.851,645.0,809.0,729.0,1373.0,0.4923,0.4544,0.0437,2.3423,0.4733,,EDGE_TURN,进入危险区，直接大转 180 度,right,0.0379,-2.2986,0,danger_turn,180.0,left,0.95,-600,600,1
56.871,666.0,876.0,722.0,1428.0,0.4923,0.4544,-0.0437,2.3423,0.4733,,EDGE_TURN,进入危险区，直接大转 180 度,right,0.0379,-2.386,0,danger_turn,180.0,left,0.95,-600,600,1
56.892,704.0,987.0,742.0,1440.0,0.5325,0.4841,-0.0437,2.5268,0.5083,,EDGE_TURN,进入危险区，直接大转 180 度,right,0.0484,-2.5705,0,danger_turn,180.0,left,0.95,-600,600,1
56.912,729.0,1106.0,777.0,1910.0,0.6502,0.7044,-0.0121,2.5671,0.6773,,EDGE_TURN,进入危险区，直接大转 180 度,right,-0.0542,-2.5793,0,danger_turn,180.0,left,0.95,-600,600,1
56.932,760.0,1259.0,808.0,1817.0,0.7276,0.9405,0.0728,3.8322,0.834,right,EDGE_TURN,进入危险区，直接大转 180 度,right,-0.2129,-3.7594,0,danger_turn,180.0,left,0.95,-600,600,1
56.952,760.0,1259.0,808.0,1817.0,0.8235,1.244,0.1481,3.8322,1.0338,right,EDGE_TURN,进入危险区，直接大转 180 度,right,-0.4205,-3.6842,0,danger_turn,180.0,left,0.95,-600,600,1
56.972,768.0,1345.0,827.0,1896.0,0.8235,1.244,0.1481,3.8322,1.0338,right,EDGE_TURN,进入危险区，直接大转 180 度,right,-0.4205,-3.6842,0,danger_turn,180.0,left,0.95,-600,600,1
56.992,770.0,1452.0,838.0,1107.0,0.8483,1.4147,0.1942,3.8322,1.1315,right,EDGE_TURN,进入危险区，直接大转 180 度,right,-0.5664,-3.638,0,danger_turn,180.0,left,0.95,-600,600,1
57.012,780.0,1561.0,856.0,720.0,0.8545,1.627,0.2209,1.4497,1.1521,,EDGE_TURN,进入危险区，直接大转 180 度,right,-0.7725,-1.2288,0,danger_turn,180.0,left,0.95,-600,600,1
57.032,779.0,1566.0,856.0,647.0,0.8824,1.8433,0.2646,0.151,0.5735,,EDGE_TURN,进入危险区，直接大转 180 度,right,-0.9609,0.1136,0,danger_turn,180.0,left,0.95,-600,600,1
57.052,787.0,1536.0,870.0,640.0,0.8854,1.8433,0.2646,-0.094,0.575,,EDGE_TURN,进入危险区，直接大转 180 度,right,-0.9578,0.3585,0,danger_turn,180.0,left,0.95,-600,600,1
57.072,792.0,1442.0,864.0,645.0,0.9071,1.7937,0.284,-0.1007,0.5956,,EDGE_TURN,进入危险区，直接大转 180 度,right,-0.8865,0.3847,0,danger_turn,180.0,left,0.95,-600,600,1
57.093,797.0,1330.0,854.0,656.0,0.9226,1.6071,0.284,-0.1007,0.6033,,EDGE_TURN,进入危险区，直接大转 180 度,right,-0.6845,0.3847,0,danger_turn,180.0,left,0.95,-600,600,1
57.113,803.0,1213.0,826.0,660.0,0.9381,1.3849,0.2597,-0.0638,0.5989,,EDGE_TURN,进入危险区，直接大转 180 度,right,-0.4468,0.3235,0,danger_turn,180.0,left,0.95,-600,600,1
57.133,811.0,1131.0,802.0,669.0,0.9567,1.1528,0.1917,-0.0503,0.5742,,EDGE_TURN,进入危险区，直接大转 180 度,right,-0.1961,0.2421,0,danger_turn,180.0,left,0.95,-600,600,1
57.153,810.0,1069.0,800.0,671.0,0.9783,0.9901,0.1335,-0.0201,0.5559,,EDGE_TURN,进入危险区，直接大转 180 度,right,-0.0118,0.1536,0,danger_turn,180.0,left,0.95,-600,600,1
57.173,816.0,1020.0,808.0,678.0,0.9814,0.8671,0.1335,-0.0134,0.5003,,EDGE_TURN,进入危险区，直接大转 180 度,right,0.1144,0.1469,0,danger_turn,180.0,left,0.95,-600,600,1
57.193,816.0,995.0,806.0,676.0,0.9969,0.7698,0.1432,0.0034,0.4565,,EDGE_TURN,进入危险区，直接大转 180 度,right,0.2271,0.1398,0,danger_turn,180.0,left,0.95,-600,600,1
57.213,821.0,985.0,807.0,687.0,0.9969,0.7202,0.1456,0.0101,0.4329,,EDGE_TURN,进入危险区，直接大转 180 度,right,0.2767,0.1356,0,danger_turn,180.0,left,0.95,-600,600,1
57.233,835.0,987.0,822.0,712.0,1.0124,0.7044,0.1456,0.0403,0.425,,EDGE_TURN,进入危险区，直接大转 180 度,right,0.308,0.1054,0,danger_turn,180.0,left,0.95,-600,600,1
57.253,860.0,1018.0,851.0,760.0,1.0557,0.7044,0.182,0.1242,0.4432,,EDGE_TURN,进入危险区，直接大转 180 度,right,0.3514,0.0579,0,danger_turn,180.0,left,0.95,-600,600,1
57.273,855.0,1034.0,851.0,792.0,1.1176,0.7659,0.2524,0.2852,0.5256,,EDGE_TURN,进入危险区，直接大转 180 度,right,0.3518,-0.0328,0,danger_turn,180.0,left,0.95,-600,600,1
57.294,845.0,1029.0,846.0,823.0,1.1176,0.7877,0.2524,0.3926,0.5902,,EDGE_TURN,进入危险区，直接大转 180 度,right,0.3299,-0.1402,0,danger_turn,180.0,left,0.95,-600,600,1
57.314,853.0,1049.0,859.0,861.0,1.1115,0.7976,0.2524,0.4966,0.6471,,EDGE_TURN,进入危险区，直接大转 180 度,right,0.3138,-0.2442,0,danger_turn,180.0,left,0.95,-600,600,1
57.334,850.0,1072.0,863.0,905.0,1.1022,0.8274,0.2718,0.6242,0.7258,,EDGE_TURN,进入危险区，直接大转 180 度,right,0.2748,-0.3523,0,danger_turn,180.0,left,0.95,-600,600,1
57.354,859.0,1087.0,887.0,941.0,1.1115,0.873,0.2816,0.7718,0.8224,,EDGE_TURN,进入危险区，直接大转 180 度,right,0.2384,-0.4903,0,danger_turn,180.0,left,0.95,-600,600,1
57.374,885.0,1113.0,919.0,1005.0,1.13,0.9028,0.3398,0.8926,0.8977,,EDGE_TURN,进入危险区，直接大转 180 度,right,0.2273,-0.5528,0,danger_turn,180.0,left,0.95,-600,600,1
57.394,885.0,1113.0,919.0,1005.0,1.2105,0.9544,0.4175,1.1074,1.0309,,EDGE_TURN,进入危险区，直接大转 180 度,right,0.2562,-0.6899,0,danger_turn,180.0,left,0.95,-600,600,1
57.414,916.0,1171.0,976.0,1082.0,1.2105,0.9544,0.4175,1.1074,1.0309,,EDGE_TURN,进入危险区，直接大转 180 度,right,0.2562,-0.6899,0,danger_turn,180.0,left,0.95,-600,600,1
57.434,1005.0,1267.0,1110.0,1187.0,1.3065,1.0694,0.5558,1.3658,1.188,,EDGE_TURN,进入危险区，直接大转 180 度,right,0.2371,-0.8099,0,danger_turn,180.0,left,0.95,-600,600,1
57.454,1128.0,1412.0,1238.0,1299.0,1.582,1.2599,0.8811,1.7181,1.421,,EDGE_TURN,进入危险区，直接大转 180 度,right,0.3221,-0.8371,0,danger_turn,180.0,left,0.95,-600,600,1
57.475,1146.0,1446.0,1323.0,1269.0,1.9628,1.5476,1.1917,1.9933,1.7552,,EDGE_TURN,进入危险区，直接大转 180 度,right,0.4152,-0.8015,0,danger_turn,180.0,left,0.95,-600,600,1
57.495,1238.0,1553.0,1456.0,1357.0,2.0186,1.6151,1.3981,2.094,1.8168,,EDGE_TURN,进入危险区，直接大转 180 度,right,0.4035,-0.6959,0,danger_turn,180.0,left,0.95,-600,600,1
57.515,1328.0,1730.0,1581.0,1510.0,2.3034,1.8274,1.7209,2.2886,2.058,,EDGE_TURN,进入危险区，直接大转 180 度,right,0.476,-0.5677,0,danger_turn,180.0,left,0.95,-600,600,1
57.535,1360.0,1818.0,1692.0,1530.0,2.582,2.1786,2.0243,2.802,2.3803,,EDGE_TURN,进入危险区，直接大转 180 度,right,0.4035,-0.7777,0,danger_turn,180.0,left,0.95,-600,600,1
57.555,1355.0,1781.0,1666.0,1536.0,2.6656,2.2798,2.2306,2.8691,2.4727,,EDGE_TURN,进入危险区，直接大转 180 度,right,0.3859,-0.6385,0,danger_turn,180.0,left,0.95,-600,600,1
57.575,1376.0,1796.0,1680.0,1544.0,2.6811,2.3095,2.2646,2.8893,2.4953,,EDGE_TURN,进入危险区，直接大转 180 度,right,0.3716,-0.6247,0,danger_turn,180.0,left,0.95,-600,600,1
57.595,1368.0,1811.0,1685.0,1511.0,2.7059,2.3095,2.2646,2.8893,2.5077,,EDGE_TURN,进入危险区，直接大转 180 度,right,0.3964,-0.6247,0,danger_turn,180.0,left,0.95,-600,600,1
57.615,1360.0,1778.0,1680.0,1514.0,2.7059,2.3095,2.2646,2.8154,2.5077,,EDGE_TURN,进入危险区，直接大转 180 度,right,0.3964,-0.5509,0,danger_turn,180.0,left,0.95,-600,600,1
57.635,1380.0,1793.0,1673.0,1495.0,2.7059,2.3036,2.2646,2.8054,2.5047,,EDGE_TURN,进入危险区，直接大转 180 度,right,0.4023,-0.5408,0,danger_turn,180.0,left,0.95,-600,600,1
57.655,1369.0,1786.0,1676.0,1544.0,2.709,2.2897,2.2549,2.8154,2.4993,,RECOVER_FORWARD,180 度转向完成，向前离开边缘,right,0.4193,-0.5606,0,danger,0.0,,0.0,550,550,1
57.676,1382.0,1764.0,1678.0,1560.0,2.743,2.2897,2.2549,2.9161,2.5164,,RECOVER_FORWARD,180 度转向完成，向前离开边缘,right,0.4534,-0.6613,0,danger,0.0,,0.0,550,550,1
57.696,1382.0,1744.0,1678.0,1558.0,2.7492,2.246,2.2597,2.9631,2.5045,,RECOVER_FORWARD,180 度转向完成，向前离开边缘,right,0.5032,-0.7034,0,danger,0.0,,0.0,550,550,1
57.716,1365.0,1742.0,1679.0,1554.0,2.7492,2.2063,2.2597,2.9631,2.5045,,RECOVER_FORWARD,180 度转向完成，向前离开边缘,right,0.5429,-0.7034,0,danger,0.0,,0.0,550,550,1
57.736,1397.0,1732.0,1688.0,1545.0,2.7492,2.2024,2.2621,2.9497,2.5057,,RECOVER_FORWARD,180 度转向完成，向前离开边缘,right,0.5468,-0.6875,0,danger,0.0,,0.0,550,550,1
57.756,1388.0,1764.0,1683.0,1569.0,2.7678,2.2024,2.2718,2.9497,2.5198,,RECOVER_FORWARD,180 度转向完成，向前离开边缘,right,0.5654,-0.6778,0,danger,0.0,,0.0,550,550,1
57.776,1367.0,1785.0,1728.0,1556.0,2.7678,2.246,2.284,2.9564,2.5259,,RECOVER_FORWARD,180 度转向完成，向前离开边缘,right,0.5218,-0.6724,0,danger,0.0,,0.0,550,550,1
57.796,1390.0,1803.0,1734.0,1564.0,2.7678,2.2877,2.3811,2.9832,2.5744,,RECOVER_FORWARD,180 度转向完成，向前离开边缘,right,0.4801,-0.6022,0,danger,0.0,,0.0,550,550,1
57.816,1381.0,1806.0,1729.0,1554.0,2.7461,2.3234,2.3835,2.9564,2.5648,,RECOVER_FORWARD,180 度转向完成，向前离开边缘,right,0.4227,-0.5729,0,danger,0.0,,0.0,550,550,1
57.836,1381.0,1806.0,1729.0,1554.0,2.7461,2.3294,2.3835,2.9497,2.5648,,RECOVER_FORWARD,180 度转向完成，向前离开边缘,right,0.4168,-0.5662,0,danger,0.0,,0.0,550,550,1
57.856,1376.0,1804.0,1721.0,1549.0,2.7461,2.3294,2.3835,2.9497,2.5648,,RECOVER_FORWARD,180 度转向完成，向前离开边缘,right,0.4168,-0.5662,0,danger,0.0,,0.0,550,550,1
57.877,1388.0,1813.0,1724.0,1551.0,2.7461,2.3294,2.3714,2.9396,2.5587,,RECOVER_FORWARD,180 度转向完成，向前离开边缘,right,0.4168,-0.5682,0,danger,0.0,,0.0,550,550,1
57.897,1397.0,1817.0,1705.0,1560.0,2.7678,2.3433,2.3641,2.9396,2.5659,,RECOVER_FORWARD,180 度转向完成，向前离开边缘,right,0.4245,-0.5755,0,danger,0.0,,0.0,550,550,1
57.917,1397.0,1822.0,1723.0,1563.0,2.7957,2.3512,2.3689,2.9698,2.5823,,RECOVER_FORWARD,180 度转向完成，向前离开边缘,right,0.4445,-0.6009,0,danger,0.0,,0.0,550,550,1
57.937,1401.0,1821.0,1709.0,1569.0,2.7957,2.3591,2.335,2.9799,2.5774,,RECOVER_FORWARD,180 度转向完成，向前离开边缘,right,0.4365,-0.6449,0,danger,0.0,,0.0,550,550,1
57.957,1389.0,1833.0,1724.0,1584.0,2.7957,2.3611,2.3689,3.0,2.5823,,RECOVER_FORWARD,180 度转向完成，向前离开边缘,right,0.4346,-0.6311,0,danger,0.0,,0.0,550,550,1
57.977,1393.0,1803.0,1702.0,1565.0,2.7833,2.3591,2.335,3.0,2.5712,,RECOVER_FORWARD,180 度转向完成，向前离开边缘,right,0.4242,-0.665,0,danger,0.0,,0.0,550,550,1
57.997,1401.0,1815.0,1702.0,1565.0,2.7833,2.3472,2.318,2.9866,2.5653,,RECOVER_FORWARD,180 度转向完成，向前离开边缘,right,0.4361,-0.6686,0,danger,0.0,,0.0,550,550,1
58.017,1393.0,1832.0,1716.0,1577.0,2.7833,2.3472,2.318,2.9866,2.5653,,RECOVER_FORWARD,180 度转向完成，向前离开边缘,right,0.4361,-0.6686,0,danger,0.0,,0.0,550,550,1
58.037,1385.0,1806.0,1690.0,1561.0,2.7833,2.3472,2.318,2.9866,2.5653,,RECOVER_FORWARD,180 度转向完成，向前离开边缘,right,0.4361,-0.6686,0,danger,0.0,,0.0,550,550,1
58.058,1394.0,1831.0,1659.0,1566.0,2.7833,2.379,2.2888,2.9899,2.5811,,RECOVER_FORWARD,180 度转向完成，向前离开边缘,right,0.4043,-0.7011,0,danger,0.0,,0.0,550,550,1
58.078,1403.0,1817.0,1664.0,1555.0,2.7864,2.3512,2.2257,2.9732,2.5688,,RECOVER_FORWARD,180 度转向完成，向前离开边缘,right,0.4352,-0.7474,0,danger,0.0,,0.0,550,550,1
58.098,1397.0,1813.0,1644.0,1563.0,2.7957,2.3512,2.2136,2.9799,2.5734,,RECOVER_FORWARD,180 度转向完成，向前离开边缘,right,0.4445,-0.7663,0,danger,0.0,,0.0,550,550,1
58.118,1408.0,1816.0,1633.0,1559.0,2.8142,2.3492,2.1772,2.9664,2.5817,,RECOVER_FORWARD,180 度转向完成，向前离开边缘,right,0.465,-0.7893,0,danger,0.0,,0.0,550,550,1
58.138,1390.0,1816.0,1618.0,1553.0,2.7957,2.3492,2.1505,2.9664,2.5724,,RECOVER_FORWARD,180 度转向完成，向前离开边缘,right,0.4465,-0.816,0,danger,0.0,,0.0,550,550,1
58.158,1355.0,1805.0,1628.0,1577.0,2.774,2.3492,2.1383,2.9664,2.5616,,RECOVER_FORWARD,180 度转向完成，向前离开边缘,right,0.4248,-0.8281,0,danger,0.0,,0.0,550,550,1
58.178,1342.0,1813.0,1667.0,1569.0,2.6656,2.3433,2.1383,3.0,2.5044,,RECOVER_FORWARD,180 度转向完成，向前离开边缘,right,0.3224,-0.8617,0,danger,0.0,,0.0,550,550,1
58.198,1366.0,1817.0,1706.0,1575.0,2.6656,2.3433,2.233,3.0201,2.5044,,RECOVER_FORWARD,180 度转向完成，向前离开边缘,right,0.3224,-0.7871,0,danger,0.0,,0.0,550,550,1
58.218,1373.0,1824.0,1717.0,1561.0,2.6997,2.3512,2.3277,3.0,2.5254,,RECOVER_FORWARD,180 度转向完成，向前离开边缘,right,0.3485,-0.6723,0,danger,0.0,,0.0,550,550,1
58.238,1361.0,1832.0,1736.0,1536.0,2.6997,2.3651,2.3544,2.9732,2.5324,,RECOVER_FORWARD,180 度转向完成，向前离开边缘,right,0.3346,-0.6188,0,danger,0.0,,0.0,550,550,1
58.259,1375.0,1813.0,1746.0,1548.0,2.7214,2.3651,2.4005,2.9295,2.5609,,RECOVER_FORWARD,180 度转向完成，向前离开边缘,right,0.3563,-0.529,0,danger,0.0,,0.0,550,550,1
58.279,1375.0,1813.0,1746.0,1548.0,2.7276,2.3433,2.4248,2.9295,2.5762,,RECOVER_FORWARD,180 度转向完成，向前离开边缘,right,0.3843,-0.5048,0,danger,0.0,,0.0,550,550,1
58.299,1382.0,1827.0,1756.0,1562.0,2.7276,2.3433,2.4248,2.9295,2.5762,,RECOVER_FORWARD,180 度转向完成，向前离开边缘,right,0.3843,-0.5048,0,danger,0.0,,0.0,550,550,1
58.319,1391.0,1817.0,1753.0,1555.0,2.7492,2.3512,2.4417,2.953,2.5955,,RECOVER_FORWARD,180 度转向完成，向前离开边缘,right,0.398,-0.5113,0,danger,0.0,,0.0,550,550,1
58.339,1385.0,1843.0,1760.0,1557.0,2.7585,2.371,2.449,2.9597,2.6038,,RECOVER_FORWARD,180 度转向完成，向前离开边缘,right,0.3875,-0.5107,0,danger,0.0,,0.0,550,550,1
58.359,1381.0,1832.0,1764.0,1560.0,2.7585,2.381,2.4587,2.9597,2.6086,,RECOVER_FORWARD,180 度转向完成，向前离开边缘,right,0.3776,-0.501,0,danger,0.0,,0.0,550,550,1
58.379,1393.0,1840.0,1752.0,1564.0,2.7585,2.3968,2.4587,2.9698,2.6086,,RECOVER_FORWARD,180 度转向完成，向前离开边缘,right,0.3617,-0.5111,0,danger,0.0,,0.0,550,550,1
58.399,1378.0,1831.0,1776.0,1557.0,2.7461,2.381,2.4684,2.9698,2.6073,,RECOVER_FORWARD,180 度转向完成，向前离开边缘,right,0.3652,-0.5014,0,danger,0.0,,0.0,550,550,1
58.419,1380.0,1849.0,1766.0,1564.0,2.743,2.3968,2.4733,2.9832,2.6082,,RECOVER_FORWARD,180 度转向完成，向前离开边缘,right,0.3462,-0.5099,0,danger,0.0,,0.0,550,550,1
58.439,1393.0,1846.0,1766.0,1566.0,2.743,2.4087,2.4733,2.9832,2.6082,,RECOVER_FORWARD,180 度转向完成，向前离开边缘,right,0.3343,-0.5099,0,danger,0.0,,0.0,550,550,1
58.46,1399.0,1832.0,1756.0,1562.0,2.7833,2.4087,2.4733,2.9832,2.6283,,RECOVER_FORWARD,180 度转向完成，向前离开边缘,right,0.3746,-0.5099,0,danger,0.0,,0.0,550,550,1
58.48,1385.0,1817.0,1779.0,1523.0,2.7833,2.381,2.4733,2.9765,2.6283,,RECOVER_FORWARD,180 度转向完成，向前离开边缘,right,0.4023,-0.5032,0,danger,0.0,,0.0,550,550,1
58.5,1382.0,1828.0,1776.0,1528.0,2.7585,2.373,2.4976,2.8624,2.628,,RECOVER_FORWARD,180 度转向完成，向前离开边缘,right,0.3855,-0.3648,0,danger,0.0,,0.0,550,550,1
58.52,1384.0,1851.0,1769.0,1530.0,2.7554,2.373,2.4976,2.8624,2.6265,,RECOVER_FORWARD,180 度转向完成，向前离开边缘,right,0.3824,-0.3648,0,danger,0.0,,0.0,550,550,1
58.54,1385.0,1847.0,1749.0,1534.0,2.7554,2.4107,2.4806,2.8691,2.618,,RECOVER_FORWARD,180 度转向完成，向前离开边缘,right,0.3447,-0.3885,0,danger,0.0,,0.0,550,550,1
58.56,1389.0,1861.0,1750.0,1541.0,2.7585,2.4187,2.4345,2.8826,2.5965,,RECOVER_FORWARD,180 度转向完成，向前离开边缘,right,0.3399,-0.4481,0,danger,0.0,,0.0,550,550,1
58.58,1392.0,1848.0,1745.0,1548.0,2.7709,2.4127,2.432,2.906,2.6015,,RECOVER_FORWARD,180 度转向完成，向前离开边缘,right,0.3582,-0.474,0,danger,0.0,,0.0,550,550,1
58.6,1376.0,1857.0,1744.0,1548.0,2.7709,2.4306,2.4223,2.9295,2.6007,,RECOVER_FORWARD,180 度转向完成，向前离开边缘,right,0.3403,-0.5072,0,danger,0.0,,0.0,550,550,1
58.62,1370.0,1845.0,1746.0,1544.0,2.7307,2.4127,2.4223,2.9295,2.5765,,RECOVER_FORWARD,180 度转向完成，向前离开边缘,right,0.318,-0.5072,0,danger,0.0,,0.0,550,550,1
58.64,1357.0,1835.0,1746.0,1527.0,2.7121,2.4067,2.4248,2.9161,2.5684,,RECOVER_FORWARD,180 度转向完成，向前离开边缘,right,0.3053,-0.4914,0,danger,0.0,,0.0,550,550,1
58.66,1362.0,1853.0,1748.0,1553.0,2.6873,2.4067,2.4248,2.9161,2.556,,RECOVER_FORWARD,180 度转向完成，向前离开边缘,right,0.2806,-0.4914,0,danger,0.0,,0.0,550,550,1
58.681,1366.0,1816.0,1742.0,1545.0,2.6873,2.3869,2.4248,2.9195,2.556,,RECOVER_FORWARD,180 度转向完成，向前离开边缘,right,0.3004,-0.4947,0,danger,0.0,,0.0,550,550,1
58.701,1377.0,1836.0,1728.0,1559.0,2.6997,2.3889,2.415,2.9463,2.5574,,RECOVER_FORWARD,180 度转向完成，向前离开边缘,right,0.3108,-0.5313,0,danger,0.0,,0.0,550,550,1
58.721,1371.0,1847.0,1720.0,1546.0,2.7152,2.3889,2.3811,2.9228,2.552,,RECOVER_FORWARD,180 度转向完成，向前离开边缘,right,0.3263,-0.5418,0,danger,0.0,,0.0,550,550,1
58.741,1370.0,1830.0,1724.0,1547.0,2.7152,2.3889,2.3714,2.9262,2.552,,RECOVER_FORWARD,180 度转向完成，向前离开边缘,right,0.3263,-0.5548,0,danger,0.0,,0.0,550,550,1
58.761,1363.0,1842.0,1724.0,1553.0,2.7121,2.4008,2.3714,2.9262,2.5564,,RECOVER_FORWARD,180 度转向完成，向前离开边缘,right,0.3113,-0.5548,0,danger,0.0,,0.0,550,550,1
58.781,1384.0,1838.0,1736.0,1543.0,2.7121,2.3929,2.3714,2.9262,2.5525,,RECOVER_FORWARD,180 度转向完成，向前离开边缘,right,0.3192,-0.5548,0,danger,0.0,,0.0,550,550,1
58.801,1387.0,1837.0,1718.0,1566.0,2.7554,2.3929,2.3714,2.9463,2.5741,,RECOVER_FORWARD,180 度转向完成，向前离开边缘,right,0.3626,-0.5749,0,danger,0.0,,0.0,550,550,1
58.821,1387.0,1837.0,1718.0,1566.0,2.7647,2.3909,2.3568,2.9899,2.5778,,RECOVER_FORWARD,180 度转向完成，向前离开边缘,right,0.3738,-0.6331,0,danger,0.0,,0.0,550,550,1
58.841,1378.0,1827.0,1701.0,1547.0,2.7647,2.3909,2.3568,2.9899,2.5778,,RECOVER_FORWARD,180 度转向完成，向前离开边缘,right,0.3738,-0.6331,0,danger,0.0,,0.0,550,550,1
58.861,1367.0,1826.0,1717.0,1590.0,2.7368,2.371,2.3544,2.9899,2.5539,,RECOVER_FORWARD,180 度转向完成，向前离开边缘,right,0.3658,-0.6356,0,danger,0.0,,0.0,550,550,1
58.881,1362.0,1832.0,1728.0,1587.0,2.7028,2.371,2.3544,3.0604,2.5369,,RECOVER_FORWARD,180 度转向完成，向前离开边缘,right,0.3318,-0.706,0,danger,0.0,,0.0,550,550,1
58.902,1365.0,1829.0,1740.0,1593.0,2.6966,2.375,2.3811,3.0705,2.5388,,RECOVER_FORWARD,180 度转向完成，向前离开边缘,right,0.3216,-0.6894,0,danger,0.0,,0.0,550,550,1
58.922,1381.0,1825.0,1720.0,1586.0,2.6966,2.375,2.3811,3.0604,2.5388,,RECOVER_FORWARD,180 度转向完成，向前离开边缘,right,0.3216,-0.6793,0,danger,0.0,,0.0,550,550,1
58.942,1361.0,1813.0,1750.0,1564.0,2.6966,2.3671,2.4102,3.057,2.5534,,RECOVER_FORWARD,180 度转向完成，向前离开边缘,right,0.3295,-0.6469,0,danger,0.0,,0.0,550,550,1
58.962,1392.0,1848.0,1728.0,1579.0,2.7461,2.3671,2.3811,3.0336,2.5636,,RECOVER_FORWARD,180 度转向完成，向前离开边缘,right,0.3791,-0.6525,0,danger,0.0,,0.0,550,550,1
58.982,1371.0,1819.0,1751.0,1601.0,2.7152,2.3552,2.4345,3.0336,2.5748,,RECOVER_FORWARD,180 度转向完成，向前离开边缘,right,0.36,-0.5991,0,danger,0.0,,0.0,550,550,1
59.002,1378.0,1850.0,1736.0,1581.0,2.7368,2.4127,2.4005,3.0403,2.5748,,RECOVER_FORWARD,180 度转向完成，向前离开边缘,right,0.3241,-0.6398,0,danger,0.0,,0.0,550,550,1
59.022,1378.0,1828.0,1735.0,1582.0,2.7368,2.373,2.4005,3.0436,2.5687,,RECOVER_FORWARD,180 度转向完成，向前离开边缘,right,0.3638,-0.6431,0,danger,0.0,,0.0,550,550,1
59.042,1376.0,1817.0,1756.0,1609.0,2.7368,2.373,2.4005,3.0436,2.5687,,RECOVER_FORWARD,180 度转向完成，向前离开边缘,right,0.3638,-0.6431,0,danger,0.0,,0.0,550,550,1
59.062,1384.0,1825.0,1738.0,1581.0,2.7368,2.3671,2.4053,3.0436,2.5711,,RECOVER_FORWARD,180 度转向完成，向前离开边缘,right,0.3698,-0.6383,0,danger,0.0,,0.0,550,550,1
59.082,1388.0,1834.0,1741.0,1569.0,2.7554,2.3671,2.4126,3.0403,2.584,,RECOVER_FORWARD,180 度转向完成，向前离开边缘,right,0.3884,-0.6276,0,danger,0.0,,0.0,550,550,1
59.102,1366.0,1836.0,1717.0,1581.0,2.7554,2.3849,2.4053,3.0403,2.5804,,RECOVER_FORWARD,180 度转向完成，向前离开边缘,right,0.3705,-0.6349,0,danger,0.0,,0.0,550,550,1
59.122,1378.0,1856.0,1721.0,1580.0,2.7368,2.3889,2.3641,3.0369,2.5629,,RECOVER_FORWARD,180 度转向完成，向前离开边缘,right,0.348,-0.6728,0,danger,0.0,,0.0,550,550,1
59.143,1380.0,1857.0,1741.0,1595.0,2.7368,2.4286,2.3641,3.0403,2.5827,,RECOVER_FORWARD,180 度转向完成，向前离开边缘,right,0.3083,-0.6762,0,danger,0.0,,0.0,550,550,1
59.163,1389.0,1856.0,1740.0,1574.0,2.743,2.4286,2.4102,3.0369,2.5858,,CRUISE,已脱离暗外圈,,0.3145,-0.6267,0,fast,0.0,,0.0,500,400,1
59.183,1370.0,1857.0,1741.0,1584.0,2.743,2.4306,2.4126,3.0503,2.5868,,CRUISE,按区域分级巡航,,0.3125,-0.6377,0,fast,0.0,,0.0,500,400,1
59.203,1366.0,1842.0,1752.0,1550.0,2.7121,2.4286,2.4126,3.0168,2.5703,,CRUISE,按区域分级巡航,,0.2835,-0.6042,0,fast,0.0,,0.0,500,400,1
59.223,1363.0,1839.0,1738.0,1552.0,2.6997,2.4008,2.4126,2.943,2.5562,,CRUISE,按区域分级巡航,,0.2989,-0.5303,0,fast,0.0,,0.0,500,400,1
59.243,1363.0,1832.0,1737.0,1553.0,2.6904,2.3948,2.4053,2.943,2.5479,,CRUISE,按区域分级巡航,,0.2956,-0.5376,0,fast,0.0,,0.0,500,400,1
59.263,1364.0,1833.0,1724.0,1547.0,2.6904,2.3829,2.4029,2.943,2.5467,,CRUISE,按区域分级巡航,,0.3075,-0.54,0,fast,0.0,,0.0,500,400,1
59.283,1364.0,1827.0,1704.0,1541.0,2.6935,2.381,2.3714,2.9262,2.5372,,CRUISE,按区域分级巡航,,0.3125,-0.5548,0,fast,0.0,,0.0,500,400,1
59.303,1361.0,1813.0,1708.0,1548.0,2.6935,2.371,2.3325,2.9262,2.5323,,CRUISE,按区域分级巡航,,0.3225,-0.5937,0,fast,0.0,,0.0,500,400,1
59.323,1363.0,1822.0,1745.0,1523.0,2.6904,2.3611,2.3325,2.906,2.5258,,CRUISE,按区域分级巡航,,0.3293,-0.5735,0,fast,0.0,,0.0,500,400,1
59.344,1344.0,1825.0,1732.0,1527.0,2.6842,2.3611,2.3908,2.8591,2.5375,,CRUISE,按区域分级巡航,,0.3231,-0.4683,0,fast,0.0,,0.0,500,400,1
59.364,1342.0,1830.0,1715.0,1513.0,2.6316,2.3671,2.3908,2.8456,2.5112,,CRUISE,按区域分级巡航,,0.2645,-0.4549,0,fast,0.0,,0.0,500,400,1
59.384,1344.0,1840.0,1712.0,1539.0,2.6316,2.377,2.3495,2.8591,2.5043,,CRUISE,按区域分级巡航,,0.2546,-0.5095,0,fast,0.0,,0.0,500,400,1
59.404,1344.0,1840.0,1712.0,1539.0,2.6316,2.3968,2.3422,2.8993,2.5142,,CRUISE,按区域分级巡航,,0.2348,-0.5571,0,fast,0.0,,0.0,500,400,1
59.424,1344.0,1840.0,1713.0,1550.0,2.6316,2.3968,2.3422,2.8993,2.5142,,CRUISE,按区域分级巡航,,0.2348,-0.5571,0,fast,0.0,,0.0,500,400,1
59.444,1347.0,1827.0,1710.0,1533.0,2.6316,2.3968,2.3422,2.8993,2.5142,,CRUISE,按区域分级巡航,,0.2348,-0.5571,0,fast,0.0,,0.0,500,400,1
59.464,1356.0,1817.0,1711.0,1525.0,2.6409,2.371,2.3398,2.8792,2.5059,,CRUISE,按区域分级巡航,,0.2698,-0.5394,0,fast,0.0,,0.0,500,400,1
59.484,1360.0,1812.0,1718.0,1509.0,2.6687,2.3512,2.3398,2.8523,2.51,,CRUISE,按区域分级巡航,,0.3175,-0.5125,0,fast,0.0,,0.0,500,400,1
59.504,1365.0,1826.0,1736.0,1493.0,2.6811,2.3512,2.3568,2.7987,2.519,,CRUISE,按区域分级巡航,,0.3299,-0.4419,0,fast,0.0,,0.0,500,400,1
59.525,1373.0,1828.0,1744.0,1502.0,2.6966,2.369,2.4005,2.7752,2.5485,,CRUISE,按区域分级巡航,,0.3275,-0.3747,0,fast,0.0,,0.0,500,400,1
59.545,1363.0,1806.0,1749.0,1522.0,2.6966,2.369,2.4199,2.7752,2.5582,,CRUISE,按区域分级巡航,,0.3275,-0.3553,0,fast,0.0,,0.0,500,400,1
59.565,1358.0,1815.0,1740.0,1529.0,2.6904,2.3472,2.4199,2.8423,2.5552,,CRUISE,按区域分级巡航,,0.3432,-0.4224,0,fast,0.0,,0.0,500,400,1
59.585,1365.0,1822.0,1704.0,1510.0,2.6904,2.3472,2.4102,2.8423,2.5503,,CRUISE,按区域分级巡航,,0.3432,-0.4321,0,fast,0.0,,0.0,500,400,1
59.605,1357.0,1836.0,1710.0,1497.0,2.6749,2.3611,2.3374,2.802,2.518,,CRUISE,按区域分级巡航,,0.3138,-0.4646,0,fast,0.0,,0.0,500,400,1
59.625,1352.0,1819.0,1737.0,1536.0,2.6718,2.3611,2.3374,2.802,2.5165,,CRUISE,按区域分级巡航,,0.3107,-0.4646,0,fast,0.0,,0.0,500,400,1
59.645,1380.0,1798.0,1726.0,1533.0,2.6718,2.3552,2.3762,2.8792,2.524,,CRUISE,按区域分级巡航,,0.3167,-0.503,0,fast,0.0,,0.0,500,400,1
59.665,1365.0,1832.0,1717.0,1536.0,2.6966,2.3552,2.3762,2.8893,2.5364,,CRUISE,按区域分级巡航,,0.3414,-0.513,0,fast,0.0,,0.0,500,400,1
59.685,1360.0,1835.0,1735.0,1524.0,2.6966,2.381,2.3762,2.8792,2.5388,,CRUISE,按区域分级巡航,,0.3156,-0.503,0,fast,0.0,,0.0,500,400,1
59.706,1353.0,1812.0,1732.0,1538.0,2.6811,2.381,2.3908,2.8893,2.5359,,CRUISE,按区域分级巡航,,0.3002,-0.4985,0,fast,0.0,,0.0,500,400,1
59.726,1368.0,1799.0,1728.0,1540.0,2.6811,2.3413,2.3908,2.896,2.5359,,CRUISE,按区域分级巡航,,0.3398,-0.5052,0,fast,0.0,,0.0,500,400,1
59.746,1359.0,1831.0,1720.0,1529.0,2.678,2.3413,2.3811,2.896,2.5295,,CRUISE,按区域分级巡航,,0.3367,-0.5149,0,fast,0.0,,0.0,500,400,1
59.766,1347.0,1823.0,1733.0,1514.0,2.678,2.3631,2.3811,2.8658,2.5295,,CRUISE,按区域分级巡航,,0.3149,-0.4847,0,fast,0.0,,0.0,500,400,1
59.786,1349.0,1788.0,1728.0,1521.0,2.6471,2.3631,2.3811,2.8389,2.5141,,CRUISE,按区域分级巡航,,0.284,-0.4579,0,fast,0.0,,0.0,500,400,1
59.806,1359.0,1801.0,1736.0,1532.0,2.6471,2.3194,2.3932,2.8389,2.5201,,CRUISE,按区域分级巡航,,0.3276,-0.4457,0,fast,0.0,,0.0,500,400,1
59.826,1359.0,1801.0,1736.0,1532.0,2.678,2.3194,2.4005,2.8758,2.5393,,CRUISE,按区域分级巡航,,0.3586,-0.4754,0,fast,0.0,,0.0,500,400,1
59.846,1366.0,1813.0,1731.0,1523.0,2.678,2.3194,2.4005,2.8758,2.5393,,CRUISE,按区域分级巡航,,0.3586,-0.4754,0,fast,0.0,,0.0,500,400,1
59.866,1363.0,1808.0,1705.0,1506.0,2.6904,2.3333,2.3883,2.8456,2.5394,,CRUISE,按区域分级巡航,,0.3571,-0.4573,0,fast,0.0,,0.0,500,400,1
59.887,1363.0,1801.0,1690.0,1502.0,2.6904,2.3333,2.3252,2.7886,2.5119,,CRUISE,按区域分级巡航,,0.3571,-0.4633,0,fast,0.0,,0.0,500,400,1
59.907,1364.0,1798.0,1686.0,1502.0,2.6904,2.3194,2.2888,2.7752,2.5049,,CRUISE,按区域分级巡航,,0.371,-0.4863,0,fast,0.0,,0.0,500,400,1
59.927,1364.0,1794.0,1684.0,1501.0,2.6935,2.3135,2.2791,2.7752,2.5035,,CRUISE,按区域分级巡航,,0.38,-0.496,0,fast,0.0,,0.0,500,400,1
59.947,1366.0,1799.0,1687.0,1504.0,2.6935,2.3135,2.2791,2.7752,2.5035,,CRUISE,按区域分级巡航,,0.38,-0.496,0,fast,0.0,,0.0,500,400,1
59.967,1366.0,1799.0,1685.0,1502.0,2.6997,2.3155,2.2767,2.7752,2.5076,,CRUISE,按区域分级巡航,,0.3842,-0.4985,0,fast,0.0,,0.0,500,400,1
59.987,1363.0,1797.0,1690.0,1507.0,2.6997,2.3155,2.2816,2.7819,2.5076,,CRUISE,按区域分级巡航,,0.3842,-0.5003,0,fast,0.0,,0.0,500,400,1
60.007,1357.0,1802.0,1709.0,1516.0,2.6904,2.3155,2.2888,2.7919,2.5029,,CRUISE,按区域分级巡航,,0.3749,-0.5031,0,fast,0.0,,0.0,500,400,1
60.027,1346.0,1803.0,1733.0,1524.0,2.6718,2.3214,2.335,2.8221,2.5034,,CRUISE,按区域分级巡航,,0.3504,-0.4872,0,fast,0.0,,0.0,500,400,1
60.047,1340.0,1805.0,1745.0,1531.0,2.6378,2.3234,2.3932,2.849,2.5155,,CRUISE,按区域分级巡航,,0.3144,-0.4558,0,fast,0.0,,0.0,500,400,1
60.067,1337.0,1804.0,1729.0,1536.0,2.6192,2.3254,2.3932,2.8725,2.5062,,CRUISE,按区域分级巡航,,0.2938,-0.4793,0,fast,0.0,,0.0,500,400,1
60.088,1339.0,1811.0,1717.0,1541.0,2.6161,2.3274,2.3835,2.8893,2.4998,,CRUISE,按区域分级巡航,,0.2887,-0.5058,0,fast,0.0,,0.0,500,400,1
60.108,1341.0,1816.0,1721.0,1544.0,2.6161,2.3393,2.3641,2.906,2.4901,,CRUISE,按区域分级巡航,,0.2768,-0.542,0,fast,0.0,,0.0,500,400,1
60.128,1341.0,1812.0,1734.0,1540.0,2.6223,2.3413,2.3641,2.906,2.4932,,CRUISE,按区域分级巡航,,0.281,-0.542,0,fast,0.0,,0.0,500,400,1
60.148,1347.0,1812.0,1755.0,1538.0,2.6223,2.3413,2.3956,2.9027,2.509,,CRUISE,按区域分级巡航,,0.281,-0.5071,0,fast,0.0,,0.0,500,400,1
60.168,1355.0,1811.0,1774.0,1536.0,2.6409,2.3413,2.4466,2.896,2.5437,,CRUISE,按区域分级巡航,,0.2996,-0.4494,0,fast,0.0,,0.0,500,400,1
60.188,1358.0,1808.0,1778.0,1529.0,2.6656,2.3393,2.4927,2.8893,2.5792,,CRUISE,按区域分级巡航,,0.3263,-0.3965,0,fast,0.0,,0.0,500,400,1
60.208,1357.0,1805.0,1777.0,1525.0,2.6718,2.3333,2.5,2.8658,2.5859,,CRUISE,按区域分级巡航,,0.3385,-0.3658,0,fast,0.0,,0.0,500,400,1
60.228,1354.0,1803.0,1770.0,1520.0,2.6718,2.3274,2.5,2.8523,2.5859,,CRUISE,按区域分级巡航,,0.3444,-0.3523,0,fast,0.0,,0.0,500,400,1
60.248,1361.0,1808.0,1773.0,1529.0,2.6718,2.3274,2.4903,2.8523,2.5811,,CRUISE,按区域分级巡航,,0.3444,-0.3621,0,fast,0.0,,0.0,500,400,1
60.269,1361.0,1808.0,1773.0,1529.0,2.6842,2.3333,2.4903,2.8658,2.5873,,CRUISE,按区域分级巡航,,0.3509,-0.3755,0,fast,0.0,,0.0,500,400,1
60.289,1362.0,1814.0,1756.0,1528.0,2.6842,2.3333,2.4903,2.8658,2.5873,,CRUISE,按区域分级巡航,,0.3509,-0.3755,0,fast,0.0,,0.0,500,400,1
60.309,1358.0,1814.0,1735.0,1538.0,2.6842,2.3452,2.449,2.8658,2.5666,,CRUISE,按区域分级巡航,,0.339,-0.4167,0,fast,0.0,,0.0,500,400,1
60.329,1355.0,1816.0,1737.0,1552.0,2.6749,2.3452,2.4029,2.896,2.5389,,CRUISE,按区域分级巡航,,0.3297,-0.4931,0,fast,0.0,,0.0,500,400,1
60.349,1355.0,1811.0,1728.0,1557.0,2.6656,2.3452,2.3981,2.943,2.5318,,CRUISE,按区域分级巡航,,0.3204,-0.5449,0,fast,0.0,,0.0,500,400,1
60.369,1356.0,1796.0,1731.0,1532.0,2.6656,2.3393,2.3883,2.943,2.527,,CRUISE,按区域分级巡航,,0.3263,-0.5546,0,fast,0.0,,0.0,500,400,1
60.389,1344.0,1788.0,1726.0,1539.0,2.6656,2.3095,2.3811,2.8993,2.5234,,CRUISE,按区域分级巡航,,0.3561,-0.5183,0,fast,0.0,,0.0,500,400,1
60.409,1357.0,1804.0,1732.0,1556.0,2.6687,2.3095,2.3883,2.8993,2.5285,,CRUISE,按区域分级巡航,,0.3592,-0.511,0,fast,0.0,,0.0,500,400,1
60.429,1352.0,1782.0,1728.0,1545.0,2.6563,2.2937,2.3811,2.9195,2.5187,,CRUISE,按区域分级巡航,,0.3627,-0.5384,0,fast,0.0,,0.0,500,400,1
60.45,1350.0,1793.0,1722.0,1534.0,2.6563,2.3036,2.3811,2.9195,2.5187,,CRUISE,按区域分级巡航,,0.3528,-0.5384,0,fast,0.0,,0.0,500,400,1
60.47,1348.0,1815.0,1711.0,1554.0,2.6502,2.3036,2.3665,2.9195,2.5083,,CRUISE,按区域分级巡航,,0.3466,-0.553,0,fast,0.0,,0.0,500,400,1
60.49,1359.0,1820.0,1700.0,1530.0,2.6502,2.3472,2.3398,2.8826,2.4987,,CRUISE,按区域分级巡航,,0.3029,-0.5427,0,fast,0.0,,0.0,500,400,1
60.51,1352.0,1795.0,1709.0,1523.0,2.6563,2.3472,2.335,2.8691,2.5018,,CRUISE,按区域分级巡航,,0.3091,-0.5342,0,fast,0.0,,0.0,500,400,1
60.53,1342.0,1784.0,1721.0,1532.0,2.6563,2.3075,2.335,2.8691,2.4956,,CRUISE,按区域分级巡航,,0.3488,-0.5342,0,fast,0.0,,0.0,500,400,1
60.55,1353.0,1808.0,1720.0,1520.0,2.6563,2.3075,2.3617,2.8456,2.509,,CRUISE,按区域分级巡航,,0.3488,-0.484,0,fast,0.0,,0.0,500,400,1
60.57,1358.0,1811.0,1738.0,1520.0,2.6594,2.3333,2.3641,2.8356,2.5118,,CRUISE,按区域分级巡航,,0.3261,-0.4715,0,fast,0.0,,0.0,500,400,1
60.59,1347.0,1803.0,1740.0,1518.0,2.6594,2.3333,2.4053,2.8356,2.5324,,CRUISE,按区域分级巡航,,0.3261,-0.4302,0,fast,0.0,,0.0,500,400,1
60.61,1352.0,1803.0,1720.0,1513.0,2.6563,2.3234,2.4053,2.8289,2.5308,,CRUISE,按区域分级巡航,,0.3329,-0.4235,0,fast,0.0,,0.0,500,400,1
60.631,1364.0,1810.0,1737.0,1518.0,2.6563,2.3234,2.4029,2.8289,2.5296,,CRUISE,按区域分级巡航,,0.3329,-0.4259,0,fast,0.0,,0.0,500,400,1
60.651,1357.0,1816.0,1754.0,1517.0,2.6718,2.3373,2.4029,2.8255,2.5374,,CRUISE,按区域分级巡航,,0.3345,-0.4226,0,fast,0.0,,0.0,500,400,1
60.671,1346.0,1806.0,1748.0,1526.0,2.6718,2.3373,2.4296,2.8289,2.5507,,CRUISE,按区域分级巡航,,0.3345,-0.3992,0,fast,0.0,,0.0,500,400,1
60.691,1346.0,1806.0,1748.0,1526.0,2.6378,2.3294,2.4296,2.8557,2.5337,,CRUISE,按区域分级巡航,,0.3084,-0.4261,0,fast,0.0,,0.0,500,400,1
60.711,1352.0,1808.0,1726.0,1527.0,2.6378,2.3294,2.4296,2.8557,2.5337,,CRUISE,按区域分级巡航,,0.3084,-0.4261,0,fast,0.0,,0.0,500,400,1
60.731,1360.0,1772.0,1718.0,1528.0,2.6563,2.3294,2.3762,2.8591,2.5163,,CRUISE,按区域分级巡航,,0.327,-0.4828,0,fast,0.0,,0.0,500,400,1
60.751,1368.0,1799.0,1713.0,1548.0,2.6811,2.3155,2.3568,2.8624,2.519,,CRUISE,按区域分级巡航,,0.3656,-0.5056,0,fast,0.0,,0.0,500,400,1
60.771,1365.0,1785.0,1677.0,1539.0,2.6966,2.2877,2.3447,2.8993,2.5206,,CRUISE,按区域分级巡航,,0.4089,-0.5547,0,fast,0.0,,0.0,500,400,1
60.791,1368.0,1769.0,1675.0,1573.0,2.7059,2.2877,2.2573,2.9295,2.4968,,CRUISE,按区域分级巡航,,0.4182,-0.6722,0,fast,0.0,,0.0,500,400,1
60.812,1356.0,1791.0,1662.0,1570.0,2.6966,2.2877,2.2524,3.0034,2.4921,,CRUISE,按区域分级巡航,,0.4089,-0.7509,0,fast,0.0,,0.0,500,400,1
60.832,1350.0,1761.0,1656.0,1586.0,2.6687,2.256,2.2209,3.0134,2.4623,,CRUISE,按区域分级巡航,,0.4128,-0.7925,0,fast,0.0,,0.0,500,400,1
60.852,1357.0,1744.0,1654.0,1556.0,2.6687,2.2401,2.2063,3.0034,2.4544,,CRUISE,按区域分级巡航,,0.4287,-0.797,0,fast,0.0,,0.0,500,400,1
60.872,1349.0,1750.0,1628.0,1531.0,2.6502,2.2183,2.2015,2.9564,2.4342,,CRUISE,按区域分级巡航,,0.4319,-0.7549,0,fast,0.0,,0.0,500,400,1
60.892,1357.0,1764.0,1651.0,1558.0,2.6718,2.2183,2.1942,2.9564,2.445,,CRUISE,按区域分级巡航,,0.4536,-0.7622,0,fast,0.0,,0.0,500,400,1
60.912,1362.0,1766.0,1652.0,1539.0,2.6718,2.246,2.1942,2.8993,2.4589,,CRUISE,按区域分级巡航,,0.4258,-0.7052,0,fast,0.0,,0.0,500,400,1
60.932,1357.0,1762.0,1653.0,1549.0,2.6718,2.246,2.1966,2.9329,2.4589,,CRUISE,按区域分级巡航,,0.4258,-0.7363,0,fast,0.0,,0.0,500,400,1
60.952,1362.0,1756.0,1661.0,1551.0,2.6873,2.2421,2.199,2.9329,2.4647,,CRUISE,按区域分级巡航,,0.4452,-0.7339,0,fast,0.0,,0.0,500,400,1
60.972,1362.0,1752.0,1677.0,1539.0,2.6873,2.2302,2.2184,2.9329,2.4587,,CRUISE,按区域分级巡航,,0.4571,-0.7144,0,fast,0.0,,0.0,500,400,1
60.992,1353.0,1745.0,1628.0,1536.0,2.6873,2.2222,2.2184,2.8993,2.4548,,CRUISE,按区域分级巡航,,0.4651,-0.6809,0,fast,0.0,,0.0,500,400,1
61.013,1351.0,1707.0,1622.0,1514.0,2.6594,2.2083,2.1383,2.8893,2.4339,,CRUISE,按区域分级巡航,,0.4511,-0.7509,0,fast,0.0,,0.0,500,400,1
61.033,1335.0,1664.0,1603.0,1473.0,2.6533,2.1329,2.1238,2.8154,2.3931,,CRUISE,按区域分级巡航,,0.5203,-0.6916,0,fast,0.0,,0.0,500,400,1
61.053,1301.0,1589.0,1563.0,1424.0,2.6037,2.0476,2.0777,2.6779,2.3407,,CRUISE,按区域分级巡航,,0.5561,-0.6002,0,fast,0.0,,0.0,500,400,1
61.073,1285.0,1557.0,1534.0,1365.0,2.4985,1.8988,1.9806,2.5134,2.2395,,CRUISE,按区域分级巡航,,0.5996,-0.5328,0,fast,0.0,,0.0,500,400,1
61.093,1257.0,1504.0,1485.0,1353.0,2.4489,1.8353,1.9102,2.3154,2.1128,,CRUISE,按区域分级巡航,,0.6136,-0.4052,0,fast,0.0,,0.0,500,400,1
61.113,1257.0,1504.0,1485.0,1353.0,2.3622,1.7302,1.7913,2.2752,2.0332,,CRUISE,按区域分级巡航,,0.6321,-0.4839,0,fast,0.0,,0.0,500,400,1
61.133,1232.0,1479.0,1421.0,1313.0,2.3622,1.7302,1.7913,2.2752,2.0332,,CRUISE,按区域分级巡航,,0.6321,-0.4839,0,fast,0.0,,0.0,500,400,1
61.154,1216.0,1436.0,1387.0,1257.0,2.2848,1.6806,1.6359,2.1409,1.9107,,CRUISE,按区域分级巡航,,0.6043,-0.505,0,fast,0.0,,0.0,500,400,1
61.174,1192.0,1397.0,1372.0,1231.0,2.2353,1.5952,1.5534,1.953,1.7741,,CRUISE,按区域分级巡航,,0.6401,-0.3996,0,fast,0.0,,0.0,500,400,1
61.194,1180.0,1378.0,1339.0,1202.0,2.161,1.5179,1.517,1.8658,1.6918,,CRUISE,按区域分级巡航,,0.6431,-0.3488,0,fast,0.0,,0.0,500,400,1
61.214,1159.0,1346.0,1298.0,1190.0,2.1238,1.4802,1.4369,1.7685,1.6243,,CRUISE,按区域分级巡航,,0.6437,-0.3316,0,fast,0.0,,0.0,500,400,1
61.234,1161.0,1354.0,1280.0,1153.0,2.065,1.4325,1.3374,1.7282,1.5804,,CRUISE,按区域分级巡航,,0.6325,-0.3908,0,fast,0.0,,0.0,500,400,1
61.254,1133.0,1313.0,1273.0,1132.0,2.0588,1.4167,1.2937,1.604,1.5103,,CRUISE,按区域分级巡航,,0.6422,-0.3103,0,fast,0.0,,0.0,500,400,1
61.274,1120.0,1289.0,1254.0,1112.0,1.9783,1.3512,1.2767,1.5336,1.4424,,CRUISE,按区域分级巡航,,0.6271,-0.2569,0,fast,0.0,,0.0,500,400,1
61.294,1115.0,1277.0,1240.0,1100.0,1.9381,1.3036,1.2306,1.4664,1.385,,CRUISE,按区域分级巡航,,0.6345,-0.2359,0,fast,0.0,,0.0,500,400,1
61.314,1101.0,1237.0,1206.0,1072.0,1.9226,1.2798,1.1966,1.4262,1.353,,CRUISE,按区域分级巡航,,0.6428,-0.2296,0,fast,0.0,,0.0,500,400,1
61.334,1077.0,1219.0,1175.0,1036.0,1.8793,1.2004,1.1141,1.3322,1.2663,,CRUISE,按区域分级巡航,,0.6789,-0.2181,0,fast,0.0,,0.0,500,400,1
61.355,1058.0,1199.0,1147.0,997.0,1.805,1.1647,1.0388,1.2114,1.188,,CRUISE,按区域分级巡航,,0.6403,-0.1726,0,fast,0.0,,0.0,500,400,1
61.375,1030.0,1187.0,1116.0,963.0,1.7461,1.125,0.9709,1.0805,1.1028,,CRUISE,按区域分级巡航,,0.6211,-0.1097,0,fast,0.0,,0.0,500,400,1
61.395,1004.0,1166.0,1074.0,944.0,1.6594,1.1012,0.8956,0.9664,1.0338,,CRUISE,按区域分级巡航,,0.5583,-0.0708,0,fast,0.0,,0.0,500,400,1
61.415,977.0,1146.0,1054.0,904.0,1.5789,1.0595,0.7937,0.9027,0.9811,,CRUISE,按区域分级巡航,,0.5194,-0.109,0,fast,0.0,,0.0,500,400,1
61.435,940.0,1117.0,1032.0,874.0,1.4954,1.0198,0.7451,0.7685,0.8941,,MEDIUM_CRUISE,按区域分级巡航,,0.4755,-0.0233,0,medium,0.0,,0.0,450,400,1
61.455,904.0,1100.0,997.0,845.0,1.3808,0.9623,0.6917,0.6678,0.827,,EDGE_AVOID,灰度趋势变暗，提前避让,rear,0.4185,0.024,0,slow,0.0,,0.0,550,550,1
61.475,857.0,1094.0,958.0,808.0,1.2693,0.9286,0.6068,0.5705,0.7677,,EDGE_AVOID,灰度趋势变暗，提前避让,rear,0.3408,0.0363,0,slow,0.0,,0.0,550,550,1
61.495,813.0,1083.0,925.0,780.0,1.1238,0.9167,0.5121,0.4463,0.7144,,EDGE_AVOID,灰度趋势变暗，提前避让,rear,0.2072,0.0658,0,slow,0.0,,0.0,550,550,1
61.515,813.0,1083.0,925.0,780.0,0.9876,0.8948,0.432,0.3523,0.6634,,EDGE_AVOID,灰度趋势变暗，提前避让,rear,0.0928,0.0797,0,slow,0.0,,0.0,550,550,1
61.536,768.0,1067.0,882.0,743.0,0.9876,0.8948,0.432,0.3523,0.6634,,EDGE_AVOID,灰度趋势变暗，提前避让,rear,0.0928,0.0797,0,slow,0.0,,0.0,550,550,1
61.556,726.0,1047.0,848.0,712.0,0.8483,0.8631,0.3277,0.2282,0.588,,EDGE_AVOID,灰度趋势变暗，提前避让,right,-0.0148,0.0995,0,slow,0.0,left,0.0,400,640,1
61.576,687.0,1030.0,817.0,696.0,0.7183,0.8234,0.2451,0.1242,0.4817,,EDGE_AVOID,灰度趋势变暗，提前避让,right,-0.1051,0.121,0,slow,0.0,left,0.0,400,640,1
61.596,655.0,1018.0,791.0,677.0,0.5975,0.7897,0.1699,0.0705,0.3837,,EDGE_AVOID,灰度趋势变暗，提前避让,front,-0.1922,0.0994,0,slow,0.0,,0.0,-550,-550,1
61.616,626.0,1003.0,764.0,648.0,0.4985,0.7659,0.1068,0.0067,0.3026,,EDGE_AVOID,灰度趋势变暗，提前避让,front,-0.2674,0.1001,1,slow,0.0,,0.0,-550,-550,1
61.636,604.0,992.0,744.0,628.0,0.4087,0.7361,0.0413,-0.0906,0.225,,EDGE_AVOID,灰度趋势变暗，提前避让,front,-0.3274,0.1319,1,slow,0.0,,0.0,-550,-550,1
61.656,585.0,974.0,725.0,618.0,0.3406,0.7143,-0.0073,-0.1577,0.1666,,EDGE_TURN,进入危险区，直接大转 180 度,right,-0.3737,0.1504,1,danger_turn,180.0,left,0.95,-600,600,1
61.676,571.0,960.0,716.0,603.0,0.2817,0.6786,-0.0534,-0.1913,0.1142,,EDGE_TURN,进入危险区，直接大转 180 度,right,-0.3968,0.1379,1,danger_turn,180.0,left,0.95,-600,600,1
61.696,556.0,960.0,701.0,592.0,0.2384,0.6508,-0.0752,-0.2416,0.0816,,EDGE_TURN,进入危险区，直接大转 180 度,right,-0.4124,0.1664,1,danger_turn,180.0,left,0.95,-600,600,1
61.716,542.0,946.0,687.0,582.0,0.192,0.6508,-0.1117,-0.2785,0.0401,,EDGE_TURN,进入危险区，直接大转 180 度,right,-0.4588,0.1669,1,danger_turn,180.0,left,0.95,-600,600,1
61.737,535.0,935.0,677.0,574.0,0.1486,0.623,-0.1456,-0.3121,0.0015,,EDGE_TURN,进入危险区，直接大转 180 度,right,-0.4744,0.1664,1,danger_turn,180.0,left,0.95,-600,600,1
61.757,526.0,934.0,670.0,568.0,0.1269,0.6012,-0.1699,-0.3389,-0.0215,,EDGE_TURN,进入危险区，直接大转 180 度,right,-0.4743,0.169,1,danger_turn,180.0,left,0.95,-600,600,1
61.777,518.0,926.0,656.0,563.0,0.0991,0.5992,-0.1869,-0.3591,-0.0439,,EDGE_TURN,进入危险区，直接大转 180 度,right,-0.5001,0.1722,1,danger_turn,180.0,left,0.95,-600,600,1
61.797,511.0,917.0,651.0,560.0,0.0743,0.5833,-0.2209,-0.3758,-0.0733,,EDGE_TURN,进入危险区，直接大转 180 度,right,-0.509,0.155,1,danger_turn,180.0,left,0.95,-600,600,1
61.817,505.0,913.0,644.0,554.0,0.0526,0.5655,-0.233,-0.3859,-0.0902,,EDGE_TURN,进入危险区，直接大转 180 度,right,-0.5128,0.1529,1,danger_turn,180.0,left,0.95,-600,600,1
61.837,500.0,910.0,635.0,550.0,0.0341,0.5575,-0.25,-0.406,-0.108,,EDGE_TURN,进入危险区，直接大转 180 度,right,-0.5235,0.156,1,danger_turn,180.0,left,0.95,-600,600,1
61.857,494.0,896.0,626.0,544.0,0.0186,0.5516,-0.2718,-0.4195,-0.1266,,EDGE_TURN,进入危险区，直接大转 180 度,right,-0.533,0.1476,1,danger_turn,180.0,left,0.95,-600,600,1
61.877,489.0,896.0,618.0,538.0,0.0,0.5238,-0.2937,-0.4396,-0.1468,,EDGE_TURN,进入危险区，直接大转 180 度,right,-0.5238,0.1459,1,danger_turn,180.0,left,0.95,-600,600,1
61.897,482.0,889.0,610.0,529.0,-0.0155,0.5238,-0.3131,-0.4597,-0.1643,,EDGE_TURN,进入危险区，直接大转 180 度,right,-0.5393,0.1466,1,danger_turn,180.0,left,0.95,-600,600,1
61.918,474.0,872.0,600.0,524.0,-0.0372,0.5099,-0.3325,-0.4899,-0.1848,,EDGE_TURN,进入危险区，直接大转 180 度,right,-0.5471,0.1574,1,danger_turn,180.0,left,0.95,-600,600,1
61.938,474.0,872.0,600.0,524.0,-0.0619,0.4762,-0.3568,-0.5067,-0.2094,,EDGE_TURN,进入危险区，直接大转 180 度,right,-0.5381,0.1499,1,danger_turn,180.0,left,0.95,-600,600,1
61.958,469.0,862.0,591.0,520.0,-0.0619,0.4762,-0.3568,-0.5067,-0.2094,,EDGE_TURN,进入危险区，直接大转 180 度,right,-0.5381,0.1499,1,danger_turn,180.0,left,0.95,-600,600,1
61.978,463.0,848.0,586.0,513.0,-0.0774,0.4563,-0.3786,-0.5201,-0.228,,EDGE_TURN,进入危险区，直接大转 180 度,right,-0.5337,0.1415,1,danger_turn,180.0,left,0.95,-600,600,1
61.998,457.0,845.0,581.0,507.0,-0.096,0.4286,-0.3908,-0.5436,-0.2434,,EDGE_TURN,进入危险区，直接大转 180 度,right,-0.5245,0.1528,1,danger_turn,180.0,left,0.95,-600,600,1
62.018,452.0,836.0,573.0,502.0,-0.1146,0.4226,-0.4029,-0.5638,-0.2587,,EDGE_TURN,进入危险区，直接大转 180 度,right,-0.5372,0.1608,1,danger_turn,180.0,left,0.95,-600,600,1
62.038,443.0,826.0,561.0,494.0,-0.13,0.4048,-0.4223,-0.5805,-0.2762,,EDGE_TURN,进入危险区，直接大转 180 度,right,-0.5348,0.1582,1,danger_turn,180.0,left,0.95,-600,600,1
62.059,439.0,811.0,558.0,488.0,-0.1579,0.3849,-0.4515,-0.6074,-0.3047,,EDGE_TURN,进入危险区，直接大转 180 度,right,-0.5428,0.1559,1,danger_turn,180.0,left,0.95,-600,600,1
62.079,433.0,804.0,547.0,480.0,-0.1703,0.3552,-0.4587,-0.6275,-0.3145,,EDGE_TURN,进入危险区，直接大转 180 度,right,-0.5254,0.1688,1,danger_turn,180.0,left,0.95,-600,600,1
62.099,423.0,774.0,538.0,470.0,-0.1889,0.3413,-0.4854,-0.6544,-0.3371,,EDGE_TURN,进入危险区，直接大转 180 度,right,-0.5301,0.1689,1,danger_turn,180.0,left,0.95,-600,600,1
62.119,412.0,734.0,521.0,457.0,-0.2198,0.2817,-0.5073,-0.6879,-0.3635,,EDGE_TURN,进入危险区，直接大转 180 度,right,-0.5016,0.1806,1,danger_turn,180.0,left,0.95,-600,600,1
62.139,400.0,687.0,507.0,441.0,-0.2539,0.2024,-0.5485,-0.7315,-0.4012,,EDGE_TURN,进入危险区，直接大转 180 度,right,-0.4563,0.183,1,danger_turn,180.0,left,0.95,-600,600,1
62.159,386.0,627.0,493.0,425.0,-0.291,0.1091,-0.5825,-0.7852,-0.4368,,EDGE_TURN,进入危险区，直接大转 180 度,right,-0.4001,0.2027,1,danger_turn,180.0,left,0.95,-600,600,1
62.179,371.0,568.0,483.0,417.0,-0.3344,-0.0099,-0.6165,-0.8389,-0.4754,,EDGE_TURN,进入危险区，直接大转 180 度,right,-0.3244,0.2224,1,danger_turn,180.0,left,0.95,-600,600,1
62.199,353.0,515.0,475.0,408.0,-0.3808,-0.127,-0.6408,-0.8658,-0.5108,,EDGE_TURN,进入危险区，直接大转 180 度,right,-0.2538,0.225,1,danger_turn,180.0,left,0.95,-600,600,1
62.219,335.0,486.0,462.0,374.0,-0.4365,-0.2321,-0.6602,-0.896,-0.5484,,EDGE_TURN,进入危险区，直接大转 180 度,right,-0.2044,0.2358,1,danger_turn,180.0,left,0.95,-600,600,1
62.24,318.0,469.0,439.0,342.0,-0.4923,-0.2897,-0.6917,-1.0101,-0.592,,EDGE_TURN,进入危险区，直接大转 180 度,right,-0.2026,0.3183,1,danger_turn,180.0,left,0.95,-600,600,1
62.26,305.0,466.0,416.0,313.0,-0.5449,-0.3234,-0.7476,-1.1174,-0.6462,,EDGE_TURN,进入危险区，直接大转 180 度,right,-0.2215,0.3699,1,danger_turn,180.0,left,0.95,-600,600,1
62.28,296.0,468.0,393.0,302.0,-0.5851,-0.3254,-0.8034,-1.2148,-0.6943,,EDGE_TURN,进入危险区，直接大转 180 度,right,-0.2597,0.4114,1,danger_turn,180.0,left,0.95,-600,600,1
62.3,289.0,470.0,375.0,301.0,-0.613,-0.3254,-0.8592,-1.2517,-0.7361,,EDGE_TURN,进入危险区，直接大转 180 度,right,-0.2876,0.3925,1,danger_turn,180.0,left,0.95,-600,600,1
62.32,272.0,478.0,364.0,295.0,-0.6347,-0.3214,-0.9029,-1.255,-0.7688,,EDGE_TURN,进入危险区，直接大转 180 度,right,-0.3132,0.3521,1,danger_turn,180.0,left,0.95,-600,600,1
62.34,258.0,475.0,357.0,310.0,-0.6873,-0.3115,-0.9296,-1.255,-0.8085,,EDGE_TURN,进入危险区，直接大转 180 度,right,-0.3758,0.3254,1,danger_turn,180.0,left,0.95,-600,600,1
62.36,249.0,470.0,352.0,320.0,-0.7307,-0.3115,-0.9466,-1.2248,-0.8386,,EDGE_TURN,进入危险区，直接大转 180 度,right,-0.4191,0.2782,1,danger_turn,180.0,left,0.95,-600,600,1
62.381,249.0,470.0,352.0,320.0,-0.7585,-0.3214,-0.9587,-1.1913,-0.8586,,EDGE_TURN,进入危险区，直接大转 180 度,right,-0.4371,0.2325,1,danger_turn,180.0,left,0.95,-600,600,1
62.401,244.0,474.0,351.0,325.0,-0.7585,-0.3214,-0.9587,-1.1913,-0.8586,,EDGE_TURN,进入危险区，直接大转 180 度,right,-0.4371,0.2325,1,danger_turn,180.0,left,0.95,-600,600,1
62.421,243.0,481.0,354.0,339.0,-0.774,-0.3135,-0.9587,-1.1745,-0.8664,,EDGE_TURN,进入危险区，直接大转 180 度,right,-0.4605,0.2158,1,danger_turn,180.0,left,0.95,-600,600,1
62.441,243.0,493.0,358.0,353.0,-0.7771,-0.2996,-0.9539,-1.1275,-0.8655,,EDGE_TURN,进入危险区，直接大转 180 度,right,-0.4775,0.1736,1,danger_turn,180.0,left,0.95,-600,600,1
62.461,249.0,501.0,365.0,363.0,-0.7771,-0.2758,-0.9442,-1.0805,-0.8606,,EDGE_TURN,进入危险区，直接大转 180 度,right,-0.5013,0.1364,1,danger_turn,180.0,left,0.95,-600,600,1
62.481,259.0,517.0,376.0,389.0,-0.7585,-0.2599,-0.9272,-1.047,-0.8428,,EDGE_TURN,进入危险区，直接大转 180 度,right,-0.4986,0.1198,1,danger_turn,180.0,left,0.95,-600,600,1
62.501,274.0,535.0,389.0,417.0,-0.7276,-0.2282,-0.9005,-0.9597,-0.814,,EDGE_TURN,进入危险区，直接大转 180 度,right,-0.4994,0.0592,1,danger_turn,180.0,left,0.95,-600,600,1
62.521,291.0,560.0,402.0,447.0,-0.6811,-0.1925,-0.8689,-0.8658,-0.7734,,EDGE_TURN,进入危险区，直接大转 180 度,right,-0.4887,-0.0032,1,danger_turn,180.0,left,0.95,-600,600,1
62.541,313.0,574.0,417.0,482.0,-0.6285,-0.1429,-0.8374,-0.7651,-0.6968,,EDGE_TURN,进入危险区，直接大转 180 度,right,-0.4856,-0.0723,1,danger_turn,180.0,left,0.95,-600,600,1
62.561,333.0,587.0,440.0,500.0,-0.5604,-0.1151,-0.801,-0.6477,-0.604,,EDGE_TURN,进入危险区，直接大转 180 度,right,-0.4453,-0.1533,1,danger_turn,180.0,left,0.95,-600,600,1
62.582,353.0,606.0,462.0,500.0,-0.4985,-0.0893,-0.7451,-0.5872,-0.5429,,EDGE_TURN,进入危险区，直接大转 180 度,right,-0.4092,-0.1579,1,danger_turn,180.0,left,0.95,-600,600,1
62.602,361.0,601.0,475.0,492.0,-0.4365,-0.0615,-0.6917,-0.5872,-0.5119,,EDGE_TURN,进入危险区，直接大转 180 度,right,-0.375,-0.1045,1,danger_turn,180.0,left,0.95,-600,600,1
62.622,368.0,590.0,480.0,499.0,-0.4118,-0.0615,-0.6602,-0.5906,-0.5012,,RECOVER_FORWARD,180 度转向完成，向前离开边缘,right,-0.3503,-0.0696,1,danger,0.0,,0.0,550,550,1
62.642,373.0,591.0,483.0,504.0,-0.3901,-0.0813,-0.6481,-0.5906,-0.4903,,RECOVER_FORWARD,180 度转向完成，向前离开边缘,right,-0.3087,-0.0575,1,danger,0.0,,0.0,550,550,1
62.662,380.0,608.0,489.0,511.0,-0.3746,-0.0813,-0.6408,-0.5738,-0.4742,,RECOVER_FORWARD,180 度转向完成，向前离开边缘,right,-0.2933,-0.067,1,danger,0.0,,0.0,550,550,1
62.682,389.0,621.0,504.0,524.0,-0.3529,-0.0476,-0.6262,-0.5503,-0.4516,,RECOVER_FORWARD,180 度转向完成，向前离开边缘,right,-0.3053,-0.0759,1,danger,0.0,,0.0,550,550,1
62.702,398.0,633.0,510.0,537.0,-0.3251,-0.0218,-0.5898,-0.5067,-0.4159,,RECOVER_FORWARD,180 度转向完成，向前离开边缘,right,-0.3033,-0.0831,1,danger,0.0,,0.0,550,550,1
62.722,410.0,644.0,523.0,557.0,-0.2972,0.002,-0.5752,-0.4631,-0.3802,,RECOVER_FORWARD,180 度转向完成，向前离开边缘,right,-0.2992,-0.1122,1,danger,0.0,,0.0,550,550,1
62.742,426.0,648.0,548.0,579.0,-0.2601,0.0238,-0.5437,-0.396,-0.328,,RECOVER_FORWARD,180 度转向完成，向前离开边缘,right,-0.2839,-0.1477,1,danger,0.0,,0.0,550,550,1
62.763,437.0,647.0,569.0,595.0,-0.2105,0.0298,-0.483,-0.3221,-0.2663,,RECOVER_FORWARD,180 度转向完成，向前离开边缘,right,-0.2403,-0.1609,1,danger,0.0,,0.0,550,550,1
62.783,437.0,647.0,569.0,595.0,-0.1765,0.0298,-0.432,-0.2685,-0.2225,,RECOVER_FORWARD,180 度转向完成，向前离开边缘,right,-0.2062,-0.1636,1,danger,0.0,,0.0,550,550,1
62.803,447.0,663.0,590.0,604.0,-0.1765,0.0298,-0.432,-0.2685,-0.2225,,RECOVER_FORWARD,180 度转向完成，向前离开边缘,right,-0.2062,-0.1636,1,danger,0.0,,0.0,550,550,1
62.823,457.0,685.0,614.0,630.0,-0.1455,0.0615,-0.3811,-0.2383,-0.1919,,RECOVER_FORWARD,180 度转向完成，向前离开边缘,right,-0.207,-0.1428,1,danger,0.0,,0.0,550,550,1
62.843,471.0,705.0,630.0,656.0,-0.1146,0.1052,-0.3228,-0.151,-0.1328,,RECOVER_FORWARD,180 度转向完成，向前离开边缘,right,-0.2197,-0.1718,1,danger,0.0,,0.0,550,550,1
62.863,495.0,723.0,651.0,680.0,-0.0712,0.1448,-0.284,-0.0638,-0.0675,,RECOVER_FORWARD,180 度转向完成，向前离开边缘,right,-0.216,-0.2202,1,danger,0.0,,0.0,550,550,1
62.883,522.0,745.0,676.0,717.0,0.0031,0.1806,-0.233,0.0168,0.0099,,RECOVER_FORWARD,180 度转向完成，向前离开边缘,right,-0.1775,-0.2498,1,danger,0.0,,0.0,550,550,1
62.904,553.0,777.0,716.0,768.0,0.0867,0.2242,-0.1723,0.1409,0.1138,,RECOVER_FORWARD,180 度转向完成，向前离开边缘,right,-0.1375,-0.3133,1,danger,0.0,,0.0,550,550,1
62.924,591.0,838.0,771.0,833.0,0.1827,0.2877,-0.0752,0.3121,0.2352,,RECOVER_FORWARD,180 度转向完成，向前离开边缘,right,-0.105,-0.3873,1,danger,0.0,,0.0,550,550,1
62.944,630.0,931.0,846.0,906.0,0.3003,0.4087,0.0583,0.5302,0.3545,,RECOVER_FORWARD,180 度转向完成，向前离开边缘,right,-0.1084,-0.4719,0,danger,0.0,,0.0,550,550,1
62.964,642.0,941.0,881.0,908.0,0.4211,0.5933,0.2403,0.7752,0.5072,,RECOVER_FORWARD,180 度转向完成，向前离开边缘,right,-0.1722,-0.5349,0,danger,0.0,,0.0,550,550,1
62.984,646.0,943.0,886.0,922.0,0.4582,0.6131,0.3252,0.7819,0.5356,,RECOVER_FORWARD,180 度转向完成，向前离开边缘,right,-0.1549,-0.4566,0,danger,0.0,,0.0,550,550,1
63.004,648.0,953.0,892.0,923.0,0.4706,0.6171,0.3374,0.8289,0.5438,,RECOVER_FORWARD,180 度转向完成，向前离开边缘,right,-0.1465,-0.4915,0,danger,0.0,,0.0,550,550,1
63.024,649.0,957.0,900.0,924.0,0.4768,0.6369,0.3519,0.8322,0.5568,,RECOVER_FORWARD,180 度转向完成，向前离开边缘,right,-0.1601,-0.4803,0,danger,0.0,,0.0,550,550,1
63.044,656.0,960.0,907.0,926.0,0.4799,0.6448,0.3714,0.8356,0.5624,,RECOVER_FORWARD,180 度转向完成，向前离开边缘,right,-0.165,-0.4642,0,danger,0.0,,0.0,550,550,1
63.064,658.0,957.0,910.0,926.0,0.5015,0.6448,0.3883,0.8423,0.5732,,RECOVER_FORWARD,180 度转向完成，向前离开边缘,right,-0.1433,-0.4539,0,danger,0.0,,0.0,550,550,1
63.085,656.0,956.0,913.0,924.0,0.5015,0.6448,0.3956,0.8423,0.5732,,RECOVER_FORWARD,180 度转向完成，向前离开边缘,right,-0.1433,-0.4467,0,danger,0.0,,0.0,550,550,1
63.105,656.0,954.0,921.0,925.0,0.5015,0.6429,0.4029,0.8389,0.5722,,RECOVER_FORWARD,180 度转向完成，向前离开边缘,right,-0.1413,-0.436,0,danger,0.0,,0.0,550,550,1
63.125,654.0,958.0,928.0,929.0,0.5015,0.6429,0.4223,0.8389,0.5722,,RECOVER_FORWARD,180 度转向完成，向前离开边缘,right,-0.1413,-0.4166,0,danger,0.0,,0.0,550,550,1
63.145,654.0,962.0,940.0,931.0,0.4954,0.6468,0.4393,0.8523,0.5711,,RECOVER_FORWARD,180 度转向完成，向前离开边缘,right,-0.1515,-0.413,0,danger,0.0,,0.0,550,550,1
63.165,651.0,965.0,934.0,943.0,0.4954,0.6548,0.4539,0.8591,0.5751,,RECOVER_FORWARD,180 度转向完成，向前离开边缘,right,-0.1594,-0.4052,0,danger,0.0,,0.0,550,550,1
63.185,649.0,970.0,930.0,946.0,0.4861,0.6607,0.4539,0.8993,0.5734,,RECOVER_FORWARD,180 度转向完成，向前离开边缘,right,-0.1746,-0.4454,0,danger,0.0,,0.0,550,550,1
63.205,649.0,970.0,930.0,946.0,0.4799,0.6706,0.4442,0.9094,0.5753,,RECOVER_FORWARD,180 度转向完成，向前离开边缘,right,-0.1908,-0.4652,0,danger,0.0,,0.0,550,550,1
63.225,652.0,974.0,938.0,917.0,0.4799,0.6706,0.4442,0.9094,0.5753,,RECOVER_FORWARD,180 度转向完成，向前离开边缘,right,-0.1908,-0.4652,0,danger,0.0,,0.0,550,550,1
63.245,655.0,973.0,941.0,914.0,0.4892,0.6766,0.4636,0.8121,0.5829,,RECOVER_FORWARD,180 度转向完成，向前离开边缘,right,-0.1874,-0.3485,0,danger,0.0,,0.0,550,550,1
63.265,657.0,981.0,951.0,936.0,0.4985,0.6786,0.4709,0.8121,0.5885,,RECOVER_FORWARD,180 度转向完成，向前离开边缘,right,-0.1801,-0.3412,0,danger,0.0,,0.0,550,550,1
63.286,661.0,981.0,961.0,924.0,0.5046,0.6925,0.4951,0.8356,0.5986,,RECOVER_FORWARD,180 度转向完成，向前离开边缘,right,-0.1878,-0.3404,0,danger,0.0,,0.0,550,550,1
63.306,658.0,973.0,964.0,927.0,0.5077,0.6925,0.5194,0.8456,0.6059,,RECOVER_FORWARD,180 度转向完成，向前离开边缘,right,-0.1847,-0.3262,0,danger,0.0,,0.0,550,550,1
63.326,652.0,965.0,952.0,936.0,0.5077,0.6766,0.5194,0.8456,0.598,,RECOVER_FORWARD,180 度转向完成，向前离开边缘,right,-0.1688,-0.3262,0,danger,0.0,,0.0,550,550,1
63.346,652.0,956.0,921.0,923.0,0.4892,0.6607,0.4976,0.8456,0.5791,,RECOVER_FORWARD,180 度转向完成，向前离开边缘,right,-0.1716,-0.3481,0,danger,0.0,,0.0,550,550,1
63.366,654.0,948.0,936.0,904.0,0.4892,0.6429,0.4587,0.8322,0.566,,RECOVER_FORWARD,180 度转向完成，向前离开边缘,right,-0.1537,-0.3735,0,danger,0.0,,0.0,550,550,1
63.386,658.0,954.0,943.0,902.0,0.4954,0.6389,0.4587,0.7685,0.5671,,RECOVER_FORWARD,180 度转向完成，向前离开边缘,right,-0.1435,-0.3097,0,danger,0.0,,0.0,550,550,1
63.406,654.0,957.0,938.0,899.0,0.4954,0.6389,0.4636,0.7617,0.5671,,RECOVER_FORWARD,180 度转向完成，向前离开边缘,right,-0.1435,-0.2982,0,danger,0.0,,0.0,550,550,1
63.426,648.0,966.0,927.0,896.0,0.4954,0.6448,0.4636,0.7517,0.5701,,RECOVER_FORWARD,180 度转向完成，向前离开边缘,right,-0.1495,-0.2881,0,danger,0.0,,0.0,550,550,1
63.447,651.0,967.0,921.0,890.0,0.4861,0.6627,0.4369,0.7416,0.5744,,RECOVER_FORWARD,180 度转向完成，向前离开边缘,right,-0.1766,-0.3047,0,danger,0.0,,0.0,550,550,1
63.467,658.0,966.0,921.0,900.0,0.4861,0.6627,0.4223,0.7416,0.5744,,RECOVER_FORWARD,180 度转向完成，向前离开边缘,right,-0.1766,-0.3193,0,danger,0.0,,0.0,550,550,1
63.487,654.0,963.0,917.0,897.0,0.4954,0.6627,0.4223,0.745,0.579,,RECOVER_FORWARD,180 度转向完成，向前离开边缘,right,-0.1673,-0.3226,0,danger,0.0,,0.0,550,550,1
63.507,648.0,964.0,909.0,905.0,0.4954,0.6587,0.4126,0.755,0.577,,RECOVER_FORWARD,180 度转向完成，向前离开边缘,right,-0.1634,-0.3424,0,danger,0.0,,0.0,550,550,1
63.527,647.0,959.0,903.0,906.0,0.4768,0.6567,0.3932,0.7718,0.5668,,RECOVER_FORWARD,180 度转向完成，向前离开边缘,right,-0.18,-0.3786,0,danger,0.0,,0.0,550,550,1
63.547,645.0,956.0,900.0,912.0,0.4737,0.6488,0.3786,0.7752,0.5612,,RECOVER_FORWARD,180 度转向完成，向前离开边缘,right,-0.1751,-0.3965,0,danger,0.0,,0.0,550,550,1
63.567,644.0,948.0,896.0,913.0,0.4675,0.6429,0.3714,0.7953,0.5552,,RECOVER_FORWARD,180 度转向完成，向前离开边缘,right,-0.1754,-0.4239,0,danger,0.0,,0.0,550,550,1
63.587,645.0,937.0,891.0,921.0,0.4675,0.627,0.3617,0.7987,0.5472,,RECOVER_FORWARD,180 度转向完成，向前离开边缘,right,-0.1595,-0.437,0,danger,0.0,,0.0,550,550,1
63.607,644.0,937.0,885.0,918.0,0.4644,0.6052,0.3495,0.8154,0.5348,,RECOVER_FORWARD,180 度转向完成，向前离开边缘,right,-0.1408,-0.4659,0,danger,0.0,,0.0,550,550,1
63.627,647.0,944.0,884.0,917.0,0.4675,0.6052,0.335,0.8154,0.5363,,RECOVER_FORWARD,180 度转向完成，向前离开边缘,right,-0.1377,-0.4805,0,danger,0.0,,0.0,550,550,1
63.648,646.0,956.0,884.0,917.0,0.4706,0.619,0.3325,0.8121,0.5448,,RECOVER_FORWARD,180 度转向完成，向前离开边缘,right,-0.1485,-0.4796,0,danger,0.0,,0.0,550,550,1
63.668,647.0,962.0,886.0,917.0,0.4737,0.6429,0.3325,0.8121,0.5583,,RECOVER_FORWARD,180 度转向完成，向前离开边缘,right,-0.1692,-0.4796,0,danger,0.0,,0.0,550,550,1
63.688,647.0,962.0,886.0,917.0,0.4737,0.6548,0.3374,0.8121,0.5642,,RECOVER_FORWARD,180 度转向完成，向前离开边缘,right,-0.1811,-0.4747,0,danger,0.0,,0.0,550,550,1
63.708,647.0,966.0,893.0,915.0,0.4737,0.6548,0.3374,0.8121,0.5642,,RECOVER_FORWARD,180 度转向完成，向前离开边缘,right,-0.1811,-0.4747,0,danger,0.0,,0.0,550,550,1
63.728,645.0,962.0,897.0,910.0,0.4737,0.6548,0.3544,0.8054,0.5642,,RECOVER_FORWARD,180 度转向完成，向前离开边缘,right,-0.1811,-0.451,0,danger,0.0,,0.0,550,550,1
63.748,644.0,958.0,900.0,904.0,0.4675,0.6548,0.3641,0.7886,0.5611,,RECOVER_FORWARD,180 度转向完成，向前离开边缘,right,-0.1873,-0.4245,0,danger,0.0,,0.0,550,550,1
63.768,644.0,949.0,900.0,898.0,0.4644,0.6468,0.3714,0.7685,0.5556,,RECOVER_FORWARD,180 度转向完成，向前离开边缘,right,-0.1824,-0.3971,0,danger,0.0,,0.0,550,550,1
63.788,651.0,951.0,905.0,898.0,0.4644,0.6329,0.3714,0.7483,0.5487,,RECOVER_FORWARD,180 度转向完成，向前离开边缘,right,-0.1685,-0.377,0,danger,0.0,,0.0,550,550,1
63.808,661.0,948.0,900.0,907.0,0.4861,0.629,0.3714,0.7483,0.5575,,RECOVER_FORWARD,180 度转向完成，向前离开边缘,right,-0.1429,-0.377,0,danger,0.0,,0.0,550,550,1
63.829,666.0,950.0,901.0,908.0,0.517,0.631,0.3738,0.7785,0.574,,RECOVER_FORWARD,180 度转向完成，向前离开边缘,right,-0.1139,-0.4047,0,danger,0.0,,0.0,550,550,1
63.849,674.0,959.0,912.0,911.0,0.5325,0.631,0.3738,0.7819,0.5817,,RECOVER_FORWARD,180 度转向完成，向前离开边缘,right,-0.0984,-0.4081,0,danger,0.0,,0.0,550,550,1
63.869,676.0,955.0,916.0,904.0,0.5573,0.6409,0.4005,0.7819,0.5991,,RECOVER_FORWARD,180 度转向完成，向前离开边缘,right,-0.0836,-0.3814,0,danger,0.0,,0.0,550,550,1
63.889,682.0,952.0,927.0,914.0,0.5635,0.6409,0.4102,0.7919,0.6022,,RECOVER_FORWARD,180 度转向完成，向前离开边缘,right,-0.0774,-0.3818,0,danger,0.0,,0.0,550,550,1
63.909,687.0,957.0,928.0,917.0,0.582,0.6409,0.4369,0.802,0.6115,,RECOVER_FORWARD,180 度转向完成，向前离开边缘,right,-0.0588,-0.3651,0,danger,0.0,,0.0,550,550,1
63.929,678.0,967.0,934.0,915.0,0.582,0.6448,0.4393,0.8054,0.6134,,RECOVER_FORWARD,180 度转向完成，向前离开边缘,right,-0.0628,-0.366,0,danger,0.0,,0.0,550,550,1
63.949,664.0,976.0,940.0,917.0,0.5697,0.6647,0.4539,0.8121,0.6172,,RECOVER_FORWARD,180 度转向完成，向前离开边缘,right,-0.095,-0.3582,0,danger,0.0,,0.0,550,550,1
63.969,660.0,985.0,948.0,914.0,0.5263,0.6825,0.4684,0.8054,0.6044,,RECOVER_FORWARD,180 度转向完成，向前离开边缘,right,-0.1562,-0.3369,0,danger,0.0,,0.0,550,550,1
63.989,663.0,977.0,952.0,916.0,0.5232,0.6845,0.4879,0.8087,0.6039,,RECOVER_FORWARD,180 度转向完成，向前离开边缘,right,-0.1613,-0.3209,0,danger,0.0,,0.0,550,550,1
64.009,670.0,963.0,960.0,917.0,0.5232,0.6845,0.4976,0.8087,0.6039,,RECOVER_FORWARD,180 度转向完成，向前离开边缘,right,-0.1613,-0.3112,0,danger,0.0,,0.0,550,550,1
64.029,681.0,957.0,972.0,922.0,0.5449,0.6567,0.517,0.8121,0.6008,,RECOVER_FORWARD,180 度转向完成，向前离开边缘,right,-0.1119,-0.2951,0,danger,0.0,,0.0,550,550,1
64.049,690.0,948.0,983.0,922.0,0.5789,0.6448,0.5461,0.8289,0.6119,,RECOVER_FORWARD,180 度转向完成，向前离开边缘,right,-0.0659,-0.2827,0,danger,0.0,,0.0,550,550,1
64.07,692.0,938.0,994.0,916.0,0.6068,0.627,0.5728,0.8289,0.6169,,RECOVER_FORWARD,180 度转向完成，向前离开边缘,right,-0.0202,-0.256,0,danger,0.0,,0.0,550,550,1
64.09,691.0,939.0,1007.0,908.0,0.6099,0.6091,0.5995,0.8087,0.6095,,RECOVER_FORWARD,180 度转向完成，向前离开边缘,right,0.0008,-0.2092,0,danger,0.0,,0.0,550,550,1
64.11,685.0,942.0,1017.0,905.0,0.6099,0.6091,0.6311,0.7819,0.6205,,RECOVER_FORWARD,180 度转向完成，向前离开边缘,right,0.0008,-0.1508,0,danger,0.0,,0.0,550,550,1
64.13,676.0,950.0,1028.0,908.0,0.5913,0.6151,0.6553,0.7819,0.6352,,RECOVER_FORWARD,方向有效，继续低速脱离,right,-0.0237,-0.1265,0,danger,0.0,,0.0,550,550,1
64.15,668.0,955.0,1037.0,909.0,0.5635,0.631,0.682,0.7819,0.6565,,RECOVER_FORWARD,方向有效，继续低速脱离,right,-0.0675,-0.0998,0,danger,0.0,,0.0,550,550,1
64.17,664.0,960.0,1048.0,905.0,0.5387,0.6409,0.7039,0.7819,0.6724,,RECOVER_FORWARD,方向有效，继续低速脱离,right,-0.1022,-0.078,0,danger,0.0,,0.0,550,550,1
64.19,661.0,959.0,1058.0,902.0,0.5263,0.6488,0.7306,0.7718,0.6897,,RECOVER_FORWARD,方向有效，继续低速脱离,right,-0.1225,-0.0412,0,danger,0.0,,0.0,550,550,1
64.21,661.0,968.0,1075.0,906.0,0.517,0.6508,0.7549,0.7718,0.7028,,RECOVER_FORWARD,方向有效，继续低速脱离,right,-0.1338,-0.017,0,danger,0.0,,0.0,550,550,1
64.23,660.0,977.0,1093.0,912.0,0.517,0.6667,0.7961,0.7752,0.7209,,RECOVER_FORWARD,方向有效，继续低速脱离,right,-0.1496,0.0209,0,danger,0.0,,0.0,550,550,1
64.25,662.0,980.0,1110.0,908.0,0.517,0.6845,0.8398,0.7819,0.7332,,RECOVER_FORWARD,方向有效，继续低速脱离,right,-0.1675,0.0579,0,danger,0.0,,0.0,550,550,1
64.27,666.0,983.0,1128.0,905.0,0.5201,0.6905,0.8811,0.7819,0.7362,,RECOVER_FORWARD,方向有效，继续低速脱离,right,-0.1704,0.0992,0,danger,0.0,,0.0,550,550,1
64.291,669.0,988.0,1146.0,901.0,0.5325,0.6964,0.9248,0.7718,0.7341,,RECOVER_FORWARD,方向有效，继续低速脱离,right,-0.1639,0.1529,0,danger,0.0,,0.0,550,550,1
64.311,672.0,989.0,1161.0,899.0,0.5418,0.7063,0.9684,0.7584,0.7324,,RECOVER_FORWARD,方向有效，继续低速脱离,right,-0.1646,0.2101,0,danger,0.0,,0.0,550,550,1
64.331,672.0,989.0,1161.0,899.0,0.5511,0.7083,1.0049,0.7517,0.73,,RECOVER_FORWARD,方向有效，继续低速脱离,right,-0.1572,0.2532,0,danger,0.0,,0.0,550,550,1
64.351,672.0,990.0,1174.0,902.0,0.5511,0.7083,1.0049,0.7517,0.73,,RECOVER_FORWARD,方向有效，继续低速脱离,right,-0.1572,0.2532,0,danger,0.0,,0.0,550,550,1
64.371,670.0,989.0,1182.0,902.0,0.5511,0.7083,1.0364,0.7617,0.735,,RECOVER_FORWARD,方向有效，继续低速脱离,right,-0.1572,0.2747,0,danger,0.0,,0.0,550,550,1
64.391,670.0,992.0,1193.0,908.0,0.5449,0.7103,1.0558,0.7617,0.736,,RECOVER_FORWARD,方向有效，继续低速脱离,right,-0.1654,0.2941,0,danger,0.0,,0.0,550,550,1
64.411,667.0,993.0,1199.0,910.0,0.5449,0.7143,1.0825,0.7819,0.7481,,RECOVER_FORWARD,方向有效，继续低速脱离,right,-0.1694,0.3006,0,danger,0.0,,0.0,550,550,1
64.431,666.0,994.0,1201.0,909.0,0.5356,0.7163,1.0971,0.7852,0.7508,,RECOVER_FORWARD,方向有效，继续低速脱离,right,-0.1807,0.3119,0,danger,0.0,,0.0,550,550,1
64.451,664.0,992.0,1204.0,909.0,0.5325,0.7163,1.1019,0.7852,0.7508,,RECOVER_FORWARD,方向有效，继续低速脱离,right,-0.1838,0.3167,0,danger,0.0,,0.0,550,550,1
64.472,665.0,993.0,1206.0,908.0,0.5294,0.7163,1.1092,0.7852,0.7508,,RECOVER_FORWARD,方向有效，继续低速脱离,right,-0.1869,0.324,0,danger,0.0,,0.0,550,550,1
64.492,667.0,996.0,1210.0,909.0,0.5294,0.7163,1.1141,0.7852,0.7508,,RECOVER_FORWARD,方向有效，继续低速脱离,right,-0.1869,0.3288,0,danger,0.0,,0.0,550,550,1
64.512,666.0,995.0,1209.0,910.0,0.5325,0.7202,1.1214,0.7852,0.7527,,RECOVER_FORWARD,方向有效，继续低速脱离,right,-0.1877,0.3361,0,danger,0.0,,0.0,550,550,1
64.532,666.0,994.0,1209.0,908.0,0.5325,0.7202,1.1214,0.7852,0.7527,,RECOVER_FORWARD,方向有效，继续低速脱离,right,-0.1877,0.3361,0,danger,0.0,,0.0,550,550,1
64.552,666.0,995.0,1210.0,909.0,0.5325,0.7202,1.1214,0.7852,0.7527,,RECOVER_FORWARD,方向有效，继续低速脱离,right,-0.1877,0.3361,0,danger,0.0,,0.0,550,550,1
64.572,666.0,995.0,1211.0,909.0,0.5325,0.7202,1.1238,0.7852,0.7527,,RECOVER_FORWARD,方向有效，继续低速脱离,right,-0.1877,0.3386,0,danger,0.0,,0.0,550,550,1
64.592,667.0,996.0,1211.0,911.0,0.5325,0.7202,1.1262,0.7852,0.7527,,RECOVER_FORWARD,方向有效，继续低速脱离,right,-0.1877,0.341,0,danger,0.0,,0.0,550,550,1
64.612,666.0,996.0,1211.0,910.0,0.5325,0.7222,1.1262,0.7886,0.7554,,RECOVER_FORWARD,方向有效，继续低速脱离,right,-0.1897,0.3376,0,danger,0.0,,0.0,550,550,1
64.632,665.0,995.0,1210.0,910.0,0.5325,0.7222,1.1262,0.7886,0.7554,,RECOVER_FORWARD,方向有效，继续低速脱离,right,-0.1897,0.3376,0,danger,0.0,,0.0,550,550,1
64.652,664.0,996.0,1212.0,909.0,0.5294,0.7222,1.1262,0.7886,0.7554,,RECOVER_FORWARD,方向有效，继续低速脱离,right,-0.1928,0.3376,0,danger,0.0,,0.0,550,550,1
64.673,664.0,995.0,1210.0,911.0,0.5263,0.7202,1.1238,0.7886,0.7544,,RECOVER_FORWARD,方向有效，继续低速脱离,right,-0.1939,0.3352,0,danger,0.0,,0.0,550,550,1
64.693,662.0,995.0,1206.0,909.0,0.5263,0.7202,1.1238,0.7852,0.7527,,RECOVER_FORWARD,方向有效，继续低速脱离,right,-0.1939,0.3386,0,danger,0.0,,0.0,550,550,1
64.713,662.0,996.0,1206.0,910.0,0.5201,0.7202,1.1141,0.7886,0.7544,,RECOVER_FORWARD,方向有效，继续低速脱离,right,-0.2001,0.3255,0,danger,0.0,,0.0,550,550,1
64.733,660.0,997.0,1208.0,910.0,0.5201,0.7222,1.1141,0.7886,0.7554,,RECOVER_FORWARD,方向有效，继续低速脱离,right,-0.2021,0.3255,0,danger,0.0,,0.0,550,550,1
64.753,659.0,1000.0,1210.0,912.0,0.5139,0.7242,1.1189,0.7886,0.7564,,RECOVER_FORWARD,方向有效，继续低速脱离,right,-0.2103,0.3303,0,danger,0.0,,0.0,550,550,1
64.773,659.0,1000.0,1210.0,912.0,0.5108,0.7302,1.1238,0.7953,0.7627,,RECOVER_FORWARD,方向有效，继续低速脱离,right,-0.2193,0.3285,0,danger,0.0,,0.0,550,550,1
64.793,657.0,1000.0,1210.0,911.0,0.5108,0.7302,1.1238,0.7953,0.7627,,RECOVER_FORWARD,方向有效，继续低速脱离,right,-0.2193,0.3285,0,danger,0.0,,0.0,550,550,1
64.813,657.0,1003.0,1214.0,912.0,0.5046,0.7302,1.1238,0.7953,0.7627,,RECOVER_FORWARD,方向有效，继续低速脱离,right,-0.2255,0.3285,0,danger,0.0,,0.0,550,550,1
64.833,656.0,1005.0,1216.0,913.0,0.5046,0.7361,1.1335,0.7953,0.7657,,RECOVER_FORWARD,方向有效，继续低速脱离,right,-0.2315,0.3382,0,danger,0.0,,0.0,550,550,1
64.854,656.0,1007.0,1220.0,913.0,0.5015,0.7401,1.1383,0.7987,0.7694,,RECOVER_FORWARD,方向有效，继续低速脱离,right,-0.2385,0.3397,0,danger,0.0,,0.0,550,550,1
64.874,654.0,1006.0,1221.0,913.0,0.5015,0.7421,1.1481,0.7987,0.7704,,RECOVER_FORWARD,方向有效，继续低速脱离,right,-0.2405,0.3494,0,danger,0.0,,0.0,550,550,1
64.894,653.0,1009.0,1224.0,916.0,0.4954,0.744,1.1505,0.7987,0.7714,,RECOVER_FORWARD,方向有效，继续低速脱离,right,-0.2487,0.3518,0,danger,0.0,,0.0,550,550,1
64.914,651.0,1007.0,1225.0,916.0,0.4923,0.744,1.1578,0.8087,0.7764,,RECOVER_FORWARD,方向有效，继续低速脱离,right,-0.2518,0.349,0,danger,0.0,,0.0,550,550,1
64.934,648.0,1006.0,1225.0,916.0,0.4861,0.744,1.1602,0.8087,0.7764,,RECOVER_FORWARD,方向有效，继续低速脱离,right,-0.258,0.3515,0,danger,0.0,,0.0,550,550,1
64.954,646.0,1006.0,1222.0,917.0,0.4768,0.7421,1.1602,0.8087,0.7754,,RECOVER_FORWARD,方向有效，继续低速脱离,right,-0.2653,0.3515,0,danger,0.0,,0.0,550,550,1
64.974,645.0,1007.0,1224.0,920.0,0.4706,0.7421,1.1578,0.8121,0.7771,,RECOVER_FORWARD,方向有效，继续低速脱离,right,-0.2715,0.3457,0,danger,0.0,,0.0,550,550,1
64.994,644.0,1005.0,1223.0,919.0,0.4675,0.7421,1.1553,0.8188,0.7804,,RECOVER_FORWARD,方向有效，继续低速脱离,right,-0.2746,0.3365,0,danger,0.0,,0.0,550,550,1
65.015,642.0,1005.0,1223.0,918.0,0.4644,0.7401,1.1553,0.8188,0.7794,,RECOVER_FORWARD,方向有效，继续低速脱离,right,-0.2757,0.3365,0,danger,0.0,,0.0,550,550,1
65.035,641.0,1005.0,1221.0,916.0,0.4582,0.7401,1.1553,0.8154,0.7778,,RECOVER_FORWARD,方向有效，继续低速脱离,right,-0.2819,0.3399,0,danger,0.0,,0.0,550,550,1
65.055,640.0,1004.0,1221.0,914.0,0.4551,0.7401,1.1505,0.8087,0.7744,,RECOVER_FORWARD,方向有效，继续低速脱离,right,-0.285,0.3418,0,danger,0.0,,0.0,550,550,1
65.075,640.0,1005.0,1221.0,914.0,0.452,0.7401,1.1505,0.802,0.771,,RECOVER_FORWARD,方向有效，继续低速脱离,right,-0.2881,0.3485,0,danger,0.0,,0.0,550,550,1
65.095,640.0,1005.0,1222.0,913.0,0.452,0.7401,1.1505,0.802,0.771,,RECOVER_FORWARD,方向有效，继续低速脱离,right,-0.2881,0.3485,0,danger,0.0,,0.0,550,550,1
65.115,641.0,1007.0,1223.0,914.0,0.452,0.7401,1.1529,0.802,0.771,,RECOVER_FORWARD,方向有效，继续低速脱离,right,-0.2881,0.3509,0,danger,0.0,,0.0,550,550,1
65.135,641.0,1007.0,1224.0,914.0,0.4551,0.744,1.1553,0.802,0.773,,RECOVER_FORWARD,方向有效，继续低速脱离,right,-0.2889,0.3533,0,danger,0.0,,0.0,550,550,1
65.155,642.0,1008.0,1224.0,914.0,0.4551,0.744,1.1578,0.802,0.773,,RECOVER_FORWARD,方向有效，继续低速脱离,right,-0.2889,0.3558,0,danger,0.0,,0.0,550,550,1
65.175,642.0,1008.0,1224.0,914.0,0.4582,0.746,1.1578,0.802,0.774,,RECOVER_FORWARD,方向有效，继续低速脱离,right,-0.2878,0.3558,0,danger,0.0,,0.0,550,550,1
65.196,642.0,1006.0,1224.0,914.0,0.4582,0.746,1.1578,0.802,0.774,,RECOVER_FORWARD,方向有效，继续低速脱离,right,-0.2878,0.3558,0,danger,0.0,,0.0,550,550,1
65.216,643.0,1008.0,1225.0,913.0,0.4582,0.746,1.1578,0.802,0.774,,RECOVER_FORWARD,方向有效，继续低速脱离,right,-0.2878,0.3558,0,danger,0.0,,0.0,550,550,1
65.236,643.0,1008.0,1224.0,914.0,0.4613,0.746,1.1578,0.802,0.774,,RECOVER_FORWARD,方向有效，继续低速脱离,right,-0.2847,0.3558,0,danger,0.0,,0.0,550,550,1
65.256,643.0,1008.0,1226.0,914.0,0.4613,0.746,1.1602,0.802,0.774,,RECOVER_FORWARD,方向有效，继续低速脱离,right,-0.2847,0.3582,0,danger,0.0,,0.0,550,550,1
65.276,644.0,1009.0,1227.0,914.0,0.4613,0.746,1.1626,0.802,0.774,,RECOVER_FORWARD,方向有效，继续低速脱离,right,-0.2847,0.3606,0,danger,0.0,,0.0,550,550,1
65.296,643.0,1005.0,1225.0,913.0,0.4613,0.746,1.1626,0.802,0.774,,RECOVER_FORWARD,方向有效，继续低速脱离,right,-0.2847,0.3606,0,danger,0.0,,0.0,550,550,1
65.316,644.0,1008.0,1226.0,913.0,0.4644,0.746,1.1626,0.7987,0.7723,,RECOVER_FORWARD,方向有效，继续低速脱离,right,-0.2816,0.364,0,danger,0.0,,0.0,550,550,1
65.336,645.0,1009.0,1228.0,913.0,0.4644,0.746,1.1626,0.7987,0.7723,,RECOVER_FORWARD,方向有效，继续低速脱离,right,-0.2816,0.364,0,danger,0.0,,0.0,550,550,1
65.356,646.0,1010.0,1229.0,914.0,0.4675,0.748,1.1675,0.7987,0.7733,,RECOVER_FORWARD,方向有效，继续低速脱离,right,-0.2805,0.3688,0,danger,0.0,,0.0,550,550,1
65.377,646.0,1012.0,1228.0,916.0,0.4706,0.75,1.1675,0.802,0.776,,RECOVER_FORWARD,方向有效，继续低速脱离,right,-0.2794,0.3655,0,danger,0.0,,0.0,550,550,1
65.397,645.0,1013.0,1226.0,917.0,0.4706,0.754,1.1675,0.8087,0.7813,,RECOVER_FORWARD,方向有效，继续低速脱离,right,-0.2834,0.3588,0,danger,0.0,,0.0,550,550,1
65.417,645.0,1013.0,1225.0,917.0,0.4675,0.756,1.1626,0.8121,0.784,,RECOVER_FORWARD,方向有效，继续低速脱离,right,-0.2885,0.3505,0,danger,0.0,,0.0,550,550,1
65.437,644.0,1013.0,1222.0,917.0,0.4675,0.756,1.1602,0.8121,0.784,,RECOVER_FORWARD,方向有效，继续低速脱离,right,-0.2885,0.3481,0,danger,0.0,,0.0,550,550,1
65.457,644.0,1014.0,1222.0,920.0,0.4644,0.756,1.1529,0.8121,0.784,,RECOVER_FORWARD,方向有效，继续低速脱离,right,-0.2916,0.3408,0,danger,0.0,,0.0,550,550,1
65.477,644.0,1014.0,1222.0,920.0,0.4644,0.7579,1.1529,0.8221,0.79,,RECOVER_FORWARD,方向有效，继续低速脱离,right,-0.2935,0.3308,0,danger,0.0,,0.0,550,550,1
65.497,645.0,1014.0,1221.0,921.0,0.4644,0.7579,1.1529,0.8221,0.79,,RECOVER_FORWARD,方向有效，继续低速脱离,right,-0.2935,0.3308,0,danger,0.0,,0.0,550,550,1
65.517,645.0,1017.0,1221.0,923.0,0.4675,0.7579,1.1505,0.8255,0.7917,,RECOVER_FORWARD,方向有效，继续低速脱离,right,-0.2904,0.325,0,danger,0.0,,0.0,550,550,1
65.537,644.0,1017.0,1220.0,925.0,0.4675,0.7639,1.1505,0.8322,0.7981,,RECOVER_FORWARD,方向有效，继续低速脱离,right,-0.2964,0.3183,0,danger,0.0,,0.0,550,550,1
65.557,644.0,1016.0,1219.0,925.0,0.4644,0.7639,1.1481,0.8389,0.8014,,RECOVER_FORWARD,方向有效，继续低速脱离,right,-0.2995,0.3091,0,danger,0.0,,0.0,550,550,1
65.578,644.0,1016.0,1219.0,925.0,0.4644,0.7619,1.1456,0.8389,0.8004,,RECOVER_FORWARD,方向有效，继续低速脱离,right,-0.2975,0.3067,0,danger,0.0,,0.0,550,550,1
65.598,643.0,1016.0,1216.0,926.0,0.4644,0.7619,1.1456,0.8389,0.8004,,RECOVER_FORWARD,方向有效，继续低速脱离,right,-0.2975,0.3067,0,danger,0.0,,0.0,550,550,1
65.618,644.0,1016.0,1214.0,930.0,0.4644,0.7619,1.1383,0.8423,0.8021,,RECOVER_FORWARD,方向有效，继续低速脱离,right,-0.2975,0.2961,0,danger,0.0,,0.0,550,550,1
65.638,643.0,1015.0,1212.0,932.0,0.4613,0.7619,1.1335,0.8557,0.8088,,EDGE_AVOID,灰度趋势变暗，提前避让,front,-0.3006,0.2778,0,slow,0.0,,0.0,-550,-550,1
65.658,641.0,1012.0,1208.0,933.0,0.4613,0.7599,1.1286,0.8624,0.8112,,EDGE_AVOID,灰度趋势变暗，提前避让,front,-0.2986,0.2662,0,slow,0.0,,0.0,-550,-550,1
65.678,641.0,1010.0,1205.0,936.0,0.4551,0.754,1.1189,0.8658,0.8099,,EDGE_AVOID,灰度趋势变暗，提前避让,front,-0.2989,0.2532,0,slow,0.0,,0.0,-550,-550,1
65.698,641.0,1006.0,1202.0,936.0,0.4551,0.75,1.1117,0.8758,0.8129,,EDGE_AVOID,灰度趋势变暗，提前避让,front,-0.2949,0.2358,0,slow,0.0,,0.0,-550,-550,1
65.718,642.0,1008.0,1203.0,938.0,0.4551,0.746,1.1068,0.8758,0.8109,,EDGE_AVOID,灰度趋势变暗，提前避让,front,-0.2909,0.231,0,slow,0.0,,0.0,-550,-550,1
65.738,642.0,1009.0,1204.0,939.0,0.4582,0.746,1.1068,0.8826,0.8143,,EDGE_AVOID,灰度趋势变暗，提前避让,front,-0.2878,0.2242,0,slow,0.0,,0.0,-550,-550,1
65.759,643.0,1010.0,1204.0,940.0,0.4582,0.748,1.1092,0.8859,0.817,,EDGE_AVOID,灰度趋势变暗，提前避让,front,-0.2898,0.2233,0,slow,0.0,,0.0,-550,-550,1
65.779,642.0,1010.0,1205.0,939.0,0.4582,0.75,1.1092,0.8859,0.818,,EDGE_AVOID,灰度趋势变暗，提前避让,front,-0.2918,0.2233,0,slow,0.0,,0.0,-550,-550,1
65.799,646.0,1016.0,1211.0,939.0,0.4613,0.75,1.1117,0.8859,0.818,,EDGE_AVOID,灰度趋势变暗，提前避让,front,-0.2887,0.2257,0,slow,0.0,,0.0,-550,-550,1
65.819,650.0,1019.0,1222.0,934.0,0.4706,0.7619,1.1262,0.8859,0.8239,,EDGE_AVOID,灰度趋势变暗，提前避让,front,-0.2913,0.2403,0,slow,0.0,,0.0,-550,-550,1
65.839,652.0,1012.0,1228.0,926.0,0.483,0.7619,1.1529,0.8691,0.8155,,EDGE_AVOID,灰度趋势变暗，提前避让,right,-0.2789,0.2838,0,slow,0.0,left,0.0,400,640,1
65.859,656.0,1012.0,1236.0,925.0,0.4892,0.754,1.1675,0.8423,0.7981,,EDGE_AVOID,灰度趋势变暗，提前避让,right,-0.2648,0.3252,0,slow,0.0,left,0.0,400,640,1
65.879,664.0,1015.0,1239.0,930.0,0.5015,0.754,1.1869,0.8423,0.7981,,EDGE_AVOID,灰度趋势变暗，提前避让,right,-0.2524,0.3446,0,slow,0.0,left,0.0,400,640,1
65.899,671.0,1006.0,1230.0,924.0,0.5263,0.754,1.1869,0.8389,0.7964,,EDGE_AVOID,灰度趋势变暗，提前避让,right,-0.2277,0.348,0,slow,0.0,left,0.0,400,640,1
65.919,677.0,1001.0,1208.0,926.0,0.548,0.7421,1.1723,0.8423,0.7922,,EDGE_AVOID,灰度趋势变暗，提前避让,right,-0.1941,0.33,0,slow,0.0,left,0.0,400,640,1
65.94,678.0,998.0,1184.0,921.0,0.5666,0.7321,1.1189,0.8356,0.7839,,EDGE_AVOID,灰度趋势变暗，提前避让,right,-0.1656,0.2834,0,slow,0.0,left,0.0,400,640,1
65.96,672.0,992.0,1168.0,920.0,0.5666,0.7262,1.0607,0.8255,0.7758,,EDGE_AVOID,灰度趋势变暗，提前避让,right,-0.1596,0.2352,0,slow,0.0,left,0.0,400,640,1
65.98,669.0,991.0,1162.0,922.0,0.5511,0.7143,1.0218,0.8255,0.7699,,EDGE_AVOID,灰度趋势变暗，提前避让,right,-0.1632,0.1963,0,slow,0.0,left,0.0,400,640,1
66.0,669.0,992.0,1164.0,921.0,0.5418,0.7143,1.0121,0.8255,0.7699,,EDGE_AVOID,灰度趋势变暗，提前避让,right,-0.1725,0.1866,0,slow,0.0,left,0.0,400,640,1
66.02,669.0,992.0,1164.0,921.0,0.5418,0.7143,1.0121,0.8255,0.7699,,EDGE_AVOID,灰度趋势变暗，提前避让,right,-0.1725,0.1866,0,slow,0.0,left,0.0,400,640,1
66.04,671.0,992.0,1164.0,919.0,0.5418,0.7143,1.0121,0.8255,0.7699,,EDGE_AVOID,灰度趋势变暗，提前避让,right,-0.1725,0.1866,0,slow,0.0,left,0.0,400,640,1
66.06,672.0,993.0,1164.0,919.0,0.548,0.7143,1.0121,0.8188,0.7665,,EDGE_AVOID,灰度趋势变暗，提前避让,right,-0.1663,0.1933,0,slow,0.0,left,0.0,400,640,1
66.08,673.0,992.0,1167.0,919.0,0.5511,0.7143,1.0121,0.8188,0.7665,,EDGE_AVOID,灰度趋势变暗，提前避让,right,-0.1632,0.1933,0,slow,0.0,left,0.0,400,640,1
66.1,673.0,993.0,1168.0,919.0,0.5542,0.7163,1.0194,0.8188,0.7675,,EDGE_AVOID,灰度趋势变暗，提前避让,right,-0.1621,0.2006,0,slow,0.0,left,0.0,400,640,1
66.12,676.0,996.0,1175.0,924.0,0.5542,0.7163,1.0218,0.8188,0.7675,,EDGE_AVOID,灰度趋势变暗，提前避让,right,-0.1621,0.2031,0,slow,0.0,left,0.0,400,640,1
66.141,678.0,999.0,1181.0,926.0,0.5635,0.7222,1.0388,0.8356,0.7789,,EDGE_AVOID,灰度趋势变暗，提前避让,right,-0.1588,0.2033,0,slow,0.0,left,0.0,400,640,1
66.161,676.0,999.0,1188.0,919.0,0.5635,0.7282,1.0534,0.8356,0.7819,,EDGE_AVOID,灰度趋势变暗，提前避让,right,-0.1647,0.2178,0,slow,0.0,left,0.0,400,640,1
66.181,677.0,1002.0,1197.0,913.0,0.5666,0.7282,1.0704,0.8188,0.7735,,EDGE_AVOID,灰度趋势变暗，提前避让,right,-0.1616,0.2516,0,slow,0.0,left,0.0,400,640,1
66.201,675.0,1001.0,1206.0,910.0,0.5635,0.7321,1.0922,0.7987,0.7654,,EDGE_AVOID,灰度趋势变暗，提前避让,right,-0.1687,0.2936,0,slow,0.0,left,0.0,400,640,1
66.221,672.0,1003.0,1212.0,912.0,0.5604,0.7341,1.1141,0.7953,0.7647,,EDGE_AVOID,灰度趋势变暗，提前避让,right,-0.1738,0.3188,0,slow,0.0,left,0.0,400,640,1
66.241,669.0,1005.0,1216.0,920.0,0.5511,0.7361,1.1286,0.7953,0.7657,,EDGE_AVOID,灰度趋势变暗，提前避让,right,-0.185,0.3333,0,slow,0.0,left,0.0,400,640,1
66.261,665.0,1008.0,1216.0,922.0,0.5418,0.7401,1.1383,0.8221,0.7811,,EDGE_AVOID,灰度趋势变暗，提前避让,right,-0.1983,0.3162,0,slow,0.0,left,0.0,400,640,1
66.281,660.0,1007.0,1216.0,924.0,0.5294,0.744,1.1383,0.8289,0.7865,,EDGE_AVOID,灰度趋势变暗，提前避让,right,-0.2146,0.3095,0,slow,0.0,left,0.0,400,640,1
66.301,657.0,1011.0,1215.0,929.0,0.5139,0.746,1.1383,0.8356,0.7908,,EDGE_AVOID,灰度趋势变暗，提前避让,right,-0.2321,0.3028,0,slow,0.0,left,0.0,400,640,1
66.322,654.0,1011.0,1211.0,932.0,0.5046,0.752,1.1359,0.8523,0.8022,,EDGE_AVOID,灰度趋势变暗，提前避让,right,-0.2473,0.2836,0,slow,0.0,left,0.0,400,640,1
66.342,648.0,1010.0,1200.0,931.0,0.4954,0.752,1.1262,0.8591,0.8055,,EDGE_AVOID,灰度趋势变暗，提前避让,right,-0.2566,0.2672,0,slow,0.0,left,0.0,400,640,1
66.362,647.0,1015.0,1195.0,930.0,0.4768,0.752,1.0995,0.8591,0.8055,,EDGE_AVOID,灰度趋势变暗，提前避让,front,-0.2752,0.2405,0,slow,0.0,,0.0,-550,-550,1
66.382,644.0,1014.0,1189.0,928.0,0.4737,0.7579,1.0874,0.8557,0.8068,,EDGE_AVOID,灰度趋势变暗，提前避让,front,-0.2843,0.2317,0,slow,0.0,,0.0,-550,-550,1
66.402,644.0,1015.0,1186.0,932.0,0.4644,0.7599,1.0728,0.8557,0.8078,,EDGE_AVOID,灰度趋势变暗，提前避让,front,-0.2955,0.2171,0,slow,0.0,,0.0,-550,-550,1
66.422,643.0,1014.0,1182.0,937.0,0.4644,0.7579,1.0655,0.8624,0.8102,,EDGE_AVOID,灰度趋势变暗，提前避让,front,-0.2935,0.2031,0,slow,0.0,,0.0,-550,-550,1
66.442,643.0,1014.0,1182.0,939.0,0.4613,0.7579,1.0558,0.8792,0.8186,,EDGE_AVOID,灰度趋势变暗，提前避让,front,-0.2966,0.1766,0,slow,0.0,,0.0,-550,-550,1
66.462,643.0,1014.0,1182.0,939.0,0.4613,0.7579,1.0558,0.8859,0.8219,,EDGE_AVOID,灰度趋势变暗，提前避让,front,-0.2966,0.1699,0,slow,0.0,,0.0,-550,-550,1
66.482,644.0,1016.0,1182.0,938.0,0.4613,0.7579,1.0558,0.8859,0.8219,,EDGE_AVOID,灰度趋势变暗，提前避让,front,-0.2966,0.1699,0,slow,0.0,,0.0,-550,-550,1
66.502,643.0,1017.0,1180.0,937.0,0.4613,0.7619,1.0558,0.8826,0.8222,,EDGE_AVOID,灰度趋势变暗，提前避让,front,-0.3006,0.1733,0,slow,0.0,,0.0,-550,-550,1
66.523,643.0,1018.0,1182.0,936.0,0.4613,0.7639,1.0558,0.8792,0.8215,,EDGE_AVOID,灰度趋势变暗，提前避让,front,-0.3026,0.1766,0,slow,0.0,,0.0,-550,-550,1
66.543,644.0,1018.0,1183.0,932.0,0.4613,0.7659,1.0558,0.8758,0.8209,,EDGE_AVOID,灰度趋势变暗，提前避让,front,-0.3046,0.18,0,slow,0.0,,0.0,-550,-550,1
66.563,646.0,1018.0,1183.0,934.0,0.4644,0.7659,1.0583,0.8691,0.8175,,EDGE_AVOID,灰度趋势变暗，提前避让,front,-0.3015,0.1891,0,slow,0.0,,0.0,-550,-550,1
66.583,648.0,1016.0,1181.0,939.0,0.4706,0.7659,1.0583,0.8691,0.8175,,EDGE_AVOID,灰度趋势变暗，提前避让,front,-0.2953,0.1891,0,slow,0.0,,0.0,-550,-550,1
66.603,650.0,1012.0,1177.0,938.0,0.4768,0.7619,1.0534,0.8826,0.8222,,EDGE_AVOID,灰度趋势变暗，提前避让,front,-0.2851,0.1708,0,slow,0.0,,0.0,-550,-550,1
66.623,654.0,1007.0,1169.0,930.0,0.483,0.754,1.0437,0.8826,0.8183,,EDGE_AVOID,灰度趋势变暗，提前避让,front,-0.271,0.1611,0,slow,0.0,,0.0,-550,-550,1
66.643,658.0,1001.0,1163.0,921.0,0.4954,0.744,1.0243,0.8557,0.7999,,EDGE_AVOID,灰度趋势变暗，提前避让,front,-0.2487,0.1686,0,slow,0.0,,0.0,-550,-550,1
66.663,662.0,992.0,1153.0,916.0,0.5077,0.7321,1.0097,0.8255,0.7788,,EDGE_AVOID,灰度趋势变暗，提前避让,front,-0.2244,0.1842,0,slow,0.0,,0.0,-550,-550,1
66.684,665.0,981.0,1144.0,909.0,0.5201,0.7143,0.9854,0.8087,0.7615,,EDGE_AVOID,灰度趋势变暗，提前避让,front,-0.1942,0.1767,0,slow,0.0,,0.0,-550,-550,1
66.704,664.0,972.0,1128.0,904.0,0.5263,0.6925,0.9636,0.7852,0.7388,,EDGE_AVOID,灰度趋势变暗，提前避让,right,-0.1661,0.1784,0,slow,0.0,left,0.0,400,640,1
66.724,662.0,972.0,1116.0,902.0,0.5263,0.6746,0.9248,0.7685,0.7215,,EDGE_AVOID,灰度趋势变暗，提前避让,right,-0.1483,0.1563,0,slow,0.0,left,0.0,400,640,1
66.744,659.0,963.0,1099.0,904.0,0.5201,0.6746,0.8956,0.7685,0.7215,,EDGE_AVOID,灰度趋势变暗，提前避让,front,-0.1545,0.1272,0,slow,0.0,,0.0,-550,-550,1
66.764,654.0,956.0,1086.0,910.0,0.5108,0.6567,0.8544,0.7685,0.7126,,EDGE_AVOID,灰度趋势变暗，提前避让,front,-0.1459,0.0859,0,slow,0.0,,0.0,-550,-550,1
66.784,651.0,950.0,1072.0,906.0,0.4954,0.6429,0.8228,0.7752,0.709,,EDGE_AVOID,灰度趋势变暗，提前避让,front,-0.1475,0.0476,0,slow,0.0,,0.0,-550,-550,1
66.804,649.0,956.0,1057.0,906.0,0.4861,0.6429,0.7888,0.7752,0.709,,EDGE_AVOID,灰度趋势变暗，提前避让,front,-0.1568,0.0137,0,slow,0.0,,0.0,-550,-550,1
66.824,650.0,961.0,1041.0,905.0,0.483,0.6429,0.7524,0.7752,0.6976,,EDGE_AVOID,灰度趋势变暗，提前避让,front,-0.1599,-0.0227,0,slow,0.0,,0.0,-550,-550,1
66.844,661.0,968.0,1029.0,906.0,0.483,0.6528,0.7136,0.7752,0.6832,,EDGE_AVOID,灰度趋势变暗，提前避让,front,-0.1698,-0.0616,0,slow,0.0,,0.0,-550,-550,1
66.864,674.0,980.0,1016.0,900.0,0.517,0.6667,0.6845,0.7718,0.6756,,EDGE_AVOID,灰度趋势变暗，提前避让,front,-0.1496,-0.0873,0,slow,0.0,,0.0,-550,-550,1
66.885,686.0,990.0,1008.0,896.0,0.5573,0.6905,0.6529,0.755,0.6717,,EDGE_AVOID,灰度趋势变暗，提前避让,front,-0.1332,-0.1021,0,slow,0.0,,0.0,-550,-550,1
66.905,686.0,990.0,1008.0,896.0,0.5944,0.7103,0.6335,0.7416,0.6719,,EDGE_AVOID,灰度趋势变暗，提前避让,front,-0.1159,-0.1081,0,slow,0.0,,0.0,-550,-550,1
66.925,691.0,983.0,1000.0,889.0,0.5944,0.7103,0.6335,0.7416,0.6719,,EDGE_AVOID,灰度趋势变暗，提前避让,front,-0.1159,-0.1081,0,slow,0.0,,0.0,-550,-550,1
66.945,690.0,971.0,994.0,888.0,0.6068,0.6964,0.6141,0.7181,0.6553,,EDGE_AVOID,灰度趋势变暗，提前避让,left,-0.0896,-0.104,0,slow,0.0,right,0.0,640,400,1
66.965,684.0,964.0,987.0,892.0,0.6068,0.6726,0.5995,0.7181,0.6397,,EDGE_AVOID,灰度趋势变暗，提前避让,left,-0.0658,-0.1186,0,slow,0.0,right,0.0,640,400,1
66.985,682.0,961.0,980.0,893.0,0.5882,0.6587,0.5825,0.7282,0.6235,,EDGE_AVOID,灰度趋势变暗，提前避让,left,-0.0705,-0.1457,0,slow,0.0,right,0.0,640,400,1
67.005,677.0,957.0,973.0,892.0,0.582,0.6528,0.5655,0.7282,0.6174,,EDGE_AVOID,灰度趋势变暗，提前避让,left,-0.0707,-0.1627,0,slow,0.0,right,0.0,640,400,1
67.025,679.0,949.0,970.0,891.0,0.5728,0.6448,0.5485,0.7282,0.6088,,EDGE_AVOID,灰度趋势变暗，提前避让,left,-0.0721,-0.1796,0,slow,0.0,right,0.0,640,400,1
67.045,680.0,938.0,951.0,901.0,0.5728,0.629,0.5413,0.7282,0.6009,,EDGE_AVOID,灰度趋势变暗，提前避让,left,-0.0562,-0.1869,0,slow,0.0,right,0.0,640,400,1
67.065,675.0,940.0,928.0,916.0,0.5728,0.6111,0.4951,0.7584,0.5919,,EDGE_AVOID,灰度趋势变暗，提前避让,left,-0.0384,-0.2632,0,slow,0.0,right,0.0,640,400,1
67.086,678.0,943.0,928.0,917.0,0.5697,0.6111,0.4393,0.8087,0.5904,,EDGE_AVOID,灰度趋势变暗，提前避让,left,-0.0415,-0.3694,0,slow,0.0,right,0.0,640,400,1
67.106,678.0,943.0,926.0,919.0,0.5697,0.6171,0.4393,0.8121,0.5934,,EDGE_AVOID,灰度趋势变暗，提前避让,left,-0.0474,-0.3728,0,slow,0.0,right,0.0,640,400,1
67.126,678.0,947.0,928.0,920.0,0.5697,0.6171,0.4393,0.8188,0.5934,,EDGE_AVOID,灰度趋势变暗，提前避让,left,-0.0474,-0.3795,0,slow,0.0,right,0.0,640,400,1
67.146,680.0,949.0,931.0,920.0,0.5697,0.625,0.4393,0.8221,0.5973,,EDGE_AVOID,灰度趋势变暗，提前避让,left,-0.0553,-0.3828,0,slow,0.0,right,0.0,640,400,1
67.166,679.0,950.0,932.0,920.0,0.5728,0.629,0.4466,0.8221,0.6009,,EDGE_AVOID,灰度趋势变暗，提前避让,left,-0.0562,-0.3755,0,slow,0.0,right,0.0,640,400,1
67.186,679.0,950.0,932.0,921.0,0.5728,0.631,0.449,0.8221,0.6019,,EDGE_AVOID,灰度趋势变暗，提前避让,left,-0.0582,-0.3731,0,slow,0.0,right,0.0,640,400,1
67.206,681.0,951.0,932.0,922.0,0.5728,0.631,0.449,0.8255,0.6019,,EDGE_AVOID,灰度趋势变暗，提前避让,left,-0.0582,-0.3765,0,slow,0.0,right,0.0,640,400,1
67.226,680.0,950.0,931.0,922.0,0.5759,0.631,0.449,0.8289,0.6034,,EDGE_AVOID,灰度趋势变暗，提前避让,left,-0.0551,-0.3798,0,slow,0.0,right,0.0,640,400,1
67.246,680.0,948.0,930.0,922.0,0.5759,0.631,0.4466,0.8289,0.6034,,EDGE_AVOID,灰度趋势变暗，提前避让,left,-0.0551,-0.3823,0,slow,0.0,right,0.0,640,400,1
67.266,681.0,950.0,931.0,922.0,0.5759,0.631,0.4466,0.8289,0.6034,,EDGE_AVOID,灰度趋势变暗，提前避让,left,-0.0551,-0.3823,0,slow,0.0,right,0.0,640,400,1
67.287,681.0,949.0,931.0,921.0,0.5789,0.629,0.4466,0.8289,0.604,,EDGE_AVOID,灰度趋势变暗，提前避让,left,-0.05,-0.3823,0,slow,0.0,right,0.0,640,400,1
67.307,681.0,949.0,931.0,921.0,0.5789,0.629,0.4466,0.8255,0.604,,EDGE_AVOID,灰度趋势变暗，提前避让,left,-0.05,-0.3789,0,slow,0.0,right,0.0,640,400,1
67.327,682.0,951.0,932.0,921.0,0.5789,0.629,0.4466,0.8255,0.604,,EDGE_AVOID,灰度趋势变暗，提前避让,left,-0.05,-0.3789,0,slow,0.0,right,0.0,640,400,1
67.347,680.0,951.0,930.0,923.0,0.5789,0.6329,0.4466,0.8255,0.6059,,EDGE_AVOID,灰度趋势变暗，提前避让,left,-0.054,-0.3789,0,slow,0.0,right,0.0,640,400,1
67.367,679.0,951.0,930.0,925.0,0.5759,0.6329,0.4442,0.8322,0.6044,,EDGE_AVOID,灰度趋势变暗，提前避让,left,-0.0571,-0.388,0,slow,0.0,right,0.0,640,400,1
67.387,678.0,953.0,931.0,926.0,0.5728,0.6329,0.4442,0.8389,0.6028,,EDGE_AVOID,灰度趋势变暗，提前避让,left,-0.0602,-0.3948,0,slow,0.0,right,0.0,640,400,1
67.407,678.0,953.0,931.0,926.0,0.5697,0.6369,0.4466,0.8423,0.6033,,EDGE_AVOID,灰度趋势变暗，提前避让,left,-0.0672,-0.3957,0,slow,0.0,right,0.0,640,400,1
67.427,677.0,956.0,933.0,928.0,0.5697,0.6369,0.4466,0.8423,0.6033,,EDGE_AVOID,灰度趋势变暗，提前避让,left,-0.0672,-0.3957,0,slow,0.0,right,0.0,640,400,1
67.447,677.0,958.0,935.0,929.0,0.5666,0.6429,0.4515,0.849,0.6047,,EDGE_AVOID,灰度趋势变暗，提前避让,left,-0.0763,-0.3975,0,slow,0.0,right,0.0,640,400,1
67.467,677.0,958.0,936.0,928.0,0.5666,0.6468,0.4563,0.849,0.6067,,EDGE_AVOID,灰度趋势变暗，提前避让,left,-0.0803,-0.3927,0,slow,0.0,right,0.0,640,400,1
67.488,676.0,958.0,936.0,927.0,0.5666,0.6468,0.4587,0.849,0.6067,,EDGE_AVOID,灰度趋势变暗，提前避让,left,-0.0803,-0.3903,0,slow,0.0,right,0.0,640,400,1
67.508,677.0,960.0,937.0,929.0,0.5666,0.6468,0.4587,0.849,0.6067,,EDGE_AVOID,灰度趋势变暗，提前避让,left,-0.0803,-0.3903,0,slow,0.0,right,0.0,640,400,1
67.528,675.0,960.0,936.0,928.0,0.5635,0.6508,0.4587,0.849,0.6071,,EDGE_AVOID,灰度趋势变暗，提前避让,left,-0.0873,-0.3903,0,slow,0.0,right,0.0,640,400,1
67.548,673.0,959.0,934.0,924.0,0.5604,0.6508,0.4587,0.849,0.6056,,EDGE_AVOID,灰度趋势变暗，提前避让,left,-0.0904,-0.3903,0,slow,0.0,right,0.0,640,400,1
67.568,673.0,965.0,937.0,922.0,0.5542,0.6508,0.4587,0.8356,0.6025,,EDGE_AVOID,灰度趋势变暗，提前避让,left,-0.0966,-0.3768,0,slow,0.0,right,0.0,640,400,1
67.588,673.0,969.0,939.0,919.0,0.5542,0.6607,0.4612,0.8289,0.6074,,EDGE_AVOID,灰度趋势变暗，提前避让,left,-0.1065,-0.3677,0,slow,0.0,right,0.0,640,400,1
67.608,672.0,972.0,941.0,916.0,0.5542,0.6687,0.466,0.8188,0.6114,,EDGE_AVOID,灰度趋势变暗，提前避让,left,-0.1145,-0.3528,0,slow,0.0,right,0.0,640,400,1
67.628,672.0,971.0,948.0,913.0,0.5511,0.6726,0.4709,0.8087,0.6119,,EDGE_AVOID,灰度趋势变暗，提前避让,left,-0.1215,-0.3379,0,slow,0.0,right,0.0,640,400,1
67.648,669.0,966.0,954.0,912.0,0.5511,0.6726,0.4879,0.7987,0.6119,,EDGE_AVOID,灰度趋势变暗，提前避让,left,-0.1215,-0.3108,0,slow,0.0,right,0.0,640,400,1
67.669,668.0,965.0,956.0,912.0,0.5418,0.6627,0.5024,0.7953,0.6022,,EDGE_AVOID,灰度趋势变暗，提前避让,left,-0.1209,-0.2929,0,slow,0.0,right,0.0,640,400,1
67.689,667.0,964.0,954.0,912.0,0.5387,0.6607,0.5024,0.7953,0.5997,,EDGE_AVOID,灰度趋势变暗，提前避让,left,-0.122,-0.2929,0,slow,0.0,right,0.0,640,400,1
67.709,666.0,968.0,954.0,912.0,0.5356,0.6607,0.5024,0.7953,0.5982,,EDGE_AVOID,灰度趋势变暗，提前避让,left,-0.1251,-0.2929,0,slow,0.0,right,0.0,640,400,1
67.729,667.0,967.0,957.0,911.0,0.5356,0.6647,0.5024,0.7953,0.6001,,EDGE_AVOID,灰度趋势变暗，提前避让,left,-0.1291,-0.2929,0,slow,0.0,right,0.0,640,400,1
67.749,667.0,967.0,957.0,911.0,0.5356,0.6647,0.5097,0.7919,0.6001,,EDGE_AVOID,灰度趋势变暗，提前避让,left,-0.1291,-0.2822,0,slow,0.0,right,0.0,640,400,1
67.769,667.0,963.0,960.0,910.0,0.5356,0.6647,0.5097,0.7919,0.6001,,EDGE_AVOID,灰度趋势变暗，提前避让,left,-0.1291,-0.2822,0,slow,0.0,right,0.0,640,400,1
67.789,670.0,962.0,965.0,909.0,0.5356,0.6567,0.517,0.7886,0.5962,,EDGE_AVOID,灰度趋势变暗，提前避让,left,-0.1211,-0.2716,0,slow,0.0,right,0.0,640,400,1
67.809,671.0,960.0,968.0,907.0,0.5449,0.6548,0.5291,0.7852,0.5998,,EDGE_AVOID,灰度趋势变暗，提前避让,left,-0.1099,-0.2561,0,slow,0.0,right,0.0,640,400,1
67.829,673.0,958.0,971.0,906.0,0.548,0.6508,0.5364,0.7785,0.5994,,EDGE_AVOID,灰度趋势变暗，提前避让,left,-0.1028,-0.2421,0,slow,0.0,right,0.0,640,400,1
67.85,672.0,957.0,972.0,902.0,0.5511,0.6468,0.5437,0.7752,0.599,,EDGE_AVOID,灰度趋势变暗，提前避让,left,-0.0957,-0.2315,0,slow,0.0,right,0.0,640,400,1
67.87,672.0,957.0,976.0,901.0,0.5511,0.6448,0.5461,0.7617,0.598,,EDGE_AVOID,灰度趋势变暗，提前避让,left,-0.0938,-0.2156,0,slow,0.0,right,0.0,640,400,1
67.89,672.0,955.0,977.0,898.0,0.5511,0.6448,0.5558,0.7584,0.6003,,EDGE_AVOID,灰度趋势变暗，提前避让,left,-0.0938,-0.2026,0,slow,0.0,right,0.0,640,400,1
67.91,669.0,953.0,980.0,895.0,0.5511,0.6409,0.5583,0.7483,0.5996,,EDGE_AVOID,灰度趋势变暗，提前避让,left,-0.0898,-0.1901,0,slow,0.0,right,0.0,640,400,1
67.93,673.0,957.0,992.0,895.0,0.5511,0.6409,0.5655,0.7383,0.6032,,EDGE_AVOID,灰度趋势变暗，提前避让,left,-0.0898,-0.1727,0,slow,0.0,right,0.0,640,400,1
67.95,672.0,955.0,999.0,894.0,0.5511,0.6409,0.5947,0.7383,0.6178,,EDGE_AVOID,灰度趋势变暗，提前避让,left,-0.0898,-0.1436,0,slow,0.0,right,0.0,640,400,1
67.97,672.0,954.0,1005.0,893.0,0.5511,0.6409,0.6117,0.7349,0.6263,,EDGE_AVOID,灰度趋势变暗，提前避让,left,-0.0898,-0.1232,0,slow,0.0,right,0.0,640,400,1
67.99,672.0,952.0,1014.0,891.0,0.5511,0.6389,0.6262,0.7315,0.6326,,EDGE_AVOID,灰度趋势变暗，提前避让,left,-0.0878,-0.1053,0,slow,0.0,right,0.0,640,400,1
68.01,673.0,952.0,1021.0,892.0,0.5511,0.6349,0.6481,0.7282,0.6415,,EDGE_AVOID,灰度趋势变暗，提前避让,front,-0.0838,-0.0801,0,slow,0.0,,0.0,-550,-550,1
68.03,672.0,951.0,1028.0,891.0,0.5511,0.6349,0.665,0.7248,0.65,,EDGE_AVOID,灰度趋势变暗，提前避让,front,-0.0838,-0.0598,0,slow,0.0,,0.0,-550,-550,1
68.051,675.0,954.0,1038.0,892.0,0.5542,0.6349,0.682,0.7282,0.6585,,EDGE_AVOID,灰度趋势变暗，提前避让,front,-0.0807,-0.0461,0,slow,0.0,,0.0,-550,-550,1
68.071,674.0,954.0,1044.0,891.0,0.5573,0.6389,0.7063,0.7248,0.6726,,EDGE_AVOID,灰度趋势变暗，提前避让,front,-0.0816,-0.0185,0,slow,0.0,,0.0,-550,-550,1
68.091,675.0,953.0,1045.0,890.0,0.5604,0.6389,0.7209,0.7248,0.6799,,EDGE_AVOID,灰度趋势变暗，提前避让,front,-0.0785,-0.004,0,slow,0.0,,0.0,-550,-550,1
68.111,676.0,956.0,1047.0,892.0,0.5604,0.6389,0.7233,0.7248,0.6811,,EDGE_AVOID,灰度趋势变暗，提前避让,front,-0.0785,-0.0015,0,slow,0.0,,0.0,-550,-550,1
68.131,676.0,956.0,1047.0,892.0,0.5635,0.6429,0.7282,0.7282,0.6855,,EDGE_AVOID,灰度趋势变暗，提前避让,front,-0.0794,-0.0,0,slow,0.0,,0.0,-550,-550,1
68.151,675.0,955.0,1045.0,891.0,0.5635,0.6429,0.7282,0.7282,0.6855,,EDGE_AVOID,灰度趋势变暗，提前避让,front,-0.0794,-0.0,0,slow,0.0,,0.0,-550,-550,1
68.171,676.0,955.0,1041.0,891.0,0.5635,0.6409,0.7233,0.7248,0.6821,,EDGE_AVOID,灰度趋势变暗，提前避让,front,-0.0774,-0.0015,0,slow,0.0,,0.0,-550,-550,1
68.191,676.0,955.0,1041.0,891.0,0.5635,0.6409,0.7136,0.7248,0.6772,,EDGE_AVOID,灰度趋势变暗，提前避让,front,-0.0774,-0.0112,0,slow,0.0,,0.0,-550,-550,1
68.211,674.0,954.0,1036.0,891.0,0.5635,0.6409,0.7136,0.7248,0.6772,,EDGE_AVOID,灰度趋势变暗，提前避让,front,-0.0774,-0.0112,0,slow,0.0,,0.0,-550,-550,1
68.231,676.0,957.0,1032.0,892.0,0.5635,0.6409,0.7015,0.7248,0.6712,,EDGE_AVOID,灰度趋势变暗，提前避让,front,-0.0774,-0.0234,0,slow,0.0,,0.0,-550,-550,1
68.252,675.0,957.0,1024.0,895.0,0.5604,0.6448,0.6917,0.7282,0.6683,,EDGE_AVOID,灰度趋势变暗，提前避让,front,-0.0845,-0.0364,0,slow,0.0,,0.0,-550,-550,1
68.272,672.0,955.0,1016.0,898.0,0.5604,0.6448,0.6723,0.7383,0.6586,,EDGE_AVOID,灰度趋势变暗，提前避让,front,-0.0845,-0.0659,0,slow,0.0,,0.0,-550,-550,1
68.292,670.0,951.0,1007.0,900.0,0.5511,0.6409,0.6529,0.7483,0.6469,,EDGE_AVOID,灰度趋势变暗，提前避让,left,-0.0898,-0.0954,0,slow,0.0,right,0.0,640,400,1
68.312,670.0,949.0,999.0,900.0,0.5449,0.6329,0.6311,0.755,0.632,,EDGE_AVOID,灰度趋势变暗，提前避让,left,-0.088,-0.124,0,slow,0.0,right,0.0,640,400,1
68.332,671.0,948.0,989.0,902.0,0.5449,0.629,0.6117,0.755,0.6203,,EDGE_AVOID,灰度趋势变暗，提前避让,left,-0.0841,-0.1434,0,slow,0.0,right,0.0,640,400,1
68.352,672.0,950.0,984.0,912.0,0.548,0.629,0.5874,0.7617,0.6082,,EDGE_AVOID,灰度趋势变暗，提前避让,left,-0.081,-0.1744,0,slow,0.0,right,0.0,640,400,1
68.372,676.0,952.0,979.0,917.0,0.5511,0.631,0.5752,0.7953,0.6031,,EDGE_AVOID,灰度趋势变暗，提前避让,left,-0.0799,-0.2201,0,slow,0.0,right,0.0,640,400,1
68.392,680.0,952.0,978.0,918.0,0.5635,0.6349,0.5631,0.8121,0.5992,,EDGE_AVOID,灰度趋势变暗，提前避让,left,-0.0715,-0.249,0,slow,0.0,right,0.0,640,400,1
68.412,680.0,950.0,973.0,917.0,0.5759,0.6349,0.5607,0.8121,0.6054,,EDGE_AVOID,灰度趋势变暗，提前避让,left,-0.0591,-0.2514,0,slow,0.0,right,0.0,640,400,1
68.433,680.0,952.0,970.0,918.0,0.5759,0.6349,0.5485,0.8154,0.6054,,EDGE_AVOID,灰度趋势变暗，提前避让,left,-0.0591,-0.2669,0,slow,0.0,right,0.0,640,400,1
68.453,679.0,952.0,969.0,918.0,0.5759,0.6349,0.5413,0.8154,0.6054,,EDGE_AVOID,灰度趋势变暗，提前避让,left,-0.0591,-0.2742,0,slow,0.0,right,0.0,640,400,1
68.473,677.0,948.0,964.0,915.0,0.5728,0.6349,0.5388,0.8154,0.6038,,EDGE_AVOID,灰度趋势变暗，提前避让,left,-0.0622,-0.2766,0,slow,0.0,right,0.0,640,400,1
68.493,679.0,952.0,966.0,917.0,0.5728,0.6349,0.5316,0.8121,0.6038,,EDGE_AVOID,灰度趋势变暗，提前避让,left,-0.0622,-0.2805,0,slow,0.0,right,0.0,640,400,1
68.513,678.0,950.0,966.0,917.0,0.5697,0.631,0.5316,0.8121,0.6003,,EDGE_AVOID,灰度趋势变暗，提前避让,left,-0.0613,-0.2805,0,slow,0.0,right,0.0,640,400,1
68.533,677.0,950.0,965.0,917.0,0.5697,0.631,0.5316,0.8121,0.6003,,EDGE_AVOID,灰度趋势变暗，提前避让,left,-0.0613,-0.2805,0,slow,0.0,right,0.0,640,400,1
68.553,676.0,947.0,965.0,916.0,0.5666,0.631,0.5291,0.8121,0.5988,,EDGE_AVOID,灰度趋势变暗，提前避让,left,-0.0644,-0.283,0,slow,0.0,right,0.0,640,400,1
68.573,675.0,943.0,968.0,913.0,0.5635,0.625,0.5291,0.8087,0.5942,,EDGE_AVOID,灰度趋势变暗，提前避让,left,-0.0615,-0.2796,0,slow,0.0,right,0.0,640,400,1
68.593,673.0,941.0,972.0,913.0,0.5604,0.6171,0.5364,0.7987,0.5887,,EDGE_AVOID,灰度趋势变暗，提前避让,left,-0.0567,-0.2622,0,slow,0.0,right,0.0,640,400,1
68.613,666.0,942.0,978.0,912.0,0.5542,0.6151,0.5461,0.7987,0.5846,,EDGE_AVOID,灰度趋势变暗，提前避让,left,-0.0609,-0.2525,0,slow,0.0,right,0.0,640,400,1
68.634,663.0,939.0,990.0,904.0,0.5325,0.6131,0.5607,0.7953,0.5869,,EDGE_AVOID,灰度趋势变暗，提前避让,left,-0.0806,-0.2346,0,slow,0.0,right,0.0,640,400,1
68.654,661.0,949.0,1015.0,896.0,0.5232,0.6151,0.5898,0.7685,0.6024,,EDGE_AVOID,灰度趋势变暗，提前避让,left,-0.0919,-0.1787,0,slow,0.0,right,0.0,640,400,1
68.674,660.0,945.0,1042.0,890.0,0.517,0.621,0.6505,0.7416,0.6358,,EDGE_AVOID,灰度趋势变暗，提前避让,front,-0.104,-0.0911,0,slow,0.0,,0.0,-550,-550,1
68.694,660.0,945.0,1042.0,890.0,0.5139,0.621,0.716,0.7215,0.6685,,EDGE_AVOID,灰度趋势变暗，提前避让,front,-0.1071,-0.0055,0,slow,0.0,,0.0,-550,-550,1
68.714,664.0,939.0,1077.0,889.0,0.5139,0.621,0.716,0.7215,0.6685,,EDGE_AVOID,灰度趋势变暗，提前避让,front,-0.1071,-0.0055,0,slow,0.0,,0.0,-550,-550,1
68.734,666.0,933.0,1105.0,887.0,0.5263,0.6091,0.801,0.7181,0.6636,,EDGE_AVOID,灰度趋势变暗，提前避让,right,-0.0828,0.0829,0,slow,0.0,left,0.0,400,640,1
68.754,679.0,949.0,1131.0,897.0,0.5325,0.6091,0.8689,0.7181,0.6636,,EDGE_AVOID,灰度趋势变暗，提前避让,right,-0.0766,0.1508,0,slow,0.0,left,0.0,400,640,1
68.774,662.0,933.0,1092.0,873.0,0.5325,0.5972,0.8689,0.7114,0.6543,,EDGE_AVOID,灰度趋势变暗，提前避让,right,-0.0647,0.1575,0,slow,0.0,left,0.0,400,640,1
68.794,663.0,935.0,1078.0,877.0,0.5232,0.6012,0.8374,0.6779,0.6395,,EDGE_AVOID,灰度趋势变暗，提前避让,right,-0.078,0.1595,0,slow,0.0,left,0.0,400,640,1
68.814,666.0,942.0,1071.0,880.0,0.5232,0.6012,0.8034,0.6779,0.6395,,EDGE_AVOID,灰度趋势变暗，提前避让,right,-0.078,0.1255,0,slow,0.0,left,0.0,400,640,1
68.835,670.0,949.0,1068.0,886.0,0.5325,0.6151,0.7864,0.6879,0.6515,,EDGE_AVOID,灰度趋势变暗，提前避让,right,-0.0826,0.0985,0,slow,0.0,left,0.0,400,640,1
68.855,675.0,955.0,1067.0,891.0,0.5449,0.629,0.7791,0.7081,0.6685,,EDGE_AVOID,灰度趋势变暗，提前避让,front,-0.0841,0.0711,0,slow,0.0,,0.0,-550,-550,1
68.875,676.0,956.0,1062.0,891.0,0.5604,0.6409,0.7767,0.7248,0.6829,,EDGE_AVOID,灰度趋势变暗，提前避让,front,-0.0805,0.0519,0,slow,0.0,,0.0,-550,-550,1
68.895,680.0,952.0,1061.0,892.0,0.5635,0.6409,0.7646,0.7248,0.6829,,EDGE_AVOID,灰度趋势变暗，提前避让,front,-0.0774,0.0397,0,slow,0.0,,0.0,-550,-550,1
68.915,682.0,951.0,1056.0,892.0,0.5759,0.6349,0.7621,0.7282,0.6816,,EDGE_AVOID,灰度趋势变暗，提前避让,front,-0.0591,0.0339,0,slow,0.0,,0.0,-550,-550,1
68.935,685.0,951.0,1059.0,893.0,0.582,0.6329,0.7573,0.7282,0.6806,,EDGE_AVOID,灰度趋势变暗，提前避让,front,-0.0509,0.0291,0,slow,0.0,,0.0,-550,-550,1
68.955,687.0,953.0,1061.0,895.0,0.5913,0.6329,0.7573,0.7315,0.6822,,EDGE_AVOID,灰度趋势变暗，提前避让,front,-0.0416,0.0257,0,slow,0.0,,0.0,-550,-550,1
68.975,688.0,954.0,1060.0,896.0,0.5975,0.6369,0.7597,0.7383,0.6876,,EDGE_AVOID,灰度趋势变暗，提前避让,front,-0.0394,0.0215,0,slow,0.0,,0.0,-550,-550,1
68.995,685.0,952.0,1057.0,892.0,0.5975,0.6369,0.7597,0.7383,0.6876,,EDGE_AVOID,灰度趋势变暗，提前避让,front,-0.0394,0.0215,0,slow,0.0,,0.0,-550,-550,1
69.015,687.0,953.0,1060.0,896.0,0.5975,0.6369,0.7597,0.7416,0.6893,,EDGE_AVOID,灰度趋势变暗，提前避让,front,-0.0394,0.0181,0,slow,0.0,,0.0,-550,-550,1
69.035,687.0,953.0,1061.0,896.0,0.5975,0.6369,0.7597,0.7416,0.6893,,EDGE_AVOID,灰度趋势变暗，提前避让,front,-0.0394,0.0181,0,slow,0.0,,0.0,-550,-550,1
69.056,688.0,956.0,1063.0,897.0,0.5975,0.6369,0.7621,0.7416,0.6893,,EDGE_AVOID,灰度趋势变暗，提前避让,front,-0.0394,0.0205,0,slow,0.0,,0.0,-550,-550,1
69.076,687.0,958.0,1066.0,897.0,0.5975,0.6429,0.767,0.745,0.6939,,EDGE_AVOID,灰度趋势变暗，提前避让,front,-0.0453,0.022,0,slow,0.0,,0.0,-550,-550,1
69.096,686.0,959.0,1068.0,893.0,0.5975,0.6468,0.7743,0.745,0.6959,,EDGE_AVOID,灰度趋势变暗，提前避让,front,-0.0493,0.0293,0,slow,0.0,,0.0,-550,-550,1
69.116,684.0,955.0,1069.0,894.0,0.5944,0.6468,0.7791,0.7349,0.6909,,EDGE_AVOID,灰度趋势变暗，提前避让,front,-0.0524,0.0442,0,slow,0.0,,0.0,-550,-550,1
69.136,683.0,955.0,1071.0,893.0,0.5882,0.6409,0.7816,0.7315,0.6862,,EDGE_AVOID,灰度趋势变暗，提前避让,front,-0.0526,0.05,0,slow,0.0,,0.0,-550,-550,1
69.156,682.0,954.0,1070.0,889.0,0.5851,0.6409,0.784,0.7315,0.6862,,EDGE_AVOID,灰度趋势变暗，提前避让,front,-0.0557,0.0524,0,slow,0.0,,0.0,-550,-550,1
69.176,680.0,949.0,1071.0,887.0,0.582,0.6389,0.7864,0.7181,0.6785,,EDGE_AVOID,灰度趋势变暗，提前避让,right,-0.0568,0.0683,0,slow,0.0,left,0.0,400,640,1
69.196,679.0,946.0,1074.0,888.0,0.5759,0.629,0.7864,0.7148,0.6719,,EDGE_AVOID,灰度趋势变暗，提前避让,right,-0.0531,0.0716,0,slow,0.0,left,0.0,400,640,1
69.216,678.0,946.0,1073.0,886.0,0.5728,0.623,0.7913,0.7114,0.6672,,EDGE_AVOID,灰度趋势变暗，提前避让,right,-0.0503,0.0799,0,slow,0.0,left,0.0,400,640,1
69.236,675.0,941.0,1072.0,884.0,0.5697,0.623,0.7913,0.7081,0.6655,,EDGE_AVOID,灰度趋势变暗，提前避让,right,-0.0534,0.0832,0,slow,0.0,left,0.0,400,640,1
69.256,676.0,942.0,1075.0,886.0,0.5635,0.6151,0.7913,0.7081,0.6616,,EDGE_AVOID,灰度趋势变暗，提前避让,right,-0.0516,0.0832,0,slow,0.0,left,0.0,400,640,1
69.276,675.0,942.0,1074.0,886.0,0.5604,0.6151,0.7937,0.7081,0.6616,,EDGE_AVOID,灰度趋势变暗，提前避让,right,-0.0547,0.0856,0,slow,0.0,left,0.0,400,640,1
69.296,675.0,942.0,1074.0,886.0,0.5604,0.6151,0.7937,0.7081,0.6616,,EDGE_AVOID,灰度趋势变暗，提前避让,right,-0.0547,0.0856,0,slow,0.0,left,0.0,400,640,1
69.317,676.0,944.0,1076.0,889.0,0.5604,0.6151,0.7937,0.7081,0.6616,,EDGE_AVOID,灰度趋势变暗，提前避让,right,-0.0547,0.0856,0,slow,0.0,left,0.0,400,640,1
69.337,676.0,946.0,1073.0,891.0,0.5635,0.619,0.7937,0.7181,0.6686,,EDGE_AVOID,灰度趋势变暗，提前避让,right,-0.0556,0.0756,0,slow,0.0,left,0.0,400,640,1
69.357,673.0,946.0,1065.0,891.0,0.5635,0.623,0.7913,0.7248,0.6739,,EDGE_AVOID,灰度趋势变暗，提前避让,right,-0.0595,0.0664,0,slow,0.0,left,0.0,400,640,1
69.377,676.0,951.0,1067.0,896.0,0.5635,0.623,0.7767,0.7248,0.6739,,EDGE_AVOID,灰度趋势变暗，提前避让,front,-0.0595,0.0519,0,slow,0.0,,0.0,-550,-550,1
69.397,677.0,953.0,1066.0,897.0,0.5635,0.6329,0.7743,0.7416,0.6873,,EDGE_AVOID,灰度趋势变暗，提前避让,front,-0.0695,0.0327,0,slow,0.0,,0.0,-550,-550,1
69.417,677.0,953.0,1066.0,897.0,0.5666,0.6369,0.7743,0.745,0.6909,,EDGE_AVOID,灰度趋势变暗，提前避让,front,-0.0703,0.0293,0,slow,0.0,,0.0,-550,-550,1
69.437,677.0,954.0,1066.0,897.0,0.5666,0.6369,0.7743,0.745,0.6909,,EDGE_AVOID,灰度趋势变暗，提前避让,front,-0.0703,0.0293,0,slow,0.0,,0.0,-550,-550,1
69.457,677.0,953.0,1069.0,897.0,0.5666,0.6369,0.7743,0.745,0.6909,,EDGE_AVOID,灰度趋势变暗，提前避让,front,-0.0703,0.0293,0,slow,0.0,,0.0,-550,-550,1
69.477,678.0,954.0,1075.0,897.0,0.5666,0.6389,0.7816,0.745,0.6919,,EDGE_AVOID,灰度趋势变暗，提前避让,front,-0.0723,0.0366,0,slow,0.0,,0.0,-550,-550,1
69.497,674.0,952.0,1083.0,894.0,0.5666,0.6369,0.7961,0.745,0.6909,,EDGE_AVOID,灰度趋势变暗，提前避让,front,-0.0703,0.0512,0,slow,0.0,,0.0,-550,-550,1
69.517,674.0,949.0,1093.0,897.0,0.5573,0.6349,0.8155,0.745,0.6899,,EDGE_AVOID,灰度趋势变暗，提前避让,front,-0.0776,0.0706,0,slow,0.0,,0.0,-550,-550,1
69.537,674.0,953.0,1092.0,899.0,0.5573,0.6349,0.8374,0.745,0.6899,,EDGE_AVOID,灰度趋势变暗，提前避让,right,-0.0776,0.0924,0,slow,0.0,left,0.0,400,640,1
69.558,672.0,950.0,1073.0,897.0,0.5573,0.631,0.8374,0.745,0.688,,EDGE_AVOID,灰度趋势变暗，提前避让,right,-0.0737,0.0924,0,slow,0.0,left,0.0,400,640,1
69.578,672.0,953.0,1043.0,896.0,0.5511,0.6369,0.7913,0.745,0.6909,,EDGE_AVOID,灰度趋势变暗，提前避让,front,-0.0858,0.0463,0,slow,0.0,,0.0,-550,-550,1
69.598,668.0,960.0,995.0,895.0,0.5511,0.6369,0.7184,0.7416,0.6777,,EDGE_AVOID,灰度趋势变暗，提前避让,front,-0.0858,-0.0232,0,slow,0.0,,0.0,-550,-550,1
69.618,668.0,969.0,961.0,894.0,0.5387,0.6508,0.6019,0.7383,0.6264,,EDGE_AVOID,灰度趋势变暗，提前避让,left,-0.1121,-0.1363,0,slow,0.0,right,0.0,640,400,1
69.638,670.0,975.0,940.0,920.0,0.5387,0.6687,0.5194,0.7383,0.6037,,EDGE_AVOID,灰度趋势变暗，提前避让,left,-0.13,-0.2188,0,slow,0.0,right,0.0,640,400,1
69.658,682.0,972.0,946.0,923.0,0.5449,0.6746,0.483,0.8221,0.6097,,EDGE_AVOID,灰度趋势变暗，提前避让,left,-0.1297,-0.3391,0,slow,0.0,right,0.0,640,400,1
69.678,683.0,955.0,944.0,920.0,0.582,0.6746,0.4782,0.8221,0.6283,,EDGE_AVOID,灰度趋势变暗，提前避让,left,-0.0926,-0.344,0,slow,0.0,right,0.0,640,400,1
69.698,662.0,955.0,910.0,941.0,0.582,0.6409,0.4782,0.8322,0.6115,,EDGE_AVOID,灰度趋势变暗，提前避让,left,-0.0588,-0.3541,0,slow,0.0,right,0.0,640,400,1
69.718,649.0,974.0,904.0,939.0,0.5201,0.6409,0.3956,0.8859,0.5805,,EDGE_AVOID,灰度趋势变暗，提前避让,left,-0.1207,-0.4903,0,slow,0.0,right,0.0,640,400,1
69.738,640.0,972.0,893.0,939.0,0.4799,0.6746,0.3811,0.8859,0.5772,,EDGE_AVOID,灰度趋势变暗，提前避让,left,-0.1947,-0.5048,0,slow,0.0,right,0.0,640,400,1
69.758,642.0,966.0,893.0,957.0,0.4582,0.6746,0.3544,0.8859,0.5664,,EDGE_AVOID,灰度趋势变暗，提前避让,left,-0.2164,-0.5315,0,slow,0.0,right,0.0,640,400,1
69.778,649.0,970.0,920.0,943.0,0.4582,0.6706,0.3544,0.8993,0.5644,,EDGE_AVOID,灰度趋势变暗，提前避让,left,-0.2124,-0.545,0,slow,0.0,right,0.0,640,400,1
69.798,650.0,971.0,917.0,953.0,0.4799,0.6706,0.4126,0.9329,0.5753,,EDGE_AVOID,灰度趋势变暗，提前避让,left,-0.1908,-0.5203,0,slow,0.0,right,0.0,640,400,1
69.819,661.0,982.0,927.0,950.0,0.483,0.6726,0.4199,0.9228,0.5778,,EDGE_AVOID,灰度趋势变暗，提前避让,left,-0.1896,-0.5029,0,slow,0.0,right,0.0,640,400,1
69.839,663.0,985.0,937.0,940.0,0.517,0.6944,0.4369,0.9228,0.6057,,EDGE_AVOID,灰度趋势变暗，提前避让,left,-0.1774,-0.4859,0,slow,0.0,right,0.0,640,400,1
69.859,673.0,991.0,948.0,946.0,0.5232,0.7004,0.4612,0.9094,0.6118,,EDGE_AVOID,灰度趋势变暗，提前避让,left,-0.1772,-0.4482,0,slow,0.0,right,0.0,640,400,1
69.879,673.0,1004.0,959.0,943.0,0.5542,0.7123,0.4879,0.8993,0.6332,,EDGE_AVOID,灰度趋势变暗，提前避让,left,-0.1581,-0.4115,0,slow,0.0,right,0.0,640,400,1
69.899,683.0,997.0,964.0,960.0,0.5542,0.7242,0.5146,0.9094,0.6392,,EDGE_AVOID,灰度趋势变暗，提前避让,left,-0.17,-0.3948,0,slow,0.0,right,0.0,640,400,1
69.919,682.0,994.0,965.0,960.0,0.582,0.7242,0.5267,0.9564,0.6531,,EDGE_AVOID,灰度趋势变暗，提前避让,left,-0.1422,-0.4297,0,slow,0.0,right,0.0,640,400,1
69.939,676.0,998.0,942.0,953.0,0.582,0.7242,0.5267,0.9564,0.6531,,EDGE_AVOID,灰度趋势变暗，提前避让,left,-0.1422,-0.4297,0,slow,0.0,right,0.0,640,400,1
69.959,674.0,973.0,962.0,951.0,0.5635,0.7183,0.5218,0.9329,0.6409,,EDGE_AVOID,灰度趋势变暗，提前避让,left,-0.1548,-0.411,0,slow,0.0,right,0.0,640,400,1
69.979,683.0,1005.0,958.0,956.0,0.5635,0.7262,0.5121,0.9329,0.6448,,EDGE_AVOID,灰度趋势变暗，提前避让,left,-0.1627,-0.4207,0,slow,0.0,right,0.0,640,400,1
70.0,683.0,1005.0,958.0,956.0,0.5851,0.7401,0.5121,0.943,0.6626,,EDGE_AVOID,灰度趋势变暗，提前避让,left,-0.1549,-0.4308,0,slow,0.0,right,0.0,640,400,1
70.02,688.0,993.0,948.0,961.0,0.5851,0.7401,0.5121,0.943,0.6626,,EDGE_AVOID,灰度趋势变暗，提前避让,left,-0.1549,-0.4308,0,slow,0.0,right,0.0,640,400,1
70.04,691.0,994.0,963.0,958.0,0.6006,0.7183,0.5121,0.9497,0.6594,,EDGE_AVOID,灰度趋势变暗，提前避让,left,-0.1176,-0.4375,0,slow,0.0,right,0.0,640,400,1
70.06,699.0,1000.0,973.0,952.0,0.6099,0.7183,0.5243,0.9497,0.6641,,EDGE_AVOID,灰度趋势变暗，提前避让,left,-0.1083,-0.4254,0,slow,0.0,right,0.0,640,400,1
70.08,700.0,1003.0,971.0,954.0,0.6347,0.7302,0.5437,0.9362,0.6824,,EDGE_AVOID,灰度趋势变暗，提前避让,left,-0.0955,-0.3926,0,slow,0.0,right,0.0,640,400,1
70.1,688.0,1006.0,975.0,955.0,0.6347,0.7361,0.5485,0.9362,0.6854,,EDGE_AVOID,灰度趋势变暗，提前避让,left,-0.1014,-0.3877,0,slow,0.0,right,0.0,640,400,1
70.12,681.0,988.0,975.0,953.0,0.6006,0.7361,0.5534,0.9362,0.6684,,EDGE_AVOID,灰度趋势变暗，提前避让,left,-0.1355,-0.3828,0,slow,0.0,right,0.0,640,400,1
70.14,689.0,990.0,985.0,938.0,0.6006,0.7103,0.5534,0.9329,0.6555,,EDGE_AVOID,灰度趋势变暗，提前避让,left,-0.1097,-0.3795,0,slow,0.0,right,0.0,640,400,1
70.16,692.0,991.0,982.0,955.0,0.6037,0.7103,0.5704,0.9329,0.657,,EDGE_AVOID,灰度趋势变暗，提前避让,left,-0.1066,-0.3625,0,slow,0.0,right,0.0,640,400,1
70.18,691.0,980.0,992.0,969.0,0.6099,0.7103,0.5777,0.9396,0.6601,,EDGE_AVOID,灰度趋势变暗，提前避让,left,-0.1004,-0.3619,0,slow,0.0,right,0.0,640,400,1
70.201,699.0,976.0,984.0,952.0,0.613,0.6905,0.5752,0.9396,0.6517,,EDGE_AVOID,灰度趋势变暗，提前避让,left,-0.0775,-0.3644,0,slow,0.0,right,0.0,640,400,1
70.221,698.0,978.0,990.0,949.0,0.6316,0.6865,0.5898,0.9295,0.659,,EDGE_AVOID,灰度趋势变暗，提前避让,left,-0.0549,-0.3397,0,slow,0.0,right,0.0,640,400,1
70.241,704.0,976.0,985.0,946.0,0.6347,0.6825,0.5777,0.9195,0.6586,,EDGE_AVOID,灰度趋势变暗，提前避让,left,-0.0479,-0.3418,0,slow,0.0,right,0.0,640,400,1
70.261,701.0,973.0,987.0,947.0,0.6409,0.6825,0.5825,0.9128,0.6617,,EDGE_AVOID,灰度趋势变暗，提前避让,left,-0.0417,-0.3302,0,slow,0.0,right,0.0,640,400,1
70.281,710.0,973.0,986.0,947.0,0.6502,0.6766,0.5801,0.9128,0.6634,,EDGE_AVOID,灰度趋势变暗，提前避让,left,-0.0264,-0.3327,0,slow,0.0,right,0.0,640,400,1
70.301,718.0,977.0,990.0,939.0,0.6687,0.6766,0.5825,0.9128,0.6727,,EDGE_AVOID,灰度趋势变暗，提前避让,left,-0.0079,-0.3302,0,slow,0.0,right,0.0,640,400,1
70.321,721.0,983.0,1010.0,934.0,0.6935,0.6845,0.5898,0.8859,0.689,,EDGE_AVOID,灰度趋势变暗，提前避让,left,0.009,-0.2961,0,slow,0.0,right,0.0,640,400,1
70.341,724.0,996.0,1021.0,924.0,0.7028,0.6964,0.6383,0.8691,0.6996,,EDGE_AVOID,灰度趋势变暗，提前避让,left,0.0064,-0.2308,0,slow,0.0,right,0.0,640,400,1
70.361,724.0,986.0,1017.0,914.0,0.7121,0.7024,0.6553,0.8356,0.7072,,EDGE_AVOID,灰度趋势变暗，提前避让,left,0.0097,-0.1802,0,slow,0.0,right,0.0,640,400,1
70.382,725.0,980.0,1013.0,923.0,0.7121,0.7024,0.6553,0.8322,0.7072,,EDGE_AVOID,灰度趋势变暗，提前避让,left,0.0097,-0.1769,0,slow,0.0,right,0.0,640,400,1
70.402,731.0,989.0,1007.0,945.0,0.7152,0.7024,0.6456,0.8322,0.7088,,EDGE_AVOID,灰度趋势变暗，提前避让,left,0.0128,-0.1866,0,slow,0.0,right,0.0,640,400,1
70.422,732.0,994.0,1045.0,954.0,0.7337,0.7083,0.6456,0.906,0.721,,EDGE_AVOID,灰度趋势变暗，提前避让,left,0.0254,-0.2604,0,slow,0.0,right,0.0,640,400,1
70.442,736.0,1000.0,1037.0,958.0,0.7368,0.7183,0.7039,0.9362,0.7275,,EDGE_AVOID,灰度趋势变暗，提前避让,left,0.0186,-0.2324,0,slow,0.0,right,0.0,640,400,1
70.462,736.0,1000.0,1037.0,958.0,0.7492,0.7302,0.7039,0.9497,0.7397,,EDGE_AVOID,灰度趋势变暗，提前避让,left,0.0191,-0.2458,0,slow,0.0,right,0.0,640,400,1
70.482,745.0,999.0,1043.0,964.0,0.7492,0.7302,0.7039,0.9497,0.7397,,EDGE_AVOID,灰度趋势变暗，提前避让,left,0.0191,-0.2458,0,slow,0.0,right,0.0,640,400,1
70.502,757.0,1011.0,1052.0,984.0,0.7771,0.7302,0.7184,0.9698,0.7536,,EDGE_AVOID,灰度趋势变暗，提前避让,left,0.0469,-0.2514,0,slow,0.0,right,0.0,640,400,1
70.522,770.0,1001.0,1053.0,994.0,0.8142,0.7321,0.7403,1.0369,0.7773,,EDGE_AVOID,灰度趋势变暗，提前避让,left,0.0821,-0.2966,0,slow,0.0,right,0.0,640,400,1
70.543,782.0,1013.0,1059.0,983.0,0.8545,0.752,0.7427,1.0369,0.8032,,EDGE_AVOID,灰度趋势变暗，提前避让,left,0.1025,-0.2942,0,slow,0.0,right,0.0,640,400,1
70.563,790.0,1017.0,1057.0,973.0,0.8916,0.756,0.7524,1.0336,0.8238,,EDGE_AVOID,灰度趋势变暗，提前避让,left,0.1357,-0.2811,0,slow,0.0,right,0.0,640,400,1
70.583,795.0,1045.0,1071.0,972.0,0.9164,0.7639,0.7573,1.0,0.8401,,EDGE_AVOID,灰度趋势变暗，提前避让,left,0.1525,-0.2427,0,slow,0.0,right,0.0,640,400,1
70.603,808.0,1045.0,1088.0,1001.0,0.9319,0.8194,0.7864,1.0,0.8757,,EDGE_AVOID,避让滞回，未恢复不退出,left,0.1124,-0.2136,0,slow,0.0,right,0.0,640,400,1
70.623,812.0,1045.0,1097.0,1002.0,0.9721,0.8194,0.8277,1.094,0.8999,,EDGE_AVOID,避让滞回，未恢复不退出,left,0.1527,-0.2663,0,slow,0.0,right,0.0,640,400,1
70.643,811.0,1063.0,1109.0,1013.0,0.9814,0.8194,0.8495,1.0973,0.9155,,EDGE_AVOID,避让滞回，未恢复不退出,left,0.162,-0.2478,0,slow,0.0,right,0.0,640,400,1
70.663,823.0,1080.0,1101.0,1021.0,0.9845,0.8552,0.8592,1.1342,0.9219,,EDGE_AVOID,避让滞回，未恢复不退出,left,0.1294,-0.275,0,slow,0.0,right,0.0,640,400,1
70.683,828.0,1089.0,1096.0,1033.0,1.0186,0.8889,0.8592,1.1611,0.9537,,CRUISE,按区域分级巡航,,0.1297,-0.3019,0,fast,0.0,,0.0,500,400,1
70.703,843.0,1096.0,1094.0,1036.0,1.0341,0.9067,0.8471,1.2013,0.9704,,CRUISE,按区域分级巡航,,0.1273,-0.3543,0,fast,0.0,,0.0,500,400,1
70.724,848.0,1125.0,1121.0,1066.0,1.0805,0.9206,0.8471,1.2114,1.0006,,CRUISE,按区域分级巡航,,0.1599,-0.3643,0,fast,0.0,,0.0,500,400,1
70.744,866.0,1146.0,1130.0,1057.0,1.096,0.9782,0.9078,1.2819,1.0371,,CRUISE,按区域分级巡航,,0.1178,-0.3741,0,fast,0.0,,0.0,500,400,1
70.764,874.0,1176.0,1142.0,1075.0,1.1517,1.0198,0.9296,1.3121,1.0858,,CRUISE,按区域分级巡航,,0.1319,-0.3825,0,fast,0.0,,0.0,500,400,1
70.784,894.0,1179.0,1155.0,1106.0,1.1765,1.0794,0.9587,1.3423,1.1279,,CRUISE,按区域分级巡航,,0.0971,-0.3835,0,fast,0.0,,0.0,500,400,1
70.804,905.0,1194.0,1169.0,1121.0,1.2384,1.0853,0.9903,1.4463,1.1619,,CRUISE,按区域分级巡航,,0.1531,-0.456,0,fast,0.0,,0.0,500,400,1
70.824,908.0,1216.0,1179.0,1131.0,1.2724,1.1151,1.0243,1.4966,1.1938,,CRUISE,按区域分级巡航,,0.1574,-0.4724,0,fast,0.0,,0.0,500,400,1
70.844,915.0,1218.0,1187.0,1133.0,1.2817,1.1587,1.0485,1.5302,1.2202,,CRUISE,按区域分级巡航,,0.123,-0.4817,0,fast,0.0,,0.0,500,400,1
70.864,923.0,1216.0,1203.0,1132.0,1.3034,1.1587,1.068,1.5336,1.2311,,CRUISE,按区域分级巡航,,0.1447,-0.4656,0,fast,0.0,,0.0,500,400,1
70.884,923.0,1216.0,1203.0,1132.0,1.3282,1.1587,1.1068,1.5336,1.2435,,CRUISE,按区域分级巡航,,0.1694,-0.4268,0,fast,0.0,,0.0,500,400,1
70.905,936.0,1224.0,1201.0,1135.0,1.3282,1.1587,1.1068,1.5336,1.2435,,CRUISE,按区域分级巡航,,0.1694,-0.4268,0,fast,0.0,,0.0,500,400,1
70.925,951.0,1218.0,1207.0,1160.0,1.3684,1.1627,1.1068,1.5436,1.2656,,CRUISE,按区域分级巡航,,0.2057,-0.4368,0,fast,0.0,,0.0,500,400,1
70.945,964.0,1246.0,1219.0,1173.0,1.4149,1.1746,1.1165,1.6275,1.2947,,CRUISE,按区域分级巡航,,0.2403,-0.511,0,fast,0.0,,0.0,500,400,1
70.965,976.0,1249.0,1226.0,1181.0,1.4551,1.2183,1.1456,1.6711,1.3367,,CRUISE,按区域分级巡航,,0.2369,-0.5255,0,fast,0.0,,0.0,500,400,1
70.985,978.0,1248.0,1236.0,1189.0,1.4923,1.2222,1.1626,1.698,1.3572,,CRUISE,按区域分级巡航,,0.27,-0.5354,0,fast,0.0,,0.0,500,400,1
71.005,984.0,1267.0,1253.0,1201.0,1.4985,1.2242,1.1869,1.7248,1.3613,,CRUISE,按区域分级巡航,,0.2742,-0.5379,0,fast,0.0,,0.0,500,400,1
71.025,1001.0,1270.0,1264.0,1200.0,1.517,1.2599,1.2282,1.7617,1.3885,,CRUISE,按区域分级巡航,,0.2571,-0.5336,0,fast,0.0,,0.0,500,400,1
71.045,1020.0,1288.0,1276.0,1210.0,1.5697,1.2659,1.2549,1.7651,1.4178,,CRUISE,按区域分级巡航,,0.3038,-0.5102,0,fast,0.0,,0.0,500,400,1
71.065,1041.0,1310.0,1293.0,1235.0,1.6285,1.3016,1.284,1.7953,1.465,,CRUISE,按区域分级巡航,,0.3269,-0.5113,0,fast,0.0,,0.0,500,400,1
71.086,1050.0,1325.0,1283.0,1259.0,1.6935,1.3452,1.301,1.8792,1.5194,,CRUISE,按区域分级巡航,,0.3483,-0.5782,0,fast,0.0,,0.0,500,400,1
71.106,1065.0,1330.0,1297.0,1269.0,1.7214,1.375,1.3252,1.9597,1.5482,,CRUISE,按区域分级巡航,,0.3464,-0.6345,0,fast,0.0,,0.0,500,400,1
71.126,1078.0,1339.0,1314.0,1284.0,1.7678,1.3849,1.335,1.9933,1.5764,,CRUISE,按区域分级巡航,,0.3829,-0.6583,0,fast,0.0,,0.0,500,400,1
71.146,1084.0,1354.0,1324.0,1298.0,1.808,1.4028,1.3762,2.0436,1.6054,,CRUISE,按区域分级巡航,,0.4053,-0.6674,0,fast,0.0,,0.0,500,400,1
71.166,1093.0,1368.0,1338.0,1314.0,1.8266,1.4325,1.4005,2.0906,1.6296,,CRUISE,按区域分级巡航,,0.3941,-0.6901,0,fast,0.0,,0.0,500,400,1
71.186,1105.0,1380.0,1353.0,1325.0,1.8545,1.4603,1.4345,2.1443,1.6574,,CRUISE,按区域分级巡航,,0.3942,-0.7098,0,fast,0.0,,0.0,500,400,1
71.206,1118.0,1398.0,1370.0,1330.0,1.8916,1.4841,1.4709,2.1812,1.6879,,CRUISE,按区域分级巡航,,0.4075,-0.7103,0,fast,0.0,,0.0,500,400,1
71.226,1130.0,1410.0,1366.0,1342.0,1.9319,1.5198,1.5024,2.198,1.7259,,CRUISE,按区域分级巡航,,0.412,-0.6956,0,fast,0.0,,0.0,500,400,1
71.246,1146.0,1417.0,1367.0,1358.0,1.969,1.5437,1.5049,2.2383,1.7563,,CRUISE,按区域分级巡航,,0.4254,-0.7334,0,fast,0.0,,0.0,500,400,1
71.267,1152.0,1419.0,1365.0,1365.0,2.0186,1.5575,1.5024,2.2919,1.7881,,CRUISE,按区域分级巡航,,0.461,-0.7895,0,fast,0.0,,0.0,500,400,1
71.287,1168.0,1443.0,1387.0,1360.0,2.0372,1.5615,1.5049,2.2987,1.7993,,CRUISE,按区域分级巡航,,0.4756,-0.7938,0,fast,0.0,,0.0,500,400,1
71.307,1168.0,1443.0,1387.0,1360.0,2.0867,1.6091,1.5534,2.2987,1.8479,,CRUISE,按区域分级巡航,,0.4776,-0.7453,0,fast,0.0,,0.0,500,400,1
71.327,1176.0,1466.0,1397.0,1375.0,2.0867,1.6091,1.5534,2.2987,1.8479,,CRUISE,按区域分级巡航,,0.4776,-0.7453,0,fast,0.0,,0.0,500,400,1
71.347,1178.0,1484.0,1410.0,1386.0,2.1115,1.6548,1.5777,2.349,1.8831,,CRUISE,按区域分级巡航,,0.4567,-0.7713,0,fast,0.0,,0.0,500,400,1
71.367,1180.0,1496.0,1418.0,1377.0,2.1176,1.6905,1.6092,2.3557,1.9041,,CRUISE,按区域分级巡航,,0.4272,-0.7465,0,fast,0.0,,0.0,500,400,1
71.387,1185.0,1507.0,1424.0,1385.0,2.1238,1.7143,1.6286,2.3826,1.9191,,CRUISE,按区域分级巡航,,0.4096,-0.7539,0,fast,0.0,,0.0,500,400,1
71.407,1187.0,1518.0,1424.0,1412.0,2.1393,1.7361,1.6432,2.3826,1.9377,,CRUISE,按区域分级巡航,,0.4032,-0.7393,0,fast,0.0,,0.0,500,400,1
71.427,1192.0,1511.0,1424.0,1409.0,2.1455,1.744,1.6432,2.4631,1.9448,,CRUISE,按区域分级巡航,,0.4015,-0.8199,0,fast,0.0,,0.0,500,400,1
71.447,1186.0,1504.0,1418.0,1413.0,2.1455,1.744,1.6432,2.4732,1.9448,,CRUISE,按区域分级巡航,,0.4015,-0.83,0,fast,0.0,,0.0,500,400,1
71.468,1202.0,1522.0,1424.0,1419.0,2.161,1.744,1.6432,2.4765,1.9525,,CRUISE,按区域分级巡航,,0.4169,-0.8333,0,fast,0.0,,0.0,500,400,1
71.488,1216.0,1540.0,1433.0,1447.0,2.192,1.7659,1.6432,2.4966,1.9789,,CRUISE,按区域分级巡航,,0.4261,-0.8534,0,fast,0.0,,0.0,500,400,1
71.508,1234.0,1568.0,1457.0,1459.0,2.2353,1.8016,1.665,2.5906,2.0184,,CRUISE,按区域分级巡航,,0.4337,-0.9256,0,fast,0.0,,0.0,500,400,1
71.528,1236.0,1579.0,1465.0,1456.0,2.291,1.8571,1.7233,2.6208,2.0741,,CRUISE,按区域分级巡航,,0.4339,-0.8975,0,fast,0.0,,0.0,500,400,1
71.548,1254.0,1591.0,1463.0,1464.0,2.2972,1.879,1.7379,2.6309,2.0881,,CRUISE,按区域分级巡航,,0.4182,-0.893,0,fast,0.0,,0.0,500,400,1
71.568,1253.0,1600.0,1464.0,1463.0,2.3498,1.9028,1.7403,2.6443,2.1263,,CRUISE,按区域分级巡航,,0.4471,-0.904,0,fast,0.0,,0.0,500,400,1
71.588,1265.0,1620.0,1483.0,1485.0,2.3529,1.9206,1.7403,2.6477,2.1368,,CRUISE,按区域分级巡航,,0.4323,-0.9074,0,fast,0.0,,0.0,500,400,1
71.608,1275.0,1630.0,1478.0,1485.0,2.387,1.9603,1.7743,2.7181,2.1737,,CRUISE,按区域分级巡航,,0.4267,-0.9438,0,fast,0.0,,0.0,500,400,1
71.628,1296.0,1638.0,1520.0,1502.0,2.418,1.9802,1.7864,2.7181,2.1991,,CRUISE,按区域分级巡航,,0.4378,-0.9317,0,fast,0.0,,0.0,500,400,1
71.648,1309.0,1636.0,1600.0,1522.0,2.483,1.9921,1.8762,2.7752,2.2375,,CRUISE,按区域分级巡航,,0.4909,-0.899,0,fast,0.0,,0.0,500,400,1
71.669,1318.0,1644.0,1682.0,1515.0,2.5232,1.996,2.0704,2.8188,2.2968,,CRUISE,按区域分级巡航,,0.5272,-0.7484,0,fast,0.0,,0.0,500,400,1
71.689,1323.0,1654.0,1646.0,1509.0,2.5511,2.0079,2.182,2.8188,2.3666,,CRUISE,按区域分级巡航,,0.5431,-0.6368,0,fast,0.0,,0.0,500,400,1
71.709,1313.0,1676.0,1602.0,1432.0,2.5511,2.0278,2.182,2.7987,2.3666,,CRUISE,按区域分级巡航,,0.5233,-0.6166,0,fast,0.0,,0.0,500,400,1
71.729,1345.0,1678.0,1588.0,1300.0,2.5666,2.0714,2.0752,2.5403,2.3078,,CRUISE,按区域分级巡航,,0.4951,-0.465,0,fast,0.0,,0.0,500,400,1
71.749,1345.0,1678.0,1588.0,1300.0,2.6347,2.0754,2.0413,2.0973,2.0864,,CRUISE,按区域分级巡航,,0.5593,-0.0561,0,fast,0.0,,0.0,500,400,1
71.769,1382.0,1698.0,1594.0,1160.0,2.6347,2.0754,2.0413,2.0973,2.0864,,CRUISE,按区域分级巡航,,0.5593,-0.0561,0,fast,0.0,,0.0,500,400,1
71.789,1305.0,1705.0,1595.0,1099.0,2.6347,2.1151,2.0558,1.6275,2.0855,,CRUISE,按区域分级巡航,,0.5196,0.4283,0,fast,0.0,,0.0,500,400,1
71.809,1203.0,1711.0,1600.0,1089.0,2.5108,2.129,2.0583,1.4228,2.0936,,CRUISE,按区域分级巡航,,0.3819,0.6354,0,fast,0.0,,0.0,500,400,1
71.829,1090.0,1715.0,1606.0,1100.0,2.195,2.1409,2.0704,1.4228,2.1056,,CRUISE,按区域分级巡航,,0.0542,0.6476,0,fast,0.0,,0.0,500,400,1
71.85,1028.0,1737.0,1627.0,1088.0,1.8452,2.1488,2.085,1.3893,1.9651,,CRUISE,按区域分级巡航,,-0.3036,0.6957,0,fast,0.0,,0.0,500,400,1
71.87,996.0,1734.0,1621.0,1088.0,1.6533,2.1865,2.1214,1.3859,1.8873,,CRUISE,按区域分级巡航,,-0.5333,0.7355,0,fast,0.0,,0.0,500,400,1
71.89,982.0,1755.0,1632.0,1085.0,1.5542,2.1925,2.1359,1.3859,1.8451,,CRUISE,按区域分级巡航,,-0.6383,0.75,0,fast,0.0,,0.0,500,400,1
71.91,1001.0,1755.0,1646.0,1078.0,1.5542,2.2282,2.1481,1.3758,1.8511,,CRUISE,按区域分级巡航,,-0.674,0.7722,0,fast,0.0,,0.0,500,400,1
71.93,978.0,1786.0,1657.0,1080.0,1.5108,2.2282,2.182,1.3591,1.8464,,CRUISE,按区域分级巡航,,-0.7173,0.823,0,fast,0.0,,0.0,500,400,1
71.95,975.0,1790.0,1651.0,1088.0,1.4985,2.2897,2.1942,1.3591,1.8463,,CRUISE,按区域分级巡航,,-0.7912,0.8351,0,fast,0.0,,0.0,500,400,1
71.97,963.0,1796.0,1664.0,1094.0,1.4892,2.2976,2.2087,1.3859,1.849,,CRUISE,按区域分级巡航,,-0.8085,0.8228,0,fast,0.0,,0.0,500,400,1
71.99,949.0,1805.0,1666.0,1096.0,1.452,2.3095,2.2257,1.406,1.8389,,CRUISE,按区域分级巡航,,-0.8575,0.8197,0,fast,0.0,,0.0,500,400,1
72.01,974.0,1812.0,1674.0,1101.0,1.452,2.3274,2.2306,1.4128,1.8413,,CRUISE,按区域分级巡航,,-0.8754,0.8178,0,fast,0.0,,0.0,500,400,1
72.03,968.0,1682.0,1668.0,1102.0,1.4675,2.3274,2.2354,1.4295,1.8515,,CRUISE,按区域分级巡航,,-0.8599,0.8059,0,fast,0.0,,0.0,500,400,1
72.051,993.0,1433.0,1647.0,1080.0,1.4861,2.0833,2.2354,1.4295,1.7847,,CRUISE,按区域分级巡航,,-0.5973,0.8059,0,fast,0.0,,0.0,500,400,1
72.071,1160.0,1313.0,1554.0,1130.0,1.5449,1.5893,2.1845,1.4329,1.5671,,CRUISE,按区域分级巡航,,-0.0444,0.7516,0,fast,0.0,,0.0,500,400,1
72.091,1412.0,1278.0,1407.0,1118.0,2.0619,1.3512,1.9587,1.4866,1.7227,,CRUISE,按区域分级巡航,,0.7107,0.4722,0,fast,0.0,,0.0,500,400,1
72.111,1533.0,1273.0,1324.0,1363.0,2.8421,1.2817,1.6019,1.5268,1.5644,,CRUISE,按区域分级巡航,,1.5604,0.0751,0,fast,0.0,,0.0,500,400,1
72.131,1570.0,1273.0,1312.0,1677.0,3.2167,1.2718,1.4005,2.3087,1.8546,,CRUISE,按区域分级巡航,,1.9449,-0.9082,0,fast,0.0,,0.0,500,400,1
72.151,1583.0,1309.0,1300.0,1785.0,3.3313,1.2718,1.3714,3.3624,2.3513,front,CRUISE,按区域分级巡航,,2.0594,-1.9911,0,fast,0.0,,0.0,500,400,1
72.171,1583.0,1309.0,1300.0,1785.0,3.3715,1.3433,1.3422,3.7248,2.3574,front/right,CRUISE,按区域分级巡航,,2.0283,-2.3826,0,fast,0.0,,0.0,500,400,1
72.191,1592.0,1282.0,1293.0,1767.0,3.3715,1.3433,1.3422,3.7248,2.3574,front/right,CRUISE,按区域分级巡航,,2.0283,-2.3826,0,fast,0.0,,0.0,500,400,1
72.211,1596.0,1268.0,1294.0,1744.0,3.3994,1.2897,1.3277,3.6644,2.3635,front/right,CRUISE,按区域分级巡航,,2.1097,-2.3368,0,fast,0.0,,0.0,500,400,1
72.231,1594.0,1262.0,1293.0,1769.0,3.4056,1.2619,1.3252,3.6644,2.3654,front/right,CRUISE,按区域分级巡航,,2.1437,-2.3392,0,fast,0.0,,0.0,500,400,1
72.252,1584.0,1228.0,1292.0,1778.0,3.4056,1.25,1.3252,3.6711,2.3654,front/right,CRUISE,按区域分级巡航,,2.1556,-2.3459,0,fast,0.0,,0.0,500,400,1
72.272,1538.0,1249.0,1288.0,1769.0,3.3746,1.2242,1.3228,3.6711,2.3487,front/right,CRUISE,按区域分级巡航,,2.1504,-2.3483,0,fast,0.0,,0.0,500,400,1
72.292,1428.0,1277.0,1281.0,1758.0,3.2322,1.2242,1.3131,3.6711,2.2727,right,CRUISE,按区域分级巡航,,2.008,-2.358,0,fast,0.0,,0.0,500,400,1
72.312,1269.0,1441.0,1254.0,1757.0,2.8916,1.2798,1.2961,3.6342,2.0939,right,CRUISE,按区域分级巡航,,1.6119,-2.3381,0,fast,0.0,,0.0,500,400,1
72.332,1126.0,1730.0,1245.0,1779.0,2.3994,1.6052,1.2306,3.6342,2.0023,right,CRUISE,按区域分级巡航,,0.7942,-2.4036,0,fast,0.0,,0.0,500,400,1
