t,front,rear,left,right,zone_front,zone_rear,zone_left,zone_right,fall,fall_edge,ir_front,ir_rear,ir_left_front,ir_left_rear,ir_right_front,ir_right_rear,ir_valid,diff,state,reason,left_cmd,right_cmd,healthy
0.0,0.0,0.0,0.0,0.0,-1.8122,-1.7386,-1.2758,-2.3862,0,0,1,1,1,1,1,1,1,0.0,SENSOR_STOP,传感器无效或数据过期,0,0,0
0.021,545.0,742.0,373.0,1015.0,-1.0707,-0.9303,-0.7563,-1.3267,0,0,0,0,0,0,0,0,1,471.0,SENSOR_STOP,传感器无效或数据过期,0,0,1
0.041,545.0,741.0,374.0,1014.0,-0.3293,-0.1242,-0.2368,-0.2693,1,0,0,0,0,0,0,0,1,210.0,SENSOR_STOP,传感器无效或数据过期,0,0,1
0.061,545.0,741.0,373.0,1013.0,-0.3293,-0.1242,-0.2368,-0.2693,1,0,0,0,0,0,0,0,1,209.0,SENSOR_STOP,传感器无效或数据过期,0,0,1
0.081,544.0,740.0,373.0,1013.0,-0.3293,-0.1242,-0.2368,-0.2714,1,1,0,0,0,0,0,0,1,160.0,IR_WAIT,掉台但六路红外暂时无值，停车等待,0,0,1
0.102,544.0,738.0,371.0,1011.0,-0.332,-0.1264,-0.2368,-0.2714,1,0,0,0,0,0,0,0,1,177.0,IR_WAIT,掉台但六路红外暂时无值，停车等待,0,0,1
0.122,544.0,739.0,371.0,1011.0,-0.332,-0.1285,-0.2423,-0.2756,1,0,0,0,0,0,0,0,1,258.0,IR_WAIT,掉台但六路红外暂时无值，停车等待,0,0,1
0.142,545.0,741.0,373.0,1013.0,-0.332,-0.1285,-0.2423,-0.2756,1,0,0,0,0,0,0,0,1,242.0,IR_WAIT,掉台但六路红外暂时无值，停车等待,0,0,1
0.163,544.0,742.0,373.0,1013.0,-0.332,-0.1242,-0.2368,-0.2714,1,0,0,0,0,0,0,0,1,162.0,IR_WAIT,掉台但六路红外暂时无值，停车等待,0,0,1
0.183,544.0,742.0,373.0,1014.0,-0.332,-0.122,-0.2368,-0.2714,1,0,0,0,0,0,0,0,1,160.0,IR_WAIT,掉台但六路红外暂时无值，停车等待,0,0,1
0.203,545.0,743.0,373.0,1014.0,-0.332,-0.122,-0.2368,-0.2693,1,0,0,0,0,0,0,0,1,-6.0,IR_WAIT,掉台但六路红外暂时无值，停车等待,0,0,1
0.223,545.0,742.0,373.0,1015.0,-0.3293,-0.122,-0.2368,-0.2693,1,0,0,0,0,0,0,0,1,178.0,IR_WAIT,掉台但六路红外暂时无值，停车等待,0,0,1
0.243,545.0,741.0,373.0,1015.0,-0.3293,-0.122,-0.2368,-0.2672,1,0,0,0,0,0,0,0,1,162.0,IR_WAIT,掉台但六路红外暂时无值，停车等待,0,0,1
0.263,546.0,743.0,375.0,1016.0,-0.3293,-0.122,-0.2368,-0.2672,1,0,0,0,0,0,0,0,1,684.0,IR_WAIT,掉台但六路红外暂时无值，停车等待,0,0,1
0.283,545.0,742.0,374.0,1015.0,-0.3293,-0.122,-0.234,-0.2672,1,0,0,0,0,0,0,0,1,226.0,IR_WAIT,掉台但六路红外暂时无值，停车等待,0,0,1
0.303,546.0,743.0,374.0,1015.0,-0.3265,-0.1198,-0.234,-0.2672,1,0,0,0,0,0,0,0,1,570.0,IR_WAIT,掉台但六路红外暂时无值，停车等待,0,0,1
0.323,546.0,743.0,374.0,1015.0,-0.3265,-0.1198,-0.234,-0.2672,1,0,0,0,0,0,0,0,1,293.0,IR_WAIT,掉台但六路红外暂时无值，停车等待,0,0,1
0.344,547.0,744.0,376.0,1018.0,-0.3265,-0.1198,-0.234,-0.2672,1,0,0,0,0,0,0,0,1,5.0,IR_WAIT,掉台但六路红外暂时无值，停车等待,0,0,1
0.364,547.0,744.0,376.0,1018.0,-0.3238,-0.1176,-0.2284,-0.261,1,0,0,0,0,0,0,0,1,177.0,IR_WAIT,掉台但六路红外暂时无值，停车等待,0,0,1
0.384,546.0,744.0,375.0,1017.0,-0.3238,-0.1176,-0.2284,-0.261,1,0,0,0,0,0,0,0,1,-5.0,IR_WAIT,掉台但六路红外暂时无值，停车等待,0,0,1
0.404,546.0,743.0,375.0,1018.0,-0.3265,-0.1176,-0.2312,-0.261,1,0,0,0,0,0,0,0,1,309.0,IR_WAIT,掉台但六路红外暂时无值，停车等待,0,0,1
0.424,547.0,745.0,376.0,1018.0,-0.3265,-0.1176,-0.2312,-0.261,1,0,0,0,0,0,0,0,1,179.0,IR_WAIT,掉台但六路红外暂时无值，停车等待,0,0,1
0.444,547.0,744.0,375.0,1017.0,-0.3238,-0.1176,-0.2312,-0.261,1,0,0,0,0,0,0,0,1,639.0,IR_WAIT,掉台但六路红外暂时无值，停车等待,0,0,1
0.464,547.0,744.0,376.0,1018.0,-0.3238,-0.1176,-0.2284,-0.261,1,0,0,0,0,0,0,0,1,179.0,IR_WAIT,掉台但六路红外暂时无值，停车等待,0,0,1
0.484,547.0,745.0,376.0,1019.0,-0.3238,-0.1176,-0.2284,-0.261,1,0,0,0,0,0,0,0,1,179.0,IR_WAIT,掉台但六路红外暂时无值，停车等待,0,0,1
0.504,547.0,745.0,376.0,1018.0,-0.3238,-0.1155,-0.2284,-0.261,1,0,0,0,0,0,0,0,1,228.0,IR_WAIT,掉台但六路红外暂时无值，停车等待,0,0,1
0.525,548.0,744.0,375.0,1018.0,-0.3238,-0.1155,-0.2284,-0.261,1,0,0,0,0,0,0,0,1,145.0,IR_WAIT,掉台但六路红外暂时无值，停车等待,0,0,1
0.545,546.0,744.0,376.0,1017.0,-0.3238,-0.1176,-0.2284,-0.261,1,0,0,0,0,0,0,0,1,133.0,IR_WAIT,掉台但六路红外暂时无值，停车等待,0,0,1
0.565,547.0,745.0,375.0,1017.0,-0.3238,-0.1176,-0.2312,-0.263,1,0,0,0,0,0,0,0,1,179.0,IR_WAIT,掉台但六路红外暂时无值，停车等待,0,0,1
0.585,547.0,745.0,376.0,1018.0,-0.3238,-0.1155,-0.2284,-0.263,1,0,0,0,0,0,0,0,1,145.0,IR_WAIT,掉台但六路红外暂时无值，停车等待,0,0,1
0.605,547.0,745.0,376.0,1017.0,-0.3238,-0.1155,-0.2284,-0.263,1,0,0,0,0,0,0,0,1,179.0,IR_WAIT,掉台但六路红外暂时无值，停车等待,0,0,1
0.625,547.0,742.0,374.0,1017.0,-0.3238,-0.1155,-0.2284,-0.263,1,0,0,0,0,0,0,0,1,200.0,IR_WAIT,掉台但六路红外暂时无值，停车等待,0,0,1
0.645,547.0,745.0,376.0,1018.0,-0.3238,-0.1155,-0.2284,-0.263,1,0,0,0,0,0,0,0,1,308.0,IR_WAIT,掉台但六路红外暂时无值，停车等待,0,0,1
0.665,549.0,746.0,376.0,1020.0,-0.3238,-0.1155,-0.2284,-0.261,1,0,0,0,0,0,0,0,1,151.0,IR_WAIT,掉台但六路红外暂时无值，停车等待,0,0,1
0.685,549.0,746.0,376.0,1020.0,-0.3184,-0.1133,-0.2284,-0.2568,1,0,0,0,0,0,0,0,1,151.0,IR_WAIT,掉台但六路红外暂时无值，停车等待,0,0,1
0.705,546.0,743.0,373.0,1014.0,-0.3184,-0.1133,-0.2284,-0.2568,1,0,0,0,0,0,0,0,1,630.0,IR_WAIT,掉台但六路红外暂时无值，停车等待,0,0,1
0.725,547.0,745.0,375.0,1018.0,-0.3238,-0.1155,-0.2312,-0.261,1,0,0,0,0,0,0,0,1,438.0,IR_WAIT,掉台但六路红外暂时无值，停车等待,0,0,1
0.745,548.0,745.0,375.0,1019.0,-0.3238,-0.1155,-0.2312,-0.261,1,0,0,0,0,0,0,0,1,245.0,IR_WAIT,掉台但六路红外暂时无值，停车等待,0,0,1
0.766,547.0,744.0,376.0,1018.0,-0.3238,-0.1155,-0.2312,-0.261,1,0,0,0,0,0,0,0,1,218.0,IR_WAIT,掉台但六路红外暂时无值，停车等待,0,0,1
0.786,548.0,744.0,375.0,1017.0,-0.3211,-0.1176,-0.2312,-0.261,1,0,0,0,0,0,0,0,1,-5.0,IR_WAIT,掉台但六路红外暂时无值，停车等待,0,0,1
0.806,547.0,744.0,376.0,1017.0,-0.3238,-0.1176,-0.2284,-0.263,1,0,0,0,0,0,0,0,1,-6.0,IR_WAIT,掉台但六路红外暂时无值，停车等待,0,0,1
0.826,546.0,742.0,373.0,1015.0,-0.3238,-0.1176,-0.2312,-0.263,1,0,0,0,0,0,0,0,1,148.0,IR_WAIT,掉台但六路红外暂时无值，停车等待,0,0,1
0.846,547.0,744.0,375.0,1017.0,-0.3238,-0.1176,-0.2312,-0.263,1,0,0,0,0,0,0,0,1,356.0,IR_WAIT,掉台但六路红外暂时无值，停车等待,0,0,1
0.866,546.0,744.0,375.0,1017.0,-0.3265,-0.1176,-0.2312,-0.263,1,0,0,0,0,0,0,0,1,714.0,IR_WAIT,掉台但六路红外暂时无值，停车等待,0,0,1
0.886,548.0,745.0,376.0,1019.0,-0.3238,-0.1176,-0.2312,-0.263,1,0,0,0,0,0,0,0,1,228.0,IR_WAIT,掉台但六路红外暂时无值，停车等待,0,0,1
0.906,546.0,744.0,375.0,1017.0,-0.3265,-0.1176,-0.2312,-0.263,1,0,0,0,0,0,0,0,1,358.0,IR_WAIT,掉台但六路红外暂时无值，停车等待,0,0,1
0.926,548.0,745.0,376.0,1019.0,-0.3211,-0.1155,-0.2284,-0.2589,1,0,0,0,0,0,0,0,1,19.0,IR_WAIT,掉台但六路红外暂时无值，停车等待,0,0,1
0.947,547.0,744.0,375.0,1016.0,-0.3238,-0.1176,-0.2312,-0.263,1,0,0,0,0,0,0,0,1,-9.0,IR_WAIT,掉台但六路红外暂时无值，停车等待,0,0,1
0.967,546.0,742.0,374.0,1014.0,-0.3238,-0.1176,-0.2312,-0.2651,1,0,0,0,0,0,0,0,1,178.0,IR_WAIT,掉台但六路红外暂时无值，停车等待,0,0,1
0.987,548.0,746.0,376.0,1018.0,-0.3238,-0.1176,-0.2312,-0.2651,1,0,0,0,0,0,0,0,1,161.0,IR_WAIT,掉台但六路红外暂时无值，停车等待,0,0,1
1.007,548.0,745.0,375.0,1017.0,-0.3211,-0.1155,-0.2312,-0.263,1,0,0,0,0,0,0,0,1,212.0,IR_WAIT,掉台但六路红外暂时无值，停车等待,0,0,1
1.027,546.0,743.0,375.0,1017.0,-0.3211,-0.1155,-0.2312,-0.263,1,0,0,0,0,0,0,0,1,146.0,IR_WAIT,掉台但六路红外暂时无值，停车等待,0,0,1
1.047,547.0,745.0,375.0,1017.0,-0.3238,-0.1155,-0.2312,-0.263,1,0,0,0,0,0,0,0,1,179.0,IR_WAIT,掉台但六路红外暂时无值，停车等待,0,0,1
1.067,546.0,744.0,376.0,1018.0,-0.3265,-0.1176,-0.2312,-0.263,1,0,0,0,0,0,0,0,1,162.0,IR_WAIT,掉台但六路红外暂时无值，停车等待,0,0,1
1.087,546.0,744.0,375.0,1016.0,-0.3265,-0.1176,-0.2312,-0.263,1,0,0,0,0,0,0,0,1,195.0,IR_WAIT,掉台但六路红外暂时无值，停车等待,0,0,1
1.107,547.0,744.0,376.0,1017.0,-0.3265,-0.1176,-0.2284,-0.263,1,0,0,0,0,0,0,0,1,472.0,IR_WAIT,掉台但六路红外暂时无值，停车等待,0,0,1
1.128,546.0,743.0,375.0,1016.0,-0.3265,-0.1176,-0.2312,-0.2651,1,0,0,0,0,0,0,0,1,197.0,IR_WAIT,掉台但六路红外暂时无值，停车等待,0,0,1
1.148,547.0,744.0,375.0,1018.0,-0.3238,-0.1176,-0.2312,-0.263,1,0,0,0,0,0,0,0,1,195.0,IR_WAIT,掉台但六路红外暂时无值，停车等待,0,0,1
1.168,548.0,745.0,375.0,1018.0,-0.3238,-0.1176,-0.2312,-0.261,1,0,0,0,0,0,0,0,1,160.0,IR_WAIT,掉台但六路红外暂时无值，停车等待,0,0,1
1.188,547.0,744.0,374.0,1017.0,-0.3238,-0.1176,-0.2312,-0.261,1,0,0,0,0,0,0,0,1,-4.0,IR_WAIT,掉台但六路红外暂时无值，停车等待,0,0,1
1.208,546.0,743.0,375.0,1016.0,-0.3238,-0.1176,-0.2312,-0.263,1,0,0,0,0,0,0,0,1,179.0,IR_WAIT,掉台但六路红外暂时无值，停车等待,0,0,1
1.228,548.0,745.0,375.0,1018.0,-0.3238,-0.1176,-0.2312,-0.263,1,0,0,0,0,0,0,0,1,257.0,IR_WAIT,掉台但六路红外暂时无值，停车等待,0,0,1
1.248,548.0,745.0,376.0,1018.0,-0.3211,-0.1155,-0.2312,-0.261,1,0,0,0,0,0,0,0,1,684.0,IR_WAIT,掉台但六路红外暂时无值，停车等待,0,0,1
1.268,548.0,745.0,376.0,1018.0,-0.3211,-0.1155,-0.2284,-0.261,1,0,0,0,0,0,0,0,1,684.0,IR_WAIT,掉台但六路红外暂时无值，停车等待,0,0,1
1.288,547.0,745.0,375.0,1017.0,-0.3211,-0.1155,-0.2284,-0.261,1,0,0,0,0,0,0,0,1,162.0,IR_WAIT,掉台但六路红外暂时无值，停车等待,0,0,1
1.308,548.0,744.0,375.0,1017.0,-0.3211,-0.1155,-0.2312,-0.263,1,0,0,0,0,0,0,0,1,666.0,IR_WAIT,掉台但六路红外暂时无值，停车等待,0,0,1
1.329,547.0,745.0,375.0,1018.0,-0.3238,-0.1155,-0.2312,-0.263,1,0,0,0,0,0,0,0,1,129.0,IR_WAIT,掉台但六路红外暂时无值，停车等待,0,0,1
1.349,548.0,745.0,375.0,1018.0,-0.3211,-0.1155,-0.2312,-0.261,1,0,0,0,0,0,0,0,1,162.0,IR_WAIT,掉台但六路红外暂时无值，停车等待,0,0,1
1.369,548.0,745.0,376.0,1018.0,-0.3211,-0.1155,-0.2312,-0.261,1,0,0,0,0,0,0,0,1,212.0,IR_WAIT,掉台但六路红外暂时无值，停车等待,0,0,1
1.389,547.0,744.0,375.0,1018.0,-0.3211,-0.1155,-0.2312,-0.261,1,0,0,0,0,0,0,0,1,-16.0,IR_WAIT,掉台但六路红外暂时无值，停车等待,0,0,1
1.409,547.0,745.0,375.0,1016.0,-0.3238,-0.1155,-0.2312,-0.261,1,0,0,0,0,0,0,0,1,145.0,IR_WAIT,掉台但六路红外暂时无值，停车等待,0,0,1
1.429,548.0,745.0,375.0,1018.0,-0.3238,-0.1155,-0.2312,-0.261,1,0,0,0,0,0,0,0,1,162.0,IR_WAIT,掉台但六路红外暂时无值，停车等待,0,0,1
1.449,547.0,745.0,375.0,1018.0,-0.3238,-0.1155,-0.2312,-0.261,1,0,0,0,0,0,0,0,1,553.0,IR_WAIT,掉台但六路红外暂时无值，停车等待,0,0,1
1.469,548.0,745.0,376.0,1018.0,-0.3211,-0.1155,-0.2312,-0.261,1,0,0,0,0,0,0,0,1,229.0,IR_WAIT,掉台但六路红外暂时无值，停车等待,0,0,1
1.489,547.0,744.0,375.0,1017.0,-0.3238,-0.1155,-0.2312,-0.261,1,0,0,0,0,0,0,0,1,228.0,IR_WAIT,掉台但六路红外暂时无值，停车等待,0,0,1
1.51,547.0,745.0,375.0,1018.0,-0.3238,-0.1155,-0.2312,-0.261,1,0,0,0,0,0,0,0,1,217.0,IR_WAIT,掉台但六路红外暂时无值，停车等待,0,0,1
1.53,547.0,744.0,375.0,1017.0,-0.3238,-0.1176,-0.2312,-0.263,1,0,0,0,0,0,0,0,1,162.0,IR_WAIT,掉台但六路红外暂时无值，停车等待,0,0,1
1.55,547.0,745.0,375.0,1017.0,-0.3238,-0.1155,-0.2312,-0.263,1,0,0,0,0,0,0,0,1,174.0,IR_WAIT,掉台但六路红外暂时无值，停车等待,0,0,1
1.57,548.0,745.0,376.0,1019.0,-0.3238,-0.1155,-0.2312,-0.263,1,0,0,0,0,0,0,0,1,179.0,IR_WAIT,掉台但六路红外暂时无值，停车等待,0,0,1
1.59,548.0,744.0,376.0,1017.0,-0.3211,-0.1155,-0.2284,-0.263,1,0,0,0,0,0,0,0,1,246.0,IR_WAIT,掉台但六路红外暂时无值，停车等待,0,0,1
1.61,548.0,745.0,376.0,1018.0,-0.3211,-0.1155,-0.2284,-0.261,1,0,0,0,0,0,0,0,1,-4.0,IR_WAIT,掉台但六路红外暂时无值，停车等待,0,0,1
1.63,547.0,745.0,375.0,1017.0,-0.3211,-0.1155,-0.2284,-0.263,1,0,0,0,0,0,0,0,1,145.0,IR_WAIT,掉台但六路红外暂时无值，停车等待,0,0,1
1.65,548.0,745.0,375.0,1017.0,-0.3211,-0.1155,-0.2312,-0.263,1,0,0,0,0,0,0,0,1,161.0,IR_WAIT,掉台但六路红外暂时无值，停车等待,0,0,1
1.67,548.0,745.0,375.0,1018.0,-0.3211,-0.1155,-0.2312,-0.263,1,0,0,0,0,0,0,0,1,178.0,IR_WAIT,掉台但六路红外暂时无值，停车等待,0,0,1
1.691,548.0,745.0,375.0,1018.0,-0.3211,-0.1155,-0.2312,-0.261,1,0,0,0,0,0,0,0,1,178.0,IR_WAIT,掉台但六路红外暂时无值，停车等待,0,0,1
1.711,548.0,745.0,376.0,1018.0,-0.3211,-0.1155,-0.2312,-0.261,1,0,0,0,0,0,0,0,1,228.0,IR_WAIT,掉台但六路红外暂时无值，停车等待,0,0,1
1.731,547.0,745.0,376.0,1017.0,-0.3211,-0.1155,-0.2284,-0.261,1,0,0,0,0,0,0,0,1,586.0,IR_WAIT,掉台但六路红外暂时无值，停车等待,0,0,1
1.751,546.0,743.0,375.0,1016.0,-0.3238,-0.1155,-0.2284,-0.263,1,0,0,0,0,0,0,0,1,211.0,IR_WAIT,掉台但六路红外暂时无值，停车等待,0,0,1
1.771,547.0,745.0,376.0,1018.0,-0.3238,-0.1155,-0.2284,-0.263,1,0,0,0,0,0,0,0,1,-4.0,IR_WAIT,掉台但六路红外暂时无值，停车等待,0,0,1
1.791,548.0,746.0,375.0,1018.0,-0.3238,-0.1155,-0.2312,-0.261,1,0,0,0,0,0,0,0,1,179.0,IR_WAIT,掉台但六路红外暂时无值，停车等待,0,0,1
1.811,547.0,744.0,375.0,1017.0,-0.3238,-0.1155,-0.2312,-0.261,1,0,0,0,0,0,0,0,1,-4.0,IR_WAIT,掉台但六路红外暂时无值，停车等待,0,0,1
1.831,546.0,744.0,375.0,1016.0,-0.3238,-0.1176,-0.2312,-0.263,1,0,0,0,0,0,0,0,1,177.0,IR_WAIT,掉台但六路红外暂时无值，停车等待,0,0,1
1.852,547.0,744.0,375.0,1017.0,-0.3238,-0.1176,-0.2312,-0.263,1,0,0,0,0,0,0,0,1,212.0,IR_WAIT,掉台但六路红外暂时无值，停车等待,0,0,1
1.872,548.0,745.0,375.0,1019.0,-0.3238,-0.1176,-0.2312,-0.263,1,0,0,0,0,0,0,0,1,667.0,IR_WAIT,掉台但六路红外暂时无值，停车等待,0,0,1
1.892,548.0,745.0,376.0,1018.0,-0.3211,-0.1155,-0.2312,-0.261,1,0,0,0,0,0,0,0,1,161.0,IR_WAIT,掉台但六路红外暂时无值，停车等待,0,0,1
1.912,548.0,745.0,375.0,1019.0,-0.3211,-0.1155,-0.2312,-0.2589,1,0,0,0,0,0,0,0,1,162.0,IR_WAIT,掉台但六路红外暂时无值，停车等待,0,0,1
1.932,547.0,746.0,375.0,1017.0,-0.3211,-0.1155,-0.2312,-0.261,1,0,0,0,0,0,0,0,1,161.0,IR_WAIT,掉台但六路红外暂时无值，停车等待,0,0,1
1.952,546.0,745.0,376.0,1017.0,-0.3238,-0.1155,-0.2312,-0.263,1,0,0,0,0,0,0,0,1,178.0,IR_WAIT,掉台但六路红外暂时无值，停车等待,0,0,1
1.972,548.0,745.0,375.0,1017.0,-0.3238,-0.1155,-0.2312,-0.263,1,0,0,0,0,0,0,0,1,159.0,IR_WAIT,掉台但六路红外暂时无值，停车等待,0,0,1
1.992,548.0,745.0,376.0,1019.0,-0.3211,-0.1155,-0.2284,-0.263,1,0,0,0,0,0,0,0,1,146.0,IR_WAIT,掉台但六路红外暂时无值，停车等待,0,0,1
2.013,548.0,746.0,376.0,1018.0,-0.3211,-0.1155,-0.2284,-0.261,1,0,0,0,0,0,0,0,1,178.0,IR_WAIT,掉台但六路红外暂时无值，停车等待,0,0,1
2.033,546.0,745.0,375.0,1017.0,-0.3211,-0.1155,-0.2284,-0.261,1,0,0,0,0,0,0,0,1,176.0,IR_WAIT,掉台但六路红外暂时无值，停车等待,0,0,1
2.053,548.0,746.0,376.0,1019.0,-0.3211,-0.1133,-0.2284,-0.261,1,0,0,0,0,0,0,0,1,246.0,IR_WAIT,掉台但六路红外暂时无值，停车等待,0,0,1
2.073,547.0,745.0,375.0,1017.0,-0.3238,-0.1155,-0.2312,-0.263,1,0,0,0,0,0,0,0,1,266.0,IR_WAIT,掉台但六路红外暂时无值，停车等待,0,0,1
2.094,547.0,745.0,375.0,1017.0,-0.3238,-0.1155,-0.2312,-0.263,1,0,0,0,0,0,0,0,1,266.0,IR_WAIT,掉台但六路红外暂时无值，停车等待,0,0,1
2.114,546.0,744.0,374.0,1017.0,-0.3238,-0.1155,-0.2312,-0.263,1,0,0,0,0,0,0,0,1,210.0,IR_WAIT,掉台但六路红外暂时无值，停车等待,0,0,1
2.134,548.0,746.0,375.0,1019.0,-0.3238,-0.1155,-0.2312,-0.263,1,0,0,0,0,0,0,0,1,179.0,IR_WAIT,掉台但六路红外暂时无值，停车等待,0,0,1
2.154,547.0,744.0,375.0,1018.0,-0.3238,-0.1176,-0.2312,-0.261,1,0,0,0,0,0,0,0,1,298.0,IR_WAIT,掉台但六路红外暂时无值，停车等待,0,0,1
2.174,546.0,743.0,375.0,1017.0,-0.3238,-0.1176,-0.2312,-0.261,1,0,0,0,0,0,0,0,1,149.0,IR_WAIT,掉台但六路红外暂时无值，停车等待,0,0,1
2.195,549.0,745.0,376.0,1018.0,-0.3238,-0.1176,-0.2312,-0.261,1,0,0,0,0,0,0,0,1,101.0,IR_WAIT,掉台但六路红外暂时无值，停车等待,0,0,1
2.215,548.0,745.0,376.0,1019.0,-0.3211,-0.1155,-0.2284,-0.261,1,0,0,0,0,0,0,0,1,227.0,IR_WAIT,掉台但六路红外暂时无值，停车等待,0,0,1
2.236,547.0,744.0,375.0,1017.0,-0.3211,-0.1155,-0.2284,-0.261,1,0,0,0,0,0,0,0,1,-4.0,IR_WAIT,掉台但六路红外暂时无值，停车等待,0,0,1
2.256,548.0,745.0,375.0,1018.0,-0.3211,-0.1155,-0.2312,-0.261,1,0,0,0,0,0,0,0,1,145.0,IR_WAIT,掉台但六路红外暂时无值，停车等待,0,0,1
2.276,547.0,744.0,376.0,1018.0,-0.3238,-0.1176,-0.2312,-0.261,1,0,0,0,0,0,0,0,1,163.0,IR_WAIT,掉台但六路红外暂时无值，停车等待,0,0,1
2.297,548.0,745.0,376.0,1018.0,-0.3211,-0.1155,-0.2284,-0.261,1,0,0,0,0,0,0,0,1,539.0,IR_WAIT,掉台但六路红外暂时无值，停车等待,0,0,1
2.317,547.0,745.0,376.0,1018.0,-0.3238,-0.1155,-0.2284,-0.261,1,0,0,0,0,0,0,0,1,242.0,IR_WAIT,掉台但六路红外暂时无值，停车等待,0,0,1
2.337,547.0,744.0,375.0,1017.0,-0.3238,-0.1155,-0.2284,-0.261,1,0,0,0,0,0,0,0,1,226.0,IR_WAIT,掉台但六路红外暂时无值，停车等待,0,0,1
2.357,547.0,744.0,375.0,1017.0,-0.3238,-0.1176,-0.2312,-0.263,1,0,0,0,0,0,0,0,1,161.0,IR_WAIT,掉台但六路红外暂时无值，停车等待,0,0,1
2.377,548.0,746.0,375.0,1019.0,-0.3238,-0.1176,-0.2312,-0.263,1,0,0,0,0,0,0,0,1,95.0,IR_WAIT,掉台但六路红外暂时无值，停车等待,0,0,1
2.397,548.0,746.0,375.0,1019.0,-0.3211,-0.1133,-0.2312,-0.2589,1,0,0,0,0,0,0,0,1,161.0,IR_WAIT,掉台但六路红外暂时无值，停车等待,0,0,1
2.417,548.0,745.0,375.0,1017.0,-0.3211,-0.1133,-0.2312,-0.2589,1,0,0,0,0,0,0,0,1,244.0,IR_WAIT,掉台但六路红外暂时无值，停车等待,0,0,1
2.437,548.0,745.0,375.0,1019.0,-0.3211,-0.1155,-0.2312,-0.2589,1,0,0,0,0,0,0,0,1,299.0,IR_WAIT,掉台但六路红外暂时无值，停车等待,0,0,1
2.457,548.0,746.0,376.0,1019.0,-0.3211,-0.1155,-0.2312,-0.2589,1,0,0,0,0,0,0,0,1,210.0,IR_WAIT,掉台但六路红外暂时无值，停车等待,0,0,1
2.478,547.0,744.0,374.0,1016.0,-0.3211,-0.1155,-0.2312,-0.2589,1,0,0,0,0,0,0,0,1,180.0,IR_WAIT,掉台但六路红外暂时无值，停车等待,0,0,1
2.498,547.0,744.0,374.0,1016.0,-0.3238,-0.1176,-0.234,-0.2651,1,0,0,0,0,0,0,0,1,180.0,IR_WAIT,掉台但六路红外暂时无值，停车等待,0,0,1
2.518,548.0,746.0,375.0,1019.0,-0.3238,-0.1176,-0.234,-0.2651,1,0,0,0,0,0,0,0,1,162.0,IR_WAIT,掉台但六路红外暂时无值，停车等待,0,0,1
2.538,548.0,746.0,376.0,1018.0,-0.3211,-0.1133,-0.2312,-0.261,1,0,0,0,0,0,0,0,1,178.0,IR_WAIT,掉台但六路红外暂时无值，停车等待,0,0,1
2.558,546.0,742.0,374.0,1015.0,-0.3211,-0.1133,-0.2312,-0.261,1,0,0,0,0,0,0,0,1,275.0,IR_WAIT,掉台但六路红外暂时无值，停车等待,0,0,1
2.578,548.0,745.0,376.0,1018.0,-0.3211,-0.1155,-0.2284,-0.261,1,0,0,0,0,0,0,0,1,325.0,IR_WAIT,掉台但六路红外暂时无值，停车等待,0,0,1
2.598,548.0,746.0,376.0,1019.0,-0.3211,-0.1155,-0.2284,-0.261,1,0,0,0,0,0,0,0,1,177.0,IR_WAIT,掉台但六路红外暂时无值，停车等待,0,0,1
2.618,547.0,744.0,375.0,1017.0,-0.3211,-0.1155,-0.2284,-0.261,1,0,0,0,0,0,0,0,1,162.0,IR_WAIT,掉台但六路红外暂时无值，停车等待,0,0,1
2.639,547.0,745.0,376.0,1018.0,-0.3238,-0.1155,-0.2284,-0.261,1,0,0,0,0,0,0,0,1,162.0,IR_WAIT,掉台但六路红外暂时无值，停车等待,0,0,1
2.659,547.0,744.0,376.0,1019.0,-0.3238,-0.1176,-0.2284,-0.261,1,0,0,0,0,0,0,0,1,-4.0,IR_WAIT,掉台但六路红外暂时无值，停车等待,0,0,1
2.679,546.0,744.0,375.0,1017.0,-0.3238,-0.1176,-0.2284,-0.261,1,0,0,0,0,0,0,0,1,228.0,IR_WAIT,掉台但六路红外暂时无值，停车等待,0,0,1
2.699,548.0,744.0,375.0,1017.0,-0.3238,-0.1176,-0.2312,-0.263,1,0,0,0,0,0,0,0,1,212.0,IR_WAIT,掉台但六路红外暂时无值，停车等待,0,0,1
2.72,548.0,746.0,376.0,1019.0,-0.3211,-0.1176,-0.2312,-0.263,1,0,0,0,0,0,0,0,1,620.0,IR_WAIT,掉台但六路红外暂时无值，停车等待,0,0,1
2.74,545.0,744.0,376.0,1018.0,-0.3211,-0.1176,-0.2284,-0.261,1,0,0,0,0,0,0,0,1,178.0,IR_WAIT,掉台但六路红外暂时无值，停车等待,0,0,1
2.76,547.0,744.0,375.0,1017.0,-0.3238,-0.1176,-0.2284,-0.261,1,0,0,0,0,0,0,0,1,618.0,IR_WAIT,掉台但六路红外暂时无值，停车等待,0,0,1
2.78,548.0,746.0,376.0,1019.0,-0.3238,-0.1176,-0.2284,-0.261,1,0,0,0,0,0,0,0,1,260.0,IR_WAIT,掉台但六路红外暂时无值，停车等待,0,0,1
2.8,547.0,745.0,376.0,1018.0,-0.3238,-0.1155,-0.2284,-0.261,1,0,0,0,0,0,0,0,1,28.0,IR_WAIT,掉台但六路红外暂时无值，停车等待,0,0,1
2.82,547.0,744.0,375.0,1017.0,-0.3238,-0.1155,-0.2284,-0.261,1,0,0,0,0,0,0,0,1,211.0,IR_WAIT,掉台但六路红外暂时无值，停车等待,0,0,1
2.84,546.0,743.0,375.0,1017.0,-0.3238,-0.1176,-0.2312,-0.263,1,0,0,0,0,0,0,0,1,176.0,IR_WAIT,掉台但六路红外暂时无值，停车等待,0,0,1
2.86,547.0,744.0,375.0,1016.0,-0.3238,-0.1176,-0.2312,-0.263,1,0,0,0,0,0,0,0,1,311.0,IR_WAIT,掉台但六路红外暂时无值，停车等待,0,0,1
2.881,547.0,744.0,375.0,1016.0,-0.3238,-0.1176,-0.2312,-0.2651,1,0,0,0,0,0,0,0,1,311.0,IR_WAIT,掉台但六路红外暂时无值，停车等待,0,0,1
2.901,547.0,744.0,374.0,1017.0,-0.3238,-0.1176,-0.2312,-0.2651,1,0,0,0,0,0,0,0,1,185.0,IR_WAIT,掉台但六路红外暂时无值，停车等待,0,0,1
2.921,546.0,743.0,375.0,1016.0,-0.3238,-0.1176,-0.2312,-0.2651,1,0,0,0,0,0,0,0,1,247.0,IR_WAIT,掉台但六路红外暂时无值，停车等待,0,0,1
2.941,547.0,745.0,375.0,1018.0,-0.3238,-0.1176,-0.2312,-0.263,1,0,0,0,0,0,0,0,1,212.0,IR_WAIT,掉台但六路红外暂时无值，停车等待,0,0,1
2.961,547.0,745.0,375.0,1017.0,-0.3238,-0.1155,-0.2312,-0.263,1,0,0,0,0,0,0,0,1,163.0,IR_WAIT,掉台但六路红外暂时无值，停车等待,0,0,1
2.981,547.0,745.0,374.0,1017.0,-0.3238,-0.1155,-0.2312,-0.263,1,0,0,0,0,0,0,0,1,184.0,IR_WAIT,掉台但六路红外暂时无值，停车等待,0,0,1
3.001,547.0,745.0,375.0,1018.0,-0.3238,-0.1155,-0.2312,-0.263,1,0,0,0,0,0,0,0,1,160.0,IR_WAIT,掉台但六路红外暂时无值，停车等待,0,0,1
3.021,547.0,745.0,375.0,1018.0,-0.3238,-0.1155,-0.2312,-0.261,1,0,0,0,0,0,0,0,1,190.0,IR_WAIT,掉台但六路红外暂时无值，停车等待,0,0,1
3.042,547.0,745.0,375.0,1018.0,-0.3238,-0.1155,-0.2312,-0.261,1,0,0,0,0,0,0,0,1,230.0,IR_WAIT,掉台但六路红外暂时无值，停车等待,0,0,1
3.062,548.0,744.0,376.0,1018.0,-0.3238,-0.1155,-0.2312,-0.261,1,0,0,0,0,0,0,0,1,212.0,IR_WAIT,掉台但六路红外暂时无值，停车等待,0,0,1
3.082,546.0,744.0,374.0,1016.0,-0.3238,-0.1176,-0.2312,-0.261,1,0,0,0,0,0,0,0,1,-5.0,IR_WAIT,掉台但六路红外暂时无值，停车等待,0,0,1
3.102,548.0,745.0,376.0,1018.0,-0.3211,-0.1176,-0.2284,-0.261,1,0,0,0,0,0,0,0,1,161.0,IR_WAIT,掉台但六路红外暂时无值，停车等待,0,0,1
3.122,548.0,745.0,376.0,1018.0,-0.3211,-0.1155,-0.2284,-0.261,1,0,0,0,0,0,0,0,1,325.0,IR_WAIT,掉台但六路红外暂时无值，停车等待,0,0,1
3.142,548.0,745.0,375.0,1017.0,-0.3211,-0.1155,-0.2284,-0.261,1,0,0,0,0,0,0,0,1,619.0,IR_WAIT,掉台但六路红外暂时无值，停车等待,0,0,1
3.162,547.0,744.0,375.0,1018.0,-0.3211,-0.1155,-0.2312,-0.261,1,0,0,0,0,0,0,0,1,197.0,IR_WAIT,掉台但六路红外暂时无值，停车等待,0,0,1
3.182,547.0,744.0,375.0,1017.0,-0.3238,-0.1176,-0.2312,-0.263,1,0,0,0,0,0,0,0,1,393.0,IR_WAIT,掉台但六路红外暂时无值，停车等待,0,0,1
3.202,547.0,745.0,375.0,1018.0,-0.3238,-0.1176,-0.2312,-0.261,1,0,0,0,0,0,0,0,1,179.0,IR_WAIT,掉台但六路红外暂时无值，停车等待,0,0,1
3.223,548.0,745.0,376.0,1019.0,-0.3238,-0.1155,-0.2312,-0.261,1,0,0,0,0,0,0,0,1,-4.0,IR_WAIT,掉台但六路红外暂时无值，停车等待,0,0,1
3.243,547.0,745.0,375.0,1018.0,-0.3238,-0.1155,-0.2312,-0.261,1,0,0,0,0,0,0,0,1,177.0,IR_WAIT,掉台但六路红外暂时无值，停车等待,0,0,1
3.263,547.0,745.0,375.0,1018.0,-0.3238,-0.1155,-0.2312,-0.261,1,0,0,0,0,0,0,0,1,177.0,IR_WAIT,掉台但六路红外暂时无值，停车等待,0,0,1
3.283,548.0,745.0,376.0,1018.0,-0.3238,-0.1155,-0.2312,-0.261,1,0,0,0,0,0,0,0,1,-2.0,IR_WAIT,掉台但六路红外暂时无值，停车等待,0,0,1
3.303,548.0,745.0,375.0,1018.0,-0.3211,-0.1155,-0.2312,-0.261,1,0,0,0,0,0,0,0,1,245.0,IR_WAIT,掉台但六路红外暂时无值，停车等待,0,0,1
3.323,548.0,745.0,376.0,1018.0,-0.3211,-0.1155,-0.2284,-0.261,1,0,0,0,0,0,0,0,1,161.0,IR_WAIT,掉台但六路红外暂时无值，停车等待,0,0,1
3.343,546.0,744.0,374.0,1016.0,-0.3211,-0.1155,-0.2312,-0.261,1,0,0,0,0,0,0,0,1,666.0,IR_WAIT,掉台但六路红外暂时无值，停车等待,0,0,1
3.363,548.0,745.0,376.0,1019.0,-0.3211,-0.1155,-0.2284,-0.261,1,0,0,0,0,0,0,0,1,310.0,IR_WAIT,掉台但六路红外暂时无值，停车等待,0,0,1
3.384,548.0,744.0,375.0,1018.0,-0.3211,-0.1176,-0.2312,-0.261,1,0,0,0,0,0,0,0,1,248.0,IR_WAIT,掉台但六路红外暂时无值，停车等待,0,0,1
3.404,547.0,745.0,375.0,1017.0,-0.3211,-0.1155,-0.2312,-0.261,1,0,0,0,0,0,0,0,1,211.0,IR_WAIT,掉台但六路红外暂时无值，停车等待,0,0,1
3.424,548.0,745.0,376.0,1018.0,-0.3211,-0.1155,-0.2312,-0.261,1,0,0,0,0,0,0,0,1,163.0,IR_WAIT,掉台但六路红外暂时无值，停车等待,0,0,1
3.444,548.0,744.0,375.0,1018.0,-0.3211,-0.1155,-0.2312,-0.261,1,0,0,0,0,0,0,0,1,96.0,IR_WAIT,掉台但六路红外暂时无值，停车等待,0,0,1
3.464,547.0,745.0,375.0,1018.0,-0.3211,-0.1155,-0.2312,-0.261,1,0,0,0,0,0,0,0,1,177.0,IR_WAIT,掉台但六路红外暂时无值，停车等待,0,0,1
3.484,548.0,745.0,376.0,1018.0,-0.3211,-0.1155,-0.2312,-0.261,1,0,0,0,0,0,0,0,1,178.0,IR_WAIT,掉台但六路红外暂时无值，停车等待,0,0,1
3.504,548.0,745.0,376.0,1017.0,-0.3211,-0.1155,-0.2284,-0.261,1,0,0,0,0,0,0,0,1,63.0,IR_WAIT,掉台但六路红外暂时无值，停车等待,0,0,1
3.524,547.0,745.0,375.0,1018.0,-0.3211,-0.1155,-0.2284,-0.261,1,0,0,0,0,0,0,0,1,211.0,IR_WAIT,掉台但六路红外暂时无值，停车等待,0,0,1
3.544,547.0,745.0,376.0,1018.0,-0.3238,-0.1155,-0.2284,-0.261,1,0,0,0,0,0,0,0,1,162.0,IR_WAIT,掉台但六路红外暂时无值，停车等待,0,0,1
3.565,548.0,747.0,376.0,1019.0,-0.3238,-0.1155,-0.2284,-0.261,1,0,0,0,0,0,0,0,1,555.0,IR_WAIT,掉台但六路红外暂时无值，停车等待,0,0,1
3.585,547.0,744.0,375.0,1018.0,-0.3238,-0.1155,-0.2284,-0.261,1,0,0,0,0,0,0,0,1,179.0,IR_WAIT,掉台但六路红外暂时无值，停车等待,0,0,1
3.605,548.0,745.0,376.0,1019.0,-0.3211,-0.1155,-0.2284,-0.2589,1,0,0,0,0,0,0,0,1,275.0,IR_WAIT,掉台但六路红外暂时无值，停车等待,0,0,1
3.625,548.0,745.0,376.0,1018.0,-0.3211,-0.1155,-0.2284,-0.261,1,0,0,0,0,0,0,0,1,228.0,IR_WAIT,掉台但六路红外暂时无值，停车等待,0,0,1
3.645,548.0,745.0,376.0,1018.0,-0.3211,-0.1155,-0.2284,-0.261,1,0,0,0,0,0,0,0,1,228.0,IR_WAIT,掉台但六路红外暂时无值，停车等待,0,0,1
3.665,547.0,745.0,375.0,1017.0,-0.3211,-0.1155,-0.2284,-0.261,1,0,0,0,0,0,0,0,1,-3.0,IR_WAIT,掉台但六路红外暂时无值，停车等待,0,0,1
3.685,548.0,746.0,375.0,1019.0,-0.3211,-0.1155,-0.2312,-0.261,1,0,0,0,0,0,0,0,1,146.0,IR_WAIT,掉台但六路红外暂时无值，停车等待,0,0,1
3.706,548.0,745.0,376.0,1018.0,-0.3211,-0.1155,-0.2312,-0.261,1,0,0,0,0,0,0,0,1,1.0,IR_WAIT,掉台但六路红外暂时无值，停车等待,0,0,1
3.726,547.0,743.0,375.0,1015.0,-0.3211,-0.1155,-0.2312,-0.261,1,0,0,0,0,0,0,0,1,374.0,IR_WAIT,掉台但六路红外暂时无值，停车等待,0,0,1
3.746,547.0,745.0,376.0,1018.0,-0.3238,-0.1155,-0.2284,-0.261,1,0,0,0,0,0,0,0,1,245.0,IR_WAIT,掉台但六路红外暂时无值，停车等待,0,0,1
3.766,547.0,745.0,375.0,1018.0,-0.3238,-0.1155,-0.2312,-0.261,1,0,0,0,0,0,0,0,1,649.0,IR_WAIT,掉台但六路红外暂时无值，停车等待,0,0,1
3.786,547.0,745.0,375.0,1017.0,-0.3238,-0.1155,-0.2312,-0.261,1,0,0,0,0,0,0,0,1,341.0,IR_WAIT,掉台但六路红外暂时无值，停车等待,0,0,1
3.806,548.0,746.0,376.0,1019.0,-0.3238,-0.1155,-0.2312,-0.261,1,0,0,0,0,0,0,0,1,145.0,IR_WAIT,掉台但六路红外暂时无值，停车等待,0,0,1
3.826,548.0,746.0,376.0,1018.0,-0.3211,-0.1133,-0.2284,-0.261,1,0,0,0,0,0,0,0,1,177.0,IR_WAIT,掉台但六路红外暂时无值，停车等待,0,0,1
3.846,547.0,745.0,375.0,1017.0,-0.3211,-0.1133,-0.2284,-0.261,1,0,0,0,0,0,0,0,1,12.0,IR_WAIT,掉台但六路红外暂时无值，停车等待,0,0,1
3.867,548.0,746.0,374.0,1019.0,-0.3211,-0.1133,-0.2312,-0.261,1,0,0,0,0,0,0,0,1,20.0,IR_WAIT,掉台但六路红外暂时无值，停车等待,0,0,1
3.887,548.0,746.0,376.0,1019.0,-0.3211,-0.1133,-0.2312,-0.2589,1,0,0,0,0,0,0,0,1,210.0,IR_WAIT,掉台但六路红外暂时无值，停车等待,0,0,1
3.907,547.0,744.0,375.0,1018.0,-0.3211,-0.1133,-0.2312,-0.2589,1,0,0,0,0,0,0,0,1,374.0,IR_WAIT,掉台但六路红外暂时无值，停车等待,0,0,1
3.927,548.0,746.0,376.0,1019.0,-0.3211,-0.1133,-0.2284,-0.2589,1,0,0,0,0,0,0,0,1,213.0,IR_WAIT,掉台但六路红外暂时无值，停车等待,0,0,1
3.947,547.0,745.0,375.0,1018.0,-0.3238,-0.1155,-0.2312,-0.261,1,0,0,0,0,0,0,0,1,162.0,IR_WAIT,掉台但六路红外暂时无值，停车等待,0,0,1
3.967,548.0,744.0,375.0,1018.0,-0.3211,-0.1155,-0.2312,-0.261,1,0,0,0,0,0,0,0,1,193.0,IR_WAIT,掉台但六路红外暂时无值，停车等待,0,0,1
3.987,548.0,747.0,377.0,1019.0,-0.3211,-0.1155,-0.2312,-0.261,1,0,0,0,0,0,0,0,1,228.0,IR_WAIT,掉台但六路红外暂时无值，停车等待,0,0,1
4.007,548.0,745.0,376.0,1019.0,-0.3211,-0.1155,-0.2284,-0.2589,1,0,0,0,0,0,0,0,1,212.0,IR_WAIT,掉台但六路红外暂时无值，停车等待,0,0,1
4.027,548.0,745.0,376.0,1019.0,-0.3211,-0.1155,-0.2284,-0.2589,1,0,0,0,0,0,0,0,1,212.0,IR_WAIT,掉台但六路红外暂时无值，停车等待,0,0,1
4.048,547.0,745.0,375.0,1017.0,-0.3211,-0.1155,-0.2284,-0.2589,1,0,0,0,0,0,0,0,1,162.0,IR_WAIT,掉台但六路红外暂时无值，停车等待,0,0,1
4.068,547.0,744.0,375.0,1018.0,-0.3238,-0.1155,-0.2312,-0.261,1,0,0,0,0,0,0,0,1,179.0,IR_WAIT,掉台但六路红外暂时无值，停车等待,0,0,1
4.088,548.0,745.0,376.0,1019.0,-0.3238,-0.1155,-0.2312,-0.261,1,0,0,0,0,0,0,0,1,64.0,IR_WAIT,掉台但六路红外暂时无值，停车等待,0,0,1
4.108,546.0,744.0,375.0,1016.0,-0.3238,-0.1176,-0.2312,-0.261,1,0,0,0,0,0,0,0,1,227.0,IR_WAIT,掉台但六路红外暂时无值，停车等待,0,0,1
4.128,548.0,745.0,376.0,1019.0,-0.3211,-0.1155,-0.2284,-0.2589,1,0,0,0,0,0,0,0,1,4.0,IR_WAIT,掉台但六路红外暂时无值，停车等待,0,0,1
4.148,548.0,746.0,376.0,1018.0,-0.3211,-0.1155,-0.2284,-0.261,1,0,0,0,0,0,0,0,1,489.0,IR_WAIT,掉台但六路红外暂时无值，停车等待,0,0,1
4.168,548.0,744.0,374.0,1018.0,-0.3211,-0.1155,-0.2284,-0.261,1,0,0,0,0,0,0,0,1,179.0,IR_WAIT,掉台但六路红外暂时无值，停车等待,0,0,1
4.189,548.0,745.0,375.0,1018.0,-0.3211,-0.1155,-0.2312,-0.261,1,0,0,0,0,0,0,0,1,681.0,IR_WAIT,掉台但六路红外暂时无值，停车等待,0,0,1
4.209,547.0,744.0,375.0,1018.0,-0.3211,-0.1176,-0.2312,-0.261,1,0,0,0,0,0,0,0,1,182.0,IR_WAIT,掉台但六路红外暂时无值，停车等待,0,0,1
4.229,547.0,745.0,375.0,1017.0,-0.3238,-0.1155,-0.2312,-0.261,1,0,0,0,0,0,0,0,1,128.0,IR_WAIT,掉台但六路红外暂时无值，停车等待,0,0,1
4.249,548.0,746.0,376.0,1019.0,-0.3238,-0.1155,-0.2312,-0.261,1,0,0,0,0,0,0,0,1,227.0,IR_WAIT,掉台但六路红外暂时无值，停车等待,0,0,1
4.269,547.0,745.0,375.0,1018.0,-0.3238,-0.1155,-0.2312,-0.261,1,0,0,0,0,0,0,0,1,-5.0,IR_WAIT,掉台但六路红外暂时无值，停车等待,0,0,1
4.289,548.0,745.0,376.0,1019.0,-0.3211,-0.1155,-0.2284,-0.2589,1,0,0,0,0,0,0,0,1,-6.0,IR_WAIT,掉台但六路红外暂时无值，停车等待,0,0,1
4.309,548.0,745.0,376.0,1018.0,-0.3211,-0.1155,-0.2284,-0.261,1,0,0,0,0,0,0,0,1,179.0,IR_WAIT,掉台但六路红外暂时无值，停车等待,0,0,1
4.329,549.0,746.0,375.0,1019.0,-0.3211,-0.1155,-0.2284,-0.2589,1,0,0,0,0,0,0,0,1,554.0,IR_WAIT,掉台但六路红外暂时无值，停车等待,0,0,1
4.349,546.0,743.0,374.0,1016.0,-0.3211,-0.1155,-0.2312,-0.261,1,0,0,0,0,0,0,0,1,214.0,IR_WAIT,掉台但六路红外暂时无值，停车等待,0,0,1
4.37,547.0,744.0,375.0,1018.0,-0.3238,-0.1176,-0.2312,-0.261,1,0,0,0,0,0,0,0,1,185.0,IR_WAIT,掉台但六路红外暂时无值，停车等待,0,0,1
4.39,549.0,746.0,376.0,1018.0,-0.3238,-0.1176,-0.2312,-0.261,1,0,0,0,0,0,0,0,1,163.0,IR_WAIT,掉台但六路红外暂时无值，停车等待,0,0,1
4.41,547.0,744.0,375.0,1017.0,-0.3238,-0.1176,-0.2312,-0.261,1,0,0,0,0,0,0,0,1,160.0,IR_WAIT,掉台但六路红外暂时无值，停车等待,0,0,1
4.43,548.0,746.0,375.0,1018.0,-0.3211,-0.1133,-0.2312,-0.261,1,0,0,0,0,0,0,0,1,180.0,IR_WAIT,掉台但六路红外暂时无值，停车等待,0,0,1
4.45,548.0,746.0,375.0,1018.0,-0.3211,-0.1133,-0.2312,-0.261,1,0,0,0,0,0,0,0,1,180.0,IR_WAIT,掉台但六路红外暂时无值，停车等待,0,0,1
4.47,548.0,746.0,376.0,1018.0,-0.3211,-0.1133,-0.2312,-0.261,1,0,0,0,0,0,0,0,1,229.0,IR_WAIT,掉台但六路红外暂时无值，停车等待,0,0,1
4.491,547.0,744.0,375.0,1017.0,-0.3211,-0.1133,-0.2312,-0.261,1,0,0,0,0,0,0,0,1,194.0,IR_WAIT,掉台但六路红外暂时无值，停车等待,0,0,1
4.511,547.0,744.0,375.0,1018.0,-0.3238,-0.1176,-0.2312,-0.261,1,0,0,0,0,0,0,0,1,211.0,IR_WAIT,掉台但六路红外暂时无值，停车等待,0,0,1
4.531,547.0,745.0,376.0,1018.0,-0.3238,-0.1176,-0.2312,-0.261,1,0,0,0,0,0,0,0,1,163.0,IR_WAIT,掉台但六路红外暂时无值，停车等待,0,0,1
4.551,548.0,745.0,375.0,1018.0,-0.3238,-0.1155,-0.2312,-0.261,1,0,0,0,0,0,0,0,1,-5.0,IR_WAIT,掉台但六路红外暂时无值，停车等待,0,0,1
4.571,547.0,744.0,375.0,1017.0,-0.3238,-0.1155,-0.2312,-0.261,1,0,0,0,0,0,0,0,1,161.0,IR_WAIT,掉台但六路红外暂时无值，停车等待,0,0,1
4.591,548.0,746.0,376.0,1019.0,-0.3211,-0.1155,-0.2312,-0.261,1,0,0,0,0,0,0,0,1,211.0,IR_WAIT,掉台但六路红外暂时无值，停车等待,0,0,1
4.611,547.0,745.0,376.0,1017.0,-0.3238,-0.1155,-0.2284,-0.263,1,0,0,0,0,0,0,0,1,651.0,IR_WAIT,掉台但六路红外暂时无值，停车等待,0,0,1
4.631,547.0,744.0,375.0,1017.0,-0.3238,-0.1155,-0.2284,-0.263,1,0,0,0,0,0,0,0,1,115.0,IR_WAIT,掉台但六路红外暂时无值，停车等待,0,0,1
4.651,549.0,746.0,376.0,1019.0,-0.3238,-0.1155,-0.2284,-0.263,1,0,0,0,0,0,0,0,1,341.0,IR_WAIT,掉台但六路红外暂时无值，停车等待,0,0,1
4.672,549.0,745.0,376.0,1019.0,-0.3184,-0.1155,-0.2284,-0.2589,1,0,0,0,0,0,0,0,1,179.0,IR_WAIT,掉台但六路红外暂时无值，停车等待,0,0,1
4.692,547.0,745.0,375.0,1018.0,-0.3184,-0.1155,-0.2284,-0.2589,1,0,0,0,0,0,0,0,1,-6.0,IR_WAIT,掉台但六路红外暂时无值，停车等待,0,0,1
4.712,547.0,744.0,376.0,1019.0,-0.3238,-0.1155,-0.2284,-0.2589,1,0,0,0,0,0,0,0,1,227.0,IR_WAIT,掉台但六路红外暂时无值，停车等待,0,0,1
4.732,548.0,746.0,376.0,1019.0,-0.3238,-0.1155,-0.2284,-0.2589,1,0,0,0,0,0,0,0,1,146.0,IR_WAIT,掉台但六路红外暂时无值，停车等待,0,0,1
4.752,546.0,743.0,374.0,1016.0,-0.3238,-0.1176,-0.2284,-0.2589,1,0,0,0,0,0,0,0,1,522.0,IR_WAIT,掉台但六路红外暂时无值，停车等待,0,0,1
4.772,547.0,744.0,375.0,1017.0,-0.3238,-0.1176,-0.2312,-0.263,1,0,0,0,0,0,0,0,1,178.0,IR_WAIT,掉台但六路红外暂时无值，停车等待,0,0,1
4.792,547.0,744.0,375.0,1017.0,-0.3238,-0.1176,-0.2312,-0.263,1,0,0,0,0,0,0,0,1,229.0,IR_WAIT,掉台但六路红外暂时无值，停车等待,0,0,1
4.813,547.0,744.0,375.0,1017.0,-0.3238,-0.1176,-0.2312,-0.263,1,0,0,0,0,0,0,0,1,212.0,IR_WAIT,掉台但六路红外暂时无值，停车等待,0,0,1
4.833,547.0,744.0,375.0,1017.0,-0.3238,-0.1176,-0.2312,-0.263,1,0,0,0,0,0,0,0,1,212.0,IR_WAIT,掉台但六路红外暂时无值，停车等待,0,0,1
4.853,547.0,744.0,374.0,1016.0,-0.3238,-0.1176,-0.2312,-0.263,1,0,0,0,0,0,0,0,1,178.0,IR_WAIT,掉台但六路红外暂时无值，停车等待,0,0,1
4.873,546.0,742.0,374.0,1015.0,-0.3238,-0.1176,-0.234,-0.2651,1,0,0,0,0,0,0,0,1,102.0,IR_WAIT,掉台但六路红外暂时无值，停车等待,0,0,1
4.893,545.0,741.0,374.0,1015.0,-0.3265,-0.122,-0.234,-0.2672,1,0,0,0,0,0,0,0,1,170.0,IR_WAIT,掉台但六路红外暂时无值，停车等待,0,0,1
4.913,545.0,742.0,374.0,1015.0,-0.3293,-0.122,-0.234,-0.2672,1,0,0,0,0,0,0,0,1,195.0,IR_WAIT,掉台但六路红外暂时无值，停车等待,0,0,1
4.933,545.0,743.0,374.0,1014.0,-0.3293,-0.122,-0.234,-0.2672,1,0,0,0,0,0,0,0,1,182.0,IR_WAIT,掉台但六路红外暂时无值，停车等待,0,0,1
4.954,545.0,741.0,374.0,1014.0,-0.3293,-0.122,-0.234,-0.2693,1,0,0,0,0,0,0,0,1,211.0,IR_WAIT,掉台但六路红外暂时无值，停车等待,0,0,1
4.974,546.0,743.0,374.0,1014.0,-0.3293,-0.1198,-0.234,-0.2693,1,0,0,0,0,0,0,0,1,129.0,IR_WAIT,掉台但六路红外暂时无值，停车等待,0,0,1
4.994,545.0,742.0,375.0,1013.0,-0.3293,-0.122,-0.234,-0.2693,1,0,0,0,0,0,0,0,1,146.0,IR_WAIT,掉台但六路红外暂时无值，停车等待,0,0,1
5.014,546.0,743.0,374.0,1016.0,-0.3265,-0.1198,-0.234,-0.2693,1,0,0,0,0,0,0,0,1,324.0,IR_WAIT,掉台但六路红外暂时无值，停车等待,0,0,1
5.034,546.0,743.0,375.0,1017.0,-0.3265,-0.1198,-0.2312,-0.2651,1,0,0,0,0,0,0,0,1,488.0,IR_WAIT,掉台但六路红外暂时无值，停车等待,0,0,1
5.054,545.0,742.0,374.0,1014.0,-0.3265,-0.1198,-0.234,-0.2651,1,0,0,0,0,0,0,0,1,227.0,IR_WAIT,掉台但六路红外暂时无值，停车等待,0,0,1
5.074,545.0,742.0,373.0,1014.0,-0.3293,-0.122,-0.234,-0.2693,1,0,0,0,0,0,0,0,1,243.0,IR_WAIT,掉台但六路红外暂时无值，停车等待,0,0,1
5.094,546.0,744.0,375.0,1017.0,-0.3293,-0.122,-0.234,-0.2693,1,0,0,0,0,0,0,0,1,112.0,IR_WAIT,掉台但六路红外暂时无值，停车等待,0,0,1
5.115,547.0,744.0,376.0,1018.0,-0.3265,-0.1176,-0.2312,-0.263,1,0,0,0,0,0,0,0,1,-5.0,IR_WAIT,掉台但六路红外暂时无值，停车等待,0,0,1
5.135,545.0,742.0,374.0,1015.0,-0.3265,-0.1176,-0.2312,-0.263,1,0,0,0,0,0,0,0,1,177.0,IR_WAIT,掉台但六路红外暂时无值，停车等待,0,0,1
5.155,545.0,742.0,374.0,1015.0,-0.3293,-0.122,-0.234,-0.2672,1,0,0,0,0,0,0,0,1,-4.0,IR_WAIT,掉台但六路红外暂时无值，停车等待,0,0,1
5.175,546.0,743.0,374.0,1016.0,-0.3293,-0.122,-0.234,-0.2672,1,0,0,0,0,0,0,0,1,178.0,IR_WAIT,掉台但六路红外暂时无值，停车等待,0,0,1
5.195,545.0,743.0,374.0,1015.0,-0.3293,-0.1198,-0.234,-0.2672,1,0,0,0,0,0,0,0,1,212.0,IR_WAIT,掉台但六路红外暂时无值，停车等待,0,0,1
5.215,546.0,742.0,374.0,1014.0,-0.3265,-0.1198,-0.234,-0.2672,1,0,0,0,0,0,0,0,1,730.0,IR_WAIT,掉台但六路红外暂时无值，停车等待,0,0,1
5.235,546.0,743.0,374.0,1016.0,-0.3265,-0.1198,-0.234,-0.2672,1,0,0,0,0,0,0,0,1,161.0,IR_WAIT,掉台但六路红外暂时无值，停车等待,0,0,1
5.255,546.0,742.0,374.0,1016.0,-0.3265,-0.122,-0.234,-0.2651,1,0,0,0,0,0,0,0,1,129.0,IR_WAIT,掉台但六路红外暂时无值，停车等待,0,0,1
5.276,546.0,743.0,375.0,1016.0,-0.3265,-0.1198,-0.234,-0.2651,1,0,0,0,0,0,0,0,1,162.0,IR_WAIT,掉台但六路红外暂时无值，停车等待,0,0,1
5.296,545.0,741.0,372.0,1014.0,-0.3265,-0.122,-0.234,-0.2651,1,0,0,0,0,0,0,0,1,9.0,IR_WAIT,掉台但六路红外暂时无值，停车等待,0,0,1
5.316,544.0,741.0,373.0,1012.0,-0.3293,-0.1242,-0.2368,-0.2693,1,0,0,0,0,0,0,0,1,225.0,IR_WAIT,掉台但六路红外暂时无值，停车等待,0,0,1
5.336,548.0,746.0,375.0,1019.0,-0.3293,-0.1242,-0.2368,-0.2693,1,0,0,0,0,0,0,0,1,211.0,IR_WAIT,掉台但六路红外暂时无值，停车等待,0,0,1
5.356,548.0,745.0,376.0,1018.0,-0.3211,-0.1155,-0.2312,-0.261,1,0,0,0,0,0,0,0,1,440.0,IR_WAIT,掉台但六路红外暂时无值，停车等待,0,0,1
5.376,547.0,744.0,375.0,1017.0,-0.3211,-0.1155,-0.2312,-0.261,1,0,0,0,0,0,0,0,1,178.0,IR_WAIT,掉台但六路红外暂时无值，停车等待,0,0,1
5.396,548.0,745.0,375.0,1018.0,-0.3211,-0.1155,-0.2312,-0.261,1,0,0,0,0,0,0,0,1,178.0,IR_WAIT,掉台但六路红外暂时无值，停车等待,0,0,1
5.416,548.0,745.0,375.0,1018.0,-0.3211,-0.1155,-0.2312,-0.261,1,0,0,0,0,0,0,0,1,178.0,IR_WAIT,掉台但六路红外暂时无值，停车等待,0,0,1
5.436,547.0,744.0,375.0,1017.0,-0.3211,-0.1155,-0.2312,-0.261,1,0,0,0,0,0,0,0,1,244.0,IR_WAIT,掉台但六路红外暂时无值，停车等待,0,0,1
5.456,547.0,743.0,374.0,1016.0,-0.3238,-0.1176,-0.2312,-0.263,1,0,0,0,0,0,0,0,1,228.0,IR_WAIT,掉台但六路红外暂时无值，停车等待,0,0,1
5.477,548.0,745.0,376.0,1018.0,-0.3238,-0.1176,-0.2312,-0.263,1,0,0,0,0,0,0,0,1,341.0,IR_WAIT,掉台但六路红外暂时无值，停车等待,0,0,1
5.497,549.0,746.0,377.0,1020.0,-0.3211,-0.1155,-0.2284,-0.261,1,0,0,0,0,0,0,0,1,179.0,IR_WAIT,掉台但六路红外暂时无值，停车等待,0,0,1
5.517,547.0,742.0,374.0,1015.0,-0.3211,-0.1155,-0.2284,-0.261,1,0,0,0,0,0,0,0,1,152.0,IR_WAIT,掉台但六路红外暂时无值，停车等待,0,0,1
5.537,547.0,744.0,375.0,1018.0,-0.3238,-0.1176,-0.2312,-0.261,1,0,0,0,0,0,0,0,1,179.0,IR_WAIT,掉台但六路红外暂时无值，停车等待,0,0,1
5.557,546.0,742.0,373.0,1015.0,-0.3238,-0.122,-0.234,-0.2672,1,0,0,0,0,0,0,0,1,9.0,IR_WAIT,掉台但六路红外暂时无值，停车等待,0,0,1
5.577,547.0,744.0,374.0,1016.0,-0.3238,-0.1176,-0.234,-0.2651,1,0,0,0,0,0,0,0,1,12.0,IR_WAIT,掉台但六路红外暂时无值，停车等待,0,0,1
5.597,548.0,746.0,376.0,1018.0,-0.3238,-0.1176,-0.234,-0.2651,1,0,0,0,0,0,0,0,1,195.0,IR_WAIT,掉台但六路红外暂时无值，停车等待,0,0,1
5.617,547.0,744.0,374.0,1018.0,-0.3238,-0.1176,-0.234,-0.261,1,0,0,0,0,0,0,0,1,537.0,IR_WAIT,掉台但六路红外暂时无值，停车等待,0,0,1
5.637,544.0,742.0,373.0,1015.0,-0.3238,-0.1176,-0.234,-0.261,1,0,0,0,0,0,0,0,1,176.0,IR_WAIT,掉台但六路红外暂时无值，停车等待,0,0,1
5.658,546.0,744.0,374.0,1016.0,-0.3265,-0.1176,-0.234,-0.2651,1,0,0,0,0,0,0,0,1,179.0,IR_WAIT,掉台但六路红外暂时无值，停车等待,0,0,1
5.678,547.0,744.0,375.0,1017.0,-0.3265,-0.1176,-0.234,-0.2651,1,0,0,0,0,0,0,0,1,422.0,IR_WAIT,掉台但六路红外暂时无值，停车等待,0,0,1
5.698,547.0,745.0,375.0,1018.0,-0.3238,-0.1176,-0.2312,-0.263,1,0,0,0,0,0,0,0,1,63.0,IR_WAIT,掉台但六路红外暂时无值，停车等待,0,0,1
5.718,548.0,745.0,376.0,1018.0,-0.3238,-0.1155,-0.2312,-0.261,1,0,0,0,0,0,0,0,1,229.0,IR_WAIT,掉台但六路红外暂时无值，停车等待,0,0,1
5.738,547.0,745.0,375.0,1018.0,-0.3238,-0.1155,-0.2312,-0.261,1,0,0,0,0,0,0,0,1,178.0,IR_WAIT,掉台但六路红外暂时无值，停车等待,0,0,1
5.758,547.0,743.0,374.0,1016.0,-0.3238,-0.1155,-0.2312,-0.261,1,0,0,0,0,0,0,0,1,178.0,IR_WAIT,掉台但六路红外暂时无值，停车等待,0,0,1
5.778,546.0,745.0,375.0,1018.0,-0.3238,-0.1155,-0.2312,-0.261,1,0,0,0,0,0,0,0,1,161.0,IR_WAIT,掉台但六路红外暂时无值，停车等待,0,0,1
5.798,547.0,745.0,375.0,1017.0,-0.3238,-0.1155,-0.2312,-0.263,1,0,0,0,0,0,0,0,1,198.0,IR_WAIT,掉台但六路红外暂时无值，停车等待,0,0,1
5.818,549.0,745.0,376.0,1018.0,-0.3238,-0.1155,-0.2312,-0.261,1,0,0,0,0,0,0,0,1,261.0,IR_WAIT,掉台但六路红外暂时无值，停车等待,0,0,1
5.838,547.0,744.0,376.0,1017.0,-0.3238,-0.1155,-0.2284,-0.263,1,0,0,0,0,0,0,0,1,130.0,IR_WAIT,掉台但六路红外暂时无值，停车等待,0,0,1
5.858,547.0,744.0,375.0,1017.0,-0.3238,-0.1176,-0.2284,-0.263,1,0,0,0,0,0,0,0,1,161.0,IR_WAIT,掉台但六路红外暂时无值，停车等待,0,0,1
5.879,547.0,744.0,375.0,1017.0,-0.3238,-0.1176,-0.2312,-0.263,1,0,0,0,0,0,0,0,1,179.0,IR_WAIT,掉台但六路红外暂时无值，停车等待,0,0,1
5.899,546.0,744.0,376.0,1017.0,-0.3238,-0.1176,-0.2312,-0.263,1,0,0,0,0,0,0,0,1,245.0,IR_WAIT,掉台但六路红外暂时无值，停车等待,0,0,1
5.919,547.0,744.0,375.0,1017.0,-0.3238,-0.1176,-0.2312,-0.263,1,0,0,0,0,0,0,0,1,217.0,IR_WAIT,掉台但六路红外暂时无值，停车等待,0,0,1
5.939,546.0,744.0,375.0,1017.0,-0.3265,-0.1176,-0.2312,-0.263,1,0,0,0,0,0,0,0,1,211.0,IR_WAIT,掉台但六路红外暂时无值，停车等待,0,0,1
5.959,547.0,745.0,376.0,1019.0,-0.3238,-0.1176,-0.2312,-0.263,1,0,0,0,0,0,0,0,1,11.0,IR_WAIT,掉台但六路红外暂时无值，停车等待,0,0,1
5.979,547.0,744.0,375.0,1016.0,-0.3238,-0.1176,-0.2312,-0.263,1,0,0,0,0,0,0,0,1,179.0,IR_WAIT,掉台但六路红外暂时无值，停车等待,0,0,1
5.999,544.0,742.0,373.0,1014.0,-0.3238,-0.1176,-0.2312,-0.2651,1,0,0,0,0,0,0,0,1,194.0,IR_WAIT,掉台但六路红外暂时无值，停车等待,0,0,1
6.019,547.0,744.0,376.0,1018.0,-0.3238,-0.1176,-0.2312,-0.2651,1,0,0,0,0,0,0,0,1,210.0,IR_WAIT,掉台但六路红外暂时无值，停车等待,0,0,1
6.039,547.0,744.0,375.0,1016.0,-0.3238,-0.1176,-0.2312,-0.2651,1,0,0,0,0,0,0,0,1,211.0,IR_WAIT,掉台但六路红外暂时无值，停车等待,0,0,1
6.059,547.0,744.0,375.0,1016.0,-0.3238,-0.1176,-0.2312,-0.2651,1,0,0,0,0,0,0,0,1,211.0,IR_WAIT,掉台但六路红外暂时无值，停车等待,0,0,1
6.079,547.0,743.0,374.0,1017.0,-0.3238,-0.1176,-0.2312,-0.2651,1,0,0,0,0,0,0,0,1,314.0,IR_WAIT,掉台但六路红外暂时无值，停车等待,0,0,1
6.1,546.0,745.0,374.0,1017.0,-0.3238,-0.1176,-0.234,-0.263,1,0,0,0,0,0,0,0,1,116.0,IR_WAIT,掉台但六路红外暂时无值，停车等待,0,0,1
6.12,548.0,745.0,375.0,1016.0,-0.3238,-0.1155,-0.234,-0.263,1,0,0,0,0,0,0,0,1,179.0,IR_WAIT,掉台但六路红外暂时无值，停车等待,0,0,1
6.14,546.0,743.0,375.0,1016.0,-0.3265,-0.1155,-0.2312,-0.2651,1,0,0,0,0,0,0,0,1,160.0,IR_WAIT,掉台但六路红外暂时无值，停车等待,0,0,1
6.16,548.0,745.0,376.0,1019.0,-0.3211,-0.1155,-0.2312,-0.2651,1,0,0,0,0,0,0,0,1,277.0,IR_WAIT,掉台但六路红外暂时无值，停车等待,0,0,1
6.18,546.0,743.0,375.0,1016.0,-0.3265,-0.1198,-0.2312,-0.2651,1,0,0,0,0,0,0,0,1,227.0,IR_WAIT,掉台但六路红外暂时无值，停车等待,0,0,1
6.2,547.0,744.0,374.0,1017.0,-0.3238,-0.1176,-0.2312,-0.263,1,0,0,0,0,0,0,0,1,144.0,IR_WAIT,掉台但六路红外暂时无值，停车等待,0,0,1
6.22,547.0,745.0,376.0,1017.0,-0.3238,-0.1176,-0.2312,-0.263,1,0,0,0,0,0,0,0,1,619.0,IR_WAIT,掉台但六路红外暂时无值，停车等待,0,0,1
6.24,546.0,744.0,375.0,1017.0,-0.3238,-0.1176,-0.2312,-0.263,1,0,0,0,0,0,0,0,1,179.0,IR_WAIT,掉台但六路红外暂时无值，停车等待,0,0,1
6.26,547.0,743.0,374.0,1016.0,-0.3238,-0.1176,-0.2312,-0.263,1,0,0,0,0,0,0,0,1,213.0,IR_WAIT,掉台但六路红外暂时无值，停车等待,0,0,1
6.28,547.0,746.0,376.0,1018.0,-0.3238,-0.1176,-0.2312,-0.263,1,0,0,0,0,0,0,0,1,213.0,IR_WAIT,掉台但六路红外暂时无值，停车等待,0,0,1
6.3,548.0,745.0,377.0,1020.0,-0.3238,-0.1155,-0.2284,-0.261,1,0,0,0,0,0,0,0,1,47.0,IR_WAIT,掉台但六路红外暂时无值，停车等待,0,0,1
6.321,548.0,744.0,375.0,1017.0,-0.3211,-0.1155,-0.2284,-0.261,1,0,0,0,0,0,0,0,1,162.0,IR_WAIT,掉台但六路红外暂时无值，停车等待,0,0,1
6.341,548.0,746.0,376.0,1020.0,-0.3211,-0.1155,-0.2284,-0.2568,1,0,0,0,0,0,0,0,1,162.0,IR_WAIT,掉台但六路红外暂时无值，停车等待,0,0,1
6.361,548.0,746.0,376.0,1018.0,-0.3211,-0.1133,-0.2284,-0.261,1,0,0,0,0,0,0,0,1,309.0,IR_WAIT,掉台但六路红外暂时无值，停车等待,0,0,1
6.381,547.0,745.0,375.0,1018.0,-0.3211,-0.1133,-0.2284,-0.261,1,0,0,0,0,0,0,0,1,195.0,IR_WAIT,掉台但六路红外暂时无值，停车等待,0,0,1
6.401,548.0,746.0,376.0,1019.0,-0.3211,-0.1133,-0.2284,-0.261,1,0,0,0,0,0,0,0,1,210.0,IR_WAIT,掉台但六路红外暂时无值，停车等待,0,0,1
6.421,548.0,746.0,376.0,1019.0,-0.3211,-0.1133,-0.2284,-0.2589,1,0,0,0,0,0,0,0,1,325.0,IR_WAIT,掉台但六路红外暂时无值，停车等待,0,0,1
6.441,548.0,744.0,375.0,1017.0,-0.3211,-0.1133,-0.2284,-0.2589,1,0,0,0,0,0,0,0,1,162.0,IR_WAIT,掉台但六路红外暂时无值，停车等待,0,0,1
6.461,548.0,745.0,375.0,1018.0,-0.3211,-0.1155,-0.2312,-0.261,1,0,0,0,0,0,0,0,1,276.0,IR_WAIT,掉台但六路红外暂时无值，停车等待,0,0,1
6.482,547.0,746.0,376.0,1020.0,-0.3211,-0.1155,-0.2312,-0.261,1,0,0,0,0,0,0,0,1,179.0,IR_WAIT,掉台但六路红外暂时无值，停车等待,0,0,1
6.502,547.0,746.0,376.0,1020.0,-0.3238,-0.1133,-0.2284,-0.2568,1,0,0,0,0,0,0,0,1,179.0,IR_WAIT,掉台但六路红外暂时无值，停车等待,0,0,1
6.522,548.0,746.0,375.0,1018.0,-0.3238,-0.1133,-0.2284,-0.2568,1,0,0,0,0,0,0,0,1,162.0,IR_WAIT,掉台但六路红外暂时无值，停车等待,0,0,1
6.542,548.0,746.0,375.0,1019.0,-0.3211,-0.1133,-0.2312,-0.2589,1,0,0,0,0,0,0,0,1,212.0,IR_WAIT,掉台但六路红外暂时无值，停车等待,0,0,1
6.562,547.0,745.0,375.0,1017.0,-0.3211,-0.1133,-0.2312,-0.261,1,0,0,0,0,0,0,0,1,-7.0,IR_WAIT,掉台但六路红外暂时无值，停车等待,0,0,1
6.582,548.0,746.0,375.0,1019.0,-0.3211,-0.1133,-0.2312,-0.2589,1,0,0,0,0,0,0,0,1,343.0,IR_WAIT,掉台但六路红外暂时无值，停车等待,0,0,1
6.602,548.0,745.0,375.0,1018.0,-0.3211,-0.1155,-0.2312,-0.261,1,0,0,0,0,0,0,0,1,178.0,IR_WAIT,掉台但六路红外暂时无值，停车等待,0,0,1
6.622,547.0,745.0,376.0,1018.0,-0.3211,-0.1155,-0.2312,-0.261,1,0,0,0,0,0,0,0,1,685.0,IR_WAIT,掉台但六路红外暂时无值，停车等待,0,0,1
6.642,547.0,745.0,375.0,1018.0,-0.3238,-0.1155,-0.2312,-0.261,1,0,0,0,0,0,0,0,1,618.0,IR_WAIT,掉台但六路红外暂时无值，停车等待,0,0,1
6.663,548.0,745.0,376.0,1019.0,-0.3238,-0.1155,-0.2284,-0.261,1,0,0,0,0,0,0,0,1,179.0,IR_WAIT,掉台但六路红外暂时无值，停车等待,0,0,1
6.683,548.0,745.0,376.0,1018.0,-0.3211,-0.1155,-0.2284,-0.261,1,0,0,0,0,0,0,0,1,183.0,IR_WAIT,掉台但六路红外暂时无值，停车等待,0,0,1
6.703,547.0,744.0,375.0,1017.0,-0.3211,-0.1155,-0.2284,-0.261,1,0,0,0,0,0,0,0,1,177.0,IR_WAIT,掉台但六路红外暂时无值，停车等待,0,0,1
6.723,548.0,745.0,376.0,1018.0,-0.3211,-0.1155,-0.2284,-0.261,1,0,0,0,0,0,0,0,1,-4.0,IR_WAIT,掉台但六路红外暂时无值，停车等待,0,0,1
6.743,548.0,747.0,376.0,1020.0,-0.3211,-0.1155,-0.2284,-0.261,1,0,0,0,0,0,0,0,1,213.0,IR_WAIT,掉台但六路红外暂时无值，停车等待,0,0,1
6.763,547.0,744.0,374.0,1017.0,-0.3211,-0.1155,-0.2284,-0.261,1,0,0,0,0,0,0,0,1,437.0,IR_WAIT,掉台但六路红外暂时无值，停车等待,0,0,1
6.783,548.0,745.0,376.0,1019.0,-0.3211,-0.1155,-0.2284,-0.2589,1,0,0,0,0,0,0,0,1,507.0,IR_WAIT,掉台但六路红外暂时无值，停车等待,0,0,1
6.804,548.0,745.0,375.0,1017.0,-0.3211,-0.1155,-0.2312,-0.263,1,0,0,0,0,0,0,0,1,163.0,IR_WAIT,掉台但六路红外暂时无值，停车等待,0,0,1
6.824,548.0,745.0,374.0,1018.0,-0.3211,-0.1155,-0.2312,-0.261,1,0,0,0,0,0,0,0,1,177.0,IR_WAIT,掉台但六路红外暂时无值，停车等待,0,0,1
6.844,547.0,745.0,374.0,1017.0,-0.3211,-0.1155,-0.234,-0.263,1,0,0,0,0,0,0,0,1,173.0,IR_WAIT,掉台但六路红外暂时无值，停车等待,0,0,1
6.864,548.0,747.0,376.0,1019.0,-0.3211,-0.1155,-0.234,-0.261,1,0,0,0,0,0,0,0,1,245.0,IR_WAIT,掉台但六路红外暂时无值，停车等待,0,0,1
6.884,548.0,745.0,375.0,1018.0,-0.3211,-0.1155,-0.2312,-0.261,1,0,0,0,0,0,0,0,1,211.0,IR_WAIT,掉台但六路红外暂时无值，停车等待,0,0,1
6.904,548.0,745.0,375.0,1018.0,-0.3211,-0.1155,-0.2312,-0.261,1,0,0,0,0,0,0,0,1,211.0,IR_WAIT,掉台但六路红外暂时无值，停车等待,0,0,1
6.924,547.0,745.0,376.0,1017.0,-0.3211,-0.1155,-0.2312,-0.261,1,0,0,0,0,0,0,0,1,212.0,IR_WAIT,掉台但六路红外暂时无值，停车等待,0,0,1
6.944,547.0,745.0,376.0,1017.0,-0.3238,-0.1155,-0.2284,-0.263,1,0,0,0,0,0,0,0,1,97.0,IR_WAIT,掉台但六路红外暂时无值，停车等待,0,0,1
6.964,546.0,743.0,375.0,1017.0,-0.3238,-0.1155,-0.2284,-0.263,1,0,0,0,0,0,0,0,1,162.0,IR_WAIT,掉台但六路红外暂时无值，停车等待,0,0,1
6.985,548.0,745.0,375.0,1018.0,-0.3238,-0.1155,-0.2312,-0.263,1,0,0,0,0,0,0,0,1,31.0,IR_WAIT,掉台但六路红外暂时无值，停车等待,0,0,1
7.005,548.0,745.0,375.0,1018.0,-0.3211,-0.1155,-0.2312,-0.261,1,0,0,0,0,0,0,0,1,603.0,IR_WAIT,掉台但六路红外暂时无值，停车等待,0,0,1
7.025,547.0,743.0,374.0,1016.0,-0.3211,-0.1155,-0.2312,-0.261,1,0,0,0,0,0,0,0,1,211.0,IR_WAIT,掉台但六路红外暂时无值，停车等待,0,0,1
7.045,547.0,745.0,376.0,1018.0,-0.3238,-0.1155,-0.2312,-0.261,1,0,0,0,0,0,0,0,1,443.0,IR_WAIT,掉台但六路红外暂时无值，停车等待,0,0,1
7.065,548.0,746.0,376.0,1018.0,-0.3238,-0.1155,-0.2284,-0.261,1,0,0,0,0,0,0,0,1,176.0,IR_WAIT,掉台但六路红外暂时无值，停车等待,0,0,1
7.085,547.0,744.0,375.0,1017.0,-0.3238,-0.1155,-0.2284,-0.261,1,0,0,0,0,0,0,0,1,82.0,IR_WAIT,掉台但六路红外暂时无值，停车等待,0,0,1
7.106,548.0,746.0,376.0,1019.0,-0.3211,-0.1133,-0.2284,-0.261,1,0,0,0,0,0,0,0,1,228.0,IR_WAIT,掉台但六路红外暂时无值，停车等待,0,0,1
7.126,547.0,745.0,375.0,1018.0,-0.3238,-0.1155,-0.2312,-0.261,1,0,0,0,0,0,0,0,1,-4.0,IR_WAIT,掉台但六路红外暂时无值，停车等待,0,0,1
7.146,547.0,745.0,375.0,1017.0,-0.3238,-0.1155,-0.2312,-0.261,1,0,0,0,0,0,0,0,1,-5.0,IR_WAIT,掉台但六路红外暂时无值，停车等待,0,0,1
7.166,547.0,745.0,376.0,1019.0,-0.3238,-0.1155,-0.2312,-0.261,1,0,0,0,0,0,0,0,1,161.0,IR_WAIT,掉台但六路红外暂时无值，停车等待,0,0,1
7.186,546.0,744.0,375.0,1017.0,-0.3238,-0.1155,-0.2312,-0.263,1,0,0,0,0,0,0,0,1,563.0,IR_WAIT,掉台但六路红外暂时无值，停车等待,0,0,1
7.206,547.0,744.0,375.0,1018.0,-0.3238,-0.1176,-0.2312,-0.261,1,0,0,0,0,0,0,0,1,185.0,IR_WAIT,掉台但六路红外暂时无值，停车等待,0,0,1
7.226,547.0,745.0,375.0,1019.0,-0.3238,-0.1176,-0.2312,-0.261,1,0,0,0,0,0,0,0,1,228.0,IR_WAIT,掉台但六路红外暂时无值，停车等待,0,0,1
7.246,548.0,745.0,376.0,1018.0,-0.3238,-0.1155,-0.2312,-0.261,1,0,0,0,0,0,0,0,1,210.0,IR_WAIT,掉台但六路红外暂时无值，停车等待,0,0,1
7.267,547.0,744.0,375.0,1017.0,-0.3238,-0.1155,-0.2312,-0.261,1,0,0,0,0,0,0,0,1,144.0,IR_WAIT,掉台但六路红外暂时无值，停车等待,0,0,1
7.287,548.0,746.0,376.0,1019.0,-0.3211,-0.1155,-0.2284,-0.261,1,0,0,0,0,0,0,0,1,-4.0,IR_WAIT,掉台但六路红外暂时无值，停车等待,0,0,1
7.307,549.0,746.0,375.0,1018.0,-0.3211,-0.1133,-0.2312,-0.261,1,0,0,0,0,0,0,0,1,179.0,IR_WAIT,掉台但六路红外暂时无值，停车等待,0,0,1
7.327,549.0,746.0,375.0,1018.0,-0.3184,-0.1133,-0.2312,-0.261,1,0,0,0,0,0,0,0,1,179.0,IR_WAIT,掉台但六路红外暂时无值，停车等待,0,0,1
7.347,547.0,744.0,375.0,1018.0,-0.3184,-0.1133,-0.2312,-0.261,1,0,0,0,0,0,0,0,1,246.0,IR_WAIT,掉台但六路红外暂时无值，停车等待,0,0,1
7.367,546.0,744.0,375.0,1016.0,-0.3238,-0.1176,-0.2312,-0.261,1,0,0,0,0,0,0,0,1,238.0,IR_WAIT,掉台但六路红外暂时无值，停车等待,0,0,1
7.388,548.0,744.0,376.0,1018.0,-0.3238,-0.1176,-0.2312,-0.261,1,0,0,0,0,0,0,0,1,228.0,IR_WAIT,掉台但六路红外暂时无值，停车等待,0,0,1
7.408,547.0,745.0,375.0,1017.0,-0.3238,-0.1176,-0.2312,-0.263,1,0,0,0,0,0,0,0,1,95.0,IR_WAIT,掉台但六路红外暂时无值，停车等待,0,0,1
7.428,548.0,745.0,375.0,1018.0,-0.3211,-0.1155,-0.2312,-0.261,1,0,0,0,0,0,0,0,1,178.0,IR_WAIT,掉台但六路红外暂时无值，停车等待,0,0,1
7.448,548.0,745.0,375.0,1019.0,-0.3211,-0.1155,-0.2312,-0.261,1,0,0,0,0,0,0,0,1,180.0,IR_WAIT,掉台但六路红外暂时无值，停车等待,0,0,1
7.468,548.0,745.0,375.0,1017.0,-0.3211,-0.1155,-0.2312,-0.261,1,0,0,0,0,0,0,0,1,292.0,IR_WAIT,掉台但六路红外暂时无值，停车等待,0,0,1
7.488,547.0,745.0,376.0,1019.0,-0.3211,-0.1155,-0.2312,-0.2589,1,0,0,0,0,0,0,0,1,218.0,IR_WAIT,掉台但六路红外暂时无值，停车等待,0,0,1
7.508,548.0,745.0,376.0,1018.0,-0.3211,-0.1155,-0.2284,-0.261,1,0,0,0,0,0,0,0,1,-5.0,IR_WAIT,掉台但六路红外暂时无值，停车等待,0,0,1
7.529,548.0,744.0,375.0,1018.0,-0.3211,-0.1155,-0.2284,-0.261,1,0,0,0,0,0,0,0,1,179.0,IR_WAIT,掉台但六路红外暂时无值，停车等待,0,0,1
7.549,548.0,745.0,375.0,1018.0,-0.3211,-0.1155,-0.2312,-0.261,1,0,0,0,0,0,0,0,1,3.0,IR_WAIT,掉台但六路红外暂时无值，停车等待,0,0,1
7.569,547.0,745.0,376.0,1018.0,-0.3211,-0.1155,-0.2312,-0.261,1,0,0,0,0,0,0,0,1,177.0,IR_WAIT,掉台但六路红外暂时无值，停车等待,0,0,1
7.589,548.0,745.0,377.0,1018.0,-0.3211,-0.1155,-0.2284,-0.261,1,0,0,0,0,0,0,0,1,230.0,IR_WAIT,掉台但六路红外暂时无值，停车等待,0,0,1
7.609,547.0,745.0,375.0,1017.0,-0.3238,-0.1155,-0.2284,-0.261,1,0,0,0,0,0,0,0,1,733.0,IR_WAIT,掉台但六路红外暂时无值，停车等待,0,0,1
7.629,547.0,745.0,376.0,1018.0,-0.3238,-0.1155,-0.2284,-0.261,1,0,0,0,0,0,0,0,1,217.0,IR_WAIT,掉台但六路红外暂时无值，停车等待,0,0,1
7.649,548.0,745.0,375.0,1019.0,-0.3238,-0.1155,-0.2312,-0.261,1,0,0,0,0,0,0,0,1,20.0,IR_WAIT,掉台但六路红外暂时无值，停车等待,0,0,1
7.669,547.0,745.0,376.0,1018.0,-0.3238,-0.1155,-0.2284,-0.261,1,0,0,0,0,0,0,0,1,162.0,IR_WAIT,掉台但六路红外暂时无值，停车等待,0,0,1
7.69,547.0,745.0,376.0,1018.0,-0.3238,-0.1155,-0.2284,-0.261,1,0,0,0,0,0,0,0,1,162.0,IR_WAIT,掉台但六路红外暂时无值，停车等待,0,0,1
7.71,546.0,744.0,375.0,1016.0,-0.3238,-0.1155,-0.2284,-0.261,1,0,0,0,0,0,0,0,1,-5.0,IR_WAIT,掉台但六路红外暂时无值，停车等待,0,0,1
7.73,546.0,744.0,375.0,1016.0,-0.3265,-0.1176,-0.2312,-0.2651,1,0,0,0,0,0,0,0,1,179.0,IR_WAIT,掉台但六路红外暂时无值，停车等待,0,0,1
7.75,548.0,745.0,375.0,1018.0,-0.3265,-0.1176,-0.2312,-0.2651,1,0,0,0,0,0,0,0,1,213.0,IR_WAIT,掉台但六路红外暂时无值，停车等待,0,0,1
7.77,547.0,744.0,375.0,1017.0,-0.3238,-0.1176,-0.2312,-0.263,1,0,0,0,0,0,0,0,1,570.0,IR_WAIT,掉台但六路红外暂时无值，停车等待,0,0,1
7.79,548.0,744.0,375.0,1016.0,-0.3211,-0.1176,-0.2312,-0.263,1,0,0,0,0,0,0,0,1,179.0,IR_WAIT,掉台但六路红外暂时无值，停车等待,0,0,1
7.81,547.0,744.0,375.0,1017.0,-0.3238,-0.1176,-0.2312,-0.263,1,0,0,0,0,0,0,0,1,149.0,IR_WAIT,掉台但六路红外暂时无值，停车等待,0,0,1
7.831,548.0,746.0,376.0,1020.0,-0.3211,-0.1176,-0.2312,-0.263,1,0,0,0,0,0,0,0,1,243.0,IR_WAIT,掉台但六路红外暂时无值，停车等待,0,0,1
7.851,548.0,745.0,375.0,1018.0,-0.3211,-0.1155,-0.2312,-0.261,1,0,0,0,0,0,0,0,1,211.0,IR_WAIT,掉台但六路红外暂时无值，停车等待,0,0,1
7.872,548.0,746.0,376.0,1019.0,-0.3211,-0.1133,-0.2284,-0.2589,1,0,0,0,0,0,0,0,1,162.0,IR_WAIT,掉台但六路红外暂时无值，停车等待,0,0,1
7.892,548.0,746.0,376.0,1018.0,-0.3211,-0.1133,-0.2284,-0.261,1,0,0,0,0,0,0,0,1,178.0,IR_WAIT,掉台但六路红外暂时无值，停车等待,0,0,1
7.912,546.0,744.0,375.0,1016.0,-0.3211,-0.1133,-0.2284,-0.261,1,0,0,0,0,0,0,0,1,150.0,IR_WAIT,掉台但六路红外暂时无值，停车等待,0,0,1
7.933,548.0,746.0,376.0,1019.0,-0.3211,-0.1133,-0.2284,-0.261,1,0,0,0,0,0,0,0,1,5.0,IR_WAIT,掉台但六路红外暂时无值，停车等待,0,0,1
7.953,548.0,746.0,376.0,1019.0,-0.3211,-0.1133,-0.2284,-0.2589,1,0,0,0,0,0,0,0,1,228.0,IR_WAIT,掉台但六路红外暂时无值，停车等待,0,0,1
7.973,548.0,746.0,376.0,1018.0,-0.3211,-0.1133,-0.2284,-0.2589,1,0,0,0,0,0,0,0,1,394.0,IR_WAIT,掉台但六路红外暂时无值，停车等待,0,0,1
7.993,548.0,745.0,376.0,1019.0,-0.3211,-0.1133,-0.2284,-0.2589,1,0,0,0,0,0,0,0,1,212.0,IR_WAIT,掉台但六路红外暂时无值，停车等待,0,0,1
8.013,548.0,746.0,376.0,1019.0,-0.3211,-0.1133,-0.2284,-0.2589,1,0,0,0,0,0,0,0,1,179.0,IR_WAIT,掉台但六路红外暂时无值，停车等待,0,0,1
8.033,546.0,744.0,374.0,1016.0,-0.3211,-0.1155,-0.2284,-0.2589,1,0,0,0,0,0,0,0,1,379.0,IR_WAIT,掉台但六路红外暂时无值，停车等待,0,0,1
8.054,549.0,747.0,376.0,1019.0,-0.3211,-0.1133,-0.2284,-0.2589,1,0,0,0,0,0,0,0,1,129.0,IR_WAIT,掉台但六路红外暂时无值，停车等待,0,0,1
8.074,548.0,746.0,376.0,1019.0,-0.3211,-0.1133,-0.2284,-0.2589,1,0,0,0,0,0,0,0,1,-5.0,IR_WAIT,掉台但六路红外暂时无值，停车等待,0,0,1
8.094,547.0,744.0,375.0,1017.0,-0.3211,-0.1133,-0.2284,-0.2589,1,0,0,0,0,0,0,0,1,228.0,IR_WAIT,掉台但六路红外暂时无值，停车等待,0,0,1
8.114,547.0,745.0,376.0,1019.0,-0.3238,-0.1155,-0.2284,-0.2589,1,0,0,0,0,0,0,0,1,-4.0,IR_WAIT,掉台但六路红外暂时无值，停车等待,0,0,1
8.134,547.0,745.0,376.0,1019.0,-0.3238,-0.1155,-0.2284,-0.2589,1,0,0,0,0,0,0,0,1,-4.0,IR_WAIT,掉台但六路红外暂时无值，停车等待,0,0,1
8.155,547.0,746.0,376.0,1019.0,-0.3238,-0.1155,-0.2284,-0.2589,1,0,0,0,0,0,0,0,1,161.0,IR_WAIT,掉台但六路红外暂时无值，停车等待,0,0,1
8.175,548.0,744.0,375.0,1017.0,-0.3238,-0.1155,-0.2284,-0.2589,1,0,0,0,0,0,0,0,1,179.0,IR_WAIT,掉台但六路红外暂时无值，停车等待,0,0,1
8.195,547.0,744.0,375.0,1018.0,-0.3238,-0.1176,-0.2312,-0.261,1,0,0,0,0,0,0,0,1,603.0,IR_WAIT,掉台但六路红外暂时无值，停车等待,0,0,1
8.215,548.0,746.0,376.0,1019.0,-0.3211,-0.1176,-0.2312,-0.261,1,0,0,0,0,0,0,0,1,228.0,IR_WAIT,掉台但六路红外暂时无值，停车等待,0,0,1
8.235,547.0,745.0,375.0,1017.0,-0.3238,-0.1155,-0.2312,-0.261,1,0,0,0,0,0,0,0,1,80.0,IR_WAIT,掉台但六路红外暂时无值，停车等待,0,0,1
8.255,548.0,746.0,376.0,1019.0,-0.3211,-0.1133,-0.2284,-0.2589,1,0,0,0,0,0,0,0,1,162.0,IR_WAIT,掉台但六路红外暂时无值，停车等待,0,0,1
8.275,549.0,746.0,377.0,1020.0,-0.3211,-0.1133,-0.2284,-0.2589,1,0,0,0,0,0,0,0,1,3.0,IR_WAIT,掉台但六路红外暂时无值，停车等待,0,0,1
8.296,548.0,745.0,375.0,1018.0,-0.3211,-0.1133,-0.2284,-0.2589,1,0,0,0,0,0,0,0,1,238.0,IR_WAIT,掉台但六路红外暂时无值，停车等待,0,0,1
8.316,548.0,745.0,376.0,1018.0,-0.3211,-0.1155,-0.2284,-0.261,1,0,0,0,0,0,0,0,1,229.0,IR_WAIT,掉台但六路红外暂时无值，停车等待,0,0,1
8.336,547.0,745.0,376.0,1018.0,-0.3211,-0.1155,-0.2284,-0.261,1,0,0,0,0,0,0,0,1,229.0,IR_WAIT,掉台但六路红外暂时无值，停车等待,0,0,1
8.357,547.0,745.0,375.0,1018.0,-0.3238,-0.1155,-0.2284,-0.261,1,0,0,0,0,0,0,0,1,211.0,IR_WAIT,掉台但六路红外暂时无值，停车等待,0,0,1
8.377,548.0,745.0,375.0,1017.0,-0.3238,-0.1155,-0.2312,-0.261,1,0,0,0,0,0,0,0,1,162.0,IR_WAIT,掉台但六路红外暂时无值，停车等待,0,0,1
8.397,546.0,746.0,375.0,1016.0,-0.3238,-0.1155,-0.2312,-0.263,1,0,0,0,0,0,0,0,1,362.0,IR_WAIT,掉台但六路红外暂时无值，停车等待,0,0,1
8.417,546.0,742.0,375.0,1014.0,-0.3265,-0.1155,-0.2312,-0.2651,1,0,0,0,0,0,0,0,1,167.0,IR_WAIT,掉台但六路红外暂时无值，停车等待,0,0,1
8.437,547.0,745.0,375.0,1017.0,-0.3265,-0.1155,-0.2312,-0.2651,1,0,0,0,0,0,0,0,1,347.0,IR_WAIT,掉台但六路红外暂时无值，停车等待,0,0,1
8.457,547.0,746.0,375.0,1018.0,-0.3238,-0.1155,-0.2312,-0.263,1,0,0,0,0,0,0,0,1,229.0,IR_WAIT,掉台但六路红外暂时无值，停车等待,0,0,1
8.477,548.0,746.0,376.0,1018.0,-0.3238,-0.1133,-0.2312,-0.261,1,0,0,0,0,0,0,0,1,112.0,IR_WAIT,掉台但六路红外暂时无值，停车等待,0,0,1
8.498,548.0,745.0,376.0,1018.0,-0.3211,-0.1133,-0.2284,-0.261,1,0,0,0,0,0,0,0,1,177.0,IR_WAIT,掉台但六路红外暂时无值，停车等待,0,0,1
8.518,548.0,746.0,376.0,1019.0,-0.3211,-0.1133,-0.2284,-0.261,1,0,0,0,0,0,0,0,1,179.0,IR_WAIT,掉台但六路红外暂时无值，停车等待,0,0,1
8.538,547.0,745.0,376.0,1019.0,-0.3211,-0.1155,-0.2284,-0.2589,1,0,0,0,0,0,0,0,1,162.0,IR_WAIT,掉台但六路红外暂时无值，停车等待,0,0,1
8.558,547.0,745.0,376.0,1019.0,-0.3238,-0.1155,-0.2284,-0.2589,1,0,0,0,0,0,0,0,1,162.0,IR_WAIT,掉台但六路红外暂时无值，停车等待,0,0,1
8.578,548.0,745.0,374.0,1017.0,-0.3238,-0.1155,-0.2284,-0.2589,1,0,0,0,0,0,0,0,1,211.0,IR_WAIT,掉台但六路红外暂时无值，停车等待,0,0,1
8.598,547.0,745.0,376.0,1019.0,-0.3238,-0.1155,-0.2284,-0.2589,1,0,0,0,0,0,0,0,1,162.0,IR_WAIT,掉台但六路红外暂时无值，停车等待,0,0,1
8.618,548.0,745.0,376.0,1019.0,-0.3211,-0.1155,-0.2284,-0.2589,1,0,0,0,0,0,0,0,1,619.0,IR_WAIT,掉台但六路红外暂时无值，停车等待,0,0,1
8.638,546.0,744.0,375.0,1017.0,-0.3238,-0.1155,-0.2284,-0.2589,1,0,0,0,0,0,0,0,1,156.0,IR_WAIT,掉台但六路红外暂时无值，停车等待,0,0,1
8.659,548.0,745.0,376.0,1018.0,-0.3211,-0.1155,-0.2284,-0.261,1,0,0,0,0,0,0,0,1,212.0,IR_WAIT,掉台但六路红外暂时无值，停车等待,0,0,1
8.679,548.0,745.0,376.0,1019.0,-0.3211,-0.1155,-0.2284,-0.261,1,0,0,0,0,0,0,0,1,229.0,IR_WAIT,掉台但六路红外暂时无值，停车等待,0,0,1
8.699,547.0,745.0,375.0,1018.0,-0.3211,-0.1155,-0.2284,-0.261,1,0,0,0,0,0,0,0,1,11.0,IR_WAIT,掉台但六路红外暂时无值，停车等待,0,0,1
8.719,548.0,746.0,377.0,1019.0,-0.3211,-0.1155,-0.2284,-0.2589,1,0,0,0,0,0,0,0,1,195.0,IR_WAIT,掉台但六路红外暂时无值，停车等待,0,0,1
8.739,547.0,745.0,376.0,1018.0,-0.3238,-0.1155,-0.2284,-0.261,1,0,0,0,0,0,0,0,1,164.0,IR_WAIT,掉台但六路红外暂时无值，停车等待,0,0,1
8.759,547.0,744.0,375.0,1016.0,-0.3238,-0.1155,-0.2284,-0.261,1,0,0,0,0,0,0,0,1,375.0,IR_WAIT,掉台但六路红外暂时无值，停车等待,0,0,1
8.779,548.0,746.0,376.0,1018.0,-0.3238,-0.1155,-0.2284,-0.261,1,0,0,0,0,0,0,0,1,178.0,IR_WAIT,掉台但六路红外暂时无值，停车等待,0,0,1
8.799,547.0,745.0,375.0,1017.0,-0.3238,-0.1155,-0.2312,-0.263,1,0,0,0,0,0,0,0,1,212.0,IR_WAIT,掉台但六路红外暂时无值，停车等待,0,0,1
8.819,547.0,745.0,374.0,1017.0,-0.3238,-0.1155,-0.2312,-0.263,1,0,0,0,0,0,0,0,1,210.0,IR_WAIT,掉台但六路红外暂时无值，停车等待,0,0,1
8.84,548.0,746.0,376.0,1019.0,-0.3238,-0.1155,-0.2312,-0.263,1,0,0,0,0,0,0,0,1,145.0,IR_WAIT,掉台但六路红外暂时无值，停车等待,0,0,1
8.86,547.0,744.0,375.0,1017.0,-0.3238,-0.1155,-0.2312,-0.263,1,0,0,0,0,0,0,0,1,177.0,IR_WAIT,掉台但六路红外暂时无值，停车等待,0,0,1
8.88,548.0,746.0,376.0,1019.0,-0.3211,-0.1133,-0.2284,-0.2589,1,0,0,0,0,0,0,0,1,162.0,IR_WAIT,掉台但六路红外暂时无值，停车等待,0,0,1
8.9,548.0,745.0,376.0,1018.0,-0.3211,-0.1155,-0.2284,-0.261,1,0,0,0,0,0,0,0,1,95.0,IR_WAIT,掉台但六路红外暂时无值，停车等待,0,0,1
8.92,548.0,745.0,376.0,1018.0,-0.3211,-0.1155,-0.2284,-0.261,1,0,0,0,0,0,0,0,1,95.0,IR_WAIT,掉台但六路红外暂时无值，停车等待,0,0,1
8.94,548.0,744.0,375.0,1017.0,-0.3211,-0.1155,-0.2284,-0.261,1,0,0,0,0,0,0,0,1,212.0,IR_WAIT,掉台但六路红外暂时无值，停车等待,0,0,1
8.96,548.0,743.0,375.0,1017.0,-0.3211,-0.1176,-0.2312,-0.263,1,0,0,0,0,0,0,0,1,163.0,IR_WAIT,掉台但六路红外暂时无值，停车等待,0,0,1
8.98,547.0,744.0,375.0,1017.0,-0.3211,-0.1176,-0.2312,-0.263,1,0,0,0,0,0,0,0,1,618.0,IR_WAIT,掉台但六路红外暂时无值，停车等待,0,0,1
9.001,546.0,744.0,375.0,1016.0,-0.3238,-0.1176,-0.2312,-0.263,1,0,0,0,0,0,0,0,1,177.0,IR_WAIT,掉台但六路红外暂时无值，停车等待,0,0,1
9.021,547.0,745.0,375.0,1018.0,-0.3238,-0.1176,-0.2312,-0.263,1,0,0,0,0,0,0,0,1,522.0,IR_WAIT,掉台但六路红外暂时无值，停车等待,0,0,1
9.041,548.0,746.0,376.0,1019.0,-0.3238,-0.1155,-0.2312,-0.261,1,0,0,0,0,0,0,0,1,293.0,IR_WAIT,掉台但六路红外暂时无值，停车等待,0,0,1
9.061,547.0,745.0,375.0,1017.0,-0.3238,-0.1155,-0.2312,-0.261,1,0,0,0,0,0,0,0,1,-7.0,IR_WAIT,掉台但六路红外暂时无值，停车等待,0,0,1
9.081,548.0,745.0,376.0,1018.0,-0.3211,-0.1155,-0.2284,-0.261,1,0,0,0,0,0,0,0,1,211.0,IR_WAIT,掉台但六路红外暂时无值，停车等待,0,0,1
9.101,548.0,746.0,376.0,1019.0,-0.3211,-0.1155,-0.2284,-0.261,1,0,0,0,0,0,0,0,1,162.0,IR_WAIT,掉台但六路红外暂时无值，停车等待,0,0,1
9.121,548.0,746.0,376.0,1019.0,-0.3211,-0.1133,-0.2284,-0.2589,1,0,0,0,0,0,0,0,1,244.0,IR_WAIT,掉台但六路红外暂时无值，停车等待,0,0,1
9.141,547.0,744.0,376.0,1018.0,-0.3211,-0.1133,-0.2284,-0.2589,1,0,0,0,0,0,0,0,1,161.0,IR_WAIT,掉台但六路红外暂时无值，停车等待,0,0,1
9.161,548.0,746.0,376.0,1019.0,-0.3211,-0.1133,-0.2284,-0.2589,1,0,0,0,0,0,0,0,1,264.0,IR_WAIT,掉台但六路红外暂时无值，停车等待,0,0,1
9.182,548.0,745.0,376.0,1018.0,-0.3211,-0.1155,-0.2284,-0.261,1,0,0,0,0,0,0,0,1,276.0,IR_WAIT,掉台但六路红外暂时无值，停车等待,0,0,1
9.202,548.0,746.0,375.0,1018.0,-0.3211,-0.1133,-0.2284,-0.261,1,0,0,0,0,0,0,0,1,78.0,IR_WAIT,掉台但六路红外暂时无值，停车等待,0,0,1
9.222,548.0,747.0,376.0,1019.0,-0.3211,-0.1133,-0.2284,-0.261,1,0,0,0,0,0,0,0,1,161.0,IR_WAIT,掉台但六路红外暂时无值，停车等待,0,0,1
9.242,547.0,744.0,375.0,1017.0,-0.3211,-0.1133,-0.2312,-0.261,1,0,0,0,0,0,0,0,1,180.0,IR_WAIT,掉台但六路红外暂时无值，停车等待,0,0,1
9.262,548.0,746.0,376.0,1019.0,-0.3211,-0.1133,-0.2284,-0.2589,1,0,0,0,0,0,0,0,1,228.0,IR_WAIT,掉台但六路红外暂时无值，停车等待,0,0,1
9.282,549.0,746.0,376.0,1019.0,-0.3211,-0.1133,-0.2284,-0.2589,1,0,0,0,0,0,0,0,1,211.0,IR_WAIT,掉台但六路红外暂时无值，停车等待,0,0,1
9.302,549.0,746.0,376.0,1019.0,-0.3184,-0.1133,-0.2284,-0.2589,1,0,0,0,0,0,0,0,1,211.0,IR_WAIT,掉台但六路红外暂时无值，停车等待,0,0,1
9.322,548.0,746.0,376.0,1019.0,-0.3184,-0.1133,-0.2284,-0.2589,1,0,0,0,0,0,0,0,1,163.0,IR_WAIT,掉台但六路红外暂时无值，停车等待,0,0,1
9.343,548.0,744.0,375.0,1018.0,-0.3211,-0.1133,-0.2284,-0.2589,1,0,0,0,0,0,0,0,1,79.0,IR_WAIT,掉台但六路红外暂时无值，停车等待,0,0,1
9.363,549.0,747.0,374.0,1020.0,-0.3211,-0.1133,-0.2312,-0.2589,1,0,0,0,0,0,0,0,1,161.0,IR_WAIT,掉台但六路红外暂时无值，停车等待,0,0,1
9.383,548.0,745.0,376.0,1018.0,-0.3211,-0.1155,-0.2312,-0.261,1,0,0,0,0,0,0,0,1,357.0,IR_WAIT,掉台但六路红外暂时无值，停车等待,0,0,1
9.403,547.0,745.0,375.0,1017.0,-0.3211,-0.1155,-0.2312,-0.261,1,0,0,0,0,0,0,0,1,473.0,IR_WAIT,掉台但六路红外暂时无值，停车等待,0,0,1
9.423,547.0,746.0,375.0,1019.0,-0.3238,-0.1155,-0.2312,-0.261,1,0,0,0,0,0,0,0,1,229.0,IR_WAIT,掉台但六路红外暂时无值，停车等待,0,0,1
9.443,548.0,745.0,376.0,1018.0,-0.3238,-0.1155,-0.2312,-0.261,1,0,0,0,0,0,0,0,1,228.0,IR_WAIT,掉台但六路红外暂时无值，停车等待,0,0,1
9.463,547.0,744.0,375.0,1018.0,-0.3238,-0.1155,-0.2312,-0.261,1,0,0,0,0,0,0,0,1,162.0,IR_WAIT,掉台但六路红外暂时无值，停车等待,0,0,1
9.484,548.0,746.0,376.0,1019.0,-0.3211,-0.1155,-0.2284,-0.261,1,0,0,0,0,0,0,0,1,-7.0,IR_WAIT,掉台但六路红外暂时无值，停车等待,0,0,1
9.504,548.0,745.0,375.0,1018.0,-0.3211,-0.1155,-0.2312,-0.261,1,0,0,0,0,0,0,0,1,162.0,IR_WAIT,掉台但六路红外暂时无值，停车等待,0,0,1
9.524,547.0,744.0,375.0,1016.0,-0.3211,-0.1155,-0.2312,-0.261,1,0,0,0,0,0,0,0,1,405.0,IR_WAIT,掉台但六路红外暂时无值，停车等待,0,0,1
9.544,547.0,746.0,377.0,1020.0,-0.3238,-0.1155,-0.2312,-0.261,1,0,0,0,0,0,0,0,1,636.0,IR_WAIT,掉台但六路红外暂时无值，停车等待,0,0,1
9.564,547.0,745.0,376.0,1018.0,-0.3238,-0.1155,-0.2284,-0.261,1,0,0,0,0,0,0,0,1,147.0,IR_WAIT,掉台但六路红外暂时无值，停车等待,0,0,1
9.584,548.0,745.0,375.0,1017.0,-0.3238,-0.1155,-0.2284,-0.261,1,0,0,0,0,0,0,0,1,574.0,IR_WAIT,掉台但六路红外暂时无值，停车等待,0,0,1
9.604,548.0,745.0,376.0,1018.0,-0.3211,-0.1155,-0.2284,-0.261,1,0,0,0,0,0,0,0,1,179.0,IR_WAIT,掉台但六路红外暂时无值，停车等待,0,0,1
9.624,548.0,745.0,376.0,1019.0,-0.3211,-0.1155,-0.2284,-0.261,1,0,0,0,0,0,0,0,1,96.0,IR_WAIT,掉台但六路红外暂时无值，停车等待,0,0,1
9.644,547.0,744.0,375.0,1018.0,-0.3211,-0.1155,-0.2284,-0.261,1,0,0,0,0,0,0,0,1,211.0,IR_WAIT,掉台但六路红外暂时无值，停车等待,0,0,1
9.665,548.0,745.0,376.0,1019.0,-0.3211,-0.1155,-0.2284,-0.2589,1,0,0,0,0,0,0,0,1,62.0,IR_WAIT,掉台但六路红外暂时无值，停车等待,0,0,1
9.685,547.0,745.0,375.0,1018.0,-0.3238,-0.1155,-0.2312,-0.261,1,0,0,0,0,0,0,0,1,506.0,IR_WAIT,掉台但六路红外暂时无值，停车等待,0,0,1
9.705,548.0,744.0,375.0,1017.0,-0.3211,-0.1155,-0.2312,-0.261,1,0,0,0,0,0,0,0,1,162.0,IR_WAIT,掉台但六路红外暂时无值，停车等待,0,0,1
9.725,548.0,744.0,375.0,1017.0,-0.3211,-0.1176,-0.2312,-0.263,1,0,0,0,0,0,0,0,1,162.0,IR_WAIT,掉台但六路红外暂时无值，停车等待,0,0,1
9.745,549.0,746.0,376.0,1019.0,-0.3211,-0.1176,-0.2312,-0.263,1,0,0,0,0,0,0,0,1,228.0,IR_WAIT,掉台但六路红外暂时无值，停车等待,0,0,1
9.765,548.0,745.0,376.0,1018.0,-0.3211,-0.1155,-0.2284,-0.261,1,0,0,0,0,0,0,0,1,229.0,IR_WAIT,掉台但六路红外暂时无值，停车等待,0,0,1
9.785,546.0,744.0,374.0,1016.0,-0.3211,-0.1155,-0.2284,-0.261,1,0,0,0,0,0,0,0,1,213.0,IR_WAIT,掉台但六路红外暂时无值，停车等待,0,0,1
9.805,546.0,744.0,375.0,1017.0,-0.3265,-0.1176,-0.2312,-0.263,1,0,0,0,0,0,0,0,1,218.0,IR_WAIT,掉台但六路红外暂时无值，停车等待,0,0,1
9.826,546.0,743.0,375.0,1017.0,-0.3265,-0.1176,-0.2312,-0.263,1,0,0,0,0,0,0,0,1,177.0,IR_WAIT,掉台但六路红外暂时无值，停车等待,0,0,1
9.846,546.0,743.0,374.0,1015.0,-0.3265,-0.1198,-0.2312,-0.263,1,0,0,0,0,0,0,0,1,150.0,IR_WAIT,掉台但六路红外暂时无值，停车等待,0,0,1
9.866,547.0,745.0,374.0,1017.0,-0.3265,-0.1198,-0.234,-0.263,1,0,0,0,0,0,0,0,1,177.0,IR_WAIT,掉台但六路红外暂时无值，停车等待,0,0,1
9.886,545.0,742.0,374.0,1015.0,-0.3265,-0.1198,-0.234,-0.2672,1,0,0,0,0,0,0,0,1,146.0,IR_WAIT,掉台但六路红外暂时无值，停车等待,0,0,1
9.906,545.0,742.0,374.0,1015.0,-0.3293,-0.122,-0.234,-0.2672,1,0,0,0,0,0,0,0,1,-7.0,IR_WAIT,掉台但六路红外暂时无值，停车等待,0,0,1
9.926,546.0,743.0,374.0,1016.0,-0.3293,-0.122,-0.234,-0.2672,1,0,0,0,0,0,0,0,1,156.0,IR_WAIT,掉台但六路红外暂时无值，停车等待,0,0,1
9.946,546.0,744.0,374.0,1016.0,-0.3265,-0.1198,-0.234,-0.2651,1,0,0,0,0,0,0,0,1,528.0,IR_WAIT,掉台但六路红外暂时无值，停车等待,0,0,1
9.967,545.0,743.0,374.0,1014.0,-0.3265,-0.1198,-0.234,-0.2651,1,0,0,0,0,0,0,0,1,161.0,IR_WAIT,掉台但六路红外暂时无值，停车等待,0,0,1
9.987,546.0,744.0,375.0,1016.0,-0.3265,-0.1176,-0.234,-0.2651,1,0,0,0,0,0,0,0,1,212.0,IR_WAIT,掉台但六路红外暂时无值，停车等待,0,0,1
10.007,546.0,742.0,374.0,1015.0,-0.3265,-0.1198,-0.234,-0.2672,1,0,0,0,0,0,0,0,1,410.0,IR_WAIT,掉台但六路红外暂时无值，停车等待,0,0,1
10.027,545.0,743.0,373.0,1014.0,-0.3265,-0.1198,-0.234,-0.2672,1,0,0,0,0,0,0,0,1,95.0,IR_WAIT,掉台但六路红外暂时无值，停车等待,0,0,1
10.047,546.0,744.0,375.0,1017.0,-0.3265,-0.1198,-0.234,-0.2672,1,0,0,0,0,0,0,0,1,-6.0,IR_WAIT,掉台但六路红外暂时无值，停车等待,0,0,1
10.067,546.0,743.0,375.0,1017.0,-0.3265,-0.1198,-0.2312,-0.263,1,0,0,0,0,0,0,0,1,163.0,IR_WAIT,掉台但六路红外暂时无值，停车等待,0,0,1
10.087,545.0,742.0,373.0,1015.0,-0.3265,-0.1198,-0.2312,-0.263,1,0,0,0,0,0,0,0,1,-2.0,IR_WAIT,掉台但六路红外暂时无值，停车等待,0,0,1
10.107,546.0,743.0,374.0,1016.0,-0.3265,-0.1198,-0.234,-0.2651,1,0,0,0,0,0,0,0,1,162.0,IR_WAIT,掉台但六路红外暂时无值，停车等待,0,0,1
10.127,548.0,745.0,375.0,1019.0,-0.3265,-0.1198,-0.234,-0.2651,1,0,0,0,0,0,0,0,1,212.0,IR_WAIT,掉台但六路红外暂时无值，停车等待,0,0,1
10.148,546.0,743.0,375.0,1016.0,-0.3265,-0.1198,-0.2312,-0.2651,1,0,0,0,0,0,0,0,1,455.0,IR_WAIT,掉台但六路红外暂时无值，停车等待,0,0,1
10.168,546.0,742.0,373.0,1016.0,-0.3265,-0.1198,-0.2312,-0.2651,1,0,0,0,0,0,0,0,1,162.0,IR_WAIT,掉台但六路红外暂时无值，停车等待,0,0,1
10.188,545.0,742.0,374.0,1016.0,-0.3265,-0.122,-0.234,-0.2651,1,0,0,0,0,0,0,0,1,82.0,IR_WAIT,掉台但六路红外暂时无值，停车等待,0,0,1
10.208,545.0,742.0,374.0,1016.0,-0.3293,-0.122,-0.234,-0.2651,1,0,0,0,0,0,0,0,1,82.0,IR_WAIT,掉台但六路红外暂时无值，停车等待,0,0,1
10.228,546.0,743.0,374.0,1016.0,-0.3293,-0.122,-0.234,-0.2651,1,0,0,0,0,0,0,0,1,162.0,IR_WAIT,掉台但六路红外暂时无值，停车等待,0,0,1
11.4,547.0,744.0,375.0,1018.0,-0.3265,-0.1198,-0.234,-0.2651,1,0,0,0,0,0,0,0,1,683.0,IR_WAIT,掉台但六路红外暂时无值，停车等待,0,0,1
11.42,547.0,744.0,375.0,1018.0,-0.3238,-0.1176,-0.2312,-0.261,1,0,0,0,0,0,0,0,1,683.0,IR_WAIT,掉台但六路红外暂时无值，停车等待,0,0,1
11.44,547.0,744.0,374.0,1016.0,-0.3238,-0.1176,-0.2312,-0.261,1,0,0,0,0,0,0,0,1,423.0,IR_WAIT,掉台但六路红外暂时无值，停车等待,0,0,1
11.46,546.0,743.0,373.0,1014.0,-0.3238,-0.1176,-0.234,-0.2651,1,0,0,0,0,0,0,0,1,161.0,IR_WAIT,掉台但六路红外暂时无值，停车等待,0,0,1
11.48,546.0,743.0,375.0,1016.0,-0.3265,-0.1198,-0.234,-0.2651,1,0,0,0,0,0,0,0,1,227.0,IR_WAIT,掉台但六路红外暂时无值，停车等待,0,0,1
11.5,546.0,742.0,373.0,1015.0,-0.3265,-0.1198,-0.2368,-0.2672,1,0,0,0,0,0,0,0,1,146.0,IR_WAIT,掉台但六路红外暂时无值，停车等待,0,0,1
11.52,546.0,742.0,373.0,1014.0,-0.3265,-0.122,-0.2368,-0.2672,1,0,0,0,0,0,0,0,1,-7.0,IR_WAIT,掉台但六路红外暂时无值，停车等待,0,0,1
11.541,545.0,744.0,374.0,1016.0,-0.3265,-0.122,-0.2368,-0.2672,1,0,0,0,0,0,0,0,1,178.0,IR_WAIT,掉台但六路红外暂时无值，停车等待,0,0,1
11.561,545.0,742.0,374.0,1014.0,-0.3293,-0.122,-0.234,-0.2693,1,0,0,0,0,0,0,0,1,356.0,IR_WAIT,掉台但六路红外暂时无值，停车等待,0,0,1
11.581,547.0,746.0,375.0,1017.0,-0.3293,-0.1176,-0.234,-0.2651,1,0,0,0,0,0,0,0,1,619.0,IR_WAIT,掉台但六路红外暂时无值，停车等待,0,0,1
11.601,547.0,744.0,374.0,1017.0,-0.3238,-0.1176,-0.234,-0.263,1,0,0,0,0,0,0,0,1,228.0,IR_WAIT,掉台但六路红外暂时无值，停车等待,0,0,1
11.621,547.0,745.0,375.0,1016.0,-0.3238,-0.1155,-0.2312,-0.263,1,0,0,0,0,0,0,0,1,211.0,IR_WAIT,掉台但六路红外暂时无值，停车等待,0,0,1
11.641,546.0,744.0,375.0,1016.0,-0.3238,-0.1176,-0.2312,-0.2651,1,0,0,0,0,0,0,0,1,128.0,IR_WAIT,掉台但六路红外暂时无值，停车等待,0,0,1
11.661,547.0,744.0,375.0,1018.0,-0.3238,-0.1176,-0.2312,-0.2651,1,0,0,0,0,0,0,0,1,47.0,IR_WAIT,掉台但六路红外暂时无值，停车等待,0,0,1
11.681,546.0,744.0,374.0,1016.0,-0.3265,-0.1176,-0.2312,-0.2651,1,0,0,0,0,0,0,0,1,212.0,IR_WAIT,掉台但六路红外暂时无值，停车等待,0,0,1
11.701,547.0,744.0,374.0,1018.0,-0.3238,-0.1176,-0.234,-0.261,1,0,0,0,0,0,0,0,1,199.0,IR_WAIT,掉台但六路红外暂时无值，停车等待,0,0,1
11.721,546.0,744.0,375.0,1017.0,-0.3265,-0.1176,-0.234,-0.263,1,0,0,0,0,0,0,0,1,210.0,IR_WAIT,掉台但六路红外暂时无值，停车等待,0,0,1
11.741,546.0,744.0,375.0,1017.0,-0.3265,-0.1176,-0.2312,-0.263,1,0,0,0,0,0,0,0,1,145.0,IR_WAIT,掉台但六路红外暂时无值，停车等待,0,0,1
11.762,544.0,743.0,375.0,1016.0,-0.3265,-0.1176,-0.2312,-0.263,1,0,0,0,0,0,0,0,1,95.0,IR_WAIT,掉台但六路红外暂时无值，停车等待,0,0,1
11.782,547.0,745.0,375.0,1017.0,-0.3265,-0.1176,-0.2312,-0.263,1,0,0,0,0,0,0,0,1,177.0,IR_WAIT,掉台但六路红外暂时无值，停车等待,0,0,1
11.802,547.0,744.0,375.0,1017.0,-0.3238,-0.1176,-0.2312,-0.263,1,0,0,0,0,0,0,0,1,195.0,IR_WAIT,掉台但六路红外暂时无值，停车等待,0,0,1
11.822,547.0,745.0,375.0,1019.0,-0.3238,-0.1155,-0.2312,-0.263,1,0,0,0,0,0,0,0,1,636.0,IR_WAIT,掉台但六路红外暂时无值，停车等待,0,0,1
11.842,546.0,744.0,374.0,1017.0,-0.3238,-0.1176,-0.2312,-0.263,1,0,0,0,0,0,0,0,1,211.0,IR_WAIT,掉台但六路红外暂时无值，停车等待,0,0,1
11.862,547.0,744.0,374.0,1017.0,-0.3238,-0.1176,-0.234,-0.263,1,0,0,0,0,0,0,0,1,276.0,IR_WAIT,掉台但六路红外暂时无值，停车等待,0,0,1
11.882,546.0,744.0,375.0,1017.0,-0.3265,-0.1176,-0.234,-0.263,1,0,0,0,0,0,0,0,1,179.0,IR_WAIT,掉台但六路红外暂时无值，停车等待,0,0,1
11.902,547.0,744.0,375.0,1016.0,-0.3238,-0.1176,-0.2312,-0.263,1,0,0,0,0,0,0,0,1,4.0,IR_WAIT,掉台但六路红外暂时无值，停车等待,0,0,1
11.922,546.0,743.0,374.0,1016.0,-0.3265,-0.1176,-0.2312,-0.2651,1,0,0,0,0,0,0,0,1,228.0,IR_WAIT,掉台但六路红外暂时无值，停车等待,0,0,1
11.942,546.0,744.0,375.0,1017.0,-0.3265,-0.1176,-0.2312,-0.2651,1,0,0,0,0,0,0,0,1,3.0,IR_WAIT,掉台但六路红外暂时无值，停车等待,0,0,1
11.962,547.0,744.0,375.0,1016.0,-0.3265,-0.1176,-0.2312,-0.2651,1,0,0,0,0,0,0,0,1,423.0,IR_WAIT,掉台但六路红外暂时无值，停车等待,0,0,1
11.983,546.0,743.0,374.0,1016.0,-0.3265,-0.1176,-0.2312,-0.2651,1,0,0,0,0,0,0,0,1,161.0,IR_WAIT,掉台但六路红外暂时无值，停车等待,0,0,1
12.003,548.0,745.0,375.0,1017.0,-0.3238,-0.1176,-0.2312,-0.2651,1,0,0,0,0,0,0,0,1,651.0,IR_WAIT,掉台但六路红外暂时无值，停车等待,0,0,1
12.023,547.0,744.0,375.0,1017.0,-0.3238,-0.1176,-0.2312,-0.263,1,0,0,0,0,0,0,0,1,177.0,IR_WAIT,掉台但六路红外暂时无值，停车等待,0,0,1
12.043,546.0,743.0,374.0,1016.0,-0.3238,-0.1176,-0.2312,-0.263,1,0,0,0,0,0,0,0,1,213.0,IR_WAIT,掉台但六路红外暂时无值，停车等待,0,0,1
12.063,546.0,743.0,374.0,1016.0,-0.3265,-0.1198,-0.234,-0.2651,1,0,0,0,0,0,0,0,1,213.0,IR_WAIT,掉台但六路红外暂时无值，停车等待,0,0,1
12.083,546.0,743.0,375.0,1017.0,-0.3265,-0.1198,-0.234,-0.2651,1,0,0,0,0,0,0,0,1,212.0,IR_WAIT,掉台但六路红外暂时无值，停车等待,0,0,1
12.104,546.0,743.0,374.0,1016.0,-0.3265,-0.1198,-0.234,-0.2651,1,0,0,0,0,0,0,0,1,10.0,IR_WAIT,掉台但六路红外暂时无值，停车等待,0,0,1
12.124,546.0,743.0,375.0,1016.0,-0.3265,-0.1198,-0.2312,-0.2651,1,0,0,0,0,0,0,0,1,138.0,IR_WAIT,掉台但六路红外暂时无值，停车等待,0,0,1
12.144,547.0,744.0,375.0,1017.0,-0.3265,-0.1198,-0.2312,-0.2651,1,0,0,0,0,0,0,0,1,179.0,IR_WAIT,掉台但六路红外暂时无值，停车等待,0,0,1
12.164,547.0,745.0,375.0,1017.0,-0.3238,-0.1176,-0.2312,-0.263,1,0,0,0,0,0,0,0,1,439.0,IR_WAIT,掉台但六路红外暂时无值，停车等待,0,0,1
12.184,547.0,744.0,374.0,1017.0,-0.3238,-0.1176,-0.2312,-0.263,1,0,0,0,0,0,0,0,1,228.0,IR_WAIT,掉台但六路红外暂时无值，停车等待,0,0,1
12.204,546.0,744.0,373.0,1016.0,-0.3238,-0.1176,-0.234,-0.263,1,0,0,0,0,0,0,0,1,228.0,IR_WAIT,掉台但六路红外暂时无值，停车等待,0,0,1
12.225,547.0,744.0,374.0,1017.0,-0.3238,-0.1176,-0.234,-0.263,1,0,0,0,0,0,0,0,1,179.0,IR_WAIT,掉台但六路红外暂时无值，停车等待,0,0,1
12.245,547.0,743.0,374.0,1016.0,-0.3238,-0.1176,-0.234,-0.2651,1,0,0,0,0,0,0,0,1,161.0,IR_WAIT,掉台但六路红外暂时无值，停车等待,0,0,1
12.265,547.0,745.0,376.0,1018.0,-0.3238,-0.1176,-0.234,-0.263,1,0,0,0,0,0,0,0,1,299.0,IR_WAIT,掉台但六路红外暂时无值，停车等待,0,0,1
12.285,547.0,744.0,375.0,1017.0,-0.3238,-0.1176,-0.2312,-0.263,1,0,0,0,0,0,0,0,1,170.0,IR_WAIT,掉台但六路红外暂时无值，停车等待,0,0,1
12.305,547.0,744.0,375.0,1017.0,-0.3238,-0.1176,-0.2312,-0.263,1,0,0,0,0,0,0,0,1,229.0,IR_WAIT,掉台但六路红外暂时无值，停车等待,0,0,1
12.325,548.0,745.0,376.0,1018.0,-0.3238,-0.1176,-0.2312,-0.263,1,0,0,0,0,0,0,0,1,213.0,IR_WAIT,掉台但六路红外暂时无值，停车等待,0,0,1
12.345,548.0,745.0,375.0,1017.0,-0.3211,-0.1155,-0.2312,-0.263,1,0,0,0,0,0,0,0,1,146.0,IR_WAIT,掉台但六路红外暂时无值，停车等待,0,0,1
12.365,546.0,744.0,375.0,1016.0,-0.3211,-0.1155,-0.2312,-0.263,1,0,0,0,0,0,0,0,1,276.0,IR_WAIT,掉台但六路红外暂时无值，停车等待,0,0,1
12.386,547.0,744.0,375.0,1018.0,-0.3238,-0.1176,-0.2312,-0.263,1,0,0,0,0,0,0,0,1,178.0,IR_WAIT,掉台但六路红外暂时无值，停车等待,0,0,1
12.406,548.0,745.0,375.0,1018.0,-0.3238,-0.1176,-0.2312,-0.261,1,0,0,0,0,0,0,0,1,667.0,IR_WAIT,掉台但六路红外暂时无值，停车等待,0,0,1
12.426,545.0,743.0,373.0,1015.0,-0.3238,-0.1176,-0.2312,-0.261,1,0,0,0,0,0,0,0,1,570.0,IR_WAIT,掉台但六路红外暂时无值，停车等待,0,0,1
12.446,548.0,745.0,376.0,1018.0,-0.3211,-0.1155,-0.2312,-0.261,1,0,0,0,0,0,0,0,1,151.0,IR_WAIT,掉台但六路红外暂时无值，停车等待,0,0,1
12.466,546.0,744.0,375.0,1017.0,-0.3265,-0.1176,-0.2312,-0.263,1,0,0,0,0,0,0,0,1,243.0,IR_WAIT,掉台但六路红外暂时无值，停车等待,0,0,1
12.486,547.0,744.0,375.0,1017.0,-0.3238,-0.1176,-0.2312,-0.263,1,0,0,0,0,0,0,0,1,178.0,IR_WAIT,掉台但六路红外暂时无值，停车等待,0,0,1
12.506,547.0,744.0,375.0,1017.0,-0.3238,-0.1176,-0.2312,-0.263,1,0,0,0,0,0,0,0,1,178.0,IR_WAIT,掉台但六路红外暂时无值，停车等待,0,0,1
12.526,547.0,744.0,375.0,1017.0,-0.3238,-0.1176,-0.2312,-0.263,1,0,0,0,0,0,0,0,1,-5.0,IR_WAIT,掉台但六路红外暂时无值，停车等待,0,0,1
12.547,547.0,745.0,374.0,1017.0,-0.3238,-0.1176,-0.2312,-0.263,1,0,0,0,0,0,0,0,1,179.0,IR_WAIT,掉台但六路红外暂时无值，停车等待,0,0,1
12.567,547.0,744.0,375.0,1017.0,-0.3238,-0.1176,-0.2312,-0.263,1,0,0,0,0,0,0,0,1,244.0,IR_WAIT,掉台但六路红外暂时无值，停车等待,0,0,1
12.587,548.0,746.0,376.0,1019.0,-0.3238,-0.1155,-0.2312,-0.263,1,0,0,0,0,0,0,0,1,635.0,IR_WAIT,掉台但六路红外暂时无值，停车等待,0,0,1
12.607,548.0,745.0,376.0,1018.0,-0.3211,-0.1155,-0.2284,-0.261,1,0,0,0,0,0,0,0,1,146.0,IR_WAIT,掉台但六路红外暂时无值，停车等待,0,0,1
12.627,547.0,745.0,375.0,1018.0,-0.3211,-0.1155,-0.2284,-0.261,1,0,0,0,0,0,0,0,1,211.0,IR_WAIT,掉台但六路红外暂时无值，停车等待,0,0,1
12.647,548.0,745.0,375.0,1018.0,-0.3211,-0.1155,-0.2312,-0.261,1,0,0,0,0,0,0,0,1,154.0,IR_WAIT,掉台但六路红外暂时无值，停车等待,0,0,1
12.667,547.0,746.0,376.0,1019.0,-0.3238,-0.1155,-0.2312,-0.261,1,0,0,0,0,0,0,0,1,195.0,IR_WAIT,掉台但六路红外暂时无值，停车等待,0,0,1
12.687,548.0,745.0,375.0,1018.0,-0.3211,-0.1155,-0.2312,-0.261,1,0,0,0,0,0,0,0,1,211.0,IR_WAIT,掉台但六路红外暂时无值，停车等待,0,0,1
12.707,548.0,746.0,375.0,1018.0,-0.3211,-0.1133,-0.2312,-0.261,1,0,0,0,0,0,0,0,1,146.0,IR_WAIT,掉台但六路红外暂时无值，停车等待,0,0,1
12.728,548.0,746.0,376.0,1021.0,-0.3211,-0.1133,-0.2312,-0.261,1,0,0,0,0,0,0,0,1,162.0,IR_WAIT,掉台但六路红外暂时无值，停车等待,0,0,1
12.748,547.0,745.0,375.0,1017.0,-0.3211,-0.1133,-0.2312,-0.261,1,0,0,0,0,0,0,0,1,184.0,IR_WAIT,掉台但六路红外暂时无值，停车等待,0,0,1
12.768,549.0,746.0,376.0,1019.0,-0.3211,-0.1133,-0.2284,-0.2589,1,0,0,0,0,0,0,0,1,11.0,IR_WAIT,掉台但六路红外暂时无值，停车等待,0,0,1
12.788,548.0,747.0,376.0,1019.0,-0.3211,-0.1133,-0.2284,-0.2589,1,0,0,0,0,0,0,0,1,261.0,IR_WAIT,掉台但六路红外暂时无值，停车等待,0,0,1
12.808,547.0,744.0,375.0,1016.0,-0.3211,-0.1133,-0.2284,-0.2589,1,0,0,0,0,0,0,0,1,212.0,IR_WAIT,掉台但六路红外暂时无值，停车等待,0,0,1
12.829,548.0,746.0,376.0,1019.0,-0.3211,-0.1133,-0.2284,-0.2589,1,0,0,0,0,0,0,0,1,617.0,IR_WAIT,掉台但六路红外暂时无值，停车等待,0,0,1
12.849,548.0,745.0,376.0,1018.0,-0.3211,-0.1155,-0.2284,-0.261,1,0,0,0,0,0,0,0,1,439.0,IR_WAIT,掉台但六路红外暂时无值，停车等待,0,0,1
12.869,547.0,745.0,375.0,1017.0,-0.3211,-0.1155,-0.2284,-0.261,1,0,0,0,0,0,0,0,1,166.0,IR_WAIT,掉台但六路红外暂时无值，停车等待,0,0,1
12.889,547.0,746.0,376.0,1018.0,-0.3238,-0.1155,-0.2284,-0.261,1,0,0,0,0,0,0,0,1,227.0,IR_WAIT,掉台但六路红外暂时无值，停车等待,0,0,1
12.91,547.0,746.0,376.0,1018.0,-0.3238,-0.1133,-0.2284,-0.261,1,0,0,0,0,0,0,0,1,227.0,IR_WAIT,掉台但六路红外暂时无值，停车等待,0,0,1
12.93,548.0,746.0,376.0,1020.0,-0.3238,-0.1133,-0.2284,-0.261,1,0,0,0,0,0,0,0,1,46.0,IR_WAIT,掉台但六路红外暂时无值，停车等待,0,0,1
12.95,548.0,745.0,375.0,1017.0,-0.3211,-0.1133,-0.2284,-0.261,1,0,0,0,0,0,0,0,1,-5.0,IR_WAIT,掉台但六路红外暂时无值，停车等待,0,0,1
12.97,548.0,746.0,376.0,1019.0,-0.3211,-0.1133,-0.2284,-0.2589,1,0,0,0,0,0,0,0,1,166.0,IR_WAIT,掉台但六路红外暂时无值，停车等待,0,0,1
12.99,547.0,744.0,375.0,1019.0,-0.3211,-0.1155,-0.2312,-0.2589,1,0,0,0,0,0,0,0,1,85.0,IR_WAIT,掉台但六路红外暂时无值，停车等待,0,0,1
13.011,547.0,744.0,375.0,1017.0,-0.3238,-0.1176,-0.2312,-0.2589,1,0,0,0,0,0,0,0,1,586.0,IR_WAIT,掉台但六路红外暂时无值，停车等待,0,0,1
13.031,548.0,746.0,375.0,1019.0,-0.3238,-0.1176,-0.2312,-0.2589,1,0,0,0,0,0,0,0,1,243.0,IR_WAIT,掉台但六路红外暂时无值，停车等待,0,0,1
13.051,547.0,745.0,376.0,1019.0,-0.3238,-0.1155,-0.2312,-0.2589,1,0,0,0,0,0,0,0,1,413.0,IR_WAIT,掉台但六路红外暂时无值，停车等待,0,0,1
13.072,548.0,743.0,375.0,1018.0,-0.3211,-0.1155,-0.2312,-0.2589,1,0,0,0,0,0,0,0,1,228.0,IR_WAIT,掉台但六路红外暂时无值，停车等待,0,0,1
13.092,549.0,746.0,376.0,1019.0,-0.3211,-0.1155,-0.2284,-0.2589,1,0,0,0,0,0,0,0,1,79.0,IR_WAIT,掉台但六路红外暂时无值，停车等待,0,0,1
13.112,548.0,745.0,376.0,1018.0,-0.3211,-0.1155,-0.2284,-0.261,1,0,0,0,0,0,0,0,1,162.0,IR_WAIT,掉台但六路红外暂时无值，停车等待,0,0,1
13.133,546.0,744.0,375.0,1017.0,-0.3211,-0.1155,-0.2284,-0.261,1,0,0,0,0,0,0,0,1,18.0,IR_WAIT,掉台但六路红外暂时无值，停车等待,0,0,1
13.153,548.0,746.0,376.0,1019.0,-0.3211,-0.1155,-0.2284,-0.261,1,0,0,0,0,0,0,0,1,294.0,IR_WAIT,掉台但六路红外暂时无值，停车等待,0,0,1
13.173,547.0,744.0,376.0,1017.0,-0.3238,-0.1176,-0.2284,-0.263,1,0,0,0,0,0,0,0,1,211.0,IR_WAIT,掉台但六路红外暂时无值，停车等待,0,0,1
13.193,547.0,744.0,375.0,1017.0,-0.3238,-0.1176,-0.2284,-0.263,1,0,0,0,0,0,0,0,1,145.0,IR_WAIT,掉台但六路红外暂时无值，停车等待,0,0,1
13.214,547.0,746.0,376.0,1019.0,-0.3238,-0.1176,-0.2284,-0.263,1,0,0,0,0,0,0,0,1,178.0,IR_WAIT,掉台但六路红外暂时无值，停车等待,0,0,1
13.234,548.0,746.0,377.0,1019.0,-0.3238,-0.1133,-0.2284,-0.2589,1,0,0,0,0,0,0,0,1,181.0,IR_WAIT,掉台但六路红外暂时无值，停车等待,0,0,1
13.254,547.0,745.0,375.0,1016.0,-0.3238,-0.1133,-0.2284,-0.2589,1,0,0,0,0,0,0,0,1,406.0,IR_WAIT,掉台但六路红外暂时无值，停车等待,0,0,1
13.274,548.0,746.0,376.0,1019.0,-0.3211,-0.1133,-0.2284,-0.2589,1,0,0,0,0,0,0,0,1,211.0,IR_WAIT,掉台但六路红外暂时无值，停车等待,0,0,1
13.294,548.0,746.0,375.0,1018.0,-0.3211,-0.1133,-0.2312,-0.261,1,0,0,0,0,0,0,0,1,162.0,IR_WAIT,掉台但六路红外暂时无值，停车等待,0,0,1
13.314,548.0,745.0,375.0,1018.0,-0.3211,-0.1133,-0.2312,-0.261,1,0,0,0,0,0,0,0,1,162.0,IR_WAIT,掉台但六路红外暂时无值，停车等待,0,0,1
13.334,546.0,746.0,376.0,1019.0,-0.3211,-0.1133,-0.2312,-0.261,1,0,0,0,0,0,0,0,1,30.0,IR_WAIT,掉台但六路红外暂时无值，停车等待,0,0,1
13.354,548.0,745.0,375.0,1018.0,-0.3211,-0.1155,-0.2312,-0.261,1,0,0,0,0,0,0,0,1,-3.0,IR_WAIT,掉台但六路红外暂时无值，停车等待,0,0,1
13.375,548.0,745.0,375.0,1018.0,-0.3211,-0.1155,-0.2312,-0.261,1,0,0,0,0,0,0,0,1,-3.0,IR_WAIT,掉台但六路红外暂时无值，停车等待,0,0,1
13.395,547.0,745.0,374.0,1017.0,-0.3211,-0.1155,-0.2312,-0.261,1,0,0,0,0,0,0,0,1,212.0,IR_WAIT,掉台但六路红外暂时无值，停车等待,0,0,1
13.415,548.0,745.0,376.0,1018.0,-0.3211,-0.1155,-0.2312,-0.261,1,0,0,0,0,0,0,0,1,308.0,IR_WAIT,掉台但六路红外暂时无值，停车等待,0,0,1
13.435,547.0,745.0,376.0,1017.0,-0.3238,-0.1155,-0.2284,-0.263,1,0,0,0,0,0,0,0,1,236.0,IR_WAIT,掉台但六路红外暂时无值，停车等待,0,0,1
13.455,548.0,744.0,375.0,1018.0,-0.3211,-0.1155,-0.2284,-0.261,1,0,0,0,0,0,0,0,1,179.0,IR_WAIT,掉台但六路红外暂时无值，停车等待,0,0,1
13.475,547.0,745.0,375.0,1018.0,-0.3238,-0.1155,-0.2312,-0.261,1,0,0,0,0,0,0,0,1,488.0,IR_WAIT,掉台但六路红外暂时无值，停车等待,0,0,1
13.495,548.0,745.0,375.0,1017.0,-0.3211,-0.1155,-0.2312,-0.261,1,0,0,0,0,0,0,0,1,145.0,IR_WAIT,掉台但六路红外暂时无值，停车等待,0,0,1
13.515,548.0,745.0,376.0,1019.0,-0.3211,-0.1155,-0.2312,-0.261,1,0,0,0,0,0,0,0,1,4.0,IR_WAIT,掉台但六路红外暂时无值，停车等待,0,0,1
13.536,546.0,744.0,375.0,1016.0,-0.3211,-0.1155,-0.2312,-0.263,1,0,0,0,0,0,0,0,1,211.0,IR_WAIT,掉台但六路红外暂时无值，停车等待,0,0,1
13.556,547.0,745.0,375.0,1018.0,-0.3238,-0.1155,-0.2312,-0.261,1,0,0,0,0,0,0,0,1,-3.0,IR_WAIT,掉台但六路红外暂时无值，停车等待,0,0,1
13.576,547.0,745.0,376.0,1018.0,-0.3238,-0.1155,-0.2312,-0.261,1,0,0,0,0,0,0,0,1,523.0,IR_WAIT,掉台但六路红外暂时无值，停车等待,0,0,1
13.596,547.0,744.0,375.0,1016.0,-0.3238,-0.1155,-0.2312,-0.261,1,0,0,0,0,0,0,0,1,162.0,IR_WAIT,掉台但六路红外暂时无值，停车等待,0,0,1
13.616,548.0,745.0,376.0,1019.0,-0.3238,-0.1155,-0.2284,-0.261,1,0,0,0,0,0,0,0,1,307.0,IR_WAIT,掉台但六路红外暂时无值，停车等待,0,0,1
13.636,548.0,746.0,376.0,1019.0,-0.3211,-0.1155,-0.2284,-0.2589,1,0,0,0,0,0,0,0,1,214.0,IR_WAIT,掉台但六路红外暂时无值，停车等待,0,0,1
13.656,548.0,746.0,376.0,1018.0,-0.3211,-0.1133,-0.2284,-0.2589,1,0,0,0,0,0,0,0,1,145.0,IR_WAIT,掉台但六路红外暂时无值，停车等待,0,0,1
13.676,547.0,745.0,376.0,1019.0,-0.3211,-0.1133,-0.2284,-0.2589,1,0,0,0,0,0,0,0,1,161.0,IR_WAIT,掉台但六路红外暂时无值，停车等待,0,0,1
13.696,547.0,745.0,376.0,1019.0,-0.3238,-0.1155,-0.2284,-0.2589,1,0,0,0,0,0,0,0,1,161.0,IR_WAIT,掉台但六路红外暂时无值，停车等待,0,0,1
13.717,548.0,746.0,376.0,1018.0,-0.3238,-0.1155,-0.2284,-0.2589,1,0,0,0,0,0,0,0,1,161.0,IR_WAIT,掉台但六路红外暂时无值，停车等待,0,0,1
13.737,548.0,745.0,375.0,1018.0,-0.3211,-0.1155,-0.2284,-0.261,1,0,0,0,0,0,0,0,1,229.0,IR_WAIT,掉台但六路红外暂时无值，停车等待,0,0,1
13.757,547.0,745.0,376.0,1017.0,-0.3211,-0.1155,-0.2284,-0.261,1,0,0,0,0,0,0,0,1,212.0,IR_WAIT,掉台但六路红外暂时无值，停车等待,0,0,1
13.777,547.0,744.0,375.0,1016.0,-0.3238,-0.1155,-0.2312,-0.263,1,0,0,0,0,0,0,0,1,47.0,IR_WAIT,掉台但六路红外暂时无值，停车等待,0,0,1
13.797,547.0,745.0,376.0,1017.0,-0.3238,-0.1155,-0.2284,-0.263,1,0,0,0,0,0,0,0,1,30.0,IR_WAIT,掉台但六路红外暂时无值，停车等待,0,0,1
13.817,549.0,746.0,376.0,1019.0,-0.3238,-0.1155,-0.2284,-0.263,1,0,0,0,0,0,0,0,1,179.0,IR_WAIT,掉台但六路红外暂时无值，停车等待,0,0,1
13.837,548.0,745.0,376.0,1018.0,-0.3211,-0.1155,-0.2284,-0.261,1,0,0,0,0,0,0,0,1,635.0,IR_WAIT,掉台但六路红外暂时无值，停车等待,0,0,1
13.857,547.0,744.0,375.0,1018.0,-0.3211,-0.1155,-0.2284,-0.261,1,0,0,0,0,0,0,0,1,211.0,IR_WAIT,掉台但六路红外暂时无值，停车等待,0,0,1
13.878,549.0,746.0,376.0,1018.0,-0.3211,-0.1155,-0.2284,-0.261,1,0,0,0,0,0,0,0,1,162.0,IR_WAIT,掉台但六路红外暂时无值，停车等待,0,0,1
13.898,548.0,746.0,376.0,1018.0,-0.3211,-0.1133,-0.2284,-0.261,1,0,0,0,0,0,0,0,1,212.0,IR_WAIT,掉台但六路红外暂时无值，停车等待,0,0,1
13.918,546.0,743.0,374.0,1016.0,-0.3211,-0.1133,-0.2284,-0.261,1,0,0,0,0,0,0,0,1,-6.0,IR_WAIT,掉台但六路红外暂时无值，停车等待,0,0,1
13.938,547.0,745.0,375.0,1017.0,-0.3238,-0.1155,-0.2312,-0.263,1,0,0,0,0,0,0,0,1,-5.0,IR_WAIT,掉台但六路红外暂时无值，停车等待,0,0,1
13.958,548.0,744.0,375.0,1018.0,-0.3238,-0.1176,-0.2312,-0.263,1,0,0,0,0,0,0,0,1,179.0,IR_WAIT,掉台但六路红外暂时无值，停车等待,0,0,1
13.978,547.0,744.0,375.0,1016.0,-0.3238,-0.1176,-0.2312,-0.263,1,0,0,0,0,0,0,0,1,587.0,IR_WAIT,掉台但六路红外暂时无值，停车等待,0,0,1
13.998,546.0,743.0,375.0,1016.0,-0.3238,-0.1176,-0.2312,-0.2651,1,0,0,0,0,0,0,0,1,203.0,IR_WAIT,掉台但六路红外暂时无值，停车等待,0,0,1
14.018,549.0,746.0,376.0,1019.0,-0.3238,-0.1176,-0.2312,-0.2651,1,0,0,0,0,0,0,0,1,146.0,IR_WAIT,掉台但六路红外暂时无值，停车等待,0,0,1
14.039,548.0,745.0,375.0,1018.0,-0.3211,-0.1155,-0.2312,-0.261,1,0,0,0,0,0,0,0,1,161.0,IR_WAIT,掉台但六路红外暂时无值，停车等待,0,0,1
14.059,548.0,746.0,376.0,1019.0,-0.3211,-0.1133,-0.2284,-0.2589,1,0,0,0,0,0,0,0,1,95.0,IR_WAIT,掉台但六路红外暂时无值，停车等待,0,0,1
14.079,547.0,746.0,376.0,1018.0,-0.3211,-0.1133,-0.2284,-0.261,1,0,0,0,0,0,0,0,1,63.0,IR_WAIT,掉台但六路红外暂时无值，停车等待,0,0,1
14.099,548.0,744.0,375.0,1018.0,-0.3211,-0.1133,-0.2284,-0.261,1,0,0,0,0,0,0,0,1,211.0,IR_WAIT,掉台但六路红外暂时无值，停车等待,0,0,1
14.119,548.0,744.0,375.0,1018.0,-0.3211,-0.1176,-0.2312,-0.261,1,0,0,0,0,0,0,0,1,211.0,IR_WAIT,掉台但六路红外暂时无值，停车等待,0,0,1
14.139,548.0,745.0,375.0,1017.0,-0.3211,-0.1176,-0.2312,-0.261,1,0,0,0,0,0,0,0,1,292.0,IR_WAIT,掉台但六路红外暂时无值，停车等待,0,0,1
14.159,548.0,744.0,375.0,1017.0,-0.3211,-0.1176,-0.2312,-0.263,1,0,0,0,0,0,0,0,1,162.0,IR_WAIT,掉台但六路红外暂时无值，停车等待,0,0,1
14.18,548.0,746.0,374.0,1017.0,-0.3211,-0.1155,-0.2312,-0.263,1,0,0,0,0,0,0,0,1,179.0,IR_WAIT,掉台但六路红外暂时无值，停车等待,0,0,1
14.2,548.0,745.0,375.0,1018.0,-0.3211,-0.1155,-0.2312,-0.263,1,0,0,0,0,0,0,0,1,113.0,IR_WAIT,掉台但六路红外暂时无值，停车等待,0,0,1
14.22,547.0,745.0,376.0,1018.0,-0.3211,-0.1155,-0.2312,-0.261,1,0,0,0,0,0,0,0,1,194.0,IR_WAIT,掉台但六路红外暂时无值，停车等待,0,0,1
14.24,547.0,743.0,376.0,1017.0,-0.3238,-0.1155,-0.2284,-0.261,1,0,0,0,0,0,0,0,1,211.0,IR_WAIT,掉台但六路红外暂时无值，停车等待,0,0,1
14.26,548.0,745.0,375.0,1018.0,-0.3238,-0.1155,-0.2284,-0.261,1,0,0,0,0,0,0,0,1,300.0,IR_WAIT,掉台但六路红外暂时无值，停车等待,0,0,1
14.28,548.0,745.0,376.0,1019.0,-0.3211,-0.1155,-0.2284,-0.261,1,0,0,0,0,0,0,0,1,168.0,IR_WAIT,掉台但六路红外暂时无值，停车等待,0,0,1
14.3,547.0,744.0,375.0,1016.0,-0.3211,-0.1155,-0.2312,-0.261,1,0,0,0,0,0,0,0,1,161.0,IR_WAIT,掉台但六路红外暂时无值，停车等待,0,0,1
14.321,549.0,746.0,375.0,1019.0,-0.3211,-0.1155,-0.2312,-0.2589,1,0,0,0,0,0,0,0,1,163.0,IR_WAIT,掉台但六路红外暂时无值，停车等待,0,0,1
14.341,548.0,746.0,376.0,1018.0,-0.3211,-0.1133,-0.2312,-0.261,1,0,0,0,0,0,0,0,1,-4.0,IR_WAIT,掉台但六路红外暂时无值，停车等待,0,0,1
14.361,546.0,744.0,374.0,1016.0,-0.3211,-0.1133,-0.2312,-0.261,1,0,0,0,0,0,0,0,1,211.0,IR_WAIT,掉台但六路红外暂时无值，停车等待,0,0,1
14.381,548.0,745.0,376.0,1019.0,-0.3211,-0.1155,-0.2284,-0.261,1,0,0,0,0,0,0,0,1,147.0,IR_WAIT,掉台但六路红外暂时无值，停车等待,0,0,1
14.401,548.0,746.0,376.0,1019.0,-0.3211,-0.1155,-0.2284,-0.2589,1,0,0,0,0,0,0,0,1,555.0,IR_WAIT,掉台但六路红外暂时无值，停车等待,0,0,1
14.421,548.0,743.0,376.0,1017.0,-0.3211,-0.1155,-0.2284,-0.2589,1,0,0,0,0,0,0,0,1,182.0,IR_WAIT,掉台但六路红外暂时无值，停车等待,0,0,1
14.441,548.0,745.0,376.0,1018.0,-0.3211,-0.1155,-0.2284,-0.261,1,0,0,0,0,0,0,0,1,229.0,IR_WAIT,掉台但六路红外暂时无值，停车等待,0,0,1
14.462,549.0,744.0,376.0,1019.0,-0.3211,-0.1176,-0.2284,-0.261,1,0,0,0,0,0,0,0,1,228.0,IR_WAIT,掉台但六路红外暂时无值，停车等待,0,0,1
14.482,547.0,743.0,374.0,1018.0,-0.3211,-0.1176,-0.2284,-0.261,1,0,0,0,0,0,0,0,1,79.0,IR_WAIT,掉台但六路红外暂时无值，停车等待,0,0,1
14.502,548.0,745.0,376.0,1018.0,-0.3211,-0.1176,-0.2284,-0.261,1,0,0,0,0,0,0,0,1,161.0,IR_WAIT,掉台但六路红外暂时无值，停车等待,0,0,1
14.522,548.0,745.0,376.0,1018.0,-0.3211,-0.1155,-0.2284,-0.261,1,0,0,0,0,0,0,0,1,161.0,IR_WAIT,掉台但六路红外暂时无值，停车等待,0,0,1
14.542,547.0,745.0,376.0,1018.0,-0.3211,-0.1155,-0.2284,-0.261,1,0,0,0,0,0,0,0,1,162.0,IR_WAIT,掉台但六路红外暂时无值，停车等待,0,0,1
14.562,548.0,744.0,375.0,1017.0,-0.3211,-0.1155,-0.2284,-0.261,1,0,0,0,0,0,0,0,1,357.0,IR_WAIT,掉台但六路红外暂时无值，停车等待,0,0,1
14.582,547.0,745.0,375.0,1017.0,-0.3238,-0.1155,-0.2312,-0.263,1,0,0,0,0,0,0,0,1,212.0,IR_WAIT,掉台但六路红外暂时无值，停车等待,0,0,1
14.604,548.0,746.0,376.0,1017.0,-0.3211,-0.1155,-0.2312,-0.263,1,0,0,0,0,0,0,0,1,211.0,IR_WAIT,掉台但六路红外暂时无值，停车等待,0,0,1
14.624,547.0,744.0,375.0,1017.0,-0.3238,-0.1155,-0.2312,-0.263,1,0,0,0,0,0,0,0,1,211.0,IR_WAIT,掉台但六路红外暂时无值，停车等待,0,0,1
14.644,548.0,745.0,376.0,1018.0,-0.3211,-0.1155,-0.2284,-0.263,1,0,0,0,0,0,0,0,1,162.0,IR_WAIT,掉台但六路红外暂时无值，停车等待,0,0,1
14.664,549.0,745.0,375.0,1018.0,-0.3211,-0.1155,-0.2312,-0.261,1,0,0,0,0,0,0,0,1,178.0,IR_WAIT,掉台但六路红外暂时无值，停车等待,0,0,1
14.684,548.0,746.0,376.0,1019.0,-0.3211,-0.1155,-0.2284,-0.261,1,0,0,0,0,0,0,0,1,195.0,IR_WAIT,掉台但六路红外暂时无值，停车等待,0,0,1
14.704,548.0,745.0,376.0,1018.0,-0.3211,-0.1155,-0.2284,-0.261,1,0,0,0,0,0,0,0,1,244.0,IR_WAIT,掉台但六路红外暂时无值，停车等待,0,0,1
14.724,548.0,745.0,376.0,1019.0,-0.3211,-0.1155,-0.2284,-0.2589,1,0,0,0,0,0,0,0,1,218.0,IR_WAIT,掉台但六路红外暂时无值，停车等待,0,0,1
14.744,548.0,746.0,376.0,1019.0,-0.3211,-0.1155,-0.2284,-0.2589,1,0,0,0,0,0,0,0,1,146.0,IR_WAIT,掉台但六路红外暂时无值，停车等待,0,0,1
14.765,548.0,743.0,375.0,1016.0,-0.3211,-0.1155,-0.2284,-0.2589,1,0,0,0,0,0,0,0,1,-15.0,IR_WAIT,掉台但六路红外暂时无值，停车等待,0,0,1
14.785,548.0,744.0,375.0,1018.0,-0.3211,-0.1176,-0.2312,-0.261,1,0,0,0,0,0,0,0,1,178.0,IR_WAIT,掉台但六路红外暂时无值，停车等待,0,0,1
14.805,547.0,744.0,375.0,1016.0,-0.3211,-0.1176,-0.2312,-0.2651,1,0,0,0,0,0,0,0,1,244.0,IR_WAIT,掉台但六路红外暂时无值，停车等待,0,0,1
14.825,547.0,744.0,376.0,1017.0,-0.3238,-0.1176,-0.2312,-0.263,1,0,0,0,0,0,0,0,1,651.0,IR_WAIT,掉台但六路红外暂时无值，停车等待,0,0,1
14.845,547.0,743.0,375.0,1017.0,-0.3238,-0.1176,-0.2312,-0.263,1,0,0,0,0,0,0,0,1,227.0,IR_WAIT,掉台但六路红外暂时无值，停车等待,0,0,1
14.865,546.0,743.0,375.0,1016.0,-0.3238,-0.1198,-0.2312,-0.263,1,0,0,0,0,0,0,0,1,323.0,IR_WAIT,掉台但六路红外暂时无值，停车等待,0,0,1
14.885,547.0,744.0,374.0,1017.0,-0.3238,-0.1198,-0.2312,-0.263,1,0,0,0,0,0,0,0,1,195.0,IR_WAIT,掉台但六路红外暂时无值，停车等待,0,0,1
14.905,546.0,744.0,376.0,1015.0,-0.3265,-0.1176,-0.2312,-0.2651,1,0,0,0,0,0,0,0,1,-6.0,IR_WAIT,掉台但六路红外暂时无值，停车等待,0,0,1
14.926,545.0,741.0,374.0,1013.0,-0.3265,-0.1176,-0.234,-0.2672,1,0,0,0,0,0,0,0,1,167.0,IR_WAIT,掉台但六路红外暂时无值，停车等待,0,0,1
14.946,545.0,741.0,374.0,1013.0,-0.3293,-0.1242,-0.234,-0.2714,1,0,0,0,0,0,0,0,1,167.0,IR_WAIT,掉台但六路红外暂时无值，停车等待,0,0,1
14.966,545.0,742.0,374.0,1013.0,-0.3293,-0.1242,-0.234,-0.2714,1,0,0,0,0,0,0,0,1,209.0,IR_WAIT,掉台但六路红外暂时无值，停车等待,0,0,1
14.986,546.0,744.0,374.0,1016.0,-0.3293,-0.122,-0.234,-0.2714,1,0,0,0,0,0,0,0,1,507.0,IR_WAIT,掉台但六路红外暂时无值，停车等待,0,0,1
15.006,545.0,741.0,373.0,1015.0,-0.3293,-0.122,-0.234,-0.2672,1,0,0,0,0,0,0,0,1,144.0,IR_WAIT,掉台但六路红外暂时无值，停车等待,0,0,1
15.026,546.0,743.0,374.0,1015.0,-0.3265,-0.1198,-0.234,-0.2672,1,0,0,0,0,0,0,0,1,391.0,IR_WAIT,掉台但六路红外暂时无值，停车等待,0,0,1
15.046,545.0,742.0,374.0,1015.0,-0.3293,-0.122,-0.234,-0.2672,1,0,0,0,0,0,0,0,1,177.0,IR_WAIT,掉台但六路红外暂时无值，停车等待,0,0,1
15.067,545.0,742.0,373.0,1014.0,-0.3293,-0.122,-0.234,-0.2672,1,0,0,0,0,0,0,0,1,211.0,IR_WAIT,掉台但六路红外暂时无值，停车等待,0,0,1
15.087,547.0,743.0,375.0,1016.0,-0.3293,-0.122,-0.234,-0.2672,1,0,0,0,0,0,0,0,1,212.0,IR_WAIT,掉台但六路红外暂时无值，停车等待,0,0,1
15.107,545.0,742.0,373.0,1013.0,-0.3293,-0.122,-0.2368,-0.2693,1,0,0,0,0,0,0,0,1,112.0,IR_WAIT,掉台但六路红外暂时无值，停车等待,0,0,1
15.127,546.0,744.0,374.0,1016.0,-0.3265,-0.1198,-0.234,-0.2651,1,0,0,0,0,0,0,0,1,162.0,IR_WAIT,掉台但六路红外暂时无值，停车等待,0,0,1
15.148,547.0,743.0,374.0,1016.0,-0.3265,-0.1198,-0.234,-0.2651,1,0,0,0,0,0,0,0,1,162.0,IR_WAIT,掉台但六路红外暂时无值，停车等待,0,0,1
15.168,546.0,742.0,375.0,1015.0,-0.3265,-0.1198,-0.234,-0.2651,1,0,0,0,0,0,0,0,1,133.0,IR_WAIT,掉台但六路红外暂时无值，停车等待,0,0,1
15.188,546.0,743.0,374.0,1016.0,-0.3265,-0.1198,-0.234,-0.2651,1,0,0,0,0,0,0,0,1,152.0,IR_WAIT,掉台但六路红外暂时无值，停车等待,0,0,1
15.208,546.0,743.0,375.0,1015.0,-0.3265,-0.1198,-0.2312,-0.2672,1,0,0,0,0,0,0,0,1,212.0,IR_WAIT,掉台但六路红外暂时无值，停车等待,0,0,1
15.228,546.0,743.0,374.0,1014.0,-0.3265,-0.1198,-0.234,-0.2672,1,0,0,0,0,0,0,0,1,600.0,IR_WAIT,掉台但六路红外暂时无值，停车等待,0,0,1
15.248,545.0,742.0,373.0,1015.0,-0.3265,-0.1198,-0.234,-0.2672,1,0,0,0,0,0,0,0,1,146.0,IR_WAIT,掉台但六路红外暂时无值，停车等待,0,0,1
15.268,547.0,744.0,376.0,1017.0,-0.3265,-0.1198,-0.234,-0.2672,1,0,0,0,0,0,0,0,1,179.0,IR_WAIT,掉台但六路红外暂时无值，停车等待,0,0,1
15.288,545.0,743.0,375.0,1016.0,-0.3293,-0.1198,-0.2312,-0.2651,1,0,0,0,0,0,0,0,1,178.0,IR_WAIT,掉台但六路红外暂时无值，停车等待,0,0,1
15.309,546.0,741.0,374.0,1014.0,-0.3265,-0.1198,-0.2312,-0.2651,1,0,0,0,0,0,0,0,1,100.0,IR_WAIT,掉台但六路红外暂时无值，停车等待,0,0,1
15.329,546.0,743.0,375.0,1016.0,-0.3265,-0.1198,-0.2312,-0.2651,1,0,0,0,0,0,0,0,1,-5.0,IR_WAIT,掉台但六路红外暂时无值，停车等待,0,0,1
15.349,548.0,746.0,376.0,1017.0,-0.3265,-0.1198,-0.2312,-0.2651,1,0,0,0,0,0,0,0,1,162.0,IR_WAIT,掉台但六路红外暂时无值，停车等待,0,0,1
15.369,546.0,744.0,375.0,1017.0,-0.3265,-0.1176,-0.2312,-0.263,1,0,0,0,0,0,0,0,1,283.0,IR_WAIT,掉台但六路红外暂时无值，停车等待,0,0,1
15.389,547.0,744.0,376.0,1016.0,-0.3238,-0.1176,-0.2284,-0.263,1,0,0,0,0,0,0,0,1,175.0,IR_WAIT,掉台但六路红外暂时无值，停车等待,0,0,1
15.409,548.0,745.0,376.0,1018.0,-0.3238,-0.1176,-0.2284,-0.263,1,0,0,0,0,0,0,0,1,227.0,IR_WAIT,掉台但六路红外暂时无值，停车等待,0,0,1
15.429,548.0,745.0,375.0,1018.0,-0.3211,-0.1155,-0.2284,-0.261,1,0,0,0,0,0,0,0,1,522.0,IR_WAIT,掉台但六路红外暂时无值，停车等待,0,0,1
15.449,547.0,744.0,375.0,1017.0,-0.3211,-0.1155,-0.2312,-0.261,1,0,0,0,0,0,0,0,1,212.0,IR_WAIT,掉台但六路红外暂时无值，停车等待,0,0,1
15.469,547.0,745.0,374.0,1016.0,-0.3238,-0.1155,-0.2312,-0.263,1,0,0,0,0,0,0,0,1,168.0,IR_WAIT,掉台但六路红外暂时无值，停车等待,0,0,1
15.489,548.0,745.0,374.0,1017.0,-0.3238,-0.1155,-0.234,-0.263,1,0,0,0,0,0,0,0,1,179.0,IR_WAIT,掉台但六路红外暂时无值，停车等待,0,0,1
15.509,548.0,744.0,376.0,1018.0,-0.3211,-0.1155,-0.234,-0.263,1,0,0,0,0,0,0,0,1,-6.0,IR_WAIT,掉台但六路红外暂时无值，停车等待,0,0,1
15.53,548.0,744.0,376.0,1018.0,-0.3211,-0.1176,-0.2284,-0.261,1,0,0,0,0,0,0,0,1,-6.0,IR_WAIT,掉台但六路红外暂时无值，停车等待,0,0,1
15.55,548.0,745.0,375.0,1018.0,-0.3211,-0.1176,-0.2284,-0.261,1,0,0,0,0,0,0,0,1,179.0,IR_WAIT,掉台但六路红外暂时无值，停车等待,0,0,1
15.57,547.0,743.0,375.0,1016.0,-0.3211,-0.1176,-0.2312,-0.261,1,0,0,0,0,0,0,0,1,329.0,IR_WAIT,掉台但六路红外暂时无值，停车等待,0,0,1
15.59,547.0,744.0,376.0,1016.0,-0.3238,-0.1176,-0.2312,-0.2651,1,0,0,0,0,0,0,0,1,290.0,IR_WAIT,掉台但六路红外暂时无值，停车等待,0,0,1
15.61,547.0,744.0,376.0,1018.0,-0.3238,-0.1176,-0.2284,-0.2651,1,0,0,0,0,0,0,0,1,146.0,IR_WAIT,掉台但六路红外暂时无值，停车等待,0,0,1
15.63,547.0,745.0,376.0,1017.0,-0.3238,-0.1176,-0.2284,-0.263,1,0,0,0,0,0,0,0,1,162.0,IR_WAIT,掉台但六路红外暂时无值，停车等待,0,0,1
15.65,548.0,746.0,376.0,1019.0,-0.3238,-0.1155,-0.2284,-0.261,1,0,0,0,0,0,0,0,1,178.0,IR_WAIT,掉台但六路红外暂时无值，停车等待,0,0,1
15.67,547.0,746.0,376.0,1019.0,-0.3238,-0.1133,-0.2284,-0.2589,1,0,0,0,0,0,0,0,1,244.0,IR_WAIT,掉台但六路红外暂时无值，停车等待,0,0,1
15.691,547.0,745.0,375.0,1017.0,-0.3238,-0.1133,-0.2284,-0.2589,1,0,0,0,0,0,0,0,1,397.0,IR_WAIT,掉台但六路红外暂时无值，停车等待,0,0,1
15.711,548.0,746.0,376.0,1019.0,-0.3238,-0.1133,-0.2284,-0.2589,1,0,0,0,0,0,0,0,1,211.0,IR_WAIT,掉台但六路红外暂时无值，停车等待,0,0,1
15.731,548.0,746.0,375.0,1018.0,-0.3211,-0.1133,-0.2312,-0.261,1,0,0,0,0,0,0,0,1,128.0,IR_WAIT,掉台但六路红外暂时无值，停车等待,0,0,1
15.751,546.0,744.0,375.0,1016.0,-0.3211,-0.1133,-0.2312,-0.261,1,0,0,0,0,0,0,0,1,179.0,IR_WAIT,掉台但六路红外暂时无值，停车等待,0,0,1
15.771,548.0,747.0,376.0,1019.0,-0.3211,-0.1133,-0.2312,-0.261,1,0,0,0,0,0,0,0,1,-4.0,IR_WAIT,掉台但六路红外暂时无值，停车等待,0,0,1
15.791,548.0,746.0,376.0,1019.0,-0.3211,-0.1133,-0.2284,-0.2589,1,0,0,0,0,0,0,0,1,244.0,IR_WAIT,掉台但六路红外暂时无值，停车等待,0,0,1
15.811,548.0,745.0,375.0,1017.0,-0.3211,-0.1133,-0.2284,-0.2589,1,0,0,0,0,0,0,0,1,212.0,IR_WAIT,掉台但六路红外暂时无值，停车等待,0,0,1
15.831,549.0,747.0,376.0,1019.0,-0.3211,-0.1133,-0.2284,-0.2589,1,0,0,0,0,0,0,0,1,618.0,IR_WAIT,掉台但六路红外暂时无值，停车等待,0,0,1
15.852,549.0,746.0,376.0,1020.0,-0.3184,-0.1133,-0.2284,-0.2589,1,0,0,0,0,0,0,0,1,144.0,IR_WAIT,掉台但六路红外暂时无值，停车等待,0,0,1
15.872,548.0,745.0,376.0,1018.0,-0.3184,-0.1133,-0.2284,-0.2589,1,0,0,0,0,0,0,0,1,162.0,IR_WAIT,掉台但六路红外暂时无值，停车等待,0,0,1
15.892,548.0,746.0,376.0,1018.0,-0.3211,-0.1133,-0.2284,-0.261,1,0,0,0,0,0,0,0,1,292.0,IR_WAIT,掉台但六路红外暂时无值，停车等待,0,0,1
15.912,548.0,746.0,375.0,1018.0,-0.3211,-0.1133,-0.2284,-0.261,1,0,0,0,0,0,0,0,1,44.0,IR_WAIT,掉台但六路红外暂时无值，停车等待,0,0,1
15.932,547.0,745.0,376.0,1017.0,-0.3211,-0.1133,-0.2284,-0.261,1,0,0,0,0,0,0,0,1,-13.0,IR_WAIT,掉台但六路红外暂时无值，停车等待,0,0,1
15.952,548.0,746.0,376.0,1019.0,-0.3211,-0.1133,-0.2284,-0.261,1,0,0,0,0,0,0,0,1,162.0,IR_WAIT,掉台但六路红外暂时无值，停车等待,0,0,1
15.972,548.0,746.0,376.0,1019.0,-0.3211,-0.1133,-0.2284,-0.2589,1,0,0,0,0,0,0,0,1,162.0,IR_WAIT,掉台但六路红外暂时无值，停车等待,0,0,1
15.992,548.0,746.0,376.0,1018.0,-0.3211,-0.1133,-0.2284,-0.2589,1,0,0,0,0,0,0,0,1,341.0,IR_WAIT,掉台但六路红外暂时无值，停车等待,0,0,1
16.012,547.0,745.0,375.0,1017.0,-0.3211,-0.1133,-0.2284,-0.261,1,0,0,0,0,0,0,0,1,185.0,IR_WAIT,掉台但六路红外暂时无值，停车等待,0,0,1
16.033,548.0,746.0,376.0,1018.0,-0.3211,-0.1133,-0.2284,-0.261,1,0,0,0,0,0,0,0,1,229.0,IR_WAIT,掉台但六路红外暂时无值，停车等待,0,0,1
16.053,548.0,746.0,376.0,1019.0,-0.3211,-0.1133,-0.2284,-0.261,1,0,0,0,0,0,0,0,1,229.0,IR_WAIT,掉台但六路红外暂时无值，停车等待,0,0,1
16.073,547.0,745.0,375.0,1017.0,-0.3211,-0.1133,-0.2284,-0.261,1,0,0,0,0,0,0,0,1,211.0,IR_WAIT,掉台但六路红外暂时无值，停车等待,0,0,1
16.093,549.0,747.0,376.0,1020.0,-0.3211,-0.1133,-0.2284,-0.2589,1,0,0,0,0,0,0,0,1,179.0,IR_WAIT,掉台但六路红外暂时无值，停车等待,0,0,1
16.113,548.0,745.0,376.0,1018.0,-0.3211,-0.1155,-0.2284,-0.261,1,0,0,0,0,0,0,0,1,178.0,IR_WAIT,掉台但六路红外暂时无值，停车等待,0,0,1
16.133,547.0,745.0,375.0,1017.0,-0.3211,-0.1155,-0.2284,-0.261,1,0,0,0,0,0,0,0,1,178.0,IR_WAIT,掉台但六路红外暂时无值，停车等待,0,0,1
16.153,548.0,746.0,376.0,1019.0,-0.3211,-0.1155,-0.2284,-0.261,1,0,0,0,0,0,0,0,1,244.0,IR_WAIT,掉台但六路红外暂时无值，停车等待,0,0,1
16.173,548.0,745.0,375.0,1018.0,-0.3211,-0.1155,-0.2312,-0.261,1,0,0,0,0,0,0,0,1,228.0,IR_WAIT,掉台但六路红外暂时无值，停车等待,0,0,1
16.194,548.0,744.0,376.0,1018.0,-0.3211,-0.1155,-0.2284,-0.261,1,0,0,0,0,0,0,0,1,-7.0,IR_WAIT,掉台但六路红外暂时无值，停车等待,0,0,1
16.214,547.0,745.0,376.0,1018.0,-0.3211,-0.1155,-0.2284,-0.261,1,0,0,0,0,0,0,0,1,161.0,IR_WAIT,掉台但六路红外暂时无值，停车等待,0,0,1
16.234,548.0,746.0,376.0,1019.0,-0.3211,-0.1155,-0.2284,-0.261,1,0,0,0,0,0,0,0,1,179.0,IR_WAIT,掉台但六路红外暂时无值，停车等待,0,0,1
16.254,547.0,745.0,375.0,1018.0,-0.3238,-0.1155,-0.2284,-0.261,1,0,0,0,0,0,0,0,1,571.0,IR_WAIT,掉台但六路红外暂时无值，停车等待,0,0,1
16.274,547.0,746.0,376.0,1018.0,-0.3238,-0.1133,-0.2284,-0.261,1,0,0,0,0,0,0,0,1,234.0,IR_WAIT,掉台但六路红外暂时无值，停车等待,0,0,1
16.294,547.0,745.0,375.0,1016.0,-0.3238,-0.1155,-0.2312,-0.261,1,0,0,0,0,0,0,0,1,373.0,IR_WAIT,掉台但六路红外暂时无值，停车等待,0,0,1
16.314,549.0,746.0,376.0,1017.0,-0.3238,-0.1133,-0.2284,-0.263,1,0,0,0,0,0,0,0,1,161.0,IR_WAIT,掉台但六路红外暂时无值，停车等待,0,0,1
16.334,548.0,746.0,376.0,1019.0,-0.3211,-0.1133,-0.2284,-0.263,1,0,0,0,0,0,0,0,1,-4.0,IR_WAIT,掉台但六路红外暂时无值，停车等待,0,0,1
16.354,548.0,746.0,376.0,1018.0,-0.3211,-0.1133,-0.2284,-0.261,1,0,0,0,0,0,0,0,1,178.0,IR_WAIT,掉台但六路红外暂时无值，停车等待,0,0,1
16.375,548.0,746.0,376.0,1018.0,-0.3211,-0.1133,-0.2284,-0.261,1,0,0,0,0,0,0,0,1,178.0,IR_WAIT,掉台但六路红外暂时无值，停车等待,0,0,1
16.395,548.0,746.0,375.0,1018.0,-0.3211,-0.1133,-0.2284,-0.261,1,0,0,0,0,0,0,0,1,211.0,IR_WAIT,掉台但六路红外暂时无值，停车等待,0,0,1
16.415,547.0,745.0,376.0,1017.0,-0.3211,-0.1133,-0.2284,-0.261,1,0,0,0,0,0,0,0,1,472.0,IR_WAIT,掉台但六路红外暂时无值，停车等待,0,0,1
16.435,547.0,745.0,375.0,1016.0,-0.3238,-0.1155,-0.2312,-0.263,1,0,0,0,0,0,0,0,1,159.0,IR_WAIT,掉台但六路红外暂时无值，停车等待,0,0,1
16.455,547.0,745.0,375.0,1016.0,-0.3238,-0.1155,-0.2312,-0.2651,1,0,0,0,0,0,0,0,1,178.0,IR_WAIT,掉台但六路红外暂时无值，停车等待,0,0,1
16.475,548.0,746.0,376.0,1018.0,-0.3238,-0.1155,-0.2312,-0.2651,1,0,0,0,0,0,0,0,1,211.0,IR_WAIT,掉台但六路红外暂时无值，停车等待,0,0,1
16.495,548.0,745.0,375.0,1018.0,-0.3211,-0.1155,-0.2312,-0.261,1,0,0,0,0,0,0,0,1,211.0,IR_WAIT,掉台但六路红外暂时无值，停车等待,0,0,1
16.516,547.0,744.0,375.0,1016.0,-0.3211,-0.1155,-0.2312,-0.261,1,0,0,0,0,0,0,0,1,227.0,IR_WAIT,掉台但六路红外暂时无值，停车等待,0,0,1
16.536,548.0,745.0,375.0,1017.0,-0.3211,-0.1155,-0.2312,-0.263,1,0,0,0,0,0,0,0,1,195.0,IR_WAIT,掉台但六路红外暂时无值，停车等待,0,0,1
16.556,548.0,745.0,376.0,1018.0,-0.3211,-0.1155,-0.2312,-0.263,1,0,0,0,0,0,0,0,1,134.0,IR_WAIT,掉台但六路红外暂时无值，停车等待,0,0,1
16.576,548.0,746.0,375.0,1018.0,-0.3211,-0.1155,-0.2312,-0.261,1,0,0,0,0,0,0,0,1,178.0,IR_WAIT,掉台但六路红外暂时无值，停车等待,0,0,1
16.596,547.0,745.0,376.0,1017.0,-0.3211,-0.1155,-0.2284,-0.261,1,0,0,0,0,0,0,0,1,179.0,IR_WAIT,掉台但六路红外暂时无值，停车等待,0,0,1
16.616,548.0,747.0,376.0,1018.0,-0.3211,-0.1133,-0.2284,-0.261,1,0,0,0,0,0,0,0,1,129.0,IR_WAIT,掉台但六路红外暂时无值，停车等待,0,0,1
16.636,547.0,745.0,375.0,1016.0,-0.3238,-0.1155,-0.2284,-0.263,1,0,0,0,0,0,0,0,1,228.0,IR_WAIT,掉台但六路红外暂时无值，停车等待,0,0,1
16.657,548.0,745.0,376.0,1016.0,-0.3211,-0.1155,-0.2284,-0.2651,1,0,0,0,0,0,0,0,1,341.0,IR_WAIT,掉台但六路红外暂时无值，停车等待,0,0,1
16.677,548.0,746.0,376.0,1018.0,-0.3211,-0.1155,-0.2284,-0.2651,1,0,0,0,0,0,0,0,1,510.0,IR_WAIT,掉台但六路红外暂时无值，停车等待,0,0,1
16.697,547.0,744.0,375.0,1016.0,-0.3211,-0.1155,-0.2284,-0.2651,1,0,0,0,0,0,0,0,1,180.0,IR_WAIT,掉台但六路红外暂时无值，停车等待,0,0,1
16.717,547.0,744.0,375.0,1015.0,-0.3238,-0.1176,-0.2312,-0.2651,1,0,0,0,0,0,0,0,1,209.0,IR_WAIT,掉台但六路红外暂时无值，停车等待,0,0,1
16.737,547.0,744.0,376.0,1016.0,-0.3238,-0.1176,-0.2312,-0.2651,1,0,0,0,0,0,0,0,1,212.0,IR_WAIT,掉台但六路红外暂时无值，停车等待,0,0,1
16.757,547.0,745.0,376.0,1017.0,-0.3238,-0.1176,-0.2284,-0.2651,1,0,0,0,0,0,0,0,1,-5.0,IR_WAIT,掉台但六路红外暂时无值，停车等待,0,0,1
16.777,547.0,745.0,376.0,1017.0,-0.3238,-0.1155,-0.2284,-0.263,1,0,0,0,0,0,0,0,1,-5.0,IR_WAIT,掉台但六路红外暂时无值，停车等待,0,0,1
16.797,546.0,745.0,375.0,1017.0,-0.3238,-0.1155,-0.2284,-0.263,1,0,0,0,0,0,0,0,1,136.0,IR_WAIT,掉台但六路红外暂时无值，停车等待,0,0,1
16.818,548.0,746.0,376.0,1018.0,-0.3238,-0.1155,-0.2284,-0.263,1,0,0,0,0,0,0,0,1,179.0,IR_WAIT,掉台但六路红外暂时无值，停车等待,0,0,1
16.838,548.0,746.0,376.0,1018.0,-0.3211,-0.1133,-0.2284,-0.261,1,0,0,0,0,0,0,0,1,456.0,IR_WAIT,掉台但六路红外暂时无值，停车等待,0,0,1
16.858,548.0,747.0,375.0,1016.0,-0.3211,-0.1133,-0.2284,-0.261,1,0,0,0,0,0,0,0,1,243.0,IR_WAIT,掉台但六路红外暂时无值，停车等待,0,0,1
16.878,547.0,748.0,375.0,1017.0,-0.3211,-0.1111,-0.2312,-0.263,1,0,0,0,0,0,0,0,1,649.0,IR_WAIT,掉台但六路红外暂时无值，停车等待,0,0,1
16.898,548.0,748.0,377.0,1018.0,-0.3211,-0.1089,-0.2312,-0.263,1,0,0,0,0,0,0,0,1,358.0,IR_WAIT,掉台但六路红外暂时无值，停车等待,0,0,1
16.918,546.0,747.0,375.0,1017.0,-0.3238,-0.1089,-0.2312,-0.263,1,0,0,0,0,0,0,0,1,111.0,IR_WAIT,掉台但六路红外暂时无值，停车等待,0,0,1
16.938,548.0,748.0,376.0,1019.0,-0.3211,-0.1089,-0.2284,-0.261,1,0,0,0,0,0,0,0,1,174.0,IR_WAIT,掉台但六路红外暂时无值，停车等待,0,0,1
16.958,548.0,748.0,376.0,1019.0,-0.3211,-0.1089,-0.2284,-0.2589,1,0,0,0,0,0,0,0,1,212.0,IR_WAIT,掉台但六路红外暂时无值，停车等待,0,0,1
16.979,547.0,746.0,376.0,1018.0,-0.3211,-0.1089,-0.2284,-0.2589,1,0,0,0,0,0,0,0,1,97.0,IR_WAIT,掉台但六路红外暂时无值，停车等待,0,0,1
16.999,548.0,748.0,377.0,1020.0,-0.3211,-0.1089,-0.2284,-0.2589,1,0,0,0,0,0,0,0,1,217.0,IR_WAIT,掉台但六路红外暂时无值，停车等待,0,0,1
17.019,548.0,747.0,375.0,1018.0,-0.3211,-0.1111,-0.2284,-0.261,1,0,0,0,0,0,0,0,1,393.0,IR_WAIT,掉台但六路红外暂时无值，停车等待,0,0,1
17.039,548.0,746.0,376.0,1018.0,-0.3211,-0.1111,-0.2284,-0.261,1,0,0,0,0,0,0,0,1,166.0,IR_WAIT,掉台但六路红外暂时无值，停车等待,0,0,1
17.059,548.0,748.0,376.0,1019.0,-0.3211,-0.1111,-0.2284,-0.261,1,0,0,0,0,0,0,0,1,178.0,IR_WAIT,掉台但六路红外暂时无值，停车等待,0,0,1
17.079,548.0,747.0,376.0,1018.0,-0.3211,-0.1111,-0.2284,-0.261,1,0,0,0,0,0,0,0,1,178.0,IR_WAIT,掉台但六路红外暂时无值，停车等待,0,0,1
17.099,548.0,746.0,375.0,1017.0,-0.3211,-0.1111,-0.2284,-0.261,1,0,0,0,0,0,0,0,1,341.0,IR_WAIT,掉台但六路红外暂时无值，停车等待,0,0,1
17.119,548.0,746.0,375.0,1017.0,-0.3211,-0.1133,-0.2312,-0.263,1,0,0,0,0,0,0,0,1,341.0,IR_WAIT,掉台但六路红外暂时无值，停车等待,0,0,1
17.14,545.0,745.0,376.0,1017.0,-0.3211,-0.1133,-0.2312,-0.263,1,0,0,0,0,0,0,0,1,215.0,IR_WAIT,掉台但六路红外暂时无值，停车等待,0,0,1
17.16,548.0,746.0,376.0,1019.0,-0.3211,-0.1133,-0.2284,-0.263,1,0,0,0,0,0,0,0,1,149.0,IR_WAIT,掉台但六路红外暂时无值，停车等待,0,0,1
17.18,548.0,746.0,376.0,1019.0,-0.3211,-0.1133,-0.2284,-0.2589,1,0,0,0,0,0,0,0,1,162.0,IR_WAIT,掉台但六路红外暂时无值，停车等待,0,0,1
17.2,549.0,747.0,376.0,1019.0,-0.3211,-0.1133,-0.2284,-0.2589,1,0,0,0,0,0,0,0,1,-5.0,IR_WAIT,掉台但六路红外暂时无值，停车等待,0,0,1
17.22,548.0,745.0,375.0,1019.0,-0.3211,-0.1133,-0.2284,-0.2589,1,0,0,0,0,0,0,0,1,243.0,IR_WAIT,掉台但六路红外暂时无值，停车等待,0,0,1
17.24,547.0,744.0,375.0,1018.0,-0.3211,-0.1155,-0.2312,-0.2589,1,0,0,0,0,0,0,0,1,62.0,IR_WAIT,掉台但六路红外暂时无值，停车等待,0,0,1
17.26,549.0,746.0,376.0,1020.0,-0.3211,-0.1155,-0.2312,-0.2589,1,0,0,1,0,0,0,0,1,619.0,TURN_180,正后红外亮，转 180 度,625,-625,1
17.28,548.0,746.0,376.0,1019.0,-0.3211,-0.1133,-0.2284,-0.2589,1,0,0,1,0,0,0,0,1,160.0,TURN_180,正后红外亮，转 180 度,625,-625,1
17.301,547.0,744.0,376.0,1018.0,-0.3211,-0.1133,-0.2284,-0.2589,1,0,0,1,0,0,0,0,1,634.0,TURN_180,正后红外亮，转 180 度,625,-625,1
17.321,548.0,746.0,376.0,1019.0,-0.3211,-0.1133,-0.2284,-0.2589,1,0,0,1,0,0,0,0,1,292.0,TURN_180,正后红外亮，转 180 度,625,-625,1
17.341,549.0,746.0,376.0,1019.0,-0.3211,-0.1133,-0.2284,-0.2589,1,0,0,1,0,0,0,0,1,20.0,TURN_180,正后红外亮，转 180 度,625,-625,1
17.361,547.0,744.0,375.0,1018.0,-0.3211,-0.1133,-0.2284,-0.2589,1,0,0,1,0,0,0,0,1,210.0,TURN_180,正后红外亮，转 180 度,625,-625,1
17.381,548.0,746.0,376.0,1018.0,-0.3211,-0.1133,-0.2284,-0.261,1,0,0,1,0,0,0,0,1,177.0,TURN_180,正后红外亮，转 180 度,625,-625,1
17.401,547.0,746.0,375.0,1018.0,-0.3238,-0.1133,-0.2312,-0.261,1,0,0,1,0,0,0,0,1,211.0,TURN_180,正后红外亮，转 180 度,625,-625,1
17.421,547.0,744.0,374.0,1017.0,-0.3238,-0.1133,-0.2312,-0.261,1,0,0,1,0,0,0,0,1,183.0,TURN_180,正后红外亮，转 180 度,625,-625,1
17.442,548.0,746.0,376.0,1019.0,-0.3238,-0.1133,-0.2312,-0.261,1,0,0,1,0,0,0,0,1,666.0,TURN_180,正后红外亮，转 180 度,625,-625,1
17.462,547.0,745.0,374.0,1018.0,-0.3238,-0.1155,-0.234,-0.261,1,0,0,1,0,0,0,0,1,211.0,TURN_180,正后红外亮，转 180 度,625,-625,1
17.482,548.0,747.0,374.0,1019.0,-0.3211,-0.1133,-0.234,-0.2589,1,0,0,1,0,0,0,0,1,195.0,TURN_180,正后红外亮，转 180 度,625,-625,1
17.502,548.0,747.0,375.0,1019.0,-0.3211,-0.1111,-0.234,-0.2589,1,0,0,1,0,0,0,0,1,161.0,TURN_180,正后红外亮，转 180 度,625,-625,1
17.522,547.0,744.0,373.0,1019.0,-0.3211,-0.1111,-0.234,-0.2589,1,0,0,1,0,0,0,0,1,111.0,TURN_180,正后红外亮，转 180 度,625,-625,1
17.542,547.0,744.0,373.0,1019.0,-0.3238,-0.1176,-0.2368,-0.2589,1,0,0,1,0,0,0,0,1,111.0,TURN_180,正后红外亮，转 180 度,625,-625,1
17.562,552.0,746.0,373.0,1025.0,-0.3238,-0.1176,-0.2368,-0.2589,1,0,0,1,0,0,0,0,1,179.0,TURN_180,正后红外亮，转 180 度,625,-625,1
17.582,552.0,744.0,368.0,1024.0,-0.3102,-0.1176,-0.2368,-0.2484,1,0,0,1,0,0,0,0,1,243.0,TURN_180,正后红外亮，转 180 度,625,-625,1
17.603,549.0,739.0,366.0,1015.0,-0.3102,-0.1176,-0.2507,-0.2484,1,0,0,1,0,0,0,0,1,210.0,TURN_180,正后红外亮，转 180 度,625,-625,1
17.623,550.0,725.0,363.0,1019.0,-0.3156,-0.1285,-0.2563,-0.2589,1,0,0,1,0,0,0,0,1,10.0,TURN_180,正后红外亮，转 180 度,625,-625,1
17.643,540.0,708.0,349.0,994.0,-0.3184,-0.159,-0.2646,-0.2672,1,0,0,1,0,0,0,0,1,179.0,TURN_180,正后红外亮，转 180 度,625,-625,1
17.663,541.0,715.0,363.0,994.0,-0.3401,-0.1808,-0.2646,-0.3111,1,0,0,1,0,0,0,0,1,216.0,TURN_180,正后红外亮，转 180 度,625,-625,1
17.683,545.0,758.0,383.0,1008.0,-0.3401,-0.1808,-0.2646,-0.3111,1,0,0,1,0,0,0,0,1,179.0,TURN_180,正后红外亮，转 180 度,625,-625,1
17.704,540.0,760.0,384.0,1006.0,-0.3401,-0.0871,-0.2089,-0.286,1,0,0,1,0,0,0,0,1,227.0,TURN_180,正后红外亮，转 180 度,625,-625,1
17.724,540.0,764.0,388.0,999.0,-0.3429,-0.0828,-0.2061,-0.286,1,0,0,1,0,0,0,0,1,372.0,TURN_180,正后红外亮，转 180 度,625,-625,1
17.744,538.0,759.0,388.0,1005.0,-0.3429,-0.0828,-0.195,-0.2881,1,0,0,1,0,0,0,0,1,111.0,TURN_180,正后红外亮，转 180 度,625,-625,1
17.764,536.0,757.0,386.0,1002.0,-0.3483,-0.085,-0.195,-0.2944,1,0,0,1,0,0,0,0,1,-4.0,TURN_180,正后红外亮，转 180 度,625,-625,1
17.784,536.0,760.0,379.0,989.0,-0.3537,-0.085,-0.2006,-0.2944,1,0,0,1,0,0,0,0,1,146.0,TURN_180,正后红外亮，转 180 度,625,-625,1
17.804,541.0,758.0,372.0,991.0,-0.3537,-0.0871,-0.2201,-0.3173,1,0,0,1,0,0,0,1,1,-5.0,TURN_180,正后红外亮，转 180 度,625,-625,1
17.824,543.0,755.0,369.0,995.0,-0.3401,-0.0871,-0.2396,-0.3173,1,0,0,1,0,0,0,1,1,11.0,TURN_180,正后红外亮，转 180 度,625,-625,1
17.845,539.0,750.0,371.0,1007.0,-0.3401,-0.0937,-0.2423,-0.309,1,0,0,1,0,0,0,1,1,30.0,TURN_180,正后红外亮，转 180 度,625,-625,1
17.865,543.0,749.0,377.0,1016.0,-0.3347,-0.1046,-0.2423,-0.2839,1,0,0,0,0,0,0,1,1,228.0,TURN_180,正后红外亮，转 180 度,625,-625,1
17.885,544.0,748.0,376.0,1026.0,-0.3347,-0.1068,-0.2284,-0.2651,1,0,0,0,1,0,0,1,1,35.0,TURN_180,正后红外亮，转 180 度,625,-625,1
17.905,538.0,742.0,370.0,1027.0,-0.3347,-0.1089,-0.2284,-0.2443,1,0,0,0,1,0,0,1,1,28.0,TURN_180,正后红外亮，转 180 度,625,-625,1
17.925,529.0,743.0,371.0,1020.0,-0.3483,-0.1198,-0.2423,-0.2443,1,0,0,0,1,0,0,1,1,-6.0,TURN_180,正后红外亮，转 180 度,625,-625,1
17.945,526.0,745.0,377.0,1025.0,-0.3728,-0.1198,-0.2423,-0.2463,1,0,0,0,1,0,0,1,1,-4.0,TURN_180,正后红外亮，转 180 度,625,-625,1
17.965,526.0,745.0,377.0,1025.0,-0.381,-0.1155,-0.2256,-0.2463,1,0,0,0,1,0,0,1,1,-4.0,TURN_180,正后红外亮，转 180 度,625,-625,1
17.985,522.0,745.0,378.0,1029.0,-0.381,-0.1155,-0.2256,-0.2463,1,0,0,0,1,1,0,1,1,162.0,TURN_180,正后红外亮，转 180 度,625,-625,1
18.006,521.0,747.0,379.0,1027.0,-0.3918,-0.1155,-0.2228,-0.2422,1,0,0,0,1,1,0,1,1,29.0,TURN_180,正后红外亮，转 180 度,625,-625,1
18.026,523.0,747.0,377.0,1029.0,-0.3918,-0.1111,-0.2228,-0.238,1,0,0,0,1,1,0,1,1,2.0,TURN_180,正后红外亮，转 180 度,625,-625,1
18.046,524.0,746.0,370.0,1040.0,-0.3891,-0.1111,-0.2256,-0.238,1,0,0,0,0,1,0,1,1,-5.0,TURN_180,正后红外亮，转 180 度,625,-625,1
18.066,523.0,740.0,362.0,1038.0,-0.3891,-0.1133,-0.2451,-0.2192,1,0,0,0,0,1,0,1,1,-6.0,TURN_180,正后红外亮，转 180 度,625,-625,1
18.086,524.0,741.0,366.0,1040.0,-0.3864,-0.1242,-0.2563,-0.215,1,0,0,0,0,1,0,1,1,-16.0,TURN_180,正后红外亮，转 180 度,625,-625,1
18.107,526.0,746.0,378.0,1040.0,-0.3864,-0.1242,-0.2563,-0.215,1,0,0,0,0,1,0,1,1,-9.0,TURN_180,正后红外亮，转 180 度,625,-625,1
18.127,527.0,752.0,385.0,1035.0,-0.381,-0.1133,-0.2228,-0.215,1,0,0,0,0,1,0,1,1,-6.0,TURN_180,正后红外亮，转 180 度,625,-625,1
18.147,528.0,753.0,382.0,1020.0,-0.3782,-0.1002,-0.2117,-0.2255,1,0,0,0,0,1,0,1,1,-4.0,TURN_180,正后红外亮，转 180 度,625,-625,1
18.167,522.0,733.0,371.0,993.0,-0.3782,-0.1002,-0.2117,-0.2568,1,0,0,0,0,1,0,1,1,-6.0,TURN_180,正后红外亮，转 180 度,625,-625,1
18.187,524.0,732.0,378.0,997.0,-0.3864,-0.1416,-0.2228,-0.3048,1,0,0,0,0,1,0,1,1,-6.0,TURN_180,正后红外亮，转 180 度,625,-625,1
18.207,524.0,757.0,389.0,1020.0,-0.3864,-0.1416,-0.2228,-0.3048,1,0,0,0,0,1,0,1,1,-6.0,TURN_180,正后红外亮，转 180 度,625,-625,1
18.227,519.0,768.0,389.0,1014.0,-0.3864,-0.0893,-0.1922,-0.2693,1,0,0,0,0,1,0,0,1,554.0,TURN_180,正后红外亮，转 180 度,625,-625,1
18.248,524.0,779.0,388.0,1012.0,-0.3864,-0.0654,-0.1922,-0.2693,1,0,0,0,0,1,0,0,1,308.0,TURN_180,正后红外亮，转 180 度,625,-625,1
18.268,528.0,772.0,390.0,1016.0,-0.3864,-0.0566,-0.1922,-0.2693,1,0,0,0,0,1,0,0,1,178.0,TURN_LEFT_90,左侧红外亮，左转 90 度,-500,500,1
18.288,526.0,764.0,389.0,1013.0,-0.381,-0.0566,-0.1922,-0.2714,1,0,0,0,0,1,0,0,1,164.0,TURN_LEFT_90,左侧红外亮，左转 90 度,-500,500,1
18.308,528.0,768.0,388.0,1006.0,-0.3755,-0.0654,-0.1922,-0.2714,1,0,0,0,0,1,0,0,1,326.0,TURN_LEFT_90,左侧红外亮，左转 90 度,-500,500,1
18.328,525.0,761.0,383.0,1013.0,-0.381,-0.0741,-0.195,-0.2714,1,0,0,0,0,1,0,0,1,404.0,TURN_LEFT_90,左侧红外亮，左转 90 度,-500,500,1
18.349,529.0,756.0,381.0,1013.0,-0.3755,-0.0806,-0.2089,-0.2714,1,0,0,0,0,1,0,0,1,321.0,TURN_LEFT_90,左侧红外亮，左转 90 度,-500,500,1
18.369,534.0,754.0,382.0,1014.0,-0.3728,-0.0915,-0.2117,-0.2714,1,0,0,0,0,1,0,0,1,420.0,TURN_LEFT_90,左侧红外亮，左转 90 度,-500,500,1
18.389,538.0,757.0,381.0,1015.0,-0.3592,-0.0915,-0.2145,-0.2693,1,0,0,0,0,1,0,0,1,436.0,TURN_LEFT_90,左侧红外亮，左转 90 度,-500,500,1
18.409,538.0,757.0,381.0,1015.0,-0.3483,-0.0893,-0.2145,-0.2672,1,0,0,0,0,1,0,0,1,436.0,TURN_LEFT_90,左侧红外亮，左转 90 度,-500,500,1
18.429,540.0,763.0,383.0,1018.0,-0.3483,-0.0893,-0.2145,-0.2672,1,0,0,0,0,1,0,0,1,462.0,TURN_LEFT_90,左侧红外亮，左转 90 度,-500,500,1
18.449,540.0,768.0,383.0,1018.0,-0.3429,-0.0763,-0.2089,-0.261,1,0,0,0,0,1,0,0,1,469.0,TURN_LEFT_90,左侧红外亮，左转 90 度,-500,500,1
18.469,542.0,773.0,385.0,1021.0,-0.3429,-0.0654,-0.2089,-0.261,1,0,0,0,0,1,0,0,1,422.0,TURN_LEFT_90,左侧红外亮，左转 90 度,-500,500,1
18.49,541.0,774.0,384.0,1021.0,-0.3401,-0.0545,-0.2061,-0.2547,1,0,0,0,0,1,0,0,1,107.0,TURN_LEFT_90,左侧红外亮，左转 90 度,-500,500,1
18.51,542.0,777.0,386.0,1026.0,-0.3374,-0.0523,-0.2033,-0.2547,1,0,0,0,0,1,0,0,1,439.0,TURN_LEFT_90,左侧红外亮，左转 90 度,-500,500,1
18.53,544.0,777.0,385.0,1028.0,-0.3374,-0.0458,-0.2033,-0.2443,1,0,0,0,0,1,0,0,1,519.0,TURN_LEFT_90,左侧红外亮，左转 90 度,-500,500,1
18.55,542.0,776.0,386.0,1026.0,-0.3374,-0.0458,-0.2006,-0.2443,1,0,0,0,0,1,0,0,1,468.0,TURN_LEFT_90,左侧红外亮，左转 90 度,-500,500,1
18.57,544.0,778.0,385.0,1027.0,-0.332,-0.0458,-0.2033,-0.2422,1,0,0,0,0,1,0,0,1,439.0,TURN_LEFT_90,左侧红外亮，左转 90 度,-500,500,1
18.59,543.0,778.0,386.0,1027.0,-0.3347,-0.0436,-0.2006,-0.2422,1,0,0,0,0,1,0,0,1,471.0,TURN_LEFT_90,左侧红外亮，左转 90 度,-500,500,1
18.61,544.0,778.0,385.0,1026.0,-0.332,-0.0436,-0.2033,-0.2422,1,0,0,0,0,1,0,0,1,454.0,TURN_LEFT_90,左侧红外亮，左转 90 度,-500,500,1
18.63,543.0,778.0,385.0,1025.0,-0.3347,-0.0436,-0.2033,-0.2443,1,0,0,0,0,1,0,0,1,438.0,TURN_LEFT_90,左侧红外亮，左转 90 度,-500,500,1
18.65,544.0,779.0,386.0,1026.0,-0.332,-0.0436,-0.2033,-0.2443,1,0,0,0,0,1,0,0,1,487.0,TURN_LEFT_90,左侧红外亮，左转 90 度,-500,500,1
18.671,542.0,777.0,384.0,1024.0,-0.3347,-0.0436,-0.2033,-0.2463,1,0,0,0,0,1,0,0,1,474.0,TURN_LEFT_90,左侧红外亮，左转 90 度,-500,500,1
18.691,543.0,779.0,386.0,1025.0,-0.3347,-0.0414,-0.2006,-0.2463,1,0,0,0,0,1,0,0,1,470.0,TURN_LEFT_90,左侧红外亮，左转 90 度,-500,500,1
18.711,544.0,780.0,385.0,1025.0,-0.3347,-0.0414,-0.2033,-0.2463,1,0,0,0,0,1,0,0,1,455.0,TURN_LEFT_90,左侧红外亮，左转 90 度,-500,500,1
18.731,542.0,779.0,385.0,1024.0,-0.3347,-0.0414,-0.2033,-0.2463,1,0,0,0,0,1,0,0,1,459.0,TURN_LEFT_90,左侧红外亮，左转 90 度,-500,500,1
18.752,543.0,778.0,384.0,1024.0,-0.3347,-0.0414,-0.2033,-0.2484,1,0,0,0,0,1,0,0,1,449.0,TURN_LEFT_90,左侧红外亮，左转 90 度,-500,500,1
18.772,544.0,779.0,385.0,1026.0,-0.3347,-0.0414,-0.2033,-0.2484,1,0,0,0,0,1,0,0,1,471.0,TURN_LEFT_90,左侧红外亮，左转 90 度,-500,500,1
18.792,540.0,776.0,385.0,1024.0,-0.3347,-0.0436,-0.2033,-0.2484,1,0,0,0,0,1,0,0,1,505.0,TURN_LEFT_90,左侧红外亮，左转 90 度,-500,500,1
18.812,536.0,774.0,384.0,1019.0,-0.3429,-0.0479,-0.2033,-0.2484,1,0,0,0,0,1,0,0,1,421.0,TURN_LEFT_90,左侧红外亮，左转 90 度,-500,500,1
18.833,537.0,775.0,386.0,1024.0,-0.351,-0.0501,-0.2033,-0.2484,1,0,0,0,0,1,0,0,1,436.0,TURN_LEFT_90,左侧红外亮，左转 90 度,-500,500,1
18.853,537.0,775.0,386.0,1024.0,-0.351,-0.0501,-0.2006,-0.2484,1,0,0,0,0,1,0,0,1,436.0,TURN_LEFT_90,左侧红外亮，左转 90 度,-500,500,1
18.873,534.0,768.0,388.0,1020.0,-0.351,-0.0501,-0.2006,-0.2484,1,0,0,0,0,1,0,0,1,437.0,TURN_LEFT_90,左侧红外亮，左转 90 度,-500,500,1
18.893,533.0,768.0,389.0,1020.0,-0.3592,-0.0654,-0.195,-0.2568,1,0,0,0,0,1,0,0,1,477.0,TURN_LEFT_90,左侧红外亮，左转 90 度,-500,500,1
18.913,531.0,768.0,388.0,1020.0,-0.3619,-0.0654,-0.195,-0.2568,1,0,0,0,0,1,0,0,1,438.0,TURN_LEFT_90,左侧红外亮，左转 90 度,-500,500,1
18.933,532.0,765.0,387.0,1020.0,-0.3646,-0.0654,-0.195,-0.2568,1,0,0,0,0,1,0,0,1,293.0,TURN_LEFT_90,左侧红外亮，左转 90 度,-500,500,1
18.953,529.0,755.0,382.0,1019.0,-0.3673,-0.0719,-0.1978,-0.2568,1,0,0,0,0,1,0,0,1,308.0,TURN_LEFT_90,左侧红外亮，左转 90 度,-500,500,1
18.974,528.0,753.0,383.0,1018.0,-0.3728,-0.0937,-0.2089,-0.2589,1,0,0,0,0,1,0,0,1,356.0,TURN_LEFT_90,左侧红外亮，左转 90 度,-500,500,1
18.994,525.0,746.0,380.0,1019.0,-0.3755,-0.098,-0.2117,-0.2589,1,0,0,0,0,1,0,0,1,292.0,TURN_LEFT_90,左侧红外亮，左转 90 度,-500,500,1
19.014,525.0,742.0,375.0,1020.0,-0.3837,-0.1133,-0.2173,-0.2589,1,0,0,0,0,1,0,0,1,259.0,TURN_LEFT_90,左侧红外亮，左转 90 度,-500,500,1
19.034,525.0,748.0,373.0,1024.0,-0.3837,-0.1133,-0.2312,-0.2568,1,0,0,0,0,1,0,0,1,193.0,TURN_LEFT_90,左侧红外亮，左转 90 度,-500,500,1
19.054,526.0,751.0,373.0,1024.0,-0.3837,-0.1089,-0.2368,-0.2484,1,0,0,0,0,1,0,0,1,68.0,TURN_LEFT_90,左侧红外亮，左转 90 度,-500,500,1
19.074,526.0,753.0,374.0,1024.0,-0.381,-0.1024,-0.2368,-0.2484,1,0,0,0,0,1,0,0,1,277.0,TURN_LEFT_90,左侧红外亮，左转 90 度,-500,500,1
19.094,526.0,756.0,382.0,1024.0,-0.381,-0.098,-0.234,-0.2484,1,0,0,0,0,1,0,0,1,144.0,TURN_LEFT_90,左侧红外亮，左转 90 度,-500,500,1
19.114,526.0,756.0,390.0,1024.0,-0.381,-0.0915,-0.2117,-0.2484,1,0,0,0,0,1,0,0,1,-6.0,TURN_LEFT_90,左侧红外亮，左转 90 度,-500,500,1
19.135,528.0,760.0,398.0,1021.0,-0.381,-0.0915,-0.1894,-0.2484,1,0,0,0,0,1,0,0,1,601.0,TURN_LEFT_90,左侧红外亮，左转 90 度,-500,500,1
19.155,530.0,761.0,399.0,1025.0,-0.3755,-0.0828,-0.1671,-0.2484,1,0,0,0,0,1,0,0,1,-11.0,TURN_LEFT_90,左侧红外亮，左转 90 度,-500,500,1
19.175,534.0,762.0,400.0,1027.0,-0.3701,-0.0806,-0.1643,-0.2463,1,0,0,0,0,1,0,0,1,552.0,TURN_LEFT_90,左侧红外亮，左转 90 度,-500,500,1
19.195,540.0,763.0,395.0,1031.0,-0.3592,-0.0784,-0.1643,-0.2422,1,0,0,0,0,1,0,0,1,1.0,TURN_LEFT_90,左侧红外亮，左转 90 度,-500,500,1
19.216,544.0,764.0,393.0,1033.0,-0.3429,-0.0763,-0.1755,-0.2338,1,0,0,0,0,1,0,0,1,-5.0,TURN_LEFT_90,左侧红外亮，左转 90 度,-500,500,1
19.236,544.0,764.0,393.0,1033.0,-0.332,-0.0741,-0.1811,-0.2296,1,0,0,0,0,1,0,0,1,-5.0,TURN_LEFT_90,左侧红外亮，左转 90 度,-500,500,1
19.256,545.0,760.0,394.0,1034.0,-0.332,-0.0741,-0.1811,-0.2296,1,0,0,0,0,1,0,0,1,-6.0,TURN_LEFT_90,左侧红外亮，左转 90 度,-500,500,1
19.276,544.0,749.0,391.0,1031.0,-0.332,-0.0828,-0.1811,-0.2296,1,0,0,0,0,1,0,0,1,-5.0,TURN_LEFT_90,左侧红外亮，左转 90 度,-500,500,1
19.296,541.0,747.0,392.0,1030.0,-0.332,-0.1068,-0.1838,-0.2338,1,0,0,0,0,1,0,0,1,11.0,TURN_LEFT_90,左侧红外亮，左转 90 度,-500,500,1
19.316,540.0,747.0,391.0,1026.0,-0.3401,-0.1111,-0.1866,-0.2359,1,0,0,0,0,1,0,0,1,-6.0,TURN_LEFT_90,左侧红外亮，左转 90 度,-500,500,1
19.336,537.0,747.0,389.0,1021.0,-0.3429,-0.1111,-0.1866,-0.2443,1,0,0,0,0,1,0,0,1,-7.0,TURN_LEFT_90,左侧红外亮，左转 90 度,-500,500,1
19.356,538.0,747.0,388.0,1018.0,-0.3483,-0.1111,-0.1922,-0.2547,1,0,0,0,0,1,0,1,1,-5.0,TURN_LEFT_90,左侧红外亮，左转 90 度,-500,500,1
19.377,536.0,745.0,381.0,1015.0,-0.351,-0.1111,-0.195,-0.261,1,0,0,0,0,1,0,1,1,-5.0,TURN_LEFT_90,左侧红外亮，左转 90 度,-500,500,1
19.397,539.0,744.0,376.0,1011.0,-0.3483,-0.1155,-0.2145,-0.2672,1,0,0,0,0,1,0,1,1,-5.0,TURN_LEFT_90,左侧红外亮，左转 90 度,-500,500,1
19.417,539.0,746.0,375.0,1012.0,-0.3456,-0.1155,-0.2284,-0.2735,1,0,0,0,0,1,0,1,1,-5.0,TURN_LEFT_90,左侧红外亮，左转 90 度,-500,500,1
19.437,540.0,748.0,378.0,1007.0,-0.3456,-0.1133,-0.2284,-0.2756,1,0,0,0,1,1,0,1,1,-5.0,TURN_LEFT_90,左侧红外亮，左转 90 度,-500,500,1
19.457,539.0,745.0,380.0,1002.0,-0.3456,-0.1133,-0.2228,-0.2839,1,0,0,0,1,1,0,1,1,-7.0,TURN_LEFT_90,左侧红外亮，左转 90 度,-500,500,1
19.477,541.0,751.0,386.0,1008.0,-0.3429,-0.1089,-0.2173,-0.2839,1,0,0,0,1,1,0,1,1,-7.0,TURN_LEFT_90,左侧红外亮，左转 90 度,-500,500,1
19.497,542.0,752.0,389.0,1011.0,-0.3401,-0.1024,-0.2006,-0.2818,1,0,0,0,1,1,0,1,1,-4.0,TURN_LEFT_90,左侧红外亮，左转 90 度,-500,500,1
19.517,545.0,754.0,391.0,1017.0,-0.3374,-0.1002,-0.1922,-0.2756,1,0,0,0,1,1,0,1,1,-6.0,TURN_LEFT_90,左侧红外亮，左转 90 度,-500,500,1
19.537,547.0,760.0,395.0,1024.0,-0.3293,-0.0959,-0.1866,-0.263,1,0,0,0,1,1,0,1,1,-6.0,TURN_LEFT_90,左侧红外亮，左转 90 度,-500,500,1
19.558,549.0,761.0,395.0,1024.0,-0.3238,-0.0828,-0.1755,-0.2484,1,0,0,0,1,1,0,1,1,-6.0,TURN_LEFT_90,左侧红外亮，左转 90 度,-500,500,1
19.578,551.0,763.0,389.0,1029.0,-0.3184,-0.0806,-0.1755,-0.2484,1,0,0,0,1,1,0,1,1,46.0,TURN_LEFT_90,左侧红外亮，左转 90 度,-500,500,1
19.598,551.0,765.0,381.0,1028.0,-0.3129,-0.0763,-0.1922,-0.2401,1,0,0,0,1,1,0,1,1,-7.0,TURN_LEFT_90,左侧红外亮，左转 90 度,-500,500,1
19.618,555.0,766.0,377.0,1035.0,-0.3129,-0.0719,-0.2145,-0.238,1,0,0,0,1,1,0,1,1,-5.0,TURN_LEFT_90,左侧红外亮，左转 90 度,-500,500,1
19.639,555.0,764.0,373.0,1032.0,-0.302,-0.0719,-0.2256,-0.2317,1,0,0,0,1,1,0,1,1,-6.0,TURN_LEFT_90,左侧红外亮，左转 90 度,-500,500,1
19.66,555.0,764.0,373.0,1032.0,-0.302,-0.0741,-0.2368,-0.2317,1,0,0,0,1,1,0,1,1,-6.0,TURN_LEFT_90,左侧红外亮，左转 90 度,-500,500,1
19.68,556.0,763.0,373.0,1031.0,-0.302,-0.0741,-0.2368,-0.2317,1,0,0,0,1,1,0,1,1,-8.0,TURN_LEFT_90,左侧红外亮，左转 90 度,-500,500,1
19.7,556.0,764.0,376.0,1028.0,-0.2993,-0.0741,-0.2368,-0.2338,1,0,0,0,1,1,0,1,1,17.0,TURN_LEFT_90,左侧红外亮，左转 90 度,-500,500,1
19.721,554.0,764.0,381.0,1027.0,-0.2993,-0.0741,-0.2284,-0.2401,1,0,0,0,1,1,0,1,1,-2.0,TURN_LEFT_90,左侧红外亮，左转 90 度,-500,500,1
19.741,549.0,763.0,388.0,1027.0,-0.3048,-0.0741,-0.2145,-0.2422,1,0,0,0,1,0,0,1,1,-6.0,TURN_LEFT_90,左侧红外亮，左转 90 度,-500,500,1
19.761,549.0,761.0,393.0,1035.0,-0.3184,-0.0763,-0.195,-0.2422,1,0,0,0,1,0,0,1,1,3.0,TURN_LEFT_90,左侧红外亮，左转 90 度,-500,500,1
19.782,542.0,752.0,392.0,1035.0,-0.3184,-0.0806,-0.1838,-0.2255,1,0,0,0,1,0,0,1,1,0.0,TURN_LEFT_90,左侧红外亮，左转 90 度,-500,500,1
19.802,537.0,749.0,393.0,1035.0,-0.3374,-0.1002,-0.1811,-0.2255,1,0,0,0,1,0,0,1,1,127.0,TURN_LEFT_90,左侧红外亮，左转 90 度,-500,500,1
19.822,532.0,744.0,388.0,1033.0,-0.351,-0.1068,-0.1838,-0.2255,1,0,0,0,1,0,0,0,1,94.0,TURN_LEFT_90,左侧红外亮，左转 90 度,-500,500,1
19.842,529.0,742.0,384.0,1027.0,-0.3646,-0.1176,-0.195,-0.2296,1,0,0,0,1,0,0,0,1,83.0,TURN_LEFT_90,左侧红外亮，左转 90 度,-500,500,1
19.862,528.0,744.0,384.0,1020.0,-0.3728,-0.1176,-0.2061,-0.2422,1,0,0,0,1,0,0,0,1,75.0,TURN_LEFT_90,左侧红外亮，左转 90 度,-500,500,1
19.882,531.0,748.0,387.0,1014.0,-0.3728,-0.1176,-0.2061,-0.2568,1,0,0,0,1,0,0,0,1,10.0,SAFE_STOP,连转 3 轮未见前头红外,0,0,1
19.902,536.0,752.0,385.0,1010.0,-0.3673,-0.1089,-0.2033,-0.2693,1,0,0,0,1,0,0,0,1,77.0,SAFE_STOP,连转 3 轮未见前头红外,0,0,1
19.922,542.0,755.0,381.0,1001.0,-0.3537,-0.1002,-0.2033,-0.2777,1,0,0,0,1,0,0,0,1,174.0,SAFE_STOP,连转 3 轮未见前头红外,0,0,1
19.943,552.0,760.0,382.0,1004.0,-0.3374,-0.0937,-0.2117,-0.2902,1,0,0,0,1,0,0,0,1,161.0,SAFE_STOP,连转 3 轮未见前头红外,0,0,1
19.963,556.0,761.0,385.0,1003.0,-0.3102,-0.0828,-0.2117,-0.2923,1,0,0,0,0,0,0,0,1,210.0,SAFE_STOP,连转 3 轮未见前头红外,0,0,1
19.983,558.0,759.0,388.0,1003.0,-0.2993,-0.0828,-0.2033,-0.2923,1,0,0,0,0,0,0,0,1,128.0,SAFE_STOP,连转 3 轮未见前头红外,0,0,1
20.003,559.0,757.0,388.0,1004.0,-0.2939,-0.085,-0.195,-0.2923,1,0,0,0,0,0,0,0,1,214.0,SAFE_STOP,连转 3 轮未见前头红外,0,0,1
20.023,559.0,754.0,389.0,1005.0,-0.2912,-0.0893,-0.195,-0.2902,1,0,0,0,0,0,0,0,1,179.0,SAFE_STOP,连转 3 轮未见前头红外,0,0,1
20.043,558.0,755.0,390.0,1008.0,-0.2912,-0.0937,-0.1922,-0.2881,1,0,0,0,0,0,0,0,1,307.0,SAFE_STOP,连转 3 轮未见前头红外,0,0,1
20.063,559.0,755.0,390.0,1008.0,-0.2912,-0.0937,-0.1894,-0.2818,1,0,0,0,0,0,0,0,1,166.0,SAFE_STOP,连转 3 轮未见前头红外,0,0,1
20.084,560.0,754.0,390.0,1009.0,-0.2912,-0.0937,-0.1894,-0.2818,1,0,0,0,0,0,0,0,1,161.0,SAFE_STOP,连转 3 轮未见前头红外,0,0,1
20.104,560.0,754.0,392.0,1010.0,-0.2884,-0.0959,-0.1894,-0.2797,1,0,0,0,0,0,0,0,1,212.0,SAFE_STOP,连转 3 轮未见前头红外,0,0,1
20.124,562.0,757.0,393.0,1014.0,-0.2884,-0.0959,-0.1838,-0.2777,1,0,0,0,0,0,0,0,1,-5.0,SAFE_STOP,连转 3 轮未见前头红外,0,0,1
20.144,559.0,754.0,392.0,1010.0,-0.2884,-0.0959,-0.1838,-0.2777,1,0,0,0,0,0,0,0,1,161.0,SAFE_STOP,连转 3 轮未见前头红外,0,0,1
20.164,560.0,752.0,390.0,1008.0,-0.2884,-0.0959,-0.1838,-0.2777,1,0,0,0,0,0,0,0,1,291.0,SAFE_STOP,连转 3 轮未见前头红外,0,0,1
20.184,560.0,751.0,392.0,1010.0,-0.2884,-0.1002,-0.1838,-0.2777,1,0,0,0,0,0,0,0,1,471.0,SAFE_STOP,连转 3 轮未见前头红外,0,0,1
20.204,560.0,753.0,391.0,1010.0,-0.2884,-0.1002,-0.1866,-0.2777,1,0,0,0,0,0,0,0,1,228.0,SAFE_STOP,连转 3 轮未见前头红外,0,0,1
20.225,560.0,753.0,391.0,1010.0,-0.2884,-0.098,-0.1866,-0.2777,1,0,0,0,0,0,0,0,1,228.0,SAFE_STOP,连转 3 轮未见前头红外,0,0,1
20.245,558.0,752.0,390.0,1008.0,-0.2884,-0.098,-0.1866,-0.2777,1,0,0,0,0,0,0,0,1,270.0,SAFE_STOP,连转 3 轮未见前头红外,0,0,1
20.265,560.0,752.0,391.0,1009.0,-0.2884,-0.1002,-0.1866,-0.2797,1,0,0,0,0,0,0,0,1,178.0,SAFE_STOP,连转 3 轮未见前头红外,0,0,1
20.285,562.0,755.0,393.0,1012.0,-0.2884,-0.1002,-0.1866,-0.2797,1,0,0,0,0,0,0,0,1,-5.0,SAFE_STOP,连转 3 轮未见前头红外,0,0,1
20.305,559.0,753.0,391.0,1008.0,-0.2884,-0.098,-0.1866,-0.2797,1,0,0,0,0,0,0,0,1,177.0,SAFE_STOP,连转 3 轮未见前头红外,0,0,1
20.325,560.0,753.0,390.0,1010.0,-0.2884,-0.098,-0.1866,-0.2777,1,0,0,0,0,0,0,0,1,292.0,SAFE_STOP,连转 3 轮未见前头红外,0,0,1
20.345,561.0,755.0,392.0,1012.0,-0.2884,-0.098,-0.1866,-0.2777,1,0,0,0,0,0,0,0,1,440.0,SAFE_STOP,连转 3 轮未见前头红外,0,0,1
20.366,560.0,753.0,392.0,1011.0,-0.2884,-0.098,-0.1838,-0.2756,1,0,0,0,0,0,0,0,1,211.0,SAFE_STOP,连转 3 轮未见前头红外,0,0,1
20.386,562.0,756.0,393.0,1014.0,-0.2857,-0.0937,-0.1838,-0.2735,1,0,0,0,0,0,0,0,1,212.0,SAFE_STOP,连转 3 轮未见前头红外,0,0,1
20.406,562.0,755.0,392.0,1012.0,-0.283,-0.0937,-0.1838,-0.2735,1,0,0,0,0,0,0,0,1,145.0,SAFE_STOP,连转 3 轮未见前头红外,0,0,1
20.426,560.0,752.0,391.0,1009.0,-0.283,-0.0937,-0.1838,-0.2735,1,0,0,0,0,0,0,0,1,166.0,SAFE_STOP,连转 3 轮未见前头红外,0,0,1
20.446,561.0,755.0,392.0,1012.0,-0.2857,-0.0937,-0.1838,-0.2735,1,0,0,0,0,0,0,0,1,178.0,SAFE_STOP,连转 3 轮未见前头红外,0,0,1
20.466,561.0,755.0,392.0,1012.0,-0.2857,-0.0937,-0.1838,-0.2735,1,0,0,0,0,0,0,0,1,225.0,SAFE_STOP,连转 3 轮未见前头红外,0,0,1
20.486,561.0,754.0,393.0,1011.0,-0.2857,-0.0937,-0.1838,-0.2735,1,0,0,0,0,0,0,0,1,210.0,SAFE_STOP,连转 3 轮未见前头红外,0,0,1
20.506,560.0,753.0,392.0,1010.0,-0.2857,-0.0959,-0.1838,-0.2756,1,0,0,0,0,0,0,0,1,159.0,SAFE_STOP,连转 3 轮未见前头红外,0,0,1
20.526,561.0,754.0,392.0,1013.0,-0.2857,-0.0959,-0.1838,-0.2756,1,0,0,0,0,0,0,0,1,10.0,SAFE_STOP,连转 3 轮未见前头红外,0,0,1
20.546,560.0,752.0,390.0,1009.0,-0.2884,-0.098,-0.1838,-0.2777,1,0,0,0,0,0,0,0,1,176.0,SAFE_STOP,连转 3 轮未见前头红外,0,0,1
20.566,561.0,755.0,392.0,1013.0,-0.2857,-0.0959,-0.1838,-0.2714,1,0,0,0,0,0,0,0,1,228.0,SAFE_STOP,连转 3 轮未见前头红外,0,0,1
20.587,560.0,754.0,392.0,1012.0,-0.2884,-0.0959,-0.1838,-0.2735,1,0,0,0,0,0,0,0,1,456.0,SAFE_STOP,连转 3 轮未见前头红外,0,0,1
20.607,561.0,754.0,392.0,1012.0,-0.2857,-0.0959,-0.1838,-0.2735,1,0,0,0,0,0,0,0,1,217.0,SAFE_STOP,连转 3 轮未见前头红外,0,0,1
20.627,561.0,754.0,391.0,1013.0,-0.2857,-0.0959,-0.1838,-0.2735,1,0,0,0,0,0,0,0,1,227.0,SAFE_STOP,连转 3 轮未见前头红外,0,0,1
20.647,562.0,755.0,392.0,1013.0,-0.2857,-0.0959,-0.1838,-0.2714,1,0,0,0,0,0,0,0,1,178.0,SAFE_STOP,连转 3 轮未见前头红外,0,0,1
20.667,560.0,754.0,391.0,1011.0,-0.2857,-0.0959,-0.1866,-0.2714,1,0,0,0,0,0,0,0,1,-4.0,SAFE_STOP,连转 3 轮未见前头红外,0,0,1
20.687,560.0,754.0,392.0,1011.0,-0.2884,-0.0959,-0.1838,-0.2756,1,0,0,0,0,0,0,0,1,179.0,SAFE_STOP,连转 3 轮未见前头红外,0,0,1
20.707,562.0,755.0,392.0,1014.0,-0.2884,-0.0959,-0.1838,-0.2756,1,0,0,0,0,0,0,0,1,357.0,SAFE_STOP,连转 3 轮未见前头红外,0,0,1
20.727,561.0,753.0,391.0,1012.0,-0.2857,-0.0959,-0.1838,-0.2735,1,0,0,0,0,0,0,0,1,554.0,SAFE_STOP,连转 3 轮未见前头红外,0,0,1
20.747,562.0,755.0,392.0,1014.0,-0.283,-0.0937,-0.1838,-0.2693,1,0,0,0,0,0,0,0,1,169.0,SAFE_STOP,连转 3 轮未见前头红外,0,0,1
20.767,561.0,753.0,392.0,1012.0,-0.2857,-0.098,-0.1838,-0.2735,1,0,0,0,0,0,0,0,1,227.0,SAFE_STOP,连转 3 轮未见前头红外,0,0,1
20.787,560.0,752.0,392.0,1009.0,-0.2857,-0.098,-0.1838,-0.2735,1,0,0,0,0,0,0,0,1,133.0,SAFE_STOP,连转 3 轮未见前头红外,0,0,1
20.808,561.0,754.0,392.0,1013.0,-0.2857,-0.098,-0.1838,-0.2735,1,0,0,0,0,0,0,0,1,113.0,SAFE_STOP,连转 3 轮未见前头红外,0,0,1
20.828,561.0,754.0,392.0,1013.0,-0.2857,-0.0959,-0.1838,-0.2714,1,0,0,0,0,0,0,0,1,211.0,SAFE_STOP,连转 3 轮未见前头红外,0,0,1
20.848,561.0,754.0,392.0,1013.0,-0.2857,-0.0959,-0.1838,-0.2714,1,0,0,0,0,0,0,0,1,211.0,SAFE_STOP,连转 3 轮未见前头红外,0,0,1
20.868,561.0,753.0,391.0,1012.0,-0.2857,-0.0959,-0.1838,-0.2714,1,0,0,0,0,0,0,0,1,151.0,SAFE_STOP,连转 3 轮未见前头红外,0,0,1
20.888,561.0,753.0,391.0,1012.0,-0.2857,-0.098,-0.1866,-0.2735,1,0,0,0,0,0,0,0,1,259.0,SAFE_STOP,连转 3 轮未见前头红外,0,0,1
20.908,561.0,754.0,392.0,1013.0,-0.2857,-0.098,-0.1866,-0.2735,1,0,0,0,0,0,0,0,1,180.0,SAFE_STOP,连转 3 轮未见前头红外,0,0,1
20.928,561.0,752.0,391.0,1012.0,-0.2857,-0.098,-0.1866,-0.2735,1,0,0,0,0,0,0,0,1,178.0,SAFE_STOP,连转 3 轮未见前头红外,0,0,1
20.949,562.0,753.0,392.0,1013.0,-0.2857,-0.098,-0.1838,-0.2714,1,0,0,0,0,0,0,0,1,212.0,SAFE_STOP,连转 3 轮未见前头红外,0,0,1
20.969,560.0,753.0,392.0,1012.0,-0.2857,-0.098,-0.1838,-0.2735,1,0,0,0,0,0,0,0,1,210.0,SAFE_STOP,连转 3 轮未见前头红外,0,0,1
20.989,560.0,751.0,390.0,1012.0,-0.2884,-0.098,-0.1838,-0.2735,1,0,0,0,0,0,0,0,1,373.0,SAFE_STOP,连转 3 轮未见前头红外,0,0,1
21.009,560.0,753.0,391.0,1013.0,-0.2884,-0.098,-0.1866,-0.2735,1,0,0,0,0,0,0,0,1,162.0,SAFE_STOP,连转 3 轮未见前头红外,0,0,1
21.029,560.0,752.0,391.0,1012.0,-0.2884,-0.1002,-0.1866,-0.2735,1,0,0,0,0,0,0,0,1,194.0,SAFE_STOP,连转 3 轮未见前头红外,0,0,1
21.049,560.0,751.0,392.0,1010.0,-0.2884,-0.1002,-0.1866,-0.2735,1,0,0,0,0,0,0,0,1,178.0,SAFE_STOP,连转 3 轮未见前头红外,0,0,1
21.069,561.0,753.0,392.0,1013.0,-0.2884,-0.1002,-0.1838,-0.2735,1,0,0,0,0,0,0,0,1,30.0,SAFE_STOP,连转 3 轮未见前头红外,0,0,1
21.089,561.0,753.0,391.0,1013.0,-0.2857,-0.098,-0.1838,-0.2714,1,0,0,0,0,0,0,0,1,210.0,SAFE_STOP,连转 3 轮未见前头红外,0,0,1
21.109,561.0,752.0,390.0,1012.0,-0.2857,-0.098,-0.1866,-0.2714,1,0,0,0,0,0,0,0,1,77.0,SAFE_STOP,连转 3 轮未见前头红外,0,0,1
21.13,561.0,752.0,391.0,1012.0,-0.2857,-0.1002,-0.1866,-0.2735,1,0,0,0,0,0,0,0,1,471.0,SAFE_STOP,连转 3 轮未见前头红外,0,0,1
21.15,560.0,751.0,391.0,1011.0,-0.2857,-0.1002,-0.1866,-0.2735,1,0,0,0,0,0,0,0,1,171.0,SAFE_STOP,连转 3 轮未见前头红外,0,0,1
21.17,562.0,752.0,391.0,1013.0,-0.2857,-0.1002,-0.1866,-0.2735,1,0,0,0,0,0,0,0,1,408.0,SAFE_STOP,连转 3 轮未见前头红外,0,0,1
21.191,562.0,752.0,391.0,1013.0,-0.283,-0.1002,-0.1866,-0.2714,1,0,0,0,0,0,0,0,1,196.0,SAFE_STOP,连转 3 轮未见前头红外,0,0,1
21.211,561.0,753.0,392.0,1013.0,-0.283,-0.1002,-0.1866,-0.2714,1,0,0,0,0,0,0,0,1,-3.0,SAFE_STOP,连转 3 轮未见前头红外,0,0,1
21.231,562.0,754.0,392.0,1014.0,-0.283,-0.098,-0.1838,-0.2714,1,0,0,0,0,0,0,0,1,162.0,SAFE_STOP,连转 3 轮未见前头红外,0,0,1
21.251,562.0,753.0,391.0,1012.0,-0.283,-0.098,-0.1838,-0.2714,1,0,0,0,0,0,0,0,1,29.0,SAFE_STOP,连转 3 轮未见前头红外,0,0,1
21.272,561.0,752.0,391.0,1012.0,-0.283,-0.098,-0.1866,-0.2735,1,0,0,0,0,0,0,0,1,455.0,SAFE_STOP,连转 3 轮未见前头红外,0,0,1
21.292,561.0,753.0,392.0,1013.0,-0.2857,-0.098,-0.1866,-0.2735,1,0,0,0,0,0,0,0,1,194.0,SAFE_STOP,连转 3 轮未见前头红外,0,0,1
21.312,561.0,753.0,392.0,1014.0,-0.2857,-0.098,-0.1838,-0.2714,1,0,0,0,0,0,0,0,1,277.0,SAFE_STOP,连转 3 轮未见前头红外,0,0,1
21.332,562.0,754.0,392.0,1014.0,-0.2857,-0.098,-0.1838,-0.2693,1,0,0,0,0,0,0,0,1,212.0,SAFE_STOP,连转 3 轮未见前头红外,0,0,1
21.352,562.0,754.0,392.0,1014.0,-0.283,-0.0959,-0.1838,-0.2693,1,0,0,0,0,0,0,0,1,212.0,SAFE_STOP,连转 3 轮未见前头红外,0,0,1
21.372,561.0,753.0,392.0,1013.0,-0.283,-0.0959,-0.1838,-0.2693,1,0,0,0,0,0,0,0,1,78.0,SAFE_STOP,连转 3 轮未见前头红外,0,0,1
21.392,562.0,753.0,392.0,1012.0,-0.283,-0.098,-0.1838,-0.2714,1,0,0,0,0,0,0,0,1,178.0,SAFE_STOP,连转 3 轮未见前头红外,0,0,1
21.412,561.0,752.0,392.0,1014.0,-0.2857,-0.098,-0.1838,-0.2714,1,0,0,0,0,0,0,0,1,179.0,SAFE_STOP,连转 3 轮未见前头红外,0,0,1
21.432,561.0,752.0,391.0,1012.0,-0.2857,-0.1002,-0.1838,-0.2735,1,0,0,0,0,0,0,0,1,245.0,SAFE_STOP,连转 3 轮未见前头红外,0,0,1
21.453,562.0,752.0,392.0,1013.0,-0.2857,-0.1002,-0.1838,-0.2714,1,0,0,0,0,0,0,0,1,211.0,SAFE_STOP,连转 3 轮未见前头红外,0,0,1
21.473,562.0,753.0,391.0,1013.0,-0.283,-0.1002,-0.1866,-0.2714,1,0,0,0,0,0,0,0,1,112.0,SAFE_STOP,连转 3 轮未见前头红外,0,0,1
21.493,562.0,752.0,392.0,1013.0,-0.283,-0.1002,-0.1838,-0.2714,1,0,0,0,0,0,0,0,1,-3.0,SAFE_STOP,连转 3 轮未见前头红外,0,0,1
21.514,562.0,753.0,391.0,1014.0,-0.283,-0.098,-0.1866,-0.2714,1,0,0,0,0,0,0,0,1,162.0,SAFE_STOP,连转 3 轮未见前头红外,0,0,1
21.534,562.0,752.0,392.0,1012.0,-0.283,-0.1002,-0.1838,-0.2714,1,0,0,0,0,0,0,0,1,376.0,SAFE_STOP,连转 3 轮未见前头红外,0,0,1
21.554,562.0,753.0,392.0,1014.0,-0.283,-0.098,-0.1838,-0.2693,1,0,0,0,0,0,0,0,1,407.0,SAFE_STOP,连转 3 轮未见前头红外,0,0,1
21.575,562.0,754.0,391.0,1014.0,-0.283,-0.098,-0.1838,-0.2693,1,0,0,0,0,0,0,0,1,212.0,SAFE_STOP,连转 3 轮未见前头红外,0,0,1
21.595,562.0,752.0,389.0,1012.0,-0.283,-0.098,-0.1866,-0.2693,1,0,0,0,0,0,0,0,1,160.0,SAFE_STOP,连转 3 轮未见前头红外,0,0,1
21.615,563.0,753.0,392.0,1014.0,-0.283,-0.098,-0.1866,-0.2693,1,0,0,0,0,0,0,0,1,132.0,SAFE_STOP,连转 3 轮未见前头红外,0,0,1
21.635,562.0,753.0,391.0,1013.0,-0.283,-0.098,-0.1866,-0.2714,1,0,0,0,0,0,0,0,1,63.0,SAFE_STOP,连转 3 轮未见前头红外,0,0,1
21.655,561.0,752.0,390.0,1012.0,-0.283,-0.098,-0.1866,-0.2714,1,0,0,0,0,0,0,0,1,228.0,SAFE_STOP,连转 3 轮未见前头红外,0,0,1
21.675,562.0,754.0,392.0,1014.0,-0.283,-0.098,-0.1866,-0.2714,1,0,0,0,0,0,0,0,1,486.0,SAFE_STOP,连转 3 轮未见前头红外,0,0,1
21.695,562.0,753.0,392.0,1014.0,-0.283,-0.098,-0.1838,-0.2693,1,0,0,0,0,0,0,0,1,390.0,SAFE_STOP,连转 3 轮未见前头红外,0,0,1
21.715,561.0,752.0,392.0,1013.0,-0.283,-0.098,-0.1838,-0.2693,1,0,0,0,0,0,0,0,1,113.0,SAFE_STOP,连转 3 轮未见前头红外,0,0,1
21.736,562.0,754.0,392.0,1014.0,-0.283,-0.098,-0.1838,-0.2693,1,0,0,0,0,0,0,0,1,182.0,SAFE_STOP,连转 3 轮未见前头红外,0,0,1
21.756,562.0,752.0,391.0,1013.0,-0.283,-0.1002,-0.1838,-0.2714,1,0,0,0,0,0,0,0,1,101.0,SAFE_STOP,连转 3 轮未见前头红外,0,0,1
21.776,562.0,752.0,391.0,1013.0,-0.283,-0.1002,-0.1866,-0.2714,1,0,0,0,0,0,0,0,1,101.0,SAFE_STOP,连转 3 轮未见前头红外,0,0,1
21.796,561.0,753.0,391.0,1013.0,-0.283,-0.1002,-0.1866,-0.2714,1,0,0,0,0,0,0,0,1,29.0,SAFE_STOP,连转 3 轮未见前头红外,0,0,1
21.816,560.0,751.0,392.0,1014.0,-0.2857,-0.1002,-0.1866,-0.2714,1,0,0,0,0,0,0,0,1,218.0,SAFE_STOP,连转 3 轮未见前头红外,0,0,1
21.836,561.0,752.0,392.0,1013.0,-0.2857,-0.1002,-0.1838,-0.2714,1,0,0,0,0,0,0,0,1,182.0,SAFE_STOP,连转 3 轮未见前头红外,0,0,1
21.856,562.0,752.0,391.0,1013.0,-0.2857,-0.1002,-0.1838,-0.2714,1,0,0,0,0,0,0,0,1,260.0,SAFE_STOP,连转 3 轮未见前头红外,0,0,1
21.876,562.0,753.0,392.0,1014.0,-0.283,-0.1002,-0.1838,-0.2714,1,0,0,0,0,0,0,0,1,178.0,SAFE_STOP,连转 3 轮未见前头红外,0,0,1
21.896,562.0,753.0,391.0,1013.0,-0.283,-0.098,-0.1866,-0.2714,1,0,0,0,0,0,0,0,1,177.0,SAFE_STOP,连转 3 轮未见前头红外,0,0,1
21.917,561.0,752.0,391.0,1012.0,-0.283,-0.098,-0.1866,-0.2714,1,0,0,0,0,0,0,0,1,279.0,SAFE_STOP,连转 3 轮未见前头红外,0,0,1
21.937,561.0,752.0,391.0,1013.0,-0.2857,-0.1002,-0.1866,-0.2714,1,0,0,0,0,0,0,0,1,211.0,SAFE_STOP,连转 3 轮未见前头红外,0,0,1
21.957,562.0,753.0,392.0,1014.0,-0.2857,-0.1002,-0.1866,-0.2714,1,0,0,0,0,0,0,0,1,266.0,SAFE_STOP,连转 3 轮未见前头红外,0,0,1
21.977,561.0,751.0,391.0,1013.0,-0.2857,-0.1002,-0.1866,-0.2714,1,0,0,0,0,0,0,0,1,177.0,SAFE_STOP,连转 3 轮未见前头红外,0,0,1
21.997,562.0,753.0,391.0,1013.0,-0.283,-0.098,-0.1866,-0.2714,1,0,0,0,0,0,0,0,1,129.0,SAFE_STOP,连转 3 轮未见前头红外,0,0,1
22.017,563.0,753.0,392.0,1014.0,-0.283,-0.098,-0.1866,-0.2714,1,0,0,0,0,0,0,0,1,244.0,SAFE_STOP,连转 3 轮未见前头红外,0,0,1
22.037,561.0,752.0,391.0,1013.0,-0.283,-0.098,-0.1866,-0.2714,1,0,0,0,0,0,0,0,1,6.0,SAFE_STOP,连转 3 轮未见前头红外,0,0,1
22.057,562.0,753.0,392.0,1014.0,-0.283,-0.098,-0.1838,-0.2693,1,0,0,0,0,0,0,0,1,440.0,SAFE_STOP,连转 3 轮未见前头红外,0,0,1
22.077,562.0,753.0,392.0,1013.0,-0.283,-0.098,-0.1838,-0.2714,1,0,0,0,0,0,0,0,1,179.0,SAFE_STOP,连转 3 轮未见前头红外,0,0,1
22.098,561.0,752.0,390.0,1012.0,-0.283,-0.098,-0.1838,-0.2714,1,0,0,0,0,0,0,0,1,403.0,SAFE_STOP,连转 3 轮未见前头红外,0,0,1
22.118,562.0,753.0,391.0,1014.0,-0.283,-0.098,-0.1866,-0.2714,1,0,0,0,0,0,0,0,1,145.0,SAFE_STOP,连转 3 轮未见前头红外,0,0,1
22.138,563.0,753.0,391.0,1014.0,-0.283,-0.098,-0.1866,-0.2693,1,0,0,0,0,0,0,0,1,5.0,SAFE_STOP,连转 3 轮未见前头红外,0,0,1
22.158,561.0,752.0,391.0,1013.0,-0.283,-0.098,-0.1866,-0.2693,1,0,0,0,0,0,0,0,1,211.0,SAFE_STOP,连转 3 轮未见前头红外,0,0,1
22.178,561.0,752.0,391.0,1013.0,-0.2857,-0.1002,-0.1866,-0.2714,1,0,0,0,0,0,0,0,1,211.0,SAFE_STOP,连转 3 轮未见前头红外,0,0,1
22.198,562.0,752.0,391.0,1013.0,-0.2857,-0.1002,-0.1866,-0.2714,1,0,0,0,0,0,0,0,1,-6.0,SAFE_STOP,连转 3 轮未见前头红外,0,0,1
22.218,563.0,753.0,392.0,1014.0,-0.283,-0.1002,-0.1866,-0.2714,1,0,0,0,0,0,0,0,1,488.0,SAFE_STOP,连转 3 轮未见前头红外,0,0,1
22.239,560.0,751.0,389.0,1011.0,-0.283,-0.1002,-0.1866,-0.2714,1,0,0,0,0,0,0,0,1,163.0,SAFE_STOP,连转 3 轮未见前头红外,0,0,1
22.259,561.0,751.0,391.0,1012.0,-0.2857,-0.1024,-0.1866,-0.2735,1,0,0,0,0,0,0,0,1,261.0,SAFE_STOP,连转 3 轮未见前头红外,0,0,1
22.279,561.0,752.0,391.0,1012.0,-0.2857,-0.1024,-0.1866,-0.2735,1,0,0,0,0,0,0,0,1,211.0,SAFE_STOP,连转 3 轮未见前头红外,0,0,1
22.299,561.0,751.0,390.0,1011.0,-0.2857,-0.1024,-0.1866,-0.2735,1,0,0,0,0,0,0,0,1,195.0,SAFE_STOP,连转 3 轮未见前头红外,0,0,1
22.319,561.0,752.0,391.0,1013.0,-0.2857,-0.1002,-0.1866,-0.2735,1,0,0,0,0,0,0,0,1,145.0,SAFE_STOP,连转 3 轮未见前头红外,0,0,1
22.339,562.0,753.0,391.0,1014.0,-0.2857,-0.1002,-0.1866,-0.2714,1,0,0,0,0,0,0,0,1,26.0,SAFE_STOP,连转 3 轮未见前头红外,0,0,1
22.359,560.0,751.0,390.0,1010.0,-0.2857,-0.1002,-0.1866,-0.2714,1,0,0,0,0,0,0,0,1,178.0,SAFE_STOP,连转 3 轮未见前头红外,0,0,1
22.379,562.0,754.0,392.0,1014.0,-0.283,-0.098,-0.1866,-0.2693,1,0,0,0,0,0,0,0,1,227.0,SAFE_STOP,连转 3 轮未见前头红外,0,0,1
22.4,562.0,752.0,391.0,1013.0,-0.283,-0.1002,-0.1866,-0.2714,1,0,0,0,0,0,0,0,1,178.0,SAFE_STOP,连转 3 轮未见前头红外,0,0,1
22.42,561.0,752.0,391.0,1013.0,-0.283,-0.1002,-0.1866,-0.2714,1,0,0,0,0,0,0,0,1,20.0,SAFE_STOP,连转 3 轮未见前头红外,0,0,1
22.44,562.0,752.0,391.0,1015.0,-0.283,-0.1002,-0.1866,-0.2714,1,0,0,0,0,0,0,0,1,179.0,SAFE_STOP,连转 3 轮未见前头红外,0,0,1
22.46,561.0,752.0,391.0,1012.0,-0.2857,-0.1002,-0.1866,-0.2714,1,0,0,0,0,0,0,0,1,413.0,SAFE_STOP,连转 3 轮未见前头红外,0,0,1
22.48,562.0,752.0,391.0,1013.0,-0.283,-0.1002,-0.1866,-0.2714,1,0,0,0,0,0,0,0,1,178.0,SAFE_STOP,连转 3 轮未见前头红外,0,0,1
22.5,561.0,752.0,392.0,1014.0,-0.2857,-0.1002,-0.1866,-0.2714,1,0,0,0,0,0,0,0,1,229.0,SAFE_STOP,连转 3 轮未见前头红外,0,0,1
22.52,562.0,752.0,391.0,1013.0,-0.283,-0.1002,-0.1866,-0.2714,1,0,0,0,0,0,0,0,1,203.0,SAFE_STOP,连转 3 轮未见前头红外,0,0,1
22.54,562.0,753.0,391.0,1012.0,-0.283,-0.1002,-0.1866,-0.2714,1,0,0,0,0,0,0,0,1,3.0,SAFE_STOP,连转 3 轮未见前头红外,0,0,1
22.56,563.0,754.0,391.0,1013.0,-0.283,-0.098,-0.1866,-0.2714,1,0,0,0,0,0,0,0,1,20.0,SAFE_STOP,连转 3 轮未见前头红外,0,0,1
22.581,563.0,754.0,391.0,1013.0,-0.2803,-0.0959,-0.1866,-0.2714,1,0,0,0,0,0,0,0,1,20.0,SAFE_STOP,连转 3 轮未见前头红外,0,0,1
22.601,563.0,753.0,392.0,1013.0,-0.2803,-0.0959,-0.1866,-0.2714,1,0,0,0,0,0,0,0,1,179.0,SAFE_STOP,连转 3 轮未见前头红外,0,0,1
22.621,562.0,751.0,390.0,1011.0,-0.2803,-0.098,-0.1866,-0.2714,1,0,0,0,0,0,0,0,1,405.0,SAFE_STOP,连转 3 轮未见前头红外,0,0,1
22.641,562.0,754.0,391.0,1013.0,-0.283,-0.098,-0.1866,-0.2714,1,0,0,0,0,0,0,0,1,210.0,SAFE_STOP,连转 3 轮未见前头红外,0,0,1
22.661,562.0,752.0,391.0,1012.0,-0.283,-0.1002,-0.1866,-0.2735,1,0,0,0,0,0,0,0,1,211.0,SAFE_STOP,连转 3 轮未见前头红外,0,0,1
22.681,561.0,751.0,391.0,1012.0,-0.283,-0.1002,-0.1866,-0.2735,1,0,0,0,0,0,0,0,1,145.0,SAFE_STOP,连转 3 轮未见前头红外,0,0,1
22.701,562.0,753.0,391.0,1013.0,-0.283,-0.1002,-0.1866,-0.2735,1,0,0,0,0,0,0,0,1,-6.0,SAFE_STOP,连转 3 轮未见前头红外,0,0,1
22.721,562.0,752.0,392.0,1012.0,-0.283,-0.1002,-0.1866,-0.2735,1,0,0,0,0,0,0,0,1,-5.0,SAFE_STOP,连转 3 轮未见前头红外,0,0,1
22.742,561.0,752.0,391.0,1012.0,-0.283,-0.1002,-0.1866,-0.2735,1,0,0,0,0,0,0,0,1,229.0,SAFE_STOP,连转 3 轮未见前头红外,0,0,1
22.762,561.0,753.0,392.0,1013.0,-0.2857,-0.1002,-0.1838,-0.2735,1,0,0,0,0,0,0,0,1,372.0,SAFE_STOP,连转 3 轮未见前头红外,0,0,1
22.782,562.0,752.0,391.0,1012.0,-0.2857,-0.1002,-0.1866,-0.2735,1,0,0,0,0,0,0,0,1,211.0,SAFE_STOP,连转 3 轮未见前头红外,0,0,1
22.802,561.0,751.0,390.0,1012.0,-0.2857,-0.1002,-0.1866,-0.2735,1,0,0,0,0,0,0,0,1,173.0,SAFE_STOP,连转 3 轮未见前头红外,0,0,1
22.822,562.0,752.0,392.0,1013.0,-0.283,-0.1002,-0.1866,-0.2735,1,0,0,0,0,0,0,0,1,178.0,SAFE_STOP,连转 3 轮未见前头红外,0,0,1
22.842,562.0,753.0,391.0,1013.0,-0.283,-0.1002,-0.1866,-0.2714,1,0,0,0,0,0,0,0,1,182.0,SAFE_STOP,连转 3 轮未见前头红外,0,0,1
22.862,561.0,751.0,390.0,1011.0,-0.283,-0.1002,-0.1866,-0.2714,1,0,0,0,0,0,0,0,1,211.0,SAFE_STOP,连转 3 轮未见前头红外,0,0,1
22.883,562.0,752.0,391.0,1012.0,-0.283,-0.1002,-0.1866,-0.2735,1,0,0,0,0,0,0,0,1,244.0,SAFE_STOP,连转 3 轮未见前头红外,0,0,1
22.903,562.0,753.0,391.0,1013.0,-0.283,-0.1002,-0.1866,-0.2735,1,0,0,0,0,0,0,0,1,161.0,SAFE_STOP,连转 3 轮未见前头红外,0,0,1
22.923,563.0,753.0,391.0,1014.0,-0.283,-0.098,-0.1866,-0.2714,1,0,0,0,0,0,0,0,1,179.0,SAFE_STOP,连转 3 轮未见前头红外,0,0,1
22.943,561.0,752.0,391.0,1013.0,-0.283,-0.098,-0.1866,-0.2714,1,0,0,0,0,0,0,0,1,179.0,SAFE_STOP,连转 3 轮未见前头红外,0,0,1
22.963,562.0,752.0,391.0,1014.0,-0.283,-0.1002,-0.1866,-0.2693,1,0,0,0,0,0,0,0,1,19.0,SAFE_STOP,连转 3 轮未见前头红外,0,0,1
22.983,562.0,752.0,391.0,1014.0,-0.283,-0.1002,-0.1866,-0.2693,1,0,0,0,0,0,0,0,1,19.0,SAFE_STOP,连转 3 轮未见前头红外,0,0,1
23.003,561.0,752.0,391.0,1013.0,-0.283,-0.1002,-0.1866,-0.2693,1,0,0,0,0,0,0,0,1,194.0,SAFE_STOP,连转 3 轮未见前头红外,0,0,1
23.023,562.0,752.0,391.0,1013.0,-0.283,-0.1002,-0.1866,-0.2714,1,0,0,0,0,0,0,0,1,179.0,SAFE_STOP,连转 3 轮未见前头红外,0,0,1
23.043,562.0,752.0,391.0,1012.0,-0.283,-0.1002,-0.1866,-0.2714,1,0,0,0,0,0,0,0,1,381.0,SAFE_STOP,连转 3 轮未见前头红外,0,0,1
23.064,561.0,752.0,391.0,1012.0,-0.283,-0.1002,-0.1866,-0.2735,1,0,0,0,0,0,0,0,1,115.0,SAFE_STOP,连转 3 轮未见前头红外,0,0,1
23.084,562.0,753.0,391.0,1013.0,-0.283,-0.1002,-0.1866,-0.2735,1,0,0,0,0,0,0,0,1,4.0,SAFE_STOP,连转 3 轮未见前头红外,0,0,1
23.104,562.0,752.0,392.0,1013.0,-0.283,-0.1002,-0.1866,-0.2714,1,0,0,0,0,0,0,0,1,212.0,SAFE_STOP,连转 3 轮未见前头红外,0,0,1
23.124,561.0,752.0,390.0,1011.0,-0.283,-0.1002,-0.1866,-0.2714,1,0,0,0,0,0,0,0,1,11.0,SAFE_STOP,连转 3 轮未见前头红外,0,0,1
23.144,562.0,752.0,391.0,1013.0,-0.283,-0.1002,-0.1866,-0.2714,1,0,0,0,0,0,0,0,1,358.0,SAFE_STOP,连转 3 轮未见前头红外,0,0,1
23.164,562.0,752.0,392.0,1014.0,-0.283,-0.1002,-0.1866,-0.2714,1,0,0,0,0,0,0,0,1,178.0,SAFE_STOP,连转 3 轮未见前头红外,0,0,1
23.184,561.0,751.0,390.0,1011.0,-0.283,-0.1002,-0.1866,-0.2714,1,0,0,0,0,0,0,0,1,421.0,SAFE_STOP,连转 3 轮未见前头红外,0,0,1
23.205,561.0,753.0,391.0,1013.0,-0.2857,-0.1002,-0.1866,-0.2714,1,0,0,0,0,0,0,0,1,178.0,SAFE_STOP,连转 3 轮未见前头红外,0,0,1
23.225,562.0,753.0,392.0,1013.0,-0.2857,-0.098,-0.1866,-0.2714,1,0,0,0,0,0,0,0,1,178.0,SAFE_STOP,连转 3 轮未见前头红外,0,0,1
23.245,561.0,753.0,391.0,1013.0,-0.2857,-0.098,-0.1866,-0.2714,1,0,0,0,0,0,0,0,1,211.0,SAFE_STOP,连转 3 轮未见前头红外,0,0,1
23.266,561.0,752.0,392.0,1013.0,-0.2857,-0.098,-0.1838,-0.2714,1,0,0,0,0,0,0,0,1,26.0,SAFE_STOP,连转 3 轮未见前头红外,0,0,1
23.286,563.0,753.0,392.0,1014.0,-0.2857,-0.098,-0.1838,-0.2714,1,0,0,0,0,0,0,0,1,228.0,SAFE_STOP,连转 3 轮未见前头红外,0,0,1
23.306,561.0,752.0,390.0,1011.0,-0.2857,-0.1002,-0.1838,-0.2714,1,0,0,0,0,0,0,0,1,178.0,SAFE_STOP,连转 3 轮未见前头红外,0,0,1
23.326,563.0,754.0,392.0,1014.0,-0.2803,-0.098,-0.1838,-0.2693,1,0,0,0,0,0,0,0,1,232.0,SAFE_STOP,连转 3 轮未见前头红外,0,0,1
23.346,562.0,753.0,391.0,1013.0,-0.283,-0.098,-0.1866,-0.2714,1,0,0,0,0,0,0,0,1,211.0,SAFE_STOP,连转 3 轮未见前头红外,0,0,1
23.366,562.0,753.0,391.0,1013.0,-0.283,-0.098,-0.1866,-0.2714,1,0,0,0,0,0,0,0,1,211.0,SAFE_STOP,连转 3 轮未见前头红外,0,0,1
23.387,562.0,753.0,390.0,1013.0,-0.283,-0.098,-0.1866,-0.2714,1,0,0,0,0,0,0,0,1,161.0,SAFE_STOP,连转 3 轮未见前头红外,0,0,1
23.407,562.0,753.0,392.0,1012.0,-0.283,-0.098,-0.1866,-0.2714,1,0,0,0,0,0,0,0,1,309.0,SAFE_STOP,连转 3 轮未见前头红外,0,0,1
23.427,563.0,753.0,392.0,1014.0,-0.283,-0.098,-0.1838,-0.2714,1,0,0,0,0,0,0,0,1,179.0,SAFE_STOP,连转 3 轮未见前头红外,0,0,1
23.447,562.0,752.0,391.0,1012.0,-0.283,-0.098,-0.1838,-0.2735,1,0,0,0,0,0,0,0,1,193.0,SAFE_STOP,连转 3 轮未见前头红外,0,0,1
23.467,562.0,753.0,391.0,1013.0,-0.283,-0.098,-0.1866,-0.2714,1,0,0,0,0,0,0,0,1,211.0,SAFE_STOP,连转 3 轮未见前头红外,0,0,1
23.487,563.0,753.0,391.0,1013.0,-0.283,-0.098,-0.1866,-0.2714,1,0,0,0,0,0,0,0,1,22.0,SAFE_STOP,连转 3 轮未见前头红外,0,0,1
23.507,562.0,752.0,391.0,1012.0,-0.283,-0.098,-0.1866,-0.2714,1,0,0,0,0,0,0,0,1,19.0,SAFE_STOP,连转 3 轮未见前头红外,0,0,1
23.527,562.0,753.0,392.0,1014.0,-0.283,-0.098,-0.1866,-0.2714,1,0,0,0,0,0,0,0,1,179.0,SAFE_STOP,连转 3 轮未见前头红外,0,0,1
23.548,562.0,752.0,391.0,1014.0,-0.283,-0.1002,-0.1866,-0.2693,1,0,0,0,0,0,0,0,1,424.0,SAFE_STOP,连转 3 轮未见前头红外,0,0,1
23.568,560.0,752.0,390.0,1010.0,-0.283,-0.1002,-0.1866,-0.2693,1,0,0,0,0,0,0,0,1,178.0,SAFE_STOP,连转 3 轮未见前头红外,0,0,1
23.588,562.0,753.0,392.0,1014.0,-0.283,-0.1002,-0.1866,-0.2693,1,0,0,0,0,0,0,0,1,179.0,SAFE_STOP,连转 3 轮未见前头红外,0,0,1
23.608,563.0,753.0,392.0,1014.0,-0.283,-0.098,-0.1838,-0.2693,1,0,0,0,0,0,0,0,1,210.0,SAFE_STOP,连转 3 轮未见前头红外,0,0,1
23.628,562.0,752.0,391.0,1013.0,-0.283,-0.098,-0.1838,-0.2693,1,0,0,0,0,0,0,0,1,-6.0,SAFE_STOP,连转 3 轮未见前头红外,0,0,1
23.648,563.0,753.0,392.0,1014.0,-0.2803,-0.098,-0.1838,-0.2693,1,0,0,0,0,0,0,0,1,11.0,SAFE_STOP,连转 3 轮未见前头红外,0,0,1
23.668,562.0,753.0,392.0,1015.0,-0.283,-0.098,-0.1838,-0.2693,1,0,0,0,0,0,0,0,1,179.0,SAFE_STOP,连转 3 轮未见前头红外,0,0,1
23.688,561.0,750.0,390.0,1011.0,-0.283,-0.098,-0.1838,-0.2693,1,0,0,0,0,0,0,0,1,521.0,SAFE_STOP,连转 3 轮未见前头红外,0,0,1
23.708,562.0,753.0,392.0,1013.0,-0.283,-0.098,-0.1838,-0.2714,1,0,0,0,0,0,0,0,1,248.0,SAFE_STOP,连转 3 轮未见前头红外,0,0,1
23.729,562.0,753.0,392.0,1013.0,-0.283,-0.098,-0.1838,-0.2714,1,0,0,0,0,0,0,0,1,248.0,SAFE_STOP,连转 3 轮未见前头红外,0,0,1
23.749,562.0,753.0,392.0,1014.0,-0.283,-0.098,-0.1838,-0.2714,1,0,0,0,0,0,0,0,1,162.0,SAFE_STOP,连转 3 轮未见前头红外,0,0,1
23.769,562.0,752.0,391.0,1013.0,-0.283,-0.098,-0.1838,-0.2714,1,0,0,0,0,0,0,0,1,178.0,SAFE_STOP,连转 3 轮未见前头红外,0,0,1
23.789,562.0,752.0,391.0,1013.0,-0.283,-0.1002,-0.1866,-0.2714,1,0,0,0,0,0,0,0,1,145.0,SAFE_STOP,连转 3 轮未见前头红外,0,0,1
23.809,562.0,752.0,391.0,1013.0,-0.283,-0.1002,-0.1866,-0.2714,1,0,0,0,0,0,0,0,1,212.0,SAFE_STOP,连转 3 轮未见前头红外,0,0,1
23.829,562.0,751.0,391.0,1012.0,-0.283,-0.1002,-0.1866,-0.2714,1,0,0,0,0,0,0,0,1,210.0,SAFE_STOP,连转 3 轮未见前头红外,0,0,1
23.849,562.0,753.0,392.0,1014.0,-0.283,-0.1002,-0.1866,-0.2714,1,0,0,0,0,0,0,0,1,196.0,SAFE_STOP,连转 3 轮未见前头红外,0,0,1
23.869,561.0,752.0,390.0,1011.0,-0.283,-0.1002,-0.1866,-0.2735,1,0,0,0,0,0,0,0,1,90.0,SAFE_STOP,连转 3 轮未见前头红外,0,0,1
23.89,562.0,753.0,390.0,1013.0,-0.283,-0.098,-0.1894,-0.2714,1,0,0,0,0,0,0,0,1,178.0,SAFE_STOP,连转 3 轮未见前头红外,0,0,1
23.91,562.0,753.0,392.0,1014.0,-0.283,-0.098,-0.1894,-0.2714,1,0,0,0,0,0,0,0,1,62.0,SAFE_STOP,连转 3 轮未见前头红外,0,0,1
23.93,563.0,753.0,391.0,1013.0,-0.283,-0.098,-0.1866,-0.2714,1,0,0,0,0,0,0,0,1,179.0,SAFE_STOP,连转 3 轮未见前头红外,0,0,1
23.95,561.0,752.0,390.0,1012.0,-0.283,-0.098,-0.1866,-0.2714,1,0,0,0,0,0,0,0,1,211.0,SAFE_STOP,连转 3 轮未见前头红外,0,0,1
23.97,562.0,753.0,391.0,1014.0,-0.283,-0.098,-0.1866,-0.2714,1,0,0,0,0,0,0,0,1,260.0,SAFE_STOP,连转 3 轮未见前头红外,0,0,1
23.99,562.0,753.0,392.0,1013.0,-0.283,-0.098,-0.1866,-0.2714,1,0,0,0,0,0,0,0,1,116.0,SAFE_STOP,连转 3 轮未见前头红外,0,0,1
24.01,562.0,752.0,392.0,1013.0,-0.283,-0.098,-0.1838,-0.2714,1,0,0,0,0,0,0,0,1,-6.0,SAFE_STOP,连转 3 轮未见前头红外,0,0,1
24.031,562.0,753.0,392.0,1015.0,-0.283,-0.098,-0.1838,-0.2714,1,0,0,0,0,0,0,0,1,179.0,SAFE_STOP,连转 3 轮未见前头红外,0,0,1
24.051,562.0,752.0,391.0,1011.0,-0.283,-0.1002,-0.1838,-0.2714,1,0,0,0,0,0,0,0,1,351.0,SAFE_STOP,连转 3 轮未见前头红外,0,0,1
24.071,562.0,752.0,390.0,1011.0,-0.283,-0.1002,-0.1866,-0.2756,1,0,0,0,0,0,0,0,1,198.0,SAFE_STOP,连转 3 轮未见前头红外,0,0,1
24.091,563.0,753.0,392.0,1013.0,-0.283,-0.1002,-0.1866,-0.2756,1,0,0,0,0,0,0,0,1,161.0,SAFE_STOP,连转 3 轮未见前头红外,0,0,1
24.111,562.0,753.0,391.0,1013.0,-0.283,-0.098,-0.1866,-0.2714,1,0,0,0,0,0,0,0,1,276.0,SAFE_STOP,连转 3 轮未见前头红外,0,0,1
24.131,562.0,753.0,391.0,1013.0,-0.283,-0.098,-0.1866,-0.2714,1,0,0,0,0,0,0,0,1,276.0,SAFE_STOP,连转 3 轮未见前头红外,0,0,1
24.151,562.0,753.0,391.0,1013.0,-0.283,-0.098,-0.1866,-0.2714,1,0,0,0,0,0,0,0,1,129.0,SAFE_STOP,连转 3 轮未见前头红外,0,0,1
24.171,562.0,753.0,391.0,1013.0,-0.283,-0.098,-0.1866,-0.2714,1,0,0,0,0,0,0,0,1,129.0,SAFE_STOP,连转 3 轮未见前头红外,0,0,1
24.191,562.0,753.0,391.0,1013.0,-0.283,-0.098,-0.1866,-0.2714,1,0,0,0,0,0,0,0,1,211.0,SAFE_STOP,连转 3 轮未见前头红外,0,0,1
24.212,562.0,752.0,391.0,1012.0,-0.283,-0.098,-0.1866,-0.2714,1,0,0,0,0,0,0,0,1,96.0,SAFE_STOP,连转 3 轮未见前头红外,0,0,1
24.232,562.0,753.0,391.0,1013.0,-0.283,-0.098,-0.1866,-0.2714,1,0,0,0,0,0,0,0,1,161.0,SAFE_STOP,连转 3 轮未见前头红外,0,0,1
24.252,563.0,753.0,391.0,1013.0,-0.283,-0.098,-0.1866,-0.2714,1,0,0,0,0,0,0,0,1,178.0,SAFE_STOP,连转 3 轮未见前头红外,0,0,1
24.272,561.0,753.0,390.0,1011.0,-0.283,-0.098,-0.1866,-0.2714,1,0,0,0,0,0,0,0,1,210.0,SAFE_STOP,连转 3 轮未见前头红外,0,0,1
24.292,562.0,753.0,391.0,1014.0,-0.283,-0.098,-0.1866,-0.2714,1,0,0,0,0,0,0,0,1,212.0,SAFE_STOP,连转 3 轮未见前头红外,0,0,1
24.312,562.0,753.0,392.0,1013.0,-0.283,-0.098,-0.1866,-0.2714,1,0,0,0,0,0,0,0,1,212.0,SAFE_STOP,连转 3 轮未见前头红外,0,0,1
24.332,562.0,752.0,390.0,1011.0,-0.283,-0.098,-0.1866,-0.2714,1,0,0,0,0,0,0,0,1,292.0,SAFE_STOP,连转 3 轮未见前头红外,0,0,1
24.352,563.0,752.0,392.0,1014.0,-0.283,-0.1002,-0.1838,-0.2714,1,0,0,0,0,0,0,0,1,145.0,SAFE_STOP,连转 3 轮未见前头红外,0,0,1
24.373,562.0,753.0,392.0,1013.0,-0.283,-0.1002,-0.1838,-0.2714,1,0,0,0,0,0,0,0,1,179.0,SAFE_STOP,连转 3 轮未见前头红外,0,0,1
24.393,560.0,752.0,391.0,1011.0,-0.283,-0.1002,-0.1838,-0.2714,1,0,0,0,0,0,0,0,1,176.0,SAFE_STOP,连转 3 轮未见前头红外,0,0,1
24.413,562.0,753.0,392.0,1014.0,-0.283,-0.098,-0.1838,-0.2714,1,0,0,0,0,0,0,0,1,113.0,SAFE_STOP,连转 3 轮未见前头红外,0,0,1
24.433,563.0,753.0,392.0,1013.0,-0.283,-0.098,-0.1838,-0.2714,1,0,0,0,0,0,0,0,1,211.0,SAFE_STOP,连转 3 轮未见前头红外,0,0,1
24.453,563.0,754.0,391.0,1013.0,-0.2803,-0.098,-0.1838,-0.2714,1,0,0,0,0,0,0,0,1,147.0,SAFE_STOP,连转 3 轮未见前头红外,0,0,1
24.473,561.0,753.0,392.0,1012.0,-0.2803,-0.098,-0.1838,-0.2714,1,0,0,0,0,0,0,0,1,487.0,SAFE_STOP,连转 3 轮未见前头红外,0,0,1
24.493,561.0,752.0,390.0,1011.0,-0.2857,-0.098,-0.1866,-0.2735,1,0,0,0,0,0,0,0,1,178.0,SAFE_STOP,连转 3 轮未见前头红外,0,0,1
24.513,563.0,753.0,392.0,1013.0,-0.2857,-0.098,-0.1838,-0.2735,1,0,0,0,0,0,0,0,1,229.0,SAFE_STOP,连转 3 轮未见前头红外,0,0,1
24.533,563.0,753.0,392.0,1013.0,-0.2803,-0.098,-0.1838,-0.2714,1,0,0,0,0,0,0,0,1,229.0,SAFE_STOP,连转 3 轮未见前头红外,0,0,1
24.554,563.0,754.0,392.0,1013.0,-0.2803,-0.098,-0.1838,-0.2714,1,0,0,0,0,0,0,0,1,261.0,SAFE_STOP,连转 3 轮未见前头红外,0,0,1
24.574,562.0,752.0,390.0,1010.0,-0.2803,-0.098,-0.1838,-0.2714,1,0,0,0,0,0,0,0,1,-4.0,SAFE_STOP,连转 3 轮未见前头红外,0,0,1
24.594,561.0,751.0,391.0,1010.0,-0.283,-0.1002,-0.1866,-0.2777,1,0,0,0,0,0,0,0,1,154.0,SAFE_STOP,连转 3 轮未见前头红外,0,0,1
24.614,562.0,753.0,392.0,1013.0,-0.283,-0.1002,-0.1866,-0.2777,1,0,0,0,0,0,0,0,1,178.0,SAFE_STOP,连转 3 轮未见前头红外,0,0,1
24.634,562.0,752.0,392.0,1011.0,-0.283,-0.1002,-0.1838,-0.2756,1,0,0,0,0,0,0,0,1,430.0,SAFE_STOP,连转 3 轮未见前头红外,0,0,1
24.655,562.0,753.0,391.0,1011.0,-0.283,-0.098,-0.1838,-0.2756,1,0,0,0,0,0,0,0,1,194.0,SAFE_STOP,连转 3 轮未见前头红外,0,0,1
24.675,563.0,753.0,392.0,1013.0,-0.283,-0.098,-0.1838,-0.2756,1,0,0,0,0,0,0,0,1,212.0,SAFE_STOP,连转 3 轮未见前头红外,0,0,1
24.695,562.0,753.0,392.0,1013.0,-0.283,-0.098,-0.1838,-0.2714,1,0,0,0,0,0,0,0,1,195.0,SAFE_STOP,连转 3 轮未见前头红外,0,0,1
24.715,561.0,752.0,391.0,1011.0,-0.283,-0.098,-0.1838,-0.2714,1,0,0,0,0,0,0,0,1,45.0,SAFE_STOP,连转 3 轮未见前头红外,0,0,1
24.735,562.0,753.0,391.0,1011.0,-0.283,-0.098,-0.1866,-0.2756,1,0,0,0,0,0,0,0,1,112.0,SAFE_STOP,连转 3 轮未见前头红外,0,0,1
24.755,562.0,752.0,391.0,1012.0,-0.283,-0.1002,-0.1866,-0.2756,1,0,0,0,0,0,0,0,1,179.0,SAFE_STOP,连转 3 轮未见前头红外,0,0,1
24.775,561.0,750.0,390.0,1010.0,-0.283,-0.1002,-0.1866,-0.2756,1,0,0,0,0,0,0,0,1,228.0,SAFE_STOP,连转 3 轮未见前头红外,0,0,1
24.795,562.0,752.0,391.0,1011.0,-0.283,-0.1002,-0.1866,-0.2756,1,0,0,0,0,0,0,0,1,211.0,SAFE_STOP,连转 3 轮未见前头红外,0,0,1
24.816,561.0,752.0,390.0,1010.0,-0.2857,-0.1002,-0.1894,-0.2777,1,0,0,0,0,0,0,0,1,145.0,SAFE_STOP,连转 3 轮未见前头红外,0,0,1
24.836,560.0,752.0,390.0,1009.0,-0.2857,-0.1002,-0.1894,-0.2777,1,0,0,0,0,0,0,0,1,27.0,SAFE_STOP,连转 3 轮未见前头红外,0,0,1
24.856,561.0,750.0,390.0,1009.0,-0.2857,-0.1002,-0.1894,-0.2797,1,0,0,0,0,0,0,0,1,177.0,SAFE_STOP,连转 3 轮未见前头红外,0,0,1
24.876,560.0,751.0,389.0,1009.0,-0.2884,-0.1024,-0.1894,-0.2797,1,0,0,0,0,0,0,0,1,210.0,SAFE_STOP,连转 3 轮未见前头红外,0,0,1
24.896,560.0,750.0,390.0,1009.0,-0.2884,-0.1046,-0.1894,-0.2797,1,0,0,0,0,0,0,0,1,438.0,SAFE_STOP,连转 3 轮未见前头红外,0,0,1
24.916,560.0,750.0,389.0,1009.0,-0.2884,-0.1046,-0.1922,-0.2797,1,0,0,0,0,0,0,0,1,216.0,SAFE_STOP,连转 3 轮未见前头红外,0,0,1
24.936,561.0,751.0,390.0,1009.0,-0.2884,-0.1046,-0.1894,-0.2797,1,0,0,0,0,0,0,0,1,211.0,SAFE_STOP,连转 3 轮未见前头红外,0,0,1
24.956,561.0,751.0,390.0,1009.0,-0.2857,-0.1024,-0.1894,-0.2797,1,0,0,0,0,0,0,0,1,211.0,SAFE_STOP,连转 3 轮未见前头红外,0,0,1
24.976,560.0,748.0,389.0,1008.0,-0.2857,-0.1024,-0.1894,-0.2797,1,0,0,0,0,0,0,0,1,178.0,SAFE_STOP,连转 3 轮未见前头红外,0,0,1
24.996,559.0,749.0,388.0,1007.0,-0.2884,-0.1068,-0.1922,-0.2818,1,0,0,0,0,0,0,0,1,-16.0,SAFE_STOP,连转 3 轮未见前头红外,0,0,1
25.017,560.0,750.0,389.0,1007.0,-0.2884,-0.1068,-0.1922,-0.2839,1,0,0,0,0,0,0,0,1,162.0,SAFE_STOP,连转 3 轮未见前头红外,0,0,1
25.037,558.0,748.0,387.0,1005.0,-0.2912,-0.1068,-0.195,-0.2839,1,0,0,0,0,0,0,0,1,404.0,SAFE_STOP,连转 3 轮未见前头红外,0,0,1
25.057,560.0,749.0,390.0,1008.0,-0.2884,-0.1068,-0.1922,-0.2839,1,0,0,0,0,0,0,0,1,538.0,SAFE_STOP,连转 3 轮未见前头红外,0,0,1
25.081,559.0,748.0,389.0,1008.0,-0.2912,-0.1089,-0.1922,-0.2818,1,0,0,0,0,0,0,0,1,161.0,SAFE_STOP,连转 3 轮未见前头红外,0,0,1
25.101,559.0,748.0,389.0,1007.0,-0.2912,-0.1089,-0.1922,-0.2818,1,0,0,0,0,0,0,0,1,197.0,SAFE_STOP,连转 3 轮未见前头红外,0,0,1
25.121,561.0,752.0,391.0,1010.0,-0.2912,-0.1089,-0.1922,-0.2818,1,0,0,0,0,0,0,0,1,168.0,SAFE_STOP,连转 3 轮未见前头红外,0,0,1
25.142,561.0,751.0,390.0,1009.0,-0.2857,-0.1024,-0.1894,-0.2797,1,0,0,0,0,0,0,0,1,-4.0,SAFE_STOP,连转 3 轮未见前头红外,0,0,1
25.162,561.0,750.0,390.0,1010.0,-0.2857,-0.1024,-0.1894,-0.2777,1,0,0,0,0,0,0,0,1,228.0,SAFE_STOP,连转 3 轮未见前头红外,0,0,1
25.182,560.0,751.0,390.0,1010.0,-0.2857,-0.1024,-0.1894,-0.2777,1,0,0,0,0,0,0,0,1,243.0,SAFE_STOP,连转 3 轮未见前头红外,0,0,1
25.202,560.0,750.0,390.0,1009.0,-0.2884,-0.1046,-0.1894,-0.2777,1,0,0,0,0,0,0,0,1,326.0,SAFE_STOP,连转 3 轮未见前头红外,0,0,1
25.222,559.0,749.0,388.0,1008.0,-0.2884,-0.1046,-0.1894,-0.2797,1,0,0,0,0,0,0,0,1,175.0,SAFE_STOP,连转 3 轮未见前头红外,0,0,1
25.242,560.0,750.0,389.0,1009.0,-0.2884,-0.1046,-0.1922,-0.2797,1,0,0,0,0,0,0,0,1,177.0,SAFE_STOP,连转 3 轮未见前头红外,0,0,1
25.262,560.0,750.0,390.0,1009.0,-0.2884,-0.1046,-0.1922,-0.2797,1,0,0,0,0,0,0,0,1,178.0,SAFE_STOP,连转 3 轮未见前头红外,0,0,1
25.282,559.0,749.0,389.0,1008.0,-0.2884,-0.1046,-0.1922,-0.2797,1,0,0,0,0,0,0,0,1,211.0,SAFE_STOP,连转 3 轮未见前头红外,0,0,1
25.303,560.0,750.0,389.0,1008.0,-0.2884,-0.1046,-0.1922,-0.2818,1,0,0,0,0,0,0,0,1,254.0,SAFE_STOP,连转 3 轮未见前头红外,0,0,1
25.323,560.0,751.0,390.0,1010.0,-0.2884,-0.1046,-0.1922,-0.2818,1,0,0,0,0,0,0,0,1,177.0,SAFE_STOP,连转 3 轮未见前头红外,0,0,1
25.343,561.0,752.0,390.0,1010.0,-0.2884,-0.1024,-0.1894,-0.2777,1,0,0,0,0,0,0,0,1,178.0,SAFE_STOP,连转 3 轮未见前头红外,0,0,1
25.363,562.0,753.0,391.0,1012.0,-0.2857,-0.1002,-0.1894,-0.2777,1,0,0,0,0,0,0,0,1,178.0,SAFE_STOP,连转 3 轮未见前头红外,0,0,1
25.383,562.0,753.0,392.0,1012.0,-0.283,-0.098,-0.1866,-0.2735,1,0,0,0,0,0,0,0,1,-9.0,SAFE_STOP,连转 3 轮未见前头红外,0,0,1
25.403,562.0,752.0,390.0,1010.0,-0.283,-0.098,-0.1866,-0.2735,1,0,0,0,0,0,0,0,1,211.0,SAFE_STOP,连转 3 轮未见前头红外,0,0,1
25.423,563.0,752.0,392.0,1012.0,-0.283,-0.1002,-0.1838,-0.2735,1,0,0,0,0,0,0,0,1,213.0,SAFE_STOP,连转 3 轮未见前头红外,0,0,1
25.443,563.0,753.0,392.0,1012.0,-0.2803,-0.1002,-0.1838,-0.2735,1,0,0,0,0,0,0,0,1,438.0,SAFE_STOP,连转 3 轮未见前头红外,0,0,1
25.463,561.0,751.0,391.0,1010.0,-0.2803,-0.1002,-0.1838,-0.2735,1,0,0,0,0,0,0,0,1,178.0,SAFE_STOP,连转 3 轮未见前头红外,0,0,1
25.483,562.0,753.0,391.0,1011.0,-0.283,-0.098,-0.1866,-0.2756,1,0,0,0,0,0,0,0,1,309.0,SAFE_STOP,连转 3 轮未见前头红外,0,0,1
25.503,561.0,752.0,391.0,1010.0,-0.2857,-0.1002,-0.1866,-0.2777,1,0,0,0,0,0,0,0,1,228.0,SAFE_STOP,连转 3 轮未见前头红外,0,0,1
25.523,560.0,751.0,390.0,1009.0,-0.2857,-0.1002,-0.1866,-0.2777,1,0,0,0,0,0,0,0,1,-8.0,SAFE_STOP,连转 3 轮未见前头红外,0,0,1
25.544,563.0,754.0,392.0,1013.0,-0.2857,-0.1002,-0.1866,-0.2777,1,0,0,0,0,0,0,0,1,212.0,SAFE_STOP,连转 3 轮未见前头红外,0,0,1
25.564,562.0,753.0,391.0,1011.0,-0.283,-0.098,-0.1866,-0.2756,1,0,0,0,0,0,0,0,1,145.0,SAFE_STOP,连转 3 轮未见前头红外,0,0,1
25.584,561.0,752.0,391.0,1012.0,-0.283,-0.098,-0.1866,-0.2735,1,0,0,0,0,0,0,0,1,488.0,SAFE_STOP,连转 3 轮未见前头红外,0,0,1
25.604,562.0,753.0,392.0,1012.0,-0.283,-0.098,-0.1866,-0.2735,1,0,0,0,0,0,0,0,1,178.0,SAFE_STOP,连转 3 轮未见前头红外,0,0,1
25.624,562.0,753.0,391.0,1012.0,-0.283,-0.098,-0.1866,-0.2735,1,0,0,0,0,0,0,0,1,308.0,SAFE_STOP,连转 3 轮未见前头红外,0,0,1
25.644,561.0,752.0,389.0,1008.0,-0.283,-0.098,-0.1866,-0.2735,1,0,0,0,0,0,0,0,1,211.0,SAFE_STOP,连转 3 轮未见前头红外,0,0,1
25.664,563.0,753.0,392.0,1012.0,-0.283,-0.098,-0.1866,-0.2735,1,0,0,0,0,0,0,0,1,25.0,SAFE_STOP,连转 3 轮未见前头红外,0,0,1
25.684,562.0,753.0,391.0,1011.0,-0.283,-0.098,-0.1866,-0.2756,1,0,0,0,0,0,0,0,1,179.0,SAFE_STOP,连转 3 轮未见前头红外,0,0,1
25.704,562.0,753.0,391.0,1011.0,-0.283,-0.098,-0.1866,-0.2756,1,0,0,0,0,0,0,0,1,179.0,SAFE_STOP,连转 3 轮未见前头红外,0,0,1
25.724,562.0,749.0,391.0,1010.0,-0.283,-0.098,-0.1866,-0.2756,1,0,0,0,0,0,0,0,1,128.0,SAFE_STOP,连转 3 轮未见前头红外,0,0,1
25.745,561.0,752.0,390.0,1010.0,-0.283,-0.1002,-0.1866,-0.2777,1,0,0,0,0,0,0,0,1,194.0,SAFE_STOP,连转 3 轮未见前头红外,0,0,1
25.765,562.0,753.0,392.0,1011.0,-0.283,-0.1002,-0.1866,-0.2777,1,0,0,0,0,0,0,0,1,210.0,SAFE_STOP,连转 3 轮未见前头红外,0,0,1
25.785,561.0,751.0,390.0,1008.0,-0.2857,-0.1002,-0.1894,-0.2777,1,0,0,0,0,0,0,0,1,146.0,SAFE_STOP,连转 3 轮未见前头红外,0,0,1
25.805,562.0,752.0,391.0,1011.0,-0.283,-0.1002,-0.1866,-0.2756,1,0,0,0,0,0,0,0,1,210.0,SAFE_STOP,连转 3 轮未见前头红外,0,0,1
25.825,562.0,753.0,391.0,1011.0,-0.283,-0.1002,-0.1866,-0.2756,1,0,0,0,0,0,0,0,1,178.0,SAFE_STOP,连转 3 轮未见前头红外,0,0,1
25.845,561.0,751.0,390.0,1009.0,-0.283,-0.1002,-0.1866,-0.2756,1,0,0,0,0,0,0,0,1,421.0,SAFE_STOP,连转 3 轮未见前头红外,0,0,1
25.865,562.0,752.0,391.0,1011.0,-0.283,-0.1002,-0.1866,-0.2756,1,0,0,0,0,0,0,0,1,168.0,SAFE_STOP,连转 3 轮未见前头红外,0,0,1
25.885,562.0,753.0,391.0,1010.0,-0.283,-0.1002,-0.1866,-0.2777,1,0,0,0,0,0,0,0,1,290.0,SAFE_STOP,连转 3 轮未见前头红外,0,0,1
25.905,561.0,752.0,391.0,1010.0,-0.283,-0.1002,-0.1866,-0.2777,1,0,0,0,0,0,0,0,1,211.0,SAFE_STOP,连转 3 轮未见前头红外,0,0,1
25.926,562.0,752.0,391.0,1011.0,-0.283,-0.1002,-0.1866,-0.2777,1,0,0,0,0,0,0,0,1,-5.0,SAFE_STOP,连转 3 轮未见前头红外,0,0,1
25.946,560.0,751.0,390.0,1009.0,-0.2857,-0.1002,-0.1866,-0.2777,1,0,0,0,0,0,0,0,1,182.0,SAFE_STOP,连转 3 轮未见前头红外,0,0,1
25.966,561.0,752.0,391.0,1010.0,-0.2857,-0.1002,-0.1866,-0.2777,1,0,0,0,0,0,0,0,1,111.0,SAFE_STOP,连转 3 轮未见前头红外,0,0,1
25.986,562.0,753.0,392.0,1011.0,-0.2857,-0.1002,-0.1866,-0.2777,1,0,0,0,0,0,0,0,1,537.0,SAFE_STOP,连转 3 轮未见前头红外,0,0,1
26.006,561.0,752.0,390.0,1010.0,-0.2857,-0.1002,-0.1866,-0.2777,1,0,0,0,0,0,0,0,1,211.0,SAFE_STOP,连转 3 轮未见前头红外,0,0,1
26.026,560.0,751.0,390.0,1009.0,-0.2857,-0.1002,-0.1894,-0.2777,1,0,0,0,0,0,0,0,1,456.0,SAFE_STOP,连转 3 轮未见前头红外,0,0,1
26.046,563.0,754.0,392.0,1011.0,-0.2857,-0.1002,-0.1894,-0.2777,1,0,0,0,0,0,0,0,1,112.0,SAFE_STOP,连转 3 轮未见前头红外,0,0,1
26.066,561.0,754.0,391.0,1010.0,-0.2857,-0.0959,-0.1866,-0.2777,1,0,0,0,0,0,0,0,1,3.0,SAFE_STOP,连转 3 轮未见前头红外,0,0,1
26.086,560.0,750.0,390.0,1009.0,-0.2857,-0.0959,-0.1866,-0.2777,1,0,0,0,0,0,0,0,1,178.0,SAFE_STOP,连转 3 轮未见前头红外,0,0,1
26.106,561.0,753.0,391.0,1010.0,-0.2857,-0.098,-0.1866,-0.2777,1,0,0,0,0,0,0,0,1,7.0,SAFE_STOP,连转 3 轮未见前头红外,0,0,1
26.126,561.0,751.0,390.0,1008.0,-0.2857,-0.1024,-0.1894,-0.2797,1,0,0,0,0,0,0,0,1,388.0,SAFE_STOP,连转 3 轮未见前头红外,0,0,1
26.147,561.0,753.0,391.0,1009.0,-0.2857,-0.098,-0.1866,-0.2797,1,0,0,0,0,0,0,0,1,210.0,SAFE_STOP,连转 3 轮未见前头红外,0,0,1
26.167,560.0,753.0,391.0,1010.0,-0.2857,-0.098,-0.1866,-0.2797,1,0,0,0,0,0,0,0,1,279.0,SAFE_STOP,连转 3 轮未见前头红外,0,0,1
26.187,560.0,752.0,390.0,1007.0,-0.2884,-0.098,-0.1866,-0.2797,1,0,0,0,0,0,0,0,1,184.0,SAFE_STOP,连转 3 轮未见前头红外,0,0,1
26.207,560.0,753.0,390.0,1007.0,-0.2884,-0.098,-0.1894,-0.2839,1,0,0,0,0,0,0,0,1,161.0,SAFE_STOP,连转 3 轮未见前头红外,0,0,1
26.227,561.0,753.0,391.0,1009.0,-0.2884,-0.098,-0.1894,-0.2839,1,0,0,0,0,0,0,0,1,219.0,SAFE_STOP,连转 3 轮未见前头红外,0,0,1
26.247,560.0,753.0,391.0,1008.0,-0.2884,-0.098,-0.1866,-0.2818,1,0,0,0,0,0,0,0,1,210.0,SAFE_STOP,连转 3 轮未见前头红外,0,0,1
26.267,560.0,752.0,391.0,1007.0,-0.2884,-0.098,-0.1866,-0.2818,1,0,0,0,0,0,0,0,1,144.0,SAFE_STOP,连转 3 轮未见前头红外,0,0,1
26.288,560.0,752.0,391.0,1007.0,-0.2884,-0.1002,-0.1866,-0.2839,1,0,0,0,0,0,0,0,1,144.0,SAFE_STOP,连转 3 轮未见前头红外,0,0,1
26.308,559.0,755.0,391.0,1007.0,-0.2884,-0.1002,-0.1866,-0.2839,1,0,0,0,0,0,0,0,1,178.0,SAFE_STOP,连转 3 轮未见前头红外,0,0,1
26.328,557.0,754.0,389.0,1005.0,-0.2912,-0.0959,-0.1866,-0.2839,1,0,0,0,0,0,0,0,1,132.0,SAFE_STOP,连转 3 轮未见前头红外,0,0,1
26.348,555.0,753.0,386.0,1002.0,-0.2966,-0.0959,-0.1922,-0.2881,1,0,0,0,0,0,0,0,1,181.0,SAFE_STOP,连转 3 轮未见前头红外,0,0,1
26.368,552.0,754.0,384.0,1002.0,-0.302,-0.0959,-0.2006,-0.2944,1,0,0,0,0,0,0,0,1,227.0,SAFE_STOP,连转 3 轮未见前头红外,0,0,1
26.388,547.0,752.0,378.0,997.0,-0.3102,-0.098,-0.2061,-0.2944,1,0,0,0,0,0,0,0,1,437.0,SAFE_STOP,连转 3 轮未见前头红外,0,0,1
26.408,541.0,753.0,371.0,992.0,-0.3238,-0.098,-0.2228,-0.3048,1,0,0,0,0,0,0,0,1,182.0,SAFE_STOP,连转 3 轮未见前头红外,0,0,1
26.429,537.0,757.0,366.0,994.0,-0.3401,-0.098,-0.2423,-0.3111,1,0,0,0,0,0,0,0,1,210.0,SAFE_STOP,连转 3 轮未见前头红外,0,0,1
26.449,536.0,757.0,362.0,998.0,-0.351,-0.0893,-0.2563,-0.3111,1,0,0,0,0,0,0,0,1,373.0,SAFE_STOP,连转 3 轮未见前头红外,0,0,1
26.469,536.0,760.0,362.0,1005.0,-0.3537,-0.0893,-0.2674,-0.3027,1,0,0,0,0,0,0,0,1,146.0,SAFE_STOP,连转 3 轮未见前头红外,0,0,1
26.489,536.0,762.0,363.0,1016.0,-0.3537,-0.0828,-0.2674,-0.2881,1,0,0,0,0,0,0,0,1,276.0,SAFE_STOP,连转 3 轮未见前头红外,0,0,1
26.509,533.0,760.0,363.0,1019.0,-0.3537,-0.0828,-0.2646,-0.2651,1,0,0,0,0,0,0,0,1,276.0,SAFE_STOP,连转 3 轮未见前头红外,0,0,1
26.529,529.0,756.0,364.0,1017.0,-0.3619,-0.0828,-0.2646,-0.263,1,0,1,0,0,0,0,0,1,210.0,SAFE_STOP,连转 3 轮未见前头红外,0,0,1
26.549,526.0,753.0,368.0,1019.0,-0.3728,-0.0915,-0.2618,-0.2589,1,0,1,0,0,0,0,1,1,243.0,SAFE_STOP,连转 3 轮未见前头红外,0,0,1
26.569,523.0,744.0,368.0,1024.0,-0.381,-0.098,-0.2507,-0.2589,1,0,1,0,0,0,0,1,1,276.0,SAFE_STOP,连转 3 轮未见前头红外,0,0,1
26.589,519.0,739.0,369.0,1016.0,-0.3891,-0.1176,-0.2507,-0.2589,1,0,1,0,0,0,0,1,1,506.0,SAFE_STOP,连转 3 轮未见前头红外,0,0,1
26.61,518.0,733.0,370.0,1009.0,-0.4,-0.1285,-0.2479,-0.2651,1,0,1,0,0,0,0,1,1,324.0,SAFE_STOP,连转 3 轮未见前头红外,0,0,1
26.63,520.0,734.0,370.0,1011.0,-0.4,-0.1394,-0.2451,-0.2756,1,0,1,0,0,0,0,1,1,341.0,SAFE_STOP,连转 3 轮未见前头红外,0,0,1
26.65,523.0,733.0,370.0,1016.0,-0.3973,-0.1416,-0.2451,-0.2756,1,0,1,0,0,0,0,1,1,291.0,SAFE_STOP,连转 3 轮未见前头红外,0,0,1
26.67,523.0,733.0,372.0,1027.0,-0.3891,-0.1416,-0.2451,-0.2651,1,0,1,0,0,0,0,1,1,260.0,SAFE_STOP,连转 3 轮未见前头红外,0,0,1
26.69,523.0,733.0,372.0,1027.0,-0.3891,-0.1416,-0.2396,-0.2422,1,0,1,0,0,0,0,1,1,260.0,SAFE_STOP,连转 3 轮未见前头红外,0,0,1
26.71,521.0,733.0,372.0,1035.0,-0.3891,-0.1416,-0.2396,-0.2422,1,0,1,0,0,0,0,1,1,309.0,SAFE_STOP,连转 3 轮未见前头红外,0,0,1
26.731,522.0,732.0,370.0,1044.0,-0.3918,-0.1416,-0.2396,-0.2255,1,0,1,0,0,0,0,1,1,380.0,SAFE_STOP,连转 3 轮未见前头红外,0,0,1
26.751,525.0,732.0,373.0,1048.0,-0.3918,-0.1438,-0.2396,-0.2067,1,0,1,0,0,0,0,1,1,374.0,SAFE_STOP,连转 3 轮未见前头红外,0,0,1
26.771,526.0,729.0,375.0,1045.0,-0.3837,-0.1438,-0.2368,-0.2046,1,0,1,0,0,0,0,1,1,390.0,SAFE_STOP,连转 3 轮未见前头红外,0,0,1
26.791,528.0,728.0,376.0,1047.0,-0.381,-0.1503,-0.2312,-0.2004,1,0,1,0,0,0,0,1,1,341.0,SAFE_STOP,连转 3 轮未见前头红外,0,0,1
26.811,530.0,731.0,377.0,1050.0,-0.3755,-0.1503,-0.2284,-0.2004,1,0,1,0,0,0,0,1,1,682.0,SAFE_STOP,连转 3 轮未见前头红外,0,0,1
26.831,530.0,731.0,377.0,1053.0,-0.3701,-0.146,-0.2256,-0.1942,1,0,1,0,0,0,0,0,1,341.0,SAFE_STOP,连转 3 轮未见前头红外,0,0,1
26.851,532.0,734.0,379.0,1054.0,-0.3701,-0.146,-0.2256,-0.1879,1,0,1,0,0,0,0,0,1,462.0,SAFE_STOP,连转 3 轮未见前头红外,0,0,1
26.871,533.0,734.0,379.0,1058.0,-0.3646,-0.1394,-0.2201,-0.1858,1,0,1,0,0,0,0,0,1,406.0,SAFE_STOP,连转 3 轮未见前头红外,0,0,1
26.892,534.0,734.0,379.0,1058.0,-0.3619,-0.1394,-0.2201,-0.1775,1,0,1,0,0,0,0,0,1,340.0,SAFE_STOP,连转 3 轮未见前头红外,0,0,1
26.912,536.0,736.0,381.0,1058.0,-0.3592,-0.1394,-0.2201,-0.1775,1,0,1,0,0,0,0,0,1,342.0,SAFE_STOP,连转 3 轮未见前头红外,0,0,1
26.932,536.0,738.0,382.0,1058.0,-0.3537,-0.1351,-0.2145,-0.1775,1,0,1,0,0,0,0,0,1,358.0,SAFE_STOP,连转 3 轮未见前头红外,0,0,1
26.952,536.0,740.0,383.0,1057.0,-0.3537,-0.1307,-0.2117,-0.1775,1,0,1,0,0,0,0,0,1,747.0,SAFE_STOP,连转 3 轮未见前头红外,0,0,1
26.972,536.0,739.0,384.0,1055.0,-0.3537,-0.1285,-0.2089,-0.1795,1,0,1,0,0,0,0,0,1,439.0,SAFE_STOP,连转 3 轮未见前头红外,0,0,1
26.992,535.0,741.0,384.0,1056.0,-0.3537,-0.1264,-0.2061,-0.1816,1,0,1,0,0,0,0,0,1,651.0,SAFE_STOP,连转 3 轮未见前头红外,0,0,1
27.012,536.0,742.0,385.0,1056.0,-0.3537,-0.1242,-0.2061,-0.1816,1,0,1,0,0,0,0,0,1,407.0,SAFE_STOP,连转 3 轮未见前头红外,0,0,1
27.032,536.0,742.0,384.0,1054.0,-0.3537,-0.122,-0.2061,-0.1816,1,0,1,0,0,0,0,0,1,293.0,SAFE_STOP,连转 3 轮未见前头红外,0,0,1
27.052,537.0,741.0,384.0,1055.0,-0.3537,-0.122,-0.2061,-0.1837,1,0,1,0,0,0,0,0,1,373.0,SAFE_STOP,连转 3 轮未见前头红外,0,0,1
27.073,537.0,741.0,384.0,1055.0,-0.351,-0.1242,-0.2061,-0.1837,1,0,1,0,0,0,0,0,1,373.0,SAFE_STOP,连转 3 轮未见前头红外,0,0,1
27.093,536.0,742.0,383.0,1053.0,-0.351,-0.1242,-0.2061,-0.1837,1,0,1,0,0,0,0,0,1,374.0,SAFE_STOP,连转 3 轮未见前头红外,0,0,1
27.113,536.0,743.0,381.0,1049.0,-0.3537,-0.122,-0.2089,-0.1879,1,0,1,0,0,0,0,0,1,699.0,SAFE_STOP,连转 3 轮未见前头红外,0,0,1
27.133,536.0,747.0,381.0,1045.0,-0.3537,-0.1198,-0.2145,-0.1962,1,0,1,0,0,0,0,0,1,430.0,SAFE_STOP,连转 3 轮未见前头红外,0,0,1
27.153,536.0,749.0,379.0,1046.0,-0.3537,-0.1111,-0.2145,-0.2025,1,0,1,0,0,0,0,0,1,472.0,SAFE_STOP,连转 3 轮未见前头红外,0,0,1
27.173,536.0,751.0,377.0,1048.0,-0.3537,-0.1068,-0.2201,-0.2025,1,0,1,0,0,0,0,0,1,358.0,SAFE_STOP,连转 3 轮未见前头红外,0,0,1
27.193,539.0,752.0,378.0,1054.0,-0.3537,-0.1024,-0.2228,-0.1983,1,0,1,0,0,0,0,0,1,358.0,SAFE_STOP,连转 3 轮未见前头红外,0,0,1
27.213,541.0,753.0,377.0,1057.0,-0.3456,-0.1002,-0.2256,-0.1858,1,0,1,0,0,0,0,0,1,360.0,SAFE_STOP,连转 3 轮未见前头红外,0,0,1
27.233,544.0,755.0,378.0,1060.0,-0.3401,-0.098,-0.2228,-0.1795,1,0,1,0,0,0,0,0,1,439.0,SAFE_STOP,连转 3 轮未见前头红外,0,0,1
27.254,545.0,757.0,381.0,1061.0,-0.332,-0.0937,-0.2228,-0.1733,1,0,1,0,0,0,0,0,1,423.0,SAFE_STOP,连转 3 轮未见前头红外,0,0,1
27.274,545.0,756.0,381.0,1061.0,-0.3293,-0.0915,-0.2145,-0.1712,1,0,1,0,0,0,0,0,1,438.0,SAFE_STOP,连转 3 轮未见前头红外,0,0,1
27.294,544.0,756.0,380.0,1061.0,-0.3293,-0.0915,-0.2145,-0.1712,1,0,1,0,0,0,0,0,1,219.0,SAFE_STOP,连转 3 轮未见前头红外,0,0,1
27.314,544.0,757.0,381.0,1062.0,-0.332,-0.0915,-0.2145,-0.1712,1,0,1,0,0,0,0,0,1,292.0,SAFE_STOP,连转 3 轮未见前头红外,0,0,1
27.334,544.0,754.0,380.0,1059.0,-0.332,-0.0915,-0.2173,-0.1712,1,0,1,0,0,0,0,0,1,373.0,SAFE_STOP,连转 3 轮未见前头红外,0,0,1
27.354,544.0,757.0,381.0,1060.0,-0.332,-0.0893,-0.2145,-0.1733,1,0,1,0,0,0,0,0,1,747.0,SAFE_STOP,连转 3 轮未见前头红外,0,0,1
27.374,544.0,756.0,380.0,1060.0,-0.332,-0.0915,-0.2173,-0.1733,1,0,1,0,0,0,0,0,1,685.0,SAFE_STOP,连转 3 轮未见前头红外,0,0,1
27.395,544.0,756.0,381.0,1060.0,-0.332,-0.0915,-0.2145,-0.1733,1,0,1,0,0,0,0,0,1,315.0,SAFE_STOP,连转 3 轮未见前头红外,0,0,1
27.415,545.0,756.0,381.0,1061.0,-0.332,-0.0915,-0.2145,-0.1733,1,0,1,0,0,0,0,0,1,375.0,SAFE_STOP,连转 3 轮未见前头红外,0,0,1
27.435,544.0,756.0,380.0,1059.0,-0.332,-0.0915,-0.2145,-0.1733,1,0,1,0,0,0,0,0,1,374.0,SAFE_STOP,连转 3 轮未见前头红外,0,0,1
27.455,546.0,757.0,382.0,1061.0,-0.3293,-0.0915,-0.2145,-0.1712,1,0,1,0,0,0,0,0,1,359.0,SAFE_STOP,连转 3 轮未见前头红外,0,0,1
27.475,545.0,756.0,381.0,1061.0,-0.3293,-0.0915,-0.2145,-0.1712,1,0,1,0,0,0,0,0,1,438.0,SAFE_STOP,连转 3 轮未见前头红外,0,0,1
27.495,545.0,756.0,381.0,1061.0,-0.3293,-0.0915,-0.2145,-0.1712,1,0,1,0,0,0,0,0,1,438.0,SAFE_STOP,连转 3 轮未见前头红外,0,0,1
27.516,544.0,755.0,379.0,1058.0,-0.3293,-0.0915,-0.2145,-0.1712,1,0,1,0,0,0,0,0,1,716.0,SAFE_STOP,连转 3 轮未见前头红外,0,0,1
27.536,545.0,756.0,381.0,1060.0,-0.3293,-0.0915,-0.2145,-0.1733,1,0,1,0,0,0,0,0,1,416.0,SAFE_STOP,连转 3 轮未见前头红外,0,0,1
27.556,544.0,756.0,381.0,1059.0,-0.332,-0.0915,-0.2145,-0.1754,1,0,1,0,0,0,0,0,1,357.0,SAFE_STOP,连转 3 轮未见前头红外,0,0,1
27.576,545.0,756.0,380.0,1058.0,-0.3293,-0.0915,-0.2145,-0.1754,1,0,1,0,0,0,0,0,1,358.0,SAFE_STOP,连转 3 轮未见前头红外,0,0,1
27.596,543.0,755.0,381.0,1060.0,-0.332,-0.0915,-0.2145,-0.1754,1,0,1,0,0,0,0,0,1,423.0,SAFE_STOP,连转 3 轮未见前头红外,0,0,1
27.616,545.0,756.0,382.0,1059.0,-0.3293,-0.0915,-0.2145,-0.1754,1,0,1,0,0,0,0,0,1,391.0,SAFE_STOP,连转 3 轮未见前头红外,0,0,1
27.636,545.0,756.0,380.0,1060.0,-0.3293,-0.0915,-0.2145,-0.1733,1,0,1,0,0,0,0,0,1,421.0,SAFE_STOP,连转 3 轮未见前头红外,0,0,1
27.657,545.0,755.0,381.0,1059.0,-0.3293,-0.0915,-0.2145,-0.1754,1,0,1,0,0,0,0,0,1,356.0,SAFE_STOP,连转 3 轮未见前头红外,0,0,1
27.677,545.0,755.0,380.0,1059.0,-0.3293,-0.0937,-0.2173,-0.1754,1,0,1,0,0,0,0,0,1,358.0,SAFE_STOP,连转 3 轮未见前头红外,0,0,1
27.697,545.0,755.0,381.0,1058.0,-0.3293,-0.0937,-0.2145,-0.1754,1,0,1,0,0,0,0,0,1,374.0,SAFE_STOP,连转 3 轮未见前头红外,0,0,1
27.717,545.0,756.0,380.0,1061.0,-0.3293,-0.0937,-0.2173,-0.1754,1,0,1,0,0,0,0,0,1,358.0,SAFE_STOP,连转 3 轮未见前头红外,0,0,1
27.737,545.0,755.0,381.0,1060.0,-0.3293,-0.0937,-0.2145,-0.1733,1,0,1,0,0,0,0,0,1,636.0,SAFE_STOP,连转 3 轮未见前头红外,0,0,1
27.757,544.0,754.0,380.0,1057.0,-0.3293,-0.0937,-0.2173,-0.1733,1,0,1,0,0,0,0,0,1,423.0,SAFE_STOP,连转 3 轮未见前头红外,0,0,1
27.778,545.0,755.0,380.0,1059.0,-0.3293,-0.0937,-0.2173,-0.1754,1,0,1,0,0,0,0,0,1,390.0,SAFE_STOP,连转 3 轮未见前头红外,0,0,1
27.798,545.0,754.0,381.0,1059.0,-0.3293,-0.0959,-0.2173,-0.1754,1,0,1,0,0,0,0,0,1,374.0,SAFE_STOP,连转 3 轮未见前头红外,0,0,1
27.818,545.0,753.0,379.0,1058.0,-0.3293,-0.0959,-0.2173,-0.1754,1,0,1,0,0,0,0,0,1,225.0,SAFE_STOP,连转 3 轮未见前头红外,0,0,1
27.838,546.0,755.0,381.0,1059.0,-0.3293,-0.0959,-0.2145,-0.1754,1,0,1,0,0,0,0,0,1,373.0,SAFE_STOP,连转 3 轮未见前头红外,0,0,1
27.858,546.0,756.0,381.0,1059.0,-0.3265,-0.0937,-0.2145,-0.1754,1,0,1,0,0,0,0,0,1,539.0,SAFE_STOP,连转 3 轮未见前头红外,0,0,1
27.878,546.0,756.0,381.0,1059.0,-0.3265,-0.0915,-0.2145,-0.1754,1,0,1,0,0,0,0,0,1,539.0,SAFE_STOP,连转 3 轮未见前头红外,0,0,1
27.899,545.0,755.0,381.0,1058.0,-0.3265,-0.0915,-0.2145,-0.1754,1,0,1,0,0,0,0,0,1,769.0,SAFE_STOP,连转 3 轮未见前头红外,0,0,1
27.919,545.0,755.0,381.0,1060.0,-0.3293,-0.0937,-0.2145,-0.1754,1,0,1,0,0,0,0,0,1,358.0,SAFE_STOP,连转 3 轮未见前头红外,0,0,1
27.939,545.0,755.0,380.0,1059.0,-0.3293,-0.0937,-0.2145,-0.1754,1,0,1,0,0,0,0,0,1,623.0,SAFE_STOP,连转 3 轮未见前头红外,0,0,1
27.959,545.0,754.0,380.0,1058.0,-0.3293,-0.0937,-0.2173,-0.1754,1,0,1,0,0,0,0,0,1,358.0,SAFE_STOP,连转 3 轮未见前头红外,0,0,1
27.979,545.0,755.0,380.0,1060.0,-0.3293,-0.0937,-0.2173,-0.1754,1,0,1,0,0,0,0,0,1,324.0,SAFE_STOP,连转 3 轮未见前头红外,0,0,1
27.999,546.0,756.0,381.0,1060.0,-0.3293,-0.0937,-0.2173,-0.1733,1,0,1,0,0,0,0,0,1,439.0,SAFE_STOP,连转 3 轮未见前头红外,0,0,1
28.019,546.0,756.0,380.0,1059.0,-0.3265,-0.0915,-0.2173,-0.1733,1,0,1,0,0,0,0,0,1,423.0,SAFE_STOP,连转 3 轮未见前头红外,0,0,1
28.039,546.0,755.0,380.0,1059.0,-0.3265,-0.0915,-0.2173,-0.1754,1,0,1,0,0,0,0,0,1,700.0,SAFE_STOP,连转 3 轮未见前头红外,0,0,1
28.06,547.0,757.0,382.0,1060.0,-0.3265,-0.0915,-0.2173,-0.1754,1,0,1,0,0,0,0,0,1,374.0,SAFE_STOP,连转 3 轮未见前头红外,0,0,1
28.08,546.0,756.0,380.0,1059.0,-0.3265,-0.0915,-0.2173,-0.1754,1,0,1,0,0,0,0,0,1,389.0,SAFE_STOP,连转 3 轮未见前头红外,0,0,1
28.101,546.0,755.0,380.0,1059.0,-0.3265,-0.0915,-0.2173,-0.1754,1,0,1,0,0,0,0,0,1,424.0,SAFE_STOP,连转 3 轮未见前头红外,0,0,1
28.121,545.0,755.0,381.0,1059.0,-0.3265,-0.0937,-0.2173,-0.1754,1,0,1,0,0,0,0,0,1,423.0,SAFE_STOP,连转 3 轮未见前头红外,0,0,1
28.141,545.0,754.0,380.0,1058.0,-0.3293,-0.0937,-0.2173,-0.1754,1,0,1,0,0,0,0,0,1,438.0,SAFE_STOP,连转 3 轮未见前头红外,0,0,1
28.161,545.0,754.0,380.0,1057.0,-0.3293,-0.0959,-0.2173,-0.1775,1,0,1,0,0,0,0,0,1,346.0,SAFE_STOP,连转 3 轮未见前头红外,0,0,1
28.181,546.0,755.0,380.0,1058.0,-0.3293,-0.0959,-0.2173,-0.1775,1,0,1,0,0,0,0,0,1,347.0,SAFE_STOP,连转 3 轮未见前头红外,0,0,1
28.201,546.0,755.0,381.0,1060.0,-0.3265,-0.0937,-0.2173,-0.1775,1,0,1,0,0,0,0,0,1,374.0,SAFE_STOP,连转 3 轮未见前头红外,0,0,1
28.221,546.0,754.0,380.0,1058.0,-0.3265,-0.0937,-0.2173,-0.1775,1,0,1,0,0,0,0,0,1,309.0,SAFE_STOP,连转 3 轮未见前头红外,0,0,1
28.242,546.0,754.0,381.0,1059.0,-0.3265,-0.0959,-0.2145,-0.1754,1,0,1,0,0,0,0,0,1,523.0,SAFE_STOP,连转 3 轮未见前头红外,0,0,1
28.262,547.0,755.0,381.0,1060.0,-0.3265,-0.0959,-0.2145,-0.1754,1,0,1,0,0,0,0,0,1,439.0,SAFE_STOP,连转 3 轮未见前头红外,0,0,1
28.282,547.0,755.0,381.0,1060.0,-0.3238,-0.0937,-0.2145,-0.1733,1,0,1,0,0,0,0,0,1,439.0,SAFE_STOP,连转 3 轮未见前头红外,0,0,1
28.302,545.0,754.0,380.0,1058.0,-0.3238,-0.0937,-0.2145,-0.1733,1,0,1,0,0,0,0,0,1,632.0,SAFE_STOP,连转 3 轮未见前头红外,0,0,1
28.323,545.0,755.0,381.0,1060.0,-0.3293,-0.0937,-0.2145,-0.1733,1,0,1,0,0,0,0,0,1,407.0,SAFE_STOP,连转 3 轮未见前头红外,0,0,1
28.343,546.0,755.0,381.0,1059.0,-0.3293,-0.0937,-0.2145,-0.1754,1,0,1,0,0,0,0,0,1,326.0,SAFE_STOP,连转 3 轮未见前头红外,0,0,1
28.363,544.0,752.0,379.0,1056.0,-0.3293,-0.0937,-0.2145,-0.1754,1,0,1,0,0,0,0,0,1,379.0,SAFE_STOP,连转 3 轮未见前头红外,0,0,1
28.383,545.0,754.0,381.0,1059.0,-0.3293,-0.0959,-0.2145,-0.1754,1,0,1,0,0,0,0,0,1,374.0,SAFE_STOP,连转 3 轮未见前头红外,0,0,1
28.403,546.0,754.0,381.0,1060.0,-0.3293,-0.0959,-0.2145,-0.1754,1,0,1,0,0,0,0,0,1,620.0,SAFE_STOP,连转 3 轮未见前头红外,0,0,1
28.423,546.0,755.0,380.0,1059.0,-0.3265,-0.0959,-0.2145,-0.1754,1,0,1,0,0,0,0,0,1,359.0,SAFE_STOP,连转 3 轮未见前头红外,0,0,1
28.443,546.0,755.0,381.0,1060.0,-0.3265,-0.0937,-0.2145,-0.1733,1,0,1,0,0,0,0,0,1,718.0,SAFE_STOP,连转 3 轮未见前头红外,0,0,1
28.464,546.0,754.0,380.0,1059.0,-0.3265,-0.0937,-0.2173,-0.1754,1,0,1,0,0,0,0,0,1,322.0,SAFE_STOP,连转 3 轮未见前头红外,0,0,1
28.484,546.0,755.0,381.0,1060.0,-0.3265,-0.0937,-0.2145,-0.1733,1,0,1,0,0,0,0,0,1,373.0,SAFE_STOP,连转 3 轮未见前头红外,0,0,1
28.504,546.0,754.0,382.0,1059.0,-0.3265,-0.0959,-0.2145,-0.1754,1,0,1,0,0,0,0,0,1,427.0,SAFE_STOP,连转 3 轮未见前头红外,0,0,1
28.524,546.0,754.0,381.0,1060.0,-0.3265,-0.0959,-0.2145,-0.1733,1,0,1,0,0,0,0,0,1,430.0,SAFE_STOP,连转 3 轮未见前头红外,0,0,1
28.544,546.0,754.0,380.0,1059.0,-0.3265,-0.0959,-0.2145,-0.1754,1,0,1,0,0,0,0,0,1,455.0,SAFE_STOP,连转 3 轮未见前头红外,0,0,1
28.565,546.0,754.0,380.0,1058.0,-0.3265,-0.0959,-0.2173,-0.1754,1,0,1,0,0,0,0,0,1,357.0,SAFE_STOP,连转 3 轮未见前头红外,0,0,1
28.585,546.0,753.0,380.0,1057.0,-0.3265,-0.0959,-0.2173,-0.1775,1,0,1,0,0,0,0,0,1,483.0,SAFE_STOP,连转 3 轮未见前头红外,0,0,1
28.605,545.0,753.0,380.0,1057.0,-0.3265,-0.098,-0.2173,-0.1795,1,0,1,0,0,0,0,0,1,428.0,SAFE_STOP,连转 3 轮未见前头红外,0,0,1
28.625,546.0,754.0,381.0,1060.0,-0.3265,-0.098,-0.2173,-0.1795,1,0,1,0,0,0,0,0,1,442.0,SAFE_STOP,连转 3 轮未见前头红外,0,0,1
28.645,547.0,754.0,381.0,1059.0,-0.3265,-0.0959,-0.2145,-0.1754,1,0,1,0,0,0,0,0,1,268.0,SAFE_STOP,连转 3 轮未见前头红外,0,0,1
28.666,546.0,753.0,380.0,1058.0,-0.3265,-0.0959,-0.2145,-0.1754,1,0,1,0,0,0,0,0,1,359.0,SAFE_STOP,连转 3 轮未见前头红外,0,0,1
28.686,546.0,754.0,381.0,1059.0,-0.3265,-0.0959,-0.2145,-0.1754,1,0,1,0,0,0,0,0,1,374.0,SAFE_STOP,连转 3 轮未见前头红外,0,0,1
28.706,546.0,754.0,381.0,1059.0,-0.3265,-0.0959,-0.2145,-0.1754,1,0,1,0,0,0,0,0,1,374.0,SAFE_STOP,连转 3 轮未见前头红外,0,0,1
28.726,546.0,754.0,381.0,1059.0,-0.3265,-0.0959,-0.2145,-0.1754,1,0,1,0,0,0,0,0,1,378.0,SAFE_STOP,连转 3 轮未见前头红外,0,0,1
28.746,546.0,753.0,379.0,1058.0,-0.3265,-0.0959,-0.2145,-0.1754,1,0,1,0,0,0,0,0,1,325.0,SAFE_STOP,连转 3 轮未见前头红外,0,0,1
28.766,547.0,755.0,381.0,1061.0,-0.3265,-0.0959,-0.2145,-0.1754,1,0,1,0,0,0,0,0,1,390.0,SAFE_STOP,连转 3 轮未见前头红外,0,0,1
28.786,547.0,754.0,381.0,1060.0,-0.3238,-0.0959,-0.2145,-0.1733,1,0,1,0,0,0,0,0,1,439.0,SAFE_STOP,连转 3 轮未见前头红外,0,0,1
28.806,546.0,753.0,380.0,1058.0,-0.3238,-0.0959,-0.2145,-0.1733,1,0,1,0,0,0,0,0,1,715.0,SAFE_STOP,连转 3 轮未见前头红外,0,0,1
28.826,545.0,754.0,381.0,1060.0,-0.3265,-0.0959,-0.2145,-0.1733,1,0,1,0,0,0,0,0,1,555.0,SAFE_STOP,连转 3 轮未见前头红外,0,0,1
28.847,547.0,754.0,381.0,1060.0,-0.3265,-0.0959,-0.2145,-0.1733,1,0,1,0,0,0,0,0,1,350.0,SAFE_STOP,连转 3 轮未见前头红外,0,0,1
28.867,546.0,753.0,379.0,1059.0,-0.3265,-0.0959,-0.2145,-0.1733,1,0,1,0,0,0,0,0,1,365.0,SAFE_STOP,连转 3 轮未见前头红外,0,0,1
28.887,546.0,753.0,380.0,1059.0,-0.3265,-0.098,-0.2173,-0.1754,1,0,1,0,0,0,0,0,1,252.0,SAFE_STOP,连转 3 轮未见前头红外,0,0,1
28.907,548.0,754.0,381.0,1059.0,-0.3265,-0.098,-0.2173,-0.1754,1,0,1,0,0,0,0,0,1,488.0,SAFE_STOP,连转 3 轮未见前头红外,0,0,1
28.927,546.0,753.0,380.0,1059.0,-0.3265,-0.098,-0.2173,-0.1754,1,0,1,0,0,0,0,0,1,357.0,SAFE_STOP,连转 3 轮未见前头红外,0,0,1
28.947,546.0,754.0,381.0,1060.0,-0.3265,-0.0959,-0.2145,-0.1754,1,0,1,0,0,0,0,0,1,722.0,SAFE_STOP,连转 3 轮未见前头红外,0,0,1
28.967,547.0,754.0,381.0,1059.0,-0.3265,-0.0959,-0.2145,-0.1754,1,0,1,0,0,0,0,0,1,506.0,SAFE_STOP,连转 3 轮未见前头红外,0,0,1
28.987,547.0,754.0,381.0,1060.0,-0.3238,-0.0959,-0.2145,-0.1733,1,0,1,0,0,0,0,0,1,423.0,SAFE_STOP,连转 3 轮未见前头红外,0,0,1
29.008,546.0,752.0,380.0,1058.0,-0.3238,-0.0959,-0.2145,-0.1754,1,0,1,0,0,0,0,0,1,429.0,SAFE_STOP,连转 3 轮未见前头红外,0,0,1
29.028,547.0,754.0,381.0,1060.0,-0.3238,-0.0959,-0.2145,-0.1733,1,0,1,0,0,0,0,0,1,423.0,SAFE_STOP,连转 3 轮未见前头红外,0,0,1
29.048,546.0,754.0,381.0,1060.0,-0.3265,-0.0959,-0.2145,-0.1733,1,0,1,0,0,0,0,0,1,342.0,SAFE_STOP,连转 3 轮未见前头红外,0,0,1
29.068,546.0,754.0,381.0,1060.0,-0.3265,-0.0959,-0.2145,-0.1733,1,0,1,0,0,0,0,0,1,342.0,SAFE_STOP,连转 3 轮未见前头红外,0,0,1
29.088,546.0,753.0,380.0,1059.0,-0.3265,-0.0959,-0.2145,-0.1733,1,0,1,0,0,0,0,0,1,357.0,SAFE_STOP,连转 3 轮未见前头红外,0,0,1
29.109,547.0,752.0,381.0,1059.0,-0.3265,-0.098,-0.2145,-0.1754,1,0,1,0,0,0,0,0,1,359.0,SAFE_STOP,连转 3 轮未见前头红外,0,0,1
29.129,546.0,753.0,381.0,1060.0,-0.3265,-0.098,-0.2145,-0.1754,1,0,1,0,0,0,0,0,1,440.0,SAFE_STOP,连转 3 轮未见前头红外,0,0,1
29.149,547.0,752.0,379.0,1058.0,-0.3238,-0.1002,-0.2145,-0.1754,1,0,1,0,0,0,0,0,1,423.0,SAFE_STOP,连转 3 轮未见前头红外,0,0,1
29.17,547.0,753.0,381.0,1060.0,-0.3238,-0.098,-0.2145,-0.1733,1,0,1,0,0,0,0,0,1,454.0,SAFE_STOP,连转 3 轮未见前头红外,0,0,1
29.19,547.0,754.0,381.0,1060.0,-0.3238,-0.098,-0.2145,-0.1733,1,0,1,0,0,0,0,0,1,540.0,SAFE_STOP,连转 3 轮未见前头红外,0,0,1
29.21,545.0,752.0,380.0,1058.0,-0.3238,-0.098,-0.2145,-0.1733,1,0,1,0,0,0,0,0,1,382.0,SAFE_STOP,连转 3 轮未见前头红外,0,0,1
29.23,547.0,753.0,381.0,1059.0,-0.3238,-0.098,-0.2145,-0.1754,1,0,1,0,0,0,0,0,1,375.0,SAFE_STOP,连转 3 轮未见前头红外,0,0,1
29.25,547.0,753.0,381.0,1060.0,-0.3238,-0.098,-0.2145,-0.1754,1,0,1,0,0,0,0,0,1,440.0,SAFE_STOP,连转 3 轮未见前头红外,0,0,1
29.27,546.0,753.0,380.0,1058.0,-0.3238,-0.098,-0.2145,-0.1754,1,0,1,0,0,0,0,0,1,342.0,SAFE_STOP,连转 3 轮未见前头红外,0,0,1
29.29,547.0,753.0,381.0,1060.0,-0.3238,-0.098,-0.2145,-0.1733,1,0,1,0,0,0,0,0,1,440.0,SAFE_STOP,连转 3 轮未见前头红外,0,0,1
29.31,547.0,754.0,381.0,1060.0,-0.3238,-0.098,-0.2145,-0.1733,1,0,1,0,0,0,0,0,1,571.0,SAFE_STOP,连转 3 轮未见前头红外,0,0,1
29.33,545.0,752.0,380.0,1057.0,-0.3238,-0.098,-0.2145,-0.1733,1,0,1,0,0,0,0,0,1,612.0,SAFE_STOP,连转 3 轮未见前头红外,0,0,1
29.351,547.0,753.0,380.0,1060.0,-0.3238,-0.098,-0.2173,-0.1733,1,0,1,0,0,0,0,0,1,374.0,SAFE_STOP,连转 3 轮未见前头红外,0,0,1
29.371,547.0,753.0,380.0,1060.0,-0.3238,-0.098,-0.2173,-0.1733,1,0,1,0,0,0,0,0,1,538.0,SAFE_STOP,连转 3 轮未见前头红外,0,0,1
29.391,546.0,752.0,380.0,1058.0,-0.3238,-0.098,-0.2173,-0.1733,1,0,1,0,0,0,0,0,1,422.0,SAFE_STOP,连转 3 轮未见前头红外,0,0,1
29.411,547.0,753.0,381.0,1060.0,-0.3238,-0.098,-0.2173,-0.1733,1,0,1,0,0,0,0,0,1,342.0,SAFE_STOP,连转 3 轮未见前头红外,0,0,1
29.431,546.0,752.0,380.0,1058.0,-0.3265,-0.1002,-0.2173,-0.1775,1,0,1,0,0,0,0,0,1,363.0,SAFE_STOP,连转 3 轮未见前头红外,0,0,1
29.451,546.0,751.0,380.0,1056.0,-0.3265,-0.1002,-0.2173,-0.1775,1,0,1,0,0,0,0,0,1,521.0,SAFE_STOP,连转 3 轮未见前头红外,0,0,1
29.471,547.0,753.0,381.0,1060.0,-0.3265,-0.1002,-0.2173,-0.1775,1,0,1,0,0,0,0,0,1,498.0,SAFE_STOP,连转 3 轮未见前头红外,0,0,1
29.491,547.0,753.0,381.0,1060.0,-0.3238,-0.098,-0.2145,-0.1733,1,0,1,0,0,0,0,0,1,498.0,SAFE_STOP,连转 3 轮未见前头红外,0,0,1
29.511,545.0,752.0,381.0,1059.0,-0.3238,-0.098,-0.2145,-0.1733,1,0,1,0,0,0,0,0,1,446.0,SAFE_STOP,连转 3 轮未见前头红外,0,0,1
29.532,545.0,752.0,379.0,1058.0,-0.3293,-0.1002,-0.2145,-0.1754,1,0,1,0,0,0,0,0,1,422.0,SAFE_STOP,连转 3 轮未见前头红外,0,0,1
29.552,546.0,753.0,381.0,1060.0,-0.3293,-0.1002,-0.2145,-0.1754,1,0,1,0,0,0,0,0,1,375.0,SAFE_STOP,连转 3 轮未见前头红外,0,0,1
29.572,547.0,753.0,381.0,1059.0,-0.3265,-0.098,-0.2145,-0.1754,1,0,1,0,0,0,0,0,1,344.0,SAFE_STOP,连转 3 轮未见前头红外,0,0,1
29.592,546.0,752.0,380.0,1058.0,-0.3265,-0.098,-0.2145,-0.1754,1,0,1,0,0,0,0,0,1,377.0,SAFE_STOP,连转 3 轮未见前头红外,0,0,1
29.612,546.0,752.0,381.0,1058.0,-0.3265,-0.1002,-0.2145,-0.1775,1,0,1,0,0,0,0,0,1,360.0,SAFE_STOP,连转 3 轮未见前头红外,0,0,1
29.632,547.0,753.0,380.0,1059.0,-0.3265,-0.1002,-0.2173,-0.1775,1,0,1,0,0,0,0,0,1,439.0,SAFE_STOP,连转 3 轮未见前头红外,0,0,1
29.652,547.0,751.0,380.0,1059.0,-0.3238,-0.1002,-0.2173,-0.1754,1,0,1,0,0,0,0,0,1,423.0,SAFE_STOP,连转 3 轮未见前头红外,0,0,1
29.672,547.0,753.0,381.0,1060.0,-0.3238,-0.098,-0.2173,-0.1754,1,0,1,0,0,0,0,0,1,357.0,SAFE_STOP,连转 3 轮未见前头红外,0,0,1
29.692,546.0,753.0,381.0,1059.0,-0.3238,-0.098,-0.2145,-0.1754,1,0,1,0,0,0,0,0,1,571.0,SAFE_STOP,连转 3 轮未见前头红外,0,0,1
29.713,546.0,754.0,380.0,1059.0,-0.3265,-0.098,-0.2145,-0.1754,1,0,1,0,0,0,0,0,1,374.0,SAFE_STOP,连转 3 轮未见前头红外,0,0,1
29.733,547.0,752.0,381.0,1059.0,-0.3265,-0.098,-0.2145,-0.1754,1,0,1,0,0,0,0,0,1,526.0,SAFE_STOP,连转 3 轮未见前头红外,0,0,1
29.753,547.0,752.0,380.0,1058.0,-0.3238,-0.1002,-0.2173,-0.1754,1,0,1,0,0,0,0,0,1,321.0,SAFE_STOP,连转 3 轮未见前头红外,0,0,1
29.773,546.0,751.0,380.0,1058.0,-0.3238,-0.1002,-0.2173,-0.1775,1,0,1,0,0,0,0,0,1,187.0,SAFE_STOP,连转 3 轮未见前头红外,0,0,1
29.793,546.0,751.0,380.0,1058.0,-0.3265,-0.1024,-0.2173,-0.1775,1,0,1,0,0,0,0,0,1,423.0,SAFE_STOP,连转 3 轮未见前头红外,0,0,1
29.814,546.0,750.0,380.0,1058.0,-0.3265,-0.1024,-0.2173,-0.1775,1,0,1,0,0,0,0,0,1,300.0,SAFE_STOP,连转 3 轮未见前头红外,0,0,1
29.834,546.0,748.0,381.0,1058.0,-0.3265,-0.1046,-0.2173,-0.1775,1,0,1,0,0,0,0,0,1,668.0,SAFE_STOP,连转 3 轮未见前头红外,0,0,1
29.854,546.0,752.0,379.0,1059.0,-0.3265,-0.1046,-0.2173,-0.1775,1,0,1,0,0,0,0,0,1,203.0,SAFE_STOP,连转 3 轮未见前头红外,0,0,1
29.874,544.0,749.0,379.0,1056.0,-0.3265,-0.1068,-0.2201,-0.1775,1,0,1,0,0,0,0,0,1,746.0,SAFE_STOP,连转 3 轮未见前头红外,0,0,1
29.894,544.0,749.0,379.0,1056.0,-0.332,-0.1068,-0.2201,-0.1816,1,0,1,0,0,0,0,0,1,440.0,SAFE_STOP,连转 3 轮未见前头红外,0,0,1
29.914,544.0,750.0,379.0,1057.0,-0.332,-0.1068,-0.2201,-0.1816,1,0,1,0,0,0,0,0,1,357.0,SAFE_STOP,连转 3 轮未见前头红外,0,0,1
29.934,544.0,750.0,379.0,1057.0,-0.332,-0.1046,-0.2201,-0.1795,1,0,1,0,0,0,0,0,1,357.0,SAFE_STOP,连转 3 轮未见前头红外,0,0,1
29.954,545.0,750.0,379.0,1056.0,-0.332,-0.1046,-0.2201,-0.1795,1,0,1,0,0,0,0,0,1,358.0,SAFE_STOP,连转 3 轮未见前头红外,0,0,1
29.974,544.0,747.0,378.0,1052.0,-0.332,-0.1046,-0.2201,-0.1816,1,0,1,0,0,0,0,0,1,258.0,SAFE_STOP,连转 3 轮未见前头红外,0,0,1
29.995,546.0,749.0,379.0,1056.0,-0.3293,-0.1068,-0.2201,-0.1816,1,0,1,0,0,0,0,0,1,572.0,SAFE_STOP,连转 3 轮未见前头红外,0,0,1
30.015,544.0,748.0,379.0,1056.0,-0.332,-0.1089,-0.2201,-0.1816,1,0,1,0,0,0,0,0,1,422.0,SAFE_STOP,连转 3 轮未见前头红外,0,0,1
30.035,545.0,749.0,377.0,1056.0,-0.3293,-0.1068,-0.2201,-0.1816,1,0,1,0,0,0,0,0,1,511.0,SAFE_STOP,连转 3 轮未见前头红外,0,0,1
30.055,545.0,750.0,379.0,1057.0,-0.3293,-0.1068,-0.2201,-0.1816,1,0,1,0,0,0,0,0,1,439.0,SAFE_STOP,连转 3 轮未见前头红外,0,0,1
30.076,544.0,749.0,379.0,1056.0,-0.3293,-0.1068,-0.2201,-0.1816,1,0,1,0,0,0,0,0,1,357.0,SAFE_STOP,连转 3 轮未见前头红外,0,0,1
30.101,545.0,748.0,378.0,1056.0,-0.3293,-0.1068,-0.2201,-0.1816,1,0,1,0,0,0,0,0,1,357.0,SAFE_STOP,连转 3 轮未见前头红外,0,0,1
30.122,544.0,748.0,379.0,1056.0,-0.332,-0.1089,-0.2201,-0.1816,1,0,1,0,0,0,0,0,1,372.0,SAFE_STOP,连转 3 轮未见前头红外,0,0,1
30.142,546.0,750.0,380.0,1056.0,-0.3293,-0.1089,-0.2201,-0.1816,1,0,1,0,0,0,0,0,1,423.0,SAFE_STOP,连转 3 轮未见前头红外,0,0,1
30.162,544.0,748.0,379.0,1056.0,-0.332,-0.1089,-0.2201,-0.1816,1,0,1,0,0,0,0,0,1,439.0,SAFE_STOP,连转 3 轮未见前头红外,0,0,1
30.182,546.0,750.0,379.0,1057.0,-0.3265,-0.1046,-0.2201,-0.1816,1,0,1,0,0,0,0,0,1,391.0,SAFE_STOP,连转 3 轮未见前头红外,0,0,1
30.202,545.0,750.0,379.0,1057.0,-0.3293,-0.1046,-0.2201,-0.1795,1,0,1,0,0,0,0,0,1,423.0,SAFE_STOP,连转 3 轮未见前头红外,0,0,1
30.222,544.0,749.0,379.0,1055.0,-0.3293,-0.1046,-0.2201,-0.1795,1,0,1,0,0,0,0,0,1,374.0,SAFE_STOP,连转 3 轮未见前头红外,0,0,1
30.242,544.0,748.0,378.0,1054.0,-0.332,-0.1068,-0.2201,-0.1837,1,0,1,0,0,0,0,0,1,698.0,SAFE_STOP,连转 3 轮未见前头红外,0,0,1
30.262,544.0,749.0,378.0,1054.0,-0.332,-0.1068,-0.2228,-0.1858,1,0,1,0,0,0,0,0,1,372.0,SAFE_STOP,连转 3 轮未见前头红外,0,0,1
30.283,545.0,750.0,379.0,1057.0,-0.332,-0.1068,-0.2228,-0.1858,1,0,1,0,0,0,0,0,1,407.0,SAFE_STOP,连转 3 轮未见前头红外,0,0,1
30.303,546.0,748.0,379.0,1056.0,-0.3293,-0.1068,-0.2201,-0.1816,1,0,1,0,0,0,0,0,1,422.0,SAFE_STOP,连转 3 轮未见前头红外,0,0,1
30.323,545.0,749.0,379.0,1056.0,-0.3293,-0.1068,-0.2201,-0.1816,1,0,1,0,0,0,0,0,1,341.0,SAFE_STOP,连转 3 轮未见前头红外,0,0,1
30.343,545.0,750.0,379.0,1057.0,-0.3293,-0.1068,-0.2201,-0.1816,1,0,1,0,0,0,0,0,1,538.0,SAFE_STOP,连转 3 轮未见前头红外,0,0,1
30.363,546.0,749.0,380.0,1056.0,-0.3293,-0.1068,-0.2201,-0.1816,1,0,1,0,0,0,0,0,1,358.0,SAFE_STOP,连转 3 轮未见前头红外,0,0,1
30.383,546.0,752.0,380.0,1058.0,-0.3265,-0.1046,-0.2173,-0.1795,1,0,1,0,0,0,0,0,1,529.0,SAFE_STOP,连转 3 轮未见前头红外,0,0,1
30.403,547.0,752.0,381.0,1060.0,-0.3265,-0.1002,-0.2173,-0.1775,1,0,1,0,0,0,0,0,1,443.0,SAFE_STOP,连转 3 轮未见前头红外,0,0,1
30.423,546.0,750.0,379.0,1057.0,-0.3265,-0.1002,-0.2173,-0.1775,1,0,1,0,0,0,0,0,1,422.0,SAFE_STOP,连转 3 轮未见前头红外,0,0,1
30.443,546.0,752.0,381.0,1059.0,-0.3265,-0.1002,-0.2145,-0.1754,1,0,1,0,0,0,0,0,1,373.0,SAFE_STOP,连转 3 轮未见前头红外,0,0,1
30.463,547.0,752.0,381.0,1060.0,-0.3265,-0.1002,-0.2145,-0.1754,1,0,1,0,0,0,0,0,1,313.0,SAFE_STOP,连转 3 轮未见前头红外,0,0,1
30.484,545.0,749.0,380.0,1057.0,-0.3265,-0.1002,-0.2145,-0.1754,1,0,1,0,0,0,0,0,1,374.0,SAFE_STOP,连转 3 轮未见前头红外,0,0,1
30.504,547.0,752.0,382.0,1060.0,-0.3238,-0.1002,-0.2145,-0.1733,1,0,1,0,0,0,0,0,1,376.0,SAFE_STOP,连转 3 轮未见前头红外,0,0,1
30.524,546.0,750.0,379.0,1057.0,-0.3265,-0.1046,-0.2173,-0.1795,1,0,1,0,0,0,0,0,1,270.0,SAFE_STOP,连转 3 轮未见前头红外,0,0,1
30.544,546.0,750.0,379.0,1057.0,-0.3265,-0.1046,-0.2201,-0.1795,1,0,1,0,0,0,0,0,1,270.0,SAFE_STOP,连转 3 轮未见前头红外,0,0,1
30.564,545.0,749.0,379.0,1056.0,-0.3265,-0.1046,-0.2201,-0.1795,1,0,1,0,0,0,0,0,1,423.0,SAFE_STOP,连转 3 轮未见前头红外,0,0,1
30.584,545.0,750.0,380.0,1057.0,-0.3293,-0.1046,-0.2201,-0.1795,1,0,1,0,0,0,0,0,1,422.0,SAFE_STOP,连转 3 轮未见前头红外,0,0,1
30.604,546.0,749.0,379.0,1057.0,-0.3293,-0.1068,-0.2201,-0.1795,1,0,1,0,0,0,0,0,1,269.0,SAFE_STOP,连转 3 轮未见前头红外,0,0,1
30.624,545.0,749.0,379.0,1057.0,-0.3293,-0.1068,-0.2201,-0.1795,1,0,1,0,0,0,0,0,1,371.0,SAFE_STOP,连转 3 轮未见前头红外,0,0,1
30.644,547.0,752.0,381.0,1059.0,-0.3265,-0.1068,-0.2201,-0.1795,1,0,1,0,0,0,0,0,1,472.0,SAFE_STOP,连转 3 轮未见前头红外,0,0,1
30.664,548.0,752.0,380.0,1061.0,-0.3238,-0.1002,-0.2173,-0.1754,1,0,1,0,0,0,0,0,1,423.0,SAFE_STOP,连转 3 轮未见前头红外,0,0,1
30.685,545.0,750.0,379.0,1057.0,-0.3238,-0.1002,-0.2173,-0.1754,1,0,1,0,0,0,0,0,1,347.0,SAFE_STOP,连转 3 轮未见前头红外,0,0,1
30.705,546.0,752.0,380.0,1059.0,-0.3265,-0.1002,-0.2173,-0.1754,1,0,1,0,0,0,0,0,1,386.0,SAFE_STOP,连转 3 轮未见前头红外,0,0,1
30.725,546.0,752.0,380.0,1058.0,-0.3265,-0.1002,-0.2173,-0.1775,1,0,1,0,0,0,0,0,1,261.0,SAFE_STOP,连转 3 轮未见前头红外,0,0,1
30.745,546.0,750.0,381.0,1058.0,-0.3265,-0.1002,-0.2173,-0.1775,1,0,1,0,0,0,0,0,1,651.0,SAFE_STOP,连转 3 轮未见前头红外,0,0,1
30.765,547.0,752.0,381.0,1061.0,-0.3265,-0.1002,-0.2145,-0.1775,1,0,1,0,0,0,0,0,1,374.0,SAFE_STOP,连转 3 轮未见前头红外,0,0,1
30.785,547.0,751.0,380.0,1059.0,-0.3238,-0.1024,-0.2145,-0.1754,1,0,1,0,0,0,0,0,1,715.0,SAFE_STOP,连转 3 轮未见前头红外,0,0,1
30.805,544.0,750.0,378.0,1055.0,-0.3238,-0.1024,-0.2173,-0.1754,1,0,1,0,0,0,0,0,1,422.0,SAFE_STOP,连转 3 轮未见前头红外,0,0,1
30.825,546.0,751.0,381.0,1059.0,-0.3265,-0.1024,-0.2173,-0.1754,1,0,1,0,0,0,0,0,1,293.0,SAFE_STOP,连转 3 轮未见前头红外,0,0,1
30.845,546.0,752.0,380.0,1059.0,-0.3265,-0.1024,-0.2173,-0.1754,1,0,1,0,0,0,0,0,1,359.0,SAFE_STOP,连转 3 轮未见前头红外,0,0,1
30.865,545.0,749.0,379.0,1055.0,-0.3265,-0.1024,-0.2173,-0.1754,1,0,1,0,0,0,0,0,1,274.0,SAFE_STOP,连转 3 轮未见前头红外,0,0,1
30.886,546.0,750.0,380.0,1058.0,-0.3265,-0.1046,-0.2173,-0.1775,1,0,1,0,0,0,0,0,1,374.0,SAFE_STOP,连转 3 轮未见前头红外,0,0,1
30.906,545.0,750.0,381.0,1057.0,-0.3293,-0.1046,-0.2173,-0.1795,1,0,1,0,0,0,0,0,1,440.0,SAFE_STOP,连转 3 轮未见前头红外,0,0,1
30.926,545.0,749.0,379.0,1056.0,-0.3293,-0.1046,-0.2173,-0.1795,1,0,1,0,0,0,0,0,1,585.0,SAFE_STOP,连转 3 轮未见前头红外,0,0,1
30.946,546.0,750.0,380.0,1059.0,-0.3293,-0.1046,-0.2173,-0.1795,1,0,1,0,0,0,0,0,1,440.0,SAFE_STOP,连转 3 轮未见前头红外,0,0,1
30.966,547.0,750.0,381.0,1059.0,-0.3265,-0.1046,-0.2173,-0.1754,1,0,1,0,0,0,0,0,1,358.0,SAFE_STOP,连转 3 轮未见前头红外,0,0,1
30.987,546.0,750.0,380.0,1056.0,-0.3265,-0.1046,-0.2173,-0.1754,1,0,1,0,0,0,0,0,1,375.0,SAFE_STOP,连转 3 轮未见前头红外,0,0,1
31.007,547.0,752.0,380.0,1059.0,-0.3238,-0.1046,-0.2173,-0.1754,1,0,1,0,0,0,0,0,1,341.0,SAFE_STOP,连转 3 轮未见前头红外,0,0,1
31.027,546.0,751.0,381.0,1059.0,-0.3265,-0.1024,-0.2173,-0.1754,1,0,1,0,0,0,0,0,1,440.0,SAFE_STOP,连转 3 轮未见前头红外,0,0,1
31.047,545.0,749.0,380.0,1057.0,-0.3265,-0.1024,-0.2173,-0.1754,1,0,1,0,0,0,0,0,1,440.0,SAFE_STOP,连转 3 轮未见前头红外,0,0,1
31.067,548.0,752.0,381.0,1061.0,-0.3265,-0.1024,-0.2145,-0.1754,1,0,1,0,0,0,0,0,1,375.0,SAFE_STOP,连转 3 轮未见前头红外,0,0,1
31.087,547.0,751.0,381.0,1060.0,-0.3238,-0.1024,-0.2145,-0.1733,1,0,1,0,0,0,0,0,1,357.0,SAFE_STOP,连转 3 轮未见前头红外,0,0,1
31.107,547.0,749.0,379.0,1057.0,-0.3238,-0.1024,-0.2145,-0.1733,1,0,1,0,0,0,0,0,1,341.0,SAFE_STOP,连转 3 轮未见前头红外,0,0,1
31.127,547.0,751.0,381.0,1058.0,-0.3238,-0.1024,-0.2145,-0.1775,1,0,1,0,0,0,0,0,1,653.0,SAFE_STOP,连转 3 轮未见前头红外,0,0,1
31.147,546.0,750.0,381.0,1058.0,-0.3238,-0.1046,-0.2145,-0.1775,1,0,1,0,0,0,0,0,1,439.0,SAFE_STOP,连转 3 轮未见前头红外,0,0,1
31.167,546.0,750.0,381.0,1058.0,-0.3265,-0.1046,-0.2145,-0.1775,1,0,1,0,0,0,0,0,1,439.0,SAFE_STOP,连转 3 轮未见前头红外,0,0,1
31.187,546.0,752.0,380.0,1057.0,-0.3265,-0.1046,-0.2145,-0.1775,1,0,1,0,0,0,0,0,1,523.0,SAFE_STOP,连转 3 轮未见前头红外,0,0,1
31.208,546.0,750.0,380.0,1057.0,-0.3265,-0.1046,-0.2173,-0.1795,1,0,1,0,0,0,0,0,1,374.0,SAFE_STOP,连转 3 轮未见前头红外,0,0,1
31.228,547.0,750.0,379.0,1058.0,-0.3265,-0.1046,-0.2173,-0.1795,1,0,1,0,0,0,0,0,1,89.0,SAFE_STOP,连转 3 轮未见前头红外,0,0,1
31.248,546.0,749.0,379.0,1058.0,-0.3265,-0.1046,-0.2201,-0.1775,1,0,1,0,0,0,0,0,1,375.0,SAFE_STOP,连转 3 轮未见前头红外,0,0,1
31.268,546.0,750.0,380.0,1058.0,-0.3265,-0.1046,-0.2201,-0.1775,1,0,1,0,0,0,0,0,1,438.0,SAFE_STOP,连转 3 轮未见前头红外,0,0,1
31.288,546.0,750.0,380.0,1058.0,-0.3265,-0.1046,-0.2173,-0.1775,1,0,1,0,0,0,0,0,1,407.0,SAFE_STOP,连转 3 轮未见前头红外,0,0,1
31.308,547.0,750.0,380.0,1059.0,-0.3265,-0.1046,-0.2173,-0.1775,1,0,1,0,0,0,0,0,1,72.0,SAFE_STOP,连转 3 轮未见前头红外,0,0,1
31.328,547.0,751.0,380.0,1060.0,-0.3238,-0.1046,-0.2173,-0.1754,1,0,1,0,0,0,0,0,1,384.0,SAFE_STOP,连转 3 轮未见前头红外,0,0,1
31.348,546.0,749.0,379.0,1058.0,-0.3238,-0.1046,-0.2173,-0.1754,1,0,1,0,0,0,0,0,1,300.0,SAFE_STOP,连转 3 轮未见前头红外,0,0,1
31.368,546.0,750.0,380.0,1058.0,-0.3265,-0.1046,-0.2173,-0.1775,1,0,1,0,0,0,0,0,1,294.0,SAFE_STOP,连转 3 轮未见前头红外,0,0,1
31.389,547.0,752.0,381.0,1060.0,-0.3265,-0.1046,-0.2173,-0.1775,1,0,1,0,0,0,0,0,1,379.0,SAFE_STOP,连转 3 轮未见前头红外,0,0,1
31.409,547.0,751.0,380.0,1060.0,-0.3238,-0.1024,-0.2173,-0.1733,1,0,1,0,0,0,0,0,1,382.0,SAFE_STOP,连转 3 轮未见前头红外,0,0,1
31.429,546.0,750.0,380.0,1058.0,-0.3238,-0.1024,-0.2173,-0.1733,1,0,1,0,0,0,0,0,1,668.0,SAFE_STOP,连转 3 轮未见前头红外,0,0,1
31.449,546.0,750.0,380.0,1059.0,-0.3265,-0.1046,-0.2173,-0.1754,1,0,1,0,0,0,0,0,1,423.0,SAFE_STOP,连转 3 轮未见前头红外,0,0,1
31.469,546.0,750.0,381.0,1059.0,-0.3265,-0.1046,-0.2173,-0.1754,1,0,1,0,0,0,0,0,1,414.0,SAFE_STOP,连转 3 轮未见前头红外,0,0,1
31.489,546.0,750.0,380.0,1059.0,-0.3265,-0.1046,-0.2173,-0.1754,1,0,1,0,0,0,0,0,1,375.0,SAFE_STOP,连转 3 轮未见前头红外,0,0,1
31.51,547.0,752.0,381.0,1060.0,-0.3265,-0.1046,-0.2145,-0.1754,1,0,1,0,0,0,0,0,1,375.0,SAFE_STOP,连转 3 轮未见前头红外,0,0,1
31.53,547.0,752.0,381.0,1060.0,-0.3238,-0.1002,-0.2145,-0.1733,1,0,1,0,0,0,0,0,1,440.0,SAFE_STOP,连转 3 轮未见前头红外,0,0,1
31.55,546.0,750.0,380.0,1059.0,-0.3238,-0.1002,-0.2145,-0.1733,1,0,1,0,0,0,0,0,1,439.0,SAFE_STOP,连转 3 轮未见前头红外,0,0,1
31.57,548.0,750.0,381.0,1061.0,-0.3238,-0.1046,-0.2145,-0.1733,1,0,1,0,0,0,0,0,1,358.0,SAFE_STOP,连转 3 轮未见前头红外,0,0,1
31.59,548.0,750.0,381.0,1061.0,-0.3211,-0.1046,-0.2145,-0.1712,1,0,1,0,0,0,0,0,1,358.0,SAFE_STOP,连转 3 轮未见前头红外,0,0,1
31.61,546.0,751.0,381.0,1060.0,-0.3211,-0.1046,-0.2145,-0.1712,1,0,1,0,0,0,0,0,1,359.0,SAFE_STOP,连转 3 轮未见前头红外,0,0,1
31.631,546.0,750.0,380.0,1058.0,-0.3265,-0.1046,-0.2145,-0.1733,1,0,1,0,0,0,0,0,1,309.0,SAFE_STOP,连转 3 轮未见前头红外,0,0,1
31.651,546.0,751.0,381.0,1060.0,-0.3265,-0.1024,-0.2145,-0.1733,1,0,1,0,0,0,0,0,1,375.0,SAFE_STOP,连转 3 轮未见前头红外,0,0,1
31.671,547.0,751.0,380.0,1059.0,-0.3265,-0.1024,-0.2173,-0.1754,1,0,1,0,0,0,0,0,1,440.0,SAFE_STOP,连转 3 轮未见前头红外,0,0,1
31.691,547.0,750.0,380.0,1059.0,-0.3238,-0.1024,-0.2173,-0.1754,1,0,1,0,0,0,0,0,1,756.0,SAFE_STOP,连转 3 轮未见前头红外,0,0,1
31.712,548.0,752.0,380.0,1061.0,-0.3238,-0.1024,-0.2173,-0.1754,1,0,1,0,0,0,0,0,1,439.0,SAFE_STOP,连转 3 轮未见前头红外,0,0,1
31.732,547.0,752.0,381.0,1061.0,-0.3238,-0.1002,-0.2173,-0.1712,1,0,1,0,0,0,0,0,1,342.0,SAFE_STOP,连转 3 轮未见前头红外,0,0,1
31.752,546.0,750.0,379.0,1059.0,-0.3238,-0.1002,-0.2173,-0.1712,1,0,1,0,0,0,0,0,1,361.0,SAFE_STOP,连转 3 轮未见前头红外,0,0,1
31.772,546.0,750.0,381.0,1058.0,-0.3265,-0.1046,-0.2145,-0.1754,1,0,1,0,0,0,0,0,1,262.0,SAFE_STOP,连转 3 轮未见前头红外,0,0,1
31.793,547.0,751.0,381.0,1061.0,-0.3265,-0.1046,-0.2145,-0.1754,1,0,1,0,0,0,0,0,1,570.0,SAFE_STOP,连转 3 轮未见前头红外,0,0,1
31.813,546.0,750.0,380.0,1059.0,-0.3265,-0.1046,-0.2145,-0.1754,1,0,1,0,0,0,0,0,1,439.0,SAFE_STOP,连转 3 轮未见前头红外,0,0,1
31.833,547.0,752.0,380.0,1059.0,-0.3238,-0.1024,-0.2173,-0.1754,1,0,1,0,0,0,0,0,1,753.0,SAFE_STOP,连转 3 轮未见前头红外,0,0,1
31.853,548.0,752.0,381.0,1062.0,-0.3238,-0.1002,-0.2173,-0.1754,1,0,1,0,0,0,0,0,1,358.0,SAFE_STOP,连转 3 轮未见前头红外,0,0,1
31.873,547.0,751.0,381.0,1061.0,-0.3238,-0.1002,-0.2145,-0.1712,1,0,1,0,0,0,0,0,1,343.0,SAFE_STOP,连转 3 轮未见前头红外,0,0,1
31.893,546.0,750.0,379.0,1059.0,-0.3238,-0.1024,-0.2145,-0.1712,1,0,1,0,0,0,0,0,1,357.0,SAFE_STOP,连转 3 轮未见前头红外,0,0,1
31.913,547.0,750.0,381.0,1060.0,-0.3238,-0.1046,-0.2145,-0.1733,1,0,1,0,0,0,0,0,1,373.0,SAFE_STOP,连转 3 轮未见前头红外,0,0,1
31.933,547.0,751.0,381.0,1061.0,-0.3238,-0.1046,-0.2145,-0.1733,1,0,1,0,0,0,0,0,1,398.0,SAFE_STOP,连转 3 轮未见前头红外,0,0,1
31.954,546.0,752.0,380.0,1059.0,-0.3238,-0.1024,-0.2145,-0.1733,1,0,1,0,0,0,0,0,1,425.0,SAFE_STOP,连转 3 轮未见前头红外,0,0,1
31.974,547.0,752.0,380.0,1060.0,-0.3238,-0.1002,-0.2173,-0.1733,1,0,1,0,0,0,0,0,1,454.0,SAFE_STOP,连转 3 轮未见前头红外,0,0,1
31.994,546.0,752.0,380.0,1060.0,-0.3265,-0.1002,-0.2173,-0.1733,1,0,1,0,0,0,0,0,1,374.0,SAFE_STOP,连转 3 轮未见前头红外,0,0,1
32.014,546.0,752.0,380.0,1060.0,-0.3265,-0.1002,-0.2173,-0.1733,1,0,1,0,0,0,0,0,1,374.0,SAFE_STOP,连转 3 轮未见前头红外,0,0,1
32.034,546.0,752.0,380.0,1060.0,-0.3265,-0.1002,-0.2173,-0.1733,1,0,1,0,0,0,0,0,1,375.0,SAFE_STOP,连转 3 轮未见前头红外,0,0,1
32.054,547.0,750.0,381.0,1059.0,-0.3265,-0.1002,-0.2173,-0.1733,1,0,1,0,0,0,0,0,1,472.0,SAFE_STOP,连转 3 轮未见前头红外,0,0,1
32.074,548.0,751.0,381.0,1061.0,-0.3238,-0.1024,-0.2145,-0.1733,1,0,1,0,0,0,0,0,1,423.0,SAFE_STOP,连转 3 轮未见前头红外,0,0,1
32.094,546.0,751.0,380.0,1059.0,-0.3238,-0.1024,-0.2145,-0.1754,1,0,1,0,0,0,0,0,1,374.0,SAFE_STOP,连转 3 轮未见前头红外,0,0,1
32.114,546.0,751.0,380.0,1059.0,-0.3265,-0.1024,-0.2173,-0.1754,1,0,1,0,0,0,0,0,1,359.0,SAFE_STOP,连转 3 轮未见前头红外,0,0,1
32.135,547.0,752.0,381.0,1060.0,-0.3265,-0.1024,-0.2173,-0.1754,1,0,1,0,0,0,0,0,1,342.0,SAFE_STOP,连转 3 轮未见前头红外,0,0,1
32.155,547.0,750.0,380.0,1060.0,-0.3238,-0.1024,-0.2173,-0.1733,1,0,1,0,0,0,0,0,1,277.0,SAFE_STOP,连转 3 轮未见前头红外,0,0,1
32.175,547.0,752.0,381.0,1060.0,-0.3238,-0.1002,-0.2145,-0.1733,1,0,1,0,0,0,0,0,1,440.0,SAFE_STOP,连转 3 轮未见前头红外,0,0,1
32.195,548.0,752.0,381.0,1061.0,-0.3238,-0.1002,-0.2145,-0.1733,1,0,1,0,0,0,0,0,1,656.0,SAFE_STOP,连转 3 轮未见前头红外,0,0,1
32.215,547.0,750.0,380.0,1059.0,-0.3238,-0.1002,-0.2145,-0.1733,1,0,1,0,0,0,0,0,1,434.0,SAFE_STOP,连转 3 轮未见前头红外,0,0,1
32.235,547.0,752.0,381.0,1061.0,-0.3238,-0.1002,-0.2145,-0.1712,1,0,1,0,0,0,0,0,1,187.0,SAFE_STOP,连转 3 轮未见前头红外,0,0,1
32.255,547.0,751.0,381.0,1060.0,-0.3238,-0.1024,-0.2145,-0.1733,1,0,1,0,0,0,0,0,1,456.0,SAFE_STOP,连转 3 轮未见前头红外,0,0,1
32.275,547.0,751.0,380.0,1060.0,-0.3238,-0.1024,-0.2145,-0.1733,1,0,1,0,0,0,0,0,1,292.0,SAFE_STOP,连转 3 轮未见前头红外,0,0,1
32.295,548.0,752.0,381.0,1061.0,-0.3238,-0.1024,-0.2145,-0.1733,1,0,1,0,0,0,0,0,1,395.0,SAFE_STOP,连转 3 轮未见前头红外,0,0,1
32.316,548.0,752.0,381.0,1060.0,-0.3211,-0.1002,-0.2145,-0.1733,1,0,1,0,0,0,0,0,1,439.0,SAFE_STOP,连转 3 轮未见前头红外,0,0,1
32.336,546.0,750.0,380.0,1059.0,-0.3211,-0.1002,-0.2145,-0.1733,1,0,1,0,0,0,0,0,1,452.0,SAFE_STOP,连转 3 轮未见前头红外,0,0,1
32.356,547.0,751.0,381.0,1061.0,-0.3238,-0.1024,-0.2145,-0.1733,1,0,1,0,0,0,0,0,1,357.0,SAFE_STOP,连转 3 轮未见前头红外,0,0,1
32.376,547.0,750.0,381.0,1060.0,-0.3238,-0.1046,-0.2145,-0.1733,1,0,1,0,0,0,0,0,1,375.0,SAFE_STOP,连转 3 轮未见前头红外,0,0,1
32.396,547.0,751.0,380.0,1060.0,-0.3238,-0.1024,-0.2145,-0.1733,1,0,1,0,0,0,0,0,1,375.0,SAFE_STOP,连转 3 轮未见前头红外,0,0,1
32.416,547.0,751.0,381.0,1061.0,-0.3238,-0.1024,-0.2145,-0.1733,1,0,1,0,0,0,0,0,1,439.0,SAFE_STOP,连转 3 轮未见前头红外,0,0,1
32.436,547.0,751.0,381.0,1061.0,-0.3238,-0.1024,-0.2145,-0.1712,1,0,1,0,0,0,0,0,1,439.0,SAFE_STOP,连转 3 轮未见前头红外,0,0,1
32.456,546.0,750.0,380.0,1059.0,-0.3238,-0.1024,-0.2145,-0.1712,1,0,1,0,0,0,0,0,1,394.0,SAFE_STOP,连转 3 轮未见前头红外,0,0,1
32.476,545.0,748.0,379.0,1057.0,-0.3265,-0.1046,-0.2173,-0.1754,1,0,1,0,0,0,0,0,1,375.0,SAFE_STOP,连转 3 轮未见前头红外,0,0,1
32.497,547.0,751.0,381.0,1060.0,-0.3265,-0.1046,-0.2173,-0.1754,1,0,1,0,0,0,0,0,1,357.0,SAFE_STOP,连转 3 轮未见前头红外,0,0,1
32.517,547.0,750.0,381.0,1059.0,-0.3238,-0.1046,-0.2145,-0.1754,1,0,1,0,0,0,0,0,1,374.0,SAFE_STOP,连转 3 轮未见前头红外,0,0,1
32.537,546.0,749.0,379.0,1058.0,-0.3238,-0.1046,-0.2145,-0.1754,1,0,1,0,0,0,0,0,1,375.0,SAFE_STOP,连转 3 轮未见前头红外,0,0,1
32.557,546.0,750.0,381.0,1061.0,-0.3265,-0.1046,-0.2145,-0.1754,1,0,1,0,0,0,0,0,1,424.0,SAFE_STOP,连转 3 轮未见前头红外,0,0,1
32.577,547.0,751.0,380.0,1060.0,-0.3265,-0.1046,-0.2173,-0.1733,1,0,1,0,0,0,0,0,1,234.0,SAFE_STOP,连转 3 轮未见前头红外,0,0,1
32.597,546.0,750.0,380.0,1060.0,-0.3265,-0.1046,-0.2173,-0.1733,1,0,1,0,0,0,0,0,1,218.0,SAFE_STOP,连转 3 轮未见前头红外,0,0,1
32.618,546.0,751.0,381.0,1060.0,-0.3265,-0.1024,-0.2173,-0.1733,1,0,1,0,0,0,0,0,1,439.0,SAFE_STOP,连转 3 轮未见前头红外,0,0,1
32.638,546.0,749.0,381.0,1060.0,-0.3265,-0.1046,-0.2145,-0.1733,1,0,1,0,0,0,0,0,1,344.0,SAFE_STOP,连转 3 轮未见前头红外,0,0,1
32.658,546.0,749.0,380.0,1058.0,-0.3265,-0.1068,-0.2145,-0.1733,1,0,1,0,0,0,0,0,1,374.0,SAFE_STOP,连转 3 轮未见前头红外,0,0,1
32.678,547.0,751.0,381.0,1061.0,-0.3265,-0.1068,-0.2145,-0.1733,1,0,1,0,0,0,0,0,1,439.0,SAFE_STOP,连转 3 轮未见前头红外,0,0,1
32.698,547.0,750.0,381.0,1061.0,-0.3238,-0.1046,-0.2145,-0.1712,1,0,1,0,0,0,0,0,1,529.0,SAFE_STOP,连转 3 轮未见前头红外,0,0,1
32.718,547.0,750.0,380.0,1060.0,-0.3238,-0.1046,-0.2145,-0.1712,1,0,1,0,0,0,0,0,1,423.0,SAFE_STOP,连转 3 轮未见前头红外,0,0,1
32.738,546.0,751.0,380.0,1061.0,-0.3238,-0.1046,-0.2173,-0.1712,1,0,1,0,0,0,0,0,1,358.0,SAFE_STOP,连转 3 轮未见前头红外,0,0,1
32.758,547.0,751.0,381.0,1061.0,-0.3238,-0.1024,-0.2173,-0.1712,1,0,1,0,0,0,0,0,1,449.0,SAFE_STOP,连转 3 轮未见前头红外,0,0,1
32.779,547.0,750.0,380.0,1060.0,-0.3238,-0.1024,-0.2173,-0.1712,1,0,1,0,0,0,0,0,1,361.0,SAFE_STOP,连转 3 轮未见前头红外,0,0,1
32.799,548.0,752.0,381.0,1061.0,-0.3238,-0.1024,-0.2145,-0.1712,1,0,1,0,0,0,0,0,1,456.0,SAFE_STOP,连转 3 轮未见前头红外,0,0,1
32.819,547.0,750.0,381.0,1061.0,-0.3238,-0.1046,-0.2145,-0.1712,1,0,1,0,0,0,0,0,1,253.0,SAFE_STOP,连转 3 轮未见前头红外,0,0,1
32.84,546.0,749.0,381.0,1060.0,-0.3238,-0.1046,-0.2145,-0.1712,1,0,1,0,0,0,0,0,1,159.0,SAFE_STOP,连转 3 轮未见前头红外,0,0,1
32.861,547.0,751.0,381.0,1060.0,-0.3238,-0.1046,-0.2145,-0.1733,1,0,1,0,0,0,0,0,1,357.0,SAFE_STOP,连转 3 轮未见前头红外,0,0,1
32.881,547.0,750.0,381.0,1059.0,-0.3238,-0.1046,-0.2145,-0.1733,1,0,1,0,0,0,0,0,1,376.0,SAFE_STOP,连转 3 轮未见前头红外,0,0,1
32.901,547.0,750.0,381.0,1059.0,-0.3238,-0.1046,-0.2145,-0.1754,1,0,1,0,0,0,0,0,1,376.0,SAFE_STOP,连转 3 轮未见前头红外,0,0,1
32.922,547.0,750.0,380.0,1060.0,-0.3238,-0.1046,-0.2145,-0.1754,1,0,1,0,0,0,0,0,1,407.0,SAFE_STOP,连转 3 轮未见前头红外,0,0,1
32.942,547.0,749.0,380.0,1060.0,-0.3238,-0.1046,-0.2173,-0.1733,1,0,1,0,0,0,0,0,1,456.0,SAFE_STOP,连转 3 轮未见前头红外,0,0,1
32.962,546.0,750.0,381.0,1061.0,-0.3238,-0.1046,-0.2173,-0.1733,1,0,1,0,0,0,0,0,1,440.0,SAFE_STOP,连转 3 轮未见前头红外,0,0,1
32.982,546.0,750.0,380.0,1060.0,-0.3265,-0.1046,-0.2173,-0.1733,1,0,1,0,0,0,0,0,1,359.0,SAFE_STOP,连转 3 轮未见前头红外,0,0,1
33.002,547.0,749.0,381.0,1061.0,-0.3265,-0.1046,-0.2145,-0.1712,1,0,1,0,0,0,0,0,1,374.0,SAFE_STOP,连转 3 轮未见前头红外,0,0,1
33.022,547.0,750.0,380.0,1061.0,-0.3238,-0.1046,-0.2173,-0.1712,1,0,1,0,0,0,0,0,1,357.0,SAFE_STOP,连转 3 轮未见前头红外,0,0,1
33.042,546.0,748.0,381.0,1059.0,-0.3238,-0.1068,-0.2145,-0.1712,1,0,1,0,0,0,0,0,1,422.0,SAFE_STOP,连转 3 轮未见前头红外,0,0,1
33.062,546.0,748.0,382.0,1060.0,-0.3265,-0.1089,-0.2145,-0.1733,1,0,1,0,0,0,0,0,1,365.0,SAFE_STOP,连转 3 轮未见前头红外,0,0,1
33.082,546.0,749.0,380.0,1060.0,-0.3265,-0.1089,-0.2145,-0.1733,1,0,1,0,0,0,0,0,1,445.0,SAFE_STOP,连转 3 轮未见前头红外,0,0,1
33.103,547.0,749.0,380.0,1059.0,-0.3265,-0.1068,-0.2173,-0.1733,1,0,1,0,0,0,0,0,1,359.0,SAFE_STOP,连转 3 轮未见前头红外,0,0,1
33.123,546.0,750.0,381.0,1060.0,-0.3265,-0.1068,-0.2173,-0.1733,1,0,1,0,0,0,0,0,1,529.0,SAFE_STOP,连转 3 轮未见前头红外,0,0,1
33.143,546.0,748.0,380.0,1059.0,-0.3265,-0.1068,-0.2173,-0.1754,1,0,1,0,0,0,0,0,1,363.0,SAFE_STOP,连转 3 轮未见前头红外,0,0,1
33.163,546.0,749.0,381.0,1061.0,-0.3265,-0.1068,-0.2145,-0.1733,1,0,1,0,0,0,0,0,1,523.0,SAFE_STOP,连转 3 轮未见前头红外,0,0,1
33.183,546.0,749.0,380.0,1061.0,-0.3265,-0.1068,-0.2173,-0.1712,1,0,1,0,0,0,0,0,1,407.0,SAFE_STOP,连转 3 轮未见前头红外,0,0,1
33.203,547.0,749.0,380.0,1060.0,-0.3265,-0.1068,-0.2173,-0.1712,1,0,1,0,0,0,0,0,1,333.0,SAFE_STOP,连转 3 轮未见前头红外,0,0,1
33.223,547.0,749.0,381.0,1062.0,-0.3238,-0.1068,-0.2173,-0.1712,1,0,1,0,0,0,0,0,1,373.0,SAFE_STOP,连转 3 轮未见前头红外,0,0,1
33.243,547.0,749.0,380.0,1060.0,-0.3238,-0.1068,-0.2173,-0.1733,1,0,1,0,0,0,0,0,1,375.0,SAFE_STOP,连转 3 轮未见前头红外,0,0,1
33.263,546.0,748.0,380.0,1059.0,-0.3238,-0.1068,-0.2173,-0.1733,1,0,1,0,0,0,0,0,1,716.0,SAFE_STOP,连转 3 轮未见前头红外,0,0,1
33.284,546.0,748.0,380.0,1059.0,-0.3265,-0.1089,-0.2173,-0.1754,1,0,1,0,0,0,0,0,1,716.0,SAFE_STOP,连转 3 轮未见前头红外,0,0,1
33.304,546.0,748.0,379.0,1059.0,-0.3265,-0.1089,-0.2173,-0.1754,1,0,1,0,0,0,0,0,1,374.0,SAFE_STOP,连转 3 轮未见前头红外,0,0,1
33.324,545.0,747.0,380.0,1058.0,-0.3265,-0.1089,-0.2173,-0.1754,1,0,1,0,0,0,0,0,1,554.0,SAFE_STOP,连转 3 轮未见前头红外,0,0,1
33.344,545.0,747.0,380.0,1059.0,-0.3293,-0.1111,-0.2173,-0.1754,1,0,1,0,0,0,0,0,1,422.0,SAFE_STOP,连转 3 轮未见前头红外,0,0,1
33.364,546.0,748.0,380.0,1061.0,-0.3293,-0.1111,-0.2173,-0.1754,1,0,1,0,0,0,0,0,1,293.0,SAFE_STOP,连转 3 轮未见前头红外,0,0,1
33.384,546.0,749.0,380.0,1059.0,-0.3265,-0.1089,-0.2173,-0.1754,1,0,1,0,0,0,0,0,1,358.0,SAFE_STOP,连转 3 轮未见前头红外,0,0,1
33.404,547.0,749.0,381.0,1060.0,-0.3265,-0.1068,-0.2173,-0.1733,1,0,1,0,0,0,0,0,1,373.0,SAFE_STOP,连转 3 轮未见前头红外,0,0,1
33.425,546.0,749.0,381.0,1061.0,-0.3265,-0.1068,-0.2145,-0.1733,1,0,1,0,0,0,0,0,1,488.0,SAFE_STOP,连转 3 轮未见前头红外,0,0,1
33.445,547.0,749.0,381.0,1061.0,-0.3238,-0.1068,-0.2145,-0.1712,1,0,1,0,0,0,0,0,1,439.0,SAFE_STOP,连转 3 轮未见前头红外,0,0,1
33.465,546.0,748.0,381.0,1060.0,-0.3265,-0.1068,-0.2145,-0.1712,1,0,1,0,0,0,0,0,1,439.0,SAFE_STOP,连转 3 轮未见前头红外,0,0,1
33.485,547.0,749.0,381.0,1061.0,-0.3238,-0.1068,-0.2145,-0.1712,1,0,1,0,0,0,0,0,1,424.0,SAFE_STOP,连转 3 轮未见前头红外,0,0,1
33.505,547.0,749.0,381.0,1062.0,-0.3238,-0.1068,-0.2145,-0.1712,1,0,1,0,0,0,0,0,1,374.0,SAFE_STOP,连转 3 轮未见前头红外,0,0,1
33.525,548.0,749.0,381.0,1061.0,-0.3238,-0.1068,-0.2145,-0.1712,1,0,1,0,0,0,0,0,1,487.0,SAFE_STOP,连转 3 轮未见前头红外,0,0,1
33.546,547.0,749.0,381.0,1060.0,-0.3238,-0.1068,-0.2145,-0.1712,1,0,1,0,0,0,0,0,1,424.0,SAFE_STOP,连转 3 轮未见前头红外,0,0,1
33.566,546.0,748.0,381.0,1061.0,-0.3238,-0.1068,-0.2145,-0.1712,1,0,1,0,0,0,0,0,1,403.0,SAFE_STOP,连转 3 轮未见前头红外,0,0,1
33.586,546.0,749.0,380.0,1061.0,-0.3265,-0.1068,-0.2145,-0.1712,1,0,1,0,0,0,0,0,1,439.0,SAFE_STOP,连转 3 轮未见前头红外,0,0,1
33.606,547.0,749.0,381.0,1062.0,-0.3265,-0.1068,-0.2145,-0.1712,1,0,1,0,0,0,0,0,1,358.0,SAFE_STOP,连转 3 轮未见前头红外,0,0,1
33.626,546.0,747.0,380.0,1059.0,-0.3265,-0.1068,-0.2173,-0.1712,1,0,1,0,0,0,0,0,1,637.0,SAFE_STOP,连转 3 轮未见前头红外,0,0,1
33.646,546.0,750.0,380.0,1061.0,-0.3265,-0.1068,-0.2173,-0.1712,1,0,1,0,0,0,0,0,1,374.0,SAFE_STOP,连转 3 轮未见前头红外,0,0,1
33.666,546.0,750.0,380.0,1061.0,-0.3265,-0.1046,-0.2173,-0.1712,1,0,1,0,0,0,0,0,1,374.0,SAFE_STOP,连转 3 轮未见前头红外,0,0,1
33.686,548.0,748.0,381.0,1062.0,-0.3265,-0.1046,-0.2173,-0.1712,1,0,1,0,0,0,0,0,1,732.0,SAFE_STOP,连转 3 轮未见前头红外,0,0,1
33.706,546.0,748.0,380.0,1060.0,-0.3265,-0.1089,-0.2173,-0.1712,1,0,1,0,0,0,0,0,1,588.0,SAFE_STOP,连转 3 轮未见前头红外,0,0,1
33.726,547.0,748.0,381.0,1060.0,-0.3238,-0.1089,-0.2145,-0.1733,1,0,1,0,0,0,0,0,1,372.0,SAFE_STOP,连转 3 轮未见前头红外,0,0,1
33.747,547.0,748.0,381.0,1061.0,-0.3238,-0.1089,-0.2145,-0.1733,1,0,1,0,0,0,0,0,1,380.0,SAFE_STOP,连转 3 轮未见前头红外,0,0,1
33.767,547.0,749.0,380.0,1061.0,-0.3238,-0.1089,-0.2145,-0.1712,1,0,1,0,0,0,0,0,1,359.0,SAFE_STOP,连转 3 轮未见前头红外,0,0,1
33.787,547.0,748.0,380.0,1060.0,-0.3238,-0.1089,-0.2173,-0.1712,1,0,1,0,0,0,0,0,1,351.0,SAFE_STOP,连转 3 轮未见前头红外,0,0,1
33.807,547.0,749.0,381.0,1061.0,-0.3238,-0.1068,-0.2173,-0.1712,1,0,1,0,0,0,0,0,1,198.0,SAFE_STOP,连转 3 轮未见前头红外,0,0,1
33.827,547.0,749.0,380.0,1060.0,-0.3238,-0.1068,-0.2173,-0.1733,1,0,1,0,0,0,0,0,1,439.0,SAFE_STOP,连转 3 轮未见前头红外,0,0,1
33.847,547.0,749.0,380.0,1060.0,-0.3238,-0.1068,-0.2173,-0.1733,1,0,1,0,0,0,0,0,1,424.0,SAFE_STOP,连转 3 轮未见前头红外,0,0,1
33.867,547.0,750.0,381.0,1062.0,-0.3238,-0.1068,-0.2173,-0.1733,1,0,1,0,0,0,0,0,1,365.0,SAFE_STOP,连转 3 轮未见前头红外,0,0,1
33.887,547.0,748.0,380.0,1061.0,-0.3238,-0.1068,-0.2173,-0.1712,1,0,1,0,0,0,0,0,1,375.0,SAFE_STOP,连转 3 轮未见前头红外,0,0,1
33.908,545.0,746.0,379.0,1059.0,-0.3238,-0.1089,-0.2173,-0.1712,1,0,1,0,0,0,0,0,1,362.0,SAFE_STOP,连转 3 轮未见前头红外,0,0,1
33.928,547.0,749.0,381.0,1061.0,-0.3238,-0.1089,-0.2173,-0.1712,1,0,1,0,0,0,0,0,1,405.0,SAFE_STOP,连转 3 轮未见前头红外,0,0,1
33.948,547.0,748.0,380.0,1060.0,-0.3238,-0.1089,-0.2173,-0.1733,1,0,1,0,0,0,0,0,1,440.0,SAFE_STOP,连转 3 轮未见前头红外,0,0,1
33.968,546.0,747.0,381.0,1060.0,-0.3238,-0.1089,-0.2145,-0.1733,1,0,1,0,0,0,0,0,1,423.0,SAFE_STOP,连转 3 轮未见前头红外,0,0,1
33.988,547.0,749.0,381.0,1062.0,-0.3238,-0.1089,-0.2145,-0.1733,1,0,1,0,0,0,0,0,1,309.0,SAFE_STOP,连转 3 轮未见前头红外,0,0,1
34.008,547.0,749.0,380.0,1061.0,-0.3238,-0.1068,-0.2145,-0.1712,1,0,1,0,0,0,0,0,1,374.0,SAFE_STOP,连转 3 轮未见前头红外,0,0,1
34.029,546.0,748.0,380.0,1061.0,-0.3238,-0.1068,-0.2173,-0.1712,1,0,1,0,0,0,0,0,1,385.0,SAFE_STOP,连转 3 轮未见前头红外,0,0,1
34.049,546.0,748.0,380.0,1061.0,-0.3265,-0.1089,-0.2173,-0.1712,1,0,1,0,0,0,0,0,1,385.0,SAFE_STOP,连转 3 轮未见前头红外,0,0,1
34.069,547.0,750.0,381.0,1062.0,-0.3265,-0.1089,-0.2173,-0.1712,1,0,1,0,0,0,0,0,1,588.0,SAFE_STOP,连转 3 轮未见前头红外,0,0,1
34.089,546.0,747.0,380.0,1059.0,-0.3265,-0.1089,-0.2173,-0.1712,1,0,1,0,0,0,0,0,1,440.0,SAFE_STOP,连转 3 轮未见前头红外,0,0,1
34.109,546.0,748.0,380.0,1060.0,-0.3265,-0.1089,-0.2173,-0.1733,1,0,1,0,0,0,0,0,1,422.0,SAFE_STOP,连转 3 轮未见前头红外,0,0,1
34.129,547.0,749.0,382.0,1062.0,-0.3265,-0.1089,-0.2173,-0.1733,1,0,1,0,0,0,0,0,1,358.0,SAFE_STOP,连转 3 轮未见前头红外,0,0,1
34.149,544.0,749.0,380.0,1061.0,-0.3265,-0.1068,-0.2173,-0.1712,1,0,1,0,0,0,0,0,1,342.0,SAFE_STOP,连转 3 轮未见前头红外,0,0,1
34.17,546.0,747.0,380.0,1059.0,-0.3265,-0.1068,-0.2173,-0.1712,1,0,1,0,0,0,0,0,1,358.0,SAFE_STOP,连转 3 轮未见前头红外,0,0,1
34.19,547.0,749.0,381.0,1061.0,-0.3265,-0.1068,-0.2173,-0.1712,1,0,1,0,0,0,0,0,1,441.0,SAFE_STOP,连转 3 轮未见前头红外,0,0,1
34.21,546.0,748.0,381.0,1060.0,-0.3265,-0.1089,-0.2145,-0.1733,1,0,1,0,0,0,0,0,1,716.0,SAFE_STOP,连转 3 轮未见前头红外,0,0,1
34.23,546.0,748.0,380.0,1060.0,-0.3265,-0.1089,-0.2145,-0.1733,1,0,1,0,0,0,0,0,1,438.0,SAFE_STOP,连转 3 轮未见前头红外,0,0,1
34.25,547.0,748.0,380.0,1060.0,-0.3265,-0.1089,-0.2173,-0.1733,1,0,1,0,0,0,0,0,1,375.0,SAFE_STOP,连转 3 轮未见前头红外,0,0,1
34.27,547.0,748.0,381.0,1061.0,-0.3238,-0.1089,-0.2173,-0.1733,1,0,1,0,0,0,0,0,1,375.0,SAFE_STOP,连转 3 轮未见前头红外,0,0,1
34.29,546.0,748.0,380.0,1059.0,-0.3238,-0.1089,-0.2173,-0.1733,1,0,1,0,0,0,0,0,1,292.0,SAFE_STOP,连转 3 轮未见前头红外,0,0,1
34.311,547.0,749.0,381.0,1062.0,-0.3238,-0.1089,-0.2145,-0.1712,1,0,1,0,0,0,0,0,1,423.0,SAFE_STOP,连转 3 轮未见前头红外,0,0,1
34.331,547.0,748.0,381.0,1061.0,-0.3238,-0.1089,-0.2145,-0.1712,1,0,1,0,0,0,0,0,1,424.0,SAFE_STOP,连转 3 轮未见前头红外,0,0,1
34.351,547.0,748.0,380.0,1060.0,-0.3238,-0.1089,-0.2145,-0.1712,1,0,1,0,0,0,0,0,1,472.0,SAFE_STOP,连转 3 轮未见前头红外,0,0,1
34.371,546.0,748.0,381.0,1061.0,-0.3238,-0.1089,-0.2145,-0.1712,1,0,1,0,0,0,0,0,1,359.0,SAFE_STOP,连转 3 轮未见前头红外,0,0,1
34.391,546.0,748.0,380.0,1061.0,-0.3265,-0.1089,-0.2173,-0.1712,1,0,1,0,0,0,0,0,1,375.0,SAFE_STOP,连转 3 轮未见前头红外,0,0,1
34.411,546.0,748.0,381.0,1060.0,-0.3265,-0.1089,-0.2145,-0.1712,1,0,1,0,0,0,0,0,1,351.0,SAFE_STOP,连转 3 轮未见前头红外,0,0,1
34.431,547.0,749.0,381.0,1062.0,-0.3265,-0.1089,-0.2145,-0.1712,1,0,1,0,0,0,0,0,1,439.0,SAFE_STOP,连转 3 轮未见前头红外,0,0,1
34.451,547.0,749.0,381.0,1062.0,-0.3238,-0.1068,-0.2145,-0.1691,1,0,1,0,0,0,0,0,1,439.0,SAFE_STOP,连转 3 轮未见前头红外,0,0,1
34.472,547.0,748.0,380.0,1059.0,-0.3238,-0.1068,-0.2145,-0.1691,1,0,1,0,0,0,0,0,1,440.0,SAFE_STOP,连转 3 轮未见前头红外,0,0,1
34.492,546.0,748.0,380.0,1060.0,-0.3238,-0.1089,-0.2173,-0.1733,1,0,1,0,0,0,0,0,1,376.0,SAFE_STOP,连转 3 轮未见前头红外,0,0,1
34.512,546.0,747.0,381.0,1060.0,-0.3265,-0.1089,-0.2173,-0.1733,1,0,1,0,0,0,0,0,1,297.0,SAFE_STOP,连转 3 轮未见前头红外,0,0,1
34.532,547.0,748.0,381.0,1060.0,-0.3265,-0.1089,-0.2145,-0.1733,1,0,1,0,0,0,0,0,1,374.0,SAFE_STOP,连转 3 轮未见前头红外,0,0,1
34.552,546.0,747.0,380.0,1060.0,-0.3265,-0.1111,-0.2145,-0.1733,1,0,1,0,0,0,0,0,1,375.0,SAFE_STOP,连转 3 轮未见前头红外,0,0,1
34.572,547.0,749.0,381.0,1062.0,-0.3238,-0.1089,-0.2145,-0.1733,1,0,1,0,0,0,0,0,1,746.0,SAFE_STOP,连转 3 轮未见前头红外,0,0,1
34.592,546.0,747.0,380.0,1060.0,-0.3265,-0.1111,-0.2173,-0.1733,1,0,1,0,0,0,0,0,1,422.0,SAFE_STOP,连转 3 轮未见前头红外,0,0,1
34.612,546.0,746.0,380.0,1060.0,-0.3265,-0.1111,-0.2173,-0.1733,1,0,1,0,0,0,0,0,1,626.0,SAFE_STOP,连转 3 轮未见前头红外,0,0,1
34.633,546.0,748.0,381.0,1061.0,-0.3265,-0.1111,-0.2173,-0.1733,1,0,1,0,0,0,0,0,1,359.0,SAFE_STOP,连转 3 轮未见前头红外,0,0,1
34.653,547.0,748.0,381.0,1061.0,-0.3265,-0.1089,-0.2145,-0.1712,1,0,1,0,0,0,0,0,1,261.0,SAFE_STOP,连转 3 轮未见前头红外,0,0,1
34.673,547.0,748.0,381.0,1062.0,-0.3238,-0.1089,-0.2145,-0.1712,1,0,1,0,0,0,0,0,1,374.0,SAFE_STOP,连转 3 轮未见前头红外,0,0,1
34.693,547.0,748.0,381.0,1061.0,-0.3238,-0.1089,-0.2145,-0.1712,1,0,1,0,0,0,0,0,1,424.0,SAFE_STOP,连转 3 轮未见前头红外,0,0,1
34.714,546.0,747.0,380.0,1060.0,-0.3238,-0.1089,-0.2145,-0.1712,1,0,1,0,0,0,0,0,1,732.0,SAFE_STOP,连转 3 轮未见前头红外,0,0,1
34.734,547.0,748.0,381.0,1062.0,-0.3238,-0.1089,-0.2145,-0.1712,1,0,1,0,0,0,0,0,1,406.0,SAFE_STOP,连转 3 轮未见前头红外,0,0,1
34.754,546.0,747.0,379.0,1059.0,-0.3265,-0.1111,-0.2173,-0.1733,1,0,1,0,0,0,0,0,1,472.0,SAFE_STOP,连转 3 轮未见前头红外,0,0,1
34.774,546.0,747.0,380.0,1061.0,-0.3265,-0.1111,-0.2173,-0.1712,1,0,1,0,0,0,0,0,1,358.0,SAFE_STOP,连转 3 轮未见前头红外,0,0,1
34.794,546.0,745.0,381.0,1060.0,-0.3265,-0.1111,-0.2173,-0.1733,1,0,1,0,0,0,0,0,1,311.0,SAFE_STOP,连转 3 轮未见前头红外,0,0,1
34.814,545.0,747.0,379.0,1057.0,-0.3265,-0.1111,-0.2173,-0.1733,1,0,1,0,0,0,0,0,1,313.0,SAFE_STOP,连转 3 轮未见前头红外,0,0,1
34.834,545.0,747.0,379.0,1057.0,-0.3293,-0.1111,-0.2201,-0.1795,1,0,1,0,0,0,0,0,1,313.0,SAFE_STOP,连转 3 轮未见前头红外,0,0,1
34.854,546.0,746.0,379.0,1060.0,-0.3293,-0.1111,-0.2201,-0.1795,1,0,1,0,0,0,0,0,1,426.0,SAFE_STOP,连转 3 轮未见前头红外,0,0,1
34.875,547.0,746.0,381.0,1060.0,-0.3265,-0.1133,-0.2201,-0.1733,1,0,1,0,0,0,0,0,1,456.0,SAFE_STOP,连转 3 轮未见前头红外,0,0,1
34.895,546.0,746.0,379.0,1059.0,-0.3265,-0.1133,-0.2201,-0.1733,1,0,1,0,0,0,0,0,1,358.0,SAFE_STOP,连转 3 轮未见前头红外,0,0,1
34.915,544.0,746.0,379.0,1059.0,-0.3265,-0.1133,-0.2201,-0.1754,1,0,1,0,0,0,0,0,1,188.0,SAFE_STOP,连转 3 轮未见前头红外,0,0,1
34.935,545.0,746.0,379.0,1058.0,-0.3293,-0.1133,-0.2201,-0.1754,1,0,1,0,0,0,0,0,1,189.0,SAFE_STOP,连转 3 轮未见前头红外,0,0,1
34.956,545.0,745.0,378.0,1057.0,-0.3293,-0.1133,-0.2201,-0.1775,1,0,1,0,0,0,0,0,1,457.0,SAFE_STOP,连转 3 轮未见前头红外,0,0,1
34.976,545.0,745.0,379.0,1058.0,-0.3293,-0.1155,-0.2201,-0.1775,1,0,1,0,0,0,0,0,1,484.0,SAFE_STOP,连转 3 轮未见前头红外,0,0,1
34.996,545.0,746.0,379.0,1058.0,-0.3293,-0.1155,-0.2201,-0.1775,1,0,1,0,0,0,0,0,1,359.0,SAFE_STOP,连转 3 轮未见前头红外,0,0,1
35.016,545.0,745.0,379.0,1057.0,-0.3293,-0.1155,-0.2201,-0.1775,1,0,1,0,0,0,0,0,1,342.0,SAFE_STOP,连转 3 轮未见前头红外,0,0,1
35.036,545.0,745.0,378.0,1056.0,-0.3293,-0.1155,-0.2201,-0.1795,1,0,1,0,0,0,0,0,1,372.0,SAFE_STOP,连转 3 轮未见前头红外,0,0,1
35.056,545.0,745.0,379.0,1058.0,-0.3293,-0.1155,-0.2201,-0.1795,1,0,1,0,0,0,0,0,1,260.0,SAFE_STOP,连转 3 轮未见前头红外,0,0,1
35.076,545.0,746.0,380.0,1057.0,-0.3293,-0.1155,-0.2201,-0.1795,1,0,1,0,0,0,0,0,1,618.0,SAFE_STOP,连转 3 轮未见前头红外,0,0,1
35.096,545.0,745.0,378.0,1058.0,-0.3293,-0.1155,-0.2201,-0.1775,1,0,1,0,0,0,0,0,1,423.0,SAFE_STOP,连转 3 轮未见前头红外,0,0,1
35.116,544.0,744.0,378.0,1056.0,-0.3293,-0.1155,-0.2228,-0.1795,1,0,1,0,0,0,0,0,1,774.0,SAFE_STOP,连转 3 轮未见前头红外,0,0,1
35.137,546.0,747.0,381.0,1060.0,-0.3293,-0.1155,-0.2228,-0.1775,1,0,1,0,0,0,0,0,1,555.0,SAFE_STOP,连转 3 轮未见前头红外,0,0,1
35.157,545.0,746.0,380.0,1061.0,-0.3293,-0.1133,-0.2173,-0.1733,1,0,1,0,0,0,0,0,1,295.0,SAFE_STOP,连转 3 轮未见前头红外,0,0,1
35.177,545.0,744.0,379.0,1059.0,-0.3293,-0.1133,-0.2173,-0.1733,1,0,1,0,0,0,0,0,1,373.0,SAFE_STOP,连转 3 轮未见前头红外,0,0,1
35.197,544.0,744.0,379.0,1058.0,-0.3293,-0.1176,-0.2201,-0.1754,1,0,1,0,0,0,0,0,1,264.0,SAFE_STOP,连转 3 轮未见前头红外,0,0,1
35.217,545.0,745.0,379.0,1058.0,-0.3293,-0.1176,-0.2201,-0.1775,1,0,1,0,0,0,0,0,1,554.0,SAFE_STOP,连转 3 轮未见前头红外,0,0,1
35.237,544.0,746.0,379.0,1057.0,-0.332,-0.1155,-0.2201,-0.1775,1,0,1,0,0,0,0,0,1,422.0,SAFE_STOP,连转 3 轮未见前头红外,0,0,1
35.257,544.0,743.0,378.0,1056.0,-0.332,-0.1155,-0.2201,-0.1795,1,0,1,0,0,0,0,0,1,674.0,SAFE_STOP,连转 3 轮未见前头红外,0,0,1
35.277,544.0,744.0,379.0,1056.0,-0.332,-0.1176,-0.2201,-0.1816,1,0,1,0,0,0,0,0,1,374.0,SAFE_STOP,连转 3 轮未见前头红外,0,0,1
35.297,545.0,745.0,379.0,1058.0,-0.332,-0.1176,-0.2201,-0.1816,1,0,1,0,0,0,0,0,1,341.0,SAFE_STOP,连转 3 轮未见前头红外,0,0,1
35.317,545.0,745.0,379.0,1059.0,-0.3293,-0.1155,-0.2201,-0.1775,1,0,1,0,0,0,0,0,1,375.0,SAFE_STOP,连转 3 轮未见前头红外,0,0,1
35.338,545.0,746.0,380.0,1059.0,-0.3293,-0.1155,-0.2201,-0.1754,1,0,1,0,0,0,0,0,1,431.0,SAFE_STOP,连转 3 轮未见前头红外,0,0,1
35.358,545.0,746.0,380.0,1059.0,-0.3293,-0.1133,-0.2173,-0.1754,1,0,1,0,0,0,0,0,1,431.0,SAFE_STOP,连转 3 轮未见前头红外,0,0,1
35.378,545.0,746.0,380.0,1059.0,-0.3293,-0.1133,-0.2173,-0.1754,1,0,1,0,0,0,0,0,1,424.0,SAFE_STOP,连转 3 轮未见前头红外,0,0,1
35.398,545.0,745.0,380.0,1058.0,-0.3293,-0.1133,-0.2173,-0.1754,1,0,1,0,0,0,0,0,1,358.0,SAFE_STOP,连转 3 轮未见前头红外,0,0,1
35.418,546.0,747.0,380.0,1059.0,-0.3293,-0.1133,-0.2173,-0.1754,1,0,1,0,0,0,0,0,1,358.0,SAFE_STOP,连转 3 轮未见前头红外,0,0,1
35.438,545.0,746.0,380.0,1060.0,-0.3293,-0.1133,-0.2173,-0.1754,1,0,1,0,0,0,0,0,1,375.0,SAFE_STOP,连转 3 轮未见前头红外,0,0,1
35.458,546.0,747.0,380.0,1060.0,-0.3265,-0.1111,-0.2173,-0.1733,1,0,1,0,0,0,0,0,1,374.0,SAFE_STOP,连转 3 轮未见前头红外,0,0,1
35.478,546.0,747.0,381.0,1061.0,-0.3265,-0.1111,-0.2173,-0.1733,1,0,1,0,0,0,0,0,1,635.0,SAFE_STOP,连转 3 轮未见前头红外,0,0,1
35.498,546.0,748.0,381.0,1061.0,-0.3265,-0.1111,-0.2145,-0.1712,1,0,1,0,0,0,0,0,1,422.0,SAFE_STOP,连转 3 轮未见前头红外,0,0,1
35.518,546.0,745.0,380.0,1058.0,-0.3265,-0.1111,-0.2145,-0.1712,1,0,1,0,0,0,0,0,1,555.0,SAFE_STOP,连转 3 轮未见前头红外,0,0,1
35.539,547.0,748.0,381.0,1062.0,-0.3265,-0.1089,-0.2145,-0.1712,1,0,1,0,0,0,0,0,1,359.0,SAFE_STOP,连转 3 轮未见前头红外,0,0,1
35.559,547.0,747.0,381.0,1061.0,-0.3238,-0.1111,-0.2145,-0.1712,1,0,1,0,0,0,0,0,1,300.0,SAFE_STOP,连转 3 轮未见前头红外,0,0,1
35.579,545.0,746.0,380.0,1058.0,-0.3238,-0.1111,-0.2145,-0.1712,1,0,1,0,0,0,0,0,1,357.0,SAFE_STOP,连转 3 轮未见前头红外,0,0,1
35.599,547.0,747.0,381.0,1060.0,-0.3238,-0.1111,-0.2145,-0.1733,1,0,1,0,0,0,0,0,1,438.0,SAFE_STOP,连转 3 轮未见前头红外,0,0,1
35.619,545.0,748.0,381.0,1060.0,-0.3293,-0.1111,-0.2145,-0.1733,1,0,1,0,0,0,0,0,1,699.0,SAFE_STOP,连转 3 轮未见前头红外,0,0,1
35.639,546.0,745.0,379.0,1059.0,-0.3265,-0.1111,-0.2145,-0.1733,1,0,1,0,0,0,0,0,1,386.0,SAFE_STOP,连转 3 轮未见前头红外,0,0,1
35.659,546.0,748.0,381.0,1061.0,-0.3265,-0.1089,-0.2145,-0.1733,1,0,1,0,0,0,0,0,1,650.0,SAFE_STOP,连转 3 轮未见前头红外,0,0,1
35.679,546.0,748.0,380.0,1061.0,-0.3265,-0.1089,-0.2173,-0.1712,1,0,1,0,0,0,0,0,1,375.0,SAFE_STOP,连转 3 轮未见前头红外,0,0,1
35.699,545.0,746.0,381.0,1059.0,-0.3265,-0.1089,-0.2145,-0.1712,1,0,1,0,0,0,0,0,1,309.0,SAFE_STOP,连转 3 轮未见前头红外,0,0,1
35.719,547.0,748.0,381.0,1062.0,-0.3265,-0.1089,-0.2145,-0.1712,1,0,1,0,0,0,0,0,1,439.0,SAFE_STOP,连转 3 轮未见前头红外,0,0,1
35.739,547.0,748.0,381.0,1062.0,-0.3238,-0.1089,-0.2145,-0.1691,1,0,1,0,0,0,0,0,1,358.0,SAFE_STOP,连转 3 轮未见前头红外,0,0,1
35.759,545.0,746.0,380.0,1059.0,-0.3238,-0.1089,-0.2145,-0.1691,1,0,1,0,0,0,0,0,1,604.0,SAFE_STOP,连转 3 轮未见前头红外,0,0,1
35.779,547.0,748.0,381.0,1061.0,-0.3238,-0.1089,-0.2145,-0.1712,1,0,1,0,0,0,0,0,1,359.0,SAFE_STOP,连转 3 轮未见前头红外,0,0,1
35.8,546.0,747.0,381.0,1060.0,-0.3265,-0.1111,-0.2145,-0.1733,1,0,1,0,0,0,0,0,1,415.0,SAFE_STOP,连转 3 轮未见前头红外,0,0,1
35.82,545.0,746.0,379.0,1059.0,-0.3265,-0.1111,-0.2145,-0.1733,1,0,1,0,0,0,0,0,1,364.0,SAFE_STOP,连转 3 轮未见前头红外,0,0,1
35.84,547.0,748.0,381.0,1061.0,-0.3265,-0.1111,-0.2145,-0.1733,1,0,1,0,0,0,0,0,1,440.0,SAFE_STOP,连转 3 轮未见前头红外,0,0,1
35.86,546.0,747.0,381.0,1060.0,-0.3265,-0.1111,-0.2145,-0.1733,1,0,1,0,0,0,0,0,1,438.0,SAFE_STOP,连转 3 轮未见前头红外,0,0,1
35.88,545.0,745.0,379.0,1058.0,-0.3265,-0.1111,-0.2145,-0.1733,1,0,1,0,0,0,0,0,1,424.0,SAFE_STOP,连转 3 轮未见前头红外,0,0,1
35.9,547.0,748.0,381.0,1060.0,-0.3265,-0.1111,-0.2145,-0.1733,1,0,1,0,0,0,0,0,1,358.0,SAFE_STOP,连转 3 轮未见前头红外,0,0,1
35.92,547.0,747.0,381.0,1061.0,-0.3238,-0.1111,-0.2145,-0.1733,1,0,1,0,0,0,0,0,1,375.0,SAFE_STOP,连转 3 轮未见前头红外,0,0,1
35.94,545.0,746.0,379.0,1058.0,-0.3238,-0.1111,-0.2145,-0.1733,1,0,1,0,0,0,0,0,1,293.0,SAFE_STOP,连转 3 轮未见前头红外,0,0,1
35.96,547.0,748.0,380.0,1060.0,-0.3238,-0.1111,-0.2173,-0.1733,1,0,1,0,0,0,0,0,1,354.0,SAFE_STOP,连转 3 轮未见前头红外,0,0,1
35.98,547.0,748.0,380.0,1060.0,-0.3238,-0.1089,-0.2173,-0.1733,1,0,1,0,0,0,0,0,1,354.0,SAFE_STOP,连转 3 轮未见前头红外,0,0,1
36.0,547.0,747.0,381.0,1061.0,-0.3238,-0.1089,-0.2173,-0.1733,1,0,1,0,0,0,0,0,1,440.0,SAFE_STOP,连转 3 轮未见前头红外,0,0,1
36.02,544.0,744.0,379.0,1057.0,-0.3238,-0.1111,-0.2173,-0.1733,1,0,1,0,0,0,0,0,1,740.0,SAFE_STOP,连转 3 轮未见前头红外,0,0,1
36.041,546.0,747.0,382.0,1060.0,-0.3265,-0.1111,-0.2145,-0.1733,1,0,1,0,0,0,0,0,1,342.0,SAFE_STOP,连转 3 轮未见前头红外,0,0,1
36.061,548.0,747.0,380.0,1062.0,-0.3265,-0.1111,-0.2173,-0.1733,1,0,1,0,0,0,0,0,1,456.0,SAFE_STOP,连转 3 轮未见前头红外,0,0,1
36.081,545.0,745.0,379.0,1059.0,-0.3265,-0.1111,-0.2173,-0.1733,1,0,1,0,0,0,0,0,1,374.0,SAFE_STOP,连转 3 轮未见前头红外,0,0,1
36.101,547.0,746.0,380.0,1060.0,-0.3238,-0.1133,-0.2173,-0.1733,1,0,1,0,0,0,0,0,1,375.0,SAFE_STOP,连转 3 轮未见前头红外,0,0,1
36.121,546.0,746.0,379.0,1059.0,-0.3265,-0.1133,-0.2201,-0.1754,1,0,1,0,0,0,0,0,1,439.0,SAFE_STOP,连转 3 轮未见前头红外,0,0,1
36.141,545.0,744.0,379.0,1058.0,-0.3265,-0.1133,-0.2201,-0.1754,1,0,1,0,0,0,0,0,1,385.0,SAFE_STOP,连转 3 轮未见前头红外,0,0,1
36.161,547.0,747.0,380.0,1061.0,-0.3265,-0.1133,-0.2201,-0.1754,1,0,1,0,0,0,0,0,1,716.0,SAFE_STOP,连转 3 轮未见前头红外,0,0,1
36.181,546.0,746.0,381.0,1061.0,-0.3265,-0.1133,-0.2173,-0.1712,1,0,1,0,0,0,0,0,1,375.0,SAFE_STOP,连转 3 轮未见前头红外,0,0,1
36.201,547.0,746.0,380.0,1059.0,-0.3238,-0.1133,-0.2173,-0.1712,1,0,1,0,0,0,0,0,1,422.0,SAFE_STOP,连转 3 轮未见前头红外,0,0,1
36.221,546.0,747.0,381.0,1061.0,-0.3265,-0.1133,-0.2145,-0.1712,1,0,1,0,0,0,0,0,1,358.0,SAFE_STOP,连转 3 轮未见前头红外,0,0,1
36.241,547.0,747.0,380.0,1060.0,-0.3238,-0.1111,-0.2173,-0.1733,1,0,1,0,0,0,0,0,1,375.0,SAFE_STOP,连转 3 轮未见前头红外,0,0,1
36.261,545.0,746.0,379.0,1059.0,-0.3265,-0.1111,-0.2173,-0.1733,1,0,1,0,0,0,0,0,1,438.0,SAFE_STOP,连转 3 轮未见前头红外,0,0,1
36.282,546.0,747.0,380.0,1060.0,-0.3265,-0.1111,-0.2173,-0.1733,1,0,1,0,0,0,0,0,1,375.0,SAFE_STOP,连转 3 轮未见前头红外,0,0,1
36.302,546.0,748.0,381.0,1061.0,-0.3265,-0.1111,-0.2173,-0.1733,1,0,1,0,0,0,0,0,1,456.0,SAFE_STOP,连转 3 轮未见前头红外,0,0,1
36.322,546.0,746.0,380.0,1060.0,-0.3265,-0.1111,-0.2173,-0.1733,1,0,1,0,0,0,0,0,1,364.0,SAFE_STOP,连转 3 轮未见前头红外,0,0,1
36.342,547.0,748.0,382.0,1062.0,-0.3265,-0.1089,-0.2145,-0.1712,1,0,1,0,0,0,0,0,1,365.0,SAFE_STOP,连转 3 轮未见前头红外,0,0,1
36.362,546.0,747.0,380.0,1059.0,-0.3265,-0.1111,-0.2173,-0.1733,1,0,1,0,0,0,0,0,1,439.0,SAFE_STOP,连转 3 轮未见前头红外,0,0,1
36.382,547.0,747.0,381.0,1061.0,-0.3238,-0.1111,-0.2145,-0.1712,1,0,1,0,0,0,0,0,1,439.0,SAFE_STOP,连转 3 轮未见前头红外,0,0,1
36.402,548.0,748.0,381.0,1062.0,-0.3238,-0.1111,-0.2145,-0.1712,1,0,1,0,0,0,0,0,1,487.0,SAFE_STOP,连转 3 轮未见前头红外,0,0,1
36.422,546.0,747.0,381.0,1060.0,-0.3238,-0.1111,-0.2145,-0.1712,1,0,1,0,0,0,0,0,1,373.0,SAFE_STOP,连转 3 轮未见前头红外,0,0,1
36.443,546.0,747.0,380.0,1060.0,-0.3265,-0.1111,-0.2145,-0.1733,1,0,1,0,0,0,0,0,1,343.0,SAFE_STOP,连转 3 轮未见前头红外,0,0,1
36.463,545.0,747.0,381.0,1061.0,-0.3265,-0.1111,-0.2145,-0.1733,1,0,1,0,0,0,0,0,1,440.0,SAFE_STOP,连转 3 轮未见前头红外,0,0,1
36.483,545.0,747.0,381.0,1061.0,-0.3293,-0.1111,-0.2145,-0.1712,1,0,1,0,0,0,0,0,1,440.0,SAFE_STOP,连转 3 轮未见前头红外,0,0,1
36.503,546.0,747.0,380.0,1060.0,-0.3293,-0.1111,-0.2145,-0.1712,1,0,1,0,0,0,0,0,1,341.0,SAFE_STOP,连转 3 轮未见前头红外,0,0,1
36.523,546.0,747.0,380.0,1060.0,-0.3265,-0.1111,-0.2173,-0.1733,1,0,1,0,0,0,0,0,1,420.0,SAFE_STOP,连转 3 轮未见前头红外,0,0,1
36.543,546.0,747.0,381.0,1061.0,-0.3265,-0.1111,-0.2173,-0.1733,1,0,1,0,0,0,0,0,1,358.0,SAFE_STOP,连转 3 轮未见前头红外,0,0,1
36.563,546.0,747.0,380.0,1060.0,-0.3265,-0.1111,-0.2173,-0.1733,1,0,1,0,0,0,0,0,1,699.0,SAFE_STOP,连转 3 轮未见前头红外,0,0,1
36.583,546.0,746.0,379.0,1060.0,-0.3265,-0.1111,-0.2173,-0.1733,1,0,1,0,0,0,0,0,1,341.0,SAFE_STOP,连转 3 轮未见前头红外,0,0,1
36.604,546.0,747.0,381.0,1062.0,-0.3265,-0.1111,-0.2173,-0.1733,1,0,1,0,0,0,0,0,1,373.0,SAFE_STOP,连转 3 轮未见前头红外,0,0,1
36.624,548.0,748.0,381.0,1061.0,-0.3265,-0.1111,-0.2145,-0.1712,1,0,1,0,0,0,0,0,1,439.0,SAFE_STOP,连转 3 轮未见前头红外,0,0,1
36.644,546.0,746.0,380.0,1060.0,-0.3265,-0.1111,-0.2145,-0.1712,1,0,1,0,0,0,0,0,1,342.0,SAFE_STOP,连转 3 轮未见前头红外,0,0,1
36.664,547.0,748.0,381.0,1061.0,-0.3238,-0.1089,-0.2145,-0.1712,1,0,1,0,0,0,0,0,1,358.0,SAFE_STOP,连转 3 轮未见前头红外,0,0,1
36.686,547.0,748.0,380.0,1061.0,-0.3238,-0.1089,-0.2173,-0.1712,1,0,1,0,0,0,0,0,1,374.0,SAFE_STOP,连转 3 轮未见前头红外,0,0,1
36.706,546.0,747.0,380.0,1060.0,-0.3238,-0.1089,-0.2173,-0.1712,1,0,1,0,0,0,0,0,1,602.0,SAFE_STOP,连转 3 轮未见前头红外,0,0,1
36.726,547.0,747.0,381.0,1061.0,-0.3238,-0.1111,-0.2173,-0.1712,1,0,1,0,0,0,0,0,1,383.0,SAFE_STOP,连转 3 轮未见前头红外,0,0,1
36.746,546.0,746.0,380.0,1060.0,-0.3265,-0.1111,-0.2173,-0.1733,1,0,1,0,0,0,0,0,1,410.0,SAFE_STOP,连转 3 轮未见前头红外,0,0,1
36.766,547.0,747.0,380.0,1061.0,-0.3238,-0.1111,-0.2173,-0.1712,1,0,1,0,0,0,0,0,1,439.0,SAFE_STOP,连转 3 轮未见前头红外,0,0,1
36.786,547.0,747.0,381.0,1060.0,-0.3238,-0.1111,-0.2173,-0.1733,1,0,1,0,0,0,0,0,1,325.0,SAFE_STOP,连转 3 轮未见前头红外,0,0,1
36.806,546.0,748.0,381.0,1060.0,-0.3238,-0.1111,-0.2145,-0.1733,1,0,1,0,0,0,0,0,1,375.0,SAFE_STOP,连转 3 轮未见前头红外,0,0,1
36.826,546.0,747.0,381.0,1061.0,-0.3265,-0.1111,-0.2145,-0.1733,1,0,1,0,0,0,0,0,1,375.0,SAFE_STOP,连转 3 轮未见前头红外,0,0,1
36.847,546.0,746.0,381.0,1060.0,-0.3265,-0.1111,-0.2145,-0.1733,1,0,1,0,0,0,0,0,1,423.0,SAFE_STOP,连转 3 轮未见前头红外,0,0,1
36.867,547.0,747.0,380.0,1060.0,-0.3265,-0.1111,-0.2145,-0.1733,1,0,1,0,0,0,0,0,1,446.0,SAFE_STOP,连转 3 轮未见前头红外,0,0,1
36.887,546.0,747.0,381.0,1061.0,-0.3265,-0.1111,-0.2145,-0.1733,1,0,1,0,0,0,0,0,1,424.0,SAFE_STOP,连转 3 轮未见前头红外,0,0,1
36.907,546.0,747.0,380.0,1060.0,-0.3265,-0.1111,-0.2173,-0.1733,1,0,1,0,0,0,0,0,1,572.0,SAFE_STOP,连转 3 轮未见前头红外,0,0,1
36.928,546.0,747.0,380.0,1060.0,-0.3265,-0.1111,-0.2173,-0.1733,1,0,1,0,0,0,0,0,1,572.0,SAFE_STOP,连转 3 轮未见前头红外,0,0,1
36.948,546.0,747.0,380.0,1060.0,-0.3265,-0.1111,-0.2173,-0.1733,1,0,1,0,0,0,0,0,1,321.0,SAFE_STOP,连转 3 轮未见前头红外,0,0,1
36.968,547.0,748.0,382.0,1062.0,-0.3265,-0.1111,-0.2173,-0.1733,1,0,1,0,0,0,0,0,1,374.0,SAFE_STOP,连转 3 轮未见前头红外,0,0,1
36.988,548.0,747.0,381.0,1061.0,-0.3238,-0.1111,-0.2145,-0.1712,1,0,1,0,0,0,0,0,1,440.0,SAFE_STOP,连转 3 轮未见前头红外,0,0,1
37.008,546.0,746.0,380.0,1060.0,-0.3238,-0.1111,-0.2145,-0.1712,1,0,1,0,0,0,0,0,1,346.0,SAFE_STOP,连转 3 轮未见前头红外,0,0,1
37.028,547.0,746.0,381.0,1061.0,-0.3238,-0.1133,-0.2145,-0.1712,1,0,1,0,0,0,0,0,1,266.0,SAFE_STOP,连转 3 轮未见前头红外,0,0,1
37.048,546.0,747.0,380.0,1061.0,-0.3265,-0.1133,-0.2173,-0.1712,1,0,1,0,0,0,0,0,1,171.0,SAFE_STOP,连转 3 轮未见前头红外,0,0,1
37.068,547.0,747.0,381.0,1061.0,-0.3238,-0.1111,-0.2145,-0.1712,1,0,1,0,0,0,0,0,1,667.0,SAFE_STOP,连转 3 轮未见前头红外,0,0,1
37.088,547.0,747.0,380.0,1061.0,-0.3238,-0.1111,-0.2173,-0.1712,1,0,1,0,0,0,0,0,1,359.0,SAFE_STOP,连转 3 轮未见前头红外,0,0,1
37.109,546.0,747.0,381.0,1060.0,-0.3238,-0.1111,-0.2145,-0.1712,1,0,1,0,0,0,0,0,1,439.0,SAFE_STOP,连转 3 轮未见前头红外,0,0,1
37.129,546.0,747.0,381.0,1062.0,-0.3265,-0.1111,-0.2145,-0.1712,1,0,1,0,0,0,0,0,1,463.0,SAFE_STOP,连转 3 轮未见前头红外,0,0,1
37.149,545.0,746.0,380.0,1058.0,-0.3265,-0.1111,-0.2145,-0.1733,1,0,1,0,0,0,0,0,1,374.0,SAFE_STOP,连转 3 轮未见前头红外,0,0,1
37.169,546.0,747.0,381.0,1060.0,-0.3265,-0.1111,-0.2145,-0.1733,1,0,1,0,0,0,0,0,1,60.0,SAFE_STOP,连转 3 轮未见前头红外,0,0,1
37.189,546.0,747.0,381.0,1061.0,-0.3265,-0.1111,-0.2145,-0.1733,1,0,1,0,0,0,0,0,1,375.0,SAFE_STOP,连转 3 轮未见前头红外,0,0,1
37.209,547.0,748.0,381.0,1061.0,-0.3265,-0.1111,-0.2145,-0.1712,1,0,1,0,0,0,0,0,1,555.0,SAFE_STOP,连转 3 轮未见前头红外,0,0,1
37.229,546.0,747.0,380.0,1060.0,-0.3265,-0.1111,-0.2145,-0.1712,1,0,1,0,0,0,0,0,1,406.0,SAFE_STOP,连转 3 轮未见前头红外,0,0,1
37.249,547.0,747.0,381.0,1061.0,-0.3238,-0.1111,-0.2145,-0.1712,1,0,1,0,0,0,0,0,1,440.0,SAFE_STOP,连转 3 轮未见前头红外,0,0,1
37.27,547.0,748.0,381.0,1061.0,-0.3238,-0.1111,-0.2145,-0.1712,1,0,1,0,0,0,0,0,1,423.0,SAFE_STOP,连转 3 轮未见前头红外,0,0,1
37.29,546.0,747.0,381.0,1060.0,-0.3238,-0.1111,-0.2145,-0.1712,1,0,1,0,0,0,0,0,1,358.0,SAFE_STOP,连转 3 轮未见前头红外,0,0,1
37.31,546.0,747.0,381.0,1060.0,-0.3265,-0.1111,-0.2145,-0.1733,1,0,1,0,0,0,0,0,1,358.0,SAFE_STOP,连转 3 轮未见前头红外,0,0,1
37.33,547.0,747.0,382.0,1061.0,-0.3265,-0.1111,-0.2145,-0.1733,1,0,1,0,0,0,0,0,1,376.0,SAFE_STOP,连转 3 轮未见前头红外,0,0,1
37.35,546.0,745.0,380.0,1059.0,-0.3265,-0.1111,-0.2145,-0.1733,1,0,1,0,0,0,0,0,1,358.0,SAFE_STOP,连转 3 轮未见前头红外,0,0,1
37.37,547.0,747.0,381.0,1060.0,-0.3238,-0.1111,-0.2145,-0.1733,1,0,1,0,0,0,0,0,1,439.0,SAFE_STOP,连转 3 轮未见前头红外,0,0,1
37.39,548.0,748.0,381.0,1062.0,-0.3238,-0.1111,-0.2145,-0.1733,1,0,1,0,0,0,0,0,1,422.0,SAFE_STOP,连转 3 轮未见前头红外,0,0,1
37.41,546.0,746.0,380.0,1060.0,-0.3238,-0.1111,-0.2145,-0.1733,1,0,1,0,0,0,0,0,1,375.0,SAFE_STOP,连转 3 轮未见前头红外,0,0,1
37.43,546.0,747.0,380.0,1061.0,-0.3265,-0.1111,-0.2173,-0.1712,1,0,1,0,0,0,0,0,1,187.0,SAFE_STOP,连转 3 轮未见前头红外,0,0,1
37.451,546.0,748.0,381.0,1061.0,-0.3265,-0.1111,-0.2173,-0.1712,1,0,1,0,0,0,0,0,1,374.0,SAFE_STOP,连转 3 轮未见前头红外,0,0,1
37.471,546.0,748.0,380.0,1060.0,-0.3265,-0.1089,-0.2173,-0.1712,1,0,1,0,0,0,0,0,1,376.0,SAFE_STOP,连转 3 轮未见前头红外,0,0,1
37.491,547.0,748.0,381.0,1062.0,-0.3265,-0.1089,-0.2145,-0.1712,1,0,1,0,0,0,0,0,1,571.0,SAFE_STOP,连转 3 轮未见前头红外,0,0,1
37.511,548.0,748.0,381.0,1063.0,-0.3238,-0.1089,-0.2145,-0.1691,1,0,1,0,0,0,0,0,1,390.0,SAFE_STOP,连转 3 轮未见前头红外,0,0,1
37.531,547.0,747.0,381.0,1061.0,-0.3238,-0.1089,-0.2145,-0.1691,1,0,1,0,0,0,0,0,1,438.0,SAFE_STOP,连转 3 轮未见前头红外,0,0,1
37.551,547.0,748.0,382.0,1061.0,-0.3238,-0.1089,-0.2145,-0.1712,1,0,1,0,0,0,0,0,1,375.0,SAFE_STOP,连转 3 轮未见前头红外,0,0,1
37.571,545.0,746.0,381.0,1060.0,-0.3238,-0.1111,-0.2145,-0.1712,1,0,1,0,0,0,0,0,1,526.0,SAFE_STOP,连转 3 轮未见前头红外,0,0,1
37.592,546.0,747.0,381.0,1060.0,-0.3265,-0.1111,-0.2145,-0.1733,1,0,1,0,0,0,0,0,1,373.0,SAFE_STOP,连转 3 轮未见前头红外,0,0,1
37.612,546.0,746.0,380.0,1060.0,-0.3265,-0.1133,-0.2145,-0.1733,1,0,1,0,0,0,0,0,1,440.0,SAFE_STOP,连转 3 轮未见前头红外,0,0,1
37.632,544.0,745.0,379.0,1057.0,-0.3265,-0.1133,-0.2173,-0.1733,1,0,1,0,0,0,0,0,1,505.0,SAFE_STOP,连转 3 轮未见前头红外,0,0,1
37.652,546.0,747.0,381.0,1061.0,-0.3265,-0.1133,-0.2173,-0.1733,1,0,1,0,0,0,0,0,1,430.0,SAFE_STOP,连转 3 轮未见前头红外,0,0,1
37.672,544.0,745.0,379.0,1056.0,-0.332,-0.1155,-0.2201,-0.1795,1,0,1,0,0,0,0,0,1,358.0,SAFE_STOP,连转 3 轮未见前头红外,0,0,1
37.692,546.0,746.0,379.0,1060.0,-0.3265,-0.1133,-0.2201,-0.1733,1,0,1,0,0,0,0,0,1,375.0,SAFE_STOP,连转 3 轮未见前头红外,0,0,1
37.712,546.0,746.0,379.0,1060.0,-0.3265,-0.1133,-0.2201,-0.1733,1,0,1,0,0,0,0,0,1,375.0,SAFE_STOP,连转 3 轮未见前头红外,0,0,1
37.732,546.0,747.0,380.0,1060.0,-0.3265,-0.1133,-0.2201,-0.1733,1,0,1,0,0,0,0,0,1,341.0,SAFE_STOP,连转 3 轮未见前头红外,0,0,1
37.752,547.0,747.0,380.0,1061.0,-0.3265,-0.1111,-0.2173,-0.1733,1,0,1,0,0,0,0,0,1,440.0,SAFE_STOP,连转 3 轮未见前头红外,0,0,1
37.772,547.0,748.0,381.0,1061.0,-0.3238,-0.1111,-0.2173,-0.1712,1,0,1,0,0,0,0,0,1,440.0,SAFE_STOP,连转 3 轮未见前头红外,0,0,1
37.793,547.0,747.0,381.0,1060.0,-0.3238,-0.1111,-0.2145,-0.1712,1,0,1,0,0,0,0,0,1,378.0,SAFE_STOP,连转 3 轮未见前头红外,0,0,1
37.813,546.0,747.0,381.0,1060.0,-0.3238,-0.1111,-0.2145,-0.1733,1,0,1,0,0,0,0,0,1,358.0,SAFE_STOP,连转 3 轮未见前头红外,0,0,1
37.833,546.0,746.0,381.0,1061.0,-0.3265,-0.1111,-0.2145,-0.1733,1,0,1,0,0,0,0,0,1,374.0,SAFE_STOP,连转 3 轮未见前头红外,0,0,1
37.853,547.0,748.0,381.0,1060.0,-0.3265,-0.1111,-0.2145,-0.1733,1,0,1,0,0,0,0,0,1,523.0,SAFE_STOP,连转 3 轮未见前头红外,0,0,1
37.873,547.0,748.0,381.0,1061.0,-0.3238,-0.1089,-0.2145,-0.1712,1,0,1,0,0,0,0,0,1,439.0,SAFE_STOP,连转 3 轮未见前头红外,0,0,1
37.893,547.0,748.0,381.0,1061.0,-0.3238,-0.1089,-0.2145,-0.1712,1,0,1,0,0,0,0,0,1,439.0,SAFE_STOP,连转 3 轮未见前头红外,0,0,1
37.913,547.0,748.0,381.0,1062.0,-0.3238,-0.1089,-0.2145,-0.1712,1,0,1,0,0,0,0,0,1,359.0,SAFE_STOP,连转 3 轮未见前头红外,0,0,1
37.934,547.0,748.0,381.0,1061.0,-0.3238,-0.1089,-0.2145,-0.1712,1,0,1,0,0,0,0,0,1,277.0,SAFE_STOP,连转 3 轮未见前头红外,0,0,1
37.954,547.0,748.0,381.0,1062.0,-0.3238,-0.1089,-0.2145,-0.1691,1,0,1,0,0,0,0,0,1,373.0,SAFE_STOP,连转 3 轮未见前头红外,0,0,1
37.974,546.0,747.0,381.0,1061.0,-0.3238,-0.1089,-0.2145,-0.1712,1,0,1,0,0,0,0,0,1,406.0,SAFE_STOP,连转 3 轮未见前头红外,0,0,1
37.994,546.0,748.0,380.0,1060.0,-0.3265,-0.1089,-0.2145,-0.1712,1,0,1,0,0,0,0,0,1,575.0,SAFE_STOP,连转 3 轮未见前头红外,0,0,1
38.014,547.0,747.0,381.0,1061.0,-0.3265,-0.1111,-0.2145,-0.1712,1,0,1,0,0,0,0,0,1,446.0,SAFE_STOP,连转 3 轮未见前头红外,0,0,1
38.034,547.0,748.0,381.0,1061.0,-0.3238,-0.1089,-0.2145,-0.1712,1,0,1,0,0,0,0,0,1,586.0,SAFE_STOP,连转 3 轮未见前头红外,0,0,1
38.054,547.0,748.0,381.0,1061.0,-0.3238,-0.1089,-0.2145,-0.1712,1,0,1,0,0,0,0,0,1,374.0,SAFE_STOP,连转 3 轮未见前头红外,0,0,1
38.074,546.0,747.0,380.0,1060.0,-0.3238,-0.1089,-0.2145,-0.1712,1,0,1,0,0,0,0,0,1,259.0,SAFE_STOP,连转 3 轮未见前头红外,0,0,1
38.094,545.0,747.0,380.0,1058.0,-0.3265,-0.1111,-0.2173,-0.1733,1,0,1,0,0,0,0,0,1,371.0,SAFE_STOP,连转 3 轮未见前头红外,0,0,1
38.115,545.0,747.0,380.0,1058.0,-0.3293,-0.1111,-0.2173,-0.1775,1,0,1,0,0,0,0,0,1,371.0,SAFE_STOP,连转 3 轮未见前头红外,0,0,1
38.135,546.0,747.0,380.0,1060.0,-0.3293,-0.1111,-0.2173,-0.1775,1,0,1,0,0,0,0,0,1,424.0,SAFE_STOP,连转 3 轮未见前头红外,0,0,1
38.155,546.0,746.0,380.0,1061.0,-0.3265,-0.1111,-0.2173,-0.1733,1,0,1,0,0,0,0,0,1,597.0,SAFE_STOP,连转 3 轮未见前头红外,0,0,1
38.175,545.0,744.0,379.0,1058.0,-0.3265,-0.1133,-0.2173,-0.1733,1,0,1,0,0,0,0,0,1,380.0,SAFE_STOP,连转 3 轮未见前头红外,0,0,1
38.196,547.0,747.0,381.0,1061.0,-0.3265,-0.1133,-0.2173,-0.1712,1,0,1,0,0,0,0,0,1,358.0,SAFE_STOP,连转 3 轮未见前头红外,0,0,1
38.216,546.0,746.0,379.0,1059.0,-0.3265,-0.1133,-0.2201,-0.1754,1,0,1,0,0,0,0,0,1,374.0,SAFE_STOP,连转 3 轮未见前头红外,0,0,1
38.236,547.0,748.0,381.0,1061.0,-0.3238,-0.1111,-0.2145,-0.1712,1,0,1,0,0,0,0,0,1,343.0,SAFE_STOP,连转 3 轮未见前头红外,0,0,1
38.256,547.0,746.0,381.0,1060.0,-0.3238,-0.1133,-0.2145,-0.1733,1,0,1,0,0,0,0,0,1,126.0,SAFE_STOP,连转 3 轮未见前头红外,0,0,1
38.276,546.0,746.0,380.0,1059.0,-0.3238,-0.1133,-0.2145,-0.1733,1,0,1,0,0,0,0,0,1,362.0,SAFE_STOP,连转 3 轮未见前头红外,0,0,1
38.296,546.0,746.0,381.0,1061.0,-0.3265,-0.1133,-0.2145,-0.1733,1,0,1,0,0,0,0,0,1,357.0,SAFE_STOP,连转 3 轮未见前头红外,0,0,1
38.316,547.0,747.0,381.0,1062.0,-0.3265,-0.1133,-0.2145,-0.1712,1,0,1,0,0,0,0,0,1,171.0,SAFE_STOP,连转 3 轮未见前头红外,0,0,1
38.336,545.0,746.0,380.0,1058.0,-0.3265,-0.1133,-0.2145,-0.1712,1,0,1,0,0,0,0,0,1,353.0,SAFE_STOP,连转 3 轮未见前头红外,0,0,1
38.357,547.0,747.0,381.0,1061.0,-0.3238,-0.1111,-0.2145,-0.1712,1,0,1,0,0,0,0,0,1,619.0,SAFE_STOP,连转 3 轮未见前头红外,0,0,1
38.377,546.0,746.0,381.0,1060.0,-0.3265,-0.1133,-0.2145,-0.1733,1,0,1,0,0,0,0,0,1,444.0,SAFE_STOP,连转 3 轮未见前头红外,0,0,1
38.397,546.0,744.0,379.0,1058.0,-0.3265,-0.1133,-0.2145,-0.1733,1,0,1,0,0,0,0,0,1,390.0,SAFE_STOP,连转 3 轮未见前头红外,0,0,1
38.417,546.0,746.0,381.0,1060.0,-0.3265,-0.1133,-0.2145,-0.1733,1,0,1,0,0,0,0,0,1,360.0,SAFE_STOP,连转 3 轮未见前头红外,0,0,1
38.437,546.0,747.0,380.0,1060.0,-0.3265,-0.1133,-0.2173,-0.1733,1,0,1,0,0,0,0,0,1,308.0,SAFE_STOP,连转 3 轮未见前头红外,0,0,1
38.457,546.0,747.0,380.0,1060.0,-0.3265,-0.1111,-0.2173,-0.1733,1,0,1,0,0,0,0,0,1,375.0,SAFE_STOP,连转 3 轮未见前头红外,0,0,1
38.478,546.0,747.0,380.0,1060.0,-0.3265,-0.1111,-0.2173,-0.1733,1,0,1,0,0,0,0,0,1,375.0,SAFE_STOP,连转 3 轮未见前头红外,0,0,1
38.498,546.0,748.0,381.0,1061.0,-0.3265,-0.1111,-0.2173,-0.1733,1,0,1,0,0,0,0,0,1,440.0,SAFE_STOP,连转 3 轮未见前头红外,0,0,1
38.518,547.0,747.0,380.0,1061.0,-0.3265,-0.1111,-0.2173,-0.1712,1,0,1,0,0,0,0,0,1,708.0,SAFE_STOP,连转 3 轮未见前头红外,0,0,1
38.538,545.0,745.0,379.0,1059.0,-0.3265,-0.1111,-0.2173,-0.1712,1,0,1,0,0,0,0,0,1,439.0,SAFE_STOP,连转 3 轮未见前头红外,0,0,1
38.558,547.0,747.0,381.0,1060.0,-0.3238,-0.1111,-0.2173,-0.1733,1,0,1,0,0,0,0,0,1,327.0,SAFE_STOP,连转 3 轮未见前头红外,0,0,1
38.578,547.0,747.0,381.0,1061.0,-0.3238,-0.1111,-0.2145,-0.1733,1,0,1,0,0,0,0,0,1,390.0,SAFE_STOP,连转 3 轮未见前头红外,0,0,1
38.598,546.0,747.0,380.0,1061.0,-0.3238,-0.1111,-0.2145,-0.1712,1,0,1,0,0,0,0,0,1,314.0,SAFE_STOP,连转 3 轮未见前头红外,0,0,1
38.618,546.0,747.0,381.0,1061.0,-0.3265,-0.1111,-0.2145,-0.1712,1,0,1,0,0,0,0,0,1,374.0,SAFE_STOP,连转 3 轮未见前头红外,0,0,1
38.639,546.0,747.0,381.0,1061.0,-0.3265,-0.1111,-0.2145,-0.1712,1,0,1,0,0,0,0,0,1,423.0,SAFE_STOP,连转 3 轮未见前头红外,0,0,1
38.659,546.0,746.0,380.0,1060.0,-0.3265,-0.1111,-0.2145,-0.1712,1,0,1,0,0,0,0,0,1,539.0,SAFE_STOP,连转 3 轮未见前头红外,0,0,1
38.679,548.0,747.0,381.0,1061.0,-0.3265,-0.1111,-0.2145,-0.1712,1,0,1,0,0,0,0,0,1,358.0,SAFE_STOP,连转 3 轮未见前头红外,0,0,1
38.699,547.0,747.0,379.0,1061.0,-0.3238,-0.1111,-0.2173,-0.1712,1,0,1,0,0,0,0,0,1,375.0,SAFE_STOP,连转 3 轮未见前头红外,0,0,1
38.719,545.0,745.0,380.0,1056.0,-0.3238,-0.1111,-0.2173,-0.1712,1,0,1,0,0,0,0,0,1,370.0,SAFE_STOP,连转 3 轮未见前头红外,0,0,1
38.739,546.0,747.0,381.0,1061.0,-0.3265,-0.1111,-0.2173,-0.1712,1,0,1,0,0,0,0,0,1,406.0,SAFE_STOP,连转 3 轮未见前头红外,0,0,1
38.759,547.0,747.0,380.0,1061.0,-0.3265,-0.1111,-0.2173,-0.1712,1,0,1,0,0,0,0,0,1,439.0,SAFE_STOP,连转 3 轮未见前头红外,0,0,1
38.779,546.0,747.0,380.0,1061.0,-0.3265,-0.1111,-0.2173,-0.1712,1,0,1,0,0,0,0,0,1,439.0,SAFE_STOP,连转 3 轮未见前头红外,0,0,1
38.799,546.0,746.0,381.0,1060.0,-0.3265,-0.1111,-0.2173,-0.1712,1,0,1,0,0,0,0,0,1,366.0,SAFE_STOP,连转 3 轮未见前头红外,0,0,1
38.82,547.0,747.0,381.0,1061.0,-0.3265,-0.1111,-0.2145,-0.1712,1,0,1,0,0,0,0,0,1,357.0,SAFE_STOP,连转 3 轮未见前头红外,0,0,1
38.84,545.0,745.0,379.0,1057.0,-0.3265,-0.1133,-0.2145,-0.1733,1,0,1,0,0,0,0,0,1,375.0,SAFE_STOP,连转 3 轮未见前头红外,0,0,1
38.86,546.0,746.0,380.0,1060.0,-0.3265,-0.1133,-0.2173,-0.1733,1,0,1,0,0,0,0,0,1,407.0,SAFE_STOP,连转 3 轮未见前头红外,0,0,1
38.88,546.0,746.0,380.0,1060.0,-0.3265,-0.1133,-0.2173,-0.1733,1,0,1,0,0,0,0,0,1,439.0,SAFE_STOP,连转 3 轮未见前头红外,0,0,1
38.9,546.0,746.0,380.0,1060.0,-0.3265,-0.1133,-0.2173,-0.1733,1,0,1,0,0,0,0,0,1,439.0,SAFE_STOP,连转 3 轮未见前头红外,0,0,1
38.92,544.0,744.0,379.0,1057.0,-0.3265,-0.1133,-0.2173,-0.1733,1,0,1,0,0,0,0,0,1,753.0,SAFE_STOP,连转 3 轮未见前头红外,0,0,1
38.94,547.0,747.0,380.0,1060.0,-0.3265,-0.1133,-0.2173,-0.1733,1,0,1,0,0,0,0,0,1,587.0,SAFE_STOP,连转 3 轮未见前头红外,0,0,1
38.96,547.0,748.0,381.0,1061.0,-0.3238,-0.1111,-0.2173,-0.1733,1,0,1,0,0,0,0,0,1,341.0,SAFE_STOP,连转 3 轮未见前头红外,0,0,1
38.981,547.0,746.0,380.0,1059.0,-0.3238,-0.1111,-0.2173,-0.1733,1,0,1,0,0,0,0,0,1,374.0,SAFE_STOP,连转 3 轮未见前头红外,0,0,1
39.001,547.0,747.0,381.0,1060.0,-0.3238,-0.1111,-0.2145,-0.1733,1,0,1,0,0,0,0,0,1,439.0,SAFE_STOP,连转 3 轮未见前头红外,0,0,1
39.021,547.0,747.0,381.0,1061.0,-0.3238,-0.1111,-0.2145,-0.1733,1,0,1,0,0,0,0,0,1,473.0,SAFE_STOP,连转 3 轮未见前头红外,0,0,1
39.041,546.0,746.0,380.0,1059.0,-0.3238,-0.1111,-0.2145,-0.1733,1,0,1,0,0,0,0,0,1,439.0,SAFE_STOP,连转 3 轮未见前头红外,0,0,1
39.061,546.0,746.0,380.0,1060.0,-0.3265,-0.1133,-0.2173,-0.1733,1,0,1,0,0,0,0,0,1,375.0,SAFE_STOP,连转 3 轮未见前头红外,0,0,1
39.081,547.0,747.0,381.0,1062.0,-0.3265,-0.1133,-0.2173,-0.1733,1,0,1,0,0,0,0,0,1,556.0,SAFE_STOP,连转 3 轮未见前头红外,0,0,1
39.101,546.0,747.0,381.0,1060.0,-0.3265,-0.1111,-0.2145,-0.1733,1,0,1,0,0,0,0,0,1,358.0,SAFE_STOP,连转 3 轮未见前头红外,0,0,1
39.121,546.0,745.0,379.0,1058.0,-0.3265,-0.1111,-0.2145,-0.1733,1,0,1,0,0,0,0,0,1,372.0,SAFE_STOP,连转 3 轮未见前头红外,0,0,1
39.141,545.0,745.0,380.0,1059.0,-0.3265,-0.1155,-0.2173,-0.1754,1,0,1,0,0,0,0,0,1,431.0,SAFE_STOP,连转 3 轮未见前头红外,0,0,1
39.162,546.0,746.0,380.0,1060.0,-0.3265,-0.1155,-0.2173,-0.1754,1,0,1,0,0,0,0,0,1,406.0,SAFE_STOP,连转 3 轮未见前头红外,0,0,1
39.182,546.0,745.0,380.0,1058.0,-0.3265,-0.1155,-0.2173,-0.1754,1,0,1,0,0,0,0,0,1,357.0,SAFE_STOP,连转 3 轮未见前头红外,0,0,1
39.202,546.0,746.0,380.0,1060.0,-0.3265,-0.1133,-0.2173,-0.1733,1,0,1,0,0,0,0,0,1,362.0,SAFE_STOP,连转 3 轮未见前头红外,0,0,1
39.222,546.0,745.0,381.0,1060.0,-0.3265,-0.1155,-0.2173,-0.1733,1,0,1,0,0,0,0,0,1,364.0,SAFE_STOP,连转 3 轮未见前头红外,0,0,1
39.242,545.0,746.0,380.0,1059.0,-0.3265,-0.1133,-0.2173,-0.1733,1,0,1,0,0,0,0,0,1,391.0,SAFE_STOP,连转 3 轮未见前头红外,0,0,1
39.262,547.0,746.0,381.0,1060.0,-0.3265,-0.1133,-0.2145,-0.1733,1,0,1,0,0,0,0,0,1,424.0,SAFE_STOP,连转 3 轮未见前头红外,0,0,1
39.282,547.0,746.0,381.0,1060.0,-0.3238,-0.1133,-0.2145,-0.1733,1,0,1,0,0,0,0,0,1,424.0,SAFE_STOP,连转 3 轮未见前头红外,0,0,1
39.302,546.0,747.0,380.0,1060.0,-0.3238,-0.1133,-0.2145,-0.1733,1,0,1,0,0,0,0,0,1,620.0,SAFE_STOP,连转 3 轮未见前头红外,0,0,1
39.323,545.0,745.0,380.0,1058.0,-0.3265,-0.1133,-0.2173,-0.1733,1,0,1,0,0,0,0,0,1,225.0,SAFE_STOP,连转 3 轮未见前头红外,0,0,1
39.343,547.0,746.0,381.0,1060.0,-0.3265,-0.1133,-0.2173,-0.1733,1,0,1,0,0,0,0,0,1,406.0,SAFE_STOP,连转 3 轮未见前头红外,0,0,1
39.363,546.0,746.0,380.0,1061.0,-0.3265,-0.1133,-0.2173,-0.1733,1,0,1,0,0,0,0,0,1,359.0,SAFE_STOP,连转 3 轮未见前头红外,0,0,1
39.383,546.0,746.0,381.0,1060.0,-0.3265,-0.1133,-0.2145,-0.1733,1,0,1,0,0,0,0,0,1,342.0,SAFE_STOP,连转 3 轮未见前头红外,0,0,1
39.403,546.0,747.0,381.0,1062.0,-0.3265,-0.1133,-0.2145,-0.1712,1,0,1,0,0,0,0,0,1,439.0,SAFE_STOP,连转 3 轮未见前头红外,0,0,1
39.423,547.0,747.0,380.0,1061.0,-0.3265,-0.1111,-0.2145,-0.1712,1,0,1,0,0,0,0,0,1,424.0,SAFE_STOP,连转 3 轮未见前头红外,0,0,1
39.443,546.0,747.0,381.0,1061.0,-0.3265,-0.1111,-0.2145,-0.1712,1,0,1,0,0,0,0,0,1,700.0,SAFE_STOP,连转 3 轮未见前头红外,0,0,1
39.463,546.0,746.0,381.0,1059.0,-0.3265,-0.1111,-0.2145,-0.1712,1,0,1,0,0,0,0,0,1,353.0,SAFE_STOP,连转 3 轮未见前头红外,0,0,1
39.483,546.0,747.0,381.0,1061.0,-0.3265,-0.1111,-0.2145,-0.1712,1,0,1,0,0,0,0,0,1,619.0,SAFE_STOP,连转 3 轮未见前头红外,0,0,1
39.504,546.0,745.0,380.0,1060.0,-0.3265,-0.1133,-0.2145,-0.1733,1,0,1,0,0,0,0,0,1,438.0,SAFE_STOP,连转 3 轮未见前头红外,0,0,1
39.524,547.0,747.0,380.0,1062.0,-0.3265,-0.1111,-0.2173,-0.1712,1,0,1,0,0,0,0,0,1,342.0,SAFE_STOP,连转 3 轮未见前头红外,0,0,1
39.544,546.0,748.0,381.0,1061.0,-0.3265,-0.1111,-0.2173,-0.1712,1,0,1,0,0,0,0,0,1,437.0,SAFE_STOP,连转 3 轮未见前头红外,0,0,1
39.564,546.0,746.0,380.0,1060.0,-0.3265,-0.1111,-0.2173,-0.1712,1,0,1,0,0,0,0,0,1,332.0,SAFE_STOP,连转 3 轮未见前头红外,0,0,1
39.584,547.0,748.0,382.0,1062.0,-0.3265,-0.1089,-0.2145,-0.1712,1,0,1,0,0,0,0,0,1,662.0,SAFE_STOP,连转 3 轮未见前头红外,0,0,1
39.604,545.0,746.0,380.0,1060.0,-0.3265,-0.1133,-0.2173,-0.1733,1,0,1,0,0,0,0,0,1,374.0,SAFE_STOP,连转 3 轮未见前头红外,0,0,1
39.624,546.0,746.0,380.0,1059.0,-0.3265,-0.1133,-0.2173,-0.1733,1,0,1,0,0,0,0,0,1,394.0,SAFE_STOP,连转 3 轮未见前头红外,0,0,1
39.646,547.0,747.0,380.0,1061.0,-0.3265,-0.1133,-0.2173,-0.1733,1,0,1,0,0,0,0,0,1,410.0,SAFE_STOP,连转 3 轮未见前头红外,0,0,1
39.666,547.0,748.0,381.0,1060.0,-0.3238,-0.1111,-0.2173,-0.1733,1,0,1,0,0,0,0,0,1,239.0,SAFE_STOP,连转 3 轮未见前头红外,0,0,1
39.686,546.0,747.0,380.0,1061.0,-0.3238,-0.1111,-0.2173,-0.1712,1,0,1,0,0,0,0,0,1,357.0,SAFE_STOP,连转 3 轮未见前头红外,0,0,1
39.706,547.0,747.0,381.0,1062.0,-0.3238,-0.1111,-0.2145,-0.1712,1,0,1,0,0,0,0,0,1,375.0,SAFE_STOP,连转 3 轮未见前头红外,0,0,1
39.726,547.0,747.0,381.0,1062.0,-0.3238,-0.1111,-0.2145,-0.1691,1,0,1,0,0,0,0,0,1,375.0,SAFE_STOP,连转 3 轮未见前头红外,0,0,1
39.746,546.0,748.0,381.0,1060.0,-0.3238,-0.1111,-0.2145,-0.1691,1,0,1,0,0,0,0,0,1,360.0,SAFE_STOP,连转 3 轮未见前头红外,0,0,1
39.766,546.0,746.0,381.0,1060.0,-0.3265,-0.1111,-0.2145,-0.1733,1,0,1,0,0,0,0,0,1,423.0,SAFE_STOP,连转 3 轮未见前头红外,0,0,1
39.787,545.0,746.0,380.0,1059.0,-0.3265,-0.1133,-0.2145,-0.1733,1,0,1,0,0,0,0,0,1,388.0,SAFE_STOP,连转 3 轮未见前头红外,0,0,1
39.807,545.0,745.0,379.0,1059.0,-0.3293,-0.1133,-0.2173,-0.1754,1,0,1,0,0,0,0,0,1,505.0,SAFE_STOP,连转 3 轮未见前头红外,0,0,1
39.827,545.0,744.0,381.0,1057.0,-0.3293,-0.1155,-0.2173,-0.1754,1,0,1,0,0,0,0,0,1,344.0,SAFE_STOP,连转 3 轮未见前头红外,0,0,1
39.847,545.0,744.0,379.0,1058.0,-0.3293,-0.1176,-0.2201,-0.1775,1,0,1,0,0,0,0,0,1,666.0,SAFE_STOP,连转 3 轮未见前头红外,0,0,1
39.867,545.0,744.0,379.0,1058.0,-0.3293,-0.1176,-0.2201,-0.1775,1,0,1,0,0,0,0,0,1,421.0,SAFE_STOP,连转 3 轮未见前头红外,0,0,1
39.887,544.0,745.0,380.0,1059.0,-0.3293,-0.1176,-0.2201,-0.1775,1,0,1,0,0,0,0,0,1,409.0,SAFE_STOP,连转 3 轮未见前头红外,0,0,1
39.907,544.0,744.0,379.0,1057.0,-0.332,-0.1176,-0.2201,-0.1775,1,0,1,0,0,0,0,0,1,422.0,SAFE_STOP,连转 3 轮未见前头红外,0,0,1
39.927,545.0,745.0,379.0,1058.0,-0.332,-0.1155,-0.2201,-0.1775,1,0,1,0,0,0,0,0,1,391.0,SAFE_STOP,连转 3 轮未见前头红外,0,0,1
39.948,545.0,745.0,379.0,1058.0,-0.3293,-0.1155,-0.2201,-0.1775,1,0,1,0,0,0,0,0,1,587.0,SAFE_STOP,连转 3 轮未见前头红外,0,0,1
39.968,544.0,744.0,379.0,1057.0,-0.3293,-0.1155,-0.2201,-0.1775,1,0,1,0,0,0,0,0,1,374.0,SAFE_STOP,连转 3 轮未见前头红外,0,0,1
39.988,544.0,741.0,379.0,1056.0,-0.332,-0.1176,-0.2201,-0.1795,1,0,1,0,0,0,0,0,1,701.0,SAFE_STOP,连转 3 轮未见前头红外,0,0,1
40.008,545.0,745.0,379.0,1058.0,-0.332,-0.1176,-0.2201,-0.1795,1,0,1,0,0,0,0,0,1,523.0,SAFE_STOP,连转 3 轮未见前头红外,0,0,1
40.028,544.0,744.0,379.0,1057.0,-0.332,-0.1176,-0.2201,-0.1795,1,0,1,0,0,0,0,0,1,408.0,SAFE_STOP,连转 3 轮未见前头红外,0,0,1
40.048,544.0,744.0,379.0,1057.0,-0.332,-0.1176,-0.2201,-0.1795,1,0,1,0,0,0,0,0,1,438.0,SAFE_STOP,连转 3 轮未见前头红外,0,0,1
40.068,545.0,744.0,380.0,1057.0,-0.332,-0.1176,-0.2201,-0.1795,1,0,1,0,0,0,0,0,1,190.0,SAFE_STOP,连转 3 轮未见前头红外,0,0,1
40.088,545.0,744.0,379.0,1057.0,-0.3293,-0.1176,-0.2201,-0.1795,1,0,1,0,0,0,0,0,1,457.0,SAFE_STOP,连转 3 轮未见前头红外,0,0,1
40.108,544.0,743.0,378.0,1056.0,-0.3293,-0.1176,-0.2201,-0.1795,1,0,1,0,0,0,0,0,1,357.0,SAFE_STOP,连转 3 轮未见前头红外,0,0,1
40.128,545.0,746.0,380.0,1059.0,-0.3293,-0.1176,-0.2201,-0.1795,1,0,1,0,0,0,0,0,1,539.0,SAFE_STOP,连转 3 轮未见前头红外,0,0,1
40.149,545.0,745.0,379.0,1057.0,-0.3293,-0.1155,-0.2201,-0.1795,1,0,1,0,0,0,0,0,1,441.0,SAFE_STOP,连转 3 轮未见前头红外,0,0,1
40.169,545.0,745.0,379.0,1057.0,-0.3293,-0.1155,-0.2201,-0.1795,1,0,1,0,0,0,0,0,1,441.0,SAFE_STOP,连转 3 轮未见前头红外,0,0,1
40.189,544.0,744.0,378.0,1056.0,-0.3293,-0.1155,-0.2201,-0.1795,1,0,1,0,0,0,0,0,1,424.0,SAFE_STOP,连转 3 轮未见前头红外,0,0,1
40.209,543.0,743.0,378.0,1056.0,-0.332,-0.1176,-0.2228,-0.1816,1,0,1,0,0,0,0,0,1,374.0,SAFE_STOP,连转 3 轮未见前头红外,0,0,1
40.229,544.0,745.0,379.0,1058.0,-0.332,-0.1176,-0.2228,-0.1816,1,0,1,0,0,0,0,0,1,357.0,SAFE_STOP,连转 3 轮未见前头红外,0,0,1
40.249,545.0,744.0,379.0,1058.0,-0.332,-0.1176,-0.2201,-0.1775,1,0,1,0,0,0,0,0,1,375.0,SAFE_STOP,连转 3 轮未见前头红外,0,0,1
40.269,544.0,743.0,378.0,1056.0,-0.332,-0.1176,-0.2201,-0.1775,1,0,1,0,0,0,0,0,1,373.0,SAFE_STOP,连转 3 轮未见前头红外,0,0,1
40.289,545.0,745.0,380.0,1059.0,-0.3293,-0.1176,-0.2201,-0.1775,1,0,1,0,0,0,0,0,1,439.0,SAFE_STOP,连转 3 轮未见前头红外,0,0,1
40.31,545.0,746.0,380.0,1061.0,-0.3293,-0.1155,-0.2173,-0.1754,1,0,1,0,0,0,0,0,1,423.0,SAFE_STOP,连转 3 轮未见前头红外,0,0,1
40.33,545.0,745.0,380.0,1059.0,-0.3293,-0.1155,-0.2173,-0.1754,1,0,1,0,0,0,0,0,1,358.0,SAFE_STOP,连转 3 轮未见前头红外,0,0,1
40.35,545.0,744.0,380.0,1059.0,-0.3293,-0.1155,-0.2173,-0.1754,1,0,1,0,0,0,0,0,1,623.0,SAFE_STOP,连转 3 轮未见前头红外,0,0,1
40.37,546.0,745.0,380.0,1059.0,-0.3293,-0.1155,-0.2173,-0.1754,1,0,1,0,0,0,0,0,1,361.0,SAFE_STOP,连转 3 轮未见前头红外,0,0,1
40.39,545.0,746.0,380.0,1060.0,-0.3293,-0.1155,-0.2173,-0.1754,1,0,1,0,0,0,0,0,1,668.0,SAFE_STOP,连转 3 轮未见前头红外,0,0,1
40.41,546.0,746.0,380.0,1060.0,-0.3265,-0.1133,-0.2173,-0.1733,1,0,1,0,0,0,0,0,1,473.0,SAFE_STOP,连转 3 轮未见前头红外,0,0,1
40.43,547.0,746.0,381.0,1061.0,-0.3265,-0.1133,-0.2173,-0.1733,1,0,1,0,0,0,0,0,1,325.0,SAFE_STOP,连转 3 轮未见前头红外,0,0,1
40.45,546.0,746.0,381.0,1060.0,-0.3265,-0.1133,-0.2145,-0.1733,1,0,1,0,0,0,0,0,1,413.0,SAFE_STOP,连转 3 轮未见前头红外,0,0,1
40.47,545.0,745.0,380.0,1058.0,-0.3265,-0.1133,-0.2145,-0.1733,1,0,1,0,0,0,0,0,1,374.0,SAFE_STOP,连转 3 轮未见前头红外,0,0,1
40.491,546.0,747.0,380.0,1061.0,-0.3265,-0.1133,-0.2173,-0.1733,1,0,1,0,0,0,0,0,1,667.0,SAFE_STOP,连转 3 轮未见前头红外,0,0,1
40.511,545.0,746.0,381.0,1059.0,-0.3293,-0.1133,-0.2173,-0.1754,1,0,1,0,0,0,0,0,1,374.0,SAFE_STOP,连转 3 轮未见前头红外,0,0,1
40.531,546.0,747.0,380.0,1059.0,-0.3265,-0.1111,-0.2173,-0.1754,1,0,1,0,0,0,0,0,1,672.0,SAFE_STOP,连转 3 轮未见前头红外,0,0,1
40.551,546.0,747.0,381.0,1060.0,-0.3265,-0.1111,-0.2145,-0.1754,1,0,1,0,0,0,0,0,1,423.0,SAFE_STOP,连转 3 轮未见前头红外,0,0,1
40.571,546.0,747.0,381.0,1060.0,-0.3265,-0.1111,-0.2145,-0.1733,1,0,1,0,0,0,0,0,1,374.0,SAFE_STOP,连转 3 轮未见前头红外,0,0,1
40.591,545.0,745.0,380.0,1058.0,-0.3265,-0.1111,-0.2145,-0.1733,1,0,1,0,0,0,0,0,1,330.0,SAFE_STOP,连转 3 轮未见前头红外,0,0,1
40.611,547.0,745.0,380.0,1061.0,-0.3265,-0.1155,-0.2173,-0.1733,1,0,1,0,0,0,0,0,1,294.0,SAFE_STOP,连转 3 轮未见前头红外,0,0,1
40.631,546.0,747.0,380.0,1059.0,-0.3265,-0.1155,-0.2173,-0.1754,1,0,1,0,0,0,0,0,1,441.0,SAFE_STOP,连转 3 轮未见前头红外,0,0,1
40.651,546.0,745.0,380.0,1059.0,-0.3265,-0.1155,-0.2173,-0.1754,1,0,1,0,0,0,0,0,1,268.0,SAFE_STOP,连转 3 轮未见前头红外,0,0,1
40.671,546.0,746.0,380.0,1060.0,-0.3265,-0.1133,-0.2173,-0.1754,1,0,1,0,0,0,0,0,1,446.0,SAFE_STOP,连转 3 轮未见前头红外,0,0,1
40.691,546.0,747.0,380.0,1061.0,-0.3265,-0.1133,-0.2173,-0.1733,1,0,1,0,0,0,0,0,1,440.0,SAFE_STOP,连转 3 轮未见前头红外,0,0,1
40.711,546.0,745.0,379.0,1057.0,-0.3265,-0.1133,-0.2173,-0.1733,1,0,1,0,0,0,0,0,1,356.0,SAFE_STOP,连转 3 轮未见前头红外,0,0,1
40.732,547.0,747.0,381.0,1060.0,-0.3265,-0.1111,-0.2173,-0.1733,1,0,1,0,0,0,0,0,1,554.0,SAFE_STOP,连转 3 轮未见前头红外,0,0,1
40.752,547.0,747.0,381.0,1060.0,-0.3238,-0.1111,-0.2145,-0.1733,1,0,1,0,0,0,0,0,1,554.0,SAFE_STOP,连转 3 轮未见前头红外,0,0,1
40.772,545.0,747.0,381.0,1060.0,-0.3238,-0.1111,-0.2145,-0.1733,1,0,1,0,0,0,0,0,1,373.0,SAFE_STOP,连转 3 轮未见前头红外,0,0,1
40.792,545.0,746.0,379.0,1058.0,-0.3293,-0.1111,-0.2145,-0.1733,1,0,1,0,0,0,0,0,1,440.0,SAFE_STOP,连转 3 轮未见前头红外,0,0,1
40.812,546.0,747.0,380.0,1061.0,-0.3293,-0.1111,-0.2173,-0.1733,1,0,1,0,0,0,0,0,1,424.0,SAFE_STOP,连转 3 轮未见前头红外,0,0,1
40.832,547.0,746.0,381.0,1060.0,-0.3265,-0.1133,-0.2173,-0.1733,1,0,1,0,0,0,0,0,1,375.0,SAFE_STOP,连转 3 轮未见前头红外,0,0,1
40.852,546.0,746.0,380.0,1059.0,-0.3265,-0.1133,-0.2173,-0.1733,1,0,1,0,0,0,0,0,1,358.0,SAFE_STOP,连转 3 轮未见前头红外,0,0,1
40.872,546.0,747.0,381.0,1061.0,-0.3265,-0.1133,-0.2145,-0.1733,1,0,1,0,0,0,0,0,1,375.0,SAFE_STOP,连转 3 轮未见前头红外,0,0,1
40.893,547.0,748.0,381.0,1061.0,-0.3265,-0.1111,-0.2145,-0.1712,1,0,1,0,0,0,0,0,1,697.0,SAFE_STOP,连转 3 轮未见前头红外,0,0,1
40.913,546.0,746.0,380.0,1059.0,-0.3265,-0.1111,-0.2145,-0.1712,1,0,1,0,0,0,0,0,1,422.0,SAFE_STOP,连转 3 轮未见前头红外,0,0,1
40.933,546.0,747.0,381.0,1061.0,-0.3265,-0.1111,-0.2145,-0.1712,1,0,1,0,0,0,0,0,1,423.0,SAFE_STOP,连转 3 轮未见前头红外,0,0,1
40.953,547.0,747.0,380.0,1062.0,-0.3265,-0.1111,-0.2173,-0.1712,1,0,1,0,0,0,0,0,1,424.0,SAFE_STOP,连转 3 轮未见前头红外,0,0,1
40.973,547.0,747.0,381.0,1060.0,-0.3238,-0.1111,-0.2145,-0.1712,1,0,1,0,0,0,0,0,1,293.0,SAFE_STOP,连转 3 轮未见前头红外,0,0,1
40.993,546.0,747.0,380.0,1061.0,-0.3238,-0.1111,-0.2173,-0.1712,1,0,1,0,0,0,0,0,1,357.0,SAFE_STOP,连转 3 轮未见前头红外,0,0,1
41.013,546.0,747.0,381.0,1060.0,-0.3265,-0.1111,-0.2145,-0.1733,1,0,1,0,0,0,0,0,1,375.0,SAFE_STOP,连转 3 轮未见前头红外,0,0,1
41.034,546.0,747.0,381.0,1059.0,-0.3265,-0.1111,-0.2145,-0.1733,1,0,1,0,0,0,0,0,1,731.0,SAFE_STOP,连转 3 轮未见前头红外,0,0,1
41.054,546.0,746.0,380.0,1059.0,-0.3265,-0.1111,-0.2145,-0.1754,1,0,1,0,0,0,0,0,1,411.0,SAFE_STOP,连转 3 轮未见前头红外,0,0,1
41.074,546.0,747.0,381.0,1060.0,-0.3265,-0.1111,-0.2145,-0.1754,1,0,1,0,0,0,0,0,1,375.0,SAFE_STOP,连转 3 轮未见前头红外,0,0,1
41.094,546.0,747.0,380.0,1060.0,-0.3265,-0.1111,-0.2173,-0.1733,1,0,1,0,0,0,0,0,1,358.0,SAFE_STOP,连转 3 轮未见前头红外,0,0,1
41.114,547.0,747.0,381.0,1061.0,-0.3265,-0.1111,-0.2145,-0.1733,1,0,1,0,0,0,0,0,1,357.0,SAFE_STOP,连转 3 轮未见前头红外,0,0,1
41.134,547.0,747.0,381.0,1061.0,-0.3238,-0.1111,-0.2145,-0.1712,1,0,1,0,0,0,0,0,1,375.0,SAFE_STOP,连转 3 轮未见前头红外,0,0,1
41.154,546.0,747.0,380.0,1060.0,-0.3238,-0.1111,-0.2145,-0.1712,1,0,1,0,0,0,0,0,1,439.0,SAFE_STOP,连转 3 轮未见前头红外,0,0,1
41.175,546.0,747.0,381.0,1061.0,-0.3265,-0.1111,-0.2145,-0.1712,1,0,1,0,0,0,0,0,1,407.0,SAFE_STOP,连转 3 轮未见前头红外,0,0,1
41.195,546.0,747.0,381.0,1061.0,-0.3265,-0.1111,-0.2145,-0.1712,1,0,1,0,0,0,0,0,1,407.0,SAFE_STOP,连转 3 轮未见前头红外,0,0,1
41.215,546.0,746.0,380.0,1060.0,-0.3265,-0.1111,-0.2145,-0.1712,1,0,1,0,0,0,0,0,1,438.0,SAFE_STOP,连转 3 轮未见前头红外,0,0,1
41.235,546.0,747.0,380.0,1060.0,-0.3265,-0.1111,-0.2173,-0.1733,1,0,1,0,0,0,0,0,1,376.0,SAFE_STOP,连转 3 轮未见前头红外,0,0,1
41.255,547.0,747.0,381.0,1060.0,-0.3265,-0.1111,-0.2173,-0.1733,1,0,1,0,0,0,0,0,1,390.0,SAFE_STOP,连转 3 轮未见前头红外,0,0,1
41.275,546.0,747.0,382.0,1060.0,-0.3265,-0.1111,-0.2145,-0.1733,1,0,1,0,0,0,0,0,1,359.0,SAFE_STOP,连转 3 轮未见前头红外,0,0,1
41.295,546.0,746.0,380.0,1061.0,-0.3265,-0.1111,-0.2145,-0.1733,1,0,1,0,0,0,0,0,1,438.0,SAFE_STOP,连转 3 轮未见前头红外,0,0,1
41.316,547.0,748.0,381.0,1060.0,-0.3265,-0.1111,-0.2145,-0.1733,1,0,1,0,0,0,0,0,1,488.0,SAFE_STOP,连转 3 轮未见前头红外,0,0,1
41.336,546.0,746.0,380.0,1060.0,-0.3265,-0.1133,-0.2173,-0.1733,1,0,1,0,0,0,0,0,1,357.0,SAFE_STOP,连转 3 轮未见前头红外,0,0,1
41.356,545.0,746.0,380.0,1058.0,-0.3265,-0.1133,-0.2173,-0.1733,1,0,1,0,0,0,0,0,1,364.0,SAFE_STOP,连转 3 轮未见前头红外,0,0,1
41.376,546.0,747.0,381.0,1061.0,-0.3265,-0.1133,-0.2173,-0.1733,1,0,1,0,0,0,0,0,1,375.0,SAFE_STOP,连转 3 轮未见前头红外,0,0,1
41.396,546.0,748.0,381.0,1061.0,-0.3265,-0.1111,-0.2145,-0.1712,1,0,1,0,0,0,0,0,1,522.0,SAFE_STOP,连转 3 轮未见前头红外,0,0,1
41.416,546.0,745.0,379.0,1059.0,-0.3265,-0.1111,-0.2145,-0.1712,1,0,1,0,0,0,0,0,1,441.0,SAFE_STOP,连转 3 轮未见前头红外,0,0,1
41.437,547.0,747.0,381.0,1062.0,-0.3265,-0.1111,-0.2145,-0.1712,1,0,1,0,0,0,0,0,1,423.0,SAFE_STOP,连转 3 轮未见前头红外,0,0,1
41.457,547.0,747.0,381.0,1061.0,-0.3238,-0.1111,-0.2145,-0.1712,1,0,1,0,0,0,0,0,1,507.0,SAFE_STOP,连转 3 轮未见前头红外,0,0,1
41.477,546.0,746.0,380.0,1059.0,-0.3238,-0.1111,-0.2145,-0.1712,1,0,1,0,0,0,0,0,1,342.0,SAFE_STOP,连转 3 轮未见前头红外,0,0,1
41.497,546.0,747.0,380.0,1061.0,-0.3265,-0.1111,-0.2173,-0.1712,1,0,1,0,0,0,0,0,1,375.0,SAFE_STOP,连转 3 轮未见前头红外,0,0,1
41.517,547.0,748.0,381.0,1061.0,-0.3265,-0.1111,-0.2173,-0.1712,1,0,1,0,0,0,0,0,1,391.0,SAFE_STOP,连转 3 轮未见前头红外,0,0,1
41.537,546.0,747.0,380.0,1060.0,-0.3265,-0.1111,-0.2173,-0.1712,1,0,1,0,0,0,0,0,1,440.0,SAFE_STOP,连转 3 轮未见前头红外,0,0,1
41.557,547.0,746.0,381.0,1060.0,-0.3238,-0.1111,-0.2145,-0.1733,1,0,1,0,0,0,0,0,1,423.0,SAFE_STOP,连转 3 轮未见前头红外,0,0,1
41.577,547.0,746.0,381.0,1060.0,-0.3238,-0.1133,-0.2145,-0.1733,1,0,1,0,0,0,0,0,1,423.0,SAFE_STOP,连转 3 轮未见前头红外,0,0,1
41.598,547.0,747.0,381.0,1061.0,-0.3238,-0.1133,-0.2145,-0.1733,1,0,1,0,0,0,0,0,1,359.0,SAFE_STOP,连转 3 轮未见前头红外,0,0,1
41.618,545.0,745.0,379.0,1057.0,-0.3238,-0.1133,-0.2145,-0.1733,1,0,1,0,0,0,0,0,1,377.0,SAFE_STOP,连转 3 轮未见前头红外,0,0,1
41.638,545.0,746.0,379.0,1059.0,-0.3293,-0.1133,-0.2201,-0.1754,1,0,1,0,0,0,0,0,1,356.0,SAFE_STOP,连转 3 轮未见前头红外,0,0,1
41.658,546.0,746.0,379.0,1059.0,-0.3293,-0.1133,-0.2201,-0.1754,1,0,1,0,0,0,0,0,1,374.0,SAFE_STOP,连转 3 轮未见前头红外,0,0,1
41.679,546.0,746.0,379.0,1059.0,-0.3265,-0.1133,-0.2201,-0.1754,1,0,1,0,0,0,0,0,1,515.0,SAFE_STOP,连转 3 轮未见前头红外,0,0,1
41.699,546.0,746.0,381.0,1060.0,-0.3265,-0.1133,-0.2201,-0.1754,1,0,1,0,0,0,0,0,1,422.0,SAFE_STOP,连转 3 轮未见前头红外,0,0,1
41.719,546.0,747.0,382.0,1061.0,-0.3265,-0.1133,-0.2145,-0.1733,1,0,1,0,0,0,0,0,1,421.0,SAFE_STOP,连转 3 轮未见前头红外,0,0,1
41.739,546.0,746.0,380.0,1060.0,-0.3265,-0.1133,-0.2145,-0.1733,1,0,1,0,0,0,0,0,1,375.0,SAFE_STOP,连转 3 轮未见前头红外,0,0,1
41.759,546.0,746.0,380.0,1059.0,-0.3265,-0.1133,-0.2173,-0.1733,1,0,1,0,0,0,0,0,1,276.0,SAFE_STOP,连转 3 轮未见前头红外,0,0,1
41.779,546.0,746.0,381.0,1060.0,-0.3265,-0.1133,-0.2173,-0.1733,1,0,1,0,0,0,0,0,1,381.0,SAFE_STOP,连转 3 轮未见前头红外,0,0,1
41.799,545.0,745.0,379.0,1059.0,-0.3265,-0.1133,-0.2173,-0.1754,1,0,1,0,0,0,0,0,1,440.0,SAFE_STOP,连转 3 轮未见前头红外,0,0,1
41.819,545.0,746.0,380.0,1059.0,-0.3293,-0.1133,-0.2173,-0.1754,1,0,1,0,0,0,0,0,1,786.0,SAFE_STOP,连转 3 轮未见前头红外,0,0,1
41.84,546.0,747.0,381.0,1060.0,-0.3293,-0.1133,-0.2173,-0.1754,1,0,1,0,0,0,0,0,1,342.0,SAFE_STOP,连转 3 轮未见前头红外,0,0,1
41.86,546.0,747.0,380.0,1060.0,-0.3265,-0.1111,-0.2173,-0.1733,1,0,1,0,0,0,0,0,1,486.0,SAFE_STOP,连转 3 轮未见前头红外,0,0,1
41.88,546.0,746.0,381.0,1060.0,-0.3265,-0.1111,-0.2145,-0.1733,1,0,1,0,0,0,0,0,1,376.0,SAFE_STOP,连转 3 轮未见前头红外,0,0,1
41.9,546.0,747.0,381.0,1060.0,-0.3265,-0.1111,-0.2145,-0.1733,1,0,1,0,0,0,0,0,1,277.0,SAFE_STOP,连转 3 轮未见前头红外,0,0,1
41.92,546.0,746.0,381.0,1060.0,-0.3265,-0.1133,-0.2145,-0.1733,1,0,1,0,0,0,0,0,1,436.0,SAFE_STOP,连转 3 轮未见前头红外,0,0,1
41.94,546.0,747.0,380.0,1060.0,-0.3265,-0.1111,-0.2145,-0.1733,1,0,1,0,0,0,0,0,1,440.0,SAFE_STOP,连转 3 轮未见前头红外,0,0,1
41.96,546.0,748.0,381.0,1060.0,-0.3265,-0.1111,-0.2145,-0.1733,1,0,1,0,0,0,0,0,1,683.0,SAFE_STOP,连转 3 轮未见前头红外,0,0,1
41.98,546.0,747.0,381.0,1061.0,-0.3265,-0.1111,-0.2145,-0.1733,1,0,1,0,0,0,0,0,1,154.0,SAFE_STOP,连转 3 轮未见前头红外,0,0,1
42.001,546.0,745.0,380.0,1059.0,-0.3265,-0.1111,-0.2145,-0.1733,1,0,1,0,0,0,0,0,1,389.0,SAFE_STOP,连转 3 轮未见前头红外,0,0,1
42.021,546.0,745.0,380.0,1059.0,-0.3265,-0.1155,-0.2173,-0.1754,1,0,1,0,0,0,0,0,1,389.0,SAFE_STOP,连转 3 轮未见前头红外,0,0,1
42.041,546.0,747.0,380.0,1060.0,-0.3265,-0.1155,-0.2173,-0.1754,1,0,1,0,0,0,0,0,1,423.0,SAFE_STOP,连转 3 轮未见前头红外,0,0,1
42.061,546.0,746.0,380.0,1060.0,-0.3265,-0.1133,-0.2173,-0.1733,1,0,1,0,0,0,0,0,1,390.0,SAFE_STOP,连转 3 轮未见前头红外,0,0,1
42.081,545.0,746.0,380.0,1059.0,-0.3265,-0.1133,-0.2173,-0.1733,1,0,1,0,0,0,0,0,1,438.0,SAFE_STOP,连转 3 轮未见前头红外,0,0,1
42.101,546.0,747.0,381.0,1061.0,-0.3265,-0.1133,-0.2173,-0.1733,1,0,1,0,0,0,0,0,1,358.0,SAFE_STOP,连转 3 轮未见前头红外,0,0,1
42.121,546.0,746.0,380.0,1059.0,-0.3265,-0.1133,-0.2173,-0.1754,1,0,1,0,0,0,0,0,1,375.0,SAFE_STOP,连转 3 轮未见前头红外,0,0,1
42.142,547.0,746.0,380.0,1059.0,-0.3265,-0.1133,-0.2173,-0.1754,1,0,1,0,0,0,0,0,1,373.0,SAFE_STOP,连转 3 轮未见前头红外,0,0,1
42.162,546.0,747.0,381.0,1061.0,-0.3265,-0.1133,-0.2173,-0.1754,1,0,1,0,0,0,0,0,1,342.0,SAFE_STOP,连转 3 轮未见前头红外,0,0,1
42.182,546.0,747.0,381.0,1061.0,-0.3265,-0.1111,-0.2145,-0.1712,1,0,1,0,0,0,0,0,1,587.0,SAFE_STOP,连转 3 轮未见前头红外,0,0,1
42.202,546.0,747.0,381.0,1061.0,-0.3265,-0.1111,-0.2145,-0.1712,1,0,1,0,0,0,0,0,1,422.0,SAFE_STOP,连转 3 轮未见前头红外,0,0,1
42.222,546.0,747.0,381.0,1061.0,-0.3265,-0.1111,-0.2145,-0.1712,1,0,1,0,0,0,0,0,1,522.0,SAFE_STOP,连转 3 轮未见前头红外,0,0,1
42.242,546.0,747.0,380.0,1061.0,-0.3265,-0.1111,-0.2145,-0.1712,1,0,1,0,0,0,0,0,1,375.0,SAFE_STOP,连转 3 轮未见前头红外,0,0,1
42.263,547.0,747.0,381.0,1061.0,-0.3265,-0.1111,-0.2145,-0.1712,1,0,1,0,0,0,0,0,1,310.0,SAFE_STOP,连转 3 轮未见前头红外,0,0,1
42.283,546.0,746.0,381.0,1059.0,-0.3265,-0.1111,-0.2145,-0.1712,1,0,1,0,0,0,0,0,1,374.0,SAFE_STOP,连转 3 轮未见前头红外,0,0,1
42.303,546.0,746.0,381.0,1060.0,-0.3265,-0.1133,-0.2145,-0.1733,1,0,1,0,0,0,0,0,1,267.0,SAFE_STOP,连转 3 轮未见前头红外,0,0,1
42.324,547.0,748.0,381.0,1061.0,-0.3265,-0.1133,-0.2145,-0.1733,1,0,1,0,0,0,0,0,1,683.0,SAFE_STOP,连转 3 轮未见前头红外,0,0,1
42.345,545.0,747.0,380.0,1060.0,-0.3265,-0.1111,-0.2145,-0.1733,1,0,1,0,0,0,0,0,1,372.0,SAFE_STOP,连转 3 轮未见前头红外,0,0,1
42.365,546.0,746.0,381.0,1060.0,-0.3265,-0.1111,-0.2145,-0.1733,1,0,1,0,0,0,0,0,1,701.0,SAFE_STOP,连转 3 轮未见前头红外,0,0,1
42.385,546.0,746.0,380.0,1060.0,-0.3265,-0.1133,-0.2173,-0.1733,1,0,1,0,0,0,0,0,1,423.0,SAFE_STOP,连转 3 轮未见前头红外,0,0,1
42.405,546.0,747.0,381.0,1061.0,-0.3265,-0.1133,-0.2145,-0.1733,1,0,1,0,0,0,0,0,1,309.0,SAFE_STOP,连转 3 轮未见前头红外,0,0,1
42.425,546.0,746.0,381.0,1060.0,-0.3265,-0.1133,-0.2145,-0.1733,1,0,1,0,0,0,0,0,1,428.0,SAFE_STOP,连转 3 轮未见前头红外,0,0,1
42.445,546.0,746.0,381.0,1060.0,-0.3265,-0.1133,-0.2145,-0.1733,1,0,1,0,0,0,0,0,1,428.0,SAFE_STOP,连转 3 轮未见前头红外,0,0,1
42.465,546.0,746.0,380.0,1060.0,-0.3265,-0.1133,-0.2145,-0.1733,1,0,1,0,0,0,0,0,1,241.0,SAFE_STOP,连转 3 轮未见前头红外,0,0,1
42.485,546.0,746.0,380.0,1060.0,-0.3265,-0.1133,-0.2173,-0.1733,1,0,1,0,0,0,0,0,1,553.0,SAFE_STOP,连转 3 轮未见前头红外,0,0,1
42.506,546.0,748.0,380.0,1060.0,-0.3265,-0.1133,-0.2173,-0.1733,1,0,1,0,0,0,0,0,1,358.0,SAFE_STOP,连转 3 轮未见前头红外,0,0,1
42.526,545.0,745.0,380.0,1058.0,-0.3265,-0.1133,-0.2173,-0.1733,1,0,1,0,0,0,0,0,1,561.0,SAFE_STOP,连转 3 轮未见前头红外,0,0,1
42.546,545.0,745.0,380.0,1058.0,-0.3293,-0.1155,-0.2173,-0.1775,1,0,1,0,0,0,0,0,1,413.0,SAFE_STOP,连转 3 轮未见前头红外,0,0,1
42.566,546.0,746.0,381.0,1061.0,-0.3293,-0.1155,-0.2173,-0.1775,1,0,1,0,0,0,0,0,1,442.0,SAFE_STOP,连转 3 轮未见前头红外,0,0,1
42.586,546.0,746.0,380.0,1059.0,-0.3265,-0.1133,-0.2173,-0.1754,1,0,1,0,0,0,0,0,1,440.0,SAFE_STOP,连转 3 轮未见前头红外,0,0,1
42.606,546.0,746.0,380.0,1060.0,-0.3265,-0.1133,-0.2173,-0.1733,1,0,1,0,0,0,0,0,1,360.0,SAFE_STOP,连转 3 轮未见前头红外,0,0,1
42.627,546.0,747.0,381.0,1060.0,-0.3265,-0.1133,-0.2173,-0.1733,1,0,1,0,0,0,0,0,1,374.0,SAFE_STOP,连转 3 轮未见前头红外,0,0,1
42.647,546.0,747.0,380.0,1059.0,-0.3265,-0.1111,-0.2173,-0.1733,1,0,1,0,0,0,0,0,1,375.0,SAFE_STOP,连转 3 轮未见前头红外,0,0,1
42.667,547.0,747.0,381.0,1061.0,-0.3265,-0.1111,-0.2145,-0.1733,1,0,1,0,0,0,0,0,1,431.0,SAFE_STOP,连转 3 轮未见前头红外,0,0,1
42.687,547.0,747.0,381.0,1060.0,-0.3238,-0.1111,-0.2145,-0.1733,1,0,1,0,0,0,0,0,1,391.0,SAFE_STOP,连转 3 轮未见前头红外,0,0,1
42.707,545.0,746.0,380.0,1060.0,-0.3238,-0.1111,-0.2145,-0.1733,1,0,1,0,0,0,0,0,1,439.0,SAFE_STOP,连转 3 轮未见前头红外,0,0,1
42.727,546.0,747.0,380.0,1060.0,-0.3265,-0.1111,-0.2173,-0.1733,1,0,1,0,0,0,0,0,1,699.0,SAFE_STOP,连转 3 轮未见前头红外,0,0,1
42.747,546.0,748.0,381.0,1062.0,-0.3265,-0.1111,-0.2173,-0.1733,1,0,1,0,0,0,0,0,1,523.0,SAFE_STOP,连转 3 轮未见前头红外,0,0,1
42.767,545.0,745.0,380.0,1058.0,-0.3265,-0.1111,-0.2173,-0.1733,1,0,1,0,0,0,0,0,1,346.0,SAFE_STOP,连转 3 轮未见前头红外,0,0,1
42.787,545.0,745.0,380.0,1058.0,-0.3293,-0.1155,-0.2173,-0.1775,1,0,1,0,0,0,0,0,1,346.0,SAFE_STOP,连转 3 轮未见前头红外,0,0,1
42.808,546.0,747.0,380.0,1060.0,-0.3293,-0.1155,-0.2173,-0.1775,1,0,1,0,0,0,0,0,1,374.0,SAFE_STOP,连转 3 轮未见前头红外,0,0,1
42.828,547.0,748.0,381.0,1061.0,-0.3265,-0.1111,-0.2173,-0.1733,1,0,1,0,0,0,0,0,1,439.0,SAFE_STOP,连转 3 轮未见前头红外,0,0,1
42.848,546.0,747.0,381.0,1061.0,-0.3265,-0.1111,-0.2145,-0.1712,1,0,1,0,0,0,0,0,1,456.0,SAFE_STOP,连转 3 轮未见前头红外,0,0,1
42.868,545.0,746.0,380.0,1059.0,-0.3265,-0.1111,-0.2145,-0.1712,1,0,1,0,0,0,0,0,1,350.0,SAFE_STOP,连转 3 轮未见前头红外,0,0,1
42.888,546.0,746.0,380.0,1060.0,-0.3265,-0.1133,-0.2173,-0.1733,1,0,1,0,0,0,0,0,1,375.0,SAFE_STOP,连转 3 轮未见前头红外,0,0,1
42.908,547.0,747.0,380.0,1061.0,-0.3265,-0.1133,-0.2173,-0.1733,1,0,1,0,0,0,0,0,1,431.0,SAFE_STOP,连转 3 轮未见前头红外,0,0,1
42.928,546.0,747.0,381.0,1060.0,-0.3265,-0.1111,-0.2173,-0.1733,1,0,1,0,0,0,0,0,1,423.0,SAFE_STOP,连转 3 轮未见前头红外,0,0,1
42.949,545.0,747.0,381.0,1060.0,-0.3265,-0.1111,-0.2145,-0.1733,1,0,1,0,0,0,0,0,1,438.0,SAFE_STOP,连转 3 轮未见前头红外,0,0,1
42.969,546.0,746.0,380.0,1060.0,-0.3265,-0.1111,-0.2145,-0.1733,1,0,1,0,0,0,0,0,1,423.0,SAFE_STOP,连转 3 轮未见前头红外,0,0,1
42.989,546.0,747.0,380.0,1060.0,-0.3265,-0.1111,-0.2173,-0.1733,1,0,1,0,0,0,0,0,1,325.0,SAFE_STOP,连转 3 轮未见前头红外,0,0,1
43.009,547.0,748.0,381.0,1060.0,-0.3265,-0.1111,-0.2173,-0.1733,1,0,1,0,0,0,0,0,1,374.0,SAFE_STOP,连转 3 轮未见前头红外,0,0,1
43.029,546.0,746.0,381.0,1060.0,-0.3265,-0.1111,-0.2145,-0.1733,1,0,1,0,0,0,0,0,1,375.0,SAFE_STOP,连转 3 轮未见前头红外,0,0,1
43.049,546.0,746.0,381.0,1061.0,-0.3265,-0.1133,-0.2145,-0.1733,1,0,1,0,0,0,0,0,1,455.0,SAFE_STOP,连转 3 轮未见前头红外,0,0,1
43.07,546.0,747.0,381.0,1061.0,-0.3265,-0.1133,-0.2145,-0.1712,1,0,1,0,0,0,0,0,1,439.0,SAFE_STOP,连转 3 轮未见前头红外,0,0,1
43.091,545.0,746.0,381.0,1060.0,-0.3265,-0.1133,-0.2145,-0.1712,1,0,1,0,0,0,0,0,1,439.0,SAFE_STOP,连转 3 轮未见前头红外,0,0,1
43.111,545.0,746.0,381.0,1060.0,-0.3293,-0.1133,-0.2145,-0.1733,1,0,1,0,0,0,0,0,1,454.0,SAFE_STOP,连转 3 轮未见前头红外,0,0,1
43.131,546.0,747.0,381.0,1060.0,-0.3293,-0.1133,-0.2145,-0.1733,1,0,1,0,0,0,0,0,1,358.0,SAFE_STOP,连转 3 轮未见前头红外,0,0,1
43.151,546.0,747.0,380.0,1060.0,-0.3265,-0.1111,-0.2145,-0.1733,1,0,1,0,0,0,0,0,1,373.0,SAFE_STOP,连转 3 轮未见前头红外,0,0,1
43.171,546.0,747.0,381.0,1061.0,-0.3265,-0.1111,-0.2145,-0.1733,1,0,1,0,0,0,0,0,1,440.0,SAFE_STOP,连转 3 轮未见前头红外,0,0,1
43.191,546.0,748.0,381.0,1061.0,-0.3265,-0.1111,-0.2145,-0.1712,1,0,1,0,0,0,0,0,1,374.0,SAFE_STOP,连转 3 轮未见前头红外,0,0,1
43.211,545.0,746.0,380.0,1060.0,-0.3265,-0.1111,-0.2145,-0.1712,1,0,1,0,0,0,0,0,1,423.0,SAFE_STOP,连转 3 轮未见前头红外,0,0,1
43.231,545.0,746.0,380.0,1060.0,-0.3293,-0.1133,-0.2173,-0.1733,1,0,1,0,0,0,0,0,1,423.0,SAFE_STOP,连转 3 轮未见前头红外,0,0,1
43.252,546.0,746.0,381.0,1061.0,-0.3293,-0.1133,-0.2173,-0.1733,1,0,1,0,0,0,0,0,1,439.0,SAFE_STOP,连转 3 轮未见前头红外,0,0,1
43.272,546.0,747.0,381.0,1061.0,-0.3265,-0.1133,-0.2145,-0.1712,1,0,1,0,0,0,0,0,1,716.0,SAFE_STOP,连转 3 轮未见前头红外,0,0,1
43.292,546.0,747.0,380.0,1061.0,-0.3265,-0.1111,-0.2145,-0.1712,1,0,1,0,0,0,0,0,1,374.0,SAFE_STOP,连转 3 轮未见前头红外,0,0,1
43.312,546.0,748.0,381.0,1061.0,-0.3265,-0.1111,-0.2145,-0.1712,1,0,1,0,0,0,0,0,1,554.0,SAFE_STOP,连转 3 轮未见前头红外,0,0,1
43.332,547.0,747.0,381.0,1062.0,-0.3265,-0.1111,-0.2145,-0.1712,1,0,1,0,0,0,0,0,1,441.0,SAFE_STOP,连转 3 轮未见前头红外,0,0,1
43.352,545.0,746.0,380.0,1060.0,-0.3265,-0.1111,-0.2145,-0.1712,1,0,1,0,0,0,0,0,1,260.0,SAFE_STOP,连转 3 轮未见前头红外,0,0,1
43.372,546.0,746.0,380.0,1058.0,-0.3265,-0.1133,-0.2173,-0.1733,1,0,1,0,0,0,0,0,1,358.0,SAFE_STOP,连转 3 轮未见前头红外,0,0,1
43.392,546.0,747.0,381.0,1061.0,-0.3265,-0.1133,-0.2173,-0.1733,1,0,1,0,0,0,0,0,1,375.0,SAFE_STOP,连转 3 轮未见前头红外,0,0,1
43.413,546.0,747.0,381.0,1061.0,-0.3265,-0.1111,-0.2145,-0.1712,1,0,1,0,0,0,0,0,1,528.0,SAFE_STOP,连转 3 轮未见前头红外,0,0,1
43.433,547.0,747.0,381.0,1060.0,-0.3265,-0.1111,-0.2145,-0.1712,1,0,1,0,0,0,0,0,1,439.0,SAFE_STOP,连转 3 轮未见前头红外,0,0,1
43.453,546.0,747.0,381.0,1060.0,-0.3265,-0.1111,-0.2145,-0.1733,1,0,1,0,0,0,0,0,1,454.0,SAFE_STOP,连转 3 轮未见前头红外,0,0,1
43.473,547.0,747.0,381.0,1060.0,-0.3238,-0.1111,-0.2145,-0.1733,1,0,1,0,0,0,0,0,1,359.0,SAFE_STOP,连转 3 轮未见前头红外,0,0,1
43.493,547.0,746.0,379.0,1059.0,-0.3238,-0.1111,-0.2145,-0.1733,1,0,1,0,0,0,0,0,1,309.0,SAFE_STOP,连转 3 轮未见前头红外,0,0,1
43.513,546.0,746.0,380.0,1060.0,-0.3238,-0.1133,-0.2173,-0.1733,1,0,1,0,0,0,0,0,1,381.0,SAFE_STOP,连转 3 轮未见前头红外,0,0,1
43.533,547.0,746.0,380.0,1059.0,-0.3238,-0.1133,-0.2173,-0.1754,1,0,1,0,0,0,0,0,1,423.0,SAFE_STOP,连转 3 轮未见前头红外,0,0,1
43.553,545.0,746.0,380.0,1060.0,-0.3265,-0.1133,-0.2173,-0.1733,1,0,1,0,0,0,0,0,1,440.0,SAFE_STOP,连转 3 轮未见前头红外,0,0,1
43.573,547.0,747.0,380.0,1060.0,-0.3238,-0.1133,-0.2173,-0.1733,1,0,1,0,0,0,0,0,1,396.0,SAFE_STOP,连转 3 轮未见前头红外,0,0,1
43.593,546.0,747.0,381.0,1060.0,-0.3265,-0.1111,-0.2173,-0.1733,1,0,1,0,0,0,0,0,1,390.0,SAFE_STOP,连转 3 轮未见前头红外,0,0,1
43.614,546.0,747.0,381.0,1060.0,-0.3265,-0.1111,-0.2145,-0.1733,1,0,1,0,0,0,0,0,1,472.0,SAFE_STOP,连转 3 轮未见前头红外,0,0,1
43.634,546.0,747.0,381.0,1060.0,-0.3265,-0.1111,-0.2145,-0.1733,1,0,1,0,0,0,0,0,1,472.0,SAFE_STOP,连转 3 轮未见前头红外,0,0,1
43.654,547.0,747.0,381.0,1060.0,-0.3265,-0.1111,-0.2145,-0.1733,1,0,1,0,0,0,0,0,1,374.0,SAFE_STOP,连转 3 轮未见前头红外,0,0,1
43.674,545.0,746.0,380.0,1060.0,-0.3265,-0.1111,-0.2145,-0.1733,1,0,1,0,0,0,0,0,1,570.0,SAFE_STOP,连转 3 轮未见前头红外,0,0,1
43.694,546.0,747.0,380.0,1060.0,-0.3265,-0.1111,-0.2173,-0.1733,1,0,1,0,0,0,0,0,1,424.0,SAFE_STOP,连转 3 轮未见前头红外,0,0,1
43.714,545.0,746.0,379.0,1059.0,-0.3293,-0.1133,-0.2173,-0.1733,1,0,1,0,0,0,0,0,1,360.0,SAFE_STOP,连转 3 轮未见前头红外,0,0,1
43.734,545.0,746.0,380.0,1060.0,-0.3293,-0.1133,-0.2173,-0.1733,1,0,1,0,0,0,0,0,1,373.0,SAFE_STOP,连转 3 轮未见前头红外,0,0,1
43.754,546.0,746.0,380.0,1060.0,-0.3293,-0.1133,-0.2173,-0.1733,1,0,1,0,0,0,0,0,1,260.0,SAFE_STOP,连转 3 轮未见前头红外,0,0,1
43.774,545.0,746.0,381.0,1060.0,-0.3293,-0.1133,-0.2173,-0.1733,1,0,1,0,0,0,0,0,1,619.0,SAFE_STOP,连转 3 轮未见前头红外,0,0,1
43.795,547.0,747.0,381.0,1061.0,-0.3265,-0.1133,-0.2145,-0.1733,1,0,1,0,0,0,0,0,1,390.0,SAFE_STOP,连转 3 轮未见前头红外,0,0,1
43.815,546.0,746.0,381.0,1060.0,-0.3265,-0.1133,-0.2145,-0.1733,1,0,1,0,0,0,0,0,1,732.0,SAFE_STOP,连转 3 轮未见前头红外,0,0,1
43.835,545.0,746.0,380.0,1059.0,-0.3265,-0.1133,-0.2145,-0.1733,1,0,1,0,0,0,0,0,1,523.0,SAFE_STOP,连转 3 轮未见前头红外,0,0,1
43.855,546.0,747.0,381.0,1061.0,-0.3265,-0.1133,-0.2145,-0.1733,1,0,1,0,0,0,0,0,1,293.0,SAFE_STOP,连转 3 轮未见前头红外,0,0,1
43.875,547.0,747.0,380.0,1060.0,-0.3265,-0.1111,-0.2173,-0.1733,1,0,1,0,0,0,0,0,1,373.0,SAFE_STOP,连转 3 轮未见前头红外,0,0,1
43.895,545.0,745.0,380.0,1059.0,-0.3265,-0.1111,-0.2173,-0.1733,1,0,1,0,0,0,0,0,1,277.0,SAFE_STOP,连转 3 轮未见前头红外,0,0,1
43.915,546.0,747.0,381.0,1061.0,-0.3265,-0.1111,-0.2173,-0.1733,1,0,1,0,0,0,0,0,1,538.0,SAFE_STOP,连转 3 轮未见前头红外,0,0,1
43.935,546.0,747.0,381.0,1060.0,-0.3265,-0.1111,-0.2145,-0.1733,1,0,1,0,0,0,0,0,1,439.0,SAFE_STOP,连转 3 轮未见前头红外,0,0,1
43.955,545.0,746.0,380.0,1058.0,-0.3265,-0.1111,-0.2145,-0.1733,1,0,1,0,0,0,0,0,1,555.0,SAFE_STOP,连转 3 轮未见前头红外,0,0,1
43.976,546.0,747.0,381.0,1061.0,-0.3265,-0.1111,-0.2145,-0.1733,1,0,1,0,0,0,0,0,1,360.0,SAFE_STOP,连转 3 轮未见前头红外,0,0,1
43.996,547.0,747.0,381.0,1061.0,-0.3265,-0.1111,-0.2145,-0.1712,1,0,1,0,0,0,0,0,1,359.0,SAFE_STOP,连转 3 轮未见前头红外,0,0,1
44.016,544.0,746.0,380.0,1058.0,-0.3265,-0.1111,-0.2145,-0.1712,1,0,1,0,0,0,0,0,1,373.0,SAFE_STOP,连转 3 轮未见前头红外,0,0,1
44.036,544.0,746.0,380.0,1058.0,-0.332,-0.1133,-0.2173,-0.1775,1,0,1,0,0,0,0,0,1,373.0,SAFE_STOP,连转 3 轮未见前头红外,0,0,1
44.056,546.0,746.0,381.0,1060.0,-0.332,-0.1133,-0.2173,-0.1775,1,0,1,0,0,0,0,0,1,375.0,SAFE_STOP,连转 3 轮未见前头红外,0,0,1
44.076,546.0,747.0,381.0,1060.0,-0.3265,-0.1133,-0.2145,-0.1733,1,0,1,0,0,0,0,0,1,425.0,SAFE_STOP,连转 3 轮未见前头红外,0,0,1
44.096,546.0,747.0,380.0,1060.0,-0.3265,-0.1111,-0.2145,-0.1733,1,0,1,0,0,0,0,0,1,439.0,SAFE_STOP,连转 3 轮未见前头红外,0,0,1
44.116,546.0,747.0,380.0,1059.0,-0.3265,-0.1111,-0.2173,-0.1733,1,0,1,0,0,0,0,0,1,345.0,SAFE_STOP,连转 3 轮未见前头红外,0,0,1
44.137,547.0,747.0,381.0,1061.0,-0.3265,-0.1111,-0.2173,-0.1733,1,0,1,0,0,0,0,0,1,310.0,SAFE_STOP,连转 3 轮未见前头红外,0,0,1
44.157,545.0,746.0,380.0,1058.0,-0.3265,-0.1111,-0.2173,-0.1754,1,0,1,0,0,0,0,0,1,259.0,SAFE_STOP,连转 3 轮未见前头红外,0,0,1
44.177,546.0,747.0,379.0,1060.0,-0.3265,-0.1111,-0.2173,-0.1733,1,0,1,0,0,0,0,0,1,610.0,SAFE_STOP,连转 3 轮未见前头红外,0,0,1
44.197,546.0,747.0,381.0,1060.0,-0.3265,-0.1111,-0.2173,-0.1733,1,0,1,0,0,0,0,0,1,439.0,SAFE_STOP,连转 3 轮未见前头红外,0,0,1
44.217,546.0,747.0,380.0,1061.0,-0.3265,-0.1111,-0.2173,-0.1733,1,0,1,0,0,0,0,0,1,424.0,SAFE_STOP,连转 3 轮未见前头红外,0,0,1
44.237,546.0,746.0,380.0,1059.0,-0.3265,-0.1111,-0.2173,-0.1733,1,0,1,0,0,0,0,0,1,372.0,SAFE_STOP,连转 3 轮未见前头红外,0,0,1
44.257,546.0,746.0,380.0,1060.0,-0.3265,-0.1133,-0.2173,-0.1733,1,0,1,0,0,0,0,0,1,243.0,SAFE_STOP,连转 3 轮未见前头红外,0,0,1
44.277,547.0,746.0,380.0,1060.0,-0.3265,-0.1133,-0.2173,-0.1733,1,0,1,0,0,0,0,0,1,376.0,SAFE_STOP,连转 3 轮未见前头红外,0,0,1
44.297,545.0,747.0,381.0,1060.0,-0.3265,-0.1133,-0.2173,-0.1733,1,0,1,0,0,0,0,0,1,424.0,SAFE_STOP,连转 3 轮未见前头红外,0,0,1
44.318,546.0,747.0,380.0,1061.0,-0.3265,-0.1111,-0.2173,-0.1733,1,0,1,0,0,0,0,0,1,753.0,SAFE_STOP,连转 3 轮未见前头红外,0,0,1
44.338,545.0,746.0,380.0,1060.0,-0.3293,-0.1111,-0.2173,-0.1733,1,0,1,0,0,0,0,0,1,439.0,SAFE_STOP,连转 3 轮未见前头红外,0,0,1
44.358,544.0,747.0,381.0,1061.0,-0.3293,-0.1111,-0.2173,-0.1712,1,0,1,0,0,0,0,0,1,341.0,SAFE_STOP,连转 3 轮未见前头红外,0,0,1
44.378,545.0,746.0,380.0,1060.0,-0.3293,-0.1133,-0.2173,-0.1733,1,0,1,0,0,0,0,0,1,375.0,SAFE_STOP,连转 3 轮未见前头红外,0,0,1
44.398,545.0,746.0,380.0,1059.0,-0.3293,-0.1133,-0.2173,-0.1733,1,0,1,0,0,0,0,0,1,325.0,SAFE_STOP,连转 3 轮未见前头红外,0,0,1
44.418,545.0,745.0,379.0,1058.0,-0.3293,-0.1133,-0.2173,-0.1754,1,0,1,0,0,0,0,0,1,358.0,SAFE_STOP,连转 3 轮未见前头红外,0,0,1
44.438,545.0,745.0,380.0,1058.0,-0.3293,-0.1155,-0.2173,-0.1775,1,0,1,0,0,0,0,0,1,446.0,SAFE_STOP,连转 3 轮未见前头红外,0,0,1
44.458,545.0,745.0,380.0,1058.0,-0.3293,-0.1155,-0.2173,-0.1775,1,0,1,0,0,0,0,0,1,446.0,SAFE_STOP,连转 3 轮未见前头红外,0,0,1
44.479,546.0,747.0,380.0,1060.0,-0.3293,-0.1155,-0.2173,-0.1775,1,0,1,0,0,0,0,0,1,570.0,SAFE_STOP,连转 3 轮未见前头红外,0,0,1
44.499,545.0,747.0,381.0,1061.0,-0.3293,-0.1111,-0.2173,-0.1733,1,0,1,0,0,0,0,0,1,408.0,SAFE_STOP,连转 3 轮未见前头红外,0,0,1
44.519,545.0,746.0,380.0,1059.0,-0.3293,-0.1111,-0.2173,-0.1733,1,0,1,0,0,0,0,0,1,376.0,SAFE_STOP,连转 3 轮未见前头红外,0,0,1
44.539,545.0,746.0,380.0,1059.0,-0.3293,-0.1133,-0.2173,-0.1754,1,0,1,0,0,0,0,0,1,375.0,SAFE_STOP,连转 3 轮未见前头红外,0,0,1
44.559,546.0,746.0,380.0,1060.0,-0.3293,-0.1133,-0.2173,-0.1754,1,0,1,0,0,0,0,0,1,373.0,SAFE_STOP,连转 3 轮未见前头红外,0,0,1
44.579,547.0,747.0,381.0,1060.0,-0.3265,-0.1133,-0.2173,-0.1733,1,0,1,0,0,0,0,0,1,270.0,SAFE_STOP,连转 3 轮未见前头红外,0,0,1
44.599,546.0,746.0,381.0,1060.0,-0.3265,-0.1133,-0.2145,-0.1733,1,0,1,0,0,0,0,0,1,438.0,SAFE_STOP,连转 3 轮未见前头红外,0,0,1
44.619,546.0,747.0,380.0,1060.0,-0.3265,-0.1111,-0.2145,-0.1733,1,0,1,0,0,0,0,0,1,373.0,SAFE_STOP,连转 3 轮未见前头红外,0,0,1
44.64,547.0,747.0,381.0,1061.0,-0.3265,-0.1111,-0.2145,-0.1733,1,0,1,0,0,0,0,0,1,293.0,SAFE_STOP,连转 3 轮未见前头红外,0,0,1
44.66,546.0,745.0,379.0,1059.0,-0.3265,-0.1111,-0.2173,-0.1733,1,0,1,0,0,0,0,0,1,358.0,SAFE_STOP,连转 3 轮未见前头红外,0,0,1
44.68,546.0,746.0,380.0,1059.0,-0.3265,-0.1133,-0.2173,-0.1754,1,0,1,0,0,0,0,0,1,468.0,SAFE_STOP,连转 3 轮未见前头红外,0,0,1
44.7,546.0,747.0,381.0,1061.0,-0.3265,-0.1133,-0.2173,-0.1754,1,0,1,0,0,0,0,0,1,440.0,SAFE_STOP,连转 3 轮未见前头红外,0,0,1
44.72,546.0,747.0,381.0,1060.0,-0.3265,-0.1111,-0.2145,-0.1733,1,0,1,0,0,0,0,0,1,439.0,SAFE_STOP,连转 3 轮未见前头红外,0,0,1
44.74,546.0,747.0,381.0,1061.0,-0.3265,-0.1111,-0.2145,-0.1712,1,0,1,0,0,0,0,0,1,528.0,SAFE_STOP,连转 3 轮未见前头红外,0,0,1
44.76,546.0,747.0,380.0,1060.0,-0.3265,-0.1111,-0.2145,-0.1733,1,0,1,0,0,0,0,0,1,308.0,SAFE_STOP,连转 3 轮未见前头红外,0,0,1
44.78,544.0,745.0,379.0,1058.0,-0.3265,-0.1111,-0.2173,-0.1733,1,0,1,0,0,0,0,0,1,259.0,SAFE_STOP,连转 3 轮未见前头红外,0,0,1
44.8,545.0,745.0,381.0,1060.0,-0.3293,-0.1155,-0.2173,-0.1733,1,0,1,0,0,0,0,0,1,391.0,SAFE_STOP,连转 3 轮未见前头红外,0,0,1
44.82,545.0,745.0,380.0,1059.0,-0.3293,-0.1155,-0.2173,-0.1754,1,0,1,0,0,0,0,0,1,610.0,SAFE_STOP,连转 3 轮未见前头红外,0,0,1
44.841,544.0,743.0,379.0,1056.0,-0.3293,-0.1155,-0.2173,-0.1754,1,0,1,0,0,0,0,0,1,422.0,SAFE_STOP,连转 3 轮未见前头红外,0,0,1
44.861,544.0,743.0,379.0,1056.0,-0.332,-0.1198,-0.2201,-0.1816,1,0,1,0,0,0,0,0,1,422.0,SAFE_STOP,连转 3 轮未见前头红外,0,0,1
44.881,544.0,744.0,380.0,1057.0,-0.332,-0.1198,-0.2201,-0.1816,1,0,1,0,0,0,0,0,1,357.0,SAFE_STOP,连转 3 轮未见前头红外,0,0,1
44.901,544.0,743.0,379.0,1056.0,-0.332,-0.1198,-0.2201,-0.1816,1,0,1,0,0,0,0,0,1,371.0,SAFE_STOP,连转 3 轮未见前头红外,0,0,1
44.921,544.0,744.0,379.0,1056.0,-0.332,-0.1176,-0.2201,-0.1816,1,0,1,0,0,0,0,0,1,339.0,SAFE_STOP,连转 3 轮未见前头红外,0,0,1
44.941,544.0,744.0,379.0,1056.0,-0.332,-0.1176,-0.2201,-0.1816,1,0,1,0,0,0,0,0,1,341.0,SAFE_STOP,连转 3 轮未见前头红外,0,0,1
44.961,542.0,743.0,378.0,1057.0,-0.332,-0.1176,-0.2201,-0.1816,1,0,1,0,0,0,0,0,1,438.0,SAFE_STOP,连转 3 轮未见前头红外,0,0,1
44.981,544.0,744.0,379.0,1057.0,-0.332,-0.1176,-0.2201,-0.1795,1,0,1,0,0,0,0,0,1,443.0,SAFE_STOP,连转 3 轮未见前头红外,0,0,1
45.001,544.0,742.0,379.0,1056.0,-0.332,-0.1198,-0.2201,-0.1795,1,0,1,0,0,0,0,0,1,437.0,SAFE_STOP,连转 3 轮未见前头红外,0,0,1
45.022,544.0,744.0,379.0,1057.0,-0.332,-0.1176,-0.2201,-0.1795,1,0,1,0,0,0,0,0,1,273.0,SAFE_STOP,连转 3 轮未见前头红外,0,0,1
45.042,544.0,744.0,380.0,1056.0,-0.332,-0.1176,-0.2201,-0.1816,1,0,1,0,0,0,0,0,1,341.0,SAFE_STOP,连转 3 轮未见前头红外,0,0,1
45.062,544.0,743.0,379.0,1057.0,-0.332,-0.1176,-0.2201,-0.1795,1,0,1,0,0,0,0,0,1,381.0,SAFE_STOP,连转 3 轮未见前头红外,0,0,1
45.082,544.0,743.0,379.0,1058.0,-0.332,-0.1198,-0.2201,-0.1795,1,0,1,0,0,0,0,0,1,570.0,SAFE_STOP,连转 3 轮未见前头红外,0,0,1
45.102,544.0,742.0,378.0,1056.0,-0.332,-0.1198,-0.2201,-0.1795,1,0,1,0,0,0,0,0,1,538.0,SAFE_STOP,连转 3 轮未见前头红外,0,0,1
45.122,544.0,746.0,380.0,1059.0,-0.332,-0.1198,-0.2201,-0.1775,1,0,1,0,0,0,0,0,1,408.0,SAFE_STOP,连转 3 轮未见前头红外,0,0,1
45.142,545.0,745.0,380.0,1059.0,-0.332,-0.1155,-0.2173,-0.1754,1,0,1,0,0,0,0,0,1,325.0,SAFE_STOP,连转 3 轮未见前头红外,0,0,1
45.162,544.0,745.0,379.0,1057.0,-0.332,-0.1155,-0.2173,-0.1754,1,0,1,0,0,0,0,0,1,325.0,SAFE_STOP,连转 3 轮未见前头红外,0,0,1
45.182,545.0,745.0,379.0,1057.0,-0.3293,-0.1155,-0.2201,-0.1795,1,0,1,0,0,0,0,0,1,293.0,SAFE_STOP,连转 3 轮未见前头红外,0,0,1
45.203,544.0,744.0,379.0,1057.0,-0.332,-0.1155,-0.2201,-0.1795,1,0,1,0,0,0,0,0,1,423.0,SAFE_STOP,连转 3 轮未见前头红外,0,0,1
45.223,545.0,745.0,379.0,1059.0,-0.3293,-0.1155,-0.2201,-0.1795,1,0,1,0,0,0,0,0,1,576.0,SAFE_STOP,连转 3 轮未见前头红外,0,0,1
45.243,544.0,744.0,379.0,1057.0,-0.332,-0.1176,-0.2201,-0.1795,1,0,1,0,0,0,0,0,1,767.0,SAFE_STOP,连转 3 轮未见前头红外,0,0,1
45.263,544.0,745.0,379.0,1058.0,-0.332,-0.1155,-0.2201,-0.1775,1,0,1,0,0,0,0,0,1,325.0,SAFE_STOP,连转 3 轮未见前头红外,0,0,1
45.283,544.0,744.0,379.0,1057.0,-0.332,-0.1176,-0.2201,-0.1795,1,0,1,0,0,0,0,0,1,414.0,SAFE_STOP,连转 3 轮未见前头红外,0,0,1
45.303,544.0,743.0,379.0,1057.0,-0.332,-0.1176,-0.2201,-0.1795,1,0,1,0,0,0,0,0,1,296.0,SAFE_STOP,连转 3 轮未见前头红外,0,0,1
45.323,544.0,745.0,380.0,1057.0,-0.332,-0.1176,-0.2201,-0.1795,1,0,1,0,0,0,0,0,1,327.0,SAFE_STOP,连转 3 轮未见前头红外,0,0,1
45.343,545.0,746.0,380.0,1060.0,-0.332,-0.1155,-0.2173,-0.1795,1,0,1,0,0,0,0,0,1,423.0,SAFE_STOP,连转 3 轮未见前头红外,0,0,1
45.364,546.0,747.0,381.0,1060.0,-0.3293,-0.1133,-0.2173,-0.1733,1,0,1,0,0,0,0,0,1,652.0,SAFE_STOP,连转 3 轮未见前头红外,0,0,1
45.384,546.0,747.0,380.0,1059.0,-0.3265,-0.1111,-0.2173,-0.1733,1,0,1,0,0,0,0,0,1,436.0,SAFE_STOP,连转 3 轮未见前头红外,0,0,1
45.404,546.0,746.0,381.0,1060.0,-0.3265,-0.1111,-0.2145,-0.1733,1,0,1,0,0,0,0,0,1,360.0,SAFE_STOP,连转 3 轮未见前头红外,0,0,1
45.424,546.0,747.0,381.0,1060.0,-0.3265,-0.1111,-0.2145,-0.1733,1,0,1,0,0,0,0,0,1,375.0,SAFE_STOP,连转 3 轮未见前头红外,0,0,1
45.444,545.0,747.0,381.0,1060.0,-0.3265,-0.1111,-0.2145,-0.1733,1,0,1,0,0,0,0,0,1,187.0,SAFE_STOP,连转 3 轮未见前头红外,0,0,1
45.464,545.0,745.0,380.0,1059.0,-0.3293,-0.1111,-0.2145,-0.1733,1,0,1,0,0,0,0,0,1,428.0,SAFE_STOP,连转 3 轮未见前头红外,0,0,1
45.484,546.0,747.0,381.0,1061.0,-0.3293,-0.1111,-0.2145,-0.1733,1,0,1,0,0,0,0,0,1,423.0,SAFE_STOP,连转 3 轮未见前头红外,0,0,1
45.504,545.0,746.0,381.0,1060.0,-0.3293,-0.1133,-0.2145,-0.1733,1,0,1,0,0,0,0,0,1,410.0,SAFE_STOP,连转 3 轮未见前头红外,0,0,1
45.525,545.0,746.0,381.0,1060.0,-0.3293,-0.1133,-0.2145,-0.1733,1,0,1,0,0,0,0,0,1,410.0,SAFE_STOP,连转 3 轮未见前头红外,0,0,1
45.545,545.0,747.0,380.0,1058.0,-0.3293,-0.1133,-0.2145,-0.1733,1,0,1,0,0,0,0,0,1,357.0,SAFE_STOP,连转 3 轮未见前头红外,0,0,1
45.565,545.0,746.0,380.0,1058.0,-0.3293,-0.1133,-0.2173,-0.1775,1,0,1,0,0,0,0,0,1,358.0,SAFE_STOP,连转 3 轮未见前头红外,0,0,1
45.585,545.0,746.0,380.0,1058.0,-0.3293,-0.1133,-0.2173,-0.1775,1,0,1,0,0,0,0,0,1,309.0,SAFE_STOP,连转 3 轮未见前头红外,0,0,1
45.605,543.0,744.0,379.0,1056.0,-0.3293,-0.1133,-0.2173,-0.1775,1,0,1,0,0,0,0,0,1,433.0,SAFE_STOP,连转 3 轮未见前头红外,0,0,1
45.625,547.0,746.0,381.0,1060.0,-0.3293,-0.1133,-0.2173,-0.1775,1,0,1,0,0,0,0,0,1,681.0,SAFE_STOP,连转 3 轮未见前头红外,0,0,1
45.645,545.0,746.0,381.0,1060.0,-0.3293,-0.1133,-0.2145,-0.1733,1,0,1,0,0,0,0,0,1,503.0,SAFE_STOP,连转 3 轮未见前头红外,0,0,1
45.665,545.0,745.0,379.0,1057.0,-0.3293,-0.1133,-0.2145,-0.1733,1,0,1,0,0,0,0,0,1,188.0,SAFE_STOP,连转 3 轮未见前头红外,0,0,1
45.685,546.0,746.0,381.0,1060.0,-0.3293,-0.1133,-0.2145,-0.1733,1,0,1,0,0,0,0,0,1,346.0,SAFE_STOP,连转 3 轮未见前头红外,0,0,1
45.705,546.0,746.0,381.0,1061.0,-0.3265,-0.1133,-0.2145,-0.1733,1,0,1,0,0,0,0,0,1,280.0,SAFE_STOP,连转 3 轮未见前头红外,0,0,1
45.726,544.0,745.0,380.0,1058.0,-0.3265,-0.1133,-0.2145,-0.1733,1,0,1,0,0,0,0,0,1,524.0,SAFE_STOP,连转 3 轮未见前头红外,0,0,1
45.746,546.0,747.0,381.0,1060.0,-0.3265,-0.1133,-0.2145,-0.1733,1,0,1,0,0,0,0,0,1,424.0,SAFE_STOP,连转 3 轮未见前头红外,0,0,1
45.766,546.0,746.0,380.0,1059.0,-0.3265,-0.1133,-0.2173,-0.1754,1,0,1,0,0,0,0,0,1,715.0,SAFE_STOP,连转 3 轮未见前头红外,0,0,1
45.786,545.0,744.0,380.0,1058.0,-0.3265,-0.1133,-0.2173,-0.1754,1,0,1,0,0,0,0,0,1,358.0,SAFE_STOP,连转 3 轮未见前头红外,0,0,1
45.806,545.0,746.0,380.0,1060.0,-0.3293,-0.1133,-0.2173,-0.1754,1,0,1,0,0,0,0,0,1,358.0,SAFE_STOP,连转 3 轮未见前头红外,0,0,1
45.826,545.0,745.0,381.0,1060.0,-0.3293,-0.1155,-0.2173,-0.1733,1,0,1,0,0,0,0,0,1,375.0,SAFE_STOP,连转 3 轮未见前头红外,0,0,1
45.846,545.0,746.0,380.0,1058.0,-0.3293,-0.1133,-0.2173,-0.1733,1,0,1,0,0,0,0,0,1,373.0,SAFE_STOP,连转 3 轮未见前头红外,0,0,1
45.866,546.0,746.0,380.0,1059.0,-0.3293,-0.1133,-0.2173,-0.1754,1,0,1,0,0,0,0,0,1,439.0,SAFE_STOP,连转 3 轮未见前头红外,0,0,1
45.886,546.0,746.0,380.0,1060.0,-0.3265,-0.1133,-0.2173,-0.1754,1,0,1,0,0,0,0,0,1,413.0,SAFE_STOP,连转 3 轮未见前头红外,0,0,1
45.906,545.0,746.0,380.0,1059.0,-0.3265,-0.1133,-0.2173,-0.1754,1,0,1,0,0,0,0,0,1,537.0,SAFE_STOP,连转 3 轮未见前头红外,0,0,1
45.926,547.0,747.0,381.0,1061.0,-0.3265,-0.1133,-0.2173,-0.1733,1,0,1,0,0,0,0,0,1,365.0,SAFE_STOP,连转 3 轮未见前头红外,0,0,1
45.947,546.0,746.0,380.0,1060.0,-0.3265,-0.1133,-0.2173,-0.1733,1,0,1,0,0,0,0,0,1,389.0,SAFE_STOP,连转 3 轮未见前头红外,0,0,1
45.967,545.0,745.0,380.0,1058.0,-0.3265,-0.1133,-0.2173,-0.1733,1,0,1,0,0,0,0,0,1,427.0,SAFE_STOP,连转 3 轮未见前头红外,0,0,1
45.987,546.0,747.0,381.0,1061.0,-0.3265,-0.1133,-0.2173,-0.1733,1,0,1,0,0,0,0,0,1,388.0,SAFE_STOP,连转 3 轮未见前头红外,0,0,1
46.007,545.0,746.0,380.0,1059.0,-0.3293,-0.1133,-0.2173,-0.1754,1,0,1,0,0,0,0,0,1,539.0,SAFE_STOP,连转 3 轮未见前头红外,0,0,1
46.027,545.0,746.0,380.0,1057.0,-0.3293,-0.1133,-0.2173,-0.1754,1,0,1,0,0,0,0,0,1,359.0,SAFE_STOP,连转 3 轮未见前头红外,0,0,1
46.047,546.0,747.0,381.0,1060.0,-0.3293,-0.1133,-0.2173,-0.1754,1,0,1,0,0,0,0,0,1,358.0,SAFE_STOP,连转 3 轮未见前头红外,0,0,1
46.067,545.0,746.0,381.0,1060.0,-0.3293,-0.1133,-0.2145,-0.1733,1,0,1,0,0,0,0,0,1,265.0,SAFE_STOP,连转 3 轮未见前头红外,0,0,1
46.087,544.0,745.0,380.0,1058.0,-0.3293,-0.1133,-0.2145,-0.1733,1,0,1,0,0,0,0,0,1,292.0,SAFE_STOP,连转 3 轮未见前头红外,0,0,1
46.107,546.0,747.0,381.0,1062.0,-0.3293,-0.1133,-0.2145,-0.1733,1,0,1,0,0,0,0,0,1,472.0,SAFE_STOP,连转 3 轮未见前头红外,0,0,1
46.127,547.0,747.0,381.0,1060.0,-0.3265,-0.1111,-0.2145,-0.1733,1,0,1,0,0,0,0,0,1,439.0,SAFE_STOP,连转 3 轮未见前头红外,0,0,1
46.147,545.0,744.0,378.0,1056.0,-0.3265,-0.1111,-0.2145,-0.1733,1,0,1,0,0,0,0,0,1,714.0,SAFE_STOP,连转 3 轮未见前头红外,0,0,1
46.168,545.0,744.0,378.0,1056.0,-0.3293,-0.1176,-0.2228,-0.1816,1,0,1,0,0,0,0,0,1,714.0,SAFE_STOP,连转 3 轮未见前头红外,0,0,1
46.188,546.0,746.0,380.0,1060.0,-0.3293,-0.1176,-0.2228,-0.1816,1,0,1,0,0,0,0,0,1,375.0,SAFE_STOP,连转 3 轮未见前头红外,0,0,1
46.208,545.0,746.0,381.0,1060.0,-0.3293,-0.1133,-0.2173,-0.1733,1,0,1,0,0,0,0,0,1,326.0,SAFE_STOP,连转 3 轮未见前头红外,0,0,1
46.228,545.0,745.0,379.0,1058.0,-0.3293,-0.1133,-0.2173,-0.1733,1,0,1,0,0,0,0,0,1,446.0,SAFE_STOP,连转 3 轮未见前头红外,0,0,1
46.248,545.0,745.0,381.0,1061.0,-0.3293,-0.1155,-0.2145,-0.1733,1,0,1,0,0,0,0,0,1,329.0,SAFE_STOP,连转 3 轮未见前头红外,0,0,1
46.268,546.0,747.0,380.0,1061.0,-0.3293,-0.1155,-0.2173,-0.1712,1,0,1,0,0,0,0,0,1,424.0,SAFE_STOP,连转 3 轮未见前头红外,0,0,1
46.288,546.0,746.0,380.0,1060.0,-0.3265,-0.1133,-0.2173,-0.1712,1,0,1,0,0,0,0,0,1,358.0,SAFE_STOP,连转 3 轮未见前头红外,0,0,1
46.308,547.0,747.0,380.0,1060.0,-0.3265,-0.1111,-0.2173,-0.1733,1,0,1,0,0,0,0,0,1,699.0,SAFE_STOP,连转 3 轮未见前头红外,0,0,1
46.329,546.0,747.0,380.0,1061.0,-0.3265,-0.1111,-0.2173,-0.1733,1,0,1,0,0,0,0,0,1,382.0,SAFE_STOP,连转 3 轮未见前头红外,0,0,1
46.349,546.0,746.0,380.0,1060.0,-0.3265,-0.1111,-0.2173,-0.1733,1,0,1,0,0,0,0,0,1,440.0,SAFE_STOP,连转 3 轮未见前头红外,0,0,1
46.369,546.0,747.0,382.0,1061.0,-0.3265,-0.1111,-0.2173,-0.1712,1,0,1,0,0,0,0,0,1,439.0,SAFE_STOP,连转 3 轮未见前头红外,0,0,1
46.389,546.0,747.0,381.0,1061.0,-0.3265,-0.1111,-0.2145,-0.1712,1,0,1,0,0,0,0,0,1,390.0,SAFE_STOP,连转 3 轮未见前头红外,0,0,1
46.409,545.0,745.0,381.0,1059.0,-0.3265,-0.1111,-0.2145,-0.1712,1,0,1,0,0,0,0,0,1,375.0,SAFE_STOP,连转 3 轮未见前头红外,0,0,1
46.429,546.0,747.0,381.0,1060.0,-0.3265,-0.1111,-0.2145,-0.1733,1,0,1,0,0,0,0,0,1,358.0,SAFE_STOP,连转 3 轮未见前头红外,0,0,1
46.449,546.0,746.0,380.0,1061.0,-0.3265,-0.1133,-0.2145,-0.1733,1,0,1,0,0,0,0,0,1,374.0,SAFE_STOP,连转 3 轮未见前头红外,0,0,1
46.469,545.0,745.0,380.0,1059.0,-0.3265,-0.1133,-0.2173,-0.1733,1,0,1,0,0,0,0,0,1,407.0,SAFE_STOP,连转 3 轮未见前头红外,0,0,1
46.49,545.0,746.0,382.0,1059.0,-0.3293,-0.1133,-0.2173,-0.1754,1,0,1,0,0,0,0,0,1,429.0,SAFE_STOP,连转 3 轮未见前头红外,0,0,1
46.51,546.0,744.0,381.0,1060.0,-0.3293,-0.1155,-0.2145,-0.1754,1,0,1,0,0,0,0,0,1,554.0,SAFE_STOP,连转 3 轮未见前头红外,0,0,1
46.53,546.0,745.0,380.0,1059.0,-0.3265,-0.1155,-0.2145,-0.1754,1,0,1,0,0,0,0,0,1,357.0,SAFE_STOP,连转 3 轮未见前头红外,0,0,1
46.55,547.0,748.0,381.0,1060.0,-0.3265,-0.1155,-0.2145,-0.1733,1,0,1,0,0,0,0,0,1,374.0,SAFE_STOP,连转 3 轮未见前头红外,0,0,1
46.57,546.0,746.0,381.0,1060.0,-0.3265,-0.1133,-0.2145,-0.1733,1,0,1,0,0,0,0,0,1,347.0,SAFE_STOP,连转 3 轮未见前头红外,0,0,1
46.59,546.0,746.0,381.0,1060.0,-0.3265,-0.1133,-0.2145,-0.1733,1,0,1,0,0,0,0,0,1,347.0,SAFE_STOP,连转 3 轮未见前头红外,0,0,1
46.61,547.0,745.0,379.0,1060.0,-0.3265,-0.1133,-0.2145,-0.1733,1,0,1,0,0,0,0,0,1,332.0,SAFE_STOP,连转 3 轮未见前头红外,0,0,1
46.63,546.0,747.0,381.0,1061.0,-0.3265,-0.1133,-0.2145,-0.1733,1,0,1,0,0,0,0,0,1,425.0,SAFE_STOP,连转 3 轮未见前头红外,0,0,1
46.65,546.0,747.0,381.0,1060.0,-0.3265,-0.1111,-0.2145,-0.1733,1,0,1,0,0,0,0,0,1,375.0,SAFE_STOP,连转 3 轮未见前头红外,0,0,1
46.671,545.0,746.0,380.0,1060.0,-0.3265,-0.1111,-0.2145,-0.1733,1,0,1,0,0,0,0,0,1,635.0,SAFE_STOP,连转 3 轮未见前头红外,0,0,1
46.691,546.0,746.0,381.0,1060.0,-0.3265,-0.1133,-0.2145,-0.1733,1,0,1,0,0,0,0,0,1,375.0,SAFE_STOP,连转 3 轮未见前头红外,0,0,1
46.711,546.0,746.0,380.0,1060.0,-0.3265,-0.1133,-0.2173,-0.1733,1,0,1,0,0,0,0,0,1,358.0,SAFE_STOP,连转 3 轮未见前头红外,0,0,1
46.731,545.0,746.0,380.0,1059.0,-0.3265,-0.1133,-0.2173,-0.1733,1,0,1,0,0,0,0,0,1,490.0,SAFE_STOP,连转 3 轮未见前头红外,0,0,1
46.751,546.0,747.0,380.0,1060.0,-0.3265,-0.1133,-0.2173,-0.1733,1,0,1,0,0,0,0,0,1,373.0,SAFE_STOP,连转 3 轮未见前头红外,0,0,1
46.771,547.0,747.0,381.0,1061.0,-0.3265,-0.1111,-0.2173,-0.1733,1,0,1,0,0,0,0,0,1,289.0,SAFE_STOP,连转 3 轮未见前头红外,0,0,1
46.791,545.0,746.0,380.0,1059.0,-0.3265,-0.1111,-0.2173,-0.1733,1,0,1,0,0,0,0,0,1,357.0,SAFE_STOP,连转 3 轮未见前头红外,0,0,1
46.811,546.0,747.0,380.0,1060.0,-0.3265,-0.1111,-0.2173,-0.1733,1,0,1,0,0,0,0,0,1,586.0,SAFE_STOP,连转 3 轮未见前头红外,0,0,1
46.831,546.0,747.0,380.0,1061.0,-0.3265,-0.1111,-0.2173,-0.1733,1,0,1,0,0,0,0,0,1,373.0,SAFE_STOP,连转 3 轮未见前头红外,0,0,1
46.852,545.0,745.0,380.0,1059.0,-0.3265,-0.1111,-0.2173,-0.1733,1,0,1,0,0,0,0,0,1,429.0,SAFE_STOP,连转 3 轮未见前头红外,0,0,1
46.872,546.0,747.0,381.0,1061.0,-0.3265,-0.1111,-0.2173,-0.1712,1,0,1,0,0,0,0,0,1,440.0,SAFE_STOP,连转 3 轮未见前头红外,0,0,1
46.892,546.0,747.0,381.0,1060.0,-0.3265,-0.1111,-0.2145,-0.1733,1,0,1,0,0,0,0,0,1,422.0,SAFE_STOP,连转 3 轮未见前头红外,0,0,1
46.912,545.0,746.0,380.0,1060.0,-0.3265,-0.1111,-0.2145,-0.1733,1,0,1,0,0,0,0,0,1,357.0,SAFE_STOP,连转 3 轮未见前头红外,0,0,1
46.932,546.0,747.0,381.0,1061.0,-0.3265,-0.1111,-0.2145,-0.1733,1,0,1,0,0,0,0,0,1,238.0,SAFE_STOP,连转 3 轮未见前头红外,0,0,1
46.952,546.0,747.0,380.0,1060.0,-0.3265,-0.1111,-0.2173,-0.1733,1,0,1,0,0,0,0,0,1,-8.0,SAFE_STOP,连转 3 轮未见前头红外,0,0,1
46.972,546.0,745.0,380.0,1060.0,-0.3265,-0.1111,-0.2173,-0.1733,1,0,1,0,0,0,0,0,1,438.0,SAFE_STOP,连转 3 轮未见前头红外,0,0,1
46.993,546.0,745.0,380.0,1060.0,-0.3265,-0.1155,-0.2173,-0.1733,1,0,1,0,0,0,0,0,1,438.0,SAFE_STOP,连转 3 轮未见前头红外,0,0,1
47.013,547.0,747.0,381.0,1061.0,-0.3265,-0.1155,-0.2173,-0.1733,1,0,1,0,0,0,0,0,1,439.0,SAFE_STOP,连转 3 轮未见前头红外,0,0,1
47.033,546.0,747.0,381.0,1058.0,-0.3265,-0.1111,-0.2145,-0.1733,1,0,1,0,0,0,0,0,1,341.0,SAFE_STOP,连转 3 轮未见前头红外,0,0,1
47.053,544.0,747.0,379.0,1058.0,-0.3265,-0.1111,-0.2145,-0.1775,1,0,1,0,0,0,0,0,1,358.0,SAFE_STOP,连转 3 轮未见前头红外,0,0,1
47.073,546.0,746.0,381.0,1061.0,-0.3265,-0.1111,-0.2145,-0.1775,1,0,1,0,0,0,0,0,1,374.0,SAFE_STOP,连转 3 轮未见前头红外,0,0,1
47.093,546.0,747.0,380.0,1059.0,-0.3265,-0.1111,-0.2173,-0.1754,1,0,1,0,0,0,0,0,1,526.0,SAFE_STOP,连转 3 轮未见前头红外,0,0,1
47.113,546.0,746.0,380.0,1059.0,-0.3265,-0.1133,-0.2173,-0.1754,1,0,1,0,0,0,0,0,1,438.0,SAFE_STOP,连转 3 轮未见前头红外,0,0,1
47.133,545.0,747.0,380.0,1059.0,-0.3265,-0.1111,-0.2173,-0.1754,1,0,1,0,0,0,0,0,1,359.0,SAFE_STOP,连转 3 轮未见前头红外,0,0,1
47.154,546.0,747.0,380.0,1060.0,-0.3265,-0.1111,-0.2173,-0.1754,1,0,1,0,0,0,0,0,1,358.0,SAFE_STOP,连转 3 轮未见前头红外,0,0,1
47.174,545.0,746.0,380.0,1058.0,-0.3293,-0.1111,-0.2173,-0.1754,1,0,1,0,0,0,0,0,1,471.0,SAFE_STOP,连转 3 轮未见前头红外,0,0,1
47.194,544.0,743.0,379.0,1056.0,-0.3293,-0.1133,-0.2173,-0.1775,1,0,1,0,0,0,0,0,1,366.0,SAFE_STOP,连转 3 轮未见前头红外,0,0,1
47.214,545.0,747.0,380.0,1058.0,-0.3293,-0.1133,-0.2173,-0.1775,1,0,1,0,0,0,0,0,1,422.0,SAFE_STOP,连转 3 轮未见前头红外,0,0,1
47.235,546.0,747.0,381.0,1060.0,-0.3293,-0.1111,-0.2173,-0.1775,1,0,1,0,0,0,0,0,1,586.0,SAFE_STOP,连转 3 轮未见前头红外,0,0,1
47.255,544.0,746.0,380.0,1057.0,-0.3293,-0.1111,-0.2173,-0.1775,1,0,1,0,0,0,0,0,1,434.0,SAFE_STOP,连转 3 轮未见前头红外,0,0,1
47.276,546.0,747.0,382.0,1060.0,-0.3265,-0.1111,-0.2145,-0.1733,1,0,1,0,0,0,0,0,1,309.0,SAFE_STOP,连转 3 轮未见前头红外,0,0,1
47.296,546.0,747.0,381.0,1060.0,-0.3265,-0.1111,-0.2145,-0.1733,1,0,1,0,0,0,0,0,1,358.0,SAFE_STOP,连转 3 轮未见前头红外,0,0,1
47.316,546.0,747.0,380.0,1059.0,-0.3265,-0.1111,-0.2145,-0.1733,1,0,1,0,0,0,0,0,1,308.0,SAFE_STOP,连转 3 轮未见前头红外,0,0,1
47.336,547.0,748.0,381.0,1061.0,-0.3265,-0.1111,-0.2145,-0.1733,1,0,1,0,0,0,0,0,1,374.0,SAFE_STOP,连转 3 轮未见前头红外,0,0,1
47.356,546.0,747.0,381.0,1059.0,-0.3265,-0.1111,-0.2145,-0.1754,1,0,1,0,0,0,0,0,1,423.0,SAFE_STOP,连转 3 轮未见前头红外,0,0,1
47.376,546.0,747.0,381.0,1059.0,-0.3265,-0.1111,-0.2145,-0.1754,1,0,1,0,0,0,0,0,1,423.0,SAFE_STOP,连转 3 轮未见前头红外,0,0,1
47.397,545.0,746.0,380.0,1058.0,-0.3265,-0.1111,-0.2145,-0.1754,1,0,1,0,0,0,0,0,1,-6.0,SAFE_STOP,连转 3 轮未见前头红外,0,0,1
47.417,546.0,747.0,381.0,1060.0,-0.3265,-0.1111,-0.2145,-0.1754,1,0,1,0,0,0,0,0,1,188.0,SAFE_STOP,连转 3 轮未见前头红外,0,0,1
47.437,546.0,746.0,381.0,1059.0,-0.3265,-0.1133,-0.2145,-0.1754,1,0,1,0,0,0,0,0,1,375.0,SAFE_STOP,连转 3 轮未见前头红外,0,0,1
47.457,544.0,744.0,379.0,1055.0,-0.3265,-0.1133,-0.2145,-0.1754,1,0,1,0,0,0,0,0,1,451.0,SAFE_STOP,连转 3 轮未见前头红外,0,0,1
47.477,546.0,747.0,381.0,1059.0,-0.3265,-0.1133,-0.2145,-0.1754,1,0,1,0,0,0,0,0,1,372.0,SAFE_STOP,连转 3 轮未见前头红外,0,0,1
47.497,545.0,746.0,380.0,1060.0,-0.3293,-0.1133,-0.2173,-0.1754,1,0,1,0,0,0,0,0,1,390.0,SAFE_STOP,连转 3 轮未见前头红外,0,0,1
47.517,545.0,746.0,380.0,1058.0,-0.3293,-0.1133,-0.2173,-0.1754,1,0,1,0,0,0,0,0,1,441.0,SAFE_STOP,连转 3 轮未见前头红外,0,0,1
47.537,546.0,747.0,380.0,1058.0,-0.3293,-0.1133,-0.2173,-0.1775,1,0,1,0,0,0,0,0,1,259.0,SAFE_STOP,连转 3 轮未见前头红外,0,0,1
47.557,545.0,746.0,380.0,1058.0,-0.3293,-0.1133,-0.2173,-0.1775,1,0,1,0,0,0,0,0,1,358.0,SAFE_STOP,连转 3 轮未见前头红外,0,0,1
47.578,544.0,746.0,380.0,1056.0,-0.3293,-0.1133,-0.2173,-0.1775,1,0,1,0,0,0,0,0,1,373.0,SAFE_STOP,连转 3 轮未见前头红外,0,0,1
47.598,546.0,747.0,380.0,1059.0,-0.3293,-0.1133,-0.2173,-0.1775,1,0,1,0,0,0,0,0,1,769.0,SAFE_STOP,连转 3 轮未见前头红外,0,0,1
47.618,546.0,746.0,380.0,1059.0,-0.3265,-0.1133,-0.2173,-0.1754,1,0,1,0,0,0,0,0,1,439.0,SAFE_STOP,连转 3 轮未见前头红外,0,0,1
47.638,545.0,746.0,380.0,1057.0,-0.3265,-0.1133,-0.2173,-0.1754,1,0,1,0,0,0,0,0,1,359.0,SAFE_STOP,连转 3 轮未见前头红外,0,0,1
47.658,547.0,748.0,382.0,1061.0,-0.3265,-0.1133,-0.2173,-0.1754,1,0,1,0,0,0,0,0,1,357.0,SAFE_STOP,连转 3 轮未见前头红外,0,0,1
47.678,546.0,747.0,381.0,1059.0,-0.3265,-0.1111,-0.2145,-0.1754,1,0,1,0,0,0,0,0,1,243.0,SAFE_STOP,连转 3 轮未见前头红外,0,0,1
47.698,546.0,746.0,380.0,1059.0,-0.3265,-0.1111,-0.2145,-0.1754,1,0,1,0,0,0,0,0,1,358.0,SAFE_STOP,连转 3 轮未见前头红外,0,0,1
47.718,546.0,748.0,380.0,1060.0,-0.3265,-0.1111,-0.2173,-0.1754,1,0,1,0,0,0,0,0,1,440.0,SAFE_STOP,连转 3 轮未见前头红外,0,0,1
47.738,546.0,746.0,380.0,1059.0,-0.3265,-0.1133,-0.2173,-0.1754,1,0,1,0,0,0,0,0,1,737.0,SAFE_STOP,连转 3 轮未见前头红外,0,0,1
47.758,546.0,746.0,380.0,1059.0,-0.3265,-0.1133,-0.2173,-0.1754,1,0,1,0,0,0,0,0,1,737.0,SAFE_STOP,连转 3 轮未见前头红外,0,0,1
47.779,546.0,746.0,380.0,1058.0,-0.3265,-0.1133,-0.2173,-0.1754,1,0,1,0,0,0,0,0,1,440.0,SAFE_STOP,连转 3 轮未见前头红外,0,0,1
47.799,546.0,747.0,381.0,1060.0,-0.3265,-0.1133,-0.2173,-0.1754,1,0,1,0,0,0,0,0,1,343.0,SAFE_STOP,连转 3 轮未见前头红外,0,0,1
47.819,546.0,747.0,380.0,1059.0,-0.3265,-0.1111,-0.2173,-0.1754,1,0,1,0,0,0,0,0,1,359.0,SAFE_STOP,连转 3 轮未见前头红外,0,0,1
47.839,546.0,746.0,380.0,1058.0,-0.3265,-0.1111,-0.2173,-0.1754,1,0,1,0,0,0,0,0,1,325.0,SAFE_STOP,连转 3 轮未见前头红外,0,0,1
47.859,546.0,746.0,380.0,1058.0,-0.3265,-0.1133,-0.2173,-0.1775,1,0,1,0,0,0,0,0,1,440.0,SAFE_STOP,连转 3 轮未见前头红外,0,0,1
47.879,546.0,746.0,380.0,1060.0,-0.3265,-0.1133,-0.2173,-0.1775,1,0,1,0,0,0,0,0,1,422.0,SAFE_STOP,连转 3 轮未见前头红外,0,0,1
47.899,545.0,746.0,380.0,1058.0,-0.3265,-0.1133,-0.2173,-0.1775,1,0,1,0,0,0,0,0,1,385.0,SAFE_STOP,连转 3 轮未见前头红外,0,0,1
47.919,546.0,747.0,380.0,1060.0,-0.3265,-0.1133,-0.2173,-0.1733,1,0,1,0,0,0,0,0,1,363.0,SAFE_STOP,连转 3 轮未见前头红外,0,0,1
47.939,546.0,747.0,381.0,1059.0,-0.3265,-0.1111,-0.2173,-0.1754,1,0,1,0,0,0,0,0,1,375.0,SAFE_STOP,连转 3 轮未见前头红外,0,0,1
47.959,545.0,745.0,380.0,1057.0,-0.3265,-0.1111,-0.2173,-0.1754,1,0,1,0,0,0,0,0,1,506.0,SAFE_STOP,连转 3 轮未见前头红外,0,0,1
47.98,546.0,747.0,381.0,1059.0,-0.3265,-0.1111,-0.2145,-0.1754,1,0,1,0,0,0,0,0,1,406.0,SAFE_STOP,连转 3 轮未见前头红外,0,0,1
48.0,546.0,747.0,381.0,1060.0,-0.3265,-0.1111,-0.2145,-0.1754,1,0,1,0,0,0,0,0,1,440.0,SAFE_STOP,连转 3 轮未见前头红外,0,0,1
48.02,545.0,745.0,380.0,1058.0,-0.3265,-0.1111,-0.2145,-0.1754,1,0,1,0,0,0,0,0,1,439.0,SAFE_STOP,连转 3 轮未见前头红外,0,0,1
48.04,547.0,748.0,381.0,1061.0,-0.3265,-0.1111,-0.2145,-0.1733,1,0,1,0,0,0,0,0,1,278.0,SAFE_STOP,连转 3 轮未见前头红外,0,0,1
48.06,546.0,746.0,380.0,1058.0,-0.3265,-0.1133,-0.2173,-0.1775,1,0,1,0,0,0,0,0,1,357.0,SAFE_STOP,连转 3 轮未见前头红外,0,0,1
48.08,545.0,745.0,380.0,1057.0,-0.3265,-0.1133,-0.2173,-0.1775,1,0,1,0,0,0,0,0,1,373.0,SAFE_STOP,连转 3 轮未见前头红外,0,0,1
48.1,546.0,746.0,381.0,1058.0,-0.3265,-0.1133,-0.2173,-0.1775,1,0,1,0,0,0,0,0,1,741.0,SAFE_STOP,连转 3 轮未见前头红外,0,0,1
48.12,546.0,746.0,381.0,1059.0,-0.3265,-0.1133,-0.2145,-0.1775,1,0,1,0,0,0,0,0,1,447.0,SAFE_STOP,连转 3 轮未见前头红外,0,0,1
48.141,544.0,745.0,381.0,1056.0,-0.3265,-0.1133,-0.2145,-0.1775,1,0,1,0,0,0,0,0,1,424.0,SAFE_STOP,连转 3 轮未见前头红外,0,0,1
48.161,544.0,745.0,381.0,1056.0,-0.332,-0.1155,-0.2145,-0.1816,1,0,1,0,0,0,0,0,1,424.0,SAFE_STOP,连转 3 轮未见前头红外,0,0,1
48.181,546.0,747.0,381.0,1060.0,-0.332,-0.1155,-0.2145,-0.1816,1,0,1,0,0,0,0,0,1,391.0,SAFE_STOP,连转 3 轮未见前头红外,0,0,1
48.201,546.0,746.0,380.0,1057.0,-0.3265,-0.1133,-0.2145,-0.1795,1,0,1,0,0,0,0,0,1,261.0,SAFE_STOP,连转 3 轮未见前头红外,0,0,1
48.221,546.0,747.0,380.0,1059.0,-0.3265,-0.1111,-0.2173,-0.1754,1,0,1,0,0,0,0,0,1,278.0,SAFE_STOP,连转 3 轮未见前头红外,0,0,1
48.241,546.0,746.0,380.0,1058.0,-0.3265,-0.1133,-0.2173,-0.1775,1,0,1,0,0,0,0,0,1,401.0,SAFE_STOP,连转 3 轮未见前头红外,0,0,1
48.261,546.0,746.0,381.0,1059.0,-0.3265,-0.1133,-0.2173,-0.1754,1,0,1,0,0,0,0,1,1,636.0,SAFE_STOP,连转 3 轮未见前头红外,0,0,1
48.281,546.0,746.0,381.0,1060.0,-0.3265,-0.1133,-0.2145,-0.1754,1,0,1,0,0,0,0,1,1,523.0,SAFE_STOP,连转 3 轮未见前头红外,0,0,1
48.302,545.0,745.0,380.0,1057.0,-0.3265,-0.1133,-0.2145,-0.1754,1,0,1,0,0,0,0,1,1,358.0,SAFE_STOP,连转 3 轮未见前头红外,0,0,1
48.322,547.0,747.0,380.0,1060.0,-0.3265,-0.1133,-0.2173,-0.1733,1,0,1,0,0,0,0,1,1,358.0,SAFE_STOP,连转 3 轮未见前头红外,0,0,1
48.342,546.0,747.0,380.0,1059.0,-0.3265,-0.1111,-0.2173,-0.1754,1,0,1,0,0,0,0,1,1,188.0,SAFE_STOP,连转 3 轮未见前头红外,0,0,1
48.362,546.0,745.0,380.0,1058.0,-0.3265,-0.1111,-0.2173,-0.1754,1,0,1,0,0,0,0,1,1,441.0,SAFE_STOP,连转 3 轮未见前头红外,0,0,1
48.382,545.0,746.0,381.0,1058.0,-0.3265,-0.1133,-0.2173,-0.1775,1,0,1,0,0,0,0,1,1,423.0,SAFE_STOP,连转 3 轮未见前头红外,0,0,1
48.402,546.0,746.0,381.0,1058.0,-0.3265,-0.1133,-0.2145,-0.1775,1,0,1,0,0,0,0,1,1,422.0,SAFE_STOP,连转 3 轮未见前头红外,0,0,1
48.422,545.0,745.0,380.0,1058.0,-0.3293,-0.1133,-0.2145,-0.1775,1,0,1,0,0,0,0,1,1,327.0,SAFE_STOP,连转 3 轮未见前头红外,0,0,1
48.442,547.0,748.0,381.0,1059.0,-0.3265,-0.1133,-0.2145,-0.1775,1,0,1,0,0,0,0,1,1,359.0,SAFE_STOP,连转 3 轮未见前头红外,0,0,1
48.463,547.0,747.0,380.0,1058.0,-0.3238,-0.1111,-0.2173,-0.1775,1,0,1,0,0,0,0,1,1,342.0,SAFE_STOP,连转 3 轮未见前头红外,0,0,1
48.483,547.0,747.0,380.0,1058.0,-0.3238,-0.1111,-0.2173,-0.1775,1,0,1,0,0,0,0,1,1,342.0,SAFE_STOP,连转 3 轮未见前头红外,0,0,1
48.503,546.0,745.0,380.0,1057.0,-0.3238,-0.1111,-0.2173,-0.1775,1,0,1,0,0,0,0,1,1,424.0,SAFE_STOP,连转 3 轮未见前头红外,0,0,1
48.523,546.0,746.0,380.0,1056.0,-0.3265,-0.1133,-0.2173,-0.1795,1,0,1,0,0,0,0,1,1,440.0,SAFE_STOP,连转 3 轮未见前头红外,0,0,1
48.543,546.0,747.0,381.0,1059.0,-0.3265,-0.1133,-0.2173,-0.1795,1,0,1,0,0,0,0,1,1,554.0,SAFE_STOP,连转 3 轮未见前头红外,0,0,1
48.563,546.0,745.0,379.0,1058.0,-0.3265,-0.1133,-0.2173,-0.1775,1,0,1,0,0,0,0,1,1,342.0,SAFE_STOP,连转 3 轮未见前头红外,0,0,1
48.583,546.0,745.0,380.0,1058.0,-0.3265,-0.1155,-0.2173,-0.1775,1,0,1,0,0,0,0,1,1,277.0,SAFE_STOP,连转 3 轮未见前头红外,0,0,1
48.603,545.0,745.0,380.0,1058.0,-0.3265,-0.1155,-0.2173,-0.1775,1,0,1,0,0,0,0,1,1,365.0,SAFE_STOP,连转 3 轮未见前头红外,0,0,1
48.623,545.0,745.0,381.0,1057.0,-0.3293,-0.1155,-0.2173,-0.1775,1,0,1,0,0,0,0,1,1,590.0,SAFE_STOP,连转 3 轮未见前头红外,0,0,1
48.644,546.0,746.0,380.0,1058.0,-0.3293,-0.1155,-0.2173,-0.1775,1,0,1,0,0,0,0,1,1,633.0,SAFE_STOP,连转 3 轮未见前头红外,0,0,1
48.664,546.0,746.0,380.0,1058.0,-0.3265,-0.1133,-0.2173,-0.1775,1,0,1,0,0,0,0,1,1,391.0,SAFE_STOP,连转 3 轮未见前头红外,0,0,1
48.684,545.0,745.0,379.0,1056.0,-0.3265,-0.1133,-0.2173,-0.1775,1,0,1,0,0,0,0,1,1,562.0,SAFE_STOP,连转 3 轮未见前头红外,0,0,1
48.704,546.0,746.0,380.0,1059.0,-0.3265,-0.1133,-0.2173,-0.1775,1,0,1,0,0,0,0,1,1,358.0,SAFE_STOP,连转 3 轮未见前头红外,0,0,1
48.724,546.0,746.0,379.0,1058.0,-0.3265,-0.1133,-0.2201,-0.1775,1,0,1,0,0,0,0,1,1,279.0,SAFE_STOP,连转 3 轮未见前头红外,0,0,1
48.744,544.0,744.0,377.0,1055.0,-0.3265,-0.1133,-0.2201,-0.1775,1,0,1,0,0,0,0,1,1,153.0,SAFE_STOP,连转 3 轮未见前头红外,0,0,1
48.764,546.0,743.0,377.0,1055.0,-0.3265,-0.1176,-0.2256,-0.1837,1,0,1,0,0,0,0,1,1,390.0,SAFE_STOP,连转 3 轮未见前头红外,0,0,1
48.784,548.0,745.0,378.0,1058.0,-0.3265,-0.1176,-0.2256,-0.1837,1,0,1,0,0,0,0,1,1,539.0,SAFE_STOP,连转 3 轮未见前头红外,0,0,1
48.804,548.0,744.0,377.0,1058.0,-0.3211,-0.1176,-0.2256,-0.1775,1,0,1,0,0,0,0,1,1,376.0,SAFE_STOP,连转 3 轮未见前头红外,0,0,1
48.825,548.0,744.0,377.0,1058.0,-0.3211,-0.1176,-0.2256,-0.1775,1,0,1,0,0,0,0,1,1,374.0,SAFE_STOP,连转 3 轮未见前头红外,0,0,1
48.845,549.0,745.0,377.0,1059.0,-0.3211,-0.1176,-0.2256,-0.1775,1,0,1,0,0,0,0,1,1,380.0,SAFE_STOP,连转 3 轮未见前头红外,0,0,1
48.865,548.0,744.0,376.0,1058.0,-0.3211,-0.1176,-0.2256,-0.1775,1,0,1,0,0,0,0,1,1,440.0,SAFE_STOP,连转 3 轮未见前头红外,0,0,1
48.885,548.0,743.0,375.0,1058.0,-0.3211,-0.1176,-0.2284,-0.1775,1,0,1,0,0,0,0,1,1,538.0,SAFE_STOP,连转 3 轮未见前头红外,0,0,1
48.905,548.0,743.0,375.0,1058.0,-0.3211,-0.1198,-0.2312,-0.1775,1,0,1,0,0,0,0,1,1,538.0,SAFE_STOP,连转 3 轮未见前头红外,0,0,1
48.925,547.0,744.0,374.0,1056.0,-0.3211,-0.1198,-0.2312,-0.1775,1,0,1,0,0,0,0,1,1,-108.0,SAFE_STOP,连转 3 轮未见前头红外,0,0,1
48.945,548.0,744.0,373.0,1057.0,-0.3211,-0.1176,-0.234,-0.1795,1,0,1,0,0,0,0,1,1,374.0,SAFE_STOP,连转 3 轮未见前头红外,0,0,1
48.965,549.0,746.0,373.0,1057.0,-0.3211,-0.1176,-0.2368,-0.1795,1,0,1,0,0,0,0,1,1,375.0,SAFE_STOP,连转 3 轮未见前头红外,0,0,1
48.986,547.0,746.0,373.0,1057.0,-0.3211,-0.1133,-0.2368,-0.1795,1,0,1,0,0,0,0,1,1,310.0,SAFE_STOP,连转 3 轮未见前头红外,0,0,1
49.006,547.0,747.0,371.0,1054.0,-0.3238,-0.1133,-0.2368,-0.1795,1,0,1,0,0,0,0,1,1,456.0,SAFE_STOP,连转 3 轮未见前头红外,0,0,1
49.026,550.0,750.0,373.0,1057.0,-0.3238,-0.1111,-0.2368,-0.1795,1,0,1,0,0,0,0,1,1,440.0,SAFE_STOP,连转 3 轮未见前头红外,0,0,1
49.046,549.0,749.0,370.0,1056.0,-0.3184,-0.1068,-0.2423,-0.1816,1,0,1,0,0,0,0,1,1,670.0,SAFE_STOP,连转 3 轮未见前头红外,0,0,1
49.067,550.0,752.0,369.0,1054.0,-0.3156,-0.1046,-0.2451,-0.1816,1,0,1,0,0,0,0,1,1,372.0,SAFE_STOP,连转 3 轮未见前头红外,0,0,1
49.087,550.0,756.0,368.0,1056.0,-0.3156,-0.1002,-0.2479,-0.1816,1,0,1,0,0,0,0,1,1,342.0,SAFE_STOP,连转 3 轮未见前头红外,0,0,1
49.107,550.0,758.0,366.0,1054.0,-0.3156,-0.0915,-0.2507,-0.1858,1,0,1,0,0,0,0,1,1,407.0,SAFE_STOP,连转 3 轮未见前头红外,0,0,1
49.127,549.0,759.0,365.0,1052.0,-0.3156,-0.0871,-0.2563,-0.1858,1,0,1,0,0,0,0,1,1,375.0,SAFE_STOP,连转 3 轮未见前头红外,0,0,1
49.147,548.0,761.0,368.0,1051.0,-0.3184,-0.085,-0.2563,-0.19,1,0,1,0,0,0,0,1,1,456.0,SAFE_STOP,连转 3 轮未见前头红外,0,0,1
49.167,545.0,764.0,368.0,1052.0,-0.3211,-0.0806,-0.2507,-0.19,1,0,1,0,0,0,0,1,1,236.0,SAFE_STOP,连转 3 轮未见前头红外,0,0,1
49.187,543.0,764.0,367.0,1052.0,-0.3293,-0.0741,-0.2507,-0.19,1,0,1,0,0,0,0,1,1,618.0,SAFE_STOP,连转 3 轮未见前头红外,0,0,1
49.208,544.0,766.0,371.0,1053.0,-0.332,-0.0741,-0.2507,-0.19,1,0,1,0,0,0,0,1,1,407.0,SAFE_STOP,连转 3 轮未见前头红外,0,0,1
49.228,544.0,765.0,373.0,1053.0,-0.332,-0.0719,-0.2423,-0.1879,1,0,1,0,0,0,0,1,1,490.0,SAFE_STOP,连转 3 轮未见前头红外,0,0,1
49.248,544.0,762.0,375.0,1050.0,-0.332,-0.0719,-0.2368,-0.1879,1,0,1,0,0,0,0,1,1,454.0,SAFE_STOP,连转 3 轮未见前头红外,0,0,1
49.268,545.0,766.0,379.0,1049.0,-0.332,-0.0719,-0.2312,-0.1942,1,0,1,0,0,0,0,1,1,454.0,SAFE_STOP,连转 3 轮未见前头红外,0,0,1
49.288,546.0,768.0,380.0,1047.0,-0.3293,-0.0697,-0.2201,-0.1962,1,0,1,0,0,0,0,1,1,420.0,SAFE_STOP,连转 3 轮未见前头红外,0,0,1
49.308,545.0,768.0,382.0,1044.0,-0.3293,-0.0654,-0.2173,-0.2004,1,0,1,0,0,0,0,1,1,340.0,SAFE_STOP,连转 3 轮未见前头红外,0,0,1
49.328,546.0,768.0,385.0,1044.0,-0.3265,-0.0654,-0.2117,-0.2067,1,0,1,0,0,0,0,1,1,425.0,SAFE_STOP,连转 3 轮未见前头红外,0,0,1
49.348,546.0,768.0,385.0,1044.0,-0.3265,-0.0654,-0.2033,-0.2067,1,0,1,0,0,0,0,1,1,425.0,SAFE_STOP,连转 3 轮未见前头红外,0,0,1
49.369,546.0,768.0,387.0,1041.0,-0.3265,-0.0654,-0.2033,-0.2067,1,0,1,0,0,0,0,1,1,423.0,SAFE_STOP,连转 3 轮未见前头红外,0,0,1
49.389,548.0,769.0,388.0,1038.0,-0.3265,-0.0654,-0.1978,-0.2129,1,0,1,0,0,0,0,1,1,508.0,SAFE_STOP,连转 3 轮未见前头红外,0,0,1
49.409,548.0,768.0,389.0,1034.0,-0.3211,-0.0654,-0.195,-0.2192,1,0,1,0,0,0,0,1,1,256.0,SAFE_STOP,连转 3 轮未见前头红外,0,0,1
49.429,547.0,769.0,390.0,1033.0,-0.3211,-0.0632,-0.1922,-0.2276,1,0,1,0,0,0,0,1,1,436.0,SAFE_STOP,连转 3 轮未见前头红外,0,0,1
49.449,545.0,770.0,390.0,1030.0,-0.3238,-0.0632,-0.1894,-0.2296,1,0,1,0,0,0,0,1,1,485.0,SAFE_STOP,连转 3 轮未见前头红外,0,0,1
49.469,545.0,770.0,390.0,1030.0,-0.3293,-0.061,-0.1894,-0.2359,1,0,1,0,0,0,0,1,1,457.0,SAFE_STOP,连转 3 轮未见前头红外,0,0,1
49.489,546.0,772.0,390.0,1033.0,-0.3293,-0.061,-0.1894,-0.2359,1,0,1,0,0,0,0,1,1,491.0,SAFE_STOP,连转 3 轮未见前头红外,0,0,1
49.509,545.0,772.0,390.0,1036.0,-0.3293,-0.0566,-0.1894,-0.2296,1,0,1,0,0,0,0,1,1,521.0,SAFE_STOP,连转 3 轮未见前头红外,0,0,1
49.53,545.0,772.0,391.0,1038.0,-0.3293,-0.0566,-0.1894,-0.2234,1,0,1,0,0,0,0,1,1,522.0,SAFE_STOP,连转 3 轮未见前头红外,0,0,1
49.55,548.0,772.0,391.0,1042.0,-0.3293,-0.0566,-0.1866,-0.2192,1,0,1,0,0,0,0,1,1,155.0,SAFE_STOP,连转 3 轮未见前头红外,0,0,1
49.57,548.0,768.0,391.0,1043.0,-0.3211,-0.0566,-0.1866,-0.2109,1,0,1,0,0,0,0,1,1,471.0,SAFE_STOP,连转 3 轮未见前头红外,0,0,1
49.59,550.0,766.0,390.0,1044.0,-0.3211,-0.0654,-0.1866,-0.2088,1,0,1,0,0,0,0,1,1,529.0,SAFE_STOP,连转 3 轮未见前头红外,0,0,1
49.61,552.0,767.0,390.0,1044.0,-0.3156,-0.0675,-0.1894,-0.2067,1,0,1,0,0,0,0,1,1,555.0,SAFE_STOP,连转 3 轮未见前头红外,0,0,1
49.631,552.0,766.0,390.0,1043.0,-0.3102,-0.0697,-0.1894,-0.2067,1,0,1,0,0,0,0,1,1,486.0,SAFE_STOP,连转 3 轮未见前头红外,0,0,1
49.651,552.0,765.0,388.0,1040.0,-0.3102,-0.0697,-0.1894,-0.2088,1,0,1,0,0,0,0,1,1,507.0,SAFE_STOP,连转 3 轮未见前头红外,0,0,1
49.671,551.0,764.0,386.0,1039.0,-0.3102,-0.0719,-0.195,-0.215,1,0,1,0,0,0,0,1,1,286.0,SAFE_STOP,连转 3 轮未见前头红外,0,0,1
49.691,550.0,762.0,382.0,1037.0,-0.3129,-0.0741,-0.2006,-0.2171,1,0,1,0,0,0,0,1,1,502.0,SAFE_STOP,连转 3 轮未见前头红外,0,0,1
49.711,549.0,763.0,380.0,1039.0,-0.3156,-0.0763,-0.2117,-0.2171,1,0,1,0,0,0,0,1,1,479.0,SAFE_STOP,连转 3 轮未见前头红外,0,0,1
49.731,548.0,764.0,379.0,1040.0,-0.3184,-0.0763,-0.2173,-0.2171,1,0,1,0,0,0,0,1,1,453.0,SAFE_STOP,连转 3 轮未见前头红外,0,0,1
49.751,545.0,764.0,376.0,1040.0,-0.3211,-0.0741,-0.2201,-0.215,1,0,1,0,0,0,0,1,1,519.0,SAFE_STOP,连转 3 轮未见前头红外,0,0,1
49.775,545.0,764.0,376.0,1040.0,-0.3293,-0.0741,-0.2284,-0.215,1,0,1,0,0,0,0,1,1,519.0,SAFE_STOP,连转 3 轮未见前头红外,0,0,1
49.795,542.0,761.0,374.0,1037.0,-0.3293,-0.0741,-0.2284,-0.215,1,0,1,0,0,0,0,1,1,585.0,SAFE_STOP,连转 3 轮未见前头红外,0,0,1
49.815,542.0,762.0,375.0,1037.0,-0.3374,-0.0784,-0.2312,-0.2213,1,0,1,0,0,0,0,1,1,426.0,SAFE_STOP,连转 3 轮未见前头红外,0,0,1
49.836,542.0,763.0,375.0,1037.0,-0.3374,-0.0784,-0.2312,-0.2213,1,0,1,0,0,0,0,1,1,114.0,SAFE_STOP,连转 3 轮未见前头红外,0,0,1
49.856,541.0,762.0,374.0,1036.0,-0.3374,-0.0784,-0.2312,-0.2213,1,0,1,0,0,0,0,1,1,436.0,SAFE_STOP,连转 3 轮未见前头红外,0,0,1
49.876,542.0,762.0,374.0,1036.0,-0.3374,-0.0784,-0.234,-0.2234,1,0,1,0,0,0,0,1,1,545.0,SAFE_STOP,连转 3 轮未见前头红外,0,0,1
49.896,541.0,761.0,374.0,1037.0,-0.3401,-0.0784,-0.234,-0.2234,1,0,1,0,0,0,0,1,1,503.0,SAFE_STOP,连转 3 轮未见前头红外,0,0,1
49.916,540.0,759.0,374.0,1033.0,-0.3401,-0.0806,-0.234,-0.2234,1,0,1,0,0,0,0,1,1,471.0,SAFE_STOP,连转 3 轮未见前头红外,0,0,1
49.936,542.0,759.0,375.0,1035.0,-0.3401,-0.085,-0.234,-0.2255,1,0,1,0,0,0,0,1,1,442.0,SAFE_STOP,连转 3 轮未见前头红外,0,0,1
49.956,541.0,760.0,376.0,1036.0,-0.3401,-0.085,-0.2312,-0.2255,1,0,1,0,0,0,0,1,1,437.0,SAFE_STOP,连转 3 轮未见前头红外,0,0,1
49.976,541.0,758.0,375.0,1033.0,-0.3401,-0.085,-0.2312,-0.2255,1,0,1,0,0,0,0,1,1,471.0,SAFE_STOP,连转 3 轮未见前头红外,0,0,1
49.997,544.0,761.0,378.0,1038.0,-0.3401,-0.0828,-0.2284,-0.2234,1,0,1,0,0,0,0,1,1,486.0,SAFE_STOP,连转 3 轮未见前头红外,0,0,1
50.017,544.0,760.0,379.0,1036.0,-0.332,-0.0828,-0.2228,-0.2234,1,0,1,0,0,0,0,1,1,418.0,SAFE_STOP,连转 3 轮未见前头红外,0,0,1
50.037,546.0,760.0,380.0,1037.0,-0.332,-0.0828,-0.2201,-0.2213,1,0,1,0,0,0,0,1,1,569.0,SAFE_STOP,连转 3 轮未见前头红外,0,0,1
50.057,546.0,760.0,381.0,1035.0,-0.3265,-0.0828,-0.2173,-0.2234,1,0,1,0,0,0,0,1,1,386.0,SAFE_STOP,连转 3 轮未见前头红外,0,0,1
50.077,547.0,760.0,383.0,1036.0,-0.3265,-0.0828,-0.2145,-0.2234,1,0,1,0,0,0,0,1,1,435.0,SAFE_STOP,连转 3 轮未见前头红外,0,0,1
50.097,547.0,758.0,382.0,1034.0,-0.3238,-0.0828,-0.2117,-0.2255,1,0,1,0,0,0,0,1,1,460.0,SAFE_STOP,连转 3 轮未见前头红外,0,0,1
50.117,547.0,758.0,382.0,1034.0,-0.3238,-0.0871,-0.2117,-0.2276,1,0,1,0,0,0,0,1,1,460.0,SAFE_STOP,连转 3 轮未见前头红外,0,0,1
50.137,547.0,758.0,385.0,1034.0,-0.3238,-0.0871,-0.2117,-0.2276,1,0,1,0,0,0,0,1,1,553.0,SAFE_STOP,连转 3 轮未见前头红外,0,0,1
50.157,548.0,759.0,388.0,1036.0,-0.3238,-0.0871,-0.2033,-0.2276,1,0,1,0,0,0,0,1,1,503.0,SAFE_STOP,连转 3 轮未见前头红外,0,0,1
50.178,546.0,757.0,389.0,1034.0,-0.3238,-0.0871,-0.195,-0.2276,1,0,1,0,0,0,0,1,1,555.0,SAFE_STOP,连转 3 轮未见前头红外,0,0,1
50.198,547.0,757.0,391.0,1033.0,-0.3238,-0.0893,-0.1922,-0.2276,1,0,1,0,0,0,0,1,1,435.0,SAFE_STOP,连转 3 轮未见前头红外,0,0,1
50.218,548.0,756.0,394.0,1033.0,-0.3238,-0.0893,-0.1866,-0.2296,1,0,1,0,0,0,0,1,1,432.0,SAFE_STOP,连转 3 轮未见前头红外,0,0,1
50.238,545.0,756.0,395.0,1030.0,-0.3238,-0.0915,-0.1783,-0.2296,1,0,1,0,0,0,0,1,1,445.0,SAFE_STOP,连转 3 轮未见前头红外,0,0,1
50.258,541.0,756.0,394.0,1024.0,-0.3293,-0.0915,-0.1783,-0.2359,1,0,1,0,0,0,0,1,1,533.0,SAFE_STOP,连转 3 轮未见前头红外,0,0,1
50.278,540.0,763.0,397.0,1024.0,-0.3401,-0.0915,-0.1755,-0.2484,1,0,1,0,0,0,0,1,1,406.0,SAFE_STOP,连转 3 轮未见前头红外,0,0,1
50.298,538.0,764.0,398.0,1021.0,-0.3429,-0.0763,-0.1699,-0.2484,1,0,1,0,0,0,0,1,1,522.0,SAFE_STOP,连转 3 轮未见前头红外,0,0,1
50.318,535.0,762.0,397.0,1016.0,-0.3483,-0.0763,-0.1699,-0.2547,1,0,1,0,0,0,0,1,1,456.0,SAFE_STOP,连转 3 轮未见前头红外,0,0,1
50.339,533.0,761.0,396.0,1011.0,-0.3565,-0.0784,-0.1699,-0.2651,1,0,1,0,0,0,0,1,1,465.0,SAFE_STOP,连转 3 轮未见前头红外,0,0,1
50.359,531.0,761.0,396.0,1011.0,-0.3619,-0.0806,-0.1727,-0.2756,1,0,1,0,0,0,0,1,1,442.0,SAFE_STOP,连转 3 轮未见前头红外,0,0,1
50.379,531.0,760.0,397.0,1011.0,-0.3673,-0.0806,-0.1727,-0.2756,1,0,1,0,0,0,0,1,1,154.0,SAFE_STOP,连转 3 轮未见前头红外,0,0,1
50.399,535.0,760.0,396.0,1011.0,-0.3673,-0.0828,-0.1727,-0.2756,1,0,1,0,0,0,0,1,1,521.0,SAFE_STOP,连转 3 轮未见前头红外,0,0,1
50.419,539.0,760.0,396.0,1013.0,-0.3565,-0.0828,-0.1727,-0.2756,1,0,1,0,0,0,0,1,1,406.0,SAFE_STOP,连转 3 轮未见前头红外,0,0,1
50.439,542.0,762.0,394.0,1017.0,-0.3456,-0.0828,-0.1727,-0.2714,1,0,1,0,0,0,0,1,1,489.0,SAFE_STOP,连转 3 轮未见前头红外,0,0,1
50.459,544.0,764.0,393.0,1017.0,-0.3374,-0.0784,-0.1783,-0.263,1,0,1,0,0,0,0,1,1,374.0,SAFE_STOP,连转 3 轮未见前头红外,0,0,1
50.479,542.0,765.0,390.0,1016.0,-0.3374,-0.0741,-0.1811,-0.263,1,0,1,0,0,0,0,1,1,507.0,SAFE_STOP,连转 3 轮未见前头红外,0,0,1
50.499,537.0,765.0,385.0,1018.0,-0.3374,-0.0719,-0.1894,-0.263,1,0,1,0,0,0,0,1,1,424.0,SAFE_STOP,连转 3 轮未见前头红外,0,0,1
50.519,532.0,764.0,381.0,1021.0,-0.351,-0.0719,-0.2033,-0.261,1,0,1,0,0,0,0,1,1,636.0,SAFE_STOP,连转 3 轮未见前头红外,0,0,1
50.54,529.0,763.0,376.0,1025.0,-0.3646,-0.0741,-0.2145,-0.2547,1,0,1,0,0,0,0,1,1,487.0,SAFE_STOP,连转 3 轮未见前头红外,0,0,1
50.56,530.0,762.0,371.0,1027.0,-0.3701,-0.0763,-0.2284,-0.2463,1,0,1,0,0,0,0,1,1,343.0,SAFE_STOP,连转 3 轮未见前头红外,0,0,1
50.58,532.0,756.0,370.0,1030.0,-0.3701,-0.0784,-0.2423,-0.2422,1,0,1,0,0,0,0,1,1,395.0,SAFE_STOP,连转 3 轮未见前头红外,0,0,1
50.6,534.0,748.0,369.0,1031.0,-0.3646,-0.0915,-0.2451,-0.2359,1,0,1,0,0,0,0,1,1,292.0,SAFE_STOP,连转 3 轮未见前头红外,0,0,1
50.62,536.0,745.0,371.0,1028.0,-0.3592,-0.1089,-0.2451,-0.2359,1,0,1,0,0,0,0,1,1,555.0,SAFE_STOP,连转 3 轮未见前头红外,0,0,1
50.64,534.0,737.0,376.0,1020.0,-0.3592,-0.1155,-0.2423,-0.2401,1,0,1,0,0,0,0,1,1,456.0,SAFE_STOP,连转 3 轮未见前头红外,0,0,1
50.66,533.0,735.0,381.0,1019.0,-0.3592,-0.1329,-0.2284,-0.2568,1,0,1,0,0,0,0,1,1,682.0,SAFE_STOP,连转 3 轮未见前头红外,0,0,1
50.68,533.0,731.0,384.0,1020.0,-0.3619,-0.1373,-0.2145,-0.2568,1,0,1,0,0,0,0,1,1,420.0,SAFE_STOP,连转 3 轮未见前头红外,0,0,1
50.7,529.0,727.0,387.0,1024.0,-0.3619,-0.146,-0.2061,-0.2568,1,0,1,0,0,0,0,1,1,356.0,SAFE_STOP,连转 3 轮未见前头红外,0,0,1
50.72,526.0,726.0,386.0,1024.0,-0.3728,-0.1547,-0.2006,-0.2484,1,0,1,0,0,0,0,1,1,359.0,SAFE_STOP,连转 3 轮未见前头红外,0,0,1
50.741,527.0,728.0,384.0,1030.0,-0.3782,-0.1547,-0.2006,-0.2484,1,0,1,0,0,0,0,1,1,324.0,SAFE_STOP,连转 3 轮未见前头红外,0,0,1
50.761,527.0,728.0,384.0,1030.0,-0.3782,-0.1525,-0.2061,-0.2359,1,0,1,0,0,0,0,1,1,324.0,SAFE_STOP,连转 3 轮未见前头红外,0,0,1
50.781,526.0,730.0,381.0,1031.0,-0.3782,-0.1525,-0.2061,-0.2359,1,0,1,0,0,0,0,1,1,408.0,SAFE_STOP,连转 3 轮未见前头红外,0,0,1
50.801,525.0,736.0,377.0,1030.0,-0.381,-0.1481,-0.2145,-0.2359,1,0,1,0,0,0,0,1,1,390.0,SAFE_STOP,连转 3 轮未见前头红外,0,0,1
50.821,527.0,740.0,376.0,1032.0,-0.381,-0.1351,-0.2256,-0.2338,1,0,1,0,0,0,0,1,1,358.0,SAFE_STOP,连转 3 轮未见前头红外,0,0,1
50.841,528.0,743.0,374.0,1031.0,-0.3782,-0.1264,-0.2284,-0.2338,1,0,1,0,0,0,0,1,1,325.0,SAFE_STOP,连转 3 轮未见前头红外,0,0,1
50.862,533.0,745.0,376.0,1033.0,-0.3755,-0.1198,-0.2284,-0.2317,1,0,1,0,0,0,0,1,1,277.0,SAFE_STOP,连转 3 轮未见前头红外,0,0,1
50.882,535.0,744.0,377.0,1031.0,-0.3619,-0.1176,-0.2284,-0.2338,1,0,1,0,0,0,0,1,1,571.0,SAFE_STOP,连转 3 轮未见前头红外,0,0,1
50.902,541.0,746.0,378.0,1034.0,-0.3565,-0.1155,-0.2256,-0.2296,1,0,1,0,0,0,0,1,1,382.0,SAFE_STOP,连转 3 轮未见前头红外,0,0,1
50.922,544.0,746.0,381.0,1033.0,-0.3401,-0.1133,-0.2228,-0.2296,1,0,1,0,0,0,0,1,1,570.0,SAFE_STOP,连转 3 轮未见前头红外,0,0,1
50.942,546.0,743.0,381.0,1030.0,-0.332,-0.1133,-0.2145,-0.2296,1,0,1,0,0,0,0,1,1,343.0,SAFE_STOP,连转 3 轮未见前头红外,0,0,1
50.962,546.0,741.0,383.0,1027.0,-0.3265,-0.1198,-0.2145,-0.2359,1,0,1,0,0,0,0,1,1,213.0,SAFE_STOP,连转 3 轮未见前头红外,0,0,1
50.982,546.0,738.0,382.0,1024.0,-0.3265,-0.1242,-0.2117,-0.2422,1,0,1,0,0,0,0,1,1,295.0,SAFE_STOP,连转 3 轮未见前头红外,0,0,1
51.002,546.0,737.0,383.0,1020.0,-0.3265,-0.1307,-0.2089,-0.2484,1,0,1,0,0,0,0,1,1,211.0,SAFE_STOP,连转 3 轮未见前头红外,0,0,1
51.022,546.0,737.0,384.0,1017.0,-0.3265,-0.1329,-0.2089,-0.2568,1,0,1,0,0,0,0,1,1,683.0,SAFE_STOP,连转 3 轮未见前头红外,0,0,1
51.042,544.0,737.0,383.0,1013.0,-0.3265,-0.1329,-0.2089,-0.263,1,0,1,0,0,0,0,1,1,343.0,SAFE_STOP,连转 3 轮未见前头红外,0,0,1
51.063,540.0,738.0,384.0,1010.0,-0.332,-0.1329,-0.2061,-0.2714,1,0,1,0,0,0,0,1,1,755.0,SAFE_STOP,连转 3 轮未见前头红外,0,0,1
51.083,537.0,738.0,384.0,1012.0,-0.3429,-0.1307,-0.2061,-0.2735,1,0,1,0,0,0,0,1,1,280.0,SAFE_STOP,连转 3 轮未见前头红外,0,0,1
51.103,536.0,742.0,383.0,1018.0,-0.351,-0.1307,-0.2061,-0.2735,1,0,1,0,0,0,0,1,1,212.0,SAFE_STOP,连转 3 轮未见前头红外,0,0,1
51.123,536.0,745.0,382.0,1024.0,-0.3537,-0.122,-0.2089,-0.261,1,0,1,0,0,0,0,1,1,276.0,SAFE_STOP,连转 3 轮未见前头红外,0,0,1
51.143,536.0,753.0,383.0,1026.0,-0.3537,-0.1155,-0.2089,-0.2484,1,0,1,0,0,0,0,0,1,162.0,SAFE_STOP,连转 3 轮未见前头红外,0,0,1
51.163,535.0,755.0,382.0,1025.0,-0.3537,-0.098,-0.2117,-0.2463,1,0,1,0,0,0,0,0,1,323.0,SAFE_STOP,连转 3 轮未见前头红外,0,0,1
51.183,538.0,756.0,382.0,1025.0,-0.3537,-0.0937,-0.2117,-0.2463,1,0,1,0,0,0,0,0,1,293.0,SAFE_STOP,连转 3 轮未见前头红外,0,0,1
51.203,543.0,759.0,382.0,1025.0,-0.3483,-0.0915,-0.2117,-0.2463,1,0,1,0,0,0,0,0,1,455.0,SAFE_STOP,连转 3 轮未见前头红外,0,0,1
51.223,548.0,759.0,382.0,1018.0,-0.3347,-0.085,-0.2117,-0.2463,1,0,0,0,0,0,0,0,1,244.0,SAFE_STOP,连转 3 轮未见前头红外,0,0,1
51.243,550.0,758.0,379.0,1013.0,-0.3211,-0.085,-0.2117,-0.261,1,0,0,0,0,0,0,0,1,227.0,SAFE_STOP,连转 3 轮未见前头红外,0,0,1
51.263,550.0,756.0,379.0,1006.0,-0.3156,-0.0871,-0.2201,-0.2714,1,0,0,0,0,0,0,0,1,276.0,SAFE_STOP,连转 3 轮未见前头红外,0,0,1
51.284,552.0,761.0,377.0,1001.0,-0.3156,-0.0871,-0.2201,-0.286,1,0,0,0,0,0,0,0,1,275.0,SAFE_STOP,连转 3 轮未见前头红外,0,0,1
51.304,551.0,761.0,375.0,998.0,-0.3129,-0.0806,-0.2256,-0.2965,1,0,0,0,0,0,0,0,1,343.0,SAFE_STOP,连转 3 轮未见前头红外,0,0,1
51.324,553.0,764.0,376.0,997.0,-0.3102,-0.0806,-0.2284,-0.3027,1,0,0,0,0,0,0,0,1,213.0,SAFE_STOP,连转 3 轮未见前头红外,0,0,1
51.344,553.0,764.0,376.0,997.0,-0.3075,-0.0741,-0.2284,-0.3048,1,0,0,0,0,0,0,0,1,213.0,SAFE_STOP,连转 3 轮未见前头红外,0,0,1
51.364,553.0,764.0,375.0,997.0,-0.3075,-0.0741,-0.2284,-0.3048,1,0,0,0,0,0,0,0,1,178.0,SAFE_STOP,连转 3 轮未见前头红外,0,0,1
51.384,553.0,763.0,374.0,995.0,-0.3075,-0.0741,-0.2312,-0.3048,1,0,0,0,0,0,0,0,1,211.0,SAFE_STOP,连转 3 轮未见前头红外,0,0,1
51.404,555.0,765.0,376.0,998.0,-0.3075,-0.0741,-0.2312,-0.3048,1,0,0,0,0,0,0,0,1,261.0,SAFE_STOP,连转 3 轮未见前头红外,0,0,1
51.424,555.0,765.0,377.0,998.0,-0.302,-0.0719,-0.2284,-0.3027,1,0,0,0,0,0,0,0,1,374.0,SAFE_STOP,连转 3 轮未见前头红外,0,0,1
51.445,556.0,766.0,376.0,999.0,-0.302,-0.0719,-0.2284,-0.3027,1,0,0,0,0,0,0,0,1,259.0,SAFE_STOP,连转 3 轮未见前头红外,0,0,1
51.465,555.0,767.0,377.0,1000.0,-0.302,-0.0697,-0.2256,-0.3006,1,0,0,0,0,0,0,0,1,553.0,SAFE_STOP,连转 3 轮未见前头红外,0,0,1
51.485,556.0,767.0,377.0,1000.0,-0.2993,-0.0675,-0.2256,-0.2985,1,0,0,0,0,0,0,0,1,358.0,SAFE_STOP,连转 3 轮未见前头红外,0,0,1
51.505,556.0,766.0,376.0,1001.0,-0.2993,-0.0675,-0.2256,-0.2985,1,0,0,0,0,0,0,0,1,113.0,SAFE_STOP,连转 3 轮未见前头红外,0,0,1
51.525,556.0,767.0,377.0,1002.0,-0.2993,-0.0675,-0.2256,-0.2965,1,0,0,0,0,0,0,0,1,276.0,SAFE_STOP,连转 3 轮未见前头红外,0,0,1
51.545,557.0,768.0,377.0,1002.0,-0.2993,-0.0675,-0.2256,-0.2944,1,0,0,0,0,0,0,0,1,260.0,SAFE_STOP,连转 3 轮未见前头红外,0,0,1
51.565,557.0,768.0,377.0,1004.0,-0.2966,-0.0654,-0.2256,-0.2944,1,0,0,0,0,0,0,0,1,97.0,SAFE_STOP,连转 3 轮未见前头红外,0,0,1
51.586,557.0,768.0,378.0,1007.0,-0.2966,-0.0654,-0.2256,-0.2902,1,0,0,0,0,0,0,0,1,212.0,SAFE_STOP,连转 3 轮未见前头红外,0,0,1
51.606,557.0,769.0,378.0,1009.0,-0.2966,-0.0654,-0.2228,-0.2839,1,0,0,0,0,0,0,0,1,554.0,SAFE_STOP,连转 3 轮未见前头红外,0,0,1
51.627,556.0,767.0,375.0,1008.0,-0.2966,-0.0654,-0.2228,-0.2818,1,0,0,0,0,0,0,0,1,407.0,SAFE_STOP,连转 3 轮未见前头红外,0,0,1
51.648,556.0,768.0,377.0,1010.0,-0.2993,-0.0654,-0.2256,-0.2797,1,0,0,0,0,0,0,0,1,276.0,SAFE_STOP,连转 3 轮未见前头红外,0,0,1
51.668,556.0,767.0,376.0,1011.0,-0.2993,-0.0675,-0.2284,-0.2777,1,0,0,0,0,0,0,0,1,258.0,SAFE_STOP,连转 3 轮未见前头红外,0,0,1
51.688,555.0,765.0,375.0,1011.0,-0.2993,-0.0675,-0.2284,-0.2756,1,0,0,0,0,0,0,0,1,228.0,SAFE_STOP,连转 3 轮未见前头红外,0,0,1
51.709,556.0,765.0,375.0,1014.0,-0.2993,-0.0719,-0.2312,-0.2756,1,0,0,0,0,0,0,0,1,194.0,SAFE_STOP,连转 3 轮未见前头红外,0,0,1
51.729,555.0,765.0,373.0,1015.0,-0.302,-0.0719,-0.2312,-0.2693,1,0,0,0,0,0,0,0,1,227.0,SAFE_STOP,连转 3 轮未见前头红外,0,0,1
51.749,553.0,766.0,371.0,1018.0,-0.302,-0.0719,-0.2368,-0.2672,1,0,0,0,0,0,0,0,1,271.0,SAFE_STOP,连转 3 轮未见前头红外,0,0,1
51.77,555.0,769.0,372.0,1027.0,-0.302,-0.0697,-0.2396,-0.261,1,0,0,0,0,0,0,1,1,199.0,SAFE_STOP,连转 3 轮未见前头红外,0,0,1
51.79,555.0,769.0,372.0,1027.0,-0.302,-0.0632,-0.2396,-0.2422,1,0,0,0,0,0,0,1,1,199.0,SAFE_STOP,连转 3 轮未见前头红外,0,0,1
51.81,557.0,771.0,372.0,1032.0,-0.302,-0.0632,-0.2396,-0.2422,1,0,0,0,0,0,0,1,1,267.0,SAFE_STOP,连转 3 轮未见前头红外,0,0,1
51.83,557.0,770.0,371.0,1035.0,-0.2966,-0.061,-0.2396,-0.2317,1,0,0,0,0,0,0,1,1,294.0,SAFE_STOP,连转 3 轮未见前头红外,0,0,1
51.85,555.0,768.0,370.0,1034.0,-0.2966,-0.061,-0.2423,-0.2276,1,0,1,0,0,0,0,1,1,494.0,SAFE_STOP,连转 3 轮未见前头红外,0,0,1
51.87,556.0,761.0,370.0,1035.0,-0.2993,-0.0654,-0.2451,-0.2255,1,0,1,0,0,0,0,1,1,248.0,SAFE_STOP,连转 3 轮未见前头红外,0,0,1
51.891,550.0,751.0,367.0,1036.0,-0.302,-0.0806,-0.2451,-0.2255,1,0,1,0,0,0,0,1,1,356.0,SAFE_STOP,连转 3 轮未见前头红外,0,0,1
51.911,545.0,742.0,367.0,1037.0,-0.3156,-0.1024,-0.2535,-0.2234,1,0,1,0,0,0,0,1,1,310.0,SAFE_STOP,连转 3 轮未见前头红外,0,0,1
51.931,538.0,739.0,366.0,1027.0,-0.3293,-0.122,-0.2535,-0.2234,1,0,1,0,0,0,0,1,1,100.0,SAFE_STOP,连转 3 轮未见前头红外,0,0,1
51.951,532.0,737.0,367.0,1013.0,-0.3483,-0.1285,-0.2535,-0.2422,1,0,1,0,0,0,0,1,1,264.0,SAFE_STOP,连转 3 轮未见前头红外,0,0,1
51.971,530.0,740.0,372.0,1007.0,-0.3646,-0.1285,-0.2535,-0.2714,1,0,1,0,0,0,0,1,1,292.0,SAFE_STOP,连转 3 轮未见前头红外,0,0,1
51.991,531.0,739.0,375.0,1004.0,-0.3673,-0.1285,-0.2396,-0.2839,1,0,1,0,0,0,0,1,1,668.0,SAFE_STOP,连转 3 轮未见前头红外,0,0,1
52.011,530.0,738.0,377.0,1006.0,-0.3701,-0.1285,-0.2312,-0.286,1,0,1,0,0,0,0,1,1,342.0,SAFE_STOP,连转 3 轮未见前头红外,0,0,1
52.031,533.0,738.0,379.0,1011.0,-0.3673,-0.1307,-0.2256,-0.286,1,0,1,0,0,0,0,1,1,634.0,SAFE_STOP,连转 3 轮未见前头红外,0,0,1
52.052,534.0,737.0,381.0,1010.0,-0.3619,-0.1307,-0.2201,-0.2777,1,0,1,0,0,0,0,1,1,294.0,SAFE_STOP,连转 3 轮未见前头红外,0,0,1
52.072,535.0,738.0,382.0,1012.0,-0.3592,-0.1307,-0.2145,-0.2756,1,0,1,0,0,0,0,1,1,162.0,SAFE_STOP,连转 3 轮未见前头红外,0,0,1
52.092,535.0,741.0,384.0,1013.0,-0.3565,-0.1307,-0.2117,-0.2735,1,0,1,0,0,0,0,1,1,293.0,SAFE_STOP,连转 3 轮未见前头红外,0,0,1
52.112,532.0,745.0,384.0,1014.0,-0.3565,-0.1242,-0.2061,-0.2714,1,0,1,0,0,0,0,1,1,261.0,SAFE_STOP,连转 3 轮未见前头红外,0,0,1
52.132,531.0,744.0,384.0,1013.0,-0.3646,-0.1176,-0.2061,-0.2714,1,0,1,0,0,0,0,1,1,619.0,SAFE_STOP,连转 3 轮未见前头红外,0,0,1
52.152,532.0,748.0,384.0,1015.0,-0.3646,-0.1155,-0.2061,-0.2693,1,0,1,0,0,0,0,1,1,342.0,SAFE_STOP,连转 3 轮未见前头红外,0,0,1
52.172,531.0,748.0,382.0,1008.0,-0.3673,-0.1089,-0.2061,-0.2714,1,0,1,0,0,0,0,1,1,389.0,SAFE_STOP,连转 3 轮未见前头红外,0,0,1
52.193,531.0,748.0,382.0,1008.0,-0.3673,-0.1089,-0.2117,-0.2818,1,0,1,0,0,0,0,1,1,389.0,SAFE_STOP,连转 3 轮未见前头红外,0,0,1
52.213,531.0,748.0,381.0,1005.0,-0.3673,-0.1089,-0.2117,-0.2818,1,0,1,0,0,0,0,1,1,293.0,SAFE_STOP,连转 3 轮未见前头红外,0,0,1
52.233,535.0,747.0,379.0,1005.0,-0.3673,-0.1089,-0.2145,-0.2881,1,0,1,0,0,0,0,1,1,293.0,SAFE_STOP,连转 3 轮未见前头红外,0,0,1
52.253,538.0,746.0,376.0,1006.0,-0.3565,-0.1111,-0.2201,-0.2881,1,0,1,0,0,0,0,1,1,293.0,SAFE_STOP,连转 3 轮未见前头红外,0,0,1
52.273,543.0,743.0,372.0,1013.0,-0.3483,-0.1133,-0.2284,-0.286,1,0,1,0,0,0,0,1,1,326.0,SAFE_STOP,连转 3 轮未见前头红外,0,0,1
52.293,548.0,744.0,371.0,1018.0,-0.3347,-0.1176,-0.2396,-0.2714,1,0,1,0,0,0,0,1,1,310.0,SAFE_STOP,连转 3 轮未见前头红外,0,0,1
52.314,549.0,744.0,369.0,1019.0,-0.3211,-0.1176,-0.2423,-0.261,1,0,1,0,0,0,0,1,1,267.0,SAFE_STOP,连转 3 轮未见前头红外,0,0,1
52.334,550.0,749.0,369.0,1016.0,-0.3184,-0.1176,-0.2479,-0.261,1,0,1,0,0,0,0,1,1,195.0,SAFE_STOP,连转 3 轮未见前头红外,0,0,1
52.354,553.0,758.0,372.0,1018.0,-0.3156,-0.1068,-0.2479,-0.261,1,0,1,0,0,0,0,1,1,113.0,SAFE_STOP,连转 3 轮未见前头红外,0,0,1
52.374,552.0,759.0,373.0,1018.0,-0.3102,-0.0871,-0.2396,-0.261,1,0,0,0,0,0,0,1,1,243.0,SAFE_STOP,连转 3 轮未见前头红外,0,0,1
52.394,555.0,757.0,375.0,1012.0,-0.3075,-0.0871,-0.2368,-0.261,1,0,0,0,0,0,0,1,1,487.0,SAFE_STOP,连转 3 轮未见前头红外,0,0,1
52.414,553.0,753.0,378.0,1000.0,-0.3075,-0.0893,-0.2312,-0.2735,1,0,0,0,0,0,0,1,1,276.0,SAFE_STOP,连转 3 轮未见前头红外,0,0,1
52.435,549.0,750.0,380.0,992.0,-0.3075,-0.098,-0.2228,-0.2985,1,0,0,0,0,0,0,1,1,178.0,SAFE_STOP,连转 3 轮未见前头红外,0,0,1
52.455,549.0,749.0,380.0,988.0,-0.3184,-0.1046,-0.2173,-0.3152,1,0,0,0,0,0,0,1,1,372.0,SAFE_STOP,连转 3 轮未见前头红外,0,0,1
52.475,552.0,745.0,381.0,996.0,-0.3184,-0.1068,-0.2173,-0.3152,1,0,0,0,0,0,0,1,1,111.0,SAFE_STOP,连转 3 轮未见前头红外,0,0,1
52.495,554.0,744.0,381.0,1010.0,-0.3102,-0.1155,-0.2145,-0.3069,1,0,0,0,0,0,0,1,1,3.0,SAFE_STOP,连转 3 轮未见前头红外,0,0,1
52.515,551.0,749.0,382.0,1016.0,-0.3102,-0.1155,-0.2145,-0.2777,1,0,0,0,0,0,0,1,1,212.0,SAFE_STOP,连转 3 轮未见前头红外,0,0,1
52.535,547.0,755.0,382.0,1014.0,-0.3129,-0.1068,-0.2117,-0.2693,1,0,0,0,0,0,0,1,1,128.0,SAFE_STOP,连转 3 轮未见前头红外,0,0,1
52.555,546.0,757.0,380.0,1014.0,-0.3238,-0.0937,-0.2117,-0.2693,1,0,0,0,0,0,0,1,1,436.0,SAFE_STOP,连转 3 轮未见前头红外,0,0,1
52.575,546.0,757.0,380.0,1014.0,-0.3265,-0.0893,-0.2173,-0.2693,1,0,0,0,0,0,0,1,1,436.0,SAFE_STOP,连转 3 轮未见前头红外,0,0,1
52.596,549.0,748.0,377.0,1018.0,-0.3265,-0.0893,-0.2173,-0.2693,1,0,0,0,0,0,0,1,1,163.0,SAFE_STOP,连转 3 轮未见前头红外,0,0,1
52.616,546.0,737.0,376.0,1016.0,-0.3265,-0.1089,-0.2256,-0.2651,1,0,0,0,1,0,0,1,1,165.0,SAFE_STOP,连转 3 轮未见前头红外,0,0,1
52.636,545.0,734.0,374.0,1024.0,-0.3265,-0.1329,-0.2284,-0.261,1,0,0,0,1,0,0,1,1,162.0,SAFE_STOP,连转 3 轮未见前头红外,0,0,1
52.656,541.0,729.0,378.0,1032.0,-0.3293,-0.1394,-0.2284,-0.2484,1,0,0,0,1,0,0,1,1,19.0,SAFE_STOP,连转 3 轮未见前头红外,0,0,1
52.676,539.0,725.0,380.0,1032.0,-0.3401,-0.1503,-0.2228,-0.2317,1,0,0,0,1,0,0,1,1,78.0,SAFE_STOP,连转 3 轮未见前头红外,0,0,1
52.696,540.0,728.0,382.0,1035.0,-0.3429,-0.1525,-0.2173,-0.2317,1,0,0,0,1,0,0,1,1,78.0,SAFE_STOP,连转 3 轮未见前头红外,0,0,1
52.716,543.0,733.0,384.0,1041.0,-0.3429,-0.1525,-0.2117,-0.2255,1,0,0,0,1,0,0,1,1,87.0,SAFE_STOP,连转 3 轮未见前头红外,0,0,1
52.736,547.0,738.0,384.0,1038.0,-0.3347,-0.1416,-0.2061,-0.2192,1,0,0,0,1,0,0,1,1,118.0,SAFE_STOP,连转 3 轮未见前头红外,0,0,1
52.757,549.0,746.0,383.0,1033.0,-0.3238,-0.1307,-0.2061,-0.2192,1,0,0,0,1,0,0,1,1,3.0,SAFE_STOP,连转 3 轮未见前头红外,0,0,1
52.777,550.0,749.0,379.0,1026.0,-0.3184,-0.1133,-0.2089,-0.2296,1,0,0,0,1,0,0,1,1,195.0,SAFE_STOP,连转 3 轮未见前头红外,0,0,1
52.797,548.0,759.0,376.0,1024.0,-0.3184,-0.1068,-0.2201,-0.2443,1,0,0,0,1,0,1,1,1,28.0,SAFE_STOP,连转 3 轮未见前头红外,0,0,1
52.817,546.0,763.0,376.0,1017.0,-0.3211,-0.085,-0.2284,-0.2484,1,0,0,0,1,0,1,1,1,60.0,SAFE_STOP,连转 3 轮未见前头红外,0,0,1
52.837,539.0,761.0,372.0,1012.0,-0.3265,-0.0806,-0.2284,-0.263,1,0,0,0,1,0,1,1,1,61.0,SAFE_STOP,连转 3 轮未见前头红外,0,0,1
52.857,532.0,749.0,365.0,997.0,-0.3456,-0.0806,-0.2396,-0.2735,1,0,0,0,1,0,1,1,1,-5.0,SAFE_STOP,连转 3 轮未见前头红外,0,0,1
52.877,522.0,737.0,357.0,982.0,-0.3646,-0.1068,-0.2591,-0.3048,1,0,0,0,1,0,1,1,1,10.0,SAFE_STOP,连转 3 轮未见前头红外,0,0,1
52.897,523.0,736.0,360.0,984.0,-0.3891,-0.1329,-0.273,-0.3319,1,0,0,0,1,0,1,1,1,-5.0,SAFE_STOP,连转 3 轮未见前头红外,0,0,1
52.917,534.0,758.0,377.0,1018.0,-0.3891,-0.1329,-0.273,-0.3319,1,0,0,0,1,0,1,1,1,79.0,SAFE_STOP,连转 3 轮未见前头红外,0,0,1
52.938,534.0,750.0,378.0,1019.0,-0.3592,-0.1046,-0.2256,-0.261,1,0,0,0,1,0,1,1,1,19.0,SAFE_STOP,连转 3 轮未见前头红外,0,0,1
52.958,535.0,752.0,368.0,1013.0,-0.3592,-0.1002,-0.2256,-0.261,1,0,0,0,1,0,1,1,1,18.0,SAFE_STOP,连转 3 轮未见前头红外,0,0,1
52.978,534.0,747.0,370.0,1003.0,-0.3592,-0.1046,-0.2451,-0.2714,1,0,0,0,1,0,1,1,1,-6.0,SAFE_STOP,连转 3 轮未见前头红外,0,0,1
52.998,534.0,747.0,370.0,1003.0,-0.3592,-0.1111,-0.2451,-0.2923,1,0,0,0,1,0,1,1,1,-6.0,SAFE_STOP,连转 3 轮未见前头红外,0,0,1
53.018,534.0,735.0,374.0,987.0,-0.3592,-0.1111,-0.2451,-0.2923,1,0,0,0,1,0,1,1,1,-7.0,SAFE_STOP,连转 3 轮未见前头红外,0,0,1
53.038,538.0,732.0,377.0,988.0,-0.3592,-0.1373,-0.234,-0.3236,1,0,0,0,1,1,1,1,1,-5.0,SAFE_STOP,连转 3 轮未见前头红外,0,0,1
53.059,540.0,728.0,382.0,990.0,-0.3483,-0.1438,-0.2256,-0.3236,1,0,0,0,1,1,1,1,1,80.0,SAFE_STOP,连转 3 轮未见前头红外,0,0,1
53.079,545.0,719.0,390.0,996.0,-0.3429,-0.1525,-0.2117,-0.3194,1,0,0,0,1,1,1,1,1,62.0,SAFE_STOP,连转 3 轮未见前头红外,0,0,1
53.099,550.0,716.0,391.0,994.0,-0.3293,-0.1721,-0.1894,-0.3111,1,0,0,0,1,1,1,1,1,29.0,SAFE_STOP,连转 3 轮未见前头红外,0,0,1
53.119,546.0,717.0,389.0,1008.0,-0.3265,-0.1765,-0.1894,-0.3069,1,0,0,0,1,1,1,1,1,-7.0,SAFE_STOP,连转 3 轮未见前头红外,0,0,1
53.139,532.0,724.0,390.0,1015.0,-0.3265,-0.1765,-0.1894,-0.2818,1,0,0,0,1,1,1,1,1,-7.0,SAFE_STOP,连转 3 轮未见前头红外,0,0,1
53.159,526.0,726.0,390.0,1025.0,-0.3646,-0.1612,-0.1894,-0.2672,1,0,0,0,1,1,1,1,1,-6.0,SAFE_STOP,连转 3 轮未见前头红外,0,0,1
53.179,526.0,720.0,383.0,1025.0,-0.381,-0.1612,-0.1894,-0.2463,1,0,0,0,1,1,1,1,1,30.0,SAFE_STOP,连转 3 轮未见前头红外,0,0,1
53.199,528.0,718.0,370.0,1031.0,-0.381,-0.1699,-0.2089,-0.2463,1,0,0,0,1,1,1,0,1,2.0,SAFE_STOP,连转 3 轮未见前头红外,0,0,1
53.22,532.0,738.0,368.0,1027.0,-0.3755,-0.1699,-0.2451,-0.2422,1,0,0,0,1,1,1,0,1,-5.0,SAFE_STOP,连转 3 轮未见前头红外,0,0,1
53.24,533.0,716.0,369.0,1020.0,-0.3646,-0.1743,-0.2479,-0.2422,1,0,0,0,1,1,1,0,1,-6.0,SAFE_STOP,连转 3 轮未见前头红外,0,0,1
53.26,534.0,701.0,373.0,1029.0,-0.3619,-0.1786,-0.2479,-0.2422,1,0,0,0,1,1,1,0,1,-6.0,SAFE_STOP,连转 3 轮未见前头红外,0,0,1
53.28,535.0,691.0,379.0,1032.0,-0.3592,-0.2113,-0.2368,-0.238,1,0,0,0,1,1,1,0,1,-5.0,SAFE_STOP,连转 3 轮未见前头红外,0,0,1
53.3,522.0,696.0,381.0,1025.0,-0.3592,-0.2222,-0.2201,-0.238,1,0,0,0,1,1,1,0,1,-8.0,SAFE_STOP,连转 3 轮未见前头红外,0,0,1
53.32,514.0,700.0,380.0,1031.0,-0.3918,-0.2222,-0.2173,-0.2338,1,0,0,0,1,1,1,0,1,-5.0,SAFE_STOP,连转 3 轮未见前头红外,0,0,1
53.34,516.0,704.0,372.0,1035.0,-0.4082,-0.2135,-0.2173,-0.2338,1,0,0,0,1,1,1,0,1,-7.0,SAFE_STOP,连转 3 轮未见前头红外,0,0,1
53.36,524.0,711.0,368.0,1024.0,-0.4082,-0.2048,-0.2396,-0.2338,1,0,0,0,1,1,1,0,1,-10.0,SAFE_STOP,连转 3 轮未见前头红外,0,0,1
53.38,524.0,711.0,368.0,1024.0,-0.3864,-0.1895,-0.2507,-0.2484,1,0,0,0,1,1,1,0,1,-10.0,SAFE_STOP,连转 3 轮未见前头红外,0,0,1
53.401,530.0,705.0,365.0,1019.0,-0.3864,-0.1895,-0.2507,-0.2484,1,0,0,0,1,1,1,0,1,-6.0,SAFE_STOP,连转 3 轮未见前头红外,0,0,1
53.421,529.0,712.0,364.0,1019.0,-0.3728,-0.1895,-0.2591,-0.2589,1,0,0,0,1,1,1,0,1,134.0,SAFE_STOP,连转 3 轮未见前头红外,0,0,1
53.441,531.0,722.0,364.0,1024.0,-0.3701,-0.1874,-0.2618,-0.2589,1,0,0,0,1,1,1,0,1,-9.0,SAFE_STOP,连转 3 轮未见前头红外,0,0,1
53.461,535.0,734.0,364.0,1026.0,-0.3673,-0.1656,-0.2618,-0.2484,1,0,0,0,1,1,1,0,1,-7.0,SAFE_STOP,连转 3 轮未见前头红外,0,0,1
53.481,536.0,734.0,364.0,1027.0,-0.3565,-0.1394,-0.2618,-0.2443,1,0,0,0,1,1,0,0,1,-5.0,SAFE_STOP,连转 3 轮未见前头红外,0,0,1
53.501,537.0,733.0,366.0,1028.0,-0.3537,-0.1394,-0.2618,-0.2422,1,0,0,0,1,1,0,0,1,-5.0,SAFE_STOP,连转 3 轮未见前头红外,0,0,1
53.521,538.0,736.0,368.0,1033.0,-0.351,-0.1394,-0.2563,-0.2401,1,0,0,0,1,1,0,0,1,79.0,SAFE_STOP,连转 3 轮未见前头红外,0,0,1
53.541,536.0,736.0,369.0,1035.0,-0.351,-0.1351,-0.2507,-0.2296,1,0,0,0,1,1,0,0,1,3.0,SAFE_STOP,连转 3 轮未见前头红外,0,0,1
53.561,536.0,733.0,369.0,1033.0,-0.3537,-0.1351,-0.2479,-0.2296,1,0,0,0,1,1,0,0,1,-5.0,SAFE_STOP,连转 3 轮未见前头红外,0,0,1
53.582,537.0,736.0,370.0,1036.0,-0.3537,-0.1351,-0.2479,-0.2255,1,0,0,0,1,1,0,0,1,9.0,SAFE_STOP,连转 3 轮未见前头红外,0,0,1
53.602,536.0,736.0,371.0,1037.0,-0.3537,-0.1351,-0.2451,-0.2234,1,0,0,0,1,1,0,0,1,-5.0,SAFE_STOP,连转 3 轮未见前头红外,0,0,1
53.622,536.0,736.0,370.0,1036.0,-0.3537,-0.1351,-0.2451,-0.2234,1,0,0,0,1,1,0,0,1,-5.0,SAFE_STOP,连转 3 轮未见前头红外,0,0,1
53.642,537.0,737.0,372.0,1039.0,-0.3537,-0.1351,-0.2423,-0.2213,1,0,0,0,1,1,0,0,1,-8.0,SAFE_STOP,连转 3 轮未见前头红外,0,0,1
53.662,537.0,737.0,372.0,1039.0,-0.351,-0.1329,-0.2396,-0.2171,1,0,0,0,1,1,0,0,1,30.0,SAFE_STOP,连转 3 轮未见前头红外,0,0,1
53.682,536.0,736.0,372.0,1038.0,-0.351,-0.1329,-0.2396,-0.2171,1,0,0,0,1,1,0,0,1,9.0,SAFE_STOP,连转 3 轮未见前头红外,0,0,1
53.702,537.0,737.0,373.0,1040.0,-0.351,-0.1329,-0.2396,-0.2171,1,0,0,0,1,1,0,0,1,-5.0,SAFE_STOP,连转 3 轮未见前头红外,0,0,1
53.722,537.0,736.0,373.0,1041.0,-0.351,-0.1351,-0.2368,-0.215,1,0,0,0,1,1,0,0,1,-5.0,SAFE_STOP,连转 3 轮未见前头红外,0,0,1
53.742,537.0,736.0,373.0,1041.0,-0.351,-0.1351,-0.2368,-0.2129,1,0,0,0,1,1,0,0,1,-5.0,SAFE_STOP,连转 3 轮未见前头红外,0,0,1
53.763,535.0,736.0,371.0,1038.0,-0.351,-0.1351,-0.2368,-0.2129,1,0,0,0,1,1,0,0,1,-15.0,SAFE_STOP,连转 3 轮未见前头红外,0,0,1
53.783,537.0,737.0,373.0,1041.0,-0.351,-0.1351,-0.2368,-0.2129,1,0,0,0,1,1,0,0,1,44.0,SAFE_STOP,连转 3 轮未见前头红外,0,0,1
53.803,536.0,738.0,374.0,1041.0,-0.3537,-0.1329,-0.2368,-0.2129,1,0,0,0,1,1,0,0,1,-5.0,SAFE_STOP,连转 3 轮未见前头红外,0,0,1
53.823,535.0,735.0,371.0,1038.0,-0.3537,-0.1329,-0.2368,-0.2129,1,0,0,0,1,1,0,0,1,-8.0,SAFE_STOP,连转 3 轮未见前头红外,0,0,1
53.843,536.0,739.0,373.0,1042.0,-0.3537,-0.1307,-0.2368,-0.2129,1,0,0,0,1,1,0,0,1,-5.0,SAFE_STOP,连转 3 轮未见前头红外,0,0,1
53.863,536.0,737.0,373.0,1041.0,-0.3537,-0.1329,-0.2368,-0.2129,1,0,0,0,1,1,0,0,1,-5.0,SAFE_STOP,连转 3 轮未见前头红外,0,0,1
53.884,535.0,737.0,373.0,1041.0,-0.3537,-0.1329,-0.2368,-0.2129,1,0,0,0,1,1,0,0,1,79.0,SAFE_STOP,连转 3 轮未见前头红外,0,0,1
53.904,536.0,739.0,373.0,1042.0,-0.3537,-0.1329,-0.2368,-0.2129,1,0,0,0,1,1,0,0,1,-6.0,SAFE_STOP,连转 3 轮未见前头红外,0,0,1
53.924,536.0,738.0,373.0,1042.0,-0.3537,-0.1307,-0.2368,-0.2109,1,0,0,0,1,1,0,0,1,-6.0,SAFE_STOP,连转 3 轮未见前头红外,0,0,1
53.944,535.0,738.0,373.0,1042.0,-0.3537,-0.1307,-0.2368,-0.2109,1,0,0,0,1,1,0,0,1,-5.0,SAFE_STOP,连转 3 轮未见前头红外,0,0,1
53.964,536.0,739.0,373.0,1043.0,-0.3537,-0.1307,-0.2368,-0.2109,1,0,0,0,1,1,0,0,1,-4.0,SAFE_STOP,连转 3 轮未见前头红外,0,0,1
53.984,535.0,737.0,373.0,1041.0,-0.3565,-0.1307,-0.2368,-0.2109,1,0,0,0,1,1,0,0,1,-10.0,SAFE_STOP,连转 3 轮未见前头红外,0,0,1
54.004,535.0,737.0,373.0,1041.0,-0.3565,-0.1329,-0.2368,-0.2129,1,0,0,0,1,1,0,0,1,109.0,SAFE_STOP,连转 3 轮未见前头红外,0,0,1
54.024,536.0,739.0,375.0,1043.0,-0.3565,-0.1329,-0.2368,-0.2129,1,0,0,0,1,1,0,0,1,11.0,SAFE_STOP,连转 3 轮未见前头红外,0,0,1
54.044,536.0,738.0,374.0,1041.0,-0.3537,-0.1307,-0.234,-0.2129,1,0,0,0,1,1,0,0,1,-11.0,SAFE_STOP,连转 3 轮未见前头红外,0,0,1
54.065,535.0,738.0,373.0,1040.0,-0.3537,-0.1307,-0.234,-0.2129,1,0,0,0,1,1,0,0,1,-18.0,SAFE_STOP,连转 3 轮未见前头红外,0,0,1
54.085,535.0,738.0,374.0,1042.0,-0.3565,-0.1307,-0.234,-0.2129,1,0,0,0,1,1,0,0,1,-6.0,SAFE_STOP,连转 3 轮未见前头红外,0,0,1
54.105,535.0,737.0,374.0,1041.0,-0.3565,-0.1307,-0.234,-0.2129,1,0,0,0,1,1,0,0,1,2.0,SAFE_STOP,连转 3 轮未见前头红外,0,0,1
54.125,535.0,737.0,374.0,1041.0,-0.3565,-0.1329,-0.234,-0.2129,1,0,0,0,1,1,0,0,1,2.0,SAFE_STOP,连转 3 轮未见前头红外,0,0,1
54.145,534.0,737.0,372.0,1040.0,-0.3565,-0.1329,-0.234,-0.2129,1,0,0,0,1,1,0,0,1,-8.0,SAFE_STOP,连转 3 轮未见前头红外,0,0,1
54.165,535.0,738.0,373.0,1041.0,-0.3565,-0.1329,-0.2368,-0.2129,1,0,0,0,1,1,0,0,1,10.0,SAFE_STOP,连转 3 轮未见前头红外,0,0,1
54.185,535.0,738.0,374.0,1042.0,-0.3565,-0.1307,-0.2368,-0.2129,1,0,0,0,1,1,0,0,1,-5.0,SAFE_STOP,连转 3 轮未见前头红外,0,0,1
54.205,534.0,737.0,373.0,1040.0,-0.3565,-0.1307,-0.2368,-0.2129,1,0,0,0,1,1,0,0,1,-6.0,SAFE_STOP,连转 3 轮未见前头红外,0,0,1
54.226,535.0,739.0,375.0,1043.0,-0.3565,-0.1307,-0.234,-0.2109,1,0,0,0,1,1,0,0,1,-6.0,SAFE_STOP,连转 3 轮未见前头红外,0,0,1
54.246,535.0,738.0,374.0,1043.0,-0.3565,-0.1307,-0.234,-0.2088,1,0,0,0,1,1,0,0,1,3.0,SAFE_STOP,连转 3 轮未见前头红外,0,0,1
54.266,536.0,738.0,374.0,1043.0,-0.3565,-0.1307,-0.234,-0.2088,1,0,0,0,1,1,0,0,1,-5.0,SAFE_STOP,连转 3 轮未见前头红外,0,0,1
54.286,535.0,739.0,374.0,1042.0,-0.3565,-0.1307,-0.234,-0.2088,1,0,0,0,1,1,0,0,1,-4.0,SAFE_STOP,连转 3 轮未见前头红外,0,0,1
54.306,534.0,738.0,373.0,1041.0,-0.3565,-0.1307,-0.234,-0.2109,1,0,0,0,1,1,0,0,1,-6.0,SAFE_STOP,连转 3 轮未见前头红外,0,0,1
54.326,535.0,738.0,373.0,1042.0,-0.3565,-0.1307,-0.2368,-0.2109,1,0,0,0,1,1,0,0,1,-7.0,SAFE_STOP,连转 3 轮未见前头红外,0,0,1
54.346,536.0,739.0,374.0,1043.0,-0.3565,-0.1307,-0.2368,-0.2109,1,0,0,0,1,1,0,0,1,-5.0,SAFE_STOP,连转 3 轮未见前头红外,0,0,1
54.367,536.0,740.0,375.0,1043.0,-0.3537,-0.1285,-0.234,-0.2088,1,0,0,0,1,1,0,0,1,-5.0,SAFE_STOP,连转 3 轮未见前头红外,0,0,1
54.387,535.0,738.0,374.0,1041.0,-0.3537,-0.1285,-0.234,-0.2088,1,0,0,0,1,1,0,0,1,1.0,SAFE_STOP,连转 3 轮未见前头红外,0,0,1
54.407,536.0,738.0,375.0,1042.0,-0.3537,-0.1307,-0.2312,-0.2109,1,0,0,0,1,1,0,0,1,-19.0,SAFE_STOP,连转 3 轮未见前头红外,0,0,1
54.427,534.0,739.0,374.0,1040.0,-0.3565,-0.1307,-0.234,-0.2129,1,0,0,0,1,1,0,0,1,-7.0,SAFE_STOP,连转 3 轮未见前头红外,0,0,1
54.447,535.0,740.0,374.0,1042.0,-0.3565,-0.1285,-0.234,-0.2109,1,0,0,0,1,1,0,0,1,2.0,SAFE_STOP,连转 3 轮未见前头红外,0,0,1
54.468,535.0,738.0,372.0,1042.0,-0.3565,-0.1285,-0.234,-0.2109,1,0,0,0,1,1,0,0,1,-5.0,SAFE_STOP,连转 3 轮未见前头红外,0,0,1
54.489,535.0,738.0,372.0,1042.0,-0.3565,-0.1307,-0.2396,-0.2109,1,0,0,0,1,1,0,0,1,-5.0,SAFE_STOP,连转 3 轮未见前头红外,0,0,1
54.509,535.0,738.0,375.0,1041.0,-0.3565,-0.1307,-0.2396,-0.2109,1,0,0,0,1,1,0,0,1,-8.0,SAFE_STOP,连转 3 轮未见前头红外,0,0,1
54.529,534.0,737.0,374.0,1041.0,-0.3565,-0.1307,-0.234,-0.2129,1,0,0,0,1,1,0,0,1,2.0,SAFE_STOP,连转 3 轮未见前头红外,0,0,1
54.55,535.0,739.0,374.0,1043.0,-0.3565,-0.1307,-0.234,-0.2129,1,0,0,0,1,1,0,0,1,3.0,SAFE_STOP,连转 3 轮未见前头红外,0,0,1
54.57,534.0,738.0,374.0,1040.0,-0.3592,-0.1307,-0.234,-0.2129,1,0,0,0,1,1,0,0,1,-5.0,SAFE_STOP,连转 3 轮未见前头红外,0,0,1
54.59,535.0,738.0,373.0,1041.0,-0.3565,-0.1307,-0.234,-0.2129,1,0,0,0,1,1,0,0,1,-6.0,SAFE_STOP,连转 3 轮未见前头红外,0,0,1
54.61,535.0,739.0,374.0,1041.0,-0.3565,-0.1307,-0.234,-0.2129,1,0,0,0,1,1,0,0,1,-6.0,SAFE_STOP,连转 3 轮未见前头红外,0,0,1
54.63,535.0,739.0,374.0,1042.0,-0.3565,-0.1285,-0.234,-0.2129,1,0,0,0,1,1,0,0,1,-5.0,SAFE_STOP,连转 3 轮未见前头红外,0,0,1
54.65,534.0,738.0,374.0,1041.0,-0.3565,-0.1285,-0.234,-0.2129,1,0,0,0,1,1,0,0,1,9.0,SAFE_STOP,连转 3 轮未见前头红外,0,0,1
54.67,536.0,740.0,375.0,1043.0,-0.3565,-0.1285,-0.234,-0.2109,1,0,0,0,1,1,0,0,1,-4.0,SAFE_STOP,连转 3 轮未见前头红外,0,0,1
54.69,536.0,739.0,375.0,1042.0,-0.3537,-0.1285,-0.2312,-0.2109,1,0,0,0,1,1,0,0,1,-5.0,SAFE_STOP,连转 3 轮未见前头红外,0,0,1
54.711,534.0,738.0,374.0,1040.0,-0.3537,-0.1285,-0.2312,-0.2109,1,0,0,0,1,1,0,0,1,-6.0,SAFE_STOP,连转 3 轮未见前头红外,0,0,1
54.731,535.0,738.0,374.0,1042.0,-0.3565,-0.1307,-0.234,-0.2109,1,0,0,0,1,1,0,0,1,-7.0,SAFE_STOP,连转 3 轮未见前头红外,0,0,1
54.751,534.0,737.0,373.0,1040.0,-0.3592,-0.1307,-0.234,-0.215,1,0,0,0,1,1,0,0,1,-5.0,SAFE_STOP,连转 3 轮未见前头红外,0,0,1
54.771,536.0,739.0,375.0,1043.0,-0.3565,-0.1307,-0.234,-0.2109,1,0,0,0,1,1,0,0,1,-5.0,SAFE_STOP,连转 3 轮未见前头红外,0,0,1
54.791,533.0,736.0,372.0,1040.0,-0.3592,-0.1329,-0.2368,-0.215,1,0,0,0,1,1,0,0,1,127.0,SAFE_STOP,连转 3 轮未见前头红外,0,0,1
54.811,534.0,737.0,373.0,1040.0,-0.3592,-0.1329,-0.2368,-0.215,1,0,0,0,1,1,0,0,1,-7.0,SAFE_STOP,连转 3 轮未见前头红外,0,0,1
54.831,534.0,738.0,373.0,1041.0,-0.3592,-0.1329,-0.2368,-0.215,1,0,0,0,1,1,0,0,1,-3.0,SAFE_STOP,连转 3 轮未见前头红外,0,0,1
54.851,535.0,739.0,374.0,1041.0,-0.3592,-0.1307,-0.2368,-0.2129,1,0,0,0,1,1,0,0,1,18.0,SAFE_STOP,连转 3 轮未见前头红外,0,0,1
54.871,534.0,739.0,374.0,1041.0,-0.3592,-0.1285,-0.234,-0.2129,1,0,0,0,1,1,0,0,1,-6.0,SAFE_STOP,连转 3 轮未见前头红外,0,0,1
54.892,534.0,739.0,374.0,1041.0,-0.3592,-0.1285,-0.234,-0.2129,1,0,0,0,1,1,0,0,1,-6.0,SAFE_STOP,连转 3 轮未见前头红外,0,0,1
54.912,533.0,736.0,372.0,1039.0,-0.3592,-0.1285,-0.234,-0.2129,1,0,0,0,1,1,0,0,1,-2.0,SAFE_STOP,连转 3 轮未见前头红外,0,0,1
54.932,533.0,736.0,372.0,1038.0,-0.3619,-0.1351,-0.2396,-0.2171,1,0,0,0,1,1,0,0,1,-9.0,SAFE_STOP,连转 3 轮未见前头红外,0,0,1
54.952,534.0,736.0,372.0,1040.0,-0.3619,-0.1351,-0.2396,-0.2171,1,0,0,0,1,1,0,0,1,-9.0,SAFE_STOP,连转 3 轮未见前头红外,0,0,1
54.972,532.0,736.0,372.0,1037.0,-0.3619,-0.1351,-0.2396,-0.2192,1,0,0,0,1,1,0,0,1,-8.0,SAFE_STOP,连转 3 轮未见前头红外,0,0,1
54.992,532.0,736.0,373.0,1040.0,-0.3646,-0.1351,-0.2396,-0.215,1,0,0,0,1,1,0,0,1,-8.0,SAFE_STOP,连转 3 轮未见前头红外,0,0,1
55.012,532.0,736.0,372.0,1038.0,-0.3646,-0.1351,-0.2396,-0.2192,1,0,0,0,1,1,0,0,1,-8.0,SAFE_STOP,连转 3 轮未见前头红外,0,0,1
55.032,533.0,735.0,372.0,1039.0,-0.3646,-0.1351,-0.2396,-0.2171,1,0,0,0,1,1,0,0,1,-7.0,SAFE_STOP,连转 3 轮未见前头红外,0,0,1
55.052,533.0,736.0,373.0,1040.0,-0.3619,-0.1351,-0.2396,-0.2171,1,0,0,0,1,1,0,0,1,-8.0,SAFE_STOP,连转 3 轮未见前头红外,0,0,1
55.073,534.0,737.0,373.0,1040.0,-0.3619,-0.1351,-0.2368,-0.215,1,0,0,0,1,1,0,0,1,-6.0,SAFE_STOP,连转 3 轮未见前头红外,0,0,1
55.093,533.0,736.0,372.0,1038.0,-0.3619,-0.1351,-0.2368,-0.215,1,0,0,0,1,1,0,0,1,8.0,SAFE_STOP,连转 3 轮未见前头红外,0,0,1
55.113,532.0,736.0,373.0,1037.0,-0.3619,-0.1351,-0.2368,-0.2192,1,0,0,0,1,1,0,0,1,-8.0,SAFE_STOP,连转 3 轮未见前头红外,0,0,1
55.133,534.0,737.0,375.0,1040.0,-0.3619,-0.1351,-0.2368,-0.2192,1,0,0,0,1,1,0,0,1,-6.0,SAFE_STOP,连转 3 轮未见前头红外,0,0,1
55.153,533.0,735.0,375.0,1038.0,-0.3619,-0.1351,-0.2312,-0.2192,1,0,0,0,1,1,0,0,1,-10.0,SAFE_STOP,连转 3 轮未见前头红外,0,0,1
55.173,534.0,735.0,376.0,1039.0,-0.3592,-0.1373,-0.2312,-0.2171,1,0,0,0,1,1,0,0,1,0.0,SAFE_STOP,连转 3 轮未见前头红外,0,0,1
55.193,533.0,735.0,376.0,1038.0,-0.3619,-0.1373,-0.2284,-0.2192,1,0,0,0,1,1,0,0,1,-6.0,SAFE_STOP,连转 3 轮未见前头红外,0,0,1
55.213,534.0,736.0,377.0,1038.0,-0.3592,-0.1373,-0.2284,-0.2192,1,0,0,0,1,1,0,0,1,-6.0,SAFE_STOP,连转 3 轮未见前头红外,0,0,1
55.233,534.0,735.0,377.0,1039.0,-0.3592,-0.1373,-0.2256,-0.2192,1,0,0,0,1,1,0,0,1,-7.0,SAFE_STOP,连转 3 轮未见前头红外,0,0,1
55.254,534.0,734.0,376.0,1036.0,-0.3592,-0.1373,-0.2256,-0.2192,1,0,0,0,1,1,0,0,1,28.0,SAFE_STOP,连转 3 轮未见前头红外,0,0,1
55.274,533.0,734.0,377.0,1037.0,-0.3592,-0.1394,-0.2256,-0.2213,1,0,0,0,1,1,0,0,1,42.0,SAFE_STOP,连转 3 轮未见前头红外,0,0,1
55.294,533.0,734.0,377.0,1037.0,-0.3619,-0.1394,-0.2256,-0.2213,1,0,0,0,1,1,0,0,1,42.0,SAFE_STOP,连转 3 轮未见前头红外,0,0,1
55.314,535.0,736.0,379.0,1041.0,-0.3619,-0.1394,-0.2256,-0.2213,1,0,0,0,1,1,0,0,1,-6.0,SAFE_STOP,连转 3 轮未见前头红外,0,0,1
55.334,534.0,736.0,378.0,1040.0,-0.3592,-0.1351,-0.2228,-0.215,1,0,0,0,1,1,0,0,1,-6.0,SAFE_STOP,连转 3 轮未见前头红外,0,0,1
55.354,533.0,735.0,377.0,1037.0,-0.3592,-0.1351,-0.2228,-0.215,1,0,0,0,1,1,0,0,1,-2.0,SAFE_STOP,连转 3 轮未见前头红外,0,0,1
55.374,536.0,737.0,379.0,1041.0,-0.3592,-0.1351,-0.2228,-0.215,1,0,0,0,1,1,0,0,1,-5.0,SAFE_STOP,连转 3 轮未见前头红外,0,0,1
55.394,536.0,739.0,379.0,1042.0,-0.3537,-0.1329,-0.2201,-0.2129,1,0,0,0,1,1,0,0,1,129.0,SAFE_STOP,连转 3 轮未见前头红外,0,0,1
55.414,536.0,737.0,379.0,1042.0,-0.3537,-0.1329,-0.2201,-0.2109,1,0,0,0,1,1,0,0,1,-5.0,SAFE_STOP,连转 3 轮未见前头红外,0,0,1
55.435,535.0,735.0,378.0,1040.0,-0.3537,-0.1329,-0.2201,-0.2109,1,0,0,0,1,1,0,0,1,-5.0,SAFE_STOP,连转 3 轮未见前头红外,0,0,1
55.455,535.0,735.0,378.0,1040.0,-0.3565,-0.1373,-0.2228,-0.215,1,0,0,0,1,1,0,0,1,-8.0,SAFE_STOP,连转 3 轮未见前头红外,0,0,1
55.475,536.0,736.0,379.0,1042.0,-0.3565,-0.1373,-0.2228,-0.215,1,0,0,0,1,1,0,0,1,-6.0,SAFE_STOP,连转 3 轮未见前头红外,0,0,1
55.495,536.0,736.0,378.0,1042.0,-0.3537,-0.1351,-0.2228,-0.2109,1,0,0,0,1,1,0,0,1,-1.0,SAFE_STOP,连转 3 轮未见前头红外,0,0,1
55.515,534.0,736.0,379.0,1042.0,-0.3537,-0.1351,-0.2201,-0.2109,1,0,0,0,1,1,0,0,1,18.0,SAFE_STOP,连转 3 轮未见前头红外,0,0,1
55.535,536.0,738.0,379.0,1043.0,-0.3537,-0.1351,-0.2201,-0.2109,1,0,0,0,1,1,0,0,1,-6.0,SAFE_STOP,连转 3 轮未见前头红外,0,0,1
55.555,535.0,737.0,380.0,1043.0,-0.3565,-0.1329,-0.2201,-0.2088,1,0,0,0,1,1,0,0,1,-6.0,SAFE_STOP,连转 3 轮未见前头红外,0,0,1
55.575,536.0,738.0,378.0,1043.0,-0.3537,-0.1307,-0.2201,-0.2088,1,0,0,0,1,1,0,0,1,-5.0,SAFE_STOP,连转 3 轮未见前头红外,0,0,1
55.595,537.0,738.0,380.0,1045.0,-0.3537,-0.1307,-0.2173,-0.2088,1,0,0,0,1,1,0,0,1,-6.0,SAFE_STOP,连转 3 轮未见前头红外,0,0,1
55.615,537.0,738.0,380.0,1044.0,-0.351,-0.1307,-0.2173,-0.2067,1,0,0,0,1,1,0,0,1,96.0,SAFE_STOP,连转 3 轮未见前头红外,0,0,1
55.635,535.0,736.0,379.0,1042.0,-0.351,-0.1307,-0.2173,-0.2067,1,0,0,0,1,1,0,0,1,-6.0,SAFE_STOP,连转 3 轮未见前头红外,0,0,1
55.656,537.0,738.0,380.0,1044.0,-0.351,-0.1307,-0.2173,-0.2067,1,0,0,0,1,1,0,0,1,-5.0,SAFE_STOP,连转 3 轮未见前头红外,0,0,1
55.676,537.0,737.0,380.0,1044.0,-0.351,-0.1329,-0.2173,-0.2067,1,0,0,0,1,1,0,0,1,-4.0,SAFE_STOP,连转 3 轮未见前头红外,0,0,1
55.696,535.0,736.0,378.0,1042.0,-0.351,-0.1329,-0.2173,-0.2067,1,0,0,0,1,1,0,0,1,-7.0,SAFE_STOP,连转 3 轮未见前头红外,0,0,1
55.716,537.0,738.0,380.0,1045.0,-0.351,-0.1329,-0.2173,-0.2067,1,0,0,0,1,1,0,0,1,-5.0,SAFE_STOP,连转 3 轮未见前头红外,0,0,1
55.736,536.0,737.0,380.0,1044.0,-0.3537,-0.1329,-0.2173,-0.2067,1,0,0,0,1,1,0,0,1,26.0,SAFE_STOP,连转 3 轮未见前头红外,0,0,1
55.756,536.0,737.0,378.0,1043.0,-0.3537,-0.1329,-0.2173,-0.2067,1,0,0,0,1,1,0,0,1,-5.0,SAFE_STOP,连转 3 轮未见前头红外,0,0,1
55.777,537.0,737.0,379.0,1044.0,-0.3537,-0.1329,-0.2201,-0.2067,1,0,0,0,1,1,0,0,1,-13.0,SAFE_STOP,连转 3 轮未见前头红外,0,0,1
55.798,535.0,737.0,380.0,1044.0,-0.3537,-0.1329,-0.2201,-0.2067,1,0,0,0,1,1,0,0,1,-5.0,SAFE_STOP,连转 3 轮未见前头红外,0,0,1
55.819,536.0,738.0,380.0,1045.0,-0.3537,-0.1329,-0.2173,-0.2067,1,0,0,0,1,1,0,0,1,-5.0,SAFE_STOP,连转 3 轮未见前头红外,0,0,1
55.839,536.0,738.0,380.0,1045.0,-0.3537,-0.1307,-0.2173,-0.2046,1,0,0,0,1,1,0,0,1,-5.0,SAFE_STOP,连转 3 轮未见前头红外,0,0,1
55.859,536.0,737.0,380.0,1043.0,-0.3537,-0.1307,-0.2173,-0.2046,1,0,0,0,1,1,0,0,1,11.0,SAFE_STOP,连转 3 轮未见前头红外,0,0,1
55.879,537.0,737.0,380.0,1044.0,-0.3537,-0.1329,-0.2173,-0.2067,1,0,0,0,1,1,0,0,1,14.0,SAFE_STOP,连转 3 轮未见前头红外,0,0,1
55.9,536.0,737.0,380.0,1044.0,-0.3537,-0.1329,-0.2173,-0.2067,1,0,0,0,1,1,0,0,1,-5.0,SAFE_STOP,连转 3 轮未见前头红外,0,0,1
55.92,536.0,737.0,380.0,1044.0,-0.3537,-0.1329,-0.2173,-0.2067,1,0,0,0,1,1,0,0,1,-4.0,SAFE_STOP,连转 3 轮未见前头红外,0,0,1
55.94,537.0,737.0,380.0,1044.0,-0.3537,-0.1329,-0.2173,-0.2067,1,0,0,0,1,1,0,0,1,-5.0,SAFE_STOP,连转 3 轮未见前头红外,0,0,1
55.96,537.0,736.0,379.0,1043.0,-0.351,-0.1329,-0.2173,-0.2067,1,0,0,0,1,1,0,0,1,-4.0,SAFE_STOP,连转 3 轮未见前头红外,0,0,1
55.98,537.0,737.0,379.0,1042.0,-0.351,-0.1329,-0.2201,-0.2088,1,0,0,0,1,1,0,0,1,-5.0,SAFE_STOP,连转 3 轮未见前头红外,0,0,1
56.0,537.0,737.0,380.0,1043.0,-0.351,-0.1329,-0.2201,-0.2088,1,0,0,0,1,1,0,0,1,-6.0,SAFE_STOP,连转 3 轮未见前头红外,0,0,1
56.02,536.0,737.0,380.0,1043.0,-0.351,-0.1329,-0.2173,-0.2088,1,0,0,0,1,1,0,0,1,-6.0,SAFE_STOP,连转 3 轮未见前头红外,0,0,1
56.04,536.0,736.0,380.0,1043.0,-0.3537,-0.1329,-0.2173,-0.2088,1,0,0,0,1,1,0,0,1,-6.0,SAFE_STOP,连转 3 轮未见前头红外,0,0,1
56.061,536.0,737.0,379.0,1042.0,-0.3537,-0.1329,-0.2173,-0.2088,1,0,0,0,1,1,0,0,1,-7.0,SAFE_STOP,连转 3 轮未见前头红外,0,0,1
56.081,537.0,737.0,380.0,1044.0,-0.3537,-0.1329,-0.2173,-0.2088,1,0,0,0,1,1,0,0,1,-6.0,SAFE_STOP,连转 3 轮未见前头红外,0,0,1
56.101,537.0,737.0,379.0,1043.0,-0.351,-0.1329,-0.2201,-0.2088,1,0,0,0,1,1,0,0,1,30.0,SAFE_STOP,连转 3 轮未见前头红外,0,0,1
56.121,537.0,737.0,381.0,1044.0,-0.351,-0.1329,-0.2173,-0.2067,1,0,0,0,1,1,0,0,1,-7.0,SAFE_STOP,连转 3 轮未见前头红外,0,0,1
56.141,536.0,737.0,379.0,1043.0,-0.351,-0.1329,-0.2201,-0.2088,1,0,0,0,1,1,0,0,1,-3.0,SAFE_STOP,连转 3 轮未见前头红外,0,0,1
56.161,537.0,736.0,380.0,1044.0,-0.351,-0.1329,-0.2173,-0.2067,1,0,0,0,1,1,0,0,1,-6.0,SAFE_STOP,连转 3 轮未见前头红外,0,0,1
56.181,538.0,738.0,380.0,1044.0,-0.351,-0.1329,-0.2173,-0.2067,1,0,0,0,1,1,0,0,1,-4.0,SAFE_STOP,连转 3 轮未见前头红外,0,0,1
56.201,537.0,737.0,380.0,1044.0,-0.351,-0.1329,-0.2173,-0.2067,1,0,0,0,1,1,0,0,1,5.0,SAFE_STOP,连转 3 轮未见前头红外,0,0,1
56.221,537.0,737.0,380.0,1044.0,-0.351,-0.1329,-0.2173,-0.2067,1,0,0,0,1,1,0,0,1,5.0,SAFE_STOP,连转 3 轮未见前头红外,0,0,1
56.242,536.0,736.0,379.0,1042.0,-0.351,-0.1329,-0.2173,-0.2067,1,0,0,0,1,1,0,0,1,-6.0,SAFE_STOP,连转 3 轮未见前头红外,0,0,1
56.262,537.0,737.0,379.0,1044.0,-0.351,-0.1329,-0.2201,-0.2067,1,0,0,0,1,1,0,0,1,-6.0,SAFE_STOP,连转 3 轮未见前头红外,0,0,1
56.282,537.0,736.0,379.0,1044.0,-0.351,-0.1351,-0.2201,-0.2067,1,0,0,0,1,1,0,0,1,-5.0,SAFE_STOP,连转 3 轮未见前头红外,0,0,1
56.302,536.0,737.0,379.0,1043.0,-0.351,-0.1329,-0.2201,-0.2067,1,0,0,0,1,1,0,0,1,-3.0,SAFE_STOP,连转 3 轮未见前头红外,0,0,1
56.322,537.0,737.0,379.0,1044.0,-0.351,-0.1329,-0.2201,-0.2067,1,0,0,0,1,1,0,0,1,-5.0,SAFE_STOP,连转 3 轮未见前头红外,0,0,1
56.342,537.0,737.0,380.0,1044.0,-0.351,-0.1329,-0.2201,-0.2067,1,0,0,0,1,1,0,0,1,161.0,SAFE_STOP,连转 3 轮未见前头红外,0,0,1
56.362,537.0,738.0,379.0,1043.0,-0.351,-0.1329,-0.2201,-0.2067,1,0,0,0,1,1,0,0,1,28.0,SAFE_STOP,连转 3 轮未见前头红外,0,0,1
56.382,537.0,736.0,379.0,1043.0,-0.351,-0.1329,-0.2201,-0.2088,1,0,0,0,1,1,0,0,1,-6.0,SAFE_STOP,连转 3 轮未见前头红外,0,0,1
56.402,537.0,737.0,379.0,1044.0,-0.351,-0.1329,-0.2201,-0.2088,1,0,0,0,1,1,0,0,1,-6.0,SAFE_STOP,连转 3 轮未见前头红外,0,0,1
56.423,537.0,737.0,380.0,1043.0,-0.351,-0.1329,-0.2201,-0.2088,1,0,0,0,1,1,0,0,1,-7.0,SAFE_STOP,连转 3 轮未见前头红外,0,0,1
56.443,538.0,737.0,380.0,1044.0,-0.351,-0.1329,-0.2173,-0.2067,1,0,0,0,1,1,0,0,1,-4.0,SAFE_STOP,连转 3 轮未见前头红外,0,0,1
56.463,537.0,736.0,379.0,1043.0,-0.351,-0.1329,-0.2173,-0.2088,1,0,0,0,1,1,0,0,1,4.0,SAFE_STOP,连转 3 轮未见前头红外,0,0,1
56.483,537.0,736.0,379.0,1043.0,-0.351,-0.1351,-0.2201,-0.2088,1,0,0,0,1,1,0,0,1,-5.0,SAFE_STOP,连转 3 轮未见前头红外,0,0,1
56.504,537.0,737.0,379.0,1043.0,-0.351,-0.1351,-0.2201,-0.2088,1,0,0,0,1,1,0,0,1,-5.0,SAFE_STOP,连转 3 轮未见前头红外,0,0,1
56.524,538.0,737.0,380.0,1044.0,-0.351,-0.1329,-0.2201,-0.2088,1,0,0,0,1,1,0,0,1,-6.0,SAFE_STOP,连转 3 轮未见前头红外,0,0,1
56.544,537.0,737.0,379.0,1044.0,-0.351,-0.1329,-0.2201,-0.2067,1,0,0,0,1,1,0,0,1,145.0,SAFE_STOP,连转 3 轮未见前头红外,0,0,1
56.564,537.0,736.0,379.0,1043.0,-0.351,-0.1329,-0.2201,-0.2067,1,0,0,0,1,1,0,0,1,96.0,SAFE_STOP,连转 3 轮未见前头红外,0,0,1
56.584,537.0,736.0,380.0,1044.0,-0.351,-0.1351,-0.2201,-0.2067,1,0,0,0,1,1,0,0,1,-6.0,SAFE_STOP,连转 3 轮未见前头红外,0,0,1
56.605,537.0,736.0,379.0,1042.0,-0.351,-0.1351,-0.2201,-0.2088,1,0,0,0,1,1,0,0,1,-5.0,SAFE_STOP,连转 3 轮未见前头红外,0,0,1
56.625,537.0,736.0,379.0,1042.0,-0.351,-0.1351,-0.2201,-0.2109,1,0,0,0,1,1,0,0,1,-5.0,SAFE_STOP,连转 3 轮未见前头红外,0,0,1
56.645,537.0,737.0,379.0,1043.0,-0.351,-0.1351,-0.2201,-0.2109,1,0,0,0,1,1,0,0,1,-5.0,SAFE_STOP,连转 3 轮未见前头红外,0,0,1
56.665,537.0,736.0,379.0,1043.0,-0.351,-0.1351,-0.2201,-0.2088,1,0,0,0,1,1,0,0,1,0.0,SAFE_STOP,连转 3 轮未见前头红外,0,0,1
56.685,537.0,736.0,379.0,1042.0,-0.351,-0.1351,-0.2201,-0.2088,1,0,0,0,1,1,0,0,1,128.0,SAFE_STOP,连转 3 轮未见前头红外,0,0,1
56.706,538.0,737.0,380.0,1044.0,-0.351,-0.1351,-0.2201,-0.2088,1,0,0,0,1,1,0,0,1,-6.0,SAFE_STOP,连转 3 轮未见前头红外,0,0,1
56.726,538.0,738.0,380.0,1043.0,-0.3483,-0.1329,-0.2173,-0.2088,1,0,0,0,1,1,0,0,1,-4.0,SAFE_STOP,连转 3 轮未见前头红外,0,0,1
56.746,537.0,736.0,379.0,1041.0,-0.3483,-0.1329,-0.2173,-0.2088,1,0,0,0,1,1,0,0,1,-6.0,SAFE_STOP,连转 3 轮未见前头红外,0,0,1
56.766,539.0,736.0,380.0,1043.0,-0.3483,-0.1351,-0.2173,-0.2088,1,0,0,0,1,1,0,0,1,-5.0,SAFE_STOP,连转 3 轮未见前头红外,0,0,1
56.786,539.0,737.0,380.0,1043.0,-0.3456,-0.1351,-0.2173,-0.2088,1,0,0,0,1,1,0,0,1,-4.0,SAFE_STOP,连转 3 轮未见前头红外,0,0,1
56.806,538.0,737.0,379.0,1042.0,-0.3456,-0.1329,-0.2173,-0.2088,1,0,0,0,1,1,0,0,1,5.0,SAFE_STOP,连转 3 轮未见前头红外,0,0,1
56.826,538.0,737.0,379.0,1043.0,-0.3483,-0.1329,-0.2201,-0.2088,1,0,0,0,1,1,0,0,1,95.0,SAFE_STOP,连转 3 轮未见前头红外,0,0,1
56.847,538.0,737.0,380.0,1042.0,-0.3483,-0.1329,-0.2201,-0.2109,1,0,0,0,1,1,0,0,1,-6.0,SAFE_STOP,连转 3 轮未见前头红外,0,0,1
56.867,537.0,736.0,378.0,1041.0,-0.3483,-0.1329,-0.2201,-0.2109,1,0,0,0,1,1,0,0,1,-6.0,SAFE_STOP,连转 3 轮未见前头红外,0,0,1
56.887,538.0,738.0,379.0,1043.0,-0.3483,-0.1329,-0.2201,-0.2109,1,0,0,0,1,1,0,0,1,-6.0,SAFE_STOP,连转 3 轮未见前头红外,0,0,1
56.907,538.0,737.0,380.0,1043.0,-0.3483,-0.1329,-0.2201,-0.2088,1,0,0,0,1,1,0,0,1,-3.0,SAFE_STOP,连转 3 轮未见前头红外,0,0,1
56.927,539.0,737.0,379.0,1043.0,-0.3483,-0.1329,-0.2201,-0.2088,1,0,0,0,1,1,0,0,1,63.0,SAFE_STOP,连转 3 轮未见前头红外,0,0,1
56.947,539.0,738.0,380.0,1043.0,-0.3456,-0.1329,-0.2173,-0.2088,1,0,0,0,1,1,0,0,1,11.0,SAFE_STOP,连转 3 轮未见前头红外,0,0,1
56.967,539.0,736.0,379.0,1042.0,-0.3456,-0.1329,-0.2201,-0.2088,1,0,0,0,1,1,0,0,1,-6.0,SAFE_STOP,连转 3 轮未见前头红外,0,0,1
56.988,538.0,736.0,379.0,1041.0,-0.3456,-0.1351,-0.2201,-0.2109,1,0,0,0,1,1,0,0,1,-6.0,SAFE_STOP,连转 3 轮未见前头红外,0,0,1
57.008,538.0,736.0,379.0,1041.0,-0.3483,-0.1351,-0.2201,-0.2129,1,0,0,0,1,1,0,0,1,-6.0,SAFE_STOP,连转 3 轮未见前头红外,0,0,1
57.028,539.0,737.0,380.0,1042.0,-0.3483,-0.1351,-0.2201,-0.2129,1,0,0,0,1,1,0,0,1,1.0,SAFE_STOP,连转 3 轮未见前头红外,0,0,1
57.049,538.0,736.0,380.0,1043.0,-0.3483,-0.1351,-0.2173,-0.2109,1,0,0,0,1,1,0,0,1,3.0,SAFE_STOP,连转 3 轮未见前头红外,0,0,1
57.069,538.0,736.0,379.0,1041.0,-0.3483,-0.1351,-0.2173,-0.2109,1,0,0,0,1,1,0,0,1,-6.0,SAFE_STOP,连转 3 轮未见前头红外,0,0,1
57.089,538.0,736.0,379.0,1043.0,-0.3483,-0.1351,-0.2201,-0.2088,1,0,0,0,1,1,0,0,1,2.0,SAFE_STOP,连转 3 轮未见前头红外,0,0,1
57.109,538.0,736.0,378.0,1041.0,-0.3483,-0.1351,-0.2201,-0.2129,1,0,0,0,1,1,0,0,1,-5.0,SAFE_STOP,连转 3 轮未见前头红外,0,0,1
57.129,539.0,736.0,379.0,1042.0,-0.3483,-0.1351,-0.2201,-0.2109,1,0,0,0,1,1,0,0,1,-4.0,SAFE_STOP,连转 3 轮未见前头红外,0,0,1
57.149,539.0,737.0,380.0,1043.0,-0.3456,-0.1351,-0.2201,-0.2109,1,0,0,0,1,1,0,0,1,11.0,SAFE_STOP,连转 3 轮未见前头红外,0,0,1
57.17,538.0,736.0,379.0,1042.0,-0.3456,-0.1351,-0.2201,-0.2109,1,0,0,0,1,1,0,0,1,-2.0,SAFE_STOP,连转 3 轮未见前头红外,0,0,1
57.19,538.0,736.0,379.0,1042.0,-0.3483,-0.1351,-0.2201,-0.2109,1,0,0,0,1,1,0,0,1,-7.0,SAFE_STOP,连转 3 轮未见前头红外,0,0,1
57.21,538.0,736.0,379.0,1042.0,-0.3483,-0.1351,-0.2201,-0.2109,1,0,0,0,1,1,0,0,1,-5.0,SAFE_STOP,连转 3 轮未见前头红外,0,0,1
57.23,538.0,736.0,378.0,1040.0,-0.3483,-0.1351,-0.2201,-0.2109,1,0,0,0,1,1,0,0,1,-12.0,SAFE_STOP,连转 3 轮未见前头红外,0,0,1
57.25,538.0,734.0,378.0,1040.0,-0.3483,-0.1351,-0.2228,-0.215,1,0,0,0,1,1,0,0,1,-6.0,SAFE_STOP,连转 3 轮未见前头红外,0,0,1
57.27,538.0,737.0,379.0,1042.0,-0.3483,-0.1351,-0.2228,-0.215,1,0,0,0,1,1,0,0,1,-5.0,SAFE_STOP,连转 3 轮未见前头红外,0,0,1
57.29,539.0,736.0,380.0,1042.0,-0.3483,-0.1351,-0.2201,-0.2109,1,0,0,0,1,1,0,0,1,-4.0,SAFE_STOP,连转 3 轮未见前头红外,0,0,1
57.31,539.0,736.0,379.0,1042.0,-0.3456,-0.1351,-0.2201,-0.2109,1,0,0,0,1,1,0,0,1,-2.0,SAFE_STOP,连转 3 轮未见前头红外,0,0,1
57.33,539.0,737.0,379.0,1043.0,-0.3456,-0.1351,-0.2201,-0.2109,1,0,0,0,1,1,0,0,1,-4.0,SAFE_STOP,连转 3 轮未见前头红外,0,0,1
57.351,539.0,736.0,380.0,1042.0,-0.3456,-0.1351,-0.2201,-0.2109,1,0,0,0,1,1,0,0,1,-6.0,SAFE_STOP,连转 3 轮未见前头红外,0,0,1
57.371,539.0,737.0,379.0,1042.0,-0.3456,-0.1329,-0.2201,-0.2109,1,0,0,0,1,1,0,0,1,-4.0,SAFE_STOP,连转 3 轮未见前头红外,0,0,1
57.391,539.0,734.0,379.0,1043.0,-0.3456,-0.1351,-0.2201,-0.2109,1,0,0,0,1,1,0,0,1,-5.0,SAFE_STOP,连转 3 轮未见前头红外,0,0,1
57.411,539.0,735.0,379.0,1041.0,-0.3456,-0.1373,-0.2201,-0.2109,1,0,0,0,1,1,0,0,1,11.0,SAFE_STOP,连转 3 轮未见前头红外,0,0,1
57.431,539.0,735.0,379.0,1041.0,-0.3456,-0.1373,-0.2201,-0.2129,1,0,0,0,1,1,0,0,1,11.0,SAFE_STOP,连转 3 轮未见前头红外,0,0,1
57.451,539.0,736.0,379.0,1042.0,-0.3456,-0.1373,-0.2201,-0.2129,1,0,0,0,1,1,0,0,1,1.0,SAFE_STOP,连转 3 轮未见前头红外,0,0,1
57.471,539.0,736.0,379.0,1043.0,-0.3456,-0.1351,-0.2201,-0.2109,1,0,0,0,1,1,0,0,1,-5.0,SAFE_STOP,连转 3 轮未见前头红外,0,0,1
57.492,539.0,736.0,379.0,1043.0,-0.3456,-0.1351,-0.2201,-0.2088,1,0,0,0,1,1,0,0,1,-5.0,SAFE_STOP,连转 3 轮未见前头红外,0,0,1
57.512,538.0,735.0,378.0,1042.0,-0.3456,-0.1351,-0.2201,-0.2088,1,0,0,0,1,1,0,0,1,-5.0,SAFE_STOP,连转 3 轮未见前头红外,0,0,1
57.532,539.0,736.0,379.0,1042.0,-0.3456,-0.1351,-0.2201,-0.2109,1,0,0,0,1,1,0,0,1,-5.0,SAFE_STOP,连转 3 轮未见前头红外,0,0,1
57.552,539.0,736.0,379.0,1042.0,-0.3456,-0.1351,-0.2201,-0.2109,1,0,0,0,1,1,0,0,1,46.0,SAFE_STOP,连转 3 轮未见前头红外,0,0,1
57.572,539.0,734.0,378.0,1041.0,-0.3456,-0.1351,-0.2201,-0.2109,1,0,0,0,1,1,0,0,1,-19.0,SAFE_STOP,连转 3 轮未见前头红外,0,0,1
57.592,538.0,736.0,379.0,1043.0,-0.3456,-0.1351,-0.2201,-0.2109,1,0,0,0,1,1,0,0,1,-5.0,SAFE_STOP,连转 3 轮未见前头红外,0,0,1
57.612,539.0,736.0,379.0,1042.0,-0.3456,-0.1351,-0.2201,-0.2109,1,0,0,0,1,1,0,0,1,-6.0,SAFE_STOP,连转 3 轮未见前头红外,0,0,1
57.633,539.0,735.0,378.0,1041.0,-0.3456,-0.1351,-0.2201,-0.2109,1,0,0,0,1,1,0,0,1,4.0,SAFE_STOP,连转 3 轮未见前头红外,0,0,1
57.653,539.0,736.0,379.0,1042.0,-0.3456,-0.1351,-0.2201,-0.2109,1,0,0,0,1,1,0,0,1,-4.0,SAFE_STOP,连转 3 轮未见前头红外,0,0,1
57.673,539.0,736.0,379.0,1042.0,-0.3456,-0.1351,-0.2201,-0.2109,1,0,0,0,1,1,0,0,1,-5.0,SAFE_STOP,连转 3 轮未见前头红外,0,0,1
57.693,538.0,735.0,378.0,1040.0,-0.3456,-0.1351,-0.2201,-0.2109,1,0,0,0,1,1,0,0,1,-6.0,SAFE_STOP,连转 3 轮未见前头红外,0,0,1
57.713,538.0,736.0,379.0,1043.0,-0.3483,-0.1351,-0.2201,-0.2109,1,0,0,0,1,1,0,0,1,-6.0,SAFE_STOP,连转 3 轮未见前头红外,0,0,1
57.733,539.0,736.0,379.0,1043.0,-0.3483,-0.1351,-0.2201,-0.2088,1,0,0,0,1,1,0,0,1,-4.0,SAFE_STOP,连转 3 轮未见前头红外,0,0,1
57.753,540.0,736.0,379.0,1042.0,-0.3456,-0.1351,-0.2201,-0.2088,1,0,0,0,1,1,0,0,1,-4.0,SAFE_STOP,连转 3 轮未见前头红外,0,0,1
57.773,539.0,735.0,379.0,1042.0,-0.3456,-0.1351,-0.2201,-0.2109,1,0,0,0,1,1,0,0,1,-3.0,SAFE_STOP,连转 3 轮未见前头红外,0,0,1
57.793,539.0,736.0,379.0,1043.0,-0.3456,-0.1351,-0.2201,-0.2109,1,0,0,0,1,1,0,0,1,20.0,SAFE_STOP,连转 3 轮未见前头红外,0,0,1
57.814,539.0,736.0,378.0,1042.0,-0.3456,-0.1351,-0.2201,-0.2109,1,0,0,0,1,1,0,0,1,-5.0,SAFE_STOP,连转 3 轮未见前头红外,0,0,1
57.834,539.0,736.0,378.0,1042.0,-0.3456,-0.1351,-0.2228,-0.2109,1,0,0,0,1,1,0,0,1,-5.0,SAFE_STOP,连转 3 轮未见前头红外,0,0,1
57.854,538.0,736.0,378.0,1042.0,-0.3456,-0.1351,-0.2228,-0.2109,1,0,0,0,1,1,0,0,1,-3.0,SAFE_STOP,连转 3 轮未见前头红外,0,0,1
57.874,539.0,735.0,378.0,1042.0,-0.3456,-0.1351,-0.2228,-0.2109,1,0,0,0,1,1,0,0,1,-6.0,SAFE_STOP,连转 3 轮未见前头红外,0,0,1
57.894,538.0,736.0,379.0,1041.0,-0.3483,-0.1351,-0.2228,-0.2109,1,0,0,0,1,1,0,0,1,30.0,SAFE_STOP,连转 3 轮未见前头红外,0,0,1
57.914,540.0,736.0,379.0,1042.0,-0.3456,-0.1351,-0.2201,-0.2109,1,0,0,0,1,1,0,0,1,30.0,SAFE_STOP,连转 3 轮未见前头红外,0,0,1
57.934,538.0,736.0,378.0,1042.0,-0.3483,-0.1351,-0.2201,-0.2109,1,0,0,0,1,1,0,0,1,-5.0,SAFE_STOP,连转 3 轮未见前头红外,0,0,1
57.955,538.0,735.0,378.0,1040.0,-0.3483,-0.1351,-0.2228,-0.2109,1,0,0,0,1,1,0,0,1,-2.0,SAFE_STOP,连转 3 轮未见前头红外,0,0,1
57.975,540.0,736.0,379.0,1043.0,-0.3483,-0.1351,-0.2228,-0.2109,1,0,0,0,1,1,0,0,1,-5.0,SAFE_STOP,连转 3 轮未见前头红外,0,0,1
57.995,539.0,736.0,378.0,1041.0,-0.3456,-0.1351,-0.2228,-0.2129,1,0,0,0,1,1,0,0,1,-2.0,SAFE_STOP,连转 3 轮未见前头红外,0,0,1
58.015,539.0,734.0,377.0,1041.0,-0.3456,-0.1351,-0.2228,-0.2129,1,0,0,0,1,1,0,0,1,-6.0,SAFE_STOP,连转 3 轮未见前头红外,0,0,1
58.035,539.0,735.0,378.0,1040.0,-0.3456,-0.1373,-0.2228,-0.2129,1,0,0,0,1,1,0,0,1,-9.0,SAFE_STOP,连转 3 轮未见前头红外,0,0,1
58.055,538.0,735.0,378.0,1041.0,-0.3456,-0.1373,-0.2228,-0.2129,1,0,0,0,1,1,0,0,1,-5.0,SAFE_STOP,连转 3 轮未见前头红外,0,0,1
58.075,537.0,734.0,377.0,1038.0,-0.3483,-0.1373,-0.2228,-0.215,1,0,0,0,1,1,0,0,1,-8.0,SAFE_STOP,连转 3 轮未见前头红外,0,0,1
58.095,539.0,736.0,378.0,1042.0,-0.3483,-0.1373,-0.2228,-0.2129,1,0,0,0,1,1,0,0,1,-6.0,SAFE_STOP,连转 3 轮未见前头红外,0,0,1
58.115,540.0,736.0,379.0,1043.0,-0.3456,-0.1351,-0.2228,-0.2109,1,0,0,0,1,1,0,0,1,-4.0,SAFE_STOP,连转 3 轮未见前头红外,0,0,1
58.136,539.0,736.0,378.0,1042.0,-0.3456,-0.1351,-0.2228,-0.2109,1,0,0,0,1,1,0,0,1,-5.0,SAFE_STOP,连转 3 轮未见前头红外,0,0,1
58.156,538.0,735.0,377.0,1040.0,-0.3456,-0.1351,-0.2228,-0.2109,1,0,0,0,1,1,0,0,1,-6.0,SAFE_STOP,连转 3 轮未见前头红外,0,0,1
58.176,539.0,736.0,378.0,1042.0,-0.3456,-0.1351,-0.2228,-0.2109,1,0,0,0,1,1,0,0,1,-5.0,SAFE_STOP,连转 3 轮未见前头红外,0,0,1
58.196,538.0,733.0,378.0,1042.0,-0.3483,-0.1373,-0.2228,-0.2109,1,0,0,0,1,1,0,0,1,-6.0,SAFE_STOP,连转 3 轮未见前头红外,0,0,1
58.216,538.0,733.0,377.0,1040.0,-0.3483,-0.1416,-0.2228,-0.2109,1,0,0,0,1,1,0,0,1,-6.0,SAFE_STOP,连转 3 轮未见前头红外,0,0,1
58.237,538.0,733.0,377.0,1040.0,-0.3483,-0.1416,-0.2256,-0.215,1,0,0,0,1,1,0,0,1,-6.0,SAFE_STOP,连转 3 轮未见前头红外,0,0,1
58.257,538.0,734.0,378.0,1040.0,-0.3483,-0.1416,-0.2256,-0.215,1,0,0,0,1,1,0,0,1,-4.0,SAFE_STOP,连转 3 轮未见前头红外,0,0,1
58.277,538.0,734.0,377.0,1040.0,-0.3483,-0.1394,-0.2256,-0.215,1,0,0,0,1,1,0,0,1,-5.0,SAFE_STOP,连转 3 轮未见前头红外,0,0,1
58.297,538.0,733.0,377.0,1039.0,-0.3483,-0.1394,-0.2256,-0.215,1,0,0,0,1,1,0,0,1,-6.0,SAFE_STOP,连转 3 轮未见前头红外,0,0,1
58.317,540.0,736.0,378.0,1043.0,-0.3483,-0.1394,-0.2256,-0.215,1,0,0,0,1,1,0,0,1,-5.0,SAFE_STOP,连转 3 轮未见前头红外,0,0,1
58.337,539.0,735.0,378.0,1042.0,-0.3456,-0.1373,-0.2228,-0.2109,1,0,0,0,1,1,0,0,1,-6.0,SAFE_STOP,连转 3 轮未见前头红外,0,0,1
58.357,539.0,735.0,377.0,1041.0,-0.3456,-0.1373,-0.2228,-0.2109,1,0,0,0,1,1,0,0,1,111.0,SAFE_STOP,连转 3 轮未见前头红外,0,0,1
58.378,538.0,736.0,378.0,1041.0,-0.3456,-0.1373,-0.2228,-0.2129,1,0,0,0,1,1,0,0,1,47.0,SAFE_STOP,连转 3 轮未见前头红外,0,0,1
58.398,539.0,736.0,378.0,1043.0,-0.3456,-0.1351,-0.2228,-0.2129,1,0,0,0,1,1,0,0,1,3.0,SAFE_STOP,连转 3 轮未见前头红外,0,0,1
58.418,539.0,734.0,377.0,1040.0,-0.3456,-0.1351,-0.2228,-0.2129,1,0,0,0,1,1,0,0,1,-5.0,SAFE_STOP,连转 3 轮未见前头红外,0,0,1
58.438,538.0,735.0,378.0,1040.0,-0.3456,-0.1373,-0.2228,-0.215,1,0,0,0,1,1,0,0,1,-12.0,SAFE_STOP,连转 3 轮未见前头红外,0,0,1
58.459,539.0,736.0,378.0,1042.0,-0.3456,-0.1373,-0.2228,-0.215,1,0,0,0,1,1,0,0,1,-5.0,SAFE_STOP,连转 3 轮未见前头红外,0,0,1
58.479,538.0,734.0,377.0,1040.0,-0.3483,-0.1373,-0.2228,-0.215,1,0,0,0,1,1,0,0,1,-3.0,SAFE_STOP,连转 3 轮未见前头红外,0,0,1
58.499,539.0,736.0,378.0,1043.0,-0.3456,-0.1351,-0.2228,-0.2109,1,0,0,0,1,1,0,0,1,-5.0,SAFE_STOP,连转 3 轮未见前头红外,0,0,1
58.519,539.0,734.0,378.0,1041.0,-0.3456,-0.1394,-0.2228,-0.2129,1,0,0,0,1,1,0,0,1,-5.0,SAFE_STOP,连转 3 轮未见前头红外,0,0,1
58.539,540.0,735.0,378.0,1043.0,-0.3456,-0.1373,-0.2228,-0.2088,1,0,0,0,1,1,0,0,1,18.0,SAFE_STOP,连转 3 轮未见前头红外,0,0,1
58.559,539.0,736.0,378.0,1042.0,-0.3456,-0.1373,-0.2228,-0.2109,1,0,0,0,1,1,0,0,1,-4.0,SAFE_STOP,连转 3 轮未见前头红外,0,0,1
58.579,538.0,735.0,377.0,1041.0,-0.3456,-0.1373,-0.2228,-0.2109,1,0,0,0,1,1,0,0,1,-5.0,SAFE_STOP,连转 3 轮未见前头红外,0,0,1
58.599,539.0,735.0,377.0,1041.0,-0.3456,-0.1373,-0.2256,-0.2129,1,0,0,0,1,1,0,0,1,-5.0,SAFE_STOP,连转 3 轮未见前头红外,0,0,1
58.619,539.0,735.0,378.0,1042.0,-0.3456,-0.1373,-0.2256,-0.2129,1,0,0,0,1,1,0,0,1,-6.0,SAFE_STOP,连转 3 轮未见前头红外,0,0,1
58.64,539.0,735.0,378.0,1042.0,-0.3456,-0.1373,-0.2228,-0.2109,1,0,0,0,1,1,0,0,1,-6.0,SAFE_STOP,连转 3 轮未见前头红外,0,0,1
58.66,539.0,734.0,377.0,1041.0,-0.3456,-0.1373,-0.2228,-0.2109,1,0,0,0,1,1,0,0,1,-5.0,SAFE_STOP,连转 3 轮未见前头红外,0,0,1
58.68,539.0,735.0,378.0,1041.0,-0.3456,-0.1373,-0.2228,-0.2129,1,0,0,0,1,1,0,0,1,-4.0,SAFE_STOP,连转 3 轮未见前头红外,0,0,1
58.7,539.0,734.0,377.0,1040.0,-0.3456,-0.1394,-0.2256,-0.2129,1,0,0,0,1,1,0,0,1,-5.0,SAFE_STOP,连转 3 轮未见前头红外,0,0,1
58.72,540.0,735.0,378.0,1043.0,-0.3456,-0.1373,-0.2228,-0.2129,1,0,0,0,1,1,0,0,1,-8.0,SAFE_STOP,连转 3 轮未见前头红外,0,0,1
58.74,538.0,734.0,377.0,1040.0,-0.3456,-0.1394,-0.2256,-0.215,1,0,0,0,1,1,0,0,1,-6.0,SAFE_STOP,连转 3 轮未见前头红外,0,0,1
58.76,538.0,735.0,377.0,1041.0,-0.3483,-0.1373,-0.2256,-0.2129,1,0,0,0,1,1,0,0,1,-5.0,SAFE_STOP,连转 3 轮未见前头红外,0,0,1
58.78,538.0,735.0,379.0,1040.0,-0.3483,-0.1373,-0.2256,-0.215,1,0,0,0,1,1,0,0,1,-18.0,SAFE_STOP,连转 3 轮未见前头红外,0,0,1
58.8,538.0,733.0,377.0,1040.0,-0.3483,-0.1373,-0.2256,-0.215,1,0,0,0,1,1,0,0,1,-19.0,SAFE_STOP,连转 3 轮未见前头红外,0,0,1
58.821,540.0,735.0,378.0,1042.0,-0.3483,-0.1373,-0.2228,-0.215,1,0,0,0,1,1,0,0,1,-6.0,SAFE_STOP,连转 3 轮未见前头红外,0,0,1
58.841,539.0,736.0,378.0,1042.0,-0.3456,-0.1373,-0.2228,-0.2109,1,0,0,0,1,1,0,0,1,-4.0,SAFE_STOP,连转 3 轮未见前头红外,0,0,1
58.861,538.0,734.0,378.0,1041.0,-0.3456,-0.1373,-0.2228,-0.2109,1,0,0,0,1,1,0,0,1,-5.0,SAFE_STOP,连转 3 轮未见前头红外,0,0,1
58.881,538.0,735.0,378.0,1040.0,-0.3483,-0.1373,-0.2228,-0.2129,1,0,0,0,1,1,0,0,1,-5.0,SAFE_STOP,连转 3 轮未见前头红外,0,0,1
58.901,538.0,735.0,377.0,1042.0,-0.3483,-0.1373,-0.2228,-0.2129,1,0,0,0,1,1,0,0,1,-6.0,SAFE_STOP,连转 3 轮未见前头红外,0,0,1
58.921,538.0,733.0,377.0,1042.0,-0.3483,-0.1373,-0.2256,-0.2109,1,0,0,0,1,1,0,0,1,-5.0,SAFE_STOP,连转 3 轮未见前头红外,0,0,1
58.941,539.0,736.0,378.0,1041.0,-0.3483,-0.1373,-0.2256,-0.2109,1,0,0,0,1,1,0,0,1,-6.0,SAFE_STOP,连转 3 轮未见前头红外,0,0,1
58.961,538.0,734.0,376.0,1040.0,-0.3483,-0.1394,-0.2256,-0.2129,1,0,0,0,1,1,0,0,1,117.0,SAFE_STOP,连转 3 轮未见前头红外,0,0,1
58.981,540.0,735.0,377.0,1042.0,-0.3456,-0.1373,-0.2256,-0.2129,1,0,0,0,1,1,0,0,1,-5.0,SAFE_STOP,连转 3 轮未见前头红外,0,0,1
59.001,539.0,735.0,378.0,1042.0,-0.3456,-0.1373,-0.2256,-0.2109,1,0,0,0,1,1,0,0,1,-5.0,SAFE_STOP,连转 3 轮未见前头红外,0,0,1
59.022,539.0,735.0,377.0,1042.0,-0.3456,-0.1373,-0.2256,-0.2109,1,0,0,0,1,1,0,0,1,-5.0,SAFE_STOP,连转 3 轮未见前头红外,0,0,1
59.042,539.0,735.0,378.0,1041.0,-0.3456,-0.1373,-0.2228,-0.2109,1,0,0,0,1,1,0,0,1,-4.0,SAFE_STOP,连转 3 轮未见前头红外,0,0,1
59.063,539.0,735.0,378.0,1041.0,-0.3456,-0.1373,-0.2228,-0.2129,1,0,0,0,1,1,0,0,1,-4.0,SAFE_STOP,连转 3 轮未见前头红外,0,0,1
59.083,538.0,734.0,377.0,1041.0,-0.3456,-0.1373,-0.2228,-0.2129,1,0,0,0,1,1,0,0,1,-6.0,SAFE_STOP,连转 3 轮未见前头红外,0,0,1
59.103,540.0,735.0,377.0,1041.0,-0.3456,-0.1373,-0.2256,-0.2129,1,0,0,0,1,1,0,0,1,-4.0,SAFE_STOP,连转 3 轮未见前头红外,0,0,1
59.123,540.0,735.0,377.0,1042.0,-0.3429,-0.1373,-0.2256,-0.2129,1,0,0,0,1,1,0,0,1,78.0,SAFE_STOP,连转 3 轮未见前头红外,0,0,1
59.143,539.0,735.0,377.0,1040.0,-0.3429,-0.1373,-0.2256,-0.2129,1,0,0,0,1,1,0,0,1,-6.0,SAFE_STOP,连转 3 轮未见前头红外,0,0,1
59.163,539.0,735.0,376.0,1042.0,-0.3456,-0.1373,-0.2256,-0.2109,1,0,0,0,1,1,0,0,1,-5.0,SAFE_STOP,连转 3 轮未见前头红外,0,0,1
59.183,539.0,734.0,377.0,1040.0,-0.3456,-0.1373,-0.2256,-0.215,1,0,0,0,1,1,0,0,1,-4.0,SAFE_STOP,连转 3 轮未见前头红外,0,0,1
59.203,539.0,736.0,378.0,1042.0,-0.3456,-0.1373,-0.2256,-0.2109,1,0,0,0,1,1,0,0,1,61.0,SAFE_STOP,连转 3 轮未见前头红外,0,0,1
59.223,540.0,736.0,377.0,1042.0,-0.3456,-0.1351,-0.2256,-0.2109,1,0,0,0,1,1,0,0,1,2.0,SAFE_STOP,连转 3 轮未见前头红外,0,0,1
59.244,539.0,734.0,377.0,1041.0,-0.3456,-0.1351,-0.2256,-0.2109,1,0,0,0,1,1,0,0,1,-5.0,SAFE_STOP,连转 3 轮未见前头红外,0,0,1
59.264,538.0,735.0,378.0,1041.0,-0.3456,-0.1373,-0.2256,-0.2129,1,0,0,0,1,1,0,0,1,-5.0,SAFE_STOP,连转 3 轮未见前头红外,0,0,1
59.284,540.0,736.0,378.0,1042.0,-0.3456,-0.1373,-0.2228,-0.2129,1,0,0,0,1,1,0,0,1,-5.0,SAFE_STOP,连转 3 轮未见前头红外,0,0,1
59.304,538.0,732.0,377.0,1039.0,-0.3483,-0.1373,-0.2228,-0.2129,1,0,0,0,1,1,0,0,1,-19.0,SAFE_STOP,连转 3 轮未见前头红外,0,0,1
59.324,540.0,735.0,378.0,1041.0,-0.3429,-0.1373,-0.2228,-0.2129,1,0,0,0,1,1,0,0,1,-16.0,SAFE_STOP,连转 3 轮未见前头红外,0,0,1
59.344,540.0,735.0,378.0,1041.0,-0.3429,-0.1373,-0.2228,-0.2129,1,0,0,0,1,1,0,0,1,12.0,SAFE_STOP,连转 3 轮未见前头红外,0,0,1
59.364,538.0,733.0,377.0,1040.0,-0.3429,-0.1373,-0.2228,-0.2129,1,0,0,0,1,1,0,0,1,-5.0,SAFE_STOP,连转 3 轮未见前头红外,0,0,1
59.384,539.0,735.0,378.0,1041.0,-0.3456,-0.1373,-0.2228,-0.2129,1,0,0,0,1,1,0,0,1,-6.0,SAFE_STOP,连转 3 轮未见前头红外,0,0,1
59.404,538.0,735.0,377.0,1040.0,-0.3483,-0.1373,-0.2256,-0.215,1,0,0,0,1,1,0,0,1,-6.0,SAFE_STOP,连转 3 轮未见前头红外,0,0,1
59.425,538.0,734.0,377.0,1040.0,-0.3483,-0.1373,-0.2256,-0.215,1,0,0,0,1,1,0,0,1,-4.0,SAFE_STOP,连转 3 轮未见前头红外,0,0,1
59.445,539.0,735.0,377.0,1042.0,-0.3483,-0.1373,-0.2256,-0.215,1,0,0,0,1,1,0,0,1,21.0,SAFE_STOP,连转 3 轮未见前头红外,0,0,1
59.465,539.0,735.0,377.0,1042.0,-0.3456,-0.1373,-0.2256,-0.2109,1,0,0,0,1,1,0,0,1,21.0,SAFE_STOP,连转 3 轮未见前头红外,0,0,1
59.485,539.0,734.0,377.0,1041.0,-0.3456,-0.1373,-0.2256,-0.2109,1,0,0,0,1,1,0,0,1,-20.0,SAFE_STOP,连转 3 轮未见前头红外,0,0,1
59.505,538.0,733.0,377.0,1040.0,-0.3456,-0.1394,-0.2256,-0.2129,1,0,0,0,1,1,0,0,1,-6.0,SAFE_STOP,连转 3 轮未见前头红外,0,0,1
59.525,539.0,734.0,377.0,1041.0,-0.3456,-0.1394,-0.2256,-0.2129,1,0,0,0,1,1,0,0,1,-5.0,SAFE_STOP,连转 3 轮未见前头红外,0,0,1
59.545,539.0,734.0,377.0,1041.0,-0.3456,-0.1394,-0.2256,-0.2129,1,0,0,0,1,1,0,0,1,-5.0,SAFE_STOP,连转 3 轮未见前头红外,0,0,1
59.565,538.0,733.0,376.0,1038.0,-0.3456,-0.1394,-0.2256,-0.2129,1,0,0,0,1,1,0,0,1,-4.0,SAFE_STOP,连转 3 轮未见前头红外,0,0,1
59.586,540.0,735.0,377.0,1042.0,-0.3456,-0.1394,-0.2256,-0.2129,1,0,0,0,1,1,0,0,1,-5.0,SAFE_STOP,连转 3 轮未见前头红外,0,0,1
59.606,540.0,735.0,378.0,1042.0,-0.3429,-0.1373,-0.2256,-0.2109,1,0,0,0,1,1,0,0,1,-6.0,SAFE_STOP,连转 3 轮未见前头红外,0,0,1
59.626,540.0,735.0,377.0,1041.0,-0.3429,-0.1373,-0.2256,-0.2109,1,0,0,0,1,1,0,0,1,-5.0,SAFE_STOP,连转 3 轮未见前头红外,0,0,1
59.646,538.0,735.0,377.0,1041.0,-0.3429,-0.1373,-0.2256,-0.2129,1,0,0,0,1,1,0,0,1,3.0,SAFE_STOP,连转 3 轮未见前头红外,0,0,1
59.666,539.0,736.0,378.0,1042.0,-0.3456,-0.1373,-0.2256,-0.2129,1,0,0,0,1,1,0,0,1,3.0,SAFE_STOP,连转 3 轮未见前头红外,0,0,1
59.686,540.0,734.0,376.0,1040.0,-0.3456,-0.1373,-0.2256,-0.2129,1,0,0,0,1,1,0,0,1,-7.0,SAFE_STOP,连转 3 轮未见前头红外,0,0,1
59.706,539.0,735.0,378.0,1041.0,-0.3456,-0.1373,-0.2228,-0.2129,1,0,0,0,1,1,0,0,1,80.0,SAFE_STOP,连转 3 轮未见前头红外,0,0,1
59.726,539.0,734.0,377.0,1040.0,-0.3456,-0.1394,-0.2256,-0.215,1,0,0,0,1,1,0,0,1,2.0,SAFE_STOP,连转 3 轮未见前头红外,0,0,1
59.747,540.0,735.0,377.0,1041.0,-0.3456,-0.1373,-0.2256,-0.2129,1,0,0,0,1,1,0,0,1,-4.0,SAFE_STOP,连转 3 轮未见前头红外,0,0,1
59.767,539.0,734.0,377.0,1041.0,-0.3456,-0.1394,-0.2256,-0.2129,1,0,0,0,1,1,0,0,1,-7.0,SAFE_STOP,连转 3 轮未见前头红外,0,0,1
59.787,538.0,733.0,376.0,1040.0,-0.3456,-0.1394,-0.2256,-0.2129,1,0,0,0,1,1,0,0,1,-5.0,SAFE_STOP,连转 3 轮未见前头红外,0,0,1
59.807,538.0,733.0,376.0,1040.0,-0.3483,-0.1416,-0.2284,-0.215,1,0,0,0,1,1,0,0,1,27.0,SAFE_STOP,连转 3 轮未见前头红外,0,0,1
