t,front,rear,left,right,zone_front,zone_rear,zone_left,zone_right,fall,fall_edge,ir_front,ir_rear,ir_left_front,ir_left_rear,ir_right_front,ir_right_rear,ir_valid,adc_left,adc_right,adc_signal_raw,diff,state,reason,left_cmd,right_cmd,healthy
0.0,0.0,0.0,0.0,0.0,-1.8122,-1.7386,-1.2758,-2.3862,0,0,1,1,1,1,1,1,1,0.0,0.0,0.0,0.0,SENSOR_STOP,传感器无效或数据过期,0,0,0
0.021,557.0,759.0,367.0,1055.0,-1.0544,-0.9118,-0.7646,-1.285,0,0,0,0,1,1,0,0,1,16.0,35.0,35.0,-19.0,SENSOR_STOP,传感器无效或数据过期,0,0,1
0.041,557.0,760.0,367.0,1054.0,-0.2966,-0.085,-0.2535,-0.1858,1,0,0,0,1,1,0,0,1,21.0,34.0,34.0,-13.0,SENSOR_STOP,传感器无效或数据过期,0,0,1
0.061,559.0,761.0,368.0,1057.0,-0.2966,-0.0828,-0.2535,-0.1837,1,0,0,0,1,1,0,0,1,16.0,21.0,21.0,-5.0,SENSOR_STOP,传感器无效或数据过期,0,0,1
0.081,557.0,760.0,367.0,1056.0,-0.2966,-0.0828,-0.2535,-0.1816,1,1,0,0,1,1,0,0,1,16.0,21.0,21.0,-5.0,TURN_LEFT_90,左侧红外亮，左转 90 度,-500,500,1
0.101,559.0,762.0,370.0,1057.0,-0.2912,-0.0806,-0.2507,-0.1795,1,0,0,0,1,1,0,0,1,16.0,20.0,20.0,-4.0,TURN_LEFT_90,左侧红外亮，左转 90 度,-500,500,1
0.121,558.0,759.0,367.0,1056.0,-0.2939,-0.0828,-0.2535,-0.1816,1,0,0,0,1,1,0,0,1,16.0,22.0,22.0,-6.0,TURN_LEFT_90,左侧红外亮，左转 90 度,-500,500,1
0.141,558.0,760.0,368.0,1056.0,-0.2939,-0.0828,-0.2507,-0.1816,1,0,0,0,1,1,0,0,1,17.0,22.0,22.0,-5.0,TURN_LEFT_90,左侧红外亮，左转 90 度,-500,500,1
0.161,559.0,761.0,369.0,1058.0,-0.2939,-0.0828,-0.2507,-0.1816,1,0,0,0,1,1,0,0,1,16.0,22.0,22.0,-6.0,TURN_LEFT_90,左侧红外亮，左转 90 度,-500,500,1
0.181,560.0,762.0,370.0,1059.0,-0.2912,-0.0806,-0.2479,-0.1775,1,0,0,0,1,1,0,0,1,16.0,20.0,20.0,-4.0,TURN_LEFT_90,左侧红外亮，左转 90 度,-500,500,1
0.201,558.0,762.0,369.0,1057.0,-0.2912,-0.0784,-0.2479,-0.1775,1,0,0,0,1,1,0,0,1,17.0,21.0,21.0,-4.0,TURN_LEFT_90,左侧红外亮，左转 90 度,-500,500,1
0.221,559.0,761.0,369.0,1058.0,-0.2912,-0.0784,-0.2479,-0.1775,1,0,0,0,1,1,0,0,1,17.0,22.0,22.0,-5.0,TURN_LEFT_90,左侧红外亮，左转 90 度,-500,500,1
0.241,559.0,761.0,369.0,1057.0,-0.2912,-0.0806,-0.2479,-0.1795,1,0,0,0,1,1,0,0,1,17.0,23.0,23.0,-6.0,TURN_LEFT_90,左侧红外亮，左转 90 度,-500,500,1
0.262,558.0,761.0,368.0,1056.0,-0.2912,-0.0806,-0.2479,-0.1795,1,0,0,0,1,1,0,0,1,16.0,21.0,21.0,-5.0,TURN_LEFT_90,左侧红外亮，左转 90 度,-500,500,1
0.282,560.0,762.0,369.0,1057.0,-0.2912,-0.0806,-0.2479,-0.1795,1,0,0,0,1,1,0,0,1,17.0,21.0,21.0,-4.0,TURN_LEFT_90,左侧红外亮，左转 90 度,-500,500,1
0.302,559.0,762.0,370.0,1053.0,-0.2912,-0.0784,-0.2479,-0.1816,1,0,0,0,1,1,0,0,1,16.0,26.0,26.0,-10.0,TURN_LEFT_90,左侧红外亮，左转 90 度,-500,500,1
0.322,560.0,762.0,373.0,1050.0,-0.2884,-0.0784,-0.2451,-0.1879,1,0,0,0,1,1,0,0,1,18.0,22.0,22.0,-4.0,TURN_LEFT_90,左侧红外亮，左转 90 度,-500,500,1
0.342,560.0,765.0,375.0,1048.0,-0.2884,-0.0784,-0.2368,-0.1942,1,0,0,0,1,1,0,0,1,17.0,22.0,22.0,-5.0,TURN_LEFT_90,左侧红外亮，左转 90 度,-500,500,1
0.362,562.0,765.0,377.0,1047.0,-0.2884,-0.0719,-0.2312,-0.1983,1,0,0,0,1,1,0,0,1,17.0,21.0,21.0,-4.0,TURN_LEFT_90,左侧红外亮，左转 90 度,-500,500,1
0.382,563.0,766.0,377.0,1045.0,-0.283,-0.0719,-0.2256,-0.2004,1,0,0,0,1,1,0,0,1,16.0,33.0,33.0,-17.0,TURN_LEFT_90,左侧红外亮，左转 90 度,-500,500,1
0.402,564.0,769.0,379.0,1044.0,-0.2803,-0.0697,-0.2256,-0.2046,1,0,0,0,1,1,0,0,1,16.0,20.0,20.0,-4.0,TURN_LEFT_90,左侧红外亮，左转 90 度,-500,500,1
0.422,566.0,768.0,381.0,1042.0,-0.2776,-0.0654,-0.2201,-0.2067,1,0,0,0,1,1,0,0,1,16.0,33.0,33.0,-17.0,TURN_LEFT_90,左侧红外亮，左转 90 度,-500,500,1
0.442,568.0,768.0,388.0,1046.0,-0.2721,-0.0654,-0.2145,-0.2067,1,0,0,0,1,1,0,0,1,16.0,21.0,21.0,-5.0,TURN_LEFT_90,左侧红外亮，左转 90 度,-500,500,1
0.462,570.0,758.0,392.0,1050.0,-0.2667,-0.0654,-0.195,-0.2025,1,0,0,0,1,1,0,0,1,17.0,21.0,21.0,-4.0,TURN_LEFT_90,左侧红外亮，左转 90 度,-500,500,1
0.483,570.0,752.0,387.0,1048.0,-0.2612,-0.0871,-0.195,-0.1983,1,0,0,0,1,1,0,1,1,17.0,21.0,21.0,-4.0,TURN_LEFT_90,左侧红外亮，左转 90 度,-500,500,1
0.503,566.0,746.0,382.0,1042.0,-0.2612,-0.1002,-0.1978,-0.1983,1,0,0,0,1,1,0,1,1,134.0,22.0,134.0,112.0,TURN_LEFT_90,左侧红外亮，左转 90 度,-500,500,1
0.523,563.0,749.0,378.0,1037.0,-0.2721,-0.1068,-0.2117,-0.2109,1,0,0,0,1,1,0,1,1,133.0,20.0,133.0,113.0,TURN_LEFT_90,左侧红外亮，左转 90 度,-500,500,1
0.543,560.0,752.0,379.0,1041.0,-0.2803,-0.1068,-0.2201,-0.2129,1,0,0,0,1,1,0,1,1,17.0,21.0,21.0,-4.0,TURN_LEFT_90,左侧红外亮，左转 90 度,-500,500,1
0.563,554.0,754.0,383.0,1036.0,-0.2884,-0.1002,-0.2201,-0.2213,1,0,0,0,1,1,0,1,1,17.0,22.0,22.0,-5.0,TURN_LEFT_90,左侧红外亮，左转 90 度,-500,500,1
0.583,552.0,761.0,389.0,1037.0,-0.3048,-0.0959,-0.2089,-0.2213,1,0,0,0,1,1,0,1,1,17.0,20.0,20.0,-3.0,TURN_LEFT_90,左侧红外亮，左转 90 度,-500,500,1
0.603,546.0,765.0,392.0,1029.0,-0.3102,-0.0806,-0.1922,-0.2234,1,0,0,0,1,1,0,1,1,52.0,21.0,52.0,31.0,TURN_LEFT_90,左侧红外亮，左转 90 度,-500,500,1
0.623,542.0,765.0,393.0,1026.0,-0.3265,-0.0719,-0.1838,-0.238,1,0,0,0,1,1,0,1,1,26.0,22.0,26.0,4.0,TURN_LEFT_90,左侧红外亮，左转 90 度,-500,500,1
0.643,542.0,765.0,393.0,1026.0,-0.3374,-0.0719,-0.1811,-0.2443,1,0,0,0,1,1,0,1,1,26.0,22.0,26.0,4.0,TURN_LEFT_90,左侧红外亮，左转 90 度,-500,500,1
0.663,539.0,766.0,392.0,1024.0,-0.3374,-0.0719,-0.1811,-0.2443,1,0,0,0,1,0,0,1,1,68.0,17.0,68.0,51.0,TURN_LEFT_90,左侧红外亮，左转 90 度,-500,500,1
0.684,537.0,762.0,392.0,1025.0,-0.3456,-0.0719,-0.1838,-0.2463,1,0,0,0,1,0,0,0,1,41.0,21.0,41.0,20.0,TURN_LEFT_90,左侧红外亮，左转 90 度,-500,500,1
0.704,535.0,762.0,388.0,1024.0,-0.351,-0.0784,-0.1838,-0.2484,1,0,0,0,1,0,0,0,1,26.0,23.0,26.0,3.0,TURN_LEFT_90,左侧红外亮，左转 90 度,-500,500,1
0.724,537.0,763.0,382.0,1025.0,-0.351,-0.0784,-0.195,-0.2463,1,0,0,0,1,0,0,0,1,68.0,21.0,68.0,47.0,TURN_LEFT_90,左侧红外亮，左转 90 度,-500,500,1
0.744,540.0,763.0,370.0,1026.0,-0.351,-0.0763,-0.2117,-0.2463,1,0,0,0,1,0,0,0,1,118.0,21.0,118.0,97.0,TURN_LEFT_90,左侧红外亮，左转 90 度,-500,500,1
0.764,545.0,762.0,362.0,1030.0,-0.3429,-0.0763,-0.2451,-0.2443,1,0,0,0,1,0,0,0,1,118.0,21.0,118.0,97.0,TURN_LEFT_90,左侧红外亮，左转 90 度,-500,500,1
0.784,555.0,764.0,365.0,1032.0,-0.3293,-0.0763,-0.2591,-0.2359,1,0,0,0,1,0,0,0,1,134.0,21.0,134.0,113.0,TURN_LEFT_90,左侧红外亮，左转 90 度,-500,500,1
0.804,561.0,766.0,369.0,1026.0,-0.302,-0.0741,-0.2591,-0.2359,1,0,0,0,1,0,0,0,1,182.0,19.0,182.0,163.0,TURN_LEFT_90,左侧红外亮，左转 90 度,-500,500,1
0.824,561.0,766.0,368.0,1016.0,-0.2857,-0.0697,-0.2507,-0.2443,1,0,0,0,1,0,0,0,1,200.0,21.0,200.0,179.0,TURN_LEFT_90,左侧红外亮，左转 90 度,-500,500,1
0.845,562.0,770.0,368.0,1007.0,-0.2857,-0.0697,-0.2507,-0.2651,1,0,0,0,1,0,0,0,1,167.0,21.0,167.0,146.0,TURN_LEFT_90,左侧红外亮，左转 90 度,-500,500,1
0.865,560.0,772.0,368.0,1001.0,-0.2857,-0.061,-0.2507,-0.2839,1,0,0,0,1,0,0,0,1,216.0,27.0,216.0,189.0,TURN_LEFT_90,左侧红外亮，左转 90 度,-500,500,1
0.885,556.0,777.0,372.0,1004.0,-0.2884,-0.0566,-0.2507,-0.2902,1,0,0,0,0,0,0,0,1,216.0,22.0,216.0,194.0,ADC_CORRECT,定时转向完成，停车后进入 ADC 评估,0,0,1
0.905,550.0,781.0,373.0,1009.0,-0.2993,-0.0458,-0.2396,-0.2902,1,0,0,0,0,0,0,0,1,134.0,21.0,134.0,113.0,ADC_CORRECT,ADC 中值滤波准备中,0,0,1
0.925,543.0,782.0,374.0,1019.0,-0.3156,-0.037,-0.2368,-0.2797,1,0,0,0,0,0,0,0,1,282.0,21.0,282.0,261.0,ADC_CORRECT,ADC 中值滤波准备中,0,0,1
0.946,537.0,778.0,373.0,1025.0,-0.3347,-0.037,-0.2368,-0.2589,1,0,0,0,0,0,0,0,1,224.0,21.0,224.0,203.0,ADC_CORRECT,ADC 中值滤波准备中,0,0,1
0.967,534.0,777.0,373.0,1032.0,-0.351,-0.0436,-0.2368,-0.2463,1,0,0,0,0,0,0,0,1,233.0,20.0,233.0,213.0,ADC_CORRECT,ADC 中值滤波准备中,0,0,1
0.987,531.0,778.0,375.0,1037.0,-0.3592,-0.0436,-0.2368,-0.2317,1,0,1,0,0,0,0,0,1,267.0,21.0,267.0,246.0,ADC_CORRECT,ADC 中值滤波准备中,0,0,1
1.008,530.0,775.0,376.0,1037.0,-0.3673,-0.0458,-0.2312,-0.2213,1,0,1,0,0,0,0,0,1,576.0,22.0,576.0,554.0,ADC_CORRECT,ADC 中值滤波准备中,0,0,1
1.028,530.0,776.0,376.0,1041.0,-0.3701,-0.0479,-0.2284,-0.2213,1,0,1,0,0,0,0,0,1,315.0,21.0,315.0,294.0,ADC_CORRECT,ADC 中值滤波准备中,0,0,1
1.048,530.0,777.0,376.0,1042.0,-0.3701,-0.0479,-0.2284,-0.2129,1,0,1,0,0,0,0,0,1,186.0,21.0,186.0,165.0,ADC_CORRECT,ADC 中值滤波准备中,0,0,1
1.068,530.0,776.0,376.0,1041.0,-0.3701,-0.0479,-0.2284,-0.2129,1,0,1,0,0,0,0,0,1,269.0,22.0,269.0,247.0,ADC_APPROACH,ADC 信号弱 267，靠墙脉冲 1/3,400,400,1
1.088,530.0,778.0,376.0,1043.0,-0.3701,-0.0458,-0.2284,-0.2109,1,0,1,0,0,0,0,0,1,150.0,22.0,150.0,128.0,ADC_APPROACH,ADC 信号弱 267，靠墙脉冲 1/3,400,400,1
1.109,530.0,777.0,376.0,1044.0,-0.3701,-0.0458,-0.2284,-0.2088,1,0,1,0,0,0,0,0,1,265.0,21.0,265.0,244.0,ADC_APPROACH,ADC 信号弱 267，靠墙脉冲 1/3,400,400,1
1.129,530.0,777.0,376.0,1044.0,-0.3701,-0.0458,-0.2284,-0.2067,1,0,1,0,0,0,0,0,1,265.0,21.0,265.0,244.0,ADC_APPROACH,ADC 信号弱 267，靠墙脉冲 1/3,400,400,1
1.149,529.0,776.0,375.0,1043.0,-0.3701,-0.0458,-0.2284,-0.2067,1,0,1,0,0,0,0,0,1,301.0,22.0,301.0,279.0,ADC_APPROACH,ADC 信号弱 267，靠墙脉冲 1/3,400,400,1
1.169,530.0,776.0,375.0,1042.0,-0.3701,-0.0479,-0.2312,-0.2088,1,0,1,0,0,0,0,0,1,495.0,22.0,495.0,473.0,ADC_APPROACH,ADC 信号弱 267，靠墙脉冲 1/3,400,400,1
1.189,531.0,778.0,376.0,1044.0,-0.3701,-0.0479,-0.2312,-0.2088,1,0,1,0,0,0,0,0,1,315.0,21.0,315.0,294.0,ADC_APPROACH,ADC 信号弱 267，靠墙脉冲 1/3,400,400,1
1.209,528.0,777.0,373.0,1042.0,-0.3701,-0.0458,-0.2312,-0.2109,1,0,1,0,0,0,0,0,1,235.0,21.0,235.0,214.0,ADC_APPROACH,ADC 信号弱 267，靠墙脉冲 1/3,400,400,1
1.229,527.0,779.0,374.0,1042.0,-0.3755,-0.0436,-0.234,-0.2109,1,0,1,0,0,0,0,0,1,266.0,21.0,266.0,245.0,ADC_APPROACH,ADC 信号弱 267，靠墙脉冲 1/3,400,400,1
1.25,526.0,782.0,373.0,1041.0,-0.3782,-0.0414,-0.2368,-0.2109,1,0,1,0,0,0,0,0,1,281.0,21.0,281.0,260.0,ADC_APPROACH,ADC 信号弱 267，靠墙脉冲 1/3,400,400,1
1.27,525.0,784.0,372.0,1038.0,-0.381,-0.0349,-0.2368,-0.2129,1,0,1,0,0,0,0,0,1,331.0,21.0,331.0,310.0,ADC_APPROACH,ADC 信号弱 267，靠墙脉冲 1/3,400,400,1
1.29,523.0,785.0,371.0,1034.0,-0.3837,-0.0305,-0.2396,-0.2192,1,0,1,0,0,0,0,0,1,334.0,21.0,334.0,313.0,ADC_APPROACH,ADC 信号弱 267，靠墙脉冲 1/3,400,400,1
1.31,524.0,788.0,371.0,1037.0,-0.3864,-0.0283,-0.2423,-0.2213,1,0,1,0,0,0,0,0,1,314.0,21.0,314.0,293.0,ADC_APPROACH,ADC 信号弱 267，靠墙脉冲 1/3,400,400,1
1.33,528.0,784.0,370.0,1036.0,-0.3864,-0.0283,-0.2423,-0.2234,1,0,1,0,0,0,0,0,1,283.0,21.0,283.0,262.0,ADC_APPROACH,ADC 信号弱 267，靠墙脉冲 1/3,400,400,1
1.35,528.0,776.0,368.0,1034.0,-0.3755,-0.0305,-0.2451,-0.2234,1,0,1,0,0,0,0,0,1,283.0,21.0,283.0,262.0,ADC_APPROACH,ADC 信号弱 267，靠墙脉冲 1/3,400,400,1
1.37,528.0,768.0,366.0,1033.0,-0.3755,-0.0479,-0.2507,-0.2276,1,0,1,0,0,0,0,0,1,412.0,21.0,412.0,391.0,ADC_CORRECT,靠墙脉冲完成，重新采样,0,0,1
1.39,526.0,772.0,366.0,1030.0,-0.3755,-0.0566,-0.2563,-0.2296,1,0,1,0,0,0,0,0,1,330.0,21.0,330.0,309.0,ADC_CORRECT,ADC 中值滤波准备中,0,0,1
1.411,528.0,783.0,373.0,1031.0,-0.3755,-0.0566,-0.2563,-0.2338,1,0,1,0,0,0,0,0,1,361.0,21.0,361.0,340.0,ADC_CORRECT,ADC 中值滤波准备中,0,0,1
1.431,534.0,784.0,387.0,1039.0,-0.3755,-0.0327,-0.2368,-0.2338,1,0,1,0,0,0,0,0,1,446.0,31.0,446.0,415.0,ADC_CORRECT,ADC 中值滤波准备中,0,0,1
1.451,537.0,778.0,390.0,1041.0,-0.3592,-0.0327,-0.1978,-0.2171,1,0,1,0,0,0,0,0,1,284.0,20.0,284.0,264.0,ADC_CORRECT,ADC 中值滤波准备中,0,0,1
1.471,539.0,777.0,381.0,1040.0,-0.351,-0.0436,-0.1978,-0.215,1,0,1,0,0,0,0,0,1,235.0,20.0,235.0,215.0,ADC_CORRECT,ADC 中值滤波准备中,0,0,1
1.491,544.0,784.0,372.0,1039.0,-0.3456,-0.0436,-0.2145,-0.215,1,0,1,0,0,0,0,0,1,348.0,20.0,348.0,328.0,ADC_CORRECT,ADC 中值滤波准备中,0,0,1
1.511,544.0,784.0,372.0,1039.0,-0.332,-0.0305,-0.2396,-0.2171,1,0,1,0,0,0,0,0,1,348.0,20.0,348.0,328.0,ADC_CORRECT,ADC 中值滤波准备中,0,0,1
1.531,547.0,784.0,366.0,1037.0,-0.332,-0.0305,-0.2396,-0.2171,1,0,1,0,0,0,0,0,1,575.0,20.0,575.0,555.0,ADC_CORRECT,ADC 中值滤波准备中,0,0,1
1.551,548.0,786.0,364.0,1037.0,-0.3238,-0.0305,-0.2563,-0.2213,1,0,1,0,0,0,0,0,1,412.0,21.0,412.0,391.0,ADC_APPROACH,ADC 信号弱 348，靠墙脉冲 2/3,400,400,1
1.571,548.0,786.0,364.0,1032.0,-0.3211,-0.0261,-0.2618,-0.2213,1,0,1,0,0,0,0,0,1,365.0,21.0,365.0,344.0,ADC_APPROACH,ADC 信号弱 348，靠墙脉冲 2/3,400,400,1
1.592,548.0,787.0,364.0,1029.0,-0.3211,-0.0261,-0.2618,-0.2317,1,0,1,0,0,0,0,0,1,452.0,21.0,452.0,431.0,ADC_APPROACH,ADC 信号弱 348，靠墙脉冲 2/3,400,400,1
1.612,547.0,786.0,363.0,1028.0,-0.3211,-0.0261,-0.2618,-0.238,1,0,1,0,0,0,0,0,1,331.0,21.0,331.0,310.0,ADC_APPROACH,ADC 信号弱 348，靠墙脉冲 2/3,400,400,1
1.632,547.0,784.0,364.0,1029.0,-0.3238,-0.0261,-0.2618,-0.238,1,0,1,0,0,0,0,0,1,347.0,21.0,347.0,326.0,ADC_APPROACH,ADC 信号弱 348，靠墙脉冲 2/3,400,400,1
1.652,547.0,788.0,364.0,1028.0,-0.3238,-0.0261,-0.2618,-0.2401,1,0,1,0,0,0,0,0,1,429.0,21.0,429.0,408.0,ADC_APPROACH,ADC 信号弱 348，靠墙脉冲 2/3,400,400,1
1.672,546.0,787.0,364.0,1028.0,-0.3238,-0.024,-0.2618,-0.2401,1,0,1,0,0,0,0,0,1,412.0,21.0,412.0,391.0,ADC_APPROACH,ADC 信号弱 348，靠墙脉冲 2/3,400,400,1
1.692,547.0,788.0,365.0,1031.0,-0.3238,-0.0218,-0.2618,-0.2401,1,0,1,0,0,0,0,0,1,411.0,21.0,411.0,390.0,ADC_APPROACH,ADC 信号弱 348，靠墙脉冲 2/3,400,400,1
1.712,547.0,787.0,365.0,1030.0,-0.3238,-0.024,-0.2591,-0.2359,1,0,1,0,0,0,0,0,1,363.0,21.0,363.0,342.0,ADC_APPROACH,ADC 信号弱 348，靠墙脉冲 2/3,400,400,1
1.732,546.0,785.0,362.0,1030.0,-0.3238,-0.024,-0.2591,-0.2359,1,0,1,0,0,0,0,0,1,364.0,22.0,364.0,342.0,ADC_APPROACH,ADC 信号弱 348，靠墙脉冲 2/3,400,400,1
1.752,545.0,781.0,361.0,1032.0,-0.3265,-0.0283,-0.2674,-0.2359,1,0,1,0,0,0,0,0,1,364.0,21.0,364.0,343.0,ADC_APPROACH,ADC 信号弱 348，靠墙脉冲 2/3,400,400,1
1.773,545.0,778.0,362.0,1030.0,-0.3293,-0.037,-0.2674,-0.2359,1,0,1,0,0,0,0,0,1,414.0,20.0,414.0,394.0,ADC_APPROACH,ADC 信号弱 348，靠墙脉冲 2/3,400,400,1
1.793,544.0,779.0,364.0,1024.0,-0.3293,-0.0414,-0.2674,-0.2359,1,0,1,0,0,0,0,0,1,529.0,22.0,529.0,507.0,ADC_APPROACH,ADC 信号弱 348，靠墙脉冲 2/3,400,400,1
1.813,544.0,781.0,372.0,1030.0,-0.332,-0.0414,-0.2618,-0.2359,1,0,1,0,0,0,0,0,1,363.0,21.0,363.0,342.0,ADC_APPROACH,ADC 信号弱 348，靠墙脉冲 2/3,400,400,1
1.833,544.0,780.0,378.0,1032.0,-0.332,-0.0392,-0.2396,-0.2359,1,0,1,0,0,0,0,0,1,380.0,21.0,380.0,359.0,ADC_APPROACH,ADC 信号弱 348，靠墙脉冲 2/3,400,400,1
1.853,545.0,774.0,380.0,1035.0,-0.332,-0.0392,-0.2228,-0.2317,1,0,1,0,0,0,0,0,1,397.0,20.0,397.0,377.0,ADC_CORRECT,靠墙脉冲完成，重新采样,0,0,1
1.873,545.0,774.0,380.0,1035.0,-0.3293,-0.0523,-0.2173,-0.2255,1,0,1,0,0,0,0,0,1,397.0,20.0,397.0,377.0,ADC_CORRECT,ADC 中值滤波准备中,0,0,1
1.893,553.0,771.0,381.0,1044.0,-0.3293,-0.0523,-0.2173,-0.2255,1,0,1,0,0,0,0,0,1,403.0,21.0,403.0,382.0,ADC_CORRECT,ADC 中值滤波准备中,0,0,1
1.913,557.0,778.0,381.0,1057.0,-0.3075,-0.0523,-0.2145,-0.2067,1,0,1,0,0,0,0,0,1,460.0,21.0,460.0,439.0,ADC_CORRECT,ADC 中值滤波准备中,0,0,1
1.933,555.0,785.0,381.0,1060.0,-0.302,-0.0436,-0.2145,-0.1795,1,0,1,0,0,0,0,0,1,445.0,21.0,445.0,424.0,ADC_CORRECT,ADC 中值滤波准备中,0,0,1
1.954,550.0,785.0,376.0,1051.0,-0.302,-0.0283,-0.2145,-0.1795,1,0,1,0,0,0,0,0,1,640.0,21.0,640.0,619.0,ADC_CORRECT,ADC 中值滤波准备中,0,0,1
1.974,547.0,785.0,374.0,1040.0,-0.3156,-0.0283,-0.2284,-0.1921,1,0,1,0,0,0,0,0,1,460.0,20.0,460.0,440.0,ADC_CORRECT,ADC 中值滤波准备中,0,0,1
1.994,546.0,788.0,373.0,1027.0,-0.3238,-0.0283,-0.234,-0.215,1,0,1,0,1,0,0,0,1,462.0,21.0,462.0,441.0,ADC_CORRECT,ADC 中值滤波准备中,0,0,1
2.014,550.0,793.0,376.0,1020.0,-0.3238,-0.0218,-0.234,-0.2422,1,0,1,0,1,0,0,0,1,561.0,21.0,561.0,540.0,ADC_CORRECT,ADC 中值滤波准备中,0,0,1
2.034,551.0,790.0,377.0,1015.0,-0.3156,-0.0174,-0.2284,-0.2568,1,0,1,0,1,0,0,0,1,529.0,30.0,529.0,499.0,ADC_CORRECT,ADC 正对确认 1/3，diff=439,0,0,1
2.054,554.0,790.0,377.0,1017.0,-0.3129,-0.0174,-0.2256,-0.263,1,0,1,0,1,0,0,0,1,576.0,21.0,576.0,555.0,ADC_CORRECT,ADC 正对确认 2/3，diff=441,0,0,1
2.074,555.0,788.0,377.0,1020.0,-0.3048,-0.0174,-0.2256,-0.263,1,0,1,0,1,0,0,0,1,510.0,20.0,510.0,490.0,REVERSE,ADC 矫正完成，倒车,-400,-400,1
2.094,557.0,786.0,378.0,1024.0,-0.302,-0.0218,-0.2256,-0.2568,1,0,1,0,1,0,0,0,1,577.0,21.0,577.0,556.0,REVERSE,ADC 矫正完成，倒车,-400,-400,1
2.115,557.0,785.0,378.0,1021.0,-0.2966,-0.0261,-0.2228,-0.2547,1,0,1,0,1,0,0,0,1,535.0,21.0,535.0,514.0,REVERSE,ADC 矫正完成，倒车,-400,-400,1
2.135,556.0,786.0,378.0,1021.0,-0.2966,-0.0261,-0.2228,-0.2547,1,0,1,0,1,0,0,0,1,578.0,22.0,578.0,556.0,REVERSE,ADC 矫正完成，倒车,-400,-400,1
2.155,558.0,790.0,379.0,1024.0,-0.2966,-0.0261,-0.2228,-0.2547,1,0,1,0,1,0,0,0,1,577.0,21.0,577.0,556.0,REVERSE,ADC 矫正完成，倒车,-400,-400,1
2.175,558.0,791.0,380.0,1024.0,-0.2939,-0.0174,-0.2201,-0.2484,1,0,1,0,1,0,0,0,1,509.0,21.0,509.0,488.0,REVERSE,ADC 矫正完成，倒车,-400,-400,1
2.195,557.0,791.0,379.0,1020.0,-0.2939,-0.0153,-0.2201,-0.2484,1,0,1,0,1,0,0,0,1,511.0,21.0,511.0,490.0,REVERSE,ADC 矫正完成，倒车,-400,-400,1
2.216,557.0,792.0,379.0,1024.0,-0.2966,-0.0153,-0.2201,-0.2484,1,0,1,0,1,0,0,0,1,510.0,21.0,510.0,489.0,REVERSE,ADC 矫正完成，倒车,-400,-400,1
2.236,559.0,792.0,380.0,1024.0,-0.2966,-0.0131,-0.2201,-0.2484,1,0,1,0,1,0,0,0,1,509.0,21.0,509.0,488.0,REVERSE,ADC 矫正完成，倒车,-400,-400,1
2.256,556.0,790.0,378.0,1018.0,-0.2966,-0.0131,-0.2201,-0.2484,1,0,1,0,1,0,0,0,1,584.0,22.0,584.0,562.0,REVERSE,ADC 矫正完成，倒车,-400,-400,1
2.276,554.0,790.0,378.0,1013.0,-0.2993,-0.0174,-0.2228,-0.261,1,0,1,0,1,0,0,0,1,561.0,25.0,561.0,536.0,REVERSE,ADC 矫正完成，倒车,-400,-400,1
2.296,554.0,790.0,378.0,1013.0,-0.3048,-0.0174,-0.2228,-0.2714,1,0,1,0,1,0,0,0,1,561.0,25.0,561.0,536.0,REVERSE,ADC 矫正完成，倒车,-400,-400,1
2.316,552.0,789.0,376.0,1013.0,-0.3048,-0.0174,-0.2228,-0.2714,1,0,1,0,1,0,0,0,1,593.0,21.0,593.0,572.0,REVERSE,ADC 矫正完成，倒车,-400,-400,1
2.337,548.0,784.0,375.0,1014.0,-0.3102,-0.0196,-0.2284,-0.2714,1,0,1,0,1,0,0,0,1,494.0,22.0,494.0,472.0,REVERSE,ADC 矫正完成，倒车,-400,-400,1
2.357,546.0,784.0,376.0,1024.0,-0.3211,-0.0305,-0.2284,-0.2693,1,0,1,0,1,0,0,0,1,479.0,20.0,479.0,459.0,REVERSE,ADC 矫正完成，倒车,-400,-400,1
2.377,546.0,780.0,380.0,1033.0,-0.3265,-0.0305,-0.2284,-0.2484,1,0,1,0,0,0,0,0,1,545.0,26.0,545.0,519.0,REVERSE,ADC 矫正完成，倒车,-400,-400,1
2.397,551.0,782.0,383.0,1045.0,-0.3265,-0.0349,-0.2173,-0.2296,1,0,1,0,0,0,0,0,1,460.0,21.0,460.0,439.0,REVERSE,ADC 矫正完成，倒车,-400,-400,1
2.417,555.0,778.0,384.0,1060.0,-0.3129,-0.0392,-0.2089,-0.2046,1,0,1,0,0,0,0,0,1,512.0,23.0,512.0,489.0,REVERSE,ADC 矫正完成，倒车,-400,-400,1
2.437,555.0,765.0,382.0,1056.0,-0.302,-0.0436,-0.2089,-0.1816,1,0,1,0,0,0,0,0,1,413.0,20.0,413.0,393.0,REVERSE,ADC 矫正完成，倒车,-400,-400,1
2.457,549.0,765.0,383.0,1042.0,-0.302,-0.0719,-0.2089,-0.1816,1,0,1,0,0,0,0,0,1,690.0,33.0,690.0,657.0,REVERSE,ADC 矫正完成，倒车,-400,-400,1
2.478,546.0,774.0,380.0,1038.0,-0.3184,-0.0719,-0.2117,-0.2109,1,0,1,0,0,0,0,0,1,397.0,21.0,397.0,376.0,REVERSE,ADC 矫正完成，倒车,-400,-400,1
2.498,545.0,775.0,366.0,1028.0,-0.3265,-0.0523,-0.2173,-0.2192,1,0,1,0,0,0,0,0,1,430.0,22.0,430.0,408.0,REVERSE,ADC 矫正完成，倒车,-400,-400,1
2.518,545.0,778.0,362.0,1034.0,-0.3293,-0.0501,-0.2563,-0.2276,1,0,1,0,0,0,0,0,1,413.0,22.0,413.0,391.0,REVERSE,ADC 矫正完成，倒车,-400,-400,1
2.538,546.0,776.0,369.0,1037.0,-0.3293,-0.0479,-0.2563,-0.2276,1,0,1,0,0,0,0,0,1,316.0,22.0,316.0,294.0,REVERSE,ADC 矫正完成，倒车,-400,-400,1
2.558,543.0,773.0,385.0,1032.0,-0.3293,-0.0479,-0.2479,-0.2276,1,0,1,0,0,0,0,0,1,330.0,20.0,330.0,310.0,REVERSE,ADC 矫正完成，倒车,-400,-400,1
2.578,540.0,777.0,378.0,1024.0,-0.3347,-0.0479,-0.2228,-0.2317,1,0,1,0,0,0,0,0,1,316.0,36.0,316.0,280.0,REVERSE,ADC 矫正完成，倒车,-400,-400,1
2.598,534.0,768.0,368.0,1017.0,-0.3429,-0.0545,-0.2228,-0.2484,1,0,1,0,0,0,0,0,1,563.0,24.0,563.0,539.0,REVERSE,ADC 矫正完成，倒车,-400,-400,1
2.619,532.0,757.0,368.0,1026.0,-0.3592,-0.0654,-0.2507,-0.2484,1,0,1,0,0,0,0,0,1,332.0,22.0,332.0,310.0,REVERSE,ADC 矫正完成，倒车,-400,-400,1
2.639,535.0,775.0,375.0,1029.0,-0.3592,-0.0654,-0.2507,-0.2443,1,0,1,0,0,0,0,0,1,397.0,21.0,397.0,376.0,REVERSE,ADC 矫正完成，倒车,-400,-400,1
2.659,538.0,777.0,374.0,1033.0,-0.3565,-0.0501,-0.234,-0.238,1,0,1,0,0,0,0,0,1,332.0,21.0,332.0,311.0,REVERSE,ADC 矫正完成，倒车,-400,-400,1
2.679,550.0,763.0,373.0,1024.0,-0.3483,-0.0501,-0.234,-0.238,1,0,1,0,0,0,0,0,1,250.0,21.0,250.0,229.0,REVERSE,ADC 矫正完成，倒车,-400,-400,1
2.699,547.0,766.0,379.0,1006.0,-0.3238,-0.0697,-0.234,-0.2484,1,0,0,0,0,0,0,0,1,272.0,21.0,272.0,251.0,SAFE_STOP,倒车完成（前头红外无值）,0,0,1
2.719,544.0,753.0,370.0,995.0,-0.3238,-0.0763,-0.2368,-0.286,1,0,0,0,0,0,0,0,1,251.0,21.0,251.0,230.0,SAFE_STOP,倒车完成（前头红外无值）,0,0,1
2.739,546.0,746.0,368.0,995.0,-0.3265,-0.098,-0.2451,-0.309,1,0,0,0,0,0,0,0,1,299.0,21.0,299.0,278.0,SAFE_STOP,倒车完成（前头红外无值）,0,0,1
2.761,540.0,753.0,365.0,1001.0,-0.332,-0.098,-0.2507,-0.309,1,0,0,0,0,0,0,0,1,282.0,22.0,282.0,260.0,SAFE_STOP,倒车完成（前头红外无值）,0,0,1
2.781,538.0,750.0,353.0,1006.0,-0.3429,-0.1046,-0.2591,-0.2965,1,0,0,0,0,0,0,0,1,168.0,22.0,168.0,146.0,SAFE_STOP,倒车完成（前头红外无值）,0,0,1
2.801,539.0,747.0,354.0,1009.0,-0.3456,-0.1046,-0.2897,-0.286,1,0,0,0,0,0,0,0,1,151.0,21.0,151.0,130.0,SAFE_STOP,倒车完成（前头红外无值）,0,0,1
2.821,539.0,747.0,354.0,1009.0,-0.3456,-0.1111,-0.2897,-0.2797,1,0,0,0,0,0,0,0,1,151.0,21.0,151.0,130.0,SAFE_STOP,倒车完成（前头红外无值）,0,0,1
2.841,534.0,744.0,365.0,1016.0,-0.3456,-0.1111,-0.2897,-0.2797,1,0,0,0,0,0,0,0,1,217.0,22.0,217.0,195.0,SAFE_STOP,倒车完成（前头红外无值）,0,0,1
2.862,533.0,746.0,369.0,1026.0,-0.3592,-0.1133,-0.2591,-0.2651,1,0,0,0,0,0,0,0,1,494.0,34.0,494.0,460.0,SAFE_STOP,倒车完成（前头红外无值）,0,0,1
2.882,535.0,747.0,364.0,1033.0,-0.3592,-0.1133,-0.2591,-0.2443,1,0,0,0,0,0,0,0,1,478.0,21.0,478.0,457.0,SAFE_STOP,倒车完成（前头红外无值）,0,0,1
2.902,535.0,747.0,362.0,1033.0,-0.3565,-0.1111,-0.2618,-0.2296,1,0,0,0,0,0,0,0,1,235.0,21.0,235.0,214.0,SAFE_STOP,倒车完成（前头红外无值）,0,0,1
2.922,535.0,748.0,362.0,1035.0,-0.3565,-0.1111,-0.2674,-0.2296,1,0,0,0,0,0,0,0,1,266.0,21.0,266.0,245.0,SAFE_STOP,倒车完成（前头红外无值）,0,0,1
2.942,536.0,748.0,363.0,1036.0,-0.3565,-0.1089,-0.2674,-0.2255,1,0,0,0,0,0,0,0,1,42.0,21.0,42.0,21.0,SAFE_STOP,倒车完成（前头红外无值）,0,0,1
2.962,535.0,746.0,363.0,1035.0,-0.3565,-0.1089,-0.2646,-0.2255,1,0,0,0,0,0,0,0,1,17.0,21.0,21.0,-4.0,SAFE_STOP,倒车完成（前头红外无值）,0,0,1
2.982,536.0,749.0,364.0,1038.0,-0.3537,-0.1089,-0.2646,-0.2234,1,0,0,0,0,0,0,0,1,235.0,22.0,235.0,213.0,SAFE_STOP,倒车完成（前头红外无值）,0,0,1
3.002,537.0,748.0,363.0,1037.0,-0.3537,-0.1089,-0.2646,-0.2213,1,0,0,0,0,0,0,0,1,321.0,21.0,321.0,300.0,SAFE_STOP,倒车完成（前头红外无值）,0,0,1
3.023,536.0,747.0,363.0,1036.0,-0.3537,-0.1089,-0.2646,-0.2213,1,0,0,0,0,0,0,0,1,233.0,21.0,233.0,212.0,SAFE_STOP,倒车完成（前头红外无值）,0,0,1
3.043,537.0,748.0,364.0,1039.0,-0.351,-0.1089,-0.2646,-0.2213,1,0,0,0,0,0,0,0,1,200.0,21.0,200.0,179.0,SAFE_STOP,倒车完成（前头红外无值）,0,0,1
3.063,538.0,750.0,364.0,1040.0,-0.351,-0.1089,-0.2618,-0.2171,1,0,0,0,0,0,0,0,1,217.0,21.0,217.0,196.0,SAFE_STOP,倒车完成（前头红外无值）,0,0,1
3.083,537.0,747.0,362.0,1038.0,-0.351,-0.1089,-0.2618,-0.2171,1,0,0,0,0,0,0,0,1,208.0,23.0,208.0,185.0,SAFE_STOP,倒车完成（前头红外无值）,0,0,1
3.103,538.0,750.0,364.0,1041.0,-0.3483,-0.1046,-0.2618,-0.215,1,0,0,0,0,0,0,0,1,232.0,21.0,232.0,211.0,SAFE_STOP,倒车完成（前头红外无值）,0,0,1
3.124,537.0,749.0,364.0,1040.0,-0.351,-0.1068,-0.2618,-0.215,1,0,0,0,0,0,0,0,1,233.0,21.0,233.0,212.0,SAFE_STOP,倒车完成（前头红外无值）,0,0,1
3.144,537.0,748.0,363.0,1038.0,-0.351,-0.1068,-0.2618,-0.215,1,0,0,0,0,0,0,0,1,168.0,21.0,168.0,147.0,SAFE_STOP,倒车完成（前头红外无值）,0,0,1
3.165,538.0,750.0,364.0,1042.0,-0.351,-0.1068,-0.2618,-0.215,1,0,0,0,0,0,0,0,1,200.0,21.0,200.0,179.0,SAFE_STOP,倒车完成（前头红外无值）,0,0,1
3.185,538.0,750.0,364.0,1040.0,-0.3483,-0.1046,-0.2618,-0.215,1,0,0,0,0,0,0,0,1,184.0,20.0,184.0,164.0,SAFE_STOP,倒车完成（前头红外无值）,0,0,1
3.205,537.0,749.0,363.0,1040.0,-0.3483,-0.1046,-0.2618,-0.215,1,0,0,0,0,0,0,0,1,217.0,32.0,217.0,185.0,SAFE_STOP,倒车完成（前头红外无值）,0,0,1
3.225,538.0,750.0,363.0,1041.0,-0.3483,-0.1046,-0.2646,-0.215,1,0,0,0,0,0,0,0,1,233.0,21.0,233.0,212.0,SAFE_STOP,倒车完成（前头红外无值）,0,0,1
3.245,537.0,749.0,364.0,1040.0,-0.351,-0.1068,-0.2646,-0.215,1,0,0,0,0,0,0,0,1,362.0,20.0,362.0,342.0,SAFE_STOP,倒车完成（前头红外无值）,0,0,1
3.266,537.0,747.0,362.0,1039.0,-0.351,-0.1068,-0.2646,-0.215,1,0,0,0,0,0,0,0,1,364.0,21.0,364.0,343.0,SAFE_STOP,倒车完成（前头红外无值）,0,0,1
3.286,538.0,750.0,364.0,1040.0,-0.351,-0.1068,-0.2618,-0.215,1,0,0,0,0,0,0,0,1,200.0,20.0,200.0,180.0,SAFE_STOP,倒车完成（前头红外无值）,0,0,1
3.306,538.0,750.0,364.0,1041.0,-0.3483,-0.1046,-0.2618,-0.215,1,0,0,0,0,0,0,0,1,199.0,20.0,199.0,179.0,SAFE_STOP,倒车完成（前头红外无值）,0,0,1
3.326,538.0,748.0,363.0,1040.0,-0.3483,-0.1046,-0.2618,-0.215,1,0,0,0,0,0,0,0,1,183.0,21.0,183.0,162.0,SAFE_STOP,倒车完成（前头红外无值）,0,0,1
3.347,537.0,749.0,364.0,1041.0,-0.3483,-0.1068,-0.2618,-0.2129,1,0,0,0,0,0,0,0,1,33.0,20.0,33.0,13.0,SAFE_STOP,倒车完成（前头红外无值）,0,0,1
3.367,537.0,749.0,364.0,1041.0,-0.351,-0.1068,-0.2618,-0.2129,1,0,0,0,0,0,0,0,1,183.0,21.0,183.0,162.0,SAFE_STOP,倒车完成（前头红外无值）,0,0,1
3.387,536.0,747.0,363.0,1038.0,-0.351,-0.1068,-0.2618,-0.2129,1,0,0,0,0,0,0,0,1,331.0,28.0,331.0,303.0,SAFE_STOP,倒车完成（前头红外无值）,0,0,1
3.407,538.0,750.0,364.0,1041.0,-0.351,-0.1068,-0.2618,-0.2129,1,0,0,0,0,0,0,0,1,200.0,20.0,200.0,180.0,SAFE_STOP,倒车完成（前头红外无值）,0,0,1
3.428,537.0,749.0,364.0,1040.0,-0.351,-0.1068,-0.2618,-0.215,1,0,0,0,0,0,0,0,1,251.0,22.0,251.0,229.0,SAFE_STOP,倒车完成（前头红外无值）,0,0,1
3.448,537.0,749.0,364.0,1040.0,-0.351,-0.1068,-0.2618,-0.215,1,0,0,0,0,0,0,0,1,380.0,21.0,380.0,359.0,SAFE_STOP,倒车完成（前头红外无值）,0,0,1
3.468,537.0,750.0,364.0,1040.0,-0.351,-0.1068,-0.2618,-0.215,1,0,0,0,0,0,0,0,1,186.0,21.0,186.0,165.0,SAFE_STOP,倒车完成（前头红外无值）,0,0,1
3.488,537.0,749.0,364.0,1040.0,-0.351,-0.1068,-0.2618,-0.215,1,0,0,0,0,0,0,0,1,183.0,34.0,183.0,149.0,SAFE_STOP,倒车完成（前头红外无值）,0,0,1
3.508,537.0,749.0,363.0,1039.0,-0.351,-0.1068,-0.2618,-0.215,1,0,0,0,0,0,0,0,1,201.0,21.0,201.0,180.0,SAFE_STOP,倒车完成（前头红外无值）,0,0,1
3.529,538.0,750.0,364.0,1040.0,-0.351,-0.1068,-0.2618,-0.215,1,0,0,0,0,0,0,0,1,232.0,20.0,232.0,212.0,SAFE_STOP,倒车完成（前头红外无值）,0,0,1
3.549,538.0,750.0,364.0,1040.0,-0.3483,-0.1046,-0.2618,-0.215,1,0,0,0,0,0,0,0,1,232.0,20.0,232.0,212.0,SAFE_STOP,倒车完成（前头红外无值）,0,0,1
3.569,537.0,749.0,364.0,1040.0,-0.3483,-0.1046,-0.2618,-0.215,1,0,0,0,0,0,0,0,1,250.0,21.0,250.0,229.0,SAFE_STOP,倒车完成（前头红外无值）,0,0,1
3.589,536.0,748.0,364.0,1038.0,-0.351,-0.1068,-0.2618,-0.215,1,0,0,0,0,0,0,0,1,234.0,19.0,234.0,215.0,SAFE_STOP,倒车完成（前头红外无值）,0,0,1
3.609,538.0,750.0,365.0,1041.0,-0.351,-0.1068,-0.2618,-0.215,1,0,0,0,0,0,0,0,1,183.0,20.0,183.0,163.0,SAFE_STOP,倒车完成（前头红外无值）,0,0,1
3.629,537.0,749.0,364.0,1040.0,-0.351,-0.1068,-0.2618,-0.215,1,0,0,0,0,0,0,0,1,166.0,21.0,166.0,145.0,SAFE_STOP,倒车完成（前头红外无值）,0,0,1
3.649,537.0,749.0,363.0,1040.0,-0.351,-0.1068,-0.2618,-0.215,1,0,0,0,0,0,0,0,1,200.0,21.0,200.0,179.0,SAFE_STOP,倒车完成（前头红外无值）,0,0,1
3.669,537.0,749.0,363.0,1040.0,-0.351,-0.1068,-0.2646,-0.215,1,0,0,0,0,0,0,0,1,233.0,21.0,233.0,212.0,SAFE_STOP,倒车完成（前头红外无值）,0,0,1
3.689,536.0,748.0,363.0,1038.0,-0.351,-0.1068,-0.2646,-0.215,1,0,0,0,0,0,0,0,1,250.0,21.0,250.0,229.0,SAFE_STOP,倒车完成（前头红外无值）,0,0,1
3.709,537.0,748.0,363.0,1040.0,-0.351,-0.1089,-0.2646,-0.215,1,0,0,0,0,0,0,0,1,233.0,21.0,233.0,212.0,SAFE_STOP,倒车完成（前头红外无值）,0,0,1
3.73,538.0,750.0,364.0,1041.0,-0.351,-0.1089,-0.2646,-0.215,1,0,0,0,0,0,0,0,1,140.0,21.0,140.0,119.0,SAFE_STOP,倒车完成（前头红外无值）,0,0,1
3.75,537.0,749.0,364.0,1040.0,-0.351,-0.1068,-0.2618,-0.215,1,0,0,0,0,0,0,0,1,33.0,28.0,33.0,5.0,SAFE_STOP,倒车完成（前头红外无值）,0,0,1
3.77,536.0,748.0,363.0,1038.0,-0.351,-0.1068,-0.2618,-0.215,1,0,0,0,0,0,0,0,1,200.0,20.0,200.0,180.0,SAFE_STOP,倒车完成（前头红外无值）,0,0,1
3.79,536.0,748.0,364.0,1040.0,-0.3537,-0.1089,-0.2618,-0.215,1,0,0,0,0,0,0,0,1,363.0,23.0,363.0,340.0,SAFE_STOP,倒车完成（前头红外无值）,0,0,1
3.81,537.0,749.0,364.0,1040.0,-0.3537,-0.1089,-0.2618,-0.215,1,0,0,0,0,0,0,0,1,232.0,20.0,232.0,212.0,SAFE_STOP,倒车完成（前头红外无值）,0,0,1
3.83,538.0,749.0,364.0,1040.0,-0.351,-0.1068,-0.2618,-0.215,1,0,0,0,0,0,0,0,1,183.0,20.0,183.0,163.0,SAFE_STOP,倒车完成（前头红外无值）,0,0,1
3.85,537.0,748.0,364.0,1040.0,-0.351,-0.1068,-0.2618,-0.215,1,0,0,0,0,0,0,0,1,297.0,34.0,297.0,263.0,SAFE_STOP,倒车完成（前头红外无值）,0,0,1
3.87,537.0,749.0,364.0,1040.0,-0.351,-0.1068,-0.2618,-0.215,1,0,0,0,0,0,0,0,1,150.0,34.0,150.0,116.0,SAFE_STOP,倒车完成（前头红外无值）,0,0,1
3.891,537.0,749.0,363.0,1039.0,-0.351,-0.1068,-0.2618,-0.215,1,0,0,0,0,0,0,0,1,26.0,21.0,26.0,5.0,SAFE_STOP,倒车完成（前头红外无值）,0,0,1
3.913,538.0,750.0,364.0,1040.0,-0.351,-0.1068,-0.2618,-0.215,1,0,0,0,0,0,0,0,1,250.0,21.0,250.0,229.0,SAFE_STOP,倒车完成（前头红外无值）,0,0,1
3.933,536.0,748.0,363.0,1040.0,-0.351,-0.1068,-0.2646,-0.215,1,0,0,0,0,0,0,0,1,150.0,34.0,150.0,116.0,SAFE_STOP,倒车完成（前头红外无值）,0,0,1
3.953,537.0,748.0,363.0,1040.0,-0.351,-0.1089,-0.2646,-0.215,1,0,0,0,0,0,0,0,1,201.0,31.0,201.0,170.0,SAFE_STOP,倒车完成（前头红外无值）,0,0,1
3.973,536.0,748.0,363.0,1039.0,-0.3537,-0.1089,-0.2646,-0.215,1,0,0,0,0,0,0,0,1,201.0,21.0,201.0,180.0,SAFE_STOP,倒车完成（前头红外无值）,0,0,1
3.993,538.0,749.0,364.0,1041.0,-0.351,-0.1089,-0.2646,-0.215,1,0,0,0,0,0,0,0,1,378.0,21.0,378.0,357.0,SAFE_STOP,倒车完成（前头红外无值）,0,0,1
4.014,537.0,750.0,364.0,1040.0,-0.351,-0.1068,-0.2618,-0.215,1,0,0,0,0,0,0,0,1,249.0,21.0,249.0,228.0,SAFE_STOP,倒车完成（前头红外无值）,0,0,1
4.034,537.0,749.0,364.0,1039.0,-0.351,-0.1068,-0.2618,-0.215,1,0,0,0,0,0,0,0,1,184.0,21.0,184.0,163.0,SAFE_STOP,倒车完成（前头红外无值）,0,0,1
4.054,537.0,750.0,364.0,1040.0,-0.351,-0.1046,-0.2618,-0.215,1,0,0,0,0,0,0,0,1,183.0,20.0,183.0,163.0,SAFE_STOP,倒车完成（前头红外无值）,0,0,1
4.074,537.0,750.0,364.0,1040.0,-0.351,-0.1046,-0.2618,-0.215,1,0,0,0,0,0,0,0,1,32.0,21.0,32.0,11.0,SAFE_STOP,倒车完成（前头红外无值）,0,0,1
4.094,537.0,750.0,364.0,1040.0,-0.351,-0.1046,-0.2618,-0.215,1,0,0,0,0,0,0,0,1,32.0,21.0,32.0,11.0,SAFE_STOP,倒车完成（前头红外无值）,0,0,1
4.114,537.0,750.0,364.0,1040.0,-0.351,-0.1046,-0.2618,-0.215,1,0,0,0,0,0,0,0,1,199.0,20.0,199.0,179.0,SAFE_STOP,倒车完成（前头红外无值）,0,0,1
4.134,537.0,749.0,363.0,1039.0,-0.351,-0.1046,-0.2618,-0.215,1,0,0,0,0,0,0,0,1,234.0,21.0,234.0,213.0,SAFE_STOP,倒车完成（前头红外无值）,0,0,1
4.155,537.0,748.0,363.0,1040.0,-0.351,-0.1068,-0.2646,-0.215,1,0,0,0,0,0,0,0,1,234.0,21.0,234.0,213.0,SAFE_STOP,倒车完成（前头红外无值）,0,0,1
4.175,538.0,750.0,364.0,1040.0,-0.351,-0.1068,-0.2646,-0.215,1,0,0,0,0,0,0,0,1,232.0,20.0,232.0,212.0,SAFE_STOP,倒车完成（前头红外无值）,0,0,1
4.195,537.0,748.0,363.0,1040.0,-0.351,-0.1089,-0.2646,-0.215,1,0,0,0,0,0,0,0,1,185.0,21.0,185.0,164.0,SAFE_STOP,倒车完成（前头红外无值）,0,0,1
4.215,537.0,748.0,364.0,1039.0,-0.351,-0.1089,-0.2618,-0.215,1,0,0,0,0,0,0,0,1,395.0,20.0,395.0,375.0,SAFE_STOP,倒车完成（前头红外无值）,0,0,1
4.235,537.0,750.0,364.0,1040.0,-0.351,-0.1089,-0.2618,-0.215,1,0,0,0,0,0,0,0,1,199.0,22.0,199.0,177.0,SAFE_STOP,倒车完成（前头红外无值）,0,0,1
4.255,538.0,750.0,364.0,1041.0,-0.351,-0.1046,-0.2618,-0.215,1,0,0,0,0,0,0,0,1,233.0,20.0,233.0,213.0,SAFE_STOP,倒车完成（前头红外无值）,0,0,1
4.275,537.0,749.0,364.0,1040.0,-0.351,-0.1046,-0.2618,-0.215,1,0,0,0,0,0,0,0,1,233.0,20.0,233.0,213.0,SAFE_STOP,倒车完成（前头红外无值）,0,0,1
4.295,537.0,749.0,364.0,1040.0,-0.351,-0.1068,-0.2618,-0.215,1,0,0,0,0,0,0,0,1,24.0,20.0,24.0,4.0,SAFE_STOP,倒车完成（前头红外无值）,0,0,1
4.315,536.0,749.0,363.0,1039.0,-0.351,-0.1068,-0.2618,-0.215,1,0,0,0,0,0,0,0,1,200.0,21.0,200.0,179.0,SAFE_STOP,倒车完成（前头红外无值）,0,0,1
4.336,537.0,749.0,364.0,1038.0,-0.351,-0.1068,-0.2618,-0.2171,1,0,0,0,0,0,0,0,1,200.0,20.0,200.0,180.0,SAFE_STOP,倒车完成（前头红外无值）,0,0,1
4.356,535.0,748.0,362.0,1036.0,-0.3537,-0.1068,-0.2646,-0.2192,1,0,0,0,0,0,0,0,1,560.0,21.0,560.0,539.0,SAFE_STOP,倒车完成（前头红外无值）,0,0,1
4.376,536.0,748.0,364.0,1038.0,-0.3537,-0.1089,-0.2618,-0.2192,1,0,0,0,0,0,0,0,1,249.0,21.0,249.0,228.0,SAFE_STOP,倒车完成（前头红外无值）,0,0,1
4.396,536.0,748.0,363.0,1038.0,-0.3537,-0.1089,-0.2646,-0.2192,1,0,0,0,0,0,0,0,1,184.0,21.0,184.0,163.0,SAFE_STOP,倒车完成（前头红外无值）,0,0,1
4.417,537.0,748.0,363.0,1038.0,-0.3537,-0.1089,-0.2646,-0.2192,1,0,0,0,0,0,0,0,1,217.0,21.0,217.0,196.0,SAFE_STOP,倒车完成（前头红外无值）,0,0,1
4.437,536.0,748.0,362.0,1039.0,-0.3537,-0.1089,-0.2646,-0.2192,1,0,0,0,0,0,0,0,1,53.0,21.0,53.0,32.0,SAFE_STOP,倒车完成（前头红外无值）,0,0,1
4.457,536.0,748.0,363.0,1038.0,-0.3537,-0.1089,-0.2646,-0.2192,1,0,0,0,0,0,0,0,1,200.0,22.0,200.0,178.0,SAFE_STOP,倒车完成（前头红外无值）,0,0,1
4.477,537.0,750.0,364.0,1040.0,-0.3537,-0.1089,-0.2646,-0.2171,1,0,0,0,0,0,0,0,1,233.0,21.0,233.0,212.0,SAFE_STOP,倒车完成（前头红外无值）,0,0,1
4.498,537.0,750.0,364.0,1040.0,-0.351,-0.1046,-0.2618,-0.215,1,0,0,0,0,0,0,0,1,444.0,20.0,444.0,424.0,SAFE_STOP,倒车完成（前头红外无值）,0,0,1
4.518,537.0,749.0,364.0,1040.0,-0.351,-0.1046,-0.2618,-0.215,1,0,0,0,0,0,0,0,1,216.0,20.0,216.0,196.0,SAFE_STOP,倒车完成（前头红外无值）,0,0,1
4.538,536.0,748.0,363.0,1037.0,-0.351,-0.1068,-0.2618,-0.215,1,0,0,0,0,0,0,0,1,200.0,23.0,200.0,177.0,SAFE_STOP,倒车完成（前头红外无值）,0,0,1
4.558,536.0,749.0,364.0,1038.0,-0.3537,-0.1068,-0.2618,-0.2192,1,0,0,0,0,0,0,0,1,200.0,21.0,200.0,179.0,SAFE_STOP,倒车完成（前头红外无值）,0,0,1
4.578,536.0,749.0,364.0,1038.0,-0.3537,-0.1068,-0.2618,-0.2192,1,0,0,0,0,0,0,0,1,200.0,21.0,200.0,179.0,SAFE_STOP,倒车完成（前头红外无值）,0,0,1
4.598,537.0,748.0,363.0,1039.0,-0.3537,-0.1068,-0.2618,-0.2192,1,0,0,0,0,0,0,0,1,215.0,22.0,215.0,193.0,SAFE_STOP,倒车完成（前头红外无值）,0,0,1
4.618,536.0,749.0,364.0,1040.0,-0.3537,-0.1068,-0.2618,-0.2171,1,0,0,0,0,0,0,0,1,249.0,21.0,249.0,228.0,SAFE_STOP,倒车完成（前头红外无值）,0,0,1
4.638,537.0,749.0,363.0,1040.0,-0.351,-0.1068,-0.2646,-0.215,1,0,0,0,0,0,0,0,1,201.0,21.0,201.0,180.0,SAFE_STOP,倒车完成（前头红外无值）,0,0,1
4.658,537.0,749.0,363.0,1040.0,-0.351,-0.1068,-0.2646,-0.215,1,0,0,0,0,0,0,0,1,200.0,21.0,200.0,179.0,SAFE_STOP,倒车完成（前头红外无值）,0,0,1
4.679,536.0,749.0,363.0,1038.0,-0.351,-0.1068,-0.2646,-0.215,1,0,0,0,0,0,0,0,1,208.0,21.0,208.0,187.0,SAFE_STOP,倒车完成（前头红外无值）,0,0,1
4.699,536.0,748.0,364.0,1039.0,-0.3537,-0.1068,-0.2646,-0.2171,1,0,0,0,0,0,0,0,1,133.0,21.0,133.0,112.0,SAFE_STOP,倒车完成（前头红外无值）,0,0,1
4.719,536.0,748.0,363.0,1039.0,-0.3537,-0.1089,-0.2646,-0.2171,1,0,0,0,0,0,0,0,1,167.0,20.0,167.0,147.0,SAFE_STOP,倒车完成（前头红外无值）,0,0,1
4.739,537.0,749.0,363.0,1040.0,-0.3537,-0.1089,-0.2646,-0.2171,1,0,0,0,0,0,0,0,1,234.0,21.0,234.0,213.0,SAFE_STOP,倒车完成（前头红外无值）,0,0,1
4.759,536.0,748.0,363.0,1038.0,-0.3537,-0.1089,-0.2646,-0.2171,1,0,0,0,0,0,0,0,1,550.0,20.0,550.0,530.0,SAFE_STOP,倒车完成（前头红外无值）,0,0,1
4.779,537.0,748.0,364.0,1038.0,-0.351,-0.1089,-0.2646,-0.2192,1,0,0,0,0,0,0,0,1,199.0,20.0,199.0,179.0,SAFE_STOP,倒车完成（前头红外无值）,0,0,1
4.799,536.0,749.0,364.0,1038.0,-0.3537,-0.1089,-0.2618,-0.2192,1,0,0,0,0,0,0,0,1,200.0,20.0,200.0,180.0,SAFE_STOP,倒车完成（前头红外无值）,0,0,1
4.819,537.0,750.0,364.0,1039.0,-0.351,-0.1068,-0.2618,-0.2192,1,0,0,0,0,0,0,0,1,250.0,20.0,250.0,230.0,SAFE_STOP,倒车完成（前头红外无值）,0,0,1
4.839,536.0,749.0,364.0,1038.0,-0.3537,-0.1068,-0.2618,-0.2192,1,0,0,0,0,0,0,0,1,101.0,20.0,101.0,81.0,SAFE_STOP,倒车完成（前头红外无值）,0,0,1
4.859,537.0,749.0,364.0,1041.0,-0.351,-0.1068,-0.2618,-0.2171,1,0,0,0,0,0,0,0,1,232.0,20.0,232.0,212.0,SAFE_STOP,倒车完成（前头红外无值）,0,0,1
4.879,534.0,747.0,363.0,1037.0,-0.3537,-0.1068,-0.2618,-0.2192,1,0,0,0,0,0,0,0,1,184.0,20.0,184.0,164.0,SAFE_STOP,倒车完成（前头红外无值）,0,0,1
4.9,535.0,747.0,362.0,1036.0,-0.3565,-0.1111,-0.2646,-0.2213,1,0,0,0,0,0,0,0,1,251.0,22.0,251.0,229.0,SAFE_STOP,倒车完成（前头红外无值）,0,0,1
4.92,536.0,749.0,364.0,1040.0,-0.3565,-0.1111,-0.2646,-0.2213,1,0,0,0,0,0,0,0,1,199.0,21.0,199.0,178.0,SAFE_STOP,倒车完成（前头红外无值）,0,0,1
4.94,535.0,748.0,362.0,1036.0,-0.3565,-0.1089,-0.2674,-0.2234,1,0,0,0,0,0,0,0,1,251.0,22.0,251.0,229.0,SAFE_STOP,倒车完成（前头红外无值）,0,0,1
4.96,536.0,749.0,363.0,1038.0,-0.3537,-0.1068,-0.2646,-0.2192,1,0,0,0,0,0,0,0,1,413.0,22.0,413.0,391.0,SAFE_STOP,倒车完成（前头红外无值）,0,0,1
4.98,537.0,750.0,364.0,1039.0,-0.3537,-0.1068,-0.2646,-0.2192,1,0,0,0,0,0,0,0,1,215.0,21.0,215.0,194.0,SAFE_STOP,倒车完成（前头红外无值）,0,0,1
5.0,537.0,750.0,364.0,1038.0,-0.351,-0.1046,-0.2618,-0.2192,1,0,0,0,0,0,0,0,1,199.0,21.0,199.0,178.0,SAFE_STOP,倒车完成（前头红外无值）,0,0,1
5.02,536.0,748.0,363.0,1037.0,-0.351,-0.1046,-0.2618,-0.2192,1,0,0,0,0,0,0,0,1,202.0,23.0,202.0,179.0,SAFE_STOP,倒车完成（前头红外无值）,0,0,1
5.04,537.0,749.0,364.0,1040.0,-0.351,-0.1068,-0.2618,-0.2192,1,0,0,0,0,0,0,0,1,118.0,21.0,118.0,97.0,SAFE_STOP,倒车完成（前头红外无值）,0,0,1
5.06,536.0,749.0,364.0,1038.0,-0.3537,-0.1068,-0.2618,-0.2192,1,0,0,0,0,0,0,0,1,241.0,21.0,241.0,220.0,SAFE_STOP,倒车完成（前头红外无值）,0,0,1
5.08,536.0,748.0,363.0,1037.0,-0.3537,-0.1068,-0.2618,-0.2192,1,0,0,0,0,0,0,0,1,331.0,22.0,331.0,309.0,SAFE_STOP,倒车完成（前头红外无值）,0,0,1
5.1,537.0,750.0,363.0,1039.0,-0.3537,-0.1068,-0.2646,-0.2192,1,0,0,0,0,0,0,0,1,184.0,20.0,184.0,164.0,SAFE_STOP,倒车完成（前头红外无值）,0,0,1
5.121,538.0,749.0,364.0,1040.0,-0.351,-0.1068,-0.2646,-0.2171,1,0,0,0,0,0,0,0,1,200.0,21.0,200.0,179.0,SAFE_STOP,倒车完成（前头红外无值）,0,0,1
5.141,537.0,749.0,363.0,1039.0,-0.351,-0.1068,-0.2646,-0.2171,1,0,0,0,0,0,0,0,1,232.0,21.0,232.0,211.0,SAFE_STOP,倒车完成（前头红外无值）,0,0,1
5.161,538.0,750.0,364.0,1040.0,-0.3483,-0.1068,-0.2618,-0.215,1,0,0,0,0,0,0,0,1,199.0,20.0,199.0,179.0,SAFE_STOP,倒车完成（前头红外无值）,0,0,1
5.181,538.0,750.0,364.0,1040.0,-0.3483,-0.1046,-0.2618,-0.215,1,0,0,0,0,0,0,0,1,199.0,20.0,199.0,179.0,SAFE_STOP,倒车完成（前头红外无值）,0,0,1
5.201,536.0,750.0,364.0,1040.0,-0.3483,-0.1046,-0.2618,-0.215,1,0,0,0,0,0,0,0,1,250.0,27.0,250.0,223.0,SAFE_STOP,倒车完成（前头红外无值）,0,0,1
5.221,536.0,748.0,363.0,1038.0,-0.3537,-0.1046,-0.2618,-0.215,1,0,0,0,0,0,0,0,1,238.0,21.0,238.0,217.0,SAFE_STOP,倒车完成（前头红外无值）,0,0,1
5.242,537.0,747.0,364.0,1040.0,-0.3537,-0.1089,-0.2618,-0.215,1,0,0,0,0,0,0,0,1,139.0,21.0,139.0,118.0,SAFE_STOP,倒车完成（前头红外无值）,0,0,1
5.262,538.0,750.0,364.0,1040.0,-0.351,-0.1089,-0.2618,-0.215,1,0,0,0,0,0,0,0,1,33.0,20.0,33.0,13.0,SAFE_STOP,倒车完成（前头红外无值）,0,0,1
5.282,537.0,749.0,363.0,1038.0,-0.351,-0.1068,-0.2618,-0.215,1,0,0,0,0,0,0,0,1,200.0,20.0,200.0,180.0,SAFE_STOP,倒车完成（前头红外无值）,0,0,1
5.302,537.0,751.0,364.0,1040.0,-0.351,-0.1046,-0.2618,-0.215,1,0,0,0,0,0,0,0,1,198.0,20.0,198.0,178.0,SAFE_STOP,倒车完成（前头红外无值）,0,0,1
5.322,537.0,750.0,364.0,1039.0,-0.351,-0.1046,-0.2618,-0.2171,1,0,0,0,0,0,0,0,1,576.0,21.0,576.0,555.0,SAFE_STOP,倒车完成（前头红外无值）,0,0,1
5.342,537.0,750.0,364.0,1040.0,-0.351,-0.1046,-0.2618,-0.215,1,0,0,0,0,0,0,0,1,183.0,21.0,183.0,162.0,SAFE_STOP,倒车完成（前头红外无值）,0,0,1
5.362,536.0,749.0,364.0,1038.0,-0.351,-0.1046,-0.2618,-0.2171,1,0,0,0,0,0,0,0,1,476.0,34.0,476.0,442.0,SAFE_STOP,倒车完成（前头红外无值）,0,0,1
5.382,537.0,750.0,364.0,1040.0,-0.351,-0.1046,-0.2618,-0.215,1,0,0,0,0,0,0,0,1,216.0,20.0,216.0,196.0,SAFE_STOP,倒车完成（前头红外无值）,0,0,1
5.402,537.0,749.0,363.0,1039.0,-0.351,-0.1068,-0.2618,-0.2171,1,0,0,0,0,0,0,0,1,53.0,21.0,53.0,32.0,SAFE_STOP,倒车完成（前头红外无值）,0,0,1
5.423,537.0,749.0,364.0,1039.0,-0.351,-0.1068,-0.2618,-0.2171,1,0,0,0,0,0,0,0,1,233.0,20.0,233.0,213.0,SAFE_STOP,倒车完成（前头红外无值）,0,0,1
5.443,536.0,750.0,364.0,1039.0,-0.351,-0.1068,-0.2618,-0.2171,1,0,0,0,0,0,0,0,1,84.0,20.0,84.0,64.0,SAFE_STOP,倒车完成（前头红外无值）,0,0,1
5.463,537.0,751.0,364.0,1040.0,-0.351,-0.1046,-0.2618,-0.2171,1,0,0,0,0,0,0,0,1,528.0,20.0,528.0,508.0,SAFE_STOP,倒车完成（前头红外无值）,0,0,1
5.483,536.0,749.0,364.0,1039.0,-0.3537,-0.1046,-0.2618,-0.2171,1,0,0,0,0,0,0,0,1,200.0,21.0,200.0,179.0,SAFE_STOP,倒车完成（前头红外无值）,0,0,1
5.503,536.0,750.0,364.0,1039.0,-0.3537,-0.1046,-0.2618,-0.2171,1,0,0,0,0,0,0,0,1,256.0,21.0,256.0,235.0,SAFE_STOP,倒车完成（前头红外无值）,0,0,1
5.523,536.0,750.0,364.0,1039.0,-0.3537,-0.1046,-0.2618,-0.2171,1,0,0,0,0,0,0,0,1,256.0,21.0,256.0,235.0,SAFE_STOP,倒车完成（前头红外无值）,0,0,1
5.543,536.0,750.0,364.0,1040.0,-0.3537,-0.1046,-0.2618,-0.2171,1,0,0,0,0,0,0,0,1,233.0,22.0,233.0,211.0,SAFE_STOP,倒车完成（前头红外无值）,0,0,1
5.563,536.0,749.0,363.0,1038.0,-0.3537,-0.1046,-0.2618,-0.2171,1,0,0,0,0,0,0,0,1,217.0,21.0,217.0,196.0,SAFE_STOP,倒车完成（前头红外无值）,0,0,1
5.583,537.0,749.0,364.0,1040.0,-0.3537,-0.1068,-0.2618,-0.215,1,0,0,0,0,0,0,0,1,186.0,21.0,186.0,165.0,SAFE_STOP,倒车完成（前头红外无值）,0,0,1
5.604,536.0,750.0,364.0,1038.0,-0.3537,-0.1068,-0.2618,-0.2192,1,0,0,0,0,0,0,0,1,200.0,27.0,200.0,173.0,SAFE_STOP,倒车完成（前头红外无值）,0,0,1
5.624,537.0,751.0,363.0,1039.0,-0.351,-0.1046,-0.2618,-0.2171,1,0,0,0,0,0,0,0,1,201.0,20.0,201.0,181.0,SAFE_STOP,倒车完成（前头红外无值）,0,0,1
5.644,536.0,750.0,364.0,1040.0,-0.3537,-0.1046,-0.2618,-0.2171,1,0,0,0,0,0,0,0,1,250.0,21.0,250.0,229.0,SAFE_STOP,倒车完成（前头红外无值）,0,0,1
5.664,537.0,750.0,364.0,1040.0,-0.351,-0.1046,-0.2618,-0.215,1,0,0,0,0,0,0,0,1,134.0,21.0,134.0,113.0,SAFE_STOP,倒车完成（前头红外无值）,0,0,1
5.684,537.0,749.0,364.0,1038.0,-0.351,-0.1046,-0.2618,-0.215,1,0,0,0,0,0,0,0,1,168.0,21.0,168.0,147.0,SAFE_STOP,倒车完成（前头红外无值）,0,0,1
5.704,536.0,749.0,363.0,1038.0,-0.351,-0.1068,-0.2618,-0.2192,1,0,0,0,0,0,0,0,1,184.0,23.0,184.0,161.0,SAFE_STOP,倒车完成（前头红外无值）,0,0,1
5.724,537.0,750.0,364.0,1040.0,-0.351,-0.1068,-0.2618,-0.2192,1,0,0,0,0,0,0,0,1,527.0,20.0,527.0,507.0,SAFE_STOP,倒车完成（前头红外无值）,0,0,1
5.744,536.0,749.0,364.0,1038.0,-0.3537,-0.1068,-0.2618,-0.2192,1,0,0,0,0,0,0,0,1,347.0,20.0,347.0,327.0,SAFE_STOP,倒车完成（前头红外无值）,0,0,1
5.764,537.0,750.0,364.0,1039.0,-0.351,-0.1046,-0.2618,-0.2171,1,0,0,0,0,0,0,0,1,217.0,21.0,217.0,196.0,SAFE_STOP,倒车完成（前头红外无值）,0,0,1
5.785,536.0,749.0,364.0,1038.0,-0.3537,-0.1068,-0.2618,-0.2192,1,0,0,0,0,0,0,0,1,233.0,20.0,233.0,213.0,SAFE_STOP,倒车完成（前头红外无值）,0,0,1
5.805,537.0,749.0,364.0,1038.0,-0.351,-0.1068,-0.2618,-0.2192,1,0,0,0,0,0,0,0,1,23.0,21.0,23.0,2.0,SAFE_STOP,倒车完成（前头红外无值）,0,0,1
5.825,537.0,749.0,364.0,1038.0,-0.351,-0.1068,-0.2618,-0.2192,1,0,0,0,0,0,0,0,1,101.0,21.0,101.0,80.0,SAFE_STOP,倒车完成（前头红外无值）,0,0,1
5.845,537.0,749.0,364.0,1038.0,-0.351,-0.1068,-0.2618,-0.2192,1,0,0,0,0,0,0,0,1,206.0,26.0,206.0,180.0,SAFE_STOP,倒车完成（前头红外无值）,0,0,1
5.865,537.0,748.0,363.0,1038.0,-0.351,-0.1068,-0.2618,-0.2192,1,0,0,0,0,0,0,0,1,544.0,21.0,544.0,523.0,SAFE_STOP,倒车完成（前头红外无值）,0,0,1
5.885,537.0,750.0,364.0,1040.0,-0.351,-0.1068,-0.2618,-0.2192,1,0,0,0,0,0,0,0,1,544.0,20.0,544.0,524.0,SAFE_STOP,倒车完成（前头红外无值）,0,0,1
5.905,538.0,750.0,364.0,1038.0,-0.351,-0.1046,-0.2618,-0.2192,1,0,0,0,0,0,0,0,1,150.0,21.0,150.0,129.0,SAFE_STOP,倒车完成（前头红外无值）,0,0,1
5.925,538.0,750.0,364.0,1038.0,-0.3483,-0.1046,-0.2618,-0.2192,1,0,0,0,0,0,0,0,1,150.0,21.0,150.0,129.0,SAFE_STOP,倒车完成（前头红外无值）,0,0,1
5.945,536.0,749.0,363.0,1037.0,-0.3483,-0.1046,-0.2618,-0.2192,1,0,0,0,0,0,0,0,1,201.0,32.0,201.0,169.0,SAFE_STOP,倒车完成（前头红外无值）,0,0,1
5.966,537.0,749.0,364.0,1038.0,-0.351,-0.1068,-0.2618,-0.2192,1,0,0,0,0,0,0,0,1,172.0,23.0,172.0,149.0,SAFE_STOP,倒车完成（前头红外无值）,0,0,1
5.986,537.0,750.0,364.0,1040.0,-0.351,-0.1068,-0.2618,-0.2192,1,0,0,0,0,0,0,0,1,101.0,20.0,101.0,81.0,SAFE_STOP,倒车完成（前头红外无值）,0,0,1
6.006,536.0,749.0,364.0,1039.0,-0.351,-0.1068,-0.2618,-0.2171,1,0,0,0,0,0,0,0,1,233.0,21.0,233.0,212.0,SAFE_STOP,倒车完成（前头红外无值）,0,0,1
6.026,538.0,750.0,364.0,1040.0,-0.351,-0.1046,-0.2618,-0.215,1,0,0,0,0,0,0,0,1,329.0,20.0,329.0,309.0,SAFE_STOP,倒车完成（前头红外无值）,0,0,1
6.046,537.0,750.0,364.0,1040.0,-0.351,-0.1046,-0.2618,-0.215,1,0,0,0,0,0,0,0,1,233.0,20.0,233.0,213.0,SAFE_STOP,倒车完成（前头红外无值）,0,0,1
6.066,537.0,750.0,364.0,1038.0,-0.351,-0.1046,-0.2618,-0.215,1,0,0,0,0,0,0,0,1,200.0,21.0,200.0,179.0,SAFE_STOP,倒车完成（前头红外无值）,0,0,1
6.086,536.0,748.0,363.0,1037.0,-0.351,-0.1046,-0.2618,-0.2192,1,0,0,0,0,0,0,0,1,201.0,22.0,201.0,179.0,SAFE_STOP,倒车完成（前头红外无值）,0,0,1
6.106,538.0,750.0,364.0,1040.0,-0.351,-0.1046,-0.2618,-0.2192,1,0,0,0,0,0,0,0,1,346.0,20.0,346.0,326.0,SAFE_STOP,倒车完成（前头红外无值）,0,0,1
6.126,537.0,751.0,364.0,1040.0,-0.351,-0.1046,-0.2618,-0.215,1,0,0,0,0,0,0,0,1,233.0,20.0,233.0,213.0,SAFE_STOP,倒车完成（前头红外无值）,0,0,1
6.147,536.0,749.0,363.0,1038.0,-0.351,-0.1046,-0.2618,-0.215,1,0,0,0,0,0,0,0,1,200.0,21.0,200.0,179.0,SAFE_STOP,倒车完成（前头红外无值）,0,0,1
6.167,537.0,751.0,364.0,1040.0,-0.351,-0.1024,-0.2618,-0.215,1,0,0,0,0,0,0,0,1,182.0,20.0,182.0,162.0,SAFE_STOP,倒车完成（前头红外无值）,0,0,1
6.187,538.0,750.0,364.0,1040.0,-0.351,-0.1046,-0.2618,-0.215,1,0,0,0,0,0,0,0,1,101.0,21.0,101.0,80.0,SAFE_STOP,倒车完成（前头红外无值）,0,0,1
6.207,535.0,748.0,363.0,1036.0,-0.351,-0.1046,-0.2618,-0.215,1,0,0,0,0,0,0,0,1,250.0,22.0,250.0,228.0,SAFE_STOP,倒车完成（前头红外无值）,0,0,1
6.227,537.0,749.0,364.0,1038.0,-0.351,-0.1068,-0.2618,-0.2192,1,0,0,0,0,0,0,0,1,43.0,21.0,43.0,22.0,SAFE_STOP,倒车完成（前头红外无值）,0,0,1
6.247,537.0,749.0,364.0,1039.0,-0.351,-0.1068,-0.2618,-0.2192,1,0,0,0,0,0,0,0,1,477.0,21.0,477.0,456.0,SAFE_STOP,倒车完成（前头红外无值）,0,0,1
6.267,536.0,748.0,363.0,1037.0,-0.351,-0.1068,-0.2618,-0.2192,1,0,0,0,0,0,0,0,1,200.0,21.0,200.0,179.0,SAFE_STOP,倒车完成（前头红外无值）,0,0,1
6.287,536.0,748.0,363.0,1037.0,-0.3537,-0.1089,-0.2646,-0.2213,1,0,0,0,0,0,0,0,1,200.0,21.0,200.0,179.0,SAFE_STOP,倒车完成（前头红外无值）,0,0,1
6.307,537.0,750.0,364.0,1040.0,-0.3537,-0.1089,-0.2646,-0.2213,1,0,0,0,0,0,0,0,1,542.0,20.0,542.0,522.0,SAFE_STOP,倒车完成（前头红外无值）,0,0,1
6.328,538.0,751.0,364.0,1040.0,-0.351,-0.1046,-0.2618,-0.215,1,0,0,0,0,0,0,0,1,412.0,21.0,412.0,391.0,SAFE_STOP,倒车完成（前头红外无值）,0,0,1
6.348,537.0,749.0,363.0,1038.0,-0.351,-0.1046,-0.2618,-0.215,1,0,0,0,0,0,0,0,1,150.0,20.0,150.0,130.0,SAFE_STOP,倒车完成（前头红外无值）,0,0,1
6.368,537.0,751.0,364.0,1040.0,-0.351,-0.1024,-0.2618,-0.215,1,0,0,0,0,0,0,0,1,200.0,21.0,200.0,179.0,SAFE_STOP,倒车完成（前头红外无值）,0,0,1
6.388,537.0,750.0,363.0,1038.0,-0.351,-0.1046,-0.2646,-0.2192,1,0,0,0,0,0,0,0,1,18.0,20.0,20.0,-2.0,SAFE_STOP,倒车完成（前头红外无值）,0,0,1
6.408,536.0,749.0,363.0,1037.0,-0.351,-0.1046,-0.2646,-0.2192,1,0,0,0,0,0,0,0,1,233.0,21.0,233.0,212.0,SAFE_STOP,倒车完成（前头红外无值）,0,0,1
6.428,537.0,751.0,364.0,1040.0,-0.351,-0.1046,-0.2646,-0.2192,1,0,0,0,0,0,0,0,1,232.0,21.0,232.0,211.0,SAFE_STOP,倒车完成（前头红外无值）,0,0,1
6.448,536.0,749.0,364.0,1038.0,-0.3537,-0.1068,-0.2618,-0.2192,1,0,0,0,0,0,0,0,1,563.0,20.0,563.0,543.0,SAFE_STOP,倒车完成（前头红外无值）,0,0,1
6.468,537.0,749.0,364.0,1040.0,-0.351,-0.1068,-0.2618,-0.215,1,0,0,0,0,0,0,0,1,217.0,21.0,217.0,196.0,SAFE_STOP,倒车完成（前头红外无值）,0,0,1
6.488,537.0,750.0,365.0,1040.0,-0.351,-0.1068,-0.2618,-0.215,1,0,0,0,0,0,0,0,1,150.0,21.0,150.0,129.0,SAFE_STOP,倒车完成（前头红外无值）,0,0,1
6.508,537.0,750.0,365.0,1038.0,-0.351,-0.1046,-0.2591,-0.215,1,0,0,0,0,0,0,0,1,206.0,20.0,206.0,186.0,SAFE_STOP,倒车完成（前头红外无值）,0,0,1
6.529,538.0,750.0,364.0,1039.0,-0.351,-0.1046,-0.2591,-0.2171,1,0,0,0,0,0,0,0,1,134.0,20.0,134.0,114.0,SAFE_STOP,倒车完成（前头红外无值）,0,0,1
6.549,537.0,750.0,364.0,1040.0,-0.351,-0.1046,-0.2618,-0.2171,1,0,0,0,0,0,0,0,1,233.0,21.0,233.0,212.0,SAFE_STOP,倒车完成（前头红外无值）,0,0,1
6.569,537.0,750.0,364.0,1040.0,-0.351,-0.1046,-0.2618,-0.215,1,0,0,0,0,0,0,0,1,232.0,21.0,232.0,211.0,SAFE_STOP,倒车完成（前头红外无值）,0,0,1
6.589,536.0,749.0,363.0,1038.0,-0.351,-0.1046,-0.2618,-0.215,1,0,0,0,0,0,0,0,1,184.0,20.0,184.0,164.0,SAFE_STOP,倒车完成（前头红外无值）,0,0,1
6.609,537.0,750.0,364.0,1040.0,-0.351,-0.1046,-0.2618,-0.215,1,0,0,0,0,0,0,0,1,68.0,20.0,68.0,48.0,SAFE_STOP,倒车完成（前头红外无值）,0,0,1
6.629,537.0,749.0,363.0,1038.0,-0.351,-0.1068,-0.2646,-0.2192,1,0,0,0,0,0,0,0,1,201.0,22.0,201.0,179.0,SAFE_STOP,倒车完成（前头红外无值）,0,0,1
6.65,536.0,749.0,363.0,1038.0,-0.351,-0.1068,-0.2646,-0.2192,1,0,0,0,0,0,0,0,1,467.0,21.0,467.0,446.0,SAFE_STOP,倒车完成（前头红外无值）,0,0,1
6.67,538.0,750.0,364.0,1040.0,-0.351,-0.1068,-0.2646,-0.2192,1,0,0,0,0,0,0,0,1,233.0,20.0,233.0,213.0,SAFE_STOP,倒车完成（前头红外无值）,0,0,1
6.69,538.0,750.0,364.0,1040.0,-0.3483,-0.1046,-0.2618,-0.215,1,0,0,0,0,0,0,0,1,233.0,20.0,233.0,213.0,SAFE_STOP,倒车完成（前头红外无值）,0,0,1
6.71,536.0,748.0,363.0,1037.0,-0.3483,-0.1046,-0.2618,-0.215,1,0,0,0,0,0,0,0,1,185.0,22.0,185.0,163.0,SAFE_STOP,倒车完成（前头红外无值）,0,0,1
6.73,536.0,749.0,363.0,1038.0,-0.3537,-0.1068,-0.2646,-0.2192,1,0,0,0,0,0,0,0,1,217.0,24.0,217.0,193.0,SAFE_STOP,倒车完成（前头红外无值）,0,0,1
6.75,537.0,750.0,364.0,1040.0,-0.3537,-0.1068,-0.2646,-0.2192,1,0,0,0,0,0,0,0,1,134.0,20.0,134.0,114.0,SAFE_STOP,倒车完成（前头红外无值）,0,0,1
6.77,537.0,750.0,364.0,1040.0,-0.351,-0.1046,-0.2618,-0.215,1,0,0,0,0,0,0,0,1,33.0,21.0,33.0,12.0,SAFE_STOP,倒车完成（前头红外无值）,0,0,1
6.79,537.0,749.0,363.0,1039.0,-0.351,-0.1046,-0.2618,-0.215,1,0,0,0,0,0,0,0,1,233.0,21.0,233.0,212.0,SAFE_STOP,倒车完成（前头红外无值）,0,0,1
6.81,536.0,748.0,364.0,1039.0,-0.351,-0.1068,-0.2618,-0.2171,1,0,0,0,0,0,0,0,1,249.0,21.0,249.0,228.0,SAFE_STOP,倒车完成（前头红外无值）,0,0,1
6.831,537.0,751.0,364.0,1041.0,-0.351,-0.1068,-0.2618,-0.2171,1,0,0,0,0,0,0,0,1,543.0,21.0,543.0,522.0,SAFE_STOP,倒车完成（前头红外无值）,0,0,1
6.851,536.0,750.0,363.0,1039.0,-0.3537,-0.1046,-0.2618,-0.2171,1,0,0,0,0,0,0,0,1,200.0,21.0,200.0,179.0,SAFE_STOP,倒车完成（前头红外无值）,0,0,1
6.871,537.0,750.0,364.0,1040.0,-0.351,-0.1046,-0.2618,-0.215,1,0,0,0,0,0,0,0,1,394.0,20.0,394.0,374.0,SAFE_STOP,倒车完成（前头红外无值）,0,0,1
6.891,537.0,751.0,364.0,1040.0,-0.351,-0.1046,-0.2618,-0.215,1,0,0,0,0,0,0,0,1,232.0,22.0,232.0,210.0,SAFE_STOP,倒车完成（前头红外无值）,0,0,1
6.911,536.0,749.0,363.0,1038.0,-0.351,-0.1046,-0.2618,-0.215,1,0,0,0,0,0,0,0,1,151.0,21.0,151.0,130.0,SAFE_STOP,倒车完成（前头红外无值）,0,0,1
6.931,536.0,750.0,364.0,1040.0,-0.3537,-0.1046,-0.2618,-0.215,1,0,0,0,0,0,0,0,1,203.0,21.0,203.0,182.0,SAFE_STOP,倒车完成（前头红外无值）,0,0,1
6.951,536.0,748.0,363.0,1037.0,-0.3537,-0.1068,-0.2646,-0.2192,1,0,0,0,0,0,0,0,1,18.0,21.0,21.0,-3.0,SAFE_STOP,倒车完成（前头红外无值）,0,0,1
6.971,536.0,749.0,363.0,1038.0,-0.3537,-0.1068,-0.2646,-0.2192,1,0,0,0,0,0,0,0,1,380.0,20.0,380.0,360.0,SAFE_STOP,倒车完成（前头红外无值）,0,0,1
6.991,537.0,750.0,364.0,1040.0,-0.3537,-0.1068,-0.2646,-0.2192,1,0,0,0,0,0,0,0,1,233.0,22.0,233.0,211.0,SAFE_STOP,倒车完成（前头红外无值）,0,0,1
7.012,537.0,749.0,364.0,1039.0,-0.351,-0.1068,-0.2618,-0.2171,1,0,0,0,0,0,0,0,1,232.0,20.0,232.0,212.0,SAFE_STOP,倒车完成（前头红外无值）,0,0,1
7.032,537.0,750.0,365.0,1039.0,-0.351,-0.1046,-0.2618,-0.2171,1,0,0,0,0,0,0,0,1,217.0,21.0,217.0,196.0,SAFE_STOP,倒车完成（前头红外无值）,0,0,1
7.052,537.0,750.0,365.0,1039.0,-0.351,-0.1046,-0.2591,-0.2171,1,0,0,0,0,0,0,0,1,217.0,21.0,217.0,196.0,SAFE_STOP,倒车完成（前头红外无值）,0,0,1
7.072,537.0,749.0,364.0,1040.0,-0.351,-0.1046,-0.2591,-0.2171,1,0,0,0,0,0,0,0,1,201.0,21.0,201.0,180.0,SAFE_STOP,倒车完成（前头红外无值）,0,0,1
7.092,537.0,749.0,363.0,1038.0,-0.351,-0.1068,-0.2618,-0.2171,1,0,0,0,0,0,0,0,1,298.0,21.0,298.0,277.0,SAFE_STOP,倒车完成（前头红外无值）,0,0,1
7.112,536.0,749.0,363.0,1038.0,-0.351,-0.1068,-0.2646,-0.2192,1,0,0,0,0,0,0,0,1,207.0,21.0,207.0,186.0,SAFE_STOP,倒车完成（前头红外无值）,0,0,1
7.132,537.0,749.0,364.0,1040.0,-0.351,-0.1068,-0.2646,-0.2192,1,0,0,0,0,0,0,0,1,233.0,20.0,233.0,213.0,SAFE_STOP,倒车完成（前头红外无值）,0,0,1
7.152,536.0,748.0,364.0,1039.0,-0.3537,-0.1068,-0.2618,-0.2171,1,0,0,0,0,0,0,0,1,233.0,21.0,233.0,212.0,SAFE_STOP,倒车完成（前头红外无值）,0,0,1
7.173,536.0,748.0,364.0,1040.0,-0.3537,-0.1089,-0.2618,-0.215,1,0,0,0,0,0,0,0,1,16.0,20.0,20.0,-4.0,SAFE_STOP,倒车完成（前头红外无值）,0,0,1
7.193,537.0,750.0,364.0,1040.0,-0.3537,-0.1089,-0.2618,-0.215,1,0,0,0,0,0,0,0,1,233.0,20.0,233.0,213.0,SAFE_STOP,倒车完成（前头红外无值）,0,0,1
7.214,537.0,749.0,365.0,1040.0,-0.351,-0.1068,-0.2618,-0.215,1,0,0,0,0,0,0,0,1,200.0,21.0,200.0,179.0,SAFE_STOP,倒车完成（前头红外无值）,0,0,1
7.234,536.0,749.0,363.0,1038.0,-0.351,-0.1068,-0.2618,-0.215,1,0,0,0,0,0,0,0,1,592.0,22.0,592.0,570.0,SAFE_STOP,倒车完成（前头红外无值）,0,0,1
7.254,537.0,750.0,365.0,1041.0,-0.351,-0.1068,-0.2591,-0.215,1,0,0,0,0,0,0,0,1,232.0,20.0,232.0,212.0,SAFE_STOP,倒车完成（前头红外无值）,0,0,1
7.274,538.0,751.0,364.0,1041.0,-0.351,-0.1046,-0.2618,-0.2129,1,0,0,0,0,0,0,0,1,84.0,21.0,84.0,63.0,SAFE_STOP,倒车完成（前头红外无值）,0,0,1
7.294,537.0,748.0,363.0,1040.0,-0.351,-0.1046,-0.2618,-0.2129,1,0,0,0,0,0,0,0,1,200.0,23.0,200.0,177.0,SAFE_STOP,倒车完成（前头红外无值）,0,0,1
7.314,533.0,747.0,362.0,1037.0,-0.351,-0.1089,-0.2646,-0.215,1,0,0,0,0,0,0,0,1,184.0,21.0,184.0,163.0,SAFE_STOP,倒车完成（前头红外无值）,0,0,1
7.334,536.0,748.0,363.0,1040.0,-0.3537,-0.1089,-0.2646,-0.215,1,0,0,0,0,0,0,0,1,117.0,20.0,117.0,97.0,SAFE_STOP,倒车完成（前头红外无值）,0,0,1
7.355,535.0,748.0,363.0,1038.0,-0.3565,-0.1089,-0.2646,-0.2192,1,0,0,0,0,0,0,0,1,250.0,21.0,250.0,229.0,SAFE_STOP,倒车完成（前头红外无值）,0,0,1
7.375,535.0,747.0,362.0,1037.0,-0.3565,-0.1089,-0.2646,-0.2192,1,0,0,0,0,0,0,0,1,477.0,21.0,477.0,456.0,SAFE_STOP,倒车完成（前头红外无值）,0,0,1
7.396,536.0,748.0,361.0,1038.0,-0.3565,-0.1089,-0.2674,-0.2192,1,0,0,0,0,0,0,0,1,347.0,21.0,347.0,326.0,SAFE_STOP,倒车完成（前头红外无值）,0,0,1
7.416,536.0,748.0,361.0,1038.0,-0.3537,-0.1089,-0.2702,-0.2192,1,0,0,0,0,0,0,0,1,347.0,21.0,347.0,326.0,SAFE_STOP,倒车完成（前头红外无值）,0,0,1
7.436,535.0,747.0,363.0,1037.0,-0.3537,-0.1089,-0.2702,-0.2192,1,0,0,0,0,0,0,0,1,202.0,22.0,202.0,180.0,SAFE_STOP,倒车完成（前头红外无值）,0,0,1
7.456,535.0,747.0,363.0,1037.0,-0.3565,-0.1111,-0.2646,-0.2213,1,0,0,0,0,0,0,0,1,199.0,21.0,199.0,178.0,SAFE_STOP,倒车完成（前头红外无值）,0,0,1
7.477,536.0,748.0,363.0,1038.0,-0.3565,-0.1111,-0.2646,-0.2213,1,0,0,0,0,0,0,0,1,251.0,21.0,251.0,230.0,SAFE_STOP,倒车完成（前头红外无值）,0,0,1
7.497,536.0,748.0,362.0,1037.0,-0.3537,-0.1089,-0.2646,-0.2213,1,0,0,0,0,0,0,0,1,167.0,21.0,167.0,146.0,SAFE_STOP,倒车完成（前头红外无值）,0,0,1
7.517,535.0,746.0,362.0,1037.0,-0.3537,-0.1089,-0.2674,-0.2213,1,0,0,0,0,0,0,0,1,233.0,21.0,233.0,212.0,SAFE_STOP,倒车完成（前头红外无值）,0,0,1
7.537,535.0,748.0,363.0,1038.0,-0.3565,-0.1089,-0.2674,-0.2213,1,0,0,0,0,0,0,0,1,167.0,20.0,167.0,147.0,SAFE_STOP,倒车完成（前头红外无值）,0,0,1
7.557,534.0,747.0,362.0,1037.0,-0.3565,-0.1111,-0.2674,-0.2213,1,0,0,0,0,0,0,0,1,150.0,22.0,150.0,128.0,SAFE_STOP,倒车完成（前头红外无值）,0,0,1
7.578,535.0,747.0,362.0,1037.0,-0.3565,-0.1111,-0.2674,-0.2213,1,0,0,0,0,0,0,0,1,201.0,21.0,201.0,180.0,SAFE_STOP,倒车完成（前头红外无值）,0,0,1
7.598,536.0,747.0,362.0,1037.0,-0.3565,-0.1111,-0.2674,-0.2213,1,0,0,0,0,0,0,0,1,219.0,22.0,219.0,197.0,SAFE_STOP,倒车完成（前头红外无值）,0,0,1
7.618,535.0,748.0,363.0,1038.0,-0.3565,-0.1111,-0.2674,-0.2213,1,0,0,0,0,0,0,0,1,528.0,21.0,528.0,507.0,SAFE_STOP,倒车完成（前头红外无值）,0,0,1
7.638,534.0,744.0,361.0,1034.0,-0.3565,-0.1111,-0.2674,-0.2213,1,0,0,0,0,0,0,0,1,185.0,32.0,185.0,153.0,SAFE_STOP,倒车完成（前头红外无值）,0,0,1
7.659,535.0,747.0,364.0,1039.0,-0.3565,-0.1111,-0.2646,-0.2192,1,0,0,0,0,0,0,0,1,297.0,20.0,297.0,277.0,SAFE_STOP,倒车完成（前头红外无值）,0,0,1
7.679,535.0,747.0,362.0,1036.0,-0.3565,-0.1111,-0.2674,-0.2234,1,0,0,0,0,0,0,0,1,184.0,22.0,184.0,162.0,SAFE_STOP,倒车完成（前头红外无值）,0,0,1
7.699,534.0,746.0,361.0,1036.0,-0.3565,-0.1111,-0.2674,-0.2234,1,0,0,0,0,0,0,0,1,119.0,22.0,119.0,97.0,SAFE_STOP,倒车完成（前头红外无值）,0,0,1
7.719,536.0,747.0,364.0,1038.0,-0.3565,-0.1111,-0.2674,-0.2234,1,0,0,0,0,0,0,0,1,233.0,20.0,233.0,213.0,SAFE_STOP,倒车完成（前头红外无值）,0,0,1
7.739,536.0,748.0,363.0,1040.0,-0.3537,-0.1111,-0.2646,-0.2192,1,0,0,0,0,0,0,0,1,38.0,21.0,38.0,17.0,SAFE_STOP,倒车完成（前头红外无值）,0,0,1
7.759,536.0,748.0,362.0,1038.0,-0.3537,-0.1089,-0.2646,-0.2192,1,0,0,0,0,0,0,0,1,183.0,21.0,183.0,162.0,SAFE_STOP,倒车完成（前头红外无值）,0,0,1
7.779,536.0,746.0,362.0,1037.0,-0.3537,-0.1089,-0.2674,-0.2192,1,0,0,0,0,0,0,0,1,201.0,21.0,201.0,180.0,SAFE_STOP,倒车完成（前头红外无值）,0,0,1
7.799,534.0,747.0,362.0,1038.0,-0.3537,-0.1111,-0.2674,-0.2192,1,0,0,0,0,0,0,0,1,560.0,21.0,560.0,539.0,SAFE_STOP,倒车完成（前头红外无值）,0,0,1
7.82,535.0,747.0,364.0,1039.0,-0.3565,-0.1111,-0.2674,-0.2192,1,0,0,0,0,0,0,0,1,250.0,22.0,250.0,228.0,SAFE_STOP,倒车完成（前头红外无值）,0,0,1
7.84,536.0,748.0,363.0,1038.0,-0.3565,-0.1111,-0.2646,-0.2192,1,0,0,0,0,0,0,0,1,201.0,23.0,201.0,178.0,SAFE_STOP,倒车完成（前头红外无值）,0,0,1
7.86,535.0,747.0,363.0,1038.0,-0.3565,-0.1111,-0.2646,-0.2192,1,0,0,0,0,0,0,0,1,184.0,21.0,184.0,163.0,SAFE_STOP,倒车完成（前头红外无值）,0,0,1
7.88,537.0,749.0,364.0,1041.0,-0.3537,-0.1089,-0.2646,-0.2192,1,0,0,0,0,0,0,0,1,16.0,21.0,21.0,-5.0,SAFE_STOP,倒车完成（前头红外无值）,0,0,1
7.9,536.0,749.0,364.0,1040.0,-0.3537,-0.1068,-0.2618,-0.215,1,0,0,0,0,0,0,0,1,200.0,21.0,200.0,179.0,SAFE_STOP,倒车完成（前头红外无值）,0,0,1
7.92,535.0,749.0,364.0,1040.0,-0.3537,-0.1068,-0.2618,-0.215,1,0,0,0,0,0,0,0,1,250.0,20.0,250.0,230.0,SAFE_STOP,倒车完成（前头红外无值）,0,0,1
7.94,537.0,749.0,364.0,1040.0,-0.3537,-0.1068,-0.2618,-0.215,1,0,0,0,0,0,0,0,1,396.0,21.0,396.0,375.0,SAFE_STOP,倒车完成（前头红外无值）,0,0,1
7.96,537.0,751.0,364.0,1041.0,-0.351,-0.1068,-0.2618,-0.215,1,0,0,0,0,0,0,0,1,231.0,22.0,231.0,209.0,SAFE_STOP,倒车完成（前头红外无值）,0,0,1
7.981,537.0,749.0,364.0,1039.0,-0.351,-0.1068,-0.2618,-0.215,1,0,0,0,0,0,0,0,1,167.0,21.0,167.0,146.0,SAFE_STOP,倒车完成（前头红外无值）,0,0,1
8.001,537.0,749.0,364.0,1039.0,-0.351,-0.1068,-0.2618,-0.2171,1,0,0,0,0,0,0,0,1,167.0,21.0,167.0,146.0,SAFE_STOP,倒车完成（前头红外无值）,0,0,1
8.021,537.0,750.0,364.0,1041.0,-0.351,-0.1068,-0.2618,-0.2171,1,0,0,0,0,0,0,0,1,199.0,21.0,199.0,178.0,SAFE_STOP,倒车完成（前头红外无值）,0,0,1
8.042,535.0,747.0,363.0,1039.0,-0.351,-0.1068,-0.2618,-0.2171,1,0,0,0,0,0,0,0,1,201.0,34.0,201.0,167.0,SAFE_STOP,倒车完成（前头红外无值）,0,0,1
8.062,537.0,749.0,364.0,1041.0,-0.351,-0.1068,-0.2618,-0.2129,1,0,0,0,0,0,0,0,1,249.0,21.0,249.0,228.0,SAFE_STOP,倒车完成（前头红外无值）,0,0,1
8.082,537.0,749.0,364.0,1041.0,-0.351,-0.1068,-0.2618,-0.2129,1,0,0,0,0,0,0,0,1,234.0,21.0,234.0,213.0,SAFE_STOP,倒车完成（前头红外无值）,0,0,1
8.102,537.0,750.0,363.0,1040.0,-0.351,-0.1068,-0.2618,-0.2129,1,0,0,0,0,0,0,0,1,68.0,20.0,68.0,48.0,SAFE_STOP,倒车完成（前头红外无值）,0,0,1
8.122,536.0,748.0,363.0,1040.0,-0.351,-0.1068,-0.2646,-0.215,1,0,0,0,0,0,0,0,1,200.0,33.0,200.0,167.0,SAFE_STOP,倒车完成（前头红外无值）,0,0,1
8.142,537.0,749.0,364.0,1040.0,-0.351,-0.1068,-0.2646,-0.215,1,0,0,0,0,0,0,0,1,33.0,21.0,33.0,12.0,SAFE_STOP,倒车完成（前头红外无值）,0,0,1
8.163,537.0,750.0,364.0,1041.0,-0.351,-0.1068,-0.2618,-0.215,1,0,0,0,0,0,0,0,1,542.0,20.0,542.0,522.0,SAFE_STOP,倒车完成（前头红外无值）,0,0,1
8.183,536.0,748.0,363.0,1040.0,-0.351,-0.1068,-0.2618,-0.215,1,0,0,0,0,0,0,0,1,234.0,21.0,234.0,213.0,SAFE_STOP,倒车完成（前头红外无值）,0,0,1
8.203,537.0,750.0,365.0,1041.0,-0.351,-0.1046,-0.2618,-0.2129,1,0,0,0,0,0,0,0,1,543.0,31.0,543.0,512.0,SAFE_STOP,倒车完成（前头红外无值）,0,0,1
8.223,536.0,749.0,363.0,1040.0,-0.3537,-0.1068,-0.2646,-0.215,1,0,0,0,0,0,0,0,1,117.0,20.0,117.0,97.0,SAFE_STOP,倒车完成（前头红外无值）,0,0,1
8.243,536.0,749.0,363.0,1040.0,-0.3537,-0.1068,-0.2646,-0.215,1,0,0,0,0,0,0,0,1,41.0,22.0,41.0,19.0,SAFE_STOP,倒车完成（前头红外无值）,0,0,1
8.263,537.0,751.0,365.0,1042.0,-0.3537,-0.1068,-0.2646,-0.215,1,0,0,0,0,0,0,0,1,208.0,21.0,208.0,187.0,SAFE_STOP,倒车完成（前头红外无值）,0,0,1
8.283,536.0,749.0,364.0,1040.0,-0.3537,-0.1068,-0.2618,-0.215,1,0,0,0,0,0,0,0,1,68.0,26.0,68.0,42.0,SAFE_STOP,倒车完成（前头红外无值）,0,0,1
8.303,537.0,750.0,364.0,1040.0,-0.351,-0.1046,-0.2618,-0.215,1,0,0,0,0,0,0,0,1,282.0,20.0,282.0,262.0,SAFE_STOP,倒车完成（前头红外无值）,0,0,1
8.324,537.0,750.0,364.0,1042.0,-0.351,-0.1046,-0.2618,-0.215,1,0,0,0,0,0,0,0,1,184.0,20.0,184.0,164.0,SAFE_STOP,倒车完成（前头红外无值）,0,0,1
8.344,536.0,749.0,364.0,1040.0,-0.351,-0.1046,-0.2618,-0.215,1,0,0,0,0,0,0,0,1,509.0,29.0,509.0,480.0,SAFE_STOP,倒车完成（前头红外无值）,0,0,1
8.364,536.0,748.0,363.0,1039.0,-0.3537,-0.1068,-0.2618,-0.215,1,0,0,0,0,0,0,0,1,200.0,33.0,200.0,167.0,SAFE_STOP,倒车完成（前头红外无值）,0,0,1
8.385,538.0,750.0,364.0,1042.0,-0.3537,-0.1068,-0.2618,-0.215,1,0,0,0,0,0,0,0,1,234.0,21.0,234.0,213.0,SAFE_STOP,倒车完成（前头红外无值）,0,0,1
8.405,538.0,750.0,364.0,1042.0,-0.3483,-0.1046,-0.2618,-0.2109,1,0,0,0,0,0,0,0,1,231.0,21.0,231.0,210.0,SAFE_STOP,倒车完成（前头红外无值）,0,0,1
8.425,536.0,749.0,364.0,1040.0,-0.3483,-0.1046,-0.2618,-0.2109,1,0,0,0,0,0,0,0,1,157.0,21.0,157.0,136.0,SAFE_STOP,倒车完成（前头红外无值）,0,0,1
8.445,536.0,750.0,364.0,1040.0,-0.3537,-0.1046,-0.2618,-0.215,1,0,0,0,0,0,0,0,1,216.0,20.0,216.0,196.0,SAFE_STOP,倒车完成（前头红外无值）,0,0,1
8.465,536.0,750.0,364.0,1040.0,-0.3537,-0.1046,-0.2618,-0.215,1,0,0,0,0,0,0,0,1,216.0,20.0,216.0,196.0,SAFE_STOP,倒车完成（前头红外无值）,0,0,1
8.485,536.0,750.0,364.0,1041.0,-0.3537,-0.1046,-0.2618,-0.215,1,0,0,0,0,0,0,0,1,199.0,21.0,199.0,178.0,SAFE_STOP,倒车完成（前头红外无值）,0,0,1
8.506,537.0,749.0,363.0,1040.0,-0.3537,-0.1046,-0.2618,-0.215,1,0,0,0,0,0,0,0,1,200.0,21.0,200.0,179.0,SAFE_STOP,倒车完成（前头红外无值）,0,0,1
8.526,537.0,749.0,364.0,1040.0,-0.351,-0.1068,-0.2618,-0.215,1,0,0,0,0,0,0,0,1,184.0,21.0,184.0,163.0,SAFE_STOP,倒车完成（前头红外无值）,0,0,1
8.559,536.0,748.0,363.0,1040.0,-0.351,-0.1068,-0.2646,-0.215,1,0,0,0,0,0,0,0,1,346.0,22.0,346.0,324.0,SAFE_STOP,倒车完成（前头红外无值）,0,0,1
8.579,535.0,747.0,363.0,1039.0,-0.3537,-0.1089,-0.2646,-0.215,1,0,0,0,0,0,0,0,1,201.0,21.0,201.0,180.0,SAFE_STOP,倒车完成（前头红外无值）,0,0,1
8.6,537.0,749.0,364.0,1041.0,-0.3537,-0.1089,-0.2646,-0.215,1,0,0,0,0,0,0,0,1,200.0,20.0,200.0,180.0,SAFE_STOP,倒车完成（前头红外无值）,0,0,1
8.62,537.0,747.0,363.0,1040.0,-0.351,-0.1111,-0.2646,-0.215,1,0,0,0,0,0,0,0,1,232.0,20.0,232.0,212.0,SAFE_STOP,倒车完成（前头红外无值）,0,0,1
8.64,536.0,749.0,363.0,1040.0,-0.351,-0.1068,-0.2646,-0.215,1,0,0,0,0,0,0,0,1,184.0,22.0,184.0,162.0,SAFE_STOP,倒车完成（前头红外无值）,0,0,1
8.66,537.0,750.0,364.0,1041.0,-0.351,-0.1068,-0.2646,-0.215,1,0,0,0,0,0,0,0,1,17.0,20.0,20.0,-3.0,SAFE_STOP,倒车完成（前头红外无值）,0,0,1
8.68,537.0,749.0,364.0,1041.0,-0.351,-0.1068,-0.2618,-0.2129,1,0,0,0,0,0,0,0,1,199.0,20.0,199.0,179.0,SAFE_STOP,倒车完成（前头红外无值）,0,0,1
8.7,536.0,749.0,363.0,1038.0,-0.351,-0.1068,-0.2618,-0.2129,1,0,0,0,0,0,0,0,1,236.0,21.0,236.0,215.0,SAFE_STOP,倒车完成（前头红外无值）,0,0,1
8.721,536.0,749.0,363.0,1038.0,-0.3537,-0.1068,-0.2646,-0.2192,1,0,0,0,0,0,0,0,1,236.0,21.0,236.0,215.0,SAFE_STOP,倒车完成（前头红外无值）,0,0,1
8.741,538.0,750.0,364.0,1042.0,-0.3537,-0.1068,-0.2646,-0.2192,1,0,0,0,0,0,0,0,1,575.0,20.0,575.0,555.0,SAFE_STOP,倒车完成（前头红外无值）,0,0,1
8.761,537.0,750.0,364.0,1041.0,-0.351,-0.1046,-0.2618,-0.2129,1,0,0,0,0,0,0,0,1,233.0,21.0,233.0,212.0,SAFE_STOP,倒车完成（前头红外无值）,0,0,1
8.781,537.0,749.0,364.0,1040.0,-0.351,-0.1046,-0.2618,-0.2129,1,0,0,0,0,0,0,0,1,433.0,21.0,433.0,412.0,SAFE_STOP,倒车完成（前头红外无值）,0,0,1
8.801,536.0,749.0,364.0,1041.0,-0.351,-0.1068,-0.2618,-0.2129,1,0,0,0,0,0,0,0,1,100.0,25.0,100.0,75.0,SAFE_STOP,倒车完成（前头红外无值）,0,0,1
8.821,536.0,749.0,364.0,1040.0,-0.3537,-0.1068,-0.2618,-0.215,1,0,0,0,0,0,0,0,1,19.0,20.0,20.0,-1.0,SAFE_STOP,倒车完成（前头红外无值）,0,0,1
8.841,536.0,747.0,363.0,1037.0,-0.3537,-0.1068,-0.2618,-0.215,1,0,0,0,0,0,0,0,1,200.0,21.0,200.0,179.0,SAFE_STOP,倒车完成（前头红外无值）,0,0,1
8.862,537.0,750.0,364.0,1041.0,-0.3537,-0.1068,-0.2618,-0.215,1,0,0,0,0,0,0,0,1,248.0,19.0,248.0,229.0,SAFE_STOP,倒车完成（前头红外无值）,0,0,1
8.882,537.0,749.0,364.0,1041.0,-0.351,-0.1068,-0.2618,-0.2129,1,0,0,0,0,0,0,0,1,444.0,21.0,444.0,423.0,SAFE_STOP,倒车完成（前头红外无值）,0,0,1
8.902,536.0,749.0,364.0,1040.0,-0.351,-0.1068,-0.2618,-0.2129,1,0,0,0,0,0,0,0,1,184.0,21.0,184.0,163.0,SAFE_STOP,倒车完成（前头红外无值）,0,0,1
8.923,537.0,750.0,364.0,1041.0,-0.351,-0.1068,-0.2618,-0.2129,1,0,0,0,0,0,0,0,1,197.0,20.0,197.0,177.0,SAFE_STOP,倒车完成（前头红外无值）,0,0,1
8.943,537.0,749.0,364.0,1041.0,-0.351,-0.1068,-0.2618,-0.2129,1,0,0,0,0,0,0,0,1,200.0,22.0,200.0,178.0,SAFE_STOP,倒车完成（前头红外无值）,0,0,1
8.963,536.0,749.0,364.0,1041.0,-0.351,-0.1068,-0.2618,-0.2129,1,0,0,0,0,0,0,0,1,250.0,20.0,250.0,230.0,SAFE_STOP,倒车完成（前头红外无值）,0,0,1
8.984,537.0,749.0,364.0,1041.0,-0.351,-0.1068,-0.2618,-0.2129,1,0,0,0,0,0,0,0,1,237.0,22.0,237.0,215.0,SAFE_STOP,倒车完成（前头红外无值）,0,0,1
9.004,537.0,750.0,364.0,1041.0,-0.351,-0.1068,-0.2618,-0.2129,1,0,0,0,0,0,0,0,1,233.0,21.0,233.0,212.0,SAFE_STOP,倒车完成（前头红外无值）,0,0,1
9.024,536.0,748.0,363.0,1039.0,-0.351,-0.1068,-0.2618,-0.2129,1,0,0,0,0,0,0,0,1,168.0,22.0,168.0,146.0,SAFE_STOP,倒车完成（前头红外无值）,0,0,1
9.045,536.0,749.0,365.0,1041.0,-0.3537,-0.1068,-0.2618,-0.2129,1,0,0,0,0,0,0,0,1,208.0,22.0,208.0,186.0,SAFE_STOP,倒车完成（前头红外无值）,0,0,1
9.065,537.0,750.0,364.0,1041.0,-0.3537,-0.1068,-0.2618,-0.2129,1,0,0,0,0,0,0,0,1,41.0,20.0,41.0,21.0,SAFE_STOP,倒车完成（前头红外无值）,0,0,1
9.086,536.0,749.0,363.0,1040.0,-0.3537,-0.1068,-0.2618,-0.2129,1,0,0,0,0,0,0,0,1,397.0,21.0,397.0,376.0,SAFE_STOP,倒车完成（前头红外无值）,0,0,1
9.106,538.0,750.0,364.0,1042.0,-0.351,-0.1046,-0.2618,-0.2129,1,0,0,0,0,0,0,0,1,250.0,21.0,250.0,229.0,SAFE_STOP,倒车完成（前头红外无值）,0,0,1
9.126,537.0,749.0,364.0,1042.0,-0.351,-0.1068,-0.2618,-0.2109,1,0,0,0,0,0,0,0,1,444.0,29.0,444.0,415.0,SAFE_STOP,倒车完成（前头红外无值）,0,0,1
9.146,537.0,750.0,364.0,1042.0,-0.351,-0.1046,-0.2618,-0.2109,1,0,0,0,0,0,0,0,1,196.0,21.0,196.0,175.0,SAFE_STOP,倒车完成（前头红外无值）,0,0,1
9.166,537.0,750.0,364.0,1042.0,-0.351,-0.1046,-0.2618,-0.2109,1,0,0,0,0,0,0,0,1,196.0,21.0,196.0,175.0,SAFE_STOP,倒车完成（前头红外无值）,0,0,1
9.186,537.0,750.0,365.0,1042.0,-0.351,-0.1046,-0.2618,-0.2109,1,0,0,0,0,0,0,0,1,118.0,21.0,118.0,97.0,SAFE_STOP,倒车完成（前头红外无值）,0,0,1
9.206,538.0,749.0,363.0,1041.0,-0.351,-0.1046,-0.2618,-0.2109,1,0,0,0,0,0,0,0,1,248.0,20.0,248.0,228.0,SAFE_STOP,倒车完成（前头红外无值）,0,0,1
9.226,536.0,750.0,364.0,1041.0,-0.351,-0.1046,-0.2618,-0.2129,1,0,0,0,0,0,0,0,1,32.0,21.0,32.0,11.0,SAFE_STOP,倒车完成（前头红外无值）,0,0,1
9.247,537.0,751.0,365.0,1042.0,-0.351,-0.1046,-0.2618,-0.2129,1,0,0,0,0,0,0,0,1,118.0,21.0,118.0,97.0,SAFE_STOP,倒车完成（前头红外无值）,0,0,1
9.267,538.0,750.0,364.0,1042.0,-0.351,-0.1046,-0.2618,-0.2109,1,0,0,0,0,0,0,0,1,199.0,21.0,199.0,178.0,SAFE_STOP,倒车完成（前头红外无值）,0,0,1
9.287,536.0,749.0,363.0,1040.0,-0.351,-0.1046,-0.2618,-0.2109,1,0,0,0,0,0,0,0,1,549.0,20.0,549.0,529.0,SAFE_STOP,倒车完成（前头红外无值）,0,0,1
9.307,537.0,749.0,364.0,1042.0,-0.351,-0.1068,-0.2618,-0.2109,1,0,0,0,0,0,0,0,1,341.0,21.0,341.0,320.0,SAFE_STOP,倒车完成（前头红外无值）,0,0,1
9.327,537.0,750.0,364.0,1042.0,-0.351,-0.1068,-0.2618,-0.2109,1,0,0,0,0,0,0,0,1,233.0,21.0,233.0,212.0,SAFE_STOP,倒车完成（前头红外无值）,0,0,1
9.347,537.0,748.0,363.0,1040.0,-0.351,-0.1068,-0.2618,-0.2109,1,0,0,0,0,0,0,0,1,233.0,21.0,233.0,212.0,SAFE_STOP,倒车完成（前头红外无值）,0,0,1
9.367,537.0,749.0,364.0,1041.0,-0.351,-0.1068,-0.2618,-0.2129,1,0,0,0,0,0,0,0,1,22.0,21.0,22.0,1.0,SAFE_STOP,倒车完成（前头红外无值）,0,0,1
9.387,536.0,750.0,364.0,1042.0,-0.351,-0.1068,-0.2618,-0.2129,1,0,0,0,0,0,0,0,1,183.0,20.0,183.0,163.0,SAFE_STOP,倒车完成（前头红外无值）,0,0,1
9.407,536.0,748.0,364.0,1040.0,-0.3537,-0.1068,-0.2618,-0.2129,1,0,0,0,0,0,0,0,1,200.0,21.0,200.0,179.0,SAFE_STOP,倒车完成（前头红外无值）,0,0,1
9.428,538.0,749.0,365.0,1042.0,-0.3537,-0.1068,-0.2618,-0.2109,1,0,0,0,0,0,0,0,1,344.0,20.0,344.0,324.0,SAFE_STOP,倒车完成（前头红外无值）,0,0,1
9.448,537.0,750.0,364.0,1042.0,-0.351,-0.1068,-0.2618,-0.2109,1,0,0,0,0,0,0,0,1,233.0,20.0,233.0,213.0,SAFE_STOP,倒车完成（前头红外无值）,0,0,1
9.468,536.0,748.0,363.0,1040.0,-0.351,-0.1068,-0.2618,-0.2109,1,0,0,0,0,0,0,0,1,185.0,21.0,185.0,164.0,SAFE_STOP,倒车完成（前头红外无值）,0,0,1
9.488,537.0,750.0,364.0,1042.0,-0.351,-0.1046,-0.2618,-0.2109,1,0,0,0,0,0,0,0,1,288.0,20.0,288.0,268.0,SAFE_STOP,倒车完成（前头红外无值）,0,0,1
9.508,538.0,750.0,364.0,1041.0,-0.351,-0.1046,-0.2618,-0.2129,1,0,0,0,0,0,0,0,1,183.0,21.0,183.0,162.0,SAFE_STOP,倒车完成（前头红外无值）,0,0,1
9.528,537.0,750.0,364.0,1040.0,-0.351,-0.1046,-0.2618,-0.2129,1,0,0,0,0,0,0,0,1,250.0,21.0,250.0,229.0,SAFE_STOP,倒车完成（前头红外无值）,0,0,1
9.548,537.0,750.0,364.0,1040.0,-0.351,-0.1046,-0.2618,-0.215,1,0,0,0,0,0,0,0,1,250.0,21.0,250.0,229.0,SAFE_STOP,倒车完成（前头红外无值）,0,0,1
9.568,537.0,749.0,364.0,1041.0,-0.351,-0.1046,-0.2618,-0.215,1,0,0,0,0,0,0,0,1,232.0,30.0,232.0,202.0,SAFE_STOP,倒车完成（前头红外无值）,0,0,1
9.588,538.0,750.0,364.0,1041.0,-0.351,-0.1046,-0.2618,-0.2129,1,0,0,0,0,0,0,0,1,182.0,21.0,182.0,161.0,SAFE_STOP,倒车完成（前头红外无值）,0,0,1
9.609,536.0,748.0,364.0,1040.0,-0.351,-0.1068,-0.2618,-0.2129,1,0,0,0,0,0,0,0,1,19.0,21.0,21.0,-2.0,SAFE_STOP,倒车完成（前头红外无值）,0,0,1
9.629,536.0,751.0,364.0,1040.0,-0.3537,-0.1046,-0.2618,-0.215,1,0,0,0,0,0,0,0,1,200.0,20.0,200.0,180.0,SAFE_STOP,倒车完成（前头红外无值）,0,0,1
9.649,536.0,748.0,364.0,1040.0,-0.3537,-0.1089,-0.2618,-0.215,1,0,0,0,0,0,0,0,1,299.0,21.0,299.0,278.0,SAFE_STOP,倒车完成（前头红外无值）,0,0,1
9.669,536.0,748.0,363.0,1039.0,-0.3537,-0.1089,-0.2618,-0.215,1,0,0,0,0,0,0,0,1,250.0,20.0,250.0,230.0,SAFE_STOP,倒车完成（前头红外无值）,0,0,1
9.689,537.0,749.0,364.0,1042.0,-0.3537,-0.1089,-0.2618,-0.215,1,0,0,0,0,0,0,0,1,249.0,21.0,249.0,228.0,SAFE_STOP,倒车完成（前头红外无值）,0,0,1
9.709,537.0,749.0,364.0,1041.0,-0.351,-0.1068,-0.2618,-0.2129,1,0,0,0,0,0,0,0,1,411.0,31.0,411.0,380.0,SAFE_STOP,倒车完成（前头红外无值）,0,0,1
9.73,537.0,749.0,364.0,1041.0,-0.351,-0.1068,-0.2618,-0.2129,1,0,0,0,0,0,0,0,1,166.0,22.0,166.0,144.0,SAFE_STOP,倒车完成（前头红外无值）,0,0,1
9.75,537.0,749.0,364.0,1040.0,-0.351,-0.1068,-0.2618,-0.2129,1,0,0,0,0,0,0,0,1,42.0,21.0,42.0,21.0,SAFE_STOP,倒车完成（前头红外无值）,0,0,1
9.77,537.0,749.0,363.0,1041.0,-0.351,-0.1068,-0.2618,-0.2129,1,0,0,0,0,0,0,0,1,249.0,22.0,249.0,227.0,SAFE_STOP,倒车完成（前头红外无值）,0,0,1
9.79,536.0,750.0,364.0,1040.0,-0.351,-0.1068,-0.2618,-0.215,1,0,0,0,0,0,0,0,1,149.0,20.0,149.0,129.0,SAFE_STOP,倒车完成（前头红外无值）,0,0,1
9.81,534.0,747.0,362.0,1038.0,-0.3537,-0.1068,-0.2646,-0.215,1,0,0,0,0,0,0,0,1,529.0,34.0,529.0,495.0,SAFE_STOP,倒车完成（前头红外无值）,0,0,1
9.83,536.0,749.0,363.0,1039.0,-0.3537,-0.1068,-0.2646,-0.2171,1,0,0,0,0,0,0,0,1,208.0,23.0,208.0,185.0,SAFE_STOP,倒车完成（前头红外无值）,0,0,1
9.85,537.0,751.0,364.0,1041.0,-0.3537,-0.1068,-0.2646,-0.2171,1,0,0,0,0,0,0,0,1,249.0,21.0,249.0,228.0,SAFE_STOP,倒车完成（前头红外无值）,0,0,1
9.87,537.0,750.0,364.0,1042.0,-0.351,-0.1046,-0.2618,-0.2129,1,0,0,0,0,0,0,0,1,250.0,21.0,250.0,229.0,SAFE_STOP,倒车完成（前头红外无值）,0,0,1
9.89,537.0,749.0,364.0,1041.0,-0.351,-0.1046,-0.2618,-0.2129,1,0,0,0,0,0,0,0,1,201.0,21.0,201.0,180.0,SAFE_STOP,倒车完成（前头红外无值）,0,0,1
9.911,537.0,749.0,364.0,1041.0,-0.351,-0.1068,-0.2618,-0.2129,1,0,0,0,0,0,0,0,1,201.0,21.0,201.0,180.0,SAFE_STOP,倒车完成（前头红外无值）,0,0,1
9.931,537.0,750.0,364.0,1042.0,-0.351,-0.1068,-0.2618,-0.2129,1,0,0,0,0,0,0,0,1,232.0,21.0,232.0,211.0,SAFE_STOP,倒车完成（前头红外无值）,0,0,1
9.951,537.0,749.0,364.0,1042.0,-0.351,-0.1068,-0.2618,-0.2109,1,0,0,0,0,0,0,0,1,166.0,20.0,166.0,146.0,SAFE_STOP,倒车完成（前头红外无值）,0,0,1
9.971,537.0,747.0,364.0,1041.0,-0.351,-0.1068,-0.2618,-0.2109,1,0,0,0,0,0,0,0,1,200.0,20.0,200.0,180.0,SAFE_STOP,倒车完成（前头红外无值）,0,0,1
9.991,537.0,749.0,364.0,1041.0,-0.351,-0.1068,-0.2618,-0.2129,1,0,0,0,0,0,0,0,1,200.0,20.0,200.0,180.0,SAFE_STOP,倒车完成（前头红外无值）,0,0,1
10.011,537.0,749.0,364.0,1040.0,-0.351,-0.1068,-0.2618,-0.2129,1,0,0,0,0,0,0,0,1,183.0,20.0,183.0,163.0,SAFE_STOP,倒车完成（前头红外无值）,0,0,1
10.032,537.0,750.0,365.0,1041.0,-0.351,-0.1068,-0.2618,-0.2129,1,0,0,0,0,0,0,0,1,298.0,20.0,298.0,278.0,SAFE_STOP,倒车完成（前头红外无值）,0,0,1
10.052,536.0,749.0,364.0,1041.0,-0.351,-0.1068,-0.2618,-0.2129,1,0,0,0,0,0,0,0,1,184.0,32.0,184.0,152.0,SAFE_STOP,倒车完成（前头红外无值）,0,0,1
10.072,536.0,749.0,365.0,1040.0,-0.3537,-0.1068,-0.2591,-0.2129,1,0,0,0,0,0,0,0,1,527.0,20.0,527.0,507.0,SAFE_STOP,倒车完成（前头红外无值）,0,0,1
10.092,537.0,749.0,363.0,1040.0,-0.3537,-0.1068,-0.2618,-0.215,1,0,0,0,0,0,0,0,1,200.0,20.0,200.0,180.0,SAFE_STOP,倒车完成（前头红外无值）,0,0,1
10.112,537.0,750.0,364.0,1042.0,-0.351,-0.1068,-0.2618,-0.215,1,0,0,0,0,0,0,0,1,233.0,20.0,233.0,213.0,SAFE_STOP,倒车完成（前头红外无值）,0,0,1
10.132,536.0,748.0,363.0,1040.0,-0.351,-0.1068,-0.2646,-0.215,1,0,0,0,0,0,0,0,1,234.0,21.0,234.0,213.0,SAFE_STOP,倒车完成（前头红外无值）,0,0,1
10.152,537.0,750.0,364.0,1041.0,-0.351,-0.1046,-0.2618,-0.2129,1,0,0,0,0,0,0,0,1,41.0,20.0,41.0,21.0,SAFE_STOP,倒车完成（前头红外无值）,0,0,1
10.172,537.0,750.0,364.0,1041.0,-0.351,-0.1046,-0.2618,-0.2129,1,0,0,0,0,0,0,0,1,68.0,20.0,68.0,48.0,SAFE_STOP,倒车完成（前头红外无值）,0,0,1
10.192,537.0,749.0,364.0,1040.0,-0.351,-0.1046,-0.2618,-0.2129,1,0,0,0,0,0,0,0,1,201.0,21.0,201.0,180.0,SAFE_STOP,倒车完成（前头红外无值）,0,0,1
10.213,536.0,748.0,364.0,1042.0,-0.351,-0.1068,-0.2618,-0.2129,1,0,0,0,0,0,0,0,1,380.0,34.0,380.0,346.0,SAFE_STOP,倒车完成（前头红外无值）,0,0,1
10.233,538.0,750.0,364.0,1041.0,-0.351,-0.1068,-0.2618,-0.2129,1,0,0,0,0,0,0,0,1,250.0,20.0,250.0,230.0,SAFE_STOP,倒车完成（前头红外无值）,0,0,1
10.253,537.0,750.0,364.0,1041.0,-0.351,-0.1046,-0.2618,-0.2129,1,0,0,0,0,0,0,0,1,250.0,20.0,250.0,230.0,SAFE_STOP,倒车完成（前头红外无值）,0,0,1
10.273,536.0,749.0,364.0,1040.0,-0.351,-0.1046,-0.2618,-0.2129,1,0,0,0,0,0,0,0,1,183.0,21.0,183.0,162.0,SAFE_STOP,倒车完成（前头红外无值）,0,0,1
10.293,537.0,750.0,363.0,1040.0,-0.351,-0.1046,-0.2618,-0.215,1,0,0,0,0,0,0,0,1,173.0,20.0,173.0,153.0,SAFE_STOP,倒车完成（前头红外无值）,0,0,1
10.313,537.0,750.0,363.0,1040.0,-0.351,-0.1046,-0.2646,-0.215,1,0,0,0,0,0,0,0,1,173.0,20.0,173.0,153.0,SAFE_STOP,倒车完成（前头红外无值）,0,0,1
10.333,537.0,749.0,364.0,1041.0,-0.351,-0.1046,-0.2646,-0.215,1,0,0,0,0,0,0,0,1,33.0,21.0,33.0,12.0,SAFE_STOP,倒车完成（前头红外无值）,0,0,1
10.353,537.0,749.0,364.0,1040.0,-0.351,-0.1068,-0.2618,-0.215,1,0,0,0,0,0,0,0,1,250.0,21.0,250.0,229.0,SAFE_STOP,倒车完成（前头红外无值）,0,0,1
10.373,537.0,749.0,364.0,1042.0,-0.351,-0.1068,-0.2618,-0.2129,1,0,0,0,0,0,0,0,1,346.0,20.0,346.0,326.0,SAFE_STOP,倒车完成（前头红外无值）,0,0,1
10.394,536.0,748.0,363.0,1040.0,-0.351,-0.1068,-0.2618,-0.215,1,0,0,0,0,0,0,0,1,249.0,21.0,249.0,228.0,SAFE_STOP,倒车完成（前头红外无值）,0,0,1
10.414,537.0,748.0,364.0,1040.0,-0.351,-0.1089,-0.2618,-0.215,1,0,0,0,0,0,0,0,1,201.0,21.0,201.0,180.0,SAFE_STOP,倒车完成（前头红外无值）,0,0,1
10.434,536.0,749.0,364.0,1040.0,-0.3537,-0.1089,-0.2618,-0.215,1,0,0,0,0,0,0,0,1,198.0,21.0,198.0,177.0,SAFE_STOP,倒车完成（前头红外无值）,0,0,1
10.454,536.0,747.0,363.0,1039.0,-0.3537,-0.1089,-0.2618,-0.215,1,0,0,0,0,0,0,0,1,200.0,21.0,200.0,179.0,SAFE_STOP,倒车完成（前头红外无值）,0,0,1
10.474,536.0,748.0,364.0,1039.0,-0.3537,-0.1089,-0.2618,-0.2171,1,0,0,0,0,0,0,0,1,233.0,21.0,233.0,212.0,SAFE_STOP,倒车完成（前头红外无值）,0,0,1
10.494,537.0,748.0,364.0,1040.0,-0.3537,-0.1089,-0.2618,-0.2171,1,0,0,0,0,0,0,0,1,282.0,33.0,282.0,249.0,SAFE_STOP,倒车完成（前头红外无值）,0,0,1
10.514,536.0,748.0,363.0,1039.0,-0.3537,-0.1089,-0.2618,-0.2171,1,0,0,0,0,0,0,0,1,183.0,21.0,183.0,162.0,SAFE_STOP,倒车完成（前头红外无值）,0,0,1
10.534,537.0,750.0,364.0,1042.0,-0.351,-0.1089,-0.2618,-0.215,1,0,0,0,0,0,0,0,1,133.0,21.0,133.0,112.0,SAFE_STOP,倒车完成（前头红外无值）,0,0,1
10.555,537.0,750.0,364.0,1041.0,-0.351,-0.1046,-0.2618,-0.2129,1,0,0,0,0,0,0,0,1,199.0,21.0,199.0,178.0,SAFE_STOP,倒车完成（前头红外无值）,0,0,1
10.575,537.0,748.0,363.0,1040.0,-0.351,-0.1046,-0.2618,-0.2129,1,0,0,0,0,0,0,0,1,106.0,21.0,106.0,85.0,SAFE_STOP,倒车完成（前头红外无值）,0,0,1
10.595,537.0,750.0,364.0,1041.0,-0.351,-0.1046,-0.2618,-0.2129,1,0,0,0,0,0,0,0,1,233.0,20.0,233.0,213.0,SAFE_STOP,倒车完成（前头红外无值）,0,0,1
10.615,537.0,749.0,365.0,1042.0,-0.351,-0.1068,-0.2618,-0.2129,1,0,0,0,0,0,0,0,1,183.0,20.0,183.0,163.0,SAFE_STOP,倒车完成（前头红外无值）,0,0,1
10.635,536.0,748.0,363.0,1040.0,-0.351,-0.1068,-0.2618,-0.2129,1,0,0,0,0,0,0,0,1,561.0,21.0,561.0,540.0,SAFE_STOP,倒车完成（前头红外无值）,0,0,1
10.655,537.0,750.0,364.0,1040.0,-0.351,-0.1068,-0.2618,-0.215,1,0,0,0,0,0,0,0,1,166.0,23.0,166.0,143.0,SAFE_STOP,倒车完成（前头红外无值）,0,0,1
10.675,537.0,750.0,364.0,1041.0,-0.351,-0.1046,-0.2618,-0.215,1,0,0,0,0,0,0,0,1,168.0,21.0,168.0,147.0,SAFE_STOP,倒车完成（前头红外无值）,0,0,1
10.695,537.0,748.0,364.0,1042.0,-0.351,-0.1046,-0.2618,-0.2129,1,0,0,0,0,0,0,0,1,250.0,20.0,250.0,230.0,SAFE_STOP,倒车完成（前头红外无值）,0,0,1
10.715,537.0,748.0,364.0,1042.0,-0.351,-0.1089,-0.2618,-0.2109,1,0,0,0,0,0,0,0,1,250.0,20.0,250.0,230.0,SAFE_STOP,倒车完成（前头红外无值）,0,0,1
10.736,536.0,748.0,363.0,1040.0,-0.351,-0.1089,-0.2618,-0.2109,1,0,0,0,0,0,0,0,1,18.0,21.0,21.0,-3.0,SAFE_STOP,倒车完成（前头红外无值）,0,0,1
10.756,537.0,749.0,364.0,1040.0,-0.351,-0.1089,-0.2618,-0.215,1,0,0,0,0,0,0,0,1,184.0,21.0,184.0,163.0,SAFE_STOP,倒车完成（前头红外无值）,0,0,1
10.776,537.0,749.0,364.0,1040.0,-0.351,-0.1068,-0.2618,-0.215,1,0,0,0,0,0,0,0,1,199.0,20.0,199.0,179.0,SAFE_STOP,倒车完成（前头红外无值）,0,0,1
10.796,536.0,750.0,364.0,1041.0,-0.351,-0.1068,-0.2618,-0.215,1,0,0,0,0,0,0,0,1,498.0,20.0,498.0,478.0,SAFE_STOP,倒车完成（前头红外无值）,0,0,1
10.817,537.0,749.0,365.0,1041.0,-0.351,-0.1068,-0.2618,-0.2129,1,0,0,0,0,0,0,0,1,249.0,20.0,249.0,229.0,SAFE_STOP,倒车完成（前头红外无值）,0,0,1
10.837,536.0,748.0,363.0,1038.0,-0.3537,-0.1068,-0.2618,-0.2129,1,0,0,0,0,0,0,0,1,235.0,23.0,235.0,212.0,SAFE_STOP,倒车完成（前头红外无值）,0,0,1
10.857,538.0,750.0,364.0,1041.0,-0.351,-0.1068,-0.2618,-0.2129,1,0,0,0,0,0,0,0,1,184.0,21.0,184.0,163.0,SAFE_STOP,倒车完成（前头红外无值）,0,0,1
10.877,536.0,749.0,364.0,1040.0,-0.3537,-0.1068,-0.2618,-0.215,1,0,0,0,0,0,0,0,1,155.0,21.0,155.0,134.0,SAFE_STOP,倒车完成（前头红外无值）,0,0,1
10.897,537.0,750.0,364.0,1043.0,-0.351,-0.1046,-0.2618,-0.2129,1,0,0,0,0,0,0,0,1,199.0,21.0,199.0,178.0,SAFE_STOP,倒车完成（前头红外无值）,0,0,1
10.917,537.0,750.0,364.0,1041.0,-0.351,-0.1046,-0.2618,-0.2129,1,0,0,0,0,0,0,0,1,250.0,20.0,250.0,230.0,SAFE_STOP,倒车完成（前头红外无值）,0,0,1
10.937,536.0,749.0,364.0,1041.0,-0.351,-0.1046,-0.2618,-0.2129,1,0,0,0,0,0,0,0,1,199.0,20.0,199.0,179.0,SAFE_STOP,倒车完成（前头红外无值）,0,0,1
10.957,536.0,749.0,364.0,1041.0,-0.3537,-0.1068,-0.2618,-0.2129,1,0,0,0,0,0,0,0,1,233.0,21.0,233.0,212.0,SAFE_STOP,倒车完成（前头红外无值）,0,0,1
10.977,537.0,750.0,364.0,1042.0,-0.3537,-0.1068,-0.2618,-0.2129,1,0,0,0,0,0,0,0,1,200.0,21.0,200.0,179.0,SAFE_STOP,倒车完成（前头红外无值）,0,0,1
10.997,538.0,751.0,364.0,1042.0,-0.351,-0.1046,-0.2618,-0.2109,1,0,0,0,0,0,0,0,1,234.0,23.0,234.0,211.0,SAFE_STOP,倒车完成（前头红外无值）,0,0,1
11.018,537.0,749.0,364.0,1040.0,-0.351,-0.1046,-0.2618,-0.2109,1,0,0,0,0,0,0,0,1,207.0,21.0,207.0,186.0,SAFE_STOP,倒车完成（前头红外无值）,0,0,1
11.038,537.0,750.0,365.0,1042.0,-0.351,-0.1046,-0.2618,-0.2109,1,0,0,0,0,0,0,0,1,443.0,21.0,443.0,422.0,SAFE_STOP,倒车完成（前头红外无值）,0,0,1
11.058,537.0,750.0,364.0,1042.0,-0.351,-0.1046,-0.2618,-0.2109,1,0,0,0,0,0,0,0,1,265.0,20.0,265.0,245.0,SAFE_STOP,倒车完成（前头红外无值）,0,0,1
11.078,538.0,750.0,365.0,1041.0,-0.351,-0.1046,-0.2591,-0.2109,1,0,0,0,0,0,0,0,1,117.0,20.0,117.0,97.0,SAFE_STOP,倒车完成（前头红外无值）,0,0,1
11.098,537.0,750.0,364.0,1041.0,-0.351,-0.1046,-0.2618,-0.2129,1,0,0,0,0,0,0,0,1,199.0,21.0,199.0,178.0,SAFE_STOP,倒车完成（前头红外无值）,0,0,1
11.118,537.0,750.0,365.0,1041.0,-0.351,-0.1046,-0.2591,-0.2129,1,0,0,0,0,0,0,0,1,183.0,21.0,183.0,162.0,SAFE_STOP,倒车完成（前头红外无值）,0,0,1
11.138,537.0,750.0,365.0,1041.0,-0.351,-0.1046,-0.2591,-0.2129,1,0,0,0,0,0,0,0,1,183.0,21.0,183.0,162.0,SAFE_STOP,倒车完成（前头红外无值）,0,0,1
11.158,536.0,748.0,363.0,1040.0,-0.351,-0.1046,-0.2591,-0.2129,1,0,0,0,0,0,0,0,1,411.0,20.0,411.0,391.0,SAFE_STOP,倒车完成（前头红外无值）,0,0,1
11.179,536.0,749.0,364.0,1041.0,-0.3537,-0.1068,-0.2618,-0.2129,1,0,0,0,0,0,0,0,1,232.0,20.0,232.0,212.0,SAFE_STOP,倒车完成（前头红外无值）,0,0,1
11.199,538.0,750.0,363.0,1042.0,-0.3537,-0.1068,-0.2646,-0.2129,1,0,0,0,0,0,0,0,1,167.0,20.0,167.0,147.0,SAFE_STOP,倒车完成（前头红外无值）,0,0,1
11.219,537.0,749.0,364.0,1040.0,-0.351,-0.1068,-0.2618,-0.2129,1,0,0,0,0,0,0,0,1,330.0,21.0,330.0,309.0,SAFE_STOP,倒车完成（前头红外无值）,0,0,1
11.239,537.0,750.0,364.0,1041.0,-0.351,-0.1046,-0.2618,-0.2129,1,0,0,0,0,0,0,0,1,166.0,21.0,166.0,145.0,SAFE_STOP,倒车完成（前头红外无值）,0,0,1
11.259,537.0,749.0,364.0,1041.0,-0.351,-0.1068,-0.2618,-0.2129,1,0,0,0,0,0,0,0,1,206.0,22.0,206.0,184.0,SAFE_STOP,倒车完成（前头红外无值）,0,0,1
11.279,536.0,747.0,363.0,1038.0,-0.351,-0.1068,-0.2618,-0.2129,1,0,0,0,0,0,0,0,1,234.0,27.0,234.0,207.0,SAFE_STOP,倒车完成（前头红外无值）,0,0,1
11.299,537.0,749.0,364.0,1041.0,-0.351,-0.1068,-0.2618,-0.2129,1,0,0,0,0,0,0,0,1,215.0,21.0,215.0,194.0,SAFE_STOP,倒车完成（前头红外无值）,0,0,1
11.319,537.0,750.0,364.0,1041.0,-0.351,-0.1068,-0.2618,-0.2129,1,0,0,0,0,0,0,0,1,187.0,21.0,187.0,166.0,SAFE_STOP,倒车完成（前头红外无值）,0,0,1
11.34,537.0,750.0,363.0,1040.0,-0.351,-0.1046,-0.2618,-0.2129,1,0,0,0,0,0,0,0,1,200.0,21.0,200.0,179.0,SAFE_STOP,倒车完成（前头红外无值）,0,0,1
11.36,536.0,749.0,363.0,1040.0,-0.351,-0.1046,-0.2646,-0.215,1,0,0,0,0,0,0,0,1,201.0,20.0,201.0,181.0,SAFE_STOP,倒车完成（前头红外无值）,0,0,1
11.38,537.0,749.0,364.0,1041.0,-0.351,-0.1068,-0.2646,-0.215,1,0,0,0,0,0,0,0,1,249.0,20.0,249.0,229.0,SAFE_STOP,倒车完成（前头红外无值）,0,0,1
11.4,538.0,750.0,364.0,1040.0,-0.351,-0.1068,-0.2618,-0.215,1,0,0,0,0,0,0,0,1,232.0,20.0,232.0,212.0,SAFE_STOP,倒车完成（前头红外无值）,0,0,1
11.42,537.0,749.0,364.0,1040.0,-0.351,-0.1068,-0.2618,-0.215,1,0,0,0,0,0,0,0,1,281.0,20.0,281.0,261.0,SAFE_STOP,倒车完成（前头红外无值）,0,0,1
11.44,537.0,750.0,364.0,1040.0,-0.351,-0.1046,-0.2618,-0.215,1,0,0,0,0,0,0,0,1,200.0,21.0,200.0,179.0,SAFE_STOP,倒车完成（前头红外无值）,0,0,1
11.46,537.0,750.0,364.0,1042.0,-0.351,-0.1046,-0.2618,-0.215,1,0,0,0,0,0,0,0,1,182.0,21.0,182.0,161.0,SAFE_STOP,倒车完成（前头红外无值）,0,0,1
11.48,537.0,749.0,364.0,1040.0,-0.351,-0.1046,-0.2618,-0.215,1,0,0,0,0,0,0,0,1,251.0,21.0,251.0,230.0,SAFE_STOP,倒车完成（前头红外无值）,0,0,1
11.5,536.0,750.0,364.0,1041.0,-0.351,-0.1046,-0.2618,-0.2129,1,0,0,0,0,0,0,0,1,53.0,21.0,53.0,32.0,SAFE_STOP,倒车完成（前头红外无值）,0,0,1
11.521,537.0,749.0,364.0,1040.0,-0.351,-0.1068,-0.2618,-0.215,1,0,0,0,0,0,0,0,1,216.0,20.0,216.0,196.0,SAFE_STOP,倒车完成（前头红外无值）,0,0,1
11.541,537.0,749.0,364.0,1040.0,-0.351,-0.1068,-0.2618,-0.215,1,0,0,0,0,0,0,0,1,216.0,20.0,216.0,196.0,SAFE_STOP,倒车完成（前头红外无值）,0,0,1
11.561,536.0,748.0,363.0,1040.0,-0.351,-0.1068,-0.2618,-0.215,1,0,0,0,0,0,0,0,1,207.0,21.0,207.0,186.0,SAFE_STOP,倒车完成（前头红外无值）,0,0,1
11.581,537.0,749.0,364.0,1041.0,-0.351,-0.1068,-0.2618,-0.215,1,0,0,0,0,0,0,0,1,560.0,21.0,560.0,539.0,SAFE_STOP,倒车完成（前头红外无值）,0,0,1
11.601,536.0,750.0,364.0,1042.0,-0.3537,-0.1068,-0.2618,-0.2129,1,0,0,0,0,0,0,0,1,231.0,20.0,231.0,211.0,SAFE_STOP,倒车完成（前头红外无值）,0,0,1
11.622,536.0,749.0,364.0,1040.0,-0.3537,-0.1068,-0.2618,-0.2129,1,0,0,0,0,0,0,0,1,444.0,21.0,444.0,423.0,SAFE_STOP,倒车完成（前头红外无值）,0,0,1
11.642,537.0,750.0,364.0,1042.0,-0.3537,-0.1046,-0.2618,-0.2109,1,0,0,0,0,0,0,0,1,233.0,21.0,233.0,212.0,SAFE_STOP,倒车完成（前头红外无值）,0,0,1
11.662,536.0,748.0,364.0,1039.0,-0.3537,-0.1068,-0.2618,-0.215,1,0,0,0,0,0,0,0,1,18.0,21.0,21.0,-3.0,SAFE_STOP,倒车完成（前头红外无值）,0,0,1
11.683,537.0,749.0,363.0,1042.0,-0.351,-0.1068,-0.2618,-0.2109,1,0,0,0,0,0,0,0,1,199.0,20.0,199.0,179.0,SAFE_STOP,倒车完成（前头红外无值）,0,0,1
11.703,537.0,750.0,364.0,1043.0,-0.351,-0.1068,-0.2618,-0.2109,1,0,0,0,0,0,0,0,1,216.0,20.0,216.0,196.0,SAFE_STOP,倒车完成（前头红外无值）,0,0,1
11.723,537.0,749.0,364.0,1041.0,-0.351,-0.1068,-0.2618,-0.2109,1,0,0,0,0,0,0,0,1,528.0,21.0,528.0,507.0,SAFE_STOP,倒车完成（前头红外无值）,0,0,1
11.745,537.0,749.0,364.0,1041.0,-0.351,-0.1068,-0.2618,-0.2129,1,0,0,0,0,0,0,0,1,233.0,21.0,233.0,212.0,SAFE_STOP,倒车完成（前头红外无值）,0,0,1
11.765,536.0,749.0,364.0,1041.0,-0.351,-0.1068,-0.2618,-0.2129,1,0,0,0,0,0,0,0,1,167.0,20.0,167.0,147.0,SAFE_STOP,倒车完成（前头红外无值）,0,0,1
11.785,535.0,748.0,363.0,1040.0,-0.3537,-0.1068,-0.2618,-0.2129,1,0,0,0,0,0,0,0,1,202.0,22.0,202.0,180.0,SAFE_STOP,倒车完成（前头红外无值）,0,0,1
11.805,536.0,749.0,364.0,1041.0,-0.3537,-0.1068,-0.2618,-0.2129,1,0,0,0,0,0,0,0,1,150.0,21.0,150.0,129.0,SAFE_STOP,倒车完成（前头红外无值）,0,0,1
11.825,537.0,750.0,364.0,1041.0,-0.3537,-0.1068,-0.2618,-0.2129,1,0,0,0,0,0,0,0,1,199.0,20.0,199.0,179.0,SAFE_STOP,倒车完成（前头红外无值）,0,0,1
11.845,536.0,749.0,364.0,1040.0,-0.3537,-0.1068,-0.2618,-0.2129,1,0,0,0,0,0,0,0,1,233.0,21.0,233.0,212.0,SAFE_STOP,倒车完成（前头红外无值）,0,0,1
11.865,537.0,749.0,363.0,1040.0,-0.351,-0.1068,-0.2618,-0.215,1,0,0,0,0,0,0,0,1,240.0,20.0,240.0,220.0,SAFE_STOP,倒车完成（前头红外无值）,0,0,1
11.885,537.0,750.0,364.0,1040.0,-0.351,-0.1068,-0.2618,-0.215,1,0,0,0,0,0,0,0,1,200.0,21.0,200.0,179.0,SAFE_STOP,倒车完成（前头红外无值）,0,0,1
11.905,536.0,750.0,364.0,1041.0,-0.351,-0.1046,-0.2618,-0.215,1,0,0,0,0,0,0,0,1,200.0,20.0,200.0,180.0,SAFE_STOP,倒车完成（前头红外无值）,0,0,1
11.926,537.0,750.0,364.0,1041.0,-0.351,-0.1046,-0.2618,-0.2129,1,0,0,0,0,0,0,0,1,216.0,21.0,216.0,195.0,SAFE_STOP,倒车完成（前头红外无值）,0,0,1
11.946,537.0,750.0,364.0,1041.0,-0.351,-0.1046,-0.2618,-0.2129,1,0,0,0,0,0,0,0,1,216.0,21.0,216.0,195.0,SAFE_STOP,倒车完成（前头红外无值）,0,0,1
11.966,536.0,750.0,363.0,1041.0,-0.351,-0.1046,-0.2618,-0.2129,1,0,0,0,0,0,0,0,1,240.0,20.0,240.0,220.0,SAFE_STOP,倒车完成（前头红外无值）,0,0,1
11.986,537.0,750.0,364.0,1040.0,-0.351,-0.1046,-0.2618,-0.2129,1,0,0,0,0,0,0,0,1,509.0,21.0,509.0,488.0,SAFE_STOP,倒车完成（前头红外无值）,0,0,1
12.006,537.0,749.0,364.0,1041.0,-0.351,-0.1046,-0.2618,-0.2129,1,0,0,0,0,0,0,0,1,234.0,20.0,234.0,214.0,SAFE_STOP,倒车完成（前头红外无值）,0,0,1
12.026,537.0,750.0,364.0,1041.0,-0.351,-0.1046,-0.2618,-0.2129,1,0,0,0,0,0,0,0,1,190.0,21.0,190.0,169.0,SAFE_STOP,倒车完成（前头红外无值）,0,0,1
12.046,537.0,749.0,365.0,1042.0,-0.351,-0.1068,-0.2618,-0.2129,1,0,0,0,0,0,0,0,1,199.0,20.0,199.0,179.0,SAFE_STOP,倒车完成（前头红外无值）,0,0,1
12.066,537.0,749.0,364.0,1041.0,-0.351,-0.1068,-0.2618,-0.2129,1,0,0,0,0,0,0,0,1,234.0,21.0,234.0,213.0,SAFE_STOP,倒车完成（前头红外无值）,0,0,1
12.086,537.0,749.0,364.0,1041.0,-0.351,-0.1068,-0.2618,-0.2129,1,0,0,0,0,0,0,0,1,118.0,21.0,118.0,97.0,SAFE_STOP,倒车完成（前头红外无值）,0,0,1
12.107,537.0,750.0,364.0,1041.0,-0.351,-0.1068,-0.2618,-0.2129,1,0,0,0,0,0,0,0,1,182.0,21.0,182.0,161.0,SAFE_STOP,倒车完成（前头红外无值）,0,0,1
12.127,536.0,748.0,363.0,1041.0,-0.351,-0.1068,-0.2618,-0.2129,1,0,0,0,0,0,0,0,1,411.0,20.0,411.0,391.0,SAFE_STOP,倒车完成（前头红外无值）,0,0,1
12.147,537.0,749.0,364.0,1041.0,-0.351,-0.1068,-0.2618,-0.2129,1,0,0,0,0,0,0,0,1,543.0,20.0,543.0,523.0,SAFE_STOP,倒车完成（前头红外无值）,0,0,1
12.167,537.0,749.0,364.0,1041.0,-0.351,-0.1068,-0.2618,-0.2129,1,0,0,0,0,0,0,0,1,248.0,20.0,248.0,228.0,SAFE_STOP,倒车完成（前头红外无值）,0,0,1
12.187,536.0,749.0,364.0,1040.0,-0.351,-0.1068,-0.2618,-0.2129,1,0,0,0,0,0,0,0,1,298.0,25.0,298.0,273.0,SAFE_STOP,倒车完成（前头红外无值）,0,0,1
12.207,537.0,750.0,365.0,1040.0,-0.351,-0.1068,-0.2618,-0.215,1,0,0,0,0,0,0,0,1,184.0,20.0,184.0,164.0,SAFE_STOP,倒车完成（前头红外无值）,0,0,1
12.227,538.0,750.0,364.0,1041.0,-0.351,-0.1046,-0.2618,-0.215,1,0,0,0,0,0,0,0,1,17.0,20.0,20.0,-3.0,SAFE_STOP,倒车完成（前头红外无值）,0,0,1
12.247,534.0,748.0,364.0,1040.0,-0.351,-0.1046,-0.2618,-0.215,1,0,0,0,0,0,0,0,1,205.0,20.0,205.0,185.0,SAFE_STOP,倒车完成（前头红外无值）,0,0,1
12.267,538.0,750.0,364.0,1041.0,-0.3483,-0.1046,-0.2618,-0.2129,1,0,0,0,0,0,0,0,1,249.0,20.0,249.0,229.0,SAFE_STOP,倒车完成（前头红外无值）,0,0,1
12.288,538.0,750.0,364.0,1041.0,-0.3483,-0.1046,-0.2618,-0.2129,1,0,0,0,0,0,0,0,1,427.0,21.0,427.0,406.0,SAFE_STOP,倒车完成（前头红外无值）,0,0,1
12.308,536.0,749.0,363.0,1040.0,-0.3483,-0.1046,-0.2618,-0.2129,1,0,0,0,0,0,0,0,1,232.0,21.0,232.0,211.0,SAFE_STOP,倒车完成（前头红外无值）,0,0,1
12.328,537.0,750.0,364.0,1041.0,-0.351,-0.1046,-0.2618,-0.2129,1,0,0,0,0,0,0,0,1,183.0,21.0,183.0,162.0,SAFE_STOP,倒车完成（前头红外无值）,0,0,1
12.348,535.0,748.0,363.0,1040.0,-0.3537,-0.1068,-0.2646,-0.215,1,0,0,0,0,0,0,0,1,184.0,32.0,184.0,152.0,SAFE_STOP,倒车完成（前头红外无值）,0,0,1
12.368,535.0,748.0,363.0,1040.0,-0.3565,-0.1089,-0.2646,-0.215,1,0,0,0,0,0,0,0,1,184.0,32.0,184.0,152.0,SAFE_STOP,倒车完成（前头红外无值）,0,0,1
12.388,537.0,749.0,363.0,1040.0,-0.3565,-0.1089,-0.2646,-0.215,1,0,0,0,0,0,0,0,1,184.0,21.0,184.0,163.0,SAFE_STOP,倒车完成（前头红外无值）,0,0,1
12.409,536.0,747.0,363.0,1040.0,-0.3537,-0.1089,-0.2646,-0.215,1,0,0,0,0,0,0,0,1,281.0,21.0,281.0,260.0,SAFE_STOP,倒车完成（前头红外无值）,0,0,1
12.429,537.0,748.0,363.0,1040.0,-0.351,-0.1089,-0.2646,-0.215,1,0,0,0,0,0,0,0,1,234.0,21.0,234.0,213.0,SAFE_STOP,倒车完成（前头红外无值）,0,0,1
12.449,536.0,747.0,362.0,1039.0,-0.3537,-0.1111,-0.2646,-0.215,1,0,0,0,0,0,0,0,1,217.0,35.0,217.0,182.0,SAFE_STOP,倒车完成（前头红外无值）,0,0,1
12.469,534.0,745.0,362.0,1037.0,-0.3537,-0.1111,-0.2674,-0.2171,1,0,0,0,0,0,0,0,1,185.0,34.0,185.0,151.0,SAFE_STOP,倒车完成（前头红外无值）,0,0,1
12.489,536.0,747.0,363.0,1038.0,-0.3537,-0.1111,-0.2674,-0.2192,1,0,0,0,0,0,0,0,1,32.0,22.0,32.0,10.0,SAFE_STOP,倒车完成（前头红外无值）,0,0,1
12.509,536.0,747.0,363.0,1038.0,-0.3537,-0.1111,-0.2646,-0.2192,1,0,0,0,0,0,0,0,1,185.0,22.0,185.0,163.0,SAFE_STOP,倒车完成（前头红外无值）,0,0,1
12.529,535.0,747.0,362.0,1037.0,-0.3537,-0.1111,-0.2646,-0.2192,1,0,0,0,0,0,0,0,1,252.0,20.0,252.0,232.0,SAFE_STOP,倒车完成（前头红外无值）,0,0,1
12.549,535.0,747.0,363.0,1038.0,-0.3565,-0.1111,-0.2646,-0.2192,1,0,0,0,0,0,0,0,1,599.0,21.0,599.0,578.0,SAFE_STOP,倒车完成（前头红外无值）,0,0,1
12.569,535.0,747.0,362.0,1039.0,-0.3565,-0.1111,-0.2674,-0.2192,1,0,0,0,0,0,0,0,1,232.0,21.0,232.0,211.0,SAFE_STOP,倒车完成（前头红外无值）,0,0,1
12.59,534.0,745.0,362.0,1037.0,-0.3565,-0.1111,-0.2674,-0.2192,1,0,0,0,0,0,0,0,1,119.0,22.0,119.0,97.0,SAFE_STOP,倒车完成（前头红外无值）,0,0,1
12.61,535.0,747.0,364.0,1037.0,-0.3565,-0.1111,-0.2674,-0.2213,1,0,0,0,0,0,0,0,1,217.0,22.0,217.0,195.0,SAFE_STOP,倒车完成（前头红外无值）,0,0,1
12.63,534.0,746.0,363.0,1038.0,-0.3592,-0.1133,-0.2646,-0.2213,1,0,0,0,0,0,0,0,1,27.0,21.0,27.0,6.0,SAFE_STOP,倒车完成（前头红外无值）,0,0,1
12.65,534.0,746.0,362.0,1037.0,-0.3592,-0.1133,-0.2646,-0.2213,1,0,0,0,0,0,0,0,1,167.0,23.0,167.0,144.0,SAFE_STOP,倒车完成（前头红外无值）,0,0,1
12.67,535.0,745.0,362.0,1037.0,-0.3592,-0.1133,-0.2674,-0.2213,1,0,0,0,0,0,0,0,1,233.0,21.0,233.0,212.0,SAFE_STOP,倒车完成（前头红外无值）,0,0,1
12.69,536.0,749.0,364.0,1040.0,-0.3565,-0.1133,-0.2674,-0.2213,1,0,0,0,0,0,0,0,1,493.0,21.0,493.0,472.0,SAFE_STOP,倒车完成（前头红外无值）,0,0,1
12.71,535.0,747.0,362.0,1038.0,-0.3565,-0.1111,-0.2674,-0.2192,1,0,0,0,0,0,0,0,1,204.0,21.0,204.0,183.0,SAFE_STOP,倒车完成（前头红外无值）,0,0,1
12.73,536.0,747.0,364.0,1040.0,-0.3537,-0.1111,-0.2618,-0.215,1,0,0,0,0,0,0,0,1,201.0,22.0,201.0,179.0,SAFE_STOP,倒车完成（前头红外无值）,0,0,1
12.75,535.0,746.0,362.0,1037.0,-0.3565,-0.1111,-0.2674,-0.2192,1,0,0,0,0,0,0,0,1,251.0,21.0,251.0,230.0,SAFE_STOP,倒车完成（前头红外无值）,0,0,1
12.771,536.0,747.0,363.0,1039.0,-0.3537,-0.1111,-0.2646,-0.2171,1,0,0,0,0,0,0,0,1,200.0,21.0,200.0,179.0,SAFE_STOP,倒车完成（前头红外无值）,0,0,1
12.791,535.0,748.0,363.0,1038.0,-0.3565,-0.1111,-0.2646,-0.2192,1,0,0,0,0,0,0,0,1,233.0,21.0,233.0,212.0,SAFE_STOP,倒车完成（前头红外无值）,0,0,1
12.811,534.0,746.0,363.0,1037.0,-0.3565,-0.1111,-0.2646,-0.2192,1,0,0,0,0,0,0,0,1,185.0,20.0,185.0,165.0,SAFE_STOP,倒车完成（前头红外无值）,0,0,1
12.831,537.0,748.0,364.0,1040.0,-0.3565,-0.1089,-0.2646,-0.2192,1,0,0,0,0,0,0,0,1,198.0,21.0,198.0,177.0,SAFE_STOP,倒车完成（前头红外无值）,0,0,1
12.851,536.0,748.0,363.0,1040.0,-0.3537,-0.1089,-0.2646,-0.215,1,0,0,0,0,0,0,0,1,199.0,20.0,199.0,179.0,SAFE_STOP,倒车完成（前头红外无值）,0,0,1
12.871,536.0,748.0,363.0,1040.0,-0.3537,-0.1089,-0.2646,-0.215,1,0,0,0,0,0,0,0,1,233.0,21.0,233.0,212.0,SAFE_STOP,倒车完成（前头红外无值）,0,0,1
12.891,537.0,748.0,363.0,1040.0,-0.3537,-0.1089,-0.2646,-0.215,1,0,0,0,0,0,0,0,1,266.0,19.0,266.0,247.0,SAFE_STOP,倒车完成（前头红外无值）,0,0,1
12.911,537.0,748.0,363.0,1040.0,-0.351,-0.1089,-0.2646,-0.215,1,0,0,0,0,0,0,0,1,266.0,19.0,266.0,247.0,SAFE_STOP,倒车完成（前头红外无值）,0,0,1
12.931,535.0,746.0,362.0,1038.0,-0.351,-0.1089,-0.2646,-0.215,1,0,0,0,0,0,0,0,1,201.0,22.0,201.0,179.0,SAFE_STOP,倒车完成（前头红外无值）,0,0,1
12.952,537.0,749.0,363.0,1040.0,-0.351,-0.1089,-0.2646,-0.215,1,0,0,0,0,0,0,0,1,460.0,21.0,460.0,439.0,SAFE_STOP,倒车完成（前头红外无值）,0,0,1
12.972,538.0,750.0,365.0,1042.0,-0.351,-0.1068,-0.2646,-0.215,1,0,0,0,0,0,0,0,1,266.0,21.0,266.0,245.0,SAFE_STOP,倒车完成（前头红外无值）,0,0,1
12.992,536.0,748.0,364.0,1040.0,-0.351,-0.1068,-0.2618,-0.215,1,0,0,0,0,0,0,0,1,216.0,33.0,216.0,183.0,SAFE_STOP,倒车完成（前头红外无值）,0,0,1
13.012,535.0,747.0,363.0,1038.0,-0.3537,-0.1089,-0.2618,-0.215,1,0,0,0,0,0,0,0,1,233.0,21.0,233.0,212.0,SAFE_STOP,倒车完成（前头红外无值）,0,0,1
13.032,537.0,750.0,364.0,1041.0,-0.3537,-0.1089,-0.2618,-0.215,1,0,0,0,0,0,0,0,1,32.0,20.0,32.0,12.0,SAFE_STOP,倒车完成（前头红外无值）,0,0,1
13.053,536.0,748.0,364.0,1040.0,-0.3537,-0.1089,-0.2618,-0.215,1,0,0,0,0,0,0,0,1,53.0,21.0,53.0,32.0,SAFE_STOP,倒车完成（前头红外无值）,0,0,1
13.073,536.0,747.0,363.0,1039.0,-0.3537,-0.1089,-0.2618,-0.215,1,0,0,0,0,0,0,0,1,201.0,22.0,201.0,179.0,SAFE_STOP,倒车完成（前头红外无值）,0,0,1
13.093,537.0,749.0,364.0,1042.0,-0.3537,-0.1089,-0.2618,-0.215,1,0,0,0,0,0,0,0,1,410.0,20.0,410.0,390.0,SAFE_STOP,倒车完成（前头红外无值）,0,0,1
13.113,537.0,749.0,363.0,1040.0,-0.351,-0.1068,-0.2646,-0.215,1,0,0,0,0,0,0,0,1,249.0,20.0,249.0,229.0,SAFE_STOP,倒车完成（前头红外无值）,0,0,1
13.133,536.0,748.0,364.0,1040.0,-0.351,-0.1068,-0.2618,-0.215,1,0,0,0,0,0,0,0,1,233.0,21.0,233.0,212.0,SAFE_STOP,倒车完成（前头红外无值）,0,0,1
13.153,538.0,750.0,364.0,1042.0,-0.351,-0.1068,-0.2618,-0.215,1,0,0,0,0,0,0,0,1,233.0,21.0,233.0,212.0,SAFE_STOP,倒车完成（前头红外无值）,0,0,1
13.174,536.0,749.0,363.0,1040.0,-0.3537,-0.1068,-0.2618,-0.215,1,0,0,0,0,0,0,0,1,149.0,21.0,149.0,128.0,SAFE_STOP,倒车完成（前头红外无值）,0,0,1
13.194,536.0,748.0,363.0,1039.0,-0.3537,-0.1068,-0.2646,-0.215,1,0,0,0,0,0,0,0,1,33.0,20.0,33.0,13.0,SAFE_STOP,倒车完成（前头红外无值）,0,0,1
13.214,536.0,749.0,364.0,1040.0,-0.3537,-0.1068,-0.2646,-0.215,1,0,0,0,0,0,0,0,1,250.0,21.0,250.0,229.0,SAFE_STOP,倒车完成（前头红外无值）,0,0,1
13.234,536.0,749.0,363.0,1040.0,-0.3537,-0.1068,-0.2646,-0.215,1,0,0,0,0,0,0,0,1,217.0,21.0,217.0,196.0,SAFE_STOP,倒车完成（前头红外无值）,0,0,1
13.254,535.0,750.0,364.0,1040.0,-0.3537,-0.1068,-0.2618,-0.215,1,0,0,0,0,0,0,0,1,232.0,20.0,232.0,212.0,SAFE_STOP,倒车完成（前头红外无值）,0,0,1
13.274,537.0,749.0,364.0,1040.0,-0.3537,-0.1068,-0.2618,-0.215,1,0,0,0,0,0,0,0,1,199.0,21.0,199.0,178.0,SAFE_STOP,倒车完成（前头红外无值）,0,0,1
13.294,538.0,750.0,364.0,1042.0,-0.351,-0.1046,-0.2618,-0.215,1,0,0,0,0,0,0,0,1,200.0,21.0,200.0,179.0,SAFE_STOP,倒车完成（前头红外无值）,0,0,1
13.314,536.0,749.0,364.0,1040.0,-0.351,-0.1068,-0.2618,-0.215,1,0,0,0,0,0,0,0,1,199.0,21.0,199.0,178.0,SAFE_STOP,倒车完成（前头红外无值）,0,0,1
13.335,538.0,750.0,365.0,1041.0,-0.3483,-0.1046,-0.2618,-0.2129,1,0,0,0,0,0,0,0,1,249.0,20.0,249.0,229.0,SAFE_STOP,倒车完成（前头红外无值）,0,0,1
13.355,537.0,750.0,365.0,1042.0,-0.351,-0.1046,-0.2591,-0.2129,1,0,0,0,0,0,0,0,1,249.0,20.0,249.0,229.0,SAFE_STOP,倒车完成（前头红外无值）,0,0,1
13.375,537.0,749.0,364.0,1041.0,-0.351,-0.1046,-0.2591,-0.2129,1,0,0,0,0,0,0,0,1,183.0,21.0,183.0,162.0,SAFE_STOP,倒车完成（前头红外无值）,0,0,1
13.395,538.0,749.0,365.0,1042.0,-0.351,-0.1068,-0.2591,-0.2109,1,0,0,0,0,0,0,0,1,199.0,20.0,199.0,179.0,SAFE_STOP,倒车完成（前头红外无值）,0,0,1
13.415,537.0,750.0,365.0,1042.0,-0.351,-0.1068,-0.2591,-0.2109,1,0,0,0,0,0,0,0,1,184.0,21.0,184.0,163.0,SAFE_STOP,倒车完成（前头红外无值）,0,0,1
13.435,537.0,748.0,364.0,1040.0,-0.351,-0.1068,-0.2591,-0.2109,1,0,0,0,0,0,0,0,1,85.0,22.0,85.0,63.0,SAFE_STOP,倒车完成（前头红外无值）,0,0,1
13.456,537.0,748.0,364.0,1040.0,-0.351,-0.1089,-0.2618,-0.215,1,0,0,0,0,0,0,0,1,85.0,22.0,85.0,63.0,SAFE_STOP,倒车完成（前头红外无值）,0,0,1
13.476,537.0,750.0,363.0,1041.0,-0.351,-0.1089,-0.2618,-0.215,1,0,0,0,0,0,0,0,1,232.0,21.0,232.0,211.0,SAFE_STOP,倒车完成（前头红外无值）,0,0,1
13.496,537.0,750.0,364.0,1041.0,-0.351,-0.1046,-0.2618,-0.2129,1,0,0,0,0,0,0,0,1,183.0,20.0,183.0,163.0,SAFE_STOP,倒车完成（前头红外无值）,0,0,1
13.516,538.0,749.0,363.0,1041.0,-0.351,-0.1046,-0.2646,-0.2129,1,0,0,0,0,0,0,0,1,528.0,20.0,528.0,508.0,SAFE_STOP,倒车完成（前头红外无值）,0,0,1
13.536,536.0,748.0,363.0,1040.0,-0.351,-0.1068,-0.2646,-0.2129,1,0,0,0,0,0,0,0,1,183.0,26.0,183.0,157.0,SAFE_STOP,倒车完成（前头红外无值）,0,0,1
13.556,537.0,749.0,364.0,1041.0,-0.351,-0.1068,-0.2646,-0.2129,1,0,0,0,0,0,0,0,1,329.0,21.0,329.0,308.0,SAFE_STOP,倒车完成（前头红外无值）,0,0,1
13.577,536.0,747.0,364.0,1040.0,-0.3537,-0.1089,-0.2618,-0.215,1,0,0,0,0,0,0,0,1,233.0,21.0,233.0,212.0,SAFE_STOP,倒车完成（前头红外无值）,0,0,1
13.597,537.0,750.0,364.0,1042.0,-0.351,-0.1068,-0.2618,-0.2129,1,0,0,0,0,0,0,0,1,17.0,20.0,20.0,-3.0,SAFE_STOP,倒车完成（前头红外无值）,0,0,1
13.617,536.0,749.0,364.0,1042.0,-0.3537,-0.1068,-0.2618,-0.2109,1,0,0,0,0,0,0,0,1,208.0,21.0,208.0,187.0,SAFE_STOP,倒车完成（前头红外无值）,0,0,1
13.637,536.0,748.0,363.0,1041.0,-0.3537,-0.1068,-0.2618,-0.2109,1,0,0,0,0,0,0,0,1,201.0,20.0,201.0,181.0,SAFE_STOP,倒车完成（前头红外无值）,0,0,1
13.657,538.0,750.0,364.0,1042.0,-0.3537,-0.1068,-0.2618,-0.2109,1,0,0,0,0,0,0,0,1,528.0,21.0,528.0,507.0,SAFE_STOP,倒车完成（前头红外无值）,0,0,1
13.678,537.0,750.0,364.0,1042.0,-0.351,-0.1046,-0.2618,-0.2109,1,0,0,0,0,0,0,0,1,232.0,20.0,232.0,212.0,SAFE_STOP,倒车完成（前头红外无值）,0,0,1
13.698,537.0,750.0,364.0,1041.0,-0.351,-0.1046,-0.2618,-0.2109,1,0,0,0,0,0,0,0,1,257.0,21.0,257.0,236.0,SAFE_STOP,倒车完成（前头红外无值）,0,0,1
13.718,537.0,749.0,364.0,1041.0,-0.351,-0.1046,-0.2618,-0.2129,1,0,0,0,0,0,0,0,1,183.0,20.0,183.0,163.0,SAFE_STOP,倒车完成（前头红外无值）,0,0,1
13.738,537.0,749.0,364.0,1040.0,-0.351,-0.1068,-0.2618,-0.2129,1,0,0,0,0,0,0,0,1,117.0,20.0,117.0,97.0,SAFE_STOP,倒车完成（前头红外无值）,0,0,1
13.758,536.0,750.0,364.0,1042.0,-0.351,-0.1068,-0.2618,-0.2129,1,0,0,0,0,0,0,0,1,200.0,21.0,200.0,179.0,SAFE_STOP,倒车完成（前头红外无值）,0,0,1
13.778,536.0,749.0,364.0,1041.0,-0.3537,-0.1068,-0.2618,-0.2129,1,0,0,0,0,0,0,0,1,233.0,20.0,233.0,213.0,SAFE_STOP,倒车完成（前头红外无值）,0,0,1
13.798,537.0,750.0,364.0,1041.0,-0.3537,-0.1046,-0.2618,-0.2129,1,0,0,0,0,0,0,0,1,233.0,21.0,233.0,212.0,SAFE_STOP,倒车完成（前头红外无值）,0,0,1
13.818,537.0,749.0,364.0,1041.0,-0.351,-0.1068,-0.2618,-0.2129,1,0,0,0,0,0,0,0,1,234.0,20.0,234.0,214.0,SAFE_STOP,倒车完成（前头红外无值）,0,0,1
13.838,537.0,749.0,364.0,1041.0,-0.351,-0.1068,-0.2618,-0.2129,1,0,0,0,0,0,0,0,1,234.0,20.0,234.0,214.0,SAFE_STOP,倒车完成（前头红外无值）,0,0,1
13.858,536.0,749.0,363.0,1040.0,-0.351,-0.1068,-0.2618,-0.2129,1,0,0,0,0,0,0,0,1,200.0,21.0,200.0,179.0,SAFE_STOP,倒车完成（前头红外无值）,0,0,1
13.879,537.0,749.0,364.0,1041.0,-0.351,-0.1068,-0.2618,-0.2129,1,0,0,0,0,0,0,0,1,200.0,22.0,200.0,178.0,SAFE_STOP,倒车完成（前头红外无值）,0,0,1
13.899,536.0,748.0,364.0,1039.0,-0.3537,-0.1068,-0.2618,-0.215,1,0,0,0,0,0,0,0,1,200.0,21.0,200.0,179.0,SAFE_STOP,倒车完成（前头红外无值）,0,0,1
13.919,537.0,749.0,364.0,1042.0,-0.351,-0.1068,-0.2618,-0.2129,1,0,0,0,0,0,0,0,1,460.0,20.0,460.0,440.0,SAFE_STOP,倒车完成（前头红外无值）,0,0,1
13.939,537.0,749.0,364.0,1041.0,-0.351,-0.1068,-0.2618,-0.2129,1,0,0,0,0,0,0,0,1,330.0,21.0,330.0,309.0,SAFE_STOP,倒车完成（前头红外无值）,0,0,1
13.959,537.0,750.0,364.0,1041.0,-0.351,-0.1068,-0.2618,-0.2129,1,0,0,0,0,0,0,0,1,183.0,20.0,183.0,163.0,SAFE_STOP,倒车完成（前头红外无值）,0,0,1
13.979,538.0,750.0,365.0,1042.0,-0.351,-0.1046,-0.2618,-0.2129,1,0,0,0,0,0,0,0,1,199.0,21.0,199.0,178.0,SAFE_STOP,倒车完成（前头红外无值）,0,0,1
13.999,538.0,751.0,364.0,1043.0,-0.3483,-0.1046,-0.2618,-0.2109,1,0,0,0,0,0,0,0,1,200.0,20.0,200.0,180.0,SAFE_STOP,倒车完成（前头红外无值）,0,0,1
14.019,537.0,750.0,364.0,1040.0,-0.3483,-0.1046,-0.2618,-0.2109,1,0,0,0,0,0,0,0,1,84.0,24.0,84.0,60.0,SAFE_STOP,倒车完成（前头红外无值）,0,0,1
14.04,536.0,749.0,364.0,1040.0,-0.351,-0.1046,-0.2618,-0.215,1,0,0,0,0,0,0,0,1,232.0,21.0,232.0,211.0,SAFE_STOP,倒车完成（前头红外无值）,0,0,1
14.06,537.0,750.0,364.0,1040.0,-0.351,-0.1046,-0.2618,-0.215,1,0,0,0,0,0,0,0,1,183.0,20.0,183.0,163.0,SAFE_STOP,倒车完成（前头红外无值）,0,0,1
14.08,538.0,749.0,364.0,1041.0,-0.351,-0.1068,-0.2618,-0.215,1,0,0,0,0,0,0,0,1,560.0,21.0,560.0,539.0,SAFE_STOP,倒车完成（前头红外无值）,0,0,1
14.1,537.0,749.0,363.0,1041.0,-0.351,-0.1068,-0.2618,-0.2129,1,0,0,0,0,0,0,0,1,208.0,26.0,208.0,182.0,SAFE_STOP,倒车完成（前头红外无值）,0,0,1
14.12,536.0,749.0,364.0,1040.0,-0.351,-0.1068,-0.2618,-0.2129,1,0,0,0,0,0,0,0,1,314.0,34.0,314.0,280.0,SAFE_STOP,倒车完成（前头红外无值）,0,0,1
14.14,538.0,749.0,364.0,1043.0,-0.351,-0.1068,-0.2618,-0.2129,1,0,0,0,0,0,0,0,1,233.0,21.0,233.0,212.0,SAFE_STOP,倒车完成（前头红外无值）,0,0,1
14.16,537.0,749.0,365.0,1042.0,-0.351,-0.1068,-0.2618,-0.2109,1,0,0,0,0,0,0,0,1,108.0,21.0,108.0,87.0,SAFE_STOP,倒车完成（前头红外无值）,0,0,1
14.181,536.0,749.0,364.0,1041.0,-0.351,-0.1068,-0.2618,-0.2109,1,0,0,0,0,0,0,0,1,183.0,21.0,183.0,162.0,SAFE_STOP,倒车完成（前头红外无值）,0,0,1
14.201,538.0,750.0,365.0,1042.0,-0.351,-0.1068,-0.2591,-0.2109,1,0,0,0,0,0,0,0,1,200.0,20.0,200.0,180.0,SAFE_STOP,倒车完成（前头红外无值）,0,0,1
14.221,538.0,750.0,365.0,1042.0,-0.3483,-0.1046,-0.2591,-0.2109,1,0,0,0,0,0,0,0,1,200.0,20.0,200.0,180.0,SAFE_STOP,倒车完成（前头红外无值）,0,0,1
14.241,537.0,749.0,364.0,1041.0,-0.3483,-0.1046,-0.2591,-0.2109,1,0,0,0,0,0,0,0,1,395.0,21.0,395.0,374.0,SAFE_STOP,倒车完成（前头红外无值）,0,0,1
14.261,538.0,749.0,364.0,1042.0,-0.3483,-0.1068,-0.2618,-0.2109,1,0,0,0,0,0,0,0,1,248.0,20.0,248.0,228.0,SAFE_STOP,倒车完成（前头红外无值）,0,0,1
14.281,537.0,749.0,364.0,1041.0,-0.351,-0.1068,-0.2618,-0.2129,1,0,0,0,0,0,0,0,1,233.0,20.0,233.0,213.0,SAFE_STOP,倒车完成（前头红外无值）,0,0,1
14.301,537.0,749.0,365.0,1041.0,-0.351,-0.1068,-0.2618,-0.2129,1,0,0,0,0,0,0,0,1,183.0,20.0,183.0,163.0,SAFE_STOP,倒车完成（前头红外无值）,0,0,1
14.321,537.0,749.0,363.0,1040.0,-0.351,-0.1068,-0.2618,-0.2129,1,0,0,0,0,0,0,0,1,202.0,20.0,202.0,182.0,SAFE_STOP,倒车完成（前头红外无值）,0,0,1
14.342,538.0,750.0,364.0,1042.0,-0.351,-0.1068,-0.2618,-0.2129,1,0,0,0,0,0,0,0,1,233.0,20.0,233.0,213.0,SAFE_STOP,倒车完成（前头红外无值）,0,0,1
14.362,538.0,750.0,364.0,1041.0,-0.3483,-0.1046,-0.2618,-0.2129,1,0,0,0,0,0,0,0,1,232.0,20.0,232.0,212.0,SAFE_STOP,倒车完成（前头红外无值）,0,0,1
14.382,536.0,748.0,364.0,1041.0,-0.3483,-0.1046,-0.2618,-0.2129,1,0,0,0,0,0,0,0,1,150.0,20.0,150.0,130.0,SAFE_STOP,倒车完成（前头红外无值）,0,0,1
14.402,537.0,750.0,364.0,1041.0,-0.351,-0.1046,-0.2618,-0.2129,1,0,0,0,0,0,0,0,1,232.0,20.0,232.0,212.0,SAFE_STOP,倒车完成（前头红外无值）,0,0,1
14.422,537.0,750.0,364.0,1041.0,-0.351,-0.1046,-0.2618,-0.2129,1,0,0,0,0,0,0,0,1,200.0,21.0,200.0,179.0,SAFE_STOP,倒车完成（前头红外无值）,0,0,1
14.442,536.0,748.0,364.0,1040.0,-0.351,-0.1046,-0.2618,-0.2129,1,0,0,0,0,0,0,0,1,266.0,20.0,266.0,246.0,SAFE_STOP,倒车完成（前头红外无值）,0,0,1
14.462,537.0,750.0,364.0,1042.0,-0.351,-0.1046,-0.2618,-0.2129,1,0,0,0,0,0,0,0,1,200.0,21.0,200.0,179.0,SAFE_STOP,倒车完成（前头红外无值）,0,0,1
14.482,537.0,750.0,365.0,1042.0,-0.351,-0.1046,-0.2618,-0.2109,1,0,0,0,0,0,0,0,1,576.0,20.0,576.0,556.0,SAFE_STOP,倒车完成（前头红外无值）,0,0,1
14.503,537.0,749.0,364.0,1041.0,-0.351,-0.1046,-0.2618,-0.2109,1,0,0,0,0,0,0,0,1,445.0,20.0,445.0,425.0,SAFE_STOP,倒车完成（前头红外无值）,0,0,1
14.523,536.0,750.0,364.0,1040.0,-0.351,-0.1046,-0.2618,-0.2129,1,0,0,0,0,0,0,0,1,32.0,23.0,32.0,9.0,SAFE_STOP,倒车完成（前头红外无值）,0,0,1
14.543,537.0,750.0,365.0,1041.0,-0.351,-0.1046,-0.2618,-0.2129,1,0,0,0,0,0,0,0,1,199.0,20.0,199.0,179.0,SAFE_STOP,倒车完成（前头红外无值）,0,0,1
14.563,535.0,749.0,364.0,1041.0,-0.3537,-0.1046,-0.2618,-0.2129,1,0,0,0,0,0,0,0,1,184.0,21.0,184.0,163.0,SAFE_STOP,倒车完成（前头红外无值）,0,0,1
14.583,538.0,750.0,365.0,1042.0,-0.351,-0.1046,-0.2591,-0.2129,1,0,0,0,0,0,0,0,1,200.0,21.0,200.0,179.0,SAFE_STOP,倒车完成（前头红外无值）,0,0,1
14.603,538.0,750.0,365.0,1042.0,-0.3483,-0.1046,-0.2591,-0.2109,1,0,0,0,0,0,0,0,1,200.0,21.0,200.0,179.0,SAFE_STOP,倒车完成（前头红外无值）,0,0,1
14.623,537.0,749.0,364.0,1042.0,-0.3483,-0.1046,-0.2591,-0.2109,1,0,0,0,0,0,0,0,1,233.0,21.0,233.0,212.0,SAFE_STOP,倒车完成（前头红外无值）,0,0,1
14.643,536.0,747.0,363.0,1040.0,-0.351,-0.1068,-0.2618,-0.2109,1,0,0,0,0,0,0,0,1,545.0,21.0,545.0,524.0,SAFE_STOP,倒车完成（前头红外无值）,0,0,1
14.663,538.0,751.0,364.0,1043.0,-0.351,-0.1068,-0.2618,-0.2109,1,0,0,0,0,0,0,0,1,297.0,21.0,297.0,276.0,SAFE_STOP,倒车完成（前头红外无值）,0,0,1
14.684,537.0,749.0,364.0,1041.0,-0.351,-0.1068,-0.2618,-0.2129,1,0,0,0,0,0,0,0,1,199.0,20.0,199.0,179.0,SAFE_STOP,倒车完成（前头红外无值）,0,0,1
14.704,536.0,748.0,364.0,1040.0,-0.351,-0.1068,-0.2618,-0.2129,1,0,0,0,0,0,0,0,1,200.0,26.0,200.0,174.0,SAFE_STOP,倒车完成（前头红外无值）,0,0,1
14.724,537.0,750.0,364.0,1041.0,-0.351,-0.1068,-0.2618,-0.2129,1,0,0,0,0,0,0,0,1,233.0,21.0,233.0,212.0,SAFE_STOP,倒车完成（前头红外无值）,0,0,1
14.744,537.0,750.0,364.0,1042.0,-0.351,-0.1046,-0.2618,-0.2129,1,0,0,0,0,0,0,0,1,183.0,21.0,183.0,162.0,SAFE_STOP,倒车完成（前头红外无值）,0,0,1
14.764,536.0,748.0,364.0,1039.0,-0.351,-0.1046,-0.2618,-0.2129,1,0,0,0,0,0,0,0,1,191.0,21.0,191.0,170.0,SAFE_STOP,倒车完成（前头红外无值）,0,0,1
14.784,537.0,750.0,364.0,1041.0,-0.351,-0.1046,-0.2618,-0.2129,1,0,0,0,0,0,0,0,1,201.0,33.0,201.0,168.0,SAFE_STOP,倒车完成（前头红外无值）,0,0,1
14.804,537.0,749.0,364.0,1040.0,-0.351,-0.1068,-0.2618,-0.215,1,0,0,0,0,0,0,0,1,134.0,20.0,134.0,114.0,SAFE_STOP,倒车完成（前头红外无值）,0,0,1
14.824,536.0,747.0,363.0,1039.0,-0.351,-0.1068,-0.2618,-0.215,1,0,0,0,0,0,0,0,1,251.0,21.0,251.0,230.0,SAFE_STOP,倒车完成（前头红外无值）,0,0,1
14.845,537.0,750.0,364.0,1041.0,-0.351,-0.1068,-0.2618,-0.215,1,0,0,0,0,0,0,0,1,329.0,21.0,329.0,308.0,SAFE_STOP,倒车完成（前头红外无值）,0,0,1
14.865,537.0,750.0,365.0,1042.0,-0.351,-0.1046,-0.2618,-0.2129,1,0,0,0,0,0,0,0,1,411.0,20.0,411.0,391.0,SAFE_STOP,倒车完成（前头红外无值）,0,0,1
14.885,537.0,749.0,364.0,1041.0,-0.351,-0.1046,-0.2618,-0.2129,1,0,0,0,0,0,0,0,1,200.0,20.0,200.0,180.0,SAFE_STOP,倒车完成（前头红外无值）,0,0,1
14.905,537.0,750.0,364.0,1041.0,-0.351,-0.1046,-0.2618,-0.2129,1,0,0,0,0,0,0,0,1,216.0,22.0,216.0,194.0,SAFE_STOP,倒车完成（前头红外无值）,0,0,1
14.925,538.0,751.0,364.0,1043.0,-0.351,-0.1046,-0.2618,-0.2129,1,0,0,0,0,0,0,0,1,249.0,21.0,249.0,228.0,SAFE_STOP,倒车完成（前头红外无值）,0,0,1
14.945,538.0,750.0,364.0,1042.0,-0.3483,-0.1046,-0.2618,-0.2109,1,0,0,0,0,0,0,0,1,33.0,20.0,33.0,13.0,SAFE_STOP,倒车完成（前头红外无值）,0,0,1
14.965,538.0,750.0,364.0,1042.0,-0.3483,-0.1046,-0.2618,-0.2109,1,0,0,0,0,0,0,0,1,33.0,20.0,33.0,13.0,SAFE_STOP,倒车完成（前头红外无值）,0,0,1
14.985,536.0,746.0,363.0,1038.0,-0.3483,-0.1046,-0.2618,-0.2109,1,0,0,0,0,0,0,0,1,234.0,23.0,234.0,211.0,SAFE_STOP,倒车完成（前头红外无值）,0,0,1
15.005,537.0,750.0,364.0,1042.0,-0.351,-0.1046,-0.2618,-0.2109,1,0,0,0,0,0,0,0,1,201.0,22.0,201.0,179.0,SAFE_STOP,倒车完成（前头红外无值）,0,0,1
15.026,537.0,750.0,365.0,1042.0,-0.351,-0.1046,-0.2618,-0.2109,1,0,0,0,0,0,0,0,1,460.0,20.0,460.0,440.0,SAFE_STOP,倒车完成（前头红外无值）,0,0,1
15.046,536.0,747.0,364.0,1040.0,-0.351,-0.1046,-0.2618,-0.2109,1,0,0,0,0,0,0,0,1,208.0,33.0,208.0,175.0,SAFE_STOP,倒车完成（前头红外无值）,0,0,1
15.066,537.0,749.0,364.0,1040.0,-0.351,-0.1068,-0.2618,-0.215,1,0,0,0,0,0,0,0,1,560.0,25.0,560.0,535.0,SAFE_STOP,倒车完成（前头红外无值）,0,0,1
15.086,538.0,749.0,365.0,1042.0,-0.351,-0.1068,-0.2618,-0.215,1,0,0,0,0,0,0,0,1,265.0,20.0,265.0,245.0,SAFE_STOP,倒车完成（前头红外无值）,0,0,1
15.106,537.0,749.0,365.0,1041.0,-0.351,-0.1068,-0.2591,-0.2129,1,0,0,0,0,0,0,0,1,48.0,20.0,48.0,28.0,SAFE_STOP,倒车完成（前头红外无值）,0,0,1
15.126,537.0,750.0,365.0,1042.0,-0.351,-0.1068,-0.2591,-0.2109,1,0,0,0,0,0,0,0,1,182.0,21.0,182.0,161.0,SAFE_STOP,倒车完成（前头红外无值）,0,0,1
15.146,537.0,749.0,364.0,1040.0,-0.351,-0.1068,-0.2591,-0.2129,1,0,0,0,0,0,0,0,1,200.0,20.0,200.0,180.0,SAFE_STOP,倒车完成（前头红外无值）,0,0,1
15.166,537.0,749.0,362.0,1040.0,-0.351,-0.1068,-0.2618,-0.215,1,0,0,0,0,0,0,0,1,379.0,21.0,379.0,358.0,SAFE_STOP,倒车完成（前头红外无值）,0,0,1
15.186,539.0,750.0,364.0,1042.0,-0.351,-0.1068,-0.2618,-0.215,1,0,0,0,0,0,0,0,1,233.0,20.0,233.0,213.0,SAFE_STOP,倒车完成（前头红外无值）,0,0,1
15.207,537.0,750.0,365.0,1041.0,-0.351,-0.1046,-0.2618,-0.2129,1,0,0,0,0,0,0,0,1,313.0,20.0,313.0,293.0,SAFE_STOP,倒车完成（前头红外无值）,0,0,1
15.227,538.0,750.0,364.0,1042.0,-0.3483,-0.1046,-0.2618,-0.2109,1,0,0,0,0,0,0,0,1,199.0,20.0,199.0,179.0,SAFE_STOP,倒车完成（前头红外无值）,0,0,1
15.247,537.0,750.0,364.0,1042.0,-0.351,-0.1046,-0.2618,-0.2109,1,0,0,0,0,0,0,0,1,198.0,21.0,198.0,177.0,SAFE_STOP,倒车完成（前头红外无值）,0,0,1
15.267,536.0,750.0,364.0,1040.0,-0.351,-0.1046,-0.2618,-0.2109,1,0,0,0,0,0,0,0,1,199.0,21.0,199.0,178.0,SAFE_STOP,倒车完成（前头红外无值）,0,0,1
15.287,536.0,749.0,364.0,1040.0,-0.3537,-0.1046,-0.2618,-0.215,1,0,0,0,0,0,0,0,1,233.0,33.0,233.0,200.0,SAFE_STOP,倒车完成（前头红外无值）,0,0,1
15.307,537.0,749.0,364.0,1042.0,-0.3537,-0.1068,-0.2618,-0.215,1,0,0,0,0,0,0,0,1,233.0,30.0,233.0,203.0,SAFE_STOP,倒车完成（前头红外无值）,0,0,1
15.327,537.0,750.0,364.0,1040.0,-0.351,-0.1068,-0.2618,-0.215,1,0,0,0,0,0,0,0,1,183.0,20.0,183.0,163.0,SAFE_STOP,倒车完成（前头红外无值）,0,0,1
15.347,536.0,749.0,364.0,1040.0,-0.351,-0.1068,-0.2618,-0.215,1,0,0,0,0,0,0,0,1,102.0,21.0,102.0,81.0,SAFE_STOP,倒车完成（前头红外无值）,0,0,1
15.367,536.0,749.0,364.0,1040.0,-0.3537,-0.1068,-0.2618,-0.215,1,0,0,0,0,0,0,0,1,102.0,21.0,102.0,81.0,SAFE_STOP,倒车完成（前头红外无值）,0,0,1
15.388,537.0,749.0,365.0,1041.0,-0.3537,-0.1068,-0.2618,-0.215,1,0,0,0,0,0,0,0,1,33.0,21.0,33.0,12.0,SAFE_STOP,倒车完成（前头红外无值）,0,0,1
15.408,537.0,749.0,364.0,1041.0,-0.351,-0.1068,-0.2618,-0.2129,1,0,0,0,0,0,0,0,1,250.0,21.0,250.0,229.0,SAFE_STOP,倒车完成（前头红外无值）,0,0,1
15.428,537.0,750.0,364.0,1041.0,-0.351,-0.1068,-0.2618,-0.2129,1,0,0,0,0,0,0,0,1,477.0,20.0,477.0,457.0,SAFE_STOP,倒车完成（前头红外无值）,0,0,1
15.448,537.0,749.0,364.0,1042.0,-0.351,-0.1068,-0.2618,-0.2129,1,0,0,0,0,0,0,0,1,476.0,20.0,476.0,456.0,SAFE_STOP,倒车完成（前头红外无值）,0,0,1
15.468,537.0,749.0,363.0,1041.0,-0.351,-0.1068,-0.2618,-0.2129,1,0,0,0,0,0,0,0,1,198.0,20.0,198.0,178.0,SAFE_STOP,倒车完成（前头红外无值）,0,0,1
15.488,536.0,748.0,364.0,1040.0,-0.351,-0.1068,-0.2618,-0.2129,1,0,0,0,0,0,0,0,1,321.0,21.0,321.0,300.0,SAFE_STOP,倒车完成（前头红外无值）,0,0,1
15.508,537.0,750.0,365.0,1042.0,-0.351,-0.1068,-0.2618,-0.2129,1,0,0,0,0,0,0,0,1,250.0,73.0,250.0,177.0,SAFE_STOP,倒车完成（前头红外无值）,0,0,1
15.528,537.0,750.0,364.0,1042.0,-0.351,-0.1046,-0.2618,-0.2109,1,0,0,0,0,0,0,0,1,25.0,20.0,25.0,5.0,SAFE_STOP,倒车完成（前头红外无值）,0,0,1
15.548,536.0,748.0,363.0,1040.0,-0.351,-0.1046,-0.2618,-0.2109,1,0,0,0,0,0,0,0,1,233.0,21.0,233.0,212.0,SAFE_STOP,倒车完成（前头红外无值）,0,0,1
15.569,538.0,750.0,364.0,1042.0,-0.351,-0.1046,-0.2618,-0.2109,1,0,0,0,0,0,0,0,1,199.0,20.0,199.0,179.0,SAFE_STOP,倒车完成（前头红外无值）,0,0,1
15.589,537.0,750.0,364.0,1042.0,-0.351,-0.1046,-0.2618,-0.2109,1,0,0,0,0,0,0,0,1,545.0,21.0,545.0,524.0,SAFE_STOP,倒车完成（前头红外无值）,0,0,1
15.609,537.0,749.0,364.0,1041.0,-0.351,-0.1046,-0.2618,-0.2109,1,0,0,0,0,0,0,0,1,199.0,21.0,199.0,178.0,SAFE_STOP,倒车完成（前头红外无值）,0,0,1
15.629,537.0,750.0,364.0,1041.0,-0.351,-0.1046,-0.2618,-0.2129,1,0,0,0,0,0,0,0,1,313.0,32.0,313.0,281.0,SAFE_STOP,倒车完成（前头红外无值）,0,0,1
15.649,537.0,750.0,365.0,1042.0,-0.351,-0.1046,-0.2618,-0.2129,1,0,0,0,0,0,0,0,1,233.0,21.0,233.0,212.0,SAFE_STOP,倒车完成（前头红外无值）,0,0,1
15.669,537.0,749.0,364.0,1040.0,-0.351,-0.1046,-0.2618,-0.2129,1,0,0,0,0,0,0,0,1,42.0,20.0,42.0,22.0,SAFE_STOP,倒车完成（前头红外无值）,0,0,1
15.69,537.0,750.0,364.0,1041.0,-0.351,-0.1046,-0.2618,-0.2129,1,0,0,0,0,0,0,0,1,199.0,20.0,199.0,179.0,SAFE_STOP,倒车完成（前头红外无值）,0,0,1
15.71,538.0,749.0,364.0,1042.0,-0.351,-0.1068,-0.2618,-0.2129,1,0,0,0,0,0,0,0,1,167.0,20.0,167.0,147.0,SAFE_STOP,倒车完成（前头红外无值）,0,0,1
15.73,536.0,749.0,364.0,1040.0,-0.351,-0.1068,-0.2618,-0.2129,1,0,0,0,0,0,0,0,1,250.0,21.0,250.0,229.0,SAFE_STOP,倒车完成（前头红外无值）,0,0,1
15.75,536.0,749.0,364.0,1040.0,-0.3537,-0.1068,-0.2618,-0.215,1,0,0,0,0,0,0,0,1,250.0,21.0,250.0,229.0,SAFE_STOP,倒车完成（前头红外无值）,0,0,1
15.77,537.0,750.0,364.0,1041.0,-0.3537,-0.1068,-0.2618,-0.215,1,0,0,0,0,0,0,0,1,240.0,21.0,240.0,219.0,SAFE_STOP,倒车完成（前头红外无值）,0,0,1
15.79,537.0,750.0,364.0,1041.0,-0.351,-0.1046,-0.2618,-0.2129,1,0,0,0,0,0,0,0,1,150.0,21.0,150.0,129.0,SAFE_STOP,倒车完成（前头红外无值）,0,0,1
15.81,536.0,748.0,363.0,1039.0,-0.351,-0.1046,-0.2618,-0.2129,1,0,0,0,0,0,0,0,1,298.0,21.0,298.0,277.0,SAFE_STOP,倒车完成（前头红外无值）,0,0,1
15.83,536.0,747.0,364.0,1040.0,-0.3537,-0.1089,-0.2618,-0.215,1,0,0,0,0,0,0,0,1,199.0,23.0,199.0,176.0,SAFE_STOP,倒车完成（前头红外无值）,0,0,1
15.85,537.0,750.0,364.0,1041.0,-0.3537,-0.1089,-0.2618,-0.215,1,0,0,0,0,0,0,0,1,401.0,21.0,401.0,380.0,SAFE_STOP,倒车完成（前头红外无值）,0,0,1
15.87,538.0,750.0,364.0,1043.0,-0.351,-0.1046,-0.2618,-0.2129,1,0,0,0,0,0,0,0,1,232.0,21.0,232.0,211.0,SAFE_STOP,倒车完成（前头红外无值）,0,0,1
15.891,538.0,748.0,364.0,1041.0,-0.3483,-0.1046,-0.2618,-0.2129,1,0,0,0,0,0,0,0,1,150.0,32.0,150.0,118.0,SAFE_STOP,倒车完成（前头红外无值）,0,0,1
15.911,538.0,750.0,365.0,1042.0,-0.3483,-0.1046,-0.2618,-0.2109,1,0,0,0,0,0,0,0,1,184.0,25.0,184.0,159.0,SAFE_STOP,倒车完成（前头红外无值）,0,0,1
15.931,537.0,749.0,364.0,1041.0,-0.3483,-0.1068,-0.2618,-0.2129,1,0,0,0,0,0,0,0,1,19.0,21.0,21.0,-2.0,SAFE_STOP,倒车完成（前头红外无值）,0,0,1
15.951,536.0,747.0,363.0,1039.0,-0.351,-0.1068,-0.2618,-0.2129,1,0,0,0,0,0,0,0,1,151.0,21.0,151.0,130.0,SAFE_STOP,倒车完成（前头红外无值）,0,0,1
15.972,536.0,749.0,363.0,1041.0,-0.3537,-0.1068,-0.2646,-0.2129,1,0,0,0,0,0,0,0,1,249.0,21.0,249.0,228.0,SAFE_STOP,倒车完成（前头红外无值）,0,0,1
15.992,536.0,748.0,363.0,1040.0,-0.3537,-0.1089,-0.2646,-0.215,1,0,0,0,0,0,0,0,1,448.0,20.0,448.0,428.0,SAFE_STOP,倒车完成（前头红外无值）,0,0,1
16.012,536.0,748.0,363.0,1040.0,-0.3537,-0.1089,-0.2646,-0.215,1,0,0,0,0,0,0,0,1,494.0,22.0,494.0,472.0,SAFE_STOP,倒车完成（前头红外无值）,0,0,1
16.032,537.0,750.0,364.0,1041.0,-0.3537,-0.1089,-0.2646,-0.215,1,0,0,0,0,0,0,0,1,207.0,21.0,207.0,186.0,SAFE_STOP,倒车完成（前头红外无值）,0,0,1
16.052,537.0,749.0,364.0,1041.0,-0.351,-0.1068,-0.2618,-0.2129,1,0,0,0,0,0,0,0,1,233.0,21.0,233.0,212.0,SAFE_STOP,倒车完成（前头红外无值）,0,0,1
16.073,536.0,749.0,364.0,1041.0,-0.351,-0.1068,-0.2618,-0.2129,1,0,0,0,0,0,0,0,1,265.0,20.0,265.0,245.0,SAFE_STOP,倒车完成（前头红外无值）,0,0,1
16.093,538.0,749.0,364.0,1041.0,-0.351,-0.1068,-0.2618,-0.2129,1,0,0,0,0,0,0,0,1,52.0,21.0,52.0,31.0,SAFE_STOP,倒车完成（前头红外无值）,0,0,1
16.113,538.0,750.0,364.0,1041.0,-0.3483,-0.1068,-0.2618,-0.2129,1,0,0,0,0,0,0,0,1,233.0,17.0,233.0,216.0,SAFE_STOP,倒车完成（前头红外无值）,0,0,1
16.133,537.0,749.0,364.0,1042.0,-0.3483,-0.1068,-0.2618,-0.2129,1,0,0,0,0,0,0,0,1,330.0,20.0,330.0,310.0,SAFE_STOP,倒车完成（前头红外无值）,0,0,1
16.153,537.0,749.0,364.0,1042.0,-0.351,-0.1068,-0.2618,-0.2109,1,0,0,0,0,0,0,0,1,330.0,20.0,330.0,310.0,SAFE_STOP,倒车完成（前头红外无值）,0,0,1
16.174,537.0,749.0,365.0,1040.0,-0.351,-0.1068,-0.2618,-0.2109,1,0,0,0,0,0,0,0,1,297.0,20.0,297.0,277.0,SAFE_STOP,倒车完成（前头红外无值）,0,0,1
16.194,536.0,749.0,364.0,1040.0,-0.351,-0.1068,-0.2618,-0.215,1,0,0,0,0,0,0,0,1,183.0,21.0,183.0,162.0,SAFE_STOP,倒车完成（前头红外无值）,0,0,1
16.214,536.0,748.0,364.0,1041.0,-0.3537,-0.1068,-0.2618,-0.215,1,0,0,0,0,0,0,0,1,248.0,20.0,248.0,228.0,SAFE_STOP,倒车完成（前头红外无值）,0,0,1
16.234,537.0,750.0,364.0,1042.0,-0.3537,-0.1068,-0.2618,-0.2129,1,0,0,0,0,0,0,0,1,234.0,21.0,234.0,213.0,SAFE_STOP,倒车完成（前头红外无值）,0,0,1
16.254,537.0,749.0,364.0,1041.0,-0.351,-0.1068,-0.2618,-0.2129,1,0,0,0,0,0,0,0,1,184.0,21.0,184.0,163.0,SAFE_STOP,倒车完成（前头红外无值）,0,0,1
16.274,536.0,748.0,363.0,1040.0,-0.351,-0.1068,-0.2618,-0.2129,1,0,0,0,0,0,0,0,1,183.0,21.0,183.0,162.0,SAFE_STOP,倒车完成（前头红外无值）,0,0,1
16.294,537.0,750.0,364.0,1041.0,-0.351,-0.1068,-0.2618,-0.2129,1,0,0,0,0,0,0,0,1,199.0,21.0,199.0,178.0,SAFE_STOP,倒车完成（前头红外无值）,0,0,1
16.315,536.0,749.0,364.0,1040.0,-0.3537,-0.1068,-0.2618,-0.215,1,0,0,0,0,0,0,0,1,152.0,33.0,152.0,119.0,SAFE_STOP,倒车完成（前头红外无值）,0,0,1
16.335,537.0,748.0,364.0,1040.0,-0.351,-0.1068,-0.2618,-0.215,1,0,0,0,0,0,0,0,1,233.0,21.0,233.0,212.0,SAFE_STOP,倒车完成（前头红外无值）,0,0,1
16.355,538.0,750.0,364.0,1042.0,-0.351,-0.1068,-0.2618,-0.215,1,0,0,0,0,0,0,0,1,249.0,21.0,249.0,228.0,SAFE_STOP,倒车完成（前头红外无值）,0,0,1
16.375,536.0,750.0,364.0,1041.0,-0.351,-0.1046,-0.2618,-0.2129,1,0,0,0,0,0,0,0,1,560.0,21.0,560.0,539.0,SAFE_STOP,倒车完成（前头红外无值）,0,0,1
16.395,536.0,748.0,363.0,1040.0,-0.3537,-0.1046,-0.2618,-0.2129,1,0,0,0,0,0,0,0,1,201.0,21.0,201.0,180.0,SAFE_STOP,倒车完成（前头红外无值）,0,0,1
16.415,538.0,750.0,364.0,1042.0,-0.3537,-0.1046,-0.2618,-0.2129,1,0,0,0,0,0,0,0,1,427.0,21.0,427.0,406.0,SAFE_STOP,倒车完成（前头红外无值）,0,0,1
16.435,537.0,750.0,364.0,1041.0,-0.351,-0.1046,-0.2618,-0.2129,1,0,0,0,0,0,0,0,1,233.0,21.0,233.0,212.0,SAFE_STOP,倒车完成（前头红外无值）,0,0,1
16.455,536.0,750.0,364.0,1041.0,-0.351,-0.1046,-0.2618,-0.2129,1,0,0,0,0,0,0,0,1,33.0,20.0,33.0,13.0,SAFE_STOP,倒车完成（前头红外无值）,0,0,1
16.475,538.0,750.0,364.0,1042.0,-0.351,-0.1046,-0.2618,-0.2129,1,0,0,0,0,0,0,0,1,199.0,21.0,199.0,178.0,SAFE_STOP,倒车完成（前头红外无值）,0,0,1
16.496,537.0,749.0,364.0,1041.0,-0.351,-0.1046,-0.2618,-0.2129,1,0,0,0,0,0,0,0,1,17.0,21.0,21.0,-4.0,SAFE_STOP,倒车完成（前头红外无值）,0,0,1
16.516,537.0,749.0,364.0,1041.0,-0.351,-0.1068,-0.2618,-0.2129,1,0,0,0,0,0,0,0,1,266.0,20.0,266.0,246.0,SAFE_STOP,倒车完成（前头红外无值）,0,0,1
16.536,537.0,749.0,363.0,1042.0,-0.351,-0.1068,-0.2618,-0.2129,1,0,0,0,0,0,0,0,1,233.0,20.0,233.0,213.0,SAFE_STOP,倒车完成（前头红外无值）,0,0,1
16.556,537.0,749.0,363.0,1042.0,-0.351,-0.1068,-0.2646,-0.2109,1,0,0,0,0,0,0,0,1,233.0,20.0,233.0,213.0,SAFE_STOP,倒车完成（前头红外无值）,0,0,1
16.576,538.0,749.0,364.0,1041.0,-0.351,-0.1068,-0.2646,-0.2109,1,0,0,0,0,0,0,0,1,543.0,21.0,543.0,522.0,SAFE_STOP,倒车完成（前头红外无值）,0,0,1
16.596,537.0,749.0,364.0,1040.0,-0.351,-0.1068,-0.2618,-0.2129,1,0,0,0,0,0,0,0,1,213.0,20.0,213.0,193.0,SAFE_STOP,倒车完成（前头红外无值）,0,0,1
16.616,536.0,749.0,363.0,1041.0,-0.351,-0.1068,-0.2618,-0.2129,1,0,0,0,0,0,0,0,1,167.0,21.0,167.0,146.0,SAFE_STOP,倒车完成（前头红外无值）,0,0,1
16.636,536.0,749.0,364.0,1042.0,-0.3537,-0.1068,-0.2618,-0.2129,1,0,0,0,0,0,0,0,1,206.0,21.0,206.0,185.0,SAFE_STOP,倒车完成（前头红外无值）,0,0,1
16.656,536.0,748.0,364.0,1040.0,-0.3537,-0.1068,-0.2618,-0.2129,1,0,0,0,0,0,0,0,1,140.0,20.0,140.0,120.0,SAFE_STOP,倒车完成（前头红外无值）,0,0,1
16.676,536.0,748.0,364.0,1040.0,-0.3537,-0.1089,-0.2618,-0.215,1,0,0,0,0,0,0,0,1,233.0,21.0,233.0,212.0,SAFE_STOP,倒车完成（前头红外无值）,0,0,1
16.697,538.0,750.0,364.0,1042.0,-0.3537,-0.1089,-0.2618,-0.215,1,0,0,0,0,0,0,0,1,182.0,21.0,182.0,161.0,SAFE_STOP,倒车完成（前头红外无值）,0,0,1
16.717,537.0,749.0,364.0,1041.0,-0.351,-0.1068,-0.2618,-0.2129,1,0,0,0,0,0,0,0,1,199.0,20.0,199.0,179.0,SAFE_STOP,倒车完成（前头红外无值）,0,0,1
16.737,537.0,749.0,364.0,1041.0,-0.351,-0.1068,-0.2618,-0.2129,1,0,0,0,0,0,0,0,1,117.0,20.0,117.0,97.0,SAFE_STOP,倒车完成（前头红外无值）,0,0,1
16.758,538.0,750.0,364.0,1042.0,-0.351,-0.1068,-0.2618,-0.2129,1,0,0,0,0,0,0,0,1,249.0,20.0,249.0,229.0,SAFE_STOP,倒车完成（前头红外无值）,0,0,1
16.778,537.0,750.0,364.0,1042.0,-0.351,-0.1046,-0.2618,-0.2109,1,0,0,0,0,0,0,0,1,427.0,20.0,427.0,407.0,SAFE_STOP,倒车完成（前头红外无值）,0,0,1
16.798,536.0,748.0,364.0,1040.0,-0.351,-0.1046,-0.2618,-0.2109,1,0,0,0,0,0,0,0,1,283.0,21.0,283.0,262.0,SAFE_STOP,倒车完成（前头红外无值）,0,0,1
16.819,537.0,750.0,365.0,1042.0,-0.351,-0.1046,-0.2618,-0.2109,1,0,0,0,0,0,0,0,1,199.0,20.0,199.0,179.0,SAFE_STOP,倒车完成（前头红外无值）,0,0,1
16.839,537.0,749.0,364.0,1041.0,-0.351,-0.1068,-0.2618,-0.2129,1,0,0,0,0,0,0,0,1,200.0,21.0,200.0,179.0,SAFE_STOP,倒车完成（前头红外无值）,0,0,1
16.859,537.0,749.0,364.0,1040.0,-0.351,-0.1068,-0.2618,-0.2129,1,0,0,0,0,0,0,0,1,99.0,20.0,99.0,79.0,SAFE_STOP,倒车完成（前头红外无值）,0,0,1
16.879,537.0,750.0,365.0,1042.0,-0.351,-0.1068,-0.2618,-0.2129,1,0,0,0,0,0,0,0,1,52.0,20.0,52.0,32.0,SAFE_STOP,倒车完成（前头红外无值）,0,0,1
16.899,537.0,750.0,364.0,1041.0,-0.351,-0.1046,-0.2618,-0.2129,1,0,0,0,0,0,0,0,1,233.0,21.0,233.0,212.0,SAFE_STOP,倒车完成（前头红外无值）,0,0,1
16.919,536.0,749.0,363.0,1041.0,-0.351,-0.1046,-0.2618,-0.2129,1,0,0,0,0,0,0,0,1,443.0,21.0,443.0,422.0,SAFE_STOP,倒车完成（前头红外无值）,0,0,1
16.94,538.0,750.0,364.0,1042.0,-0.351,-0.1046,-0.2618,-0.2129,1,0,0,0,0,0,0,0,1,561.0,21.0,561.0,540.0,SAFE_STOP,倒车完成（前头红外无值）,0,0,1
16.96,538.0,750.0,364.0,1042.0,-0.3483,-0.1046,-0.2618,-0.2109,1,0,0,0,0,0,0,0,1,561.0,21.0,561.0,540.0,SAFE_STOP,倒车完成（前头红外无值）,0,0,1
16.981,537.0,749.0,364.0,1041.0,-0.3483,-0.1046,-0.2618,-0.2109,1,0,0,0,0,0,0,0,1,200.0,21.0,200.0,179.0,SAFE_STOP,倒车完成（前头红外无值）,0,0,1
17.001,536.0,747.0,363.0,1039.0,-0.351,-0.1068,-0.2618,-0.2129,1,0,0,0,0,0,0,0,1,364.0,35.0,364.0,329.0,SAFE_STOP,倒车完成（前头红外无值）,0,0,1
17.021,536.0,748.0,365.0,1042.0,-0.3537,-0.1089,-0.2618,-0.2129,1,0,0,0,0,0,0,0,1,184.0,31.0,184.0,153.0,SAFE_STOP,倒车完成（前头红外无值）,0,0,1
17.041,538.0,750.0,365.0,1041.0,-0.3537,-0.1089,-0.2591,-0.2129,1,0,0,0,0,0,0,0,1,16.0,20.0,20.0,-4.0,SAFE_STOP,倒车完成（前头红外无值）,0,0,1
17.061,536.0,749.0,363.0,1040.0,-0.3537,-0.1068,-0.2591,-0.2129,1,0,0,0,0,0,0,0,1,200.0,21.0,200.0,179.0,SAFE_STOP,倒车完成（前头红外无值）,0,0,1
17.081,537.0,749.0,364.0,1042.0,-0.351,-0.1068,-0.2618,-0.2129,1,0,0,0,0,0,0,0,1,215.0,20.0,215.0,195.0,SAFE_STOP,倒车完成（前头红外无值）,0,0,1
17.101,537.0,749.0,365.0,1041.0,-0.351,-0.1068,-0.2618,-0.2129,1,0,0,0,0,0,0,0,1,528.0,20.0,528.0,508.0,SAFE_STOP,倒车完成（前头红外无值）,0,0,1
17.122,536.0,749.0,364.0,1041.0,-0.351,-0.1068,-0.2618,-0.2129,1,0,0,0,0,0,0,0,1,232.0,21.0,232.0,211.0,SAFE_STOP,倒车完成（前头红外无值）,0,0,1
17.142,537.0,749.0,365.0,1042.0,-0.351,-0.1068,-0.2591,-0.2129,1,0,0,0,0,0,0,0,1,233.0,20.0,233.0,213.0,SAFE_STOP,倒车完成（前头红外无值）,0,0,1
17.162,538.0,750.0,365.0,1042.0,-0.351,-0.1068,-0.2591,-0.2109,1,0,0,0,0,0,0,0,1,183.0,22.0,183.0,161.0,SAFE_STOP,倒车完成（前头红外无值）,0,0,1
17.182,536.0,748.0,363.0,1039.0,-0.351,-0.1068,-0.2591,-0.2109,1,0,0,0,0,0,0,0,1,200.0,21.0,200.0,179.0,SAFE_STOP,倒车完成（前头红外无值）,0,0,1
17.202,537.0,750.0,365.0,1043.0,-0.351,-0.1046,-0.2591,-0.2109,1,0,0,0,0,0,0,0,1,199.0,20.0,199.0,179.0,SAFE_STOP,倒车完成（前头红外无值）,0,0,1
17.222,538.0,749.0,365.0,1042.0,-0.351,-0.1068,-0.2591,-0.2109,1,0,0,0,0,0,0,0,1,249.0,20.0,249.0,229.0,SAFE_STOP,倒车完成（前头红外无值）,0,0,1
17.242,536.0,748.0,363.0,1040.0,-0.351,-0.1068,-0.2591,-0.2109,1,0,0,0,0,0,0,0,1,201.0,20.0,201.0,181.0,SAFE_STOP,倒车完成（前头红外无值）,0,0,1
17.263,537.0,749.0,365.0,1042.0,-0.351,-0.1068,-0.2591,-0.2109,1,0,0,0,0,0,0,0,1,183.0,21.0,183.0,162.0,SAFE_STOP,倒车完成（前头红外无值）,0,0,1
17.283,538.0,750.0,364.0,1041.0,-0.351,-0.1068,-0.2618,-0.2129,1,0,0,0,0,0,0,0,1,32.0,21.0,32.0,11.0,SAFE_STOP,倒车完成（前头红外无值）,0,0,1
17.303,536.0,749.0,363.0,1040.0,-0.351,-0.1068,-0.2618,-0.2129,1,0,0,0,0,0,0,0,1,411.0,21.0,411.0,390.0,SAFE_STOP,倒车完成（前头红外无值）,0,0,1
17.324,536.0,749.0,363.0,1040.0,-0.3537,-0.1068,-0.2646,-0.215,1,0,0,0,0,0,0,0,1,411.0,21.0,411.0,390.0,SAFE_STOP,倒车完成（前头红外无值）,0,0,1
17.344,535.0,747.0,363.0,1038.0,-0.3537,-0.1068,-0.2646,-0.215,1,0,0,0,0,0,0,0,1,252.0,34.0,252.0,218.0,SAFE_STOP,倒车完成（前头红外无值）,0,0,1
17.364,535.0,747.0,362.0,1038.0,-0.3565,-0.1111,-0.2646,-0.2192,1,0,0,0,0,0,0,0,1,528.0,22.0,528.0,506.0,SAFE_STOP,倒车完成（前头红外无值）,0,0,1
17.384,535.0,747.0,363.0,1038.0,-0.3565,-0.1111,-0.2646,-0.2192,1,0,0,0,0,0,0,0,1,250.0,21.0,250.0,229.0,SAFE_STOP,倒车完成（前头红外无值）,0,0,1
17.404,535.0,746.0,362.0,1037.0,-0.3565,-0.1111,-0.2674,-0.2192,1,0,0,0,0,0,0,0,1,74.0,22.0,74.0,52.0,SAFE_STOP,倒车完成（前头红外无值）,0,0,1
17.424,535.0,748.0,363.0,1038.0,-0.3565,-0.1111,-0.2646,-0.2192,1,0,0,0,0,0,0,0,1,200.0,21.0,200.0,179.0,SAFE_STOP,倒车完成（前头红外无值）,0,0,1
17.444,535.0,747.0,363.0,1038.0,-0.3565,-0.1111,-0.2646,-0.2192,1,0,0,0,0,0,0,0,1,19.0,21.0,21.0,-2.0,SAFE_STOP,倒车完成（前头红外无值）,0,0,1
17.464,535.0,746.0,363.0,1038.0,-0.3565,-0.1111,-0.2646,-0.2192,1,0,0,0,0,0,0,0,1,348.0,22.0,348.0,326.0,SAFE_STOP,倒车完成（前头红外无值）,0,0,1
17.485,536.0,748.0,363.0,1038.0,-0.3565,-0.1111,-0.2646,-0.2192,1,0,0,0,0,0,0,0,1,233.0,21.0,233.0,212.0,SAFE_STOP,倒车完成（前头红外无值）,0,0,1
17.505,536.0,746.0,363.0,1038.0,-0.3537,-0.1133,-0.2646,-0.2192,1,0,0,0,0,0,0,0,1,592.0,21.0,592.0,571.0,SAFE_STOP,倒车完成（前头红外无值）,0,0,1
17.525,536.0,746.0,362.0,1037.0,-0.3537,-0.1133,-0.2646,-0.2192,1,0,0,0,0,0,0,0,1,267.0,22.0,267.0,245.0,SAFE_STOP,倒车完成（前头红外无值）,0,0,1
17.545,536.0,746.0,363.0,1038.0,-0.3537,-0.1133,-0.2646,-0.2192,1,0,0,0,0,0,0,0,1,184.0,21.0,184.0,163.0,SAFE_STOP,倒车完成（前头红外无值）,0,0,1
17.565,535.0,747.0,363.0,1038.0,-0.3537,-0.1133,-0.2646,-0.2192,1,0,0,0,0,0,0,0,1,200.0,21.0,200.0,179.0,SAFE_STOP,倒车完成（前头红外无值）,0,0,1
17.585,535.0,746.0,362.0,1037.0,-0.3565,-0.1133,-0.2646,-0.2192,1,0,0,0,0,0,0,0,1,142.0,22.0,142.0,120.0,SAFE_STOP,倒车完成（前头红外无值）,0,0,1
17.605,535.0,747.0,364.0,1039.0,-0.3565,-0.1111,-0.2646,-0.2192,1,0,0,0,0,0,0,0,1,217.0,21.0,217.0,196.0,SAFE_STOP,倒车完成（前头红外无值）,0,0,1
17.625,534.0,746.0,362.0,1037.0,-0.3565,-0.1133,-0.2674,-0.2213,1,0,0,0,0,0,0,0,1,185.0,22.0,185.0,163.0,SAFE_STOP,倒车完成（前头红外无值）,0,0,1
17.645,536.0,747.0,363.0,1039.0,-0.3565,-0.1111,-0.2646,-0.2171,1,0,0,0,0,0,0,0,1,297.0,21.0,297.0,276.0,SAFE_STOP,倒车完成（前头红外无值）,0,0,1
17.665,535.0,747.0,362.0,1037.0,-0.3565,-0.1111,-0.2674,-0.2213,1,0,0,0,0,0,0,0,1,202.0,22.0,202.0,180.0,SAFE_STOP,倒车完成（前头红外无值）,0,0,1
17.686,534.0,746.0,362.0,1037.0,-0.3565,-0.1111,-0.2674,-0.2213,1,0,0,0,0,0,0,0,1,250.0,21.0,250.0,229.0,SAFE_STOP,倒车完成（前头红外无值）,0,0,1
17.706,536.0,747.0,363.0,1040.0,-0.3565,-0.1111,-0.2674,-0.2213,1,0,0,0,0,0,0,0,1,314.0,21.0,314.0,293.0,SAFE_STOP,倒车完成（前头红外无值）,0,0,1
17.726,536.0,747.0,362.0,1040.0,-0.3537,-0.1111,-0.2674,-0.215,1,0,0,0,0,0,0,0,1,233.0,21.0,233.0,212.0,SAFE_STOP,倒车完成（前头红外无值）,0,0,1
17.746,534.0,746.0,362.0,1036.0,-0.3537,-0.1111,-0.2674,-0.215,1,0,0,0,0,0,0,0,1,185.0,21.0,185.0,164.0,SAFE_STOP,倒车完成（前头红外无值）,0,0,1
17.766,533.0,744.0,361.0,1035.0,-0.3592,-0.1133,-0.2674,-0.2234,1,0,0,0,0,0,0,0,1,200.0,32.0,200.0,168.0,SAFE_STOP,倒车完成（前头红外无值）,0,0,1
17.786,535.0,747.0,364.0,1038.0,-0.3592,-0.1133,-0.2674,-0.2234,1,0,0,0,0,0,0,0,1,134.0,21.0,134.0,113.0,SAFE_STOP,倒车完成（前头红外无值）,0,0,1
17.806,535.0,747.0,364.0,1038.0,-0.3565,-0.1111,-0.2618,-0.2192,1,0,0,0,0,0,0,0,1,134.0,21.0,134.0,113.0,SAFE_STOP,倒车完成（前头红外无值）,0,0,1
17.826,535.0,747.0,363.0,1038.0,-0.3565,-0.1111,-0.2618,-0.2192,1,0,0,0,0,0,0,0,1,250.0,22.0,250.0,228.0,SAFE_STOP,倒车完成（前头红外无值）,0,0,1
17.846,534.0,747.0,362.0,1036.0,-0.3565,-0.1111,-0.2646,-0.2192,1,0,0,0,0,0,0,0,1,234.0,21.0,234.0,213.0,SAFE_STOP,倒车完成（前头红外无值）,0,0,1
17.867,537.0,749.0,364.0,1040.0,-0.3565,-0.1111,-0.2646,-0.2192,1,0,0,0,0,0,0,0,1,396.0,21.0,396.0,375.0,SAFE_STOP,倒车完成（前头红外无值）,0,0,1
17.887,537.0,750.0,364.0,1041.0,-0.351,-0.1068,-0.2618,-0.215,1,0,0,0,0,0,0,0,1,186.0,21.0,186.0,165.0,SAFE_STOP,倒车完成（前头红外无值）,0,0,1
17.907,537.0,749.0,363.0,1040.0,-0.351,-0.1068,-0.2618,-0.215,1,0,0,0,0,0,0,0,1,183.0,22.0,183.0,161.0,SAFE_STOP,倒车完成（前头红外无值）,0,0,1
17.927,538.0,751.0,365.0,1042.0,-0.351,-0.1046,-0.2618,-0.2129,1,0,0,0,0,0,0,0,1,362.0,20.0,362.0,342.0,SAFE_STOP,倒车完成（前头红外无值）,0,0,1
17.947,537.0,749.0,364.0,1040.0,-0.351,-0.1068,-0.2618,-0.215,1,0,0,0,0,0,0,0,1,150.0,20.0,150.0,130.0,SAFE_STOP,倒车完成（前头红外无值）,0,0,1
17.967,536.0,748.0,362.0,1038.0,-0.351,-0.1068,-0.2618,-0.215,1,0,0,0,0,0,0,0,1,241.0,22.0,241.0,219.0,SAFE_STOP,倒车完成（前头红外无值）,0,0,1
17.987,537.0,750.0,365.0,1041.0,-0.351,-0.1068,-0.2618,-0.215,1,0,0,0,0,0,0,0,1,181.0,21.0,181.0,160.0,SAFE_STOP,倒车完成（前头红外无值）,0,0,1
18.007,536.0,748.0,364.0,1040.0,-0.3537,-0.1089,-0.2618,-0.215,1,0,0,0,0,0,0,0,1,167.0,21.0,167.0,146.0,SAFE_STOP,倒车完成（前头红外无值）,0,0,1
18.027,536.0,748.0,363.0,1040.0,-0.3537,-0.1089,-0.2618,-0.215,1,0,0,0,0,0,0,0,1,200.0,21.0,200.0,179.0,SAFE_STOP,倒车完成（前头红外无值）,0,0,1
18.047,537.0,749.0,364.0,1041.0,-0.3537,-0.1089,-0.2618,-0.215,1,0,0,0,0,0,0,0,1,595.0,21.0,595.0,574.0,SAFE_STOP,倒车完成（前头红外无值）,0,0,1
18.067,536.0,748.0,364.0,1038.0,-0.3537,-0.1089,-0.2618,-0.215,1,0,0,0,0,0,0,0,1,282.0,30.0,282.0,252.0,SAFE_STOP,倒车完成（前头红外无值）,0,0,1
18.087,536.0,748.0,363.0,1039.0,-0.3537,-0.1089,-0.2618,-0.2171,1,0,0,0,0,0,0,0,1,168.0,21.0,168.0,147.0,SAFE_STOP,倒车完成（前头红外无值）,0,0,1
18.108,537.0,750.0,365.0,1042.0,-0.3537,-0.1089,-0.2618,-0.2171,1,0,0,0,0,0,0,0,1,200.0,20.0,200.0,180.0,SAFE_STOP,倒车完成（前头红外无值）,0,0,1
18.128,536.0,749.0,364.0,1041.0,-0.3537,-0.1068,-0.2618,-0.2129,1,0,0,0,0,0,0,0,1,151.0,21.0,151.0,130.0,SAFE_STOP,倒车完成（前头红外无值）,0,0,1
18.148,536.0,747.0,362.0,1038.0,-0.3537,-0.1068,-0.2618,-0.2129,1,0,0,0,0,0,0,0,1,250.0,25.0,250.0,225.0,SAFE_STOP,倒车完成（前头红外无值）,0,0,1
18.168,537.0,749.0,364.0,1041.0,-0.3537,-0.1068,-0.2618,-0.2129,1,0,0,0,0,0,0,0,1,232.0,20.0,232.0,212.0,SAFE_STOP,倒车完成（前头红外无值）,0,0,1
18.188,538.0,749.0,365.0,1042.0,-0.351,-0.1068,-0.2618,-0.2129,1,0,0,0,0,0,0,0,1,233.0,20.0,233.0,213.0,SAFE_STOP,倒车完成（前头红外无值）,0,0,1
18.208,536.0,748.0,363.0,1040.0,-0.351,-0.1068,-0.2618,-0.2129,1,0,0,0,0,0,0,0,1,68.0,21.0,68.0,47.0,SAFE_STOP,倒车完成（前头红外无值）,0,0,1
18.228,538.0,749.0,364.0,1040.0,-0.3483,-0.1068,-0.2618,-0.215,1,0,0,0,0,0,0,0,1,200.0,21.0,200.0,179.0,SAFE_STOP,倒车完成（前头红外无值）,0,0,1
18.248,536.0,748.0,364.0,1040.0,-0.3537,-0.1089,-0.2618,-0.215,1,0,0,0,0,0,0,0,1,250.0,32.0,250.0,218.0,SAFE_STOP,倒车完成（前头红外无值）,0,0,1
18.268,536.0,748.0,364.0,1039.0,-0.3537,-0.1089,-0.2618,-0.215,1,0,0,0,0,0,0,0,1,265.0,23.0,265.0,242.0,SAFE_STOP,倒车完成（前头红外无值）,0,0,1
18.288,537.0,749.0,364.0,1041.0,-0.3537,-0.1089,-0.2618,-0.215,1,0,0,0,0,0,0,0,1,234.0,20.0,234.0,214.0,SAFE_STOP,倒车完成（前头红外无值）,0,0,1
18.308,537.0,749.0,364.0,1041.0,-0.351,-0.1068,-0.2618,-0.2129,1,0,0,0,0,0,0,0,1,216.0,20.0,216.0,196.0,SAFE_STOP,倒车完成（前头红外无值）,0,0,1
18.328,536.0,748.0,363.0,1038.0,-0.351,-0.1068,-0.2618,-0.2129,1,0,0,0,0,0,0,0,1,102.0,21.0,102.0,81.0,SAFE_STOP,倒车完成（前头红外无值）,0,0,1
18.349,537.0,749.0,364.0,1042.0,-0.351,-0.1068,-0.2618,-0.2129,1,0,0,0,0,0,0,0,1,206.0,20.0,206.0,186.0,SAFE_STOP,倒车完成（前头红外无值）,0,0,1
18.369,537.0,748.0,364.0,1041.0,-0.351,-0.1089,-0.2618,-0.2129,1,0,0,0,0,0,0,0,1,250.0,20.0,250.0,230.0,SAFE_STOP,倒车完成（前头红外无值）,0,0,1
18.389,537.0,748.0,364.0,1041.0,-0.351,-0.1089,-0.2618,-0.2129,1,0,0,0,0,0,0,0,1,250.0,20.0,250.0,230.0,SAFE_STOP,倒车完成（前头红外无值）,0,0,1
18.409,536.0,748.0,364.0,1040.0,-0.351,-0.1089,-0.2618,-0.2129,1,0,0,0,0,0,0,0,1,304.0,21.0,304.0,283.0,SAFE_STOP,倒车完成（前头红外无值）,0,0,1
18.429,536.0,748.0,363.0,1040.0,-0.3537,-0.1089,-0.2618,-0.215,1,0,0,0,0,0,0,0,1,234.0,23.0,234.0,211.0,SAFE_STOP,倒车完成（前头红外无值）,0,0,1
18.449,538.0,750.0,364.0,1040.0,-0.3537,-0.1089,-0.2618,-0.215,1,0,0,0,0,0,0,0,1,358.0,20.0,358.0,338.0,SAFE_STOP,倒车完成（前头红外无值）,0,0,1
18.469,536.0,748.0,363.0,1040.0,-0.3537,-0.1089,-0.2646,-0.215,1,0,0,0,0,0,0,0,1,315.0,21.0,315.0,294.0,SAFE_STOP,倒车完成（前头红外无值）,0,0,1
18.489,538.0,750.0,364.0,1042.0,-0.3483,-0.1046,-0.2618,-0.215,1,0,0,0,0,0,0,0,1,174.0,21.0,174.0,153.0,SAFE_STOP,倒车完成（前头红外无值）,0,0,1
18.509,537.0,749.0,364.0,1042.0,-0.351,-0.1068,-0.2618,-0.2109,1,0,0,0,0,0,0,0,1,248.0,21.0,248.0,227.0,SAFE_STOP,倒车完成（前头红外无值）,0,0,1
18.529,535.0,747.0,363.0,1040.0,-0.351,-0.1068,-0.2618,-0.2109,1,0,0,0,0,0,0,0,1,234.0,34.0,234.0,200.0,SAFE_STOP,倒车完成（前头红外无值）,0,0,1
18.549,536.0,750.0,363.0,1040.0,-0.3537,-0.1068,-0.2646,-0.215,1,0,0,0,0,0,0,0,1,134.0,20.0,134.0,114.0,SAFE_STOP,倒车完成（前头红外无值）,0,0,1
18.57,537.0,750.0,364.0,1040.0,-0.3537,-0.1046,-0.2646,-0.215,1,0,0,0,0,0,0,0,1,199.0,21.0,199.0,178.0,SAFE_STOP,倒车完成（前头红外无值）,0,0,1
18.59,536.0,747.0,363.0,1040.0,-0.3537,-0.1046,-0.2646,-0.215,1,0,0,0,0,0,0,0,1,395.0,21.0,395.0,374.0,SAFE_STOP,倒车完成（前头红外无值）,0,0,1
18.61,537.0,749.0,364.0,1041.0,-0.351,-0.1068,-0.2618,-0.215,1,0,0,0,0,0,0,0,1,267.0,34.0,267.0,233.0,SAFE_STOP,倒车完成（前头红外无值）,0,0,1
18.63,537.0,749.0,364.0,1041.0,-0.351,-0.1068,-0.2618,-0.2129,1,0,0,0,0,0,0,0,1,233.0,20.0,233.0,213.0,SAFE_STOP,倒车完成（前头红外无值）,0,0,1
18.65,536.0,748.0,364.0,1040.0,-0.351,-0.1068,-0.2618,-0.2129,1,0,0,0,0,0,0,0,1,233.0,21.0,233.0,212.0,SAFE_STOP,倒车完成（前头红外无值）,0,0,1
18.67,537.0,749.0,364.0,1041.0,-0.351,-0.1068,-0.2618,-0.2129,1,0,0,0,0,0,0,0,1,182.0,20.0,182.0,162.0,SAFE_STOP,倒车完成（前头红外无值）,0,0,1
18.69,536.0,748.0,364.0,1040.0,-0.3537,-0.1089,-0.2618,-0.215,1,0,0,0,0,0,0,0,1,201.0,35.0,201.0,166.0,SAFE_STOP,倒车完成（前头红外无值）,0,0,1
18.71,535.0,747.0,362.0,1038.0,-0.3537,-0.1089,-0.2618,-0.215,1,0,0,0,0,0,0,0,1,201.0,21.0,201.0,180.0,SAFE_STOP,倒车完成（前头红外无值）,0,0,1
18.73,535.0,748.0,363.0,1038.0,-0.3565,-0.1089,-0.2646,-0.2192,1,0,0,0,0,0,0,0,1,232.0,21.0,232.0,211.0,SAFE_STOP,倒车完成（前头红外无值）,0,0,1
18.75,536.0,748.0,364.0,1040.0,-0.3565,-0.1089,-0.2646,-0.2192,1,0,0,0,0,0,0,0,1,232.0,21.0,232.0,211.0,SAFE_STOP,倒车完成（前头红外无值）,0,0,1
18.77,536.0,747.0,363.0,1038.0,-0.3537,-0.1089,-0.2646,-0.2192,1,0,0,0,0,0,0,0,1,185.0,20.0,185.0,165.0,SAFE_STOP,倒车完成（前头红外无值）,0,0,1
18.791,537.0,749.0,364.0,1041.0,-0.3537,-0.1089,-0.2618,-0.215,1,0,0,0,0,0,0,0,1,395.0,21.0,395.0,374.0,SAFE_STOP,倒车完成（前头红外无值）,0,0,1
18.811,537.0,750.0,364.0,1041.0,-0.351,-0.1068,-0.2618,-0.2129,1,0,0,0,0,0,0,0,1,201.0,20.0,201.0,181.0,SAFE_STOP,倒车完成（前头红外无值）,0,0,1
18.831,537.0,749.0,364.0,1040.0,-0.351,-0.1068,-0.2618,-0.2129,1,0,0,0,0,0,0,0,1,266.0,20.0,266.0,246.0,SAFE_STOP,倒车完成（前头红外无值）,0,0,1
18.851,537.0,750.0,364.0,1042.0,-0.351,-0.1046,-0.2618,-0.2129,1,0,0,0,0,0,0,0,1,412.0,21.0,412.0,391.0,SAFE_STOP,倒车完成（前头红外无值）,0,0,1
18.871,537.0,749.0,364.0,1041.0,-0.351,-0.1068,-0.2618,-0.2129,1,0,0,0,0,0,0,0,1,133.0,24.0,133.0,109.0,SAFE_STOP,倒车完成（前头红外无值）,0,0,1
18.892,536.0,749.0,363.0,1041.0,-0.351,-0.1068,-0.2618,-0.2129,1,0,0,0,0,0,0,0,1,184.0,22.0,184.0,162.0,SAFE_STOP,倒车完成（前头红外无值）,0,0,1
18.912,538.0,751.0,365.0,1042.0,-0.351,-0.1068,-0.2618,-0.2129,1,0,0,0,0,0,0,0,1,200.0,21.0,200.0,179.0,SAFE_STOP,倒车完成（前头红外无值）,0,0,1
18.932,537.0,749.0,364.0,1040.0,-0.351,-0.1068,-0.2618,-0.2129,1,0,0,0,0,0,0,0,1,182.0,21.0,182.0,161.0,SAFE_STOP,倒车完成（前头红外无值）,0,0,1
18.953,537.0,749.0,364.0,1040.0,-0.351,-0.1068,-0.2618,-0.215,1,0,0,0,0,0,0,0,1,182.0,21.0,182.0,161.0,SAFE_STOP,倒车完成（前头红外无值）,0,0,1
18.973,537.0,749.0,364.0,1040.0,-0.351,-0.1068,-0.2618,-0.215,1,0,0,0,0,0,0,0,1,249.0,20.0,249.0,229.0,SAFE_STOP,倒车完成（前头红外无值）,0,0,1
18.993,537.0,749.0,364.0,1041.0,-0.351,-0.1068,-0.2618,-0.215,1,0,0,0,0,0,0,0,1,233.0,22.0,233.0,211.0,SAFE_STOP,倒车完成（前头红外无值）,0,0,1
19.013,538.0,749.0,365.0,1041.0,-0.351,-0.1068,-0.2618,-0.2129,1,0,0,0,0,0,0,0,1,249.0,20.0,249.0,229.0,SAFE_STOP,倒车完成（前头红外无值）,0,0,1
19.033,536.0,749.0,363.0,1041.0,-0.351,-0.1068,-0.2618,-0.2129,1,0,0,0,0,0,0,0,1,167.0,20.0,167.0,147.0,SAFE_STOP,倒车完成（前头红外无值）,0,0,1
19.053,536.0,748.0,364.0,1040.0,-0.3537,-0.1068,-0.2618,-0.2129,1,0,0,0,0,0,0,0,1,117.0,23.0,117.0,94.0,SAFE_STOP,倒车完成（前头红外无值）,0,0,1
19.073,537.0,749.0,364.0,1041.0,-0.3537,-0.1068,-0.2618,-0.2129,1,0,0,0,0,0,0,0,1,249.0,21.0,249.0,228.0,SAFE_STOP,倒车完成（前头红外无值）,0,0,1
19.093,536.0,748.0,363.0,1040.0,-0.3537,-0.1089,-0.2618,-0.215,1,0,0,0,0,0,0,0,1,200.0,21.0,200.0,179.0,SAFE_STOP,倒车完成（前头红外无值）,0,0,1
19.113,537.0,749.0,365.0,1040.0,-0.351,-0.1068,-0.2618,-0.215,1,0,0,0,0,0,0,0,1,232.0,22.0,232.0,210.0,SAFE_STOP,倒车完成（前头红外无值）,0,0,1
19.134,537.0,749.0,365.0,1042.0,-0.351,-0.1068,-0.2591,-0.215,1,0,0,0,0,0,0,0,1,200.0,21.0,200.0,179.0,SAFE_STOP,倒车完成（前头红外无值）,0,0,1
19.154,538.0,750.0,364.0,1042.0,-0.351,-0.1068,-0.2591,-0.2109,1,0,0,0,0,0,0,0,1,133.0,20.0,133.0,113.0,SAFE_STOP,倒车完成（前头红外无值）,0,0,1
19.174,536.0,749.0,363.0,1040.0,-0.351,-0.1068,-0.2618,-0.2109,1,0,0,0,0,0,0,0,1,199.0,22.0,199.0,177.0,SAFE_STOP,倒车完成（前头红外无值）,0,0,1
19.194,538.0,750.0,365.0,1043.0,-0.3483,-0.1046,-0.2618,-0.2109,1,0,0,0,0,0,0,0,1,233.0,20.0,233.0,213.0,SAFE_STOP,倒车完成（前头红外无值）,0,0,1
19.214,537.0,749.0,364.0,1041.0,-0.351,-0.1068,-0.2618,-0.2129,1,0,0,0,0,0,0,0,1,394.0,21.0,394.0,373.0,SAFE_STOP,倒车完成（前头红外无值）,0,0,1
19.234,537.0,749.0,364.0,1040.0,-0.351,-0.1068,-0.2618,-0.2129,1,0,0,0,0,0,0,0,1,183.0,22.0,183.0,161.0,SAFE_STOP,倒车完成（前头红外无值）,0,0,1
19.254,538.0,750.0,365.0,1043.0,-0.351,-0.1068,-0.2618,-0.2129,1,0,0,0,0,0,0,0,1,150.0,20.0,150.0,130.0,SAFE_STOP,倒车完成（前头红外无值）,0,0,1
19.274,536.0,748.0,363.0,1040.0,-0.351,-0.1068,-0.2618,-0.215,1,0,0,0,0,0,0,0,1,200.0,20.0,200.0,180.0,SAFE_STOP,倒车完成（前头红外无值）,0,0,1
19.295,536.0,748.0,363.0,1040.0,-0.3537,-0.1089,-0.2646,-0.215,1,0,0,0,0,0,0,0,1,200.0,20.0,200.0,180.0,SAFE_STOP,倒车完成（前头红外无值）,0,0,1
19.315,537.0,749.0,364.0,1042.0,-0.3537,-0.1089,-0.2646,-0.215,1,0,0,0,0,0,0,0,1,41.0,20.0,41.0,21.0,SAFE_STOP,倒车完成（前头红外无值）,0,0,1
19.335,538.0,750.0,365.0,1042.0,-0.351,-0.1068,-0.2618,-0.2109,1,0,0,0,0,0,0,0,1,175.0,20.0,175.0,155.0,SAFE_STOP,倒车完成（前头红外无值）,0,0,1
19.356,537.0,750.0,365.0,1042.0,-0.351,-0.1046,-0.2591,-0.2109,1,0,0,0,0,0,0,0,1,166.0,20.0,166.0,146.0,SAFE_STOP,倒车完成（前头红外无值）,0,0,1
19.376,537.0,749.0,362.0,1040.0,-0.351,-0.1046,-0.2591,-0.2109,1,0,0,0,0,0,0,0,1,528.0,21.0,528.0,507.0,SAFE_STOP,倒车完成（前头红外无值）,0,0,1
19.396,537.0,749.0,364.0,1040.0,-0.351,-0.1068,-0.2618,-0.215,1,0,0,0,0,0,0,0,1,201.0,21.0,201.0,180.0,SAFE_STOP,倒车完成（前头红外无值）,0,0,1
19.416,536.0,748.0,363.0,1040.0,-0.351,-0.1068,-0.2646,-0.215,1,0,0,0,0,0,0,0,1,250.0,22.0,250.0,228.0,SAFE_STOP,倒车完成（前头红外无值）,0,0,1
19.436,537.0,749.0,364.0,1041.0,-0.351,-0.1068,-0.2618,-0.215,1,0,0,0,0,0,0,0,1,233.0,21.0,233.0,212.0,SAFE_STOP,倒车完成（前头红外无值）,0,0,1
19.456,537.0,750.0,364.0,1042.0,-0.351,-0.1068,-0.2618,-0.2129,1,0,0,0,0,0,0,0,1,91.0,21.0,91.0,70.0,SAFE_STOP,倒车完成（前头红外无值）,0,0,1
19.476,538.0,750.0,364.0,1041.0,-0.351,-0.1046,-0.2618,-0.2129,1,0,0,0,0,0,0,0,1,42.0,21.0,42.0,21.0,SAFE_STOP,倒车完成（前头红外无值）,0,0,1
19.496,537.0,749.0,364.0,1040.0,-0.351,-0.1046,-0.2618,-0.2129,1,0,0,0,0,0,0,0,1,200.0,20.0,200.0,180.0,SAFE_STOP,倒车完成（前头红外无值）,0,0,1
19.517,538.0,750.0,364.0,1043.0,-0.3483,-0.1046,-0.2618,-0.2129,1,0,0,0,0,0,0,0,1,466.0,21.0,466.0,445.0,SAFE_STOP,倒车完成（前头红外无值）,0,0,1
19.537,537.0,750.0,365.0,1041.0,-0.351,-0.1046,-0.2618,-0.2129,1,0,0,0,0,0,0,0,1,248.0,21.0,248.0,227.0,SAFE_STOP,倒车完成（前头红外无值）,0,0,1
19.557,536.0,748.0,364.0,1041.0,-0.351,-0.1046,-0.2618,-0.2129,1,0,0,0,0,0,0,0,1,233.0,20.0,233.0,213.0,SAFE_STOP,倒车完成（前头红外无值）,0,0,1
19.577,537.0,750.0,364.0,1041.0,-0.351,-0.1046,-0.2618,-0.2129,1,0,0,0,0,0,0,0,1,186.0,22.0,186.0,164.0,SAFE_STOP,倒车完成（前头红外无值）,0,0,1
19.597,538.0,750.0,365.0,1042.0,-0.351,-0.1046,-0.2618,-0.2129,1,0,0,0,0,0,0,0,1,199.0,20.0,199.0,179.0,SAFE_STOP,倒车完成（前头红外无值）,0,0,1
19.617,536.0,748.0,363.0,1039.0,-0.351,-0.1046,-0.2618,-0.2129,1,0,0,0,0,0,0,0,1,184.0,21.0,184.0,163.0,SAFE_STOP,倒车完成（前头红外无值）,0,0,1
19.637,537.0,749.0,364.0,1041.0,-0.351,-0.1068,-0.2618,-0.2129,1,0,0,0,0,0,0,0,1,250.0,21.0,250.0,229.0,SAFE_STOP,倒车完成（前头红外无值）,0,0,1
19.657,538.0,750.0,364.0,1042.0,-0.351,-0.1068,-0.2618,-0.2129,1,0,0,0,0,0,0,0,1,149.0,21.0,149.0,128.0,SAFE_STOP,倒车完成（前头红外无值）,0,0,1
19.677,538.0,750.0,364.0,1042.0,-0.3483,-0.1046,-0.2618,-0.2109,1,0,0,0,0,0,0,0,1,149.0,21.0,149.0,128.0,SAFE_STOP,倒车完成（前头红外无值）,0,0,1
19.698,538.0,749.0,364.0,1041.0,-0.3483,-0.1046,-0.2618,-0.2109,1,0,0,0,0,0,0,0,1,233.0,21.0,233.0,212.0,SAFE_STOP,倒车完成（前头红外无值）,0,0,1
19.718,537.0,749.0,364.0,1041.0,-0.3483,-0.1068,-0.2618,-0.2129,1,0,0,0,0,0,0,0,1,183.0,33.0,183.0,150.0,SAFE_STOP,倒车完成（前头红外无值）,0,0,1
19.738,538.0,749.0,365.0,1041.0,-0.3483,-0.1068,-0.2618,-0.2129,1,0,0,0,0,0,0,0,1,232.0,22.0,232.0,210.0,SAFE_STOP,倒车完成（前头红外无值）,0,0,1
19.758,538.0,750.0,364.0,1042.0,-0.3483,-0.1068,-0.2618,-0.2129,1,0,0,0,0,0,0,0,1,207.0,22.0,207.0,185.0,SAFE_STOP,倒车完成（前头红外无值）,0,0,1
19.778,537.0,749.0,364.0,1041.0,-0.3483,-0.1068,-0.2618,-0.2129,1,0,0,0,0,0,0,0,1,234.0,21.0,234.0,213.0,SAFE_STOP,倒车完成（前头红外无值）,0,0,1
19.798,538.0,750.0,365.0,1042.0,-0.3483,-0.1046,-0.2618,-0.2109,1,0,0,0,0,0,0,0,1,411.0,20.0,411.0,391.0,SAFE_STOP,倒车完成（前头红外无值）,0,0,1
19.818,537.0,749.0,364.0,1041.0,-0.351,-0.1068,-0.2618,-0.2129,1,0,0,0,0,0,0,0,1,117.0,33.0,117.0,84.0,SAFE_STOP,倒车完成（前头红外无值）,0,0,1
19.838,537.0,750.0,364.0,1041.0,-0.351,-0.1046,-0.2618,-0.2129,1,0,0,0,0,0,0,0,1,19.0,21.0,21.0,-2.0,SAFE_STOP,倒车完成（前头红外无值）,0,0,1
19.858,537.0,749.0,365.0,1043.0,-0.351,-0.1068,-0.2618,-0.2129,1,0,0,0,0,0,0,0,1,200.0,20.0,200.0,180.0,SAFE_STOP,倒车完成（前头红外无值）,0,0,1
19.879,538.0,750.0,363.0,1040.0,-0.351,-0.1046,-0.2618,-0.2129,1,0,0,0,0,0,0,0,1,134.0,22.0,134.0,112.0,SAFE_STOP,倒车完成（前头红外无值）,0,0,1
19.899,537.0,749.0,364.0,1040.0,-0.351,-0.1068,-0.2618,-0.215,1,0,0,0,0,0,0,0,1,233.0,25.0,233.0,208.0,SAFE_STOP,倒车完成（前头红外无值）,0,0,1
19.919,538.0,749.0,364.0,1042.0,-0.3483,-0.1068,-0.2618,-0.215,1,0,0,0,0,0,0,0,1,166.0,22.0,166.0,144.0,SAFE_STOP,倒车完成（前头红外无值）,0,0,1
19.939,537.0,748.0,364.0,1041.0,-0.351,-0.1068,-0.2618,-0.2129,1,0,0,0,0,0,0,0,1,427.0,20.0,427.0,407.0,SAFE_STOP,倒车完成（前头红外无值）,0,0,1
19.959,537.0,749.0,364.0,1042.0,-0.351,-0.1068,-0.2618,-0.2109,1,0,0,0,0,0,0,0,1,206.0,20.0,206.0,186.0,SAFE_STOP,倒车完成（前头红外无值）,0,0,1
19.979,538.0,750.0,364.0,1041.0,-0.351,-0.1068,-0.2618,-0.2129,1,0,0,0,0,0,0,0,1,234.0,21.0,234.0,213.0,SAFE_STOP,倒车完成（前头红外无值）,0,0,1
19.999,537.0,750.0,364.0,1041.0,-0.351,-0.1046,-0.2618,-0.2129,1,0,0,0,0,0,0,0,1,233.0,20.0,233.0,213.0,SAFE_STOP,倒车完成（前头红外无值）,0,0,1
20.02,538.0,751.0,364.0,1041.0,-0.3483,-0.1046,-0.2618,-0.2129,1,0,0,0,0,0,0,0,1,167.0,21.0,167.0,146.0,SAFE_STOP,倒车完成（前头红外无值）,0,0,1
20.04,537.0,750.0,364.0,1041.0,-0.351,-0.1046,-0.2618,-0.2129,1,0,0,0,0,0,0,0,1,168.0,21.0,168.0,147.0,SAFE_STOP,倒车完成（前头红外无值）,0,0,1
20.06,537.0,749.0,364.0,1040.0,-0.351,-0.1046,-0.2618,-0.2129,1,0,0,0,0,0,0,0,1,200.0,21.0,200.0,179.0,SAFE_STOP,倒车完成（前头红外无值）,0,0,1
20.08,537.0,749.0,364.0,1040.0,-0.351,-0.1068,-0.2618,-0.215,1,0,0,0,0,0,0,0,1,200.0,21.0,200.0,179.0,SAFE_STOP,倒车完成（前头红外无值）,0,0,1
20.1,537.0,750.0,365.0,1041.0,-0.351,-0.1068,-0.2618,-0.215,1,0,0,0,0,0,0,0,1,182.0,20.0,182.0,162.0,SAFE_STOP,倒车完成（前头红外无值）,0,0,1
20.12,537.0,748.0,363.0,1040.0,-0.351,-0.1068,-0.2618,-0.215,1,0,0,0,0,0,0,0,1,247.0,21.0,247.0,226.0,SAFE_STOP,倒车完成（前头红外无值）,0,0,1
20.14,536.0,750.0,364.0,1041.0,-0.351,-0.1046,-0.2618,-0.2129,1,0,0,0,0,0,0,0,1,234.0,21.0,234.0,213.0,SAFE_STOP,倒车完成（前头红外无值）,0,0,1
20.16,538.0,749.0,365.0,1043.0,-0.351,-0.1068,-0.2618,-0.2129,1,0,0,0,0,0,0,0,1,346.0,20.0,346.0,326.0,SAFE_STOP,倒车完成（前头红外无值）,0,0,1
20.18,537.0,749.0,364.0,1042.0,-0.351,-0.1068,-0.2618,-0.2109,1,0,0,0,0,0,0,0,1,199.0,21.0,199.0,178.0,SAFE_STOP,倒车完成（前头红外无值）,0,0,1
20.201,538.0,750.0,365.0,1042.0,-0.3483,-0.1068,-0.2591,-0.2109,1,0,0,0,0,0,0,0,1,201.0,20.0,201.0,181.0,SAFE_STOP,倒车完成（前头红外无值）,0,0,1
20.221,537.0,748.0,363.0,1039.0,-0.351,-0.1068,-0.2618,-0.2109,1,0,0,0,0,0,0,0,1,249.0,21.0,249.0,228.0,SAFE_STOP,倒车完成（前头红外无值）,0,0,1
20.241,538.0,750.0,364.0,1042.0,-0.3483,-0.1046,-0.2618,-0.2109,1,0,0,0,0,0,0,0,1,124.0,21.0,124.0,103.0,SAFE_STOP,倒车完成（前头红外无值）,0,0,1
20.261,538.0,750.0,364.0,1042.0,-0.3483,-0.1046,-0.2618,-0.2109,1,0,0,0,0,0,0,0,1,17.0,21.0,21.0,-4.0,SAFE_STOP,倒车完成（前头红外无值）,0,0,1
20.281,538.0,749.0,363.0,1040.0,-0.3483,-0.1046,-0.2618,-0.2109,1,0,0,0,0,0,0,0,1,200.0,20.0,200.0,180.0,SAFE_STOP,倒车完成（前头红外无值）,0,0,1
20.301,538.0,749.0,364.0,1041.0,-0.3483,-0.1068,-0.2618,-0.2129,1,0,0,0,0,0,0,0,1,346.0,22.0,346.0,324.0,SAFE_STOP,倒车完成（前头红外无值）,0,0,1
20.321,538.0,750.0,364.0,1041.0,-0.3483,-0.1068,-0.2618,-0.2129,1,0,0,0,0,0,0,0,1,199.0,21.0,199.0,178.0,SAFE_STOP,倒车完成（前头红外无值）,0,0,1
20.341,538.0,750.0,365.0,1042.0,-0.3483,-0.1046,-0.2618,-0.2129,1,0,0,0,0,0,0,0,1,232.0,22.0,232.0,210.0,SAFE_STOP,倒车完成（前头红外无值）,0,0,1
20.362,538.0,750.0,365.0,1043.0,-0.3483,-0.1046,-0.2591,-0.2109,1,0,0,0,0,0,0,0,1,361.0,20.0,361.0,341.0,SAFE_STOP,倒车完成（前头红外无值）,0,0,1
20.382,537.0,750.0,364.0,1041.0,-0.3483,-0.1046,-0.2591,-0.2109,1,0,0,0,0,0,0,0,1,84.0,21.0,84.0,63.0,SAFE_STOP,倒车完成（前头红外无值）,0,0,1
20.402,537.0,749.0,363.0,1040.0,-0.351,-0.1046,-0.2618,-0.2129,1,0,0,0,0,0,0,0,1,18.0,20.0,20.0,-2.0,SAFE_STOP,倒车完成（前头红外无值）,0,0,1
20.422,537.0,749.0,363.0,1040.0,-0.351,-0.1068,-0.2646,-0.215,1,0,0,0,0,0,0,0,1,18.0,20.0,20.0,-2.0,SAFE_STOP,倒车完成（前头红外无值）,0,0,1
20.442,538.0,751.0,364.0,1041.0,-0.351,-0.1068,-0.2646,-0.215,1,0,0,0,0,0,0,0,1,198.0,21.0,198.0,177.0,SAFE_STOP,倒车完成（前头红外无值）,0,0,1
20.462,537.0,749.0,363.0,1040.0,-0.351,-0.1068,-0.2646,-0.215,1,0,0,0,0,0,0,0,1,150.0,20.0,150.0,130.0,SAFE_STOP,倒车完成（前头红外无值）,0,0,1
20.482,537.0,748.0,363.0,1040.0,-0.351,-0.1068,-0.2646,-0.215,1,0,0,0,0,0,0,0,1,250.0,24.0,250.0,226.0,SAFE_STOP,倒车完成（前头红外无值）,0,0,1
20.502,538.0,750.0,364.0,1041.0,-0.351,-0.1068,-0.2646,-0.215,1,0,0,0,0,0,0,0,1,183.0,21.0,183.0,162.0,SAFE_STOP,倒车完成（前头红外无值）,0,0,1
20.523,537.0,749.0,364.0,1041.0,-0.351,-0.1068,-0.2618,-0.2129,1,0,0,0,0,0,0,0,1,200.0,21.0,200.0,179.0,SAFE_STOP,倒车完成（前头红外无值）,0,0,1
20.544,536.0,750.0,364.0,1040.0,-0.351,-0.1046,-0.2618,-0.2129,1,0,0,0,0,0,0,0,1,200.0,22.0,200.0,178.0,SAFE_STOP,倒车完成（前头红外无值）,0,0,1
20.564,538.0,749.0,364.0,1042.0,-0.351,-0.1068,-0.2618,-0.2129,1,0,0,0,0,0,0,0,1,248.0,21.0,248.0,227.0,SAFE_STOP,倒车完成（前头红外无值）,0,0,1
20.584,536.0,749.0,363.0,1040.0,-0.3537,-0.1068,-0.2618,-0.215,1,0,0,0,0,0,0,0,1,234.0,24.0,234.0,210.0,SAFE_STOP,倒车完成（前头红外无值）,0,0,1
20.605,536.0,748.0,364.0,1040.0,-0.3537,-0.1068,-0.2618,-0.215,1,0,0,0,0,0,0,0,1,232.0,20.0,232.0,212.0,SAFE_STOP,倒车完成（前头红外无值）,0,0,1
20.625,538.0,750.0,365.0,1042.0,-0.3537,-0.1068,-0.2618,-0.215,1,0,0,0,0,0,0,0,1,183.0,20.0,183.0,163.0,SAFE_STOP,倒车完成（前头红外无值）,0,0,1
20.645,537.0,750.0,365.0,1042.0,-0.351,-0.1046,-0.2591,-0.2109,1,0,0,0,0,0,0,0,1,200.0,20.0,200.0,180.0,SAFE_STOP,倒车完成（前头红外无值）,0,0,1
20.665,537.0,749.0,364.0,1040.0,-0.351,-0.1046,-0.2591,-0.2109,1,0,0,0,0,0,0,0,1,41.0,20.0,41.0,21.0,SAFE_STOP,倒车完成（前头红外无值）,0,0,1
20.685,537.0,749.0,365.0,1042.0,-0.351,-0.1068,-0.2591,-0.2109,1,0,0,0,0,0,0,0,1,248.0,21.0,248.0,227.0,SAFE_STOP,倒车完成（前头红外无值）,0,0,1
20.705,537.0,750.0,364.0,1041.0,-0.351,-0.1068,-0.2618,-0.2129,1,0,0,0,0,0,0,0,1,233.0,21.0,233.0,212.0,SAFE_STOP,倒车完成（前头红外无值）,0,0,1
20.726,536.0,748.0,363.0,1040.0,-0.351,-0.1068,-0.2618,-0.2129,1,0,0,0,0,0,0,0,1,515.0,20.0,515.0,495.0,SAFE_STOP,倒车完成（前头红外无值）,0,0,1
20.746,537.0,750.0,365.0,1042.0,-0.351,-0.1046,-0.2618,-0.2129,1,0,0,0,0,0,0,0,1,200.0,20.0,200.0,180.0,SAFE_STOP,倒车完成（前头红外无值）,0,0,1
20.766,537.0,749.0,364.0,1040.0,-0.351,-0.1068,-0.2618,-0.215,1,0,0,0,0,0,0,0,1,150.0,22.0,150.0,128.0,SAFE_STOP,倒车完成（前头红外无值）,0,0,1
20.786,537.0,749.0,364.0,1040.0,-0.351,-0.1068,-0.2618,-0.215,1,0,0,0,0,0,0,0,1,250.0,21.0,250.0,229.0,SAFE_STOP,倒车完成（前头红外无值）,0,0,1
20.807,537.0,751.0,364.0,1040.0,-0.351,-0.1068,-0.2618,-0.215,1,0,0,0,0,0,0,0,1,19.0,28.0,28.0,-9.0,SAFE_STOP,倒车完成（前头红外无值）,0,0,1
20.827,538.0,749.0,365.0,1042.0,-0.351,-0.1068,-0.2618,-0.215,1,0,0,0,0,0,0,0,1,232.0,20.0,232.0,212.0,SAFE_STOP,倒车完成（前头红外无值）,0,0,1
20.848,537.0,749.0,363.0,1040.0,-0.351,-0.1068,-0.2618,-0.215,1,0,0,0,0,0,0,0,1,200.0,21.0,200.0,179.0,SAFE_STOP,倒车完成（前头红外无值）,0,0,1
20.869,538.0,750.0,365.0,1043.0,-0.3483,-0.1068,-0.2591,-0.2109,1,0,0,0,0,0,0,0,1,526.0,20.0,526.0,506.0,SAFE_STOP,倒车完成（前头红外无值）,0,0,1
20.889,537.0,749.0,364.0,1041.0,-0.351,-0.1068,-0.2618,-0.2129,1,0,0,0,0,0,0,0,1,199.0,20.0,199.0,179.0,SAFE_STOP,倒车完成（前头红外无值）,0,0,1
20.909,537.0,749.0,364.0,1041.0,-0.351,-0.1068,-0.2618,-0.2129,1,0,0,0,0,0,0,0,1,233.0,20.0,233.0,213.0,SAFE_STOP,倒车完成（前头红外无值）,0,0,1
20.929,537.0,749.0,364.0,1041.0,-0.351,-0.1068,-0.2618,-0.2129,1,0,0,0,0,0,0,0,1,233.0,20.0,233.0,213.0,SAFE_STOP,倒车完成（前头红外无值）,0,0,1
20.949,537.0,749.0,365.0,1042.0,-0.351,-0.1068,-0.2618,-0.2129,1,0,0,0,0,0,0,0,1,233.0,20.0,233.0,213.0,SAFE_STOP,倒车完成（前头红外无值）,0,0,1
20.969,537.0,750.0,364.0,1040.0,-0.351,-0.1068,-0.2618,-0.2129,1,0,0,0,0,0,0,0,1,52.0,21.0,52.0,31.0,SAFE_STOP,倒车完成（前头红外无值）,0,0,1
20.989,538.0,750.0,364.0,1041.0,-0.351,-0.1046,-0.2618,-0.2129,1,0,0,0,0,0,0,0,1,181.0,21.0,181.0,160.0,SAFE_STOP,倒车完成（前头红外无值）,0,0,1
21.01,536.0,749.0,364.0,1041.0,-0.351,-0.1046,-0.2618,-0.2129,1,0,0,0,0,0,0,0,1,200.0,32.0,200.0,168.0,SAFE_STOP,倒车完成（前头红外无值）,0,0,1
21.03,537.0,749.0,362.0,1040.0,-0.351,-0.1068,-0.2618,-0.2129,1,0,0,0,0,0,0,0,1,332.0,20.0,332.0,312.0,SAFE_STOP,倒车完成（前头红外无值）,0,0,1
21.05,536.0,748.0,364.0,1040.0,-0.3537,-0.1068,-0.2618,-0.215,1,0,0,0,0,0,0,0,1,232.0,20.0,232.0,212.0,SAFE_STOP,倒车完成（前头红外无值）,0,0,1
21.07,538.0,751.0,365.0,1042.0,-0.351,-0.1068,-0.2618,-0.215,1,0,0,0,0,0,0,0,1,183.0,20.0,183.0,163.0,SAFE_STOP,倒车完成（前头红外无值）,0,0,1
21.09,538.0,750.0,364.0,1042.0,-0.3483,-0.1046,-0.2618,-0.2109,1,0,0,0,0,0,0,0,1,134.0,20.0,134.0,114.0,SAFE_STOP,倒车完成（前头红外无值）,0,0,1
21.111,537.0,750.0,364.0,1041.0,-0.3483,-0.1046,-0.2618,-0.2109,1,0,0,0,0,0,0,0,1,200.0,20.0,200.0,180.0,SAFE_STOP,倒车完成（前头红外无值）,0,0,1
21.131,536.0,750.0,364.0,1041.0,-0.351,-0.1046,-0.2618,-0.2129,1,0,0,0,0,0,0,0,1,378.0,20.0,378.0,358.0,SAFE_STOP,倒车完成（前头红外无值）,0,0,1
21.151,537.0,750.0,365.0,1042.0,-0.351,-0.1046,-0.2618,-0.2129,1,0,0,0,0,0,0,0,1,298.0,20.0,298.0,278.0,SAFE_STOP,倒车完成（前头红外无值）,0,0,1
21.171,537.0,750.0,364.0,1041.0,-0.351,-0.1046,-0.2618,-0.2129,1,0,0,0,0,0,0,0,1,217.0,21.0,217.0,196.0,SAFE_STOP,倒车完成（前头红外无值）,0,0,1
21.191,537.0,749.0,363.0,1041.0,-0.351,-0.1046,-0.2618,-0.2129,1,0,0,0,0,0,0,0,1,183.0,21.0,183.0,162.0,SAFE_STOP,倒车完成（前头红外无值）,0,0,1
21.211,537.0,750.0,365.0,1042.0,-0.351,-0.1046,-0.2618,-0.2129,1,0,0,0,0,0,0,0,1,182.0,20.0,182.0,162.0,SAFE_STOP,倒车完成（前头红外无值）,0,0,1
21.231,537.0,749.0,364.0,1041.0,-0.351,-0.1068,-0.2618,-0.2129,1,0,0,0,0,0,0,0,1,33.0,21.0,33.0,12.0,SAFE_STOP,倒车完成（前头红外无值）,0,0,1
21.251,537.0,749.0,363.0,1040.0,-0.351,-0.1068,-0.2618,-0.2129,1,0,0,0,0,0,0,0,1,249.0,21.0,249.0,228.0,SAFE_STOP,倒车完成（前头红外无值）,0,0,1
21.272,538.0,749.0,364.0,1041.0,-0.351,-0.1068,-0.2618,-0.2129,1,0,0,0,0,0,0,0,1,232.0,20.0,232.0,212.0,SAFE_STOP,倒车完成（前头红外无值）,0,0,1
21.292,539.0,750.0,364.0,1042.0,-0.3483,-0.1068,-0.2618,-0.2129,1,0,0,0,0,0,0,0,1,528.0,20.0,528.0,508.0,SAFE_STOP,倒车完成（前头红外无值）,0,0,1
21.312,537.0,749.0,364.0,1040.0,-0.3483,-0.1068,-0.2618,-0.2129,1,0,0,0,0,0,0,0,1,200.0,21.0,200.0,179.0,SAFE_STOP,倒车完成（前头红外无值）,0,0,1
21.332,537.0,749.0,364.0,1040.0,-0.351,-0.1068,-0.2618,-0.215,1,0,0,0,0,0,0,0,1,200.0,21.0,200.0,179.0,SAFE_STOP,倒车完成（前头红外无值）,0,0,1
21.352,537.0,750.0,364.0,1042.0,-0.351,-0.1068,-0.2618,-0.215,1,0,0,0,0,0,0,0,1,312.0,21.0,312.0,291.0,SAFE_STOP,倒车完成（前头红外无值）,0,0,1
21.372,537.0,750.0,364.0,1041.0,-0.351,-0.1046,-0.2618,-0.2129,1,0,0,0,0,0,0,0,1,250.0,21.0,250.0,229.0,SAFE_STOP,倒车完成（前头红外无值）,0,0,1
21.392,536.0,749.0,364.0,1040.0,-0.351,-0.1046,-0.2618,-0.2129,1,0,0,0,0,0,0,0,1,51.0,21.0,51.0,30.0,SAFE_STOP,倒车完成（前头红外无值）,0,0,1
21.413,537.0,748.0,364.0,1041.0,-0.351,-0.1068,-0.2618,-0.2129,1,0,0,0,0,0,0,0,1,238.0,33.0,238.0,205.0,SAFE_STOP,倒车完成（前头红外无值）,0,0,1
21.433,537.0,749.0,364.0,1040.0,-0.351,-0.1068,-0.2618,-0.215,1,0,0,0,0,0,0,0,1,200.0,21.0,200.0,179.0,SAFE_STOP,倒车完成（前头红外无值）,0,0,1
21.453,536.0,748.0,363.0,1040.0,-0.351,-0.1089,-0.2618,-0.215,1,0,0,0,0,0,0,0,1,429.0,21.0,429.0,408.0,SAFE_STOP,倒车完成（前头红外无值）,0,0,1
21.473,537.0,749.0,364.0,1040.0,-0.351,-0.1068,-0.2618,-0.215,1,0,0,0,0,0,0,0,1,200.0,20.0,200.0,180.0,SAFE_STOP,倒车完成（前头红外无值）,0,0,1
21.493,537.0,749.0,364.0,1041.0,-0.351,-0.1068,-0.2618,-0.215,1,0,0,0,0,0,0,0,1,233.0,21.0,233.0,212.0,SAFE_STOP,倒车完成（前头红外无值）,0,0,1
21.513,536.0,747.0,364.0,1039.0,-0.351,-0.1068,-0.2618,-0.215,1,0,0,0,0,0,0,0,1,216.0,27.0,216.0,189.0,SAFE_STOP,倒车完成（前头红外无值）,0,0,1
21.533,536.0,749.0,363.0,1040.0,-0.3537,-0.1068,-0.2618,-0.215,1,0,0,0,0,0,0,0,1,183.0,20.0,183.0,163.0,SAFE_STOP,倒车完成（前头红外无值）,0,0,1
21.553,537.0,750.0,364.0,1040.0,-0.3537,-0.1068,-0.2618,-0.215,1,0,0,0,0,0,0,0,1,199.0,20.0,199.0,179.0,SAFE_STOP,倒车完成（前头红外无值）,0,0,1
21.573,536.0,748.0,363.0,1039.0,-0.3537,-0.1068,-0.2646,-0.215,1,0,0,0,0,0,0,0,1,217.0,34.0,217.0,183.0,SAFE_STOP,倒车完成（前头红外无值）,0,0,1
21.594,537.0,750.0,364.0,1041.0,-0.351,-0.1046,-0.2618,-0.215,1,0,0,0,0,0,0,0,1,183.0,20.0,183.0,163.0,SAFE_STOP,倒车完成（前头红外无值）,0,0,1
21.614,537.0,750.0,364.0,1042.0,-0.351,-0.1046,-0.2618,-0.2129,1,0,0,0,0,0,0,0,1,215.0,21.0,215.0,194.0,SAFE_STOP,倒车完成（前头红外无值）,0,0,1
21.634,537.0,749.0,364.0,1041.0,-0.351,-0.1046,-0.2618,-0.2129,1,0,0,0,0,0,0,0,1,200.0,20.0,200.0,180.0,SAFE_STOP,倒车完成（前头红外无值）,0,0,1
21.654,537.0,749.0,364.0,1040.0,-0.351,-0.1068,-0.2618,-0.2129,1,0,0,0,0,0,0,0,1,412.0,22.0,412.0,390.0,SAFE_STOP,倒车完成（前头红外无值）,0,0,1
21.674,537.0,749.0,364.0,1040.0,-0.351,-0.1068,-0.2618,-0.215,1,0,0,0,0,0,0,0,1,199.0,20.0,199.0,179.0,SAFE_STOP,倒车完成（前头红外无值）,0,0,1
21.694,537.0,749.0,364.0,1040.0,-0.351,-0.1068,-0.2618,-0.215,1,0,0,0,0,0,0,0,1,199.0,20.0,199.0,179.0,SAFE_STOP,倒车完成（前头红外无值）,0,0,1
21.714,537.0,749.0,364.0,1041.0,-0.351,-0.1068,-0.2618,-0.215,1,0,0,0,0,0,0,0,1,493.0,21.0,493.0,472.0,SAFE_STOP,倒车完成（前头红外无值）,0,0,1
21.734,537.0,749.0,364.0,1041.0,-0.351,-0.1068,-0.2618,-0.2129,1,0,0,0,0,0,0,0,1,298.0,21.0,298.0,277.0,SAFE_STOP,倒车完成（前头红外无值）,0,0,1
21.754,537.0,750.0,364.0,1041.0,-0.351,-0.1068,-0.2618,-0.2129,1,0,0,0,0,0,0,0,1,33.0,21.0,33.0,12.0,SAFE_STOP,倒车完成（前头红外无值）,0,0,1
21.775,537.0,749.0,363.0,1041.0,-0.351,-0.1068,-0.2618,-0.2129,1,0,0,0,0,0,0,0,1,199.0,21.0,199.0,178.0,SAFE_STOP,倒车完成（前头红外无值）,0,0,1
21.795,536.0,748.0,364.0,1040.0,-0.351,-0.1068,-0.2618,-0.2129,1,0,0,0,0,0,0,0,1,184.0,21.0,184.0,163.0,SAFE_STOP,倒车完成（前头红外无值）,0,0,1
21.815,537.0,750.0,364.0,1042.0,-0.351,-0.1068,-0.2618,-0.2129,1,0,0,0,0,0,0,0,1,199.0,21.0,199.0,178.0,SAFE_STOP,倒车完成（前头红外无值）,0,0,1
21.835,537.0,750.0,364.0,1040.0,-0.351,-0.1046,-0.2618,-0.215,1,0,0,0,0,0,0,0,1,233.0,21.0,233.0,212.0,SAFE_STOP,倒车完成（前头红外无值）,0,0,1
21.855,536.0,748.0,363.0,1040.0,-0.351,-0.1046,-0.2618,-0.215,1,0,0,0,0,0,0,0,1,184.0,22.0,184.0,162.0,SAFE_STOP,倒车完成（前头红外无值）,0,0,1
21.875,537.0,750.0,364.0,1041.0,-0.351,-0.1046,-0.2618,-0.215,1,0,0,0,0,0,0,0,1,363.0,20.0,363.0,343.0,SAFE_STOP,倒车完成（前头红外无值）,0,0,1
21.895,536.0,748.0,364.0,1040.0,-0.3537,-0.1089,-0.2618,-0.215,1,0,0,0,0,0,0,0,1,201.0,33.0,201.0,168.0,SAFE_STOP,倒车完成（前头红外无值）,0,0,1
21.915,536.0,748.0,364.0,1040.0,-0.3537,-0.1089,-0.2618,-0.215,1,0,0,0,0,0,0,0,1,200.0,20.0,200.0,180.0,SAFE_STOP,倒车完成（前头红外无值）,0,0,1
21.936,537.0,750.0,364.0,1041.0,-0.3537,-0.1089,-0.2618,-0.215,1,0,0,0,0,0,0,0,1,216.0,20.0,216.0,196.0,SAFE_STOP,倒车完成（前头红外无值）,0,0,1
21.956,538.0,750.0,365.0,1042.0,-0.351,-0.1046,-0.2618,-0.2129,1,0,0,0,0,0,0,0,1,133.0,21.0,133.0,112.0,SAFE_STOP,倒车完成（前头红外无值）,0,0,1
21.976,537.0,750.0,363.0,1041.0,-0.351,-0.1046,-0.2618,-0.2129,1,0,0,0,0,0,0,0,1,183.0,20.0,183.0,163.0,SAFE_STOP,倒车完成（前头红外无值）,0,0,1
21.996,537.0,751.0,364.0,1041.0,-0.351,-0.1046,-0.2618,-0.2129,1,0,0,0,0,0,0,0,1,199.0,21.0,199.0,178.0,SAFE_STOP,倒车完成（前头红外无值）,0,0,1
22.016,537.0,749.0,364.0,1041.0,-0.351,-0.1046,-0.2618,-0.2129,1,0,0,0,0,0,0,0,1,200.0,20.0,200.0,180.0,SAFE_STOP,倒车完成（前头红外无值）,0,0,1
22.036,536.0,749.0,364.0,1040.0,-0.351,-0.1068,-0.2618,-0.2129,1,0,0,0,0,0,0,0,1,249.0,21.0,249.0,228.0,SAFE_STOP,倒车完成（前头红外无值）,0,0,1
22.057,538.0,751.0,365.0,1042.0,-0.351,-0.1068,-0.2618,-0.2129,1,0,0,0,0,0,0,0,1,234.0,21.0,234.0,213.0,SAFE_STOP,倒车完成（前头红外无值）,0,0,1
22.077,538.0,751.0,365.0,1042.0,-0.3483,-0.1024,-0.2591,-0.2109,1,0,0,0,0,0,0,0,1,234.0,21.0,234.0,213.0,SAFE_STOP,倒车完成（前头红外无值）,0,0,1
22.097,536.0,747.0,363.0,1039.0,-0.3483,-0.1024,-0.2591,-0.2109,1,0,0,0,0,0,0,0,1,380.0,28.0,380.0,352.0,SAFE_STOP,倒车完成（前头红外无值）,0,0,1
22.117,537.0,748.0,363.0,1039.0,-0.351,-0.1089,-0.2646,-0.2171,1,0,0,0,0,0,0,0,1,201.0,34.0,201.0,167.0,SAFE_STOP,倒车完成（前头红外无值）,0,0,1
22.137,537.0,749.0,364.0,1041.0,-0.351,-0.1089,-0.2646,-0.2171,1,0,0,0,0,0,0,0,1,249.0,21.0,249.0,228.0,SAFE_STOP,倒车完成（前头红外无值）,0,0,1
22.157,537.0,750.0,364.0,1041.0,-0.351,-0.1068,-0.2618,-0.2129,1,0,0,0,0,0,0,0,1,250.0,21.0,250.0,229.0,SAFE_STOP,倒车完成（前头红外无值）,0,0,1
22.177,536.0,748.0,363.0,1039.0,-0.351,-0.1068,-0.2618,-0.2129,1,0,0,0,0,0,0,0,1,92.0,21.0,92.0,71.0,SAFE_STOP,倒车完成（前头红外无值）,0,0,1
22.197,538.0,750.0,365.0,1041.0,-0.351,-0.1046,-0.2618,-0.2129,1,0,0,0,0,0,0,0,1,232.0,20.0,232.0,212.0,SAFE_STOP,倒车完成（前头红外无值）,0,0,1
22.218,537.0,748.0,363.0,1040.0,-0.351,-0.1089,-0.2646,-0.215,1,0,0,0,0,0,0,0,1,183.0,21.0,183.0,162.0,SAFE_STOP,倒车完成（前头红外无值）,0,0,1
22.238,537.0,749.0,364.0,1041.0,-0.351,-0.1068,-0.2618,-0.2129,1,0,0,0,0,0,0,0,1,412.0,21.0,412.0,391.0,SAFE_STOP,倒车完成（前头红外无值）,0,0,1
22.258,538.0,750.0,364.0,1041.0,-0.351,-0.1068,-0.2618,-0.2129,1,0,0,0,0,0,0,0,1,200.0,21.0,200.0,179.0,SAFE_STOP,倒车完成（前头红外无值）,0,0,1
22.278,537.0,749.0,363.0,1040.0,-0.351,-0.1068,-0.2618,-0.2129,1,0,0,0,0,0,0,0,1,609.0,22.0,609.0,587.0,SAFE_STOP,倒车完成（前头红外无值）,0,0,1
22.3,537.0,749.0,363.0,1041.0,-0.351,-0.1068,-0.2646,-0.2129,1,0,0,0,0,0,0,0,1,380.0,22.0,380.0,358.0,SAFE_STOP,倒车完成（前头红外无值）,0,0,1
22.32,537.0,749.0,364.0,1041.0,-0.351,-0.1068,-0.2646,-0.2129,1,0,0,0,0,0,0,0,1,52.0,21.0,52.0,31.0,SAFE_STOP,倒车完成（前头红外无值）,0,0,1
22.341,537.0,748.0,363.0,1040.0,-0.351,-0.1068,-0.2646,-0.2129,1,0,0,0,0,0,0,0,1,201.0,22.0,201.0,179.0,SAFE_STOP,倒车完成（前头红外无值）,0,0,1
22.361,537.0,748.0,364.0,1040.0,-0.351,-0.1089,-0.2618,-0.215,1,0,0,0,0,0,0,0,1,200.0,20.0,200.0,180.0,SAFE_STOP,倒车完成（前头红外无值）,0,0,1
22.381,537.0,749.0,364.0,1040.0,-0.351,-0.1089,-0.2618,-0.215,1,0,0,0,0,0,0,0,1,266.0,21.0,266.0,245.0,SAFE_STOP,倒车完成（前头红外无值）,0,0,1
22.401,536.0,746.0,363.0,1039.0,-0.351,-0.1089,-0.2618,-0.215,1,0,0,0,0,0,0,0,1,234.0,21.0,234.0,213.0,SAFE_STOP,倒车完成（前头红外无值）,0,0,1
22.421,535.0,746.0,361.0,1036.0,-0.3537,-0.1133,-0.2646,-0.2171,1,0,0,0,0,0,0,0,1,446.0,31.0,446.0,415.0,SAFE_STOP,倒车完成（前头红外无值）,0,0,1
22.441,536.0,749.0,364.0,1040.0,-0.3537,-0.1133,-0.2646,-0.2171,1,0,0,0,0,0,0,0,1,200.0,20.0,200.0,180.0,SAFE_STOP,倒车完成（前头红外无值）,0,0,1
22.461,536.0,746.0,363.0,1038.0,-0.3537,-0.1133,-0.2646,-0.2192,1,0,0,0,0,0,0,0,1,200.0,22.0,200.0,178.0,SAFE_STOP,倒车完成（前头红外无值）,0,0,1
22.481,536.0,746.0,362.0,1038.0,-0.3537,-0.1133,-0.2646,-0.2192,1,0,0,0,0,0,0,0,1,201.0,21.0,201.0,180.0,SAFE_STOP,倒车完成（前头红外无值）,0,0,1
22.502,536.0,747.0,362.0,1037.0,-0.3537,-0.1133,-0.2674,-0.2192,1,0,0,0,0,0,0,0,1,233.0,20.0,233.0,213.0,SAFE_STOP,倒车完成（前头红外无值）,0,0,1
22.522,536.0,746.0,363.0,1038.0,-0.3537,-0.1133,-0.2674,-0.2192,1,0,0,0,0,0,0,0,1,234.0,21.0,234.0,213.0,SAFE_STOP,倒车完成（前头红外无值）,0,0,1
22.542,535.0,745.0,362.0,1037.0,-0.3537,-0.1133,-0.2674,-0.2213,1,0,0,0,0,0,0,0,1,217.0,21.0,217.0,196.0,SAFE_STOP,倒车完成（前头红外无值）,0,0,1
22.562,536.0,748.0,363.0,1039.0,-0.3537,-0.1133,-0.2646,-0.2192,1,0,0,0,0,0,0,0,1,166.0,21.0,166.0,145.0,SAFE_STOP,倒车完成（前头红外无值）,0,0,1
22.582,536.0,748.0,363.0,1040.0,-0.3537,-0.1089,-0.2646,-0.2171,1,0,0,0,0,0,0,0,1,41.0,20.0,41.0,21.0,SAFE_STOP,倒车完成（前头红外无值）,0,0,1
22.602,536.0,748.0,363.0,1040.0,-0.3537,-0.1089,-0.2646,-0.215,1,0,0,0,0,0,0,0,1,41.0,20.0,41.0,21.0,SAFE_STOP,倒车完成（前头红外无值）,0,0,1
22.624,535.0,746.0,363.0,1038.0,-0.3537,-0.1089,-0.2646,-0.215,1,0,0,0,0,0,0,0,1,362.0,20.0,362.0,342.0,SAFE_STOP,倒车完成（前头红外无值）,0,0,1
22.644,537.0,749.0,364.0,1040.0,-0.3537,-0.1089,-0.2646,-0.215,1,0,0,0,0,0,0,0,1,232.0,21.0,232.0,211.0,SAFE_STOP,倒车完成（前头红外无值）,0,0,1
22.664,537.0,749.0,364.0,1040.0,-0.351,-0.1068,-0.2618,-0.215,1,0,0,0,0,0,0,0,1,232.0,21.0,232.0,211.0,SAFE_STOP,倒车完成（前头红外无值）,0,0,1
22.685,536.0,748.0,364.0,1040.0,-0.351,-0.1068,-0.2618,-0.215,1,0,0,0,0,0,0,0,1,184.0,21.0,184.0,163.0,SAFE_STOP,倒车完成（前头红外无值）,0,0,1
22.705,536.0,747.0,363.0,1038.0,-0.3537,-0.1089,-0.2618,-0.215,1,0,0,0,0,0,0,0,1,282.0,21.0,282.0,261.0,SAFE_STOP,倒车完成（前头红外无值）,0,0,1
22.725,535.0,746.0,363.0,1038.0,-0.3537,-0.1111,-0.2646,-0.2192,1,0,0,0,0,0,0,0,1,135.0,34.0,135.0,101.0,SAFE_STOP,倒车完成（前头红外无值）,0,0,1
22.745,536.0,747.0,363.0,1038.0,-0.3537,-0.1111,-0.2646,-0.2192,1,0,0,0,0,0,0,0,1,201.0,21.0,201.0,180.0,SAFE_STOP,倒车完成（前头红外无值）,0,0,1
22.765,536.0,748.0,363.0,1038.0,-0.3537,-0.1111,-0.2646,-0.2192,1,0,0,0,0,0,0,0,1,234.0,21.0,234.0,213.0,SAFE_STOP,倒车完成（前头红外无值）,0,0,1
22.786,535.0,746.0,362.0,1036.0,-0.3537,-0.1111,-0.2646,-0.2192,1,0,0,0,0,0,0,0,1,126.0,22.0,126.0,104.0,SAFE_STOP,倒车完成（前头红外无值）,0,0,1
22.806,536.0,747.0,364.0,1040.0,-0.3537,-0.1111,-0.2646,-0.2192,1,0,0,0,0,0,0,0,1,167.0,20.0,167.0,147.0,SAFE_STOP,倒车完成（前头红外无值）,0,0,1
22.826,534.0,745.0,362.0,1038.0,-0.3565,-0.1133,-0.2674,-0.2192,1,0,0,0,0,0,0,0,1,201.0,23.0,201.0,178.0,SAFE_STOP,倒车完成（前头红外无值）,0,0,1
22.846,537.0,748.0,364.0,1040.0,-0.3537,-0.1111,-0.2618,-0.215,1,0,0,0,0,0,0,0,1,348.0,20.0,348.0,328.0,SAFE_STOP,倒车完成（前头红外无值）,0,0,1
22.866,535.0,747.0,364.0,1040.0,-0.3565,-0.1111,-0.2618,-0.215,1,0,0,0,0,0,0,0,1,265.0,21.0,265.0,244.0,SAFE_STOP,倒车完成（前头红外无值）,0,0,1
22.886,536.0,749.0,364.0,1040.0,-0.3537,-0.1089,-0.2618,-0.215,1,0,0,0,0,0,0,0,1,232.0,19.0,232.0,213.0,SAFE_STOP,倒车完成（前头红外无值）,0,0,1
22.906,536.0,748.0,363.0,1040.0,-0.3537,-0.1089,-0.2618,-0.215,1,0,0,0,0,0,0,0,1,184.0,22.0,184.0,162.0,SAFE_STOP,倒车完成（前头红外无值）,0,0,1
22.927,537.0,749.0,364.0,1041.0,-0.3537,-0.1068,-0.2618,-0.215,1,0,0,0,0,0,0,0,1,150.0,21.0,150.0,129.0,SAFE_STOP,倒车完成（前头红外无值）,0,0,1
22.947,537.0,750.0,364.0,1042.0,-0.351,-0.1068,-0.2618,-0.2129,1,0,0,0,0,0,0,0,1,182.0,20.0,182.0,162.0,SAFE_STOP,倒车完成（前头红外无值）,0,0,1
22.967,537.0,749.0,364.0,1040.0,-0.351,-0.1068,-0.2618,-0.2129,1,0,0,0,0,0,0,0,1,298.0,21.0,298.0,277.0,SAFE_STOP,倒车完成（前头红外无值）,0,0,1
22.987,537.0,748.0,364.0,1041.0,-0.351,-0.1068,-0.2618,-0.2129,1,0,0,0,0,0,0,0,1,234.0,21.0,234.0,213.0,SAFE_STOP,倒车完成（前头红外无值）,0,0,1
23.007,536.0,749.0,363.0,1040.0,-0.351,-0.1068,-0.2618,-0.215,1,0,0,0,0,0,0,0,1,233.0,30.0,233.0,203.0,SAFE_STOP,倒车完成（前头红外无值）,0,0,1
23.027,536.0,748.0,363.0,1040.0,-0.3537,-0.1089,-0.2646,-0.215,1,0,0,0,0,0,0,0,1,200.0,21.0,200.0,179.0,SAFE_STOP,倒车完成（前头红外无值）,0,0,1
23.047,538.0,749.0,365.0,1041.0,-0.3537,-0.1068,-0.2646,-0.215,1,0,0,0,0,0,0,0,1,200.0,19.0,200.0,181.0,SAFE_STOP,倒车完成（前头红外无值）,0,0,1
23.067,537.0,749.0,365.0,1040.0,-0.351,-0.1068,-0.2591,-0.215,1,0,0,0,0,0,0,0,1,200.0,21.0,200.0,179.0,SAFE_STOP,倒车完成（前头红外无值）,0,0,1
23.087,535.0,747.0,363.0,1038.0,-0.351,-0.1068,-0.2591,-0.215,1,0,0,0,0,0,0,0,1,259.0,21.0,259.0,238.0,SAFE_STOP,倒车完成（前头红外无值）,0,0,1
23.107,537.0,749.0,365.0,1041.0,-0.351,-0.1068,-0.2591,-0.215,1,0,0,0,0,0,0,0,1,199.0,20.0,199.0,179.0,SAFE_STOP,倒车完成（前头红外无值）,0,0,1
23.127,538.0,751.0,365.0,1042.0,-0.351,-0.1068,-0.2591,-0.2129,1,0,0,0,0,0,0,0,1,37.0,20.0,37.0,17.0,SAFE_STOP,倒车完成（前头红外无值）,0,0,1
23.147,537.0,748.0,364.0,1040.0,-0.351,-0.1068,-0.2591,-0.2129,1,0,0,0,0,0,0,0,1,201.0,21.0,201.0,180.0,SAFE_STOP,倒车完成（前头红外无值）,0,0,1
23.168,538.0,750.0,364.0,1040.0,-0.3483,-0.1046,-0.2618,-0.215,1,0,0,0,0,0,0,0,1,140.0,21.0,140.0,119.0,SAFE_STOP,倒车完成（前头红外无值）,0,0,1
23.188,536.0,749.0,363.0,1040.0,-0.351,-0.1068,-0.2618,-0.215,1,0,0,0,0,0,0,0,1,199.0,31.0,199.0,168.0,SAFE_STOP,倒车完成（前头红外无值）,0,0,1
23.208,537.0,749.0,364.0,1040.0,-0.351,-0.1068,-0.2618,-0.215,1,0,0,0,0,0,0,0,1,233.0,20.0,233.0,213.0,SAFE_STOP,倒车完成（前头红外无值）,0,0,1
23.228,537.0,749.0,364.0,1041.0,-0.351,-0.1068,-0.2618,-0.215,1,0,0,0,0,0,0,0,1,592.0,21.0,592.0,571.0,SAFE_STOP,倒车完成（前头红外无值）,0,0,1
23.248,537.0,749.0,364.0,1040.0,-0.351,-0.1068,-0.2618,-0.215,1,0,0,0,0,0,0,0,1,109.0,21.0,109.0,88.0,SAFE_STOP,倒车完成（前头红外无值）,0,0,1
23.268,536.0,748.0,363.0,1039.0,-0.351,-0.1068,-0.2618,-0.215,1,0,0,0,0,0,0,0,1,265.0,20.0,265.0,245.0,SAFE_STOP,倒车完成（前头红外无值）,0,0,1
23.288,534.0,748.0,364.0,1040.0,-0.3537,-0.1089,-0.2618,-0.215,1,0,0,0,0,0,0,0,1,199.0,21.0,199.0,178.0,SAFE_STOP,倒车完成（前头红外无值）,0,0,1
23.308,534.0,748.0,364.0,1040.0,-0.3592,-0.1089,-0.2618,-0.215,1,0,0,0,0,0,0,0,1,199.0,21.0,199.0,178.0,SAFE_STOP,倒车完成（前头红外无值）,0,0,1
23.328,536.0,749.0,364.0,1040.0,-0.3592,-0.1089,-0.2618,-0.215,1,0,0,0,0,0,0,0,1,52.0,20.0,52.0,32.0,SAFE_STOP,倒车完成（前头红外无值）,0,0,1
23.348,536.0,748.0,364.0,1040.0,-0.3537,-0.1089,-0.2618,-0.215,1,0,0,0,0,0,0,0,1,233.0,20.0,233.0,213.0,SAFE_STOP,倒车完成（前头红外无值）,0,0,1
23.368,536.0,748.0,363.0,1039.0,-0.3537,-0.1089,-0.2618,-0.215,1,0,0,0,0,0,0,0,1,233.0,21.0,233.0,212.0,SAFE_STOP,倒车完成（前头红外无值）,0,0,1
23.388,537.0,749.0,364.0,1040.0,-0.3537,-0.1089,-0.2618,-0.215,1,0,0,0,0,0,0,0,1,460.0,20.0,460.0,440.0,SAFE_STOP,倒车完成（前头红外无值）,0,0,1
23.409,537.0,750.0,364.0,1040.0,-0.351,-0.1068,-0.2618,-0.215,1,0,0,0,0,0,0,0,1,199.0,21.0,199.0,178.0,SAFE_STOP,倒车完成（前头红外无值）,0,0,1
23.429,538.0,749.0,364.0,1042.0,-0.351,-0.1068,-0.2618,-0.215,1,0,0,0,0,0,0,0,1,199.0,20.0,199.0,179.0,SAFE_STOP,倒车完成（前头红外无值）,0,0,1
23.449,537.0,749.0,363.0,1040.0,-0.351,-0.1068,-0.2618,-0.215,1,0,0,0,0,0,0,0,1,265.0,20.0,265.0,245.0,SAFE_STOP,倒车完成（前头红外无值）,0,0,1
23.469,536.0,749.0,364.0,1041.0,-0.351,-0.1068,-0.2618,-0.2129,1,0,0,0,0,0,0,0,1,234.0,20.0,234.0,214.0,SAFE_STOP,倒车完成（前头红外无值）,0,0,1
23.489,536.0,749.0,364.0,1041.0,-0.3537,-0.1068,-0.2618,-0.2129,1,0,0,0,0,0,0,0,1,174.0,20.0,174.0,154.0,SAFE_STOP,倒车完成（前头红外无值）,0,0,1
23.509,537.0,749.0,364.0,1042.0,-0.3537,-0.1068,-0.2618,-0.2129,1,0,0,0,0,0,0,0,1,200.0,22.0,200.0,178.0,SAFE_STOP,倒车完成（前头红外无值）,0,0,1
23.529,538.0,749.0,364.0,1041.0,-0.351,-0.1068,-0.2618,-0.2129,1,0,0,0,0,0,0,0,1,183.0,21.0,183.0,162.0,SAFE_STOP,倒车完成（前头红外无值）,0,0,1
23.549,537.0,749.0,365.0,1041.0,-0.351,-0.1068,-0.2618,-0.2129,1,0,0,0,0,0,0,0,1,250.0,20.0,250.0,230.0,SAFE_STOP,倒车完成（前头红外无值）,0,0,1
23.569,537.0,748.0,364.0,1040.0,-0.351,-0.1068,-0.2618,-0.2129,1,0,0,0,0,0,0,0,1,83.0,20.0,83.0,63.0,SAFE_STOP,倒车完成（前头红外无值）,0,0,1
23.589,536.0,748.0,364.0,1040.0,-0.351,-0.1089,-0.2618,-0.215,1,0,0,0,0,0,0,0,1,232.0,21.0,232.0,211.0,SAFE_STOP,倒车完成（前头红外无值）,0,0,1
23.609,537.0,750.0,365.0,1041.0,-0.351,-0.1089,-0.2618,-0.215,1,0,0,0,0,0,0,0,1,200.0,20.0,200.0,180.0,SAFE_STOP,倒车完成（前头红外无值）,0,0,1
23.63,537.0,750.0,365.0,1042.0,-0.351,-0.1046,-0.2591,-0.2129,1,0,0,0,0,0,0,0,1,560.0,21.0,560.0,539.0,SAFE_STOP,倒车完成（前头红外无值）,0,0,1
23.65,536.0,749.0,364.0,1040.0,-0.351,-0.1046,-0.2591,-0.2129,1,0,0,0,0,0,0,0,1,199.0,20.0,199.0,179.0,SAFE_STOP,倒车完成（前头红外无值）,0,0,1
23.67,536.0,748.0,363.0,1040.0,-0.3537,-0.1068,-0.2618,-0.215,1,0,0,0,0,0,0,0,1,403.0,21.0,403.0,382.0,SAFE_STOP,倒车完成（前头红外无值）,0,0,1
23.69,536.0,748.0,364.0,1039.0,-0.3537,-0.1089,-0.2618,-0.215,1,0,0,0,0,0,0,0,1,234.0,21.0,234.0,213.0,SAFE_STOP,倒车完成（前头红外无值）,0,0,1
23.71,536.0,748.0,364.0,1040.0,-0.3537,-0.1089,-0.2618,-0.215,1,0,0,0,0,0,0,0,1,16.0,20.0,20.0,-4.0,SAFE_STOP,倒车完成（前头红外无值）,0,0,1
23.73,536.0,749.0,365.0,1041.0,-0.3537,-0.1089,-0.2618,-0.215,1,0,0,0,0,0,0,0,1,200.0,21.0,200.0,179.0,SAFE_STOP,倒车完成（前头红外无值）,0,0,1
23.75,537.0,749.0,364.0,1041.0,-0.3537,-0.1068,-0.2618,-0.2129,1,0,0,0,0,0,0,0,1,51.0,20.0,51.0,31.0,SAFE_STOP,倒车完成（前头红外无值）,0,0,1
23.77,536.0,748.0,363.0,1038.0,-0.3537,-0.1068,-0.2618,-0.2129,1,0,0,0,0,0,0,0,1,562.0,21.0,562.0,541.0,SAFE_STOP,倒车完成（前头红外无值）,0,0,1
23.79,537.0,750.0,365.0,1041.0,-0.351,-0.1068,-0.2618,-0.2129,1,0,0,0,0,0,0,0,1,234.0,21.0,234.0,213.0,SAFE_STOP,倒车完成（前头红外无值）,0,0,1
23.811,537.0,749.0,364.0,1041.0,-0.351,-0.1068,-0.2618,-0.2129,1,0,0,0,0,0,0,0,1,432.0,20.0,432.0,412.0,SAFE_STOP,倒车完成（前头红外无值）,0,0,1
23.831,536.0,749.0,364.0,1040.0,-0.351,-0.1068,-0.2618,-0.2129,1,0,0,0,0,0,0,0,1,199.0,21.0,199.0,178.0,SAFE_STOP,倒车完成（前头红外无值）,0,0,1
23.851,538.0,751.0,364.0,1042.0,-0.351,-0.1068,-0.2618,-0.2129,1,0,0,0,0,0,0,0,1,117.0,21.0,117.0,96.0,SAFE_STOP,倒车完成（前头红外无值）,0,0,1
23.871,538.0,750.0,364.0,1041.0,-0.3483,-0.1046,-0.2618,-0.2129,1,0,0,0,0,0,0,0,1,198.0,21.0,198.0,177.0,SAFE_STOP,倒车完成（前头红外无值）,0,0,1
23.893,538.0,750.0,364.0,1041.0,-0.3483,-0.1046,-0.2618,-0.2129,1,0,0,0,0,0,0,0,1,198.0,21.0,198.0,177.0,SAFE_STOP,倒车完成（前头红外无值）,0,0,1
23.913,537.0,748.0,364.0,1040.0,-0.3483,-0.1046,-0.2618,-0.2129,1,0,0,0,0,0,0,0,1,150.0,20.0,150.0,130.0,SAFE_STOP,倒车完成（前头红外无值）,0,0,1
23.933,537.0,749.0,364.0,1042.0,-0.351,-0.1068,-0.2618,-0.2129,1,0,0,0,0,0,0,0,1,315.0,22.0,315.0,293.0,SAFE_STOP,倒车完成（前头红外无值）,0,0,1
23.953,536.0,748.0,363.0,1039.0,-0.351,-0.1089,-0.2618,-0.215,1,0,0,0,0,0,0,0,1,168.0,22.0,168.0,146.0,SAFE_STOP,倒车完成（前头红外无值）,0,0,1
23.973,535.0,749.0,364.0,1042.0,-0.3537,-0.1068,-0.2618,-0.2109,1,0,0,0,0,0,0,0,1,199.0,20.0,199.0,179.0,SAFE_STOP,倒车完成（前头红外无值）,0,0,1
23.993,537.0,749.0,364.0,1041.0,-0.3537,-0.1068,-0.2618,-0.2129,1,0,0,0,0,0,0,0,1,217.0,24.0,217.0,193.0,SAFE_STOP,倒车完成（前头红外无值）,0,0,1
24.013,537.0,749.0,364.0,1042.0,-0.351,-0.1068,-0.2618,-0.2109,1,0,0,0,0,0,0,0,1,250.0,21.0,250.0,229.0,SAFE_STOP,倒车完成（前头红外无值）,0,0,1
24.033,537.0,750.0,364.0,1041.0,-0.351,-0.1068,-0.2618,-0.2129,1,0,0,0,0,0,0,0,1,395.0,20.0,395.0,375.0,SAFE_STOP,倒车完成（前头红外无值）,0,0,1
24.054,538.0,749.0,365.0,1042.0,-0.351,-0.1068,-0.2618,-0.2109,1,0,0,0,0,0,0,0,1,183.0,21.0,183.0,162.0,SAFE_STOP,倒车完成（前头红外无值）,0,0,1
24.074,538.0,750.0,364.0,1042.0,-0.3483,-0.1046,-0.2618,-0.2109,1,0,0,0,0,0,0,0,1,200.0,20.0,200.0,180.0,SAFE_STOP,倒车完成（前头红外无值）,0,0,1
24.094,537.0,749.0,365.0,1041.0,-0.3483,-0.1068,-0.2591,-0.2109,1,0,0,0,0,0,0,0,1,200.0,20.0,200.0,180.0,SAFE_STOP,倒车完成（前头红外无值）,0,0,1
24.115,537.0,748.0,365.0,1041.0,-0.351,-0.1068,-0.2591,-0.2129,1,0,0,0,0,0,0,0,1,32.0,21.0,32.0,11.0,SAFE_STOP,倒车完成（前头红外无值）,0,0,1
24.135,537.0,749.0,363.0,1040.0,-0.351,-0.1068,-0.2591,-0.2129,1,0,0,0,0,0,0,0,1,150.0,19.0,150.0,131.0,SAFE_STOP,倒车完成（前头红外无值）,0,0,1
24.155,537.0,749.0,364.0,1040.0,-0.351,-0.1068,-0.2618,-0.215,1,0,0,0,0,0,0,0,1,232.0,21.0,232.0,211.0,SAFE_STOP,倒车完成（前头红外无值）,0,0,1
24.175,538.0,750.0,364.0,1040.0,-0.351,-0.1068,-0.2618,-0.215,1,0,0,0,0,0,0,0,1,506.0,21.0,506.0,485.0,SAFE_STOP,倒车完成（前头红外无值）,0,0,1
24.195,537.0,749.0,364.0,1041.0,-0.351,-0.1068,-0.2618,-0.215,1,0,0,0,0,0,0,0,1,528.0,20.0,528.0,508.0,SAFE_STOP,倒车完成（前头红外无值）,0,0,1
24.215,537.0,750.0,365.0,1041.0,-0.351,-0.1046,-0.2618,-0.2129,1,0,0,0,0,0,0,0,1,184.0,20.0,184.0,164.0,SAFE_STOP,倒车完成（前头红外无值）,0,0,1
24.235,536.0,749.0,363.0,1040.0,-0.351,-0.1068,-0.2618,-0.2129,1,0,0,0,0,0,0,0,1,266.0,21.0,266.0,245.0,SAFE_STOP,倒车完成（前头红外无值）,0,0,1
24.255,536.0,749.0,365.0,1040.0,-0.3537,-0.1068,-0.2591,-0.215,1,0,0,0,0,0,0,0,1,117.0,21.0,117.0,96.0,SAFE_STOP,倒车完成（前头红外无值）,0,0,1
24.275,536.0,748.0,363.0,1040.0,-0.3537,-0.1068,-0.2646,-0.215,1,0,0,0,0,0,0,0,1,17.0,21.0,21.0,-4.0,SAFE_STOP,倒车完成（前头红外无值）,0,0,1
24.296,536.0,748.0,363.0,1040.0,-0.3537,-0.1089,-0.2646,-0.215,1,0,0,0,0,0,0,0,1,17.0,21.0,21.0,-4.0,SAFE_STOP,倒车完成（前头红外无值）,0,0,1
24.316,536.0,749.0,364.0,1041.0,-0.3537,-0.1089,-0.2646,-0.215,1,0,0,0,0,0,0,0,1,199.0,21.0,199.0,178.0,SAFE_STOP,倒车完成（前头红外无值）,0,0,1
24.336,537.0,749.0,364.0,1041.0,-0.3537,-0.1068,-0.2618,-0.2129,1,0,0,0,0,0,0,0,1,427.0,20.0,427.0,407.0,SAFE_STOP,倒车完成（前头红外无值）,0,0,1
24.356,537.0,749.0,364.0,1041.0,-0.351,-0.1068,-0.2618,-0.2129,1,0,0,0,0,0,0,0,1,395.0,21.0,395.0,374.0,SAFE_STOP,倒车完成（前头红外无值）,0,0,1
24.376,538.0,750.0,365.0,1041.0,-0.351,-0.1068,-0.2618,-0.2129,1,0,0,0,0,0,0,0,1,238.0,21.0,238.0,217.0,SAFE_STOP,倒车完成（前头红外无值）,0,0,1
24.396,538.0,750.0,364.0,1041.0,-0.3483,-0.1046,-0.2618,-0.2129,1,0,0,0,0,0,0,0,1,232.0,20.0,232.0,212.0,SAFE_STOP,倒车完成（前头红外无值）,0,0,1
24.417,536.0,748.0,363.0,1038.0,-0.3483,-0.1046,-0.2618,-0.2129,1,0,0,0,0,0,0,0,1,201.0,22.0,201.0,179.0,SAFE_STOP,倒车完成（前头红外无值）,0,0,1
24.437,536.0,747.0,363.0,1038.0,-0.3537,-0.1089,-0.2646,-0.2192,1,0,0,0,0,0,0,0,1,201.0,33.0,201.0,168.0,SAFE_STOP,倒车完成（前头红外无值）,0,0,1
24.457,537.0,750.0,364.0,1041.0,-0.3537,-0.1089,-0.2646,-0.2192,1,0,0,0,0,0,0,0,1,205.0,21.0,205.0,184.0,SAFE_STOP,倒车完成（前头红外无值）,0,0,1
24.477,538.0,750.0,365.0,1042.0,-0.351,-0.1046,-0.2618,-0.2129,1,0,0,0,0,0,0,0,1,247.0,21.0,247.0,226.0,SAFE_STOP,倒车完成（前头红外无值）,0,0,1
24.497,536.0,750.0,364.0,1040.0,-0.351,-0.1046,-0.2618,-0.2129,1,0,0,0,0,0,0,0,1,118.0,34.0,118.0,84.0,SAFE_STOP,倒车完成（前头红外无值）,0,0,1
24.517,537.0,750.0,364.0,1042.0,-0.351,-0.1046,-0.2618,-0.2109,1,0,0,0,0,0,0,0,1,184.0,32.0,184.0,152.0,SAFE_STOP,倒车完成（前头红外无值）,0,0,1
24.537,536.0,750.0,364.0,1041.0,-0.3537,-0.1046,-0.2618,-0.2129,1,0,0,0,0,0,0,0,1,101.0,21.0,101.0,80.0,SAFE_STOP,倒车完成（前头红外无值）,0,0,1
24.558,537.0,749.0,363.0,1042.0,-0.351,-0.1046,-0.2618,-0.2109,1,0,0,0,0,0,0,0,1,528.0,20.0,528.0,508.0,SAFE_STOP,倒车完成（前头红外无值）,0,0,1
24.578,538.0,750.0,364.0,1042.0,-0.351,-0.1046,-0.2618,-0.2109,1,0,0,0,0,0,0,0,1,248.0,20.0,248.0,228.0,SAFE_STOP,倒车完成（前头红外无值）,0,0,1
24.598,537.0,749.0,365.0,1042.0,-0.351,-0.1068,-0.2618,-0.2109,1,0,0,0,0,0,0,0,1,433.0,20.0,433.0,413.0,SAFE_STOP,倒车完成（前头红外无值）,0,0,1
24.618,537.0,747.0,363.0,1040.0,-0.351,-0.1068,-0.2618,-0.2109,1,0,0,0,0,0,0,0,1,167.0,21.0,167.0,146.0,SAFE_STOP,倒车完成（前头红外无值）,0,0,1
24.638,537.0,750.0,364.0,1041.0,-0.351,-0.1068,-0.2618,-0.2129,1,0,0,0,0,0,0,0,1,41.0,21.0,41.0,20.0,SAFE_STOP,倒车完成（前头红外无值）,0,0,1
24.658,537.0,749.0,364.0,1041.0,-0.351,-0.1068,-0.2618,-0.2129,1,0,0,0,0,0,0,0,1,200.0,25.0,200.0,175.0,SAFE_STOP,倒车完成（前头红外无值）,0,0,1
24.679,537.0,749.0,364.0,1041.0,-0.351,-0.1068,-0.2618,-0.2129,1,0,0,0,0,0,0,0,1,200.0,25.0,200.0,175.0,SAFE_STOP,倒车完成（前头红外无值）,0,0,1
24.699,537.0,750.0,363.0,1040.0,-0.351,-0.1068,-0.2618,-0.2129,1,0,0,0,0,0,0,0,1,68.0,21.0,68.0,47.0,SAFE_STOP,倒车完成（前头红外无值）,0,0,1
24.719,538.0,749.0,365.0,1042.0,-0.351,-0.1068,-0.2618,-0.2129,1,0,0,0,0,0,0,0,1,380.0,20.0,380.0,360.0,SAFE_STOP,倒车完成（前头红外无值）,0,0,1
24.739,538.0,748.0,364.0,1040.0,-0.3483,-0.1068,-0.2618,-0.215,1,0,0,0,0,0,0,0,1,241.0,33.0,241.0,208.0,SAFE_STOP,倒车完成（前头红外无值）,0,0,1
24.759,536.0,746.0,363.0,1039.0,-0.3483,-0.1089,-0.2618,-0.215,1,0,0,0,0,0,0,0,1,528.0,34.0,528.0,494.0,SAFE_STOP,倒车完成（前头红外无值）,0,0,1
24.779,537.0,747.0,365.0,1041.0,-0.351,-0.1111,-0.2618,-0.215,1,0,0,0,0,0,0,0,1,232.0,20.0,232.0,212.0,SAFE_STOP,倒车完成（前头红外无值）,0,0,1
24.799,537.0,749.0,364.0,1041.0,-0.351,-0.1111,-0.2618,-0.2129,1,0,0,0,0,0,0,0,1,182.0,21.0,182.0,161.0,SAFE_STOP,倒车完成（前头红外无值）,0,0,1
24.82,536.0,749.0,364.0,1041.0,-0.351,-0.1068,-0.2618,-0.2129,1,0,0,0,0,0,0,0,1,248.0,21.0,248.0,227.0,SAFE_STOP,倒车完成（前头红外无值）,0,0,1
24.84,538.0,750.0,365.0,1042.0,-0.351,-0.1068,-0.2618,-0.2129,1,0,0,0,0,0,0,0,1,232.0,20.0,232.0,212.0,SAFE_STOP,倒车完成（前头红外无值）,0,0,1
24.86,537.0,749.0,364.0,1040.0,-0.351,-0.1068,-0.2618,-0.2129,1,0,0,0,0,0,0,0,1,135.0,21.0,135.0,114.0,SAFE_STOP,倒车完成（前头红外无值）,0,0,1
24.88,537.0,749.0,364.0,1041.0,-0.351,-0.1068,-0.2618,-0.2129,1,0,0,0,0,0,0,0,1,189.0,20.0,189.0,169.0,SAFE_STOP,倒车完成（前头红外无值）,0,0,1
24.9,537.0,749.0,364.0,1041.0,-0.351,-0.1068,-0.2618,-0.2129,1,0,0,0,0,0,0,0,1,298.0,34.0,298.0,264.0,SAFE_STOP,倒车完成（前头红外无值）,0,0,1
24.92,537.0,749.0,364.0,1041.0,-0.351,-0.1068,-0.2618,-0.2129,1,0,0,0,0,0,0,0,1,233.0,20.0,233.0,213.0,SAFE_STOP,倒车完成（前头红外无值）,0,0,1
24.94,538.0,748.0,364.0,1041.0,-0.351,-0.1068,-0.2618,-0.2129,1,0,0,0,0,0,0,0,1,239.0,21.0,239.0,218.0,SAFE_STOP,倒车完成（前头红外无值）,0,0,1
24.96,538.0,751.0,365.0,1042.0,-0.3483,-0.1068,-0.2618,-0.2129,1,0,0,0,0,0,0,0,1,280.0,20.0,280.0,260.0,SAFE_STOP,倒车完成（前头红外无值）,0,0,1
24.981,537.0,749.0,364.0,1042.0,-0.3483,-0.1068,-0.2618,-0.2109,1,0,0,0,0,0,0,0,1,331.0,21.0,331.0,310.0,SAFE_STOP,倒车完成（前头红外无值）,0,0,1
25.001,537.0,750.0,364.0,1041.0,-0.351,-0.1046,-0.2618,-0.2109,1,0,0,0,0,0,0,0,1,199.0,21.0,199.0,178.0,SAFE_STOP,倒车完成（前头红外无值）,0,0,1
25.021,538.0,750.0,365.0,1041.0,-0.351,-0.1046,-0.2618,-0.2129,1,0,0,0,0,0,0,0,1,232.0,20.0,232.0,212.0,SAFE_STOP,倒车完成（前头红外无值）,0,0,1
25.041,538.0,750.0,365.0,1041.0,-0.3483,-0.1046,-0.2591,-0.2129,1,0,0,0,0,0,0,0,1,232.0,20.0,232.0,212.0,SAFE_STOP,倒车完成（前头红外无值）,0,0,1
25.061,537.0,750.0,364.0,1041.0,-0.3483,-0.1046,-0.2591,-0.2129,1,0,0,0,0,0,0,0,1,200.0,21.0,200.0,179.0,SAFE_STOP,倒车完成（前头红外无值）,0,0,1
25.081,536.0,748.0,363.0,1039.0,-0.351,-0.1046,-0.2618,-0.2129,1,0,0,0,0,0,0,0,1,17.0,29.0,29.0,-12.0,SAFE_STOP,倒车完成（前头红外无值）,0,0,1
25.101,538.0,750.0,365.0,1042.0,-0.351,-0.1046,-0.2618,-0.2129,1,0,0,0,0,0,0,0,1,199.0,20.0,199.0,179.0,SAFE_STOP,倒车完成（前头红外无值）,0,0,1
25.121,537.0,750.0,364.0,1041.0,-0.351,-0.1046,-0.2618,-0.2129,1,0,0,0,0,0,0,0,1,232.0,21.0,232.0,211.0,SAFE_STOP,倒车完成（前头红外无值）,0,0,1
25.142,537.0,749.0,364.0,1040.0,-0.351,-0.1046,-0.2618,-0.2129,1,0,0,0,0,0,0,0,1,576.0,20.0,576.0,556.0,SAFE_STOP,倒车完成（前头红外无值）,0,0,1
25.162,537.0,749.0,364.0,1040.0,-0.351,-0.1068,-0.2618,-0.215,1,0,0,0,0,0,0,0,1,251.0,21.0,251.0,230.0,SAFE_STOP,倒车完成（前头红外无值）,0,0,1
25.182,537.0,749.0,364.0,1042.0,-0.351,-0.1068,-0.2618,-0.215,1,0,0,0,0,0,0,0,1,509.0,20.0,509.0,489.0,SAFE_STOP,倒车完成（前头红外无值）,0,0,1
25.202,537.0,749.0,364.0,1041.0,-0.351,-0.1068,-0.2618,-0.2129,1,0,0,0,0,0,0,0,1,183.0,21.0,183.0,162.0,SAFE_STOP,倒车完成（前头红外无值）,0,0,1
25.222,536.0,749.0,364.0,1040.0,-0.351,-0.1068,-0.2618,-0.2129,1,0,0,0,0,0,0,0,1,18.0,20.0,20.0,-2.0,SAFE_STOP,倒车完成（前头红外无值）,0,0,1
25.242,538.0,749.0,364.0,1041.0,-0.351,-0.1068,-0.2618,-0.2129,1,0,0,0,0,0,0,0,1,199.0,21.0,199.0,178.0,SAFE_STOP,倒车完成（前头红外无值）,0,0,1
25.262,536.0,748.0,363.0,1040.0,-0.3537,-0.1068,-0.2618,-0.215,1,0,0,0,0,0,0,0,1,92.0,20.0,92.0,72.0,SAFE_STOP,倒车完成（前头红外无值）,0,0,1
25.282,537.0,749.0,364.0,1040.0,-0.351,-0.1068,-0.2618,-0.215,1,0,0,0,0,0,0,0,1,443.0,20.0,443.0,423.0,SAFE_STOP,倒车完成（前头红外无值）,0,0,1
25.302,538.0,750.0,364.0,1042.0,-0.351,-0.1068,-0.2618,-0.215,1,0,0,0,0,0,0,0,1,216.0,20.0,216.0,196.0,SAFE_STOP,倒车完成（前头红外无值）,0,0,1
25.323,537.0,749.0,364.0,1042.0,-0.351,-0.1068,-0.2618,-0.2109,1,0,0,0,0,0,0,0,1,320.0,20.0,320.0,300.0,SAFE_STOP,倒车完成（前头红外无值）,0,0,1
25.343,537.0,749.0,364.0,1041.0,-0.351,-0.1068,-0.2618,-0.2109,1,0,0,0,0,0,0,0,1,201.0,20.0,201.0,181.0,SAFE_STOP,倒车完成（前头红外无值）,0,0,1
25.363,537.0,750.0,364.0,1040.0,-0.351,-0.1068,-0.2618,-0.2129,1,0,0,0,0,0,0,0,1,201.0,21.0,201.0,180.0,SAFE_STOP,倒车完成（前头红外无值）,0,0,1
25.383,538.0,750.0,364.0,1042.0,-0.351,-0.1046,-0.2618,-0.2129,1,0,0,0,0,0,0,0,1,249.0,20.0,249.0,229.0,SAFE_STOP,倒车完成（前头红外无值）,0,0,1
25.403,537.0,749.0,364.0,1041.0,-0.351,-0.1046,-0.2618,-0.2129,1,0,0,0,0,0,0,0,1,232.0,21.0,232.0,211.0,SAFE_STOP,倒车完成（前头红外无值）,0,0,1
25.423,537.0,750.0,364.0,1040.0,-0.351,-0.1046,-0.2618,-0.2129,1,0,0,0,0,0,0,0,1,200.0,26.0,200.0,174.0,SAFE_STOP,倒车完成（前头红外无值）,0,0,1
25.444,537.0,750.0,365.0,1040.0,-0.351,-0.1046,-0.2618,-0.215,1,0,0,0,0,0,0,0,1,197.0,33.0,197.0,164.0,SAFE_STOP,倒车完成（前头红外无值）,0,0,1
25.464,537.0,750.0,365.0,1040.0,-0.351,-0.1046,-0.2591,-0.215,1,0,0,0,0,0,0,0,1,197.0,33.0,197.0,164.0,SAFE_STOP,倒车完成（前头红外无值）,0,0,1
25.484,537.0,749.0,364.0,1041.0,-0.351,-0.1046,-0.2591,-0.215,1,0,0,0,0,0,0,0,1,117.0,20.0,117.0,97.0,SAFE_STOP,倒车完成（前头红外无值）,0,0,1
25.504,538.0,750.0,364.0,1041.0,-0.351,-0.1046,-0.2618,-0.2129,1,0,0,0,0,0,0,0,1,183.0,20.0,183.0,163.0,SAFE_STOP,倒车完成（前头红外无值）,0,0,1
25.524,537.0,749.0,364.0,1041.0,-0.351,-0.1068,-0.2618,-0.2129,1,0,0,0,0,0,0,0,1,233.0,20.0,233.0,213.0,SAFE_STOP,倒车完成（前头红外无值）,0,0,1
25.544,536.0,747.0,363.0,1039.0,-0.351,-0.1068,-0.2618,-0.2129,1,0,0,0,0,0,0,0,1,544.0,21.0,544.0,523.0,SAFE_STOP,倒车完成（前头红外无值）,0,0,1
25.564,537.0,749.0,364.0,1042.0,-0.351,-0.1068,-0.2618,-0.2129,1,0,0,0,0,0,0,0,1,199.0,20.0,199.0,179.0,SAFE_STOP,倒车完成（前头红外无值）,0,0,1
25.585,537.0,750.0,365.0,1042.0,-0.351,-0.1068,-0.2618,-0.2109,1,0,0,0,0,0,0,0,1,183.0,21.0,183.0,162.0,SAFE_STOP,倒车完成（前头红外无值）,0,0,1
25.605,537.0,749.0,364.0,1040.0,-0.351,-0.1068,-0.2618,-0.2109,1,0,0,0,0,0,0,0,1,231.0,20.0,231.0,211.0,SAFE_STOP,倒车完成（前头红外无值）,0,0,1
25.625,537.0,750.0,364.0,1042.0,-0.351,-0.1046,-0.2618,-0.2109,1,0,0,0,0,0,0,0,1,51.0,21.0,51.0,30.0,SAFE_STOP,倒车完成（前头红外无值）,0,0,1
25.645,537.0,750.0,365.0,1042.0,-0.351,-0.1046,-0.2618,-0.2109,1,0,0,0,0,0,0,0,1,16.0,21.0,21.0,-5.0,SAFE_STOP,倒车完成（前头红外无值）,0,0,1
25.665,537.0,748.0,364.0,1041.0,-0.351,-0.1046,-0.2618,-0.2109,1,0,0,0,0,0,0,0,1,200.0,20.0,200.0,180.0,SAFE_STOP,倒车完成（前头红外无值）,0,0,1
25.685,538.0,750.0,364.0,1041.0,-0.351,-0.1046,-0.2618,-0.2129,1,0,0,0,0,0,0,0,1,397.0,20.0,397.0,377.0,SAFE_STOP,倒车完成（前头红外无值）,0,0,1
25.706,538.0,750.0,364.0,1041.0,-0.3483,-0.1046,-0.2618,-0.2129,1,0,0,0,0,0,0,0,1,559.0,21.0,559.0,538.0,SAFE_STOP,倒车完成（前头红外无值）,0,0,1
25.726,537.0,750.0,364.0,1041.0,-0.3483,-0.1046,-0.2618,-0.2129,1,0,0,0,0,0,0,0,1,250.0,21.0,250.0,229.0,SAFE_STOP,倒车完成（前头红外无值）,0,0,1
25.746,537.0,750.0,364.0,1042.0,-0.351,-0.1046,-0.2618,-0.2129,1,0,0,0,0,0,0,0,1,250.0,21.0,250.0,229.0,SAFE_STOP,倒车完成（前头红外无值）,0,0,1
25.766,538.0,749.0,364.0,1041.0,-0.351,-0.1046,-0.2618,-0.2129,1,0,0,0,0,0,0,0,1,100.0,32.0,100.0,68.0,SAFE_STOP,倒车完成（前头红外无值）,0,0,1
25.786,537.0,748.0,364.0,1040.0,-0.351,-0.1068,-0.2618,-0.2129,1,0,0,0,0,0,0,0,1,33.0,28.0,33.0,5.0,SAFE_STOP,倒车完成（前头红外无值）,0,0,1
25.806,537.0,750.0,364.0,1042.0,-0.351,-0.1068,-0.2618,-0.2129,1,0,0,0,0,0,0,0,1,183.0,21.0,183.0,162.0,SAFE_STOP,倒车完成（前头红外无值）,0,0,1
25.826,538.0,750.0,364.0,1042.0,-0.351,-0.1046,-0.2618,-0.2109,1,0,0,0,0,0,0,0,1,362.0,21.0,362.0,341.0,SAFE_STOP,倒车完成（前头红外无值）,0,0,1
25.846,538.0,750.0,364.0,1042.0,-0.3483,-0.1046,-0.2618,-0.2109,1,0,0,0,0,0,0,0,1,362.0,21.0,362.0,341.0,SAFE_STOP,倒车完成（前头红外无值）,0,0,1
25.867,537.0,748.0,362.0,1039.0,-0.3483,-0.1046,-0.2618,-0.2109,1,0,0,0,0,0,0,0,1,299.0,22.0,299.0,277.0,SAFE_STOP,倒车完成（前头红外无值）,0,0,1
25.887,538.0,750.0,364.0,1041.0,-0.3483,-0.1046,-0.2618,-0.2129,1,0,0,0,0,0,0,0,1,200.0,20.0,200.0,180.0,SAFE_STOP,倒车完成（前头红外无值）,0,0,1
25.907,538.0,749.0,364.0,1042.0,-0.3483,-0.1068,-0.2618,-0.2129,1,0,0,0,0,0,0,0,1,199.0,20.0,199.0,179.0,SAFE_STOP,倒车完成（前头红外无值）,0,0,1
25.927,538.0,749.0,364.0,1042.0,-0.3483,-0.1068,-0.2618,-0.2109,1,0,0,0,0,0,0,0,1,201.0,20.0,201.0,181.0,SAFE_STOP,倒车完成（前头红外无值）,0,0,1
25.947,537.0,749.0,363.0,1041.0,-0.3483,-0.1068,-0.2618,-0.2109,1,0,0,0,0,0,0,0,1,233.0,21.0,233.0,212.0,SAFE_STOP,倒车完成（前头红外无值）,0,0,1
25.967,537.0,750.0,364.0,1041.0,-0.351,-0.1068,-0.2618,-0.2129,1,0,0,0,0,0,0,0,1,249.0,20.0,249.0,229.0,SAFE_STOP,倒车完成（前头红外无值）,0,0,1
25.987,538.0,749.0,363.0,1041.0,-0.351,-0.1068,-0.2646,-0.2129,1,0,0,0,0,0,0,0,1,190.0,20.0,190.0,170.0,SAFE_STOP,倒车完成（前头红外无值）,0,0,1
26.007,537.0,750.0,365.0,1042.0,-0.351,-0.1046,-0.2618,-0.2129,1,0,0,0,0,0,0,0,1,84.0,20.0,84.0,64.0,SAFE_STOP,倒车完成（前头红外无值）,0,0,1
26.027,536.0,750.0,364.0,1042.0,-0.351,-0.1046,-0.2618,-0.2109,1,0,0,0,0,0,0,0,1,200.0,21.0,200.0,179.0,SAFE_STOP,倒车完成（前头红外无值）,0,0,1
26.048,537.0,748.0,364.0,1040.0,-0.351,-0.1046,-0.2618,-0.2109,1,0,0,0,0,0,0,0,1,59.0,21.0,59.0,38.0,SAFE_STOP,倒车完成（前头红外无值）,0,0,1
26.068,538.0,750.0,364.0,1042.0,-0.351,-0.1046,-0.2618,-0.2109,1,0,0,0,0,0,0,0,1,233.0,21.0,233.0,212.0,SAFE_STOP,倒车完成（前头红外无值）,0,0,1
26.088,537.0,750.0,363.0,1042.0,-0.351,-0.1046,-0.2618,-0.2109,1,0,0,0,0,0,0,0,1,233.0,20.0,233.0,213.0,SAFE_STOP,倒车完成（前头红外无值）,0,0,1
26.108,537.0,749.0,364.0,1041.0,-0.351,-0.1046,-0.2618,-0.2109,1,0,0,0,0,0,0,0,1,509.0,21.0,509.0,488.0,SAFE_STOP,倒车完成（前头红外无值）,0,0,1
26.128,538.0,750.0,364.0,1041.0,-0.351,-0.1046,-0.2618,-0.2129,1,0,0,0,0,0,0,0,1,165.0,22.0,165.0,143.0,SAFE_STOP,倒车完成（前头红外无值）,0,0,1
26.148,538.0,750.0,364.0,1041.0,-0.3483,-0.1046,-0.2618,-0.2129,1,0,0,0,0,0,0,0,1,134.0,20.0,134.0,114.0,SAFE_STOP,倒车完成（前头红外无值）,0,0,1
26.168,537.0,749.0,364.0,1041.0,-0.3483,-0.1046,-0.2618,-0.2129,1,0,0,0,0,0,0,0,1,250.0,20.0,250.0,230.0,SAFE_STOP,倒车完成（前头红外无值）,0,0,1
26.188,537.0,749.0,364.0,1041.0,-0.351,-0.1068,-0.2618,-0.2129,1,0,0,0,0,0,0,0,1,34.0,21.0,34.0,13.0,SAFE_STOP,倒车完成（前头红外无值）,0,0,1
26.209,537.0,750.0,364.0,1041.0,-0.351,-0.1068,-0.2618,-0.2129,1,0,0,0,0,0,0,0,1,42.0,31.0,42.0,11.0,SAFE_STOP,倒车完成（前头红外无值）,0,0,1
26.229,538.0,750.0,363.0,1041.0,-0.351,-0.1046,-0.2618,-0.2129,1,0,0,0,0,0,0,0,1,200.0,20.0,200.0,180.0,SAFE_STOP,倒车完成（前头红外无值）,0,0,1
26.249,538.0,750.0,363.0,1041.0,-0.3483,-0.1046,-0.2646,-0.2129,1,0,0,0,0,0,0,0,1,200.0,20.0,200.0,180.0,SAFE_STOP,倒车完成（前头红外无值）,0,0,1
26.269,537.0,750.0,364.0,1042.0,-0.3483,-0.1046,-0.2646,-0.2129,1,0,0,0,0,0,0,0,1,527.0,21.0,527.0,506.0,SAFE_STOP,倒车完成（前头红外无值）,0,0,1
26.289,536.0,749.0,363.0,1040.0,-0.351,-0.1046,-0.2646,-0.2129,1,0,0,0,0,0,0,0,1,200.0,22.0,200.0,178.0,SAFE_STOP,倒车完成（前头红外无值）,0,0,1
26.309,536.0,748.0,363.0,1040.0,-0.3537,-0.1068,-0.2646,-0.215,1,0,0,0,0,0,0,0,1,234.0,21.0,234.0,213.0,SAFE_STOP,倒车完成（前头红外无值）,0,0,1
26.329,538.0,751.0,364.0,1042.0,-0.3537,-0.1068,-0.2646,-0.215,1,0,0,0,0,0,0,0,1,233.0,20.0,233.0,213.0,SAFE_STOP,倒车完成（前头红外无值）,0,0,1
26.349,538.0,749.0,364.0,1041.0,-0.3483,-0.1068,-0.2618,-0.2129,1,0,0,0,0,0,0,0,1,166.0,21.0,166.0,145.0,SAFE_STOP,倒车完成（前头红外无值）,0,0,1
26.37,537.0,749.0,364.0,1040.0,-0.3483,-0.1068,-0.2618,-0.2129,1,0,0,0,0,0,0,0,1,201.0,21.0,201.0,180.0,SAFE_STOP,倒车完成（前头红外无值）,0,0,1
26.39,537.0,749.0,365.0,1041.0,-0.351,-0.1068,-0.2618,-0.2129,1,0,0,0,0,0,0,0,1,200.0,21.0,200.0,179.0,SAFE_STOP,倒车完成（前头红外无值）,0,0,1
26.41,537.0,749.0,364.0,1042.0,-0.351,-0.1068,-0.2618,-0.2129,1,0,0,0,0,0,0,0,1,248.0,21.0,248.0,227.0,SAFE_STOP,倒车完成（前头红外无值）,0,0,1
26.43,537.0,749.0,364.0,1041.0,-0.351,-0.1068,-0.2618,-0.2129,1,0,0,0,0,0,0,0,1,233.0,20.0,233.0,213.0,SAFE_STOP,倒车完成（前头红外无值）,0,0,1
26.45,538.0,750.0,365.0,1042.0,-0.351,-0.1068,-0.2618,-0.2109,1,0,0,0,0,0,0,0,1,183.0,30.0,183.0,153.0,SAFE_STOP,倒车完成（前头红外无值）,0,0,1
26.47,538.0,750.0,364.0,1042.0,-0.3483,-0.1046,-0.2618,-0.2109,1,0,0,0,0,0,0,0,1,297.0,21.0,297.0,276.0,SAFE_STOP,倒车完成（前头红外无值）,0,0,1
26.49,537.0,748.0,364.0,1040.0,-0.3483,-0.1046,-0.2618,-0.2109,1,0,0,0,0,0,0,0,1,199.0,21.0,199.0,178.0,SAFE_STOP,倒车完成（前头红外无值）,0,0,1
26.51,538.0,750.0,364.0,1041.0,-0.3483,-0.1046,-0.2618,-0.2129,1,0,0,0,0,0,0,0,1,249.0,21.0,249.0,228.0,SAFE_STOP,倒车完成（前头红外无值）,0,0,1
26.53,538.0,749.0,364.0,1042.0,-0.3483,-0.1068,-0.2618,-0.2129,1,0,0,0,0,0,0,0,1,280.0,20.0,280.0,260.0,SAFE_STOP,倒车完成（前头红外无值）,0,0,1
26.551,537.0,750.0,364.0,1042.0,-0.3483,-0.1046,-0.2618,-0.2109,1,0,0,0,0,0,0,0,1,149.0,21.0,149.0,128.0,SAFE_STOP,倒车完成（前头红外无值）,0,0,1
26.571,537.0,749.0,364.0,1040.0,-0.351,-0.1068,-0.2618,-0.2109,1,0,0,0,0,0,0,0,1,17.0,20.0,20.0,-3.0,SAFE_STOP,倒车完成（前头红外无值）,0,0,1
26.591,537.0,750.0,365.0,1041.0,-0.351,-0.1046,-0.2618,-0.2129,1,0,0,0,0,0,0,0,1,199.0,22.0,199.0,177.0,SAFE_STOP,倒车完成（前头红外无值）,0,0,1
26.611,536.0,748.0,364.0,1040.0,-0.351,-0.1068,-0.2618,-0.215,1,0,0,0,0,0,0,0,1,200.0,32.0,200.0,168.0,SAFE_STOP,倒车完成（前头红外无值）,0,0,1
26.631,536.0,748.0,364.0,1040.0,-0.3537,-0.1089,-0.2618,-0.215,1,0,0,0,0,0,0,0,1,200.0,32.0,200.0,168.0,SAFE_STOP,倒车完成（前头红外无值）,0,0,1
26.651,536.0,748.0,364.0,1039.0,-0.3537,-0.1089,-0.2618,-0.215,1,0,0,0,0,0,0,0,1,250.0,34.0,250.0,216.0,SAFE_STOP,倒车完成（前头红外无值）,0,0,1
26.671,536.0,749.0,364.0,1040.0,-0.3537,-0.1089,-0.2618,-0.215,1,0,0,0,0,0,0,0,1,232.0,21.0,232.0,211.0,SAFE_STOP,倒车完成（前头红外无值）,0,0,1
26.692,538.0,749.0,364.0,1042.0,-0.3537,-0.1068,-0.2618,-0.215,1,0,0,0,0,0,0,0,1,411.0,20.0,411.0,391.0,SAFE_STOP,倒车完成（前头红外无值）,0,0,1
26.712,537.0,749.0,364.0,1040.0,-0.351,-0.1068,-0.2618,-0.215,1,0,0,0,0,0,0,0,1,199.0,20.0,199.0,179.0,SAFE_STOP,倒车完成（前头红外无值）,0,0,1
26.732,537.0,748.0,363.0,1039.0,-0.351,-0.1068,-0.2618,-0.215,1,0,0,0,0,0,0,0,1,135.0,21.0,135.0,114.0,SAFE_STOP,倒车完成（前头红外无值）,0,0,1
26.752,537.0,749.0,364.0,1041.0,-0.351,-0.1068,-0.2618,-0.215,1,0,0,0,0,0,0,0,1,250.0,20.0,250.0,230.0,SAFE_STOP,倒车完成（前头红外无值）,0,0,1
26.772,537.0,749.0,365.0,1041.0,-0.351,-0.1068,-0.2618,-0.2129,1,0,0,0,0,0,0,0,1,68.0,20.0,68.0,48.0,SAFE_STOP,倒车完成（前头红外无值）,0,0,1
26.792,538.0,750.0,364.0,1042.0,-0.351,-0.1068,-0.2618,-0.2129,1,0,0,0,0,0,0,0,1,233.0,20.0,233.0,213.0,SAFE_STOP,倒车完成（前头红外无值）,0,0,1
26.812,537.0,749.0,364.0,1041.0,-0.351,-0.1068,-0.2618,-0.2129,1,0,0,0,0,0,0,0,1,200.0,20.0,200.0,180.0,SAFE_STOP,倒车完成（前头红外无值）,0,0,1
26.833,537.0,748.0,363.0,1040.0,-0.351,-0.1068,-0.2618,-0.2129,1,0,0,0,0,0,0,0,1,250.0,25.0,250.0,225.0,SAFE_STOP,倒车完成（前头红外无值）,0,0,1
26.853,537.0,749.0,364.0,1040.0,-0.351,-0.1068,-0.2618,-0.215,1,0,0,0,0,0,0,0,1,199.0,21.0,199.0,178.0,SAFE_STOP,倒车完成（前头红外无值）,0,0,1
26.873,537.0,749.0,364.0,1040.0,-0.351,-0.1068,-0.2618,-0.215,1,0,0,0,0,0,0,0,1,250.0,21.0,250.0,229.0,SAFE_STOP,倒车完成（前头红外无值）,0,0,1
26.893,537.0,749.0,364.0,1041.0,-0.351,-0.1068,-0.2618,-0.215,1,0,0,0,0,0,0,0,1,330.0,20.0,330.0,310.0,SAFE_STOP,倒车完成（前头红外无值）,0,0,1
26.913,537.0,749.0,364.0,1040.0,-0.351,-0.1068,-0.2618,-0.215,1,0,0,0,0,0,0,0,1,174.0,20.0,174.0,154.0,SAFE_STOP,倒车完成（前头红外无值）,0,0,1
26.933,537.0,749.0,364.0,1040.0,-0.351,-0.1068,-0.2618,-0.215,1,0,0,0,0,0,0,0,1,207.0,21.0,207.0,186.0,SAFE_STOP,倒车完成（前头红外无值）,0,0,1
26.953,537.0,749.0,365.0,1042.0,-0.351,-0.1068,-0.2618,-0.215,1,0,0,0,0,0,0,0,1,200.0,21.0,200.0,179.0,SAFE_STOP,倒车完成（前头红外无值）,0,0,1
26.973,538.0,750.0,365.0,1042.0,-0.351,-0.1068,-0.2591,-0.2109,1,0,0,0,0,0,0,0,1,183.0,20.0,183.0,163.0,SAFE_STOP,倒车完成（前头红外无值）,0,0,1
26.994,537.0,750.0,365.0,1042.0,-0.351,-0.1046,-0.2591,-0.2109,1,0,0,0,0,0,0,0,1,232.0,21.0,232.0,211.0,SAFE_STOP,倒车完成（前头红外无值）,0,0,1
27.014,537.0,748.0,364.0,1040.0,-0.351,-0.1046,-0.2591,-0.2109,1,0,0,0,0,0,0,0,1,168.0,21.0,168.0,147.0,SAFE_STOP,倒车完成（前头红外无值）,0,0,1
27.034,537.0,749.0,363.0,1041.0,-0.351,-0.1068,-0.2618,-0.2129,1,0,0,0,0,0,0,0,1,460.0,21.0,460.0,439.0,SAFE_STOP,倒车完成（前头红外无值）,0,0,1
27.054,537.0,749.0,363.0,1041.0,-0.351,-0.1068,-0.2646,-0.2129,1,0,0,0,0,0,0,0,1,460.0,21.0,460.0,439.0,SAFE_STOP,倒车完成（前头红外无值）,0,0,1
27.074,536.0,748.0,364.0,1040.0,-0.351,-0.1068,-0.2646,-0.2129,1,0,0,0,0,0,0,0,1,207.0,20.0,207.0,187.0,SAFE_STOP,倒车完成（前头红外无值）,0,0,1
27.094,536.0,748.0,363.0,1038.0,-0.3537,-0.1089,-0.2646,-0.215,1,0,0,0,0,0,0,0,1,266.0,21.0,266.0,245.0,SAFE_STOP,倒车完成（前头红外无值）,0,0,1
27.114,538.0,750.0,365.0,1040.0,-0.3537,-0.1089,-0.2618,-0.215,1,0,0,0,0,0,0,0,1,395.0,20.0,395.0,375.0,SAFE_STOP,倒车完成（前头红外无值）,0,0,1
27.134,538.0,750.0,364.0,1042.0,-0.3483,-0.1046,-0.2618,-0.215,1,0,0,0,0,0,0,0,1,101.0,20.0,101.0,81.0,SAFE_STOP,倒车完成（前头红外无值）,0,0,1
27.155,537.0,749.0,364.0,1041.0,-0.3483,-0.1046,-0.2618,-0.2129,1,0,0,0,0,0,0,0,1,182.0,20.0,182.0,162.0,SAFE_STOP,倒车完成（前头红外无值）,0,0,1
27.175,538.0,750.0,364.0,1042.0,-0.3483,-0.1046,-0.2618,-0.2109,1,0,0,0,0,0,0,0,1,199.0,21.0,199.0,178.0,SAFE_STOP,倒车完成（前头红外无值）,0,0,1
27.195,537.0,749.0,364.0,1040.0,-0.351,-0.1068,-0.2618,-0.2129,1,0,0,0,0,0,0,0,1,347.0,21.0,347.0,326.0,SAFE_STOP,倒车完成（前头红外无值）,0,0,1
27.215,537.0,749.0,364.0,1041.0,-0.351,-0.1068,-0.2618,-0.2129,1,0,0,0,0,0,0,0,1,257.0,28.0,257.0,229.0,SAFE_STOP,倒车完成（前头红外无值）,0,0,1
27.235,536.0,749.0,363.0,1040.0,-0.351,-0.1068,-0.2618,-0.215,1,0,0,0,0,0,0,0,1,232.0,34.0,232.0,198.0,SAFE_STOP,倒车完成（前头红外无值）,0,0,1
27.255,537.0,750.0,364.0,1041.0,-0.351,-0.1068,-0.2618,-0.2129,1,0,0,0,0,0,0,0,1,184.0,21.0,184.0,163.0,SAFE_STOP,倒车完成（前头红外无值）,0,0,1
27.275,536.0,749.0,363.0,1040.0,-0.3537,-0.1068,-0.2646,-0.215,1,0,0,0,0,0,0,0,1,183.0,20.0,183.0,163.0,SAFE_STOP,倒车完成（前头红外无值）,0,0,1
27.295,538.0,750.0,365.0,1043.0,-0.351,-0.1046,-0.2618,-0.2129,1,0,0,0,0,0,0,0,1,199.0,20.0,199.0,179.0,SAFE_STOP,倒车完成（前头红外无值）,0,0,1
27.316,537.0,749.0,364.0,1040.0,-0.351,-0.1068,-0.2618,-0.215,1,0,0,0,0,0,0,0,1,249.0,20.0,249.0,229.0,SAFE_STOP,倒车完成（前头红外无值）,0,0,1
27.337,536.0,748.0,363.0,1040.0,-0.351,-0.1068,-0.2618,-0.215,1,0,0,0,0,0,0,0,1,233.0,21.0,233.0,212.0,SAFE_STOP,倒车完成（前头红外无值）,0,0,1
27.357,536.0,750.0,364.0,1040.0,-0.3537,-0.1068,-0.2618,-0.215,1,0,0,0,0,0,0,0,1,241.0,20.0,241.0,221.0,SAFE_STOP,倒车完成（前头红外无值）,0,0,1
27.377,537.0,748.0,363.0,1040.0,-0.3537,-0.1089,-0.2646,-0.215,1,0,0,0,0,0,0,0,1,201.0,21.0,201.0,180.0,SAFE_STOP,倒车完成（前头红外无值）,0,0,1
27.397,537.0,748.0,363.0,1040.0,-0.351,-0.1089,-0.2646,-0.215,1,0,0,0,0,0,0,0,1,104.0,21.0,104.0,83.0,SAFE_STOP,倒车完成（前头红外无值）,0,0,1
27.417,537.0,748.0,363.0,1040.0,-0.351,-0.1089,-0.2646,-0.215,1,0,0,0,0,0,0,0,1,104.0,21.0,104.0,83.0,SAFE_STOP,倒车完成（前头红外无值）,0,0,1
27.438,535.0,746.0,362.0,1035.0,-0.351,-0.1089,-0.2646,-0.215,1,0,0,0,0,0,0,0,1,183.0,23.0,183.0,160.0,SAFE_STOP,倒车完成（前头红外无值）,0,0,1
27.458,536.0,747.0,363.0,1038.0,-0.3537,-0.1111,-0.2646,-0.2192,1,0,0,0,0,0,0,0,1,234.0,21.0,234.0,213.0,SAFE_STOP,倒车完成（前头红外无值）,0,0,1
27.478,535.0,745.0,362.0,1036.0,-0.3565,-0.1133,-0.2674,-0.2234,1,0,0,0,0,0,0,0,1,349.0,24.0,349.0,325.0,SAFE_STOP,倒车完成（前头红外无值）,0,0,1
27.498,534.0,745.0,362.0,1036.0,-0.3565,-0.1155,-0.2674,-0.2234,1,0,0,0,0,0,0,0,1,169.0,22.0,169.0,147.0,SAFE_STOP,倒车完成（前头红外无值）,0,0,1
27.518,536.0,747.0,363.0,1038.0,-0.3565,-0.1155,-0.2674,-0.2234,1,0,0,0,0,0,0,0,1,200.0,22.0,200.0,178.0,SAFE_STOP,倒车完成（前头红外无值）,0,0,1
27.538,535.0,747.0,363.0,1038.0,-0.3565,-0.1111,-0.2646,-0.2192,1,0,0,0,0,0,0,0,1,201.0,21.0,201.0,180.0,SAFE_STOP,倒车完成（前头红外无值）,0,0,1
27.558,535.0,747.0,362.0,1037.0,-0.3565,-0.1111,-0.2646,-0.2192,1,0,0,0,0,0,0,0,1,36.0,22.0,36.0,14.0,SAFE_STOP,倒车完成（前头红外无值）,0,0,1
27.578,536.0,747.0,363.0,1038.0,-0.3565,-0.1111,-0.2646,-0.2192,1,0,0,0,0,0,0,0,1,233.0,22.0,233.0,211.0,SAFE_STOP,倒车完成（前头红外无值）,0,0,1
27.599,535.0,747.0,362.0,1037.0,-0.3565,-0.1111,-0.2674,-0.2213,1,0,0,0,0,0,0,0,1,218.0,21.0,218.0,197.0,SAFE_STOP,倒车完成（前头红外无值）,0,0,1
27.619,535.0,746.0,363.0,1038.0,-0.3565,-0.1111,-0.2646,-0.2192,1,0,0,0,0,0,0,0,1,528.0,20.0,528.0,508.0,SAFE_STOP,倒车完成（前头红外无值）,0,0,1
27.639,536.0,746.0,362.0,1037.0,-0.3565,-0.1133,-0.2674,-0.2213,1,0,0,0,0,0,0,0,1,206.0,22.0,206.0,184.0,SAFE_STOP,倒车完成（前头红外无值）,0,0,1
27.659,536.0,749.0,364.0,1040.0,-0.3537,-0.1133,-0.2646,-0.2192,1,0,0,0,0,0,0,0,1,199.0,20.0,199.0,179.0,SAFE_STOP,倒车完成（前头红外无值）,0,0,1
27.679,537.0,750.0,364.0,1041.0,-0.3537,-0.1068,-0.2618,-0.215,1,0,0,0,0,0,0,0,1,233.0,21.0,233.0,212.0,SAFE_STOP,倒车完成（前头红外无值）,0,0,1
27.699,536.0,747.0,362.0,1038.0,-0.3537,-0.1068,-0.2618,-0.215,1,0,0,0,0,0,0,0,1,169.0,22.0,169.0,147.0,SAFE_STOP,倒车完成（前头红外无值）,0,0,1
27.719,536.0,747.0,362.0,1037.0,-0.3537,-0.1111,-0.2674,-0.2192,1,0,0,0,0,0,0,0,1,232.0,21.0,232.0,211.0,SAFE_STOP,倒车完成（前头红外无值）,0,0,1
27.739,536.0,747.0,363.0,1037.0,-0.3537,-0.1111,-0.2674,-0.2213,1,0,0,0,0,0,0,0,1,201.0,21.0,201.0,180.0,SAFE_STOP,倒车完成（前头红外无值）,0,0,1
27.76,536.0,746.0,363.0,1038.0,-0.3537,-0.1111,-0.2646,-0.2213,1,0,0,0,0,0,0,0,1,348.0,21.0,348.0,327.0,SAFE_STOP,倒车完成（前头红外无值）,0,0,1
27.78,535.0,746.0,362.0,1037.0,-0.3537,-0.1133,-0.2646,-0.2213,1,0,0,0,0,0,0,0,1,200.0,21.0,200.0,179.0,SAFE_STOP,倒车完成（前头红外无值）,0,0,1
27.8,534.0,745.0,363.0,1036.0,-0.3565,-0.1133,-0.2646,-0.2213,1,0,0,0,0,0,0,0,1,298.0,23.0,298.0,275.0,SAFE_STOP,倒车完成（前头红外无值）,0,0,1
27.82,536.0,748.0,364.0,1041.0,-0.3565,-0.1133,-0.2646,-0.2213,1,0,0,0,0,0,0,0,1,233.0,21.0,233.0,212.0,SAFE_STOP,倒车完成（前头红外无值）,0,0,1
27.84,535.0,747.0,362.0,1038.0,-0.3565,-0.1111,-0.2646,-0.2192,1,0,0,0,0,0,0,0,1,167.0,21.0,167.0,146.0,SAFE_STOP,倒车完成（前头红外无值）,0,0,1
27.86,535.0,746.0,362.0,1037.0,-0.3565,-0.1111,-0.2674,-0.2192,1,0,0,0,0,0,0,0,1,298.0,22.0,298.0,276.0,SAFE_STOP,倒车完成（前头红外无值）,0,0,1
27.88,537.0,749.0,364.0,1042.0,-0.3565,-0.1111,-0.2674,-0.2192,1,0,0,0,0,0,0,0,1,216.0,20.0,216.0,196.0,SAFE_STOP,倒车完成（前头红外无值）,0,0,1
27.9,537.0,749.0,364.0,1042.0,-0.351,-0.1068,-0.2618,-0.2109,1,0,0,0,0,0,0,0,1,250.0,20.0,250.0,230.0,SAFE_STOP,倒车完成（前头红外无值）,0,0,1
27.92,537.0,749.0,364.0,1042.0,-0.351,-0.1068,-0.2618,-0.2109,1,0,0,0,0,0,0,0,1,250.0,20.0,250.0,230.0,SAFE_STOP,倒车完成（前头红外无值）,0,0,1
27.94,536.0,748.0,363.0,1039.0,-0.351,-0.1068,-0.2618,-0.2109,1,0,0,0,0,0,0,0,1,234.0,22.0,234.0,212.0,SAFE_STOP,倒车完成（前头红外无值）,0,0,1
27.961,537.0,749.0,363.0,1041.0,-0.351,-0.1068,-0.2646,-0.2129,1,0,0,0,0,0,0,0,1,134.0,22.0,134.0,112.0,SAFE_STOP,倒车完成（前头红外无值）,0,0,1
27.981,537.0,749.0,364.0,1040.0,-0.351,-0.1068,-0.2646,-0.215,1,0,0,0,0,0,0,0,1,25.0,20.0,25.0,5.0,SAFE_STOP,倒车完成（前头红外无值）,0,0,1
28.001,536.0,748.0,363.0,1040.0,-0.351,-0.1068,-0.2646,-0.215,1,0,0,0,0,0,0,0,1,201.0,26.0,201.0,175.0,SAFE_STOP,倒车完成（前头红外无值）,0,0,1
28.021,537.0,749.0,364.0,1041.0,-0.351,-0.1068,-0.2618,-0.215,1,0,0,0,0,0,0,0,1,460.0,21.0,460.0,439.0,SAFE_STOP,倒车完成（前头红外无值）,0,0,1
28.041,537.0,749.0,363.0,1041.0,-0.351,-0.1068,-0.2646,-0.2129,1,0,0,0,0,0,0,0,1,248.0,22.0,248.0,226.0,SAFE_STOP,倒车完成（前头红外无值）,0,0,1
28.061,536.0,747.0,364.0,1040.0,-0.351,-0.1068,-0.2618,-0.2129,1,0,0,0,0,0,0,0,1,234.0,21.0,234.0,213.0,SAFE_STOP,倒车完成（前头红外无值）,0,0,1
28.081,537.0,750.0,364.0,1040.0,-0.351,-0.1068,-0.2618,-0.215,1,0,0,0,0,0,0,0,1,265.0,20.0,265.0,245.0,SAFE_STOP,倒车完成（前头红外无值）,0,0,1
28.101,537.0,749.0,364.0,1040.0,-0.351,-0.1068,-0.2618,-0.215,1,0,0,0,0,0,0,0,1,20.0,20.0,20.0,0.0,SAFE_STOP,倒车完成（前头红外无值）,0,0,1
28.121,537.0,749.0,365.0,1041.0,-0.351,-0.1068,-0.2618,-0.215,1,0,0,0,0,0,0,0,1,182.0,21.0,182.0,161.0,SAFE_STOP,倒车完成（前头红外无值）,0,0,1
28.141,537.0,750.0,364.0,1042.0,-0.351,-0.1068,-0.2618,-0.2129,1,0,0,0,0,0,0,0,1,249.0,21.0,249.0,228.0,SAFE_STOP,倒车完成（前头红外无值）,0,0,1
28.161,538.0,749.0,364.0,1041.0,-0.351,-0.1068,-0.2618,-0.2129,1,0,0,0,0,0,0,0,1,435.0,21.0,435.0,414.0,SAFE_STOP,倒车完成（前头红外无值）,0,0,1
28.182,537.0,749.0,364.0,1041.0,-0.351,-0.1068,-0.2618,-0.2129,1,0,0,0,0,0,0,0,1,250.0,21.0,250.0,229.0,SAFE_STOP,倒车完成（前头红外无值）,0,0,1
28.202,537.0,748.0,363.0,1040.0,-0.351,-0.1068,-0.2618,-0.2129,1,0,0,0,0,0,0,0,1,201.0,24.0,201.0,177.0,SAFE_STOP,倒车完成（前头红外无值）,0,0,1
28.222,536.0,748.0,363.0,1040.0,-0.351,-0.1089,-0.2646,-0.215,1,0,0,0,0,0,0,0,1,201.0,21.0,201.0,180.0,SAFE_STOP,倒车完成（前头红外无值）,0,0,1
28.242,537.0,749.0,364.0,1041.0,-0.351,-0.1089,-0.2646,-0.215,1,0,0,0,0,0,0,0,1,167.0,21.0,167.0,146.0,SAFE_STOP,倒车完成（前头红外无值）,0,0,1
28.262,538.0,749.0,364.0,1042.0,-0.351,-0.1068,-0.2618,-0.2129,1,0,0,0,0,0,0,0,1,249.0,21.0,249.0,228.0,SAFE_STOP,倒车完成（前头红外无值）,0,0,1
28.282,538.0,750.0,364.0,1041.0,-0.3483,-0.1068,-0.2618,-0.2129,1,0,0,0,0,0,0,0,1,233.0,21.0,233.0,212.0,SAFE_STOP,倒车完成（前头红外无值）,0,0,1
28.302,537.0,749.0,364.0,1041.0,-0.3483,-0.1068,-0.2618,-0.2129,1,0,0,0,0,0,0,0,1,183.0,21.0,183.0,162.0,SAFE_STOP,倒车完成（前头红外无值）,0,0,1
28.322,536.0,749.0,364.0,1041.0,-0.351,-0.1068,-0.2618,-0.2129,1,0,0,0,0,0,0,0,1,183.0,21.0,183.0,162.0,SAFE_STOP,倒车完成（前头红外无值）,0,0,1
28.342,537.0,749.0,364.0,1040.0,-0.351,-0.1068,-0.2618,-0.2129,1,0,0,0,0,0,0,0,1,200.0,21.0,200.0,179.0,SAFE_STOP,倒车完成（前头红外无值）,0,0,1
28.363,537.0,750.0,364.0,1041.0,-0.351,-0.1068,-0.2618,-0.2129,1,0,0,0,0,0,0,0,1,183.0,20.0,183.0,163.0,SAFE_STOP,倒车完成（前头红外无值）,0,0,1
28.383,537.0,749.0,364.0,1040.0,-0.351,-0.1068,-0.2618,-0.215,1,0,0,0,0,0,0,0,1,234.0,33.0,234.0,201.0,SAFE_STOP,倒车完成（前头红外无值）,0,0,1
28.403,537.0,750.0,364.0,1042.0,-0.351,-0.1046,-0.2618,-0.2129,1,0,0,0,0,0,0,0,1,508.0,20.0,508.0,488.0,SAFE_STOP,倒车完成（前头红外无值）,0,0,1
28.423,537.0,750.0,364.0,1042.0,-0.351,-0.1046,-0.2618,-0.2109,1,0,0,0,0,0,0,0,1,508.0,20.0,508.0,488.0,SAFE_STOP,倒车完成（前头红外无值）,0,0,1
28.443,537.0,749.0,363.0,1041.0,-0.351,-0.1046,-0.2618,-0.2109,1,0,0,0,0,0,0,0,1,330.0,20.0,330.0,310.0,SAFE_STOP,倒车完成（前头红外无值）,0,0,1
28.463,536.0,749.0,364.0,1040.0,-0.351,-0.1068,-0.2618,-0.2129,1,0,0,0,0,0,0,0,1,200.0,21.0,200.0,179.0,SAFE_STOP,倒车完成（前头红外无值）,0,0,1
28.483,536.0,749.0,363.0,1040.0,-0.3537,-0.1068,-0.2646,-0.215,1,0,0,0,0,0,0,0,1,217.0,22.0,217.0,195.0,SAFE_STOP,倒车完成（前头红外无值）,0,0,1
28.503,537.0,749.0,364.0,1040.0,-0.3537,-0.1068,-0.2618,-0.215,1,0,0,0,0,0,0,0,1,234.0,21.0,234.0,213.0,SAFE_STOP,倒车完成（前头红外无值）,0,0,1
28.524,537.0,749.0,364.0,1040.0,-0.351,-0.1068,-0.2618,-0.215,1,0,0,0,0,0,0,0,1,16.0,21.0,21.0,-5.0,SAFE_STOP,倒车完成（前头红外无值）,0,0,1
28.544,537.0,749.0,364.0,1041.0,-0.351,-0.1068,-0.2618,-0.215,1,0,0,0,0,0,0,0,1,182.0,21.0,182.0,161.0,SAFE_STOP,倒车完成（前头红外无值）,0,0,1
28.564,537.0,749.0,364.0,1040.0,-0.351,-0.1068,-0.2618,-0.215,1,0,0,0,0,0,0,0,1,379.0,20.0,379.0,359.0,SAFE_STOP,倒车完成（前头红外无值）,0,0,1
28.584,538.0,750.0,364.0,1042.0,-0.351,-0.1068,-0.2618,-0.2129,1,0,0,0,0,0,0,0,1,560.0,21.0,560.0,539.0,SAFE_STOP,倒车完成（前头红外无值）,0,0,1
28.604,537.0,751.0,364.0,1041.0,-0.351,-0.1046,-0.2618,-0.2129,1,0,0,0,0,0,0,0,1,250.0,21.0,250.0,229.0,SAFE_STOP,倒车完成（前头红外无值）,0,0,1
28.624,537.0,749.0,363.0,1041.0,-0.351,-0.1046,-0.2618,-0.2129,1,0,0,0,0,0,0,0,1,297.0,20.0,297.0,277.0,SAFE_STOP,倒车完成（前头红外无值）,0,0,1
28.644,536.0,749.0,365.0,1041.0,-0.351,-0.1068,-0.2618,-0.2129,1,0,0,0,0,0,0,0,1,184.0,20.0,184.0,164.0,SAFE_STOP,倒车完成（前头红外无值）,0,0,1
28.664,537.0,750.0,365.0,1042.0,-0.351,-0.1068,-0.2591,-0.2129,1,0,0,0,0,0,0,0,1,17.0,20.0,20.0,-3.0,SAFE_STOP,倒车完成（前头红外无值）,0,0,1
28.684,536.0,748.0,363.0,1041.0,-0.3537,-0.1068,-0.2591,-0.2129,1,0,0,0,0,0,0,0,1,182.0,21.0,182.0,161.0,SAFE_STOP,倒车完成（前头红外无值）,0,0,1
28.705,537.0,750.0,364.0,1041.0,-0.351,-0.1046,-0.2618,-0.2129,1,0,0,0,0,0,0,0,1,313.0,24.0,313.0,289.0,SAFE_STOP,倒车完成（前头红外无值）,0,0,1
28.725,536.0,748.0,364.0,1040.0,-0.3537,-0.1089,-0.2618,-0.2129,1,0,0,0,0,0,0,0,1,396.0,34.0,396.0,362.0,SAFE_STOP,倒车完成（前头红外无值）,0,0,1
28.745,536.0,749.0,363.0,1040.0,-0.3537,-0.1068,-0.2618,-0.215,1,0,0,0,0,0,0,0,1,217.0,21.0,217.0,196.0,SAFE_STOP,倒车完成（前头红外无值）,0,0,1
28.765,538.0,750.0,364.0,1042.0,-0.3537,-0.1068,-0.2618,-0.215,1,0,0,0,0,0,0,0,1,183.0,21.0,183.0,162.0,SAFE_STOP,倒车完成（前头红外无值）,0,0,1
28.785,538.0,749.0,364.0,1041.0,-0.3483,-0.1068,-0.2618,-0.2129,1,0,0,0,0,0,0,0,1,199.0,20.0,199.0,179.0,SAFE_STOP,倒车完成（前头红外无值）,0,0,1
28.805,537.0,749.0,363.0,1040.0,-0.3483,-0.1068,-0.2618,-0.2129,1,0,0,0,0,0,0,0,1,217.0,21.0,217.0,196.0,SAFE_STOP,倒车完成（前头红外无值）,0,0,1
28.825,538.0,750.0,364.0,1041.0,-0.3483,-0.1068,-0.2618,-0.2129,1,0,0,0,0,0,0,0,1,234.0,22.0,234.0,212.0,SAFE_STOP,倒车完成（前头红外无值）,0,0,1
28.845,538.0,750.0,364.0,1041.0,-0.3483,-0.1046,-0.2618,-0.2129,1,0,0,0,0,0,0,0,1,234.0,22.0,234.0,212.0,SAFE_STOP,倒车完成（前头红外无值）,0,0,1
28.865,537.0,749.0,365.0,1042.0,-0.3483,-0.1046,-0.2618,-0.2129,1,0,0,0,0,0,0,0,1,215.0,21.0,215.0,194.0,SAFE_STOP,倒车完成（前头红外无值）,0,0,1
28.886,536.0,748.0,363.0,1039.0,-0.351,-0.1068,-0.2618,-0.2129,1,0,0,0,0,0,0,0,1,152.0,20.0,152.0,132.0,SAFE_STOP,倒车完成（前头红外无值）,0,0,1
28.906,537.0,749.0,364.0,1042.0,-0.351,-0.1068,-0.2618,-0.2109,1,0,0,0,0,0,0,0,1,199.0,21.0,199.0,178.0,SAFE_STOP,倒车完成（前头红外无值）,0,0,1
28.926,538.0,749.0,364.0,1041.0,-0.351,-0.1068,-0.2618,-0.2129,1,0,0,0,0,0,0,0,1,25.0,21.0,25.0,4.0,SAFE_STOP,倒车完成（前头红外无值）,0,0,1
28.946,538.0,749.0,364.0,1041.0,-0.3483,-0.1068,-0.2618,-0.2129,1,0,0,0,0,0,0,0,1,346.0,20.0,346.0,326.0,SAFE_STOP,倒车完成（前头红外无值）,0,0,1
28.966,538.0,749.0,363.0,1041.0,-0.3483,-0.1068,-0.2618,-0.2129,1,0,0,0,0,0,0,0,1,233.0,21.0,233.0,212.0,SAFE_STOP,倒车完成（前头红外无值）,0,0,1
28.986,537.0,749.0,365.0,1042.0,-0.3483,-0.1068,-0.2618,-0.2129,1,0,0,0,0,0,0,0,1,578.0,20.0,578.0,558.0,SAFE_STOP,倒车完成（前头红外无值）,0,0,1
29.006,538.0,749.0,365.0,1042.0,-0.3483,-0.1068,-0.2591,-0.2109,1,0,0,0,0,0,0,0,1,183.0,20.0,183.0,163.0,SAFE_STOP,倒车完成（前头红外无值）,0,0,1
29.026,537.0,749.0,364.0,1041.0,-0.351,-0.1068,-0.2591,-0.2109,1,0,0,0,0,0,0,0,1,167.0,20.0,167.0,147.0,SAFE_STOP,倒车完成（前头红外无值）,0,0,1
29.047,537.0,750.0,364.0,1041.0,-0.351,-0.1068,-0.2618,-0.2129,1,0,0,0,0,0,0,0,1,265.0,20.0,265.0,245.0,SAFE_STOP,倒车完成（前头红外无值）,0,0,1
29.067,538.0,749.0,364.0,1041.0,-0.351,-0.1068,-0.2618,-0.2129,1,0,0,0,0,0,0,0,1,84.0,22.0,84.0,62.0,SAFE_STOP,倒车完成（前头红外无值）,0,0,1
29.087,536.0,748.0,363.0,1040.0,-0.351,-0.1068,-0.2618,-0.2129,1,0,0,0,0,0,0,0,1,17.0,22.0,22.0,-5.0,SAFE_STOP,倒车完成（前头红外无值）,0,0,1
29.107,537.0,750.0,365.0,1042.0,-0.351,-0.1068,-0.2618,-0.2129,1,0,0,0,0,0,0,0,1,199.0,22.0,199.0,177.0,SAFE_STOP,倒车完成（前头红外无值）,0,0,1
29.127,537.0,749.0,364.0,1040.0,-0.351,-0.1068,-0.2618,-0.215,1,0,0,0,0,0,0,0,1,297.0,21.0,297.0,276.0,SAFE_STOP,倒车完成（前头红外无值）,0,0,1
29.147,536.0,748.0,363.0,1040.0,-0.351,-0.1068,-0.2618,-0.215,1,0,0,0,0,0,0,0,1,544.0,21.0,544.0,523.0,SAFE_STOP,倒车完成（前头红外无值）,0,0,1
29.167,537.0,750.0,364.0,1041.0,-0.351,-0.1068,-0.2618,-0.215,1,0,0,0,0,0,0,0,1,233.0,21.0,233.0,212.0,SAFE_STOP,倒车完成（前头红外无值）,0,0,1
29.187,537.0,750.0,364.0,1040.0,-0.351,-0.1046,-0.2618,-0.215,1,0,0,0,0,0,0,0,1,233.0,21.0,233.0,212.0,SAFE_STOP,倒车完成（前头红外无值）,0,0,1
29.208,537.0,750.0,364.0,1040.0,-0.351,-0.1046,-0.2618,-0.215,1,0,0,0,0,0,0,0,1,233.0,21.0,233.0,212.0,SAFE_STOP,倒车完成（前头红外无值）,0,0,1
29.228,536.0,748.0,364.0,1040.0,-0.351,-0.1046,-0.2618,-0.215,1,0,0,0,0,0,0,0,1,183.0,24.0,183.0,159.0,SAFE_STOP,倒车完成（前头红外无值）,0,0,1
29.248,537.0,749.0,364.0,1041.0,-0.351,-0.1068,-0.2618,-0.215,1,0,0,0,0,0,0,0,1,118.0,21.0,118.0,97.0,SAFE_STOP,倒车完成（前头红外无值）,0,0,1
29.268,537.0,749.0,364.0,1041.0,-0.351,-0.1068,-0.2618,-0.2129,1,0,0,0,0,0,0,0,1,200.0,21.0,200.0,179.0,SAFE_STOP,倒车完成（前头红外无值）,0,0,1
29.288,537.0,749.0,364.0,1040.0,-0.351,-0.1068,-0.2618,-0.2129,1,0,0,0,0,0,0,0,1,248.0,20.0,248.0,228.0,SAFE_STOP,倒车完成（前头红外无值）,0,0,1
29.308,538.0,751.0,364.0,1042.0,-0.351,-0.1068,-0.2618,-0.2129,1,0,0,0,0,0,0,0,1,217.0,21.0,217.0,196.0,SAFE_STOP,倒车完成（前头红外无值）,0,0,1
29.328,537.0,749.0,364.0,1041.0,-0.351,-0.1068,-0.2618,-0.2129,1,0,0,0,0,0,0,0,1,183.0,28.0,183.0,155.0,SAFE_STOP,倒车完成（前头红外无值）,0,0,1
29.349,538.0,749.0,364.0,1040.0,-0.3483,-0.1068,-0.2618,-0.2129,1,0,0,0,0,0,0,0,1,83.0,20.0,83.0,63.0,SAFE_STOP,倒车完成（前头红外无值）,0,0,1
29.369,538.0,750.0,365.0,1042.0,-0.3483,-0.1068,-0.2618,-0.2129,1,0,0,0,0,0,0,0,1,427.0,21.0,427.0,406.0,SAFE_STOP,倒车完成（前头红外无值）,0,0,1
29.389,537.0,749.0,364.0,1041.0,-0.3483,-0.1068,-0.2618,-0.2129,1,0,0,0,0,0,0,0,1,234.0,21.0,234.0,213.0,SAFE_STOP,倒车完成（前头红外无值）,0,0,1
29.409,537.0,749.0,363.0,1041.0,-0.351,-0.1068,-0.2618,-0.2129,1,0,0,0,0,0,0,0,1,443.0,21.0,443.0,422.0,SAFE_STOP,倒车完成（前头红外无值）,0,0,1
29.429,538.0,750.0,364.0,1042.0,-0.351,-0.1068,-0.2618,-0.2129,1,0,0,0,0,0,0,0,1,232.0,21.0,232.0,211.0,SAFE_STOP,倒车完成（前头红外无值）,0,0,1
29.449,537.0,749.0,364.0,1040.0,-0.351,-0.1068,-0.2618,-0.2129,1,0,0,0,0,0,0,0,1,33.0,21.0,33.0,12.0,SAFE_STOP,倒车完成（前头红外无值）,0,0,1
29.469,537.0,747.0,364.0,1041.0,-0.351,-0.1068,-0.2618,-0.2129,1,0,0,0,0,0,0,0,1,200.0,32.0,200.0,168.0,SAFE_STOP,倒车完成（前头红外无值）,0,0,1
29.489,537.0,749.0,364.0,1041.0,-0.351,-0.1068,-0.2618,-0.2129,1,0,0,0,0,0,0,0,1,33.0,29.0,33.0,4.0,SAFE_STOP,倒车完成（前头红外无值）,0,0,1
29.51,537.0,749.0,364.0,1041.0,-0.351,-0.1068,-0.2618,-0.2129,1,0,0,0,0,0,0,0,1,459.0,21.0,459.0,438.0,SAFE_STOP,倒车完成（前头红外无值）,0,0,1
29.53,537.0,749.0,364.0,1041.0,-0.351,-0.1068,-0.2618,-0.2129,1,0,0,0,0,0,0,0,1,233.0,20.0,233.0,213.0,SAFE_STOP,倒车完成（前头红外无值）,0,0,1
29.55,537.0,749.0,365.0,1040.0,-0.351,-0.1068,-0.2618,-0.2129,1,0,0,0,0,0,0,0,1,559.0,21.0,559.0,538.0,SAFE_STOP,倒车完成（前头红外无值）,0,0,1
29.57,537.0,748.0,364.0,1040.0,-0.351,-0.1068,-0.2618,-0.215,1,0,0,0,0,0,0,0,1,167.0,20.0,167.0,147.0,SAFE_STOP,倒车完成（前头红外无值）,0,0,1
29.59,537.0,749.0,364.0,1041.0,-0.351,-0.1068,-0.2618,-0.215,1,0,0,0,0,0,0,0,1,151.0,21.0,151.0,130.0,SAFE_STOP,倒车完成（前头红外无值）,0,0,1
29.61,538.0,750.0,365.0,1041.0,-0.351,-0.1068,-0.2618,-0.2129,1,0,0,0,0,0,0,0,1,232.0,21.0,232.0,211.0,SAFE_STOP,倒车完成（前头红外无值）,0,0,1
29.63,538.0,750.0,364.0,1041.0,-0.3483,-0.1046,-0.2618,-0.2129,1,0,0,0,0,0,0,0,1,51.0,20.0,51.0,31.0,SAFE_STOP,倒车完成（前头红外无值）,0,0,1
29.65,538.0,750.0,364.0,1041.0,-0.3483,-0.1046,-0.2618,-0.2129,1,0,0,0,0,0,0,0,1,51.0,20.0,51.0,31.0,SAFE_STOP,倒车完成（前头红外无值）,0,0,1
29.67,537.0,749.0,363.0,1040.0,-0.3483,-0.1046,-0.2618,-0.2129,1,0,0,0,0,0,0,0,1,216.0,29.0,216.0,187.0,SAFE_STOP,倒车完成（前头红外无值）,0,0,1
29.691,538.0,750.0,365.0,1042.0,-0.3483,-0.1046,-0.2618,-0.2129,1,0,0,0,0,0,0,0,1,200.0,20.0,200.0,180.0,SAFE_STOP,倒车完成（前头红外无值）,0,0,1
29.711,537.0,750.0,364.0,1041.0,-0.351,-0.1046,-0.2618,-0.2129,1,0,0,0,0,0,0,0,1,362.0,22.0,362.0,340.0,SAFE_STOP,倒车完成（前头红外无值）,0,0,1
29.731,537.0,749.0,364.0,1040.0,-0.351,-0.1046,-0.2618,-0.2129,1,0,0,0,0,0,0,0,1,199.0,21.0,199.0,178.0,SAFE_STOP,倒车完成（前头红外无值）,0,0,1
29.751,537.0,750.0,364.0,1041.0,-0.351,-0.1046,-0.2618,-0.2129,1,0,0,0,0,0,0,0,1,232.0,20.0,232.0,212.0,SAFE_STOP,倒车完成（前头红外无值）,0,0,1
29.771,538.0,749.0,364.0,1042.0,-0.351,-0.1068,-0.2618,-0.2129,1,0,0,0,0,0,0,0,1,233.0,21.0,233.0,212.0,SAFE_STOP,倒车完成（前头红外无值）,0,0,1
29.791,537.0,748.0,363.0,1040.0,-0.351,-0.1068,-0.2618,-0.2129,1,0,0,0,0,0,0,0,1,183.0,20.0,183.0,163.0,SAFE_STOP,倒车完成（前头红外无值）,0,0,1
29.811,537.0,749.0,364.0,1041.0,-0.351,-0.1068,-0.2618,-0.2129,1,0,0,0,0,0,0,0,1,200.0,20.0,200.0,180.0,SAFE_STOP,倒车完成（前头红外无值）,0,0,1
29.831,536.0,748.0,363.0,1038.0,-0.351,-0.1089,-0.2646,-0.215,1,0,0,0,0,0,0,0,1,200.0,20.0,200.0,180.0,SAFE_STOP,倒车完成（前头红外无值）,0,0,1
29.851,537.0,748.0,363.0,1040.0,-0.351,-0.1089,-0.2646,-0.215,1,0,0,0,0,0,0,0,1,199.0,20.0,199.0,179.0,SAFE_STOP,倒车完成（前头红外无值）,0,0,1
29.872,537.0,749.0,364.0,1041.0,-0.351,-0.1089,-0.2646,-0.215,1,0,0,0,0,0,0,0,1,232.0,21.0,232.0,211.0,SAFE_STOP,倒车完成（前头红外无值）,0,0,1
29.892,537.0,749.0,364.0,1042.0,-0.351,-0.1068,-0.2618,-0.2129,1,0,0,0,0,0,0,0,1,183.0,21.0,183.0,162.0,SAFE_STOP,倒车完成（前头红外无值）,0,0,1
29.912,536.0,747.0,363.0,1040.0,-0.351,-0.1068,-0.2618,-0.2129,1,0,0,0,0,0,0,0,1,445.0,22.0,445.0,423.0,SAFE_STOP,倒车完成（前头红外无值）,0,0,1
29.932,536.0,749.0,364.0,1041.0,-0.3537,-0.1068,-0.2618,-0.2129,1,0,0,0,0,0,0,0,1,198.0,22.0,198.0,176.0,SAFE_STOP,倒车完成（前头红外无值）,0,0,1
29.952,538.0,750.0,365.0,1041.0,-0.3537,-0.1068,-0.2618,-0.2129,1,0,0,0,0,0,0,0,1,250.0,21.0,250.0,229.0,SAFE_STOP,倒车完成（前头红外无值）,0,0,1
29.972,537.0,749.0,364.0,1040.0,-0.351,-0.1068,-0.2618,-0.2129,1,0,0,0,0,0,0,0,1,363.0,21.0,363.0,342.0,SAFE_STOP,倒车完成（前头红外无值）,0,0,1
29.993,538.0,750.0,365.0,1042.0,-0.3483,-0.1046,-0.2591,-0.2129,1,0,0,0,0,0,0,0,1,117.0,20.0,117.0,97.0,SAFE_STOP,倒车完成（前头红外无值）,0,0,1
30.013,538.0,749.0,364.0,1042.0,-0.3483,-0.1068,-0.2618,-0.2109,1,0,0,0,0,0,0,0,1,16.0,20.0,20.0,-4.0,SAFE_STOP,倒车完成（前头红外无值）,0,0,1
30.033,538.0,749.0,364.0,1042.0,-0.3483,-0.1068,-0.2618,-0.2109,1,0,0,0,0,0,0,0,1,16.0,20.0,20.0,-4.0,SAFE_STOP,倒车完成（前头红外无值）,0,0,1
30.053,537.0,748.0,364.0,1041.0,-0.3483,-0.1068,-0.2618,-0.2109,1,0,0,0,0,0,0,0,1,200.0,20.0,200.0,180.0,SAFE_STOP,倒车完成（前头红外无值）,0,0,1
30.074,537.0,749.0,364.0,1040.0,-0.351,-0.1068,-0.2618,-0.2129,1,0,0,0,0,0,0,0,1,216.0,21.0,216.0,195.0,SAFE_STOP,倒车完成（前头红外无值）,0,0,1
30.094,537.0,750.0,364.0,1041.0,-0.351,-0.1068,-0.2618,-0.2129,1,0,0,0,0,0,0,0,1,544.0,22.0,544.0,522.0,SAFE_STOP,倒车完成（前头红外无值）,0,0,1
30.114,537.0,750.0,364.0,1041.0,-0.351,-0.1046,-0.2618,-0.2129,1,0,0,0,0,0,0,0,1,232.0,20.0,232.0,212.0,SAFE_STOP,倒车完成（前头红外无值）,0,0,1
30.134,537.0,749.0,363.0,1040.0,-0.351,-0.1046,-0.2618,-0.2129,1,0,0,0,0,0,0,0,1,216.0,20.0,216.0,196.0,SAFE_STOP,倒车完成（前头红外无值）,0,0,1
30.154,538.0,749.0,364.0,1041.0,-0.351,-0.1068,-0.2618,-0.2129,1,0,0,0,0,0,0,0,1,183.0,20.0,183.0,163.0,SAFE_STOP,倒车完成（前头红外无值）,0,0,1
30.174,538.0,750.0,365.0,1042.0,-0.3483,-0.1068,-0.2618,-0.2129,1,0,0,0,0,0,0,0,1,100.0,20.0,100.0,80.0,SAFE_STOP,倒车完成（前头红外无值）,0,0,1
30.194,536.0,749.0,363.0,1038.0,-0.3483,-0.1068,-0.2618,-0.2129,1,0,0,0,0,0,0,0,1,251.0,21.0,251.0,230.0,SAFE_STOP,倒车完成（前头红外无值）,0,0,1
30.214,537.0,750.0,364.0,1042.0,-0.351,-0.1046,-0.2618,-0.2109,1,0,0,0,0,0,0,0,1,215.0,20.0,215.0,195.0,SAFE_STOP,倒车完成（前头红外无值）,0,0,1
30.234,537.0,750.0,365.0,1041.0,-0.351,-0.1046,-0.2618,-0.2129,1,0,0,0,0,0,0,0,1,184.0,20.0,184.0,164.0,SAFE_STOP,倒车完成（前头红外无值）,0,0,1
30.255,537.0,749.0,363.0,1040.0,-0.351,-0.1046,-0.2618,-0.2129,1,0,0,0,0,0,0,0,1,200.0,20.0,200.0,180.0,SAFE_STOP,倒车完成（前头红外无值）,0,0,1
30.275,538.0,749.0,364.0,1042.0,-0.351,-0.1068,-0.2618,-0.2129,1,0,0,0,0,0,0,0,1,132.0,20.0,132.0,112.0,SAFE_STOP,倒车完成（前头红外无值）,0,0,1
30.295,538.0,750.0,364.0,1041.0,-0.3483,-0.1068,-0.2618,-0.2129,1,0,0,0,0,0,0,0,1,272.0,21.0,272.0,251.0,SAFE_STOP,倒车完成（前头红外无值）,0,0,1
30.315,537.0,750.0,364.0,1041.0,-0.3483,-0.1046,-0.2618,-0.2129,1,0,0,0,0,0,0,0,1,250.0,21.0,250.0,229.0,SAFE_STOP,倒车完成（前头红外无值）,0,0,1
30.335,537.0,751.0,364.0,1040.0,-0.351,-0.1046,-0.2618,-0.2129,1,0,0,0,0,0,0,0,1,411.0,23.0,411.0,388.0,SAFE_STOP,倒车完成（前头红外无值）,0,0,1
30.355,536.0,749.0,364.0,1042.0,-0.351,-0.1046,-0.2618,-0.2129,1,0,0,0,0,0,0,0,1,183.0,21.0,183.0,162.0,SAFE_STOP,倒车完成（前头红外无值）,0,0,1
30.375,537.0,748.0,363.0,1040.0,-0.351,-0.1068,-0.2618,-0.215,1,0,0,0,0,0,0,0,1,151.0,21.0,151.0,130.0,SAFE_STOP,倒车完成（前头红外无值）,0,0,1
30.396,537.0,748.0,363.0,1040.0,-0.351,-0.1089,-0.2646,-0.215,1,0,0,0,0,0,0,0,1,151.0,21.0,151.0,130.0,SAFE_STOP,倒车完成（前头红外无值）,0,0,1
30.416,537.0,749.0,364.0,1042.0,-0.351,-0.1089,-0.2646,-0.215,1,0,0,0,0,0,0,0,1,200.0,22.0,200.0,178.0,SAFE_STOP,倒车完成（前头红外无值）,0,0,1
30.436,537.0,748.0,364.0,1041.0,-0.351,-0.1089,-0.2618,-0.2129,1,0,0,0,0,0,0,0,1,47.0,20.0,47.0,27.0,SAFE_STOP,倒车完成（前头红外无值）,0,0,1
30.456,537.0,749.0,364.0,1040.0,-0.351,-0.1068,-0.2618,-0.2129,1,0,0,0,0,0,0,0,1,85.0,21.0,85.0,64.0,SAFE_STOP,倒车完成（前头红外无值）,0,0,1
30.476,538.0,750.0,365.0,1042.0,-0.351,-0.1068,-0.2618,-0.2129,1,0,0,0,0,0,0,0,1,166.0,20.0,166.0,146.0,SAFE_STOP,倒车完成（前头红外无值）,0,0,1
30.496,538.0,748.0,363.0,1040.0,-0.3483,-0.1068,-0.2618,-0.215,1,0,0,0,0,0,0,0,1,477.0,25.0,477.0,452.0,SAFE_STOP,倒车完成（前头红外无值）,0,0,1
30.516,536.0,748.0,364.0,1041.0,-0.3483,-0.1089,-0.2618,-0.2129,1,0,0,0,0,0,0,0,1,200.0,31.0,200.0,169.0,SAFE_STOP,倒车完成（前头红外无值）,0,0,1
30.536,537.0,749.0,364.0,1041.0,-0.351,-0.1089,-0.2618,-0.2129,1,0,0,0,0,0,0,0,1,250.0,20.0,250.0,230.0,SAFE_STOP,倒车完成（前头红外无值）,0,0,1
30.557,538.0,750.0,365.0,1041.0,-0.351,-0.1068,-0.2618,-0.2129,1,0,0,0,0,0,0,0,1,249.0,20.0,249.0,229.0,SAFE_STOP,倒车完成（前头红外无值）,0,0,1
30.577,537.0,748.0,363.0,1040.0,-0.351,-0.1068,-0.2618,-0.2129,1,0,0,0,0,0,0,0,1,118.0,21.0,118.0,97.0,SAFE_STOP,倒车完成（前头红外无值）,0,0,1
30.597,537.0,749.0,364.0,1041.0,-0.351,-0.1068,-0.2618,-0.2129,1,0,0,0,0,0,0,0,1,17.0,21.0,21.0,-4.0,SAFE_STOP,倒车完成（前头红外无值）,0,0,1
30.617,538.0,749.0,365.0,1042.0,-0.351,-0.1068,-0.2618,-0.2129,1,0,0,0,0,0,0,0,1,200.0,21.0,200.0,179.0,SAFE_STOP,倒车完成（前头红外无值）,0,0,1
30.637,536.0,749.0,364.0,1041.0,-0.351,-0.1068,-0.2618,-0.2129,1,0,0,0,0,0,0,0,1,410.0,20.0,410.0,390.0,SAFE_STOP,倒车完成（前头红外无值）,0,0,1
30.657,538.0,750.0,364.0,1041.0,-0.3483,-0.1068,-0.2618,-0.2129,1,0,0,0,0,0,0,0,1,347.0,20.0,347.0,327.0,SAFE_STOP,倒车完成（前头红外无值）,0,0,1
30.677,537.0,749.0,365.0,1041.0,-0.351,-0.1068,-0.2618,-0.2129,1,0,0,0,0,0,0,0,1,232.0,21.0,232.0,211.0,SAFE_STOP,倒车完成（前头红外无值）,0,0,1
30.697,537.0,749.0,364.0,1039.0,-0.351,-0.1068,-0.2618,-0.2129,1,0,0,0,0,0,0,0,1,174.0,22.0,174.0,152.0,SAFE_STOP,倒车完成（前头红外无值）,0,0,1
30.718,537.0,750.0,364.0,1041.0,-0.351,-0.1068,-0.2618,-0.2129,1,0,0,0,0,0,0,0,1,200.0,20.0,200.0,180.0,SAFE_STOP,倒车完成（前头红外无值）,0,0,1
30.738,537.0,749.0,365.0,1042.0,-0.351,-0.1068,-0.2618,-0.2129,1,0,0,0,0,0,0,0,1,200.0,21.0,200.0,179.0,SAFE_STOP,倒车完成（前头红外无值）,0,0,1
30.758,536.0,747.0,363.0,1040.0,-0.351,-0.1068,-0.2618,-0.2129,1,0,0,0,0,0,0,0,1,251.0,25.0,251.0,226.0,SAFE_STOP,倒车完成（前头红外无值）,0,0,1
30.778,536.0,747.0,363.0,1040.0,-0.3537,-0.1111,-0.2646,-0.215,1,0,0,0,0,0,0,0,1,251.0,25.0,251.0,226.0,SAFE_STOP,倒车完成（前头红外无值）,0,0,1
30.798,538.0,750.0,365.0,1042.0,-0.3537,-0.1111,-0.2646,-0.215,1,0,0,0,0,0,0,0,1,199.0,20.0,199.0,179.0,SAFE_STOP,倒车完成（前头红外无值）,0,0,1
30.818,538.0,750.0,365.0,1041.0,-0.3483,-0.1046,-0.2591,-0.2129,1,0,0,0,0,0,0,0,1,69.0,21.0,69.0,48.0,SAFE_STOP,倒车完成（前头红外无值）,0,0,1
30.838,537.0,748.0,364.0,1040.0,-0.3483,-0.1046,-0.2591,-0.2129,1,0,0,0,0,0,0,0,1,200.0,20.0,200.0,180.0,SAFE_STOP,倒车完成（前头红外无值）,0,0,1
30.859,536.0,748.0,363.0,1039.0,-0.351,-0.1089,-0.2618,-0.215,1,0,0,0,0,0,0,0,1,41.0,27.0,41.0,14.0,SAFE_STOP,倒车完成（前头红外无值）,0,0,1
30.879,538.0,749.0,364.0,1042.0,-0.351,-0.1089,-0.2618,-0.215,1,0,0,0,0,0,0,0,1,544.0,21.0,544.0,523.0,SAFE_STOP,倒车完成（前头红外无值）,0,0,1
30.899,537.0,749.0,363.0,1041.0,-0.351,-0.1068,-0.2646,-0.2129,1,0,0,0,0,0,0,0,1,233.0,21.0,233.0,212.0,SAFE_STOP,倒车完成（前头红外无值）,0,0,1
30.919,536.0,749.0,364.0,1039.0,-0.351,-0.1068,-0.2618,-0.2129,1,0,0,0,0,0,0,0,1,492.0,20.0,492.0,472.0,SAFE_STOP,倒车完成（前头红外无值）,0,0,1
30.939,537.0,748.0,365.0,1040.0,-0.351,-0.1068,-0.2618,-0.215,1,0,0,0,0,0,0,0,1,232.0,20.0,232.0,212.0,SAFE_STOP,倒车完成（前头红外无值）,0,0,1
30.96,537.0,749.0,364.0,1042.0,-0.351,-0.1068,-0.2618,-0.215,1,0,0,0,0,0,0,0,1,41.0,20.0,41.0,21.0,SAFE_STOP,倒车完成（前头红外无值）,0,0,1
30.98,537.0,749.0,363.0,1040.0,-0.351,-0.1068,-0.2618,-0.215,1,0,0,0,0,0,0,0,1,200.0,20.0,200.0,180.0,SAFE_STOP,倒车完成（前头红外无值）,0,0,1
31.0,537.0,749.0,363.0,1040.0,-0.351,-0.1068,-0.2646,-0.215,1,0,0,0,0,0,0,0,1,47.0,20.0,47.0,27.0,SAFE_STOP,倒车完成（前头红外无值）,0,0,1
31.02,536.0,750.0,364.0,1041.0,-0.351,-0.1068,-0.2646,-0.215,1,0,0,0,0,0,0,0,1,183.0,21.0,183.0,162.0,SAFE_STOP,倒车完成（前头红外无值）,0,0,1
31.04,538.0,750.0,364.0,1042.0,-0.351,-0.1046,-0.2618,-0.2129,1,0,0,0,0,0,0,0,1,165.0,21.0,165.0,144.0,SAFE_STOP,倒车完成（前头红外无值）,0,0,1
31.06,538.0,750.0,364.0,1042.0,-0.3483,-0.1046,-0.2618,-0.2109,1,0,0,0,0,0,0,0,1,549.0,20.0,549.0,529.0,SAFE_STOP,倒车完成（前头红外无值）,0,0,1
31.08,537.0,750.0,364.0,1042.0,-0.3483,-0.1046,-0.2618,-0.2109,1,0,0,0,0,0,0,0,1,233.0,20.0,233.0,213.0,SAFE_STOP,倒车完成（前头红外无值）,0,0,1
31.1,537.0,749.0,364.0,1042.0,-0.351,-0.1046,-0.2618,-0.2109,1,0,0,0,0,0,0,0,1,265.0,21.0,265.0,244.0,SAFE_STOP,倒车完成（前头红外无值）,0,0,1
31.121,537.0,749.0,364.0,1042.0,-0.351,-0.1068,-0.2618,-0.2109,1,0,0,0,0,0,0,0,1,265.0,21.0,265.0,244.0,SAFE_STOP,倒车完成（前头红外无值）,0,0,1
31.141,538.0,748.0,365.0,1042.0,-0.351,-0.1068,-0.2618,-0.2109,1,0,0,0,0,0,0,0,1,232.0,20.0,232.0,212.0,SAFE_STOP,倒车完成（前头红外无值）,0,0,1
31.161,536.0,748.0,364.0,1040.0,-0.351,-0.1089,-0.2618,-0.2109,1,0,0,0,0,0,0,0,1,184.0,34.0,184.0,150.0,SAFE_STOP,倒车完成（前头红外无值）,0,0,1
31.181,538.0,749.0,363.0,1040.0,-0.3483,-0.1089,-0.2618,-0.215,1,0,0,0,0,0,0,0,1,184.0,32.0,184.0,152.0,SAFE_STOP,倒车完成（前头红外无值）,0,0,1
31.201,538.0,749.0,364.0,1042.0,-0.3483,-0.1068,-0.2618,-0.215,1,0,0,0,0,0,0,0,1,200.0,21.0,200.0,179.0,SAFE_STOP,倒车完成（前头红外无值）,0,0,1
31.221,537.0,749.0,364.0,1040.0,-0.3483,-0.1068,-0.2618,-0.215,1,0,0,0,0,0,0,0,1,207.0,21.0,207.0,186.0,SAFE_STOP,倒车完成（前头红外无值）,0,0,1
31.241,537.0,748.0,365.0,1040.0,-0.351,-0.1068,-0.2618,-0.215,1,0,0,0,0,0,0,0,1,151.0,21.0,151.0,130.0,SAFE_STOP,倒车完成（前头红外无值）,0,0,1
31.262,538.0,750.0,364.0,1042.0,-0.351,-0.1068,-0.2618,-0.215,1,0,0,0,0,0,0,0,1,233.0,20.0,233.0,213.0,SAFE_STOP,倒车完成（前头红外无值）,0,0,1
31.282,538.0,750.0,364.0,1042.0,-0.3483,-0.1046,-0.2618,-0.2109,1,0,0,0,0,0,0,0,1,280.0,21.0,280.0,259.0,SAFE_STOP,倒车完成（前头红外无值）,0,0,1
31.302,537.0,748.0,364.0,1040.0,-0.3483,-0.1046,-0.2618,-0.2109,1,0,0,0,0,0,0,0,1,412.0,21.0,412.0,391.0,SAFE_STOP,倒车完成（前头红外无值）,0,0,1
31.322,538.0,750.0,365.0,1042.0,-0.3483,-0.1046,-0.2618,-0.2109,1,0,0,0,0,0,0,0,1,200.0,21.0,200.0,179.0,SAFE_STOP,倒车完成（前头红外无值）,0,0,1
31.342,538.0,750.0,364.0,1042.0,-0.3483,-0.1046,-0.2618,-0.2109,1,0,0,0,0,0,0,0,1,248.0,21.0,248.0,227.0,SAFE_STOP,倒车完成（前头红外无值）,0,0,1
31.362,536.0,748.0,363.0,1040.0,-0.3483,-0.1046,-0.2618,-0.2109,1,0,0,0,0,0,0,0,1,166.0,21.0,166.0,145.0,SAFE_STOP,倒车完成（前头红外无值）,0,0,1
31.382,538.0,750.0,365.0,1042.0,-0.3483,-0.1046,-0.2618,-0.2109,1,0,0,0,0,0,0,0,1,17.0,21.0,21.0,-4.0,SAFE_STOP,倒车完成（前头红外无值）,0,0,1
31.402,537.0,750.0,364.0,1042.0,-0.351,-0.1046,-0.2618,-0.2109,1,0,0,0,0,0,0,0,1,199.0,21.0,199.0,178.0,SAFE_STOP,倒车完成（前头红外无值）,0,0,1
31.422,538.0,748.0,364.0,1041.0,-0.3483,-0.1046,-0.2618,-0.2109,1,0,0,0,0,0,0,0,1,219.0,20.0,219.0,199.0,SAFE_STOP,倒车完成（前头红外无值）,0,0,1
31.443,538.0,750.0,364.0,1041.0,-0.3483,-0.1046,-0.2618,-0.2129,1,0,0,0,0,0,0,0,1,560.0,21.0,560.0,539.0,SAFE_STOP,倒车完成（前头红外无值）,0,0,1
31.463,537.0,750.0,364.0,1041.0,-0.3483,-0.1046,-0.2618,-0.2129,1,0,0,0,0,0,0,0,1,233.0,21.0,233.0,212.0,SAFE_STOP,倒车完成（前头红外无值）,0,0,1
31.483,538.0,750.0,364.0,1041.0,-0.3483,-0.1046,-0.2618,-0.2129,1,0,0,0,0,0,0,0,1,527.0,21.0,527.0,506.0,SAFE_STOP,倒车完成（前头红外无值）,0,0,1
31.503,537.0,749.0,364.0,1040.0,-0.351,-0.1046,-0.2618,-0.2129,1,0,0,0,0,0,0,0,1,84.0,20.0,84.0,64.0,SAFE_STOP,倒车完成（前头红外无值）,0,0,1
31.524,537.0,749.0,364.0,1040.0,-0.351,-0.1068,-0.2618,-0.215,1,0,0,0,0,0,0,0,1,84.0,20.0,84.0,64.0,SAFE_STOP,倒车完成（前头红外无值）,0,0,1
31.544,538.0,750.0,365.0,1042.0,-0.351,-0.1068,-0.2618,-0.215,1,0,0,0,0,0,0,0,1,68.0,20.0,68.0,48.0,SAFE_STOP,倒车完成（前头红外无值）,0,0,1
31.564,537.0,748.0,364.0,1041.0,-0.351,-0.1068,-0.2618,-0.2129,1,0,0,0,0,0,0,0,1,199.0,21.0,199.0,178.0,SAFE_STOP,倒车完成（前头红外无值）,0,0,1
31.584,537.0,749.0,363.0,1040.0,-0.351,-0.1068,-0.2618,-0.2129,1,0,0,0,0,0,0,0,1,117.0,22.0,117.0,95.0,SAFE_STOP,倒车完成（前头红外无值）,0,0,1
31.604,537.0,749.0,365.0,1041.0,-0.351,-0.1068,-0.2618,-0.2129,1,0,0,0,0,0,0,0,1,428.0,21.0,428.0,407.0,SAFE_STOP,倒车完成（前头红外无值）,0,0,1
31.624,538.0,749.0,363.0,1041.0,-0.351,-0.1068,-0.2646,-0.2129,1,0,0,0,0,0,0,0,1,183.0,20.0,183.0,163.0,SAFE_STOP,倒车完成（前头红外无值）,0,0,1
31.644,537.0,748.0,364.0,1040.0,-0.351,-0.1068,-0.2618,-0.2129,1,0,0,0,0,0,0,0,1,233.0,20.0,233.0,213.0,SAFE_STOP,倒车完成（前头红外无值）,0,0,1
31.665,536.0,748.0,364.0,1040.0,-0.351,-0.1089,-0.2618,-0.215,1,0,0,0,0,0,0,0,1,200.0,26.0,200.0,174.0,SAFE_STOP,倒车完成（前头红外无值）,0,0,1
31.685,537.0,748.0,363.0,1040.0,-0.351,-0.1089,-0.2618,-0.215,1,0,0,0,0,0,0,0,1,251.0,33.0,251.0,218.0,SAFE_STOP,倒车完成（前头红外无值）,0,0,1
31.705,537.0,749.0,364.0,1041.0,-0.351,-0.1089,-0.2618,-0.215,1,0,0,0,0,0,0,0,1,232.0,21.0,232.0,211.0,SAFE_STOP,倒车完成（前头红外无值）,0,0,1
31.725,538.0,750.0,365.0,1042.0,-0.351,-0.1068,-0.2618,-0.2129,1,0,0,0,0,0,0,0,1,232.0,21.0,232.0,211.0,SAFE_STOP,倒车完成（前头红外无值）,0,0,1
31.745,537.0,748.0,364.0,1041.0,-0.351,-0.1068,-0.2618,-0.2129,1,0,0,0,0,0,0,0,1,201.0,32.0,201.0,169.0,SAFE_STOP,倒车完成（前头红外无值）,0,0,1
31.765,536.0,748.0,364.0,1039.0,-0.351,-0.1089,-0.2618,-0.2129,1,0,0,0,0,0,0,0,1,202.0,31.0,202.0,171.0,SAFE_STOP,倒车完成（前头红外无值）,0,0,1
31.785,538.0,750.0,365.0,1043.0,-0.351,-0.1089,-0.2618,-0.2129,1,0,0,0,0,0,0,0,1,83.0,21.0,83.0,62.0,SAFE_STOP,倒车完成（前头红外无值）,0,0,1
31.805,536.0,749.0,364.0,1041.0,-0.3537,-0.1068,-0.2618,-0.2129,1,0,0,0,0,0,0,0,1,134.0,20.0,134.0,114.0,SAFE_STOP,倒车完成（前头红外无值）,0,0,1
31.826,538.0,749.0,364.0,1041.0,-0.3483,-0.1068,-0.2618,-0.2129,1,0,0,0,0,0,0,0,1,233.0,20.0,233.0,213.0,SAFE_STOP,倒车完成（前头红外无值）,0,0,1
31.846,538.0,750.0,365.0,1042.0,-0.3483,-0.1068,-0.2618,-0.2129,1,0,0,0,0,0,0,0,1,558.0,20.0,558.0,538.0,SAFE_STOP,倒车完成（前头红外无值）,0,0,1
31.866,537.0,749.0,364.0,1041.0,-0.3483,-0.1068,-0.2618,-0.2129,1,0,0,0,0,0,0,0,1,206.0,21.0,206.0,185.0,SAFE_STOP,倒车完成（前头红外无值）,0,0,1
31.886,537.0,750.0,364.0,1041.0,-0.351,-0.1046,-0.2618,-0.2129,1,0,0,0,0,0,0,0,1,200.0,21.0,200.0,179.0,SAFE_STOP,倒车完成（前头红外无值）,0,0,1
31.906,537.0,750.0,364.0,1041.0,-0.351,-0.1046,-0.2618,-0.2129,1,0,0,0,0,0,0,0,1,200.0,21.0,200.0,179.0,SAFE_STOP,倒车完成（前头红外无值）,0,0,1
31.926,537.0,749.0,364.0,1040.0,-0.351,-0.1046,-0.2618,-0.2129,1,0,0,0,0,0,0,0,1,250.0,33.0,250.0,217.0,SAFE_STOP,倒车完成（前头红外无值）,0,0,1
31.946,537.0,749.0,364.0,1041.0,-0.351,-0.1068,-0.2618,-0.2129,1,0,0,0,0,0,0,0,1,25.0,20.0,25.0,5.0,SAFE_STOP,倒车完成（前头红外无值）,0,0,1
31.966,537.0,748.0,364.0,1041.0,-0.351,-0.1068,-0.2618,-0.2129,1,0,0,0,0,0,0,0,1,20.0,20.0,20.0,0.0,SAFE_STOP,倒车完成（前头红外无值）,0,0,1
31.987,538.0,749.0,364.0,1041.0,-0.351,-0.1068,-0.2618,-0.2129,1,0,0,0,0,0,0,0,1,200.0,20.0,200.0,180.0,SAFE_STOP,倒车完成（前头红外无值）,0,0,1
32.007,537.0,748.0,364.0,1041.0,-0.351,-0.1089,-0.2618,-0.2129,1,0,0,0,0,0,0,0,1,493.0,21.0,493.0,472.0,SAFE_STOP,倒车完成（前头红外无值）,0,0,1
32.027,536.0,749.0,363.0,1040.0,-0.351,-0.1068,-0.2618,-0.2129,1,0,0,0,0,0,0,0,1,217.0,21.0,217.0,196.0,SAFE_STOP,倒车完成（前头红外无值）,0,0,1
32.047,537.0,750.0,365.0,1042.0,-0.351,-0.1068,-0.2618,-0.2129,1,0,0,0,0,0,0,0,1,233.0,21.0,233.0,212.0,SAFE_STOP,倒车完成（前头红外无值）,0,0,1
32.067,538.0,749.0,364.0,1040.0,-0.351,-0.1068,-0.2618,-0.215,1,0,0,0,0,0,0,0,1,229.0,21.0,229.0,208.0,SAFE_STOP,倒车完成（前头红外无值）,0,0,1
32.087,537.0,749.0,363.0,1040.0,-0.351,-0.1068,-0.2618,-0.215,1,0,0,0,0,0,0,0,1,117.0,20.0,117.0,97.0,SAFE_STOP,倒车完成（前头红外无值）,0,0,1
32.107,537.0,749.0,364.0,1040.0,-0.351,-0.1068,-0.2618,-0.215,1,0,0,0,0,0,0,0,1,68.0,33.0,68.0,35.0,SAFE_STOP,倒车完成（前头红外无值）,0,0,1
32.127,538.0,749.0,364.0,1041.0,-0.351,-0.1068,-0.2618,-0.215,1,0,0,0,0,0,0,0,1,200.0,21.0,200.0,179.0,SAFE_STOP,倒车完成（前头红外无值）,0,0,1
32.148,536.0,748.0,363.0,1040.0,-0.351,-0.1068,-0.2618,-0.215,1,0,0,0,0,0,0,0,1,330.0,20.0,330.0,310.0,SAFE_STOP,倒车完成（前头红外无值）,0,0,1
32.168,536.0,748.0,363.0,1038.0,-0.3537,-0.1089,-0.2646,-0.215,1,0,0,0,0,0,0,0,1,234.0,25.0,234.0,209.0,SAFE_STOP,倒车完成（前头红外无值）,0,0,1
32.188,537.0,749.0,364.0,1041.0,-0.3537,-0.1089,-0.2646,-0.215,1,0,0,0,0,0,0,0,1,199.0,20.0,199.0,179.0,SAFE_STOP,倒车完成（前头红外无值）,0,0,1
32.208,537.0,749.0,364.0,1041.0,-0.351,-0.1068,-0.2618,-0.2129,1,0,0,0,0,0,0,0,1,172.0,21.0,172.0,151.0,SAFE_STOP,倒车完成（前头红外无值）,0,0,1
32.228,537.0,749.0,364.0,1041.0,-0.351,-0.1068,-0.2618,-0.2129,1,0,0,0,0,0,0,0,1,172.0,21.0,172.0,151.0,SAFE_STOP,倒车完成（前头红外无值）,0,0,1
32.249,537.0,749.0,364.0,1041.0,-0.351,-0.1068,-0.2618,-0.2129,1,0,0,0,0,0,0,0,1,396.0,20.0,396.0,376.0,SAFE_STOP,倒车完成（前头红外无值）,0,0,1
32.269,536.0,749.0,363.0,1040.0,-0.351,-0.1068,-0.2618,-0.2129,1,0,0,0,0,0,0,0,1,234.0,21.0,234.0,213.0,SAFE_STOP,倒车完成（前头红外无值）,0,0,1
32.289,537.0,748.0,364.0,1040.0,-0.351,-0.1068,-0.2618,-0.215,1,0,0,0,0,0,0,0,1,232.0,20.0,232.0,212.0,SAFE_STOP,倒车完成（前头红外无值）,0,0,1
32.309,537.0,749.0,365.0,1041.0,-0.351,-0.1068,-0.2618,-0.215,1,0,0,0,0,0,0,0,1,183.0,21.0,183.0,162.0,SAFE_STOP,倒车完成（前头红外无值）,0,0,1
32.329,537.0,748.0,363.0,1041.0,-0.351,-0.1089,-0.2618,-0.2129,1,0,0,0,0,0,0,0,1,25.0,21.0,25.0,4.0,SAFE_STOP,倒车完成（前头红外无值）,0,0,1
32.349,536.0,747.0,363.0,1039.0,-0.351,-0.1089,-0.2646,-0.2129,1,0,0,0,0,0,0,0,1,208.0,35.0,208.0,173.0,SAFE_STOP,倒车完成（前头红外无值）,0,0,1
32.369,535.0,746.0,362.0,1037.0,-0.3537,-0.1111,-0.2646,-0.2171,1,0,0,0,0,0,0,0,1,251.0,22.0,251.0,229.0,SAFE_STOP,倒车完成（前头红外无值）,0,0,1
32.39,536.0,747.0,364.0,1040.0,-0.3537,-0.1111,-0.2646,-0.2171,1,0,0,0,0,0,0,0,1,528.0,21.0,528.0,507.0,SAFE_STOP,倒车完成（前头红外无值）,0,0,1
32.41,537.0,749.0,364.0,1040.0,-0.3537,-0.1111,-0.2618,-0.215,1,0,0,0,0,0,0,0,1,233.0,21.0,233.0,212.0,SAFE_STOP,倒车完成（前头红外无值）,0,0,1
32.43,536.0,747.0,363.0,1038.0,-0.3537,-0.1111,-0.2618,-0.215,1,0,0,0,0,0,0,0,1,443.0,22.0,443.0,421.0,SAFE_STOP,倒车完成（前头红外无值）,0,0,1
32.45,536.0,747.0,363.0,1039.0,-0.3537,-0.1111,-0.2646,-0.2171,1,0,0,0,0,0,0,0,1,217.0,21.0,217.0,196.0,SAFE_STOP,倒车完成（前头红外无值）,0,0,1
32.47,535.0,746.0,362.0,1037.0,-0.3537,-0.1111,-0.2646,-0.2192,1,0,0,0,0,0,0,0,1,69.0,21.0,69.0,48.0,SAFE_STOP,倒车完成（前头红外无值）,0,0,1
32.49,535.0,746.0,361.0,1036.0,-0.3565,-0.1133,-0.2674,-0.2213,1,0,0,0,0,0,0,0,1,250.0,21.0,250.0,229.0,SAFE_STOP,倒车完成（前头红外无值）,0,0,1
32.51,535.0,746.0,363.0,1036.0,-0.3565,-0.1133,-0.2674,-0.2234,1,0,0,0,0,0,0,0,1,52.0,28.0,52.0,24.0,SAFE_STOP,倒车完成（前头红外无值）,0,0,1
32.53,535.0,746.0,363.0,1038.0,-0.3565,-0.1133,-0.2646,-0.2234,1,0,0,0,0,0,0,0,1,331.0,21.0,331.0,310.0,SAFE_STOP,倒车完成（前头红外无值）,0,0,1
32.55,535.0,745.0,362.0,1037.0,-0.3565,-0.1133,-0.2646,-0.2213,1,0,0,0,0,0,0,0,1,201.0,22.0,201.0,179.0,SAFE_STOP,倒车完成（前头红外无值）,0,0,1
32.571,535.0,746.0,362.0,1036.0,-0.3565,-0.1133,-0.2674,-0.2213,1,0,0,0,0,0,0,0,1,364.0,22.0,364.0,342.0,SAFE_STOP,倒车完成（前头红外无值）,0,0,1
32.591,535.0,745.0,363.0,1037.0,-0.3565,-0.1155,-0.2674,-0.2213,1,0,0,0,0,0,0,0,1,199.0,21.0,199.0,178.0,SAFE_STOP,倒车完成（前头红外无值）,0,0,1
32.611,534.0,745.0,361.0,1035.0,-0.3565,-0.1155,-0.2674,-0.2234,1,0,0,0,0,0,0,0,1,217.0,33.0,217.0,184.0,SAFE_STOP,倒车完成（前头红外无值）,0,0,1
32.632,535.0,746.0,362.0,1038.0,-0.3565,-0.1155,-0.2674,-0.2213,1,0,0,0,0,0,0,0,1,233.0,22.0,233.0,211.0,SAFE_STOP,倒车完成（前头红外无值）,0,0,1
32.652,535.0,747.0,362.0,1037.0,-0.3565,-0.1133,-0.2674,-0.2213,1,0,0,0,0,0,0,0,1,184.0,22.0,184.0,162.0,SAFE_STOP,倒车完成（前头红外无值）,0,0,1
32.672,535.0,748.0,363.0,1038.0,-0.3565,-0.1111,-0.2674,-0.2192,1,0,0,0,0,0,0,0,1,201.0,21.0,201.0,180.0,SAFE_STOP,倒车完成（前头红外无值）,0,0,1
32.692,535.0,746.0,362.0,1037.0,-0.3565,-0.1111,-0.2674,-0.2213,1,0,0,0,0,0,0,0,1,201.0,22.0,201.0,179.0,SAFE_STOP,倒车完成（前头红外无值）,0,0,1
32.713,534.0,747.0,363.0,1037.0,-0.3565,-0.1111,-0.2646,-0.2213,1,0,0,0,0,0,0,0,1,167.0,22.0,167.0,145.0,SAFE_STOP,倒车完成（前头红外无值）,0,0,1
32.733,536.0,746.0,362.0,1038.0,-0.3565,-0.1133,-0.2674,-0.2213,1,0,0,0,0,0,0,0,1,233.0,21.0,233.0,212.0,SAFE_STOP,倒车完成（前头红外无值）,0,0,1
32.753,535.0,746.0,363.0,1038.0,-0.3565,-0.1133,-0.2646,-0.2192,1,0,0,0,0,0,0,0,1,218.0,21.0,218.0,197.0,SAFE_STOP,倒车完成（前头红外无值）,0,0,1
32.773,535.0,746.0,363.0,1038.0,-0.3565,-0.1133,-0.2646,-0.2192,1,0,0,0,0,0,0,0,1,218.0,21.0,218.0,197.0,SAFE_STOP,倒车完成（前头红外无值）,0,0,1
32.793,535.0,747.0,362.0,1036.0,-0.3565,-0.1133,-0.2646,-0.2192,1,0,0,0,0,0,0,0,1,510.0,18.0,510.0,492.0,SAFE_STOP,倒车完成（前头红外无值）,0,0,1
32.813,534.0,746.0,362.0,1037.0,-0.3565,-0.1133,-0.2674,-0.2213,1,0,0,0,0,0,0,0,1,205.0,22.0,205.0,183.0,SAFE_STOP,倒车完成（前头红外无值）,0,0,1
32.833,536.0,747.0,362.0,1038.0,-0.3565,-0.1111,-0.2674,-0.2213,1,0,0,0,0,0,0,0,1,298.0,22.0,298.0,276.0,SAFE_STOP,倒车完成（前头红外无值）,0,0,1
32.853,535.0,745.0,362.0,1036.0,-0.3565,-0.1133,-0.2674,-0.2213,1,0,0,0,0,0,0,0,1,251.0,21.0,251.0,230.0,SAFE_STOP,倒车完成（前头红外无值）,0,0,1
32.873,534.0,745.0,362.0,1037.0,-0.3565,-0.1155,-0.2674,-0.2213,1,0,0,0,0,0,0,0,1,17.0,22.0,22.0,-5.0,SAFE_STOP,倒车完成（前头红外无值）,0,0,1
32.893,536.0,748.0,363.0,1040.0,-0.3565,-0.1155,-0.2674,-0.2213,1,0,0,0,0,0,0,0,1,232.0,21.0,232.0,211.0,SAFE_STOP,倒车完成（前头红外无值）,0,0,1
32.914,537.0,749.0,364.0,1040.0,-0.3537,-0.1089,-0.2646,-0.215,1,0,0,0,0,0,0,0,1,183.0,20.0,183.0,163.0,SAFE_STOP,倒车完成（前头红外无值）,0,0,1
32.934,537.0,749.0,364.0,1042.0,-0.351,-0.1068,-0.2618,-0.215,1,0,0,0,0,0,0,0,1,509.0,20.0,509.0,489.0,SAFE_STOP,倒车完成（前头红外无值）,0,0,1
32.954,538.0,749.0,364.0,1041.0,-0.351,-0.1068,-0.2618,-0.2129,1,0,0,0,0,0,0,0,1,199.0,20.0,199.0,179.0,SAFE_STOP,倒车完成（前头红外无值）,0,0,1
32.974,537.0,748.0,364.0,1041.0,-0.351,-0.1068,-0.2618,-0.2129,1,0,0,0,0,0,0,0,1,527.0,20.0,527.0,507.0,SAFE_STOP,倒车完成（前头红外无值）,0,0,1
32.994,537.0,749.0,364.0,1040.0,-0.351,-0.1068,-0.2618,-0.2129,1,0,0,0,0,0,0,0,1,231.0,21.0,231.0,210.0,SAFE_STOP,倒车完成（前头红外无值）,0,0,1
33.014,537.0,748.0,364.0,1040.0,-0.351,-0.1089,-0.2618,-0.215,1,0,0,0,0,0,0,0,1,34.0,21.0,34.0,13.0,SAFE_STOP,倒车完成（前头红外无值）,0,0,1
33.034,538.0,749.0,364.0,1041.0,-0.351,-0.1068,-0.2618,-0.215,1,0,0,0,0,0,0,0,1,199.0,20.0,199.0,179.0,SAFE_STOP,倒车完成（前头红外无值）,0,0,1
33.054,537.0,749.0,364.0,1041.0,-0.351,-0.1068,-0.2618,-0.2129,1,0,0,0,0,0,0,0,1,35.0,21.0,35.0,14.0,SAFE_STOP,倒车完成（前头红外无值）,0,0,1
33.074,538.0,750.0,364.0,1041.0,-0.3483,-0.1068,-0.2618,-0.2129,1,0,0,0,0,0,0,0,1,408.0,22.0,408.0,386.0,SAFE_STOP,倒车完成（前头红外无值）,0,0,1
33.094,537.0,749.0,365.0,1041.0,-0.351,-0.1068,-0.2618,-0.2129,1,0,0,0,0,0,0,0,1,233.0,20.0,233.0,213.0,SAFE_STOP,倒车完成（前头红外无值）,0,0,1
33.114,536.0,748.0,363.0,1039.0,-0.351,-0.1068,-0.2618,-0.2129,1,0,0,0,0,0,0,0,1,269.0,21.0,269.0,248.0,SAFE_STOP,倒车完成（前头红外无值）,0,0,1
33.135,537.0,749.0,364.0,1042.0,-0.351,-0.1068,-0.2618,-0.2129,1,0,0,0,0,0,0,0,1,174.0,21.0,174.0,153.0,SAFE_STOP,倒车完成（前头红外无值）,0,0,1
33.155,538.0,750.0,364.0,1041.0,-0.351,-0.1068,-0.2618,-0.2129,1,0,0,0,0,0,0,0,1,200.0,20.0,200.0,180.0,SAFE_STOP,倒车完成（前头红外无值）,0,0,1
33.175,538.0,749.0,364.0,1041.0,-0.3483,-0.1068,-0.2618,-0.2129,1,0,0,0,0,0,0,0,1,298.0,20.0,298.0,278.0,SAFE_STOP,倒车完成（前头红外无值）,0,0,1
33.195,536.0,749.0,365.0,1040.0,-0.3483,-0.1068,-0.2618,-0.2129,1,0,0,0,0,0,0,0,1,265.0,21.0,265.0,244.0,SAFE_STOP,倒车完成（前头红外无值）,0,0,1
33.215,536.0,748.0,363.0,1040.0,-0.3537,-0.1068,-0.2618,-0.215,1,0,0,0,0,0,0,0,1,232.0,20.0,232.0,212.0,SAFE_STOP,倒车完成（前头红外无值）,0,0,1
33.235,536.0,747.0,364.0,1038.0,-0.3537,-0.1089,-0.2618,-0.215,1,0,0,0,0,0,0,0,1,184.0,21.0,184.0,163.0,SAFE_STOP,倒车完成（前头红外无值）,0,0,1
33.255,538.0,750.0,365.0,1043.0,-0.3537,-0.1089,-0.2618,-0.215,1,0,0,0,0,0,0,0,1,98.0,20.0,98.0,78.0,SAFE_STOP,倒车完成（前头红外无值）,0,0,1
33.275,536.0,749.0,363.0,1040.0,-0.3537,-0.1068,-0.2618,-0.215,1,0,0,0,0,0,0,0,1,185.0,21.0,185.0,164.0,SAFE_STOP,倒车完成（前头红外无值）,0,0,1
33.295,539.0,750.0,364.0,1041.0,-0.3483,-0.1046,-0.2618,-0.2129,1,0,0,0,0,0,0,0,1,33.0,21.0,33.0,12.0,SAFE_STOP,倒车完成（前头红外无值）,0,0,1
33.315,537.0,749.0,365.0,1041.0,-0.351,-0.1068,-0.2618,-0.2129,1,0,0,0,0,0,0,0,1,363.0,20.0,363.0,343.0,SAFE_STOP,倒车完成（前头红外无值）,0,0,1
33.335,536.0,749.0,364.0,1040.0,-0.351,-0.1068,-0.2618,-0.2129,1,0,0,0,0,0,0,0,1,234.0,20.0,234.0,214.0,SAFE_STOP,倒车完成（前头红外无值）,0,0,1
33.355,536.0,748.0,363.0,1039.0,-0.3537,-0.1068,-0.2618,-0.215,1,0,0,0,0,0,0,0,1,528.0,21.0,528.0,507.0,SAFE_STOP,倒车完成（前头红外无值）,0,0,1
33.376,538.0,749.0,364.0,1042.0,-0.3537,-0.1068,-0.2618,-0.215,1,0,0,0,0,0,0,0,1,363.0,21.0,363.0,342.0,SAFE_STOP,倒车完成（前头红外无值）,0,0,1
33.396,537.0,749.0,363.0,1040.0,-0.351,-0.1068,-0.2646,-0.215,1,0,0,0,0,0,0,0,1,118.0,21.0,118.0,97.0,SAFE_STOP,倒车完成（前头红外无值）,0,0,1
33.416,537.0,749.0,363.0,1040.0,-0.351,-0.1068,-0.2646,-0.215,1,0,0,0,0,0,0,0,1,118.0,21.0,118.0,97.0,SAFE_STOP,倒车完成（前头红外无值）,0,0,1
33.436,536.0,747.0,362.0,1037.0,-0.351,-0.1068,-0.2646,-0.215,1,0,0,0,0,0,0,0,1,250.0,22.0,250.0,228.0,SAFE_STOP,倒车完成（前头红外无值）,0,0,1
33.456,537.0,750.0,364.0,1042.0,-0.351,-0.1068,-0.2646,-0.215,1,0,0,0,0,0,0,0,1,32.0,21.0,32.0,11.0,SAFE_STOP,倒车完成（前头红外无值）,0,0,1
33.476,537.0,748.0,363.0,1041.0,-0.351,-0.1089,-0.2646,-0.2129,1,0,0,0,0,0,0,0,1,168.0,20.0,168.0,148.0,SAFE_STOP,倒车完成（前头红外无值）,0,0,1
33.496,535.0,746.0,362.0,1037.0,-0.351,-0.1089,-0.2646,-0.2129,1,0,0,0,0,0,0,0,1,185.0,22.0,185.0,163.0,SAFE_STOP,倒车完成（前头红外无值）,0,0,1
33.516,535.0,745.0,362.0,1036.0,-0.3565,-0.1133,-0.2674,-0.2213,1,0,0,0,0,0,0,0,1,509.0,22.0,509.0,487.0,SAFE_STOP,倒车完成（前头红外无值）,0,0,1
33.536,537.0,747.0,364.0,1040.0,-0.3565,-0.1133,-0.2674,-0.2213,1,0,0,0,0,0,0,0,1,199.0,27.0,199.0,172.0,SAFE_STOP,倒车完成（前头红外无值）,0,0,1
33.557,535.0,747.0,363.0,1038.0,-0.3565,-0.1111,-0.2646,-0.2192,1,0,0,0,0,0,0,0,1,234.0,21.0,234.0,213.0,SAFE_STOP,倒车完成（前头红外无值）,0,0,1
33.577,536.0,746.0,363.0,1037.0,-0.3537,-0.1111,-0.2646,-0.2192,1,0,0,0,0,0,0,0,1,233.0,21.0,233.0,212.0,SAFE_STOP,倒车完成（前头红外无值）,0,0,1
33.597,537.0,748.0,363.0,1041.0,-0.3537,-0.1111,-0.2646,-0.2192,1,0,0,0,0,0,0,0,1,100.0,20.0,100.0,80.0,SAFE_STOP,倒车完成（前头红外无值）,0,0,1
33.617,534.0,745.0,362.0,1036.0,-0.3537,-0.1133,-0.2646,-0.2213,1,0,0,0,0,0,0,0,1,203.0,23.0,203.0,180.0,SAFE_STOP,倒车完成（前头红外无值）,0,0,1
33.637,535.0,748.0,363.0,1038.0,-0.3565,-0.1089,-0.2646,-0.2192,1,0,0,0,0,0,0,0,1,201.0,21.0,201.0,180.0,SAFE_STOP,倒车完成（前头红外无值）,0,0,1
33.657,537.0,748.0,364.0,1041.0,-0.3565,-0.1089,-0.2646,-0.2192,1,0,0,0,0,0,0,0,1,249.0,21.0,249.0,228.0,SAFE_STOP,倒车完成（前头红外无值）,0,0,1
33.677,534.0,746.0,363.0,1037.0,-0.3565,-0.1089,-0.2646,-0.2192,1,0,0,0,0,0,0,0,1,241.0,22.0,241.0,219.0,SAFE_STOP,倒车完成（前头红外无值）,0,0,1
33.697,537.0,750.0,364.0,1041.0,-0.351,-0.1089,-0.2618,-0.2129,1,0,0,0,0,0,0,0,1,183.0,20.0,183.0,163.0,SAFE_STOP,倒车完成（前头红外无值）,0,0,1
33.717,534.0,746.0,362.0,1037.0,-0.3592,-0.1133,-0.2646,-0.2213,1,0,0,0,0,0,0,0,1,348.0,22.0,348.0,326.0,SAFE_STOP,倒车完成（前头红外无值）,0,0,1
33.738,535.0,746.0,362.0,1036.0,-0.3565,-0.1133,-0.2674,-0.2213,1,0,0,0,0,0,0,0,1,201.0,22.0,201.0,179.0,SAFE_STOP,倒车完成（前头红外无值）,0,0,1
33.758,536.0,747.0,363.0,1038.0,-0.3565,-0.1133,-0.2674,-0.2213,1,0,0,0,0,0,0,0,1,428.0,21.0,428.0,407.0,SAFE_STOP,倒车完成（前头红外无值）,0,0,1
33.778,537.0,748.0,364.0,1040.0,-0.3537,-0.1111,-0.2646,-0.2192,1,0,0,0,0,0,0,0,1,250.0,21.0,250.0,229.0,SAFE_STOP,倒车完成（前头红外无值）,0,0,1
33.798,535.0,747.0,363.0,1036.0,-0.3537,-0.1111,-0.2646,-0.2192,1,0,0,0,0,0,0,0,1,85.0,21.0,85.0,64.0,SAFE_STOP,倒车完成（前头红外无值）,0,0,1
33.818,536.0,747.0,363.0,1040.0,-0.3537,-0.1111,-0.2646,-0.215,1,0,0,0,0,0,0,0,1,183.0,21.0,183.0,162.0,SAFE_STOP,倒车完成（前头红外无值）,0,0,1
33.838,535.0,746.0,362.0,1037.0,-0.3565,-0.1111,-0.2646,-0.2213,1,0,0,0,0,0,0,0,1,201.0,21.0,201.0,180.0,SAFE_STOP,倒车完成（前头红外无值）,0,0,1
33.858,534.0,747.0,362.0,1039.0,-0.3565,-0.1111,-0.2674,-0.2171,1,0,0,0,0,0,0,0,1,266.0,21.0,266.0,245.0,SAFE_STOP,倒车完成（前头红外无值）,0,0,1
33.878,537.0,749.0,364.0,1041.0,-0.3565,-0.1111,-0.2674,-0.2171,1,0,0,0,0,0,0,0,1,249.0,20.0,249.0,229.0,SAFE_STOP,倒车完成（前头红外无值）,0,0,1
33.899,538.0,749.0,364.0,1041.0,-0.351,-0.1068,-0.2618,-0.2129,1,0,0,0,0,0,0,0,1,542.0,21.0,542.0,521.0,SAFE_STOP,倒车完成（前头红外无值）,0,0,1
33.919,538.0,749.0,364.0,1041.0,-0.3483,-0.1068,-0.2618,-0.2129,1,0,0,0,0,0,0,0,1,542.0,21.0,542.0,521.0,SAFE_STOP,倒车完成（前头红外无值）,0,0,1
33.939,537.0,749.0,365.0,1041.0,-0.3483,-0.1068,-0.2618,-0.2129,1,0,0,0,0,0,0,0,1,314.0,20.0,314.0,294.0,SAFE_STOP,倒车完成（前头红外无值）,0,0,1
33.96,536.0,748.0,364.0,1040.0,-0.351,-0.1068,-0.2618,-0.2129,1,0,0,0,0,0,0,0,1,187.0,21.0,187.0,166.0,SAFE_STOP,倒车完成（前头红外无值）,0,0,1
33.98,538.0,749.0,364.0,1041.0,-0.351,-0.1068,-0.2618,-0.2129,1,0,0,0,0,0,0,0,1,199.0,20.0,199.0,179.0,SAFE_STOP,倒车完成（前头红外无值）,0,0,1
34.0,537.0,748.0,364.0,1040.0,-0.351,-0.1089,-0.2618,-0.215,1,0,0,0,0,0,0,0,1,250.0,20.0,250.0,230.0,SAFE_STOP,倒车完成（前头红外无值）,0,0,1
34.02,537.0,749.0,364.0,1040.0,-0.351,-0.1068,-0.2618,-0.215,1,0,0,0,0,0,0,0,1,134.0,22.0,134.0,112.0,SAFE_STOP,倒车完成（前头红外无值）,0,0,1
34.04,536.0,749.0,364.0,1041.0,-0.351,-0.1068,-0.2618,-0.215,1,0,0,0,0,0,0,0,1,232.0,21.0,232.0,211.0,SAFE_STOP,倒车完成（前头红外无值）,0,0,1
34.06,537.0,749.0,364.0,1042.0,-0.351,-0.1068,-0.2618,-0.2129,1,0,0,0,0,0,0,0,1,395.0,20.0,395.0,375.0,SAFE_STOP,倒车完成（前头红外无值）,0,0,1
34.08,537.0,749.0,364.0,1040.0,-0.351,-0.1068,-0.2618,-0.2129,1,0,0,0,0,0,0,0,1,200.0,21.0,200.0,179.0,SAFE_STOP,倒车完成（前头红外无值）,0,0,1
34.1,538.0,749.0,364.0,1042.0,-0.351,-0.1068,-0.2618,-0.2109,1,0,0,0,0,0,0,0,1,208.0,22.0,208.0,186.0,SAFE_STOP,倒车完成（前头红外无值）,0,0,1
34.121,537.0,749.0,364.0,1040.0,-0.351,-0.1068,-0.2618,-0.215,1,0,0,0,0,0,0,0,1,266.0,21.0,266.0,245.0,SAFE_STOP,倒车完成（前头红外无值）,0,0,1
34.141,536.0,748.0,364.0,1040.0,-0.351,-0.1068,-0.2618,-0.215,1,0,0,0,0,0,0,0,1,299.0,22.0,299.0,277.0,SAFE_STOP,倒车完成（前头红外无值）,0,0,1
34.161,537.0,750.0,364.0,1042.0,-0.351,-0.1068,-0.2618,-0.215,1,0,0,0,0,0,0,0,1,183.0,21.0,183.0,162.0,SAFE_STOP,倒车完成（前头红外无值）,0,0,1
34.181,537.0,748.0,363.0,1040.0,-0.351,-0.1089,-0.2618,-0.215,1,0,0,0,0,0,0,0,1,200.0,21.0,200.0,179.0,SAFE_STOP,倒车完成（前头红外无值）,0,0,1
34.201,536.0,749.0,364.0,1040.0,-0.351,-0.1068,-0.2618,-0.215,1,0,0,0,0,0,0,0,1,166.0,21.0,166.0,145.0,SAFE_STOP,倒车完成（前头红外无值）,0,0,1
34.221,538.0,750.0,364.0,1041.0,-0.351,-0.1068,-0.2618,-0.215,1,0,0,0,0,0,0,0,1,84.0,20.0,84.0,64.0,SAFE_STOP,倒车完成（前头红外无值）,0,0,1
34.241,537.0,749.0,363.0,1041.0,-0.351,-0.1068,-0.2618,-0.2129,1,0,0,0,0,0,0,0,1,232.0,20.0,232.0,212.0,SAFE_STOP,倒车完成（前头红外无值）,0,0,1
34.261,538.0,750.0,364.0,1041.0,-0.3483,-0.1046,-0.2618,-0.2129,1,0,0,0,0,0,0,0,1,198.0,20.0,198.0,178.0,SAFE_STOP,倒车完成（前头红外无值）,0,0,1
34.281,538.0,749.0,365.0,1042.0,-0.3483,-0.1068,-0.2618,-0.2129,1,0,0,0,0,0,0,0,1,560.0,21.0,560.0,539.0,SAFE_STOP,倒车完成（前头红外无值）,0,0,1
34.302,538.0,750.0,364.0,1041.0,-0.3483,-0.1046,-0.2618,-0.2129,1,0,0,0,0,0,0,0,1,200.0,20.0,200.0,180.0,SAFE_STOP,倒车完成（前头红外无值）,0,0,1
34.322,537.0,750.0,365.0,1041.0,-0.3483,-0.1046,-0.2591,-0.2129,1,0,0,0,0,0,0,0,1,442.0,20.0,442.0,422.0,SAFE_STOP,倒车完成（前头红外无值）,0,0,1
34.342,537.0,750.0,365.0,1041.0,-0.351,-0.1046,-0.2591,-0.2129,1,0,0,0,0,0,0,0,1,442.0,20.0,442.0,422.0,SAFE_STOP,倒车完成（前头红外无值）,0,0,1
34.362,538.0,750.0,364.0,1042.0,-0.351,-0.1046,-0.2591,-0.2129,1,0,0,0,0,0,0,0,1,265.0,21.0,265.0,244.0,SAFE_STOP,倒车完成（前头红外无值）,0,0,1
34.382,537.0,750.0,364.0,1041.0,-0.351,-0.1046,-0.2618,-0.2129,1,0,0,0,0,0,0,0,1,26.0,21.0,26.0,5.0,SAFE_STOP,倒车完成（前头红外无值）,0,0,1
34.402,537.0,746.0,364.0,1039.0,-0.351,-0.1046,-0.2618,-0.2129,1,0,0,0,0,0,0,0,1,167.0,21.0,167.0,146.0,SAFE_STOP,倒车完成（前头红外无值）,0,0,1
34.422,538.0,749.0,364.0,1041.0,-0.351,-0.1068,-0.2618,-0.2129,1,0,0,0,0,0,0,0,1,67.0,21.0,67.0,46.0,SAFE_STOP,倒车完成（前头红外无值）,0,0,1
34.442,537.0,750.0,364.0,1042.0,-0.351,-0.1068,-0.2618,-0.2129,1,0,0,0,0,0,0,0,1,528.0,21.0,528.0,507.0,SAFE_STOP,倒车完成（前头红外无值）,0,0,1
34.462,537.0,748.0,364.0,1040.0,-0.351,-0.1068,-0.2618,-0.2129,1,0,0,0,0,0,0,0,1,250.0,21.0,250.0,229.0,SAFE_STOP,倒车完成（前头红外无值）,0,0,1
34.483,538.0,750.0,364.0,1042.0,-0.351,-0.1046,-0.2618,-0.2109,1,0,0,0,0,0,0,0,1,361.0,20.0,361.0,341.0,SAFE_STOP,倒车完成（前头红外无值）,0,0,1
