t,front,rear,left,right,zone_front,zone_rear,zone_left,zone_right,fall,fall_edge,ir_front,ir_rear,ir_left_front,ir_left_rear,ir_right_front,ir_right_rear,ir_valid,diff,state,reason,left_cmd,right_cmd,healthy
0.0,0.0,0.0,0.0,0.0,-1.8122,-1.7386,-1.2758,-2.3862,0,0,1,1,1,1,1,1,1,0.0,SENSOR_STOP,传感器无效或数据过期,0,0,0
0.02,740.0,1121.0,516.0,1440.0,-0.8054,-0.5174,-0.5571,-0.8831,0,0,1,0,0,0,0,0,1,553.0,SENSOR_STOP,传感器无效或数据过期,0,0,1
0.041,742.0,1121.0,516.0,1441.0,0.2014,0.7037,0.1616,0.62,0,0,1,0,0,0,0,0,1,536.0,WAIT,等待掉台触发,0,0,1
0.061,741.0,1124.0,516.0,1440.0,0.2041,0.7037,0.1616,0.62,0,0,1,0,0,0,0,0,1,469.0,WAIT,等待掉台触发,0,0,1
0.081,740.0,1120.0,514.0,1437.0,0.2041,0.7037,0.1616,0.62,0,0,1,0,0,0,0,0,1,484.0,WAIT,等待掉台触发,0,0,1
0.101,740.0,1121.0,514.0,1439.0,0.2014,0.7037,0.156,0.618,0,0,1,0,0,0,0,0,1,568.0,WAIT,等待掉台触发,0,0,1
0.121,737.0,1116.0,513.0,1433.0,0.2014,0.7015,0.156,0.6138,0,0,1,0,0,0,0,0,1,252.0,WAIT,等待掉台触发,0,0,1
0.141,740.0,1121.0,514.0,1438.0,0.2014,0.7037,0.156,0.6159,0,0,1,0,0,0,0,0,1,552.0,WAIT,等待掉台触发,0,0,1
0.161,741.0,1120.0,515.0,1440.0,0.2014,0.7015,0.156,0.6159,0,0,1,0,0,0,0,0,1,505.0,WAIT,等待掉台触发,0,0,1
0.181,742.0,1125.0,517.0,1443.0,0.2041,0.7037,0.1588,0.62,0,0,1,0,0,0,0,0,1,713.0,WAIT,等待掉台触发,0,0,1
0.201,741.0,1122.0,516.0,1440.0,0.2041,0.7059,0.1616,0.62,0,0,1,0,0,0,0,0,1,470.0,WAIT,等待掉台触发,0,0,1
0.222,742.0,1124.0,517.0,1442.0,0.2068,0.7102,0.1643,0.6242,0,0,1,0,0,0,0,0,1,647.0,WAIT,等待掉台触发,0,0,1
0.242,743.0,1125.0,517.0,1443.0,0.2068,0.7102,0.1643,0.6242,0,0,1,0,0,0,0,0,1,506.0,WAIT,等待掉台触发,0,0,1
0.262,742.0,1121.0,515.0,1441.0,0.2068,0.7102,0.1643,0.6242,0,0,1,0,0,0,0,0,1,258.0,WAIT,等待掉台触发,0,0,1
0.282,741.0,1123.0,516.0,1441.0,0.2068,0.7081,0.1616,0.6221,0,0,1,0,0,0,0,0,1,487.0,WAIT,等待掉台触发,0,0,1
0.302,742.0,1123.0,516.0,1442.0,0.2068,0.7081,0.1616,0.6221,0,0,1,0,0,0,0,0,1,243.0,WAIT,等待掉台触发,0,0,1
0.322,743.0,1123.0,517.0,1441.0,0.2068,0.7081,0.1616,0.6221,0,0,1,0,0,0,0,0,1,713.0,WAIT,等待掉台触发,0,0,1
0.342,742.0,1123.0,516.0,1441.0,0.2068,0.7081,0.1616,0.6221,0,0,1,0,0,0,0,0,1,536.0,WAIT,等待掉台触发,0,0,1
0.362,742.0,1125.0,517.0,1444.0,0.2068,0.7081,0.1643,0.6221,0,0,1,0,0,0,0,0,1,570.0,WAIT,等待掉台触发,0,0,1
0.382,741.0,1122.0,516.0,1440.0,0.2068,0.7081,0.1616,0.6221,0,0,1,0,0,0,0,0,1,487.0,WAIT,等待掉台触发,0,0,1
0.402,742.0,1124.0,518.0,1441.0,0.2068,0.7102,0.1643,0.6221,0,0,1,0,0,0,0,0,1,531.0,WAIT,等待掉台触发,0,0,1
0.422,740.0,1121.0,515.0,1438.0,0.2041,0.7059,0.1616,0.62,0,0,1,0,0,0,0,0,1,515.0,WAIT,等待掉台触发,0,0,1
0.443,740.0,1121.0,514.0,1437.0,0.2014,0.7037,0.1588,0.6159,0,0,1,0,0,0,0,0,1,569.0,WAIT,等待掉台触发,0,0,1
0.463,744.0,1125.0,517.0,1445.0,0.2014,0.7037,0.1588,0.6159,0,0,1,0,0,0,0,0,1,469.0,WAIT,等待掉台触发,0,0,1
0.483,743.0,1124.0,517.0,1444.0,0.2095,0.7102,0.1643,0.6284,0,0,1,0,0,0,0,0,1,485.0,WAIT,等待掉台触发,0,0,1
0.503,744.0,1124.0,517.0,1443.0,0.2122,0.7102,0.1643,0.6284,0,0,1,0,0,0,0,0,1,470.0,WAIT,等待掉台触发,0,0,1
0.523,744.0,1124.0,517.0,1443.0,0.2122,0.7102,0.1643,0.6263,0,0,1,0,0,0,0,0,1,470.0,WAIT,等待掉台触发,0,0,1
0.543,743.0,1126.0,517.0,1444.0,0.2122,0.7102,0.1643,0.6263,0,0,1,0,0,0,0,0,1,567.0,WAIT,等待掉台触发,0,0,1
0.563,742.0,1124.0,517.0,1443.0,0.2095,0.7102,0.1643,0.6263,0,0,1,0,0,0,0,0,1,438.0,WAIT,等待掉台触发,0,0,1
0.583,743.0,1125.0,517.0,1442.0,0.2095,0.7124,0.1643,0.6263,0,0,1,0,0,0,0,0,1,584.0,WAIT,等待掉台触发,0,0,1
0.603,742.0,1123.0,516.0,1442.0,0.2068,0.7102,0.1643,0.6242,0,0,1,0,0,0,0,0,1,504.0,WAIT,等待掉台触发,0,0,1
0.624,742.0,1123.0,517.0,1441.0,0.2068,0.7081,0.1643,0.6242,0,0,1,0,0,0,0,0,1,729.0,WAIT,等待掉台触发,0,0,1
0.644,744.0,1125.0,518.0,1445.0,0.2068,0.7081,0.1643,0.6242,0,0,1,0,0,0,0,0,1,666.0,WAIT,等待掉台触发,0,0,1
0.664,742.0,1124.0,516.0,1442.0,0.2068,0.7102,0.1643,0.6242,0,0,1,0,0,0,0,0,1,470.0,WAIT,等待掉台触发,0,0,1
0.684,741.0,1122.0,516.0,1440.0,0.2068,0.7102,0.1616,0.6242,0,0,1,0,0,0,0,0,1,441.0,WAIT,等待掉台触发,0,0,1
0.704,742.0,1124.0,516.0,1441.0,0.2068,0.7102,0.1616,0.6221,0,0,1,0,0,0,0,0,1,486.0,WAIT,等待掉台触发,0,0,1
0.724,744.0,1126.0,517.0,1444.0,0.2068,0.7102,0.1616,0.6221,0,0,1,0,0,0,0,0,1,438.0,WAIT,等待掉台触发,0,0,1
0.744,744.0,1126.0,517.0,1444.0,0.2122,0.7146,0.1643,0.6284,0,0,1,0,0,0,0,0,1,553.0,WAIT,等待掉台触发,0,0,1
0.764,742.0,1125.0,516.0,1442.0,0.2122,0.7146,0.1643,0.6284,0,0,1,0,0,0,0,0,1,665.0,WAIT,等待掉台触发,0,0,1
0.785,742.0,1124.0,517.0,1443.0,0.2068,0.7124,0.1643,0.6263,0,0,1,0,0,0,0,0,1,584.0,WAIT,等待掉台触发,0,0,1
0.805,744.0,1124.0,518.0,1445.0,0.2068,0.7102,0.1643,0.6263,0,0,1,0,0,0,0,0,1,470.0,WAIT,等待掉台触发,0,0,1
0.825,741.0,1123.0,515.0,1441.0,0.2068,0.7102,0.1643,0.6263,0,0,1,0,0,0,0,0,1,536.0,WAIT,等待掉台触发,0,0,1
0.845,744.0,1125.0,517.0,1443.0,0.2122,0.7102,0.1643,0.6263,0,0,1,0,0,0,0,0,1,554.0,WAIT,等待掉台触发,0,0,1
0.866,742.0,1122.0,516.0,1441.0,0.2068,0.7081,0.1616,0.6221,0,0,1,0,0,0,0,0,1,340.0,WAIT,等待掉台触发,0,0,1
0.887,742.0,1124.0,517.0,1442.0,0.2068,0.7102,0.1643,0.6242,0,0,1,0,0,0,0,0,1,505.0,WAIT,等待掉台触发,0,0,1
0.907,742.0,1124.0,517.0,1443.0,0.2068,0.7102,0.1643,0.6242,0,0,1,0,0,0,0,0,1,470.0,WAIT,等待掉台触发,0,0,1
0.927,739.0,1119.0,513.0,1436.0,0.2068,0.7102,0.1643,0.6242,0,0,1,0,0,0,0,0,1,582.0,WAIT,等待掉台触发,0,0,1
0.947,740.0,1120.0,514.0,1440.0,0.2014,0.7015,0.156,0.62,0,0,1,0,0,0,0,0,1,553.0,WAIT,等待掉台触发,0,0,1
0.968,740.0,1121.0,514.0,1438.0,0.2014,0.7015,0.156,0.6159,0,0,1,0,0,0,0,0,1,356.0,WAIT,等待掉台触发,0,0,1
0.988,742.0,1122.0,515.0,1441.0,0.2014,0.7037,0.156,0.62,0,0,1,0,0,0,0,0,1,569.0,WAIT,等待掉台触发,0,0,1
1.008,741.0,1121.0,515.0,1439.0,0.2041,0.7037,0.1588,0.618,0,0,1,0,0,0,0,0,1,486.0,WAIT,等待掉台触发,0,0,1
1.028,742.0,1121.0,515.0,1440.0,0.2068,0.7037,0.1588,0.62,0,0,1,0,0,0,0,0,1,683.0,WAIT,等待掉台触发,0,0,1
1.048,742.0,1121.0,515.0,1440.0,0.2068,0.7037,0.1588,0.62,0,0,1,0,0,0,0,0,1,683.0,WAIT,等待掉台触发,0,0,1
1.068,740.0,1122.0,515.0,1439.0,0.2068,0.7037,0.1588,0.62,0,0,1,0,0,0,0,0,1,552.0,WAIT,等待掉台触发,0,0,1
1.088,740.0,1121.0,515.0,1438.0,0.2014,0.7037,0.1588,0.618,0,0,1,0,0,0,0,0,1,389.0,WAIT,等待掉台触发,0,0,1
1.108,741.0,1121.0,515.0,1440.0,0.2014,0.7037,0.1588,0.618,0,0,1,0,0,0,0,0,1,492.0,WAIT,等待掉台触发,0,0,1
1.128,740.0,1120.0,514.0,1438.0,0.2014,0.7037,0.1588,0.6159,0,0,1,0,0,0,0,0,1,192.0,WAIT,等待掉台触发,0,0,1
1.148,741.0,1122.0,515.0,1440.0,0.2041,0.7037,0.1588,0.62,0,0,1,0,0,0,0,0,1,470.0,WAIT,等待掉台触发,0,0,1
1.169,741.0,1122.0,515.0,1439.0,0.2041,0.7059,0.1588,0.618,0,0,1,0,0,0,0,0,1,569.0,WAIT,等待掉台触发,0,0,1
1.189,741.0,1121.0,514.0,1439.0,0.2041,0.7059,0.1588,0.618,0,0,1,0,0,0,0,0,1,662.0,WAIT,等待掉台触发,0,0,1
1.209,742.0,1123.0,516.0,1442.0,0.2041,0.7059,0.1588,0.618,0,0,1,0,0,0,0,0,1,487.0,WAIT,等待掉台触发,0,0,1
1.229,741.0,1122.0,515.0,1440.0,0.2041,0.7059,0.1588,0.62,0,0,1,0,0,0,0,0,1,505.0,WAIT,等待掉台触发,0,0,1
1.249,741.0,1121.0,514.0,1440.0,0.2041,0.7059,0.1588,0.62,0,0,1,0,0,0,0,0,1,585.0,WAIT,等待掉台触发,0,0,1
1.27,741.0,1122.0,515.0,1440.0,0.2041,0.7059,0.1588,0.62,0,0,1,0,0,0,0,0,1,551.0,WAIT,等待掉台触发,0,0,1
1.29,741.0,1121.0,515.0,1439.0,0.2041,0.7037,0.1588,0.62,0,0,1,0,0,0,0,0,1,551.0,WAIT,等待掉台触发,0,0,1
1.31,742.0,1122.0,515.0,1441.0,0.2041,0.7059,0.1588,0.62,0,0,1,0,0,0,0,0,1,470.0,WAIT,等待掉台触发,0,0,1
1.33,740.0,1120.0,514.0,1437.0,0.2041,0.7037,0.1588,0.618,0,0,1,0,0,0,0,0,1,503.0,WAIT,等待掉台触发,0,0,1
1.35,740.0,1120.0,514.0,1440.0,0.2014,0.7015,0.156,0.62,0,0,1,0,0,0,0,0,1,550.0,WAIT,等待掉台触发,0,0,1
1.37,740.0,1121.0,514.0,1440.0,0.2014,0.7015,0.156,0.62,0,0,1,0,0,0,0,0,1,537.0,WAIT,等待掉台触发,0,0,1
1.391,741.0,1122.0,515.0,1440.0,0.2014,0.7037,0.156,0.62,0,0,1,0,0,0,0,0,1,417.0,WAIT,等待掉台触发,0,0,1
1.411,740.0,1121.0,515.0,1438.0,0.2014,0.7037,0.1588,0.62,0,0,1,0,0,0,0,0,1,468.0,WAIT,等待掉台触发,0,0,1
1.431,743.0,1125.0,517.0,1444.0,0.2041,0.7059,0.1588,0.62,0,0,1,0,0,0,0,0,1,552.0,WAIT,等待掉台触发,0,0,1
1.451,742.0,1124.0,517.0,1442.0,0.2068,0.7102,0.1643,0.6242,0,0,1,0,0,0,0,0,1,649.0,WAIT,等待掉台触发,0,0,1
1.471,741.0,1123.0,514.0,1440.0,0.2068,0.7102,0.1643,0.6242,0,0,1,0,0,0,0,0,1,553.0,WAIT,等待掉台触发,0,0,1
1.491,743.0,1125.0,517.0,1443.0,0.2068,0.7102,0.1643,0.6242,0,0,1,0,0,0,0,0,1,486.0,WAIT,等待掉台触发,0,0,1
1.511,743.0,1125.0,517.0,1444.0,0.2095,0.7124,0.1643,0.6263,0,0,1,0,0,0,0,0,1,503.0,WAIT,等待掉台触发,0,0,1
1.531,741.0,1122.0,516.0,1441.0,0.2095,0.7124,0.1643,0.6263,0,0,1,0,0,0,0,0,1,274.0,WAIT,等待掉台触发,0,0,1
1.551,743.0,1123.0,517.0,1441.0,0.2095,0.7081,0.1643,0.6221,0,0,1,0,0,0,0,0,1,590.0,WAIT,等待掉台触发,0,0,1
1.571,742.0,1124.0,516.0,1442.0,0.2068,0.7081,0.1616,0.6221,0,0,1,0,0,0,0,0,1,356.0,WAIT,等待掉台触发,0,0,1
1.592,741.0,1123.0,516.0,1440.0,0.2068,0.7081,0.1616,0.6221,0,0,1,0,0,0,0,0,1,554.0,WAIT,等待掉台触发,0,0,1
1.612,744.0,1125.0,517.0,1445.0,0.2068,0.7102,0.1616,0.6242,0,0,1,0,0,0,0,0,1,487.0,WAIT,等待掉台触发,0,0,1
1.632,743.0,1125.0,517.0,1444.0,0.2095,0.7124,0.1643,0.6284,0,0,1,0,0,0,0,0,1,697.0,WAIT,等待掉台触发,0,0,1
1.652,742.0,1122.0,515.0,1441.0,0.2095,0.7124,0.1643,0.6284,0,0,1,0,0,0,0,0,1,577.0,WAIT,等待掉台触发,0,0,1
1.672,742.0,1122.0,515.0,1441.0,0.2068,0.7059,0.1588,0.6221,0,0,1,0,0,0,0,0,1,577.0,WAIT,等待掉台触发,0,0,1
1.692,742.0,1124.0,517.0,1442.0,0.2068,0.7059,0.1588,0.6221,0,0,1,0,0,0,0,0,1,554.0,WAIT,等待掉台触发,0,0,1
1.712,743.0,1125.0,517.0,1442.0,0.2068,0.7102,0.1643,0.6242,0,0,1,0,0,0,0,0,1,438.0,WAIT,等待掉台触发,0,0,1
1.733,742.0,1123.0,515.0,1440.0,0.2068,0.7102,0.1643,0.6242,0,0,1,0,0,0,0,0,1,168.0,WAIT,等待掉台触发,0,0,1
1.753,742.0,1124.0,516.0,1442.0,0.2068,0.7102,0.1616,0.6242,0,0,1,0,0,0,0,0,1,470.0,WAIT,等待掉台触发,0,0,1
1.773,743.0,1124.0,517.0,1443.0,0.2068,0.7102,0.1616,0.6242,0,0,1,0,0,0,0,0,1,557.0,WAIT,等待掉台触发,0,0,1
1.793,740.0,1120.0,514.0,1438.0,0.2068,0.7102,0.1616,0.6242,0,0,1,0,0,0,0,0,1,681.0,WAIT,等待掉台触发,0,0,1
1.813,743.0,1125.0,518.0,1444.0,0.2095,0.7102,0.1643,0.6263,0,0,1,0,0,0,0,0,1,469.0,WAIT,等待掉台触发,0,0,1
1.833,742.0,1123.0,518.0,1442.0,0.2068,0.7081,0.1671,0.6242,0,0,1,0,0,0,0,0,1,475.0,WAIT,等待掉台触发,0,0,1
1.853,741.0,1123.0,515.0,1440.0,0.2068,0.7081,0.1671,0.6242,0,0,1,0,0,0,0,0,1,487.0,WAIT,等待掉台触发,0,0,1
1.873,742.0,1124.0,517.0,1443.0,0.2068,0.7081,0.1643,0.6242,0,0,1,0,0,0,0,0,1,609.0,WAIT,等待掉台触发,0,0,1
1.893,744.0,1126.0,518.0,1445.0,0.2068,0.7102,0.1643,0.6263,0,0,1,0,0,0,0,0,1,567.0,WAIT,等待掉台触发,0,0,1
1.913,742.0,1123.0,516.0,1441.0,0.2068,0.7102,0.1643,0.6263,0,0,1,0,0,0,0,0,1,536.0,WAIT,等待掉台触发,0,0,1
1.933,744.0,1126.0,517.0,1442.0,0.2122,0.7146,0.1643,0.6242,0,0,1,0,0,0,0,0,1,487.0,WAIT,等待掉台触发,0,0,1
1.954,742.0,1124.0,516.0,1443.0,0.2068,0.7102,0.1616,0.6242,0,0,1,0,0,0,0,0,1,485.0,WAIT,等待掉台触发,0,0,1
1.974,740.0,1120.0,514.0,1435.0,0.2068,0.7102,0.1616,0.6242,0,0,1,0,0,0,0,0,1,568.0,WAIT,等待掉台触发,0,0,1
1.994,742.0,1124.0,515.0,1442.0,0.2068,0.7102,0.1588,0.6242,0,0,1,0,0,0,0,0,1,95.0,WAIT,等待掉台触发,0,0,1
2.014,742.0,1124.0,516.0,1443.0,0.2068,0.7102,0.1588,0.6242,0,0,1,0,0,0,0,0,1,438.0,WAIT,等待掉台触发,0,0,1
2.034,741.0,1122.0,517.0,1441.0,0.2068,0.7102,0.1616,0.6242,0,0,1,0,0,0,0,0,1,588.0,WAIT,等待掉台触发,0,0,1
2.054,743.0,1124.0,516.0,1442.0,0.2068,0.7102,0.1616,0.6242,0,0,1,0,0,0,0,0,1,485.0,WAIT,等待掉台触发,0,0,1
2.074,743.0,1125.0,517.0,1443.0,0.2095,0.7102,0.1643,0.6242,0,0,1,0,0,0,0,0,1,552.0,WAIT,等待掉台触发,0,0,1
2.094,742.0,1124.0,516.0,1442.0,0.2095,0.7102,0.1616,0.6242,0,0,1,0,0,0,0,0,1,632.0,WAIT,等待掉台触发,0,0,1
2.114,742.0,1123.0,516.0,1440.0,0.2068,0.7102,0.1616,0.6242,0,0,1,0,0,0,0,0,1,178.0,WAIT,等待掉台触发,0,0,1
2.134,744.0,1125.0,517.0,1444.0,0.2068,0.7102,0.1616,0.6242,0,0,1,0,0,0,0,0,1,469.0,WAIT,等待掉台触发,0,0,1
2.154,741.0,1122.0,515.0,1440.0,0.2068,0.7081,0.1616,0.62,0,0,1,0,0,0,0,0,1,486.0,WAIT,等待掉台触发,0,0,1
2.174,743.0,1125.0,518.0,1444.0,0.2095,0.7124,0.1643,0.6284,0,0,1,0,0,0,0,0,1,388.0,WAIT,等待掉台触发,0,0,1
2.195,744.0,1125.0,517.0,1444.0,0.2095,0.7124,0.1643,0.6284,0,0,1,0,0,0,0,0,1,537.0,WAIT,等待掉台触发,0,0,1
2.215,740.0,1121.0,515.0,1438.0,0.2095,0.7124,0.1643,0.6284,0,0,1,0,0,0,0,0,1,677.0,WAIT,等待掉台触发,0,0,1
2.235,742.0,1123.0,517.0,1442.0,0.2068,0.7081,0.1643,0.6242,0,0,1,0,0,0,0,0,1,616.0,WAIT,等待掉台触发,0,0,1
2.255,742.0,1123.0,517.0,1442.0,0.2068,0.7081,0.1643,0.6242,0,0,1,0,0,0,0,0,1,616.0,WAIT,等待掉台触发,0,0,1
2.275,743.0,1125.0,517.0,1443.0,0.2068,0.7081,0.1643,0.6242,0,0,1,0,0,0,0,0,1,486.0,WAIT,等待掉台触发,0,0,1
2.295,741.0,1123.0,516.0,1440.0,0.2068,0.7081,0.1643,0.6242,0,0,1,0,0,0,0,0,1,583.0,WAIT,等待掉台触发,0,0,1
2.315,742.0,1124.0,516.0,1443.0,0.2068,0.7102,0.1616,0.6263,0,0,1,0,0,0,0,0,1,536.0,WAIT,等待掉台触发,0,0,1
2.335,743.0,1124.0,517.0,1443.0,0.2068,0.7102,0.1616,0.6263,0,0,1,0,0,0,0,0,1,372.0,WAIT,等待掉台触发,0,0,1
2.355,742.0,1125.0,516.0,1442.0,0.2068,0.7102,0.1616,0.6263,0,0,1,0,0,0,0,0,1,471.0,WAIT,等待掉台触发,0,0,1
2.375,743.0,1124.0,516.0,1443.0,0.2095,0.7102,0.1616,0.6263,0,0,1,0,0,0,0,0,1,485.0,WAIT,等待掉台触发,0,0,1
2.396,741.0,1122.0,516.0,1440.0,0.2068,0.7102,0.1616,0.6242,0,0,1,0,0,0,0,0,1,488.0,WAIT,等待掉台触发,0,0,1
2.416,742.0,1124.0,516.0,1443.0,0.2068,0.7102,0.1616,0.6263,0,0,1,0,0,0,0,0,1,551.0,WAIT,等待掉台触发,0,0,1
2.436,743.0,1127.0,517.0,1444.0,0.2068,0.7102,0.1616,0.6263,0,0,1,0,0,0,0,0,1,273.0,WAIT,等待掉台触发,0,0,1
2.456,744.0,1127.0,517.0,1444.0,0.2095,0.7168,0.1643,0.6284,0,0,1,0,0,0,0,0,1,504.0,WAIT,等待掉台触发,0,0,1
2.476,743.0,1126.0,517.0,1445.0,0.2095,0.7168,0.1643,0.6284,0,0,1,0,0,0,0,0,1,552.0,WAIT,等待掉台触发,0,0,1
2.496,744.0,1126.0,517.0,1444.0,0.2122,0.7146,0.1643,0.6284,0,0,1,0,0,0,0,0,1,752.0,WAIT,等待掉台触发,0,0,1
2.516,743.0,1125.0,517.0,1443.0,0.2095,0.7146,0.1643,0.6284,0,0,1,0,0,0,0,0,1,504.0,WAIT,等待掉台触发,0,0,1
2.536,743.0,1125.0,516.0,1443.0,0.2095,0.7124,0.1643,0.6263,0,0,1,0,0,0,0,0,1,513.0,WAIT,等待掉台触发,0,0,1
2.557,743.0,1126.0,516.0,1443.0,0.2095,0.7124,0.1616,0.6263,0,0,1,0,0,0,0,0,1,486.0,WAIT,等待掉台触发,0,0,1
2.577,743.0,1125.0,517.0,1444.0,0.2095,0.7124,0.1616,0.6263,0,0,1,0,0,0,0,0,1,340.0,WAIT,等待掉台触发,0,0,1
2.597,744.0,1125.0,517.0,1444.0,0.2095,0.7124,0.1643,0.6284,0,0,1,0,0,0,0,0,1,356.0,WAIT,等待掉台触发,0,0,1
2.617,744.0,1126.0,517.0,1444.0,0.2122,0.7124,0.1643,0.6284,0,0,1,0,0,0,0,0,1,453.0,WAIT,等待掉台触发,0,0,1
2.637,741.0,1122.0,514.0,1439.0,0.2122,0.7124,0.1643,0.6284,0,0,1,0,0,0,0,0,1,521.0,WAIT,等待掉台触发,0,0,1
2.657,741.0,1122.0,514.0,1439.0,0.2041,0.7059,0.156,0.618,0,0,1,0,0,0,0,0,1,521.0,WAIT,等待掉台触发,0,0,1
2.677,744.0,1125.0,517.0,1444.0,0.2041,0.7059,0.156,0.618,0,0,1,0,0,0,0,0,1,714.0,WAIT,等待掉台触发,0,0,1
2.697,743.0,1125.0,517.0,1443.0,0.2095,0.7124,0.1643,0.6263,0,0,1,0,0,0,0,0,1,602.0,WAIT,等待掉台触发,0,0,1
2.717,743.0,1126.0,517.0,1443.0,0.2095,0.7124,0.1643,0.6263,0,0,1,0,0,0,0,0,1,567.0,WAIT,等待掉台触发,0,0,1
2.738,743.0,1125.0,516.0,1442.0,0.2095,0.7124,0.1643,0.6263,0,0,1,0,0,0,0,0,1,469.0,WAIT,等待掉台触发,0,0,1
2.758,743.0,1125.0,516.0,1443.0,0.2095,0.7124,0.1616,0.6263,0,0,1,0,0,0,0,0,1,378.0,WAIT,等待掉台触发,0,0,1
2.778,742.0,1124.0,517.0,1443.0,0.2095,0.7124,0.1616,0.6263,0,0,1,0,0,0,0,0,1,494.0,WAIT,等待掉台触发,0,0,1
2.798,743.0,1126.0,517.0,1445.0,0.2095,0.7124,0.1643,0.6263,0,0,1,0,0,0,0,0,1,504.0,WAIT,等待掉台触发,0,0,1
2.818,743.0,1124.0,516.0,1443.0,0.2095,0.7102,0.1643,0.6263,0,0,1,0,0,0,0,0,1,541.0,WAIT,等待掉台触发,0,0,1
2.838,742.0,1124.0,516.0,1441.0,0.2095,0.7102,0.1616,0.6263,0,0,1,0,0,0,0,0,1,457.0,WAIT,等待掉台触发,0,0,1
2.858,743.0,1125.0,516.0,1443.0,0.2095,0.7102,0.1616,0.6263,0,0,1,0,0,0,0,0,1,485.0,WAIT,等待掉台触发,0,0,1
2.878,743.0,1126.0,518.0,1444.0,0.2095,0.7124,0.1616,0.6263,0,0,1,0,0,0,0,0,1,469.0,WAIT,等待掉台触发,0,0,1
2.898,744.0,1126.0,517.0,1444.0,0.2095,0.7146,0.1643,0.6284,0,0,1,0,0,0,0,0,1,538.0,WAIT,等待掉台触发,0,0,1
2.919,741.0,1124.0,516.0,1441.0,0.2095,0.7146,0.1643,0.6284,0,0,1,0,0,0,0,0,1,679.0,WAIT,等待掉台触发,0,0,1
2.939,744.0,1127.0,517.0,1444.0,0.2122,0.7146,0.1643,0.6284,0,0,1,0,0,0,0,0,1,453.0,WAIT,等待掉台触发,0,0,1
2.959,743.0,1126.0,517.0,1444.0,0.2095,0.7146,0.1643,0.6284,0,0,1,0,0,0,0,0,1,506.0,WAIT,等待掉台触发,0,0,1
2.979,743.0,1125.0,516.0,1442.0,0.2095,0.7146,0.1643,0.6284,0,0,1,0,0,0,0,0,1,601.0,WAIT,等待掉台触发,0,0,1
2.999,744.0,1127.0,517.0,1444.0,0.2095,0.7146,0.1643,0.6284,0,0,1,0,0,0,0,0,1,553.0,WAIT,等待掉台触发,0,0,1
3.019,744.0,1126.0,517.0,1444.0,0.2122,0.7146,0.1643,0.6284,0,0,1,0,0,0,0,0,1,128.0,WAIT,等待掉台触发,0,0,1
3.039,742.0,1124.0,516.0,1442.0,0.2122,0.7146,0.1643,0.6284,0,0,1,0,0,0,0,0,1,488.0,WAIT,等待掉台触发,0,0,1
3.06,742.0,1123.0,517.0,1441.0,0.2068,0.7102,0.1643,0.6242,0,0,1,0,0,0,0,0,1,413.0,WAIT,等待掉台触发,0,0,1
3.08,742.0,1123.0,517.0,1441.0,0.2068,0.7081,0.1643,0.6221,0,0,1,0,0,0,0,0,1,413.0,WAIT,等待掉台触发,0,0,1
3.1,742.0,1124.0,517.0,1442.0,0.2068,0.7081,0.1643,0.6221,0,0,1,0,0,0,0,0,1,568.0,WAIT,等待掉台触发,0,0,1
3.12,742.0,1124.0,516.0,1442.0,0.2068,0.7102,0.1643,0.6242,0,0,1,0,0,0,0,0,1,537.0,WAIT,等待掉台触发,0,0,1
3.14,742.0,1122.0,515.0,1441.0,0.2068,0.7102,0.1616,0.6242,0,0,1,0,0,0,0,0,1,635.0,WAIT,等待掉台触发,0,0,1
3.16,743.0,1125.0,517.0,1443.0,0.2068,0.7102,0.1616,0.6242,0,0,1,0,0,0,0,0,1,487.0,WAIT,等待掉台触发,0,0,1
3.18,742.0,1124.0,517.0,1441.0,0.2068,0.7102,0.1643,0.6221,0,0,1,0,0,0,0,0,1,449.0,WAIT,等待掉台触发,0,0,1
3.2,742.0,1124.0,516.0,1442.0,0.2068,0.7102,0.1643,0.6242,0,0,1,0,0,0,0,0,1,585.0,WAIT,等待掉台触发,0,0,1
3.221,744.0,1125.0,517.0,1443.0,0.2068,0.7102,0.1643,0.6242,0,0,1,0,0,0,0,0,1,403.0,WAIT,等待掉台触发,0,0,1
3.241,744.0,1126.0,517.0,1445.0,0.2122,0.7124,0.1643,0.6263,0,0,1,0,0,0,0,0,1,452.0,WAIT,等待掉台触发,0,0,1
3.261,743.0,1126.0,517.0,1443.0,0.2122,0.7146,0.1643,0.6263,0,0,1,0,0,0,0,0,1,487.0,WAIT,等待掉台触发,0,0,1
3.281,744.0,1125.0,517.0,1444.0,0.2122,0.7146,0.1643,0.6284,0,0,1,0,0,0,0,0,1,585.0,WAIT,等待掉台触发,0,0,1
3.301,743.0,1125.0,517.0,1442.0,0.2095,0.7124,0.1643,0.6263,0,0,1,0,0,0,0,0,1,584.0,WAIT,等待掉台触发,0,0,1
3.321,743.0,1124.0,517.0,1442.0,0.2095,0.7124,0.1643,0.6242,0,0,1,0,0,0,0,0,1,463.0,WAIT,等待掉台触发,0,0,1
3.341,744.0,1125.0,517.0,1444.0,0.2095,0.7124,0.1643,0.6242,0,0,1,0,0,0,0,0,1,486.0,WAIT,等待掉台触发,0,0,1
3.361,743.0,1125.0,516.0,1442.0,0.2095,0.7124,0.1643,0.6242,0,0,1,0,0,0,0,0,1,503.0,WAIT,等待掉台触发,0,0,1
3.382,742.0,1125.0,515.0,1442.0,0.2095,0.7124,0.1616,0.6242,0,0,1,0,0,0,0,0,1,504.0,WAIT,等待掉台触发,0,0,1
3.402,744.0,1125.0,516.0,1442.0,0.2095,0.7124,0.1616,0.6242,0,0,1,0,0,0,0,0,1,599.0,WAIT,等待掉台触发,0,0,1
3.422,742.0,1124.0,515.0,1440.0,0.2068,0.7124,0.1588,0.6242,0,0,1,0,0,0,0,0,1,486.0,WAIT,等待掉台触发,0,0,1
3.442,744.0,1126.0,518.0,1443.0,0.2122,0.7124,0.1616,0.6242,0,0,1,0,0,0,0,0,1,485.0,WAIT,等待掉台触发,0,0,1
3.462,742.0,1126.0,517.0,1444.0,0.2068,0.7146,0.1643,0.6263,0,0,1,0,0,0,0,0,1,505.0,WAIT,等待掉台触发,0,0,1
3.482,742.0,1122.0,516.0,1440.0,0.2068,0.7146,0.1643,0.6263,0,0,1,0,0,0,0,0,1,617.0,WAIT,等待掉台触发,0,0,1
3.502,742.0,1122.0,516.0,1440.0,0.2068,0.7059,0.1616,0.62,0,0,1,0,0,0,0,0,1,617.0,WAIT,等待掉台触发,0,0,1
3.522,743.0,1126.0,516.0,1443.0,0.2068,0.7059,0.1616,0.62,0,0,1,0,0,0,0,0,1,553.0,WAIT,等待掉台触发,0,0,1
3.543,744.0,1125.0,517.0,1444.0,0.2095,0.7124,0.1616,0.6263,0,0,1,0,0,0,0,0,1,767.0,WAIT,等待掉台触发,0,0,1
3.563,743.0,1125.0,516.0,1443.0,0.2095,0.7124,0.1616,0.6263,0,0,1,0,0,0,0,0,1,648.0,WAIT,等待掉台触发,0,0,1
3.583,742.0,1124.0,517.0,1443.0,0.2095,0.7124,0.1643,0.6263,0,0,1,0,0,0,0,0,1,505.0,WAIT,等待掉台触发,0,0,1
3.603,744.0,1125.0,517.0,1444.0,0.2095,0.7124,0.1643,0.6263,0,0,1,0,0,0,0,0,1,600.0,WAIT,等待掉台触发,0,0,1
3.623,743.0,1125.0,517.0,1443.0,0.2095,0.7124,0.1643,0.6263,0,0,1,0,0,0,0,0,1,553.0,WAIT,等待掉台触发,0,0,1
3.643,746.0,1127.0,518.0,1445.0,0.2122,0.7124,0.1643,0.6284,0,0,1,0,0,0,0,0,1,62.0,WAIT,等待掉台触发,0,0,1
3.663,742.0,1124.0,516.0,1441.0,0.2095,0.7124,0.1643,0.6263,0,0,1,0,0,0,0,0,1,489.0,WAIT,等待掉台触发,0,0,1
3.683,742.0,1124.0,515.0,1441.0,0.2068,0.7102,0.1616,0.6221,0,0,1,0,0,0,0,0,1,535.0,WAIT,等待掉台触发,0,0,1
3.704,743.0,1125.0,516.0,1442.0,0.2068,0.7102,0.1616,0.6221,0,0,1,0,0,0,0,0,1,750.0,WAIT,等待掉台触发,0,0,1
3.724,744.0,1126.0,517.0,1444.0,0.2095,0.7124,0.1616,0.6242,0,0,1,0,0,0,0,0,1,518.0,WAIT,等待掉台触发,0,0,1
3.744,743.0,1125.0,517.0,1444.0,0.2095,0.7124,0.1643,0.6284,0,0,1,0,0,0,0,0,1,470.0,WAIT,等待掉台触发,0,0,1
3.764,742.0,1123.0,516.0,1442.0,0.2095,0.7124,0.1643,0.6284,0,0,1,0,0,0,0,0,1,475.0,WAIT,等待掉台触发,0,0,1
3.784,743.0,1125.0,517.0,1443.0,0.2095,0.7124,0.1643,0.6263,0,0,1,0,0,0,0,0,1,502.0,WAIT,等待掉台触发,0,0,1
3.804,743.0,1125.0,517.0,1443.0,0.2095,0.7124,0.1643,0.6263,0,0,1,0,0,0,0,0,1,584.0,WAIT,等待掉台触发,0,0,1
3.824,743.0,1125.0,516.0,1443.0,0.2095,0.7124,0.1643,0.6263,0,0,1,0,0,0,0,0,1,449.0,WAIT,等待掉台触发,0,0,1
3.844,743.0,1125.0,516.0,1443.0,0.2095,0.7124,0.1616,0.6263,0,0,1,0,0,0,0,0,1,449.0,WAIT,等待掉台触发,0,0,1
3.865,744.0,1125.0,517.0,1444.0,0.2095,0.7124,0.1616,0.6263,0,0,1,0,0,0,0,0,1,486.0,WAIT,等待掉台触发,0,0,1
3.885,742.0,1124.0,516.0,1442.0,0.2095,0.7124,0.1616,0.6263,0,0,1,0,0,0,0,0,1,487.0,WAIT,等待掉台触发,0,0,1
3.905,743.0,1126.0,515.0,1442.0,0.2095,0.7124,0.1616,0.6242,0,0,1,0,0,0,0,0,1,617.0,WAIT,等待掉台触发,0,0,1
3.925,743.0,1125.0,517.0,1444.0,0.2095,0.7124,0.1616,0.6242,0,0,1,0,0,0,0,0,1,258.0,WAIT,等待掉台触发,0,0,1
3.945,743.0,1124.0,517.0,1442.0,0.2095,0.7124,0.1643,0.6242,0,0,1,0,0,0,0,0,1,469.0,WAIT,等待掉台触发,0,0,1
3.965,744.0,1126.0,516.0,1443.0,0.2095,0.7124,0.1643,0.6263,0,0,1,0,0,0,0,0,1,536.0,WAIT,等待掉台触发,0,0,1
3.985,744.0,1126.0,517.0,1444.0,0.2122,0.7146,0.1643,0.6263,0,0,1,0,0,0,0,0,1,712.0,WAIT,等待掉台触发,0,0,1
4.005,744.0,1126.0,516.0,1443.0,0.2122,0.7146,0.1616,0.6263,0,0,1,0,0,0,0,0,1,584.0,WAIT,等待掉台触发,0,0,1
4.026,742.0,1124.0,517.0,1442.0,0.2122,0.7146,0.1643,0.6263,0,0,1,0,0,0,0,0,1,672.0,WAIT,等待掉台触发,0,0,1
4.046,742.0,1122.0,515.0,1441.0,0.2068,0.7102,0.1616,0.6242,0,0,1,0,0,0,0,0,1,474.0,WAIT,等待掉台触发,0,0,1
4.066,744.0,1126.0,517.0,1444.0,0.2068,0.7102,0.1643,0.6242,0,0,1,0,0,0,0,0,1,241.0,WAIT,等待掉台触发,0,0,1
4.086,744.0,1126.0,516.0,1444.0,0.2122,0.7146,0.1616,0.6284,0,0,1,0,0,0,0,0,1,486.0,WAIT,等待掉台触发,0,0,1
4.106,743.0,1125.0,517.0,1443.0,0.2122,0.7146,0.1643,0.6284,0,0,1,0,0,0,0,0,1,372.0,WAIT,等待掉台触发,0,0,1
4.126,744.0,1125.0,517.0,1444.0,0.2122,0.7124,0.1643,0.6284,0,0,1,0,0,0,0,0,1,471.0,WAIT,等待掉台触发,0,0,1
4.146,743.0,1124.0,516.0,1442.0,0.2095,0.7124,0.1643,0.6263,0,0,1,0,0,0,0,0,1,438.0,WAIT,等待掉台触发,0,0,1
4.166,743.0,1124.0,518.0,1443.0,0.2095,0.7102,0.1643,0.6263,0,0,1,0,0,0,0,0,1,664.0,WAIT,等待掉台触发,0,0,1
4.186,744.0,1126.0,517.0,1443.0,0.2095,0.7102,0.1643,0.6263,0,0,1,0,0,0,0,0,1,537.0,WAIT,等待掉台触发,0,0,1
4.207,743.0,1125.0,516.0,1443.0,0.2095,0.7124,0.1643,0.6263,0,0,1,0,0,0,0,0,1,601.0,WAIT,等待掉台触发,0,0,1
4.227,744.0,1125.0,517.0,1444.0,0.2122,0.7124,0.1643,0.6263,0,0,1,0,0,0,0,0,1,557.0,WAIT,等待掉台触发,0,0,1
4.247,743.0,1125.0,516.0,1442.0,0.2095,0.7124,0.1616,0.6263,0,0,1,0,0,0,0,0,1,208.0,WAIT,等待掉台触发,0,0,1
4.267,743.0,1125.0,516.0,1442.0,0.2095,0.7124,0.1616,0.6242,0,0,1,0,0,0,0,0,1,208.0,WAIT,等待掉台触发,0,0,1
4.287,742.0,1122.0,516.0,1441.0,0.2095,0.7124,0.1616,0.6242,0,0,1,0,0,0,0,0,1,461.0,WAIT,等待掉台触发,0,0,1
4.307,743.0,1124.0,516.0,1442.0,0.2095,0.7102,0.1616,0.6242,0,0,1,0,0,0,0,0,1,485.0,WAIT,等待掉台触发,0,0,1
4.328,744.0,1126.0,517.0,1444.0,0.2095,0.7102,0.1616,0.6242,0,0,1,0,0,0,0,0,1,599.0,WAIT,等待掉台触发,0,0,1
4.348,741.0,1123.0,516.0,1441.0,0.2095,0.7102,0.1616,0.6242,0,0,1,0,0,0,0,0,1,372.0,WAIT,等待掉台触发,0,0,1
4.368,744.0,1126.0,517.0,1444.0,0.2122,0.7146,0.1643,0.6284,0,0,1,0,0,0,0,0,1,485.0,WAIT,等待掉台触发,0,0,1
4.388,744.0,1124.0,516.0,1442.0,0.2122,0.7102,0.1616,0.6242,0,0,1,0,0,0,0,0,1,576.0,WAIT,等待掉台触发,0,0,1
4.408,742.0,1125.0,517.0,1442.0,0.2122,0.7124,0.1643,0.6242,0,0,1,0,0,0,0,0,1,697.0,WAIT,等待掉台触发,0,0,1
4.428,743.0,1124.0,517.0,1443.0,0.2095,0.7102,0.1643,0.6242,0,0,1,0,0,0,0,0,1,542.0,WAIT,等待掉台触发,0,0,1
4.448,742.0,1122.0,516.0,1441.0,0.2068,0.7102,0.1643,0.6242,0,0,1,0,0,0,0,0,1,540.0,WAIT,等待掉台触发,0,0,1
4.468,742.0,1124.0,516.0,1442.0,0.2068,0.7102,0.1616,0.6242,0,0,1,0,0,0,0,0,1,436.0,WAIT,等待掉台触发,0,0,1
4.488,744.0,1126.0,518.0,1444.0,0.2068,0.7102,0.1616,0.6242,0,0,1,0,0,0,0,0,1,259.0,WAIT,等待掉台触发,0,0,1
4.509,743.0,1125.0,517.0,1444.0,0.2095,0.7124,0.1643,0.6284,0,0,1,0,0,0,0,0,1,583.0,WAIT,等待掉台触发,0,0,1
4.529,741.0,1121.0,516.0,1441.0,0.2095,0.7124,0.1643,0.6284,0,0,1,0,0,0,0,0,1,473.0,WAIT,等待掉台触发,0,0,1
4.549,742.0,1123.0,516.0,1441.0,0.2068,0.7081,0.1616,0.6221,0,0,1,0,0,0,0,0,1,585.0,WAIT,等待掉台触发,0,0,1
4.569,742.0,1124.0,516.0,1441.0,0.2068,0.7081,0.1616,0.6221,0,0,1,0,0,0,0,0,1,470.0,WAIT,等待掉台触发,0,0,1
4.589,739.0,1118.0,513.0,1436.0,0.2068,0.7081,0.1616,0.6221,0,0,1,0,0,0,0,0,1,632.0,WAIT,等待掉台触发,0,0,1
4.609,742.0,1123.0,515.0,1442.0,0.2068,0.7081,0.1588,0.6221,0,0,1,0,0,0,0,0,1,569.0,WAIT,等待掉台触发,0,0,1
4.629,743.0,1124.0,518.0,1443.0,0.2068,0.7081,0.1588,0.6242,0,0,1,0,0,0,0,0,1,454.0,WAIT,等待掉台触发,0,0,1
4.649,742.0,1123.0,516.0,1441.0,0.2068,0.7081,0.1616,0.6242,0,0,1,0,0,0,0,0,1,436.0,WAIT,等待掉台触发,0,0,1
4.67,741.0,1122.0,515.0,1440.0,0.2068,0.7081,0.1616,0.6221,0,0,1,0,0,0,0,0,1,193.0,WAIT,等待掉台触发,0,0,1
4.69,741.0,1122.0,515.0,1440.0,0.2041,0.7059,0.1588,0.62,0,0,1,0,0,0,0,0,1,193.0,WAIT,等待掉台触发,0,0,1
4.71,742.0,1122.0,516.0,1440.0,0.2041,0.7059,0.1588,0.62,0,0,1,0,0,0,0,0,1,557.0,WAIT,等待掉台触发,0,0,1
4.731,742.0,1124.0,516.0,1442.0,0.2068,0.7059,0.1616,0.62,0,0,1,0,0,0,0,0,1,617.0,WAIT,等待掉台触发,0,0,1
4.751,740.0,1120.0,515.0,1438.0,0.2068,0.7059,0.1616,0.62,0,0,1,0,0,0,0,0,1,664.0,WAIT,等待掉台触发,0,0,1
4.771,743.0,1123.0,516.0,1443.0,0.2068,0.7081,0.1616,0.6242,0,0,1,0,0,0,0,0,1,544.0,WAIT,等待掉台触发,0,0,1
4.791,744.0,1125.0,516.0,1443.0,0.2095,0.7081,0.1616,0.6263,0,0,1,0,0,0,0,0,1,505.0,WAIT,等待掉台触发,0,0,1
4.811,741.0,1121.0,515.0,1439.0,0.2095,0.7081,0.1616,0.6263,0,0,1,0,0,0,0,0,1,489.0,WAIT,等待掉台触发,0,0,1
4.831,743.0,1124.0,517.0,1443.0,0.2095,0.7102,0.1616,0.6263,0,0,1,0,0,0,0,0,1,601.0,WAIT,等待掉台触发,0,0,1
4.851,742.0,1124.0,516.0,1442.0,0.2068,0.7102,0.1616,0.6242,0,0,1,0,0,0,0,0,1,569.0,WAIT,等待掉台触发,0,0,1
4.871,742.0,1125.0,516.0,1442.0,0.2068,0.7102,0.1616,0.6242,0,0,1,0,0,0,0,0,1,461.0,WAIT,等待掉台触发,0,0,1
4.891,742.0,1124.0,516.0,1442.0,0.2068,0.7102,0.1616,0.6242,0,0,1,0,0,0,0,0,1,487.0,WAIT,等待掉台触发,0,0,1
4.912,742.0,1124.0,516.0,1442.0,0.2068,0.7102,0.1616,0.6242,0,0,1,0,0,0,0,0,1,324.0,WAIT,等待掉台触发,0,0,1
4.932,742.0,1123.0,516.0,1442.0,0.2068,0.7102,0.1616,0.6242,0,0,1,0,0,0,0,0,1,554.0,WAIT,等待掉台触发,0,0,1
4.952,742.0,1122.0,515.0,1440.0,0.2068,0.7081,0.1616,0.6242,0,0,1,0,0,0,0,0,1,456.0,WAIT,等待掉台触发,0,0,1
4.972,742.0,1124.0,516.0,1442.0,0.2068,0.7081,0.1616,0.6242,0,0,1,0,0,0,0,0,1,459.0,WAIT,等待掉台触发,0,0,1
4.992,742.0,1122.0,515.0,1440.0,0.2068,0.7059,0.1588,0.62,0,0,1,0,0,0,0,0,1,485.0,WAIT,等待掉台触发,0,0,1
6.892,744.0,1126.0,516.0,1444.0,0.2068,0.7102,0.1616,0.6242,0,0,1,0,1,0,0,0,1,600.0,WAIT,等待掉台触发,0,0,1
6.912,743.0,1124.0,515.0,1442.0,0.2095,0.7102,0.1588,0.6242,0,0,1,0,1,0,0,0,1,536.0,WAIT,等待掉台触发,0,0,1
6.933,742.0,1122.0,515.0,1441.0,0.2095,0.7102,0.1588,0.6242,0,0,1,0,1,0,0,0,1,485.0,WAIT,等待掉台触发,0,0,1
6.953,743.0,1124.0,516.0,1442.0,0.2095,0.7102,0.1588,0.6242,0,0,1,0,1,0,0,0,1,389.0,WAIT,等待掉台触发,0,0,1
6.973,741.0,1122.0,514.0,1440.0,0.2068,0.7059,0.1588,0.6221,0,0,1,0,1,0,0,0,1,485.0,WAIT,等待掉台触发,0,0,1
6.993,740.0,1121.0,514.0,1437.0,0.2041,0.7059,0.156,0.62,0,0,1,0,1,0,0,0,1,771.0,WAIT,等待掉台触发,0,0,1
7.013,742.0,1122.0,515.0,1439.0,0.2041,0.7059,0.156,0.618,0,0,1,0,1,0,0,0,1,745.0,WAIT,等待掉台触发,0,0,1
7.033,741.0,1122.0,514.0,1440.0,0.2041,0.7059,0.156,0.618,0,0,1,0,1,0,0,0,1,325.0,WAIT,等待掉台触发,0,0,1
7.053,742.0,1123.0,514.0,1440.0,0.2068,0.7059,0.156,0.62,0,0,1,0,1,0,0,0,1,489.0,WAIT,等待掉台触发,0,0,1
7.073,744.0,1124.0,517.0,1444.0,0.2068,0.7081,0.156,0.62,0,0,1,0,1,0,0,0,1,396.0,WAIT,等待掉台触发,0,0,1
7.093,744.0,1125.0,516.0,1443.0,0.2122,0.7102,0.1616,0.6263,0,0,1,0,1,0,0,0,1,307.0,WAIT,等待掉台触发,0,0,1
7.114,743.0,1123.0,515.0,1441.0,0.2122,0.7102,0.1616,0.6263,0,0,1,0,1,0,0,0,1,504.0,WAIT,等待掉台触发,0,0,1
7.134,744.0,1126.0,516.0,1444.0,0.2122,0.7124,0.1616,0.6263,0,0,1,0,1,0,0,0,1,617.0,WAIT,等待掉台触发,0,0,1
7.154,744.0,1125.0,516.0,1443.0,0.2122,0.7124,0.1616,0.6263,0,0,1,0,1,0,0,0,1,552.0,WAIT,等待掉台触发,0,0,1
7.174,743.0,1122.0,514.0,1440.0,0.2122,0.7124,0.1616,0.6263,0,0,1,0,1,0,0,0,1,505.0,WAIT,等待掉台触发,0,0,1
7.194,744.0,1125.0,516.0,1443.0,0.2122,0.7124,0.1616,0.6263,0,0,1,0,1,0,0,0,1,602.0,WAIT,等待掉台触发,0,0,1
7.214,744.0,1125.0,516.0,1444.0,0.2122,0.7124,0.1616,0.6263,0,0,1,0,1,0,0,0,1,537.0,WAIT,等待掉台触发,0,0,1
7.234,744.0,1125.0,515.0,1443.0,0.2122,0.7124,0.1616,0.6263,0,0,1,0,1,0,0,0,1,488.0,WAIT,等待掉台触发,0,0,1
7.254,744.0,1125.0,515.0,1442.0,0.2122,0.7124,0.1588,0.6263,0,0,1,0,1,0,0,0,1,487.0,WAIT,等待掉台触发,0,0,1
7.275,744.0,1125.0,515.0,1442.0,0.2122,0.7124,0.1588,0.6242,0,0,1,0,1,0,0,0,1,487.0,WAIT,等待掉台触发,0,0,1
7.295,745.0,1125.0,517.0,1445.0,0.2122,0.7124,0.1588,0.6242,0,0,1,0,1,0,0,0,1,504.0,WAIT,等待掉台触发,0,0,1
7.315,743.0,1123.0,514.0,1442.0,0.2122,0.7124,0.1588,0.6242,0,0,1,0,1,0,0,0,1,258.0,WAIT,等待掉台触发,0,0,1
7.335,743.0,1126.0,516.0,1442.0,0.2095,0.7124,0.1616,0.6242,0,0,1,0,1,0,0,0,1,504.0,WAIT,等待掉台触发,0,0,1
7.355,743.0,1124.0,515.0,1441.0,0.2095,0.7102,0.1588,0.6242,0,0,1,0,1,0,0,0,1,226.0,WAIT,等待掉台触发,0,0,1
7.375,739.0,1121.0,513.0,1437.0,0.2095,0.7102,0.1588,0.6221,0,0,1,0,1,0,0,0,1,486.0,WAIT,等待掉台触发,0,0,1
7.395,745.0,1124.0,516.0,1443.0,0.2095,0.7102,0.1588,0.6221,0,0,1,0,1,0,0,0,1,585.0,WAIT,等待掉台触发,0,0,1
7.415,744.0,1126.0,516.0,1443.0,0.2122,0.7102,0.1616,0.6263,0,0,1,0,1,0,0,0,1,800.0,WAIT,等待掉台触发,0,0,1
7.435,743.0,1123.0,514.0,1441.0,0.2122,0.7102,0.1616,0.6263,0,0,1,0,1,0,0,0,1,542.0,WAIT,等待掉台触发,0,0,1
7.455,744.0,1125.0,515.0,1443.0,0.2122,0.7124,0.1588,0.6263,0,0,1,0,1,0,0,0,1,551.0,WAIT,等待掉台触发,0,0,1
7.476,744.0,1126.0,516.0,1444.0,0.2122,0.7124,0.1588,0.6263,0,0,1,0,1,0,0,0,1,489.0,WAIT,等待掉台触发,0,0,1
7.496,744.0,1125.0,516.0,1444.0,0.2122,0.7124,0.1616,0.6284,0,0,1,0,1,0,0,0,1,341.0,WAIT,等待掉台触发,0,0,1
7.516,745.0,1126.0,516.0,1444.0,0.2122,0.7146,0.1616,0.6284,0,0,1,0,1,0,0,0,1,542.0,WAIT,等待掉台触发,0,0,1
7.536,743.0,1125.0,516.0,1442.0,0.2122,0.7124,0.1616,0.6284,0,0,1,0,1,0,0,0,1,323.0,WAIT,等待掉台触发,0,0,1
7.556,743.0,1123.0,515.0,1441.0,0.2095,0.7124,0.1616,0.6242,0,0,1,0,1,0,0,0,1,713.0,WAIT,等待掉台触发,0,0,1
7.576,742.0,1122.0,513.0,1439.0,0.2095,0.7081,0.1588,0.6221,0,0,1,0,1,0,0,0,1,487.0,WAIT,等待掉台触发,0,0,1
7.596,743.0,1124.0,515.0,1442.0,0.2095,0.7081,0.1588,0.6221,0,0,1,0,1,0,0,0,1,665.0,WAIT,等待掉台触发,0,0,1
7.616,744.0,1125.0,515.0,1442.0,0.2095,0.7102,0.1588,0.6242,0,0,1,0,1,0,0,0,1,584.0,WAIT,等待掉台触发,0,0,1
7.636,745.0,1127.0,516.0,1442.0,0.2122,0.7124,0.1588,0.6242,0,0,1,0,1,0,0,0,1,454.0,WAIT,等待掉台触发,0,0,1
7.656,744.0,1126.0,516.0,1443.0,0.2122,0.7146,0.1616,0.6242,0,0,1,0,1,0,0,0,1,505.0,WAIT,等待掉台触发,0,0,1
7.676,744.0,1126.0,516.0,1442.0,0.2122,0.7146,0.1616,0.6242,0,0,1,0,1,0,0,0,1,421.0,WAIT,等待掉台触发,0,0,1
7.697,743.0,1124.0,515.0,1441.0,0.2122,0.7146,0.1616,0.6242,0,0,1,0,1,0,0,0,1,601.0,WAIT,等待掉台触发,0,0,1
7.717,742.0,1126.0,515.0,1443.0,0.2095,0.7146,0.1588,0.6242,0,0,1,0,1,0,0,0,1,569.0,WAIT,等待掉台触发,0,0,1
7.737,741.0,1124.0,515.0,1441.0,0.2068,0.7102,0.1588,0.6221,0,0,1,0,1,0,0,0,1,520.0,WAIT,等待掉台触发,0,0,1
7.757,742.0,1120.0,517.0,1445.0,0.2068,0.7102,0.1588,0.6263,0,0,1,0,1,0,0,0,1,469.0,WAIT,等待掉台触发,0,0,1
7.777,744.0,1113.0,518.0,1443.0,0.2068,0.7015,0.1643,0.6263,0,0,1,0,1,0,0,0,1,486.0,WAIT,等待掉台触发,0,0,1
7.797,744.0,1109.0,519.0,1436.0,0.2122,0.6863,0.1671,0.6263,0,0,1,0,1,0,0,0,1,665.0,WAIT,等待掉台触发,0,0,1
7.817,744.0,1109.0,519.0,1436.0,0.2122,0.6776,0.1699,0.6117,0,0,1,0,1,0,0,0,1,665.0,WAIT,等待掉台触发,0,0,1
7.837,743.0,1107.0,519.0,1432.0,0.2122,0.6776,0.1699,0.6117,0,0,1,0,1,0,0,0,1,537.0,WAIT,等待掉台触发,0,0,1
7.858,743.0,1108.0,520.0,1431.0,0.2095,0.6754,0.1699,0.6033,0,0,1,0,1,0,0,0,1,454.0,WAIT,等待掉台触发,0,0,1
7.878,742.0,1110.0,521.0,1429.0,0.2095,0.6754,0.1727,0.6013,0,0,1,0,1,0,0,0,1,477.0,WAIT,等待掉台触发,0,0,1
7.898,742.0,1109.0,518.0,1426.0,0.2068,0.6776,0.1727,0.5971,0,0,1,0,1,0,0,0,1,453.0,WAIT,等待掉台触发,0,0,1
7.918,744.0,1108.0,516.0,1429.0,0.2068,0.6776,0.1671,0.5971,0,0,1,0,1,0,0,0,1,244.0,WAIT,等待掉台触发,0,0,1
7.938,741.0,1114.0,512.0,1428.0,0.2068,0.6776,0.1616,0.595,0,0,1,0,1,0,0,0,1,539.0,WAIT,等待掉台触发,0,0,1
7.958,738.0,1117.0,512.0,1419.0,0.2041,0.6885,0.1504,0.595,0,0,1,0,1,0,0,0,1,438.0,WAIT,等待掉台触发,0,0,1
7.978,734.0,1109.0,512.0,1420.0,0.1959,0.6885,0.1504,0.5783,0,0,1,0,1,0,0,0,1,470.0,WAIT,等待掉台触发,0,0,1
7.998,732.0,1103.0,511.0,1440.0,0.185,0.6776,0.1504,0.5783,0,0,1,0,1,0,0,0,1,520.0,WAIT,等待掉台触发,0,0,1
8.018,734.0,1105.0,510.0,1432.0,0.185,0.6688,0.1476,0.6033,0,0,1,0,1,0,0,0,1,618.0,WAIT,等待掉台触发,0,0,1
8.039,734.0,1088.0,519.0,1445.0,0.185,0.6645,0.1476,0.62,0,0,1,0,1,0,0,0,1,557.0,WAIT,等待掉台触发,0,0,1
8.059,742.0,1076.0,525.0,1443.0,0.185,0.6318,0.1699,0.6263,0,0,1,0,1,0,0,0,1,345.0,WAIT,等待掉台触发,0,0,1
8.079,749.0,1099.0,541.0,1438.0,0.2068,0.6318,0.1866,0.6263,0,0,1,0,0,0,0,0,1,506.0,WAIT,等待掉台触发,0,0,1
8.099,749.0,1109.0,538.0,1433.0,0.2259,0.6558,0.2228,0.6159,0,0,1,0,0,0,0,0,1,473.0,WAIT,等待掉台触发,0,0,1
8.119,748.0,1095.0,524.0,1429.0,0.2259,0.6558,0.2228,0.6054,0,0,1,0,0,0,0,0,1,570.0,WAIT,等待掉台触发,0,0,1
8.14,754.0,1092.0,517.0,1424.0,0.2259,0.6471,0.1838,0.5971,0,0,1,0,0,0,0,0,1,454.0,WAIT,等待掉台触发,0,0,1
8.16,761.0,1109.0,533.0,1439.0,0.2395,0.6471,0.1838,0.5971,0,0,1,0,0,0,0,0,1,422.0,WAIT,等待掉台触发,0,0,1
8.18,773.0,1109.0,522.0,1459.0,0.2585,0.6776,0.1783,0.618,0,0,1,0,0,0,0,0,1,409.0,WAIT,等待掉台触发,0,0,1
8.2,789.0,1105.0,527.0,1462.0,0.2912,0.6776,0.1922,0.6597,0,0,1,0,0,0,0,0,1,455.0,WAIT,等待掉台触发,0,0,1
8.221,778.0,1119.0,523.0,1464.0,0.3048,0.6776,0.1811,0.666,0,0,1,0,0,0,0,0,1,438.0,WAIT,等待掉台触发,0,0,1
8.241,778.0,1119.0,523.0,1464.0,0.3048,0.6993,0.1811,0.6701,0,0,1,0,0,0,0,0,1,438.0,WAIT,等待掉台触发,0,0,1
8.261,770.0,1109.0,513.0,1462.0,0.3048,0.6993,0.1811,0.6701,0,0,1,0,0,0,0,0,1,420.0,WAIT,等待掉台触发,0,0,1
8.281,774.0,1134.0,523.0,1449.0,0.2939,0.6993,0.1811,0.666,0,0,1,0,0,0,0,0,1,372.0,WAIT,等待掉台触发,0,0,1
8.301,780.0,1147.0,533.0,1473.0,0.2939,0.732,0.1811,0.666,0,0,1,0,0,0,0,0,1,358.0,WAIT,等待掉台触发,0,0,1
8.321,776.0,1136.0,529.0,1475.0,0.2993,0.7364,0.1978,0.6889,0,0,1,0,0,0,0,0,1,380.0,WAIT,等待掉台触发,0,0,1
8.341,789.0,1155.0,532.0,1497.0,0.3102,0.7603,0.2061,0.6931,0,0,0,0,0,0,0,0,1,355.0,WAIT,等待掉台触发,0,0,1
8.362,788.0,1163.0,540.0,1507.0,0.332,0.7778,0.2061,0.739,0,0,0,0,0,0,0,0,1,307.0,WAIT,等待掉台触发,0,0,1
8.382,798.0,1155.0,557.0,1509.0,0.3347,0.7778,0.2284,0.7599,0,0,0,0,0,0,0,0,1,275.0,WAIT,等待掉台触发,0,0,1
8.402,808.0,1158.0,554.0,1517.0,0.3592,0.7843,0.2674,0.7641,0,0,0,0,0,0,0,0,1,9.0,WAIT,等待掉台触发,0,0,1
8.422,818.0,1166.0,566.0,1512.0,0.3864,0.7843,0.2758,0.7704,0,0,0,0,0,0,0,0,1,-5.0,WAIT,等待掉台触发,0,0,1
8.442,814.0,1175.0,570.0,1532.0,0.4027,0.8017,0.3008,0.7808,0,0,0,0,0,0,0,0,1,-6.0,WAIT,等待掉台触发,0,0,1
8.463,829.0,1177.0,573.0,1550.0,0.4136,0.8214,0.312,0.8121,0,0,0,0,0,0,0,0,1,-6.0,WAIT,等待掉台触发,0,0,1
8.483,837.0,1196.0,573.0,1544.0,0.4435,0.8257,0.3203,0.8372,0,0,0,0,0,0,0,0,1,-11.0,WAIT,等待掉台触发,0,0,1
8.503,848.0,1209.0,584.0,1564.0,0.4653,0.8671,0.3203,0.8497,0,0,0,0,0,0,0,0,1,-5.0,WAIT,等待掉台触发,0,0,1
8.523,842.0,1196.0,586.0,1578.0,0.4789,0.8671,0.351,0.8789,0,0,0,0,0,0,0,0,1,-6.0,WAIT,等待掉台触发,0,0,1
8.544,857.0,1205.0,600.0,1581.0,0.4952,0.8867,0.3565,0.9081,0,0,0,0,0,0,0,0,1,2.0,WAIT,等待掉台触发,0,0,1
8.564,864.0,1212.0,595.0,1580.0,0.5197,0.8867,0.3816,0.9123,0,0,0,0,0,0,0,0,1,-7.0,WAIT,等待掉台触发,0,0,1
8.584,857.0,1205.0,596.0,1587.0,0.5197,0.8867,0.3844,0.9144,0,0,0,0,0,0,0,0,1,-6.0,WAIT,等待掉台触发,0,0,1
8.604,874.0,1229.0,600.0,1598.0,0.5388,0.902,0.3844,0.9269,0,0,0,0,0,0,0,0,1,-4.0,WAIT,等待掉台触发,0,0,1
8.624,893.0,1221.0,608.0,1611.0,0.566,0.9216,0.3955,0.9499,0,0,0,0,0,0,0,0,1,-6.0,WAIT,等待掉台触发,0,0,1
8.644,898.0,1238.0,612.0,1613.0,0.6177,0.939,0.4178,0.977,0,0,0,0,0,0,0,0,1,-6.0,WAIT,等待掉台触发,0,0,1
8.664,912.0,1254.0,628.0,1630.0,0.6313,0.9586,0.429,0.9812,0,0,0,0,0,0,0,0,1,-5.0,WAIT,等待掉台触发,0,0,1
8.685,912.0,1254.0,628.0,1630.0,0.6694,0.9935,0.4735,1.0167,0,0,0,0,0,0,0,0,1,-5.0,WAIT,等待掉台触发,0,0,1
8.705,910.0,1254.0,632.0,1632.0,0.6694,0.9935,0.4735,1.0167,0,0,0,0,0,1,0,0,1,-2.0,WAIT,等待掉台触发,0,0,1
8.725,913.0,1276.0,642.0,1636.0,0.6694,0.9935,0.4847,1.0209,0,0,0,0,0,1,0,0,1,-7.0,WAIT,等待掉台触发,0,0,1
8.745,934.0,1280.0,645.0,1658.0,0.6721,1.0414,0.5125,1.0292,0,0,0,0,0,1,0,0,1,-6.0,WAIT,等待掉台触发,0,0,1
8.765,941.0,1280.0,652.0,1665.0,0.7293,1.0501,0.5209,1.0752,0,0,0,0,0,1,0,0,1,-6.0,WAIT,等待掉台触发,0,0,1
8.785,950.0,1317.0,662.0,1680.0,0.7483,1.0501,0.5404,1.0898,0,0,0,0,0,1,0,0,1,-7.0,WAIT,等待掉台触发,0,0,1
8.805,978.0,1349.0,673.0,1692.0,0.7728,1.1307,0.5682,1.1211,0,0,0,0,0,1,0,0,1,-6.0,WAIT,等待掉台触发,0,0,1
8.825,988.0,1361.0,687.0,1714.0,0.849,1.2004,0.5989,1.1461,0,0,0,0,1,1,0,0,1,-14.0,WAIT,等待掉台触发,0,0,1
8.846,1011.0,1379.0,702.0,1729.0,0.8762,1.2266,0.6379,1.1921,0,0,0,0,1,1,0,0,1,-7.0,WAIT,等待掉台触发,0,0,1
8.866,1024.0,1374.0,695.0,1726.0,0.9388,1.2549,0.6602,1.2171,0,0,0,0,1,1,0,0,1,-7.0,WAIT,等待掉台触发,0,0,1
8.887,1035.0,1401.0,715.0,1740.0,0.9741,1.2658,0.6797,1.2234,0,0,0,0,0,1,0,0,1,-1.0,WAIT,等待掉台触发,0,0,1
8.907,1062.0,1436.0,742.0,1759.0,1.0041,1.3137,0.7159,1.2463,0,0,0,0,0,1,0,0,1,-8.0,WAIT,等待掉台触发,0,0,1
8.927,1089.0,1460.0,768.0,1773.0,1.0776,1.39,0.7911,1.286,0,0,0,0,0,1,0,0,1,-7.0,WAIT,等待掉台触发,0,0,1
8.947,1120.0,1479.0,781.0,1793.0,1.151,1.4423,0.8635,1.3152,0,0,0,0,0,1,0,0,1,-8.0,WAIT,等待掉台触发,0,0,1
8.967,1145.0,1512.0,809.0,1811.0,1.2354,1.4837,0.8997,1.357,0,0,0,0,0,1,0,0,1,-4.0,WAIT,等待掉台触发,0,0,1
8.987,1174.0,1533.0,829.0,1838.0,1.3034,1.5556,0.9777,1.3946,0,0,0,0,0,1,0,0,1,-6.0,WAIT,等待掉台触发,0,0,1
9.008,1191.0,1545.0,841.0,1859.0,1.3823,1.6013,1.0334,1.4509,0,0,0,0,0,1,0,0,1,-8.0,WAIT,等待掉台触发,0,0,1
9.028,1213.0,1558.0,876.0,1884.0,1.4286,1.6275,1.0669,1.4948,0,0,0,0,0,1,0,0,1,-8.0,WAIT,等待掉台触发,0,0,1
9.048,1235.0,1600.0,912.0,1893.0,1.4884,1.6558,1.1643,1.547,0,0,0,0,0,1,0,0,1,-1.0,WAIT,等待掉台触发,0,0,1
9.068,1235.0,1600.0,912.0,1893.0,1.5483,1.7473,1.2646,1.5658,0,0,0,0,0,1,0,0,1,-1.0,WAIT,等待掉台触发,0,0,1
9.088,1268.0,1622.0,932.0,1888.0,1.5483,1.7473,1.2646,1.5658,0,0,0,0,0,1,0,0,1,-9.0,WAIT,等待掉台触发,0,0,1
9.108,1286.0,1649.0,960.0,2084.0,1.6381,1.7952,1.3203,1.5658,0,0,0,0,0,1,0,0,1,-8.0,WAIT,等待掉台触发,0,0,1
9.129,1316.0,1680.0,973.0,2015.0,1.6871,1.854,1.3983,1.8205,0,0,0,0,0,1,0,0,1,-1.0,WAIT,等待掉台触发,0,0,1
9.149,1340.0,1724.0,995.0,1993.0,1.7687,1.9216,1.4345,1.8205,0,0,0,0,0,1,0,0,1,-8.0,WAIT,等待掉台触发,0,0,1
9.169,1255.0,1744.0,1018.0,1991.0,1.7687,2.0174,1.4958,1.7745,0,0,0,0,0,1,0,0,1,-9.0,WAIT,等待掉台触发,0,0,1
9.189,1152.0,1780.0,1031.0,1995.0,1.6027,2.061,1.5599,1.7745,0,0,0,0,0,1,0,0,1,-8.0,WAIT,等待掉台触发,0,0,1
9.209,1116.0,1808.0,1013.0,2004.0,1.3224,2.1394,1.5599,1.7787,0,0,0,0,0,1,0,0,1,-10.0,WAIT,等待掉台触发,0,0,1
9.229,1105.0,1814.0,728.0,1994.0,1.2245,2.2004,1.546,1.7787,0,0,0,0,0,1,0,0,1,-10.0,WAIT,等待掉台触发,0,0,1
9.249,1093.0,1825.0,693.0,2005.0,1.1946,2.2135,0.7521,1.7975,0,0,0,0,0,1,0,0,1,-3.0,WAIT,等待掉台触发,0,0,1
9.27,1137.0,1830.0,679.0,2012.0,1.1946,2.2375,0.6546,1.7996,0,0,0,0,0,1,0,0,1,-8.0,WAIT,等待掉台触发,0,0,1
9.29,1111.0,1853.0,689.0,1881.0,1.2109,2.2484,0.6435,1.7996,0,0,0,0,0,1,0,0,1,-9.0,WAIT,等待掉台触发,0,0,1
9.31,1086.0,1876.0,702.0,1580.0,1.2109,2.2985,0.6435,1.5407,0,0,0,0,0,1,0,0,1,-10.0,WAIT,等待掉台触发,0,0,1
9.33,1078.0,1783.0,704.0,1507.0,1.1429,2.2985,0.6797,0.9123,0,0,0,0,0,1,0,0,1,-21.0,WAIT,等待掉台触发,0,0,1
9.35,1089.0,1413.0,810.0,1512.0,1.1429,2.146,0.6852,0.7704,0,0,0,0,0,1,0,0,1,-6.0,WAIT,等待掉台触发,0,0,1
9.37,1089.0,1394.0,1184.0,1501.0,1.151,1.3399,0.9805,0.7599,0,0,0,0,0,1,0,0,1,-7.0,WAIT,等待掉台触发,0,0,1
9.391,1307.0,1390.0,1256.0,1507.0,1.151,1.2985,2.0223,0.7599,0,0,0,0,0,1,0,0,1,-7.0,WAIT,等待掉台触发,0,0,1
9.411,1307.0,1390.0,1256.0,1507.0,1.7442,1.2898,2.2228,0.7599,0,0,0,0,0,1,0,0,1,-7.0,WAIT,等待掉台触发,0,0,1
9.431,1516.0,1378.0,1252.0,1532.0,1.7442,1.2898,2.2228,0.7599,0,0,0,0,0,0,0,0,1,74.0,WAIT,等待掉台触发,0,0,1
9.451,1538.0,1349.0,887.0,2070.0,2.3129,1.2636,2.2117,0.8121,0,0,0,0,0,0,0,0,1,-6.0,WAIT,等待掉台触发,0,0,1
9.471,1536.0,1353.0,667.0,2213.0,2.3673,1.2092,1.195,1.9353,0,0,0,0,0,0,0,0,1,-4.0,WAIT,等待掉台触发,0,0,1
9.491,1256.0,1362.0,704.0,2235.0,2.3673,1.2092,0.6852,2.2338,0,0,0,0,0,0,0,0,1,-3.0,WAIT,等待掉台触发,0,0,1
9.511,1152.0,1356.0,704.0,2235.0,1.6054,1.2157,0.6852,2.2797,0,0,0,0,0,0,0,0,1,3.0,WAIT,等待掉台触发,0,0,1
9.531,1119.0,1507.0,1108.0,2225.0,1.3224,1.2288,0.6852,2.2797,0,0,0,0,0,0,0,0,1,44.0,WAIT,等待掉台触发,0,0,1
9.552,1110.0,2064.0,1242.0,1875.0,1.2327,1.5447,1.8106,2.2589,0,0,0,0,0,0,0,0,1,-10.0,WAIT,等待掉台触发,0,0,1
9.572,1008.0,2112.0,1126.0,1543.0,1.2082,2.7582,1.8607,1.5282,0,0,0,0,0,0,0,0,1,-10.0,WAIT,等待掉台触发,0,0,1
9.592,1037.0,2116.0,1213.0,1513.0,1.0095,2.8627,2.1031,0.8351,0,0,0,0,0,0,0,0,1,76.0,WAIT,等待掉台触发,0,0,1
9.612,1065.0,1783.0,904.0,1510.0,1.0095,2.8627,1.8607,0.7724,0,0,0,0,0,0,0,0,1,-9.0,WAIT,等待掉台触发,0,0,1
9.632,1077.0,1399.0,694.0,1552.0,1.0857,2.146,1.2423,0.7724,0,0,0,0,0,0,0,0,1,2.0,WAIT,等待掉台触发,0,0,1
9.652,1071.0,1365.0,704.0,1896.0,1.102,1.3094,0.6852,0.8539,0,0,0,0,0,0,0,0,1,-7.0,WAIT,等待掉台触发,0,0,1
9.672,1057.0,1352.0,936.0,2007.0,1.102,1.2353,0.6852,1.572,0,0,0,0,0,0,0,0,1,-8.0,WAIT,等待掉台触发,0,0,1
9.692,1057.0,1323.0,1239.0,2004.0,1.0639,1.207,1.3315,1.7975,0,0,0,0,0,1,0,0,1,-8.0,WAIT,等待掉台触发,0,0,1
9.712,1152.0,1306.0,1249.0,1773.0,1.0639,1.1438,2.1755,1.7975,0,0,0,0,0,1,0,0,1,25.0,WAIT,等待掉台触发,0,0,1
9.733,1256.0,1240.0,1129.0,1717.0,1.3224,1.1068,2.1755,1.3152,0,0,0,0,0,1,0,0,1,2.0,WAIT,等待掉台触发,0,0,1
9.753,1266.0,1251.0,651.0,1894.0,1.6054,0.9869,1.8691,1.3152,0,0,0,0,0,1,0,0,1,-7.0,WAIT,等待掉台触发,0,0,1
9.773,1266.0,1251.0,651.0,1894.0,1.6327,0.9869,0.5376,1.5678,0,0,0,0,0,1,0,0,1,-7.0,WAIT,等待掉台触发,0,0,1
9.793,1248.0,1232.0,630.0,1888.0,1.6327,0.9869,0.5376,1.5678,0,0,0,0,0,1,0,0,1,10.0,WAIT,等待掉台触发,0,0,1
9.813,1230.0,1211.0,636.0,1881.0,1.5837,0.9455,0.4958,1.5553,0,0,0,0,0,0,0,0,1,-4.0,WAIT,等待掉台触发,0,0,1
9.833,1220.0,1254.0,635.0,1864.0,1.5347,0.9455,0.493,1.5407,0,0,0,0,0,0,0,0,1,274.0,WAIT,等待掉台触发,0,0,1
9.854,1204.0,1582.0,640.0,1855.0,1.5075,0.9935,0.4958,1.5052,0,0,0,0,0,0,0,0,1,-6.0,WAIT,等待掉台触发,0,0,1
9.874,1181.0,1654.0,632.0,1832.0,1.4639,1.7081,0.493,1.4864,0,0,0,0,0,0,0,0,1,-9.0,WAIT,等待掉台触发,0,0,1
9.894,1158.0,1642.0,828.0,1800.0,1.4014,1.8388,0.507,1.4384,0,0,0,0,0,0,0,0,1,-8.0,WAIT,等待掉台触发,0,0,1
9.914,1138.0,1649.0,910.0,1790.0,1.3388,1.854,1.0306,1.3716,0,0,0,0,0,0,0,0,1,75.0,WAIT,等待掉台触发,0,0,1
9.935,1125.0,1690.0,910.0,1797.0,1.2844,1.854,1.2591,1.3653,0,0,0,0,0,0,0,0,1,44.0,WAIT,等待掉台触发,0,0,1
9.955,1101.0,1699.0,908.0,1793.0,1.249,1.9434,1.2591,1.357,0,0,0,0,0,0,0,0,1,-9.0,WAIT,等待掉台触发,0,0,1
9.975,1075.0,1689.0,886.0,1776.0,1.1837,1.9434,1.2535,1.357,0,0,0,0,0,0,0,0,1,-1.0,WAIT,等待掉台触发,0,0,1
9.996,1057.0,1667.0,875.0,1749.0,1.1129,1.9412,1.1922,1.3215,0,0,0,0,0,0,0,0,1,36.0,WAIT,等待掉台触发,0,0,1
10.016,1046.0,1643.0,857.0,1728.0,1.0639,1.8932,1.1616,1.2651,0,0,0,0,0,0,0,0,1,43.0,WAIT,等待掉台触发,0,0,1
10.036,1026.0,1614.0,844.0,1699.0,1.034,1.841,1.1114,1.2213,0,0,0,0,0,0,0,0,1,46.0,WAIT,等待掉台触发,0,0,1
10.056,994.0,1585.0,824.0,1669.0,0.9796,1.7778,1.0752,1.1608,0,0,0,0,0,1,0,0,1,-19.0,WAIT,等待掉台触发,0,0,1
10.076,979.0,1552.0,802.0,1652.0,0.8925,1.7146,1.0195,1.0981,0,0,0,0,0,1,0,0,1,-10.0,WAIT,等待掉台触发,0,0,1
10.096,961.0,1526.0,776.0,1630.0,0.8517,1.6427,0.9582,1.0626,0,0,0,0,0,1,0,0,1,125.0,WAIT,等待掉台触发,0,0,1
10.116,942.0,1491.0,738.0,1612.0,0.8027,1.5861,0.8858,1.0167,0,0,0,0,0,1,0,0,1,16.0,WAIT,等待掉台触发,0,0,1
10.137,920.0,1470.0,720.0,1590.0,0.751,1.5098,0.7799,0.9791,0,0,0,0,0,1,0,0,1,-8.0,WAIT,等待掉台触发,0,0,1
10.157,890.0,1446.0,704.0,1564.0,0.6912,1.4641,0.7298,0.9332,0,0,0,0,0,1,0,0,1,-6.0,WAIT,等待掉台触发,0,0,1
10.177,890.0,1446.0,704.0,1564.0,0.6095,1.4118,0.6852,0.8789,0,0,0,0,0,1,0,0,1,-6.0,WAIT,等待掉台触发,0,0,1
10.197,871.0,1403.0,689.0,1542.0,0.6095,1.4118,0.6852,0.8789,0,0,0,0,0,1,0,0,1,-7.0,WAIT,等待掉台触发,0,0,1
10.217,852.0,1371.0,666.0,1520.0,0.5578,1.3181,0.6435,0.833,0,0,0,0,0,1,0,0,1,-6.0,WAIT,等待掉台触发,0,0,1
10.237,842.0,1337.0,647.0,1491.0,0.5061,1.2484,0.5794,0.7871,0,0,0,0,0,1,0,0,1,-7.0,WAIT,等待掉台触发,0,0,1
10.257,830.0,1329.0,629.0,1468.0,0.4789,1.1743,0.5265,0.7265,0,0,0,0,0,1,0,0,1,-7.0,WAIT,等待掉台触发,0,0,1
10.278,825.0,1303.0,631.0,1467.0,0.4463,1.1569,0.4819,0.6785,0,0,0,0,0,1,0,0,1,-8.0,WAIT,等待掉台触发,0,0,1
10.298,804.0,1265.0,618.0,1455.0,0.4327,1.1002,0.4763,0.6764,0,0,0,0,0,0,0,0,1,126.0,WAIT,等待掉台触发,0,0,1
10.318,795.0,1253.0,602.0,1432.0,0.3755,1.0174,0.4457,0.6514,0,0,0,0,0,0,0,0,1,-7.0,WAIT,等待掉台触发,0,0,1
10.338,783.0,1233.0,595.0,1413.0,0.351,0.9913,0.4011,0.6033,0,0,0,0,0,0,0,0,1,-5.0,WAIT,等待掉台触发,0,0,1
10.358,767.0,1226.0,588.0,1390.0,0.3184,0.9477,0.3816,0.5637,0,0,0,0,0,0,0,0,1,-6.0,WAIT,等待掉台触发,0,0,1
10.378,755.0,1200.0,568.0,1379.0,0.2748,0.9325,0.3621,0.5157,0,0,0,0,0,0,0,0,1,-7.0,WAIT,等待掉台触发,0,0,1
10.399,745.0,1187.0,549.0,1347.0,0.2422,0.8758,0.3064,0.4927,0,0,0,0,0,0,0,0,1,145.0,WAIT,等待掉台触发,0,0,1
10.419,733.0,1163.0,541.0,1341.0,0.215,0.8475,0.2535,0.4259,0,0,0,0,0,0,0,0,1,74.0,WAIT,等待掉台触发,0,0,1
10.439,720.0,1158.0,535.0,1338.0,0.1823,0.7952,0.2312,0.4134,0,0,0,0,0,0,0,0,1,45.0,WAIT,等待掉台触发,0,0,1
10.459,713.0,1124.0,536.0,1318.0,0.1469,0.7843,0.2173,0.4071,0,0,0,0,0,0,0,0,1,27.0,WAIT,等待掉台触发,0,0,1
10.479,701.0,1111.0,529.0,1303.0,0.1279,0.7102,0.2145,0.3653,0,0,0,0,0,0,0,0,1,11.0,WAIT,等待掉台触发,0,0,1
10.499,698.0,1108.0,515.0,1286.0,0.0952,0.6819,0.1978,0.334,0,0,0,0,0,1,0,0,1,29.0,WAIT,等待掉台触发,0,0,1
10.519,702.0,1092.0,501.0,1296.0,0.0952,0.6754,0.1588,0.3194,0,0,0,0,0,1,0,0,1,274.0,WAIT,等待掉台触发,0,0,1
10.54,696.0,1075.0,502.0,1285.0,0.0871,0.6405,0.1226,0.2985,0,0,0,0,0,1,0,0,1,143.0,WAIT,等待掉台触发,0,0,1
10.56,694.0,1057.0,498.0,1277.0,0.0816,0.6035,0.1198,0.2965,0,0,0,0,0,1,0,0,1,-5.0,WAIT,等待掉台触发,0,0,1
10.58,694.0,1057.0,498.0,1277.0,0.0762,0.5643,0.1114,0.2797,0,0,0,0,0,1,0,0,1,-5.0,WAIT,等待掉台触发,0,0,1
10.6,686.0,1056.0,506.0,1261.0,0.0762,0.5643,0.1114,0.2797,0,0,0,0,0,1,0,0,1,-6.0,WAIT,等待掉台触发,0,0,1
10.62,677.0,1038.0,495.0,1236.0,0.0544,0.5621,0.1114,0.2463,0,0,0,0,0,1,0,0,1,176.0,WAIT,等待掉台触发,0,0,1
10.64,668.0,1015.0,492.0,1214.0,0.0299,0.5229,0.1031,0.1942,0,0,0,0,0,1,0,0,1,110.0,WAIT,等待掉台触发,0,0,1
10.66,664.0,1009.0,483.0,1211.0,0.0054,0.4728,0.0947,0.1482,0,0,0,0,0,1,0,0,1,-5.0,WAIT,等待掉台触发,0,0,1
10.681,675.0,1008.0,481.0,1204.0,0.0054,0.4597,0.0696,0.142,0,0,0,0,0,1,0,0,1,-6.0,WAIT,等待掉台触发,0,0,1
10.701,665.0,999.0,470.0,1192.0,-0.0027,0.4575,0.0641,0.1273,0,0,0,0,0,1,0,0,1,-4.0,WAIT,等待掉台触发,0,0,1
10.721,655.0,996.0,472.0,1176.0,-0.0027,0.4379,0.039,0.1023,0,0,0,0,0,1,0,0,1,127.0,WAIT,等待掉台触发,0,0,1
10.741,646.0,987.0,468.0,1156.0,-0.0299,0.4314,0.0334,0.0689,0,0,0,0,0,1,0,0,1,144.0,WAIT,等待掉台触发,0,0,1
10.761,641.0,978.0,458.0,1147.0,-0.0544,0.4118,0.0279,0.0271,0,0,0,0,0,1,0,0,1,127.0,WAIT,等待掉台触发,0,0,1
10.781,649.0,986.0,446.0,1164.0,-0.0544,0.4096,0.0,0.0271,0,0,0,0,0,1,0,0,1,-7.0,WAIT,等待掉台触发,0,0,1
10.801,641.0,968.0,450.0,1156.0,-0.068,0.3922,-0.0223,0.0271,0,0,0,0,0,1,0,0,1,95.0,WAIT,等待掉台触发,0,0,1
10.821,641.0,965.0,456.0,1149.0,-0.068,0.3704,-0.0223,0.0271,0,0,0,0,0,1,0,0,1,45.0,WAIT,等待掉台触发,0,0,1
10.842,619.0,956.0,436.0,1165.0,-0.068,0.3638,-0.0223,0.0271,0,0,0,0,0,1,0,0,1,144.0,WAIT,等待掉台触发,0,0,1
10.862,627.0,950.0,435.0,1145.0,-0.1061,0.3442,-0.0613,0.0125,0,0,0,0,0,1,0,0,1,-4.0,WAIT,等待掉台触发,0,0,1
10.882,619.0,944.0,448.0,1116.0,-0.1279,0.3312,-0.0613,0.0042,0,0,0,0,0,0,0,0,1,4.0,WAIT,等待掉台触发,0,0,1
10.902,611.0,927.0,446.0,1116.0,-0.1279,0.3181,-0.0334,-0.0564,0,0,0,0,0,0,0,0,1,145.0,WAIT,等待掉台触发,0,0,1
10.922,608.0,921.0,437.0,1102.0,-0.1497,0.281,-0.0334,-0.0564,0,0,0,0,0,0,0,0,1,145.0,WAIT,等待掉台触发,0,0,1
10.942,597.0,934.0,434.0,1115.0,-0.1578,0.281,-0.0585,-0.0585,0,0,0,0,0,0,0,0,1,95.0,WAIT,等待掉台触发,0,0,1
10.962,589.0,937.0,435.0,1092.0,-0.1878,0.2963,-0.0641,-0.0856,0,0,0,0,0,0,0,0,1,10.0,WAIT,等待掉台触发,0,0,1
10.982,589.0,937.0,435.0,1092.0,-0.2095,0.3028,-0.0641,-0.1065,0,0,0,0,0,0,0,0,1,10.0,WAIT,等待掉台触发,0,0,1
11.002,598.0,929.0,419.0,1106.0,-0.2095,0.3028,-0.0641,-0.1065,0,0,0,0,0,0,0,0,1,-8.0,WAIT,等待掉台触发,0,0,1
11.023,606.0,922.0,433.0,1100.0,-0.185,0.2854,-0.0696,-0.0898,0,0,0,0,0,0,0,0,1,79.0,WAIT,等待掉台触发,0,0,1
11.043,599.0,893.0,423.0,1093.0,-0.1823,0.2702,-0.0975,-0.0898,0,0,0,0,0,1,0,0,1,61.0,WAIT,等待掉台触发,0,0,1
11.063,576.0,922.0,424.0,1102.0,-0.1823,0.2702,-0.0947,-0.0898,0,0,0,0,0,1,0,0,1,62.0,WAIT,等待掉台触发,0,0,1
11.083,580.0,893.0,419.0,1125.0,-0.234,0.207,-0.0975,-0.0856,0,0,0,0,0,1,0,0,1,2.0,WAIT,等待掉台触发,0,0,1
11.104,576.0,870.0,419.0,1074.0,-0.2449,0.207,-0.1086,-0.0856,0,0,0,0,0,1,0,0,1,-4.0,WAIT,等待掉台触发,0,0,1
11.124,563.0,854.0,408.0,678.0,-0.2449,0.1569,-0.1086,-0.1441,0,0,0,0,0,1,0,0,1,120.0,WAIT,等待掉台触发,0,0,1
11.144,558.0,852.0,403.0,492.0,-0.2803,0.122,-0.1393,-0.9708,0,0,0,0,0,1,0,0,1,95.0,WAIT,等待掉台触发,0,0,1
11.164,548.0,838.0,388.0,411.0,-0.2939,0.1176,-0.1532,-1.3591,0,0,0,0,0,1,0,0,1,112.0,WAIT,等待掉台触发,0,0,1
11.184,541.0,826.0,366.0,374.0,-0.3211,0.0871,-0.195,-1.5282,0,0,0,0,0,1,0,0,1,-3.0,WAIT,等待掉台触发,0,0,1
11.204,1042.0,763.0,331.0,360.0,-0.3211,0.061,-0.2563,-1.6054,0,0,0,0,0,1,0,0,1,9.0,WAIT,等待掉台触发,0,0,1
11.224,1240.0,734.0,291.0,374.0,1.0231,-0.0763,-0.3538,-1.6054,0,0,0,0,0,1,0,0,1,46.0,WAIT,等待掉台触发,0,0,1
11.244,806.0,688.0,261.0,393.0,1.0231,-0.1394,-0.4652,-1.6054,0,0,0,0,0,1,0,0,1,113.0,WAIT,等待掉台触发,0,0,1
11.264,509.0,655.0,232.0,402.0,0.381,-0.2397,-0.5487,-1.5658,0,0,0,0,0,1,0,0,1,80.0,WAIT,等待掉台触发,0,0,1
11.285,408.0,622.0,209.0,472.0,-0.4272,-0.3115,-0.6295,-1.547,1,0,0,0,0,0,0,0,1,20.0,WAIT,等待掉台触发,0,0,1
11.305,314.0,584.0,192.0,648.0,-0.702,-0.3834,-0.6936,-1.4008,1,0,0,0,0,0,0,0,1,-3.0,WAIT,等待掉台触发,0,0,1
11.325,249.0,593.0,191.0,802.0,-0.9578,-0.4466,-0.7409,-1.0334,1,1,0,0,0,0,0,0,1,31.0,SAFE_STOP,掉台但六路红外均无值,0,0,1
11.345,215.0,876.0,112.0,792.0,-1.1347,-0.4466,-0.7437,-0.7328,1,0,0,0,0,0,0,0,1,78.0,SAFE_STOP,掉台但六路红外均无值,0,0,1
11.365,189.0,682.0,100.0,730.0,-1.2272,-0.2527,-0.9638,-0.7328,1,0,0,0,0,0,0,0,1,33.0,SAFE_STOP,掉台但六路红外均无值,0,0,1
11.385,168.0,509.0,105.0,640.0,-1.298,-0.2527,-0.9833,-0.8622,1,0,0,0,0,0,0,0,1,64.0,SAFE_STOP,掉台但六路红外均无值,0,0,1
11.406,150.0,435.0,103.0,483.0,-1.3551,-0.6296,-0.9889,-1.0501,1,0,0,0,0,0,0,0,1,32.0,SAFE_STOP,掉台但六路红外均无值,0,0,1
11.426,137.0,361.0,100.0,420.0,-1.4041,-0.7908,-0.9889,-1.3779,1,0,0,0,0,1,0,0,1,48.0,SAFE_STOP,掉台但六路红外均无值,0,0,1
11.447,128.0,268.0,103.0,369.0,-1.4395,-0.9521,-0.9889,-1.5094,1,0,0,0,0,1,0,0,1,81.0,SAFE_STOP,掉台但六路红外均无值,0,0,1
11.467,123.0,232.0,104.0,357.0,-1.4639,-1.1547,-0.9889,-1.6159,1,0,0,0,0,1,0,0,1,93.0,SAFE_STOP,掉台但六路红外均无值,0,0,1
11.487,118.0,217.0,103.0,346.0,-1.4776,-1.2331,-0.9889,-1.6409,1,0,0,0,0,1,0,0,1,98.0,SAFE_STOP,掉台但六路红外均无值,0,0,1
11.507,116.0,215.0,104.0,343.0,-1.4912,-1.2658,-0.9861,-1.6639,1,0,0,0,0,1,0,0,1,49.0,SAFE_STOP,掉台但六路红外均无值,0,0,1
11.527,112.0,216.0,107.0,354.0,-1.4966,-1.268,-0.9861,-1.6639,1,0,0,0,0,1,0,0,1,129.0,SAFE_STOP,掉台但六路红外均无值,0,0,1
11.547,112.0,211.0,107.0,357.0,-1.5075,-1.2702,-0.9777,-1.6472,1,0,0,0,0,1,0,0,1,99.0,SAFE_STOP,掉台但六路红外均无值,0,0,1
11.567,109.0,220.0,107.0,356.0,-1.5075,-1.268,-0.9777,-1.643,1,0,0,0,0,1,0,0,1,120.0,SAFE_STOP,掉台但六路红外均无值,0,0,1
11.588,108.0,216.0,109.0,371.0,-1.5156,-1.268,-0.9777,-1.6409,1,0,0,0,0,1,0,0,1,147.0,SAFE_STOP,掉台但六路红外均无值,0,0,1
11.608,109.0,238.0,110.0,381.0,-1.5156,-1.2593,-0.9721,-1.6117,1,0,0,0,0,1,0,0,1,179.0,SAFE_STOP,掉台但六路红外均无值,0,0,1
11.628,112.0,250.0,115.0,395.0,-1.5156,-1.22,-0.9694,-1.5908,1,0,0,0,0,1,0,0,1,196.0,SAFE_STOP,掉台但六路红外均无值,0,0,1
11.648,112.0,250.0,115.0,395.0,-1.5075,-1.1939,-0.9554,-1.5616,1,0,0,0,0,1,0,0,1,196.0,SAFE_STOP,掉台但六路红外均无值,0,0,1
11.669,116.0,257.0,119.0,407.0,-1.5075,-1.1939,-0.9554,-1.5616,1,0,0,0,0,1,0,0,1,173.0,SAFE_STOP,掉台但六路红外均无值,0,0,1
11.689,122.0,281.0,126.0,427.0,-1.4966,-1.1786,-0.9443,-1.5365,1,0,0,0,0,1,0,1,1,195.0,SAFE_STOP,掉台但六路红外均无值,0,0,1
11.709,132.0,310.0,141.0,469.0,-1.4803,-1.1264,-0.9248,-1.4948,1,0,1,0,0,1,0,1,1,246.0,SAFE_STOP,掉台但六路红外均无值,0,0,1
11.729,147.0,360.0,147.0,514.0,-1.4531,-1.0632,-0.883,-1.4071,1,0,1,0,0,1,0,1,1,148.0,SAFE_STOP,掉台但六路红外均无值,0,0,1
11.749,166.0,425.0,167.0,577.0,-1.4122,-0.9542,-0.8663,-1.3132,1,0,1,0,0,1,0,1,1,228.0,SAFE_STOP,掉台但六路红外均无值,0,0,1
11.77,201.0,491.0,213.0,656.0,-1.3605,-0.8126,-0.8106,-1.1816,1,0,1,0,0,0,0,1,1,284.0,SAFE_STOP,掉台但六路红外均无值,0,0,1
11.79,260.0,565.0,280.0,755.0,-1.2653,-0.6688,-0.6825,-1.0167,1,0,1,0,0,0,1,1,1,342.0,SAFE_STOP,掉台但六路红外均无值,0,0,1
11.81,362.0,650.0,338.0,898.0,-1.1048,-0.5076,-0.4958,-0.81,1,0,1,0,0,0,1,1,1,309.0,SAFE_STOP,掉台但六路红外均无值,0,0,1
11.83,397.0,708.0,339.0,950.0,-0.8272,-0.3224,-0.3343,-0.5115,1,0,1,0,0,0,1,1,1,310.0,SAFE_STOP,掉台但六路红外均无值,0,0,1
11.85,392.0,718.0,321.0,933.0,-0.7456,-0.1961,-0.3343,-0.4384,1,0,1,0,0,0,1,1,1,294.0,SAFE_STOP,掉台但六路红外均无值,0,0,1
11.87,381.0,721.0,311.0,913.0,-0.7456,-0.1743,-0.3816,-0.4384,1,0,1,0,0,0,1,1,1,245.0,SAFE_STOP,掉台但六路红外均无值,0,0,1
11.89,377.0,728.0,305.0,915.0,-0.7755,-0.1678,-0.4095,-0.476,1,0,1,0,0,0,1,1,1,357.0,SAFE_STOP,掉台但六路红外均无值,0,0,1
11.91,383.0,742.0,312.0,927.0,-0.7755,-0.1525,-0.4095,-0.476,1,0,1,0,0,0,1,1,1,374.0,SAFE_STOP,掉台但六路红外均无值,0,0,1
11.93,400.0,748.0,323.0,959.0,-0.7701,-0.122,-0.4067,-0.4509,1,0,1,0,0,0,1,1,1,325.0,SAFE_STOP,掉台但六路红外均无值,0,0,1
11.951,436.0,754.0,342.0,1002.0,-0.7238,-0.1089,-0.376,-0.3841,1,0,1,0,0,0,1,1,1,308.0,SAFE_STOP,掉台但六路红外均无值,0,0,1
11.971,463.0,742.0,347.0,1019.0,-0.6259,-0.1089,-0.3231,-0.2944,1,0,1,0,0,0,1,1,1,309.0,SAFE_STOP,掉台但六路红外均无值,0,0,1
11.991,468.0,751.0,344.0,1019.0,-0.5524,-0.1024,-0.3175,-0.2589,1,0,1,0,0,0,1,1,1,374.0,SAFE_STOP,掉台但六路红外均无值,0,0,1
12.011,482.0,753.0,346.0,1027.0,-0.5388,-0.1024,-0.312,-0.2589,1,0,1,0,0,0,1,1,1,341.0,SAFE_STOP,掉台但六路红外均无值,0,0,1
12.031,488.0,755.0,347.0,1028.0,-0.5007,-0.098,-0.312,-0.2422,1,0,1,0,0,0,1,1,1,307.0,SAFE_STOP,掉台但六路红外均无值,0,0,1
12.052,488.0,755.0,347.0,1028.0,-0.4844,-0.0937,-0.3092,-0.2401,1,0,1,0,0,0,1,1,1,307.0,SAFE_STOP,掉台但六路红外均无值,0,0,1
12.072,493.0,755.0,345.0,1026.0,-0.4844,-0.0937,-0.3092,-0.2401,1,0,1,0,0,0,1,1,1,310.0,SAFE_STOP,掉台但六路红外均无值,0,0,1
12.092,497.0,757.0,347.0,1032.0,-0.4707,-0.0937,-0.3092,-0.2401,1,0,1,0,0,0,1,1,1,329.0,SAFE_STOP,掉台但六路红外均无值,0,0,1
12.113,500.0,755.0,346.0,1034.0,-0.4599,-0.0937,-0.312,-0.2317,1,0,1,0,0,0,1,1,1,356.0,SAFE_STOP,掉台但六路红外均无值,0,0,1
12.133,498.0,750.0,341.0,1027.0,-0.4571,-0.0937,-0.312,-0.2317,1,0,1,0,0,0,1,1,1,309.0,SAFE_STOP,掉台但六路红外均无值,0,0,1
12.153,492.0,731.0,336.0,1013.0,-0.4571,-0.1046,-0.3259,-0.2422,1,0,1,0,0,0,1,1,1,345.0,SAFE_STOP,掉台但六路红外均无值,0,0,1
12.173,483.0,702.0,330.0,992.0,-0.4735,-0.146,-0.3398,-0.2714,1,0,1,0,0,0,1,1,1,309.0,SAFE_STOP,掉台但六路红外均无值,0,0,1
12.193,477.0,672.0,323.0,972.0,-0.498,-0.2092,-0.3565,-0.3152,1,0,1,0,0,0,1,1,1,341.0,SAFE_STOP,掉台但六路红外均无值,0,0,1
12.213,470.0,647.0,318.0,953.0,-0.5143,-0.2745,-0.376,-0.357,1,0,1,0,0,0,1,1,1,360.0,SAFE_STOP,掉台但六路红外均无值,0,0,1
12.234,465.0,629.0,314.0,940.0,-0.5333,-0.329,-0.39,-0.3967,1,0,1,0,0,0,1,1,1,343.0,SAFE_STOP,掉台但六路红外均无值,0,0,1
12.254,460.0,611.0,309.0,924.0,-0.5469,-0.3682,-0.4011,-0.4238,1,0,1,0,0,0,1,1,1,308.0,SAFE_STOP,掉台但六路红外均无值,0,0,1
12.274,456.0,595.0,304.0,908.0,-0.5605,-0.4074,-0.415,-0.4572,1,0,1,0,0,0,1,1,1,309.0,SAFE_STOP,掉台但六路红外均无值,0,0,1
12.294,455.0,588.0,303.0,902.0,-0.5714,-0.4423,-0.429,-0.4906,1,0,1,0,0,0,1,1,1,408.0,SAFE_STOP,掉台但六路红外均无值,0,0,1
12.314,456.0,601.0,308.0,909.0,-0.5714,-0.4423,-0.429,-0.4906,1,0,1,0,0,0,1,1,1,358.0,SAFE_STOP,掉台但六路红外均无值,0,0,1
12.334,463.0,648.0,325.0,936.0,-0.5714,-0.4292,-0.4178,-0.4885,1,0,1,0,0,0,1,1,1,390.0,SAFE_STOP,掉台但六路红外均无值,0,0,1
12.354,481.0,749.0,358.0,1001.0,-0.5524,-0.3268,-0.3705,-0.4322,1,0,1,0,0,0,1,1,1,309.0,SAFE_STOP,掉台但六路红外均无值,0,0,1
12.375,484.0,749.0,352.0,1005.0,-0.5034,-0.1068,-0.2953,-0.2965,1,0,1,0,0,0,1,1,1,310.0,SAFE_STOP,掉台但六路红外均无值,0,0,1
12.395,488.0,769.0,354.0,1006.0,-0.4952,-0.1068,-0.2897,-0.2881,1,0,1,0,0,0,1,1,1,357.0,SAFE_STOP,掉台但六路红外均无值,0,0,1
12.415,490.0,769.0,354.0,1004.0,-0.4844,-0.0632,-0.2897,-0.2881,1,0,1,0,0,0,1,1,1,359.0,SAFE_STOP,掉台但六路红外均无值,0,0,1
12.435,492.0,773.0,354.0,1006.0,-0.4789,-0.0632,-0.2897,-0.286,1,0,1,0,0,0,1,1,1,309.0,SAFE_STOP,掉台但六路红外均无值,0,0,1
12.455,492.0,773.0,354.0,1006.0,-0.4735,-0.0545,-0.2897,-0.286,1,0,1,0,0,0,1,1,1,309.0,SAFE_STOP,掉台但六路红外均无值,0,0,1
12.475,492.0,773.0,354.0,1007.0,-0.4735,-0.0545,-0.2897,-0.286,1,0,1,0,0,0,1,1,1,333.0,SAFE_STOP,掉台但六路红外均无值,0,0,1
12.496,493.0,774.0,355.0,1009.0,-0.4735,-0.0545,-0.2897,-0.2839,1,0,1,0,0,0,1,1,1,324.0,SAFE_STOP,掉台但六路红外均无值,0,0,1
12.516,492.0,773.0,354.0,1008.0,-0.4735,-0.0545,-0.2897,-0.2818,1,0,1,0,0,0,1,1,1,357.0,SAFE_STOP,掉台但六路红外均无值,0,0,1
12.536,493.0,775.0,355.0,1010.0,-0.4707,-0.0523,-0.2869,-0.2797,1,0,1,0,0,0,1,1,1,357.0,SAFE_STOP,掉台但六路红外均无值,0,0,1
12.556,493.0,774.0,355.0,1010.0,-0.4707,-0.0523,-0.2869,-0.2777,1,0,1,0,0,0,1,1,1,323.0,SAFE_STOP,掉台但六路红外均无值,0,0,1
12.576,493.0,775.0,355.0,1011.0,-0.4707,-0.0501,-0.2869,-0.2777,1,0,1,0,0,0,1,1,1,309.0,SAFE_STOP,掉台但六路红外均无值,0,0,1
12.596,493.0,775.0,354.0,1009.0,-0.4707,-0.0501,-0.2869,-0.2777,1,0,1,0,0,0,1,1,1,293.0,SAFE_STOP,掉台但六路红外均无值,0,0,1
12.616,493.0,774.0,354.0,1009.0,-0.4707,-0.0501,-0.2897,-0.2797,1,0,1,0,0,0,1,1,1,362.0,SAFE_STOP,掉台但六路红外均无值,0,0,1
12.637,493.0,776.0,354.0,1010.0,-0.4707,-0.0501,-0.2897,-0.2797,1,0,1,0,0,0,1,1,1,308.0,SAFE_STOP,掉台但六路红外均无值,0,0,1
12.657,493.0,776.0,355.0,1011.0,-0.4707,-0.0479,-0.2897,-0.2777,1,0,1,0,0,0,1,1,1,276.0,SAFE_STOP,掉台但六路红外均无值,0,0,1
12.677,494.0,777.0,355.0,1012.0,-0.4707,-0.0479,-0.2869,-0.2756,1,0,1,0,0,0,1,1,1,307.0,SAFE_STOP,掉台但六路红外均无值,0,0,1
12.697,493.0,777.0,355.0,1011.0,-0.4707,-0.0458,-0.2869,-0.2756,1,0,1,0,0,0,1,1,1,365.0,SAFE_STOP,掉台但六路红外均无值,0,0,1
12.717,493.0,777.0,356.0,1010.0,-0.4707,-0.0458,-0.2869,-0.2756,1,0,1,0,0,0,1,1,1,406.0,SAFE_STOP,掉台但六路红外均无值,0,0,1
12.738,493.0,778.0,355.0,1011.0,-0.4707,-0.0458,-0.2869,-0.2756,1,0,1,0,0,0,1,1,1,341.0,SAFE_STOP,掉台但六路红外均无值,0,0,1
12.758,492.0,777.0,355.0,1011.0,-0.4707,-0.0458,-0.2869,-0.2756,1,0,1,0,0,0,1,1,1,316.0,SAFE_STOP,掉台但六路红外均无值,0,0,1
12.778,492.0,776.0,354.0,1009.0,-0.4735,-0.0458,-0.2869,-0.2756,1,0,1,0,0,0,1,1,1,309.0,SAFE_STOP,掉台但六路红外均无值,0,0,1
12.798,492.0,777.0,356.0,1011.0,-0.4735,-0.0458,-0.2869,-0.2756,1,0,1,0,0,0,1,1,1,341.0,SAFE_STOP,掉台但六路红外均无值,0,0,1
12.818,493.0,777.0,354.0,1011.0,-0.4735,-0.0458,-0.2897,-0.2756,1,0,1,0,0,0,1,1,1,356.0,SAFE_STOP,掉台但六路红外均无值,0,0,1
12.838,492.0,778.0,355.0,1011.0,-0.4735,-0.0458,-0.2869,-0.2756,1,0,1,0,0,0,1,1,1,388.0,SAFE_STOP,掉台但六路红外均无值,0,0,1
12.858,493.0,779.0,355.0,1012.0,-0.4707,-0.0436,-0.2869,-0.2756,1,0,1,0,0,0,1,1,1,324.0,SAFE_STOP,掉台但六路红外均无值,0,0,1
12.878,493.0,779.0,355.0,1012.0,-0.4707,-0.0414,-0.2869,-0.2735,1,0,1,0,0,0,1,1,1,324.0,SAFE_STOP,掉台但六路红外均无值,0,0,1
12.899,492.0,780.0,354.0,1013.0,-0.4707,-0.0414,-0.2869,-0.2735,1,0,1,0,0,0,1,1,1,308.0,SAFE_STOP,掉台但六路红外均无值,0,0,1
12.919,491.0,778.0,355.0,1013.0,-0.4735,-0.0414,-0.2869,-0.2714,1,0,1,0,0,0,1,1,1,322.0,SAFE_STOP,掉台但六路红外均无值,0,0,1
12.939,491.0,780.0,355.0,1017.0,-0.4762,-0.0392,-0.2869,-0.2714,1,0,1,0,0,0,1,1,1,390.0,SAFE_STOP,掉台但六路红外均无值,0,0,1
12.959,492.0,779.0,354.0,1017.0,-0.4762,-0.0414,-0.2869,-0.263,1,0,1,0,0,0,1,1,1,292.0,SAFE_STOP,掉台但六路红外均无值,0,0,1
12.979,491.0,780.0,355.0,1017.0,-0.4762,-0.0392,-0.2869,-0.263,1,0,1,0,0,0,1,1,1,292.0,SAFE_STOP,掉台但六路红外均无值,0,0,1
12.999,491.0,779.0,355.0,1017.0,-0.4762,-0.0414,-0.2869,-0.263,1,0,1,0,0,0,1,1,1,309.0,SAFE_STOP,掉台但六路红外均无值,0,0,1
13.019,491.0,779.0,354.0,1017.0,-0.4762,-0.0414,-0.2869,-0.263,1,0,1,0,0,0,1,1,1,339.0,SAFE_STOP,掉台但六路红外均无值,0,0,1
13.039,490.0,778.0,353.0,1016.0,-0.4762,-0.0414,-0.2897,-0.263,1,0,1,0,0,0,1,1,1,372.0,SAFE_STOP,掉台但六路红外均无值,0,0,1
13.06,491.0,779.0,355.0,1019.0,-0.4762,-0.0414,-0.2897,-0.263,1,0,1,0,0,0,1,1,1,309.0,SAFE_STOP,掉台但六路红外均无值,0,0,1
13.08,492.0,779.0,355.0,1019.0,-0.4762,-0.0414,-0.2869,-0.2589,1,0,1,0,0,0,1,1,1,358.0,SAFE_STOP,掉台但六路红外均无值,0,0,1
13.1,491.0,778.0,355.0,1018.0,-0.4762,-0.0414,-0.2869,-0.2589,1,0,1,0,0,0,1,1,1,320.0,SAFE_STOP,掉台但六路红外均无值,0,0,1
13.12,491.0,778.0,354.0,1018.0,-0.4762,-0.0436,-0.2869,-0.261,1,0,1,0,0,0,1,1,1,356.0,SAFE_STOP,掉台但六路红外均无值,0,0,1
13.14,491.0,779.0,355.0,1019.0,-0.4762,-0.0436,-0.2869,-0.261,1,0,1,0,0,0,1,1,1,357.0,SAFE_STOP,掉台但六路红外均无值,0,0,1
13.16,492.0,778.0,355.0,1018.0,-0.4762,-0.0436,-0.2869,-0.261,1,0,1,0,0,0,1,1,1,340.0,SAFE_STOP,掉台但六路红外均无值,0,0,1
13.18,491.0,777.0,354.0,1017.0,-0.4762,-0.0436,-0.2869,-0.261,1,0,1,0,0,0,1,1,1,324.0,SAFE_STOP,掉台但六路红外均无值,0,0,1
13.2,491.0,778.0,355.0,1018.0,-0.4762,-0.0436,-0.2869,-0.261,1,0,1,0,0,0,1,1,1,356.0,SAFE_STOP,掉台但六路红外均无值,0,0,1
13.221,491.0,778.0,355.0,1018.0,-0.4762,-0.0436,-0.2869,-0.261,1,0,1,0,0,0,1,1,1,356.0,SAFE_STOP,掉台但六路红外均无值,0,0,1
13.241,492.0,778.0,355.0,1017.0,-0.4762,-0.0436,-0.2869,-0.261,1,0,1,0,0,0,1,1,1,377.0,SAFE_STOP,掉台但六路红外均无值,0,0,1
13.261,491.0,778.0,354.0,1016.0,-0.4762,-0.0436,-0.2869,-0.263,1,0,1,0,0,0,1,1,1,363.0,SAFE_STOP,掉台但六路红外均无值,0,0,1
13.281,492.0,778.0,356.0,1017.0,-0.4735,-0.0436,-0.2869,-0.263,1,0,1,0,0,0,1,1,1,357.0,SAFE_STOP,掉台但六路红外均无值,0,0,1
13.301,491.0,777.0,355.0,1018.0,-0.4762,-0.0436,-0.2869,-0.263,1,0,1,0,0,0,1,1,1,290.0,SAFE_STOP,掉台但六路红外均无值,0,0,1
13.321,491.0,777.0,354.0,1016.0,-0.4762,-0.0458,-0.2869,-0.263,1,0,1,0,0,0,1,1,1,306.0,SAFE_STOP,掉台但六路红外均无值,0,0,1
13.341,493.0,779.0,355.0,1017.0,-0.4762,-0.0458,-0.2869,-0.263,1,0,1,0,0,0,1,1,1,357.0,SAFE_STOP,掉台但六路红外均无值,0,0,1
13.361,491.0,779.0,355.0,1017.0,-0.4762,-0.0414,-0.2869,-0.263,1,0,1,0,0,0,1,1,1,309.0,SAFE_STOP,掉台但六路红外均无值,0,0,1
13.382,492.0,777.0,355.0,1017.0,-0.4735,-0.0414,-0.2869,-0.263,1,0,1,0,0,0,1,1,1,341.0,SAFE_STOP,掉台但六路红外均无值,0,0,1
13.402,492.0,778.0,355.0,1018.0,-0.4735,-0.0436,-0.2869,-0.263,1,0,1,0,0,0,1,1,1,308.0,SAFE_STOP,掉台但六路红外均无值,0,0,1
13.422,492.0,778.0,355.0,1017.0,-0.4735,-0.0436,-0.2869,-0.263,1,0,1,0,0,0,1,1,1,358.0,SAFE_STOP,掉台但六路红外均无值,0,0,1
13.442,491.0,778.0,355.0,1016.0,-0.4735,-0.0436,-0.2869,-0.263,1,0,1,0,0,0,1,1,1,357.0,SAFE_STOP,掉台但六路红外均无值,0,0,1
13.462,492.0,778.0,355.0,1017.0,-0.4735,-0.0436,-0.2869,-0.263,1,0,1,0,0,0,1,1,1,374.0,SAFE_STOP,掉台但六路红外均无值,0,0,1
13.482,492.0,779.0,355.0,1017.0,-0.4735,-0.0436,-0.2869,-0.263,1,0,1,0,0,0,1,1,1,310.0,SAFE_STOP,掉台但六路红外均无值,0,0,1
13.502,490.0,776.0,354.0,1014.0,-0.4735,-0.0436,-0.2869,-0.263,1,0,1,0,0,0,1,1,1,301.0,SAFE_STOP,掉台但六路红外均无值,0,0,1
13.522,490.0,776.0,354.0,1014.0,-0.4789,-0.0479,-0.2897,-0.2693,1,0,1,0,0,0,1,1,1,365.0,SAFE_STOP,掉台但六路红外均无值,0,0,1
13.542,491.0,777.0,354.0,1016.0,-0.4789,-0.0479,-0.2897,-0.2693,1,0,1,0,0,0,1,1,1,365.0,SAFE_STOP,掉台但六路红外均无值,0,0,1
13.562,491.0,777.0,354.0,1014.0,-0.4762,-0.0458,-0.2897,-0.2693,1,0,1,0,0,0,1,1,1,314.0,SAFE_STOP,掉台但六路红外均无值,0,0,1
13.583,491.0,776.0,355.0,1015.0,-0.4762,-0.0458,-0.2897,-0.2672,1,0,1,0,0,0,1,1,1,275.0,SAFE_STOP,掉台但六路红外均无值,0,0,1
13.603,491.0,776.0,355.0,1015.0,-0.4762,-0.0479,-0.2869,-0.2672,1,0,1,0,0,0,1,1,1,275.0,SAFE_STOP,掉台但六路红外均无值,0,0,1
13.623,492.0,778.0,355.0,1018.0,-0.4762,-0.0479,-0.2869,-0.2672,1,0,1,0,0,0,1,1,1,309.0,SAFE_STOP,掉台但六路红外均无值,0,0,1
13.643,491.0,778.0,354.0,1016.0,-0.4762,-0.0436,-0.2869,-0.2651,1,0,1,0,0,0,1,1,1,373.0,SAFE_STOP,掉台但六路红外均无值,0,0,1
13.663,491.0,777.0,354.0,1014.0,-0.4762,-0.0436,-0.2897,-0.2651,1,0,1,0,0,0,1,1,1,374.0,SAFE_STOP,掉台但六路红外均无值,0,0,1
13.683,491.0,777.0,355.0,1016.0,-0.4762,-0.0458,-0.2897,-0.2651,1,0,1,0,0,0,1,1,1,276.0,SAFE_STOP,掉台但六路红外均无值,0,0,1
13.703,491.0,778.0,354.0,1016.0,-0.4762,-0.0458,-0.2897,-0.2651,1,0,1,0,0,0,1,1,1,309.0,SAFE_STOP,掉台但六路红外均无值,0,0,1
13.724,491.0,778.0,354.0,1014.0,-0.4762,-0.0436,-0.2897,-0.2651,1,0,1,0,0,0,1,1,1,308.0,SAFE_STOP,掉台但六路红外均无值,0,0,1
13.744,491.0,778.0,355.0,1016.0,-0.4762,-0.0436,-0.2897,-0.2651,1,0,1,0,0,0,1,1,1,340.0,SAFE_STOP,掉台但六路红外均无值,0,0,1
13.764,491.0,778.0,355.0,1016.0,-0.4762,-0.0436,-0.2869,-0.2651,1,0,1,0,0,0,1,1,1,353.0,SAFE_STOP,掉台但六路红外均无值,0,0,1
13.784,491.0,777.0,354.0,1016.0,-0.4762,-0.0436,-0.2869,-0.2651,1,0,1,0,0,0,1,1,1,310.0,SAFE_STOP,掉台但六路红外均无值,0,0,1
13.804,491.0,778.0,355.0,1016.0,-0.4762,-0.0436,-0.2869,-0.2651,1,0,1,0,0,0,1,1,1,341.0,SAFE_STOP,掉台但六路红外均无值,0,0,1
13.824,489.0,775.0,354.0,1012.0,-0.4762,-0.0458,-0.2897,-0.2651,1,0,1,0,0,0,1,1,1,299.0,SAFE_STOP,掉台但六路红外均无值,0,0,1
13.845,491.0,778.0,355.0,1016.0,-0.4762,-0.0436,-0.2869,-0.2651,1,0,1,0,0,0,1,1,1,357.0,SAFE_STOP,掉台但六路红外均无值,0,0,1
13.865,491.0,780.0,355.0,1017.0,-0.4762,-0.0436,-0.2869,-0.2651,1,0,1,0,0,0,1,1,1,389.0,SAFE_STOP,掉台但六路红外均无值,0,0,1
13.885,491.0,779.0,355.0,1016.0,-0.4762,-0.0414,-0.2869,-0.2651,1,0,1,0,0,0,1,1,1,277.0,SAFE_STOP,掉台但六路红外均无值,0,0,1
13.905,491.0,777.0,353.0,1013.0,-0.4762,-0.0414,-0.2869,-0.2651,1,0,1,0,0,0,1,1,1,311.0,SAFE_STOP,掉台但六路红外均无值,0,0,1
13.925,491.0,779.0,355.0,1016.0,-0.4762,-0.0414,-0.2869,-0.2651,1,0,1,0,0,0,1,1,1,358.0,SAFE_STOP,掉台但六路红外均无值,0,0,1
13.945,490.0,778.0,354.0,1015.0,-0.4762,-0.0436,-0.2897,-0.2672,1,0,1,0,0,0,1,1,1,365.0,SAFE_STOP,掉台但六路红外均无值,0,0,1
13.965,491.0,778.0,354.0,1015.0,-0.4762,-0.0436,-0.2897,-0.2672,1,0,1,0,0,0,1,1,1,358.0,SAFE_STOP,掉台但六路红外均无值,0,0,1
13.985,491.0,778.0,354.0,1015.0,-0.4762,-0.0436,-0.2897,-0.2672,1,0,1,0,0,0,1,1,1,358.0,SAFE_STOP,掉台但六路红外均无值,0,0,1
14.005,492.0,779.0,355.0,1017.0,-0.4762,-0.0436,-0.2897,-0.2672,1,0,1,0,0,0,1,1,1,309.0,SAFE_STOP,掉台但六路红外均无值,0,0,1
14.026,490.0,776.0,353.0,1013.0,-0.4762,-0.0436,-0.2897,-0.2672,1,0,1,0,0,0,1,1,1,341.0,SAFE_STOP,掉台但六路红外均无值,0,0,1
14.046,491.0,778.0,355.0,1017.0,-0.4762,-0.0436,-0.2869,-0.263,1,0,1,0,0,0,1,1,1,324.0,SAFE_STOP,掉台但六路红外均无值,0,0,1
14.066,491.0,778.0,355.0,1017.0,-0.4762,-0.0436,-0.2869,-0.263,1,0,1,0,0,0,1,1,1,357.0,SAFE_STOP,掉台但六路红外均无值,0,0,1
14.086,491.0,777.0,354.0,1015.0,-0.4762,-0.0436,-0.2869,-0.263,1,0,1,0,0,0,1,1,1,308.0,SAFE_STOP,掉台但六路红外均无值,0,0,1
14.106,490.0,777.0,355.0,1016.0,-0.4762,-0.0458,-0.2869,-0.2651,1,0,1,0,0,0,1,1,1,292.0,SAFE_STOP,掉台但六路红外均无值,0,0,1
14.126,489.0,777.0,354.0,1015.0,-0.4789,-0.0458,-0.2897,-0.2672,1,0,1,0,0,0,1,1,1,290.0,SAFE_STOP,掉台但六路红外均无值,0,0,1
14.146,489.0,777.0,355.0,1015.0,-0.4816,-0.0458,-0.2869,-0.2672,1,0,1,0,0,0,1,1,1,374.0,SAFE_STOP,掉台但六路红外均无值,0,0,1
14.166,489.0,776.0,353.0,1013.0,-0.4816,-0.0458,-0.2897,-0.2672,1,0,1,0,0,0,1,1,1,387.0,SAFE_STOP,掉台但六路红外均无值,0,0,1
14.187,488.0,776.0,353.0,1013.0,-0.4816,-0.0479,-0.2925,-0.2714,1,0,1,0,0,0,1,1,1,342.0,SAFE_STOP,掉台但六路红外均无值,0,0,1
14.207,490.0,777.0,354.0,1016.0,-0.4816,-0.0479,-0.2925,-0.2714,1,0,1,0,0,0,1,1,1,308.0,SAFE_STOP,掉台但六路红外均无值,0,0,1
14.227,490.0,778.0,354.0,1015.0,-0.4789,-0.0458,-0.2897,-0.2672,1,0,1,0,0,0,1,1,1,309.0,SAFE_STOP,掉台但六路红外均无值,0,0,1
14.247,491.0,778.0,355.0,1017.0,-0.4789,-0.0436,-0.2897,-0.2651,1,0,1,0,0,0,1,1,1,341.0,SAFE_STOP,掉台但六路红外均无值,0,0,1
14.267,490.0,777.0,354.0,1016.0,-0.4789,-0.0436,-0.2897,-0.2651,1,0,1,0,0,0,1,1,1,356.0,SAFE_STOP,掉台但六路红外均无值,0,0,1
14.287,490.0,778.0,354.0,1016.0,-0.4789,-0.0436,-0.2897,-0.2651,1,0,1,0,0,0,1,1,1,308.0,SAFE_STOP,掉台但六路红外均无值,0,0,1
14.307,490.0,778.0,355.0,1017.0,-0.4789,-0.0436,-0.2897,-0.2651,1,0,1,0,0,0,1,1,1,358.0,SAFE_STOP,掉台但六路红外均无值,0,0,1
14.327,489.0,777.0,354.0,1016.0,-0.4789,-0.0436,-0.2897,-0.2651,1,0,1,0,0,0,1,1,1,307.0,SAFE_STOP,掉台但六路红外均无值,0,0,1
14.348,489.0,777.0,353.0,1014.0,-0.4816,-0.0458,-0.2897,-0.2651,1,0,1,0,0,0,1,1,1,373.0,SAFE_STOP,掉台但六路红外均无值,0,0,1
14.368,490.0,779.0,354.0,1017.0,-0.4816,-0.0458,-0.2897,-0.2651,1,0,1,0,0,0,1,1,1,357.0,SAFE_STOP,掉台但六路红外均无值,0,0,1
14.388,490.0,779.0,354.0,1017.0,-0.4789,-0.0414,-0.2897,-0.263,1,0,1,0,0,0,1,1,1,357.0,SAFE_STOP,掉台但六路红外均无值,0,0,1
14.408,489.0,777.0,354.0,1015.0,-0.4789,-0.0414,-0.2897,-0.263,1,0,1,0,0,0,1,1,1,307.0,SAFE_STOP,掉台但六路红外均无值,0,0,1
14.428,489.0,777.0,354.0,1016.0,-0.4816,-0.0458,-0.2897,-0.2651,1,0,1,0,0,0,1,1,1,307.0,SAFE_STOP,掉台但六路红外均无值,0,0,1
14.448,490.0,778.0,354.0,1016.0,-0.4816,-0.0458,-0.2897,-0.2651,1,0,1,0,0,0,1,1,1,310.0,SAFE_STOP,掉台但六路红外均无值,0,0,1
14.468,489.0,778.0,354.0,1014.0,-0.4816,-0.0436,-0.2897,-0.2651,1,0,1,0,0,0,1,1,1,358.0,SAFE_STOP,掉台但六路红外均无值,0,0,1
14.488,489.0,777.0,354.0,1014.0,-0.4816,-0.0436,-0.2897,-0.2693,1,0,1,0,0,0,1,1,1,355.0,SAFE_STOP,掉台但六路红外均无值,0,0,1
14.508,489.0,776.0,353.0,1014.0,-0.4816,-0.0458,-0.2897,-0.2693,1,0,1,0,0,0,1,1,1,307.0,SAFE_STOP,掉台但六路红外均无值,0,0,1
14.529,490.0,777.0,354.0,1015.0,-0.4816,-0.0458,-0.2897,-0.2693,1,0,1,0,0,0,1,1,1,309.0,SAFE_STOP,掉台但六路红外均无值,0,0,1
14.549,491.0,780.0,354.0,1017.0,-0.4789,-0.0458,-0.2897,-0.2672,1,0,1,0,0,0,1,1,1,309.0,SAFE_STOP,掉台但六路红外均无值,0,0,1
14.569,488.0,777.0,353.0,1014.0,-0.4789,-0.0458,-0.2897,-0.2672,1,0,1,0,0,0,1,1,1,390.0,SAFE_STOP,掉台但六路红外均无值,0,0,1
14.589,489.0,778.0,353.0,1015.0,-0.4816,-0.0436,-0.2925,-0.2672,1,0,1,0,0,0,1,1,1,309.0,SAFE_STOP,掉台但六路红外均无值,0,0,1
14.609,490.0,779.0,354.0,1016.0,-0.4816,-0.0436,-0.2925,-0.2672,1,0,1,0,0,0,1,1,1,276.0,SAFE_STOP,掉台但六路红外均无值,0,0,1
14.629,488.0,776.0,353.0,1013.0,-0.4816,-0.0436,-0.2925,-0.2672,1,0,1,0,0,0,1,1,1,317.0,SAFE_STOP,掉台但六路红外均无值,0,0,1
14.65,489.0,778.0,353.0,1014.0,-0.4816,-0.0436,-0.2925,-0.2693,1,0,1,0,0,0,1,1,1,373.0,SAFE_STOP,掉台但六路红外均无值,0,0,1
14.67,489.0,777.0,354.0,1014.0,-0.4816,-0.0458,-0.2925,-0.2693,1,0,1,0,0,0,1,1,1,357.0,SAFE_STOP,掉台但六路红外均无值,0,0,1
14.69,489.0,778.0,353.0,1014.0,-0.4816,-0.0436,-0.2925,-0.2693,1,0,1,0,0,0,1,1,1,356.0,SAFE_STOP,掉台但六路红外均无值,0,0,1
14.71,489.0,779.0,354.0,1015.0,-0.4816,-0.0436,-0.2897,-0.2693,1,0,1,0,0,0,1,1,1,308.0,SAFE_STOP,掉台但六路红外均无值,0,0,1
14.73,489.0,778.0,354.0,1015.0,-0.4816,-0.0436,-0.2897,-0.2672,1,0,1,0,0,0,1,1,1,342.0,SAFE_STOP,掉台但六路红外均无值,0,0,1
14.75,489.0,778.0,354.0,1015.0,-0.4816,-0.0436,-0.2897,-0.2672,1,0,1,0,0,0,1,1,1,342.0,SAFE_STOP,掉台但六路红外均无值,0,0,1
14.77,488.0,777.0,352.0,1012.0,-0.4816,-0.0436,-0.2897,-0.2672,1,0,1,0,0,0,1,1,1,351.0,SAFE_STOP,掉台但六路红外均无值,0,0,1
14.79,488.0,777.0,353.0,1013.0,-0.4844,-0.0458,-0.2925,-0.2714,1,0,1,0,0,0,1,1,1,357.0,SAFE_STOP,掉台但六路红外均无值,0,0,1
14.81,489.0,778.0,353.0,1014.0,-0.4844,-0.0458,-0.2925,-0.2714,1,0,1,0,0,0,1,1,1,309.0,SAFE_STOP,掉台但六路红外均无值,0,0,1
14.831,488.0,776.0,352.0,1013.0,-0.4844,-0.0458,-0.2925,-0.2714,1,0,1,0,0,0,1,1,1,323.0,SAFE_STOP,掉台但六路红外均无值,0,0,1
14.851,488.0,776.0,353.0,1013.0,-0.4844,-0.0479,-0.2925,-0.2714,1,0,1,0,0,0,1,1,1,286.0,SAFE_STOP,掉台但六路红外均无值,0,0,1
14.871,489.0,778.0,353.0,1013.0,-0.4844,-0.0479,-0.2925,-0.2714,1,0,1,0,0,0,1,1,1,346.0,SAFE_STOP,掉台但六路红外均无值,0,0,1
14.891,488.0,775.0,352.0,1010.0,-0.4844,-0.0479,-0.2925,-0.2714,1,0,1,0,0,0,1,1,1,355.0,SAFE_STOP,掉台但六路红外均无值,0,0,1
14.911,488.0,778.0,353.0,1014.0,-0.4844,-0.0436,-0.2925,-0.2714,1,0,1,0,0,0,1,1,1,308.0,SAFE_STOP,掉台但六路红外均无值,0,0,1
14.931,489.0,778.0,355.0,1014.0,-0.4844,-0.0436,-0.2925,-0.2693,1,0,1,0,0,0,1,1,1,308.0,SAFE_STOP,掉台但六路红外均无值,0,0,1
14.951,488.0,776.0,353.0,1012.0,-0.4844,-0.0436,-0.2925,-0.2693,1,0,1,0,0,0,1,1,1,326.0,SAFE_STOP,掉台但六路红外均无值,0,0,1
14.972,489.0,778.0,355.0,1014.0,-0.4816,-0.0436,-0.2869,-0.2693,1,0,1,0,0,0,1,1,1,373.0,SAFE_STOP,掉台但六路红外均无值,0,0,1
14.992,488.0,777.0,353.0,1014.0,-0.4844,-0.0458,-0.2925,-0.2693,1,0,1,0,0,0,1,1,1,357.0,SAFE_STOP,掉台但六路红外均无值,0,0,1
15.012,488.0,776.0,352.0,1012.0,-0.4844,-0.0458,-0.2925,-0.2693,1,0,1,0,0,0,1,1,1,307.0,SAFE_STOP,掉台但六路红外均无值,0,0,1
15.808,489.0,728.0,347.0,990.0,-0.4844,-0.0479,-0.2953,-0.2735,1,0,1,0,0,0,1,1,1,324.0,SAFE_STOP,掉台但六路红外均无值,0,0,1
15.828,487.0,721.0,349.0,987.0,-0.4844,-0.1525,-0.3036,-0.3194,1,0,1,0,0,0,1,1,1,324.0,SAFE_STOP,掉台但六路红外均无值,0,0,1
15.849,486.0,717.0,350.0,984.0,-0.4871,-0.1678,-0.3036,-0.3257,1,0,1,0,0,0,1,1,1,276.0,SAFE_STOP,掉台但六路红外均无值,0,0,1
15.872,485.0,712.0,349.0,979.0,-0.4898,-0.1765,-0.3036,-0.3319,1,0,1,0,0,0,1,1,1,275.0,SAFE_STOP,掉台但六路红外均无值,0,0,1
15.893,483.0,710.0,346.0,979.0,-0.4925,-0.1874,-0.3036,-0.3424,1,0,1,0,0,0,0,1,1,276.0,SAFE_STOP,掉台但六路红外均无值,0,0,1
15.913,484.0,709.0,344.0,981.0,-0.4952,-0.1917,-0.312,-0.3424,1,0,1,0,0,0,0,1,1,325.0,SAFE_STOP,掉台但六路红外均无值,0,0,1
15.933,483.0,699.0,341.0,982.0,-0.498,-0.1939,-0.3175,-0.3382,1,0,1,0,0,0,0,1,1,308.0,SAFE_STOP,掉台但六路红外均无值,0,0,1
15.953,484.0,689.0,343.0,982.0,-0.4952,-0.2157,-0.3203,-0.3361,1,0,1,0,0,0,0,1,1,277.0,SAFE_STOP,掉台但六路红外均无值,0,0,1
15.973,485.0,686.0,348.0,985.0,-0.4952,-0.2375,-0.3203,-0.3361,1,0,1,0,0,0,0,1,1,227.0,SAFE_STOP,掉台但六路红外均无值,0,0,1
15.993,484.0,688.0,356.0,988.0,-0.4952,-0.2397,-0.3064,-0.3299,1,0,1,0,0,0,0,1,1,275.0,SAFE_STOP,掉台但六路红外均无值,0,0,1
16.014,484.0,679.0,355.0,984.0,-0.4952,-0.244,-0.2869,-0.3299,1,0,1,0,0,0,0,1,1,296.0,SAFE_STOP,掉台但六路红外均无值,0,0,1
16.034,486.0,675.0,354.0,987.0,-0.4952,-0.2593,-0.2869,-0.3257,1,0,1,0,0,0,0,1,1,309.0,SAFE_STOP,掉台但六路红外均无值,0,0,1
16.054,488.0,671.0,353.0,986.0,-0.4898,-0.268,-0.2897,-0.3278,1,0,1,0,0,1,0,1,1,239.0,SAFE_STOP,掉台但六路红外均无值,0,0,1
16.074,487.0,668.0,349.0,985.0,-0.4871,-0.2767,-0.2925,-0.3278,1,0,1,0,0,1,0,1,1,253.0,SAFE_STOP,掉台但六路红外均无值,0,0,1
16.094,489.0,672.0,348.0,987.0,-0.4844,-0.2767,-0.3036,-0.3278,1,0,1,0,0,1,0,1,1,277.0,SAFE_STOP,掉台但六路红外均无值,0,0,1
16.114,490.0,678.0,346.0,985.0,-0.4816,-0.2745,-0.3064,-0.3299,1,0,1,0,0,1,0,1,1,258.0,SAFE_STOP,掉台但六路红外均无值,0,0,1
16.134,493.0,688.0,343.0,986.0,-0.4789,-0.2614,-0.312,-0.3278,1,0,1,0,0,1,0,1,1,291.0,SAFE_STOP,掉台但六路红外均无值,0,0,1
16.154,492.0,695.0,344.0,987.0,-0.4735,-0.2397,-0.3175,-0.3278,1,0,1,0,0,1,0,1,1,232.0,SAFE_STOP,掉台但六路红外均无值,0,0,1
16.174,490.0,704.0,344.0,984.0,-0.4735,-0.2244,-0.3175,-0.3278,1,0,1,0,0,1,0,1,1,308.0,SAFE_STOP,掉台但六路红外均无值,0,0,1
16.195,490.0,709.0,344.0,982.0,-0.4789,-0.2048,-0.3175,-0.3319,1,0,1,0,0,1,0,1,1,243.0,SAFE_STOP,掉台但六路红外均无值,0,0,1
16.215,488.0,714.0,344.0,981.0,-0.4789,-0.1939,-0.3175,-0.3361,1,0,1,0,0,1,0,1,1,355.0,SAFE_STOP,掉台但六路红外均无值,0,0,1
16.235,489.0,722.0,346.0,983.0,-0.4816,-0.183,-0.3175,-0.3361,1,0,1,0,0,1,0,1,1,341.0,SAFE_STOP,掉台但六路红外均无值,0,0,1
16.255,489.0,728.0,348.0,987.0,-0.4816,-0.1656,-0.312,-0.334,1,0,1,0,0,1,0,1,1,193.0,SAFE_STOP,掉台但六路红外均无值,0,0,1
16.275,489.0,732.0,348.0,985.0,-0.4816,-0.1525,-0.3064,-0.3299,1,0,1,0,0,1,0,1,1,226.0,SAFE_STOP,掉台但六路红外均无值,0,0,1
16.295,486.0,734.0,349.0,983.0,-0.4816,-0.1438,-0.3064,-0.3299,1,0,1,0,0,1,0,1,1,226.0,SAFE_STOP,掉台但六路红外均无值,0,0,1
16.315,486.0,736.0,351.0,982.0,-0.4898,-0.1394,-0.3036,-0.334,1,0,1,0,0,1,0,1,1,291.0,SAFE_STOP,掉台但六路红外均无值,0,0,1
16.335,485.0,736.0,352.0,982.0,-0.4898,-0.1351,-0.2981,-0.3361,1,0,1,0,0,1,0,1,1,276.0,SAFE_STOP,掉台但六路红外均无值,0,0,1
16.355,485.0,736.0,352.0,982.0,-0.4925,-0.1351,-0.2953,-0.3361,1,0,1,0,0,1,0,1,1,276.0,SAFE_STOP,掉台但六路红外均无值,0,0,1
16.376,484.0,737.0,354.0,981.0,-0.4925,-0.1351,-0.2953,-0.3361,1,0,1,0,0,1,0,1,1,210.0,SAFE_STOP,掉台但六路红外均无值,0,0,1
16.396,483.0,735.0,354.0,977.0,-0.4952,-0.1351,-0.2897,-0.3382,1,0,1,0,0,1,0,1,1,243.0,SAFE_STOP,掉台但六路红外均无值,0,0,1
16.416,484.0,736.0,355.0,979.0,-0.4952,-0.1351,-0.2897,-0.3424,1,0,1,0,0,1,0,1,1,225.0,SAFE_STOP,掉台但六路红外均无值,0,0,1
16.436,485.0,738.0,359.0,983.0,-0.4952,-0.1351,-0.2869,-0.3424,1,0,1,0,0,1,0,1,1,292.0,SAFE_STOP,掉台但六路红外均无值,0,0,1
16.456,483.0,736.0,358.0,979.0,-0.4952,-0.1351,-0.2786,-0.3424,1,0,1,0,0,1,0,1,1,276.0,SAFE_STOP,掉台但六路红外均无值,0,0,1
16.476,484.0,739.0,360.0,982.0,-0.4952,-0.1307,-0.2758,-0.3361,1,0,1,0,0,1,0,1,1,276.0,SAFE_STOP,掉台但六路红外均无值,0,0,1
16.496,483.0,737.0,360.0,981.0,-0.498,-0.1329,-0.273,-0.3382,1,0,1,0,0,1,0,1,1,290.0,SAFE_STOP,掉台但六路红外均无值,0,0,1
16.516,485.0,740.0,361.0,985.0,-0.4952,-0.1285,-0.273,-0.3361,1,0,1,0,0,1,0,1,1,244.0,SAFE_STOP,掉台但六路红外均无值,0,0,1
16.536,484.0,739.0,361.0,984.0,-0.4952,-0.1285,-0.2702,-0.3319,1,0,1,0,0,1,0,1,1,247.0,SAFE_STOP,掉台但六路红外均无值,0,0,1
16.557,486.0,740.0,362.0,988.0,-0.4925,-0.1264,-0.2702,-0.3299,1,0,1,0,0,1,0,1,1,276.0,SAFE_STOP,掉台但六路红外均无值,0,0,1
16.577,485.0,740.0,364.0,986.0,-0.4925,-0.1264,-0.2674,-0.3278,1,0,1,0,0,1,0,1,1,276.0,SAFE_STOP,掉台但六路红外均无值,0,0,1
16.597,485.0,739.0,362.0,986.0,-0.4925,-0.1264,-0.2674,-0.3278,1,0,1,0,0,1,0,1,1,245.0,SAFE_STOP,掉台但六路红外均无值,0,0,1
16.617,484.0,740.0,364.0,987.0,-0.4925,-0.1264,-0.2618,-0.3278,1,0,1,0,0,1,0,1,1,243.0,SAFE_STOP,掉台但六路红外均无值,0,0,1
16.637,484.0,739.0,363.0,987.0,-0.4952,-0.1285,-0.2646,-0.3257,1,0,1,0,0,1,0,1,1,276.0,SAFE_STOP,掉台但六路红外均无值,0,0,1
16.657,485.0,739.0,364.0,988.0,-0.4952,-0.1285,-0.2618,-0.3257,1,0,1,0,0,1,0,1,1,211.0,SAFE_STOP,掉台但六路红外均无值,0,0,1
16.678,484.0,739.0,364.0,988.0,-0.4952,-0.1285,-0.2618,-0.3236,1,0,1,0,0,1,0,1,1,227.0,SAFE_STOP,掉台但六路红外均无值,0,0,1
16.698,483.0,737.0,363.0,985.0,-0.4952,-0.1285,-0.2618,-0.3236,1,0,1,0,0,1,0,1,1,248.0,SAFE_STOP,掉台但六路红外均无值,0,0,1
16.718,484.0,739.0,363.0,986.0,-0.4952,-0.1285,-0.2646,-0.3278,1,0,1,0,0,1,0,1,1,276.0,SAFE_STOP,掉台但六路红外均无值,0,0,1
16.738,484.0,739.0,363.0,987.0,-0.4952,-0.1285,-0.2646,-0.3278,1,0,1,0,0,1,0,1,1,357.0,SAFE_STOP,掉台但六路红外均无值,0,0,1
16.758,484.0,740.0,362.0,989.0,-0.4952,-0.1285,-0.2646,-0.3257,1,0,1,0,0,1,0,1,1,273.0,SAFE_STOP,掉台但六路红外均无值,0,0,1
16.778,484.0,739.0,363.0,989.0,-0.4952,-0.1285,-0.2646,-0.3215,1,0,1,0,0,1,0,1,1,215.0,SAFE_STOP,掉台但六路红外均无值,0,0,1
16.798,483.0,737.0,362.0,988.0,-0.4952,-0.1285,-0.2674,-0.3215,1,0,1,0,0,1,0,1,1,200.0,SAFE_STOP,掉台但六路红外均无值,0,0,1
16.818,485.0,738.0,364.0,991.0,-0.4952,-0.1307,-0.2646,-0.3215,1,0,1,0,0,1,0,1,1,227.0,SAFE_STOP,掉台但六路红外均无值,0,0,1
16.838,485.0,739.0,364.0,992.0,-0.4925,-0.1307,-0.2618,-0.3173,1,0,1,0,0,1,0,1,1,291.0,SAFE_STOP,掉台但六路红外均无值,0,0,1
16.859,486.0,737.0,364.0,991.0,-0.4925,-0.1307,-0.2618,-0.3173,1,0,1,0,0,1,0,1,1,267.0,SAFE_STOP,掉台但六路红外均无值,0,0,1
16.879,484.0,736.0,365.0,992.0,-0.4925,-0.1329,-0.2618,-0.3152,1,0,1,0,0,1,0,1,1,202.0,SAFE_STOP,掉台但六路红外均无值,0,0,1
16.899,484.0,736.0,365.0,992.0,-0.4952,-0.1351,-0.2591,-0.3152,1,0,1,0,0,1,0,1,1,202.0,SAFE_STOP,掉台但六路红外均无值,0,0,1
16.919,484.0,734.0,364.0,992.0,-0.4952,-0.1351,-0.2591,-0.3152,1,0,1,0,0,1,0,1,1,208.0,SAFE_STOP,掉台但六路红外均无值,0,0,1
16.939,484.0,733.0,364.0,993.0,-0.4952,-0.1394,-0.2618,-0.3152,1,0,1,0,0,1,0,1,1,291.0,SAFE_STOP,掉台但六路红外均无值,0,0,1
16.959,484.0,731.0,364.0,995.0,-0.4952,-0.1416,-0.2618,-0.3132,1,0,1,0,0,1,0,1,1,275.0,SAFE_STOP,掉台但六路红外均无值,0,0,1
16.979,484.0,729.0,364.0,996.0,-0.4952,-0.146,-0.2618,-0.309,1,0,1,0,0,1,0,1,1,324.0,SAFE_STOP,掉台但六路红外均无值,0,0,1
17.0,485.0,726.0,363.0,998.0,-0.4952,-0.1503,-0.2618,-0.3069,1,0,1,0,0,1,0,1,1,178.0,SAFE_STOP,掉台但六路红外均无值,0,0,1
17.02,484.0,724.0,363.0,998.0,-0.4952,-0.1569,-0.2646,-0.3027,1,0,1,0,0,1,0,1,1,195.0,SAFE_STOP,掉台但六路红外均无值,0,0,1
17.04,484.0,724.0,363.0,1001.0,-0.4952,-0.1612,-0.2646,-0.3027,1,0,1,0,0,1,0,1,1,228.0,SAFE_STOP,掉台但六路红外均无值,0,0,1
17.06,484.0,720.0,362.0,1000.0,-0.4952,-0.1612,-0.2646,-0.2985,1,0,1,0,0,1,0,1,1,283.0,SAFE_STOP,掉台但六路红外均无值,0,0,1
17.08,485.0,718.0,362.0,998.0,-0.4952,-0.1699,-0.2674,-0.2985,1,0,1,0,0,1,0,1,1,276.0,SAFE_STOP,掉台但六路红外均无值,0,0,1
17.1,485.0,717.0,362.0,997.0,-0.4925,-0.1743,-0.2674,-0.3027,1,0,1,0,0,1,0,1,1,227.0,SAFE_STOP,掉台但六路红外均无值,0,0,1
17.121,487.0,715.0,362.0,996.0,-0.4925,-0.1765,-0.2674,-0.3048,1,0,1,0,0,1,0,1,1,296.0,SAFE_STOP,掉台但六路红外均无值,0,0,1
17.141,486.0,710.0,362.0,992.0,-0.4898,-0.1808,-0.2674,-0.3069,1,0,1,0,0,1,0,1,1,299.0,SAFE_STOP,掉台但六路红外均无值,0,0,1
17.161,489.0,708.0,364.0,992.0,-0.4871,-0.1917,-0.2674,-0.3152,1,0,1,0,0,1,0,1,1,276.0,SAFE_STOP,掉台但六路红外均无值,0,0,1
17.182,492.0,706.0,365.0,993.0,-0.4816,-0.1961,-0.2618,-0.3152,1,0,1,0,0,1,0,1,1,261.0,SAFE_STOP,掉台但六路红外均无值,0,0,1
17.202,494.0,704.0,365.0,992.0,-0.4735,-0.2004,-0.2591,-0.3152,1,0,1,0,0,1,0,1,1,211.0,SAFE_STOP,掉台但六路红外均无值,0,0,1
17.222,495.0,702.0,362.0,987.0,-0.468,-0.2048,-0.2591,-0.3152,1,0,1,0,0,1,0,1,1,211.0,SAFE_STOP,掉台但六路红外均无值,0,0,1
17.242,499.0,704.0,361.0,988.0,-0.4653,-0.2048,-0.2674,-0.3236,1,0,1,0,0,1,0,1,1,266.0,SAFE_STOP,掉台但六路红外均无值,0,0,1
17.262,501.0,707.0,359.0,987.0,-0.4544,-0.2048,-0.2702,-0.3257,1,0,1,0,0,1,0,1,1,276.0,SAFE_STOP,掉台但六路红外均无值,0,0,1
17.282,505.0,712.0,361.0,986.0,-0.449,-0.1983,-0.2702,-0.3257,1,0,1,0,0,1,0,1,1,188.0,SAFE_STOP,掉台但六路红外均无值,0,0,1
17.302,505.0,712.0,361.0,986.0,-0.4381,-0.1874,-0.2702,-0.3278,1,0,1,0,0,1,0,1,1,188.0,SAFE_STOP,掉台但六路红外均无值,0,0,1
17.322,505.0,716.0,363.0,984.0,-0.4381,-0.1874,-0.2702,-0.3278,1,0,1,0,0,1,0,1,1,227.0,SAFE_STOP,掉台但六路红外均无值,0,0,1
17.343,507.0,720.0,363.0,982.0,-0.4381,-0.1786,-0.2646,-0.3319,1,0,1,0,0,1,0,1,1,211.0,SAFE_STOP,掉台但六路红外均无值,0,0,1
17.363,506.0,720.0,363.0,978.0,-0.4354,-0.1699,-0.2646,-0.3361,1,0,1,0,0,1,0,1,1,210.0,SAFE_STOP,掉台但六路红外均无值,0,0,1
17.383,509.0,725.0,363.0,976.0,-0.4327,-0.1699,-0.2646,-0.3445,1,0,1,0,0,1,0,1,1,259.0,SAFE_STOP,掉台但六路红外均无值,0,0,1
17.403,511.0,729.0,364.0,975.0,-0.4272,-0.159,-0.2646,-0.3486,1,0,1,0,0,1,0,1,1,193.0,SAFE_STOP,掉台但六路红外均无值,0,0,1
17.424,510.0,732.0,365.0,973.0,-0.4245,-0.1503,-0.2618,-0.3507,1,0,1,0,0,1,0,1,1,210.0,SAFE_STOP,掉台但六路红外均无值,0,0,1
17.444,512.0,736.0,366.0,975.0,-0.4218,-0.1438,-0.2591,-0.3507,1,0,1,0,0,1,0,1,1,243.0,SAFE_STOP,掉台但六路红外均无值,0,0,1
17.464,513.0,738.0,367.0,973.0,-0.419,-0.1351,-0.2563,-0.3549,1,0,1,0,0,1,0,1,1,309.0,SAFE_STOP,掉台但六路红外均无值,0,0,1
17.484,514.0,736.0,368.0,971.0,-0.4163,-0.1351,-0.2535,-0.3549,1,0,1,0,0,1,0,1,1,275.0,SAFE_STOP,掉台但六路红外均无值,0,0,1
17.505,515.0,738.0,370.0,973.0,-0.4136,-0.1307,-0.2507,-0.3549,1,0,1,0,0,1,0,1,1,210.0,SAFE_STOP,掉台但六路红外均无值,0,0,1
17.525,514.0,733.0,370.0,971.0,-0.4136,-0.1351,-0.2451,-0.3591,1,0,1,0,0,1,0,1,1,211.0,SAFE_STOP,掉台但六路红外均无值,0,0,1
17.545,515.0,730.0,370.0,971.0,-0.4109,-0.1416,-0.2451,-0.3591,1,0,1,0,0,1,0,1,1,199.0,SAFE_STOP,掉台但六路红外均无值,0,0,1
17.565,515.0,729.0,371.0,973.0,-0.4109,-0.1481,-0.2451,-0.3591,1,0,1,0,0,1,0,1,1,217.0,SAFE_STOP,掉台但六路红外均无值,0,0,1
17.585,516.0,729.0,370.0,973.0,-0.4109,-0.1503,-0.2451,-0.3549,1,0,1,0,0,1,0,1,1,194.0,SAFE_STOP,掉台但六路红外均无值,0,0,1
17.605,517.0,727.0,370.0,973.0,-0.4082,-0.1503,-0.2451,-0.3549,1,0,1,0,0,1,0,1,1,161.0,SAFE_STOP,掉台但六路红外均无值,0,0,1
17.625,516.0,726.0,368.0,969.0,-0.4082,-0.1547,-0.2451,-0.3549,1,0,1,0,0,1,0,1,1,236.0,SAFE_STOP,掉台但六路红外均无值,0,0,1
17.645,517.0,728.0,370.0,973.0,-0.4054,-0.1547,-0.2451,-0.3549,1,0,1,0,0,1,0,1,1,292.0,SAFE_STOP,掉台但六路红外均无值,0,0,1
17.665,516.0,726.0,368.0,967.0,-0.4082,-0.1569,-0.2507,-0.3633,1,0,1,0,0,1,0,1,1,273.0,SAFE_STOP,掉台但六路红外均无值,0,0,1
17.685,517.0,729.0,371.0,969.0,-0.4054,-0.1525,-0.2451,-0.3633,1,0,1,0,0,1,0,1,1,283.0,SAFE_STOP,掉台但六路红外均无值,0,0,1
17.706,518.0,732.0,371.0,967.0,-0.4054,-0.1503,-0.2423,-0.3674,1,0,1,0,0,1,0,1,1,127.0,SAFE_STOP,掉台但六路红外均无值,0,0,1
17.726,517.0,734.0,369.0,966.0,-0.4054,-0.1438,-0.2423,-0.3674,1,0,1,0,0,1,0,1,1,174.0,SAFE_STOP,掉台但六路红外均无值,0,0,1
17.746,517.0,734.0,369.0,966.0,-0.4054,-0.1394,-0.2479,-0.3695,1,0,1,0,0,1,0,1,1,174.0,SAFE_STOP,掉台但六路红外均无值,0,0,1
17.766,517.0,733.0,371.0,963.0,-0.4054,-0.1394,-0.2479,-0.3695,1,0,1,0,0,1,0,1,1,226.0,SAFE_STOP,掉台但六路红外均无值,0,0,1
17.786,518.0,735.0,373.0,963.0,-0.4054,-0.1394,-0.2423,-0.3758,1,0,1,0,0,1,0,1,1,243.0,SAFE_STOP,掉台但六路红外均无值,0,0,1
17.806,516.0,732.0,370.0,958.0,-0.4054,-0.1416,-0.2423,-0.3758,1,0,1,0,0,1,0,1,1,195.0,SAFE_STOP,掉台但六路红外均无值,0,0,1
17.826,516.0,734.0,372.0,958.0,-0.4082,-0.1394,-0.2396,-0.3862,1,0,1,0,0,1,0,1,1,195.0,SAFE_STOP,掉台但六路红外均无值,0,0,1
17.846,517.0,736.0,374.0,960.0,-0.4082,-0.1394,-0.2396,-0.3862,1,0,1,0,0,1,0,1,1,194.0,SAFE_STOP,掉台但六路红外均无值,0,0,1
17.867,514.0,732.0,372.0,953.0,-0.4082,-0.1394,-0.2396,-0.3862,1,0,1,0,0,1,0,1,1,209.0,SAFE_STOP,掉台但六路红外均无值,0,0,1
17.887,516.0,739.0,374.0,957.0,-0.4082,-0.1351,-0.234,-0.3883,1,0,1,0,0,1,0,1,1,242.0,SAFE_STOP,掉台但六路红外均无值,0,0,1
17.907,515.0,740.0,375.0,956.0,-0.4109,-0.1285,-0.234,-0.3904,1,0,1,0,0,1,0,1,1,256.0,SAFE_STOP,掉台但六路红外均无值,0,0,1
17.927,515.0,739.0,373.0,954.0,-0.4109,-0.1285,-0.234,-0.3904,1,0,1,0,0,1,0,1,1,259.0,SAFE_STOP,掉台但六路红外均无值,0,0,1
17.947,516.0,743.0,376.0,960.0,-0.4109,-0.1264,-0.2312,-0.3904,1,0,1,0,0,1,0,1,1,195.0,SAFE_STOP,掉台但六路红外均无值,0,0,1
17.968,515.0,742.0,376.0,958.0,-0.4109,-0.122,-0.2284,-0.3862,1,0,1,0,0,1,0,1,1,260.0,SAFE_STOP,掉台但六路红外均无值,0,0,1
17.988,516.0,742.0,377.0,960.0,-0.4082,-0.122,-0.2284,-0.382,1,0,1,0,0,1,0,1,1,194.0,SAFE_STOP,掉台但六路红外均无值,0,0,1
18.009,515.0,743.0,377.0,960.0,-0.4109,-0.122,-0.2256,-0.382,1,0,1,0,0,1,0,1,1,211.0,SAFE_STOP,掉台但六路红外均无值,0,0,1
18.029,516.0,746.0,377.0,962.0,-0.4082,-0.1198,-0.2256,-0.382,1,0,1,0,0,1,0,1,1,229.0,SAFE_STOP,掉台但六路红外均无值,0,0,1
18.049,514.0,744.0,375.0,960.0,-0.4109,-0.1176,-0.2256,-0.382,1,0,1,0,0,1,0,1,1,253.0,SAFE_STOP,掉台但六路红外均无值,0,0,1
18.069,516.0,747.0,376.0,964.0,-0.4082,-0.1133,-0.2284,-0.3779,1,0,1,0,0,1,0,1,1,243.0,SAFE_STOP,掉台但六路红外均无值,0,0,1
18.089,516.0,748.0,376.0,964.0,-0.4082,-0.1111,-0.2284,-0.3737,1,0,1,0,0,1,0,1,1,227.0,SAFE_STOP,掉台但六路红外均无值,0,0,1
18.109,516.0,752.0,377.0,967.0,-0.4082,-0.1089,-0.2284,-0.3737,1,0,1,0,0,1,0,1,1,179.0,SAFE_STOP,掉台但六路红外均无值,0,0,1
18.129,516.0,752.0,377.0,967.0,-0.4082,-0.1002,-0.2256,-0.3674,1,0,1,0,0,1,0,1,1,179.0,SAFE_STOP,掉台但六路红外均无值,0,0,1
18.149,515.0,752.0,376.0,966.0,-0.4082,-0.1002,-0.2256,-0.3674,1,0,1,0,0,1,0,1,1,141.0,SAFE_STOP,掉台但六路红外均无值,0,0,1
18.17,515.0,754.0,377.0,968.0,-0.4109,-0.1002,-0.2256,-0.3674,1,0,1,0,0,1,0,1,1,240.0,SAFE_STOP,掉台但六路红外均无值,0,0,1
18.19,515.0,754.0,377.0,968.0,-0.4109,-0.0959,-0.2256,-0.3653,1,0,1,0,0,1,0,1,1,244.0,SAFE_STOP,掉台但六路红外均无值,0,0,1
18.21,515.0,755.0,378.0,968.0,-0.4109,-0.0959,-0.2256,-0.3653,1,0,1,0,0,1,0,1,1,292.0,SAFE_STOP,掉台但六路红外均无值,0,0,1
18.23,515.0,756.0,377.0,968.0,-0.4109,-0.0937,-0.2256,-0.3653,1,0,1,0,0,1,0,1,1,194.0,SAFE_STOP,掉台但六路红外均无值,0,0,1
18.25,516.0,760.0,378.0,970.0,-0.4109,-0.0915,-0.2228,-0.3653,1,0,1,0,0,1,0,1,1,196.0,SAFE_STOP,掉台但六路红外均无值,0,0,1
18.27,516.0,760.0,378.0,969.0,-0.4082,-0.0828,-0.2228,-0.3633,1,0,1,0,0,1,0,1,1,193.0,SAFE_STOP,掉台但六路红外均无值,0,0,1
18.29,516.0,760.0,378.0,969.0,-0.4082,-0.0828,-0.2228,-0.3633,1,0,1,0,0,1,0,1,1,267.0,SAFE_STOP,掉台但六路红外均无值,0,0,1
18.31,515.0,762.0,378.0,969.0,-0.4082,-0.0828,-0.2228,-0.3633,1,0,1,0,0,1,0,1,1,248.0,SAFE_STOP,掉台但六路红外均无值,0,0,1
18.331,516.0,762.0,379.0,970.0,-0.4082,-0.0784,-0.2228,-0.3633,1,0,1,0,0,1,0,1,1,170.0,SAFE_STOP,掉台但六路红外均无值,0,0,1
18.351,516.0,762.0,378.0,970.0,-0.4082,-0.0784,-0.2228,-0.3612,1,0,1,0,0,1,0,1,1,195.0,SAFE_STOP,掉台但六路红外均无值,0,0,1
18.371,515.0,760.0,377.0,968.0,-0.4082,-0.0784,-0.2228,-0.3612,1,0,1,0,0,1,0,1,1,259.0,SAFE_STOP,掉台但六路红外均无值,0,0,1
18.391,516.0,762.0,378.0,971.0,-0.4082,-0.0784,-0.2228,-0.3612,1,0,1,0,0,1,0,1,1,325.0,SAFE_STOP,掉台但六路红外均无值,0,0,1
18.411,516.0,762.0,379.0,968.0,-0.4082,-0.0784,-0.2228,-0.3653,1,0,1,0,0,1,0,1,1,261.0,SAFE_STOP,掉台但六路红外均无值,0,0,1
18.431,516.0,763.0,378.0,970.0,-0.4082,-0.0784,-0.2228,-0.3612,1,0,1,0,0,1,0,1,1,145.0,SAFE_STOP,掉台但六路红外均无值,0,0,1
18.452,515.0,761.0,378.0,969.0,-0.4082,-0.0784,-0.2228,-0.3633,1,0,1,0,0,1,0,1,1,210.0,SAFE_STOP,掉台但六路红外均无值,0,0,1
18.472,516.0,762.0,378.0,970.0,-0.4082,-0.0784,-0.2228,-0.3612,1,0,1,0,0,1,0,1,1,243.0,SAFE_STOP,掉台但六路红外均无值,0,0,1
18.492,516.0,763.0,378.0,970.0,-0.4082,-0.0784,-0.2228,-0.3612,1,0,1,0,0,1,0,1,1,212.0,SAFE_STOP,掉台但六路红外均无值,0,0,1
18.512,516.0,763.0,378.0,970.0,-0.4082,-0.0763,-0.2228,-0.3612,1,0,1,0,0,1,0,1,1,212.0,SAFE_STOP,掉台但六路红外均无值,0,0,1
18.532,516.0,763.0,378.0,970.0,-0.4082,-0.0763,-0.2228,-0.3612,1,0,1,0,0,1,0,1,1,194.0,SAFE_STOP,掉台但六路红外均无值,0,0,1
18.552,516.0,764.0,378.0,969.0,-0.4082,-0.0763,-0.2228,-0.3612,1,0,1,0,0,1,0,1,1,212.0,SAFE_STOP,掉台但六路红外均无值,0,0,1
18.572,516.0,764.0,378.0,969.0,-0.4082,-0.0741,-0.2228,-0.3633,1,0,1,0,0,1,0,1,1,244.0,SAFE_STOP,掉台但六路红外均无值,0,0,1
18.592,516.0,763.0,379.0,970.0,-0.4082,-0.0741,-0.2228,-0.3633,1,0,1,0,0,1,0,1,1,199.0,SAFE_STOP,掉台但六路红外均无值,0,0,1
18.612,517.0,764.0,379.0,970.0,-0.4082,-0.0741,-0.2201,-0.3612,1,0,1,0,0,1,0,1,1,243.0,SAFE_STOP,掉台但六路红外均无值,0,0,1
18.633,516.0,764.0,379.0,970.0,-0.4082,-0.0741,-0.2201,-0.3612,1,0,1,0,0,1,0,1,1,244.0,SAFE_STOP,掉台但六路红外均无值,0,0,1
18.653,516.0,763.0,379.0,970.0,-0.4082,-0.0741,-0.2201,-0.3612,1,0,1,0,0,1,0,1,1,250.0,SAFE_STOP,掉台但六路红外均无值,0,0,1
18.673,515.0,765.0,378.0,971.0,-0.4082,-0.0741,-0.2201,-0.3612,1,0,1,0,0,1,0,1,1,161.0,SAFE_STOP,掉台但六路红外均无值,0,0,1
18.693,516.0,764.0,378.0,969.0,-0.4082,-0.0741,-0.2228,-0.3612,1,0,1,0,0,1,0,1,1,242.0,SAFE_STOP,掉台但六路红外均无值,0,0,1
18.713,516.0,763.0,378.0,970.0,-0.4082,-0.0741,-0.2228,-0.3612,1,0,1,0,0,1,0,1,1,242.0,SAFE_STOP,掉台但六路红外均无值,0,0,1
18.734,515.0,763.0,378.0,968.0,-0.4082,-0.0763,-0.2228,-0.3633,1,0,1,0,0,1,0,1,1,226.0,SAFE_STOP,掉台但六路红外均无值,0,0,1
18.754,516.0,762.0,379.0,969.0,-0.4082,-0.0763,-0.2228,-0.3633,1,0,1,0,0,1,0,1,1,204.0,SAFE_STOP,掉台但六路红外均无值,0,0,1
18.774,515.0,762.0,378.0,968.0,-0.4109,-0.0784,-0.2228,-0.3653,1,0,1,0,0,1,0,1,1,192.0,SAFE_STOP,掉台但六路红外均无值,0,0,1
18.794,517.0,765.0,379.0,970.0,-0.4082,-0.0784,-0.2201,-0.3633,1,0,1,0,0,1,0,1,1,209.0,SAFE_STOP,掉台但六路红外均无值,0,0,1
18.814,517.0,764.0,380.0,970.0,-0.4054,-0.0741,-0.2201,-0.3612,1,0,1,0,0,1,0,1,1,227.0,SAFE_STOP,掉台但六路红外均无值,0,0,1
18.834,518.0,765.0,380.0,971.0,-0.4054,-0.0719,-0.2173,-0.3612,1,0,1,0,0,1,0,1,1,178.0,SAFE_STOP,掉台但六路红外均无值,0,0,1
18.854,517.0,764.0,379.0,970.0,-0.4054,-0.0741,-0.2173,-0.3612,1,0,1,0,0,1,0,1,1,212.0,SAFE_STOP,掉台但六路红外均无值,0,0,1
18.874,518.0,764.0,380.0,971.0,-0.4027,-0.0741,-0.2173,-0.3591,1,0,1,0,0,1,0,1,1,275.0,SAFE_STOP,掉台但六路红外均无值,0,0,1
18.895,517.0,764.0,379.0,968.0,-0.4054,-0.0741,-0.2201,-0.3612,1,0,1,0,0,1,0,1,1,226.0,SAFE_STOP,掉台但六路红外均无值,0,0,1
18.915,518.0,764.0,379.0,969.0,-0.4027,-0.0741,-0.2201,-0.3633,1,0,1,0,0,1,0,1,1,275.0,SAFE_STOP,掉台但六路红外均无值,0,0,1
18.935,518.0,763.0,379.0,969.0,-0.4027,-0.0741,-0.2201,-0.3633,1,0,1,0,0,1,0,1,1,242.0,SAFE_STOP,掉台但六路红外均无值,0,0,1
18.955,518.0,763.0,379.0,969.0,-0.4027,-0.0763,-0.2201,-0.3633,1,0,1,0,0,1,0,1,1,242.0,SAFE_STOP,掉台但六路红外均无值,0,0,1
18.975,518.0,764.0,379.0,970.0,-0.4027,-0.0763,-0.2201,-0.3633,1,0,1,0,0,1,0,1,1,195.0,SAFE_STOP,掉台但六路红外均无值,0,0,1
18.995,517.0,762.0,378.0,968.0,-0.4027,-0.0763,-0.2201,-0.3633,1,0,1,0,0,1,0,1,1,202.0,SAFE_STOP,掉台但六路红外均无值,0,0,1
19.016,518.0,763.0,378.0,968.0,-0.4027,-0.0763,-0.2228,-0.3653,1,0,1,0,0,1,0,1,1,225.0,SAFE_STOP,掉台但六路红外均无值,0,0,1
19.036,519.0,762.0,378.0,968.0,-0.4027,-0.0784,-0.2228,-0.3653,1,0,1,0,0,1,0,1,1,211.0,SAFE_STOP,掉台但六路红外均无值,0,0,1
19.056,518.0,757.0,376.0,968.0,-0.4027,-0.0784,-0.2228,-0.3653,1,0,1,0,0,1,0,1,1,178.0,SAFE_STOP,掉台但六路红外均无值,0,0,1
19.076,517.0,749.0,373.0,965.0,-0.4027,-0.0893,-0.2284,-0.3653,1,0,1,0,0,1,0,1,1,210.0,SAFE_STOP,掉台但六路红外均无值,0,0,1
19.096,514.0,731.0,366.0,953.0,-0.4054,-0.1068,-0.2368,-0.3716,1,0,1,0,0,1,0,1,1,211.0,SAFE_STOP,掉台但六路红外均无值,0,0,1
19.116,510.0,705.0,358.0,936.0,-0.4136,-0.146,-0.2563,-0.3967,1,0,1,0,0,1,0,1,1,291.0,SAFE_STOP,掉台但六路红外均无值,0,0,1
19.136,505.0,674.0,349.0,913.0,-0.4245,-0.2026,-0.2786,-0.4322,1,0,1,0,0,1,0,1,1,211.0,SAFE_STOP,掉台但六路红外均无值,0,0,1
19.156,500.0,641.0,337.0,886.0,-0.4381,-0.2702,-0.3036,-0.4802,1,0,1,0,0,1,0,1,1,178.0,SAFE_STOP,掉台但六路红外均无值,0,0,1
19.177,492.0,609.0,326.0,859.0,-0.4517,-0.342,-0.337,-0.5365,1,0,1,0,0,1,0,1,1,196.0,SAFE_STOP,掉台但六路红外均无值,0,0,1
19.197,488.0,582.0,319.0,838.0,-0.4735,-0.4118,-0.3677,-0.5929,1,0,1,0,0,1,0,1,1,195.0,SAFE_STOP,掉台但六路红外均无值,0,0,1
19.217,484.0,558.0,312.0,818.0,-0.4844,-0.4706,-0.3872,-0.6367,1,0,1,0,0,1,0,1,1,260.0,SAFE_STOP,掉台但六路红外均无值,0,0,1
19.237,480.0,539.0,307.0,803.0,-0.4952,-0.5229,-0.4067,-0.6785,1,0,1,0,0,1,0,1,1,212.0,SAFE_STOP,掉台但六路红外均无值,0,0,1
19.257,478.0,529.0,302.0,793.0,-0.5061,-0.5643,-0.4206,-0.7098,1,0,1,0,0,1,1,1,1,231.0,SAFE_STOP,掉台但六路红外均无值,0,0,1
19.277,475.0,524.0,300.0,789.0,-0.5116,-0.5861,-0.4345,-0.7307,1,0,1,0,0,1,1,1,1,180.0,SAFE_STOP,掉台但六路红外均无值,0,0,1
19.298,476.0,529.0,302.0,794.0,-0.517,-0.5861,-0.4345,-0.7307,1,0,1,0,0,1,1,1,1,212.0,SAFE_STOP,掉台但六路红外均无值,0,0,1
19.318,480.0,550.0,309.0,810.0,-0.517,-0.5861,-0.4345,-0.7286,1,0,1,0,0,1,1,1,1,244.0,SAFE_STOP,掉台但六路红外均无值,0,0,1
19.338,485.0,591.0,322.0,840.0,-0.5061,-0.5403,-0.415,-0.6952,1,0,1,0,0,1,1,1,1,310.0,SAFE_STOP,掉台但六路红外均无值,0,0,1
19.358,485.0,591.0,322.0,840.0,-0.4925,-0.451,-0.3788,-0.6326,1,0,1,0,0,1,1,1,1,310.0,SAFE_STOP,掉台但六路红外均无值,0,0,1
19.378,493.0,657.0,343.0,887.0,-0.4925,-0.451,-0.3788,-0.6326,1,0,1,0,0,1,1,1,1,193.0,SAFE_STOP,掉台但六路红外均无值,0,0,1
19.398,504.0,743.0,368.0,940.0,-0.4707,-0.3072,-0.3203,-0.5344,1,0,1,0,0,1,1,1,1,211.0,SAFE_STOP,掉台但六路红外均无值,0,0,1
19.419,507.0,743.0,364.0,936.0,-0.4408,-0.1198,-0.2618,-0.4322,1,0,1,0,0,0,1,1,1,233.0,SAFE_STOP,掉台但六路红外均无值,0,0,1
19.439,508.0,754.0,368.0,939.0,-0.4327,-0.1198,-0.2507,-0.4259,1,0,1,0,0,0,1,1,1,215.0,SAFE_STOP,掉台但六路红外均无值,0,0,1
19.459,510.0,762.0,371.0,942.0,-0.4299,-0.0959,-0.2507,-0.4259,1,0,1,0,0,0,1,1,1,243.0,SAFE_STOP,掉台但六路红外均无值,0,0,1
19.479,511.0,763.0,371.0,942.0,-0.4245,-0.0784,-0.2423,-0.4196,1,0,1,0,0,0,1,1,1,195.0,SAFE_STOP,掉台但六路红外均无值,0,0,1
19.499,512.0,764.0,370.0,943.0,-0.4218,-0.0763,-0.2423,-0.4196,1,0,1,0,0,0,1,1,1,244.0,SAFE_STOP,掉台但六路红外均无值,0,0,1
19.519,513.0,765.0,371.0,945.0,-0.419,-0.0741,-0.2423,-0.4175,1,0,1,0,0,0,1,1,1,207.0,SAFE_STOP,掉台但六路红外均无值,0,0,1
19.539,512.0,764.0,371.0,947.0,-0.419,-0.0741,-0.2423,-0.4134,1,0,1,0,0,0,1,1,1,228.0,SAFE_STOP,掉台但六路红外均无值,0,0,1
19.559,513.0,764.0,371.0,945.0,-0.4163,-0.0741,-0.2423,-0.4134,1,0,1,0,0,0,1,1,1,178.0,SAFE_STOP,掉台但六路红外均无值,0,0,1
19.58,513.0,764.0,370.0,944.0,-0.4163,-0.0741,-0.2423,-0.4134,1,0,1,0,0,0,1,1,1,246.0,SAFE_STOP,掉台但六路红外均无值,0,0,1
19.6,514.0,766.0,371.0,945.0,-0.4163,-0.0741,-0.2423,-0.4134,1,0,1,0,0,0,1,1,1,211.0,SAFE_STOP,掉台但六路红外均无值,0,0,1
19.62,515.0,765.0,371.0,945.0,-0.4136,-0.0719,-0.2423,-0.4134,1,0,1,0,0,0,1,1,1,260.0,SAFE_STOP,掉台但六路红外均无值,0,0,1
19.64,514.0,764.0,369.0,942.0,-0.4136,-0.0719,-0.2423,-0.4134,1,0,1,0,0,0,1,1,1,276.0,SAFE_STOP,掉台但六路红外均无值,0,0,1
19.66,513.0,763.0,371.0,942.0,-0.4136,-0.0741,-0.2423,-0.4196,1,0,1,0,0,0,1,1,1,229.0,SAFE_STOP,掉台但六路红外均无值,0,0,1
19.68,513.0,764.0,370.0,943.0,-0.4163,-0.0741,-0.2451,-0.4196,1,0,1,0,0,0,1,1,1,207.0,SAFE_STOP,掉台但六路红外均无值,0,0,1
19.7,515.0,765.0,371.0,944.0,-0.4163,-0.0741,-0.2423,-0.4175,1,0,1,0,0,0,1,1,1,211.0,SAFE_STOP,掉台但六路红外均无值,0,0,1
19.72,515.0,765.0,371.0,945.0,-0.4109,-0.0719,-0.2423,-0.4154,1,0,1,0,0,0,1,1,1,243.0,SAFE_STOP,掉台但六路红外均无值,0,0,1
19.741,514.0,765.0,372.0,944.0,-0.4109,-0.0719,-0.2423,-0.4154,1,0,1,0,0,0,1,1,1,227.0,SAFE_STOP,掉台但六路红外均无值,0,0,1
19.761,514.0,765.0,372.0,944.0,-0.4136,-0.0719,-0.2396,-0.4154,1,0,1,0,0,0,1,1,1,227.0,SAFE_STOP,掉台但六路红外均无值,0,0,1
19.781,515.0,766.0,372.0,945.0,-0.4136,-0.0719,-0.2396,-0.4154,1,0,1,0,0,0,1,1,1,194.0,SAFE_STOP,掉台但六路红外均无值,0,0,1
19.801,516.0,765.0,371.0,944.0,-0.4109,-0.0719,-0.2396,-0.4154,1,0,1,0,0,0,1,1,1,208.0,SAFE_STOP,掉台但六路红外均无值,0,0,1
19.821,515.0,766.0,371.0,945.0,-0.4109,-0.0697,-0.2423,-0.4134,1,0,1,0,0,0,1,1,1,179.0,SAFE_STOP,掉台但六路红外均无值,0,0,1
19.841,515.0,764.0,370.0,944.0,-0.4109,-0.0719,-0.2423,-0.4154,1,0,1,0,0,0,1,1,1,212.0,SAFE_STOP,掉台但六路红外均无值,0,0,1
19.861,516.0,765.0,371.0,945.0,-0.4109,-0.0719,-0.2423,-0.4134,1,0,1,0,0,0,1,1,1,243.0,SAFE_STOP,掉台但六路红外均无值,0,0,1
19.881,516.0,765.0,372.0,946.0,-0.4082,-0.0719,-0.2423,-0.4134,1,0,1,0,0,0,1,1,1,196.0,SAFE_STOP,掉台但六路红外均无值,0,0,1
19.901,516.0,765.0,371.0,945.0,-0.4082,-0.0719,-0.2423,-0.4134,1,0,1,0,0,0,1,1,1,167.0,SAFE_STOP,掉台但六路红外均无值,0,0,1
19.922,517.0,765.0,371.0,945.0,-0.4082,-0.0719,-0.2423,-0.4134,1,0,1,0,0,0,1,1,1,210.0,SAFE_STOP,掉台但六路红外均无值,0,0,1
19.942,516.0,766.0,371.0,945.0,-0.4082,-0.0719,-0.2423,-0.4134,1,0,1,0,0,0,1,1,1,258.0,SAFE_STOP,掉台但六路红外均无值,0,0,1
19.962,516.0,765.0,370.0,944.0,-0.4082,-0.0719,-0.2423,-0.4134,1,0,1,0,0,0,1,1,1,178.0,SAFE_STOP,掉台但六路红外均无值,0,0,1
19.982,517.0,766.0,372.0,945.0,-0.4082,-0.0697,-0.2423,-0.4134,1,0,1,0,0,0,1,1,1,211.0,SAFE_STOP,掉台但六路红外均无值,0,0,1
20.002,517.0,766.0,372.0,945.0,-0.4054,-0.0697,-0.2396,-0.4134,1,0,1,0,0,0,1,1,1,211.0,SAFE_STOP,掉台但六路红外均无值,0,0,1
20.022,516.0,765.0,371.0,943.0,-0.4054,-0.0697,-0.2396,-0.4134,1,0,1,0,0,0,1,1,1,210.0,SAFE_STOP,掉台但六路红外均无值,0,0,1
20.043,516.0,765.0,371.0,944.0,-0.4082,-0.0719,-0.2423,-0.4154,1,0,1,0,0,0,1,1,1,228.0,SAFE_STOP,掉台但六路红外均无值,0,0,1
20.063,516.0,766.0,371.0,944.0,-0.4082,-0.0719,-0.2423,-0.4154,1,0,1,0,0,0,1,1,1,195.0,SAFE_STOP,掉台但六路红外均无值,0,0,1
20.083,516.0,765.0,370.0,944.0,-0.4082,-0.0719,-0.2423,-0.4154,1,0,1,0,0,0,1,1,1,187.0,SAFE_STOP,掉台但六路红外均无值,0,0,1
20.103,517.0,766.0,371.0,944.0,-0.4082,-0.0697,-0.2423,-0.4154,1,0,1,0,0,0,1,1,1,179.0,SAFE_STOP,掉台但六路红外均无值,0,0,1
20.123,517.0,766.0,371.0,944.0,-0.4054,-0.0697,-0.2423,-0.4154,1,0,1,0,0,0,1,1,1,179.0,SAFE_STOP,掉台但六路红外均无值,0,0,1
20.143,517.0,767.0,372.0,945.0,-0.4054,-0.0697,-0.2423,-0.4154,1,0,1,0,0,0,1,1,1,243.0,SAFE_STOP,掉台但六路红外均无值,0,0,1
20.163,517.0,765.0,371.0,944.0,-0.4054,-0.0697,-0.2423,-0.4154,1,0,1,0,0,0,1,1,1,226.0,SAFE_STOP,掉台但六路红外均无值,0,0,1
20.183,517.0,766.0,372.0,945.0,-0.4054,-0.0697,-0.2396,-0.4134,1,0,1,0,0,0,1,1,1,194.0,SAFE_STOP,掉台但六路红外均无值,0,0,1
20.204,517.0,766.0,372.0,944.0,-0.4054,-0.0697,-0.2396,-0.4154,1,0,1,0,0,0,1,1,1,194.0,SAFE_STOP,掉台但六路红外均无值,0,0,1
20.224,518.0,766.0,371.0,944.0,-0.4054,-0.0697,-0.2396,-0.4154,1,0,1,0,0,0,1,1,1,211.0,SAFE_STOP,掉台但六路红外均无值,0,0,1
20.244,518.0,766.0,372.0,944.0,-0.4027,-0.0697,-0.2396,-0.4154,1,0,1,0,0,0,1,1,1,211.0,SAFE_STOP,掉台但六路红外均无值,0,0,1
20.264,518.0,766.0,372.0,945.0,-0.4027,-0.0697,-0.2396,-0.4154,1,0,1,0,0,0,1,1,1,244.0,SAFE_STOP,掉台但六路红外均无值,0,0,1
20.284,514.0,761.0,368.0,939.0,-0.4027,-0.0697,-0.2396,-0.4154,1,0,1,0,0,0,1,1,1,261.0,SAFE_STOP,掉台但六路红外均无值,0,0,1
20.304,518.0,766.0,372.0,945.0,-0.4027,-0.0697,-0.2396,-0.4134,1,0,1,0,0,0,1,1,1,161.0,SAFE_STOP,掉台但六路红外均无值,0,0,1
20.324,517.0,766.0,372.0,944.0,-0.4054,-0.0697,-0.2396,-0.4154,1,0,1,0,0,0,1,1,1,193.0,SAFE_STOP,掉台但六路红外均无值,0,0,1
20.344,517.0,766.0,371.0,945.0,-0.4054,-0.0697,-0.2396,-0.4134,1,0,1,0,0,0,1,1,1,259.0,SAFE_STOP,掉台但六路红外均无值,0,0,1
20.364,518.0,765.0,371.0,945.0,-0.4054,-0.0697,-0.2423,-0.4134,1,0,1,0,0,0,1,1,1,194.0,SAFE_STOP,掉台但六路红外均无值,0,0,1
20.385,518.0,766.0,372.0,944.0,-0.4027,-0.0697,-0.2423,-0.4134,1,0,1,0,0,0,1,1,1,243.0,SAFE_STOP,掉台但六路红外均无值,0,0,1
20.405,518.0,765.0,371.0,944.0,-0.4027,-0.0719,-0.2423,-0.4154,1,0,1,0,0,0,1,1,1,210.0,SAFE_STOP,掉台但六路红外均无值,0,0,1
20.425,518.0,766.0,372.0,944.0,-0.4027,-0.0697,-0.2396,-0.4154,1,0,1,0,0,0,1,1,1,241.0,SAFE_STOP,掉台但六路红外均无值,0,0,1
20.445,517.0,764.0,371.0,944.0,-0.4027,-0.0719,-0.2423,-0.4154,1,0,1,0,0,0,1,1,1,243.0,SAFE_STOP,掉台但六路红外均无值,0,0,1
20.465,517.0,766.0,371.0,944.0,-0.4054,-0.0697,-0.2423,-0.4154,1,0,1,0,0,0,1,1,1,227.0,SAFE_STOP,掉台但六路红外均无值,0,0,1
20.485,518.0,767.0,372.0,945.0,-0.4054,-0.0697,-0.2423,-0.4154,1,0,1,0,0,0,1,1,1,196.0,SAFE_STOP,掉台但六路红外均无值,0,0,1
20.506,518.0,767.0,372.0,946.0,-0.4027,-0.0675,-0.2396,-0.4134,1,0,1,0,0,0,1,1,1,227.0,SAFE_STOP,掉台但六路红外均无值,0,0,1
20.526,518.0,767.0,372.0,946.0,-0.4027,-0.0675,-0.2396,-0.4113,1,0,1,0,0,0,1,1,1,227.0,SAFE_STOP,掉台但六路红外均无值,0,0,1
20.546,517.0,764.0,372.0,943.0,-0.4027,-0.0675,-0.2396,-0.4113,1,0,1,0,0,0,1,1,1,188.0,SAFE_STOP,掉台但六路红外均无值,0,0,1
20.566,519.0,767.0,372.0,945.0,-0.4027,-0.0675,-0.2396,-0.4134,1,0,1,0,0,0,1,1,1,244.0,SAFE_STOP,掉台但六路红外均无值,0,0,1
20.586,519.0,766.0,372.0,944.0,-0.4,-0.0697,-0.2396,-0.4154,1,0,1,0,0,0,1,1,1,261.0,SAFE_STOP,掉台但六路红外均无值,0,0,1
20.607,518.0,765.0,371.0,944.0,-0.4,-0.0697,-0.2396,-0.4154,1,0,1,0,0,0,1,1,1,194.0,SAFE_STOP,掉台但六路红外均无值,0,0,1
20.627,519.0,766.0,372.0,945.0,-0.4,-0.0697,-0.2396,-0.4154,1,0,1,0,0,0,1,1,1,211.0,SAFE_STOP,掉台但六路红外均无值,0,0,1
20.647,518.0,767.0,372.0,945.0,-0.4027,-0.0697,-0.2396,-0.4134,1,0,1,0,0,0,1,1,1,212.0,SAFE_STOP,掉台但六路红外均无值,0,0,1
20.667,517.0,764.0,371.0,944.0,-0.4027,-0.0697,-0.2396,-0.4134,1,0,1,0,0,0,1,1,1,259.0,SAFE_STOP,掉台但六路红外均无值,0,0,1
20.687,518.0,764.0,372.0,945.0,-0.4027,-0.0741,-0.2396,-0.4134,1,0,1,0,0,0,1,1,1,201.0,SAFE_STOP,掉台但六路红外均无值,0,0,1
20.707,518.0,764.0,371.0,942.0,-0.4027,-0.0741,-0.2423,-0.4154,1,0,1,0,0,0,1,1,1,200.0,SAFE_STOP,掉台但六路红外均无值,0,0,1
20.727,517.0,764.0,371.0,943.0,-0.4027,-0.0741,-0.2423,-0.4175,1,0,1,0,0,0,1,1,1,210.0,SAFE_STOP,掉台但六路红外均无值,0,0,1
20.747,518.0,765.0,371.0,944.0,-0.4027,-0.0741,-0.2423,-0.4175,1,0,1,0,0,0,1,1,1,257.0,SAFE_STOP,掉台但六路红外均无值,0,0,1
20.767,519.0,766.0,372.0,945.0,-0.4027,-0.0719,-0.2423,-0.4154,1,0,1,0,0,0,1,1,1,194.0,SAFE_STOP,掉台但六路红外均无值,0,0,1
20.788,518.0,766.0,372.0,946.0,-0.4027,-0.0697,-0.2396,-0.4134,1,0,1,0,0,0,1,1,1,279.0,SAFE_STOP,掉台但六路红外均无值,0,0,1
20.808,517.0,764.0,371.0,944.0,-0.4027,-0.0697,-0.2396,-0.4134,1,0,1,0,0,0,1,1,1,194.0,SAFE_STOP,掉台但六路红外均无值,0,0,1
20.828,518.0,766.0,372.0,944.0,-0.4027,-0.0697,-0.2396,-0.4154,1,0,1,0,0,0,1,1,1,195.0,SAFE_STOP,掉台但六路红外均无值,0,0,1
20.848,519.0,766.0,372.0,946.0,-0.4027,-0.0697,-0.2396,-0.4154,1,0,1,0,0,0,1,1,1,228.0,SAFE_STOP,掉台但六路红外均无值,0,0,1
20.868,519.0,766.0,372.0,946.0,-0.4,-0.0697,-0.2396,-0.4113,1,0,1,0,0,0,1,1,1,228.0,SAFE_STOP,掉台但六路红外均无值,0,0,1
20.888,518.0,764.0,371.0,943.0,-0.4,-0.0697,-0.2396,-0.4113,1,0,1,0,0,0,1,1,1,224.0,SAFE_STOP,掉台但六路红外均无值,0,0,1
20.908,519.0,764.0,371.0,943.0,-0.4,-0.0741,-0.2423,-0.4175,1,0,1,0,0,0,1,1,1,178.0,SAFE_STOP,掉台但六路红外均无值,0,0,1
20.929,517.0,764.0,371.0,941.0,-0.4027,-0.0741,-0.2423,-0.4175,1,0,1,0,0,0,1,1,1,218.0,SAFE_STOP,掉台但六路红外均无值,0,0,1
20.949,518.0,764.0,371.0,942.0,-0.4027,-0.0741,-0.2423,-0.4196,1,0,1,0,0,0,1,1,1,207.0,SAFE_STOP,掉台但六路红外均无值,0,0,1
20.969,517.0,764.0,371.0,943.0,-0.4054,-0.0741,-0.2423,-0.4196,1,0,1,0,0,0,1,1,1,291.0,SAFE_STOP,掉台但六路红外均无值,0,0,1
20.99,518.0,765.0,371.0,944.0,-0.4027,-0.0741,-0.2423,-0.4175,1,0,1,0,0,0,1,1,1,309.0,SAFE_STOP,掉台但六路红外均无值,0,0,1
21.01,517.0,764.0,371.0,943.0,-0.4054,-0.0741,-0.2423,-0.4175,1,0,1,0,0,0,1,1,1,244.0,SAFE_STOP,掉台但六路红外均无值,0,0,1
21.03,518.0,763.0,370.0,941.0,-0.4027,-0.0741,-0.2423,-0.4175,1,0,1,0,0,0,1,1,1,161.0,SAFE_STOP,掉台但六路红外均无值,0,0,1
21.05,518.0,764.0,371.0,944.0,-0.4027,-0.0741,-0.2423,-0.4175,1,0,1,0,0,0,1,1,1,161.0,SAFE_STOP,掉台但六路红外均无值,0,0,1
21.07,518.0,764.0,371.0,942.0,-0.4027,-0.0741,-0.2423,-0.4196,1,0,1,0,0,0,1,1,1,260.0,SAFE_STOP,掉台但六路红外均无值,0,0,1
21.09,518.0,764.0,371.0,942.0,-0.4027,-0.0741,-0.2423,-0.4196,1,0,1,0,0,0,1,1,1,242.0,SAFE_STOP,掉台但六路红外均无值,0,0,1
21.11,517.0,762.0,370.0,942.0,-0.4027,-0.0741,-0.2423,-0.4196,1,0,1,0,0,0,1,1,1,227.0,SAFE_STOP,掉台但六路红外均无值,0,0,1
21.13,517.0,762.0,371.0,941.0,-0.4054,-0.0784,-0.2423,-0.4196,1,0,1,0,0,0,1,1,1,193.0,SAFE_STOP,掉台但六路红外均无值,0,0,1
21.15,515.0,760.0,370.0,939.0,-0.4054,-0.0784,-0.2451,-0.4217,1,0,1,0,0,0,1,1,1,232.0,SAFE_STOP,掉台但六路红外均无值,0,0,1
21.171,517.0,762.0,371.0,941.0,-0.4054,-0.0784,-0.2423,-0.4217,1,0,1,0,0,0,1,1,1,257.0,SAFE_STOP,掉台但六路红外均无值,0,0,1
21.191,518.0,763.0,370.0,942.0,-0.4054,-0.0784,-0.2451,-0.4217,1,0,1,0,0,0,1,1,1,226.0,SAFE_STOP,掉台但六路红外均无值,0,0,1
21.211,516.0,760.0,368.0,938.0,-0.4054,-0.0784,-0.2451,-0.4217,1,0,1,0,0,0,1,1,1,209.0,SAFE_STOP,掉台但六路红外均无值,0,0,1
21.231,518.0,764.0,371.0,944.0,-0.4027,-0.0763,-0.2451,-0.4196,1,0,1,0,0,0,1,1,1,275.0,SAFE_STOP,掉台但六路红外均无值,0,0,1
21.251,519.0,764.0,372.0,945.0,-0.4027,-0.0741,-0.2423,-0.4154,1,0,1,0,0,0,1,1,1,219.0,SAFE_STOP,掉台但六路红外均无值,0,0,1
21.271,518.0,763.0,371.0,942.0,-0.4027,-0.0741,-0.2423,-0.4154,1,0,1,0,0,0,1,1,1,259.0,SAFE_STOP,掉台但六路红外均无值,0,0,1
21.291,518.0,762.0,370.0,942.0,-0.4027,-0.0763,-0.2423,-0.4196,1,0,1,0,0,0,1,1,1,200.0,SAFE_STOP,掉台但六路红外均无值,0,0,1
21.311,518.0,763.0,371.0,943.0,-0.4027,-0.0763,-0.2423,-0.4196,1,0,1,0,0,0,1,1,1,227.0,SAFE_STOP,掉台但六路红外均无值,0,0,1
21.331,518.0,763.0,371.0,942.0,-0.4027,-0.0763,-0.2423,-0.4196,1,0,1,0,0,0,1,1,1,228.0,SAFE_STOP,掉台但六路红外均无值,0,0,1
21.351,518.0,763.0,371.0,943.0,-0.4027,-0.0763,-0.2423,-0.4175,1,0,1,0,0,0,1,1,1,227.0,SAFE_STOP,掉台但六路红外均无值,0,0,1
21.372,518.0,762.0,371.0,941.0,-0.4027,-0.0763,-0.2423,-0.4196,1,0,1,0,0,0,1,1,1,192.0,SAFE_STOP,掉台但六路红外均无值,0,0,1
21.392,517.0,760.0,370.0,940.0,-0.4027,-0.0784,-0.2423,-0.4217,1,0,1,0,0,0,1,1,1,239.0,SAFE_STOP,掉台但六路红外均无值,0,0,1
21.413,517.0,762.0,371.0,941.0,-0.4054,-0.0784,-0.2423,-0.4217,1,0,1,0,0,0,1,1,1,210.0,SAFE_STOP,掉台但六路红外均无值,0,0,1
21.433,517.0,762.0,371.0,941.0,-0.4054,-0.0784,-0.2423,-0.4217,1,0,1,0,0,0,1,1,1,210.0,SAFE_STOP,掉台但六路红外均无值,0,0,1
21.453,518.0,764.0,371.0,943.0,-0.4054,-0.0784,-0.2423,-0.4217,1,0,1,0,0,0,1,1,1,177.0,SAFE_STOP,掉台但六路红外均无值,0,0,1
21.473,518.0,763.0,371.0,941.0,-0.4027,-0.0763,-0.2423,-0.4217,1,0,1,0,0,0,1,1,1,220.0,SAFE_STOP,掉台但六路红外均无值,0,0,1
21.493,518.0,764.0,371.0,944.0,-0.4027,-0.0741,-0.2423,-0.4175,1,0,1,0,0,0,1,1,1,275.0,SAFE_STOP,掉台但六路红外均无值,0,0,1
21.513,518.0,763.0,372.0,943.0,-0.4027,-0.0763,-0.2423,-0.4175,1,0,1,0,0,0,1,1,1,232.0,SAFE_STOP,掉台但六路红外均无值,0,0,1
21.533,518.0,763.0,370.0,942.0,-0.4027,-0.0763,-0.2423,-0.4175,1,0,1,0,0,0,1,1,1,243.0,SAFE_STOP,掉台但六路红外均无值,0,0,1
21.554,520.0,765.0,371.0,945.0,-0.4027,-0.0763,-0.2423,-0.4175,1,0,1,0,0,0,1,1,1,179.0,SAFE_STOP,掉台但六路红外均无值,0,0,1
21.574,518.0,764.0,371.0,942.0,-0.4027,-0.0741,-0.2423,-0.4196,1,0,1,0,0,0,1,1,1,203.0,SAFE_STOP,掉台但六路红外均无值,0,0,1
21.594,520.0,764.0,372.0,945.0,-0.3973,-0.0741,-0.2423,-0.4134,1,0,1,0,0,0,1,1,1,211.0,SAFE_STOP,掉台但六路红外均无值,0,0,1
21.614,518.0,764.0,371.0,944.0,-0.4027,-0.0741,-0.2423,-0.4154,1,0,1,0,0,0,1,1,1,227.0,SAFE_STOP,掉台但六路红外均无值,0,0,1
21.634,518.0,763.0,371.0,942.0,-0.4027,-0.0741,-0.2423,-0.4154,1,0,1,0,0,0,1,1,1,259.0,SAFE_STOP,掉台但六路红外均无值,0,0,1
21.654,520.0,766.0,372.0,945.0,-0.4027,-0.0741,-0.2423,-0.4154,1,0,1,0,0,0,1,1,1,194.0,SAFE_STOP,掉台但六路红外均无值,0,0,1
21.674,520.0,765.0,371.0,944.0,-0.3973,-0.0719,-0.2423,-0.4154,1,0,1,0,0,0,1,1,1,194.0,SAFE_STOP,掉台但六路红外均无值,0,0,1
21.694,519.0,764.0,371.0,943.0,-0.3973,-0.0719,-0.2423,-0.4154,1,0,1,0,0,0,1,1,1,195.0,SAFE_STOP,掉台但六路红外均无值,0,0,1
21.715,519.0,765.0,373.0,945.0,-0.4,-0.0719,-0.2423,-0.4154,1,0,1,0,0,0,1,1,1,307.0,SAFE_STOP,掉台但六路红外均无值,0,0,1
21.735,519.0,766.0,372.0,945.0,-0.4,-0.0719,-0.2396,-0.4134,1,0,1,0,0,0,1,1,1,194.0,SAFE_STOP,掉台但六路红外均无值,0,0,1
21.755,520.0,765.0,373.0,945.0,-0.4,-0.0719,-0.2368,-0.4134,1,0,1,0,0,0,1,1,1,211.0,SAFE_STOP,掉台但六路红外均无值,0,0,1
21.775,520.0,765.0,372.0,945.0,-0.3973,-0.0719,-0.2396,-0.4134,1,0,1,0,0,0,1,1,1,193.0,SAFE_STOP,掉台但六路红外均无值,0,0,1
21.795,520.0,765.0,372.0,945.0,-0.3973,-0.0719,-0.2396,-0.4134,1,0,1,0,0,0,1,1,1,213.0,SAFE_STOP,掉台但六路红外均无值,0,0,1
21.815,520.0,765.0,372.0,946.0,-0.3973,-0.0719,-0.2396,-0.4134,1,0,1,0,0,0,1,1,1,244.0,SAFE_STOP,掉台但六路红外均无值,0,0,1
21.835,520.0,765.0,373.0,944.0,-0.3973,-0.0719,-0.2396,-0.4134,1,0,1,0,0,0,1,1,1,212.0,SAFE_STOP,掉台但六路红外均无值,0,0,1
21.856,518.0,763.0,371.0,942.0,-0.3973,-0.0719,-0.2396,-0.4154,1,0,1,0,0,0,1,1,1,192.0,SAFE_STOP,掉台但六路红外均无值,0,0,1
21.876,520.0,765.0,373.0,945.0,-0.3973,-0.0719,-0.2368,-0.4154,1,0,1,0,0,0,1,1,1,195.0,SAFE_STOP,掉台但六路红外均无值,0,0,1
21.896,519.0,765.0,372.0,944.0,-0.4,-0.0719,-0.2396,-0.4154,1,0,1,0,0,0,1,1,1,276.0,SAFE_STOP,掉台但六路红外均无值,0,0,1
21.916,519.0,766.0,372.0,943.0,-0.4,-0.0719,-0.2396,-0.4154,1,0,1,0,0,0,1,1,1,250.0,SAFE_STOP,掉台但六路红外均无值,0,0,1
21.936,518.0,763.0,371.0,942.0,-0.4,-0.0719,-0.2396,-0.4175,1,0,1,0,0,0,1,1,1,282.0,SAFE_STOP,掉台但六路红外均无值,0,0,1
21.956,520.0,766.0,374.0,945.0,-0.4,-0.0697,-0.2396,-0.4175,1,0,1,0,0,0,1,1,1,163.0,SAFE_STOP,掉台但六路红外均无值,0,0,1
21.976,520.0,766.0,374.0,945.0,-0.3973,-0.0697,-0.234,-0.4134,1,0,1,0,0,0,1,1,1,163.0,SAFE_STOP,掉台但六路红外均无值,0,0,1
21.997,520.0,765.0,372.0,944.0,-0.3973,-0.0697,-0.234,-0.4134,1,0,1,0,0,0,1,1,1,160.0,SAFE_STOP,掉台但六路红外均无值,0,0,1
22.017,520.0,765.0,371.0,943.0,-0.3973,-0.0719,-0.2396,-0.4154,1,0,1,0,0,0,1,1,1,213.0,SAFE_STOP,掉台但六路红外均无值,0,0,1
22.037,520.0,766.0,372.0,944.0,-0.3973,-0.0719,-0.2396,-0.4154,1,0,1,0,0,0,1,1,1,244.0,SAFE_STOP,掉台但六路红外均无值,0,0,1
22.057,520.0,766.0,372.0,945.0,-0.3973,-0.0697,-0.2396,-0.4154,1,0,1,0,0,0,1,1,1,211.0,SAFE_STOP,掉台但六路红外均无值,0,0,1
22.077,519.0,764.0,371.0,944.0,-0.3973,-0.0697,-0.2396,-0.4154,1,0,1,0,0,0,1,1,1,210.0,SAFE_STOP,掉台但六路红外均无值,0,0,1
22.097,520.0,765.0,372.0,945.0,-0.3973,-0.0719,-0.2396,-0.4134,1,0,1,0,0,0,1,1,1,210.0,SAFE_STOP,掉台但六路红外均无值,0,0,1
22.117,520.0,766.0,372.0,945.0,-0.3973,-0.0719,-0.2396,-0.4134,1,0,1,0,0,0,1,1,1,260.0,SAFE_STOP,掉台但六路红外均无值,0,0,1
22.138,520.0,766.0,372.0,945.0,-0.3973,-0.0697,-0.2396,-0.4134,1,0,1,0,0,0,1,1,1,227.0,SAFE_STOP,掉台但六路红外均无值,0,0,1
22.158,520.0,766.0,373.0,946.0,-0.3973,-0.0697,-0.2396,-0.4134,1,0,1,0,0,0,1,1,1,226.0,SAFE_STOP,掉台但六路红外均无值,0,0,1
22.178,520.0,765.0,372.0,945.0,-0.3973,-0.0697,-0.2396,-0.4134,1,0,1,0,0,0,1,1,1,211.0,SAFE_STOP,掉台但六路红外均无值,0,0,1
22.198,520.0,765.0,371.0,944.0,-0.3973,-0.0719,-0.2396,-0.4134,1,0,1,0,0,0,1,1,1,145.0,SAFE_STOP,掉台但六路红外均无值,0,0,1
22.218,520.0,765.0,372.0,945.0,-0.3973,-0.0719,-0.2396,-0.4134,1,0,1,0,0,0,1,1,1,242.0,SAFE_STOP,掉台但六路红外均无值,0,0,1
22.238,520.0,766.0,372.0,944.0,-0.3973,-0.0719,-0.2396,-0.4154,1,0,1,0,0,0,1,1,1,244.0,SAFE_STOP,掉台但六路红外均无值,0,0,1
22.258,520.0,765.0,371.0,944.0,-0.3973,-0.0719,-0.2396,-0.4154,1,0,1,0,0,0,1,1,1,215.0,SAFE_STOP,掉台但六路红外均无值,0,0,1
22.278,519.0,764.0,372.0,942.0,-0.3973,-0.0719,-0.2396,-0.4154,1,0,1,0,0,0,1,1,1,198.0,SAFE_STOP,掉台但六路红外均无值,0,0,1
22.298,520.0,767.0,372.0,945.0,-0.3973,-0.0719,-0.2396,-0.4154,1,0,1,0,0,0,1,1,1,212.0,SAFE_STOP,掉台但六路红外均无值,0,0,1
22.319,520.0,765.0,372.0,944.0,-0.3973,-0.0719,-0.2396,-0.4154,1,0,1,0,0,0,1,1,1,244.0,SAFE_STOP,掉台但六路红外均无值,0,0,1
22.339,520.0,765.0,372.0,944.0,-0.3973,-0.0719,-0.2396,-0.4154,1,0,1,0,0,0,1,1,1,244.0,SAFE_STOP,掉台但六路红外均无值,0,0,1
22.359,519.0,764.0,371.0,943.0,-0.3973,-0.0719,-0.2396,-0.4154,1,0,1,0,0,0,1,1,1,181.0,SAFE_STOP,掉台但六路红外均无值,0,0,1
22.379,520.0,764.0,371.0,944.0,-0.3973,-0.0741,-0.2423,-0.4154,1,0,1,0,0,0,1,1,1,194.0,SAFE_STOP,掉台但六路红外均无值,0,0,1
22.4,520.0,765.0,372.0,945.0,-0.3973,-0.0741,-0.2423,-0.4154,1,0,1,0,0,0,1,1,1,211.0,SAFE_STOP,掉台但六路红外均无值,0,0,1
22.42,520.0,765.0,371.0,944.0,-0.3973,-0.0719,-0.2423,-0.4154,1,0,1,0,0,0,1,1,1,292.0,SAFE_STOP,掉台但六路红外均无值,0,0,1
22.44,520.0,764.0,371.0,944.0,-0.3973,-0.0719,-0.2423,-0.4154,1,0,1,0,0,0,1,1,1,234.0,SAFE_STOP,掉台但六路红外均无值,0,0,1
22.46,520.0,765.0,372.0,944.0,-0.3973,-0.0719,-0.2423,-0.4154,1,0,1,0,0,0,1,1,1,211.0,SAFE_STOP,掉台但六路红外均无值,0,0,1
22.48,519.0,764.0,372.0,943.0,-0.3973,-0.0741,-0.2396,-0.4154,1,0,1,0,0,0,1,1,1,183.0,SAFE_STOP,掉台但六路红外均无值,0,0,1
22.5,520.0,765.0,372.0,945.0,-0.3973,-0.0719,-0.2396,-0.4154,1,0,1,0,0,0,1,1,1,194.0,SAFE_STOP,掉台但六路红外均无值,0,0,1
22.521,520.0,766.0,372.0,946.0,-0.3973,-0.0719,-0.2396,-0.4134,1,0,1,0,0,0,1,1,1,210.0,SAFE_STOP,掉台但六路红外均无值,0,0,1
22.541,519.0,765.0,371.0,944.0,-0.3973,-0.0719,-0.2396,-0.4134,1,0,1,0,0,0,1,1,1,228.0,SAFE_STOP,掉台但六路红外均无值,0,0,1
22.561,520.0,764.0,372.0,944.0,-0.3973,-0.0719,-0.2396,-0.4154,1,0,1,0,0,0,1,1,1,258.0,SAFE_STOP,掉台但六路红外均无值,0,0,1
22.581,520.0,766.0,373.0,945.0,-0.3973,-0.0719,-0.2396,-0.4154,1,0,1,0,0,0,1,1,1,193.0,SAFE_STOP,掉台但六路红外均无值,0,0,1
22.601,520.0,764.0,372.0,944.0,-0.3973,-0.0741,-0.2396,-0.4154,1,0,1,0,0,0,1,1,1,194.0,SAFE_STOP,掉台但六路红外均无值,0,0,1
22.621,520.0,766.0,372.0,945.0,-0.3973,-0.0697,-0.2396,-0.4134,1,0,1,0,0,0,1,1,1,243.0,SAFE_STOP,掉台但六路红外均无值,0,0,1
22.641,520.0,766.0,373.0,945.0,-0.3973,-0.0697,-0.2396,-0.4134,1,0,1,0,0,0,1,1,1,309.0,SAFE_STOP,掉台但六路红外均无值,0,0,1
22.661,519.0,767.0,372.0,944.0,-0.3973,-0.0697,-0.2396,-0.4134,1,0,1,0,0,0,1,1,1,145.0,SAFE_STOP,掉台但六路红外均无值,0,0,1
22.681,520.0,766.0,373.0,946.0,-0.3973,-0.0697,-0.2368,-0.4134,1,0,1,0,0,0,1,1,1,211.0,SAFE_STOP,掉台但六路红外均无值,0,0,1
22.702,519.0,765.0,372.0,944.0,-0.4,-0.0697,-0.2396,-0.4154,1,0,1,0,0,0,1,1,1,211.0,SAFE_STOP,掉台但六路红外均无值,0,0,1
22.722,519.0,764.0,372.0,944.0,-0.4,-0.0719,-0.2396,-0.4154,1,0,1,0,0,0,1,1,1,216.0,SAFE_STOP,掉台但六路红外均无值,0,0,1
22.742,519.0,764.0,372.0,944.0,-0.4,-0.0741,-0.2396,-0.4154,1,0,1,0,0,0,1,1,1,216.0,SAFE_STOP,掉台但六路红外均无值,0,0,1
22.763,520.0,766.0,372.0,944.0,-0.4,-0.0741,-0.2396,-0.4154,1,0,1,0,0,0,1,1,1,244.0,SAFE_STOP,掉台但六路红外均无值,0,0,1
22.783,520.0,764.0,371.0,944.0,-0.3973,-0.0741,-0.2396,-0.4154,1,0,1,0,0,0,1,1,1,194.0,SAFE_STOP,掉台但六路红外均无值,0,0,1
22.803,519.0,764.0,372.0,944.0,-0.3973,-0.0741,-0.2396,-0.4154,1,0,1,0,0,0,1,1,1,194.0,SAFE_STOP,掉台但六路红外均无值,0,0,1
22.823,520.0,765.0,372.0,945.0,-0.3973,-0.0741,-0.2396,-0.4154,1,0,1,0,0,0,1,1,1,194.0,SAFE_STOP,掉台但六路红外均无值,0,0,1
22.843,519.0,765.0,371.0,944.0,-0.4,-0.0719,-0.2396,-0.4154,1,0,1,0,0,0,1,1,1,277.0,SAFE_STOP,掉台但六路红外均无值,0,0,1
22.863,519.0,765.0,371.0,943.0,-0.4,-0.0719,-0.2423,-0.4154,1,0,1,0,0,0,1,1,1,227.0,SAFE_STOP,掉台但六路红外均无值,0,0,1
22.883,520.0,765.0,373.0,945.0,-0.4,-0.0719,-0.2423,-0.4154,1,0,1,0,0,0,1,1,1,308.0,SAFE_STOP,掉台但六路红外均无值,0,0,1
22.903,520.0,765.0,372.0,945.0,-0.3973,-0.0719,-0.2396,-0.4134,1,0,1,0,0,0,1,1,1,177.0,SAFE_STOP,掉台但六路红外均无值,0,0,1
22.924,521.0,766.0,372.0,945.0,-0.3973,-0.0719,-0.2396,-0.4134,1,0,1,0,0,0,1,1,1,178.0,SAFE_STOP,掉台但六路红外均无值,0,0,1
22.944,520.0,766.0,372.0,944.0,-0.3973,-0.0697,-0.2396,-0.4134,1,0,1,0,0,0,1,1,1,260.0,SAFE_STOP,掉台但六路红外均无值,0,0,1
22.964,520.0,766.0,372.0,944.0,-0.3973,-0.0697,-0.2396,-0.4154,1,0,1,0,0,0,1,1,1,243.0,SAFE_STOP,掉台但六路红外均无值,0,0,1
22.984,520.0,764.0,371.0,941.0,-0.3973,-0.0697,-0.2396,-0.4154,1,0,1,0,0,0,1,1,1,194.0,SAFE_STOP,掉台但六路红外均无值,0,0,1
23.004,520.0,765.0,372.0,944.0,-0.3973,-0.0719,-0.2396,-0.4154,1,0,1,0,0,0,1,1,1,210.0,SAFE_STOP,掉台但六路红外均无值,0,0,1
23.024,520.0,766.0,373.0,945.0,-0.3973,-0.0719,-0.2396,-0.4154,1,0,1,0,0,0,1,1,1,199.0,SAFE_STOP,掉台但六路红外均无值,0,0,1
23.044,520.0,766.0,372.0,945.0,-0.3973,-0.0697,-0.2396,-0.4134,1,0,1,0,0,0,1,1,1,244.0,SAFE_STOP,掉台但六路红外均无值,0,0,1
23.064,519.0,765.0,372.0,943.0,-0.3973,-0.0697,-0.2396,-0.4134,1,0,1,0,0,0,1,1,1,236.0,SAFE_STOP,掉台但六路红外均无值,0,0,1
23.085,520.0,765.0,373.0,945.0,-0.3973,-0.0719,-0.2396,-0.4134,1,0,1,0,0,0,1,1,1,177.0,SAFE_STOP,掉台但六路红外均无值,0,0,1
23.105,520.0,765.0,372.0,944.0,-0.3973,-0.0719,-0.2396,-0.4154,1,0,1,0,0,0,1,1,1,211.0,SAFE_STOP,掉台但六路红外均无值,0,0,1
23.125,520.0,765.0,372.0,944.0,-0.3973,-0.0719,-0.2396,-0.4154,1,0,1,0,0,0,1,1,1,211.0,SAFE_STOP,掉台但六路红外均无值,0,0,1
23.145,518.0,764.0,371.0,942.0,-0.3973,-0.0719,-0.2396,-0.4154,1,0,1,0,0,0,1,1,1,152.0,SAFE_STOP,掉台但六路红外均无值,0,0,1
23.165,520.0,765.0,372.0,944.0,-0.3973,-0.0719,-0.2396,-0.4154,1,0,1,0,0,0,1,1,1,259.0,SAFE_STOP,掉台但六路红外均无值,0,0,1
23.185,520.0,765.0,373.0,946.0,-0.3973,-0.0719,-0.2396,-0.4154,1,0,1,0,0,0,1,1,1,211.0,SAFE_STOP,掉台但六路红外均无值,0,0,1
23.206,520.0,766.0,372.0,944.0,-0.3973,-0.0719,-0.2396,-0.4154,1,0,1,0,0,0,1,1,1,229.0,SAFE_STOP,掉台但六路红外均无值,0,0,1
23.226,521.0,767.0,373.0,945.0,-0.3973,-0.0697,-0.2368,-0.4134,1,0,1,0,0,0,1,1,1,210.0,SAFE_STOP,掉台但六路红外均无值,0,0,1
23.246,520.0,765.0,372.0,944.0,-0.3973,-0.0697,-0.2396,-0.4154,1,0,1,0,0,0,1,1,1,210.0,SAFE_STOP,掉台但六路红外均无值,0,0,1
23.266,520.0,766.0,372.0,944.0,-0.3973,-0.0697,-0.2396,-0.4154,1,0,1,0,0,0,1,1,1,244.0,SAFE_STOP,掉台但六路红外均无值,0,0,1
23.286,520.0,766.0,373.0,946.0,-0.3973,-0.0697,-0.2396,-0.4154,1,0,1,0,0,0,1,1,1,195.0,SAFE_STOP,掉台但六路红外均无值,0,0,1
23.306,520.0,765.0,372.0,945.0,-0.3973,-0.0697,-0.2396,-0.4134,1,0,1,0,0,0,1,1,1,194.0,SAFE_STOP,掉台但六路红外均无值,0,0,1
23.327,520.0,765.0,371.0,944.0,-0.3973,-0.0719,-0.2396,-0.4134,1,0,1,0,0,0,1,1,1,211.0,SAFE_STOP,掉台但六路红外均无值,0,0,1
23.347,520.0,766.0,373.0,945.0,-0.3973,-0.0719,-0.2396,-0.4134,1,0,1,0,0,0,1,1,1,309.0,SAFE_STOP,掉台但六路红外均无值,0,0,1
23.367,520.0,765.0,372.0,944.0,-0.3973,-0.0719,-0.2396,-0.4154,1,0,1,0,0,0,1,1,1,211.0,SAFE_STOP,掉台但六路红外均无值,0,0,1
23.387,519.0,764.0,371.0,942.0,-0.3973,-0.0719,-0.2396,-0.4154,1,0,1,0,0,0,1,1,1,227.0,SAFE_STOP,掉台但六路红外均无值,0,0,1
23.407,520.0,766.0,372.0,945.0,-0.3973,-0.0719,-0.2396,-0.4154,1,0,1,0,0,0,1,1,1,211.0,SAFE_STOP,掉台但六路红外均无值,0,0,1
23.427,520.0,766.0,372.0,944.0,-0.3973,-0.0697,-0.2396,-0.4154,1,0,1,0,0,0,1,1,1,177.0,SAFE_STOP,掉台但六路红外均无值,0,0,1
23.448,520.0,766.0,372.0,945.0,-0.3973,-0.0697,-0.2396,-0.4134,1,0,1,0,0,0,1,1,1,195.0,SAFE_STOP,掉台但六路红外均无值,0,0,1
23.468,521.0,766.0,372.0,944.0,-0.3973,-0.0697,-0.2396,-0.4154,1,0,1,0,0,0,1,1,1,245.0,SAFE_STOP,掉台但六路红外均无值,0,0,1
23.488,520.0,766.0,373.0,945.0,-0.3973,-0.0697,-0.2396,-0.4134,1,0,1,0,0,0,1,1,1,229.0,SAFE_STOP,掉台但六路红外均无值,0,0,1
23.508,519.0,765.0,372.0,943.0,-0.3973,-0.0697,-0.2396,-0.4154,1,0,1,0,0,0,1,1,1,211.0,SAFE_STOP,掉台但六路红外均无值,0,0,1
23.528,520.0,765.0,372.0,945.0,-0.3973,-0.0719,-0.2396,-0.4134,1,0,1,0,0,0,1,1,1,211.0,SAFE_STOP,掉台但六路红外均无值,0,0,1
23.548,520.0,765.0,372.0,945.0,-0.3973,-0.0719,-0.2396,-0.4134,1,0,1,0,0,0,1,1,1,211.0,SAFE_STOP,掉台但六路红外均无值,0,0,1
23.568,520.0,765.0,371.0,943.0,-0.3973,-0.0719,-0.2396,-0.4134,1,0,1,0,0,0,1,1,1,259.0,SAFE_STOP,掉台但六路红外均无值,0,0,1
23.588,520.0,765.0,372.0,945.0,-0.3973,-0.0719,-0.2396,-0.4134,1,0,1,0,0,0,1,1,1,275.0,SAFE_STOP,掉台但六路红外均无值,0,0,1
23.608,520.0,765.0,372.0,944.0,-0.3973,-0.0719,-0.2396,-0.4154,1,0,1,0,0,0,1,1,1,177.0,SAFE_STOP,掉台但六路红外均无值,0,0,1
23.628,520.0,765.0,372.0,944.0,-0.3973,-0.0719,-0.2396,-0.4154,1,0,1,0,0,0,1,1,1,197.0,SAFE_STOP,掉台但六路红外均无值,0,0,1
23.649,519.0,765.0,372.0,944.0,-0.3973,-0.0719,-0.2396,-0.4154,1,0,1,0,0,0,1,1,1,195.0,SAFE_STOP,掉台但六路红外均无值,0,0,1
23.669,521.0,767.0,373.0,946.0,-0.3973,-0.0719,-0.2396,-0.4154,1,0,1,0,0,0,1,1,1,259.0,SAFE_STOP,掉台但六路红外均无值,0,0,1
23.689,520.0,766.0,372.0,945.0,-0.3973,-0.0697,-0.2396,-0.4134,1,0,1,0,0,0,1,1,1,243.0,SAFE_STOP,掉台但六路红外均无值,0,0,1
23.709,520.0,765.0,371.0,943.0,-0.3973,-0.0697,-0.2396,-0.4134,1,0,1,0,0,0,1,1,1,210.0,SAFE_STOP,掉台但六路红外均无值,0,0,1
23.729,520.0,766.0,372.0,944.0,-0.3973,-0.0697,-0.2396,-0.4154,1,0,1,0,0,0,1,1,1,211.0,SAFE_STOP,掉台但六路红外均无值,0,0,1
23.75,521.0,765.0,373.0,944.0,-0.3973,-0.0719,-0.2396,-0.4154,1,0,1,0,0,0,1,1,1,243.0,SAFE_STOP,掉台但六路红外均无值,0,0,1
23.77,519.0,765.0,372.0,944.0,-0.3973,-0.0719,-0.2396,-0.4154,1,0,1,0,0,0,1,1,1,244.0,SAFE_STOP,掉台但六路红外均无值,0,0,1
23.79,520.0,766.0,372.0,944.0,-0.3973,-0.0719,-0.2396,-0.4154,1,0,1,0,0,0,1,1,1,234.0,SAFE_STOP,掉台但六路红外均无值,0,0,1
23.81,521.0,766.0,373.0,945.0,-0.3973,-0.0697,-0.2396,-0.4154,1,0,1,0,0,0,1,1,1,227.0,SAFE_STOP,掉台但六路红外均无值,0,0,1
23.83,520.0,765.0,372.0,944.0,-0.3973,-0.0697,-0.2396,-0.4154,1,0,1,0,0,0,1,1,1,211.0,SAFE_STOP,掉台但六路红外均无值,0,0,1
23.85,520.0,767.0,372.0,944.0,-0.3973,-0.0697,-0.2396,-0.4154,1,0,1,0,0,0,1,1,1,210.0,SAFE_STOP,掉台但六路红外均无值,0,0,1
23.87,520.0,766.0,372.0,944.0,-0.3973,-0.0697,-0.2396,-0.4154,1,0,1,0,0,0,1,1,1,246.0,SAFE_STOP,掉台但六路红外均无值,0,0,1
23.89,520.0,764.0,372.0,944.0,-0.3973,-0.0697,-0.2396,-0.4154,1,0,1,0,0,0,1,1,1,202.0,SAFE_STOP,掉台但六路红外均无值,0,0,1
23.911,520.0,767.0,373.0,945.0,-0.3973,-0.0697,-0.2396,-0.4154,1,0,1,0,0,0,1,1,1,193.0,SAFE_STOP,掉台但六路红外均无值,0,0,1
23.931,520.0,767.0,373.0,945.0,-0.3973,-0.0675,-0.2368,-0.4134,1,0,1,0,0,0,1,1,1,193.0,SAFE_STOP,掉台但六路红外均无值,0,0,1
23.951,519.0,765.0,373.0,944.0,-0.3973,-0.0675,-0.2368,-0.4134,1,0,1,0,0,0,1,1,1,210.0,SAFE_STOP,掉台但六路红外均无值,0,0,1
23.971,522.0,766.0,373.0,945.0,-0.3973,-0.0697,-0.2368,-0.4134,1,0,1,0,0,0,1,1,1,228.0,SAFE_STOP,掉台但六路红外均无值,0,0,1
23.991,520.0,765.0,372.0,944.0,-0.3973,-0.0719,-0.2368,-0.4154,1,0,1,0,0,0,1,1,1,245.0,SAFE_STOP,掉台但六路红外均无值,0,0,1
24.011,520.0,766.0,372.0,944.0,-0.3973,-0.0697,-0.2396,-0.4154,1,0,1,0,0,0,1,1,1,243.0,SAFE_STOP,掉台但六路红外均无值,0,0,1
24.031,520.0,765.0,372.0,944.0,-0.3973,-0.0719,-0.2396,-0.4154,1,0,1,0,0,0,1,1,1,195.0,SAFE_STOP,掉台但六路红外均无值,0,0,1
24.052,520.0,765.0,372.0,944.0,-0.3973,-0.0719,-0.2396,-0.4154,1,0,1,0,0,0,1,1,1,211.0,SAFE_STOP,掉台但六路红外均无值,0,0,1
24.072,521.0,767.0,373.0,945.0,-0.3973,-0.0719,-0.2396,-0.4154,1,0,1,0,0,0,1,1,1,213.0,SAFE_STOP,掉台但六路红外均无值,0,0,1
24.092,520.0,765.0,372.0,943.0,-0.3973,-0.0719,-0.2396,-0.4154,1,0,1,0,0,0,1,1,1,226.0,SAFE_STOP,掉台但六路红外均无值,0,0,1
24.112,520.0,765.0,371.0,944.0,-0.3973,-0.0719,-0.2396,-0.4154,1,0,1,0,0,0,1,1,1,179.0,SAFE_STOP,掉台但六路红外均无值,0,0,1
24.132,521.0,766.0,373.0,945.0,-0.3973,-0.0719,-0.2396,-0.4154,1,0,1,0,0,0,1,1,1,211.0,SAFE_STOP,掉台但六路红外均无值,0,0,1
24.152,520.0,765.0,372.0,945.0,-0.3973,-0.0719,-0.2396,-0.4134,1,0,1,0,0,0,1,1,1,210.0,SAFE_STOP,掉台但六路红外均无值,0,0,1
24.172,518.0,765.0,372.0,942.0,-0.3973,-0.0719,-0.2396,-0.4134,1,0,1,0,0,0,1,1,1,211.0,SAFE_STOP,掉台但六路红外均无值,0,0,1
24.192,520.0,765.0,373.0,945.0,-0.3973,-0.0719,-0.2396,-0.4134,1,0,1,0,0,0,1,1,1,243.0,SAFE_STOP,掉台但六路红外均无值,0,0,1
24.213,520.0,766.0,372.0,945.0,-0.3973,-0.0719,-0.2396,-0.4134,1,0,1,0,0,0,1,1,1,160.0,SAFE_STOP,掉台但六路红外均无值,0,0,1
24.233,520.0,765.0,372.0,944.0,-0.3973,-0.0719,-0.2396,-0.4134,1,0,1,0,0,0,1,1,1,194.0,SAFE_STOP,掉台但六路红外均无值,0,0,1
24.253,520.0,766.0,372.0,945.0,-0.3973,-0.0697,-0.2396,-0.4134,1,0,1,0,0,0,1,1,1,227.0,SAFE_STOP,掉台但六路红外均无值,0,0,1
24.273,520.0,765.0,372.0,944.0,-0.3973,-0.0719,-0.2396,-0.4154,1,0,1,0,0,0,1,1,1,307.0,SAFE_STOP,掉台但六路红外均无值,0,0,1
24.293,520.0,765.0,372.0,944.0,-0.3973,-0.0719,-0.2396,-0.4154,1,0,1,0,0,0,1,1,1,307.0,SAFE_STOP,掉台但六路红外均无值,0,0,1
24.313,519.0,764.0,373.0,942.0,-0.3973,-0.0719,-0.2396,-0.4154,1,0,1,0,0,0,1,1,1,194.0,SAFE_STOP,掉台但六路红外均无值,0,0,1
24.333,520.0,765.0,372.0,943.0,-0.3973,-0.0719,-0.2396,-0.4175,1,0,1,0,0,0,1,1,1,179.0,SAFE_STOP,掉台但六路红外均无值,0,0,1
24.353,520.0,765.0,372.0,945.0,-0.3973,-0.0719,-0.2396,-0.4175,1,0,1,0,0,0,1,1,1,211.0,SAFE_STOP,掉台但六路红外均无值,0,0,1
24.374,519.0,765.0,372.0,943.0,-0.3973,-0.0719,-0.2396,-0.4175,1,0,1,0,0,0,1,1,1,178.0,SAFE_STOP,掉台但六路红外均无值,0,0,1
24.394,520.0,767.0,372.0,944.0,-0.3973,-0.0719,-0.2396,-0.4154,1,0,1,0,0,0,1,1,1,259.0,SAFE_STOP,掉台但六路红外均无值,0,0,1
24.414,519.0,765.0,372.0,943.0,-0.4,-0.0719,-0.2396,-0.4175,1,0,1,0,0,0,1,1,1,245.0,SAFE_STOP,掉台但六路红外均无值,0,0,1
24.434,520.0,765.0,373.0,945.0,-0.3973,-0.0719,-0.2396,-0.4154,1,0,1,0,0,0,1,1,1,211.0,SAFE_STOP,掉台但六路红外均无值,0,0,1
24.454,520.0,765.0,372.0,945.0,-0.3973,-0.0719,-0.2396,-0.4134,1,0,1,0,0,0,1,1,1,210.0,SAFE_STOP,掉台但六路红外均无值,0,0,1
24.474,520.0,765.0,372.0,944.0,-0.3973,-0.0719,-0.2396,-0.4134,1,0,1,0,0,0,1,1,1,239.0,SAFE_STOP,掉台但六路红外均无值,0,0,1
24.494,520.0,766.0,372.0,944.0,-0.3973,-0.0719,-0.2396,-0.4154,1,0,1,0,0,0,1,1,1,260.0,SAFE_STOP,掉台但六路红外均无值,0,0,1
24.514,520.0,765.0,372.0,944.0,-0.3973,-0.0719,-0.2396,-0.4154,1,0,1,0,0,0,1,1,1,243.0,SAFE_STOP,掉台但六路红外均无值,0,0,1
24.535,520.0,766.0,372.0,944.0,-0.3973,-0.0697,-0.2396,-0.4154,1,0,1,0,0,0,1,1,1,145.0,SAFE_STOP,掉台但六路红外均无值,0,0,1
24.555,521.0,767.0,372.0,945.0,-0.3973,-0.0697,-0.2396,-0.4154,1,0,1,0,0,0,1,1,1,195.0,SAFE_STOP,掉台但六路红外均无值,0,0,1
24.575,520.0,765.0,373.0,944.0,-0.3973,-0.0697,-0.2396,-0.4154,1,0,1,0,0,0,1,1,1,210.0,SAFE_STOP,掉台但六路红外均无值,0,0,1
24.595,521.0,766.0,372.0,944.0,-0.3946,-0.0697,-0.2396,-0.4154,1,0,1,0,0,0,1,1,1,243.0,SAFE_STOP,掉台但六路红外均无值,0,0,1
24.615,520.0,766.0,371.0,944.0,-0.3973,-0.0697,-0.2396,-0.4154,1,0,1,0,0,0,1,1,1,194.0,SAFE_STOP,掉台但六路红外均无值,0,0,1
24.635,520.0,766.0,373.0,945.0,-0.3973,-0.0697,-0.2396,-0.4154,1,0,1,0,0,0,1,1,1,244.0,SAFE_STOP,掉台但六路红外均无值,0,0,1
24.655,520.0,765.0,372.0,944.0,-0.3973,-0.0697,-0.2396,-0.4154,1,0,1,0,0,0,1,1,1,209.0,SAFE_STOP,掉台但六路红外均无值,0,0,1
24.675,520.0,765.0,372.0,944.0,-0.3973,-0.0719,-0.2396,-0.4154,1,0,1,0,0,0,1,1,1,209.0,SAFE_STOP,掉台但六路红外均无值,0,0,1
24.695,520.0,765.0,372.0,943.0,-0.3973,-0.0719,-0.2396,-0.4154,1,0,1,0,0,0,1,1,1,260.0,SAFE_STOP,掉台但六路红外均无值,0,0,1
24.716,520.0,766.0,373.0,945.0,-0.3973,-0.0719,-0.2396,-0.4154,1,0,1,0,0,0,1,1,1,244.0,SAFE_STOP,掉台但六路红外均无值,0,0,1
24.736,520.0,765.0,372.0,945.0,-0.3973,-0.0719,-0.2396,-0.4134,1,0,1,0,0,0,1,1,1,194.0,SAFE_STOP,掉台但六路红外均无值,0,0,1
24.756,520.0,766.0,373.0,944.0,-0.3973,-0.0697,-0.2368,-0.4134,1,0,1,0,0,0,1,1,1,259.0,SAFE_STOP,掉台但六路红外均无值,0,0,1
24.776,520.0,765.0,372.0,944.0,-0.3973,-0.0719,-0.2396,-0.4154,1,0,1,0,0,0,1,1,1,178.0,SAFE_STOP,掉台但六路红外均无值,0,0,1
24.796,520.0,765.0,371.0,942.0,-0.3973,-0.0719,-0.2396,-0.4154,1,0,1,0,0,0,1,1,1,287.0,SAFE_STOP,掉台但六路红外均无值,0,0,1
24.816,520.0,765.0,371.0,944.0,-0.3973,-0.0719,-0.2423,-0.4154,1,0,1,0,0,0,1,1,1,243.0,SAFE_STOP,掉台但六路红外均无值,0,0,1
24.836,519.0,764.0,371.0,942.0,-0.3973,-0.0719,-0.2423,-0.4196,1,0,1,0,0,0,1,1,1,178.0,SAFE_STOP,掉台但六路红外均无值,0,0,1
24.857,519.0,766.0,372.0,944.0,-0.4,-0.0719,-0.2423,-0.4154,1,0,1,0,0,0,1,1,1,210.0,SAFE_STOP,掉台但六路红外均无值,0,0,1
24.877,519.0,765.0,371.0,942.0,-0.4,-0.0719,-0.2423,-0.4196,1,0,1,0,0,0,1,1,1,177.0,SAFE_STOP,掉台但六路红外均无值,0,0,1
24.897,516.0,760.0,369.0,939.0,-0.4,-0.0719,-0.2423,-0.4196,1,0,1,0,0,0,1,1,1,223.0,SAFE_STOP,掉台但六路红外均无值,0,0,1
24.917,520.0,764.0,372.0,944.0,-0.4,-0.0741,-0.2423,-0.4196,1,0,1,0,0,0,1,1,1,227.0,SAFE_STOP,掉台但六路红外均无值,0,0,1
24.937,518.0,762.0,371.0,940.0,-0.4027,-0.0784,-0.2423,-0.4238,1,0,1,0,0,0,1,1,1,242.0,SAFE_STOP,掉台但六路红外均无值,0,0,1
24.957,518.0,761.0,371.0,940.0,-0.4027,-0.0784,-0.2423,-0.4238,1,0,1,0,0,0,1,1,1,227.0,SAFE_STOP,掉台但六路红外均无值,0,0,1
24.977,519.0,763.0,371.0,941.0,-0.4027,-0.0784,-0.2423,-0.4238,1,0,1,0,0,0,1,1,1,245.0,SAFE_STOP,掉台但六路红外均无值,0,0,1
24.997,518.0,762.0,371.0,941.0,-0.4027,-0.0784,-0.2423,-0.4217,1,0,1,0,0,0,1,1,1,239.0,SAFE_STOP,掉台但六路红外均无值,0,0,1
25.018,518.0,762.0,371.0,941.0,-0.4027,-0.0784,-0.2423,-0.4217,1,0,1,0,0,0,1,1,1,239.0,SAFE_STOP,掉台但六路红外均无值,0,0,1
25.038,520.0,765.0,373.0,943.0,-0.4027,-0.0784,-0.2423,-0.4217,1,0,1,0,0,0,1,1,1,227.0,SAFE_STOP,掉台但六路红外均无值,0,0,1
25.058,519.0,764.0,371.0,942.0,-0.4,-0.0741,-0.2423,-0.4196,1,0,1,0,0,0,1,1,1,178.0,SAFE_STOP,掉台但六路红外均无值,0,0,1
25.078,520.0,766.0,373.0,945.0,-0.3973,-0.0719,-0.2368,-0.4175,1,0,1,0,0,0,1,1,1,193.0,SAFE_STOP,掉台但六路红外均无值,0,0,1
25.098,519.0,765.0,373.0,944.0,-0.4,-0.0719,-0.2368,-0.4154,1,0,1,0,0,0,1,1,1,210.0,SAFE_STOP,掉台但六路红外均无值,0,0,1
25.118,521.0,765.0,372.0,944.0,-0.3973,-0.0719,-0.2368,-0.4154,1,0,1,0,0,0,1,1,1,195.0,SAFE_STOP,掉台但六路红外均无值,0,0,1
25.138,520.0,765.0,372.0,943.0,-0.3973,-0.0719,-0.2396,-0.4154,1,0,1,0,0,0,1,1,1,231.0,SAFE_STOP,掉台但六路红外均无值,0,0,1
25.158,520.0,765.0,371.0,944.0,-0.3973,-0.0719,-0.2396,-0.4154,1,0,1,0,0,0,1,1,1,193.0,SAFE_STOP,掉台但六路红外均无值,0,0,1
25.178,520.0,765.0,372.0,944.0,-0.3973,-0.0719,-0.2396,-0.4154,1,0,1,0,0,0,1,1,1,195.0,SAFE_STOP,掉台但六路红外均无值,0,0,1
25.198,519.0,764.0,371.0,941.0,-0.3973,-0.0719,-0.2423,-0.4154,1,0,1,0,0,0,1,1,1,210.0,SAFE_STOP,掉台但六路红外均无值,0,0,1
25.219,520.0,765.0,373.0,944.0,-0.3973,-0.0719,-0.2396,-0.4154,1,0,1,0,0,0,1,1,1,308.0,SAFE_STOP,掉台但六路红外均无值,0,0,1
25.239,519.0,764.0,371.0,942.0,-0.4,-0.0741,-0.2423,-0.4196,1,0,1,0,0,0,1,1,1,178.0,SAFE_STOP,掉台但六路红外均无值,0,0,1
25.259,519.0,763.0,371.0,941.0,-0.4,-0.0741,-0.2423,-0.4196,1,0,1,0,0,0,1,1,1,206.0,SAFE_STOP,掉台但六路红外均无值,0,0,1
25.279,520.0,765.0,373.0,945.0,-0.4,-0.0741,-0.2423,-0.4196,1,0,1,0,0,0,1,1,1,194.0,SAFE_STOP,掉台但六路红外均无值,0,0,1
25.299,519.0,764.0,372.0,944.0,-0.4,-0.0741,-0.2396,-0.4154,1,0,1,0,0,0,1,1,1,212.0,SAFE_STOP,掉台但六路红外均无值,0,0,1
25.319,518.0,762.0,370.0,940.0,-0.4,-0.0741,-0.2396,-0.4154,1,0,1,0,0,0,1,1,1,256.0,SAFE_STOP,掉台但六路红外均无值,0,0,1
25.339,520.0,764.0,372.0,942.0,-0.4,-0.0741,-0.2396,-0.4196,1,0,1,0,0,0,1,1,1,322.0,SAFE_STOP,掉台但六路红外均无值,0,0,1
25.359,518.0,764.0,371.0,941.0,-0.4027,-0.0741,-0.2423,-0.4217,1,0,1,0,0,0,1,1,1,178.0,SAFE_STOP,掉台但六路红外均无值,0,0,1
25.379,519.0,763.0,371.0,942.0,-0.4,-0.0741,-0.2423,-0.4196,1,0,1,0,0,0,1,1,1,194.0,SAFE_STOP,掉台但六路红外均无值,0,0,1
25.399,520.0,765.0,372.0,944.0,-0.4,-0.0741,-0.2423,-0.4196,1,0,1,0,0,0,1,1,1,211.0,SAFE_STOP,掉台但六路红外均无值,0,0,1
25.42,518.0,765.0,372.0,944.0,-0.4,-0.0719,-0.2396,-0.4154,1,0,1,0,0,0,1,1,1,243.0,SAFE_STOP,掉台但六路红外均无值,0,0,1
25.44,519.0,765.0,372.0,943.0,-0.4,-0.0719,-0.2396,-0.4154,1,0,1,0,0,0,1,1,1,292.0,SAFE_STOP,掉台但六路红外均无值,0,0,1
25.46,518.0,762.0,372.0,940.0,-0.4027,-0.0719,-0.2396,-0.4175,1,0,1,0,0,0,1,1,1,209.0,SAFE_STOP,掉台但六路红外均无值,0,0,1
25.48,520.0,765.0,372.0,943.0,-0.4,-0.0719,-0.2396,-0.4175,1,0,1,0,0,0,1,1,1,202.0,SAFE_STOP,掉台但六路红外均无值,0,0,1
25.5,520.0,766.0,372.0,944.0,-0.3973,-0.0719,-0.2396,-0.4175,1,0,1,0,0,0,1,1,1,189.0,SAFE_STOP,掉台但六路红外均无值,0,0,1
25.521,519.0,762.0,371.0,941.0,-0.3973,-0.0719,-0.2396,-0.4175,1,0,1,0,0,0,1,1,1,257.0,SAFE_STOP,掉台但六路红外均无值,0,0,1
25.541,520.0,766.0,372.0,945.0,-0.3973,-0.0697,-0.2396,-0.4154,1,0,1,0,0,0,1,1,1,241.0,SAFE_STOP,掉台但六路红外均无值,0,0,1
25.562,518.0,764.0,370.0,941.0,-0.4,-0.0741,-0.2423,-0.4217,1,0,1,0,0,0,1,1,1,243.0,SAFE_STOP,掉台但六路红外均无值,0,0,1
25.582,520.0,765.0,372.0,942.0,-0.3973,-0.0719,-0.2396,-0.4196,1,0,1,0,0,0,1,1,1,209.0,SAFE_STOP,掉台但六路红外均无值,0,0,1
25.602,519.0,765.0,372.0,943.0,-0.4,-0.0719,-0.2396,-0.4196,1,0,1,0,0,0,1,1,1,207.0,SAFE_STOP,掉台但六路红外均无值,0,0,1
25.622,519.0,764.0,371.0,943.0,-0.4,-0.0719,-0.2396,-0.4175,1,0,1,0,0,0,1,1,1,250.0,SAFE_STOP,掉台但六路红外均无值,0,0,1
25.642,519.0,764.0,371.0,943.0,-0.4,-0.0741,-0.2423,-0.4175,1,0,1,0,0,0,1,1,1,250.0,SAFE_STOP,掉台但六路红外均无值,0,0,1
25.662,520.0,765.0,372.0,943.0,-0.4,-0.0741,-0.2423,-0.4175,1,0,1,0,0,0,1,1,1,195.0,SAFE_STOP,掉台但六路红外均无值,0,0,1
25.682,520.0,764.0,371.0,942.0,-0.3973,-0.0741,-0.2423,-0.4175,1,0,1,0,0,0,1,1,1,194.0,SAFE_STOP,掉台但六路红外均无值,0,0,1
25.702,519.0,763.0,371.0,942.0,-0.3973,-0.0741,-0.2423,-0.4196,1,0,1,0,0,0,1,1,1,291.0,SAFE_STOP,掉台但六路红外均无值,0,0,1
25.723,520.0,765.0,372.0,943.0,-0.3973,-0.0741,-0.2423,-0.4196,1,0,1,0,0,0,1,1,1,178.0,SAFE_STOP,掉台但六路红外均无值,0,0,1
25.743,518.0,763.0,372.0,943.0,-0.4,-0.0763,-0.2396,-0.4175,1,0,1,0,0,0,1,1,1,245.0,SAFE_STOP,掉台但六路红外均无值,0,0,1
25.763,520.0,765.0,372.0,944.0,-0.3973,-0.0719,-0.2396,-0.4175,1,0,1,0,0,0,1,1,1,248.0,SAFE_STOP,掉台但六路红外均无值,0,0,1
25.783,520.0,764.0,371.0,943.0,-0.3973,-0.0741,-0.2396,-0.4175,1,0,1,0,0,0,1,1,1,156.0,SAFE_STOP,掉台但六路红外均无值,0,0,1
25.803,520.0,766.0,373.0,945.0,-0.3973,-0.0719,-0.2396,-0.4154,1,0,1,0,0,0,1,1,1,163.0,SAFE_STOP,掉台但六路红外均无值,0,0,1
25.823,520.0,766.0,372.0,944.0,-0.3973,-0.0697,-0.2396,-0.4154,1,0,1,0,0,0,1,1,1,195.0,SAFE_STOP,掉台但六路红外均无值,0,0,1
25.843,520.0,763.0,371.0,941.0,-0.3973,-0.0697,-0.2396,-0.4154,1,0,1,0,0,0,1,1,1,257.0,SAFE_STOP,掉台但六路红外均无值,0,0,1
25.863,520.0,766.0,372.0,945.0,-0.3973,-0.0697,-0.2396,-0.4154,1,0,1,0,0,0,1,1,1,275.0,SAFE_STOP,掉台但六路红外均无值,0,0,1
25.884,520.0,765.0,371.0,943.0,-0.3973,-0.0719,-0.2423,-0.4175,1,0,1,0,0,0,1,1,1,212.0,SAFE_STOP,掉台但六路红外均无值,0,0,1
25.904,520.0,765.0,372.0,944.0,-0.3973,-0.0719,-0.2396,-0.4154,1,0,1,0,0,0,1,1,1,194.0,SAFE_STOP,掉台但六路红外均无值,0,0,1
25.925,519.0,765.0,372.0,944.0,-0.3973,-0.0719,-0.2396,-0.4154,1,0,1,0,0,0,1,1,1,244.0,SAFE_STOP,掉台但六路红外均无值,0,0,1
25.945,520.0,765.0,372.0,942.0,-0.3973,-0.0719,-0.2396,-0.4154,1,0,1,0,0,0,1,1,1,178.0,SAFE_STOP,掉台但六路红外均无值,0,0,1
25.965,518.0,762.0,371.0,941.0,-0.4,-0.0719,-0.2396,-0.4196,1,0,1,0,0,0,1,1,1,251.0,SAFE_STOP,掉台但六路红外均无值,0,0,1
25.985,519.0,763.0,371.0,941.0,-0.4,-0.0763,-0.2423,-0.4217,1,0,1,0,0,0,1,1,1,192.0,SAFE_STOP,掉台但六路红外均无值,0,0,1
26.005,518.0,763.0,371.0,942.0,-0.4027,-0.0763,-0.2423,-0.4217,1,0,1,0,0,0,1,1,1,210.0,SAFE_STOP,掉台但六路红外均无值,0,0,1
26.025,519.0,765.0,371.0,941.0,-0.4,-0.0763,-0.2423,-0.4217,1,0,1,0,0,0,1,1,1,194.0,SAFE_STOP,掉台但六路红外均无值,0,0,1
26.045,519.0,765.0,372.0,942.0,-0.4,-0.0719,-0.2423,-0.4196,1,0,1,0,0,0,1,1,1,221.0,SAFE_STOP,掉台但六路红外均无值,0,0,1
26.066,518.0,763.0,371.0,941.0,-0.4,-0.0719,-0.2423,-0.4217,1,0,1,0,0,0,1,1,1,247.0,SAFE_STOP,掉台但六路红外均无值,0,0,1
26.086,518.0,763.0,371.0,941.0,-0.4027,-0.0763,-0.2423,-0.4217,1,0,1,0,0,0,1,1,1,247.0,SAFE_STOP,掉台但六路红外均无值,0,0,1
26.106,518.0,762.0,370.0,940.0,-0.4027,-0.0763,-0.2423,-0.4217,1,0,1,0,0,0,1,1,1,211.0,SAFE_STOP,掉台但六路红外均无值,0,0,1
26.126,519.0,763.0,371.0,942.0,-0.4027,-0.0763,-0.2423,-0.4217,1,0,1,0,0,0,1,1,1,229.0,SAFE_STOP,掉台但六路红外均无值,0,0,1
26.146,518.0,763.0,371.0,940.0,-0.4027,-0.0763,-0.2423,-0.4238,1,0,1,0,0,0,1,1,1,211.0,SAFE_STOP,掉台但六路红外均无值,0,0,1
26.166,518.0,763.0,370.0,940.0,-0.4027,-0.0763,-0.2423,-0.4238,1,0,1,0,0,0,1,1,1,258.0,SAFE_STOP,掉台但六路红外均无值,0,0,1
26.186,518.0,763.0,371.0,941.0,-0.4027,-0.0763,-0.2423,-0.4238,1,0,1,0,0,0,1,1,1,226.0,SAFE_STOP,掉台但六路红外均无值,0,0,1
26.206,515.0,759.0,370.0,936.0,-0.4027,-0.0763,-0.2451,-0.4238,1,0,1,0,0,0,1,1,1,128.0,SAFE_STOP,掉台但六路红外均无值,0,0,1
26.227,519.0,765.0,372.0,942.0,-0.4027,-0.0763,-0.2423,-0.4217,1,0,1,0,0,0,1,1,1,209.0,SAFE_STOP,掉台但六路红外均无值,0,0,1
26.247,520.0,765.0,372.0,945.0,-0.4,-0.0719,-0.2396,-0.4196,1,0,1,0,0,0,1,1,1,211.0,SAFE_STOP,掉台但六路红外均无值,0,0,1
26.267,519.0,763.0,371.0,942.0,-0.4,-0.0719,-0.2396,-0.4196,1,0,1,0,0,0,1,1,1,276.0,SAFE_STOP,掉台但六路红外均无值,0,0,1
26.287,518.0,762.0,371.0,941.0,-0.4,-0.0763,-0.2423,-0.4196,1,0,1,0,0,0,1,1,1,232.0,SAFE_STOP,掉台但六路红外均无值,0,0,1
26.307,518.0,762.0,370.0,941.0,-0.4027,-0.0784,-0.2423,-0.4217,1,0,1,0,0,0,1,1,1,192.0,SAFE_STOP,掉台但六路红外均无值,0,0,1
26.327,518.0,763.0,370.0,941.0,-0.4027,-0.0784,-0.2451,-0.4217,1,0,1,0,0,0,1,1,1,209.0,SAFE_STOP,掉台但六路红外均无值,0,0,1
26.347,518.0,763.0,370.0,941.0,-0.4027,-0.0763,-0.2451,-0.4217,1,0,1,0,0,0,1,1,1,162.0,SAFE_STOP,掉台但六路红外均无值,0,0,1
26.367,518.0,762.0,370.0,940.0,-0.4027,-0.0763,-0.2451,-0.4217,1,0,1,0,0,0,1,1,1,258.0,SAFE_STOP,掉台但六路红外均无值,0,0,1
26.387,519.0,764.0,372.0,942.0,-0.4027,-0.0763,-0.2451,-0.4217,1,0,1,0,0,0,1,1,1,244.0,SAFE_STOP,掉台但六路红外均无值,0,0,1
26.408,520.0,764.0,371.0,941.0,-0.4,-0.0741,-0.2423,-0.4217,1,0,1,0,0,0,1,1,1,231.0,SAFE_STOP,掉台但六路红外均无值,0,0,1
26.428,518.0,763.0,372.0,942.0,-0.4,-0.0741,-0.2396,-0.4196,1,0,1,0,0,0,1,1,1,160.0,SAFE_STOP,掉台但六路红外均无值,0,0,1
26.448,519.0,764.0,371.0,940.0,-0.4,-0.0741,-0.2423,-0.4217,1,0,1,0,0,0,1,1,1,201.0,SAFE_STOP,掉台但六路红外均无值,0,0,1
26.468,518.0,763.0,371.0,940.0,-0.4027,-0.0763,-0.2423,-0.4238,1,0,1,0,0,0,1,1,1,239.0,SAFE_STOP,掉台但六路红外均无值,0,0,1
26.488,520.0,765.0,373.0,943.0,-0.4,-0.0741,-0.2423,-0.4238,1,0,1,0,0,0,1,1,1,244.0,SAFE_STOP,掉台但六路红外均无值,0,0,1
26.508,519.0,764.0,372.0,942.0,-0.4,-0.0741,-0.2396,-0.4196,1,0,1,0,0,0,1,1,1,177.0,SAFE_STOP,掉台但六路红外均无值,0,0,1
26.528,520.0,765.0,372.0,944.0,-0.3973,-0.0719,-0.2396,-0.4175,1,0,1,0,0,0,1,1,1,226.0,SAFE_STOP,掉台但六路红外均无值,0,0,1
26.548,521.0,766.0,372.0,944.0,-0.3973,-0.0719,-0.2396,-0.4154,1,0,1,0,0,0,1,1,1,194.0,SAFE_STOP,掉台但六路红外均无值,0,0,1
26.568,519.0,765.0,372.0,943.0,-0.3973,-0.0719,-0.2396,-0.4154,1,0,1,0,0,0,1,1,1,231.0,SAFE_STOP,掉台但六路红外均无值,0,0,1
26.588,519.0,763.0,371.0,941.0,-0.4,-0.0719,-0.2396,-0.4175,1,0,1,0,0,0,1,1,1,214.0,SAFE_STOP,掉台但六路红外均无值,0,0,1
26.608,520.0,765.0,373.0,944.0,-0.4,-0.0719,-0.2396,-0.4175,1,0,1,0,0,0,1,1,1,193.0,SAFE_STOP,掉台但六路红外均无值,0,0,1
26.629,520.0,765.0,373.0,944.0,-0.3973,-0.0719,-0.2368,-0.4154,1,0,1,0,0,0,1,1,1,193.0,SAFE_STOP,掉台但六路红外均无值,0,0,1
26.649,520.0,765.0,372.0,942.0,-0.3973,-0.0719,-0.2368,-0.4154,1,0,1,0,0,0,1,1,1,276.0,SAFE_STOP,掉台但六路红外均无值,0,0,1
26.669,519.0,764.0,371.0,941.0,-0.3973,-0.0719,-0.2396,-0.4196,1,0,1,0,0,0,1,1,1,227.0,SAFE_STOP,掉台但六路红外均无值,0,0,1
26.689,520.0,765.0,373.0,944.0,-0.3973,-0.0719,-0.2396,-0.4196,1,0,1,0,0,0,1,1,1,227.0,SAFE_STOP,掉台但六路红外均无值,0,0,1
26.709,520.0,765.0,374.0,943.0,-0.3973,-0.0719,-0.2368,-0.4175,1,0,1,0,0,0,1,1,1,212.0,SAFE_STOP,掉台但六路红外均无值,0,0,1
26.729,520.0,765.0,372.0,942.0,-0.3973,-0.0719,-0.2368,-0.4175,1,0,1,0,0,0,1,1,1,193.0,SAFE_STOP,掉台但六路红外均无值,0,0,1
26.749,520.0,766.0,372.0,943.0,-0.3973,-0.0719,-0.2396,-0.4175,1,0,1,0,0,0,1,1,1,193.0,SAFE_STOP,掉台但六路红外均无值,0,0,1
26.769,519.0,764.0,372.0,944.0,-0.3973,-0.0719,-0.2396,-0.4175,1,0,1,0,0,0,1,1,1,210.0,SAFE_STOP,掉台但六路红外均无值,0,0,1
26.789,520.0,764.0,371.0,942.0,-0.3973,-0.0741,-0.2396,-0.4175,1,0,1,0,0,0,1,1,1,227.0,SAFE_STOP,掉台但六路红外均无值,0,0,1
26.809,519.0,765.0,372.0,943.0,-0.4,-0.0741,-0.2396,-0.4175,1,0,1,0,0,0,1,1,1,261.0,SAFE_STOP,掉台但六路红外均无值,0,0,1
26.829,520.0,764.0,372.0,944.0,-0.3973,-0.0741,-0.2396,-0.4175,1,0,1,0,0,0,1,1,1,194.0,SAFE_STOP,掉台但六路红外均无值,0,0,1
26.85,518.0,764.0,371.0,940.0,-0.4,-0.0741,-0.2396,-0.4175,1,0,1,0,0,0,1,1,1,209.0,SAFE_STOP,掉台但六路红外均无值,0,0,1
26.87,518.0,763.0,370.0,940.0,-0.4027,-0.0741,-0.2423,-0.4238,1,0,1,0,0,0,1,1,1,251.0,SAFE_STOP,掉台但六路红外均无值,0,0,1
26.89,520.0,765.0,373.0,943.0,-0.4027,-0.0741,-0.2423,-0.4238,1,0,1,0,0,0,1,1,1,227.0,SAFE_STOP,掉台但六路红外均无值,0,0,1
26.91,520.0,764.0,372.0,942.0,-0.3973,-0.0741,-0.2396,-0.4196,1,0,1,0,0,0,1,1,1,193.0,SAFE_STOP,掉台但六路红外均无值,0,0,1
26.93,521.0,765.0,372.0,942.0,-0.3973,-0.0719,-0.2396,-0.4196,1,0,1,0,0,0,1,1,1,210.0,SAFE_STOP,掉台但六路红外均无值,0,0,1
26.95,520.0,765.0,373.0,944.0,-0.3973,-0.0719,-0.2396,-0.4196,1,0,1,0,0,0,1,1,1,211.0,SAFE_STOP,掉台但六路红外均无值,0,0,1
26.97,521.0,765.0,373.0,945.0,-0.3946,-0.0719,-0.2368,-0.4154,1,0,1,0,0,0,1,1,1,212.0,SAFE_STOP,掉台但六路红外均无值,0,0,1
26.99,521.0,765.0,373.0,945.0,-0.3946,-0.0719,-0.2368,-0.4134,1,0,1,0,0,0,1,1,1,259.0,SAFE_STOP,掉台但六路红外均无值,0,0,1
27.01,520.0,766.0,372.0,944.0,-0.3946,-0.0719,-0.2368,-0.4134,1,0,1,0,0,0,1,1,1,227.0,SAFE_STOP,掉台但六路红外均无值,0,0,1
27.03,518.0,763.0,371.0,941.0,-0.3973,-0.0719,-0.2396,-0.4154,1,0,1,0,0,0,1,1,1,194.0,SAFE_STOP,掉台但六路红外均无值,0,0,1
27.051,520.0,765.0,373.0,944.0,-0.3973,-0.0719,-0.2396,-0.4154,1,0,1,0,0,0,1,1,1,210.0,SAFE_STOP,掉台但六路红外均无值,0,0,1
27.071,521.0,767.0,372.0,945.0,-0.3973,-0.0719,-0.2396,-0.4154,1,0,1,0,0,0,1,1,1,211.0,SAFE_STOP,掉台但六路红外均无值,0,0,1
27.091,520.0,765.0,373.0,944.0,-0.3973,-0.0719,-0.2368,-0.4154,1,0,1,0,0,0,1,1,1,243.0,SAFE_STOP,掉台但六路红外均无值,0,0,1
27.111,520.0,765.0,372.0,944.0,-0.3973,-0.0719,-0.2396,-0.4154,1,0,1,0,0,0,1,1,1,259.0,SAFE_STOP,掉台但六路红外均无值,0,0,1
27.131,520.0,765.0,373.0,944.0,-0.3973,-0.0719,-0.2368,-0.4154,1,0,1,0,0,0,1,1,1,161.0,SAFE_STOP,掉台但六路红外均无值,0,0,1
27.151,520.0,764.0,372.0,943.0,-0.3973,-0.0719,-0.2396,-0.4154,1,0,1,0,0,0,1,1,1,210.0,SAFE_STOP,掉台但六路红外均无值,0,0,1
27.171,520.0,766.0,372.0,942.0,-0.3973,-0.0719,-0.2396,-0.4175,1,0,1,0,0,0,1,1,1,228.0,SAFE_STOP,掉台但六路红外均无值,0,0,1
27.191,518.0,764.0,371.0,940.0,-0.3973,-0.0741,-0.2396,-0.4196,1,0,1,0,0,0,1,1,1,325.0,SAFE_STOP,掉台但六路红外均无值,0,0,1
27.211,519.0,763.0,371.0,941.0,-0.4,-0.0741,-0.2423,-0.4217,1,0,1,0,0,0,1,1,1,229.0,SAFE_STOP,掉台但六路红外均无值,0,0,1
27.231,520.0,765.0,373.0,945.0,-0.4,-0.0741,-0.2423,-0.4217,1,0,1,0,0,0,1,1,1,195.0,SAFE_STOP,掉台但六路红外均无值,0,0,1
27.251,520.0,764.0,372.0,942.0,-0.3973,-0.0741,-0.2396,-0.4196,1,0,1,0,0,0,1,1,1,211.0,SAFE_STOP,掉台但六路红外均无值,0,0,1
27.272,519.0,763.0,372.0,941.0,-0.3973,-0.0741,-0.2396,-0.4196,1,0,1,0,0,0,1,1,1,177.0,SAFE_STOP,掉台但六路红外均无值,0,0,1
27.292,519.0,763.0,372.0,941.0,-0.4,-0.0763,-0.2396,-0.4217,1,0,1,0,0,0,1,1,1,177.0,SAFE_STOP,掉台但六路红外均无值,0,0,1
27.312,520.0,766.0,372.0,942.0,-0.4,-0.0763,-0.2396,-0.4217,1,0,1,0,0,0,1,1,1,258.0,SAFE_STOP,掉台但六路红外均无值,0,0,1
27.332,520.0,765.0,372.0,944.0,-0.3973,-0.0719,-0.2396,-0.4196,1,0,1,0,0,0,1,1,1,276.0,SAFE_STOP,掉台但六路红外均无值,0,0,1
27.352,518.0,764.0,371.0,941.0,-0.3973,-0.0719,-0.2396,-0.4196,1,0,1,0,0,0,1,1,1,274.0,SAFE_STOP,掉台但六路红外均无值,0,0,1
27.372,521.0,766.0,373.0,945.0,-0.3973,-0.0719,-0.2396,-0.4154,1,0,1,0,0,0,1,1,1,210.0,SAFE_STOP,掉台但六路红外均无值,0,0,1
27.392,521.0,766.0,373.0,944.0,-0.3946,-0.0697,-0.2368,-0.4154,1,0,1,0,0,0,1,1,1,194.0,SAFE_STOP,掉台但六路红外均无值,0,0,1
27.412,520.0,764.0,372.0,943.0,-0.3946,-0.0697,-0.2368,-0.4154,1,0,1,0,0,0,1,1,1,244.0,SAFE_STOP,掉台但六路红外均无值,0,0,1
27.433,520.0,766.0,373.0,944.0,-0.3973,-0.0697,-0.2368,-0.4154,1,0,1,0,0,0,1,1,1,244.0,SAFE_STOP,掉台但六路红外均无值,0,0,1
27.453,520.0,765.0,372.0,943.0,-0.3973,-0.0719,-0.2396,-0.4175,1,0,1,0,0,0,1,1,1,176.0,SAFE_STOP,掉台但六路红外均无值,0,0,1
27.473,520.0,765.0,372.0,943.0,-0.3973,-0.0719,-0.2396,-0.4175,1,0,1,0,0,0,1,1,1,210.0,SAFE_STOP,掉台但六路红外均无值,0,0,1
27.493,521.0,766.0,372.0,944.0,-0.3973,-0.0719,-0.2396,-0.4175,1,0,1,0,0,0,1,1,1,211.0,SAFE_STOP,掉台但六路红外均无值,0,0,1
27.513,520.0,765.0,371.0,942.0,-0.3973,-0.0719,-0.2396,-0.4175,1,0,1,0,0,0,1,1,1,177.0,SAFE_STOP,掉台但六路红外均无值,0,0,1
27.533,519.0,764.0,371.0,942.0,-0.3973,-0.0719,-0.2423,-0.4196,1,0,1,0,0,0,1,1,1,243.0,SAFE_STOP,掉台但六路红外均无值,0,0,1
27.553,521.0,766.0,373.0,944.0,-0.3973,-0.0719,-0.2423,-0.4196,1,0,1,0,0,0,1,1,1,243.0,SAFE_STOP,掉台但六路红外均无值,0,0,1
27.573,521.0,765.0,372.0,944.0,-0.3946,-0.0719,-0.2396,-0.4154,1,0,1,0,0,0,1,1,1,261.0,SAFE_STOP,掉台但六路红外均无值,0,0,1
27.593,519.0,764.0,372.0,943.0,-0.3946,-0.0719,-0.2396,-0.4154,1,0,1,0,0,0,1,1,1,211.0,SAFE_STOP,掉台但六路红外均无值,0,0,1
27.614,520.0,766.0,373.0,944.0,-0.3973,-0.0719,-0.2396,-0.4154,1,0,1,0,0,0,1,1,1,243.0,SAFE_STOP,掉台但六路红外均无值,0,0,1
27.634,520.0,766.0,373.0,944.0,-0.3973,-0.0697,-0.2368,-0.4154,1,0,1,0,0,0,1,1,1,180.0,SAFE_STOP,掉台但六路红外均无值,0,0,1
27.654,520.0,765.0,372.0,943.0,-0.3973,-0.0697,-0.2368,-0.4154,1,0,1,0,0,0,1,1,1,193.0,SAFE_STOP,掉台但六路红外均无值,0,0,1
27.674,520.0,766.0,372.0,944.0,-0.3973,-0.0697,-0.2396,-0.4154,1,0,1,0,0,0,1,1,1,210.0,SAFE_STOP,掉台但六路红外均无值,0,0,1
27.694,520.0,766.0,372.0,944.0,-0.3973,-0.0697,-0.2396,-0.4154,1,0,1,0,0,0,1,1,1,210.0,SAFE_STOP,掉台但六路红外均无值,0,0,1
27.714,520.0,765.0,373.0,942.0,-0.3973,-0.0697,-0.2396,-0.4154,1,0,1,0,0,0,1,1,1,309.0,SAFE_STOP,掉台但六路红外均无值,0,0,1
27.734,520.0,765.0,372.0,943.0,-0.3973,-0.0719,-0.2396,-0.4175,1,0,1,0,0,0,1,1,1,244.0,SAFE_STOP,掉台但六路红外均无值,0,0,1
27.754,521.0,765.0,372.0,944.0,-0.3973,-0.0719,-0.2396,-0.4175,1,0,1,0,0,0,1,1,1,243.0,SAFE_STOP,掉台但六路红外均无值,0,0,1
27.775,519.0,765.0,372.0,944.0,-0.3973,-0.0719,-0.2396,-0.4154,1,0,1,0,0,0,1,1,1,211.0,SAFE_STOP,掉台但六路红外均无值,0,0,1
27.795,519.0,764.0,372.0,943.0,-0.4,-0.0719,-0.2396,-0.4154,1,0,1,0,0,0,1,1,1,178.0,SAFE_STOP,掉台但六路红外均无值,0,0,1
27.815,521.0,767.0,373.0,944.0,-0.4,-0.0719,-0.2396,-0.4154,1,0,1,0,0,0,1,1,1,307.0,SAFE_STOP,掉台但六路红外均无值,0,0,1
27.835,520.0,765.0,373.0,943.0,-0.3973,-0.0719,-0.2368,-0.4175,1,0,1,0,0,0,1,1,1,243.0,SAFE_STOP,掉台但六路红外均无值,0,0,1
27.855,520.0,766.0,371.0,942.0,-0.3973,-0.0697,-0.2368,-0.4175,1,0,1,0,0,0,1,1,1,212.0,SAFE_STOP,掉台但六路红外均无值,0,0,1
27.875,520.0,765.0,372.0,944.0,-0.3973,-0.0719,-0.2396,-0.4175,1,0,1,0,0,0,1,1,1,193.0,SAFE_STOP,掉台但六路红外均无值,0,0,1
27.895,520.0,764.0,372.0,943.0,-0.3973,-0.0719,-0.2396,-0.4175,1,0,1,0,0,0,1,1,1,193.0,SAFE_STOP,掉台但六路红外均无值,0,0,1
27.915,520.0,765.0,372.0,942.0,-0.3973,-0.0719,-0.2396,-0.4175,1,0,1,0,0,0,1,1,1,228.0,SAFE_STOP,掉台但六路红外均无值,0,0,1
27.935,520.0,766.0,372.0,944.0,-0.3973,-0.0719,-0.2396,-0.4175,1,0,1,0,0,0,1,1,1,241.0,SAFE_STOP,掉台但六路红外均无值,0,0,1
27.956,521.0,765.0,372.0,944.0,-0.3973,-0.0719,-0.2396,-0.4154,1,0,1,0,0,0,1,1,1,210.0,SAFE_STOP,掉台但六路红外均无值,0,0,1
27.976,520.0,765.0,372.0,943.0,-0.3973,-0.0719,-0.2396,-0.4154,1,0,1,0,0,0,1,1,1,212.0,SAFE_STOP,掉台但六路红外均无值,0,0,1
27.996,520.0,764.0,372.0,942.0,-0.3973,-0.0719,-0.2396,-0.4175,1,0,1,0,0,0,1,1,1,211.0,SAFE_STOP,掉台但六路红外均无值,0,0,1
28.016,520.0,765.0,373.0,944.0,-0.3973,-0.0719,-0.2396,-0.4175,1,0,1,0,0,0,1,1,1,258.0,SAFE_STOP,掉台但六路红外均无值,0,0,1
28.036,520.0,765.0,373.0,945.0,-0.3973,-0.0719,-0.2368,-0.4154,1,0,1,0,0,0,1,1,1,210.0,SAFE_STOP,掉台但六路红外均无值,0,0,1
28.056,520.0,766.0,372.0,943.0,-0.3973,-0.0719,-0.2368,-0.4154,1,0,1,0,0,0,1,1,1,194.0,SAFE_STOP,掉台但六路红外均无值,0,0,1
28.076,520.0,766.0,372.0,943.0,-0.3973,-0.0697,-0.2396,-0.4175,1,0,1,0,0,0,1,1,1,194.0,SAFE_STOP,掉台但六路红外均无值,0,0,1
28.097,520.0,766.0,372.0,944.0,-0.3973,-0.0697,-0.2396,-0.4175,1,0,1,0,0,0,1,1,1,250.0,SAFE_STOP,掉台但六路红外均无值,0,0,1
28.117,519.0,765.0,373.0,943.0,-0.3973,-0.0697,-0.2396,-0.4175,1,0,1,0,0,0,1,1,1,232.0,SAFE_STOP,掉台但六路红外均无值,0,0,1
28.137,519.0,764.0,371.0,942.0,-0.4,-0.0719,-0.2396,-0.4175,1,0,1,0,0,0,1,1,1,243.0,SAFE_STOP,掉台但六路红外均无值,0,0,1
28.157,520.0,766.0,373.0,944.0,-0.4,-0.0719,-0.2368,-0.4175,1,0,1,0,0,0,1,1,1,229.0,SAFE_STOP,掉台但六路红外均无值,0,0,1
28.177,520.0,765.0,372.0,942.0,-0.3973,-0.0719,-0.2396,-0.4196,1,0,1,0,0,0,1,1,1,182.0,SAFE_STOP,掉台但六路红外均无值,0,0,1
28.197,519.0,764.0,371.0,942.0,-0.3973,-0.0719,-0.2396,-0.4196,1,0,1,0,0,0,1,1,1,211.0,SAFE_STOP,掉台但六路红外均无值,0,0,1
28.217,521.0,766.0,373.0,945.0,-0.3973,-0.0719,-0.2396,-0.4196,1,0,1,0,0,0,1,1,1,228.0,SAFE_STOP,掉台但六路红外均无值,0,0,1
28.237,520.0,767.0,372.0,943.0,-0.3973,-0.0697,-0.2396,-0.4175,1,0,1,0,0,0,1,1,1,242.0,SAFE_STOP,掉台但六路红外均无值,0,0,1
28.257,521.0,766.0,372.0,943.0,-0.3946,-0.0697,-0.2396,-0.4175,1,0,1,0,0,0,1,1,1,279.0,SAFE_STOP,掉台但六路红外均无值,0,0,1
28.278,520.0,765.0,372.0,944.0,-0.3973,-0.0697,-0.2396,-0.4175,1,0,1,0,0,0,1,1,1,280.0,SAFE_STOP,掉台但六路红外均无值,0,0,1
28.298,520.0,767.0,373.0,944.0,-0.3973,-0.0697,-0.2396,-0.4154,1,0,1,0,0,0,1,1,1,211.0,SAFE_STOP,掉台但六路红外均无值,0,0,1
28.318,521.0,767.0,373.0,945.0,-0.3973,-0.0675,-0.2368,-0.4154,1,0,1,0,0,0,1,1,1,177.0,SAFE_STOP,掉台但六路红外均无值,0,0,1
28.338,520.0,765.0,373.0,944.0,-0.3973,-0.0675,-0.2368,-0.4154,1,0,1,0,0,0,1,1,1,232.0,SAFE_STOP,掉台但六路红外均无值,0,0,1
28.358,521.0,766.0,373.0,944.0,-0.3946,-0.0697,-0.2368,-0.4154,1,0,1,0,0,0,1,1,1,243.0,SAFE_STOP,掉台但六路红外均无值,0,0,1
28.378,521.0,766.0,372.0,944.0,-0.3946,-0.0697,-0.2368,-0.4154,1,0,1,0,0,0,1,1,1,144.0,SAFE_STOP,掉台但六路红外均无值,0,0,1
28.398,521.0,766.0,372.0,944.0,-0.3946,-0.0697,-0.2396,-0.4154,1,0,1,0,0,0,1,1,1,209.0,SAFE_STOP,掉台但六路红外均无值,0,0,1
28.418,521.0,766.0,373.0,945.0,-0.3946,-0.0697,-0.2396,-0.4154,1,0,1,0,0,0,1,1,1,259.0,SAFE_STOP,掉台但六路红外均无值,0,0,1
28.438,519.0,767.0,374.0,943.0,-0.3946,-0.0697,-0.2368,-0.4154,1,0,1,0,0,0,1,1,1,243.0,SAFE_STOP,掉台但六路红外均无值,0,0,1
28.459,519.0,767.0,374.0,943.0,-0.4,-0.0675,-0.234,-0.4175,1,0,1,0,0,0,1,1,1,243.0,SAFE_STOP,掉台但六路红外均无值,0,0,1
28.479,521.0,766.0,372.0,944.0,-0.4,-0.0675,-0.234,-0.4175,1,0,1,0,0,0,1,1,1,241.0,SAFE_STOP,掉台但六路红外均无值,0,0,1
28.499,521.0,766.0,373.0,944.0,-0.3946,-0.0697,-0.2368,-0.4154,1,0,1,0,0,0,1,1,1,195.0,SAFE_STOP,掉台但六路红外均无值,0,0,1
28.519,520.0,766.0,372.0,944.0,-0.3946,-0.0697,-0.2396,-0.4154,1,0,1,0,0,0,1,1,1,275.0,SAFE_STOP,掉台但六路红外均无值,0,0,1
28.539,520.0,766.0,373.0,945.0,-0.3973,-0.0697,-0.2368,-0.4154,1,0,1,0,0,0,1,1,1,231.0,SAFE_STOP,掉台但六路红外均无值,0,0,1
28.559,520.0,764.0,372.0,943.0,-0.3973,-0.0697,-0.2396,-0.4154,1,0,1,0,0,0,1,1,1,244.0,SAFE_STOP,掉台但六路红外均无值,0,0,1
28.579,519.0,762.0,371.0,941.0,-0.3973,-0.0741,-0.2396,-0.4175,1,0,1,0,0,0,1,1,1,161.0,SAFE_STOP,掉台但六路红外均无值,0,0,1
28.6,521.0,766.0,373.0,944.0,-0.3973,-0.0741,-0.2396,-0.4175,1,0,1,0,0,0,1,1,1,191.0,SAFE_STOP,掉台但六路红外均无值,0,0,1
28.62,521.0,766.0,372.0,944.0,-0.3946,-0.0697,-0.2396,-0.4154,1,0,1,0,0,0,1,1,1,229.0,SAFE_STOP,掉台但六路红外均无值,0,0,1
28.64,520.0,765.0,372.0,942.0,-0.3946,-0.0697,-0.2396,-0.4154,1,0,1,0,0,0,1,1,1,276.0,SAFE_STOP,掉台但六路红外均无值,0,0,1
28.66,520.0,766.0,373.0,943.0,-0.3973,-0.0697,-0.2396,-0.4175,1,0,1,0,0,0,1,1,1,243.0,SAFE_STOP,掉台但六路红外均无值,0,0,1
28.68,520.0,765.0,373.0,944.0,-0.3973,-0.0719,-0.2368,-0.4175,1,0,1,0,0,0,1,1,1,193.0,SAFE_STOP,掉台但六路红外均无值,0,0,1
28.7,521.0,765.0,373.0,944.0,-0.3973,-0.0719,-0.2368,-0.4154,1,0,1,0,0,0,1,1,1,146.0,SAFE_STOP,掉台但六路红外均无值,0,0,1
28.72,520.0,765.0,372.0,942.0,-0.3973,-0.0719,-0.2368,-0.4154,1,0,1,0,0,0,1,1,1,178.0,SAFE_STOP,掉台但六路红外均无值,0,0,1
28.74,520.0,766.0,372.0,944.0,-0.3973,-0.0719,-0.2396,-0.4154,1,0,1,0,0,0,1,1,1,323.0,SAFE_STOP,掉台但六路红外均无值,0,0,1
28.76,520.0,765.0,373.0,944.0,-0.3973,-0.0719,-0.2396,-0.4154,1,0,1,0,0,0,1,1,1,290.0,SAFE_STOP,掉台但六路红外均无值,0,0,1
28.781,520.0,765.0,372.0,942.0,-0.3973,-0.0719,-0.2396,-0.4154,1,0,1,0,0,0,1,1,1,209.0,SAFE_STOP,掉台但六路红外均无值,0,0,1
28.801,520.0,766.0,374.0,944.0,-0.3973,-0.0719,-0.2368,-0.4154,1,0,1,0,0,0,1,1,1,194.0,SAFE_STOP,掉台但六路红外均无值,0,0,1
28.821,520.0,764.0,372.0,942.0,-0.3973,-0.0719,-0.2396,-0.4196,1,0,1,0,0,0,1,1,1,210.0,SAFE_STOP,掉台但六路红外均无值,0,0,1
28.841,520.0,764.0,372.0,942.0,-0.3973,-0.0741,-0.2396,-0.4196,1,0,1,0,0,0,1,1,1,210.0,SAFE_STOP,掉台但六路红外均无值,0,0,1
28.861,520.0,765.0,372.0,942.0,-0.3973,-0.0741,-0.2396,-0.4196,1,0,1,0,0,0,1,1,1,243.0,SAFE_STOP,掉台但六路红外均无值,0,0,1
28.881,521.0,766.0,373.0,944.0,-0.3973,-0.0719,-0.2396,-0.4196,1,0,1,0,0,0,1,1,1,244.0,SAFE_STOP,掉台但六路红外均无值,0,0,1
28.901,520.0,765.0,372.0,943.0,-0.3973,-0.0719,-0.2396,-0.4175,1,0,1,0,0,0,1,1,1,181.0,SAFE_STOP,掉台但六路红外均无值,0,0,1
28.921,519.0,764.0,372.0,941.0,-0.3973,-0.0719,-0.2396,-0.4175,1,0,1,0,0,0,1,1,1,211.0,SAFE_STOP,掉台但六路红外均无值,0,0,1
28.942,520.0,766.0,372.0,944.0,-0.3973,-0.0719,-0.2396,-0.4175,1,0,1,0,0,0,1,1,1,229.0,SAFE_STOP,掉台但六路红外均无值,0,0,1
28.962,520.0,765.0,372.0,943.0,-0.3973,-0.0719,-0.2396,-0.4175,1,0,1,0,0,0,1,1,1,243.0,SAFE_STOP,掉台但六路红外均无值,0,0,1
28.982,520.0,766.0,373.0,943.0,-0.3973,-0.0697,-0.2396,-0.4175,1,0,1,0,0,0,1,1,1,243.0,SAFE_STOP,掉台但六路红外均无值,0,0,1
29.002,520.0,766.0,372.0,943.0,-0.3973,-0.0697,-0.2396,-0.4175,1,0,1,0,0,0,1,1,1,197.0,SAFE_STOP,掉台但六路红外均无值,0,0,1
29.022,521.0,766.0,373.0,944.0,-0.3973,-0.0697,-0.2368,-0.4175,1,0,1,0,0,0,1,1,1,202.0,SAFE_STOP,掉台但六路红外均无值,0,0,1
29.042,521.0,767.0,372.0,944.0,-0.3946,-0.0697,-0.2396,-0.4154,1,0,1,0,0,0,1,1,1,211.0,SAFE_STOP,掉台但六路红外均无值,0,0,1
29.062,521.0,764.0,372.0,943.0,-0.3946,-0.0697,-0.2396,-0.4154,1,0,1,0,0,0,1,1,1,244.0,SAFE_STOP,掉台但六路红外均无值,0,0,1
29.082,520.0,766.0,373.0,944.0,-0.3946,-0.0697,-0.2396,-0.4154,1,0,1,0,0,0,1,1,1,162.0,SAFE_STOP,掉台但六路红外均无值,0,0,1
29.102,520.0,766.0,372.0,944.0,-0.3973,-0.0697,-0.2396,-0.4154,1,0,1,0,0,0,1,1,1,193.0,SAFE_STOP,掉台但六路红外均无值,0,0,1
29.123,520.0,765.0,372.0,942.0,-0.3973,-0.0697,-0.2396,-0.4154,1,0,1,0,0,0,1,1,1,214.0,SAFE_STOP,掉台但六路红外均无值,0,0,1
29.143,520.0,766.0,372.0,944.0,-0.3973,-0.0697,-0.2396,-0.4154,1,0,1,0,0,0,1,1,1,308.0,SAFE_STOP,掉台但六路红外均无值,0,0,1
29.163,521.0,766.0,374.0,944.0,-0.3973,-0.0697,-0.2396,-0.4154,1,0,1,0,0,0,1,1,1,242.0,SAFE_STOP,掉台但六路红外均无值,0,0,1
29.183,520.0,764.0,371.0,942.0,-0.3973,-0.0697,-0.2396,-0.4154,1,0,1,0,0,0,1,1,1,257.0,SAFE_STOP,掉台但六路红外均无值,0,0,1
29.203,520.0,765.0,372.0,942.0,-0.3973,-0.0719,-0.2396,-0.4196,1,0,1,0,0,0,1,1,1,244.0,SAFE_STOP,掉台但六路红外均无值,0,0,1
29.223,520.0,765.0,373.0,944.0,-0.3973,-0.0719,-0.2396,-0.4196,1,0,1,0,0,0,1,1,1,194.0,SAFE_STOP,掉台但六路红外均无值,0,0,1
29.243,520.0,765.0,373.0,944.0,-0.3973,-0.0719,-0.2368,-0.4154,1,0,1,0,0,0,1,1,1,194.0,SAFE_STOP,掉台但六路红外均无值,0,0,1
29.263,520.0,765.0,373.0,944.0,-0.3973,-0.0719,-0.2368,-0.4154,1,0,1,0,0,0,1,1,1,194.0,SAFE_STOP,掉台但六路红外均无值,0,0,1
29.284,519.0,765.0,373.0,942.0,-0.3973,-0.0719,-0.2368,-0.4154,1,0,1,0,0,0,1,1,1,214.0,SAFE_STOP,掉台但六路红外均无值,0,0,1
29.304,522.0,766.0,373.0,945.0,-0.3973,-0.0719,-0.2368,-0.4154,1,0,1,0,0,0,1,1,1,210.0,SAFE_STOP,掉台但六路红外均无值,0,0,1
29.324,521.0,766.0,373.0,944.0,-0.3946,-0.0697,-0.2368,-0.4154,1,0,1,0,0,0,1,1,1,194.0,SAFE_STOP,掉台但六路红外均无值,0,0,1
29.344,521.0,766.0,372.0,943.0,-0.3946,-0.0697,-0.2368,-0.4154,1,0,1,0,0,0,1,1,1,144.0,SAFE_STOP,掉台但六路红外均无值,0,0,1
29.364,520.0,765.0,371.0,942.0,-0.3946,-0.0697,-0.2396,-0.4175,1,0,1,0,0,0,1,1,1,242.0,SAFE_STOP,掉台但六路红外均无值,0,0,1
29.384,520.0,765.0,372.0,944.0,-0.3973,-0.0719,-0.2396,-0.4175,1,0,1,0,0,0,1,1,1,243.0,SAFE_STOP,掉台但六路红外均无值,0,0,1
29.404,521.0,766.0,372.0,945.0,-0.3973,-0.0719,-0.2396,-0.4154,1,0,1,0,0,0,1,1,1,212.0,SAFE_STOP,掉台但六路红外均无值,0,0,1
29.424,521.0,766.0,373.0,944.0,-0.3946,-0.0697,-0.2396,-0.4154,1,0,1,0,0,0,1,1,1,212.0,SAFE_STOP,掉台但六路红外均无值,0,0,1
29.445,520.0,765.0,372.0,943.0,-0.3946,-0.0697,-0.2396,-0.4154,1,0,1,0,0,0,1,1,1,260.0,SAFE_STOP,掉台但六路红外均无值,0,0,1
29.465,520.0,765.0,372.0,944.0,-0.3973,-0.0719,-0.2396,-0.4154,1,0,1,0,0,0,1,1,1,226.0,SAFE_STOP,掉台但六路红外均无值,0,0,1
29.485,521.0,766.0,373.0,944.0,-0.3973,-0.0719,-0.2396,-0.4154,1,0,1,0,0,0,1,1,1,178.0,SAFE_STOP,掉台但六路红外均无值,0,0,1
29.505,520.0,765.0,373.0,943.0,-0.3973,-0.0719,-0.2368,-0.4154,1,0,1,0,0,0,1,1,1,227.0,SAFE_STOP,掉台但六路红外均无值,0,0,1
29.525,520.0,765.0,372.0,944.0,-0.3973,-0.0719,-0.2368,-0.4154,1,0,1,0,0,0,1,1,1,211.0,SAFE_STOP,掉台但六路红外均无值,0,0,1
29.545,520.0,766.0,373.0,944.0,-0.3973,-0.0719,-0.2368,-0.4154,1,0,1,0,0,0,1,1,1,243.0,SAFE_STOP,掉台但六路红外均无值,0,0,1
29.565,520.0,765.0,372.0,943.0,-0.3973,-0.0719,-0.2396,-0.4154,1,0,1,0,0,0,1,1,1,243.0,SAFE_STOP,掉台但六路红外均无值,0,0,1
29.586,520.0,766.0,373.0,945.0,-0.3973,-0.0697,-0.2368,-0.4154,1,0,1,0,0,0,1,1,1,244.0,SAFE_STOP,掉台但六路红外均无值,0,0,1
29.606,519.0,766.0,372.0,944.0,-0.3973,-0.0697,-0.2396,-0.4154,1,0,1,0,0,0,1,1,1,194.0,SAFE_STOP,掉台但六路红外均无值,0,0,1
29.626,520.0,764.0,372.0,943.0,-0.3973,-0.0697,-0.2396,-0.4154,1,0,1,0,0,0,1,1,1,196.0,SAFE_STOP,掉台但六路红外均无值,0,0,1
29.647,520.0,764.0,372.0,943.0,-0.3973,-0.0741,-0.2396,-0.4175,1,0,1,0,0,0,1,1,1,196.0,SAFE_STOP,掉台但六路红外均无值,0,0,1
29.667,520.0,766.0,372.0,944.0,-0.3973,-0.0741,-0.2396,-0.4175,1,0,1,0,0,0,1,1,1,210.0,SAFE_STOP,掉台但六路红外均无值,0,0,1
29.687,520.0,766.0,373.0,944.0,-0.3973,-0.0697,-0.2396,-0.4154,1,0,1,0,0,0,1,1,1,308.0,SAFE_STOP,掉台但六路红外均无值,0,0,1
29.707,520.0,765.0,373.0,943.0,-0.3973,-0.0697,-0.2368,-0.4154,1,0,1,0,0,0,1,1,1,276.0,SAFE_STOP,掉台但六路红外均无值,0,0,1
29.727,520.0,766.0,373.0,943.0,-0.3973,-0.0697,-0.2368,-0.4175,1,0,1,0,0,0,1,1,1,211.0,SAFE_STOP,掉台但六路红外均无值,0,0,1
29.747,520.0,764.0,371.0,942.0,-0.3973,-0.0719,-0.2368,-0.4175,1,0,1,0,0,0,1,1,1,211.0,SAFE_STOP,掉台但六路红外均无值,0,0,1
29.767,519.0,764.0,372.0,942.0,-0.3973,-0.0741,-0.2396,-0.4196,1,0,1,0,0,0,1,1,1,196.0,SAFE_STOP,掉台但六路红外均无值,0,0,1
29.787,520.0,765.0,372.0,942.0,-0.3973,-0.0741,-0.2396,-0.4196,1,0,1,0,0,0,1,1,1,244.0,SAFE_STOP,掉台但六路红外均无值,0,0,1
29.807,520.0,766.0,373.0,944.0,-0.3973,-0.0719,-0.2396,-0.4196,1,0,1,0,0,0,1,1,1,228.0,SAFE_STOP,掉台但六路红外均无值,0,0,1
29.827,520.0,765.0,372.0,944.0,-0.3973,-0.0719,-0.2396,-0.4154,1,0,1,0,0,0,1,1,1,210.0,SAFE_STOP,掉台但六路红外均无值,0,0,1
29.848,520.0,766.0,373.0,943.0,-0.3973,-0.0697,-0.2368,-0.4154,1,0,1,0,0,0,1,1,1,195.0,SAFE_STOP,掉台但六路红外均无值,0,0,1
29.868,520.0,765.0,372.0,944.0,-0.3973,-0.0719,-0.2396,-0.4154,1,0,1,0,0,0,1,1,1,260.0,SAFE_STOP,掉台但六路红外均无值,0,0,1
29.888,521.0,766.0,372.0,943.0,-0.3973,-0.0697,-0.2396,-0.4175,1,0,1,0,0,0,1,1,1,242.0,SAFE_STOP,掉台但六路红外均无值,0,0,1
29.908,520.0,766.0,372.0,944.0,-0.3973,-0.0697,-0.2396,-0.4154,1,0,1,0,0,0,1,1,1,309.0,SAFE_STOP,掉台但六路红外均无值,0,0,1
29.928,520.0,765.0,373.0,942.0,-0.3973,-0.0697,-0.2396,-0.4175,1,0,1,0,0,0,1,1,1,179.0,SAFE_STOP,掉台但六路红外均无值,0,0,1
29.948,520.0,765.0,372.0,944.0,-0.3973,-0.0719,-0.2396,-0.4154,1,0,1,0,0,0,1,1,1,211.0,SAFE_STOP,掉台但六路红外均无值,0,0,1
29.968,521.0,766.0,373.0,944.0,-0.3973,-0.0719,-0.2368,-0.4154,1,0,1,0,0,0,1,1,1,210.0,SAFE_STOP,掉台但六路红外均无值,0,0,1
29.988,520.0,765.0,372.0,944.0,-0.3973,-0.0719,-0.2396,-0.4154,1,0,1,0,0,0,1,1,1,227.0,SAFE_STOP,掉台但六路红外均无值,0,0,1
30.008,520.0,766.0,372.0,944.0,-0.3973,-0.0697,-0.2396,-0.4154,1,0,1,0,0,0,1,1,1,145.0,SAFE_STOP,掉台但六路红外均无值,0,0,1
30.029,520.0,766.0,372.0,943.0,-0.3973,-0.0697,-0.2396,-0.4154,1,0,1,0,0,0,1,1,1,194.0,SAFE_STOP,掉台但六路红外均无值,0,0,1
30.049,520.0,766.0,372.0,943.0,-0.3973,-0.0697,-0.2396,-0.4175,1,0,1,0,0,0,1,1,1,194.0,SAFE_STOP,掉台但六路红外均无值,0,0,1
30.069,520.0,766.0,372.0,944.0,-0.3973,-0.0697,-0.2396,-0.4175,1,0,1,0,0,0,1,1,1,227.0,SAFE_STOP,掉台但六路红外均无值,0,0,1
30.089,520.0,765.0,372.0,943.0,-0.3973,-0.0697,-0.2396,-0.4175,1,0,1,0,0,0,1,1,1,292.0,SAFE_STOP,掉台但六路红外均无值,0,0,1
30.109,520.0,765.0,374.0,944.0,-0.3973,-0.0719,-0.2396,-0.4154,1,0,1,0,0,0,1,1,1,244.0,SAFE_STOP,掉台但六路红外均无值,0,0,1
30.129,520.0,764.0,372.0,942.0,-0.3973,-0.0719,-0.2396,-0.4175,1,0,1,0,0,0,1,1,1,198.0,SAFE_STOP,掉台但六路红外均无值,0,0,1
30.149,520.0,763.0,372.0,942.0,-0.3973,-0.0741,-0.2396,-0.4196,1,0,1,0,0,0,1,1,1,211.0,SAFE_STOP,掉台但六路红外均无值,0,0,1
30.169,520.0,766.0,373.0,945.0,-0.3973,-0.0741,-0.2396,-0.4196,1,0,1,0,0,0,1,1,1,112.0,SAFE_STOP,掉台但六路红外均无值,0,0,1
30.19,521.0,766.0,373.0,944.0,-0.3973,-0.0697,-0.2368,-0.4154,1,0,1,0,0,0,1,1,1,260.0,SAFE_STOP,掉台但六路红外均无值,0,0,1
30.21,519.0,765.0,372.0,941.0,-0.3973,-0.0697,-0.2368,-0.4154,1,0,1,0,0,0,1,1,1,277.0,SAFE_STOP,掉台但六路红外均无值,0,0,1
30.23,520.0,765.0,372.0,943.0,-0.3973,-0.0719,-0.2396,-0.4175,1,0,1,0,0,0,1,1,1,181.0,SAFE_STOP,掉台但六路红外均无值,0,0,1
30.25,521.0,767.0,373.0,944.0,-0.3973,-0.0719,-0.2396,-0.4175,1,0,1,0,0,0,1,1,1,211.0,SAFE_STOP,掉台但六路红外均无值,0,0,1
30.27,520.0,765.0,371.0,942.0,-0.3973,-0.0719,-0.2396,-0.4175,1,0,1,0,0,0,1,1,1,194.0,SAFE_STOP,掉台但六路红外均无值,0,0,1
30.29,521.0,766.0,372.0,944.0,-0.3946,-0.0697,-0.2396,-0.4154,1,0,1,0,0,0,1,1,1,244.0,SAFE_STOP,掉台但六路红外均无值,0,0,1
30.31,520.0,766.0,373.0,944.0,-0.3973,-0.0697,-0.2396,-0.4154,1,0,1,0,0,0,1,1,1,245.0,SAFE_STOP,掉台但六路红外均无值,0,0,1
30.33,519.0,764.0,372.0,942.0,-0.3973,-0.0697,-0.2396,-0.4154,1,0,1,0,0,0,1,1,1,177.0,SAFE_STOP,掉台但六路红外均无值,0,0,1
30.351,521.0,766.0,373.0,944.0,-0.3973,-0.0697,-0.2368,-0.4154,1,0,1,0,0,0,1,1,1,211.0,SAFE_STOP,掉台但六路红外均无值,0,0,1
30.371,521.0,766.0,373.0,944.0,-0.3946,-0.0697,-0.2368,-0.4154,1,0,1,0,0,0,1,1,1,260.0,SAFE_STOP,掉台但六路红外均无值,0,0,1
30.391,520.0,765.0,372.0,942.0,-0.3946,-0.0697,-0.2368,-0.4154,1,0,1,0,0,0,1,1,1,228.0,SAFE_STOP,掉台但六路红外均无值,0,0,1
30.411,521.0,766.0,373.0,944.0,-0.3946,-0.0697,-0.2368,-0.4154,1,0,1,0,0,0,1,1,1,235.0,SAFE_STOP,掉台但六路红外均无值,0,0,1
30.431,521.0,766.0,373.0,944.0,-0.3946,-0.0697,-0.2368,-0.4154,1,0,1,0,0,0,1,1,1,235.0,SAFE_STOP,掉台但六路红外均无值,0,0,1
30.451,520.0,766.0,373.0,944.0,-0.3946,-0.0697,-0.2368,-0.4154,1,0,1,0,0,0,1,1,1,229.0,SAFE_STOP,掉台但六路红外均无值,0,0,1
30.471,521.0,765.0,372.0,943.0,-0.3946,-0.0697,-0.2368,-0.4154,1,0,1,0,0,0,1,1,1,199.0,SAFE_STOP,掉台但六路红外均无值,0,0,1
30.491,520.0,766.0,373.0,941.0,-0.3973,-0.0697,-0.2368,-0.4175,1,0,1,0,0,0,1,1,1,211.0,SAFE_STOP,掉台但六路红外均无值,0,0,1
30.511,520.0,765.0,373.0,944.0,-0.3973,-0.0719,-0.2368,-0.4175,1,0,1,0,0,0,1,1,1,259.0,SAFE_STOP,掉台但六路红外均无值,0,0,1
30.532,520.0,766.0,371.0,942.0,-0.3973,-0.0697,-0.2368,-0.4196,1,0,1,0,0,0,1,1,1,194.0,SAFE_STOP,掉台但六路红外均无值,0,0,1
30.552,520.0,765.0,372.0,943.0,-0.3973,-0.0719,-0.2396,-0.4175,1,0,1,0,0,0,1,1,1,195.0,SAFE_STOP,掉台但六路红外均无值,0,0,1
30.572,521.0,766.0,372.0,944.0,-0.3973,-0.0697,-0.2396,-0.4175,1,0,1,0,0,0,1,1,1,259.0,SAFE_STOP,掉台但六路红外均无值,0,0,1
30.592,520.0,765.0,372.0,942.0,-0.3973,-0.0719,-0.2396,-0.4175,1,0,1,0,0,0,1,1,1,277.0,SAFE_STOP,掉台但六路红外均无值,0,0,1
30.612,520.0,766.0,372.0,943.0,-0.3973,-0.0697,-0.2396,-0.4175,1,0,1,0,0,0,1,1,1,293.0,SAFE_STOP,掉台但六路红外均无值,0,0,1
30.632,521.0,766.0,373.0,944.0,-0.3973,-0.0697,-0.2396,-0.4175,1,0,1,0,0,0,1,1,1,244.0,SAFE_STOP,掉台但六路红外均无值,0,0,1
30.653,518.0,762.0,370.0,939.0,-0.3973,-0.0697,-0.2396,-0.4175,1,0,1,0,0,0,1,1,1,166.0,SAFE_STOP,掉台但六路红外均无值,0,0,1
30.673,520.0,766.0,371.0,942.0,-0.3973,-0.0697,-0.2423,-0.4196,1,0,1,0,0,0,1,1,1,194.0,SAFE_STOP,掉台但六路红外均无值,0,0,1
30.694,520.0,766.0,372.0,944.0,-0.3973,-0.0697,-0.2423,-0.4196,1,0,1,0,0,0,1,1,1,210.0,SAFE_STOP,掉台但六路红外均无值,0,0,1
30.714,520.0,764.0,372.0,942.0,-0.3973,-0.0697,-0.2396,-0.4196,1,0,1,0,0,0,1,1,1,213.0,SAFE_STOP,掉台但六路红外均无值,0,0,1
30.734,520.0,764.0,372.0,942.0,-0.3973,-0.0741,-0.2396,-0.4196,1,0,1,0,0,0,1,1,1,228.0,SAFE_STOP,掉台但六路红外均无值,0,0,1
30.754,519.0,764.0,372.0,941.0,-0.3973,-0.0741,-0.2396,-0.4196,1,0,1,0,0,0,1,1,1,141.0,SAFE_STOP,掉台但六路红外均无值,0,0,1
30.774,520.0,764.0,372.0,942.0,-0.3973,-0.0741,-0.2396,-0.4196,1,0,1,0,0,0,1,1,1,193.0,SAFE_STOP,掉台但六路红外均无值,0,0,1
30.794,520.0,766.0,372.0,943.0,-0.3973,-0.0741,-0.2396,-0.4196,1,0,1,0,0,0,1,1,1,260.0,SAFE_STOP,掉台但六路红外均无值,0,0,1
30.814,519.0,766.0,373.0,943.0,-0.3973,-0.0697,-0.2396,-0.4175,1,0,1,0,0,0,1,1,1,228.0,SAFE_STOP,掉台但六路红外均无值,0,0,1
30.834,519.0,766.0,373.0,943.0,-0.4,-0.0697,-0.2368,-0.4175,1,0,1,0,0,0,1,1,1,228.0,SAFE_STOP,掉台但六路红外均无值,0,0,1
30.854,521.0,765.0,373.0,944.0,-0.4,-0.0697,-0.2368,-0.4175,1,0,1,0,0,0,1,1,1,308.0,SAFE_STOP,掉台但六路红外均无值,0,0,1
30.875,519.0,765.0,372.0,942.0,-0.4,-0.0719,-0.2368,-0.4175,1,0,1,0,0,0,1,1,1,178.0,SAFE_STOP,掉台但六路红外均无值,0,0,1
30.896,520.0,764.0,371.0,940.0,-0.3973,-0.0719,-0.2396,-0.4196,1,0,1,0,0,0,1,1,1,210.0,SAFE_STOP,掉台但六路红外均无值,0,0,1
30.916,520.0,765.0,372.0,943.0,-0.3973,-0.0719,-0.2396,-0.4196,1,0,1,0,0,0,1,1,1,242.0,SAFE_STOP,掉台但六路红外均无值,0,0,1
30.936,519.0,764.0,372.0,941.0,-0.3973,-0.0741,-0.2396,-0.4217,1,0,1,0,0,0,1,1,1,202.0,SAFE_STOP,掉台但六路红外均无值,0,0,1
30.956,518.0,763.0,372.0,941.0,-0.4,-0.0741,-0.2396,-0.4217,1,0,1,0,0,0,1,1,1,178.0,SAFE_STOP,掉台但六路红外均无值,0,0,1
30.976,518.0,763.0,371.0,941.0,-0.4027,-0.0763,-0.2396,-0.4217,1,0,1,0,0,0,1,1,1,189.0,SAFE_STOP,掉台但六路红外均无值,0,0,1
30.996,518.0,761.0,371.0,940.0,-0.4027,-0.0763,-0.2423,-0.4217,1,0,1,0,0,0,1,1,1,242.0,SAFE_STOP,掉台但六路红外均无值,0,0,1
31.016,519.0,763.0,371.0,940.0,-0.4027,-0.0763,-0.2423,-0.4238,1,0,1,0,0,0,1,1,1,257.0,SAFE_STOP,掉台但六路红外均无值,0,0,1
31.036,519.0,764.0,371.0,941.0,-0.4,-0.0763,-0.2423,-0.4238,1,0,1,0,0,0,1,1,1,227.0,SAFE_STOP,掉台但六路红外均无值,0,0,1
31.057,519.0,764.0,370.0,940.0,-0.4,-0.0741,-0.2423,-0.4238,1,0,1,0,0,0,1,1,1,212.0,SAFE_STOP,掉台但六路红外均无值,0,0,1
31.077,519.0,764.0,371.0,941.0,-0.4,-0.0741,-0.2423,-0.4217,1,0,1,0,0,0,1,1,1,170.0,SAFE_STOP,掉台但六路红外均无值,0,0,1
31.097,518.0,762.0,370.0,940.0,-0.4,-0.0741,-0.2451,-0.4238,1,0,1,0,0,0,1,1,1,161.0,SAFE_STOP,掉台但六路红外均无值,0,0,1
31.117,518.0,762.0,372.0,940.0,-0.4027,-0.0784,-0.2423,-0.4238,1,0,1,0,0,0,1,1,1,244.0,SAFE_STOP,掉台但六路红外均无值,0,0,1
31.137,520.0,764.0,371.0,941.0,-0.4027,-0.0784,-0.2423,-0.4238,1,0,1,0,0,0,1,1,1,282.0,SAFE_STOP,掉台但六路红外均无值,0,0,1
31.157,518.0,763.0,370.0,941.0,-0.4027,-0.0763,-0.2423,-0.4217,1,0,1,0,0,0,1,1,1,194.0,SAFE_STOP,掉台但六路红外均无值,0,0,1
31.178,518.0,763.0,370.0,941.0,-0.4027,-0.0763,-0.2451,-0.4217,1,0,1,0,0,0,1,1,1,210.0,SAFE_STOP,掉台但六路红外均无值,0,0,1
31.198,519.0,763.0,370.0,940.0,-0.4027,-0.0763,-0.2451,-0.4217,1,0,1,0,0,0,1,1,1,211.0,SAFE_STOP,掉台但六路红外均无值,0,0,1
31.218,519.0,764.0,371.0,940.0,-0.4,-0.0763,-0.2451,-0.4238,1,0,1,0,0,0,1,1,1,227.0,SAFE_STOP,掉台但六路红外均无值,0,0,1
31.238,519.0,765.0,373.0,944.0,-0.4,-0.0741,-0.2423,-0.4238,1,0,1,0,0,0,1,1,1,228.0,SAFE_STOP,掉台但六路红外均无值,0,0,1
31.258,518.0,764.0,371.0,940.0,-0.4,-0.0741,-0.2423,-0.4238,1,0,1,0,0,0,1,1,1,194.0,SAFE_STOP,掉台但六路红外均无值,0,0,1
31.278,518.0,763.0,371.0,939.0,-0.4027,-0.0741,-0.2423,-0.4238,1,0,1,0,0,0,1,1,1,209.0,SAFE_STOP,掉台但六路红外均无值,0,0,1
31.298,519.0,763.0,370.0,940.0,-0.4027,-0.0763,-0.2423,-0.4238,1,0,1,0,0,0,1,1,1,211.0,SAFE_STOP,掉台但六路红外均无值,0,0,1
31.318,518.0,763.0,371.0,941.0,-0.4027,-0.0763,-0.2423,-0.4238,1,0,1,0,0,0,1,1,1,298.0,SAFE_STOP,掉台但六路红外均无值,0,0,1
31.338,518.0,763.0,371.0,941.0,-0.4027,-0.0763,-0.2423,-0.4217,1,0,1,0,0,0,1,1,1,298.0,SAFE_STOP,掉台但六路红外均无值,0,0,1
31.359,519.0,763.0,371.0,941.0,-0.4027,-0.0763,-0.2423,-0.4217,1,0,1,0,0,0,1,1,1,251.0,SAFE_STOP,掉台但六路红外均无值,0,0,1
31.379,517.0,762.0,370.0,939.0,-0.4027,-0.0763,-0.2423,-0.4217,1,0,1,0,0,0,1,1,1,209.0,SAFE_STOP,掉台但六路红外均无值,0,0,1
31.399,520.0,765.0,372.0,943.0,-0.4,-0.0763,-0.2423,-0.4217,1,0,1,0,0,0,1,1,1,194.0,SAFE_STOP,掉台但六路红外均无值,0,0,1
31.419,519.0,764.0,372.0,942.0,-0.4,-0.0741,-0.2396,-0.4196,1,0,1,0,0,0,1,1,1,195.0,SAFE_STOP,掉台但六路红外均无值,0,0,1
31.439,519.0,763.0,371.0,941.0,-0.4,-0.0741,-0.2396,-0.4196,1,0,1,0,0,0,1,1,1,210.0,SAFE_STOP,掉台但六路红外均无值,0,0,1
31.459,518.0,762.0,371.0,939.0,-0.4,-0.0763,-0.2423,-0.4217,1,0,1,0,0,0,1,1,1,242.0,SAFE_STOP,掉台但六路红外均无值,0,0,1
31.479,519.0,764.0,372.0,944.0,-0.4,-0.0763,-0.2423,-0.4217,1,0,1,0,0,0,1,1,1,195.0,SAFE_STOP,掉台但六路红外均无值,0,0,1
31.499,520.0,766.0,373.0,944.0,-0.4,-0.0741,-0.2396,-0.4154,1,0,1,0,0,0,1,1,1,195.0,SAFE_STOP,掉台但六路红外均无值,0,0,1
31.519,519.0,764.0,372.0,942.0,-0.4,-0.0741,-0.2396,-0.4154,1,0,1,0,0,0,1,1,1,188.0,SAFE_STOP,掉台但六路红外均无值,0,0,1
31.54,520.0,765.0,372.0,944.0,-0.3973,-0.0719,-0.2396,-0.4154,1,0,1,0,0,0,1,1,1,226.0,SAFE_STOP,掉台但六路红外均无值,0,0,1
31.56,520.0,765.0,373.0,944.0,-0.3973,-0.0719,-0.2396,-0.4154,1,0,1,0,0,0,1,1,1,293.0,SAFE_STOP,掉台但六路红外均无值,0,0,1
31.58,520.0,767.0,372.0,942.0,-0.3973,-0.0719,-0.2396,-0.4154,1,0,1,0,0,0,1,1,1,259.0,SAFE_STOP,掉台但六路红外均无值,0,0,1
31.6,520.0,764.0,372.0,942.0,-0.3973,-0.0719,-0.2396,-0.4196,1,0,1,0,0,0,1,1,1,166.0,SAFE_STOP,掉台但六路红外均无值,0,0,1
31.62,521.0,765.0,372.0,942.0,-0.3973,-0.0719,-0.2396,-0.4196,1,0,1,0,0,0,1,1,1,195.0,SAFE_STOP,掉台但六路红外均无值,0,0,1
31.64,520.0,766.0,373.0,944.0,-0.3973,-0.0719,-0.2396,-0.4196,1,0,1,0,0,0,1,1,1,211.0,SAFE_STOP,掉台但六路红外均无值,0,0,1
31.66,520.0,765.0,372.0,944.0,-0.3973,-0.0719,-0.2396,-0.4154,1,0,1,0,0,0,1,1,1,242.0,SAFE_STOP,掉台但六路红外均无值,0,0,1
31.68,520.0,765.0,371.0,942.0,-0.3973,-0.0719,-0.2396,-0.4154,1,0,1,0,0,0,1,1,1,259.0,SAFE_STOP,掉台但六路红外均无值,0,0,1
31.7,520.0,765.0,372.0,944.0,-0.3973,-0.0719,-0.2396,-0.4154,1,0,1,0,0,0,1,1,1,212.0,SAFE_STOP,掉台但六路红外均无值,0,0,1
31.72,520.0,764.0,371.0,941.0,-0.3973,-0.0719,-0.2423,-0.4196,1,0,1,0,0,0,1,1,1,209.0,SAFE_STOP,掉台但六路红外均无值,0,0,1
31.74,519.0,766.0,372.0,944.0,-0.3973,-0.0719,-0.2396,-0.4154,1,0,1,0,0,0,1,1,1,243.0,SAFE_STOP,掉台但六路红外均无值,0,0,1
31.761,519.0,765.0,372.0,942.0,-0.4,-0.0719,-0.2396,-0.4196,1,0,1,0,0,0,1,1,1,194.0,SAFE_STOP,掉台但六路红外均无值,0,0,1
31.781,519.0,764.0,372.0,941.0,-0.4,-0.0719,-0.2396,-0.4196,1,0,1,0,0,0,1,1,1,193.0,SAFE_STOP,掉台但六路红外均无值,0,0,1
31.801,520.0,765.0,372.0,944.0,-0.4,-0.0719,-0.2396,-0.4196,1,0,1,0,0,0,1,1,1,228.0,SAFE_STOP,掉台但六路红外均无值,0,0,1
31.821,521.0,766.0,373.0,944.0,-0.3973,-0.0719,-0.2396,-0.4154,1,0,1,0,0,0,1,1,1,161.0,SAFE_STOP,掉台但六路红外均无值,0,0,1
31.841,520.0,766.0,372.0,944.0,-0.3973,-0.0697,-0.2396,-0.4154,1,0,1,0,0,0,1,1,1,193.0,SAFE_STOP,掉台但六路红外均无值,0,0,1
31.861,520.0,766.0,372.0,944.0,-0.3973,-0.0697,-0.2396,-0.4154,1,0,1,0,0,0,1,1,1,228.0,SAFE_STOP,掉台但六路红外均无值,0,0,1
31.881,520.0,765.0,372.0,944.0,-0.3973,-0.0697,-0.2396,-0.4154,1,0,1,0,0,0,1,1,1,201.0,SAFE_STOP,掉台但六路红外均无值,0,0,1
31.901,520.0,765.0,373.0,943.0,-0.3973,-0.0719,-0.2396,-0.4154,1,0,1,0,0,0,1,1,1,210.0,SAFE_STOP,掉台但六路红外均无值,0,0,1
31.921,520.0,765.0,373.0,944.0,-0.3973,-0.0719,-0.2368,-0.4154,1,0,1,0,0,0,1,1,1,243.0,SAFE_STOP,掉台但六路红外均无值,0,0,1
31.941,521.0,766.0,373.0,944.0,-0.3973,-0.0719,-0.2368,-0.4154,1,0,1,0,0,0,1,1,1,260.0,SAFE_STOP,掉台但六路红外均无值,0,0,1
31.961,521.0,766.0,373.0,944.0,-0.3946,-0.0697,-0.2368,-0.4154,1,0,1,0,0,0,1,1,1,260.0,SAFE_STOP,掉台但六路红外均无值,0,0,1
31.981,520.0,765.0,372.0,942.0,-0.3946,-0.0697,-0.2368,-0.4154,1,0,1,0,0,0,1,1,1,243.0,SAFE_STOP,掉台但六路红外均无值,0,0,1
32.002,520.0,764.0,372.0,942.0,-0.3973,-0.0719,-0.2396,-0.4196,1,0,1,0,0,0,1,1,1,242.0,SAFE_STOP,掉台但六路红外均无值,0,0,1
32.022,521.0,767.0,372.0,944.0,-0.3973,-0.0719,-0.2396,-0.4196,1,0,1,0,0,0,1,1,1,161.0,SAFE_STOP,掉台但六路红外均无值,0,0,1
32.042,518.0,764.0,371.0,941.0,-0.3973,-0.0741,-0.2396,-0.4196,1,0,1,0,0,0,1,1,1,243.0,SAFE_STOP,掉台但六路红外均无值,0,0,1
32.062,520.0,766.0,372.0,943.0,-0.3973,-0.0697,-0.2396,-0.4175,1,0,1,0,0,0,1,1,1,244.0,SAFE_STOP,掉台但六路红外均无值,0,0,1
32.082,519.0,765.0,372.0,942.0,-0.4,-0.0719,-0.2396,-0.4196,1,0,1,0,0,0,1,1,1,259.0,SAFE_STOP,掉台但六路红外均无值,0,0,1
32.102,519.0,763.0,371.0,941.0,-0.4,-0.0719,-0.2396,-0.4196,1,0,1,0,0,0,1,1,1,227.0,SAFE_STOP,掉台但六路红外均无值,0,0,1
32.122,520.0,765.0,372.0,942.0,-0.4,-0.0719,-0.2396,-0.4196,1,0,1,0,0,0,1,1,1,194.0,SAFE_STOP,掉台但六路红外均无值,0,0,1
32.142,519.0,764.0,372.0,942.0,-0.4,-0.0741,-0.2396,-0.4196,1,0,1,0,0,0,1,1,1,193.0,SAFE_STOP,掉台但六路红外均无值,0,0,1
32.162,520.0,764.0,372.0,942.0,-0.3973,-0.0741,-0.2396,-0.4196,1,0,1,0,0,0,1,1,1,226.0,SAFE_STOP,掉台但六路红外均无值,0,0,1
32.182,520.0,766.0,372.0,943.0,-0.3973,-0.0741,-0.2396,-0.4196,1,0,1,0,0,0,1,1,1,212.0,SAFE_STOP,掉台但六路红外均无值,0,0,1
32.203,521.0,765.0,373.0,943.0,-0.3973,-0.0719,-0.2396,-0.4175,1,0,1,0,0,0,1,1,1,194.0,SAFE_STOP,掉台但六路红外均无值,0,0,1
32.223,521.0,766.0,373.0,944.0,-0.3946,-0.0697,-0.2368,-0.4175,1,0,1,0,0,0,1,1,1,218.0,SAFE_STOP,掉台但六路红外均无值,0,0,1
32.243,519.0,765.0,372.0,942.0,-0.3946,-0.0719,-0.2368,-0.4175,1,0,1,0,0,0,1,1,1,194.0,SAFE_STOP,掉台但六路红外均无值,0,0,1
32.263,518.0,762.0,371.0,940.0,-0.4,-0.0719,-0.2396,-0.4196,1,0,1,0,0,0,1,1,1,313.0,SAFE_STOP,掉台但六路红外均无值,0,0,1
32.283,520.0,766.0,372.0,943.0,-0.4,-0.0719,-0.2396,-0.4196,1,0,1,0,0,0,1,1,1,227.0,SAFE_STOP,掉台但六路红外均无值,0,0,1
32.303,520.0,766.0,372.0,940.0,-0.3973,-0.0697,-0.2396,-0.4238,1,0,1,0,0,0,1,1,1,161.0,SAFE_STOP,掉台但六路红外均无值,0,0,1
32.323,520.0,765.0,373.0,942.0,-0.3973,-0.0697,-0.2396,-0.4196,1,0,1,0,0,0,1,1,1,242.0,SAFE_STOP,掉台但六路红外均无值,0,0,1
32.343,520.0,766.0,373.0,942.0,-0.3973,-0.0697,-0.2368,-0.4196,1,0,1,0,0,0,1,1,1,194.0,SAFE_STOP,掉台但六路红外均无值,0,0,1
32.363,520.0,765.0,372.0,942.0,-0.3973,-0.0719,-0.2368,-0.4196,1,0,1,0,0,0,1,1,1,258.0,SAFE_STOP,掉台但六路红外均无值,0,0,1
32.383,520.0,766.0,372.0,943.0,-0.3973,-0.0697,-0.2396,-0.4196,1,0,1,0,0,0,1,1,1,228.0,SAFE_STOP,掉台但六路红外均无值,0,0,1
32.404,520.0,765.0,372.0,942.0,-0.3973,-0.0719,-0.2396,-0.4196,1,0,1,0,0,0,1,1,1,195.0,SAFE_STOP,掉台但六路红外均无值,0,0,1
32.424,520.0,765.0,373.0,944.0,-0.3973,-0.0719,-0.2396,-0.4175,1,0,1,0,0,0,1,1,1,195.0,SAFE_STOP,掉台但六路红外均无值,0,0,1
32.444,519.0,765.0,372.0,942.0,-0.3973,-0.0719,-0.2396,-0.4196,1,0,1,0,0,0,1,1,1,211.0,SAFE_STOP,掉台但六路红外均无值,0,0,1
32.464,521.0,768.0,373.0,944.0,-0.3973,-0.0719,-0.2368,-0.4154,1,0,1,0,0,0,1,1,1,275.0,SAFE_STOP,掉台但六路红外均无值,0,0,1
32.484,520.0,764.0,372.0,943.0,-0.3973,-0.0719,-0.2396,-0.4175,1,0,1,0,0,0,1,1,1,340.0,SAFE_STOP,掉台但六路红外均无值,0,0,1
32.504,520.0,764.0,372.0,943.0,-0.3973,-0.0741,-0.2396,-0.4175,1,0,1,0,0,0,1,1,1,340.0,SAFE_STOP,掉台但六路红外均无值,0,0,1
32.524,520.0,764.0,371.0,941.0,-0.3973,-0.0741,-0.2396,-0.4175,1,0,1,0,0,0,1,1,1,185.0,SAFE_STOP,掉台但六路红外均无值,0,0,1
32.544,519.0,765.0,372.0,942.0,-0.3973,-0.0741,-0.2396,-0.4196,1,0,1,0,0,0,1,1,1,194.0,SAFE_STOP,掉台但六路红外均无值,0,0,1
32.564,520.0,764.0,372.0,944.0,-0.3973,-0.0741,-0.2396,-0.4196,1,0,1,0,0,0,1,1,1,211.0,SAFE_STOP,掉台但六路红外均无值,0,0,1
32.585,519.0,765.0,372.0,942.0,-0.4,-0.0719,-0.2396,-0.4196,1,0,1,0,0,0,1,1,1,211.0,SAFE_STOP,掉台但六路红外均无值,0,0,1
32.605,520.0,766.0,373.0,942.0,-0.3973,-0.0719,-0.2396,-0.4196,1,0,1,0,0,0,1,1,1,223.0,SAFE_STOP,掉台但六路红外均无值,0,0,1
32.625,521.0,766.0,372.0,944.0,-0.3973,-0.0697,-0.2396,-0.4196,1,0,1,0,0,0,1,1,1,211.0,SAFE_STOP,掉台但六路红外均无值,0,0,1
32.645,520.0,766.0,372.0,943.0,-0.3973,-0.0697,-0.2396,-0.4175,1,0,1,0,0,0,1,1,1,211.0,SAFE_STOP,掉台但六路红外均无值,0,0,1
32.665,520.0,766.0,373.0,944.0,-0.3973,-0.0697,-0.2396,-0.4154,1,0,1,0,0,0,1,1,1,211.0,SAFE_STOP,掉台但六路红外均无值,0,0,1
32.685,520.0,765.0,372.0,942.0,-0.3973,-0.0697,-0.2396,-0.4175,1,0,1,0,0,0,1,1,1,244.0,SAFE_STOP,掉台但六路红外均无值,0,0,1
32.705,520.0,765.0,372.0,944.0,-0.3973,-0.0719,-0.2396,-0.4154,1,0,1,0,0,0,1,1,1,243.0,SAFE_STOP,掉台但六路红外均无值,0,0,1
32.725,521.0,766.0,372.0,944.0,-0.3973,-0.0719,-0.2396,-0.4154,1,0,1,0,0,0,1,1,1,228.0,SAFE_STOP,掉台但六路红外均无值,0,0,1
32.746,520.0,764.0,372.0,942.0,-0.3973,-0.0719,-0.2396,-0.4154,1,0,1,0,0,0,1,1,1,218.0,SAFE_STOP,掉台但六路红外均无值,0,0,1
32.766,519.0,766.0,372.0,942.0,-0.3973,-0.0697,-0.2396,-0.4196,1,0,1,0,0,0,1,1,1,230.0,SAFE_STOP,掉台但六路红外均无值,0,0,1
32.786,520.0,766.0,373.0,944.0,-0.3973,-0.0697,-0.2396,-0.4196,1,0,1,0,0,0,1,1,1,211.0,SAFE_STOP,掉台但六路红外均无值,0,0,1
32.806,520.0,764.0,372.0,943.0,-0.3973,-0.0697,-0.2396,-0.4175,1,0,1,0,0,0,1,1,1,227.0,SAFE_STOP,掉台但六路红外均无值,0,0,1
32.826,521.0,765.0,372.0,942.0,-0.3973,-0.0719,-0.2396,-0.4175,1,0,1,0,0,0,1,1,1,194.0,SAFE_STOP,掉台但六路红外均无值,0,0,1
32.846,521.0,766.0,374.0,944.0,-0.3946,-0.0719,-0.2396,-0.4175,1,0,1,0,0,0,1,1,1,244.0,SAFE_STOP,掉台但六路红外均无值,0,0,1
32.866,520.0,764.0,371.0,940.0,-0.3946,-0.0719,-0.2396,-0.4196,1,0,1,0,0,0,1,1,1,195.0,SAFE_STOP,掉台但六路红外均无值,0,0,1
32.886,520.0,766.0,372.0,944.0,-0.3973,-0.0697,-0.2396,-0.4154,1,0,1,0,0,0,1,1,1,243.0,SAFE_STOP,掉台但六路红外均无值,0,0,1
32.907,520.0,766.0,373.0,944.0,-0.3973,-0.0697,-0.2396,-0.4154,1,0,1,0,0,0,1,1,1,195.0,SAFE_STOP,掉台但六路红外均无值,0,0,1
32.927,520.0,766.0,373.0,944.0,-0.3973,-0.0697,-0.2368,-0.4154,1,0,1,0,0,0,1,1,1,195.0,SAFE_STOP,掉台但六路红外均无值,0,0,1
32.947,520.0,766.0,373.0,943.0,-0.3973,-0.0697,-0.2368,-0.4154,1,0,1,0,0,0,1,1,1,160.0,SAFE_STOP,掉台但六路红外均无值,0,0,1
32.967,520.0,765.0,373.0,944.0,-0.3973,-0.0697,-0.2368,-0.4154,1,0,1,0,0,0,1,1,1,209.0,SAFE_STOP,掉台但六路红外均无值,0,0,1
32.987,520.0,766.0,372.0,943.0,-0.3973,-0.0697,-0.2368,-0.4175,1,0,1,0,0,0,1,1,1,243.0,SAFE_STOP,掉台但六路红外均无值,0,0,1
33.007,520.0,766.0,372.0,942.0,-0.3973,-0.0697,-0.2396,-0.4175,1,0,1,0,0,0,1,1,1,260.0,SAFE_STOP,掉台但六路红外均无值,0,0,1
33.027,520.0,764.0,372.0,942.0,-0.3973,-0.0697,-0.2396,-0.4196,1,0,1,0,0,0,1,1,1,228.0,SAFE_STOP,掉台但六路红外均无值,0,0,1
33.047,520.0,765.0,372.0,943.0,-0.3973,-0.0719,-0.2396,-0.4196,1,0,1,0,0,0,1,1,1,229.0,SAFE_STOP,掉台但六路红外均无值,0,0,1
33.068,521.0,765.0,372.0,944.0,-0.3973,-0.0719,-0.2396,-0.4175,1,0,1,0,0,0,1,1,1,211.0,SAFE_STOP,掉台但六路红外均无值,0,0,1
33.088,519.0,765.0,372.0,942.0,-0.3973,-0.0719,-0.2396,-0.4175,1,0,1,0,0,0,1,1,1,244.0,SAFE_STOP,掉台但六路红外均无值,0,0,1
33.108,520.0,766.0,373.0,944.0,-0.3973,-0.0719,-0.2396,-0.4154,1,0,1,0,0,0,1,1,1,242.0,SAFE_STOP,掉台但六路红外均无值,0,0,1
33.128,521.0,766.0,372.0,943.0,-0.3973,-0.0697,-0.2396,-0.4175,1,0,1,0,0,0,1,1,1,178.0,SAFE_STOP,掉台但六路红外均无值,0,0,1
33.148,521.0,766.0,373.0,944.0,-0.3946,-0.0697,-0.2368,-0.4154,1,0,1,0,0,0,1,1,1,226.0,SAFE_STOP,掉台但六路红外均无值,0,0,1
33.168,521.0,764.0,373.0,944.0,-0.3946,-0.0697,-0.2368,-0.4154,1,0,1,0,0,0,1,1,1,212.0,SAFE_STOP,掉台但六路红外均无值,0,0,1
33.188,520.0,766.0,373.0,943.0,-0.3946,-0.0697,-0.2368,-0.4154,1,0,1,0,0,0,1,1,1,293.0,SAFE_STOP,掉台但六路红外均无值,0,0,1
33.209,520.0,764.0,373.0,943.0,-0.3973,-0.0741,-0.2368,-0.4175,1,0,1,0,0,0,1,1,1,194.0,SAFE_STOP,掉台但六路红外均无值,0,0,1
33.23,520.0,766.0,373.0,942.0,-0.3973,-0.0697,-0.2368,-0.4175,1,0,1,0,0,0,1,1,1,194.0,SAFE_STOP,掉台但六路红外均无值,0,0,1
33.25,520.0,764.0,372.0,943.0,-0.3973,-0.0741,-0.2368,-0.4175,1,0,1,0,0,0,1,1,1,210.0,SAFE_STOP,掉台但六路红外均无值,0,0,1
33.27,520.0,765.0,372.0,943.0,-0.3973,-0.0719,-0.2396,-0.4175,1,0,1,0,0,0,1,1,1,209.0,SAFE_STOP,掉台但六路红外均无值,0,0,1
33.29,521.0,766.0,373.0,944.0,-0.3973,-0.0719,-0.2396,-0.4175,1,0,1,0,0,0,1,1,1,244.0,SAFE_STOP,掉台但六路红外均无值,0,0,1
33.31,521.0,766.0,373.0,944.0,-0.3946,-0.0697,-0.2368,-0.4154,1,0,1,0,0,0,1,1,1,244.0,SAFE_STOP,掉台但六路红外均无值,0,0,1
33.331,521.0,766.0,372.0,943.0,-0.3946,-0.0697,-0.2368,-0.4154,1,0,1,0,0,0,1,1,1,243.0,SAFE_STOP,掉台但六路红外均无值,0,0,1
33.351,520.0,765.0,372.0,943.0,-0.3946,-0.0697,-0.2396,-0.4175,1,0,1,0,0,0,1,1,1,212.0,SAFE_STOP,掉台但六路红外均无值,0,0,1
33.371,522.0,765.0,374.0,944.0,-0.3946,-0.0719,-0.2396,-0.4175,1,0,1,0,0,0,1,1,1,208.0,SAFE_STOP,掉台但六路红外均无值,0,0,1
33.391,520.0,765.0,372.0,943.0,-0.3973,-0.0719,-0.2396,-0.4175,1,0,1,0,0,0,1,1,1,202.0,SAFE_STOP,掉台但六路红外均无值,0,0,1
33.411,519.0,765.0,371.0,942.0,-0.3973,-0.0719,-0.2396,-0.4175,1,0,1,0,0,0,1,1,1,290.0,SAFE_STOP,掉台但六路红外均无值,0,0,1
33.431,520.0,766.0,373.0,944.0,-0.3973,-0.0719,-0.2396,-0.4175,1,0,1,0,0,0,1,1,1,259.0,SAFE_STOP,掉台但六路红外均无值,0,0,1
33.451,520.0,765.0,372.0,943.0,-0.3973,-0.0719,-0.2396,-0.4175,1,0,1,0,0,0,1,1,1,129.0,SAFE_STOP,掉台但六路红外均无值,0,0,1
33.471,520.0,765.0,370.0,940.0,-0.3973,-0.0719,-0.2396,-0.4175,1,0,1,0,0,0,1,1,1,211.0,SAFE_STOP,掉台但六路红外均无值,0,0,1
33.491,520.0,765.0,372.0,943.0,-0.3973,-0.0719,-0.2396,-0.4175,1,0,1,0,0,0,1,1,1,259.0,SAFE_STOP,掉台但六路红外均无值,0,0,1
33.512,520.0,765.0,371.0,941.0,-0.3973,-0.0719,-0.2423,-0.4217,1,0,1,0,0,0,1,1,1,228.0,SAFE_STOP,掉台但六路红外均无值,0,0,1
33.532,519.0,764.0,372.0,942.0,-0.3973,-0.0719,-0.2396,-0.4196,1,0,1,0,0,0,1,1,1,243.0,SAFE_STOP,掉台但六路红外均无值,0,0,1
33.552,520.0,765.0,374.0,943.0,-0.3973,-0.0719,-0.2396,-0.4196,1,0,1,0,0,0,1,1,1,227.0,SAFE_STOP,掉台但六路红外均无值,0,0,1
33.572,520.0,765.0,373.0,944.0,-0.3973,-0.0719,-0.2368,-0.4175,1,0,1,0,0,0,1,1,1,215.0,SAFE_STOP,掉台但六路红外均无值,0,0,1
33.592,520.0,765.0,372.0,943.0,-0.3973,-0.0719,-0.2368,-0.4175,1,0,1,0,0,0,1,1,1,216.0,SAFE_STOP,掉台但六路红外均无值,0,0,1
33.612,520.0,765.0,373.0,943.0,-0.3973,-0.0719,-0.2368,-0.4175,1,0,1,0,0,0,1,1,1,244.0,SAFE_STOP,掉台但六路红外均无值,0,0,1
33.632,519.0,764.0,372.0,941.0,-0.3973,-0.0719,-0.2396,-0.4175,1,0,1,0,0,0,1,1,1,194.0,SAFE_STOP,掉台但六路红外均无值,0,0,1
33.652,520.0,765.0,372.0,943.0,-0.3973,-0.0719,-0.2396,-0.4175,1,0,1,0,0,0,1,1,1,263.0,SAFE_STOP,掉台但六路红外均无值,0,0,1
33.672,519.0,765.0,372.0,942.0,-0.4,-0.0719,-0.2396,-0.4196,1,0,1,0,0,0,1,1,1,211.0,SAFE_STOP,掉台但六路红外均无值,0,0,1
33.693,521.0,767.0,373.0,944.0,-0.3973,-0.0719,-0.2396,-0.4175,1,0,1,0,0,0,1,1,1,259.0,SAFE_STOP,掉台但六路红外均无值,0,0,1
33.713,521.0,767.0,373.0,944.0,-0.3946,-0.0675,-0.2368,-0.4154,1,0,1,0,0,0,1,1,1,259.0,SAFE_STOP,掉台但六路红外均无值,0,0,1
33.733,521.0,766.0,373.0,944.0,-0.3946,-0.0675,-0.2368,-0.4154,1,0,1,0,0,0,1,1,1,227.0,SAFE_STOP,掉台但六路红外均无值,0,0,1
33.754,520.0,764.0,372.0,941.0,-0.3946,-0.0697,-0.2368,-0.4154,1,0,1,0,0,0,1,1,1,207.0,SAFE_STOP,掉台但六路红外均无值,0,0,1
33.774,520.0,765.0,372.0,942.0,-0.3973,-0.0719,-0.2396,-0.4196,1,0,1,0,0,0,1,1,1,227.0,SAFE_STOP,掉台但六路红外均无值,0,0,1
33.794,520.0,764.0,371.0,942.0,-0.3973,-0.0741,-0.2396,-0.4196,1,0,1,0,0,0,1,1,1,229.0,SAFE_STOP,掉台但六路红外均无值,0,0,1
33.814,518.0,764.0,371.0,941.0,-0.3973,-0.0741,-0.2423,-0.4196,1,0,1,0,0,0,1,1,1,259.0,SAFE_STOP,掉台但六路红外均无值,0,0,1
33.834,521.0,766.0,373.0,944.0,-0.3973,-0.0741,-0.2423,-0.4196,1,0,1,0,0,0,1,1,1,244.0,SAFE_STOP,掉台但六路红外均无值,0,0,1
33.854,520.0,767.0,373.0,944.0,-0.3973,-0.0697,-0.2368,-0.4154,1,0,1,0,0,0,1,1,1,194.0,SAFE_STOP,掉台但六路红外均无值,0,0,1
33.874,519.0,764.0,372.0,943.0,-0.3973,-0.0697,-0.2368,-0.4154,1,0,1,0,0,0,1,1,1,212.0,SAFE_STOP,掉台但六路红外均无值,0,0,1
33.895,520.0,766.0,373.0,944.0,-0.3973,-0.0697,-0.2368,-0.4154,1,0,1,0,0,0,1,1,1,209.0,SAFE_STOP,掉台但六路红外均无值,0,0,1
33.915,521.0,767.0,373.0,944.0,-0.3973,-0.0697,-0.2368,-0.4154,1,0,1,0,0,0,1,1,1,229.0,SAFE_STOP,掉台但六路红外均无值,0,0,1
33.935,520.0,765.0,372.0,943.0,-0.3973,-0.0697,-0.2368,-0.4154,1,0,1,0,0,0,1,1,1,275.0,SAFE_STOP,掉台但六路红外均无值,0,0,1
33.955,521.0,765.0,373.0,944.0,-0.3946,-0.0719,-0.2368,-0.4154,1,0,1,0,0,0,1,1,1,193.0,SAFE_STOP,掉台但六路红外均无值,0,0,1
33.975,519.0,764.0,372.0,942.0,-0.3973,-0.0719,-0.2396,-0.4175,1,0,1,0,0,0,1,1,1,215.0,SAFE_STOP,掉台但六路红外均无值,0,0,1
33.995,520.0,765.0,372.0,944.0,-0.3973,-0.0719,-0.2396,-0.4154,1,0,1,0,0,0,1,1,1,210.0,SAFE_STOP,掉台但六路红外均无值,0,0,1
34.015,520.0,766.0,372.0,942.0,-0.3973,-0.0719,-0.2396,-0.4196,1,0,1,0,0,0,1,1,1,227.0,SAFE_STOP,掉台但六路红外均无值,0,0,1
34.035,520.0,765.0,372.0,942.0,-0.3973,-0.0719,-0.2396,-0.4196,1,0,1,0,0,0,1,1,1,232.0,SAFE_STOP,掉台但六路红外均无值,0,0,1
34.056,520.0,765.0,373.0,942.0,-0.3973,-0.0719,-0.2396,-0.4196,1,0,1,0,0,0,1,1,1,194.0,SAFE_STOP,掉台但六路红外均无值,0,0,1
34.076,521.0,766.0,373.0,944.0,-0.3973,-0.0719,-0.2368,-0.4196,1,0,1,0,0,0,1,1,1,244.0,SAFE_STOP,掉台但六路红外均无值,0,0,1
34.096,521.0,766.0,373.0,944.0,-0.3946,-0.0697,-0.2368,-0.4154,1,0,1,0,0,0,1,1,1,244.0,SAFE_STOP,掉台但六路红外均无值,0,0,1
34.116,521.0,766.0,373.0,944.0,-0.3946,-0.0697,-0.2368,-0.4154,1,0,1,0,0,0,1,1,1,242.0,SAFE_STOP,掉台但六路红外均无值,0,0,1
34.136,519.0,765.0,371.0,941.0,-0.3946,-0.0697,-0.2368,-0.4154,1,0,1,0,0,0,1,1,1,275.0,SAFE_STOP,掉台但六路红外均无值,0,0,1
34.156,521.0,767.0,372.0,944.0,-0.3946,-0.0697,-0.2396,-0.4154,1,0,1,0,0,0,1,1,1,229.0,SAFE_STOP,掉台但六路红外均无值,0,0,1
34.176,520.0,765.0,373.0,942.0,-0.3973,-0.0719,-0.2396,-0.4196,1,0,1,0,0,0,1,1,1,211.0,SAFE_STOP,掉台但六路红外均无值,0,0,1
34.197,520.0,765.0,371.0,942.0,-0.3973,-0.0719,-0.2396,-0.4196,1,0,1,0,0,0,1,1,1,193.0,SAFE_STOP,掉台但六路红外均无值,0,0,1
34.217,520.0,766.0,372.0,944.0,-0.3973,-0.0719,-0.2396,-0.4196,1,0,1,0,0,0,1,1,1,260.0,SAFE_STOP,掉台但六路红外均无值,0,0,1
34.237,520.0,765.0,372.0,942.0,-0.3973,-0.0719,-0.2396,-0.4196,1,0,1,0,0,0,1,1,1,252.0,SAFE_STOP,掉台但六路红外均无值,0,0,1
34.257,518.0,763.0,371.0,939.0,-0.3973,-0.0719,-0.2396,-0.4196,1,0,1,0,0,0,1,1,1,251.0,SAFE_STOP,掉台但六路红外均无值,0,0,1
34.277,522.0,766.0,372.0,944.0,-0.3973,-0.0719,-0.2396,-0.4196,1,0,1,0,0,0,1,1,1,195.0,SAFE_STOP,掉台但六路红外均无值,0,0,1
34.297,520.0,766.0,373.0,944.0,-0.3973,-0.0697,-0.2396,-0.4154,1,0,1,0,0,0,1,1,1,211.0,SAFE_STOP,掉台但六路红外均无值,0,0,1
34.317,521.0,765.0,372.0,944.0,-0.3946,-0.0697,-0.2396,-0.4154,1,0,1,0,0,0,1,1,1,227.0,SAFE_STOP,掉台但六路红外均无值,0,0,1
34.337,521.0,766.0,373.0,944.0,-0.3946,-0.0697,-0.2368,-0.4154,1,0,1,0,0,0,1,1,1,276.0,SAFE_STOP,掉台但六路红外均无值,0,0,1
34.357,521.0,766.0,373.0,945.0,-0.3946,-0.0697,-0.2368,-0.4154,1,0,1,0,0,0,1,1,1,194.0,SAFE_STOP,掉台但六路红外均无值,0,0,1
34.378,519.0,763.0,371.0,941.0,-0.3946,-0.0697,-0.2368,-0.4154,1,0,1,0,0,0,1,1,1,188.0,SAFE_STOP,掉台但六路红外均无值,0,0,1
34.398,520.0,764.0,372.0,942.0,-0.3973,-0.0741,-0.2396,-0.4196,1,0,1,0,0,0,1,1,1,204.0,SAFE_STOP,掉台但六路红外均无值,0,0,1
34.418,521.0,766.0,372.0,943.0,-0.3973,-0.0741,-0.2396,-0.4196,1,0,1,0,0,0,1,1,1,259.0,SAFE_STOP,掉台但六路红外均无值,0,0,1
34.438,521.0,765.0,372.0,943.0,-0.3946,-0.0719,-0.2396,-0.4175,1,0,1,0,0,0,1,1,1,228.0,SAFE_STOP,掉台但六路红外均无值,0,0,1
34.458,520.0,765.0,372.0,944.0,-0.3946,-0.0719,-0.2396,-0.4175,1,0,1,0,0,0,1,1,1,186.0,SAFE_STOP,掉台但六路红外均无值,0,0,1
34.478,520.0,765.0,372.0,944.0,-0.3973,-0.0719,-0.2396,-0.4154,1,0,1,0,0,0,1,1,1,186.0,SAFE_STOP,掉台但六路红外均无值,0,0,1
34.498,521.0,765.0,372.0,943.0,-0.3973,-0.0719,-0.2396,-0.4154,1,0,1,0,0,0,1,1,1,221.0,SAFE_STOP,掉台但六路红外均无值,0,0,1
34.518,521.0,765.0,372.0,943.0,-0.3946,-0.0719,-0.2396,-0.4175,1,0,1,0,0,0,1,1,1,210.0,SAFE_STOP,掉台但六路红外均无值,0,0,1
34.539,520.0,765.0,372.0,942.0,-0.3946,-0.0719,-0.2396,-0.4175,1,0,1,0,0,0,1,1,1,261.0,SAFE_STOP,掉台但六路红外均无值,0,0,1
34.559,520.0,765.0,372.0,944.0,-0.3973,-0.0719,-0.2396,-0.4175,1,0,1,0,0,0,1,1,1,242.0,SAFE_STOP,掉台但六路红外均无值,0,0,1
34.579,520.0,764.0,373.0,943.0,-0.3973,-0.0719,-0.2396,-0.4175,1,0,1,0,0,0,1,1,1,211.0,SAFE_STOP,掉台但六路红外均无值,0,0,1
34.599,519.0,765.0,371.0,942.0,-0.3973,-0.0719,-0.2396,-0.4175,1,0,1,0,0,0,1,1,1,161.0,SAFE_STOP,掉台但六路红外均无值,0,0,1
34.619,520.0,766.0,373.0,944.0,-0.3973,-0.0719,-0.2368,-0.4175,1,0,1,0,0,0,1,1,1,219.0,SAFE_STOP,掉台但六路红外均无值,0,0,1
34.639,520.0,764.0,372.0,943.0,-0.3973,-0.0719,-0.2396,-0.4175,1,0,1,0,0,0,1,1,1,232.0,SAFE_STOP,掉台但六路红外均无值,0,0,1
34.659,520.0,765.0,372.0,943.0,-0.3973,-0.0719,-0.2396,-0.4175,1,0,1,0,0,0,1,1,1,222.0,SAFE_STOP,掉台但六路红外均无值,0,0,1
34.679,520.0,765.0,372.0,943.0,-0.3973,-0.0719,-0.2396,-0.4175,1,0,1,0,0,0,1,1,1,177.0,SAFE_STOP,掉台但六路红外均无值,0,0,1
34.7,521.0,765.0,373.0,944.0,-0.3973,-0.0719,-0.2396,-0.4175,1,0,1,0,0,0,1,1,1,211.0,SAFE_STOP,掉台但六路红外均无值,0,0,1
34.72,520.0,764.0,371.0,942.0,-0.3973,-0.0719,-0.2396,-0.4175,1,0,1,0,0,0,1,1,1,210.0,SAFE_STOP,掉台但六路红外均无值,0,0,1
34.74,520.0,765.0,372.0,942.0,-0.3973,-0.0719,-0.2396,-0.4196,1,0,1,0,0,0,1,1,1,231.0,SAFE_STOP,掉台但六路红外均无值,0,0,1
34.76,521.0,763.0,372.0,944.0,-0.3973,-0.0741,-0.2396,-0.4196,1,0,1,0,0,0,1,1,1,243.0,SAFE_STOP,掉台但六路红外均无值,0,0,1
34.78,520.0,766.0,372.0,943.0,-0.3973,-0.0719,-0.2396,-0.4175,1,0,1,0,0,0,1,1,1,211.0,SAFE_STOP,掉台但六路红外均无值,0,0,1
34.8,521.0,767.0,373.0,945.0,-0.3946,-0.0697,-0.2396,-0.4154,1,0,1,0,0,0,1,1,1,228.0,SAFE_STOP,掉台但六路红外均无值,0,0,1
34.82,520.0,765.0,373.0,944.0,-0.3973,-0.0697,-0.2368,-0.4154,1,0,1,0,0,0,1,1,1,178.0,SAFE_STOP,掉台但六路红外均无值,0,0,1
34.841,521.0,765.0,373.0,943.0,-0.3946,-0.0719,-0.2368,-0.4154,1,0,1,0,0,0,1,1,1,276.0,SAFE_STOP,掉台但六路红外均无值,0,0,1
34.861,520.0,766.0,373.0,944.0,-0.3973,-0.0719,-0.2368,-0.4154,1,0,1,0,0,0,1,1,1,277.0,SAFE_STOP,掉台但六路红外均无值,0,0,1
34.881,520.0,766.0,373.0,944.0,-0.3973,-0.0697,-0.2368,-0.4154,1,0,1,0,0,0,1,1,1,277.0,SAFE_STOP,掉台但六路红外均无值,0,0,1
34.901,520.0,766.0,373.0,942.0,-0.3973,-0.0697,-0.2368,-0.4154,1,0,1,0,0,0,1,1,1,195.0,SAFE_STOP,掉台但六路红外均无值,0,0,1
34.921,519.0,764.0,371.0,941.0,-0.3973,-0.0697,-0.2368,-0.4196,1,0,1,0,0,0,1,1,1,218.0,SAFE_STOP,掉台但六路红外均无值,0,0,1
34.941,521.0,766.0,372.0,944.0,-0.3973,-0.0697,-0.2396,-0.4196,1,0,1,0,0,0,1,1,1,262.0,SAFE_STOP,掉台但六路红外均无值,0,0,1
34.961,520.0,765.0,372.0,944.0,-0.3973,-0.0719,-0.2396,-0.4154,1,0,1,0,0,0,1,1,1,211.0,SAFE_STOP,掉台但六路红外均无值,0,0,1
34.981,520.0,764.0,371.0,942.0,-0.3973,-0.0719,-0.2396,-0.4154,1,0,1,0,0,0,1,1,1,242.0,SAFE_STOP,掉台但六路红外均无值,0,0,1
35.001,520.0,765.0,371.0,942.0,-0.3973,-0.0719,-0.2423,-0.4196,1,0,1,0,0,0,1,1,1,210.0,SAFE_STOP,掉台但六路红外均无值,0,0,1
35.022,520.0,765.0,372.0,943.0,-0.3973,-0.0719,-0.2423,-0.4196,1,0,1,0,0,0,1,1,1,228.0,SAFE_STOP,掉台但六路红外均无值,0,0,1
35.042,520.0,764.0,372.0,942.0,-0.3973,-0.0719,-0.2396,-0.4196,1,0,1,0,0,0,1,1,1,292.0,SAFE_STOP,掉台但六路红外均无值,0,0,1
35.062,520.0,765.0,372.0,944.0,-0.3973,-0.0719,-0.2396,-0.4175,1,0,1,0,0,0,1,1,1,227.0,SAFE_STOP,掉台但六路红外均无值,0,0,1
35.083,521.0,766.0,372.0,943.0,-0.3973,-0.0719,-0.2396,-0.4175,1,0,1,0,0,0,1,1,1,194.0,SAFE_STOP,掉台但六路红外均无值,0,0,1
35.103,520.0,764.0,372.0,942.0,-0.3973,-0.0719,-0.2396,-0.4175,1,0,1,0,0,0,1,1,1,194.0,SAFE_STOP,掉台但六路红外均无值,0,0,1
35.123,522.0,765.0,373.0,944.0,-0.3946,-0.0719,-0.2396,-0.4175,1,0,1,0,0,0,1,1,1,209.0,SAFE_STOP,掉台但六路红外均无值,0,0,1
35.143,520.0,765.0,374.0,943.0,-0.3973,-0.0719,-0.2368,-0.4175,1,0,1,0,0,0,1,1,1,231.0,SAFE_STOP,掉台但六路红外均无值,0,0,1
35.163,520.0,764.0,372.0,942.0,-0.3973,-0.0719,-0.2368,-0.4175,1,0,1,0,0,0,1,1,1,233.0,SAFE_STOP,掉台但六路红外均无值,0,0,1
35.183,520.0,766.0,373.0,943.0,-0.3973,-0.0719,-0.2368,-0.4175,1,0,1,0,0,0,1,1,1,194.0,SAFE_STOP,掉台但六路红外均无值,0,0,1
35.204,520.0,765.0,372.0,943.0,-0.3973,-0.0719,-0.2396,-0.4175,1,0,1,0,0,0,1,1,1,178.0,SAFE_STOP,掉台但六路红外均无值,0,0,1
35.224,520.0,765.0,372.0,943.0,-0.3973,-0.0719,-0.2396,-0.4175,1,0,1,0,0,0,1,1,1,247.0,SAFE_STOP,掉台但六路红外均无值,0,0,1
35.244,521.0,766.0,373.0,942.0,-0.3973,-0.0719,-0.2396,-0.4175,1,0,1,0,0,0,1,1,1,260.0,SAFE_STOP,掉台但六路红外均无值,0,0,1
35.264,521.0,765.0,372.0,944.0,-0.3946,-0.0719,-0.2396,-0.4175,1,0,1,0,0,0,1,1,1,276.0,SAFE_STOP,掉台但六路红外均无值,0,0,1
35.284,521.0,765.0,372.0,944.0,-0.3946,-0.0719,-0.2396,-0.4154,1,0,1,0,0,0,1,1,1,276.0,SAFE_STOP,掉台但六路红外均无值,0,0,1
35.304,518.0,762.0,370.0,939.0,-0.3946,-0.0719,-0.2396,-0.4154,1,0,1,0,0,0,1,1,1,196.0,SAFE_STOP,掉台但六路红外均无值,0,0,1
35.324,520.0,765.0,372.0,943.0,-0.3973,-0.0719,-0.2396,-0.4175,1,0,1,0,0,0,1,1,1,161.0,SAFE_STOP,掉台但六路红外均无值,0,0,1
35.344,520.0,765.0,373.0,943.0,-0.3973,-0.0719,-0.2396,-0.4175,1,0,1,0,0,0,1,1,1,193.0,SAFE_STOP,掉台但六路红外均无值,0,0,1
35.364,520.0,764.0,371.0,942.0,-0.3973,-0.0719,-0.2396,-0.4175,1,0,1,0,0,0,1,1,1,228.0,SAFE_STOP,掉台但六路红外均无值,0,0,1
35.384,520.0,765.0,372.0,943.0,-0.3973,-0.0719,-0.2396,-0.4175,1,0,1,0,0,0,1,1,1,277.0,SAFE_STOP,掉台但六路红外均无值,0,0,1
35.405,520.0,767.0,372.0,944.0,-0.3973,-0.0719,-0.2396,-0.4175,1,0,1,0,0,0,1,1,1,194.0,SAFE_STOP,掉台但六路红外均无值,0,0,1
35.425,521.0,766.0,372.0,944.0,-0.3973,-0.0697,-0.2396,-0.4154,1,0,1,0,0,0,1,1,1,229.0,SAFE_STOP,掉台但六路红外均无值,0,0,1
35.445,520.0,764.0,371.0,942.0,-0.3973,-0.0697,-0.2396,-0.4154,1,0,1,0,0,0,1,1,1,227.0,SAFE_STOP,掉台但六路红外均无值,0,0,1
35.465,521.0,765.0,372.0,944.0,-0.3946,-0.0719,-0.2396,-0.4154,1,0,1,0,0,0,1,1,1,228.0,SAFE_STOP,掉台但六路红外均无值,0,0,1
35.485,520.0,766.0,372.0,943.0,-0.3973,-0.0719,-0.2396,-0.4175,1,0,1,0,0,0,1,1,1,243.0,SAFE_STOP,掉台但六路红外均无值,0,0,1
35.505,520.0,765.0,373.0,943.0,-0.3973,-0.0719,-0.2396,-0.4175,1,0,1,0,0,0,1,1,1,162.0,SAFE_STOP,掉台但六路红外均无值,0,0,1
35.525,521.0,766.0,373.0,944.0,-0.3973,-0.0697,-0.2368,-0.4175,1,0,1,0,0,0,1,1,1,244.0,SAFE_STOP,掉台但六路红外均无值,0,0,1
35.545,520.0,765.0,371.0,942.0,-0.3973,-0.0719,-0.2368,-0.4175,1,0,1,0,0,0,1,1,1,210.0,SAFE_STOP,掉台但六路红外均无值,0,0,1
35.565,521.0,766.0,372.0,943.0,-0.3946,-0.0697,-0.2396,-0.4175,1,0,1,0,0,0,1,1,1,238.0,SAFE_STOP,掉台但六路红外均无值,0,0,1
35.586,519.0,765.0,372.0,942.0,-0.3973,-0.0719,-0.2396,-0.4196,1,0,1,0,0,0,1,1,1,181.0,SAFE_STOP,掉台但六路红外均无值,0,0,1
35.606,520.0,766.0,372.0,944.0,-0.3973,-0.0697,-0.2396,-0.4175,1,0,1,0,0,0,1,1,1,199.0,SAFE_STOP,掉台但六路红外均无值,0,0,1
35.626,519.0,764.0,371.0,942.0,-0.4,-0.0719,-0.2396,-0.4196,1,0,1,0,0,0,1,1,1,210.0,SAFE_STOP,掉台但六路红外均无值,0,0,1
35.646,521.0,766.0,372.0,944.0,-0.3973,-0.0697,-0.2396,-0.4154,1,0,1,0,0,0,1,1,1,260.0,SAFE_STOP,掉台但六路红外均无值,0,0,1
35.666,520.0,765.0,371.0,943.0,-0.3973,-0.0719,-0.2423,-0.4175,1,0,1,0,0,0,1,1,1,244.0,SAFE_STOP,掉台但六路红外均无值,0,0,1
35.686,520.0,765.0,371.0,943.0,-0.3973,-0.0719,-0.2423,-0.4175,1,0,1,0,0,0,1,1,1,244.0,SAFE_STOP,掉台但六路红外均无值,0,0,1
35.706,520.0,765.0,371.0,940.0,-0.3973,-0.0719,-0.2423,-0.4175,1,0,1,0,0,0,1,1,1,241.0,SAFE_STOP,掉台但六路红外均无值,0,0,1
35.726,520.0,765.0,372.0,943.0,-0.3973,-0.0719,-0.2423,-0.4175,1,0,1,0,0,0,1,1,1,161.0,SAFE_STOP,掉台但六路红外均无值,0,0,1
35.747,521.0,766.0,372.0,944.0,-0.3973,-0.0719,-0.2396,-0.4175,1,0,1,0,0,0,1,1,1,221.0,SAFE_STOP,掉台但六路红外均无值,0,0,1
35.767,520.0,766.0,372.0,943.0,-0.3973,-0.0697,-0.2396,-0.4175,1,0,1,0,0,0,1,1,1,178.0,SAFE_STOP,掉台但六路红外均无值,0,0,1
35.788,520.0,766.0,372.0,944.0,-0.3973,-0.0697,-0.2396,-0.4154,1,0,1,0,0,0,1,1,1,290.0,SAFE_STOP,掉台但六路红外均无值,0,0,1
35.808,519.0,765.0,371.0,943.0,-0.3973,-0.0697,-0.2396,-0.4175,1,0,1,0,0,0,1,1,1,179.0,SAFE_STOP,掉台但六路红外均无值,0,0,1
35.828,520.0,765.0,372.0,943.0,-0.3973,-0.0719,-0.2396,-0.4175,1,0,1,0,0,0,1,1,1,211.0,SAFE_STOP,掉台但六路红外均无值,0,0,1
35.848,521.0,766.0,373.0,944.0,-0.3973,-0.0719,-0.2396,-0.4175,1,0,1,0,0,0,1,1,1,182.0,SAFE_STOP,掉台但六路红外均无值,0,0,1
35.868,520.0,765.0,373.0,944.0,-0.3973,-0.0719,-0.2368,-0.4154,1,0,1,0,0,0,1,1,1,194.0,SAFE_STOP,掉台但六路红外均无值,0,0,1
35.888,520.0,765.0,370.0,941.0,-0.3973,-0.0719,-0.2368,-0.4154,1,0,1,0,0,0,1,1,1,245.0,SAFE_STOP,掉台但六路红外均无值,0,0,1
35.908,520.0,765.0,371.0,942.0,-0.3973,-0.0719,-0.2423,-0.4196,1,0,1,0,0,0,1,1,1,175.0,SAFE_STOP,掉台但六路红外均无值,0,0,1
35.928,519.0,765.0,371.0,941.0,-0.3973,-0.0719,-0.2423,-0.4217,1,0,1,0,0,0,1,1,1,233.0,SAFE_STOP,掉台但六路红外均无值,0,0,1
35.948,519.0,764.0,371.0,941.0,-0.4,-0.0719,-0.2423,-0.4217,1,0,1,0,0,0,1,1,1,243.0,SAFE_STOP,掉台但六路红外均无值,0,0,1
35.969,520.0,765.0,372.0,942.0,-0.4,-0.0719,-0.2423,-0.4217,1,0,1,0,0,0,1,1,1,258.0,SAFE_STOP,掉台但六路红外均无值,0,0,1
35.989,519.0,764.0,371.0,942.0,-0.4,-0.0741,-0.2423,-0.4196,1,0,1,0,0,0,1,1,1,193.0,SAFE_STOP,掉台但六路红外均无值,0,0,1
36.009,518.0,763.0,370.0,939.0,-0.4,-0.0741,-0.2423,-0.4196,1,0,1,0,0,0,1,1,1,197.0,SAFE_STOP,掉台但六路红外均无值,0,0,1
36.029,519.0,764.0,371.0,941.0,-0.4,-0.0741,-0.2423,-0.4217,1,0,1,0,0,0,1,1,1,210.0,SAFE_STOP,掉台但六路红外均无值,0,0,1
36.049,520.0,764.0,371.0,941.0,-0.4,-0.0741,-0.2423,-0.4217,1,0,1,0,0,0,1,1,1,193.0,SAFE_STOP,掉台但六路红外均无值,0,0,1
36.069,520.0,763.0,371.0,940.0,-0.3973,-0.0741,-0.2423,-0.4217,1,0,1,0,0,0,1,1,1,242.0,SAFE_STOP,掉台但六路红外均无值,0,0,1
36.089,518.0,763.0,370.0,940.0,-0.3973,-0.0763,-0.2423,-0.4238,1,0,1,0,0,0,1,1,1,227.0,SAFE_STOP,掉台但六路红外均无值,0,0,1
36.109,518.0,762.0,371.0,940.0,-0.4027,-0.0763,-0.2423,-0.4238,1,0,1,0,0,0,1,1,1,177.0,SAFE_STOP,掉台但六路红外均无值,0,0,1
36.13,518.0,762.0,371.0,940.0,-0.4027,-0.0784,-0.2423,-0.4238,1,0,1,0,0,0,1,1,1,177.0,SAFE_STOP,掉台但六路红外均无值,0,0,1
36.15,519.0,764.0,370.0,941.0,-0.4027,-0.0784,-0.2423,-0.4238,1,0,1,0,0,0,1,1,1,227.0,SAFE_STOP,掉台但六路红外均无值,0,0,1
36.17,518.0,763.0,371.0,941.0,-0.4027,-0.0763,-0.2423,-0.4217,1,0,1,0,0,0,1,1,1,210.0,SAFE_STOP,掉台但六路红外均无值,0,0,1
36.19,520.0,764.0,371.0,940.0,-0.4,-0.0741,-0.2423,-0.4217,1,0,1,0,0,0,1,1,1,243.0,SAFE_STOP,掉台但六路红外均无值,0,0,1
36.21,519.0,762.0,371.0,939.0,-0.4,-0.0763,-0.2423,-0.4238,1,0,1,0,0,0,1,1,1,307.0,SAFE_STOP,掉台但六路红外均无值,0,0,1
36.23,518.0,761.0,370.0,938.0,-0.4,-0.0784,-0.2423,-0.4259,1,0,1,0,0,0,1,1,1,208.0,SAFE_STOP,掉台但六路红外均无值,0,0,1
36.25,520.0,764.0,372.0,941.0,-0.4,-0.0784,-0.2423,-0.4259,1,0,1,0,0,0,1,1,1,177.0,SAFE_STOP,掉台但六路红外均无值,0,0,1
36.27,518.0,762.0,371.0,939.0,-0.4027,-0.0784,-0.2423,-0.4259,1,0,1,0,0,0,1,1,1,208.0,SAFE_STOP,掉台但六路红外均无值,0,0,1
36.291,519.0,763.0,371.0,940.0,-0.4,-0.0763,-0.2423,-0.4238,1,0,1,0,0,0,1,1,1,292.0,SAFE_STOP,掉台但六路红外均无值,0,0,1
36.311,518.0,761.0,370.0,939.0,-0.4027,-0.0784,-0.2423,-0.4259,1,0,1,0,0,0,1,1,1,258.0,SAFE_STOP,掉台但六路红外均无值,0,0,1
36.331,520.0,763.0,370.0,939.0,-0.4,-0.0763,-0.2451,-0.4259,1,0,1,0,0,0,1,1,1,113.0,SAFE_STOP,掉台但六路红外均无值,0,0,1
36.351,519.0,763.0,371.0,940.0,-0.4,-0.0763,-0.2451,-0.4259,1,0,1,0,0,0,1,1,1,194.0,SAFE_STOP,掉台但六路红外均无值,0,0,1
36.371,519.0,763.0,372.0,941.0,-0.4,-0.0763,-0.2423,-0.4238,1,0,1,0,0,0,1,1,1,177.0,SAFE_STOP,掉台但六路红外均无值,0,0,1
36.391,518.0,763.0,370.0,939.0,-0.4,-0.0763,-0.2423,-0.4238,1,0,1,0,0,0,1,1,1,210.0,SAFE_STOP,掉台但六路红外均无值,0,0,1
36.411,519.0,763.0,371.0,939.0,-0.4,-0.0763,-0.2423,-0.4259,1,0,1,0,0,0,1,1,1,244.0,SAFE_STOP,掉台但六路红外均无值,0,0,1
36.431,520.0,765.0,373.0,942.0,-0.4,-0.0763,-0.2423,-0.4259,1,0,1,0,0,0,1,1,1,245.0,SAFE_STOP,掉台但六路红外均无值,0,0,1
36.451,518.0,764.0,371.0,941.0,-0.4,-0.0741,-0.2423,-0.4217,1,0,1,0,0,0,1,1,1,275.0,SAFE_STOP,掉台但六路红外均无值,0,0,1
36.472,519.0,763.0,371.0,940.0,-0.4,-0.0741,-0.2423,-0.4217,1,0,1,0,0,0,1,1,1,161.0,SAFE_STOP,掉台但六路红外均无值,0,0,1
36.492,520.0,765.0,372.0,942.0,-0.4,-0.0741,-0.2423,-0.4217,1,0,1,0,0,0,1,1,1,259.0,SAFE_STOP,掉台但六路红外均无值,0,0,1
36.512,520.0,765.0,372.0,942.0,-0.3973,-0.0719,-0.2396,-0.4196,1,0,1,0,0,0,1,1,1,210.0,SAFE_STOP,掉台但六路红外均无值,0,0,1
36.532,516.0,759.0,369.0,936.0,-0.3973,-0.0719,-0.2396,-0.4196,1,0,1,0,0,0,1,1,1,244.0,SAFE_STOP,掉台但六路红外均无值,0,0,1
36.552,520.0,765.0,373.0,943.0,-0.3973,-0.0719,-0.2396,-0.4196,1,0,1,0,0,0,1,1,1,211.0,SAFE_STOP,掉台但六路红外均无值,0,0,1
36.572,521.0,766.0,373.0,942.0,-0.3973,-0.0719,-0.2368,-0.4196,1,0,1,0,0,0,1,1,1,211.0,SAFE_STOP,掉台但六路红外均无值,0,0,1
36.592,520.0,764.0,371.0,941.0,-0.3973,-0.0719,-0.2368,-0.4196,1,0,1,0,0,0,1,1,1,226.0,SAFE_STOP,掉台但六路红外均无值,0,0,1
36.612,520.0,766.0,372.0,944.0,-0.3973,-0.0697,-0.2396,-0.4196,1,0,1,0,0,0,1,1,1,228.0,SAFE_STOP,掉台但六路红外均无值,0,0,1
36.632,520.0,765.0,371.0,943.0,-0.3973,-0.0719,-0.2423,-0.4175,1,0,1,0,0,0,1,1,1,128.0,SAFE_STOP,掉台但六路红外均无值,0,0,1
36.652,519.0,764.0,371.0,941.0,-0.3973,-0.0719,-0.2423,-0.4175,1,0,1,0,0,0,1,1,1,193.0,SAFE_STOP,掉台但六路红外均无值,0,0,1
36.673,519.0,764.0,371.0,941.0,-0.4,-0.0741,-0.2423,-0.4217,1,0,1,0,0,0,1,1,1,193.0,SAFE_STOP,掉台但六路红外均无值,0,0,1
36.693,520.0,766.0,372.0,944.0,-0.4,-0.0741,-0.2423,-0.4217,1,0,1,0,0,0,1,1,1,242.0,SAFE_STOP,掉台但六路红外均无值,0,0,1
36.713,521.0,764.0,372.0,943.0,-0.3973,-0.0741,-0.2396,-0.4175,1,0,1,0,0,0,1,1,1,244.0,SAFE_STOP,掉台但六路红外均无值,0,0,1
36.733,519.0,764.0,371.0,940.0,-0.3973,-0.0741,-0.2396,-0.4175,1,0,1,0,0,0,1,1,1,210.0,SAFE_STOP,掉台但六路红外均无值,0,0,1
36.753,521.0,766.0,373.0,944.0,-0.3946,-0.0741,-0.2396,-0.4175,1,0,1,0,0,0,1,1,1,195.0,SAFE_STOP,掉台但六路红外均无值,0,0,1
36.773,521.0,767.0,372.0,942.0,-0.3946,-0.0697,-0.2396,-0.4196,1,0,1,0,0,0,1,1,1,177.0,SAFE_STOP,掉台但六路红外均无值,0,0,1
36.793,519.0,765.0,371.0,940.0,-0.3946,-0.0697,-0.2396,-0.4196,1,0,1,0,0,0,1,1,1,196.0,SAFE_STOP,掉台但六路红外均无值,0,0,1
36.813,520.0,766.0,372.0,942.0,-0.3973,-0.0697,-0.2396,-0.4196,1,0,1,0,0,0,1,1,1,244.0,SAFE_STOP,掉台但六路红外均无值,0,0,1
36.833,520.0,765.0,372.0,942.0,-0.3973,-0.0719,-0.2396,-0.4196,1,0,1,0,0,0,1,1,1,242.0,SAFE_STOP,掉台但六路红外均无值,0,0,1
36.853,520.0,764.0,370.0,941.0,-0.3973,-0.0719,-0.2396,-0.4196,1,0,1,0,0,0,1,1,1,227.0,SAFE_STOP,掉台但六路红外均无值,0,0,1
36.873,521.0,765.0,372.0,942.0,-0.3973,-0.0719,-0.2396,-0.4196,1,0,1,0,0,0,1,1,1,211.0,SAFE_STOP,掉台但六路红外均无值,0,0,1
36.894,520.0,765.0,372.0,944.0,-0.3973,-0.0719,-0.2396,-0.4196,1,0,1,0,0,0,1,1,1,211.0,SAFE_STOP,掉台但六路红外均无值,0,0,1
36.914,519.0,764.0,371.0,940.0,-0.3973,-0.0719,-0.2396,-0.4196,1,0,1,0,0,0,1,1,1,226.0,SAFE_STOP,掉台但六路红外均无值,0,0,1
36.934,520.0,765.0,372.0,941.0,-0.3973,-0.0719,-0.2396,-0.4217,1,0,1,0,0,0,1,1,1,227.0,SAFE_STOP,掉台但六路红外均无值,0,0,1
36.954,520.0,765.0,372.0,942.0,-0.3973,-0.0719,-0.2396,-0.4217,1,0,1,0,0,0,1,1,1,162.0,SAFE_STOP,掉台但六路红外均无值,0,0,1
36.974,520.0,763.0,371.0,941.0,-0.3973,-0.0719,-0.2396,-0.4217,1,0,1,0,0,0,1,1,1,241.0,SAFE_STOP,掉台但六路红外均无值,0,0,1
36.994,518.0,764.0,371.0,940.0,-0.3973,-0.0741,-0.2423,-0.4217,1,0,1,0,0,1,1,1,1,192.0,SAFE_STOP,掉台但六路红外均无值,0,0,1
37.014,519.0,763.0,371.0,941.0,-0.4,-0.0763,-0.2423,-0.4217,1,0,1,0,0,1,1,1,1,235.0,SAFE_STOP,掉台但六路红外均无值,0,0,1
37.034,520.0,764.0,371.0,941.0,-0.4,-0.0741,-0.2423,-0.4217,1,0,1,0,0,1,1,1,1,242.0,SAFE_STOP,掉台但六路红外均无值,0,0,1
37.054,521.0,767.0,372.0,944.0,-0.3973,-0.0741,-0.2423,-0.4217,1,0,1,0,0,1,1,1,1,193.0,SAFE_STOP,掉台但六路红外均无值,0,0,1
37.074,520.0,765.0,372.0,943.0,-0.3973,-0.0719,-0.2396,-0.4175,1,0,1,0,0,1,1,1,1,193.0,SAFE_STOP,掉台但六路红外均无值,0,0,1
37.094,520.0,765.0,371.0,942.0,-0.3973,-0.0719,-0.2396,-0.4175,1,0,1,0,0,1,1,1,1,193.0,SAFE_STOP,掉台但六路红外均无值,0,0,1
37.115,520.0,766.0,372.0,942.0,-0.3973,-0.0719,-0.2396,-0.4196,1,0,1,0,0,1,1,1,1,260.0,SAFE_STOP,掉台但六路红外均无值,0,0,1
37.135,520.0,765.0,372.0,944.0,-0.3973,-0.0719,-0.2396,-0.4196,1,0,1,0,0,1,1,1,1,242.0,SAFE_STOP,掉台但六路红外均无值,0,0,1
37.155,519.0,765.0,372.0,943.0,-0.3973,-0.0719,-0.2396,-0.4175,1,0,1,0,0,1,1,1,1,241.0,SAFE_STOP,掉台但六路红外均无值,0,0,1
37.175,519.0,764.0,370.0,942.0,-0.4,-0.0719,-0.2396,-0.4175,1,0,1,0,0,1,1,1,1,195.0,SAFE_STOP,掉台但六路红外均无值,0,0,1
37.195,519.0,765.0,371.0,943.0,-0.4,-0.0719,-0.2423,-0.4175,1,0,1,0,0,1,1,1,1,210.0,SAFE_STOP,掉台但六路红外均无值,0,0,1
37.215,519.0,764.0,371.0,942.0,-0.4,-0.0741,-0.2423,-0.4196,1,0,1,0,0,1,1,1,1,260.0,SAFE_STOP,掉台但六路红外均无值,0,0,1
37.235,518.0,763.0,369.0,940.0,-0.4,-0.0741,-0.2423,-0.4196,1,0,1,0,0,1,1,1,1,243.0,SAFE_STOP,掉台但六路红外均无值,0,0,1
37.255,519.0,764.0,371.0,943.0,-0.4,-0.0741,-0.2423,-0.4196,1,0,1,0,0,1,1,1,1,112.0,SAFE_STOP,掉台但六路红外均无值,0,0,1
37.276,518.0,763.0,370.0,943.0,-0.4027,-0.0763,-0.2451,-0.4175,1,0,1,0,0,1,1,1,1,193.0,SAFE_STOP,掉台但六路红外均无值,0,0,1
37.296,518.0,763.0,370.0,943.0,-0.4027,-0.0763,-0.2451,-0.4175,1,0,1,0,0,1,1,1,1,193.0,SAFE_STOP,掉台但六路红外均无值,0,0,1
37.316,519.0,765.0,372.0,944.0,-0.4027,-0.0763,-0.2451,-0.4175,1,0,1,0,0,1,1,1,1,177.0,SAFE_STOP,掉台但六路红外均无值,0,0,1
37.336,519.0,762.0,370.0,941.0,-0.4,-0.0763,-0.2451,-0.4175,1,0,1,0,0,1,1,1,1,274.0,SAFE_STOP,掉台但六路红外均无值,0,0,1
37.356,519.0,763.0,370.0,943.0,-0.4,-0.0763,-0.2451,-0.4175,1,0,1,0,0,1,1,1,1,244.0,SAFE_STOP,掉台但六路红外均无值,0,0,1
37.376,519.0,764.0,370.0,945.0,-0.4,-0.0763,-0.2451,-0.4175,1,0,1,0,0,1,1,1,1,229.0,SAFE_STOP,掉台但六路红外均无值,0,0,1
37.396,518.0,764.0,371.0,945.0,-0.4,-0.0741,-0.2451,-0.4134,1,0,1,0,0,1,1,1,1,243.0,SAFE_STOP,掉台但六路红外均无值,0,0,1
37.416,518.0,765.0,370.0,946.0,-0.4027,-0.0741,-0.2451,-0.4134,1,0,1,0,0,1,1,1,1,161.0,SAFE_STOP,掉台但六路红外均无值,0,0,1
37.436,518.0,765.0,370.0,947.0,-0.4027,-0.0719,-0.2451,-0.4113,1,0,1,0,0,1,1,1,1,259.0,SAFE_STOP,掉台但六路红外均无值,0,0,1
37.457,515.0,764.0,370.0,947.0,-0.4027,-0.0719,-0.2451,-0.4092,1,0,1,0,0,1,1,1,1,210.0,SAFE_STOP,掉台但六路红外均无值,0,0,1
37.477,516.0,763.0,368.0,946.0,-0.4082,-0.0741,-0.2451,-0.4092,1,0,1,0,0,1,1,1,1,218.0,SAFE_STOP,掉台但六路红外均无值,0,0,1
37.497,516.0,762.0,368.0,948.0,-0.4082,-0.0763,-0.2507,-0.4092,1,0,1,0,0,1,1,1,1,210.0,SAFE_STOP,掉台但六路红外均无值,0,0,1
37.517,516.0,759.0,366.0,947.0,-0.4082,-0.0784,-0.2507,-0.4092,1,0,1,0,0,1,1,1,1,211.0,SAFE_STOP,掉台但六路红外均无值,0,0,1
37.537,515.0,753.0,363.0,948.0,-0.4082,-0.085,-0.2563,-0.4071,1,0,1,0,0,1,1,1,1,243.0,SAFE_STOP,掉台但六路红外均无值,0,0,1
37.558,515.0,748.0,361.0,945.0,-0.4109,-0.098,-0.2646,-0.4092,1,0,1,0,0,1,1,1,1,244.0,SAFE_STOP,掉台但六路红外均无值,0,0,1
37.578,513.0,740.0,356.0,940.0,-0.4109,-0.1089,-0.2702,-0.4134,1,0,1,0,0,1,1,1,1,210.0,SAFE_STOP,掉台但六路红外均无值,0,0,1
37.598,512.0,728.0,351.0,936.0,-0.4163,-0.1264,-0.2841,-0.4238,1,0,1,0,0,1,1,1,1,212.0,SAFE_STOP,掉台但六路红外均无值,0,0,1
37.618,510.0,715.0,345.0,931.0,-0.419,-0.1525,-0.2981,-0.4322,1,0,1,0,0,1,1,1,1,226.0,SAFE_STOP,掉台但六路红外均无值,0,0,1
37.638,504.0,693.0,334.0,921.0,-0.4245,-0.1808,-0.3148,-0.4426,1,0,1,0,0,1,1,1,1,211.0,SAFE_STOP,掉台但六路红外均无值,0,0,1
37.658,504.0,677.0,328.0,924.0,-0.4408,-0.2288,-0.3454,-0.4572,1,0,1,0,0,1,1,1,1,259.0,SAFE_STOP,掉台但六路红外均无值,0,0,1
37.678,498.0,653.0,318.0,916.0,-0.4408,-0.2636,-0.3621,-0.4635,1,0,1,0,0,1,1,1,1,162.0,SAFE_STOP,掉台但六路红外均无值,0,0,1
37.698,496.0,636.0,313.0,913.0,-0.4571,-0.3159,-0.39,-0.4739,1,0,1,0,0,1,1,1,1,213.0,SAFE_STOP,掉台但六路红外均无值,0,0,1
37.719,496.0,636.0,313.0,913.0,-0.4626,-0.3529,-0.4039,-0.4802,1,0,1,0,0,1,1,1,1,213.0,SAFE_STOP,掉台但六路红外均无值,0,0,1
37.739,491.0,614.0,305.0,902.0,-0.4626,-0.3529,-0.4039,-0.4802,1,0,1,0,0,0,1,1,1,244.0,SAFE_STOP,掉台但六路红外均无值,0,0,1
37.759,484.0,593.0,297.0,887.0,-0.4762,-0.4009,-0.4262,-0.5031,1,0,1,0,0,0,1,1,1,262.0,SAFE_STOP,掉台但六路红外均无值,0,0,1
37.779,477.0,570.0,288.0,871.0,-0.4952,-0.4466,-0.4485,-0.5344,1,0,1,0,0,0,1,1,1,230.0,SAFE_STOP,掉台但六路红外均无值,0,0,1
37.799,470.0,550.0,280.0,854.0,-0.5143,-0.4967,-0.4735,-0.5678,1,0,1,0,0,0,1,1,1,214.0,SAFE_STOP,掉台但六路红外均无值,0,0,1
37.819,463.0,528.0,272.0,836.0,-0.5333,-0.5403,-0.4958,-0.6033,1,0,1,0,0,0,1,1,1,197.0,SAFE_STOP,掉台但六路红外均无值,0,0,1
37.839,457.0,508.0,262.0,820.0,-0.5524,-0.5882,-0.5181,-0.6409,1,0,1,0,0,0,1,1,1,263.0,SAFE_STOP,掉台但六路红外均无值,0,0,1
37.859,450.0,489.0,256.0,803.0,-0.5687,-0.6318,-0.546,-0.6743,1,0,1,0,0,0,1,1,1,213.0,SAFE_STOP,掉台但六路红外均无值,0,0,1
37.879,442.0,475.0,249.0,784.0,-0.5878,-0.6732,-0.5627,-0.7098,1,0,1,0,0,0,1,1,1,235.0,SAFE_STOP,掉台但六路红外均无值,0,0,1
37.9,436.0,462.0,244.0,769.0,-0.6095,-0.7037,-0.5822,-0.7495,1,0,1,0,0,0,1,1,1,215.0,SAFE_STOP,掉台但六路红外均无值,0,0,1
37.92,428.0,453.0,240.0,757.0,-0.6259,-0.732,-0.5961,-0.7808,1,0,1,0,0,0,1,1,1,215.0,SAFE_STOP,掉台但六路红外均无值,0,0,1
37.94,419.0,440.0,235.0,737.0,-0.6476,-0.7516,-0.6072,-0.8058,1,0,1,0,0,0,1,1,1,239.0,SAFE_STOP,掉台但六路红外均无值,0,0,1
37.96,413.0,435.0,237.0,728.0,-0.6721,-0.78,-0.6156,-0.8476,1,0,1,0,0,0,1,1,1,247.0,SAFE_STOP,掉台但六路红外均无值,0,0,1
37.98,408.0,434.0,238.0,720.0,-0.6884,-0.7908,-0.6156,-0.8664,1,0,1,0,0,0,1,1,1,231.0,SAFE_STOP,掉台但六路红外均无值,0,0,1
38.0,406.0,436.0,243.0,715.0,-0.702,-0.7908,-0.6128,-0.8831,1,0,1,0,0,0,1,1,1,214.0,SAFE_STOP,掉台但六路红外均无值,0,0,1
38.02,404.0,438.0,246.0,710.0,-0.7075,-0.7887,-0.5989,-0.8935,1,0,1,0,0,0,1,1,1,215.0,SAFE_STOP,掉台但六路红外均无值,0,0,1
38.041,404.0,443.0,250.0,710.0,-0.7129,-0.7843,-0.5905,-0.904,1,0,1,0,0,0,1,1,1,214.0,SAFE_STOP,掉台但六路红外均无值,0,0,1
38.061,404.0,449.0,253.0,709.0,-0.7129,-0.7734,-0.5794,-0.904,1,0,1,0,0,0,1,1,1,232.0,SAFE_STOP,掉台但六路红外均无值,0,0,1
38.081,403.0,452.0,256.0,707.0,-0.7129,-0.7603,-0.571,-0.9061,1,0,1,0,0,0,1,1,1,246.0,SAFE_STOP,掉台但六路红外均无值,0,0,1
38.101,404.0,458.0,259.0,711.0,-0.7129,-0.7538,-0.5627,-0.9061,1,0,1,0,0,0,1,0,1,204.0,SAFE_STOP,掉台但六路红外均无值,0,0,1
38.121,403.0,459.0,260.0,711.0,-0.7156,-0.7407,-0.5543,-0.9019,1,0,0,0,0,0,1,0,1,199.0,SAFE_STOP,掉台但六路红外均无值,0,0,1
38.141,403.0,459.0,260.0,711.0,-0.7156,-0.7386,-0.5515,-0.9019,1,0,0,0,0,0,1,0,1,199.0,SAFE_STOP,掉台但六路红外均无值,0,0,1
38.161,404.0,459.0,256.0,716.0,-0.7156,-0.7386,-0.5515,-0.9019,1,0,0,0,0,0,1,0,1,297.0,SAFE_STOP,掉台但六路红外均无值,0,0,1
38.181,405.0,454.0,250.0,722.0,-0.7129,-0.7386,-0.5627,-0.8914,1,0,0,0,0,0,1,0,1,182.0,SAFE_STOP,掉台但六路红外均无值,0,0,1
38.201,401.0,444.0,241.0,716.0,-0.7129,-0.7495,-0.5794,-0.8914,1,0,0,0,0,0,1,0,1,255.0,SAFE_STOP,掉台但六路红外均无值,0,0,1
38.222,403.0,442.0,234.0,716.0,-0.7156,-0.7712,-0.6045,-0.8914,1,0,0,0,0,0,1,0,1,206.0,SAFE_STOP,掉台但六路红外均无值,0,0,1
38.242,402.0,438.0,228.0,715.0,-0.7184,-0.7756,-0.624,-0.8914,1,0,0,0,0,0,1,0,1,210.0,SAFE_STOP,掉台但六路红外均无值,0,0,1
38.262,403.0,437.0,224.0,714.0,-0.7156,-0.7843,-0.6407,-0.8935,1,0,0,0,0,0,1,0,1,255.0,SAFE_STOP,掉台但六路红外均无值,0,0,1
38.282,405.0,431.0,219.0,707.0,-0.7156,-0.7865,-0.6518,-0.8956,1,0,0,0,0,0,0,0,1,215.0,SAFE_STOP,掉台但六路红外均无值,0,0,1
38.302,404.0,423.0,215.0,698.0,-0.7129,-0.7996,-0.6657,-0.9102,1,0,0,0,0,0,0,0,1,148.0,SAFE_STOP,掉台但六路红外均无值,0,0,1
38.322,404.0,417.0,215.0,692.0,-0.7129,-0.817,-0.6769,-0.929,1,0,0,0,0,0,0,0,1,142.0,SAFE_STOP,掉台但六路红外均无值,0,0,1
38.342,405.0,408.0,213.0,691.0,-0.7129,-0.8301,-0.6769,-0.9415,1,0,0,0,1,0,0,0,1,165.0,SAFE_STOP,掉台但六路红外均无值,0,0,1
38.362,404.0,395.0,211.0,696.0,-0.7129,-0.8497,-0.6825,-0.9415,1,0,0,0,1,0,0,0,1,230.0,SAFE_STOP,掉台但六路红外均无值,0,0,1
38.382,402.0,384.0,207.0,702.0,-0.7129,-0.878,-0.688,-0.9332,1,0,0,0,1,0,0,0,1,247.0,SAFE_STOP,掉台但六路红外均无值,0,0,1
38.403,401.0,372.0,205.0,704.0,-0.7184,-0.902,-0.6992,-0.9207,1,0,0,0,1,0,0,0,1,114.0,SAFE_STOP,掉台但六路红外均无值,0,0,1
38.423,400.0,362.0,208.0,703.0,-0.7211,-0.9281,-0.6992,-0.9186,1,0,0,1,1,0,0,0,1,246.0,SAFE_STOP,掉台但六路红外均无值,0,0,1
38.443,399.0,355.0,211.0,699.0,-0.7238,-0.9499,-0.6964,-0.9186,1,0,0,1,1,0,0,0,1,261.0,SAFE_STOP,掉台但六路红外均无值,0,0,1
38.463,397.0,350.0,213.0,696.0,-0.7265,-0.9651,-0.688,-0.9269,1,0,0,1,1,0,0,0,1,104.0,SAFE_STOP,掉台但六路红外均无值,0,0,1
38.483,397.0,348.0,216.0,696.0,-0.732,-0.976,-0.6825,-0.9332,1,0,0,1,1,0,0,0,1,67.0,SAFE_STOP,掉台但六路红外均无值,0,0,1
38.504,397.0,347.0,221.0,697.0,-0.732,-0.9804,-0.6741,-0.9332,1,0,0,1,1,0,0,0,1,246.0,SAFE_STOP,掉台但六路红外均无值,0,0,1
38.524,397.0,348.0,227.0,698.0,-0.732,-0.9804,-0.6602,-0.9311,1,0,0,1,1,0,0,0,1,293.0,SAFE_STOP,掉台但六路红外均无值,0,0,1
38.544,396.0,346.0,232.0,697.0,-0.732,-0.9826,-0.6435,-0.9311,1,0,0,1,1,0,0,0,1,265.0,SAFE_STOP,掉台但六路红外均无值,0,0,1
38.564,394.0,347.0,241.0,702.0,-0.7347,-0.9826,-0.6295,-0.929,1,0,0,1,1,0,0,0,1,-6.0,SAFE_STOP,掉台但六路红外均无值,0,0,1
38.584,394.0,347.0,241.0,702.0,-0.7401,-0.9826,-0.6045,-0.9207,1,0,0,1,1,0,0,0,1,-6.0,SAFE_STOP,掉台但六路红外均无值,0,0,1
38.604,396.0,351.0,248.0,709.0,-0.7401,-0.9826,-0.6045,-0.9207,1,0,0,1,1,0,0,0,1,213.0,SAFE_STOP,掉台但六路红外均无值,0,0,1
38.624,398.0,356.0,255.0,717.0,-0.7347,-0.9739,-0.585,-0.9061,1,0,0,1,1,0,0,0,1,245.0,SAFE_STOP,掉台但六路红外均无值,0,0,1
38.645,397.0,362.0,259.0,719.0,-0.732,-0.963,-0.5655,-0.8894,1,0,0,1,1,0,0,0,1,278.0,SAFE_STOP,掉台但六路红外均无值,0,0,1
38.665,397.0,368.0,258.0,719.0,-0.732,-0.9499,-0.5571,-0.8852,1,0,0,1,1,0,0,0,1,359.0,SAFE_STOP,掉台但六路红外均无值,0,0,1
38.685,398.0,372.0,252.0,718.0,-0.732,-0.9368,-0.5571,-0.8852,1,0,0,1,1,0,0,0,1,205.0,SAFE_STOP,掉台但六路红外均无值,0,0,1
38.705,400.0,379.0,245.0,716.0,-0.7293,-0.9281,-0.5738,-0.8873,1,0,0,1,1,0,0,0,1,268.0,SAFE_STOP,掉台但六路红外均无值,0,0,1
38.725,402.0,381.0,240.0,713.0,-0.7238,-0.9129,-0.5933,-0.8914,1,0,0,1,1,0,0,0,1,277.0,SAFE_STOP,掉台但六路红外均无值,0,0,1
38.745,405.0,383.0,234.0,711.0,-0.7184,-0.9085,-0.6072,-0.8977,1,0,1,1,1,0,0,0,1,328.0,SAFE_STOP,掉台但六路红外均无值,0,0,1
38.765,409.0,389.0,230.0,709.0,-0.7102,-0.9041,-0.624,-0.9019,1,0,1,1,1,1,0,0,1,325.0,SAFE_STOP,掉台但六路红外均无值,0,0,1
38.785,415.0,395.0,226.0,711.0,-0.6993,-0.8911,-0.6351,-0.9019,1,0,1,1,1,1,0,0,1,324.0,SAFE_STOP,掉台但六路红外均无值,0,0,1
38.806,421.0,400.0,223.0,713.0,-0.683,-0.878,-0.6462,-0.9019,1,0,1,1,1,1,0,0,1,196.0,SAFE_STOP,掉台但六路红外均无值,0,0,1
38.826,426.0,406.0,221.0,716.0,-0.6667,-0.8671,-0.6546,-0.8977,1,0,1,1,1,1,0,0,1,204.0,SAFE_STOP,掉台但六路红外均无值,0,0,1
38.846,427.0,412.0,221.0,721.0,-0.6531,-0.854,-0.6602,-0.8914,1,0,1,1,1,1,0,0,1,277.0,SAFE_STOP,掉台但六路红外均无值,0,0,1
38.866,431.0,420.0,222.0,730.0,-0.6503,-0.841,-0.6602,-0.881,1,0,1,1,1,1,0,0,1,277.0,SAFE_STOP,掉台但六路红外均无值,0,0,1
38.886,432.0,423.0,221.0,736.0,-0.6395,-0.8235,-0.6602,-0.8622,1,0,1,1,1,1,0,0,1,309.0,SAFE_STOP,掉台但六路红外均无值,0,0,1
38.906,432.0,424.0,222.0,742.0,-0.6367,-0.817,-0.6574,-0.8497,1,0,1,1,1,1,0,0,1,230.0,SAFE_STOP,掉台但六路红外均无值,0,0,1
38.926,426.0,425.0,222.0,746.0,-0.6367,-0.8148,-0.6574,-0.8372,1,0,1,1,1,1,0,0,1,262.0,SAFE_STOP,掉台但六路红外均无值,0,0,1
38.946,422.0,429.0,224.0,760.0,-0.6531,-0.8126,-0.6574,-0.8288,1,0,1,1,1,1,0,0,1,295.0,SAFE_STOP,掉台但六路红外均无值,0,0,1
38.967,420.0,435.0,228.0,777.0,-0.6639,-0.8039,-0.6518,-0.7996,1,0,1,1,1,1,0,0,1,276.0,SAFE_STOP,掉台但六路红外均无值,0,0,1
38.987,420.0,435.0,228.0,777.0,-0.6694,-0.7908,-0.6407,-0.7641,1,0,1,1,1,1,0,0,1,276.0,SAFE_STOP,掉台但六路红外均无值,0,0,1
39.007,418.0,441.0,235.0,800.0,-0.6694,-0.7908,-0.6407,-0.7641,1,0,1,1,1,1,0,0,1,326.0,SAFE_STOP,掉台但六路红外均无值,0,0,1
39.027,424.0,453.0,246.0,842.0,-0.6694,-0.7778,-0.6212,-0.7161,1,0,1,1,1,1,0,0,1,278.0,SAFE_STOP,掉台但六路红外均无值,0,0,1
39.047,428.0,471.0,260.0,873.0,-0.6585,-0.7516,-0.5905,-0.6284,1,0,1,1,1,1,0,0,1,276.0,SAFE_STOP,掉台但六路红外均无值,0,0,1
39.067,435.0,492.0,272.0,905.0,-0.6476,-0.7124,-0.5515,-0.5637,1,0,1,1,1,1,0,0,1,293.0,SAFE_STOP,掉台但六路红外均无值,0,0,1
39.087,440.0,519.0,281.0,937.0,-0.6286,-0.6667,-0.5181,-0.4969,1,0,1,1,1,1,0,0,1,340.0,SAFE_STOP,掉台但六路红外均无值,0,0,1
39.107,445.0,550.0,286.0,978.0,-0.615,-0.6078,-0.493,-0.4301,1,0,1,1,1,1,0,0,1,314.0,SAFE_STOP,掉台但六路红外均无值,0,0,1
39.128,454.0,582.0,296.0,1026.0,-0.6014,-0.5403,-0.4791,-0.3445,1,0,1,1,1,1,0,0,1,298.0,SAFE_STOP,掉台但六路红外均无值,0,0,1
39.148,466.0,627.0,314.0,1095.0,-0.5769,-0.4706,-0.4513,-0.2443,1,0,1,1,1,1,0,0,1,309.0,SAFE_STOP,掉台但六路红外均无值,0,0,1
39.168,483.0,698.0,336.0,1180.0,-0.5442,-0.3725,-0.4011,-0.1002,1,0,1,1,1,1,0,0,1,292.0,SAFE_STOP,掉台但六路红外均无值,0,0,1
39.188,494.0,737.0,350.0,1200.0,-0.498,-0.2179,-0.3398,0.0772,0,0,1,1,1,1,0,0,1,340.0,WAIT,等待掉台触发,0,0,1
39.208,496.0,735.0,346.0,1198.0,-0.468,-0.1373,-0.312,0.1148,0,0,1,1,1,1,0,0,1,374.0,WAIT,等待掉台触发,0,0,1
39.228,502.0,756.0,352.0,1202.0,-0.4626,-0.1329,-0.3008,0.119,0,0,1,1,1,1,0,0,1,307.0,WAIT,等待掉台触发,0,0,1
39.249,505.0,756.0,352.0,1189.0,-0.4463,-0.0915,-0.2953,0.1148,0,0,1,1,1,1,0,0,1,340.0,WAIT,等待掉台触发,0,0,1
39.269,513.0,759.0,352.0,1174.0,-0.4381,-0.0915,-0.2953,0.096,0,0,1,1,1,1,0,0,1,359.0,WAIT,等待掉台触发,0,0,1
39.289,517.0,762.0,353.0,1172.0,-0.4163,-0.085,-0.2953,0.0647,0,0,1,1,1,1,0,0,1,341.0,WAIT,等待掉台触发,0,0,1
39.309,519.0,768.0,355.0,1172.0,-0.4054,-0.0784,-0.2925,0.0605,0,0,1,1,1,1,0,0,1,293.0,WAIT,等待掉台触发,0,0,1
39.329,521.0,766.0,355.0,1172.0,-0.4,-0.0697,-0.2869,0.0605,0,0,1,1,1,1,0,0,1,309.0,WAIT,等待掉台触发,0,0,1
39.349,523.0,767.0,354.0,1175.0,-0.3946,-0.0675,-0.2869,0.0605,0,0,1,1,1,1,0,0,1,292.0,WAIT,等待掉台触发,0,0,1
39.369,523.0,767.0,354.0,1175.0,-0.3891,-0.0675,-0.2897,0.0668,0,0,1,1,1,1,0,0,1,292.0,WAIT,等待掉台触发,0,0,1
39.39,523.0,768.0,355.0,1177.0,-0.3891,-0.0675,-0.2897,0.0668,0,0,1,1,1,1,0,0,1,358.0,WAIT,等待掉台触发,0,0,1
39.41,523.0,768.0,354.0,1180.0,-0.3891,-0.0654,-0.2897,0.071,0,0,1,1,1,1,0,0,1,374.0,WAIT,等待掉台触发,0,0,1
39.43,522.0,770.0,355.0,1186.0,-0.3891,-0.0654,-0.2869,0.0772,0,0,1,1,1,1,0,0,1,308.0,WAIT,等待掉台触发,0,0,1
39.45,521.0,771.0,355.0,1189.0,-0.3918,-0.061,-0.2869,0.0898,0,0,1,1,1,1,0,0,1,309.0,WAIT,等待掉台触发,0,0,1
39.47,519.0,771.0,356.0,1190.0,-0.3946,-0.0588,-0.2869,0.096,0,0,1,1,1,1,0,0,1,316.0,WAIT,等待掉台触发,0,0,1
39.49,519.0,773.0,356.0,1193.0,-0.4,-0.0588,-0.2841,0.0981,0,0,1,1,1,1,0,0,1,372.0,WAIT,等待掉台触发,0,0,1
39.51,518.0,771.0,354.0,1191.0,-0.4,-0.0588,-0.2841,0.1002,0,0,1,1,1,1,0,0,1,342.0,WAIT,等待掉台触发,0,0,1
39.531,518.0,774.0,356.0,1193.0,-0.4027,-0.0545,-0.2841,0.1044,0,0,1,1,1,1,0,0,1,303.0,WAIT,等待掉台触发,0,0,1
39.551,517.0,775.0,355.0,1193.0,-0.4027,-0.0523,-0.2869,0.1044,0,0,1,1,1,1,0,0,1,307.0,WAIT,等待掉台触发,0,0,1
39.571,517.0,774.0,355.0,1192.0,-0.4054,-0.0523,-0.2869,0.1044,0,0,1,0,1,1,0,0,1,321.0,WAIT,等待掉台触发,0,0,1
39.591,517.0,774.0,354.0,1192.0,-0.4054,-0.0523,-0.2869,0.1023,0,0,1,0,1,1,0,0,1,358.0,WAIT,等待掉台触发,0,0,1
39.611,514.0,774.0,355.0,1191.0,-0.4054,-0.0523,-0.2869,0.1023,0,0,1,0,1,1,0,0,1,373.0,WAIT,等待掉台触发,0,0,1
39.631,513.0,774.0,354.0,1190.0,-0.4136,-0.0523,-0.2897,0.1002,0,0,1,0,1,1,0,0,1,307.0,WAIT,等待掉台触发,0,0,1
39.651,513.0,774.0,354.0,1190.0,-0.4163,-0.0523,-0.2897,0.0981,0,0,1,0,1,1,0,0,1,309.0,WAIT,等待掉台触发,0,0,1
39.671,512.0,774.0,355.0,1191.0,-0.4163,-0.0523,-0.2897,0.0981,0,0,1,0,1,1,0,0,1,330.0,WAIT,等待掉台触发,0,0,1
39.692,512.0,775.0,355.0,1189.0,-0.419,-0.0523,-0.2869,0.0981,0,0,1,0,1,1,0,0,1,340.0,WAIT,等待掉台触发,0,0,1
39.712,512.0,775.0,355.0,1189.0,-0.419,-0.0501,-0.2869,0.096,0,0,1,0,1,1,0,0,1,259.0,WAIT,等待掉台触发,0,0,1
39.732,512.0,775.0,355.0,1189.0,-0.419,-0.0501,-0.2869,0.096,0,0,1,0,1,1,0,0,1,259.0,WAIT,等待掉台触发,0,0,1
39.752,512.0,775.0,354.0,1190.0,-0.419,-0.0501,-0.2869,0.096,0,0,1,0,1,1,0,0,1,308.0,WAIT,等待掉台触发,0,0,1
39.773,512.0,776.0,353.0,1188.0,-0.419,-0.0501,-0.2897,0.096,0,0,1,0,1,1,0,0,1,324.0,WAIT,等待掉台触发,0,0,1
39.793,512.0,776.0,354.0,1189.0,-0.419,-0.0479,-0.2897,0.096,0,0,1,0,1,1,0,0,1,406.0,WAIT,等待掉台触发,0,0,1
39.813,513.0,776.0,354.0,1188.0,-0.419,-0.0479,-0.2897,0.0939,0,0,1,0,1,1,0,0,1,340.0,WAIT,等待掉台触发,0,0,1
39.833,515.0,776.0,355.0,1190.0,-0.4163,-0.0479,-0.2897,0.096,0,0,1,0,1,1,0,0,1,324.0,WAIT,等待掉台触发,0,0,1
39.853,515.0,776.0,354.0,1189.0,-0.4109,-0.0479,-0.2897,0.096,0,0,1,0,1,1,0,0,1,309.0,WAIT,等待掉台触发,0,0,1
39.873,515.0,774.0,353.0,1188.0,-0.4109,-0.0479,-0.2897,0.096,0,0,1,0,1,1,0,0,1,292.0,WAIT,等待掉台触发,0,0,1
39.893,516.0,777.0,355.0,1190.0,-0.4109,-0.0479,-0.2897,0.096,0,0,1,0,1,1,0,0,1,364.0,WAIT,等待掉台触发,0,0,1
39.913,517.0,776.0,355.0,1190.0,-0.4082,-0.0479,-0.2869,0.0981,0,0,1,0,1,1,0,0,1,356.0,WAIT,等待掉台触发,0,0,1
39.934,516.0,777.0,353.0,1187.0,-0.4082,-0.0458,-0.2869,0.0981,0,0,1,0,1,1,0,0,1,303.0,WAIT,等待掉台触发,0,0,1
39.954,517.0,776.0,355.0,1188.0,-0.4054,-0.0479,-0.2869,0.0939,0,0,1,0,1,1,0,0,1,317.0,WAIT,等待掉台触发,0,0,1
39.974,518.0,777.0,355.0,1189.0,-0.4054,-0.0458,-0.2869,0.0939,0,0,1,0,1,1,0,0,1,291.0,WAIT,等待掉台触发,0,0,1
39.994,519.0,776.0,354.0,1189.0,-0.4027,-0.0479,-0.2869,0.096,0,0,1,0,1,1,0,0,1,389.0,WAIT,等待掉台触发,0,0,1
40.014,520.0,777.0,355.0,1190.0,-0.4,-0.0458,-0.2869,0.096,0,0,1,0,1,1,0,0,1,356.0,WAIT,等待掉台触发,0,0,1
40.034,520.0,776.0,356.0,1189.0,-0.3973,-0.0479,-0.2869,0.096,0,0,1,0,1,1,0,0,1,316.0,WAIT,等待掉台触发,0,0,1
40.054,519.0,777.0,354.0,1189.0,-0.3973,-0.0458,-0.2869,0.096,0,0,1,0,1,1,0,0,1,308.0,WAIT,等待掉台触发,0,0,1
40.074,520.0,779.0,354.0,1191.0,-0.3973,-0.0458,-0.2897,0.096,0,0,1,0,1,1,0,0,1,321.0,WAIT,等待掉台触发,0,0,1
40.094,520.0,779.0,354.0,1191.0,-0.3973,-0.0414,-0.2897,0.1002,0,0,1,0,1,1,0,0,1,321.0,WAIT,等待掉台触发,0,0,1
40.115,520.0,776.0,354.0,1188.0,-0.3973,-0.0414,-0.2897,0.1002,0,0,1,0,1,1,0,0,1,353.0,WAIT,等待掉台触发,0,0,1
40.135,519.0,776.0,353.0,1187.0,-0.3973,-0.0479,-0.2897,0.0939,0,0,1,0,1,1,0,0,1,327.0,WAIT,等待掉台触发,0,0,1
40.155,521.0,778.0,355.0,1190.0,-0.3973,-0.0479,-0.2897,0.0939,0,0,1,0,1,1,0,0,1,342.0,WAIT,等待掉台触发,0,0,1
40.175,522.0,778.0,355.0,1189.0,-0.3946,-0.0436,-0.2869,0.096,0,0,1,0,1,1,0,0,1,309.0,WAIT,等待掉台触发,0,0,1
40.195,520.0,776.0,354.0,1188.0,-0.3946,-0.0436,-0.2869,0.096,0,0,1,0,1,1,0,0,1,344.0,WAIT,等待掉台触发,0,0,1
40.215,522.0,779.0,355.0,1190.0,-0.3918,-0.0436,-0.2869,0.096,0,0,1,0,1,1,0,0,1,372.0,WAIT,等待掉台触发,0,0,1
40.236,522.0,778.0,355.0,1190.0,-0.3918,-0.0436,-0.2869,0.0981,0,0,1,0,1,1,0,0,1,309.0,WAIT,等待掉台触发,0,0,1
40.256,521.0,776.0,353.0,1185.0,-0.3918,-0.0436,-0.2869,0.0981,0,0,1,0,1,1,0,0,1,308.0,WAIT,等待掉台触发,0,0,1
40.276,522.0,778.0,355.0,1189.0,-0.3918,-0.0436,-0.2869,0.096,0,0,1,0,1,1,0,0,1,289.0,WAIT,等待掉台触发,0,0,1
40.296,522.0,778.0,355.0,1189.0,-0.3918,-0.0436,-0.2869,0.096,0,0,1,0,1,1,0,0,1,422.0,WAIT,等待掉台触发,0,0,1
40.316,522.0,777.0,353.0,1186.0,-0.3918,-0.0436,-0.2869,0.096,0,0,1,0,1,1,0,0,1,356.0,WAIT,等待掉台触发,0,0,1
40.336,524.0,778.0,356.0,1190.0,-0.3918,-0.0436,-0.2869,0.096,0,0,1,0,1,1,0,0,1,356.0,WAIT,等待掉台触发,0,0,1
40.357,522.0,778.0,355.0,1188.0,-0.3918,-0.0436,-0.2869,0.0939,0,0,1,0,1,1,0,0,1,307.0,WAIT,等待掉台触发,0,0,1
40.377,523.0,778.0,354.0,1188.0,-0.3891,-0.0436,-0.2869,0.0939,0,0,1,0,1,1,0,0,1,308.0,WAIT,等待掉台触发,0,0,1
40.397,522.0,777.0,354.0,1186.0,-0.3918,-0.0436,-0.2897,0.0939,0,0,1,0,1,1,0,0,1,371.0,WAIT,等待掉台触发,0,0,1
40.417,523.0,779.0,355.0,1188.0,-0.3891,-0.0436,-0.2897,0.0939,0,0,1,0,1,1,0,0,1,406.0,WAIT,等待掉台触发,0,0,1
40.437,523.0,777.0,353.0,1187.0,-0.3891,-0.0458,-0.2897,0.0919,0,0,1,0,1,1,0,0,1,298.0,WAIT,等待掉台触发,0,0,1
40.457,524.0,779.0,355.0,1189.0,-0.3891,-0.0414,-0.2869,0.0939,0,0,1,0,1,1,0,0,1,307.0,WAIT,等待掉台触发,0,0,1
40.477,524.0,779.0,355.0,1188.0,-0.3864,-0.0414,-0.2869,0.0939,0,0,1,0,1,1,0,0,1,293.0,WAIT,等待掉台触发,0,0,1
40.497,523.0,777.0,354.0,1187.0,-0.3864,-0.0414,-0.2869,0.0939,0,0,1,0,1,1,0,0,1,358.0,WAIT,等待掉台触发,0,0,1
40.517,523.0,777.0,354.0,1187.0,-0.3891,-0.0458,-0.2897,0.0919,0,0,1,0,1,1,0,0,1,358.0,WAIT,等待掉台触发,0,0,1
40.537,523.0,779.0,355.0,1188.0,-0.3891,-0.0458,-0.2897,0.0919,0,0,1,0,1,1,0,0,1,355.0,WAIT,等待掉台触发,0,0,1
40.558,522.0,777.0,354.0,1186.0,-0.3891,-0.0458,-0.2897,0.0919,0,0,1,0,1,1,0,0,1,357.0,WAIT,等待掉台触发,0,0,1
40.578,522.0,777.0,354.0,1187.0,-0.3918,-0.0458,-0.2897,0.0919,0,0,1,0,1,1,0,0,1,311.0,WAIT,等待掉台触发,0,0,1
40.598,524.0,778.0,355.0,1188.0,-0.3918,-0.0458,-0.2897,0.0919,0,0,1,0,1,1,0,0,1,310.0,WAIT,等待掉台触发,0,0,1
40.618,523.0,777.0,354.0,1185.0,-0.3891,-0.0458,-0.2897,0.0919,0,0,1,0,1,1,0,0,1,343.0,WAIT,等待掉台触发,0,0,1
40.638,522.0,774.0,354.0,1184.0,-0.3891,-0.0458,-0.2897,0.0877,0,0,1,0,1,1,0,0,1,309.0,WAIT,等待掉台触发,0,0,1
40.658,525.0,779.0,355.0,1188.0,-0.3891,-0.0458,-0.2897,0.0877,0,0,1,0,1,1,0,0,1,308.0,WAIT,等待掉台触发,0,0,1
40.678,525.0,779.0,355.0,1188.0,-0.3837,-0.0414,-0.2869,0.0939,0,0,1,0,1,1,0,0,1,310.0,WAIT,等待掉台触发,0,0,1
40.699,525.0,779.0,355.0,1188.0,-0.3837,-0.0414,-0.2869,0.0939,0,0,1,0,1,1,0,0,1,356.0,WAIT,等待掉台触发,0,0,1
40.719,525.0,780.0,355.0,1188.0,-0.3837,-0.0414,-0.2869,0.0939,0,0,1,0,1,1,0,0,1,357.0,WAIT,等待掉台触发,0,0,1
40.739,525.0,780.0,356.0,1188.0,-0.3837,-0.0392,-0.2869,0.0939,0,0,1,0,1,1,0,0,1,357.0,WAIT,等待掉台触发,0,0,1
40.759,525.0,780.0,356.0,1188.0,-0.3837,-0.0392,-0.2841,0.0939,0,0,1,0,1,1,0,0,1,291.0,WAIT,等待掉台触发,0,0,1
40.779,525.0,780.0,355.0,1188.0,-0.3837,-0.0392,-0.2841,0.0939,0,0,1,0,1,1,0,0,1,290.0,WAIT,等待掉台触发,0,0,1
40.799,525.0,780.0,356.0,1188.0,-0.3837,-0.0392,-0.2841,0.0939,0,0,1,0,1,1,0,0,1,309.0,WAIT,等待掉台触发,0,0,1
40.819,524.0,779.0,355.0,1187.0,-0.3837,-0.0392,-0.2869,0.0939,0,0,1,0,1,1,0,0,1,357.0,WAIT,等待掉台触发,0,0,1
40.839,525.0,779.0,356.0,1188.0,-0.3837,-0.0414,-0.2841,0.0939,0,0,1,0,1,1,0,0,1,388.0,WAIT,等待掉台触发,0,0,1
40.86,524.0,780.0,356.0,1186.0,-0.3864,-0.0414,-0.2841,0.0919,0,0,1,0,1,1,0,0,1,309.0,WAIT,等待掉台触发,0,0,1
40.88,525.0,780.0,355.0,1188.0,-0.3837,-0.0392,-0.2841,0.0939,0,0,1,0,1,1,0,0,1,307.0,WAIT,等待掉台触发,0,0,1
40.9,525.0,780.0,355.0,1188.0,-0.3837,-0.0392,-0.2869,0.0939,0,0,1,0,1,1,0,0,1,307.0,WAIT,等待掉台触发,0,0,1
40.92,524.0,778.0,355.0,1185.0,-0.3837,-0.0392,-0.2869,0.0939,0,0,1,0,1,1,0,0,1,310.0,WAIT,等待掉台触发,0,0,1
40.94,523.0,779.0,355.0,1186.0,-0.3864,-0.0414,-0.2869,0.0898,0,0,1,0,1,1,0,0,1,357.0,WAIT,等待掉台触发,0,0,1
40.96,523.0,779.0,356.0,1186.0,-0.3891,-0.0414,-0.2869,0.0898,0,0,1,0,1,1,0,0,1,308.0,WAIT,等待掉台触发,0,0,1
40.98,523.0,779.0,355.0,1186.0,-0.3891,-0.0414,-0.2869,0.0898,0,0,1,0,1,1,0,0,1,307.0,WAIT,等待掉台触发,0,0,1
41.001,522.0,776.0,354.0,1180.0,-0.3891,-0.0414,-0.2869,0.0898,0,0,1,0,1,1,0,0,1,307.0,WAIT,等待掉台触发,0,0,1
41.021,524.0,779.0,355.0,1185.0,-0.3891,-0.0414,-0.2869,0.0877,0,0,1,0,1,1,0,0,1,326.0,WAIT,等待掉台触发,0,0,1
41.041,523.0,777.0,354.0,1184.0,-0.3891,-0.0458,-0.2897,0.0856,0,0,1,0,1,1,0,0,1,347.0,WAIT,等待掉台触发,0,0,1
41.061,523.0,777.0,354.0,1184.0,-0.3891,-0.0458,-0.2897,0.0856,0,0,1,0,1,1,0,0,1,405.0,WAIT,等待掉台触发,0,0,1
41.081,523.0,778.0,354.0,1185.0,-0.3891,-0.0458,-0.2897,0.0856,0,0,1,0,1,1,0,0,1,293.0,WAIT,等待掉台触发,0,0,1
41.101,524.0,779.0,354.0,1185.0,-0.3891,-0.0436,-0.2897,0.0877,0,0,1,0,1,1,0,0,1,308.0,WAIT,等待掉台触发,0,0,1
41.121,524.0,777.0,355.0,1184.0,-0.3864,-0.0436,-0.2897,0.0877,0,0,1,0,1,1,0,0,1,348.0,WAIT,等待掉台触发,0,0,1
41.141,523.0,776.0,355.0,1184.0,-0.3864,-0.0458,-0.2869,0.0856,0,0,1,0,1,1,0,0,1,313.0,WAIT,等待掉台触发,0,0,1
41.161,524.0,778.0,354.0,1184.0,-0.3864,-0.0458,-0.2869,0.0856,0,0,1,0,1,1,0,0,1,277.0,WAIT,等待掉台触发,0,0,1
41.182,524.0,777.0,354.0,1184.0,-0.3864,-0.0458,-0.2897,0.0856,0,0,1,0,1,1,0,0,1,309.0,WAIT,等待掉台触发,0,0,1
41.203,524.0,776.0,354.0,1184.0,-0.3864,-0.0458,-0.2897,0.0856,0,0,1,0,1,1,0,0,1,339.0,WAIT,等待掉台触发,0,0,1
41.223,524.0,776.0,353.0,1182.0,-0.3864,-0.0479,-0.2897,0.0856,0,0,1,0,1,1,0,0,1,357.0,WAIT,等待掉台触发,0,0,1
41.243,525.0,779.0,356.0,1185.0,-0.3864,-0.0479,-0.2897,0.0856,0,0,1,0,1,1,0,0,1,350.0,WAIT,等待掉台触发,0,0,1
41.263,524.0,776.0,354.0,1182.0,-0.3864,-0.0479,-0.2897,0.0814,0,0,1,0,1,1,0,0,1,357.0,WAIT,等待掉台触发,0,0,1
41.283,524.0,777.0,354.0,1182.0,-0.3864,-0.0458,-0.2897,0.0814,0,0,1,0,1,1,0,0,1,290.0,WAIT,等待掉台触发,0,0,1
41.303,524.0,776.0,354.0,1183.0,-0.3864,-0.0479,-0.2897,0.0814,0,0,1,0,1,1,0,0,1,306.0,WAIT,等待掉台触发,0,0,1
41.323,525.0,777.0,354.0,1184.0,-0.3864,-0.0458,-0.2897,0.0835,0,0,1,0,1,1,0,0,1,359.0,WAIT,等待掉台触发,0,0,1
41.343,525.0,778.0,355.0,1184.0,-0.3837,-0.0458,-0.2897,0.0856,0,0,1,0,1,1,0,0,1,374.0,WAIT,等待掉台触发,0,0,1
41.363,524.0,776.0,354.0,1182.0,-0.3837,-0.0458,-0.2897,0.0856,0,0,1,0,1,1,0,0,1,340.0,WAIT,等待掉台触发,0,0,1
41.383,524.0,775.0,354.0,1181.0,-0.3864,-0.0479,-0.2897,0.0814,0,0,1,0,1,1,0,0,1,292.0,WAIT,等待掉台触发,0,0,1
41.404,525.0,777.0,355.0,1184.0,-0.3864,-0.0479,-0.2897,0.0814,0,0,1,0,1,1,0,0,1,301.0,WAIT,等待掉台触发,0,0,1
41.424,523.0,776.0,353.0,1181.0,-0.3864,-0.0479,-0.2897,0.0793,0,0,1,0,1,1,0,0,1,308.0,WAIT,等待掉台触发,0,0,1
41.444,523.0,776.0,353.0,1181.0,-0.3891,-0.0479,-0.2925,0.0793,0,0,1,0,1,1,0,0,1,308.0,WAIT,等待掉台触发,0,0,1
41.464,524.0,777.0,353.0,1181.0,-0.3891,-0.0479,-0.2925,0.0793,0,0,1,0,1,1,0,0,1,372.0,WAIT,等待掉台触发,0,0,1
41.484,527.0,779.0,355.0,1186.0,-0.3864,-0.0458,-0.2925,0.0793,0,0,1,0,1,1,0,0,1,325.0,WAIT,等待掉台触发,0,0,1
41.504,526.0,779.0,356.0,1186.0,-0.381,-0.0414,-0.2869,0.0898,0,0,1,0,1,1,0,0,1,305.0,WAIT,等待掉台触发,0,0,1
41.525,527.0,780.0,355.0,1186.0,-0.3782,-0.0414,-0.2869,0.0898,0,0,1,0,1,1,0,0,1,290.0,WAIT,等待掉台触发,0,0,1
41.545,526.0,780.0,356.0,1186.0,-0.381,-0.0392,-0.2841,0.0898,0,0,1,0,1,1,0,0,1,275.0,WAIT,等待掉台触发,0,0,1
41.565,528.0,780.0,356.0,1187.0,-0.3782,-0.0392,-0.2841,0.0898,0,0,1,0,1,1,0,0,1,340.0,WAIT,等待掉台触发,0,0,1
41.585,526.0,780.0,355.0,1186.0,-0.381,-0.0392,-0.2841,0.0898,0,0,1,0,1,1,0,0,1,355.0,WAIT,等待掉台触发,0,0,1
41.605,526.0,779.0,356.0,1186.0,-0.381,-0.0392,-0.2841,0.0898,0,0,1,0,1,1,0,0,1,365.0,WAIT,等待掉台触发,0,0,1
41.626,527.0,781.0,355.0,1186.0,-0.381,-0.0392,-0.2869,0.0898,0,0,1,0,1,1,0,0,1,308.0,WAIT,等待掉台触发,0,0,1
41.646,527.0,781.0,356.0,1187.0,-0.3782,-0.037,-0.2841,0.0898,0,0,1,0,1,1,0,0,1,323.0,WAIT,等待掉台触发,0,0,1
41.666,526.0,781.0,356.0,1186.0,-0.3782,-0.037,-0.2841,0.0898,0,0,1,0,1,1,0,0,1,357.0,WAIT,等待掉台触发,0,0,1
41.686,527.0,780.0,355.0,1186.0,-0.3782,-0.037,-0.2841,0.0898,0,0,1,0,1,1,0,0,1,300.0,WAIT,等待掉台触发,0,0,1
41.706,525.0,780.0,355.0,1186.0,-0.381,-0.0392,-0.2869,0.0898,0,0,1,0,1,1,0,0,1,293.0,WAIT,等待掉台触发,0,0,1
41.726,526.0,781.0,355.0,1185.0,-0.381,-0.0392,-0.2869,0.0898,0,0,1,0,1,1,0,0,1,309.0,WAIT,等待掉台触发,0,0,1
41.746,527.0,781.0,356.0,1185.0,-0.381,-0.037,-0.2869,0.0877,0,0,1,0,1,1,0,0,1,357.0,WAIT,等待掉台触发,0,0,1
41.766,525.0,777.0,356.0,1184.0,-0.381,-0.037,-0.2841,0.0877,0,0,1,0,1,1,0,0,1,361.0,WAIT,等待掉台触发,0,0,1
41.786,528.0,776.0,356.0,1184.0,-0.3782,-0.0458,-0.2841,0.0856,0,0,1,0,1,1,0,0,1,309.0,WAIT,等待掉台触发,0,0,1
41.806,524.0,773.0,356.0,1181.0,-0.3837,-0.0479,-0.2841,0.0856,0,0,1,0,1,1,0,0,1,308.0,WAIT,等待掉台触发,0,0,1
41.827,523.0,768.0,355.0,1178.0,-0.3864,-0.0545,-0.2841,0.0793,0,0,1,0,1,1,0,0,1,309.0,WAIT,等待掉台触发,0,0,1
41.847,524.0,762.0,354.0,1174.0,-0.3864,-0.0654,-0.2869,0.0731,0,0,1,0,1,1,0,0,1,309.0,WAIT,等待掉台触发,0,0,1
41.867,525.0,758.0,355.0,1169.0,-0.3864,-0.0784,-0.2869,0.0647,0,0,1,0,1,1,0,0,1,355.0,WAIT,等待掉台触发,0,0,1
41.887,524.0,757.0,356.0,1168.0,-0.3864,-0.0871,-0.2869,0.0543,0,0,1,0,1,1,0,0,1,357.0,WAIT,等待掉台触发,0,0,1
41.907,527.0,747.0,355.0,1156.0,-0.3837,-0.0893,-0.2869,0.0522,0,0,1,0,1,1,0,0,1,308.0,WAIT,等待掉台触发,0,0,1
41.927,528.0,729.0,352.0,1152.0,-0.3782,-0.1111,-0.2869,0.0271,0,0,1,0,1,1,0,0,1,309.0,WAIT,等待掉台触发,0,0,1
41.947,533.0,728.0,352.0,1148.0,-0.3755,-0.1503,-0.2953,0.0188,0,0,1,0,1,1,0,0,1,406.0,WAIT,等待掉台触发,0,0,1
41.967,544.0,735.0,351.0,1149.0,-0.3619,-0.1503,-0.2953,0.0125,0,0,1,0,1,1,0,0,1,374.0,WAIT,等待掉台触发,0,0,1
41.987,544.0,735.0,351.0,1149.0,-0.332,-0.1373,-0.2981,0.0125,0,0,1,0,1,1,0,0,1,374.0,WAIT,等待掉台触发,0,0,1
42.008,544.0,749.0,350.0,1146.0,-0.332,-0.1373,-0.2981,0.0125,0,0,1,0,1,1,0,0,1,390.0,WAIT,等待掉台触发,0,0,1
42.028,542.0,763.0,349.0,1134.0,-0.332,-0.1068,-0.3008,0.0063,0,0,1,0,1,1,0,0,1,326.0,WAIT,等待掉台触发,0,0,1
42.048,541.0,773.0,352.0,1113.0,-0.3374,-0.0763,-0.3008,-0.0188,1,0,1,0,1,1,0,0,1,293.0,WAIT,等待掉台触发,0,0,1
42.068,541.0,759.0,355.0,1088.0,-0.3401,-0.0763,-0.2953,-0.0626,1,0,1,0,1,1,0,0,1,339.0,WAIT,等待掉台触发,0,0,1
42.088,543.0,734.0,356.0,1080.0,-0.3401,-0.085,-0.2869,-0.1148,1,1,1,0,1,1,0,0,1,374.0,ADC_CORRECT,掉台触发且前头红外亮，直接矫正,0,0,1
42.108,549.0,710.0,349.0,1076.0,-0.3347,-0.1394,-0.2869,-0.1315,1,0,1,0,1,1,0,0,1,343.0,ADC_CORRECT,ADC 矫正中 diff=343,150,-150,1
42.128,553.0,699.0,346.0,1052.0,-0.3184,-0.1917,-0.3036,-0.1399,1,0,1,0,1,1,0,0,1,326.0,ADC_CORRECT,ADC 矫正中 diff=326,150,-150,1
42.148,556.0,706.0,345.0,1042.0,-0.3075,-0.2004,-0.312,-0.19,1,0,1,0,1,1,0,0,1,324.0,ADC_CORRECT,ADC 矫正中 diff=324,150,-150,1
42.169,558.0,721.0,344.0,1039.0,-0.2993,-0.2004,-0.3148,-0.2109,1,0,1,0,1,1,0,0,1,374.0,ADC_CORRECT,ADC 矫正中 diff=374,150,-150,1
42.189,565.0,727.0,341.0,1017.0,-0.2939,-0.1678,-0.3175,-0.2171,1,0,1,0,1,1,0,0,1,349.0,ADC_CORRECT,ADC 矫正中 diff=349,150,-150,1
42.209,566.0,723.0,341.0,995.0,-0.2748,-0.1634,-0.3259,-0.263,1,0,1,0,1,1,0,0,1,308.0,ADC_CORRECT,ADC 矫正中 diff=308,150,-150,1
42.229,558.0,730.0,339.0,984.0,-0.2748,-0.1547,-0.3259,-0.309,1,0,1,0,1,1,0,0,1,309.0,ADC_CORRECT,ADC 矫正中 diff=309,150,-150,1
42.249,559.0,741.0,342.0,982.0,-0.2912,-0.1481,-0.3259,-0.3319,1,0,1,0,1,1,0,0,1,356.0,ADC_CORRECT,ADC 矫正中 diff=356,150,-150,1
42.269,557.0,740.0,345.0,989.0,-0.2939,-0.1264,-0.3231,-0.3319,1,0,1,0,1,1,0,0,1,353.0,ADC_CORRECT,ADC 矫正中 diff=353,150,-150,1
42.289,560.0,742.0,344.0,985.0,-0.2912,-0.1242,-0.3175,-0.3299,1,0,1,0,1,0,0,0,1,326.0,ADC_CORRECT,ADC 矫正中 diff=326,150,-150,1
42.309,560.0,744.0,344.0,970.0,-0.2884,-0.122,-0.3175,-0.3299,1,0,1,0,1,0,0,0,1,277.0,ADC_CORRECT,ADC 矫正中 diff=277,150,-150,1
42.33,556.0,742.0,343.0,962.0,-0.2884,-0.122,-0.3175,-0.3612,1,0,1,0,1,0,0,0,1,260.0,ADC_CORRECT,ADC 矫正中 diff=260,150,-150,1
42.35,548.0,735.0,343.0,962.0,-0.2993,-0.122,-0.3203,-0.3779,1,0,1,0,1,0,1,0,1,297.0,ADC_CORRECT,ADC 矫正中 diff=297,150,-150,1
42.37,548.0,735.0,343.0,962.0,-0.3211,-0.1373,-0.3203,-0.3779,1,0,1,0,1,0,1,0,1,297.0,ADC_CORRECT,ADC 矫正中 diff=297,150,-150,1
42.39,544.0,715.0,344.0,958.0,-0.3211,-0.1373,-0.3203,-0.3779,1,0,1,0,1,0,1,0,1,245.0,ADC_CORRECT,ADC 矫正中 diff=245,150,-150,1
42.411,548.0,702.0,349.0,944.0,-0.3211,-0.1808,-0.3175,-0.3862,1,0,1,0,1,0,1,0,1,210.0,ADC_CORRECT,ADC 矫正中 diff=210,150,-150,1
42.431,541.0,696.0,355.0,936.0,-0.332,-0.2092,-0.3036,-0.4154,1,0,0,0,1,0,1,0,1,112.0,ADC_CORRECT,ADC 矫正中 diff=112,150,-150,1
42.451,539.0,691.0,360.0,936.0,-0.3401,-0.2222,-0.2869,-0.4322,1,0,0,0,1,0,1,0,1,260.0,ADC_CORRECT,ADC 矫正中 diff=260,150,-150,1
42.471,536.0,675.0,369.0,940.0,-0.3456,-0.2331,-0.273,-0.4322,1,0,0,0,1,0,1,0,1,358.0,ADC_CORRECT,ADC 矫正中 diff=358,150,-150,1
42.491,534.0,678.0,368.0,950.0,-0.3537,-0.2614,-0.2507,-0.4238,1,0,0,0,1,0,1,0,1,390.0,ADC_CORRECT,ADC 矫正中 diff=390,150,-150,1
42.511,536.0,729.0,378.0,963.0,-0.3537,-0.2614,-0.2479,-0.4029,1,0,1,0,1,0,1,0,1,341.0,ADC_CORRECT,ADC 矫正中 diff=341,150,-150,1
42.531,545.0,774.0,378.0,973.0,-0.3537,-0.1503,-0.2228,-0.3758,1,0,1,0,1,0,1,0,1,353.0,ADC_CORRECT,ADC 矫正中 diff=353,150,-150,1
42.552,538.0,773.0,368.0,974.0,-0.3483,-0.0545,-0.2228,-0.3549,1,0,1,0,1,0,1,0,1,275.0,ADC_CORRECT,ADC 矫正中 diff=275,150,-150,1
42.572,534.0,781.0,372.0,979.0,-0.3483,-0.0523,-0.2396,-0.3528,1,0,1,0,1,0,1,0,1,325.0,ADC_CORRECT,ADC 矫正中 diff=325,150,-150,1
42.592,528.0,776.0,370.0,978.0,-0.3592,-0.0479,-0.2451,-0.3445,1,0,1,0,1,0,1,0,1,342.0,ADC_CORRECT,ADC 矫正中 diff=342,150,-150,1
42.612,526.0,768.0,370.0,977.0,-0.3755,-0.0479,-0.2451,-0.3445,1,0,1,0,1,0,1,0,1,247.0,ADC_CORRECT,ADC 矫正中 diff=247,150,-150,1
42.632,523.0,762.0,370.0,976.0,-0.381,-0.0654,-0.2451,-0.3466,1,0,1,0,1,0,1,0,1,285.0,ADC_CORRECT,ADC 矫正中 diff=285,150,-150,1
42.652,523.0,760.0,370.0,972.0,-0.3891,-0.0784,-0.2451,-0.3486,1,0,1,0,0,0,1,1,1,292.0,ADC_CORRECT,ADC 矫正中 diff=292,150,-150,1
42.672,522.0,755.0,370.0,964.0,-0.3891,-0.0828,-0.2451,-0.357,1,0,1,0,0,0,1,1,1,357.0,ADC_CORRECT,ADC 矫正中 diff=357,150,-150,1
42.692,524.0,752.0,371.0,960.0,-0.3891,-0.0937,-0.2451,-0.3737,1,0,1,0,0,0,1,1,1,324.0,ADC_CORRECT,ADC 矫正中 diff=324,150,-150,1
42.712,526.0,751.0,372.0,956.0,-0.3864,-0.1002,-0.2423,-0.382,1,0,1,0,0,0,1,1,1,277.0,ADC_CORRECT,ADC 矫正中 diff=277,150,-150,1
42.733,525.0,747.0,371.0,957.0,-0.3837,-0.1024,-0.2423,-0.3883,1,0,1,0,0,0,1,1,1,277.0,ADC_CORRECT,ADC 矫正中 diff=277,150,-150,1
42.753,525.0,747.0,371.0,957.0,-0.3837,-0.1111,-0.2423,-0.3883,1,0,1,0,0,0,1,1,1,277.0,ADC_CORRECT,ADC 矫正中 diff=277,150,-150,1
42.773,524.0,744.0,370.0,958.0,-0.3837,-0.1111,-0.2423,-0.3883,1,0,1,0,0,0,1,1,1,277.0,ADC_CORRECT,ADC 矫正中 diff=277,150,-150,1
42.793,528.0,744.0,371.0,969.0,-0.3837,-0.1176,-0.2423,-0.3862,1,0,1,0,0,0,1,1,1,292.0,ADC_CORRECT,ADC 矫正中 diff=292,150,-150,1
42.813,528.0,742.0,371.0,975.0,-0.3755,-0.1176,-0.2423,-0.3633,1,0,1,0,0,0,1,1,1,324.0,ADC_CORRECT,ADC 矫正中 diff=324,150,-150,1
42.833,528.0,739.0,373.0,980.0,-0.3755,-0.122,-0.2423,-0.3507,1,0,1,0,0,0,1,1,1,276.0,ADC_CORRECT,ADC 矫正中 diff=276,150,-150,1
42.853,527.0,732.0,373.0,969.0,-0.3755,-0.1285,-0.2368,-0.3507,1,0,1,0,0,0,1,1,1,277.0,ADC_CORRECT,ADC 矫正中 diff=277,150,-150,1
42.874,527.0,728.0,370.0,956.0,-0.3782,-0.1438,-0.2368,-0.3633,1,0,1,0,0,0,1,1,1,327.0,ADC_CORRECT,ADC 矫正中 diff=327,150,-150,1
42.894,528.0,731.0,370.0,952.0,-0.3782,-0.146,-0.2451,-0.3904,1,0,1,0,0,0,1,1,1,360.0,ADC_CORRECT,ADC 矫正中 diff=360,150,-150,1
42.914,528.0,739.0,368.0,953.0,-0.3755,-0.146,-0.2451,-0.3967,1,0,1,1,0,0,1,1,1,324.0,ADC_CORRECT,ADC 矫正中 diff=324,150,-150,1
42.934,526.0,744.0,365.0,953.0,-0.3755,-0.1285,-0.2507,-0.3967,1,0,1,1,0,0,1,1,1,292.0,ADC_CORRECT,ADC 矫正中 diff=292,150,-150,1
42.954,526.0,743.0,363.0,948.0,-0.381,-0.1198,-0.2591,-0.3967,1,0,1,1,0,0,1,1,1,292.0,ADC_CORRECT,ADC 矫正中 diff=292,150,-150,1
42.974,526.0,744.0,360.0,941.0,-0.381,-0.1176,-0.2646,-0.4071,1,0,1,1,0,0,1,1,1,290.0,ADC_CORRECT,ADC 矫正中 diff=290,150,-150,1
42.995,525.0,745.0,359.0,937.0,-0.381,-0.1176,-0.273,-0.4217,1,0,1,1,0,0,1,1,1,325.0,ADC_CORRECT,ADC 矫正中 diff=325,150,-150,1
43.015,525.0,743.0,358.0,936.0,-0.3837,-0.1176,-0.2758,-0.4301,1,0,1,1,0,0,1,1,1,292.0,ADC_CORRECT,ADC 矫正中 diff=292,150,-150,1
43.035,528.0,744.0,359.0,934.0,-0.3837,-0.1176,-0.2758,-0.4322,1,0,1,1,0,0,1,1,1,349.0,ADC_CORRECT,ADC 矫正中 diff=349,150,-150,1
43.055,530.0,752.0,360.0,935.0,-0.3755,-0.1176,-0.2758,-0.4342,1,0,1,1,0,0,1,1,1,307.0,ADC_CORRECT,ADC 矫正中 diff=307,150,-150,1
43.075,529.0,747.0,361.0,934.0,-0.3728,-0.1111,-0.273,-0.4363,1,0,1,1,0,0,1,1,1,373.0,ADC_CORRECT,ADC 矫正中 diff=373,150,-150,1
43.095,527.0,747.0,360.0,936.0,-0.3728,-0.1111,-0.273,-0.4342,1,0,1,1,0,0,1,1,1,358.0,ADC_CORRECT,ADC 矫正中 diff=358,150,-150,1
43.116,527.0,747.0,360.0,936.0,-0.3782,-0.1111,-0.273,-0.4322,1,0,1,1,0,0,1,1,1,358.0,ADC_CORRECT,ADC 矫正中 diff=358,150,-150,1
43.136,526.0,748.0,359.0,937.0,-0.3782,-0.1111,-0.273,-0.4322,1,0,1,1,0,0,1,1,1,308.0,ADC_CORRECT,ADC 矫正中 diff=308,150,-150,1
43.156,525.0,748.0,357.0,936.0,-0.381,-0.1089,-0.2758,-0.4322,1,0,1,1,0,0,1,1,1,293.0,ADC_CORRECT,ADC 矫正中 diff=293,150,-150,1
43.176,525.0,749.0,358.0,938.0,-0.3837,-0.1089,-0.2786,-0.4301,1,0,1,1,0,0,1,1,1,308.0,ADC_CORRECT,ADC 矫正中 diff=308,150,-150,1
43.196,524.0,750.0,359.0,938.0,-0.3837,-0.1068,-0.2786,-0.428,1,0,1,1,0,0,1,1,1,389.0,ADC_CORRECT,ADC 矫正中 diff=389,150,-150,1
43.216,524.0,750.0,357.0,937.0,-0.3864,-0.1046,-0.2786,-0.428,1,0,1,1,0,0,1,1,1,360.0,ADC_CORRECT,ADC 矫正中 diff=360,150,-150,1
43.236,524.0,751.0,358.0,940.0,-0.3864,-0.1046,-0.2786,-0.428,1,0,1,1,0,0,1,1,1,324.0,ADC_CORRECT,ADC 矫正中 diff=324,150,-150,1
43.256,523.0,750.0,357.0,939.0,-0.3864,-0.1046,-0.2813,-0.4259,1,0,1,1,0,0,1,1,1,317.0,ADC_CORRECT,ADC 矫正中 diff=317,150,-150,1
43.277,524.0,751.0,358.0,940.0,-0.3864,-0.1024,-0.2786,-0.4238,1,0,1,1,0,0,1,1,1,324.0,ADC_CORRECT,ADC 矫正中 diff=324,150,-150,1
43.297,523.0,751.0,357.0,940.0,-0.3891,-0.1024,-0.2813,-0.4238,1,0,1,1,0,0,1,1,1,341.0,ADC_CORRECT,ADC 矫正中 diff=341,150,-150,1
43.317,523.0,750.0,357.0,940.0,-0.3891,-0.1024,-0.2813,-0.4238,1,0,1,1,0,0,1,1,1,351.0,ADC_CORRECT,ADC 矫正中 diff=351,150,-150,1
43.337,523.0,750.0,357.0,942.0,-0.3891,-0.1046,-0.2813,-0.4238,1,0,1,1,0,0,1,1,1,308.0,ADC_CORRECT,ADC 矫正中 diff=308,150,-150,1
43.357,524.0,749.0,357.0,942.0,-0.3891,-0.1046,-0.2813,-0.4196,1,0,1,0,0,0,1,1,1,306.0,ADC_CORRECT,ADC 矫正中 diff=306,150,-150,1
43.377,522.0,750.0,357.0,940.0,-0.3891,-0.1046,-0.2813,-0.4196,1,0,1,0,0,0,1,1,1,309.0,ADC_CORRECT,ADC 矫正中 diff=309,150,-150,1
43.397,524.0,750.0,357.0,942.0,-0.3864,-0.1046,-0.2813,-0.4196,1,0,1,0,0,0,1,1,1,406.0,ADC_CORRECT,ADC 矫正中 diff=406,150,-150,1
43.418,523.0,750.0,358.0,941.0,-0.3891,-0.1046,-0.2813,-0.4217,1,0,1,0,0,0,1,1,1,360.0,ADC_CORRECT,ADC 矫正中 diff=360,150,-150,1
43.438,523.0,750.0,357.0,942.0,-0.3891,-0.1046,-0.2813,-0.4196,1,0,1,0,0,0,1,1,1,342.0,ADC_CORRECT,ADC 矫正中 diff=342,150,-150,1
43.459,523.0,749.0,357.0,942.0,-0.3891,-0.1046,-0.2813,-0.4196,1,0,1,0,0,0,1,1,1,329.0,ADC_CORRECT,ADC 矫正中 diff=329,150,-150,1
43.479,521.0,748.0,356.0,941.0,-0.3891,-0.1068,-0.2813,-0.4196,1,0,1,0,0,0,1,1,1,309.0,ADC_CORRECT,ADC 矫正中 diff=309,150,-150,1
43.499,522.0,749.0,358.0,943.0,-0.3918,-0.1068,-0.2813,-0.4196,1,0,1,0,0,0,1,1,1,325.0,ADC_CORRECT,ADC 矫正中 diff=325,150,-150,1
43.519,522.0,749.0,358.0,942.0,-0.3918,-0.1068,-0.2786,-0.4196,1,0,1,0,0,0,1,1,1,358.0,ADC_CORRECT,ADC 矫正中 diff=358,150,-150,1
43.539,521.0,748.0,357.0,941.0,-0.3918,-0.1068,-0.2786,-0.4196,1,0,1,0,0,0,1,1,1,308.0,ADC_CORRECT,ADC 矫正中 diff=308,150,-150,1
43.559,521.0,748.0,357.0,941.0,-0.3946,-0.1089,-0.2813,-0.4217,1,0,1,0,0,0,1,1,1,308.0,ADC_CORRECT,ADC 矫正中 diff=308,150,-150,1
43.579,521.0,749.0,357.0,942.0,-0.3946,-0.1089,-0.2813,-0.4217,1,0,1,0,0,0,1,1,1,307.0,ADC_CORRECT,ADC 矫正中 diff=307,150,-150,1
43.599,521.0,749.0,358.0,942.0,-0.3946,-0.1068,-0.2813,-0.4196,1,0,1,0,0,0,1,1,1,374.0,ADC_CORRECT,ADC 矫正中 diff=374,150,-150,1
43.62,522.0,750.0,357.0,945.0,-0.3946,-0.1068,-0.2813,-0.4196,1,0,1,0,0,0,1,1,1,375.0,ADC_CORRECT,ADC 矫正中 diff=375,150,-150,1
43.64,521.0,749.0,358.0,942.0,-0.3946,-0.1068,-0.2786,-0.4196,1,0,1,0,0,0,1,1,1,353.0,ADC_CORRECT,ADC 矫正中 diff=353,150,-150,1
43.66,520.0,747.0,357.0,942.0,-0.3946,-0.1068,-0.2813,-0.4196,1,0,1,0,0,0,1,1,1,293.0,ADC_CORRECT,ADC 矫正中 diff=293,150,-150,1
43.68,522.0,750.0,358.0,944.0,-0.3946,-0.1068,-0.2786,-0.4196,1,0,1,0,0,0,1,1,1,326.0,ADC_CORRECT,ADC 矫正中 diff=326,150,-150,1
43.7,521.0,748.0,357.0,943.0,-0.3946,-0.1089,-0.2813,-0.4175,1,0,1,0,0,0,1,1,1,343.0,ADC_CORRECT,ADC 矫正中 diff=343,150,-150,1
43.72,521.0,748.0,357.0,944.0,-0.3946,-0.1089,-0.2813,-0.4154,1,0,1,0,0,0,1,1,1,341.0,ADC_CORRECT,ADC 矫正中 diff=341,150,-150,1
43.741,521.0,749.0,357.0,944.0,-0.3946,-0.1089,-0.2813,-0.4154,1,0,1,0,0,0,1,1,1,309.0,ADC_CORRECT,ADC 矫正中 diff=309,150,-150,1
43.761,521.0,748.0,354.0,944.0,-0.3946,-0.1089,-0.2813,-0.4154,1,0,1,0,0,0,1,1,1,308.0,ADC_CORRECT,ADC 矫正中 diff=308,150,-150,1
43.781,521.0,743.0,352.0,943.0,-0.3946,-0.1089,-0.2897,-0.4154,1,0,1,0,0,0,1,1,1,307.0,ADC_CORRECT,ADC 矫正中 diff=307,150,-150,1
43.801,520.0,737.0,346.0,940.0,-0.3946,-0.1198,-0.2953,-0.4175,1,0,1,0,0,0,1,1,1,353.0,ADC_CORRECT,ADC 矫正中 diff=353,150,-150,1
43.821,514.0,727.0,340.0,938.0,-0.3973,-0.1329,-0.312,-0.4238,1,0,1,0,0,0,1,1,1,363.0,ADC_CORRECT,ADC 矫正中 diff=363,150,-150,1
43.841,512.0,726.0,339.0,949.0,-0.4136,-0.1547,-0.3287,-0.4238,1,0,1,0,0,0,1,1,1,307.0,ADC_CORRECT,ADC 矫正中 diff=307,150,-150,1
43.861,511.0,720.0,337.0,963.0,-0.419,-0.1569,-0.3315,-0.405,1,0,1,0,0,0,1,1,1,307.0,ADC_CORRECT,ADC 矫正中 diff=307,150,-150,1
43.881,508.0,704.0,335.0,977.0,-0.4218,-0.1699,-0.337,-0.3758,1,0,1,0,0,0,1,1,1,311.0,ADC_CORRECT,ADC 矫正中 diff=311,150,-150,1
43.902,503.0,684.0,330.0,994.0,-0.4299,-0.2048,-0.3426,-0.3466,1,0,1,0,0,0,1,1,1,357.0,ADC_CORRECT,ADC 矫正中 diff=357,150,-150,1
43.922,497.0,669.0,322.0,1003.0,-0.4435,-0.2484,-0.3565,-0.3111,1,0,1,0,0,0,1,1,1,367.0,ADC_CORRECT,ADC 矫正中 diff=367,150,-150,1
43.942,490.0,651.0,313.0,998.0,-0.4599,-0.281,-0.3788,-0.3027,1,0,1,0,0,0,1,1,1,294.0,ADC_CORRECT,ADC 矫正中 diff=294,150,-150,1
43.962,490.0,651.0,313.0,998.0,-0.4789,-0.3203,-0.4039,-0.3027,1,0,1,0,0,0,1,1,1,294.0,ADC_CORRECT,ADC 矫正中 diff=294,150,-150,1
43.982,482.0,627.0,308.0,977.0,-0.4789,-0.3203,-0.4039,-0.3027,1,0,1,0,0,0,1,1,1,342.0,ADC_CORRECT,ADC 矫正中 diff=342,150,-150,1
44.002,477.0,603.0,307.0,956.0,-0.5007,-0.3725,-0.4178,-0.3466,1,0,1,0,0,0,1,1,1,293.0,ADC_CORRECT,ADC 矫正中 diff=293,150,-150,1
44.022,474.0,584.0,308.0,930.0,-0.5143,-0.4248,-0.4178,-0.3904,1,0,1,0,0,0,1,1,1,343.0,ADC_CORRECT,ADC 矫正中 diff=343,150,-150,1
44.042,466.0,566.0,304.0,903.0,-0.5224,-0.4662,-0.4206,-0.4447,1,0,1,0,0,0,1,1,1,348.0,ADC_CORRECT,ADC 矫正中 diff=348,150,-150,1
44.063,464.0,558.0,301.0,883.0,-0.5442,-0.5054,-0.429,-0.501,1,0,1,0,0,0,1,1,1,233.0,ADC_CORRECT,ADC 矫正中 diff=233,150,-150,1
44.083,462.0,563.0,301.0,873.0,-0.5497,-0.512,-0.4373,-0.5428,1,0,1,0,0,0,1,1,1,294.0,ADC_CORRECT,ADC 矫正中 diff=294,150,-150,1
44.103,467.0,587.0,305.0,881.0,-0.5497,-0.512,-0.4373,-0.547,1,0,1,0,0,0,1,1,1,310.0,ADC_CORRECT,ADC 矫正中 diff=310,150,-150,1
44.123,474.0,636.0,315.0,910.0,-0.5415,-0.4597,-0.4262,-0.547,1,0,1,0,0,0,1,1,1,389.0,ADC_CORRECT,ADC 矫正中 diff=389,150,-150,1
44.143,484.0,726.0,336.0,976.0,-0.5224,-0.3529,-0.3983,-0.4864,1,0,1,0,0,0,1,1,1,377.0,ADC_CORRECT,ADC 矫正中 diff=377,150,-150,1
44.163,499.0,732.0,350.0,999.0,-0.4952,-0.1569,-0.3398,-0.3486,1,0,1,0,0,0,1,1,1,240.0,ADC_CORRECT,ADC 矫正中 diff=240,150,-150,1
44.184,504.0,756.0,350.0,1027.0,-0.4544,-0.1438,-0.3008,-0.3006,1,0,1,0,0,0,1,1,1,276.0,ADC_CORRECT,ADC 矫正中 diff=276,150,-150,1
44.205,505.0,761.0,348.0,1033.0,-0.4408,-0.0915,-0.3008,-0.2422,1,0,1,0,0,0,1,1,1,259.0,ADC_CORRECT,ADC 矫正中 diff=259,150,-150,1
44.226,508.0,761.0,349.0,1037.0,-0.4381,-0.0806,-0.3036,-0.2296,1,0,1,0,0,0,1,1,1,324.0,ADC_CORRECT,ADC 矫正中 diff=324,150,-150,1
44.246,508.0,763.0,349.0,1038.0,-0.4299,-0.0806,-0.3036,-0.2213,1,0,1,0,0,0,1,1,1,276.0,ADC_CORRECT,ADC 矫正中 diff=276,150,-150,1
44.266,507.0,763.0,350.0,1039.0,-0.4299,-0.0763,-0.3036,-0.2192,1,0,1,0,0,0,1,1,1,275.0,ADC_CORRECT,ADC 矫正中 diff=275,150,-150,1
44.286,505.0,763.0,349.0,1038.0,-0.4327,-0.0763,-0.3036,-0.2192,1,0,1,0,0,0,1,1,1,275.0,ADC_CORRECT,ADC 矫正中 diff=275,150,-150,1
44.306,505.0,765.0,349.0,1040.0,-0.4381,-0.0763,-0.3036,-0.2171,1,0,1,0,0,0,1,1,1,342.0,ADC_CORRECT,ADC 矫正中 diff=342,150,-150,1
44.326,504.0,766.0,350.0,1040.0,-0.4381,-0.0719,-0.3036,-0.215,1,0,1,0,0,0,1,1,1,359.0,ADC_CORRECT,ADC 矫正中 diff=359,150,-150,1
44.346,504.0,766.0,350.0,1038.0,-0.4408,-0.0697,-0.3008,-0.215,1,0,1,0,0,0,1,1,1,292.0,ADC_CORRECT,ADC 矫正中 diff=292,150,-150,1
44.366,504.0,767.0,349.0,1038.0,-0.4408,-0.0697,-0.3008,-0.2192,1,0,1,0,0,0,1,1,1,292.0,ADC_CORRECT,ADC 矫正中 diff=292,150,-150,1
44.387,504.0,767.0,349.0,1038.0,-0.4408,-0.0675,-0.3036,-0.2192,1,0,1,0,0,0,1,1,1,292.0,ADC_CORRECT,ADC 矫正中 diff=292,150,-150,1
44.407,505.0,766.0,349.0,1036.0,-0.4408,-0.0675,-0.3036,-0.2192,1,0,1,0,0,0,1,1,1,257.0,ADC_CORRECT,ADC 矫正中 diff=257,150,-150,1
44.427,504.0,768.0,350.0,1040.0,-0.4408,-0.0675,-0.3036,-0.2192,1,0,1,0,0,0,1,1,1,324.0,ADC_CORRECT,ADC 矫正中 diff=324,150,-150,1
44.447,504.0,767.0,349.0,1038.0,-0.4408,-0.0675,-0.3036,-0.2192,1,0,1,0,0,0,1,1,1,305.0,ADC_CORRECT,ADC 矫正中 diff=305,150,-150,1
44.467,504.0,768.0,350.0,1040.0,-0.4408,-0.0654,-0.3008,-0.215,1,0,1,0,0,0,1,1,1,259.0,ADC_CORRECT,ADC 矫正中 diff=259,150,-150,1
44.487,504.0,766.0,349.0,1037.0,-0.4408,-0.0675,-0.3036,-0.2192,1,0,1,0,0,0,1,1,1,324.0,ADC_CORRECT,ADC 矫正中 diff=324,150,-150,1
44.507,505.0,766.0,349.0,1037.0,-0.4408,-0.0697,-0.3036,-0.2213,1,0,1,0,0,0,1,1,1,262.0,ADC_CORRECT,ADC 矫正中 diff=262,150,-150,1
44.527,506.0,768.0,350.0,1038.0,-0.4381,-0.0697,-0.3036,-0.2213,1,0,1,0,0,0,1,1,1,326.0,ADC_CORRECT,ADC 矫正中 diff=326,150,-150,1
44.547,507.0,768.0,351.0,1038.0,-0.4354,-0.0654,-0.3008,-0.2192,1,0,1,0,0,0,1,1,1,287.0,ADC_CORRECT,ADC 矫正中 diff=287,150,-150,1
44.568,507.0,767.0,350.0,1038.0,-0.4327,-0.0654,-0.3008,-0.2192,1,0,1,0,0,0,1,1,1,248.0,ADC_CORRECT,ADC 矫正中 diff=248,150,-150,1
44.588,508.0,768.0,350.0,1039.0,-0.4327,-0.0654,-0.3008,-0.2192,1,0,1,0,0,0,1,1,1,275.0,ADC_CORRECT,ADC 矫正中 diff=275,150,-150,1
44.608,508.0,767.0,350.0,1038.0,-0.4299,-0.0675,-0.3008,-0.2192,1,0,1,0,0,0,1,1,1,325.0,ADC_CORRECT,ADC 矫正中 diff=325,150,-150,1
44.628,508.0,768.0,351.0,1038.0,-0.4299,-0.0654,-0.3008,-0.2192,1,0,1,0,0,0,1,1,1,358.0,ADC_CORRECT,ADC 矫正中 diff=358,150,-150,1
44.648,508.0,768.0,351.0,1038.0,-0.4299,-0.0654,-0.2981,-0.2192,1,0,1,0,0,0,1,1,1,296.0,ADC_CORRECT,ADC 矫正中 diff=296,150,-150,1
44.668,510.0,769.0,351.0,1040.0,-0.4299,-0.0654,-0.2981,-0.2192,1,0,1,0,0,0,1,1,1,292.0,ADC_CORRECT,ADC 矫正中 diff=292,150,-150,1
44.688,511.0,768.0,351.0,1040.0,-0.4245,-0.0654,-0.2981,-0.215,1,0,1,0,0,0,1,1,1,277.0,ADC_CORRECT,ADC 矫正中 diff=277,150,-150,1
44.709,510.0,769.0,351.0,1040.0,-0.4245,-0.0632,-0.2981,-0.215,1,0,1,0,0,0,1,1,1,277.0,ADC_CORRECT,ADC 矫正中 diff=277,150,-150,1
44.729,511.0,769.0,352.0,1040.0,-0.4218,-0.0632,-0.2981,-0.215,1,0,1,0,0,0,1,1,1,324.0,ADC_CORRECT,ADC 矫正中 diff=324,150,-150,1
44.749,512.0,770.0,352.0,1040.0,-0.4218,-0.0632,-0.2953,-0.215,1,0,1,0,0,0,1,1,1,325.0,ADC_CORRECT,ADC 矫正中 diff=325,150,-150,1
44.769,512.0,769.0,351.0,1039.0,-0.419,-0.0632,-0.2953,-0.215,1,0,1,0,0,0,1,1,1,275.0,ADC_CORRECT,ADC 矫正中 diff=275,150,-150,1
44.789,512.0,769.0,351.0,1040.0,-0.419,-0.0632,-0.2981,-0.215,1,0,1,0,0,0,1,1,1,275.0,ADC_CORRECT,ADC 矫正中 diff=275,150,-150,1
44.809,512.0,769.0,351.0,1040.0,-0.419,-0.0632,-0.2981,-0.215,1,0,1,0,0,0,1,1,1,275.0,ADC_CORRECT,ADC 矫正中 diff=275,150,-150,1
44.829,512.0,769.0,352.0,1039.0,-0.419,-0.0632,-0.2981,-0.215,1,0,1,0,0,0,1,1,1,341.0,ADC_CORRECT,ADC 矫正中 diff=341,150,-150,1
44.849,513.0,770.0,351.0,1039.0,-0.419,-0.0632,-0.2981,-0.2171,1,0,1,0,0,0,1,1,1,324.0,ADC_CORRECT,ADC 矫正中 diff=324,150,-150,1
44.869,513.0,769.0,351.0,1039.0,-0.4163,-0.0632,-0.2981,-0.2171,1,0,1,0,0,0,1,1,1,291.0,ADC_CORRECT,ADC 矫正中 diff=291,150,-150,1
44.89,513.0,769.0,351.0,1039.0,-0.4163,-0.0632,-0.2981,-0.2171,1,0,1,0,0,0,1,1,1,277.0,ADC_CORRECT,ADC 矫正中 diff=277,150,-150,1
44.91,514.0,770.0,352.0,1038.0,-0.4163,-0.0632,-0.2981,-0.2171,1,0,1,0,0,0,1,1,1,309.0,ADC_CORRECT,ADC 矫正中 diff=309,150,-150,1
44.93,513.0,769.0,352.0,1040.0,-0.4163,-0.0632,-0.2953,-0.2171,1,0,1,0,0,0,1,1,1,309.0,ADC_CORRECT,ADC 矫正中 diff=309,150,-150,1
44.95,514.0,769.0,351.0,1038.0,-0.4136,-0.0632,-0.2953,-0.2192,1,0,1,0,0,0,1,1,1,322.0,ADC_CORRECT,ADC 矫正中 diff=322,150,-150,1
44.97,515.0,770.0,351.0,1039.0,-0.4136,-0.0632,-0.2981,-0.2171,1,0,1,0,0,0,1,1,1,260.0,ADC_CORRECT,ADC 矫正中 diff=260,150,-150,1
44.99,514.0,768.0,350.0,1036.0,-0.4136,-0.0632,-0.2981,-0.2192,1,0,1,0,0,0,1,1,1,250.0,ADC_CORRECT,ADC 矫正中 diff=250,150,-150,1
45.01,516.0,769.0,350.0,1038.0,-0.4109,-0.0632,-0.3008,-0.2192,1,0,1,0,0,0,1,1,1,277.0,ADC_CORRECT,ADC 矫正中 diff=277,150,-150,1
45.03,517.0,770.0,351.0,1040.0,-0.4082,-0.0632,-0.3008,-0.2192,1,0,1,0,0,0,1,1,1,325.0,ADC_CORRECT,ADC 矫正中 diff=325,150,-150,1
45.051,516.0,770.0,352.0,1040.0,-0.4082,-0.061,-0.2981,-0.215,1,0,1,0,0,0,1,1,1,389.0,ADC_CORRECT,ADC 矫正中 diff=389,150,-150,1
45.071,516.0,769.0,352.0,1038.0,-0.4082,-0.061,-0.2953,-0.215,1,0,1,0,0,0,1,1,1,332.0,ADC_CORRECT,ADC 矫正中 diff=332,150,-150,1
45.091,517.0,769.0,353.0,1039.0,-0.4082,-0.0632,-0.2953,-0.2171,1,0,1,0,0,0,1,1,1,222.0,SAFE_STOP,矫正超时未正对,0,0,1
45.111,519.0,770.0,352.0,1040.0,-0.4054,-0.0632,-0.2953,-0.2171,1,0,1,0,0,0,1,1,1,276.0,SAFE_STOP,矫正超时未正对,0,0,1
45.131,517.0,769.0,352.0,1037.0,-0.4054,-0.0632,-0.2953,-0.2171,1,0,1,0,0,0,1,1,1,292.0,SAFE_STOP,矫正超时未正对,0,0,1
45.151,518.0,769.0,352.0,1037.0,-0.4027,-0.0632,-0.2953,-0.2213,1,0,1,0,0,0,1,1,1,322.0,SAFE_STOP,矫正超时未正对,0,0,1
45.171,518.0,769.0,352.0,1037.0,-0.4027,-0.0632,-0.2953,-0.2213,1,0,1,0,0,0,1,1,1,322.0,SAFE_STOP,矫正超时未正对,0,0,1
45.191,518.0,768.0,352.0,1037.0,-0.4027,-0.0632,-0.2953,-0.2213,1,0,1,0,0,0,1,1,1,276.0,SAFE_STOP,矫正超时未正对,0,0,1
45.211,519.0,769.0,352.0,1037.0,-0.4027,-0.0632,-0.2953,-0.2213,1,0,1,0,0,0,1,1,1,276.0,SAFE_STOP,矫正超时未正对,0,0,1
45.232,520.0,769.0,352.0,1038.0,-0.4,-0.0632,-0.2953,-0.2213,1,0,1,0,0,0,1,1,1,276.0,SAFE_STOP,矫正超时未正对,0,0,1
45.252,521.0,768.0,352.0,1038.0,-0.3973,-0.0632,-0.2953,-0.2192,1,0,1,0,0,0,1,1,1,325.0,SAFE_STOP,矫正超时未正对,0,0,1
45.272,520.0,768.0,352.0,1037.0,-0.3973,-0.0654,-0.2953,-0.2192,1,0,1,0,0,0,1,1,1,341.0,SAFE_STOP,矫正超时未正对,0,0,1
45.292,521.0,768.0,352.0,1037.0,-0.3946,-0.0654,-0.2953,-0.2213,1,0,1,0,0,0,1,1,1,276.0,SAFE_STOP,矫正超时未正对,0,0,1
45.312,521.0,768.0,352.0,1038.0,-0.3946,-0.0654,-0.2953,-0.2213,1,0,1,0,0,0,1,1,1,341.0,SAFE_STOP,矫正超时未正对,0,0,1
45.332,521.0,768.0,352.0,1037.0,-0.3946,-0.0654,-0.2953,-0.2213,1,0,1,0,0,0,1,1,1,269.0,SAFE_STOP,矫正超时未正对,0,0,1
45.352,521.0,768.0,353.0,1037.0,-0.3946,-0.0654,-0.2953,-0.2213,1,0,1,0,0,0,1,1,1,308.0,SAFE_STOP,矫正超时未正对,0,0,1
45.372,521.0,769.0,353.0,1039.0,-0.3946,-0.0654,-0.2925,-0.2213,1,0,1,0,0,0,1,1,1,332.0,SAFE_STOP,矫正超时未正对,0,0,1
45.393,522.0,768.0,352.0,1037.0,-0.3946,-0.0654,-0.2925,-0.2213,1,0,1,0,0,0,1,1,1,276.0,SAFE_STOP,矫正超时未正对,0,0,1
45.413,521.0,768.0,352.0,1036.0,-0.3946,-0.0654,-0.2953,-0.2213,1,0,1,0,0,0,1,1,1,339.0,SAFE_STOP,矫正超时未正对,0,0,1
45.433,523.0,768.0,352.0,1037.0,-0.3918,-0.0654,-0.2953,-0.2213,1,0,1,0,0,0,1,1,1,283.0,SAFE_STOP,矫正超时未正对,0,0,1
45.453,522.0,768.0,352.0,1038.0,-0.3918,-0.0654,-0.2953,-0.2213,1,0,1,0,0,0,1,1,1,343.0,SAFE_STOP,矫正超时未正对,0,0,1
45.473,522.0,768.0,351.0,1035.0,-0.3918,-0.0654,-0.2953,-0.2213,1,0,1,0,0,0,1,1,1,277.0,SAFE_STOP,矫正超时未正对,0,0,1
45.493,523.0,768.0,353.0,1038.0,-0.3918,-0.0654,-0.2953,-0.2192,1,0,1,0,0,0,1,1,1,234.0,SAFE_STOP,矫正超时未正对,0,0,1
45.513,523.0,768.0,353.0,1039.0,-0.3891,-0.0654,-0.2925,-0.2192,1,0,1,0,0,0,1,1,1,292.0,SAFE_STOP,矫正超时未正对,0,0,1
45.533,523.0,768.0,352.0,1038.0,-0.3891,-0.0654,-0.2925,-0.2192,1,0,1,0,0,0,1,1,1,309.0,SAFE_STOP,矫正超时未正对,0,0,1
45.553,524.0,769.0,353.0,1037.0,-0.3891,-0.0654,-0.2925,-0.2192,1,0,1,0,0,0,1,1,1,358.0,SAFE_STOP,矫正超时未正对,0,0,1
45.574,524.0,769.0,353.0,1037.0,-0.3864,-0.0632,-0.2925,-0.2213,1,0,1,0,0,0,1,1,1,358.0,SAFE_STOP,矫正超时未正对,0,0,1
45.594,522.0,767.0,352.0,1036.0,-0.3864,-0.0632,-0.2925,-0.2213,1,0,1,0,0,0,1,1,1,324.0,SAFE_STOP,矫正超时未正对,0,0,1
45.614,523.0,767.0,352.0,1036.0,-0.3891,-0.0675,-0.2953,-0.2234,1,0,1,0,0,0,1,1,1,289.0,SAFE_STOP,矫正超时未正对,0,0,1
45.634,524.0,768.0,353.0,1038.0,-0.3891,-0.0675,-0.2953,-0.2234,1,0,1,0,0,0,1,1,1,276.0,SAFE_STOP,矫正超时未正对,0,0,1
45.654,523.0,766.0,352.0,1036.0,-0.3891,-0.0675,-0.2953,-0.2234,1,0,1,0,0,0,1,1,1,325.0,SAFE_STOP,矫正超时未正对,0,0,1
45.674,524.0,766.0,353.0,1039.0,-0.3864,-0.0697,-0.2925,-0.2192,1,0,1,0,0,0,1,1,1,317.0,SAFE_STOP,矫正超时未正对,0,0,1
45.694,523.0,769.0,352.0,1040.0,-0.3891,-0.0697,-0.2953,-0.2171,1,0,1,0,0,0,1,1,1,276.0,SAFE_STOP,矫正超时未正对,0,0,1
45.714,521.0,774.0,352.0,1040.0,-0.3891,-0.0632,-0.2953,-0.215,1,0,1,0,0,0,1,1,1,276.0,SAFE_STOP,矫正超时未正对,0,0,1
45.735,520.0,782.0,350.0,1038.0,-0.3946,-0.0523,-0.2953,-0.215,1,0,1,0,0,0,1,1,1,227.0,SAFE_STOP,矫正超时未正对,0,0,1
45.755,520.0,800.0,351.0,1038.0,-0.3973,-0.0349,-0.2981,-0.2192,1,0,1,0,0,0,1,1,1,374.0,SAFE_STOP,矫正超时未正对,0,0,1
45.775,518.0,813.0,349.0,1035.0,-0.3973,0.0044,-0.3008,-0.2192,0,0,1,0,0,0,1,1,1,314.0,WAIT,等待掉台触发,0,0,1
45.795,517.0,805.0,348.0,1034.0,-0.4027,0.0153,-0.3036,-0.2255,0,0,1,0,0,0,1,1,1,242.0,WAIT,等待掉台触发,0,0,1
45.815,515.0,790.0,351.0,1035.0,-0.4054,0.0153,-0.3036,-0.2255,0,0,1,0,0,0,1,1,1,324.0,WAIT,等待掉台触发,0,0,1
45.835,510.0,760.0,351.0,1017.0,-0.4109,-0.0174,-0.2981,-0.2276,1,0,1,0,0,0,1,1,1,266.0,WAIT,等待掉台触发,0,0,1
45.855,501.0,691.0,340.0,985.0,-0.4245,-0.0828,-0.2981,-0.263,1,0,1,0,0,0,1,1,1,319.0,WAIT,等待掉台触发,0,0,1
45.875,493.0,615.0,323.0,958.0,-0.449,-0.2331,-0.3287,-0.3299,1,1,1,0,0,0,1,1,1,333.0,ADC_CORRECT,掉台触发且前头红外亮，直接矫正,0,0,1
45.896,480.0,559.0,301.0,917.0,-0.4707,-0.3987,-0.376,-0.3862,1,0,1,0,0,0,1,1,1,279.0,ADC_CORRECT,ADC 矫正中 diff=279,150,-150,1
45.916,466.0,528.0,281.0,877.0,-0.5061,-0.5207,-0.4373,-0.4718,1,0,1,0,0,0,1,1,1,279.0,ADC_CORRECT,ADC 矫正中 diff=279,150,-150,1
45.936,453.0,485.0,264.0,837.0,-0.5442,-0.5882,-0.493,-0.5553,1,0,1,0,0,0,1,1,1,280.0,ADC_CORRECT,ADC 矫正中 diff=280,150,-150,1
45.956,442.0,440.0,252.0,814.0,-0.5796,-0.6819,-0.5404,-0.6388,1,0,1,0,0,0,1,1,1,344.0,ADC_CORRECT,ADC 矫正中 diff=344,150,-150,1
45.976,442.0,440.0,252.0,814.0,-0.6095,-0.78,-0.5738,-0.6868,1,0,1,0,0,0,1,1,1,344.0,ADC_CORRECT,ADC 矫正中 diff=344,150,-150,1
45.996,435.0,404.0,243.0,799.0,-0.6095,-0.78,-0.5738,-0.6868,1,0,1,0,0,0,1,1,1,330.0,ADC_CORRECT,ADC 矫正中 diff=330,150,-150,1
46.016,425.0,388.0,237.0,770.0,-0.6286,-0.8584,-0.5989,-0.7182,1,0,1,0,0,0,1,1,1,290.0,ADC_CORRECT,ADC 矫正中 diff=290,150,-150,1
46.037,417.0,373.0,233.0,735.0,-0.6558,-0.8932,-0.6156,-0.7787,1,0,1,0,0,0,1,1,1,265.0,ADC_CORRECT,ADC 矫正中 diff=265,150,-150,1
46.057,409.0,364.0,227.0,714.0,-0.6776,-0.9259,-0.6267,-0.8518,1,0,1,0,0,0,1,1,1,298.0,ADC_CORRECT,ADC 矫正中 diff=298,150,-150,1
46.077,407.0,362.0,223.0,712.0,-0.6993,-0.9455,-0.6435,-0.8956,1,0,1,0,0,0,1,1,1,265.0,ADC_CORRECT,ADC 矫正中 diff=265,150,-150,1
46.097,410.0,359.0,220.0,716.0,-0.6993,-0.9499,-0.6546,-0.8956,1,0,1,0,0,0,1,1,1,282.0,ADC_CORRECT,ADC 矫正中 diff=282,150,-150,1
46.117,415.0,361.0,222.0,717.0,-0.6966,-0.9521,-0.6574,-0.8914,1,0,1,0,0,0,1,0,1,218.0,ADC_CORRECT,ADC 矫正中 diff=218,150,-150,1
46.137,420.0,366.0,224.0,737.0,-0.683,-0.9521,-0.6574,-0.8894,1,0,0,0,0,0,1,0,1,245.0,ADC_CORRECT,ADC 矫正中 diff=245,150,-150,1
46.157,419.0,373.0,227.0,761.0,-0.6721,-0.9412,-0.6518,-0.8476,1,0,0,0,1,0,1,0,1,264.0,ADC_CORRECT,ADC 矫正中 diff=264,150,-150,1
46.177,414.0,380.0,232.0,761.0,-0.6721,-0.9259,-0.6435,-0.7975,1,0,0,0,1,0,1,0,1,334.0,ADC_CORRECT,ADC 矫正中 diff=334,150,-150,1
46.198,411.0,379.0,234.0,764.0,-0.6857,-0.9129,-0.6295,-0.7975,1,0,0,0,1,0,1,0,1,85.0,ADC_CORRECT,ADC 矫正中 diff=85,150,-150,1
46.218,414.0,381.0,233.0,736.0,-0.6857,-0.9107,-0.6267,-0.7975,1,0,0,0,1,0,1,0,1,213.0,ADC_CORRECT,ADC 矫正中 diff=213,150,-150,1
46.238,417.0,390.0,237.0,740.0,-0.6857,-0.9085,-0.624,-0.8413,1,0,0,0,1,0,1,0,1,266.0,ADC_CORRECT,ADC 矫正中 diff=266,150,-150,1
46.258,420.0,408.0,244.0,761.0,-0.6776,-0.8889,-0.6156,-0.8413,1,0,0,0,1,0,1,0,1,250.0,ADC_CORRECT,ADC 矫正中 diff=250,150,-150,1
46.278,420.0,422.0,246.0,768.0,-0.6694,-0.8497,-0.5961,-0.7975,1,0,0,0,1,0,1,0,1,233.0,ADC_CORRECT,ADC 矫正中 diff=233,150,-150,1
46.298,422.0,439.0,248.0,762.0,-0.6694,-0.8192,-0.5905,-0.7954,1,0,1,0,1,0,0,0,1,312.0,ADC_CORRECT,ADC 矫正中 diff=312,150,-150,1
46.318,421.0,452.0,248.0,748.0,-0.6667,-0.7821,-0.585,-0.7954,1,0,1,0,1,0,0,0,1,264.0,ADC_CORRECT,ADC 矫正中 diff=264,150,-150,1
46.338,421.0,467.0,251.0,744.0,-0.6667,-0.7538,-0.585,-0.8246,1,0,1,0,1,0,0,0,1,345.0,ADC_CORRECT,ADC 矫正中 diff=345,150,-150,1
46.358,421.0,478.0,251.0,748.0,-0.6667,-0.7211,-0.5766,-0.8246,1,0,1,0,1,0,0,0,1,313.0,ADC_CORRECT,ADC 矫正中 diff=313,150,-150,1
46.378,423.0,490.0,255.0,761.0,-0.6667,-0.6972,-0.5766,-0.8246,1,0,1,0,1,0,0,0,1,312.0,ADC_CORRECT,ADC 矫正中 diff=312,150,-150,1
46.399,424.0,495.0,255.0,769.0,-0.6612,-0.671,-0.5655,-0.7975,1,0,1,0,1,0,0,0,1,312.0,ADC_CORRECT,ADC 矫正中 diff=312,150,-150,1
46.419,423.0,496.0,257.0,772.0,-0.6612,-0.6601,-0.5655,-0.7808,1,0,1,0,1,0,0,0,1,231.0,ADC_CORRECT,ADC 矫正中 diff=231,150,-150,1
46.439,423.0,494.0,259.0,772.0,-0.6612,-0.6601,-0.5599,-0.7745,1,0,1,0,1,0,0,0,1,280.0,ADC_CORRECT,ADC 矫正中 diff=280,150,-150,1
46.459,420.0,488.0,263.0,763.0,-0.6612,-0.6623,-0.5543,-0.7745,1,0,1,0,1,1,0,0,1,302.0,ADC_CORRECT,ADC 矫正中 diff=302,150,-150,1
46.479,418.0,481.0,270.0,756.0,-0.6694,-0.6754,-0.5432,-0.7933,1,0,1,0,1,1,0,0,1,328.0,ADC_CORRECT,ADC 矫正中 diff=328,150,-150,1
46.499,418.0,481.0,270.0,756.0,-0.6748,-0.6906,-0.5237,-0.8079,1,0,1,0,1,1,0,0,1,328.0,ADC_CORRECT,ADC 矫正中 diff=328,150,-150,1
46.519,417.0,477.0,272.0,744.0,-0.6748,-0.6906,-0.5237,-0.8079,1,0,1,0,1,1,0,0,1,344.0,ADC_CORRECT,ADC 矫正中 diff=344,150,-150,1
46.539,414.0,468.0,268.0,737.0,-0.6776,-0.6993,-0.5237,-0.833,1,0,1,0,1,1,0,0,1,295.0,ADC_CORRECT,ADC 矫正中 diff=295,150,-150,1
46.559,412.0,449.0,256.0,731.0,-0.6857,-0.719,-0.5292,-0.8476,1,0,1,0,1,1,0,0,1,316.0,ADC_CORRECT,ADC 矫正中 diff=316,150,-150,1
46.58,407.0,428.0,246.0,719.0,-0.6912,-0.7603,-0.5627,-0.8601,1,0,1,0,1,1,0,0,1,312.0,ADC_CORRECT,ADC 矫正中 diff=312,150,-150,1
46.6,400.0,405.0,233.0,701.0,-0.7048,-0.8061,-0.5905,-0.8852,1,0,1,0,1,1,0,0,1,378.0,ADC_CORRECT,ADC 矫正中 diff=378,150,-150,1
46.62,396.0,387.0,224.0,686.0,-0.7238,-0.8562,-0.6267,-0.9228,1,0,1,0,1,1,0,0,1,361.0,ADC_CORRECT,ADC 矫正中 diff=361,150,-150,1
46.64,392.0,375.0,219.0,678.0,-0.7347,-0.8954,-0.6518,-0.9541,1,0,1,0,1,1,0,0,1,311.0,ADC_CORRECT,ADC 矫正中 diff=311,150,-150,1
46.66,390.0,366.0,214.0,680.0,-0.7456,-0.9216,-0.6657,-0.9666,1,0,1,0,1,1,0,0,1,328.0,ADC_CORRECT,ADC 矫正中 diff=328,150,-150,1
46.681,391.0,363.0,215.0,694.0,-0.7483,-0.9412,-0.6769,-0.9666,1,0,1,0,1,1,0,0,1,345.0,ADC_CORRECT,ADC 矫正中 diff=345,150,-150,1
46.701,393.0,366.0,218.0,715.0,-0.7483,-0.9412,-0.6769,-0.9374,1,0,1,0,1,1,0,0,1,391.0,ADC_CORRECT,ADC 矫正中 diff=391,150,-150,1
46.721,397.0,377.0,223.0,744.0,-0.7429,-0.9412,-0.6685,-0.8935,1,0,1,0,1,1,0,0,1,392.0,ADC_CORRECT,ADC 矫正中 diff=392,150,-150,1
46.741,404.0,393.0,231.0,775.0,-0.732,-0.9172,-0.6546,-0.833,1,0,1,0,1,1,0,0,1,333.0,ADC_CORRECT,ADC 矫正中 diff=333,150,-150,1
46.761,413.0,420.0,242.0,810.0,-0.7129,-0.8824,-0.6323,-0.7683,1,0,1,0,1,1,0,0,1,342.0,ADC_CORRECT,ADC 矫正中 diff=342,150,-150,1
46.781,423.0,453.0,257.0,848.0,-0.6884,-0.8235,-0.6017,-0.6952,1,0,1,0,1,1,0,0,1,342.0,ADC_CORRECT,ADC 矫正中 diff=342,150,-150,1
46.801,437.0,510.0,280.0,897.0,-0.6612,-0.7516,-0.5599,-0.6159,1,0,1,0,1,1,0,0,1,407.0,ADC_CORRECT,ADC 矫正中 diff=407,150,-150,1
46.822,460.0,624.0,319.0,968.0,-0.6231,-0.6275,-0.4958,-0.5136,1,0,1,0,1,1,0,0,1,277.0,ADC_CORRECT,ADC 矫正中 diff=277,150,-150,1
46.842,494.0,723.0,342.0,1016.0,-0.5605,-0.3791,-0.3872,-0.3653,1,0,1,0,1,1,0,0,1,340.0,ADC_CORRECT,ADC 矫正中 diff=340,150,-150,1
46.862,501.0,694.0,335.0,999.0,-0.468,-0.2266,-0.3426,-0.3006,1,0,1,0,1,1,0,0,1,313.0,ADC_CORRECT,ADC 矫正中 diff=313,150,-150,1
46.882,510.0,743.0,350.0,1048.0,-0.449,-0.1634,-0.3231,-0.2651,1,0,1,0,1,1,0,0,1,455.0,ADC_CORRECT,ADC 矫正中 diff=455,150,-150,1
46.902,517.0,744.0,347.0,1043.0,-0.4245,-0.1198,-0.3092,-0.2088,1,0,1,0,1,1,0,0,1,390.0,ADC_CORRECT,ADC 矫正中 diff=390,150,-150,1
46.922,519.0,758.0,349.0,1056.0,-0.4054,-0.1176,-0.3036,-0.1983,1,0,1,0,1,1,0,0,1,431.0,ADC_CORRECT,ADC 矫正中 diff=431,150,-150,1
46.942,522.0,760.0,350.0,1054.0,-0.4,-0.0871,-0.3036,-0.1858,1,0,1,0,1,1,0,0,1,359.0,ADC_CORRECT,ADC 矫正中 diff=359,150,-150,1
46.962,522.0,760.0,348.0,1051.0,-0.3918,-0.0828,-0.3036,-0.1858,1,0,1,0,1,1,0,0,1,309.0,ADC_CORRECT,ADC 矫正中 diff=309,150,-150,1
46.982,522.0,760.0,348.0,1051.0,-0.3918,-0.0828,-0.3064,-0.1921,1,0,1,0,1,1,0,0,1,309.0,ADC_CORRECT,ADC 矫正中 diff=309,150,-150,1
47.003,522.0,754.0,348.0,1046.0,-0.3918,-0.0828,-0.3064,-0.1921,1,0,1,0,1,1,0,0,1,410.0,ADC_CORRECT,ADC 矫正中 diff=410,150,-150,1
47.023,521.0,753.0,348.0,1043.0,-0.3918,-0.0959,-0.3064,-0.2025,1,0,1,0,1,1,0,0,1,421.0,ADC_CORRECT,ADC 矫正中 diff=421,150,-150,1
47.043,521.0,757.0,349.0,1041.0,-0.3946,-0.0959,-0.3064,-0.2088,1,0,1,1,1,1,0,0,1,391.0,ADC_CORRECT,ADC 矫正中 diff=391,150,-150,1
47.063,521.0,758.0,347.0,1040.0,-0.3946,-0.0893,-0.3064,-0.2129,1,0,1,1,1,1,0,0,1,363.0,ADC_CORRECT,ADC 矫正中 diff=363,150,-150,1
47.083,520.0,761.0,348.0,1038.0,-0.3946,-0.0871,-0.3064,-0.215,1,0,1,1,1,1,0,0,1,356.0,ADC_CORRECT,ADC 矫正中 diff=356,150,-150,1
47.103,521.0,761.0,349.0,1038.0,-0.3946,-0.0806,-0.3064,-0.2192,1,0,1,1,1,1,0,0,1,392.0,ADC_CORRECT,ADC 矫正中 diff=392,150,-150,1
47.123,520.0,762.0,348.0,1036.0,-0.3973,-0.0806,-0.3064,-0.2192,1,0,1,1,1,1,0,0,1,439.0,ADC_CORRECT,ADC 矫正中 diff=439,150,-150,1
47.143,521.0,763.0,349.0,1037.0,-0.3946,-0.0784,-0.3036,-0.2213,1,0,1,1,1,1,0,0,1,342.0,ADC_CORRECT,ADC 矫正中 diff=342,150,-150,1
47.163,521.0,763.0,348.0,1037.0,-0.3946,-0.0763,-0.3064,-0.2213,1,0,1,0,1,1,0,0,1,358.0,ADC_CORRECT,ADC 矫正中 diff=358,150,-150,1
47.184,521.0,765.0,349.0,1037.0,-0.3946,-0.0763,-0.3036,-0.2213,1,0,1,0,1,1,0,0,1,357.0,ADC_CORRECT,ADC 矫正中 diff=357,150,-150,1
47.204,522.0,766.0,348.0,1037.0,-0.3946,-0.0719,-0.3064,-0.2213,1,0,1,0,1,1,0,0,1,389.0,ADC_CORRECT,ADC 矫正中 diff=389,150,-150,1
47.224,521.0,764.0,348.0,1035.0,-0.3946,-0.0719,-0.3064,-0.2213,1,0,1,0,1,1,0,0,1,356.0,ADC_CORRECT,ADC 矫正中 diff=356,150,-150,1
47.244,523.0,767.0,349.0,1037.0,-0.3918,-0.0697,-0.3064,-0.2213,1,0,1,0,1,1,0,0,1,389.0,ADC_CORRECT,ADC 矫正中 diff=389,150,-150,1
47.264,522.0,766.0,348.0,1035.0,-0.3918,-0.0697,-0.3064,-0.2255,1,0,1,0,1,1,0,0,1,356.0,ADC_CORRECT,ADC 矫正中 diff=356,150,-150,1
47.284,521.0,765.0,347.0,1034.0,-0.3918,-0.0697,-0.3064,-0.2255,1,0,1,0,1,1,0,0,1,375.0,ADC_CORRECT,ADC 矫正中 diff=375,150,-150,1
47.304,522.0,766.0,349.0,1036.0,-0.3918,-0.0697,-0.3064,-0.2255,1,0,1,0,1,1,0,0,1,390.0,ADC_CORRECT,ADC 矫正中 diff=390,150,-150,1
47.324,520.0,766.0,347.0,1032.0,-0.3946,-0.0697,-0.3092,-0.2276,1,0,1,0,1,1,0,0,1,355.0,ADC_CORRECT,ADC 矫正中 diff=355,150,-150,1
47.344,519.0,763.0,346.0,1029.0,-0.3973,-0.0697,-0.3092,-0.2317,1,0,1,0,1,1,0,0,1,342.0,ADC_CORRECT,ADC 矫正中 diff=342,150,-150,1
47.365,519.0,763.0,346.0,1029.0,-0.4,-0.0763,-0.312,-0.238,1,0,1,0,1,1,0,0,1,342.0,ADC_CORRECT,ADC 矫正中 diff=342,150,-150,1
47.385,520.0,766.0,348.0,1033.0,-0.4,-0.0763,-0.312,-0.238,1,0,1,0,1,1,0,0,1,340.0,ADC_CORRECT,ADC 矫正中 diff=340,150,-150,1
47.405,521.0,767.0,348.0,1033.0,-0.3973,-0.0697,-0.3064,-0.2296,1,0,1,0,1,1,0,0,1,455.0,ADC_CORRECT,ADC 矫正中 diff=455,150,-150,1
47.425,521.0,766.0,346.0,1031.0,-0.3946,-0.0697,-0.3064,-0.2296,1,0,1,0,1,1,0,0,1,406.0,ADC_CORRECT,ADC 矫正中 diff=406,150,-150,1
47.445,523.0,768.0,348.0,1034.0,-0.3946,-0.0675,-0.3064,-0.2296,1,0,1,0,1,1,0,0,1,454.0,ADC_CORRECT,ADC 矫正中 diff=454,150,-150,1
47.465,523.0,768.0,348.0,1034.0,-0.3891,-0.0654,-0.3064,-0.2276,1,0,1,0,1,1,0,0,1,357.0,ADC_CORRECT,ADC 矫正中 diff=357,150,-150,1
47.486,522.0,766.0,348.0,1032.0,-0.3891,-0.0654,-0.3064,-0.2276,1,0,1,0,1,1,0,0,1,325.0,ADC_CORRECT,ADC 矫正中 diff=325,150,-150,1
47.506,522.0,766.0,347.0,1032.0,-0.3918,-0.0697,-0.3064,-0.2317,1,0,1,0,1,1,0,0,1,373.0,ADC_CORRECT,ADC 矫正中 diff=373,150,-150,1
47.526,522.0,768.0,348.0,1032.0,-0.3918,-0.0697,-0.3064,-0.2317,1,0,1,0,1,1,0,0,1,406.0,ADC_CORRECT,ADC 矫正中 diff=406,150,-150,1
47.546,522.0,766.0,347.0,1032.0,-0.3918,-0.0697,-0.3092,-0.2317,1,0,1,0,1,1,0,0,1,390.0,ADC_CORRECT,ADC 矫正中 diff=390,150,-150,1
47.566,523.0,768.0,350.0,1033.0,-0.3918,-0.0654,-0.3064,-0.2317,1,0,1,0,1,1,0,0,1,356.0,ADC_CORRECT,ADC 矫正中 diff=356,150,-150,1
47.587,523.0,768.0,349.0,1033.0,-0.3891,-0.0654,-0.3036,-0.2296,1,0,1,0,1,1,0,0,1,356.0,ADC_CORRECT,ADC 矫正中 diff=356,150,-150,1
47.607,522.0,766.0,348.0,1032.0,-0.3891,-0.0654,-0.3036,-0.2296,1,0,1,0,1,1,0,0,1,395.0,ADC_CORRECT,ADC 矫正中 diff=395,150,-150,1
47.627,523.0,768.0,348.0,1033.0,-0.3891,-0.0654,-0.3064,-0.2296,1,0,1,0,1,1,0,0,1,389.0,ADC_CORRECT,ADC 矫正中 diff=389,150,-150,1
47.647,523.0,767.0,348.0,1033.0,-0.3891,-0.0675,-0.3064,-0.2296,1,0,1,0,1,1,0,0,1,308.0,ADC_CORRECT,ADC 矫正中 diff=308,150,-150,1
47.667,524.0,767.0,348.0,1032.0,-0.3891,-0.0675,-0.3064,-0.2296,1,0,1,0,1,1,0,0,1,358.0,ADC_CORRECT,ADC 矫正中 diff=358,150,-150,1
47.687,523.0,768.0,347.0,1032.0,-0.3891,-0.0675,-0.3064,-0.2317,1,0,1,0,1,1,0,0,1,329.0,ADC_CORRECT,ADC 矫正中 diff=329,150,-150,1
47.707,523.0,768.0,348.0,1032.0,-0.3891,-0.0654,-0.3064,-0.2317,1,0,1,0,1,1,0,0,1,406.0,ADC_CORRECT,ADC 矫正中 diff=406,150,-150,1
47.727,524.0,768.0,348.0,1032.0,-0.3891,-0.0654,-0.3064,-0.2317,1,0,1,0,1,1,0,0,1,373.0,ADC_CORRECT,ADC 矫正中 diff=373,150,-150,1
47.747,522.0,767.0,347.0,1030.0,-0.3891,-0.0654,-0.3064,-0.2317,1,0,1,0,1,1,0,0,1,324.0,ADC_CORRECT,ADC 矫正中 diff=324,150,-150,1
47.768,522.0,767.0,347.0,1030.0,-0.3918,-0.0675,-0.3092,-0.2359,1,0,1,0,1,1,0,0,1,324.0,ADC_CORRECT,ADC 矫正中 diff=324,150,-150,1
47.788,524.0,768.0,348.0,1033.0,-0.3918,-0.0675,-0.3092,-0.2359,1,0,1,0,1,1,0,0,1,358.0,ADC_CORRECT,ADC 矫正中 diff=358,150,-150,1
47.808,523.0,767.0,347.0,1031.0,-0.3891,-0.0675,-0.3092,-0.2338,1,0,1,0,1,1,0,0,1,409.0,ADC_CORRECT,ADC 矫正中 diff=409,150,-150,1
47.828,524.0,768.0,348.0,1032.0,-0.3864,-0.0654,-0.3064,-0.2317,1,0,1,0,1,1,0,0,1,422.0,ADC_CORRECT,ADC 矫正中 diff=422,150,-150,1
47.848,524.0,768.0,348.0,1032.0,-0.3864,-0.0654,-0.3064,-0.2317,1,0,1,0,1,1,0,0,1,406.0,ADC_CORRECT,ADC 矫正中 diff=406,150,-150,1
47.868,523.0,768.0,348.0,1032.0,-0.3864,-0.0654,-0.3064,-0.2317,1,0,1,0,1,1,0,0,1,340.0,ADC_CORRECT,ADC 矫正中 diff=340,150,-150,1
47.888,523.0,767.0,347.0,1030.0,-0.3891,-0.0654,-0.3064,-0.2317,1,0,1,0,1,1,0,0,1,342.0,ADC_CORRECT,ADC 矫正中 diff=342,150,-150,1
47.908,523.0,767.0,347.0,1032.0,-0.3891,-0.0675,-0.3092,-0.2317,1,0,1,0,1,1,0,0,1,399.0,ADC_CORRECT,ADC 矫正中 diff=399,150,-150,1
47.928,523.0,767.0,347.0,1030.0,-0.3891,-0.0675,-0.3092,-0.2359,1,0,1,0,1,1,0,0,1,387.0,ADC_CORRECT,ADC 矫正中 diff=387,150,-150,1
47.949,523.0,768.0,348.0,1032.0,-0.3891,-0.0675,-0.3092,-0.2317,1,0,1,0,1,1,0,0,1,341.0,ADC_CORRECT,ADC 矫正中 diff=341,150,-150,1
47.969,524.0,769.0,349.0,1033.0,-0.3891,-0.0654,-0.3064,-0.2317,1,0,1,0,1,1,0,0,1,357.0,ADC_CORRECT,ADC 矫正中 diff=357,150,-150,1
47.989,522.0,769.0,348.0,1033.0,-0.3891,-0.0632,-0.3064,-0.2296,1,0,1,0,1,1,0,0,1,360.0,ADC_CORRECT,ADC 矫正中 diff=360,150,-150,1
48.009,524.0,771.0,348.0,1032.0,-0.3864,-0.0632,-0.3064,-0.2296,1,0,1,0,1,1,0,0,1,342.0,ADC_CORRECT,ADC 矫正中 diff=342,150,-150,1
48.029,523.0,771.0,348.0,1032.0,-0.3891,-0.0588,-0.3064,-0.2317,1,0,1,0,1,1,0,0,1,379.0,ADC_CORRECT,ADC 矫正中 diff=379,150,-150,1
48.049,523.0,771.0,348.0,1032.0,-0.3891,-0.0588,-0.3064,-0.2317,1,0,1,0,1,1,0,0,1,317.0,ADC_CORRECT,ADC 矫正中 diff=317,150,-150,1
48.069,524.0,769.0,348.0,1033.0,-0.3891,-0.0588,-0.3064,-0.2317,1,0,1,0,1,1,0,0,1,366.0,ADC_CORRECT,ADC 矫正中 diff=366,150,-150,1
48.089,525.0,771.0,348.0,1034.0,-0.3864,-0.0588,-0.3064,-0.2296,1,0,1,0,1,1,0,0,1,348.0,ADC_CORRECT,ADC 矫正中 diff=348,150,-150,1
48.11,525.0,771.0,348.0,1034.0,-0.3837,-0.0588,-0.3064,-0.2276,1,0,1,0,1,1,0,0,1,406.0,ADC_CORRECT,ADC 矫正中 diff=406,150,-150,1
48.13,525.0,771.0,348.0,1034.0,-0.3837,-0.0588,-0.3064,-0.2276,1,0,1,0,1,1,0,0,1,406.0,ADC_CORRECT,ADC 矫正中 diff=406,150,-150,1
48.15,523.0,769.0,347.0,1031.0,-0.3837,-0.0588,-0.3064,-0.2276,1,0,1,0,1,1,0,0,1,406.0,ADC_CORRECT,ADC 矫正中 diff=406,150,-150,1
48.17,525.0,771.0,349.0,1034.0,-0.3837,-0.0588,-0.3064,-0.2276,1,0,1,0,1,1,0,0,1,388.0,ADC_CORRECT,ADC 矫正中 diff=388,150,-150,1
48.19,525.0,772.0,348.0,1034.0,-0.3837,-0.0588,-0.3064,-0.2276,1,0,1,0,1,1,0,0,1,372.0,ADC_CORRECT,ADC 矫正中 diff=372,150,-150,1
48.21,523.0,770.0,348.0,1032.0,-0.3837,-0.0588,-0.3064,-0.2276,1,0,1,0,1,1,0,0,1,365.0,ADC_CORRECT,ADC 矫正中 diff=365,150,-150,1
48.23,525.0,772.0,349.0,1034.0,-0.3837,-0.0566,-0.3064,-0.2276,1,0,1,0,1,1,0,0,1,422.0,ADC_CORRECT,ADC 矫正中 diff=422,150,-150,1
48.25,522.0,767.0,347.0,1029.0,-0.3891,-0.061,-0.3064,-0.2317,1,0,1,0,1,1,0,0,1,414.0,ADC_CORRECT,ADC 矫正中 diff=414,150,-150,1
48.27,523.0,769.0,347.0,1031.0,-0.3891,-0.0632,-0.3092,-0.2338,1,0,1,0,1,1,0,0,1,294.0,ADC_CORRECT,ADC 矫正中 diff=294,150,-150,1
48.291,525.0,773.0,348.0,1033.0,-0.3891,-0.0632,-0.3092,-0.2338,1,0,1,0,1,1,0,0,1,404.0,ADC_CORRECT,ADC 矫正中 diff=404,150,-150,1
48.311,524.0,773.0,348.0,1035.0,-0.3864,-0.0545,-0.3064,-0.2296,1,0,1,0,1,1,0,0,1,357.0,ADC_CORRECT,ADC 矫正中 diff=357,150,-150,1
48.331,523.0,770.0,347.0,1032.0,-0.3864,-0.0545,-0.3064,-0.2296,1,0,1,0,1,1,0,0,1,456.0,ADC_CORRECT,ADC 矫正中 diff=456,150,-150,1
48.351,525.0,774.0,348.0,1036.0,-0.3864,-0.0545,-0.3064,-0.2255,1,0,1,0,1,1,0,0,1,405.0,ADC_CORRECT,ADC 矫正中 diff=405,150,-150,1
48.371,524.0,773.0,348.0,1034.0,-0.3864,-0.0545,-0.3064,-0.2276,1,0,1,0,1,1,0,0,1,359.0,ADC_CORRECT,ADC 矫正中 diff=359,150,-150,1
48.391,524.0,774.0,348.0,1035.0,-0.3864,-0.0523,-0.3064,-0.2255,1,0,1,0,1,1,0,0,1,357.0,ADC_CORRECT,ADC 矫正中 diff=357,150,-150,1
48.411,524.0,773.0,349.0,1035.0,-0.3864,-0.0545,-0.3064,-0.2255,1,0,1,0,1,1,0,0,1,307.0,ADC_CORRECT,ADC 矫正中 diff=307,150,-150,1
48.431,525.0,775.0,348.0,1036.0,-0.3864,-0.0523,-0.3064,-0.2255,1,0,1,0,1,1,0,0,1,388.0,ADC_CORRECT,ADC 矫正中 diff=388,150,-150,1
48.451,525.0,774.0,348.0,1035.0,-0.3837,-0.0523,-0.3064,-0.2255,1,0,1,0,1,1,0,0,1,342.0,ADC_CORRECT,ADC 矫正中 diff=342,150,-150,1
48.472,524.0,774.0,347.0,1034.0,-0.3837,-0.0523,-0.3064,-0.2255,1,0,1,0,1,1,0,0,1,390.0,ADC_CORRECT,ADC 矫正中 diff=390,150,-150,1
48.492,525.0,773.0,348.0,1036.0,-0.3837,-0.0523,-0.3064,-0.2255,1,0,1,0,1,1,0,0,1,357.0,ADC_CORRECT,ADC 矫正中 diff=357,150,-150,1
48.512,525.0,773.0,348.0,1036.0,-0.3837,-0.0545,-0.3064,-0.2234,1,0,1,0,1,1,0,0,1,357.0,ADC_CORRECT,ADC 矫正中 diff=357,150,-150,1
48.532,525.0,774.0,349.0,1035.0,-0.3837,-0.0545,-0.3064,-0.2234,1,0,1,0,1,1,0,0,1,357.0,ADC_CORRECT,ADC 矫正中 diff=357,150,-150,1
48.552,524.0,774.0,348.0,1035.0,-0.3837,-0.0523,-0.3064,-0.2255,1,0,1,0,1,1,0,0,1,406.0,ADC_CORRECT,ADC 矫正中 diff=406,150,-150,1
48.572,524.0,774.0,348.0,1035.0,-0.3864,-0.0523,-0.3064,-0.2255,1,0,1,0,1,1,0,0,1,392.0,ADC_CORRECT,ADC 矫正中 diff=392,150,-150,1
48.592,525.0,773.0,348.0,1037.0,-0.3864,-0.0523,-0.3064,-0.2255,1,0,1,0,1,1,0,0,1,358.0,ADC_CORRECT,ADC 矫正中 diff=358,150,-150,1
48.612,523.0,773.0,348.0,1036.0,-0.3864,-0.0545,-0.3064,-0.2234,1,0,1,0,1,1,0,0,1,357.0,ADC_CORRECT,ADC 矫正中 diff=357,150,-150,1
48.632,526.0,774.0,348.0,1036.0,-0.3837,-0.0545,-0.3064,-0.2234,1,0,1,0,1,1,0,0,1,405.0,ADC_CORRECT,ADC 矫正中 diff=405,150,-150,1
48.653,526.0,774.0,349.0,1036.0,-0.381,-0.0523,-0.3064,-0.2234,1,0,1,0,1,1,0,0,1,405.0,ADC_CORRECT,ADC 矫正中 diff=405,150,-150,1
48.673,524.0,772.0,348.0,1034.0,-0.381,-0.0523,-0.3064,-0.2234,1,0,1,0,1,1,0,0,1,373.0,ADC_CORRECT,ADC 矫正中 diff=373,150,-150,1
48.693,526.0,774.0,348.0,1036.0,-0.381,-0.0523,-0.3064,-0.2234,1,0,1,0,1,1,0,0,1,388.0,ADC_CORRECT,ADC 矫正中 diff=388,150,-150,1
48.713,524.0,773.0,348.0,1035.0,-0.3864,-0.0545,-0.3064,-0.2255,1,0,1,0,1,1,0,0,1,356.0,ADC_CORRECT,ADC 矫正中 diff=356,150,-150,1
48.733,525.0,770.0,347.0,1035.0,-0.3837,-0.0545,-0.3064,-0.2255,1,0,1,0,1,1,0,0,1,414.0,ADC_CORRECT,ADC 矫正中 diff=414,150,-150,1
48.753,525.0,771.0,348.0,1035.0,-0.3837,-0.0588,-0.3064,-0.2255,1,0,1,0,1,1,0,0,1,405.0,ADC_CORRECT,ADC 矫正中 diff=405,150,-150,1
48.774,525.0,771.0,348.0,1035.0,-0.3837,-0.0588,-0.3064,-0.2255,1,0,1,0,1,1,0,0,1,309.0,ADC_CORRECT,ADC 矫正中 diff=309,150,-150,1
48.794,524.0,768.0,348.0,1035.0,-0.3837,-0.0588,-0.3064,-0.2255,1,0,1,0,1,1,0,0,1,358.0,ADC_CORRECT,ADC 矫正中 diff=358,150,-150,1
48.814,525.0,764.0,347.0,1034.0,-0.3837,-0.0654,-0.3064,-0.2255,1,0,1,0,1,1,0,0,1,340.0,ADC_CORRECT,ADC 矫正中 diff=340,150,-150,1
48.834,525.0,755.0,347.0,1034.0,-0.3837,-0.0741,-0.3092,-0.2276,1,0,1,0,1,1,0,0,1,439.0,ADC_CORRECT,ADC 矫正中 diff=439,150,-150,1
48.854,525.0,748.0,346.0,1030.0,-0.3837,-0.0937,-0.3092,-0.2276,1,0,1,0,1,1,0,0,1,406.0,ADC_CORRECT,ADC 矫正中 diff=406,150,-150,1
48.874,524.0,739.0,343.0,1032.0,-0.3837,-0.1089,-0.312,-0.2317,1,0,1,0,1,1,0,0,1,387.0,ADC_CORRECT,ADC 矫正中 diff=387,150,-150,1
48.894,523.0,727.0,341.0,1031.0,-0.3864,-0.1285,-0.3203,-0.2338,1,0,1,0,1,1,0,0,1,358.0,SAFE_STOP,矫正超时未正对,0,0,1
48.915,522.0,719.0,340.0,1024.0,-0.3891,-0.1547,-0.3259,-0.2338,1,0,1,0,1,1,0,0,1,343.0,SAFE_STOP,矫正超时未正对,0,0,1
48.935,522.0,719.0,340.0,1024.0,-0.3918,-0.1721,-0.3287,-0.2484,1,0,1,0,1,1,0,0,1,343.0,SAFE_STOP,矫正超时未正对,0,0,1
48.955,519.0,709.0,338.0,1012.0,-0.3918,-0.1721,-0.3287,-0.2484,1,0,1,0,1,1,0,0,1,407.0,SAFE_STOP,矫正超时未正对,0,0,1
48.975,518.0,695.0,336.0,1006.0,-0.4,-0.1939,-0.3343,-0.2735,1,0,1,0,1,1,0,0,1,394.0,SAFE_STOP,矫正超时未正对,0,0,1
48.995,519.0,693.0,336.0,1008.0,-0.4,-0.2244,-0.3398,-0.2818,1,0,1,0,1,1,0,0,1,407.0,SAFE_STOP,矫正超时未正对,0,0,1
49.015,522.0,700.0,337.0,1005.0,-0.4,-0.2244,-0.3398,-0.286,1,0,1,0,1,1,0,0,1,356.0,SAFE_STOP,矫正超时未正对,0,0,1
49.035,526.0,710.0,333.0,997.0,-0.3918,-0.2135,-0.3398,-0.2881,1,0,1,0,1,1,0,0,1,344.0,SAFE_STOP,矫正超时未正对,0,0,1
49.055,532.0,720.0,331.0,979.0,-0.381,-0.1917,-0.3482,-0.3048,1,0,1,0,1,1,0,0,1,412.0,SAFE_STOP,矫正超时未正对,0,0,1
49.076,537.0,719.0,332.0,968.0,-0.3646,-0.1721,-0.351,-0.3424,1,0,1,0,1,1,0,0,1,405.0,SAFE_STOP,矫正超时未正对,0,0,1
49.096,543.0,711.0,333.0,960.0,-0.351,-0.1721,-0.351,-0.3653,1,0,1,0,1,1,0,0,1,358.0,SAFE_STOP,矫正超时未正对,0,0,1
49.116,546.0,710.0,338.0,964.0,-0.3347,-0.1895,-0.3482,-0.3737,1,0,1,0,1,1,0,0,1,358.0,SAFE_STOP,矫正超时未正对,0,0,1
49.136,547.0,708.0,339.0,964.0,-0.3265,-0.1917,-0.3343,-0.3737,1,0,1,0,1,1,0,0,1,389.0,SAFE_STOP,矫正超时未正对,0,0,1
49.156,543.0,694.0,336.0,967.0,-0.3265,-0.1961,-0.3343,-0.3737,1,0,1,0,1,1,0,0,1,413.0,SAFE_STOP,矫正超时未正对,0,0,1
49.176,534.0,682.0,325.0,961.0,-0.3347,-0.2266,-0.3398,-0.3737,1,0,1,0,1,1,0,0,1,357.0,SAFE_STOP,矫正超时未正对,0,0,1
49.196,524.0,685.0,318.0,927.0,-0.3592,-0.2462,-0.3705,-0.38,1,0,1,0,1,1,0,0,1,357.0,SAFE_STOP,矫正超时未正对,0,0,1
49.216,514.0,676.0,313.0,942.0,-0.3864,-0.2527,-0.39,-0.4196,1,0,1,0,1,1,0,0,1,325.0,SAFE_STOP,矫正超时未正对,0,0,1
49.237,506.0,688.0,320.0,941.0,-0.4136,-0.2462,-0.39,-0.4217,1,0,1,0,1,0,0,0,1,373.0,SAFE_STOP,矫正超时未正对,0,0,1
49.257,511.0,733.0,336.0,957.0,-0.4218,-0.2397,-0.3844,-0.4196,1,0,1,0,1,0,1,0,1,357.0,SAFE_STOP,矫正超时未正对,0,0,1
49.277,508.0,748.0,339.0,976.0,-0.4299,-0.1416,-0.3398,-0.3883,1,0,1,0,1,0,1,0,1,246.0,SAFE_STOP,矫正超时未正对,0,0,1
49.297,512.0,756.0,347.0,991.0,-0.4218,-0.1089,-0.3315,-0.3486,1,0,1,0,1,0,1,0,1,293.0,SAFE_STOP,矫正超时未正对,0,0,1
49.317,512.0,773.0,345.0,996.0,-0.419,-0.0915,-0.3148,-0.3173,1,0,1,0,1,0,1,0,1,243.0,SAFE_STOP,矫正超时未正对,0,0,1
49.337,512.0,773.0,345.0,996.0,-0.419,-0.0545,-0.3148,-0.3069,1,0,1,0,1,0,1,0,1,243.0,SAFE_STOP,矫正超时未正对,0,0,1
49.357,512.0,776.0,344.0,996.0,-0.419,-0.0545,-0.3148,-0.3069,1,0,1,0,1,0,1,0,1,341.0,SAFE_STOP,矫正超时未正对,0,0,1
49.377,513.0,772.0,345.0,1000.0,-0.419,-0.0545,-0.3148,-0.3069,1,0,1,0,1,0,1,0,1,324.0,SAFE_STOP,矫正超时未正对,0,0,1
49.397,514.0,781.0,350.0,1007.0,-0.4163,-0.0479,-0.3148,-0.2985,1,0,1,0,1,0,1,0,1,438.0,SAFE_STOP,矫正超时未正对,0,0,1
49.418,515.0,790.0,353.0,1008.0,-0.4136,-0.037,-0.3008,-0.2839,1,0,1,0,1,0,1,0,1,309.0,SAFE_STOP,矫正超时未正对,0,0,1
49.438,516.0,798.0,354.0,1008.0,-0.4109,-0.0174,-0.2925,-0.2818,1,0,1,0,1,0,1,0,1,318.0,SAFE_STOP,矫正超时未正对,0,0,1
49.458,516.0,804.0,354.0,1009.0,-0.4082,0.0,-0.2897,-0.2818,0,0,1,0,1,0,1,0,1,330.0,WAIT,等待掉台触发,0,0,1
49.478,518.0,808.0,354.0,1010.0,-0.4082,0.0131,-0.2897,-0.2797,0,0,1,0,1,0,1,0,1,342.0,WAIT,等待掉台触发,0,0,1
49.498,517.0,808.0,353.0,1009.0,-0.4054,0.0218,-0.2897,-0.2797,0,0,1,0,1,0,1,0,1,228.0,WAIT,等待掉台触发,0,0,1
49.518,517.0,811.0,353.0,1009.0,-0.4054,0.0218,-0.2925,-0.2797,0,0,1,0,1,0,1,0,1,291.0,WAIT,等待掉台触发,0,0,1
49.538,518.0,813.0,354.0,1010.0,-0.4054,0.0283,-0.2925,-0.2797,0,0,1,0,1,0,1,0,1,308.0,WAIT,等待掉台触发,0,0,1
49.558,517.0,812.0,354.0,1008.0,-0.4054,0.0305,-0.2897,-0.2797,0,0,1,0,1,0,1,0,1,341.0,WAIT,等待掉台触发,0,0,1
49.579,519.0,816.0,354.0,1011.0,-0.4027,0.0327,-0.2897,-0.2777,0,0,1,0,1,0,1,0,1,341.0,WAIT,等待掉台触发,0,0,1
49.599,518.0,814.0,354.0,1010.0,-0.4027,0.0349,-0.2897,-0.2777,0,0,1,0,1,0,1,0,1,263.0,WAIT,等待掉台触发,0,0,1
49.619,518.0,815.0,354.0,1010.0,-0.4027,0.037,-0.2897,-0.2777,0,0,1,0,1,0,1,0,1,341.0,WAIT,等待掉台触发,0,0,1
49.639,519.0,816.0,354.0,1011.0,-0.4027,0.037,-0.2897,-0.2777,0,0,1,0,1,0,1,0,1,295.0,WAIT,等待掉台触发,0,0,1
49.659,518.0,814.0,354.0,1010.0,-0.4027,0.037,-0.2897,-0.2777,0,0,1,0,1,0,1,0,1,357.0,WAIT,等待掉台触发,0,0,1
49.679,517.0,812.0,353.0,1009.0,-0.4027,0.0349,-0.2897,-0.2777,0,0,1,0,1,0,1,0,1,341.0,WAIT,等待掉台触发,0,0,1
49.699,519.0,815.0,354.0,1010.0,-0.4027,0.0349,-0.2897,-0.2777,0,0,1,0,1,0,1,0,1,261.0,WAIT,等待掉台触发,0,0,1
49.719,518.0,816.0,354.0,1011.0,-0.4027,0.037,-0.2897,-0.2777,0,0,1,0,1,0,1,0,1,291.0,WAIT,等待掉台触发,0,0,1
49.739,519.0,814.0,354.0,1010.0,-0.4,0.037,-0.2897,-0.2777,0,0,1,0,1,0,1,0,1,244.0,WAIT,等待掉台触发,0,0,1
49.76,519.0,814.0,354.0,1010.0,-0.4,0.0349,-0.2897,-0.2777,0,0,1,0,1,0,1,0,1,244.0,WAIT,等待掉台触发,0,0,1
49.78,519.0,815.0,354.0,1011.0,-0.4,0.0349,-0.2897,-0.2777,0,0,1,0,1,0,1,0,1,374.0,WAIT,等待掉台触发,0,0,1
49.8,520.0,816.0,354.0,1012.0,-0.4,0.037,-0.2897,-0.2756,0,0,1,0,1,0,1,0,1,342.0,WAIT,等待掉台触发,0,0,1
49.82,518.0,815.0,354.0,1009.0,-0.4,0.037,-0.2897,-0.2756,0,0,1,0,1,0,1,0,1,344.0,WAIT,等待掉台触发,0,0,1
49.84,519.0,814.0,354.0,1010.0,-0.4,0.037,-0.2897,-0.2777,0,0,1,1,1,0,1,0,1,263.0,WAIT,等待掉台触发,0,0,1
49.86,519.0,814.0,354.0,1011.0,-0.4,0.0349,-0.2897,-0.2777,0,0,1,1,1,0,1,0,1,308.0,WAIT,等待掉台触发,0,0,1
49.88,517.0,813.0,355.0,1010.0,-0.4,0.0349,-0.2897,-0.2777,0,0,1,1,1,0,1,0,1,348.0,WAIT,等待掉台触发,0,0,1
49.9,518.0,815.0,354.0,1009.0,-0.4027,0.0349,-0.2897,-0.2777,0,0,1,1,1,0,1,0,1,262.0,WAIT,等待掉台触发,0,0,1
49.92,518.0,814.0,353.0,1009.0,-0.4027,0.0349,-0.2897,-0.2797,0,0,1,1,1,0,1,0,1,373.0,WAIT,等待掉台触发,0,0,1
49.941,517.0,813.0,354.0,1009.0,-0.4027,0.0349,-0.2897,-0.2797,0,0,1,1,1,0,1,0,1,292.0,WAIT,等待掉台触发,0,0,1
49.961,518.0,815.0,355.0,1010.0,-0.4027,0.0349,-0.2897,-0.2797,0,0,1,1,1,0,1,0,1,380.0,WAIT,等待掉台触发,0,0,1
49.981,518.0,814.0,353.0,1009.0,-0.4027,0.0349,-0.2897,-0.2797,0,0,1,1,1,0,1,0,1,341.0,WAIT,等待掉台触发,0,0,1
50.001,518.0,817.0,353.0,1009.0,-0.4027,0.037,-0.2925,-0.2797,0,0,1,1,1,0,1,0,1,275.0,WAIT,等待掉台触发,0,0,1
50.021,518.0,820.0,354.0,1011.0,-0.4027,0.0414,-0.2925,-0.2797,0,0,1,1,1,0,1,0,1,323.0,WAIT,等待掉台触发,0,0,1
50.041,517.0,817.0,354.0,1011.0,-0.4027,0.0414,-0.2897,-0.2756,0,0,1,1,1,0,1,0,1,309.0,WAIT,等待掉台触发,0,0,1
50.061,517.0,819.0,352.0,1009.0,-0.4054,0.0458,-0.2897,-0.2756,0,0,1,1,1,0,1,0,1,341.0,WAIT,等待掉台触发,0,0,1
50.082,517.0,819.0,352.0,1009.0,-0.4054,0.0458,-0.2953,-0.2797,0,0,1,1,1,0,1,0,1,341.0,WAIT,等待掉台触发,0,0,1
50.102,516.0,822.0,353.0,1009.0,-0.4054,0.0458,-0.2953,-0.2797,0,0,1,1,1,0,1,0,1,357.0,WAIT,等待掉台触发,0,0,1
50.122,516.0,824.0,353.0,1009.0,-0.4082,0.0523,-0.2925,-0.2797,0,0,1,1,1,0,1,0,1,258.0,WAIT,等待掉台触发,0,0,1
50.142,517.0,824.0,354.0,1008.0,-0.4082,0.0566,-0.2925,-0.2797,0,0,1,1,1,0,1,0,1,228.0,WAIT,等待掉台触发,0,0,1
50.162,515.0,824.0,352.0,1008.0,-0.4082,0.0566,-0.2925,-0.2818,0,0,1,1,1,0,1,0,1,316.0,WAIT,等待掉台触发,0,0,1
50.182,517.0,827.0,353.0,1008.0,-0.4054,0.0566,-0.2925,-0.2818,0,0,1,0,1,0,1,0,1,420.0,WAIT,等待掉台触发,0,0,1
50.202,517.0,828.0,354.0,1011.0,-0.4054,0.0632,-0.2925,-0.2818,0,0,1,0,1,0,1,0,1,342.0,WAIT,等待掉台触发,0,0,1
50.222,517.0,828.0,355.0,1009.0,-0.4054,0.0654,-0.2897,-0.2797,0,0,1,0,1,0,1,0,1,316.0,WAIT,等待掉台触发,0,0,1
50.242,518.0,830.0,355.0,1012.0,-0.4054,0.0654,-0.2869,-0.2756,0,0,1,0,1,0,1,0,1,293.0,WAIT,等待掉台触发,0,0,1
50.263,518.0,831.0,354.0,1011.0,-0.4027,0.0697,-0.2869,-0.2756,0,0,1,0,1,0,1,0,1,358.0,WAIT,等待掉台触发,0,0,1
50.283,518.0,830.0,354.0,1011.0,-0.4027,0.0697,-0.2897,-0.2756,0,0,1,0,1,0,1,0,1,308.0,WAIT,等待掉台触发,0,0,1
50.303,517.0,830.0,354.0,1009.0,-0.4027,0.0697,-0.2897,-0.2756,0,0,1,0,1,0,1,0,1,342.0,WAIT,等待掉台触发,0,0,1
50.323,519.0,832.0,355.0,1011.0,-0.4027,0.0697,-0.2897,-0.2756,0,0,1,0,1,0,1,0,1,347.0,WAIT,等待掉台触发,0,0,1
50.343,518.0,832.0,355.0,1011.0,-0.4027,0.0741,-0.2869,-0.2756,0,0,1,0,1,0,1,0,1,357.0,WAIT,等待掉台触发,0,0,1
50.363,520.0,833.0,356.0,1010.0,-0.4,0.0741,-0.2869,-0.2756,0,0,1,0,1,0,1,0,1,341.0,WAIT,等待掉台触发,0,0,1
50.383,520.0,833.0,358.0,1008.0,-0.3973,0.0763,-0.2841,-0.2777,0,0,1,0,1,0,1,0,1,350.0,WAIT,等待掉台触发,0,0,1
50.404,519.0,832.0,359.0,1006.0,-0.3973,0.0763,-0.2786,-0.2818,0,0,1,0,1,0,1,0,1,276.0,WAIT,等待掉台触发,0,0,1
50.424,520.0,836.0,360.0,1006.0,-0.3973,0.0763,-0.2758,-0.286,0,0,1,0,1,0,1,0,1,229.0,WAIT,等待掉台触发,0,0,1
50.444,522.0,841.0,360.0,1007.0,-0.3973,0.0828,-0.273,-0.286,0,0,1,0,1,0,1,0,1,293.0,WAIT,等待掉台触发,0,0,1
50.464,522.0,843.0,360.0,1007.0,-0.3918,0.0937,-0.273,-0.2839,0,0,1,0,1,0,1,0,1,341.0,WAIT,等待掉台触发,0,0,1
50.484,522.0,843.0,360.0,1007.0,-0.3918,0.098,-0.273,-0.2839,0,0,1,0,1,0,1,0,1,341.0,WAIT,等待掉台触发,0,0,1
50.504,522.0,844.0,361.0,1005.0,-0.3918,0.098,-0.273,-0.2839,0,0,1,0,1,0,1,0,1,331.0,WAIT,等待掉台触发,0,0,1
50.524,523.0,846.0,363.0,1006.0,-0.3918,0.1002,-0.2702,-0.286,0,0,1,0,1,0,1,0,1,294.0,WAIT,等待掉台触发,0,0,1
50.544,526.0,846.0,363.0,1005.0,-0.3891,0.1046,-0.2646,-0.2881,0,0,1,0,1,0,1,0,1,292.0,WAIT,等待掉台触发,0,0,1
50.564,530.0,849.0,364.0,1005.0,-0.381,0.1046,-0.2646,-0.2881,0,0,1,0,1,0,1,0,1,314.0,WAIT,等待掉台触发,0,0,1
50.585,533.0,851.0,362.0,1003.0,-0.3701,0.1111,-0.2646,-0.2881,0,0,1,0,1,0,1,0,1,358.0,WAIT,等待掉台触发,0,0,1
50.605,537.0,856.0,358.0,1000.0,-0.3619,0.1155,-0.2674,-0.2923,0,0,1,0,1,0,1,0,1,340.0,WAIT,等待掉台触发,0,0,1
50.625,541.0,860.0,358.0,999.0,-0.351,0.1264,-0.2786,-0.2985,0,0,1,0,1,0,1,0,1,341.0,WAIT,等待掉台触发,0,0,1
50.645,542.0,850.0,356.0,995.0,-0.3401,0.1264,-0.2786,-0.3006,0,0,1,0,1,0,1,0,1,276.0,WAIT,等待掉台触发,0,0,1
50.665,544.0,836.0,353.0,990.0,-0.3374,0.1133,-0.2841,-0.309,0,0,1,0,1,0,1,0,1,305.0,WAIT,等待掉台触发,0,0,1
50.685,549.0,826.0,353.0,993.0,-0.332,0.0828,-0.2925,-0.3132,0,0,1,0,1,0,1,0,1,307.0,WAIT,等待掉台触发,0,0,1
50.705,551.0,804.0,349.0,996.0,-0.3184,0.061,-0.2925,-0.3132,0,0,1,0,1,0,1,0,1,422.0,WAIT,等待掉台触发,0,0,1
50.725,553.0,784.0,345.0,998.0,-0.3129,0.0131,-0.3036,-0.3069,0,0,1,0,1,0,1,0,1,260.0,WAIT,等待掉台触发,0,0,1
50.745,552.0,770.0,341.0,999.0,-0.3102,-0.0305,-0.3148,-0.3027,1,0,1,0,1,0,1,0,1,340.0,WAIT,等待掉台触发,0,0,1
50.766,543.0,747.0,330.0,983.0,-0.3102,-0.061,-0.3259,-0.3027,1,0,1,0,1,0,1,0,1,245.0,WAIT,等待掉台触发,0,0,1
50.786,530.0,721.0,319.0,958.0,-0.3347,-0.1111,-0.3565,-0.334,1,1,1,0,1,0,1,0,1,229.0,ADC_CORRECT,掉台触发且前头红外亮，直接矫正,0,0,1
50.808,518.0,690.0,311.0,930.0,-0.3701,-0.1678,-0.3872,-0.3862,1,0,1,0,1,0,1,0,1,251.0,ADC_CORRECT,ADC 矫正中 diff=251,150,-150,1
50.828,503.0,619.0,295.0,888.0,-0.4027,-0.2353,-0.4095,-0.4447,1,0,0,0,1,0,1,0,1,85.0,ADC_CORRECT,ADC 矫正中 diff=85,150,-150,1
50.848,486.0,545.0,278.0,843.0,-0.4435,-0.39,-0.454,-0.5324,1,0,0,0,1,0,1,0,1,246.0,ADC_CORRECT,ADC 矫正中 diff=246,150,-150,1
50.868,471.0,505.0,265.0,806.0,-0.4898,-0.5512,-0.5014,-0.6263,1,0,0,0,1,0,1,0,1,216.0,ADC_CORRECT,ADC 矫正中 diff=216,150,-150,1
50.888,471.0,505.0,265.0,806.0,-0.5306,-0.6383,-0.5376,-0.7035,1,0,0,0,1,0,1,0,1,216.0,ADC_CORRECT,ADC 矫正中 diff=216,150,-150,1
50.909,460.0,467.0,257.0,773.0,-0.5306,-0.6383,-0.5376,-0.7035,1,0,0,0,0,0,1,0,1,294.0,ADC_CORRECT,ADC 矫正中 diff=294,150,-150,1
50.929,455.0,426.0,256.0,746.0,-0.5605,-0.7211,-0.5599,-0.7724,1,0,0,0,0,0,1,0,1,264.0,ADC_CORRECT,ADC 矫正中 diff=264,150,-150,1
50.949,451.0,397.0,252.0,727.0,-0.5741,-0.8105,-0.5627,-0.8288,1,0,0,0,0,0,1,0,1,309.0,ADC_CORRECT,ADC 矫正中 diff=309,150,-150,1
50.97,450.0,385.0,248.0,723.0,-0.585,-0.8736,-0.5738,-0.8685,1,0,0,0,0,0,1,1,1,312.0,ADC_CORRECT,ADC 矫正中 diff=312,150,-150,1
50.99,443.0,377.0,244.0,717.0,-0.5878,-0.8998,-0.585,-0.8768,1,0,0,0,0,0,1,1,1,264.0,ADC_CORRECT,ADC 矫正中 diff=264,150,-150,1
51.01,441.0,376.0,240.0,714.0,-0.6068,-0.9172,-0.5961,-0.8894,1,0,0,0,0,0,1,1,1,152.0,ADC_CORRECT,ADC 矫正中 diff=152,150,-150,1
51.031,434.0,372.0,241.0,696.0,-0.6122,-0.9194,-0.6045,-0.8956,1,0,0,0,0,0,1,1,1,165.0,ADC_CORRECT,ADC 矫正中 diff=165,150,-150,1
51.051,429.0,365.0,239.0,674.0,-0.6313,-0.9281,-0.6072,-0.9332,1,0,0,0,0,0,1,1,1,183.0,ADC_CORRECT,ADC 矫正中 diff=183,150,-150,1
51.071,421.0,361.0,230.0,662.0,-0.6449,-0.9434,-0.61,-0.9791,1,0,0,0,0,0,1,1,1,199.0,ADC_CORRECT,ADC 矫正中 diff=199,150,-150,1
51.091,409.0,348.0,219.0,664.0,-0.6667,-0.9521,-0.6351,-1.0,1,0,0,0,0,0,1,1,1,222.0,ADC_CORRECT,ADC 矫正中 diff=222,150,-150,1
51.111,397.0,332.0,206.0,672.0,-0.6993,-0.9804,-0.6657,-1.0,1,0,0,0,0,0,1,1,1,214.0,ADC_CORRECT,ADC 矫正中 diff=214,150,-150,1
51.131,381.0,321.0,196.0,663.0,-0.732,-1.0153,-0.7019,-1.0,1,0,0,0,0,0,1,1,1,147.0,ADC_CORRECT,ADC 矫正中 diff=147,150,-150,1
51.151,362.0,312.0,188.0,639.0,-0.7755,-1.0392,-0.7298,-1.0021,1,0,0,0,0,0,1,1,1,177.0,ADC_CORRECT,ADC 矫正中 diff=177,150,-150,1
51.172,350.0,307.0,183.0,633.0,-0.8272,-1.0588,-0.7521,-1.0522,1,0,0,0,0,0,1,1,1,161.0,ADC_CORRECT,ADC 矫正中 diff=161,150,-150,1
51.192,336.0,301.0,182.0,638.0,-0.8599,-1.0697,-0.766,-1.0543,1,0,0,0,0,0,1,1,1,163.0,ADC_CORRECT,ADC 矫正中 diff=163,150,-150,1
51.212,316.0,293.0,178.0,630.0,-0.898,-1.0828,-0.7688,-1.0647,1,0,0,0,0,0,1,1,1,166.0,ADC_CORRECT,ADC 矫正中 diff=166,150,-150,1
51.232,292.0,277.0,167.0,600.0,-0.9524,-1.1002,-0.7799,-1.071,1,0,0,0,0,0,1,1,1,113.0,ADC_CORRECT,ADC 矫正中 diff=113,150,-150,1
51.252,277.0,268.0,159.0,577.0,-1.0177,-1.1351,-0.8106,-1.1336,1,0,0,0,0,0,1,1,1,165.0,ADC_CORRECT,ADC 矫正中 diff=165,150,-150,1
51.272,261.0,261.0,151.0,568.0,-1.0585,-1.1547,-0.8329,-1.1816,1,0,0,0,0,0,1,1,1,115.0,ADC_CORRECT,ADC 矫正中 diff=115,150,-150,1
51.292,242.0,258.0,143.0,540.0,-1.102,-1.1699,-0.8552,-1.2004,1,0,0,0,0,0,1,1,1,148.0,ADC_CORRECT,ADC 矫正中 diff=148,150,-150,1
51.312,225.0,257.0,138.0,512.0,-1.1537,-1.1765,-0.8774,-1.2589,1,0,0,0,0,0,1,1,1,32.0,REVERSE,矫正完成，倒车,-400,-400,1
51.332,208.0,253.0,135.0,487.0,-1.2,-1.1786,-0.8914,-1.3173,1,0,0,0,0,0,1,1,1,-4.0,SAFE_STOP,倒车完成（前头红外无值）,0,0,1
51.353,196.0,249.0,134.0,462.0,-1.2463,-1.1874,-0.8997,-1.3695,1,0,0,0,0,0,1,1,1,142.0,SAFE_STOP,倒车完成（前头红外无值）,0,0,1
51.373,196.0,249.0,134.0,462.0,-1.2789,-1.1961,-0.9025,-1.4217,1,0,0,0,0,0,1,1,1,142.0,SAFE_STOP,倒车完成（前头红外无值）,0,0,1
51.394,183.0,246.0,132.0,437.0,-1.2789,-1.1961,-0.9025,-1.4217,1,0,0,0,0,0,1,1,1,63.0,SAFE_STOP,倒车完成（前头红外无值）,0,0,1
51.415,169.0,243.0,129.0,421.0,-1.3143,-1.2026,-0.9081,-1.4739,1,0,0,0,0,0,1,1,1,123.0,SAFE_STOP,倒车完成（前头红外无值）,0,0,1
51.435,157.0,249.0,127.0,418.0,-1.3524,-1.2026,-0.9164,-1.5073,1,0,0,0,0,0,1,1,1,23.0,SAFE_STOP,倒车完成（前头红外无值）,0,0,1
51.455,146.0,283.0,123.0,408.0,-1.385,-1.1961,-0.922,-1.5136,1,0,0,0,0,0,1,1,1,47.0,SAFE_STOP,倒车完成（前头红外无值）,0,0,1
51.476,137.0,349.0,122.0,414.0,-1.415,-1.122,-0.9331,-1.5219,1,0,0,0,0,0,1,1,1,195.0,SAFE_STOP,倒车完成（前头红外无值）,0,0,1
51.496,133.0,381.0,121.0,468.0,-1.4395,-0.9782,-0.9359,-1.5219,1,0,0,0,0,0,1,1,1,195.0,SAFE_STOP,倒车完成（前头红外无值）,0,0,1
51.516,133.0,373.0,124.0,582.0,-1.4503,-0.9259,-0.9359,-1.4092,1,0,0,0,0,0,1,1,1,147.0,SAFE_STOP,倒车完成（前头红外无值）,0,0,1
51.536,132.0,320.0,123.0,555.0,-1.4503,-0.9259,-0.9331,-1.2276,1,0,0,0,0,0,1,1,1,65.0,SAFE_STOP,倒车完成（前头红外无值）,0,0,1
51.556,128.0,262.0,122.0,430.0,-1.4531,-1.0414,-0.9331,-1.2276,1,0,0,0,0,0,1,1,1,-4.0,SAFE_STOP,倒车完成（前头红外无值）,0,0,1
51.577,122.0,238.0,128.0,379.0,-1.4639,-1.1678,-0.9331,-1.4885,1,0,0,0,0,0,1,1,1,13.0,SAFE_STOP,倒车完成（前头红外无值）,0,0,1
51.597,131.0,232.0,145.0,363.0,-1.4639,-1.22,-0.9192,-1.595,1,0,0,0,0,0,1,1,1,99.0,SAFE_STOP,倒车完成（前头红外无值）,0,0,1
51.617,159.0,229.0,189.0,355.0,-1.4558,-1.2331,-0.8719,-1.6284,1,0,0,0,0,0,1,1,1,197.0,SAFE_STOP,倒车完成（前头红外无值）,0,0,1
51.637,179.0,225.0,205.0,342.0,-1.3796,-1.2397,-0.7493,-1.6451,1,0,0,0,0,0,1,0,1,81.0,SAFE_STOP,倒车完成（前头红外无值）,0,0,1
51.657,162.0,216.0,186.0,328.0,-1.3714,-1.2484,-0.7493,-1.6722,1,0,0,0,0,0,1,0,1,98.0,SAFE_STOP,倒车完成（前头红外无值）,0,0,1
51.677,136.0,206.0,157.0,321.0,-1.3714,-1.268,-0.7577,-1.7015,1,0,0,0,0,0,1,0,1,159.0,SAFE_STOP,倒车完成（前头红外无值）,0,0,1
51.697,123.0,199.0,134.0,317.0,-1.4422,-1.2898,-0.8384,-1.7161,1,0,0,0,0,1,1,0,1,97.0,SAFE_STOP,倒车完成（前头红外无值）,0,0,1
51.717,114.0,197.0,122.0,316.0,-1.4776,-1.305,-0.9025,-1.7244,1,0,0,0,0,1,1,0,1,203.0,SAFE_STOP,倒车完成（前头红外无值）,0,0,1
51.737,108.0,196.0,115.0,314.0,-1.502,-1.3094,-0.9359,-1.7265,1,0,0,0,0,1,1,0,1,195.0,SAFE_STOP,倒车完成（前头红外无值）,0,0,1
51.758,105.0,196.0,111.0,312.0,-1.5184,-1.3115,-0.9554,-1.7307,1,0,0,0,0,1,1,0,1,197.0,SAFE_STOP,倒车完成（前头红外无值）,0,0,1
51.778,102.0,196.0,110.0,310.0,-1.5265,-1.3115,-0.9666,-1.7349,1,0,0,0,0,1,1,0,1,179.0,SAFE_STOP,倒车完成（前头红外无值）,0,0,1
51.798,100.0,195.0,109.0,310.0,-1.5347,-1.3115,-0.9694,-1.739,1,0,0,0,0,1,1,0,1,184.0,SAFE_STOP,倒车完成（前头红外无值）,0,0,1
51.818,99.0,195.0,110.0,314.0,-1.5401,-1.3137,-0.9694,-1.739,1,0,0,0,0,1,1,0,1,230.0,SAFE_STOP,倒车完成（前头红外无值）,0,0,1
51.838,97.0,194.0,110.0,315.0,-1.5429,-1.3137,-0.9694,-1.7307,1,0,0,0,0,1,1,0,1,197.0,SAFE_STOP,倒车完成（前头红外无值）,0,0,1
51.858,96.0,194.0,110.0,315.0,-1.5483,-1.3159,-0.9694,-1.7286,1,0,0,0,0,1,1,0,1,196.0,SAFE_STOP,倒车完成（前头红外无值）,0,0,1
51.878,97.0,195.0,111.0,317.0,-1.5483,-1.3159,-0.9694,-1.7286,1,0,0,0,0,1,1,0,1,278.0,SAFE_STOP,倒车完成（前头红外无值）,0,0,1
51.898,97.0,193.0,110.0,317.0,-1.5483,-1.3159,-0.9694,-1.7244,1,0,1,0,0,1,0,0,1,278.0,SAFE_STOP,倒车完成（前头红外无值）,0,0,1
51.919,98.0,194.0,111.0,323.0,-1.5483,-1.3159,-0.9666,-1.7244,1,0,1,0,0,1,0,0,1,262.0,SAFE_STOP,倒车完成（前头红外无值）,0,0,1
51.939,99.0,194.0,112.0,330.0,-1.5456,-1.3159,-0.9666,-1.7119,1,0,1,0,0,1,0,0,1,295.0,SAFE_STOP,倒车完成（前头红外无值）,0,0,1
51.959,99.0,194.0,114.0,329.0,-1.5429,-1.3159,-0.9638,-1.6994,1,0,1,0,0,1,0,0,1,214.0,SAFE_STOP,倒车完成（前头红外无值）,0,0,1
51.979,100.0,195.0,115.0,332.0,-1.5429,-1.3159,-0.9582,-1.6973,1,0,1,0,0,1,0,0,1,201.0,SAFE_STOP,倒车完成（前头红外无值）,0,0,1
51.999,103.0,196.0,116.0,340.0,-1.5401,-1.3137,-0.9554,-1.6931,1,0,1,0,0,1,0,0,1,213.0,SAFE_STOP,倒车完成（前头红外无值）,0,0,1
52.019,106.0,196.0,119.0,342.0,-1.532,-1.3115,-0.9526,-1.6764,1,0,1,0,0,1,0,0,1,261.0,SAFE_STOP,倒车完成（前头红外无值）,0,0,1
52.039,106.0,196.0,119.0,342.0,-1.5238,-1.3115,-0.9443,-1.6722,1,0,1,0,0,1,0,0,1,261.0,SAFE_STOP,倒车完成（前头红外无值）,0,0,1
52.059,107.0,198.0,120.0,346.0,-1.5238,-1.3115,-0.9443,-1.6722,1,0,1,0,0,1,0,0,1,181.0,SAFE_STOP,倒车完成（前头红外无值）,0,0,1
52.079,110.0,197.0,121.0,351.0,-1.5211,-1.3094,-0.9415,-1.6639,1,0,1,0,0,1,0,0,1,229.0,SAFE_STOP,倒车完成（前头红外无值）,0,0,1
52.099,115.0,198.0,121.0,353.0,-1.5129,-1.3072,-0.9387,-1.6534,1,0,1,0,0,1,0,0,1,472.0,SAFE_STOP,倒车完成（前头红外无值）,0,0,1
52.119,117.0,197.0,123.0,350.0,-1.4993,-1.3094,-0.9387,-1.6534,1,0,1,0,0,1,0,0,1,457.0,SAFE_STOP,倒车完成（前头红外无值）,0,0,1
52.14,120.0,196.0,125.0,352.0,-1.4939,-1.3094,-0.9331,-1.6514,1,0,1,0,0,1,0,0,1,295.0,SAFE_STOP,倒车完成（前头红外无值）,0,0,1
52.16,125.0,196.0,125.0,360.0,-1.4857,-1.3115,-0.9276,-1.6514,1,0,1,0,0,1,0,0,1,412.0,SAFE_STOP,倒车完成（前头红外无值）,0,0,1
52.18,128.0,196.0,124.0,366.0,-1.4721,-1.3115,-0.9276,-1.6347,1,0,1,0,0,1,0,0,1,43.0,SAFE_STOP,倒车完成（前头红外无值）,0,0,1
52.2,129.0,198.0,124.0,375.0,-1.4639,-1.3115,-0.9304,-1.6221,1,0,1,0,0,1,0,0,1,424.0,SAFE_STOP,倒车完成（前头红外无值）,0,0,1
52.22,130.0,197.0,123.0,376.0,-1.4612,-1.3094,-0.9304,-1.6033,1,0,1,0,0,0,0,0,1,441.0,SAFE_STOP,倒车完成（前头红外无值）,0,0,1
52.24,129.0,197.0,122.0,375.0,-1.4612,-1.3094,-0.9331,-1.6033,1,0,1,0,0,0,0,0,1,294.0,SAFE_STOP,倒车完成（前头红外无值）,0,0,1
52.26,131.0,197.0,121.0,381.0,-1.4585,-1.3094,-0.9359,-1.6013,1,0,1,0,0,0,0,0,1,327.0,SAFE_STOP,倒车完成（前头红外无值）,0,0,1
52.28,132.0,201.0,122.0,391.0,-1.4558,-1.3094,-0.9359,-1.5908,1,0,1,0,0,0,0,0,1,263.0,SAFE_STOP,倒车完成（前头红外无值）,0,0,1
52.3,130.0,200.0,120.0,399.0,-1.4558,-1.3028,-0.9387,-1.5699,1,0,1,0,0,0,0,0,1,264.0,SAFE_STOP,倒车完成（前头红外无值）,0,0,1
52.32,133.0,206.0,124.0,410.0,-1.4531,-1.3007,-0.9359,-1.5532,1,0,1,0,0,0,0,0,1,311.0,SAFE_STOP,倒车完成（前头红外无值）,0,0,1
52.34,136.0,208.0,126.0,414.0,-1.4503,-1.2898,-0.9304,-1.5303,1,0,1,0,0,0,0,0,1,310.0,SAFE_STOP,倒车完成（前头红外无值）,0,0,1
52.361,143.0,210.0,129.0,421.0,-1.4422,-1.2854,-0.9248,-1.5219,1,0,1,0,0,0,0,0,1,220.0,SAFE_STOP,倒车完成（前头红外无值）,0,0,1
52.381,156.0,217.0,134.0,437.0,-1.4231,-1.281,-0.9164,-1.5073,1,0,1,0,0,0,0,0,1,312.0,SAFE_STOP,倒车完成（前头红外无值）,0,0,1
52.401,175.0,222.0,144.0,454.0,-1.3878,-1.2658,-0.9025,-1.4739,1,0,1,0,0,0,0,0,1,297.0,SAFE_STOP,倒车完成（前头红外无值）,0,0,1
52.421,211.0,226.0,159.0,470.0,-1.3361,-1.2549,-0.8747,-1.4384,1,0,1,0,0,0,0,0,1,297.0,SAFE_STOP,倒车完成（前头红外无值）,0,0,1
52.441,235.0,236.0,165.0,504.0,-1.2381,-1.2462,-0.8329,-1.405,1,0,1,0,0,0,0,0,1,318.0,SAFE_STOP,倒车完成（前头红外无值）,0,0,1
52.461,238.0,240.0,165.0,512.0,-1.1728,-1.2244,-0.8162,-1.334,1,0,1,0,0,0,0,0,1,279.0,SAFE_STOP,倒车完成（前头红外无值）,0,0,1
52.481,248.0,243.0,167.0,523.0,-1.1646,-1.2157,-0.8162,-1.3173,1,0,1,0,0,0,0,0,1,383.0,SAFE_STOP,倒车完成（前头红外无值）,0,0,1
52.501,262.0,246.0,177.0,523.0,-1.1374,-1.2092,-0.8106,-1.2944,1,0,1,0,0,0,0,0,1,295.0,SAFE_STOP,倒车完成（前头红外无值）,0,0,1
52.521,274.0,251.0,181.0,528.0,-1.0993,-1.2026,-0.7827,-1.2944,1,0,1,0,0,0,0,0,1,361.0,SAFE_STOP,倒车完成（前头红外无值）,0,0,1
52.542,279.0,253.0,181.0,535.0,-1.0667,-1.1917,-0.7716,-1.2839,1,0,1,0,0,0,0,0,1,345.0,SAFE_STOP,倒车完成（前头红外无值）,0,0,1
52.562,286.0,256.0,183.0,542.0,-1.0531,-1.1874,-0.7716,-1.2693,1,0,1,0,0,0,0,0,1,294.0,SAFE_STOP,倒车完成（前头红外无值）,0,0,1
52.582,293.0,260.0,185.0,551.0,-1.034,-1.1808,-0.766,-1.2547,1,0,1,0,0,1,0,0,1,263.0,SAFE_STOP,倒车完成（前头红外无值）,0,0,1
52.602,293.0,260.0,185.0,551.0,-1.015,-1.1721,-0.7604,-1.2359,1,0,1,0,0,1,0,0,1,263.0,SAFE_STOP,倒车完成（前头红外无值）,0,0,1
52.622,297.0,262.0,185.0,556.0,-1.015,-1.1721,-0.7604,-1.2359,1,0,1,0,0,1,0,0,1,319.0,SAFE_STOP,倒车完成（前头红外无值）,0,0,1
52.642,307.0,268.0,188.0,568.0,-1.0041,-1.1678,-0.7604,-1.2255,1,0,1,0,0,1,0,0,1,589.0,SAFE_STOP,倒车完成（前头红外无值）,0,0,1
52.662,313.0,275.0,191.0,577.0,-0.9769,-1.1547,-0.7521,-1.2004,1,0,1,0,0,1,0,0,1,361.0,SAFE_STOP,倒车完成（前头红外无值）,0,0,1
52.683,321.0,282.0,195.0,589.0,-0.9605,-1.1394,-0.7437,-1.1816,1,0,1,0,0,1,0,0,1,281.0,SAFE_STOP,倒车完成（前头红外无值）,0,0,1
52.703,332.0,293.0,201.0,607.0,-0.9388,-1.1242,-0.7326,-1.1566,1,0,1,0,0,1,0,0,1,384.0,SAFE_STOP,倒车完成（前头红外无值）,0,0,1
52.723,346.0,309.0,209.0,629.0,-0.9088,-1.1002,-0.7159,-1.119,1,0,1,0,0,1,0,0,1,263.0,SAFE_STOP,倒车完成（前头红外无值）,0,0,1
52.743,361.0,332.0,219.0,658.0,-0.8707,-1.0654,-0.6936,-1.0731,1,0,1,0,0,1,0,0,1,281.0,SAFE_STOP,倒车完成（前头红外无值）,0,0,1
52.763,380.0,363.0,234.0,698.0,-0.8299,-1.0153,-0.6657,-1.0125,1,0,1,0,0,1,0,0,1,367.0,SAFE_STOP,倒车完成（前头红外无值）,0,0,1
52.783,400.0,404.0,252.0,745.0,-0.7782,-0.9477,-0.624,-0.929,1,0,1,0,0,1,0,0,1,278.0,SAFE_STOP,倒车完成（前头红外无值）,0,0,1
52.803,420.0,452.0,272.0,793.0,-0.7238,-0.8584,-0.5738,-0.8309,1,0,1,0,0,1,0,0,1,652.0,SAFE_STOP,倒车完成（前头红外无值）,0,0,1
52.823,440.0,512.0,295.0,845.0,-0.6694,-0.7538,-0.5181,-0.7307,1,0,1,0,0,1,0,0,1,291.0,SAFE_STOP,倒车完成（前头红外无值）,0,0,1
52.844,460.0,594.0,323.0,905.0,-0.615,-0.6231,-0.454,-0.6221,1,0,1,0,0,1,0,0,1,372.0,SAFE_STOP,倒车完成（前头红外无值）,0,0,1
52.864,481.0,712.0,362.0,975.0,-0.5605,-0.4444,-0.376,-0.4969,1,0,1,0,0,1,0,0,1,337.0,SAFE_STOP,倒车完成（前头红外无值）,0,0,1
52.884,492.0,746.0,367.0,977.0,-0.5034,-0.1874,-0.2674,-0.3507,1,0,1,0,0,1,0,0,1,273.0,SAFE_STOP,倒车完成（前头红外无值）,0,0,1
52.904,499.0,750.0,374.0,979.0,-0.4735,-0.1133,-0.2535,-0.3466,1,0,1,0,0,1,0,0,1,290.0,SAFE_STOP,倒车完成（前头红外无值）,0,0,1
52.924,503.0,764.0,373.0,986.0,-0.4544,-0.1046,-0.2368,-0.3424,1,0,1,0,0,1,0,0,1,287.0,SAFE_STOP,倒车完成（前头红外无值）,0,0,1
52.944,505.0,768.0,374.0,991.0,-0.4435,-0.0741,-0.234,-0.3278,1,0,1,0,0,1,0,0,1,320.0,SAFE_STOP,倒车完成（前头红外无值）,0,0,1
52.964,507.0,774.0,374.0,994.0,-0.4381,-0.0654,-0.234,-0.3173,1,0,1,0,0,1,0,0,1,307.0,SAFE_STOP,倒车完成（前头红外无值）,0,0,1
52.985,508.0,776.0,373.0,994.0,-0.4327,-0.0523,-0.234,-0.3111,1,0,1,0,0,1,0,0,1,243.0,SAFE_STOP,倒车完成（前头红外无值）,0,0,1
53.006,509.0,778.0,372.0,995.0,-0.4299,-0.0479,-0.2368,-0.3111,1,0,1,0,0,1,0,0,1,272.0,SAFE_STOP,倒车完成（前头红外无值）,0,0,1
53.026,509.0,778.0,372.0,995.0,-0.4272,-0.0436,-0.2396,-0.309,1,0,1,0,0,1,0,0,1,272.0,SAFE_STOP,倒车完成（前头红外无值）,0,0,1
53.046,512.0,780.0,373.0,997.0,-0.4272,-0.0436,-0.2396,-0.309,1,0,1,0,0,1,0,0,1,337.0,SAFE_STOP,倒车完成（前头红外无值）,0,0,1
53.067,512.0,781.0,374.0,997.0,-0.419,-0.0392,-0.2368,-0.3048,1,0,1,0,0,1,0,0,1,598.0,SAFE_STOP,倒车完成（前头红外无值）,0,0,1
53.087,514.0,784.0,374.0,999.0,-0.419,-0.037,-0.234,-0.3048,1,0,1,0,0,1,0,0,1,321.0,SAFE_STOP,倒车完成（前头红外无值）,0,0,1
53.107,516.0,785.0,375.0,1000.0,-0.4136,-0.0305,-0.234,-0.3006,1,0,1,0,0,1,0,0,1,291.0,SAFE_STOP,倒车完成（前头红外无值）,0,0,1
53.127,516.0,785.0,375.0,998.0,-0.4082,-0.0283,-0.2312,-0.3006,1,0,1,0,0,1,0,0,1,453.0,SAFE_STOP,倒车完成（前头红外无值）,0,0,1
53.147,517.0,787.0,374.0,999.0,-0.4082,-0.0283,-0.2312,-0.3006,1,0,1,0,0,1,0,0,1,273.0,SAFE_STOP,倒车完成（前头红外无值）,0,0,1
53.167,518.0,788.0,375.0,1000.0,-0.4054,-0.024,-0.2312,-0.3006,1,0,1,0,0,1,0,0,1,178.0,SAFE_STOP,倒车完成（前头红外无值）,0,0,1
53.188,519.0,788.0,375.0,1000.0,-0.4027,-0.0218,-0.2312,-0.2985,1,0,1,0,0,1,0,0,1,276.0,SAFE_STOP,倒车完成（前头红外无值）,0,0,1
53.208,518.0,788.0,375.0,999.0,-0.4027,-0.0218,-0.2312,-0.2985,1,0,1,0,0,1,0,0,1,365.0,SAFE_STOP,倒车完成（前头红外无值）,0,0,1
53.228,520.0,789.0,375.0,1001.0,-0.4,-0.0218,-0.2312,-0.2985,1,0,1,0,0,1,0,0,1,273.0,SAFE_STOP,倒车完成（前头红外无值）,0,0,1
53.248,521.0,791.0,375.0,1001.0,-0.3973,-0.0196,-0.2312,-0.2965,1,0,1,0,0,1,0,0,1,340.0,SAFE_STOP,倒车完成（前头红外无值）,0,0,1
53.268,521.0,790.0,375.0,1000.0,-0.3946,-0.0174,-0.2312,-0.2965,1,0,1,0,0,1,0,0,1,549.0,SAFE_STOP,倒车完成（前头红外无值）,0,0,1
53.288,522.0,792.0,375.0,1001.0,-0.3946,-0.0153,-0.2312,-0.2965,1,0,1,0,0,1,0,0,1,275.0,SAFE_STOP,倒车完成（前头红外无值）,0,0,1
53.308,522.0,792.0,375.0,1002.0,-0.3918,-0.0131,-0.2312,-0.2965,1,0,1,0,0,1,0,0,1,226.0,SAFE_STOP,倒车完成（前头红外无值）,0,0,1
53.328,522.0,792.0,375.0,1001.0,-0.3918,-0.0131,-0.2312,-0.2965,1,0,1,0,0,1,0,0,1,288.0,SAFE_STOP,倒车完成（前头红外无值）,0,0,1
53.348,523.0,792.0,376.0,1002.0,-0.3918,-0.0131,-0.2312,-0.2944,1,0,1,0,0,1,0,0,1,256.0,SAFE_STOP,倒车完成（前头红外无值）,0,0,1
53.369,524.0,792.0,376.0,1002.0,-0.3891,-0.0131,-0.2284,-0.2944,1,0,1,0,0,1,0,0,1,322.0,SAFE_STOP,倒车完成（前头红外无值）,0,0,1
53.389,524.0,792.0,376.0,1002.0,-0.3864,-0.0131,-0.2284,-0.2944,1,0,1,0,0,1,0,0,1,274.0,SAFE_STOP,倒车完成（前头红外无值）,0,0,1
53.409,523.0,792.0,374.0,1001.0,-0.3864,-0.0131,-0.2284,-0.2944,1,0,1,0,0,1,0,0,1,276.0,SAFE_STOP,倒车完成（前头红外无值）,0,0,1
53.429,524.0,793.0,375.0,1001.0,-0.3864,-0.0131,-0.2312,-0.2965,1,0,1,0,0,1,0,0,1,336.0,SAFE_STOP,倒车完成（前头红外无值）,0,0,1
53.449,524.0,793.0,375.0,1001.0,-0.3864,-0.0109,-0.2312,-0.2965,1,0,1,0,0,1,0,0,1,336.0,SAFE_STOP,倒车完成（前头红外无值）,0,0,1
53.47,524.0,794.0,376.0,1002.0,-0.3864,-0.0109,-0.2312,-0.2965,1,0,1,0,0,1,0,0,1,323.0,SAFE_STOP,倒车完成（前头红外无值）,0,0,1
53.49,524.0,793.0,376.0,1001.0,-0.3864,-0.0109,-0.2284,-0.2965,1,0,1,0,0,1,0,0,1,388.0,SAFE_STOP,倒车完成（前头红外无值）,0,0,1
53.51,524.0,795.0,374.0,1000.0,-0.3864,-0.0087,-0.2284,-0.2965,1,0,1,0,0,1,0,0,1,271.0,SAFE_STOP,倒车完成（前头红外无值）,0,0,1
53.53,525.0,795.0,375.0,1002.0,-0.3864,-0.0065,-0.2312,-0.2965,1,0,1,0,0,1,0,0,1,582.0,SAFE_STOP,倒车完成（前头红外无值）,0,0,1
53.55,525.0,794.0,375.0,1001.0,-0.3837,-0.0065,-0.2312,-0.2965,1,0,1,0,0,1,0,0,1,290.0,SAFE_STOP,倒车完成（前头红外无值）,0,0,1
53.57,525.0,795.0,376.0,1002.0,-0.3837,-0.0065,-0.2312,-0.2944,1,0,1,0,0,1,0,0,1,258.0,SAFE_STOP,倒车完成（前头红外无值）,0,0,1
53.591,524.0,794.0,375.0,1001.0,-0.3837,-0.0087,-0.2312,-0.2965,1,0,1,0,0,1,0,0,1,322.0,SAFE_STOP,倒车完成（前头红外无值）,0,0,1
53.611,525.0,794.0,375.0,1002.0,-0.3837,-0.0087,-0.2312,-0.2944,1,0,1,0,0,1,0,0,1,289.0,SAFE_STOP,倒车完成（前头红外无值）,0,0,1
53.631,525.0,794.0,375.0,1002.0,-0.3837,-0.0087,-0.2312,-0.2944,1,0,1,0,0,1,0,0,1,309.0,SAFE_STOP,倒车完成（前头红外无值）,0,0,1
53.651,525.0,794.0,375.0,1001.0,-0.3837,-0.0087,-0.2312,-0.2944,1,0,1,0,0,1,0,0,1,286.0,SAFE_STOP,倒车完成（前头红外无值）,0,0,1
53.671,526.0,796.0,376.0,1003.0,-0.3837,-0.0087,-0.2312,-0.2944,1,0,1,0,0,1,0,0,1,798.0,SAFE_STOP,倒车完成（前头红外无值）,0,0,1
53.691,526.0,795.0,376.0,1002.0,-0.381,-0.0065,-0.2284,-0.2944,1,0,1,0,0,1,0,0,1,750.0,SAFE_STOP,倒车完成（前头红外无值）,0,0,1
53.711,526.0,795.0,375.0,1001.0,-0.381,-0.0065,-0.2284,-0.2944,1,0,1,0,0,1,0,0,1,257.0,SAFE_STOP,倒车完成（前头红外无值）,0,0,1
53.732,526.0,797.0,376.0,1002.0,-0.381,-0.0065,-0.2284,-0.2944,1,0,1,0,0,1,0,0,1,322.0,SAFE_STOP,倒车完成（前头红外无值）,0,0,1
53.752,526.0,795.0,375.0,1001.0,-0.381,-0.0065,-0.2312,-0.2965,1,0,1,0,0,1,0,0,1,338.0,SAFE_STOP,倒车完成（前头红外无值）,0,0,1
53.772,526.0,795.0,375.0,1001.0,-0.381,-0.0065,-0.2312,-0.2965,1,0,1,0,0,1,0,0,1,232.0,SAFE_STOP,倒车完成（前头红外无值）,0,0,1
53.792,527.0,797.0,375.0,1002.0,-0.381,-0.0065,-0.2312,-0.2965,1,0,1,0,0,1,0,0,1,323.0,SAFE_STOP,倒车完成（前头红外无值）,0,0,1
53.812,526.0,795.0,374.0,1000.0,-0.381,-0.0065,-0.2312,-0.2965,1,0,1,0,0,1,0,0,1,287.0,SAFE_STOP,倒车完成（前头红外无值）,0,0,1
53.832,526.0,795.0,374.0,1000.0,-0.381,-0.0065,-0.234,-0.2985,1,0,1,0,0,1,0,0,1,534.0,SAFE_STOP,倒车完成（前头红外无值）,0,0,1
53.853,526.0,795.0,374.0,1000.0,-0.381,-0.0065,-0.234,-0.2985,1,0,1,0,0,1,0,0,1,534.0,SAFE_STOP,倒车完成（前头红外无值）,0,0,1
53.873,527.0,796.0,375.0,1003.0,-0.381,-0.0065,-0.234,-0.2985,1,0,1,0,0,1,0,0,1,323.0,SAFE_STOP,倒车完成（前头红外无值）,0,0,1
53.893,527.0,797.0,376.0,1003.0,-0.3782,-0.0044,-0.2312,-0.2923,1,0,1,0,0,1,0,0,1,319.0,SAFE_STOP,倒车完成（前头红外无值）,0,0,1
53.913,528.0,796.0,375.0,1002.0,-0.3782,-0.0044,-0.2312,-0.2923,1,0,1,0,0,1,0,0,1,276.0,SAFE_STOP,倒车完成（前头红外无值）,0,0,1
53.933,525.0,795.0,374.0,999.0,-0.3782,-0.0044,-0.2312,-0.2944,1,0,1,0,0,1,0,0,1,286.0,SAFE_STOP,倒车完成（前头红外无值）,0,0,1
53.953,527.0,796.0,375.0,1003.0,-0.3782,-0.0044,-0.2312,-0.2944,1,0,1,0,0,1,0,0,1,403.0,SAFE_STOP,倒车完成（前头红外无值）,0,0,1
53.973,526.0,796.0,375.0,1001.0,-0.381,-0.0044,-0.2312,-0.2965,1,0,1,0,0,0,0,0,1,354.0,SAFE_STOP,倒车完成（前头红外无值）,0,0,1
53.994,527.0,796.0,374.0,1001.0,-0.3782,-0.0044,-0.2312,-0.2965,1,0,1,0,0,0,0,0,1,290.0,SAFE_STOP,倒车完成（前头红外无值）,0,0,1
54.014,528.0,797.0,374.0,1002.0,-0.3782,-0.0044,-0.234,-0.2965,1,0,1,0,0,0,0,0,1,258.0,SAFE_STOP,倒车完成（前头红外无值）,0,0,1
54.034,528.0,797.0,375.0,1002.0,-0.3755,-0.0022,-0.234,-0.2944,1,0,1,0,0,0,0,0,1,276.0,SAFE_STOP,倒车完成（前头红外无值）,0,0,1
54.054,526.0,795.0,375.0,1001.0,-0.3755,-0.0022,-0.2312,-0.2944,1,0,1,0,0,0,0,0,1,191.0,SAFE_STOP,倒车完成（前头红外无值）,0,0,1
54.075,528.0,797.0,375.0,1003.0,-0.3755,-0.0022,-0.2312,-0.2944,1,0,1,0,0,0,0,0,1,322.0,SAFE_STOP,倒车完成（前头红外无值）,0,0,1
54.095,526.0,797.0,374.0,1001.0,-0.381,-0.0022,-0.2312,-0.2965,1,0,1,0,0,0,0,0,1,584.0,SAFE_STOP,倒车完成（前头红外无值）,0,0,1
54.115,528.0,796.0,375.0,1002.0,-0.3755,-0.0022,-0.2312,-0.2944,1,0,1,0,0,0,0,0,1,728.0,SAFE_STOP,倒车完成（前头红外无值）,0,0,1
54.135,528.0,798.0,375.0,1002.0,-0.3755,-0.0022,-0.2312,-0.2944,1,0,1,0,0,0,0,0,1,247.0,SAFE_STOP,倒车完成（前头红外无值）,0,0,1
54.155,527.0,798.0,375.0,1002.0,-0.3755,0.0,-0.2312,-0.2944,0,0,1,0,0,0,0,0,1,469.0,WAIT,等待掉台触发,0,0,1
54.175,528.0,797.0,375.0,1002.0,-0.3755,0.0,-0.2312,-0.2944,0,0,1,0,0,0,0,0,1,323.0,WAIT,等待掉台触发,0,0,1
54.196,528.0,797.0,374.0,1001.0,-0.3755,-0.0022,-0.2312,-0.2944,1,0,1,0,0,0,0,0,1,158.0,WAIT,等待掉台触发,0,0,1
54.216,528.0,798.0,375.0,1002.0,-0.3755,-0.0022,-0.2312,-0.2944,1,0,1,0,0,0,0,0,1,274.0,WAIT,等待掉台触发,0,0,1
54.236,528.0,798.0,376.0,1003.0,-0.3755,0.0,-0.2312,-0.2944,0,0,1,0,0,0,0,0,1,276.0,WAIT,等待掉台触发,0,0,1
54.256,528.0,798.0,376.0,1003.0,-0.3755,0.0,-0.2284,-0.2923,0,0,1,0,0,0,0,0,1,276.0,WAIT,等待掉台触发,0,0,1
54.277,528.0,797.0,375.0,1003.0,-0.3755,0.0,-0.2284,-0.2923,0,0,1,0,0,0,0,0,1,729.0,WAIT,等待掉台触发,0,0,1
54.297,528.0,799.0,375.0,1003.0,-0.3755,0.0,-0.2312,-0.2923,0,0,1,0,0,0,0,0,1,324.0,WAIT,等待掉台触发,0,0,1
54.317,527.0,797.0,373.0,1001.0,-0.3755,-0.0022,-0.2312,-0.2923,1,0,1,0,0,0,0,0,1,419.0,WAIT,等待掉台触发,0,0,1
54.337,528.0,798.0,375.0,1003.0,-0.3755,0.0,-0.2312,-0.2923,0,0,1,0,0,0,0,0,1,276.0,WAIT,等待掉台触发,0,0,1
54.357,528.0,798.0,375.0,1002.0,-0.3755,0.0,-0.2312,-0.2944,0,0,1,0,0,0,0,0,1,257.0,WAIT,等待掉台触发,0,0,1
54.377,528.0,797.0,375.0,1002.0,-0.3755,0.0,-0.2312,-0.2944,0,0,1,0,0,0,0,0,1,289.0,WAIT,等待掉台触发,0,0,1
54.397,528.0,798.0,375.0,1004.0,-0.3755,0.0,-0.2312,-0.2944,0,0,1,0,0,0,0,0,1,325.0,WAIT,等待掉台触发,0,0,1
54.417,528.0,797.0,375.0,1001.0,-0.3755,-0.0022,-0.2312,-0.2944,1,0,1,0,0,0,0,0,1,276.0,WAIT,等待掉台触发,0,0,1
54.437,529.0,798.0,375.0,1003.0,-0.3755,0.0,-0.2312,-0.2923,0,0,1,0,0,0,0,0,1,274.0,WAIT,等待掉台触发,0,0,1
54.458,528.0,800.0,375.0,1003.0,-0.3755,0.0,-0.2312,-0.2923,0,0,1,0,0,0,0,0,1,259.0,WAIT,等待掉台触发,0,0,1
54.478,528.0,797.0,374.0,1002.0,-0.3755,0.0,-0.2312,-0.2923,0,0,1,0,0,0,0,0,1,262.0,WAIT,等待掉台触发,0,0,1
54.498,529.0,799.0,376.0,1002.0,-0.3755,0.0022,-0.2312,-0.2944,0,0,1,0,0,0,0,0,1,318.0,WAIT,等待掉台触发,0,0,1
54.518,528.0,800.0,376.0,1003.0,-0.3755,0.0022,-0.2284,-0.2944,0,0,1,0,0,0,0,0,1,600.0,WAIT,等待掉台触发,0,0,1
54.538,528.0,799.0,375.0,1003.0,-0.3755,0.0022,-0.2284,-0.2923,0,0,1,0,0,0,0,0,1,667.0,WAIT,等待掉台触发,0,0,1
54.558,528.0,798.0,375.0,1003.0,-0.3755,0.0022,-0.2312,-0.2923,0,0,1,0,0,0,0,0,1,291.0,WAIT,等待掉台触发,0,0,1
54.578,529.0,798.0,375.0,1002.0,-0.3755,0.0,-0.2312,-0.2923,0,0,1,0,0,0,0,0,1,406.0,WAIT,等待掉台触发,0,0,1
54.599,529.0,796.0,375.0,1000.0,-0.3728,0.0,-0.2312,-0.2944,0,0,1,0,0,0,0,0,1,275.0,WAIT,等待掉台触发,0,0,1
54.619,529.0,795.0,374.0,997.0,-0.3728,-0.0044,-0.2312,-0.2985,1,0,1,0,0,0,0,0,1,93.0,WAIT,等待掉台触发,0,0,1
54.639,529.0,792.0,374.0,997.0,-0.3728,-0.0065,-0.234,-0.3048,1,0,1,0,0,0,0,0,1,290.0,WAIT,等待掉台触发,0,0,1
54.659,529.0,792.0,374.0,997.0,-0.3728,-0.0131,-0.234,-0.3048,1,1,1,0,0,0,0,0,1,290.0,ADC_CORRECT,掉台触发且前头红外亮，直接矫正,0,0,1
54.679,528.0,789.0,373.0,995.0,-0.3728,-0.0131,-0.234,-0.3048,1,0,1,0,0,0,0,0,1,293.0,ADC_CORRECT,ADC 矫正中 diff=293,150,-150,1
54.699,528.0,785.0,370.0,993.0,-0.3755,-0.0196,-0.2368,-0.309,1,0,1,0,0,0,0,0,1,745.0,ADC_CORRECT,ADC 矫正中 diff=745,150,-150,1
54.719,526.0,773.0,364.0,989.0,-0.3755,-0.0283,-0.2451,-0.3132,1,0,1,0,0,0,0,0,1,325.0,ADC_CORRECT,ADC 矫正中 diff=325,150,-150,1
54.739,523.0,737.0,350.0,974.0,-0.381,-0.0545,-0.2618,-0.3215,1,0,1,0,0,0,0,0,1,648.0,ADC_CORRECT,ADC 矫正中 diff=648,150,-150,1
54.759,513.0,676.0,330.0,940.0,-0.3891,-0.1329,-0.3008,-0.3528,1,0,1,0,0,0,0,0,1,291.0,ADC_CORRECT,ADC 矫正中 diff=291,150,-150,1
54.78,499.0,597.0,304.0,892.0,-0.4163,-0.2658,-0.3565,-0.4238,1,0,1,0,0,0,0,0,1,293.0,ADC_CORRECT,ADC 矫正中 diff=293,150,-150,1
54.8,476.0,512.0,276.0,827.0,-0.4544,-0.4379,-0.429,-0.524,1,0,1,0,0,0,0,0,1,356.0,ADC_CORRECT,ADC 矫正中 diff=356,150,-150,1
54.82,454.0,446.0,252.0,771.0,-0.517,-0.6231,-0.507,-0.6597,1,0,1,0,0,0,0,0,1,310.0,ADC_CORRECT,ADC 矫正中 diff=310,150,-150,1
54.84,435.0,401.0,235.0,727.0,-0.5769,-0.7669,-0.5738,-0.7766,1,0,1,0,0,0,0,0,1,344.0,ADC_CORRECT,ADC 矫正中 diff=344,150,-150,1
54.86,418.0,368.0,222.0,693.0,-0.6286,-0.8649,-0.6212,-0.8685,1,0,1,0,0,0,0,0,1,311.0,ADC_CORRECT,ADC 矫正中 diff=311,150,-150,1
54.881,402.0,344.0,212.0,664.0,-0.6748,-0.9368,-0.6574,-0.9395,1,0,1,0,0,0,0,0,1,311.0,ADC_CORRECT,ADC 矫正中 diff=311,150,-150,1
54.902,389.0,327.0,205.0,643.0,-0.7184,-0.9891,-0.6852,-1.0,1,0,1,0,0,0,0,0,1,327.0,ADC_CORRECT,ADC 矫正中 diff=327,150,-150,1
54.922,380.0,314.0,200.0,628.0,-0.7537,-1.0261,-0.7047,-1.0438,1,0,1,0,0,0,0,0,1,328.0,ADC_CORRECT,ADC 矫正中 diff=328,150,-150,1
54.942,371.0,304.0,197.0,614.0,-0.7782,-1.0545,-0.7187,-1.0752,1,0,1,0,0,0,0,0,1,408.0,ADC_CORRECT,ADC 矫正中 diff=408,150,-150,1
54.962,364.0,296.0,193.0,601.0,-0.8027,-1.0763,-0.727,-1.1044,1,0,1,0,0,0,0,0,1,311.0,ADC_CORRECT,ADC 矫正中 diff=311,150,-150,1
54.982,354.0,286.0,189.0,587.0,-0.8218,-1.0937,-0.7382,-1.1315,1,0,1,0,0,0,0,0,1,362.0,ADC_CORRECT,ADC 矫正中 diff=362,150,-150,1
55.002,346.0,277.0,184.0,572.0,-0.849,-1.1155,-0.7493,-1.1608,1,0,1,0,0,0,0,0,1,362.0,ADC_CORRECT,ADC 矫正中 diff=362,150,-150,1
55.022,337.0,270.0,180.0,559.0,-0.8707,-1.1351,-0.7632,-1.1921,1,0,1,0,0,0,0,0,1,312.0,ADC_CORRECT,ADC 矫正中 diff=312,150,-150,1
55.043,331.0,264.0,177.0,549.0,-0.8952,-1.1503,-0.7744,-1.2192,1,0,1,0,0,0,0,0,1,231.0,ADC_CORRECT,ADC 矫正中 diff=231,150,-150,1
55.063,322.0,258.0,172.0,539.0,-0.9116,-1.1634,-0.7827,-1.2401,1,0,1,0,0,0,0,0,1,295.0,ADC_CORRECT,ADC 矫正中 diff=295,150,-150,1
55.083,312.0,252.0,166.0,533.0,-0.9361,-1.1765,-0.7967,-1.261,1,0,1,0,0,0,0,0,1,400.0,ADC_CORRECT,ADC 矫正中 diff=400,150,-150,1
55.103,312.0,252.0,166.0,533.0,-0.9633,-1.1895,-0.8134,-1.2735,1,0,1,0,0,0,0,0,1,400.0,ADC_CORRECT,ADC 矫正中 diff=400,150,-150,1
55.123,300.0,246.0,158.0,531.0,-0.9633,-1.1895,-0.8134,-1.2735,1,0,1,0,0,0,0,0,1,344.0,ADC_CORRECT,ADC 矫正中 diff=344,150,-150,1
55.143,282.0,240.0,148.0,525.0,-0.9959,-1.2026,-0.8357,-1.2777,1,0,1,0,0,0,0,0,1,278.0,ADC_CORRECT,ADC 矫正中 diff=278,150,-150,1
55.163,261.0,235.0,140.0,514.0,-1.0449,-1.2157,-0.8635,-1.2902,1,0,1,0,0,0,0,0,1,440.0,ADC_CORRECT,ADC 矫正中 diff=440,150,-150,1
55.183,239.0,228.0,132.0,494.0,-1.102,-1.2266,-0.8858,-1.3132,1,0,1,0,0,1,0,0,1,277.0,ADC_CORRECT,ADC 矫正中 diff=277,150,-150,1
55.204,215.0,222.0,125.0,471.0,-1.1619,-1.2418,-0.9081,-1.3549,1,0,1,0,0,1,0,0,1,308.0,ADC_CORRECT,ADC 矫正中 diff=308,150,-150,1
55.224,194.0,215.0,121.0,445.0,-1.2272,-1.2549,-0.9276,-1.4029,1,0,1,0,0,1,0,0,1,310.0,ADC_CORRECT,ADC 矫正中 diff=310,150,-150,1
55.244,176.0,208.0,117.0,418.0,-1.2844,-1.2702,-0.9387,-1.4572,1,0,1,0,0,1,0,0,1,193.0,ADC_CORRECT,ADC 矫正中 diff=193,150,-150,1
55.264,159.0,205.0,114.0,395.0,-1.3333,-1.2854,-0.9499,-1.5136,1,0,1,0,0,1,0,0,1,307.0,ADC_CORRECT,ADC 矫正中 diff=307,150,-150,1
55.284,146.0,200.0,112.0,376.0,-1.3796,-1.2919,-0.9582,-1.5616,1,0,1,0,0,1,0,0,1,259.0,ADC_CORRECT,ADC 矫正中 diff=259,150,-150,1
55.304,134.0,196.0,109.0,360.0,-1.415,-1.3028,-0.9638,-1.6013,1,0,1,0,0,1,0,0,1,468.0,ADC_CORRECT,ADC 矫正中 diff=468,150,-150,1
55.324,126.0,192.0,108.0,347.0,-1.4476,-1.3115,-0.9721,-1.6347,1,0,1,0,0,1,0,0,1,288.0,ADC_CORRECT,ADC 矫正中 diff=288,150,-150,1
55.345,119.0,190.0,108.0,337.0,-1.4694,-1.3203,-0.9749,-1.6618,1,0,1,0,0,1,0,0,1,228.0,ADC_CORRECT,ADC 矫正中 diff=228,150,-150,1
55.365,113.0,188.0,106.0,329.0,-1.4884,-1.3246,-0.9749,-1.6827,1,0,1,0,0,1,0,0,1,212.0,ADC_CORRECT,ADC 矫正中 diff=212,150,-150,1
55.385,108.0,186.0,104.0,321.0,-1.5048,-1.329,-0.9805,-1.6994,1,0,1,0,0,1,0,0,1,209.0,ADC_CORRECT,ADC 矫正中 diff=209,150,-150,1
55.405,104.0,185.0,103.0,314.0,-1.5184,-1.3333,-0.9861,-1.7161,1,0,1,0,0,1,0,0,1,229.0,ADC_CORRECT,ADC 矫正中 diff=229,150,-150,1
55.426,101.0,184.0,102.0,308.0,-1.5293,-1.3355,-0.9889,-1.7307,1,0,0,0,0,1,0,0,1,230.0,ADC_CORRECT,ADC 矫正中 diff=230,150,-150,1
55.446,97.0,180.0,101.0,303.0,-1.5374,-1.3377,-0.9916,-1.7432,1,0,0,0,0,1,0,0,1,124.0,ADC_CORRECT,ADC 矫正中 diff=124,150,-150,1
55.467,95.0,180.0,101.0,299.0,-1.5483,-1.3464,-0.9944,-1.7537,1,0,0,0,0,1,0,0,1,-4.0,REVERSE,矫正完成，倒车,-400,-400,1
55.487,94.0,178.0,100.0,296.0,-1.5537,-1.3464,-0.9944,-1.762,1,0,0,0,0,1,0,0,1,178.0,SAFE_STOP,倒车完成（前头红外无值）,0,0,1
55.507,94.0,178.0,100.0,296.0,-1.5565,-1.3508,-0.9972,-1.7683,1,0,0,0,0,1,0,0,1,178.0,SAFE_STOP,倒车完成（前头红外无值）,0,0,1
55.527,91.0,175.0,100.0,290.0,-1.5565,-1.3508,-0.9972,-1.7683,1,0,0,0,0,1,0,0,1,312.0,SAFE_STOP,倒车完成（前头红外无值）,0,0,1
55.547,88.0,174.0,99.0,286.0,-1.5646,-1.3573,-0.9972,-1.7808,1,0,0,0,0,1,0,0,1,157.0,SAFE_STOP,倒车完成（前头红外无值）,0,0,1
55.568,87.0,173.0,99.0,284.0,-1.5728,-1.3595,-1.0,-1.7891,1,0,0,0,0,1,0,0,1,146.0,SAFE_STOP,倒车完成（前头红外无值）,0,0,1
55.588,86.0,172.0,99.0,282.0,-1.5755,-1.3617,-1.0,-1.7933,1,0,0,0,0,1,0,0,1,176.0,SAFE_STOP,倒车完成（前头红外无值）,0,0,1
55.608,83.0,172.0,99.0,279.0,-1.5782,-1.3638,-1.0,-1.7975,1,0,0,0,0,1,0,0,1,-18.0,SAFE_STOP,倒车完成（前头红外无值）,0,0,1
55.628,82.0,172.0,99.0,277.0,-1.5864,-1.3638,-1.0,-1.8038,1,0,0,0,0,1,0,0,1,-4.0,SAFE_STOP,倒车完成（前头红外无值）,0,0,1
55.648,80.0,172.0,99.0,276.0,-1.5891,-1.3638,-1.0,-1.8079,1,0,0,0,0,1,0,0,1,30.0,SAFE_STOP,倒车完成（前头红外无值）,0,0,1
55.668,79.0,175.0,100.0,277.0,-1.5946,-1.3638,-1.0,-1.8079,1,0,0,0,0,1,0,0,1,-6.0,SAFE_STOP,倒车完成（前头红外无值）,0,0,1
55.688,79.0,176.0,100.0,281.0,-1.5973,-1.3573,-0.9972,-1.8079,1,0,0,0,0,1,0,0,1,76.0,SAFE_STOP,倒车完成（前头红外无值）,0,0,1
55.708,78.0,178.0,101.0,287.0,-1.5973,-1.3551,-0.9972,-1.7996,1,0,0,0,0,1,0,0,1,59.0,SAFE_STOP,倒车完成（前头红外无值）,0,0,1
55.728,78.0,181.0,102.0,297.0,-1.6,-1.3508,-0.9944,-1.7871,1,0,0,0,0,1,0,0,1,20.0,SAFE_STOP,倒车完成（前头红外无值）,0,0,1
55.749,80.0,183.0,102.0,304.0,-1.6,-1.3442,-0.9916,-1.7662,1,0,0,0,0,1,0,0,1,28.0,SAFE_STOP,倒车完成（前头红外无值）,0,0,1
55.769,80.0,187.0,104.0,311.0,-1.5946,-1.3399,-0.9916,-1.7516,1,0,0,0,0,1,0,0,1,-7.0,SAFE_STOP,倒车完成（前头红外无值）,0,0,1
55.789,84.0,192.0,107.0,321.0,-1.5946,-1.3312,-0.9861,-1.737,1,0,0,0,0,1,0,0,1,27.0,SAFE_STOP,倒车完成（前头红外无值）,0,0,1
55.81,88.0,198.0,109.0,330.0,-1.5837,-1.3203,-0.9777,-1.7161,1,0,0,0,0,1,0,0,1,31.0,SAFE_STOP,倒车完成（前头红外无值）,0,0,1
55.83,89.0,204.0,111.0,338.0,-1.5728,-1.3072,-0.9721,-1.6973,1,0,0,0,0,1,0,0,1,-8.0,SAFE_STOP,倒车完成（前头红外无值）,0,0,1
55.851,93.0,209.0,113.0,348.0,-1.5701,-1.2941,-0.9666,-1.6806,1,0,0,0,0,1,0,0,1,-2.0,SAFE_STOP,倒车完成（前头红外无值）,0,0,1
55.871,94.0,214.0,114.0,358.0,-1.5592,-1.2832,-0.961,-1.6597,1,0,0,0,0,1,0,0,1,-2.0,SAFE_STOP,倒车完成（前头红外无值）,0,0,1
55.891,96.0,216.0,115.0,362.0,-1.5565,-1.2723,-0.9582,-1.6388,1,0,0,0,0,1,0,0,1,36.0,SAFE_STOP,倒车完成（前头红外无值）,0,0,1
55.911,97.0,219.0,116.0,366.0,-1.551,-1.268,-0.9554,-1.6305,1,0,0,0,0,1,0,0,1,-6.0,SAFE_STOP,倒车完成（前头红外无值）,0,0,1
55.931,99.0,223.0,117.0,374.0,-1.5483,-1.2614,-0.9526,-1.6221,1,0,0,0,0,1,0,0,1,-5.0,SAFE_STOP,倒车完成（前头红外无值）,0,0,1
55.951,99.0,223.0,117.0,374.0,-1.5429,-1.2527,-0.9499,-1.6054,1,0,0,0,0,1,0,0,1,-5.0,SAFE_STOP,倒车完成（前头红外无值）,0,0,1
55.971,101.0,224.0,120.0,378.0,-1.5429,-1.2527,-0.9499,-1.6054,1,0,0,0,0,1,0,0,1,-7.0,SAFE_STOP,倒车完成（前头红外无值）,0,0,1
55.991,104.0,226.0,121.0,383.0,-1.5374,-1.2505,-0.9415,-1.5971,1,0,0,0,0,1,0,0,1,-9.0,SAFE_STOP,倒车完成（前头红外无值）,0,0,1
56.012,108.0,226.0,122.0,389.0,-1.5293,-1.2462,-0.9387,-1.5866,1,0,0,0,0,1,0,0,1,-9.0,SAFE_STOP,倒车完成（前头红外无值）,0,0,1
56.032,110.0,228.0,123.0,397.0,-1.5184,-1.2462,-0.9359,-1.5741,1,0,0,0,0,1,0,0,1,-10.0,SAFE_STOP,倒车完成（前头红外无值）,0,0,1
56.052,112.0,227.0,124.0,410.0,-1.5129,-1.244,-0.9331,-1.5574,1,0,0,0,0,1,0,0,1,-9.0,SAFE_STOP,倒车完成（前头红外无值）,0,0,1
56.072,116.0,227.0,126.0,423.0,-1.5075,-1.244,-0.9304,-1.5303,1,0,0,0,0,1,0,0,1,-6.0,SAFE_STOP,倒车完成（前头红外无值）,0,0,1
56.092,118.0,226.0,128.0,437.0,-1.4966,-1.244,-0.9248,-1.5031,1,0,0,0,0,1,0,0,1,-7.0,SAFE_STOP,倒车完成（前头红外无值）,0,0,1
56.112,120.0,227.0,127.0,452.0,-1.4912,-1.244,-0.922,-1.4739,1,0,0,0,0,1,0,0,1,-8.0,SAFE_STOP,倒车完成（前头红外无值）,0,0,1
56.132,123.0,227.0,128.0,471.0,-1.4857,-1.244,-0.9192,-1.4426,1,0,0,0,0,0,0,0,1,-9.0,SAFE_STOP,倒车完成（前头红外无值）,0,0,1
56.152,128.0,228.0,130.0,493.0,-1.4776,-1.244,-0.9192,-1.4029,1,0,0,0,0,0,0,0,1,-6.0,SAFE_STOP,倒车完成（前头红外无值）,0,0,1
56.172,131.0,231.0,131.0,516.0,-1.4639,-1.2418,-0.9136,-1.357,1,0,0,0,0,0,0,0,1,-6.0,SAFE_STOP,倒车完成（前头红外无值）,0,0,1
56.193,136.0,235.0,132.0,551.0,-1.4558,-1.2353,-0.9109,-1.309,1,0,0,0,0,0,0,0,1,-7.0,SAFE_STOP,倒车完成（前头红外无值）,0,0,1
56.213,144.0,241.0,133.0,587.0,-1.4422,-1.2266,-0.9081,-1.2359,1,0,0,0,0,0,0,0,1,-20.0,SAFE_STOP,倒车完成（前头红外无值）,0,0,1
56.233,150.0,248.0,137.0,618.0,-1.4204,-1.2135,-0.9053,-1.1608,1,0,0,0,0,0,0,0,1,-8.0,SAFE_STOP,倒车完成（前头红外无值）,0,0,1
56.253,162.0,255.0,140.0,657.0,-1.4041,-1.1983,-0.8942,-1.096,1,0,0,0,0,0,0,0,1,-5.0,SAFE_STOP,倒车完成（前头红外无值）,0,0,1
56.273,176.0,263.0,144.0,698.0,-1.3714,-1.183,-0.8858,-1.0146,1,0,0,0,0,0,0,0,1,-6.0,SAFE_STOP,倒车完成（前头红外无值）,0,0,1
56.293,190.0,268.0,148.0,731.0,-1.3333,-1.1656,-0.8747,-0.929,1,0,0,0,0,0,0,0,1,-8.0,SAFE_STOP,倒车完成（前头红外无值）,0,0,1
56.313,208.0,278.0,153.0,777.0,-1.2952,-1.1547,-0.8635,-0.8601,1,0,0,0,0,0,0,0,1,-6.0,SAFE_STOP,倒车完成（前头红外无值）,0,0,1
56.333,229.0,288.0,160.0,811.0,-1.2463,-1.1329,-0.8496,-0.7641,1,0,0,0,0,0,0,0,1,-4.0,SAFE_STOP,倒车完成（前头红外无值）,0,0,1
56.353,253.0,298.0,166.0,844.0,-1.1891,-1.1111,-0.8301,-0.6931,1,0,0,0,0,0,0,0,1,-7.0,SAFE_STOP,倒车完成（前头红外无值）,0,0,1
56.373,278.0,312.0,173.0,866.0,-1.1238,-1.0893,-0.8134,-0.6242,1,0,0,0,0,0,0,0,1,-8.0,SAFE_STOP,倒车完成（前头红外无值）,0,0,1
56.394,295.0,322.0,180.0,872.0,-1.0558,-1.0588,-0.7939,-0.5783,1,0,0,0,0,0,0,0,1,-6.0,SAFE_STOP,倒车完成（前头红外无值）,0,0,1
56.414,316.0,331.0,186.0,875.0,-1.0095,-1.037,-0.7744,-0.5658,1,0,0,0,0,0,0,0,1,145.0,SAFE_STOP,倒车完成（前头红外无值）,0,0,1
56.434,316.0,331.0,186.0,875.0,-0.9524,-1.0174,-0.7577,-0.5595,1,0,0,0,0,0,0,0,1,145.0,SAFE_STOP,倒车完成（前头红外无值）,0,0,1
56.454,336.0,342.0,195.0,876.0,-0.9524,-1.0174,-0.7577,-0.5595,1,0,0,0,0,0,0,0,1,373.0,SAFE_STOP,倒车完成（前头红外无值）,0,0,1
56.474,353.0,352.0,204.0,872.0,-0.898,-0.9935,-0.7326,-0.5595,1,0,0,0,0,0,0,0,1,-7.0,SAFE_STOP,倒车完成（前头红外无值）,0,0,1
56.494,379.0,367.0,221.0,884.0,-0.8517,-0.9717,-0.7075,-0.5574,1,0,0,0,0,0,0,0,1,71.0,SAFE_STOP,倒车完成（前头红外无值）,0,0,1
56.514,415.0,384.0,241.0,897.0,-0.781,-0.939,-0.6602,-0.5407,1,0,0,0,0,0,0,0,1,31.0,SAFE_STOP,倒车完成（前头红外无值）,0,0,1
56.534,461.0,399.0,264.0,903.0,-0.683,-0.902,-0.6045,-0.5136,1,0,0,0,0,0,0,0,1,-4.0,SAFE_STOP,倒车完成（前头红外无值）,0,0,1
56.554,514.0,418.0,294.0,910.0,-0.5578,-0.8693,-0.5404,-0.501,1,0,0,0,0,0,0,0,1,-3.0,SAFE_STOP,倒车完成（前头红外无值）,0,0,1
56.574,545.0,446.0,305.0,950.0,-0.4136,-0.8279,-0.4568,-0.4864,1,0,0,0,0,0,0,0,1,388.0,SAFE_STOP,倒车完成（前头红外无值）,0,0,1
56.595,567.0,473.0,312.0,996.0,-0.3293,-0.7669,-0.4262,-0.4029,1,0,0,0,0,0,0,0,1,505.0,SAFE_STOP,倒车完成（前头红外无值）,0,0,1
56.615,588.0,499.0,325.0,1025.0,-0.2694,-0.7081,-0.4067,-0.3069,1,0,0,0,0,0,0,0,1,140.0,SAFE_STOP,倒车完成（前头红外无值）,0,0,1
56.635,621.0,535.0,354.0,1061.0,-0.2122,-0.6514,-0.3705,-0.2463,1,0,0,0,0,0,0,0,1,-6.0,SAFE_STOP,倒车完成（前头红外无值）,0,0,1
56.655,644.0,574.0,373.0,1109.0,-0.1224,-0.573,-0.2897,-0.1712,1,0,0,0,0,0,0,0,1,-4.0,SAFE_STOP,倒车完成（前头红外无值）,0,0,1
56.675,667.0,613.0,390.0,1149.0,-0.0599,-0.488,-0.2368,-0.071,1,0,0,0,0,0,0,0,1,-8.0,SAFE_STOP,倒车完成（前头红外无值）,0,0,1
56.695,687.0,650.0,404.0,1186.0,0.0027,-0.4031,-0.1894,0.0125,0,0,0,0,0,0,0,0,1,-5.0,WAIT,等待掉台触发,0,0,1
56.715,700.0,685.0,418.0,1221.0,0.0571,-0.3224,-0.1504,0.0898,0,0,0,0,0,0,0,0,1,339.0,WAIT,等待掉台触发,0,0,1
56.735,716.0,734.0,435.0,1260.0,0.0925,-0.2462,-0.1114,0.1628,0,0,0,0,0,0,0,0,1,-10.0,WAIT,等待掉台触发,0,0,1
56.755,741.0,814.0,468.0,1325.0,0.1361,-0.1394,-0.0641,0.2443,0,0,0,0,0,0,0,0,1,-6.0,WAIT,等待掉台触发,0,0,1
56.775,770.0,940.0,513.0,1411.0,0.2041,0.0349,0.0279,0.38,0,0,0,0,0,0,0,0,1,1.0,WAIT,等待掉台触发,0,0,1
56.796,802.0,1132.0,572.0,1509.0,0.283,0.3094,0.1532,0.5595,0,0,0,0,0,0,0,0,1,-9.0,WAIT,等待掉台触发,0,0,1
56.816,810.0,1108.0,557.0,1502.0,0.3701,0.6754,0.2758,0.7495,0,0,0,0,0,0,0,0,1,-7.0,WAIT,等待掉台触发,0,0,1
56.836,821.0,1145.0,572.0,1514.0,0.3918,0.7277,0.3175,0.7641,0,0,0,0,0,0,0,0,1,-7.0,WAIT,等待掉台触发,0,0,1
56.856,821.0,1143.0,567.0,1509.0,0.4218,0.7516,0.3036,0.7641,0,0,0,0,0,0,0,0,1,-3.0,WAIT,等待掉台触发,0,0,1
56.876,826.0,1152.0,572.0,1514.0,0.4218,0.756,0.3175,0.7745,0,0,0,0,0,0,0,0,1,-7.0,WAIT,等待掉台触发,0,0,1
56.896,830.0,1155.0,572.0,1514.0,0.4354,0.7712,0.3175,0.7745,0,0,0,0,0,0,0,0,1,-9.0,WAIT,等待掉台触发,0,0,1
56.916,831.0,1155.0,571.0,1510.0,0.4463,0.7778,0.3175,0.7745,0,0,0,0,0,0,0,0,1,-12.0,WAIT,等待掉台触发,0,0,1
56.936,835.0,1159.0,572.0,1514.0,0.449,0.7778,0.3175,0.7745,0,0,0,0,0,0,0,0,1,-9.0,WAIT,等待掉台触发,0,0,1
56.956,837.0,1161.0,573.0,1516.0,0.4599,0.7865,0.3175,0.7745,0,0,0,0,0,0,0,0,1,-7.0,WAIT,等待掉台触发,0,0,1
56.976,837.0,1161.0,573.0,1516.0,0.4653,0.7908,0.3203,0.7787,0,0,0,0,0,0,0,0,1,-7.0,WAIT,等待掉台触发,0,0,1
56.997,835.0,1159.0,570.0,1513.0,0.4653,0.7908,0.3203,0.7787,0,0,0,0,0,0,0,0,1,-15.0,WAIT,等待掉台触发,0,0,1
57.017,837.0,1160.0,573.0,1515.0,0.4653,0.7887,0.3203,0.7766,0,0,0,0,0,0,0,0,1,-15.0,WAIT,等待掉台触发,0,0,1
57.037,838.0,1162.0,572.0,1517.0,0.4653,0.7887,0.3175,0.7766,0,0,0,0,0,0,0,0,1,-11.0,WAIT,等待掉台触发,0,0,1
57.057,838.0,1162.0,571.0,1515.0,0.468,0.793,0.3175,0.7766,0,0,0,0,0,0,0,0,1,-12.0,WAIT,等待掉台触发,0,0,1
57.077,840.0,1164.0,572.0,1518.0,0.468,0.793,0.3175,0.7808,0,0,0,0,0,0,0,0,1,-11.0,WAIT,等待掉台触发,0,0,1
57.097,841.0,1164.0,571.0,1517.0,0.4735,0.7974,0.3148,0.7808,0,0,0,0,0,0,0,0,1,-9.0,WAIT,等待掉台触发,0,0,1
57.117,842.0,1166.0,572.0,1518.0,0.4762,0.7974,0.3175,0.7829,0,0,0,0,0,0,0,0,1,-10.0,WAIT,等待掉台触发,0,0,1
57.137,842.0,1165.0,573.0,1518.0,0.4789,0.7996,0.3175,0.7829,0,0,0,0,0,0,0,0,1,-11.0,WAIT,等待掉台触发,0,0,1
57.157,843.0,1166.0,572.0,1518.0,0.4789,0.8017,0.3175,0.7829,0,0,0,0,0,1,0,0,1,-11.0,WAIT,等待掉台触发,0,0,1
57.177,843.0,1166.0,571.0,1517.0,0.4816,0.8017,0.3175,0.7829,0,0,0,0,0,1,0,0,1,-12.0,WAIT,等待掉台触发,0,0,1
57.197,847.0,1169.0,573.0,1521.0,0.4816,0.8017,0.3175,0.7829,0,0,0,0,0,1,0,0,1,-7.0,WAIT,等待掉台触发,0,0,1
57.218,844.0,1167.0,573.0,1519.0,0.4844,0.8039,0.3203,0.785,0,0,0,0,0,1,0,0,1,-23.0,WAIT,等待掉台触发,0,0,1
57.238,845.0,1168.0,571.0,1519.0,0.4871,0.8061,0.3203,0.785,0,0,0,0,0,1,0,0,1,-11.0,WAIT,等待掉台触发,0,0,1
57.258,847.0,1170.0,573.0,1522.0,0.4871,0.8061,0.3203,0.785,0,0,0,0,0,1,0,0,1,-8.0,WAIT,等待掉台触发,0,0,1
57.278,843.0,1163.0,570.0,1513.0,0.4871,0.8061,0.3148,0.785,0,0,0,0,0,0,0,0,1,-13.0,WAIT,等待掉台触发,0,0,1
57.298,846.0,1168.0,572.0,1518.0,0.4898,0.8061,0.3175,0.7829,0,0,0,0,0,0,0,0,1,-12.0,WAIT,等待掉台触发,0,0,1
57.318,848.0,1172.0,573.0,1523.0,0.4898,0.8061,0.3175,0.7829,0,0,0,0,0,0,0,0,1,-9.0,WAIT,等待掉台触发,0,0,1
57.338,848.0,1171.0,572.0,1520.0,0.4952,0.8126,0.3175,0.7871,0,0,0,0,0,0,0,0,1,-11.0,WAIT,等待掉台触发,0,0,1
57.358,846.0,1168.0,571.0,1517.0,0.4952,0.8126,0.3175,0.7871,0,0,0,0,0,0,0,0,1,-12.0,WAIT,等待掉台触发,0,0,1
57.378,848.0,1172.0,573.0,1521.0,0.4952,0.8126,0.3175,0.7871,0,0,0,0,0,0,0,0,1,-8.0,WAIT,等待掉台触发,0,0,1
57.399,848.0,1170.0,572.0,1520.0,0.4952,0.8105,0.3175,0.7871,0,0,0,0,0,0,0,0,1,-11.0,WAIT,等待掉台触发,0,0,1
57.419,848.0,1170.0,573.0,1520.0,0.4952,0.8105,0.3203,0.7871,0,0,0,0,0,0,0,0,1,-7.0,WAIT,等待掉台触发,0,0,1
57.439,850.0,1173.0,573.0,1522.0,0.4952,0.8105,0.3203,0.7871,0,0,0,0,0,0,0,0,1,-7.0,WAIT,等待掉台触发,0,0,1
57.459,850.0,1172.0,571.0,1519.0,0.5007,0.8148,0.3203,0.7871,0,0,0,0,0,1,0,0,1,-9.0,WAIT,等待掉台触发,0,0,1
57.479,849.0,1170.0,572.0,1518.0,0.5007,0.8148,0.3175,0.785,0,0,0,0,0,1,0,0,1,-13.0,WAIT,等待掉台触发,0,0,1
57.499,849.0,1170.0,572.0,1518.0,0.498,0.8105,0.3175,0.7829,0,0,0,0,0,1,0,0,1,-13.0,WAIT,等待掉台触发,0,0,1
57.52,850.0,1173.0,573.0,1521.0,0.498,0.8105,0.3175,0.7829,0,0,0,0,0,1,0,0,1,-8.0,WAIT,等待掉台触发,0,0,1
57.54,850.0,1171.0,573.0,1520.0,0.5007,0.8126,0.3203,0.7871,0,0,0,0,0,1,0,0,1,-9.0,WAIT,等待掉台触发,0,0,1
57.56,850.0,1171.0,572.0,1520.0,0.5007,0.8126,0.3203,0.7871,0,0,0,0,0,1,0,0,1,-11.0,WAIT,等待掉台触发,0,0,1
57.58,851.0,1172.0,572.0,1521.0,0.5007,0.8126,0.3175,0.7871,0,0,0,0,0,1,0,0,1,-10.0,WAIT,等待掉台触发,0,0,1
57.6,849.0,1171.0,572.0,1519.0,0.5007,0.8126,0.3175,0.7871,0,0,0,0,0,1,0,0,1,-12.0,WAIT,等待掉台触发,0,0,1
57.62,850.0,1171.0,572.0,1520.0,0.5007,0.8126,0.3175,0.7871,0,0,0,0,0,1,0,0,1,-11.0,WAIT,等待掉台触发,0,0,1
57.64,851.0,1173.0,571.0,1522.0,0.5007,0.8126,0.3175,0.7871,0,0,0,0,0,1,0,0,1,-9.0,WAIT,等待掉台触发,0,0,1
57.66,851.0,1173.0,572.0,1521.0,0.5034,0.817,0.3175,0.7891,0,0,0,0,0,1,0,0,1,-8.0,WAIT,等待掉台触发,0,0,1
57.681,851.0,1172.0,571.0,1520.0,0.5034,0.817,0.3148,0.7891,0,0,0,0,1,0,0,0,1,-11.0,WAIT,等待掉台触发,0,0,1
57.701,852.0,1171.0,572.0,1522.0,0.5034,0.8148,0.3175,0.7891,0,0,0,0,1,0,0,0,1,-9.0,WAIT,等待掉台触发,0,0,1
57.721,851.0,1171.0,571.0,1520.0,0.5034,0.8126,0.3148,0.7871,0,0,0,0,1,0,0,0,1,-9.0,WAIT,等待掉台触发,0,0,1
57.741,851.0,1171.0,571.0,1520.0,0.5034,0.8126,0.3148,0.7871,0,0,0,0,1,0,0,0,1,-9.0,WAIT,等待掉台触发,0,0,1
57.761,853.0,1174.0,572.0,1522.0,0.5034,0.8126,0.3148,0.7871,0,0,0,0,1,0,0,0,1,-8.0,WAIT,等待掉台触发,0,0,1
57.781,852.0,1173.0,572.0,1521.0,0.5061,0.817,0.3175,0.7891,0,0,0,0,0,0,0,0,1,-13.0,WAIT,等待掉台触发,0,0,1
57.801,852.0,1173.0,572.0,1521.0,0.5061,0.817,0.3175,0.7891,0,0,0,0,0,0,0,0,1,-13.0,WAIT,等待掉台触发,0,0,1
57.821,852.0,1171.0,572.0,1521.0,0.5061,0.817,0.3175,0.7891,0,0,0,0,0,0,0,0,1,-9.0,WAIT,等待掉台触发,0,0,1
57.842,852.0,1172.0,571.0,1520.0,0.5061,0.8148,0.3175,0.7891,0,0,0,0,0,0,0,0,1,-8.0,WAIT,等待掉台触发,0,0,1
57.862,853.0,1174.0,572.0,1521.0,0.5061,0.8148,0.3175,0.7891,0,0,0,0,0,0,0,0,1,-7.0,WAIT,等待掉台触发,0,0,1
57.882,853.0,1173.0,572.0,1521.0,0.5088,0.817,0.3175,0.7891,0,0,0,0,0,0,0,0,1,-9.0,WAIT,等待掉台触发,0,0,1
57.902,852.0,1172.0,571.0,1520.0,0.5088,0.817,0.3175,0.7891,0,0,0,0,0,0,0,0,1,-3.0,WAIT,等待掉台触发,0,0,1
57.922,852.0,1172.0,572.0,1521.0,0.5061,0.8148,0.3175,0.7891,0,0,0,0,0,0,0,0,1,-7.0,WAIT,等待掉台触发,0,0,1
57.942,852.0,1173.0,571.0,1520.0,0.5061,0.8148,0.3148,0.7871,0,0,0,0,0,0,0,0,1,-9.0,WAIT,等待掉台触发,0,0,1
57.963,853.0,1173.0,573.0,1522.0,0.5061,0.817,0.3175,0.7891,0,0,0,0,0,0,0,0,1,-10.0,WAIT,等待掉台触发,0,0,1
57.983,853.0,1173.0,572.0,1521.0,0.5088,0.817,0.3175,0.7891,0,0,0,0,0,0,0,0,1,-5.0,WAIT,等待掉台触发,0,0,1
58.003,852.0,1172.0,572.0,1520.0,0.5088,0.817,0.3175,0.7891,0,0,0,0,0,0,0,0,1,-10.0,WAIT,等待掉台触发,0,0,1
58.023,853.0,1173.0,572.0,1522.0,0.5088,0.817,0.3175,0.7891,0,0,0,0,0,0,0,0,1,-9.0,WAIT,等待掉台触发,0,0,1
58.043,853.0,1174.0,573.0,1522.0,0.5088,0.817,0.3175,0.7912,0,0,0,0,0,0,0,0,1,0.0,WAIT,等待掉台触发,0,0,1
58.064,852.0,1171.0,573.0,1520.0,0.5088,0.817,0.3203,0.7912,0,0,0,0,0,0,0,0,1,-10.0,WAIT,等待掉台触发,0,0,1
58.084,852.0,1172.0,573.0,1521.0,0.5061,0.8148,0.3203,0.7891,0,0,0,0,0,0,0,0,1,-7.0,WAIT,等待掉台触发,0,0,1
58.104,852.0,1173.0,572.0,1521.0,0.5061,0.8148,0.3203,0.7891,0,0,0,0,0,0,0,0,1,-5.0,WAIT,等待掉台触发,0,0,1
58.124,852.0,1172.0,573.0,1520.0,0.5061,0.8148,0.3203,0.7891,0,0,0,0,0,0,0,0,1,-11.0,WAIT,等待掉台触发,0,0,1
58.144,852.0,1173.0,573.0,1520.0,0.5061,0.817,0.3203,0.7871,0,0,0,0,0,0,0,0,1,-12.0,WAIT,等待掉台触发,0,0,1
58.164,853.0,1173.0,573.0,1522.0,0.5061,0.817,0.3203,0.7871,0,0,0,0,0,0,0,0,1,-8.0,WAIT,等待掉台触发,0,0,1
58.184,852.0,1172.0,572.0,1519.0,0.5061,0.817,0.3203,0.7871,0,0,0,0,0,0,0,0,1,-7.0,WAIT,等待掉台触发,0,0,1
58.204,853.0,1174.0,573.0,1522.0,0.5088,0.817,0.3203,0.7912,0,0,0,0,0,0,0,0,1,-8.0,WAIT,等待掉台触发,0,0,1
58.225,853.0,1175.0,573.0,1522.0,0.5088,0.8192,0.3203,0.7912,0,0,0,0,0,0,0,0,1,-8.0,WAIT,等待掉台触发,0,0,1
58.245,853.0,1175.0,573.0,1522.0,0.5088,0.8214,0.3203,0.7912,0,0,0,0,0,0,0,0,1,-8.0,WAIT,等待掉台触发,0,0,1
58.265,852.0,1170.0,572.0,1518.0,0.5088,0.8214,0.3203,0.7912,0,0,0,0,0,0,0,0,1,-5.0,WAIT,等待掉台触发,0,0,1
58.286,853.0,1172.0,573.0,1521.0,0.5088,0.8148,0.3203,0.7891,0,0,0,0,0,0,0,0,1,-7.0,WAIT,等待掉台触发,0,0,1
58.307,853.0,1172.0,573.0,1521.0,0.5088,0.8148,0.3203,0.7891,0,0,0,0,0,0,0,0,1,-9.0,WAIT,等待掉台触发,0,0,1
58.327,853.0,1172.0,572.0,1520.0,0.5088,0.8148,0.3203,0.7891,0,0,0,0,0,0,0,0,1,-6.0,WAIT,等待掉台触发,0,0,1
58.348,852.0,1172.0,573.0,1520.0,0.5088,0.8148,0.3203,0.7871,0,0,0,0,0,0,0,0,1,-1.0,WAIT,等待掉台触发,0,0,1
58.368,854.0,1173.0,573.0,1523.0,0.5088,0.8148,0.3203,0.7871,0,0,0,0,0,0,0,0,1,-7.0,WAIT,等待掉台触发,0,0,1
58.389,853.0,1173.0,572.0,1520.0,0.5088,0.817,0.3203,0.7871,0,0,0,0,0,0,0,0,1,-23.0,WAIT,等待掉台触发,0,0,1
58.409,852.0,1170.0,569.0,1520.0,0.5088,0.817,0.3175,0.7871,0,0,0,0,0,0,0,0,1,-7.0,WAIT,等待掉台触发,0,0,1
58.43,851.0,1170.0,571.0,1518.0,0.5061,0.8105,0.3148,0.7871,0,0,0,0,0,0,0,0,1,-11.0,WAIT,等待掉台触发,0,0,1
58.45,852.0,1171.0,572.0,1519.0,0.5061,0.8105,0.3148,0.785,0,0,0,0,0,0,0,0,1,-11.0,WAIT,等待掉台触发,0,0,1
58.47,853.0,1171.0,572.0,1520.0,0.5061,0.8126,0.3175,0.785,0,0,0,0,0,0,0,0,1,-20.0,WAIT,等待掉台触发,0,0,1
58.491,853.0,1173.0,572.0,1521.0,0.5088,0.8126,0.3175,0.7871,0,0,0,0,0,0,0,0,1,-5.0,WAIT,等待掉台触发,0,0,1
58.511,853.0,1173.0,573.0,1521.0,0.5088,0.817,0.3175,0.7891,0,0,0,0,0,0,0,0,1,-10.0,WAIT,等待掉台触发,0,0,1
58.531,853.0,1173.0,574.0,1521.0,0.5088,0.817,0.3203,0.7891,0,0,0,0,0,0,0,0,1,-8.0,WAIT,等待掉台触发,0,0,1
58.551,853.0,1172.0,571.0,1519.0,0.5088,0.817,0.3203,0.7891,0,0,0,0,0,0,0,0,1,-3.0,WAIT,等待掉台触发,0,0,1
58.571,853.0,1173.0,574.0,1522.0,0.5088,0.817,0.3231,0.7891,0,0,0,0,0,0,0,0,1,-11.0,WAIT,等待掉台触发,0,0,1
58.591,854.0,1173.0,573.0,1520.0,0.5088,0.817,0.3203,0.7871,0,0,0,0,0,0,0,0,1,-9.0,WAIT,等待掉台触发,0,0,1
58.611,853.0,1173.0,574.0,1522.0,0.5088,0.817,0.3231,0.7912,0,0,0,0,0,0,0,0,1,-2.0,WAIT,等待掉台触发,0,0,1
58.631,854.0,1172.0,573.0,1520.0,0.5116,0.817,0.3203,0.7871,0,0,0,0,0,0,0,0,1,-12.0,WAIT,等待掉台触发,0,0,1
58.652,854.0,1174.0,574.0,1522.0,0.5116,0.817,0.3231,0.7912,0,0,0,0,0,0,0,0,1,-9.0,WAIT,等待掉台触发,0,0,1
58.672,855.0,1174.0,573.0,1522.0,0.5116,0.8192,0.3203,0.7912,0,0,0,0,0,0,0,0,1,-9.0,WAIT,等待掉台触发,0,0,1
58.692,855.0,1174.0,573.0,1522.0,0.5143,0.8192,0.3203,0.7912,0,0,0,0,0,0,0,0,1,-9.0,WAIT,等待掉台触发,0,0,1
58.712,853.0,1174.0,572.0,1520.0,0.5143,0.8192,0.3203,0.7912,0,0,0,0,0,0,0,0,1,-1.0,WAIT,等待掉台触发,0,0,1
58.732,853.0,1172.0,573.0,1520.0,0.5088,0.8192,0.3203,0.7871,0,0,0,0,0,0,0,0,1,-12.0,WAIT,等待掉台触发,0,0,1
58.752,854.0,1173.0,573.0,1522.0,0.5088,0.817,0.3203,0.7871,0,0,0,0,0,0,0,0,1,-9.0,WAIT,等待掉台触发,0,0,1
58.772,852.0,1170.0,572.0,1517.0,0.5088,0.8148,0.3203,0.7871,0,0,0,0,0,0,0,0,1,-12.0,WAIT,等待掉台触发,0,0,1
58.793,853.0,1173.0,573.0,1521.0,0.5088,0.817,0.3203,0.7891,0,0,0,0,0,0,0,0,1,-10.0,WAIT,等待掉台触发,0,0,1
58.813,854.0,1174.0,575.0,1523.0,0.5088,0.817,0.3203,0.7891,0,0,0,0,0,0,0,0,1,-7.0,WAIT,等待掉台触发,0,0,1
58.833,854.0,1173.0,573.0,1521.0,0.5116,0.817,0.3203,0.7891,0,0,0,0,0,0,0,0,1,-8.0,WAIT,等待掉台触发,0,0,1
58.853,855.0,1174.0,576.0,1523.0,0.5116,0.8192,0.3259,0.7933,0,0,0,0,0,0,0,0,1,-7.0,WAIT,等待掉台触发,0,0,1
58.873,854.0,1174.0,574.0,1522.0,0.5116,0.8192,0.3231,0.7912,0,0,0,0,0,0,0,0,1,-8.0,WAIT,等待掉台触发,0,0,1
58.893,854.0,1172.0,572.0,1521.0,0.5116,0.8192,0.3231,0.7912,0,0,0,0,0,0,0,0,1,-12.0,WAIT,等待掉台触发,0,0,1
58.913,854.0,1174.0,574.0,1522.0,0.5116,0.8192,0.3231,0.7912,0,0,0,0,0,0,0,0,1,-9.0,WAIT,等待掉台触发,0,0,1
58.934,853.0,1173.0,573.0,1521.0,0.5116,0.817,0.3203,0.7891,0,0,0,0,0,0,0,0,1,-6.0,WAIT,等待掉台触发,0,0,1
58.954,854.0,1173.0,573.0,1521.0,0.5116,0.817,0.3203,0.7891,0,0,0,0,0,0,0,0,1,-7.0,WAIT,等待掉台触发,0,0,1
58.974,854.0,1173.0,574.0,1522.0,0.5116,0.817,0.3203,0.7891,0,0,0,0,0,0,0,0,1,-9.0,WAIT,等待掉台触发,0,0,1
58.994,853.0,1170.0,572.0,1518.0,0.5116,0.817,0.3203,0.7891,0,0,0,0,0,0,0,0,1,-11.0,WAIT,等待掉台触发,0,0,1
59.014,854.0,1173.0,573.0,1521.0,0.5116,0.817,0.3203,0.7891,0,0,0,0,0,0,0,0,1,-8.0,WAIT,等待掉台触发,0,0,1
59.034,856.0,1175.0,574.0,1522.0,0.5116,0.817,0.3203,0.7891,0,0,0,0,0,0,0,0,1,-8.0,WAIT,等待掉台触发,0,0,1
59.054,853.0,1171.0,572.0,1519.0,0.5116,0.817,0.3203,0.7891,0,0,0,0,0,0,0,0,1,-18.0,WAIT,等待掉台触发,0,0,1
59.075,853.0,1171.0,572.0,1519.0,0.5088,0.8126,0.3175,0.785,0,0,0,0,0,0,0,0,1,-18.0,WAIT,等待掉台触发,0,0,1
59.095,853.0,1171.0,571.0,1518.0,0.5088,0.8126,0.3175,0.785,0,0,0,0,0,0,0,0,1,-10.0,WAIT,等待掉台触发,0,0,1
59.115,854.0,1173.0,573.0,1522.0,0.5088,0.8126,0.3175,0.785,0,0,0,0,0,0,0,0,1,-6.0,WAIT,等待掉台触发,0,0,1
59.135,853.0,1171.0,572.0,1520.0,0.5088,0.8126,0.3175,0.7871,0,0,0,0,0,0,0,0,1,-23.0,WAIT,等待掉台触发,0,0,1
59.155,852.0,1169.0,571.0,1517.0,0.5088,0.8126,0.3175,0.7871,0,0,0,0,0,0,0,0,1,-14.0,WAIT,等待掉台触发,0,0,1
59.175,855.0,1174.0,574.0,1522.0,0.5088,0.8126,0.3175,0.7871,0,0,0,0,0,0,0,0,1,-9.0,WAIT,等待掉台触发,0,0,1
59.195,854.0,1173.0,573.0,1522.0,0.5116,0.817,0.3203,0.7912,0,0,0,0,0,0,0,0,1,-9.0,WAIT,等待掉台触发,0,0,1
59.215,852.0,1170.0,572.0,1519.0,0.5116,0.817,0.3203,0.7912,0,0,0,0,0,0,0,0,1,-11.0,WAIT,等待掉台触发,0,0,1
59.235,855.0,1173.0,574.0,1521.0,0.5116,0.817,0.3203,0.7891,0,0,0,0,0,0,0,0,1,-8.0,WAIT,等待掉台触发,0,0,1
59.256,854.0,1173.0,573.0,1522.0,0.5116,0.817,0.3203,0.7891,0,0,0,0,0,0,0,0,1,-8.0,WAIT,等待掉台触发,0,0,1
59.276,852.0,1170.0,572.0,1518.0,0.5116,0.817,0.3203,0.7891,0,0,0,0,0,0,0,0,1,-11.0,WAIT,等待掉台触发,0,0,1
59.296,855.0,1175.0,574.0,1523.0,0.5116,0.817,0.3203,0.7912,0,0,0,0,0,0,0,0,1,-7.0,WAIT,等待掉台触发,0,0,1
59.316,855.0,1173.0,573.0,1522.0,0.5143,0.817,0.3203,0.7912,0,0,0,0,0,0,0,0,1,-7.0,WAIT,等待掉台触发,0,0,1
59.336,853.0,1171.0,571.0,1518.0,0.5143,0.817,0.3203,0.7912,0,0,0,0,0,0,0,0,1,-12.0,WAIT,等待掉台触发,0,0,1
59.356,854.0,1173.0,573.0,1521.0,0.5116,0.817,0.3203,0.7891,0,0,0,0,0,0,0,0,1,-10.0,WAIT,等待掉台触发,0,0,1
59.376,853.0,1172.0,572.0,1519.0,0.5088,0.8148,0.3175,0.785,0,0,0,0,0,0,0,0,1,-15.0,WAIT,等待掉台触发,0,0,1
59.397,854.0,1173.0,572.0,1520.0,0.5116,0.817,0.3175,0.7871,0,0,0,0,0,0,0,0,1,-9.0,WAIT,等待掉台触发,0,0,1
59.417,855.0,1174.0,574.0,1522.0,0.5116,0.817,0.3175,0.7871,0,0,0,0,0,0,0,0,1,-10.0,WAIT,等待掉台触发,0,0,1
59.437,855.0,1174.0,574.0,1522.0,0.5143,0.8192,0.3231,0.7912,0,0,0,0,0,0,0,0,1,-10.0,WAIT,等待掉台触发,0,0,1
59.457,854.0,1172.0,573.0,1521.0,0.5143,0.8192,0.3231,0.7912,0,0,0,0,0,0,0,0,1,-8.0,WAIT,等待掉台触发,0,0,1
59.477,853.0,1172.0,572.0,1520.0,0.5116,0.8148,0.3203,0.7891,0,0,0,0,0,0,0,0,1,-11.0,WAIT,等待掉台触发,0,0,1
59.497,854.0,1173.0,574.0,1521.0,0.5116,0.8148,0.3203,0.7891,0,0,0,0,0,0,0,0,1,-9.0,WAIT,等待掉台触发,0,0,1
59.517,854.0,1173.0,573.0,1520.0,0.5116,0.817,0.3203,0.7871,0,0,0,0,0,0,0,0,1,-9.0,WAIT,等待掉台触发,0,0,1
59.538,854.0,1172.0,573.0,1520.0,0.5116,0.817,0.3203,0.7871,0,0,0,0,0,0,0,0,1,-11.0,WAIT,等待掉台触发,0,0,1
59.558,853.0,1172.0,572.0,1520.0,0.5116,0.8148,0.3203,0.7871,0,0,0,0,0,0,0,0,1,-9.0,WAIT,等待掉台触发,0,0,1
59.579,853.0,1171.0,574.0,1520.0,0.5088,0.8148,0.3203,0.7871,0,0,0,0,0,0,0,0,1,-13.0,WAIT,等待掉台触发,0,0,1
59.599,854.0,1171.0,572.0,1520.0,0.5088,0.8126,0.3175,0.7871,0,0,0,0,0,0,0,0,1,-7.0,WAIT,等待掉台触发,0,0,1
59.619,854.0,1173.0,574.0,1522.0,0.5116,0.8126,0.3231,0.7871,0,0,0,0,0,0,0,0,1,-8.0,WAIT,等待掉台触发,0,0,1
59.64,855.0,1173.0,574.0,1522.0,0.5116,0.817,0.3231,0.7912,0,0,0,0,0,0,0,0,1,-9.0,WAIT,等待掉台触发,0,0,1
59.66,855.0,1173.0,573.0,1522.0,0.5143,0.817,0.3231,0.7912,0,0,0,0,0,0,0,0,1,-9.0,WAIT,等待掉台触发,0,0,1
59.68,855.0,1174.0,574.0,1522.0,0.5143,0.817,0.3231,0.7912,0,0,0,0,0,0,0,0,1,-9.0,WAIT,等待掉台触发,0,0,1
59.7,855.0,1173.0,573.0,1520.0,0.5143,0.817,0.3203,0.7912,0,0,0,0,0,0,0,0,1,-9.0,WAIT,等待掉台触发,0,0,1
59.72,855.0,1173.0,574.0,1521.0,0.5143,0.817,0.3231,0.7891,0,0,0,0,0,0,0,0,1,-11.0,WAIT,等待掉台触发,0,0,1
59.74,856.0,1174.0,573.0,1522.0,0.5143,0.817,0.3203,0.7891,0,0,0,0,0,0,0,0,1,-8.0,WAIT,等待掉台触发,0,0,1
59.76,855.0,1173.0,573.0,1522.0,0.5143,0.817,0.3203,0.7912,0,0,0,0,0,0,0,0,1,-8.0,WAIT,等待掉台触发,0,0,1
59.78,853.0,1172.0,573.0,1520.0,0.5143,0.817,0.3203,0.7912,0,0,0,0,0,0,0,0,1,-10.0,WAIT,等待掉台触发,0,0,1
59.801,855.0,1173.0,574.0,1521.0,0.5143,0.817,0.3203,0.7891,0,0,0,0,0,0,0,0,1,-7.0,WAIT,等待掉台触发,0,0,1
59.821,855.0,1173.0,573.0,1521.0,0.5143,0.817,0.3203,0.7891,0,0,0,0,0,0,0,0,1,-10.0,WAIT,等待掉台触发,0,0,1
59.841,855.0,1173.0,573.0,1521.0,0.5143,0.817,0.3203,0.7891,0,0,0,0,0,0,0,0,1,-10.0,WAIT,等待掉台触发,0,0,1
59.861,856.0,1174.0,573.0,1521.0,0.5143,0.817,0.3203,0.7891,0,0,0,0,0,0,0,0,1,-9.0,WAIT,等待掉台触发,0,0,1
59.881,856.0,1174.0,574.0,1523.0,0.517,0.8192,0.3203,0.7891,0,0,0,0,0,0,0,0,1,-7.0,WAIT,等待掉台触发,0,0,1
59.901,855.0,1174.0,573.0,1523.0,0.517,0.8192,0.3203,0.7933,0,0,0,0,0,0,0,0,1,-5.0,WAIT,等待掉台触发,0,0,1
59.921,855.0,1172.0,572.0,1521.0,0.5143,0.8192,0.3203,0.7933,0,0,0,0,0,0,0,0,1,-9.0,WAIT,等待掉台触发,0,0,1
59.942,855.0,1174.0,574.0,1521.0,0.5143,0.8192,0.3203,0.7891,0,0,0,0,0,0,0,0,1,-8.0,WAIT,等待掉台触发,0,0,1
59.962,854.0,1173.0,573.0,1520.0,0.5143,0.817,0.3203,0.7891,0,0,0,0,0,0,0,0,1,-7.0,WAIT,等待掉台触发,0,0,1
59.982,854.0,1170.0,573.0,1519.0,0.5116,0.817,0.3203,0.7871,0,0,0,0,0,0,0,0,1,-11.0,WAIT,等待掉台触发,0,0,1
60.002,855.0,1173.0,574.0,1522.0,0.5116,0.817,0.3203,0.7871,0,0,0,0,0,0,0,0,1,-8.0,WAIT,等待掉台触发,0,0,1
60.023,854.0,1173.0,573.0,1520.0,0.5116,0.817,0.3203,0.7871,0,0,0,0,0,0,0,0,1,-10.0,WAIT,等待掉台触发,0,0,1
60.043,855.0,1172.0,573.0,1521.0,0.5143,0.817,0.3203,0.7891,0,0,0,0,0,0,0,0,1,-11.0,WAIT,等待掉台触发,0,0,1
60.063,856.0,1174.0,574.0,1522.0,0.5143,0.817,0.3203,0.7891,0,0,0,0,0,0,0,0,1,-8.0,WAIT,等待掉台触发,0,0,1
60.083,854.0,1174.0,574.0,1521.0,0.5143,0.8192,0.3231,0.7891,0,0,0,0,0,0,0,0,1,-10.0,WAIT,等待掉台触发,0,0,1
60.103,854.0,1172.0,573.0,1520.0,0.5116,0.8192,0.3231,0.7891,0,0,0,0,0,0,0,0,1,-10.0,WAIT,等待掉台触发,0,0,1
60.123,855.0,1173.0,574.0,1521.0,0.5116,0.817,0.3231,0.7891,0,0,0,0,0,0,0,0,1,-7.0,WAIT,等待掉台触发,0,0,1
60.143,854.0,1172.0,574.0,1520.0,0.5116,0.8148,0.3231,0.7871,0,0,0,0,0,0,0,0,1,-24.0,WAIT,等待掉台触发,0,0,1
60.163,853.0,1172.0,572.0,1520.0,0.5116,0.8148,0.3231,0.7871,0,0,0,0,0,0,0,0,1,-10.0,WAIT,等待掉台触发,0,0,1
60.184,855.0,1173.0,573.0,1521.0,0.5116,0.8148,0.3203,0.7871,0,0,0,0,0,0,0,0,1,-1.0,WAIT,等待掉台触发,0,0,1
60.204,855.0,1173.0,573.0,1521.0,0.5143,0.817,0.3203,0.7891,0,0,0,0,0,0,0,0,1,-1.0,WAIT,等待掉台触发,0,0,1
60.224,855.0,1172.0,574.0,1522.0,0.5143,0.817,0.3203,0.7891,0,0,0,0,0,0,0,0,1,-7.0,WAIT,等待掉台触发,0,0,1
60.244,852.0,1169.0,572.0,1516.0,0.5143,0.8148,0.3203,0.7891,0,0,0,0,0,0,0,0,1,-18.0,WAIT,等待掉台触发,0,0,1
60.264,851.0,1168.0,570.0,1516.0,0.5061,0.8083,0.3175,0.7787,0,0,0,0,0,0,0,0,1,-11.0,WAIT,等待掉台触发,0,0,1
60.284,855.0,1173.0,574.0,1522.0,0.5061,0.8083,0.3175,0.7787,0,0,0,0,0,0,0,0,1,-7.0,WAIT,等待掉台触发,0,0,1
60.304,853.0,1171.0,573.0,1517.0,0.5088,0.8126,0.3203,0.7808,0,0,0,0,0,0,0,0,1,-12.0,WAIT,等待掉台触发,0,0,1
60.324,856.0,1173.0,574.0,1522.0,0.5143,0.817,0.3231,0.7912,0,0,0,0,0,0,0,0,1,-3.0,WAIT,等待掉台触发,0,0,1
60.345,855.0,1173.0,574.0,1521.0,0.5143,0.817,0.3231,0.7891,0,0,0,0,0,0,0,0,1,-8.0,WAIT,等待掉台触发,0,0,1
60.365,854.0,1171.0,573.0,1520.0,0.5143,0.817,0.3231,0.7891,0,0,0,0,0,0,0,0,1,-10.0,WAIT,等待掉台触发,0,0,1
60.385,856.0,1174.0,574.0,1521.0,0.5143,0.817,0.3231,0.7891,0,0,0,0,0,0,0,0,1,-8.0,WAIT,等待掉台触发,0,0,1
60.405,855.0,1173.0,574.0,1521.0,0.5143,0.817,0.3231,0.7891,0,0,0,0,0,0,0,0,1,-7.0,WAIT,等待掉台触发,0,0,1
60.425,852.0,1170.0,572.0,1519.0,0.5143,0.817,0.3231,0.7891,0,0,0,0,0,0,0,0,1,-12.0,WAIT,等待掉台触发,0,0,1
60.445,856.0,1174.0,574.0,1522.0,0.5143,0.817,0.3231,0.7891,0,0,0,0,0,0,0,0,1,-6.0,WAIT,等待掉台触发,0,0,1
60.465,855.0,1173.0,574.0,1521.0,0.5143,0.817,0.3231,0.7891,0,0,0,0,0,0,0,0,1,-1.0,WAIT,等待掉台触发,0,0,1
60.486,854.0,1172.0,573.0,1520.0,0.5143,0.817,0.3231,0.7891,0,0,0,0,0,0,0,0,1,-10.0,WAIT,等待掉台触发,0,0,1
60.506,857.0,1174.0,574.0,1523.0,0.5143,0.817,0.3231,0.7891,0,0,0,0,0,0,0,0,1,-6.0,WAIT,等待掉台触发,0,0,1
60.526,855.0,1173.0,573.0,1521.0,0.5143,0.817,0.3203,0.7891,0,0,0,0,0,0,0,0,1,-8.0,WAIT,等待掉台触发,0,0,1
60.546,854.0,1172.0,573.0,1520.0,0.5143,0.817,0.3203,0.7891,0,0,0,0,0,0,0,0,1,-10.0,WAIT,等待掉台触发,0,0,1
60.566,855.0,1173.0,573.0,1521.0,0.5143,0.817,0.3203,0.7891,0,0,0,0,0,0,0,0,1,-8.0,WAIT,等待掉台触发,0,0,1
60.586,855.0,1173.0,574.0,1522.0,0.5143,0.817,0.3203,0.7891,0,0,0,0,0,0,0,0,1,-8.0,WAIT,等待掉台触发,0,0,1
60.607,856.0,1173.0,572.0,1519.0,0.5143,0.817,0.3203,0.7891,0,0,0,0,0,0,0,0,1,-8.0,WAIT,等待掉台触发,0,0,1
60.627,856.0,1174.0,573.0,1521.0,0.517,0.817,0.3203,0.7891,0,0,0,0,0,0,0,0,1,-1.0,WAIT,等待掉台触发,0,0,1
60.647,856.0,1174.0,573.0,1521.0,0.517,0.8192,0.3203,0.7891,0,0,0,0,0,0,0,0,1,-1.0,WAIT,等待掉台触发,0,0,1
60.667,855.0,1174.0,574.0,1521.0,0.517,0.8192,0.3203,0.7891,0,0,0,0,0,0,0,0,1,-9.0,WAIT,等待掉台触发,0,0,1
60.687,854.0,1171.0,572.0,1518.0,0.5143,0.8192,0.3203,0.7891,0,0,0,0,0,0,0,0,1,-11.0,WAIT,等待掉台触发,0,0,1
60.708,854.0,1171.0,573.0,1518.0,0.5116,0.8126,0.3203,0.7829,0,0,0,0,0,0,0,0,1,-4.0,WAIT,等待掉台触发,0,0,1
60.73,855.0,1172.0,573.0,1521.0,0.5116,0.8126,0.3203,0.7829,0,0,0,0,0,0,0,0,1,-10.0,WAIT,等待掉台触发,0,0,1
60.75,855.0,1172.0,572.0,1519.0,0.5143,0.8148,0.3203,0.785,0,0,0,0,0,0,0,0,1,-10.0,WAIT,等待掉台触发,0,0,1
60.77,854.0,1172.0,573.0,1520.0,0.5143,0.8148,0.3203,0.7871,0,0,0,0,0,0,0,0,1,-9.0,WAIT,等待掉台触发,0,0,1
60.79,854.0,1173.0,573.0,1520.0,0.5116,0.8148,0.3203,0.7871,0,0,0,0,0,0,0,0,1,-7.0,WAIT,等待掉台触发,0,0,1
60.81,854.0,1170.0,572.0,1519.0,0.5116,0.8148,0.3203,0.7871,0,0,0,0,0,0,0,0,1,-10.0,WAIT,等待掉台触发,0,0,1
60.83,855.0,1173.0,573.0,1520.0,0.5116,0.817,0.3203,0.7871,0,0,0,0,0,0,0,0,1,-10.0,WAIT,等待掉台触发,0,0,1
60.851,855.0,1173.0,574.0,1522.0,0.5143,0.817,0.3203,0.7871,0,0,0,0,0,0,0,0,1,-7.0,WAIT,等待掉台触发,0,0,1
60.871,855.0,1173.0,572.0,1520.0,0.5143,0.817,0.3203,0.7871,0,0,0,0,0,0,0,0,1,-10.0,WAIT,等待掉台触发,0,0,1
60.891,854.0,1172.0,573.0,1520.0,0.5143,0.817,0.3203,0.7871,0,0,0,0,0,0,0,0,1,-12.0,WAIT,等待掉台触发,0,0,1
60.911,854.0,1172.0,572.0,1518.0,0.5116,0.8148,0.3175,0.7871,0,0,0,0,0,0,0,0,1,-10.0,WAIT,等待掉台触发,0,0,1
60.931,854.0,1173.0,572.0,1520.0,0.5116,0.8148,0.3175,0.7871,0,0,0,0,0,0,0,0,1,-10.0,WAIT,等待掉台触发,0,0,1
60.951,855.0,1172.0,572.0,1518.0,0.5116,0.8148,0.3175,0.7829,0,0,0,0,0,0,0,0,1,-11.0,WAIT,等待掉台触发,0,0,1
60.972,855.0,1172.0,572.0,1520.0,0.5143,0.8148,0.3175,0.7871,0,0,0,0,0,0,0,0,1,-8.0,WAIT,等待掉台触发,0,0,1
60.992,853.0,1170.0,572.0,1518.0,0.5143,0.8148,0.3175,0.7829,0,0,0,0,0,0,0,0,1,-12.0,WAIT,等待掉台触发,0,0,1
61.012,853.0,1170.0,572.0,1517.0,0.5088,0.8105,0.3175,0.7829,0,0,0,0,0,0,0,0,1,-12.0,WAIT,等待掉台触发,0,0,1
61.032,853.0,1170.0,572.0,1518.0,0.5088,0.8105,0.3175,0.7829,0,0,0,0,0,0,0,0,1,-11.0,WAIT,等待掉台触发,0,0,1
61.052,852.0,1168.0,570.0,1515.0,0.5088,0.8105,0.3175,0.7808,0,0,0,0,0,0,0,0,1,-13.0,WAIT,等待掉台触发,0,0,1
61.072,852.0,1171.0,571.0,1515.0,0.5061,0.8105,0.3148,0.7766,0,0,0,0,0,0,0,0,1,-14.0,WAIT,等待掉台触发,0,0,1
61.092,852.0,1168.0,571.0,1516.0,0.5061,0.8061,0.3148,0.7766,0,0,0,0,0,0,0,0,1,-23.0,WAIT,等待掉台触发,0,0,1
61.112,852.0,1169.0,571.0,1514.0,0.5061,0.8083,0.3148,0.7766,0,0,0,0,0,0,0,0,1,-14.0,WAIT,等待掉台触发,0,0,1
61.132,855.0,1171.0,572.0,1517.0,0.5061,0.8083,0.3148,0.7787,0,0,0,0,0,0,0,0,1,-10.0,WAIT,等待掉台触发,0,0,1
61.152,853.0,1170.0,571.0,1518.0,0.5088,0.8105,0.3148,0.7808,0,0,0,0,0,0,0,0,1,-4.0,WAIT,等待掉台触发,0,0,1
61.173,853.0,1170.0,571.0,1518.0,0.5088,0.8105,0.3148,0.7829,0,0,0,0,0,0,0,0,1,-4.0,WAIT,等待掉台触发,0,0,1
61.193,852.0,1168.0,570.0,1514.0,0.5088,0.8105,0.3148,0.7829,0,0,0,0,0,0,0,0,1,-13.0,WAIT,等待掉台触发,0,0,1
61.213,851.0,1168.0,570.0,1514.0,0.5061,0.8061,0.312,0.7745,0,0,0,0,0,0,0,0,1,-8.0,WAIT,等待掉台触发,0,0,1
61.233,851.0,1168.0,570.0,1514.0,0.5034,0.8061,0.312,0.7745,0,0,0,0,0,0,0,0,1,-12.0,WAIT,等待掉台触发,0,0,1
61.253,852.0,1166.0,569.0,1513.0,0.5034,0.8061,0.312,0.7745,0,0,0,0,0,0,0,0,1,-12.0,WAIT,等待掉台触发,0,0,1
61.273,854.0,1171.0,572.0,1519.0,0.5061,0.8061,0.312,0.7745,0,0,0,0,0,0,0,0,1,-10.0,WAIT,等待掉台触发,0,0,1
61.293,854.0,1171.0,572.0,1519.0,0.5116,0.8126,0.3175,0.785,0,0,0,0,0,0,0,0,1,-9.0,WAIT,等待掉台触发,0,0,1
61.313,853.0,1170.0,571.0,1517.0,0.5116,0.8126,0.3175,0.785,0,0,0,0,0,0,0,0,1,-7.0,WAIT,等待掉台触发,0,0,1
61.333,853.0,1170.0,572.0,1518.0,0.5088,0.8105,0.3175,0.7829,0,0,0,0,0,0,0,0,1,-9.0,WAIT,等待掉台触发,0,0,1
61.353,852.0,1169.0,572.0,1517.0,0.5088,0.8105,0.3175,0.7808,0,0,0,0,0,0,0,0,1,-12.0,WAIT,等待掉台触发,0,0,1
61.374,854.0,1169.0,572.0,1517.0,0.5088,0.8083,0.3175,0.7808,0,0,0,0,0,0,0,0,1,-13.0,WAIT,等待掉台触发,0,0,1
61.394,851.0,1168.0,571.0,1514.0,0.5061,0.8083,0.3175,0.7808,0,0,0,0,0,0,0,0,1,-12.0,WAIT,等待掉台触发,0,0,1
61.414,851.0,1167.0,570.0,1514.0,0.5034,0.8061,0.3148,0.7745,0,0,0,0,0,0,0,0,1,-13.0,WAIT,等待掉台触发,0,0,1
61.434,854.0,1171.0,573.0,1520.0,0.5034,0.8061,0.3148,0.7745,0,0,0,0,0,0,0,0,1,-8.0,WAIT,等待掉台触发,0,0,1
61.454,854.0,1171.0,572.0,1519.0,0.5116,0.8126,0.3175,0.785,0,0,0,0,0,0,0,0,1,-13.0,WAIT,等待掉台触发,0,0,1
61.474,853.0,1172.0,572.0,1518.0,0.5116,0.8126,0.3175,0.785,0,0,0,0,0,0,0,0,1,-11.0,WAIT,等待掉台触发,0,0,1
61.494,853.0,1170.0,572.0,1518.0,0.5088,0.8126,0.3175,0.7829,0,0,0,0,0,0,0,0,1,-12.0,WAIT,等待掉台触发,0,0,1
61.514,855.0,1173.0,574.0,1521.0,0.5088,0.8148,0.3175,0.7829,0,0,0,0,0,0,0,0,1,-7.0,WAIT,等待掉台触发,0,0,1
61.534,854.0,1172.0,572.0,1518.0,0.5116,0.8148,0.3175,0.7829,0,0,0,0,0,0,0,0,1,-8.0,WAIT,等待掉台触发,0,0,1
61.554,853.0,1174.0,573.0,1518.0,0.5116,0.817,0.3203,0.7829,0,0,0,0,0,0,0,0,1,-8.0,WAIT,等待掉台触发,0,0,1
61.575,856.0,1173.0,573.0,1522.0,0.5116,0.817,0.3203,0.7829,0,0,0,0,0,0,0,0,1,-8.0,WAIT,等待掉台触发,0,0,1
61.595,854.0,1171.0,572.0,1518.0,0.5116,0.817,0.3203,0.7829,0,0,0,0,0,0,0,0,1,-12.0,WAIT,等待掉台触发,0,0,1
61.615,857.0,1173.0,573.0,1523.0,0.517,0.817,0.3203,0.7912,0,0,0,0,0,0,0,0,1,-4.0,WAIT,等待掉台触发,0,0,1
61.635,854.0,1172.0,573.0,1519.0,0.5116,0.8148,0.3203,0.785,0,0,0,0,0,0,0,0,1,-9.0,WAIT,等待掉台触发,0,0,1
61.655,852.0,1169.0,571.0,1516.0,0.5116,0.8148,0.3203,0.785,0,0,0,0,0,0,0,0,1,-24.0,WAIT,等待掉台触发,0,0,1
61.675,854.0,1170.0,572.0,1518.0,0.5116,0.8105,0.3175,0.7829,0,0,0,0,0,0,0,0,1,-10.0,WAIT,等待掉台触发,0,0,1
61.695,855.0,1172.0,573.0,1520.0,0.5116,0.8105,0.3175,0.7829,0,0,0,0,0,0,0,0,1,-11.0,WAIT,等待掉台触发,0,0,1
61.715,853.0,1170.0,573.0,1517.0,0.5116,0.8105,0.3203,0.7829,0,0,0,0,0,0,0,0,1,-12.0,WAIT,等待掉台触发,0,0,1
61.735,853.0,1170.0,573.0,1517.0,0.5088,0.8105,0.3203,0.7808,0,0,0,0,0,0,0,0,1,-12.0,WAIT,等待掉台触发,0,0,1
61.755,854.0,1172.0,574.0,1520.0,0.5088,0.8105,0.3203,0.7808,0,0,0,0,0,0,0,0,1,-23.0,WAIT,等待掉台触发,0,0,1
61.776,854.0,1171.0,572.0,1518.0,0.5116,0.8126,0.3203,0.7829,0,0,0,0,0,0,0,0,1,-3.0,WAIT,等待掉台触发,0,0,1
61.796,853.0,1170.0,571.0,1516.0,0.5116,0.8126,0.3175,0.7829,0,0,0,0,0,0,0,0,1,-12.0,WAIT,等待掉台触发,0,0,1
61.816,855.0,1171.0,573.0,1520.0,0.5116,0.8126,0.3175,0.7829,0,0,0,0,0,0,0,0,1,-9.0,WAIT,等待掉台触发,0,0,1
61.836,854.0,1173.0,573.0,1520.0,0.5116,0.8126,0.3203,0.7871,0,0,0,0,0,0,0,0,1,-9.0,WAIT,等待掉台触发,0,0,1
61.856,853.0,1169.0,569.0,1516.0,0.5116,0.8126,0.3203,0.7871,0,0,0,0,0,0,0,0,1,-9.0,WAIT,等待掉台触发,0,0,1
61.876,854.0,1172.0,573.0,1520.0,0.5116,0.8148,0.3203,0.7871,0,0,0,0,0,0,0,0,1,-11.0,WAIT,等待掉台触发,0,0,1
61.896,856.0,1172.0,574.0,1521.0,0.5116,0.8148,0.3203,0.7871,0,0,0,0,0,0,0,0,1,-10.0,WAIT,等待掉台触发,0,0,1
61.916,852.0,1169.0,571.0,1515.0,0.5116,0.8148,0.3203,0.7871,0,0,0,0,0,0,0,0,1,-13.0,WAIT,等待掉台触发,0,0,1
61.936,853.0,1173.0,574.0,1521.0,0.5088,0.8148,0.3231,0.7891,0,0,0,0,0,0,0,0,1,-15.0,WAIT,等待掉台触发,0,0,1
61.956,856.0,1173.0,575.0,1521.0,0.5088,0.817,0.3231,0.7891,0,0,0,0,0,0,0,0,1,-10.0,WAIT,等待掉台触发,0,0,1
61.977,854.0,1172.0,572.0,1518.0,0.5116,0.817,0.3231,0.7891,0,0,0,0,0,0,0,0,1,-8.0,WAIT,等待掉台触发,0,0,1
61.997,854.0,1172.0,572.0,1518.0,0.5116,0.8148,0.3175,0.7829,0,0,0,0,0,0,0,0,1,-10.0,WAIT,等待掉台触发,0,0,1
62.017,854.0,1171.0,573.0,1518.0,0.5116,0.8148,0.3175,0.7829,0,0,0,0,0,0,0,0,1,-24.0,WAIT,等待掉台触发,0,0,1
62.037,852.0,1168.0,570.0,1514.0,0.5116,0.8126,0.3175,0.7829,0,0,0,0,0,0,0,0,1,-15.0,WAIT,等待掉台触发,0,0,1
62.057,854.0,1172.0,574.0,1520.0,0.5116,0.8126,0.3203,0.7829,0,0,0,0,0,0,0,0,1,-11.0,WAIT,等待掉台触发,0,0,1
62.077,856.0,1173.0,574.0,1520.0,0.5116,0.8148,0.3231,0.7871,0,0,0,0,0,0,0,0,1,-10.0,WAIT,等待掉台触发,0,0,1
62.097,853.0,1170.0,572.0,1519.0,0.5116,0.8148,0.3231,0.7871,0,0,0,0,0,0,0,0,1,-11.0,WAIT,等待掉台触发,0,0,1
62.117,856.0,1172.0,572.0,1521.0,0.517,0.8148,0.3175,0.7871,0,0,0,0,0,0,0,0,1,-9.0,WAIT,等待掉台触发,0,0,1
62.137,856.0,1173.0,573.0,1521.0,0.517,0.8148,0.3175,0.7891,0,0,0,0,0,0,0,0,1,-8.0,WAIT,等待掉台触发,0,0,1
62.157,853.0,1171.0,571.0,1516.0,0.517,0.8148,0.3175,0.7891,0,0,0,0,0,0,0,0,1,-13.0,WAIT,等待掉台触发,0,0,1
62.178,856.0,1174.0,574.0,1521.0,0.517,0.817,0.3203,0.7891,0,0,0,0,0,0,0,0,1,-9.0,WAIT,等待掉台触发,0,0,1
62.198,855.0,1171.0,573.0,1520.0,0.5143,0.8126,0.3203,0.7871,0,0,0,0,0,0,0,0,1,-2.0,WAIT,等待掉台触发,0,0,1
62.218,853.0,1170.0,572.0,1518.0,0.5143,0.8126,0.3203,0.7871,0,0,0,0,0,0,0,0,1,-12.0,WAIT,等待掉台触发,0,0,1
62.238,855.0,1173.0,573.0,1520.0,0.5143,0.8126,0.3203,0.7871,0,0,0,0,0,0,0,0,1,-10.0,WAIT,等待掉台触发,0,0,1
62.258,853.0,1169.0,571.0,1517.0,0.5088,0.8105,0.3175,0.7829,0,0,0,0,0,0,0,0,1,-24.0,WAIT,等待掉台触发,0,0,1
62.279,853.0,1169.0,571.0,1517.0,0.5088,0.8083,0.3148,0.7808,0,0,0,0,0,0,0,0,1,-24.0,WAIT,等待掉台触发,0,0,1
62.299,853.0,1168.0,570.0,1516.0,0.5088,0.8083,0.3148,0.7808,0,0,0,0,0,0,0,0,1,-14.0,WAIT,等待掉台触发,0,0,1
62.319,853.0,1170.0,572.0,1515.0,0.5088,0.8083,0.3148,0.7787,0,0,0,0,0,0,0,0,1,-11.0,WAIT,等待掉台触发,0,0,1
62.339,853.0,1171.0,573.0,1518.0,0.5088,0.8105,0.3175,0.7787,0,0,0,0,0,0,0,0,1,-9.0,WAIT,等待掉台触发,0,0,1
62.359,854.0,1170.0,571.0,1518.0,0.5088,0.8105,0.3175,0.7829,0,0,0,0,0,0,0,0,1,-11.0,WAIT,等待掉台触发,0,0,1
62.379,852.0,1169.0,570.0,1515.0,0.5088,0.8105,0.3148,0.7829,0,0,0,0,0,0,0,0,1,-5.0,WAIT,等待掉台触发,0,0,1
62.399,853.0,1169.0,570.0,1516.0,0.5088,0.8083,0.312,0.7787,0,0,0,0,0,0,0,0,1,-13.0,WAIT,等待掉台触发,0,0,1
62.419,854.0,1171.0,572.0,1519.0,0.5088,0.8083,0.312,0.7787,0,0,0,0,0,0,0,0,1,-9.0,WAIT,等待掉台触发,0,0,1
62.439,854.0,1172.0,573.0,1520.0,0.5116,0.8126,0.3175,0.785,0,0,0,0,0,0,0,0,1,-8.0,WAIT,等待掉台触发,0,0,1
62.459,855.0,1172.0,572.0,1520.0,0.5116,0.8148,0.3175,0.7871,0,0,0,0,0,0,0,0,1,-8.0,WAIT,等待掉台触发,0,0,1
62.48,855.0,1173.0,573.0,1521.0,0.5143,0.8148,0.3203,0.7871,0,0,0,0,0,0,0,0,1,-9.0,WAIT,等待掉台触发,0,0,1
62.5,855.0,1174.0,572.0,1520.0,0.5143,0.817,0.3175,0.7871,0,0,0,0,0,0,0,0,1,-10.0,WAIT,等待掉台触发,0,0,1
62.52,854.0,1171.0,572.0,1518.0,0.5143,0.817,0.3175,0.7871,0,0,0,0,0,0,0,0,1,-11.0,WAIT,等待掉台触发,0,0,1
62.54,853.0,1170.0,572.0,1517.0,0.5116,0.8126,0.3175,0.7829,0,0,0,0,0,0,0,0,1,-12.0,WAIT,等待掉台触发,0,0,1
62.56,855.0,1172.0,572.0,1519.0,0.5116,0.8126,0.3175,0.7829,0,0,0,0,0,0,0,0,1,-23.0,WAIT,等待掉台触发,0,0,1
62.58,854.0,1171.0,572.0,1518.0,0.5116,0.8126,0.3175,0.7829,0,0,0,0,0,0,0,0,1,-11.0,WAIT,等待掉台触发,0,0,1
62.6,854.0,1171.0,573.0,1518.0,0.5116,0.8126,0.3175,0.7829,0,0,0,0,0,0,0,0,1,-9.0,WAIT,等待掉台触发,0,0,1
62.621,855.0,1172.0,573.0,1521.0,0.5116,0.8126,0.3203,0.7829,0,0,0,0,0,0,0,0,1,-11.0,WAIT,等待掉台触发,0,0,1
62.641,855.0,1173.0,574.0,1521.0,0.5143,0.8148,0.3203,0.7891,0,0,0,0,0,0,0,0,1,-13.0,WAIT,等待掉台触发,0,0,1
62.661,855.0,1173.0,572.0,1519.0,0.5143,0.817,0.3203,0.7891,0,0,0,0,0,0,0,0,1,-10.0,WAIT,等待掉台触发,0,0,1
62.681,856.0,1173.0,574.0,1522.0,0.5143,0.817,0.3231,0.7891,0,0,0,0,0,0,0,0,1,-8.0,WAIT,等待掉台触发,0,0,1
62.701,856.0,1173.0,574.0,1522.0,0.517,0.817,0.3231,0.7912,0,0,0,0,0,0,0,0,1,-8.0,WAIT,等待掉台触发,0,0,1
62.721,855.0,1172.0,573.0,1520.0,0.517,0.817,0.3231,0.7912,0,0,0,0,0,0,0,0,1,-8.0,WAIT,等待掉台触发,0,0,1
62.741,851.0,1169.0,571.0,1517.0,0.5143,0.8148,0.3203,0.7871,0,0,0,0,0,0,0,0,1,-14.0,WAIT,等待掉台触发,0,0,1
62.761,855.0,1173.0,574.0,1521.0,0.5143,0.8148,0.3203,0.7871,0,0,0,0,0,0,0,0,1,-7.0,WAIT,等待掉台触发,0,0,1
62.782,856.0,1173.0,573.0,1520.0,0.5143,0.817,0.3203,0.7871,0,0,0,0,0,0,0,0,1,-9.0,WAIT,等待掉台触发,0,0,1
62.802,854.0,1171.0,571.0,1518.0,0.5143,0.817,0.3203,0.7871,0,0,0,0,0,0,0,0,1,-10.0,WAIT,等待掉台触发,0,0,1
62.822,852.0,1169.0,570.0,1515.0,0.5116,0.8126,0.3148,0.7829,0,0,0,0,0,0,0,0,1,-12.0,WAIT,等待掉台触发,0,0,1
62.842,854.0,1171.0,573.0,1518.0,0.5116,0.8126,0.3148,0.7829,0,0,0,0,0,0,0,0,1,-9.0,WAIT,等待掉台触发,0,0,1
62.862,854.0,1170.0,572.0,1518.0,0.5116,0.8105,0.3175,0.7829,0,0,0,0,0,0,0,0,1,-6.0,WAIT,等待掉台触发,0,0,1
62.882,856.0,1173.0,573.0,1521.0,0.5116,0.8126,0.3203,0.7829,0,0,0,0,0,0,0,0,1,-10.0,WAIT,等待掉台触发,0,0,1
62.902,856.0,1173.0,574.0,1521.0,0.517,0.817,0.3203,0.7891,0,0,0,0,0,0,0,0,1,-8.0,WAIT,等待掉台触发,0,0,1
62.923,855.0,1173.0,574.0,1521.0,0.517,0.817,0.3231,0.7891,0,0,0,0,0,0,0,0,1,-9.0,WAIT,等待掉台触发,0,0,1
62.943,856.0,1174.0,574.0,1522.0,0.517,0.817,0.3231,0.7891,0,0,0,0,0,0,0,0,1,-10.0,WAIT,等待掉台触发,0,0,1
62.963,856.0,1174.0,574.0,1522.0,0.517,0.8192,0.3231,0.7912,0,0,0,0,0,0,0,0,1,-8.0,WAIT,等待掉台触发,0,0,1
62.983,854.0,1172.0,573.0,1520.0,0.517,0.8192,0.3231,0.7912,0,0,0,0,0,0,0,0,1,-9.0,WAIT,等待掉台触发,0,0,1
63.003,856.0,1173.0,573.0,1521.0,0.517,0.817,0.3203,0.7891,0,0,0,0,0,0,0,0,1,-4.0,WAIT,等待掉台触发,0,0,1
63.023,855.0,1173.0,573.0,1520.0,0.5143,0.817,0.3203,0.7871,0,0,0,0,0,0,0,0,1,-10.0,WAIT,等待掉台触发,0,0,1
63.043,855.0,1173.0,573.0,1520.0,0.5143,0.817,0.3203,0.7871,0,0,0,0,0,0,0,0,1,-10.0,WAIT,等待掉台触发,0,0,1
63.064,854.0,1170.0,571.0,1518.0,0.5143,0.817,0.3203,0.7871,0,0,0,0,0,0,0,0,1,-11.0,WAIT,等待掉台触发,0,0,1
63.084,852.0,1169.0,571.0,1516.0,0.5116,0.8105,0.3148,0.7829,0,0,0,0,0,0,0,0,1,-12.0,WAIT,等待掉台触发,0,0,1
63.104,854.0,1171.0,573.0,1520.0,0.5116,0.8105,0.3148,0.7829,0,0,0,0,0,0,0,0,1,-10.0,WAIT,等待掉台触发,0,0,1
63.124,853.0,1168.0,571.0,1516.0,0.5088,0.8083,0.3148,0.7787,0,0,0,0,0,0,0,0,1,-11.0,WAIT,等待掉台触发,0,0,1
63.144,851.0,1166.0,569.0,1513.0,0.5088,0.8061,0.3148,0.7787,0,0,0,0,0,0,0,0,1,-12.0,WAIT,等待掉台触发,0,0,1
63.164,853.0,1170.0,572.0,1518.0,0.5088,0.8061,0.3148,0.7787,0,0,0,0,0,0,0,0,1,-12.0,WAIT,等待掉台触发,0,0,1
