t,left,right,valid,active,hang,state,reason,left_cmd,right_cmd,healthy
0.0,0.0,0.0,1,1,0,IDLE,待机,0,0,0
0.02,20.0,1225.0,1,1,0,IDLE,待机,0,0,1
0.04,21.0,1242.0,1,1,0,IDLE,待机,0,0,1
0.061,20.0,1228.0,1,1,0,IDLE,待机,0,0,1
0.081,21.0,1245.0,1,1,0,IDLE,待机,0,0,1
0.101,109.0,1244.0,1,1,0,IDLE,待机,0,0,1
0.121,19.0,1240.0,1,1,0,IDLE,待机,0,0,1
0.141,20.0,1228.0,1,1,0,IDLE,待机,0,0,1
0.161,21.0,1244.0,1,1,0,IDLE,待机,0,0,1
0.181,21.0,1242.0,1,1,0,IDLE,待机,0,0,1
0.201,59.0,1244.0,1,1,0,IDLE,待机,0,0,1
0.221,21.0,1228.0,1,1,0,IDLE,待机,0,0,1
0.241,60.0,1228.0,1,1,0,IDLE,待机,0,0,1
0.262,326.0,1244.0,1,1,0,IDLE,待机,0,0,1
0.282,59.0,1265.0,1,1,0,IDLE,待机,0,0,1
0.302,37.0,1228.0,1,1,0,IDLE,待机,0,0,1
0.322,20.0,1244.0,1,1,0,IDLE,待机,0,0,1
0.342,109.0,1227.0,1,1,0,IDLE,待机,0,0,1
0.362,91.0,1244.0,1,1,0,IDLE,待机,0,0,1
0.382,20.0,1227.0,1,1,0,IDLE,待机,0,0,1
0.402,47.0,1226.0,1,1,0,IDLE,待机,0,0,1
0.422,20.0,1225.0,1,1,0,IDLE,待机,0,0,1
0.442,20.0,1244.0,1,1,0,IDLE,待机,0,0,1
0.462,75.0,1244.0,1,1,0,IDLE,待机,0,0,1
0.482,21.0,1243.0,1,1,0,IDLE,待机,0,0,1
0.503,20.0,1242.0,1,1,0,IDLE,待机,0,0,1
0.523,20.0,1245.0,1,1,0,IDLE,待机,0,0,1
0.543,124.0,1228.0,1,1,0,IDLE,待机,0,0,1
0.563,124.0,1228.0,1,1,0,IDLE,待机,0,0,1
0.583,21.0,1243.0,1,1,0,IDLE,待机,0,0,1
0.603,30.0,1224.0,1,1,0,IDLE,待机,0,0,1
0.623,21.0,1244.0,1,1,0,IDLE,待机,0,0,1
0.643,20.0,1244.0,1,1,0,IDLE,待机,0,0,1
0.663,30.0,1256.0,1,1,0,IDLE,待机,0,0,1
0.683,20.0,1227.0,1,1,0,IDLE,待机,0,0,1
0.704,29.0,1228.0,1,1,0,IDLE,待机,0,0,1
0.724,24.0,1241.0,1,1,0,IDLE,待机,0,0,1
0.744,21.0,1264.0,1,1,0,IDLE,待机,0,0,1
0.764,108.0,1227.0,1,1,0,IDLE,待机,0,0,1
0.784,74.0,1244.0,1,1,0,IDLE,待机,0,0,1
0.804,30.0,1227.0,1,1,0,IDLE,待机,0,0,1
0.824,19.0,1212.0,1,1,0,IDLE,待机,0,0,1
0.844,20.0,1211.0,1,1,0,IDLE,待机,0,0,1
0.864,76.0,1225.0,1,1,0,IDLE,待机,0,0,1
0.885,93.0,1227.0,1,1,0,IDLE,待机,0,0,1
0.905,21.0,1244.0,1,1,0,IDLE,待机,0,0,1
0.925,21.0,1244.0,1,1,0,IDLE,待机,0,0,1
0.945,21.0,1226.0,1,1,0,IDLE,待机,0,0,1
0.965,20.0,1240.0,1,1,0,IDLE,待机,0,0,1
0.985,21.0,1244.0,1,1,0,IDLE,待机,0,0,1
1.005,21.0,1244.0,1,1,0,IDLE,待机,0,0,1
1.025,21.0,1245.0,1,1,0,IDLE,待机,0,0,1
1.045,46.0,1242.0,1,1,0,IDLE,待机,0,0,1
1.066,32.0,1228.0,1,1,0,IDLE,待机,0,0,1
1.086,20.0,1228.0,1,1,0,IDLE,待机,0,0,1
1.106,19.0,1243.0,1,1,0,IDLE,待机,0,0,1
1.126,473.0,1227.0,1,1,0,IDLE,待机,0,0,1
1.146,30.0,1243.0,1,1,0,IDLE,待机,0,0,1
1.166,20.0,1227.0,1,1,0,IDLE,待机,0,0,1
1.186,20.0,1229.0,1,1,0,IDLE,待机,0,0,1
1.206,20.0,1212.0,1,1,0,IDLE,待机,0,0,1
1.226,20.0,1228.0,1,1,0,IDLE,待机,0,0,1
1.247,24.0,1224.0,1,1,0,IDLE,待机,0,0,1
1.267,19.0,1243.0,1,1,0,IDLE,待机,0,0,1
1.287,20.0,1243.0,1,1,0,IDLE,待机,0,0,1
1.307,20.0,1243.0,1,1,0,IDLE,待机,0,0,1
1.327,109.0,1256.0,1,1,0,IDLE,待机,0,0,1
1.347,33.0,1243.0,1,1,0,IDLE,待机,0,0,1
1.367,21.0,1244.0,1,1,0,IDLE,待机,0,0,1
1.387,21.0,1244.0,1,1,0,IDLE,待机,0,0,1
1.407,21.0,1242.0,1,1,0,IDLE,待机,0,0,1
1.428,20.0,1265.0,1,1,0,IDLE,待机,0,0,1
1.448,245.0,1245.0,1,1,0,IDLE,待机,0,0,1
1.468,108.0,1228.0,1,1,0,IDLE,待机,0,0,1
1.488,125.0,1241.0,1,1,0,IDLE,待机,0,0,1
1.508,20.0,1243.0,1,1,0,IDLE,待机,0,0,1
1.528,30.0,1244.0,1,1,0,IDLE,待机,0,0,1
1.548,21.0,1226.0,1,1,0,IDLE,待机,0,0,1
1.568,38.0,1256.0,1,1,0,IDLE,待机,0,0,1
1.589,20.0,1228.0,1,1,0,IDLE,待机,0,0,1
1.609,20.0,1228.0,1,1,0,IDLE,待机,0,0,1
1.629,21.0,1224.0,1,1,0,IDLE,待机,0,0,1
1.649,21.0,1227.0,1,1,0,IDLE,待机,0,0,1
1.669,20.0,1212.0,1,1,0,IDLE,待机,0,0,1
1.689,124.0,1227.0,1,1,0,IDLE,待机,0,0,1
1.71,20.0,1227.0,1,1,0,IDLE,待机,0,0,1
1.73,20.0,1228.0,1,1,0,IDLE,待机,0,0,1
1.75,25.0,1265.0,1,1,0,IDLE,待机,0,0,1
1.77,20.0,1233.0,1,1,0,IDLE,待机,0,0,1
1.79,20.0,1225.0,1,1,0,IDLE,待机,0,0,1
1.81,21.0,1244.0,1,1,0,IDLE,待机,0,0,1
1.83,21.0,1244.0,1,1,0,IDLE,待机,0,0,1
1.85,47.0,1244.0,1,1,0,IDLE,待机,0,0,1
1.87,92.0,1227.0,1,1,0,IDLE,待机,0,0,1
1.89,24.0,1243.0,1,1,0,IDLE,待机,0,0,1
1.911,20.0,1245.0,1,1,0,IDLE,待机,0,0,1
1.931,20.0,1242.0,1,1,0,IDLE,待机,0,0,1
1.951,20.0,1225.0,1,1,0,IDLE,待机,0,0,1
1.971,20.0,1227.0,1,1,0,IDLE,待机,0,0,1
1.991,126.0,1229.0,1,1,0,IDLE,待机,0,0,1
2.011,58.0,1225.0,1,1,0,IDLE,待机,0,0,1
2.031,21.0,1226.0,1,1,0,IDLE,待机,0,0,1
2.051,92.0,1212.0,1,1,0,IDLE,待机,0,0,1
2.072,20.0,1243.0,1,1,0,IDLE,待机,0,0,1
2.092,54.0,1234.0,1,1,0,IDLE,待机,0,0,1
2.112,484.0,1230.0,1,1,0,IDLE,待机,0,0,1
2.132,19.0,1229.0,1,1,0,IDLE,待机,0,0,1
2.152,20.0,1228.0,1,1,0,IDLE,待机,0,0,1
2.172,27.0,1251.0,1,1,0,IDLE,待机,0,0,1
2.192,20.0,1243.0,1,1,0,IDLE,待机,0,0,1
2.212,21.0,1226.0,1,1,0,IDLE,待机,0,0,1
2.232,21.0,1226.0,1,1,0,IDLE,待机,0,0,1
2.253,21.0,1243.0,1,1,0,IDLE,待机,0,0,1
2.273,21.0,1228.0,1,1,0,IDLE,待机,0,0,1
2.293,20.0,1245.0,1,1,0,IDLE,待机,0,0,1
2.313,20.0,1226.0,1,1,0,IDLE,待机,0,0,1
2.333,58.0,1243.0,1,1,0,IDLE,待机,0,0,1
2.353,26.0,1212.0,1,1,0,IDLE,待机,0,0,1
2.373,18.0,1243.0,1,1,0,IDLE,待机,0,0,1
2.393,21.0,1256.0,1,1,0,IDLE,待机,0,0,1
2.413,21.0,1265.0,1,1,0,IDLE,待机,0,0,1
2.434,21.0,1244.0,1,1,0,IDLE,待机,0,0,1
2.454,21.0,1226.0,1,1,0,IDLE,待机,0,0,1
2.474,20.0,1242.0,1,1,0,IDLE,待机,0,0,1
2.494,24.0,1264.0,1,1,0,IDLE,待机,0,0,1
2.514,32.0,1265.0,1,1,0,IDLE,待机,0,0,1
2.534,21.0,1209.0,1,1,0,IDLE,待机,0,0,1
2.554,20.0,1227.0,1,1,0,IDLE,待机,0,0,1
2.574,21.0,1244.0,1,1,0,IDLE,待机,0,0,1
2.594,236.0,1244.0,1,1,0,IDLE,待机,0,0,1
2.615,19.0,1210.0,1,1,0,IDLE,待机,0,0,1
2.635,19.0,1210.0,1,1,0,IDLE,待机,0,0,1
2.655,20.0,1244.0,1,1,0,IDLE,待机,0,0,1
2.675,59.0,1209.0,1,1,0,IDLE,待机,0,0,1
2.695,20.0,1263.0,1,1,0,IDLE,待机,0,0,1
2.715,20.0,1242.0,1,1,0,IDLE,待机,0,0,1
2.735,20.0,1265.0,1,1,0,IDLE,待机,0,0,1
2.755,21.0,1241.0,1,1,0,IDLE,待机,0,0,1
2.776,21.0,1242.0,1,1,0,IDLE,待机,0,0,1
2.796,20.0,1243.0,1,1,0,IDLE,待机,0,0,1
2.816,25.0,1228.0,1,1,0,IDLE,待机,0,0,1
2.836,108.0,1224.0,1,1,0,IDLE,待机,0,0,1
2.856,21.0,1228.0,1,1,0,IDLE,待机,0,0,1
2.876,20.0,1265.0,1,1,0,IDLE,待机,0,0,1
2.896,20.0,1242.0,1,1,0,IDLE,待机,0,0,1
2.918,20.0,1227.0,1,1,0,IDLE,待机,0,0,1
2.938,21.0,1244.0,1,1,0,IDLE,待机,0,0,1
2.958,20.0,1244.0,1,1,0,IDLE,待机,0,0,1
2.978,20.0,1224.0,1,1,0,IDLE,待机,0,0,1
2.998,21.0,1227.0,1,1,0,IDLE,待机,0,0,1
3.018,21.0,1228.0,1,1,0,IDLE,待机,0,0,1
3.038,23.0,1262.0,1,1,0,IDLE,待机,0,0,1
3.058,23.0,1262.0,1,1,0,IDLE,待机,0,0,1
3.078,21.0,1227.0,1,1,0,IDLE,待机,0,0,1
3.099,19.0,1244.0,1,1,0,IDLE,待机,0,0,1
3.119,20.0,1244.0,1,1,0,IDLE,待机,0,0,1
3.139,20.0,1226.0,1,1,0,IDLE,待机,0,0,1
3.159,32.0,1227.0,1,1,0,IDLE,待机,0,0,1
3.179,20.0,1227.0,1,1,0,IDLE,待机,0,0,1
3.199,20.0,1257.0,1,1,0,IDLE,待机,0,0,1
3.219,68.0,1226.0,1,1,0,IDLE,待机,0,0,1
3.239,41.0,1244.0,1,1,0,IDLE,待机,0,0,1
3.26,20.0,1228.0,1,1,0,IDLE,待机,0,0,1
3.28,20.0,1226.0,1,1,0,IDLE,待机,0,0,1
3.3,21.0,1244.0,1,1,0,IDLE,待机,0,0,1
3.32,20.0,1244.0,1,1,0,IDLE,待机,0,0,1
3.34,20.0,1226.0,1,1,0,IDLE,待机,0,0,1
3.36,21.0,1226.0,1,1,0,IDLE,待机,0,0,1
3.38,20.0,1228.0,1,1,0,IDLE,待机,0,0,1
3.4,21.0,1228.0,1,1,0,IDLE,待机,0,0,1
3.42,21.0,1256.0,1,1,0,IDLE,待机,0,0,1
3.44,20.0,1225.0,1,1,0,IDLE,待机,0,0,1
3.461,20.0,1243.0,1,1,0,IDLE,待机,0,0,1
3.481,20.0,1243.0,1,1,0,IDLE,待机,0,0,1
3.501,20.0,1228.0,1,1,0,IDLE,待机,0,0,1
3.521,21.0,1227.0,1,1,0,IDLE,待机,0,0,1
3.541,20.0,1210.0,1,1,0,IDLE,待机,0,0,1
3.561,20.0,1244.0,1,1,0,IDLE,待机,0,0,1
3.581,19.0,1243.0,1,1,0,IDLE,待机,0,0,1
3.601,20.0,1256.0,1,1,0,IDLE,待机,0,0,1
3.621,20.0,1244.0,1,1,0,IDLE,待机,0,0,1
3.641,20.0,1244.0,1,1,0,IDLE,待机,0,0,1
3.662,20.0,1261.0,1,1,0,IDLE,待机,0,0,1
3.682,293.0,1243.0,1,1,0,IDLE,待机,0,0,1
3.702,524.0,1245.0,1,1,0,IDLE,待机,0,0,1
3.722,32.0,1244.0,1,1,0,IDLE,待机,0,0,1
3.742,21.0,1290.0,1,1,0,IDLE,待机,0,0,1
3.762,21.0,1208.0,1,1,0,IDLE,待机,0,0,1
3.782,20.0,1244.0,1,1,0,IDLE,待机,0,0,1
3.802,26.0,1228.0,1,1,0,IDLE,待机,0,0,1
3.822,20.0,1241.0,1,1,0,IDLE,待机,0,0,1
3.843,20.0,1224.0,1,1,0,IDLE,待机,0,0,1
3.863,142.0,1245.0,1,1,0,IDLE,待机,0,0,1
3.883,23.0,1244.0,1,1,0,IDLE,待机,0,0,1
3.903,108.0,1227.0,1,1,0,IDLE,待机,0,0,1
3.923,20.0,1226.0,1,1,0,IDLE,待机,0,0,1
3.943,20.0,1244.0,1,1,0,IDLE,待机,0,0,1
3.963,21.0,1228.0,1,1,0,IDLE,待机,0,0,1
3.983,20.0,1226.0,1,1,0,IDLE,待机,0,0,1
4.003,20.0,1240.0,1,1,0,IDLE,待机,0,0,1
4.023,61.0,1265.0,1,1,0,IDLE,待机,0,0,1
4.044,20.0,1244.0,1,1,0,IDLE,待机,0,0,1
4.064,24.0,1226.0,1,1,0,IDLE,待机,0,0,1
4.084,20.0,1263.0,1,1,0,IDLE,待机,0,0,1
4.104,20.0,1263.0,1,1,0,IDLE,待机,0,0,1
4.124,21.0,1227.0,1,1,0,IDLE,待机,0,0,1
4.144,20.0,1229.0,1,1,0,IDLE,待机,0,0,1
4.164,29.0,1226.0,1,1,0,IDLE,待机,0,0,1
4.184,20.0,1227.0,1,1,0,IDLE,待机,0,0,1
4.204,20.0,1212.0,1,1,0,IDLE,待机,0,0,1
4.224,20.0,1228.0,1,1,0,IDLE,待机,0,0,1
4.244,76.0,1227.0,1,1,0,IDLE,待机,0,0,1
4.265,21.0,1264.0,1,1,0,IDLE,待机,0,0,1
4.285,21.0,1228.0,1,1,0,IDLE,待机,0,0,1
4.305,93.0,1210.0,1,1,0,IDLE,待机,0,0,1
4.325,20.0,1252.0,1,1,0,IDLE,待机,0,0,1
4.345,59.0,1227.0,1,1,0,IDLE,待机,0,0,1
4.365,22.0,1244.0,1,1,0,IDLE,待机,0,0,1
4.385,20.0,1225.0,1,1,0,IDLE,待机,0,0,1
4.405,21.0,1241.0,1,1,0,IDLE,待机,0,0,1
4.425,108.0,1242.0,1,1,0,IDLE,待机,0,0,1
4.445,32.0,1228.0,1,1,0,IDLE,待机,0,0,1
4.465,21.0,1263.0,1,1,0,IDLE,待机,0,0,1
4.485,21.0,1242.0,1,1,0,IDLE,待机,0,0,1
4.506,22.0,1265.0,1,1,0,IDLE,待机,0,0,1
4.526,19.0,1244.0,1,1,0,IDLE,待机,0,0,1
4.546,20.0,1212.0,1,1,0,IDLE,待机,0,0,1
4.566,20.0,1243.0,1,1,0,IDLE,待机,0,0,1
4.586,20.0,1226.0,1,1,0,IDLE,待机,0,0,1
4.606,18.0,1212.0,1,1,0,IDLE,待机,0,0,1
4.626,31.0,1242.0,1,1,0,IDLE,待机,0,0,1
4.646,20.0,1263.0,1,1,0,IDLE,待机,0,0,1
4.666,456.0,1246.0,1,1,0,IDLE,待机,0,0,1
4.686,21.0,1244.0,1,1,0,IDLE,待机,0,0,1
4.706,20.0,1240.0,1,1,0,IDLE,待机,0,0,1
4.727,20.0,1241.0,1,1,0,IDLE,待机,0,0,1
4.747,21.0,1228.0,1,1,0,IDLE,待机,0,0,1
4.767,21.0,1228.0,1,1,0,IDLE,待机,0,0,1
4.787,21.0,1265.0,1,1,0,IDLE,待机,0,0,1
4.807,21.0,1243.0,1,1,0,IDLE,待机,0,0,1
4.827,38.0,1225.0,1,1,0,IDLE,待机,0,0,1
4.847,125.0,1213.0,1,1,0,IDLE,待机,0,0,1
4.868,20.0,1243.0,1,1,0,IDLE,待机,0,0,1
4.888,20.0,1239.0,1,1,0,IDLE,待机,0,0,1
4.908,20.0,1227.0,1,1,0,IDLE,待机,0,0,1
4.928,24.0,1265.0,1,1,0,IDLE,待机,0,0,1
4.948,20.0,1240.0,1,1,0,IDLE,待机,0,0,1
4.968,20.0,1242.0,1,1,0,IDLE,待机,0,0,1
4.988,48.0,1244.0,1,1,0,IDLE,待机,0,0,1
5.008,20.0,1229.0,1,1,0,IDLE,待机,0,0,1
5.028,21.0,1225.0,1,1,0,IDLE,待机,0,0,1
5.049,20.0,1227.0,1,1,0,IDLE,待机,0,0,1
5.069,20.0,1244.0,1,1,0,IDLE,待机,0,0,1
5.089,20.0,1239.0,1,1,0,IDLE,待机,0,0,1
5.109,30.0,1251.0,1,1,0,IDLE,待机,0,0,1
5.129,21.0,1265.0,1,1,0,IDLE,待机,0,0,1
5.149,60.0,1242.0,1,1,0,IDLE,待机,0,0,1
5.169,60.0,1242.0,1,1,0,IDLE,待机,0,0,1
5.19,20.0,1242.0,1,1,0,IDLE,待机,0,0,1
5.21,20.0,1212.0,1,1,0,IDLE,待机,0,0,1
5.23,20.0,1227.0,1,1,0,IDLE,待机,0,0,1
5.25,20.0,1264.0,1,1,0,IDLE,待机,0,0,1
5.27,137.0,1242.0,1,1,0,IDLE,待机,0,0,1
5.29,20.0,1228.0,1,1,0,IDLE,待机,0,0,1
5.31,21.0,1228.0,1,1,0,IDLE,待机,0,0,1
5.33,20.0,1227.0,1,1,0,IDLE,待机,0,0,1
5.35,20.0,1264.0,1,1,0,IDLE,待机,0,0,1
5.371,21.0,1228.0,1,1,0,IDLE,待机,0,0,1
5.391,20.0,1225.0,1,1,0,IDLE,待机,0,0,1
5.411,20.0,1263.0,1,1,0,IDLE,待机,0,0,1
5.431,20.0,1228.0,1,1,0,IDLE,待机,0,0,1
5.451,20.0,1227.0,1,1,0,IDLE,待机,0,0,1
5.471,109.0,1225.0,1,1,0,IDLE,待机,0,0,1
5.491,125.0,1227.0,1,1,0,IDLE,待机,0,0,1
5.512,22.0,1244.0,1,1,0,IDLE,待机,0,0,1
5.532,21.0,1242.0,1,1,0,IDLE,待机,0,0,1
5.552,20.0,1226.0,1,1,0,IDLE,待机,0,0,1
5.572,20.0,1226.0,1,1,0,IDLE,待机,0,0,1
5.592,20.0,1212.0,1,1,0,IDLE,待机,0,0,1
5.612,20.0,1228.0,1,1,0,IDLE,待机,0,0,1
5.632,125.0,1263.0,1,1,0,IDLE,待机,0,0,1
5.653,60.0,1243.0,1,1,0,IDLE,待机,0,0,1
5.673,124.0,1265.0,1,1,0,IDLE,待机,0,0,1
5.693,21.0,1242.0,1,1,0,IDLE,待机,0,0,1
5.713,20.0,1227.0,1,1,0,IDLE,待机,0,0,1
5.734,19.0,1244.0,1,1,0,IDLE,待机,0,0,1
5.754,59.0,1213.0,1,1,0,IDLE,待机,0,0,1
5.774,20.0,1264.0,1,1,0,IDLE,待机,0,0,1
5.794,20.0,1264.0,1,1,0,IDLE,待机,0,0,1
5.814,20.0,1228.0,1,1,0,IDLE,待机,0,0,1
5.834,20.0,1224.0,1,1,0,IDLE,待机,0,0,1
5.855,20.0,1226.0,1,1,0,IDLE,待机,0,0,1
5.875,20.0,1228.0,1,1,0,IDLE,待机,0,0,1
5.895,28.0,1228.0,1,1,0,IDLE,待机,0,0,1
5.915,107.0,1240.0,1,1,0,IDLE,待机,0,0,1
5.935,21.0,1227.0,1,1,0,IDLE,待机,0,0,1
5.955,21.0,1227.0,1,1,0,IDLE,待机,0,0,1
5.975,21.0,1228.0,1,1,0,IDLE,待机,0,0,1
5.995,20.0,1226.0,1,1,0,IDLE,待机,0,0,1
6.016,32.0,1224.0,1,1,0,IDLE,待机,0,0,1
6.036,109.0,1244.0,1,1,0,IDLE,待机,0,0,1
6.056,24.0,1226.0,1,1,0,IDLE,待机,0,0,1
6.076,20.0,1210.0,1,1,0,IDLE,待机,0,0,1
6.096,20.0,1227.0,1,1,0,IDLE,待机,0,0,1
6.116,142.0,1265.0,1,1,0,IDLE,待机,0,0,1
6.136,20.0,1210.0,1,1,0,IDLE,待机,0,0,1
6.156,20.0,1241.0,1,1,0,IDLE,待机,0,0,1
6.176,20.0,1228.0,1,1,0,IDLE,待机,0,0,1
6.197,20.0,1228.0,1,1,0,IDLE,待机,0,0,1
6.217,20.0,1243.0,1,1,0,IDLE,待机,0,0,1
6.237,124.0,1228.0,1,1,0,IDLE,待机,0,0,1
6.257,142.0,1228.0,1,1,0,IDLE,待机,0,0,1
6.277,20.0,1241.0,1,1,0,IDLE,待机,0,0,1
6.297,21.0,1227.0,1,1,0,IDLE,待机,0,0,1
6.317,20.0,1196.0,1,1,0,IDLE,待机,0,0,1
6.337,126.0,1244.0,1,1,0,IDLE,待机,0,0,1
6.357,77.0,1257.0,1,1,0,IDLE,待机,0,0,1
6.378,77.0,1257.0,1,1,0,IDLE,待机,0,0,1
6.398,22.0,1226.0,1,1,0,IDLE,待机,0,0,1
6.418,21.0,1228.0,1,1,0,IDLE,待机,0,0,1
6.438,21.0,1227.0,1,1,0,IDLE,待机,0,0,1
6.458,76.0,1226.0,1,1,0,IDLE,待机,0,0,1
6.478,20.0,1211.0,1,1,0,IDLE,待机,0,0,1
6.498,21.0,1212.0,1,1,0,IDLE,待机,0,0,1
6.518,20.0,1225.0,1,1,0,IDLE,待机,0,0,1
6.538,20.0,1194.0,1,1,0,IDLE,待机,0,0,1
6.559,20.0,1181.0,1,1,0,IDLE,待机,0,0,1
6.579,125.0,1181.0,1,1,0,IDLE,待机,0,0,1
6.599,21.0,1164.0,1,1,0,IDLE,待机,0,0,1
6.619,34.0,1149.0,1,1,0,IDLE,待机,0,0,1
6.639,21.0,1165.0,1,1,0,IDLE,待机,0,0,1
6.659,20.0,1177.0,1,1,0,IDLE,待机,0,0,1
6.679,21.0,1179.0,1,1,0,IDLE,待机,0,0,1
6.699,20.0,1165.0,1,1,0,IDLE,待机,0,0,1
6.72,20.0,1195.0,1,1,0,IDLE,待机,0,0,1
6.74,21.0,1198.0,1,1,0,IDLE,待机,0,0,1
6.76,21.0,1198.0,1,1,0,IDLE,待机,0,0,1
6.78,20.0,1196.0,1,1,0,IDLE,待机,0,0,1
6.8,20.0,1213.0,1,1,0,IDLE,待机,0,0,1
6.82,20.0,1210.0,1,1,0,IDLE,待机,0,0,1
6.84,21.0,1195.0,1,1,0,IDLE,待机,0,0,1
6.86,20.0,1244.0,1,1,0,IDLE,待机,0,0,1
6.881,27.0,1237.0,1,1,0,IDLE,待机,0,0,1
6.901,32.0,1226.0,1,1,0,IDLE,待机,0,0,1
6.921,20.0,1228.0,1,1,0,IDLE,待机,0,0,1
6.941,24.0,1196.0,1,1,0,IDLE,待机,0,0,1
6.961,20.0,1226.0,1,1,0,IDLE,待机,0,0,1
6.981,20.0,1275.0,1,1,0,IDLE,待机,0,0,1
7.001,20.0,1310.0,1,1,0,IDLE,待机,0,0,1
7.021,20.0,1296.0,1,1,0,IDLE,待机,0,0,1
7.041,20.0,1293.0,1,1,0,IDLE,待机,0,0,1
7.062,974.0,1184.0,1,1,0,IDLE,待机,0,0,1
7.082,1828.0,1488.0,1,1,0,IDLE,待机,0,0,1
7.102,1507.0,1440.0,1,1,0,IDLE,待机,0,0,1
7.122,1135.0,1421.0,1,1,0,IDLE,待机,0,0,1
7.142,1369.0,1425.0,1,1,1,HANGED,铲子悬空，停车,0,0,1
7.162,1011.0,1438.0,1,1,1,HANGED,铲子悬空，停车,0,0,1
7.182,1011.0,1438.0,1,1,1,REVERSE,铲子悬空确认，倒车收回,-400,-400,1
7.203,1086.0,1450.0,1,1,1,REVERSE,铲子悬空确认，倒车收回,-400,-400,1
7.223,1100.0,1439.0,1,1,1,REVERSE,铲子悬空确认，倒车收回,-400,-400,1
7.243,1106.0,1440.0,1,1,1,REVERSE,铲子悬空确认，倒车收回,-400,-400,1
7.263,1462.0,1438.0,1,1,1,REVERSE,铲子悬空确认，倒车收回,-400,-400,1
7.283,1104.0,1437.0,1,1,1,REVERSE,铲子悬空确认，倒车收回,-400,-400,1
7.303,1120.0,1439.0,1,1,1,REVERSE,铲子悬空确认，倒车收回,-400,-400,1
7.323,1106.0,1454.0,1,1,1,REVERSE,铲子悬空确认，倒车收回,-400,-400,1
7.343,1540.0,1436.0,1,1,1,REVERSE,铲子悬空确认，倒车收回,-400,-400,1
7.364,1446.0,1455.0,1,1,1,REVERSE,铲子悬空确认，倒车收回,-400,-400,1
7.384,1370.0,1456.0,1,1,1,REVERSE,铲子悬空确认，倒车收回,-400,-400,1
7.404,1136.0,1453.0,1,1,1,REVERSE,铲子悬空确认，倒车收回,-400,-400,1
7.424,1121.0,1465.0,1,1,1,REVERSE,铲子悬空确认，倒车收回,-400,-400,1
7.444,832.0,1453.0,1,1,1,REVERSE,铲子悬空确认，倒车收回,-400,-400,1
7.464,1056.0,1454.0,1,1,1,REVERSE,铲子悬空确认，倒车收回,-400,-400,1
7.484,833.0,1452.0,1,1,1,REVERSE,铲子悬空确认，倒车收回,-400,-400,1
7.504,700.0,1451.0,1,1,1,REVERSE,铲子悬空确认，倒车收回,-400,-400,1
7.524,830.0,1453.0,1,1,1,REVERSE,铲子悬空确认，倒车收回,-400,-400,1
7.545,1073.0,1442.0,1,1,1,REVERSE,铲子悬空确认，倒车收回,-400,-400,1
7.565,1089.0,1436.0,1,1,1,REVERSE,铲子悬空确认，倒车收回,-400,-400,1
7.585,1089.0,1436.0,1,1,1,REVERSE,铲子悬空确认，倒车收回,-400,-400,1
7.605,990.0,1437.0,1,1,1,REVERSE,铲子悬空确认，倒车收回,-400,-400,1
7.625,1088.0,1439.0,1,1,1,REVERSE,铲子悬空确认，倒车收回,-400,-400,1
7.645,1042.0,1435.0,1,1,1,REVERSE,铲子悬空确认，倒车收回,-400,-400,1
7.665,912.0,1435.0,1,1,1,REVERSE,铲子悬空确认，倒车收回,-400,-400,1
7.685,816.0,1437.0,1,1,1,REVERSE,铲子悬空确认，倒车收回,-400,-400,1
7.705,989.0,1422.0,1,1,1,REVERSE,铲子悬空确认，倒车收回,-400,-400,1
7.726,1152.0,1376.0,1,1,1,REVERSE,铲子悬空确认，倒车收回,-400,-400,1
7.746,1586.0,1440.0,1,1,1,REVERSE,铲子悬空确认，倒车收回,-400,-400,1
7.766,1104.0,1285.0,1,1,1,REVERSE,铲子悬空确认，倒车收回,-400,-400,1
7.786,20.0,1324.0,1,1,1,REVERSE,铲子悬空确认，倒车收回,-400,-400,1
7.806,21.0,1293.0,1,1,1,REVERSE,铲子悬空确认，倒车收回,-400,-400,1
7.826,20.0,1265.0,1,1,1,REVERSE,铲子悬空确认，倒车收回,-400,-400,1
7.846,20.0,1284.0,1,1,1,IDLE,铲子已收回台内,0,0,1
7.866,20.0,1242.0,1,1,0,IDLE,铲子已收回台内,0,0,1
7.886,20.0,1280.0,1,1,0,IDLE,铲子已收回台内,0,0,1
7.907,21.0,1296.0,1,1,0,IDLE,铲子已收回台内,0,0,1
7.927,352.0,1311.0,1,1,0,IDLE,铲子已收回台内,0,0,1
7.947,32.0,1324.0,1,1,0,IDLE,铲子已收回台内,0,0,1
7.967,20.0,1296.0,1,1,0,IDLE,铲子已收回台内,0,0,1
7.987,21.0,1296.0,1,1,0,IDLE,铲子已收回台内,0,0,1
8.007,21.0,1296.0,1,1,0,IDLE,铲子已收回台内,0,0,1
8.027,20.0,1278.0,1,1,0,IDLE,铲子已收回台内,0,0,1
8.047,20.0,1264.0,1,1,0,IDLE,铲子已收回台内,0,0,1
8.067,21.0,1280.0,1,1,0,IDLE,铲子已收回台内,0,0,1
8.088,20.0,1252.0,1,1,0,IDLE,铲子已收回台内,0,0,1
8.108,21.0,1277.0,1,1,0,IDLE,铲子已收回台内,0,0,1
8.128,21.0,1264.0,1,1,0,IDLE,铲子已收回台内,0,0,1
8.148,20.0,1212.0,1,1,0,IDLE,铲子已收回台内,0,0,1
8.168,20.0,1242.0,1,1,0,IDLE,铲子已收回台内,0,0,1
8.188,20.0,1240.0,1,1,0,IDLE,铲子已收回台内,0,0,1
8.208,21.0,1245.0,1,1,0,IDLE,铲子已收回台内,0,0,1
8.228,21.0,1277.0,1,1,0,IDLE,铲子已收回台内,0,0,1
8.248,91.0,1243.0,1,1,0,IDLE,铲子已收回台内,0,0,1
8.268,244.0,1265.0,1,1,0,IDLE,铲子已收回台内,0,0,1
8.289,21.0,1244.0,1,1,0,IDLE,铲子已收回台内,0,0,1
8.309,20.0,1227.0,1,1,0,IDLE,铲子已收回台内,0,0,1
8.329,20.0,1242.0,1,1,0,IDLE,铲子已收回台内,0,0,1
8.349,38.0,1265.0,1,1,0,IDLE,铲子已收回台内,0,0,1
8.369,22.0,1228.0,1,1,0,IDLE,铲子已收回台内,0,0,1
8.389,20.0,1224.0,1,1,0,IDLE,铲子已收回台内,0,0,1
8.409,20.0,1224.0,1,1,0,IDLE,铲子已收回台内,0,0,1
8.429,75.0,1228.0,1,1,0,IDLE,铲子已收回台内,0,0,1
8.45,20.0,1181.0,1,1,0,IDLE,铲子已收回台内,0,0,1
8.47,21.0,1181.0,1,1,0,IDLE,铲子已收回台内,0,0,1
8.49,47.0,1164.0,1,1,0,IDLE,铲子已收回台内,0,0,1
8.51,49.0,1148.0,1,1,0,IDLE,铲子已收回台内,0,0,1
8.53,20.0,1149.0,1,1,0,IDLE,铲子已收回台内,0,0,1
8.55,21.0,1146.0,1,1,0,IDLE,铲子已收回台内,0,0,1
8.57,19.0,1129.0,1,1,0,IDLE,铲子已收回台内,0,0,1
8.59,21.0,1133.0,1,1,0,IDLE,铲子已收回台内,0,0,1
8.61,20.0,1118.0,1,1,0,IDLE,铲子已收回台内,0,0,1
8.63,20.0,1117.0,1,1,0,IDLE,铲子已收回台内,0,0,1
8.651,21.0,1085.0,1,1,0,IDLE,铲子已收回台内,0,0,1
8.671,20.0,1196.0,1,1,0,IDLE,铲子已收回台内,0,0,1
8.691,20.0,1181.0,1,1,0,IDLE,铲子已收回台内,0,0,1
8.711,20.0,1148.0,1,1,0,IDLE,铲子已收回台内,0,0,1
8.731,1136.0,1231.0,1,1,0,IDLE,铲子已收回台内,0,0,1
8.751,1582.0,1456.0,1,1,0,IDLE,铲子已收回台内,0,0,1
8.771,1140.0,1436.0,1,1,0,IDLE,铲子已收回台内,0,0,1
8.791,1042.0,1452.0,1,1,0,IDLE,铲子已收回台内,0,0,1
8.811,588.0,1451.0,1,1,0,IDLE,铲子已收回台内,0,0,1
8.831,1386.0,1472.0,1,1,1,HANGED,铲子悬空，停车,0,0,1
8.852,1119.0,1466.0,1,1,1,HANGED,铲子悬空，停车,0,0,1
8.872,1072.0,1465.0,1,1,1,REVERSE,铲子悬空确认，倒车收回,-400,-400,1
8.892,1400.0,1470.0,1,1,1,REVERSE,铲子悬空确认，倒车收回,-400,-400,1
8.912,1661.0,1472.0,1,1,1,REVERSE,铲子悬空确认，倒车收回,-400,-400,1
8.932,754.0,1452.0,1,1,1,REVERSE,铲子悬空确认，倒车收回,-400,-400,1
8.952,1088.0,1452.0,1,1,1,REVERSE,铲子悬空确认，倒车收回,-400,-400,1
8.972,1372.0,1440.0,1,1,1,REVERSE,铲子悬空确认，倒车收回,-400,-400,1
8.992,1372.0,1440.0,1,1,1,REVERSE,铲子悬空确认，倒车收回,-400,-400,1
9.012,1616.0,1440.0,1,1,1,REVERSE,铲子悬空确认，倒车收回,-400,-400,1
9.032,1368.0,1438.0,1,1,1,REVERSE,铲子悬空确认，倒车收回,-400,-400,1
9.052,1381.0,1438.0,1,1,1,REVERSE,铲子悬空确认，倒车收回,-400,-400,1
9.073,1323.0,1455.0,1,1,1,REVERSE,铲子悬空确认，倒车收回,-400,-400,1
9.093,1230.0,1456.0,1,1,1,REVERSE,铲子悬空确认，倒车收回,-400,-400,1
9.113,700.0,1466.0,1,1,1,REVERSE,铲子悬空确认，倒车收回,-400,-400,1
9.133,1374.0,1474.0,1,1,1,REVERSE,铲子悬空确认，倒车收回,-400,-400,1
9.153,1152.0,1454.0,1,1,1,REVERSE,铲子悬空确认，倒车收回,-400,-400,1
9.173,817.0,1453.0,1,1,1,REVERSE,铲子悬空确认，倒车收回,-400,-400,1
9.193,1228.0,1480.0,1,1,1,REVERSE,铲子悬空确认，倒车收回,-400,-400,1
9.213,1130.0,1465.0,1,1,1,REVERSE,铲子悬空确认，倒车收回,-400,-400,1
9.233,1057.0,1438.0,1,1,1,REVERSE,铲子悬空确认，倒车收回,-400,-400,1
9.253,1026.0,1438.0,1,1,1,REVERSE,铲子悬空确认，倒车收回,-400,-400,1
9.273,1230.0,1437.0,1,1,1,REVERSE,铲子悬空确认，倒车收回,-400,-400,1
9.294,1260.0,1438.0,1,1,1,REVERSE,铲子悬空确认，倒车收回,-400,-400,1
9.314,1229.0,1424.0,1,1,1,REVERSE,铲子悬空确认，倒车收回,-400,-400,1
9.334,1645.0,1410.0,1,1,1,REVERSE,铲子悬空确认，倒车收回,-400,-400,1
9.354,21.0,1403.0,1,1,1,REVERSE,铲子悬空确认，倒车收回,-400,-400,1
9.374,20.0,1463.0,1,1,1,REVERSE,铲子悬空确认，倒车收回,-400,-400,1
9.394,20.0,1296.0,1,1,1,REVERSE,铲子悬空确认，倒车收回,-400,-400,1
9.414,20.0,1342.0,1,1,1,REVERSE,铲子悬空确认，倒车收回,-400,-400,1
9.434,21.0,1294.0,1,1,0,REVERSE,铲子悬空确认，倒车收回,-400,-400,1
9.454,20.0,1309.0,1,1,0,REVERSE,铲子悬空确认，倒车收回,-400,-400,1
9.475,20.0,1280.0,1,1,0,IDLE,铲子已收回台内,0,0,1
9.495,20.0,1324.0,1,1,0,IDLE,铲子已收回台内,0,0,1
9.515,20.0,1300.0,1,1,0,IDLE,铲子已收回台内,0,0,1
9.535,21.0,1310.0,1,1,0,IDLE,铲子已收回台内,0,0,1
9.555,20.0,1310.0,1,1,0,IDLE,铲子已收回台内,0,0,1
9.575,23.0,1323.0,1,1,0,IDLE,铲子已收回台内,0,0,1
9.595,21.0,1306.0,1,1,0,IDLE,铲子已收回台内,0,0,1
9.615,20.0,1295.0,1,1,0,IDLE,铲子已收回台内,0,0,1
9.635,20.0,1280.0,1,1,0,IDLE,铲子已收回台内,0,0,1
9.655,207.0,1294.0,1,1,0,IDLE,铲子已收回台内,0,0,1
9.676,20.0,1277.0,1,1,0,IDLE,铲子已收回台内,0,0,1
9.696,20.0,1277.0,1,1,0,IDLE,铲子已收回台内,0,0,1
9.716,19.0,1280.0,1,1,0,IDLE,铲子已收回台内,0,0,1
9.736,32.0,1280.0,1,1,0,IDLE,铲子已收回台内,0,0,1
9.756,59.0,1263.0,1,1,0,IDLE,铲子已收回台内,0,0,1
9.776,20.0,1263.0,1,1,0,IDLE,铲子已收回台内,0,0,1
9.796,21.0,1243.0,1,1,0,IDLE,铲子已收回台内,0,0,1
9.816,47.0,1244.0,1,1,0,IDLE,铲子已收回台内,0,0,1
9.836,20.0,1242.0,1,1,0,IDLE,铲子已收回台内,0,0,1
9.857,21.0,1252.0,1,1,0,IDLE,铲子已收回台内,0,0,1
9.877,573.0,1230.0,1,1,0,IDLE,铲子已收回台内,0,0,1
9.897,58.0,1244.0,1,1,0,IDLE,铲子已收回台内,0,0,1
9.917,21.0,1251.0,1,1,0,IDLE,铲子已收回台内,0,0,1
9.937,20.0,1226.0,1,1,0,IDLE,铲子已收回台内,0,0,1
9.957,20.0,1228.0,1,1,0,IDLE,铲子已收回台内,0,0,1
9.977,21.0,1210.0,1,1,0,IDLE,铲子已收回台内,0,0,1
9.997,31.0,1180.0,1,1,0,IDLE,铲子已收回台内,0,0,1
10.017,20.0,1086.0,1,1,0,IDLE,铲子已收回台内,0,0,1
10.037,20.0,1133.0,1,1,0,IDLE,铲子已收回台内,0,0,1
10.058,30.0,1117.0,1,1,0,IDLE,铲子已收回台内,0,0,1
10.078,21.0,1115.0,1,1,0,IDLE,铲子已收回台内,0,0,1
10.098,22.0,1134.0,1,1,0,IDLE,铲子已收回台内,0,0,1
10.118,20.0,1146.0,1,1,0,IDLE,铲子已收回台内,0,0,1
10.138,20.0,1146.0,1,1,0,IDLE,铲子已收回台内,0,0,1
10.158,20.0,1147.0,1,1,0,IDLE,铲子已收回台内,0,0,1
10.178,33.0,1137.0,1,1,0,IDLE,铲子已收回台内,0,0,1
10.198,20.0,1102.0,1,1,0,IDLE,铲子已收回台内,0,0,1
10.219,20.0,1163.0,1,1,0,IDLE,铲子已收回台内,0,0,1
10.239,19.0,1177.0,1,1,0,IDLE,铲子已收回台内,0,0,1
10.259,20.0,1264.0,1,1,0,IDLE,铲子已收回台内,0,0,1
10.279,21.0,1466.0,1,1,0,IDLE,铲子已收回台内,0,0,1
10.299,19.0,1461.0,1,1,0,IDLE,铲子已收回台内,0,0,1
10.319,1886.0,1410.0,1,1,0,IDLE,铲子已收回台内,0,0,1
10.339,1073.0,1440.0,1,1,0,IDLE,铲子已收回台内,0,0,1
10.359,1074.0,1437.0,1,1,0,IDLE,铲子已收回台内,0,0,1
10.38,1040.0,1453.0,1,1,0,IDLE,铲子已收回台内,0,0,1
10.4,1026.0,1453.0,1,1,1,HANGED,铲子悬空，停车,0,0,1
10.42,1355.0,1456.0,1,1,1,HANGED,铲子悬空，停车,0,0,1
10.44,1199.0,1466.0,1,1,1,REVERSE,铲子悬空确认，倒车收回,-400,-400,1
10.46,1244.0,1453.0,1,1,1,REVERSE,铲子悬空确认，倒车收回,-400,-400,1
10.48,1088.0,1439.0,1,1,1,REVERSE,铲子悬空确认，倒车收回,-400,-400,1
10.5,1354.0,1454.0,1,1,1,REVERSE,铲子悬空确认，倒车收回,-400,-400,1
10.52,1074.0,1437.0,1,1,1,REVERSE,铲子悬空确认，倒车收回,-400,-400,1
10.54,1309.0,1440.0,1,1,1,REVERSE,铲子悬空确认，倒车收回,-400,-400,1
10.56,1347.0,1441.0,1,1,1,REVERSE,铲子悬空确认，倒车收回,-400,-400,1
10.581,1347.0,1441.0,1,1,1,REVERSE,铲子悬空确认，倒车收回,-400,-400,1
10.601,1091.0,1434.0,1,1,1,REVERSE,铲子悬空确认，倒车收回,-400,-400,1
10.621,1355.0,1438.0,1,1,1,REVERSE,铲子悬空确认，倒车收回,-400,-400,1
10.641,1369.0,1440.0,1,1,1,REVERSE,铲子悬空确认，倒车收回,-400,-400,1
10.661,1700.0,1440.0,1,1,1,REVERSE,铲子悬空确认，倒车收回,-400,-400,1
10.681,1184.0,1437.0,1,1,1,REVERSE,铲子悬空确认，倒车收回,-400,-400,1
10.701,1182.0,1438.0,1,1,1,REVERSE,铲子悬空确认，倒车收回,-400,-400,1
10.721,925.0,1453.0,1,1,1,REVERSE,铲子悬空确认，倒车收回,-400,-400,1
10.741,1322.0,1467.0,1,1,1,REVERSE,铲子悬空确认，倒车收回,-400,-400,1
10.762,1074.0,1452.0,1,1,1,REVERSE,铲子悬空确认，倒车收回,-400,-400,1
10.782,1308.0,1438.0,1,1,1,REVERSE,铲子悬空确认，倒车收回,-400,-400,1
10.802,1260.0,1440.0,1,1,1,REVERSE,铲子悬空确认，倒车收回,-400,-400,1
10.822,769.0,1430.0,1,1,1,REVERSE,铲子悬空确认，倒车收回,-400,-400,1
10.842,685.0,1421.0,1,1,1,REVERSE,铲子悬空确认，倒车收回,-400,-400,1
10.862,1462.0,1440.0,1,1,1,REVERSE,铲子悬空确认，倒车收回,-400,-400,1
10.882,1598.0,1420.0,1,1,1,REVERSE,铲子悬空确认，倒车收回,-400,-400,1
10.902,1088.0,1376.0,1,1,1,REVERSE,铲子悬空确认，倒车收回,-400,-400,1
10.922,20.0,1635.0,1,1,1,REVERSE,铲子悬空确认，倒车收回,-400,-400,1
10.943,62.0,1342.0,1,1,1,REVERSE,铲子悬空确认，倒车收回,-400,-400,1
10.963,23.0,1308.0,1,1,1,REVERSE,铲子悬空确认，倒车收回,-400,-400,1
10.983,23.0,1308.0,1,1,1,REVERSE,铲子悬空确认，倒车收回,-400,-400,1
11.003,20.0,1309.0,1,1,0,REVERSE,铲子悬空确认，倒车收回,-400,-400,1
11.023,20.0,1264.0,1,1,0,IDLE,铲子已收回台内,0,0,1
11.043,20.0,1243.0,1,1,0,IDLE,铲子已收回台内,0,0,1
11.063,75.0,1292.0,1,1,0,IDLE,铲子已收回台内,0,0,1
11.083,20.0,1264.0,1,1,0,IDLE,铲子已收回台内,0,0,1
11.103,60.0,1312.0,1,1,0,IDLE,铲子已收回台内,0,0,1
11.124,53.0,1310.0,1,1,0,IDLE,铲子已收回台内,0,0,1
11.144,20.0,1290.0,1,1,0,IDLE,铲子已收回台内,0,0,1
11.164,20.0,1265.0,1,1,0,IDLE,铲子已收回台内,0,0,1
11.184,20.0,1241.0,1,1,0,IDLE,铲子已收回台内,0,0,1
11.204,20.0,1262.0,1,1,0,IDLE,铲子已收回台内,0,0,1
11.224,21.0,1264.0,1,1,0,IDLE,铲子已收回台内,0,0,1
11.244,20.0,1243.0,1,1,0,IDLE,铲子已收回台内,0,0,1
11.264,20.0,1242.0,1,1,0,IDLE,铲子已收回台内,0,0,1
11.285,21.0,1223.0,1,1,0,IDLE,铲子已收回台内,0,0,1
11.305,31.0,1244.0,1,1,0,IDLE,铲子已收回台内,0,0,1
11.325,21.0,1244.0,1,1,0,IDLE,铲子已收回台内,0,0,1
11.345,20.0,1226.0,1,1,0,IDLE,铲子已收回台内,0,0,1
11.365,20.0,1243.0,1,1,0,IDLE,铲子已收回台内,0,0,1
11.385,46.0,1228.0,1,1,0,IDLE,铲子已收回台内,0,0,1
11.405,440.0,1230.0,1,1,0,IDLE,铲子已收回台内,0,0,1
11.425,440.0,1230.0,1,1,0,IDLE,铲子已收回台内,0,0,1
11.445,47.0,1240.0,1,1,0,IDLE,铲子已收回台内,0,0,1
11.466,20.0,1205.0,1,1,0,IDLE,铲子已收回台内,0,0,1
11.486,20.0,1212.0,1,1,0,IDLE,铲子已收回台内,0,0,1
11.506,20.0,1179.0,1,1,0,IDLE,铲子已收回台内,0,0,1
11.526,38.0,1211.0,1,1,0,IDLE,铲子已收回台内,0,0,1
11.546,20.0,1211.0,1,1,0,IDLE,铲子已收回台内,0,0,1
11.566,28.0,1212.0,1,1,0,IDLE,铲子已收回台内,0,0,1
11.586,20.0,1207.0,1,1,0,IDLE,铲子已收回台内,0,0,1
11.606,20.0,1227.0,1,1,0,IDLE,铲子已收回台内,0,0,1
11.626,20.0,1180.0,1,1,0,IDLE,铲子已收回台内,0,0,1
11.647,21.0,1195.0,1,1,0,IDLE,铲子已收回台内,0,0,1
11.667,59.0,1161.0,1,1,0,IDLE,铲子已收回台内,0,0,1
11.687,20.0,1227.0,1,1,0,IDLE,铲子已收回台内,0,0,1
11.707,321.0,1229.0,1,1,0,IDLE,铲子已收回台内,0,0,1
11.727,20.0,1262.0,1,1,0,IDLE,铲子已收回台内,0,0,1
11.747,20.0,1278.0,1,1,0,IDLE,铲子已收回台内,0,0,1
11.767,20.0,1228.0,1,1,0,IDLE,铲子已收回台内,0,0,1
11.787,25.0,1242.0,1,1,0,IDLE,铲子已收回台内,0,0,1
11.807,21.0,1263.0,1,1,0,IDLE,铲子已收回台内,0,0,1
11.827,21.0,1263.0,1,1,0,IDLE,铲子已收回台内,0,0,1
11.848,21.0,1244.0,1,1,0,IDLE,铲子已收回台内,0,0,1
11.868,20.0,1296.0,1,1,0,IDLE,铲子已收回台内,0,0,1
11.888,20.0,1276.0,1,1,0,IDLE,铲子已收回台内,0,0,1
11.908,21.0,1294.0,1,1,0,IDLE,铲子已收回台内,0,0,1
11.928,175.0,1296.0,1,1,0,IDLE,铲子已收回台内,0,0,1
11.948,21.0,1265.0,1,1,0,IDLE,铲子已收回台内,0,0,1
11.968,21.0,1260.0,1,1,0,IDLE,铲子已收回台内,0,0,1
11.988,21.0,1295.0,1,1,0,IDLE,铲子已收回台内,0,0,1
12.009,47.0,1358.0,1,1,0,IDLE,铲子已收回台内,0,0,1
12.029,20.0,1387.0,1,1,0,IDLE,铲子已收回台内,0,0,1
12.049,103.0,1372.0,1,1,0,IDLE,铲子已收回台内,0,0,1
12.069,20.0,1325.0,1,1,0,IDLE,铲子已收回台内,0,0,1
12.09,20.0,1323.0,1,1,0,IDLE,铲子已收回台内,0,0,1
12.11,21.0,1280.0,1,1,0,IDLE,铲子已收回台内,0,0,1
12.13,20.0,1310.0,1,1,0,IDLE,铲子已收回台内,0,0,1
12.15,20.0,1296.0,1,1,0,IDLE,铲子已收回台内,0,0,1
12.17,20.0,1322.0,1,1,0,IDLE,铲子已收回台内,0,0,1
12.19,20.0,1278.0,1,1,0,IDLE,铲子已收回台内,0,0,1
12.21,21.0,1296.0,1,1,0,IDLE,铲子已收回台内,0,0,1
12.23,20.0,1340.0,1,1,0,IDLE,铲子已收回台内,0,0,1
12.251,20.0,1340.0,1,1,0,IDLE,铲子已收回台内,0,0,1
12.271,32.0,1387.0,1,1,0,IDLE,铲子已收回台内,0,0,1
12.291,21.0,1357.0,1,1,0,IDLE,铲子已收回台内,0,0,1
12.311,20.0,1357.0,1,1,0,IDLE,铲子已收回台内,0,0,1
12.331,38.0,1364.0,1,1,0,IDLE,铲子已收回台内,0,0,1
12.351,20.0,1340.0,1,1,0,IDLE,铲子已收回台内,0,0,1
12.371,20.0,1342.0,1,1,0,IDLE,铲子已收回台内,0,0,1
12.391,20.0,1342.0,1,1,0,IDLE,铲子已收回台内,0,0,1
12.411,20.0,1339.0,1,1,0,IDLE,铲子已收回台内,0,0,1
12.431,21.0,1340.0,1,1,0,IDLE,铲子已收回台内,0,0,1
12.452,20.0,1326.0,1,1,0,IDLE,铲子已收回台内,0,0,1
12.472,20.0,1300.0,1,1,0,IDLE,铲子已收回台内,0,0,1
12.492,20.0,1309.0,1,1,0,IDLE,铲子已收回台内,0,0,1
12.512,20.0,1296.0,1,1,0,IDLE,铲子已收回台内,0,0,1
12.532,19.0,1296.0,1,1,0,IDLE,铲子已收回台内,0,0,1
12.552,20.0,1280.0,1,1,0,IDLE,铲子已收回台内,0,0,1
12.572,20.0,1292.0,1,1,0,IDLE,铲子已收回台内,0,0,1
12.592,20.0,1212.0,1,1,0,IDLE,铲子已收回台内,0,0,1
12.612,21.0,1228.0,1,1,0,IDLE,铲子已收回台内,0,0,1
12.633,20.0,1210.0,1,1,0,IDLE,铲子已收回台内,0,0,1
12.653,20.0,1211.0,1,1,0,IDLE,铲子已收回台内,0,0,1
12.673,21.0,1244.0,1,1,0,IDLE,铲子已收回台内,0,0,1
12.693,21.0,1244.0,1,1,0,IDLE,铲子已收回台内,0,0,1
12.713,35.0,1227.0,1,1,0,IDLE,铲子已收回台内,0,0,1
12.733,20.0,1224.0,1,1,0,IDLE,铲子已收回台内,0,0,1
12.753,20.0,1228.0,1,1,0,IDLE,铲子已收回台内,0,0,1
12.773,21.0,1197.0,1,1,0,IDLE,铲子已收回台内,0,0,1
12.794,20.0,1215.0,1,1,0,IDLE,铲子已收回台内,0,0,1
12.814,20.0,1196.0,1,1,0,IDLE,铲子已收回台内,0,0,1
12.834,20.0,1164.0,1,1,0,IDLE,铲子已收回台内,0,0,1
12.854,19.0,1148.0,1,1,0,IDLE,铲子已收回台内,0,0,1
12.874,20.0,1114.0,1,1,0,IDLE,铲子已收回台内,0,0,1
12.894,21.0,1103.0,1,1,0,IDLE,铲子已收回台内,0,0,1
12.914,22.0,1102.0,1,1,0,IDLE,铲子已收回台内,0,0,1
12.934,20.0,1085.0,1,1,0,IDLE,铲子已收回台内,0,0,1
12.954,20.0,1116.0,1,1,0,IDLE,铲子已收回台内,0,0,1
12.974,24.0,1134.0,1,1,0,IDLE,铲子已收回台内,0,0,1
12.995,21.0,1086.0,1,1,0,IDLE,铲子已收回台内,0,0,1
13.015,20.0,1084.0,1,1,0,IDLE,铲子已收回台内,0,0,1
13.035,20.0,1118.0,1,1,0,IDLE,铲子已收回台内,0,0,1
13.055,20.0,1083.0,1,1,0,IDLE,铲子已收回台内,0,0,1
13.075,32.0,1117.0,1,1,0,IDLE,铲子已收回台内,0,0,1
13.095,21.0,1084.0,1,1,0,IDLE,铲子已收回台内,0,0,1
13.116,21.0,1084.0,1,1,0,IDLE,铲子已收回台内,0,0,1
13.136,20.0,1119.0,1,1,0,IDLE,铲子已收回台内,0,0,1
13.156,20.0,1116.0,1,1,0,IDLE,铲子已收回台内,0,0,1
13.176,32.0,1098.0,1,1,0,IDLE,铲子已收回台内,0,0,1
13.196,20.0,1102.0,1,1,0,IDLE,铲子已收回台内,0,0,1
13.216,20.0,1101.0,1,1,0,IDLE,铲子已收回台内,0,0,1
13.236,20.0,1115.0,1,1,0,IDLE,铲子已收回台内,0,0,1
13.257,20.0,1147.0,1,1,0,IDLE,铲子已收回台内,0,0,1
13.277,20.0,1149.0,1,1,0,IDLE,铲子已收回台内,0,0,1
13.297,20.0,1181.0,1,1,0,IDLE,铲子已收回台内,0,0,1
13.317,28.0,1116.0,1,1,0,IDLE,铲子已收回台内,0,0,1
13.337,21.0,1149.0,1,1,0,IDLE,铲子已收回台内,0,0,1
13.357,20.0,1197.0,1,1,0,IDLE,铲子已收回台内,0,0,1
13.377,20.0,1208.0,1,1,0,IDLE,铲子已收回台内,0,0,1
13.397,19.0,1194.0,1,1,0,IDLE,铲子已收回台内,0,0,1
13.418,20.0,1149.0,1,1,0,IDLE,铲子已收回台内,0,0,1
13.438,20.0,1165.0,1,1,0,IDLE,铲子已收回台内,0,0,1
13.458,20.0,1192.0,1,1,0,IDLE,铲子已收回台内,0,0,1
13.478,20.0,1193.0,1,1,0,IDLE,铲子已收回台内,0,0,1
13.498,21.0,1196.0,1,1,0,IDLE,铲子已收回台内,0,0,1
13.518,21.0,1212.0,1,1,0,IDLE,铲子已收回台内,0,0,1
13.538,20.0,1243.0,1,1,0,IDLE,铲子已收回台内,0,0,1
13.558,20.0,1195.0,1,1,0,IDLE,铲子已收回台内,0,0,1
13.578,20.0,1195.0,1,1,0,IDLE,铲子已收回台内,0,0,1
13.598,20.0,1227.0,1,1,0,IDLE,铲子已收回台内,0,0,1
13.618,20.0,1277.0,1,1,0,IDLE,铲子已收回台内,0,0,1
13.639,260.0,1228.0,1,1,0,IDLE,铲子已收回台内,0,0,1
13.659,1844.0,1172.0,1,1,0,IDLE,铲子已收回台内,0,0,1
13.679,1614.0,1425.0,1,1,0,IDLE,铲子已收回台内,0,0,1
13.699,1827.0,1422.0,1,1,0,IDLE,铲子已收回台内,0,0,1
13.719,1601.0,1422.0,1,1,0,IDLE,铲子已收回台内,0,0,1
13.739,1690.0,1426.0,1,1,1,HANGED,铲子悬空，停车,0,0,1
13.759,1600.0,1425.0,1,1,1,HANGED,铲子悬空，停车,0,0,1
13.779,1705.0,1424.0,1,1,1,REVERSE,铲子悬空确认，倒车收回,-400,-400,1
13.8,2054.0,1425.0,1,1,1,REVERSE,铲子悬空确认，倒车收回,-400,-400,1
13.82,1630.0,1441.0,1,1,1,REVERSE,铲子悬空确认，倒车收回,-400,-400,1
13.84,1626.0,1442.0,1,1,1,REVERSE,铲子悬空确认，倒车收回,-400,-400,1
13.86,1705.0,1440.0,1,1,1,REVERSE,铲子悬空确认，倒车收回,-400,-400,1
13.88,1629.0,1440.0,1,1,1,REVERSE,铲子悬空确认，倒车收回,-400,-400,1
13.9,1616.0,1425.0,1,1,1,REVERSE,铲子悬空确认，倒车收回,-400,-400,1
13.92,1616.0,1426.0,1,1,1,REVERSE,铲子悬空确认，倒车收回,-400,-400,1
13.94,1856.0,1438.0,1,1,1,REVERSE,铲子悬空确认，倒车收回,-400,-400,1
13.96,1828.0,1422.0,1,1,1,REVERSE,铲子悬空确认，倒车收回,-400,-400,1
13.98,1843.0,1442.0,1,1,1,REVERSE,铲子悬空确认，倒车收回,-400,-400,1
14.0,1616.0,1441.0,1,1,1,REVERSE,铲子悬空确认，倒车收回,-400,-400,1
14.021,1827.0,1438.0,1,1,1,REVERSE,铲子悬空确认，倒车收回,-400,-400,1
14.041,1613.0,1437.0,1,1,1,REVERSE,铲子悬空确认，倒车收回,-400,-400,1
14.061,1888.0,1442.0,1,1,1,REVERSE,铲子悬空确认，倒车收回,-400,-400,1
14.081,1615.0,1426.0,1,1,1,REVERSE,铲子悬空确认，倒车收回,-400,-400,1
14.101,1613.0,1424.0,1,1,1,REVERSE,铲子悬空确认，倒车收回,-400,-400,1
14.121,2018.0,1426.0,1,1,1,REVERSE,铲子悬空确认，倒车收回,-400,-400,1
14.141,1600.0,1425.0,1,1,1,REVERSE,铲子悬空确认，倒车收回,-400,-400,1
14.161,1600.0,1425.0,1,1,1,REVERSE,铲子悬空确认，倒车收回,-400,-400,1
14.181,2054.0,1422.0,1,1,1,REVERSE,铲子悬空确认，倒车收回,-400,-400,1
14.201,1612.0,1424.0,1,1,1,REVERSE,铲子悬空确认，倒车收回,-400,-400,1
14.222,1813.0,1426.0,1,1,1,REVERSE,铲子悬空确认，倒车收回,-400,-400,1
14.242,1740.0,1427.0,1,1,1,REVERSE,铲子悬空确认，倒车收回,-400,-400,1
14.262,1586.0,1269.0,1,1,1,REVERSE,铲子悬空确认，倒车收回,-400,-400,1
14.282,1613.0,1376.0,1,1,1,REVERSE,铲子悬空确认，倒车收回,-400,-400,1
14.302,58.0,1341.0,1,1,1,REVERSE,铲子悬空确认，倒车收回,-400,-400,1
14.322,20.0,1327.0,1,1,1,REVERSE,铲子悬空确认，倒车收回,-400,-400,1
14.343,20.0,1324.0,1,1,1,REVERSE,铲子悬空确认，倒车收回,-400,-400,1
14.363,20.0,1326.0,1,1,1,REVERSE,铲子悬空确认，倒车收回,-400,-400,1
14.383,20.0,1310.0,1,1,0,IDLE,铲子已收回台内,0,0,1
14.403,19.0,1280.0,1,1,0,IDLE,铲子已收回台内,0,0,1
14.423,20.0,1279.0,1,1,0,IDLE,铲子已收回台内,0,0,1
14.443,20.0,1244.0,1,1,0,IDLE,铲子已收回台内,0,0,1
14.463,20.0,1264.0,1,1,0,IDLE,铲子已收回台内,0,0,1
14.483,20.0,1256.0,1,1,0,IDLE,铲子已收回台内,0,0,1
14.503,28.0,1244.0,1,1,0,IDLE,铲子已收回台内,0,0,1
14.524,20.0,1296.0,1,1,0,IDLE,铲子已收回台内,0,0,1
14.544,20.0,1264.0,1,1,0,IDLE,铲子已收回台内,0,0,1
14.564,19.0,1251.0,1,1,0,IDLE,铲子已收回台内,0,0,1
14.584,19.0,1251.0,1,1,0,IDLE,铲子已收回台内,0,0,1
14.604,20.0,1265.0,1,1,0,IDLE,铲子已收回台内,0,0,1
14.624,20.0,1277.0,1,1,0,IDLE,铲子已收回台内,0,0,1
14.644,21.0,1243.0,1,1,0,IDLE,铲子已收回台内,0,0,1
14.664,20.0,1211.0,1,1,0,IDLE,铲子已收回台内,0,0,1
14.685,20.0,1228.0,1,1,0,IDLE,铲子已收回台内,0,0,1
14.705,20.0,1227.0,1,1,0,IDLE,铲子已收回台内,0,0,1
14.725,20.0,1176.0,1,1,0,IDLE,铲子已收回台内,0,0,1
14.745,20.0,1181.0,1,1,0,IDLE,铲子已收回台内,0,0,1
14.765,19.0,1165.0,1,1,0,IDLE,铲子已收回台内,0,0,1
14.785,20.0,1132.0,1,1,0,IDLE,铲子已收回台内,0,0,1
14.805,20.0,1133.0,1,1,0,IDLE,铲子已收回台内,0,0,1
14.825,20.0,1103.0,1,1,0,IDLE,铲子已收回台内,0,0,1
14.845,32.0,1101.0,1,1,0,IDLE,铲子已收回台内,0,0,1
14.866,20.0,1084.0,1,1,0,IDLE,铲子已收回台内,0,0,1
14.886,21.0,1165.0,1,1,0,IDLE,铲子已收回台内,0,0,1
14.906,23.0,1177.0,1,1,0,IDLE,铲子已收回台内,0,0,1
14.926,21.0,1163.0,1,1,0,IDLE,铲子已收回台内,0,0,1
14.946,20.0,1180.0,1,1,0,IDLE,铲子已收回台内,0,0,1
14.966,20.0,1180.0,1,1,0,IDLE,铲子已收回台内,0,0,1
14.986,20.0,1265.0,1,1,0,IDLE,铲子已收回台内,0,0,1
15.006,21.0,1195.0,1,1,0,IDLE,铲子已收回台内,0,0,1
15.027,20.0,1280.0,1,1,0,IDLE,铲子已收回台内,0,0,1
15.047,19.0,1419.0,1,1,0,IDLE,铲子已收回台内,0,0,1
15.067,20.0,1419.0,1,1,0,IDLE,铲子已收回台内,0,0,1
15.087,20.0,1416.0,1,1,0,IDLE,铲子已收回台内,0,0,1
15.107,1783.0,1425.0,1,1,0,IDLE,铲子已收回台内,0,0,1
15.127,1813.0,1426.0,1,1,0,IDLE,铲子已收回台内,0,0,1
15.147,1931.0,1425.0,1,1,0,IDLE,铲子已收回台内,0,0,1
15.168,1608.0,1424.0,1,1,0,IDLE,铲子已收回台内,0,0,1
15.188,1615.0,1425.0,1,1,1,HANGED,铲子悬空，停车,0,0,1
15.208,1599.0,1426.0,1,1,1,HANGED,铲子悬空，停车,0,0,1
15.228,1600.0,1421.0,1,1,1,REVERSE,铲子悬空确认，倒车收回,-400,-400,1
15.248,1826.0,1424.0,1,1,1,REVERSE,铲子悬空确认，倒车收回,-400,-400,1
15.268,1600.0,1426.0,1,1,1,REVERSE,铲子悬空确认，倒车收回,-400,-400,1
15.289,1813.0,1424.0,1,1,1,REVERSE,铲子悬空确认，倒车收回,-400,-400,1
15.309,1812.0,1437.0,1,1,1,REVERSE,铲子悬空确认，倒车收回,-400,-400,1
15.329,1610.0,1425.0,1,1,1,REVERSE,铲子悬空确认，倒车收回,-400,-400,1
15.349,2037.0,1427.0,1,1,1,REVERSE,铲子悬空确认，倒车收回,-400,-400,1
15.369,1721.0,1424.0,1,1,1,REVERSE,铲子悬空确认，倒车收回,-400,-400,1
15.389,1721.0,1424.0,1,1,1,REVERSE,铲子悬空确认，倒车收回,-400,-400,1
15.409,1599.0,1424.0,1,1,1,REVERSE,铲子悬空确认，倒车收回,-400,-400,1
15.429,1599.0,1425.0,1,1,1,REVERSE,铲子悬空确认，倒车收回,-400,-400,1
15.45,1601.0,1425.0,1,1,1,REVERSE,铲子悬空确认，倒车收回,-400,-400,1
15.47,1828.0,1423.0,1,1,1,REVERSE,铲子悬空确认，倒车收回,-400,-400,1
15.49,1641.0,1425.0,1,1,1,REVERSE,铲子悬空确认，倒车收回,-400,-400,1
15.51,1616.0,1426.0,1,1,1,REVERSE,铲子悬空确认，倒车收回,-400,-400,1
15.53,1829.0,1438.0,1,1,1,REVERSE,铲子悬空确认，倒车收回,-400,-400,1
15.55,1674.0,1440.0,1,1,1,REVERSE,铲子悬空确认，倒车收回,-400,-400,1
15.57,1598.0,1426.0,1,1,1,REVERSE,铲子悬空确认，倒车收回,-400,-400,1
15.59,1720.0,1423.0,1,1,1,REVERSE,铲子悬空确认，倒车收回,-400,-400,1
15.61,1722.0,1424.0,1,1,1,REVERSE,铲子悬空确认，倒车收回,-400,-400,1
15.63,1812.0,1425.0,1,1,1,REVERSE,铲子悬空确认，倒车收回,-400,-400,1
15.651,1826.0,1426.0,1,1,1,REVERSE,铲子悬空确认，倒车收回,-400,-400,1
15.671,20.0,1416.0,1,1,1,REVERSE,铲子悬空确认，倒车收回,-400,-400,1
15.691,20.0,1195.0,1,1,1,REVERSE,铲子悬空确认，倒车收回,-400,-400,1
15.711,19.0,1312.0,1,1,1,REVERSE,铲子悬空确认，倒车收回,-400,-400,1
15.731,20.0,1280.0,1,1,1,REVERSE,铲子悬空确认，倒车收回,-400,-400,1
15.751,20.0,1308.0,1,1,0,REVERSE,铲子悬空确认，倒车收回,-400,-400,1
15.772,19.0,1310.0,1,1,0,IDLE,铲子已收回台内,0,0,1
15.792,20.0,1296.0,1,1,0,IDLE,铲子已收回台内,0,0,1
15.812,20.0,1296.0,1,1,0,IDLE,铲子已收回台内,0,0,1
15.832,29.0,1325.0,1,1,0,IDLE,铲子已收回台内,0,0,1
15.852,20.0,1325.0,1,1,0,IDLE,铲子已收回台内,0,0,1
15.872,21.0,1357.0,1,1,0,IDLE,铲子已收回台内,0,0,1
15.892,32.0,1358.0,1,1,0,IDLE,铲子已收回台内,0,0,1
15.913,20.0,1338.0,1,1,0,IDLE,铲子已收回台内,0,0,1
15.933,20.0,1308.0,1,1,0,IDLE,铲子已收回台内,0,0,1
15.953,20.0,1326.0,1,1,0,IDLE,铲子已收回台内,0,0,1
15.973,20.0,1324.0,1,1,0,IDLE,铲子已收回台内,0,0,1
15.993,20.0,1310.0,1,1,0,IDLE,铲子已收回台内,0,0,1
16.013,19.0,1311.0,1,1,0,IDLE,铲子已收回台内,0,0,1
16.033,20.0,1264.0,1,1,0,IDLE,铲子已收回台内,0,0,1
16.053,30.0,1256.0,1,1,0,IDLE,铲子已收回台内,0,0,1
16.074,21.0,1211.0,1,1,0,IDLE,铲子已收回台内,0,0,1
16.094,20.0,1264.0,1,1,0,IDLE,铲子已收回台内,0,0,1
16.114,20.0,1243.0,1,1,0,IDLE,铲子已收回台内,0,0,1
16.134,30.0,1241.0,1,1,0,IDLE,铲子已收回台内,0,0,1
16.154,19.0,1243.0,1,1,0,IDLE,铲子已收回台内,0,0,1
16.174,20.0,1265.0,1,1,0,IDLE,铲子已收回台内,0,0,1
16.194,19.0,1295.0,1,1,0,IDLE,铲子已收回台内,0,0,1
16.214,20.0,1308.0,1,1,0,IDLE,铲子已收回台内,0,0,1
16.235,20.0,1308.0,1,1,0,IDLE,铲子已收回台内,0,0,1
16.255,19.0,1296.0,1,1,0,IDLE,铲子已收回台内,0,0,1
16.275,800.0,1230.0,1,1,0,IDLE,铲子已收回台内,0,0,1
16.296,1841.0,1422.0,1,1,0,IDLE,铲子已收回台内,0,0,1
16.316,1629.0,1425.0,1,1,0,IDLE,铲子已收回台内,0,0,1
16.336,1979.0,1428.0,1,1,0,IDLE,铲子已收回台内,0,0,1
16.356,1601.0,1425.0,1,1,1,HANGED,铲子悬空，停车,0,0,1
16.376,1958.0,1424.0,1,1,1,HANGED,铲子悬空，停车,0,0,1
16.396,1870.0,1441.0,1,1,1,REVERSE,铲子悬空确认，倒车收回,-400,-400,1
16.416,1828.0,1442.0,1,1,1,REVERSE,铲子悬空确认，倒车收回,-400,-400,1
16.436,1616.0,1453.0,1,1,1,REVERSE,铲子悬空确认，倒车收回,-400,-400,1
16.457,1629.0,1425.0,1,1,1,REVERSE,铲子悬空确认，倒车收回,-400,-400,1
16.477,1629.0,1425.0,1,1,1,REVERSE,铲子悬空确认，倒车收回,-400,-400,1
16.497,1646.0,1424.0,1,1,1,REVERSE,铲子悬空确认，倒车收回,-400,-400,1
16.517,1843.0,1450.0,1,1,1,REVERSE,铲子悬空确认，倒车收回,-400,-400,1
16.537,1630.0,1441.0,1,1,1,REVERSE,铲子悬空确认，倒车收回,-400,-400,1
16.557,1857.0,1456.0,1,1,1,REVERSE,铲子悬空确认，倒车收回,-400,-400,1
16.577,1630.0,1468.0,1,1,1,REVERSE,铲子悬空确认，倒车收回,-400,-400,1
16.597,1675.0,1441.0,1,1,1,REVERSE,铲子悬空确认，倒车收回,-400,-400,1
16.617,1675.0,1441.0,1,1,1,REVERSE,铲子悬空确认，倒车收回,-400,-400,1
16.638,1720.0,1425.0,1,1,1,REVERSE,铲子悬空确认，倒车收回,-400,-400,1
16.658,1784.0,1437.0,1,1,1,REVERSE,铲子悬空确认，倒车收回,-400,-400,1
16.678,1721.0,1424.0,1,1,1,REVERSE,铲子悬空确认，倒车收回,-400,-400,1
16.698,1715.0,1425.0,1,1,1,REVERSE,铲子悬空确认，倒车收回,-400,-400,1
16.718,1827.0,1408.0,1,1,1,REVERSE,铲子悬空确认，倒车收回,-400,-400,1
16.738,1616.0,1408.0,1,1,1,REVERSE,铲子悬空确认，倒车收回,-400,-400,1
16.758,1829.0,1411.0,1,1,1,REVERSE,铲子悬空确认，倒车收回,-400,-400,1
16.778,1629.0,1409.0,1,1,1,REVERSE,铲子悬空确认，倒车收回,-400,-400,1
16.798,1614.0,1422.0,1,1,1,REVERSE,铲子悬空确认，倒车收回,-400,-400,1
16.819,1675.0,1410.0,1,1,1,REVERSE,铲子悬空确认，倒车收回,-400,-400,1
16.839,1960.0,1412.0,1,1,1,REVERSE,铲子悬空确认，倒车收回,-400,-400,1
16.859,1628.0,1408.0,1,1,1,REVERSE,铲子悬空确认，倒车收回,-400,-400,1
16.879,1600.0,1408.0,1,1,1,REVERSE,铲子悬空确认，倒车收回,-400,-400,1
16.899,2054.0,1412.0,1,1,1,REVERSE,铲子悬空确认，倒车收回,-400,-400,1
16.919,225.0,1328.0,1,1,1,REVERSE,铲子悬空确认，倒车收回,-400,-400,1
16.939,20.0,1210.0,1,1,1,REVERSE,铲子悬空确认，倒车收回,-400,-400,1
16.959,20.0,1210.0,1,1,1,REVERSE,铲子悬空确认，倒车收回,-400,-400,1
16.979,20.0,1244.0,1,1,1,REVERSE,铲子悬空确认，倒车收回,-400,-400,1
17.0,20.0,1244.0,1,1,0,IDLE,铲子已收回台内,0,0,1
17.02,28.0,1226.0,1,1,0,IDLE,铲子已收回台内,0,0,1
17.04,20.0,1211.0,1,1,0,IDLE,铲子已收回台内,0,0,1
17.06,20.0,1265.0,1,1,0,IDLE,铲子已收回台内,0,0,1
17.08,21.0,1307.0,1,1,0,IDLE,铲子已收回台内,0,0,1
17.101,20.0,1309.0,1,1,0,IDLE,铲子已收回台内,0,0,1
17.121,20.0,1326.0,1,1,0,IDLE,铲子已收回台内,0,0,1
17.141,20.0,1326.0,1,1,0,IDLE,铲子已收回台内,0,0,1
17.161,31.0,1310.0,1,1,0,IDLE,铲子已收回台内,0,0,1
17.181,47.0,1323.0,1,1,0,IDLE,铲子已收回台内,0,0,1
17.201,21.0,1357.0,1,1,0,IDLE,铲子已收回台内,0,0,1
17.221,22.0,1326.0,1,1,0,IDLE,铲子已收回台内,0,0,1
17.241,20.0,1279.0,1,1,0,IDLE,铲子已收回台内,0,0,1
17.261,20.0,1180.0,1,1,0,IDLE,铲子已收回台内,0,0,1
17.282,21.0,1102.0,1,1,0,IDLE,铲子已收回台内,0,0,1
17.302,20.0,1115.0,1,1,0,IDLE,铲子已收回台内,0,0,1
17.322,32.0,1116.0,1,1,0,IDLE,铲子已收回台内,0,0,1
17.342,28.0,1181.0,1,1,0,IDLE,铲子已收回台内,0,0,1
17.362,21.0,1196.0,1,1,0,IDLE,铲子已收回台内,0,0,1
17.382,21.0,1196.0,1,1,0,IDLE,铲子已收回台内,0,0,1
17.402,20.0,1228.0,1,1,0,IDLE,铲子已收回台内,0,0,1
17.422,20.0,1264.0,1,1,0,IDLE,铲子已收回台内,0,0,1
17.443,21.0,1296.0,1,1,0,IDLE,铲子已收回台内,0,0,1
17.463,20.0,1242.0,1,1,0,IDLE,铲子已收回台内,0,0,1
17.483,20.0,1209.0,1,1,0,IDLE,铲子已收回台内,0,0,1
17.503,20.0,1243.0,1,1,0,IDLE,铲子已收回台内,0,0,1
17.523,20.0,1212.0,1,1,0,IDLE,铲子已收回台内,0,0,1
17.543,21.0,1193.0,1,1,0,IDLE,铲子已收回台内,0,0,1
17.563,20.0,1211.0,1,1,0,IDLE,铲子已收回台内,0,0,1
17.583,31.0,1212.0,1,1,0,IDLE,铲子已收回台内,0,0,1
17.603,20.0,1243.0,1,1,0,IDLE,铲子已收回台内,0,0,1
17.624,20.0,1225.0,1,1,0,IDLE,铲子已收回台内,0,0,1
17.644,20.0,1312.0,1,1,0,IDLE,铲子已收回台内,0,0,1
17.664,20.0,1342.0,1,1,0,IDLE,铲子已收回台内,0,0,1
17.684,1510.0,1169.0,1,1,0,IDLE,铲子已收回台内,0,0,1
17.704,1601.0,1408.0,1,1,0,IDLE,铲子已收回台内,0,0,1
17.724,1612.0,1410.0,1,1,0,IDLE,铲子已收回台内,0,0,1
17.744,1797.0,1408.0,1,1,0,IDLE,铲子已收回台内,0,0,1
17.764,1615.0,1424.0,1,1,1,HANGED,铲子悬空，停车,0,0,1
17.785,1615.0,1424.0,1,1,1,HANGED,铲子悬空，停车,0,0,1
17.805,1873.0,1427.0,1,1,1,REVERSE,铲子悬空确认，倒车收回,-400,-400,1
17.825,1716.0,1426.0,1,1,1,REVERSE,铲子悬空确认，倒车收回,-400,-400,1
17.846,1665.0,1439.0,1,1,1,REVERSE,铲子悬空确认，倒车收回,-400,-400,1
17.866,1631.0,1441.0,1,1,1,REVERSE,铲子悬空确认，倒车收回,-400,-400,1
17.886,1858.0,1426.0,1,1,1,REVERSE,铲子悬空确认，倒车收回,-400,-400,1
17.906,1857.0,1440.0,1,1,1,REVERSE,铲子悬空确认，倒车收回,-400,-400,1
17.926,1644.0,1423.0,1,1,1,REVERSE,铲子悬空确认，倒车收回,-400,-400,1
17.946,1631.0,1425.0,1,1,1,REVERSE,铲子悬空确认，倒车收回,-400,-400,1
17.966,1642.0,1409.0,1,1,1,REVERSE,铲子悬空确认，倒车收回,-400,-400,1
17.986,1826.0,1423.0,1,1,1,REVERSE,铲子悬空确认，倒车收回,-400,-400,1
18.006,2068.0,1426.0,1,1,1,REVERSE,铲子悬空确认，倒车收回,-400,-400,1
18.026,2008.0,1427.0,1,1,1,REVERSE,铲子悬空确认，倒车收回,-400,-400,1
18.047,1645.0,1424.0,1,1,1,REVERSE,铲子悬空确认，倒车收回,-400,-400,1
18.067,1629.0,1424.0,1,1,1,REVERSE,铲子悬空确认，倒车收回,-400,-400,1
18.087,1660.0,1425.0,1,1,1,REVERSE,铲子悬空确认，倒车收回,-400,-400,1
18.107,1858.0,1411.0,1,1,1,REVERSE,铲子悬空确认，倒车收回,-400,-400,1
18.127,1784.0,1426.0,1,1,1,REVERSE,铲子悬空确认，倒车收回,-400,-400,1
18.147,1842.0,1406.0,1,1,1,REVERSE,铲子悬空确认，倒车收回,-400,-400,1
18.167,1616.0,1411.0,1,1,1,REVERSE,铲子悬空确认，倒车收回,-400,-400,1
18.187,1721.0,1410.0,1,1,1,REVERSE,铲子悬空确认，倒车收回,-400,-400,1
18.208,1721.0,1410.0,1,1,1,REVERSE,铲子悬空确认，倒车收回,-400,-400,1
18.228,1642.0,1409.0,1,1,1,REVERSE,铲子悬空确认，倒车收回,-400,-400,1
18.248,1598.0,1409.0,1,1,1,REVERSE,铲子悬空确认，倒车收回,-400,-400,1
18.268,1604.0,1410.0,1,1,1,REVERSE,铲子悬空确认，倒车收回,-400,-400,1
18.288,2037.0,1170.0,1,1,1,REVERSE,铲子悬空确认，倒车收回,-400,-400,1
18.308,1687.0,1184.0,1,1,1,REVERSE,铲子悬空确认，倒车收回,-400,-400,1
18.328,1537.0,1317.0,1,1,1,REVERSE,铲子悬空确认，倒车收回,-400,-400,1
18.348,21.0,1265.0,1,1,1,REVERSE,铲子悬空确认，倒车收回,-400,-400,1
18.368,20.0,1240.0,1,1,1,REVERSE,铲子悬空确认，倒车收回,-400,-400,1
18.389,20.0,1227.0,1,1,1,REVERSE,铲子悬空确认，倒车收回,-400,-400,1
18.409,20.0,1280.0,1,1,1,REVERSE,铲子悬空确认，倒车收回,-400,-400,1
18.429,20.0,1226.0,1,1,0,IDLE,铲子已收回台内,0,0,1
18.45,20.0,1195.0,1,1,0,IDLE,铲子已收回台内,0,0,1
18.47,20.0,1165.0,1,1,0,IDLE,铲子已收回台内,0,0,1
18.49,23.0,1165.0,1,1,0,IDLE,铲子已收回台内,0,0,1
18.51,20.0,1178.0,1,1,0,IDLE,铲子已收回台内,0,0,1
18.53,20.0,1163.0,1,1,0,IDLE,铲子已收回台内,0,0,1
18.551,20.0,1181.0,1,1,0,IDLE,铲子已收回台内,0,0,1
18.571,21.0,1181.0,1,1,0,IDLE,铲子已收回台内,0,0,1
18.591,21.0,1164.0,1,1,0,IDLE,铲子已收回台内,0,0,1
18.611,20.0,1160.0,1,1,0,IDLE,铲子已收回台内,0,0,1
18.631,26.0,1149.0,1,1,0,IDLE,铲子已收回台内,0,0,1
18.652,20.0,1133.0,1,1,0,IDLE,铲子已收回台内,0,0,1
18.672,20.0,1117.0,1,1,0,IDLE,铲子已收回台内,0,0,1
18.692,21.0,1100.0,1,1,0,IDLE,铲子已收回台内,0,0,1
18.712,20.0,1118.0,1,1,0,IDLE,铲子已收回台内,0,0,1
18.733,20.0,1118.0,1,1,0,IDLE,铲子已收回台内,0,0,1
18.754,325.0,1086.0,1,1,0,IDLE,铲子已收回台内,0,0,1
18.774,76.0,1116.0,1,1,0,IDLE,铲子已收回台内,0,0,1
18.794,21.0,1086.0,1,1,0,IDLE,铲子已收回台内,0,0,1
18.814,20.0,1086.0,1,1,0,IDLE,铲子已收回台内,0,0,1
18.834,20.0,1085.0,1,1,0,IDLE,铲子已收回台内,0,0,1
18.854,21.0,1101.0,1,1,0,IDLE,铲子已收回台内,0,0,1
18.874,20.0,1117.0,1,1,0,IDLE,铲子已收回台内,0,0,1
18.894,21.0,1119.0,1,1,0,IDLE,铲子已收回台内,0,0,1
18.914,20.0,1143.0,1,1,0,IDLE,铲子已收回台内,0,0,1
18.934,21.0,1154.0,1,1,0,IDLE,铲子已收回台内,0,0,1
18.954,20.0,1165.0,1,1,0,IDLE,铲子已收回台内,0,0,1
18.975,21.0,1181.0,1,1,0,IDLE,铲子已收回台内,0,0,1
18.995,22.0,1225.0,1,1,0,IDLE,铲子已收回台内,0,0,1
19.015,20.0,1192.0,1,1,0,IDLE,铲子已收回台内,0,0,1
19.035,20.0,1181.0,1,1,0,IDLE,铲子已收回台内,0,0,1
19.055,20.0,1196.0,1,1,0,IDLE,铲子已收回台内,0,0,1
19.075,21.0,1200.0,1,1,0,IDLE,铲子已收回台内,0,0,1
19.095,20.0,1176.0,1,1,0,IDLE,铲子已收回台内,0,0,1
19.116,21.0,1244.0,1,1,0,IDLE,铲子已收回台内,0,0,1
19.136,21.0,1196.0,1,1,0,IDLE,铲子已收回台内,0,0,1
19.156,1183.0,1229.0,1,1,0,IDLE,铲子已收回台内,0,0,1
19.176,1554.0,1154.0,1,1,0,IDLE,铲子已收回台内,0,0,1
19.196,1600.0,1410.0,1,1,0,IDLE,铲子已收回台内,0,0,1
19.216,1616.0,1410.0,1,1,0,IDLE,铲子已收回台内,0,0,1
19.236,1615.0,1406.0,1,1,1,HANGED,铲子悬空，停车,0,0,1
19.256,1827.0,1409.0,1,1,1,HANGED,铲子悬空，停车,0,0,1
19.276,1630.0,1426.0,1,1,1,REVERSE,铲子悬空确认，倒车收回,-400,-400,1
19.296,1843.0,1425.0,1,1,1,REVERSE,铲子悬空确认，倒车收回,-400,-400,1
19.317,1843.0,1425.0,1,1,1,REVERSE,铲子悬空确认，倒车收回,-400,-400,1
19.337,1851.0,1424.0,1,1,1,REVERSE,铲子悬空确认，倒车收回,-400,-400,1
19.357,1840.0,1427.0,1,1,1,REVERSE,铲子悬空确认，倒车收回,-400,-400,1
19.377,1843.0,1442.0,1,1,1,REVERSE,铲子悬空确认，倒车收回,-400,-400,1
19.397,1755.0,1440.0,1,1,1,REVERSE,铲子悬空确认，倒车收回,-400,-400,1
19.417,1630.0,1440.0,1,1,1,REVERSE,铲子悬空确认，倒车收回,-400,-400,1
19.437,1843.0,1442.0,1,1,1,REVERSE,铲子悬空确认，倒车收回,-400,-400,1
19.457,1632.0,1438.0,1,1,1,REVERSE,铲子悬空确认，倒车收回,-400,-400,1
19.477,1844.0,1440.0,1,1,1,REVERSE,铲子悬空确认，倒车收回,-400,-400,1
19.498,1840.0,1426.0,1,1,1,REVERSE,铲子悬空确认，倒车收回,-400,-400,1
19.518,1840.0,1441.0,1,1,1,REVERSE,铲子悬空确认，倒车收回,-400,-400,1
19.538,1630.0,1440.0,1,1,1,REVERSE,铲子悬空确认，倒车收回,-400,-400,1
19.558,1632.0,1424.0,1,1,1,REVERSE,铲子悬空确认，倒车收回,-400,-400,1
19.578,1827.0,1425.0,1,1,1,REVERSE,铲子悬空确认，倒车收回,-400,-400,1
19.598,1614.0,1422.0,1,1,1,REVERSE,铲子悬空确认，倒车收回,-400,-400,1
19.618,1616.0,1424.0,1,1,1,REVERSE,铲子悬空确认，倒车收回,-400,-400,1
19.638,1828.0,1426.0,1,1,1,REVERSE,铲子悬空确认，倒车收回,-400,-400,1
19.658,1627.0,1426.0,1,1,1,REVERSE,铲子悬空确认，倒车收回,-400,-400,1
19.678,1616.0,1406.0,1,1,1,REVERSE,铲子悬空确认，倒车收回,-400,-400,1
19.699,1616.0,1424.0,1,1,1,REVERSE,铲子悬空确认，倒车收回,-400,-400,1
19.719,1616.0,1424.0,1,1,1,REVERSE,铲子悬空确认，倒车收回,-400,-400,1
19.739,1828.0,1411.0,1,1,1,REVERSE,铲子悬空确认，倒车收回,-400,-400,1
19.759,1615.0,1409.0,1,1,1,REVERSE,铲子悬空确认，倒车收回,-400,-400,1
19.779,20.0,1400.0,1,1,1,REVERSE,铲子悬空确认，倒车收回,-400,-400,1
19.799,142.0,1166.0,1,1,1,REVERSE,铲子悬空确认，倒车收回,-400,-400,1
19.819,21.0,1264.0,1,1,1,REVERSE,铲子悬空确认，倒车收回,-400,-400,1
19.839,29.0,1324.0,1,1,1,REVERSE,铲子悬空确认，倒车收回,-400,-400,1
19.859,21.0,1277.0,1,1,0,REVERSE,铲子悬空确认，倒车收回,-400,-400,1
19.88,20.0,1243.0,1,1,0,IDLE,铲子已收回台内,0,0,1
19.9,20.0,1241.0,1,1,0,IDLE,铲子已收回台内,0,0,1
19.92,87.0,1226.0,1,1,0,IDLE,铲子已收回台内,0,0,1
19.94,38.0,1196.0,1,1,0,IDLE,铲子已收回台内,0,0,1
19.96,20.0,1196.0,1,1,0,IDLE,铲子已收回台内,0,0,1
19.98,20.0,1209.0,1,1,0,IDLE,铲子已收回台内,0,0,1
20.0,21.0,1224.0,1,1,0,IDLE,铲子已收回台内,0,0,1
20.02,245.0,1181.0,1,1,0,IDLE,铲子已收回台内,0,0,1
20.04,20.0,1194.0,1,1,0,IDLE,铲子已收回台内,0,0,1
20.061,21.0,1179.0,1,1,0,IDLE,铲子已收回台内,0,0,1
20.081,21.0,1181.0,1,1,0,IDLE,铲子已收回台内,0,0,1
20.101,21.0,1181.0,1,1,0,IDLE,铲子已收回台内,0,0,1
20.121,21.0,1165.0,1,1,0,IDLE,铲子已收回台内,0,0,1
20.141,20.0,1181.0,1,1,0,IDLE,铲子已收回台内,0,0,1
20.161,105.0,1164.0,1,1,0,IDLE,铲子已收回台内,0,0,1
20.181,20.0,1165.0,1,1,0,IDLE,铲子已收回台内,0,0,1
20.201,47.0,1163.0,1,1,0,IDLE,铲子已收回台内,0,0,1
20.221,21.0,1145.0,1,1,0,IDLE,铲子已收回台内,0,0,1
20.242,20.0,1149.0,1,1,0,IDLE,铲子已收回台内,0,0,1
20.262,20.0,1148.0,1,1,0,IDLE,铲子已收回台内,0,0,1
20.282,22.0,1132.0,1,1,0,IDLE,铲子已收回台内,0,0,1
20.302,22.0,1149.0,1,1,0,IDLE,铲子已收回台内,0,0,1
20.322,21.0,1149.0,1,1,0,IDLE,铲子已收回台内,0,0,1
20.342,20.0,1147.0,1,1,0,IDLE,铲子已收回台内,0,0,1
20.362,21.0,1164.0,1,1,0,IDLE,铲子已收回台内,0,0,1
20.382,21.0,1165.0,1,1,0,IDLE,铲子已收回台内,0,0,1
20.403,21.0,1148.0,1,1,0,IDLE,铲子已收回台内,0,0,1
20.423,25.0,1159.0,1,1,0,IDLE,铲子已收回台内,0,0,1
20.443,20.0,1196.0,1,1,0,IDLE,铲子已收回台内,0,0,1
20.465,539.0,1166.0,1,1,0,IDLE,铲子已收回台内,0,0,1
20.486,20.0,1194.0,1,1,0,IDLE,铲子已收回台内,0,0,1
20.507,22.0,1211.0,1,1,0,IDLE,铲子已收回台内,0,0,1
20.527,22.0,1211.0,1,1,0,IDLE,铲子已收回台内,0,0,1
20.547,20.0,1180.0,1,1,0,IDLE,铲子已收回台内,0,0,1
20.567,21.0,1180.0,1,1,0,IDLE,铲子已收回台内,0,0,1
20.588,20.0,1177.0,1,1,0,IDLE,铲子已收回台内,0,0,1
20.608,20.0,1180.0,1,1,0,IDLE,铲子已收回台内,0,0,1
20.628,1600.0,1109.0,1,1,0,IDLE,铲子已收回台内,0,0,1
20.648,1617.0,1425.0,1,1,0,IDLE,铲子已收回台内,0,0,1
20.668,1616.0,1424.0,1,1,0,IDLE,铲子已收回台内,0,0,1
20.688,1612.0,1425.0,1,1,0,IDLE,铲子已收回台内,0,0,1
20.708,1613.0,1424.0,1,1,1,HANGED,铲子悬空，停车,0,0,1
20.728,1616.0,1439.0,1,1,1,HANGED,铲子悬空，停车,0,0,1
20.748,1825.0,1441.0,1,1,1,REVERSE,铲子悬空确认，倒车收回,-400,-400,1
20.769,2052.0,1442.0,1,1,1,REVERSE,铲子悬空确认，倒车收回,-400,-400,1
20.789,1721.0,1453.0,1,1,1,REVERSE,铲子悬空确认，倒车收回,-400,-400,1
20.809,1631.0,1440.0,1,1,1,REVERSE,铲子悬空确认，倒车收回,-400,-400,1
20.829,1616.0,1441.0,1,1,1,REVERSE,铲子悬空确认，倒车收回,-400,-400,1
20.849,1705.0,1437.0,1,1,1,REVERSE,铲子悬空确认，倒车收回,-400,-400,1
20.869,1661.0,1455.0,1,1,1,REVERSE,铲子悬空确认，倒车收回,-400,-400,1
20.889,1902.0,1472.0,1,1,1,REVERSE,铲子悬空确认，倒车收回,-400,-400,1
20.909,1902.0,1472.0,1,1,1,REVERSE,铲子悬空确认，倒车收回,-400,-400,1
20.93,1856.0,1473.0,1,1,1,REVERSE,铲子悬空确认，倒车收回,-400,-400,1
20.95,1642.0,1466.0,1,1,1,REVERSE,铲子悬空确认，倒车收回,-400,-400,1
20.97,1631.0,1469.0,1,1,1,REVERSE,铲子悬空确认，倒车收回,-400,-400,1
20.99,1632.0,1456.0,1,1,1,REVERSE,铲子悬空确认，倒车收回,-400,-400,1
21.01,1737.0,1453.0,1,1,1,REVERSE,铲子悬空确认，倒车收回,-400,-400,1
21.03,1811.0,1440.0,1,1,1,REVERSE,铲子悬空确认，倒车收回,-400,-400,1
21.05,1645.0,1440.0,1,1,1,REVERSE,铲子悬空确认，倒车收回,-400,-400,1
21.07,1676.0,1441.0,1,1,1,REVERSE,铲子悬空确认，倒车收回,-400,-400,1
21.09,1841.0,1440.0,1,1,1,REVERSE,铲子悬空确认，倒车收回,-400,-400,1
21.111,1614.0,1452.0,1,1,1,REVERSE,铲子悬空确认，倒车收回,-400,-400,1
21.131,1616.0,1425.0,1,1,1,REVERSE,铲子悬空确认，倒车收回,-400,-400,1
21.151,1632.0,1441.0,1,1,1,REVERSE,铲子悬空确认，倒车收回,-400,-400,1
21.171,1598.0,1440.0,1,1,1,REVERSE,铲子悬空确认，倒车收回,-400,-400,1
21.191,1612.0,1440.0,1,1,1,REVERSE,铲子悬空确认，倒车收回,-400,-400,1
21.211,1829.0,1426.0,1,1,1,REVERSE,铲子悬空确认，倒车收回,-400,-400,1
21.231,1616.0,1436.0,1,1,1,REVERSE,铲子悬空确认，倒车收回,-400,-400,1
21.251,1827.0,1424.0,1,1,1,REVERSE,铲子悬空确认，倒车收回,-400,-400,1
21.271,1828.0,1078.0,1,1,1,REVERSE,铲子悬空确认，倒车收回,-400,-400,1
21.292,769.0,1184.0,1,1,1,REVERSE,铲子悬空确认，倒车收回,-400,-400,1
21.312,18.0,1194.0,1,1,1,REVERSE,铲子悬空确认，倒车收回,-400,-400,1
21.332,18.0,1194.0,1,1,1,REVERSE,铲子悬空确认，倒车收回,-400,-400,1
21.352,45.0,1212.0,1,1,1,REVERSE,铲子悬空确认，倒车收回,-400,-400,1
21.372,21.0,1244.0,1,1,1,IDLE,铲子已收回台内,0,0,1
21.392,20.0,1324.0,1,1,0,IDLE,铲子已收回台内,0,0,1
21.412,31.0,1226.0,1,1,0,IDLE,铲子已收回台内,0,0,1
21.432,124.0,1212.0,1,1,0,IDLE,铲子已收回台内,0,0,1
21.453,20.0,1228.0,1,1,0,IDLE,铲子已收回台内,0,0,1
21.473,21.0,1226.0,1,1,0,IDLE,铲子已收回台内,0,0,1
21.493,21.0,1241.0,1,1,0,IDLE,铲子已收回台内,0,0,1
21.513,207.0,1229.0,1,1,0,IDLE,铲子已收回台内,0,0,1
21.533,21.0,1226.0,1,1,0,IDLE,铲子已收回台内,0,0,1
21.553,127.0,1212.0,1,1,0,IDLE,铲子已收回台内,0,0,1
21.573,20.0,1211.0,1,1,0,IDLE,铲子已收回台内,0,0,1
21.593,21.0,1212.0,1,1,0,IDLE,铲子已收回台内,0,0,1
21.613,190.0,1213.0,1,1,0,IDLE,铲子已收回台内,0,0,1
21.634,21.0,1240.0,1,1,0,IDLE,铲子已收回台内,0,0,1
21.654,21.0,1192.0,1,1,0,IDLE,铲子已收回台内,0,0,1
21.674,472.0,1198.0,1,1,0,IDLE,铲子已收回台内,0,0,1
21.694,21.0,1196.0,1,1,0,IDLE,铲子已收回台内,0,0,1
21.714,326.0,1194.0,1,1,0,IDLE,铲子已收回台内,0,0,1
21.734,21.0,1194.0,1,1,0,IDLE,铲子已收回台内,0,0,1
21.754,992.0,1200.0,1,1,0,IDLE,铲子已收回台内,0,0,1
21.774,32.0,1180.0,1,1,0,IDLE,铲子已收回台内,0,0,1
21.794,20.0,1163.0,1,1,0,IDLE,铲子已收回台内,0,0,1
21.814,21.0,1178.0,1,1,0,IDLE,铲子已收回台内,0,0,1
21.835,21.0,1198.0,1,1,0,IDLE,铲子已收回台内,0,0,1
21.855,23.0,1196.0,1,1,0,IDLE,铲子已收回台内,0,0,1
21.875,21.0,1195.0,1,1,0,IDLE,铲子已收回台内,0,0,1
21.895,48.0,1179.0,1,1,0,IDLE,铲子已收回台内,0,0,1
21.915,142.0,1196.0,1,1,0,IDLE,铲子已收回台内,0,0,1
21.935,32.0,1209.0,1,1,0,IDLE,铲子已收回台内,0,0,1
21.955,21.0,1213.0,1,1,0,IDLE,铲子已收回台内,0,0,1
21.975,21.0,1213.0,1,1,0,IDLE,铲子已收回台内,0,0,1
21.995,20.0,1211.0,1,1,0,IDLE,铲子已收回台内,0,0,1
22.015,21.0,1228.0,1,1,0,IDLE,铲子已收回台内,0,0,1
22.035,34.0,1195.0,1,1,0,IDLE,铲子已收回台内,0,0,1
22.056,21.0,1211.0,1,1,0,IDLE,铲子已收回台内,0,0,1
22.076,20.0,1164.0,1,1,0,IDLE,铲子已收回台内,0,0,1
22.096,1844.0,1204.0,1,1,0,IDLE,铲子已收回台内,0,0,1
22.116,1598.0,1155.0,1,1,0,IDLE,铲子已收回台内,0,0,1
22.136,1600.0,1139.0,1,1,0,IDLE,铲子已收回台内,0,0,1
22.156,1600.0,1424.0,1,1,0,IDLE,铲子已收回台内,0,0,1
22.176,1630.0,1426.0,1,1,1,HANGED,铲子悬空，停车,0,0,1
22.196,1829.0,1440.0,1,1,1,HANGED,铲子悬空，停车,0,0,1
22.216,1600.0,1424.0,1,1,1,REVERSE,铲子悬空确认，倒车收回,-400,-400,1
22.237,1842.0,1426.0,1,1,1,REVERSE,铲子悬空确认，倒车收回,-400,-400,1
22.257,1616.0,1439.0,1,1,1,REVERSE,铲子悬空确认，倒车收回,-400,-400,1
22.277,1612.0,1423.0,1,1,1,REVERSE,铲子悬空确认，倒车收回,-400,-400,1
22.297,1827.0,1426.0,1,1,1,REVERSE,铲子悬空确认，倒车收回,-400,-400,1
22.317,1605.0,1425.0,1,1,1,REVERSE,铲子悬空确认，倒车收回,-400,-400,1
22.337,1706.0,1424.0,1,1,1,REVERSE,铲子悬空确认，倒车收回,-400,-400,1
22.357,1721.0,1423.0,1,1,1,REVERSE,铲子悬空确认，倒车收回,-400,-400,1
22.377,1675.0,1426.0,1,1,1,REVERSE,铲子悬空确认，倒车收回,-400,-400,1
22.397,1616.0,1425.0,1,1,1,REVERSE,铲子悬空确认，倒车收回,-400,-400,1
22.417,1676.0,1422.0,1,1,1,REVERSE,铲子悬空确认，倒车收回,-400,-400,1
22.438,1616.0,1424.0,1,1,1,REVERSE,铲子悬空确认，倒车收回,-400,-400,1
22.458,1616.0,1424.0,1,1,1,REVERSE,铲子悬空确认，倒车收回,-400,-400,1
22.478,1600.0,1425.0,1,1,1,REVERSE,铲子悬空确认，倒车收回,-400,-400,1
22.498,1601.0,1426.0,1,1,1,REVERSE,铲子悬空确认，倒车收回,-400,-400,1
22.518,1616.0,1437.0,1,1,1,REVERSE,铲子悬空确认，倒车收回,-400,-400,1
22.538,1993.0,1426.0,1,1,1,REVERSE,铲子悬空确认，倒车收回,-400,-400,1
22.558,1814.0,1441.0,1,1,1,REVERSE,铲子悬空确认，倒车收回,-400,-400,1
22.578,1601.0,1421.0,1,1,1,REVERSE,铲子悬空确认，倒车收回,-400,-400,1
22.599,1706.0,1425.0,1,1,1,REVERSE,铲子悬空确认，倒车收回,-400,-400,1
22.619,1616.0,1030.0,1,1,1,REVERSE,铲子悬空确认，倒车收回,-400,-400,1
22.639,1784.0,1147.0,1,1,1,REVERSE,铲子悬空确认，倒车收回,-400,-400,1
22.659,1526.0,1216.0,1,1,1,REVERSE,铲子悬空确认，倒车收回,-400,-400,1
22.679,259.0,1229.0,1,1,1,REVERSE,铲子悬空确认，倒车收回,-400,-400,1
22.699,21.0,1280.0,1,1,1,REVERSE,铲子悬空确认，倒车收回,-400,-400,1
22.719,21.0,1279.0,1,1,1,REVERSE,铲子悬空确认，倒车收回,-400,-400,1
22.739,20.0,1224.0,1,1,1,REVERSE,铲子悬空确认，倒车收回,-400,-400,1
22.759,21.0,1149.0,1,1,0,IDLE,铲子已收回台内,0,0,1
22.78,21.0,1162.0,1,1,0,IDLE,铲子已收回台内,0,0,1
22.8,21.0,1178.0,1,1,0,IDLE,铲子已收回台内,0,0,1
22.82,20.0,1164.0,1,1,0,IDLE,铲子已收回台内,0,0,1
22.84,20.0,1164.0,1,1,0,IDLE,铲子已收回台内,0,0,1
22.86,21.0,1196.0,1,1,0,IDLE,铲子已收回台内,0,0,1
22.88,20.0,1211.0,1,1,0,IDLE,铲子已收回台内,0,0,1
22.9,21.0,1225.0,1,1,0,IDLE,铲子已收回台内,0,0,1
22.92,20.0,1227.0,1,1,0,IDLE,铲子已收回台内,0,0,1
22.94,244.0,1182.0,1,1,0,IDLE,铲子已收回台内,0,0,1
22.961,20.0,1195.0,1,1,0,IDLE,铲子已收回台内,0,0,1
22.981,21.0,1212.0,1,1,0,IDLE,铲子已收回台内,0,0,1
23.001,21.0,1212.0,1,1,0,IDLE,铲子已收回台内,0,0,1
23.021,21.0,1209.0,1,1,0,IDLE,铲子已收回台内,0,0,1
23.041,21.0,1179.0,1,1,0,IDLE,铲子已收回台内,0,0,1
23.061,109.0,1181.0,1,1,0,IDLE,铲子已收回台内,0,0,1
23.081,21.0,1179.0,1,1,0,IDLE,铲子已收回台内,0,0,1
23.101,20.0,1177.0,1,1,0,IDLE,铲子已收回台内,0,0,1
23.121,126.0,1165.0,1,1,0,IDLE,铲子已收回台内,0,0,1
23.142,20.0,1149.0,1,1,0,IDLE,铲子已收回台内,0,0,1
23.162,21.0,1147.0,1,1,0,IDLE,铲子已收回台内,0,0,1
23.182,25.0,1158.0,1,1,0,IDLE,铲子已收回台内,0,0,1
23.202,21.0,1149.0,1,1,0,IDLE,铲子已收回台内,0,0,1
23.222,225.0,1150.0,1,1,0,IDLE,铲子已收回台内,0,0,1
23.242,225.0,1150.0,1,1,0,IDLE,铲子已收回台内,0,0,1
23.263,244.0,1148.0,1,1,0,IDLE,铲子已收回台内,0,0,1
23.283,244.0,1149.0,1,1,0,IDLE,铲子已收回台内,0,0,1
23.303,21.0,1149.0,1,1,0,IDLE,铲子已收回台内,0,0,1
23.324,20.0,1147.0,1,1,0,IDLE,铲子已收回台内,0,0,1
23.344,21.0,1148.0,1,1,0,IDLE,铲子已收回台内,0,0,1
23.364,38.0,1150.0,1,1,0,IDLE,铲子已收回台内,0,0,1
23.384,246.0,1150.0,1,1,0,IDLE,铲子已收回台内,0,0,1
23.404,21.0,1148.0,1,1,0,IDLE,铲子已收回台内,0,0,1
23.424,261.0,1149.0,1,1,0,IDLE,铲子已收回台内,0,0,1
23.444,124.0,1150.0,1,1,0,IDLE,铲子已收回台内,0,0,1
23.464,20.0,1147.0,1,1,0,IDLE,铲子已收回台内,0,0,1
23.484,21.0,1147.0,1,1,0,IDLE,铲子已收回台内,0,0,1
23.505,229.0,1150.0,1,1,0,IDLE,铲子已收回台内,0,0,1
23.525,21.0,1149.0,1,1,0,IDLE,铲子已收回台内,0,0,1
23.545,637.0,1150.0,1,1,0,IDLE,铲子已收回台内,0,0,1
23.565,21.0,1148.0,1,1,0,IDLE,铲子已收回台内,0,0,1
23.585,21.0,1134.0,1,1,0,IDLE,铲子已收回台内,0,0,1
23.605,21.0,1149.0,1,1,0,IDLE,铲子已收回台内,0,0,1
23.625,192.0,1147.0,1,1,0,IDLE,铲子已收回台内,0,0,1
23.645,20.0,1116.0,1,1,0,IDLE,铲子已收回台内,0,0,1
23.665,170.0,1118.0,1,1,0,IDLE,铲子已收回台内,0,0,1
23.686,20.0,1116.0,1,1,0,IDLE,铲子已收回台内,0,0,1
23.706,20.0,1100.0,1,1,0,IDLE,铲子已收回台内,0,0,1
23.726,20.0,1100.0,1,1,0,IDLE,铲子已收回台内,0,0,1
23.746,21.0,1118.0,1,1,0,IDLE,铲子已收回台内,0,0,1
23.766,21.0,1102.0,1,1,0,IDLE,铲子已收回台内,0,0,1
23.786,20.0,1101.0,1,1,0,IDLE,铲子已收回台内,0,0,1
23.806,20.0,1069.0,1,1,0,IDLE,铲子已收回台内,0,0,1
23.826,21.0,1054.0,1,1,0,IDLE,铲子已收回台内,0,0,1
23.846,20.0,1024.0,1,1,0,IDLE,铲子已收回台内,0,0,1
23.866,20.0,1021.0,1,1,0,IDLE,铲子已收回台内,0,0,1
23.887,21.0,1030.0,1,1,0,IDLE,铲子已收回台内,0,0,1
23.907,21.0,1054.0,1,1,0,IDLE,铲子已收回台内,0,0,1
23.927,20.0,1024.0,1,1,0,IDLE,铲子已收回台内,0,0,1
23.947,37.0,1038.0,1,1,0,IDLE,铲子已收回台内,0,0,1
23.967,20.0,1068.0,1,1,0,IDLE,铲子已收回台内,0,0,1
23.987,21.0,1071.0,1,1,0,IDLE,铲子已收回台内,0,0,1
24.007,20.0,1086.0,1,1,0,IDLE,铲子已收回台内,0,0,1
24.027,19.0,1083.0,1,1,0,IDLE,铲子已收回台内,0,0,1
24.047,92.0,1054.0,1,1,0,IDLE,铲子已收回台内,0,0,1
24.067,21.0,1054.0,1,1,0,IDLE,铲子已收回台内,0,0,1
24.087,21.0,1024.0,1,1,0,IDLE,铲子已收回台内,0,0,1
24.108,21.0,1020.0,1,1,0,IDLE,铲子已收回台内,0,0,1
24.128,20.0,1019.0,1,1,0,IDLE,铲子已收回台内,0,0,1
24.148,21.0,973.0,1,1,0,IDLE,铲子已收回台内,0,0,1
24.168,21.0,956.0,1,1,0,IDLE,铲子已收回台内,0,0,1
24.188,108.0,955.0,1,1,0,IDLE,铲子已收回台内,0,0,1
24.208,22.0,956.0,1,1,0,IDLE,铲子已收回台内,0,0,1
24.228,175.0,958.0,1,1,0,IDLE,铲子已收回台内,0,0,1
24.248,21.0,941.0,1,1,0,IDLE,铲子已收回台内,0,0,1
24.268,21.0,955.0,1,1,0,IDLE,铲子已收回台内,0,0,1
24.288,260.0,940.0,1,1,0,IDLE,铲子已收回台内,0,0,1
24.308,100.0,925.0,1,1,0,IDLE,铲子已收回台内,0,0,1
24.329,21.0,941.0,1,1,0,IDLE,铲子已收回台内,0,0,1
24.349,21.0,941.0,1,1,0,IDLE,铲子已收回台内,0,0,1
24.369,21.0,1161.0,1,1,0,IDLE,铲子已收回台内,0,0,1
24.389,109.0,1294.0,1,1,0,IDLE,铲子已收回台内,0,0,1
24.409,755.0,1268.0,1,1,0,IDLE,铲子已收回台内,0,0,1
24.429,39.0,1131.0,1,1,0,IDLE,铲子已收回台内,0,0,1
24.449,21.0,1046.0,1,1,0,IDLE,铲子已收回台内,0,0,1
24.469,175.0,1070.0,1,1,0,IDLE,铲子已收回台内,0,0,1
24.49,158.0,1087.0,1,1,0,IDLE,铲子已收回台内,0,0,1
24.51,210.0,1147.0,1,1,0,IDLE,铲子已收回台内,0,0,1
24.53,177.0,1149.0,1,1,0,IDLE,铲子已收回台内,0,0,1
24.55,110.0,1086.0,1,1,0,IDLE,铲子已收回台内,0,0,1
24.57,50.0,1084.0,1,1,0,IDLE,铲子已收回台内,0,0,1
24.59,226.0,1085.0,1,1,0,IDLE,铲子已收回台内,0,0,1
24.61,32.0,1118.0,1,1,0,IDLE,铲子已收回台内,0,0,1
24.63,193.0,1150.0,1,1,0,IDLE,铲子已收回台内,0,0,1
24.65,144.0,1102.0,1,1,0,IDLE,铲子已收回台内,0,0,1
24.671,458.0,1052.0,1,1,0,IDLE,铲子已收回台内,0,0,1
24.691,159.0,1040.0,1,1,0,IDLE,铲子已收回台内,0,0,1
24.711,139.0,1052.0,1,1,0,IDLE,铲子已收回台内,0,0,1
24.731,670.0,1040.0,1,1,0,IDLE,铲子已收回台内,0,0,1
24.751,61.0,1024.0,1,1,0,IDLE,铲子已收回台内,0,0,1
24.771,93.0,1024.0,1,1,0,IDLE,铲子已收回台内,0,0,1
24.792,93.0,1024.0,1,1,0,IDLE,铲子已收回台内,0,0,1
24.812,76.0,1022.0,1,1,0,IDLE,铲子已收回台内,0,0,1
24.832,110.0,1022.0,1,1,0,IDLE,铲子已收回台内,0,0,1
24.853,21.0,1039.0,1,1,0,IDLE,铲子已收回台内,0,0,1
24.873,110.0,1040.0,1,1,0,IDLE,铲子已收回台内,0,0,1
24.893,406.0,1037.0,1,1,0,IDLE,铲子已收回台内,0,0,1
24.914,39.0,1021.0,1,1,0,IDLE,铲子已收回台内,0,0,1
24.934,25.0,1024.0,1,1,0,IDLE,铲子已收回台内,0,0,1
24.954,458.0,1008.0,1,1,0,IDLE,铲子已收回台内,0,0,1
24.974,24.0,1006.0,1,1,0,IDLE,铲子已收回台内,0,0,1
24.994,21.0,1008.0,1,1,0,IDLE,铲子已收回台内,0,0,1
25.014,33.0,1038.0,1,1,0,IDLE,铲子已收回台内,0,0,1
25.034,28.0,1019.0,1,1,0,IDLE,铲子已收回台内,0,0,1
25.054,21.0,1005.0,1,1,0,IDLE,铲子已收回台内,0,0,1
25.074,22.0,989.0,1,1,0,IDLE,铲子已收回台内,0,0,1
25.094,21.0,988.0,1,1,0,IDLE,铲子已收回台内,0,0,1
25.115,21.0,1005.0,1,1,0,IDLE,铲子已收回台内,0,0,1
25.135,310.0,1008.0,1,1,0,IDLE,铲子已收回台内,0,0,1
25.155,158.0,1008.0,1,1,0,IDLE,铲子已收回台内,0,0,1
25.175,22.0,1020.0,1,1,0,IDLE,铲子已收回台内,0,0,1
25.195,141.0,1037.0,1,1,0,IDLE,铲子已收回台内,0,0,1
25.215,20.0,1038.0,1,1,0,IDLE,铲子已收回台内,0,0,1
25.235,20.0,1038.0,1,1,0,IDLE,铲子已收回台内,0,0,1
25.255,21.0,1053.0,1,1,0,IDLE,铲子已收回台内,0,0,1
25.276,21.0,1084.0,1,1,0,IDLE,铲子已收回台内,0,0,1
25.296,20.0,1070.0,1,1,0,IDLE,铲子已收回台内,0,0,1
25.316,21.0,1070.0,1,1,0,IDLE,铲子已收回台内,0,0,1
25.336,20.0,1085.0,1,1,0,IDLE,铲子已收回台内,0,0,1
25.356,29.0,1100.0,1,1,0,IDLE,铲子已收回台内,0,0,1
25.376,20.0,1102.0,1,1,0,IDLE,铲子已收回台内,0,0,1
25.396,21.0,1149.0,1,1,0,IDLE,铲子已收回台内,0,0,1
25.416,20.0,1131.0,1,1,0,IDLE,铲子已收回台内,0,0,1
25.436,21.0,1132.0,1,1,0,IDLE,铲子已收回台内,0,0,1
25.456,20.0,1134.0,1,1,0,IDLE,铲子已收回台内,0,0,1
25.477,1645.0,1013.0,1,1,0,IDLE,铲子已收回台内,0,0,1
25.497,1661.0,1392.0,1,1,0,IDLE,铲子已收回台内,0,0,1
25.517,1690.0,1424.0,1,1,0,IDLE,铲子已收回台内,0,0,1
25.537,1826.0,1411.0,1,1,0,IDLE,铲子已收回台内,0,0,1
25.557,1616.0,1408.0,1,1,1,HANGED,铲子悬空，停车,0,0,1
25.577,1797.0,1409.0,1,1,1,HANGED,铲子悬空，停车,0,0,1
25.597,1641.0,1409.0,1,1,1,REVERSE,铲子悬空确认，倒车收回,-400,-400,1
25.617,2054.0,1410.0,1,1,1,REVERSE,铲子悬空确认，倒车收回,-400,-400,1
25.638,2054.0,1410.0,1,1,1,REVERSE,铲子悬空确认，倒车收回,-400,-400,1
25.658,1828.0,1408.0,1,1,1,REVERSE,铲子悬空确认，倒车收回,-400,-400,1
25.678,1615.0,1394.0,1,1,1,REVERSE,铲子悬空确认，倒车收回,-400,-400,1
25.698,1615.0,1395.0,1,1,1,REVERSE,铲子悬空确认，倒车收回,-400,-400,1
25.718,1676.0,1394.0,1,1,1,REVERSE,铲子悬空确认，倒车收回,-400,-400,1
25.738,1616.0,1409.0,1,1,1,REVERSE,铲子悬空确认，倒车收回,-400,-400,1
25.758,2152.0,1411.0,1,1,1,REVERSE,铲子悬空确认，倒车收回,-400,-400,1
25.778,1613.0,1408.0,1,1,1,REVERSE,铲子悬空确认，倒车收回,-400,-400,1
25.798,1770.0,1409.0,1,1,1,REVERSE,铲子悬空确认，倒车收回,-400,-400,1
25.819,1632.0,1425.0,1,1,1,REVERSE,铲子悬空确认，倒车收回,-400,-400,1
25.839,1841.0,1426.0,1,1,1,REVERSE,铲子悬空确认，倒车收回,-400,-400,1
25.859,1629.0,1424.0,1,1,1,REVERSE,铲子悬空确认，倒车收回,-400,-400,1
25.879,1843.0,1424.0,1,1,1,REVERSE,铲子悬空确认，倒车收回,-400,-400,1
25.899,1616.0,1410.0,1,1,1,REVERSE,铲子悬空确认，倒车收回,-400,-400,1
25.919,1629.0,1409.0,1,1,1,REVERSE,铲子悬空确认，倒车收回,-400,-400,1
25.939,1978.0,1410.0,1,1,1,REVERSE,铲子悬空确认，倒车收回,-400,-400,1
25.959,1829.0,1410.0,1,1,1,REVERSE,铲子悬空确认，倒车收回,-400,-400,1
25.98,1646.0,1410.0,1,1,1,REVERSE,铲子悬空确认，倒车收回,-400,-400,1
26.0,1659.0,1424.0,1,1,1,REVERSE,铲子悬空确认，倒车收回,-400,-400,1
26.02,1614.0,1408.0,1,1,1,REVERSE,铲子悬空确认，倒车收回,-400,-400,1
26.04,1961.0,1411.0,1,1,1,REVERSE,铲子悬空确认，倒车收回,-400,-400,1
26.06,1616.0,1410.0,1,1,1,REVERSE,铲子悬空确认，倒车收回,-400,-400,1
26.08,1616.0,1410.0,1,1,1,REVERSE,铲子悬空确认，倒车收回,-400,-400,1
26.101,1598.0,1392.0,1,1,1,REVERSE,铲子悬空确认，倒车收回,-400,-400,1
26.121,1813.0,1395.0,1,1,1,REVERSE,铲子悬空确认，倒车收回,-400,-400,1
26.141,359.0,1389.0,1,1,1,REVERSE,铲子悬空确认，倒车收回,-400,-400,1
26.161,21.0,1388.0,1,1,1,REVERSE,铲子悬空确认，倒车收回,-400,-400,1
26.181,46.0,1386.0,1,1,1,REVERSE,铲子悬空确认，倒车收回,-400,-400,1
26.201,21.0,1197.0,1,1,1,REVERSE,铲子悬空确认，倒车收回,-400,-400,1
26.221,21.0,1227.0,1,1,0,REVERSE,铲子悬空确认，倒车收回,-400,-400,1
26.241,20.0,1177.0,1,1,0,REVERSE,铲子悬空确认，倒车收回,-400,-400,1
26.262,22.0,1181.0,1,1,0,REVERSE,铲子悬空确认，倒车收回,-400,-400,1
26.282,109.0,1165.0,1,1,0,IDLE,铲子已收回台内,0,0,1
26.302,21.0,1148.0,1,1,0,IDLE,铲子已收回台内,0,0,1
26.322,20.0,1161.0,1,1,0,IDLE,铲子已收回台内,0,0,1
26.342,20.0,1149.0,1,1,0,IDLE,铲子已收回台内,0,0,1
26.362,20.0,1147.0,1,1,0,IDLE,铲子已收回台内,0,0,1
26.382,20.0,1147.0,1,1,0,IDLE,铲子已收回台内,0,0,1
26.402,22.0,1148.0,1,1,0,IDLE,铲子已收回台内,0,0,1
26.423,20.0,1134.0,1,1,0,IDLE,铲子已收回台内,0,0,1
26.443,21.0,1145.0,1,1,0,IDLE,铲子已收回台内,0,0,1
26.463,21.0,1145.0,1,1,0,IDLE,铲子已收回台内,0,0,1
26.483,21.0,1132.0,1,1,0,IDLE,铲子已收回台内,0,0,1
26.503,141.0,1102.0,1,1,0,IDLE,铲子已收回台内,0,0,1
26.523,21.0,1120.0,1,1,0,IDLE,铲子已收回台内,0,0,1
26.543,21.0,1132.0,1,1,0,IDLE,铲子已收回台内,0,0,1
26.563,125.0,1102.0,1,1,0,IDLE,铲子已收回台内,0,0,1
26.583,31.0,1086.0,1,1,0,IDLE,铲子已收回台内,0,0,1
26.604,359.0,1113.0,1,1,0,IDLE,铲子已收回台内,0,0,1
26.624,21.0,1099.0,1,1,0,IDLE,铲子已收回台内,0,0,1
26.644,32.0,1086.0,1,1,0,IDLE,铲子已收回台内,0,0,1
26.664,21.0,1086.0,1,1,0,IDLE,铲子已收回台内,0,0,1
26.684,21.0,1069.0,1,1,0,IDLE,铲子已收回台内,0,0,1
26.704,21.0,1102.0,1,1,0,IDLE,铲子已收回台内,0,0,1
26.724,22.0,1102.0,1,1,0,IDLE,铲子已收回台内,0,0,1
26.744,20.0,1099.0,1,1,0,IDLE,铲子已收回台内,0,0,1
26.764,158.0,1084.0,1,1,0,IDLE,铲子已收回台内,0,0,1
26.785,47.0,1103.0,1,1,0,IDLE,铲子已收回台内,0,0,1
26.805,21.0,1056.0,1,1,0,IDLE,铲子已收回台内,0,0,1
26.825,21.0,1069.0,1,1,0,IDLE,铲子已收回台内,0,0,1
26.845,22.0,1066.0,1,1,0,IDLE,铲子已收回台内,0,0,1
26.865,21.0,1008.0,1,1,0,IDLE,铲子已收回台内,0,0,1
26.885,21.0,1008.0,1,1,0,IDLE,铲子已收回台内,0,0,1
26.905,21.0,1024.0,1,1,0,IDLE,铲子已收回台内,0,0,1
26.925,21.0,1021.0,1,1,0,IDLE,铲子已收回台内,0,0,1
26.945,20.0,1069.0,1,1,0,IDLE,铲子已收回台内,0,0,1
26.966,21.0,1040.0,1,1,0,IDLE,铲子已收回台内,0,0,1
26.986,20.0,1021.0,1,1,0,IDLE,铲子已收回台内,0,0,1
27.006,21.0,1083.0,1,1,0,IDLE,铲子已收回台内,0,0,1
27.026,20.0,1038.0,1,1,0,IDLE,铲子已收回台内,0,0,1
27.046,30.0,1040.0,1,1,0,IDLE,铲子已收回台内,0,0,1
27.067,20.0,1053.0,1,1,0,IDLE,铲子已收回台内,0,0,1
27.087,21.0,1070.0,1,1,0,IDLE,铲子已收回台内,0,0,1
27.107,21.0,1054.0,1,1,0,IDLE,铲子已收回台内,0,0,1
27.127,24.0,1066.0,1,1,0,IDLE,铲子已收回台内,0,0,1
27.147,20.0,1037.0,1,1,0,IDLE,铲子已收回台内,0,0,1
27.167,21.0,1038.0,1,1,0,IDLE,铲子已收回台内,0,0,1
27.187,20.0,1039.0,1,1,0,IDLE,铲子已收回台内,0,0,1
27.207,20.0,1053.0,1,1,0,IDLE,铲子已收回台内,0,0,1
27.228,21.0,1069.0,1,1,0,IDLE,铲子已收回台内,0,0,1
27.248,21.0,1102.0,1,1,0,IDLE,铲子已收回台内,0,0,1
27.268,20.0,1083.0,1,1,0,IDLE,铲子已收回台内,0,0,1
27.288,21.0,1100.0,1,1,0,IDLE,铲子已收回台内,0,0,1
27.308,21.0,1100.0,1,1,0,IDLE,铲子已收回台内,0,0,1
27.328,20.0,1133.0,1,1,0,IDLE,铲子已收回台内,0,0,1
27.349,20.0,1118.0,1,1,0,IDLE,铲子已收回台内,0,0,1
27.369,20.0,1143.0,1,1,0,IDLE,铲子已收回台内,0,0,1
27.389,21.0,1115.0,1,1,0,IDLE,铲子已收回台内,0,0,1
27.409,20.0,1133.0,1,1,0,IDLE,铲子已收回台内,0,0,1
27.429,1662.0,1168.0,1,1,0,IDLE,铲子已收回台内,0,0,1
27.449,1721.0,1393.0,1,1,0,IDLE,铲子已收回台内,0,0,1
27.469,1615.0,1395.0,1,1,0,IDLE,铲子已收回台内,0,0,1
27.489,1606.0,1410.0,1,1,0,IDLE,铲子已收回台内,0,0,1
27.51,2023.0,1410.0,1,1,1,HANGED,铲子悬空，停车,0,0,1
27.53,1858.0,1424.0,1,1,1,HANGED,铲子悬空，停车,0,0,1
27.55,1597.0,1410.0,1,1,1,REVERSE,铲子悬空确认，倒车收回,-400,-400,1
27.57,1597.0,1409.0,1,1,1,REVERSE,铲子悬空确认，倒车收回,-400,-400,1
27.59,1600.0,1390.0,1,1,1,REVERSE,铲子悬空确认，倒车收回,-400,-400,1
27.61,1601.0,1394.0,1,1,1,REVERSE,铲子悬空确认，倒车收回,-400,-400,1
27.63,1614.0,1410.0,1,1,1,REVERSE,铲子悬空确认，倒车收回,-400,-400,1
27.65,1719.0,1409.0,1,1,1,REVERSE,铲子悬空确认，倒车收回,-400,-400,1
27.67,1676.0,1408.0,1,1,1,REVERSE,铲子悬空确认，倒车收回,-400,-400,1
27.691,1631.0,1409.0,1,1,1,REVERSE,铲子悬空确认，倒车收回,-400,-400,1
27.711,1628.0,1410.0,1,1,1,REVERSE,铲子悬空确认，倒车收回,-400,-400,1
27.731,1628.0,1437.0,1,1,1,REVERSE,铲子悬空确认，倒车收回,-400,-400,1
27.751,1631.0,1408.0,1,1,1,REVERSE,铲子悬空确认，倒车收回,-400,-400,1
27.771,1631.0,1408.0,1,1,1,REVERSE,铲子悬空确认，倒车收回,-400,-400,1
27.791,1784.0,1411.0,1,1,1,REVERSE,铲子悬空确认，倒车收回,-400,-400,1
27.811,1656.0,1395.0,1,1,1,REVERSE,铲子悬空确认，倒车收回,-400,-400,1
27.831,1706.0,1393.0,1,1,1,REVERSE,铲子悬空确认，倒车收回,-400,-400,1
27.852,2022.0,1396.0,1,1,1,REVERSE,铲子悬空确认，倒车收回,-400,-400,1
27.872,1601.0,1395.0,1,1,1,REVERSE,铲子悬空确认，倒车收回,-400,-400,1
27.892,1659.0,1392.0,1,1,1,REVERSE,铲子悬空确认，倒车收回,-400,-400,1
27.912,1601.0,1393.0,1,1,1,REVERSE,铲子悬空确认，倒车收回,-400,-400,1
27.932,1616.0,1394.0,1,1,1,REVERSE,铲子悬空确认，倒车收回,-400,-400,1
27.952,1812.0,1393.0,1,1,1,REVERSE,铲子悬空确认，倒车收回,-400,-400,1
27.972,1600.0,1393.0,1,1,1,REVERSE,铲子悬空确认，倒车收回,-400,-400,1
27.992,1601.0,1395.0,1,1,1,REVERSE,铲子悬空确认，倒车收回,-400,-400,1
28.013,1630.0,1395.0,1,1,1,REVERSE,铲子悬空确认，倒车收回,-400,-400,1
28.033,1857.0,1394.0,1,1,1,REVERSE,铲子悬空确认，倒车收回,-400,-400,1
28.053,1721.0,1394.0,1,1,1,REVERSE,铲子悬空确认，倒车收回,-400,-400,1
28.073,1602.0,1395.0,1,1,1,REVERSE,铲子悬空确认，倒车收回,-400,-400,1
28.093,1870.0,1137.0,1,1,1,REVERSE,铲子悬空确认，倒车收回,-400,-400,1
28.113,1870.0,1137.0,1,1,1,REVERSE,铲子悬空确认，倒车收回,-400,-400,1
28.133,18.0,1276.0,1,1,1,REVERSE,铲子悬空确认，倒车收回,-400,-400,1
28.153,20.0,1228.0,1,1,1,REVERSE,铲子悬空确认，倒车收回,-400,-400,1
28.174,39.0,1228.0,1,1,1,REVERSE,铲子悬空确认，倒车收回,-400,-400,1
28.194,21.0,1241.0,1,1,1,REVERSE,铲子悬空确认，倒车收回,-400,-400,1
28.214,20.0,1243.0,1,1,0,IDLE,铲子已收回台内,0,0,1
28.234,20.0,1244.0,1,1,0,IDLE,铲子已收回台内,0,0,1
28.254,21.0,1243.0,1,1,0,IDLE,铲子已收回台内,0,0,1
28.274,21.0,1224.0,1,1,0,IDLE,铲子已收回台内,0,0,1
28.295,20.0,1265.0,1,1,0,IDLE,铲子已收回台内,0,0,1
28.315,473.0,1244.0,1,1,0,IDLE,铲子已收回台内,0,0,1
28.335,28.0,1310.0,1,1,0,IDLE,铲子已收回台内,0,0,1
28.355,21.0,1244.0,1,1,0,IDLE,铲子已收回台内,0,0,1
28.375,20.0,1238.0,1,1,0,IDLE,铲子已收回台内,0,0,1
28.395,309.0,1226.0,1,1,0,IDLE,铲子已收回台内,0,0,1
28.415,37.0,1102.0,1,1,0,IDLE,铲子已收回台内,0,0,1
28.435,21.0,1087.0,1,1,0,IDLE,铲子已收回台内,0,0,1
28.456,21.0,1087.0,1,1,0,IDLE,铲子已收回台内,0,0,1
28.476,21.0,1054.0,1,1,0,IDLE,铲子已收回台内,0,0,1
28.496,620.0,1069.0,1,1,0,IDLE,铲子已收回台内,0,0,1
28.516,21.0,1054.0,1,1,0,IDLE,铲子已收回台内,0,0,1
28.537,21.0,1055.0,1,1,0,IDLE,铲子已收回台内,0,0,1
28.557,38.0,1071.0,1,1,0,IDLE,铲子已收回台内,0,0,1
28.577,23.0,1068.0,1,1,0,IDLE,铲子已收回台内,0,0,1
28.597,32.0,1055.0,1,1,0,IDLE,铲子已收回台内,0,0,1
28.617,21.0,1053.0,1,1,0,IDLE,铲子已收回台内,0,0,1
28.638,20.0,1020.0,1,1,0,IDLE,铲子已收回台内,0,0,1
28.658,21.0,1024.0,1,1,0,IDLE,铲子已收回台内,0,0,1
28.678,32.0,1040.0,1,1,0,IDLE,铲子已收回台内,0,0,1
28.698,21.0,1036.0,1,1,0,IDLE,铲子已收回台内,0,0,1
28.718,21.0,1036.0,1,1,0,IDLE,铲子已收回台内,0,0,1
28.738,20.0,1056.0,1,1,0,IDLE,铲子已收回台内,0,0,1
28.758,20.0,1008.0,1,1,0,IDLE,铲子已收回台内,0,0,1
28.778,20.0,1036.0,1,1,0,IDLE,铲子已收回台内,0,0,1
28.799,30.0,1036.0,1,1,0,IDLE,铲子已收回台内,0,0,1
28.819,21.0,1025.0,1,1,0,IDLE,铲子已收回台内,0,0,1
28.839,20.0,1102.0,1,1,0,IDLE,铲子已收回台内,0,0,1
28.859,20.0,1101.0,1,1,0,IDLE,铲子已收回台内,0,0,1
28.879,21.0,1132.0,1,1,0,IDLE,铲子已收回台内,0,0,1
28.899,20.0,1118.0,1,1,0,IDLE,铲子已收回台内,0,0,1
28.919,20.0,1149.0,1,1,0,IDLE,铲子已收回台内,0,0,1
28.939,20.0,1164.0,1,1,0,IDLE,铲子已收回台内,0,0,1
28.959,1785.0,1155.0,1,1,0,IDLE,铲子已收回台内,0,0,1
28.979,1585.0,1394.0,1,1,0,IDLE,铲子已收回台内,0,0,1
28.999,1705.0,1395.0,1,1,0,IDLE,铲子已收回台内,0,0,1
29.019,1811.0,1392.0,1,1,0,IDLE,铲子已收回台内,0,0,1
29.04,1585.0,1391.0,1,1,1,HANGED,铲子悬空，停车,0,0,1
29.06,1601.0,1395.0,1,1,1,HANGED,铲子悬空，停车,0,0,1
29.08,1601.0,1395.0,1,1,1,REVERSE,铲子悬空确认，倒车收回,-400,-400,1
29.1,1586.0,1394.0,1,1,1,REVERSE,铲子悬空确认，倒车收回,-400,-400,1
29.12,1583.0,1393.0,1,1,1,REVERSE,铲子悬空确认，倒车收回,-400,-400,1
29.14,1588.0,1392.0,1,1,1,REVERSE,铲子悬空确认，倒车收回,-400,-400,1
29.16,2022.0,1395.0,1,1,1,REVERSE,铲子悬空确认，倒车收回,-400,-400,1
29.18,2022.0,1396.0,1,1,1,REVERSE,铲子悬空确认，倒车收回,-400,-400,1
29.201,1669.0,1393.0,1,1,1,REVERSE,铲子悬空确认，倒车收回,-400,-400,1
29.221,1600.0,1394.0,1,1,1,REVERSE,铲子悬空确认，倒车收回,-400,-400,1
29.241,2216.0,1397.0,1,1,1,REVERSE,铲子悬空确认，倒车收回,-400,-400,1
29.261,1585.0,1406.0,1,1,1,REVERSE,铲子悬空确认，倒车收回,-400,-400,1
29.281,1614.0,1391.0,1,1,1,REVERSE,铲子悬空确认，倒车收回,-400,-400,1
29.301,1796.0,1395.0,1,1,1,REVERSE,铲子悬空确认，倒车收回,-400,-400,1
29.321,1917.0,1396.0,1,1,1,REVERSE,铲子悬空确认，倒车收回,-400,-400,1
29.341,1814.0,1394.0,1,1,1,REVERSE,铲子悬空确认，倒车收回,-400,-400,1
29.361,1597.0,1390.0,1,1,1,REVERSE,铲子悬空确认，倒车收回,-400,-400,1
29.382,1839.0,1396.0,1,1,1,REVERSE,铲子悬空确认，倒车收回,-400,-400,1
29.402,1600.0,1392.0,1,1,1,REVERSE,铲子悬空确认，倒车收回,-400,-400,1
29.422,1813.0,1394.0,1,1,1,REVERSE,铲子悬空确认，倒车收回,-400,-400,1
29.442,2035.0,1395.0,1,1,1,REVERSE,铲子悬空确认，倒车收回,-400,-400,1
29.462,1813.0,1395.0,1,1,1,REVERSE,铲子悬空确认，倒车收回,-400,-400,1
29.482,1585.0,1393.0,1,1,1,REVERSE,铲子悬空确认，倒车收回,-400,-400,1
29.502,1600.0,1405.0,1,1,1,REVERSE,铲子悬空确认，倒车收回,-400,-400,1
29.523,1600.0,1405.0,1,1,1,REVERSE,铲子悬空确认，倒车收回,-400,-400,1
29.543,1476.0,1218.0,1,1,1,REVERSE,铲子悬空确认，倒车收回,-400,-400,1
29.563,20.0,1195.0,1,1,1,REVERSE,铲子悬空确认，倒车收回,-400,-400,1
29.583,20.0,1226.0,1,1,1,REVERSE,铲子悬空确认，倒车收回,-400,-400,1
29.603,20.0,1228.0,1,1,1,REVERSE,铲子悬空确认，倒车收回,-400,-400,1
29.623,20.0,1264.0,1,1,1,REVERSE,铲子悬空确认，倒车收回,-400,-400,1
29.643,20.0,1226.0,1,1,0,IDLE,铲子已收回台内,0,0,1
29.664,21.0,1243.0,1,1,0,IDLE,铲子已收回台内,0,0,1
29.684,25.0,1243.0,1,1,0,IDLE,铲子已收回台内,0,0,1
29.704,21.0,1227.0,1,1,0,IDLE,铲子已收回台内,0,0,1
29.724,20.0,1240.0,1,1,0,IDLE,铲子已收回台内,0,0,1
29.744,92.0,1244.0,1,1,0,IDLE,铲子已收回台内,0,0,1
29.764,19.0,1280.0,1,1,0,IDLE,铲子已收回台内,0,0,1
29.784,92.0,1292.0,1,1,0,IDLE,铲子已收回台内,0,0,1
29.804,22.0,1262.0,1,1,0,IDLE,铲子已收回台内,0,0,1
29.824,20.0,1228.0,1,1,0,IDLE,铲子已收回台内,0,0,1
29.845,23.0,1244.0,1,1,0,IDLE,铲子已收回台内,0,0,1
29.865,21.0,1264.0,1,1,0,IDLE,铲子已收回台内,0,0,1
29.885,20.0,1243.0,1,1,0,IDLE,铲子已收回台内,0,0,1
29.905,23.0,1228.0,1,1,0,IDLE,铲子已收回台内,0,0,1
29.925,23.0,1228.0,1,1,0,IDLE,铲子已收回台内,0,0,1
29.945,20.0,1226.0,1,1,0,IDLE,铲子已收回台内,0,0,1
29.965,126.0,1196.0,1,1,0,IDLE,铲子已收回台内,0,0,1
29.985,21.0,1212.0,1,1,0,IDLE,铲子已收回台内,0,0,1
30.006,75.0,1225.0,1,1,0,IDLE,铲子已收回台内,0,0,1
30.026,20.0,1195.0,1,1,0,IDLE,铲子已收回台内,0,0,1
30.046,21.0,1181.0,1,1,0,IDLE,铲子已收回台内,0,0,1
30.066,21.0,1165.0,1,1,0,IDLE,铲子已收回台内,0,0,1
30.086,29.0,1148.0,1,1,0,IDLE,铲子已收回台内,0,0,1
30.106,33.0,1160.0,1,1,0,IDLE,铲子已收回台内,0,0,1
30.126,21.0,1118.0,1,1,0,IDLE,铲子已收回台内,0,0,1
30.146,20.0,1134.0,1,1,0,IDLE,铲子已收回台内,0,0,1
30.167,26.0,1115.0,1,1,0,IDLE,铲子已收回台内,0,0,1
30.187,31.0,1148.0,1,1,0,IDLE,铲子已收回台内,0,0,1
30.207,21.0,1165.0,1,1,0,IDLE,铲子已收回台内,0,0,1
30.227,30.0,1194.0,1,1,0,IDLE,铲子已收回台内,0,0,1
30.247,125.0,1180.0,1,1,0,IDLE,铲子已收回台内,0,0,1
30.267,20.0,1196.0,1,1,0,IDLE,铲子已收回台内,0,0,1
30.287,21.0,1197.0,1,1,0,IDLE,铲子已收回台内,0,0,1
30.307,20.0,1211.0,1,1,0,IDLE,铲子已收回台内,0,0,1
30.328,20.0,1225.0,1,1,0,IDLE,铲子已收回台内,0,0,1
30.348,20.0,1244.0,1,1,0,IDLE,铲子已收回台内,0,0,1
30.368,20.0,1244.0,1,1,0,IDLE,铲子已收回台内,0,0,1
30.388,20.0,1225.0,1,1,0,IDLE,铲子已收回台内,0,0,1
30.408,21.0,1227.0,1,1,0,IDLE,铲子已收回台内,0,0,1
30.428,57.0,1196.0,1,1,0,IDLE,铲子已收回台内,0,0,1
30.448,1569.0,1395.0,1,1,0,IDLE,铲子已收回台内,0,0,1
30.469,1676.0,1393.0,1,1,0,IDLE,铲子已收回台内,0,0,1
30.489,1799.0,1394.0,1,1,0,IDLE,铲子已收回台内,0,0,1
30.509,1569.0,1394.0,1,1,0,IDLE,铲子已收回台内,0,0,1
30.529,1585.0,1379.0,1,1,1,HANGED,铲子悬空，停车,0,0,1
30.55,1585.0,1392.0,1,1,1,HANGED,铲子悬空，停车,0,0,1
30.57,1582.0,1378.0,1,1,1,REVERSE,铲子悬空确认，倒车收回,-400,-400,1
30.59,1899.0,1380.0,1,1,1,REVERSE,铲子悬空确认，倒车收回,-400,-400,1
30.61,1799.0,1379.0,1,1,1,REVERSE,铲子悬空确认，倒车收回,-400,-400,1
30.63,2023.0,1377.0,1,1,1,REVERSE,铲子悬空确认，倒车收回,-400,-400,1
30.65,1783.0,1380.0,1,1,1,REVERSE,铲子悬空确认，倒车收回,-400,-400,1
30.671,1585.0,1376.0,1,1,1,REVERSE,铲子悬空确认，倒车收回,-400,-400,1
30.691,1800.0,1379.0,1,1,1,REVERSE,铲子悬空确认，倒车收回,-400,-400,1
30.711,2020.0,1381.0,1,1,1,REVERSE,铲子悬空确认，倒车收回,-400,-400,1
30.731,1674.0,1379.0,1,1,1,REVERSE,铲子悬空确认，倒车收回,-400,-400,1
30.751,1570.0,1392.0,1,1,1,REVERSE,铲子悬空确认，倒车收回,-400,-400,1
30.771,1570.0,1392.0,1,1,1,REVERSE,铲子悬空确认，倒车收回,-400,-400,1
30.791,1571.0,1393.0,1,1,1,REVERSE,铲子悬空确认，倒车收回,-400,-400,1
30.811,1843.0,1395.0,1,1,1,REVERSE,铲子悬空确认，倒车收回,-400,-400,1
30.831,1584.0,1376.0,1,1,1,REVERSE,铲子悬空确认，倒车收回,-400,-400,1
30.852,1585.0,1393.0,1,1,1,REVERSE,铲子悬空确认，倒车收回,-400,-400,1
30.872,1843.0,1394.0,1,1,1,REVERSE,铲子悬空确认，倒车收回,-400,-400,1
30.892,1570.0,1379.0,1,1,1,REVERSE,铲子悬空确认，倒车收回,-400,-400,1
30.912,1584.0,1393.0,1,1,1,REVERSE,铲子悬空确认，倒车收回,-400,-400,1
30.932,1799.0,1390.0,1,1,1,REVERSE,铲子悬空确认，倒车收回,-400,-400,1
30.952,1571.0,1395.0,1,1,1,REVERSE,铲子悬空确认，倒车收回,-400,-400,1
30.972,1641.0,1399.0,1,1,1,REVERSE,铲子悬空确认，倒车收回,-400,-400,1
30.992,1673.0,1392.0,1,1,1,REVERSE,铲子悬空确认，倒车收回,-400,-400,1
31.012,20.0,1387.0,1,1,1,REVERSE,铲子悬空确认，倒车收回,-400,-400,1
31.033,21.0,1119.0,1,1,1,REVERSE,铲子悬空确认，倒车收回,-400,-400,1
31.053,19.0,1226.0,1,1,1,REVERSE,铲子悬空确认，倒车收回,-400,-400,1
31.073,17.0,1242.0,1,1,1,REVERSE,铲子悬空确认，倒车收回,-400,-400,1
31.093,21.0,1228.0,1,1,0,REVERSE,铲子悬空确认，倒车收回,-400,-400,1
31.113,21.0,1211.0,1,1,0,IDLE,铲子已收回台内,0,0,1
31.134,31.0,1227.0,1,1,0,IDLE,铲子已收回台内,0,0,1
31.155,21.0,1228.0,1,1,0,IDLE,铲子已收回台内,0,0,1
31.175,21.0,1228.0,1,1,0,IDLE,铲子已收回台内,0,0,1
31.196,20.0,1213.0,1,1,0,IDLE,铲子已收回台内,0,0,1
31.216,20.0,1241.0,1,1,0,IDLE,铲子已收回台内,0,0,1
31.236,20.0,1243.0,1,1,0,IDLE,铲子已收回台内,0,0,1
31.257,109.0,1212.0,1,1,0,IDLE,铲子已收回台内,0,0,1
31.277,20.0,1196.0,1,1,0,IDLE,铲子已收回台内,0,0,1
31.297,23.0,1193.0,1,1,0,IDLE,铲子已收回台内,0,0,1
31.317,21.0,1212.0,1,1,0,IDLE,铲子已收回台内,0,0,1
31.337,20.0,1197.0,1,1,0,IDLE,铲子已收回台内,0,0,1
31.357,25.0,1195.0,1,1,0,IDLE,铲子已收回台内,0,0,1
31.377,32.0,1212.0,1,1,0,IDLE,铲子已收回台内,0,0,1
31.397,20.0,1165.0,1,1,0,IDLE,铲子已收回台内,0,0,1
31.418,21.0,1161.0,1,1,0,IDLE,铲子已收回台内,0,0,1
31.438,21.0,1181.0,1,1,0,IDLE,铲子已收回台内,0,0,1
31.458,20.0,1180.0,1,1,0,IDLE,铲子已收回台内,0,0,1
31.478,20.0,1165.0,1,1,0,IDLE,铲子已收回台内,0,0,1
31.498,21.0,1193.0,1,1,0,IDLE,铲子已收回台内,0,0,1
31.518,20.0,1195.0,1,1,0,IDLE,铲子已收回台内,0,0,1
31.538,20.0,1180.0,1,1,0,IDLE,铲子已收回台内,0,0,1
31.558,20.0,1180.0,1,1,0,IDLE,铲子已收回台内,0,0,1
31.578,20.0,1180.0,1,1,0,IDLE,铲子已收回台内,0,0,1
31.598,20.0,1194.0,1,1,0,IDLE,铲子已收回台内,0,0,1
31.619,21.0,1166.0,1,1,0,IDLE,铲子已收回台内,0,0,1
31.639,21.0,1149.0,1,1,0,IDLE,铲子已收回台内,0,0,1
31.659,20.0,1148.0,1,1,0,IDLE,铲子已收回台内,0,0,1
31.679,21.0,1129.0,1,1,0,IDLE,铲子已收回台内,0,0,1
31.699,20.0,1149.0,1,1,0,IDLE,铲子已收回台内,0,0,1
31.719,20.0,1162.0,1,1,0,IDLE,铲子已收回台内,0,0,1
31.739,20.0,1163.0,1,1,0,IDLE,铲子已收回台内,0,0,1
31.759,21.0,1164.0,1,1,0,IDLE,铲子已收回台内,0,0,1
31.779,20.0,1165.0,1,1,0,IDLE,铲子已收回台内,0,0,1
31.8,20.0,1132.0,1,1,0,IDLE,铲子已收回台内,0,0,1
31.82,20.0,1144.0,1,1,0,IDLE,铲子已收回台内,0,0,1
31.84,19.0,1163.0,1,1,0,IDLE,铲子已收回台内,0,0,1
31.86,32.0,1196.0,1,1,0,IDLE,铲子已收回台内,0,0,1
31.88,58.0,1163.0,1,1,0,IDLE,铲子已收回台内,0,0,1
31.9,20.0,1085.0,1,1,0,IDLE,铲子已收回台内,0,0,1
31.92,1784.0,1410.0,1,1,0,IDLE,铲子已收回台内,0,0,1
31.94,1659.0,1410.0,1,1,0,IDLE,铲子已收回台内,0,0,1
31.961,1812.0,1392.0,1,1,0,IDLE,铲子已收回台内,0,0,1
31.981,1813.0,1410.0,1,1,0,IDLE,铲子已收回台内,0,0,1
32.001,1590.0,1395.0,1,1,1,HANGED,铲子悬空，停车,0,0,1
32.021,1590.0,1395.0,1,1,1,HANGED,铲子悬空，停车,0,0,1
32.041,1812.0,1394.0,1,1,1,REVERSE,铲子悬空确认，倒车收回,-400,-400,1
32.061,1585.0,1406.0,1,1,1,REVERSE,铲子悬空确认，倒车收回,-400,-400,1
32.082,1601.0,1410.0,1,1,1,REVERSE,铲子悬空确认，倒车收回,-400,-400,1
32.102,1642.0,1440.0,1,1,1,REVERSE,铲子悬空确认，倒车收回,-400,-400,1
32.122,1900.0,1500.0,1,1,1,REVERSE,铲子悬空确认，倒车收回,-400,-400,1
32.142,1813.0,1595.0,1,1,1,REVERSE,铲子悬空确认，倒车收回,-400,-400,1
32.162,2112.0,1856.0,1,1,1,REVERSE,铲子悬空确认，倒车收回,-400,-400,1
32.182,2313.0,2064.0,1,1,1,REVERSE,铲子悬空确认，倒车收回,-400,-400,1
32.202,2560.0,2329.0,1,1,1,REVERSE,铲子悬空确认，倒车收回,-400,-400,1
32.222,2566.0,2416.0,1,1,1,REVERSE,铲子悬空确认，倒车收回,-400,-400,1
32.242,1280.0,1455.0,1,1,1,REVERSE,铲子悬空确认，倒车收回,-400,-400,1
32.263,974.0,1298.0,1,1,1,REVERSE,铲子悬空确认，倒车收回,-400,-400,1
32.283,1278.0,1328.0,1,1,1,REVERSE,铲子悬空确认，倒车收回,-400,-400,1
32.303,1355.0,1378.0,1,1,1,REVERSE,铲子悬空确认，倒车收回,-400,-400,1
32.323,1043.0,1373.0,1,1,1,REVERSE,铲子悬空确认，倒车收回,-400,-400,1
32.343,1076.0,1483.0,1,1,1,REVERSE,铲子悬空确认，倒车收回,-400,-400,1
32.363,1661.0,1641.0,1,1,1,REVERSE,铲子悬空确认，倒车收回,-400,-400,1
32.383,2099.0,2168.0,1,1,1,REVERSE,铲子悬空确认，倒车收回,-400,-400,1
32.403,2567.0,2385.0,1,1,1,REVERSE,铲子悬空确认，倒车收回,-400,-400,1
32.424,2568.0,2396.0,1,1,1,REVERSE,铲子悬空确认，倒车收回,-400,-400,1
32.444,2518.0,2006.0,1,1,1,REVERSE,铲子悬空确认，倒车收回,-400,-400,1
32.464,2198.0,1811.0,1,1,1,REVERSE,铲子悬空确认，倒车收回,-400,-400,1
32.484,2198.0,1811.0,1,1,1,REVERSE,铲子悬空确认，倒车收回,-400,-400,1
32.504,1873.0,1655.0,1,1,1,REVERSE,铲子悬空确认，倒车收回,-400,-400,1
32.524,2244.0,1536.0,1,1,1,REVERSE,铲子悬空确认，倒车收回,-400,-400,1
32.544,2043.0,1366.0,1,1,1,REVERSE,铲子悬空确认，倒车收回,-400,-400,1
32.564,1540.0,1361.0,1,1,1,REVERSE,铲子悬空确认，倒车收回,-400,-400,1
32.584,1570.0,1361.0,1,1,1,REVERSE,铲子悬空确认，倒车收回,-400,-400,1
32.605,1597.0,1380.0,1,1,1,REVERSE,铲子悬空确认，倒车收回,-400,-400,1
32.625,1568.0,1379.0,1,1,1,REVERSE,铲子悬空确认，倒车收回,-400,-400,1
32.645,1755.0,1378.0,1,1,1,REVERSE,铲子悬空确认，倒车收回,-400,-400,1
32.665,1586.0,1394.0,1,1,1,REVERSE,铲子悬空确认，倒车收回,-400,-400,1
32.685,1569.0,1379.0,1,1,1,REVERSE,铲子悬空确认，倒车收回,-400,-400,1
32.705,1630.0,1407.0,1,1,1,REVERSE,铲子悬空确认，倒车收回,-400,-400,1
32.725,1917.0,1394.0,1,1,1,REVERSE,铲子悬空确认，倒车收回,-400,-400,1
32.745,1585.0,1394.0,1,1,1,REVERSE,铲子悬空确认，倒车收回,-400,-400,1
32.765,1569.0,1393.0,1,1,1,REVERSE,铲子悬空确认，倒车收回,-400,-400,1
32.785,20.0,1133.0,1,1,1,REVERSE,铲子悬空确认，倒车收回,-400,-400,1
32.806,20.0,1275.0,1,1,1,REVERSE,铲子悬空确认，倒车收回,-400,-400,1
32.826,32.0,1265.0,1,1,1,REVERSE,铲子悬空确认，倒车收回,-400,-400,1
32.846,31.0,1292.0,1,1,1,REVERSE,铲子悬空确认，倒车收回,-400,-400,1
32.866,20.0,1293.0,1,1,0,IDLE,铲子已收回台内,0,0,1
32.886,20.0,1243.0,1,1,0,IDLE,铲子已收回台内,0,0,1
32.906,20.0,1243.0,1,1,0,IDLE,铲子已收回台内,0,0,1
32.926,21.0,1264.0,1,1,0,IDLE,铲子已收回台内,0,0,1
32.946,20.0,1280.0,1,1,0,IDLE,铲子已收回台内,0,0,1
32.967,21.0,1240.0,1,1,0,IDLE,铲子已收回台内,0,0,1
32.987,20.0,1296.0,1,1,0,IDLE,铲子已收回台内,0,0,1
33.007,34.0,1280.0,1,1,0,IDLE,铲子已收回台内,0,0,1
33.027,21.0,1264.0,1,1,0,IDLE,铲子已收回台内,0,0,1
33.047,21.0,1243.0,1,1,0,IDLE,铲子已收回台内,0,0,1
33.067,20.0,1212.0,1,1,0,IDLE,铲子已收回台内,0,0,1
33.087,20.0,1210.0,1,1,0,IDLE,铲子已收回台内,0,0,1
33.107,23.0,1224.0,1,1,0,IDLE,铲子已收回台内,0,0,1
33.127,20.0,1196.0,1,1,0,IDLE,铲子已收回台内,0,0,1
33.148,24.0,1181.0,1,1,0,IDLE,铲子已收回台内,0,0,1
33.168,29.0,1193.0,1,1,0,IDLE,铲子已收回台内,0,0,1
33.188,20.0,1179.0,1,1,0,IDLE,铲子已收回台内,0,0,1
33.208,20.0,1180.0,1,1,0,IDLE,铲子已收回台内,0,0,1
33.228,20.0,1115.0,1,1,0,IDLE,铲子已收回台内,0,0,1
33.248,174.0,1178.0,1,1,0,IDLE,铲子已收回台内,0,0,1
33.269,20.0,1164.0,1,1,0,IDLE,铲子已收回台内,0,0,1
33.289,20.0,1164.0,1,1,0,IDLE,铲子已收回台内,0,0,1
33.31,21.0,1163.0,1,1,0,IDLE,铲子已收回台内,0,0,1
33.331,23.0,1194.0,1,1,0,IDLE,铲子已收回台内,0,0,1
33.351,20.0,1180.0,1,1,0,IDLE,铲子已收回台内,0,0,1
33.371,20.0,1244.0,1,1,0,IDLE,铲子已收回台内,0,0,1
33.391,20.0,1241.0,1,1,0,IDLE,铲子已收回台内,0,0,1
33.411,24.0,1226.0,1,1,0,IDLE,铲子已收回台内,0,0,1
33.431,20.0,1243.0,1,1,0,IDLE,铲子已收回台内,0,0,1
33.451,21.0,1264.0,1,1,0,IDLE,铲子已收回台内,0,0,1
33.472,20.0,1226.0,1,1,0,IDLE,铲子已收回台内,0,0,1
33.492,20.0,1264.0,1,1,0,IDLE,铲子已收回台内,0,0,1
33.512,20.0,1280.0,1,1,0,IDLE,铲子已收回台内,0,0,1
33.532,20.0,1280.0,1,1,0,IDLE,铲子已收回台内,0,0,1
33.552,59.0,1293.0,1,1,0,IDLE,铲子已收回台内,0,0,1
33.572,1675.0,1394.0,1,1,0,IDLE,铲子已收回台内,0,0,1
33.592,1738.0,1395.0,1,1,0,IDLE,铲子已收回台内,0,0,1
33.612,1586.0,1393.0,1,1,0,IDLE,铲子已收回台内,0,0,1
33.632,1794.0,1395.0,1,1,0,IDLE,铲子已收回台内,0,0,1
33.653,2022.0,1396.0,1,1,1,HANGED,铲子悬空，停车,0,0,1
33.673,1585.0,1393.0,1,1,1,HANGED,铲子悬空，停车,0,0,1
33.693,1586.0,1393.0,1,1,1,REVERSE,铲子悬空确认，倒车收回,-400,-400,1
33.713,1584.0,1380.0,1,1,1,REVERSE,铲子悬空确认，倒车收回,-400,-400,1
33.733,1812.0,1396.0,1,1,1,REVERSE,铲子悬空确认，倒车收回,-400,-400,1
33.754,1812.0,1396.0,1,1,1,REVERSE,铲子悬空确认，倒车收回,-400,-400,1
33.774,1600.0,1377.0,1,1,1,REVERSE,铲子悬空确认，倒车收回,-400,-400,1
33.794,1645.0,1377.0,1,1,1,REVERSE,铲子悬空确认，倒车收回,-400,-400,1
33.814,1616.0,1380.0,1,1,1,REVERSE,铲子悬空确认，倒车收回,-400,-400,1
33.834,1614.0,1380.0,1,1,1,REVERSE,铲子悬空确认，倒车收回,-400,-400,1
33.854,1979.0,1393.0,1,1,1,REVERSE,铲子悬空确认，倒车收回,-400,-400,1
33.875,1601.0,1379.0,1,1,1,REVERSE,铲子悬空确认，倒车收回,-400,-400,1
33.895,1814.0,1396.0,1,1,1,REVERSE,铲子悬空确认，倒车收回,-400,-400,1
33.915,1583.0,1392.0,1,1,1,REVERSE,铲子悬空确认，倒车收回,-400,-400,1
33.935,1702.0,1391.0,1,1,1,REVERSE,铲子悬空确认，倒车收回,-400,-400,1
33.955,1585.0,1378.0,1,1,1,REVERSE,铲子悬空确认，倒车收回,-400,-400,1
33.975,1601.0,1395.0,1,1,1,REVERSE,铲子悬空确认，倒车收回,-400,-400,1
33.995,1614.0,1393.0,1,1,1,REVERSE,铲子悬空确认，倒车收回,-400,-400,1
34.015,1596.0,1393.0,1,1,1,REVERSE,铲子悬空确认，倒车收回,-400,-400,1
34.035,30.0,1387.0,1,1,1,REVERSE,铲子悬空确认，倒车收回,-400,-400,1
34.055,19.0,1388.0,1,1,1,REVERSE,铲子悬空确认，倒车收回,-400,-400,1
34.075,20.0,1387.0,1,1,1,REVERSE,铲子悬空确认，倒车收回,-400,-400,1
34.095,26.0,1226.0,1,1,1,REVERSE,铲子悬空确认，倒车收回,-400,-400,1
34.116,20.0,1211.0,1,1,0,REVERSE,铲子悬空确认，倒车收回,-400,-400,1
34.136,20.0,1196.0,1,1,0,REVERSE,铲子悬空确认，倒车收回,-400,-400,1
34.156,20.0,1277.0,1,1,0,REVERSE,铲子悬空确认，倒车收回,-400,-400,1
34.176,20.0,1264.0,1,1,0,IDLE,铲子已收回台内,0,0,1
34.196,20.0,1197.0,1,1,0,IDLE,铲子已收回台内,0,0,1
34.216,21.0,1165.0,1,1,0,IDLE,铲子已收回台内,0,0,1
34.236,21.0,1161.0,1,1,0,IDLE,铲子已收回台内,0,0,1
34.257,20.0,1162.0,1,1,0,IDLE,铲子已收回台内,0,0,1
34.277,20.0,1133.0,1,1,0,IDLE,铲子已收回台内,0,0,1
34.297,20.0,1133.0,1,1,0,IDLE,铲子已收回台内,0,0,1
34.317,20.0,1115.0,1,1,0,IDLE,铲子已收回台内,0,0,1
34.338,58.0,1148.0,1,1,0,IDLE,铲子已收回台内,0,0,1
34.358,20.0,1148.0,1,1,0,IDLE,铲子已收回台内,0,0,1
34.378,20.0,1133.0,1,1,0,IDLE,铲子已收回台内,0,0,1
34.398,21.0,1131.0,1,1,0,IDLE,铲子已收回台内,0,0,1
34.418,21.0,1084.0,1,1,0,IDLE,铲子已收回台内,0,0,1
34.438,30.0,1118.0,1,1,0,IDLE,铲子已收回台内,0,0,1
34.458,21.0,1085.0,1,1,0,IDLE,铲子已收回台内,0,0,1
34.478,21.0,1113.0,1,1,0,IDLE,铲子已收回台内,0,0,1
34.498,21.0,1070.0,1,1,0,IDLE,铲子已收回台内,0,0,1
34.519,22.0,1086.0,1,1,0,IDLE,铲子已收回台内,0,0,1
34.539,669.0,1072.0,1,1,0,IDLE,铲子已收回台内,0,0,1
34.559,22.0,1051.0,1,1,0,IDLE,铲子已收回台内,0,0,1
34.579,408.0,1041.0,1,1,0,IDLE,铲子已收回台内,0,0,1
34.599,850.0,1072.0,1,1,0,IDLE,铲子已收回台内,0,0,1
34.62,850.0,1072.0,1,1,0,IDLE,铲子已收回台内,0,0,1
34.64,508.0,1057.0,1,1,0,IDLE,铲子已收回台内,0,0,1
34.66,204.0,1102.0,1,1,0,IDLE,铲子已收回台内,0,0,1
34.68,49.0,1102.0,1,1,0,IDLE,铲子已收回台内,0,0,1
34.7,574.0,1132.0,1,1,0,IDLE,铲子已收回台内,0,0,1
34.72,22.0,1070.0,1,1,0,IDLE,铲子已收回台内,0,0,1
34.741,22.0,1008.0,1,1,0,IDLE,铲子已收回台内,0,0,1
34.761,111.0,1007.0,1,1,0,IDLE,铲子已收回台内,0,0,1
34.781,344.0,1007.0,1,1,0,IDLE,铲子已收回台内,0,0,1
34.801,93.0,1024.0,1,1,0,IDLE,铲子已收回台内,0,0,1
34.821,509.0,1041.0,1,1,0,IDLE,铲子已收回台内,0,0,1
34.841,143.0,1003.0,1,1,0,IDLE,铲子已收回台内,0,0,1
34.861,226.0,1024.0,1,1,0,IDLE,铲子已收回台内,0,0,1
34.881,38.0,1039.0,1,1,0,IDLE,铲子已收回台内,0,0,1
34.901,92.0,1038.0,1,1,0,IDLE,铲子已收回台内,0,0,1
34.922,22.0,1050.0,1,1,0,IDLE,铲子已收回台内,0,0,1
34.942,897.0,1042.0,1,1,0,IDLE,铲子已收回台内,0,0,1
34.962,21.0,1020.0,1,1,0,IDLE,铲子已收回台内,0,0,1
34.982,425.0,1007.0,1,1,0,IDLE,铲子已收回台内,0,0,1
35.002,22.0,1007.0,1,1,0,IDLE,铲子已收回台内,0,0,1
35.022,425.0,1025.0,1,1,0,IDLE,铲子已收回台内,0,0,1
35.043,21.0,1067.0,1,1,0,IDLE,铲子已收回台内,0,0,1
35.063,30.0,1069.0,1,1,0,IDLE,铲子已收回台内,0,0,1
35.083,30.0,1069.0,1,1,0,IDLE,铲子已收回台内,0,0,1
35.103,21.0,1024.0,1,1,0,IDLE,铲子已收回台内,0,0,1
35.123,33.0,1007.0,1,1,0,IDLE,铲子已收回台内,0,0,1
35.144,23.0,1004.0,1,1,0,IDLE,铲子已收回台内,0,0,1
35.164,207.0,1278.0,1,1,0,IDLE,铲子已收回台内,0,0,1
35.184,21.0,1008.0,1,1,0,IDLE,铲子已收回台内,0,0,1
35.204,20.0,1021.0,1,1,0,IDLE,铲子已收回台内,0,0,1
35.224,21.0,1021.0,1,1,0,IDLE,铲子已收回台内,0,0,1
35.244,21.0,1024.0,1,1,0,IDLE,铲子已收回台内,0,0,1
35.264,21.0,1024.0,1,1,0,IDLE,铲子已收回台内,0,0,1
35.285,21.0,1052.0,1,1,0,IDLE,铲子已收回台内,0,0,1
35.305,20.0,1037.0,1,1,0,IDLE,铲子已收回台内,0,0,1
35.325,60.0,1040.0,1,1,0,IDLE,铲子已收回台内,0,0,1
35.345,21.0,1053.0,1,1,0,IDLE,铲子已收回台内,0,0,1
35.365,59.0,1082.0,1,1,0,IDLE,铲子已收回台内,0,0,1
35.385,32.0,1085.0,1,1,0,IDLE,铲子已收回台内,0,0,1
35.405,21.0,1134.0,1,1,0,IDLE,铲子已收回台内,0,0,1
35.425,19.0,1148.0,1,1,0,IDLE,铲子已收回台内,0,0,1
35.445,20.0,1179.0,1,1,0,IDLE,铲子已收回台内,0,0,1
35.466,20.0,1196.0,1,1,0,IDLE,铲子已收回台内,0,0,1
35.486,1826.0,1439.0,1,1,0,IDLE,铲子已收回台内,0,0,1
35.506,1601.0,1424.0,1,1,0,IDLE,铲子已收回台内,0,0,1
35.526,1601.0,1424.0,1,1,0,IDLE,铲子已收回台内,0,0,1
35.546,1856.0,1426.0,1,1,0,IDLE,铲子已收回台内,0,0,1
35.566,1600.0,1441.0,1,1,1,HANGED,铲子悬空，停车,0,0,1
35.586,1616.0,1424.0,1,1,1,HANGED,铲子悬空，停车,0,0,1
35.607,1602.0,1422.0,1,1,1,REVERSE,铲子悬空确认，倒车收回,-400,-400,1
35.627,1812.0,1443.0,1,1,1,REVERSE,铲子悬空确认，倒车收回,-400,-400,1
35.647,1615.0,1454.0,1,1,1,REVERSE,铲子悬空确认，倒车收回,-400,-400,1
35.667,1661.0,1439.0,1,1,1,REVERSE,铲子悬空确认，倒车收回,-400,-400,1
35.687,1829.0,1441.0,1,1,1,REVERSE,铲子悬空确认，倒车收回,-400,-400,1
35.707,1612.0,1440.0,1,1,1,REVERSE,铲子悬空确认，倒车收回,-400,-400,1
35.727,1690.0,1440.0,1,1,1,REVERSE,铲子悬空确认，倒车收回,-400,-400,1
35.747,2245.0,1438.0,1,1,1,REVERSE,铲子悬空确认，倒车收回,-400,-400,1
35.767,1629.0,1441.0,1,1,1,REVERSE,铲子悬空确认，倒车收回,-400,-400,1
35.788,1629.0,1441.0,1,1,1,REVERSE,铲子悬空确认，倒车收回,-400,-400,1
35.808,1631.0,1440.0,1,1,1,REVERSE,铲子悬空确认，倒车收回,-400,-400,1
35.828,1616.0,1440.0,1,1,1,REVERSE,铲子悬空确认，倒车收回,-400,-400,1
35.848,1600.0,1440.0,1,1,1,REVERSE,铲子悬空确认，倒车收回,-400,-400,1
35.868,2142.0,1442.0,1,1,1,REVERSE,铲子悬空确认，倒车收回,-400,-400,1
35.888,1616.0,1436.0,1,1,1,REVERSE,铲子悬空确认，倒车收回,-400,-400,1
35.908,1616.0,1441.0,1,1,1,REVERSE,铲子悬空确认，倒车收回,-400,-400,1
35.928,1616.0,1441.0,1,1,1,REVERSE,铲子悬空确认，倒车收回,-400,-400,1
35.948,1813.0,1442.0,1,1,1,REVERSE,铲子悬空确认，倒车收回,-400,-400,1
35.968,1672.0,1440.0,1,1,1,REVERSE,铲子悬空确认，倒车收回,-400,-400,1
35.989,1755.0,1441.0,1,1,1,REVERSE,铲子悬空确认，倒车收回,-400,-400,1
36.009,1601.0,1425.0,1,1,1,REVERSE,铲子悬空确认，倒车收回,-400,-400,1
36.029,1615.0,1424.0,1,1,1,REVERSE,铲子悬空确认，倒车收回,-400,-400,1
36.049,1583.0,1435.0,1,1,1,REVERSE,铲子悬空确认，倒车收回,-400,-400,1
36.069,1814.0,1426.0,1,1,1,REVERSE,铲子悬空确认，倒车收回,-400,-400,1
36.089,1601.0,1425.0,1,1,1,REVERSE,铲子悬空确认，倒车收回,-400,-400,1
36.109,21.0,1208.0,1,1,1,REVERSE,铲子悬空确认，倒车收回,-400,-400,1
36.129,20.0,1295.0,1,1,1,REVERSE,铲子悬空确认，倒车收回,-400,-400,1
36.15,21.0,1265.0,1,1,1,REVERSE,铲子悬空确认，倒车收回,-400,-400,1
36.17,20.0,1252.0,1,1,1,REVERSE,铲子悬空确认，倒车收回,-400,-400,1
36.19,30.0,1210.0,1,1,0,IDLE,铲子已收回台内,0,0,1
36.21,21.0,1212.0,1,1,0,IDLE,铲子已收回台内,0,0,1
36.23,21.0,1181.0,1,1,0,IDLE,铲子已收回台内,0,0,1
36.25,32.0,1146.0,1,1,0,IDLE,铲子已收回台内,0,0,1
36.27,20.0,1195.0,1,1,0,IDLE,铲子已收回台内,0,0,1
36.291,21.0,1197.0,1,1,0,IDLE,铲子已收回台内,0,0,1
36.311,21.0,1197.0,1,1,0,IDLE,铲子已收回台内,0,0,1
36.331,20.0,1164.0,1,1,0,IDLE,铲子已收回台内,0,0,1
36.351,21.0,1176.0,1,1,0,IDLE,铲子已收回台内,0,0,1
36.372,32.0,1150.0,1,1,0,IDLE,铲子已收回台内,0,0,1
36.392,20.0,1133.0,1,1,0,IDLE,铲子已收回台内,0,0,1
36.412,20.0,1133.0,1,1,0,IDLE,铲子已收回台内,0,0,1
36.432,20.0,1132.0,1,1,0,IDLE,铲子已收回台内,0,0,1
36.452,21.0,1118.0,1,1,0,IDLE,铲子已收回台内,0,0,1
36.472,21.0,1116.0,1,1,0,IDLE,铲子已收回台内,0,0,1
36.492,30.0,1101.0,1,1,0,IDLE,铲子已收回台内,0,0,1
36.512,32.0,1118.0,1,1,0,IDLE,铲子已收回台内,0,0,1
36.532,19.0,1102.0,1,1,0,IDLE,铲子已收回台内,0,0,1
36.552,21.0,1103.0,1,1,0,IDLE,铲子已收回台内,0,0,1
36.573,20.0,1116.0,1,1,0,IDLE,铲子已收回台内,0,0,1
36.593,21.0,1102.0,1,1,0,IDLE,铲子已收回台内,0,0,1
36.613,21.0,1116.0,1,1,0,IDLE,铲子已收回台内,0,0,1
36.633,21.0,1117.0,1,1,0,IDLE,铲子已收回台内,0,0,1
36.653,38.0,1101.0,1,1,0,IDLE,铲子已收回台内,0,0,1
36.673,20.0,1101.0,1,1,0,IDLE,铲子已收回台内,0,0,1
36.693,21.0,1114.0,1,1,0,IDLE,铲子已收回台内,0,0,1
36.713,19.0,1116.0,1,1,0,IDLE,铲子已收回台内,0,0,1
36.733,19.0,1116.0,1,1,0,IDLE,铲子已收回台内,0,0,1
36.754,21.0,1133.0,1,1,0,IDLE,铲子已收回台内,0,0,1
36.774,20.0,1133.0,1,1,0,IDLE,铲子已收回台内,0,0,1
36.794,21.0,1147.0,1,1,0,IDLE,铲子已收回台内,0,0,1
36.814,20.0,1118.0,1,1,0,IDLE,铲子已收回台内,0,0,1
36.834,20.0,1181.0,1,1,0,IDLE,铲子已收回台内,0,0,1
36.854,20.0,1195.0,1,1,0,IDLE,铲子已收回台内,0,0,1
36.874,21.0,1192.0,1,1,0,IDLE,铲子已收回台内,0,0,1
36.894,21.0,1213.0,1,1,0,IDLE,铲子已收回台内,0,0,1
36.914,21.0,1226.0,1,1,0,IDLE,铲子已收回台内,0,0,1
36.935,20.0,1194.0,1,1,0,IDLE,铲子已收回台内,0,0,1
36.955,21.0,1228.0,1,1,0,IDLE,铲子已收回台内,0,0,1
36.975,20.0,1357.0,1,1,0,IDLE,铲子已收回台内,0,0,1
36.995,20.0,1433.0,1,1,0,IDLE,铲子已收回台内,0,0,1
37.015,21.0,1430.0,1,1,0,IDLE,铲子已收回台内,0,0,1
37.035,21.0,1434.0,1,1,0,IDLE,铲子已收回台内,0,0,1
37.055,1041.0,1440.0,1,1,0,IDLE,铲子已收回台内,0,0,1
37.076,1600.0,1440.0,1,1,0,IDLE,铲子已收回台内,0,0,1
37.096,1601.0,1425.0,1,1,0,IDLE,铲子已收回台内,0,0,1
37.117,1741.0,1426.0,1,1,0,IDLE,铲子已收回台内,0,0,1
37.137,1741.0,1426.0,1,1,1,HANGED,铲子悬空，停车,0,0,1
37.157,1814.0,1441.0,1,1,1,HANGED,铲子悬空，停车,0,0,1
37.177,1600.0,1437.0,1,1,1,REVERSE,铲子悬空确认，倒车收回,-400,-400,1
37.197,1616.0,1440.0,1,1,1,REVERSE,铲子悬空确认，倒车收回,-400,-400,1
37.217,1601.0,1440.0,1,1,1,REVERSE,铲子悬空确认，倒车收回,-400,-400,1
37.237,1690.0,1436.0,1,1,1,REVERSE,铲子悬空确认，倒车收回,-400,-400,1
37.257,1600.0,1440.0,1,1,1,REVERSE,铲子悬空确认，倒车收回,-400,-400,1
37.278,1616.0,1441.0,1,1,1,REVERSE,铲子悬空确认，倒车收回,-400,-400,1
37.298,2023.0,1438.0,1,1,1,REVERSE,铲子悬空确认，倒车收回,-400,-400,1
37.318,1616.0,1438.0,1,1,1,REVERSE,铲子悬空确认，倒车收回,-400,-400,1
37.338,1829.0,1426.0,1,1,1,REVERSE,铲子悬空确认，倒车收回,-400,-400,1
37.358,1601.0,1440.0,1,1,1,REVERSE,铲子悬空确认，倒车收回,-400,-400,1
37.378,1722.0,1428.0,1,1,1,REVERSE,铲子悬空确认，倒车收回,-400,-400,1
37.398,1945.0,1441.0,1,1,1,REVERSE,铲子悬空确认，倒车收回,-400,-400,1
37.418,1614.0,1441.0,1,1,1,REVERSE,铲子悬空确认，倒车收回,-400,-400,1
37.439,1857.0,1441.0,1,1,1,REVERSE,铲子悬空确认，倒车收回,-400,-400,1
37.459,1828.0,1453.0,1,1,1,REVERSE,铲子悬空确认，倒车收回,-400,-400,1
37.479,1616.0,1456.0,1,1,1,REVERSE,铲子悬空确认，倒车收回,-400,-400,1
37.499,1614.0,1456.0,1,1,1,REVERSE,铲子悬空确认，倒车收回,-400,-400,1
37.519,1828.0,1437.0,1,1,1,REVERSE,铲子悬空确认，倒车收回,-400,-400,1
37.539,1612.0,1440.0,1,1,1,REVERSE,铲子悬空确认，倒车收回,-400,-400,1
37.559,1612.0,1440.0,1,1,1,REVERSE,铲子悬空确认，倒车收回,-400,-400,1
37.579,1597.0,1441.0,1,1,1,REVERSE,铲子悬空确认，倒车收回,-400,-400,1
37.599,1755.0,1442.0,1,1,1,REVERSE,铲子悬空确认，倒车收回,-400,-400,1
37.619,1707.0,1429.0,1,1,1,REVERSE,铲子悬空确认，倒车收回,-400,-400,1
37.64,1645.0,1425.0,1,1,1,REVERSE,铲子悬空确认，倒车收回,-400,-400,1
37.66,1824.0,1426.0,1,1,1,REVERSE,铲子悬空确认，倒车收回,-400,-400,1
37.68,39.0,1418.0,1,1,1,REVERSE,铲子悬空确认，倒车收回,-400,-400,1
37.7,21.0,1414.0,1,1,1,REVERSE,铲子悬空确认，倒车收回,-400,-400,1
37.72,20.0,1280.0,1,1,1,REVERSE,铲子悬空确认，倒车收回,-400,-400,1
37.74,21.0,1292.0,1,1,1,REVERSE,铲子悬空确认，倒车收回,-400,-400,1
37.76,20.0,1243.0,1,1,0,REVERSE,铲子悬空确认，倒车收回,-400,-400,1
37.781,32.0,1228.0,1,1,0,REVERSE,铲子悬空确认，倒车收回,-400,-400,1
37.801,33.0,1229.0,1,1,0,IDLE,铲子已收回台内,0,0,1
37.821,21.0,1192.0,1,1,0,IDLE,铲子已收回台内,0,0,1
37.841,21.0,1211.0,1,1,0,IDLE,铲子已收回台内,0,0,1
37.861,20.0,1180.0,1,1,0,IDLE,铲子已收回台内,0,0,1
37.881,20.0,1210.0,1,1,0,IDLE,铲子已收回台内,0,0,1
37.901,21.0,1210.0,1,1,0,IDLE,铲子已收回台内,0,0,1
37.922,141.0,1181.0,1,1,0,IDLE,铲子已收回台内,0,0,1
37.942,141.0,1181.0,1,1,0,IDLE,铲子已收回台内,0,0,1
37.962,456.0,1183.0,1,1,0,IDLE,铲子已收回台内,0,0,1
37.982,21.0,1178.0,1,1,0,IDLE,铲子已收回台内,0,0,1
38.002,21.0,1180.0,1,1,0,IDLE,铲子已收回台内,0,0,1
38.022,48.0,1164.0,1,1,0,IDLE,铲子已收回台内,0,0,1
38.042,21.0,1162.0,1,1,0,IDLE,铲子已收回台内,0,0,1
38.062,21.0,1148.0,1,1,0,IDLE,铲子已收回台内,0,0,1
38.082,21.0,1165.0,1,1,0,IDLE,铲子已收回台内,0,0,1
38.102,21.0,1164.0,1,1,0,IDLE,铲子已收回台内,0,0,1
38.123,21.0,1147.0,1,1,0,IDLE,铲子已收回台内,0,0,1
38.143,21.0,1133.0,1,1,0,IDLE,铲子已收回台内,0,0,1
38.163,20.0,1165.0,1,1,0,IDLE,铲子已收回台内,0,0,1
38.183,20.0,1148.0,1,1,0,IDLE,铲子已收回台内,0,0,1
38.203,20.0,1162.0,1,1,0,IDLE,铲子已收回台内,0,0,1
38.223,21.0,1149.0,1,1,0,IDLE,铲子已收回台内,0,0,1
38.243,21.0,1148.0,1,1,0,IDLE,铲子已收回台内,0,0,1
38.263,21.0,1148.0,1,1,0,IDLE,铲子已收回台内,0,0,1
38.284,21.0,1148.0,1,1,0,IDLE,铲子已收回台内,0,0,1
38.304,20.0,1085.0,1,1,0,IDLE,铲子已收回台内,0,0,1
38.324,21.0,1039.0,1,1,0,IDLE,铲子已收回台内,0,0,1
38.344,76.0,1053.0,1,1,0,IDLE,铲子已收回台内,0,0,1
38.364,38.0,1053.0,1,1,0,IDLE,铲子已收回台内,0,0,1
38.384,20.0,1024.0,1,1,0,IDLE,铲子已收回台内,0,0,1
38.404,21.0,1036.0,1,1,0,IDLE,铲子已收回台内,0,0,1
38.424,32.0,1021.0,1,1,0,IDLE,铲子已收回台内,0,0,1
38.444,56.0,1039.0,1,1,0,IDLE,铲子已收回台内,0,0,1
38.465,21.0,1055.0,1,1,0,IDLE,铲子已收回台内,0,0,1
38.485,21.0,1067.0,1,1,0,IDLE,铲子已收回台内,0,0,1
38.505,77.0,1036.0,1,1,0,IDLE,铲子已收回台内,0,0,1
38.525,207.0,1055.0,1,1,0,IDLE,铲子已收回台内,0,0,1
38.545,33.0,1070.0,1,1,0,IDLE,铲子已收回台内,0,0,1
38.565,21.0,1052.0,1,1,0,IDLE,铲子已收回台内,0,0,1
38.585,21.0,1037.0,1,1,0,IDLE,铲子已收回台内,0,0,1
38.605,22.0,1070.0,1,1,0,IDLE,铲子已收回台内,0,0,1
38.625,49.0,1024.0,1,1,0,IDLE,铲子已收回台内,0,0,1
38.645,39.0,1005.0,1,1,0,IDLE,铲子已收回台内,0,0,1
38.666,159.0,970.0,1,1,0,IDLE,铲子已收回台内,0,0,1
38.686,24.0,957.0,1,1,0,IDLE,铲子已收回台内,0,0,1
38.706,31.0,942.0,1,1,0,IDLE,铲子已收回台内,0,0,1
38.726,126.0,940.0,1,1,0,IDLE,铲子已收回台内,0,0,1
38.746,441.0,942.0,1,1,0,IDLE,铲子已收回台内,0,0,1
38.766,25.0,941.0,1,1,0,IDLE,铲子已收回台内,0,0,1
38.786,22.0,957.0,1,1,0,IDLE,铲子已收回台内,0,0,1
38.806,21.0,970.0,1,1,0,IDLE,铲子已收回台内,0,0,1
38.826,21.0,987.0,1,1,0,IDLE,铲子已收回台内,0,0,1
38.847,21.0,987.0,1,1,0,IDLE,铲子已收回台内,0,0,1
38.867,22.0,1007.0,1,1,0,IDLE,铲子已收回台内,0,0,1
38.887,212.0,1024.0,1,1,0,IDLE,铲子已收回台内,0,0,1
38.907,21.0,1022.0,1,1,0,IDLE,铲子已收回台内,0,0,1
38.927,21.0,1022.0,1,1,0,IDLE,铲子已收回台内,0,0,1
38.947,310.0,1056.0,1,1,0,IDLE,铲子已收回台内,0,0,1
38.967,21.0,1055.0,1,1,0,IDLE,铲子已收回台内,0,0,1
38.987,23.0,1081.0,1,1,0,IDLE,铲子已收回台内,0,0,1
39.007,20.0,1085.0,1,1,0,IDLE,铲子已收回台内,0,0,1
39.027,20.0,1118.0,1,1,0,IDLE,铲子已收回台内,0,0,1
39.047,21.0,1101.0,1,1,0,IDLE,铲子已收回台内,0,0,1
39.068,21.0,1098.0,1,1,0,IDLE,铲子已收回台内,0,0,1
39.088,20.0,1148.0,1,1,0,IDLE,铲子已收回台内,0,0,1
39.108,20.0,1133.0,1,1,0,IDLE,铲子已收回台内,0,0,1
39.128,277.0,1165.0,1,1,0,IDLE,铲子已收回台内,0,0,1
39.148,20.0,1163.0,1,1,0,IDLE,铲子已收回台内,0,0,1
39.168,20.0,1165.0,1,1,0,IDLE,铲子已收回台内,0,0,1
39.188,20.0,1212.0,1,1,0,IDLE,铲子已收回台内,0,0,1
39.208,20.0,1224.0,1,1,0,IDLE,铲子已收回台内,0,0,1
39.228,20.0,1194.0,1,1,0,IDLE,铲子已收回台内,0,0,1
39.248,157.0,1228.0,1,1,0,IDLE,铲子已收回台内,0,0,1
39.269,20.0,1228.0,1,1,0,IDLE,铲子已收回台内,0,0,1
39.289,20.0,1179.0,1,1,0,IDLE,铲子已收回台内,0,0,1
39.309,20.0,1210.0,1,1,0,IDLE,铲子已收回台内,0,0,1
39.329,20.0,1212.0,1,1,0,IDLE,铲子已收回台内,0,0,1
39.349,20.0,1147.0,1,1,0,IDLE,铲子已收回台内,0,0,1
39.369,20.0,972.0,1,1,0,IDLE,铲子已收回台内,0,0,1
39.39,20.0,972.0,1,1,0,IDLE,铲子已收回台内,0,0,1
39.41,1212.0,1389.0,1,1,0,IDLE,铲子已收回台内,0,0,1
39.43,1585.0,1395.0,1,1,0,IDLE,铲子已收回台内,0,0,1
39.45,1570.0,1377.0,1,1,0,IDLE,铲子已收回台内,0,0,1
39.47,1809.0,1376.0,1,1,0,IDLE,铲子已收回台内,0,0,1
39.49,1599.0,1379.0,1,1,1,HANGED,铲子悬空，停车,0,0,1
39.511,2023.0,1378.0,1,1,1,HANGED,铲子悬空，停车,0,0,1
39.531,1570.0,1377.0,1,1,1,REVERSE,铲子悬空确认，倒车收回,-400,-400,1
39.551,1661.0,1394.0,1,1,1,REVERSE,铲子悬空确认，倒车收回,-400,-400,1
39.571,1810.0,1395.0,1,1,1,REVERSE,铲子悬空确认，倒车收回,-400,-400,1
39.591,1570.0,1390.0,1,1,1,REVERSE,铲子悬空确认，倒车收回,-400,-400,1
39.611,1784.0,1387.0,1,1,1,REVERSE,铲子悬空确认，倒车收回,-400,-400,1
39.632,1569.0,1379.0,1,1,1,REVERSE,铲子悬空确认，倒车收回,-400,-400,1
39.652,1797.0,1380.0,1,1,1,REVERSE,铲子悬空确认，倒车收回,-400,-400,1
39.672,1799.0,1377.0,1,1,1,REVERSE,铲子悬空确认，倒车收回,-400,-400,1
39.692,1733.0,1380.0,1,1,1,REVERSE,铲子悬空确认，倒车收回,-400,-400,1
39.712,1569.0,1379.0,1,1,1,REVERSE,铲子悬空确认，倒车收回,-400,-400,1
39.732,1691.0,1392.0,1,1,1,REVERSE,铲子悬空确认，倒车收回,-400,-400,1
39.752,1813.0,1394.0,1,1,1,REVERSE,铲子悬空确认，倒车收回,-400,-400,1
39.772,1672.0,1380.0,1,1,1,REVERSE,铲子悬空确认，倒车收回,-400,-400,1
39.792,2003.0,1382.0,1,1,1,REVERSE,铲子悬空确认，倒车收回,-400,-400,1
39.813,2003.0,1382.0,1,1,1,REVERSE,铲子悬空确认，倒车收回,-400,-400,1
39.833,1798.0,1376.0,1,1,1,REVERSE,铲子悬空确认，倒车收回,-400,-400,1
39.853,1571.0,1394.0,1,1,1,REVERSE,铲子悬空确认，倒车收回,-400,-400,1
39.873,1596.0,1396.0,1,1,1,REVERSE,铲子悬空确认，倒车收回,-400,-400,1
39.893,1658.0,1392.0,1,1,1,REVERSE,铲子悬空确认，倒车收回,-400,-400,1
39.913,1570.0,1378.0,1,1,1,REVERSE,铲子悬空确认，倒车收回,-400,-400,1
39.934,1571.0,1395.0,1,1,1,REVERSE,铲子悬空确认，倒车收回,-400,-400,1
39.954,1798.0,1380.0,1,1,1,REVERSE,铲子悬空确认，倒车收回,-400,-400,1
39.974,1798.0,1391.0,1,1,1,REVERSE,铲子悬空确认，倒车收回,-400,-400,1
39.994,1844.0,1380.0,1,1,1,REVERSE,铲子悬空确认，倒车收回,-400,-400,1
40.014,1570.0,1395.0,1,1,1,REVERSE,铲子悬空确认，倒车收回,-400,-400,1
40.034,988.0,1167.0,1,1,1,REVERSE,铲子悬空确认，倒车收回,-400,-400,1
40.054,20.0,1294.0,1,1,1,REVERSE,铲子悬空确认，倒车收回,-400,-400,1
40.074,20.0,1326.0,1,1,1,REVERSE,铲子悬空确认，倒车收回,-400,-400,1
40.095,20.0,1243.0,1,1,1,REVERSE,铲子悬空确认，倒车收回,-400,-400,1
40.115,20.0,1339.0,1,1,1,IDLE,铲子已收回台内,0,0,1
40.137,20.0,1295.0,1,1,0,IDLE,铲子已收回台内,0,0,1
40.157,20.0,1312.0,1,1,0,IDLE,铲子已收回台内,0,0,1
40.177,19.0,1308.0,1,1,0,IDLE,铲子已收回台内,0,0,1
40.197,20.0,1280.0,1,1,0,IDLE,铲子已收回台内,0,0,1
40.218,20.0,1295.0,1,1,0,IDLE,铲子已收回台内,0,0,1
40.238,20.0,1265.0,1,1,0,IDLE,铲子已收回台内,0,0,1
40.258,20.0,1265.0,1,1,0,IDLE,铲子已收回台内,0,0,1
40.278,24.0,1275.0,1,1,0,IDLE,铲子已收回台内,0,0,1
40.298,20.0,1227.0,1,1,0,IDLE,铲子已收回台内,0,0,1
40.318,20.0,1229.0,1,1,0,IDLE,铲子已收回台内,0,0,1
40.338,20.0,1210.0,1,1,0,IDLE,铲子已收回台内,0,0,1
40.358,20.0,1263.0,1,1,0,IDLE,铲子已收回台内,0,0,1
40.378,20.0,1212.0,1,1,0,IDLE,铲子已收回台内,0,0,1
40.399,20.0,1196.0,1,1,0,IDLE,铲子已收回台内,0,0,1
40.419,20.0,1211.0,1,1,0,IDLE,铲子已收回台内,0,0,1
40.439,20.0,1241.0,1,1,0,IDLE,铲子已收回台内,0,0,1
40.459,20.0,1196.0,1,1,0,IDLE,铲子已收回台内,0,0,1
40.48,20.0,1252.0,1,1,0,IDLE,铲子已收回台内,0,0,1
40.5,20.0,1210.0,1,1,0,IDLE,铲子已收回台内,0,0,1
40.52,32.0,1212.0,1,1,0,IDLE,铲子已收回台内,0,0,1
40.54,23.0,1280.0,1,1,0,IDLE,铲子已收回台内,0,0,1
40.56,20.0,1211.0,1,1,0,IDLE,铲子已收回台内,0,0,1
40.58,20.0,1210.0,1,1,0,IDLE,铲子已收回台内,0,0,1
40.6,20.0,1212.0,1,1,0,IDLE,铲子已收回台内,0,0,1
40.62,20.0,1244.0,1,1,0,IDLE,铲子已收回台内,0,0,1
40.64,19.0,1225.0,1,1,0,IDLE,铲子已收回台内,0,0,1
40.66,20.0,1242.0,1,1,0,IDLE,铲子已收回台内,0,0,1
40.681,20.0,1243.0,1,1,0,IDLE,铲子已收回台内,0,0,1
40.701,20.0,1243.0,1,1,0,IDLE,铲子已收回台内,0,0,1
40.721,20.0,1227.0,1,1,0,IDLE,铲子已收回台内,0,0,1
40.741,21.0,1224.0,1,1,0,IDLE,铲子已收回台内,0,0,1
40.761,33.0,1264.0,1,1,0,IDLE,铲子已收回台内,0,0,1
40.781,23.0,1228.0,1,1,0,IDLE,铲子已收回台内,0,0,1
40.801,20.0,1178.0,1,1,0,IDLE,铲子已收回台内,0,0,1
40.821,20.0,1240.0,1,1,0,IDLE,铲子已收回台内,0,0,1
40.841,20.0,1211.0,1,1,0,IDLE,铲子已收回台内,0,0,1
40.862,21.0,1194.0,1,1,0,IDLE,铲子已收回台内,0,0,1
40.882,20.0,1208.0,1,1,0,IDLE,铲子已收回台内,0,0,1
40.902,21.0,1228.0,1,1,0,IDLE,铲子已收回台内,0,0,1
40.922,20.0,1213.0,1,1,0,IDLE,铲子已收回台内,0,0,1
40.942,30.0,1194.0,1,1,0,IDLE,铲子已收回台内,0,0,1
40.962,20.0,1228.0,1,1,0,IDLE,铲子已收回台内,0,0,1
40.982,20.0,1244.0,1,1,0,IDLE,铲子已收回台内,0,0,1
41.002,20.0,1224.0,1,1,0,IDLE,铲子已收回台内,0,0,1
41.022,20.0,1241.0,1,1,0,IDLE,铲子已收回台内,0,0,1
41.043,20.0,1212.0,1,1,0,IDLE,铲子已收回台内,0,0,1
41.063,20.0,1228.0,1,1,0,IDLE,铲子已收回台内,0,0,1
41.083,20.0,1197.0,1,1,0,IDLE,铲子已收回台内,0,0,1
41.103,20.0,1194.0,1,1,0,IDLE,铲子已收回台内,0,0,1
41.123,20.0,1194.0,1,1,0,IDLE,铲子已收回台内,0,0,1
41.143,20.0,1211.0,1,1,0,IDLE,铲子已收回台内,0,0,1
41.164,20.0,1213.0,1,1,0,IDLE,铲子已收回台内,0,0,1
41.184,20.0,1226.0,1,1,0,IDLE,铲子已收回台内,0,0,1
41.204,21.0,1211.0,1,1,0,IDLE,铲子已收回台内,0,0,1
41.224,21.0,1228.0,1,1,0,IDLE,铲子已收回台内,0,0,1
41.244,24.0,1224.0,1,1,0,IDLE,铲子已收回台内,0,0,1
41.264,32.0,1264.0,1,1,0,IDLE,铲子已收回台内,0,0,1
41.284,21.0,1197.0,1,1,0,IDLE,铲子已收回台内,0,0,1
41.304,20.0,1211.0,1,1,0,IDLE,铲子已收回台内,0,0,1
41.324,20.0,1208.0,1,1,0,IDLE,铲子已收回台内,0,0,1
41.345,20.0,1210.0,1,1,0,IDLE,铲子已收回台内,0,0,1
41.365,21.0,1244.0,1,1,0,IDLE,铲子已收回台内,0,0,1
41.385,21.0,1242.0,1,1,0,IDLE,铲子已收回台内,0,0,1
41.405,20.0,1224.0,1,1,0,IDLE,铲子已收回台内,0,0,1
41.425,19.0,1227.0,1,1,0,IDLE,铲子已收回台内,0,0,1
41.445,20.0,1227.0,1,1,0,IDLE,铲子已收回台内,0,0,1
41.465,20.0,1264.0,1,1,0,IDLE,铲子已收回台内,0,0,1
41.485,20.0,1225.0,1,1,0,IDLE,铲子已收回台内,0,0,1
41.506,20.0,1227.0,1,1,0,IDLE,铲子已收回台内,0,0,1
41.527,20.0,1195.0,1,1,0,IDLE,铲子已收回台内,0,0,1
41.547,20.0,1195.0,1,1,0,IDLE,铲子已收回台内,0,0,1
41.567,20.0,1207.0,1,1,0,IDLE,铲子已收回台内,0,0,1
41.587,20.0,1244.0,1,1,0,IDLE,铲子已收回台内,0,0,1
41.607,19.0,1244.0,1,1,0,IDLE,铲子已收回台内,0,0,1
41.627,20.0,1208.0,1,1,0,IDLE,铲子已收回台内,0,0,1
41.647,20.0,1211.0,1,1,0,IDLE,铲子已收回台内,0,0,1
41.667,20.0,1212.0,1,1,0,IDLE,铲子已收回台内,0,0,1
41.688,20.0,1240.0,1,1,0,IDLE,铲子已收回台内,0,0,1
41.708,21.0,1293.0,1,1,0,IDLE,铲子已收回台内,0,0,1
41.728,20.0,1196.0,1,1,0,IDLE,铲子已收回台内,0,0,1
41.748,20.0,1228.0,1,1,0,IDLE,铲子已收回台内,0,0,1
41.768,21.0,1211.0,1,1,0,IDLE,铲子已收回台内,0,0,1
41.788,19.0,1192.0,1,1,0,IDLE,铲子已收回台内,0,0,1
41.808,20.0,1243.0,1,1,0,IDLE,铲子已收回台内,0,0,1
41.828,20.0,1277.0,1,1,0,IDLE,铲子已收回台内,0,0,1
41.848,18.0,1225.0,1,1,0,IDLE,铲子已收回台内,0,0,1
41.868,21.0,1244.0,1,1,0,IDLE,铲子已收回台内,0,0,1
41.889,19.0,1228.0,1,1,0,IDLE,铲子已收回台内,0,0,1
41.909,20.0,1263.0,1,1,0,IDLE,铲子已收回台内,0,0,1
41.929,21.0,1238.0,1,1,0,IDLE,铲子已收回台内,0,0,1
41.949,21.0,1238.0,1,1,0,IDLE,铲子已收回台内,0,0,1
41.969,21.0,1227.0,1,1,0,IDLE,铲子已收回台内,0,0,1
41.989,20.0,1212.0,1,1,0,IDLE,铲子已收回台内,0,0,1
42.009,21.0,1243.0,1,1,0,IDLE,铲子已收回台内,0,0,1
42.029,20.0,1211.0,1,1,0,IDLE,铲子已收回台内,0,0,1
42.049,21.0,1197.0,1,1,0,IDLE,铲子已收回台内,0,0,1
42.07,23.0,1209.0,1,1,0,IDLE,铲子已收回台内,0,0,1
42.09,32.0,1210.0,1,1,0,IDLE,铲子已收回台内,0,0,1
42.11,18.0,1265.0,1,1,0,IDLE,铲子已收回台内,0,0,1
42.13,20.0,1227.0,1,1,0,IDLE,铲子已收回台内,0,0,1
42.15,32.0,1227.0,1,1,0,IDLE,铲子已收回台内,0,0,1
42.17,20.0,1161.0,1,1,0,IDLE,铲子已收回台内,0,0,1
42.19,20.0,1149.0,1,1,0,IDLE,铲子已收回台内,0,0,1
42.21,20.0,1156.0,1,1,0,IDLE,铲子已收回台内,0,0,1
42.23,17.0,1101.0,1,1,0,IDLE,铲子已收回台内,0,0,1
42.25,20.0,1069.0,1,1,0,IDLE,铲子已收回台内,0,0,1
42.271,20.0,1039.0,1,1,0,IDLE,铲子已收回台内,0,0,1
42.291,28.0,1081.0,1,1,0,IDLE,铲子已收回台内,0,0,1
42.311,32.0,1083.0,1,1,0,IDLE,铲子已收回台内,0,0,1
42.331,20.0,1102.0,1,1,0,IDLE,铲子已收回台内,0,0,1
42.351,20.0,957.0,1,1,0,IDLE,铲子已收回台内,0,0,1
42.371,20.0,1006.0,1,1,0,IDLE,铲子已收回台内,0,0,1
42.391,20.0,1006.0,1,1,0,IDLE,铲子已收回台内,0,0,1
42.411,20.0,1069.0,1,1,0,IDLE,铲子已收回台内,0,0,1
42.431,21.0,1072.0,1,1,0,IDLE,铲子已收回台内,0,0,1
42.452,20.0,972.0,1,1,0,IDLE,铲子已收回台内,0,0,1
42.472,20.0,1130.0,1,1,0,IDLE,铲子已收回台内,0,0,1
42.492,21.0,1086.0,1,1,0,IDLE,铲子已收回台内,0,0,1
42.512,20.0,1072.0,1,1,0,IDLE,铲子已收回台内,0,0,1
42.532,20.0,1038.0,1,1,0,IDLE,铲子已收回台内,0,0,1
42.552,21.0,1054.0,1,1,0,IDLE,铲子已收回台内,0,0,1
42.572,20.0,1039.0,1,1,0,IDLE,铲子已收回台内,0,0,1
42.592,21.0,1020.0,1,1,0,IDLE,铲子已收回台内,0,0,1
42.612,20.0,1006.0,1,1,0,IDLE,铲子已收回台内,0,0,1
42.633,20.0,1054.0,1,1,0,IDLE,铲子已收回台内,0,0,1
42.653,20.0,1070.0,1,1,0,IDLE,铲子已收回台内,0,0,1
42.673,21.0,1001.0,1,1,0,IDLE,铲子已收回台内,0,0,1
42.693,20.0,1020.0,1,1,0,IDLE,铲子已收回台内,0,0,1
42.713,20.0,1086.0,1,1,0,IDLE,铲子已收回台内,0,0,1
42.733,21.0,1098.0,1,1,0,IDLE,铲子已收回台内,0,0,1
42.754,21.0,1116.0,1,1,0,IDLE,铲子已收回台内,0,0,1
42.774,20.0,1133.0,1,1,0,IDLE,铲子已收回台内,0,0,1
42.794,21.0,1181.0,1,1,0,IDLE,铲子已收回台内,0,0,1
42.814,21.0,1181.0,1,1,0,IDLE,铲子已收回台内,0,0,1
42.834,21.0,1148.0,1,1,0,IDLE,铲子已收回台内,0,0,1
42.854,20.0,1147.0,1,1,0,IDLE,铲子已收回台内,0,0,1
42.874,20.0,1133.0,1,1,0,IDLE,铲子已收回台内,0,0,1
42.894,21.0,1102.0,1,1,0,IDLE,铲子已收回台内,0,0,1
42.915,21.0,1083.0,1,1,0,IDLE,铲子已收回台内,0,0,1
42.935,20.0,1069.0,1,1,0,IDLE,铲子已收回台内,0,0,1
42.955,21.0,1038.0,1,1,0,IDLE,铲子已收回台内,0,0,1
42.975,21.0,1053.0,1,1,0,IDLE,铲子已收回台内,0,0,1
42.995,21.0,1054.0,1,1,0,IDLE,铲子已收回台内,0,0,1
43.015,456.0,1056.0,1,1,0,IDLE,铲子已收回台内,0,0,1
43.036,20.0,1070.0,1,1,0,IDLE,铲子已收回台内,0,0,1
43.057,141.0,1101.0,1,1,0,IDLE,铲子已收回台内,0,0,1
43.077,159.0,1067.0,1,1,0,IDLE,铲子已收回台内,0,0,1
43.097,21.0,1024.0,1,1,0,IDLE,铲子已收回台内,0,0,1
43.117,21.0,988.0,1,1,0,IDLE,铲子已收回台内,0,0,1
43.137,126.0,957.0,1,1,0,IDLE,铲子已收回台内,0,0,1
43.158,21.0,973.0,1,1,0,IDLE,铲子已收回台内,0,0,1
43.178,21.0,971.0,1,1,0,IDLE,铲子已收回台内,0,0,1
43.198,21.0,971.0,1,1,0,IDLE,铲子已收回台内,0,0,1
43.218,22.0,924.0,1,1,0,IDLE,铲子已收回台内,0,0,1
43.238,25.0,957.0,1,1,0,IDLE,铲子已收回台内,0,0,1
43.258,21.0,942.0,1,1,0,IDLE,铲子已收回台内,0,0,1
43.278,23.0,973.0,1,1,0,IDLE,铲子已收回台内,0,0,1
43.299,20.0,937.0,1,1,0,IDLE,铲子已收回台内,0,0,1
43.319,20.0,925.0,1,1,0,IDLE,铲子已收回台内,0,0,1
43.339,21.0,955.0,1,1,0,IDLE,铲子已收回台内,0,0,1
43.359,20.0,923.0,1,1,0,IDLE,铲子已收回台内,0,0,1
43.379,23.0,940.0,1,1,0,IDLE,铲子已收回台内,0,0,1
43.399,21.0,925.0,1,1,0,IDLE,铲子已收回台内,0,0,1
43.419,21.0,957.0,1,1,0,IDLE,铲子已收回台内,0,0,1
43.439,21.0,951.0,1,1,0,IDLE,铲子已收回台内,0,0,1
43.459,21.0,941.0,1,1,0,IDLE,铲子已收回台内,0,0,1
43.48,20.0,957.0,1,1,0,IDLE,铲子已收回台内,0,0,1
43.5,21.0,939.0,1,1,0,IDLE,铲子已收回台内,0,0,1
43.52,26.0,955.0,1,1,0,IDLE,铲子已收回台内,0,0,1
43.54,75.0,942.0,1,1,0,IDLE,铲子已收回台内,0,0,1
43.56,21.0,957.0,1,1,0,IDLE,铲子已收回台内,0,0,1
43.58,19.0,956.0,1,1,0,IDLE,铲子已收回台内,0,0,1
43.6,32.0,956.0,1,1,0,IDLE,铲子已收回台内,0,0,1
43.62,20.0,972.0,1,1,0,IDLE,铲子已收回台内,0,0,1
43.64,20.0,988.0,1,1,0,IDLE,铲子已收回台内,0,0,1
43.66,20.0,940.0,1,1,0,IDLE,铲子已收回台内,0,0,1
43.681,46.0,972.0,1,1,0,IDLE,铲子已收回台内,0,0,1
43.701,46.0,972.0,1,1,0,IDLE,铲子已收回台内,0,0,1
43.721,21.0,957.0,1,1,0,IDLE,铲子已收回台内,0,0,1
43.741,244.0,957.0,1,1,0,IDLE,铲子已收回台内,0,0,1
43.762,20.0,971.0,1,1,0,IDLE,铲子已收回台内,0,0,1
43.782,19.0,989.0,1,1,0,IDLE,铲子已收回台内,0,0,1
43.802,21.0,957.0,1,1,0,IDLE,铲子已收回台内,0,0,1
43.822,20.0,969.0,1,1,0,IDLE,铲子已收回台内,0,0,1
43.842,374.0,956.0,1,1,0,IDLE,铲子已收回台内,0,0,1
43.862,20.0,989.0,1,1,0,IDLE,铲子已收回台内,0,0,1
43.882,21.0,973.0,1,1,0,IDLE,铲子已收回台内,0,0,1
43.902,28.0,971.0,1,1,0,IDLE,铲子已收回台内,0,0,1
43.922,20.0,970.0,1,1,0,IDLE,铲子已收回台内,0,0,1
43.942,106.0,974.0,1,1,0,IDLE,铲子已收回台内,0,0,1
43.962,24.0,973.0,1,1,0,IDLE,铲子已收回台内,0,0,1
43.983,20.0,1020.0,1,1,0,IDLE,铲子已收回台内,0,0,1
44.003,21.0,1116.0,1,1,0,IDLE,铲子已收回台内,0,0,1
44.023,60.0,1227.0,1,1,0,IDLE,铲子已收回台内,0,0,1
44.043,20.0,1118.0,1,1,0,IDLE,铲子已收回台内,0,0,1
44.063,20.0,1116.0,1,1,0,IDLE,铲子已收回台内,0,0,1
44.083,192.0,1118.0,1,1,0,IDLE,铲子已收回台内,0,0,1
44.103,176.0,1102.0,1,1,0,IDLE,铲子已收回台内,0,0,1
44.123,21.0,1118.0,1,1,0,IDLE,铲子已收回台内,0,0,1
44.143,21.0,1148.0,1,1,0,IDLE,铲子已收回台内,0,0,1
44.163,22.0,1117.0,1,1,0,IDLE,铲子已收回台内,0,0,1
44.183,20.0,1118.0,1,1,0,IDLE,铲子已收回台内,0,0,1
44.204,21.0,1105.0,1,1,0,IDLE,铲子已收回台内,0,0,1
44.224,158.0,1085.0,1,1,0,IDLE,铲子已收回台内,0,0,1
44.244,30.0,1100.0,1,1,0,IDLE,铲子已收回台内,0,0,1
44.264,20.0,1149.0,1,1,0,IDLE,铲子已收回台内,0,0,1
44.284,20.0,1165.0,1,1,0,IDLE,铲子已收回台内,0,0,1
44.304,20.0,1195.0,1,1,0,IDLE,铲子已收回台内,0,0,1
44.324,21.0,1194.0,1,1,0,IDLE,铲子已收回台内,0,0,1
44.344,21.0,1280.0,1,1,0,IDLE,铲子已收回台内,0,0,1
44.365,20.0,1311.0,1,1,0,IDLE,铲子已收回台内,0,0,1
44.385,21.0,1388.0,1,1,0,IDLE,铲子已收回台内,0,0,1
44.405,21.0,1388.0,1,1,0,IDLE,铲子已收回台内,0,0,1
44.425,1783.0,1410.0,1,1,0,IDLE,铲子已收回台内,0,0,1
44.445,1496.0,1425.0,1,1,0,IDLE,铲子已收回台内,0,0,1
44.465,1089.0,1421.0,1,1,0,IDLE,铲子已收回台内,0,0,1
44.485,1090.0,1420.0,1,1,0,IDLE,铲子已收回台内,0,0,1
44.505,1414.0,1424.0,1,1,1,HANGED,铲子悬空，停车,0,0,1
44.525,1197.0,1438.0,1,1,1,HANGED,铲子悬空，停车,0,0,1
44.546,1011.0,1422.0,1,1,1,REVERSE,铲子悬空确认，倒车收回,-400,-400,1
44.566,1168.0,1421.0,1,1,1,REVERSE,铲子悬空确认，倒车收回,-400,-400,1
44.586,1181.0,1438.0,1,1,1,REVERSE,铲子悬空确认，倒车收回,-400,-400,1
44.606,1101.0,1439.0,1,1,1,REVERSE,铲子悬空确认，倒车收回,-400,-400,1
44.626,1168.0,1439.0,1,1,1,REVERSE,铲子悬空确认，倒车收回,-400,-400,1
44.646,1447.0,1439.0,1,1,1,REVERSE,铲子悬空确认，倒车收回,-400,-400,1
44.666,1180.0,1438.0,1,1,1,REVERSE,铲子悬空确认，倒车收回,-400,-400,1
44.686,943.0,1438.0,1,1,1,REVERSE,铲子悬空确认，倒车收回,-400,-400,1
44.706,1198.0,1438.0,1,1,1,REVERSE,铲子悬空确认，倒车收回,-400,-400,1
44.726,1214.0,1438.0,1,1,1,REVERSE,铲子悬空确认，倒车收回,-400,-400,1
44.747,1184.0,1453.0,1,1,1,REVERSE,铲子悬空确认，倒车收回,-400,-400,1
44.767,1197.0,1455.0,1,1,1,REVERSE,铲子悬空确认，倒车收回,-400,-400,1
44.787,1460.0,1468.0,1,1,1,REVERSE,铲子悬空确认，倒车收回,-400,-400,1
44.807,1246.0,1450.0,1,1,1,REVERSE,铲子悬空确认，倒车收回,-400,-400,1
44.827,976.0,1454.0,1,1,1,REVERSE,铲子悬空确认，倒车收回,-400,-400,1
44.847,1213.0,1454.0,1,1,1,REVERSE,铲子悬空确认，倒车收回,-400,-400,1
44.867,1182.0,1453.0,1,1,1,REVERSE,铲子悬空确认，倒车收回,-400,-400,1
44.887,1200.0,1448.0,1,1,1,REVERSE,铲子悬空确认，倒车收回,-400,-400,1
44.908,1416.0,1440.0,1,1,1,REVERSE,铲子悬空确认，倒车收回,-400,-400,1
44.928,1197.0,1439.0,1,1,1,REVERSE,铲子悬空确认，倒车收回,-400,-400,1
44.948,1136.0,1438.0,1,1,1,REVERSE,铲子悬空确认，倒车收回,-400,-400,1
44.968,1355.0,1438.0,1,1,1,REVERSE,铲子悬空确认，倒车收回,-400,-400,1
44.988,1355.0,1438.0,1,1,1,REVERSE,铲子悬空确认，倒车收回,-400,-400,1
45.008,281.0,1373.0,1,1,1,REVERSE,铲子悬空确认，倒车收回,-400,-400,1
45.028,32.0,1401.0,1,1,1,REVERSE,铲子悬空确认，倒车收回,-400,-400,1
45.048,20.0,1433.0,1,1,1,REVERSE,铲子悬空确认，倒车收回,-400,-400,1
45.068,20.0,1296.0,1,1,1,REVERSE,铲子悬空确认，倒车收回,-400,-400,1
45.089,21.0,1264.0,1,1,0,REVERSE,铲子悬空确认，倒车收回,-400,-400,1
45.109,158.0,1226.0,1,1,0,REVERSE,铲子悬空确认，倒车收回,-400,-400,1
45.129,326.0,1197.0,1,1,0,REVERSE,铲子悬空确认，倒车收回,-400,-400,1
45.149,20.0,1228.0,1,1,0,IDLE,铲子已收回台内,0,0,1
45.169,21.0,1224.0,1,1,0,IDLE,铲子已收回台内,0,0,1
45.189,21.0,1228.0,1,1,0,IDLE,铲子已收回台内,0,0,1
45.209,20.0,1180.0,1,1,0,IDLE,铲子已收回台内,0,0,1
45.229,20.0,1179.0,1,1,0,IDLE,铲子已收回台内,0,0,1
45.249,190.0,1212.0,1,1,0,IDLE,铲子已收回台内,0,0,1
45.27,21.0,1227.0,1,1,0,IDLE,铲子已收回台内,0,0,1
45.29,21.0,1227.0,1,1,0,IDLE,铲子已收回台内,0,0,1
45.31,20.0,1177.0,1,1,0,IDLE,铲子已收回台内,0,0,1
45.33,20.0,1178.0,1,1,0,IDLE,铲子已收回台内,0,0,1
45.35,21.0,1164.0,1,1,0,IDLE,铲子已收回台内,0,0,1
45.37,21.0,1163.0,1,1,0,IDLE,铲子已收回台内,0,0,1
45.39,224.0,1117.0,1,1,0,IDLE,铲子已收回台内,0,0,1
45.41,208.0,1134.0,1,1,0,IDLE,铲子已收回台内,0,0,1
45.43,21.0,1149.0,1,1,0,IDLE,铲子已收回台内,0,0,1
45.451,20.0,1173.0,1,1,0,IDLE,铲子已收回台内,0,0,1
45.471,22.0,1164.0,1,1,0,IDLE,铲子已收回台内,0,0,1
45.491,20.0,1197.0,1,1,0,IDLE,铲子已收回台内,0,0,1
45.511,20.0,1208.0,1,1,0,IDLE,铲子已收回台内,0,0,1
45.531,94.0,1211.0,1,1,0,IDLE,铲子已收回台内,0,0,1
45.551,20.0,1264.0,1,1,0,IDLE,铲子已收回台内,0,0,1
45.571,21.0,1404.0,1,1,0,IDLE,铲子已收回台内,0,0,1
45.591,20.0,1387.0,1,1,0,IDLE,铲子已收回台内,0,0,1
45.612,1538.0,1436.0,1,1,0,IDLE,铲子已收回台内,0,0,1
45.632,1180.0,1454.0,1,1,0,IDLE,铲子已收回台内,0,0,1
45.652,1180.0,1454.0,1,1,0,IDLE,铲子已收回台内,0,0,1
45.673,1152.0,1439.0,1,1,0,IDLE,铲子已收回台内,0,0,1
45.693,1152.0,1436.0,1,1,1,HANGED,铲子悬空，停车,0,0,1
45.713,927.0,1437.0,1,1,1,HANGED,铲子悬空，停车,0,0,1
45.733,881.0,1438.0,1,1,1,REVERSE,铲子悬空确认，倒车收回,-400,-400,1
45.753,865.0,1450.0,1,1,1,REVERSE,铲子悬空确认，倒车收回,-400,-400,1
45.773,1105.0,1453.0,1,1,1,REVERSE,铲子悬空确认，倒车收回,-400,-400,1
45.794,1136.0,1440.0,1,1,1,REVERSE,铲子悬空确认，倒车收回,-400,-400,1
45.814,1125.0,1437.0,1,1,1,REVERSE,铲子悬空确认，倒车收回,-400,-400,1
45.834,1152.0,1434.0,1,1,1,REVERSE,铲子悬空确认，倒车收回,-400,-400,1
45.854,1105.0,1438.0,1,1,1,REVERSE,铲子悬空确认，倒车收回,-400,-400,1
45.874,942.0,1438.0,1,1,1,REVERSE,铲子悬空确认，倒车收回,-400,-400,1
45.895,1248.0,1436.0,1,1,1,REVERSE,铲子悬空确认，倒车收回,-400,-400,1
45.915,1370.0,1438.0,1,1,1,REVERSE,铲子悬空确认，倒车收回,-400,-400,1
45.935,847.0,1453.0,1,1,1,REVERSE,铲子悬空确认，倒车收回,-400,-400,1
45.955,1072.0,1453.0,1,1,1,REVERSE,铲子悬空确认，倒车收回,-400,-400,1
45.975,1108.0,1437.0,1,1,1,REVERSE,铲子悬空确认，倒车收回,-400,-400,1
45.995,1401.0,1440.0,1,1,1,REVERSE,铲子悬空确认，倒车收回,-400,-400,1
46.015,1166.0,1439.0,1,1,1,REVERSE,铲子悬空确认，倒车收回,-400,-400,1
46.035,1131.0,1437.0,1,1,1,REVERSE,铲子悬空确认，倒车收回,-400,-400,1
46.055,1131.0,1437.0,1,1,1,REVERSE,铲子悬空确认，倒车收回,-400,-400,1
46.076,929.0,1437.0,1,1,1,REVERSE,铲子悬空确认，倒车收回,-400,-400,1
46.096,1152.0,1440.0,1,1,1,REVERSE,铲子悬空确认，倒车收回,-400,-400,1
46.116,1133.0,1438.0,1,1,1,REVERSE,铲子悬空确认，倒车收回,-400,-400,1
46.136,1323.0,1422.0,1,1,1,REVERSE,铲子悬空确认，倒车收回,-400,-400,1
46.156,717.0,1405.0,1,1,1,REVERSE,铲子悬空确认，倒车收回,-400,-400,1
46.176,21.0,1372.0,1,1,1,REVERSE,铲子悬空确认，倒车收回,-400,-400,1
46.196,80.0,1390.0,1,1,1,REVERSE,铲子悬空确认，倒车收回,-400,-400,1
46.216,21.0,1232.0,1,1,1,REVERSE,铲子悬空确认，倒车收回,-400,-400,1
46.236,21.0,1244.0,1,1,1,REVERSE,铲子悬空确认，倒车收回,-400,-400,1
46.256,20.0,1280.0,1,1,0,REVERSE,铲子悬空确认，倒车收回,-400,-400,1
46.277,47.0,1261.0,1,1,0,REVERSE,铲子悬空确认，倒车收回,-400,-400,1
46.297,21.0,1228.0,1,1,0,IDLE,铲子已收回台内,0,0,1
46.317,20.0,1226.0,1,1,0,IDLE,铲子已收回台内,0,0,1
46.337,21.0,1195.0,1,1,0,IDLE,铲子已收回台内,0,0,1
46.357,21.0,1195.0,1,1,0,IDLE,铲子已收回台内,0,0,1
46.377,589.0,1168.0,1,1,0,IDLE,铲子已收回台内,0,0,1
46.397,702.0,1135.0,1,1,0,IDLE,铲子已收回台内,0,0,1
46.417,21.0,1114.0,1,1,0,IDLE,铲子已收回台内,0,0,1
46.438,20.0,1149.0,1,1,0,IDLE,铲子已收回台内,0,0,1
46.458,21.0,1149.0,1,1,0,IDLE,铲子已收回台内,0,0,1
46.478,20.0,1099.0,1,1,0,IDLE,铲子已收回台内,0,0,1
46.498,277.0,1133.0,1,1,0,IDLE,铲子已收回台内,0,0,1
46.518,158.0,1086.0,1,1,0,IDLE,铲子已收回台内,0,0,1
46.538,21.0,1085.0,1,1,0,IDLE,铲子已收回台内,0,0,1
46.558,76.0,1076.0,1,1,0,IDLE,铲子已收回台内,0,0,1
46.578,20.0,1070.0,1,1,0,IDLE,铲子已收回台内,0,0,1
46.598,21.0,1070.0,1,1,0,IDLE,铲子已收回台内,0,0,1
46.619,21.0,1069.0,1,1,0,IDLE,铲子已收回台内,0,0,1
46.639,20.0,1053.0,1,1,0,IDLE,铲子已收回台内,0,0,1
46.659,21.0,1055.0,1,1,0,IDLE,铲子已收回台内,0,0,1
46.679,21.0,1053.0,1,1,0,IDLE,铲子已收回台内,0,0,1
46.699,21.0,1069.0,1,1,0,IDLE,铲子已收回台内,0,0,1
46.719,20.0,1071.0,1,1,0,IDLE,铲子已收回台内,0,0,1
46.739,20.0,1071.0,1,1,0,IDLE,铲子已收回台内,0,0,1
46.759,191.0,1072.0,1,1,0,IDLE,铲子已收回台内,0,0,1
46.779,60.0,1051.0,1,1,0,IDLE,铲子已收回台内,0,0,1
46.8,20.0,1038.0,1,1,0,IDLE,铲子已收回台内,0,0,1
46.82,20.0,990.0,1,1,0,IDLE,铲子已收回台内,0,0,1
46.84,119.0,957.0,1,1,0,IDLE,铲子已收回台内,0,0,1
46.86,20.0,971.0,1,1,0,IDLE,铲子已收回台内,0,0,1
46.88,20.0,957.0,1,1,0,IDLE,铲子已收回台内,0,0,1
46.9,20.0,972.0,1,1,0,IDLE,铲子已收回台内,0,0,1
46.92,32.0,955.0,1,1,0,IDLE,铲子已收回台内,0,0,1
46.94,21.0,1006.0,1,1,0,IDLE,铲子已收回台内,0,0,1
46.961,21.0,1007.0,1,1,0,IDLE,铲子已收回台内,0,0,1
46.981,21.0,1056.0,1,1,0,IDLE,铲子已收回台内,0,0,1
47.001,24.0,1051.0,1,1,0,IDLE,铲子已收回台内,0,0,1
47.021,21.0,1038.0,1,1,0,IDLE,铲子已收回台内,0,0,1
47.041,47.0,989.0,1,1,0,IDLE,铲子已收回台内,0,0,1
47.061,20.0,1100.0,1,1,0,IDLE,铲子已收回台内,0,0,1
47.081,21.0,1130.0,1,1,0,IDLE,铲子已收回台内,0,0,1
47.101,176.0,1071.0,1,1,0,IDLE,铲子已收回台内,0,0,1
47.121,71.0,1071.0,1,1,0,IDLE,铲子已收回台内,0,0,1
47.142,34.0,1051.0,1,1,0,IDLE,铲子已收回台内,0,0,1
47.162,20.0,1069.0,1,1,0,IDLE,铲子已收回台内,0,0,1
47.182,20.0,1069.0,1,1,0,IDLE,铲子已收回台内,0,0,1
47.202,21.0,1055.0,1,1,0,IDLE,铲子已收回台内,0,0,1
47.222,21.0,1085.0,1,1,0,IDLE,铲子已收回台内,0,0,1
47.242,21.0,1084.0,1,1,0,IDLE,铲子已收回台内,0,0,1
47.262,20.0,1102.0,1,1,0,IDLE,铲子已收回台内,0,0,1
47.282,22.0,1070.0,1,1,0,IDLE,铲子已收回台内,0,0,1
47.303,20.0,1100.0,1,1,0,IDLE,铲子已收回台内,0,0,1
47.323,21.0,1131.0,1,1,0,IDLE,铲子已收回台内,0,0,1
47.343,21.0,1165.0,1,1,0,IDLE,铲子已收回台内,0,0,1
47.363,20.0,1145.0,1,1,0,IDLE,铲子已收回台内,0,0,1
47.383,21.0,1147.0,1,1,0,IDLE,铲子已收回台内,0,0,1
47.403,24.0,1164.0,1,1,0,IDLE,铲子已收回台内,0,0,1
47.423,24.0,1181.0,1,1,0,IDLE,铲子已收回台内,0,0,1
47.443,21.0,1448.0,1,1,0,IDLE,铲子已收回台内,0,0,1
47.463,21.0,2387.0,1,1,0,IDLE,铲子已收回台内,0,0,1
47.484,31.0,2475.0,1,1,0,IDLE,铲子已收回台内,0,0,1
47.504,20.0,2462.0,1,1,0,IDLE,铲子已收回台内,0,0,1
47.524,277.0,2349.0,1,1,0,IDLE,铲子已收回台内,0,0,1
47.544,1461.0,1746.0,1,1,0,IDLE,铲子已收回台内,0,0,1
47.564,960.0,1469.0,1,1,0,IDLE,铲子已收回台内,0,0,1
47.584,960.0,1469.0,1,1,0,IDLE,铲子已收回台内,0,0,1
47.604,1340.0,1469.0,1,1,0,IDLE,铲子已收回台内,0,0,1
47.624,540.0,1465.0,1,1,0,IDLE,铲子已收回台内,0,0,1
47.645,1085.0,1470.0,1,1,1,HANGED,铲子悬空，停车,0,0,1
47.665,716.0,1484.0,1,1,1,HANGED,铲子悬空，停车,0,0,1
47.685,1136.0,1480.0,1,1,1,REVERSE,铲子悬空确认，倒车收回,-400,-400,1
47.705,1431.0,1470.0,1,1,1,REVERSE,铲子悬空确认，倒车收回,-400,-400,1
47.725,1193.0,1470.0,1,1,1,REVERSE,铲子悬空确认，倒车收回,-400,-400,1
47.745,1181.0,1468.0,1,1,1,REVERSE,铲子悬空确认，倒车收回,-400,-400,1
47.765,1447.0,1466.0,1,1,1,REVERSE,铲子悬空确认，倒车收回,-400,-400,1
47.785,1197.0,1470.0,1,1,1,REVERSE,铲子悬空确认，倒车收回,-400,-400,1
47.805,1308.0,1470.0,1,1,1,REVERSE,铲子悬空确认，倒车收回,-400,-400,1
47.826,1184.0,1468.0,1,1,1,REVERSE,铲子悬空确认，倒车收回,-400,-400,1
47.846,1230.0,1470.0,1,1,1,REVERSE,铲子悬空确认，倒车收回,-400,-400,1
47.866,1175.0,1470.0,1,1,1,REVERSE,铲子悬空确认，倒车收回,-400,-400,1
47.886,1289.0,1497.0,1,1,1,REVERSE,铲子悬空确认，倒车收回,-400,-400,1
47.906,1370.0,1483.0,1,1,1,REVERSE,铲子悬空确认，倒车收回,-400,-400,1
47.926,1152.0,1484.0,1,1,1,REVERSE,铲子悬空确认，倒车收回,-400,-400,1
47.946,889.0,1484.0,1,1,1,REVERSE,铲子悬空确认，倒车收回,-400,-400,1
47.966,1336.0,1469.0,1,1,1,REVERSE,铲子悬空确认，倒车收回,-400,-400,1
47.986,912.0,1464.0,1,1,1,REVERSE,铲子悬空确认，倒车收回,-400,-400,1
48.006,912.0,1464.0,1,1,1,REVERSE,铲子悬空确认，倒车收回,-400,-400,1
48.027,1074.0,1469.0,1,1,1,REVERSE,铲子悬空确认，倒车收回,-400,-400,1
48.047,960.0,1489.0,1,1,1,REVERSE,铲子悬空确认，倒车收回,-400,-400,1
48.067,765.0,2204.0,1,1,1,REVERSE,铲子悬空确认，倒车收回,-400,-400,1
48.087,1843.0,2411.0,1,1,1,REVERSE,铲子悬空确认，倒车收回,-400,-400,1
48.108,20.0,2433.0,1,1,1,REVERSE,铲子悬空确认，倒车收回,-400,-400,1
48.128,20.0,2260.0,1,1,1,REVERSE,铲子悬空确认，倒车收回,-400,-400,1
48.148,21.0,1148.0,1,1,1,REVERSE,铲子悬空确认，倒车收回,-400,-400,1
48.168,22.0,1165.0,1,1,1,REVERSE,铲子悬空确认，倒车收回,-400,-400,1
48.188,20.0,1165.0,1,1,0,REVERSE,铲子悬空确认，倒车收回,-400,-400,1
48.208,20.0,1164.0,1,1,0,REVERSE,铲子悬空确认，倒车收回,-400,-400,1
48.228,20.0,1164.0,1,1,0,IDLE,铲子已收回台内,0,0,1
48.248,20.0,1165.0,1,1,0,IDLE,铲子已收回台内,0,0,1
48.268,29.0,1178.0,1,1,0,IDLE,铲子已收回台内,0,0,1
48.289,20.0,1211.0,1,1,0,IDLE,铲子已收回台内,0,0,1
48.309,21.0,1212.0,1,1,0,IDLE,铲子已收回台内,0,0,1
48.329,20.0,1228.0,1,1,0,IDLE,铲子已收回台内,0,0,1
48.349,30.0,1225.0,1,1,0,IDLE,铲子已收回台内,0,0,1
48.369,20.0,1227.0,1,1,0,IDLE,铲子已收回台内,0,0,1
48.389,20.0,1212.0,1,1,0,IDLE,铲子已收回台内,0,0,1
48.409,76.0,1211.0,1,1,0,IDLE,铲子已收回台内,0,0,1
48.429,29.0,1210.0,1,1,0,IDLE,铲子已收回台内,0,0,1
48.449,29.0,1210.0,1,1,0,IDLE,铲子已收回台内,0,0,1
48.469,21.0,1196.0,1,1,0,IDLE,铲子已收回台内,0,0,1
48.49,20.0,1149.0,1,1,0,IDLE,铲子已收回台内,0,0,1
48.51,20.0,1116.0,1,1,0,IDLE,铲子已收回台内,0,0,1
48.53,19.0,1133.0,1,1,0,IDLE,铲子已收回台内,0,0,1
48.55,456.0,1198.0,1,1,0,IDLE,铲子已收回台内,0,0,1
48.57,21.0,1196.0,1,1,0,IDLE,铲子已收回台内,0,0,1
48.59,158.0,1180.0,1,1,0,IDLE,铲子已收回台内,0,0,1
48.61,20.0,1195.0,1,1,0,IDLE,铲子已收回台内,0,0,1
48.63,20.0,1165.0,1,1,0,IDLE,铲子已收回台内,0,0,1
48.65,19.0,1148.0,1,1,0,IDLE,铲子已收回台内,0,0,1
48.67,20.0,1160.0,1,1,0,IDLE,铲子已收回台内,0,0,1
48.691,21.0,1179.0,1,1,0,IDLE,铲子已收回台内,0,0,1
48.711,46.0,1180.0,1,1,0,IDLE,铲子已收回台内,0,0,1
48.731,21.0,1201.0,1,1,0,IDLE,铲子已收回台内,0,0,1
48.751,20.0,1208.0,1,1,0,IDLE,铲子已收回台内,0,0,1
48.771,21.0,1195.0,1,1,0,IDLE,铲子已收回台内,0,0,1
48.791,1253.0,2481.0,1,1,0,IDLE,铲子已收回台内,0,0,1
48.811,768.0,2476.0,1,1,0,IDLE,铲子已收回台内,0,0,1
48.831,1105.0,1499.0,1,1,0,IDLE,铲子已收回台内,0,0,1
48.851,1074.0,1548.0,1,1,0,IDLE,铲子已收回台内,0,0,1
48.871,1190.0,1640.0,1,1,1,HANGED,铲子悬空，停车,0,0,1
48.892,1476.0,1564.0,1,1,1,HANGED,铲子悬空，停车,0,0,1
48.912,977.0,1499.0,1,1,1,REVERSE,铲子悬空确认，倒车收回,-400,-400,1
48.932,1246.0,1454.0,1,1,1,REVERSE,铲子悬空确认，倒车收回,-400,-400,1
48.952,1277.0,1439.0,1,1,1,REVERSE,铲子悬空确认，倒车收回,-400,-400,1
48.972,1181.0,1451.0,1,1,1,REVERSE,铲子悬空确认，倒车收回,-400,-400,1
48.992,1339.0,1461.0,1,1,1,REVERSE,铲子悬空确认，倒车收回,-400,-400,1
49.012,1844.0,1457.0,1,1,1,REVERSE,铲子悬空确认，倒车收回,-400,-400,1
49.032,1370.0,1470.0,1,1,1,REVERSE,铲子悬空确认，倒车收回,-400,-400,1
49.052,1370.0,1470.0,1,1,1,REVERSE,铲子悬空确认，倒车收回,-400,-400,1
49.072,1384.0,1467.0,1,1,1,REVERSE,铲子悬空确认，倒车收回,-400,-400,1
49.092,1524.0,1468.0,1,1,1,REVERSE,铲子悬空确认，倒车收回,-400,-400,1
49.113,1385.0,1469.0,1,1,1,REVERSE,铲子悬空确认，倒车收回,-400,-400,1
49.133,1120.0,1469.0,1,1,1,REVERSE,铲子悬空确认，倒车收回,-400,-400,1
49.153,1369.0,1454.0,1,1,1,REVERSE,铲子悬空确认，倒车收回,-400,-400,1
49.173,1369.0,1451.0,1,1,1,REVERSE,铲子悬空确认，倒车收回,-400,-400,1
49.193,1060.0,1453.0,1,1,1,REVERSE,铲子悬空确认，倒车收回,-400,-400,1
49.213,1251.0,1468.0,1,1,1,REVERSE,铲子悬空确认，倒车收回,-400,-400,1
49.233,1457.0,1435.0,1,1,1,REVERSE,铲子悬空确认，倒车收回,-400,-400,1
49.253,1216.0,1470.0,1,1,1,REVERSE,铲子悬空确认，倒车收回,-400,-400,1
49.274,944.0,1500.0,1,1,1,REVERSE,铲子悬空确认，倒车收回,-400,-400,1
49.294,1383.0,1534.0,1,1,1,REVERSE,铲子悬空确认，倒车收回,-400,-400,1
49.314,1244.0,1577.0,1,1,1,REVERSE,铲子悬空确认，倒车收回,-400,-400,1
49.334,1152.0,1594.0,1,1,1,REVERSE,铲子悬空确认，倒车收回,-400,-400,1
49.354,1324.0,1591.0,1,1,1,REVERSE,铲子悬空确认，倒车收回,-400,-400,1
49.375,1024.0,1577.0,1,1,1,REVERSE,铲子悬空确认，倒车收回,-400,-400,1
49.395,830.0,1547.0,1,1,1,REVERSE,铲子悬空确认，倒车收回,-400,-400,1
49.415,896.0,1484.0,1,1,1,REVERSE,铲子悬空确认，倒车收回,-400,-400,1
49.435,1058.0,1482.0,1,1,1,REVERSE,铲子悬空确认，倒车收回,-400,-400,1
49.455,1058.0,1482.0,1,1,1,REVERSE,铲子悬空确认，倒车收回,-400,-400,1
49.475,1291.0,1439.0,1,1,1,REVERSE,铲子悬空确认，倒车收回,-400,-400,1
49.495,1706.0,1188.0,1,1,1,REVERSE,铲子悬空确认，倒车收回,-400,-400,1
49.515,20.0,1164.0,1,1,1,REVERSE,铲子悬空确认，倒车收回,-400,-400,1
49.536,27.0,1145.0,1,1,1,REVERSE,铲子悬空确认，倒车收回,-400,-400,1
49.556,21.0,1165.0,1,1,1,REVERSE,铲子悬空确认，倒车收回,-400,-400,1
49.576,21.0,1149.0,1,1,1,REVERSE,铲子悬空确认，倒车收回,-400,-400,1
49.596,20.0,1146.0,1,1,0,IDLE,铲子已收回台内,0,0,1
49.616,20.0,1164.0,1,1,0,IDLE,铲子已收回台内,0,0,1
49.638,20.0,1149.0,1,1,0,IDLE,铲子已收回台内,0,0,1
49.658,20.0,1147.0,1,1,0,IDLE,铲子已收回台内,0,0,1
49.678,31.0,1194.0,1,1,0,IDLE,铲子已收回台内,0,0,1
49.698,21.0,1197.0,1,1,0,IDLE,铲子已收回台内,0,0,1
49.718,21.0,1229.0,1,1,0,IDLE,铲子已收回台内,0,0,1
49.738,20.0,1240.0,1,1,0,IDLE,铲子已收回台内,0,0,1
49.758,109.0,1243.0,1,1,0,IDLE,铲子已收回台内,0,0,1
49.778,30.0,1196.0,1,1,0,IDLE,铲子已收回台内,0,0,1
49.799,38.0,1179.0,1,1,0,IDLE,铲子已收回台内,0,0,1
49.819,20.0,1162.0,1,1,0,IDLE,铲子已收回台内,0,0,1
49.839,21.0,1102.0,1,1,0,IDLE,铲子已收回台内,0,0,1
49.859,21.0,1102.0,1,1,0,IDLE,铲子已收回台内,0,0,1
49.879,20.0,1102.0,1,1,0,IDLE,铲子已收回台内,0,0,1
49.9,21.0,1084.0,1,1,0,IDLE,铲子已收回台内,0,0,1
49.92,24.0,1085.0,1,1,0,IDLE,铲子已收回台内,0,0,1
49.94,33.0,1118.0,1,1,0,IDLE,铲子已收回台内,0,0,1
49.96,26.0,1118.0,1,1,0,IDLE,铲子已收回台内,0,0,1
49.98,20.0,1113.0,1,1,0,IDLE,铲子已收回台内,0,0,1
50.0,20.0,1118.0,1,1,0,IDLE,铲子已收回台内,0,0,1
50.02,20.0,1133.0,1,1,0,IDLE,铲子已收回台内,0,0,1
50.04,30.0,1117.0,1,1,0,IDLE,铲子已收回台内,0,0,1
50.06,92.0,1131.0,1,1,0,IDLE,铲子已收回台内,0,0,1
50.081,20.0,1149.0,1,1,0,IDLE,铲子已收回台内,0,0,1
50.101,372.0,1132.0,1,1,0,IDLE,铲子已收回台内,0,0,1
50.121,21.0,1148.0,1,1,0,IDLE,铲子已收回台内,0,0,1
50.141,472.0,1166.0,1,1,0,IDLE,铲子已收回台内,0,0,1
50.162,1324.0,1171.0,1,1,0,IDLE,铲子已收回台内,0,0,1
50.182,732.0,1165.0,1,1,0,IDLE,铲子已收回台内,0,0,1
50.202,992.0,1152.0,1,1,0,IDLE,铲子已收回台内,0,0,1
50.222,1168.0,2381.0,1,1,0,IDLE,铲子已收回台内,0,0,1
50.242,896.0,2437.0,1,1,1,HANGED,铲子悬空，停车,0,0,1
50.262,1119.0,2374.0,1,1,1,HANGED,铲子悬空，停车,0,0,1
50.282,1103.0,1437.0,1,1,1,REVERSE,铲子悬空确认，倒车收回,-400,-400,1
50.302,1103.0,1437.0,1,1,1,REVERSE,铲子悬空确认，倒车收回,-400,-400,1
50.322,1168.0,1440.0,1,1,1,REVERSE,铲子悬空确认，倒车收回,-400,-400,1
50.343,1160.0,1438.0,1,1,1,REVERSE,铲子悬空确认，倒车收回,-400,-400,1
50.363,862.0,1328.0,1,1,1,REVERSE,铲子悬空确认，倒车收回,-400,-400,1
50.383,1057.0,1454.0,1,1,1,REVERSE,铲子悬空确认，倒车收回,-400,-400,1
50.403,1400.0,1470.0,1,1,1,REVERSE,铲子悬空确认，倒车收回,-400,-400,1
50.423,1168.0,1468.0,1,1,1,REVERSE,铲子悬空确认，倒车收回,-400,-400,1
50.443,954.0,1453.0,1,1,1,REVERSE,铲子悬空确认，倒车收回,-400,-400,1
50.464,1214.0,1486.0,1,1,1,REVERSE,铲子悬空确认，倒车收回,-400,-400,1
50.484,943.0,1498.0,1,1,1,REVERSE,铲子悬空确认，倒车收回,-400,-400,1
50.504,1244.0,1517.0,1,1,1,REVERSE,铲子悬空确认，倒车收回,-400,-400,1
50.524,1307.0,1564.0,1,1,1,REVERSE,铲子悬空确认，倒车收回,-400,-400,1
50.544,1414.0,1595.0,1,1,1,REVERSE,铲子悬空确认，倒车收回,-400,-400,1
50.564,1540.0,1625.0,1,1,1,REVERSE,铲子悬空确认，倒车收回,-400,-400,1
50.584,1944.0,1654.0,1,1,1,REVERSE,铲子悬空确认，倒车收回,-400,-400,1
50.604,1445.0,1747.0,1,1,1,REVERSE,铲子悬空确认，倒车收回,-400,-400,1
50.624,192.0,1756.0,1,1,1,REVERSE,铲子悬空确认，倒车收回,-400,-400,1
50.645,863.0,1734.0,1,1,1,REVERSE,铲子悬空确认，倒车收回,-400,-400,1
50.665,1414.0,1746.0,1,1,1,REVERSE,铲子悬空确认，倒车收回,-400,-400,1
50.685,1322.0,1640.0,1,1,1,REVERSE,铲子悬空确认，倒车收回,-400,-400,1
50.705,1931.0,1595.0,1,1,1,REVERSE,铲子悬空确认，倒车收回,-400,-400,1
50.725,1931.0,1595.0,1,1,1,REVERSE,铲子悬空确认，倒车收回,-400,-400,1
50.745,1526.0,1533.0,1,1,1,REVERSE,铲子悬空确认，倒车收回,-400,-400,1
50.765,1193.0,1393.0,1,1,1,REVERSE,铲子悬空确认，倒车收回,-400,-400,1
50.786,860.0,1277.0,1,1,1,REVERSE,铲子悬空确认，倒车收回,-400,-400,1
50.806,604.0,1102.0,1,1,1,REVERSE,铲子悬空确认，倒车收回,-400,-400,1
50.826,492.0,991.0,1,1,1,REVERSE,铲子悬空确认，倒车收回,-400,-400,1
50.846,522.0,1088.0,1,1,1,REVERSE,铲子悬空确认，倒车收回,-400,-400,1
50.866,800.0,1181.0,1,1,1,IDLE,铲子已收回台内,0,0,1
50.886,1058.0,1818.0,1,1,1,HANGED,铲子悬空，停车,0,0,1
50.906,1257.0,2091.0,1,1,1,HANGED,铲子悬空，停车,0,0,1
50.927,1156.0,1378.0,1,1,1,REVERSE,铲子悬空确认，倒车收回,-400,-400,1
50.947,960.0,1406.0,1,1,1,REVERSE,铲子悬空确认，倒车收回,-400,-400,1
50.967,769.0,1329.0,1,1,1,REVERSE,铲子悬空确认，倒车收回,-400,-400,1
50.987,943.0,1169.0,1,1,1,REVERSE,铲子悬空确认，倒车收回,-400,-400,1
51.007,1414.0,1170.0,1,1,1,REVERSE,铲子悬空确认，倒车收回,-400,-400,1
51.027,21.0,1131.0,1,1,1,REVERSE,铲子悬空确认，倒车收回,-400,-400,1
51.047,20.0,1133.0,1,1,1,REVERSE,铲子悬空确认，倒车收回,-400,-400,1
51.067,20.0,1134.0,1,1,1,REVERSE,铲子悬空确认，倒车收回,-400,-400,1
51.087,20.0,1115.0,1,1,1,REVERSE,铲子悬空确认，倒车收回,-400,-400,1
51.108,20.0,1117.0,1,1,0,REVERSE,铲子悬空确认，倒车收回,-400,-400,1
51.128,20.0,1119.0,1,1,0,REVERSE,铲子悬空确认，倒车收回,-400,-400,1
51.148,20.0,1119.0,1,1,0,REVERSE,铲子悬空确认，倒车收回,-400,-400,1
51.168,20.0,1133.0,1,1,0,REVERSE,铲子悬空确认，倒车收回,-400,-400,1
51.188,33.0,1069.0,1,1,0,REVERSE,铲子悬空确认，倒车收回,-400,-400,1
51.208,21.0,1119.0,1,1,0,REVERSE,铲子悬空确认，倒车收回,-400,-400,1
51.228,21.0,1135.0,1,1,0,IDLE,铲子已收回台内,0,0,1
51.248,20.0,1101.0,1,1,0,IDLE,铲子已收回台内,0,0,1
51.268,20.0,1082.0,1,1,0,IDLE,铲子已收回台内,0,0,1
51.289,59.0,990.0,1,1,0,IDLE,铲子已收回台内,0,0,1
51.309,540.0,956.0,1,1,0,IDLE,铲子已收回台内,0,0,1
51.329,618.0,1119.0,1,1,0,IDLE,铲子已收回台内,0,0,1
51.349,20.0,1227.0,1,1,0,IDLE,铲子已收回台内,0,0,1
51.369,47.0,1039.0,1,1,0,IDLE,铲子已收回台内,0,0,1
51.389,21.0,1116.0,1,1,0,IDLE,铲子已收回台内,0,0,1
51.409,20.0,1179.0,1,1,0,IDLE,铲子已收回台内,0,0,1
51.429,20.0,1117.0,1,1,0,IDLE,铲子已收回台内,0,0,1
51.449,21.0,1119.0,1,1,0,IDLE,铲子已收回台内,0,0,1
51.47,21.0,1098.0,1,1,0,IDLE,铲子已收回台内,0,0,1
51.49,21.0,1117.0,1,1,0,IDLE,铲子已收回台内,0,0,1
51.51,20.0,1102.0,1,1,0,IDLE,铲子已收回台内,0,0,1
51.53,20.0,1101.0,1,1,0,IDLE,铲子已收回台内,0,0,1
51.55,20.0,1101.0,1,1,0,IDLE,铲子已收回台内,0,0,1
51.57,21.0,1099.0,1,1,0,IDLE,铲子已收回台内,0,0,1
51.59,25.0,1104.0,1,1,0,IDLE,铲子已收回台内,0,0,1
51.61,20.0,1102.0,1,1,0,IDLE,铲子已收回台内,0,0,1
51.63,19.0,1114.0,1,1,0,IDLE,铲子已收回台内,0,0,1
51.651,21.0,1101.0,1,1,0,IDLE,铲子已收回台内,0,0,1
51.671,20.0,1102.0,1,1,0,IDLE,铲子已收回台内,0,0,1
51.691,93.0,1103.0,1,1,0,IDLE,铲子已收回台内,0,0,1
51.711,21.0,1100.0,1,1,0,IDLE,铲子已收回台内,0,0,1
51.731,31.0,1102.0,1,1,0,IDLE,铲子已收回台内,0,0,1
51.751,58.0,1102.0,1,1,0,IDLE,铲子已收回台内,0,0,1
51.771,20.0,1100.0,1,1,0,IDLE,铲子已收回台内,0,0,1
51.791,47.0,1101.0,1,1,0,IDLE,铲子已收回台内,0,0,1
51.811,20.0,1103.0,1,1,0,IDLE,铲子已收回台内,0,0,1
51.832,20.0,1100.0,1,1,0,IDLE,铲子已收回台内,0,0,1
51.852,20.0,1100.0,1,1,0,IDLE,铲子已收回台内,0,0,1
51.872,29.0,1103.0,1,1,0,IDLE,铲子已收回台内,0,0,1
51.892,20.0,1102.0,1,1,0,IDLE,铲子已收回台内,0,0,1
51.912,46.0,1101.0,1,1,0,IDLE,铲子已收回台内,0,0,1
51.932,21.0,1101.0,1,1,0,IDLE,铲子已收回台内,0,0,1
51.952,21.0,1101.0,1,1,0,IDLE,铲子已收回台内,0,0,1
51.972,21.0,1102.0,1,1,0,IDLE,铲子已收回台内,0,0,1
51.993,20.0,1100.0,1,1,0,IDLE,铲子已收回台内,0,0,1
52.013,21.0,1101.0,1,1,0,IDLE,铲子已收回台内,0,0,1
52.033,20.0,1102.0,1,1,0,IDLE,铲子已收回台内,0,0,1
52.053,33.0,1099.0,1,1,0,IDLE,铲子已收回台内,0,0,1
52.073,24.0,1100.0,1,1,0,IDLE,铲子已收回台内,0,0,1
52.093,24.0,1101.0,1,1,0,IDLE,铲子已收回台内,0,0,1
52.113,21.0,1102.0,1,1,0,IDLE,铲子已收回台内,0,0,1
52.133,59.0,1101.0,1,1,0,IDLE,铲子已收回台内,0,0,1
52.154,20.0,1100.0,1,1,0,IDLE,铲子已收回台内,0,0,1
52.174,20.0,1102.0,1,1,0,IDLE,铲子已收回台内,0,0,1
52.194,25.0,1086.0,1,1,0,IDLE,铲子已收回台内,0,0,1
52.214,140.0,1101.0,1,1,0,IDLE,铲子已收回台内,0,0,1
52.234,21.0,1101.0,1,1,0,IDLE,铲子已收回台内,0,0,1
52.255,20.0,1102.0,1,1,0,IDLE,铲子已收回台内,0,0,1
52.275,25.0,1101.0,1,1,0,IDLE,铲子已收回台内,0,0,1
52.295,21.0,1097.0,1,1,0,IDLE,铲子已收回台内,0,0,1
52.315,20.0,1102.0,1,1,0,IDLE,铲子已收回台内,0,0,1
52.335,20.0,1102.0,1,1,0,IDLE,铲子已收回台内,0,0,1
52.355,21.0,1102.0,1,1,0,IDLE,铲子已收回台内,0,0,1
52.376,20.0,1100.0,1,1,0,IDLE,铲子已收回台内,0,0,1
52.396,21.0,1102.0,1,1,0,IDLE,铲子已收回台内,0,0,1
52.416,21.0,1086.0,1,1,0,IDLE,铲子已收回台内,0,0,1
52.436,20.0,1100.0,1,1,0,IDLE,铲子已收回台内,0,0,1
52.456,21.0,1085.0,1,1,0,IDLE,铲子已收回台内,0,0,1
52.476,21.0,1088.0,1,1,0,IDLE,铲子已收回台内,0,0,1
52.496,21.0,1101.0,1,1,0,IDLE,铲子已收回台内,0,0,1
52.517,21.0,1101.0,1,1,0,IDLE,铲子已收回台内,0,0,1
52.537,21.0,1100.0,1,1,0,IDLE,铲子已收回台内,0,0,1
52.557,20.0,1086.0,1,1,0,IDLE,铲子已收回台内,0,0,1
52.577,21.0,1099.0,1,1,0,IDLE,铲子已收回台内,0,0,1
52.597,21.0,1101.0,1,1,0,IDLE,铲子已收回台内,0,0,1
52.617,20.0,1101.0,1,1,0,IDLE,铲子已收回台内,0,0,1
52.637,20.0,1086.0,1,1,0,IDLE,铲子已收回台内,0,0,1
52.657,295.0,1116.0,1,1,0,IDLE,铲子已收回台内,0,0,1
52.677,21.0,1098.0,1,1,0,IDLE,铲子已收回台内,0,0,1
52.697,20.0,1101.0,1,1,0,IDLE,铲子已收回台内,0,0,1
52.717,21.0,1086.0,1,1,0,IDLE,铲子已收回台内,0,0,1
52.737,21.0,1101.0,1,1,0,IDLE,铲子已收回台内,0,0,1
52.758,21.0,1100.0,1,1,0,IDLE,铲子已收回台内,0,0,1
52.778,20.0,1086.0,1,1,0,IDLE,铲子已收回台内,0,0,1
52.798,21.0,1087.0,1,1,0,IDLE,铲子已收回台内,0,0,1
52.818,21.0,1101.0,1,1,0,IDLE,铲子已收回台内,0,0,1
52.838,21.0,1101.0,1,1,0,IDLE,铲子已收回台内,0,0,1
52.858,21.0,1102.0,1,1,0,IDLE,铲子已收回台内,0,0,1
52.878,21.0,1086.0,1,1,0,IDLE,铲子已收回台内,0,0,1
52.898,21.0,1099.0,1,1,0,IDLE,铲子已收回台内,0,0,1
52.918,21.0,1099.0,1,1,0,IDLE,铲子已收回台内,0,0,1
52.938,110.0,1101.0,1,1,0,IDLE,铲子已收回台内,0,0,1
52.959,21.0,1088.0,1,1,0,IDLE,铲子已收回台内,0,0,1
52.979,22.0,1101.0,1,1,0,IDLE,铲子已收回台内,0,0,1
52.999,108.0,1101.0,1,1,0,IDLE,铲子已收回台内,0,0,1
53.019,21.0,1101.0,1,1,0,IDLE,铲子已收回台内,0,0,1
53.039,22.0,1102.0,1,1,0,IDLE,铲子已收回台内,0,0,1
53.059,20.0,1102.0,1,1,0,IDLE,铲子已收回台内,0,0,1
53.079,21.0,1098.0,1,1,0,IDLE,铲子已收回台内,0,0,1
53.099,21.0,1099.0,1,1,0,IDLE,铲子已收回台内,0,0,1
53.119,110.0,1102.0,1,1,0,IDLE,铲子已收回台内,0,0,1
53.139,60.0,1102.0,1,1,0,IDLE,铲子已收回台内,0,0,1
53.16,20.0,1100.0,1,1,0,IDLE,铲子已收回台内,0,0,1
53.18,20.0,1101.0,1,1,0,IDLE,铲子已收回台内,0,0,1
53.2,21.0,1102.0,1,1,0,IDLE,铲子已收回台内,0,0,1
53.22,20.0,1101.0,1,1,0,IDLE,铲子已收回台内,0,0,1
53.24,141.0,1099.0,1,1,0,IDLE,铲子已收回台内,0,0,1
53.261,21.0,1102.0,1,1,0,IDLE,铲子已收回台内,0,0,1
53.281,20.0,1102.0,1,1,0,IDLE,铲子已收回台内,0,0,1
53.301,20.0,1101.0,1,1,0,IDLE,铲子已收回台内,0,0,1
53.321,21.0,1114.0,1,1,0,IDLE,铲子已收回台内,0,0,1
53.341,21.0,1103.0,1,1,0,IDLE,铲子已收回台内,0,0,1
53.361,125.0,1102.0,1,1,0,IDLE,铲子已收回台内,0,0,1
53.382,20.0,1082.0,1,1,0,IDLE,铲子已收回台内,0,0,1
53.402,59.0,1102.0,1,1,0,IDLE,铲子已收回台内,0,0,1
53.422,407.0,1104.0,1,1,0,IDLE,铲子已收回台内,0,0,1
53.442,407.0,1104.0,1,1,0,IDLE,铲子已收回台内,0,0,1
53.462,20.0,1102.0,1,1,0,IDLE,铲子已收回台内,0,0,1
53.482,21.0,1082.0,1,1,0,IDLE,铲子已收回台内,0,0,1
53.502,22.0,1101.0,1,1,0,IDLE,铲子已收回台内,0,0,1
53.522,20.0,1102.0,1,1,0,IDLE,铲子已收回台内,0,0,1
53.542,19.0,1100.0,1,1,0,IDLE,铲子已收回台内,0,0,1
53.563,32.0,1100.0,1,1,0,IDLE,铲子已收回台内,0,0,1
53.583,21.0,1102.0,1,1,0,IDLE,铲子已收回台内,0,0,1
53.603,21.0,1102.0,1,1,0,IDLE,铲子已收回台内,0,0,1
53.623,20.0,1101.0,1,1,0,IDLE,铲子已收回台内,0,0,1
53.643,20.0,1101.0,1,1,0,IDLE,铲子已收回台内,0,0,1
53.663,24.0,1102.0,1,1,0,IDLE,铲子已收回台内,0,0,1
53.683,20.0,1102.0,1,1,0,IDLE,铲子已收回台内,0,0,1
53.703,20.0,1101.0,1,1,0,IDLE,铲子已收回台内,0,0,1
53.723,123.0,1101.0,1,1,0,IDLE,铲子已收回台内,0,0,1
53.744,28.0,1104.0,1,1,0,IDLE,铲子已收回台内,0,0,1
53.764,20.0,1100.0,1,1,0,IDLE,铲子已收回台内,0,0,1
53.784,21.0,1100.0,1,1,0,IDLE,铲子已收回台内,0,0,1
53.804,21.0,1102.0,1,1,0,IDLE,铲子已收回台内,0,0,1
53.824,21.0,1102.0,1,1,0,IDLE,铲子已收回台内,0,0,1
53.844,29.0,1101.0,1,1,0,IDLE,铲子已收回台内,0,0,1
53.864,21.0,1101.0,1,1,0,IDLE,铲子已收回台内,0,0,1
53.884,20.0,1101.0,1,1,0,IDLE,铲子已收回台内,0,0,1
53.904,20.0,1102.0,1,1,0,IDLE,铲子已收回台内,0,0,1
53.924,30.0,1115.0,1,1,0,IDLE,铲子已收回台内,0,0,1
53.944,21.0,1099.0,1,1,0,IDLE,铲子已收回台内,0,0,1
53.965,21.0,1102.0,1,1,0,IDLE,铲子已收回台内,0,0,1
53.985,20.0,1102.0,1,1,0,IDLE,铲子已收回台内,0,0,1
54.005,33.0,1100.0,1,1,0,IDLE,铲子已收回台内,0,0,1
54.025,33.0,1100.0,1,1,0,IDLE,铲子已收回台内,0,0,1
54.045,20.0,1101.0,1,1,0,IDLE,铲子已收回台内,0,0,1
54.065,22.0,1102.0,1,1,0,IDLE,铲子已收回台内,0,0,1
54.085,76.0,1104.0,1,1,0,IDLE,铲子已收回台内,0,0,1
54.105,109.0,1099.0,1,1,0,IDLE,铲子已收回台内,0,0,1
54.125,20.0,1101.0,1,1,0,IDLE,铲子已收回台内,0,0,1
54.146,20.0,1102.0,1,1,0,IDLE,铲子已收回台内,0,0,1
54.166,72.0,1102.0,1,1,0,IDLE,铲子已收回台内,0,0,1
54.186,29.0,1115.0,1,1,0,IDLE,铲子已收回台内,0,0,1
54.206,21.0,1101.0,1,1,0,IDLE,铲子已收回台内,0,0,1
54.226,20.0,1102.0,1,1,0,IDLE,铲子已收回台内,0,0,1
54.246,191.0,1100.0,1,1,0,IDLE,铲子已收回台内,0,0,1
54.266,21.0,1101.0,1,1,0,IDLE,铲子已收回台内,0,0,1
54.286,20.0,1102.0,1,1,0,IDLE,铲子已收回台内,0,0,1
54.306,20.0,1102.0,1,1,0,IDLE,铲子已收回台内,0,0,1
54.326,32.0,1100.0,1,1,0,IDLE,铲子已收回台内,0,0,1
54.347,23.0,1101.0,1,1,0,IDLE,铲子已收回台内,0,0,1
54.367,21.0,1102.0,1,1,0,IDLE,铲子已收回台内,0,0,1
54.387,20.0,1101.0,1,1,0,IDLE,铲子已收回台内,0,0,1
54.407,21.0,1098.0,1,1,0,IDLE,铲子已收回台内,0,0,1
54.427,20.0,1102.0,1,1,0,IDLE,铲子已收回台内,0,0,1
54.447,21.0,1102.0,1,1,0,IDLE,铲子已收回台内,0,0,1
54.468,21.0,1101.0,1,1,0,IDLE,铲子已收回台内,0,0,1
54.489,21.0,1101.0,1,1,0,IDLE,铲子已收回台内,0,0,1
54.509,46.0,1098.0,1,1,0,IDLE,铲子已收回台内,0,0,1
54.529,21.0,1103.0,1,1,0,IDLE,铲子已收回台内,0,0,1
54.549,21.0,1101.0,1,1,0,IDLE,铲子已收回台内,0,0,1
54.569,22.0,1101.0,1,1,0,IDLE,铲子已收回台内,0,0,1
54.589,33.0,1101.0,1,1,0,IDLE,铲子已收回台内,0,0,1
54.61,20.0,1102.0,1,1,0,IDLE,铲子已收回台内,0,0,1
54.63,21.0,1100.0,1,1,0,IDLE,铲子已收回台内,0,0,1
54.65,20.0,1099.0,1,1,0,IDLE,铲子已收回台内,0,0,1
54.67,20.0,1102.0,1,1,0,IDLE,铲子已收回台内,0,0,1
54.69,21.0,1100.0,1,1,0,IDLE,铲子已收回台内,0,0,1
54.71,20.0,1101.0,1,1,0,IDLE,铲子已收回台内,0,0,1
54.73,587.0,1104.0,1,1,0,IDLE,铲子已收回台内,0,0,1
54.75,20.0,1101.0,1,1,0,IDLE,铲子已收回台内,0,0,1
54.77,21.0,1101.0,1,1,0,IDLE,铲子已收回台内,0,0,1
54.791,524.0,1101.0,1,1,0,IDLE,铲子已收回台内,0,0,1
54.811,20.0,1102.0,1,1,0,IDLE,铲子已收回台内,0,0,1
54.831,75.0,1102.0,1,1,0,IDLE,铲子已收回台内,0,0,1
54.851,20.0,1098.0,1,1,0,IDLE,铲子已收回台内,0,0,1
54.871,20.0,1084.0,1,1,0,IDLE,铲子已收回台内,0,0,1
54.891,21.0,1102.0,1,1,0,IDLE,铲子已收回台内,0,0,1
54.911,21.0,1102.0,1,1,0,IDLE,铲子已收回台内,0,0,1
54.932,20.0,1100.0,1,1,0,IDLE,铲子已收回台内,0,0,1
54.952,21.0,1114.0,1,1,0,IDLE,铲子已收回台内,0,0,1
54.972,21.0,1102.0,1,1,0,IDLE,铲子已收回台内,0,0,1
54.992,22.0,1102.0,1,1,0,IDLE,铲子已收回台内,0,0,1
55.012,21.0,1101.0,1,1,0,IDLE,铲子已收回台内,0,0,1
55.032,21.0,1101.0,1,1,0,IDLE,铲子已收回台内,0,0,1
55.052,21.0,1102.0,1,1,0,IDLE,铲子已收回台内,0,0,1
55.072,20.0,1101.0,1,1,0,IDLE,铲子已收回台内,0,0,1
55.092,21.0,1099.0,1,1,0,IDLE,铲子已收回台内,0,0,1
55.113,47.0,1102.0,1,1,0,IDLE,铲子已收回台内,0,0,1
55.133,20.0,1102.0,1,1,0,IDLE,铲子已收回台内,0,0,1
55.153,20.0,1101.0,1,1,0,IDLE,铲子已收回台内,0,0,1
55.173,21.0,1099.0,1,1,0,IDLE,铲子已收回台内,0,0,1
55.193,21.0,1103.0,1,1,0,IDLE,铲子已收回台内,0,0,1
55.213,21.0,1102.0,1,1,0,IDLE,铲子已收回台内,0,0,1
55.233,21.0,1099.0,1,1,0,IDLE,铲子已收回台内,0,0,1
55.253,20.0,1101.0,1,1,0,IDLE,铲子已收回台内,0,0,1
55.273,20.0,1102.0,1,1,0,IDLE,铲子已收回台内,0,0,1
55.294,20.0,1101.0,1,1,0,IDLE,铲子已收回台内,0,0,1
55.314,20.0,1101.0,1,1,0,IDLE,铲子已收回台内,0,0,1
55.334,21.0,1100.0,1,1,0,IDLE,铲子已收回台内,0,0,1
55.354,22.0,1102.0,1,1,0,IDLE,铲子已收回台内,0,0,1
55.374,109.0,1101.0,1,1,0,IDLE,铲子已收回台内,0,0,1
55.394,21.0,1100.0,1,1,0,IDLE,铲子已收回台内,0,0,1
55.414,21.0,1086.0,1,1,0,IDLE,铲子已收回台内,0,0,1
55.434,20.0,1101.0,1,1,0,IDLE,铲子已收回台内,0,0,1
55.455,20.0,1101.0,1,1,0,IDLE,铲子已收回台内,0,0,1
55.475,21.0,1101.0,1,1,0,IDLE,铲子已收回台内,0,0,1
55.495,20.0,1101.0,1,1,0,IDLE,铲子已收回台内,0,0,1
55.515,20.0,1101.0,1,1,0,IDLE,铲子已收回台内,0,0,1
55.535,21.0,1100.0,1,1,0,IDLE,铲子已收回台内,0,0,1
55.555,30.0,1102.0,1,1,0,IDLE,铲子已收回台内,0,0,1
55.575,22.0,1102.0,1,1,0,IDLE,铲子已收回台内,0,0,1
55.595,20.0,1101.0,1,1,0,IDLE,铲子已收回台内,0,0,1
55.615,21.0,1090.0,1,1,0,IDLE,铲子已收回台内,0,0,1
55.636,20.0,1102.0,1,1,0,IDLE,铲子已收回台内,0,0,1
55.656,21.0,1100.0,1,1,0,IDLE,铲子已收回台内,0,0,1
55.676,21.0,1100.0,1,1,0,IDLE,铲子已收回台内,0,0,1
55.696,21.0,1100.0,1,1,0,IDLE,铲子已收回台内,0,0,1
55.716,20.0,1086.0,1,1,0,IDLE,铲子已收回台内,0,0,1
55.736,20.0,1102.0,1,1,0,IDLE,铲子已收回台内,0,0,1
55.756,21.0,1098.0,1,1,0,IDLE,铲子已收回台内,0,0,1
55.776,21.0,1101.0,1,1,0,IDLE,铲子已收回台内,0,0,1
55.797,22.0,1102.0,1,1,0,IDLE,铲子已收回台内,0,0,1
55.817,20.0,1098.0,1,1,0,IDLE,铲子已收回台内,0,0,1
55.837,20.0,1100.0,1,1,0,IDLE,铲子已收回台内,0,0,1
55.857,21.0,1102.0,1,1,0,IDLE,铲子已收回台内,0,0,1
55.877,21.0,1104.0,1,1,0,IDLE,铲子已收回台内,0,0,1
55.897,109.0,1100.0,1,1,0,IDLE,铲子已收回台内,0,0,1
55.917,21.0,1102.0,1,1,0,IDLE,铲子已收回台内,0,0,1
55.937,21.0,1102.0,1,1,0,IDLE,铲子已收回台内,0,0,1
55.958,59.0,1101.0,1,1,0,IDLE,铲子已收回台内,0,0,1
55.978,20.0,1099.0,1,1,0,IDLE,铲子已收回台内,0,0,1
55.998,20.0,1102.0,1,1,0,IDLE,铲子已收回台内,0,0,1
56.018,109.0,1102.0,1,1,0,IDLE,铲子已收回台内,0,0,1
56.039,19.0,1101.0,1,1,0,IDLE,铲子已收回台内,0,0,1
56.059,21.0,1101.0,1,1,0,IDLE,铲子已收回台内,0,0,1
56.079,21.0,1102.0,1,1,0,IDLE,铲子已收回台内,0,0,1
56.099,35.0,1102.0,1,1,0,IDLE,铲子已收回台内,0,0,1
56.12,35.0,1102.0,1,1,0,IDLE,铲子已收回台内,0,0,1
56.14,21.0,1099.0,1,1,0,IDLE,铲子已收回台内,0,0,1
56.16,47.0,1102.0,1,1,0,IDLE,铲子已收回台内,0,0,1
56.18,38.0,1102.0,1,1,0,IDLE,铲子已收回台内,0,0,1
56.2,21.0,1101.0,1,1,0,IDLE,铲子已收回台内,0,0,1
56.22,21.0,1100.0,1,1,0,IDLE,铲子已收回台内,0,0,1
56.24,21.0,1102.0,1,1,0,IDLE,铲子已收回台内,0,0,1
56.26,21.0,1102.0,1,1,0,IDLE,铲子已收回台内,0,0,1
56.28,21.0,1101.0,1,1,0,IDLE,铲子已收回台内,0,0,1
56.301,21.0,1101.0,1,1,0,IDLE,铲子已收回台内,0,0,1
56.321,21.0,1102.0,1,1,0,IDLE,铲子已收回台内,0,0,1
56.341,20.0,1102.0,1,1,0,IDLE,铲子已收回台内,0,0,1
56.361,20.0,1083.0,1,1,0,IDLE,铲子已收回台内,0,0,1
56.381,21.0,1102.0,1,1,0,IDLE,铲子已收回台内,0,0,1
56.401,20.0,1102.0,1,1,0,IDLE,铲子已收回台内,0,0,1
56.421,46.0,1098.0,1,1,0,IDLE,铲子已收回台内,0,0,1
56.441,20.0,1101.0,1,1,0,IDLE,铲子已收回台内,0,0,1
56.462,126.0,1103.0,1,1,0,IDLE,铲子已收回台内,0,0,1
56.482,21.0,1101.0,1,1,0,IDLE,铲子已收回台内,0,0,1
56.502,21.0,1101.0,1,1,0,IDLE,铲子已收回台内,0,0,1
56.522,21.0,1100.0,1,1,0,IDLE,铲子已收回台内,0,0,1
56.542,22.0,1103.0,1,1,0,IDLE,铲子已收回台内,0,0,1
56.562,20.0,1104.0,1,1,0,IDLE,铲子已收回台内,0,0,1
56.582,20.0,1100.0,1,1,0,IDLE,铲子已收回台内,0,0,1
56.602,20.0,1102.0,1,1,0,IDLE,铲子已收回台内,0,0,1
56.623,21.0,1102.0,1,1,0,IDLE,铲子已收回台内,0,0,1
56.643,20.0,1098.0,1,1,0,IDLE,铲子已收回台内,0,0,1
56.663,21.0,1100.0,1,1,0,IDLE,铲子已收回台内,0,0,1
56.683,20.0,1101.0,1,1,0,IDLE,铲子已收回台内,0,0,1
56.703,21.0,1110.0,1,1,0,IDLE,铲子已收回台内,0,0,1
56.723,21.0,1099.0,1,1,0,IDLE,铲子已收回台内,0,0,1
56.743,22.0,1102.0,1,1,0,IDLE,铲子已收回台内,0,0,1
56.763,20.0,1102.0,1,1,0,IDLE,铲子已收回台内,0,0,1
56.783,21.0,1101.0,1,1,0,IDLE,铲子已收回台内,0,0,1
56.804,20.0,1084.0,1,1,0,IDLE,铲子已收回台内,0,0,1
56.824,21.0,1102.0,1,1,0,IDLE,铲子已收回台内,0,0,1
56.844,20.0,1099.0,1,1,0,IDLE,铲子已收回台内,0,0,1
56.864,20.0,1084.0,1,1,0,IDLE,铲子已收回台内,0,0,1
56.884,20.0,1084.0,1,1,0,IDLE,铲子已收回台内,0,0,1
56.904,20.0,1086.0,1,1,0,IDLE,铲子已收回台内,0,0,1
56.924,21.0,1086.0,1,1,0,IDLE,铲子已收回台内,0,0,1
56.944,20.0,1099.0,1,1,0,IDLE,铲子已收回台内,0,0,1
56.964,525.0,1105.0,1,1,0,IDLE,铲子已收回台内,0,0,1
