t,front,rear,left,right,zone_front,zone_rear,zone_left,zone_right,zone_score,white_hits,state,reason,risk_sensor,near_edge,speed_level,turn_angle,turn_direction,turn_duration,left_cmd,right_cmd,healthy
0.0,0.0,0.0,0.0,0.0,-4.3774,-5.3948,-6.5048,-6.0749,-5.7349,,SENSOR_STOP,传感器无效或数据过期,,1,stop,0.0,,0.0,0,0,0
0.02,1504.0,1757.0,700.0,2072.0,-1.1923,-1.6245,-3.7182,-2.1948,-1.9096,,WARMUP,等待滤波窗口,,1,stop,0.0,,0.0,0,0,1
0.041,1505.0,1759.0,702.0,2073.0,1.9928,2.1459,-0.9315,1.6854,1.8391,,CRUISE,按区域分级巡航,,0,fast,0.0,,0.0,500,400,1
0.061,1507.0,1761.0,701.0,2074.0,1.997,2.1545,-0.9236,1.6891,1.8431,,CRUISE,按区域分级巡航,,0,fast,0.0,,0.0,500,400,1
0.081,1507.0,1762.0,704.0,2078.0,2.0055,2.1631,-0.9156,1.6929,1.8492,,CRUISE,按区域分级巡航,,0,fast,0.0,,0.0,500,400,1
0.101,1501.0,1756.0,700.0,2070.0,2.0055,2.1631,-0.9236,1.6929,1.8492,,CRUISE,按区域分级巡航,,0,fast,0.0,,0.0,500,400,1
0.121,1505.0,1759.0,702.0,2074.0,1.997,2.1545,-0.9156,1.6929,1.845,,CRUISE,按区域分级巡航,,0,fast,0.0,,0.0,500,400,1
0.141,1506.0,1761.0,703.0,2076.0,1.997,2.1545,-0.9156,1.6929,1.845,,CRUISE,按区域分级巡航,,0,fast,0.0,,0.0,500,400,1
0.161,1507.0,1761.0,703.0,2076.0,2.0013,2.1631,-0.9076,1.7004,1.8508,,CRUISE,按区域分级巡航,,0,fast,0.0,,0.0,500,400,1
0.181,1504.0,1757.0,702.0,2072.0,2.0013,2.1631,-0.9076,1.7004,1.8508,,CRUISE,按区域分级巡航,,0,fast,0.0,,0.0,500,400,1
0.201,1506.0,1761.0,702.0,2076.0,2.0013,2.1631,-0.9156,1.7004,1.8508,,CRUISE,按区域分级巡航,,0,fast,0.0,,0.0,500,400,1
0.221,1504.0,1760.0,702.0,2074.0,1.9928,2.1588,-0.9156,1.6929,1.8428,,CRUISE,按区域分级巡航,,0,fast,0.0,,0.0,500,400,1
0.241,1504.0,1770.0,706.0,2067.0,1.9928,2.1631,-0.9156,1.6929,1.8428,,CRUISE,按区域分级巡航,,0,fast,0.0,,0.0,500,400,1
0.261,1497.0,1782.0,709.0,2036.0,1.9928,2.2017,-0.8838,1.6667,1.8297,,CRUISE,按区域分级巡航,,0,fast,0.0,,0.0,500,400,1
0.282,1491.0,1793.0,717.0,2027.0,1.9632,2.2532,-0.8599,1.5506,1.7569,,CRUISE,按区域分级巡航,,0,fast,0.0,,0.0,500,400,1
0.302,1492.0,1797.0,726.0,2036.0,1.942,2.3004,-0.7962,1.5506,1.7463,,CRUISE,按区域分级巡航,,0,fast,0.0,,0.0,500,400,1
0.322,1497.0,1792.0,690.0,2052.0,1.942,2.3004,-0.7962,1.5506,1.7463,,CRUISE,按区域分级巡航,,0,fast,0.0,,0.0,500,400,1
0.342,1506.0,1784.0,690.0,2074.0,1.9632,2.2961,-1.0111,1.6105,1.7868,,CRUISE,按区域分级巡航,,0,fast,0.0,,0.0,500,400,1
0.362,1528.0,1768.0,870.0,2113.0,2.0013,2.2618,-1.0111,1.6929,1.8471,,CRUISE,按区域分级巡航,,0,fast,0.0,,0.0,500,400,1
0.382,1548.0,1762.0,1123.0,2182.0,2.0945,2.1931,0.422,1.839,1.9667,,CRUISE,按区域分级巡航,,0,fast,0.0,,0.0,500,400,1
0.402,1568.0,1769.0,1298.0,2213.0,2.1792,2.1931,2.4363,2.0974,2.1861,,CRUISE,按区域分级巡航,,0,fast,0.0,,0.0,500,400,1
0.422,1565.0,1774.0,1329.0,2227.0,2.2512,2.1974,3.8296,2.2135,2.2323,,CRUISE,按区域分级巡航,,0,fast,0.0,,0.0,500,400,1
0.442,1453.0,1706.0,1322.0,2238.0,2.2512,2.1974,4.0207,2.2659,2.2585,,CRUISE,按区域分级巡航,,0,fast,0.0,,0.0,500,400,1
0.462,1265.0,1488.0,1322.0,2206.0,1.7768,1.927,4.0207,2.2659,2.0965,,CRUISE,按区域分级巡航,,0,fast,0.0,,0.0,500,400,1
0.482,1184.0,1489.0,1345.0,2128.0,0.9805,0.9957,4.0207,2.1873,1.5915,,CRUISE,按区域分级巡航,,0,fast,0.0,,0.0,500,400,1
0.503,1164.0,1556.0,1343.0,1990.0,0.6374,0.9957,4.1879,1.8951,1.4454,,CRUISE,按区域分级巡航,,0,fast,0.0,,0.0,500,400,1
0.523,1160.0,1512.0,1184.0,2037.0,0.5527,1.0944,4.1879,1.5543,1.3244,,CRUISE,按区域分级巡航,,0,fast,0.0,,0.0,500,400,1
0.543,1177.0,1501.0,929.0,2188.0,0.5527,1.0944,2.922,1.5543,1.3244,,CRUISE,按区域分级巡航,,0,fast,0.0,,0.0,500,400,1
0.563,1170.0,1561.0,866.0,2253.0,0.5781,1.0944,0.8917,2.1199,0.9931,,CRUISE,按区域分级巡航,,0,fast,0.0,,0.0,500,400,1
0.583,1165.0,1725.0,884.0,2275.0,0.5781,1.3047,0.5334,2.3633,0.9414,,CRUISE,按区域分级巡航,,0,fast,0.0,,0.0,500,400,1
0.603,1157.0,1841.0,937.0,2279.0,0.557,2.0086,0.5334,2.4457,1.2828,,CRUISE,按区域分级巡航,,0,fast,0.0,,0.0,500,400,1
0.623,1143.0,1873.0,1058.0,2280.0,0.5231,2.5064,0.9554,2.4607,1.708,,CRUISE,按区域分级巡航,,0,fast,0.0,,0.0,500,400,1
0.643,1143.0,1873.0,1058.0,2280.0,0.4638,2.6438,1.9188,2.4644,2.1916,,CRUISE,按区域分级巡航,,0,fast,0.0,,0.0,500,400,1
0.663,1152.0,1878.0,1258.0,2272.0,0.4638,2.6438,1.9188,2.4644,2.1916,,CRUISE,按区域分级巡航,,0,fast,0.0,,0.0,500,400,1
0.683,1160.0,1875.0,1312.0,2257.0,0.5019,2.6524,3.5111,2.4345,2.5434,,CRUISE,按区域分级巡航,,0,fast,0.0,,0.0,500,400,1
0.704,1153.0,1895.0,1310.0,2196.0,0.5061,2.6652,3.9252,2.3783,2.5218,,CRUISE,按区域分级巡航,,0,fast,0.0,,0.0,500,400,1
0.724,1144.0,1732.0,1294.0,2113.0,0.5061,2.6524,3.9252,2.1498,2.4011,,CRUISE,按区域分级巡航,,0,fast,0.0,,0.0,500,400,1
0.744,1142.0,1359.0,1282.0,2056.0,0.468,2.0386,3.7978,1.839,1.9388,,CRUISE,按区域分级巡航,,0,fast,0.0,,0.0,500,400,1
0.764,1136.0,1262.0,1264.0,2192.0,0.4596,0.4378,3.7022,1.839,1.1493,,CRUISE,按区域分级巡航,,0,fast,0.0,,0.0,500,400,1
0.784,1145.0,1256.0,1160.0,2243.0,0.4596,0.0215,3.5589,2.1348,1.2972,,CRUISE,按区域分级巡航,,0,fast,0.0,,0.0,500,400,1
0.804,1216.0,1274.0,844.0,2230.0,0.4723,0.0215,2.7309,2.2772,1.3747,,CRUISE,按区域分级巡航,,0,fast,0.0,,0.0,500,400,1
0.824,1360.0,1264.0,670.0,1995.0,0.773,0.03,0.215,2.2772,0.494,,EDGE_AVOID,灰度趋势变暗，提前避让,rear,0,slow,0.0,,0.0,400,400,1
0.844,1389.0,1270.0,682.0,1615.0,1.3829,0.0558,-1.0748,1.397,0.7193,,MEDIUM_CRUISE,按区域分级巡航,,0,medium,0.0,,0.0,450,400,1
0.865,1393.0,1255.0,691.0,1548.0,1.5057,0.03,-1.0748,-0.0262,0.0019,,EDGE_AVOID,灰度趋势变暗，提前避让,left,1,slow,0.0,right,0.0,500,400,1
0.885,1384.0,1249.0,791.0,1546.0,1.5057,-0.0086,-1.0032,-0.2772,-0.1429,,EDGE_AVOID,灰度趋势变暗，提前避让,left,1,slow,0.0,right,0.0,500,400,1
0.905,1363.0,1260.0,1008.0,1545.0,1.4845,-0.0086,-0.207,-0.2846,-0.1078,,SAFE_STOP,侧向已到危险区，停车且禁止转向,right,1,stop,0.0,,0.0,0,0,1
0.925,1354.0,1292.0,1062.0,1556.0,1.3956,0.0129,1.5207,-0.2846,0.7042,,MEDIUM_CRUISE,人工移回安全区，恢复巡航,,0,medium,0.0,,0.0,450,400,1
0.945,1350.0,1248.0,1042.0,1793.0,1.3575,0.0129,1.7914,-0.2472,0.6852,,MEDIUM_CRUISE,按区域分级巡航,,0,medium,0.0,,0.0,450,400,1
0.965,1344.0,1245.0,1048.0,1987.0,1.3405,-0.0386,1.8392,0.6404,0.9905,,CRUISE,按区域分级巡航,,0,fast,0.0,,0.0,500,400,1
0.985,1341.0,1249.0,1054.0,2014.0,1.3151,-0.0386,1.8392,1.367,1.3411,,CRUISE,按区域分级巡航,,0,fast,0.0,,0.0,500,400,1
1.006,1332.0,1260.0,1048.0,2016.0,1.3024,-0.0343,1.8392,1.4682,1.3853,,CRUISE,按区域分级巡航,,0,fast,0.0,,0.0,500,400,1
1.026,1316.0,1288.0,1040.0,2008.0,1.2643,0.0129,1.8392,1.4682,1.3662,,CRUISE,按区域分级巡航,,0,fast,0.0,,0.0,500,400,1
1.046,1308.0,1459.0,1024.0,2009.0,1.1965,0.133,1.7755,1.4494,1.323,,CRUISE,按区域分级巡航,,0,fast,0.0,,0.0,500,400,1
1.066,1302.0,1697.0,1006.0,2001.0,1.1626,0.867,1.6481,1.4457,1.3042,,CRUISE,按区域分级巡航,,0,fast,0.0,,0.0,500,400,1
1.086,1302.0,1697.0,1006.0,2001.0,1.1372,1.8884,1.5048,1.4195,1.4621,,CRUISE,按区域分级巡航,,0,fast,0.0,,0.0,500,400,1
1.106,1284.0,1745.0,993.0,1982.0,1.1372,1.8884,1.5048,1.4195,1.4621,,CRUISE,按区域分级巡航,,0,fast,0.0,,0.0,500,400,1
1.126,1280.0,1739.0,983.0,1967.0,1.061,2.0687,1.4013,1.3483,1.3748,,CRUISE,按区域分级巡航,,0,fast,0.0,,0.0,500,400,1
1.146,1269.0,1705.0,975.0,1962.0,1.044,2.0687,1.3217,1.2921,1.3069,,CRUISE,按区域分级巡航,,0,fast,0.0,,0.0,500,400,1
1.166,1252.0,1685.0,973.0,1943.0,0.9975,1.9227,1.258,1.2734,1.2657,,CRUISE,按区域分级巡航,,0,fast,0.0,,0.0,500,400,1
1.187,1239.0,1683.0,964.0,1935.0,0.9255,1.8369,1.242,1.2022,1.2221,,CRUISE,按区域分级巡航,,0,fast,0.0,,0.0,500,400,1
1.207,1226.0,1690.0,955.0,1924.0,0.8704,1.8369,1.1704,1.1723,1.1713,,CRUISE,按区域分级巡航,,0,fast,0.0,,0.0,500,400,1
1.227,1227.0,1688.0,948.0,1910.0,0.8196,1.8498,1.0987,1.1311,1.1149,,CRUISE,按区域分级巡航,,0,fast,0.0,,0.0,500,400,1
1.247,1224.0,1679.0,936.0,1911.0,0.8153,1.8498,1.043,1.0824,1.0627,,CRUISE,按区域分级巡航,,0,fast,0.0,,0.0,500,400,1
1.267,1205.0,1665.0,918.0,1889.0,0.8069,1.8112,0.9475,1.0787,1.0131,,CRUISE,按区域分级巡航,,0,fast,0.0,,0.0,500,400,1
1.287,1184.0,1657.0,910.0,1881.0,0.7264,1.7511,0.8041,1.0,0.9021,,CRUISE,按区域分级巡航,,0,fast,0.0,,0.0,500,400,1
1.307,1158.0,1639.0,894.0,1865.0,0.6374,1.7167,0.7404,0.97,0.8552,,MEDIUM_CRUISE,按区域分级巡航,,0,medium,0.0,,0.0,450,400,1
1.327,1141.0,1632.0,881.0,1845.0,0.5273,1.6395,0.6131,0.9101,0.7616,,MEDIUM_CRUISE,按区域分级巡航,,0,medium,0.0,,0.0,450,400,1
1.348,1129.0,1619.0,889.0,1838.0,0.4553,1.6094,0.5732,0.8352,0.7042,,MEDIUM_CRUISE,按区域分级巡航,,0,medium,0.0,,0.0,450,400,1
1.368,1121.0,1600.0,874.0,1834.0,0.4045,1.5536,0.5096,0.809,0.6593,,MEDIUM_CRUISE,按区域分级巡航,,0,medium,0.0,,0.0,450,400,1
1.388,1113.0,1597.0,865.0,1833.0,0.3706,1.4721,0.4538,0.794,0.6239,,MEDIUM_CRUISE,按区域分级巡航,,0,medium,0.0,,0.0,450,400,1
1.408,1097.0,1575.0,850.0,1818.0,0.3367,1.4592,0.3822,0.7903,0.5862,,EDGE_AVOID,灰度趋势变暗，提前避让,front,0,slow,0.0,,0.0,-400,-400,1
1.428,1088.0,1548.0,824.0,1799.0,0.269,1.3648,0.2627,0.7341,0.5015,,EDGE_AVOID,灰度趋势变暗，提前避让,left,0,slow,0.0,right,0.0,500,400,1
1.448,1080.0,1536.0,817.0,1778.0,0.2308,1.2489,0.0557,0.6629,0.4469,,EDGE_AVOID,灰度趋势变暗，提前避让,left,0,slow,0.0,right,0.0,500,400,1
1.468,1064.0,1534.0,819.0,1784.0,0.197,1.1974,0.0159,0.6067,0.4018,,EDGE_AVOID,灰度趋势变暗，提前避让,left,0,slow,0.0,right,0.0,500,400,1
1.488,1064.0,1534.0,819.0,1784.0,0.1292,1.1888,0.0159,0.6067,0.368,,EDGE_AVOID,灰度趋势变暗，提前避让,left,0,slow,0.0,right,0.0,500,400,1
1.508,1047.0,1529.0,810.0,1762.0,0.1292,1.1888,0.0159,0.6067,0.368,,EDGE_AVOID,灰度趋势变暗，提前避让,left,0,slow,0.0,right,0.0,500,400,1
1.529,1038.0,1521.0,795.0,1758.0,0.0572,1.1674,-0.0557,0.5243,0.2908,,EDGE_AVOID,灰度趋势变暗，提前避让,left,1,slow,0.0,right,0.0,500,400,1
1.549,1029.0,1496.0,785.0,1743.0,0.0191,1.133,-0.1752,0.5094,0.2642,,EDGE_AVOID,灰度趋势变暗，提前避让,left,1,slow,0.0,right,0.0,500,400,1
1.569,1010.0,1475.0,784.0,1732.0,-0.0191,1.0258,-0.2548,0.4532,0.2171,,EDGE_AVOID,进入暗外圈，执行危险区保护,left,1,slow,0.0,right,0.0,500,400,1
1.589,1010.0,1453.0,776.0,1728.0,-0.0995,0.9356,-0.2627,0.412,0.1562,,EDGE_AVOID,进入暗外圈，执行危险区保护,left,1,slow,0.0,right,0.0,500,400,1
1.609,1000.0,1441.0,751.0,1710.0,-0.0995,0.8412,-0.3264,0.397,0.1487,,EDGE_AVOID,进入暗外圈，执行危险区保护,left,1,slow,0.0,right,0.0,500,400,1
1.629,983.0,1429.0,661.0,1706.0,-0.1419,0.7897,-0.5255,0.3296,0.0938,,EDGE_AVOID,进入暗外圈，执行危险区保护,left,1,slow,0.0,right,0.0,500,400,1
1.649,977.0,1417.0,600.0,1697.0,-0.2139,0.7382,-1.242,0.3146,0.0504,,EDGE_AVOID,进入暗外圈，执行危险区保护,left,1,slow,0.0,right,0.0,500,400,1
1.669,975.0,1402.0,610.0,1691.0,-0.2393,0.6867,-1.6481,0.2809,0.0208,,EDGE_AVOID,进入暗外圈，执行危险区保护,left,1,slow,0.0,right,0.0,500,400,1
1.689,971.0,1385.0,640.0,1676.0,-0.2478,0.6223,-1.6481,0.2584,0.0053,,EDGE_AVOID,进入暗外圈，执行危险区保护,left,1,slow,0.0,right,0.0,500,400,1
1.71,962.0,1369.0,648.0,1665.0,-0.2647,0.5494,-1.4092,0.2022,-0.0312,,EDGE_AVOID,进入暗外圈，执行危险区保护,left,1,slow,0.0,right,0.0,500,400,1
1.73,954.0,1363.0,660.0,1654.0,-0.3028,0.4807,-1.3455,0.161,-0.0709,,EDGE_AVOID,进入暗外圈，执行危险区保护,left,1,slow,0.0,right,0.0,500,400,1
1.75,936.0,1332.0,717.0,1652.0,-0.3367,0.4549,-1.25,0.1199,-0.1084,,EDGE_AVOID,进入暗外圈，执行危险区保护,left,1,slow,0.0,right,0.0,500,400,1
1.77,914.0,1312.0,737.0,1639.0,-0.413,0.3219,-0.7962,0.1124,-0.1503,,EDGE_AVOID,进入暗外圈，执行危险区保护,left,1,slow,0.0,right,0.0,500,400,1
1.79,908.0,1289.0,709.0,1636.0,-0.5061,0.2361,-0.7962,0.0637,-0.2212,,EDGE_AVOID,进入暗外圈，执行危险区保护,left,1,slow,0.0,right,0.0,500,400,1
1.81,904.0,1269.0,705.0,1627.0,-0.5316,0.1373,-0.8599,0.0524,-0.2396,,EDGE_AVOID,进入暗外圈，执行危险区保护,left,1,slow,0.0,right,0.0,500,400,1
1.83,900.0,1258.0,684.0,1608.0,-0.5485,0.0515,-0.8917,0.0187,-0.2649,,EDGE_AVOID,进入暗外圈，执行危险区保护,left,1,slow,0.0,right,0.0,500,400,1
1.85,896.0,1250.0,679.0,1582.0,-0.5654,0.0043,-1.0589,-0.0524,-0.3089,,EDGE_AVOID,进入暗外圈，执行危险区保护,left,1,slow,0.0,right,0.0,500,400,1
1.871,886.0,1230.0,665.0,1578.0,-0.5824,-0.03,-1.0987,-0.1498,-0.3661,,EDGE_AVOID,进入暗外圈，执行危险区保护,left,1,slow,0.0,right,0.0,500,400,1
1.891,883.0,1218.0,654.0,1554.0,-0.6247,-0.1159,-1.2102,-0.1648,-0.3948,,EDGE_AVOID,进入暗外圈，执行危险区保护,left,1,slow,0.0,right,0.0,500,400,1
1.911,883.0,1218.0,654.0,1554.0,-0.6374,-0.1674,-1.2978,-0.2547,-0.4461,,EDGE_AVOID,进入暗外圈，执行危险区保护,left,1,slow,0.0,right,0.0,500,400,1
1.931,874.0,1212.0,648.0,1537.0,-0.6374,-0.1674,-1.2978,-0.2547,-0.4461,,EDGE_AVOID,进入暗外圈，执行危险区保护,left,1,slow,0.0,right,0.0,500,400,1
1.951,869.0,1205.0,658.0,1522.0,-0.6756,-0.1931,-1.2978,-0.3184,-0.497,,EDGE_AVOID,进入暗外圈，执行危险区保护,left,1,slow,0.0,right,0.0,500,400,1
1.971,870.0,1190.0,668.0,1504.0,-0.6925,-0.2232,-1.2659,-0.3745,-0.5335,,EDGE_AVOID,进入暗外圈，执行危险区保护,left,1,slow,0.0,right,0.0,500,400,1
1.991,852.0,1178.0,645.0,1499.0,-0.6967,-0.2876,-1.2659,-0.4419,-0.5693,,EDGE_AVOID,进入暗外圈，执行危险区保护,left,1,slow,0.0,right,0.0,500,400,1
2.011,848.0,1160.0,642.0,1491.0,-0.7687,-0.3391,-1.3694,-0.4607,-0.6147,,EDGE_AVOID,进入暗外圈，执行危险区保护,left,1,slow,0.0,right,0.0,500,400,1
2.032,830.0,1133.0,626.0,1479.0,-0.7857,-0.4163,-1.3933,-0.4906,-0.6382,,SAFE_STOP,移动避让持续未改善，停车等待,left,1,stop,0.0,,0.0,0,0,1
2.052,828.0,1126.0,642.0,1457.0,-0.8619,-0.5322,-1.3933,-0.5356,-0.6988,,SAFE_STOP,移动避让持续未改善，停车等待,left,1,stop,0.0,,0.0,0,0,1
2.072,827.0,1116.0,626.0,1467.0,-0.8704,-0.5622,-1.5207,-0.5805,-0.7255,,SAFE_STOP,移动避让持续未改善，停车等待,left,1,stop,0.0,,0.0,0,0,1
2.092,824.0,1110.0,627.0,1464.0,-0.8746,-0.6052,-1.5127,-0.5918,-0.7399,,SAFE_STOP,移动避让持续未改善，停车等待,left,1,stop,0.0,,0.0,0,0,1
2.112,809.0,1104.0,619.0,1453.0,-0.8873,-0.6309,-1.5207,-0.5918,-0.7591,,SAFE_STOP,移动避让持续未改善，停车等待,left,1,stop,0.0,,0.0,0,0,1
2.132,811.0,1089.0,608.0,1457.0,-0.9424,-0.6567,-1.5764,-0.618,-0.7995,,SAFE_STOP,移动避让持续未改善，停车等待,left,1,stop,0.0,,0.0,0,0,1
2.152,812.0,1085.0,592.0,1462.0,-0.9424,-0.721,-1.664,-0.618,-0.8317,,SAFE_STOP,移动避让持续未改善，停车等待,left,1,stop,0.0,,0.0,0,0,1
2.172,808.0,1088.0,596.0,1457.0,-0.9424,-0.7253,-1.7596,-0.618,-0.8339,,SAFE_STOP,移动避让持续未改善，停车等待,left,1,stop,0.0,,0.0,0,0,1
2.192,807.0,1067.0,586.0,1458.0,-0.9551,-0.7382,-1.7914,-0.6142,-0.8467,,SAFE_STOP,移动避让持续未改善，停车等待,left,1,stop,0.0,,0.0,0,0,1
2.213,797.0,1057.0,587.0,1458.0,-0.9593,-0.8155,-1.8312,-0.6142,-0.8874,,SAFE_STOP,移动避让持续未改善，停车等待,left,1,stop,0.0,,0.0,0,0,1
2.233,794.0,1060.0,589.0,1453.0,-1.0017,-0.8455,-1.8312,-0.6142,-0.9236,,SAFE_STOP,移动避让持续未改善，停车等待,left,1,stop,0.0,,0.0,0,0,1
2.253,791.0,1068.0,583.0,1446.0,-1.0144,-0.8455,-1.8312,-0.633,-0.9299,,SAFE_STOP,移动避让持续未改善，停车等待,left,1,stop,0.0,,0.0,0,0,1
2.273,788.0,1067.0,581.0,1448.0,-1.0271,-0.8155,-1.8631,-0.6517,-0.9213,,SAFE_STOP,移动避让持续未改善，停车等待,left,1,stop,0.0,,0.0,0,0,1
2.293,786.0,1066.0,580.0,1450.0,-1.0398,-0.8155,-1.879,-0.6517,-0.9276,,SAFE_STOP,移动避让持续未改善，停车等待,left,1,stop,0.0,,0.0,0,0,1
2.313,785.0,1066.0,580.0,1450.0,-1.0483,-0.8197,-1.8869,-0.6442,-0.934,,SAFE_STOP,移动避让持续未改善，停车等待,left,1,stop,0.0,,0.0,0,0,1
2.334,785.0,1066.0,580.0,1450.0,-1.0525,-0.8197,-1.8869,-0.6442,-0.9361,,SAFE_STOP,移动避让持续未改善，停车等待,left,1,stop,0.0,,0.0,0,0,1
2.354,785.0,1068.0,581.0,1448.0,-1.0525,-0.8197,-1.8869,-0.6442,-0.9361,,SAFE_STOP,移动避让持续未改善，停车等待,left,1,stop,0.0,,0.0,0,0,1
2.374,787.0,1070.0,582.0,1449.0,-1.0525,-0.8112,-1.879,-0.6479,-0.9318,,SAFE_STOP,移动避让持续未改善，停车等待,left,1,stop,0.0,,0.0,0,0,1
2.394,785.0,1069.0,580.0,1446.0,-1.0525,-0.8069,-1.879,-0.6517,-0.9297,,SAFE_STOP,移动避让持续未改善，停车等待,left,1,stop,0.0,,0.0,0,0,1
2.414,784.0,1068.0,579.0,1444.0,-1.0525,-0.8069,-1.8869,-0.6592,-0.9297,,SAFE_STOP,移动避让持续未改善，停车等待,left,1,stop,0.0,,0.0,0,0,1
2.434,784.0,1068.0,581.0,1445.0,-1.0568,-0.8112,-1.8869,-0.6629,-0.934,,SAFE_STOP,移动避让持续未改善，停车等待,left,1,stop,0.0,,0.0,0,0,1
2.454,785.0,1069.0,581.0,1444.0,-1.0568,-0.8112,-1.879,-0.6667,-0.934,,SAFE_STOP,移动避让持续未改善，停车等待,left,1,stop,0.0,,0.0,0,0,1
2.474,784.0,1069.0,581.0,1444.0,-1.0568,-0.8069,-1.879,-0.6667,-0.9318,,SAFE_STOP,移动避让持续未改善，停车等待,left,1,stop,0.0,,0.0,0,0,1
2.494,783.0,1068.0,581.0,1444.0,-1.0568,-0.8069,-1.879,-0.6667,-0.9318,,SAFE_STOP,移动避让持续未改善，停车等待,left,1,stop,0.0,,0.0,0,0,1
2.514,784.0,1069.0,582.0,1445.0,-1.0568,-0.8069,-1.879,-0.6667,-0.9318,,SAFE_STOP,移动避让持续未改善，停车等待,left,1,stop,0.0,,0.0,0,0,1
2.535,784.0,1068.0,581.0,1445.0,-1.0568,-0.8112,-1.879,-0.6629,-0.934,,SAFE_STOP,移动避让持续未改善，停车等待,left,1,stop,0.0,,0.0,0,0,1
2.555,784.0,1068.0,581.0,1445.0,-1.0568,-0.8112,-1.879,-0.6629,-0.934,,SAFE_STOP,移动避让持续未改善，停车等待,left,1,stop,0.0,,0.0,0,0,1
2.575,784.0,1068.0,581.0,1445.0,-1.0568,-0.8112,-1.879,-0.6629,-0.934,,SAFE_STOP,移动避让持续未改善，停车等待,left,1,stop,0.0,,0.0,0,0,1
2.595,784.0,1069.0,580.0,1445.0,-1.0568,-0.8112,-1.879,-0.6629,-0.934,,SAFE_STOP,移动避让持续未改善，停车等待,left,1,stop,0.0,,0.0,0,0,1
2.615,782.0,1066.0,579.0,1443.0,-1.0568,-0.8112,-1.8869,-0.6629,-0.934,,SAFE_STOP,移动避让持续未改善，停车等待,left,1,stop,0.0,,0.0,0,0,1
2.635,786.0,1073.0,583.0,1448.0,-1.0568,-0.8069,-1.8869,-0.6629,-0.9318,,SAFE_STOP,移动避让持续未改善，停车等待,left,1,stop,0.0,,0.0,0,0,1
2.655,784.0,1069.0,580.0,1445.0,-1.0568,-0.8069,-1.8869,-0.6629,-0.9318,,SAFE_STOP,移动避让持续未改善，停车等待,left,1,stop,0.0,,0.0,0,0,1
2.675,783.0,1067.0,580.0,1443.0,-1.0568,-0.8069,-1.8869,-0.6629,-0.9318,,SAFE_STOP,移动避让持续未改善，停车等待,left,1,stop,0.0,,0.0,0,0,1
2.695,784.0,1069.0,581.0,1445.0,-1.0568,-0.8069,-1.8869,-0.6629,-0.9318,,SAFE_STOP,移动避让持续未改善，停车等待,left,1,stop,0.0,,0.0,0,0,1
2.716,781.0,1065.0,580.0,1441.0,-1.061,-0.8155,-1.8869,-0.6704,-0.9382,,SAFE_STOP,移动避让持续未改善，停车等待,left,1,stop,0.0,,0.0,0,0,1
2.736,782.0,1067.0,580.0,1442.0,-1.0652,-0.8155,-1.8869,-0.6742,-0.9403,,SAFE_STOP,移动避让持续未改善，停车等待,left,1,stop,0.0,,0.0,0,0,1
2.756,782.0,1066.0,580.0,1442.0,-1.0652,-0.8197,-1.8869,-0.6742,-0.9425,,SAFE_STOP,移动避让持续未改善，停车等待,left,1,stop,0.0,,0.0,0,0,1
2.776,784.0,1069.0,583.0,1445.0,-1.0652,-0.8155,-1.8869,-0.6742,-0.9403,,SAFE_STOP,移动避让持续未改善，停车等待,left,1,stop,0.0,,0.0,0,0,1
2.796,785.0,1070.0,584.0,1448.0,-1.0568,-0.8069,-1.8631,-0.6629,-0.9318,,SAFE_STOP,移动避让持续未改善，停车等待,left,1,stop,0.0,,0.0,0,0,1
2.816,783.0,1068.0,581.0,1445.0,-1.0568,-0.8069,-1.8631,-0.6629,-0.9318,,SAFE_STOP,移动避让持续未改善，停车等待,left,1,stop,0.0,,0.0,0,0,1
2.836,784.0,1069.0,582.0,1446.0,-1.0568,-0.8069,-1.871,-0.6592,-0.9318,,SAFE_STOP,移动避让持续未改善，停车等待,left,1,stop,0.0,,0.0,0,0,1
2.856,786.0,1072.0,583.0,1450.0,-1.0568,-0.8069,-1.871,-0.6592,-0.9318,,SAFE_STOP,移动避让持续未改善，停车等待,left,1,stop,0.0,,0.0,0,0,1
2.876,785.0,1073.0,583.0,1448.0,-1.0525,-0.794,-1.8631,-0.6517,-0.9233,,SAFE_STOP,移动避让持续未改善，停车等待,left,1,stop,0.0,,0.0,0,0,1
2.896,785.0,1073.0,584.0,1448.0,-1.0525,-0.7897,-1.8631,-0.6517,-0.9211,,SAFE_STOP,移动避让持续未改善，停车等待,left,1,stop,0.0,,0.0,0,0,1
2.917,785.0,1073.0,584.0,1448.0,-1.0525,-0.7897,-1.8551,-0.6517,-0.9211,,SAFE_STOP,移动避让持续未改善，停车等待,left,1,stop,0.0,,0.0,0,0,1
2.937,785.0,1072.0,583.0,1447.0,-1.0525,-0.7897,-1.8551,-0.6517,-0.9211,,SAFE_STOP,移动避让持续未改善，停车等待,left,1,stop,0.0,,0.0,0,0,1
2.957,784.0,1071.0,582.0,1446.0,-1.0525,-0.794,-1.8631,-0.6554,-0.9233,,SAFE_STOP,移动避让持续未改善，停车等待,left,1,stop,0.0,,0.0,0,0,1
2.977,786.0,1073.0,584.0,1450.0,-1.0525,-0.794,-1.8631,-0.6554,-0.9233,,SAFE_STOP,移动避让持续未改善，停车等待,left,1,stop,0.0,,0.0,0,0,1
2.997,786.0,1072.0,584.0,1449.0,-1.0483,-0.794,-1.8551,-0.6479,-0.9211,,SAFE_STOP,移动避让持续未改善，停车等待,left,1,stop,0.0,,0.0,0,0,1
3.017,783.0,1073.0,582.0,1446.0,-1.0483,-0.7897,-1.8551,-0.6479,-0.919,,SAFE_STOP,移动避让持续未改善，停车等待,left,1,stop,0.0,,0.0,0,0,1
3.037,786.0,1073.0,584.0,1450.0,-1.0483,-0.7897,-1.8551,-0.6479,-0.919,,SAFE_STOP,移动避让持续未改善，停车等待,left,1,stop,0.0,,0.0,0,0,1
3.057,784.0,1070.0,583.0,1447.0,-1.0568,-0.7897,-1.8631,-0.6554,-0.9232,,SAFE_STOP,移动避让持续未改善，停车等待,left,1,stop,0.0,,0.0,0,0,1
3.077,784.0,1071.0,582.0,1446.0,-1.0568,-0.7983,-1.8631,-0.6554,-0.9275,,SAFE_STOP,移动避让持续未改善，停车等待,left,1,stop,0.0,,0.0,0,0,1
3.097,785.0,1072.0,583.0,1449.0,-1.0568,-0.7983,-1.8631,-0.6554,-0.9275,,SAFE_STOP,移动避让持续未改善，停车等待,left,1,stop,0.0,,0.0,0,0,1
3.117,784.0,1072.0,584.0,1449.0,-1.0568,-0.794,-1.8631,-0.6479,-0.9254,,SAFE_STOP,移动避让持续未改善，停车等待,left,1,stop,0.0,,0.0,0,0,1
3.137,785.0,1072.0,583.0,1448.0,-1.0525,-0.794,-1.8631,-0.6479,-0.9233,,SAFE_STOP,移动避让持续未改善，停车等待,left,1,stop,0.0,,0.0,0,0,1
3.158,783.0,1072.0,584.0,1449.0,-1.0568,-0.794,-1.8551,-0.6479,-0.9254,,SAFE_STOP,移动避让持续未改善，停车等待,left,1,stop,0.0,,0.0,0,0,1
3.178,786.0,1073.0,583.0,1451.0,-1.0525,-0.794,-1.8631,-0.6479,-0.9233,,SAFE_STOP,移动避让持续未改善，停车等待,left,1,stop,0.0,,0.0,0,0,1
3.198,784.0,1073.0,583.0,1448.0,-1.0568,-0.7897,-1.8631,-0.6479,-0.9232,,SAFE_STOP,移动避让持续未改善，停车等待,left,1,stop,0.0,,0.0,0,0,1
3.218,784.0,1072.0,582.0,1448.0,-1.0568,-0.7897,-1.8631,-0.6517,-0.9232,,SAFE_STOP,移动避让持续未改善，停车等待,left,1,stop,0.0,,0.0,0,0,1
3.238,785.0,1072.0,584.0,1450.0,-1.0568,-0.794,-1.8631,-0.6517,-0.9254,,SAFE_STOP,移动避让持续未改善，停车等待,left,1,stop,0.0,,0.0,0,0,1
3.258,785.0,1072.0,585.0,1450.0,-1.0525,-0.794,-1.8551,-0.6442,-0.9233,,SAFE_STOP,移动避让持续未改善，停车等待,left,1,stop,0.0,,0.0,0,0,1
3.279,785.0,1072.0,584.0,1450.0,-1.0525,-0.794,-1.8551,-0.6442,-0.9233,,SAFE_STOP,移动避让持续未改善，停车等待,left,1,stop,0.0,,0.0,0,0,1
3.299,785.0,1072.0,584.0,1450.0,-1.0525,-0.794,-1.8551,-0.6442,-0.9233,,SAFE_STOP,移动避让持续未改善，停车等待,left,1,stop,0.0,,0.0,0,0,1
3.319,785.0,1072.0,584.0,1449.0,-1.0525,-0.794,-1.8551,-0.6442,-0.9233,,SAFE_STOP,移动避让持续未改善，停车等待,left,1,stop,0.0,,0.0,0,0,1
3.339,784.0,1072.0,583.0,1448.0,-1.0525,-0.794,-1.8551,-0.6479,-0.9233,,SAFE_STOP,移动避让持续未改善，停车等待,left,1,stop,0.0,,0.0,0,0,1
3.359,784.0,1072.0,584.0,1449.0,-1.0568,-0.794,-1.8551,-0.6479,-0.9254,,SAFE_STOP,移动避让持续未改善，停车等待,left,1,stop,0.0,,0.0,0,0,1
3.379,785.0,1072.0,584.0,1449.0,-1.0568,-0.794,-1.8551,-0.6479,-0.9254,,SAFE_STOP,移动避让持续未改善，停车等待,left,1,stop,0.0,,0.0,0,0,1
3.399,785.0,1072.0,584.0,1450.0,-1.0525,-0.794,-1.8551,-0.6479,-0.9233,,SAFE_STOP,移动避让持续未改善，停车等待,left,1,stop,0.0,,0.0,0,0,1
3.419,785.0,1072.0,583.0,1449.0,-1.0525,-0.794,-1.8551,-0.6479,-0.9233,,SAFE_STOP,移动避让持续未改善，停车等待,left,1,stop,0.0,,0.0,0,0,1
3.439,785.0,1072.0,584.0,1449.0,-1.0525,-0.794,-1.8551,-0.6479,-0.9233,,SAFE_STOP,移动避让持续未改善，停车等待,left,1,stop,0.0,,0.0,0,0,1
3.459,785.0,1074.0,584.0,1451.0,-1.0525,-0.794,-1.8551,-0.6479,-0.9233,,SAFE_STOP,移动避让持续未改善，停车等待,left,1,stop,0.0,,0.0,0,0,1
3.48,786.0,1073.0,583.0,1450.0,-1.0525,-0.7897,-1.8551,-0.6442,-0.9211,,SAFE_STOP,移动避让持续未改善，停车等待,left,1,stop,0.0,,0.0,0,0,1
3.5,784.0,1073.0,583.0,1449.0,-1.0525,-0.7897,-1.8631,-0.6442,-0.9211,,SAFE_STOP,移动避让持续未改善，停车等待,left,1,stop,0.0,,0.0,0,0,1
3.52,784.0,1070.0,581.0,1446.0,-1.0568,-0.7897,-1.8631,-0.6479,-0.9232,,SAFE_STOP,移动避让持续未改善，停车等待,left,1,stop,0.0,,0.0,0,0,1
3.54,785.0,1072.0,583.0,1448.0,-1.0568,-0.794,-1.8631,-0.6517,-0.9254,,SAFE_STOP,移动避让持续未改善，停车等待,left,1,stop,0.0,,0.0,0,0,1
3.56,784.0,1072.0,583.0,1448.0,-1.0568,-0.794,-1.8631,-0.6517,-0.9254,,SAFE_STOP,移动避让持续未改善，停车等待,left,1,stop,0.0,,0.0,0,0,1
3.58,784.0,1072.0,583.0,1448.0,-1.0568,-0.794,-1.8631,-0.6517,-0.9254,,SAFE_STOP,移动避让持续未改善，停车等待,left,1,stop,0.0,,0.0,0,0,1
3.6,784.0,1073.0,583.0,1449.0,-1.0568,-0.794,-1.8631,-0.6517,-0.9254,,SAFE_STOP,移动避让持续未改善，停车等待,left,1,stop,0.0,,0.0,0,0,1
3.62,784.0,1073.0,583.0,1449.0,-1.0568,-0.7897,-1.8631,-0.6479,-0.9232,,SAFE_STOP,移动避让持续未改善，停车等待,left,1,stop,0.0,,0.0,0,0,1
3.64,783.0,1069.0,582.0,1447.0,-1.0568,-0.7897,-1.8631,-0.6479,-0.9232,,SAFE_STOP,移动避让持续未改善，停车等待,left,1,stop,0.0,,0.0,0,0,1
3.66,784.0,1071.0,582.0,1447.0,-1.0568,-0.7983,-1.871,-0.6554,-0.9275,,SAFE_STOP,移动避让持续未改善，停车等待,left,1,stop,0.0,,0.0,0,0,1
3.68,779.0,1064.0,579.0,1441.0,-1.061,-0.8069,-1.871,-0.6554,-0.9339,,SAFE_STOP,移动避让持续未改善，停车等待,left,1,stop,0.0,,0.0,0,0,1
3.7,782.0,1069.0,581.0,1445.0,-1.0652,-0.8069,-1.879,-0.6629,-0.936,,SAFE_STOP,移动避让持续未改善，停车等待,left,1,stop,0.0,,0.0,0,0,1
3.721,781.0,1068.0,582.0,1446.0,-1.0695,-0.8112,-1.879,-0.6629,-0.9403,,SAFE_STOP,移动避让持续未改善，停车等待,left,1,stop,0.0,,0.0,0,0,1
3.741,781.0,1068.0,581.0,1444.0,-1.0695,-0.8112,-1.879,-0.6629,-0.9403,,SAFE_STOP,移动避让持续未改善，停车等待,left,1,stop,0.0,,0.0,0,0,1
3.761,782.0,1069.0,581.0,1444.0,-1.0695,-0.8112,-1.879,-0.6667,-0.9403,,SAFE_STOP,移动避让持续未改善，停车等待,left,1,stop,0.0,,0.0,0,0,1
3.781,782.0,1069.0,581.0,1446.0,-1.0652,-0.8069,-1.879,-0.6667,-0.936,,SAFE_STOP,移动避让持续未改善，停车等待,left,1,stop,0.0,,0.0,0,0,1
3.801,783.0,1071.0,582.0,1446.0,-1.0652,-0.8069,-1.879,-0.6592,-0.936,,SAFE_STOP,移动避让持续未改善，停车等待,left,1,stop,0.0,,0.0,0,0,1
3.821,783.0,1071.0,583.0,1448.0,-1.061,-0.7983,-1.871,-0.6592,-0.9296,,SAFE_STOP,移动避让持续未改善，停车等待,left,1,stop,0.0,,0.0,0,0,1
3.841,783.0,1072.0,583.0,1447.0,-1.061,-0.7983,-1.8631,-0.6554,-0.9296,,SAFE_STOP,移动避让持续未改善，停车等待,left,1,stop,0.0,,0.0,0,0,1
3.861,782.0,1071.0,581.0,1445.0,-1.061,-0.7983,-1.8631,-0.6554,-0.9296,,SAFE_STOP,移动避让持续未改善，停车等待,left,1,stop,0.0,,0.0,0,0,1
3.881,784.0,1071.0,584.0,1446.0,-1.061,-0.7983,-1.8631,-0.6592,-0.9296,,SAFE_STOP,移动避让持续未改善，停车等待,left,1,stop,0.0,,0.0,0,0,1
3.902,782.0,1072.0,582.0,1448.0,-1.0652,-0.7983,-1.871,-0.6592,-0.9318,,SAFE_STOP,移动避让持续未改善，停车等待,left,1,stop,0.0,,0.0,0,0,1
3.922,781.0,1067.0,581.0,1442.0,-1.0652,-0.7983,-1.871,-0.6592,-0.9318,,SAFE_STOP,移动避让持续未改善，停车等待,left,1,stop,0.0,,0.0,0,0,1
3.942,784.0,1071.0,582.0,1447.0,-1.0652,-0.7983,-1.871,-0.6554,-0.9318,,SAFE_STOP,移动避让持续未改善，停车等待,left,1,stop,0.0,,0.0,0,0,1
3.962,783.0,1070.0,583.0,1448.0,-1.061,-0.8026,-1.871,-0.6554,-0.9318,,SAFE_STOP,移动避让持续未改善，停车等待,left,1,stop,0.0,,0.0,0,0,1
3.982,784.0,1071.0,582.0,1448.0,-1.0568,-0.7983,-1.871,-0.6517,-0.9275,,SAFE_STOP,移动避让持续未改善，停车等待,left,1,stop,0.0,,0.0,0,0,1
4.002,784.0,1071.0,583.0,1449.0,-1.0568,-0.7983,-1.8631,-0.6517,-0.9275,,SAFE_STOP,移动避让持续未改善，停车等待,left,1,stop,0.0,,0.0,0,0,1
4.022,783.0,1070.0,582.0,1446.0,-1.0568,-0.7983,-1.871,-0.6517,-0.9275,,SAFE_STOP,移动避让持续未改善，停车等待,left,1,stop,0.0,,0.0,0,0,1
4.042,784.0,1071.0,583.0,1448.0,-1.0568,-0.7983,-1.8631,-0.6517,-0.9275,,SAFE_STOP,移动避让持续未改善，停车等待,left,1,stop,0.0,,0.0,0,0,1
4.062,784.0,1071.0,583.0,1448.0,-1.0568,-0.7983,-1.8631,-0.6517,-0.9275,,SAFE_STOP,移动避让持续未改善，停车等待,left,1,stop,0.0,,0.0,0,0,1
4.083,783.0,1072.0,583.0,1448.0,-1.0568,-0.7983,-1.8631,-0.6517,-0.9275,,SAFE_STOP,移动避让持续未改善，停车等待,left,1,stop,0.0,,0.0,0,0,1
4.103,784.0,1072.0,583.0,1448.0,-1.0568,-0.794,-1.8631,-0.6517,-0.9254,,SAFE_STOP,移动避让持续未改善，停车等待,left,1,stop,0.0,,0.0,0,0,1
4.123,781.0,1070.0,583.0,1446.0,-1.061,-0.794,-1.8631,-0.6517,-0.9275,,SAFE_STOP,移动避让持续未改善，停车等待,left,1,stop,0.0,,0.0,0,0,1
4.143,784.0,1070.0,583.0,1448.0,-1.0568,-0.8026,-1.8631,-0.6517,-0.9297,,SAFE_STOP,移动避让持续未改善，停车等待,left,1,stop,0.0,,0.0,0,0,1
4.163,783.0,1070.0,583.0,1446.0,-1.061,-0.8026,-1.8631,-0.6592,-0.9318,,SAFE_STOP,移动避让持续未改善，停车等待,left,1,stop,0.0,,0.0,0,0,1
4.183,784.0,1070.0,582.0,1447.0,-1.0568,-0.8026,-1.8631,-0.6554,-0.9297,,SAFE_STOP,移动避让持续未改善，停车等待,left,1,stop,0.0,,0.0,0,0,1
4.203,783.0,1072.0,582.0,1448.0,-1.061,-0.8026,-1.871,-0.6554,-0.9318,,SAFE_STOP,移动避让持续未改善，停车等待,left,1,stop,0.0,,0.0,0,0,1
4.223,784.0,1072.0,583.0,1448.0,-1.0568,-0.794,-1.871,-0.6517,-0.9254,,SAFE_STOP,移动避让持续未改善，停车等待,left,1,stop,0.0,,0.0,0,0,1
4.243,784.0,1072.0,583.0,1448.0,-1.0568,-0.794,-1.8631,-0.6517,-0.9254,,SAFE_STOP,移动避让持续未改善，停车等待,left,1,stop,0.0,,0.0,0,0,1
4.264,784.0,1072.0,583.0,1448.0,-1.0568,-0.794,-1.8631,-0.6517,-0.9254,,SAFE_STOP,移动避让持续未改善，停车等待,left,1,stop,0.0,,0.0,0,0,1
4.284,783.0,1071.0,582.0,1447.0,-1.0568,-0.794,-1.8631,-0.6517,-0.9254,,SAFE_STOP,移动避让持续未改善，停车等待,left,1,stop,0.0,,0.0,0,0,1
4.304,782.0,1070.0,583.0,1446.0,-1.061,-0.7983,-1.8631,-0.6554,-0.9296,,SAFE_STOP,移动避让持续未改善，停车等待,left,1,stop,0.0,,0.0,0,0,1
4.324,784.0,1072.0,583.0,1449.0,-1.061,-0.7983,-1.8631,-0.6554,-0.9296,,SAFE_STOP,移动避让持续未改善，停车等待,left,1,stop,0.0,,0.0,0,0,1
4.344,784.0,1072.0,584.0,1448.0,-1.0568,-0.794,-1.8631,-0.6517,-0.9254,,SAFE_STOP,移动避让持续未改善，停车等待,left,1,stop,0.0,,0.0,0,0,1
4.364,784.0,1072.0,583.0,1448.0,-1.0568,-0.794,-1.8631,-0.6517,-0.9254,,SAFE_STOP,移动避让持续未改善，停车等待,left,1,stop,0.0,,0.0,0,0,1
4.384,783.0,1071.0,582.0,1447.0,-1.0568,-0.794,-1.8631,-0.6517,-0.9254,,SAFE_STOP,移动避让持续未改善，停车等待,left,1,stop,0.0,,0.0,0,0,1
4.404,784.0,1072.0,583.0,1448.0,-1.0568,-0.794,-1.8631,-0.6517,-0.9254,,SAFE_STOP,移动避让持续未改善，停车等待,left,1,stop,0.0,,0.0,0,0,1
4.425,784.0,1072.0,583.0,1448.0,-1.0568,-0.794,-1.8631,-0.6517,-0.9254,,SAFE_STOP,移动避让持续未改善，停车等待,left,1,stop,0.0,,0.0,0,0,1
4.445,783.0,1072.0,583.0,1448.0,-1.0568,-0.794,-1.8631,-0.6517,-0.9254,,SAFE_STOP,移动避让持续未改善，停车等待,left,1,stop,0.0,,0.0,0,0,1
4.465,782.0,1070.0,581.0,1445.0,-1.061,-0.794,-1.8631,-0.6517,-0.9275,,SAFE_STOP,移动避让持续未改善，停车等待,left,1,stop,0.0,,0.0,0,0,1
4.485,784.0,1072.0,582.0,1446.0,-1.061,-0.794,-1.871,-0.6592,-0.9275,,SAFE_STOP,移动避让持续未改善，停车等待,left,1,stop,0.0,,0.0,0,0,1
4.505,783.0,1070.0,583.0,1447.0,-1.061,-0.8026,-1.871,-0.6592,-0.9318,,SAFE_STOP,移动避让持续未改善，停车等待,left,1,stop,0.0,,0.0,0,0,1
4.525,783.0,1071.0,583.0,1448.0,-1.061,-0.7983,-1.8631,-0.6554,-0.9296,,SAFE_STOP,移动避让持续未改善，停车等待,left,1,stop,0.0,,0.0,0,0,1
4.545,784.0,1072.0,583.0,1448.0,-1.061,-0.7983,-1.8631,-0.6517,-0.9296,,SAFE_STOP,移动避让持续未改善，停车等待,left,1,stop,0.0,,0.0,0,0,1
4.565,783.0,1072.0,583.0,1447.0,-1.061,-0.794,-1.8631,-0.6517,-0.9275,,SAFE_STOP,移动避让持续未改善，停车等待,left,1,stop,0.0,,0.0,0,0,1
4.586,784.0,1072.0,582.0,1447.0,-1.0568,-0.794,-1.8631,-0.6554,-0.9254,,SAFE_STOP,移动避让持续未改善，停车等待,left,1,stop,0.0,,0.0,0,0,1
4.606,783.0,1071.0,582.0,1447.0,-1.061,-0.794,-1.871,-0.6554,-0.9275,,SAFE_STOP,移动避让持续未改善，停车等待,left,1,stop,0.0,,0.0,0,0,1
4.626,784.0,1072.0,583.0,1449.0,-1.0568,-0.794,-1.871,-0.6554,-0.9254,,SAFE_STOP,移动避让持续未改善，停车等待,left,1,stop,0.0,,0.0,0,0,1
4.646,784.0,1072.0,583.0,1449.0,-1.0568,-0.794,-1.8631,-0.6479,-0.9254,,SAFE_STOP,移动避让持续未改善，停车等待,left,1,stop,0.0,,0.0,0,0,1
4.666,782.0,1069.0,581.0,1445.0,-1.0568,-0.794,-1.8631,-0.6479,-0.9254,,SAFE_STOP,移动避让持续未改善，停车等待,left,1,stop,0.0,,0.0,0,0,1
4.686,782.0,1070.0,582.0,1446.0,-1.0652,-0.8026,-1.871,-0.6592,-0.9339,,SAFE_STOP,移动避让持续未改善，停车等待,left,1,stop,0.0,,0.0,0,0,1
4.706,783.0,1070.0,582.0,1445.0,-1.0652,-0.8026,-1.871,-0.6629,-0.9339,,SAFE_STOP,移动避让持续未改善，停车等待,left,1,stop,0.0,,0.0,0,0,1
4.726,782.0,1069.0,581.0,1444.0,-1.0652,-0.8026,-1.871,-0.6629,-0.9339,,SAFE_STOP,移动避让持续未改善，停车等待,left,1,stop,0.0,,0.0,0,0,1
4.746,783.0,1071.0,582.0,1447.0,-1.061,-0.8026,-1.871,-0.6629,-0.9318,,SAFE_STOP,移动避让持续未改善，停车等待,left,1,stop,0.0,,0.0,0,0,1
4.767,784.0,1072.0,583.0,1448.0,-1.061,-0.7983,-1.871,-0.6554,-0.9296,,SAFE_STOP,移动避让持续未改善，停车等待,left,1,stop,0.0,,0.0,0,0,1
4.787,782.0,1069.0,581.0,1444.0,-1.061,-0.7983,-1.871,-0.6554,-0.9296,,SAFE_STOP,移动避让持续未改善，停车等待,left,1,stop,0.0,,0.0,0,0,1
4.807,784.0,1072.0,583.0,1448.0,-1.0568,-0.794,-1.8631,-0.6517,-0.9254,,SAFE_STOP,移动避让持续未改善，停车等待,left,1,stop,0.0,,0.0,0,0,1
4.827,784.0,1072.0,583.0,1448.0,-1.0568,-0.794,-1.8631,-0.6517,-0.9254,,SAFE_STOP,移动避让持续未改善，停车等待,left,1,stop,0.0,,0.0,0,0,1
4.847,783.0,1072.0,583.0,1448.0,-1.0568,-0.794,-1.8631,-0.6517,-0.9254,,SAFE_STOP,移动避让持续未改善，停车等待,left,1,stop,0.0,,0.0,0,0,1
4.867,785.0,1072.0,583.0,1449.0,-1.0568,-0.794,-1.8631,-0.6517,-0.9254,,SAFE_STOP,移动避让持续未改善，停车等待,left,1,stop,0.0,,0.0,0,0,1
4.887,783.0,1070.0,582.0,1447.0,-1.061,-0.794,-1.8631,-0.6517,-0.9275,,SAFE_STOP,移动避让持续未改善，停车等待,left,1,stop,0.0,,0.0,0,0,1
4.907,783.0,1071.0,583.0,1448.0,-1.061,-0.7983,-1.8631,-0.6517,-0.9296,,SAFE_STOP,移动避让持续未改善，停车等待,left,1,stop,0.0,,0.0,0,0,1
4.927,782.0,1071.0,583.0,1448.0,-1.061,-0.7983,-1.8631,-0.6517,-0.9296,,SAFE_STOP,移动避让持续未改善，停车等待,left,1,stop,0.0,,0.0,0,0,1
4.948,783.0,1071.0,584.0,1448.0,-1.061,-0.7983,-1.8631,-0.6517,-0.9296,,SAFE_STOP,移动避让持续未改善，停车等待,left,1,stop,0.0,,0.0,0,0,1
4.968,784.0,1071.0,582.0,1448.0,-1.061,-0.7983,-1.8631,-0.6517,-0.9296,,SAFE_STOP,移动避让持续未改善，停车等待,left,1,stop,0.0,,0.0,0,0,1
4.988,783.0,1071.0,583.0,1448.0,-1.061,-0.7983,-1.8631,-0.6517,-0.9296,,SAFE_STOP,移动避让持续未改善，停车等待,left,1,stop,0.0,,0.0,0,0,1
5.008,783.0,1072.0,583.0,1446.0,-1.061,-0.7983,-1.8631,-0.6517,-0.9296,,SAFE_STOP,移动避让持续未改善，停车等待,left,1,stop,0.0,,0.0,0,0,1
5.028,784.0,1072.0,583.0,1447.0,-1.061,-0.794,-1.8631,-0.6554,-0.9275,,SAFE_STOP,移动避让持续未改善，停车等待,left,1,stop,0.0,,0.0,0,0,1
5.048,782.0,1069.0,582.0,1447.0,-1.061,-0.794,-1.8631,-0.6554,-0.9275,,SAFE_STOP,移动避让持续未改善，停车等待,left,1,stop,0.0,,0.0,0,0,1
5.068,784.0,1072.0,583.0,1449.0,-1.0568,-0.794,-1.8631,-0.6554,-0.9254,,SAFE_STOP,移动避让持续未改善，停车等待,left,1,stop,0.0,,0.0,0,0,1
5.088,784.0,1072.0,582.0,1448.0,-1.0568,-0.794,-1.871,-0.6517,-0.9254,,SAFE_STOP,移动避让持续未改善，停车等待,left,1,stop,0.0,,0.0,0,0,1
5.108,783.0,1072.0,582.0,1448.0,-1.0568,-0.794,-1.871,-0.6517,-0.9254,,SAFE_STOP,移动避让持续未改善，停车等待,left,1,stop,0.0,,0.0,0,0,1
5.129,783.0,1072.0,584.0,1449.0,-1.061,-0.794,-1.871,-0.6517,-0.9275,,SAFE_STOP,移动避让持续未改善，停车等待,left,1,stop,0.0,,0.0,0,0,1
5.149,784.0,1072.0,583.0,1448.0,-1.061,-0.794,-1.8631,-0.6517,-0.9275,,SAFE_STOP,移动避让持续未改善，停车等待,left,1,stop,0.0,,0.0,0,0,1
5.169,783.0,1072.0,582.0,1448.0,-1.061,-0.794,-1.8631,-0.6517,-0.9275,,SAFE_STOP,移动避让持续未改善，停车等待,left,1,stop,0.0,,0.0,0,0,1
5.189,784.0,1072.0,583.0,1449.0,-1.0568,-0.794,-1.8631,-0.6517,-0.9254,,SAFE_STOP,移动避让持续未改善，停车等待,left,1,stop,0.0,,0.0,0,0,1
5.209,783.0,1069.0,583.0,1446.0,-1.061,-0.794,-1.8631,-0.6517,-0.9275,,SAFE_STOP,移动避让持续未改善，停车等待,left,1,stop,0.0,,0.0,0,0,1
5.229,783.0,1069.0,583.0,1446.0,-1.061,-0.8069,-1.8631,-0.6592,-0.9339,,SAFE_STOP,移动避让持续未改善，停车等待,left,1,stop,0.0,,0.0,0,0,1
5.249,782.0,1071.0,582.0,1447.0,-1.061,-0.8069,-1.8631,-0.6592,-0.9339,,SAFE_STOP,移动避让持续未改善，停车等待,left,1,stop,0.0,,0.0,0,0,1
5.269,784.0,1071.0,583.0,1448.0,-1.061,-0.7983,-1.8631,-0.6554,-0.9296,,SAFE_STOP,移动避让持续未改善，停车等待,left,1,stop,0.0,,0.0,0,0,1
5.289,784.0,1072.0,583.0,1448.0,-1.0568,-0.7983,-1.8631,-0.6517,-0.9275,,SAFE_STOP,移动避让持续未改善，停车等待,left,1,stop,0.0,,0.0,0,0,1
5.31,783.0,1072.0,583.0,1447.0,-1.0568,-0.794,-1.8631,-0.6517,-0.9254,,SAFE_STOP,移动避让持续未改善，停车等待,left,1,stop,0.0,,0.0,0,0,1
5.33,784.0,1072.0,583.0,1448.0,-1.0568,-0.794,-1.8631,-0.6517,-0.9254,,SAFE_STOP,移动避让持续未改善，停车等待,left,1,stop,0.0,,0.0,0,0,1
5.35,784.0,1072.0,583.0,1448.0,-1.0568,-0.794,-1.8631,-0.6517,-0.9254,,SAFE_STOP,移动避让持续未改善，停车等待,left,1,stop,0.0,,0.0,0,0,1
5.37,783.0,1071.0,583.0,1446.0,-1.0568,-0.794,-1.8631,-0.6517,-0.9254,,SAFE_STOP,移动避让持续未改善，停车等待,left,1,stop,0.0,,0.0,0,0,1
5.39,783.0,1071.0,582.0,1447.0,-1.061,-0.7983,-1.8631,-0.6554,-0.9296,,SAFE_STOP,移动避让持续未改善，停车等待,left,1,stop,0.0,,0.0,0,0,1
5.41,784.0,1072.0,583.0,1448.0,-1.061,-0.7983,-1.8631,-0.6554,-0.9296,,SAFE_STOP,移动避让持续未改善，停车等待,left,1,stop,0.0,,0.0,0,0,1
5.43,784.0,1072.0,582.0,1447.0,-1.0568,-0.794,-1.871,-0.6554,-0.9254,,SAFE_STOP,移动避让持续未改善，停车等待,left,1,stop,0.0,,0.0,0,0,1
5.451,784.0,1072.0,583.0,1448.0,-1.0568,-0.794,-1.8631,-0.6517,-0.9254,,SAFE_STOP,移动避让持续未改善，停车等待,left,1,stop,0.0,,0.0,0,0,1
5.471,784.0,1072.0,583.0,1447.0,-1.0568,-0.794,-1.8631,-0.6554,-0.9254,,SAFE_STOP,移动避让持续未改善，停车等待,left,1,stop,0.0,,0.0,0,0,1
5.491,782.0,1070.0,582.0,1446.0,-1.0568,-0.794,-1.8631,-0.6554,-0.9254,,SAFE_STOP,移动避让持续未改善，停车等待,left,1,stop,0.0,,0.0,0,0,1
5.511,784.0,1072.0,583.0,1448.0,-1.0568,-0.794,-1.8631,-0.6554,-0.9254,,SAFE_STOP,移动避让持续未改善，停车等待,left,1,stop,0.0,,0.0,0,0,1
5.531,784.0,1072.0,583.0,1448.0,-1.0568,-0.794,-1.8631,-0.6517,-0.9254,,SAFE_STOP,移动避让持续未改善，停车等待,left,1,stop,0.0,,0.0,0,0,1
5.551,784.0,1072.0,583.0,1448.0,-1.0568,-0.794,-1.8631,-0.6517,-0.9254,,SAFE_STOP,移动避让持续未改善，停车等待,left,1,stop,0.0,,0.0,0,0,1
5.572,784.0,1072.0,584.0,1448.0,-1.0568,-0.794,-1.8631,-0.6517,-0.9254,,SAFE_STOP,移动避让持续未改善，停车等待,left,1,stop,0.0,,0.0,0,0,1
5.592,783.0,1071.0,583.0,1448.0,-1.0568,-0.794,-1.8631,-0.6517,-0.9254,,SAFE_STOP,移动避让持续未改善，停车等待,left,1,stop,0.0,,0.0,0,0,1
5.612,784.0,1072.0,583.0,1448.0,-1.0568,-0.794,-1.8631,-0.6517,-0.9254,,SAFE_STOP,移动避让持续未改善，停车等待,left,1,stop,0.0,,0.0,0,0,1
5.632,784.0,1072.0,583.0,1448.0,-1.0568,-0.794,-1.8631,-0.6517,-0.9254,,SAFE_STOP,移动避让持续未改善，停车等待,left,1,stop,0.0,,0.0,0,0,1
5.652,782.0,1071.0,582.0,1446.0,-1.0568,-0.794,-1.8631,-0.6517,-0.9254,,SAFE_STOP,移动避让持续未改善，停车等待,left,1,stop,0.0,,0.0,0,0,1
5.672,782.0,1070.0,582.0,1444.0,-1.0652,-0.7983,-1.871,-0.6592,-0.9318,,SAFE_STOP,移动避让持续未改善，停车等待,left,1,stop,0.0,,0.0,0,0,1
5.692,782.0,1070.0,582.0,1444.0,-1.0652,-0.8026,-1.871,-0.6667,-0.9339,,SAFE_STOP,移动避让持续未改善，停车等待,left,1,stop,0.0,,0.0,0,0,1
5.713,784.0,1070.0,582.0,1446.0,-1.0652,-0.8026,-1.871,-0.6667,-0.9339,,SAFE_STOP,移动避让持续未改善，停车等待,left,1,stop,0.0,,0.0,0,0,1
5.733,783.0,1072.0,583.0,1448.0,-1.061,-0.8026,-1.871,-0.6592,-0.9318,,SAFE_STOP,移动避让持续未改善，停车等待,left,1,stop,0.0,,0.0,0,0,1
5.753,784.0,1072.0,583.0,1448.0,-1.0568,-0.794,-1.8631,-0.6517,-0.9254,,SAFE_STOP,移动避让持续未改善，停车等待,left,1,stop,0.0,,0.0,0,0,1
5.774,784.0,1072.0,582.0,1448.0,-1.0568,-0.794,-1.8631,-0.6517,-0.9254,,SAFE_STOP,移动避让持续未改善，停车等待,left,1,stop,0.0,,0.0,0,0,1
5.794,783.0,1072.0,583.0,1448.0,-1.0568,-0.794,-1.8631,-0.6517,-0.9254,,SAFE_STOP,移动避让持续未改善，停车等待,left,1,stop,0.0,,0.0,0,0,1
5.814,784.0,1072.0,583.0,1448.0,-1.0568,-0.794,-1.8631,-0.6517,-0.9254,,SAFE_STOP,移动避让持续未改善，停车等待,left,1,stop,0.0,,0.0,0,0,1
5.834,784.0,1072.0,583.0,1449.0,-1.0568,-0.794,-1.8631,-0.6517,-0.9254,,SAFE_STOP,移动避让持续未改善，停车等待,left,1,stop,0.0,,0.0,0,0,1
5.854,783.0,1071.0,582.0,1447.0,-1.0568,-0.794,-1.8631,-0.6517,-0.9254,,SAFE_STOP,移动避让持续未改善，停车等待,left,1,stop,0.0,,0.0,0,0,1
5.874,783.0,1072.0,583.0,1448.0,-1.061,-0.794,-1.8631,-0.6517,-0.9275,,SAFE_STOP,移动避让持续未改善，停车等待,left,1,stop,0.0,,0.0,0,0,1
5.894,783.0,1072.0,583.0,1449.0,-1.061,-0.794,-1.8631,-0.6517,-0.9275,,SAFE_STOP,移动避让持续未改善，停车等待,left,1,stop,0.0,,0.0,0,0,1
5.914,783.0,1071.0,582.0,1446.0,-1.061,-0.794,-1.8631,-0.6517,-0.9275,,SAFE_STOP,移动避让持续未改善，停车等待,left,1,stop,0.0,,0.0,0,0,1
5.935,781.0,1069.0,581.0,1443.0,-1.061,-0.7983,-1.871,-0.6592,-0.9296,,SAFE_STOP,移动避让持续未改善，停车等待,left,1,stop,0.0,,0.0,0,0,1
5.955,784.0,1072.0,584.0,1448.0,-1.061,-0.7983,-1.871,-0.6592,-0.9296,,SAFE_STOP,移动避让持续未改善，停车等待,left,1,stop,0.0,,0.0,0,0,1
5.975,784.0,1072.0,583.0,1447.0,-1.0568,-0.794,-1.8631,-0.6554,-0.9254,,SAFE_STOP,移动避让持续未改善，停车等待,left,1,stop,0.0,,0.0,0,0,1
5.995,782.0,1071.0,582.0,1446.0,-1.0568,-0.794,-1.8631,-0.6554,-0.9254,,SAFE_STOP,移动避让持续未改善，停车等待,left,1,stop,0.0,,0.0,0,0,1
6.015,784.0,1073.0,584.0,1448.0,-1.0568,-0.794,-1.8631,-0.6554,-0.9254,,SAFE_STOP,移动避让持续未改善，停车等待,left,1,stop,0.0,,0.0,0,0,1
6.035,782.0,1071.0,583.0,1446.0,-1.0652,-0.7983,-1.8631,-0.6592,-0.9318,,SAFE_STOP,移动避让持续未改善，停车等待,left,1,stop,0.0,,0.0,0,0,1
6.055,784.0,1073.0,583.0,1448.0,-1.0568,-0.7897,-1.8631,-0.6517,-0.9232,,SAFE_STOP,移动避让持续未改善，停车等待,left,1,stop,0.0,,0.0,0,0,1
6.075,784.0,1072.0,583.0,1448.0,-1.0568,-0.794,-1.8631,-0.6517,-0.9254,,SAFE_STOP,移动避让持续未改善，停车等待,left,1,stop,0.0,,0.0,0,0,1
6.095,782.0,1070.0,582.0,1446.0,-1.0568,-0.794,-1.8631,-0.6517,-0.9254,,SAFE_STOP,移动避让持续未改善，停车等待,left,1,stop,0.0,,0.0,0,0,1
6.116,782.0,1070.0,582.0,1446.0,-1.0652,-0.8026,-1.871,-0.6592,-0.9339,,SAFE_STOP,移动避让持续未改善，停车等待,left,1,stop,0.0,,0.0,0,0,1
6.136,784.0,1073.0,584.0,1448.0,-1.0652,-0.8026,-1.871,-0.6592,-0.9339,,SAFE_STOP,移动避让持续未改善，停车等待,left,1,stop,0.0,,0.0,0,0,1
6.156,782.0,1070.0,582.0,1446.0,-1.0652,-0.8026,-1.871,-0.6592,-0.9339,,SAFE_STOP,移动避让持续未改善，停车等待,left,1,stop,0.0,,0.0,0,0,1
6.176,784.0,1072.0,584.0,1449.0,-1.0568,-0.794,-1.8551,-0.6517,-0.9254,,SAFE_STOP,移动避让持续未改善，停车等待,left,1,stop,0.0,,0.0,0,0,1
6.196,783.0,1072.0,583.0,1448.0,-1.061,-0.794,-1.8631,-0.6517,-0.9275,,SAFE_STOP,移动避让持续未改善，停车等待,left,1,stop,0.0,,0.0,0,0,1
6.216,784.0,1072.0,582.0,1448.0,-1.0568,-0.794,-1.8631,-0.6517,-0.9254,,SAFE_STOP,移动避让持续未改善，停车等待,left,1,stop,0.0,,0.0,0,0,1
6.236,783.0,1070.0,582.0,1446.0,-1.061,-0.794,-1.871,-0.6517,-0.9275,,SAFE_STOP,移动避让持续未改善，停车等待,left,1,stop,0.0,,0.0,0,0,1
6.257,784.0,1072.0,583.0,1447.0,-1.0568,-0.794,-1.871,-0.6554,-0.9254,,SAFE_STOP,移动避让持续未改善，停车等待,left,1,stop,0.0,,0.0,0,0,1
6.277,784.0,1072.0,583.0,1447.0,-1.0568,-0.794,-1.8631,-0.6554,-0.9254,,SAFE_STOP,移动避让持续未改善，停车等待,left,1,stop,0.0,,0.0,0,0,1
6.297,782.0,1072.0,582.0,1444.0,-1.0568,-0.794,-1.8631,-0.6554,-0.9254,,SAFE_STOP,移动避让持续未改善，停车等待,left,1,stop,0.0,,0.0,0,0,1
6.317,784.0,1070.0,583.0,1445.0,-1.0568,-0.794,-1.8631,-0.6629,-0.9254,,SAFE_STOP,移动避让持续未改善，停车等待,left,1,stop,0.0,,0.0,0,0,1
6.337,782.0,1071.0,582.0,1446.0,-1.0652,-0.7983,-1.871,-0.6629,-0.9318,,SAFE_STOP,移动避让持续未改善，停车等待,left,1,stop,0.0,,0.0,0,0,1
6.357,783.0,1072.0,582.0,1446.0,-1.061,-0.7983,-1.871,-0.6592,-0.9296,,SAFE_STOP,移动避让持续未改善，停车等待,left,1,stop,0.0,,0.0,0,0,1
6.377,783.0,1072.0,582.0,1448.0,-1.061,-0.794,-1.871,-0.6592,-0.9275,,SAFE_STOP,移动避让持续未改善，停车等待,left,1,stop,0.0,,0.0,0,0,1
6.397,783.0,1072.0,583.0,1447.0,-1.061,-0.794,-1.871,-0.6554,-0.9275,,SAFE_STOP,移动避让持续未改善，停车等待,left,1,stop,0.0,,0.0,0,0,1
6.417,783.0,1072.0,582.0,1446.0,-1.061,-0.794,-1.871,-0.6554,-0.9275,,SAFE_STOP,移动避让持续未改善，停车等待,left,1,stop,0.0,,0.0,0,0,1
6.438,784.0,1072.0,583.0,1447.0,-1.061,-0.794,-1.8631,-0.6554,-0.9275,,SAFE_STOP,移动避让持续未改善，停车等待,left,1,stop,0.0,,0.0,0,0,1
6.458,783.0,1072.0,583.0,1447.0,-1.061,-0.794,-1.8631,-0.6554,-0.9275,,SAFE_STOP,移动避让持续未改善，停车等待,left,1,stop,0.0,,0.0,0,0,1
6.478,784.0,1072.0,583.0,1448.0,-1.0568,-0.794,-1.8631,-0.6554,-0.9254,,SAFE_STOP,移动避让持续未改善，停车等待,left,1,stop,0.0,,0.0,0,0,1
6.498,782.0,1071.0,583.0,1446.0,-1.061,-0.794,-1.8631,-0.6554,-0.9275,,SAFE_STOP,移动避让持续未改善，停车等待,left,1,stop,0.0,,0.0,0,0,1
6.518,784.0,1073.0,583.0,1448.0,-1.0568,-0.794,-1.8631,-0.6517,-0.9254,,SAFE_STOP,移动避让持续未改善，停车等待,left,1,stop,0.0,,0.0,0,0,1
6.538,781.0,1069.0,582.0,1444.0,-1.0652,-0.7983,-1.8631,-0.6592,-0.9318,,SAFE_STOP,移动避让持续未改善，停车等待,left,1,stop,0.0,,0.0,0,0,1
6.558,781.0,1069.0,582.0,1444.0,-1.0695,-0.8069,-1.871,-0.6667,-0.9382,,SAFE_STOP,移动避让持续未改善，停车等待,left,1,stop,0.0,,0.0,0,0,1
6.578,783.0,1072.0,582.0,1446.0,-1.0695,-0.8069,-1.871,-0.6667,-0.9382,,SAFE_STOP,移动避让持续未改善，停车等待,left,1,stop,0.0,,0.0,0,0,1
6.598,782.0,1072.0,582.0,1446.0,-1.0652,-0.794,-1.871,-0.6592,-0.9296,,SAFE_STOP,移动避让持续未改善，停车等待,left,1,stop,0.0,,0.0,0,0,1
6.619,782.0,1072.0,582.0,1446.0,-1.0652,-0.794,-1.871,-0.6592,-0.9296,,SAFE_STOP,移动避让持续未改善，停车等待,left,1,stop,0.0,,0.0,0,0,1
6.639,783.0,1072.0,583.0,1447.0,-1.0652,-0.794,-1.871,-0.6592,-0.9296,,SAFE_STOP,移动避让持续未改善，停车等待,left,1,stop,0.0,,0.0,0,0,1
6.659,784.0,1072.0,582.0,1448.0,-1.061,-0.794,-1.871,-0.6554,-0.9275,,SAFE_STOP,移动避让持续未改善，停车等待,left,1,stop,0.0,,0.0,0,0,1
6.679,784.0,1072.0,583.0,1447.0,-1.0568,-0.794,-1.8631,-0.6554,-0.9254,,SAFE_STOP,移动避让持续未改善，停车等待,left,1,stop,0.0,,0.0,0,0,1
6.699,784.0,1072.0,583.0,1448.0,-1.0568,-0.794,-1.8631,-0.6517,-0.9254,,SAFE_STOP,移动避让持续未改善，停车等待,left,1,stop,0.0,,0.0,0,0,1
6.719,783.0,1072.0,582.0,1446.0,-1.0568,-0.794,-1.8631,-0.6554,-0.9254,,SAFE_STOP,移动避让持续未改善，停车等待,left,1,stop,0.0,,0.0,0,0,1
6.739,784.0,1072.0,583.0,1448.0,-1.0568,-0.794,-1.8631,-0.6517,-0.9254,,SAFE_STOP,移动避让持续未改善，停车等待,left,1,stop,0.0,,0.0,0,0,1
6.759,784.0,1072.0,583.0,1448.0,-1.0568,-0.794,-1.8631,-0.6517,-0.9254,,SAFE_STOP,移动避让持续未改善，停车等待,left,1,stop,0.0,,0.0,0,0,1
6.779,784.0,1072.0,582.0,1446.0,-1.0568,-0.794,-1.8631,-0.6517,-0.9254,,SAFE_STOP,移动避让持续未改善，停车等待,left,1,stop,0.0,,0.0,0,0,1
6.8,784.0,1072.0,584.0,1448.0,-1.0568,-0.794,-1.8631,-0.6517,-0.9254,,SAFE_STOP,移动避让持续未改善，停车等待,left,1,stop,0.0,,0.0,0,0,1
6.82,784.0,1072.0,583.0,1448.0,-1.0568,-0.794,-1.8631,-0.6517,-0.9254,,SAFE_STOP,移动避让持续未改善，停车等待,left,1,stop,0.0,,0.0,0,0,1
6.84,784.0,1072.0,584.0,1447.0,-1.0568,-0.794,-1.8551,-0.6517,-0.9254,,SAFE_STOP,移动避让持续未改善，停车等待,left,1,stop,0.0,,0.0,0,0,1
6.86,782.0,1070.0,583.0,1446.0,-1.0568,-0.794,-1.8631,-0.6554,-0.9254,,SAFE_STOP,移动避让持续未改善，停车等待,left,1,stop,0.0,,0.0,0,0,1
6.88,784.0,1072.0,584.0,1448.0,-1.0568,-0.794,-1.8551,-0.6554,-0.9254,,SAFE_STOP,移动避让持续未改善，停车等待,left,1,stop,0.0,,0.0,0,0,1
6.9,786.0,1074.0,585.0,1451.0,-1.0568,-0.794,-1.8551,-0.6517,-0.9254,,SAFE_STOP,移动避让持续未改善，停车等待,left,1,stop,0.0,,0.0,0,0,1
6.92,785.0,1075.0,585.0,1451.0,-1.0525,-0.7854,-1.8471,-0.6404,-0.919,,SAFE_STOP,移动避让持续未改善，停车等待,left,1,stop,0.0,,0.0,0,0,1
6.94,785.0,1073.0,584.0,1450.0,-1.0525,-0.7854,-1.8471,-0.6404,-0.919,,SAFE_STOP,移动避让持续未改善，停车等待,left,1,stop,0.0,,0.0,0,0,1
6.96,785.0,1075.0,584.0,1450.0,-1.0525,-0.7811,-1.8551,-0.6442,-0.9168,,SAFE_STOP,移动避让持续未改善，停车等待,left,1,stop,0.0,,0.0,0,0,1
6.981,786.0,1076.0,585.0,1451.0,-1.0525,-0.7811,-1.8551,-0.6442,-0.9168,,SAFE_STOP,移动避让持续未改善，停车等待,left,1,stop,0.0,,0.0,0,0,1
7.001,786.0,1076.0,585.0,1451.0,-1.0483,-0.7768,-1.8471,-0.6404,-0.9126,,SAFE_STOP,移动避让持续未改善，停车等待,left,1,stop,0.0,,0.0,0,0,1
7.021,785.0,1074.0,584.0,1451.0,-1.0483,-0.7768,-1.8471,-0.6404,-0.9126,,SAFE_STOP,移动避让持续未改善，停车等待,left,1,stop,0.0,,0.0,0,0,1
7.041,784.0,1073.0,583.0,1447.0,-1.0525,-0.7854,-1.8551,-0.6404,-0.919,,SAFE_STOP,移动避让持续未改善，停车等待,left,1,stop,0.0,,0.0,0,0,1
7.061,786.0,1075.0,585.0,1452.0,-1.0525,-0.7854,-1.8551,-0.6404,-0.919,,SAFE_STOP,移动避让持续未改善，停车等待,left,1,stop,0.0,,0.0,0,0,1
7.081,785.0,1073.0,584.0,1449.0,-1.0525,-0.7897,-1.8551,-0.6479,-0.9211,,SAFE_STOP,移动避让持续未改善，停车等待,left,1,stop,0.0,,0.0,0,0,1
7.101,785.0,1074.0,584.0,1451.0,-1.0525,-0.7854,-1.8551,-0.6404,-0.919,,SAFE_STOP,移动避让持续未改善，停车等待,left,1,stop,0.0,,0.0,0,0,1
7.122,784.0,1072.0,583.0,1449.0,-1.0525,-0.7897,-1.8551,-0.6479,-0.9211,,SAFE_STOP,移动避让持续未改善，停车等待,left,1,stop,0.0,,0.0,0,0,1
7.142,785.0,1075.0,584.0,1451.0,-1.0525,-0.7854,-1.8551,-0.6404,-0.919,,SAFE_STOP,移动避让持续未改善，停车等待,left,1,stop,0.0,,0.0,0,0,1
7.162,785.0,1074.0,585.0,1451.0,-1.0525,-0.7854,-1.8551,-0.6404,-0.919,,SAFE_STOP,移动避让持续未改善，停车等待,left,1,stop,0.0,,0.0,0,0,1
7.182,785.0,1074.0,585.0,1451.0,-1.0525,-0.7854,-1.8471,-0.6404,-0.919,,SAFE_STOP,移动避让持续未改善，停车等待,left,1,stop,0.0,,0.0,0,0,1
7.202,786.0,1074.0,585.0,1451.0,-1.0525,-0.7854,-1.8471,-0.6404,-0.919,,SAFE_STOP,移动避让持续未改善，停车等待,left,1,stop,0.0,,0.0,0,0,1
7.222,785.0,1074.0,585.0,1450.0,-1.0525,-0.7854,-1.8471,-0.6404,-0.919,,SAFE_STOP,移动避让持续未改善，停车等待,left,1,stop,0.0,,0.0,0,0,1
7.242,786.0,1075.0,584.0,1451.0,-1.0483,-0.7854,-1.8471,-0.6404,-0.9168,,SAFE_STOP,移动避让持续未改善，停车等待,left,1,stop,0.0,,0.0,0,0,1
7.262,785.0,1075.0,584.0,1451.0,-1.0525,-0.7811,-1.8551,-0.6404,-0.9168,,SAFE_STOP,移动避让持续未改善，停车等待,left,1,stop,0.0,,0.0,0,0,1
7.283,784.0,1072.0,584.0,1448.0,-1.0525,-0.7811,-1.8551,-0.6404,-0.9168,,SAFE_STOP,移动避让持续未改善，停车等待,left,1,stop,0.0,,0.0,0,0,1
7.303,784.0,1072.0,582.0,1447.0,-1.0568,-0.794,-1.8551,-0.6517,-0.9254,,SAFE_STOP,移动避让持续未改善，停车等待,left,1,stop,0.0,,0.0,0,0,1
7.323,784.0,1072.0,583.0,1448.0,-1.0568,-0.794,-1.8631,-0.6517,-0.9254,,SAFE_STOP,移动避让持续未改善，停车等待,left,1,stop,0.0,,0.0,0,0,1
7.343,784.0,1073.0,584.0,1449.0,-1.0568,-0.794,-1.8631,-0.6517,-0.9254,,SAFE_STOP,移动避让持续未改善，停车等待,left,1,stop,0.0,,0.0,0,0,1
7.363,784.0,1073.0,584.0,1448.0,-1.0568,-0.7897,-1.8551,-0.6517,-0.9232,,SAFE_STOP,移动避让持续未改善，停车等待,left,1,stop,0.0,,0.0,0,0,1
7.383,784.0,1073.0,584.0,1448.0,-1.0568,-0.7897,-1.8551,-0.6517,-0.9232,,SAFE_STOP,移动避让持续未改善，停车等待,left,1,stop,0.0,,0.0,0,0,1
7.404,784.0,1073.0,583.0,1449.0,-1.0568,-0.7897,-1.8551,-0.6517,-0.9232,,SAFE_STOP,移动避让持续未改善，停车等待,left,1,stop,0.0,,0.0,0,0,1
7.424,782.0,1069.0,582.0,1446.0,-1.0568,-0.7897,-1.8631,-0.6517,-0.9232,,SAFE_STOP,移动避让持续未改善，停车等待,left,1,stop,0.0,,0.0,0,0,1
7.444,781.0,1069.0,582.0,1445.0,-1.0652,-0.8069,-1.871,-0.6592,-0.936,,SAFE_STOP,移动避让持续未改善，停车等待,left,1,stop,0.0,,0.0,0,0,1
7.464,782.0,1070.0,581.0,1445.0,-1.0652,-0.8069,-1.871,-0.6629,-0.936,,SAFE_STOP,移动避让持续未改善，停车等待,left,1,stop,0.0,,0.0,0,0,1
7.484,783.0,1070.0,582.0,1448.0,-1.0652,-0.8026,-1.871,-0.6629,-0.9339,,SAFE_STOP,移动避让持续未改善，停车等待,left,1,stop,0.0,,0.0,0,0,1
7.504,782.0,1070.0,582.0,1447.0,-1.0652,-0.8026,-1.871,-0.6554,-0.9339,,SAFE_STOP,移动避让持续未改善，停车等待,left,1,stop,0.0,,0.0,0,0,1
7.524,781.0,1069.0,582.0,1445.0,-1.0652,-0.8026,-1.871,-0.6554,-0.9339,,SAFE_STOP,移动避让持续未改善，停车等待,left,1,stop,0.0,,0.0,0,0,1
7.544,783.0,1072.0,583.0,1447.0,-1.0652,-0.8026,-1.871,-0.6554,-0.9339,,SAFE_STOP,移动避让持续未改善，停车等待,left,1,stop,0.0,,0.0,0,0,1
7.565,781.0,1069.0,580.0,1444.0,-1.0695,-0.8069,-1.871,-0.6629,-0.9382,,SAFE_STOP,移动避让持续未改善，停车等待,left,1,stop,0.0,,0.0,0,0,1
7.585,781.0,1068.0,581.0,1444.0,-1.0695,-0.8069,-1.879,-0.6667,-0.9382,,SAFE_STOP,移动避让持续未改善，停车等待,left,1,stop,0.0,,0.0,0,0,1
7.605,782.0,1071.0,584.0,1448.0,-1.0695,-0.8069,-1.879,-0.6667,-0.9382,,SAFE_STOP,移动避让持续未改善，停车等待,left,1,stop,0.0,,0.0,0,0,1
7.625,781.0,1070.0,581.0,1444.0,-1.0695,-0.8026,-1.879,-0.6667,-0.936,,SAFE_STOP,移动避让持续未改善，停车等待,left,1,stop,0.0,,0.0,0,0,1
7.645,784.0,1072.0,584.0,1448.0,-1.0652,-0.7983,-1.8551,-0.6517,-0.9318,,SAFE_STOP,移动避让持续未改善，停车等待,left,1,stop,0.0,,0.0,0,0,1
7.665,784.0,1072.0,582.0,1448.0,-1.0568,-0.794,-1.871,-0.6517,-0.9254,,SAFE_STOP,移动避让持续未改善，停车等待,left,1,stop,0.0,,0.0,0,0,1
7.685,783.0,1070.0,582.0,1447.0,-1.0568,-0.794,-1.871,-0.6517,-0.9254,,SAFE_STOP,移动避让持续未改善，停车等待,left,1,stop,0.0,,0.0,0,0,1
7.705,782.0,1070.0,581.0,1445.0,-1.061,-0.8026,-1.871,-0.6554,-0.9318,,SAFE_STOP,移动避让持续未改善，停车等待,left,1,stop,0.0,,0.0,0,0,1
7.725,782.0,1070.0,582.0,1446.0,-1.0652,-0.8026,-1.871,-0.6592,-0.9339,,SAFE_STOP,移动避让持续未改善，停车等待,left,1,stop,0.0,,0.0,0,0,1
7.745,782.0,1070.0,582.0,1446.0,-1.0652,-0.8026,-1.871,-0.6592,-0.9339,,SAFE_STOP,移动避让持续未改善，停车等待,left,1,stop,0.0,,0.0,0,0,1
7.766,780.0,1068.0,580.0,1444.0,-1.0652,-0.8026,-1.871,-0.6592,-0.9339,,SAFE_STOP,移动避让持续未改善，停车等待,left,1,stop,0.0,,0.0,0,0,1
7.786,783.0,1072.0,584.0,1447.0,-1.0652,-0.8026,-1.871,-0.6592,-0.9339,,SAFE_STOP,移动避让持续未改善，停车等待,left,1,stop,0.0,,0.0,0,0,1
7.806,784.0,1072.0,585.0,1449.0,-1.061,-0.794,-1.8551,-0.6554,-0.9275,,SAFE_STOP,移动避让持续未改善，停车等待,left,1,stop,0.0,,0.0,0,0,1
7.826,782.0,1071.0,582.0,1446.0,-1.061,-0.794,-1.8551,-0.6554,-0.9275,,SAFE_STOP,移动避让持续未改善，停车等待,left,1,stop,0.0,,0.0,0,0,1
7.846,781.0,1070.0,582.0,1446.0,-1.0652,-0.7983,-1.871,-0.6592,-0.9318,,SAFE_STOP,移动避让持续未改善，停车等待,left,1,stop,0.0,,0.0,0,0,1
7.866,784.0,1073.0,584.0,1449.0,-1.0652,-0.7983,-1.871,-0.6592,-0.9318,,SAFE_STOP,移动避让持续未改善，停车等待,left,1,stop,0.0,,0.0,0,0,1
7.886,785.0,1073.0,583.0,1451.0,-1.0568,-0.7897,-1.8631,-0.6479,-0.9232,,SAFE_STOP,移动避让持续未改善，停车等待,left,1,stop,0.0,,0.0,0,0,1
7.906,786.0,1074.0,585.0,1452.0,-1.0525,-0.7897,-1.8551,-0.6404,-0.9211,,SAFE_STOP,移动避让持续未改善，停车等待,left,1,stop,0.0,,0.0,0,0,1
7.926,785.0,1074.0,584.0,1451.0,-1.0525,-0.7854,-1.8551,-0.6404,-0.919,,SAFE_STOP,移动避让持续未改善，停车等待,left,1,stop,0.0,,0.0,0,0,1
7.947,785.0,1073.0,584.0,1450.0,-1.0525,-0.7854,-1.8551,-0.6404,-0.919,,SAFE_STOP,移动避让持续未改善，停车等待,left,1,stop,0.0,,0.0,0,0,1
7.967,784.0,1073.0,585.0,1449.0,-1.0525,-0.7897,-1.8551,-0.6442,-0.9211,,SAFE_STOP,移动避让持续未改善，停车等待,left,1,stop,0.0,,0.0,0,0,1
7.987,785.0,1075.0,584.0,1450.0,-1.0525,-0.7897,-1.8551,-0.6442,-0.9211,,SAFE_STOP,移动避让持续未改善，停车等待,left,1,stop,0.0,,0.0,0,0,1
8.007,785.0,1075.0,584.0,1450.0,-1.0525,-0.7811,-1.8551,-0.6442,-0.9168,,SAFE_STOP,移动避让持续未改善，停车等待,left,1,stop,0.0,,0.0,0,0,1
8.027,784.0,1072.0,583.0,1448.0,-1.0525,-0.7811,-1.8551,-0.6442,-0.9168,,SAFE_STOP,移动避让持续未改善，停车等待,left,1,stop,0.0,,0.0,0,0,1
8.047,782.0,1070.0,582.0,1445.0,-1.0568,-0.794,-1.8631,-0.6517,-0.9254,,SAFE_STOP,移动避让持续未改善，停车等待,left,1,stop,0.0,,0.0,0,0,1
8.067,785.0,1073.0,584.0,1450.0,-1.0568,-0.794,-1.8631,-0.6517,-0.9254,,SAFE_STOP,移动避让持续未改善，停车等待,left,1,stop,0.0,,0.0,0,0,1
8.087,786.0,1073.0,585.0,1451.0,-1.0525,-0.7897,-1.8551,-0.6442,-0.9211,,SAFE_STOP,移动避让持续未改善，停车等待,left,1,stop,0.0,,0.0,0,0,1
8.108,785.0,1073.0,583.0,1449.0,-1.0525,-0.7897,-1.8551,-0.6442,-0.9211,,SAFE_STOP,移动避让持续未改善，停车等待,left,1,stop,0.0,,0.0,0,0,1
8.128,783.0,1072.0,584.0,1448.0,-1.0525,-0.7897,-1.8551,-0.6479,-0.9211,,SAFE_STOP,移动避让持续未改善，停车等待,left,1,stop,0.0,,0.0,0,0,1
8.148,784.0,1072.0,583.0,1447.0,-1.0568,-0.794,-1.8631,-0.6517,-0.9254,,SAFE_STOP,移动避让持续未改善，停车等待,left,1,stop,0.0,,0.0,0,0,1
8.168,784.0,1073.0,584.0,1449.0,-1.0568,-0.794,-1.8551,-0.6517,-0.9254,,SAFE_STOP,移动避让持续未改善，停车等待,left,1,stop,0.0,,0.0,0,0,1
8.188,786.0,1075.0,584.0,1452.0,-1.0568,-0.7897,-1.8551,-0.6479,-0.9232,,SAFE_STOP,移动避让持续未改善，停车等待,left,1,stop,0.0,,0.0,0,0,1
8.208,786.0,1073.0,584.0,1449.0,-1.0483,-0.7897,-1.8551,-0.6479,-0.919,,SAFE_STOP,移动避让持续未改善，停车等待,left,1,stop,0.0,,0.0,0,0,1
8.228,784.0,1072.0,584.0,1448.0,-1.0483,-0.7897,-1.8551,-0.6479,-0.919,,SAFE_STOP,移动避让持续未改善，停车等待,left,1,stop,0.0,,0.0,0,0,1
8.248,784.0,1072.0,584.0,1449.0,-1.0568,-0.794,-1.8551,-0.6479,-0.9254,,SAFE_STOP,移动避让持续未改善，停车等待,left,1,stop,0.0,,0.0,0,0,1
8.268,785.0,1075.0,584.0,1449.0,-1.0568,-0.794,-1.8551,-0.6479,-0.9254,,SAFE_STOP,移动避让持续未改善，停车等待,left,1,stop,0.0,,0.0,0,0,1
8.288,786.0,1075.0,585.0,1452.0,-1.0525,-0.7811,-1.8551,-0.6479,-0.9168,,SAFE_STOP,移动避让持续未改善，停车等待,left,1,stop,0.0,,0.0,0,0,1
8.308,785.0,1074.0,585.0,1450.0,-1.0525,-0.7811,-1.8471,-0.6442,-0.9168,,SAFE_STOP,移动避让持续未改善，停车等待,left,1,stop,0.0,,0.0,0,0,1
8.328,785.0,1073.0,584.0,1449.0,-1.0525,-0.7854,-1.8471,-0.6442,-0.919,,SAFE_STOP,移动避让持续未改善，停车等待,left,1,stop,0.0,,0.0,0,0,1
8.349,784.0,1072.0,584.0,1448.0,-1.0525,-0.7897,-1.8551,-0.6479,-0.9211,,SAFE_STOP,移动避让持续未改善，停车等待,left,1,stop,0.0,,0.0,0,0,1
8.369,786.0,1075.0,584.0,1451.0,-1.0525,-0.7897,-1.8551,-0.6479,-0.9211,,SAFE_STOP,移动避让持续未改善，停车等待,left,1,stop,0.0,,0.0,0,0,1
8.389,784.0,1073.0,584.0,1449.0,-1.0568,-0.7897,-1.8551,-0.6479,-0.9232,,SAFE_STOP,移动避让持续未改善，停车等待,left,1,stop,0.0,,0.0,0,0,1
8.409,786.0,1075.0,584.0,1451.0,-1.0483,-0.7811,-1.8551,-0.6404,-0.9147,,SAFE_STOP,移动避让持续未改善，停车等待,left,1,stop,0.0,,0.0,0,0,1
8.429,785.0,1074.0,585.0,1450.0,-1.0525,-0.7854,-1.8551,-0.6442,-0.919,,SAFE_STOP,移动避让持续未改善，停车等待,left,1,stop,0.0,,0.0,0,0,1
8.449,785.0,1075.0,584.0,1451.0,-1.0525,-0.7811,-1.8551,-0.6404,-0.9168,,SAFE_STOP,移动避让持续未改善，停车等待,left,1,stop,0.0,,0.0,0,0,1
8.469,785.0,1075.0,585.0,1451.0,-1.0525,-0.7811,-1.8471,-0.6404,-0.9168,,SAFE_STOP,移动避让持续未改善，停车等待,left,1,stop,0.0,,0.0,0,0,1
8.489,785.0,1072.0,584.0,1449.0,-1.0525,-0.7811,-1.8551,-0.6404,-0.9168,,SAFE_STOP,移动避让持续未改善，停车等待,left,1,stop,0.0,,0.0,0,0,1
8.509,785.0,1075.0,584.0,1450.0,-1.0525,-0.7811,-1.8551,-0.6442,-0.9168,,SAFE_STOP,移动避让持续未改善，停车等待,left,1,stop,0.0,,0.0,0,0,1
8.529,784.0,1073.0,584.0,1449.0,-1.0525,-0.7897,-1.8551,-0.6479,-0.9211,,SAFE_STOP,移动避让持续未改善，停车等待,left,1,stop,0.0,,0.0,0,0,1
8.549,784.0,1073.0,584.0,1448.0,-1.0568,-0.7897,-1.8551,-0.6479,-0.9232,,SAFE_STOP,移动避让持续未改善，停车等待,left,1,stop,0.0,,0.0,0,0,1
8.569,784.0,1073.0,584.0,1449.0,-1.0568,-0.7897,-1.8551,-0.6479,-0.9232,,SAFE_STOP,移动避让持续未改善，停车等待,left,1,stop,0.0,,0.0,0,0,1
8.59,784.0,1073.0,584.0,1450.0,-1.0568,-0.7897,-1.8551,-0.6479,-0.9232,,SAFE_STOP,移动避让持续未改善，停车等待,left,1,stop,0.0,,0.0,0,0,1
8.61,785.0,1074.0,584.0,1450.0,-1.0568,-0.7897,-1.8551,-0.6442,-0.9232,,SAFE_STOP,移动避让持续未改善，停车等待,left,1,stop,0.0,,0.0,0,0,1
8.63,783.0,1072.0,584.0,1449.0,-1.0568,-0.7897,-1.8551,-0.6442,-0.9232,,SAFE_STOP,移动避让持续未改善，停车等待,left,1,stop,0.0,,0.0,0,0,1
8.65,786.0,1076.0,585.0,1452.0,-1.0525,-0.7854,-1.8551,-0.6442,-0.919,,SAFE_STOP,移动避让持续未改善，停车等待,left,1,stop,0.0,,0.0,0,0,1
8.67,785.0,1074.0,584.0,1450.0,-1.0525,-0.7854,-1.8551,-0.6442,-0.919,,SAFE_STOP,移动避让持续未改善，停车等待,left,1,stop,0.0,,0.0,0,0,1
8.69,786.0,1075.0,584.0,1449.0,-1.0483,-0.7811,-1.8551,-0.6442,-0.9147,,SAFE_STOP,移动避让持续未改善，停车等待,left,1,stop,0.0,,0.0,0,0,1
8.71,786.0,1075.0,584.0,1449.0,-1.0483,-0.7811,-1.8551,-0.6479,-0.9147,,SAFE_STOP,移动避让持续未改善，停车等待,left,1,stop,0.0,,0.0,0,0,1
8.73,785.0,1074.0,584.0,1450.0,-1.0483,-0.7811,-1.8551,-0.6479,-0.9147,,SAFE_STOP,移动避让持续未改善，停车等待,left,1,stop,0.0,,0.0,0,0,1
8.75,784.0,1073.0,584.0,1449.0,-1.0525,-0.7854,-1.8551,-0.6479,-0.919,,SAFE_STOP,移动避让持续未改善，停车等待,left,1,stop,0.0,,0.0,0,0,1
8.77,785.0,1074.0,585.0,1450.0,-1.0525,-0.7854,-1.8551,-0.6442,-0.919,,SAFE_STOP,移动避让持续未改善，停车等待,left,1,stop,0.0,,0.0,0,0,1
8.79,785.0,1074.0,583.0,1449.0,-1.0525,-0.7854,-1.8551,-0.6479,-0.919,,SAFE_STOP,移动避让持续未改善，停车等待,left,1,stop,0.0,,0.0,0,0,1
8.81,784.0,1073.0,584.0,1449.0,-1.0525,-0.7854,-1.8551,-0.6479,-0.919,,SAFE_STOP,移动避让持续未改善，停车等待,left,1,stop,0.0,,0.0,0,0,1
8.831,785.0,1075.0,584.0,1451.0,-1.0525,-0.7854,-1.8551,-0.6479,-0.919,,SAFE_STOP,移动避让持续未改善，停车等待,left,1,stop,0.0,,0.0,0,0,1
8.851,785.0,1073.0,583.0,1450.0,-1.0525,-0.7897,-1.8551,-0.6442,-0.9211,,SAFE_STOP,移动避让持续未改善，停车等待,left,1,stop,0.0,,0.0,0,0,1
8.871,786.0,1075.0,584.0,1449.0,-1.0525,-0.7811,-1.8551,-0.6442,-0.9168,,SAFE_STOP,移动避让持续未改善，停车等待,left,1,stop,0.0,,0.0,0,0,1
8.891,785.0,1075.0,584.0,1450.0,-1.0525,-0.7811,-1.8551,-0.6442,-0.9168,,SAFE_STOP,移动避让持续未改善，停车等待,left,1,stop,0.0,,0.0,0,0,1
8.911,785.0,1074.0,585.0,1450.0,-1.0525,-0.7811,-1.8551,-0.6442,-0.9168,,SAFE_STOP,移动避让持续未改善，停车等待,left,1,stop,0.0,,0.0,0,0,1
8.931,785.0,1075.0,585.0,1451.0,-1.0525,-0.7811,-1.8471,-0.6442,-0.9168,,SAFE_STOP,移动避让持续未改善，停车等待,left,1,stop,0.0,,0.0,0,0,1
8.951,785.0,1074.0,584.0,1452.0,-1.0525,-0.7854,-1.8471,-0.6404,-0.919,,SAFE_STOP,移动避让持续未改善，停车等待,left,1,stop,0.0,,0.0,0,0,1
8.971,785.0,1073.0,584.0,1450.0,-1.0525,-0.7854,-1.8551,-0.6404,-0.919,,SAFE_STOP,移动避让持续未改善，停车等待,left,1,stop,0.0,,0.0,0,0,1
8.992,785.0,1073.0,584.0,1450.0,-1.0525,-0.7897,-1.8551,-0.6442,-0.9211,,SAFE_STOP,移动避让持续未改善，停车等待,left,1,stop,0.0,,0.0,0,0,1
9.012,786.0,1075.0,585.0,1451.0,-1.0525,-0.7897,-1.8551,-0.6442,-0.9211,,SAFE_STOP,移动避让持续未改善，停车等待,left,1,stop,0.0,,0.0,0,0,1
9.032,786.0,1075.0,584.0,1450.0,-1.0483,-0.7811,-1.8551,-0.6442,-0.9147,,SAFE_STOP,移动避让持续未改善，停车等待,left,1,stop,0.0,,0.0,0,0,1
9.052,784.0,1072.0,584.0,1448.0,-1.0483,-0.7811,-1.8551,-0.6442,-0.9147,,SAFE_STOP,移动避让持续未改善，停车等待,left,1,stop,0.0,,0.0,0,0,1
9.072,784.0,1072.0,583.0,1447.0,-1.0568,-0.794,-1.8551,-0.6517,-0.9254,,SAFE_STOP,移动避让持续未改善，停车等待,left,1,stop,0.0,,0.0,0,0,1
9.092,784.0,1073.0,583.0,1448.0,-1.0568,-0.794,-1.8631,-0.6517,-0.9254,,SAFE_STOP,移动避让持续未改善，停车等待,left,1,stop,0.0,,0.0,0,0,1
9.112,784.0,1072.0,584.0,1449.0,-1.0568,-0.794,-1.8631,-0.6517,-0.9254,,SAFE_STOP,移动避让持续未改善，停车等待,left,1,stop,0.0,,0.0,0,0,1
9.132,785.0,1074.0,584.0,1450.0,-1.0568,-0.7897,-1.8551,-0.6479,-0.9232,,SAFE_STOP,移动避让持续未改善，停车等待,left,1,stop,0.0,,0.0,0,0,1
9.153,785.0,1073.0,584.0,1451.0,-1.0525,-0.7897,-1.8551,-0.6442,-0.9211,,SAFE_STOP,移动避让持续未改善，停车等待,left,1,stop,0.0,,0.0,0,0,1
9.173,785.0,1073.0,584.0,1451.0,-1.0525,-0.7897,-1.8551,-0.6404,-0.9211,,SAFE_STOP,移动避让持续未改善，停车等待,left,1,stop,0.0,,0.0,0,0,1
9.193,784.0,1074.0,584.0,1449.0,-1.0525,-0.7897,-1.8551,-0.6404,-0.9211,,SAFE_STOP,移动避让持续未改善，停车等待,left,1,stop,0.0,,0.0,0,0,1
9.213,786.0,1075.0,585.0,1452.0,-1.0525,-0.7854,-1.8551,-0.6404,-0.919,,SAFE_STOP,移动避让持续未改善，停车等待,left,1,stop,0.0,,0.0,0,0,1
9.233,785.0,1073.0,584.0,1451.0,-1.0525,-0.7854,-1.8551,-0.6404,-0.919,,SAFE_STOP,移动避让持续未改善，停车等待,left,1,stop,0.0,,0.0,0,0,1
9.253,785.0,1074.0,584.0,1450.0,-1.0525,-0.7854,-1.8551,-0.6404,-0.919,,SAFE_STOP,移动避让持续未改善，停车等待,left,1,stop,0.0,,0.0,0,0,1
9.273,786.0,1075.0,585.0,1450.0,-1.0525,-0.7854,-1.8551,-0.6442,-0.919,,SAFE_STOP,移动避让持续未改善，停车等待,left,1,stop,0.0,,0.0,0,0,1
9.293,785.0,1074.0,584.0,1449.0,-1.0525,-0.7854,-1.8551,-0.6442,-0.919,,SAFE_STOP,移动避让持续未改善，停车等待,left,1,stop,0.0,,0.0,0,0,1
9.313,784.0,1074.0,584.0,1449.0,-1.0525,-0.7854,-1.8551,-0.6479,-0.919,,SAFE_STOP,移动避让持续未改善，停车等待,left,1,stop,0.0,,0.0,0,0,1
9.334,786.0,1076.0,585.0,1451.0,-1.0525,-0.7854,-1.8551,-0.6479,-0.919,,SAFE_STOP,移动避让持续未改善，停车等待,left,1,stop,0.0,,0.0,0,0,1
9.354,785.0,1075.0,584.0,1451.0,-1.0525,-0.7811,-1.8551,-0.6404,-0.9168,,SAFE_STOP,移动避让持续未改善，停车等待,left,1,stop,0.0,,0.0,0,0,1
9.374,783.0,1072.0,582.0,1448.0,-1.0525,-0.7811,-1.8551,-0.6404,-0.9168,,SAFE_STOP,移动避让持续未改善，停车等待,left,1,stop,0.0,,0.0,0,0,1
9.394,785.0,1074.0,584.0,1450.0,-1.0525,-0.7854,-1.8551,-0.6442,-0.919,,SAFE_STOP,移动避让持续未改善，停车等待,left,1,stop,0.0,,0.0,0,0,1
9.414,786.0,1075.0,584.0,1451.0,-1.0525,-0.7854,-1.8551,-0.6442,-0.919,,SAFE_STOP,移动避让持续未改善，停车等待,left,1,stop,0.0,,0.0,0,0,1
9.434,785.0,1074.0,585.0,1450.0,-1.0525,-0.7854,-1.8551,-0.6442,-0.919,,SAFE_STOP,移动避让持续未改善，停车等待,left,1,stop,0.0,,0.0,0,0,1
9.454,786.0,1074.0,584.0,1450.0,-1.0483,-0.7854,-1.8551,-0.6442,-0.9168,,SAFE_STOP,移动避让持续未改善，停车等待,left,1,stop,0.0,,0.0,0,0,1
9.474,786.0,1076.0,585.0,1453.0,-1.0483,-0.7854,-1.8471,-0.6442,-0.9168,,SAFE_STOP,移动避让持续未改善，停车等待,left,1,stop,0.0,,0.0,0,0,1
9.495,786.0,1075.0,585.0,1452.0,-1.0483,-0.7811,-1.8471,-0.6367,-0.9147,,SAFE_STOP,移动避让持续未改善，停车等待,left,1,stop,0.0,,0.0,0,0,1
9.515,786.0,1074.0,585.0,1451.0,-1.0483,-0.7811,-1.8471,-0.6367,-0.9147,,SAFE_STOP,移动避让持续未改善，停车等待,left,1,stop,0.0,,0.0,0,0,1
9.535,786.0,1073.0,584.0,1450.0,-1.0483,-0.7854,-1.8471,-0.6404,-0.9168,,SAFE_STOP,移动避让持续未改善，停车等待,left,1,stop,0.0,,0.0,0,0,1
9.555,786.0,1073.0,584.0,1450.0,-1.0483,-0.7897,-1.8551,-0.6442,-0.919,,SAFE_STOP,移动避让持续未改善，停车等待,left,1,stop,0.0,,0.0,0,0,1
9.575,785.0,1073.0,585.0,1451.0,-1.0483,-0.7897,-1.8551,-0.6442,-0.919,,SAFE_STOP,移动避让持续未改善，停车等待,left,1,stop,0.0,,0.0,0,0,1
9.595,785.0,1073.0,584.0,1449.0,-1.0525,-0.7897,-1.8551,-0.6442,-0.9211,,SAFE_STOP,移动避让持续未改善，停车等待,left,1,stop,0.0,,0.0,0,0,1
9.615,785.0,1075.0,584.0,1449.0,-1.0525,-0.7897,-1.8551,-0.6479,-0.9211,,SAFE_STOP,移动避让持续未改善，停车等待,left,1,stop,0.0,,0.0,0,0,1
9.635,786.0,1074.0,585.0,1451.0,-1.0525,-0.7854,-1.8551,-0.6479,-0.919,,SAFE_STOP,移动避让持续未改善，停车等待,left,1,stop,0.0,,0.0,0,0,1
9.655,784.0,1073.0,584.0,1448.0,-1.0525,-0.7854,-1.8551,-0.6479,-0.919,,SAFE_STOP,移动避让持续未改善，停车等待,left,1,stop,0.0,,0.0,0,0,1
9.676,786.0,1075.0,584.0,1451.0,-1.0483,-0.7854,-1.8551,-0.6404,-0.9168,,SAFE_STOP,移动避让持续未改善，停车等待,left,1,stop,0.0,,0.0,0,0,1
9.696,786.0,1075.0,584.0,1450.0,-1.0483,-0.7811,-1.8551,-0.6442,-0.9147,,SAFE_STOP,移动避让持续未改善，停车等待,left,1,stop,0.0,,0.0,0,0,1
9.716,786.0,1075.0,584.0,1451.0,-1.0483,-0.7811,-1.8551,-0.6404,-0.9147,,SAFE_STOP,移动避让持续未改善，停车等待,left,1,stop,0.0,,0.0,0,0,1
9.736,786.0,1076.0,585.0,1452.0,-1.0483,-0.7811,-1.8551,-0.6404,-0.9147,,SAFE_STOP,移动避让持续未改善，停车等待,left,1,stop,0.0,,0.0,0,0,1
9.756,786.0,1075.0,584.0,1452.0,-1.0483,-0.7811,-1.8551,-0.6367,-0.9147,,SAFE_STOP,移动避让持续未改善，停车等待,left,1,stop,0.0,,0.0,0,0,1
9.776,785.0,1075.0,584.0,1450.0,-1.0483,-0.7811,-1.8551,-0.6367,-0.9147,,SAFE_STOP,移动避让持续未改善，停车等待,left,1,stop,0.0,,0.0,0,0,1
9.796,785.0,1075.0,585.0,1452.0,-1.0525,-0.7811,-1.8551,-0.6367,-0.9168,,SAFE_STOP,移动避让持续未改善，停车等待,left,1,stop,0.0,,0.0,0,0,1
9.816,786.0,1074.0,585.0,1450.0,-1.0525,-0.7811,-1.8471,-0.6442,-0.9168,,SAFE_STOP,移动避让持续未改善，停车等待,left,1,stop,0.0,,0.0,0,0,1
9.836,785.0,1073.0,584.0,1451.0,-1.0525,-0.7854,-1.8471,-0.6404,-0.919,,SAFE_STOP,移动避让持续未改善，停车等待,left,1,stop,0.0,,0.0,0,0,1
9.857,785.0,1075.0,585.0,1451.0,-1.0525,-0.7854,-1.8471,-0.6404,-0.919,,SAFE_STOP,移动避让持续未改善，停车等待,left,1,stop,0.0,,0.0,0,0,1
9.877,786.0,1075.0,585.0,1451.0,-1.0525,-0.7811,-1.8471,-0.6404,-0.9168,,SAFE_STOP,移动避让持续未改善，停车等待,left,1,stop,0.0,,0.0,0,0,1
9.897,786.0,1076.0,584.0,1449.0,-1.0483,-0.7811,-1.8471,-0.6404,-0.9147,,SAFE_STOP,移动避让持续未改善，停车等待,left,1,stop,0.0,,0.0,0,0,1
9.917,785.0,1074.0,584.0,1450.0,-1.0483,-0.7811,-1.8551,-0.6442,-0.9147,,SAFE_STOP,移动避让持续未改善，停车等待,left,1,stop,0.0,,0.0,0,0,1
9.937,785.0,1075.0,584.0,1450.0,-1.0525,-0.7811,-1.8551,-0.6442,-0.9168,,SAFE_STOP,移动避让持续未改善，停车等待,left,1,stop,0.0,,0.0,0,0,1
9.957,785.0,1075.0,584.0,1450.0,-1.0525,-0.7811,-1.8551,-0.6442,-0.9168,,SAFE_STOP,移动避让持续未改善，停车等待,left,1,stop,0.0,,0.0,0,0,1
9.977,786.0,1075.0,585.0,1451.0,-1.0525,-0.7811,-1.8551,-0.6442,-0.9168,,SAFE_STOP,移动避让持续未改善，停车等待,left,1,stop,0.0,,0.0,0,0,1
9.997,784.0,1074.0,585.0,1451.0,-1.0525,-0.7811,-1.8471,-0.6404,-0.9168,,SAFE_STOP,移动避让持续未改善，停车等待,left,1,stop,0.0,,0.0,0,0,1
10.017,785.0,1073.0,584.0,1449.0,-1.0525,-0.7854,-1.8471,-0.6404,-0.919,,SAFE_STOP,移动避让持续未改善，停车等待,left,1,stop,0.0,,0.0,0,0,1
10.038,786.0,1074.0,584.0,1450.0,-1.0525,-0.7854,-1.8551,-0.6442,-0.919,,SAFE_STOP,移动避让持续未改善，停车等待,left,1,stop,0.0,,0.0,0,0,1
10.058,785.0,1074.0,585.0,1451.0,-1.0525,-0.7854,-1.8551,-0.6442,-0.919,,SAFE_STOP,移动避让持续未改善，停车等待,left,1,stop,0.0,,0.0,0,0,1
10.078,785.0,1074.0,584.0,1449.0,-1.0525,-0.7854,-1.8551,-0.6442,-0.919,,SAFE_STOP,移动避让持续未改善，停车等待,left,1,stop,0.0,,0.0,0,0,1
10.098,785.0,1073.0,582.0,1448.0,-1.0525,-0.7854,-1.8551,-0.6479,-0.919,,SAFE_STOP,移动避让持续未改善，停车等待,left,1,stop,0.0,,0.0,0,0,1
10.118,787.0,1076.0,585.0,1453.0,-1.0525,-0.7854,-1.8551,-0.6479,-0.919,,SAFE_STOP,移动避让持续未改善，停车等待,left,1,stop,0.0,,0.0,0,0,1
10.138,785.0,1074.0,584.0,1450.0,-1.0525,-0.7854,-1.8551,-0.6442,-0.919,,SAFE_STOP,移动避让持续未改善，停车等待,left,1,stop,0.0,,0.0,0,0,1
10.158,785.0,1074.0,584.0,1450.0,-1.0525,-0.7854,-1.8551,-0.6442,-0.919,,SAFE_STOP,移动避让持续未改善，停车等待,left,1,stop,0.0,,0.0,0,0,1
10.178,785.0,1074.0,584.0,1449.0,-1.0525,-0.7854,-1.8551,-0.6442,-0.919,,SAFE_STOP,移动避让持续未改善，停车等待,left,1,stop,0.0,,0.0,0,0,1
10.198,786.0,1074.0,585.0,1451.0,-1.0525,-0.7854,-1.8551,-0.6442,-0.919,,SAFE_STOP,移动避让持续未改善，停车等待,left,1,stop,0.0,,0.0,0,0,1
10.219,786.0,1075.0,584.0,1450.0,-1.0483,-0.7854,-1.8551,-0.6442,-0.9168,,SAFE_STOP,移动避让持续未改善，停车等待,left,1,stop,0.0,,0.0,0,0,1
10.239,785.0,1074.0,584.0,1449.0,-1.0483,-0.7854,-1.8551,-0.6442,-0.9168,,SAFE_STOP,移动避让持续未改善，停车等待,left,1,stop,0.0,,0.0,0,0,1
10.259,786.0,1074.0,585.0,1451.0,-1.0483,-0.7854,-1.8551,-0.6442,-0.9168,,SAFE_STOP,移动避让持续未改善，停车等待,left,1,stop,0.0,,0.0,0,0,1
10.279,785.0,1075.0,585.0,1452.0,-1.0525,-0.7854,-1.8471,-0.6404,-0.919,,SAFE_STOP,移动避让持续未改善，停车等待,left,1,stop,0.0,,0.0,0,0,1
10.299,786.0,1075.0,585.0,1451.0,-1.0483,-0.7811,-1.8471,-0.6404,-0.9147,,SAFE_STOP,移动避让持续未改善，停车等待,left,1,stop,0.0,,0.0,0,0,1
10.319,784.0,1073.0,584.0,1449.0,-1.0525,-0.7811,-1.8471,-0.6404,-0.9168,,SAFE_STOP,移动避让持续未改善，停车等待,left,1,stop,0.0,,0.0,0,0,1
10.339,784.0,1073.0,584.0,1449.0,-1.0568,-0.7897,-1.8551,-0.6479,-0.9232,,SAFE_STOP,移动避让持续未改善，停车等待,left,1,stop,0.0,,0.0,0,0,1
10.359,784.0,1073.0,583.0,1449.0,-1.0568,-0.7897,-1.8551,-0.6479,-0.9232,,SAFE_STOP,移动避让持续未改善，停车等待,left,1,stop,0.0,,0.0,0,0,1
10.379,785.0,1075.0,584.0,1449.0,-1.0568,-0.7897,-1.8551,-0.6479,-0.9232,,SAFE_STOP,移动避让持续未改善，停车等待,left,1,stop,0.0,,0.0,0,0,1
10.4,785.0,1074.0,584.0,1449.0,-1.0525,-0.7854,-1.8551,-0.6479,-0.919,,SAFE_STOP,移动避让持续未改善，停车等待,left,1,stop,0.0,,0.0,0,0,1
10.42,784.0,1072.0,582.0,1448.0,-1.0525,-0.7854,-1.8551,-0.6479,-0.919,,SAFE_STOP,移动避让持续未改善，停车等待,left,1,stop,0.0,,0.0,0,0,1
10.44,784.0,1073.0,583.0,1448.0,-1.0568,-0.7897,-1.8631,-0.6517,-0.9232,,SAFE_STOP,移动避让持续未改善，停车等待,left,1,stop,0.0,,0.0,0,0,1
10.46,784.0,1072.0,582.0,1448.0,-1.0568,-0.794,-1.871,-0.6517,-0.9254,,SAFE_STOP,移动避让持续未改善，停车等待,left,1,stop,0.0,,0.0,0,0,1
10.48,784.0,1072.0,583.0,1448.0,-1.0568,-0.794,-1.8631,-0.6517,-0.9254,,SAFE_STOP,移动避让持续未改善，停车等待,left,1,stop,0.0,,0.0,0,0,1
10.5,784.0,1072.0,584.0,1447.0,-1.0568,-0.794,-1.8631,-0.6517,-0.9254,,SAFE_STOP,移动避让持续未改善，停车等待,left,1,stop,0.0,,0.0,0,0,1
10.52,784.0,1072.0,583.0,1449.0,-1.0568,-0.794,-1.8631,-0.6517,-0.9254,,SAFE_STOP,移动避让持续未改善，停车等待,left,1,stop,0.0,,0.0,0,0,1
10.54,784.0,1072.0,582.0,1448.0,-1.0568,-0.794,-1.8631,-0.6517,-0.9254,,SAFE_STOP,移动避让持续未改善，停车等待,left,1,stop,0.0,,0.0,0,0,1
10.56,785.0,1072.0,583.0,1449.0,-1.0568,-0.794,-1.8631,-0.6479,-0.9254,,SAFE_STOP,移动避让持续未改善，停车等待,left,1,stop,0.0,,0.0,0,0,1
10.581,783.0,1071.0,583.0,1447.0,-1.0568,-0.794,-1.8631,-0.6517,-0.9254,,SAFE_STOP,移动避让持续未改善，停车等待,left,1,stop,0.0,,0.0,0,0,1
10.601,782.0,1070.0,583.0,1448.0,-1.061,-0.7983,-1.8631,-0.6517,-0.9296,,SAFE_STOP,移动避让持续未改善，停车等待,left,1,stop,0.0,,0.0,0,0,1
10.621,784.0,1073.0,584.0,1450.0,-1.061,-0.7983,-1.8631,-0.6517,-0.9296,,SAFE_STOP,移动避让持续未改善，停车等待,left,1,stop,0.0,,0.0,0,0,1
10.641,784.0,1072.0,583.0,1449.0,-1.0568,-0.794,-1.8631,-0.6479,-0.9254,,SAFE_STOP,移动避让持续未改善，停车等待,left,1,stop,0.0,,0.0,0,0,1
10.661,784.0,1073.0,583.0,1449.0,-1.0568,-0.7897,-1.8631,-0.6479,-0.9232,,SAFE_STOP,移动避让持续未改善，停车等待,left,1,stop,0.0,,0.0,0,0,1
10.681,784.0,1072.0,583.0,1448.0,-1.0568,-0.794,-1.8631,-0.6479,-0.9254,,SAFE_STOP,移动避让持续未改善，停车等待,left,1,stop,0.0,,0.0,0,0,1
10.701,784.0,1073.0,583.0,1448.0,-1.0568,-0.7897,-1.8631,-0.6517,-0.9232,,SAFE_STOP,移动避让持续未改善，停车等待,left,1,stop,0.0,,0.0,0,0,1
10.721,784.0,1073.0,583.0,1448.0,-1.0568,-0.7897,-1.8631,-0.6517,-0.9232,,SAFE_STOP,移动避让持续未改善，停车等待,left,1,stop,0.0,,0.0,0,0,1
10.742,784.0,1073.0,583.0,1449.0,-1.0568,-0.7897,-1.8631,-0.6517,-0.9232,,SAFE_STOP,移动避让持续未改善，停车等待,left,1,stop,0.0,,0.0,0,0,1
10.762,784.0,1073.0,583.0,1449.0,-1.0568,-0.7897,-1.8631,-0.6479,-0.9232,,SAFE_STOP,移动避让持续未改善，停车等待,left,1,stop,0.0,,0.0,0,0,1
10.782,783.0,1072.0,583.0,1448.0,-1.0568,-0.7897,-1.8631,-0.6479,-0.9232,,SAFE_STOP,移动避让持续未改善，停车等待,left,1,stop,0.0,,0.0,0,0,1
10.802,784.0,1072.0,582.0,1448.0,-1.0568,-0.794,-1.8631,-0.6517,-0.9254,,SAFE_STOP,移动避让持续未改善，停车等待,left,1,stop,0.0,,0.0,0,0,1
10.823,783.0,1072.0,583.0,1447.0,-1.061,-0.794,-1.8631,-0.6517,-0.9275,,SAFE_STOP,移动避让持续未改善，停车等待,left,1,stop,0.0,,0.0,0,0,1
10.843,784.0,1072.0,583.0,1448.0,-1.0568,-0.794,-1.8631,-0.6517,-0.9254,,SAFE_STOP,移动避让持续未改善，停车等待,left,1,stop,0.0,,0.0,0,0,1
10.863,784.0,1072.0,583.0,1448.0,-1.0568,-0.794,-1.8631,-0.6517,-0.9254,,SAFE_STOP,移动避让持续未改善，停车等待,left,1,stop,0.0,,0.0,0,0,1
10.883,784.0,1073.0,582.0,1448.0,-1.0568,-0.794,-1.8631,-0.6517,-0.9254,,SAFE_STOP,移动避让持续未改善，停车等待,left,1,stop,0.0,,0.0,0,0,1
10.903,783.0,1069.0,583.0,1446.0,-1.0568,-0.794,-1.8631,-0.6517,-0.9254,,SAFE_STOP,移动避让持续未改善，停车等待,left,1,stop,0.0,,0.0,0,0,1
10.923,784.0,1071.0,583.0,1448.0,-1.0568,-0.7983,-1.8631,-0.6517,-0.9275,,SAFE_STOP,移动避让持续未改善，停车等待,left,1,stop,0.0,,0.0,0,0,1
10.943,783.0,1072.0,583.0,1448.0,-1.061,-0.7983,-1.8631,-0.6517,-0.9296,,SAFE_STOP,移动避让持续未改善，停车等待,left,1,stop,0.0,,0.0,0,0,1
10.963,783.0,1071.0,582.0,1447.0,-1.061,-0.7983,-1.8631,-0.6517,-0.9296,,SAFE_STOP,移动避让持续未改善，停车等待,left,1,stop,0.0,,0.0,0,0,1
10.984,784.0,1072.0,584.0,1448.0,-1.061,-0.794,-1.8631,-0.6517,-0.9275,,SAFE_STOP,移动避让持续未改善，停车等待,left,1,stop,0.0,,0.0,0,0,1
11.004,784.0,1073.0,582.0,1449.0,-1.0568,-0.794,-1.871,-0.6517,-0.9254,,SAFE_STOP,移动避让持续未改善，停车等待,left,1,stop,0.0,,0.0,0,0,1
11.024,781.0,1069.0,581.0,1443.0,-1.0568,-0.794,-1.871,-0.6517,-0.9254,,SAFE_STOP,移动避让持续未改善，停车等待,left,1,stop,0.0,,0.0,0,0,1
11.044,784.0,1073.0,583.0,1448.0,-1.0568,-0.7897,-1.871,-0.6517,-0.9232,,SAFE_STOP,移动避让持续未改善，停车等待,left,1,stop,0.0,,0.0,0,0,1
11.064,784.0,1073.0,583.0,1448.0,-1.0568,-0.7897,-1.8631,-0.6517,-0.9232,,SAFE_STOP,移动避让持续未改善，停车等待,left,1,stop,0.0,,0.0,0,0,1
11.084,784.0,1070.0,584.0,1448.0,-1.0568,-0.7897,-1.8631,-0.6517,-0.9232,,SAFE_STOP,移动避让持续未改善，停车等待,left,1,stop,0.0,,0.0,0,0,1
11.104,784.0,1072.0,582.0,1447.0,-1.0568,-0.794,-1.8631,-0.6517,-0.9254,,SAFE_STOP,移动避让持续未改善，停车等待,left,1,stop,0.0,,0.0,0,0,1
11.124,784.0,1072.0,583.0,1448.0,-1.0568,-0.794,-1.8631,-0.6517,-0.9254,,SAFE_STOP,移动避让持续未改善，停车等待,left,1,stop,0.0,,0.0,0,0,1
11.144,784.0,1072.0,584.0,1448.0,-1.0568,-0.794,-1.8631,-0.6517,-0.9254,,SAFE_STOP,移动避让持续未改善，停车等待,left,1,stop,0.0,,0.0,0,0,1
11.165,784.0,1072.0,584.0,1448.0,-1.0568,-0.794,-1.8551,-0.6517,-0.9254,,SAFE_STOP,移动避让持续未改善，停车等待,left,1,stop,0.0,,0.0,0,0,1
11.185,784.0,1073.0,583.0,1448.0,-1.0568,-0.794,-1.8551,-0.6517,-0.9254,,SAFE_STOP,移动避让持续未改善，停车等待,left,1,stop,0.0,,0.0,0,0,1
11.205,784.0,1072.0,582.0,1448.0,-1.0568,-0.794,-1.8631,-0.6517,-0.9254,,SAFE_STOP,移动避让持续未改善，停车等待,left,1,stop,0.0,,0.0,0,0,1
11.225,783.0,1072.0,582.0,1447.0,-1.0568,-0.794,-1.871,-0.6517,-0.9254,,SAFE_STOP,移动避让持续未改善，停车等待,left,1,stop,0.0,,0.0,0,0,1
11.245,783.0,1072.0,584.0,1448.0,-1.061,-0.794,-1.871,-0.6517,-0.9275,,SAFE_STOP,移动避让持续未改善，停车等待,left,1,stop,0.0,,0.0,0,0,1
11.265,783.0,1071.0,583.0,1447.0,-1.061,-0.794,-1.8631,-0.6554,-0.9275,,SAFE_STOP,移动避让持续未改善，停车等待,left,1,stop,0.0,,0.0,0,0,1
11.285,784.0,1072.0,582.0,1447.0,-1.061,-0.794,-1.8631,-0.6554,-0.9275,,SAFE_STOP,移动避让持续未改善，停车等待,left,1,stop,0.0,,0.0,0,0,1
11.305,784.0,1072.0,583.0,1448.0,-1.0568,-0.794,-1.8631,-0.6554,-0.9254,,SAFE_STOP,移动避让持续未改善，停车等待,left,1,stop,0.0,,0.0,0,0,1
11.325,784.0,1072.0,584.0,1449.0,-1.0568,-0.794,-1.8631,-0.6517,-0.9254,,SAFE_STOP,移动避让持续未改善，停车等待,left,1,stop,0.0,,0.0,0,0,1
11.346,784.0,1071.0,583.0,1448.0,-1.0568,-0.794,-1.8631,-0.6517,-0.9254,,SAFE_STOP,移动避让持续未改善，停车等待,left,1,stop,0.0,,0.0,0,0,1
11.366,785.0,1072.0,582.0,1448.0,-1.0568,-0.794,-1.8631,-0.6517,-0.9254,,SAFE_STOP,移动避让持续未改善，停车等待,left,1,stop,0.0,,0.0,0,0,1
11.386,784.0,1072.0,583.0,1448.0,-1.0568,-0.794,-1.8631,-0.6517,-0.9254,,SAFE_STOP,移动避让持续未改善，停车等待,left,1,stop,0.0,,0.0,0,0,1
11.406,784.0,1072.0,582.0,1447.0,-1.0568,-0.794,-1.871,-0.6517,-0.9254,,SAFE_STOP,移动避让持续未改善，停车等待,left,1,stop,0.0,,0.0,0,0,1
11.426,783.0,1072.0,582.0,1447.0,-1.0568,-0.794,-1.871,-0.6554,-0.9254,,SAFE_STOP,移动避让持续未改善，停车等待,left,1,stop,0.0,,0.0,0,0,1
11.447,781.0,1069.0,580.0,1444.0,-1.061,-0.794,-1.871,-0.6554,-0.9275,,SAFE_STOP,移动避让持续未改善，停车等待,left,1,stop,0.0,,0.0,0,0,1
11.467,784.0,1070.0,582.0,1445.0,-1.061,-0.8026,-1.871,-0.6629,-0.9318,,SAFE_STOP,移动避让持续未改善，停车等待,left,1,stop,0.0,,0.0,0,0,1
11.487,784.0,1072.0,583.0,1448.0,-1.0568,-0.8026,-1.871,-0.6629,-0.9297,,SAFE_STOP,移动避让持续未改善，停车等待,left,1,stop,0.0,,0.0,0,0,1
11.507,784.0,1072.0,583.0,1448.0,-1.0568,-0.794,-1.8631,-0.6517,-0.9254,,SAFE_STOP,移动避让持续未改善，停车等待,left,1,stop,0.0,,0.0,0,0,1
11.527,783.0,1072.0,583.0,1447.0,-1.0568,-0.794,-1.8631,-0.6517,-0.9254,,SAFE_STOP,移动避让持续未改善，停车等待,left,1,stop,0.0,,0.0,0,0,1
11.547,783.0,1070.0,582.0,1446.0,-1.061,-0.794,-1.8631,-0.6554,-0.9275,,SAFE_STOP,移动避让持续未改善，停车等待,left,1,stop,0.0,,0.0,0,0,1
11.567,784.0,1073.0,583.0,1449.0,-1.061,-0.794,-1.8631,-0.6554,-0.9275,,SAFE_STOP,移动避让持续未改善，停车等待,left,1,stop,0.0,,0.0,0,0,1
11.587,784.0,1073.0,583.0,1449.0,-1.0568,-0.7897,-1.8631,-0.6479,-0.9232,,SAFE_STOP,移动避让持续未改善，停车等待,left,1,stop,0.0,,0.0,0,0,1
11.607,783.0,1073.0,583.0,1448.0,-1.0568,-0.7897,-1.8631,-0.6479,-0.9232,,SAFE_STOP,移动避让持续未改善，停车等待,left,1,stop,0.0,,0.0,0,0,1
11.628,782.0,1070.0,582.0,1446.0,-1.061,-0.7897,-1.8631,-0.6517,-0.9253,,SAFE_STOP,移动避让持续未改善，停车等待,left,1,stop,0.0,,0.0,0,0,1
11.648,782.0,1070.0,582.0,1445.0,-1.0652,-0.8026,-1.871,-0.6592,-0.9339,,SAFE_STOP,移动避让持续未改善，停车等待,left,1,stop,0.0,,0.0,0,0,1
11.668,782.0,1070.0,581.0,1446.0,-1.0652,-0.8026,-1.871,-0.6592,-0.9339,,SAFE_STOP,移动避让持续未改善，停车等待,left,1,stop,0.0,,0.0,0,0,1
11.688,782.0,1072.0,582.0,1447.0,-1.0652,-0.8026,-1.871,-0.6592,-0.9339,,SAFE_STOP,移动避让持续未改善，停车等待,left,1,stop,0.0,,0.0,0,0,1
11.708,782.0,1071.0,581.0,1445.0,-1.0652,-0.7983,-1.879,-0.6592,-0.9318,,SAFE_STOP,移动避让持续未改善，停车等待,left,1,stop,0.0,,0.0,0,0,1
11.729,784.0,1072.0,583.0,1448.0,-1.0652,-0.794,-1.871,-0.6554,-0.9296,,SAFE_STOP,移动避让持续未改善，停车等待,left,1,stop,0.0,,0.0,0,0,1
11.749,781.0,1069.0,581.0,1445.0,-1.0652,-0.7983,-1.879,-0.6629,-0.9318,,SAFE_STOP,移动避让持续未改善，停车等待,left,1,stop,0.0,,0.0,0,0,1
11.769,783.0,1070.0,583.0,1447.0,-1.061,-0.8026,-1.8631,-0.6554,-0.9318,,SAFE_STOP,移动避让持续未改善，停车等待,left,1,stop,0.0,,0.0,0,0,1
11.789,781.0,1068.0,581.0,1444.0,-1.0695,-0.8069,-1.879,-0.6629,-0.9382,,SAFE_STOP,移动避让持续未改善，停车等待,left,1,stop,0.0,,0.0,0,0,1
11.809,784.0,1072.0,583.0,1448.0,-1.061,-0.8026,-1.8631,-0.6554,-0.9318,,SAFE_STOP,移动避让持续未改善，停车等待,left,1,stop,0.0,,0.0,0,0,1
11.829,782.0,1069.0,581.0,1445.0,-1.0652,-0.8069,-1.879,-0.6629,-0.936,,SAFE_STOP,移动避让持续未改善，停车等待,left,1,stop,0.0,,0.0,0,0,1
11.849,783.0,1072.0,582.0,1447.0,-1.061,-0.794,-1.871,-0.6554,-0.9275,,SAFE_STOP,移动避让持续未改善，停车等待,left,1,stop,0.0,,0.0,0,0,1
11.869,783.0,1071.0,583.0,1448.0,-1.061,-0.7983,-1.871,-0.6554,-0.9296,,SAFE_STOP,移动避让持续未改善，停车等待,left,1,stop,0.0,,0.0,0,0,1
11.89,782.0,1070.0,582.0,1446.0,-1.061,-0.7983,-1.871,-0.6554,-0.9296,,SAFE_STOP,移动避让持续未改善，停车等待,left,1,stop,0.0,,0.0,0,0,1
11.91,784.0,1072.0,583.0,1448.0,-1.061,-0.7983,-1.8631,-0.6517,-0.9296,,SAFE_STOP,移动避让持续未改善，停车等待,left,1,stop,0.0,,0.0,0,0,1
11.93,784.0,1073.0,584.0,1449.0,-1.0568,-0.794,-1.8631,-0.6517,-0.9254,,SAFE_STOP,移动避让持续未改善，停车等待,left,1,stop,0.0,,0.0,0,0,1
11.95,784.0,1073.0,584.0,1449.0,-1.0568,-0.7897,-1.8551,-0.6479,-0.9232,,SAFE_STOP,移动避让持续未改善，停车等待,left,1,stop,0.0,,0.0,0,0,1
11.97,784.0,1072.0,583.0,1449.0,-1.0568,-0.7897,-1.8551,-0.6479,-0.9232,,SAFE_STOP,移动避让持续未改善，停车等待,left,1,stop,0.0,,0.0,0,0,1
11.99,784.0,1073.0,583.0,1448.0,-1.0568,-0.7897,-1.8631,-0.6479,-0.9232,,SAFE_STOP,移动避让持续未改善，停车等待,left,1,stop,0.0,,0.0,0,0,1
12.01,784.0,1072.0,583.0,1448.0,-1.0568,-0.794,-1.8631,-0.6517,-0.9254,,SAFE_STOP,移动避让持续未改善，停车等待,left,1,stop,0.0,,0.0,0,0,1
12.031,782.0,1070.0,582.0,1446.0,-1.0568,-0.794,-1.8631,-0.6517,-0.9254,,SAFE_STOP,移动避让持续未改善，停车等待,left,1,stop,0.0,,0.0,0,0,1
12.051,784.0,1072.0,583.0,1448.0,-1.0568,-0.794,-1.8631,-0.6517,-0.9254,,SAFE_STOP,移动避让持续未改善，停车等待,left,1,stop,0.0,,0.0,0,0,1
12.071,782.0,1070.0,582.0,1446.0,-1.0652,-0.8026,-1.871,-0.6592,-0.9339,,SAFE_STOP,移动避让持续未改善，停车等待,left,1,stop,0.0,,0.0,0,0,1
12.091,783.0,1072.0,583.0,1447.0,-1.061,-0.794,-1.8631,-0.6554,-0.9275,,SAFE_STOP,移动避让持续未改善，停车等待,left,1,stop,0.0,,0.0,0,0,1
12.111,782.0,1069.0,582.0,1445.0,-1.0652,-0.8026,-1.871,-0.6592,-0.9339,,SAFE_STOP,移动避让持续未改善，停车等待,left,1,stop,0.0,,0.0,0,0,1
12.131,781.0,1069.0,581.0,1445.0,-1.0652,-0.8069,-1.871,-0.6629,-0.936,,SAFE_STOP,移动避让持续未改善，停车等待,left,1,stop,0.0,,0.0,0,0,1
12.151,784.0,1072.0,583.0,1448.0,-1.0652,-0.8069,-1.871,-0.6629,-0.936,,SAFE_STOP,移动避让持续未改善，停车等待,left,1,stop,0.0,,0.0,0,0,1
12.172,784.0,1073.0,583.0,1448.0,-1.0568,-0.794,-1.8631,-0.6517,-0.9254,,SAFE_STOP,移动避让持续未改善，停车等待,left,1,stop,0.0,,0.0,0,0,1
12.192,784.0,1072.0,583.0,1448.0,-1.0568,-0.794,-1.8631,-0.6517,-0.9254,,SAFE_STOP,移动避让持续未改善，停车等待,left,1,stop,0.0,,0.0,0,0,1
12.212,783.0,1071.0,582.0,1446.0,-1.0568,-0.794,-1.8631,-0.6517,-0.9254,,SAFE_STOP,移动避让持续未改善，停车等待,left,1,stop,0.0,,0.0,0,0,1
12.232,783.0,1071.0,583.0,1447.0,-1.061,-0.7983,-1.8631,-0.6554,-0.9296,,SAFE_STOP,移动避让持续未改善，停车等待,left,1,stop,0.0,,0.0,0,0,1
12.252,783.0,1072.0,583.0,1448.0,-1.061,-0.7983,-1.8631,-0.6554,-0.9296,,SAFE_STOP,移动避让持续未改善，停车等待,left,1,stop,0.0,,0.0,0,0,1
12.272,782.0,1070.0,582.0,1447.0,-1.061,-0.7983,-1.8631,-0.6554,-0.9296,,SAFE_STOP,移动避让持续未改善，停车等待,left,1,stop,0.0,,0.0,0,0,1
12.292,783.0,1070.0,581.0,1446.0,-1.061,-0.8026,-1.871,-0.6554,-0.9318,,SAFE_STOP,移动避让持续未改善，停车等待,left,1,stop,0.0,,0.0,0,0,1
12.312,783.0,1070.0,582.0,1446.0,-1.061,-0.8026,-1.871,-0.6592,-0.9318,,SAFE_STOP,移动避让持续未改善，停车等待,left,1,stop,0.0,,0.0,0,0,1
12.333,783.0,1070.0,582.0,1446.0,-1.061,-0.8026,-1.871,-0.6592,-0.9318,,SAFE_STOP,移动避让持续未改善，停车等待,left,1,stop,0.0,,0.0,0,0,1
12.353,781.0,1068.0,580.0,1442.0,-1.061,-0.8026,-1.871,-0.6592,-0.9318,,SAFE_STOP,移动避让持续未改善，停车等待,left,1,stop,0.0,,0.0,0,0,1
12.373,781.0,1069.0,581.0,1444.0,-1.0695,-0.8069,-1.879,-0.6667,-0.9382,,SAFE_STOP,移动避让持续未改善，停车等待,left,1,stop,0.0,,0.0,0,0,1
12.393,782.0,1070.0,581.0,1444.0,-1.0695,-0.8069,-1.879,-0.6667,-0.9382,,SAFE_STOP,移动避让持续未改善，停车等待,left,1,stop,0.0,,0.0,0,0,1
12.413,782.0,1069.0,582.0,1446.0,-1.0652,-0.8069,-1.879,-0.6667,-0.936,,SAFE_STOP,移动避让持续未改善，停车等待,left,1,stop,0.0,,0.0,0,0,1
12.433,782.0,1070.0,582.0,1446.0,-1.0652,-0.8026,-1.871,-0.6592,-0.9339,,SAFE_STOP,移动避让持续未改善，停车等待,left,1,stop,0.0,,0.0,0,0,1
12.453,780.0,1068.0,581.0,1443.0,-1.0652,-0.8069,-1.871,-0.6592,-0.936,,SAFE_STOP,移动避让持续未改善，停车等待,left,1,stop,0.0,,0.0,0,0,1
12.473,781.0,1068.0,580.0,1443.0,-1.0695,-0.8112,-1.879,-0.6704,-0.9403,,SAFE_STOP,移动避让持续未改善，停车等待,left,1,stop,0.0,,0.0,0,0,1
12.494,782.0,1069.0,580.0,1445.0,-1.0695,-0.8112,-1.8869,-0.6704,-0.9403,,SAFE_STOP,移动避让持续未改善，停车等待,left,1,stop,0.0,,0.0,0,0,1
12.514,779.0,1068.0,579.0,1441.0,-1.0695,-0.8112,-1.8869,-0.6704,-0.9403,,SAFE_STOP,移动避让持续未改善，停车等待,left,1,stop,0.0,,0.0,0,0,1
12.534,780.0,1068.0,581.0,1444.0,-1.0737,-0.8112,-1.8869,-0.6667,-0.9424,,SAFE_STOP,移动避让持续未改善，停车等待,left,1,stop,0.0,,0.0,0,0,1
12.554,780.0,1067.0,580.0,1442.0,-1.0737,-0.8112,-1.8869,-0.6742,-0.9424,,SAFE_STOP,移动避让持续未改善，停车等待,left,1,stop,0.0,,0.0,0,0,1
12.575,781.0,1069.0,580.0,1444.0,-1.0737,-0.8112,-1.8869,-0.6667,-0.9424,,SAFE_STOP,移动避让持续未改善，停车等待,left,1,stop,0.0,,0.0,0,0,1
12.595,780.0,1067.0,580.0,1444.0,-1.0737,-0.8155,-1.8869,-0.6667,-0.9446,,SAFE_STOP,移动避让持续未改善，停车等待,left,1,stop,0.0,,0.0,0,0,1
12.615,780.0,1065.0,578.0,1442.0,-1.0737,-0.8155,-1.8869,-0.6667,-0.9446,,SAFE_STOP,移动避让持续未改善，停车等待,left,1,stop,0.0,,0.0,0,0,1
12.635,782.0,1069.0,581.0,1445.0,-1.0737,-0.8155,-1.8869,-0.6667,-0.9446,,SAFE_STOP,移动避让持续未改善，停车等待,left,1,stop,0.0,,0.0,0,0,1
12.655,782.0,1070.0,582.0,1446.0,-1.0652,-0.8069,-1.879,-0.6629,-0.936,,SAFE_STOP,移动避让持续未改善，停车等待,left,1,stop,0.0,,0.0,0,0,1
12.675,780.0,1066.0,579.0,1442.0,-1.0652,-0.8069,-1.879,-0.6629,-0.936,,SAFE_STOP,移动避让持续未改善，停车等待,left,1,stop,0.0,,0.0,0,0,1
12.695,780.0,1067.0,581.0,1444.0,-1.0737,-0.8155,-1.879,-0.6667,-0.9446,,SAFE_STOP,移动避让持续未改善，停车等待,left,1,stop,0.0,,0.0,0,0,1
12.715,780.0,1066.0,578.0,1442.0,-1.0737,-0.8197,-1.8949,-0.6742,-0.9467,,SAFE_STOP,移动避让持续未改善，停车等待,left,1,stop,0.0,,0.0,0,0,1
12.735,780.0,1068.0,580.0,1442.0,-1.0737,-0.8155,-1.8869,-0.6742,-0.9446,,SAFE_STOP,移动避让持续未改善，停车等待,left,1,stop,0.0,,0.0,0,0,1
12.756,782.0,1068.0,581.0,1444.0,-1.0737,-0.8112,-1.8869,-0.6742,-0.9424,,SAFE_STOP,移动避让持续未改善，停车等待,left,1,stop,0.0,,0.0,0,0,1
12.776,782.0,1068.0,580.0,1444.0,-1.0652,-0.8112,-1.8869,-0.6667,-0.9382,,SAFE_STOP,移动避让持续未改善，停车等待,left,1,stop,0.0,,0.0,0,0,1
12.796,780.0,1067.0,579.0,1441.0,-1.0652,-0.8112,-1.8869,-0.6667,-0.9382,,SAFE_STOP,移动避让持续未改善，停车等待,left,1,stop,0.0,,0.0,0,0,1
12.816,782.0,1071.0,583.0,1446.0,-1.0652,-0.8112,-1.8869,-0.6667,-0.9382,,SAFE_STOP,移动避让持续未改善，停车等待,left,1,stop,0.0,,0.0,0,0,1
12.836,782.0,1070.0,583.0,1448.0,-1.0652,-0.8026,-1.8631,-0.6592,-0.9339,,SAFE_STOP,移动避让持续未改善，停车等待,left,1,stop,0.0,,0.0,0,0,1
12.856,781.0,1069.0,580.0,1443.0,-1.0652,-0.8026,-1.8631,-0.6592,-0.9339,,SAFE_STOP,移动避让持续未改善，停车等待,left,1,stop,0.0,,0.0,0,0,1
12.876,781.0,1069.0,581.0,1444.0,-1.0695,-0.8069,-1.879,-0.6667,-0.9382,,SAFE_STOP,移动避让持续未改善，停车等待,left,1,stop,0.0,,0.0,0,0,1
12.896,783.0,1072.0,583.0,1447.0,-1.0695,-0.8069,-1.879,-0.6667,-0.9382,,SAFE_STOP,移动避让持续未改善，停车等待,left,1,stop,0.0,,0.0,0,0,1
12.916,782.0,1071.0,582.0,1446.0,-1.0652,-0.7983,-1.871,-0.6592,-0.9318,,SAFE_STOP,移动避让持续未改善，停车等待,left,1,stop,0.0,,0.0,0,0,1
12.937,782.0,1071.0,582.0,1446.0,-1.0652,-0.7983,-1.871,-0.6592,-0.9318,,SAFE_STOP,移动避让持续未改善，停车等待,left,1,stop,0.0,,0.0,0,0,1
12.957,782.0,1069.0,582.0,1444.0,-1.0652,-0.7983,-1.871,-0.6592,-0.9318,,SAFE_STOP,移动避让持续未改善，停车等待,left,1,stop,0.0,,0.0,0,0,1
12.977,784.0,1073.0,583.0,1448.0,-1.0652,-0.7983,-1.871,-0.6592,-0.9318,,SAFE_STOP,移动避让持续未改善，停车等待,left,1,stop,0.0,,0.0,0,0,1
12.997,784.0,1072.0,583.0,1449.0,-1.0568,-0.794,-1.8631,-0.6517,-0.9254,,SAFE_STOP,移动避让持续未改善，停车等待,left,1,stop,0.0,,0.0,0,0,1
13.017,782.0,1070.0,583.0,1445.0,-1.0568,-0.794,-1.8631,-0.6517,-0.9254,,SAFE_STOP,移动避让持续未改善，停车等待,left,1,stop,0.0,,0.0,0,0,1
13.037,781.0,1068.0,580.0,1443.0,-1.0652,-0.8026,-1.8631,-0.6629,-0.9339,,SAFE_STOP,移动避让持续未改善，停车等待,left,1,stop,0.0,,0.0,0,0,1
13.058,784.0,1072.0,582.0,1448.0,-1.0652,-0.8026,-1.871,-0.6629,-0.9339,,SAFE_STOP,移动避让持续未改善，停车等待,left,1,stop,0.0,,0.0,0,0,1
13.078,784.0,1072.0,583.0,1447.0,-1.0568,-0.794,-1.871,-0.6554,-0.9254,,SAFE_STOP,移动避让持续未改善，停车等待,left,1,stop,0.0,,0.0,0,0,1
13.098,781.0,1068.0,581.0,1444.0,-1.0568,-0.794,-1.871,-0.6554,-0.9254,,SAFE_STOP,移动避让持续未改善，停车等待,left,1,stop,0.0,,0.0,0,0,1
13.118,782.0,1068.0,580.0,1444.0,-1.0652,-0.8112,-1.879,-0.6667,-0.9382,,SAFE_STOP,移动避让持续未改善，停车等待,left,1,stop,0.0,,0.0,0,0,1
13.138,781.0,1068.0,581.0,1445.0,-1.0695,-0.8112,-1.879,-0.6667,-0.9403,,SAFE_STOP,移动避让持续未改善，停车等待,left,1,stop,0.0,,0.0,0,0,1
13.159,783.0,1071.0,582.0,1447.0,-1.0652,-0.8112,-1.879,-0.6629,-0.9382,,SAFE_STOP,移动避让持续未改善，停车等待,left,1,stop,0.0,,0.0,0,0,1
13.179,782.0,1071.0,582.0,1447.0,-1.0652,-0.7983,-1.871,-0.6554,-0.9318,,SAFE_STOP,移动避让持续未改善，停车等待,left,1,stop,0.0,,0.0,0,0,1
13.199,781.0,1068.0,581.0,1444.0,-1.0652,-0.7983,-1.871,-0.6554,-0.9318,,SAFE_STOP,移动避让持续未改善，停车等待,left,1,stop,0.0,,0.0,0,0,1
13.219,782.0,1069.0,581.0,1445.0,-1.0652,-0.8069,-1.879,-0.6629,-0.936,,SAFE_STOP,移动避让持续未改善，停车等待,left,1,stop,0.0,,0.0,0,0,1
13.239,781.0,1068.0,581.0,1444.0,-1.0695,-0.8112,-1.879,-0.6667,-0.9403,,SAFE_STOP,移动避让持续未改善，停车等待,left,1,stop,0.0,,0.0,0,0,1
13.259,782.0,1071.0,582.0,1447.0,-1.0652,-0.8069,-1.879,-0.6629,-0.936,,SAFE_STOP,移动避让持续未改善，停车等待,left,1,stop,0.0,,0.0,0,0,1
13.279,784.0,1071.0,584.0,1447.0,-1.0652,-0.7983,-1.871,-0.6554,-0.9318,,SAFE_STOP,移动避让持续未改善，停车等待,left,1,stop,0.0,,0.0,0,0,1
13.299,782.0,1069.0,581.0,1445.0,-1.0652,-0.7983,-1.871,-0.6554,-0.9318,,SAFE_STOP,移动避让持续未改善，停车等待,left,1,stop,0.0,,0.0,0,0,1
13.32,781.0,1070.0,582.0,1446.0,-1.0652,-0.8026,-1.871,-0.6592,-0.9339,,SAFE_STOP,移动避让持续未改善，停车等待,left,1,stop,0.0,,0.0,0,0,1
13.34,784.0,1072.0,583.0,1448.0,-1.0652,-0.8026,-1.871,-0.6592,-0.9339,,SAFE_STOP,移动避让持续未改善，停车等待,left,1,stop,0.0,,0.0,0,0,1
13.36,784.0,1072.0,583.0,1448.0,-1.0568,-0.794,-1.8631,-0.6517,-0.9254,,SAFE_STOP,移动避让持续未改善，停车等待,left,1,stop,0.0,,0.0,0,0,1
13.38,784.0,1072.0,582.0,1446.0,-1.0568,-0.794,-1.8631,-0.6517,-0.9254,,SAFE_STOP,移动避让持续未改善，停车等待,left,1,stop,0.0,,0.0,0,0,1
13.4,784.0,1073.0,583.0,1449.0,-1.0568,-0.794,-1.8631,-0.6517,-0.9254,,SAFE_STOP,移动避让持续未改善，停车等待,left,1,stop,0.0,,0.0,0,0,1
13.42,784.0,1072.0,584.0,1449.0,-1.0568,-0.794,-1.8631,-0.6479,-0.9254,,SAFE_STOP,移动避让持续未改善，停车等待,left,1,stop,0.0,,0.0,0,0,1
13.44,784.0,1073.0,583.0,1448.0,-1.0568,-0.7897,-1.8631,-0.6479,-0.9232,,SAFE_STOP,移动避让持续未改善，停车等待,left,1,stop,0.0,,0.0,0,0,1
13.46,784.0,1073.0,583.0,1448.0,-1.0568,-0.7897,-1.8631,-0.6517,-0.9232,,SAFE_STOP,移动避让持续未改善，停车等待,left,1,stop,0.0,,0.0,0,0,1
13.48,784.0,1072.0,582.0,1447.0,-1.0568,-0.7897,-1.8631,-0.6517,-0.9232,,SAFE_STOP,移动避让持续未改善，停车等待,left,1,stop,0.0,,0.0,0,0,1
13.5,783.0,1073.0,584.0,1448.0,-1.0568,-0.7897,-1.8631,-0.6517,-0.9232,,SAFE_STOP,移动避让持续未改善，停车等待,left,1,stop,0.0,,0.0,0,0,1
13.521,784.0,1072.0,583.0,1448.0,-1.0568,-0.794,-1.8631,-0.6517,-0.9254,,SAFE_STOP,移动避让持续未改善，停车等待,left,1,stop,0.0,,0.0,0,0,1
13.541,784.0,1073.0,582.0,1448.0,-1.0568,-0.7897,-1.8631,-0.6517,-0.9232,,SAFE_STOP,移动避让持续未改善，停车等待,left,1,stop,0.0,,0.0,0,0,1
13.561,783.0,1072.0,583.0,1447.0,-1.0568,-0.794,-1.8631,-0.6517,-0.9254,,SAFE_STOP,移动避让持续未改善，停车等待,left,1,stop,0.0,,0.0,0,0,1
13.581,784.0,1073.0,582.0,1449.0,-1.0568,-0.7897,-1.871,-0.6517,-0.9232,,SAFE_STOP,移动避让持续未改善，停车等待,left,1,stop,0.0,,0.0,0,0,1
13.601,784.0,1073.0,584.0,1449.0,-1.0568,-0.7897,-1.8631,-0.6479,-0.9232,,SAFE_STOP,移动避让持续未改善，停车等待,left,1,stop,0.0,,0.0,0,0,1
13.621,785.0,1072.0,584.0,1449.0,-1.0568,-0.7897,-1.8551,-0.6479,-0.9232,,SAFE_STOP,移动避让持续未改善，停车等待,left,1,stop,0.0,,0.0,0,0,1
13.641,784.0,1073.0,584.0,1449.0,-1.0568,-0.7897,-1.8551,-0.6479,-0.9232,,SAFE_STOP,移动避让持续未改善，停车等待,left,1,stop,0.0,,0.0,0,0,1
13.661,784.0,1073.0,583.0,1450.0,-1.0568,-0.7897,-1.8551,-0.6479,-0.9232,,SAFE_STOP,移动避让持续未改善，停车等待,left,1,stop,0.0,,0.0,0,0,1
13.682,783.0,1071.0,582.0,1446.0,-1.0568,-0.7897,-1.8631,-0.6479,-0.9232,,SAFE_STOP,移动避让持续未改善，停车等待,left,1,stop,0.0,,0.0,0,0,1
13.702,784.0,1073.0,584.0,1449.0,-1.0568,-0.7897,-1.8631,-0.6479,-0.9232,,SAFE_STOP,移动避让持续未改善，停车等待,left,1,stop,0.0,,0.0,0,0,1
13.722,784.0,1073.0,584.0,1449.0,-1.0568,-0.7897,-1.8551,-0.6479,-0.9232,,SAFE_STOP,移动避让持续未改善，停车等待,left,1,stop,0.0,,0.0,0,0,1
13.742,784.0,1072.0,583.0,1449.0,-1.0568,-0.7897,-1.8551,-0.6479,-0.9232,,SAFE_STOP,移动避让持续未改善，停车等待,left,1,stop,0.0,,0.0,0,0,1
13.762,782.0,1071.0,582.0,1447.0,-1.0568,-0.794,-1.8631,-0.6479,-0.9254,,SAFE_STOP,移动避让持续未改善，停车等待,left,1,stop,0.0,,0.0,0,0,1
13.782,784.0,1072.0,583.0,1446.0,-1.0568,-0.794,-1.8631,-0.6554,-0.9254,,SAFE_STOP,移动避让持续未改善，停车等待,left,1,stop,0.0,,0.0,0,0,1
13.802,784.0,1072.0,582.0,1448.0,-1.0568,-0.794,-1.871,-0.6554,-0.9254,,SAFE_STOP,移动避让持续未改善，停车等待,left,1,stop,0.0,,0.0,0,0,1
13.822,784.0,1073.0,584.0,1446.0,-1.0568,-0.794,-1.8631,-0.6592,-0.9254,,SAFE_STOP,移动避让持续未改善，停车等待,left,1,stop,0.0,,0.0,0,0,1
13.842,784.0,1073.0,583.0,1449.0,-1.0568,-0.7897,-1.8631,-0.6517,-0.9232,,SAFE_STOP,移动避让持续未改善，停车等待,left,1,stop,0.0,,0.0,0,0,1
13.863,784.0,1072.0,583.0,1447.0,-1.0568,-0.7897,-1.8631,-0.6554,-0.9232,,SAFE_STOP,移动避让持续未改善，停车等待,left,1,stop,0.0,,0.0,0,0,1
13.883,784.0,1072.0,583.0,1447.0,-1.0568,-0.794,-1.8631,-0.6554,-0.9254,,SAFE_STOP,移动避让持续未改善，停车等待,left,1,stop,0.0,,0.0,0,0,1
13.903,784.0,1073.0,583.0,1448.0,-1.0568,-0.794,-1.8631,-0.6554,-0.9254,,SAFE_STOP,移动避让持续未改善，停车等待,left,1,stop,0.0,,0.0,0,0,1
13.923,784.0,1073.0,583.0,1448.0,-1.0568,-0.7897,-1.8631,-0.6517,-0.9232,,SAFE_STOP,移动避让持续未改善，停车等待,left,1,stop,0.0,,0.0,0,0,1
13.943,784.0,1071.0,582.0,1447.0,-1.0568,-0.7897,-1.8631,-0.6517,-0.9232,,SAFE_STOP,移动避让持续未改善，停车等待,left,1,stop,0.0,,0.0,0,0,1
13.963,784.0,1072.0,584.0,1448.0,-1.0568,-0.794,-1.8631,-0.6517,-0.9254,,SAFE_STOP,移动避让持续未改善，停车等待,left,1,stop,0.0,,0.0,0,0,1
13.983,784.0,1072.0,583.0,1448.0,-1.0568,-0.794,-1.8631,-0.6517,-0.9254,,SAFE_STOP,移动避让持续未改善，停车等待,left,1,stop,0.0,,0.0,0,0,1
14.004,784.0,1072.0,583.0,1448.0,-1.0568,-0.794,-1.8631,-0.6517,-0.9254,,SAFE_STOP,移动避让持续未改善，停车等待,left,1,stop,0.0,,0.0,0,0,1
14.024,785.0,1073.0,584.0,1450.0,-1.0568,-0.794,-1.8631,-0.6517,-0.9254,,SAFE_STOP,移动避让持续未改善，停车等待,left,1,stop,0.0,,0.0,0,0,1
14.044,784.0,1073.0,583.0,1449.0,-1.0568,-0.7897,-1.8631,-0.6479,-0.9232,,SAFE_STOP,移动避让持续未改善，停车等待,left,1,stop,0.0,,0.0,0,0,1
14.064,784.0,1072.0,582.0,1448.0,-1.0568,-0.7897,-1.8631,-0.6479,-0.9232,,SAFE_STOP,移动避让持续未改善，停车等待,left,1,stop,0.0,,0.0,0,0,1
14.084,784.0,1072.0,583.0,1447.0,-1.0568,-0.794,-1.8631,-0.6517,-0.9254,,SAFE_STOP,移动避让持续未改善，停车等待,left,1,stop,0.0,,0.0,0,0,1
14.104,784.0,1074.0,584.0,1449.0,-1.0568,-0.794,-1.8631,-0.6517,-0.9254,,SAFE_STOP,移动避让持续未改善，停车等待,left,1,stop,0.0,,0.0,0,0,1
14.124,785.0,1073.0,584.0,1449.0,-1.0568,-0.7897,-1.8551,-0.6479,-0.9232,,SAFE_STOP,移动避让持续未改善，停车等待,left,1,stop,0.0,,0.0,0,0,1
14.144,785.0,1073.0,583.0,1449.0,-1.0525,-0.7897,-1.8551,-0.6479,-0.9211,,SAFE_STOP,移动避让持续未改善，停车等待,left,1,stop,0.0,,0.0,0,0,1
14.164,784.0,1072.0,584.0,1449.0,-1.0525,-0.7897,-1.8551,-0.6479,-0.9211,,SAFE_STOP,移动避让持续未改善，停车等待,left,1,stop,0.0,,0.0,0,0,1
14.184,785.0,1072.0,582.0,1448.0,-1.0525,-0.794,-1.8631,-0.6479,-0.9233,,SAFE_STOP,移动避让持续未改善，停车等待,left,1,stop,0.0,,0.0,0,0,1
14.205,784.0,1073.0,583.0,1448.0,-1.0568,-0.794,-1.8631,-0.6517,-0.9254,,SAFE_STOP,移动避让持续未改善，停车等待,left,1,stop,0.0,,0.0,0,0,1
14.225,785.0,1073.0,583.0,1448.0,-1.0525,-0.7897,-1.8631,-0.6517,-0.9211,,SAFE_STOP,移动避让持续未改善，停车等待,left,1,stop,0.0,,0.0,0,0,1
14.245,783.0,1073.0,582.0,1448.0,-1.0568,-0.7897,-1.8631,-0.6517,-0.9232,,SAFE_STOP,移动避让持续未改善，停车等待,left,1,stop,0.0,,0.0,0,0,1
14.265,784.0,1073.0,583.0,1448.0,-1.0568,-0.7897,-1.8631,-0.6517,-0.9232,,SAFE_STOP,移动避让持续未改善，停车等待,left,1,stop,0.0,,0.0,0,0,1
14.285,784.0,1073.0,583.0,1448.0,-1.0568,-0.7897,-1.8631,-0.6517,-0.9232,,SAFE_STOP,移动避让持续未改善，停车等待,left,1,stop,0.0,,0.0,0,0,1
14.305,784.0,1074.0,584.0,1448.0,-1.0568,-0.7897,-1.8631,-0.6517,-0.9232,,SAFE_STOP,移动避让持续未改善，停车等待,left,1,stop,0.0,,0.0,0,0,1
14.325,783.0,1072.0,583.0,1447.0,-1.0568,-0.7897,-1.8631,-0.6517,-0.9232,,SAFE_STOP,移动避让持续未改善，停车等待,left,1,stop,0.0,,0.0,0,0,1
14.345,784.0,1073.0,583.0,1449.0,-1.0568,-0.7897,-1.8631,-0.6517,-0.9232,,SAFE_STOP,移动避让持续未改善，停车等待,left,1,stop,0.0,,0.0,0,0,1
14.366,784.0,1073.0,583.0,1448.0,-1.0568,-0.7897,-1.8631,-0.6517,-0.9232,,SAFE_STOP,移动避让持续未改善，停车等待,left,1,stop,0.0,,0.0,0,0,1
14.386,784.0,1072.0,582.0,1447.0,-1.0568,-0.7897,-1.8631,-0.6517,-0.9232,,SAFE_STOP,移动避让持续未改善，停车等待,left,1,stop,0.0,,0.0,0,0,1
14.406,784.0,1073.0,584.0,1449.0,-1.0568,-0.7897,-1.8631,-0.6517,-0.9232,,SAFE_STOP,移动避让持续未改善，停车等待,left,1,stop,0.0,,0.0,0,0,1
14.426,784.0,1072.0,584.0,1448.0,-1.0568,-0.794,-1.8551,-0.6517,-0.9254,,SAFE_STOP,移动避让持续未改善，停车等待,left,1,stop,0.0,,0.0,0,0,1
14.446,784.0,1072.0,583.0,1448.0,-1.0568,-0.794,-1.8551,-0.6517,-0.9254,,SAFE_STOP,移动避让持续未改善，停车等待,left,1,stop,0.0,,0.0,0,0,1
14.466,784.0,1073.0,583.0,1449.0,-1.0568,-0.794,-1.8631,-0.6517,-0.9254,,SAFE_STOP,移动避让持续未改善，停车等待,left,1,stop,0.0,,0.0,0,0,1
14.486,784.0,1073.0,583.0,1449.0,-1.0568,-0.7897,-1.8631,-0.6479,-0.9232,,SAFE_STOP,移动避让持续未改善，停车等待,left,1,stop,0.0,,0.0,0,0,1
14.506,784.0,1072.0,583.0,1448.0,-1.0568,-0.7897,-1.8631,-0.6479,-0.9232,,SAFE_STOP,移动避让持续未改善，停车等待,left,1,stop,0.0,,0.0,0,0,1
14.527,785.0,1073.0,583.0,1448.0,-1.0568,-0.7897,-1.8631,-0.6517,-0.9232,,SAFE_STOP,移动避让持续未改善，停车等待,left,1,stop,0.0,,0.0,0,0,1
14.547,785.0,1073.0,583.0,1448.0,-1.0525,-0.7897,-1.8631,-0.6517,-0.9211,,SAFE_STOP,移动避让持续未改善，停车等待,left,1,stop,0.0,,0.0,0,0,1
14.567,784.0,1072.0,583.0,1448.0,-1.0525,-0.7897,-1.8631,-0.6517,-0.9211,,SAFE_STOP,移动避让持续未改善，停车等待,left,1,stop,0.0,,0.0,0,0,1
14.587,782.0,1070.0,582.0,1445.0,-1.0568,-0.794,-1.8631,-0.6517,-0.9254,,SAFE_STOP,移动避让持续未改善，停车等待,left,1,stop,0.0,,0.0,0,0,1
14.607,784.0,1072.0,583.0,1448.0,-1.0568,-0.794,-1.8631,-0.6517,-0.9254,,SAFE_STOP,移动避让持续未改善，停车等待,left,1,stop,0.0,,0.0,0,0,1
14.627,783.0,1072.0,581.0,1446.0,-1.061,-0.794,-1.871,-0.6592,-0.9275,,SAFE_STOP,移动避让持续未改善，停车等待,left,1,stop,0.0,,0.0,0,0,1
14.647,782.0,1070.0,581.0,1445.0,-1.061,-0.794,-1.879,-0.6592,-0.9275,,SAFE_STOP,移动避让持续未改善，停车等待,left,1,stop,0.0,,0.0,0,0,1
14.667,784.0,1073.0,584.0,1449.0,-1.061,-0.794,-1.879,-0.6592,-0.9275,,SAFE_STOP,移动避让持续未改善，停车等待,left,1,stop,0.0,,0.0,0,0,1
14.688,784.0,1073.0,584.0,1449.0,-1.0568,-0.7897,-1.8551,-0.6479,-0.9232,,SAFE_STOP,移动避让持续未改善，停车等待,left,1,stop,0.0,,0.0,0,0,1
14.708,782.0,1070.0,582.0,1446.0,-1.0568,-0.7897,-1.8551,-0.6479,-0.9232,,SAFE_STOP,移动避让持续未改善，停车等待,left,1,stop,0.0,,0.0,0,0,1
14.728,784.0,1072.0,583.0,1448.0,-1.0568,-0.794,-1.8631,-0.6517,-0.9254,,SAFE_STOP,移动避让持续未改善，停车等待,left,1,stop,0.0,,0.0,0,0,1
14.748,782.0,1073.0,583.0,1448.0,-1.0652,-0.794,-1.8631,-0.6517,-0.9296,,SAFE_STOP,移动避让持续未改善，停车等待,left,1,stop,0.0,,0.0,0,0,1
14.768,784.0,1072.0,583.0,1448.0,-1.0568,-0.794,-1.8631,-0.6517,-0.9254,,SAFE_STOP,移动避让持续未改善，停车等待,left,1,stop,0.0,,0.0,0,0,1
14.788,784.0,1073.0,583.0,1448.0,-1.0568,-0.7897,-1.8631,-0.6517,-0.9232,,SAFE_STOP,移动避让持续未改善，停车等待,left,1,stop,0.0,,0.0,0,0,1
14.808,784.0,1073.0,583.0,1449.0,-1.0568,-0.7897,-1.8631,-0.6517,-0.9232,,SAFE_STOP,移动避让持续未改善，停车等待,left,1,stop,0.0,,0.0,0,0,1
14.828,784.0,1072.0,582.0,1446.0,-1.0568,-0.7897,-1.8631,-0.6517,-0.9232,,SAFE_STOP,移动避让持续未改善，停车等待,left,1,stop,0.0,,0.0,0,0,1
14.848,783.0,1072.0,582.0,1447.0,-1.0568,-0.794,-1.871,-0.6554,-0.9254,,SAFE_STOP,移动避让持续未改善，停车等待,left,1,stop,0.0,,0.0,0,0,1
14.869,785.0,1074.0,584.0,1450.0,-1.0568,-0.794,-1.871,-0.6554,-0.9254,,SAFE_STOP,移动避让持续未改善，停车等待,left,1,stop,0.0,,0.0,0,0,1
14.889,784.0,1073.0,584.0,1449.0,-1.0568,-0.7897,-1.8551,-0.6479,-0.9232,,SAFE_STOP,移动避让持续未改善，停车等待,left,1,stop,0.0,,0.0,0,0,1
14.909,785.0,1074.0,584.0,1449.0,-1.0525,-0.7854,-1.8551,-0.6479,-0.919,,SAFE_STOP,移动避让持续未改善，停车等待,left,1,stop,0.0,,0.0,0,0,1
14.929,784.0,1072.0,583.0,1449.0,-1.0568,-0.7897,-1.8551,-0.6479,-0.9232,,SAFE_STOP,移动避让持续未改善，停车等待,left,1,stop,0.0,,0.0,0,0,1
14.949,784.0,1073.0,583.0,1449.0,-1.0568,-0.7897,-1.8631,-0.6479,-0.9232,,SAFE_STOP,移动避让持续未改善，停车等待,left,1,stop,0.0,,0.0,0,0,1
14.969,784.0,1073.0,584.0,1449.0,-1.0568,-0.7897,-1.8631,-0.6479,-0.9232,,SAFE_STOP,移动避让持续未改善，停车等待,left,1,stop,0.0,,0.0,0,0,1
14.989,783.0,1071.0,583.0,1449.0,-1.0568,-0.7897,-1.8631,-0.6479,-0.9232,,SAFE_STOP,移动避让持续未改善，停车等待,left,1,stop,0.0,,0.0,0,0,1
15.009,784.0,1072.0,583.0,1446.0,-1.0568,-0.794,-1.8631,-0.6479,-0.9254,,SAFE_STOP,移动避让持续未改善，停车等待,left,1,stop,0.0,,0.0,0,0,1
15.029,785.0,1074.0,584.0,1449.0,-1.0568,-0.794,-1.8631,-0.6479,-0.9254,,SAFE_STOP,移动避让持续未改善，停车等待,left,1,stop,0.0,,0.0,0,0,1
15.05,784.0,1073.0,584.0,1448.0,-1.0568,-0.7897,-1.8551,-0.6517,-0.9232,,SAFE_STOP,移动避让持续未改善，停车等待,left,1,stop,0.0,,0.0,0,0,1
15.07,783.0,1070.0,583.0,1446.0,-1.0568,-0.7897,-1.8551,-0.6517,-0.9232,,SAFE_STOP,移动避让持续未改善，停车等待,left,1,stop,0.0,,0.0,0,0,1
15.09,783.0,1070.0,583.0,1446.0,-1.061,-0.8026,-1.8631,-0.6592,-0.9318,,SAFE_STOP,移动避让持续未改善，停车等待,left,1,stop,0.0,,0.0,0,0,1
15.11,784.0,1072.0,583.0,1449.0,-1.061,-0.8026,-1.8631,-0.6592,-0.9318,,SAFE_STOP,移动避让持续未改善，停车等待,left,1,stop,0.0,,0.0,0,0,1
15.13,784.0,1073.0,583.0,1448.0,-1.0568,-0.794,-1.8631,-0.6517,-0.9254,,SAFE_STOP,移动避让持续未改善，停车等待,left,1,stop,0.0,,0.0,0,0,1
15.15,783.0,1072.0,582.0,1446.0,-1.0568,-0.794,-1.8631,-0.6517,-0.9254,,SAFE_STOP,移动避让持续未改善，停车等待,left,1,stop,0.0,,0.0,0,0,1
15.17,784.0,1072.0,583.0,1448.0,-1.0568,-0.794,-1.8631,-0.6517,-0.9254,,SAFE_STOP,移动避让持续未改善，停车等待,left,1,stop,0.0,,0.0,0,0,1
15.191,784.0,1072.0,582.0,1448.0,-1.0568,-0.794,-1.871,-0.6517,-0.9254,,SAFE_STOP,移动避让持续未改善，停车等待,left,1,stop,0.0,,0.0,0,0,1
15.211,785.0,1073.0,583.0,1448.0,-1.0568,-0.794,-1.8631,-0.6517,-0.9254,,SAFE_STOP,移动避让持续未改善，停车等待,left,1,stop,0.0,,0.0,0,0,1
15.231,784.0,1073.0,583.0,1449.0,-1.0568,-0.7897,-1.8631,-0.6517,-0.9232,,SAFE_STOP,移动避让持续未改善，停车等待,left,1,stop,0.0,,0.0,0,0,1
15.251,783.0,1071.0,582.0,1446.0,-1.0568,-0.7897,-1.8631,-0.6517,-0.9232,,SAFE_STOP,移动避让持续未改善，停车等待,left,1,stop,0.0,,0.0,0,0,1
15.271,784.0,1073.0,583.0,1448.0,-1.0568,-0.7897,-1.8631,-0.6517,-0.9232,,SAFE_STOP,移动避让持续未改善，停车等待,left,1,stop,0.0,,0.0,0,0,1
15.291,785.0,1073.0,584.0,1449.0,-1.0568,-0.7897,-1.8631,-0.6517,-0.9232,,SAFE_STOP,移动避让持续未改善，停车等待,left,1,stop,0.0,,0.0,0,0,1
15.311,784.0,1072.0,584.0,1449.0,-1.0568,-0.7897,-1.8551,-0.6479,-0.9232,,SAFE_STOP,移动避让持续未改善，停车等待,left,1,stop,0.0,,0.0,0,0,1
15.331,784.0,1072.0,583.0,1448.0,-1.0568,-0.794,-1.8551,-0.6479,-0.9254,,SAFE_STOP,移动避让持续未改善，停车等待,left,1,stop,0.0,,0.0,0,0,1
15.351,785.0,1073.0,584.0,1448.0,-1.0568,-0.794,-1.8551,-0.6517,-0.9254,,SAFE_STOP,移动避让持续未改善，停车等待,left,1,stop,0.0,,0.0,0,0,1
15.372,784.0,1073.0,583.0,1448.0,-1.0568,-0.7897,-1.8631,-0.6517,-0.9232,,SAFE_STOP,移动避让持续未改善，停车等待,left,1,stop,0.0,,0.0,0,0,1
15.392,786.0,1076.0,585.0,1451.0,-1.0525,-0.7897,-1.8551,-0.6517,-0.9211,,SAFE_STOP,移动避让持续未改善，停车等待,left,1,stop,0.0,,0.0,0,0,1
15.412,785.0,1075.0,584.0,1451.0,-1.0525,-0.7811,-1.8551,-0.6404,-0.9168,,SAFE_STOP,移动避让持续未改善，停车等待,left,1,stop,0.0,,0.0,0,0,1
15.432,785.0,1074.0,585.0,1451.0,-1.0525,-0.7811,-1.8471,-0.6404,-0.9168,,SAFE_STOP,移动避让持续未改善，停车等待,left,1,stop,0.0,,0.0,0,0,1
15.452,786.0,1075.0,584.0,1452.0,-1.0525,-0.7811,-1.8551,-0.6404,-0.9168,,SAFE_STOP,移动避让持续未改善，停车等待,left,1,stop,0.0,,0.0,0,0,1
15.472,785.0,1075.0,586.0,1452.0,-1.0525,-0.7811,-1.8471,-0.6367,-0.9168,,SAFE_STOP,移动避让持续未改善，停车等待,left,1,stop,0.0,,0.0,0,0,1
15.492,785.0,1075.0,586.0,1452.0,-1.0525,-0.7811,-1.8392,-0.6367,-0.9168,,SAFE_STOP,移动避让持续未改善，停车等待,left,1,stop,0.0,,0.0,0,0,1
15.512,784.0,1073.0,584.0,1449.0,-1.0525,-0.7811,-1.8392,-0.6367,-0.9168,,SAFE_STOP,移动避让持续未改善，停车等待,left,1,stop,0.0,,0.0,0,0,1
15.533,785.0,1074.0,584.0,1450.0,-1.0525,-0.7854,-1.8551,-0.6442,-0.919,,SAFE_STOP,移动避让持续未改善，停车等待,left,1,stop,0.0,,0.0,0,0,1
15.553,786.0,1075.0,585.0,1452.0,-1.0525,-0.7854,-1.8551,-0.6442,-0.919,,SAFE_STOP,移动避让持续未改善，停车等待,left,1,stop,0.0,,0.0,0,0,1
15.573,785.0,1075.0,584.0,1450.0,-1.0525,-0.7811,-1.8551,-0.6442,-0.9168,,SAFE_STOP,移动避让持续未改善，停车等待,left,1,stop,0.0,,0.0,0,0,1
15.593,786.0,1075.0,584.0,1450.0,-1.0483,-0.7811,-1.8551,-0.6442,-0.9147,,SAFE_STOP,移动避让持续未改善，停车等待,left,1,stop,0.0,,0.0,0,0,1
15.613,786.0,1076.0,584.0,1451.0,-1.0483,-0.7811,-1.8551,-0.6442,-0.9147,,SAFE_STOP,移动避让持续未改善，停车等待,left,1,stop,0.0,,0.0,0,0,1
15.633,784.0,1074.0,585.0,1450.0,-1.0483,-0.7811,-1.8551,-0.6442,-0.9147,,SAFE_STOP,移动避让持续未改善，停车等待,left,1,stop,0.0,,0.0,0,0,1
15.653,786.0,1075.0,584.0,1451.0,-1.0483,-0.7811,-1.8551,-0.6404,-0.9147,,SAFE_STOP,移动避让持续未改善，停车等待,left,1,stop,0.0,,0.0,0,0,1
15.673,785.0,1074.0,584.0,1450.0,-1.0525,-0.7854,-1.8551,-0.6442,-0.919,,SAFE_STOP,移动避让持续未改善，停车等待,left,1,stop,0.0,,0.0,0,0,1
15.693,785.0,1074.0,585.0,1450.0,-1.0525,-0.7854,-1.8551,-0.6442,-0.919,,SAFE_STOP,移动避让持续未改善，停车等待,left,1,stop,0.0,,0.0,0,0,1
15.714,786.0,1076.0,585.0,1452.0,-1.0525,-0.7854,-1.8471,-0.6442,-0.919,,SAFE_STOP,移动避让持续未改善，停车等待,left,1,stop,0.0,,0.0,0,0,1
15.734,786.0,1076.0,585.0,1451.0,-1.0483,-0.7768,-1.8471,-0.6404,-0.9126,,SAFE_STOP,移动避让持续未改善，停车等待,left,1,stop,0.0,,0.0,0,0,1
15.754,785.0,1074.0,584.0,1451.0,-1.0483,-0.7768,-1.8471,-0.6404,-0.9126,,SAFE_STOP,移动避让持续未改善，停车等待,left,1,stop,0.0,,0.0,0,0,1
15.774,786.0,1075.0,585.0,1451.0,-1.0483,-0.7811,-1.8471,-0.6404,-0.9147,,SAFE_STOP,移动避让持续未改善，停车等待,left,1,stop,0.0,,0.0,0,0,1
15.794,786.0,1076.0,584.0,1451.0,-1.0483,-0.7811,-1.8551,-0.6404,-0.9147,,SAFE_STOP,移动避让持续未改善，停车等待,left,1,stop,0.0,,0.0,0,0,1
15.814,785.0,1074.0,585.0,1450.0,-1.0483,-0.7811,-1.8471,-0.6404,-0.9147,,SAFE_STOP,移动避让持续未改善，停车等待,left,1,stop,0.0,,0.0,0,0,1
15.834,785.0,1074.0,585.0,1451.0,-1.0525,-0.7854,-1.8471,-0.6404,-0.919,,SAFE_STOP,移动避让持续未改善，停车等待,left,1,stop,0.0,,0.0,0,0,1
15.854,786.0,1074.0,584.0,1450.0,-1.0525,-0.7854,-1.8471,-0.6442,-0.919,,SAFE_STOP,移动避让持续未改善，停车等待,left,1,stop,0.0,,0.0,0,0,1
15.875,785.0,1075.0,584.0,1450.0,-1.0525,-0.7854,-1.8551,-0.6442,-0.919,,SAFE_STOP,移动避让持续未改善，停车等待,left,1,stop,0.0,,0.0,0,0,1
15.895,786.0,1075.0,585.0,1451.0,-1.0483,-0.7811,-1.8551,-0.6442,-0.9147,,SAFE_STOP,移动避让持续未改善，停车等待,left,1,stop,0.0,,0.0,0,0,1
15.915,786.0,1075.0,585.0,1451.0,-1.0483,-0.7811,-1.8471,-0.6404,-0.9147,,SAFE_STOP,移动避让持续未改善，停车等待,left,1,stop,0.0,,0.0,0,0,1
15.935,784.0,1074.0,584.0,1450.0,-1.0483,-0.7811,-1.8471,-0.6404,-0.9147,,SAFE_STOP,移动避让持续未改善，停车等待,left,1,stop,0.0,,0.0,0,0,1
15.955,786.0,1074.0,584.0,1451.0,-1.0483,-0.7854,-1.8551,-0.6404,-0.9168,,SAFE_STOP,移动避让持续未改善，停车等待,left,1,stop,0.0,,0.0,0,0,1
15.975,786.0,1075.0,585.0,1451.0,-1.0483,-0.7854,-1.8551,-0.6404,-0.9168,,SAFE_STOP,移动避让持续未改善，停车等待,left,1,stop,0.0,,0.0,0,0,1
15.995,786.0,1074.0,584.0,1452.0,-1.0483,-0.7854,-1.8551,-0.6404,-0.9168,,SAFE_STOP,移动避让持续未改善，停车等待,left,1,stop,0.0,,0.0,0,0,1
16.016,786.0,1075.0,584.0,1450.0,-1.0483,-0.7811,-1.8551,-0.6404,-0.9147,,SAFE_STOP,移动避让持续未改善，停车等待,left,1,stop,0.0,,0.0,0,0,1
16.036,786.0,1075.0,584.0,1450.0,-1.0483,-0.7811,-1.8551,-0.6442,-0.9147,,SAFE_STOP,移动避让持续未改善，停车等待,left,1,stop,0.0,,0.0,0,0,1
16.056,785.0,1073.0,584.0,1450.0,-1.0483,-0.7811,-1.8551,-0.6442,-0.9147,,SAFE_STOP,移动避让持续未改善，停车等待,left,1,stop,0.0,,0.0,0,0,1
16.076,787.0,1077.0,586.0,1452.0,-1.0483,-0.7811,-1.8551,-0.6442,-0.9147,,SAFE_STOP,移动避让持续未改善，停车等待,left,1,stop,0.0,,0.0,0,0,1
16.096,786.0,1075.0,585.0,1451.0,-1.0483,-0.7811,-1.8471,-0.6404,-0.9147,,SAFE_STOP,移动避让持续未改善，停车等待,left,1,stop,0.0,,0.0,0,0,1
16.116,786.0,1076.0,585.0,1452.0,-1.0483,-0.7768,-1.8471,-0.6367,-0.9126,,SAFE_STOP,移动避让持续未改善，停车等待,left,1,stop,0.0,,0.0,0,0,1
16.136,785.0,1074.0,585.0,1450.0,-1.0483,-0.7811,-1.8471,-0.6404,-0.9147,,SAFE_STOP,移动避让持续未改善，停车等待,left,1,stop,0.0,,0.0,0,0,1
16.156,786.0,1075.0,584.0,1451.0,-1.0483,-0.7811,-1.8471,-0.6404,-0.9147,,SAFE_STOP,移动避让持续未改善，停车等待,left,1,stop,0.0,,0.0,0,0,1
16.176,786.0,1076.0,585.0,1452.0,-1.0483,-0.7811,-1.8471,-0.6404,-0.9147,,SAFE_STOP,移动避让持续未改善，停车等待,left,1,stop,0.0,,0.0,0,0,1
16.197,786.0,1074.0,585.0,1450.0,-1.0483,-0.7811,-1.8471,-0.6404,-0.9147,,SAFE_STOP,移动避让持续未改善，停车等待,left,1,stop,0.0,,0.0,0,0,1
16.217,785.0,1074.0,584.0,1450.0,-1.0483,-0.7854,-1.8471,-0.6442,-0.9168,,SAFE_STOP,移动避让持续未改善，停车等待,left,1,stop,0.0,,0.0,0,0,1
16.237,786.0,1075.0,584.0,1451.0,-1.0483,-0.7854,-1.8551,-0.6442,-0.9168,,SAFE_STOP,移动避让持续未改善，停车等待,left,1,stop,0.0,,0.0,0,0,1
16.257,786.0,1075.0,585.0,1452.0,-1.0483,-0.7811,-1.8551,-0.6404,-0.9147,,SAFE_STOP,移动避让持续未改善，停车等待,left,1,stop,0.0,,0.0,0,0,1
16.277,785.0,1075.0,585.0,1452.0,-1.0483,-0.7811,-1.8471,-0.6367,-0.9147,,SAFE_STOP,移动避让持续未改善，停车等待,left,1,stop,0.0,,0.0,0,0,1
16.297,786.0,1074.0,585.0,1451.0,-1.0483,-0.7811,-1.8471,-0.6367,-0.9147,,SAFE_STOP,移动避让持续未改善，停车等待,left,1,stop,0.0,,0.0,0,0,1
16.317,786.0,1074.0,585.0,1451.0,-1.0483,-0.7854,-1.8471,-0.6404,-0.9168,,SAFE_STOP,移动避让持续未改善，停车等待,left,1,stop,0.0,,0.0,0,0,1
16.337,785.0,1074.0,584.0,1449.0,-1.0483,-0.7854,-1.8471,-0.6404,-0.9168,,SAFE_STOP,移动避让持续未改善，停车等待,left,1,stop,0.0,,0.0,0,0,1
16.358,786.0,1075.0,585.0,1450.0,-1.0483,-0.7854,-1.8471,-0.6442,-0.9168,,SAFE_STOP,移动避让持续未改善，停车等待,left,1,stop,0.0,,0.0,0,0,1
16.378,784.0,1074.0,583.0,1449.0,-1.0525,-0.7854,-1.8551,-0.6479,-0.919,,SAFE_STOP,移动避让持续未改善，停车等待,left,1,stop,0.0,,0.0,0,0,1
16.398,785.0,1075.0,584.0,1450.0,-1.0525,-0.7811,-1.8551,-0.6442,-0.9168,,SAFE_STOP,移动避让持续未改善，停车等待,left,1,stop,0.0,,0.0,0,0,1
16.418,785.0,1074.0,583.0,1450.0,-1.0525,-0.7854,-1.8631,-0.6442,-0.919,,SAFE_STOP,移动避让持续未改善，停车等待,left,1,stop,0.0,,0.0,0,0,1
16.438,786.0,1075.0,585.0,1451.0,-1.0525,-0.7811,-1.8551,-0.6442,-0.9168,,SAFE_STOP,移动避让持续未改善，停车等待,left,1,stop,0.0,,0.0,0,0,1
16.458,786.0,1076.0,585.0,1452.0,-1.0483,-0.7811,-1.8471,-0.6404,-0.9147,,SAFE_STOP,移动避让持续未改善，停车等待,left,1,stop,0.0,,0.0,0,0,1
16.478,786.0,1076.0,585.0,1452.0,-1.0483,-0.7768,-1.8471,-0.6367,-0.9126,,SAFE_STOP,移动避让持续未改善，停车等待,left,1,stop,0.0,,0.0,0,0,1
16.498,787.0,1076.0,585.0,1452.0,-1.0483,-0.7768,-1.8471,-0.6367,-0.9126,,SAFE_STOP,移动避让持续未改善，停车等待,left,1,stop,0.0,,0.0,0,0,1
16.518,786.0,1075.0,584.0,1451.0,-1.0483,-0.7768,-1.8471,-0.6367,-0.9126,,SAFE_STOP,移动避让持续未改善，停车等待,left,1,stop,0.0,,0.0,0,0,1
16.539,785.0,1076.0,584.0,1450.0,-1.0483,-0.7768,-1.8551,-0.6404,-0.9126,,SAFE_STOP,移动避让持续未改善，停车等待,left,1,stop,0.0,,0.0,0,0,1
16.559,785.0,1074.0,585.0,1451.0,-1.0525,-0.7811,-1.8551,-0.6404,-0.9168,,SAFE_STOP,移动避让持续未改善，停车等待,left,1,stop,0.0,,0.0,0,0,1
16.579,786.0,1076.0,585.0,1451.0,-1.0525,-0.7768,-1.8471,-0.6404,-0.9147,,SAFE_STOP,移动避让持续未改善，停车等待,left,1,stop,0.0,,0.0,0,0,1
16.599,787.0,1075.0,585.0,1451.0,-1.0483,-0.7811,-1.8471,-0.6404,-0.9147,,SAFE_STOP,移动避让持续未改善，停车等待,left,1,stop,0.0,,0.0,0,0,1
16.619,785.0,1074.0,584.0,1450.0,-1.0483,-0.7811,-1.8471,-0.6404,-0.9147,,SAFE_STOP,移动避让持续未改善，停车等待,left,1,stop,0.0,,0.0,0,0,1
16.639,786.0,1076.0,585.0,1452.0,-1.0483,-0.7811,-1.8471,-0.6404,-0.9147,,SAFE_STOP,移动避让持续未改善，停车等待,left,1,stop,0.0,,0.0,0,0,1
16.659,786.0,1076.0,585.0,1451.0,-1.0483,-0.7768,-1.8471,-0.6404,-0.9126,,SAFE_STOP,移动避让持续未改善，停车等待,left,1,stop,0.0,,0.0,0,0,1
16.679,786.0,1076.0,585.0,1451.0,-1.0483,-0.7768,-1.8471,-0.6404,-0.9126,,SAFE_STOP,移动避让持续未改善，停车等待,left,1,stop,0.0,,0.0,0,0,1
16.699,785.0,1074.0,585.0,1449.0,-1.0483,-0.7768,-1.8471,-0.6404,-0.9126,,SAFE_STOP,移动避让持续未改善，停车等待,left,1,stop,0.0,,0.0,0,0,1
16.72,785.0,1074.0,585.0,1449.0,-1.0525,-0.7854,-1.8471,-0.6479,-0.919,,SAFE_STOP,移动避让持续未改善，停车等待,left,1,stop,0.0,,0.0,0,0,1
16.74,786.0,1075.0,585.0,1451.0,-1.0525,-0.7854,-1.8471,-0.6479,-0.919,,SAFE_STOP,移动避让持续未改善，停车等待,left,1,stop,0.0,,0.0,0,0,1
16.76,785.0,1073.0,584.0,1450.0,-1.0525,-0.7854,-1.8471,-0.6442,-0.919,,SAFE_STOP,移动避让持续未改善，停车等待,left,1,stop,0.0,,0.0,0,0,1
16.78,786.0,1076.0,584.0,1450.0,-1.0483,-0.7811,-1.8551,-0.6442,-0.9147,,SAFE_STOP,移动避让持续未改善，停车等待,left,1,stop,0.0,,0.0,0,0,1
16.8,786.0,1075.0,584.0,1451.0,-1.0483,-0.7811,-1.8551,-0.6442,-0.9147,,SAFE_STOP,移动避让持续未改善，停车等待,left,1,stop,0.0,,0.0,0,0,1
16.82,786.0,1076.0,585.0,1452.0,-1.0483,-0.7768,-1.8551,-0.6404,-0.9126,,SAFE_STOP,移动避让持续未改善，停车等待,left,1,stop,0.0,,0.0,0,0,1
16.84,787.0,1076.0,585.0,1453.0,-1.0483,-0.7768,-1.8471,-0.6367,-0.9126,,SAFE_STOP,移动避让持续未改善，停车等待,left,1,stop,0.0,,0.0,0,0,1
16.861,786.0,1075.0,584.0,1450.0,-1.0483,-0.7768,-1.8471,-0.6367,-0.9126,,SAFE_STOP,移动避让持续未改善，停车等待,left,1,stop,0.0,,0.0,0,0,1
16.881,785.0,1074.0,584.0,1448.0,-1.0483,-0.7811,-1.8551,-0.6442,-0.9147,,SAFE_STOP,移动避让持续未改善，停车等待,left,1,stop,0.0,,0.0,0,0,1
16.901,784.0,1073.0,584.0,1449.0,-1.0525,-0.7854,-1.8551,-0.6479,-0.919,,SAFE_STOP,移动避让持续未改善，停车等待,left,1,stop,0.0,,0.0,0,0,1
16.921,786.0,1076.0,585.0,1451.0,-1.0525,-0.7854,-1.8551,-0.6479,-0.919,,SAFE_STOP,移动避让持续未改善，停车等待,left,1,stop,0.0,,0.0,0,0,1
16.941,786.0,1075.0,585.0,1452.0,-1.0483,-0.7811,-1.8471,-0.6404,-0.9147,,SAFE_STOP,移动避让持续未改善，停车等待,left,1,stop,0.0,,0.0,0,0,1
16.961,786.0,1076.0,584.0,1451.0,-1.0483,-0.7768,-1.8471,-0.6404,-0.9126,,SAFE_STOP,移动避让持续未改善，停车等待,left,1,stop,0.0,,0.0,0,0,1
16.981,787.0,1075.0,584.0,1452.0,-1.0483,-0.7811,-1.8551,-0.6367,-0.9147,,SAFE_STOP,移动避让持续未改善，停车等待,left,1,stop,0.0,,0.0,0,0,1
17.001,786.0,1076.0,584.0,1451.0,-1.0483,-0.7768,-1.8551,-0.6404,-0.9126,,SAFE_STOP,移动避让持续未改善，停车等待,left,1,stop,0.0,,0.0,0,0,1
17.021,786.0,1076.0,584.0,1451.0,-1.0483,-0.7768,-1.8551,-0.6404,-0.9126,,SAFE_STOP,移动避让持续未改善，停车等待,left,1,stop,0.0,,0.0,0,0,1
17.042,786.0,1076.0,585.0,1452.0,-1.0483,-0.7768,-1.8551,-0.6404,-0.9126,,SAFE_STOP,移动避让持续未改善，停车等待,left,1,stop,0.0,,0.0,0,0,1
17.062,786.0,1076.0,585.0,1452.0,-1.0483,-0.7768,-1.8471,-0.6367,-0.9126,,SAFE_STOP,移动避让持续未改善，停车等待,left,1,stop,0.0,,0.0,0,0,1
17.082,786.0,1075.0,585.0,1451.0,-1.0483,-0.7768,-1.8471,-0.6367,-0.9126,,SAFE_STOP,移动避让持续未改善，停车等待,left,1,stop,0.0,,0.0,0,0,1
17.102,785.0,1074.0,584.0,1449.0,-1.0483,-0.7811,-1.8471,-0.6404,-0.9147,,SAFE_STOP,移动避让持续未改善，停车等待,left,1,stop,0.0,,0.0,0,0,1
17.122,786.0,1074.0,585.0,1451.0,-1.0483,-0.7854,-1.8471,-0.6404,-0.9168,,SAFE_STOP,移动避让持续未改善，停车等待,left,1,stop,0.0,,0.0,0,0,1
17.142,786.0,1076.0,584.0,1451.0,-1.0483,-0.7854,-1.8551,-0.6404,-0.9168,,SAFE_STOP,移动避让持续未改善，停车等待,left,1,stop,0.0,,0.0,0,0,1
17.162,786.0,1076.0,584.0,1451.0,-1.0483,-0.7768,-1.8551,-0.6404,-0.9126,,SAFE_STOP,移动避让持续未改善，停车等待,left,1,stop,0.0,,0.0,0,0,1
17.182,787.0,1075.0,584.0,1452.0,-1.0483,-0.7768,-1.8551,-0.6404,-0.9126,,SAFE_STOP,移动避让持续未改善，停车等待,left,1,stop,0.0,,0.0,0,0,1
17.202,787.0,1076.0,585.0,1452.0,-1.044,-0.7768,-1.8551,-0.6367,-0.9104,,SAFE_STOP,移动避让持续未改善，停车等待,left,1,stop,0.0,,0.0,0,0,1
17.223,787.0,1075.0,585.0,1450.0,-1.044,-0.7811,-1.8471,-0.6367,-0.9126,,SAFE_STOP,移动避让持续未改善，停车等待,left,1,stop,0.0,,0.0,0,0,1
17.243,786.0,1076.0,584.0,1452.0,-1.044,-0.7768,-1.8471,-0.6367,-0.9104,,SAFE_STOP,移动避让持续未改善，停车等待,left,1,stop,0.0,,0.0,0,0,1
17.263,786.0,1076.0,585.0,1451.0,-1.0483,-0.7768,-1.8471,-0.6404,-0.9126,,SAFE_STOP,移动避让持续未改善，停车等待,left,1,stop,0.0,,0.0,0,0,1
17.283,786.0,1076.0,585.0,1452.0,-1.0483,-0.7768,-1.8471,-0.6367,-0.9126,,SAFE_STOP,移动避让持续未改善，停车等待,left,1,stop,0.0,,0.0,0,0,1
17.303,785.0,1073.0,583.0,1448.0,-1.0483,-0.7768,-1.8471,-0.6404,-0.9126,,SAFE_STOP,移动避让持续未改善，停车等待,left,1,stop,0.0,,0.0,0,0,1
17.323,785.0,1074.0,584.0,1450.0,-1.0525,-0.7854,-1.8551,-0.6442,-0.919,,SAFE_STOP,移动避让持续未改善，停车等待,left,1,stop,0.0,,0.0,0,0,1
17.343,784.0,1073.0,584.0,1448.0,-1.0525,-0.7897,-1.8551,-0.6517,-0.9211,,SAFE_STOP,移动避让持续未改善，停车等待,left,1,stop,0.0,,0.0,0,0,1
17.363,783.0,1071.0,582.0,1447.0,-1.0568,-0.7897,-1.8551,-0.6517,-0.9232,,SAFE_STOP,移动避让持续未改善，停车等待,left,1,stop,0.0,,0.0,0,0,1
17.384,784.0,1072.0,581.0,1446.0,-1.0568,-0.794,-1.871,-0.6554,-0.9254,,SAFE_STOP,移动避让持续未改善，停车等待,left,1,stop,0.0,,0.0,0,0,1
17.404,784.0,1072.0,583.0,1448.0,-1.0568,-0.794,-1.871,-0.6554,-0.9254,,SAFE_STOP,移动避让持续未改善，停车等待,left,1,stop,0.0,,0.0,0,0,1
17.424,782.0,1070.0,582.0,1446.0,-1.0568,-0.794,-1.871,-0.6592,-0.9254,,SAFE_STOP,移动避让持续未改善，停车等待,left,1,stop,0.0,,0.0,0,0,1
17.444,784.0,1073.0,582.0,1447.0,-1.0568,-0.794,-1.871,-0.6554,-0.9254,,SAFE_STOP,移动避让持续未改善，停车等待,left,1,stop,0.0,,0.0,0,0,1
17.464,784.0,1073.0,582.0,1447.0,-1.0568,-0.7897,-1.871,-0.6554,-0.9232,,SAFE_STOP,移动避让持续未改善，停车等待,left,1,stop,0.0,,0.0,0,0,1
17.484,783.0,1070.0,582.0,1447.0,-1.0568,-0.7897,-1.871,-0.6554,-0.9232,,SAFE_STOP,移动避让持续未改善，停车等待,left,1,stop,0.0,,0.0,0,0,1
17.504,783.0,1071.0,582.0,1447.0,-1.061,-0.7983,-1.871,-0.6554,-0.9296,,SAFE_STOP,移动避让持续未改善，停车等待,left,1,stop,0.0,,0.0,0,0,1
17.524,781.0,1070.0,582.0,1445.0,-1.061,-0.8026,-1.871,-0.6554,-0.9318,,SAFE_STOP,移动避让持续未改善，停车等待,left,1,stop,0.0,,0.0,0,0,1
17.544,784.0,1072.0,582.0,1448.0,-1.061,-0.7983,-1.871,-0.6554,-0.9296,,SAFE_STOP,移动避让持续未改善，停车等待,left,1,stop,0.0,,0.0,0,0,1
17.564,782.0,1069.0,581.0,1445.0,-1.0652,-0.8026,-1.871,-0.6629,-0.9339,,SAFE_STOP,移动避让持续未改善，停车等待,left,1,stop,0.0,,0.0,0,0,1
17.584,782.0,1070.0,581.0,1444.0,-1.0652,-0.8026,-1.879,-0.6629,-0.9339,,SAFE_STOP,移动避让持续未改善，停车等待,left,1,stop,0.0,,0.0,0,0,1
17.605,782.0,1069.0,581.0,1444.0,-1.0652,-0.8069,-1.879,-0.6667,-0.936,,SAFE_STOP,移动避让持续未改善，停车等待,left,1,stop,0.0,,0.0,0,0,1
17.63,782.0,1069.0,581.0,1444.0,-1.0652,-0.8069,-1.879,-0.6667,-0.936,,SAFE_STOP,移动避让持续未改善，停车等待,left,1,stop,0.0,,0.0,0,0,1
17.65,782.0,1068.0,580.0,1444.0,-1.0652,-0.8069,-1.879,-0.6667,-0.936,,SAFE_STOP,移动避让持续未改善，停车等待,left,1,stop,0.0,,0.0,0,0,1
17.67,782.0,1070.0,582.0,1446.0,-1.0652,-0.8069,-1.879,-0.6667,-0.936,,SAFE_STOP,移动避让持续未改善，停车等待,left,1,stop,0.0,,0.0,0,0,1
17.69,781.0,1068.0,580.0,1443.0,-1.0652,-0.8112,-1.8869,-0.6667,-0.9382,,SAFE_STOP,移动避让持续未改善，停车等待,left,1,stop,0.0,,0.0,0,0,1
17.71,781.0,1068.0,580.0,1443.0,-1.0695,-0.8112,-1.8869,-0.6704,-0.9403,,SAFE_STOP,移动避让持续未改善，停车等待,left,1,stop,0.0,,0.0,0,0,1
17.73,782.0,1068.0,581.0,1445.0,-1.0695,-0.8112,-1.8869,-0.6704,-0.9403,,SAFE_STOP,移动避让持续未改善，停车等待,left,1,stop,0.0,,0.0,0,0,1
17.75,782.0,1070.0,581.0,1445.0,-1.0652,-0.8112,-1.879,-0.6629,-0.9382,,SAFE_STOP,移动避让持续未改善，停车等待,left,1,stop,0.0,,0.0,0,0,1
17.77,781.0,1070.0,580.0,1444.0,-1.0652,-0.8026,-1.879,-0.6629,-0.9339,,SAFE_STOP,移动避让持续未改善，停车等待,left,1,stop,0.0,,0.0,0,0,1
17.79,780.0,1067.0,579.0,1442.0,-1.0695,-0.8026,-1.8869,-0.6667,-0.936,,SAFE_STOP,移动避让持续未改善，停车等待,left,1,stop,0.0,,0.0,0,0,1
17.811,783.0,1072.0,582.0,1447.0,-1.0695,-0.8026,-1.8869,-0.6667,-0.936,,SAFE_STOP,移动避让持续未改善，停车等待,left,1,stop,0.0,,0.0,0,0,1
17.831,784.0,1072.0,583.0,1447.0,-1.061,-0.794,-1.871,-0.6554,-0.9275,,SAFE_STOP,移动避让持续未改善，停车等待,left,1,stop,0.0,,0.0,0,0,1
17.851,782.0,1069.0,582.0,1446.0,-1.061,-0.794,-1.871,-0.6554,-0.9275,,SAFE_STOP,移动避让持续未改善，停车等待,left,1,stop,0.0,,0.0,0,0,1
17.871,782.0,1068.0,580.0,1444.0,-1.0652,-0.8069,-1.871,-0.6592,-0.936,,SAFE_STOP,移动避让持续未改善，停车等待,left,1,stop,0.0,,0.0,0,0,1
17.891,782.0,1072.0,583.0,1449.0,-1.0652,-0.8069,-1.871,-0.6592,-0.936,,SAFE_STOP,移动避让持续未改善，停车等待,left,1,stop,0.0,,0.0,0,0,1
17.911,784.0,1073.0,584.0,1449.0,-1.0652,-0.794,-1.8631,-0.6479,-0.9296,,SAFE_STOP,移动避让持续未改善，停车等待,left,1,stop,0.0,,0.0,0,0,1
17.931,784.0,1072.0,583.0,1449.0,-1.0568,-0.794,-1.8631,-0.6479,-0.9254,,SAFE_STOP,移动避让持续未改善，停车等待,left,1,stop,0.0,,0.0,0,0,1
17.951,783.0,1071.0,582.0,1445.0,-1.0568,-0.794,-1.8631,-0.6479,-0.9254,,SAFE_STOP,移动避让持续未改善，停车等待,left,1,stop,0.0,,0.0,0,0,1
17.971,784.0,1073.0,582.0,1447.0,-1.0568,-0.794,-1.871,-0.6554,-0.9254,,SAFE_STOP,移动避让持续未改善，停车等待,left,1,stop,0.0,,0.0,0,0,1
17.991,785.0,1072.0,584.0,1448.0,-1.0568,-0.794,-1.871,-0.6554,-0.9254,,SAFE_STOP,移动避让持续未改善，停车等待,left,1,stop,0.0,,0.0,0,0,1
18.011,784.0,1073.0,584.0,1449.0,-1.0568,-0.7897,-1.8551,-0.6517,-0.9232,,SAFE_STOP,移动避让持续未改善，停车等待,left,1,stop,0.0,,0.0,0,0,1
18.032,784.0,1073.0,583.0,1448.0,-1.0568,-0.7897,-1.8551,-0.6517,-0.9232,,SAFE_STOP,移动避让持续未改善，停车等待,left,1,stop,0.0,,0.0,0,0,1
18.052,785.0,1073.0,584.0,1449.0,-1.0568,-0.7897,-1.8551,-0.6479,-0.9232,,SAFE_STOP,移动避让持续未改善，停车等待,left,1,stop,0.0,,0.0,0,0,1
18.072,784.0,1073.0,582.0,1448.0,-1.0568,-0.7897,-1.8631,-0.6517,-0.9232,,SAFE_STOP,移动避让持续未改善，停车等待,left,1,stop,0.0,,0.0,0,0,1
18.092,783.0,1072.0,583.0,1447.0,-1.0568,-0.7897,-1.8631,-0.6517,-0.9232,,SAFE_STOP,移动避让持续未改善，停车等待,left,1,stop,0.0,,0.0,0,0,1
18.112,783.0,1072.0,582.0,1446.0,-1.061,-0.794,-1.871,-0.6554,-0.9275,,SAFE_STOP,移动避让持续未改善，停车等待,left,1,stop,0.0,,0.0,0,0,1
18.132,784.0,1073.0,584.0,1448.0,-1.061,-0.794,-1.8631,-0.6554,-0.9275,,SAFE_STOP,移动避让持续未改善，停车等待,left,1,stop,0.0,,0.0,0,0,1
18.152,783.0,1072.0,582.0,1446.0,-1.061,-0.794,-1.871,-0.6592,-0.9275,,SAFE_STOP,移动避让持续未改善，停车等待,left,1,stop,0.0,,0.0,0,0,1
18.172,784.0,1070.0,583.0,1447.0,-1.0568,-0.794,-1.8631,-0.6554,-0.9254,,SAFE_STOP,移动避让持续未改善，停车等待,left,1,stop,0.0,,0.0,0,0,1
18.192,784.0,1073.0,584.0,1449.0,-1.0568,-0.794,-1.8631,-0.6554,-0.9254,,SAFE_STOP,移动避让持续未改善，停车等待,left,1,stop,0.0,,0.0,0,0,1
18.212,784.0,1072.0,584.0,1448.0,-1.0568,-0.794,-1.8551,-0.6517,-0.9254,,SAFE_STOP,移动避让持续未改善，停车等待,left,1,stop,0.0,,0.0,0,0,1
18.232,784.0,1072.0,582.0,1448.0,-1.0568,-0.794,-1.8551,-0.6517,-0.9254,,SAFE_STOP,移动避让持续未改善，停车等待,left,1,stop,0.0,,0.0,0,0,1
18.253,784.0,1074.0,584.0,1449.0,-1.0568,-0.794,-1.8551,-0.6517,-0.9254,,SAFE_STOP,移动避让持续未改善，停车等待,left,1,stop,0.0,,0.0,0,0,1
18.273,784.0,1074.0,584.0,1449.0,-1.0568,-0.7854,-1.8551,-0.6479,-0.9211,,SAFE_STOP,移动避让持续未改善，停车等待,left,1,stop,0.0,,0.0,0,0,1
18.293,784.0,1073.0,583.0,1449.0,-1.0568,-0.7854,-1.8551,-0.6479,-0.9211,,SAFE_STOP,移动避让持续未改善，停车等待,left,1,stop,0.0,,0.0,0,0,1
18.313,782.0,1070.0,582.0,1445.0,-1.0568,-0.7897,-1.8631,-0.6479,-0.9232,,SAFE_STOP,移动避让持续未改善，停车等待,left,1,stop,0.0,,0.0,0,0,1
18.333,784.0,1072.0,583.0,1449.0,-1.0568,-0.794,-1.8631,-0.6479,-0.9254,,SAFE_STOP,移动避让持续未改善，停车等待,left,1,stop,0.0,,0.0,0,0,1
18.353,785.0,1073.0,583.0,1448.0,-1.0568,-0.794,-1.8631,-0.6517,-0.9254,,SAFE_STOP,移动避让持续未改善，停车等待,left,1,stop,0.0,,0.0,0,0,1
18.373,784.0,1072.0,583.0,1448.0,-1.0568,-0.794,-1.8631,-0.6517,-0.9254,,SAFE_STOP,移动避让持续未改善，停车等待,left,1,stop,0.0,,0.0,0,0,1
18.393,784.0,1073.0,582.0,1448.0,-1.0568,-0.7897,-1.8631,-0.6517,-0.9232,,SAFE_STOP,移动避让持续未改善，停车等待,left,1,stop,0.0,,0.0,0,0,1
18.413,783.0,1070.0,583.0,1446.0,-1.0568,-0.794,-1.8631,-0.6517,-0.9254,,SAFE_STOP,移动避让持续未改善，停车等待,left,1,stop,0.0,,0.0,0,0,1
18.433,784.0,1073.0,583.0,1448.0,-1.0568,-0.7897,-1.8631,-0.6517,-0.9232,,SAFE_STOP,移动避让持续未改善，停车等待,left,1,stop,0.0,,0.0,0,0,1
18.454,784.0,1072.0,584.0,1448.0,-1.0568,-0.794,-1.8631,-0.6517,-0.9254,,SAFE_STOP,移动避让持续未改善，停车等待,left,1,stop,0.0,,0.0,0,0,1
18.474,782.0,1072.0,583.0,1447.0,-1.0568,-0.794,-1.8631,-0.6517,-0.9254,,SAFE_STOP,移动避让持续未改善，停车等待,left,1,stop,0.0,,0.0,0,0,1
18.494,784.0,1071.0,583.0,1448.0,-1.0568,-0.794,-1.8631,-0.6517,-0.9254,,SAFE_STOP,移动避让持续未改善，停车等待,left,1,stop,0.0,,0.0,0,0,1
18.514,784.0,1072.0,584.0,1450.0,-1.0568,-0.794,-1.8631,-0.6517,-0.9254,,SAFE_STOP,移动避让持续未改善，停车等待,left,1,stop,0.0,,0.0,0,0,1
18.534,785.0,1072.0,583.0,1448.0,-1.0568,-0.794,-1.8631,-0.6517,-0.9254,,SAFE_STOP,移动避让持续未改善，停车等待,left,1,stop,0.0,,0.0,0,0,1
18.554,785.0,1073.0,583.0,1448.0,-1.0525,-0.794,-1.8631,-0.6517,-0.9233,,SAFE_STOP,移动避让持续未改善，停车等待,left,1,stop,0.0,,0.0,0,0,1
18.574,784.0,1072.0,584.0,1448.0,-1.0525,-0.794,-1.8631,-0.6517,-0.9233,,SAFE_STOP,移动避让持续未改善，停车等待,left,1,stop,0.0,,0.0,0,0,1
18.594,784.0,1073.0,583.0,1448.0,-1.0568,-0.7897,-1.8631,-0.6517,-0.9232,,SAFE_STOP,移动避让持续未改善，停车等待,left,1,stop,0.0,,0.0,0,0,1
18.615,785.0,1073.0,583.0,1448.0,-1.0568,-0.7897,-1.8631,-0.6517,-0.9232,,SAFE_STOP,移动避让持续未改善，停车等待,left,1,stop,0.0,,0.0,0,0,1
18.635,784.0,1073.0,583.0,1448.0,-1.0568,-0.7897,-1.8631,-0.6517,-0.9232,,SAFE_STOP,移动避让持续未改善，停车等待,left,1,stop,0.0,,0.0,0,0,1
18.655,785.0,1073.0,583.0,1448.0,-1.0525,-0.7897,-1.8631,-0.6517,-0.9211,,SAFE_STOP,移动避让持续未改善，停车等待,left,1,stop,0.0,,0.0,0,0,1
18.675,785.0,1073.0,583.0,1448.0,-1.0525,-0.7897,-1.8631,-0.6517,-0.9211,,SAFE_STOP,移动避让持续未改善，停车等待,left,1,stop,0.0,,0.0,0,0,1
18.695,784.0,1072.0,582.0,1448.0,-1.0525,-0.7897,-1.8631,-0.6517,-0.9211,,SAFE_STOP,移动避让持续未改善，停车等待,left,1,stop,0.0,,0.0,0,0,1
18.715,784.0,1073.0,583.0,1448.0,-1.0568,-0.7897,-1.8631,-0.6517,-0.9232,,SAFE_STOP,移动避让持续未改善，停车等待,left,1,stop,0.0,,0.0,0,0,1
18.735,784.0,1073.0,584.0,1448.0,-1.0568,-0.7897,-1.8631,-0.6517,-0.9232,,SAFE_STOP,移动避让持续未改善，停车等待,left,1,stop,0.0,,0.0,0,0,1
18.756,784.0,1073.0,582.0,1447.0,-1.0568,-0.7897,-1.8631,-0.6517,-0.9232,,SAFE_STOP,移动避让持续未改善，停车等待,left,1,stop,0.0,,0.0,0,0,1
18.776,784.0,1072.0,582.0,1447.0,-1.0568,-0.7897,-1.871,-0.6554,-0.9232,,SAFE_STOP,移动避让持续未改善，停车等待,left,1,stop,0.0,,0.0,0,0,1
18.796,785.0,1073.0,584.0,1449.0,-1.0568,-0.7897,-1.871,-0.6554,-0.9232,,SAFE_STOP,移动避让持续未改善，停车等待,left,1,stop,0.0,,0.0,0,0,1
18.816,784.0,1072.0,584.0,1449.0,-1.0568,-0.794,-1.8551,-0.6479,-0.9254,,SAFE_STOP,移动避让持续未改善，停车等待,left,1,stop,0.0,,0.0,0,0,1
18.836,782.0,1070.0,581.0,1445.0,-1.0568,-0.794,-1.8551,-0.6479,-0.9254,,SAFE_STOP,移动避让持续未改善，停车等待,left,1,stop,0.0,,0.0,0,0,1
18.856,784.0,1073.0,583.0,1448.0,-1.0568,-0.794,-1.8631,-0.6517,-0.9254,,SAFE_STOP,移动避让持续未改善，停车等待,left,1,stop,0.0,,0.0,0,0,1
18.876,784.0,1073.0,584.0,1449.0,-1.0568,-0.7897,-1.8631,-0.6517,-0.9232,,SAFE_STOP,移动避让持续未改善，停车等待,left,1,stop,0.0,,0.0,0,0,1
18.896,784.0,1072.0,583.0,1446.0,-1.0568,-0.7897,-1.8631,-0.6517,-0.9232,,SAFE_STOP,移动避让持续未改善，停车等待,left,1,stop,0.0,,0.0,0,0,1
18.916,784.0,1072.0,583.0,1449.0,-1.0568,-0.794,-1.8631,-0.6479,-0.9254,,SAFE_STOP,移动避让持续未改善，停车等待,left,1,stop,0.0,,0.0,0,0,1
18.937,784.0,1072.0,582.0,1448.0,-1.0568,-0.794,-1.8631,-0.6517,-0.9254,,SAFE_STOP,移动避让持续未改善，停车等待,left,1,stop,0.0,,0.0,0,0,1
18.957,785.0,1074.0,584.0,1449.0,-1.0568,-0.794,-1.8631,-0.6479,-0.9254,,SAFE_STOP,移动避让持续未改善，停车等待,left,1,stop,0.0,,0.0,0,0,1
18.977,784.0,1072.0,583.0,1448.0,-1.0568,-0.794,-1.8631,-0.6517,-0.9254,,SAFE_STOP,移动避让持续未改善，停车等待,left,1,stop,0.0,,0.0,0,0,1
18.997,784.0,1072.0,582.0,1447.0,-1.0568,-0.794,-1.8631,-0.6517,-0.9254,,SAFE_STOP,移动避让持续未改善，停车等待,left,1,stop,0.0,,0.0,0,0,1
19.017,785.0,1072.0,584.0,1449.0,-1.0568,-0.794,-1.8631,-0.6517,-0.9254,,SAFE_STOP,移动避让持续未改善，停车等待,left,1,stop,0.0,,0.0,0,0,1
19.037,784.0,1071.0,583.0,1447.0,-1.0568,-0.794,-1.8631,-0.6554,-0.9254,,SAFE_STOP,移动避让持续未改善，停车等待,left,1,stop,0.0,,0.0,0,0,1
19.057,785.0,1072.0,584.0,1449.0,-1.0525,-0.794,-1.8551,-0.6479,-0.9233,,SAFE_STOP,移动避让持续未改善，停车等待,left,1,stop,0.0,,0.0,0,0,1
19.077,784.0,1073.0,583.0,1449.0,-1.0568,-0.794,-1.8631,-0.6479,-0.9254,,SAFE_STOP,移动避让持续未改善，停车等待,left,1,stop,0.0,,0.0,0,0,1
19.098,784.0,1073.0,583.0,1449.0,-1.0568,-0.7897,-1.8631,-0.6479,-0.9232,,SAFE_STOP,移动避让持续未改善，停车等待,left,1,stop,0.0,,0.0,0,0,1
19.118,785.0,1073.0,582.0,1448.0,-1.0568,-0.7897,-1.8631,-0.6479,-0.9232,,SAFE_STOP,移动避让持续未改善，停车等待,left,1,stop,0.0,,0.0,0,0,1
19.138,785.0,1073.0,583.0,1448.0,-1.0525,-0.7897,-1.8631,-0.6517,-0.9211,,SAFE_STOP,移动避让持续未改善，停车等待,left,1,stop,0.0,,0.0,0,0,1
19.158,785.0,1073.0,584.0,1449.0,-1.0525,-0.7897,-1.8631,-0.6517,-0.9211,,SAFE_STOP,移动避让持续未改善，停车等待,left,1,stop,0.0,,0.0,0,0,1
19.178,784.0,1073.0,583.0,1448.0,-1.0525,-0.7897,-1.8631,-0.6517,-0.9211,,SAFE_STOP,移动避让持续未改善，停车等待,left,1,stop,0.0,,0.0,0,0,1
19.198,784.0,1072.0,582.0,1447.0,-1.0568,-0.7897,-1.8631,-0.6517,-0.9232,,SAFE_STOP,移动避让持续未改善，停车等待,left,1,stop,0.0,,0.0,0,0,1
19.218,785.0,1073.0,584.0,1449.0,-1.0568,-0.7897,-1.8631,-0.6517,-0.9232,,SAFE_STOP,移动避让持续未改善，停车等待,left,1,stop,0.0,,0.0,0,0,1
19.238,785.0,1073.0,584.0,1449.0,-1.0525,-0.7897,-1.8551,-0.6479,-0.9211,,SAFE_STOP,移动避让持续未改善，停车等待,left,1,stop,0.0,,0.0,0,0,1
19.259,784.0,1072.0,583.0,1448.0,-1.0525,-0.7897,-1.8551,-0.6479,-0.9211,,SAFE_STOP,移动避让持续未改善，停车等待,left,1,stop,0.0,,0.0,0,0,1
19.279,785.0,1073.0,583.0,1449.0,-1.0525,-0.7897,-1.8631,-0.6479,-0.9211,,SAFE_STOP,移动避让持续未改善，停车等待,left,1,stop,0.0,,0.0,0,0,1
19.299,784.0,1073.0,584.0,1448.0,-1.0568,-0.7897,-1.8631,-0.6517,-0.9232,,SAFE_STOP,移动避让持续未改善，停车等待,left,1,stop,0.0,,0.0,0,0,1
19.319,784.0,1072.0,583.0,1448.0,-1.0568,-0.7897,-1.8631,-0.6517,-0.9232,,SAFE_STOP,移动避让持续未改善，停车等待,left,1,stop,0.0,,0.0,0,0,1
19.339,784.0,1072.0,584.0,1448.0,-1.0568,-0.794,-1.8551,-0.6517,-0.9254,,SAFE_STOP,移动避让持续未改善，停车等待,left,1,stop,0.0,,0.0,0,0,1
19.359,785.0,1073.0,583.0,1449.0,-1.0568,-0.794,-1.8631,-0.6517,-0.9254,,SAFE_STOP,移动避让持续未改善，停车等待,left,1,stop,0.0,,0.0,0,0,1
19.379,784.0,1072.0,582.0,1448.0,-1.0568,-0.794,-1.8631,-0.6517,-0.9254,,SAFE_STOP,移动避让持续未改善，停车等待,left,1,stop,0.0,,0.0,0,0,1
19.399,785.0,1073.0,583.0,1448.0,-1.0525,-0.7897,-1.8631,-0.6517,-0.9211,,SAFE_STOP,移动避让持续未改善，停车等待,left,1,stop,0.0,,0.0,0,0,1
19.42,785.0,1073.0,584.0,1449.0,-1.0525,-0.7897,-1.8631,-0.6517,-0.9211,,SAFE_STOP,移动避让持续未改善，停车等待,left,1,stop,0.0,,0.0,0,0,1
19.44,784.0,1072.0,582.0,1448.0,-1.0525,-0.7897,-1.8631,-0.6517,-0.9211,,SAFE_STOP,移动避让持续未改善，停车等待,left,1,stop,0.0,,0.0,0,0,1
19.46,784.0,1072.0,582.0,1447.0,-1.0568,-0.794,-1.871,-0.6517,-0.9254,,SAFE_STOP,移动避让持续未改善，停车等待,left,1,stop,0.0,,0.0,0,0,1
19.48,785.0,1074.0,582.0,1447.0,-1.0568,-0.794,-1.871,-0.6554,-0.9254,,SAFE_STOP,移动避让持续未改善，停车等待,left,1,stop,0.0,,0.0,0,0,1
19.5,785.0,1073.0,583.0,1449.0,-1.0525,-0.7897,-1.871,-0.6554,-0.9211,,SAFE_STOP,移动避让持续未改善，停车等待,left,1,stop,0.0,,0.0,0,0,1
19.52,785.0,1073.0,583.0,1449.0,-1.0525,-0.7897,-1.8631,-0.6479,-0.9211,,SAFE_STOP,移动避让持续未改善，停车等待,left,1,stop,0.0,,0.0,0,0,1
19.54,785.0,1074.0,584.0,1449.0,-1.0525,-0.7897,-1.8631,-0.6479,-0.9211,,SAFE_STOP,移动避让持续未改善，停车等待,left,1,stop,0.0,,0.0,0,0,1
19.56,784.0,1073.0,583.0,1449.0,-1.0525,-0.7897,-1.8631,-0.6479,-0.9211,,SAFE_STOP,移动避让持续未改善，停车等待,left,1,stop,0.0,,0.0,0,0,1
19.58,784.0,1072.0,583.0,1448.0,-1.0568,-0.7897,-1.8631,-0.6479,-0.9232,,SAFE_STOP,移动避让持续未改善，停车等待,left,1,stop,0.0,,0.0,0,0,1
19.601,784.0,1072.0,582.0,1447.0,-1.0568,-0.794,-1.8631,-0.6517,-0.9254,,SAFE_STOP,移动避让持续未改善，停车等待,left,1,stop,0.0,,0.0,0,0,1
19.621,784.0,1072.0,583.0,1447.0,-1.0568,-0.794,-1.8631,-0.6554,-0.9254,,SAFE_STOP,移动避让持续未改善，停车等待,left,1,stop,0.0,,0.0,0,0,1
19.641,785.0,1074.0,584.0,1450.0,-1.0568,-0.794,-1.8631,-0.6554,-0.9254,,SAFE_STOP,移动避让持续未改善，停车等待,left,1,stop,0.0,,0.0,0,0,1
19.661,784.0,1074.0,583.0,1449.0,-1.0568,-0.7854,-1.8631,-0.6479,-0.9211,,SAFE_STOP,移动避让持续未改善，停车等待,left,1,stop,0.0,,0.0,0,0,1
19.681,786.0,1075.0,584.0,1450.0,-1.0525,-0.7854,-1.8551,-0.6442,-0.919,,SAFE_STOP,移动避让持续未改善，停车等待,left,1,stop,0.0,,0.0,0,0,1
19.701,787.0,1076.0,585.0,1452.0,-1.0483,-0.7811,-1.8551,-0.6442,-0.9147,,SAFE_STOP,移动避让持续未改善，停车等待,left,1,stop,0.0,,0.0,0,0,1
19.721,786.0,1075.0,584.0,1451.0,-1.0483,-0.7811,-1.8551,-0.6404,-0.9147,,SAFE_STOP,移动避让持续未改善，停车等待,left,1,stop,0.0,,0.0,0,0,1
19.741,786.0,1076.0,585.0,1451.0,-1.0483,-0.7768,-1.8471,-0.6404,-0.9126,,SAFE_STOP,移动避让持续未改善，停车等待,left,1,stop,0.0,,0.0,0,0,1
19.761,786.0,1075.0,585.0,1451.0,-1.0483,-0.7811,-1.8471,-0.6404,-0.9147,,SAFE_STOP,移动避让持续未改善，停车等待,left,1,stop,0.0,,0.0,0,0,1
19.782,786.0,1075.0,584.0,1450.0,-1.0483,-0.7811,-1.8471,-0.6404,-0.9147,,SAFE_STOP,移动避让持续未改善，停车等待,left,1,stop,0.0,,0.0,0,0,1
19.802,786.0,1076.0,585.0,1451.0,-1.0483,-0.7811,-1.8471,-0.6404,-0.9147,,SAFE_STOP,移动避让持续未改善，停车等待,left,1,stop,0.0,,0.0,0,0,1
19.822,787.0,1076.0,586.0,1452.0,-1.0483,-0.7768,-1.8471,-0.6404,-0.9126,,SAFE_STOP,移动避让持续未改善，停车等待,left,1,stop,0.0,,0.0,0,0,1
19.842,786.0,1075.0,584.0,1451.0,-1.0483,-0.7768,-1.8471,-0.6404,-0.9126,,SAFE_STOP,移动避让持续未改善，停车等待,left,1,stop,0.0,,0.0,0,0,1
19.862,786.0,1075.0,585.0,1451.0,-1.0483,-0.7811,-1.8471,-0.6404,-0.9147,,SAFE_STOP,移动避让持续未改善，停车等待,left,1,stop,0.0,,0.0,0,0,1
19.882,786.0,1076.0,585.0,1452.0,-1.0483,-0.7811,-1.8471,-0.6404,-0.9147,,SAFE_STOP,移动避让持续未改善，停车等待,left,1,stop,0.0,,0.0,0,0,1
19.902,787.0,1076.0,585.0,1451.0,-1.0483,-0.7768,-1.8471,-0.6404,-0.9126,,SAFE_STOP,移动避让持续未改善，停车等待,left,1,stop,0.0,,0.0,0,0,1
19.922,787.0,1076.0,585.0,1451.0,-1.044,-0.7768,-1.8471,-0.6404,-0.9104,,SAFE_STOP,移动避让持续未改善，停车等待,left,1,stop,0.0,,0.0,0,0,1
19.943,786.0,1076.0,585.0,1452.0,-1.044,-0.7768,-1.8471,-0.6404,-0.9104,,SAFE_STOP,移动避让持续未改善，停车等待,left,1,stop,0.0,,0.0,0,0,1
19.963,785.0,1074.0,585.0,1450.0,-1.0483,-0.7768,-1.8471,-0.6404,-0.9126,,SAFE_STOP,移动避让持续未改善，停车等待,left,1,stop,0.0,,0.0,0,0,1
19.983,786.0,1075.0,584.0,1450.0,-1.0483,-0.7811,-1.8471,-0.6442,-0.9147,,SAFE_STOP,移动避让持续未改善，停车等待,left,1,stop,0.0,,0.0,0,0,1
20.003,786.0,1075.0,584.0,1450.0,-1.0483,-0.7811,-1.8551,-0.6442,-0.9147,,SAFE_STOP,移动避让持续未改善，停车等待,left,1,stop,0.0,,0.0,0,0,1
20.023,786.0,1074.0,585.0,1452.0,-1.0483,-0.7811,-1.8551,-0.6442,-0.9147,,SAFE_STOP,移动避让持续未改善，停车等待,left,1,stop,0.0,,0.0,0,0,1
20.043,786.0,1075.0,584.0,1450.0,-1.0483,-0.7811,-1.8551,-0.6442,-0.9147,,SAFE_STOP,移动避让持续未改善，停车等待,left,1,stop,0.0,,0.0,0,0,1
20.063,786.0,1074.0,584.0,1450.0,-1.0483,-0.7854,-1.8551,-0.6442,-0.9168,,SAFE_STOP,移动避让持续未改善，停车等待,left,1,stop,0.0,,0.0,0,0,1
20.083,786.0,1075.0,585.0,1452.0,-1.0483,-0.7811,-1.8551,-0.6442,-0.9147,,SAFE_STOP,移动避让持续未改善，停车等待,left,1,stop,0.0,,0.0,0,0,1
20.104,787.0,1076.0,584.0,1452.0,-1.0483,-0.7811,-1.8551,-0.6367,-0.9147,,SAFE_STOP,移动避让持续未改善，停车等待,left,1,stop,0.0,,0.0,0,0,1
20.124,787.0,1076.0,585.0,1452.0,-1.044,-0.7768,-1.8471,-0.6367,-0.9104,,SAFE_STOP,移动避让持续未改善，停车等待,left,1,stop,0.0,,0.0,0,0,1
20.144,786.0,1073.0,585.0,1451.0,-1.044,-0.7768,-1.8471,-0.6367,-0.9104,,SAFE_STOP,移动避让持续未改善，停车等待,left,1,stop,0.0,,0.0,0,0,1
20.164,785.0,1073.0,584.0,1449.0,-1.0483,-0.7897,-1.8471,-0.6404,-0.919,,SAFE_STOP,移动避让持续未改善，停车等待,left,1,stop,0.0,,0.0,0,0,1
20.184,784.0,1073.0,584.0,1449.0,-1.0525,-0.7897,-1.8551,-0.6479,-0.9211,,SAFE_STOP,移动避让持续未改善，停车等待,left,1,stop,0.0,,0.0,0,0,1
20.204,785.0,1073.0,584.0,1449.0,-1.0525,-0.7897,-1.8551,-0.6479,-0.9211,,SAFE_STOP,移动避让持续未改善，停车等待,left,1,stop,0.0,,0.0,0,0,1
20.224,786.0,1076.0,585.0,1451.0,-1.0525,-0.7897,-1.8551,-0.6479,-0.9211,,SAFE_STOP,移动避让持续未改善，停车等待,left,1,stop,0.0,,0.0,0,0,1
20.244,786.0,1075.0,584.0,1451.0,-1.0483,-0.7811,-1.8551,-0.6404,-0.9147,,SAFE_STOP,移动避让持续未改善，停车等待,left,1,stop,0.0,,0.0,0,0,1
20.264,786.0,1075.0,585.0,1451.0,-1.0483,-0.7811,-1.8471,-0.6404,-0.9147,,SAFE_STOP,移动避让持续未改善，停车等待,left,1,stop,0.0,,0.0,0,0,1
20.285,785.0,1074.0,584.0,1450.0,-1.0483,-0.7811,-1.8551,-0.6404,-0.9147,,SAFE_STOP,移动避让持续未改善，停车等待,left,1,stop,0.0,,0.0,0,0,1
20.305,786.0,1075.0,585.0,1451.0,-1.0483,-0.7811,-1.8471,-0.6404,-0.9147,,SAFE_STOP,移动避让持续未改善，停车等待,left,1,stop,0.0,,0.0,0,0,1
20.325,786.0,1075.0,585.0,1451.0,-1.0483,-0.7811,-1.8471,-0.6404,-0.9147,,SAFE_STOP,移动避让持续未改善，停车等待,left,1,stop,0.0,,0.0,0,0,1
20.345,786.0,1075.0,584.0,1451.0,-1.0483,-0.7811,-1.8471,-0.6404,-0.9147,,SAFE_STOP,移动避让持续未改善，停车等待,left,1,stop,0.0,,0.0,0,0,1
20.365,786.0,1075.0,586.0,1451.0,-1.0483,-0.7811,-1.8471,-0.6404,-0.9147,,SAFE_STOP,移动避让持续未改善，停车等待,left,1,stop,0.0,,0.0,0,0,1
20.385,786.0,1074.0,584.0,1451.0,-1.0483,-0.7811,-1.8551,-0.6404,-0.9147,,SAFE_STOP,移动避让持续未改善，停车等待,left,1,stop,0.0,,0.0,0,0,1
20.405,785.0,1072.0,583.0,1448.0,-1.0483,-0.7854,-1.8551,-0.6404,-0.9168,,SAFE_STOP,移动避让持续未改善，停车等待,left,1,stop,0.0,,0.0,0,0,1
20.425,785.0,1074.0,584.0,1450.0,-1.0525,-0.7854,-1.8551,-0.6442,-0.919,,SAFE_STOP,移动避让持续未改善，停车等待,left,1,stop,0.0,,0.0,0,0,1
20.445,787.0,1074.0,584.0,1451.0,-1.0525,-0.7854,-1.8551,-0.6442,-0.919,,SAFE_STOP,移动避让持续未改善，停车等待,left,1,stop,0.0,,0.0,0,0,1
20.466,786.0,1075.0,584.0,1450.0,-1.0483,-0.7854,-1.8551,-0.6442,-0.9168,,SAFE_STOP,移动避让持续未改善，停车等待,left,1,stop,0.0,,0.0,0,0,1
20.486,784.0,1071.0,584.0,1447.0,-1.0483,-0.7854,-1.8551,-0.6442,-0.9168,,SAFE_STOP,移动避让持续未改善，停车等待,left,1,stop,0.0,,0.0,0,0,1
20.506,785.0,1074.0,585.0,1450.0,-1.0525,-0.7854,-1.8551,-0.6442,-0.919,,SAFE_STOP,移动避让持续未改善，停车等待,left,1,stop,0.0,,0.0,0,0,1
20.526,785.0,1075.0,585.0,1452.0,-1.0525,-0.7854,-1.8471,-0.6442,-0.919,,SAFE_STOP,移动避让持续未改善，停车等待,left,1,stop,0.0,,0.0,0,0,1
20.546,785.0,1074.0,584.0,1450.0,-1.0525,-0.7854,-1.8471,-0.6442,-0.919,,SAFE_STOP,移动避让持续未改善，停车等待,left,1,stop,0.0,,0.0,0,0,1
20.566,786.0,1075.0,584.0,1452.0,-1.0525,-0.7811,-1.8551,-0.6367,-0.9168,,SAFE_STOP,移动避让持续未改善，停车等待,left,1,stop,0.0,,0.0,0,0,1
20.586,787.0,1075.0,585.0,1451.0,-1.0483,-0.7811,-1.8551,-0.6404,-0.9147,,SAFE_STOP,移动避让持续未改善，停车等待,left,1,stop,0.0,,0.0,0,0,1
20.606,786.0,1076.0,584.0,1450.0,-1.0483,-0.7811,-1.8551,-0.6404,-0.9147,,SAFE_STOP,移动避让持续未改善，停车等待,left,1,stop,0.0,,0.0,0,0,1
20.626,787.0,1076.0,585.0,1452.0,-1.044,-0.7768,-1.8471,-0.6404,-0.9104,,SAFE_STOP,移动避让持续未改善，停车等待,left,1,stop,0.0,,0.0,0,0,1
20.647,785.0,1074.0,584.0,1451.0,-1.0483,-0.7768,-1.8551,-0.6404,-0.9126,,SAFE_STOP,移动避让持续未改善，停车等待,left,1,stop,0.0,,0.0,0,0,1
20.667,787.0,1076.0,585.0,1452.0,-1.044,-0.7768,-1.8471,-0.6367,-0.9104,,SAFE_STOP,移动避让持续未改善，停车等待,left,1,stop,0.0,,0.0,0,0,1
20.687,786.0,1076.0,584.0,1452.0,-1.0483,-0.7768,-1.8551,-0.6367,-0.9126,,SAFE_STOP,移动避让持续未改善，停车等待,left,1,stop,0.0,,0.0,0,0,1
20.707,785.0,1074.0,584.0,1449.0,-1.0483,-0.7768,-1.8551,-0.6367,-0.9126,,SAFE_STOP,移动避让持续未改善，停车等待,left,1,stop,0.0,,0.0,0,0,1
20.727,785.0,1074.0,584.0,1449.0,-1.0525,-0.7854,-1.8551,-0.6479,-0.919,,SAFE_STOP,移动避让持续未改善，停车等待,left,1,stop,0.0,,0.0,0,0,1
20.747,785.0,1074.0,584.0,1449.0,-1.0525,-0.7854,-1.8551,-0.6479,-0.919,,SAFE_STOP,移动避让持续未改善，停车等待,left,1,stop,0.0,,0.0,0,0,1
20.767,786.0,1073.0,584.0,1449.0,-1.0525,-0.7854,-1.8551,-0.6479,-0.919,,SAFE_STOP,移动避让持续未改善，停车等待,left,1,stop,0.0,,0.0,0,0,1
20.787,786.0,1076.0,584.0,1451.0,-1.0483,-0.7854,-1.8551,-0.6479,-0.9168,,SAFE_STOP,移动避让持续未改善，停车等待,left,1,stop,0.0,,0.0,0,0,1
20.808,785.0,1074.0,584.0,1449.0,-1.0483,-0.7854,-1.8551,-0.6479,-0.9168,,SAFE_STOP,移动避让持续未改善，停车等待,left,1,stop,0.0,,0.0,0,0,1
20.828,786.0,1074.0,584.0,1451.0,-1.0483,-0.7854,-1.8551,-0.6404,-0.9168,,SAFE_STOP,移动避让持续未改善，停车等待,left,1,stop,0.0,,0.0,0,0,1
20.848,785.0,1074.0,585.0,1451.0,-1.0525,-0.7854,-1.8551,-0.6404,-0.919,,SAFE_STOP,移动避让持续未改善，停车等待,left,1,stop,0.0,,0.0,0,0,1
20.868,786.0,1075.0,585.0,1450.0,-1.0483,-0.7854,-1.8471,-0.6404,-0.9168,,SAFE_STOP,移动避让持续未改善，停车等待,left,1,stop,0.0,,0.0,0,0,1
20.888,787.0,1075.0,585.0,1452.0,-1.0483,-0.7811,-1.8471,-0.6404,-0.9147,,SAFE_STOP,移动避让持续未改善，停车等待,left,1,stop,0.0,,0.0,0,0,1
20.908,786.0,1075.0,584.0,1451.0,-1.0483,-0.7811,-1.8471,-0.6404,-0.9147,,SAFE_STOP,移动避让持续未改善，停车等待,left,1,stop,0.0,,0.0,0,0,1
20.928,786.0,1075.0,584.0,1450.0,-1.0483,-0.7811,-1.8551,-0.6404,-0.9147,,SAFE_STOP,移动避让持续未改善，停车等待,left,1,stop,0.0,,0.0,0,0,1
20.948,787.0,1075.0,585.0,1452.0,-1.0483,-0.7811,-1.8551,-0.6404,-0.9147,,SAFE_STOP,移动避让持续未改善，停车等待,left,1,stop,0.0,,0.0,0,0,1
20.969,786.0,1075.0,584.0,1450.0,-1.0483,-0.7811,-1.8551,-0.6442,-0.9147,,SAFE_STOP,移动避让持续未改善，停车等待,left,1,stop,0.0,,0.0,0,0,1
20.989,785.0,1074.0,583.0,1449.0,-1.0483,-0.7811,-1.8551,-0.6442,-0.9147,,SAFE_STOP,移动避让持续未改善，停车等待,left,1,stop,0.0,,0.0,0,0,1
21.009,786.0,1074.0,584.0,1450.0,-1.0483,-0.7854,-1.8551,-0.6442,-0.9168,,SAFE_STOP,移动避让持续未改善，停车等待,left,1,stop,0.0,,0.0,0,0,1
21.029,787.0,1076.0,585.0,1451.0,-1.0483,-0.7854,-1.8551,-0.6442,-0.9168,,SAFE_STOP,移动避让持续未改善，停车等待,left,1,stop,0.0,,0.0,0,0,1
21.049,787.0,1076.0,584.0,1452.0,-1.044,-0.7768,-1.8551,-0.6404,-0.9104,,SAFE_STOP,移动避让持续未改善，停车等待,left,1,stop,0.0,,0.0,0,0,1
21.069,787.0,1077.0,585.0,1452.0,-1.044,-0.7768,-1.8471,-0.6367,-0.9104,,SAFE_STOP,移动避让持续未改善，停车等待,left,1,stop,0.0,,0.0,0,0,1
21.089,786.0,1075.0,585.0,1451.0,-1.044,-0.7768,-1.8471,-0.6367,-0.9104,,SAFE_STOP,移动避让持续未改善，停车等待,left,1,stop,0.0,,0.0,0,0,1
21.109,786.0,1076.0,584.0,1451.0,-1.0483,-0.7768,-1.8471,-0.6404,-0.9126,,SAFE_STOP,移动避让持续未改善，停车等待,left,1,stop,0.0,,0.0,0,0,1
21.13,785.0,1074.0,583.0,1448.0,-1.0483,-0.7811,-1.8551,-0.6404,-0.9147,,SAFE_STOP,移动避让持续未改善，停车等待,left,1,stop,0.0,,0.0,0,0,1
21.15,785.0,1074.0,584.0,1449.0,-1.0525,-0.7854,-1.8551,-0.6479,-0.919,,SAFE_STOP,移动避让持续未改善，停车等待,left,1,stop,0.0,,0.0,0,0,1
21.17,785.0,1074.0,584.0,1449.0,-1.0525,-0.7854,-1.8551,-0.6479,-0.919,,SAFE_STOP,移动避让持续未改善，停车等待,left,1,stop,0.0,,0.0,0,0,1
21.19,786.0,1075.0,585.0,1450.0,-1.0525,-0.7854,-1.8551,-0.6479,-0.919,,SAFE_STOP,移动避让持续未改善，停车等待,left,1,stop,0.0,,0.0,0,0,1
21.211,786.0,1074.0,584.0,1450.0,-1.0483,-0.7854,-1.8551,-0.6442,-0.9168,,SAFE_STOP,移动避让持续未改善，停车等待,left,1,stop,0.0,,0.0,0,0,1
21.231,785.0,1074.0,584.0,1450.0,-1.0483,-0.7854,-1.8551,-0.6442,-0.9168,,SAFE_STOP,移动避让持续未改善，停车等待,left,1,stop,0.0,,0.0,0,0,1
21.251,785.0,1074.0,584.0,1450.0,-1.0525,-0.7854,-1.8551,-0.6442,-0.919,,SAFE_STOP,移动避让持续未改善，停车等待,left,1,stop,0.0,,0.0,0,0,1
21.271,786.0,1075.0,584.0,1450.0,-1.0525,-0.7854,-1.8551,-0.6442,-0.919,,SAFE_STOP,移动避让持续未改善，停车等待,left,1,stop,0.0,,0.0,0,0,1
21.291,786.0,1075.0,585.0,1451.0,-1.0483,-0.7811,-1.8551,-0.6442,-0.9147,,SAFE_STOP,移动避让持续未改善，停车等待,left,1,stop,0.0,,0.0,0,0,1
21.311,784.0,1073.0,583.0,1446.0,-1.0483,-0.7811,-1.8551,-0.6442,-0.9147,,SAFE_STOP,移动避让持续未改善，停车等待,left,1,stop,0.0,,0.0,0,0,1
21.331,786.0,1075.0,585.0,1450.0,-1.0483,-0.7811,-1.8471,-0.6442,-0.9147,,SAFE_STOP,移动避让持续未改善，停车等待,left,1,stop,0.0,,0.0,0,0,1
21.352,786.0,1075.0,585.0,1452.0,-1.0483,-0.7811,-1.8471,-0.6442,-0.9147,,SAFE_STOP,移动避让持续未改善，停车等待,left,1,stop,0.0,,0.0,0,0,1
21.372,786.0,1075.0,584.0,1452.0,-1.0483,-0.7811,-1.8471,-0.6367,-0.9147,,SAFE_STOP,移动避让持续未改善，停车等待,left,1,stop,0.0,,0.0,0,0,1
21.392,786.0,1074.0,584.0,1450.0,-1.0483,-0.7811,-1.8551,-0.6367,-0.9147,,SAFE_STOP,移动避让持续未改善，停车等待,left,1,stop,0.0,,0.0,0,0,1
21.412,786.0,1076.0,585.0,1451.0,-1.0483,-0.7811,-1.8551,-0.6404,-0.9147,,SAFE_STOP,移动避让持续未改善，停车等待,left,1,stop,0.0,,0.0,0,0,1
21.432,786.0,1075.0,585.0,1451.0,-1.0483,-0.7811,-1.8471,-0.6404,-0.9147,,SAFE_STOP,移动避让持续未改善，停车等待,left,1,stop,0.0,,0.0,0,0,1
21.452,785.0,1072.0,583.0,1449.0,-1.0483,-0.7811,-1.8471,-0.6404,-0.9147,,SAFE_STOP,移动避让持续未改善，停车等待,left,1,stop,0.0,,0.0,0,0,1
21.472,785.0,1072.0,583.0,1448.0,-1.0525,-0.794,-1.8631,-0.6479,-0.9233,,SAFE_STOP,移动避让持续未改善，停车等待,left,1,stop,0.0,,0.0,0,0,1
21.492,785.0,1074.0,584.0,1449.0,-1.0525,-0.794,-1.8631,-0.6479,-0.9233,,SAFE_STOP,移动避让持续未改善，停车等待,left,1,stop,0.0,,0.0,0,0,1
21.513,784.0,1072.0,583.0,1447.0,-1.0525,-0.794,-1.8631,-0.6517,-0.9233,,SAFE_STOP,移动避让持续未改善，停车等待,left,1,stop,0.0,,0.0,0,0,1
21.533,785.0,1073.0,583.0,1449.0,-1.0525,-0.7897,-1.8631,-0.6479,-0.9211,,SAFE_STOP,移动避让持续未改善，停车等待,left,1,stop,0.0,,0.0,0,0,1
21.553,785.0,1074.0,583.0,1448.0,-1.0525,-0.7897,-1.8631,-0.6517,-0.9211,,SAFE_STOP,移动避让持续未改善，停车等待,left,1,stop,0.0,,0.0,0,0,1
21.573,784.0,1072.0,583.0,1448.0,-1.0525,-0.7897,-1.8631,-0.6517,-0.9211,,SAFE_STOP,移动避让持续未改善，停车等待,left,1,stop,0.0,,0.0,0,0,1
21.593,784.0,1072.0,583.0,1448.0,-1.0568,-0.794,-1.8631,-0.6517,-0.9254,,SAFE_STOP,移动避让持续未改善，停车等待,left,1,stop,0.0,,0.0,0,0,1
21.613,784.0,1072.0,583.0,1449.0,-1.0568,-0.794,-1.8631,-0.6517,-0.9254,,SAFE_STOP,移动避让持续未改善，停车等待,left,1,stop,0.0,,0.0,0,0,1
21.633,783.0,1071.0,583.0,1447.0,-1.0568,-0.794,-1.8631,-0.6517,-0.9254,,SAFE_STOP,移动避让持续未改善，停车等待,left,1,stop,0.0,,0.0,0,0,1
21.654,785.0,1073.0,583.0,1449.0,-1.0568,-0.794,-1.8631,-0.6479,-0.9254,,SAFE_STOP,移动避让持续未改善，停车等待,left,1,stop,0.0,,0.0,0,0,1
21.674,784.0,1072.0,583.0,1448.0,-1.0568,-0.794,-1.8631,-0.6517,-0.9254,,SAFE_STOP,移动避让持续未改善，停车等待,left,1,stop,0.0,,0.0,0,0,1
21.694,784.0,1073.0,583.0,1448.0,-1.0568,-0.7897,-1.8631,-0.6517,-0.9232,,SAFE_STOP,移动避让持续未改善，停车等待,left,1,stop,0.0,,0.0,0,0,1
21.714,785.0,1074.0,583.0,1449.0,-1.0568,-0.7897,-1.8631,-0.6517,-0.9232,,SAFE_STOP,移动避让持续未改善，停车等待,left,1,stop,0.0,,0.0,0,0,1
21.734,785.0,1073.0,583.0,1449.0,-1.0525,-0.7897,-1.8631,-0.6479,-0.9211,,SAFE_STOP,移动避让持续未改善，停车等待,left,1,stop,0.0,,0.0,0,0,1
21.754,784.0,1073.0,582.0,1448.0,-1.0525,-0.7897,-1.8631,-0.6479,-0.9211,,SAFE_STOP,移动避让持续未改善，停车等待,left,1,stop,0.0,,0.0,0,0,1
21.774,784.0,1072.0,583.0,1447.0,-1.0568,-0.7897,-1.8631,-0.6517,-0.9232,,SAFE_STOP,移动避让持续未改善，停车等待,left,1,stop,0.0,,0.0,0,0,1
21.794,784.0,1072.0,583.0,1448.0,-1.0568,-0.794,-1.8631,-0.6517,-0.9254,,SAFE_STOP,移动避让持续未改善，停车等待,left,1,stop,0.0,,0.0,0,0,1
21.814,784.0,1072.0,583.0,1448.0,-1.0568,-0.794,-1.8631,-0.6517,-0.9254,,SAFE_STOP,移动避让持续未改善，停车等待,left,1,stop,0.0,,0.0,0,0,1
21.835,784.0,1073.0,582.0,1446.0,-1.0568,-0.794,-1.8631,-0.6517,-0.9254,,SAFE_STOP,移动避让持续未改善，停车等待,left,1,stop,0.0,,0.0,0,0,1
21.855,784.0,1073.0,584.0,1449.0,-1.0568,-0.7897,-1.8631,-0.6517,-0.9232,,SAFE_STOP,移动避让持续未改善，停车等待,left,1,stop,0.0,,0.0,0,0,1
21.875,784.0,1073.0,583.0,1448.0,-1.0568,-0.7897,-1.8631,-0.6517,-0.9232,,SAFE_STOP,移动避让持续未改善，停车等待,left,1,stop,0.0,,0.0,0,0,1
21.895,785.0,1073.0,583.0,1448.0,-1.0568,-0.7897,-1.8631,-0.6517,-0.9232,,SAFE_STOP,移动避让持续未改善，停车等待,left,1,stop,0.0,,0.0,0,0,1
21.915,785.0,1073.0,583.0,1449.0,-1.0525,-0.7897,-1.8631,-0.6517,-0.9211,,SAFE_STOP,移动避让持续未改善，停车等待,left,1,stop,0.0,,0.0,0,0,1
21.935,784.0,1071.0,583.0,1447.0,-1.0525,-0.7897,-1.8631,-0.6517,-0.9211,,SAFE_STOP,移动避让持续未改善，停车等待,left,1,stop,0.0,,0.0,0,0,1
21.955,784.0,1072.0,583.0,1447.0,-1.0568,-0.794,-1.8631,-0.6554,-0.9254,,SAFE_STOP,移动避让持续未改善，停车等待,left,1,stop,0.0,,0.0,0,0,1
21.975,784.0,1073.0,584.0,1449.0,-1.0568,-0.794,-1.8631,-0.6554,-0.9254,,SAFE_STOP,移动避让持续未改善，停车等待,left,1,stop,0.0,,0.0,0,0,1
21.996,784.0,1073.0,584.0,1449.0,-1.0568,-0.7897,-1.8551,-0.6479,-0.9232,,SAFE_STOP,移动避让持续未改善，停车等待,left,1,stop,0.0,,0.0,0,0,1
22.016,785.0,1072.0,583.0,1448.0,-1.0568,-0.7897,-1.8551,-0.6479,-0.9232,,SAFE_STOP,移动避让持续未改善，停车等待,left,1,stop,0.0,,0.0,0,0,1
22.036,784.0,1072.0,583.0,1447.0,-1.0568,-0.794,-1.8631,-0.6517,-0.9254,,SAFE_STOP,移动避让持续未改善，停车等待,left,1,stop,0.0,,0.0,0,0,1
22.056,785.0,1073.0,584.0,1449.0,-1.0525,-0.794,-1.8631,-0.6517,-0.9233,,SAFE_STOP,移动避让持续未改善，停车等待,left,1,stop,0.0,,0.0,0,0,1
22.076,784.0,1072.0,583.0,1448.0,-1.0568,-0.794,-1.8631,-0.6517,-0.9254,,SAFE_STOP,移动避让持续未改善，停车等待,left,1,stop,0.0,,0.0,0,0,1
22.096,784.0,1073.0,583.0,1447.0,-1.0568,-0.7897,-1.8631,-0.6517,-0.9232,,SAFE_STOP,移动避让持续未改善，停车等待,left,1,stop,0.0,,0.0,0,0,1
22.116,783.0,1070.0,582.0,1445.0,-1.0568,-0.794,-1.8631,-0.6554,-0.9254,,SAFE_STOP,移动避让持续未改善，停车等待,left,1,stop,0.0,,0.0,0,0,1
22.137,784.0,1072.0,583.0,1449.0,-1.0568,-0.794,-1.8631,-0.6554,-0.9254,,SAFE_STOP,移动避让持续未改善，停车等待,left,1,stop,0.0,,0.0,0,0,1
22.157,785.0,1073.0,583.0,1449.0,-1.0568,-0.794,-1.8631,-0.6479,-0.9254,,SAFE_STOP,移动避让持续未改善，停车等待,left,1,stop,0.0,,0.0,0,0,1
22.177,784.0,1072.0,583.0,1447.0,-1.0568,-0.794,-1.8631,-0.6479,-0.9254,,SAFE_STOP,移动避让持续未改善，停车等待,left,1,stop,0.0,,0.0,0,0,1
22.197,785.0,1073.0,583.0,1449.0,-1.0525,-0.7897,-1.8631,-0.6479,-0.9211,,SAFE_STOP,移动避让持续未改善，停车等待,left,1,stop,0.0,,0.0,0,0,1
22.217,785.0,1073.0,583.0,1449.0,-1.0525,-0.7897,-1.8631,-0.6479,-0.9211,,SAFE_STOP,移动避让持续未改善，停车等待,left,1,stop,0.0,,0.0,0,0,1
22.237,785.0,1072.0,584.0,1448.0,-1.0525,-0.7897,-1.8631,-0.6479,-0.9211,,SAFE_STOP,移动避让持续未改善，停车等待,left,1,stop,0.0,,0.0,0,0,1
22.257,784.0,1073.0,583.0,1449.0,-1.0525,-0.7897,-1.8631,-0.6479,-0.9211,,SAFE_STOP,移动避让持续未改善，停车等待,left,1,stop,0.0,,0.0,0,0,1
22.277,785.0,1072.0,583.0,1448.0,-1.0525,-0.794,-1.8631,-0.6517,-0.9233,,SAFE_STOP,移动避让持续未改善，停车等待,left,1,stop,0.0,,0.0,0,0,1
22.297,784.0,1072.0,582.0,1447.0,-1.0568,-0.794,-1.8631,-0.6517,-0.9254,,SAFE_STOP,移动避让持续未改善，停车等待,left,1,stop,0.0,,0.0,0,0,1
22.318,784.0,1070.0,582.0,1447.0,-1.0568,-0.794,-1.871,-0.6554,-0.9254,,SAFE_STOP,移动避让持续未改善，停车等待,left,1,stop,0.0,,0.0,0,0,1
22.338,784.0,1072.0,582.0,1448.0,-1.0568,-0.794,-1.871,-0.6554,-0.9254,,SAFE_STOP,移动避让持续未改善，停车等待,left,1,stop,0.0,,0.0,0,0,1
22.358,782.0,1070.0,581.0,1445.0,-1.0568,-0.8026,-1.871,-0.6554,-0.9297,,SAFE_STOP,移动避让持续未改善，停车等待,left,1,stop,0.0,,0.0,0,0,1
22.378,783.0,1069.0,581.0,1444.0,-1.061,-0.8026,-1.879,-0.6629,-0.9318,,SAFE_STOP,移动避让持续未改善，停车等待,left,1,stop,0.0,,0.0,0,0,1
22.398,783.0,1069.0,581.0,1444.0,-1.061,-0.8069,-1.879,-0.6667,-0.9339,,SAFE_STOP,移动避让持续未改善，停车等待,left,1,stop,0.0,,0.0,0,0,1
22.418,782.0,1069.0,581.0,1443.0,-1.061,-0.8069,-1.879,-0.6667,-0.9339,,SAFE_STOP,移动避让持续未改善，停车等待,left,1,stop,0.0,,0.0,0,0,1
22.438,781.0,1069.0,581.0,1444.0,-1.0652,-0.8069,-1.879,-0.6667,-0.936,,SAFE_STOP,移动避让持续未改善，停车等待,left,1,stop,0.0,,0.0,0,0,1
22.458,782.0,1069.0,581.0,1445.0,-1.0652,-0.8069,-1.879,-0.6667,-0.936,,SAFE_STOP,移动避让持续未改善，停车等待,left,1,stop,0.0,,0.0,0,0,1
22.479,780.0,1068.0,581.0,1444.0,-1.0695,-0.8069,-1.879,-0.6667,-0.9382,,SAFE_STOP,移动避让持续未改善，停车等待,left,1,stop,0.0,,0.0,0,0,1
22.499,782.0,1071.0,581.0,1446.0,-1.0652,-0.8069,-1.879,-0.6629,-0.936,,SAFE_STOP,移动避让持续未改善，停车等待,left,1,stop,0.0,,0.0,0,0,1
22.519,782.0,1070.0,581.0,1445.0,-1.0652,-0.8026,-1.879,-0.6629,-0.9339,,SAFE_STOP,移动避让持续未改善，停车等待,left,1,stop,0.0,,0.0,0,0,1
22.539,782.0,1069.0,581.0,1445.0,-1.0652,-0.8026,-1.879,-0.6629,-0.9339,,SAFE_STOP,移动避让持续未改善，停车等待,left,1,stop,0.0,,0.0,0,0,1
22.559,782.0,1069.0,581.0,1445.0,-1.0652,-0.8069,-1.879,-0.6629,-0.936,,SAFE_STOP,移动避让持续未改善，停车等待,left,1,stop,0.0,,0.0,0,0,1
22.579,782.0,1069.0,581.0,1444.0,-1.0652,-0.8069,-1.879,-0.6629,-0.936,,SAFE_STOP,移动避让持续未改善，停车等待,left,1,stop,0.0,,0.0,0,0,1
22.599,783.0,1069.0,581.0,1444.0,-1.0652,-0.8069,-1.879,-0.6667,-0.936,,SAFE_STOP,移动避让持续未改善，停车等待,left,1,stop,0.0,,0.0,0,0,1
22.619,782.0,1069.0,581.0,1445.0,-1.0652,-0.8069,-1.879,-0.6667,-0.936,,SAFE_STOP,移动避让持续未改善，停车等待,left,1,stop,0.0,,0.0,0,0,1
22.639,781.0,1068.0,580.0,1444.0,-1.0652,-0.8069,-1.879,-0.6667,-0.936,,SAFE_STOP,移动避让持续未改善，停车等待,left,1,stop,0.0,,0.0,0,0,1
22.659,782.0,1073.0,582.0,1445.0,-1.0652,-0.8069,-1.879,-0.6629,-0.936,,SAFE_STOP,移动避让持续未改善，停车等待,left,1,stop,0.0,,0.0,0,0,1
22.68,782.0,1069.0,580.0,1444.0,-1.0652,-0.8069,-1.8869,-0.6667,-0.936,,SAFE_STOP,移动避让持续未改善，停车等待,left,1,stop,0.0,,0.0,0,0,1
22.7,780.0,1067.0,580.0,1442.0,-1.0652,-0.8069,-1.8869,-0.6667,-0.936,,SAFE_STOP,移动避让持续未改善，停车等待,left,1,stop,0.0,,0.0,0,0,1
22.72,780.0,1066.0,579.0,1441.0,-1.0737,-0.8155,-1.8869,-0.6742,-0.9446,,SAFE_STOP,移动避让持续未改善，停车等待,left,1,stop,0.0,,0.0,0,0,1
22.74,782.0,1068.0,580.0,1444.0,-1.0737,-0.8155,-1.8869,-0.6742,-0.9446,,SAFE_STOP,移动避让持续未改善，停车等待,left,1,stop,0.0,,0.0,0,0,1
22.76,781.0,1068.0,580.0,1442.0,-1.0695,-0.8112,-1.8869,-0.6742,-0.9403,,SAFE_STOP,移动避让持续未改善，停车等待,left,1,stop,0.0,,0.0,0,0,1
22.78,781.0,1068.0,581.0,1444.0,-1.0695,-0.8112,-1.8869,-0.6667,-0.9403,,SAFE_STOP,移动避让持续未改善，停车等待,left,1,stop,0.0,,0.0,0,0,1
22.8,781.0,1067.0,580.0,1443.0,-1.0695,-0.8112,-1.8869,-0.6704,-0.9403,,SAFE_STOP,移动避让持续未改善，停车等待,left,1,stop,0.0,,0.0,0,0,1
22.82,782.0,1070.0,582.0,1445.0,-1.0695,-0.8112,-1.879,-0.6667,-0.9403,,SAFE_STOP,移动避让持续未改善，停车等待,left,1,stop,0.0,,0.0,0,0,1
22.84,783.0,1070.0,581.0,1444.0,-1.0652,-0.8026,-1.879,-0.6667,-0.9339,,SAFE_STOP,移动避让持续未改善，停车等待,left,1,stop,0.0,,0.0,0,0,1
22.861,783.0,1071.0,583.0,1447.0,-1.061,-0.8026,-1.871,-0.6629,-0.9318,,SAFE_STOP,移动避让持续未改善，停车等待,left,1,stop,0.0,,0.0,0,0,1
22.881,784.0,1073.0,583.0,1448.0,-1.061,-0.7983,-1.8631,-0.6554,-0.9296,,SAFE_STOP,移动避让持续未改善，停车等待,left,1,stop,0.0,,0.0,0,0,1
22.901,784.0,1071.0,582.0,1447.0,-1.0568,-0.7983,-1.8631,-0.6554,-0.9275,,SAFE_STOP,移动避让持续未改善，停车等待,left,1,stop,0.0,,0.0,0,0,1
22.921,784.0,1070.0,581.0,1447.0,-1.0568,-0.7983,-1.871,-0.6554,-0.9275,,SAFE_STOP,移动避让持续未改善，停车等待,left,1,stop,0.0,,0.0,0,0,1
22.941,784.0,1072.0,581.0,1448.0,-1.0568,-0.7983,-1.879,-0.6554,-0.9275,,SAFE_STOP,移动避让持续未改善，停车等待,left,1,stop,0.0,,0.0,0,0,1
22.961,784.0,1072.0,583.0,1447.0,-1.0568,-0.794,-1.879,-0.6554,-0.9254,,SAFE_STOP,移动避让持续未改善，停车等待,left,1,stop,0.0,,0.0,0,0,1
22.981,783.0,1072.0,583.0,1448.0,-1.0568,-0.794,-1.8631,-0.6517,-0.9254,,SAFE_STOP,移动避让持续未改善，停车等待,left,1,stop,0.0,,0.0,0,0,1
23.002,784.0,1072.0,583.0,1448.0,-1.0568,-0.794,-1.8631,-0.6517,-0.9254,,SAFE_STOP,移动避让持续未改善，停车等待,left,1,stop,0.0,,0.0,0,0,1
23.022,783.0,1072.0,583.0,1448.0,-1.061,-0.794,-1.8631,-0.6517,-0.9275,,SAFE_STOP,移动避让持续未改善，停车等待,left,1,stop,0.0,,0.0,0,0,1
23.042,784.0,1072.0,583.0,1448.0,-1.0568,-0.794,-1.8631,-0.6517,-0.9254,,SAFE_STOP,移动避让持续未改善，停车等待,left,1,stop,0.0,,0.0,0,0,1
23.062,784.0,1072.0,583.0,1448.0,-1.0568,-0.794,-1.8631,-0.6517,-0.9254,,SAFE_STOP,移动避让持续未改善，停车等待,left,1,stop,0.0,,0.0,0,0,1
23.082,784.0,1072.0,583.0,1448.0,-1.0568,-0.794,-1.8631,-0.6517,-0.9254,,SAFE_STOP,移动避让持续未改善，停车等待,left,1,stop,0.0,,0.0,0,0,1
23.102,784.0,1072.0,582.0,1448.0,-1.0568,-0.794,-1.8631,-0.6517,-0.9254,,SAFE_STOP,移动避让持续未改善，停车等待,left,1,stop,0.0,,0.0,0,0,1
23.122,784.0,1072.0,582.0,1447.0,-1.0568,-0.794,-1.871,-0.6517,-0.9254,,SAFE_STOP,移动避让持续未改善，停车等待,left,1,stop,0.0,,0.0,0,0,1
23.142,784.0,1072.0,583.0,1448.0,-1.0568,-0.794,-1.871,-0.6517,-0.9254,,SAFE_STOP,移动避让持续未改善，停车等待,left,1,stop,0.0,,0.0,0,0,1
23.162,783.0,1072.0,582.0,1447.0,-1.0568,-0.794,-1.871,-0.6554,-0.9254,,SAFE_STOP,移动避让持续未改善，停车等待,left,1,stop,0.0,,0.0,0,0,1
23.182,784.0,1072.0,583.0,1447.0,-1.0568,-0.794,-1.8631,-0.6554,-0.9254,,SAFE_STOP,移动避让持续未改善，停车等待,left,1,stop,0.0,,0.0,0,0,1
23.203,784.0,1072.0,582.0,1448.0,-1.0568,-0.794,-1.871,-0.6554,-0.9254,,SAFE_STOP,移动避让持续未改善，停车等待,left,1,stop,0.0,,0.0,0,0,1
23.223,785.0,1074.0,583.0,1448.0,-1.0568,-0.794,-1.8631,-0.6517,-0.9254,,SAFE_STOP,移动避让持续未改善，停车等待,left,1,stop,0.0,,0.0,0,0,1
23.243,784.0,1073.0,583.0,1449.0,-1.0568,-0.7897,-1.8631,-0.6517,-0.9232,,SAFE_STOP,移动避让持续未改善，停车等待,left,1,stop,0.0,,0.0,0,0,1
23.263,784.0,1072.0,582.0,1446.0,-1.0568,-0.7897,-1.8631,-0.6517,-0.9232,,SAFE_STOP,移动避让持续未改善，停车等待,left,1,stop,0.0,,0.0,0,0,1
23.283,784.0,1072.0,583.0,1448.0,-1.0568,-0.794,-1.8631,-0.6517,-0.9254,,SAFE_STOP,移动避让持续未改善，停车等待,left,1,stop,0.0,,0.0,0,0,1
23.303,786.0,1073.0,583.0,1448.0,-1.0568,-0.794,-1.8631,-0.6517,-0.9254,,SAFE_STOP,移动避让持续未改善，停车等待,left,1,stop,0.0,,0.0,0,0,1
23.323,784.0,1072.0,583.0,1448.0,-1.0568,-0.794,-1.8631,-0.6517,-0.9254,,SAFE_STOP,移动避让持续未改善，停车等待,left,1,stop,0.0,,0.0,0,0,1
23.343,784.0,1072.0,582.0,1447.0,-1.0568,-0.794,-1.8631,-0.6517,-0.9254,,SAFE_STOP,移动避让持续未改善，停车等待,left,1,stop,0.0,,0.0,0,0,1
23.363,783.0,1072.0,582.0,1447.0,-1.0568,-0.794,-1.871,-0.6554,-0.9254,,SAFE_STOP,移动避让持续未改善，停车等待,left,1,stop,0.0,,0.0,0,0,1
23.383,783.0,1071.0,582.0,1447.0,-1.061,-0.794,-1.871,-0.6554,-0.9275,,SAFE_STOP,移动避让持续未改善，停车等待,left,1,stop,0.0,,0.0,0,0,1
23.403,784.0,1073.0,582.0,1447.0,-1.061,-0.794,-1.871,-0.6554,-0.9275,,SAFE_STOP,移动避让持续未改善，停车等待,left,1,stop,0.0,,0.0,0,0,1
23.424,783.0,1071.0,582.0,1446.0,-1.061,-0.7983,-1.871,-0.6554,-0.9296,,SAFE_STOP,移动避让持续未改善，停车等待,left,1,stop,0.0,,0.0,0,0,1
23.444,784.0,1073.0,583.0,1447.0,-1.0568,-0.7897,-1.871,-0.6554,-0.9232,,SAFE_STOP,移动避让持续未改善，停车等待,left,1,stop,0.0,,0.0,0,0,1
23.464,784.0,1072.0,583.0,1448.0,-1.0568,-0.794,-1.8631,-0.6554,-0.9254,,SAFE_STOP,移动避让持续未改善，停车等待,left,1,stop,0.0,,0.0,0,0,1
23.484,784.0,1072.0,583.0,1448.0,-1.0568,-0.794,-1.8631,-0.6517,-0.9254,,SAFE_STOP,移动避让持续未改善，停车等待,left,1,stop,0.0,,0.0,0,0,1
23.504,784.0,1073.0,583.0,1448.0,-1.0568,-0.794,-1.8631,-0.6517,-0.9254,,SAFE_STOP,移动避让持续未改善，停车等待,left,1,stop,0.0,,0.0,0,0,1
23.524,784.0,1073.0,583.0,1448.0,-1.0568,-0.7897,-1.8631,-0.6517,-0.9232,,SAFE_STOP,移动避让持续未改善，停车等待,left,1,stop,0.0,,0.0,0,0,1
23.544,784.0,1073.0,584.0,1448.0,-1.0568,-0.7897,-1.8631,-0.6517,-0.9232,,SAFE_STOP,移动避让持续未改善，停车等待,left,1,stop,0.0,,0.0,0,0,1
23.564,785.0,1075.0,584.0,1450.0,-1.0568,-0.7897,-1.8551,-0.6517,-0.9232,,SAFE_STOP,移动避让持续未改善，停车等待,left,1,stop,0.0,,0.0,0,0,1
23.584,786.0,1075.0,584.0,1451.0,-1.0525,-0.7811,-1.8551,-0.6442,-0.9168,,SAFE_STOP,移动避让持续未改善，停车等待,left,1,stop,0.0,,0.0,0,0,1
23.604,786.0,1075.0,585.0,1451.0,-1.0483,-0.7811,-1.8551,-0.6404,-0.9147,,SAFE_STOP,移动避让持续未改善，停车等待,left,1,stop,0.0,,0.0,0,0,1
23.624,785.0,1073.0,585.0,1450.0,-1.0483,-0.7811,-1.8471,-0.6404,-0.9147,,SAFE_STOP,移动避让持续未改善，停车等待,left,1,stop,0.0,,0.0,0,0,1
23.644,786.0,1075.0,584.0,1450.0,-1.0483,-0.7811,-1.8471,-0.6442,-0.9147,,SAFE_STOP,移动避让持续未改善，停车等待,left,1,stop,0.0,,0.0,0,0,1
23.664,784.0,1073.0,583.0,1448.0,-1.0525,-0.7897,-1.8551,-0.6442,-0.9211,,SAFE_STOP,移动避让持续未改善，停车等待,left,1,stop,0.0,,0.0,0,0,1
23.685,786.0,1074.0,585.0,1451.0,-1.0483,-0.7854,-1.8551,-0.6442,-0.9168,,SAFE_STOP,移动避让持续未改善，停车等待,left,1,stop,0.0,,0.0,0,0,1
23.705,787.0,1074.0,584.0,1451.0,-1.0483,-0.7854,-1.8551,-0.6404,-0.9168,,SAFE_STOP,移动避让持续未改善，停车等待,left,1,stop,0.0,,0.0,0,0,1
23.725,785.0,1074.0,584.0,1449.0,-1.0483,-0.7854,-1.8551,-0.6404,-0.9168,,SAFE_STOP,移动避让持续未改善，停车等待,left,1,stop,0.0,,0.0,0,0,1
23.745,785.0,1074.0,584.0,1449.0,-1.0525,-0.7854,-1.8551,-0.6479,-0.919,,SAFE_STOP,移动避让持续未改善，停车等待,left,1,stop,0.0,,0.0,0,0,1
23.765,784.0,1073.0,584.0,1448.0,-1.0525,-0.7854,-1.8551,-0.6479,-0.919,,SAFE_STOP,移动避让持续未改善，停车等待,left,1,stop,0.0,,0.0,0,0,1
23.785,784.0,1072.0,582.0,1447.0,-1.0568,-0.7897,-1.8551,-0.6517,-0.9232,,SAFE_STOP,移动避让持续未改善，停车等待,left,1,stop,0.0,,0.0,0,0,1
23.806,786.0,1075.0,584.0,1450.0,-1.0568,-0.7897,-1.8551,-0.6517,-0.9232,,SAFE_STOP,移动避让持续未改善，停车等待,left,1,stop,0.0,,0.0,0,0,1
23.826,787.0,1075.0,585.0,1452.0,-1.0483,-0.7811,-1.8551,-0.6442,-0.9147,,SAFE_STOP,移动避让持续未改善，停车等待,left,1,stop,0.0,,0.0,0,0,1
23.846,787.0,1075.0,584.0,1451.0,-1.044,-0.7811,-1.8551,-0.6404,-0.9126,,SAFE_STOP,移动避让持续未改善，停车等待,left,1,stop,0.0,,0.0,0,0,1
23.866,787.0,1075.0,585.0,1452.0,-1.044,-0.7811,-1.8471,-0.6367,-0.9126,,SAFE_STOP,移动避让持续未改善，停车等待,left,1,stop,0.0,,0.0,0,0,1
23.886,786.0,1076.0,585.0,1450.0,-1.044,-0.7811,-1.8471,-0.6404,-0.9126,,SAFE_STOP,移动避让持续未改善，停车等待,left,1,stop,0.0,,0.0,0,0,1
23.906,787.0,1076.0,585.0,1452.0,-1.044,-0.7768,-1.8471,-0.6367,-0.9104,,SAFE_STOP,移动避让持续未改善，停车等待,left,1,stop,0.0,,0.0,0,0,1
23.926,787.0,1076.0,585.0,1451.0,-1.044,-0.7768,-1.8471,-0.6404,-0.9104,,SAFE_STOP,移动避让持续未改善，停车等待,left,1,stop,0.0,,0.0,0,0,1
23.946,786.0,1076.0,585.0,1451.0,-1.044,-0.7768,-1.8471,-0.6404,-0.9104,,SAFE_STOP,移动避让持续未改善，停车等待,left,1,stop,0.0,,0.0,0,0,1
23.966,786.0,1076.0,584.0,1451.0,-1.0483,-0.7768,-1.8471,-0.6404,-0.9126,,SAFE_STOP,移动避让持续未改善，停车等待,left,1,stop,0.0,,0.0,0,0,1
23.987,787.0,1076.0,585.0,1451.0,-1.0483,-0.7768,-1.8471,-0.6404,-0.9126,,SAFE_STOP,移动避让持续未改善，停车等待,left,1,stop,0.0,,0.0,0,0,1
24.007,785.0,1073.0,583.0,1448.0,-1.0483,-0.7768,-1.8551,-0.6404,-0.9126,,SAFE_STOP,移动避让持续未改善，停车等待,left,1,stop,0.0,,0.0,0,0,1
24.027,785.0,1073.0,583.0,1449.0,-1.0525,-0.7897,-1.8631,-0.6479,-0.9211,,SAFE_STOP,移动避让持续未改善，停车等待,left,1,stop,0.0,,0.0,0,0,1
24.047,786.0,1074.0,584.0,1451.0,-1.0525,-0.7897,-1.8631,-0.6479,-0.9211,,SAFE_STOP,移动避让持续未改善，停车等待,left,1,stop,0.0,,0.0,0,0,1
24.067,785.0,1073.0,583.0,1449.0,-1.0525,-0.7897,-1.8631,-0.6479,-0.9211,,SAFE_STOP,移动避让持续未改善，停车等待,left,1,stop,0.0,,0.0,0,0,1
24.087,783.0,1073.0,582.0,1448.0,-1.0525,-0.7897,-1.8631,-0.6479,-0.9211,,SAFE_STOP,移动避让持续未改善，停车等待,left,1,stop,0.0,,0.0,0,0,1
24.107,785.0,1072.0,583.0,1447.0,-1.0525,-0.7897,-1.8631,-0.6517,-0.9211,,SAFE_STOP,移动避让持续未改善，停车等待,left,1,stop,0.0,,0.0,0,0,1
24.127,785.0,1073.0,583.0,1450.0,-1.0525,-0.7897,-1.8631,-0.6517,-0.9211,,SAFE_STOP,移动避让持续未改善，停车等待,left,1,stop,0.0,,0.0,0,0,1
24.148,785.0,1073.0,583.0,1450.0,-1.0525,-0.7897,-1.8631,-0.6442,-0.9211,,SAFE_STOP,移动避让持续未改善，停车等待,left,1,stop,0.0,,0.0,0,0,1
24.168,785.0,1074.0,584.0,1450.0,-1.0525,-0.7897,-1.8631,-0.6442,-0.9211,,SAFE_STOP,移动避让持续未改善，停车等待,left,1,stop,0.0,,0.0,0,0,1
24.188,785.0,1073.0,584.0,1449.0,-1.0525,-0.7897,-1.8551,-0.6442,-0.9211,,SAFE_STOP,移动避让持续未改善，停车等待,left,1,stop,0.0,,0.0,0,0,1
24.208,786.0,1074.0,584.0,1450.0,-1.0525,-0.7854,-1.8551,-0.6442,-0.919,,SAFE_STOP,移动避让持续未改善，停车等待,left,1,stop,0.0,,0.0,0,0,1
24.228,785.0,1073.0,584.0,1450.0,-1.0525,-0.7897,-1.8551,-0.6442,-0.9211,,SAFE_STOP,移动避让持续未改善，停车等待,left,1,stop,0.0,,0.0,0,0,1
24.248,784.0,1072.0,583.0,1448.0,-1.0525,-0.7897,-1.8551,-0.6442,-0.9211,,SAFE_STOP,移动避让持续未改善，停车等待,left,1,stop,0.0,,0.0,0,0,1
24.268,786.0,1073.0,584.0,1449.0,-1.0525,-0.7897,-1.8551,-0.6479,-0.9211,,SAFE_STOP,移动避让持续未改善，停车等待,left,1,stop,0.0,,0.0,0,0,1
24.288,785.0,1073.0,584.0,1449.0,-1.0525,-0.7897,-1.8551,-0.6479,-0.9211,,SAFE_STOP,移动避让持续未改善，停车等待,left,1,stop,0.0,,0.0,0,0,1
24.309,785.0,1074.0,583.0,1449.0,-1.0525,-0.7897,-1.8551,-0.6479,-0.9211,,SAFE_STOP,移动避让持续未改善，停车等待,left,1,stop,0.0,,0.0,0,0,1
24.329,786.0,1073.0,584.0,1449.0,-1.0525,-0.7897,-1.8551,-0.6479,-0.9211,,SAFE_STOP,移动避让持续未改善，停车等待,left,1,stop,0.0,,0.0,0,0,1
24.349,785.0,1073.0,582.0,1448.0,-1.0525,-0.7897,-1.8631,-0.6479,-0.9211,,SAFE_STOP,移动避让持续未改善，停车等待,left,1,stop,0.0,,0.0,0,0,1
24.369,785.0,1074.0,584.0,1448.0,-1.0525,-0.7897,-1.8551,-0.6517,-0.9211,,SAFE_STOP,移动避让持续未改善，停车等待,left,1,stop,0.0,,0.0,0,0,1
24.389,785.0,1074.0,584.0,1448.0,-1.0525,-0.7854,-1.8551,-0.6517,-0.919,,SAFE_STOP,移动避让持续未改善，停车等待,left,1,stop,0.0,,0.0,0,0,1
24.409,786.0,1074.0,583.0,1449.0,-1.0525,-0.7854,-1.8551,-0.6517,-0.919,,SAFE_STOP,移动避让持续未改善，停车等待,left,1,stop,0.0,,0.0,0,0,1
24.429,784.0,1073.0,584.0,1449.0,-1.0525,-0.7854,-1.8551,-0.6479,-0.919,,SAFE_STOP,移动避让持续未改善，停车等待,left,1,stop,0.0,,0.0,0,0,1
24.45,785.0,1074.0,584.0,1449.0,-1.0525,-0.7854,-1.8551,-0.6479,-0.919,,SAFE_STOP,移动避让持续未改善，停车等待,left,1,stop,0.0,,0.0,0,0,1
24.47,785.0,1074.0,584.0,1450.0,-1.0525,-0.7854,-1.8551,-0.6479,-0.919,,SAFE_STOP,移动避让持续未改善，停车等待,left,1,stop,0.0,,0.0,0,0,1
24.49,784.0,1073.0,584.0,1449.0,-1.0525,-0.7854,-1.8551,-0.6479,-0.919,,SAFE_STOP,移动避让持续未改善，停车等待,left,1,stop,0.0,,0.0,0,0,1
24.51,784.0,1073.0,584.0,1449.0,-1.0568,-0.7897,-1.8551,-0.6479,-0.9232,,SAFE_STOP,移动避让持续未改善，停车等待,left,1,stop,0.0,,0.0,0,0,1
24.53,784.0,1073.0,583.0,1447.0,-1.0568,-0.7897,-1.8551,-0.6479,-0.9232,,SAFE_STOP,移动避让持续未改善，停车等待,left,1,stop,0.0,,0.0,0,0,1
24.55,785.0,1073.0,583.0,1449.0,-1.0568,-0.7897,-1.8631,-0.6479,-0.9232,,SAFE_STOP,移动避让持续未改善，停车等待,left,1,stop,0.0,,0.0,0,0,1
24.57,786.0,1074.0,584.0,1450.0,-1.0525,-0.7897,-1.8631,-0.6479,-0.9211,,SAFE_STOP,移动避让持续未改善，停车等待,left,1,stop,0.0,,0.0,0,0,1
24.591,785.0,1073.0,582.0,1447.0,-1.0525,-0.7897,-1.8631,-0.6479,-0.9211,,SAFE_STOP,移动避让持续未改善，停车等待,left,1,stop,0.0,,0.0,0,0,1
24.611,785.0,1073.0,584.0,1450.0,-1.0525,-0.7897,-1.8551,-0.6442,-0.9211,,SAFE_STOP,移动避让持续未改善，停车等待,left,1,stop,0.0,,0.0,0,0,1
24.631,786.0,1074.0,584.0,1450.0,-1.0525,-0.7897,-1.8551,-0.6442,-0.9211,,SAFE_STOP,移动避让持续未改善，停车等待,left,1,stop,0.0,,0.0,0,0,1
24.651,784.0,1074.0,583.0,1449.0,-1.0525,-0.7854,-1.8551,-0.6442,-0.919,,SAFE_STOP,移动避让持续未改善，停车等待,left,1,stop,0.0,,0.0,0,0,1
24.671,784.0,1073.0,584.0,1448.0,-1.0568,-0.7854,-1.8551,-0.6479,-0.9211,,SAFE_STOP,移动避让持续未改善，停车等待,left,1,stop,0.0,,0.0,0,0,1
24.691,784.0,1073.0,583.0,1448.0,-1.0568,-0.7897,-1.8631,-0.6517,-0.9232,,SAFE_STOP,移动避让持续未改善，停车等待,left,1,stop,0.0,,0.0,0,0,1
24.711,785.0,1074.0,584.0,1450.0,-1.0568,-0.7897,-1.8551,-0.6517,-0.9232,,SAFE_STOP,移动避让持续未改善，停车等待,left,1,stop,0.0,,0.0,0,0,1
24.731,785.0,1075.0,584.0,1450.0,-1.0525,-0.7854,-1.8551,-0.6442,-0.919,,SAFE_STOP,移动避让持续未改善，停车等待,left,1,stop,0.0,,0.0,0,0,1
24.751,785.0,1073.0,583.0,1448.0,-1.0525,-0.7854,-1.8551,-0.6442,-0.919,,SAFE_STOP,移动避让持续未改善，停车等待,left,1,stop,0.0,,0.0,0,0,1
24.771,784.0,1071.0,582.0,1445.0,-1.0525,-0.7897,-1.8631,-0.6517,-0.9211,,SAFE_STOP,移动避让持续未改善，停车等待,left,1,stop,0.0,,0.0,0,0,1
24.792,785.0,1073.0,584.0,1449.0,-1.0525,-0.7897,-1.8631,-0.6517,-0.9211,,SAFE_STOP,移动避让持续未改善，停车等待,left,1,stop,0.0,,0.0,0,0,1
24.812,786.0,1076.0,585.0,1452.0,-1.0525,-0.7897,-1.8551,-0.6479,-0.9211,,SAFE_STOP,移动避让持续未改善，停车等待,left,1,stop,0.0,,0.0,0,0,1
24.832,785.0,1074.0,584.0,1450.0,-1.0525,-0.7854,-1.8551,-0.6442,-0.919,,SAFE_STOP,移动避让持续未改善，停车等待,left,1,stop,0.0,,0.0,0,0,1
24.852,786.0,1075.0,584.0,1451.0,-1.0483,-0.7811,-1.8551,-0.6404,-0.9147,,SAFE_STOP,移动避让持续未改善，停车等待,left,1,stop,0.0,,0.0,0,0,1
24.872,787.0,1076.0,584.0,1452.0,-1.0483,-0.7811,-1.8551,-0.6404,-0.9147,,SAFE_STOP,移动避让持续未改善，停车等待,left,1,stop,0.0,,0.0,0,0,1
24.892,787.0,1077.0,585.0,1452.0,-1.044,-0.7768,-1.8551,-0.6367,-0.9104,,SAFE_STOP,移动避让持续未改善，停车等待,left,1,stop,0.0,,0.0,0,0,1
24.912,787.0,1077.0,585.0,1452.0,-1.044,-0.7725,-1.8471,-0.6367,-0.9083,,SAFE_STOP,移动避让持续未改善，停车等待,left,1,stop,0.0,,0.0,0,0,1
24.932,786.0,1076.0,584.0,1450.0,-1.044,-0.7725,-1.8471,-0.6367,-0.9083,,SAFE_STOP,移动避让持续未改善，停车等待,left,1,stop,0.0,,0.0,0,0,1
24.953,785.0,1074.0,584.0,1449.0,-1.0483,-0.7768,-1.8551,-0.6442,-0.9126,,SAFE_STOP,移动避让持续未改善，停车等待,left,1,stop,0.0,,0.0,0,0,1
24.973,786.0,1075.0,584.0,1451.0,-1.0483,-0.7811,-1.8551,-0.6442,-0.9147,,SAFE_STOP,移动避让持续未改善，停车等待,left,1,stop,0.0,,0.0,0,0,1
24.993,787.0,1076.0,585.0,1452.0,-1.0483,-0.7811,-1.8551,-0.6404,-0.9147,,SAFE_STOP,移动避让持续未改善，停车等待,left,1,stop,0.0,,0.0,0,0,1
25.013,786.0,1074.0,584.0,1449.0,-1.0483,-0.7811,-1.8551,-0.6404,-0.9147,,SAFE_STOP,移动避让持续未改善，停车等待,left,1,stop,0.0,,0.0,0,0,1
25.033,786.0,1075.0,584.0,1451.0,-1.0483,-0.7811,-1.8551,-0.6404,-0.9147,,SAFE_STOP,移动避让持续未改善，停车等待,left,1,stop,0.0,,0.0,0,0,1
25.053,787.0,1075.0,585.0,1452.0,-1.0483,-0.7811,-1.8551,-0.6404,-0.9147,,SAFE_STOP,移动避让持续未改善，停车等待,left,1,stop,0.0,,0.0,0,0,1
25.073,787.0,1076.0,585.0,1452.0,-1.044,-0.7811,-1.8471,-0.6367,-0.9126,,SAFE_STOP,移动避让持续未改善，停车等待,left,1,stop,0.0,,0.0,0,0,1
25.093,784.0,1074.0,585.0,1450.0,-1.044,-0.7811,-1.8471,-0.6367,-0.9126,,SAFE_STOP,移动避让持续未改善，停车等待,left,1,stop,0.0,,0.0,0,0,1
25.114,787.0,1076.0,584.0,1452.0,-1.044,-0.7768,-1.8471,-0.6367,-0.9104,,SAFE_STOP,移动避让持续未改善，停车等待,left,1,stop,0.0,,0.0,0,0,1
25.134,785.0,1074.0,584.0,1450.0,-1.0525,-0.7854,-1.8551,-0.6442,-0.919,,SAFE_STOP,移动避让持续未改善，停车等待,left,1,stop,0.0,,0.0,0,0,1
25.154,786.0,1076.0,585.0,1451.0,-1.0483,-0.7768,-1.8551,-0.6404,-0.9126,,SAFE_STOP,移动避让持续未改善，停车等待,left,1,stop,0.0,,0.0,0,0,1
25.174,786.0,1075.0,585.0,1451.0,-1.0483,-0.7811,-1.8471,-0.6404,-0.9147,,SAFE_STOP,移动避让持续未改善，停车等待,left,1,stop,0.0,,0.0,0,0,1
25.194,787.0,1075.0,584.0,1452.0,-1.0483,-0.7811,-1.8471,-0.6404,-0.9147,,SAFE_STOP,移动避让持续未改善，停车等待,left,1,stop,0.0,,0.0,0,0,1
25.214,786.0,1074.0,585.0,1452.0,-1.0483,-0.7811,-1.8471,-0.6367,-0.9147,,SAFE_STOP,移动避让持续未改善，停车等待,left,1,stop,0.0,,0.0,0,0,1
25.234,786.0,1074.0,584.0,1451.0,-1.0483,-0.7854,-1.8551,-0.6367,-0.9168,,SAFE_STOP,移动避让持续未改善，停车等待,left,1,stop,0.0,,0.0,0,0,1
25.255,787.0,1077.0,584.0,1452.0,-1.0483,-0.7854,-1.8551,-0.6367,-0.9168,,SAFE_STOP,移动避让持续未改善，停车等待,left,1,stop,0.0,,0.0,0,0,1
25.275,786.0,1075.0,584.0,1450.0,-1.0483,-0.7811,-1.8551,-0.6404,-0.9147,,SAFE_STOP,移动避让持续未改善，停车等待,left,1,stop,0.0,,0.0,0,0,1
25.295,786.0,1075.0,584.0,1450.0,-1.0483,-0.7811,-1.8551,-0.6442,-0.9147,,SAFE_STOP,移动避让持续未改善，停车等待,left,1,stop,0.0,,0.0,0,0,1
25.315,787.0,1075.0,585.0,1452.0,-1.0483,-0.7811,-1.8551,-0.6442,-0.9147,,SAFE_STOP,移动避让持续未改善，停车等待,left,1,stop,0.0,,0.0,0,0,1
25.335,784.0,1072.0,582.0,1448.0,-1.0483,-0.7811,-1.8551,-0.6442,-0.9147,,SAFE_STOP,移动避让持续未改善，停车等待,left,1,stop,0.0,,0.0,0,0,1
25.355,786.0,1074.0,584.0,1449.0,-1.0483,-0.7854,-1.8551,-0.6479,-0.9168,,SAFE_STOP,移动避让持续未改善，停车等待,left,1,stop,0.0,,0.0,0,0,1
25.375,784.0,1073.0,583.0,1447.0,-1.0568,-0.7897,-1.8631,-0.6517,-0.9232,,SAFE_STOP,移动避让持续未改善，停车等待,left,1,stop,0.0,,0.0,0,0,1
25.395,785.0,1072.0,582.0,1447.0,-1.0525,-0.7897,-1.8631,-0.6554,-0.9211,,SAFE_STOP,移动避让持续未改善，停车等待,left,1,stop,0.0,,0.0,0,0,1
25.416,784.0,1072.0,583.0,1448.0,-1.0568,-0.794,-1.8631,-0.6554,-0.9254,,SAFE_STOP,移动避让持续未改善，停车等待,left,1,stop,0.0,,0.0,0,0,1
25.436,782.0,1072.0,581.0,1445.0,-1.0568,-0.794,-1.871,-0.6554,-0.9254,,SAFE_STOP,移动避让持续未改善，停车等待,left,1,stop,0.0,,0.0,0,0,1
25.456,785.0,1074.0,584.0,1450.0,-1.0568,-0.794,-1.8631,-0.6517,-0.9254,,SAFE_STOP,移动避让持续未改善，停车等待,left,1,stop,0.0,,0.0,0,0,1
25.476,787.0,1076.0,585.0,1452.0,-1.0525,-0.7854,-1.8551,-0.6442,-0.919,,SAFE_STOP,移动避让持续未改善，停车等待,left,1,stop,0.0,,0.0,0,0,1
25.496,786.0,1076.0,585.0,1452.0,-1.0483,-0.7768,-1.8471,-0.6367,-0.9126,,SAFE_STOP,移动避让持续未改善，停车等待,left,1,stop,0.0,,0.0,0,0,1
25.516,785.0,1073.0,582.0,1448.0,-1.0483,-0.7768,-1.8471,-0.6367,-0.9126,,SAFE_STOP,移动避让持续未改善，停车等待,left,1,stop,0.0,,0.0,0,0,1
25.536,786.0,1074.0,585.0,1451.0,-1.0483,-0.7854,-1.8471,-0.6404,-0.9168,,SAFE_STOP,移动避让持续未改善，停车等待,left,1,stop,0.0,,0.0,0,0,1
25.556,784.0,1073.0,585.0,1449.0,-1.0525,-0.7897,-1.8471,-0.6479,-0.9211,,SAFE_STOP,移动避让持续未改善，停车等待,left,1,stop,0.0,,0.0,0,0,1
25.576,785.0,1074.0,584.0,1450.0,-1.0525,-0.7854,-1.8471,-0.6442,-0.919,,SAFE_STOP,移动避让持续未改善，停车等待,left,1,stop,0.0,,0.0,0,0,1
25.596,785.0,1074.0,584.0,1450.0,-1.0525,-0.7854,-1.8551,-0.6442,-0.919,,SAFE_STOP,移动避让持续未改善，停车等待,left,1,stop,0.0,,0.0,0,0,1
25.616,786.0,1075.0,585.0,1452.0,-1.0525,-0.7854,-1.8551,-0.6442,-0.919,,SAFE_STOP,移动避让持续未改善，停车等待,left,1,stop,0.0,,0.0,0,0,1
25.637,786.0,1074.0,585.0,1451.0,-1.0483,-0.7854,-1.8471,-0.6404,-0.9168,,SAFE_STOP,移动避让持续未改善，停车等待,left,1,stop,0.0,,0.0,0,0,1
25.657,784.0,1073.0,583.0,1447.0,-1.0483,-0.7854,-1.8471,-0.6404,-0.9168,,SAFE_STOP,移动避让持续未改善，停车等待,left,1,stop,0.0,,0.0,0,0,1
25.677,784.0,1073.0,584.0,1449.0,-1.0568,-0.7897,-1.8551,-0.6479,-0.9232,,SAFE_STOP,移动避让持续未改善，停车等待,left,1,stop,0.0,,0.0,0,0,1
25.697,784.0,1072.0,583.0,1449.0,-1.0568,-0.7897,-1.8631,-0.6479,-0.9232,,SAFE_STOP,移动避让持续未改善，停车等待,left,1,stop,0.0,,0.0,0,0,1
25.717,784.0,1074.0,582.0,1446.0,-1.0568,-0.7897,-1.8631,-0.6479,-0.9232,,SAFE_STOP,移动避让持续未改善，停车等待,left,1,stop,0.0,,0.0,0,0,1
25.737,785.0,1072.0,583.0,1448.0,-1.0568,-0.794,-1.8631,-0.6517,-0.9254,,SAFE_STOP,移动避让持续未改善，停车等待,left,1,stop,0.0,,0.0,0,0,1
25.757,786.0,1075.0,584.0,1450.0,-1.0525,-0.7854,-1.8631,-0.6517,-0.919,,SAFE_STOP,移动避让持续未改善，停车等待,left,1,stop,0.0,,0.0,0,0,1
25.777,785.0,1074.0,585.0,1450.0,-1.0525,-0.7854,-1.8551,-0.6442,-0.919,,SAFE_STOP,移动避让持续未改善，停车等待,left,1,stop,0.0,,0.0,0,0,1
25.797,786.0,1075.0,584.0,1451.0,-1.0483,-0.7811,-1.8551,-0.6442,-0.9147,,SAFE_STOP,移动避让持续未改善，停车等待,left,1,stop,0.0,,0.0,0,0,1
25.817,786.0,1075.0,584.0,1451.0,-1.0483,-0.7811,-1.8551,-0.6404,-0.9147,,SAFE_STOP,移动避让持续未改善，停车等待,left,1,stop,0.0,,0.0,0,0,1
25.837,786.0,1075.0,585.0,1451.0,-1.0483,-0.7811,-1.8551,-0.6404,-0.9147,,SAFE_STOP,移动避让持续未改善，停车等待,left,1,stop,0.0,,0.0,0,0,1
25.858,786.0,1075.0,585.0,1451.0,-1.0483,-0.7811,-1.8471,-0.6404,-0.9147,,SAFE_STOP,移动避让持续未改善，停车等待,left,1,stop,0.0,,0.0,0,0,1
25.878,786.0,1074.0,585.0,1452.0,-1.0483,-0.7811,-1.8471,-0.6404,-0.9147,,SAFE_STOP,移动避让持续未改善，停车等待,left,1,stop,0.0,,0.0,0,0,1
25.898,785.0,1073.0,584.0,1449.0,-1.0483,-0.7854,-1.8471,-0.6404,-0.9168,,SAFE_STOP,移动避让持续未改善，停车等待,left,1,stop,0.0,,0.0,0,0,1
25.918,785.0,1074.0,583.0,1447.0,-1.0525,-0.7854,-1.8551,-0.6479,-0.919,,SAFE_STOP,移动避让持续未改善，停车等待,left,1,stop,0.0,,0.0,0,0,1
25.938,786.0,1074.0,584.0,1451.0,-1.0525,-0.7854,-1.8551,-0.6479,-0.919,,SAFE_STOP,移动避让持续未改善，停车等待,left,1,stop,0.0,,0.0,0,0,1
25.958,785.0,1074.0,584.0,1450.0,-1.0525,-0.7854,-1.8551,-0.6442,-0.919,,SAFE_STOP,移动避让持续未改善，停车等待,left,1,stop,0.0,,0.0,0,0,1
25.978,788.0,1076.0,584.0,1451.0,-1.0483,-0.7854,-1.8551,-0.6404,-0.9168,,SAFE_STOP,移动避让持续未改善，停车等待,left,1,stop,0.0,,0.0,0,0,1
25.998,785.0,1072.0,583.0,1448.0,-1.0525,-0.7854,-1.8551,-0.6442,-0.919,,SAFE_STOP,移动避让持续未改善，停车等待,left,1,stop,0.0,,0.0,0,0,1
26.018,786.0,1074.0,585.0,1450.0,-1.0483,-0.7854,-1.8551,-0.6442,-0.9168,,SAFE_STOP,移动避让持续未改善，停车等待,left,1,stop,0.0,,0.0,0,0,1
26.038,786.0,1074.0,584.0,1450.0,-1.0483,-0.7854,-1.8551,-0.6442,-0.9168,,SAFE_STOP,移动避让持续未改善，停车等待,left,1,stop,0.0,,0.0,0,0,1
26.059,785.0,1074.0,584.0,1449.0,-1.0483,-0.7854,-1.8551,-0.6442,-0.9168,,SAFE_STOP,移动避让持续未改善，停车等待,left,1,stop,0.0,,0.0,0,0,1
26.079,785.0,1073.0,584.0,1450.0,-1.0525,-0.7854,-1.8551,-0.6442,-0.919,,SAFE_STOP,移动避让持续未改善，停车等待,left,1,stop,0.0,,0.0,0,0,1
26.099,785.0,1073.0,584.0,1448.0,-1.0525,-0.7897,-1.8551,-0.6479,-0.9211,,SAFE_STOP,移动避让持续未改善，停车等待,left,1,stop,0.0,,0.0,0,0,1
26.119,786.0,1076.0,585.0,1452.0,-1.0525,-0.7897,-1.8551,-0.6442,-0.9211,,SAFE_STOP,移动避让持续未改善，停车等待,left,1,stop,0.0,,0.0,0,0,1
26.139,786.0,1075.0,584.0,1450.0,-1.0483,-0.7811,-1.8551,-0.6442,-0.9147,,SAFE_STOP,移动避让持续未改善，停车等待,left,1,stop,0.0,,0.0,0,0,1
26.159,787.0,1076.0,585.0,1452.0,-1.0483,-0.7768,-1.8471,-0.6367,-0.9126,,SAFE_STOP,移动避让持续未改善，停车等待,left,1,stop,0.0,,0.0,0,0,1
26.179,786.0,1076.0,584.0,1451.0,-1.0483,-0.7768,-1.8551,-0.6404,-0.9126,,SAFE_STOP,移动避让持续未改善，停车等待,left,1,stop,0.0,,0.0,0,0,1
26.199,786.0,1075.0,584.0,1450.0,-1.0483,-0.7768,-1.8551,-0.6404,-0.9126,,SAFE_STOP,移动避让持续未改善，停车等待,left,1,stop,0.0,,0.0,0,0,1
26.22,786.0,1075.0,585.0,1451.0,-1.0483,-0.7811,-1.8551,-0.6404,-0.9147,,SAFE_STOP,移动避让持续未改善，停车等待,left,1,stop,0.0,,0.0,0,0,1
26.24,786.0,1075.0,585.0,1451.0,-1.0483,-0.7811,-1.8471,-0.6404,-0.9147,,SAFE_STOP,移动避让持续未改善，停车等待,left,1,stop,0.0,,0.0,0,0,1
26.26,784.0,1074.0,585.0,1449.0,-1.0483,-0.7811,-1.8471,-0.6404,-0.9147,,SAFE_STOP,移动避让持续未改善，停车等待,left,1,stop,0.0,,0.0,0,0,1
26.28,785.0,1074.0,585.0,1450.0,-1.0525,-0.7854,-1.8471,-0.6442,-0.919,,SAFE_STOP,移动避让持续未改善，停车等待,left,1,stop,0.0,,0.0,0,0,1
26.3,786.0,1074.0,584.0,1450.0,-1.0525,-0.7854,-1.8471,-0.6442,-0.919,,SAFE_STOP,移动避让持续未改善，停车等待,left,1,stop,0.0,,0.0,0,0,1
26.32,787.0,1075.0,585.0,1452.0,-1.0483,-0.7854,-1.8471,-0.6442,-0.9168,,SAFE_STOP,移动避让持续未改善，停车等待,left,1,stop,0.0,,0.0,0,0,1
26.34,787.0,1076.0,585.0,1452.0,-1.044,-0.7811,-1.8471,-0.6367,-0.9126,,SAFE_STOP,移动避让持续未改善，停车等待,left,1,stop,0.0,,0.0,0,0,1
26.36,785.0,1073.0,583.0,1448.0,-1.044,-0.7811,-1.8471,-0.6367,-0.9126,,SAFE_STOP,移动避让持续未改善，停车等待,left,1,stop,0.0,,0.0,0,0,1
26.38,785.0,1073.0,583.0,1448.0,-1.0525,-0.7897,-1.8631,-0.6517,-0.9211,,SAFE_STOP,移动避让持续未改善，停车等待,left,1,stop,0.0,,0.0,0,0,1
26.401,785.0,1074.0,582.0,1448.0,-1.0525,-0.7897,-1.8631,-0.6517,-0.9211,,SAFE_STOP,移动避让持续未改善，停车等待,left,1,stop,0.0,,0.0,0,0,1
26.421,785.0,1072.0,583.0,1448.0,-1.0525,-0.7897,-1.8631,-0.6517,-0.9211,,SAFE_STOP,移动避让持续未改善，停车等待,left,1,stop,0.0,,0.0,0,0,1
26.441,784.0,1073.0,584.0,1449.0,-1.0525,-0.7897,-1.8631,-0.6517,-0.9211,,SAFE_STOP,移动避让持续未改善，停车等待,left,1,stop,0.0,,0.0,0,0,1
26.461,784.0,1072.0,583.0,1447.0,-1.0568,-0.794,-1.8631,-0.6517,-0.9254,,SAFE_STOP,移动避让持续未改善，停车等待,left,1,stop,0.0,,0.0,0,0,1
26.481,785.0,1073.0,583.0,1448.0,-1.0568,-0.7897,-1.8631,-0.6517,-0.9232,,SAFE_STOP,移动避让持续未改善，停车等待,left,1,stop,0.0,,0.0,0,0,1
26.501,785.0,1073.0,583.0,1449.0,-1.0525,-0.7897,-1.8631,-0.6517,-0.9211,,SAFE_STOP,移动避让持续未改善，停车等待,left,1,stop,0.0,,0.0,0,0,1
26.521,784.0,1072.0,583.0,1448.0,-1.0525,-0.7897,-1.8631,-0.6517,-0.9211,,SAFE_STOP,移动避让持续未改善，停车等待,left,1,stop,0.0,,0.0,0,0,1
26.541,784.0,1073.0,582.0,1448.0,-1.0568,-0.7897,-1.8631,-0.6517,-0.9232,,SAFE_STOP,移动避让持续未改善，停车等待,left,1,stop,0.0,,0.0,0,0,1
26.561,785.0,1073.0,583.0,1449.0,-1.0568,-0.7897,-1.8631,-0.6517,-0.9232,,SAFE_STOP,移动避让持续未改善，停车等待,left,1,stop,0.0,,0.0,0,0,1
26.582,784.0,1072.0,583.0,1448.0,-1.0568,-0.7897,-1.8631,-0.6517,-0.9232,,SAFE_STOP,移动避让持续未改善，停车等待,left,1,stop,0.0,,0.0,0,0,1
26.602,785.0,1074.0,583.0,1449.0,-1.0525,-0.7897,-1.8631,-0.6479,-0.9211,,SAFE_STOP,移动避让持续未改善，停车等待,left,1,stop,0.0,,0.0,0,0,1
26.622,785.0,1072.0,583.0,1448.0,-1.0525,-0.794,-1.8631,-0.6517,-0.9233,,SAFE_STOP,移动避让持续未改善，停车等待,left,1,stop,0.0,,0.0,0,0,1
26.642,785.0,1073.0,583.0,1448.0,-1.0525,-0.7897,-1.8631,-0.6517,-0.9211,,SAFE_STOP,移动避让持续未改善，停车等待,left,1,stop,0.0,,0.0,0,0,1
26.662,784.0,1073.0,583.0,1448.0,-1.0525,-0.7897,-1.8631,-0.6517,-0.9211,,SAFE_STOP,移动避让持续未改善，停车等待,left,1,stop,0.0,,0.0,0,0,1
26.682,785.0,1073.0,584.0,1449.0,-1.0525,-0.7897,-1.8631,-0.6517,-0.9211,,SAFE_STOP,移动避让持续未改善，停车等待,left,1,stop,0.0,,0.0,0,0,1
26.702,784.0,1073.0,583.0,1448.0,-1.0568,-0.7897,-1.8631,-0.6517,-0.9232,,SAFE_STOP,移动避让持续未改善，停车等待,left,1,stop,0.0,,0.0,0,0,1
26.723,784.0,1072.0,583.0,1448.0,-1.0568,-0.7897,-1.8631,-0.6517,-0.9232,,SAFE_STOP,移动避让持续未改善，停车等待,left,1,stop,0.0,,0.0,0,0,1
26.743,785.0,1074.0,584.0,1449.0,-1.0568,-0.7897,-1.8631,-0.6517,-0.9232,,SAFE_STOP,移动避让持续未改善，停车等待,left,1,stop,0.0,,0.0,0,0,1
26.763,784.0,1072.0,583.0,1448.0,-1.0568,-0.794,-1.8631,-0.6517,-0.9254,,SAFE_STOP,移动避让持续未改善，停车等待,left,1,stop,0.0,,0.0,0,0,1
26.783,784.0,1072.0,583.0,1448.0,-1.0568,-0.794,-1.8631,-0.6517,-0.9254,,SAFE_STOP,移动避让持续未改善，停车等待,left,1,stop,0.0,,0.0,0,0,1
26.803,785.0,1072.0,583.0,1448.0,-1.0568,-0.794,-1.8631,-0.6517,-0.9254,,SAFE_STOP,移动避让持续未改善，停车等待,left,1,stop,0.0,,0.0,0,0,1
26.823,784.0,1072.0,581.0,1446.0,-1.0568,-0.794,-1.8631,-0.6517,-0.9254,,SAFE_STOP,移动避让持续未改善，停车等待,left,1,stop,0.0,,0.0,0,0,1
26.843,785.0,1073.0,582.0,1449.0,-1.0525,-0.794,-1.871,-0.6517,-0.9233,,SAFE_STOP,移动避让持续未改善，停车等待,left,1,stop,0.0,,0.0,0,0,1
26.863,785.0,1073.0,583.0,1448.0,-1.0525,-0.7897,-1.871,-0.6517,-0.9211,,SAFE_STOP,移动避让持续未改善，停车等待,left,1,stop,0.0,,0.0,0,0,1
26.883,784.0,1072.0,582.0,1448.0,-1.0525,-0.7897,-1.871,-0.6517,-0.9211,,SAFE_STOP,移动避让持续未改善，停车等待,left,1,stop,0.0,,0.0,0,0,1
26.904,785.0,1072.0,583.0,1450.0,-1.0525,-0.794,-1.8631,-0.6517,-0.9233,,SAFE_STOP,移动避让持续未改善，停车等待,left,1,stop,0.0,,0.0,0,0,1
26.924,785.0,1073.0,584.0,1449.0,-1.0525,-0.794,-1.8631,-0.6479,-0.9233,,SAFE_STOP,移动避让持续未改善，停车等待,left,1,stop,0.0,,0.0,0,0,1
26.944,785.0,1073.0,583.0,1448.0,-1.0525,-0.7897,-1.8631,-0.6479,-0.9211,,SAFE_STOP,移动避让持续未改善，停车等待,left,1,stop,0.0,,0.0,0,0,1
26.964,785.0,1072.0,582.0,1448.0,-1.0525,-0.7897,-1.8631,-0.6517,-0.9211,,SAFE_STOP,移动避让持续未改善，停车等待,left,1,stop,0.0,,0.0,0,0,1
26.984,784.0,1073.0,583.0,1448.0,-1.0525,-0.7897,-1.8631,-0.6517,-0.9211,,SAFE_STOP,移动避让持续未改善，停车等待,left,1,stop,0.0,,0.0,0,0,1
27.004,785.0,1073.0,584.0,1449.0,-1.0525,-0.7897,-1.8631,-0.6517,-0.9211,,SAFE_STOP,移动避让持续未改善，停车等待,left,1,stop,0.0,,0.0,0,0,1
27.024,784.0,1073.0,583.0,1449.0,-1.0568,-0.7897,-1.8631,-0.6479,-0.9232,,SAFE_STOP,移动避让持续未改善，停车等待,left,1,stop,0.0,,0.0,0,0,1
27.044,784.0,1072.0,584.0,1448.0,-1.0568,-0.7897,-1.8551,-0.6479,-0.9232,,SAFE_STOP,移动避让持续未改善，停车等待,left,1,stop,0.0,,0.0,0,0,1
27.065,785.0,1073.0,584.0,1449.0,-1.0568,-0.7897,-1.8551,-0.6479,-0.9232,,SAFE_STOP,移动避让持续未改善，停车等待,left,1,stop,0.0,,0.0,0,0,1
27.085,785.0,1073.0,584.0,1450.0,-1.0525,-0.7897,-1.8551,-0.6479,-0.9211,,SAFE_STOP,移动避让持续未改善，停车等待,left,1,stop,0.0,,0.0,0,0,1
27.105,785.0,1073.0,584.0,1449.0,-1.0525,-0.7897,-1.8551,-0.6479,-0.9211,,SAFE_STOP,移动避让持续未改善，停车等待,left,1,stop,0.0,,0.0,0,0,1
27.125,784.0,1071.0,582.0,1447.0,-1.0525,-0.7897,-1.8551,-0.6479,-0.9211,,SAFE_STOP,移动避让持续未改善，停车等待,left,1,stop,0.0,,0.0,0,0,1
27.145,784.0,1072.0,583.0,1447.0,-1.0568,-0.794,-1.8631,-0.6554,-0.9254,,SAFE_STOP,移动避让持续未改善，停车等待,left,1,stop,0.0,,0.0,0,0,1
27.165,784.0,1072.0,584.0,1448.0,-1.0568,-0.794,-1.8631,-0.6554,-0.9254,,SAFE_STOP,移动避让持续未改善，停车等待,left,1,stop,0.0,,0.0,0,0,1
27.185,784.0,1072.0,584.0,1448.0,-1.0568,-0.794,-1.8551,-0.6517,-0.9254,,SAFE_STOP,移动避让持续未改善，停车等待,left,1,stop,0.0,,0.0,0,0,1
27.205,785.0,1073.0,583.0,1448.0,-1.0568,-0.794,-1.8551,-0.6517,-0.9254,,SAFE_STOP,移动避让持续未改善，停车等待,left,1,stop,0.0,,0.0,0,0,1
27.225,784.0,1072.0,583.0,1447.0,-1.0568,-0.794,-1.8631,-0.6517,-0.9254,,SAFE_STOP,移动避让持续未改善，停车等待,left,1,stop,0.0,,0.0,0,0,1
27.246,784.0,1072.0,582.0,1447.0,-1.0568,-0.794,-1.8631,-0.6554,-0.9254,,SAFE_STOP,移动避让持续未改善，停车等待,left,1,stop,0.0,,0.0,0,0,1
27.266,785.0,1072.0,583.0,1448.0,-1.0568,-0.794,-1.8631,-0.6554,-0.9254,,SAFE_STOP,移动避让持续未改善，停车等待,left,1,stop,0.0,,0.0,0,0,1
27.286,785.0,1073.0,583.0,1450.0,-1.0525,-0.794,-1.8631,-0.6517,-0.9233,,SAFE_STOP,移动避让持续未改善，停车等待,left,1,stop,0.0,,0.0,0,0,1
27.306,781.0,1069.0,581.0,1443.0,-1.0525,-0.794,-1.8631,-0.6517,-0.9233,,SAFE_STOP,移动避让持续未改善，停车等待,left,1,stop,0.0,,0.0,0,0,1
27.326,783.0,1071.0,582.0,1447.0,-1.061,-0.7983,-1.871,-0.6554,-0.9296,,SAFE_STOP,移动避让持续未改善，停车等待,left,1,stop,0.0,,0.0,0,0,1
27.346,784.0,1071.0,583.0,1448.0,-1.061,-0.7983,-1.871,-0.6554,-0.9296,,SAFE_STOP,移动避让持续未改善，停车等待,left,1,stop,0.0,,0.0,0,0,1
27.367,783.0,1070.0,582.0,1445.0,-1.061,-0.7983,-1.871,-0.6554,-0.9296,,SAFE_STOP,移动避让持续未改善，停车等待,left,1,stop,0.0,,0.0,0,0,1
27.387,783.0,1072.0,582.0,1447.0,-1.061,-0.7983,-1.871,-0.6554,-0.9296,,SAFE_STOP,移动避让持续未改善，停车等待,left,1,stop,0.0,,0.0,0,0,1
27.407,782.0,1069.0,581.0,1444.0,-1.061,-0.8026,-1.871,-0.6629,-0.9318,,SAFE_STOP,移动避让持续未改善，停车等待,left,1,stop,0.0,,0.0,0,0,1
27.428,782.0,1069.0,582.0,1445.0,-1.0652,-0.8069,-1.871,-0.6629,-0.936,,SAFE_STOP,移动避让持续未改善，停车等待,left,1,stop,0.0,,0.0,0,0,1
27.448,781.0,1069.0,581.0,1445.0,-1.0652,-0.8069,-1.879,-0.6629,-0.936,,SAFE_STOP,移动避让持续未改善，停车等待,left,1,stop,0.0,,0.0,0,0,1
27.469,781.0,1069.0,581.0,1443.0,-1.0695,-0.8069,-1.879,-0.6629,-0.9382,,SAFE_STOP,移动避让持续未改善，停车等待,left,1,stop,0.0,,0.0,0,0,1
27.489,782.0,1068.0,581.0,1444.0,-1.0695,-0.8069,-1.879,-0.6667,-0.9382,,SAFE_STOP,移动避让持续未改善，停车等待,left,1,stop,0.0,,0.0,0,0,1
27.51,782.0,1069.0,581.0,1444.0,-1.0652,-0.8069,-1.879,-0.6667,-0.936,,SAFE_STOP,移动避让持续未改善，停车等待,left,1,stop,0.0,,0.0,0,0,1
27.53,782.0,1069.0,581.0,1444.0,-1.0652,-0.8069,-1.879,-0.6667,-0.936,,SAFE_STOP,移动避让持续未改善，停车等待,left,1,stop,0.0,,0.0,0,0,1
27.551,781.0,1068.0,580.0,1443.0,-1.0652,-0.8069,-1.879,-0.6667,-0.936,,SAFE_STOP,移动避让持续未改善，停车等待,left,1,stop,0.0,,0.0,0,0,1
27.571,781.0,1069.0,581.0,1444.0,-1.0695,-0.8069,-1.879,-0.6667,-0.9382,,SAFE_STOP,移动避让持续未改善，停车等待,left,1,stop,0.0,,0.0,0,0,1
27.592,782.0,1070.0,581.0,1444.0,-1.0695,-0.8069,-1.879,-0.6667,-0.9382,,SAFE_STOP,移动避让持续未改善，停车等待,left,1,stop,0.0,,0.0,0,0,1
27.613,780.0,1067.0,579.0,1442.0,-1.0695,-0.8069,-1.879,-0.6667,-0.9382,,SAFE_STOP,移动避让持续未改善，停车等待,left,1,stop,0.0,,0.0,0,0,1
27.633,782.0,1068.0,581.0,1444.0,-1.0652,-0.8112,-1.879,-0.6667,-0.9382,,SAFE_STOP,移动避让持续未改善，停车等待,left,1,stop,0.0,,0.0,0,0,1
27.654,784.0,1072.0,583.0,1448.0,-1.0652,-0.8112,-1.879,-0.6667,-0.9382,,SAFE_STOP,移动避让持续未改善，停车等待,left,1,stop,0.0,,0.0,0,0,1
27.674,783.0,1069.0,581.0,1444.0,-1.061,-0.8069,-1.879,-0.6667,-0.9339,,SAFE_STOP,移动避让持续未改善，停车等待,left,1,stop,0.0,,0.0,0,0,1
27.694,780.0,1069.0,580.0,1444.0,-1.061,-0.8069,-1.879,-0.6667,-0.9339,,SAFE_STOP,移动避让持续未改善，停车等待,left,1,stop,0.0,,0.0,0,0,1
27.714,782.0,1069.0,581.0,1445.0,-1.0652,-0.8069,-1.879,-0.6667,-0.936,,SAFE_STOP,移动避让持续未改善，停车等待,left,1,stop,0.0,,0.0,0,0,1
27.734,781.0,1068.0,580.0,1443.0,-1.0695,-0.8069,-1.8869,-0.6667,-0.9382,,SAFE_STOP,移动避让持续未改善，停车等待,left,1,stop,0.0,,0.0,0,0,1
27.754,781.0,1069.0,581.0,1443.0,-1.0695,-0.8069,-1.879,-0.6704,-0.9382,,SAFE_STOP,移动避让持续未改善，停车等待,left,1,stop,0.0,,0.0,0,0,1
27.774,782.0,1071.0,581.0,1445.0,-1.0695,-0.8069,-1.879,-0.6704,-0.9382,,SAFE_STOP,移动避让持续未改善，停车等待,left,1,stop,0.0,,0.0,0,0,1
27.795,782.0,1071.0,581.0,1445.0,-1.0652,-0.7983,-1.879,-0.6629,-0.9318,,SAFE_STOP,移动避让持续未改善，停车等待,left,1,stop,0.0,,0.0,0,0,1
27.815,782.0,1068.0,580.0,1444.0,-1.0652,-0.7983,-1.879,-0.6629,-0.9318,,SAFE_STOP,移动避让持续未改善，停车等待,left,1,stop,0.0,,0.0,0,0,1
27.835,783.0,1072.0,582.0,1447.0,-1.0652,-0.7983,-1.879,-0.6629,-0.9318,,SAFE_STOP,移动避让持续未改善，停车等待,left,1,stop,0.0,,0.0,0,0,1
27.855,784.0,1072.0,584.0,1448.0,-1.061,-0.794,-1.871,-0.6554,-0.9275,,SAFE_STOP,移动避让持续未改善，停车等待,left,1,stop,0.0,,0.0,0,0,1
27.875,782.0,1070.0,581.0,1445.0,-1.061,-0.794,-1.871,-0.6554,-0.9275,,SAFE_STOP,移动避让持续未改善，停车等待,left,1,stop,0.0,,0.0,0,0,1
27.895,782.0,1069.0,582.0,1445.0,-1.0652,-0.8026,-1.871,-0.6629,-0.9339,,SAFE_STOP,移动避让持续未改善，停车等待,left,1,stop,0.0,,0.0,0,0,1
27.915,781.0,1069.0,580.0,1443.0,-1.0652,-0.8069,-1.879,-0.6629,-0.936,,SAFE_STOP,移动避让持续未改善，停车等待,left,1,stop,0.0,,0.0,0,0,1
27.935,782.0,1070.0,582.0,1447.0,-1.0652,-0.8069,-1.871,-0.6629,-0.936,,SAFE_STOP,移动避让持续未改善，停车等待,left,1,stop,0.0,,0.0,0,0,1
27.955,782.0,1069.0,581.0,1444.0,-1.0652,-0.8069,-1.879,-0.6667,-0.936,,SAFE_STOP,移动避让持续未改善，停车等待,left,1,stop,0.0,,0.0,0,0,1
27.975,784.0,1072.0,583.0,1447.0,-1.0652,-0.8026,-1.871,-0.6554,-0.9339,,SAFE_STOP,移动避让持续未改善，停车等待,left,1,stop,0.0,,0.0,0,0,1
27.995,783.0,1072.0,583.0,1447.0,-1.061,-0.794,-1.8631,-0.6554,-0.9275,,SAFE_STOP,移动避让持续未改善，停车等待,left,1,stop,0.0,,0.0,0,0,1
28.016,784.0,1072.0,583.0,1448.0,-1.0568,-0.794,-1.8631,-0.6554,-0.9254,,SAFE_STOP,移动避让持续未改善，停车等待,left,1,stop,0.0,,0.0,0,0,1
28.036,783.0,1071.0,582.0,1445.0,-1.061,-0.794,-1.8631,-0.6554,-0.9275,,SAFE_STOP,移动避让持续未改善，停车等待,left,1,stop,0.0,,0.0,0,0,1
28.056,784.0,1072.0,583.0,1448.0,-1.0568,-0.794,-1.8631,-0.6517,-0.9254,,SAFE_STOP,移动避让持续未改善，停车等待,left,1,stop,0.0,,0.0,0,0,1
28.076,785.0,1073.0,582.0,1449.0,-1.0568,-0.794,-1.871,-0.6517,-0.9254,,SAFE_STOP,移动避让持续未改善，停车等待,left,1,stop,0.0,,0.0,0,0,1
28.096,784.0,1072.0,582.0,1447.0,-1.0568,-0.794,-1.871,-0.6517,-0.9254,,SAFE_STOP,移动避让持续未改善，停车等待,left,1,stop,0.0,,0.0,0,0,1
28.116,784.0,1072.0,583.0,1447.0,-1.0568,-0.794,-1.871,-0.6554,-0.9254,,SAFE_STOP,移动避让持续未改善，停车等待,left,1,stop,0.0,,0.0,0,0,1
28.136,785.0,1073.0,583.0,1449.0,-1.0568,-0.794,-1.8631,-0.6554,-0.9254,,SAFE_STOP,移动避让持续未改善，停车等待,left,1,stop,0.0,,0.0,0,0,1
28.156,784.0,1072.0,583.0,1448.0,-1.0568,-0.794,-1.8631,-0.6517,-0.9254,,SAFE_STOP,移动避让持续未改善，停车等待,left,1,stop,0.0,,0.0,0,0,1
28.176,784.0,1072.0,583.0,1448.0,-1.0568,-0.794,-1.8631,-0.6517,-0.9254,,SAFE_STOP,移动避让持续未改善，停车等待,left,1,stop,0.0,,0.0,0,0,1
28.196,784.0,1072.0,583.0,1448.0,-1.0568,-0.794,-1.8631,-0.6517,-0.9254,,SAFE_STOP,移动避让持续未改善，停车等待,left,1,stop,0.0,,0.0,0,0,1
28.216,784.0,1072.0,583.0,1448.0,-1.0568,-0.794,-1.8631,-0.6517,-0.9254,,SAFE_STOP,移动避让持续未改善，停车等待,left,1,stop,0.0,,0.0,0,0,1
28.236,784.0,1071.0,582.0,1447.0,-1.0568,-0.794,-1.8631,-0.6517,-0.9254,,SAFE_STOP,移动避让持续未改善，停车等待,left,1,stop,0.0,,0.0,0,0,1
28.257,785.0,1073.0,584.0,1449.0,-1.0568,-0.794,-1.8631,-0.6517,-0.9254,,SAFE_STOP,移动避让持续未改善，停车等待,left,1,stop,0.0,,0.0,0,0,1
28.277,784.0,1073.0,582.0,1449.0,-1.0568,-0.7897,-1.871,-0.6479,-0.9232,,SAFE_STOP,移动避让持续未改善，停车等待,left,1,stop,0.0,,0.0,0,0,1
28.297,783.0,1071.0,582.0,1446.0,-1.0568,-0.7897,-1.871,-0.6479,-0.9232,,SAFE_STOP,移动避让持续未改善，停车等待,left,1,stop,0.0,,0.0,0,0,1
28.317,783.0,1072.0,582.0,1446.0,-1.061,-0.794,-1.871,-0.6592,-0.9275,,SAFE_STOP,移动避让持续未改善，停车等待,left,1,stop,0.0,,0.0,0,0,1
28.337,784.0,1073.0,583.0,1448.0,-1.061,-0.794,-1.871,-0.6592,-0.9275,,SAFE_STOP,移动避让持续未改善，停车等待,left,1,stop,0.0,,0.0,0,0,1
28.357,784.0,1072.0,583.0,1448.0,-1.0568,-0.794,-1.8631,-0.6517,-0.9254,,SAFE_STOP,移动避让持续未改善，停车等待,left,1,stop,0.0,,0.0,0,0,1
28.377,784.0,1072.0,583.0,1448.0,-1.0568,-0.794,-1.8631,-0.6517,-0.9254,,SAFE_STOP,移动避让持续未改善，停车等待,left,1,stop,0.0,,0.0,0,0,1
28.397,783.0,1072.0,583.0,1448.0,-1.0568,-0.794,-1.8631,-0.6517,-0.9254,,SAFE_STOP,移动避让持续未改善，停车等待,left,1,stop,0.0,,0.0,0,0,1
28.417,784.0,1072.0,583.0,1448.0,-1.0568,-0.794,-1.8631,-0.6517,-0.9254,,SAFE_STOP,移动避让持续未改善，停车等待,left,1,stop,0.0,,0.0,0,0,1
28.437,784.0,1070.0,582.0,1447.0,-1.0568,-0.794,-1.8631,-0.6517,-0.9254,,SAFE_STOP,移动避让持续未改善，停车等待,left,1,stop,0.0,,0.0,0,0,1
28.457,784.0,1070.0,582.0,1447.0,-1.0568,-0.8026,-1.871,-0.6554,-0.9297,,SAFE_STOP,移动避让持续未改善，停车等待,left,1,stop,0.0,,0.0,0,0,1
28.477,784.0,1072.0,583.0,1448.0,-1.0568,-0.8026,-1.871,-0.6554,-0.9297,,SAFE_STOP,移动避让持续未改善，停车等待,left,1,stop,0.0,,0.0,0,0,1
28.498,782.0,1070.0,581.0,1445.0,-1.0568,-0.8026,-1.871,-0.6554,-0.9297,,SAFE_STOP,移动避让持续未改善，停车等待,left,1,stop,0.0,,0.0,0,0,1
28.518,783.0,1071.0,582.0,1446.0,-1.061,-0.7983,-1.871,-0.6592,-0.9296,,SAFE_STOP,移动避让持续未改善，停车等待,left,1,stop,0.0,,0.0,0,0,1
28.538,786.0,1072.0,584.0,1450.0,-1.061,-0.7983,-1.871,-0.6592,-0.9296,,SAFE_STOP,移动避让持续未改善，停车等待,left,1,stop,0.0,,0.0,0,0,1
28.558,784.0,1073.0,584.0,1449.0,-1.0568,-0.794,-1.8551,-0.6479,-0.9254,,SAFE_STOP,移动避让持续未改善，停车等待,left,1,stop,0.0,,0.0,0,0,1
28.578,786.0,1075.0,584.0,1452.0,-1.0483,-0.7897,-1.8551,-0.6442,-0.919,,SAFE_STOP,移动避让持续未改善，停车等待,left,1,stop,0.0,,0.0,0,0,1
28.598,784.0,1073.0,584.0,1448.0,-1.0568,-0.7897,-1.8551,-0.6479,-0.9232,,SAFE_STOP,移动避让持续未改善，停车等待,left,1,stop,0.0,,0.0,0,0,1
28.618,784.0,1073.0,584.0,1447.0,-1.0568,-0.7897,-1.8551,-0.6517,-0.9232,,SAFE_STOP,移动避让持续未改善，停车等待,left,1,stop,0.0,,0.0,0,0,1
28.638,785.0,1073.0,583.0,1449.0,-1.0568,-0.7897,-1.8551,-0.6517,-0.9232,,SAFE_STOP,移动避让持续未改善，停车等待,left,1,stop,0.0,,0.0,0,0,1
28.658,786.0,1075.0,585.0,1451.0,-1.0525,-0.7897,-1.8551,-0.6479,-0.9211,,SAFE_STOP,移动避让持续未改善，停车等待,left,1,stop,0.0,,0.0,0,0,1
28.678,787.0,1075.0,585.0,1452.0,-1.0483,-0.7811,-1.8471,-0.6404,-0.9147,,SAFE_STOP,移动避让持续未改善，停车等待,left,1,stop,0.0,,0.0,0,0,1
28.698,786.0,1075.0,585.0,1451.0,-1.0483,-0.7811,-1.8471,-0.6404,-0.9147,,SAFE_STOP,移动避让持续未改善，停车等待,left,1,stop,0.0,,0.0,0,0,1
28.719,786.0,1074.0,584.0,1452.0,-1.0483,-0.7811,-1.8471,-0.6367,-0.9147,,SAFE_STOP,移动避让持续未改善，停车等待,left,1,stop,0.0,,0.0,0,0,1
28.739,786.0,1075.0,584.0,1450.0,-1.0483,-0.7811,-1.8551,-0.6404,-0.9147,,SAFE_STOP,移动避让持续未改善，停车等待,left,1,stop,0.0,,0.0,0,0,1
28.759,785.0,1074.0,585.0,1450.0,-1.0483,-0.7854,-1.8551,-0.6442,-0.9168,,SAFE_STOP,移动避让持续未改善，停车等待,left,1,stop,0.0,,0.0,0,0,1
28.779,785.0,1073.0,584.0,1449.0,-1.0525,-0.7854,-1.8551,-0.6442,-0.919,,SAFE_STOP,移动避让持续未改善，停车等待,left,1,stop,0.0,,0.0,0,0,1
28.799,785.0,1074.0,584.0,1449.0,-1.0525,-0.7854,-1.8551,-0.6479,-0.919,,SAFE_STOP,移动避让持续未改善，停车等待,left,1,stop,0.0,,0.0,0,0,1
28.819,786.0,1075.0,584.0,1450.0,-1.0525,-0.7854,-1.8551,-0.6479,-0.919,,SAFE_STOP,移动避让持续未改善，停车等待,left,1,stop,0.0,,0.0,0,0,1
28.839,785.0,1074.0,585.0,1450.0,-1.0525,-0.7854,-1.8551,-0.6442,-0.919,,SAFE_STOP,移动避让持续未改善，停车等待,left,1,stop,0.0,,0.0,0,0,1
28.859,786.0,1075.0,585.0,1452.0,-1.0483,-0.7811,-1.8471,-0.6442,-0.9147,,SAFE_STOP,移动避让持续未改善，停车等待,left,1,stop,0.0,,0.0,0,0,1
28.879,786.0,1076.0,584.0,1451.0,-1.0483,-0.7811,-1.8471,-0.6404,-0.9147,,SAFE_STOP,移动避让持续未改善，停车等待,left,1,stop,0.0,,0.0,0,0,1
28.9,787.0,1076.0,585.0,1452.0,-1.0483,-0.7768,-1.8471,-0.6367,-0.9126,,SAFE_STOP,移动避让持续未改善，停车等待,left,1,stop,0.0,,0.0,0,0,1
28.92,786.0,1075.0,584.0,1450.0,-1.0483,-0.7768,-1.8551,-0.6404,-0.9126,,SAFE_STOP,移动避让持续未改善，停车等待,left,1,stop,0.0,,0.0,0,0,1
28.94,786.0,1076.0,585.0,1451.0,-1.0483,-0.7768,-1.8471,-0.6404,-0.9126,,SAFE_STOP,移动避让持续未改善，停车等待,left,1,stop,0.0,,0.0,0,0,1
28.96,787.0,1075.0,585.0,1451.0,-1.0483,-0.7811,-1.8471,-0.6404,-0.9147,,SAFE_STOP,移动避让持续未改善，停车等待,left,1,stop,0.0,,0.0,0,0,1
28.98,786.0,1076.0,585.0,1451.0,-1.0483,-0.7768,-1.8471,-0.6404,-0.9126,,SAFE_STOP,移动避让持续未改善，停车等待,left,1,stop,0.0,,0.0,0,0,1
29.0,787.0,1076.0,584.0,1450.0,-1.044,-0.7768,-1.8471,-0.6404,-0.9104,,SAFE_STOP,移动避让持续未改善，停车等待,left,1,stop,0.0,,0.0,0,0,1
29.02,787.0,1076.0,584.0,1450.0,-1.044,-0.7768,-1.8551,-0.6442,-0.9104,,SAFE_STOP,移动避让持续未改善，停车等待,left,1,stop,0.0,,0.0,0,0,1
29.04,785.0,1073.0,584.0,1449.0,-1.044,-0.7768,-1.8551,-0.6442,-0.9104,,SAFE_STOP,移动避让持续未改善，停车等待,left,1,stop,0.0,,0.0,0,0,1
29.061,786.0,1075.0,585.0,1451.0,-1.0483,-0.7811,-1.8551,-0.6442,-0.9147,,SAFE_STOP,移动避让持续未改善，停车等待,left,1,stop,0.0,,0.0,0,0,1
29.081,786.0,1075.0,584.0,1450.0,-1.0483,-0.7811,-1.8551,-0.6442,-0.9147,,SAFE_STOP,移动避让持续未改善，停车等待,left,1,stop,0.0,,0.0,0,0,1
29.101,786.0,1075.0,584.0,1450.0,-1.0483,-0.7811,-1.8551,-0.6442,-0.9147,,SAFE_STOP,移动避让持续未改善，停车等待,left,1,stop,0.0,,0.0,0,0,1
29.121,787.0,1075.0,585.0,1452.0,-1.0483,-0.7811,-1.8551,-0.6442,-0.9147,,SAFE_STOP,移动避让持续未改善，停车等待,left,1,stop,0.0,,0.0,0,0,1
29.141,786.0,1074.0,584.0,1450.0,-1.0483,-0.7811,-1.8551,-0.6442,-0.9147,,SAFE_STOP,移动避让持续未改善，停车等待,left,1,stop,0.0,,0.0,0,0,1
29.161,785.0,1075.0,584.0,1450.0,-1.0483,-0.7811,-1.8551,-0.6442,-0.9147,,SAFE_STOP,移动避让持续未改善，停车等待,left,1,stop,0.0,,0.0,0,0,1
29.181,786.0,1075.0,585.0,1451.0,-1.0483,-0.7811,-1.8551,-0.6442,-0.9147,,SAFE_STOP,移动避让持续未改善，停车等待,left,1,stop,0.0,,0.0,0,0,1
29.201,786.0,1074.0,584.0,1450.0,-1.0483,-0.7811,-1.8551,-0.6442,-0.9147,,SAFE_STOP,移动避让持续未改善，停车等待,left,1,stop,0.0,,0.0,0,0,1
29.221,786.0,1074.0,585.0,1451.0,-1.0483,-0.7854,-1.8471,-0.6404,-0.9168,,SAFE_STOP,移动避让持续未改善，停车等待,left,1,stop,0.0,,0.0,0,0,1
29.242,786.0,1074.0,585.0,1451.0,-1.0483,-0.7854,-1.8471,-0.6404,-0.9168,,SAFE_STOP,移动避让持续未改善，停车等待,left,1,stop,0.0,,0.0,0,0,1
29.262,786.0,1076.0,585.0,1452.0,-1.0483,-0.7854,-1.8471,-0.6404,-0.9168,,SAFE_STOP,移动避让持续未改善，停车等待,left,1,stop,0.0,,0.0,0,0,1
29.282,785.0,1073.0,584.0,1451.0,-1.0483,-0.7854,-1.8471,-0.6404,-0.9168,,SAFE_STOP,移动避让持续未改善，停车等待,left,1,stop,0.0,,0.0,0,0,1
29.302,787.0,1076.0,585.0,1452.0,-1.0483,-0.7768,-1.8471,-0.6367,-0.9126,,SAFE_STOP,移动避让持续未改善，停车等待,left,1,stop,0.0,,0.0,0,0,1
29.322,786.0,1075.0,585.0,1451.0,-1.0483,-0.7811,-1.8471,-0.6404,-0.9147,,SAFE_STOP,移动避让持续未改善，停车等待,left,1,stop,0.0,,0.0,0,0,1
29.342,785.0,1073.0,584.0,1450.0,-1.0483,-0.7811,-1.8471,-0.6404,-0.9147,,SAFE_STOP,移动避让持续未改善，停车等待,left,1,stop,0.0,,0.0,0,0,1
29.362,787.0,1076.0,585.0,1453.0,-1.0483,-0.7811,-1.8471,-0.6404,-0.9147,,SAFE_STOP,移动避让持续未改善，停车等待,left,1,stop,0.0,,0.0,0,0,1
29.382,785.0,1074.0,584.0,1448.0,-1.0525,-0.7854,-1.8551,-0.6442,-0.919,,SAFE_STOP,移动避让持续未改善，停车等待,left,1,stop,0.0,,0.0,0,0,1
29.402,786.0,1076.0,584.0,1451.0,-1.0483,-0.7768,-1.8551,-0.6404,-0.9126,,SAFE_STOP,移动避让持续未改善，停车等待,left,1,stop,0.0,,0.0,0,0,1
29.423,786.0,1075.0,585.0,1451.0,-1.0483,-0.7811,-1.8551,-0.6404,-0.9147,,SAFE_STOP,移动避让持续未改善，停车等待,left,1,stop,0.0,,0.0,0,0,1
29.443,786.0,1075.0,585.0,1451.0,-1.0483,-0.7811,-1.8471,-0.6404,-0.9147,,SAFE_STOP,移动避让持续未改善，停车等待,left,1,stop,0.0,,0.0,0,0,1
29.463,786.0,1075.0,584.0,1451.0,-1.0483,-0.7811,-1.8471,-0.6404,-0.9147,,SAFE_STOP,移动避让持续未改善，停车等待,left,1,stop,0.0,,0.0,0,0,1
29.483,787.0,1075.0,585.0,1450.0,-1.0483,-0.7811,-1.8471,-0.6404,-0.9147,,SAFE_STOP,移动避让持续未改善，停车等待,left,1,stop,0.0,,0.0,0,0,1
29.503,786.0,1074.0,584.0,1450.0,-1.0483,-0.7811,-1.8551,-0.6442,-0.9147,,SAFE_STOP,移动避让持续未改善，停车等待,left,1,stop,0.0,,0.0,0,0,1
29.523,787.0,1074.0,585.0,1451.0,-1.044,-0.7854,-1.8471,-0.6442,-0.9147,,SAFE_STOP,移动避让持续未改善，停车等待,left,1,stop,0.0,,0.0,0,0,1
29.543,787.0,1075.0,583.0,1452.0,-1.044,-0.7854,-1.8551,-0.6404,-0.9147,,SAFE_STOP,移动避让持续未改善，停车等待,left,1,stop,0.0,,0.0,0,0,1
29.563,787.0,1075.0,584.0,1451.0,-1.044,-0.7811,-1.8551,-0.6404,-0.9126,,SAFE_STOP,移动避让持续未改善，停车等待,left,1,stop,0.0,,0.0,0,0,1
29.584,786.0,1076.0,584.0,1451.0,-1.044,-0.7811,-1.8551,-0.6404,-0.9126,,SAFE_STOP,移动避让持续未改善，停车等待,left,1,stop,0.0,,0.0,0,0,1
29.604,785.0,1073.0,585.0,1450.0,-1.0483,-0.7811,-1.8551,-0.6404,-0.9147,,SAFE_STOP,移动避让持续未改善，停车等待,left,1,stop,0.0,,0.0,0,0,1
29.624,786.0,1075.0,585.0,1451.0,-1.0483,-0.7811,-1.8471,-0.6404,-0.9147,,SAFE_STOP,移动避让持续未改善，停车等待,left,1,stop,0.0,,0.0,0,0,1
29.644,787.0,1075.0,585.0,1452.0,-1.0483,-0.7811,-1.8471,-0.6404,-0.9147,,SAFE_STOP,移动避让持续未改善，停车等待,left,1,stop,0.0,,0.0,0,0,1
29.664,785.0,1074.0,585.0,1450.0,-1.0483,-0.7811,-1.8471,-0.6404,-0.9147,,SAFE_STOP,移动避让持续未改善，停车等待,left,1,stop,0.0,,0.0,0,0,1
29.684,787.0,1076.0,585.0,1452.0,-1.044,-0.7811,-1.8471,-0.6367,-0.9126,,SAFE_STOP,移动避让持续未改善，停车等待,left,1,stop,0.0,,0.0,0,0,1
29.704,787.0,1076.0,585.0,1452.0,-1.044,-0.7768,-1.8471,-0.6367,-0.9104,,SAFE_STOP,移动避让持续未改善，停车等待,left,1,stop,0.0,,0.0,0,0,1
29.725,787.0,1076.0,584.0,1452.0,-1.044,-0.7768,-1.8471,-0.6367,-0.9104,,SAFE_STOP,移动避让持续未改善，停车等待,left,1,stop,0.0,,0.0,0,0,1
29.745,786.0,1075.0,584.0,1451.0,-1.044,-0.7768,-1.8551,-0.6367,-0.9104,,SAFE_STOP,移动避让持续未改善，停车等待,left,1,stop,0.0,,0.0,0,0,1
29.765,787.0,1076.0,585.0,1451.0,-1.044,-0.7768,-1.8551,-0.6404,-0.9104,,SAFE_STOP,移动避让持续未改善，停车等待,left,1,stop,0.0,,0.0,0,0,1
29.785,786.0,1074.0,584.0,1450.0,-1.0483,-0.7811,-1.8551,-0.6404,-0.9147,,SAFE_STOP,移动避让持续未改善，停车等待,left,1,stop,0.0,,0.0,0,0,1
29.805,787.0,1076.0,585.0,1452.0,-1.044,-0.7768,-1.8471,-0.6404,-0.9104,,SAFE_STOP,移动避让持续未改善，停车等待,left,1,stop,0.0,,0.0,0,0,1
29.825,786.0,1074.0,585.0,1451.0,-1.0483,-0.7854,-1.8471,-0.6404,-0.9168,,SAFE_STOP,移动避让持续未改善，停车等待,left,1,stop,0.0,,0.0,0,0,1
29.845,786.0,1074.0,585.0,1451.0,-1.0483,-0.7854,-1.8471,-0.6404,-0.9168,,SAFE_STOP,移动避让持续未改善，停车等待,left,1,stop,0.0,,0.0,0,0,1
29.865,786.0,1073.0,584.0,1450.0,-1.0483,-0.7854,-1.8471,-0.6404,-0.9168,,SAFE_STOP,移动避让持续未改善，停车等待,left,1,stop,0.0,,0.0,0,0,1
29.886,787.0,1075.0,585.0,1451.0,-1.0483,-0.7854,-1.8471,-0.6404,-0.9168,,SAFE_STOP,移动避让持续未改善，停车等待,left,1,stop,0.0,,0.0,0,0,1
29.906,787.0,1075.0,584.0,1452.0,-1.044,-0.7811,-1.8551,-0.6404,-0.9126,,SAFE_STOP,移动避让持续未改善，停车等待,left,1,stop,0.0,,0.0,0,0,1
29.926,785.0,1075.0,584.0,1449.0,-1.044,-0.7811,-1.8551,-0.6404,-0.9126,,SAFE_STOP,移动避让持续未改善，停车等待,left,1,stop,0.0,,0.0,0,0,1
29.946,787.0,1076.0,585.0,1452.0,-1.044,-0.7811,-1.8551,-0.6367,-0.9126,,SAFE_STOP,移动避让持续未改善，停车等待,left,1,stop,0.0,,0.0,0,0,1
29.966,786.0,1075.0,584.0,1451.0,-1.0483,-0.7811,-1.8551,-0.6404,-0.9147,,SAFE_STOP,移动避让持续未改善，停车等待,left,1,stop,0.0,,0.0,0,0,1
29.986,787.0,1075.0,584.0,1452.0,-1.044,-0.7811,-1.8551,-0.6367,-0.9126,,SAFE_STOP,移动避让持续未改善，停车等待,left,1,stop,0.0,,0.0,0,0,1
