t,front,rear,left,right
0.0,455.0,606.0,671.0,660.0
0.021,457.0,607.0,672.0,661.0
0.041,457.0,605.0,670.0,660.0
0.061,458.0,606.0,671.0,661.0
0.081,458.0,607.0,672.0,662.0
0.101,458.0,608.0,673.0,662.0
0.121,458.0,608.0,672.0,662.0
0.141,458.0,608.0,672.0,662.0
0.161,459.0,608.0,672.0,663.0
0.181,459.0,608.0,672.0,662.0
0.201,459.0,609.0,672.0,663.0
0.222,459.0,608.0,673.0,663.0
0.242,459.0,608.0,673.0,663.0
0.262,458.0,608.0,673.0,663.0
0.282,459.0,608.0,672.0,662.0
0.302,459.0,608.0,673.0,663.0
0.322,459.0,608.0,673.0,663.0
0.342,460.0,608.0,673.0,663.0
0.362,458.0,608.0,672.0,662.0
0.382,459.0,609.0,673.0,662.0
0.402,459.0,608.0,673.0,663.0
0.423,458.0,608.0,672.0,662.0
0.443,459.0,608.0,673.0,663.0
0.463,460.0,609.0,674.0,664.0
0.483,459.0,608.0,673.0,663.0
0.503,459.0,608.0,673.0,664.0
0.523,460.0,609.0,673.0,663.0
0.543,459.0,609.0,674.0,664.0
0.563,459.0,608.0,673.0,662.0
0.583,459.0,609.0,673.0,663.0
0.603,458.0,609.0,673.0,663.0
0.623,459.0,609.0,673.0,663.0
0.644,459.0,609.0,673.0,663.0
0.664,458.0,608.0,673.0,662.0
0.684,458.0,608.0,673.0,663.0
0.704,460.0,608.0,674.0,663.0
0.724,458.0,609.0,674.0,663.0
0.744,459.0,609.0,674.0,664.0
0.764,459.0,609.0,674.0,663.0
0.784,459.0,608.0,673.0,664.0
0.804,460.0,609.0,673.0,663.0
0.824,459.0,609.0,673.0,663.0
0.845,459.0,609.0,673.0,663.0
0.865,459.0,609.0,673.0,663.0
0.885,459.0,606.0,674.0,663.0
0.905,459.0,608.0,672.0,663.0
0.925,459.0,609.0,673.0,664.0
0.945,458.0,609.0,673.0,663.0
0.965,459.0,608.0,674.0,663.0
0.985,459.0,608.0,674.0,663.0
1.005,460.0,609.0,673.0,664.0
1.025,459.0,608.0,673.0,664.0
1.046,459.0,609.0,674.0,662.0
1.066,459.0,609.0,673.0,664.0
1.086,459.0,608.0,672.0,663.0
1.106,459.0,608.0,673.0,663.0
1.126,459.0,609.0,674.0,664.0
1.146,459.0,609.0,674.0,664.0
1.166,459.0,609.0,674.0,664.0
1.186,460.0,610.0,674.0,664.0
1.206,459.0,609.0,674.0,664.0
1.226,460.0,609.0,674.0,664.0
1.246,459.0,609.0,674.0,662.0
1.267,460.0,608.0,674.0,664.0
1.287,460.0,608.0,674.0,663.0
1.307,459.0,608.0,674.0,664.0
1.327,459.0,609.0,674.0,664.0
1.347,459.0,610.0,674.0,664.0
1.367,460.0,610.0,674.0,664.0
1.387,456.0,609.0,673.0,663.0
1.407,459.0,609.0,674.0,664.0
1.427,460.0,610.0,674.0,664.0
1.448,460.0,610.0,674.0,664.0
1.468,460.0,610.0,674.0,665.0
1.488,459.0,609.0,674.0,664.0
1.508,459.0,609.0,673.0,663.0
1.528,459.0,609.0,673.0,663.0
1.548,459.0,609.0,673.0,664.0
1.568,459.0,608.0,673.0,663.0
1.588,459.0,609.0,674.0,664.0
1.608,459.0,608.0,673.0,663.0
1.628,459.0,609.0,673.0,663.0
1.648,460.0,609.0,674.0,664.0
1.669,460.0,610.0,674.0,663.0
1.689,458.0,609.0,674.0,663.0
1.709,459.0,608.0,674.0,664.0
1.729,459.0,609.0,673.0,663.0
1.749,459.0,609.0,673.0,663.0
1.769,459.0,608.0,673.0,662.0
1.789,459.0,607.0,673.0,663.0
1.809,459.0,608.0,672.0,664.0
1.829,460.0,609.0,673.0,663.0
1.849,459.0,608.0,673.0,664.0
1.87,460.0,609.0,674.0,664.0
1.89,460.0,609.0,673.0,663.0
1.91,460.0,610.0,674.0,664.0
1.93,460.0,609.0,671.0,664.0
1.95,459.0,609.0,674.0,664.0
1.97,459.0,609.0,674.0,663.0
1.99,460.0,608.0,673.0,663.0
2.01,459.0,608.0,672.0,663.0
2.031,460.0,608.0,674.0,664.0
2.051,459.0,609.0,673.0,663.0
2.071,460.0,609.0,674.0,664.0
2.091,459.0,608.0,673.0,663.0
2.111,459.0,609.0,673.0,664.0
2.131,459.0,609.0,674.0,664.0
2.151,459.0,608.0,673.0,663.0
2.171,459.0,609.0,673.0,663.0
2.191,458.0,610.0,674.0,663.0
2.211,458.0,608.0,673.0,662.0
2.231,460.0,609.0,674.0,663.0
2.252,460.0,609.0,674.0,664.0
2.272,459.0,610.0,673.0,664.0
2.292,459.0,608.0,674.0,663.0
2.312,460.0,609.0,674.0,664.0
2.332,459.0,608.0,674.0,663.0
2.352,459.0,609.0,674.0,664.0
2.372,459.0,608.0,673.0,663.0
2.392,459.0,608.0,673.0,663.0
2.412,459.0,609.0,673.0,664.0
2.432,459.0,609.0,674.0,664.0
2.453,458.0,609.0,673.0,664.0
2.473,459.0,609.0,673.0,663.0
2.493,459.0,609.0,673.0,663.0
2.513,459.0,608.0,673.0,663.0
2.533,459.0,609.0,673.0,663.0
2.553,459.0,610.0,673.0,663.0
2.573,459.0,610.0,673.0,663.0
2.593,458.0,608.0,673.0,662.0
2.613,460.0,609.0,673.0,664.0
2.633,460.0,609.0,674.0,663.0
2.653,460.0,609.0,673.0,664.0
2.674,460.0,609.0,674.0,664.0
2.694,460.0,609.0,673.0,664.0
2.714,459.0,609.0,672.0,664.0
2.734,459.0,610.0,674.0,664.0
2.754,460.0,610.0,674.0,664.0
2.774,459.0,609.0,672.0,663.0
2.794,458.0,606.0,672.0,661.0
2.814,459.0,608.0,673.0,662.0
2.834,458.0,606.0,671.0,661.0
2.855,457.0,607.0,671.0,660.0
2.875,457.0,607.0,670.0,661.0
2.895,456.0,605.0,669.0,660.0
2.915,457.0,605.0,671.0,661.0
2.935,456.0,604.0,670.0,658.0
2.955,457.0,606.0,671.0,661.0
2.975,457.0,606.0,670.0,659.0
2.995,458.0,608.0,672.0,662.0
3.015,457.0,606.0,671.0,661.0
3.036,459.0,605.0,671.0,660.0
3.056,457.0,606.0,669.0,660.0
3.076,459.0,608.0,672.0,662.0
3.096,457.0,606.0,671.0,660.0
3.116,457.0,606.0,670.0,660.0
3.136,457.0,606.0,670.0,660.0
3.156,457.0,606.0,672.0,661.0
3.176,457.0,606.0,670.0,660.0
3.196,458.0,608.0,672.0,662.0
3.217,458.0,607.0,671.0,663.0
3.237,456.0,604.0,669.0,659.0
3.257,457.0,606.0,670.0,660.0
3.277,458.0,608.0,672.0,662.0
3.297,457.0,606.0,670.0,660.0
3.317,457.0,606.0,670.0,660.0
3.337,457.0,607.0,671.0,661.0
3.357,459.0,609.0,673.0,663.0
3.377,459.0,609.0,674.0,664.0
3.397,459.0,609.0,674.0,664.0
3.417,459.0,608.0,674.0,664.0
3.438,457.0,604.0,670.0,659.0
3.458,458.0,607.0,672.0,662.0
3.478,458.0,608.0,673.0,663.0
3.498,459.0,608.0,673.0,663.0
3.518,459.0,608.0,673.0,663.0
3.54,457.0,605.0,671.0,660.0
3.56,457.0,606.0,671.0,662.0
3.58,457.0,607.0,672.0,662.0
3.601,458.0,607.0,671.0,661.0
3.621,457.0,606.0,671.0,661.0
3.641,459.0,607.0,673.0,662.0
3.661,458.0,608.0,672.0,662.0
3.681,458.0,608.0,673.0,662.0
3.701,458.0,608.0,673.0,663.0
3.721,459.0,608.0,672.0,664.0
3.741,458.0,606.0,671.0,661.0
3.761,458.0,607.0,671.0,660.0
3.782,458.0,607.0,671.0,661.0
3.802,458.0,606.0,671.0,661.0
3.822,459.0,607.0,670.0,661.0
3.842,458.0,607.0,672.0,661.0
3.862,457.0,606.0,671.0,660.0
3.882,457.0,606.0,671.0,660.0
3.902,457.0,605.0,670.0,660.0
3.922,458.0,607.0,671.0,660.0
3.942,456.0,605.0,670.0,659.0
3.962,457.0,607.0,671.0,661.0
3.982,457.0,605.0,670.0,660.0
4.003,457.0,605.0,670.0,660.0
4.023,457.0,605.0,670.0,660.0
4.043,458.0,608.0,673.0,662.0
4.063,459.0,609.0,672.0,664.0
4.083,459.0,609.0,674.0,664.0
4.103,458.0,609.0,673.0,663.0
4.123,460.0,608.0,672.0,663.0
4.143,459.0,610.0,675.0,664.0
4.163,460.0,610.0,674.0,665.0
4.183,460.0,609.0,674.0,663.0
4.203,458.0,609.0,674.0,664.0
4.223,459.0,610.0,673.0,663.0
4.243,460.0,609.0,674.0,664.0
4.264,459.0,609.0,674.0,664.0
4.284,459.0,608.0,673.0,663.0
4.304,459.0,609.0,673.0,662.0
4.324,459.0,609.0,672.0,662.0
4.344,459.0,609.0,674.0,663.0
4.364,460.0,608.0,674.0,664.0
4.384,460.0,609.0,674.0,664.0
4.404,459.0,609.0,674.0,664.0
4.424,458.0,609.0,673.0,663.0
4.444,459.0,609.0,673.0,663.0
4.464,459.0,609.0,674.0,663.0
4.484,460.0,609.0,675.0,663.0
4.504,459.0,609.0,673.0,664.0
4.525,459.0,608.0,673.0,662.0
4.545,457.0,607.0,672.0,662.0
4.565,458.0,608.0,672.0,662.0
4.585,459.0,608.0,672.0,663.0
4.605,460.0,609.0,674.0,664.0
4.625,460.0,609.0,673.0,664.0
4.645,460.0,610.0,675.0,664.0
4.665,460.0,610.0,674.0,664.0
4.685,460.0,610.0,674.0,664.0
4.705,459.0,609.0,673.0,663.0
4.726,459.0,609.0,673.0,663.0
4.746,459.0,609.0,674.0,664.0
4.766,459.0,609.0,674.0,664.0
4.786,459.0,609.0,673.0,663.0
4.806,458.0,608.0,672.0,662.0
4.826,459.0,608.0,673.0,663.0
4.846,459.0,608.0,674.0,663.0
4.866,460.0,609.0,674.0,663.0
4.886,459.0,609.0,674.0,663.0
4.906,459.0,608.0,673.0,663.0
4.926,459.0,610.0,674.0,664.0
4.947,459.0,608.0,673.0,662.0
4.967,459.0,609.0,674.0,664.0
4.987,460.0,608.0,673.0,664.0
5.007,459.0,609.0,674.0,663.0
5.027,459.0,609.0,673.0,663.0
5.047,459.0,608.0,674.0,663.0
5.067,459.0,610.0,673.0,664.0
5.087,459.0,609.0,674.0,664.0
5.107,459.0,608.0,673.0,664.0
5.127,460.0,609.0,672.0,663.0
5.147,459.0,610.0,673.0,663.0
5.168,459.0,609.0,673.0,664.0
5.188,459.0,609.0,673.0,663.0
5.208,459.0,609.0,674.0,663.0
5.228,459.0,609.0,673.0,663.0
5.248,460.0,609.0,674.0,663.0
5.268,459.0,609.0,673.0,663.0
5.288,460.0,610.0,674.0,664.0
5.308,459.0,609.0,674.0,664.0
5.328,459.0,608.0,673.0,663.0
5.348,459.0,609.0,673.0,663.0
5.369,459.0,608.0,673.0,663.0
5.389,460.0,609.0,673.0,663.0
5.409,459.0,609.0,674.0,664.0
5.429,459.0,608.0,673.0,663.0
5.449,459.0,609.0,673.0,663.0
5.469,459.0,608.0,673.0,664.0
5.489,459.0,608.0,673.0,663.0
5.509,459.0,608.0,674.0,664.0
5.529,460.0,610.0,674.0,665.0
5.549,460.0,609.0,674.0,664.0
5.569,460.0,610.0,675.0,665.0
5.59,460.0,610.0,674.0,665.0
5.61,461.0,611.0,675.0,665.0
5.63,460.0,610.0,675.0,665.0
5.65,460.0,610.0,675.0,665.0
5.67,460.0,610.0,675.0,665.0
5.69,460.0,610.0,674.0,665.0
5.71,460.0,610.0,674.0,664.0
5.73,461.0,610.0,673.0,665.0
5.75,461.0,611.0,674.0,665.0
5.77,460.0,610.0,675.0,666.0
5.791,460.0,611.0,675.0,666.0
5.811,461.0,611.0,676.0,666.0
5.831,460.0,611.0,675.0,665.0
5.851,460.0,611.0,675.0,666.0
5.871,460.0,611.0,676.0,666.0
5.891,461.0,611.0,675.0,666.0
5.911,460.0,611.0,675.0,666.0
5.931,461.0,610.0,674.0,665.0
5.951,461.0,611.0,674.0,662.0
5.971,460.0,611.0,674.0,665.0
5.991,461.0,611.0,675.0,665.0
6.012,461.0,611.0,675.0,666.0
6.032,461.0,611.0,676.0,666.0
6.052,460.0,610.0,674.0,665.0
6.072,460.0,609.0,674.0,664.0
6.092,461.0,609.0,674.0,665.0
6.112,461.0,611.0,675.0,665.0
6.132,459.0,611.0,675.0,665.0
6.152,461.0,611.0,675.0,665.0
6.172,461.0,610.0,674.0,665.0
6.192,461.0,610.0,674.0,665.0
6.213,461.0,610.0,675.0,665.0
6.233,460.0,611.0,674.0,665.0
6.253,461.0,610.0,675.0,666.0
6.273,461.0,611.0,674.0,666.0
6.293,461.0,611.0,675.0,666.0
6.313,460.0,611.0,674.0,666.0
6.333,461.0,611.0,675.0,666.0
6.353,461.0,611.0,674.0,665.0
6.373,460.0,611.0,674.0,665.0
6.393,461.0,610.0,675.0,666.0
6.414,462.0,610.0,674.0,665.0
6.434,460.0,610.0,674.0,665.0
6.454,460.0,611.0,674.0,665.0
6.474,460.0,610.0,674.0,665.0
6.494,460.0,610.0,674.0,665.0
6.514,460.0,610.0,674.0,665.0
6.534,460.0,610.0,673.0,664.0
6.554,461.0,611.0,674.0,665.0
6.574,459.0,611.0,672.0,664.0
6.594,461.0,612.0,674.0,666.0
6.614,461.0,611.0,673.0,665.0
6.635,461.0,611.0,673.0,666.0
6.655,461.0,610.0,674.0,666.0
6.675,460.0,610.0,673.0,664.0
6.695,460.0,611.0,672.0,666.0
6.715,462.0,611.0,672.0,666.0
6.735,461.0,611.0,672.0,665.0
6.755,461.0,610.0,673.0,665.0
6.775,461.0,610.0,673.0,665.0
6.795,460.0,610.0,673.0,666.0
6.815,460.0,611.0,673.0,665.0
6.836,460.0,610.0,672.0,665.0
6.856,461.0,611.0,673.0,665.0
6.876,460.0,611.0,672.0,664.0
6.896,461.0,610.0,672.0,665.0
6.916,461.0,610.0,673.0,665.0
6.936,460.0,610.0,673.0,665.0
6.956,461.0,610.0,673.0,665.0
6.976,460.0,609.0,673.0,665.0
6.996,460.0,610.0,673.0,664.0
7.016,461.0,610.0,674.0,664.0
7.037,460.0,610.0,674.0,665.0
7.057,460.0,610.0,674.0,665.0
7.077,460.0,610.0,674.0,664.0
7.097,460.0,610.0,674.0,665.0
7.117,461.0,610.0,675.0,666.0
7.137,461.0,611.0,675.0,665.0
7.157,460.0,610.0,674.0,664.0
7.177,460.0,610.0,674.0,664.0
7.197,460.0,610.0,674.0,665.0
7.217,460.0,610.0,674.0,665.0
7.237,460.0,610.0,674.0,665.0
7.258,461.0,611.0,674.0,665.0
7.278,460.0,608.0,673.0,664.0
7.298,460.0,609.0,673.0,664.0
7.318,460.0,609.0,673.0,664.0
7.338,459.0,609.0,672.0,664.0
7.358,460.0,610.0,673.0,664.0
7.378,461.0,610.0,674.0,665.0
7.398,460.0,609.0,673.0,664.0
7.418,461.0,610.0,674.0,666.0
7.438,461.0,610.0,674.0,664.0
7.458,461.0,610.0,675.0,666.0
7.479,461.0,610.0,674.0,663.0
7.499,460.0,610.0,675.0,665.0
7.519,460.0,611.0,674.0,665.0
7.539,460.0,610.0,674.0,665.0
7.559,461.0,611.0,672.0,664.0
7.579,461.0,611.0,675.0,665.0
7.599,460.0,611.0,675.0,665.0
7.619,461.0,611.0,675.0,665.0
7.639,461.0,611.0,674.0,665.0
7.659,460.0,609.0,674.0,664.0
7.68,461.0,611.0,674.0,665.0
7.7,461.0,610.0,675.0,664.0
7.72,461.0,611.0,675.0,665.0
7.74,461.0,610.0,675.0,665.0
7.76,462.0,611.0,676.0,665.0
7.78,460.0,610.0,674.0,664.0
7.8,461.0,610.0,674.0,664.0
7.82,461.0,611.0,676.0,665.0
7.84,461.0,611.0,675.0,664.0
7.86,461.0,610.0,675.0,664.0
7.881,461.0,611.0,676.0,664.0
7.901,462.0,610.0,675.0,664.0
7.921,461.0,612.0,676.0,665.0
7.941,461.0,611.0,675.0,663.0
7.961,461.0,611.0,674.0,664.0
7.981,461.0,611.0,674.0,664.0
8.001,461.0,611.0,674.0,664.0
8.021,461.0,611.0,674.0,664.0
8.041,462.0,611.0,674.0,664.0
8.061,461.0,611.0,674.0,664.0
8.082,461.0,611.0,673.0,663.0
8.102,461.0,611.0,674.0,664.0
8.122,461.0,611.0,673.0,664.0
8.142,461.0,611.0,674.0,663.0
8.162,461.0,611.0,673.0,663.0
8.182,461.0,611.0,673.0,663.0
8.202,461.0,610.0,673.0,662.0
8.222,460.0,610.0,673.0,663.0
8.242,461.0,610.0,673.0,662.0
8.262,461.0,611.0,673.0,662.0
8.282,462.0,611.0,675.0,663.0
8.303,461.0,610.0,673.0,663.0
8.323,462.0,611.0,673.0,663.0
8.343,461.0,611.0,673.0,664.0
8.363,461.0,610.0,673.0,663.0
8.383,460.0,609.0,672.0,661.0
8.403,460.0,610.0,672.0,662.0
8.423,461.0,610.0,673.0,663.0
8.443,461.0,610.0,672.0,662.0
8.463,461.0,610.0,673.0,663.0
8.483,461.0,610.0,672.0,663.0
8.504,460.0,610.0,673.0,662.0
8.524,461.0,609.0,673.0,663.0
8.544,460.0,608.0,672.0,661.0
8.564,460.0,609.0,672.0,661.0
8.584,460.0,609.0,672.0,661.0
8.604,459.0,609.0,671.0,661.0
8.624,460.0,609.0,672.0,660.0
8.644,460.0,609.0,673.0,663.0
8.664,459.0,608.0,670.0,660.0
8.684,459.0,608.0,670.0,660.0
8.705,459.0,608.0,670.0,660.0
8.725,458.0,607.0,669.0,660.0
8.745,459.0,608.0,670.0,660.0
8.765,460.0,608.0,671.0,660.0
8.785,459.0,608.0,670.0,661.0
8.805,459.0,608.0,670.0,660.0
8.825,460.0,608.0,670.0,659.0
8.845,459.0,607.0,670.0,660.0
8.865,459.0,607.0,670.0,660.0
8.885,458.0,606.0,670.0,660.0
8.906,458.0,607.0,669.0,659.0
8.926,459.0,607.0,670.0,661.0
8.946,459.0,607.0,669.0,660.0
8.966,460.0,608.0,671.0,662.0
8.986,461.0,608.0,670.0,663.0
9.006,459.0,605.0,668.0,659.0
9.026,460.0,608.0,671.0,662.0
9.046,461.0,607.0,670.0,662.0
9.066,461.0,606.0,670.0,660.0
9.086,460.0,605.0,669.0,659.0
9.107,460.0,605.0,669.0,660.0
9.127,462.0,607.0,672.0,662.0
9.147,462.0,607.0,672.0,662.0
9.167,462.0,606.0,672.0,662.0
9.187,462.0,607.0,672.0,662.0
9.207,463.0,606.0,672.0,663.0
9.227,463.0,607.0,672.0,662.0
9.247,463.0,605.0,672.0,662.0
9.267,464.0,606.0,672.0,662.0
9.287,464.0,604.0,672.0,664.0
9.307,466.0,604.0,673.0,668.0
9.327,466.0,601.0,672.0,673.0
9.347,465.0,597.0,671.0,674.0
9.367,464.0,593.0,670.0,671.0
9.388,462.0,590.0,670.0,670.0
9.408,460.0,590.0,669.0,670.0
9.428,459.0,591.0,668.0,667.0
9.448,460.0,590.0,668.0,661.0
9.468,460.0,592.0,670.0,660.0
9.488,461.0,594.0,672.0,658.0
9.508,464.0,593.0,674.0,659.0
9.528,466.0,593.0,677.0,662.0
9.548,470.0,593.0,682.0,663.0
9.568,472.0,588.0,687.0,666.0
9.588,476.0,586.0,690.0,670.0
9.609,479.0,587.0,691.0,669.0
9.629,482.0,586.0,694.0,665.0
9.649,483.0,587.0,696.0,663.0
9.669,485.0,587.0,696.0,662.0
9.689,486.0,589.0,696.0,660.0
9.709,487.0,591.0,696.0,658.0
9.729,490.0,589.0,696.0,660.0
9.749,491.0,587.0,696.0,663.0
9.769,491.0,585.0,696.0,668.0
9.789,490.0,584.0,695.0,670.0
9.809,492.0,584.0,694.0,677.0
9.83,493.0,584.0,694.0,682.0
9.85,493.0,586.0,696.0,683.0
9.87,493.0,588.0,698.0,685.0
9.89,492.0,590.0,699.0,686.0
9.91,490.0,593.0,703.0,685.0
9.93,490.0,595.0,706.0,684.0
9.95,488.0,596.0,711.0,685.0
9.97,485.0,596.0,712.0,686.0
9.99,482.0,594.0,714.0,687.0
10.011,480.0,589.0,715.0,688.0
10.031,480.0,587.0,721.0,690.0
10.051,479.0,583.0,724.0,689.0
10.071,479.0,581.0,724.0,691.0
10.091,479.0,580.0,723.0,691.0
10.111,479.0,580.0,723.0,691.0
10.131,481.0,581.0,724.0,690.0
10.151,484.0,583.0,727.0,690.0
10.171,485.0,584.0,727.0,689.0
10.191,486.0,583.0,727.0,687.0
10.211,487.0,583.0,727.0,686.0
10.232,489.0,585.0,729.0,685.0
10.252,490.0,586.0,729.0,682.0
10.272,492.0,586.0,729.0,680.0
10.292,492.0,586.0,729.0,675.0
10.312,493.0,585.0,728.0,668.0
10.332,492.0,582.0,726.0,659.0
10.352,490.0,580.0,728.0,653.0
10.372,491.0,580.0,729.0,647.0
10.392,492.0,580.0,730.0,641.0
10.412,491.0,581.0,726.0,632.0
10.433,490.0,582.0,724.0,629.0
10.453,490.0,583.0,721.0,628.0
10.473,491.0,584.0,721.0,631.0
10.493,489.0,583.0,718.0,634.0
10.513,488.0,587.0,714.0,637.0
10.533,485.0,590.0,711.0,642.0
10.553,485.0,597.0,711.0,651.0
10.573,485.0,602.0,711.0,658.0
10.593,484.0,603.0,710.0,661.0
10.614,484.0,603.0,710.0,668.0
10.634,486.0,604.0,712.0,673.0
10.654,485.0,605.0,713.0,678.0
10.674,485.0,606.0,716.0,683.0
10.694,486.0,609.0,720.0,688.0
10.714,486.0,608.0,722.0,688.0
10.734,485.0,605.0,722.0,689.0
10.754,486.0,603.0,724.0,692.0
10.774,487.0,599.0,727.0,692.0
10.794,488.0,592.0,729.0,687.0
10.814,489.0,587.0,729.0,679.0
10.834,489.0,580.0,725.0,673.0
10.855,490.0,576.0,723.0,674.0
10.875,490.0,573.0,723.0,675.0
10.895,489.0,572.0,724.0,674.0
10.915,488.0,568.0,721.0,669.0
10.935,489.0,571.0,721.0,669.0
10.955,491.0,575.0,719.0,673.0
10.975,490.0,577.0,722.0,675.0
10.995,489.0,579.0,720.0,674.0
11.015,489.0,585.0,720.0,676.0
11.035,489.0,590.0,721.0,679.0
11.055,491.0,595.0,721.0,681.0
11.075,493.0,601.0,721.0,680.0
11.095,496.0,609.0,721.0,676.0
11.115,497.0,613.0,725.0,672.0
11.136,496.0,616.0,726.0,672.0
11.156,497.0,618.0,728.0,675.0
11.176,494.0,619.0,729.0,678.0
11.196,490.0,620.0,729.0,680.0
11.216,487.0,619.0,731.0,688.0
11.236,483.0,618.0,736.0,694.0
11.256,478.0,614.0,738.0,696.0
11.276,470.0,611.0,737.0,693.0
11.296,463.0,605.0,736.0,693.0
11.316,460.0,601.0,736.0,694.0
11.336,458.0,594.0,733.0,691.0
11.356,457.0,590.0,724.0,690.0
11.376,461.0,595.0,721.0,694.0
11.397,468.0,598.0,719.0,697.0
11.417,472.0,598.0,715.0,698.0
11.437,478.0,601.0,713.0,697.0
11.457,481.0,602.0,710.0,696.0
11.477,485.0,604.0,709.0,695.0
11.497,486.0,606.0,709.0,692.0
11.517,487.0,606.0,709.0,692.0
11.537,488.0,607.0,708.0,691.0
11.557,489.0,607.0,710.0,692.0
11.578,490.0,609.0,712.0,691.0
11.598,491.0,610.0,713.0,691.0
11.618,491.0,610.0,713.0,692.0
11.638,492.0,612.0,715.0,691.0
11.658,492.0,611.0,716.0,691.0
11.678,492.0,611.0,716.0,691.0
11.698,493.0,612.0,717.0,691.0
11.718,493.0,611.0,718.0,691.0
11.738,494.0,611.0,717.0,691.0
11.758,493.0,611.0,717.0,691.0
11.779,493.0,611.0,717.0,691.0
11.799,493.0,611.0,717.0,690.0
11.819,493.0,612.0,718.0,690.0
11.839,493.0,611.0,719.0,689.0
11.859,494.0,613.0,720.0,688.0
11.879,495.0,614.0,724.0,687.0
11.899,496.0,615.0,728.0,684.0
11.919,498.0,616.0,732.0,680.0
11.939,498.0,614.0,739.0,675.0
11.959,498.0,614.0,746.0,674.0
11.979,497.0,614.0,748.0,678.0
12.0,498.0,614.0,749.0,684.0
12.02,499.0,614.0,747.0,685.0
12.04,498.0,612.0,744.0,683.0
12.06,497.0,611.0,740.0,685.0
12.08,496.0,610.0,739.0,691.0
12.1,496.0,613.0,738.0,694.0
12.12,495.0,615.0,739.0,695.0
12.14,492.0,616.0,739.0,693.0
12.16,489.0,617.0,739.0,693.0
12.18,483.0,615.0,738.0,694.0
12.201,481.0,615.0,735.0,696.0
12.221,477.0,617.0,731.0,696.0
12.241,476.0,620.0,729.0,694.0
12.261,477.0,623.0,727.0,690.0
12.281,478.0,625.0,729.0,691.0
12.301,479.0,626.0,728.0,692.0
12.321,481.0,628.0,723.0,689.0
12.341,485.0,628.0,718.0,686.0
12.361,493.0,628.0,716.0,685.0
12.381,501.0,623.0,717.0,686.0
12.402,504.0,618.0,722.0,688.0
12.422,503.0,614.0,731.0,690.0
12.442,498.0,610.0,738.0,686.0
12.462,502.0,608.0,747.0,685.0
12.482,501.0,608.0,754.0,686.0
12.502,500.0,609.0,755.0,685.0
12.522,501.0,611.0,753.0,683.0
12.542,501.0,616.0,749.0,680.0
12.562,501.0,619.0,746.0,679.0
12.582,501.0,623.0,743.0,679.0
12.603,501.0,625.0,742.0,679.0
12.623,500.0,626.0,740.0,678.0
12.643,502.0,625.0,739.0,679.0
12.663,502.0,624.0,742.0,680.0
12.683,501.0,624.0,741.0,680.0
12.703,503.0,622.0,741.0,682.0
12.723,504.0,623.0,741.0,682.0
12.743,504.0,622.0,736.0,682.0
12.763,504.0,621.0,737.0,682.0
12.783,504.0,619.0,738.0,681.0
12.804,503.0,617.0,738.0,683.0
12.824,501.0,614.0,735.0,683.0
12.844,500.0,613.0,735.0,683.0
12.864,499.0,612.0,739.0,685.0
12.884,498.0,612.0,743.0,687.0
12.904,498.0,616.0,749.0,690.0
12.924,497.0,616.0,754.0,692.0
12.944,495.0,615.0,754.0,696.0
12.964,495.0,616.0,756.0,697.0
12.984,493.0,617.0,757.0,696.0
13.004,493.0,619.0,760.0,695.0
13.025,493.0,620.0,761.0,694.0
13.045,492.0,621.0,763.0,692.0
13.065,492.0,622.0,763.0,692.0
13.085,492.0,623.0,763.0,694.0
13.105,493.0,624.0,765.0,695.0
13.125,494.0,624.0,766.0,696.0
13.145,494.0,625.0,766.0,696.0
13.165,495.0,626.0,767.0,697.0
13.185,495.0,628.0,768.0,696.0
13.205,492.0,631.0,767.0,695.0
13.226,492.0,634.0,768.0,698.0
13.246,492.0,639.0,764.0,702.0
13.266,492.0,643.0,761.0,704.0
13.286,490.0,645.0,761.0,704.0
13.306,489.0,646.0,758.0,705.0
13.326,489.0,646.0,755.0,708.0
13.346,487.0,645.0,751.0,705.0
13.366,489.0,644.0,751.0,699.0
13.386,490.0,640.0,751.0,694.0
13.406,491.0,638.0,753.0,695.0
13.426,492.0,632.0,756.0,697.0
13.447,494.0,626.0,758.0,694.0
13.467,493.0,621.0,758.0,695.0
13.487,494.0,619.0,759.0,694.0
13.507,493.0,618.0,761.0,695.0
13.527,491.0,617.0,763.0,697.0
13.547,490.0,618.0,767.0,699.0
13.567,490.0,620.0,769.0,698.0
13.587,489.0,622.0,766.0,695.0
13.607,491.0,625.0,765.0,691.0
13.627,492.0,630.0,766.0,689.0
13.648,494.0,632.0,764.0,690.0
13.668,496.0,634.0,764.0,695.0
13.688,498.0,636.0,763.0,695.0
13.708,500.0,638.0,761.0,695.0
13.728,500.0,640.0,761.0,695.0
13.748,499.0,637.0,759.0,696.0
13.768,499.0,638.0,756.0,692.0
13.788,497.0,640.0,754.0,691.0
13.808,497.0,643.0,747.0,690.0
13.828,497.0,645.0,749.0,689.0
13.849,497.0,647.0,748.0,693.0
13.869,496.0,650.0,751.0,699.0
13.889,497.0,649.0,762.0,704.0
13.909,497.0,646.0,768.0,715.0
13.929,496.0,640.0,769.0,718.0
13.949,492.0,633.0,768.0,720.0
13.969,497.0,630.0,763.0,721.0
13.989,499.0,630.0,758.0,720.0
14.009,498.0,631.0,759.0,720.0
14.029,497.0,636.0,759.0,719.0
14.05,494.0,644.0,764.0,722.0
14.07,492.0,652.0,761.0,724.0
14.09,490.0,654.0,755.0,721.0
14.11,492.0,654.0,749.0,726.0
14.13,494.0,656.0,740.0,723.0
14.15,496.0,657.0,739.0,730.0
14.17,498.0,656.0,738.0,736.0
14.19,499.0,655.0,739.0,733.0
14.21,500.0,659.0,748.0,735.0
14.23,501.0,663.0,752.0,734.0
14.25,501.0,666.0,753.0,732.0
14.27,501.0,668.0,754.0,732.0
14.29,502.0,669.0,757.0,727.0
14.31,503.0,668.0,761.0,729.0
14.331,503.0,667.0,760.0,734.0
14.351,503.0,666.0,757.0,733.0
14.371,503.0,663.0,754.0,731.0
14.391,503.0,661.0,757.0,737.0
14.411,503.0,659.0,757.0,741.0
14.431,499.0,657.0,752.0,739.0
14.451,496.0,656.0,747.0,736.0
14.471,493.0,657.0,747.0,733.0
14.491,493.0,659.0,749.0,734.0
14.511,491.0,656.0,747.0,731.0
14.531,492.0,654.0,751.0,731.0
14.551,494.0,652.0,757.0,731.0
14.571,495.0,649.0,761.0,731.0
14.592,496.0,649.0,765.0,732.0
14.612,497.0,645.0,767.0,734.0
14.632,497.0,639.0,768.0,733.0
14.652,497.0,631.0,771.0,732.0
14.672,496.0,629.0,773.0,730.0
14.692,496.0,629.0,771.0,731.0
14.712,496.0,629.0,768.0,729.0
14.732,496.0,630.0,767.0,730.0
14.752,497.0,633.0,763.0,733.0
14.772,496.0,637.0,761.0,733.0
14.792,496.0,643.0,760.0,730.0
14.812,498.0,649.0,757.0,727.0
14.832,497.0,654.0,753.0,727.0
14.852,497.0,660.0,751.0,724.0
14.873,496.0,663.0,752.0,722.0
14.893,494.0,662.0,753.0,709.0
14.913,493.0,664.0,755.0,703.0
14.933,492.0,667.0,758.0,704.0
14.953,491.0,668.0,763.0,704.0
14.973,489.0,669.0,766.0,701.0
14.993,488.0,670.0,769.0,705.0
15.013,488.0,672.0,770.0,713.0
15.033,489.0,676.0,766.0,723.0
15.053,489.0,680.0,761.0,727.0
15.073,489.0,678.0,760.0,727.0
15.093,488.0,680.0,756.0,730.0
15.114,489.0,679.0,754.0,732.0
15.134,489.0,680.0,755.0,728.0
15.154,492.0,685.0,759.0,739.0
15.174,494.0,684.0,762.0,746.0
15.194,496.0,683.0,760.0,751.0
15.214,500.0,685.0,758.0,749.0
15.234,501.0,686.0,757.0,750.0
15.254,501.0,681.0,755.0,747.0
15.274,500.0,680.0,756.0,746.0
15.294,498.0,676.0,755.0,746.0
15.315,496.0,674.0,758.0,750.0
15.335,495.0,672.0,759.0,752.0
15.355,494.0,668.0,761.0,750.0
15.375,495.0,666.0,764.0,748.0
15.395,499.0,666.0,768.0,739.0
15.415,500.0,667.0,769.0,735.0
15.435,501.0,668.0,769.0,735.0
15.455,499.0,669.0,769.0,731.0
15.475,496.0,674.0,771.0,727.0
15.495,491.0,677.0,773.0,730.0
15.515,489.0,678.0,779.0,735.0
15.536,487.0,679.0,782.0,732.0
15.556,486.0,680.0,782.0,734.0
15.576,486.0,679.0,782.0,740.0
15.596,488.0,680.0,780.0,744.0
15.616,488.0,681.0,779.0,746.0
15.636,487.0,680.0,777.0,746.0
15.656,488.0,679.0,777.0,748.0
15.676,489.0,679.0,776.0,750.0
15.696,489.0,679.0,772.0,753.0
15.716,490.0,678.0,770.0,753.0
15.737,489.0,677.0,765.0,753.0
15.757,489.0,677.0,762.0,754.0
15.777,489.0,680.0,760.0,754.0
15.797,490.0,679.0,757.0,753.0
15.817,490.0,679.0,756.0,754.0
15.837,490.0,680.0,755.0,755.0
15.857,490.0,680.0,754.0,754.0
15.877,490.0,680.0,755.0,755.0
15.897,493.0,681.0,753.0,754.0
15.917,490.0,681.0,753.0,754.0
15.938,492.0,681.0,754.0,755.0
15.958,491.0,680.0,753.0,754.0
15.978,490.0,678.0,753.0,755.0
15.998,491.0,678.0,752.0,754.0
16.018,491.0,678.0,751.0,753.0
16.038,492.0,679.0,752.0,756.0
16.058,492.0,679.0,752.0,755.0
16.078,492.0,679.0,752.0,755.0
16.098,492.0,680.0,753.0,755.0
16.118,492.0,679.0,753.0,756.0
16.138,490.0,679.0,753.0,755.0
16.159,492.0,679.0,753.0,756.0
16.179,491.0,679.0,753.0,755.0
16.199,491.0,680.0,752.0,755.0
16.219,491.0,680.0,752.0,755.0
16.239,491.0,681.0,753.0,756.0
16.259,492.0,681.0,754.0,755.0
16.279,492.0,682.0,753.0,756.0
16.299,492.0,680.0,755.0,756.0
16.319,493.0,681.0,755.0,756.0
16.339,494.0,681.0,755.0,756.0
16.36,494.0,681.0,755.0,756.0
16.38,495.0,680.0,754.0,755.0
16.4,495.0,681.0,753.0,754.0
16.42,496.0,679.0,753.0,755.0
16.44,497.0,681.0,753.0,754.0
16.46,497.0,682.0,753.0,753.0
16.48,498.0,682.0,753.0,753.0
16.5,498.0,682.0,752.0,752.0
16.52,498.0,683.0,750.0,749.0
16.54,499.0,685.0,750.0,748.0
16.56,501.0,688.0,748.0,749.0
16.581,501.0,692.0,748.0,755.0
16.601,502.0,697.0,749.0,762.0
16.621,503.0,699.0,755.0,763.0
16.641,502.0,698.0,759.0,762.0
16.661,504.0,700.0,762.0,771.0
16.681,505.0,702.0,759.0,776.0
16.701,505.0,700.0,758.0,776.0
16.721,507.0,699.0,760.0,772.0
16.741,508.0,699.0,760.0,766.0
16.761,508.0,696.0,763.0,764.0
16.782,509.0,696.0,765.0,763.0
16.802,510.0,697.0,766.0,761.0
16.822,510.0,695.0,765.0,760.0
16.842,511.0,696.0,766.0,758.0
16.862,511.0,696.0,767.0,757.0
16.882,512.0,695.0,767.0,756.0
16.902,512.0,695.0,768.0,754.0
16.922,512.0,695.0,767.0,752.0
16.942,512.0,694.0,767.0,749.0
16.962,512.0,693.0,766.0,747.0
16.983,512.0,694.0,763.0,745.0
17.003,512.0,693.0,761.0,743.0
17.023,512.0,692.0,759.0,741.0
17.043,511.0,691.0,759.0,739.0
17.063,511.0,691.0,758.0,735.0
17.083,511.0,691.0,758.0,732.0
17.103,510.0,692.0,759.0,730.0
17.123,509.0,694.0,760.0,731.0
17.143,508.0,697.0,761.0,734.0
17.163,507.0,699.0,760.0,737.0
17.184,507.0,701.0,758.0,740.0
17.204,506.0,700.0,759.0,746.0
17.224,506.0,701.0,763.0,749.0
17.244,505.0,704.0,767.0,751.0
17.264,507.0,706.0,770.0,756.0
17.284,507.0,701.0,767.0,758.0
17.304,509.0,699.0,769.0,764.0
17.324,511.0,699.0,775.0,763.0
17.344,512.0,696.0,776.0,764.0
17.364,512.0,693.0,773.0,773.0
17.384,515.0,688.0,773.0,776.0
17.405,516.0,684.0,770.0,776.0
17.425,520.0,682.0,770.0,773.0
17.445,523.0,683.0,772.0,774.0
17.465,524.0,689.0,780.0,773.0
17.485,524.0,693.0,778.0,766.0
17.505,523.0,699.0,775.0,769.0
17.525,520.0,702.0,776.0,772.0
17.545,518.0,705.0,776.0,767.0
17.565,515.0,706.0,774.0,762.0
17.585,511.0,705.0,776.0,767.0
17.606,508.0,708.0,779.0,763.0
17.626,504.0,708.0,783.0,758.0
17.646,501.0,709.0,787.0,745.0
17.666,500.0,712.0,786.0,740.0
17.686,501.0,712.0,785.0,745.0
17.706,502.0,708.0,785.0,735.0
17.726,503.0,702.0,786.0,733.0
17.746,505.0,698.0,783.0,742.0
17.766,506.0,694.0,779.0,746.0
17.786,508.0,695.0,778.0,752.0
17.806,509.0,694.0,779.0,758.0
17.827,512.0,693.0,782.0,761.0
17.847,514.0,693.0,781.0,761.0
17.867,518.0,695.0,783.0,759.0
17.887,519.0,695.0,780.0,756.0
17.907,522.0,697.0,780.0,751.0
17.927,523.0,700.0,781.0,742.0
17.947,522.0,703.0,781.0,734.0
17.967,523.0,711.0,780.0,733.0
17.987,522.0,716.0,779.0,731.0
18.007,522.0,715.0,782.0,727.0
18.028,521.0,713.0,784.0,722.0
18.048,518.0,706.0,781.0,729.0
18.068,516.0,703.0,782.0,733.0
18.088,515.0,707.0,785.0,737.0
18.108,514.0,709.0,787.0,750.0
18.128,513.0,713.0,786.0,752.0
18.148,512.0,723.0,789.0,759.0
18.168,512.0,726.0,789.0,756.0
18.188,511.0,727.0,789.0,757.0
18.208,511.0,723.0,788.0,761.0
18.228,510.0,716.0,788.0,757.0
18.249,510.0,710.0,788.0,757.0
18.269,510.0,707.0,785.0,761.0
18.289,511.0,707.0,785.0,768.0
18.309,511.0,708.0,788.0,772.0
18.329,513.0,708.0,783.0,766.0
18.349,514.0,710.0,777.0,768.0
18.369,516.0,717.0,773.0,769.0
18.389,517.0,717.0,765.0,774.0
18.409,515.0,719.0,762.0,784.0
18.429,514.0,722.0,765.0,786.0
18.45,514.0,725.0,768.0,792.0
18.47,512.0,724.0,770.0,800.0
18.49,510.0,725.0,774.0,805.0
18.51,508.0,725.0,779.0,807.0
18.53,507.0,725.0,782.0,803.0
18.55,506.0,723.0,784.0,797.0
18.57,504.0,722.0,786.0,791.0
18.59,505.0,724.0,789.0,784.0
18.61,504.0,725.0,791.0,777.0
18.63,504.0,724.0,792.0,769.0
18.651,503.0,723.0,791.0,764.0
18.671,503.0,723.0,793.0,761.0
18.691,503.0,725.0,794.0,761.0
18.711,505.0,724.0,795.0,762.0
18.731,505.0,721.0,796.0,764.0
18.751,506.0,720.0,797.0,765.0
18.771,507.0,719.0,799.0,765.0
18.791,507.0,719.0,801.0,759.0
18.811,507.0,719.0,802.0,757.0
18.831,507.0,719.0,803.0,754.0
18.851,508.0,718.0,804.0,753.0
18.872,507.0,718.0,802.0,751.0
18.892,508.0,719.0,805.0,752.0
18.912,508.0,720.0,806.0,753.0
18.932,509.0,720.0,806.0,753.0
18.952,508.0,720.0,806.0,754.0
18.972,507.0,719.0,804.0,752.0
18.992,509.0,722.0,807.0,756.0
19.012,510.0,723.0,809.0,756.0
19.032,508.0,721.0,806.0,754.0
19.053,509.0,722.0,807.0,753.0
19.073,510.0,722.0,809.0,756.0
19.093,511.0,724.0,809.0,755.0
19.113,511.0,725.0,811.0,757.0
19.133,511.0,725.0,812.0,757.0
19.153,511.0,724.0,811.0,756.0
19.173,511.0,725.0,811.0,755.0
19.193,511.0,725.0,813.0,757.0
19.213,511.0,726.0,813.0,756.0
19.233,511.0,725.0,813.0,756.0
19.253,511.0,725.0,812.0,756.0
19.273,512.0,726.0,814.0,756.0
19.293,511.0,725.0,814.0,756.0
19.313,511.0,725.0,814.0,757.0
19.334,511.0,725.0,814.0,756.0
19.354,511.0,726.0,814.0,756.0
19.374,511.0,726.0,814.0,756.0
19.394,512.0,726.0,815.0,757.0
19.414,512.0,727.0,815.0,757.0
19.434,512.0,726.0,815.0,756.0
19.454,511.0,726.0,815.0,758.0
19.474,512.0,727.0,814.0,756.0
19.494,511.0,726.0,815.0,757.0
19.514,511.0,726.0,815.0,757.0
19.534,512.0,727.0,816.0,757.0
19.555,512.0,726.0,813.0,757.0
19.575,511.0,726.0,813.0,756.0
19.595,511.0,725.0,814.0,757.0
19.615,511.0,726.0,814.0,757.0
19.635,511.0,725.0,813.0,757.0
19.655,511.0,725.0,814.0,756.0
19.675,511.0,725.0,813.0,756.0
19.695,511.0,726.0,814.0,757.0
19.715,511.0,726.0,814.0,756.0
19.735,511.0,725.0,812.0,756.0
19.756,511.0,725.0,812.0,756.0
19.776,511.0,724.0,812.0,756.0
19.796,511.0,724.0,812.0,756.0
19.816,511.0,724.0,810.0,756.0
19.836,511.0,723.0,809.0,756.0
19.856,510.0,722.0,808.0,755.0
19.876,511.0,723.0,810.0,756.0
19.896,511.0,724.0,809.0,756.0
19.916,510.0,722.0,809.0,756.0
19.937,511.0,723.0,810.0,756.0
19.957,511.0,723.0,809.0,756.0
19.977,511.0,722.0,809.0,754.0
19.997,511.0,724.0,810.0,753.0
20.017,512.0,727.0,810.0,756.0
20.037,513.0,728.0,811.0,765.0
20.057,515.0,727.0,811.0,776.0
20.077,514.0,728.0,810.0,779.0
20.097,516.0,734.0,813.0,775.0
20.117,517.0,737.0,812.0,773.0
20.138,517.0,736.0,810.0,772.0
20.158,515.0,734.0,808.0,774.0
20.178,514.0,730.0,806.0,777.0
20.198,513.0,729.0,804.0,779.0
20.218,514.0,727.0,812.0,779.0
20.238,517.0,725.0,807.0,777.0
20.258,520.0,726.0,814.0,775.0
20.278,526.0,728.0,812.0,780.0
20.298,530.0,733.0,811.0,785.0
20.318,532.0,737.0,811.0,788.0
20.338,536.0,741.0,811.0,785.0
20.359,536.0,741.0,811.0,778.0
20.379,534.0,742.0,809.0,768.0
20.399,534.0,741.0,812.0,761.0
20.419,532.0,741.0,814.0,756.0
20.439,530.0,739.0,816.0,753.0
20.459,529.0,740.0,818.0,754.0
20.479,528.0,740.0,816.0,758.0
20.499,528.0,739.0,814.0,759.0
20.519,530.0,741.0,815.0,759.0
20.539,531.0,742.0,811.0,760.0
20.56,532.0,743.0,805.0,762.0
20.58,532.0,742.0,797.0,764.0
20.6,533.0,745.0,791.0,768.0
20.62,535.0,747.0,787.0,774.0
20.64,535.0,750.0,784.0,776.0
20.66,535.0,750.0,782.0,778.0
20.68,536.0,753.0,780.0,778.0
20.7,537.0,754.0,777.0,776.0
20.72,538.0,756.0,774.0,775.0
20.74,538.0,756.0,770.0,773.0
20.761,538.0,756.0,765.0,772.0
20.781,539.0,756.0,761.0,769.0
20.801,538.0,753.0,758.0,769.0
20.821,537.0,754.0,757.0,768.0
20.841,537.0,756.0,759.0,765.0
20.861,539.0,759.0,763.0,764.0
20.881,540.0,760.0,768.0,762.0
20.901,541.0,759.0,771.0,762.0
20.921,540.0,759.0,772.0,764.0
20.941,540.0,759.0,770.0,770.0
20.962,541.0,760.0,770.0,773.0
20.982,541.0,761.0,770.0,776.0
21.002,542.0,762.0,772.0,778.0
21.022,543.0,762.0,772.0,781.0
21.042,544.0,763.0,773.0,780.0
21.062,544.0,763.0,776.0,782.0
21.082,544.0,764.0,776.0,780.0
21.102,544.0,764.0,776.0,781.0
21.122,543.0,762.0,774.0,779.0
21.142,544.0,763.0,774.0,780.0
21.163,542.0,762.0,773.0,780.0
21.183,543.0,762.0,772.0,779.0
21.203,544.0,763.0,774.0,780.0
21.223,544.0,764.0,775.0,781.0
21.243,544.0,765.0,775.0,781.0
21.263,544.0,766.0,776.0,781.0
21.283,544.0,765.0,775.0,780.0
21.303,544.0,764.0,776.0,781.0
21.323,544.0,765.0,776.0,781.0
21.343,544.0,765.0,776.0,781.0
21.364,545.0,765.0,776.0,781.0
21.384,545.0,766.0,776.0,782.0
21.404,545.0,766.0,776.0,781.0
21.424,544.0,765.0,775.0,780.0
21.444,545.0,765.0,776.0,781.0
21.464,544.0,765.0,776.0,781.0
21.484,544.0,765.0,776.0,781.0
21.504,545.0,765.0,776.0,782.0
21.524,544.0,763.0,774.0,780.0
21.544,544.0,764.0,776.0,782.0
21.564,545.0,765.0,776.0,782.0
21.585,545.0,765.0,776.0,782.0
21.605,545.0,765.0,775.0,781.0
21.625,545.0,766.0,776.0,783.0
21.645,545.0,765.0,775.0,782.0
21.665,545.0,766.0,776.0,782.0
21.685,545.0,764.0,776.0,782.0
21.705,545.0,766.0,776.0,782.0
21.725,546.0,766.0,777.0,782.0
21.745,545.0,766.0,777.0,782.0
21.766,546.0,766.0,777.0,782.0
21.786,545.0,765.0,776.0,782.0
21.806,546.0,766.0,777.0,782.0
21.826,546.0,766.0,776.0,781.0
21.846,544.0,765.0,776.0,781.0
21.866,545.0,766.0,777.0,782.0
21.886,545.0,765.0,776.0,781.0
21.906,544.0,764.0,776.0,781.0
21.926,545.0,765.0,775.0,781.0
21.946,545.0,766.0,776.0,782.0
21.966,545.0,766.0,777.0,783.0
21.987,546.0,766.0,776.0,781.0
22.007,546.0,765.0,775.0,782.0
22.027,545.0,765.0,775.0,781.0
22.047,545.0,766.0,776.0,782.0
22.067,545.0,766.0,776.0,782.0
22.087,545.0,765.0,776.0,782.0
22.107,545.0,766.0,776.0,782.0
22.127,545.0,766.0,777.0,781.0
22.147,545.0,765.0,777.0,781.0
22.167,545.0,765.0,776.0,782.0
22.188,546.0,766.0,777.0,782.0
22.208,545.0,766.0,777.0,782.0
22.228,545.0,766.0,778.0,782.0
22.248,546.0,766.0,778.0,782.0
22.268,546.0,766.0,778.0,783.0
22.288,545.0,766.0,777.0,782.0
22.308,545.0,766.0,777.0,782.0
22.328,545.0,765.0,777.0,782.0
22.348,545.0,765.0,777.0,781.0
22.368,545.0,765.0,777.0,782.0
22.389,546.0,766.0,777.0,782.0
22.409,544.0,766.0,777.0,781.0
22.429,545.0,765.0,777.0,782.0
22.449,544.0,765.0,777.0,782.0
22.469,545.0,765.0,777.0,781.0
22.489,545.0,765.0,777.0,782.0
22.509,544.0,764.0,776.0,781.0
22.529,545.0,765.0,776.0,781.0
22.549,545.0,764.0,777.0,782.0
22.569,545.0,765.0,777.0,782.0
22.59,545.0,766.0,777.0,783.0
22.61,545.0,765.0,777.0,782.0
22.63,544.0,764.0,776.0,781.0
22.65,545.0,765.0,776.0,783.0
22.67,545.0,767.0,777.0,782.0
22.69,545.0,766.0,777.0,782.0
22.71,545.0,765.0,778.0,782.0
22.73,545.0,766.0,777.0,782.0
22.75,545.0,765.0,777.0,782.0
22.77,545.0,765.0,777.0,781.0
22.791,545.0,765.0,779.0,782.0
22.811,545.0,766.0,777.0,782.0
22.831,545.0,766.0,777.0,782.0
22.851,545.0,766.0,775.0,781.0
22.871,545.0,766.0,777.0,782.0
22.891,546.0,766.0,778.0,782.0
22.911,545.0,766.0,776.0,782.0
22.931,545.0,766.0,777.0,782.0
22.951,545.0,765.0,777.0,782.0
22.971,545.0,766.0,777.0,782.0
22.992,545.0,766.0,777.0,782.0
23.012,545.0,765.0,776.0,782.0
23.032,545.0,765.0,777.0,781.0
23.052,545.0,765.0,777.0,782.0
23.072,545.0,766.0,778.0,782.0
23.092,544.0,766.0,776.0,782.0
23.112,545.0,764.0,776.0,781.0
23.132,546.0,766.0,777.0,782.0
23.152,546.0,766.0,777.0,782.0
23.172,544.0,766.0,777.0,782.0
23.193,546.0,767.0,778.0,783.0
23.213,546.0,766.0,777.0,782.0
23.233,545.0,766.0,777.0,782.0
23.253,546.0,766.0,777.0,782.0
23.273,546.0,766.0,778.0,783.0
23.293,545.0,766.0,777.0,782.0
23.313,544.0,766.0,777.0,782.0
23.333,545.0,766.0,776.0,782.0
23.353,545.0,765.0,777.0,781.0
23.374,545.0,766.0,776.0,781.0
23.394,545.0,765.0,777.0,781.0
23.414,545.0,765.0,776.0,781.0
23.434,545.0,765.0,776.0,782.0
23.454,545.0,765.0,775.0,780.0
23.474,546.0,765.0,776.0,781.0
23.494,545.0,765.0,776.0,782.0
23.514,544.0,765.0,775.0,781.0
23.534,544.0,765.0,777.0,781.0
23.554,544.0,762.0,773.0,778.0
23.575,544.0,764.0,774.0,780.0
23.595,544.0,764.0,775.0,781.0
23.615,544.0,764.0,776.0,781.0
23.635,545.0,764.0,774.0,780.0
23.655,544.0,764.0,776.0,780.0
23.675,542.0,762.0,773.0,778.0
23.695,543.0,763.0,774.0,778.0
23.715,542.0,762.0,773.0,777.0
23.735,543.0,762.0,774.0,775.0
23.755,543.0,762.0,774.0,778.0
23.776,543.0,762.0,774.0,777.0
23.796,542.0,762.0,773.0,778.0
23.816,542.0,761.0,773.0,777.0
23.836,542.0,761.0,773.0,777.0
23.856,542.0,761.0,772.0,778.0
23.876,542.0,761.0,772.0,777.0
23.896,541.0,760.0,772.0,777.0
23.916,542.0,760.0,772.0,777.0
23.936,541.0,759.0,771.0,776.0
23.956,541.0,759.0,771.0,777.0
23.977,541.0,758.0,770.0,776.0
23.997,542.0,761.0,771.0,778.0
24.017,542.0,760.0,772.0,779.0
24.037,539.0,761.0,770.0,777.0
24.057,542.0,760.0,770.0,778.0
24.077,544.0,762.0,774.0,781.0
24.097,544.0,764.0,774.0,782.0
24.117,544.0,761.0,774.0,783.0
24.137,544.0,763.0,773.0,783.0
24.157,545.0,761.0,774.0,783.0
24.177,544.0,762.0,775.0,784.0
24.198,542.0,761.0,774.0,786.0
24.218,542.0,764.0,772.0,782.0
24.238,544.0,767.0,775.0,782.0
24.258,546.0,767.0,779.0,782.0
24.278,547.0,764.0,790.0,778.0
24.298,546.0,760.0,803.0,780.0
24.318,545.0,758.0,817.0,784.0
24.338,544.0,758.0,830.0,785.0
24.358,542.0,759.0,837.0,791.0
24.378,537.0,765.0,843.0,794.0
24.398,536.0,771.0,842.0,795.0
24.418,534.0,773.0,844.0,801.0
24.438,537.0,767.0,840.0,808.0
24.458,536.0,761.0,844.0,812.0
24.479,537.0,754.0,840.0,804.0
24.499,537.0,754.0,840.0,800.0
24.519,542.0,755.0,838.0,793.0
24.539,544.0,759.0,826.0,789.0
24.559,545.0,761.0,818.0,798.0
24.579,544.0,762.0,809.0,804.0
24.599,544.0,761.0,809.0,816.0
24.619,544.0,759.0,818.0,826.0
24.639,549.0,757.0,827.0,822.0
24.659,553.0,752.0,836.0,816.0
24.679,557.0,756.0,839.0,806.0
24.699,557.0,762.0,835.0,799.0
24.719,554.0,765.0,830.0,803.0
24.739,551.0,773.0,823.0,798.0
24.76,550.0,774.0,821.0,801.0
24.78,552.0,774.0,825.0,810.0
24.8,557.0,776.0,831.0,811.0
24.82,561.0,769.0,838.0,809.0
24.84,562.0,773.0,838.0,807.0
24.86,562.0,773.0,842.0,802.0
24.88,561.0,776.0,843.0,800.0
24.9,562.0,778.0,843.0,795.0
24.92,566.0,781.0,843.0,797.0
24.94,570.0,778.0,848.0,798.0
24.96,572.0,778.0,849.0,793.0
24.98,569.0,778.0,850.0,800.0
25.0,565.0,780.0,857.0,795.0
25.021,560.0,778.0,859.0,789.0
25.041,561.0,782.0,860.0,787.0
25.061,562.0,780.0,858.0,785.0
25.081,566.0,782.0,858.0,795.0
25.101,568.0,788.0,857.0,795.0
25.121,569.0,789.0,854.0,788.0
25.141,567.0,788.0,852.0,804.0
25.161,566.0,793.0,853.0,796.0
25.181,564.0,780.0,852.0,799.0
25.201,562.0,782.0,851.0,813.0
25.221,560.0,786.0,849.0,816.0
25.242,558.0,784.0,848.0,811.0
25.262,557.0,789.0,849.0,806.0
25.282,556.0,793.0,849.0,805.0
25.302,557.0,796.0,846.0,799.0
25.322,558.0,795.0,842.0,793.0
25.342,560.0,796.0,843.0,793.0
25.362,561.0,795.0,842.0,795.0
25.382,561.0,792.0,842.0,794.0
25.402,562.0,790.0,842.0,793.0
25.422,563.0,788.0,839.0,793.0
25.442,563.0,788.0,838.0,793.0
25.463,563.0,786.0,839.0,794.0
25.483,563.0,785.0,839.0,796.0
25.503,562.0,783.0,839.0,797.0
25.523,561.0,784.0,840.0,799.0
25.543,562.0,786.0,839.0,800.0
25.563,563.0,784.0,838.0,801.0
25.583,563.0,782.0,839.0,803.0
25.603,564.0,782.0,843.0,805.0
25.623,565.0,785.0,848.0,807.0
25.643,566.0,788.0,850.0,809.0
25.664,567.0,787.0,848.0,818.0
25.684,568.0,788.0,847.0,817.0
25.704,571.0,790.0,852.0,814.0
25.724,570.0,794.0,854.0,820.0
25.744,569.0,791.0,850.0,803.0
25.764,567.0,790.0,849.0,783.0
25.784,566.0,789.0,850.0,788.0
25.804,565.0,790.0,847.0,794.0
25.824,564.0,788.0,843.0,804.0
25.844,562.0,787.0,840.0,819.0
25.864,561.0,789.0,837.0,839.0
25.885,561.0,790.0,835.0,854.0
25.905,561.0,793.0,836.0,860.0
25.925,559.0,793.0,838.0,860.0
25.945,559.0,794.0,841.0,861.0
25.965,560.0,793.0,840.0,860.0
25.985,559.0,794.0,840.0,861.0
26.005,558.0,794.0,840.0,861.0
26.025,559.0,793.0,840.0,861.0
26.045,558.0,794.0,839.0,861.0
26.065,558.0,793.0,839.0,861.0
26.086,558.0,793.0,841.0,861.0
26.106,559.0,793.0,841.0,861.0
26.126,558.0,794.0,841.0,861.0
26.146,559.0,793.0,840.0,861.0
26.166,557.0,791.0,840.0,860.0
26.186,559.0,793.0,839.0,859.0
26.206,558.0,793.0,838.0,861.0
26.226,558.0,793.0,839.0,861.0
26.246,557.0,792.0,838.0,860.0
26.266,558.0,792.0,840.0,862.0
26.286,558.0,793.0,839.0,860.0
26.307,559.0,792.0,840.0,860.0
26.327,558.0,792.0,841.0,859.0
26.347,559.0,793.0,841.0,861.0
26.367,558.0,792.0,841.0,860.0
26.387,558.0,793.0,839.0,860.0
26.407,558.0,791.0,839.0,860.0
26.427,557.0,792.0,840.0,860.0
26.447,558.0,793.0,840.0,860.0
26.467,558.0,793.0,841.0,860.0
26.487,557.0,794.0,842.0,860.0
26.508,557.0,793.0,845.0,859.0
26.528,557.0,794.0,848.0,857.0
26.548,557.0,794.0,851.0,854.0
26.568,558.0,791.0,853.0,846.0
26.588,559.0,790.0,855.0,835.0
26.608,560.0,788.0,854.0,824.0
26.628,560.0,791.0,856.0,819.0
26.648,561.0,794.0,859.0,824.0
26.668,562.0,787.0,859.0,819.0
26.688,562.0,784.0,863.0,811.0
26.709,563.0,790.0,863.0,815.0
26.729,567.0,794.0,869.0,818.0
26.749,569.0,797.0,871.0,827.0
26.769,570.0,800.0,863.0,830.0
26.789,571.0,799.0,862.0,816.0
26.809,571.0,788.0,860.0,808.0
26.829,571.0,777.0,862.0,794.0
26.849,572.0,768.0,871.0,776.0
26.869,574.0,770.0,876.0,776.0
26.889,574.0,776.0,874.0,765.0
26.909,574.0,784.0,870.0,764.0
26.93,573.0,786.0,865.0,762.0
26.95,568.0,778.0,855.0,763.0
26.97,570.0,778.0,859.0,761.0
26.99,572.0,774.0,859.0,766.0
27.01,571.0,777.0,859.0,766.0
27.03,576.0,779.0,864.0,772.0
27.05,580.0,785.0,864.0,773.0
27.07,583.0,785.0,868.0,770.0
27.09,586.0,781.0,872.0,774.0
27.11,585.0,779.0,872.0,772.0
27.131,585.0,779.0,872.0,770.0
27.151,586.0,779.0,874.0,768.0
27.171,586.0,780.0,878.0,768.0
27.191,587.0,780.0,880.0,767.0
27.211,587.0,780.0,880.0,768.0
27.231,587.0,780.0,880.0,766.0
27.251,587.0,779.0,881.0,767.0
27.271,587.0,779.0,880.0,766.0
27.291,586.0,779.0,881.0,766.0
27.311,587.0,780.0,882.0,765.0
27.331,587.0,780.0,882.0,765.0
27.352,586.0,778.0,881.0,763.0
27.372,585.0,779.0,885.0,762.0
27.392,584.0,779.0,888.0,762.0
27.412,582.0,780.0,888.0,764.0
27.432,579.0,780.0,891.0,765.0
27.452,580.0,786.0,896.0,756.0
27.472,583.0,783.0,891.0,748.0
27.492,585.0,792.0,873.0,765.0
27.512,570.0,779.0,851.0,762.0
27.532,568.0,784.0,846.0,780.0
27.553,564.0,784.0,864.0,769.0
27.573,576.0,785.0,898.0,764.0
27.593,579.0,782.0,882.0,782.0
27.613,576.0,788.0,877.0,797.0
27.633,575.0,791.0,869.0,789.0
27.653,575.0,792.0,882.0,784.0
27.673,573.0,793.0,898.0,788.0
27.693,572.0,766.0,897.0,791.0
27.713,571.0,763.0,896.0,804.0
27.733,570.0,761.0,899.0,801.0
27.754,568.0,751.0,904.0,788.0
27.774,568.0,752.0,900.0,778.0
27.794,568.0,766.0,897.0,787.0
27.814,567.0,777.0,893.0,783.0
27.834,567.0,774.0,893.0,780.0
27.854,567.0,774.0,887.0,796.0
27.874,567.0,778.0,884.0,796.0
27.894,566.0,772.0,886.0,793.0
27.914,564.0,768.0,883.0,796.0
27.934,561.0,771.0,883.0,796.0
27.955,556.0,768.0,879.0,797.0
27.975,553.0,765.0,880.0,796.0
27.995,552.0,766.0,876.0,792.0
28.015,552.0,768.0,873.0,795.0
28.035,550.0,767.0,870.0,792.0
28.055,545.0,768.0,851.0,794.0
28.075,542.0,770.0,857.0,801.0
28.095,541.0,769.0,856.0,805.0
28.115,544.0,765.0,872.0,801.0
28.135,551.0,768.0,884.0,797.0
28.156,560.0,772.0,881.0,795.0
28.176,566.0,774.0,877.0,795.0
28.196,566.0,777.0,875.0,788.0
28.216,562.0,788.0,877.0,790.0
28.236,559.0,796.0,875.0,799.0
28.256,552.0,802.0,876.0,801.0
28.276,543.0,799.0,878.0,791.0
28.296,544.0,794.0,883.0,793.0
28.316,547.0,789.0,885.0,792.0
28.336,548.0,786.0,888.0,790.0
28.356,554.0,790.0,892.0,794.0
28.377,560.0,800.0,896.0,797.0
28.397,566.0,810.0,904.0,799.0
28.417,567.0,817.0,904.0,801.0
28.437,565.0,823.0,899.0,805.0
28.457,563.0,829.0,891.0,805.0
28.477,561.0,835.0,883.0,805.0
28.497,558.0,835.0,875.0,802.0
28.517,557.0,833.0,861.0,798.0
28.537,559.0,828.0,855.0,798.0
28.557,561.0,820.0,862.0,796.0
28.578,561.0,818.0,868.0,794.0
28.598,567.0,817.0,862.0,789.0
28.618,582.0,818.0,869.0,788.0
28.638,588.0,819.0,889.0,791.0
28.658,588.0,821.0,907.0,782.0
28.678,581.0,819.0,907.0,776.0
28.698,577.0,814.0,900.0,778.0
28.718,578.0,813.0,896.0,780.0
28.738,572.0,810.0,893.0,776.0
28.759,569.0,805.0,892.0,774.0
28.779,572.0,802.0,894.0,780.0
28.799,571.0,803.0,893.0,786.0
28.819,567.0,805.0,892.0,787.0
28.839,564.0,801.0,893.0,788.0
28.859,560.0,795.0,890.0,794.0
28.879,557.0,791.0,885.0,797.0
28.899,558.0,785.0,874.0,798.0
28.919,561.0,783.0,868.0,801.0
28.94,564.0,778.0,860.0,803.0
28.96,568.0,776.0,861.0,802.0
28.98,572.0,773.0,856.0,807.0
29.0,571.0,770.0,853.0,806.0
29.02,568.0,769.0,854.0,800.0
29.04,565.0,774.0,847.0,802.0
29.06,560.0,782.0,842.0,805.0
29.08,560.0,784.0,836.0,797.0
29.101,562.0,784.0,832.0,796.0
29.121,562.0,789.0,832.0,799.0
29.141,560.0,789.0,828.0,799.0
29.161,564.0,794.0,829.0,799.0
29.181,569.0,794.0,834.0,800.0
29.201,573.0,794.0,838.0,800.0
29.221,575.0,792.0,843.0,800.0
29.241,578.0,793.0,847.0,800.0
29.261,581.0,795.0,852.0,799.0
29.281,583.0,794.0,853.0,797.0
29.301,583.0,793.0,855.0,794.0
29.321,583.0,790.0,854.0,792.0
29.342,583.0,789.0,853.0,792.0
29.362,583.0,789.0,853.0,792.0
29.382,584.0,790.0,854.0,794.0
29.402,583.0,791.0,853.0,795.0
29.422,583.0,792.0,852.0,795.0
29.442,582.0,792.0,852.0,796.0
29.462,583.0,798.0,857.0,798.0
29.482,583.0,798.0,858.0,800.0
29.502,582.0,799.0,858.0,801.0
29.522,583.0,800.0,857.0,802.0
29.542,584.0,802.0,856.0,802.0
29.562,584.0,803.0,859.0,804.0
29.582,585.0,803.0,858.0,804.0
29.602,585.0,803.0,859.0,803.0
29.623,584.0,802.0,858.0,803.0
29.643,585.0,804.0,856.0,802.0
29.663,586.0,804.0,859.0,803.0
29.683,586.0,803.0,859.0,804.0
29.703,584.0,802.0,858.0,803.0
29.723,585.0,802.0,858.0,803.0
29.743,585.0,802.0,858.0,803.0
29.763,586.0,804.0,858.0,803.0
29.783,585.0,803.0,860.0,805.0
29.803,586.0,803.0,859.0,804.0
29.823,585.0,802.0,858.0,803.0
29.843,585.0,802.0,857.0,803.0
29.863,586.0,803.0,857.0,802.0
29.883,587.0,805.0,859.0,804.0
29.904,586.0,804.0,859.0,804.0
29.924,586.0,803.0,858.0,804.0
29.944,585.0,802.0,858.0,803.0
29.964,584.0,803.0,858.0,803.0
29.984,585.0,803.0,857.0,803.0
30.004,587.0,804.0,860.0,804.0
30.024,586.0,803.0,859.0,804.0
30.044,586.0,803.0,859.0,804.0
30.064,586.0,803.0,859.0,804.0
30.084,585.0,803.0,858.0,803.0
30.104,587.0,805.0,859.0,805.0
30.124,586.0,805.0,859.0,804.0
30.144,587.0,805.0,860.0,805.0
30.165,587.0,805.0,860.0,806.0
30.185,587.0,804.0,861.0,806.0
30.205,587.0,804.0,860.0,804.0
30.225,586.0,804.0,859.0,804.0
30.245,586.0,803.0,857.0,802.0
30.265,586.0,803.0,859.0,804.0
30.285,586.0,804.0,859.0,804.0
30.305,586.0,804.0,858.0,804.0
30.325,586.0,803.0,858.0,804.0
30.345,586.0,804.0,859.0,804.0
30.366,584.0,803.0,857.0,802.0
30.386,586.0,803.0,859.0,804.0
30.406,586.0,803.0,859.0,804.0
30.426,586.0,803.0,859.0,804.0
30.446,586.0,803.0,858.0,803.0
30.466,586.0,803.0,859.0,804.0
30.486,586.0,803.0,858.0,804.0
30.506,586.0,804.0,859.0,804.0
30.526,586.0,804.0,858.0,804.0
30.546,586.0,804.0,859.0,804.0
30.566,586.0,803.0,858.0,803.0
30.587,586.0,804.0,859.0,804.0
30.607,586.0,804.0,859.0,804.0
30.627,587.0,804.0,859.0,804.0
30.647,585.0,803.0,859.0,804.0
30.667,586.0,804.0,858.0,804.0
30.687,586.0,804.0,859.0,804.0
30.707,586.0,803.0,859.0,804.0
30.727,586.0,804.0,859.0,804.0
30.747,586.0,802.0,858.0,803.0
30.767,586.0,803.0,858.0,803.0
30.788,586.0,804.0,859.0,803.0
30.808,586.0,803.0,859.0,804.0
30.828,586.0,803.0,859.0,804.0
30.848,585.0,802.0,858.0,803.0
30.868,586.0,803.0,859.0,804.0
30.888,586.0,804.0,859.0,804.0
30.908,586.0,805.0,859.0,804.0
30.928,586.0,804.0,859.0,804.0
30.948,586.0,804.0,857.0,804.0
30.968,586.0,803.0,859.0,803.0
30.988,586.0,803.0,858.0,804.0
31.009,586.0,803.0,859.0,804.0
31.029,587.0,804.0,859.0,804.0
31.049,586.0,804.0,860.0,804.0
31.069,586.0,804.0,860.0,805.0
31.089,586.0,804.0,860.0,803.0
31.109,586.0,804.0,859.0,804.0
31.129,587.0,804.0,860.0,805.0
31.149,585.0,801.0,859.0,803.0
31.169,586.0,804.0,860.0,804.0
31.189,587.0,805.0,860.0,804.0
31.209,586.0,805.0,860.0,804.0
31.23,586.0,804.0,860.0,805.0
31.25,586.0,803.0,860.0,804.0
31.27,586.0,804.0,860.0,804.0
31.29,586.0,804.0,860.0,804.0
31.31,586.0,804.0,861.0,804.0
31.33,587.0,804.0,861.0,805.0
31.35,585.0,803.0,859.0,802.0
31.37,586.0,802.0,860.0,804.0
31.39,586.0,803.0,860.0,803.0
31.41,586.0,803.0,861.0,804.0
31.431,586.0,804.0,861.0,804.0
31.451,586.0,803.0,861.0,803.0
31.471,586.0,804.0,861.0,804.0
31.491,586.0,803.0,860.0,803.0
31.511,587.0,804.0,862.0,804.0
31.531,586.0,804.0,861.0,805.0
31.551,586.0,804.0,862.0,805.0
31.571,586.0,803.0,862.0,804.0
31.591,586.0,803.0,863.0,804.0
31.611,586.0,803.0,862.0,804.0
31.632,586.0,803.0,862.0,804.0
31.652,586.0,803.0,861.0,804.0
31.672,586.0,804.0,862.0,805.0
31.692,586.0,804.0,862.0,805.0
31.712,587.0,804.0,862.0,805.0
31.732,587.0,804.0,863.0,806.0
31.752,586.0,804.0,862.0,804.0
31.772,586.0,802.0,863.0,804.0
31.792,586.0,803.0,863.0,804.0
31.812,586.0,803.0,864.0,804.0
31.832,585.0,803.0,862.0,804.0
31.853,585.0,801.0,860.0,803.0
31.873,584.0,800.0,860.0,803.0
31.893,584.0,800.0,859.0,802.0
31.913,584.0,798.0,859.0,802.0
31.933,584.0,800.0,861.0,803.0
31.953,585.0,801.0,863.0,803.0
31.973,584.0,798.0,863.0,803.0
31.993,585.0,799.0,862.0,803.0
32.013,586.0,799.0,860.0,801.0
32.033,586.0,798.0,857.0,797.0
32.053,586.0,800.0,851.0,794.0
32.074,585.0,803.0,848.0,793.0
32.094,583.0,804.0,849.0,794.0
32.114,585.0,806.0,851.0,798.0
32.134,584.0,802.0,852.0,799.0
32.154,583.0,801.0,857.0,798.0
32.174,582.0,797.0,861.0,794.0
32.194,584.0,796.0,865.0,797.0
32.214,584.0,792.0,868.0,801.0
32.234,586.0,791.0,871.0,803.0
32.255,587.0,789.0,873.0,806.0
32.275,588.0,790.0,874.0,811.0
32.295,586.0,791.0,875.0,815.0
32.315,585.0,796.0,873.0,812.0
32.335,583.0,800.0,872.0,808.0
32.355,579.0,800.0,864.0,809.0
32.375,576.0,800.0,852.0,812.0
32.395,571.0,799.0,837.0,810.0
32.415,568.0,799.0,827.0,807.0
32.435,566.0,800.0,833.0,813.0
32.455,562.0,798.0,848.0,811.0
32.476,560.0,798.0,854.0,807.0
32.496,559.0,798.0,853.0,812.0
32.516,558.0,797.0,859.0,821.0
32.536,557.0,798.0,867.0,823.0
32.556,556.0,795.0,874.0,821.0
32.576,556.0,799.0,880.0,819.0
32.596,557.0,800.0,885.0,816.0
32.616,557.0,800.0,889.0,814.0
32.636,558.0,801.0,893.0,811.0
32.656,559.0,801.0,894.0,809.0
32.677,560.0,802.0,896.0,806.0
32.697,562.0,804.0,896.0,804.0
32.717,564.0,805.0,897.0,803.0
32.737,566.0,806.0,898.0,802.0
32.757,567.0,807.0,896.0,801.0
32.777,569.0,808.0,891.0,802.0
32.797,568.0,809.0,884.0,802.0
32.817,569.0,810.0,878.0,805.0
32.837,567.0,808.0,873.0,806.0
32.857,566.0,807.0,872.0,805.0
32.877,566.0,810.0,869.0,804.0
32.898,568.0,812.0,861.0,811.0
32.918,572.0,812.0,852.0,817.0
32.938,575.0,811.0,854.0,824.0
32.958,576.0,808.0,861.0,823.0
32.978,576.0,806.0,870.0,821.0
32.998,576.0,807.0,880.0,822.0
33.018,576.0,810.0,886.0,821.0
33.038,578.0,812.0,884.0,820.0
33.058,580.0,811.0,880.0,817.0
33.078,581.0,807.0,870.0,817.0
33.099,583.0,804.0,862.0,818.0
33.119,583.0,804.0,852.0,820.0
33.139,585.0,805.0,847.0,821.0
33.159,585.0,808.0,848.0,820.0
33.179,584.0,812.0,853.0,819.0
33.199,584.0,813.0,853.0,816.0
33.219,585.0,814.0,856.0,819.0
33.239,586.0,816.0,858.0,820.0
33.259,587.0,817.0,859.0,819.0
33.279,587.0,817.0,861.0,819.0
33.299,588.0,818.0,861.0,819.0
33.32,588.0,817.0,860.0,819.0
33.34,588.0,818.0,861.0,821.0
33.36,588.0,818.0,861.0,820.0
33.38,589.0,818.0,861.0,820.0
33.4,589.0,818.0,861.0,819.0
33.42,589.0,818.0,861.0,820.0
33.44,588.0,817.0,859.0,819.0
33.46,589.0,816.0,857.0,819.0
33.48,587.0,813.0,851.0,817.0
33.5,587.0,811.0,849.0,816.0
33.521,587.0,805.0,849.0,816.0
33.541,586.0,802.0,854.0,817.0
33.561,584.0,801.0,864.0,813.0
33.581,586.0,805.0,871.0,814.0
33.601,582.0,807.0,872.0,813.0
33.621,579.0,805.0,873.0,809.0
33.641,579.0,808.0,875.0,816.0
33.661,580.0,816.0,882.0,816.0
33.681,580.0,816.0,888.0,815.0
33.702,580.0,810.0,890.0,791.0
33.722,580.0,802.0,889.0,790.0
33.742,587.0,805.0,894.0,808.0
33.762,588.0,800.0,892.0,811.0
33.782,591.0,806.0,891.0,816.0
33.802,592.0,808.0,886.0,817.0
33.822,590.0,807.0,880.0,821.0
33.842,591.0,802.0,876.0,823.0
33.864,592.0,807.0,875.0,818.0
33.884,593.0,808.0,877.0,820.0
33.905,597.0,806.0,878.0,820.0
33.925,598.0,803.0,883.0,820.0
33.945,597.0,801.0,888.0,821.0
33.965,593.0,800.0,889.0,818.0
33.985,594.0,807.0,894.0,819.0
34.005,595.0,808.0,900.0,817.0
34.025,594.0,803.0,901.0,819.0
34.045,590.0,801.0,897.0,823.0
34.065,587.0,807.0,898.0,819.0
34.085,588.0,808.0,899.0,816.0
34.105,587.0,803.0,894.0,817.0
34.126,584.0,798.0,888.0,819.0
34.146,584.0,797.0,888.0,820.0
34.166,584.0,795.0,887.0,816.0
34.186,582.0,795.0,884.0,816.0
34.206,582.0,803.0,886.0,814.0
34.226,581.0,804.0,887.0,802.0
34.246,582.0,806.0,889.0,799.0
34.266,583.0,802.0,888.0,796.0
34.286,582.0,800.0,883.0,786.0
34.306,581.0,804.0,877.0,777.0
34.326,583.0,806.0,872.0,782.0
34.346,584.0,800.0,866.0,786.0
34.366,584.0,795.0,863.0,778.0
34.387,585.0,791.0,864.0,781.0
34.407,585.0,790.0,865.0,788.0
34.427,584.0,793.0,865.0,792.0
34.447,584.0,801.0,868.0,795.0
34.467,580.0,806.0,871.0,800.0
34.487,578.0,805.0,870.0,801.0
34.507,576.0,803.0,870.0,797.0
34.527,576.0,804.0,872.0,792.0
34.547,575.0,806.0,879.0,793.0
34.567,576.0,810.0,883.0,798.0
34.587,572.0,813.0,880.0,803.0
34.607,572.0,815.0,879.0,807.0
34.627,571.0,813.0,881.0,814.0
34.647,569.0,812.0,881.0,813.0
34.668,566.0,808.0,879.0,807.0
34.688,564.0,799.0,877.0,808.0
34.708,563.0,791.0,877.0,813.0
34.728,564.0,785.0,880.0,812.0
34.748,565.0,780.0,884.0,808.0
34.768,568.0,780.0,885.0,808.0
34.788,572.0,779.0,886.0,808.0
34.808,575.0,777.0,889.0,803.0
34.828,576.0,780.0,891.0,800.0
34.848,579.0,787.0,891.0,800.0
34.868,581.0,787.0,889.0,803.0
34.888,584.0,787.0,891.0,803.0
34.908,584.0,783.0,891.0,803.0
34.928,582.0,783.0,892.0,804.0
34.949,579.0,783.0,894.0,805.0
34.969,583.0,779.0,889.0,802.0
34.989,584.0,781.0,887.0,801.0
35.009,579.0,782.0,890.0,797.0
35.029,583.0,785.0,896.0,798.0
35.049,583.0,785.0,896.0,801.0
35.069,579.0,788.0,901.0,800.0
35.089,576.0,788.0,902.0,797.0
35.109,574.0,787.0,900.0,798.0
35.129,572.0,785.0,897.0,795.0
35.15,570.0,782.0,896.0,795.0
35.17,571.0,781.0,892.0,800.0
35.19,573.0,780.0,893.0,797.0
35.21,574.0,779.0,889.0,792.0
35.23,573.0,776.0,885.0,792.0
35.25,571.0,774.0,887.0,794.0
35.27,568.0,777.0,880.0,794.0
35.29,566.0,777.0,877.0,793.0
35.31,563.0,776.0,882.0,792.0
35.33,560.0,779.0,883.0,795.0
35.35,558.0,784.0,880.0,799.0
35.371,554.0,785.0,880.0,801.0
35.391,555.0,781.0,873.0,801.0
35.411,555.0,780.0,875.0,810.0
35.431,553.0,776.0,875.0,807.0
35.451,555.0,770.0,872.0,805.0
35.471,558.0,770.0,881.0,801.0
35.491,560.0,765.0,881.0,795.0
35.511,562.0,764.0,883.0,792.0
35.531,562.0,760.0,881.0,794.0
35.551,563.0,765.0,883.0,790.0
35.572,563.0,762.0,882.0,787.0
35.592,562.0,762.0,891.0,784.0
35.612,561.0,766.0,891.0,779.0
35.632,562.0,762.0,889.0,776.0
35.652,559.0,761.0,894.0,773.0
35.672,559.0,766.0,893.0,773.0
35.692,561.0,766.0,898.0,776.0
35.712,562.0,764.0,897.0,777.0
35.732,562.0,763.0,893.0,775.0
35.752,563.0,764.0,885.0,777.0
35.773,565.0,767.0,877.0,780.0
35.793,566.0,768.0,870.0,783.0
35.813,568.0,770.0,865.0,785.0
35.833,568.0,769.0,862.0,785.0
35.853,569.0,768.0,861.0,786.0
35.873,570.0,765.0,862.0,786.0
35.893,571.0,763.0,860.0,788.0
35.913,571.0,765.0,857.0,786.0
35.933,571.0,764.0,856.0,783.0
35.953,571.0,761.0,863.0,780.0
35.974,573.0,760.0,869.0,777.0
35.994,574.0,758.0,868.0,774.0
36.014,571.0,757.0,861.0,769.0
36.034,570.0,757.0,857.0,765.0
36.054,569.0,757.0,856.0,762.0
36.074,567.0,757.0,852.0,761.0
36.094,565.0,759.0,851.0,761.0
36.114,562.0,759.0,856.0,760.0
36.134,557.0,760.0,865.0,760.0
36.155,561.0,758.0,875.0,760.0
36.175,560.0,756.0,882.0,760.0
36.195,559.0,755.0,885.0,761.0
36.215,558.0,751.0,887.0,761.0
36.235,557.0,750.0,886.0,762.0
36.255,556.0,752.0,884.0,764.0
36.275,556.0,756.0,880.0,766.0
36.295,556.0,758.0,875.0,768.0
36.315,554.0,747.0,864.0,767.0
36.335,553.0,745.0,861.0,766.0
36.356,555.0,750.0,871.0,767.0
36.376,556.0,751.0,879.0,766.0
36.396,561.0,757.0,885.0,765.0
36.416,565.0,758.0,885.0,763.0
36.436,568.0,757.0,882.0,761.0
36.456,571.0,757.0,883.0,758.0
36.476,573.0,759.0,885.0,758.0
36.496,573.0,762.0,887.0,756.0
36.516,572.0,763.0,888.0,755.0
36.536,571.0,762.0,887.0,754.0
36.557,569.0,763.0,885.0,753.0
36.577,570.0,766.0,884.0,752.0
36.597,571.0,768.0,880.0,752.0
36.617,572.0,768.0,877.0,749.0
36.637,573.0,764.0,871.0,747.0
36.657,574.0,763.0,867.0,744.0
36.677,574.0,764.0,861.0,741.0
36.697,574.0,764.0,854.0,738.0
36.717,574.0,762.0,849.0,736.0
36.737,574.0,761.0,846.0,735.0
36.758,574.0,761.0,846.0,732.0
36.778,574.0,762.0,848.0,730.0
36.798,573.0,762.0,850.0,731.0
36.818,573.0,763.0,852.0,732.0
36.838,573.0,763.0,852.0,732.0
36.858,573.0,762.0,851.0,734.0
36.878,576.0,763.0,852.0,734.0
36.898,574.0,762.0,853.0,736.0
36.918,576.0,762.0,854.0,736.0
36.938,574.0,759.0,854.0,737.0
36.959,575.0,759.0,855.0,737.0
36.979,575.0,759.0,856.0,739.0
36.999,574.0,763.0,855.0,738.0
37.019,573.0,766.0,854.0,739.0
37.039,571.0,765.0,851.0,738.0
37.059,569.0,762.0,852.0,737.0
37.079,568.0,757.0,852.0,734.0
37.099,564.0,759.0,848.0,732.0
37.119,562.0,764.0,843.0,731.0
37.139,560.0,763.0,849.0,729.0
37.16,557.0,762.0,859.0,724.0
37.18,556.0,762.0,862.0,724.0
37.2,556.0,763.0,867.0,725.0
37.22,559.0,757.0,881.0,724.0
37.24,562.0,751.0,876.0,724.0
37.26,564.0,745.0,864.0,726.0
37.28,560.0,744.0,856.0,724.0
37.3,557.0,751.0,839.0,727.0
37.32,555.0,752.0,835.0,731.0
37.341,554.0,758.0,833.0,735.0
37.361,555.0,751.0,839.0,741.0
37.381,556.0,747.0,839.0,743.0
37.401,558.0,746.0,842.0,742.0
37.421,554.0,745.0,850.0,742.0
37.441,551.0,747.0,859.0,737.0
37.461,548.0,752.0,868.0,737.0
37.481,545.0,748.0,871.0,739.0
37.501,542.0,746.0,868.0,734.0
37.521,538.0,743.0,867.0,734.0
37.542,535.0,742.0,863.0,735.0
37.562,532.0,738.0,865.0,735.0
37.582,529.0,740.0,865.0,736.0
37.602,528.0,740.0,867.0,731.0
37.622,529.0,738.0,867.0,733.0
37.642,531.0,739.0,868.0,734.0
37.662,532.0,737.0,868.0,736.0
37.682,534.0,730.0,868.0,737.0
37.702,535.0,726.0,867.0,739.0
37.722,536.0,723.0,865.0,741.0
37.743,533.0,719.0,862.0,738.0
37.763,533.0,721.0,863.0,738.0
37.783,533.0,722.0,865.0,734.0
37.803,534.0,726.0,867.0,736.0
37.823,535.0,728.0,870.0,736.0
37.843,534.0,729.0,871.0,737.0
37.863,535.0,729.0,870.0,738.0
37.883,535.0,729.0,870.0,737.0
37.903,535.0,729.0,872.0,739.0
37.923,536.0,727.0,872.0,739.0
37.944,537.0,727.0,874.0,739.0
37.964,537.0,724.0,876.0,740.0
37.984,538.0,722.0,878.0,740.0
38.004,540.0,721.0,877.0,738.0
38.024,540.0,720.0,875.0,735.0
38.044,542.0,724.0,877.0,735.0
38.064,543.0,727.0,869.0,734.0
38.084,545.0,729.0,858.0,735.0
38.104,545.0,732.0,856.0,731.0
38.124,546.0,738.0,855.0,730.0
38.144,542.0,739.0,853.0,733.0
38.165,538.0,740.0,858.0,732.0
38.185,536.0,733.0,857.0,727.0
38.205,537.0,727.0,860.0,728.0
38.225,537.0,720.0,862.0,729.0
38.245,534.0,717.0,862.0,729.0
38.265,532.0,718.0,865.0,729.0
38.285,527.0,714.0,870.0,726.0
38.305,525.0,713.0,870.0,725.0
38.325,523.0,712.0,878.0,727.0
38.346,520.0,712.0,881.0,726.0
38.366,516.0,710.0,880.0,728.0
38.386,514.0,709.0,874.0,730.0
38.406,512.0,709.0,867.0,730.0
38.426,511.0,706.0,868.0,731.0
38.446,510.0,707.0,871.0,732.0
38.466,508.0,704.0,870.0,730.0
38.486,507.0,703.0,865.0,729.0
38.506,505.0,701.0,860.0,730.0
38.526,504.0,701.0,859.0,729.0
38.546,503.0,699.0,858.0,728.0
38.567,501.0,699.0,857.0,726.0
38.587,500.0,698.0,857.0,724.0
38.607,500.0,697.0,858.0,721.0
38.627,500.0,697.0,855.0,715.0
38.647,501.0,697.0,852.0,711.0
38.667,499.0,695.0,847.0,707.0
38.687,499.0,694.0,845.0,706.0
38.707,498.0,695.0,842.0,705.0
38.727,499.0,694.0,841.0,704.0
38.748,499.0,693.0,840.0,702.0
38.768,499.0,694.0,840.0,702.0
38.788,500.0,693.0,841.0,703.0
38.808,501.0,693.0,841.0,703.0
38.828,501.0,694.0,841.0,704.0
38.848,501.0,694.0,842.0,704.0
38.868,501.0,695.0,841.0,704.0
38.888,500.0,692.0,839.0,702.0
38.908,501.0,694.0,841.0,704.0
38.928,501.0,693.0,840.0,703.0
38.948,502.0,694.0,841.0,703.0
38.969,500.0,693.0,841.0,704.0
38.989,500.0,694.0,838.0,701.0
39.009,501.0,694.0,842.0,703.0
39.029,502.0,694.0,841.0,703.0
39.049,501.0,695.0,842.0,704.0
39.069,502.0,696.0,843.0,705.0
39.089,503.0,698.0,845.0,706.0
39.109,504.0,698.0,846.0,706.0
39.129,504.0,698.0,846.0,706.0
39.15,504.0,698.0,846.0,707.0
39.17,504.0,698.0,845.0,706.0
39.19,506.0,699.0,845.0,706.0
39.21,506.0,698.0,845.0,706.0
39.23,506.0,699.0,845.0,707.0
39.25,505.0,697.0,844.0,706.0
39.27,505.0,699.0,843.0,706.0
39.29,506.0,699.0,845.0,705.0
39.31,506.0,699.0,845.0,706.0
39.33,506.0,699.0,844.0,706.0
39.35,506.0,698.0,844.0,706.0
39.37,506.0,698.0,844.0,705.0
39.39,505.0,699.0,843.0,706.0
39.41,506.0,700.0,845.0,708.0
39.431,505.0,699.0,845.0,707.0
39.451,506.0,698.0,845.0,706.0
39.471,505.0,698.0,843.0,706.0
39.491,507.0,699.0,842.0,705.0
39.511,505.0,698.0,843.0,706.0
39.531,506.0,698.0,843.0,707.0
39.551,506.0,697.0,843.0,706.0
39.571,505.0,698.0,841.0,706.0
39.591,504.0,697.0,841.0,706.0
39.611,506.0,699.0,842.0,707.0
39.631,505.0,697.0,843.0,707.0
39.651,505.0,698.0,843.0,707.0
39.671,506.0,696.0,842.0,706.0
39.691,505.0,697.0,840.0,706.0
39.712,506.0,697.0,842.0,706.0
39.732,506.0,696.0,841.0,707.0
39.752,505.0,696.0,840.0,706.0
39.772,505.0,695.0,839.0,706.0
39.792,504.0,695.0,838.0,705.0
39.812,506.0,696.0,839.0,706.0
39.832,506.0,696.0,839.0,707.0
39.852,506.0,696.0,839.0,708.0
39.872,505.0,696.0,836.0,708.0
39.892,507.0,698.0,833.0,709.0
39.912,509.0,697.0,834.0,712.0
39.932,511.0,697.0,836.0,715.0
39.952,510.0,697.0,839.0,724.0
39.972,509.0,701.0,839.0,727.0
39.993,507.0,709.0,841.0,725.0
40.013,505.0,711.0,835.0,722.0
40.033,506.0,712.0,829.0,719.0
40.053,508.0,711.0,830.0,717.0
40.073,512.0,705.0,833.0,720.0
40.093,517.0,704.0,834.0,719.0
40.113,520.0,702.0,832.0,719.0
40.133,523.0,701.0,825.0,720.0
40.153,525.0,703.0,819.0,724.0
40.173,524.0,702.0,814.0,723.0
40.193,527.0,702.0,809.0,722.0
40.214,530.0,705.0,810.0,718.0
40.234,533.0,706.0,806.0,713.0
40.254,536.0,707.0,804.0,712.0
40.274,538.0,709.0,802.0,713.0
40.294,542.0,708.0,799.0,714.0
40.314,542.0,708.0,797.0,715.0
40.334,544.0,709.0,794.0,718.0
40.354,544.0,712.0,790.0,718.0
40.374,546.0,713.0,791.0,717.0
40.394,546.0,714.0,791.0,717.0
40.414,543.0,713.0,791.0,717.0
40.435,540.0,710.0,792.0,716.0
40.455,536.0,712.0,792.0,714.0
40.475,531.0,713.0,792.0,713.0
40.495,526.0,708.0,793.0,713.0
40.515,521.0,710.0,793.0,713.0
40.535,520.0,708.0,797.0,712.0
40.555,520.0,708.0,796.0,708.0
40.575,522.0,709.0,795.0,709.0
40.595,524.0,705.0,800.0,710.0
40.615,525.0,704.0,800.0,709.0
40.635,525.0,703.0,802.0,709.0
40.656,527.0,704.0,803.0,710.0
40.676,528.0,704.0,803.0,710.0
40.696,526.0,704.0,803.0,709.0
40.716,526.0,703.0,803.0,709.0
40.736,527.0,704.0,804.0,708.0
40.756,526.0,702.0,804.0,706.0
40.776,527.0,704.0,804.0,707.0
40.796,528.0,706.0,806.0,708.0
40.816,528.0,705.0,805.0,707.0
40.836,528.0,705.0,805.0,708.0
40.857,528.0,705.0,806.0,711.0
40.877,528.0,705.0,806.0,711.0
40.897,528.0,704.0,806.0,711.0
40.917,528.0,705.0,806.0,711.0
40.937,528.0,706.0,804.0,709.0
40.957,527.0,707.0,806.0,711.0
40.977,529.0,707.0,806.0,710.0
40.997,527.0,706.0,806.0,712.0
41.017,529.0,707.0,806.0,712.0
41.037,528.0,706.0,806.0,712.0
41.057,528.0,706.0,807.0,713.0
41.078,529.0,706.0,807.0,713.0
41.098,528.0,707.0,806.0,713.0
41.118,528.0,706.0,806.0,712.0
41.138,528.0,707.0,806.0,712.0
41.158,529.0,706.0,807.0,712.0
41.178,528.0,706.0,806.0,712.0
41.198,528.0,705.0,805.0,710.0
41.218,528.0,705.0,805.0,709.0
41.238,528.0,705.0,805.0,710.0
41.258,527.0,704.0,804.0,709.0
41.279,527.0,705.0,805.0,710.0
41.299,528.0,705.0,806.0,708.0
41.319,527.0,705.0,805.0,709.0
41.339,528.0,706.0,805.0,710.0
41.359,528.0,706.0,806.0,710.0
41.379,527.0,703.0,805.0,709.0
41.399,529.0,705.0,805.0,709.0
41.419,526.0,704.0,805.0,708.0
41.439,526.0,704.0,804.0,707.0
41.459,526.0,704.0,804.0,708.0
41.479,527.0,704.0,804.0,708.0
41.5,527.0,704.0,805.0,708.0
41.52,527.0,705.0,805.0,707.0
41.54,526.0,703.0,804.0,706.0
41.56,526.0,704.0,804.0,706.0
41.58,525.0,703.0,804.0,705.0
41.6,526.0,704.0,803.0,706.0
41.62,525.0,702.0,802.0,705.0
41.64,526.0,703.0,804.0,706.0
41.66,525.0,704.0,802.0,706.0
41.681,524.0,701.0,801.0,704.0
41.701,526.0,703.0,803.0,705.0
41.721,527.0,704.0,804.0,707.0
41.741,526.0,704.0,805.0,707.0
41.761,526.0,704.0,804.0,707.0
41.781,527.0,704.0,804.0,704.0
41.801,528.0,705.0,805.0,708.0
41.821,525.0,704.0,803.0,707.0
41.841,526.0,704.0,804.0,708.0
41.861,526.0,704.0,804.0,707.0
41.881,527.0,705.0,805.0,707.0
41.901,526.0,705.0,804.0,708.0
41.922,526.0,704.0,804.0,708.0
41.942,525.0,703.0,802.0,708.0
41.962,527.0,705.0,805.0,708.0
41.982,526.0,705.0,805.0,710.0
42.002,526.0,704.0,804.0,711.0
42.022,526.0,704.0,804.0,710.0
42.042,526.0,704.0,804.0,711.0
42.062,526.0,704.0,805.0,710.0
42.082,526.0,704.0,804.0,708.0
42.102,526.0,704.0,804.0,711.0
42.122,528.0,704.0,805.0,710.0
42.142,526.0,704.0,803.0,710.0
42.162,527.0,705.0,804.0,709.0
42.183,527.0,705.0,805.0,710.0
42.203,527.0,704.0,804.0,710.0
42.223,527.0,704.0,803.0,709.0
42.243,525.0,704.0,803.0,709.0
42.263,527.0,706.0,804.0,709.0
42.283,528.0,705.0,804.0,710.0
42.303,526.0,705.0,804.0,710.0
42.323,526.0,704.0,803.0,709.0
42.343,528.0,706.0,803.0,709.0
42.363,527.0,705.0,803.0,710.0
42.383,528.0,706.0,804.0,711.0
42.403,528.0,705.0,803.0,710.0
42.424,527.0,706.0,803.0,711.0
42.444,527.0,706.0,804.0,711.0
42.464,527.0,706.0,803.0,709.0
42.484,527.0,705.0,803.0,710.0
42.504,527.0,704.0,802.0,709.0
42.524,526.0,704.0,803.0,709.0
42.544,526.0,704.0,802.0,710.0
42.564,526.0,704.0,802.0,710.0
42.584,527.0,705.0,802.0,711.0
42.604,526.0,704.0,803.0,711.0
42.624,526.0,702.0,802.0,711.0
42.645,526.0,704.0,803.0,711.0
42.665,526.0,704.0,801.0,711.0
42.685,526.0,705.0,802.0,712.0
42.705,527.0,705.0,802.0,711.0
42.725,526.0,704.0,801.0,710.0
42.745,526.0,704.0,802.0,711.0
42.765,526.0,704.0,802.0,711.0
42.785,526.0,704.0,802.0,711.0
42.805,526.0,705.0,802.0,710.0
42.825,526.0,705.0,802.0,711.0
42.846,525.0,704.0,802.0,710.0
42.866,526.0,704.0,802.0,710.0
42.886,526.0,708.0,802.0,710.0
42.906,527.0,705.0,803.0,712.0
42.926,526.0,704.0,802.0,711.0
42.946,526.0,704.0,802.0,711.0
42.966,526.0,704.0,801.0,710.0
42.986,526.0,704.0,802.0,711.0
43.006,526.0,705.0,802.0,711.0
43.026,526.0,705.0,803.0,711.0
43.047,526.0,704.0,803.0,710.0
43.067,527.0,704.0,802.0,710.0
43.087,527.0,704.0,803.0,711.0
43.107,526.0,704.0,803.0,711.0
43.127,527.0,704.0,804.0,711.0
43.147,526.0,704.0,804.0,711.0
43.167,527.0,704.0,803.0,710.0
43.187,526.0,704.0,803.0,710.0
43.207,526.0,704.0,803.0,710.0
43.227,526.0,704.0,804.0,711.0
43.247,527.0,704.0,804.0,712.0
43.268,526.0,704.0,803.0,710.0
43.288,526.0,704.0,803.0,710.0
43.308,527.0,705.0,804.0,712.0
43.328,528.0,705.0,805.0,712.0
43.348,528.0,706.0,805.0,712.0
43.368,528.0,706.0,805.0,712.0
43.388,528.0,705.0,805.0,713.0
43.408,528.0,706.0,806.0,713.0
43.428,528.0,706.0,805.0,712.0
43.448,528.0,705.0,805.0,712.0
43.469,528.0,706.0,805.0,711.0
43.489,529.0,706.0,807.0,713.0
43.509,529.0,707.0,807.0,713.0
43.529,529.0,707.0,806.0,713.0
43.549,529.0,706.0,806.0,713.0
43.569,527.0,704.0,804.0,711.0
43.589,527.0,704.0,805.0,712.0
43.609,528.0,705.0,805.0,712.0
43.629,526.0,704.0,803.0,711.0
43.65,527.0,704.0,804.0,710.0
43.67,526.0,702.0,803.0,710.0
43.69,526.0,702.0,803.0,710.0
43.71,526.0,702.0,802.0,709.0
43.73,526.0,702.0,802.0,710.0
43.75,525.0,702.0,802.0,709.0
43.77,525.0,702.0,802.0,710.0
43.79,525.0,702.0,802.0,709.0
43.81,525.0,702.0,802.0,709.0
43.83,525.0,702.0,801.0,709.0
43.851,525.0,701.0,801.0,709.0
43.871,524.0,701.0,800.0,709.0
43.892,524.0,699.0,799.0,707.0
43.912,525.0,701.0,801.0,709.0
43.933,524.0,700.0,800.0,710.0
43.953,528.0,701.0,799.0,709.0
43.973,526.0,702.0,796.0,708.0
43.993,522.0,703.0,794.0,705.0
44.013,519.0,710.0,794.0,706.0
44.033,513.0,707.0,795.0,703.0
44.053,507.0,702.0,792.0,698.0
44.073,502.0,706.0,793.0,696.0
44.093,500.0,709.0,796.0,697.0
44.113,499.0,706.0,799.0,704.0
44.134,500.0,703.0,801.0,708.0
44.154,500.0,701.0,802.0,708.0
44.174,502.0,702.0,805.0,707.0
44.194,502.0,705.0,809.0,710.0
44.214,502.0,706.0,815.0,710.0
44.234,503.0,705.0,820.0,705.0
44.254,504.0,705.0,822.0,701.0
44.274,505.0,703.0,825.0,699.0
44.294,506.0,696.0,827.0,698.0
44.314,510.0,697.0,830.0,697.0
44.334,511.0,700.0,829.0,694.0
44.354,512.0,695.0,825.0,692.0
44.374,514.0,697.0,825.0,689.0
44.394,515.0,704.0,824.0,690.0
44.415,515.0,702.0,823.0,693.0
44.435,515.0,700.0,823.0,693.0
44.455,514.0,699.0,821.0,698.0
44.475,513.0,698.0,817.0,703.0
44.495,510.0,693.0,816.0,706.0
44.515,507.0,692.0,813.0,710.0
44.535,504.0,693.0,809.0,712.0
44.555,502.0,693.0,805.0,710.0
44.575,500.0,693.0,804.0,708.0
44.595,497.0,694.0,803.0,704.0
44.616,496.0,695.0,803.0,698.0
44.636,493.0,695.0,805.0,692.0
44.656,495.0,695.0,807.0,687.0
44.676,497.0,694.0,807.0,680.0
44.696,499.0,693.0,806.0,674.0
44.716,502.0,690.0,809.0,670.0
44.736,504.0,686.0,813.0,668.0
44.756,506.0,680.0,812.0,671.0
44.776,509.0,679.0,811.0,672.0
44.796,510.0,677.0,813.0,672.0
44.816,511.0,674.0,816.0,672.0
44.837,512.0,676.0,814.0,669.0
44.857,512.0,678.0,814.0,666.0
44.877,512.0,674.0,814.0,664.0
44.897,513.0,680.0,814.0,662.0
44.917,513.0,685.0,815.0,664.0
44.937,512.0,684.0,816.0,666.0
44.957,512.0,687.0,816.0,668.0
44.977,511.0,691.0,816.0,671.0
44.997,509.0,688.0,813.0,673.0
45.017,506.0,688.0,812.0,677.0
45.038,504.0,689.0,809.0,682.0
45.058,501.0,686.0,810.0,684.0
45.078,498.0,686.0,807.0,681.0
45.098,496.0,687.0,809.0,680.0
45.118,495.0,685.0,812.0,681.0
45.138,494.0,684.0,814.0,684.0
45.158,492.0,682.0,819.0,682.0
45.178,492.0,681.0,824.0,676.0
45.198,493.0,682.0,828.0,674.0
45.218,493.0,681.0,832.0,679.0
45.239,494.0,679.0,835.0,681.0
45.259,492.0,677.0,839.0,682.0
45.279,493.0,677.0,841.0,681.0
45.299,492.0,676.0,842.0,681.0
45.319,493.0,677.0,843.0,681.0
45.339,493.0,677.0,843.0,681.0
45.359,492.0,676.0,843.0,680.0
45.379,493.0,677.0,844.0,681.0
45.399,492.0,677.0,844.0,681.0
45.419,493.0,677.0,845.0,681.0
45.44,493.0,677.0,845.0,682.0
45.46,493.0,677.0,845.0,681.0
45.48,492.0,676.0,845.0,682.0
45.5,492.0,676.0,844.0,681.0
45.52,492.0,677.0,845.0,681.0
45.54,493.0,678.0,845.0,681.0
45.56,492.0,677.0,845.0,683.0
45.58,493.0,677.0,846.0,682.0
45.6,492.0,677.0,844.0,681.0
45.62,494.0,680.0,847.0,684.0
45.641,494.0,680.0,848.0,684.0
45.661,495.0,681.0,848.0,685.0
45.681,495.0,681.0,847.0,685.0
45.701,495.0,680.0,847.0,683.0
45.721,493.0,679.0,846.0,684.0
45.741,493.0,679.0,846.0,683.0
45.761,494.0,679.0,846.0,683.0
45.781,494.0,679.0,846.0,683.0
45.801,494.0,679.0,846.0,683.0
45.822,493.0,679.0,846.0,682.0
45.842,493.0,678.0,845.0,683.0
45.862,492.0,679.0,846.0,682.0
45.882,493.0,679.0,845.0,682.0
45.902,493.0,678.0,845.0,682.0
45.922,493.0,680.0,846.0,683.0
45.942,493.0,680.0,845.0,683.0
45.962,494.0,679.0,846.0,682.0
45.982,493.0,679.0,844.0,683.0
46.002,493.0,679.0,844.0,682.0
46.023,493.0,680.0,845.0,683.0
46.043,493.0,678.0,844.0,682.0
46.063,493.0,679.0,844.0,683.0
46.083,492.0,677.0,843.0,681.0
46.103,491.0,676.0,842.0,681.0
46.123,491.0,676.0,843.0,682.0
46.143,491.0,675.0,843.0,682.0
46.163,492.0,676.0,843.0,682.0
46.183,492.0,677.0,843.0,682.0
46.203,491.0,675.0,842.0,680.0
46.224,491.0,676.0,843.0,680.0
46.244,491.0,676.0,843.0,680.0
46.264,492.0,676.0,842.0,679.0
46.284,491.0,676.0,842.0,678.0
46.304,491.0,676.0,842.0,678.0
46.324,491.0,676.0,842.0,678.0
46.344,491.0,675.0,840.0,677.0
46.364,491.0,675.0,841.0,677.0
46.384,491.0,675.0,842.0,677.0
46.404,491.0,674.0,841.0,677.0
46.425,491.0,674.0,840.0,679.0
46.445,491.0,674.0,840.0,677.0
46.465,490.0,673.0,841.0,677.0
46.485,490.0,672.0,841.0,676.0
46.505,490.0,670.0,841.0,674.0
46.525,490.0,669.0,841.0,672.0
46.545,491.0,667.0,841.0,672.0
46.565,489.0,664.0,839.0,668.0
46.585,487.0,663.0,838.0,667.0
46.605,484.0,661.0,835.0,667.0
46.625,482.0,659.0,831.0,668.0
46.646,481.0,661.0,828.0,666.0
46.666,480.0,660.0,823.0,665.0
46.686,478.0,659.0,813.0,665.0
46.706,479.0,660.0,809.0,666.0
46.726,481.0,660.0,809.0,667.0
46.746,482.0,659.0,808.0,668.0
46.766,483.0,659.0,807.0,669.0
46.786,484.0,656.0,806.0,671.0
46.806,483.0,656.0,809.0,672.0
46.826,484.0,653.0,812.0,670.0
46.847,483.0,652.0,815.0,670.0
46.867,484.0,652.0,817.0,671.0
46.887,483.0,653.0,818.0,668.0
46.907,482.0,651.0,818.0,668.0
46.927,480.0,646.0,817.0,667.0
46.947,481.0,645.0,818.0,667.0
46.967,481.0,647.0,820.0,665.0
46.987,481.0,649.0,822.0,660.0
47.007,480.0,648.0,821.0,657.0
47.027,479.0,648.0,818.0,659.0
47.048,479.0,649.0,816.0,663.0
47.068,479.0,649.0,817.0,665.0
47.088,479.0,650.0,819.0,665.0
47.108,478.0,650.0,819.0,669.0
47.128,480.0,651.0,816.0,675.0
47.148,481.0,651.0,817.0,679.0
47.168,482.0,649.0,817.0,679.0
47.188,484.0,648.0,815.0,680.0
47.208,487.0,647.0,814.0,680.0
47.228,490.0,646.0,809.0,680.0
47.249,493.0,645.0,804.0,679.0
47.269,496.0,647.0,802.0,678.0
47.289,496.0,646.0,800.0,674.0
47.309,499.0,648.0,800.0,672.0
47.329,501.0,648.0,801.0,671.0
47.349,501.0,650.0,802.0,668.0
47.369,501.0,652.0,804.0,666.0
47.389,500.0,652.0,803.0,662.0
47.409,498.0,653.0,799.0,657.0
47.43,498.0,652.0,800.0,656.0
47.45,497.0,649.0,801.0,654.0
47.47,497.0,648.0,801.0,653.0
47.49,495.0,648.0,798.0,651.0
47.51,494.0,650.0,796.0,652.0
47.53,494.0,647.0,795.0,654.0
47.55,494.0,646.0,795.0,657.0
47.57,494.0,642.0,793.0,658.0
47.59,494.0,640.0,796.0,662.0
47.61,493.0,639.0,797.0,663.0
47.63,491.0,638.0,797.0,664.0
47.651,490.0,639.0,795.0,665.0
47.671,488.0,640.0,796.0,666.0
47.691,488.0,642.0,796.0,668.0
47.711,485.0,644.0,795.0,668.0
47.731,485.0,645.0,794.0,668.0
47.751,484.0,643.0,794.0,670.0
47.771,484.0,640.0,794.0,671.0
47.791,485.0,638.0,791.0,667.0
47.811,484.0,634.0,789.0,663.0
47.832,483.0,628.0,786.0,665.0
47.852,484.0,623.0,786.0,664.0
47.872,485.0,618.0,785.0,667.0
47.892,485.0,616.0,785.0,672.0
47.912,484.0,615.0,784.0,674.0
47.932,483.0,611.0,783.0,674.0
47.952,484.0,612.0,782.0,671.0
47.972,484.0,612.0,784.0,669.0
47.992,484.0,613.0,785.0,666.0
48.012,483.0,612.0,782.0,663.0
48.033,483.0,612.0,782.0,663.0
48.053,483.0,612.0,781.0,664.0
48.073,483.0,614.0,781.0,665.0
48.093,484.0,613.0,781.0,662.0
48.113,484.0,613.0,782.0,661.0
48.133,485.0,611.0,783.0,661.0
48.153,485.0,611.0,784.0,663.0
48.173,484.0,609.0,783.0,664.0
48.193,483.0,610.0,785.0,665.0
48.213,484.0,608.0,787.0,666.0
48.234,482.0,607.0,787.0,670.0
48.254,480.0,605.0,789.0,673.0
48.274,480.0,605.0,792.0,673.0
48.294,481.0,605.0,796.0,672.0
48.314,483.0,604.0,800.0,671.0
48.334,481.0,602.0,797.0,669.0
48.354,481.0,603.0,792.0,669.0
48.374,482.0,606.0,784.0,669.0
48.394,483.0,609.0,781.0,670.0
48.414,484.0,611.0,775.0,667.0
48.435,486.0,614.0,769.0,664.0
48.455,487.0,615.0,765.0,660.0
48.475,486.0,616.0,766.0,658.0
48.495,486.0,614.0,764.0,650.0
48.515,487.0,615.0,763.0,644.0
48.535,485.0,617.0,760.0,640.0
48.555,484.0,618.0,761.0,640.0
48.576,482.0,618.0,760.0,637.0
48.596,482.0,619.0,760.0,636.0
48.616,482.0,619.0,760.0,635.0
48.636,480.0,617.0,758.0,632.0
48.656,481.0,618.0,757.0,632.0
48.677,480.0,618.0,757.0,631.0
48.697,480.0,619.0,757.0,631.0
48.717,479.0,618.0,757.0,630.0
48.737,479.0,620.0,757.0,630.0
48.757,478.0,620.0,757.0,630.0
48.777,478.0,620.0,757.0,630.0
48.797,478.0,621.0,757.0,629.0
48.817,475.0,619.0,756.0,628.0
48.837,475.0,622.0,756.0,628.0
48.857,475.0,623.0,757.0,629.0
48.877,471.0,623.0,754.0,628.0
48.897,474.0,625.0,758.0,632.0
48.918,472.0,624.0,756.0,631.0
48.938,472.0,623.0,755.0,632.0
48.958,472.0,622.0,755.0,633.0
48.978,469.0,620.0,753.0,632.0
48.998,470.0,623.0,754.0,634.0
49.018,468.0,621.0,752.0,636.0
49.038,467.0,619.0,753.0,639.0
49.058,466.0,619.0,755.0,645.0
49.078,465.0,617.0,755.0,646.0
49.098,464.0,613.0,755.0,646.0
49.119,462.0,610.0,757.0,646.0
49.139,462.0,605.0,760.0,649.0
49.159,461.0,601.0,758.0,650.0
49.179,461.0,601.0,756.0,648.0
49.199,463.0,602.0,755.0,648.0
49.219,463.0,602.0,755.0,648.0
49.239,464.0,602.0,750.0,649.0
49.259,468.0,603.0,744.0,650.0
49.279,468.0,605.0,744.0,652.0
49.299,471.0,604.0,745.0,645.0
49.319,474.0,604.0,746.0,642.0
49.339,475.0,604.0,747.0,644.0
49.359,474.0,603.0,746.0,640.0
49.38,475.0,603.0,744.0,639.0
49.4,475.0,603.0,745.0,643.0
49.42,475.0,599.0,746.0,649.0
49.44,474.0,598.0,750.0,648.0
49.46,474.0,597.0,755.0,647.0
49.48,474.0,596.0,758.0,652.0
49.5,472.0,595.0,758.0,654.0
49.52,471.0,596.0,759.0,655.0
49.54,469.0,593.0,758.0,652.0
49.56,469.0,589.0,756.0,647.0
49.58,469.0,588.0,753.0,647.0
49.6,470.0,592.0,756.0,643.0
49.62,468.0,595.0,759.0,640.0
49.64,468.0,593.0,761.0,639.0
49.661,468.0,592.0,761.0,638.0
49.681,468.0,590.0,759.0,638.0
49.701,469.0,591.0,759.0,638.0
49.721,469.0,592.0,761.0,639.0
49.741,469.0,589.0,758.0,637.0
49.761,469.0,590.0,761.0,638.0
49.781,469.0,592.0,761.0,637.0
49.801,469.0,592.0,761.0,640.0
49.821,469.0,592.0,761.0,639.0
49.841,469.0,591.0,761.0,638.0
49.861,470.0,593.0,763.0,640.0
49.881,469.0,593.0,762.0,640.0
49.901,470.0,592.0,762.0,638.0
49.921,469.0,592.0,762.0,638.0
49.942,470.0,594.0,764.0,638.0
49.962,469.0,593.0,764.0,640.0
49.982,471.0,593.0,763.0,640.0
50.002,470.0,592.0,763.0,638.0
50.022,470.0,593.0,763.0,639.0
50.042,470.0,594.0,763.0,640.0
50.062,472.0,595.0,763.0,640.0
50.082,470.0,594.0,762.0,640.0
50.102,470.0,594.0,762.0,640.0
50.122,471.0,594.0,762.0,640.0
50.142,469.0,593.0,760.0,638.0
50.163,469.0,593.0,759.0,638.0
50.183,470.0,594.0,759.0,639.0
50.203,470.0,594.0,761.0,640.0
50.223,470.0,594.0,762.0,640.0
50.243,469.0,593.0,762.0,638.0
50.263,469.0,592.0,763.0,638.0
50.283,469.0,593.0,764.0,639.0
50.303,470.0,593.0,763.0,638.0
50.323,469.0,593.0,764.0,639.0
50.343,470.0,593.0,764.0,639.0
50.364,468.0,592.0,763.0,638.0
50.384,469.0,592.0,763.0,638.0
50.404,470.0,593.0,763.0,638.0
50.424,470.0,593.0,764.0,638.0
50.444,470.0,594.0,764.0,639.0
50.464,469.0,593.0,764.0,640.0
50.484,470.0,593.0,764.0,638.0
50.504,470.0,592.0,763.0,639.0
50.524,469.0,594.0,764.0,639.0
50.544,470.0,593.0,764.0,639.0
50.565,469.0,593.0,763.0,638.0
50.585,469.0,594.0,763.0,638.0
50.605,469.0,592.0,762.0,638.0
50.625,470.0,593.0,763.0,638.0
50.645,470.0,594.0,762.0,638.0
50.665,470.0,593.0,762.0,638.0
50.685,470.0,593.0,762.0,639.0
50.705,469.0,593.0,763.0,638.0
50.725,470.0,593.0,763.0,638.0
50.745,469.0,593.0,760.0,637.0
50.765,470.0,593.0,762.0,640.0
50.786,471.0,593.0,762.0,639.0
50.806,471.0,594.0,762.0,640.0
50.826,470.0,594.0,762.0,639.0
50.846,471.0,594.0,763.0,639.0
50.866,470.0,594.0,761.0,639.0
50.886,470.0,594.0,762.0,638.0
50.906,470.0,594.0,762.0,640.0
50.926,470.0,594.0,762.0,639.0
50.946,470.0,594.0,762.0,639.0
50.966,469.0,593.0,762.0,638.0
50.987,469.0,593.0,760.0,638.0
51.007,470.0,593.0,761.0,639.0
51.027,469.0,593.0,761.0,639.0
51.047,470.0,594.0,761.0,638.0
51.067,470.0,594.0,761.0,638.0
51.087,470.0,593.0,761.0,638.0
51.107,470.0,594.0,762.0,639.0
51.127,470.0,593.0,761.0,638.0
51.147,470.0,594.0,761.0,638.0
51.167,470.0,593.0,762.0,640.0
51.187,469.0,593.0,761.0,638.0
51.208,470.0,594.0,761.0,638.0
51.228,470.0,594.0,761.0,638.0
51.248,470.0,593.0,761.0,639.0
51.268,470.0,593.0,761.0,639.0
51.288,469.0,594.0,762.0,639.0
51.308,470.0,594.0,761.0,639.0
51.328,470.0,594.0,761.0,639.0
51.348,470.0,594.0,763.0,640.0
51.368,469.0,593.0,760.0,638.0
51.389,470.0,594.0,762.0,639.0
51.409,470.0,593.0,762.0,638.0
51.429,470.0,594.0,762.0,639.0
51.449,470.0,594.0,762.0,639.0
51.469,468.0,592.0,761.0,638.0
51.489,469.0,593.0,762.0,638.0
51.509,469.0,594.0,763.0,639.0
51.529,470.0,594.0,763.0,638.0
51.549,469.0,593.0,763.0,639.0
51.569,469.0,592.0,763.0,637.0
51.59,469.0,592.0,763.0,637.0
51.61,469.0,593.0,763.0,637.0
51.63,469.0,593.0,760.0,638.0
51.65,469.0,593.0,764.0,638.0
51.67,469.0,593.0,765.0,638.0
51.69,469.0,593.0,765.0,638.0
51.71,469.0,594.0,765.0,638.0
51.73,469.0,593.0,765.0,639.0
51.75,469.0,593.0,765.0,639.0
51.77,470.0,594.0,765.0,638.0
51.791,469.0,593.0,764.0,638.0
51.811,470.0,593.0,764.0,638.0
51.831,470.0,594.0,765.0,639.0
51.851,469.0,593.0,764.0,639.0
51.871,470.0,593.0,765.0,639.0
51.891,469.0,592.0,763.0,638.0
51.911,469.0,593.0,762.0,638.0
51.931,469.0,593.0,760.0,639.0
51.951,469.0,593.0,760.0,638.0
51.971,469.0,593.0,760.0,638.0
51.991,470.0,594.0,761.0,639.0
52.012,470.0,593.0,761.0,639.0
52.032,469.0,593.0,761.0,639.0
52.052,470.0,594.0,762.0,640.0
52.072,469.0,593.0,761.0,639.0
52.092,470.0,594.0,761.0,639.0
52.112,470.0,594.0,762.0,639.0
52.132,470.0,594.0,762.0,639.0
52.152,470.0,594.0,763.0,638.0
52.172,470.0,593.0,762.0,639.0
52.192,469.0,592.0,761.0,637.0
52.213,470.0,593.0,761.0,639.0
52.233,470.0,594.0,762.0,638.0
52.253,470.0,593.0,762.0,638.0
52.273,470.0,593.0,762.0,638.0
52.293,469.0,593.0,762.0,638.0
52.313,470.0,592.0,761.0,638.0
52.333,469.0,593.0,763.0,638.0
52.353,470.0,593.0,763.0,638.0
52.373,470.0,592.0,763.0,638.0
52.393,469.0,592.0,764.0,638.0
52.414,470.0,592.0,764.0,638.0
52.434,469.0,591.0,765.0,637.0
52.454,469.0,590.0,765.0,638.0
52.474,469.0,591.0,766.0,638.0
52.494,470.0,590.0,767.0,638.0
52.514,468.0,589.0,765.0,636.0
52.534,467.0,589.0,764.0,634.0
52.554,466.0,588.0,761.0,631.0
52.574,464.0,586.0,759.0,628.0
52.594,464.0,586.0,757.0,628.0
52.614,464.0,587.0,758.0,629.0
52.635,462.0,587.0,755.0,629.0
52.655,461.0,586.0,752.0,629.0
52.675,461.0,585.0,749.0,628.0
52.695,459.0,585.0,744.0,625.0
52.715,460.0,585.0,741.0,625.0
52.735,461.0,586.0,739.0,624.0
52.755,461.0,588.0,737.0,625.0
52.775,463.0,588.0,736.0,626.0
52.795,464.0,590.0,735.0,626.0
52.815,465.0,589.0,734.0,627.0
52.836,467.0,589.0,735.0,628.0
52.856,468.0,589.0,735.0,629.0
52.876,468.0,589.0,734.0,628.0
52.896,469.0,589.0,734.0,628.0
52.916,469.0,589.0,733.0,627.0
52.936,469.0,588.0,734.0,627.0
52.956,471.0,588.0,733.0,627.0
52.976,470.0,590.0,733.0,626.0
52.996,470.0,589.0,733.0,625.0
53.016,470.0,589.0,732.0,626.0
53.037,470.0,589.0,732.0,626.0
53.057,471.0,590.0,732.0,627.0
53.077,471.0,590.0,731.0,627.0
53.097,471.0,589.0,730.0,628.0
53.117,471.0,588.0,730.0,629.0
53.137,472.0,589.0,730.0,630.0
53.157,472.0,589.0,730.0,631.0
53.177,472.0,589.0,729.0,631.0
53.197,472.0,588.0,728.0,632.0
53.217,472.0,589.0,728.0,633.0
53.237,472.0,588.0,728.0,634.0
53.258,472.0,588.0,728.0,635.0
53.278,472.0,589.0,728.0,636.0
53.298,472.0,588.0,727.0,636.0
53.318,471.0,590.0,727.0,636.0
53.338,472.0,592.0,728.0,637.0
53.358,471.0,590.0,727.0,637.0
53.378,471.0,590.0,727.0,638.0
53.398,471.0,590.0,728.0,637.0
53.418,470.0,590.0,727.0,637.0
53.438,470.0,590.0,726.0,637.0
53.458,470.0,590.0,727.0,637.0
53.479,470.0,590.0,726.0,637.0
53.499,470.0,591.0,726.0,638.0
53.519,470.0,591.0,727.0,637.0
53.539,471.0,592.0,727.0,638.0
53.559,470.0,591.0,727.0,638.0
53.579,469.0,590.0,726.0,637.0
53.599,468.0,590.0,725.0,638.0
53.619,469.0,590.0,726.0,638.0
53.639,467.0,590.0,726.0,638.0
53.66,466.0,589.0,724.0,637.0
53.68,465.0,587.0,725.0,637.0
53.7,464.0,587.0,725.0,637.0
53.72,463.0,587.0,724.0,638.0
53.74,464.0,588.0,726.0,637.0
53.76,463.0,588.0,725.0,638.0
53.78,462.0,589.0,725.0,639.0
53.8,462.0,588.0,725.0,640.0
53.82,461.0,589.0,725.0,639.0
53.84,462.0,589.0,723.0,639.0
53.86,462.0,589.0,725.0,638.0
53.881,462.0,590.0,723.0,637.0
53.901,463.0,589.0,725.0,638.0
53.921,461.0,589.0,723.0,636.0
53.941,462.0,590.0,724.0,637.0
53.961,463.0,591.0,726.0,636.0
53.981,463.0,590.0,724.0,636.0
54.001,464.0,591.0,726.0,638.0
54.021,465.0,592.0,727.0,638.0
54.041,463.0,590.0,725.0,637.0
54.061,465.0,591.0,726.0,637.0
54.082,466.0,593.0,727.0,640.0
54.102,466.0,593.0,728.0,640.0
54.122,466.0,593.0,729.0,639.0
54.142,465.0,593.0,728.0,639.0
54.162,466.0,593.0,729.0,638.0
54.182,466.0,593.0,728.0,637.0
54.202,464.0,590.0,728.0,635.0
54.222,465.0,590.0,729.0,634.0
54.242,466.0,590.0,730.0,634.0
54.262,467.0,588.0,730.0,634.0
54.282,467.0,586.0,731.0,633.0
54.302,467.0,585.0,730.0,633.0
54.322,470.0,586.0,732.0,633.0
54.342,472.0,584.0,732.0,630.0
54.363,474.0,583.0,732.0,628.0
54.383,475.0,582.0,731.0,626.0
54.403,477.0,583.0,733.0,628.0
54.423,477.0,584.0,730.0,629.0
54.443,477.0,584.0,725.0,629.0
54.463,475.0,582.0,725.0,629.0
54.483,474.0,582.0,731.0,628.0
54.503,473.0,582.0,735.0,628.0
54.523,473.0,578.0,738.0,627.0
54.543,472.0,576.0,737.0,622.0
54.563,472.0,581.0,735.0,621.0
54.583,470.0,584.0,733.0,623.0
54.603,467.0,584.0,729.0,624.0
54.623,464.0,584.0,722.0,626.0
54.644,464.0,584.0,721.0,634.0
54.664,465.0,584.0,720.0,640.0
54.684,465.0,583.0,718.0,644.0
54.704,465.0,584.0,716.0,648.0
54.724,467.0,587.0,718.0,650.0
54.744,469.0,587.0,718.0,652.0
54.764,467.0,586.0,716.0,654.0
54.784,468.0,584.0,715.0,654.0
54.804,468.0,583.0,717.0,651.0
54.824,469.0,585.0,721.0,645.0
54.844,471.0,581.0,723.0,642.0
54.864,471.0,577.0,722.0,642.0
54.884,474.0,577.0,725.0,641.0
54.904,473.0,576.0,725.0,640.0
54.925,470.0,577.0,724.0,644.0
54.945,467.0,576.0,727.0,649.0
54.965,463.0,576.0,727.0,657.0
54.985,459.0,576.0,726.0,666.0
55.005,457.0,574.0,723.0,668.0
55.025,459.0,574.0,718.0,665.0
55.045,466.0,580.0,719.0,662.0
55.065,472.0,584.0,721.0,664.0
55.085,475.0,586.0,725.0,668.0
55.105,474.0,587.0,729.0,674.0
55.125,470.0,582.0,732.0,673.0
55.145,467.0,579.0,732.0,673.0
55.166,467.0,576.0,731.0,673.0
55.186,464.0,572.0,730.0,671.0
55.206,463.0,576.0,728.0,667.0
55.226,461.0,578.0,726.0,666.0
55.246,460.0,577.0,726.0,664.0
55.266,461.0,575.0,729.0,663.0
55.286,460.0,576.0,734.0,660.0
55.306,462.0,577.0,734.0,657.0
55.326,462.0,578.0,734.0,654.0
55.346,461.0,577.0,736.0,649.0
55.366,462.0,574.0,738.0,644.0
55.387,461.0,578.0,738.0,641.0
55.407,461.0,581.0,738.0,638.0
55.427,460.0,578.0,739.0,633.0
55.447,461.0,581.0,744.0,633.0
55.467,463.0,582.0,750.0,633.0
55.487,466.0,587.0,751.0,633.0
55.507,468.0,590.0,754.0,634.0
55.527,469.0,594.0,754.0,634.0
55.547,468.0,595.0,748.0,631.0
55.567,468.0,594.0,749.0,625.0
55.588,466.0,592.0,741.0,617.0
55.608,465.0,592.0,743.0,618.0
55.628,466.0,594.0,739.0,619.0
55.648,469.0,596.0,734.0,624.0
55.668,470.0,594.0,732.0,624.0
55.688,470.0,593.0,733.0,622.0
55.708,470.0,594.0,733.0,622.0
55.728,472.0,594.0,733.0,621.0
55.748,471.0,594.0,733.0,621.0
55.768,471.0,594.0,733.0,621.0
55.789,471.0,594.0,733.0,621.0
55.809,471.0,594.0,734.0,621.0
55.829,471.0,594.0,734.0,621.0
55.849,472.0,594.0,735.0,622.0
55.869,471.0,594.0,736.0,623.0
55.889,472.0,593.0,737.0,624.0
55.909,472.0,593.0,738.0,624.0
55.929,471.0,593.0,738.0,625.0
55.949,472.0,593.0,738.0,625.0
55.969,472.0,592.0,740.0,625.0
55.989,472.0,593.0,740.0,625.0
56.01,473.0,593.0,741.0,625.0
56.03,473.0,593.0,740.0,625.0
56.05,472.0,592.0,740.0,625.0
56.07,473.0,592.0,740.0,625.0
56.09,472.0,594.0,740.0,625.0
56.11,472.0,592.0,740.0,625.0
56.13,472.0,592.0,740.0,625.0
56.15,472.0,590.0,740.0,624.0
56.17,471.0,590.0,741.0,624.0
56.19,472.0,588.0,744.0,624.0
56.211,473.0,588.0,745.0,624.0
56.231,474.0,588.0,744.0,624.0
56.251,473.0,587.0,744.0,623.0
56.271,474.0,588.0,744.0,624.0
56.291,475.0,588.0,746.0,625.0
56.311,475.0,590.0,746.0,626.0
56.331,475.0,590.0,746.0,627.0
56.351,474.0,589.0,744.0,626.0
56.371,475.0,589.0,744.0,626.0
56.392,474.0,588.0,743.0,624.0
56.412,474.0,588.0,744.0,624.0
56.432,473.0,588.0,743.0,625.0
56.452,474.0,588.0,744.0,626.0
56.472,473.0,588.0,743.0,624.0
56.492,473.0,588.0,744.0,624.0
56.512,475.0,589.0,744.0,625.0
56.532,474.0,588.0,745.0,625.0
56.552,474.0,589.0,744.0,624.0
56.572,474.0,588.0,745.0,625.0
56.593,474.0,589.0,745.0,625.0
56.613,474.0,589.0,745.0,625.0
56.633,475.0,589.0,745.0,624.0
56.653,474.0,589.0,744.0,625.0
56.673,475.0,588.0,746.0,625.0
56.693,474.0,588.0,745.0,625.0
56.713,474.0,589.0,746.0,625.0
56.733,474.0,589.0,746.0,625.0
56.753,473.0,588.0,745.0,624.0
56.773,474.0,588.0,746.0,625.0
56.793,474.0,589.0,746.0,625.0
56.814,473.0,588.0,746.0,624.0
56.834,474.0,588.0,746.0,624.0
56.854,474.0,589.0,747.0,625.0
56.874,474.0,589.0,746.0,624.0
56.894,474.0,588.0,745.0,624.0
56.914,474.0,589.0,747.0,625.0
56.934,473.0,589.0,746.0,625.0
56.954,474.0,589.0,747.0,625.0
56.974,474.0,588.0,746.0,625.0
56.994,473.0,587.0,745.0,624.0
57.015,474.0,588.0,746.0,625.0
57.035,474.0,588.0,746.0,624.0
57.055,474.0,588.0,745.0,625.0
57.075,474.0,588.0,746.0,625.0
57.095,474.0,588.0,746.0,624.0
57.115,473.0,587.0,745.0,624.0
57.135,473.0,587.0,744.0,623.0
57.155,473.0,587.0,744.0,624.0
57.175,473.0,588.0,744.0,625.0
57.195,474.0,588.0,745.0,626.0
57.215,474.0,589.0,746.0,625.0
57.236,472.0,589.0,746.0,625.0
57.256,474.0,587.0,745.0,624.0
57.276,475.0,591.0,747.0,627.0
57.296,475.0,590.0,747.0,626.0
57.316,476.0,591.0,748.0,627.0
57.336,476.0,591.0,747.0,626.0
57.356,475.0,590.0,747.0,626.0
57.376,475.0,590.0,747.0,626.0
57.396,475.0,590.0,747.0,626.0
57.416,476.0,590.0,746.0,626.0
57.437,476.0,590.0,748.0,625.0
57.457,475.0,590.0,747.0,627.0
57.477,475.0,590.0,747.0,627.0
57.497,474.0,588.0,745.0,626.0
57.517,475.0,590.0,747.0,625.0
57.537,474.0,589.0,746.0,625.0
57.557,475.0,589.0,747.0,626.0
57.577,474.0,588.0,746.0,625.0
57.597,474.0,588.0,746.0,625.0
57.617,474.0,588.0,745.0,624.0
57.637,475.0,589.0,746.0,626.0
57.658,475.0,589.0,745.0,626.0
57.678,475.0,589.0,745.0,626.0
57.698,475.0,590.0,745.0,626.0
57.718,475.0,590.0,746.0,625.0
57.738,475.0,589.0,745.0,625.0
57.758,475.0,588.0,744.0,625.0
57.778,475.0,588.0,745.0,624.0
57.798,475.0,588.0,745.0,623.0
57.818,474.0,587.0,745.0,622.0
57.838,475.0,588.0,743.0,619.0
57.858,474.0,587.0,742.0,616.0
57.879,472.0,586.0,740.0,615.0
57.899,470.0,581.0,739.0,616.0
57.919,469.0,579.0,739.0,619.0
57.939,467.0,580.0,734.0,622.0
57.959,466.0,581.0,733.0,624.0
57.979,464.0,582.0,731.0,624.0
57.999,462.0,583.0,730.0,624.0
58.019,464.0,584.0,728.0,628.0
58.039,465.0,583.0,726.0,629.0
58.059,465.0,581.0,723.0,629.0
58.08,466.0,581.0,722.0,629.0
58.1,467.0,580.0,721.0,627.0
58.12,467.0,580.0,720.0,628.0
58.14,468.0,581.0,721.0,628.0
58.16,468.0,580.0,721.0,629.0
58.18,468.0,580.0,720.0,630.0
58.2,469.0,582.0,720.0,632.0
58.22,469.0,582.0,721.0,632.0
58.24,469.0,582.0,721.0,632.0
58.26,468.0,582.0,720.0,632.0
58.281,469.0,582.0,719.0,631.0
58.301,469.0,581.0,719.0,631.0
58.321,468.0,581.0,720.0,630.0
58.341,468.0,582.0,719.0,630.0
58.361,468.0,581.0,720.0,631.0
58.381,468.0,583.0,720.0,630.0
58.401,469.0,582.0,720.0,631.0
58.421,469.0,582.0,721.0,632.0
58.441,469.0,583.0,721.0,631.0
58.461,469.0,583.0,722.0,632.0
58.482,468.0,583.0,722.0,633.0
58.502,469.0,583.0,722.0,632.0
58.522,468.0,583.0,722.0,630.0
58.542,468.0,582.0,721.0,631.0
58.562,468.0,581.0,721.0,631.0
58.582,467.0,580.0,718.0,629.0
58.602,468.0,579.0,719.0,628.0
58.622,468.0,579.0,717.0,627.0
58.642,468.0,580.0,717.0,628.0
58.663,469.0,578.0,717.0,627.0
58.683,469.0,578.0,715.0,625.0
58.703,468.0,577.0,713.0,623.0
58.723,468.0,577.0,713.0,624.0
58.743,469.0,577.0,713.0,624.0
58.763,469.0,578.0,713.0,624.0
58.783,468.0,577.0,713.0,623.0
58.803,469.0,580.0,711.0,623.0
58.823,468.0,578.0,711.0,623.0
58.843,469.0,578.0,712.0,624.0
58.864,468.0,579.0,711.0,623.0
58.884,468.0,580.0,711.0,623.0
58.904,466.0,579.0,709.0,621.0
58.924,468.0,581.0,711.0,623.0
58.944,468.0,581.0,711.0,623.0
58.965,467.0,581.0,712.0,624.0
58.985,466.0,581.0,711.0,624.0
59.005,467.0,581.0,712.0,624.0
59.025,467.0,582.0,714.0,625.0
59.045,467.0,582.0,715.0,626.0
59.065,468.0,581.0,715.0,626.0
59.085,467.0,580.0,716.0,627.0
59.105,469.0,582.0,716.0,629.0
59.125,469.0,583.0,717.0,629.0
59.145,468.0,584.0,717.0,628.0
59.166,468.0,585.0,716.0,629.0
59.186,466.0,584.0,717.0,626.0
59.206,465.0,586.0,717.0,625.0
59.226,466.0,588.0,720.0,626.0
59.246,466.0,589.0,722.0,626.0
59.266,465.0,588.0,723.0,626.0
59.286,465.0,587.0,723.0,626.0
59.306,466.0,589.0,723.0,625.0
59.326,466.0,589.0,724.0,626.0
59.346,466.0,589.0,723.0,626.0
59.366,466.0,589.0,724.0,626.0
59.386,465.0,588.0,724.0,625.0
59.406,466.0,589.0,725.0,626.0
59.426,466.0,589.0,724.0,626.0
59.447,466.0,589.0,724.0,626.0
59.467,466.0,588.0,723.0,625.0
59.487,466.0,588.0,723.0,625.0
59.507,466.0,589.0,725.0,626.0
59.527,465.0,588.0,724.0,625.0
59.547,465.0,587.0,724.0,626.0
59.567,465.0,590.0,723.0,625.0
59.587,466.0,590.0,725.0,626.0
59.607,465.0,588.0,724.0,626.0
59.627,464.0,587.0,722.0,625.0
59.647,463.0,588.0,721.0,624.0
59.667,464.0,588.0,723.0,625.0
59.687,463.0,586.0,723.0,622.0
59.707,462.0,585.0,722.0,620.0
59.728,462.0,585.0,722.0,617.0
59.748,464.0,585.0,722.0,616.0
59.768,463.0,582.0,725.0,617.0
59.788,463.0,580.0,725.0,616.0
59.808,462.0,579.0,726.0,615.0
59.828,464.0,580.0,727.0,615.0
59.848,466.0,581.0,729.0,617.0
59.868,469.0,582.0,729.0,619.0
59.888,468.0,581.0,729.0,618.0
59.908,468.0,584.0,730.0,623.0
59.928,466.0,584.0,728.0,626.0
59.948,465.0,583.0,727.0,628.0
59.968,466.0,582.0,731.0,630.0
59.989,468.0,584.0,736.0,630.0
60.009,468.0,584.0,737.0,628.0
60.029,471.0,585.0,737.0,627.0
60.049,474.0,583.0,733.0,625.0
60.069,475.0,586.0,730.0,623.0
60.089,476.0,588.0,728.0,626.0
60.109,478.0,589.0,728.0,626.0
60.129,478.0,587.0,727.0,627.0
60.149,482.0,588.0,732.0,627.0
60.169,481.0,588.0,736.0,626.0
60.189,481.0,587.0,736.0,626.0
60.21,480.0,587.0,741.0,624.0
60.23,478.0,584.0,739.0,621.0
60.25,478.0,585.0,742.0,622.0
60.27,476.0,582.0,743.0,623.0
60.29,475.0,580.0,741.0,623.0
60.31,473.0,579.0,738.0,623.0
60.33,473.0,580.0,737.0,624.0
60.35,470.0,580.0,735.0,623.0
60.37,469.0,582.0,735.0,623.0
60.39,469.0,582.0,735.0,623.0
60.411,468.0,583.0,735.0,624.0
60.431,467.0,583.0,734.0,624.0
60.451,466.0,582.0,733.0,624.0
60.471,466.0,583.0,733.0,624.0
60.491,465.0,582.0,732.0,624.0
60.511,465.0,583.0,732.0,624.0
60.531,465.0,582.0,730.0,623.0
60.551,462.0,581.0,730.0,622.0
60.571,462.0,581.0,730.0,623.0
60.591,462.0,581.0,729.0,622.0
60.612,460.0,580.0,728.0,622.0
60.632,460.0,580.0,729.0,621.0
60.652,459.0,580.0,728.0,622.0
60.672,460.0,580.0,728.0,622.0
60.692,456.0,580.0,727.0,621.0
60.712,460.0,580.0,727.0,621.0
60.732,461.0,580.0,728.0,620.0
60.752,463.0,580.0,728.0,621.0
60.772,465.0,581.0,728.0,622.0
60.792,466.0,580.0,728.0,623.0
60.812,467.0,579.0,727.0,623.0
60.833,469.0,581.0,727.0,623.0
60.853,469.0,579.0,726.0,622.0
60.873,471.0,580.0,727.0,621.0
60.893,472.0,580.0,726.0,620.0
60.913,472.0,579.0,724.0,617.0
60.933,472.0,577.0,720.0,615.0
60.953,470.0,575.0,714.0,611.0
60.973,468.0,575.0,711.0,609.0
60.993,466.0,576.0,708.0,606.0
61.013,465.0,575.0,707.0,604.0
61.034,465.0,574.0,709.0,602.0
61.054,464.0,574.0,712.0,602.0
61.074,464.0,573.0,717.0,601.0
61.094,465.0,574.0,722.0,600.0
61.114,466.0,576.0,729.0,600.0
61.134,465.0,574.0,735.0,599.0
61.154,464.0,574.0,740.0,598.0
61.174,465.0,574.0,742.0,600.0
61.194,466.0,574.0,745.0,599.0
61.214,464.0,574.0,745.0,597.0
61.234,465.0,573.0,744.0,595.0
61.255,465.0,573.0,743.0,594.0
61.275,467.0,575.0,743.0,595.0
61.295,468.0,575.0,742.0,595.0
61.315,469.0,576.0,740.0,598.0
61.335,469.0,576.0,738.0,602.0
61.355,468.0,577.0,735.0,606.0
61.375,467.0,579.0,734.0,613.0
61.395,466.0,579.0,732.0,618.0
61.415,465.0,577.0,732.0,618.0
61.435,464.0,580.0,732.0,616.0
61.456,463.0,581.0,732.0,615.0
61.476,463.0,585.0,730.0,613.0
61.496,464.0,586.0,727.0,610.0
61.516,464.0,587.0,724.0,611.0
61.536,467.0,592.0,722.0,612.0
61.556,469.0,594.0,720.0,613.0
61.576,469.0,592.0,718.0,612.0
61.596,471.0,587.0,717.0,610.0
61.616,472.0,586.0,717.0,611.0
61.636,473.0,585.0,719.0,614.0
61.657,477.0,582.0,722.0,617.0
61.677,480.0,581.0,725.0,617.0
61.697,482.0,579.0,729.0,621.0
61.717,485.0,577.0,734.0,623.0
61.737,488.0,579.0,736.0,621.0
61.757,489.0,582.0,737.0,617.0
61.777,487.0,579.0,737.0,615.0
61.797,487.0,576.0,737.0,612.0
61.817,487.0,576.0,737.0,609.0
61.837,483.0,578.0,735.0,606.0
61.858,481.0,581.0,734.0,608.0
61.878,481.0,585.0,734.0,610.0
61.898,482.0,586.0,735.0,613.0
61.918,482.0,585.0,738.0,618.0
61.938,481.0,583.0,740.0,624.0
61.958,480.0,585.0,741.0,629.0
61.978,481.0,591.0,743.0,636.0
61.998,481.0,593.0,746.0,641.0
62.018,481.0,593.0,748.0,645.0
62.038,482.0,593.0,751.0,650.0
62.058,482.0,594.0,751.0,654.0
62.079,482.0,592.0,749.0,655.0
62.099,482.0,593.0,748.0,657.0
62.119,483.0,594.0,748.0,658.0
62.139,483.0,595.0,748.0,658.0
62.159,483.0,594.0,748.0,658.0
62.179,484.0,595.0,748.0,658.0
62.199,483.0,594.0,748.0,658.0
62.219,483.0,594.0,749.0,658.0
62.239,483.0,595.0,748.0,658.0
62.26,483.0,594.0,747.0,658.0
62.28,483.0,594.0,748.0,656.0
62.3,484.0,595.0,749.0,658.0
62.32,484.0,595.0,749.0,658.0
62.34,484.0,595.0,749.0,658.0
62.36,483.0,595.0,749.0,658.0
62.38,483.0,594.0,749.0,657.0
62.4,484.0,594.0,749.0,658.0
62.42,484.0,595.0,751.0,658.0
62.44,483.0,593.0,749.0,656.0
62.461,485.0,595.0,750.0,657.0
62.481,484.0,596.0,750.0,657.0
62.501,485.0,595.0,751.0,658.0
62.521,485.0,595.0,752.0,658.0
62.541,485.0,595.0,752.0,658.0
62.561,485.0,595.0,750.0,657.0
62.581,484.0,595.0,751.0,658.0
62.601,484.0,595.0,750.0,659.0
62.621,483.0,596.0,749.0,659.0
62.641,482.0,596.0,747.0,660.0
62.661,481.0,598.0,746.0,661.0
62.682,479.0,598.0,744.0,660.0
62.702,477.0,600.0,743.0,660.0
62.722,476.0,602.0,744.0,661.0
62.742,476.0,605.0,745.0,662.0
62.762,475.0,606.0,746.0,662.0
62.782,475.0,607.0,747.0,664.0
62.802,474.0,607.0,746.0,663.0
62.822,473.0,606.0,746.0,663.0
62.842,473.0,607.0,744.0,663.0
62.862,473.0,607.0,746.0,663.0
62.883,473.0,607.0,748.0,663.0
62.903,473.0,608.0,748.0,663.0
62.923,473.0,607.0,747.0,663.0
62.943,474.0,608.0,747.0,664.0
62.963,474.0,607.0,747.0,663.0
62.983,474.0,607.0,747.0,663.0
63.003,473.0,607.0,748.0,662.0
63.023,473.0,607.0,747.0,661.0
63.043,473.0,608.0,747.0,661.0
63.063,473.0,609.0,746.0,660.0
63.084,472.0,609.0,745.0,658.0
63.104,470.0,610.0,745.0,656.0
63.124,469.0,611.0,743.0,655.0
63.144,466.0,613.0,745.0,655.0
63.164,464.0,612.0,742.0,653.0
63.184,464.0,613.0,743.0,651.0
63.204,462.0,613.0,744.0,649.0
63.224,462.0,611.0,744.0,647.0
63.244,461.0,611.0,744.0,647.0
63.264,460.0,610.0,744.0,645.0
63.285,460.0,609.0,741.0,645.0
63.305,461.0,609.0,740.0,644.0
63.325,461.0,609.0,739.0,643.0
63.345,462.0,609.0,737.0,644.0
63.365,462.0,607.0,737.0,643.0
63.385,464.0,606.0,736.0,641.0
63.405,464.0,605.0,735.0,642.0
63.425,464.0,605.0,735.0,642.0
63.445,465.0,603.0,736.0,642.0
63.465,465.0,604.0,735.0,642.0
63.486,465.0,604.0,736.0,641.0
63.506,462.0,602.0,734.0,641.0
63.526,466.0,603.0,736.0,642.0
63.546,467.0,603.0,736.0,642.0
63.566,467.0,602.0,736.0,641.0
63.586,466.0,601.0,735.0,640.0
63.606,466.0,602.0,736.0,640.0
63.626,467.0,601.0,736.0,641.0
63.646,467.0,602.0,736.0,640.0
63.667,466.0,601.0,736.0,640.0
63.687,467.0,601.0,736.0,640.0
63.707,466.0,601.0,736.0,640.0
63.727,466.0,600.0,735.0,640.0
63.747,466.0,601.0,735.0,640.0
63.767,466.0,602.0,734.0,638.0
63.787,466.0,600.0,734.0,639.0
63.807,466.0,601.0,735.0,640.0
63.827,466.0,599.0,733.0,640.0
63.847,466.0,601.0,735.0,640.0
63.868,465.0,601.0,735.0,639.0
63.888,466.0,601.0,734.0,640.0
63.908,464.0,599.0,733.0,638.0
63.928,466.0,601.0,735.0,639.0
63.948,466.0,600.0,734.0,639.0
63.968,466.0,601.0,735.0,640.0
63.988,466.0,601.0,735.0,640.0
64.008,466.0,601.0,732.0,639.0
64.028,466.0,602.0,736.0,641.0
64.049,467.0,603.0,736.0,641.0
64.069,467.0,602.0,736.0,640.0
64.089,466.0,601.0,734.0,639.0
64.109,468.0,602.0,736.0,641.0
64.129,468.0,605.0,737.0,642.0
64.149,469.0,605.0,738.0,643.0
64.169,468.0,603.0,738.0,643.0
64.189,468.0,604.0,737.0,642.0
64.209,467.0,604.0,738.0,642.0
64.229,469.0,604.0,739.0,643.0
64.249,469.0,604.0,738.0,643.0
64.27,470.0,603.0,738.0,643.0
64.29,469.0,605.0,737.0,642.0
64.31,469.0,605.0,737.0,642.0
64.33,468.0,604.0,736.0,642.0
64.35,468.0,604.0,738.0,642.0
64.37,468.0,604.0,737.0,643.0
64.39,468.0,605.0,738.0,643.0
64.41,469.0,605.0,739.0,644.0
64.43,469.0,607.0,740.0,645.0
64.45,469.0,605.0,738.0,644.0
64.47,469.0,606.0,739.0,645.0
64.49,468.0,605.0,738.0,644.0
64.51,468.0,606.0,737.0,644.0
64.531,468.0,606.0,737.0,644.0
64.551,468.0,608.0,739.0,645.0
64.571,468.0,608.0,739.0,646.0
64.591,468.0,609.0,739.0,646.0
64.611,467.0,608.0,738.0,645.0
64.631,468.0,609.0,739.0,645.0
64.651,467.0,608.0,737.0,645.0
64.671,468.0,609.0,740.0,646.0
64.691,467.0,609.0,739.0,645.0
64.711,467.0,608.0,739.0,645.0
64.732,467.0,609.0,739.0,645.0
64.752,467.0,608.0,738.0,645.0
64.772,467.0,609.0,738.0,645.0
64.792,467.0,609.0,739.0,645.0
64.812,468.0,609.0,739.0,645.0
64.832,468.0,609.0,739.0,645.0
64.852,468.0,609.0,739.0,645.0
64.872,468.0,610.0,739.0,645.0
64.892,468.0,609.0,738.0,645.0
64.912,468.0,610.0,739.0,645.0
64.933,467.0,609.0,739.0,646.0
64.953,467.0,609.0,739.0,646.0
64.973,468.0,609.0,739.0,645.0
64.993,468.0,609.0,738.0,644.0
65.013,467.0,609.0,739.0,645.0
65.033,468.0,609.0,739.0,645.0
65.053,467.0,609.0,739.0,645.0
65.073,468.0,609.0,738.0,645.0
65.093,467.0,608.0,738.0,645.0
65.113,467.0,608.0,738.0,645.0
65.133,468.0,609.0,739.0,645.0
65.154,467.0,608.0,738.0,644.0
65.174,467.0,607.0,739.0,645.0
65.194,467.0,606.0,738.0,644.0
65.214,467.0,605.0,739.0,643.0
65.234,468.0,605.0,739.0,643.0
65.254,467.0,605.0,740.0,642.0
65.274,469.0,605.0,743.0,643.0
65.294,468.0,603.0,743.0,642.0
65.314,470.0,603.0,744.0,643.0
65.334,470.0,602.0,745.0,643.0
65.355,470.0,602.0,745.0,643.0
65.375,472.0,603.0,745.0,644.0
65.395,472.0,602.0,745.0,645.0
65.415,472.0,601.0,742.0,644.0
65.435,474.0,600.0,740.0,645.0
65.455,476.0,601.0,739.0,645.0
65.475,477.0,601.0,737.0,644.0
65.495,479.0,601.0,737.0,644.0
65.515,479.0,600.0,737.0,644.0
65.535,479.0,599.0,737.0,643.0
65.556,480.0,599.0,737.0,643.0
65.576,480.0,600.0,740.0,643.0
65.596,479.0,598.0,741.0,642.0
65.616,480.0,598.0,745.0,642.0
65.636,479.0,599.0,748.0,641.0
65.656,478.0,598.0,747.0,639.0
65.676,477.0,599.0,748.0,637.0
65.696,475.0,596.0,749.0,635.0
65.716,474.0,596.0,749.0,634.0
65.736,475.0,596.0,750.0,633.0
65.756,474.0,596.0,751.0,634.0
65.777,473.0,596.0,752.0,633.0
65.797,470.0,596.0,752.0,633.0
65.817,472.0,596.0,754.0,633.0
65.837,471.0,594.0,754.0,631.0
65.857,471.0,594.0,756.0,631.0
65.877,470.0,593.0,755.0,629.0
65.897,470.0,592.0,756.0,629.0
65.917,471.0,590.0,755.0,629.0
65.937,471.0,589.0,754.0,628.0
65.957,473.0,588.0,755.0,629.0
65.978,474.0,588.0,755.0,631.0
65.998,476.0,587.0,753.0,632.0
66.018,480.0,586.0,748.0,634.0
66.038,483.0,585.0,743.0,635.0
66.058,482.0,585.0,742.0,637.0
66.078,483.0,586.0,741.0,640.0
66.098,485.0,589.0,741.0,642.0
66.118,485.0,591.0,738.0,646.0
66.138,487.0,593.0,735.0,647.0
66.158,485.0,593.0,733.0,648.0
66.178,484.0,593.0,735.0,652.0
66.199,481.0,592.0,736.0,655.0
66.219,480.0,592.0,739.0,658.0
66.239,479.0,591.0,741.0,661.0
66.259,477.0,591.0,743.0,663.0
66.279,477.0,592.0,743.0,664.0
66.299,476.0,591.0,744.0,664.0
66.319,475.0,587.0,742.0,664.0
66.339,474.0,591.0,741.0,664.0
66.359,474.0,590.0,740.0,664.0
66.379,471.0,589.0,741.0,665.0
66.4,469.0,589.0,740.0,665.0
66.42,468.0,589.0,740.0,665.0
66.44,468.0,589.0,738.0,666.0
66.46,468.0,588.0,740.0,670.0
66.48,468.0,587.0,741.0,669.0
66.5,468.0,583.0,740.0,665.0
66.52,469.0,586.0,741.0,659.0
66.54,472.0,587.0,743.0,656.0
66.56,474.0,589.0,743.0,654.0
66.58,475.0,591.0,740.0,650.0
66.601,476.0,593.0,738.0,646.0
66.621,477.0,594.0,737.0,642.0
66.641,476.0,597.0,737.0,639.0
66.661,474.0,596.0,737.0,638.0
66.681,471.0,597.0,738.0,640.0
66.701,471.0,599.0,739.0,641.0
66.721,467.0,598.0,740.0,644.0
66.741,467.0,599.0,740.0,649.0
66.761,468.0,599.0,741.0,656.0
66.781,467.0,598.0,740.0,661.0
66.801,467.0,599.0,737.0,663.0
66.822,465.0,598.0,734.0,664.0
66.842,468.0,598.0,732.0,665.0
66.862,472.0,598.0,732.0,665.0
66.882,475.0,599.0,731.0,664.0
66.902,474.0,598.0,730.0,661.0
66.922,475.0,598.0,729.0,658.0
66.942,475.0,598.0,730.0,653.0
66.962,477.0,599.0,730.0,648.0
66.982,479.0,600.0,733.0,644.0
67.002,480.0,599.0,736.0,640.0
67.023,481.0,600.0,738.0,638.0
67.043,481.0,600.0,739.0,637.0
67.063,483.0,601.0,741.0,639.0
67.083,482.0,601.0,743.0,641.0
67.103,481.0,601.0,744.0,643.0
67.123,481.0,601.0,747.0,644.0
67.143,481.0,601.0,749.0,645.0
67.163,480.0,598.0,750.0,646.0
67.183,480.0,600.0,752.0,647.0
67.203,480.0,600.0,753.0,646.0
67.223,480.0,599.0,753.0,647.0
67.244,481.0,598.0,754.0,648.0
67.264,481.0,598.0,754.0,651.0
67.284,480.0,597.0,752.0,652.0
67.304,479.0,597.0,752.0,655.0
67.324,479.0,596.0,753.0,656.0
67.344,477.0,596.0,752.0,658.0
67.364,477.0,596.0,752.0,659.0
67.384,476.0,595.0,752.0,659.0
67.404,476.0,595.0,750.0,659.0
67.424,474.0,595.0,751.0,659.0
67.445,477.0,596.0,752.0,660.0
67.465,477.0,597.0,752.0,660.0
67.485,477.0,596.0,753.0,660.0
67.505,477.0,597.0,752.0,661.0
67.525,476.0,596.0,752.0,660.0
67.545,477.0,596.0,753.0,660.0
67.565,477.0,597.0,753.0,661.0
67.585,477.0,597.0,753.0,662.0
67.605,477.0,596.0,752.0,661.0
67.625,477.0,597.0,752.0,661.0
67.646,475.0,596.0,753.0,661.0
67.666,477.0,596.0,750.0,660.0
67.686,477.0,596.0,751.0,660.0
67.706,476.0,596.0,751.0,661.0
67.726,476.0,596.0,752.0,660.0
67.746,476.0,596.0,751.0,660.0
67.766,476.0,596.0,753.0,661.0
67.786,477.0,597.0,752.0,661.0
67.806,476.0,595.0,751.0,660.0
67.826,476.0,596.0,752.0,660.0
67.847,477.0,597.0,752.0,661.0
67.867,477.0,597.0,753.0,661.0
67.887,476.0,597.0,752.0,661.0
67.907,477.0,597.0,753.0,661.0
67.927,476.0,597.0,753.0,661.0
67.947,477.0,597.0,752.0,661.0
67.967,477.0,596.0,752.0,661.0
67.987,476.0,596.0,753.0,660.0
68.007,477.0,596.0,753.0,660.0
68.027,475.0,594.0,752.0,659.0
68.047,476.0,596.0,752.0,661.0
68.068,476.0,596.0,751.0,660.0
68.088,476.0,597.0,753.0,660.0
68.108,475.0,595.0,752.0,660.0
68.128,475.0,595.0,752.0,658.0
68.148,473.0,594.0,749.0,656.0
68.168,474.0,595.0,750.0,657.0
68.188,474.0,592.0,749.0,655.0
68.208,473.0,592.0,749.0,655.0
68.228,474.0,593.0,748.0,656.0
68.248,474.0,592.0,748.0,656.0
68.269,474.0,591.0,747.0,657.0
68.289,475.0,592.0,749.0,660.0
68.309,475.0,592.0,749.0,660.0
68.329,475.0,589.0,749.0,660.0
68.349,473.0,589.0,747.0,658.0
68.369,473.0,588.0,746.0,658.0
68.389,471.0,587.0,744.0,657.0
68.409,470.0,586.0,741.0,659.0
68.429,469.0,584.0,737.0,660.0
68.449,469.0,582.0,733.0,658.0
68.47,469.0,582.0,731.0,657.0
68.49,469.0,582.0,729.0,658.0
68.51,469.0,582.0,727.0,659.0
68.53,469.0,582.0,726.0,661.0
68.55,469.0,584.0,725.0,661.0
68.57,469.0,584.0,725.0,662.0
68.59,469.0,584.0,724.0,660.0
68.61,470.0,586.0,724.0,660.0
68.63,469.0,588.0,723.0,659.0
68.65,468.0,589.0,723.0,659.0
68.671,468.0,591.0,721.0,661.0
68.691,467.0,593.0,723.0,664.0
68.711,468.0,595.0,723.0,666.0
68.731,469.0,594.0,723.0,669.0
68.751,469.0,594.0,721.0,670.0
68.771,469.0,596.0,722.0,671.0
68.791,471.0,596.0,723.0,669.0
68.811,473.0,596.0,721.0,668.0
68.831,474.0,596.0,722.0,667.0
68.851,477.0,596.0,724.0,664.0
68.871,477.0,594.0,722.0,663.0
68.892,478.0,593.0,722.0,663.0
68.912,479.0,592.0,722.0,664.0
68.932,479.0,591.0,724.0,665.0
68.952,480.0,591.0,723.0,666.0
68.972,479.0,589.0,723.0,665.0
68.992,477.0,587.0,723.0,664.0
69.012,479.0,590.0,727.0,665.0
69.032,479.0,590.0,728.0,663.0
69.052,479.0,589.0,729.0,660.0
69.073,480.0,589.0,732.0,658.0
69.093,482.0,590.0,733.0,656.0
69.113,483.0,590.0,734.0,654.0
69.133,485.0,590.0,736.0,651.0
69.153,485.0,588.0,735.0,650.0
69.173,484.0,588.0,736.0,651.0
69.193,482.0,588.0,735.0,650.0
69.213,485.0,588.0,737.0,650.0
69.233,486.0,587.0,737.0,650.0
69.253,483.0,586.0,738.0,650.0
69.273,483.0,586.0,739.0,650.0
69.293,483.0,585.0,742.0,652.0
69.313,481.0,584.0,743.0,654.0
69.333,481.0,585.0,745.0,656.0
69.354,479.0,586.0,744.0,654.0
69.374,478.0,589.0,745.0,654.0
69.394,476.0,589.0,745.0,658.0
69.414,473.0,590.0,745.0,667.0
69.434,472.0,593.0,743.0,670.0
69.454,474.0,598.0,740.0,672.0
69.474,476.0,602.0,736.0,673.0
69.494,476.0,603.0,733.0,678.0
69.514,475.0,606.0,730.0,679.0
69.534,475.0,607.0,729.0,673.0
69.554,475.0,605.0,728.0,671.0
69.574,473.0,605.0,729.0,674.0
69.594,471.0,605.0,731.0,672.0
69.615,470.0,604.0,733.0,667.0
69.635,470.0,601.0,736.0,662.0
69.655,470.0,600.0,736.0,660.0
69.675,471.0,600.0,738.0,662.0
69.695,471.0,601.0,737.0,663.0
69.715,471.0,601.0,738.0,665.0
69.735,472.0,602.0,738.0,665.0
69.755,471.0,602.0,740.0,666.0
69.775,472.0,602.0,739.0,666.0
69.795,471.0,602.0,739.0,666.0
69.815,471.0,603.0,739.0,665.0
69.835,472.0,602.0,740.0,666.0
69.855,471.0,600.0,740.0,665.0
69.875,471.0,603.0,740.0,665.0
69.896,472.0,603.0,741.0,665.0
69.916,471.0,603.0,738.0,665.0
69.936,472.0,603.0,740.0,665.0
69.956,471.0,603.0,740.0,666.0
69.976,471.0,603.0,740.0,666.0
69.996,471.0,603.0,740.0,664.0
70.016,471.0,604.0,740.0,664.0
70.036,472.0,605.0,740.0,664.0
70.056,471.0,605.0,740.0,664.0
70.076,472.0,604.0,740.0,664.0
70.096,471.0,603.0,738.0,662.0
70.116,471.0,601.0,739.0,661.0
70.136,471.0,605.0,739.0,664.0
70.157,471.0,605.0,739.0,664.0
70.177,471.0,605.0,737.0,662.0
70.197,471.0,605.0,736.0,664.0
70.217,473.0,608.0,736.0,674.0
70.237,475.0,609.0,735.0,683.0
70.257,477.0,611.0,735.0,681.0
70.277,479.0,613.0,735.0,672.0
70.297,479.0,616.0,735.0,681.0
70.317,479.0,617.0,735.0,690.0
70.337,477.0,617.0,736.0,686.0
70.358,479.0,616.0,737.0,682.0
70.378,479.0,616.0,736.0,683.0
70.398,480.0,615.0,737.0,681.0
70.418,476.0,613.0,737.0,674.0
70.438,475.0,612.0,740.0,674.0
70.458,475.0,610.0,744.0,676.0
70.478,474.0,608.0,747.0,670.0
70.498,478.0,606.0,750.0,675.0
70.518,481.0,607.0,753.0,669.0
70.538,482.0,610.0,756.0,664.0
70.559,485.0,613.0,755.0,660.0
70.579,482.0,615.0,756.0,657.0
70.599,486.0,615.0,755.0,659.0
70.619,484.0,615.0,749.0,656.0
70.639,486.0,616.0,746.0,641.0
70.659,486.0,616.0,743.0,641.0
70.679,490.0,616.0,740.0,642.0
70.699,488.0,615.0,739.0,643.0
70.719,485.0,617.0,736.0,653.0
70.739,481.0,618.0,733.0,653.0
70.76,481.0,616.0,727.0,648.0
70.78,483.0,617.0,729.0,652.0
70.8,482.0,614.0,722.0,645.0
70.82,482.0,616.0,727.0,650.0
70.84,484.0,617.0,734.0,655.0
70.86,483.0,618.0,740.0,659.0
70.88,485.0,618.0,745.0,661.0
70.9,482.0,617.0,750.0,657.0
70.92,484.0,615.0,750.0,650.0
70.94,486.0,615.0,745.0,644.0
70.961,487.0,612.0,739.0,640.0
70.981,491.0,613.0,735.0,636.0
71.001,495.0,613.0,733.0,638.0
71.021,496.0,612.0,735.0,642.0
71.041,496.0,613.0,737.0,643.0
71.061,492.0,613.0,738.0,643.0
71.081,493.0,613.0,735.0,641.0
71.101,493.0,613.0,733.0,646.0
71.121,490.0,612.0,733.0,656.0
71.141,489.0,609.0,734.0,658.0
71.162,487.0,601.0,737.0,663.0
71.182,485.0,594.0,739.0,672.0
71.202,486.0,596.0,740.0,677.0
71.222,487.0,600.0,742.0,676.0
71.242,489.0,605.0,744.0,675.0
71.262,490.0,610.0,745.0,677.0
71.282,489.0,611.0,747.0,680.0
71.302,490.0,607.0,747.0,682.0
71.322,492.0,610.0,749.0,678.0
71.342,493.0,621.0,749.0,676.0
71.363,490.0,629.0,744.0,675.0
71.383,494.0,632.0,742.0,674.0
71.403,494.0,635.0,743.0,676.0
71.423,494.0,632.0,741.0,672.0
71.443,498.0,630.0,739.0,671.0
71.464,500.0,628.0,738.0,668.0
71.484,501.0,626.0,738.0,666.0
71.504,503.0,626.0,740.0,666.0
71.524,504.0,627.0,743.0,664.0
71.544,505.0,627.0,745.0,666.0
71.564,507.0,627.0,747.0,666.0
71.584,507.0,629.0,750.0,664.0
71.604,508.0,627.0,751.0,663.0
71.624,510.0,628.0,752.0,663.0
71.644,510.0,628.0,752.0,664.0
71.665,510.0,628.0,753.0,663.0
71.685,511.0,629.0,752.0,663.0
71.705,510.0,628.0,752.0,663.0
71.725,511.0,628.0,752.0,663.0
71.745,512.0,628.0,753.0,664.0
71.765,512.0,628.0,752.0,663.0
71.785,512.0,628.0,753.0,664.0
71.805,512.0,629.0,753.0,664.0
71.825,511.0,628.0,753.0,664.0
71.845,512.0,628.0,754.0,667.0
71.865,512.0,628.0,756.0,670.0
71.886,511.0,629.0,757.0,671.0
71.906,509.0,632.0,760.0,673.0
71.926,507.0,632.0,762.0,677.0
71.946,506.0,631.0,763.0,680.0
71.966,504.0,629.0,764.0,687.0
71.986,501.0,626.0,765.0,693.0
72.006,498.0,625.0,765.0,695.0
72.026,496.0,624.0,765.0,696.0
72.046,495.0,624.0,767.0,697.0
72.066,495.0,626.0,766.0,698.0
72.087,495.0,625.0,767.0,699.0
72.107,495.0,625.0,768.0,699.0
72.127,496.0,625.0,767.0,699.0
72.147,497.0,625.0,768.0,701.0
72.167,496.0,625.0,768.0,700.0
72.187,497.0,626.0,768.0,702.0
72.207,497.0,625.0,768.0,700.0
72.227,497.0,626.0,768.0,702.0
72.247,498.0,627.0,768.0,701.0
72.267,497.0,627.0,769.0,703.0
72.288,497.0,626.0,768.0,703.0
72.308,497.0,625.0,769.0,703.0
72.328,497.0,626.0,768.0,702.0
72.348,497.0,625.0,769.0,703.0
72.368,497.0,626.0,769.0,703.0
72.388,497.0,625.0,768.0,702.0
72.408,497.0,626.0,768.0,703.0
72.428,497.0,626.0,769.0,702.0
72.448,497.0,626.0,769.0,703.0
72.468,497.0,627.0,770.0,703.0
72.488,497.0,626.0,769.0,703.0
72.509,497.0,626.0,770.0,704.0
72.529,497.0,623.0,769.0,703.0
72.549,497.0,625.0,769.0,703.0
72.569,497.0,625.0,769.0,703.0
72.589,497.0,625.0,769.0,703.0
72.609,495.0,623.0,768.0,700.0
72.629,496.0,625.0,767.0,701.0
72.649,495.0,624.0,768.0,701.0
72.669,495.0,622.0,766.0,700.0
72.689,494.0,623.0,765.0,700.0
72.71,496.0,624.0,768.0,701.0
72.73,496.0,624.0,767.0,701.0
72.75,496.0,626.0,769.0,703.0
72.77,497.0,626.0,769.0,704.0
72.79,497.0,626.0,769.0,703.0
72.81,496.0,625.0,769.0,702.0
72.83,496.0,626.0,769.0,702.0
72.85,497.0,625.0,770.0,702.0
72.87,497.0,626.0,770.0,704.0
72.89,496.0,625.0,769.0,703.0
72.91,496.0,625.0,768.0,702.0
72.93,497.0,626.0,769.0,704.0
72.95,497.0,625.0,770.0,703.0
72.971,496.0,624.0,769.0,702.0
72.991,496.0,625.0,768.0,704.0
73.011,496.0,625.0,767.0,702.0
73.031,497.0,626.0,768.0,703.0
73.051,497.0,624.0,768.0,702.0
73.071,496.0,625.0,768.0,702.0
73.091,496.0,625.0,767.0,702.0
73.111,495.0,624.0,768.0,701.0
73.131,496.0,626.0,769.0,702.0
73.151,498.0,625.0,769.0,703.0
73.171,497.0,626.0,768.0,703.0
73.191,496.0,626.0,768.0,702.0
73.211,496.0,626.0,768.0,702.0
73.231,498.0,626.0,768.0,702.0
73.252,496.0,625.0,769.0,703.0
73.272,496.0,625.0,770.0,703.0
73.292,496.0,625.0,769.0,703.0
73.312,495.0,624.0,768.0,702.0
73.332,497.0,625.0,769.0,701.0
73.352,498.0,625.0,770.0,703.0
73.372,497.0,626.0,769.0,702.0
73.392,497.0,626.0,769.0,703.0
73.412,497.0,626.0,770.0,704.0
73.432,497.0,627.0,770.0,704.0
73.452,497.0,627.0,770.0,704.0
73.472,499.0,628.0,771.0,704.0
73.493,498.0,627.0,772.0,705.0
73.513,498.0,628.0,771.0,704.0
73.533,496.0,628.0,771.0,704.0
73.553,499.0,628.0,772.0,704.0
73.573,498.0,627.0,772.0,705.0
73.593,497.0,626.0,770.0,703.0
73.613,498.0,626.0,770.0,703.0
73.633,496.0,626.0,770.0,704.0
73.653,497.0,625.0,769.0,703.0
73.673,496.0,625.0,769.0,703.0
73.694,497.0,624.0,768.0,702.0
73.714,494.0,623.0,767.0,701.0
73.734,495.0,623.0,766.0,700.0
73.754,494.0,622.0,765.0,700.0
73.774,494.0,622.0,764.0,700.0
73.794,494.0,621.0,765.0,700.0
73.814,494.0,622.0,765.0,700.0
73.834,494.0,622.0,764.0,701.0
73.854,495.0,623.0,764.0,701.0
73.874,496.0,624.0,766.0,702.0
73.894,495.0,623.0,765.0,701.0
73.915,493.0,621.0,763.0,700.0
73.935,494.0,622.0,764.0,700.0
73.955,495.0,622.0,765.0,701.0
73.975,495.0,623.0,765.0,701.0
73.995,494.0,623.0,764.0,700.0
74.015,495.0,622.0,763.0,699.0
74.035,495.0,623.0,764.0,701.0
74.055,494.0,623.0,764.0,700.0
74.076,496.0,623.0,764.0,701.0
74.096,496.0,626.0,766.0,702.0
74.116,496.0,626.0,768.0,704.0
74.136,497.0,627.0,512.0,703.0
74.156,497.0,625.0,768.0,704.0
74.176,497.0,626.0,769.0,704.0
74.196,497.0,626.0,769.0,704.0
74.216,497.0,626.0,768.0,704.0
74.236,496.0,626.0,767.0,703.0
74.256,497.0,626.0,768.0,705.0
74.276,498.0,627.0,769.0,705.0
74.296,498.0,627.0,769.0,705.0
74.316,497.0,626.0,768.0,704.0
74.336,497.0,626.0,768.0,704.0
74.357,499.0,628.0,769.0,705.0
74.377,498.0,626.0,768.0,705.0
74.397,497.0,625.0,768.0,704.0
74.417,497.0,626.0,768.0,703.0
74.437,497.0,625.0,767.0,704.0
74.457,497.0,626.0,768.0,704.0
74.477,498.0,627.0,769.0,705.0
74.497,498.0,627.0,768.0,705.0
74.517,498.0,626.0,768.0,705.0
74.537,498.0,626.0,768.0,704.0
74.557,497.0,626.0,767.0,704.0
74.577,498.0,627.0,768.0,705.0
74.597,498.0,627.0,769.0,705.0
74.617,498.0,627.0,768.0,705.0
74.638,498.0,626.0,768.0,703.0
74.658,497.0,627.0,767.0,704.0
74.678,499.0,628.0,768.0,704.0
74.698,498.0,627.0,768.0,705.0
74.718,498.0,628.0,768.0,705.0
74.738,497.0,625.0,767.0,704.0
74.758,496.0,625.0,766.0,704.0
74.778,498.0,627.0,768.0,705.0
74.798,498.0,626.0,768.0,704.0
74.818,497.0,626.0,768.0,705.0
74.838,498.0,627.0,768.0,705.0
74.858,497.0,626.0,768.0,704.0
74.878,497.0,626.0,768.0,704.0
74.899,498.0,628.0,768.0,704.0
74.919,497.0,626.0,768.0,705.0
74.939,498.0,626.0,768.0,705.0
74.959,498.0,626.0,768.0,705.0
74.979,497.0,625.0,767.0,704.0
74.999,498.0,628.0,766.0,703.0
75.019,498.0,628.0,768.0,705.0
75.039,498.0,627.0,769.0,705.0
75.059,497.0,625.0,769.0,705.0
75.079,497.0,626.0,768.0,703.0
75.099,499.0,629.0,771.0,706.0
75.119,498.0,628.0,771.0,706.0
75.139,498.0,629.0,771.0,705.0
75.16,497.0,628.0,772.0,705.0
75.18,496.0,625.0,769.0,703.0
75.2,496.0,626.0,771.0,705.0
75.22,495.0,627.0,772.0,704.0
75.24,494.0,625.0,772.0,704.0
75.26,493.0,625.0,773.0,704.0
75.28,493.0,624.0,774.0,704.0
75.3,491.0,624.0,774.0,703.0
75.32,491.0,624.0,775.0,702.0
75.34,490.0,625.0,776.0,702.0
75.361,490.0,625.0,775.0,702.0
75.381,489.0,625.0,771.0,700.0
75.401,487.0,627.0,769.0,701.0
75.421,487.0,627.0,767.0,699.0
75.441,486.0,629.0,764.0,700.0
75.461,485.0,629.0,763.0,700.0
75.481,485.0,630.0,762.0,701.0
75.501,486.0,630.0,763.0,702.0
75.521,486.0,631.0,765.0,700.0
75.541,486.0,630.0,766.0,698.0
75.562,486.0,631.0,766.0,696.0
75.582,486.0,631.0,765.0,695.0
75.602,487.0,632.0,765.0,695.0
75.622,488.0,634.0,763.0,694.0
75.642,488.0,634.0,763.0,694.0
75.662,488.0,633.0,762.0,693.0
75.682,489.0,634.0,763.0,695.0
75.702,489.0,634.0,762.0,696.0
75.722,490.0,634.0,763.0,694.0
75.742,489.0,634.0,763.0,695.0
75.762,489.0,634.0,763.0,695.0
75.783,488.0,632.0,762.0,694.0
75.803,488.0,634.0,762.0,694.0
75.823,489.0,634.0,763.0,695.0
75.843,489.0,634.0,763.0,695.0
75.863,489.0,634.0,762.0,695.0
75.883,489.0,633.0,763.0,695.0
75.903,488.0,633.0,761.0,694.0
75.923,489.0,633.0,762.0,695.0
75.943,490.0,634.0,762.0,693.0
75.963,490.0,634.0,763.0,695.0
75.984,489.0,634.0,763.0,694.0
76.004,487.0,632.0,762.0,692.0
76.024,489.0,634.0,763.0,693.0
76.044,488.0,633.0,762.0,693.0
76.064,489.0,633.0,762.0,693.0
76.084,488.0,632.0,761.0,693.0
76.104,489.0,633.0,762.0,693.0
76.124,488.0,633.0,761.0,694.0
76.144,488.0,633.0,762.0,694.0
76.164,489.0,633.0,760.0,693.0
76.185,488.0,632.0,761.0,693.0
76.205,488.0,633.0,760.0,693.0
76.225,488.0,632.0,761.0,693.0
76.245,488.0,633.0,761.0,694.0
76.265,488.0,632.0,761.0,694.0
76.285,488.0,633.0,761.0,693.0
76.305,488.0,632.0,760.0,693.0
76.325,488.0,634.0,761.0,694.0
76.345,487.0,632.0,760.0,693.0
76.365,489.0,634.0,760.0,694.0
76.385,488.0,632.0,760.0,693.0
76.406,488.0,633.0,760.0,694.0
76.426,489.0,634.0,761.0,693.0
76.446,489.0,633.0,761.0,693.0
76.466,489.0,633.0,762.0,695.0
76.486,488.0,633.0,762.0,693.0
76.506,488.0,632.0,763.0,693.0
76.526,488.0,633.0,763.0,693.0
76.546,488.0,633.0,763.0,693.0
76.566,489.0,633.0,764.0,694.0
76.586,489.0,633.0,763.0,694.0
76.607,488.0,634.0,764.0,695.0
76.627,488.0,634.0,763.0,693.0
76.647,488.0,633.0,763.0,693.0
76.667,489.0,634.0,764.0,694.0
76.687,488.0,634.0,764.0,694.0
76.707,489.0,634.0,764.0,694.0
76.727,489.0,634.0,764.0,694.0
76.747,489.0,634.0,765.0,694.0
76.767,489.0,633.0,764.0,694.0
76.787,489.0,635.0,764.0,694.0
76.808,489.0,634.0,764.0,694.0
76.828,489.0,634.0,764.0,694.0
76.848,489.0,634.0,762.0,694.0
76.868,489.0,634.0,764.0,693.0
76.888,489.0,634.0,764.0,694.0
76.908,489.0,634.0,765.0,693.0
76.928,489.0,634.0,764.0,694.0
76.948,490.0,634.0,763.0,694.0
76.968,489.0,633.0,764.0,693.0
76.988,489.0,633.0,763.0,693.0
77.008,488.0,633.0,763.0,693.0
77.029,489.0,634.0,764.0,693.0
77.049,488.0,632.0,764.0,693.0
77.069,489.0,633.0,764.0,694.0
77.089,488.0,633.0,764.0,694.0
77.109,488.0,633.0,764.0,694.0
77.129,488.0,632.0,764.0,693.0
77.149,488.0,633.0,765.0,693.0
77.169,488.0,632.0,764.0,692.0
77.189,488.0,632.0,764.0,694.0
77.209,488.0,633.0,764.0,693.0
77.23,488.0,633.0,764.0,694.0
77.25,489.0,633.0,765.0,694.0
77.27,489.0,633.0,765.0,694.0
77.29,488.0,633.0,764.0,694.0
77.31,488.0,633.0,765.0,694.0
77.33,488.0,633.0,765.0,694.0
77.35,489.0,633.0,765.0,694.0
77.37,489.0,633.0,765.0,694.0
77.39,488.0,633.0,764.0,694.0
77.41,488.0,633.0,765.0,695.0
77.43,488.0,633.0,764.0,693.0
77.451,488.0,633.0,764.0,694.0
77.471,488.0,633.0,765.0,694.0
77.491,488.0,633.0,764.0,693.0
77.511,488.0,632.0,765.0,693.0
77.531,488.0,632.0,764.0,693.0
77.551,488.0,632.0,765.0,693.0
77.571,488.0,633.0,764.0,693.0
77.591,488.0,631.0,763.0,693.0
77.611,488.0,632.0,764.0,693.0
77.631,487.0,632.0,764.0,694.0
77.652,488.0,633.0,765.0,694.0
77.672,488.0,633.0,764.0,694.0
77.692,488.0,634.0,765.0,694.0
77.712,487.0,632.0,764.0,693.0
77.732,488.0,633.0,763.0,694.0
77.752,488.0,633.0,764.0,694.0
77.772,488.0,633.0,765.0,694.0
77.792,488.0,633.0,764.0,693.0
77.812,488.0,632.0,763.0,693.0
77.832,488.0,633.0,763.0,693.0
77.853,488.0,633.0,764.0,693.0
77.873,489.0,633.0,764.0,693.0
77.893,488.0,632.0,764.0,694.0
77.913,488.0,634.0,764.0,693.0
77.933,488.0,629.0,764.0,694.0
77.953,488.0,632.0,763.0,694.0
77.973,489.0,633.0,764.0,694.0
77.993,488.0,633.0,765.0,694.0
78.013,489.0,633.0,765.0,694.0
78.033,489.0,633.0,765.0,695.0
78.053,489.0,635.0,766.0,696.0
78.074,490.0,635.0,767.0,696.0
78.094,489.0,634.0,766.0,695.0
78.114,491.0,635.0,767.0,696.0
78.134,490.0,635.0,767.0,696.0
78.154,490.0,634.0,767.0,696.0
78.174,490.0,634.0,767.0,695.0
78.194,489.0,633.0,765.0,695.0
78.214,489.0,634.0,767.0,696.0
78.234,490.0,634.0,768.0,696.0
78.254,490.0,634.0,766.0,695.0
78.275,490.0,635.0,768.0,696.0
78.295,490.0,634.0,767.0,696.0
78.315,489.0,634.0,766.0,695.0
78.335,490.0,634.0,766.0,695.0
78.355,490.0,635.0,767.0,696.0
78.375,490.0,635.0,768.0,697.0
78.395,489.0,634.0,767.0,696.0
78.415,489.0,634.0,767.0,696.0
78.435,489.0,634.0,766.0,695.0
78.455,490.0,634.0,766.0,695.0
78.476,488.0,632.0,764.0,694.0
78.496,489.0,633.0,765.0,694.0
78.516,489.0,633.0,765.0,694.0
78.536,488.0,633.0,764.0,693.0
78.556,488.0,633.0,765.0,694.0
78.576,488.0,634.0,764.0,694.0
78.596,487.0,632.0,763.0,693.0
78.616,487.0,631.0,764.0,692.0
78.636,487.0,632.0,763.0,692.0
78.657,487.0,631.0,762.0,692.0
78.677,487.0,631.0,763.0,693.0
78.697,487.0,631.0,762.0,692.0
78.717,487.0,631.0,762.0,692.0
78.737,486.0,630.0,761.0,691.0
78.757,486.0,630.0,761.0,690.0
78.777,486.0,630.0,762.0,690.0
78.797,486.0,629.0,761.0,691.0
78.817,485.0,630.0,761.0,691.0
78.837,486.0,630.0,761.0,691.0
78.857,486.0,631.0,763.0,691.0
78.878,486.0,630.0,761.0,691.0
78.898,486.0,630.0,762.0,692.0
78.918,484.0,628.0,759.0,688.0
78.938,486.0,629.0,761.0,691.0
78.958,486.0,630.0,761.0,691.0
