t,left,right,valid
0.001,1785.0,1756.0,1
0.021,1783.0,1772.0,1
0.041,1784.0,1770.0,1
0.061,1784.0,1761.0,1
0.081,1783.0,1759.0,1
0.101,1783.0,1772.0,1
0.121,1798.0,1756.0,1
0.141,1798.0,1757.0,1
0.161,1797.0,1744.0,1
0.182,1783.0,1758.0,1
0.202,1798.0,1769.0,1
0.222,1785.0,1756.0,1
0.242,1797.0,1757.0,1
0.262,1796.0,1757.0,1
0.282,1784.0,1753.0,1
0.302,1769.0,1772.0,1
0.322,1788.0,1758.0,1
0.342,1796.0,1772.0,1
0.362,1784.0,1753.0,1
0.382,1784.0,1758.0,1
0.402,1797.0,1758.0,1
0.422,1784.0,1752.0,1
0.443,1784.0,1755.0,1
0.463,1769.0,1757.0,1
0.483,1784.0,1774.0,1
0.503,1784.0,1754.0,1
0.524,1770.0,1757.0,1
0.544,1783.0,1758.0,1
0.564,1783.0,1754.0,1
0.584,1784.0,1769.0,1
0.604,1784.0,1772.0,1
0.624,1783.0,1758.0,1
0.645,1768.0,1770.0,1
0.665,1784.0,1756.0,1
0.685,1774.0,1757.0,1
0.705,1783.0,1772.0,1
0.725,1783.0,1778.0,1
0.745,1785.0,1757.0,1
0.765,1786.0,1758.0,1
0.785,1781.0,1772.0,1
0.805,1784.0,1756.0,1
0.826,1798.0,1772.0,1
0.846,1784.0,1758.0,1
0.866,1782.0,1753.0,1
0.886,1785.0,1755.0,1
0.906,1784.0,1758.0,1
0.926,1783.0,1768.0,1
0.946,1783.0,1755.0,1
0.966,1784.0,1757.0,1
0.986,1784.0,1758.0,1
1.007,1783.0,1769.0,1
1.027,1798.0,1755.0,1
1.047,1784.0,1758.0,1
1.067,1769.0,1758.0,1
1.087,1784.0,1756.0,1
1.107,1783.0,1756.0,1
1.127,1785.0,1758.0,1
1.147,1768.0,1758.0,1
1.167,1784.0,1756.0,1
1.187,1798.0,1757.0,1
1.207,1798.0,1758.0,1
1.227,1782.0,1757.0,1
1.248,1782.0,1768.0,1
1.268,1799.0,1757.0,1
1.288,1783.0,1758.0,1
1.308,1787.0,1757.0,1
1.328,1796.0,1768.0,1
1.348,1785.0,1757.0,1
1.368,1799.0,1758.0,1
1.388,1784.0,1772.0,1
1.408,1783.0,1753.0,1
1.428,1798.0,1758.0,1
1.448,1798.0,1758.0,1
1.468,1783.0,1752.0,1
1.489,1784.0,1757.0,1
1.509,1799.0,1757.0,1
1.529,1782.0,1773.0,1
1.549,1783.0,1754.0,1
1.569,1784.0,1757.0,1
1.589,1799.0,1758.0,1
1.609,1796.0,1755.0,1
1.629,1798.0,1770.0,1
1.649,1798.0,1757.0,1
1.669,1799.0,1758.0,1
1.689,1790.0,1756.0,1
1.71,1782.0,1756.0,1
1.73,1784.0,1758.0,1
1.75,1799.0,1771.0,1
1.77,1803.0,1756.0,1
1.79,1784.0,1756.0,1
1.81,1800.0,1757.0,1
1.83,1769.0,1757.0,1
1.85,1774.0,1766.0,1
1.87,1784.0,1758.0,1
1.89,1785.0,1757.0,1
1.911,1798.0,1772.0,1
1.931,1768.0,1754.0,1
1.951,1799.0,1758.0,1
1.971,1798.0,1757.0,1
1.991,1784.0,1754.0,1
2.011,1797.0,1771.0,1
2.031,1799.0,1772.0,1
2.051,1798.0,1770.0,1
2.071,1783.0,1756.0,1
2.092,1798.0,1757.0,1
2.112,1800.0,1772.0,1
2.132,1781.0,1756.0,1
2.152,1783.0,1756.0,1
2.172,1784.0,1757.0,1
2.192,1782.0,1757.0,1
2.212,1796.0,1771.0,1
2.232,1796.0,1771.0,1
2.252,1784.0,1758.0,1
2.273,1784.0,1757.0,1
2.293,1790.0,1772.0,1
2.313,1782.0,1757.0,1
2.333,1799.0,1772.0,1
2.353,1785.0,1773.0,1
2.373,1789.0,1768.0,1
2.393,1796.0,1758.0,1
2.413,1798.0,1758.0,1
2.433,1784.0,1753.0,1
2.453,1783.0,1755.0,1
2.474,1769.0,1757.0,1
2.494,1799.0,1754.0,1
2.514,1797.0,1755.0,1
2.534,1797.0,1742.0,1
2.554,1798.0,1757.0,1
2.574,1785.0,1756.0,1
2.594,1798.0,1756.0,1
2.614,1784.0,1758.0,1
2.634,1784.0,1757.0,1
2.654,1798.0,1756.0,1
2.675,1783.0,1772.0,1
2.695,1796.0,1758.0,1
2.715,1784.0,1758.0,1
2.735,1784.0,1786.0,1
2.755,1797.0,1756.0,1
2.775,1784.0,1772.0,1
2.795,1800.0,1757.0,1
2.815,1805.0,1752.0,1
2.835,1781.0,1757.0,1
2.855,1783.0,1758.0,1
2.876,1798.0,1754.0,1
2.896,1790.0,1755.0,1
2.916,1796.0,1758.0,1
2.936,1784.0,1758.0,1
2.956,1798.0,1756.0,1
2.976,1803.0,1756.0,1
2.996,1781.0,1772.0,1
3.016,1769.0,1756.0,1
3.036,1784.0,1756.0,1
3.057,1769.0,1757.0,1
3.077,1783.0,1758.0,1
3.097,1785.0,1757.0,1
3.117,1798.0,1765.0,1
3.137,1798.0,1773.0,1
3.157,1798.0,1758.0,1
3.177,1784.0,1771.0,1
3.197,1798.0,1769.0,1
3.217,1782.0,1758.0,1
3.238,1784.0,1784.0,1
3.258,1800.0,1768.0,1
3.278,1799.0,1756.0,1
3.298,1783.0,1758.0,1
3.318,1784.0,1754.0,1
3.338,1784.0,1756.0,1
3.358,1782.0,1757.0,1
3.378,1783.0,1772.0,1
3.398,1769.0,1756.0,1
3.419,1798.0,1771.0,1
3.439,1782.0,1758.0,1
3.459,1753.0,1773.0,1
3.479,1798.0,1757.0,1
3.499,1771.0,1756.0,1
3.519,1796.0,1758.0,1
3.539,1798.0,1757.0,1
3.559,1786.0,1768.0,1
3.579,1769.0,1757.0,1
3.599,1783.0,1758.0,1
3.62,1798.0,1760.0,1
3.64,1783.0,1754.0,1
3.66,1769.0,1757.0,1
3.68,1781.0,1772.0,1
3.7,1784.0,1753.0,1
3.72,1769.0,1755.0,1
3.74,1771.0,1757.0,1
3.76,1788.0,1755.0,1
3.78,1799.0,1755.0,1
3.8,1799.0,1757.0,1
3.821,1783.0,1773.0,1
3.841,1783.0,1770.0,1
3.861,1798.0,1770.0,1
3.881,1769.0,1757.0,1
3.901,1784.0,1758.0,1
3.921,1783.0,1756.0,1
3.941,1784.0,1787.0,1
3.961,1782.0,1757.0,1
3.981,1783.0,1773.0,1
4.002,1798.0,1772.0,1
4.022,1786.0,1771.0,1
4.042,1798.0,1772.0,1
4.062,1769.0,1765.0,1
4.082,1784.0,1754.0,1
4.102,1783.0,1757.0,1
4.122,1781.0,1757.0,1
4.142,1768.0,1753.0,1
4.162,1769.0,1770.0,1
4.183,1803.0,1773.0,1
4.203,1783.0,1772.0,1
4.223,1798.0,1771.0,1
4.243,1798.0,1771.0,1
4.263,1782.0,1772.0,1
4.283,1782.0,1757.0,1
4.304,1784.0,1766.0,1
4.324,1784.0,1757.0,1
4.344,1796.0,1772.0,1
4.364,1797.0,1740.0,1
4.384,1784.0,1770.0,1
4.404,1799.0,1757.0,1
4.424,1767.0,1757.0,1
4.444,1783.0,1756.0,1
4.465,1755.0,1756.0,1
4.485,1791.0,1758.0,1
4.505,1796.0,1771.0,1
4.525,1769.0,1756.0,1
4.545,1799.0,1771.0,1
4.565,1804.0,1758.0,1
4.585,1798.0,1772.0,1
4.605,1798.0,1752.0,1
4.625,1784.0,1772.0,1
4.646,1802.0,1758.0,1
4.666,1783.0,1753.0,1
4.686,1786.0,1770.0,1
4.706,1784.0,1757.0,1
4.726,1800.0,1754.0,1
4.746,1781.0,1755.0,1
4.766,1784.0,1757.0,1
4.786,1799.0,1773.0,1
4.806,1783.0,1756.0,1
4.827,1798.0,1756.0,1
4.847,1769.0,1756.0,1
4.867,1784.0,1758.0,1
4.887,1783.0,1765.0,1
4.908,1769.0,1755.0,1
4.928,1785.0,1744.0,1
4.948,1797.0,1742.0,1
4.968,1784.0,1786.0,1
4.988,1799.0,1757.0,1
5.008,1800.0,1758.0,1
5.029,1797.0,1772.0,1
5.049,1782.0,1768.0,1
5.069,1784.0,1772.0,1
5.089,1788.0,1758.0,1
5.109,1783.0,1754.0,1
5.129,1798.0,1756.0,1
5.149,1784.0,1757.0,1
5.169,1788.0,1754.0,1
5.189,1783.0,1756.0,1
5.21,1799.0,1772.0,1
5.23,1798.0,1757.0,1
5.25,1788.0,1755.0,1
5.27,1796.0,1756.0,1
5.29,1799.0,1757.0,1
5.31,1769.0,1773.0,1
5.33,1812.0,1756.0,1
5.35,1782.0,1753.0,1
5.37,1799.0,1757.0,1
5.391,1784.0,1758.0,1
5.411,1784.0,1773.0,1
5.431,1784.0,1757.0,1
5.451,1798.0,1772.0,1
5.471,1798.0,1757.0,1
5.491,1798.0,1754.0,1
5.511,1783.0,1757.0,1
5.531,1785.0,1758.0,1
5.551,1797.0,1770.0,1
5.572,1782.0,1756.0,1
5.592,1787.0,1773.0,1
5.612,1799.0,1757.0,1
5.632,1797.0,1755.0,1
5.652,1784.0,1756.0,1
5.672,1785.0,1744.0,1
5.692,1784.0,1756.0,1
5.712,1782.0,1756.0,1
5.732,1797.0,1757.0,1
5.752,1784.0,1758.0,1
5.772,1813.0,1757.0,1
5.793,1795.0,1763.0,1
5.813,1784.0,1758.0,1
5.833,1799.0,1758.0,1
5.853,1800.0,1772.0,1
5.873,1804.0,1753.0,1
5.893,1798.0,1758.0,1
5.913,1798.0,1758.0,1
5.933,1798.0,1773.0,1
5.953,1788.0,1771.0,1
5.973,1784.0,1757.0,1
5.994,1785.0,1773.0,1
6.014,1797.0,1754.0,1
6.034,1798.0,1757.0,1
6.054,1784.0,1773.0,1
6.074,1812.0,1755.0,1
6.094,1798.0,1756.0,1
6.114,1783.0,1757.0,1
6.134,1799.0,1758.0,1
6.154,1800.0,1755.0,1
6.174,1798.0,1756.0,1
6.194,1784.0,1744.0,1
6.215,1770.0,1755.0,1
6.235,1784.0,1755.0,1
6.255,1796.0,1742.0,1
6.275,1798.0,1742.0,1
6.295,1784.0,1756.0,1
6.315,1798.0,1740.0,1
6.335,1788.0,1744.0,1
6.355,1760.0,1743.0,1
6.375,1769.0,1756.0,1
6.395,1783.0,1735.0,1
6.415,1768.0,1744.0,1
6.435,1785.0,1744.0,1
6.455,1755.0,1742.0,1
6.476,1755.0,1742.0,1
6.496,1725.0,1743.0,1
6.516,1726.0,1742.0,1
6.536,1725.0,1742.0,1
6.556,1738.0,1728.0,1
6.576,1725.0,1743.0,1
6.596,1754.0,1742.0,1
6.616,1726.0,1753.0,1
6.636,1723.0,1741.0,1
6.656,1726.0,1744.0,1
6.676,1726.0,1730.0,1
6.696,1725.0,1738.0,1
6.716,1710.0,1743.0,1
6.737,1725.0,1744.0,1
6.757,1712.0,1723.0,1
6.777,1709.0,1728.0,1
6.797,1725.0,1728.0,1
6.817,1711.0,1758.0,1
6.837,1712.0,1738.0,1
6.857,1695.0,1742.0,1
6.877,1739.0,1728.0,1
6.897,1711.0,1738.0,1
6.917,1709.0,1741.0,1
6.937,1709.0,1743.0,1
6.957,1740.0,1743.0,1
6.978,1712.0,1740.0,1
6.998,1710.0,1741.0,1
7.018,1708.0,1728.0,1
7.038,1712.0,1726.0,1
7.058,1710.0,1741.0,1
7.078,1730.0,1728.0,1
7.098,1723.0,1757.0,1
7.118,1712.0,1756.0,1
7.138,1726.0,1756.0,1
7.158,1712.0,1757.0,1
7.179,1696.0,1772.0,1
7.199,1696.0,1769.0,1
7.219,1712.0,1768.0,1
7.239,1723.0,1772.0,1
7.259,1725.0,1774.0,1
7.279,1711.0,1768.0,1
7.299,1726.0,1771.0,1
7.319,1724.0,1758.0,1
7.339,1725.0,1738.0,1
7.36,1726.0,1754.0,1
7.38,1724.0,1742.0,1
7.4,1741.0,1728.0,1
7.42,1725.0,1741.0,1
7.44,1712.0,1756.0,1
7.46,1724.0,1728.0,1
7.48,1709.0,1742.0,1
7.5,1725.0,1726.0,1
7.52,1725.0,1741.0,1
7.54,1722.0,1743.0,1
7.561,1696.0,1742.0,1
7.581,1711.0,1749.0,1
7.601,1696.0,1742.0,1
7.621,1711.0,1744.0,1
7.641,1696.0,1754.0,1
7.661,1711.0,1754.0,1
7.681,1725.0,1757.0,1
7.701,1707.0,1757.0,1
7.721,1710.0,1754.0,1
7.742,1711.0,1755.0,1
7.762,1710.0,1757.0,1
7.782,1700.0,1753.0,1
7.802,1697.0,1756.0,1
7.822,1710.0,1742.0,1
7.842,1725.0,1757.0,1
7.862,1696.0,1755.0,1
7.882,1712.0,1741.0,1
7.902,1710.0,1743.0,1
7.922,1696.0,1742.0,1
7.943,1681.0,1726.0,1
7.963,1696.0,1741.0,1
7.983,1709.0,1742.0,1
8.003,1680.0,1728.0,1
8.023,1696.0,1725.0,1
8.043,1683.0,1728.0,1
8.063,1673.0,1728.0,1
8.083,1672.0,1744.0,1
8.104,1696.0,1725.0,1
8.124,1681.0,1728.0,1
8.144,1671.0,1728.0,1
8.164,1680.0,1725.0,1
8.184,1676.0,1726.0,1
8.204,1682.0,1728.0,1
8.224,1680.0,1742.0,1
8.244,1672.0,1740.0,1
8.264,1673.0,1741.0,1
8.284,1665.0,1742.0,1
8.305,1673.0,1742.0,1
8.325,1673.0,1741.0,1
8.345,1682.0,1742.0,1
8.365,1681.0,1757.0,1
8.385,1658.0,1751.0,1
8.405,1673.0,1737.0,1
8.425,1682.0,1699.0,1
8.445,1680.0,1699.0,1
8.465,1682.0,1680.0,1
8.486,1674.0,1652.0,1
8.506,1672.0,1654.0,1
8.526,1673.0,1699.0,1
8.546,1672.0,1680.0,1
8.566,1644.0,1683.0,1
8.586,1644.0,1699.0,1
8.606,1643.0,1695.0,1
8.626,1642.0,1711.0,1
8.646,1644.0,1728.0,1
8.666,1642.0,1742.0,1
8.687,1657.0,1725.0,1
8.707,1658.0,1726.0,1
8.727,1660.0,1742.0,1
8.747,1641.0,1728.0,1
8.767,1672.0,1736.0,1
8.787,1659.0,1741.0,1
8.807,1681.0,1743.0,1
8.827,1679.0,1728.0,1
8.847,1673.0,1722.0,1
8.867,1643.0,1728.0,1
8.888,1673.0,1728.0,1
8.908,1658.0,1742.0,1
8.928,1658.0,1725.0,1
8.948,1673.0,1728.0,1
8.968,1659.0,1728.0,1
8.988,1657.0,1724.0,1
9.008,1681.0,1740.0,1
9.028,1659.0,1728.0,1
9.048,1658.0,1725.0,1
9.069,1686.0,1740.0,1
9.089,1673.0,1728.0,1
9.109,1673.0,1742.0,1
9.129,1658.0,1741.0,1
9.149,1664.0,1726.0,1
9.169,1656.0,1728.0,1
9.189,1674.0,1728.0,1
9.209,1673.0,1741.0,1
9.229,1672.0,1738.0,1
9.249,1682.0,1728.0,1
9.27,1658.0,1742.0,1
9.29,1672.0,1742.0,1
9.31,1673.0,1727.0,1
9.33,1659.0,1728.0,1
9.35,1658.0,1728.0,1
9.37,1657.0,1725.0,1
9.39,1658.0,1728.0,1
9.41,1658.0,1728.0,1
9.43,1672.0,1725.0,1
9.451,1657.0,1725.0,1
9.471,1674.0,1742.0,1
9.491,1658.0,1728.0,1
9.511,1657.0,1726.0,1
9.531,1673.0,1727.0,1
9.551,1673.0,1728.0,1
9.571,1659.0,1728.0,1
9.591,1656.0,1753.0,1
9.611,1627.0,1728.0,1
9.632,1659.0,1728.0,1
9.652,1659.0,1727.0,1
9.672,1671.0,1738.0,1
9.692,1674.0,1728.0,1
9.712,1659.0,1742.0,1
9.732,1673.0,1737.0,1
9.752,1664.0,1755.0,1
9.772,1643.0,1757.0,1
9.792,1644.0,1744.0,1
9.813,1629.0,1754.0,1
9.833,1634.0,1742.0,1
9.853,1658.0,1757.0,1
9.873,1644.0,1740.0,1
9.893,1643.0,1740.0,1
9.913,1627.0,1756.0,1
9.933,1629.0,1772.0,1
9.953,1621.0,1764.0,1
9.973,1635.0,1776.0,1
9.994,1613.0,1756.0,1
10.014,1628.0,1772.0,1
10.034,1627.0,1787.0,1
10.054,1627.0,1771.0,1
10.074,1613.0,1772.0,1
10.094,1629.0,1775.0,1
10.114,1626.0,1770.0,1
10.134,1597.0,1786.0,1
10.154,1613.0,1772.0,1
10.175,1584.0,1753.0,1
10.195,1596.0,1754.0,1
10.215,1582.0,1757.0,1
10.235,1583.0,1757.0,1
10.255,1598.0,1741.0,1
10.275,1596.0,1741.0,1
10.295,1583.0,1728.0,1
10.315,1583.0,1741.0,1
10.335,1600.0,1741.0,1
10.356,1584.0,1712.0,1
10.376,1583.0,1728.0,1
10.396,1584.0,1712.0,1
10.416,1583.0,1721.0,1
10.436,1582.0,1728.0,1
10.456,1583.0,1728.0,1
10.476,1553.0,1723.0,1
10.496,1582.0,1709.0,1
10.516,1585.0,1714.0,1
10.537,1569.0,1725.0,1
10.557,1569.0,1709.0,1
10.577,1568.0,1728.0,1
10.597,1567.0,1728.0,1
10.617,1584.0,1710.0,1
10.637,1598.0,1726.0,1
10.657,1613.0,1728.0,1
10.677,1582.0,1728.0,1
10.697,1583.0,1740.0,1
10.717,1598.0,1737.0,1
10.738,1582.0,1728.0,1
10.758,1583.0,1728.0,1
10.778,1569.0,1741.0,1
10.798,1568.0,1726.0,1
10.818,1567.0,1728.0,1
10.838,1569.0,1727.0,1
10.859,1569.0,1711.0,1
10.879,1568.0,1716.0,1
10.899,1570.0,1728.0,1
10.919,1554.0,1725.0,1
10.939,1554.0,1742.0,1
10.959,1538.0,1728.0,1
10.979,1553.0,1728.0,1
10.999,1554.0,1712.0,1
11.02,1538.0,1711.0,1
11.04,1537.0,1712.0,1
11.06,1539.0,1711.0,1
11.08,1538.0,1726.0,1
11.1,1538.0,1712.0,1
11.12,1523.0,1713.0,1
11.14,1538.0,1728.0,1
11.16,1553.0,1708.0,1
11.18,1543.0,1726.0,1
11.2,1537.0,1728.0,1
11.22,1539.0,1707.0,1
11.241,1539.0,1724.0,1
11.261,1553.0,1728.0,1
11.281,1551.0,1719.0,1
11.301,1538.0,1694.0,1
11.321,1538.0,1697.0,1
11.341,1524.0,1683.0,1
11.361,1524.0,1680.0,1
11.381,1538.0,1681.0,1
11.401,1538.0,1668.0,1
11.421,1537.0,1669.0,1
11.441,1538.0,1681.0,1
11.461,1538.0,1682.0,1
11.482,1552.0,1697.0,1
11.502,1552.0,1698.0,1
11.522,1553.0,1696.0,1
11.542,1554.0,1711.0,1
11.562,1536.0,1712.0,1
11.582,1537.0,1712.0,1
11.602,1524.0,1696.0,1
11.622,1524.0,1697.0,1
11.642,1542.0,1684.0,1
11.662,1521.0,1683.0,1
11.682,1538.0,1698.0,1
11.702,1538.0,1684.0,1
11.723,1523.0,1669.0,1
11.743,1523.0,1682.0,1
11.763,1524.0,1698.0,1
11.783,1508.0,1668.0,1
11.803,1508.0,1683.0,1
11.823,1523.0,1675.0,1
11.843,1510.0,1682.0,1
11.863,1507.0,1669.0,1
11.883,1508.0,1680.0,1
11.903,1509.0,1667.0,1
11.923,1524.0,1668.0,1
11.943,1522.0,1654.0,1
11.964,1507.0,1649.0,1
11.984,1509.0,1637.0,1
12.004,1509.0,1654.0,1
12.024,1509.0,1654.0,1
12.044,1509.0,1652.0,1
12.064,1509.0,1652.0,1
12.084,1509.0,1639.0,1
12.104,1514.0,1637.0,1
12.124,1508.0,1638.0,1
12.145,1509.0,1639.0,1
12.165,1524.0,1639.0,1
12.185,1507.0,1653.0,1
12.205,1494.0,1636.0,1
12.225,1478.0,1625.0,1
12.245,1477.0,1625.0,1
12.266,1492.0,1622.0,1
12.286,1464.0,1622.0,1
12.306,1493.0,1624.0,1
12.326,1497.0,1622.0,1
12.346,1477.0,1622.0,1
12.366,1479.0,1624.0,1
12.386,1494.0,1624.0,1
12.406,1499.0,1623.0,1
12.426,1493.0,1632.0,1
12.447,1493.0,1639.0,1
12.467,1493.0,1639.0,1
12.487,1494.0,1635.0,1
12.507,1494.0,1621.0,1
12.527,1494.0,1639.0,1
12.547,1493.0,1640.0,1
12.567,1498.0,1623.0,1
12.587,1494.0,1638.0,1
12.607,1493.0,1639.0,1
12.628,1493.0,1635.0,1
12.648,1493.0,1636.0,1
12.668,1494.0,1624.0,1
12.688,1494.0,1625.0,1
12.708,1508.0,1637.0,1
12.728,1492.0,1622.0,1
12.748,1494.0,1639.0,1
12.768,1507.0,1639.0,1
12.788,1492.0,1638.0,1
12.809,1493.0,1637.0,1
12.829,1493.0,1640.0,1
12.849,1477.0,1638.0,1
12.869,1478.0,1635.0,1
12.889,1493.0,1639.0,1
12.909,1493.0,1639.0,1
12.929,1491.0,1654.0,1
12.949,1493.0,1636.0,1
12.969,1494.0,1639.0,1
12.989,1493.0,1640.0,1
13.01,1492.0,1636.0,1
13.03,1478.0,1637.0,1
13.05,1479.0,1638.0,1
13.07,1494.0,1622.0,1
13.09,1478.0,1637.0,1
13.11,1478.0,1623.0,1
13.13,1479.0,1624.0,1
13.15,1479.0,1623.0,1
13.171,1479.0,1654.0,1
13.191,1478.0,1639.0,1
13.211,1479.0,1653.0,1
13.231,1479.0,1669.0,1
13.251,1464.0,1650.0,1
13.271,1464.0,1653.0,1
13.291,1478.0,1639.0,1
13.311,1478.0,1649.0,1
13.331,1480.0,1653.0,1
13.352,1463.0,1653.0,1
13.372,1463.0,1650.0,1
13.392,1478.0,1652.0,1
13.412,1478.0,1650.0,1
13.432,1479.0,1639.0,1
13.452,1478.0,1638.0,1
13.472,1463.0,1652.0,1
13.492,1479.0,1639.0,1
13.512,1478.0,1639.0,1
13.533,1477.0,1652.0,1
13.553,1462.0,1652.0,1
13.573,1463.0,1640.0,1
13.593,1479.0,1638.0,1
13.613,1478.0,1648.0,1
13.633,1478.0,1639.0,1
13.653,1479.0,1654.0,1
13.673,1479.0,1668.0,1
13.693,1477.0,1636.0,1
13.714,1478.0,1654.0,1
13.734,1464.0,1654.0,1
13.754,1483.0,1651.0,1
13.774,1491.0,1637.0,1
13.794,1478.0,1654.0,1
13.814,1480.0,1652.0,1
13.834,1498.0,1652.0,1
13.854,1491.0,1653.0,1
13.874,1493.0,1640.0,1
13.895,1494.0,1652.0,1
13.915,1498.0,1636.0,1
13.935,1492.0,1639.0,1
13.955,1494.0,1639.0,1
13.975,1493.0,1654.0,1
13.995,1509.0,1635.0,1
14.015,1507.0,1654.0,1
14.035,1493.0,1669.0,1
14.055,1510.0,1636.0,1
14.076,1493.0,1638.0,1
14.096,1493.0,1638.0,1
14.116,1494.0,1621.0,1
14.136,1478.0,1622.0,1
14.156,1478.0,1609.0,1
14.176,1493.0,1625.0,1
14.196,1493.0,1622.0,1
14.216,1493.0,1623.0,1
14.237,1478.0,1624.0,1
14.257,1479.0,1640.0,1
14.277,1478.0,1638.0,1
14.297,1477.0,1624.0,1
14.317,1493.0,1610.0,1
14.337,1479.0,1624.0,1
14.357,1464.0,1625.0,1
14.377,1462.0,1609.0,1
14.397,1463.0,1624.0,1
14.417,1464.0,1620.0,1
14.438,1462.0,1621.0,1
14.458,1462.0,1609.0,1
14.478,1463.0,1609.0,1
14.498,1479.0,1606.0,1
14.518,1484.0,1608.0,1
14.538,1461.0,1595.0,1
14.558,1463.0,1608.0,1
14.578,1464.0,1608.0,1
14.598,1469.0,1594.0,1
14.618,1461.0,1595.0,1
14.639,1463.0,1594.0,1
14.659,1478.0,1590.0,1
14.679,1462.0,1609.0,1
14.699,1462.0,1595.0,1
14.719,1464.0,1593.0,1
14.739,1464.0,1589.0,1
14.759,1484.0,1595.0,1
14.779,1463.0,1603.0,1
14.799,1464.0,1611.0,1
14.82,1463.0,1608.0,1
14.84,1463.0,1610.0,1
14.86,1463.0,1590.0,1
14.88,1463.0,1606.0,1
14.9,1448.0,1609.0,1
14.92,1448.0,1610.0,1
14.94,1448.0,1592.0,1
14.96,1449.0,1608.0,1
14.98,1448.0,1609.0,1
15.0,1448.0,1595.0,1
15.021,1449.0,1593.0,1
15.041,1449.0,1593.0,1
15.061,1446.0,1594.0,1
15.081,1447.0,1593.0,1
15.101,1448.0,1593.0,1
15.121,1455.0,1594.0,1
15.141,1446.0,1594.0,1
15.161,1448.0,1593.0,1
15.181,1448.0,1589.0,1
15.201,1448.0,1609.0,1
15.222,1446.0,1595.0,1
15.242,1449.0,1598.0,1
15.262,1449.0,1591.0,1
15.282,1448.0,1594.0,1
15.302,1454.0,1608.0,1
15.322,1450.0,1592.0,1
15.342,1432.0,1609.0,1
15.362,1448.0,1609.0,1
15.382,1454.0,1591.0,1
15.402,1449.0,1592.0,1
15.423,1463.0,1594.0,1
15.443,1448.0,1594.0,1
15.463,1449.0,1592.0,1
15.483,1449.0,1598.0,1
15.503,1447.0,1594.0,1
15.523,1448.0,1595.0,1
15.543,1449.0,1624.0,1
15.563,1431.0,1593.0,1
15.583,1447.0,1609.0,1
15.604,1431.0,1594.0,1
15.624,1449.0,1625.0,1
15.644,1464.0,1609.0,1
15.664,1463.0,1609.0,1
15.684,1477.0,1624.0,1
15.704,1463.0,1606.0,1
15.724,1464.0,1595.0,1
15.744,1447.0,1581.0,1
15.764,1447.0,1575.0,1
15.784,1448.0,1592.0,1
15.805,1449.0,1580.0,1
15.825,1453.0,1594.0,1
15.845,1448.0,1592.0,1
15.865,1463.0,1594.0,1
15.885,1449.0,1594.0,1
15.905,1448.0,1606.0,1
15.925,1449.0,1593.0,1
15.945,1464.0,1594.0,1
15.965,1462.0,1580.0,1
15.985,1463.0,1578.0,1
16.006,1449.0,1584.0,1
16.026,1449.0,1594.0,1
16.046,1463.0,1595.0,1
16.066,1483.0,1576.0,1
16.086,1478.0,1580.0,1
16.106,1451.0,1580.0,1
16.126,1430.0,1580.0,1
16.146,1431.0,1576.0,1
16.166,1416.0,1579.0,1
16.186,1415.0,1562.0,1
16.207,1414.0,1596.0,1
16.227,1431.0,1577.0,1
16.247,1432.0,1579.0,1
16.267,1448.0,1580.0,1
16.287,1429.0,1576.0,1
16.307,1431.0,1577.0,1
16.327,1449.0,1595.0,1
16.347,1447.0,1594.0,1
16.367,1454.0,1577.0,1
16.387,1449.0,1580.0,1
16.407,1449.0,1562.0,1
16.427,1448.0,1559.0,1
16.448,1448.0,1560.0,1
16.468,1432.0,1561.0,1
16.488,1432.0,1561.0,1
16.508,1431.0,1577.0,1
16.528,1431.0,1579.0,1
16.548,1432.0,1580.0,1
16.568,1432.0,1580.0,1
16.588,1430.0,1578.0,1
16.608,1431.0,1579.0,1
16.628,1449.0,1580.0,1
16.648,1449.0,1579.0,1
16.668,1446.0,1578.0,1
16.688,1432.0,1580.0,1
16.709,1432.0,1579.0,1
16.729,1431.0,1579.0,1
16.749,1437.0,1576.0,1
16.769,1431.0,1580.0,1
16.789,1432.0,1563.0,1
16.809,1430.0,1561.0,1
16.829,1431.0,1568.0,1
16.849,1432.0,1562.0,1
16.869,1449.0,1562.0,1
16.889,1430.0,1558.0,1
16.909,1430.0,1560.0,1
16.929,1432.0,1562.0,1
16.95,1434.0,1579.0,1
16.97,1429.0,1557.0,1
16.99,1432.0,1561.0,1
17.01,1432.0,1580.0,1
17.03,1432.0,1577.0,1
17.05,1436.0,1558.0,1
17.07,1431.0,1579.0,1
17.09,1432.0,1561.0,1
17.11,1432.0,1559.0,1
17.13,1437.0,1560.0,1
17.15,1432.0,1580.0,1
17.171,1432.0,1560.0,1
17.191,1431.0,1560.0,1
17.211,1437.0,1560.0,1
17.231,1432.0,1581.0,1
17.251,1432.0,1579.0,1
17.271,1431.0,1561.0,1
17.291,1431.0,1562.0,1
17.311,1432.0,1562.0,1
17.331,1430.0,1589.0,1
17.352,1431.0,1557.0,1
17.372,1432.0,1562.0,1
17.392,1432.0,1558.0,1
17.412,1430.0,1558.0,1
17.432,1431.0,1561.0,1
17.452,1431.0,1562.0,1
17.472,1432.0,1557.0,1
17.492,1431.0,1560.0,1
17.512,1448.0,1561.0,1
17.533,1432.0,1560.0,1
17.553,1432.0,1560.0,1
17.573,1429.0,1560.0,1
17.593,1430.0,1562.0,1
17.613,1432.0,1562.0,1
17.633,1438.0,1561.0,1
17.653,1429.0,1561.0,1
17.673,1431.0,1562.0,1
17.693,1432.0,1561.0,1
17.713,1431.0,1576.0,1
17.734,1429.0,1562.0,1
17.754,1431.0,1562.0,1
17.774,1432.0,1576.0,1
17.794,1430.0,1559.0,1
17.814,1434.0,1562.0,1
17.834,1432.0,1562.0,1
17.854,1449.0,1557.0,1
17.874,1430.0,1560.0,1
17.894,1434.0,1562.0,1
17.915,1431.0,1559.0,1
17.935,1449.0,1560.0,1
17.955,1431.0,1561.0,1
17.975,1431.0,1580.0,1
17.995,1432.0,1560.0,1
18.015,1431.0,1561.0,1
18.035,1431.0,1562.0,1
18.055,1431.0,1562.0,1
18.075,1449.0,1561.0,1
18.095,1463.0,1562.0,1
18.116,1462.0,1561.0,1
18.136,1463.0,1562.0,1
18.156,1449.0,1557.0,1
18.176,1462.0,1561.0,1
18.196,1461.0,1546.0,1
18.216,1449.0,1562.0,1
18.236,1449.0,1543.0,1
18.256,1447.0,1546.0,1
18.276,1448.0,1562.0,1
18.297,1449.0,1559.0,1
18.317,1454.0,1545.0,1
18.337,1447.0,1562.0,1
18.357,1449.0,1563.0,1
18.377,1448.0,1545.0,1
18.397,1451.0,1545.0,1
18.417,1430.0,1562.0,1
18.437,1417.0,1561.0,1
18.457,1464.0,1561.0,1
18.478,1431.0,1561.0,1
18.498,1447.0,1547.0,1
18.518,1432.0,1545.0,1
18.538,1432.0,1543.0,1
18.558,1430.0,1562.0,1
18.578,1436.0,1562.0,1
18.598,1449.0,1563.0,1
18.618,1448.0,1545.0,1
18.638,1400.0,1547.0,1
18.658,1370.0,1543.0,1
18.679,1432.0,1544.0,1
18.699,1448.0,1546.0,1
18.719,1448.0,1562.0,1
18.739,1464.0,1560.0,1
18.759,1432.0,1545.0,1
18.779,1416.0,1561.0,1
18.799,1415.0,1547.0,1
18.819,1401.0,1545.0,1
18.839,1401.0,1555.0,1
18.86,1415.0,1547.0,1
18.88,1430.0,1532.0,1
18.9,1432.0,1546.0,1
18.92,1432.0,1531.0,1
18.94,1414.0,1532.0,1
18.96,1415.0,1531.0,1
18.98,1417.0,1527.0,1
19.0,1424.0,1532.0,1
19.02,1414.0,1533.0,1
19.04,1416.0,1527.0,1
19.061,1417.0,1530.0,1
19.081,1416.0,1532.0,1
19.101,1414.0,1531.0,1
19.121,1416.0,1530.0,1
19.141,1417.0,1531.0,1
19.161,1416.0,1532.0,1
19.181,1419.0,1531.0,1
19.201,1416.0,1531.0,1
19.221,1416.0,1532.0,1
19.242,1416.0,1532.0,1
19.262,1420.0,1531.0,1
19.282,1416.0,1544.0,1
19.302,1416.0,1532.0,1
19.322,1415.0,1533.0,1
19.342,1416.0,1537.0,1
19.362,1416.0,1529.0,1
19.382,1415.0,1532.0,1
19.402,1416.0,1546.0,1
19.423,1416.0,1530.0,1
19.443,1416.0,1531.0,1
19.463,1415.0,1532.0,1
19.483,1416.0,1529.0,1
19.503,1417.0,1531.0,1
19.523,1417.0,1532.0,1
19.543,1415.0,1532.0,1
19.563,1431.0,1531.0,1
19.584,1417.0,1529.0,1
19.604,1417.0,1532.0,1
19.624,1415.0,1532.0,1
19.644,1415.0,1531.0,1
19.664,1416.0,1531.0,1
19.684,1416.0,1532.0,1
19.704,1414.0,1531.0,1
19.724,1416.0,1546.0,1
19.744,1417.0,1532.0,1
19.764,1416.0,1532.0,1
19.784,1421.0,1546.0,1
19.804,1401.0,1527.0,1
19.825,1402.0,1546.0,1
19.845,1416.0,1547.0,1
19.865,1416.0,1556.0,1
19.885,1416.0,1544.0,1
19.905,1432.0,1546.0,1
19.925,1430.0,1541.0,1
19.945,1448.0,1542.0,1
19.965,1464.0,1532.0,1
19.985,1449.0,1547.0,1
20.005,1428.0,1543.0,1
20.025,1416.0,1544.0,1
20.045,1416.0,1546.0,1
20.066,1432.0,1547.0,1
20.086,1430.0,1543.0,1
20.106,1431.0,1544.0,1
20.126,1432.0,1547.0,1
20.146,1432.0,1547.0,1
20.166,1435.0,1544.0,1
20.186,1432.0,1545.0,1
20.206,1432.0,1547.0,1
20.226,1432.0,1545.0,1
20.246,1431.0,1544.0,1
20.266,1432.0,1546.0,1
20.286,1432.0,1546.0,1
20.307,1431.0,1545.0,1
20.327,1431.0,1546.0,1
20.347,1432.0,1547.0,1
20.367,1432.0,1546.0,1
20.387,1430.0,1545.0,1
20.407,1431.0,1541.0,1
20.427,1432.0,1546.0,1
20.447,1437.0,1546.0,1
20.467,1430.0,1550.0,1
20.487,1432.0,1545.0,1
20.507,1432.0,1547.0,1
20.528,1432.0,1560.0,1
20.548,1430.0,1544.0,1
20.568,1432.0,1546.0,1
20.588,1432.0,1546.0,1
20.608,1431.0,1529.0,1
20.628,1429.0,1544.0,1
20.648,1432.0,1547.0,1
20.668,1432.0,1547.0,1
20.688,1431.0,1544.0,1
20.709,1435.0,1545.0,1
20.729,1431.0,1546.0,1
20.749,1432.0,1545.0,1
20.769,1431.0,1545.0,1
20.789,1431.0,1547.0,1
20.809,1431.0,1533.0,1
20.829,1431.0,1546.0,1
20.849,1431.0,1562.0,1
20.869,1430.0,1547.0,1
20.889,1431.0,1546.0,1
20.909,1436.0,1545.0,1
20.93,1430.0,1560.0,1
20.95,1432.0,1547.0,1
20.97,1432.0,1547.0,1
20.99,1430.0,1543.0,1
21.01,1430.0,1545.0,1
21.03,1449.0,1533.0,1
21.05,1449.0,1544.0,1
21.07,1429.0,1544.0,1
21.091,1430.0,1547.0,1
21.111,1431.0,1546.0,1
21.131,1432.0,1545.0,1
21.151,1431.0,1545.0,1
21.171,1431.0,1546.0,1
21.191,1432.0,1547.0,1
21.211,1431.0,1545.0,1
21.231,1432.0,1545.0,1
21.251,1432.0,1546.0,1
21.271,1449.0,1548.0,1
21.291,1431.0,1545.0,1
21.311,1430.0,1546.0,1
21.332,1439.0,1546.0,1
21.352,1432.0,1546.0,1
21.372,1429.0,1545.0,1
21.392,1431.0,1547.0,1
21.412,1433.0,1546.0,1
21.432,1432.0,1545.0,1
21.452,1434.0,1560.0,1
21.472,1431.0,1546.0,1
21.492,1432.0,1546.0,1
21.512,1432.0,1546.0,1
21.532,1431.0,1546.0,1
21.552,1432.0,1547.0,1
21.572,1450.0,1546.0,1
21.593,1431.0,1543.0,1
21.613,1431.0,1546.0,1
21.633,1431.0,1547.0,1
21.653,1432.0,1562.0,1
21.673,1431.0,1543.0,1
21.693,1430.0,1547.0,1
21.713,1431.0,1533.0,1
21.733,1432.0,1542.0,1
21.753,1430.0,1544.0,1
21.773,1430.0,1547.0,1
21.793,1432.0,1563.0,1
21.813,1448.0,1544.0,1
21.834,1436.0,1531.0,1
21.854,1429.0,1547.0,1
21.874,1432.0,1545.0,1
21.894,1432.0,1544.0,1
21.914,1437.0,1546.0,1
21.934,1431.0,1547.0,1
21.954,1432.0,1544.0,1
21.974,1431.0,1545.0,1
21.994,1431.0,1547.0,1
22.014,1431.0,1547.0,1
22.034,1432.0,1545.0,1
22.055,1431.0,1545.0,1
22.075,1431.0,1546.0,1
22.095,1432.0,1546.0,1
22.115,1432.0,1542.0,1
22.135,1430.0,1546.0,1
22.155,1431.0,1547.0,1
22.175,1432.0,1546.0,1
22.195,1432.0,1544.0,1
22.215,1430.0,1547.0,1
22.235,1430.0,1547.0,1
22.256,1432.0,1544.0,1
22.276,1431.0,1545.0,1
22.296,1430.0,1546.0,1
22.316,1431.0,1530.0,1
22.336,1448.0,1545.0,1
22.356,1448.0,1546.0,1
22.376,1431.0,1532.0,1
22.396,1432.0,1531.0,1
22.416,1449.0,1535.0,1
22.437,1433.0,1532.0,1
22.457,1430.0,1533.0,1
22.477,1432.0,1545.0,1
22.497,1432.0,1528.0,1
22.517,1429.0,1532.0,1
22.537,1430.0,1532.0,1
22.557,1449.0,1527.0,1
22.577,1449.0,1531.0,1
22.597,1431.0,1533.0,1
22.618,1431.0,1528.0,1
22.638,1449.0,1530.0,1
22.658,1448.0,1537.0,1
22.678,1430.0,1532.0,1
22.698,1431.0,1544.0,1
22.718,1449.0,1545.0,1
22.738,1430.0,1533.0,1
22.758,1431.0,1533.0,1
22.778,1450.0,1532.0,1
22.798,1448.0,1545.0,1
22.819,1430.0,1532.0,1
22.839,1448.0,1546.0,1
22.859,1449.0,1787.0,1
22.879,1448.0,1546.0,1
22.899,1448.0,1547.0,1
22.919,1448.0,1532.0,1
22.939,1449.0,1529.0,1
22.959,1448.0,1532.0,1
22.979,1448.0,1532.0,1
23.0,1449.0,1534.0,1
23.02,1431.0,1545.0,1
23.04,1447.0,1532.0,1
23.06,1448.0,1544.0,1
23.08,1449.0,1544.0,1
23.1,1449.0,1531.0,1
23.12,1453.0,1532.0,1
23.14,1448.0,1530.0,1
23.16,1448.0,1545.0,1
23.18,1450.0,1547.0,1
23.201,1450.0,1547.0,1
23.221,1446.0,1545.0,1
23.241,1449.0,1531.0,1
23.261,1449.0,1547.0,1
23.281,1449.0,1547.0,1
23.301,1449.0,1553.0,1
23.321,1449.0,1545.0,1
23.341,1448.0,1533.0,1
23.361,1449.0,1561.0,1
23.382,1449.0,1528.0,1
23.402,1449.0,1546.0,1
23.422,1448.0,1533.0,1
23.442,1448.0,1542.0,1
23.462,1449.0,1530.0,1
23.482,1449.0,1547.0,1
23.502,1448.0,1533.0,1
23.522,1462.0,1531.0,1
23.542,1464.0,1531.0,1
23.563,1450.0,1532.0,1
23.583,1448.0,1546.0,1
23.603,1463.0,1558.0,1
23.623,1464.0,1532.0,1
23.643,1448.0,1546.0,1
23.663,1448.0,1531.0,1
23.683,1449.0,1528.0,1
23.703,1449.0,1532.0,1
23.723,1430.0,1533.0,1
23.744,1430.0,1527.0,1
23.764,1432.0,1544.0,1
23.784,1431.0,1532.0,1
23.804,1451.0,1548.0,1
23.824,1430.0,1529.0,1
23.844,1432.0,1531.0,1
23.864,1432.0,1547.0,1
23.884,1436.0,1529.0,1
23.904,1430.0,1530.0,1
23.925,1449.0,1532.0,1
23.945,1431.0,1533.0,1
23.965,1436.0,1531.0,1
23.985,1431.0,1543.0,1
24.005,1449.0,1533.0,1
24.025,1449.0,1532.0,1
24.045,1431.0,1531.0,1
24.065,1431.0,1531.0,1
24.085,1432.0,1533.0,1
24.105,1449.0,1532.0,1
24.126,1431.0,1527.0,1
24.146,1432.0,1532.0,1
24.166,1431.0,1533.0,1
24.186,1448.0,1547.0,1
24.206,1431.0,1530.0,1
24.226,1432.0,1533.0,1
24.246,1449.0,1532.0,1
24.266,1448.0,1529.0,1
24.286,1431.0,1531.0,1
24.307,1448.0,1533.0,1
24.327,1430.0,1530.0,1
24.347,1430.0,1531.0,1
24.367,1432.0,1532.0,1
24.387,1432.0,1533.0,1
24.407,1431.0,1531.0,1
24.427,1430.0,1531.0,1
24.447,1432.0,1533.0,1
24.467,1449.0,1532.0,1
24.488,1431.0,1532.0,1
24.508,1430.0,1530.0,1
24.528,1449.0,1532.0,1
24.548,1432.0,1545.0,1
24.568,1449.0,1528.0,1
24.588,1447.0,1532.0,1
24.608,1432.0,1532.0,1
24.628,1432.0,1544.0,1
24.648,1434.0,1544.0,1
24.669,1431.0,1546.0,1
24.689,1432.0,1547.0,1
24.709,1431.0,1545.0,1
24.729,1436.0,1546.0,1
24.749,1431.0,1546.0,1
24.769,1416.0,1546.0,1
24.789,1416.0,1570.0,1
24.809,1421.0,1561.0,1
24.829,1417.0,1562.0,1
24.85,1432.0,1561.0,1
24.87,1416.0,1558.0,1
24.89,1421.0,1561.0,1
24.91,1417.0,1562.0,1
24.93,1416.0,1559.0,1
24.95,1415.0,1560.0,1
24.97,1416.0,1562.0,1
24.99,1431.0,1562.0,1
25.011,1416.0,1560.0,1
25.031,1431.0,1560.0,1
25.051,1432.0,1547.0,1
25.071,1432.0,1546.0,1
25.091,1431.0,1545.0,1
25.111,1431.0,1546.0,1
25.131,1416.0,1533.0,1
25.151,1417.0,1531.0,1
25.172,1430.0,1527.0,1
25.192,1430.0,1547.0,1
25.212,1464.0,1547.0,1
25.232,1432.0,1543.0,1
25.252,1415.0,1544.0,1
25.272,1415.0,1532.0,1
25.292,1480.0,1535.0,1
25.312,1469.0,1530.0,1
25.332,1448.0,1532.0,1
25.353,1449.0,1547.0,1
25.373,1449.0,1544.0,1
25.393,1462.0,1545.0,1
25.413,1461.0,1547.0,1
25.433,1463.0,1533.0,1
25.453,1479.0,1531.0,1
25.473,1484.0,1545.0,1
25.493,1461.0,1546.0,1
25.513,1432.0,1547.0,1
25.536,1415.0,1545.0,1
25.557,1421.0,1547.0,1
25.577,1464.0,1547.0,1
25.597,1493.0,1541.0,1
25.617,1484.0,1547.0,1
25.637,1421.0,1562.0,1
25.657,1402.0,1577.0,1
25.677,1432.0,1544.0,1
25.697,1431.0,1546.0,1
25.718,1416.0,1547.0,1
25.738,1402.0,1528.0,1
25.758,1400.0,1545.0,1
25.778,1416.0,1547.0,1
25.798,1416.0,1547.0,1
25.818,1416.0,1545.0,1
25.838,1415.0,1545.0,1
25.858,1416.0,1546.0,1
25.878,1416.0,1546.0,1
25.899,1432.0,1546.0,1
25.919,1430.0,1546.0,1
25.939,1431.0,1547.0,1
25.959,1432.0,1546.0,1
25.979,1417.0,1542.0,1
25.999,1414.0,1546.0,1
26.019,1400.0,1546.0,1
26.039,1416.0,1545.0,1
26.059,1422.0,1545.0,1
26.079,1415.0,1532.0,1
26.1,1432.0,1563.0,1
26.12,1432.0,1529.0,1
26.14,1432.0,1532.0,1
26.16,1436.0,1532.0,1
26.18,1431.0,1513.0,1
26.2,1417.0,1515.0,1
26.22,1416.0,1532.0,1
26.24,1431.0,1532.0,1
26.26,1432.0,1529.0,1
26.28,1432.0,1531.0,1
26.3,1447.0,1533.0,1
26.321,1449.0,1532.0,1
26.341,1449.0,1531.0,1
26.361,1432.0,1531.0,1
26.381,1429.0,1532.0,1
26.401,1430.0,1530.0,1
26.421,1431.0,1530.0,1
26.441,1438.0,1531.0,1
26.461,1429.0,1532.0,1
26.481,1431.0,1531.0,1
26.501,1432.0,1546.0,1
26.521,1416.0,1532.0,1
26.541,1432.0,1547.0,1
26.562,1416.0,1531.0,1
26.582,1432.0,1528.0,1
26.602,1431.0,1532.0,1
26.622,1431.0,1533.0,1
26.642,1417.0,1537.0,1
26.662,1417.0,1531.0,1
26.682,1415.0,1532.0,1
26.702,1416.0,1547.0,1
26.722,1432.0,1528.0,1
26.742,1449.0,1532.0,1
26.762,1461.0,1533.0,1
26.782,1463.0,1291.0,1
26.803,1464.0,1530.0,1
26.823,1469.0,1533.0,1
26.843,1451.0,1533.0,1
26.863,1449.0,1529.0,1
26.883,1449.0,1545.0,1
26.903,1449.0,1547.0,1
26.923,1448.0,1545.0,1
26.943,1449.0,1530.0,1
26.963,1449.0,1516.0,1
26.983,1448.0,1502.0,1
27.003,1449.0,1485.0,1
27.023,1449.0,1485.0,1
27.044,1449.0,1488.0,1
27.064,1448.0,1488.0,1
27.084,1448.0,1486.0,1
27.104,1449.0,1501.0,1
27.124,1464.0,1488.0,1
27.144,1448.0,1488.0,1
27.164,1448.0,1486.0,1
27.184,1449.0,1487.0,1
27.204,1448.0,1488.0,1
27.225,1448.0,1501.0,1
27.245,1448.0,1485.0,1
27.265,1449.0,1486.0,1
27.285,1448.0,1487.0,1
27.305,1448.0,1484.0,1
27.325,1464.0,1485.0,1
27.345,1449.0,1488.0,1
27.365,1448.0,1488.0,1
27.385,1463.0,1486.0,1
27.406,1449.0,1487.0,1
27.426,1449.0,1488.0,1
27.446,1448.0,1487.0,1
27.466,1448.0,1503.0,1
27.486,1448.0,1488.0,1
27.506,1455.0,1488.0,1
27.526,1446.0,1487.0,1
27.546,1449.0,1483.0,1
27.567,1449.0,1488.0,1
27.587,1454.0,1488.0,1
27.607,1447.0,1484.0,1
27.627,1449.0,1486.0,1
27.647,1449.0,1488.0,1
27.667,1454.0,1485.0,1
27.687,1447.0,1486.0,1
27.707,1464.0,1487.0,1
27.727,1463.0,1488.0,1
27.748,1448.0,1486.0,1
27.768,1448.0,1486.0,1
27.788,1449.0,1487.0,1
27.808,1464.0,1488.0,1
27.828,1449.0,1486.0,1
27.848,1449.0,1485.0,1
27.868,1450.0,1488.0,1
27.888,1449.0,1488.0,1
27.908,1449.0,1498.0,1
27.929,1448.0,1486.0,1
27.949,1450.0,1488.0,1
27.969,1448.0,1485.0,1
27.989,1448.0,1484.0,1
28.009,1449.0,1487.0,1
28.029,1449.0,1488.0,1
28.049,1448.0,1484.0,1
28.069,1448.0,1485.0,1
28.089,1449.0,1488.0,1
28.109,1449.0,1488.0,1
28.13,1448.0,1486.0,1
28.15,1448.0,1487.0,1
28.17,1449.0,1488.0,1
28.19,1455.0,1486.0,1
28.21,1462.0,1486.0,1
28.23,1449.0,1487.0,1
28.25,1449.0,1488.0,1
28.27,1454.0,1487.0,1
28.29,1447.0,1503.0,1
28.31,1449.0,1488.0,1
28.331,1449.0,1488.0,1
28.351,1448.0,1492.0,1
28.371,1450.0,1485.0,1
28.391,1449.0,1488.0,1
28.411,1449.0,1500.0,1
28.431,1448.0,1485.0,1
28.451,1449.0,1487.0,1
28.471,1449.0,1488.0,1
28.491,1449.0,1485.0,1
28.512,1448.0,1486.0,1
28.532,1448.0,1488.0,1
28.552,1449.0,1488.0,1
28.572,1448.0,1486.0,1
28.592,1449.0,1496.0,1
28.612,1449.0,1488.0,1
28.632,1449.0,1488.0,1
28.652,1448.0,1486.0,1
28.672,1463.0,1486.0,1
28.693,1449.0,1503.0,1
28.713,1464.0,1517.0,1
28.733,1448.0,1513.0,1
28.753,1448.0,1532.0,1
28.773,1432.0,1546.0,1
28.793,1449.0,1542.0,1
28.813,1430.0,1559.0,1
28.833,1430.0,1546.0,1
28.853,1463.0,1547.0,1
28.873,1469.0,1530.0,1
28.894,1461.0,1545.0,1
28.914,1464.0,1533.0,1
28.934,1464.0,1517.0,1
28.954,1469.0,1515.0,1
28.974,1461.0,1517.0,1
28.994,1464.0,1532.0,1
29.014,1479.0,1531.0,1
29.034,1463.0,1544.0,1
29.054,1483.0,1532.0,1
29.075,1479.0,1533.0,1
29.095,1479.0,1547.0,1
29.115,1478.0,1529.0,1
29.135,1491.0,1547.0,1
29.155,1493.0,1562.0,1
29.175,1477.0,1543.0,1
29.195,1478.0,1561.0,1
29.215,1478.0,1595.0,1
29.235,1478.0,1590.0,1
29.256,1478.0,1578.0,1
29.276,1478.0,1557.0,1
29.296,1478.0,1533.0,1
29.316,1494.0,1593.0,1
29.336,1477.0,1622.0,1
29.356,1478.0,1609.0,1
29.376,1466.0,1609.0,1
29.396,1480.0,1578.0,1
29.416,1477.0,1545.0,1
29.436,1478.0,1547.0,1
29.457,1478.0,1561.0,1
29.477,1479.0,1549.0,1
29.497,1477.0,1546.0,1
29.517,1478.0,1533.0,1
29.537,1478.0,1529.0,1
29.557,1479.0,1529.0,1
29.577,1477.0,1532.0,1
29.597,1493.0,1533.0,1
29.617,1493.0,1529.0,1
29.638,1493.0,1530.0,1
29.658,1477.0,1533.0,1
29.678,1493.0,1531.0,1
29.698,1494.0,1531.0,1
29.718,1478.0,1532.0,1
29.738,1492.0,1533.0,1
29.758,1494.0,1531.0,1
29.778,1478.0,1547.0,1
29.799,1481.0,1532.0,1
29.819,1490.0,1533.0,1
29.839,1494.0,1546.0,1
29.859,1495.0,1530.0,1
29.879,1480.0,1533.0,1
29.899,1493.0,1534.0,1
29.919,1494.0,1528.0,1
29.939,1478.0,1532.0,1
29.959,1493.0,1532.0,1
29.98,1479.0,1529.0,1
30.0,1478.0,1530.0,1
30.02,1478.0,1532.0,1
30.04,1479.0,1533.0,1
30.06,1478.0,1530.0,1
30.08,1494.0,1530.0,1
30.1,1478.0,1532.0,1
30.12,1493.0,1533.0,1
30.14,1479.0,1544.0,1
30.161,1494.0,1532.0,1
30.181,1493.0,1533.0,1
30.201,1493.0,1532.0,1
30.221,1479.0,1527.0,1
30.241,1478.0,1533.0,1
30.261,1493.0,1533.0,1
30.281,1494.0,1529.0,1
30.301,1479.0,1530.0,1
30.322,1492.0,1533.0,1
30.342,1493.0,1532.0,1
30.362,1493.0,1530.0,1
30.382,1494.0,1531.0,1
30.402,1492.0,1533.0,1
30.422,1493.0,1531.0,1
30.442,1494.0,1545.0,1
30.462,1494.0,1546.0,1
30.482,1492.0,1562.0,1
30.503,1492.0,1580.0,1
30.523,1509.0,1558.0,1
30.544,1493.0,1532.0,1
30.564,1478.0,1518.0,1
30.584,1493.0,1532.0,1
30.604,1464.0,1531.0,1
30.624,1463.0,1532.0,1
30.644,1478.0,1517.0,1
30.664,1478.0,1547.0,1
30.684,1479.0,1533.0,1
30.704,1477.0,1532.0,1
30.724,1478.0,1547.0,1
30.745,1494.0,1529.0,1
30.765,1479.0,1533.0,1
30.785,1477.0,1532.0,1
30.805,1478.0,1528.0,1
30.825,1479.0,1530.0,1
30.845,1485.0,1533.0,1
30.865,1477.0,1530.0,1
30.885,1478.0,1531.0,1
30.905,1478.0,1532.0,1
30.925,1478.0,1533.0,1
30.945,1498.0,1529.0,1
30.966,1479.0,1530.0,1
30.986,1479.0,1532.0,1
31.006,1493.0,1532.0,1
31.026,1477.0,1516.0,1
31.046,1479.0,1516.0,1
31.066,1494.0,1517.0,1
31.086,1493.0,1517.0,1
31.106,1477.0,1531.0,1
31.126,1493.0,1531.0,1
31.146,1479.0,1533.0,1
31.167,1478.0,1532.0,1
31.187,1478.0,1527.0,1
31.207,1494.0,1517.0,1
31.227,1492.0,1532.0,1
31.247,1491.0,1532.0,1
31.267,1493.0,1527.0,1
31.287,1494.0,1532.0,1
31.307,1499.0,1533.0,1
31.327,1493.0,1547.0,1
31.347,1493.0,1529.0,1
31.367,1479.0,1532.0,1
31.387,1493.0,1532.0,1
31.408,1484.0,1528.0,1
31.428,1479.0,1532.0,1
31.448,1479.0,1533.0,1
31.468,1478.0,1536.0,1
31.488,1478.0,1529.0,1
31.508,1479.0,1533.0,1
31.528,1479.0,1533.0,1
31.548,1478.0,1529.0,1
31.568,1463.0,1530.0,1
31.588,1479.0,1533.0,1
31.608,1462.0,1533.0,1
31.628,1478.0,1529.0,1
31.648,1478.0,1531.0,1
31.669,1478.0,1532.0,1
31.689,1484.0,1530.0,1
31.709,1476.0,1530.0,1
31.729,1478.0,1532.0,1
31.749,1479.0,1532.0,1
31.769,1478.0,1531.0,1
31.789,1484.0,1544.0,1
31.809,1494.0,1547.0,1
31.829,1493.0,1547.0,1
31.849,1508.0,1545.0,1
31.869,1493.0,1561.0,1
31.889,1494.0,1546.0,1
31.91,1494.0,1532.0,1
31.93,1493.0,1545.0,1
31.95,1493.0,1546.0,1
31.97,1479.0,1546.0,1
31.99,1478.0,1532.0,1
32.01,1477.0,1547.0,1
32.03,1478.0,1546.0,1
32.05,1494.0,1547.0,1
32.07,1478.0,1544.0,1
32.09,1492.0,1544.0,1
32.11,1493.0,1533.0,1
32.131,1494.0,1533.0,1
32.151,1494.0,1544.0,1
32.171,1492.0,1545.0,1
32.191,1509.0,1546.0,1
32.211,1509.0,1544.0,1
32.231,1511.0,1545.0,1
32.251,1492.0,1546.0,1
32.271,1493.0,1547.0,1
32.291,1494.0,1560.0,1
32.311,1508.0,1562.0,1
32.332,1494.0,1562.0,1
32.352,1494.0,1563.0,1
32.372,1493.0,1570.0,1
32.392,1493.0,1558.0,1
32.412,1493.0,1562.0,1
32.432,1493.0,1562.0,1
32.452,1508.0,1558.0,1
32.472,1493.0,1561.0,1
32.492,1509.0,1562.0,1
32.513,1509.0,1558.0,1
32.533,1493.0,1559.0,1
32.553,1492.0,1561.0,1
32.573,1479.0,1562.0,1
32.593,1479.0,1559.0,1
32.613,1463.0,1561.0,1
32.633,1462.0,1562.0,1
32.653,1478.0,1563.0,1
32.673,1477.0,1561.0,1
32.694,1476.0,1560.0,1
32.714,1493.0,1562.0,1
32.734,1479.0,1560.0,1
32.754,1476.0,1577.0,1
32.774,1477.0,1561.0,1
32.794,1493.0,1563.0,1
32.814,1493.0,1561.0,1
32.834,1483.0,1557.0,1
32.854,1476.0,1561.0,1
32.874,1494.0,1562.0,1
32.895,1494.0,1577.0,1
32.915,1498.0,1560.0,1
32.935,1476.0,1561.0,1
32.955,1494.0,1562.0,1
32.975,1493.0,1560.0,1
32.995,1493.0,1561.0,1
33.015,1493.0,1562.0,1
33.035,1493.0,1558.0,1
33.055,1509.0,1560.0,1
33.075,1508.0,1562.0,1
33.096,1508.0,1563.0,1
33.116,1509.0,1561.0,1
33.136,1493.0,1549.0,1
33.156,1493.0,1547.0,1
33.176,1494.0,1547.0,1
33.196,1494.0,1561.0,1
33.216,1508.0,1546.0,1
33.236,1508.0,1547.0,1
33.257,1494.0,1561.0,1
33.277,1494.0,1542.0,1
33.297,1492.0,1547.0,1
33.317,1493.0,1547.0,1
33.337,1493.0,1557.0,1
33.357,1494.0,1560.0,1
33.377,1492.0,1561.0,1
33.397,1493.0,1562.0,1
33.417,1509.0,1544.0,1
33.437,1511.0,1560.0,1
33.458,1492.0,1547.0,1
33.478,1493.0,1546.0,1
33.498,1494.0,1560.0,1
33.518,1510.0,1561.0,1
33.538,1506.0,1562.0,1
33.558,1509.0,1560.0,1
33.578,1509.0,1560.0,1
33.598,1523.0,1562.0,1
33.618,1506.0,1562.0,1
33.638,1493.0,1573.0,1
33.659,1479.0,1543.0,1
33.679,1478.0,1547.0,1
33.699,1492.0,1547.0,1
33.719,1525.0,1559.0,1
33.739,1538.0,1562.0,1
33.759,1523.0,1562.0,1
33.779,1509.0,1558.0,1
33.799,1494.0,1560.0,1
33.819,1493.0,1546.0,1
33.84,1478.0,1562.0,1
33.86,1478.0,1560.0,1
33.88,1493.0,1561.0,1
33.9,1492.0,1562.0,1
33.92,1523.0,1562.0,1
33.94,1539.0,1561.0,1
33.96,1538.0,1561.0,1
33.98,1536.0,1562.0,1
34.0,1537.0,1561.0,1
34.02,1539.0,1576.0,1
34.041,1544.0,1562.0,1
34.061,1536.0,1547.0,1
34.081,1553.0,1548.0,1
34.101,1569.0,1543.0,1
34.121,1584.0,1563.0,1
34.141,1569.0,1562.0,1
34.161,1583.0,1559.0,1
34.181,1584.0,1577.0,1
34.201,1553.0,1580.0,1
34.222,1570.0,1559.0,1
34.242,1553.0,1560.0,1
34.262,1553.0,1546.0,1
34.282,1568.0,1547.0,1
34.302,1538.0,1559.0,1
34.322,1538.0,1560.0,1
34.342,1539.0,1562.0,1
34.362,1538.0,1580.0,1
34.382,1538.0,1561.0,1
34.402,1524.0,1576.0,1
34.423,1523.0,1563.0,1
34.443,1523.0,1562.0,1
34.463,1523.0,1561.0,1
34.483,1509.0,1561.0,1
34.503,1521.0,1580.0,1
34.523,1522.0,1579.0,1
34.543,1524.0,1576.0,1
34.563,1509.0,1580.0,1
34.583,1506.0,1563.0,1
34.603,1507.0,1562.0,1
34.624,1508.0,1560.0,1
34.644,1524.0,1580.0,1
34.664,1514.0,1580.0,1
34.684,1508.0,1578.0,1
34.704,1523.0,1579.0,1
34.724,1524.0,1562.0,1
34.744,1521.0,1546.0,1
34.764,1524.0,1546.0,1
34.785,1509.0,1546.0,1
34.805,1509.0,1562.0,1
34.825,1529.0,1578.0,1
34.845,1509.0,1593.0,1
34.865,1524.0,1580.0,1
34.885,1538.0,1581.0,1
34.905,1543.0,1594.0,1
34.925,1524.0,1591.0,1
34.945,1524.0,1594.0,1
34.965,1523.0,1580.0,1
34.986,1527.0,1592.0,1
35.006,1524.0,1579.0,1
35.026,1524.0,1581.0,1
35.046,1537.0,1582.0,1
35.066,1524.0,1578.0,1
35.086,1538.0,1579.0,1
35.106,1522.0,1580.0,1
35.126,1523.0,1579.0,1
35.146,1539.0,1579.0,1
35.166,1539.0,1580.0,1
35.187,1522.0,1580.0,1
35.207,1523.0,1579.0,1
35.227,1538.0,1594.0,1
35.247,1539.0,1595.0,1
35.267,1521.0,1594.0,1
35.287,1537.0,1596.0,1
35.307,1524.0,1594.0,1
35.327,1539.0,1580.0,1
35.347,1536.0,1607.0,1
35.368,1537.0,1591.0,1
35.388,1523.0,1595.0,1
35.408,1538.0,1580.0,1
35.428,1536.0,1592.0,1
35.448,1538.0,1592.0,1
35.468,1538.0,1595.0,1
35.488,1538.0,1577.0,1
35.508,1542.0,1578.0,1
35.528,1524.0,1594.0,1
35.548,1539.0,1595.0,1
35.569,1538.0,1593.0,1
35.589,1541.0,1594.0,1
35.609,1539.0,1595.0,1
35.629,1539.0,1580.0,1
35.649,1523.0,1594.0,1
35.669,1541.0,1589.0,1
35.689,1538.0,1595.0,1
35.709,1538.0,1595.0,1
35.729,1537.0,1593.0,1
35.75,1537.0,1580.0,1
35.77,1538.0,1547.0,1
35.79,1537.0,1532.0,1
35.81,1552.0,1528.0,1
35.83,1538.0,1517.0,1
35.85,1524.0,1532.0,1
35.87,1543.0,1592.0,1
35.89,1521.0,1622.0,1
35.91,1523.0,1609.0,1
35.93,1553.0,1595.0,1
35.95,1553.0,1592.0,1
35.971,1551.0,1607.0,1
35.991,1554.0,1581.0,1
36.011,1538.0,1593.0,1
36.031,1559.0,1593.0,1
36.051,1537.0,1580.0,1
36.071,1553.0,1562.0,1
36.091,1553.0,1579.0,1
36.111,1553.0,1560.0,1
36.131,1568.0,1580.0,1
36.151,1584.0,1595.0,1
36.171,1582.0,1593.0,1
36.192,1568.0,1610.0,1
36.212,1552.0,1595.0,1
36.232,1553.0,1609.0,1
36.252,1566.0,1609.0,1
36.272,1566.0,1594.0,1
36.292,1554.0,1610.0,1
36.312,1553.0,1624.0,1
36.332,1544.0,1638.0,1
36.352,1550.0,1626.0,1
36.372,1568.0,1625.0,1
36.392,1584.0,1624.0,1
36.412,1568.0,1620.0,1
36.433,1566.0,1625.0,1
36.453,1584.0,1625.0,1
36.473,1583.0,1621.0,1
36.493,1582.0,1623.0,1
36.513,1583.0,1610.0,1
36.533,1584.0,1608.0,1
36.553,1583.0,1608.0,1
36.573,1598.0,1609.0,1
36.593,1598.0,1610.0,1
36.614,1598.0,1609.0,1
36.634,1598.0,1623.0,1
36.654,1612.0,1609.0,1
36.674,1613.0,1611.0,1
36.694,1613.0,1609.0,1
36.714,1597.0,1605.0,1
36.734,1597.0,1610.0,1
36.754,1599.0,1609.0,1
36.774,1598.0,1606.0,1
36.795,1612.0,1595.0,1
36.815,1612.0,1596.0,1
36.835,1613.0,1606.0,1
36.855,1627.0,1593.0,1
36.875,1612.0,1595.0,1
36.895,1613.0,1610.0,1
36.915,1614.0,1608.0,1
36.935,1626.0,1594.0,1
36.956,1611.0,1595.0,1
36.976,1628.0,1596.0,1
36.996,1613.0,1594.0,1
37.016,1626.0,1595.0,1
37.036,1627.0,1596.0,1
37.056,1628.0,1610.0,1
37.076,1629.0,1606.0,1
37.096,1642.0,1609.0,1
37.117,1642.0,1625.0,1
37.137,1644.0,1622.0,1
37.157,1641.0,1624.0,1
37.177,1642.0,1625.0,1
37.197,1642.0,1625.0,1
37.217,1658.0,1608.0,1
37.237,1680.0,1608.0,1
37.257,1670.0,1610.0,1
37.278,1643.0,1609.0,1
37.298,1659.0,1608.0,1
37.318,1678.0,1610.0,1
37.338,1671.0,1611.0,1
37.358,1680.0,1609.0,1
37.378,1674.0,1625.0,1
37.398,1673.0,1625.0,1
37.418,1681.0,1625.0,1
37.438,1681.0,1620.0,1
37.458,1681.0,1622.0,1
37.479,1709.0,1610.0,1
37.499,1680.0,1626.0,1
37.519,1681.0,1608.0,1
37.539,1696.0,1610.0,1
37.559,1681.0,1610.0,1
37.579,1681.0,1607.0,1
37.599,1673.0,1608.0,1
37.619,1673.0,1624.0,1
37.639,1672.0,1611.0,1
37.66,1673.0,1609.0,1
37.68,1681.0,1608.0,1
37.7,1672.0,1625.0,1
37.72,1672.0,1610.0,1
37.74,1696.0,1620.0,1
37.76,1696.0,1624.0,1
37.78,1694.0,1625.0,1
37.8,1672.0,1641.0,1
37.821,1681.0,1620.0,1
37.841,1678.0,1639.0,1
37.861,1672.0,1625.0,1
37.881,1658.0,1621.0,1
37.901,1681.0,1623.0,1
37.921,1671.0,1625.0,1
37.941,1680.0,1626.0,1
37.961,1681.0,1638.0,1
37.982,1696.0,1638.0,1
38.002,1678.0,1640.0,1
38.022,1672.0,1639.0,1
38.042,1659.0,1628.0,1
38.062,1673.0,1624.0,1
38.082,1671.0,1640.0,1
38.102,1672.0,1639.0,1
38.122,1673.0,1636.0,1
38.142,1673.0,1640.0,1
38.163,1670.0,1640.0,1
38.183,1681.0,1635.0,1
38.203,1680.0,1623.0,1
38.223,1681.0,1625.0,1
38.243,1686.0,1624.0,1
38.263,1696.0,1623.0,1
38.283,1696.0,1625.0,1
38.303,1695.0,1625.0,1
38.323,1700.0,1623.0,1
38.343,1681.0,1624.0,1
38.364,1681.0,1625.0,1
38.384,1681.0,1625.0,1
38.404,1694.0,1624.0,1
38.424,1709.0,1638.0,1
38.444,1696.0,1625.0,1
38.464,1694.0,1640.0,1
38.484,1709.0,1669.0,1
38.504,1710.0,1654.0,1
38.524,1709.0,1640.0,1
38.544,1709.0,1642.0,1
38.565,1709.0,1637.0,1
38.585,1696.0,1640.0,1
38.605,1722.0,1655.0,1
38.625,1680.0,1635.0,1
38.645,1694.0,1651.0,1
38.665,1725.0,1654.0,1
38.685,1728.0,1655.0,1
38.705,1753.0,1653.0,1
38.725,1724.0,1652.0,1
38.746,1710.0,1669.0,1
38.766,1725.0,1653.0,1
38.786,1737.0,1639.0,1
38.806,1724.0,1654.0,1
38.826,1710.0,1655.0,1
38.846,1724.0,1667.0,1
38.866,1709.0,1684.0,1
38.886,1724.0,1670.0,1
38.906,1754.0,1670.0,1
38.926,1753.0,1654.0,1
38.947,1739.0,1664.0,1
38.967,1724.0,1669.0,1
38.987,1723.0,1669.0,1
39.007,1724.0,1668.0,1
39.027,1739.0,1683.0,1
39.047,1740.0,1684.0,1
39.067,1738.0,1680.0,1
39.087,1739.0,1681.0,1
39.107,1739.0,1683.0,1
39.127,1769.0,1698.0,1
39.148,1767.0,1696.0,1
39.168,1768.0,1697.0,1
39.188,1769.0,1698.0,1
39.208,1752.0,1699.0,1
39.228,1781.0,1697.0,1
39.248,1798.0,1712.0,1
39.268,1769.0,1714.0,1
39.288,1759.0,1713.0,1
39.308,1766.0,1697.0,1
39.328,1739.0,1713.0,1
39.349,1739.0,1714.0,1
39.369,1730.0,1713.0,1
39.389,1722.0,1722.0,1
39.409,1724.0,1728.0,1
39.429,1725.0,1713.0,1
39.449,1739.0,1728.0,1
39.469,1740.0,1710.0,1
39.489,1710.0,1728.0,1
39.509,1710.0,1715.0,1
39.53,1709.0,1711.0,1
39.55,1738.0,1698.0,1
39.57,1739.0,1714.0,1
39.59,1753.0,1725.0,1
39.61,1768.0,1712.0,1
39.63,1753.0,1713.0,1
39.65,1739.0,1699.0,1
39.67,1753.0,1698.0,1
39.69,1752.0,1697.0,1
39.71,1754.0,1714.0,1
39.731,1753.0,1714.0,1
39.751,1752.0,1712.0,1
39.771,1738.0,1728.0,1
39.791,1725.0,1728.0,1
39.811,1724.0,1739.0,1
39.831,1752.0,1712.0,1
39.851,1738.0,1713.0,1
39.871,1739.0,1699.0,1
39.891,1755.0,1694.0,1
39.912,1766.0,1696.0,1
39.932,1753.0,1700.0,1
39.952,1754.0,1699.0,1
39.972,1757.0,1697.0,1
39.992,1737.0,1698.0,1
40.012,1755.0,1699.0,1
40.032,1740.0,1697.0,1
40.052,1739.0,1697.0,1
40.072,1750.0,1712.0,1
40.093,1754.0,1713.0,1
40.113,1754.0,1713.0,1
40.133,1744.0,1713.0,1
40.153,1767.0,1699.0,1
40.173,1769.0,1699.0,1
40.193,1755.0,1714.0,1
40.213,1753.0,1696.0,1
40.233,1752.0,1713.0,1
40.253,1740.0,1714.0,1
40.274,1738.0,1710.0,1
40.294,1768.0,1712.0,1
40.314,1769.0,1714.0,1
40.334,1754.0,1710.0,1
40.354,1768.0,1711.0,1
40.374,1738.0,1728.0,1
40.394,1754.0,1714.0,1
40.414,1768.0,1726.0,1
40.434,1753.0,1726.0,1
40.454,1768.0,1729.0,1
40.475,1753.0,1713.0,1
40.495,1769.0,1712.0,1
40.515,1753.0,1712.0,1
40.535,1752.0,1713.0,1
40.555,1754.0,1728.0,1
40.575,1767.0,1714.0,1
40.595,1797.0,1712.0,1
40.615,1768.0,1728.0,1
40.635,1754.0,1724.0,1
40.656,1773.0,1724.0,1
40.676,1766.0,1714.0,1
40.696,1769.0,1728.0,1
40.716,1754.0,1709.0,1
40.736,1753.0,1725.0,1
40.756,1774.0,1713.0,1
40.776,1768.0,1730.0,1
40.796,1755.0,1709.0,1
40.816,1752.0,1713.0,1
40.836,1753.0,1713.0,1
40.856,1755.0,1710.0,1
40.877,1739.0,1710.0,1
40.897,1738.0,1713.0,1
40.917,1738.0,1728.0,1
40.937,1739.0,1725.0,1
40.957,1782.0,1727.0,1
40.977,1782.0,1728.0,1
40.997,1754.0,1728.0,1
41.017,1753.0,1728.0,1
41.037,1752.0,1728.0,1
41.058,1738.0,1743.0,1
41.078,1753.0,1742.0,1
41.098,1769.0,1743.0,1
41.118,1738.0,1728.0,1
41.138,1723.0,1743.0,1
41.158,1710.0,1757.0,1
41.178,1710.0,1739.0,1
41.198,1715.0,1728.0,1
41.218,1694.0,1742.0,1
41.239,1710.0,1739.0,1
41.259,1710.0,1741.0,1
41.279,1729.0,1743.0,1
41.299,1753.0,1739.0,1
41.319,1739.0,1741.0,1
41.339,1754.0,1728.0,1
41.359,1724.0,1744.0,1
41.379,1724.0,1741.0,1
41.399,1725.0,1756.0,1
41.42,1739.0,1742.0,1
41.44,1723.0,1758.0,1
41.46,1739.0,1755.0,1
41.48,1739.0,1772.0,1
41.5,1709.0,1757.0,1
41.52,1730.0,1758.0,1
41.54,1710.0,1772.0,1
41.56,1740.0,1756.0,1
41.58,1724.0,1758.0,1
41.601,1724.0,1761.0,1
41.621,1739.0,1755.0,1
41.641,1738.0,1757.0,1
41.661,1738.0,1743.0,1
41.681,1724.0,1753.0,1
41.701,1725.0,1755.0,1
41.721,1725.0,1772.0,1
41.741,1708.0,1757.0,1
41.761,1724.0,1769.0,1
41.781,1709.0,1756.0,1
41.801,1709.0,1772.0,1
41.821,1707.0,1755.0,1
41.842,1724.0,1770.0,1
41.862,1725.0,1772.0,1
41.882,1724.0,1772.0,1
41.902,1728.0,1770.0,1
41.922,1710.0,1771.0,1
41.942,1696.0,1772.0,1
41.962,1680.0,1787.0,1
41.982,1710.0,1785.0,1
42.002,1724.0,1774.0,1
42.022,1723.0,1772.0,1
42.042,1709.0,1772.0,1
42.063,1724.0,1544.0,1
42.083,1710.0,1771.0,1
42.103,1709.0,1772.0,1
42.123,1709.0,1788.0,1
42.143,1724.0,1768.0,1
42.163,1710.0,1771.0,1
42.183,1724.0,1801.0,1
42.203,1738.0,1798.0,1
42.223,1710.0,1800.0,1
42.244,1711.0,1787.0,1
42.264,1738.0,1787.0,1
42.284,1738.0,1770.0,1
42.304,1724.0,1756.0,1
42.324,1728.0,1744.0,1
42.344,1737.0,1742.0,1
42.364,1724.0,1741.0,1
42.384,1740.0,1742.0,1
42.404,1771.0,1744.0,1
42.425,1751.0,1742.0,1
42.445,1739.0,1739.0,1
42.465,1754.0,1728.0,1
42.485,1681.0,1743.0,1
42.505,1693.0,1737.0,1
42.525,1696.0,1754.0,1
42.545,1696.0,1757.0,1
42.565,1709.0,1758.0,1
42.585,1722.0,1741.0,1
42.606,1769.0,1728.0,1
42.626,1783.0,1758.0,1
42.646,1768.0,1756.0,1
42.666,1826.0,1742.0,1
42.686,1813.0,1743.0,1
42.706,1768.0,1743.0,1
42.726,1768.0,1757.0,1
42.746,1724.0,1772.0,1
42.766,1674.0,1757.0,1
42.787,1658.0,1743.0,1
42.807,1658.0,1754.0,1
42.827,1673.0,1756.0,1
42.847,1725.0,1757.0,1
42.867,1754.0,1756.0,1
42.887,1768.0,1740.0,1
42.907,1740.0,1757.0,1
42.927,1739.0,1758.0,1
42.947,1694.0,1739.0,1
42.968,1694.0,1740.0,1
42.988,1643.0,1743.0,1
43.008,1671.0,1744.0,1
43.028,1672.0,1755.0,1
43.048,1680.0,1756.0,1
43.068,1681.0,1772.0,1
43.088,1693.0,1756.0,1
43.108,1693.0,1761.0,1
43.128,1710.0,1756.0,1
43.149,1681.0,1756.0,1
43.169,1714.0,1742.0,1
43.189,1680.0,1753.0,1
43.209,1682.0,1757.0,1
43.229,1673.0,1757.0,1
43.249,1679.0,1768.0,1
43.269,1694.0,1755.0,1
43.289,1673.0,1772.0,1
43.309,1659.0,1767.0,1
43.33,1646.0,1754.0,1
43.35,1658.0,1770.0,1
43.37,1673.0,1771.0,1
43.39,1658.0,1770.0,1
43.41,1660.0,1755.0,1
43.43,1658.0,1756.0,1
43.45,1659.0,1757.0,1
43.47,1628.0,1756.0,1
43.49,1675.0,1752.0,1
43.511,1681.0,1757.0,1
43.531,1659.0,1741.0,1
43.551,1694.0,1752.0,1
43.571,1681.0,1742.0,1
43.591,1673.0,1743.0,1
43.611,1674.0,1757.0,1
43.631,1642.0,1740.0,1
43.651,1628.0,1728.0,1
43.672,1644.0,1728.0,1
43.692,1628.0,1726.0,1
43.712,1643.0,1755.0,1
43.732,1658.0,1757.0,1
43.752,1658.0,1757.0,1
43.772,1642.0,1741.0,1
43.792,1657.0,1756.0,1
43.812,1681.0,1757.0,1
43.833,1710.0,1757.0,1
43.853,1693.0,1778.0,1
43.873,1680.0,1771.0,1
43.893,1696.0,1772.0,1
43.913,1725.0,1783.0,1
43.933,1722.0,1768.0,1
43.953,1723.0,1787.0,1
43.973,1753.0,1787.0,1
43.993,1731.0,1783.0,1
44.013,1737.0,1785.0,1
44.034,1709.0,1787.0,1
44.054,1725.0,1769.0,1
44.074,1700.0,1785.0,1
44.094,1671.0,1756.0,1
44.114,1673.0,1787.0,1
44.134,1681.0,1785.0,1
44.154,1700.0,1816.0,1
44.174,1707.0,1787.0,1
44.195,1710.0,1787.0,1
44.215,1710.0,1785.0,1
44.235,1709.0,1782.0,1
44.255,1678.0,1786.0,1
44.275,1673.0,1786.0,1
44.295,1673.0,1768.0,1
44.315,1664.0,1756.0,1
44.335,1658.0,1772.0,1
44.355,1659.0,1753.0,1
44.376,1657.0,1740.0,1
44.396,1658.0,1742.0,1
44.416,1658.0,1742.0,1
44.436,1644.0,1741.0,1
44.456,1627.0,1741.0,1
44.476,1628.0,1742.0,1
44.496,1643.0,1728.0,1
44.516,1613.0,1726.0,1
44.536,1628.0,1726.0,1
44.557,1628.0,1728.0,1
44.577,1628.0,1741.0,1
44.597,1628.0,1757.0,1
44.617,1672.0,1742.0,1
44.637,1657.0,1743.0,1
44.657,1643.0,1747.0,1
44.677,1641.0,1724.0,1
44.697,1642.0,1728.0,1
44.717,1673.0,1728.0,1
44.738,1628.0,1740.0,1
44.758,1626.0,1740.0,1
44.778,1657.0,1742.0,1
44.798,1643.0,1740.0,1
44.818,1643.0,1741.0,1
44.838,1656.0,1741.0,1
44.858,1642.0,1728.0,1
44.878,1644.0,1726.0,1
44.898,1643.0,1726.0,1
44.919,1649.0,1728.0,1
44.939,1641.0,1742.0,1
44.959,1658.0,1768.0,1
44.979,1643.0,1723.0,1
44.999,1633.0,1743.0,1
45.019,1642.0,1742.0,1
45.039,1644.0,1752.0,1
45.059,1643.0,1756.0,1
45.079,1619.0,1772.0,1
45.1,1643.0,1752.0,1
45.12,1643.0,1755.0,1
45.14,1628.0,1757.0,1
45.16,1642.0,1772.0,1
45.18,1653.0,1754.0,1
45.2,1628.0,1769.0,1
45.22,1643.0,1771.0,1
45.24,1627.0,1758.0,1
45.261,1629.0,1755.0,1
45.281,1644.0,1756.0,1
45.301,1657.0,1757.0,1
45.321,1628.0,1757.0,1
45.341,1628.0,1752.0,1
45.361,1642.0,1771.0,1
45.381,1627.0,1757.0,1
45.401,1628.0,1769.0,1
45.421,1643.0,1754.0,1
45.442,1641.0,1757.0,1
45.462,1627.0,1757.0,1
45.482,1658.0,1740.0,1
45.502,1659.0,1769.0,1
45.522,1657.0,1757.0,1
45.542,1656.0,1769.0,1
45.562,1614.0,1755.0,1
45.582,1628.0,1741.0,1
45.602,1656.0,1742.0,1
45.623,1642.0,1756.0,1
45.643,1598.0,1755.0,1
45.663,1613.0,1742.0,1
45.683,1597.0,1742.0,1
45.703,1583.0,1712.0,1
45.723,1584.0,1715.0,1
45.743,1584.0,1728.0,1
45.763,1584.0,1713.0,1
45.783,1584.0,1724.0,1
45.803,1569.0,1697.0,1
45.824,1582.0,1699.0,1
45.844,1584.0,1714.0,1
45.864,1553.0,1694.0,1
45.884,1584.0,1697.0,1
45.904,1582.0,1684.0,1
45.924,1568.0,1693.0,1
45.944,1584.0,1681.0,1
45.964,1600.0,1684.0,1
45.984,1568.0,1684.0,1
46.004,1582.0,1696.0,1
46.024,1584.0,1697.0,1
46.045,1568.0,1684.0,1
46.065,1582.0,1682.0,1
46.085,1597.0,1682.0,1
46.105,1598.0,1684.0,1
46.125,1588.0,1713.0,1
46.145,1596.0,1697.0,1
46.165,1613.0,1696.0,1
46.185,1600.0,1684.0,1
46.205,1613.0,1699.0,1
46.225,1602.0,1696.0,1
46.245,1600.0,1701.0,1
46.265,1614.0,1698.0,1
46.286,1598.0,1713.0,1
46.306,1598.0,1697.0,1
46.326,1600.0,1697.0,1
46.346,1614.0,1698.0,1
46.366,1612.0,1697.0,1
46.386,1612.0,1728.0,1
46.406,1628.0,1697.0,1
46.426,1613.0,1699.0,1
46.446,1611.0,1697.0,1
46.466,1613.0,1707.0,1
46.486,1600.0,1698.0,1
46.506,1632.0,1698.0,1
46.527,1610.0,1712.0,1
46.547,1628.0,1710.0,1
46.567,1614.0,1698.0,1
46.587,1628.0,1728.0,1
46.607,1633.0,1695.0,1
46.627,1600.0,1712.0,1
46.647,1613.0,1713.0,1
46.667,1598.0,1707.0,1
46.687,1629.0,1710.0,1
46.707,1613.0,1713.0,1
46.727,1629.0,1713.0,1
46.747,1627.0,1708.0,1
46.767,1613.0,1710.0,1
46.788,1629.0,1713.0,1
46.808,1620.0,1713.0,1
46.828,1611.0,1710.0,1
46.848,1613.0,1712.0,1
46.868,1613.0,1713.0,1
46.888,1612.0,1696.0,1
46.908,1630.0,1696.0,1
46.928,1613.0,1712.0,1
46.948,1642.0,1713.0,1
46.968,1612.0,1726.0,1
46.988,1630.0,1711.0,1
47.008,1628.0,1712.0,1
47.029,1629.0,1713.0,1
47.049,1613.0,1712.0,1
47.069,1617.0,1708.0,1
47.089,1613.0,1698.0,1
47.109,1613.0,1713.0,1
47.129,1613.0,1708.0,1
47.149,1628.0,1712.0,1
47.169,1613.0,1713.0,1
47.19,1612.0,1709.0,1
47.21,1613.0,1712.0,1
47.23,1613.0,1713.0,1
47.25,1627.0,1713.0,1
47.27,1627.0,1711.0,1
47.29,1613.0,1726.0,1
47.31,1613.0,1713.0,1
47.33,1629.0,1713.0,1
47.35,1627.0,1711.0,1
47.371,1628.0,1712.0,1
47.391,1613.0,1713.0,1
47.411,1613.0,1713.0,1
47.431,1613.0,1707.0,1
47.451,1627.0,1713.0,1
47.471,1614.0,1712.0,1
47.491,1630.0,1719.0,1
47.511,1626.0,1710.0,1
47.531,1613.0,1713.0,1
47.552,1614.0,1713.0,1
47.572,1611.0,1710.0,1
47.592,1611.0,1711.0,1
47.612,1613.0,1713.0,1
47.632,1613.0,1710.0,1
47.652,1634.0,1712.0,1
47.672,1612.0,1713.0,1
47.692,1628.0,1713.0,1
47.712,1630.0,1711.0,1
47.733,1619.0,1728.0,1
47.753,1611.0,1713.0,1
47.773,1613.0,1713.0,1
47.793,1598.0,1728.0,1
47.813,1618.0,1709.0,1
47.833,1612.0,1698.0,1
47.853,1599.0,1716.0,1
47.873,1598.0,1694.0,1
47.894,1612.0,1698.0,1
47.914,1612.0,1698.0,1
47.934,1613.0,1694.0,1
47.954,1628.0,1696.0,1
47.974,1600.0,1698.0,1
47.994,1613.0,1698.0,1
48.014,1600.0,1711.0,1
48.034,1582.0,1711.0,1
48.054,1583.0,1713.0,1
48.075,1598.0,1713.0,1
48.095,1599.0,1711.0,1
48.115,1582.0,1712.0,1
48.135,1598.0,1698.0,1
48.155,1555.0,1697.0,1
48.175,1567.0,1693.0,1
48.195,1552.0,1712.0,1
48.215,1553.0,1713.0,1
48.235,1539.0,1722.0,1
48.255,1568.0,1709.0,1
48.276,1552.0,1713.0,1
48.296,1553.0,1698.0,1
48.316,1554.0,1695.0,1
48.336,1550.0,1696.0,1
48.356,1537.0,1698.0,1
48.376,1538.0,1696.0,1
48.396,1538.0,1682.0,1
48.416,1536.0,1668.0,1
48.436,1537.0,1683.0,1
48.457,1538.0,1683.0,1
48.477,1539.0,1697.0,1
48.497,1543.0,1683.0,1
48.517,1553.0,1698.0,1
48.537,1540.0,1697.0,1
48.557,1538.0,1693.0,1
48.577,1539.0,1697.0,1
48.597,1524.0,1698.0,1
48.618,1539.0,1709.0,1
48.638,1538.0,1697.0,1
48.658,1522.0,1669.0,1
48.678,1539.0,1680.0,1
48.698,1538.0,1682.0,1
48.718,1524.0,1680.0,1
48.738,1522.0,1684.0,1
48.758,1524.0,1651.0,1
48.778,1539.0,1653.0,1
48.799,1537.0,1654.0,1
48.819,1524.0,1654.0,1
48.839,1553.0,1638.0,1
48.859,1553.0,1639.0,1
48.879,1568.0,1639.0,1
48.899,1553.0,1638.0,1
48.919,1539.0,1640.0,1
48.939,1508.0,1639.0,1
48.959,1508.0,1654.0,1
48.98,1515.0,1649.0,1
49.0,1510.0,1651.0,1
49.02,1508.0,1654.0,1
49.04,1508.0,1654.0,1
49.06,1510.0,1636.0,1
49.08,1510.0,1651.0,1
49.1,1507.0,1654.0,1
49.12,1509.0,1651.0,1
49.14,1539.0,1637.0,1
49.161,1546.0,1653.0,1
49.181,1524.0,1638.0,1
49.201,1508.0,1637.0,1
49.221,1495.0,1652.0,1
49.241,1498.0,1654.0,1
49.261,1508.0,1654.0,1
49.281,1509.0,1653.0,1
49.301,1539.0,1636.0,1
49.321,1523.0,1639.0,1
49.342,1536.0,1640.0,1
49.362,1524.0,1634.0,1
49.382,1509.0,1624.0,1
49.402,1524.0,1639.0,1
49.422,1507.0,1635.0,1
49.442,1524.0,1623.0,1
49.462,1524.0,1624.0,1
49.482,1538.0,1610.0,1
49.502,1509.0,1608.0,1
49.523,1493.0,1608.0,1
49.543,1493.0,1609.0,1
49.563,1493.0,1610.0,1
49.583,1509.0,1608.0,1
49.603,1509.0,1608.0,1
49.623,1508.0,1609.0,1
49.643,1508.0,1609.0,1
49.663,1509.0,1605.0,1
49.683,1509.0,1609.0,1
49.704,1492.0,1610.0,1
49.724,1493.0,1624.0,1
49.744,1509.0,1607.0,1
49.764,1494.0,1624.0,1
49.784,1492.0,1624.0,1
49.804,1492.0,1622.0,1
49.824,1493.0,1638.0,1
49.844,1492.0,1624.0,1
49.864,1508.0,1623.0,1
49.885,1508.0,1623.0,1
49.905,1509.0,1624.0,1
49.925,1522.0,1640.0,1
49.945,1508.0,1638.0,1
49.965,1524.0,1624.0,1
49.985,1509.0,1624.0,1
50.005,1522.0,1625.0,1
50.025,1507.0,1653.0,1
50.046,1525.0,1637.0,1
50.066,1509.0,1639.0,1
50.086,1507.0,1625.0,1
50.106,1522.0,1621.0,1
50.126,1508.0,1639.0,1
50.146,1524.0,1640.0,1
50.166,1529.0,1636.0,1
50.186,1509.0,1623.0,1
50.206,1524.0,1624.0,1
50.227,1523.0,1624.0,1
50.247,1514.0,1637.0,1
50.267,1509.0,1638.0,1
50.287,1524.0,1624.0,1
50.307,1508.0,1625.0,1
50.327,1514.0,1638.0,1
50.347,1510.0,1623.0,1
50.367,1509.0,1639.0,1
50.387,1508.0,1624.0,1
50.408,1513.0,1621.0,1
50.428,1509.0,1639.0,1
50.448,1509.0,1624.0,1
50.468,1508.0,1620.0,1
50.488,1509.0,1622.0,1
50.508,1509.0,1625.0,1
50.528,1508.0,1609.0,1
50.548,1508.0,1593.0,1
50.569,1509.0,1608.0,1
50.589,1510.0,1625.0,1
50.609,1509.0,1624.0,1
50.629,1508.0,1609.0,1
50.649,1510.0,1609.0,1
50.669,1511.0,1625.0,1
50.69,1510.0,1621.0,1
50.71,1494.0,1622.0,1
50.73,1495.0,1610.0,1
50.75,1495.0,1610.0,1
50.77,1465.0,1622.0,1
50.79,1479.0,1623.0,1
50.81,1480.0,1595.0,1
50.83,1479.0,1593.0,1
50.85,1494.0,1593.0,1
50.871,1480.0,1580.0,1
50.891,1495.0,1595.0,1
50.911,1479.0,1593.0,1
50.931,1479.0,1596.0,1
50.951,1475.0,1609.0,1
50.971,1465.0,1595.0,1
50.991,1463.0,1594.0,1
51.011,1479.0,1576.0,1
51.031,1481.0,1595.0,1
51.051,1465.0,1594.0,1
51.072,1463.0,1590.0,1
51.092,1464.0,1594.0,1
51.112,1467.0,1580.0,1
51.132,1486.0,1592.0,1
51.152,1473.0,1592.0,1
51.172,1479.0,1580.0,1
51.192,1478.0,1580.0,1
51.212,1479.0,1577.0,1
51.232,1464.0,1593.0,1
51.253,1480.0,1594.0,1
51.273,1481.0,1595.0,1
51.293,1481.0,1593.0,1
51.313,1480.0,1593.0,1
51.333,1466.0,1580.0,1
51.353,1465.0,1578.0,1
51.373,1450.0,1594.0,1
51.393,1465.0,1594.0,1
51.413,1465.0,1580.0,1
51.433,1466.0,1593.0,1
51.453,1465.0,1598.0,1
51.473,1465.0,1580.0,1
51.494,1466.0,1581.0,1
51.514,1470.0,1592.0,1
51.534,1463.0,1576.0,1
51.554,1465.0,1580.0,1
51.574,1467.0,1580.0,1
51.594,1464.0,1596.0,1
51.614,1469.0,1579.0,1
51.634,1465.0,1580.0,1
51.654,1465.0,1562.0,1
51.674,1464.0,1557.0,1
51.694,1463.0,1579.0,1
51.714,1464.0,1580.0,1
51.735,1465.0,1585.0,1
51.755,1481.0,1576.0,1
51.775,1479.0,1580.0,1
51.795,1466.0,1580.0,1
51.815,1465.0,1576.0,1
51.835,1477.0,1578.0,1
51.855,1463.0,1580.0,1
51.875,1464.0,1576.0,1
51.895,1467.0,1577.0,1
51.915,1463.0,1579.0,1
51.935,1481.0,1580.0,1
51.955,1480.0,1577.0,1
51.976,1465.0,1579.0,1
51.996,1470.0,1580.0,1
52.016,1480.0,1581.0,1
52.036,1481.0,1578.0,1
52.056,1479.0,1579.0,1
52.076,1469.0,1580.0,1
52.096,1480.0,1581.0,1
52.116,1464.0,1579.0,1
52.136,1465.0,1579.0,1
52.156,1478.0,1581.0,1
52.176,1466.0,1592.0,1
52.197,1480.0,1579.0,1
52.217,1465.0,1580.0,1
52.237,1479.0,1580.0,1
52.257,1465.0,1576.0,1
52.277,1464.0,1577.0,1
52.297,1463.0,1580.0,1
52.317,1465.0,1581.0,1
52.337,1464.0,1577.0,1
52.357,1464.0,1561.0,1
52.378,1464.0,1562.0,1
52.398,1465.0,1560.0,1
52.418,1465.0,1560.0,1
52.438,1477.0,1562.0,1
52.458,1462.0,1562.0,1
52.478,1480.0,1560.0,1
52.498,1466.0,1577.0,1
52.518,1462.0,1562.0,1
52.538,1478.0,1562.0,1
52.559,1465.0,1560.0,1
52.579,1464.0,1558.0,1
52.599,1462.0,1562.0,1
52.619,1450.0,1577.0,1
52.639,1465.0,1576.0,1
52.659,1464.0,1561.0,1
52.679,1472.0,1562.0,1
52.699,1481.0,1544.0,1
52.719,1449.0,1545.0,1
52.74,1451.0,1561.0,1
52.76,1484.0,1547.0,1
52.78,1464.0,1545.0,1
52.8,1450.0,1545.0,1
52.82,1451.0,1546.0,1
52.84,1449.0,1547.0,1
52.86,1451.0,1545.0,1
52.88,1451.0,1545.0,1
52.9,1451.0,1547.0,1
52.921,1466.0,1576.0,1
52.941,1452.0,1558.0,1
52.961,1451.0,1546.0,1
52.981,1465.0,1547.0,1
53.001,1466.0,1542.0,1
53.021,1466.0,1530.0,1
53.041,1466.0,1533.0,1
53.061,1451.0,1547.0,1
53.081,1403.0,1559.0,1
53.102,1388.0,1560.0,1
53.122,1402.0,1546.0,1
53.142,1465.0,1545.0,1
53.162,1495.0,1545.0,1
53.182,1511.0,1561.0,1
53.202,1509.0,1547.0,1
53.222,1510.0,1545.0,1
53.242,1403.0,1558.0,1
53.262,1363.0,1546.0,1
53.282,1370.0,1547.0,1
53.303,1402.0,1545.0,1
53.323,1419.0,1544.0,1
53.343,1451.0,1547.0,1
53.363,1485.0,1547.0,1
53.383,1480.0,1542.0,1
53.403,1465.0,1546.0,1
53.423,1479.0,1547.0,1
53.443,1481.0,1542.0,1
53.463,1465.0,1544.0,1
53.484,1480.0,1547.0,1
53.504,1480.0,1547.0,1
53.524,1480.0,1544.0,1
53.544,1401.0,1531.0,1
53.564,1341.0,1562.0,1
53.584,1354.0,1546.0,1
53.604,1370.0,1559.0,1
53.624,1449.0,1561.0,1
53.644,1613.0,1563.0,1
53.664,1552.0,1561.0,1
53.685,1449.0,1576.0,1
53.705,1463.0,1561.0,1
53.725,1477.0,1546.0,1
53.745,1477.0,1547.0,1
53.765,1493.0,1542.0,1
53.785,1478.0,1547.0,1
53.805,1477.0,1547.0,1
53.825,1477.0,1543.0,1
53.845,1479.0,1545.0,1
53.866,1494.0,1547.0,1
53.886,1492.0,1543.0,1
53.906,1493.0,1545.0,1
53.926,1478.0,1561.0,1
53.946,1479.0,1562.0,1
53.966,1477.0,1530.0,1
53.986,1478.0,1501.0,1
54.006,1479.0,1580.0,1
54.026,1478.0,1518.0,1
54.046,1477.0,1486.0,1
54.067,1479.0,1547.0,1
54.087,1479.0,1547.0,1
54.107,1494.0,1563.0,1
54.127,1496.0,1561.0,1
54.147,1494.0,1546.0,1
54.167,1493.0,1563.0,1
54.187,1493.0,1554.0,1
54.207,1497.0,1558.0,1
54.227,1479.0,1561.0,1
54.247,1479.0,1561.0,1
54.268,1492.0,1542.0,1
54.288,1493.0,1515.0,1
54.308,1509.0,1458.0,1
54.328,1507.0,1443.0,1
54.348,1508.0,1441.0,1
54.368,1493.0,1427.0,1
54.388,1494.0,1443.0,1
54.408,1492.0,1442.0,1
54.428,1492.0,1456.0,1
54.449,1494.0,1458.0,1
54.469,1509.0,1518.0,1
54.489,1491.0,1579.0,1
54.509,1492.0,1652.0,1
54.529,1494.0,1595.0,1
54.549,1494.0,1580.0,1
54.569,1510.0,1532.0,1
54.589,1492.0,1558.0,1
54.609,1509.0,1580.0,1
54.63,1494.0,1581.0,1
54.65,1508.0,1577.0,1
54.67,1509.0,1561.0,1
54.69,1494.0,1580.0,1
54.71,1509.0,1576.0,1
54.73,1508.0,1592.0,1
54.75,1492.0,1581.0,1
54.77,1494.0,1580.0,1
54.79,1508.0,1578.0,1
54.81,1508.0,1561.0,1
54.831,1508.0,1562.0,1
54.851,1509.0,1562.0,1
54.871,1508.0,1560.0,1
54.891,1493.0,1560.0,1
54.911,1493.0,1563.0,1
54.931,1509.0,1578.0,1
54.951,1508.0,1589.0,1
54.971,1493.0,1579.0,1
54.991,1524.0,1581.0,1
55.011,1522.0,1561.0,1
55.032,1537.0,1576.0,1
55.052,1523.0,1562.0,1
55.072,1524.0,1580.0,1
55.092,1537.0,1558.0,1
55.112,1537.0,1560.0,1
55.132,1538.0,1580.0,1
55.152,1538.0,1559.0,1
55.172,1521.0,1560.0,1
55.192,1521.0,1580.0,1
55.213,1509.0,1580.0,1
55.233,1509.0,1560.0,1
55.253,1506.0,1579.0,1
55.273,1523.0,1580.0,1
55.293,1524.0,1580.0,1
55.313,1508.0,1579.0,1
55.333,1514.0,1609.0,1
55.353,1493.0,1594.0,1
55.373,1509.0,1595.0,1
55.393,1509.0,1593.0,1
55.414,1508.0,1594.0,1
55.434,1508.0,1595.0,1
55.454,1509.0,1621.0,1
55.474,1509.0,1590.0,1
55.494,1508.0,1595.0,1
55.514,1523.0,1580.0,1
55.534,1524.0,1576.0,1
55.556,1513.0,1562.0,1
55.576,1538.0,1580.0,1
55.597,1539.0,1577.0,1
55.617,1537.0,1579.0,1
55.637,1538.0,1562.0,1
55.657,1515.0,1581.0,1
55.677,1539.0,1579.0,1
55.697,1536.0,1579.0,1
55.717,1536.0,1562.0,1
55.737,1538.0,1581.0,1
55.757,1538.0,1579.0,1
55.777,1536.0,1579.0,1
55.798,1537.0,1562.0,1
55.818,1538.0,1561.0,1
55.838,1539.0,1595.0,1
55.858,1543.0,1580.0,1
55.878,1553.0,1581.0,1
55.898,1539.0,1579.0,1
55.918,1538.0,1575.0,1
55.938,1553.0,1580.0,1
55.958,1538.0,1580.0,1
55.979,1553.0,1585.0,1
55.999,1553.0,1577.0,1
56.019,1552.0,1580.0,1
56.039,1554.0,1577.0,1
56.059,1539.0,1578.0,1
56.079,1552.0,1580.0,1
56.099,1552.0,1580.0,1
56.119,1553.0,1577.0,1
56.139,1554.0,1578.0,1
56.159,1537.0,1580.0,1
56.18,1538.0,1580.0,1
56.2,1524.0,1578.0,1
56.22,1530.0,1579.0,1
56.24,1507.0,1580.0,1
56.26,1523.0,1581.0,1
56.28,1508.0,1579.0,1
56.3,1509.0,1593.0,1
56.32,1507.0,1595.0,1
56.34,1524.0,1594.0,1
56.36,1525.0,1601.0,1
56.38,1523.0,1609.0,1
56.4,1529.0,1594.0,1
56.421,1524.0,1590.0,1
56.441,1524.0,1590.0,1
56.461,1508.0,1581.0,1
56.481,1523.0,1580.0,1
56.501,1538.0,1576.0,1
56.521,1554.0,1577.0,1
56.541,1553.0,1561.0,1
56.561,1553.0,1565.0,1
56.581,1553.0,1560.0,1
56.601,1538.0,1562.0,1
56.622,1537.0,1581.0,1
56.642,1538.0,1579.0,1
56.662,1538.0,1560.0,1
56.682,1536.0,1562.0,1
56.702,1522.0,1562.0,1
56.722,1524.0,1579.0,1
56.742,1524.0,1579.0,1
56.762,1536.0,1580.0,1
56.782,1522.0,1580.0,1
56.802,1539.0,1579.0,1
56.823,1524.0,1578.0,1
56.843,1536.0,1580.0,1
56.863,1522.0,1580.0,1
56.883,1538.0,1557.0,1
56.903,1538.0,1562.0,1
56.923,1544.0,1581.0,1
56.943,1538.0,1595.0,1
56.963,1538.0,1578.0,1
56.983,1553.0,1581.0,1
57.004,1573.0,1581.0,1
57.024,1553.0,1593.0,1
57.044,1553.0,1578.0,1
57.064,1568.0,1580.0,1
57.084,1553.0,1578.0,1
57.104,1568.0,1578.0,1
57.124,1569.0,1580.0,1
57.144,1582.0,1581.0,1
57.164,1574.0,1580.0,1
57.185,1553.0,1579.0,1
57.205,1554.0,1581.0,1
57.225,1553.0,1581.0,1
57.245,1537.0,1594.0,1
57.265,1553.0,1576.0,1
57.285,1552.0,1580.0,1
57.305,1552.0,1562.0,1
57.325,1553.0,1576.0,1
57.345,1538.0,1580.0,1
57.366,1552.0,1581.0,1
57.386,1538.0,1576.0,1
57.406,1538.0,1578.0,1
57.426,1524.0,1580.0,1
57.446,1523.0,1580.0,1
57.466,1522.0,1592.0,1
57.486,1539.0,1594.0,1
57.506,1538.0,1596.0,1
57.526,1536.0,1595.0,1
57.546,1537.0,1593.0,1
57.567,1553.0,1595.0,1
57.587,1569.0,1595.0,1
57.607,1542.0,1594.0,1
57.627,1553.0,1602.0,1
57.647,1553.0,1594.0,1
57.667,1538.0,1595.0,1
57.687,1557.0,1600.0,1
57.707,1553.0,1576.0,1
57.727,1553.0,1595.0,1
57.748,1553.0,1596.0,1
57.768,1568.0,1577.0,1
57.788,1568.0,1579.0,1
57.808,1553.0,1595.0,1
57.828,1568.0,1591.0,1
57.848,1552.0,1592.0,1
57.868,1584.0,1609.0,1
57.888,1583.0,1609.0,1
57.908,1582.0,1608.0,1
57.928,1582.0,1608.0,1
57.949,1569.0,1624.0,1
57.969,1581.0,1625.0,1
57.989,1597.0,1623.0,1
58.009,1598.0,1639.0,1
58.029,1598.0,1610.0,1
58.049,1604.0,1625.0,1
58.069,1612.0,1624.0,1
58.089,1598.0,1609.0,1
58.109,1600.0,1625.0,1
58.129,1603.0,1609.0,1
58.15,1597.0,1620.0,1
58.17,1583.0,1625.0,1
58.19,1584.0,1610.0,1
58.21,1603.0,1605.0,1
58.23,1627.0,1608.0,1
58.25,1613.0,1640.0,1
58.27,1613.0,1640.0,1
58.29,1648.0,1652.0,1
58.31,1643.0,1653.0,1
58.331,1628.0,1625.0,1
58.351,1642.0,1624.0,1
58.371,1643.0,1638.0,1
58.391,1673.0,1640.0,1
58.411,1681.0,1640.0,1
58.431,1680.0,1638.0,1
58.451,1694.0,1643.0,1
58.471,1684.0,1611.0,1
58.491,1696.0,1581.0,1
58.511,1680.0,1578.0,1
58.532,1694.0,1559.0,1
58.552,1658.0,1654.0,1
58.572,1681.0,1699.0,1
58.592,1672.0,1652.0,1
58.612,1657.0,1624.0,1
58.632,1681.0,1625.0,1
58.652,1680.0,1650.0,1
58.672,1693.0,1652.0,1
58.692,1710.0,1669.0,1
58.713,1696.0,1670.0,1
58.733,1700.0,1666.0,1
58.753,1692.0,1652.0,1
58.773,1694.0,1670.0,1
58.793,1681.0,1655.0,1
58.813,1684.0,1653.0,1
58.833,1678.0,1668.0,1
58.853,1681.0,1669.0,1
58.873,1710.0,1669.0,1
58.893,1714.0,1684.0,1
58.914,1721.0,1669.0,1
58.934,1783.0,1685.0,1
58.954,1769.0,1669.0,1
58.974,1768.0,1680.0,1
58.994,1768.0,1685.0,1
59.014,1769.0,1685.0,1
59.034,1754.0,1682.0,1
59.054,1753.0,1668.0,1
59.074,1739.0,1684.0,1
59.095,1724.0,1680.0,1
59.115,1753.0,1682.0,1
59.135,1739.0,1684.0,1
59.155,1754.0,1699.0,1
59.175,1725.0,1711.0,1
59.195,1738.0,1706.0,1
59.215,1738.0,1684.0,1
59.235,1740.0,1684.0,1
59.255,1739.0,1683.0,1
59.276,1723.0,1678.0,1
59.296,1724.0,1684.0,1
59.316,1710.0,1699.0,1
59.336,1758.0,1714.0,1
59.356,1737.0,1712.0,1
59.376,1739.0,1728.0,1
59.396,1739.0,1709.0,1
59.416,1766.0,1741.0,1
59.437,1752.0,1742.0,1
59.457,1783.0,1744.0,1
59.477,1797.0,1725.0,1
59.497,1796.0,1728.0,1
59.517,1811.0,1758.0,1
59.537,1768.0,1772.0,1
59.557,1798.0,1785.0,1
59.577,1787.0,1800.0,1
59.597,1810.0,1801.0,1
59.618,1769.0,1801.0,1
59.638,1842.0,1816.0,1
59.658,1817.0,1803.0,1
59.678,1782.0,1804.0,1
59.698,1783.0,1787.0,1
59.718,1753.0,1768.0,1
59.738,1783.0,1772.0,1
59.758,1784.0,1787.0,1
59.778,1784.0,1798.0,1
59.798,1782.0,1800.0,1
59.819,1797.0,1801.0,1
59.839,1783.0,1799.0,1
59.859,1798.0,1800.0,1
59.879,1811.0,1802.0,1
59.899,1797.0,1803.0,1
59.919,1769.0,1800.0,1
59.939,1769.0,1771.0,1
59.959,1797.0,1804.0,1
59.979,1768.0,1801.0,1
59.999,1768.0,1800.0,1
60.02,1768.0,1785.0,1
60.04,1781.0,1772.0,1
60.06,1739.0,1801.0,1
60.08,1769.0,1811.0,1
60.1,1751.0,1800.0,1
60.12,1723.0,1801.0,1
60.14,1724.0,1801.0,1
60.16,1710.0,1782.0,1
60.18,1714.0,1786.0,1
60.2,1707.0,1786.0,1
60.221,1672.0,1782.0,1
60.241,1681.0,1784.0,1
60.261,1680.0,1772.0,1
60.281,1680.0,1757.0,1
60.301,1695.0,1754.0,1
60.321,1696.0,1741.0,1
60.341,1696.0,1772.0,1
60.361,1695.0,1785.0,1
60.381,1724.0,1785.0,1
60.402,1739.0,1801.0,1
60.422,1739.0,1787.0,1
60.442,1739.0,1800.0,1
60.462,1739.0,1814.0,1
60.482,1695.0,1802.0,1
60.502,1724.0,1801.0,1
60.522,1710.0,1816.0,1
60.542,1710.0,1796.0,1
60.562,1709.0,1803.0,1
60.583,1672.0,1802.0,1
60.603,1696.0,1796.0,1
60.623,1710.0,1801.0,1
60.643,1708.0,1803.0,1
60.663,1723.0,1799.0,1
60.683,1769.0,1800.0,1
60.703,1767.0,1803.0,1
60.723,1737.0,1802.0,1
60.743,1724.0,1797.0,1
60.763,1681.0,1799.0,1
60.783,1664.0,1802.0,1
60.804,1655.0,1801.0,1
60.824,1681.0,1784.0,1
60.844,1681.0,1800.0,1
60.864,1658.0,1802.0,1
60.884,1664.0,1801.0,1
60.904,1709.0,1816.0,1
60.924,1696.0,1801.0,1
60.944,1724.0,1802.0,1
60.964,1723.0,1785.0,1
60.984,1710.0,1798.0,1
61.005,1739.0,1801.0,1
61.025,1724.0,1772.0,1
61.045,1710.0,1816.0,1
61.065,1710.0,1783.0,1
61.085,1709.0,1786.0,1
61.105,1709.0,1801.0,1
61.125,1724.0,1781.0,1
61.145,1696.0,1817.0,1
61.165,1678.0,1803.0,1
61.185,1670.0,1800.0,1
61.205,1696.0,1796.0,1
61.225,1681.0,1801.0,1
61.246,1694.0,1787.0,1
61.266,1678.0,1802.0,1
61.286,1673.0,1783.0,1
61.306,1673.0,1787.0,1
61.326,1658.0,1787.0,1
61.346,1658.0,1782.0,1
61.366,1673.0,1784.0,1
61.386,1643.0,1772.0,1
61.406,1679.0,1784.0,1
61.426,1680.0,1783.0,1
61.446,1681.0,1801.0,1
61.466,1694.0,1803.0,1
61.487,1679.0,1800.0,1
61.507,1680.0,1799.0,1
61.527,1673.0,1801.0,1
61.547,1676.0,1802.0,1
61.567,1657.0,1799.0,1
61.587,1673.0,1800.0,1
61.607,1658.0,1801.0,1
61.627,1673.0,1802.0,1
61.647,1679.0,1800.0,1
61.667,1673.0,1800.0,1
61.687,1681.0,1803.0,1
61.707,1672.0,1801.0,1
61.728,1672.0,1801.0,1
61.748,1673.0,1802.0,1
61.768,1659.0,1801.0,1
61.788,1672.0,1800.0,1
61.808,1672.0,1817.0,1
61.828,1696.0,1803.0,1
61.848,1680.0,1804.0,1
61.868,1679.0,1802.0,1
61.888,1673.0,1798.0,1
61.908,1658.0,1802.0,1
61.928,1684.0,1802.0,1
61.948,1670.0,1810.0,1
61.969,1658.0,1816.0,1
61.989,1673.0,1817.0,1
62.009,1673.0,1811.0,1
62.029,1657.0,1784.0,1
62.049,1659.0,1772.0,1
62.07,1673.0,1757.0,1
62.09,1658.0,1774.0,1
62.11,1658.0,1783.0,1
62.13,1658.0,1772.0,1
62.15,1657.0,1800.0,1
62.17,1658.0,1769.0,1
62.19,1658.0,1770.0,1
62.211,1643.0,1772.0,1
62.231,1628.0,1784.0,1
62.251,1642.0,1770.0,1
62.271,1658.0,1771.0,1
62.291,1628.0,1787.0,1
62.311,1626.0,1785.0,1
62.331,1642.0,1770.0,1
62.351,1644.0,1771.0,1
62.371,1640.0,1772.0,1
62.391,1634.0,1770.0,1
62.412,1612.0,1771.0,1
62.432,1629.0,1757.0,1
62.452,1628.0,1771.0,1
62.472,1634.0,1723.0,1
62.492,1612.0,1756.0,1
62.512,1613.0,1757.0,1
62.532,1613.0,1752.0,1
62.552,1618.0,1755.0,1
62.572,1628.0,1743.0,1
62.592,1613.0,1741.0,1
62.613,1583.0,1753.0,1
62.633,1597.0,1740.0,1
62.653,1623.0,1728.0,1
62.673,1629.0,1723.0,1
62.693,1598.0,1725.0,1
62.713,1598.0,1727.0,1
62.733,1598.0,1742.0,1
62.753,1553.0,1740.0,1
62.773,1537.0,1711.0,1
62.794,1582.0,1698.0,1
62.814,1584.0,1698.0,1
62.834,1612.0,1697.0,1
62.854,1612.0,1692.0,1
62.874,1600.0,1698.0,1
62.894,1600.0,1698.0,1
62.914,1597.0,1693.0,1
62.934,1584.0,1712.0,1
62.954,1554.0,1713.0,1
62.975,1555.0,1713.0,1
62.995,1572.0,1696.0,1
63.015,1568.0,1712.0,1
63.035,1570.0,1697.0,1
63.055,1555.0,1681.0,1
63.075,1572.0,1667.0,1
63.095,1568.0,1684.0,1
63.115,1540.0,1713.0,1
63.135,1570.0,1711.0,1
63.155,1569.0,1712.0,1
63.176,1569.0,1712.0,1
63.196,1540.0,1712.0,1
63.216,1554.0,1682.0,1
63.236,1539.0,1682.0,1
63.256,1554.0,1669.0,1
63.276,1555.0,1666.0,1
63.296,1554.0,1649.0,1
63.316,1554.0,1668.0,1
63.336,1541.0,1668.0,1
63.357,1555.0,1678.0,1
63.377,1539.0,1666.0,1
63.397,1539.0,1697.0,1
63.417,1540.0,1699.0,1
63.437,1540.0,1681.0,1
63.457,1539.0,1668.0,1
63.477,1538.0,1669.0,1
63.497,1539.0,1666.0,1
63.517,1538.0,1653.0,1
63.537,1525.0,1655.0,1
63.558,1527.0,1640.0,1
63.578,1511.0,1638.0,1
63.598,1523.0,1668.0,1
63.618,1509.0,1683.0,1
63.638,1493.0,1669.0,1
63.658,1524.0,1668.0,1
63.678,1522.0,1653.0,1
63.698,1477.0,1624.0,1
63.719,1510.0,1624.0,1
63.739,1510.0,1621.0,1
63.759,1499.0,1624.0,1
63.779,1478.0,1654.0,1
63.799,1510.0,1649.0,1
63.819,1524.0,1637.0,1
63.839,1521.0,1654.0,1
63.859,1508.0,1654.0,1
63.879,1509.0,1636.0,1
63.899,1509.0,1652.0,1
63.92,1528.0,1654.0,1
63.94,1524.0,1637.0,1
63.96,1524.0,1652.0,1
63.98,1523.0,1638.0,1
64.0,1523.0,1639.0,1
64.02,1524.0,1638.0,1
64.04,1524.0,1653.0,1
64.06,1523.0,1639.0,1
64.08,1508.0,1639.0,1
64.1,1523.0,1639.0,1
64.121,1509.0,1634.0,1
64.141,1507.0,1640.0,1
64.161,1509.0,1654.0,1
64.181,1509.0,1649.0,1
64.201,1492.0,1638.0,1
64.221,1508.0,1640.0,1
64.241,1493.0,1621.0,1
64.261,1509.0,1636.0,1
64.281,1515.0,1639.0,1
64.301,1507.0,1625.0,1
64.322,1509.0,1622.0,1
64.342,1494.0,1636.0,1
64.362,1499.0,1624.0,1
64.382,1506.0,1625.0,1
64.402,1493.0,1622.0,1
64.422,1494.0,1623.0,1
64.442,1484.0,1625.0,1
64.462,1491.0,1624.0,1
64.482,1479.0,1636.0,1
64.502,1479.0,1624.0,1
64.523,1493.0,1625.0,1
64.543,1478.0,1655.0,1
64.563,1479.0,1620.0,1
64.583,1478.0,1624.0,1
64.603,1478.0,1624.0,1
64.623,1478.0,1604.0,1
64.643,1478.0,1608.0,1
64.663,1493.0,1609.0,1
64.684,1493.0,1611.0,1
64.704,1479.0,1607.0,1
64.724,1464.0,1608.0,1
64.744,1462.0,1609.0,1
64.764,1462.0,1608.0,1
64.784,1478.0,1593.0,1
64.804,1478.0,1609.0,1
64.824,1478.0,1625.0,1
64.844,1478.0,1608.0,1
64.864,1493.0,1618.0,1
64.885,1477.0,1609.0,1
64.905,1478.0,1595.0,1
64.925,1463.0,1592.0,1
64.945,1464.0,1594.0,1
64.965,1462.0,1610.0,1
64.985,1463.0,1590.0,1
65.005,1478.0,1591.0,1
65.025,1478.0,1594.0,1
65.045,1461.0,1580.0,1
65.066,1462.0,1577.0,1
65.086,1464.0,1592.0,1
65.106,1479.0,1609.0,1
65.126,1461.0,1609.0,1
65.146,1462.0,1593.0,1
65.166,1463.0,1593.0,1
65.186,1479.0,1595.0,1
65.206,1482.0,1579.0,1
65.226,1478.0,1595.0,1
65.247,1449.0,1594.0,1
65.267,1448.0,1580.0,1
65.287,1467.0,1593.0,1
65.307,1464.0,1591.0,1
65.327,1479.0,1595.0,1
65.347,1463.0,1595.0,1
65.367,1452.0,1590.0,1
65.387,1464.0,1578.0,1
65.408,1464.0,1595.0,1
65.428,1449.0,1577.0,1
65.448,1450.0,1577.0,1
65.468,1431.0,1580.0,1
65.488,1431.0,1580.0,1
65.508,1430.0,1578.0,1
65.528,1432.0,1578.0,1
65.548,1449.0,1580.0,1
65.569,1431.0,1581.0,1
65.589,1448.0,1606.0,1
65.609,1432.0,1592.0,1
65.629,1449.0,1580.0,1
65.649,1448.0,1578.0,1
65.669,1464.0,1578.0,1
65.69,1448.0,1579.0,1
65.71,1463.0,1562.0,1
65.731,1463.0,1558.0,1
65.751,1463.0,1579.0,1
65.771,1449.0,1562.0,1
65.792,1450.0,1570.0,1
65.812,1448.0,1578.0,1
65.832,1431.0,1579.0,1
65.853,1416.0,1580.0,1
65.873,1437.0,1560.0,1
65.894,1416.0,1593.0,1
65.914,1478.0,1595.0,1
65.934,1416.0,1594.0,1
65.954,1429.0,1579.0,1
65.974,1494.0,1608.0,1
65.994,1432.0,1594.0,1
66.014,1448.0,1580.0,1
66.034,1460.0,1591.0,1
66.054,1449.0,1579.0,1
66.074,1449.0,1595.0,1
66.095,1448.0,1590.0,1
66.115,1454.0,1592.0,1
66.135,1448.0,1609.0,1
66.155,1449.0,1610.0,1
66.175,1463.0,1606.0,1
66.195,1463.0,1593.0,1
66.215,1464.0,1609.0,1
66.235,1463.0,1590.0,1
66.255,1462.0,1592.0,1
66.275,1478.0,1609.0,1
66.295,1463.0,1610.0,1
66.315,1462.0,1607.0,1
66.336,1461.0,1608.0,1
66.356,1464.0,1609.0,1
66.376,1463.0,1595.0,1
66.396,1467.0,1607.0,1
66.416,1461.0,1608.0,1
66.436,1463.0,1609.0,1
66.456,1463.0,1610.0,1
66.476,1463.0,1608.0,1
66.496,1469.0,1608.0,1
66.516,1463.0,1624.0,1
66.536,1449.0,1624.0,1
66.556,1428.0,1609.0,1
66.576,1448.0,1624.0,1
66.597,1449.0,1625.0,1
66.617,1449.0,1608.0,1
66.637,1448.0,1616.0,1
66.657,1448.0,1624.0,1
66.677,1449.0,1624.0,1
66.697,1453.0,1623.0,1
66.717,1430.0,1620.0,1
66.737,1432.0,1624.0,1
66.757,1449.0,1609.0,1
66.777,1583.0,1608.0,1
66.797,1760.0,1580.0,1
66.817,1870.0,1549.0,1
66.838,2031.0,1534.0,1
66.858,2064.0,1530.0,1
66.878,2055.0,1548.0,1
66.898,2017.0,1564.0,1
66.918,1930.0,1578.0,1
66.938,1811.0,1578.0,1
66.958,1582.0,1610.0,1
66.978,1325.0,1609.0,1
66.998,1432.0,1576.0,1
67.018,1448.0,1608.0,1
67.038,1537.0,1639.0,1
67.059,1432.0,1608.0,1
67.079,1431.0,1593.0,1
67.099,1477.0,1594.0,1
67.119,1464.0,1562.0,1
67.139,1464.0,1579.0,1
67.159,1446.0,1578.0,1
67.179,1448.0,1580.0,1
67.199,1464.0,1580.0,1
67.219,1463.0,1590.0,1
67.239,1446.0,1576.0,1
67.26,1462.0,1580.0,1
67.28,1448.0,1581.0,1
67.3,1464.0,1558.0,1
67.32,1448.0,1561.0,1
67.34,1447.0,1581.0,1
67.36,1464.0,1576.0,1
67.38,1449.0,1578.0,1
67.4,1448.0,1580.0,1
67.42,1448.0,1594.0,1
67.441,1449.0,1593.0,1
67.461,1463.0,1578.0,1
67.481,1463.0,1533.0,1
67.501,1449.0,1547.0,1
67.521,1463.0,1546.0,1
67.541,1478.0,1545.0,1
67.561,1462.0,1562.0,1
67.581,1478.0,1546.0,1
67.601,1464.0,1558.0,1
67.621,1462.0,1532.0,1
67.642,1462.0,1562.0,1
67.662,1464.0,1638.0,1
67.682,1449.0,1620.0,1
67.702,1447.0,1625.0,1
67.722,1463.0,1698.0,1
67.742,1449.0,1604.0,1
67.762,1448.0,1560.0,1
67.782,1462.0,1595.0,1
67.802,1524.0,1559.0,1
67.823,1464.0,1578.0,1
67.843,1461.0,1561.0,1
67.863,1492.0,1580.0,1
67.883,1509.0,1560.0,1
67.903,1494.0,1560.0,1
67.923,1476.0,1562.0,1
67.943,1492.0,1563.0,1
67.963,1493.0,1561.0,1
67.983,1494.0,1577.0,1
68.004,1477.0,1562.0,1
68.024,1493.0,1562.0,1
68.044,1494.0,1594.0,1
68.064,1493.0,1561.0,1
68.084,1496.0,1562.0,1
68.104,1492.0,1561.0,1
68.124,1494.0,1560.0,1
68.144,1493.0,1561.0,1
68.164,1494.0,1562.0,1
68.185,1493.0,1576.0,1
68.205,1493.0,1578.0,1
68.225,1493.0,1581.0,1
68.245,1493.0,1581.0,1
68.265,1493.0,1578.0,1
68.285,1494.0,1579.0,1
68.305,1492.0,1580.0,1
68.325,1508.0,1579.0,1
68.345,1494.0,1579.0,1
68.366,1493.0,1579.0,1
68.386,1508.0,1581.0,1
68.406,1493.0,1579.0,1
68.426,1509.0,1576.0,1
68.446,1507.0,1580.0,1
68.466,1508.0,1581.0,1
68.486,1509.0,1578.0,1
68.506,1509.0,1577.0,1
68.526,1507.0,1580.0,1
68.547,1508.0,1577.0,1
68.567,1500.0,1578.0,1
68.587,1493.0,1579.0,1
68.607,1492.0,1580.0,1
68.627,1493.0,1578.0,1
68.647,1509.0,1579.0,1
68.667,1509.0,1546.0,1
68.687,1491.0,1562.0,1
68.707,1493.0,1578.0,1
68.728,1509.0,1579.0,1
68.748,1509.0,1580.0,1
68.768,1492.0,1595.0,1
68.788,1508.0,1592.0,1
68.808,1509.0,1594.0,1
68.828,1524.0,1581.0,1
68.848,1523.0,1611.0,1
68.868,1523.0,1606.0,1
68.888,1524.0,1594.0,1
68.909,1538.0,1610.0,1
68.929,1524.0,1607.0,1
68.949,1524.0,1623.0,1
68.969,1509.0,1625.0,1
68.989,1523.0,1625.0,1
69.009,1526.0,1623.0,1
69.029,1538.0,1623.0,1
69.049,1553.0,1625.0,1
69.069,1538.0,1624.0,1
69.09,1523.0,1623.0,1
69.11,1524.0,1610.0,1
69.13,1522.0,1625.0,1
69.15,1522.0,1624.0,1
69.17,1538.0,1621.0,1
69.19,1524.0,1625.0,1
69.21,1523.0,1624.0,1
69.23,1523.0,1619.0,1
69.25,1583.0,1622.0,1
69.271,1554.0,1610.0,1
69.291,1537.0,1620.0,1
69.311,1538.0,1592.0,1
69.331,1554.0,1595.0,1
69.351,1569.0,1595.0,1
69.371,1552.0,1593.0,1
69.391,1552.0,1594.0,1
69.411,1553.0,1580.0,1
69.431,1569.0,1580.0,1
69.452,1567.0,1579.0,1
69.472,1553.0,1610.0,1
69.492,1539.0,1595.0,1
69.512,1568.0,1610.0,1
69.532,1611.0,1622.0,1
69.552,1582.0,1594.0,1
69.572,1569.0,1610.0,1
69.592,1568.0,1629.0,1
69.612,1566.0,1634.0,1
69.632,1553.0,1639.0,1
69.653,1583.0,1625.0,1
69.673,1598.0,1636.0,1
69.693,1581.0,1622.0,1
69.713,1599.0,1625.0,1
69.733,1598.0,1625.0,1
69.753,1597.0,1622.0,1
69.773,1582.0,1623.0,1
69.793,1598.0,1610.0,1
69.813,1582.0,1608.0,1
69.834,1582.0,1593.0,1
69.854,1568.0,1609.0,1
69.874,1589.0,1605.0,1
69.894,1582.0,1594.0,1
69.914,1612.0,1590.0,1
69.934,1583.0,1595.0,1
69.954,1583.0,1610.0,1
69.974,1568.0,1610.0,1
69.994,1588.0,1616.0,1
70.015,1589.0,1619.0,1
70.035,1598.0,1626.0,1
70.055,1596.0,1607.0,1
70.075,1597.0,1609.0,1
70.095,1598.0,1625.0,1
70.115,1596.0,1622.0,1
70.135,1596.0,1622.0,1
70.155,1598.0,1639.0,1
70.175,1598.0,1639.0,1
70.196,1619.0,1638.0,1
70.216,1611.0,1637.0,1
70.236,1614.0,1639.0,1
70.256,1598.0,1610.0,1
70.276,1618.0,1609.0,1
70.296,1611.0,1624.0,1
70.316,1599.0,1610.0,1
70.336,1613.0,1620.0,1
70.356,1613.0,1608.0,1
70.377,1611.0,1610.0,1
70.397,1628.0,1654.0,1
70.417,1613.0,1634.0,1
70.437,1612.0,1637.0,1
70.457,1598.0,1654.0,1
70.477,1629.0,1640.0,1
70.497,1643.0,1637.0,1
70.517,1657.0,1653.0,1
70.537,1643.0,1639.0,1
70.558,1614.0,1637.0,1
70.578,1642.0,1639.0,1
70.598,1643.0,1638.0,1
70.618,1644.0,1654.0,1
70.638,1643.0,1638.0,1
70.658,1657.0,1624.0,1
70.678,1642.0,1654.0,1
70.698,1673.0,1655.0,1
70.721,1664.0,1654.0,1
70.741,1671.0,1655.0,1
70.761,1673.0,1655.0,1
70.782,1659.0,1653.0,1
70.802,1643.0,1670.0,1
70.822,1641.0,1655.0,1
70.842,1681.0,1655.0,1
70.862,1673.0,1675.0,1
70.882,1673.0,1653.0,1
70.902,1673.0,1669.0,1
70.922,1674.0,1681.0,1
70.942,1673.0,1665.0,1
70.962,1656.0,1654.0,1
70.983,1673.0,1611.0,1
71.003,1681.0,1606.0,1
71.023,1672.0,1608.0,1
71.043,1681.0,1596.0,1
71.063,1682.0,1581.0,1
71.083,1681.0,1579.0,1
71.103,1694.0,1595.0,1
71.123,1694.0,1581.0,1
71.144,1710.0,1580.0,1
71.164,1695.0,1594.0,1
71.184,1708.0,1595.0,1
71.204,1709.0,1595.0,1
71.224,1696.0,1594.0,1
71.244,1693.0,1591.0,1
71.264,1693.0,1595.0,1
71.284,1680.0,1611.0,1
71.304,1681.0,1668.0,1
71.324,1695.0,1678.0,1
71.344,1684.0,1684.0,1
71.365,1710.0,1684.0,1
71.385,1710.0,1679.0,1
71.405,1709.0,1683.0,1
71.425,1715.0,1684.0,1
71.445,1710.0,1683.0,1
71.465,1740.0,1680.0,1
71.485,1723.0,1698.0,1
71.505,1724.0,1699.0,1
71.525,1739.0,1680.0,1
71.545,1724.0,1682.0,1
71.565,1738.0,1655.0,1
71.585,1753.0,1655.0,1
71.606,1740.0,1652.0,1
71.626,1752.0,1653.0,1
71.646,1737.0,1655.0,1
71.666,1753.0,1651.0,1
71.686,1739.0,1653.0,1
71.706,1759.0,1655.0,1
71.726,1737.0,1654.0,1
71.746,1739.0,1653.0,1
71.766,1740.0,1638.0,1
71.786,1753.0,1654.0,1
71.806,1759.0,1655.0,1
71.827,1739.0,1653.0,1
71.847,1710.0,1652.0,1
71.867,1724.0,1654.0,1
71.887,1724.0,1655.0,1
71.907,1725.0,1639.0,1
71.927,1724.0,1653.0,1
71.947,1738.0,1655.0,1
71.967,1724.0,1670.0,1
71.987,1710.0,1655.0,1
72.007,1737.0,1640.0,1
72.027,1723.0,1655.0,1
72.047,1739.0,1639.0,1
72.068,1710.0,1650.0,1
72.088,1708.0,1654.0,1
72.108,1738.0,1655.0,1
72.128,1724.0,1637.0,1
72.148,1710.0,1638.0,1
72.168,1722.0,1639.0,1
72.188,1738.0,1638.0,1
72.208,1740.0,1638.0,1
72.228,1739.0,1654.0,1
72.249,1744.0,1670.0,1
72.269,1751.0,1682.0,1
72.289,1724.0,1683.0,1
72.309,1739.0,1669.0,1
72.329,1729.0,1685.0,1
72.349,1739.0,1669.0,1
72.369,1725.0,1673.0,1
72.389,1724.0,1684.0,1
72.409,1729.0,1698.0,1
72.429,1696.0,1709.0,1
72.45,1724.0,1698.0,1
72.47,1724.0,1698.0,1
72.49,1685.0,1693.0,1
72.51,1723.0,1711.0,1
72.53,1725.0,1713.0,1
72.55,1738.0,1728.0,1
72.57,1723.0,1737.0,1
72.59,1740.0,1740.0,1
72.61,1724.0,1787.0,1
72.63,1738.0,1787.0,1
72.651,1753.0,1770.0,1
72.671,1754.0,1786.0,1
72.691,1781.0,1787.0,1
72.711,1753.0,1830.0,1
72.731,1753.0,1802.0,1
72.751,1783.0,1803.0,1
72.771,1744.0,1803.0,1
72.791,1767.0,1816.0,1
72.811,1768.0,1840.0,1
72.832,1797.0,1831.0,1
72.852,1803.0,1846.0,1
72.872,1810.0,1846.0,1
72.892,1812.0,1843.0,1
72.912,1798.0,1832.0,1
72.932,1812.0,1832.0,1
72.952,1784.0,1826.0,1
72.972,1812.0,1831.0,1
72.992,1827.0,1803.0,1
73.013,1797.0,1842.0,1
73.033,1812.0,1829.0,1
73.053,1841.0,1860.0,1
73.073,1798.0,1832.0,1
73.093,1811.0,1816.0,1
73.113,1812.0,1845.0,1
73.133,1841.0,1846.0,1
73.153,1811.0,1847.0,1
73.173,1812.0,1859.0,1
73.193,1813.0,1888.0,1
73.214,1812.0,1875.0,1
73.234,1840.0,1874.0,1
73.254,1811.0,1890.0,1
73.274,1827.0,1889.0,1
73.294,1813.0,1889.0,1
73.314,1840.0,1904.0,1
73.334,1856.0,1898.0,1
73.354,1856.0,1932.0,1
73.374,1847.0,1932.0,1
73.394,1825.0,1942.0,1
73.415,1812.0,1916.0,1
73.435,1812.0,1917.0,1
73.455,1832.0,1900.0,1
73.475,1840.0,1916.0,1
73.495,1841.0,1903.0,1
73.515,1812.0,1904.0,1
73.535,1783.0,1915.0,1
73.555,1781.0,1901.0,1
73.575,1798.0,1901.0,1
73.596,1813.0,1904.0,1
73.616,1788.0,1888.0,1
73.636,1818.0,1904.0,1
73.656,1798.0,1888.0,1
73.676,1784.0,1889.0,1
73.696,1784.0,1904.0,1
73.716,1768.0,1888.0,1
73.736,1784.0,1903.0,1
73.756,1826.0,1927.0,1
73.776,1812.0,1914.0,1
73.797,1812.0,1917.0,1
73.817,1842.0,1932.0,1
73.837,1840.0,1927.0,1
73.857,1856.0,1916.0,1
73.877,1842.0,1918.0,1
73.897,1827.0,1918.0,1
73.917,1840.0,1902.0,1
73.937,1812.0,1902.0,1
73.957,1827.0,1889.0,1
73.978,1813.0,1903.0,1
73.998,1810.0,1901.0,1
74.018,1812.0,1889.0,1
74.038,1827.0,1904.0,1
74.058,1847.0,1888.0,1
74.078,1825.0,1904.0,1
74.098,1812.0,1889.0,1
74.118,1828.0,1889.0,1
74.138,1817.0,1896.0,1
74.159,1809.0,1885.0,1
74.179,1784.0,1875.0,1
74.199,1798.0,1872.0,1
74.219,1803.0,1858.0,1
74.239,1796.0,1888.0,1
74.259,1784.0,1860.0,1
74.279,1828.0,1857.0,1
74.299,1841.0,1873.0,1
74.319,1825.0,1875.0,1
74.339,1813.0,1904.0,1
74.36,1799.0,1887.0,1
74.38,1813.0,1902.0,1
74.4,1827.0,1875.0,1
74.42,1800.0,1889.0,1
74.44,1814.0,1873.0,1
74.46,1798.0,1888.0,1
74.48,1784.0,1889.0,1
74.5,1740.0,1873.0,1
74.52,1754.0,1880.0,1
74.541,1740.0,1860.0,1
74.561,1784.0,1860.0,1
74.581,1756.0,1876.0,1
74.601,1784.0,1870.0,1
74.621,1784.0,1846.0,1
74.641,1770.0,1860.0,1
74.661,1784.0,1844.0,1
74.681,1783.0,1845.0,1
74.701,1783.0,1860.0,1
74.721,1798.0,1843.0,1
74.742,1784.0,1872.0,1
74.762,1782.0,1874.0,1
74.782,1783.0,1861.0,1
74.802,1783.0,1859.0,1
74.822,1782.0,1844.0,1
74.842,1768.0,1849.0,1
74.862,1739.0,1846.0,1
74.882,1783.0,1831.0,1
74.903,1802.0,1857.0,1
74.923,1781.0,1846.0,1
74.943,1811.0,1837.0,1
74.963,1783.0,1827.0,1
74.983,1782.0,1816.0,1
75.003,1752.0,1832.0,1
75.023,1768.0,1829.0,1
75.043,1769.0,1829.0,1
75.063,1768.0,1817.0,1
75.083,1752.0,1817.0,1
75.104,1754.0,1829.0,1
75.124,1753.0,1829.0,1
75.144,1753.0,1832.0,1
75.164,1768.0,1818.0,1
75.184,1783.0,1830.0,1
75.204,1753.0,1830.0,1
75.224,1767.0,1817.0,1
75.244,1739.0,1816.0,1
75.264,1739.0,1820.0,1
75.284,1708.0,1831.0,1
75.305,1709.0,1832.0,1
75.325,1725.0,1830.0,1
75.345,1739.0,1829.0,1
75.365,1721.0,1831.0,1
75.385,1723.0,1832.0,1
75.405,1724.0,1812.0,1
75.425,1712.0,1814.0,1
75.445,1707.0,1801.0,1
75.465,1710.0,1819.0,1
75.486,1696.0,1799.0,1
75.506,1710.0,1802.0,1
75.526,1692.0,1817.0,1
75.546,1695.0,1800.0,1
75.566,1681.0,1801.0,1
75.586,1694.0,1801.0,1
75.606,1670.0,1787.0,1
75.626,1710.0,1785.0,1
75.646,1681.0,1785.0,1
75.667,1680.0,1802.0,1
75.687,1672.0,1801.0,1
75.707,1659.0,1816.0,1
75.727,1681.0,1801.0,1
75.747,1673.0,1803.0,1
75.767,1658.0,1801.0,1
75.787,1643.0,1797.0,1
75.807,1657.0,1800.0,1
75.828,1642.0,1803.0,1
75.848,1658.0,1800.0,1
75.868,1644.0,1815.0,1
75.888,1657.0,1803.0,1
75.908,1657.0,1803.0,1
75.928,1644.0,1814.0,1
75.948,1629.0,1815.0,1
75.968,1657.0,1803.0,1
75.988,1657.0,1801.0,1
76.008,1643.0,1801.0,1
76.029,1643.0,1802.0,1
76.049,1627.0,1803.0,1
76.069,1612.0,1815.0,1
76.089,1628.0,1830.0,1
76.109,1629.0,1817.0,1
76.129,1656.0,1816.0,1
76.149,1642.0,1816.0,1
76.169,1629.0,1811.0,1
76.189,1643.0,1816.0,1
76.209,1633.0,1818.0,1
76.229,1612.0,1832.0,1
76.25,1613.0,1816.0,1
76.27,1597.0,1816.0,1
76.29,1601.0,1816.0,1
76.31,1598.0,1797.0,1
76.33,1598.0,1845.0,1
76.35,1612.0,1817.0,1
76.37,1612.0,1832.0,1
76.39,1599.0,1798.0,1
76.41,1598.0,1816.0,1
76.43,1596.0,1816.0,1
76.45,1612.0,1799.0,1
76.47,1569.0,1799.0,1
76.491,1588.0,1801.0,1
76.511,1582.0,1784.0,1
76.531,1598.0,1798.0,1
76.551,1598.0,1786.0,1
76.571,1582.0,1772.0,1
76.591,1597.0,1754.0,1
76.611,1598.0,1740.0,1
76.631,1598.0,1740.0,1
76.651,1598.0,1728.0,1
76.671,1628.0,1740.0,1
76.691,1598.0,1740.0,1
76.711,1613.0,1757.0,1
76.732,1627.0,1742.0,1
76.752,1612.0,1755.0,1
76.772,1598.0,1756.0,1
76.792,1598.0,1757.0,1
76.812,1612.0,1756.0,1
76.832,1612.0,1784.0,1
76.852,1629.0,1771.0,1
76.872,1604.0,1757.0,1
76.892,1581.0,1756.0,1
76.912,1598.0,1751.0,1
76.932,1568.0,1771.0,1
76.952,1568.0,1743.0,1
76.973,1573.0,1742.0,1
76.993,1569.0,1723.0,1
77.013,1569.0,1713.0,1
77.033,1568.0,1698.0,1
77.053,1568.0,1693.0,1
77.073,1524.0,1711.0,1
77.093,1539.0,1712.0,1
77.113,1537.0,1709.0,1
77.133,1523.0,1696.0,1
77.153,1553.0,1712.0,1
77.173,1538.0,1712.0,1
77.194,1552.0,1710.0,1
77.214,1553.0,1712.0,1
77.234,1553.0,1669.0,1
77.254,1552.0,1684.0,1
77.274,1537.0,1697.0,1
77.294,1553.0,1696.0,1
77.314,1553.0,1683.0,1
77.334,1551.0,1683.0,1
77.354,1552.0,1682.0,1
77.374,1538.0,1696.0,1
77.395,1538.0,1697.0,1
77.415,1536.0,1698.0,1
77.435,1536.0,1693.0,1
77.455,1554.0,1698.0,1
77.475,1538.0,1684.0,1
77.495,1544.0,1680.0,1
77.515,1537.0,1667.0,1
77.535,1553.0,1653.0,1
77.556,1538.0,1650.0,1
77.576,1536.0,1652.0,1
77.596,1552.0,1668.0,1
77.616,1539.0,1668.0,1
77.636,1538.0,1652.0,1
77.656,1559.0,1667.0,1
77.676,1553.0,1668.0,1
77.696,1553.0,1669.0,1
77.716,1538.0,1667.0,1
77.736,1529.0,1664.0,1
77.757,1523.0,1683.0,1
77.777,1524.0,1698.0,1
77.797,1538.0,1713.0,1
77.817,1528.0,1697.0,1
77.837,1524.0,1697.0,1
77.857,1523.0,1714.0,1
77.877,1552.0,1708.0,1
77.897,1523.0,1712.0,1
77.917,1538.0,1712.0,1
77.938,1523.0,1709.0,1
77.958,1537.0,1710.0,1
77.978,1538.0,1684.0,1
77.998,1554.0,1684.0,1
78.018,1552.0,1667.0,1
78.038,1552.0,1667.0,1
78.058,1553.0,1668.0,1
78.078,1539.0,1653.0,1
78.098,1536.0,1652.0,1
78.119,1552.0,1653.0,1
78.139,1524.0,1640.0,1
78.159,1524.0,1638.0,1
78.179,1522.0,1633.0,1
78.199,1523.0,1640.0,1
78.219,1524.0,1639.0,1
78.239,1524.0,1653.0,1
78.259,1506.0,1636.0,1
78.279,1508.0,1639.0,1
78.3,1509.0,1642.0,1
78.32,1509.0,1650.0,1
78.34,1506.0,1653.0,1
78.36,1509.0,1653.0,1
78.38,1524.0,1652.0,1
78.4,1523.0,1652.0,1
78.42,1529.0,1668.0,1
78.44,1523.0,1669.0,1
78.46,1524.0,1666.0,1
78.48,1523.0,1667.0,1
78.501,1537.0,1684.0,1
78.521,1539.0,1668.0,1
78.541,1538.0,1667.0,1
78.561,1537.0,1682.0,1
78.581,1538.0,1668.0,1
78.601,1538.0,1696.0,1
78.621,1522.0,1664.0,1
78.641,1523.0,1683.0,1
78.661,1538.0,1683.0,1
78.682,1539.0,1678.0,1
78.702,1536.0,1665.0,1
78.722,1537.0,1668.0,1
78.742,1523.0,1684.0,1
78.762,1538.0,1667.0,1
78.782,1522.0,1667.0,1
78.802,1522.0,1683.0,1
78.822,1539.0,1667.0,1
78.842,1538.0,1682.0,1
78.863,1536.0,1683.0,1
78.883,1536.0,1684.0,1
78.903,1538.0,1682.0,1
78.923,1544.0,1685.0,1
78.943,1521.0,1668.0,1
78.963,1523.0,1668.0,1
78.983,1539.0,1692.0,1
79.003,1538.0,1679.0,1
79.023,1536.0,1684.0,1
79.044,1524.0,1699.0,1
79.064,1524.0,1666.0,1
79.084,1537.0,1668.0,1
79.104,1522.0,1683.0,1
79.124,1538.0,1682.0,1
79.144,1538.0,1667.0,1
79.165,1537.0,1683.0,1
79.185,1537.0,1684.0,1
79.205,1524.0,1680.0,1
79.225,1536.0,1681.0,1
79.245,1537.0,1683.0,1
79.265,1538.0,1667.0,1
79.286,1538.0,1681.0,1
79.306,1521.0,1668.0,1
79.326,1537.0,1684.0,1
79.346,1523.0,1681.0,1
79.366,1538.0,1682.0,1
79.386,1536.0,1683.0,1
79.406,1537.0,1669.0,1
79.426,1524.0,1667.0,1
79.446,1524.0,1683.0,1
79.467,1537.0,1669.0,1
79.487,1536.0,1668.0,1
79.507,1538.0,1664.0,1
79.527,1538.0,1667.0,1
79.547,1543.0,1669.0,1
79.567,1538.0,1682.0,1
79.587,1538.0,1665.0,1
79.607,1538.0,1668.0,1
79.627,1544.0,1669.0,1
79.648,1538.0,1666.0,1
79.668,1538.0,1666.0,1
79.688,1538.0,1669.0,1
79.708,1529.0,1668.0,1
79.728,1538.0,1666.0,1
79.748,1538.0,1666.0,1
79.768,1523.0,1683.0,1
79.788,1543.0,1682.0,1
79.808,1538.0,1698.0,1
79.829,1523.0,1683.0,1
79.849,1523.0,1683.0,1
79.869,1523.0,1668.0,1
79.889,1538.0,1678.0,1
79.909,1522.0,1684.0,1
79.929,1523.0,1684.0,1
79.949,1538.0,1679.0,1
79.969,1538.0,1680.0,1
79.989,1536.0,1683.0,1
80.009,1537.0,1700.0,1
80.03,1523.0,1680.0,1
80.05,1553.0,1683.0,1
80.07,1536.0,1683.0,1
80.09,1536.0,1682.0,1
80.11,1539.0,1682.0,1
80.13,1524.0,1668.0,1
80.15,1536.0,1684.0,1
80.17,1536.0,1682.0,1
80.19,1538.0,1682.0,1
80.211,1538.0,1668.0,1
80.231,1537.0,1669.0,1
80.251,1538.0,1680.0,1
80.271,1538.0,1667.0,1
80.291,1544.0,1683.0,1
80.311,1536.0,1696.0,1
80.331,1523.0,1666.0,1
80.351,1538.0,1668.0,1
80.372,1537.0,1683.0,1
80.392,1544.0,1680.0,1
80.412,1538.0,1681.0,1
80.432,1538.0,1683.0,1
80.452,1538.0,1684.0,1
80.472,1529.0,1682.0,1
80.492,1524.0,1682.0,1
80.512,1538.0,1683.0,1
80.532,1538.0,1667.0,1
80.553,1523.0,1667.0,1
80.573,1524.0,1668.0,1
80.593,1537.0,1683.0,1
80.613,1538.0,1684.0,1
80.633,1537.0,1678.0,1
80.653,1538.0,1669.0,1
80.673,1537.0,1684.0,1
80.693,1538.0,1680.0,1
80.713,1538.0,1682.0,1
80.734,1539.0,1684.0,1
80.754,1537.0,1680.0,1
80.774,1523.0,1666.0,1
80.794,1538.0,1683.0,1
80.814,1539.0,1683.0,1
80.834,1523.0,1681.0,1
80.854,1537.0,1681.0,1
80.874,1539.0,1683.0,1
80.895,1537.0,1684.0,1
80.915,1537.0,1682.0,1
80.935,1538.0,1681.0,1
80.955,1538.0,1684.0,1
80.975,1537.0,1686.0,1
80.995,1523.0,1679.0,1
81.015,1538.0,1668.0,1
81.036,1538.0,1683.0,1
81.056,1536.0,1679.0,1
81.076,1538.0,1682.0,1
81.096,1524.0,1683.0,1
81.116,1539.0,1683.0,1
81.136,1551.0,1682.0,1
81.156,1536.0,1682.0,1
81.176,1538.0,1684.0,1
81.196,1524.0,1669.0,1
81.216,1523.0,1682.0,1
81.236,1538.0,1681.0,1
81.257,1523.0,1684.0,1
81.277,1537.0,1682.0,1
81.297,1537.0,1682.0,1
81.317,1538.0,1668.0,1
81.337,1538.0,1684.0,1
81.357,1537.0,1682.0,1
81.377,1538.0,1699.0,1
81.397,1538.0,1684.0,1
81.417,1538.0,1684.0,1
81.437,1536.0,1682.0,1
81.457,1537.0,1678.0,1
81.477,1524.0,1683.0,1
81.498,1538.0,1683.0,1
81.518,1527.0,1698.0,1
81.538,1536.0,1683.0,1
81.558,1538.0,1684.0,1
81.578,1538.0,1682.0,1
81.598,1544.0,1680.0,1
81.618,1538.0,1683.0,1
81.638,1538.0,1684.0,1
81.659,1521.0,1682.0,1
81.679,1536.0,1697.0,1
81.699,1539.0,1683.0,1
81.719,1539.0,1684.0,1
81.739,1540.0,1667.0,1
81.759,1536.0,1682.0,1
81.779,1538.0,1684.0,1
81.799,1538.0,1683.0,1
81.819,1523.0,1698.0,1
81.839,1542.0,1668.0,1
81.859,1539.0,1669.0,1
81.88,1538.0,1682.0,1
81.9,1538.0,1664.0,1
81.92,1523.0,1668.0,1
81.94,1539.0,1684.0,1
81.96,1538.0,1664.0,1
81.98,1537.0,1680.0,1
82.0,1538.0,1683.0,1
82.02,1523.0,1668.0,1
82.04,1522.0,1680.0,1
82.06,1537.0,1682.0,1
82.08,1538.0,1669.0,1
82.101,1538.0,1681.0,1
82.121,1536.0,1681.0,1
82.141,1537.0,1683.0,1
82.161,1524.0,1683.0,1
82.181,1538.0,1682.0,1
82.201,1536.0,1698.0,1
82.221,1536.0,1668.0,1
82.241,1538.0,1683.0,1
82.261,1538.0,1682.0,1
82.282,1536.0,1683.0,1
82.302,1538.0,1684.0,1
82.322,1538.0,1682.0,1
82.342,1538.0,1678.0,1
82.362,1539.0,1683.0,1
82.382,1538.0,1684.0,1
82.402,1539.0,1678.0,1
82.422,1538.0,1681.0,1
82.442,1537.0,1683.0,1
82.463,1524.0,1669.0,1
82.483,1538.0,1681.0,1
82.503,1537.0,1682.0,1
82.523,1523.0,1684.0,1
82.543,1539.0,1681.0,1
82.563,1538.0,1682.0,1
82.583,1538.0,1682.0,1
82.603,1538.0,1684.0,1
82.623,1538.0,1682.0,1
82.644,1537.0,1680.0,1
82.664,1538.0,1683.0,1
82.684,1538.0,1684.0,1
82.704,1538.0,1698.0,1
82.724,1537.0,1666.0,1
82.744,1538.0,1669.0,1
82.764,1523.0,1700.0,1
82.784,1538.0,1680.0,1
82.804,1521.0,1683.0,1
82.825,1536.0,1684.0,1
82.845,1538.0,1679.0,1
82.865,1538.0,1681.0,1
82.885,1536.0,1683.0,1
82.905,1537.0,1683.0,1
82.925,1538.0,1681.0,1
82.945,1538.0,1682.0,1
82.965,1536.0,1683.0,1
82.985,1538.0,1683.0,1
83.005,1538.0,1682.0,1
83.026,1538.0,1682.0,1
83.046,1536.0,1684.0,1
83.066,1538.0,1668.0,1
83.086,1538.0,1685.0,1
83.106,1523.0,1683.0,1
83.126,1537.0,1684.0,1
83.146,1538.0,1682.0,1
83.166,1538.0,1680.0,1
83.186,1523.0,1669.0,1
83.207,1537.0,1668.0,1
83.227,1538.0,1681.0,1
83.247,1538.0,1682.0,1
83.267,1523.0,1683.0,1
83.287,1538.0,1680.0,1
83.307,1538.0,1681.0,1
83.327,1522.0,1682.0,1
83.347,1537.0,1684.0,1
83.367,1538.0,1682.0,1
83.388,1538.0,1667.0,1
83.408,1537.0,1668.0,1
83.428,1537.0,1683.0,1
83.448,1538.0,1682.0,1
83.468,1539.0,1678.0,1
83.488,1536.0,1669.0,1
83.508,1537.0,1684.0,1
83.528,1524.0,1664.0,1
83.548,1538.0,1682.0,1
83.569,1521.0,1669.0,1
83.589,1522.0,1698.0,1
83.609,1538.0,1681.0,1
83.629,1542.0,1683.0,1
83.649,1536.0,1684.0,1
83.669,1538.0,1666.0,1
83.689,1539.0,1681.0,1
83.709,1538.0,1683.0,1
83.729,1536.0,1684.0,1
83.749,1538.0,1667.0,1
83.77,1537.0,1683.0,1
83.79,1536.0,1668.0,1
83.81,1537.0,1699.0,1
83.83,1538.0,1680.0,1
83.85,1538.0,1684.0,1
83.87,1544.0,1668.0,1
83.891,1537.0,1681.0,1
83.911,1523.0,1682.0,1
83.931,1544.0,1683.0,1
83.951,1521.0,1684.0,1
83.971,1537.0,1682.0,1
83.991,1538.0,1682.0,1
84.011,1524.0,1684.0,1
84.031,1536.0,1683.0,1
84.052,1538.0,1682.0,1
84.072,1538.0,1683.0,1
84.092,1537.0,1684.0,1
84.112,1536.0,1699.0,1
84.132,1538.0,1680.0,1
84.152,1538.0,1683.0,1
84.172,1538.0,1684.0,1
84.192,1527.0,1678.0,1
84.212,1524.0,1681.0,1
84.233,1538.0,1668.0,1
84.253,1537.0,1680.0,1
84.273,1538.0,1666.0,1
84.293,1538.0,1683.0,1
84.313,1523.0,1683.0,1
84.333,1538.0,1682.0,1
84.353,1538.0,1688.0,1
84.373,1539.0,1683.0,1
84.394,1537.0,1684.0,1
84.414,1536.0,1682.0,1
84.434,1524.0,1681.0,1
84.454,1538.0,1683.0,1
84.474,1522.0,1683.0,1
84.494,1537.0,1664.0,1
84.514,1539.0,1683.0,1
84.534,1538.0,1683.0,1
84.554,1537.0,1679.0,1
84.575,1538.0,1680.0,1
84.595,1538.0,1683.0,1
84.615,1529.0,1669.0,1
84.635,1536.0,1680.0,1
84.655,1524.0,1681.0,1
84.675,1538.0,1669.0,1
84.695,1544.0,1684.0,1
84.715,1537.0,1682.0,1
84.735,1523.0,1682.0,1
84.755,1538.0,1683.0,1
84.776,1544.0,1668.0,1
84.796,1536.0,1682.0,1
84.816,1538.0,1682.0,1
84.836,1554.0,1684.0,1
84.856,1543.0,1688.0,1
84.876,1536.0,1678.0,1
84.896,1538.0,1668.0,1
84.916,1538.0,1684.0,1
84.936,1539.0,1664.0,1
84.957,1538.0,1681.0,1
84.977,1539.0,1683.0,1
84.997,1538.0,1682.0,1
85.017,1541.0,1682.0,1
85.037,1538.0,1668.0,1
85.057,1538.0,1669.0,1
85.077,1537.0,1667.0,1
85.097,1537.0,1667.0,1
85.118,1538.0,1683.0,1
85.138,1538.0,1668.0,1
85.158,1537.0,1682.0,1
85.178,1538.0,1678.0,1
85.198,1539.0,1683.0,1
85.218,1538.0,1680.0,1
85.238,1537.0,1698.0,1
85.258,1537.0,1683.0,1
85.278,1538.0,1683.0,1
85.298,1537.0,1699.0,1
85.319,1537.0,1680.0,1
85.339,1538.0,1683.0,1
85.359,1524.0,1684.0,1
85.379,1536.0,1681.0,1
85.399,1537.0,1681.0,1
85.419,1538.0,1683.0,1
85.439,1539.0,1684.0,1
85.459,1543.0,1681.0,1
85.479,1537.0,1682.0,1
85.5,1538.0,1683.0,1
85.52,1538.0,1668.0,1
85.54,1537.0,1697.0,1
85.56,1537.0,1683.0,1
85.58,1539.0,1684.0,1
85.6,1539.0,1699.0,1
85.62,1537.0,1680.0,1
85.64,1538.0,1683.0,1
85.66,1536.0,1683.0,1
85.681,1538.0,1678.0,1
85.701,1526.0,1666.0,1
85.721,1538.0,1668.0,1
85.741,1539.0,1680.0,1
85.761,1538.0,1680.0,1
85.781,1523.0,1683.0,1
85.801,1539.0,1684.0,1
85.821,1538.0,1666.0,1
85.841,1538.0,1682.0,1
85.862,1537.0,1684.0,1
85.882,1538.0,1684.0,1
85.902,1538.0,1682.0,1
85.922,1538.0,1679.0,1
85.942,1523.0,1683.0,1
85.962,1538.0,1681.0,1
85.982,1538.0,1683.0,1
86.003,1538.0,1667.0,1
86.023,1538.0,1684.0,1
86.043,1524.0,1680.0,1
86.063,1537.0,1681.0,1
86.083,1523.0,1668.0,1
86.103,1531.0,1684.0,1
86.123,1538.0,1682.0,1
86.143,1538.0,1698.0,1
86.164,1544.0,1683.0,1
86.184,1524.0,1683.0,1
86.204,1539.0,1697.0,1
86.224,1522.0,1682.0,1
86.244,1538.0,1684.0,1
86.264,1538.0,1683.0,1
86.284,1552.0,1678.0,1
86.304,1537.0,1684.0,1
86.324,1538.0,1684.0,1
86.345,1538.0,1698.0,1
86.365,1536.0,1666.0,1
86.385,1537.0,1683.0,1
86.405,1539.0,1668.0,1
86.425,1524.0,1681.0,1
86.445,1544.0,1681.0,1
86.465,1536.0,1684.0,1
86.485,1538.0,1680.0,1
86.505,1539.0,1681.0,1
86.525,1544.0,1669.0,1
86.545,1536.0,1683.0,1
86.566,1538.0,1682.0,1
86.586,1524.0,1682.0,1
86.606,1538.0,1684.0,1
86.626,1538.0,1683.0,1
86.646,1538.0,1682.0,1
86.666,1537.0,1698.0,1
86.686,1538.0,1683.0,1
86.706,1537.0,1684.0,1
86.726,1538.0,1682.0,1
86.746,1536.0,1682.0,1
86.766,1537.0,1683.0,1
86.787,1524.0,1683.0,1
86.807,1539.0,1698.0,1
86.827,1536.0,1683.0,1
86.847,1521.0,1669.0,1
86.867,1539.0,1683.0,1
86.887,1538.0,1680.0,1
86.907,1543.0,1684.0,1
86.927,1536.0,1683.0,1
86.947,1539.0,1678.0,1
86.967,1538.0,1680.0,1
86.987,1538.0,1669.0,1
87.007,1538.0,1699.0,1
87.028,1524.0,1680.0,1
87.048,1538.0,1668.0,1
87.068,1538.0,1683.0,1
87.088,1537.0,1668.0,1
87.108,1524.0,1681.0,1
87.128,1538.0,1669.0,1
87.148,1538.0,1684.0,1
87.168,1537.0,1682.0,1
87.188,1538.0,1697.0,1
87.208,1537.0,1683.0,1
87.229,1536.0,1679.0,1
87.249,1539.0,1682.0,1
87.269,1524.0,1682.0,1
87.289,1537.0,1683.0,1
87.309,1537.0,1683.0,1
87.329,1538.0,1678.0,1
87.349,1522.0,1682.0,1
87.369,1536.0,1684.0,1
87.389,1537.0,1679.0,1
87.41,1524.0,1665.0,1
87.43,1543.0,1669.0,1
87.45,1536.0,1684.0,1
87.47,1538.0,1681.0,1
87.49,1538.0,1682.0,1
87.51,1538.0,1668.0,1
87.53,1536.0,1681.0,1
87.55,1538.0,1681.0,1
87.57,1539.0,1683.0,1
87.59,1538.0,1684.0,1
87.611,1534.0,1682.0,1
87.631,1538.0,1690.0,1
87.651,1538.0,1669.0,1
87.671,1537.0,1684.0,1
87.691,1538.0,1664.0,1
87.711,1538.0,1681.0,1
87.732,1523.0,1683.0,1
87.752,1536.0,1682.0,1
87.772,1538.0,1665.0,1
87.792,1538.0,1683.0,1
87.812,1538.0,1684.0,1
87.832,1543.0,1667.0,1
87.852,1523.0,1682.0,1
87.872,1539.0,1668.0,1
87.892,1538.0,1684.0,1
87.912,1538.0,1682.0,1
87.933,1523.0,1694.0,1
87.953,1538.0,1683.0,1
87.973,1537.0,1684.0,1
87.993,1538.0,1685.0,1
88.013,1524.0,1682.0,1
88.033,1538.0,1683.0,1
88.053,1538.0,1678.0,1
88.073,1537.0,1681.0,1
88.094,1524.0,1683.0,1
88.114,1523.0,1668.0,1
88.134,1537.0,1680.0,1
88.154,1537.0,1682.0,1
88.174,1538.0,1684.0,1
88.194,1522.0,1669.0,1
88.214,1537.0,1682.0,1
88.234,1524.0,1681.0,1
88.254,1538.0,1668.0,1
88.275,1536.0,1667.0,1
88.295,1537.0,1682.0,1
88.315,1538.0,1668.0,1
88.335,1542.0,1668.0,1
88.355,1537.0,1683.0,1
88.375,1538.0,1681.0,1
88.395,1553.0,1669.0,1
88.415,1544.0,1669.0,1
88.435,1537.0,1680.0,1
88.456,1524.0,1681.0,1
88.476,1538.0,1684.0,1
88.496,1523.0,1665.0,1
88.516,1536.0,1681.0,1
88.536,1524.0,1683.0,1
88.556,1538.0,1684.0,1
88.576,1538.0,1682.0,1
88.596,1536.0,1682.0,1
88.616,1538.0,1683.0,1
88.637,1524.0,1683.0,1
88.657,1523.0,1682.0,1
88.677,1538.0,1687.0,1
88.697,1538.0,1668.0,1
88.717,1538.0,1683.0,1
88.737,1538.0,1680.0,1
88.757,1538.0,1682.0,1
88.777,1538.0,1683.0,1
88.797,1538.0,1697.0,1
88.818,1538.0,1680.0,1
88.838,1538.0,1684.0,1
88.858,1538.0,1683.0,1
88.878,1552.0,1665.0,1
88.898,1537.0,1681.0,1
88.918,1538.0,1669.0,1
88.938,1538.0,1669.0,1
88.958,1537.0,1681.0,1
88.978,1537.0,1682.0,1
88.999,1538.0,1684.0,1
89.019,1543.0,1682.0,1
89.039,1537.0,1682.0,1
89.059,1538.0,1683.0,1
89.079,1538.0,1684.0,1
89.099,1543.0,1682.0,1
89.119,1522.0,1681.0,1
89.139,1538.0,1684.0,1
89.159,1538.0,1668.0,1
89.179,1538.0,1697.0,1
89.199,1541.0,1680.0,1
89.22,1524.0,1683.0,1
89.24,1538.0,1668.0,1
89.26,1544.0,1680.0,1
89.28,1536.0,1682.0,1
89.3,1538.0,1684.0,1
89.32,1538.0,1667.0,1
89.34,1536.0,1691.0,1
89.361,1538.0,1684.0,1
89.381,1538.0,1684.0,1
89.401,1538.0,1697.0,1
89.421,1521.0,1680.0,1
89.441,1538.0,1684.0,1
89.461,1538.0,1684.0,1
89.481,1538.0,1678.0,1
89.501,1527.0,1668.0,1
89.522,1538.0,1684.0,1
89.542,1538.0,1664.0,1
89.562,1538.0,1680.0,1
89.582,1537.0,1684.0,1
89.602,1538.0,1685.0,1
89.622,1538.0,1666.0,1
89.642,1537.0,1687.0,1
89.662,1538.0,1683.0,1
89.683,1538.0,1683.0,1
89.703,1538.0,1682.0,1
89.723,1523.0,1682.0,1
89.743,1538.0,1684.0,1
89.763,1538.0,1683.0,1
89.783,1538.0,1680.0,1
89.803,1523.0,1668.0,1
89.823,1538.0,1684.0,1
89.844,1538.0,1680.0,1
89.864,1538.0,1666.0,1
89.884,1538.0,1669.0,1
89.904,1539.0,1683.0,1
89.924,1538.0,1681.0,1
89.944,1537.0,1681.0,1
89.964,1537.0,1684.0,1
